<?xml version="1.0" encoding="ISO-8859-1" standalone="yes"?>
<nite:root nite:id="Bmr005.A.words" xmlns:nite="http://nite.sourceforge.net/">
   <w nite:id="Bmr005.w.95" starttime="22.454" endtime="22.684" c="W">Sounds</w>
   <w nite:id="Bmr005.w.96" starttime="22.684" endtime="22.794" c="W">like</w>
   <w nite:id="Bmr005.w.97" starttime="22.794" endtime="22.984" c="W">an</w>
   <w nite:id="Bmr005.w.98" starttime="22.984" endtime="23.764" c="W">initialization</w>
   <w nite:id="Bmr005.w.99" starttime="23.764" endtime="23.944" c="W">thing</w>
   <w nite:id="Bmr005.w.100" starttime="23.944" endtime="23.944" c=".">.</w>
   <w nite:id="Bmr005.w.518" starttime="205.622" endtime="206.022" c="W">Tran</w>
   <w nite:id="Bmr005.w.519" starttime="" endtime="" c="SYM">-</w>
   <w nite:id="Bmr005.w.527" starttime="206.532" endtime="206.702" c="W">Oh</w>
   <w nite:id="Bmr005.w.528" starttime="206.992" endtime="207.272" c="W">sorry</w>
   <w nite:id="Bmr005.w.529" starttime="207.272" endtime="207.272" c="CM">,</w>
   <w nite:id="Bmr005.w.530" starttime="207.392" endtime="207.482" c="W">go</w>
   <w nite:id="Bmr005.w.531" starttime="207.482" endtime="207.662" c="W">ahead</w>
   <w nite:id="Bmr005.w.532" starttime="207.662" endtime="207.662" c=".">.</w>
   <w nite:id="Bmr005.w.533" starttime="" endtime="" c="W">Transcript</w>
   <w nite:id="Bmr005.w.534" starttime="" endtime="" c="W">one</w>
   <w nite:id="Bmr005.w.535" starttime="" endtime="" c="W">two</w>
   <w nite:id="Bmr005.w.536" starttime="" endtime="" c="W">three</w>
   <w nite:id="Bmr005.w.537" starttime="" endtime="" c="W">one</w>
   <w nite:id="Bmr005.w.538" starttime="" endtime="" c="W">dash</w>
   <w nite:id="Bmr005.w.539" starttime="" endtime="" c="W">one</w>
   <w nite:id="Bmr005.w.540" starttime="" endtime="" c="W">two</w>
   <w nite:id="Bmr005.w.541" starttime="" endtime="" c="W">five</w>
   <w nite:id="Bmr005.w.542" starttime="" endtime="" c="W">zero</w>
   <w nite:id="Bmr005.w.543" starttime="" endtime="" c=".">.</w>
   <comment nite:id="Bmr005.comment.87" starttime="" endtime="" description="Digits"/>
   <w nite:id="Bmr005.w.544" starttime="" endtime="" c="LET">O</w>
   <comment nite:id="Bmr005.comment.88" starttime="" endtime="" description="Digits"/>
   <w nite:id="Bmr005.w.545" starttime="" endtime="" c="W">zero</w>
   <comment nite:id="Bmr005.comment.89" starttime="" endtime="" description="Digits"/>
   <w nite:id="Bmr005.w.546" starttime="" endtime="" c="W">one</w>
   <w nite:id="Bmr005.w.547" starttime="" endtime="" c="W">zero</w>
   <w nite:id="Bmr005.w.548" starttime="" endtime="" c="W">zero</w>
   <w nite:id="Bmr005.w.549" starttime="" endtime="" c="W">zero</w>
   <w nite:id="Bmr005.w.550" starttime="" endtime="" c="W">one</w>
   <comment nite:id="Bmr005.comment.90" starttime="" endtime="" description="Digits"/>
   <w nite:id="Bmr005.w.551" starttime="" endtime="" c="W">three</w>
   <w nite:id="Bmr005.w.552" starttime="" endtime="" c="W">two</w>
   <w nite:id="Bmr005.w.553" starttime="" endtime="" c="W">four</w>
   <w nite:id="Bmr005.w.554" starttime="" endtime="" c="CM">,</w>
   <w nite:id="Bmr005.w.555" starttime="" endtime="" c="W">four</w>
   <w nite:id="Bmr005.w.556" starttime="" endtime="" c="W">five</w>
   <w nite:id="Bmr005.w.557" starttime="" endtime="" c="W">three</w>
   <w nite:id="Bmr005.w.558" starttime="" endtime="" c="W">six</w>
   <comment nite:id="Bmr005.comment.91" starttime="" endtime="" description="Digits"/>
   <w nite:id="Bmr005.w.559" starttime="" endtime="" c="W">four</w>
   <w nite:id="Bmr005.w.560" starttime="" endtime="" c="W">five</w>
   <comment nite:id="Bmr005.comment.92" starttime="" endtime="" description="Digits"/>
   <w nite:id="Bmr005.w.561" starttime="" endtime="" c="W">five</w>
   <w nite:id="Bmr005.w.562" starttime="" endtime="" c="W">six</w>
   <w nite:id="Bmr005.w.563" starttime="" endtime="" c="W">eight</w>
   <w nite:id="Bmr005.w.564" starttime="" endtime="" c="LET">O</w>
   <comment nite:id="Bmr005.comment.93" starttime="" endtime="" description="Digits"/>
   <w nite:id="Bmr005.w.565" starttime="" endtime="" c="W">six</w>
   <comment nite:id="Bmr005.comment.94" starttime="" endtime="" description="Digits"/>
   <w nite:id="Bmr005.w.566" starttime="" endtime="" c="W">seven</w>
   <comment nite:id="Bmr005.comment.95" starttime="" endtime="" description="Digits"/>
   <w nite:id="Bmr005.w.567" starttime="" endtime="" c="W">eight</w>
   <comment nite:id="Bmr005.comment.96" starttime="" endtime="" description="Digits"/>
   <w nite:id="Bmr005.w.568" starttime="" endtime="" c="W">nine</w>
   <w nite:id="Bmr005.w.569" starttime="" endtime="" c="W">zero</w>
   <w nite:id="Bmr005.w.570" starttime="" endtime="" c="W">five</w>
   <w nite:id="Bmr005.w.571" starttime="" endtime="" c="W">zero</w>
   <w nite:id="Bmr005.w.572" starttime="" endtime="" c="W">two</w>
   <w nite:id="Bmr005.w.573" starttime="" endtime="" c="W">nine</w>
   <w nite:id="Bmr005.w.574" starttime="" endtime="" c="W">one</w>
   <comment nite:id="Bmr005.comment.97" starttime="" endtime="" description="Digits"/>
   <w nite:id="Bmr005.w.575" starttime="" endtime="" c="W">zero</w>
   <w nite:id="Bmr005.w.576" starttime="" endtime="" c="W">three</w>
   <w nite:id="Bmr005.w.577" starttime="" endtime="" c="W">seven</w>
   <w nite:id="Bmr005.w.578" starttime="" endtime="" c="W">zero</w>
   <comment nite:id="Bmr005.comment.98" starttime="" endtime="" description="Digits"/>
   <w nite:id="Bmr005.w.579" starttime="" endtime="" c="W">one</w>
   <w nite:id="Bmr005.w.580" starttime="" endtime="" c="W">six</w>
   <w nite:id="Bmr005.w.581" starttime="" endtime="" c="W">five</w>
   <w nite:id="Bmr005.w.582" starttime="" endtime="" c="W">nine</w>
   <w nite:id="Bmr005.w.583" starttime="" endtime="" c="W">nine</w>
   <comment nite:id="Bmr005.comment.99" starttime="" endtime="" description="Digits"/>
   <w nite:id="Bmr005.w.584" starttime="" endtime="" c="W">two</w>
   <w nite:id="Bmr005.w.585" starttime="" endtime="" c="W">nine</w>
   <w nite:id="Bmr005.w.586" starttime="" endtime="" c="W">eight</w>
   <w nite:id="Bmr005.w.587" starttime="" endtime="" c="CM">,</w>
   <w nite:id="Bmr005.w.588" starttime="" endtime="" c="W">one</w>
   <w nite:id="Bmr005.w.589" starttime="" endtime="" c="W">one</w>
   <w nite:id="Bmr005.w.590" starttime="" endtime="" c="W">two</w>
   <w nite:id="Bmr005.w.591" starttime="" endtime="" c="W">seven</w>
   <comment nite:id="Bmr005.comment.100" starttime="" endtime="" description="Digits"/>
   <w nite:id="Bmr005.w.592" starttime="" endtime="" c="W">three</w>
   <w nite:id="Bmr005.w.593" starttime="" endtime="" c="W">six</w>
   <comment nite:id="Bmr005.comment.101" starttime="" endtime="" description="Digits"/>
   <w nite:id="Bmr005.w.594" starttime="" endtime="" c="W">four</w>
   <comment nite:id="Bmr005.comment.102" starttime="" endtime="" description="Digits"/>
   <w nite:id="Bmr005.w.595" starttime="" endtime="" c="W">five</w>
   <comment nite:id="Bmr005.comment.103" starttime="" endtime="" description="Digits"/>
   <w nite:id="Bmr005.w.596" starttime="" endtime="" c="W">six</w>
   <w nite:id="Bmr005.w.597" starttime="" endtime="" c="W">zero</w>
   <w nite:id="Bmr005.w.598" starttime="" endtime="" c="W">five</w>
   <w nite:id="Bmr005.w.599" starttime="" endtime="" c="W">seven</w>
   <w nite:id="Bmr005.w.600" starttime="" endtime="" c="W">seven</w>
   <w nite:id="Bmr005.w.601" starttime="" endtime="" c="W">eight</w>
   <w nite:id="Bmr005.w.602" starttime="" endtime="" c="W">zero</w>
   <comment nite:id="Bmr005.comment.104" starttime="" endtime="" description="Digits"/>
   <w nite:id="Bmr005.w.603" starttime="" endtime="" c="W">eight</w>
   <w nite:id="Bmr005.w.604" starttime="" endtime="" c="W">one</w>
   <w nite:id="Bmr005.w.605" starttime="" endtime="" c="W">three</w>
   <w nite:id="Bmr005.w.606" starttime="" endtime="" c="W">six</w>
   <w nite:id="Bmr005.w.607" starttime="" endtime="" c="W">two</w>
   <comment nite:id="Bmr005.comment.105" starttime="" endtime="" description="Digits"/>
   <w nite:id="Bmr005.w.608" starttime="" endtime="" c="W">nine</w>
   <w nite:id="Bmr005.w.609" starttime="" endtime="" c="W">two</w>
   <w nite:id="Bmr005.w.610" starttime="" endtime="" c="W">one</w>
   <comment nite:id="Bmr005.comment.106" starttime="" endtime="" description="Digits"/>
   <w nite:id="Bmr005.w.611" starttime="" endtime="" c="LET">O</w>
   <w nite:id="Bmr005.w.612" starttime="" endtime="" c="W">eight</w>
   <w nite:id="Bmr005.w.613" starttime="" endtime="" c="W">four</w>
   <w nite:id="Bmr005.w.614" starttime="" endtime="" c="W">one</w>
   <w nite:id="Bmr005.w.615" starttime="" endtime="" c="LET">O</w>
   <w nite:id="Bmr005.w.616" starttime="" endtime="" c="W">five</w>
   <w nite:id="Bmr005.w.617" starttime="" endtime="" c="W">seven</w>
   <comment nite:id="Bmr005.comment.107" starttime="" endtime="" description="Digits"/>
   <vocalsound nite:id="Bmr005.vocalsound.14" starttime="" endtime="" description="laugh"/>
   <vocalsound nite:id="Bmr005.vocalsound.64" starttime="" endtime="" description="laugh"/>
   <vocalsound nite:id="Bmr005.vocalsound.76" starttime="" endtime="" description="laugh"/>
   <vocalsound nite:id="Bmr005.vocalsound.83" starttime="" endtime="" description="laugh"/>
   <w nite:id="Bmr005.w.4,466" starttime="1191.0" endtime="1191.7" c="W">Nonspeech</w>
   <w nite:id="Bmr005.w.4,467" starttime="1191.7" endtime="1192.03" c="W">sounds</w>
   <w nite:id="Bmr005.w.4,468" starttime="1192.03" endtime="1192.03" c=".">?</w>
   <w nite:id="Bmr005.w.4,614" starttime="1239.79" endtime="1239.85" c="W">You</w>
   <w nite:id="Bmr005.w.4,615" starttime="1239.85" endtime="1239.97" c="W">know</w>
   <disfmarker nite:id="Bmr005.disfmarker.207" starttime="" endtime=""/>
   <w nite:id="Bmr005.w.4,619" starttime="1240.93" endtime="1241.07" c="W">I</w>
   <w nite:id="Bmr005.w.4,620" starttime="1241.07" endtime="1241.34" c="W">think</w>
   <w nite:id="Bmr005.w.4,621" starttime="1241.34" endtime="1241.6" c="W">some</w>
   <w nite:id="Bmr005.w.4,622" starttime="1241.6" endtime="1241.71" c="W">of</w>
   <w nite:id="Bmr005.w.4,623" starttime="1241.71" endtime="1242.13" c="W">these</w>
   <w nite:id="Bmr005.w.4,624" starttime="1242.43" endtime="1242.99" c="W">um</w>
   <w nite:id="Bmr005.w.4,625" starttime="1242.99" endtime="1243.13" c="W">that</w>
   <w nite:id="Bmr005.w.4,626" starttime="1243.13" endtime="1243.22" c="W">are</w>
   <w nite:id="Bmr005.w.4,627" starttime="1243.22" endtime="1243.34" c="W">the</w>
   <w nite:id="Bmr005.w.4,628" starttime="1243.34" endtime="1244.74" c="W">nonspeech</w>
   <w nite:id="Bmr005.w.4,629" starttime="1244.95" endtime="1245.57" c="W">overlapping</w>
   <w nite:id="Bmr005.w.4,630" starttime="1245.57" endtime="1245.98" c="W">events</w>
   <w nite:id="Bmr005.w.4,633" starttime="1246.73" endtime="1247.05" c="W">may</w>
   <w nite:id="Bmr005.w.4,634" starttime="1247.05" endtime="1247.3" c="W">be</w>
   <w nite:id="Bmr005.w.4,635" starttime="1247.3" endtime="1247.73" c="W">difficult</w>
   <w nite:id="Bmr005.w.4,636" starttime="1247.73" endtime="1247.94" c="W">even</w>
   <w nite:id="Bmr005.w.4,637" starttime="1247.94" endtime="1248.07" c="W">for</w>
   <w nite:id="Bmr005.w.4,638" starttime="1248.07" endtime="1248.58" c="W">humans</w>
   <w nite:id="Bmr005.w.4,639" starttime="1248.58" endtime="1248.69" c="W">to</w>
   <w nite:id="Bmr005.w.4,640" starttime="1248.69" endtime="1249.02" c="W">tell</w>
   <w nite:id="Bmr005.w.4,641" starttime="1249.02" endtime="1249.14" c="W">that</w>
   <w nite:id="Bmr005.w.4,642" starttime="1249.14" endtime="" c="W">there</w>
   <w nite:id="Bmr005.w.4,643" starttime="" endtime="1249.6" c="APOSS">'s</w>
   <w nite:id="Bmr005.w.4,644" starttime="1249.67" endtime="1250.09" c="W">two</w>
   <w nite:id="Bmr005.w.4,645" starttime="1250.36" endtime="1250.71" c="W">there</w>
   <w nite:id="Bmr005.w.4,646" starttime="1250.71" endtime="1250.71" c=".">.</w>
   <w nite:id="Bmr005.w.4,649" starttime="1251.05" endtime="1251.08" c="W">I</w>
   <w nite:id="Bmr005.w.4,650" starttime="1251.08" endtime="1251.17" c="W">mean</w>
   <w nite:id="Bmr005.w.4,651" starttime="1251.17" endtime="1251.17" c="CM">,</w>
   <w nite:id="Bmr005.w.4,652" starttime="1251.17" endtime="1251.27" c="W">if</w>
   <w nite:id="Bmr005.w.4,653" starttime="1251.27" endtime="" c="W">it</w>
   <w nite:id="Bmr005.w.4,654" starttime="" endtime="1251.36" c="APOSS">'s</w>
   <w nite:id="Bmr005.w.4,655" starttime="1251.36" endtime="1251.39" c="W">a</w>
   <w nite:id="Bmr005.w.4,656" starttime="1251.39" endtime="1251.85" c="W">tapping</w>
   <w nite:id="Bmr005.w.4,657" starttime="1251.85" endtime="1252.23" c="W">sound</w>
   <w nite:id="Bmr005.w.4,658" starttime="1252.23" endtime="1252.23" c="CM">,</w>
   <w nite:id="Bmr005.w.4,659" starttime="1252.39" endtime="1252.52" c="W">you</w>
   <w nite:id="Bmr005.w.4,660" starttime="1252.52" endtime="1252.81" c="W">wouldn't</w>
   <w nite:id="Bmr005.w.4,661" starttime="1252.81" endtime="1253.31" c="W">necessarily</w>
   <disfmarker nite:id="Bmr005.disfmarker.209" starttime="" endtime=""/>
   <w nite:id="Bmr005.w.4,662" starttime="1253.31" endtime="1253.54" c="W">or</w>
   <w nite:id="Bmr005.w.4,663" starttime="1253.54" endtime="1253.54" c="CM">,</w>
   <w nite:id="Bmr005.w.4,664" starttime="1253.87" endtime="1253.96" c="W">you</w>
   <w nite:id="Bmr005.w.4,665" starttime="1253.96" endtime="1254.12" c="W">know</w>
   <w nite:id="Bmr005.w.4,666" starttime="1254.12" endtime="1254.12" c="CM">,</w>
   <w nite:id="Bmr005.w.4,667" starttime="1254.12" endtime="1254.42" c="W">something</w>
   <w nite:id="Bmr005.w.4,668" starttime="1254.42" endtime="1254.61" c="W">like</w>
   <w nite:id="Bmr005.w.4,669" starttime="1254.61" endtime="1254.87" c="W">that</w>
   <w nite:id="Bmr005.w.4,670" starttime="1254.87" endtime="1254.87" c="CM">,</w>
   <w nite:id="Bmr005.w.4,671" starttime="1254.87" endtime="" c="W">it</w>
   <w nite:id="Bmr005.w.4,672" starttime="" endtime="1255.01" c="W">'d</w>
   <w nite:id="Bmr005.w.4,673" starttime="1255.01" endtime="1255.14" c="W">be</w>
   <disfmarker nite:id="Bmr005.disfmarker.210" starttime="" endtime=""/>
   <w nite:id="Bmr005.w.4,674" starttime="1255.14" endtime="1255.2" c="W">it</w>
   <w nite:id="Bmr005.w.4,675" starttime="1255.2" endtime="1255.4" c="W">might</w>
   <w nite:id="Bmr005.w.4,676" starttime="1255.4" endtime="1255.51" c="W">be</w>
   <w nite:id="Bmr005.w.4,677" starttime="1255.51" endtime="1255.78" c="W">hard</w>
   <w nite:id="Bmr005.w.4,678" starttime="1255.78" endtime="1255.85" c="W">to</w>
   <w nite:id="Bmr005.w.4,679" starttime="1255.85" endtime="1256.11" c="W">know</w>
   <w nite:id="Bmr005.w.4,680" starttime="1256.11" endtime="1256.27" c="W">that</w>
   <w nite:id="Bmr005.w.4,681" starttime="1256.27" endtime="1256.36" c="W">it</w>
   <w nite:id="Bmr005.w.4,682" starttime="1256.36" endtime="1256.67" c="W">was</w>
   <w nite:id="Bmr005.w.4,683" starttime="1257.11" endtime="1257.56" c="W">two</w>
   <w nite:id="Bmr005.w.4,684" starttime="1257.79" endtime="1258.1" c="W">separate</w>
   <w nite:id="Bmr005.w.4,685" starttime="1258.1" endtime="1258.52" c="W">events</w>
   <w nite:id="Bmr005.w.4,686" starttime="1258.52" endtime="1258.52" c=".">.</w>
   <w nite:id="Bmr005.w.4,754" starttime="1267.83" endtime="1268.19" c="W">Oh</w>
   <w nite:id="Bmr005.w.4,755" starttime="1268.19" endtime="1268.19" c=".">.</w>
   <w nite:id="Bmr005.w.4,828" starttime="1294.66" endtime="1294.86" c="W">Three</w>
   <w nite:id="Bmr005.w.4,829" starttime="1294.87" endtime="1295.33" c="W">hundred</w>
   <w nite:id="Bmr005.w.4,830" starttime="1295.47" endtime="1296.09" c="W">overlapping</w>
   <w nite:id="Bmr005.w.4,831" starttime="1296.1" endtime="1296.57" c="W">speech</w>
   <disfmarker nite:id="Bmr005.disfmarker.218" starttime="" endtime=""/>
   <w nite:id="Bmr005.w.4,857" starttime="1303.35" endtime="" c="W">Mm</w>
   <w nite:id="Bmr005.w.4,858" starttime="" endtime="" c="HYPH">-</w>
   <w nite:id="Bmr005.w.4,859" starttime="" endtime="1303.68" c="W">hmm</w>
   <w nite:id="Bmr005.w.4,860" starttime="1303.68" endtime="1303.68" c=".">.</w>
   <vocalsound nite:id="Bmr005.vocalsound.109" starttime="" endtime="" description="mouth"/>
   <w nite:id="Bmr005.w.5,691" starttime="1508.63" endtime="1509.01" c="W">Oh</w>
   <w nite:id="Bmr005.w.5,692" starttime="1509.01" endtime="1509.01" c=".">.</w>
   <vocalsound nite:id="Bmr005.vocalsound.125" starttime="" endtime="" description="laugh"/>
   <w nite:id="Bmr005.w.6,524" starttime="1749.17" endtime="1749.29" c="W">Were</w>
   <w nite:id="Bmr005.w.6,525" starttime="1749.36" endtime="1749.58" c="W">you</w>
   <w nite:id="Bmr005.w.6,526" starttime="1749.58" endtime="1750.09" c="W">interrupting</w>
   <w nite:id="Bmr005.w.6,527" starttime="1750.09" endtime="1750.3" c="W">him</w>
   <w nite:id="Bmr005.w.6,528" starttime="1750.3" endtime="1750.38" c="W">or</w>
   <w nite:id="Bmr005.w.6,529" starttime="1750.38" endtime="1750.49" c="W">was</w>
   <w nite:id="Bmr005.w.6,530" starttime="1750.55" endtime="1750.63" c="W">he</w>
   <w nite:id="Bmr005.w.6,531" starttime="1750.63" endtime="1751.04" c="W">interrupting</w>
   <w nite:id="Bmr005.w.6,532" starttime="1751.04" endtime="1751.1" c="W">you</w>
   <w nite:id="Bmr005.w.6,533" starttime="1751.1" endtime="1751.1" c=".">?</w>
   <vocalsound nite:id="Bmr005.vocalsound.126" starttime="" endtime="" description="laugh"/>
   <w nite:id="Bmr005.w.8,710" starttime="2271.58" endtime="2271.69" c="W">But</w>
   <w nite:id="Bmr005.w.8,711" starttime="2271.69" endtime="2271.77" c="W">I</w>
   <w nite:id="Bmr005.w.8,712" starttime="2271.77" endtime="2272.01" c="W">think</w>
   <w nite:id="Bmr005.w.8,713" starttime="2272.01" endtime="2272.23" c="W">Liz</w>
   <w nite:id="Bmr005.w.8,714" starttime="2272.23" endtime="2272.34" c="W">is</w>
   <w nite:id="Bmr005.w.8,715" starttime="2272.34" endtime="2272.64" c="W">saying</w>
   <w nite:id="Bmr005.w.8,716" starttime="2272.64" endtime="2272.79" c="W">why</w>
   <w nite:id="Bmr005.w.8,717" starttime="2272.79" endtime="2272.93" c="W">not</w>
   <w nite:id="Bmr005.w.8,718" starttime="2272.93" endtime="2273.16" c="W">get</w>
   <w nite:id="Bmr005.w.8,719" starttime="2273.16" endtime="2273.28" c="W">it</w>
   <w nite:id="Bmr005.w.8,720" starttime="2273.28" endtime="2273.42" c="W">out</w>
   <w nite:id="Bmr005.w.8,721" starttime="2273.42" endtime="2273.5" c="W">of</w>
   <w nite:id="Bmr005.w.8,722" starttime="2273.5" endtime="2273.6" c="W">the</w>
   <w nite:id="Bmr005.w.8,723" starttime="2273.6" endtime="2274.24" c="W">transcripts</w>
   <w nite:id="Bmr005.w.8,724" starttime="2274.24" endtime="2274.24" c=".">?</w>
   <w nite:id="Bmr005.w.9,830" starttime="2490.66" endtime="2490.72" c="W">You</w>
   <w nite:id="Bmr005.w.9,831" starttime="2490.72" endtime="2490.8" c="W">know</w>
   <w nite:id="Bmr005.w.9,832" starttime="2490.8" endtime="2490.8" c="CM">,</w>
   <w nite:id="Bmr005.w.9,833" starttime="2490.8" endtime="2490.91" c="W">I</w>
   <w nite:id="Bmr005.w.9,834" starttime="2490.91" endtime="2491.26" c="W">did</w>
   <disfmarker nite:id="Bmr005.disfmarker.567" starttime="" endtime=""/>
   <w nite:id="Bmr005.w.9,835" starttime="2491.29" endtime="2491.42" c="W">I</w>
   <w nite:id="Bmr005.w.9,836" starttime="2491.42" endtime="2491.74" c="W">did</w>
   <w nite:id="Bmr005.w.9,837" starttime="2491.89" endtime="2492.04" c="W">uh</w>
   <w nite:id="Bmr005.w.9,838" starttime="2492.04" endtime="2492.38" c="W">something</w>
   <w nite:id="Bmr005.w.9,839" starttime="2492.38" endtime="2492.63" c="W">almost</w>
   <w nite:id="Bmr005.w.9,840" starttime="2492.63" endtime="2493.13" c="W">identical</w>
   <w nite:id="Bmr005.w.9,841" starttime="2493.13" endtime="2493.21" c="W">to</w>
   <w nite:id="Bmr005.w.9,842" starttime="2493.21" endtime="2493.5" c="W">this</w>
   <w nite:id="Bmr005.w.9,843" starttime="2493.5" endtime="2493.59" c="W">at</w>
   <w nite:id="Bmr005.w.9,844" starttime="2493.92" endtime="2494.01" c="W">one</w>
   <w nite:id="Bmr005.w.9,845" starttime="2494.01" endtime="2494.07" c="W">of</w>
   <w nite:id="Bmr005.w.9,846" starttime="2494.07" endtime="2494.17" c="W">my</w>
   <w nite:id="Bmr005.w.9,847" starttime="2494.17" endtime="2494.58" c="W">previous</w>
   <w nite:id="Bmr005.w.9,848" starttime="2494.58" endtime="2495.05" c="W">jobs</w>
   <w nite:id="Bmr005.w.9,849" starttime="2495.05" endtime="2495.05" c="CM">,</w>
   <w nite:id="Bmr005.w.9,850" starttime="2495.17" endtime="2495.46" c="W">and</w>
   <w nite:id="Bmr005.w.9,851" starttime="2495.46" endtime="2495.63" c="W">it</w>
   <w nite:id="Bmr005.w.9,852" starttime="2495.63" endtime="2495.95" c="W">works</w>
   <w nite:id="Bmr005.w.9,853" starttime="2495.95" endtime="2496.16" c="W">pretty</w>
   <w nite:id="Bmr005.w.9,854" starttime="2496.16" endtime="2496.51" c="W">well</w>
   <w nite:id="Bmr005.w.9,855" starttime="2496.51" endtime="2496.51" c=".">.</w>
   <w nite:id="Bmr005.w.9,856" starttime="2496.77" endtime="2496.82" c="W">I</w>
   <w nite:id="Bmr005.w.9,857" starttime="2496.82" endtime="2497.1" c="W">mean</w>
   <w nite:id="Bmr005.w.9,858" starttime="2497.1" endtime="2497.1" c="CM">,</w>
   <w nite:id="Bmr005.w.9,859" starttime="2497.2" endtime="2497.41" c="TRUNCW">i</w>
   <w nite:id="Bmr005.w.9,860" starttime="2497.53" endtime="2497.77" c="W">almost</w>
   <w nite:id="Bmr005.w.9,861" starttime="2497.77" endtime="2498.12" c="W">exactly</w>
   <w nite:id="Bmr005.w.9,862" starttime="2498.12" endtime="2498.25" c="W">what</w>
   <w nite:id="Bmr005.w.9,863" starttime="2498.25" endtime="2498.38" c="W">you</w>
   <w nite:id="Bmr005.w.9,864" starttime="2498.38" endtime="2498.97" c="W">described</w>
   <w nite:id="Bmr005.w.9,865" starttime="2498.97" endtime="2498.97" c="CM">,</w>
   <w nite:id="Bmr005.w.9,866" starttime="2498.97" endtime="2499.16" c="W">an</w>
   <w nite:id="Bmr005.w.9,867" starttime="2499.16" endtime="2499.52" c="W">energy</w>
   <w nite:id="Bmr005.w.9,868" starttime="2499.52" endtime="2499.89" c="W">detector</w>
   <w nite:id="Bmr005.w.9,869" starttime="2499.89" endtime="2500.0" c="W">with</w>
   <w nite:id="Bmr005.w.9,870" starttime="2500.0" endtime="2500.03" c="W">a</w>
   <w nite:id="Bmr005.w.9,871" starttime="2500.03" endtime="2500.37" c="W">median</w>
   <w nite:id="Bmr005.w.9,872" starttime="2500.37" endtime="2500.75" c="W">filter</w>
   <w nite:id="Bmr005.w.9,873" starttime="2500.75" endtime="2500.75" c="CM">,</w>
   <w nite:id="Bmr005.w.9,874" starttime="2501.16" endtime="2501.25" c="W">you</w>
   <w nite:id="Bmr005.w.9,875" starttime="2501.25" endtime="2501.42" c="W">look</w>
   <w nite:id="Bmr005.w.9,876" starttime="2501.42" endtime="2501.58" c="W">for</w>
   <w nite:id="Bmr005.w.9,877" starttime="2501.58" endtime="2501.94" c="W">runs</w>
   <w nite:id="Bmr005.w.9,878" starttime="2501.94" endtime="2501.94" c=".">.</w>
   <w nite:id="Bmr005.w.9,879" starttime="2502.57" endtime="2502.93" c="W">And</w>
   <w nite:id="Bmr005.w.9,880" starttime="2502.93" endtime="2503.19" c="W">uh</w>
   <w nite:id="Bmr005.w.9,881" starttime="2503.19" endtime="2503.19" c="CM">,</w>
   <vocalsound nite:id="Bmr005.vocalsound.167" starttime="" endtime="" description="laugh"/>
   <w nite:id="Bmr005.w.9,882" starttime="2503.7" endtime="2503.77" c="W">you</w>
   <w nite:id="Bmr005.w.9,883" starttime="2503.77" endtime="2503.87" c="W">know</w>
   <w nite:id="Bmr005.w.9,884" starttime="2503.87" endtime="2503.87" c="CM">,</w>
   <w nite:id="Bmr005.w.9,885" starttime="2503.87" endtime="2504.06" c="W">you</w>
   <w nite:id="Bmr005.w.9,886" starttime="2504.06" endtime="2504.43" c="W">can</w>
   <disfmarker nite:id="Bmr005.disfmarker.568" starttime="" endtime=""/>
   <w nite:id="Bmr005.w.9,896" starttime="2505.1" endtime="2505.41" c="W">Yeah</w>
   <w nite:id="Bmr005.w.9,897" starttime="2505.41" endtime="2505.41" c=".">.</w>
   <w nite:id="Bmr005.w.9,898" starttime="2505.51" endtime="2505.62" c="W">I</w>
   <w nite:id="Bmr005.w.9,899" starttime="2505.62" endtime="2505.79" c="W">mean</w>
   <w nite:id="Bmr005.w.9,900" starttime="2505.79" endtime="2505.79" c="CM">,</w>
   <w nite:id="Bmr005.w.9,901" starttime="2505.79" endtime="2505.94" c="W">you</w>
   <disfmarker nite:id="Bmr005.disfmarker.569" starttime="" endtime=""/>
   <w nite:id="Bmr005.w.9,902" starttime="2505.94" endtime="2506.16" c="W">you</w>
   <w nite:id="Bmr005.w.9,903" starttime="2506.16" endtime="2506.4" c="W">can</w>
   <w nite:id="Bmr005.w.9,904" starttime="2506.4" endtime="2506.75" c="W">get</w>
   <w nite:id="Bmr005.w.9,905" starttime="2507.07" endtime="2507.25" c="TRUNCW">y</w>
   <w nite:id="Bmr005.w.9,906" starttime="2507.25" endtime="2507.3" c="W">I</w>
   <w nite:id="Bmr005.w.9,907" starttime="2507.3" endtime="2507.45" c="W">mean</w>
   <w nite:id="Bmr005.w.9,908" starttime="2507.45" endtime="2507.45" c="CM">,</w>
   <w nite:id="Bmr005.w.9,909" starttime="2507.45" endtime="2507.55" c="W">you</w>
   <w nite:id="Bmr005.w.9,910" starttime="2507.55" endtime="2507.7" c="W">get</w>
   <w nite:id="Bmr005.w.9,911" starttime="2507.7" endtime="2507.8" c="W">them</w>
   <w nite:id="Bmr005.w.9,912" starttime="2507.8" endtime="2508.02" c="W">pretty</w>
   <w nite:id="Bmr005.w.9,913" starttime="2508.02" endtime="2508.33" c="W">close</w>
   <w nite:id="Bmr005.w.9,914" starttime="2508.33" endtime="2508.33" c=".">.</w>
   <w nite:id="Bmr005.w.9,922" starttime="2509.04" endtime="2509.13" c="W">And</w>
   <w nite:id="Bmr005.w.9,923" starttime="2509.12" endtime="2509.25" c="W">so</w>
   <w nite:id="Bmr005.w.9,924" starttime="2509.26" endtime="2509.42" c="W">I</w>
   <w nite:id="Bmr005.w.9,925" starttime="2509.41" endtime="2509.73" c="W">think</w>
   <w nite:id="Bmr005.w.9,926" starttime="2509.89" endtime="2510.14" c="W">doing</w>
   <w nite:id="Bmr005.w.9,927" starttime="2510.14" endtime="2510.3" c="W">that</w>
   <w nite:id="Bmr005.w.9,928" starttime="2510.3" endtime="2510.38" c="W">to</w>
   <w nite:id="Bmr005.w.9,929" starttime="2510.38" endtime="2510.85" c="W">generate</w>
   <w nite:id="Bmr005.w.9,930" starttime="2510.85" endtime="2511.16" c="W">these</w>
   <w nite:id="Bmr005.w.9,931" starttime="2512.32" endtime="2512.84" c="W">possibilities</w>
   <w nite:id="Bmr005.w.9,932" starttime="2512.84" endtime="2512.93" c="W">and</w>
   <w nite:id="Bmr005.w.9,933" starttime="2512.93" endtime="2513.05" c="W">then</w>
   <w nite:id="Bmr005.w.9,934" starttime="2513.05" endtime="2513.29" c="W">going</w>
   <w nite:id="Bmr005.w.9,935" starttime="2513.29" endtime="2513.6" c="W">through</w>
   <w nite:id="Bmr005.w.9,936" starttime="2513.6" endtime="2513.79" c="W">and</w>
   <w nite:id="Bmr005.w.9,937" starttime="2513.79" endtime="2514.0" c="W">saying</w>
   <w nite:id="Bmr005.w.9,938" starttime="2514.0" endtime="2514.19" c="W">yes</w>
   <w nite:id="Bmr005.w.9,939" starttime="2514.19" endtime="2514.26" c="W">or</w>
   <w nite:id="Bmr005.w.9,940" starttime="2514.26" endtime="2514.34" c="W">no</w>
   <w nite:id="Bmr005.w.9,941" starttime="2514.34" endtime="2514.58" c="W">on</w>
   <w nite:id="Bmr005.w.9,942" starttime="2514.58" endtime="2514.71" c="W">them</w>
   <w nite:id="Bmr005.w.9,943" starttime="2514.71" endtime="2514.81" c="W">would</w>
   <w nite:id="Bmr005.w.9,944" starttime="2514.81" endtime="2514.97" c="W">be</w>
   <w nite:id="Bmr005.w.9,945" starttime="2514.97" endtime="2515.0" c="W">a</w>
   <w nite:id="Bmr005.w.9,946" starttime="2515.0" endtime="2515.26" c="W">quick</w>
   <w nite:id="Bmr005.w.9,947" starttime="2515.26" endtime="2515.45" c="W">way</w>
   <w nite:id="Bmr005.w.9,948" starttime="2515.45" endtime="2515.52" c="W">to</w>
   <disfmarker nite:id="Bmr005.disfmarker.570" starttime="" endtime=""/>
   <w nite:id="Bmr005.w.9,949" starttime="2516.19" endtime="2516.42" c="W">to</w>
   <w nite:id="Bmr005.w.9,950" starttime="2516.42" endtime="2516.58" c="W">do</w>
   <w nite:id="Bmr005.w.9,951" starttime="2516.58" endtime="2516.7" c="W">it</w>
   <w nite:id="Bmr005.w.9,952" starttime="2516.7" endtime="2516.7" c=".">.</w>
   <w nite:id="Bmr005.w.9,953" starttime="2517.08" endtime="2517.39" c="W">Yeah</w>
   <w nite:id="Bmr005.w.9,954" starttime="2517.39" endtime="2517.39" c=".">.</w>
   <w nite:id="Bmr005.w.9,974" starttime="2519.94" endtime="2520.32" c="W">Uh</w>
   <w nite:id="Bmr005.w.9,975" starttime="2520.32" endtime="2520.32" c=".">.</w>
   <comment nite:id="Bmr005.comment.252" starttime="" endtime="" description="lengthened"/>
   <w nite:id="Bmr005.w.9,976" starttime="2521.24" endtime="2521.5" c="W">No</w>
   <w nite:id="Bmr005.w.9,977" starttime="2521.5" endtime="2521.5" c=".">.</w>
   <w nite:id="Bmr005.w.9,978" starttime="2521.88" endtime="2521.98" c="W">No</w>
   <w nite:id="Bmr005.w.9,979" starttime="2521.98" endtime="2521.98" c=".">.</w>
   <vocalsound nite:id="Bmr005.vocalsound.176" starttime="" endtime="" description="laugh"/>
   <w nite:id="Bmr005.w.9,980" starttime="2523.85" endtime="2523.91" c="W">It</w>
   <w nite:id="Bmr005.w.9,981" starttime="2523.91" endtime="2524.0" c="W">was</w>
   <w nite:id="Bmr005.w.9,982" starttime="2524.0" endtime="2524.09" c="W">when</w>
   <w nite:id="Bmr005.w.9,983" starttime="2524.09" endtime="2524.12" c="W">I</w>
   <w nite:id="Bmr005.w.9,984" starttime="2524.12" endtime="2524.21" c="W">was</w>
   <w nite:id="Bmr005.w.9,985" starttime="2524.21" endtime="2524.36" c="W">working</w>
   <w nite:id="Bmr005.w.9,986" starttime="2524.36" endtime="2524.42" c="W">for</w>
   <w nite:id="Bmr005.w.9,987" starttime="2524.42" endtime="2524.48" c="W">the</w>
   <w nite:id="Bmr005.w.9,988" starttime="2524.48" endtime="2524.81" c="W">government</w>
   <w nite:id="Bmr005.w.9,989" starttime="2524.81" endtime="2524.81" c=".">.</w>
   <vocalsound nite:id="Bmr005.vocalsound.179" starttime="" endtime="" description="laugh"/>
   <w nite:id="Bmr005.w.10,026" starttime="2530.41" endtime="2530.55" c="W">Nah</w>
   <w nite:id="Bmr005.w.10,027" starttime="2530.55" endtime="2530.55" c=".">.</w>
   <w nite:id="Bmr005.w.10,030" starttime="" endtime="" c="SYM">@</w>
   <w nite:id="Bmr005.w.10,031" starttime="" endtime="" c="SYM">@</w>
   <w nite:id="Bmr005.w.10,050" starttime="2533.04" endtime="2533.2" c="W">Yeah</w>
   <w nite:id="Bmr005.w.10,051" starttime="2533.2" endtime="2533.2" c="CM">,</w>
   <w nite:id="Bmr005.w.10,052" starttime="2533.2" endtime="" c="W">he</w>
   <w nite:id="Bmr005.w.10,053" starttime="" endtime="2533.43" c="APOSS">'s</w>
   <disfmarker nite:id="Bmr005.disfmarker.574" starttime="" endtime=""/>
   <w nite:id="Bmr005.w.10,054" starttime="2533.62" endtime="2533.78" c="W">it</w>
   <disfmarker nite:id="Bmr005.disfmarker.575" starttime="" endtime=""/>
   <w nite:id="Bmr005.w.10,055" starttime="2533.78" endtime="2533.91" c="W">it</w>
   <w nite:id="Bmr005.w.10,056" starttime="2534.11" endtime="2534.45" c="W">doesn't</w>
   <w nite:id="Bmr005.w.10,057" starttime="2534.45" endtime="2534.63" c="W">take</w>
   <w nite:id="Bmr005.w.10,058" starttime="2534.63" endtime="2534.67" c="W">a</w>
   <w nite:id="Bmr005.w.10,059" starttime="2534.67" endtime="2534.8" c="W">long</w>
   <w nite:id="Bmr005.w.10,060" starttime="2534.8" endtime="2534.92" c="W">time</w>
   <w nite:id="Bmr005.w.10,061" starttime="2534.92" endtime="2534.92" c=".">.</w>
   <w nite:id="Bmr005.w.10,108" starttime="" endtime="" c="W">Yeah</w>
   <w nite:id="Bmr005.w.10,109" starttime="" endtime="" c=".">.</w>
   <w nite:id="Bmr005.w.10,110" starttime="2542.42" endtime="2542.49" c="W">Oh</w>
   <w nite:id="Bmr005.w.10,111" starttime="2542.49" endtime="2542.49" c=".">!</w>
   <comment nite:id="Bmr005.comment.259" starttime="" endtime="" description="while sighing"/>
   <w nite:id="Bmr005.w.10,112" starttime="2542.81" endtime="2542.89" c="W">I</w>
   <w nite:id="Bmr005.w.10,113" starttime="2542.89" endtime="2543.07" c="W">have</w>
   <w nite:id="Bmr005.w.10,114" starttime="2543.07" endtime="2543.14" c="W">to</w>
   <w nite:id="Bmr005.w.10,115" starttime="2543.14" endtime="2543.59" c="W">remember</w>
   <w nite:id="Bmr005.w.10,116" starttime="2543.59" endtime="2543.59" c=".">.</w>
   <w nite:id="Bmr005.w.10,117" starttime="2543.81" endtime="" c="W">I</w>
   <w nite:id="Bmr005.w.10,118" starttime="" endtime="2544.11" c="W">'ll</w>
   <w nite:id="Bmr005.w.10,119" starttime="2544.11" endtime="2544.26" c="W">think</w>
   <w nite:id="Bmr005.w.10,120" starttime="2544.26" endtime="2544.48" c="W">about</w>
   <w nite:id="Bmr005.w.10,121" starttime="2544.48" endtime="2544.54" c="W">it</w>
   <w nite:id="Bmr005.w.10,122" starttime="2544.54" endtime="2544.54" c="CM">,</w>
   <w nite:id="Bmr005.w.10,123" starttime="2544.54" endtime="2544.64" c="W">and</w>
   <w nite:id="Bmr005.w.10,124" starttime="2544.98" endtime="2545.08" c="W">try</w>
   <w nite:id="Bmr005.w.10,125" starttime="2545.08" endtime="2545.14" c="W">to</w>
   <w nite:id="Bmr005.w.10,126" starttime="2545.14" endtime="2545.45" c="W">remember</w>
   <w nite:id="Bmr005.w.10,127" starttime="2545.45" endtime="2545.45" c=".">.</w>
   <vocalsound nite:id="Bmr005.vocalsound.187" starttime="" endtime="" description="laugh"/>
   <w nite:id="Bmr005.w.10,155" starttime="2551.91" endtime="2552.02" c="W">Di</w>
   <w nite:id="Bmr005.w.10,156" starttime="" endtime="" c="SYM">-</w>
   <w nite:id="Bmr005.w.10,157" starttime="2552.02" endtime="2552.13" c="TRUNCW">dif</w>
   <w nite:id="Bmr005.w.10,158" starttime="2552.13" endtime="2552.39" c="W">different</w>
   <disfmarker nite:id="Bmr005.disfmarker.582" starttime="" endtime=""/>
   <w nite:id="Bmr005.w.10,159" starttime="2552.51" endtime="2552.8" c="W">different</w>
   <w nite:id="Bmr005.w.10,160" starttime="2552.8" endtime="2553.34" c="W">bandwidth</w>
   <w nite:id="Bmr005.w.10,161" starttime="2553.34" endtime="2553.34" c=".">.</w>
   <vocalsound nite:id="Bmr005.vocalsound.191" starttime="" endtime="" description="laugh"/>
   <w nite:id="Bmr005.w.10,724" starttime="2694.12" endtime="2694.26" c="W">Ten</w>
   <w nite:id="Bmr005.w.10,725" starttime="2694.26" endtime="2694.6" c="W">meetings</w>
   <w nite:id="Bmr005.w.10,726" starttime="2694.6" endtime="2694.74" c="W">that</w>
   <w nite:id="Bmr005.w.10,727" starttime="2694.74" endtime="2694.84" c="W">have</w>
   <w nite:id="Bmr005.w.10,728" starttime="2694.84" endtime="2695.04" c="W">been</w>
   <w nite:id="Bmr005.w.10,729" starttime="2695.04" endtime="2695.3" c="W">sent</w>
   <w nite:id="Bmr005.w.10,730" starttime="2695.3" endtime="2695.39" c="W">to</w>
   <w nite:id="Bmr005.w.10,731" starttime="2695.39" endtime="2695.82" t="PLET" c="W">IBM</w>
   <w nite:id="Bmr005.w.10,732" starttime="2695.82" endtime="2695.82" c=".">?</w>
   <w nite:id="Bmr005.w.10,772" starttime="2702.76" endtime="2702.82" c="TRUNCW">H</w>
   <w nite:id="Bmr005.w.10,773" starttime="2702.82" endtime="2702.98" c="W">how</w>
   <w nite:id="Bmr005.w.10,774" starttime="2702.98" endtime="2703.21" c="W">many</w>
   <w nite:id="Bmr005.w.10,775" starttime="2703.21" endtime="2703.52" c="W">total</w>
   <w nite:id="Bmr005.w.10,776" starttime="2703.52" endtime="2703.65" c="W">have</w>
   <w nite:id="Bmr005.w.10,777" starttime="2703.65" endtime="2703.77" c="W">we</w>
   <w nite:id="Bmr005.w.10,778" starttime="2703.77" endtime="2704.27" c="W">recorded</w>
   <w nite:id="Bmr005.w.10,779" starttime="2704.31" endtime="2704.48" c="W">now</w>
   <w nite:id="Bmr005.w.10,780" starttime="2704.48" endtime="2704.48" c="CM">,</w>
   <w nite:id="Bmr005.w.10,781" starttime="2704.82" endtime="2705.34" c="W">altogether</w>
   <w nite:id="Bmr005.w.10,782" starttime="2705.34" endtime="2705.34" c=".">?</w>
   <w nite:id="Bmr005.w.10,848" starttime="2713.54" endtime="2713.6" c="W">It</w>
   <w nite:id="Bmr005.w.10,849" starttime="2713.6" endtime="2713.69" c="W">was</w>
   <w nite:id="Bmr005.w.10,850" starttime="2713.69" endtime="2713.75" c="W">the</w>
   <w nite:id="Bmr005.w.10,851" starttime="2713.75" endtime="2714.01" c="W">morning</w>
   <w nite:id="Bmr005.w.10,852" starttime="2714.01" endtime="2714.24" c="W">one</w>
   <w nite:id="Bmr005.w.10,853" starttime="2714.24" endtime="2714.24" c=".">.</w>
   <vocalsound nite:id="Bmr005.vocalsound.201" starttime="" endtime="" description="laugh"/>
   <w nite:id="Bmr005.w.11,945" starttime="2959.58" endtime="2959.68" c="TRUNCW">W</w>
   <w nite:id="Bmr005.w.11,946" starttime="2959.68" endtime="2959.8" c="W">what</w>
   <w nite:id="Bmr005.w.11,947" starttime="2959.8" endtime="2959.95" c="W">is</w>
   <w nite:id="Bmr005.w.11,948" starttime="2959.95" endtime="2960.24" c="W">the</w>
   <w nite:id="Bmr005.w.11,949" starttime="2960.24" endtime="2960.78" c="W">um</w>
   <disfmarker nite:id="Bmr005.disfmarker.668" starttime="" endtime=""/>
   <w nite:id="Bmr005.w.11,952" starttime="2960.97" endtime="2961.29" c="W">the</w>
   <w nite:id="Bmr005.w.11,953" starttime="2961.36" endtime="2961.82" c="W">artifact</w>
   <w nite:id="Bmr005.w.11,954" starttime="2961.82" endtime="2961.91" c="W">you</w>
   <w nite:id="Bmr005.w.11,955" starttime="2961.91" endtime="2962.15" c="W">try</w>
   <w nite:id="Bmr005.w.11,956" starttime="2962.15" endtime="2962.55" c="W">to</w>
   <disfmarker nite:id="Bmr005.disfmarker.669" starttime="" endtime=""/>
   <w nite:id="Bmr005.w.11,957" starttime="2962.55" endtime="" c="W">you</w>
   <w nite:id="Bmr005.w.11,958" starttime="" endtime="2962.68" c="W">'re</w>
   <w nite:id="Bmr005.w.11,959" starttime="2962.68" endtime="2962.87" c="W">trying</w>
   <w nite:id="Bmr005.w.11,960" starttime="2962.87" endtime="2962.93" c="W">to</w>
   <w nite:id="Bmr005.w.11,961" starttime="2962.93" endtime="2963.04" c="W">get</w>
   <w nite:id="Bmr005.w.11,962" starttime="2963.04" endtime="2963.16" c="W">rid</w>
   <w nite:id="Bmr005.w.11,963" starttime="2963.16" endtime="2963.23" c="W">of</w>
   <w nite:id="Bmr005.w.11,964" starttime="2963.23" endtime="2963.33" c="W">when</w>
   <w nite:id="Bmr005.w.11,965" starttime="2963.33" endtime="2963.43" c="W">you</w>
   <w nite:id="Bmr005.w.11,966" starttime="2963.43" endtime="2963.54" c="W">do</w>
   <w nite:id="Bmr005.w.11,967" starttime="2963.54" endtime="2963.73" c="W">that</w>
   <w nite:id="Bmr005.w.11,968" starttime="2963.73" endtime="2963.73" c=".">?</w>
   <w nite:id="Bmr005.w.12,195" starttime="3036.13" endtime="3036.24" c="W">So</w>
   <w nite:id="Bmr005.w.12,196" starttime="3036.24" endtime="3036.37" c="W">that</w>
   <w nite:id="Bmr005.w.12,197" starttime="3036.37" endtime="3036.51" c="W">would</w>
   <w nite:id="Bmr005.w.12,198" starttime="3036.51" endtime="3036.67" c="W">mean</w>
   <w nite:id="Bmr005.w.12,199" starttime="3036.67" endtime="3036.89" c="W">like</w>
   <w nite:id="Bmr005.w.12,200" starttime="3036.89" endtime="3036.98" c="W">if</w>
   <w nite:id="Bmr005.w.12,201" starttime="3036.98" endtime="3037.07" c="W">you</w>
   <w nite:id="Bmr005.w.12,202" starttime="3037.07" endtime="3037.19" c="W">were</w>
   <w nite:id="Bmr005.w.12,203" starttime="3037.19" endtime="3037.66" c="W">listening</w>
   <w nite:id="Bmr005.w.12,204" starttime="3037.66" endtime="3037.87" c="W">to</w>
   <w nite:id="Bmr005.w.12,205" starttime="3037.87" endtime="3037.99" c="W">the</w>
   <w nite:id="Bmr005.w.12,206" starttime="3037.99" endtime="3038.28" c="W">data</w>
   <w nite:id="Bmr005.w.12,207" starttime="3038.28" endtime="3038.39" c="W">that</w>
   <w nite:id="Bmr005.w.12,208" starttime="3038.39" endtime="3038.56" c="W">was</w>
   <w nite:id="Bmr005.w.12,209" starttime="3038.56" endtime="3038.93" c="W">recorded</w>
   <w nite:id="Bmr005.w.12,210" starttime="3038.93" endtime="3039.07" c="W">on</w>
   <w nite:id="Bmr005.w.12,211" starttime="3039.07" endtime="3039.21" c="W">one</w>
   <w nite:id="Bmr005.w.12,212" starttime="3039.21" endtime="3039.31" c="W">of</w>
   <w nite:id="Bmr005.w.12,213" starttime="3039.31" endtime="3039.79" c="W">those</w>
   <w nite:id="Bmr005.w.12,214" starttime="3039.79" endtime="3039.79" c=".">.</w>
   <w nite:id="Bmr005.w.12,215" starttime="3040.88" endtime="3041.18" c="W">Uh</w>
   <w nite:id="Bmr005.w.12,216" starttime="3041.18" endtime="3041.18" c="CM">,</w>
   <w nite:id="Bmr005.w.12,217" starttime="3041.3" endtime="3041.49" c="W">just</w>
   <w nite:id="Bmr005.w.12,218" starttime="3041.49" endtime="3041.58" c="W">the</w>
   <w nite:id="Bmr005.w.12,219" starttime="3041.58" endtime="3041.81" c="W">raw</w>
   <w nite:id="Bmr005.w.12,220" starttime="3041.81" endtime="3042.1" c="W">data</w>
   <w nite:id="Bmr005.w.12,221" starttime="3042.1" endtime="3042.1" c="CM">,</w>
   <w nite:id="Bmr005.w.12,222" starttime="3042.1" endtime="3042.26" c="W">you</w>
   <w nite:id="Bmr005.w.12,223" starttime="3042.26" endtime="3042.43" c="W">would</w>
   <disfmarker nite:id="Bmr005.disfmarker.690" starttime="" endtime=""/>
   <w nite:id="Bmr005.w.12,224" starttime="3042.43" endtime="3042.58" c="W">you</w>
   <w nite:id="Bmr005.w.12,225" starttime="3042.58" endtime="3042.79" c="W">might</w>
   <w nite:id="Bmr005.w.12,226" starttime="3042.79" endtime="3042.96" c="W">hear</w>
   <w nite:id="Bmr005.w.12,227" starttime="3042.96" endtime="3043.15" c="W">kind</w>
   <w nite:id="Bmr005.w.12,228" starttime="3043.15" endtime="3043.22" c="W">of</w>
   <w nite:id="Bmr005.w.12,229" starttime="3043.22" endtime="3043.32" c="W">an</w>
   <w nite:id="Bmr005.w.12,230" starttime="3043.32" endtime="3043.8" c="W">echo</w>
   <w nite:id="Bmr005.w.12,231" starttime="3043.8" endtime="3043.8" c=".">?</w>
   <w nite:id="Bmr005.w.12,232" starttime="3044.49" endtime="3044.87" c="W">And</w>
   <disfmarker nite:id="Bmr005.disfmarker.691" starttime="" endtime=""/>
   <w nite:id="Bmr005.w.12,233" starttime="3045.03" endtime="3045.18" c="W">and</w>
   <w nite:id="Bmr005.w.12,234" starttime="3045.18" endtime="3045.43" c="W">then</w>
   <w nite:id="Bmr005.w.12,235" starttime="3045.52" endtime="3045.68" c="W">this</w>
   <disfmarker nite:id="Bmr005.disfmarker.692" starttime="" endtime=""/>
   <w nite:id="Bmr005.w.12,236" starttime="3046.12" endtime="3046.47" c="W">noise</w>
   <w nite:id="Bmr005.w.12,237" starttime="3046.47" endtime="3046.95" c="W">cancellation</w>
   <w nite:id="Bmr005.w.12,238" starttime="3046.95" endtime="3047.06" c="W">would</w>
   <w nite:id="Bmr005.w.12,239" starttime="3047.06" endtime="3047.28" c="TRUNCW">get</w>
   <w nite:id="Bmr005.w.12,505" starttime="3114.47" endtime="3114.59" c="W">Kind</w>
   <w nite:id="Bmr005.w.12,506" starttime="3114.59" endtime="3114.66" c="W">of</w>
   <w nite:id="Bmr005.w.12,507" starttime="3114.66" endtime="3114.69" c="W">a</w>
   <w nite:id="Bmr005.w.12,508" starttime="3114.69" endtime="3115.02" c="W">clean</w>
   <w nite:id="Bmr005.w.12,509" starttime="3115.02" endtime="3115.15" c="W">up</w>
   <w nite:id="Bmr005.w.12,510" starttime="3115.19" endtime="3115.7" c="W">thing</w>
   <w nite:id="Bmr005.w.12,511" starttime="3115.7" endtime="3115.7" c="CM">,</w>
   <w nite:id="Bmr005.w.12,512" starttime="3115.7" endtime="3115.82" c="W">that</w>
   <disfmarker nite:id="Bmr005.disfmarker.709" starttime="" endtime=""/>
   <w nite:id="Bmr005.w.12,513" starttime="3116.66" endtime="3116.92" t="PLET" c="W">OK</w>
   <w nite:id="Bmr005.w.12,514" starttime="3116.92" endtime="3116.92" c=".">.</w>
   <vocalsound nite:id="Bmr005.vocalsound.213" starttime="" endtime="" description="cough"/>
   <w nite:id="Bmr005.w.12,572" starttime="3130.62" endtime="3130.97" c="W">When</w>
   <w nite:id="Bmr005.w.12,573" starttime="3131.27" endtime="3131.59" c="W">uh</w>
   <w nite:id="Bmr005.w.12,574" starttime="3131.59" endtime="3131.59" c="CM">,</w>
   <w nite:id="Bmr005.w.12,575" starttime="3132.09" endtime="3132.12" c="W">I</w>
   <w nite:id="Bmr005.w.12,576" starttime="3132.12" endtime="3132.23" c="W">would</w>
   <w nite:id="Bmr005.w.12,577" starttime="3132.23" endtime="3132.41" c="W">have</w>
   <w nite:id="Bmr005.w.12,578" starttime="3132.41" endtime="3132.85" c="W">meetings</w>
   <w nite:id="Bmr005.w.12,579" starttime="3132.85" endtime="3133.01" c="W">with</w>
   <w nite:id="Bmr005.w.12,580" starttime="3133.11" endtime="3133.34" c="W">the</w>
   <w nite:id="Bmr005.w.12,581" starttime="3133.39" endtime="3133.73" c="W">folks</w>
   <w nite:id="Bmr005.w.12,582" starttime="3134.56" endtime="3134.7" c="W">in</w>
   <w nite:id="Bmr005.w.12,583" starttime="3134.7" endtime="3135.06" c="W">Cambridge</w>
   <w nite:id="Bmr005.w.12,584" starttime="3135.06" endtime="3135.16" c="W">when</w>
   <w nite:id="Bmr005.w.12,585" starttime="3135.16" endtime="3135.22" c="W">I</w>
   <w nite:id="Bmr005.w.12,586" starttime="3135.22" endtime="3135.32" c="W">was</w>
   <w nite:id="Bmr005.w.12,587" starttime="3135.32" endtime="3135.38" c="W">at</w>
   <w nite:id="Bmr005.w.12,588" starttime="3135.38" endtime="3135.73" t="PLET" c="W">BBN</w>
   <w nite:id="Bmr005.w.12,589" starttime="3135.73" endtime="3135.89" c="W">over</w>
   <w nite:id="Bmr005.w.12,590" starttime="3135.89" endtime="3135.96" c="W">the</w>
   <w nite:id="Bmr005.w.12,591" starttime="3135.96" endtime="3136.36" c="W">phone</w>
   <w nite:id="Bmr005.w.12,592" starttime="3136.36" endtime="3136.36" c="CM">,</w>
   <w nite:id="Bmr005.w.12,593" starttime="3136.77" endtime="3136.91" c="W">they</w>
   <w nite:id="Bmr005.w.12,594" starttime="3136.91" endtime="3137.44" c="W">had</w>
   <w nite:id="Bmr005.w.12,595" starttime="3137.44" endtime="3137.47" c="W">a</w>
   <w nite:id="Bmr005.w.12,596" starttime="3137.47" endtime="3137.58" c="W">um</w>
   <disfmarker nite:id="Bmr005.disfmarker.714" starttime="" endtime=""/>
   <w nite:id="Bmr005.w.12,597" starttime="3137.98" endtime="3138.1" c="W">some</w>
   <w nite:id="Bmr005.w.12,598" starttime="3138.1" endtime="3138.28" c="W">kind</w>
   <w nite:id="Bmr005.w.12,599" starttime="3138.28" endtime="3138.35" c="W">of</w>
   <w nite:id="Bmr005.w.12,600" starttime="3138.35" endtime="3138.39" c="W">a</w>
   <w nite:id="Bmr005.w.12,601" starttime="3138.39" endtime="3138.93" c="W">special</w>
   <w nite:id="Bmr005.w.12,602" starttime="3139.1" endtime="3139.48" c="W">speaker</w>
   <w nite:id="Bmr005.w.12,603" starttime="3139.48" endtime="3139.79" c="W">phone</w>
   <w nite:id="Bmr005.w.12,604" starttime="3139.79" endtime="3139.99" c="W">and</w>
   <w nite:id="Bmr005.w.12,605" starttime="3140.23" endtime="3140.33" c="W">when</w>
   <w nite:id="Bmr005.w.12,606" starttime="3140.33" endtime="3140.4" c="W">they</w>
   <w nite:id="Bmr005.w.12,607" starttime="3140.4" endtime="3140.5" c="W">would</w>
   <w nite:id="Bmr005.w.12,608" starttime="3140.5" endtime="3140.78" c="W">first</w>
   <w nite:id="Bmr005.w.12,609" starttime="3140.78" endtime="3141.08" c="W">connect</w>
   <w nite:id="Bmr005.w.12,610" starttime="3141.08" endtime="3141.38" c="W">me</w>
   <w nite:id="Bmr005.w.12,611" starttime="3141.38" endtime="3141.38" c="CM">,</w>
   <w nite:id="Bmr005.w.12,612" starttime="3141.98" endtime="3142.04" c="W">it</w>
   <w nite:id="Bmr005.w.12,613" starttime="3142.04" endtime="3142.14" c="W">would</w>
   <w nite:id="Bmr005.w.12,614" starttime="3142.14" endtime="3142.37" c="W">come</w>
   <w nite:id="Bmr005.w.12,615" starttime="3142.37" endtime="3142.52" c="W">on</w>
   <w nite:id="Bmr005.w.12,616" starttime="3142.52" endtime="3142.8" c="W">and</w>
   <w nite:id="Bmr005.w.12,617" starttime="3142.8" endtime="" c="W">we</w>
   <w nite:id="Bmr005.w.12,618" starttime="" endtime="3142.96" c="W">'d</w>
   <w nite:id="Bmr005.w.12,619" starttime="3142.96" endtime="3143.15" c="W">hear</w>
   <w nite:id="Bmr005.w.12,620" starttime="3143.15" endtime="3143.24" c="W">all</w>
   <w nite:id="Bmr005.w.12,621" starttime="3143.24" endtime="3143.39" c="W">this</w>
   <w nite:id="Bmr005.w.12,622" starttime="3143.39" endtime="3143.83" c="W">noise</w>
   <w nite:id="Bmr005.w.12,623" starttime="3143.83" endtime="3143.83" c=".">.</w>
   <w nite:id="Bmr005.w.12,626" starttime="3144.54" endtime="3144.68" c="W">And</w>
   <w nite:id="Bmr005.w.12,627" starttime="3144.68" endtime="3144.87" c="W">then</w>
   <w nite:id="Bmr005.w.12,628" starttime="3144.87" endtime="3144.98" c="W">it</w>
   <w nite:id="Bmr005.w.12,629" starttime="3144.98" endtime="3145.18" c="W">was</w>
   <w nite:id="Bmr005.w.12,630" starttime="3145.18" endtime="3145.53" c="W">uh</w>
   <disfmarker nite:id="Bmr005.disfmarker.715" starttime="" endtime=""/>
   <w nite:id="Bmr005.w.12,631" starttime="3145.82" endtime="3145.96" c="W">And</w>
   <w nite:id="Bmr005.w.12,632" starttime="3145.96" endtime="3146.06" c="W">then</w>
   <w nite:id="Bmr005.w.12,633" starttime="3146.06" endtime="3146.13" c="W">it</w>
   <w nite:id="Bmr005.w.12,634" starttime="3146.13" endtime="3146.24" c="W">would</w>
   <w nite:id="Bmr005.w.12,635" starttime="3146.24" endtime="3146.44" c="W">come</w>
   <w nite:id="Bmr005.w.12,636" starttime="3146.44" endtime="3146.53" c="W">on</w>
   <w nite:id="Bmr005.w.12,637" starttime="3146.53" endtime="3146.62" c="W">and</w>
   <w nite:id="Bmr005.w.12,638" starttime="3146.62" endtime="3146.68" c="W">it</w>
   <w nite:id="Bmr005.w.12,639" starttime="3146.68" endtime="3146.78" c="W">was</w>
   <w nite:id="Bmr005.w.12,640" starttime="3146.78" endtime="3147.02" c="W">very</w>
   <w nite:id="Bmr005.w.12,641" starttime="3147.02" endtime="3147.52" c="W">clear</w>
   <w nite:id="Bmr005.w.12,642" starttime="3147.52" endtime="3147.52" c="CM">,</w>
   <w nite:id="Bmr005.w.12,643" starttime="3147.82" endtime="3147.9" c="W">you</w>
   <w nite:id="Bmr005.w.12,644" starttime="3147.9" endtime="3148.28" c="W">know</w>
   <w nite:id="Bmr005.w.12,645" starttime="3148.28" endtime="3148.28" c=".">.</w>
   <vocalsound nite:id="Bmr005.vocalsound.214" starttime="" endtime="" description="cough"/>
   <w nite:id="Bmr005.w.13,589" starttime="3396.41" endtime="3396.65" c="W">Three</w>
   <disfmarker nite:id="Bmr005.disfmarker.772" starttime="" endtime=""/>
   <w nite:id="Bmr005.w.13,590" starttime="3397.23" endtime="3397.32" c="W">Three</w>
   <w nite:id="Bmr005.w.13,591" starttime="3397.32" endtime="3397.71" c="W">hours</w>
   <w nite:id="Bmr005.w.13,592" starttime="3397.71" endtime="3397.71" c=".">.</w>
   <w nite:id="Bmr005.w.15,594" starttime="3854.43" endtime="3854.54" c="W">Would</w>
   <w nite:id="Bmr005.w.15,595" starttime="3854.54" endtime="3854.66" c="W">it</w>
   <w nite:id="Bmr005.w.15,596" starttime="3854.66" endtime="3854.93" c="W">help</w>
   <w nite:id="Bmr005.w.15,597" starttime="3854.93" endtime="3855.0" c="W">at</w>
   <w nite:id="Bmr005.w.15,598" starttime="3855.0" endtime="3855.34" c="W">all</w>
   <disfmarker nite:id="Bmr005.disfmarker.858" starttime="" endtime=""/>
   <w nite:id="Bmr005.w.15,599" starttime="3855.34" endtime="3855.41" c="W">I</w>
   <w nite:id="Bmr005.w.15,600" starttime="3855.41" endtime="3855.73" c="W">mean</w>
   <w nite:id="Bmr005.w.15,601" starttime="3855.73" endtime="3855.73" c="CM">,</w>
   <w nite:id="Bmr005.w.15,602" starttime="3855.73" endtime="" c="W">we</w>
   <w nite:id="Bmr005.w.15,603" starttime="" endtime="3855.88" c="W">'re</w>
   <w nite:id="Bmr005.w.15,604" starttime="3855.88" endtime="3856.09" c="W">already</w>
   <w nite:id="Bmr005.w.15,605" starttime="3856.09" endtime="3856.36" c="W">talking</w>
   <w nite:id="Bmr005.w.15,606" starttime="3856.36" endtime="3856.55" c="W">about</w>
   <w nite:id="Bmr005.w.15,607" starttime="3856.55" endtime="3856.7" c="W">sort</w>
   <w nite:id="Bmr005.w.15,608" starttime="3856.7" endtime="3856.78" c="W">of</w>
   <w nite:id="Bmr005.w.15,609" starttime="3856.89" endtime="3857.31" c="W">two</w>
   <w nite:id="Bmr005.w.15,610" starttime="3858.26" endtime="3858.63" c="W">levels</w>
   <w nite:id="Bmr005.w.15,611" starttime="3858.63" endtime="3858.73" c="W">of</w>
   <w nite:id="Bmr005.w.15,612" starttime="3858.73" endtime="3859.23" c="W">detail</w>
   <w nite:id="Bmr005.w.15,613" starttime="3859.23" endtime="3859.29" c="W">in</w>
   <w nite:id="Bmr005.w.15,614" starttime="3859.29" endtime="3859.73" c="W">meetings</w>
   <w nite:id="Bmr005.w.15,615" starttime="3859.73" endtime="3859.73" c=".">.</w>
   <w nite:id="Bmr005.w.15,616" starttime="3859.73" endtime="3859.97" c="W">One</w>
   <w nite:id="Bmr005.w.15,617" starttime="3859.97" endtime="3860.26" c="W">is</w>
   <w nite:id="Bmr005.w.15,618" starttime="3860.26" endtime="3860.76" c="W">uh</w>
   <w nite:id="Bmr005.w.15,619" starttime="3861.52" endtime="3862.48" c="W">um</w>
   <w nite:id="Bmr005.w.15,620" starttime="3862.86" endtime="3863.17" c="W">without</w>
   <w nite:id="Bmr005.w.15,621" starttime="3863.17" endtime="3863.43" c="W">doing</w>
   <w nite:id="Bmr005.w.15,622" starttime="3863.43" endtime="3863.5" c="W">the</w>
   <w nite:id="Bmr005.w.15,623" starttime="3863.5" endtime="3864.15" c="W">digits</w>
   <disfmarker nite:id="Bmr005.disfmarker.859" starttime="" endtime=""/>
   <w nite:id="Bmr005.w.15,624" starttime="3864.81" endtime="3864.85" c="W">Or</w>
   <w nite:id="Bmr005.w.15,625" starttime="3864.85" endtime="3864.85" c="CM">,</w>
   <w nite:id="Bmr005.w.15,626" starttime="3864.85" endtime="3864.89" c="W">I</w>
   <w nite:id="Bmr005.w.15,627" starttime="3864.89" endtime="3865.08" c="W">guess</w>
   <w nite:id="Bmr005.w.15,628" starttime="3865.08" endtime="3865.18" c="W">the</w>
   <w nite:id="Bmr005.w.15,629" starttime="3865.36" endtime="" c="W">full</w>
   <w nite:id="Bmr005.w.15,630" starttime="" endtime="" c="HYPH">-</w>
   <w nite:id="Bmr005.w.15,631" starttime="" endtime="3865.9" c="W">blown</w>
   <w nite:id="Bmr005.w.15,632" starttime="3865.9" endtime="3866.11" c="W">one</w>
   <w nite:id="Bmr005.w.15,633" starttime="3866.11" endtime="3866.21" c="W">is</w>
   <w nite:id="Bmr005.w.15,634" starttime="3866.21" endtime="3866.3" c="W">where</w>
   <w nite:id="Bmr005.w.15,635" starttime="3866.3" endtime="3866.38" c="W">you</w>
   <w nite:id="Bmr005.w.15,636" starttime="3866.38" endtime="3866.48" c="W">do</w>
   <w nite:id="Bmr005.w.15,637" starttime="3866.48" endtime="3866.6" c="W">the</w>
   <w nite:id="Bmr005.w.15,638" starttime="3866.6" endtime="3867.06" c="W">digits</w>
   <w nite:id="Bmr005.w.15,639" starttime="3867.06" endtime="3867.06" c="CM">,</w>
   <w nite:id="Bmr005.w.15,640" starttime="3867.06" endtime="3867.35" c="W">and</w>
   <w nite:id="Bmr005.w.15,641" starttime="3867.43" endtime="3867.87" c="W">everything</w>
   <w nite:id="Bmr005.w.15,642" starttime="3867.87" endtime="3867.87" c="CM">,</w>
   <w nite:id="Bmr005.w.15,643" starttime="3867.87" endtime="3867.97" c="W">and</w>
   <w nite:id="Bmr005.w.15,644" starttime="3867.97" endtime="3868.22" c="W">then</w>
   <w nite:id="Bmr005.w.15,645" starttime="3868.35" endtime="3868.5" c="W">talk</w>
   <w nite:id="Bmr005.w.15,646" starttime="3868.5" endtime="3868.67" c="W">about</w>
   <w nite:id="Bmr005.w.15,647" starttime="3868.67" endtime="3868.88" c="W">doing</w>
   <w nite:id="Bmr005.w.15,648" starttime="3868.88" endtime="3868.94" c="W">it</w>
   <w nite:id="Bmr005.w.15,649" starttime="3868.94" endtime="3869.23" c="W">without</w>
   <w nite:id="Bmr005.w.15,650" starttime="3869.23" endtime="3869.55" c="W">digits</w>
   <w nite:id="Bmr005.w.15,651" starttime="3869.55" endtime="3869.55" c="CM">,</w>
   <w nite:id="Bmr005.w.15,652" starttime="3869.55" endtime="3869.7" c="W">what</w>
   <w nite:id="Bmr005.w.15,653" starttime="3869.7" endtime="3869.83" c="W">if</w>
   <w nite:id="Bmr005.w.15,654" starttime="3869.83" endtime="3870.05" c="W">we</w>
   <w nite:id="Bmr005.w.15,655" starttime="3870.4" endtime="3870.56" c="W">had</w>
   <w nite:id="Bmr005.w.15,656" starttime="3870.56" endtime="3870.91" c="W">another</w>
   <w nite:id="Bmr005.w.15,657" starttime="3870.91" endtime="3871.32" c="W">level</w>
   <w nite:id="Bmr005.w.15,658" starttime="3871.32" endtime="3871.32" c="CM">,</w>
   <w nite:id="Bmr005.w.15,659" starttime="3871.5" endtime="3871.82" c="W">just</w>
   <w nite:id="Bmr005.w.15,660" starttime="3871.82" endtime="3871.92" c="W">to</w>
   <w nite:id="Bmr005.w.15,661" starttime="3871.92" endtime="3872.29" c="W">collect</w>
   <w nite:id="Bmr005.w.15,662" starttime="3872.29" endtime="3872.51" c="W">data</w>
   <w nite:id="Bmr005.w.15,663" starttime="3872.51" endtime="3872.51" c="CM">,</w>
   <w nite:id="Bmr005.w.15,664" starttime="3872.51" endtime="3872.73" c="W">which</w>
   <w nite:id="Bmr005.w.15,665" starttime="3872.73" endtime="3872.83" c="W">is</w>
   <w nite:id="Bmr005.w.15,666" starttime="3872.83" endtime="3873.17" c="W">without</w>
   <w nite:id="Bmr005.w.15,667" starttime="3873.17" endtime="3873.25" c="W">the</w>
   <w nite:id="Bmr005.w.15,668" starttime="3873.25" endtime="3873.59" c="W">headsets</w>
   <w nite:id="Bmr005.w.15,669" starttime="3873.85" endtime="3874.14" c="W">and</w>
   <w nite:id="Bmr005.w.15,670" starttime="3874.14" endtime="3874.28" c="W">we</w>
   <w nite:id="Bmr005.w.15,671" starttime="3874.28" endtime="3874.52" c="W">just</w>
   <w nite:id="Bmr005.w.15,672" starttime="3874.52" endtime="3874.73" c="W">did</w>
   <w nite:id="Bmr005.w.15,673" starttime="3874.73" endtime="3874.9" c="W">the</w>
   <w nite:id="Bmr005.w.15,674" starttime="3875.47" endtime="" c="W">table</w>
   <w nite:id="Bmr005.w.15,675" starttime="" endtime="" c="HYPH">-</w>
   <w nite:id="Bmr005.w.15,676" starttime="" endtime="3876.16" c="W">mounted</w>
   <w nite:id="Bmr005.w.15,677" starttime="3876.32" endtime="3876.52" c="W">stuff</w>
   <w nite:id="Bmr005.w.15,678" starttime="3876.52" endtime="3876.52" c=".">.</w>
   <w nite:id="Bmr005.w.15,686" starttime="3877.48" endtime="3877.54" c="W">You</w>
   <w nite:id="Bmr005.w.15,687" starttime="3877.54" endtime="3877.69" c="W">do</w>
   <w nite:id="Bmr005.w.15,688" starttime="3877.69" endtime="3877.69" c="CM">,</w>
   <w nite:id="Bmr005.w.15,689" starttime="3877.8" endtime="3878.04" t="PLET" c="W">OK</w>
   <w nite:id="Bmr005.w.15,690" starttime="3878.04" endtime="3878.04" c=".">.</w>
   <w nite:id="Bmr005.w.15,744" starttime="3883.25" endtime="3883.38" c="W">I</w>
   <w nite:id="Bmr005.w.15,745" starttime="3883.38" endtime="3883.55" c="W">see</w>
   <w nite:id="Bmr005.w.15,746" starttime="3883.55" endtime="3883.55" c="CM">,</w>
   <w nite:id="Bmr005.w.15,747" starttime="3883.55" endtime="3883.82" t="PLET" c="W">OK</w>
   <w nite:id="Bmr005.w.15,748" starttime="3883.82" endtime="3883.82" c=".">.</w>
   <w nite:id="Bmr005.w.16,043" starttime="3944.66" endtime="3944.75" c="W">Have</w>
   <w nite:id="Bmr005.w.16,044" starttime="3944.75" endtime="3944.82" c="W">they</w>
   <w nite:id="Bmr005.w.16,045" starttime="3944.82" endtime="3944.98" c="W">ever</w>
   <w nite:id="Bmr005.w.16,046" starttime="3944.98" endtime="3945.54" c="W">responded</w>
   <w nite:id="Bmr005.w.16,047" starttime="3945.54" endtime="3945.6" c="W">to</w>
   <w nite:id="Bmr005.w.16,048" starttime="3945.6" endtime="3945.7" c="W">you</w>
   <w nite:id="Bmr005.w.16,049" starttime="3945.7" endtime="3945.7" c=".">?</w>
   <vocalsound nite:id="Bmr005.vocalsound.235" starttime="" endtime="" description="outbreath"/>
   <w nite:id="Bmr005.w.16,584" starttime="4051.21" endtime="4051.45" c="W">Is</w>
   <w nite:id="Bmr005.w.16,585" starttime="4051.45" endtime="4051.83" c="W">the</w>
   <w nite:id="Bmr005.w.16,586" starttime="4051.83" endtime="4052.26" c="W">uh</w>
   <w nite:id="Bmr005.w.16,587" starttime="4052.26" endtime="4052.26" c="CM">,</w>
   <w nite:id="Bmr005.w.16,588" starttime="4052.4" endtime="4052.69" c="W">notion</w>
   <w nite:id="Bmr005.w.16,589" starttime="4052.69" endtime="4052.76" c="W">of</w>
   <w nite:id="Bmr005.w.16,590" starttime="4052.76" endtime="4053.13" c="W">recording</w>
   <w nite:id="Bmr005.w.16,591" starttime="4053.13" endtime="4053.41" c="W">any</w>
   <w nite:id="Bmr005.w.16,592" starttime="4053.41" endtime="4053.51" c="W">of</w>
   <w nite:id="Bmr005.w.16,593" starttime="4053.51" endtime="" c="W">Chuck</w>
   <w nite:id="Bmr005.w.16,594" starttime="" endtime="4053.87" c="APOSS">'s</w>
   <w nite:id="Bmr005.w.16,595" starttime="4053.87" endtime="4054.39" c="W">meetings</w>
   <w nite:id="Bmr005.w.16,596" starttime="4054.47" endtime="4054.64" c="W">dead</w>
   <w nite:id="Bmr005.w.16,597" starttime="4054.64" endtime="4054.7" c="W">in</w>
   <w nite:id="Bmr005.w.16,598" starttime="4054.7" endtime="4054.76" c="W">the</w>
   <w nite:id="Bmr005.w.16,599" starttime="4054.76" endtime="4055.12" c="W">water</w>
   <w nite:id="Bmr005.w.16,600" starttime="4055.12" endtime="4055.12" c="CM">,</w>
   <w nite:id="Bmr005.w.16,601" starttime="4055.12" endtime="4055.34" c="W">or</w>
   <w nite:id="Bmr005.w.16,602" starttime="4055.34" endtime="4055.5" c="W">is</w>
   <w nite:id="Bmr005.w.16,603" starttime="4055.5" endtime="4055.71" c="W">that</w>
   <w nite:id="Bmr005.w.16,604" starttime="4055.83" endtime="4056.07" c="W">still</w>
   <w nite:id="Bmr005.w.16,605" starttime="4056.07" endtime="4056.12" c="W">a</w>
   <w nite:id="Bmr005.w.16,606" starttime="4056.12" endtime="4056.66" c="W">possibility</w>
   <w nite:id="Bmr005.w.16,607" starttime="4056.66" endtime="4056.66" c=".">?</w>
   <vocalsound nite:id="Bmr005.vocalsound.241" starttime="" endtime="" description="laugh"/>
   <w nite:id="Bmr005.w.16,988" starttime="4144.35" endtime="4144.45" c="W">Well</w>
   <w nite:id="Bmr005.w.16,989" starttime="4144.45" endtime="4144.45" c="CM">,</w>
   <w nite:id="Bmr005.w.16,990" starttime="4144.45" endtime="4144.99" c="W">even</w>
   <disfmarker nite:id="Bmr005.disfmarker.928" starttime="" endtime=""/>
   <w nite:id="Bmr005.w.16,991" starttime="4144.99" endtime="4145.08" c="W">I</w>
   <w nite:id="Bmr005.w.16,992" starttime="4145.08" endtime="4145.3" c="W">mean</w>
   <w nite:id="Bmr005.w.16,993" starttime="4145.3" endtime="4145.3" c="CM">,</w>
   <w nite:id="Bmr005.w.16,994" starttime="4145.3" endtime="4145.57" c="W">coming</w>
   <w nite:id="Bmr005.w.16,995" starttime="4145.57" endtime="4145.72" c="W">down</w>
   <w nite:id="Bmr005.w.16,996" starttime="4145.72" endtime="4145.88" c="W">from</w>
   <w nite:id="Bmr005.w.16,997" starttime="4145.88" endtime="4146.56" c="W">campus</w>
   <w nite:id="Bmr005.w.16,998" starttime="4146.66" endtime="4146.88" c="W">is</w>
   <w nite:id="Bmr005.w.16,999" starttime="4147.36" endtime="4147.57" c="W">sort</w>
   <w nite:id="Bmr005.w.17,000" starttime="4147.57" endtime="4147.65" c="W">of</w>
   <w nite:id="Bmr005.w.17,001" starttime="4147.65" endtime="4147.68" c="W">a</w>
   <w nite:id="Bmr005.w.17,002" starttime="4147.68" endtime="4147.9" c="W">big</w>
   <w nite:id="Bmr005.w.17,003" starttime="4148.11" endtime="4148.4" c="W">thing</w>
   <w nite:id="Bmr005.w.17,004" starttime="4148.4" endtime="4148.4" c="CM">,</w>
   <w nite:id="Bmr005.w.17,005" starttime="4148.49" endtime="4148.64" c="W">but</w>
   <w nite:id="Bmr005.w.17,006" starttime="4148.64" endtime="4148.82" c="W">what</w>
   <w nite:id="Bmr005.w.17,007" starttime="4148.82" endtime="4149.19" c="W">about</w>
   <w nite:id="Bmr005.w.17,013" starttime="4150.6" endtime="4150.75" c="W">or</w>
   <w nite:id="Bmr005.w.17,014" starttime="4150.75" endtime="4150.9" c="W">what</w>
   <w nite:id="Bmr005.w.17,015" starttime="4150.9" endtime="4151.2" c="W">about</w>
   <w nite:id="Bmr005.w.17,016" starttime="4151.2" endtime="4151.61" c="W">people</w>
   <w nite:id="Bmr005.w.17,017" starttime="4151.61" endtime="4151.72" c="W">in</w>
   <w nite:id="Bmr005.w.17,018" starttime="4151.72" endtime="4151.78" c="W">the</w>
   <disfmarker nite:id="Bmr005.disfmarker.929" starttime="" endtime=""/>
   <w nite:id="Bmr005.w.17,019" starttime="4151.78" endtime="4151.85" c="W">in</w>
   <w nite:id="Bmr005.w.17,020" starttime="4151.85" endtime="4151.93" c="W">the</w>
   <w nite:id="Bmr005.w.17,021" starttime="4151.93" endtime="4152.3" c="W">building</w>
   <w nite:id="Bmr005.w.17,022" starttime="4152.3" endtime="4152.3" c=".">?</w>
   <w nite:id="Bmr005.w.17,037" starttime="4153.62" endtime="4153.69" c="W">I</w>
   <w nite:id="Bmr005.w.17,038" starttime="4153.69" endtime="4153.82" c="W">mean</w>
   <w nite:id="Bmr005.w.17,039" starttime="4153.82" endtime="4153.82" c="CM">,</w>
   <w nite:id="Bmr005.w.17,040" starttime="4153.82" endtime="" c="W">there</w>
   <w nite:id="Bmr005.w.17,041" starttime="" endtime="4154.01" c="APOSS">'s</w>
   <w nite:id="Bmr005.w.17,042" starttime="4154.09" endtime="4154.15" c="W">the</w>
   <w nite:id="Bmr005.w.17,043" starttime="4154.15" endtime="4154.41" c="W">State</w>
   <w nite:id="Bmr005.w.17,044" starttime="4154.41" endtime="4154.49" c="W">of</w>
   <w nite:id="Bmr005.w.17,045" starttime="4154.49" endtime="4155.41" c="W">California</w>
   <w nite:id="Bmr005.w.17,046" starttime="4156.06" endtime="4156.79" c="W">downstairs</w>
   <w nite:id="Bmr005.w.17,047" starttime="4156.79" endtime="4156.79" c="CM">,</w>
   <w nite:id="Bmr005.w.17,048" starttime="4156.79" endtime="4157.17" c="W">and</w>
   <disfmarker nite:id="Bmr005.disfmarker.930" starttime="" endtime=""/>
   <w nite:id="Bmr005.w.17,077" starttime="4162.64" endtime="4163.0" c="W">Oh</w>
   <w nite:id="Bmr005.w.17,078" starttime="4163.0" endtime="4163.0" c=".">.</w>
   <w nite:id="Bmr005.w.17,176" starttime="4180.51" endtime="4180.6" c="W">What</w>
   <w nite:id="Bmr005.w.17,177" starttime="4180.6" endtime="4180.77" c="W">about</w>
   <w nite:id="Bmr005.w.17,178" starttime="4180.77" endtime="4181.16" c="W">Joachim</w>
   <w nite:id="Bmr005.w.17,179" starttime="4181.16" endtime="4181.16" c="CM">,</w>
   <w nite:id="Bmr005.w.17,180" starttime="4181.16" endtime="4181.41" c="W">maybe</w>
   <w nite:id="Bmr005.w.17,181" starttime="4181.41" endtime="4181.51" c="W">he</w>
   <w nite:id="Bmr005.w.17,182" starttime="4181.51" endtime="4181.73" c="W">can</w>
   <disfmarker nite:id="Bmr005.disfmarker.933" starttime="" endtime=""/>
   <comment nite:id="Bmr005.comment.314" starttime="" endtime="" description="abandoned as clear"/>
   <vocalsound nite:id="Bmr005.vocalsound.243" starttime="" endtime="" description="laugh"/>
   <w nite:id="Bmr005.w.17,240" starttime="4191.47" endtime="4191.54" c="W">You</w>
   <w nite:id="Bmr005.w.17,241" starttime="4191.54" endtime="4191.65" c="W">could</w>
   <w nite:id="Bmr005.w.17,242" starttime="4191.65" endtime="4191.75" c="W">get</w>
   <w nite:id="Bmr005.w.17,243" starttime="4191.75" endtime="4191.78" c="W">a</w>
   <w nite:id="Bmr005.w.17,244" starttime="4191.78" endtime="4191.96" c="W">lot</w>
   <w nite:id="Bmr005.w.17,245" starttime="4191.96" endtime="4192.02" c="W">of</w>
   <w nite:id="Bmr005.w.17,246" starttime="4192.02" endtime="4192.42" c="W">lively</w>
   <w nite:id="Bmr005.w.17,247" starttime="4192.42" endtime="4193.01" c="W">discussions</w>
   <w nite:id="Bmr005.w.17,248" starttime="4193.01" endtime="4193.21" c="W">from</w>
   <w nite:id="Bmr005.w.17,249" starttime="4193.21" endtime="4193.43" c="W">those</w>
   <w nite:id="Bmr005.w.17,250" starttime="4193.43" endtime="4193.75" c="W">radio</w>
   <w nite:id="Bmr005.w.17,251" starttime="4193.75" endtime="4193.96" c="W">ones</w>
   <w nite:id="Bmr005.w.17,252" starttime="4193.96" endtime="4193.96" c=".">.</w>
</nite:root>