<?xml version="1.0" encoding="ISO-8859-1" standalone="yes"?>
<nite:root nite:id="Bmr005.H.words" xmlns:nite="http://nite.sourceforge.net/">
   <w nite:id="Bmr005.w.277" starttime="" endtime="" t="PLET" c="W">OK</w>
   <w nite:id="Bmr005.w.278" starttime="" endtime="" c=".">.</w>
   <w nite:id="Bmr005.w.279" starttime="" endtime="" c="W">Transcript</w>
   <w nite:id="Bmr005.w.280" starttime="" endtime="" c="W">number</w>
   <w nite:id="Bmr005.w.281" starttime="" endtime="" c="W">one</w>
   <w nite:id="Bmr005.w.282" starttime="" endtime="" c="W">one</w>
   <w nite:id="Bmr005.w.283" starttime="" endtime="" c="W">nine</w>
   <w nite:id="Bmr005.w.284" starttime="" endtime="" c="W">one</w>
   <w nite:id="Bmr005.w.285" starttime="" endtime="" c="W">dash</w>
   <w nite:id="Bmr005.w.286" starttime="" endtime="" c="W">one</w>
   <w nite:id="Bmr005.w.287" starttime="" endtime="" c="W">two</w>
   <w nite:id="Bmr005.w.288" starttime="" endtime="" c="W">one</w>
   <w nite:id="Bmr005.w.289" starttime="" endtime="" c="W">zero</w>
   <w nite:id="Bmr005.w.290" starttime="" endtime="" c=".">.</w>
   <comment nite:id="Bmr005.comment.24" starttime="" endtime="" description="Digits"/>
   <w nite:id="Bmr005.w.291" starttime="" endtime="" c="W">eight</w>
   <w nite:id="Bmr005.w.292" starttime="" endtime="" c="W">zero</w>
   <w nite:id="Bmr005.w.293" starttime="" endtime="" c="W">one</w>
   <w nite:id="Bmr005.w.294" starttime="" endtime="" c="W">one</w>
   <comment nite:id="Bmr005.comment.25" starttime="" endtime="" description="Digits"/>
   <w nite:id="Bmr005.w.295" starttime="" endtime="" c="LET">O</w>
   <w nite:id="Bmr005.w.296" starttime="" endtime="" c="W">one</w>
   <w nite:id="Bmr005.w.297" starttime="" endtime="" c="W">nine</w>
   <w nite:id="Bmr005.w.298" starttime="" endtime="" c="W">seven</w>
   <w nite:id="Bmr005.w.299" starttime="" endtime="" c="W">four</w>
   <comment nite:id="Bmr005.comment.26" starttime="" endtime="" description="Digits"/>
   <w nite:id="Bmr005.w.300" starttime="" endtime="" c="W">zero</w>
   <w nite:id="Bmr005.w.301" starttime="" endtime="" c="W">two</w>
   <w nite:id="Bmr005.w.302" starttime="" endtime="" c="W">six</w>
   <comment nite:id="Bmr005.comment.27" starttime="" endtime="" description="Digits"/>
   <w nite:id="Bmr005.w.303" starttime="" endtime="" c="W">one</w>
   <w nite:id="Bmr005.w.304" starttime="" endtime="" c="W">six</w>
   <comment nite:id="Bmr005.comment.28" starttime="" endtime="" description="Digits"/>
   <w nite:id="Bmr005.w.305" starttime="" endtime="" c="W">two</w>
   <w nite:id="Bmr005.w.306" starttime="" endtime="" c="W">eight</w>
   <w nite:id="Bmr005.w.307" starttime="" endtime="" c="W">four</w>
   <w nite:id="Bmr005.w.308" starttime="" endtime="" c="W">eight</w>
   <w nite:id="Bmr005.w.309" starttime="" endtime="" c="W">three</w>
   <w nite:id="Bmr005.w.310" starttime="" endtime="" c="W">three</w>
   <w nite:id="Bmr005.w.311" starttime="" endtime="" c="W">seven</w>
   <comment nite:id="Bmr005.comment.29" starttime="" endtime="" description="Digits"/>
   <w nite:id="Bmr005.w.312" starttime="" endtime="" c="W">three</w>
   <comment nite:id="Bmr005.comment.30" starttime="" endtime="" description="Digits"/>
   <w nite:id="Bmr005.w.313" starttime="" endtime="" c="W">four</w>
   <comment nite:id="Bmr005.comment.31" starttime="" endtime="" description="Digits"/>
   <w nite:id="Bmr005.w.314" starttime="" endtime="" c="W">five</w>
   <w nite:id="Bmr005.w.315" starttime="" endtime="" c="LET">O</w>
   <w nite:id="Bmr005.w.316" starttime="" endtime="" c="W">five</w>
   <w nite:id="Bmr005.w.317" starttime="" endtime="" c="LET">O</w>
   <w nite:id="Bmr005.w.318" starttime="" endtime="" c="CM">,</w>
   <w nite:id="Bmr005.w.319" starttime="" endtime="" c="W">eight</w>
   <w nite:id="Bmr005.w.320" starttime="" endtime="" c="W">five</w>
   <w nite:id="Bmr005.w.321" starttime="" endtime="" c="W">six</w>
   <comment nite:id="Bmr005.comment.32" starttime="" endtime="" description="Digits"/>
   <w nite:id="Bmr005.w.322" starttime="" endtime="" c="W">seven</w>
   <w nite:id="Bmr005.w.323" starttime="" endtime="" c="W">three</w>
   <w nite:id="Bmr005.w.324" starttime="" endtime="" c="W">eight</w>
   <comment nite:id="Bmr005.comment.33" starttime="" endtime="" description="Digits"/>
   <w nite:id="Bmr005.w.325" starttime="" endtime="" c="W">eight</w>
   <w nite:id="Bmr005.w.326" starttime="" endtime="" c="W">eight</w>
   <w nite:id="Bmr005.w.327" starttime="" endtime="" c="W">two</w>
   <w nite:id="Bmr005.w.328" starttime="" endtime="" c="W">nine</w>
   <w nite:id="Bmr005.w.329" starttime="" endtime="" c="W">three</w>
   <comment nite:id="Bmr005.comment.34" starttime="" endtime="" description="Digits"/>
   <w nite:id="Bmr005.w.330" starttime="" endtime="" c="W">nine</w>
   <w nite:id="Bmr005.w.331" starttime="" endtime="" c="W">seven</w>
   <w nite:id="Bmr005.w.332" starttime="" endtime="" c="W">eight</w>
   <w nite:id="Bmr005.w.333" starttime="" endtime="" c="W">four</w>
   <w nite:id="Bmr005.w.334" starttime="" endtime="" c="LET">O</w>
   <comment nite:id="Bmr005.comment.35" starttime="" endtime="" description="Digits"/>
   <w nite:id="Bmr005.w.335" starttime="" endtime="" c="LET">O</w>
   <w nite:id="Bmr005.w.336" starttime="" endtime="" c="W">eight</w>
   <w nite:id="Bmr005.w.337" starttime="" endtime="" c="W">six</w>
   <w nite:id="Bmr005.w.338" starttime="" endtime="" c="W">three</w>
   <comment nite:id="Bmr005.comment.36" starttime="" endtime="" description="Digits"/>
   <w nite:id="Bmr005.w.339" starttime="" endtime="" c="W">zero</w>
   <w nite:id="Bmr005.w.340" starttime="" endtime="" c="W">nine</w>
   <w nite:id="Bmr005.w.341" starttime="" endtime="" c="W">four</w>
   <w nite:id="Bmr005.w.342" starttime="" endtime="" c="W">nine</w>
   <w nite:id="Bmr005.w.343" starttime="" endtime="" c="W">seven</w>
   <w nite:id="Bmr005.w.344" starttime="" endtime="" c="W">four</w>
   <w nite:id="Bmr005.w.345" starttime="" endtime="" c="W">four</w>
   <comment nite:id="Bmr005.comment.37" starttime="" endtime="" description="Digits"/>
   <w nite:id="Bmr005.w.346" starttime="" endtime="" c="W">one</w>
   <comment nite:id="Bmr005.comment.38" starttime="" endtime="" description="Digits"/>
   <w nite:id="Bmr005.w.347" starttime="" endtime="" c="W">two</w>
   <w nite:id="Bmr005.w.348" starttime="" endtime="" c="W">zero</w>
   <w nite:id="Bmr005.w.349" starttime="" endtime="" c="W">eight</w>
   <comment nite:id="Bmr005.comment.39" starttime="" endtime="" description="Digits"/>
   <w nite:id="Bmr005.w.350" starttime="" endtime="" c="W">four</w>
   <w nite:id="Bmr005.w.351" starttime="" endtime="" c="TRUNCW">w</w>
   <w nite:id="Bmr005.w.352" starttime="" endtime="" c="W">one</w>
   <comment nite:id="Bmr005.comment.40" starttime="" endtime="" description="Digits"/>
   <w nite:id="Bmr005.w.353" starttime="" endtime="" c="W">five</w>
   <w nite:id="Bmr005.w.354" starttime="" endtime="" c="W">four</w>
   <w nite:id="Bmr005.w.355" starttime="" endtime="" c="W">eight</w>
   <w nite:id="Bmr005.w.356" starttime="" endtime="" c="W">four</w>
   <w nite:id="Bmr005.w.357" starttime="" endtime="" c="W">zero</w>
   <comment nite:id="Bmr005.comment.41" starttime="" endtime="" description="Digits"/>
   <w nite:id="Bmr005.w.358" starttime="" endtime="" c="W">six</w>
   <w nite:id="Bmr005.w.359" starttime="" endtime="" c="W">eight</w>
   <w nite:id="Bmr005.w.360" starttime="" endtime="" c="W">three</w>
   <w nite:id="Bmr005.w.361" starttime="" endtime="" c="LET">O</w>
   <w nite:id="Bmr005.w.362" starttime="" endtime="" c="W">three</w>
   <w nite:id="Bmr005.w.363" starttime="" endtime="" c="W">eight</w>
   <w nite:id="Bmr005.w.364" starttime="" endtime="" c="W">seven</w>
   <comment nite:id="Bmr005.comment.42" starttime="" endtime="" description="Digits"/>
   <w nite:id="Bmr005.w.365" starttime="" endtime="" c="W">seven</w>
   <comment nite:id="Bmr005.comment.43" starttime="" endtime="" description="Digits"/>
   <w nite:id="Bmr005.w.366" starttime="" endtime="" c="W">eight</w>
   <comment nite:id="Bmr005.comment.44" starttime="" endtime="" description="Digits"/>
   <nonvocalsound nite:id="Bmr005.nonvocalsound.2" starttime="" endtime="" description="mike noise"/>
   <vocalsound nite:id="Bmr005.vocalsound.4" starttime="" endtime="" description="breath"/>
   <w nite:id="Bmr005.w.870" starttime="360.228" endtime="360.568" t="PLET" c="W">OK</w>
   <w nite:id="Bmr005.w.871" starttime="360.568" endtime="360.568" c=".">.</w>
   <vocalsound nite:id="Bmr005.vocalsound.6" starttime="" endtime="" description="inbreath"/>
   <vocalsound nite:id="Bmr005.vocalsound.7" starttime="" endtime="" description="inbreath"/>
   <w nite:id="Bmr005.w.872" starttime="363.429" endtime="363.509" c="W">Umh</w>
   <w nite:id="Bmr005.w.873" starttime="363.509" endtime="363.509" c=".">.</w>
   <comment nite:id="Bmr005.comment.174" starttime="" endtime="" description="clears throat quietly"/>
   <vocalsound nite:id="Bmr005.vocalsound.9" starttime="" endtime="" description="laugh"/>
   <nonvocalsound nite:id="Bmr005.nonvocalsound.3" starttime="" endtime="" description="mike noise"/>
   <nonvocalsound nite:id="Bmr005.nonvocalsound.4" starttime="" endtime="" description="mike noise"/>
   <nonvocalsound nite:id="Bmr005.nonvocalsound.5" starttime="" endtime="" description="mike noise"/>
   <vocalsound nite:id="Bmr005.vocalsound.25" starttime="" endtime="" description="laugh"/>
   <vocalsound nite:id="Bmr005.vocalsound.28" starttime="" endtime="" description="laugh"/>
   <nonvocalsound nite:id="Bmr005.nonvocalsound.6" starttime="" endtime="" description="mike noise"/>
   <vocalsound nite:id="Bmr005.vocalsound.68" starttime="" endtime="" description="laugh"/>
   <nonvocalsound nite:id="Bmr005.nonvocalsound.7" starttime="" endtime="" description="mike noise"/>
   <nonvocalsound nite:id="Bmr005.nonvocalsound.8" starttime="" endtime="" description="mike noise"/>
   <nonvocalsound nite:id="Bmr005.nonvocalsound.9" starttime="" endtime="" description="mike noise"/>
   <nonvocalsound nite:id="Bmr005.nonvocalsound.10" starttime="" endtime="" description="mike noise"/>
   <nonvocalsound nite:id="Bmr005.nonvocalsound.11" starttime="" endtime="" description="mike noise"/>
   <vocalsound nite:id="Bmr005.vocalsound.116" starttime="" endtime="" description="laugh"/>
   <nonvocalsound nite:id="Bmr005.nonvocalsound.13" starttime="" endtime="" description="mike noise"/>
   <nonvocalsound nite:id="Bmr005.nonvocalsound.18" starttime="" endtime="" description="mike noise"/>
   <nonvocalsound nite:id="Bmr005.nonvocalsound.19" starttime="" endtime="" description="mike noise"/>
   <nonvocalsound nite:id="Bmr005.nonvocalsound.22" starttime="" endtime="" description="mike noise"/>
   <nonvocalsound nite:id="Bmr005.nonvocalsound.23" starttime="" endtime="" description="mike noise"/>
   <nonvocalsound nite:id="Bmr005.nonvocalsound.28" starttime="" endtime="" description="mike noise"/>
   <vocalsound nite:id="Bmr005.vocalsound.152" starttime="" endtime="" description="clears throat"/>
   <nonvocalsound nite:id="Bmr005.nonvocalsound.30" starttime="" endtime="" description="mike noise"/>
   <w nite:id="Bmr005.w.9,292" starttime="2382.11" endtime="2382.16" c="W">I</w>
   <w nite:id="Bmr005.w.9,293" starttime="2382.16" endtime="2382.33" c="W">have</w>
   <w nite:id="Bmr005.w.9,294" starttime="2382.33" endtime="2382.44" c="W">to</w>
   <w nite:id="Bmr005.w.9,295" starttime="2382.44" endtime="2382.53" c="W">go</w>
   <w nite:id="Bmr005.w.9,296" starttime="2382.53" endtime="2382.53" c=".">.</w>
   <comment nite:id="Bmr005.comment.241" starttime="" endtime="" description="whispered, over mike noise"/>
   <nonvocalsound nite:id="Bmr005.nonvocalsound.32" starttime="" endtime="" description="mike noise"/>
   <nonvocalsound nite:id="Bmr005.nonvocalsound.33" starttime="" endtime="" description="mike noise"/>
   <nonvocalsound nite:id="Bmr005.nonvocalsound.34" starttime="" endtime="" description="mike noise"/>
   <w nite:id="Bmr005.w.9,489" starttime="" endtime="" c="W">I</w>
   <w nite:id="Bmr005.w.9,490" starttime="" endtime="" c="W">have</w>
   <w nite:id="Bmr005.w.9,491" starttime="" endtime="" c="W">to</w>
   <w nite:id="Bmr005.w.9,492" starttime="" endtime="" c="W">go</w>
   <w nite:id="Bmr005.w.9,493" starttime="" endtime="" c=".">.</w>
   <w nite:id="Bmr005.w.9,506" starttime="" endtime="" c="W">Just</w>
   <w nite:id="Bmr005.w.9,507" starttime="" endtime="" c="W">give</w>
   <w nite:id="Bmr005.w.9,508" starttime="" endtime="" c="W">me</w>
   <w nite:id="Bmr005.w.9,509" starttime="" endtime="" c="W">an</w>
   <w nite:id="Bmr005.w.9,510" starttime="" endtime="" c="W">email</w>
   <w nite:id="Bmr005.w.9,511" starttime="" endtime="" c=".">.</w>
   <nonvocalsound nite:id="Bmr005.nonvocalsound.35" starttime="" endtime="" description="mike noise"/>
   <nonvocalsound nite:id="Bmr005.nonvocalsound.49" starttime="" endtime="" description="mike noise"/>
   <comment nite:id="Bmr005.comment.279" starttime="" endtime="" description="finishes taking off mike"/>
</nite:root>