<?xml version="1.0" encoding="ISO-8859-1" standalone="yes"?>
<nite:root nite:id="Bmr005.D.segs" xmlns:nite="http://nite.sourceforge.net/">
   <segment nite:id="Bmr005.segment.20" starttime="45.752" endtime="46.279" participant="mn005" timing-provenance="segment">
      <nite:child href="Bmr005.D.words.xml#id(Bmr005.vocalsound.2)"/>
   </segment>
   <segment nite:id="Bmr005.segment.75" starttime="145.504" endtime="146.148" participant="mn005" timing-provenance="segment">
      <nite:child href="Bmr005.D.words.xml#id(Bmr005.vocalsound.3)"/>
   </segment>
   <segment nite:id="Bmr005.segment.109" starttime="205.56" endtime="207.25" participant="mn005" timing-provenance="dialogueact">
      <nite:child href="Bmr005.D.words.xml#id(Bmr005.w.520)..id(Bmr005.w.526)"/>
   </segment>
   <segment nite:id="Bmr005.segment.174" starttime="317.103" endtime="320.672" participant="mn005" digittask="true" timing-provenance="segment">
      <nite:child href="Bmr005.D.words.xml#id(Bmr005.w.755)..id(Bmr005.comment.150)"/>
   </segment>
   <segment nite:id="Bmr005.segment.175" starttime="320.929" endtime="322.399" participant="mn005" digittask="true" timing-provenance="segment">
      <nite:child href="Bmr005.D.words.xml#id(Bmr005.w.767)..id(Bmr005.comment.151)"/>
   </segment>
   <segment nite:id="Bmr005.segment.176" starttime="322.71" endtime="325.658" participant="mn005" digittask="true" timing-provenance="segment">
      <nite:child href="Bmr005.D.words.xml#id(Bmr005.w.772)..id(Bmr005.comment.152)"/>
   </segment>
   <segment nite:id="Bmr005.segment.177" starttime="326.112" endtime="326.647" participant="mn005" digittask="true" timing-provenance="segment">
      <nite:child href="Bmr005.D.words.xml#id(Bmr005.w.780)..id(Bmr005.comment.153)"/>
   </segment>
   <segment nite:id="Bmr005.segment.178" starttime="326.647" endtime="327.676" participant="mn005" digittask="true" timing-provenance="segment">
      <nite:child href="Bmr005.D.words.xml#id(Bmr005.w.781)..id(Bmr005.comment.154)"/>
   </segment>
   <segment nite:id="Bmr005.segment.179" starttime="328.236" endtime="328.967" participant="mn005" digittask="true" timing-provenance="segment">
      <nite:child href="Bmr005.D.words.xml#id(Bmr005.w.784)..id(Bmr005.comment.156)"/>
   </segment>
   <segment nite:id="Bmr005.segment.180" starttime="329.169" endtime="330.39" participant="mn005" digittask="true" timing-provenance="segment">
      <nite:child href="Bmr005.D.words.xml#id(Bmr005.w.786)..id(Bmr005.comment.157)"/>
   </segment>
   <segment nite:id="Bmr005.segment.181" starttime="330.39" endtime="332.21" participant="mn005" digittask="true" timing-provenance="segment">
      <nite:child href="Bmr005.D.words.xml#id(Bmr005.w.789)..id(Bmr005.comment.158)"/>
   </segment>
   <segment nite:id="Bmr005.segment.182" starttime="332.425" endtime="333.881" participant="mn005" digittask="true" timing-provenance="segment">
      <nite:child href="Bmr005.D.words.xml#id(Bmr005.w.794)..id(Bmr005.comment.159)"/>
   </segment>
   <segment nite:id="Bmr005.segment.183" starttime="334.155" endtime="335.423" participant="mn005" digittask="true" timing-provenance="segment">
      <nite:child href="Bmr005.D.words.xml#id(Bmr005.w.798)..id(Bmr005.comment.160)"/>
   </segment>
   <segment nite:id="Bmr005.segment.184" starttime="335.835" endtime="338.231" participant="mn005" digittask="true" timing-provenance="segment">
      <nite:child href="Bmr005.D.words.xml#id(Bmr005.w.801)..id(Bmr005.comment.161)"/>
   </segment>
   <segment nite:id="Bmr005.segment.185" starttime="338.5" endtime="339.628" participant="mn005" digittask="true" timing-provenance="segment">
      <nite:child href="Bmr005.D.words.xml#id(Bmr005.w.808)..id(Bmr005.comment.162)"/>
   </segment>
   <segment nite:id="Bmr005.segment.186" starttime="339.916" endtime="340.334" participant="mn005" digittask="true" timing-provenance="segment">
      <nite:child href="Bmr005.D.words.xml#id(Bmr005.w.811)..id(Bmr005.comment.163)"/>
   </segment>
   <segment nite:id="Bmr005.segment.187" starttime="340.334" endtime="342.408" participant="mn005" digittask="true" timing-provenance="segment">
      <nite:child href="Bmr005.D.words.xml#id(Bmr005.w.812)..id(Bmr005.comment.164)"/>
   </segment>
   <segment nite:id="Bmr005.segment.188" starttime="342.789" endtime="345.256" participant="mn005" digittask="true" timing-provenance="segment">
      <nite:child href="Bmr005.D.words.xml#id(Bmr005.w.817)..id(Bmr005.comment.165)"/>
   </segment>
   <segment nite:id="Bmr005.segment.189" starttime="345.799" endtime="348.506" participant="mn005" digittask="true" timing-provenance="segment">
      <nite:child href="Bmr005.D.words.xml#id(Bmr005.w.824)..id(Bmr005.comment.166)"/>
   </segment>
   <segment nite:id="Bmr005.segment.190" starttime="348.778" endtime="349.808" participant="mn005" digittask="true" timing-provenance="segment">
      <nite:child href="Bmr005.D.words.xml#id(Bmr005.w.831)..id(Bmr005.comment.167)"/>
   </segment>
   <segment nite:id="Bmr005.segment.191" starttime="350.105" endtime="351.318" participant="mn005" digittask="true" timing-provenance="segment">
      <nite:child href="Bmr005.D.words.xml#id(Bmr005.w.833)..id(Bmr005.comment.168)"/>
   </segment>
   <segment nite:id="Bmr005.segment.192" starttime="351.318" endtime="351.905" participant="mn005" digittask="true" timing-provenance="segment">
      <nite:child href="Bmr005.D.words.xml#id(Bmr005.w.836)..id(Bmr005.comment.169)"/>
   </segment>
   <segment nite:id="Bmr005.segment.193" starttime="351.905" endtime="352.557" participant="mn005" digittask="true" timing-provenance="segment">
      <nite:child href="Bmr005.D.words.xml#id(Bmr005.w.837)..id(Bmr005.comment.170)"/>
   </segment>
   <segment nite:id="Bmr005.segment.194" starttime="352.557" endtime="353.425" participant="mn005" digittask="true" timing-provenance="segment">
      <nite:child href="Bmr005.D.words.xml#id(Bmr005.w.838)..id(Bmr005.comment.171)"/>
   </segment>
   <segment nite:id="Bmr005.segment.195" starttime="353.876" endtime="355.609" participant="mn005" digittask="true" timing-provenance="segment">
      <nite:child href="Bmr005.D.words.xml#id(Bmr005.w.840)..id(Bmr005.comment.172)"/>
   </segment>
   <segment nite:id="Bmr005.segment.198" starttime="359.638" endtime="360.618" participant="mn005" timing-provenance="segment">
      <nite:child href="Bmr005.D.words.xml#id(Bmr005.vocalsound.5)"/>
   </segment>
   <segment nite:id="Bmr005.segment.205" starttime="370.856" endtime="371.694" participant="mn005" timing-provenance="segment">
      <nite:child href="Bmr005.D.words.xml#id(Bmr005.vocalsound.8)"/>
   </segment>
   <segment nite:id="Bmr005.segment.208" starttime="372.047" endtime="372.938" participant="mn005" timing-provenance="segment">
      <nite:child href="Bmr005.D.words.xml#id(Bmr005.vocalsound.10)"/>
   </segment>
   <segment nite:id="Bmr005.segment.212" starttime="378.351" endtime="379.479" participant="mn005" timing-provenance="segment">
      <nite:child href="Bmr005.D.words.xml#id(Bmr005.vocalsound.13)"/>
   </segment>
   <segment nite:id="Bmr005.segment.216" starttime="383.549" endtime="384.115" participant="mn005" timing-provenance="segment">
      <nite:child href="Bmr005.D.words.xml#id(Bmr005.vocalsound.15)"/>
   </segment>
   <segment nite:id="Bmr005.segment.223" starttime="405.871" endtime="407.549" participant="mn005" timing-provenance="segment">
      <nite:child href="Bmr005.D.words.xml#id(Bmr005.vocalsound.17)"/>
   </segment>
   <segment nite:id="Bmr005.segment.231" starttime="441.434" endtime="443.233" participant="mn005" timing-provenance="segment">
      <nite:child href="Bmr005.D.words.xml#id(Bmr005.vocalsound.19)"/>
   </segment>
   <segment nite:id="Bmr005.segment.236" starttime="455.295" endtime="455.465" participant="mn005" timing-provenance="dialogueact">
      <nite:child href="Bmr005.D.words.xml#id(Bmr005.w.1,212)..id(Bmr005.w.1,213)"/>
   </segment>
   <segment nite:id="Bmr005.segment.238" starttime="456.81" endtime="457.54" participant="mn005" timing-provenance="dialogueact">
      <nite:child href="Bmr005.D.words.xml#id(Bmr005.w.1,216)..id(Bmr005.w.1,221)"/>
   </segment>
   <segment nite:id="Bmr005.segment.241" starttime="459.29" endtime="459.86" participant="mn005" timing-provenance="dialogueact">
      <nite:child href="Bmr005.D.words.xml#id(Bmr005.w.1,247)..id(Bmr005.w.1,250)"/>
   </segment>
   <segment nite:id="Bmr005.segment.315" starttime="755.292" endtime="756.372" participant="mn005" timing-provenance="dialogueact">
      <nite:child href="Bmr005.D.words.xml#id(Bmr005.w.2,389)..id(Bmr005.w.2,392)"/>
   </segment>
   <segment nite:id="Bmr005.segment.318" starttime="771.134" endtime="773.292" participant="mn005" timing-provenance="segment">
      <nite:child href="Bmr005.D.words.xml#id(Bmr005.vocalsound.22)"/>
   </segment>
   <segment nite:id="Bmr005.segment.348" starttime="842.213" endtime="844.811" participant="mn005" timing-provenance="segment">
      <nite:child href="Bmr005.D.words.xml#id(Bmr005.vocalsound.27)"/>
   </segment>
   <segment nite:id="Bmr005.segment.356" starttime="852.181" endtime="853.245" participant="mn005" timing-provenance="segment">
      <nite:child href="Bmr005.D.words.xml#id(Bmr005.vocalsound.30)"/>
   </segment>
   <segment nite:id="Bmr005.segment.368" starttime="867.587" endtime="868.393" participant="mn005" timing-provenance="segment">
      <nite:child href="Bmr005.D.words.xml#id(Bmr005.w.2,947)..id(Bmr005.comment.189)"/>
   </segment>
   <segment nite:id="Bmr005.segment.372" starttime="874.444" endtime="874.704" participant="mn005" timing-provenance="dialogueact">
      <nite:child href="Bmr005.D.words.xml#id(Bmr005.w.3,020)..id(Bmr005.w.3,021)"/>
   </segment>
   <segment nite:id="Bmr005.segment.377" starttime="886.652" endtime="887.948" participant="mn005" timing-provenance="segment">
      <nite:child href="Bmr005.D.words.xml#id(Bmr005.w.3,048)..id(Bmr005.vocalsound.33)"/>
   </segment>
   <segment nite:id="Bmr005.segment.383" starttime="902.442" endtime="903.998" participant="mn005" timing-provenance="segment">
      <nite:child href="Bmr005.D.words.xml#id(Bmr005.vocalsound.34)"/>
   </segment>
   <segment nite:id="Bmr005.segment.391" starttime="912.685" endtime="913.009" participant="mn005" timing-provenance="segment">
      <nite:child href="Bmr005.D.words.xml#id(Bmr005.vocalsound.35)"/>
   </segment>
   <segment nite:id="Bmr005.segment.392" starttime="915.074" endtime="915.56" participant="mn005" timing-provenance="segment">
      <nite:child href="Bmr005.D.words.xml#id(Bmr005.vocalsound.36)"/>
   </segment>
   <segment nite:id="Bmr005.segment.396" starttime="918.657" endtime="920.372" participant="mn005" timing-provenance="segment">
      <nite:child href="Bmr005.D.words.xml#id(Bmr005.vocalsound.40)"/>
   </segment>
   <segment nite:id="Bmr005.segment.438" starttime="991.443" endtime="991.969" participant="mn005" timing-provenance="segment">
      <nite:child href="Bmr005.D.words.xml#id(Bmr005.vocalsound.54)"/>
   </segment>
   <segment nite:id="Bmr005.segment.470" starttime="1086.343" endtime="1087.5" participant="mn005" timing-provenance="segment">
      <nite:child href="Bmr005.D.words.xml#id(Bmr005.vocalsound.62)"/>
   </segment>
   <segment nite:id="Bmr005.segment.476" starttime="1091.601" endtime="1093.828" participant="mn005" timing-provenance="segment">
      <nite:child href="Bmr005.D.words.xml#id(Bmr005.vocalsound.67)"/>
   </segment>
   <segment nite:id="Bmr005.segment.495" starttime="1117.026" endtime="1118.105" participant="mn005" timing-provenance="segment">
      <nite:child href="Bmr005.D.words.xml#id(Bmr005.vocalsound.78)"/>
   </segment>
   <segment nite:id="Bmr005.segment.500" starttime="1125.47" endtime="1125.88" participant="mn005" timing-provenance="dialogueact">
      <nite:child href="Bmr005.D.words.xml#id(Bmr005.w.4,292)..id(Bmr005.w.4,295)"/>
   </segment>
   <segment nite:id="Bmr005.segment.501" starttime="1127.012" endtime="1131.137" participant="mn005" timing-provenance="segment">
      <nite:child href="Bmr005.D.words.xml#id(Bmr005.w.4,296)..id(Bmr005.vocalsound.81)"/>
   </segment>
   <segment nite:id="Bmr005.segment.506" starttime="1131.18" endtime="1144.35" participant="mn005" timing-provenance="dialogueact">
      <nite:child href="Bmr005.D.words.xml#id(Bmr005.w.4,310)..id(Bmr005.w.4,349)"/>
   </segment>
   <segment nite:id="Bmr005.segment.507" starttime="1144.551" endtime="1146.447" participant="mn005" timing-provenance="segment">
      <nite:child href="Bmr005.D.words.xml#id(Bmr005.w.4,350)..id(Bmr005.comment.206)"/>
   </segment>
   <segment nite:id="Bmr005.segment.508" starttime="1146.447" endtime="1148.531" participant="mn005" timing-provenance="segment">
      <nite:child href="Bmr005.D.words.xml#id(Bmr005.w.4,356)..id(Bmr005.disfmarker.174)"/>
   </segment>
   <segment nite:id="Bmr005.segment.509" starttime="1148.768" endtime="1149.069" participant="mn005" timing-provenance="segment">
      <nite:child href="Bmr005.D.words.xml#id(Bmr005.vocalsound.87)"/>
   </segment>
   <segment nite:id="Bmr005.segment.510" starttime="1149.069" endtime="1149.627" participant="mn005" timing-provenance="segment">
      <nite:child href="Bmr005.D.words.xml#id(Bmr005.w.4,360)..id(Bmr005.disfmarker.175)"/>
   </segment>
   <segment nite:id="Bmr005.segment.511" starttime="1149.627" endtime="1150.145" participant="mn005" timing-provenance="segment">
      <nite:child href="Bmr005.D.words.xml#id(Bmr005.vocalsound.88)"/>
   </segment>
   <segment nite:id="Bmr005.segment.512" starttime="1150.18" endtime="1162.52" participant="mn005" timing-provenance="dialogueact">
      <nite:child href="Bmr005.D.words.xml#id(Bmr005.w.4,361)..id(Bmr005.w.4,393)"/>
   </segment>
   <segment nite:id="Bmr005.segment.514" starttime="1163.43" endtime="1175.09" participant="mn005" timing-provenance="dialogueact">
      <nite:child href="Bmr005.D.words.xml#id(Bmr005.w.4,394)..id(Bmr005.w.4,420)"/>
   </segment>
   <segment nite:id="Bmr005.segment.515" starttime="1175.63" endtime="1178.67" participant="mn005" timing-provenance="dialogueact">
      <nite:child href="Bmr005.D.words.xml#id(Bmr005.w.4,421)..id(Bmr005.w.4,426)"/>
   </segment>
   <segment nite:id="Bmr005.segment.516" starttime="1179.113" endtime="1186.559" participant="mn005" timing-provenance="segment">
      <nite:child href="Bmr005.D.words.xml#id(Bmr005.w.4,427)..id(Bmr005.comment.208)"/>
   </segment>
   <segment nite:id="Bmr005.segment.517" starttime="1186.6" endtime="1191.45" participant="mn005" timing-provenance="dialogueact">
      <nite:child href="Bmr005.D.words.xml#id(Bmr005.w.4,449)..id(Bmr005.w.4,465)"/>
   </segment>
   <segment nite:id="Bmr005.segment.519" starttime="1191.92" endtime="1192.38" participant="mn005" timing-provenance="dialogueact">
      <nite:child href="Bmr005.D.words.xml#id(Bmr005.w.4,469)"/>
   </segment>
   <segment nite:id="Bmr005.segment.520" starttime="1192.597" endtime="1193.245" participant="mn005" timing-provenance="segment">
      <nite:child href="Bmr005.D.words.xml#id(Bmr005.w.4,470)..id(Bmr005.comment.209)"/>
   </segment>
   <segment nite:id="Bmr005.segment.523" starttime="1196.59" endtime="1196.75" participant="mn005" timing-provenance="dialogueact">
      <nite:child href="Bmr005.D.words.xml#id(Bmr005.w.4,490)..id(Bmr005.w.4,491)"/>
   </segment>
   <segment nite:id="Bmr005.segment.524" starttime="1196.75" endtime="1200.98" participant="mn005" timing-provenance="dialogueact">
      <nite:child href="Bmr005.D.words.xml#id(Bmr005.w.4,492)..id(Bmr005.w.4,506)"/>
   </segment>
   <segment nite:id="Bmr005.segment.525" starttime="1200.98" endtime="1204.11" participant="mn005" timing-provenance="dialogueact">
      <nite:child href="Bmr005.D.words.xml#id(Bmr005.w.4,507)..id(Bmr005.w.4,518)"/>
   </segment>
   <segment nite:id="Bmr005.segment.526" starttime="1204.158" endtime="1207.034" participant="mn005" timing-provenance="segment">
      <nite:child href="Bmr005.D.words.xml#id(Bmr005.w.4,519)..id(Bmr005.disfmarker.195)"/>
   </segment>
   <segment nite:id="Bmr005.segment.527" starttime="1206.99" endtime="1221.09" participant="mn005" timing-provenance="dialogueact">
      <nite:child href="Bmr005.D.words.xml#id(Bmr005.w.4,529)..id(Bmr005.w.4,562)"/>
   </segment>
   <segment nite:id="Bmr005.segment.528" starttime="1221.14" endtime="1240.752" participant="mn005" timing-provenance="segment">
      <nite:child href="Bmr005.D.words.xml#id(Bmr005.w.4,563)..id(Bmr005.disfmarker.206)"/>
   </segment>
   <segment nite:id="Bmr005.segment.537" starttime="1249.64" endtime="1249.86" participant="mn005" timing-provenance="dialogueact">
      <nite:child href="Bmr005.D.words.xml#id(Bmr005.w.4,647)..id(Bmr005.w.4,648)"/>
   </segment>
   <segment nite:id="Bmr005.segment.539" starttime="1251.12" endtime="1251.44" participant="mn005" timing-provenance="dialogueact">
      <nite:child href="Bmr005.D.words.xml#id(Bmr005.w.4,687)..id(Bmr005.w.4,688)"/>
   </segment>
   <segment nite:id="Bmr005.segment.540" starttime="1252.39" endtime="1252.7" participant="mn005" timing-provenance="dialogueact">
      <nite:child href="Bmr005.D.words.xml#id(Bmr005.w.4,689)..id(Bmr005.w.4,690)"/>
   </segment>
   <segment nite:id="Bmr005.segment.542" starttime="1254.67" endtime="1255.39" participant="mn005" timing-provenance="dialogueact">
      <nite:child href="Bmr005.D.words.xml#id(Bmr005.w.4,691)..id(Bmr005.w.4,692)"/>
   </segment>
   <segment nite:id="Bmr005.segment.543" starttime="1257.04" endtime="1257.27" participant="mn005" timing-provenance="dialogueact">
      <nite:child href="Bmr005.D.words.xml#id(Bmr005.w.4,693)..id(Bmr005.w.4,694)"/>
   </segment>
   <segment nite:id="Bmr005.segment.546" starttime="1258.606" endtime="1259.519" participant="mn005" timing-provenance="segment">
      <nite:child href="Bmr005.D.words.xml#id(Bmr005.vocalsound.97)..id(Bmr005.w.4,714)"/>
   </segment>
   <segment nite:id="Bmr005.segment.548" starttime="1263.15" endtime="1265.06" participant="mn005" timing-provenance="dialogueact">
      <nite:child href="Bmr005.D.words.xml#id(Bmr005.w.4,715)..id(Bmr005.w.4,721)"/>
   </segment>
   <segment nite:id="Bmr005.segment.550" starttime="1265.06" endtime="1267.01" participant="mn005" timing-provenance="dialogueact">
      <nite:child href="Bmr005.D.words.xml#id(Bmr005.w.4,727)..id(Bmr005.w.4,736)"/>
   </segment>
   <segment nite:id="Bmr005.segment.552" starttime="1267.63" endtime="1273.21" participant="mn005" timing-provenance="dialogueact">
      <nite:child href="Bmr005.D.words.xml#id(Bmr005.w.4,739)..id(Bmr005.w.4,753)"/>
   </segment>
   <segment nite:id="Bmr005.segment.555" starttime="1274.302" endtime="1274.885" participant="mn005" timing-provenance="segment">
      <nite:child href="Bmr005.D.words.xml#id(Bmr005.w.4,760)..id(Bmr005.comment.213)"/>
   </segment>
   <segment nite:id="Bmr005.segment.557" starttime="1274.93" endtime="1275.39" participant="mn005" timing-provenance="dialogueact">
      <nite:child href="Bmr005.D.words.xml#id(Bmr005.w.4,771)"/>
   </segment>
   <segment nite:id="Bmr005.segment.558" starttime="1277.09" endtime="1282.76" participant="mn005" timing-provenance="dialogueact">
      <nite:child href="Bmr005.D.words.xml#id(Bmr005.w.4,772)..id(Bmr005.w.4,785)"/>
   </segment>
   <segment nite:id="Bmr005.segment.561" starttime="1285.34" endtime="1293.39" participant="mn005" timing-provenance="dialogueact">
      <nite:child href="Bmr005.D.words.xml#id(Bmr005.w.4,801)..id(Bmr005.w.4,821)"/>
   </segment>
   <segment nite:id="Bmr005.segment.566" starttime="1294.85" endtime="1297.04" participant="mn005" timing-provenance="dialogueact">
      <nite:child href="Bmr005.D.words.xml#id(Bmr005.w.4,832)..id(Bmr005.w.4,838)"/>
   </segment>
   <segment nite:id="Bmr005.segment.568" starttime="1298.18" endtime="1302.66" participant="mn005" timing-provenance="dialogueact">
      <nite:child href="Bmr005.D.words.xml#id(Bmr005.w.4,842)..id(Bmr005.w.4,854)"/>
   </segment>
   <segment nite:id="Bmr005.segment.572" starttime="1309.17" endtime="1318.62" participant="mn005" timing-provenance="dialogueact">
      <nite:child href="Bmr005.D.words.xml#id(Bmr005.w.4,881)..id(Bmr005.w.4,908)"/>
   </segment>
   <segment nite:id="Bmr005.segment.574" starttime="1326.71" endtime="1326.94" participant="mn005" timing-provenance="dialogueact">
      <nite:child href="Bmr005.D.words.xml#id(Bmr005.w.4,945)..id(Bmr005.w.4,946)"/>
   </segment>
   <segment nite:id="Bmr005.segment.575" starttime="1329.87" endtime="1330.11" participant="mn005" timing-provenance="dialogueact">
      <nite:child href="Bmr005.D.words.xml#id(Bmr005.w.4,947)..id(Bmr005.w.4,948)"/>
   </segment>
   <segment nite:id="Bmr005.segment.576" starttime="1330.59" endtime="1330.8" participant="mn005" timing-provenance="dialogueact">
      <nite:child href="Bmr005.D.words.xml#id(Bmr005.w.4,949)..id(Bmr005.w.4,950)"/>
   </segment>
   <segment nite:id="Bmr005.segment.577" starttime="1331.08" endtime="1334.96" participant="mn005" timing-provenance="dialogueact">
      <nite:child href="Bmr005.D.words.xml#id(Bmr005.w.4,951)..id(Bmr005.w.4,965)"/>
   </segment>
   <segment nite:id="Bmr005.segment.578" starttime="1336.5" endtime="1337.44" participant="mn005" timing-provenance="dialogueact">
      <nite:child href="Bmr005.D.words.xml#id(Bmr005.w.4,966)..id(Bmr005.w.4,967)"/>
   </segment>
   <segment nite:id="Bmr005.segment.580" starttime="1337.58" endtime="1347.61" participant="mn005" timing-provenance="dialogueact">
      <nite:child href="Bmr005.D.words.xml#id(Bmr005.w.4,969)..id(Bmr005.w.4,996)"/>
   </segment>
   <segment nite:id="Bmr005.segment.586" starttime="1356.0" endtime="1356.88" participant="mn005" timing-provenance="dialogueact">
      <nite:child href="Bmr005.D.words.xml#id(Bmr005.w.5,036)..id(Bmr005.w.5,041)"/>
   </segment>
   <segment nite:id="Bmr005.segment.589" starttime="1358.47" endtime="1358.7" participant="mn005" timing-provenance="dialogueact">
      <nite:child href="Bmr005.D.words.xml#id(Bmr005.w.5,049)..id(Bmr005.w.5,050)"/>
   </segment>
   <segment nite:id="Bmr005.segment.592" starttime="1362.22" endtime="1362.62" participant="mn005" timing-provenance="dialogueact">
      <nite:child href="Bmr005.D.words.xml#id(Bmr005.w.5,068)..id(Bmr005.w.5,070)"/>
   </segment>
   <segment nite:id="Bmr005.segment.593" starttime="1362.94" endtime="1363.2" participant="mn005" timing-provenance="dialogueact">
      <nite:child href="Bmr005.D.words.xml#id(Bmr005.w.5,071)..id(Bmr005.w.5,073)"/>
   </segment>
   <segment nite:id="Bmr005.segment.594" starttime="1363.314" endtime="1366.145" participant="mn005" timing-provenance="segment">
      <nite:child href="Bmr005.D.words.xml#id(Bmr005.w.5,074)..id(Bmr005.disfmarker.228)"/>
   </segment>
   <segment nite:id="Bmr005.segment.597" starttime="1366.46" endtime="1369.03" participant="mn005" timing-provenance="dialogueact">
      <nite:child href="Bmr005.D.words.xml#id(Bmr005.w.5,095)..id(Bmr005.w.5,105)"/>
   </segment>
   <segment nite:id="Bmr005.segment.598" starttime="1369.76" endtime="1373.22" participant="mn005" timing-provenance="dialogueact">
      <nite:child href="Bmr005.D.words.xml#id(Bmr005.w.5,106)..id(Bmr005.w.5,119)"/>
   </segment>
   <segment nite:id="Bmr005.segment.601" starttime="1374.95" endtime="1375.26" participant="mn005" timing-provenance="dialogueact">
      <nite:child href="Bmr005.D.words.xml#id(Bmr005.w.5,143)..id(Bmr005.w.5,144)"/>
   </segment>
   <segment nite:id="Bmr005.segment.602" starttime="1376.028" endtime="1376.584" participant="mn005" timing-provenance="segment">
      <nite:child href="Bmr005.D.words.xml#id(Bmr005.w.5,145)..id(Bmr005.w.5,146)"/>
   </segment>
   <segment nite:id="Bmr005.segment.606" starttime="1383.56" endtime="1384.2" participant="mn005" timing-provenance="dialogueact">
      <nite:child href="Bmr005.D.words.xml#id(Bmr005.w.5,182)..id(Bmr005.w.5,185)"/>
   </segment>
   <segment nite:id="Bmr005.segment.607" starttime="1387.0" endtime="1387.78" participant="mn005" timing-provenance="dialogueact">
      <nite:child href="Bmr005.D.words.xml#id(Bmr005.w.5,186)..id(Bmr005.w.5,191)"/>
   </segment>
   <segment nite:id="Bmr005.segment.609" starttime="1393.37" endtime="1397.64" participant="mn005" timing-provenance="dialogueact">
      <nite:child href="Bmr005.D.words.xml#id(Bmr005.w.5,219)..id(Bmr005.w.5,234)"/>
   </segment>
   <segment nite:id="Bmr005.segment.610" starttime="1397.64" endtime="1401.86" participant="mn005" timing-provenance="dialogueact">
      <nite:child href="Bmr005.D.words.xml#id(Bmr005.w.5,235)..id(Bmr005.w.5,247)"/>
   </segment>
   <segment nite:id="Bmr005.segment.612" starttime="1403.14" endtime="1403.73" participant="mn005" timing-provenance="dialogueact">
      <nite:child href="Bmr005.D.words.xml#id(Bmr005.w.5,250)..id(Bmr005.w.5,254)"/>
   </segment>
   <segment nite:id="Bmr005.segment.613" starttime="1403.99" endtime="1408.63" participant="mn005" timing-provenance="dialogueact">
      <nite:child href="Bmr005.D.words.xml#id(Bmr005.w.5,255)..id(Bmr005.w.5,268)"/>
   </segment>
   <segment nite:id="Bmr005.segment.614" starttime="1408.87" endtime="1413.11" participant="mn005" timing-provenance="dialogueact">
      <nite:child href="Bmr005.D.words.xml#id(Bmr005.w.5,269)..id(Bmr005.w.5,278)"/>
   </segment>
   <segment nite:id="Bmr005.segment.615" starttime="1413.296" endtime="1413.474" participant="mn005" timing-provenance="segment">
      <nite:child href="Bmr005.D.words.xml#id(Bmr005.vocalsound.103)"/>
   </segment>
   <segment nite:id="Bmr005.segment.616" starttime="1414.04" endtime="1418.11" participant="mn005" timing-provenance="dialogueact">
      <nite:child href="Bmr005.D.words.xml#id(Bmr005.w.5,279)..id(Bmr005.w.5,295)"/>
   </segment>
   <segment nite:id="Bmr005.segment.617" starttime="1418.11" endtime="1422.72" participant="mn005" timing-provenance="dialogueact">
      <nite:child href="Bmr005.D.words.xml#id(Bmr005.w.5,296)..id(Bmr005.w.5,309)"/>
   </segment>
   <segment nite:id="Bmr005.segment.619" starttime="1422.72" endtime="1427.63" participant="mn005" timing-provenance="dialogueact">
      <nite:child href="Bmr005.D.words.xml#id(Bmr005.w.5,310)..id(Bmr005.w.5,322)"/>
   </segment>
   <segment nite:id="Bmr005.segment.620" starttime="1427.71" endtime="1430.89" participant="mn005" timing-provenance="dialogueact">
      <nite:child href="Bmr005.D.words.xml#id(Bmr005.w.5,323)..id(Bmr005.w.5,336)"/>
   </segment>
   <segment nite:id="Bmr005.segment.621" starttime="1431.25" endtime="1436.31" participant="mn005" timing-provenance="dialogueact">
      <nite:child href="Bmr005.D.words.xml#id(Bmr005.w.5,337)..id(Bmr005.w.5,351)"/>
   </segment>
   <segment nite:id="Bmr005.segment.622" starttime="1437.44" endtime="1441.32" participant="mn005" timing-provenance="segment">
      <nite:child href="Bmr005.D.words.xml#id(Bmr005.w.5,352)..id(Bmr005.disfmarker.249)"/>
   </segment>
   <segment nite:id="Bmr005.segment.623" starttime="1441.65" endtime="1444.69" participant="mn005" timing-provenance="dialogueact">
      <nite:child href="Bmr005.D.words.xml#id(Bmr005.w.5,363)..id(Bmr005.w.5,373)"/>
   </segment>
   <segment nite:id="Bmr005.segment.625" starttime="1445.088" endtime="1447.979" participant="mn005" timing-provenance="segment">
      <nite:child href="Bmr005.D.words.xml#id(Bmr005.w.5,374)..id(Bmr005.disfmarker.250)"/>
   </segment>
   <segment nite:id="Bmr005.segment.627" starttime="1448.54" endtime="1449.19" participant="mn005" timing-provenance="dialogueact">
      <nite:child href="Bmr005.D.words.xml#id(Bmr005.w.5,390)..id(Bmr005.w.5,393)"/>
   </segment>
   <segment nite:id="Bmr005.segment.629" starttime="1449.75" endtime="1452.54" participant="mn005" timing-provenance="dialogueact">
      <nite:child href="Bmr005.D.words.xml#id(Bmr005.w.5,396)..id(Bmr005.w.5,408)"/>
   </segment>
   <segment nite:id="Bmr005.segment.631" starttime="1453.741" endtime="1456.427" participant="mn005" timing-provenance="segment">
      <nite:child href="Bmr005.D.words.xml#id(Bmr005.w.5,412)..id(Bmr005.disfmarker.251)"/>
   </segment>
   <segment nite:id="Bmr005.segment.632" starttime="1456.427" endtime="1464.063" participant="mn005" timing-provenance="segment">
      <nite:child href="Bmr005.D.words.xml#id(Bmr005.w.5,419)..id(Bmr005.disfmarker.254)"/>
   </segment>
   <segment nite:id="Bmr005.segment.636" starttime="1466.775" endtime="1469.233" participant="mn005" timing-provenance="segment">
      <nite:child href="Bmr005.D.words.xml#id(Bmr005.w.5,467)..id(Bmr005.comment.218)"/>
   </segment>
   <segment nite:id="Bmr005.segment.640" starttime="1469.585" endtime="1472.588" participant="mn005" timing-provenance="segment">
      <nite:child href="Bmr005.D.words.xml#id(Bmr005.w.5,488)..id(Bmr005.vocalsound.106)"/>
   </segment>
   <segment nite:id="Bmr005.segment.644" starttime="1472.588" endtime="1475.035" participant="mn005" timing-provenance="segment">
      <nite:child href="Bmr005.D.words.xml#id(Bmr005.w.5,512)..id(Bmr005.disfmarker.259)"/>
   </segment>
   <segment nite:id="Bmr005.segment.648" starttime="1475.46" endtime="1475.86" participant="mn005" timing-provenance="dialogueact">
      <nite:child href="Bmr005.D.words.xml#id(Bmr005.w.5,561)..id(Bmr005.w.5,562)"/>
   </segment>
   <segment nite:id="Bmr005.segment.649" starttime="1479.16" endtime="1479.61" participant="mn005" timing-provenance="dialogueact">
      <nite:child href="Bmr005.D.words.xml#id(Bmr005.w.5,563)..id(Bmr005.w.5,564)"/>
   </segment>
   <segment nite:id="Bmr005.segment.650" starttime="1480.22" endtime="1480.45" participant="mn005" timing-provenance="dialogueact">
      <nite:child href="Bmr005.D.words.xml#id(Bmr005.w.5,565)..id(Bmr005.w.5,566)"/>
   </segment>
   <segment nite:id="Bmr005.segment.653" starttime="1481.697" endtime="1482.649" participant="mn005" timing-provenance="segment">
      <nite:child href="Bmr005.D.words.xml#id(Bmr005.w.5,588)..id(Bmr005.w.5,589)"/>
   </segment>
   <segment nite:id="Bmr005.segment.655" starttime="1483.578" endtime="1485.238" participant="mn005" timing-provenance="segment">
      <nite:child href="Bmr005.D.words.xml#id(Bmr005.w.5,590)..id(Bmr005.disfmarker.265)"/>
   </segment>
   <segment nite:id="Bmr005.segment.657" starttime="1486.32" endtime="1486.6" participant="mn005" timing-provenance="dialogueact">
      <nite:child href="Bmr005.D.words.xml#id(Bmr005.w.5,603)..id(Bmr005.w.5,604)"/>
   </segment>
   <segment nite:id="Bmr005.segment.660" starttime="1487.821" endtime="1488.378" participant="mn005" timing-provenance="segment">
      <nite:child href="Bmr005.D.words.xml#id(Bmr005.w.5,613)..id(Bmr005.disfmarker.267)"/>
   </segment>
   <segment nite:id="Bmr005.segment.662" starttime="1489.18" endtime="1489.64" participant="mn005" timing-provenance="dialogueact">
      <nite:child href="Bmr005.D.words.xml#id(Bmr005.w.5,633)..id(Bmr005.w.5,634)"/>
   </segment>
   <segment nite:id="Bmr005.segment.666" starttime="1491.901" endtime="1493.139" participant="mn005" timing-provenance="segment">
      <nite:child href="Bmr005.D.words.xml#id(Bmr005.w.5,638)..id(Bmr005.disfmarker.270)"/>
   </segment>
   <segment nite:id="Bmr005.segment.667" starttime="1492.96" endtime="1495.63" participant="mn005" timing-provenance="dialogueact">
      <nite:child href="Bmr005.D.words.xml#id(Bmr005.w.5,643)..id(Bmr005.w.5,652)"/>
   </segment>
   <segment nite:id="Bmr005.segment.670" starttime="1498.04" endtime="1500.5" participant="mn005" timing-provenance="dialogueact">
      <nite:child href="Bmr005.D.words.xml#id(Bmr005.w.5,660)..id(Bmr005.w.5,666)"/>
   </segment>
   <segment nite:id="Bmr005.segment.671" starttime="1500.62" endtime="1507.24" participant="mn005" timing-provenance="dialogueact">
      <nite:child href="Bmr005.D.words.xml#id(Bmr005.w.5,667)..id(Bmr005.w.5,682)"/>
   </segment>
   <segment nite:id="Bmr005.segment.675" starttime="1508.7" endtime="1511.01" participant="mn005" timing-provenance="dialogueact">
      <nite:child href="Bmr005.D.words.xml#id(Bmr005.w.5,693)..id(Bmr005.w.5,703)"/>
   </segment>
   <segment nite:id="Bmr005.segment.680" starttime="1512.347" endtime="1513.238" participant="mn005" timing-provenance="segment">
      <nite:child href="Bmr005.D.words.xml#id(Bmr005.w.5,728)..id(Bmr005.vocalsound.112)"/>
   </segment>
   <segment nite:id="Bmr005.segment.681" starttime="1515.019" endtime="1517.984" participant="mn005" timing-provenance="segment">
      <nite:child href="Bmr005.D.words.xml#id(Bmr005.vocalsound.113)..id(Bmr005.comment.221)"/>
   </segment>
   <segment nite:id="Bmr005.segment.687" starttime="1517.984" endtime="1518.461" participant="mn005" timing-provenance="segment">
      <nite:child href="Bmr005.D.words.xml#id(Bmr005.w.5,749)..id(Bmr005.comment.222)"/>
   </segment>
   <segment nite:id="Bmr005.segment.689" starttime="1520.809" endtime="1522.202" participant="mn005" timing-provenance="segment">
      <nite:child href="Bmr005.D.words.xml#id(Bmr005.w.5,751)..id(Bmr005.disfmarker.279)"/>
   </segment>
   <segment nite:id="Bmr005.segment.690" starttime="1522.202" endtime="1523.734" participant="mn005" timing-provenance="segment">
      <nite:child href="Bmr005.D.words.xml#id(Bmr005.w.5,757)..id(Bmr005.disfmarker.282)"/>
   </segment>
   <segment nite:id="Bmr005.segment.691" starttime="1524.05" endtime="1526.36" participant="mn005" timing-provenance="dialogueact">
      <nite:child href="Bmr005.D.words.xml#id(Bmr005.w.5,763)..id(Bmr005.w.5,772)"/>
   </segment>
   <segment nite:id="Bmr005.segment.692" starttime="1526.96" endtime="1529.18" participant="mn005" timing-provenance="dialogueact">
      <nite:child href="Bmr005.D.words.xml#id(Bmr005.w.5,773)..id(Bmr005.w.5,776)"/>
   </segment>
   <segment nite:id="Bmr005.segment.694" starttime="1529.74" endtime="1531.82" participant="mn005" timing-provenance="dialogueact">
      <nite:child href="Bmr005.D.words.xml#id(Bmr005.w.5,779)..id(Bmr005.w.5,785)"/>
   </segment>
   <segment nite:id="Bmr005.segment.697" starttime="1531.905" endtime="1533.705" participant="mn005" timing-provenance="segment">
      <nite:child href="Bmr005.D.words.xml#id(Bmr005.w.5,790)..id(Bmr005.disfmarker.286)"/>
   </segment>
   <segment nite:id="Bmr005.segment.698" starttime="1533.78" endtime="1535.06" participant="mn005" timing-provenance="dialogueact">
      <nite:child href="Bmr005.D.words.xml#id(Bmr005.w.5,795)..id(Bmr005.w.5,800)"/>
   </segment>
   <segment nite:id="Bmr005.segment.699" starttime="1535.47" endtime="1537.46" participant="mn005" timing-provenance="dialogueact">
      <nite:child href="Bmr005.D.words.xml#id(Bmr005.w.5,801)..id(Bmr005.w.5,809)"/>
   </segment>
   <segment nite:id="Bmr005.segment.700" starttime="1538.36" endtime="1540.911" participant="mn005" timing-provenance="segment">
      <nite:child href="Bmr005.D.words.xml#id(Bmr005.w.5,810)..id(Bmr005.vocalsound.118)"/>
   </segment>
   <segment nite:id="Bmr005.segment.701" starttime="1540.95" endtime="1545.18" participant="mn005" timing-provenance="dialogueact">
      <nite:child href="Bmr005.D.words.xml#id(Bmr005.w.5,816)..id(Bmr005.w.5,828)"/>
   </segment>
   <segment nite:id="Bmr005.segment.702" starttime="1546.03" endtime="1552.73" participant="mn005" timing-provenance="dialogueact">
      <nite:child href="Bmr005.D.words.xml#id(Bmr005.w.5,829)..id(Bmr005.w.5,848)"/>
   </segment>
   <segment nite:id="Bmr005.segment.703" starttime="1553.92" endtime="1556.57" participant="mn005" timing-provenance="dialogueact">
      <nite:child href="Bmr005.D.words.xml#id(Bmr005.w.5,849)..id(Bmr005.w.5,855)"/>
   </segment>
   <segment nite:id="Bmr005.segment.704" starttime="1557.0" endtime="1564.63" participant="mn005" timing-provenance="dialogueact">
      <nite:child href="Bmr005.D.words.xml#id(Bmr005.w.5,856)..id(Bmr005.w.5,880)"/>
   </segment>
   <segment nite:id="Bmr005.segment.705" starttime="1565.63" endtime="1566.37" participant="mn005" timing-provenance="dialogueact">
      <nite:child href="Bmr005.D.words.xml#id(Bmr005.w.5,881)..id(Bmr005.w.5,883)"/>
   </segment>
   <segment nite:id="Bmr005.segment.707" starttime="1567.24" endtime="1569.53" participant="mn005" timing-provenance="dialogueact">
      <nite:child href="Bmr005.D.words.xml#id(Bmr005.w.5,886)..id(Bmr005.w.5,890)"/>
   </segment>
   <segment nite:id="Bmr005.segment.708" starttime="1569.708" endtime="1573.667" participant="mn005" timing-provenance="segment">
      <nite:child href="Bmr005.D.words.xml#id(Bmr005.w.5,891)..id(Bmr005.disfmarker.297)"/>
   </segment>
   <segment nite:id="Bmr005.segment.712" starttime="1573.667" endtime="1576.831" participant="mn005" timing-provenance="segment">
      <nite:child href="Bmr005.D.words.xml#id(Bmr005.w.5,904)..id(Bmr005.comment.223)"/>
   </segment>
   <segment nite:id="Bmr005.segment.713" starttime="1577.07" endtime="1578.123" participant="mn005" timing-provenance="segment">
      <nite:child href="Bmr005.D.words.xml#id(Bmr005.w.5,915)..id(Bmr005.comment.224)"/>
   </segment>
   <segment nite:id="Bmr005.segment.714" starttime="1578.42" endtime="1583.72" participant="mn005" timing-provenance="dialogueact">
      <nite:child href="Bmr005.D.words.xml#id(Bmr005.w.5,918)..id(Bmr005.w.5,934)"/>
   </segment>
   <segment nite:id="Bmr005.segment.715" starttime="1584.1" endtime="1594.54" participant="mn005" timing-provenance="dialogueact">
      <nite:child href="Bmr005.D.words.xml#id(Bmr005.w.5,935)..id(Bmr005.w.5,957)"/>
   </segment>
   <segment nite:id="Bmr005.segment.716" starttime="1595.05" endtime="1597.29" participant="mn005" timing-provenance="dialogueact">
      <nite:child href="Bmr005.D.words.xml#id(Bmr005.w.5,958)..id(Bmr005.w.5,965)"/>
   </segment>
   <segment nite:id="Bmr005.segment.718" starttime="1597.92" endtime="1602.96" participant="mn005" timing-provenance="dialogueact">
      <nite:child href="Bmr005.D.words.xml#id(Bmr005.w.5,967)..id(Bmr005.w.5,982)"/>
   </segment>
   <segment nite:id="Bmr005.segment.719" starttime="1603.45" endtime="1606.83" participant="mn005" timing-provenance="dialogueact">
      <nite:child href="Bmr005.D.words.xml#id(Bmr005.w.5,983)..id(Bmr005.w.5,991)"/>
   </segment>
   <segment nite:id="Bmr005.segment.720" starttime="1607.27" endtime="1608.92" participant="mn005" timing-provenance="dialogueact">
      <nite:child href="Bmr005.D.words.xml#id(Bmr005.w.5,992)..id(Bmr005.w.5,997)"/>
   </segment>
   <segment nite:id="Bmr005.segment.721" starttime="1609.11" endtime="1611.06" participant="mn005" timing-provenance="dialogueact">
      <nite:child href="Bmr005.D.words.xml#id(Bmr005.w.5,998)..id(Bmr005.w.6,001)"/>
   </segment>
   <segment nite:id="Bmr005.segment.722" starttime="1611.06" endtime="1612.58" participant="mn005" timing-provenance="dialogueact">
      <nite:child href="Bmr005.D.words.xml#id(Bmr005.w.6,002)..id(Bmr005.w.6,006)"/>
   </segment>
   <segment nite:id="Bmr005.segment.723" starttime="1612.58" endtime="1617.17" participant="mn005" timing-provenance="dialogueact">
      <nite:child href="Bmr005.D.words.xml#id(Bmr005.w.6,007)..id(Bmr005.w.6,020)"/>
   </segment>
   <segment nite:id="Bmr005.segment.724" starttime="1617.708" endtime="1619.968" participant="mn005" timing-provenance="segment">
      <nite:child href="Bmr005.D.words.xml#id(Bmr005.w.6,021)..id(Bmr005.disfmarker.311)"/>
   </segment>
   <segment nite:id="Bmr005.segment.725" starttime="1619.98" endtime="1623.03" participant="mn005" timing-provenance="dialogueact">
      <nite:child href="Bmr005.D.words.xml#id(Bmr005.w.6,025)..id(Bmr005.w.6,033)"/>
   </segment>
   <segment nite:id="Bmr005.segment.728" starttime="1623.324" endtime="1628.945" participant="mn005" timing-provenance="segment">
      <nite:child href="Bmr005.D.words.xml#id(Bmr005.w.6,040)..id(Bmr005.disfmarker.314)"/>
   </segment>
   <segment nite:id="Bmr005.segment.729" starttime="1629.23" endtime="1633.0" participant="mn005" timing-provenance="dialogueact">
      <nite:child href="Bmr005.D.words.xml#id(Bmr005.w.6,054)..id(Bmr005.w.6,062)"/>
   </segment>
   <segment nite:id="Bmr005.segment.730" starttime="1633.78" endtime="1640.08" participant="mn005" timing-provenance="dialogueact">
      <nite:child href="Bmr005.D.words.xml#id(Bmr005.w.6,063)..id(Bmr005.w.6,080)"/>
   </segment>
   <segment nite:id="Bmr005.segment.736" starttime="1643.67" endtime="1643.98" participant="mn005" timing-provenance="dialogueact">
      <nite:child href="Bmr005.D.words.xml#id(Bmr005.w.6,106)..id(Bmr005.w.6,107)"/>
   </segment>
   <segment nite:id="Bmr005.segment.737" starttime="1645.0" endtime="1647.71" participant="mn005" timing-provenance="dialogueact">
      <nite:child href="Bmr005.D.words.xml#id(Bmr005.w.6,108)..id(Bmr005.w.6,125)"/>
   </segment>
   <segment nite:id="Bmr005.segment.739" starttime="1651.47" endtime="1651.84" participant="mn005" timing-provenance="dialogueact">
      <nite:child href="Bmr005.D.words.xml#id(Bmr005.w.6,140)..id(Bmr005.w.6,141)"/>
   </segment>
   <segment nite:id="Bmr005.segment.741" starttime="1656.84" endtime="1657.08" participant="mn005" timing-provenance="dialogueact">
      <nite:child href="Bmr005.D.words.xml#id(Bmr005.w.6,170)..id(Bmr005.w.6,171)"/>
   </segment>
   <segment nite:id="Bmr005.segment.744" starttime="1657.97" endtime="1658.28" participant="mn005" timing-provenance="dialogueact">
      <nite:child href="Bmr005.D.words.xml#id(Bmr005.w.6,186)..id(Bmr005.w.6,187)"/>
   </segment>
   <segment nite:id="Bmr005.segment.745" starttime="1658.49" endtime="1658.9" participant="mn005" timing-provenance="dialogueact">
      <nite:child href="Bmr005.D.words.xml#id(Bmr005.w.6,188)..id(Bmr005.w.6,189)"/>
   </segment>
   <segment nite:id="Bmr005.segment.746" starttime="1659.666" endtime="1661.123" participant="mn005" timing-provenance="segment">
      <nite:child href="Bmr005.D.words.xml#id(Bmr005.w.6,190)..id(Bmr005.disfmarker.319)"/>
   </segment>
   <segment nite:id="Bmr005.segment.747" starttime="1661.123" endtime="1663.401" participant="mn005" timing-provenance="segment">
      <nite:child href="Bmr005.D.words.xml#id(Bmr005.vocalsound.122)..id(Bmr005.w.6,199)"/>
   </segment>
   <segment nite:id="Bmr005.segment.748" starttime="1663.401" endtime="1666.564" participant="mn005" timing-provenance="segment">
      <nite:child href="Bmr005.D.words.xml#id(Bmr005.w.6,200)..id(Bmr005.disfmarker.321)"/>
   </segment>
   <segment nite:id="Bmr005.segment.751" starttime="1666.564" endtime="1667.65" participant="mn005" timing-provenance="segment">
      <nite:child href="Bmr005.D.words.xml#id(Bmr005.vocalsound.123)..id(Bmr005.w.6,215)"/>
   </segment>
   <segment nite:id="Bmr005.segment.753" starttime="1667.97" endtime="1673.61" participant="mn005" timing-provenance="dialogueact">
      <nite:child href="Bmr005.D.words.xml#id(Bmr005.w.6,216)..id(Bmr005.w.6,231)"/>
   </segment>
   <segment nite:id="Bmr005.segment.754" starttime="1674.16" endtime="1676.69" participant="mn005" timing-provenance="dialogueact">
      <nite:child href="Bmr005.D.words.xml#id(Bmr005.w.6,232)..id(Bmr005.w.6,237)"/>
   </segment>
   <segment nite:id="Bmr005.segment.755" starttime="1676.819" endtime="1679.877" participant="mn005" timing-provenance="segment">
      <nite:child href="Bmr005.D.words.xml#id(Bmr005.w.6,238)..id(Bmr005.disfmarker.326)"/>
   </segment>
   <segment nite:id="Bmr005.segment.757" starttime="1680.32" endtime="1683.02" participant="mn005" timing-provenance="dialogueact">
      <nite:child href="Bmr005.D.words.xml#id(Bmr005.w.6,251)..id(Bmr005.w.6,262)"/>
   </segment>
   <segment nite:id="Bmr005.segment.760" starttime="1683.71" endtime="1685.77" participant="mn005" timing-provenance="dialogueact">
      <nite:child href="Bmr005.D.words.xml#id(Bmr005.w.6,276)..id(Bmr005.w.6,279)"/>
   </segment>
   <segment nite:id="Bmr005.segment.761" starttime="1686.91" endtime="1689.44" participant="mn005" timing-provenance="dialogueact">
      <nite:child href="Bmr005.D.words.xml#id(Bmr005.w.6,280)..id(Bmr005.w.6,283)"/>
   </segment>
   <segment nite:id="Bmr005.segment.762" starttime="1690.09" endtime="1695.32" participant="mn005" timing-provenance="dialogueact">
      <nite:child href="Bmr005.D.words.xml#id(Bmr005.w.6,284)..id(Bmr005.w.6,300)"/>
   </segment>
   <segment nite:id="Bmr005.segment.763" starttime="1697.23" endtime="1699.27" participant="mn005" timing-provenance="dialogueact">
      <nite:child href="Bmr005.D.words.xml#id(Bmr005.w.6,301)..id(Bmr005.w.6,307)"/>
   </segment>
   <segment nite:id="Bmr005.segment.765" starttime="1700.076" endtime="1700.706" participant="mn005" timing-provenance="segment">
      <nite:child href="Bmr005.D.words.xml#id(Bmr005.w.6,322)..id(Bmr005.w.6,325)"/>
   </segment>
   <segment nite:id="Bmr005.segment.768" starttime="1713.699" endtime="1714.227" participant="mn005" timing-provenance="segment">
      <nite:child href="Bmr005.D.words.xml#id(Bmr005.w.6,372)..id(Bmr005.w.6,375)"/>
   </segment>
   <segment nite:id="Bmr005.segment.776" starttime="1734.93" endtime="1735.12" participant="mn005" timing-provenance="dialogueact">
      <nite:child href="Bmr005.D.words.xml#id(Bmr005.w.6,471)..id(Bmr005.w.6,472)"/>
   </segment>
   <segment nite:id="Bmr005.segment.785" starttime="1747.99" endtime="1748.25" participant="mn005" timing-provenance="dialogueact">
      <nite:child href="Bmr005.D.words.xml#id(Bmr005.w.6,569)..id(Bmr005.w.6,570)"/>
   </segment>
   <segment nite:id="Bmr005.segment.788" starttime="1755.84" endtime="1755.98" participant="mn005" timing-provenance="dialogueact">
      <nite:child href="Bmr005.D.words.xml#id(Bmr005.w.6,575)..id(Bmr005.w.6,576)"/>
   </segment>
   <segment nite:id="Bmr005.segment.790" starttime="1762.19" endtime="1762.59" participant="mn005" timing-provenance="dialogueact">
      <nite:child href="Bmr005.D.words.xml#id(Bmr005.w.6,602)..id(Bmr005.w.6,603)"/>
   </segment>
   <segment nite:id="Bmr005.segment.795" starttime="1769.506" endtime="1770.603" participant="mn005" timing-provenance="segment">
      <nite:child href="Bmr005.D.words.xml#id(Bmr005.vocalsound.127)"/>
   </segment>
   <segment nite:id="Bmr005.segment.797" starttime="1772.833" endtime="1773.389" participant="mn005" timing-provenance="segment">
      <nite:child href="Bmr005.D.words.xml#id(Bmr005.w.6,651)..id(Bmr005.w.6,652)"/>
   </segment>
   <segment nite:id="Bmr005.segment.799" starttime="1775.859" endtime="1778.65" participant="mn005" timing-provenance="segment">
      <nite:child href="Bmr005.D.words.xml#id(Bmr005.w.6,655)..id(Bmr005.disfmarker.349)"/>
   </segment>
   <segment nite:id="Bmr005.segment.800" starttime="1779.0" endtime="1782.84" participant="mn005" timing-provenance="dialogueact">
      <nite:child href="Bmr005.D.words.xml#id(Bmr005.w.6,665)..id(Bmr005.w.6,675)"/>
   </segment>
   <segment nite:id="Bmr005.segment.801" starttime="1783.21" endtime="1788.01" participant="mn005" timing-provenance="dialogueact">
      <nite:child href="Bmr005.D.words.xml#id(Bmr005.w.6,676)..id(Bmr005.w.6,690)"/>
   </segment>
   <segment nite:id="Bmr005.segment.802" starttime="1788.49" endtime="1794.18" participant="mn005" timing-provenance="dialogueact">
      <nite:child href="Bmr005.D.words.xml#id(Bmr005.w.6,691)..id(Bmr005.w.6,705)"/>
   </segment>
   <segment nite:id="Bmr005.segment.804" starttime="1794.78" endtime="1800.84" participant="mn005" timing-provenance="dialogueact">
      <nite:child href="Bmr005.D.words.xml#id(Bmr005.w.6,710)..id(Bmr005.w.6,731)"/>
   </segment>
   <segment nite:id="Bmr005.segment.806" starttime="1800.891" endtime="1801.291" participant="mn005" timing-provenance="segment">
      <nite:child href="Bmr005.D.words.xml#id(Bmr005.vocalsound.129)"/>
   </segment>
   <segment nite:id="Bmr005.segment.807" starttime="1802.08" endtime="1803.9" participant="mn005" timing-provenance="dialogueact">
      <nite:child href="Bmr005.D.words.xml#id(Bmr005.w.6,734)..id(Bmr005.w.6,743)"/>
   </segment>
   <segment nite:id="Bmr005.segment.809" starttime="1804.5" endtime="1806.33" participant="mn005" timing-provenance="dialogueact">
      <nite:child href="Bmr005.D.words.xml#id(Bmr005.w.6,748)..id(Bmr005.w.6,750)"/>
   </segment>
   <segment nite:id="Bmr005.segment.810" starttime="1806.33" endtime="1809.73" participant="mn005" timing-provenance="dialogueact">
      <nite:child href="Bmr005.D.words.xml#id(Bmr005.w.6,751)..id(Bmr005.w.6,767)"/>
   </segment>
   <segment nite:id="Bmr005.segment.811" starttime="1810.07" endtime="1813.6" participant="mn005" timing-provenance="dialogueact">
      <nite:child href="Bmr005.D.words.xml#id(Bmr005.w.6,768)..id(Bmr005.w.6,781)"/>
   </segment>
   <segment nite:id="Bmr005.segment.812" starttime="1813.94" endtime="1817.25" participant="mn005" timing-provenance="dialogueact">
      <nite:child href="Bmr005.D.words.xml#id(Bmr005.w.6,782)..id(Bmr005.w.6,791)"/>
   </segment>
   <segment nite:id="Bmr005.segment.813" starttime="1817.62" endtime="1819.83" participant="mn005" timing-provenance="dialogueact">
      <nite:child href="Bmr005.D.words.xml#id(Bmr005.w.6,792)..id(Bmr005.w.6,799)"/>
   </segment>
   <segment nite:id="Bmr005.segment.815" starttime="1820.174" endtime="1826.954" participant="mn005" timing-provenance="segment">
      <nite:child href="Bmr005.D.words.xml#id(Bmr005.vocalsound.132)..id(Bmr005.w.6,812)"/>
   </segment>
   <segment nite:id="Bmr005.segment.817" starttime="1826.954" endtime="1828.091" participant="mn005" timing-provenance="segment">
      <nite:child href="Bmr005.D.words.xml#id(Bmr005.w.6,821)..id(Bmr005.comment.228)"/>
   </segment>
   <segment nite:id="Bmr005.segment.818" starttime="1828.406" endtime="1830.565" participant="mn005" timing-provenance="segment">
      <nite:child href="Bmr005.D.words.xml#id(Bmr005.w.6,827)..id(Bmr005.disfmarker.364)"/>
   </segment>
   <segment nite:id="Bmr005.segment.819" starttime="1830.1" endtime="1837.01" participant="mn005" timing-provenance="dialogueact">
      <nite:child href="Bmr005.D.words.xml#id(Bmr005.w.6,834)..id(Bmr005.w.6,855)"/>
   </segment>
   <segment nite:id="Bmr005.segment.821" starttime="1837.86" endtime="1842.33" participant="mn005" timing-provenance="dialogueact">
      <nite:child href="Bmr005.D.words.xml#id(Bmr005.w.6,860)..id(Bmr005.w.6,877)"/>
   </segment>
   <segment nite:id="Bmr005.segment.822" starttime="1842.88" endtime="1847.66" participant="mn005" timing-provenance="dialogueact">
      <nite:child href="Bmr005.D.words.xml#id(Bmr005.w.6,878)..id(Bmr005.w.6,900)"/>
   </segment>
   <segment nite:id="Bmr005.segment.824" starttime="1848.004" endtime="1851.893" participant="mn005" timing-provenance="segment">
      <nite:child href="Bmr005.D.words.xml#id(Bmr005.w.6,901)..id(Bmr005.comment.229)"/>
   </segment>
   <segment nite:id="Bmr005.segment.827" starttime="1854.47" endtime="1855.779" participant="mn005" timing-provenance="segment">
      <nite:child href="Bmr005.D.words.xml#id(Bmr005.vocalsound.136)..id(Bmr005.w.6,940)"/>
   </segment>
   <segment nite:id="Bmr005.segment.831" starttime="1864.51" endtime="1864.82" participant="mn005" timing-provenance="dialogueact">
      <nite:child href="Bmr005.D.words.xml#id(Bmr005.w.6,988)..id(Bmr005.w.6,993)"/>
   </segment>
   <segment nite:id="Bmr005.segment.834" starttime="1875.02" endtime="1876.01" participant="mn005" timing-provenance="dialogueact">
      <nite:child href="Bmr005.D.words.xml#id(Bmr005.w.7,015)..id(Bmr005.w.7,018)"/>
   </segment>
   <segment nite:id="Bmr005.segment.837" starttime="1876.67" endtime="1876.86" participant="mn005" timing-provenance="dialogueact">
      <nite:child href="Bmr005.D.words.xml#id(Bmr005.w.7,034)..id(Bmr005.w.7,035)"/>
   </segment>
   <segment nite:id="Bmr005.segment.839" starttime="1883.04" endtime="1883.31" participant="mn005" timing-provenance="dialogueact">
      <nite:child href="Bmr005.D.words.xml#id(Bmr005.w.7,059)..id(Bmr005.w.7,060)"/>
   </segment>
   <segment nite:id="Bmr005.segment.840" starttime="1885.73" endtime="1886.01" participant="mn005" timing-provenance="dialogueact">
      <nite:child href="Bmr005.D.words.xml#id(Bmr005.w.7,061)..id(Bmr005.w.7,062)"/>
   </segment>
   <segment nite:id="Bmr005.segment.841" starttime="1887.32" endtime="1889.89" participant="mn005" timing-provenance="dialogueact">
      <nite:child href="Bmr005.D.words.xml#id(Bmr005.w.7,063)..id(Bmr005.w.7,073)"/>
   </segment>
   <segment nite:id="Bmr005.segment.842" starttime="1890.0" endtime="1893.81" participant="mn005" timing-provenance="dialogueact">
      <nite:child href="Bmr005.D.words.xml#id(Bmr005.w.7,074)..id(Bmr005.w.7,084)"/>
   </segment>
   <segment nite:id="Bmr005.segment.843" starttime="1894.09" endtime="1896.2" participant="mn005" timing-provenance="dialogueact">
      <nite:child href="Bmr005.D.words.xml#id(Bmr005.w.7,085)..id(Bmr005.w.7,095)"/>
   </segment>
   <segment nite:id="Bmr005.segment.844" starttime="1896.753" endtime="1898.465" participant="mn005" timing-provenance="segment">
      <nite:child href="Bmr005.D.words.xml#id(Bmr005.w.7,096)..id(Bmr005.disfmarker.389)"/>
   </segment>
   <segment nite:id="Bmr005.segment.845" starttime="1898.76" endtime="1903.59" participant="mn005" timing-provenance="dialogueact">
      <nite:child href="Bmr005.D.words.xml#id(Bmr005.w.7,100)..id(Bmr005.w.7,119)"/>
   </segment>
   <segment nite:id="Bmr005.segment.846" starttime="1904.03" endtime="1905.06" participant="mn005" timing-provenance="dialogueact">
      <nite:child href="Bmr005.D.words.xml#id(Bmr005.w.7,120)..id(Bmr005.w.7,123)"/>
   </segment>
   <segment nite:id="Bmr005.segment.847" starttime="1905.11" endtime="1906.937" participant="mn005" timing-provenance="segment">
      <nite:child href="Bmr005.D.words.xml#id(Bmr005.w.7,124)..id(Bmr005.disfmarker.395)"/>
   </segment>
   <segment nite:id="Bmr005.segment.848" starttime="1907.17" endtime="1910.0" participant="mn005" timing-provenance="dialogueact">
      <nite:child href="Bmr005.D.words.xml#id(Bmr005.w.7,128)..id(Bmr005.w.7,138)"/>
   </segment>
   <segment nite:id="Bmr005.segment.849" starttime="1910.97" endtime="1919.72" participant="mn005" timing-provenance="dialogueact">
      <nite:child href="Bmr005.D.words.xml#id(Bmr005.w.7,139)..id(Bmr005.w.7,159)"/>
   </segment>
   <segment nite:id="Bmr005.segment.850" starttime="1920.51" endtime="1921.57" participant="mn005" timing-provenance="dialogueact">
      <nite:child href="Bmr005.D.words.xml#id(Bmr005.w.7,160)..id(Bmr005.w.7,165)"/>
   </segment>
   <segment nite:id="Bmr005.segment.851" starttime="1921.93" endtime="1926.29" participant="mn005" timing-provenance="dialogueact">
      <nite:child href="Bmr005.D.words.xml#id(Bmr005.w.7,166)..id(Bmr005.w.7,172)"/>
   </segment>
   <segment nite:id="Bmr005.segment.852" starttime="1926.71" endtime="1932.04" participant="mn005" timing-provenance="dialogueact">
      <nite:child href="Bmr005.D.words.xml#id(Bmr005.w.7,173)..id(Bmr005.w.7,186)"/>
   </segment>
   <segment nite:id="Bmr005.segment.854" starttime="1932.51" endtime="1934.96" participant="mn005" timing-provenance="dialogueact">
      <nite:child href="Bmr005.D.words.xml#id(Bmr005.w.7,191)..id(Bmr005.w.7,198)"/>
   </segment>
   <segment nite:id="Bmr005.segment.855" starttime="1935.09" endtime="1936.54" participant="mn005" timing-provenance="dialogueact">
      <nite:child href="Bmr005.D.words.xml#id(Bmr005.w.7,199)..id(Bmr005.w.7,202)"/>
   </segment>
   <segment nite:id="Bmr005.segment.856" starttime="1936.919" endtime="1941.846" participant="mn005" timing-provenance="segment">
      <nite:child href="Bmr005.D.words.xml#id(Bmr005.w.7,203)..id(Bmr005.comment.230)"/>
   </segment>
   <segment nite:id="Bmr005.segment.858" starttime="1941.98" endtime="1944.47" participant="mn005" timing-provenance="dialogueact">
      <nite:child href="Bmr005.D.words.xml#id(Bmr005.w.7,217)..id(Bmr005.w.7,226)"/>
   </segment>
   <segment nite:id="Bmr005.segment.861" starttime="1944.747" endtime="1949.235" participant="mn005" timing-provenance="segment">
      <nite:child href="Bmr005.D.words.xml#id(Bmr005.w.7,232)..id(Bmr005.comment.231)"/>
   </segment>
   <segment nite:id="Bmr005.segment.869" starttime="1961.44" endtime="1962.08" participant="mn005" timing-provenance="dialogueact">
      <nite:child href="Bmr005.D.words.xml#id(Bmr005.w.7,301)..id(Bmr005.w.7,303)"/>
   </segment>
   <segment nite:id="Bmr005.segment.872" starttime="1962.84" endtime="1963.93" participant="mn005" timing-provenance="dialogueact">
      <nite:child href="Bmr005.D.words.xml#id(Bmr005.w.7,307)..id(Bmr005.w.7,311)"/>
   </segment>
   <segment nite:id="Bmr005.segment.874" starttime="1966.28" endtime="1969.58" participant="mn005" timing-provenance="dialogueact">
      <nite:child href="Bmr005.D.words.xml#id(Bmr005.w.7,321)..id(Bmr005.w.7,336)"/>
   </segment>
   <segment nite:id="Bmr005.segment.877" starttime="1970.81" endtime="1972.75" participant="mn005" timing-provenance="dialogueact">
      <nite:child href="Bmr005.D.words.xml#id(Bmr005.w.7,356)..id(Bmr005.w.7,363)"/>
   </segment>
   <segment nite:id="Bmr005.segment.878" starttime="1973.3" endtime="1974.77" participant="mn005" timing-provenance="dialogueact">
      <nite:child href="Bmr005.D.words.xml#id(Bmr005.w.7,364)..id(Bmr005.w.7,369)"/>
   </segment>
   <segment nite:id="Bmr005.segment.880" starttime="1975.582" endtime="1981.359" participant="mn005" timing-provenance="segment">
      <nite:child href="Bmr005.D.words.xml#id(Bmr005.w.7,370)..id(Bmr005.disfmarker.422)"/>
   </segment>
   <segment nite:id="Bmr005.segment.882" starttime="1981.359" endtime="1982.637" participant="mn005" timing-provenance="segment">
      <nite:child href="Bmr005.D.words.xml#id(Bmr005.w.7,409)..id(Bmr005.vocalsound.145)"/>
   </segment>
   <segment nite:id="Bmr005.segment.884" starttime="1985.39" endtime="1985.74" participant="mn005" timing-provenance="dialogueact">
      <nite:child href="Bmr005.D.words.xml#id(Bmr005.w.7,411)..id(Bmr005.w.7,412)"/>
   </segment>
   <segment nite:id="Bmr005.segment.885" starttime="1987.54" endtime="1995.06" participant="mn005" timing-provenance="dialogueact">
      <nite:child href="Bmr005.D.words.xml#id(Bmr005.w.7,413)..id(Bmr005.w.7,440)"/>
   </segment>
   <segment nite:id="Bmr005.segment.887" starttime="1995.52" endtime="1999.64" participant="mn005" timing-provenance="dialogueact">
      <nite:child href="Bmr005.D.words.xml#id(Bmr005.w.7,445)..id(Bmr005.w.7,458)"/>
   </segment>
   <segment nite:id="Bmr005.segment.892" starttime="2011.34" endtime="2011.46" participant="mn005" timing-provenance="dialogueact">
      <nite:child href="Bmr005.D.words.xml#id(Bmr005.w.7,503)..id(Bmr005.w.7,504)"/>
   </segment>
   <segment nite:id="Bmr005.segment.901" starttime="2022.67" endtime="2025.6" participant="mn005" timing-provenance="dialogueact">
      <nite:child href="Bmr005.D.words.xml#id(Bmr005.w.7,556)..id(Bmr005.w.7,567)"/>
   </segment>
   <segment nite:id="Bmr005.segment.902" starttime="2025.82" endtime="2028.95" participant="mn005" timing-provenance="dialogueact">
      <nite:child href="Bmr005.D.words.xml#id(Bmr005.w.7,568)..id(Bmr005.w.7,577)"/>
   </segment>
   <segment nite:id="Bmr005.segment.905" starttime="2029.3" endtime="2030.3" participant="mn005" timing-provenance="dialogueact">
      <nite:child href="Bmr005.D.words.xml#id(Bmr005.w.7,586)..id(Bmr005.w.7,592)"/>
   </segment>
   <segment nite:id="Bmr005.segment.906" starttime="2030.81" endtime="2033.92" participant="mn005" timing-provenance="dialogueact">
      <nite:child href="Bmr005.D.words.xml#id(Bmr005.w.7,593)..id(Bmr005.w.7,598)"/>
   </segment>
   <segment nite:id="Bmr005.segment.907" starttime="2034.18" endtime="2036.57" participant="mn005" timing-provenance="dialogueact">
      <nite:child href="Bmr005.D.words.xml#id(Bmr005.w.7,599)..id(Bmr005.w.7,608)"/>
   </segment>
   <segment nite:id="Bmr005.segment.909" starttime="2036.99" endtime="2041.05" participant="mn005" timing-provenance="dialogueact">
      <nite:child href="Bmr005.D.words.xml#id(Bmr005.w.7,613)..id(Bmr005.w.7,622)"/>
   </segment>
   <segment nite:id="Bmr005.segment.912" starttime="2041.24" endtime="2042.07" participant="mn005" timing-provenance="dialogueact">
      <nite:child href="Bmr005.D.words.xml#id(Bmr005.w.7,626)..id(Bmr005.w.7,628)"/>
   </segment>
   <segment nite:id="Bmr005.segment.913" starttime="2042.16" endtime="2043.45" participant="mn005" timing-provenance="dialogueact">
      <nite:child href="Bmr005.D.words.xml#id(Bmr005.w.7,629)..id(Bmr005.w.7,633)"/>
   </segment>
   <segment nite:id="Bmr005.segment.914" starttime="2044.02" endtime="2049.97" participant="mn005" timing-provenance="dialogueact">
      <nite:child href="Bmr005.D.words.xml#id(Bmr005.w.7,634)..id(Bmr005.w.7,650)"/>
   </segment>
   <segment nite:id="Bmr005.segment.919" starttime="2051.86" endtime="2052.21" participant="mn005" timing-provenance="dialogueact">
      <nite:child href="Bmr005.D.words.xml#id(Bmr005.w.7,677)..id(Bmr005.w.7,678)"/>
   </segment>
   <segment nite:id="Bmr005.segment.921" starttime="2053.311" endtime="2053.627" participant="mn005" timing-provenance="segment">
      <nite:child href="Bmr005.D.words.xml#id(Bmr005.w.7,690)..id(Bmr005.disfmarker.457)"/>
   </segment>
   <segment nite:id="Bmr005.segment.923" starttime="2056.226" endtime="2056.829" participant="mn005" timing-provenance="segment">
      <nite:child href="Bmr005.D.words.xml#id(Bmr005.w.7,708)..id(Bmr005.disfmarker.458)"/>
   </segment>
   <segment nite:id="Bmr005.segment.929" starttime="2064.198" endtime="2065.196" participant="mn005" timing-provenance="segment">
      <nite:child href="Bmr005.D.words.xml#id(Bmr005.w.7,747)..id(Bmr005.vocalsound.149)"/>
   </segment>
   <segment nite:id="Bmr005.segment.930" starttime="2066.1" endtime="2066.5" participant="mn005" timing-provenance="dialogueact">
      <nite:child href="Bmr005.D.words.xml#id(Bmr005.w.7,749)..id(Bmr005.w.7,750)"/>
   </segment>
   <segment nite:id="Bmr005.segment.933" starttime="2068.7" endtime="2068.95" participant="mn005" timing-provenance="dialogueact">
      <nite:child href="Bmr005.D.words.xml#id(Bmr005.w.7,811)..id(Bmr005.w.7,812)"/>
   </segment>
   <segment nite:id="Bmr005.segment.934" starttime="2071.93" endtime="2072.23" participant="mn005" timing-provenance="dialogueact">
      <nite:child href="Bmr005.D.words.xml#id(Bmr005.w.7,813)..id(Bmr005.w.7,814)"/>
   </segment>
   <segment nite:id="Bmr005.segment.936" starttime="2072.88" endtime="2073.17" participant="mn005" timing-provenance="dialogueact">
      <nite:child href="Bmr005.D.words.xml#id(Bmr005.w.7,817)..id(Bmr005.w.7,818)"/>
   </segment>
   <segment nite:id="Bmr005.segment.938" starttime="2085.12" endtime="2085.38" participant="mn005" timing-provenance="dialogueact">
      <nite:child href="Bmr005.D.words.xml#id(Bmr005.w.7,860)..id(Bmr005.w.7,861)"/>
   </segment>
   <segment nite:id="Bmr005.segment.941" starttime="2087.667" endtime="2089.894" participant="mn005" timing-provenance="segment">
      <nite:child href="Bmr005.D.words.xml#id(Bmr005.w.7,895)..id(Bmr005.disfmarker.469)"/>
   </segment>
   <segment nite:id="Bmr005.segment.942" starttime="2091.07" endtime="2096.07" participant="mn005" timing-provenance="dialogueact">
      <nite:child href="Bmr005.D.words.xml#id(Bmr005.w.7,903)..id(Bmr005.w.7,922)"/>
   </segment>
   <segment nite:id="Bmr005.segment.946" starttime="2098.113" endtime="2098.89" participant="mn005" timing-provenance="segment">
      <nite:child href="Bmr005.D.words.xml#id(Bmr005.vocalsound.150)"/>
   </segment>
   <segment nite:id="Bmr005.segment.947" starttime="2099.2" endtime="2105.36" participant="mn005" timing-provenance="dialogueact">
      <nite:child href="Bmr005.D.words.xml#id(Bmr005.w.7,957)..id(Bmr005.w.7,978)"/>
   </segment>
   <segment nite:id="Bmr005.segment.955" starttime="2124.23" endtime="2124.52" participant="mn005" timing-provenance="dialogueact">
      <nite:child href="Bmr005.D.words.xml#id(Bmr005.w.8,056)..id(Bmr005.w.8,057)"/>
   </segment>
   <segment nite:id="Bmr005.segment.957" starttime="2125.49" endtime="2125.75" participant="mn005" timing-provenance="dialogueact">
      <nite:child href="Bmr005.D.words.xml#id(Bmr005.w.8,083)..id(Bmr005.w.8,084)"/>
   </segment>
   <segment nite:id="Bmr005.segment.958" starttime="2127.37" endtime="2127.76" participant="mn005" timing-provenance="dialogueact">
      <nite:child href="Bmr005.D.words.xml#id(Bmr005.w.8,085)..id(Bmr005.w.8,088)"/>
   </segment>
   <segment nite:id="Bmr005.segment.960" starttime="2129.76" endtime="2130.1" participant="mn005" timing-provenance="dialogueact">
      <nite:child href="Bmr005.D.words.xml#id(Bmr005.w.8,089)..id(Bmr005.w.8,090)"/>
   </segment>
   <segment nite:id="Bmr005.segment.961" starttime="2130.61" endtime="2130.84" participant="mn005" timing-provenance="dialogueact">
      <nite:child href="Bmr005.D.words.xml#id(Bmr005.w.8,091)..id(Bmr005.w.8,092)"/>
   </segment>
   <segment nite:id="Bmr005.segment.964" starttime="2134.82" endtime="2135.99" participant="mn005" timing-provenance="dialogueact">
      <nite:child href="Bmr005.D.words.xml#id(Bmr005.w.8,113)..id(Bmr005.w.8,117)"/>
   </segment>
   <segment nite:id="Bmr005.segment.965" starttime="2136.73" endtime="2139.73" participant="mn005" timing-provenance="dialogueact">
      <nite:child href="Bmr005.D.words.xml#id(Bmr005.w.8,118)..id(Bmr005.w.8,128)"/>
   </segment>
   <segment nite:id="Bmr005.segment.967" starttime="2141.94" endtime="2142.13" participant="mn005" timing-provenance="dialogueact">
      <nite:child href="Bmr005.D.words.xml#id(Bmr005.w.8,151)..id(Bmr005.w.8,152)"/>
   </segment>
   <segment nite:id="Bmr005.segment.968" starttime="2143.3" endtime="2144.21" participant="mn005" timing-provenance="dialogueact">
      <nite:child href="Bmr005.D.words.xml#id(Bmr005.w.8,153)..id(Bmr005.w.8,158)"/>
   </segment>
   <segment nite:id="Bmr005.segment.969" starttime="2145.969" endtime="2148.702" participant="mn005" timing-provenance="segment">
      <nite:child href="Bmr005.D.words.xml#id(Bmr005.w.8,159)..id(Bmr005.disfmarker.490)"/>
   </segment>
   <segment nite:id="Bmr005.segment.971" starttime="2156.48" endtime="2163.15" participant="mn005" timing-provenance="dialogueact">
      <nite:child href="Bmr005.D.words.xml#id(Bmr005.w.8,196)..id(Bmr005.w.8,209)"/>
   </segment>
   <segment nite:id="Bmr005.segment.974" starttime="2163.4" endtime="2167.68" participant="mn005" timing-provenance="dialogueact">
      <nite:child href="Bmr005.D.words.xml#id(Bmr005.w.8,233)..id(Bmr005.w.8,252)"/>
   </segment>
   <segment nite:id="Bmr005.segment.979" starttime="2170.34" endtime="2170.7" participant="mn005" timing-provenance="dialogueact">
      <nite:child href="Bmr005.D.words.xml#id(Bmr005.w.8,268)..id(Bmr005.w.8,271)"/>
   </segment>
   <segment nite:id="Bmr005.segment.981" starttime="2179.71" endtime="2179.89" participant="mn005" timing-provenance="dialogueact">
      <nite:child href="Bmr005.D.words.xml#id(Bmr005.w.8,308)..id(Bmr005.w.8,309)"/>
   </segment>
   <segment nite:id="Bmr005.segment.983" starttime="2182.853" endtime="2183.699" participant="mn005" timing-provenance="segment">
      <nite:child href="Bmr005.D.words.xml#id(Bmr005.w.8,327)..id(Bmr005.w.8,330)"/>
   </segment>
   <segment nite:id="Bmr005.segment.985" starttime="2188.05" endtime="2188.23" participant="mn005" timing-provenance="dialogueact">
      <nite:child href="Bmr005.D.words.xml#id(Bmr005.w.8,346)..id(Bmr005.w.8,347)"/>
   </segment>
   <segment nite:id="Bmr005.segment.987" starttime="2197.56" endtime="2199.4" participant="mn005" timing-provenance="dialogueact">
      <nite:child href="Bmr005.D.words.xml#id(Bmr005.w.8,373)..id(Bmr005.w.8,380)"/>
   </segment>
   <segment nite:id="Bmr005.segment.991" starttime="2208.4" endtime="2208.71" participant="mn005" timing-provenance="dialogueact">
      <nite:child href="Bmr005.D.words.xml#id(Bmr005.w.8,417)..id(Bmr005.w.8,418)"/>
   </segment>
   <segment nite:id="Bmr005.segment.1,057" starttime="2387.66" endtime="2389.091" participant="mn005" timing-provenance="segment">
      <nite:child href="Bmr005.D.words.xml#id(Bmr005.vocalsound.160)"/>
   </segment>
   <segment nite:id="Bmr005.segment.1,060" starttime="2394.632" endtime="2396.934" participant="mn005" timing-provenance="segment">
      <nite:child href="Bmr005.D.words.xml#id(Bmr005.vocalsound.161)"/>
   </segment>
   <segment nite:id="Bmr005.segment.1,067" starttime="2407.918" endtime="2408.717" participant="mn005" timing-provenance="segment">
      <nite:child href="Bmr005.D.words.xml#id(Bmr005.w.9,417)..id(Bmr005.w.9,420)"/>
   </segment>
   <segment nite:id="Bmr005.segment.1,073" starttime="2414.188" endtime="2414.911" participant="mn005" timing-provenance="segment">
      <nite:child href="Bmr005.D.words.xml#id(Bmr005.w.9,472)..id(Bmr005.w.9,473)"/>
   </segment>
   <segment nite:id="Bmr005.segment.1,084" starttime="2420.209" endtime="2420.784" participant="mn005" timing-provenance="segment">
      <nite:child href="Bmr005.D.words.xml#id(Bmr005.w.9,512)..id(Bmr005.w.9,513)"/>
   </segment>
   <segment nite:id="Bmr005.segment.1,103" starttime="2473.197" endtime="2473.587" participant="mn005" timing-provenance="segment">
      <nite:child href="Bmr005.D.words.xml#id(Bmr005.nonvocalsound.38)"/>
   </segment>
   <segment nite:id="Bmr005.segment.1,105" starttime="2476.353" endtime="2477.203" participant="mn005" timing-provenance="segment">
      <nite:child href="Bmr005.D.words.xml#id(Bmr005.vocalsound.166)"/>
   </segment>
   <segment nite:id="Bmr005.segment.1,107" starttime="2414.35" endtime="2414.75" participant="mn005" timing-provenance="dialogueact">
      <nite:child href="Bmr005.D.words.xml#id(Bmr005.w.9,780)..id(Bmr005.w.9,781)"/>
   </segment>
   <segment nite:id="Bmr005.segment.1,108" starttime="2483.42" endtime="2483.8" participant="mn005" timing-provenance="dialogueact">
      <nite:child href="Bmr005.D.words.xml#id(Bmr005.w.9,782)..id(Bmr005.w.9,783)"/>
   </segment>
   <segment nite:id="Bmr005.segment.1,109" starttime="2484.19" endtime="2484.69" participant="mn005" timing-provenance="dialogueact">
      <nite:child href="Bmr005.D.words.xml#id(Bmr005.w.9,784)..id(Bmr005.w.9,785)"/>
   </segment>
   <segment nite:id="Bmr005.segment.1,111" starttime="2485.948" endtime="2486.631" participant="mn005" timing-provenance="segment">
      <nite:child href="Bmr005.D.words.xml#id(Bmr005.w.9,821)..id(Bmr005.w.9,822)"/>
   </segment>
   <segment nite:id="Bmr005.segment.1,113" starttime="2490.228" endtime="2490.997" participant="mn005" timing-provenance="segment">
      <nite:child href="Bmr005.D.words.xml#id(Bmr005.w.9,828)..id(Bmr005.w.9,829)"/>
   </segment>
   <segment nite:id="Bmr005.segment.1,132" starttime="2521.18" endtime="2522.828" participant="mn005" timing-provenance="segment">
      <nite:child href="Bmr005.D.words.xml#id(Bmr005.vocalsound.175)"/>
   </segment>
   <segment nite:id="Bmr005.segment.1,139" starttime="2527.342" endtime="2528.097" participant="mn005" timing-provenance="segment">
      <nite:child href="Bmr005.D.words.xml#id(Bmr005.vocalsound.180)"/>
   </segment>
   <segment nite:id="Bmr005.segment.1,151" starttime="2540.91" endtime="2541.73" participant="mn005" timing-provenance="segment">
      <nite:child href="Bmr005.D.words.xml#id(Bmr005.vocalsound.181)"/>
   </segment>
   <segment nite:id="Bmr005.segment.1,157" starttime="2548.57" endtime="2550.313" participant="mn005" timing-provenance="segment">
      <nite:child href="Bmr005.D.words.xml#id(Bmr005.vocalsound.185)"/>
   </segment>
   <segment nite:id="Bmr005.segment.1,165" starttime="2551.71" endtime="2553.273" participant="mn005" timing-provenance="segment">
      <nite:child href="Bmr005.D.words.xml#id(Bmr005.vocalsound.190)"/>
   </segment>
   <segment nite:id="Bmr005.segment.1,169" starttime="2554.001" endtime="2554.566" participant="mn005" timing-provenance="segment">
      <nite:child href="Bmr005.D.words.xml#id(Bmr005.w.10,182)..id(Bmr005.w.10,185)"/>
   </segment>
   <segment nite:id="Bmr005.segment.1,174" starttime="2565.93" endtime="2566.48" participant="mn005" timing-provenance="segment">
      <nite:child href="Bmr005.D.words.xml#id(Bmr005.nonvocalsound.41)"/>
   </segment>
   <segment nite:id="Bmr005.segment.1,179" starttime="2577.717" endtime="2578.412" participant="mn005" timing-provenance="segment">
      <nite:child href="Bmr005.D.words.xml#id(Bmr005.w.10,237)..id(Bmr005.w.10,238)"/>
   </segment>
   <segment nite:id="Bmr005.segment.1,185" starttime="2590.54" endtime="2591.01" participant="mn005" timing-provenance="dialogueact">
      <nite:child href="Bmr005.D.words.xml#id(Bmr005.w.10,292)..id(Bmr005.w.10,294)"/>
   </segment>
   <segment nite:id="Bmr005.segment.1,187" starttime="2593.38" endtime="2595.38" participant="mn005" timing-provenance="dialogueact">
      <nite:child href="Bmr005.D.words.xml#id(Bmr005.w.10,305)..id(Bmr005.w.10,313)"/>
   </segment>
   <segment nite:id="Bmr005.segment.1,188" starttime="2596.12" endtime="2599.9" participant="mn005" timing-provenance="dialogueact">
      <nite:child href="Bmr005.D.words.xml#id(Bmr005.w.10,314)..id(Bmr005.w.10,323)"/>
   </segment>
   <segment nite:id="Bmr005.segment.1,191" starttime="2600.67" endtime="2601.12" participant="mn005" timing-provenance="dialogueact">
      <nite:child href="Bmr005.D.words.xml#id(Bmr005.w.10,330)..id(Bmr005.w.10,331)"/>
   </segment>
   <segment nite:id="Bmr005.segment.1,192" starttime="2601.56" endtime="2605.88" participant="mn005" timing-provenance="dialogueact">
      <nite:child href="Bmr005.D.words.xml#id(Bmr005.w.10,332)..id(Bmr005.w.10,346)"/>
   </segment>
   <segment nite:id="Bmr005.segment.1,195" starttime="2606.447" endtime="2608.23" participant="mn005" timing-provenance="segment">
      <nite:child href="Bmr005.D.words.xml#id(Bmr005.w.10,352)..id(Bmr005.disfmarker.597)"/>
   </segment>
   <segment nite:id="Bmr005.segment.1,196" starttime="2608.57" endtime="2611.92" participant="mn005" timing-provenance="dialogueact">
      <nite:child href="Bmr005.D.words.xml#id(Bmr005.w.10,359)..id(Bmr005.w.10,370)"/>
   </segment>
   <segment nite:id="Bmr005.segment.1,197" starttime="2612.55" endtime="2615.67" participant="mn005" timing-provenance="dialogueact">
      <nite:child href="Bmr005.D.words.xml#id(Bmr005.w.10,371)..id(Bmr005.w.10,377)"/>
   </segment>
   <segment nite:id="Bmr005.segment.1,198" starttime="2617.09" endtime="2617.15" participant="mn005" timing-provenance="dialogueact">
      <nite:child href="Bmr005.D.words.xml#id(Bmr005.w.10,378)..id(Bmr005.w.10,379)"/>
   </segment>
   <segment nite:id="Bmr005.segment.1,200" starttime="2623.01" endtime="2623.5" participant="mn005" timing-provenance="dialogueact">
      <nite:child href="Bmr005.D.words.xml#id(Bmr005.w.10,406)..id(Bmr005.w.10,407)"/>
   </segment>
   <segment nite:id="Bmr005.segment.1,202" starttime="2624.24" endtime="2624.69" participant="mn005" timing-provenance="dialogueact">
      <nite:child href="Bmr005.D.words.xml#id(Bmr005.w.10,412)..id(Bmr005.w.10,413)"/>
   </segment>
   <segment nite:id="Bmr005.segment.1,205" starttime="2630.82" endtime="2631.15" participant="mn005" timing-provenance="dialogueact">
      <nite:child href="Bmr005.D.words.xml#id(Bmr005.w.10,464)..id(Bmr005.w.10,465)"/>
   </segment>
   <segment nite:id="Bmr005.segment.1,206" starttime="2634.2" endtime="2634.61" participant="mn005" timing-provenance="dialogueact">
      <nite:child href="Bmr005.D.words.xml#id(Bmr005.w.10,466)..id(Bmr005.w.10,467)"/>
   </segment>
   <segment nite:id="Bmr005.segment.1,208" starttime="2634.65" endtime="2635.529" participant="mn005" timing-provenance="segment">
      <nite:child href="Bmr005.D.words.xml#id(Bmr005.nonvocalsound.43)"/>
   </segment>
   <segment nite:id="Bmr005.segment.1,209" starttime="2635.94" endtime="2636.39" participant="mn005" timing-provenance="dialogueact">
      <nite:child href="Bmr005.D.words.xml#id(Bmr005.w.10,496)..id(Bmr005.w.10,497)"/>
   </segment>
   <segment nite:id="Bmr005.segment.1,212" starttime="2646.57" endtime="2648.923" participant="mn005" timing-provenance="segment">
      <nite:child href="Bmr005.D.words.xml#id(Bmr005.vocalsound.195)"/>
   </segment>
   <segment nite:id="Bmr005.segment.1,333" starttime="2933.87" endtime="2934.75" participant="mn005" timing-provenance="segment">
      <nite:child href="Bmr005.D.words.xml#id(Bmr005.nonvocalsound.45)"/>
   </segment>
   <segment nite:id="Bmr005.segment.1,660" starttime="3945.95" endtime="3946.61" participant="mn005" timing-provenance="segment">
      <nite:child href="Bmr005.D.words.xml#id(Bmr005.vocalsound.233)"/>
   </segment>
   <segment nite:id="Bmr005.segment.1,691" starttime="4010.632" endtime="4013.447" participant="mn005" timing-provenance="segment">
      <nite:child href="Bmr005.D.words.xml#id(Bmr005.vocalsound.237)"/>
   </segment>
   <segment nite:id="Bmr005.segment.1,786" starttime="4256.82" endtime="4257.96" participant="mn005" timing-provenance="segment">
      <nite:child href="Bmr005.D.words.xml#id(Bmr005.vocalsound.248)"/>
   </segment>
</nite:root>