<?xml version="1.0" encoding="ISO-8859-1" standalone="yes"?>
<nite:root nite:id="ES2002a.A.words" xmlns:nite="http://nite.sourceforge.net/">
   <w nite:id="ES2002a.A.words0" starttime="77.44" endtime="77.74">Hi</w>
   <w nite:id="ES2002a.A.words1" starttime="77.74" endtime="77.74" punc="true">,</w>
   <w nite:id="ES2002a.A.words2" starttime="77.74" endtime="78.16">I&#39;m</w>
   <w nite:id="ES2002a.A.words3" starttime="78.16" endtime="78.6">David</w>
   <w nite:id="ES2002a.A.words4" starttime="78.6" endtime="78.85">and</w>
   <w nite:id="ES2002a.A.words5" starttime="78.85" endtime="79.16">I&#39;m</w>
   <w nite:id="ES2002a.A.words6" starttime="79.16" endtime="79.53">supposed</w>
   <w nite:id="ES2002a.A.words7" starttime="79.53" endtime="79.6">to</w>
   <w nite:id="ES2002a.A.words8" starttime="79.6" endtime="79.74">be</w>
   <w nite:id="ES2002a.A.words9" starttime="79.74" endtime="79.83">an</w>
   <w nite:id="ES2002a.A.words10" starttime="79.83" endtime="80.21">industrial</w>
   <w nite:id="ES2002a.A.words11" starttime="80.21" endtime="80.87">designer</w>
   <w nite:id="ES2002a.A.words12" starttime="80.87" endtime="80.87" punc="true">.</w>
   <w nite:id="ES2002a.A.words13" starttime="132.57" endtime="133.22">Um</w>
   <w nite:id="ES2002a.A.words14" starttime="133.22" endtime="133.22" punc="true">,</w>
   <w nite:id="ES2002a.A.words15" starttime="133.22" endtime="133.27">I</w>
   <w nite:id="ES2002a.A.words16" starttime="133.27" endtime="133.51">just</w>
   <w nite:id="ES2002a.A.words17" starttime="133.51" endtime="133.78">got</w>
   <w nite:id="ES2002a.A.words18" starttime="133.78" endtime="133.89">the</w>
   <w nite:id="ES2002a.A.words19" starttime="133.89" endtime="134.26">project</w>
   <w nite:id="ES2002a.A.words20" starttime="134.26" endtime="135.01">announcement</w>
   <w nite:id="ES2002a.A.words21" starttime="135.01" endtime="135.18">about</w>
   <w nite:id="ES2002a.A.words22" starttime="135.18" endtime="135.34">what</w>
   <w nite:id="ES2002a.A.words23" starttime="135.34" endtime="135.44">the</w>
   <w nite:id="ES2002a.A.words24" starttime="135.44" endtime="136.17">project</w>
   <w nite:id="ES2002a.A.words25" starttime="136.17" endtime="136.68">is</w>
   <vocalsound nite:id="ES2002a.A.words26" starttime="136.68" endtime="136.68" type="other"/>
   <w nite:id="ES2002a.A.words27" starttime="136.68" endtime="136.68" punc="true">.</w>
   <w nite:id="ES2002a.A.words28" starttime="136.68" endtime="137.37">Designing</w>
   <w nite:id="ES2002a.A.words29" starttime="137.37" endtime="137.42">a</w>
   <w nite:id="ES2002a.A.words30" starttime="137.42" endtime="137.69">remote</w>
   <w nite:id="ES2002a.A.words31" starttime="137.69" endtime="138.2">control</w>
   <w nite:id="ES2002a.A.words32" starttime="138.2" endtime="138.2" punc="true">.</w>
   <w nite:id="ES2002a.A.words33" starttime="138.2" endtime="138.36">That&#39;s</w>
   <w nite:id="ES2002a.A.words34" starttime="138.36" endtime="138.54">about</w>
   <w nite:id="ES2002a.A.words35" starttime="138.54" endtime="139.15">it</w>
   <w nite:id="ES2002a.A.words36" starttime="139.15" endtime="139.15" punc="true">,</w>
   <w nite:id="ES2002a.A.words37" starttime="139.15" endtime="139.73">didn&#39;t</w>
   <w nite:id="ES2002a.A.words38" starttime="139.73" endtime="139.84">get</w>
   <w nite:id="ES2002a.A.words39" starttime="139.84" endtime="140.1">anything</w>
   <w nite:id="ES2002a.A.words40" starttime="140.1" endtime="140.77">else</w>
   <w nite:id="ES2002a.A.words41" starttime="140.77" endtime="140.77" punc="true">.</w>
   <w nite:id="ES2002a.A.words42" starttime="140.77" endtime="140.87">Did</w>
   <w nite:id="ES2002a.A.words43" starttime="140.87" endtime="140.95">you</w>
   <w nite:id="ES2002a.A.words44" starttime="140.95" endtime="141.13">get</w>
   <w nite:id="ES2002a.A.words45" starttime="141.13" endtime="141.19">the</w>
   <w nite:id="ES2002a.A.words46" starttime="141.19" endtime="141.4">same</w>
   <w nite:id="ES2002a.A.words47" starttime="141.4" endtime="141.98">thing</w>
   <w nite:id="ES2002a.A.words48" starttime="141.98" endtime="141.98" punc="true">?</w>
   <vocalsound nite:id="ES2002a.A.words49" starttime="237.359" endtime="239.245" type="laugh"/>
   <vocalsound nite:id="ES2002a.A.words50" starttime="265.659" endtime="267.435" type="laugh"/>
   <w nite:id="ES2002a.A.words51" starttime="275.83" endtime="276.15">Cool</w>
   <w nite:id="ES2002a.A.words52" starttime="276.15" endtime="276.15" punc="true">.</w>
   <w nite:id="ES2002a.A.words53" starttime="280.75" endtime="280.88">There&#39;s</w>
   <w nite:id="ES2002a.A.words54" starttime="280.88" endtime="281.02">too</w>
   <w nite:id="ES2002a.A.words55" starttime="281.02" endtime="281.24">much</w>
   <w nite:id="ES2002a.A.words56" starttime="281.24" endtime="282.65">gear</w>
   <w nite:id="ES2002a.A.words57" starttime="282.65" endtime="282.65" punc="true">.</w>
   <vocalsound nite:id="ES2002a.A.words58" starttime="282.65" endtime="282.696" type="laugh"/>
   <vocalsound nite:id="ES2002a.A.words59" starttime="290.031" endtime="291.4" type="laugh"/>
   <w nite:id="ES2002a.A.words60" starttime="293.26" endtime="294.25">Okay</w>
   <w nite:id="ES2002a.A.words61" starttime="294.25" endtime="294.25" punc="true">.</w>
   <w nite:id="ES2002a.A.words62" starttime="309.38" endtime="309.56">Can&#39;t</w>
   <w nite:id="ES2002a.A.words63" starttime="309.56" endtime="310.85">draw</w>
   <w nite:id="ES2002a.A.words64" starttime="310.85" endtime="310.85" punc="true">.</w>
   <vocalsound nite:id="ES2002a.A.words65" starttime="310.85" endtime="311.028" type="laugh"/>
   <w nite:id="ES2002a.A.words66" starttime="312.06" endtime="312.84">Um</w>
   <w nite:id="ES2002a.A.words67" starttime="312.84" endtime="312.84" punc="true">.</w>
   <w nite:id="ES2002a.A.words68" starttime="313.09" endtime="313.52">Yeah</w>
   <w nite:id="ES2002a.A.words69" starttime="313.52" endtime="313.52" punc="true">.</w>
   <w nite:id="ES2002a.A.words70" starttime="318.58" endtime="320.03">Um</w>
   <w nite:id="ES2002a.A.words71" starttime="320.03" endtime="320.03" punc="true">,</w>
   <w nite:id="ES2002a.A.words72" starttime="320.03" endtime="320.32">well</w>
   <w nite:id="ES2002a.A.words73" starttime="320.32" endtime="321.53" mispronounced="true">anyway</w>
   <w nite:id="ES2002a.A.words74" starttime="321.53" endtime="321.53" punc="true">,</w>
   <w nite:id="ES2002a.A.words75" starttime="321.53" endtime="321.65">I</w>
   <w nite:id="ES2002a.A.words76" starttime="321.65" endtime="321.82">don&#39;t</w>
   <w nite:id="ES2002a.A.words77" starttime="321.82" endtime="321.88">know</w>
   <w nite:id="ES2002a.A.words78" starttime="321.88" endtime="321.88" punc="true">,</w>
   <w nite:id="ES2002a.A.words79" starttime="321.88" endtime="321.99">it&#39;s</w>
   <w nite:id="ES2002a.A.words80" starttime="321.99" endtime="322.17">just</w>
   <w nite:id="ES2002a.A.words81" starttime="322.17" endtime="322.23">the</w>
   <w nite:id="ES2002a.A.words82" starttime="322.23" endtime="322.46">first</w>
   <w nite:id="ES2002a.A.words83" starttime="322.46" endtime="322.68">animal</w>
   <w nite:id="ES2002a.A.words84" starttime="322.68" endtime="322.72">I</w>
   <w nite:id="ES2002a.A.words85" starttime="322.72" endtime="322.86">can</w>
   <w nite:id="ES2002a.A.words86" starttime="322.86" endtime="323.01">think</w>
   <w nite:id="ES2002a.A.words87" starttime="323.01" endtime="323.18">off</w>
   <w nite:id="ES2002a.A.words88" starttime="323.18" endtime="323.26">the</w>
   <w nite:id="ES2002a.A.words89" starttime="323.26" endtime="323.45">top</w>
   <w nite:id="ES2002a.A.words90" starttime="323.45" endtime="323.57">of</w>
   <w nite:id="ES2002a.A.words91" starttime="323.57" endtime="323.73">my</w>
   <w nite:id="ES2002a.A.words92" starttime="323.73" endtime="324.11">head</w>
   <w nite:id="ES2002a.A.words93" starttime="324.11" endtime="324.11" punc="true">.</w>
   <w nite:id="ES2002a.A.words94" starttime="324.11" endtime="325.0">Um</w>
   <w nite:id="ES2002a.A.words95" starttime="325.0" endtime="325.0" punc="true">.</w>
   <w nite:id="ES2002a.A.words96" starttime="325.0" endtime="325.43">Yes</w>
   <w nite:id="ES2002a.A.words97" starttime="325.43" endtime="325.43" punc="true">.</w>
   <w nite:id="ES2002a.A.words98" starttime="325.43" endtime="325.58">Big</w>
   <w nite:id="ES2002a.A.words99" starttime="325.58" endtime="325.92">reason</w>
   <w nite:id="ES2002a.A.words100" starttime="325.92" endtime="326.12">is</w>
   <w nite:id="ES2002a.A.words101" starttime="326.12" endtime="326.3">&#39;cause</w>
   <w nite:id="ES2002a.A.words102" starttime="326.3" endtime="326.4">I&#39;m</w>
   <w nite:id="ES2002a.A.words103" starttime="326.4" endtime="326.77">allergic</w>
   <w nite:id="ES2002a.A.words104" starttime="326.77" endtime="326.87">to</w>
   <w nite:id="ES2002a.A.words105" starttime="326.87" endtime="327.1">most</w>
   <w nite:id="ES2002a.A.words106" starttime="327.1" endtime="327.86">animals</w>
   <w nite:id="ES2002a.A.words107" starttime="327.86" endtime="327.86" punc="true">.</w>
   <w nite:id="ES2002a.A.words108" starttime="327.86" endtime="328.15">Allergic</w>
   <w nite:id="ES2002a.A.words109" starttime="328.15" endtime="328.27">to</w>
   <w nite:id="ES2002a.A.words110" starttime="328.27" endtime="328.53">animal</w>
   <w nite:id="ES2002a.A.words111" starttime="328.53" endtime="328.76">fur</w>
   <w nite:id="ES2002a.A.words112" starttime="328.76" endtime="328.76" punc="true">,</w>
   <w nite:id="ES2002a.A.words113" starttime="328.76" endtime="329.61">so</w>
   <w nite:id="ES2002a.A.words114" starttime="329.61" endtime="330.15">um</w>
   <w nite:id="ES2002a.A.words115" starttime="330.15" endtime="330.32">fish</w>
   <w nite:id="ES2002a.A.words116" starttime="330.32" endtime="330.51">was</w>
   <w nite:id="ES2002a.A.words117" starttime="330.51" endtime="330.55">a</w>
   <w nite:id="ES2002a.A.words118" starttime="330.55" endtime="330.91">natural</w>
   <w nite:id="ES2002a.A.words119" starttime="330.91" endtime="331.57">choice</w>
   <w nite:id="ES2002a.A.words120" starttime="331.57" endtime="331.57" punc="true">.</w>
   <w nite:id="ES2002a.A.words121" starttime="332.03" endtime="332.82">Um</w>
   <w nite:id="ES2002a.A.words122" starttime="332.82" endtime="332.82" punc="true">,</w>
   <w nite:id="ES2002a.A.words123" starttime="332.82" endtime="333.1">yeah</w>
   <w nite:id="ES2002a.A.words124" starttime="333.1" endtime="333.1" punc="true">,</w>
   <w nite:id="ES2002a.A.words125" starttime="333.1" endtime="333.21">and</w>
   <w nite:id="ES2002a.A.words126" starttime="333.21" endtime="333.26">I</w>
   <w nite:id="ES2002a.A.words127" starttime="333.26" endtime="333.47">kind</w>
   <w nite:id="ES2002a.A.words128" starttime="333.47" endtime="333.54">of</w>
   <w nite:id="ES2002a.A.words129" starttime="333.54" endtime="333.68">like</w>
   <w nite:id="ES2002a.A.words130" starttime="333.68" endtime="334.32">whales</w>
   <w nite:id="ES2002a.A.words131" starttime="334.32" endtime="334.32" punc="true">.</w>
   <w nite:id="ES2002a.A.words132" starttime="334.32" endtime="334.39">They</w>
   <w nite:id="ES2002a.A.words133" starttime="334.39" endtime="334.58">come</w>
   <w nite:id="ES2002a.A.words134" starttime="334.58" endtime="334.65">in</w>
   <w nite:id="ES2002a.A.words135" starttime="334.65" endtime="334.77">and</w>
   <w nite:id="ES2002a.A.words136" starttime="334.77" endtime="335.8">go</w>
   <vocalsound nite:id="ES2002a.A.words137" starttime="335.8" endtime="335.8" type="sound imitating devouring something"/>
   <w nite:id="ES2002a.A.words138" starttime="335.8" endtime="335.93">eat</w>
   <w nite:id="ES2002a.A.words139" starttime="335.93" endtime="336.24">everything</w>
   <w nite:id="ES2002a.A.words140" starttime="336.24" endtime="336.34">in</w>
   <w nite:id="ES2002a.A.words141" starttime="336.34" endtime="337.7">sight</w>
   <w nite:id="ES2002a.A.words142" starttime="337.7" endtime="337.7" punc="true">.</w>
   <vocalsound nite:id="ES2002a.A.words143" starttime="337.7" endtime="338.036" type="laugh"/>
   <w nite:id="ES2002a.A.words144" starttime="338.22" endtime="338.31">And</w>
   <w nite:id="ES2002a.A.words145" starttime="338.31" endtime="338.42">they&#39;re</w>
   <w nite:id="ES2002a.A.words146" starttime="338.42" endtime="338.76">quite</w>
   <w nite:id="ES2002a.A.words147" starttime="338.76" endtime="339.27">harmless</w>
   <w nite:id="ES2002a.A.words148" starttime="339.27" endtime="339.39">and</w>
   <w nite:id="ES2002a.A.words149" starttime="339.39" endtime="339.79">mild</w>
   <w nite:id="ES2002a.A.words150" starttime="339.79" endtime="340.89">and</w>
   <w nite:id="ES2002a.A.words151" starttime="340.89" endtime="341.52">interesting</w>
   <w nite:id="ES2002a.A.words152" starttime="341.52" endtime="341.52" punc="true">.</w>
   <vocalsound nite:id="ES2002a.A.words153" starttime="351.686" endtime="351.686" type="laugh"/>
   <w nite:id="ES2002a.A.words154" starttime="353.86" endtime="354.16">Tail&#39;s</w>
   <w nite:id="ES2002a.A.words155" starttime="354.16" endtime="354.21">a</w>
   <w nite:id="ES2002a.A.words156" starttime="354.21" endtime="354.37">bit</w>
   <w nite:id="ES2002a.A.words157" starttime="354.37" endtime="354.53">big</w>
   <w nite:id="ES2002a.A.words158" starttime="354.53" endtime="354.53" punc="true">,</w>
   <w nite:id="ES2002a.A.words159" starttime="354.53" endtime="354.62">I</w>
   <w nite:id="ES2002a.A.words160" starttime="354.62" endtime="355.11">think</w>
   <w nite:id="ES2002a.A.words161" starttime="355.11" endtime="355.11" punc="true">.</w>
   <vocalsound nite:id="ES2002a.A.words162" starttime="355.11" endtime="355.385" type="laugh"/>
   <vocalsound nite:id="ES2002a.A.words163" starttime="384.112" endtime="384.881" type="laugh"/>
   <vocalsound nite:id="ES2002a.A.words164" starttime="405.539" endtime="406.388" type="laugh"/>
   <vocalsound nite:id="ES2002a.A.words165" starttime="429.714" endtime="431.338" type="laugh"/>
   <vocalsound nite:id="ES2002a.A.words166" starttime="440.382" endtime="440.382" type="laugh"/>
   <w nite:id="ES2002a.A.words167" starttime="442.02" endtime="442.11">It&#39;s</w>
   <w nite:id="ES2002a.A.words168" starttime="442.11" endtime="442.2">an</w>
   <w nite:id="ES2002a.A.words169" starttime="442.2" endtime="442.5">after</w>
   <w nite:id="ES2002a.A.words170" starttime="442.5" endtime="442.75">dinner</w>
   <w nite:id="ES2002a.A.words171" starttime="442.75" endtime="443.02">dog</w>
   <w nite:id="ES2002a.A.words172" starttime="443.02" endtime="443.21">then</w>
   <w nite:id="ES2002a.A.words173" starttime="443.21" endtime="443.21" punc="true">.</w>
   <vocalsound nite:id="ES2002a.A.words174" starttime="453.055" endtime="453.425" type="other"/>
   <w nite:id="ES2002a.A.words175" starttime="565.05" endtime="565.32">Hmm</w>
   <w nite:id="ES2002a.A.words176" starttime="565.32" endtime="565.32" punc="true">.</w>
   <w nite:id="ES2002a.A.words177" starttime="571.74" endtime="571.83">It</w>
   <w nite:id="ES2002a.A.words178" starttime="571.83" endtime="571.99">does</w>
   <w nite:id="ES2002a.A.words179" starttime="571.99" endtime="572.18">make</w>
   <w nite:id="ES2002a.A.words180" starttime="572.18" endtime="572.73">sense</w>
   <w nite:id="ES2002a.A.words181" starttime="572.73" endtime="573.61">from</w>
   <w nite:id="ES2002a.A.words182" starttime="573.61" endtime="573.86">maybe</w>
   <w nite:id="ES2002a.A.words183" starttime="573.86" endtime="574.01">the</w>
   <w nite:id="ES2002a.A.words184" starttime="574.01" endtime="574.43">design</w>
   <w nite:id="ES2002a.A.words185" starttime="574.43" endtime="574.6">point</w>
   <w nite:id="ES2002a.A.words186" starttime="574.6" endtime="574.67">of</w>
   <w nite:id="ES2002a.A.words187" starttime="574.67" endtime="574.91">view</w>
   <w nite:id="ES2002a.A.words188" starttime="574.91" endtime="575.92">&#39;cause</w>
   <w nite:id="ES2002a.A.words189" starttime="575.92" endtime="576.03">you</w>
   <w nite:id="ES2002a.A.words190" starttime="576.03" endtime="577.14">have</w>
   <w nite:id="ES2002a.A.words191" starttime="577.14" endtime="577.32">more</w>
   <w nite:id="ES2002a.A.words192" starttime="577.32" endtime="577.83">complicated</w>
   <w nite:id="ES2002a.A.words193" starttime="577.83" endtime="578.25">characters</w>
   <w nite:id="ES2002a.A.words194" starttime="578.25" endtime="578.38">like</w>
   <w nite:id="ES2002a.A.words195" starttime="578.38" endtime="578.74">European</w>
   <w nite:id="ES2002a.A.words196" starttime="578.74" endtime="579.25">languages</w>
   <w nite:id="ES2002a.A.words197" starttime="579.25" endtime="579.25" punc="true">,</w>
   <w nite:id="ES2002a.A.words198" starttime="579.25" endtime="579.41">then</w>
   <w nite:id="ES2002a.A.words199" starttime="579.41" endtime="579.52">you</w>
   <w nite:id="ES2002a.A.words200" starttime="579.52" endtime="579.68">need</w>
   <w nite:id="ES2002a.A.words201" starttime="579.68" endtime="579.79">more</w>
   <w nite:id="ES2002a.A.words202" starttime="579.79" endtime="580.21">buttons</w>
   <w nite:id="ES2002a.A.words203" starttime="580.21" endtime="580.21" punc="true">.</w>
   <w nite:id="ES2002a.A.words204" starttime="581.3" endtime="581.96">So</w>
   <w nite:id="ES2002a.A.words205" starttime="581.96" endtime="581.96" punc="true">,</w>
   <w nite:id="ES2002a.A.words206" starttime="581.96" endtime="582.52">possibly</w>
   <w nite:id="ES2002a.A.words207" starttime="582.52" endtime="582.52" punc="true">.</w>
   <w nite:id="ES2002a.A.words208" starttime="732.32" endtime="732.54">Hmm</w>
   <w nite:id="ES2002a.A.words209" starttime="732.54" endtime="732.54" punc="true">.</w>
   <w nite:id="ES2002a.A.words210" starttime="777.7" endtime="778.02">Yeah</w>
   <w nite:id="ES2002a.A.words211" starttime="778.02" endtime="778.02" punc="true">.</w>
   <w nite:id="ES2002a.A.words212" starttime="903.08" endtime="903.28">And</w>
   <w nite:id="ES2002a.A.words213" starttime="903.28" endtime="903.41">you</w>
   <w nite:id="ES2002a.A.words214" starttime="903.41" endtime="903.52">keep</w>
   <w nite:id="ES2002a.A.words215" starttime="903.52" endtime="903.8">losing</w>
   <w nite:id="ES2002a.A.words216" starttime="903.8" endtime="903.98">them</w>
   <w nite:id="ES2002a.A.words217" starttime="903.98" endtime="903.98" punc="true">.</w>
   <w nite:id="ES2002a.A.words218" starttime="906.45" endtime="906.76">Finding</w>
   <w nite:id="ES2002a.A.words219" starttime="906.76" endtime="906.98">them</w>
   <w nite:id="ES2002a.A.words220" starttime="906.98" endtime="907.29">is</w>
   <w nite:id="ES2002a.A.words221" starttime="907.29" endtime="907.57">really</w>
   <w nite:id="ES2002a.A.words222" starttime="907.57" endtime="907.74">a</w>
   <w nite:id="ES2002a.A.words223" starttime="907.74" endtime="908.12">pain</w>
   <w nite:id="ES2002a.A.words224" starttime="908.12" endtime="908.12" punc="true">,</w>
   <w nite:id="ES2002a.A.words225" starttime="908.12" endtime="908.29">you</w>
   <w nite:id="ES2002a.A.words226" starttime="908.29" endtime="908.59">know</w>
   <w nite:id="ES2002a.A.words227" starttime="908.59" endtime="908.59" punc="true">.</w>
   <w nite:id="ES2002a.A.words228" starttime="908.59" endtime="909.23">I</w>
   <w nite:id="ES2002a.A.words229" starttime="909.23" endtime="909.48">mean</w>
   <w nite:id="ES2002a.A.words230" starttime="909.48" endtime="909.62">it&#39;s</w>
   <w nite:id="ES2002a.A.words231" starttime="909.62" endtime="909.88">usually</w>
   <w nite:id="ES2002a.A.words232" starttime="909.88" endtime="910.07">quite</w>
   <w nite:id="ES2002a.A.words233" starttime="910.07" endtime="910.62">small</w>
   <w nite:id="ES2002a.A.words234" starttime="910.62" endtime="910.62" punc="true">,</w>
   <w nite:id="ES2002a.A.words235" starttime="910.62" endtime="910.86">or</w>
   <w nite:id="ES2002a.A.words236" starttime="910.86" endtime="911.0">when</w>
   <w nite:id="ES2002a.A.words237" starttime="911.0" endtime="911.09">you</w>
   <w nite:id="ES2002a.A.words238" starttime="911.09" endtime="911.33">want</w>
   <w nite:id="ES2002a.A.words239" starttime="911.33" endtime="911.46">it</w>
   <w nite:id="ES2002a.A.words240" starttime="911.46" endtime="911.66">right</w>
   <w nite:id="ES2002a.A.words241" starttime="911.66" endtime="911.66" punc="true">,</w>
   <w nite:id="ES2002a.A.words242" starttime="911.66" endtime="911.76">it</w>
   <w nite:id="ES2002a.A.words243" starttime="911.76" endtime="912.03">slipped</w>
   <w nite:id="ES2002a.A.words244" starttime="912.03" endtime="912.26">behind</w>
   <w nite:id="ES2002a.A.words245" starttime="912.26" endtime="912.35">the</w>
   <w nite:id="ES2002a.A.words246" starttime="912.35" endtime="912.9">couch</w>
   <w nite:id="ES2002a.A.words247" starttime="912.9" endtime="913.09">or</w>
   <w nite:id="ES2002a.A.words248" starttime="913.09" endtime="913.4">it&#39;s</w>
   <w nite:id="ES2002a.A.words249" starttime="913.4" endtime="913.6">kicked</w>
   <w nite:id="ES2002a.A.words250" starttime="913.6" endtime="913.86">under</w>
   <w nite:id="ES2002a.A.words251" starttime="913.86" endtime="913.99">the</w>
   <w nite:id="ES2002a.A.words252" starttime="913.99" endtime="914.44">table</w>
   <w nite:id="ES2002a.A.words253" starttime="914.44" endtime="914.44" punc="true">.</w>
   <w nite:id="ES2002a.A.words254" starttime="915.45" endtime="915.63">You</w>
   <w nite:id="ES2002a.A.words255" starttime="915.63" endtime="916.11">know</w>
   <w nite:id="ES2002a.A.words256" starttime="916.11" endtime="916.11" punc="true">.</w>
   <w nite:id="ES2002a.A.words257" starttime="993.88" endtime="994.02">Yep</w>
   <w nite:id="ES2002a.A.words258" starttime="994.02" endtime="994.02" punc="true">.</w>
   <w nite:id="ES2002a.A.words259" starttime="1056.93" endtime="1057.09">Mm-hmm</w>
   <w nite:id="ES2002a.A.words260" starttime="1057.09" endtime="1057.09" punc="true">.</w>
   <w nite:id="ES2002a.A.words261" starttime="1084.36" endtime="1084.49">I</w>
   <w nite:id="ES2002a.A.words262" starttime="1084.49" endtime="1084.64">think</w>
   <w nite:id="ES2002a.A.words263" starttime="1084.64" endtime="1084.83">one</w>
   <w nite:id="ES2002a.A.words264" starttime="1084.83" endtime="1085.33">factor</w>
   <w nite:id="ES2002a.A.words265" starttime="1085.33" endtime="1085.6">would</w>
   <w nite:id="ES2002a.A.words266" starttime="1085.6" endtime="1086.05">be</w>
   <w nite:id="ES2002a.A.words267" starttime="1086.05" endtime="1086.46">production</w>
   <w nite:id="ES2002a.A.words268" starttime="1086.46" endtime="1086.91">cost</w>
   <w nite:id="ES2002a.A.words269" starttime="1086.91" endtime="1086.91" punc="true">.</w>
   <w nite:id="ES2002a.A.words270" starttime="1087.57" endtime="1087.86">Because</w>
   <w nite:id="ES2002a.A.words271" starttime="1087.86" endtime="1088.05">there&#39;s</w>
   <w nite:id="ES2002a.A.words272" starttime="1088.05" endtime="1088.14">a</w>
   <w nite:id="ES2002a.A.words273" starttime="1088.14" endtime="1088.45">cap</w>
   <w nite:id="ES2002a.A.words274" starttime="1088.45" endtime="1088.74">there</w>
   <w nite:id="ES2002a.A.words275" starttime="1088.74" endtime="1088.74" punc="true">,</w>
   <w nite:id="ES2002a.A.words276" starttime="1088.74" endtime="1089.19">so</w>
   <w nite:id="ES2002a.A.words277" starttime="1089.19" endtime="1090.69">um</w>
   <w nite:id="ES2002a.A.words278" starttime="1090.69" endtime="1091.1">depends</w>
   <w nite:id="ES2002a.A.words279" starttime="1091.1" endtime="1091.24">on</w>
   <w nite:id="ES2002a.A.words280" starttime="1091.24" endtime="1091.35">how</w>
   <w nite:id="ES2002a.A.words281" starttime="1091.35" endtime="1091.62">much</w>
   <w nite:id="ES2002a.A.words282" starttime="1091.62" endtime="1091.72">you</w>
   <w nite:id="ES2002a.A.words283" starttime="1091.72" endtime="1091.9">can</w>
   <w nite:id="ES2002a.A.words284" starttime="1091.9" endtime="1092.15">cram</w>
   <w nite:id="ES2002a.A.words285" starttime="1092.15" endtime="1092.47">into</w>
   <w nite:id="ES2002a.A.words286" starttime="1092.47" endtime="1092.76">that</w>
   <w nite:id="ES2002a.A.words287" starttime="1092.76" endtime="1094.65">price</w>
   <w nite:id="ES2002a.A.words288" starttime="1094.65" endtime="1094.65" punc="true">.</w>
   <w nite:id="ES2002a.A.words289" starttime="1094.65" endtime="1094.9">Um</w>
   <w nite:id="ES2002a.A.words290" starttime="1094.9" endtime="1094.9" punc="true">.</w>
   <w nite:id="ES2002a.A.words291" starttime="1096.03" endtime="1096.14">I</w>
   <w nite:id="ES2002a.A.words292" starttime="1096.14" endtime="1096.45">think</w>
   <w nite:id="ES2002a.A.words293" starttime="1096.45" endtime="1096.64">that</w>
   <w nite:id="ES2002a.A.words294" starttime="1096.64" endtime="1097.21">that&#39;s</w>
   <w nite:id="ES2002a.A.words295" starttime="1097.21" endtime="1097.32">the</w>
   <w nite:id="ES2002a.A.words296" starttime="1097.32" endtime="1098.02">main</w>
   <w nite:id="ES2002a.A.words297" starttime="1098.02" endtime="1098.43">factor</w>
   <w nite:id="ES2002a.A.words298" starttime="1098.43" endtime="1098.43" punc="true">.</w>
   <vocalsound nite:id="ES2002a.A.words299" starttime="1107.822" endtime="1107.822" type="laugh"/>
   <w nite:id="ES2002a.A.words300" starttime="1109.23" endtime="1109.45">Cool</w>
   <w nite:id="ES2002a.A.words301" starttime="1109.45" endtime="1109.45" punc="true">.</w>
</nite:root>