<?xml version="1.0" encoding="ISO-8859-1" standalone="yes"?>
<nite:root nite:id="ES2002a.C.words" xmlns:nite="http://nite.sourceforge.net/">
   <w nite:id="ES2002a.C.words0" starttime="85.99" endtime="87.17">Um</w>
   <w nite:id="ES2002a.C.words1" starttime="87.17" endtime="87.36">I&#39;m</w>
   <w nite:id="ES2002a.C.words2" starttime="87.36" endtime="87.66">Craig</w>
   <w nite:id="ES2002a.C.words3" starttime="87.66" endtime="87.77">and</w>
   <w nite:id="ES2002a.C.words4" starttime="87.77" endtime="87.95">I&#39;m</w>
   <w nite:id="ES2002a.C.words5" starttime="87.95" endtime="88.18">User</w>
   <w nite:id="ES2002a.C.words6" starttime="88.18" endtime="88.71">Interface</w>
   <w nite:id="ES2002a.C.words7" starttime="88.71" endtime="88.71" punc="true">.</w>
   <w nite:id="ES2002a.C.words8" starttime="140.47" endtime="140.83">Yeah</w>
   <w nite:id="ES2002a.C.words9" starttime="140.83" endtime="140.83" punc="true">.</w>
   <gap nite:id="ES2002a.C.words10" starttime="245.366" endtime="245.92"/>
   <w nite:id="ES2002a.C.words11" starttime="255.07" endtime="255.31">Well</w>
   <w nite:id="ES2002a.C.words12" starttime="255.31" endtime="255.31" punc="true">,</w>
   <w nite:id="ES2002a.C.words13" starttime="255.31" endtime="255.44">my</w>
   <w nite:id="ES2002a.C.words14" starttime="255.44" endtime="255.66">favourite</w>
   <w nite:id="ES2002a.C.words15" starttime="255.66" endtime="255.83">animal</w>
   <w nite:id="ES2002a.C.words16" starttime="255.83" endtime="255.97">would</w>
   <w nite:id="ES2002a.C.words17" starttime="255.97" endtime="256.1">be</w>
   <w nite:id="ES2002a.C.words18" starttime="256.1" endtime="256.15">a</w>
   <w nite:id="ES2002a.C.words19" starttime="256.15" endtime="257.26">monkey</w>
   <w nite:id="ES2002a.C.words20" starttime="257.26" endtime="257.26" punc="true">.</w>
   <vocalsound nite:id="ES2002a.C.words21" starttime="265.988" endtime="267.717" type="laugh"/>
   <w nite:id="ES2002a.C.words22" starttime="268.0" endtime="268.83">Then</w>
   <w nite:id="ES2002a.C.words23" starttime="268.83" endtime="268.95">they&#39;re</w>
   <w nite:id="ES2002a.C.words24" starttime="268.95" endtime="269.25">small</w>
   <w nite:id="ES2002a.C.words25" starttime="269.25" endtime="269.49">cute</w>
   <w nite:id="ES2002a.C.words26" starttime="269.49" endtime="269.61">and</w>
   <w nite:id="ES2002a.C.words27" starttime="269.61" endtime="270.01">furry</w>
   <w nite:id="ES2002a.C.words28" starttime="270.01" endtime="270.01" punc="true">,</w>
   <w nite:id="ES2002a.C.words29" starttime="270.01" endtime="270.32">and</w>
   <w nite:id="ES2002a.C.words30" starttime="270.32" endtime="270.53">uh</w>
   <w nite:id="ES2002a.C.words31" starttime="270.53" endtime="270.67">when</w>
   <w nite:id="ES2002a.C.words32" starttime="270.67" endtime="270.91">planet</w>
   <w nite:id="ES2002a.C.words33" starttime="270.91" endtime="270.97">of</w>
   <w nite:id="ES2002a.C.words34" starttime="270.97" endtime="271.03">the</w>
   <w nite:id="ES2002a.C.words35" starttime="271.03" endtime="271.2">apes</w>
   <w nite:id="ES2002a.C.words36" starttime="271.2" endtime="271.48">becomes</w>
   <w nite:id="ES2002a.C.words37" starttime="271.48" endtime="272.57">real</w>
   <w nite:id="ES2002a.C.words38" starttime="272.57" endtime="272.57" punc="true">,</w>
   <vocalsound nite:id="ES2002a.C.words39" starttime="272.57" endtime="272.57" type="other"/>
   <w nite:id="ES2002a.C.words40" starttime="272.57" endtime="272.72">I&#39;m</w>
   <w nite:id="ES2002a.C.words41" starttime="272.72" endtime="272.88">gonna</w>
   <w nite:id="ES2002a.C.words42" starttime="272.88" endtime="272.94">be</w>
   <w nite:id="ES2002a.C.words43" starttime="272.94" endtime="273.04">up</w>
   <w nite:id="ES2002a.C.words44" starttime="273.04" endtime="273.13">there</w>
   <w nite:id="ES2002a.C.words45" starttime="273.13" endtime="273.29">with</w>
   <w nite:id="ES2002a.C.words46" starttime="273.29" endtime="273.99">them</w>
   <w nite:id="ES2002a.C.words47" starttime="273.99" endtime="273.99" punc="true">.</w>
   <vocalsound nite:id="ES2002a.C.words48" starttime="275.561" endtime="278.886" type="laugh"/>
   <vocalsound nite:id="ES2002a.C.words49" starttime="279.963" endtime="283.0" type="laugh"/>
   <vocalsound nite:id="ES2002a.C.words50" starttime="290.429" endtime="292.275" type="laugh"/>
   <vocalsound nite:id="ES2002a.C.words51" starttime="300.234" endtime="301.607" type="laugh"/>
   <vocalsound nite:id="ES2002a.C.words52" starttime="308.532" endtime="309.412" type="laugh"/>
   <vocalsound nite:id="ES2002a.C.words53" starttime="310.325" endtime="311.102" type="laugh"/>
   <vocalsound nite:id="ES2002a.C.words54" starttime="335.593" endtime="337.588" type="laugh"/>
   <vocalsound nite:id="ES2002a.C.words55" starttime="379.357" endtime="380.833" type="laugh"/>
   <vocalsound nite:id="ES2002a.C.words56" starttime="383.968" endtime="384.896" type="laugh"/>
   <vocalsound nite:id="ES2002a.C.words57" starttime="776.735" endtime="776.735" type="other"/>
   <w nite:id="ES2002a.C.words58" starttime="777.32" endtime="777.89">Yeah</w>
   <w nite:id="ES2002a.C.words59" starttime="777.89" endtime="777.89" punc="true">.</w>
   <w nite:id="ES2002a.C.words60" starttime="792.52" endtime="792.62">I</w>
   <w nite:id="ES2002a.C.words61" starttime="792.62" endtime="792.73">know</w>
   <w nite:id="ES2002a.C.words62" starttime="792.73" endtime="793.22">um</w>
   <disfmarker nite:id="ES2002a.C.words63" starttime="793.22" endtime="793.327"/>
   <w nite:id="ES2002a.C.words64" starttime="794.52" endtime="794.58">My</w>
   <w nite:id="ES2002a.C.words65" starttime="794.58" endtime="794.91">parents</w>
   <w nite:id="ES2002a.C.words66" starttime="794.91" endtime="795.04">went</w>
   <w nite:id="ES2002a.C.words67" starttime="795.04" endtime="795.1">out</w>
   <w nite:id="ES2002a.C.words68" starttime="795.1" endtime="795.21">and</w>
   <w nite:id="ES2002a.C.words69" starttime="795.21" endtime="795.39">bought</w>
   <w nite:id="ES2002a.C.words70" starttime="795.39" endtime="795.49">um</w>
   <w nite:id="ES2002a.C.words71" starttime="795.49" endtime="795.79">remote</w>
   <w nite:id="ES2002a.C.words72" starttime="795.79" endtime="796.22">controls</w>
   <w nite:id="ES2002a.C.words73" starttime="796.22" endtime="796.72">because</w>
   <w nite:id="ES2002a.C.words74" starttime="796.72" endtime="796.9">um</w>
   <w nite:id="ES2002a.C.words75" starttime="796.9" endtime="796.97">they</w>
   <w nite:id="ES2002a.C.words76" starttime="796.97" endtime="797.08">got</w>
   <w nite:id="ES2002a.C.words77" starttime="797.08" endtime="797.23">fed</w>
   <w nite:id="ES2002a.C.words78" starttime="797.23" endtime="797.39">up</w>
   <w nite:id="ES2002a.C.words79" starttime="797.39" endtime="797.53">of</w>
   <w nite:id="ES2002a.C.words80" starttime="797.53" endtime="798.38">having</w>
   <w nite:id="ES2002a.C.words81" starttime="798.38" endtime="798.61">four</w>
   <w nite:id="ES2002a.C.words82" starttime="798.61" endtime="798.67">or</w>
   <w nite:id="ES2002a.C.words83" starttime="798.67" endtime="798.86">five</w>
   <w nite:id="ES2002a.C.words84" starttime="798.86" endtime="799.07">different</w>
   <w nite:id="ES2002a.C.words85" starttime="799.07" endtime="799.27">remote</w>
   <w nite:id="ES2002a.C.words86" starttime="799.27" endtime="799.52">controls</w>
   <w nite:id="ES2002a.C.words87" starttime="799.52" endtime="799.65">for</w>
   <w nite:id="ES2002a.C.words88" starttime="799.65" endtime="799.81">each</w>
   <w nite:id="ES2002a.C.words89" starttime="799.81" endtime="800.11">things</w>
   <w nite:id="ES2002a.C.words90" starttime="800.11" endtime="800.18">the</w>
   <w nite:id="ES2002a.C.words91" starttime="800.18" endtime="801.38">house</w>
   <w nite:id="ES2002a.C.words92" starttime="801.38" endtime="801.38" punc="true">.</w>
   <w nite:id="ES2002a.C.words93" starttime="801.38" endtime="801.53">So</w>
   <w nite:id="ES2002a.C.words94" starttime="801.53" endtime="801.79">um</w>
   <w nite:id="ES2002a.C.words95" starttime="801.79" endtime="801.92">for</w>
   <w nite:id="ES2002a.C.words96" starttime="801.92" endtime="802.1">them</w>
   <w nite:id="ES2002a.C.words97" starttime="802.1" endtime="802.16">it</w>
   <w nite:id="ES2002a.C.words98" starttime="802.16" endtime="802.28">was</w>
   <w nite:id="ES2002a.C.words99" starttime="802.28" endtime="803.14">just</w>
   <w nite:id="ES2002a.C.words100" starttime="803.14" endtime="803.27">how</w>
   <w nite:id="ES2002a.C.words101" starttime="803.27" endtime="803.47">many</w>
   <w nite:id="ES2002a.C.words102" starttime="803.47" endtime="803.94">devices</w>
   <w nite:id="ES2002a.C.words103" starttime="803.94" endtime="804.33">control</w>
   <w nite:id="ES2002a.C.words104" starttime="804.33" endtime="804.33" punc="true">.</w>
   <w nite:id="ES2002a.C.words105" starttime="976.66" endtime="976.73">Uh</w>
   <w nite:id="ES2002a.C.words106" starttime="976.73" endtime="976.73" punc="true">.</w>
</nite:root>