<?xml version="1.0" encoding="ISO-8859-1" standalone="yes"?>
<nite:root nite:id="Bed002.F.words" xmlns:nite="http://nite.sourceforge.net/">
   <nonvocalsound nite:id="Bed002.nonvocalsound.5" starttime="" endtime="" description="mike noise"/>
   <w nite:id="Bed002.w.733" starttime="" endtime="" c="W">This</w>
   <w nite:id="Bed002.w.734" starttime="" endtime="" c="W">is</w>
   <w nite:id="Bed002.w.735" starttime="" endtime="" c="W">transcript</w>
   <w nite:id="Bed002.w.736" starttime="" endtime="" c="W">three</w>
   <w nite:id="Bed002.w.737" starttime="" endtime="" c="W">five</w>
   <w nite:id="Bed002.w.738" starttime="" endtime="" c="W">five</w>
   <w nite:id="Bed002.w.739" starttime="" endtime="" c="W">one</w>
   <w nite:id="Bed002.w.740" starttime="" endtime="" c="CM">,</w>
   <w nite:id="Bed002.w.741" starttime="" endtime="" c="W">three</w>
   <w nite:id="Bed002.w.742" starttime="" endtime="" c="W">five</w>
   <w nite:id="Bed002.w.743" starttime="" endtime="" c="W">seven</w>
   <w nite:id="Bed002.w.744" starttime="" endtime="" c="LET">O</w>
   <w nite:id="Bed002.w.745" starttime="" endtime="" c=".">.</w>
   <comment nite:id="Bed002.comment.91" starttime="" endtime="" description="Digits"/>
   <w nite:id="Bed002.w.746" starttime="" endtime="" c="LET">O</w>
   <w nite:id="Bed002.w.747" starttime="" endtime="" c="W">nine</w>
   <w nite:id="Bed002.w.748" starttime="" endtime="" c="LET">O</w>
   <w nite:id="Bed002.w.749" starttime="" endtime="" c="W">eight</w>
   <w nite:id="Bed002.w.750" starttime="" endtime="" c="LET">O</w>
   <w nite:id="Bed002.w.751" starttime="" endtime="" c="W">two</w>
   <w nite:id="Bed002.w.752" starttime="" endtime="" c="LET">O</w>
   <comment nite:id="Bed002.comment.92" starttime="" endtime="" description="Digits"/>
   <w nite:id="Bed002.w.753" starttime="" endtime="" c="W">zero</w>
   <comment nite:id="Bed002.comment.93" starttime="" endtime="" description="Digits"/>
   <w nite:id="Bed002.w.754" starttime="" endtime="" c="W">one</w>
   <w nite:id="Bed002.w.755" starttime="" endtime="" c="LET">O</w>
   <w nite:id="Bed002.w.756" starttime="" endtime="" c="LET">O</w>
   <w nite:id="Bed002.w.757" starttime="" endtime="" c="W">seven</w>
   <w nite:id="Bed002.w.758" starttime="" endtime="" c="W">four</w>
   <comment nite:id="Bed002.comment.94" starttime="" endtime="" description="Digits"/>
   <w nite:id="Bed002.w.759" starttime="" endtime="" c="W">three</w>
   <w nite:id="Bed002.w.760" starttime="" endtime="" c="W">four</w>
   <w nite:id="Bed002.w.761" starttime="" endtime="" c="W">zero</w>
   <w nite:id="Bed002.w.762" starttime="" endtime="" c="W">one</w>
   <comment nite:id="Bed002.comment.95" starttime="" endtime="" description="Digits"/>
   <w nite:id="Bed002.w.763" starttime="" endtime="" c="W">four</w>
   <w nite:id="Bed002.w.764" starttime="" endtime="" c="W">two</w>
   <w nite:id="Bed002.w.765" starttime="" endtime="" c="W">one</w>
   <w nite:id="Bed002.w.766" starttime="" endtime="" c="W">eight</w>
   <comment nite:id="Bed002.comment.96" starttime="" endtime="" description="Digits"/>
   <w nite:id="Bed002.w.767" starttime="" endtime="" c="W">five</w>
   <w nite:id="Bed002.w.768" starttime="" endtime="" c="W">four</w>
   <w nite:id="Bed002.w.769" starttime="" endtime="" c="W">seven</w>
   <w nite:id="Bed002.w.770" starttime="" endtime="" c="W">eight</w>
   <w nite:id="Bed002.w.771" starttime="" endtime="" c="W">eight</w>
   <comment nite:id="Bed002.comment.97" starttime="" endtime="" description="Digits"/>
   <w nite:id="Bed002.w.772" starttime="" endtime="" c="W">six</w>
   <w nite:id="Bed002.w.773" starttime="" endtime="" c="W">eight</w>
   <w nite:id="Bed002.w.774" starttime="" endtime="" c="W">two</w>
   <comment nite:id="Bed002.comment.98" starttime="" endtime="" description="Digits"/>
   <w nite:id="Bed002.w.775" starttime="" endtime="" c="W">seven</w>
   <comment nite:id="Bed002.comment.99" starttime="" endtime="" description="Digits"/>
   <w nite:id="Bed002.w.776" starttime="" endtime="" c="W">eight</w>
   <w nite:id="Bed002.w.777" starttime="" endtime="" c="LET">O</w>
   <w nite:id="Bed002.w.778" starttime="" endtime="" c="W">six</w>
   <w nite:id="Bed002.w.779" starttime="" endtime="" c="W">six</w>
   <w nite:id="Bed002.w.780" starttime="" endtime="" c="W">four</w>
   <w nite:id="Bed002.w.781" starttime="" endtime="" c="W">five</w>
   <w nite:id="Bed002.w.782" starttime="" endtime="" c="LET">O</w>
   <comment nite:id="Bed002.comment.100" starttime="" endtime="" description="Digits"/>
   <w nite:id="Bed002.w.783" starttime="" endtime="" c="W">nine</w>
   <w nite:id="Bed002.w.784" starttime="" endtime="" c="W">zero</w>
   <comment nite:id="Bed002.comment.101" starttime="" endtime="" description="Digits"/>
   <w nite:id="Bed002.w.785" starttime="" endtime="" c="W">zero</w>
   <w nite:id="Bed002.w.786" starttime="" endtime="" c="W">one</w>
   <comment nite:id="Bed002.comment.102" starttime="" endtime="" description="Digits"/>
   <w nite:id="Bed002.w.787" starttime="" endtime="" c="W">one</w>
   <w nite:id="Bed002.w.788" starttime="" endtime="" c="W">five</w>
   <comment nite:id="Bed002.comment.103" starttime="" endtime="" description="Digits"/>
   <w nite:id="Bed002.w.789" starttime="" endtime="" c="W">two</w>
   <w nite:id="Bed002.w.790" starttime="" endtime="" c="W">six</w>
   <w nite:id="Bed002.w.791" starttime="" endtime="" c="LET">O</w>
   <comment nite:id="Bed002.comment.104" starttime="" endtime="" description="Digits"/>
   <w nite:id="Bed002.w.792" starttime="" endtime="" c="W">three</w>
   <comment nite:id="Bed002.comment.105" starttime="" endtime="" description="Digits"/>
   <w nite:id="Bed002.w.793" starttime="" endtime="" c="W">four</w>
   <w nite:id="Bed002.w.794" starttime="" endtime="" c="W">seven</w>
   <w nite:id="Bed002.w.795" starttime="" endtime="" c="W">six</w>
   <w nite:id="Bed002.w.796" starttime="" endtime="" c="W">three</w>
   <w nite:id="Bed002.w.797" starttime="" endtime="" c="W">one</w>
   <w nite:id="Bed002.w.798" starttime="" endtime="" c="W">zero</w>
   <w nite:id="Bed002.w.799" starttime="" endtime="" c="W">zero</w>
   <comment nite:id="Bed002.comment.106" starttime="" endtime="" description="Digits"/>
   <w nite:id="Bed002.w.800" starttime="" endtime="" c="W">five</w>
   <comment nite:id="Bed002.comment.107" starttime="" endtime="" description="Digits"/>
   <w nite:id="Bed002.w.801" starttime="" endtime="" c="W">six</w>
   <comment nite:id="Bed002.comment.108" starttime="" endtime="" description="Digits"/>
   <w nite:id="Bed002.w.802" starttime="" endtime="" c="W">eight</w>
   <w nite:id="Bed002.w.803" starttime="" endtime="" c="W">two</w>
   <w nite:id="Bed002.w.804" starttime="" endtime="" c="W">seven</w>
   <comment nite:id="Bed002.comment.109" starttime="" endtime="" description="Digits"/>
   <w nite:id="Bed002.w.805" starttime="" endtime="" c="W">nine</w>
   <w nite:id="Bed002.w.806" starttime="" endtime="" c="W">two</w>
   <w nite:id="Bed002.w.807" starttime="" endtime="" c="W">nine</w>
   <w nite:id="Bed002.w.808" starttime="" endtime="" c="W">five</w>
   <w nite:id="Bed002.w.809" starttime="" endtime="" c="W">nine</w>
   <comment nite:id="Bed002.comment.110" starttime="" endtime="" description="Digits"/>
   <w nite:id="Bed002.w.810" starttime="" endtime="" c="LET">O</w>
   <w nite:id="Bed002.w.811" starttime="" endtime="" c="W">four</w>
   <w nite:id="Bed002.w.812" starttime="" endtime="" c="W">two</w>
   <w nite:id="Bed002.w.813" starttime="" endtime="" c="W">three</w>
   <w nite:id="Bed002.w.814" starttime="" endtime="" c=".">.</w>
   <comment nite:id="Bed002.comment.111" starttime="" endtime="" description="Digits"/>
   <nonvocalsound nite:id="Bed002.nonvocalsound.6" starttime="" endtime="" description="mike noise"/>
   <vocalsound nite:id="Bed002.vocalsound.10" starttime="" endtime="" description="clears throat"/>
   <w nite:id="Bed002.w.1,413" starttime="455.922" endtime="456.092" t="PLET" c="W">OK</w>
   <w nite:id="Bed002.w.1,414" starttime="456.092" endtime="456.092" c=".">.</w>
   <comment nite:id="Bed002.comment.116" starttime="" endtime="" description="quietly"/>
   <vocalsound nite:id="Bed002.vocalsound.15" starttime="" endtime="" description="laugh"/>
   <w nite:id="Bed002.w.2,294" starttime="677.737" endtime="677.957" c="W">No</w>
   <w nite:id="Bed002.w.2,295" starttime="677.957" endtime="677.957" c=".">.</w>
   <w nite:id="Bed002.w.4,131" starttime="1211.57" endtime="1211.68" c="W">Now</w>
   <w nite:id="Bed002.w.4,132" starttime="" endtime="" c="SYM">@</w>
   <w nite:id="Bed002.w.4,133" starttime="" endtime="" c="SYM">@</w>
   <w nite:id="Bed002.w.4,134" starttime="1211.9" endtime="1212.08" c="W">this</w>
   <w nite:id="Bed002.w.4,135" starttime="1212.08" endtime="1212.31" c="W">email</w>
   <w nite:id="Bed002.w.4,136" starttime="1212.31" endtime="1212.4" c="W">that</w>
   <w nite:id="Bed002.w.4,137" starttime="1212.4" endtime="1212.46" c="W">you</w>
   <w nite:id="Bed002.w.4,138" starttime="1212.46" endtime="1212.65" c="W">sent</w>
   <w nite:id="Bed002.w.4,139" starttime="1212.65" endtime="1212.65" c="CM">,</w>
   <w nite:id="Bed002.w.4,140" starttime="1212.65" endtime="1213.05" c="W">actually</w>
   <w nite:id="Bed002.w.4,141" starttime="1213.05" endtime="1213.05" c=".">.</w>
   <w nite:id="Bed002.w.4,144" starttime="1213.45" endtime="1213.56" c="W">Now</w>
   <w nite:id="Bed002.w.4,145" starttime="1213.56" endtime="1213.6" c="W">I</w>
   <w nite:id="Bed002.w.4,146" starttime="1213.6" endtime="1213.88" c="W">remember</w>
   <w nite:id="Bed002.w.4,147" starttime="1213.88" endtime="1214.04" c="W">the</w>
   <w nite:id="Bed002.w.4,148" starttime="1214.04" endtime="1214.3" c="W">email</w>
   <w nite:id="Bed002.w.4,149" starttime="1214.3" endtime="1214.3" c=".">.</w>
   <vocalsound nite:id="Bed002.vocalsound.40" starttime="" endtime="" description="laugh"/>
   <w nite:id="Bed002.w.4,244" starttime="1252.95" endtime="1253.05" c="W">So</w>
   <w nite:id="Bed002.w.4,245" starttime="1253.05" endtime="1253.05" c="CM">,</w>
   <w nite:id="Bed002.w.4,246" starttime="1253.05" endtime="1253.23" c="W">where</w>
   <w nite:id="Bed002.w.4,247" starttime="1253.23" endtime="1253.58" c="W">exactly</w>
   <w nite:id="Bed002.w.4,248" starttime="1253.58" endtime="1253.68" c="W">is</w>
   <w nite:id="Bed002.w.4,249" starttime="1253.68" endtime="1253.9" c="W">the</w>
   <w nite:id="Bed002.w.4,250" starttime="1253.9" endtime="1253.9" c="CM">,</w>
   <w nite:id="Bed002.w.4,251" starttime="1253.9" endtime="1254.06" c="W">uh</w>
   <w nite:id="Bed002.w.4,252" starttime="1254.06" endtime="1254.06" c="CM">,</w>
   <w nite:id="Bed002.w.4,253" starttime="1254.06" endtime="1254.38" c="W">deeper</w>
   <w nite:id="Bed002.w.4,254" starttime="1254.38" endtime="1254.84" c="W">understanding</w>
   <w nite:id="Bed002.w.4,255" starttime="1254.84" endtime="1255.04" c="W">being</w>
   <w nite:id="Bed002.w.4,256" starttime="1255.04" endtime="1255.27" c="W">done</w>
   <w nite:id="Bed002.w.4,257" starttime="1255.27" endtime="1255.27" c=".">?</w>
   <w nite:id="Bed002.w.4,258" starttime="1255.27" endtime="1255.53" c="W">Like</w>
   <w nite:id="Bed002.w.4,259" starttime="1255.53" endtime="1255.63" c="W">I</w>
   <w nite:id="Bed002.w.4,260" starttime="1255.63" endtime="1255.87" c="W">mean</w>
   <w nite:id="Bed002.w.4,261" starttime="1255.87" endtime="1255.87" c="CM">,</w>
   <w nite:id="Bed002.w.4,262" starttime="1255.87" endtime="1256.15" c="TRUNCW">s</w>
   <w nite:id="Bed002.w.4,263" starttime="1256.15" endtime="1256.28" c="W">is</w>
   <w nite:id="Bed002.w.4,264" starttime="1256.28" endtime="1256.34" c="W">it</w>
   <w nite:id="Bed002.w.4,265" starttime="1256.34" endtime="1256.61" c="W">before</w>
   <w nite:id="Bed002.w.4,266" starttime="1256.61" endtime="1256.71" c="W">the</w>
   <w nite:id="Bed002.w.4,267" starttime="1256.71" endtime="" c="W">Bayes</w>
   <w nite:id="Bed002.w.4,268" starttime="" endtime="" c="HYPH">-</w>
   <w nite:id="Bed002.w.4,269" starttime="" endtime="1257.1" c="W">net</w>
   <w nite:id="Bed002.w.4,270" starttime="1257.1" endtime="1257.1" c=".">?</w>
   <w nite:id="Bed002.w.4,271" starttime="1257.1" endtime="1257.22" c="W">Is</w>
   <w nite:id="Bed002.w.4,272" starttime="1257.22" endtime="1257.33" c="W">it</w>
   <w nite:id="Bed002.w.4,273" starttime="1257.33" endtime="1257.33" c="CM">,</w>
   <w nite:id="Bed002.w.4,274" starttime="1257.44" endtime="1257.67" c="W">uh</w>
   <disfmarker nite:id="Bed002.disfmarker.90" starttime="" endtime=""/>
   <w nite:id="Bed002.w.5,388" starttime="1560.14" endtime="1560.48" c="W">So</w>
   <w nite:id="Bed002.w.5,389" starttime="1560.48" endtime="1560.48" c="CM">,</w>
   <w nite:id="Bed002.w.5,390" starttime="1560.48" endtime="1560.66" c="W">where</w>
   <w nite:id="Bed002.w.5,391" starttime="1560.66" endtime="1560.83" c="W">would</w>
   <w nite:id="Bed002.w.5,392" starttime="1560.83" endtime="1560.92" c="W">we</w>
   <w nite:id="Bed002.w.5,393" starttime="1560.92" endtime="1561.27" c="W">extract</w>
   <w nite:id="Bed002.w.5,394" starttime="1561.27" endtime="1561.4" c="W">that</w>
   <w nite:id="Bed002.w.5,395" starttime="1561.4" endtime="1561.79" c="W">information</w>
   <w nite:id="Bed002.w.5,396" starttime="1561.79" endtime="1561.98" c="W">from</w>
   <w nite:id="Bed002.w.5,397" starttime="1561.98" endtime="1561.98" c=".">?</w>
   <w nite:id="Bed002.w.5,398" starttime="1561.98" endtime="1562.1" c="W">From</w>
   <w nite:id="Bed002.w.5,399" starttime="1562.1" endtime="1562.19" c="W">the</w>
   <w nite:id="Bed002.w.5,400" starttime="1562.19" endtime="" c="LET">M</w>
   <w nite:id="Bed002.w.5,401" starttime="" endtime="" c="HYPH">-</w>
   <w nite:id="Bed002.w.5,402" starttime="" endtime="" c="W">three</w>
   <w nite:id="Bed002.w.5,403" starttime="" endtime="" c="HYPH">-</w>
   <w nite:id="Bed002.w.5,404" starttime="" endtime="1562.68" c="LET">L</w>
   <w nite:id="Bed002.w.5,405" starttime="1562.68" endtime="1562.68" c=".">?</w>
   <w nite:id="Bed002.w.5,452" starttime="1569.19" endtime="1569.48" c="W">Right</w>
   <w nite:id="Bed002.w.5,453" starttime="1569.48" endtime="1569.48" c=".">.</w>
   <nonvocalsound nite:id="Bed002.nonvocalsound.20" starttime="" endtime="" description="mike noise"/>
   <w nite:id="Bed002.w.6,965" starttime="1960.54" endtime="1960.69" c="W">Yep</w>
   <w nite:id="Bed002.w.6,966" starttime="1960.69" endtime="1960.69" c=".">.</w>
   <w nite:id="Bed002.w.10,315" starttime="2756.16" endtime="2756.22" c="W">All</w>
   <w nite:id="Bed002.w.10,316" starttime="2756.22" endtime="2756.39" c="W">these</w>
   <pause nite:id="Bed002.pause.8" starttime="2756.39" endtime="2757.13"/>
   <w nite:id="Bed002.w.10,317" starttime="2757.13" endtime="2757.29" c="W">So</w>
   <w nite:id="Bed002.w.10,318" starttime="2757.29" endtime="2757.29" c="CM">,</w>
   <w nite:id="Bed002.w.10,319" starttime="2757.29" endtime="2757.54" c="W">like</w>
   <w nite:id="Bed002.w.10,320" starttime="2757.54" endtime="2757.54" c="CM">,</w>
   <w nite:id="Bed002.w.10,321" starttime="2757.54" endtime="2757.6" c="W">the</w>
   <w nite:id="Bed002.w.10,322" starttime="2757.6" endtime="2757.81" c="W">question</w>
   <w nite:id="Bed002.w.10,323" starttime="2757.81" endtime="2757.87" c="W">is</w>
   <w nite:id="Bed002.w.10,324" starttime="2757.87" endtime="2757.93" c="W">how</w>
   <w nite:id="Bed002.w.10,325" starttime="2757.93" endtime="2758.11" c="W">what</w>
   <w nite:id="Bed002.w.10,326" starttime="2758.11" endtime="2758.45" c="W">features</w>
   <w nite:id="Bed002.w.10,327" starttime="2758.45" endtime="2758.77" c="W">can</w>
   <disfmarker nite:id="Bed002.disfmarker.311" starttime="" endtime=""/>
   <w nite:id="Bed002.w.10,328" starttime="2759.11" endtime="2759.3" c="W">like</w>
   <w nite:id="Bed002.w.10,329" starttime="2759.3" endtime="2759.3" c="CM">,</w>
   <w nite:id="Bed002.w.10,330" starttime="2759.3" endtime="2759.39" c="W">do</w>
   <w nite:id="Bed002.w.10,331" starttime="2759.39" endtime="2759.47" c="W">you</w>
   <w nite:id="Bed002.w.10,332" starttime="2759.47" endtime="2759.66" c="W">wanna</w>
   <w nite:id="Bed002.w.10,333" starttime="2759.66" endtime="2759.78" c="W">try</w>
   <w nite:id="Bed002.w.10,334" starttime="2759.78" endtime="2759.84" c="W">to</w>
   <w nite:id="Bed002.w.10,335" starttime="2759.84" endtime="2760.24" c="W">extract</w>
   <w nite:id="Bed002.w.10,336" starttime="2760.24" endtime="2760.36" c="W">from</w>
   <w nite:id="Bed002.w.10,337" starttime="2760.36" endtime="2760.36" c="CM">,</w>
   <w nite:id="Bed002.w.10,338" starttime="2760.36" endtime="2760.54" c="W">say</w>
   <w nite:id="Bed002.w.10,339" starttime="2760.54" endtime="2760.54" c="CM">,</w>
   <w nite:id="Bed002.w.10,340" starttime="2760.54" endtime="2760.78" c="W">the</w>
   <w nite:id="Bed002.w.10,341" starttime="2760.96" endtime="2761.54" c="W">parse</w>
   <w nite:id="Bed002.w.10,342" starttime="2761.54" endtime="2761.57" c="W">or</w>
   <w nite:id="Bed002.w.10,343" starttime="2761.57" endtime="2761.97" c="W">whatever</w>
   <w nite:id="Bed002.w.10,344" starttime="2761.97" endtime="2761.97" c=".">?</w>
   <w nite:id="Bed002.w.10,347" starttime="2762.07" endtime="2762.29" c="W">Like</w>
   <w nite:id="Bed002.w.10,348" starttime="2762.29" endtime="2762.29" c="CM">,</w>
   <w nite:id="Bed002.w.10,349" starttime="2762.56" endtime="2762.66" c="W">the</w>
   <w nite:id="Bed002.w.10,350" starttime="2762.66" endtime="2763.01" c="W">presence</w>
   <w nite:id="Bed002.w.10,351" starttime="2763.01" endtime="2763.12" c="W">of</w>
   <w nite:id="Bed002.w.10,352" starttime="2763.12" endtime="2763.15" c="W">a</w>
   <w nite:id="Bed002.w.10,353" starttime="2763.15" endtime="2763.49" c="W">word</w>
   <w nite:id="Bed002.w.10,354" starttime="2763.49" endtime="2763.71" c="W">or</w>
   <w nite:id="Bed002.w.10,355" starttime="2763.71" endtime="2763.83" c="W">the</w>
   <w nite:id="Bed002.w.10,356" starttime="2763.83" endtime="2764.18" c="W">presence</w>
   <w nite:id="Bed002.w.10,357" starttime="2764.18" endtime="2764.25" c="W">of</w>
   <w nite:id="Bed002.w.10,358" starttime="2764.25" endtime="2764.31" c="W">a</w>
   <w nite:id="Bed002.w.10,359" starttime="2764.31" endtime="2764.65" c="W">certain</w>
   <w nite:id="Bed002.w.10,360" starttime="2764.65" endtime="2764.93" c="W">uh</w>
   <w nite:id="Bed002.w.10,361" starttime="2764.93" endtime="2764.93" c="CM">,</w>
   <w nite:id="Bed002.w.10,362" starttime="2764.93" endtime="2765.34" c="W">stem</w>
   <w nite:id="Bed002.w.10,363" starttime="2765.34" endtime="2765.34" c="CM">,</w>
   <w nite:id="Bed002.w.10,364" starttime="2765.34" endtime="2765.51" c="W">or</w>
   <disfmarker nite:id="Bed002.disfmarker.312" starttime="" endtime=""/>
   <w nite:id="Bed002.w.10,367" starttime="2766.62" endtime="2766.9" c="W">certain</w>
   <w nite:id="Bed002.w.10,368" starttime="2766.9" endtime="2767.52" c="W">construction</w>
   <w nite:id="Bed002.w.10,369" starttime="2767.52" endtime="2767.56" c="W">or</w>
   <w nite:id="Bed002.w.10,370" starttime="2767.56" endtime="2767.89" c="W">whatever</w>
   <w nite:id="Bed002.w.10,371" starttime="2767.89" endtime="2767.89" c=".">.</w>
   <w nite:id="Bed002.w.10,534" starttime="2805.81" endtime="" c="W">Mm</w>
   <w nite:id="Bed002.w.10,535" starttime="" endtime="" c="HYPH">-</w>
   <w nite:id="Bed002.w.10,536" starttime="" endtime="2806.41" c="W">hmm</w>
   <w nite:id="Bed002.w.10,537" starttime="2806.41" endtime="2806.41" c=".">.</w>
   <w nite:id="Bed002.w.10,562" starttime="2815.3" endtime="2815.62" c="W">Right</w>
   <w nite:id="Bed002.w.10,563" starttime="2815.62" endtime="2815.62" c=".">.</w>
   <w nite:id="Bed002.w.10,575" starttime="2829.61" endtime="2829.89" c="W">So</w>
   <w nite:id="Bed002.w.10,576" starttime="2829.89" endtime="2829.89" c="CM">,</w>
   <w nite:id="Bed002.w.10,577" starttime="2829.89" endtime="2830.01" c="W">how</w>
   <w nite:id="Bed002.w.10,578" starttime="2830.01" endtime="2830.33" c="W">should</w>
   <disfmarker nite:id="Bed002.disfmarker.314" starttime="" endtime=""/>
   <w nite:id="Bed002.w.10,579" starttime="2830.53" endtime="" c="W">What</w>
   <w nite:id="Bed002.w.10,580" starttime="" endtime="2830.78" c="APOSS">'s</w>
   <w nite:id="Bed002.w.10,581" starttime="2830.78" endtime="2830.98" c="W">the</w>
   <w nite:id="Bed002.w.10,582" starttime="2830.98" endtime="2831.04" c="W">uh</w>
   <w nite:id="Bed002.w.10,583" starttime="2831.04" endtime="2831.04" c="CM">,</w>
   <w nite:id="Bed002.w.10,584" starttime="2831.04" endtime="2831.41" c="W">plan</w>
   <w nite:id="Bed002.w.10,585" starttime="2831.41" endtime="2831.41" c=".">?</w>
   <w nite:id="Bed002.w.10,586" starttime="2831.45" endtime="2831.61" c="W">Like</w>
   <w nite:id="Bed002.w.10,587" starttime="2831.61" endtime="2831.61" c="CM">,</w>
   <w nite:id="Bed002.w.10,588" starttime="2831.61" endtime="2831.69" c="W">how</w>
   <w nite:id="Bed002.w.10,589" starttime="2831.69" endtime="2831.8" c="W">should</w>
   <w nite:id="Bed002.w.10,590" starttime="2831.8" endtime="2831.87" c="W">we</w>
   <w nite:id="Bed002.w.10,591" starttime="2831.87" endtime="2832.01" c="W">go</w>
   <w nite:id="Bed002.w.10,592" starttime="2832.01" endtime="2832.25" c="W">about</w>
   <w nite:id="Bed002.w.10,593" starttime="2832.31" endtime="2832.69" c="W">figuring</w>
   <w nite:id="Bed002.w.10,594" starttime="2832.69" endtime="2832.85" c="W">out</w>
   <w nite:id="Bed002.w.10,595" starttime="2833.42" endtime="2833.71" c="W">these</w>
   <disfmarker nite:id="Bed002.disfmarker.315" starttime="" endtime=""/>
   <w nite:id="Bed002.w.10,635" starttime="2842.4" endtime="2842.61" c="W">Oh</w>
   <w nite:id="Bed002.w.10,636" starttime="2842.61" endtime="2842.61" c=".">.</w>
   <w nite:id="Bed002.w.10,637" starttime="2844.24" endtime="2844.33" c="W">No</w>
   <w nite:id="Bed002.w.10,638" starttime="2844.33" endtime="2844.33" c="CM">,</w>
   <w nite:id="Bed002.w.10,639" starttime="2844.33" endtime="2844.49" c="W">not</w>
   <w nite:id="Bed002.w.10,640" starttime="2844.49" endtime="2844.82" c="W">really</w>
   <w nite:id="Bed002.w.10,641" starttime="2844.82" endtime="2844.82" c=".">.</w>
   <nonvocalsound nite:id="Bed002.nonvocalsound.54" starttime="" endtime="" description="mike noise"/>
   <w nite:id="Bed002.w.11,459" starttime="3059.05" endtime="3059.32" c="W">Right</w>
   <w nite:id="Bed002.w.11,460" starttime="3059.32" endtime="3059.32" c=".">.</w>
   <w nite:id="Bed002.w.11,505" starttime="3066.08" endtime="3066.18" c="W">Yeah</w>
   <w nite:id="Bed002.w.11,506" starttime="3066.18" endtime="3066.18" c="CM">,</w>
   <w nite:id="Bed002.w.11,507" starttime="3066.18" endtime="3066.27" c="W">I</w>
   <w nite:id="Bed002.w.11,508" starttime="3066.27" endtime="3066.42" c="W">know</w>
   <w nite:id="Bed002.w.11,509" starttime="3066.42" endtime="3066.55" c="W">him</w>
   <w nite:id="Bed002.w.11,510" starttime="3066.55" endtime="3066.55" c=".">.</w>
   <w nite:id="Bed002.w.11,982" starttime="3196.32" endtime="3196.56" c="W">Doesn't</w>
   <disfmarker nite:id="Bed002.disfmarker.358" starttime="" endtime=""/>
   <w nite:id="Bed002.w.11,983" starttime="3196.56" endtime="3196.69" c="W">does</w>
   <w nite:id="Bed002.w.11,984" starttime="3196.69" endtime="3197.11" c="ABBR" k="NN">SmartKom</w>
   <w nite:id="Bed002.w.11,985" starttime="3197.11" endtime="3197.42" c="W">system</w>
   <w nite:id="Bed002.w.11,986" starttime="3197.42" endtime="3197.56" c="W">have</w>
   <w nite:id="Bed002.w.11,987" starttime="3197.56" endtime="3197.75" c="W">such</w>
   <w nite:id="Bed002.w.11,988" starttime="3197.75" endtime="3198.31" c="W">packages</w>
   <w nite:id="Bed002.w.11,989" starttime="3198.31" endtime="3198.31" c=".">?</w>
   <w nite:id="Bed002.w.12,163" starttime="3240.04" endtime="" c="W">Mm</w>
   <w nite:id="Bed002.w.12,164" starttime="" endtime="" c="HYPH">-</w>
   <w nite:id="Bed002.w.12,165" starttime="" endtime="3240.85" c="W">hmm</w>
   <w nite:id="Bed002.w.12,166" starttime="3240.85" endtime="3240.85" c=".">.</w>
   <w nite:id="Bed002.w.12,246" starttime="3257.61" endtime="3257.95" c="W">Right</w>
   <w nite:id="Bed002.w.12,247" starttime="3257.95" endtime="3257.95" c=".">.</w>
   <w nite:id="Bed002.w.12,410" starttime="3297.57" endtime="3297.73" c="W">Right</w>
   <w nite:id="Bed002.w.12,411" starttime="3297.73" endtime="3297.73" c=".">.</w>
   <w nite:id="Bed002.w.12,511" starttime="3333.85" endtime="3334.07" c="W">Sure</w>
   <w nite:id="Bed002.w.12,512" starttime="3334.07" endtime="3334.07" c=".">.</w>
   <w nite:id="Bed002.w.12,707" starttime="3380.77" endtime="3381.09" c="W">Sure</w>
   <w nite:id="Bed002.w.12,708" starttime="3381.09" endtime="3381.09" c=".">.</w>
   <w nite:id="Bed002.w.12,721" starttime="3384.05" endtime="3384.34" c="W">Hmm</w>
   <w nite:id="Bed002.w.12,722" starttime="3384.34" endtime="3384.34" c=".">.</w>
   <w nite:id="Bed002.w.12,821" starttime="3407.08" endtime="" c="W">Mm</w>
   <w nite:id="Bed002.w.12,822" starttime="" endtime="" c="HYPH">-</w>
   <w nite:id="Bed002.w.12,823" starttime="" endtime="3407.38" c="W">hmm</w>
   <w nite:id="Bed002.w.12,824" starttime="3407.38" endtime="3407.38" c=".">.</w>
   <w nite:id="Bed002.w.12,993" starttime="3454.54" endtime="3454.66" c="W">So</w>
   <w nite:id="Bed002.w.12,994" starttime="3454.66" endtime="" c="W">we</w>
   <w nite:id="Bed002.w.12,995" starttime="" endtime="3454.8" c="W">'ll</w>
   <w nite:id="Bed002.w.12,996" starttime="3454.8" endtime="3454.93" c="W">be</w>
   <w nite:id="Bed002.w.12,997" starttime="3454.93" endtime="3455.13" c="W">like</w>
   <w nite:id="Bed002.w.12,998" starttime="3455.13" endtime="3455.13" c="CM">,</w>
   <w nite:id="Bed002.w.12,999" starttime="3455.18" endtime="3455.7" c="W">hand</w>
   <w nite:id="Bed002.w.13,000" starttime="3455.7" endtime="3455.7" c="CM">,</w>
   <w nite:id="Bed002.w.13,001" starttime="3455.7" endtime="3455.96" c="W">uh</w>
   <w nite:id="Bed002.w.13,002" starttime="3455.96" endtime="3455.96" c="CM">,</w>
   <w nite:id="Bed002.w.13,003" starttime="3456.73" endtime="3457.01" c="W">doing</w>
   <w nite:id="Bed002.w.13,004" starttime="3457.01" endtime="3457.08" c="W">all</w>
   <w nite:id="Bed002.w.13,005" starttime="3457.08" endtime="3457.16" c="W">the</w>
   <w nite:id="Bed002.w.13,006" starttime="3457.16" endtime="3457.84" c="W">probabilities</w>
   <w nite:id="Bed002.w.13,007" starttime="3457.84" endtime="3457.84" c=".">.</w>
   <w nite:id="Bed002.w.13,008" starttime="3458.61" endtime="3458.91" t="PLET" c="W">OK</w>
   <w nite:id="Bed002.w.13,009" starttime="3458.91" endtime="3458.91" c=".">.</w>
   <vocalsound nite:id="Bed002.vocalsound.114" starttime="" endtime="" description="laugh"/>
   <vocalsound nite:id="Bed002.vocalsound.122" starttime="" endtime="" description="laugh"/>
   <w nite:id="Bed002.w.13,703" starttime="3652.24" endtime="3653.3" c="W">Mmm</w>
   <w nite:id="Bed002.w.13,704" starttime="3653.3" endtime="3653.3" c=".">.</w>
   <vocalsound nite:id="Bed002.vocalsound.126" starttime="" endtime="" description="laugh"/>
   <vocalsound nite:id="Bed002.vocalsound.131" starttime="" endtime="" description="laugh"/>
   <nonvocalsound nite:id="Bed002.nonvocalsound.79" starttime="" endtime="" description="mike noise"/>
   <w nite:id="Bed002.w.13,934" starttime="3724.11" endtime="3724.38" t="PLET" c="W">OK</w>
   <w nite:id="Bed002.w.13,935" starttime="3724.38" endtime="3724.38" c=".">.</w>
   <w nite:id="Bed002.w.13,936" starttime="3724.53" endtime="3724.77" c="W">Sounds</w>
   <w nite:id="Bed002.w.13,937" starttime="3724.77" endtime="3724.9" c="W">good</w>
   <w nite:id="Bed002.w.13,938" starttime="3724.9" endtime="3724.9" c=".">.</w>
   <w nite:id="Bed002.w.14,149" starttime="3780.84" endtime="" c="W">Mm</w>
   <w nite:id="Bed002.w.14,150" starttime="" endtime="" c="HYPH">-</w>
   <w nite:id="Bed002.w.14,151" starttime="" endtime="3781.09" c="W">hmm</w>
   <w nite:id="Bed002.w.14,152" starttime="3781.09" endtime="3781.09" c=".">.</w>
   <comment nite:id="Bed002.comment.189" starttime="" endtime="" description="quietly"/>
   <w nite:id="Bed002.w.14,183" starttime="3791.57" endtime="3791.83" c="W">So</w>
   <w nite:id="Bed002.w.14,184" starttime="3791.83" endtime="3791.83" c="CM">,</w>
   <w nite:id="Bed002.w.14,185" starttime="3791.83" endtime="3792.08" c="W">yeah</w>
   <w nite:id="Bed002.w.14,186" starttime="3792.08" endtime="3792.08" c=".">.</w>
   <w nite:id="Bed002.w.14,187" starttime="3792.08" endtime="3792.27" c="W">Later</w>
   <w nite:id="Bed002.w.14,188" starttime="3792.27" endtime="3792.45" c="W">this</w>
   <w nite:id="Bed002.w.14,189" starttime="3792.45" endtime="3792.63" c="W">week</w>
   <w nite:id="Bed002.w.14,190" starttime="3792.63" endtime="3792.71" c="W">we</w>
   <w nite:id="Bed002.w.14,191" starttime="3792.71" endtime="3792.85" c="W">should</w>
   <w nite:id="Bed002.w.14,192" starttime="3792.85" endtime="3792.98" c="W">sort</w>
   <w nite:id="Bed002.w.14,193" starttime="3792.98" endtime="3793.05" c="W">of</w>
   <w nite:id="Bed002.w.14,194" starttime="3793.05" endtime="3793.21" c="W">get</w>
   <w nite:id="Bed002.w.14,195" starttime="3793.21" endtime="3793.58" c="W">together</w>
   <w nite:id="Bed002.w.14,196" starttime="3793.58" endtime="3793.58" c="CM">,</w>
   <w nite:id="Bed002.w.14,197" starttime="3793.58" endtime="3793.75" c="W">and</w>
   <w nite:id="Bed002.w.14,198" starttime="3793.88" endtime="3794.03" c="W">sort</w>
   <w nite:id="Bed002.w.14,199" starttime="3794.03" endtime="3794.11" c="W">of</w>
   <w nite:id="Bed002.w.14,203" starttime="3794.99" endtime="3795.22" c="W">start</w>
   <w nite:id="Bed002.w.14,204" starttime="3795.22" endtime="3795.5" c="W">thinking</w>
   <w nite:id="Bed002.w.14,205" starttime="3795.5" endtime="3795.68" c="W">about</w>
   <w nite:id="Bed002.w.14,206" starttime="3795.68" endtime="3795.9" c="W">that</w>
   <w nite:id="Bed002.w.14,207" starttime="3795.9" endtime="3795.9" c="CM">,</w>
   <w nite:id="Bed002.w.14,208" starttime="3795.9" endtime="3796.26" c="W">hopefully</w>
   <w nite:id="Bed002.w.14,209" starttime="3796.26" endtime="3796.26" c=".">.</w>
   <nonvocalsound nite:id="Bed002.nonvocalsound.80" starttime="" endtime="" description="mike noise"/>
</nite:root>