<?xml version="1.0" encoding="ISO-8859-1" standalone="yes"?>
<nite:root nite:id="Bed002.F.segs" xmlns:nite="http://nite.sourceforge.net/">
   <segment nite:id="Bed002.segment.95" starttime="207.446" endtime="235.74" participant="me012" timing-provenance="segment">
      <nite:child href="Bed002.F.words.xml#id(Bed002.nonvocalsound.5)"/>
   </segment>
   <segment nite:id="Bed002.segment.133" starttime="291.35" endtime="295.369" participant="me012" digittask="true" timing-provenance="segment">
      <nite:child href="Bed002.F.words.xml#id(Bed002.w.733)..id(Bed002.comment.91)"/>
   </segment>
   <segment nite:id="Bed002.segment.134" starttime="296.07" endtime="298.381" participant="me012" digittask="true" timing-provenance="segment">
      <nite:child href="Bed002.F.words.xml#id(Bed002.w.746)..id(Bed002.comment.92)"/>
   </segment>
   <segment nite:id="Bed002.segment.135" starttime="298.381" endtime="299.32" participant="me012" digittask="true" timing-provenance="segment">
      <nite:child href="Bed002.F.words.xml#id(Bed002.w.753)..id(Bed002.comment.93)"/>
   </segment>
   <segment nite:id="Bed002.segment.136" starttime="299.32" endtime="301.229" participant="me012" digittask="true" timing-provenance="segment">
      <nite:child href="Bed002.F.words.xml#id(Bed002.w.754)..id(Bed002.comment.94)"/>
   </segment>
   <segment nite:id="Bed002.segment.137" starttime="301.229" endtime="302.652" participant="me012" digittask="true" timing-provenance="segment">
      <nite:child href="Bed002.F.words.xml#id(Bed002.w.759)..id(Bed002.comment.95)"/>
   </segment>
   <segment nite:id="Bed002.segment.138" starttime="302.652" endtime="304.358" participant="me012" digittask="true" timing-provenance="segment">
      <nite:child href="Bed002.F.words.xml#id(Bed002.w.763)..id(Bed002.comment.96)"/>
   </segment>
   <segment nite:id="Bed002.segment.139" starttime="304.358" endtime="306.58" participant="me012" digittask="true" timing-provenance="segment">
      <nite:child href="Bed002.F.words.xml#id(Bed002.w.767)..id(Bed002.comment.97)"/>
   </segment>
   <segment nite:id="Bed002.segment.140" starttime="306.58" endtime="308.16" participant="me012" digittask="true" timing-provenance="segment">
      <nite:child href="Bed002.F.words.xml#id(Bed002.w.772)..id(Bed002.comment.98)"/>
   </segment>
   <segment nite:id="Bed002.segment.141" starttime="308.16" endtime="309.074" participant="me012" digittask="true" timing-provenance="segment">
      <nite:child href="Bed002.F.words.xml#id(Bed002.w.775)..id(Bed002.comment.99)"/>
   </segment>
   <segment nite:id="Bed002.segment.142" starttime="309.074" endtime="311.579" participant="me012" digittask="true" timing-provenance="segment">
      <nite:child href="Bed002.F.words.xml#id(Bed002.w.776)..id(Bed002.comment.100)"/>
   </segment>
   <segment nite:id="Bed002.segment.143" starttime="311.579" endtime="312.89" participant="me012" digittask="true" timing-provenance="segment">
      <nite:child href="Bed002.F.words.xml#id(Bed002.w.783)..id(Bed002.comment.101)"/>
   </segment>
   <segment nite:id="Bed002.segment.144" starttime="312.89" endtime="314.12" participant="me012" digittask="true" timing-provenance="segment">
      <nite:child href="Bed002.F.words.xml#id(Bed002.w.785)..id(Bed002.comment.102)"/>
   </segment>
   <segment nite:id="Bed002.segment.145" starttime="314.12" endtime="315.28" participant="me012" digittask="true" timing-provenance="segment">
      <nite:child href="Bed002.F.words.xml#id(Bed002.w.787)..id(Bed002.comment.103)"/>
   </segment>
   <segment nite:id="Bed002.segment.146" starttime="315.28" endtime="316.6" participant="me012" digittask="true" timing-provenance="segment">
      <nite:child href="Bed002.F.words.xml#id(Bed002.w.789)..id(Bed002.comment.104)"/>
   </segment>
   <segment nite:id="Bed002.segment.147" starttime="316.6" endtime="317.313" participant="me012" digittask="true" timing-provenance="segment">
      <nite:child href="Bed002.F.words.xml#id(Bed002.w.792)..id(Bed002.comment.105)"/>
   </segment>
   <segment nite:id="Bed002.segment.148" starttime="317.313" endtime="319.618" participant="me012" digittask="true" timing-provenance="segment">
      <nite:child href="Bed002.F.words.xml#id(Bed002.w.793)..id(Bed002.comment.106)"/>
   </segment>
   <segment nite:id="Bed002.segment.149" starttime="319.618" endtime="320.374" participant="me012" digittask="true" timing-provenance="segment">
      <nite:child href="Bed002.F.words.xml#id(Bed002.w.800)..id(Bed002.comment.107)"/>
   </segment>
   <segment nite:id="Bed002.segment.150" starttime="320.374" endtime="321.19" participant="me012" digittask="true" timing-provenance="segment">
      <nite:child href="Bed002.F.words.xml#id(Bed002.w.801)..id(Bed002.comment.108)"/>
   </segment>
   <segment nite:id="Bed002.segment.151" starttime="321.19" endtime="322.421" participant="me012" digittask="true" timing-provenance="segment">
      <nite:child href="Bed002.F.words.xml#id(Bed002.w.802)..id(Bed002.comment.109)"/>
   </segment>
   <segment nite:id="Bed002.segment.152" starttime="322.421" endtime="324.44" participant="me012" digittask="true" timing-provenance="segment">
      <nite:child href="Bed002.F.words.xml#id(Bed002.w.805)..id(Bed002.comment.110)"/>
   </segment>
   <segment nite:id="Bed002.segment.153" starttime="324.44" endtime="325.92" participant="me012" digittask="true" timing-provenance="segment">
      <nite:child href="Bed002.F.words.xml#id(Bed002.w.810)..id(Bed002.comment.111)"/>
   </segment>
   <segment nite:id="Bed002.segment.159" starttime="335.505" endtime="351.804" participant="me012" timing-provenance="segment">
      <nite:child href="Bed002.F.words.xml#id(Bed002.nonvocalsound.6)"/>
   </segment>
   <segment nite:id="Bed002.segment.170" starttime="354.79" endtime="355.51" participant="me012" timing-provenance="segment">
      <nite:child href="Bed002.F.words.xml#id(Bed002.vocalsound.10)"/>
   </segment>
   <segment nite:id="Bed002.segment.223" starttime="455.852" endtime="457.88" participant="me012" timing-provenance="segment">
      <nite:child href="Bed002.F.words.xml#id(Bed002.w.1,413)..id(Bed002.vocalsound.15)"/>
   </segment>
   <segment nite:id="Bed002.segment.308" starttime="677.737" endtime="677.957" participant="me012" timing-provenance="dialogueact">
      <nite:child href="Bed002.F.words.xml#id(Bed002.w.2,294)..id(Bed002.w.2,295)"/>
   </segment>
   <segment nite:id="Bed002.segment.493" starttime="1211.57" endtime="1213.05" participant="me012" timing-provenance="dialogueact">
      <nite:child href="Bed002.F.words.xml#id(Bed002.w.4,131)..id(Bed002.w.4,141)"/>
   </segment>
   <segment nite:id="Bed002.segment.495" starttime="1213.408" endtime="1214.78" participant="me012" timing-provenance="segment">
      <nite:child href="Bed002.F.words.xml#id(Bed002.w.4,144)..id(Bed002.vocalsound.40)"/>
   </segment>
   <segment nite:id="Bed002.segment.510" starttime="1252.91" endtime="1257.8" participant="me012" timing-provenance="segment">
      <nite:child href="Bed002.F.words.xml#id(Bed002.w.4,244)..id(Bed002.disfmarker.90)"/>
   </segment>
   <segment nite:id="Bed002.segment.614" starttime="1560.14" endtime="1562.68" participant="me012" timing-provenance="dialogueact">
      <nite:child href="Bed002.F.words.xml#id(Bed002.w.5,388)..id(Bed002.w.5,405)"/>
   </segment>
   <segment nite:id="Bed002.segment.618" starttime="1569.19" endtime="1569.48" participant="me012" timing-provenance="dialogueact">
      <nite:child href="Bed002.F.words.xml#id(Bed002.w.5,452)..id(Bed002.w.5,453)"/>
   </segment>
   <segment nite:id="Bed002.segment.740" starttime="1837.965" endtime="1838.468" participant="me012" timing-provenance="segment">
      <nite:child href="Bed002.F.words.xml#id(Bed002.nonvocalsound.20)"/>
   </segment>
   <segment nite:id="Bed002.segment.784" starttime="1960.54" endtime="1960.69" participant="me012" timing-provenance="dialogueact">
      <nite:child href="Bed002.F.words.xml#id(Bed002.w.6,965)..id(Bed002.w.6,966)"/>
   </segment>
   <segment nite:id="Bed002.segment.1,159" starttime="2756.16" endtime="2757.13" participant="me012" timing-provenance="dialogueact">
      <nite:child href="Bed002.F.words.xml#id(Bed002.w.10,315)..id(Bed002.pause.8)"/>
   </segment>
   <segment nite:id="Bed002.segment.1,161" starttime="2757.09" endtime="2758.962" participant="me012" timing-provenance="segment">
      <nite:child href="Bed002.F.words.xml#id(Bed002.w.10,317)..id(Bed002.disfmarker.311)"/>
   </segment>
   <segment nite:id="Bed002.segment.1,163" starttime="2759.11" endtime="2761.97" participant="me012" timing-provenance="dialogueact">
      <nite:child href="Bed002.F.words.xml#id(Bed002.w.10,328)..id(Bed002.w.10,344)"/>
   </segment>
   <segment nite:id="Bed002.segment.1,165" starttime="2761.951" endtime="2765.75" participant="me012" timing-provenance="segment">
      <nite:child href="Bed002.F.words.xml#id(Bed002.w.10,347)..id(Bed002.disfmarker.312)"/>
   </segment>
   <segment nite:id="Bed002.segment.1,167" starttime="2766.62" endtime="2767.89" participant="me012" timing-provenance="dialogueact">
      <nite:child href="Bed002.F.words.xml#id(Bed002.w.10,367)..id(Bed002.w.10,371)"/>
   </segment>
   <segment nite:id="Bed002.segment.1,184" starttime="2805.81" endtime="2806.41" participant="me012" timing-provenance="dialogueact">
      <nite:child href="Bed002.F.words.xml#id(Bed002.w.10,534)..id(Bed002.w.10,537)"/>
   </segment>
   <segment nite:id="Bed002.segment.1,187" starttime="2815.3" endtime="2815.62" participant="me012" timing-provenance="dialogueact">
      <nite:child href="Bed002.F.words.xml#id(Bed002.w.10,562)..id(Bed002.w.10,563)"/>
   </segment>
   <segment nite:id="Bed002.segment.1,189" starttime="2829.57" endtime="2834.18" participant="me012" timing-provenance="segment">
      <nite:child href="Bed002.F.words.xml#id(Bed002.w.10,575)..id(Bed002.disfmarker.315)"/>
   </segment>
   <segment nite:id="Bed002.segment.1,192" starttime="2842.4" endtime="2842.61" participant="me012" timing-provenance="dialogueact">
      <nite:child href="Bed002.F.words.xml#id(Bed002.w.10,635)..id(Bed002.w.10,636)"/>
   </segment>
   <segment nite:id="Bed002.segment.1,193" starttime="2844.24" endtime="2844.82" participant="me012" timing-provenance="dialogueact">
      <nite:child href="Bed002.F.words.xml#id(Bed002.w.10,637)..id(Bed002.w.10,641)"/>
   </segment>
   <segment nite:id="Bed002.segment.1,257" starttime="3030.18" endtime="3031.28" participant="me012" timing-provenance="segment">
      <nite:child href="Bed002.F.words.xml#id(Bed002.nonvocalsound.54)"/>
   </segment>
   <segment nite:id="Bed002.segment.1,268" starttime="3059.05" endtime="3059.32" participant="me012" timing-provenance="dialogueact">
      <nite:child href="Bed002.F.words.xml#id(Bed002.w.11,459)..id(Bed002.w.11,460)"/>
   </segment>
   <segment nite:id="Bed002.segment.1,273" starttime="3066.08" endtime="3066.55" participant="me012" timing-provenance="dialogueact">
      <nite:child href="Bed002.F.words.xml#id(Bed002.w.11,505)..id(Bed002.w.11,510)"/>
   </segment>
   <segment nite:id="Bed002.segment.1,322" starttime="3196.32" endtime="3198.31" participant="me012" timing-provenance="dialogueact">
      <nite:child href="Bed002.F.words.xml#id(Bed002.w.11,982)..id(Bed002.w.11,989)"/>
   </segment>
   <segment nite:id="Bed002.segment.1,340" starttime="3240.04" endtime="3240.85" participant="me012" timing-provenance="dialogueact">
      <nite:child href="Bed002.F.words.xml#id(Bed002.w.12,163)..id(Bed002.w.12,166)"/>
   </segment>
   <segment nite:id="Bed002.segment.1,347" starttime="3257.61" endtime="3257.95" participant="me012" timing-provenance="dialogueact">
      <nite:child href="Bed002.F.words.xml#id(Bed002.w.12,246)..id(Bed002.w.12,247)"/>
   </segment>
   <segment nite:id="Bed002.segment.1,361" starttime="3297.57" endtime="3297.73" participant="me012" timing-provenance="dialogueact">
      <nite:child href="Bed002.F.words.xml#id(Bed002.w.12,410)..id(Bed002.w.12,411)"/>
   </segment>
   <segment nite:id="Bed002.segment.1,377" starttime="3333.85" endtime="3334.07" participant="me012" timing-provenance="dialogueact">
      <nite:child href="Bed002.F.words.xml#id(Bed002.w.12,511)..id(Bed002.w.12,512)"/>
   </segment>
   <segment nite:id="Bed002.segment.1,398" starttime="3380.77" endtime="3381.09" participant="me012" timing-provenance="dialogueact">
      <nite:child href="Bed002.F.words.xml#id(Bed002.w.12,707)..id(Bed002.w.12,708)"/>
   </segment>
   <segment nite:id="Bed002.segment.1,401" starttime="3384.05" endtime="3384.34" participant="me012" timing-provenance="dialogueact">
      <nite:child href="Bed002.F.words.xml#id(Bed002.w.12,721)..id(Bed002.w.12,722)"/>
   </segment>
   <segment nite:id="Bed002.segment.1,412" starttime="3407.08" endtime="3407.38" participant="me012" timing-provenance="dialogueact">
      <nite:child href="Bed002.F.words.xml#id(Bed002.w.12,821)..id(Bed002.w.12,824)"/>
   </segment>
   <segment nite:id="Bed002.segment.1,437" starttime="3454.54" endtime="3455.96" participant="me012" timing-provenance="dialogueact">
      <nite:child href="Bed002.F.words.xml#id(Bed002.w.12,993)..id(Bed002.w.13,002)"/>
   </segment>
   <segment nite:id="Bed002.segment.1,438" starttime="3456.73" endtime="3457.84" participant="me012" timing-provenance="dialogueact">
      <nite:child href="Bed002.F.words.xml#id(Bed002.w.13,003)..id(Bed002.w.13,007)"/>
   </segment>
   <segment nite:id="Bed002.segment.1,439" starttime="3458.61" endtime="3458.91" participant="me012" timing-provenance="dialogueact">
      <nite:child href="Bed002.F.words.xml#id(Bed002.w.13,008)..id(Bed002.w.13,009)"/>
   </segment>
   <segment nite:id="Bed002.segment.1,456" starttime="3494.493" endtime="3495.633" participant="me012" timing-provenance="segment">
      <nite:child href="Bed002.F.words.xml#id(Bed002.vocalsound.114)"/>
   </segment>
   <segment nite:id="Bed002.segment.1,492" starttime="3592.113" endtime="3593.919" participant="me012" timing-provenance="segment">
      <nite:child href="Bed002.F.words.xml#id(Bed002.vocalsound.122)"/>
   </segment>
   <segment nite:id="Bed002.segment.1,513" starttime="3652.24" endtime="3653.3" participant="me012" timing-provenance="dialogueact">
      <nite:child href="Bed002.F.words.xml#id(Bed002.w.13,703)..id(Bed002.w.13,704)"/>
   </segment>
   <segment nite:id="Bed002.segment.1,515" starttime="3653.975" endtime="3655.342" participant="me012" timing-provenance="segment">
      <nite:child href="Bed002.F.words.xml#id(Bed002.vocalsound.126)"/>
   </segment>
   <segment nite:id="Bed002.segment.1,541" starttime="3708.776" endtime="3709.916" participant="me012" timing-provenance="segment">
      <nite:child href="Bed002.F.words.xml#id(Bed002.vocalsound.131)"/>
   </segment>
   <segment nite:id="Bed002.segment.1,549" starttime="3723.86" endtime="3725.29" participant="me012" timing-provenance="segment">
      <nite:child href="Bed002.F.words.xml#id(Bed002.nonvocalsound.79)..id(Bed002.w.13,938)"/>
   </segment>
   <segment nite:id="Bed002.segment.1,571" starttime="3780.71" endtime="3781.642" participant="me012" timing-provenance="segment">
      <nite:child href="Bed002.F.words.xml#id(Bed002.w.14,149)..id(Bed002.comment.189)"/>
   </segment>
   <segment nite:id="Bed002.segment.1,576" starttime="3791.57" endtime="3794.11" participant="me012" timing-provenance="dialogueact">
      <nite:child href="Bed002.F.words.xml#id(Bed002.w.14,183)..id(Bed002.w.14,199)"/>
   </segment>
   <segment nite:id="Bed002.segment.1,578" starttime="3794.99" endtime="3796.26" participant="me012" timing-provenance="dialogueact">
      <nite:child href="Bed002.F.words.xml#id(Bed002.w.14,203)..id(Bed002.w.14,209)"/>
   </segment>
   <segment nite:id="Bed002.segment.1,596" starttime="3827.644" endtime="3833.73" participant="me012" timing-provenance="segment">
      <nite:child href="Bed002.F.words.xml#id(Bed002.nonvocalsound.80)"/>
   </segment>
</nite:root>