<?xml version="1.0" encoding="ISO-8859-1" standalone="yes"?>
<nite:root nite:id="Bed002.D.segs" xmlns:nite="http://nite.sourceforge.net/">
   <segment nite:id="Bed002.segment.406" starttime="940.944" endtime="941.679" participant="fe004" closemic="false" timing-provenance="segment">
      <nite:child href="Bed002.D.words.xml#id(Bed002.w.3,178)..id(Bed002.w.3,179)"/>
   </segment>
   <segment nite:id="Bed002.segment.408" starttime="943.953" endtime="946.757" participant="fe004" timing-provenance="segment">
      <nite:child href="Bed002.D.words.xml#id(Bed002.nonvocalsound.13)"/>
   </segment>
   <segment nite:id="Bed002.segment.411" starttime="946.741" endtime="948.506" participant="fe004" closemic="false" timing-provenance="segment">
      <nite:child href="Bed002.D.words.xml#id(Bed002.w.3,202)..id(Bed002.comment.132)"/>
   </segment>
   <segment nite:id="Bed002.segment.414" starttime="948.92" endtime="951.01" participant="fe004" timing-provenance="segment">
      <nite:child href="Bed002.D.words.xml#id(Bed002.w.3,217)..id(Bed002.comment.133)"/>
   </segment>
   <segment nite:id="Bed002.segment.415" starttime="951.01" endtime="961.11" participant="fe004" timing-provenance="segment">
      <nite:child href="Bed002.D.words.xml#id(Bed002.nonvocalsound.14)"/>
   </segment>
   <segment nite:id="Bed002.segment.416" starttime="956.0" endtime="957.482" participant="fe004" closemic="false" timing-provenance="segment">
      <nite:child href="Bed002.D.words.xml#id(Bed002.w.3,223)..id(Bed002.w.3,227)"/>
   </segment>
   <segment nite:id="Bed002.segment.418" starttime="961.122" endtime="961.921" participant="fe004" closemic="false" timing-provenance="segment">
      <nite:child href="Bed002.D.words.xml#id(Bed002.w.3,232)..id(Bed002.w.3,235)"/>
   </segment>
   <segment nite:id="Bed002.segment.420" starttime="963.361" endtime="964.951" participant="fe004" timing-provenance="dialogueact">
      <nite:child href="Bed002.D.words.xml#id(Bed002.w.3,240)..id(Bed002.w.3,247)"/>
   </segment>
   <segment nite:id="Bed002.segment.421" starttime="965.971" endtime="966.231" participant="fe004" timing-provenance="dialogueact">
      <nite:child href="Bed002.D.words.xml#id(Bed002.w.3,248)..id(Bed002.w.3,249)"/>
   </segment>
   <segment nite:id="Bed002.segment.423" starttime="968.692" endtime="969.102" participant="fe004" timing-provenance="dialogueact">
      <nite:child href="Bed002.D.words.xml#id(Bed002.w.3,252)..id(Bed002.w.3,254)"/>
   </segment>
   <segment nite:id="Bed002.segment.429" starttime="975.269" endtime="975.839" participant="fe004" timing-provenance="dialogueact">
      <nite:child href="Bed002.D.words.xml#id(Bed002.w.3,305)..id(Bed002.w.3,310)"/>
   </segment>
   <segment nite:id="Bed002.segment.474" starttime="1120.63" endtime="1121.19" participant="fe004" timing-provenance="dialogueact">
      <nite:child href="Bed002.D.words.xml#id(Bed002.w.3,857)..id(Bed002.w.3,860)"/>
   </segment>
   <segment nite:id="Bed002.segment.516" starttime="1272.76" endtime="1273.58" participant="fe004" timing-provenance="segment">
      <nite:child href="Bed002.D.words.xml#id(Bed002.vocalsound.42)"/>
   </segment>
   <segment nite:id="Bed002.segment.679" starttime="1714.89" endtime="1716.07" participant="fe004" timing-provenance="dialogueact">
      <nite:child href="Bed002.D.words.xml#id(Bed002.w.6,000)..id(Bed002.w.6,003)"/>
   </segment>
   <segment nite:id="Bed002.segment.687" starttime="1742.86" endtime="1746.08" participant="fe004" timing-provenance="segment">
      <nite:child href="Bed002.D.words.xml#id(Bed002.w.6,118)..id(Bed002.disfmarker.153)"/>
   </segment>
   <segment nite:id="Bed002.segment.688" starttime="1746.25" endtime="1749.166" participant="fe004" timing-provenance="segment">
      <nite:child href="Bed002.D.words.xml#id(Bed002.w.6,134)..id(Bed002.w.6,156)"/>
   </segment>
   <segment nite:id="Bed002.segment.689" starttime="1749.166" endtime="1751.211" participant="fe004" timing-provenance="segment">
      <nite:child href="Bed002.D.words.xml#id(Bed002.w.6,157)..id(Bed002.w.6,171)"/>
   </segment>
   <segment nite:id="Bed002.segment.690" starttime="1751.22" endtime="1752.4" participant="fe004" timing-provenance="dialogueact">
      <nite:child href="Bed002.D.words.xml#id(Bed002.w.6,172)..id(Bed002.w.6,175)"/>
   </segment>
   <segment nite:id="Bed002.segment.691" starttime="1753.75" endtime="1759.07" participant="fe004" timing-provenance="dialogueact">
      <nite:child href="Bed002.D.words.xml#id(Bed002.w.6,176)..id(Bed002.w.6,201)"/>
   </segment>
   <segment nite:id="Bed002.segment.694" starttime="1759.66" endtime="1761.77" participant="fe004" timing-provenance="dialogueact">
      <nite:child href="Bed002.D.words.xml#id(Bed002.w.6,208)..id(Bed002.w.6,227)"/>
   </segment>
   <segment nite:id="Bed002.segment.697" starttime="1763.48" endtime="1764.79" participant="fe004" timing-provenance="dialogueact">
      <nite:child href="Bed002.D.words.xml#id(Bed002.w.6,261)..id(Bed002.w.6,268)"/>
   </segment>
   <segment nite:id="Bed002.segment.699" starttime="1765.53" endtime="1765.79" participant="fe004" timing-provenance="dialogueact">
      <nite:child href="Bed002.D.words.xml#id(Bed002.w.6,269)..id(Bed002.w.6,270)"/>
   </segment>
   <segment nite:id="Bed002.segment.700" starttime="1766.82" endtime="1767.09" participant="fe004" timing-provenance="dialogueact">
      <nite:child href="Bed002.D.words.xml#id(Bed002.w.6,271)..id(Bed002.w.6,272)"/>
   </segment>
   <segment nite:id="Bed002.segment.702" starttime="1768.82" endtime="1769.02" participant="fe004" timing-provenance="dialogueact">
      <nite:child href="Bed002.D.words.xml#id(Bed002.w.6,302)..id(Bed002.w.6,303)"/>
   </segment>
   <segment nite:id="Bed002.segment.703" starttime="1771.03" endtime="1771.31" participant="fe004" timing-provenance="dialogueact">
      <nite:child href="Bed002.D.words.xml#id(Bed002.w.6,304)..id(Bed002.w.6,305)"/>
   </segment>
   <segment nite:id="Bed002.segment.705" starttime="1774.37" endtime="1774.63" participant="fe004" timing-provenance="dialogueact">
      <nite:child href="Bed002.D.words.xml#id(Bed002.w.6,323)..id(Bed002.w.6,326)"/>
   </segment>
   <segment nite:id="Bed002.segment.708" starttime="1777.56" endtime="1778.76" participant="fe004" timing-provenance="dialogueact">
      <nite:child href="Bed002.D.words.xml#id(Bed002.w.6,344)..id(Bed002.w.6,347)"/>
   </segment>
   <segment nite:id="Bed002.segment.718" starttime="1795.85" endtime="1801.79" participant="fe004" timing-provenance="dialogueact">
      <nite:child href="Bed002.D.words.xml#id(Bed002.w.6,398)..id(Bed002.w.6,416)"/>
   </segment>
   <segment nite:id="Bed002.segment.720" starttime="1801.98" endtime="1806.28" participant="fe004" timing-provenance="dialogueact">
      <nite:child href="Bed002.D.words.xml#id(Bed002.w.6,417)..id(Bed002.w.6,438)"/>
   </segment>
   <segment nite:id="Bed002.segment.766" starttime="1925.905" endtime="1927.273" participant="fe004" timing-provenance="segment">
      <nite:child href="Bed002.D.words.xml#id(Bed002.vocalsound.54)"/>
   </segment>
   <segment nite:id="Bed002.segment.785" starttime="1965.5" endtime="1967.17" participant="fe004" timing-provenance="dialogueact">
      <nite:child href="Bed002.D.words.xml#id(Bed002.w.6,967)..id(Bed002.w.6,976)"/>
   </segment>
   <segment nite:id="Bed002.segment.786" starttime="1967.69" endtime="1972.93" participant="fe004" timing-provenance="segment">
      <nite:child href="Bed002.D.words.xml#id(Bed002.w.6,977)..id(Bed002.disfmarker.178)"/>
   </segment>
   <segment nite:id="Bed002.segment.788" starttime="1974.89" endtime="1976.89" participant="fe004" timing-provenance="dialogueact">
      <nite:child href="Bed002.D.words.xml#id(Bed002.w.6,999)..id(Bed002.w.7,006)"/>
   </segment>
   <segment nite:id="Bed002.segment.789" starttime="1977.4" endtime="1980.65" participant="fe004" timing-provenance="dialogueact">
      <nite:child href="Bed002.D.words.xml#id(Bed002.w.7,007)..id(Bed002.w.7,026)"/>
   </segment>
   <segment nite:id="Bed002.segment.790" starttime="1980.758" endtime="1981.415" participant="fe004" timing-provenance="segment">
      <nite:child href="Bed002.D.words.xml#id(Bed002.vocalsound.57)"/>
   </segment>
   <segment nite:id="Bed002.segment.791" starttime="1981.48" endtime="1982.84" participant="fe004" timing-provenance="dialogueact">
      <nite:child href="Bed002.D.words.xml#id(Bed002.w.7,027)..id(Bed002.w.7,033)"/>
   </segment>
   <segment nite:id="Bed002.segment.792" starttime="1983.41" endtime="1983.6" participant="fe004" timing-provenance="dialogueact">
      <nite:child href="Bed002.D.words.xml#id(Bed002.w.7,034)"/>
   </segment>
   <segment nite:id="Bed002.segment.794" starttime="1984.2" endtime="1985.57" participant="fe004" timing-provenance="dialogueact">
      <nite:child href="Bed002.D.words.xml#id(Bed002.w.7,040)..id(Bed002.w.7,046)"/>
   </segment>
   <segment nite:id="Bed002.segment.796" starttime="1985.94" endtime="1987.68" participant="fe004" timing-provenance="dialogueact">
      <nite:child href="Bed002.D.words.xml#id(Bed002.w.7,054)..id(Bed002.w.7,063)"/>
   </segment>
   <segment nite:id="Bed002.segment.799" starttime="1988.6" endtime="1988.91" participant="fe004" timing-provenance="dialogueact">
      <nite:child href="Bed002.D.words.xml#id(Bed002.w.7,082)..id(Bed002.w.7,084)"/>
   </segment>
   <segment nite:id="Bed002.segment.800" starttime="1991.16" endtime="1991.51" participant="fe004" timing-provenance="dialogueact">
      <nite:child href="Bed002.D.words.xml#id(Bed002.w.7,085)..id(Bed002.w.7,086)"/>
   </segment>
   <segment nite:id="Bed002.segment.801" starttime="1991.51" endtime="1996.02" participant="fe004" timing-provenance="dialogueact">
      <nite:child href="Bed002.D.words.xml#id(Bed002.w.7,087)..id(Bed002.w.7,107)"/>
   </segment>
   <segment nite:id="Bed002.segment.803" starttime="1996.4" endtime="1996.83" participant="fe004" timing-provenance="dialogueact">
      <nite:child href="Bed002.D.words.xml#id(Bed002.w.7,109)..id(Bed002.w.7,110)"/>
   </segment>
   <segment nite:id="Bed002.segment.805" starttime="1997.54" endtime="1999.14" participant="fe004" timing-provenance="dialogueact">
      <nite:child href="Bed002.D.words.xml#id(Bed002.w.7,113)..id(Bed002.w.7,124)"/>
   </segment>
   <segment nite:id="Bed002.segment.809" starttime="2001.86" endtime="2004.201" participant="fe004" timing-provenance="segment">
      <nite:child href="Bed002.D.words.xml#id(Bed002.w.7,146)..id(Bed002.disfmarker.188)"/>
   </segment>
   <segment nite:id="Bed002.segment.811" starttime="2004.201" endtime="2005.3" participant="fe004" timing-provenance="segment">
      <nite:child href="Bed002.D.words.xml#id(Bed002.w.7,156)..id(Bed002.disfmarker.190)"/>
   </segment>
   <segment nite:id="Bed002.segment.813" starttime="2006.56" endtime="2008.802" participant="fe004" timing-provenance="segment">
      <nite:child href="Bed002.D.words.xml#id(Bed002.vocalsound.58)"/>
   </segment>
   <segment nite:id="Bed002.segment.815" starttime="2008.802" endtime="2010.04" participant="fe004" timing-provenance="segment">
      <nite:child href="Bed002.D.words.xml#id(Bed002.w.7,172)..id(Bed002.vocalsound.59)"/>
   </segment>
   <segment nite:id="Bed002.segment.817" starttime="2012.61" endtime="2013.3" participant="fe004" timing-provenance="dialogueact">
      <nite:child href="Bed002.D.words.xml#id(Bed002.w.7,191)..id(Bed002.w.7,194)"/>
   </segment>
   <segment nite:id="Bed002.segment.819" starttime="2016.11" endtime="2016.49" participant="fe004" timing-provenance="dialogueact">
      <nite:child href="Bed002.D.words.xml#id(Bed002.w.7,208)..id(Bed002.w.7,211)"/>
   </segment>
   <segment nite:id="Bed002.segment.823" starttime="2019.33" endtime="2019.66" participant="fe004" timing-provenance="dialogueact">
      <nite:child href="Bed002.D.words.xml#id(Bed002.w.7,225)..id(Bed002.w.7,226)"/>
   </segment>
   <segment nite:id="Bed002.segment.830" starttime="2034.21" endtime="2034.53" participant="fe004" timing-provenance="dialogueact">
      <nite:child href="Bed002.D.words.xml#id(Bed002.w.7,292)..id(Bed002.w.7,295)"/>
   </segment>
   <segment nite:id="Bed002.segment.832" starttime="2036.9" endtime="2037.17" participant="fe004" timing-provenance="dialogueact">
      <nite:child href="Bed002.D.words.xml#id(Bed002.w.7,314)..id(Bed002.w.7,315)"/>
   </segment>
   <segment nite:id="Bed002.segment.833" starttime="2037.82" endtime="2038.09" participant="fe004" timing-provenance="dialogueact">
      <nite:child href="Bed002.D.words.xml#id(Bed002.w.7,316)..id(Bed002.w.7,317)"/>
   </segment>
   <segment nite:id="Bed002.segment.835" starttime="2042.36" endtime="2042.55" participant="fe004" timing-provenance="dialogueact">
      <nite:child href="Bed002.D.words.xml#id(Bed002.w.7,336)..id(Bed002.w.7,337)"/>
   </segment>
   <segment nite:id="Bed002.segment.837" starttime="2047.44" endtime="2047.72" participant="fe004" timing-provenance="dialogueact">
      <nite:child href="Bed002.D.words.xml#id(Bed002.w.7,388)..id(Bed002.w.7,389)"/>
   </segment>
   <segment nite:id="Bed002.segment.840" starttime="2056.26" endtime="2061.22" participant="fe004" timing-provenance="dialogueact">
      <nite:child href="Bed002.D.words.xml#id(Bed002.w.7,405)..id(Bed002.w.7,429)"/>
   </segment>
   <segment nite:id="Bed002.segment.841" starttime="2061.22" endtime="2062.44" participant="fe004" timing-provenance="dialogueact">
      <nite:child href="Bed002.D.words.xml#id(Bed002.w.7,430)..id(Bed002.w.7,440)"/>
   </segment>
   <segment nite:id="Bed002.segment.842" starttime="2063.115" endtime="2064.299" participant="fe004" timing-provenance="segment">
      <nite:child href="Bed002.D.words.xml#id(Bed002.w.7,441)..id(Bed002.disfmarker.203)"/>
   </segment>
   <segment nite:id="Bed002.segment.845" starttime="2064.299" endtime="2065.053" participant="fe004" timing-provenance="segment">
      <nite:child href="Bed002.D.words.xml#id(Bed002.w.7,475)..id(Bed002.comment.153)"/>
   </segment>
   <segment nite:id="Bed002.segment.846" starttime="2065.053" endtime="2066.107" participant="fe004" timing-provenance="segment">
      <nite:child href="Bed002.D.words.xml#id(Bed002.vocalsound.64)..id(Bed002.w.7,485)"/>
   </segment>
   <segment nite:id="Bed002.segment.848" starttime="2066.07" endtime="2066.86" participant="fe004" timing-provenance="dialogueact">
      <nite:child href="Bed002.D.words.xml#id(Bed002.w.7,486)..id(Bed002.w.7,490)"/>
   </segment>
   <segment nite:id="Bed002.segment.849" starttime="2068.39" endtime="2068.75" participant="fe004" timing-provenance="dialogueact">
      <nite:child href="Bed002.D.words.xml#id(Bed002.w.7,491)..id(Bed002.w.7,494)"/>
   </segment>
   <segment nite:id="Bed002.segment.851" starttime="2071.11" endtime="2074.36" participant="fe004" timing-provenance="dialogueact">
      <nite:child href="Bed002.D.words.xml#id(Bed002.w.7,497)..id(Bed002.w.7,513)"/>
   </segment>
   <segment nite:id="Bed002.segment.855" starttime="2074.851" endtime="2076.88" participant="fe004" timing-provenance="segment">
      <nite:child href="Bed002.D.words.xml#id(Bed002.w.7,528)..id(Bed002.comment.154)"/>
   </segment>
   <segment nite:id="Bed002.segment.876" starttime="2134.86" endtime="2138.45" participant="fe004" timing-provenance="segment">
      <nite:child href="Bed002.D.words.xml#id(Bed002.w.7,704)..id(Bed002.disfmarker.212)"/>
   </segment>
   <segment nite:id="Bed002.segment.877" starttime="2138.68" endtime="2139.346" participant="fe004" timing-provenance="segment">
      <nite:child href="Bed002.D.words.xml#id(Bed002.w.7,722)..id(Bed002.disfmarker.213)"/>
   </segment>
   <segment nite:id="Bed002.segment.878" starttime="2139.346" endtime="2140.944" participant="fe004" timing-provenance="segment">
      <nite:child href="Bed002.D.words.xml#id(Bed002.w.7,723)..id(Bed002.disfmarker.214)"/>
   </segment>
   <segment nite:id="Bed002.segment.880" starttime="2141.134" endtime="2145.88" participant="fe004" timing-provenance="segment">
      <nite:child href="Bed002.D.words.xml#id(Bed002.w.7,734)..id(Bed002.comment.156)"/>
   </segment>
   <segment nite:id="Bed002.segment.883" starttime="2146.243" endtime="2150.479" participant="fe004" timing-provenance="segment">
      <nite:child href="Bed002.D.words.xml#id(Bed002.w.7,763)..id(Bed002.disfmarker.217)"/>
   </segment>
   <segment nite:id="Bed002.segment.884" starttime="2151.06" endtime="2152.6" participant="fe004" timing-provenance="dialogueact">
      <nite:child href="Bed002.D.words.xml#id(Bed002.w.7,777)..id(Bed002.w.7,781)"/>
   </segment>
   <segment nite:id="Bed002.segment.890" starttime="2159.57" endtime="2160.04" participant="fe004" timing-provenance="dialogueact">
      <nite:child href="Bed002.D.words.xml#id(Bed002.w.7,810)..id(Bed002.w.7,813)"/>
   </segment>
   <segment nite:id="Bed002.segment.891" starttime="2160.79" endtime="2163.098" participant="fe004" timing-provenance="segment">
      <nite:child href="Bed002.D.words.xml#id(Bed002.w.7,814)..id(Bed002.vocalsound.68)"/>
   </segment>
   <segment nite:id="Bed002.segment.892" starttime="2163.14" endtime="2169.34" participant="fe004" timing-provenance="dialogueact">
      <nite:child href="Bed002.D.words.xml#id(Bed002.w.7,822)..id(Bed002.w.7,848)"/>
   </segment>
   <segment nite:id="Bed002.segment.893" starttime="2169.72" endtime="2172.05" participant="fe004" timing-provenance="dialogueact">
      <nite:child href="Bed002.D.words.xml#id(Bed002.w.7,849)..id(Bed002.w.7,861)"/>
   </segment>
   <segment nite:id="Bed002.segment.894" starttime="2172.46" endtime="2174.75" participant="fe004" timing-provenance="dialogueact">
      <nite:child href="Bed002.D.words.xml#id(Bed002.w.7,862)..id(Bed002.w.7,868)"/>
   </segment>
   <segment nite:id="Bed002.segment.895" starttime="2175.25" endtime="2177.59" participant="fe004" timing-provenance="dialogueact">
      <nite:child href="Bed002.D.words.xml#id(Bed002.w.7,869)..id(Bed002.w.7,884)"/>
   </segment>
   <segment nite:id="Bed002.segment.897" starttime="2178.23" endtime="2181.7" participant="fe004" timing-provenance="dialogueact">
      <nite:child href="Bed002.D.words.xml#id(Bed002.w.7,889)..id(Bed002.w.7,911)"/>
   </segment>
   <segment nite:id="Bed002.segment.898" starttime="2181.94" endtime="2183.94" participant="fe004" timing-provenance="dialogueact">
      <nite:child href="Bed002.D.words.xml#id(Bed002.w.7,912)..id(Bed002.w.7,923)"/>
   </segment>
   <segment nite:id="Bed002.segment.899" starttime="2184.354" endtime="2186.087" participant="fe004" timing-provenance="segment">
      <nite:child href="Bed002.D.words.xml#id(Bed002.w.7,924)..id(Bed002.disfmarker.227)"/>
   </segment>
   <segment nite:id="Bed002.segment.904" starttime="2195.01" endtime="2195.49" participant="fe004" timing-provenance="dialogueact">
      <nite:child href="Bed002.D.words.xml#id(Bed002.w.7,964)..id(Bed002.w.7,967)"/>
   </segment>
   <segment nite:id="Bed002.segment.906" starttime="2199.61" endtime="2200.19" participant="fe004" timing-provenance="dialogueact">
      <nite:child href="Bed002.D.words.xml#id(Bed002.w.8,000)..id(Bed002.w.8,005)"/>
   </segment>
   <segment nite:id="Bed002.segment.909" starttime="2208.61" endtime="2209.28" participant="fe004" timing-provenance="dialogueact">
      <nite:child href="Bed002.D.words.xml#id(Bed002.w.8,022)..id(Bed002.w.8,025)"/>
   </segment>
   <segment nite:id="Bed002.segment.913" starttime="2215.81" endtime="2216.51" participant="fe004" timing-provenance="segment">
      <nite:child href="Bed002.D.words.xml#id(Bed002.vocalsound.71)..id(Bed002.w.8,062)"/>
   </segment>
   <segment nite:id="Bed002.segment.916" starttime="2224.74" endtime="2225.3" participant="fe004" timing-provenance="dialogueact">
      <nite:child href="Bed002.D.words.xml#id(Bed002.w.8,084)..id(Bed002.w.8,087)"/>
   </segment>
   <segment nite:id="Bed002.segment.918" starttime="2234.58" endtime="2234.91" participant="fe004" timing-provenance="dialogueact">
      <nite:child href="Bed002.D.words.xml#id(Bed002.w.8,132)..id(Bed002.w.8,135)"/>
   </segment>
   <segment nite:id="Bed002.segment.920" starttime="2238.59" endtime="2238.98" participant="fe004" timing-provenance="dialogueact">
      <nite:child href="Bed002.D.words.xml#id(Bed002.w.8,148)..id(Bed002.w.8,151)"/>
   </segment>
   <segment nite:id="Bed002.segment.926" starttime="2254.14" endtime="2254.66" participant="fe004" timing-provenance="dialogueact">
      <nite:child href="Bed002.D.words.xml#id(Bed002.w.8,226)..id(Bed002.w.8,229)"/>
   </segment>
   <segment nite:id="Bed002.segment.927" starttime="2258.05" endtime="2258.86" participant="fe004" timing-provenance="dialogueact">
      <nite:child href="Bed002.D.words.xml#id(Bed002.w.8,230)..id(Bed002.w.8,231)"/>
   </segment>
   <segment nite:id="Bed002.segment.955" starttime="2339.616" endtime="2340.49" participant="fe004" timing-provenance="segment">
      <nite:child href="Bed002.D.words.xml#id(Bed002.vocalsound.73)"/>
   </segment>
   <segment nite:id="Bed002.segment.957" starttime="2341.56" endtime="2342.98" participant="fe004" timing-provenance="dialogueact">
      <nite:child href="Bed002.D.words.xml#id(Bed002.w.8,524)..id(Bed002.w.8,531)"/>
   </segment>
   <segment nite:id="Bed002.segment.960" starttime="2343.5" endtime="2343.89" participant="fe004" timing-provenance="dialogueact">
      <nite:child href="Bed002.D.words.xml#id(Bed002.w.8,538)..id(Bed002.w.8,539)"/>
   </segment>
   <segment nite:id="Bed002.segment.979" starttime="2382.11" endtime="2382.94" participant="fe004" timing-provenance="segment">
      <nite:child href="Bed002.D.words.xml#id(Bed002.vocalsound.74)"/>
   </segment>
   <segment nite:id="Bed002.segment.991" starttime="2403.63" endtime="2407.08" participant="fe004" timing-provenance="segment">
      <nite:child href="Bed002.D.words.xml#id(Bed002.w.8,771)..id(Bed002.disfmarker.255)"/>
   </segment>
   <segment nite:id="Bed002.segment.992" starttime="2407.2" endtime="2410.252" participant="fe004" timing-provenance="segment">
      <nite:child href="Bed002.D.words.xml#id(Bed002.w.8,778)..id(Bed002.disfmarker.256)"/>
   </segment>
   <segment nite:id="Bed002.segment.996" starttime="2411.85" endtime="2415.03" participant="fe004" timing-provenance="segment">
      <nite:child href="Bed002.D.words.xml#id(Bed002.w.8,814)..id(Bed002.disfmarker.259)"/>
   </segment>
   <segment nite:id="Bed002.segment.999" starttime="2415.247" endtime="2419.22" participant="fe004" timing-provenance="segment">
      <nite:child href="Bed002.D.words.xml#id(Bed002.w.8,834)..id(Bed002.disfmarker.260)"/>
   </segment>
   <segment nite:id="Bed002.segment.1,003" starttime="2419.54" endtime="2420.28" participant="fe004" timing-provenance="dialogueact">
      <nite:child href="Bed002.D.words.xml#id(Bed002.w.8,865)..id(Bed002.w.8,866)"/>
   </segment>
   <segment nite:id="Bed002.segment.1,005" starttime="2420.69" endtime="2421.92" participant="fe004" timing-provenance="segment">
      <nite:child href="Bed002.D.words.xml#id(Bed002.w.8,869)..id(Bed002.w.8,872)"/>
   </segment>
   <segment nite:id="Bed002.segment.1,008" starttime="2425.24" endtime="2426.06" participant="fe004" timing-provenance="dialogueact">
      <nite:child href="Bed002.D.words.xml#id(Bed002.w.8,889)..id(Bed002.w.8,891)"/>
   </segment>
   <segment nite:id="Bed002.segment.1,015" starttime="2436.88" endtime="2437.23" participant="fe004" timing-provenance="dialogueact">
      <nite:child href="Bed002.D.words.xml#id(Bed002.w.8,941)..id(Bed002.w.8,944)"/>
   </segment>
   <segment nite:id="Bed002.segment.1,017" starttime="2442.01" endtime="2445.56" participant="fe004" timing-provenance="dialogueact">
      <nite:child href="Bed002.D.words.xml#id(Bed002.w.8,953)..id(Bed002.w.8,968)"/>
   </segment>
   <segment nite:id="Bed002.segment.1,020" starttime="2448.404" endtime="2449.715" participant="fe004" timing-provenance="segment">
      <nite:child href="Bed002.D.words.xml#id(Bed002.w.9,002)..id(Bed002.vocalsound.77)"/>
   </segment>
   <segment nite:id="Bed002.segment.1,022" starttime="2454.43" endtime="2455.07" participant="fe004" timing-provenance="dialogueact">
      <nite:child href="Bed002.D.words.xml#id(Bed002.w.9,025)..id(Bed002.w.9,028)"/>
   </segment>
   <segment nite:id="Bed002.segment.1,023" starttime="2456.61" endtime="2456.84" participant="fe004" timing-provenance="dialogueact">
      <nite:child href="Bed002.D.words.xml#id(Bed002.w.9,029)..id(Bed002.w.9,032)"/>
   </segment>
   <segment nite:id="Bed002.segment.1,024" starttime="2457.07" endtime="2460.23" participant="fe004" timing-provenance="segment">
      <nite:child href="Bed002.D.words.xml#id(Bed002.w.9,033)..id(Bed002.disfmarker.270)"/>
   </segment>
   <segment nite:id="Bed002.segment.1,025" starttime="2461.05" endtime="2464.86" participant="fe004" timing-provenance="dialogueact">
      <nite:child href="Bed002.D.words.xml#id(Bed002.w.9,040)..id(Bed002.w.9,067)"/>
   </segment>
   <segment nite:id="Bed002.segment.1,026" starttime="2464.985" endtime="2467.921" participant="fe004" timing-provenance="segment">
      <nite:child href="Bed002.D.words.xml#id(Bed002.w.9,068)..id(Bed002.disfmarker.273)"/>
   </segment>
   <segment nite:id="Bed002.segment.1,027" starttime="2468.09" endtime="2471.3" participant="fe004" timing-provenance="dialogueact">
      <nite:child href="Bed002.D.words.xml#id(Bed002.w.9,079)..id(Bed002.w.9,097)"/>
   </segment>
   <segment nite:id="Bed002.segment.1,028" starttime="2472.327" endtime="2474.62" participant="fe004" timing-provenance="segment">
      <nite:child href="Bed002.D.words.xml#id(Bed002.w.9,098)..id(Bed002.comment.162)"/>
   </segment>
   <segment nite:id="Bed002.segment.1,030" starttime="2476.37" endtime="2478.96" participant="fe004" timing-provenance="dialogueact">
      <nite:child href="Bed002.D.words.xml#id(Bed002.w.9,114)..id(Bed002.w.9,133)"/>
   </segment>
   <segment nite:id="Bed002.segment.1,032" starttime="2479.89" endtime="2480.79" participant="fe004" timing-provenance="dialogueact">
      <nite:child href="Bed002.D.words.xml#id(Bed002.w.9,155)..id(Bed002.w.9,159)"/>
   </segment>
   <segment nite:id="Bed002.segment.1,033" starttime="2482.86" endtime="2484.02" participant="fe004" timing-provenance="dialogueact">
      <nite:child href="Bed002.D.words.xml#id(Bed002.w.9,160)..id(Bed002.w.9,167)"/>
   </segment>
   <segment nite:id="Bed002.segment.1,038" starttime="2492.29" endtime="2492.44" participant="fe004" timing-provenance="dialogueact">
      <nite:child href="Bed002.D.words.xml#id(Bed002.w.9,218)..id(Bed002.w.9,219)"/>
   </segment>
   <segment nite:id="Bed002.segment.1,039" starttime="2494.27" endtime="2495.15" participant="fe004" timing-provenance="dialogueact">
      <nite:child href="Bed002.D.words.xml#id(Bed002.w.9,220)..id(Bed002.w.9,223)"/>
   </segment>
   <segment nite:id="Bed002.segment.1,044" starttime="2515.684" endtime="2516.951" participant="fe004" timing-provenance="segment">
      <nite:child href="Bed002.D.words.xml#id(Bed002.vocalsound.79)"/>
   </segment>
   <segment nite:id="Bed002.segment.1,045" starttime="2518.19" endtime="2520.95" participant="fe004" timing-provenance="dialogueact">
      <nite:child href="Bed002.D.words.xml#id(Bed002.w.9,319)..id(Bed002.w.9,332)"/>
   </segment>
   <segment nite:id="Bed002.segment.1,046" starttime="2520.95" endtime="2521.61" participant="fe004" timing-provenance="dialogueact">
      <nite:child href="Bed002.D.words.xml#id(Bed002.w.9,333)..id(Bed002.w.9,334)"/>
   </segment>
   <segment nite:id="Bed002.segment.1,047" starttime="2521.96" endtime="2527.98" participant="fe004" timing-provenance="dialogueact">
      <nite:child href="Bed002.D.words.xml#id(Bed002.w.9,335)..id(Bed002.w.9,362)"/>
   </segment>
   <segment nite:id="Bed002.segment.1,049" starttime="2528.187" endtime="2530.336" participant="fe004" timing-provenance="segment">
      <nite:child href="Bed002.D.words.xml#id(Bed002.w.9,367)..id(Bed002.disfmarker.285)"/>
   </segment>
   <segment nite:id="Bed002.segment.1,054" starttime="2535.56" endtime="2535.8" participant="fe004" timing-provenance="dialogueact">
      <nite:child href="Bed002.D.words.xml#id(Bed002.w.9,418)..id(Bed002.w.9,421)"/>
   </segment>
   <segment nite:id="Bed002.segment.1,059" starttime="2553.39" endtime="2555.54" participant="fe004" timing-provenance="dialogueact">
      <nite:child href="Bed002.D.words.xml#id(Bed002.w.9,468)..id(Bed002.w.9,478)"/>
   </segment>
   <segment nite:id="Bed002.segment.1,062" starttime="2557.91" endtime="2563.06" participant="fe004" timing-provenance="dialogueact">
      <nite:child href="Bed002.D.words.xml#id(Bed002.w.9,489)..id(Bed002.w.9,512)"/>
   </segment>
   <segment nite:id="Bed002.segment.1,063" starttime="2563.74" endtime="2565.32" participant="fe004" timing-provenance="dialogueact">
      <nite:child href="Bed002.D.words.xml#id(Bed002.w.9,513)..id(Bed002.w.9,523)"/>
   </segment>
   <segment nite:id="Bed002.segment.1,066" starttime="2566.2" endtime="2570.04" participant="fe004" timing-provenance="dialogueact">
      <nite:child href="Bed002.D.words.xml#id(Bed002.w.9,530)..id(Bed002.w.9,551)"/>
   </segment>
   <segment nite:id="Bed002.segment.1,068" starttime="2571.36" endtime="2572.73" participant="fe004" timing-provenance="dialogueact">
      <nite:child href="Bed002.D.words.xml#id(Bed002.w.9,554)..id(Bed002.w.9,559)"/>
   </segment>
   <segment nite:id="Bed002.segment.1,075" starttime="2592.3" endtime="2592.86" participant="fe004" timing-provenance="dialogueact">
      <nite:child href="Bed002.D.words.xml#id(Bed002.w.9,646)..id(Bed002.w.9,649)"/>
   </segment>
   <segment nite:id="Bed002.segment.1,079" starttime="2604.27" endtime="2604.73" participant="fe004" timing-provenance="dialogueact">
      <nite:child href="Bed002.D.words.xml#id(Bed002.w.9,674)..id(Bed002.w.9,677)"/>
   </segment>
   <segment nite:id="Bed002.segment.1,081" starttime="2605.94" endtime="2606.79" participant="fe004" timing-provenance="dialogueact">
      <nite:child href="Bed002.D.words.xml#id(Bed002.w.9,686)..id(Bed002.w.9,687)"/>
   </segment>
   <segment nite:id="Bed002.segment.1,084" starttime="2609.99" endtime="2610.29" participant="fe004" timing-provenance="dialogueact">
      <nite:child href="Bed002.D.words.xml#id(Bed002.w.9,718)..id(Bed002.w.9,719)"/>
   </segment>
   <segment nite:id="Bed002.segment.1,085" starttime="2614.43" endtime="2618.31" participant="fe004" timing-provenance="dialogueact">
      <nite:child href="Bed002.D.words.xml#id(Bed002.w.9,720)..id(Bed002.w.9,744)"/>
   </segment>
   <segment nite:id="Bed002.segment.1,086" starttime="2619.17" endtime="2625.13" participant="fe004" timing-provenance="dialogueact">
      <nite:child href="Bed002.D.words.xml#id(Bed002.w.9,745)..id(Bed002.w.9,768)"/>
   </segment>
   <segment nite:id="Bed002.segment.1,087" starttime="2625.271" endtime="2627.469" participant="fe004" timing-provenance="segment">
      <nite:child href="Bed002.D.words.xml#id(Bed002.w.9,769)..id(Bed002.vocalsound.81)"/>
   </segment>
   <segment nite:id="Bed002.segment.1,088" starttime="2627.469" endtime="2630.983" participant="fe004" timing-provenance="segment">
      <nite:child href="Bed002.D.words.xml#id(Bed002.w.9,775)..id(Bed002.disfmarker.293)"/>
   </segment>
   <segment nite:id="Bed002.segment.1,089" starttime="2630.72" endtime="2632.99" participant="fe004" timing-provenance="dialogueact">
      <nite:child href="Bed002.D.words.xml#id(Bed002.w.9,793)..id(Bed002.w.9,800)"/>
   </segment>
   <segment nite:id="Bed002.segment.1,090" starttime="2633.37" endtime="2636.85" participant="fe004" timing-provenance="dialogueact">
      <nite:child href="Bed002.D.words.xml#id(Bed002.w.9,801)..id(Bed002.w.9,814)"/>
   </segment>
   <segment nite:id="Bed002.segment.1,091" starttime="2637.106" endtime="2638.114" participant="fe004" timing-provenance="segment">
      <nite:child href="Bed002.D.words.xml#id(Bed002.w.9,815)..id(Bed002.disfmarker.296)"/>
   </segment>
   <segment nite:id="Bed002.segment.1,092" starttime="2638.51" endtime="2641.57" participant="fe004" timing-provenance="segment">
      <nite:child href="Bed002.D.words.xml#id(Bed002.w.9,818)..id(Bed002.disfmarker.297)"/>
   </segment>
   <segment nite:id="Bed002.segment.1,096" starttime="2647.58" endtime="2650.7" participant="fe004" timing-provenance="segment">
      <nite:child href="Bed002.D.words.xml#id(Bed002.w.9,864)..id(Bed002.disfmarker.299)"/>
   </segment>
   <segment nite:id="Bed002.segment.1,098" starttime="2651.41" endtime="2653.67" participant="fe004" timing-provenance="segment">
      <nite:child href="Bed002.D.words.xml#id(Bed002.w.9,892)..id(Bed002.disfmarker.302)"/>
   </segment>
   <segment nite:id="Bed002.segment.1,100" starttime="2653.77" endtime="2654.01" participant="fe004" timing-provenance="dialogueact">
      <nite:child href="Bed002.D.words.xml#id(Bed002.w.9,911)..id(Bed002.w.9,912)"/>
   </segment>
   <segment nite:id="Bed002.segment.1,101" starttime="2655.51" endtime="2655.76" participant="fe004" timing-provenance="dialogueact">
      <nite:child href="Bed002.D.words.xml#id(Bed002.w.9,913)..id(Bed002.w.9,914)"/>
   </segment>
   <segment nite:id="Bed002.segment.1,104" starttime="2657.49" endtime="2657.75" participant="fe004" timing-provenance="dialogueact">
      <nite:child href="Bed002.D.words.xml#id(Bed002.w.9,932)..id(Bed002.w.9,933)"/>
   </segment>
   <segment nite:id="Bed002.segment.1,105" starttime="2659.67" endtime="2660.6" participant="fe004" timing-provenance="dialogueact">
      <nite:child href="Bed002.D.words.xml#id(Bed002.w.9,934)..id(Bed002.w.9,937)"/>
   </segment>
   <segment nite:id="Bed002.segment.1,107" starttime="2661.264" endtime="2664.2" participant="fe004" timing-provenance="segment">
      <nite:child href="Bed002.D.words.xml#id(Bed002.vocalsound.82)"/>
   </segment>
   <segment nite:id="Bed002.segment.1,122" starttime="2709.79" endtime="2713.42" participant="fe004" timing-provenance="segment">
      <nite:child href="Bed002.D.words.xml#id(Bed002.w.10,085)..id(Bed002.disfmarker.304)"/>
   </segment>
   <segment nite:id="Bed002.segment.1,125" starttime="2715.49" endtime="2715.7" participant="fe004" timing-provenance="dialogueact">
      <nite:child href="Bed002.D.words.xml#id(Bed002.w.10,122)..id(Bed002.w.10,128)"/>
   </segment>
   <segment nite:id="Bed002.segment.1,128" starttime="2717.156" endtime="2717.949" participant="fe004" timing-provenance="segment">
      <nite:child href="Bed002.D.words.xml#id(Bed002.vocalsound.84)"/>
   </segment>
   <segment nite:id="Bed002.segment.1,130" starttime="2718.52" endtime="2718.84" participant="fe004" timing-provenance="dialogueact">
      <nite:child href="Bed002.D.words.xml#id(Bed002.w.10,134)..id(Bed002.w.10,135)"/>
   </segment>
   <segment nite:id="Bed002.segment.1,135" starttime="2727.7" endtime="2728.23" participant="fe004" timing-provenance="dialogueact">
      <nite:child href="Bed002.D.words.xml#id(Bed002.w.10,173)..id(Bed002.w.10,176)"/>
   </segment>
   <segment nite:id="Bed002.segment.1,137" starttime="2730.78" endtime="2731.03" participant="fe004" timing-provenance="dialogueact">
      <nite:child href="Bed002.D.words.xml#id(Bed002.w.10,190)..id(Bed002.w.10,193)"/>
   </segment>
   <segment nite:id="Bed002.segment.1,140" starttime="2732.85" endtime="2733.62" participant="fe004" timing-provenance="dialogueact">
      <nite:child href="Bed002.D.words.xml#id(Bed002.w.10,208)..id(Bed002.w.10,211)"/>
   </segment>
   <segment nite:id="Bed002.segment.1,142" starttime="2738.13" endtime="2738.59" participant="fe004" timing-provenance="dialogueact">
      <nite:child href="Bed002.D.words.xml#id(Bed002.w.10,223)..id(Bed002.w.10,226)"/>
   </segment>
   <segment nite:id="Bed002.segment.1,144" starttime="2740.52" endtime="2740.93" participant="fe004" timing-provenance="dialogueact">
      <nite:child href="Bed002.D.words.xml#id(Bed002.w.10,238)..id(Bed002.w.10,241)"/>
   </segment>
   <segment nite:id="Bed002.segment.1,146" starttime="2742.79" endtime="2745.35" participant="fe004" timing-provenance="dialogueact">
      <nite:child href="Bed002.D.words.xml#id(Bed002.w.10,245)..id(Bed002.w.10,256)"/>
   </segment>
   <segment nite:id="Bed002.segment.1,148" starttime="2745.95" endtime="2747.64" participant="fe004" timing-provenance="segment">
      <nite:child href="Bed002.D.words.xml#id(Bed002.vocalsound.85)..id(Bed002.comment.165)"/>
   </segment>
   <segment nite:id="Bed002.segment.1,150" starttime="2747.871" endtime="2748.628" participant="fe004" timing-provenance="segment">
      <nite:child href="Bed002.D.words.xml#id(Bed002.vocalsound.87)"/>
   </segment>
   <segment nite:id="Bed002.segment.1,152" starttime="2750.322" endtime="2755.35" participant="fe004" timing-provenance="segment">
      <nite:child href="Bed002.D.words.xml#id(Bed002.w.10,283)..id(Bed002.vocalsound.89)"/>
   </segment>
   <segment nite:id="Bed002.segment.1,160" starttime="2757.07" endtime="2758.18" participant="fe004" timing-provenance="segment">
      <nite:child href="Bed002.D.words.xml#id(Bed002.vocalsound.94)"/>
   </segment>
   <segment nite:id="Bed002.segment.1,263" starttime="3054.73" endtime="3055.37" participant="fe004" timing-provenance="dialogueact">
      <nite:child href="Bed002.D.words.xml#id(Bed002.w.11,426)..id(Bed002.w.11,429)"/>
   </segment>
   <segment nite:id="Bed002.segment.1,264" starttime="3055.84" endtime="3057.92" participant="fe004" timing-provenance="dialogueact">
      <nite:child href="Bed002.D.words.xml#id(Bed002.w.11,430)..id(Bed002.w.11,439)"/>
   </segment>
   <segment nite:id="Bed002.segment.1,266" starttime="3058.4" endtime="3061.78" participant="fe004" timing-provenance="dialogueact">
      <nite:child href="Bed002.D.words.xml#id(Bed002.w.11,442)..id(Bed002.w.11,454)"/>
   </segment>
   <segment nite:id="Bed002.segment.1,373" starttime="3327.437" endtime="3328.83" participant="fe004" timing-provenance="segment">
      <nite:child href="Bed002.D.words.xml#id(Bed002.nonvocalsound.64)..id(Bed002.vocalsound.103)"/>
   </segment>
   <segment nite:id="Bed002.segment.1,375" starttime="3328.998" endtime="3329.81" participant="fe004" timing-provenance="segment">
      <nite:child href="Bed002.D.words.xml#id(Bed002.vocalsound.105)"/>
   </segment>
   <segment nite:id="Bed002.segment.1,389" starttime="3361.46" endtime="3362.91" participant="fe004" timing-provenance="segment">
      <nite:child href="Bed002.D.words.xml#id(Bed002.vocalsound.107)"/>
   </segment>
   <segment nite:id="Bed002.segment.1,454" starttime="3491.372" endtime="3492.267" participant="fe004" timing-provenance="segment">
      <nite:child href="Bed002.D.words.xml#id(Bed002.vocalsound.112)"/>
   </segment>
   <segment nite:id="Bed002.segment.1,455" starttime="3493.29" endtime="3496.63" participant="fe004" timing-provenance="segment">
      <nite:child href="Bed002.D.words.xml#id(Bed002.vocalsound.113)"/>
   </segment>
   <segment nite:id="Bed002.segment.1,458" starttime="3496.98" endtime="3498.859" participant="fe004" timing-provenance="segment">
      <nite:child href="Bed002.D.words.xml#id(Bed002.vocalsound.116)"/>
   </segment>
   <segment nite:id="Bed002.segment.1,491" starttime="3591.937" endtime="3592.986" participant="fe004" timing-provenance="segment">
      <nite:child href="Bed002.D.words.xml#id(Bed002.vocalsound.121)"/>
   </segment>
   <segment nite:id="Bed002.segment.1,514" starttime="3653.111" endtime="3657.11" participant="fe004" timing-provenance="segment">
      <nite:child href="Bed002.D.words.xml#id(Bed002.vocalsound.125)"/>
   </segment>
   <segment nite:id="Bed002.segment.1,521" starttime="3665.93" endtime="3666.9" participant="fe004" timing-provenance="segment">
      <nite:child href="Bed002.D.words.xml#id(Bed002.w.13,749)..id(Bed002.comment.186)"/>
   </segment>
   <segment nite:id="Bed002.segment.1,522" starttime="3668.157" endtime="3669.09" participant="fe004" timing-provenance="segment">
      <nite:child href="Bed002.D.words.xml#id(Bed002.vocalsound.129)"/>
   </segment>
   <segment nite:id="Bed002.segment.1,527" starttime="3680.31" endtime="3681.08" participant="fe004" timing-provenance="dialogueact">
      <nite:child href="Bed002.D.words.xml#id(Bed002.w.13,796)..id(Bed002.w.13,797)"/>
   </segment>
   <segment nite:id="Bed002.segment.1,528" starttime="3682.6" endtime="3683.3" participant="fe004" timing-provenance="dialogueact">
      <nite:child href="Bed002.D.words.xml#id(Bed002.w.13,798)..id(Bed002.w.13,801)"/>
   </segment>
   <segment nite:id="Bed002.segment.1,537" starttime="3701.05" endtime="3701.49" participant="fe004" timing-provenance="dialogueact">
      <nite:child href="Bed002.D.words.xml#id(Bed002.w.13,871)..id(Bed002.w.13,874)"/>
   </segment>
   <segment nite:id="Bed002.segment.1,542" starttime="3708.977" endtime="3710.004" participant="fe004" timing-provenance="segment">
      <nite:child href="Bed002.D.words.xml#id(Bed002.w.13,904)..id(Bed002.comment.187)"/>
   </segment>
   <segment nite:id="Bed002.segment.1,551" starttime="3735.914" endtime="3738.54" participant="fe004" timing-provenance="segment">
      <nite:child href="Bed002.D.words.xml#id(Bed002.w.13,949)..id(Bed002.vocalsound.133)"/>
   </segment>
   <segment nite:id="Bed002.segment.1,554" starttime="3738.68" endtime="3739.42" participant="fe004" timing-provenance="segment">
      <nite:child href="Bed002.D.words.xml#id(Bed002.w.13,962)..id(Bed002.comment.188)"/>
   </segment>
   <segment nite:id="Bed002.segment.1,557" starttime="3740.77" endtime="3741.14" participant="fe004" timing-provenance="dialogueact">
      <nite:child href="Bed002.D.words.xml#id(Bed002.w.13,973)..id(Bed002.w.13,974)"/>
   </segment>
   <segment nite:id="Bed002.segment.1,558" starttime="3742.17" endtime="3747.98" participant="fe004" timing-provenance="dialogueact">
      <nite:child href="Bed002.D.words.xml#id(Bed002.w.13,975)..id(Bed002.w.14,007)"/>
   </segment>
   <segment nite:id="Bed002.segment.1,559" starttime="3749.26" endtime="3751.59" participant="fe004" timing-provenance="dialogueact">
      <nite:child href="Bed002.D.words.xml#id(Bed002.w.14,008)..id(Bed002.w.14,019)"/>
   </segment>
   <segment nite:id="Bed002.segment.1,560" starttime="3751.791" endtime="3754.72" participant="fe004" timing-provenance="segment">
      <nite:child href="Bed002.D.words.xml#id(Bed002.w.14,020)..id(Bed002.disfmarker.439)"/>
   </segment>
   <segment nite:id="Bed002.segment.1,562" starttime="3755.03" endtime="3756.5" participant="fe004" timing-provenance="dialogueact">
      <nite:child href="Bed002.D.words.xml#id(Bed002.w.14,041)..id(Bed002.w.14,049)"/>
   </segment>
   <segment nite:id="Bed002.segment.1,563" starttime="3756.83" endtime="3759.18" participant="fe004" timing-provenance="dialogueact">
      <nite:child href="Bed002.D.words.xml#id(Bed002.w.14,050)..id(Bed002.w.14,058)"/>
   </segment>
   <segment nite:id="Bed002.segment.1,566" starttime="3767.2" endtime="3767.56" participant="fe004" timing-provenance="dialogueact">
      <nite:child href="Bed002.D.words.xml#id(Bed002.w.14,109)..id(Bed002.w.14,110)"/>
   </segment>
   <segment nite:id="Bed002.segment.1,567" starttime="3768.46" endtime="3768.75" participant="fe004" timing-provenance="dialogueact">
      <nite:child href="Bed002.D.words.xml#id(Bed002.w.14,111)..id(Bed002.w.14,112)"/>
   </segment>
   <segment nite:id="Bed002.segment.1,570" starttime="3774.14" endtime="3774.56" participant="fe004" timing-provenance="dialogueact">
      <nite:child href="Bed002.D.words.xml#id(Bed002.w.14,145)..id(Bed002.w.14,148)"/>
   </segment>
   <segment nite:id="Bed002.segment.1,572" starttime="3781.09" endtime="3781.62" participant="fe004" timing-provenance="dialogueact">
      <nite:child href="Bed002.D.words.xml#id(Bed002.w.14,153)..id(Bed002.w.14,156)"/>
   </segment>
   <segment nite:id="Bed002.segment.1,574" starttime="3784.24" endtime="3784.61" participant="fe004" timing-provenance="dialogueact">
      <nite:child href="Bed002.D.words.xml#id(Bed002.w.14,175)..id(Bed002.w.14,178)"/>
   </segment>
   <segment nite:id="Bed002.segment.1,599" starttime="3832.98" endtime="3833.86" participant="fe004" timing-provenance="dialogueact">
      <nite:child href="Bed002.D.words.xml#id(Bed002.w.14,327)..id(Bed002.w.14,332)"/>
   </segment>
   <segment nite:id="Bed002.segment.1,600" starttime="3834.97" endtime="3835.88" participant="fe004" timing-provenance="segment">
      <nite:child href="Bed002.D.words.xml#id(Bed002.vocalsound.144)"/>
   </segment>
</nite:root>