<?xml version="1.0" encoding="ISO-8859-1" standalone="yes"?>
<nite:root nite:id="ES2005a.C.words" xmlns:nite="http://nite.sourceforge.net/">
   <w nite:id="ES2005a.C.words0" starttime="0.08" endtime="0.74">Uh</w>
   <w nite:id="ES2005a.C.words1" starttime="0.74" endtime="0.74" punc="true">,</w>
   <w nite:id="ES2005a.C.words2" starttime="0.74" endtime="1.08">making</w>
   <w nite:id="ES2005a.C.words3" starttime="1.08" endtime="1.17">a</w>
   <w nite:id="ES2005a.C.words4" starttime="1.17" endtime="1.62">profit</w>
   <w nite:id="ES2005a.C.words5" starttime="1.62" endtime="1.7">of</w>
   <w nite:id="ES2005a.C.words6" starttime="1.7" endtime="2.06">fifty</w>
   <w nite:id="ES2005a.C.words7" starttime="2.06" endtime="2.41">million</w>
   <w nite:id="ES2005a.C.words8" starttime="2.41" endtime="4.8">Euros</w>
   <w nite:id="ES2005a.C.words9" starttime="4.8" endtime="4.8" punc="true">.</w>
   <vocalsound nite:id="ES2005a.C.words10" starttime="4.8" endtime="4.8" type="laugh"/>
   <w nite:id="ES2005a.C.words11" starttime="4.8" endtime="5.28">So</w>
   <w nite:id="ES2005a.C.words12" starttime="5.28" endtime="5.28" punc="true">,</w>
   <w nite:id="ES2005a.C.words13" starttime="5.28" endtime="5.51">it&#39;s</w>
   <w nite:id="ES2005a.C.words14" starttime="5.51" endtime="5.76" trunc="true">go</w>
   <w nite:id="ES2005a.C.words15" starttime="5.76" endtime="6.06">gonna</w>
   <w nite:id="ES2005a.C.words16" starttime="6.06" endtime="6.22">have</w>
   <w nite:id="ES2005a.C.words17" starttime="6.22" endtime="6.3">to</w>
   <w nite:id="ES2005a.C.words18" starttime="6.3" endtime="6.4">be</w>
   <w nite:id="ES2005a.C.words19" starttime="6.4" endtime="6.46">be</w>
   <w nite:id="ES2005a.C.words20" starttime="6.46" endtime="6.69">pretty</w>
   <w nite:id="ES2005a.C.words21" starttime="6.69" endtime="6.94">damn</w>
   <w nite:id="ES2005a.C.words22" starttime="6.94" endtime="8.73">trendy</w>
   <w nite:id="ES2005a.C.words23" starttime="8.73" endtime="8.73" punc="true">.</w>
   <vocalsound nite:id="ES2005a.C.words24" starttime="8.73" endtime="9.088" type="other"/>
   <w nite:id="ES2005a.C.words25" starttime="10.96" endtime="11.75">Yeah</w>
   <w nite:id="ES2005a.C.words26" starttime="11.75" endtime="11.75" punc="true">.</w>
   <w nite:id="ES2005a.C.words27" starttime="11.75" endtime="12.09">Yeah</w>
   <w nite:id="ES2005a.C.words28" starttime="12.09" endtime="12.09" punc="true">.</w>
   <w nite:id="ES2005a.C.words29" starttime="13.78" endtime="14.0">Yeah</w>
   <w nite:id="ES2005a.C.words30" starttime="14.0" endtime="14.0" punc="true">,</w>
   <w nite:id="ES2005a.C.words31" starttime="14.0" endtime="14.03">I</w>
   <w nite:id="ES2005a.C.words32" starttime="14.03" endtime="14.18">was</w>
   <w nite:id="ES2005a.C.words33" starttime="14.18" endtime="14.43">thinking</w>
   <w nite:id="ES2005a.C.words34" starttime="14.43" endtime="14.59">that</w>
   <w nite:id="ES2005a.C.words35" starttime="14.59" endtime="14.68">as</w>
   <w nite:id="ES2005a.C.words36" starttime="14.68" endtime="14.9">well</w>
   <w nite:id="ES2005a.C.words37" starttime="14.9" endtime="14.9" punc="true">,</w>
   <w nite:id="ES2005a.C.words38" starttime="14.9" endtime="14.93">I</w>
   <w nite:id="ES2005a.C.words39" starttime="14.93" endtime="15.14">think</w>
   <w nite:id="ES2005a.C.words40" starttime="15.14" endtime="15.42">the</w>
   <w nite:id="ES2005a.C.words41" starttime="15.42" endtime="15.51">the</w>
   <w nite:id="ES2005a.C.words42" starttime="15.51" endtime="15.73">only</w>
   <w nite:id="ES2005a.C.words43" starttime="15.73" endtime="15.98">ones</w>
   <w nite:id="ES2005a.C.words44" starttime="15.98" endtime="16.09">that</w>
   <w nite:id="ES2005a.C.words45" starttime="16.09" endtime="16.19">I&#39;ve</w>
   <w nite:id="ES2005a.C.words46" starttime="16.19" endtime="17.13">seen</w>
   <w nite:id="ES2005a.C.words47" starttime="17.13" endtime="17.24">that</w>
   <w nite:id="ES2005a.C.words48" starttime="17.24" endtime="17.34">you</w>
   <w nite:id="ES2005a.C.words49" starttime="17.34" endtime="17.98">buy</w>
   <w nite:id="ES2005a.C.words50" starttime="17.98" endtime="18.28">are</w>
   <w nite:id="ES2005a.C.words51" starttime="18.28" endtime="18.5">the</w>
   <w nite:id="ES2005a.C.words52" starttime="18.5" endtime="18.73">sort</w>
   <w nite:id="ES2005a.C.words53" starttime="18.73" endtime="18.95">of</w>
   <w nite:id="ES2005a.C.words54" starttime="18.95" endtime="19.15">one</w>
   <w nite:id="ES2005a.C.words55" starttime="19.15" endtime="19.36">for</w>
   <w nite:id="ES2005a.C.words56" starttime="19.36" endtime="19.59">all</w>
   <w nite:id="ES2005a.C.words57" starttime="19.59" endtime="19.89">type</w>
   <w nite:id="ES2005a.C.words58" starttime="19.89" endtime="20.42">things</w>
   <w nite:id="ES2005a.C.words59" starttime="20.42" endtime="20.55">where</w>
   <w nite:id="ES2005a.C.words60" starttime="20.55" endtime="21.45">they&#39;re</w>
   <w nite:id="ES2005a.C.words61" starttime="21.45" endtime="21.45" punc="true">,</w>
   <w nite:id="ES2005a.C.words62" starttime="21.45" endtime="22.49">yeah</w>
   <w nite:id="ES2005a.C.words63" starttime="22.49" endtime="22.49" punc="true">.</w>
   <w nite:id="ES2005a.C.words64" starttime="22.49" endtime="22.64">So</w>
   <w nite:id="ES2005a.C.words65" starttime="22.64" endtime="23.41">presumably</w>
   <w nite:id="ES2005a.C.words66" starttime="23.41" endtime="23.6">that</w>
   <w nite:id="ES2005a.C.words67" starttime="23.6" endtime="23.86">might</w>
   <w nite:id="ES2005a.C.words68" starttime="23.86" endtime="23.98">be</w>
   <w nite:id="ES2005a.C.words69" starttime="23.98" endtime="24.07">an</w>
   <w nite:id="ES2005a.C.words70" starttime="24.07" endtime="24.62">idea</w>
   <w nite:id="ES2005a.C.words71" starttime="24.62" endtime="24.97">to</w>
   <w nite:id="ES2005a.C.words72" starttime="26.18" endtime="26.28">put</w>
   <w nite:id="ES2005a.C.words73" starttime="26.28" endtime="26.87">into</w>
   <w nite:id="ES2005a.C.words74" starttime="26.87" endtime="26.87" punc="true">.</w>
   <w nite:id="ES2005a.C.words75" starttime="30.77" endtime="31.49">Yeah</w>
   <w nite:id="ES2005a.C.words76" starttime="31.49" endtime="31.49" punc="true">,</w>
   <w nite:id="ES2005a.C.words77" starttime="31.49" endtime="31.86">yeah</w>
   <w nite:id="ES2005a.C.words78" starttime="31.86" endtime="31.86" punc="true">.</w>
   <w nite:id="ES2005a.C.words79" starttime="31.86" endtime="32.08">Uh</w>
   <w nite:id="ES2005a.C.words80" starttime="32.08" endtime="32.49">&#39;cause</w>
   <w nite:id="ES2005a.C.words81" starttime="32.49" endtime="32.52">I</w>
   <w nite:id="ES2005a.C.words82" starttime="32.52" endtime="32.71">mean</w>
   <w nite:id="ES2005a.C.words83" starttime="32.71" endtime="32.71" punc="true">,</w>
   <w nite:id="ES2005a.C.words84" starttime="32.71" endtime="33.09">what</w>
   <disfmarker nite:id="ES2005a.C.words85" starttime="33.09" endtime="33.09"/>
   <w nite:id="ES2005a.C.words86" starttime="33.09" endtime="33.31">uh</w>
   <w nite:id="ES2005a.C.words87" starttime="33.31" endtime="33.54">twenty</w>
   <w nite:id="ES2005a.C.words88" starttime="33.54" endtime="33.73">five</w>
   <w nite:id="ES2005a.C.words89" starttime="33.73" endtime="33.99">Euros</w>
   <w nite:id="ES2005a.C.words90" starttime="33.99" endtime="33.99" punc="true">,</w>
   <w nite:id="ES2005a.C.words91" starttime="33.99" endtime="34.16">that&#39;s</w>
   <w nite:id="ES2005a.C.words92" starttime="34.16" endtime="34.46">about</w>
   <w nite:id="ES2005a.C.words93" starttime="35.94" endtime="35.98">I</w>
   <w nite:id="ES2005a.C.words94" starttime="35.98" endtime="36.39">dunno</w>
   <w nite:id="ES2005a.C.words95" starttime="36.39" endtime="36.39" punc="true">,</w>
   <w nite:id="ES2005a.C.words96" starttime="36.39" endtime="36.78">fifteen</w>
   <w nite:id="ES2005a.C.words97" starttime="36.78" endtime="37.13">Pounds</w>
   <w nite:id="ES2005a.C.words98" starttime="37.13" endtime="37.2">or</w>
   <w nite:id="ES2005a.C.words99" starttime="37.2" endtime="37.42">so</w>
   <w nite:id="ES2005a.C.words100" starttime="37.42" endtime="37.42" punc="true">?</w>
   <w nite:id="ES2005a.C.words101" starttime="38.66" endtime="38.78">And</w>
   <w nite:id="ES2005a.C.words102" starttime="38.78" endtime="38.94">that&#39;s</w>
   <w nite:id="ES2005a.C.words103" starttime="38.94" endtime="39.23">quite</w>
   <w nite:id="ES2005a.C.words104" starttime="39.23" endtime="39.29">a</w>
   <w nite:id="ES2005a.C.words105" starttime="39.29" endtime="39.56">lot</w>
   <w nite:id="ES2005a.C.words106" starttime="39.56" endtime="39.65">for</w>
   <w nite:id="ES2005a.C.words107" starttime="39.65" endtime="39.68">a</w>
   <w nite:id="ES2005a.C.words108" starttime="39.68" endtime="39.91">remote</w>
   <w nite:id="ES2005a.C.words109" starttime="39.91" endtime="40.37">control</w>
   <w nite:id="ES2005a.C.words110" starttime="40.37" endtime="40.37" punc="true">.</w>
   <w nite:id="ES2005a.C.words111" starttime="51.19" endtime="51.5">Uh-huh</w>
   <w nite:id="ES2005a.C.words112" starttime="51.5" endtime="51.5" punc="true">.</w>
   <w nite:id="ES2005a.C.words113" starttime="56.08" endtime="56.47">Mm-hmm</w>
   <w nite:id="ES2005a.C.words114" starttime="56.47" endtime="56.47" punc="true">.</w>
   <w nite:id="ES2005a.C.words115" starttime="65.83" endtime="66.08">Okay</w>
   <w nite:id="ES2005a.C.words116" starttime="66.08" endtime="66.08" punc="true">.</w>
   <vocalsound nite:id="ES2005a.C.words117" starttime="71.184" endtime="71.184" type="laugh"/>
   <w nite:id="ES2005a.C.words118" starttime="71.75" endtime="71.86">The</w>
   <w nite:id="ES2005a.C.words119" starttime="71.86" endtime="72.21">the</w>
   <w nite:id="ES2005a.C.words120" starttime="72.21" endtime="72.76">keyrings</w>
   <w nite:id="ES2005a.C.words121" starttime="72.76" endtime="72.76" punc="true">,</w>
   <w nite:id="ES2005a.C.words122" starttime="72.76" endtime="73.57">yeah</w>
   <w nite:id="ES2005a.C.words123" starttime="73.57" endtime="74.58">yeah</w>
   <w nite:id="ES2005a.C.words124" starttime="74.58" endtime="74.58" punc="true">.</w>
   <w nite:id="ES2005a.C.words125" starttime="74.58" endtime="75.23">Okay</w>
   <w nite:id="ES2005a.C.words126" starttime="75.23" endtime="75.23" punc="true">,</w>
   <w nite:id="ES2005a.C.words127" starttime="75.23" endtime="75.39">that&#39;s</w>
   <w nite:id="ES2005a.C.words128" starttime="75.39" endtime="75.66">cool</w>
   <w nite:id="ES2005a.C.words129" starttime="75.66" endtime="75.66" punc="true">.</w>
   <gap nite:id="ES2005a.C.words130" starttime="91.943" endtime="92.949"/>
   <w nite:id="ES2005a.C.words131" starttime="99.12" endtime="99.5">Okay</w>
   <w nite:id="ES2005a.C.words132" starttime="99.5" endtime="99.5" punc="true">.</w>
   <gap nite:id="ES2005a.C.words133" starttime="127.492" endtime="128.194"/>
   <w nite:id="ES2005a.C.words134" starttime="130.88" endtime="131.07">Okay</w>
   <w nite:id="ES2005a.C.words135" starttime="131.07" endtime="131.07" punc="true">.</w>
   <w nite:id="ES2005a.C.words136" starttime="132.27" endtime="132.34">&#39;Kay</w>
   <w nite:id="ES2005a.C.words137" starttime="132.34" endtime="132.34" punc="true">.</w>
   <w nite:id="ES2005a.C.words138" starttime="134.13" endtime="135.14">So</w>
   <w nite:id="ES2005a.C.words139" starttime="135.14" endtime="135.14" punc="true">,</w>
   <w nite:id="ES2005a.C.words140" starttime="135.14" endtime="135.33">we&#39;re</w>
   <w nite:id="ES2005a.C.words141" starttime="135.33" endtime="135.69">looking</w>
   <w nite:id="ES2005a.C.words142" starttime="135.69" endtime="136.23">for</w>
   <disfmarker nite:id="ES2005a.C.words143" starttime="136.23" endtime="136.268"/>
   <gap nite:id="ES2005a.C.words144" starttime="137.2" endtime="137.2"/>
   <w nite:id="ES2005a.C.words145" starttime="139.12" endtime="140.14">&#39;Kay</w>
   <w nite:id="ES2005a.C.words146" starttime="140.14" endtime="140.14" punc="true">.</w>
   <w nite:id="ES2005a.C.words147" starttime="140.14" endtime="140.42">We&#39;re</w>
   <disfmarker nite:id="ES2005a.C.words148" starttime="140.42" endtime="141.056"/>
   <w nite:id="ES2005a.C.words149" starttime="143.92" endtime="144.4">Sorry</w>
   <w nite:id="ES2005a.C.words150" starttime="144.4" endtime="144.4" punc="true">,</w>
   <w nite:id="ES2005a.C.words151" starttime="144.4" endtime="144.54">carry</w>
   <w nite:id="ES2005a.C.words152" starttime="144.54" endtime="144.66">on</w>
   <w nite:id="ES2005a.C.words153" starttime="144.66" endtime="144.66" punc="true">.</w>
   <vocalsound nite:id="ES2005a.C.words154" starttime="144.66" endtime="145.2" type="laugh"/>
   <w nite:id="ES2005a.C.words155" starttime="149.28" endtime="149.6">Mm-hmm</w>
   <w nite:id="ES2005a.C.words156" starttime="149.6" endtime="149.6" punc="true">.</w>
   <w nite:id="ES2005a.C.words157" starttime="151.02" endtime="151.31">Mm-hmm</w>
   <w nite:id="ES2005a.C.words158" starttime="151.31" endtime="151.31" punc="true">.</w>
   <w nite:id="ES2005a.C.words159" starttime="154.71" endtime="155.12">Okay</w>
   <w nite:id="ES2005a.C.words160" starttime="155.12" endtime="155.12" punc="true">.</w>
   <w nite:id="ES2005a.C.words161" starttime="162.73" endtime="163.38">For</w>
   <w nite:id="ES2005a.C.words162" starttime="163.38" endtime="164.92">for</w>
   <w nite:id="ES2005a.C.words163" starttime="164.92" endtime="165.16">uh</w>
   <w nite:id="ES2005a.C.words164" starttime="165.16" endtime="165.52">remember</w>
   <w nite:id="ES2005a.C.words165" starttime="165.52" endtime="165.72">we&#39;re</w>
   <w nite:id="ES2005a.C.words166" starttime="165.72" endtime="165.95">trying</w>
   <w nite:id="ES2005a.C.words167" starttime="165.95" endtime="166.03">to</w>
   <w nite:id="ES2005a.C.words168" starttime="166.03" endtime="166.27">make</w>
   <w nite:id="ES2005a.C.words169" starttime="166.27" endtime="166.35">it</w>
   <w nite:id="ES2005a.C.words170" starttime="166.35" endtime="166.51">for</w>
   <w nite:id="ES2005a.C.words171" starttime="166.51" endtime="166.74">twelve</w>
   <w nite:id="ES2005a.C.words172" starttime="166.74" endtime="166.99">Euros</w>
   <w nite:id="ES2005a.C.words173" starttime="166.99" endtime="168.98">fifty</w>
   <w nite:id="ES2005a.C.words174" starttime="168.98" endtime="168.98" punc="true">.</w>
   <vocalsound nite:id="ES2005a.C.words175" starttime="168.98" endtime="169.104" type="laugh"/>
   <w nite:id="ES2005a.C.words176" starttime="170.44" endtime="170.92">Okay</w>
   <w nite:id="ES2005a.C.words177" starttime="170.92" endtime="171.13">well</w>
   <w nite:id="ES2005a.C.words178" starttime="171.13" endtime="171.36">right</w>
   <w nite:id="ES2005a.C.words179" starttime="171.36" endtime="171.56">we&#39;ll</w>
   <w nite:id="ES2005a.C.words180" starttime="171.56" endtime="171.7">have</w>
   <w nite:id="ES2005a.C.words181" starttime="171.7" endtime="171.84">to</w>
   <w nite:id="ES2005a.C.words182" starttime="171.84" endtime="173.64">um</w>
   <disfmarker nite:id="ES2005a.C.words183" starttime="173.64" endtime="173.64"/>
   <w nite:id="ES2005a.C.words184" starttime="173.64" endtime="173.9">I&#39;ll</w>
   <disfmarker nite:id="ES2005a.C.words185" starttime="173.9" endtime="173.9"/>
   <w nite:id="ES2005a.C.words186" starttime="173.9" endtime="174.11">we&#39;re</w>
   <w nite:id="ES2005a.C.words187" starttime="174.11" endtime="174.21" trunc="true">k</w>
   <w nite:id="ES2005a.C.words188" starttime="174.21" endtime="174.39">having</w>
   <w nite:id="ES2005a.C.words189" starttime="174.39" endtime="174.61">another</w>
   <w nite:id="ES2005a.C.words190" starttime="174.61" endtime="174.81">meeting</w>
   <w nite:id="ES2005a.C.words191" starttime="174.81" endtime="174.89">in</w>
   <w nite:id="ES2005a.C.words192" starttime="174.89" endtime="175.06">half</w>
   <w nite:id="ES2005a.C.words193" starttime="175.06" endtime="175.15">an</w>
   <w nite:id="ES2005a.C.words194" starttime="175.15" endtime="175.58">hour</w>
   <w nite:id="ES2005a.C.words195" starttime="175.58" endtime="176.73">so</w>
   <w nite:id="ES2005a.C.words196" starttime="176.73" endtime="177.98">um</w>
   <w nite:id="ES2005a.C.words197" starttime="177.98" endtime="178.08">we</w>
   <w nite:id="ES2005a.C.words198" starttime="178.08" endtime="178.22">should</w>
   <w nite:id="ES2005a.C.words199" starttime="178.22" endtime="178.65">all</w>
   <w nite:id="ES2005a.C.words200" starttime="178.65" endtime="178.87">look</w>
   <w nite:id="ES2005a.C.words201" starttime="178.87" endtime="179.11">into</w>
   <w nite:id="ES2005a.C.words202" starttime="179.11" endtime="179.18">a</w>
   <w nite:id="ES2005a.C.words203" starttime="179.18" endtime="179.39">bit</w>
   <w nite:id="ES2005a.C.words204" starttime="180.51" endtime="181.7">uh</w>
   <w nite:id="ES2005a.C.words205" starttime="181.7" endtime="181.7" punc="true">,</w>
   <w nite:id="ES2005a.C.words206" starttime="181.7" endtime="181.82">oh</w>
   <w nite:id="ES2005a.C.words207" starttime="181.82" endtime="182.15">actually</w>
   <w nite:id="ES2005a.C.words208" starttime="182.15" endtime="182.15" punc="true">,</w>
   <w nite:id="ES2005a.C.words209" starttime="182.15" endtime="182.31">no</w>
   <w nite:id="ES2005a.C.words210" starttime="182.31" endtime="182.31" punc="true">,</w>
   <w nite:id="ES2005a.C.words211" starttime="182.31" endtime="182.48">we&#39;ll</w>
   <w nite:id="ES2005a.C.words212" starttime="182.48" endtime="182.88">allocate</w>
   <w nite:id="ES2005a.C.words213" starttime="182.88" endtime="182.88" punc="true">.</w>
   <w nite:id="ES2005a.C.words214" starttime="182.88" endtime="183.02">So</w>
   <w nite:id="ES2005a.C.words215" starttime="183.02" endtime="183.45">you</w>
   <w nite:id="ES2005a.C.words216" starttime="183.45" endtime="183.95">do</w>
   <w nite:id="ES2005a.C.words217" starttime="183.95" endtime="184.56">the</w>
   <w nite:id="ES2005a.C.words218" starttime="184.56" endtime="184.79">looking</w>
   <w nite:id="ES2005a.C.words219" starttime="184.79" endtime="185.1">around</w>
   <w nite:id="ES2005a.C.words220" starttime="185.1" endtime="185.32">at</w>
   <w nite:id="ES2005a.C.words221" starttime="185.32" endtime="185.79">other</w>
   <w nite:id="ES2005a.C.words222" starttime="185.79" endtime="186.0">remote</w>
   <w nite:id="ES2005a.C.words223" starttime="186.0" endtime="187.44">controls</w>
   <w nite:id="ES2005a.C.words224" starttime="187.44" endtime="187.44" punc="true">.</w>
   <w nite:id="ES2005a.C.words225" starttime="187.44" endtime="187.92">Um</w>
   <w nite:id="ES2005a.C.words226" starttime="187.92" endtime="187.92" punc="true">,</w>
   <w nite:id="ES2005a.C.words227" starttime="187.92" endtime="188.1">if</w>
   <w nite:id="ES2005a.C.words228" starttime="188.1" endtime="188.28">you</w>
   <w nite:id="ES2005a.C.words229" starttime="188.28" endtime="188.45">could</w>
   <w nite:id="ES2005a.C.words230" starttime="188.45" endtime="188.7">maybe</w>
   <w nite:id="ES2005a.C.words231" starttime="188.7" endtime="188.96">come</w>
   <w nite:id="ES2005a.C.words232" starttime="188.96" endtime="189.22">up</w>
   <w nite:id="ES2005a.C.words233" starttime="189.22" endtime="190.36">with</w>
   <w nite:id="ES2005a.C.words234" starttime="190.36" endtime="190.55">sort</w>
   <w nite:id="ES2005a.C.words235" starttime="190.55" endtime="190.61">of</w>
   <w nite:id="ES2005a.C.words236" starttime="190.61" endtime="191.63">shapes</w>
   <w nite:id="ES2005a.C.words237" starttime="191.63" endtime="192.13">and</w>
   <w nite:id="ES2005a.C.words238" starttime="192.13" endtime="192.67">suggested</w>
   <w nite:id="ES2005a.C.words239" starttime="192.67" endtime="193.23">shades</w>
   <w nite:id="ES2005a.C.words240" starttime="193.23" endtime="193.4">or</w>
   <w nite:id="ES2005a.C.words241" starttime="193.4" endtime="194.65">whatever</w>
   <w nite:id="ES2005a.C.words242" starttime="194.65" endtime="194.65" punc="true">,</w>
   <w nite:id="ES2005a.C.words243" starttime="194.65" endtime="195.54">and</w>
   <w nite:id="ES2005a.C.words244" starttime="195.54" endtime="196.41">you</w>
   <w nite:id="ES2005a.C.words245" starttime="196.41" endtime="196.68">could</w>
   <w nite:id="ES2005a.C.words246" starttime="196.68" endtime="196.89">look</w>
   <w nite:id="ES2005a.C.words247" starttime="196.89" endtime="197.73">into</w>
   <w nite:id="ES2005a.C.words248" starttime="197.73" endtime="198.37">um</w>
   <vocalsound nite:id="ES2005a.C.words249" starttime="199.712" endtime="200.048" type="other"/>
   <w nite:id="ES2005a.C.words250" starttime="201.86" endtime="202.36">basically</w>
   <w nite:id="ES2005a.C.words251" starttime="202.36" endtime="203.05">how</w>
   <w nite:id="ES2005a.C.words252" starttime="203.05" endtime="203.29">how</w>
   <w nite:id="ES2005a.C.words253" starttime="203.29" endtime="203.53">it&#39;s</w>
   <w nite:id="ES2005a.C.words254" starttime="203.53" endtime="204.1">made</w>
   <w nite:id="ES2005a.C.words255" starttime="204.1" endtime="204.63">I_E_</w>
   <w nite:id="ES2005a.C.words256" starttime="204.63" endtime="205.15">like</w>
   <w nite:id="ES2005a.C.words257" starttime="205.15" endtime="205.32">how</w>
   <w nite:id="ES2005a.C.words258" starttime="205.32" endtime="205.45">you</w>
   <w nite:id="ES2005a.C.words259" starttime="205.45" endtime="205.63">make</w>
   <w nite:id="ES2005a.C.words260" starttime="205.63" endtime="205.73">it</w>
   <w nite:id="ES2005a.C.words261" starttime="205.73" endtime="205.9">all</w>
   <w nite:id="ES2005a.C.words262" starttime="205.9" endtime="206.0">in</w>
   <w nite:id="ES2005a.C.words263" starttime="206.0" endtime="206.28">one</w>
   <w nite:id="ES2005a.C.words264" starttime="206.28" endtime="206.28" punc="true">,</w>
   <w nite:id="ES2005a.C.words265" starttime="206.28" endtime="207.4">how</w>
   <disfmarker nite:id="ES2005a.C.words266" starttime="207.4" endtime="207.4"/>
   <w nite:id="ES2005a.C.words267" starttime="207.4" endtime="207.98">what</w>
   <w nite:id="ES2005a.C.words268" starttime="207.98" endtime="208.19">sort</w>
   <w nite:id="ES2005a.C.words269" starttime="208.19" endtime="208.31">of</w>
   <w nite:id="ES2005a.C.words270" starttime="208.31" endtime="208.86">materials</w>
   <w nite:id="ES2005a.C.words271" starttime="208.86" endtime="208.93">are</w>
   <w nite:id="ES2005a.C.words272" starttime="208.93" endtime="209.34">available</w>
   <w nite:id="ES2005a.C.words273" starttime="209.34" endtime="209.5">to</w>
   <w nite:id="ES2005a.C.words274" starttime="209.5" endtime="209.61">you</w>
   <w nite:id="ES2005a.C.words275" starttime="209.61" endtime="210.53">whatever</w>
   <w nite:id="ES2005a.C.words276" starttime="210.53" endtime="210.53" punc="true">.</w>
   <w nite:id="ES2005a.C.words277" starttime="210.53" endtime="210.77">And</w>
   <w nite:id="ES2005a.C.words278" starttime="210.77" endtime="211.3">obviously</w>
   <w nite:id="ES2005a.C.words279" starttime="211.3" endtime="211.3" punc="true">,</w>
   <w nite:id="ES2005a.C.words280" starttime="211.3" endtime="211.52">other</w>
   <w nite:id="ES2005a.C.words281" starttime="211.52" endtime="211.99">instructions</w>
   <w nite:id="ES2005a.C.words282" starttime="211.99" endtime="212.08">will</w>
   <w nite:id="ES2005a.C.words283" starttime="212.08" endtime="212.32">come</w>
   <w nite:id="ES2005a.C.words284" starttime="212.32" endtime="213.35">from</w>
   <w nite:id="ES2005a.C.words285" starttime="213.35" endtime="213.45">the</w>
   <w nite:id="ES2005a.C.words286" starttime="213.45" endtime="213.8">personal</w>
   <w nite:id="ES2005a.C.words287" starttime="213.8" endtime="214.1">coach</w>
   <w nite:id="ES2005a.C.words288" starttime="214.1" endtime="214.1" punc="true">.</w>
   <w nite:id="ES2005a.C.words289" starttime="215.63" endtime="215.77">Which</w>
   <w nite:id="ES2005a.C.words290" starttime="215.77" endtime="215.86">will</w>
   <w nite:id="ES2005a.C.words291" starttime="215.86" endtime="216.27">probably</w>
   <w nite:id="ES2005a.C.words292" starttime="216.27" endtime="216.54">just</w>
   <w nite:id="ES2005a.C.words293" starttime="216.54" endtime="217.05">usurp</w>
   <w nite:id="ES2005a.C.words294" starttime="217.05" endtime="217.19">what</w>
   <w nite:id="ES2005a.C.words295" starttime="217.19" endtime="217.22">I</w>
   <w nite:id="ES2005a.C.words296" starttime="217.22" endtime="217.53">said</w>
   <w nite:id="ES2005a.C.words297" starttime="217.53" endtime="217.79">so</w>
   <disfmarker nite:id="ES2005a.C.words298" starttime="217.79" endtime="217.824"/>
   <w nite:id="ES2005a.C.words299" starttime="219.33" endtime="219.62">Shapes</w>
   <w nite:id="ES2005a.C.words300" starttime="219.62" endtime="219.74">and</w>
   <w nite:id="ES2005a.C.words301" starttime="219.74" endtime="220.13">colours</w>
   <w nite:id="ES2005a.C.words302" starttime="220.13" endtime="220.95">and</w>
   <disfmarker nite:id="ES2005a.C.words303" starttime="220.95" endtime="220.95"/>
   <w nite:id="ES2005a.C.words304" starttime="220.95" endtime="221.97">um</w>
   <w nite:id="ES2005a.C.words305" starttime="221.97" endtime="222.43">basically</w>
   <w nite:id="ES2005a.C.words306" starttime="222.43" endtime="222.52">how</w>
   <w nite:id="ES2005a.C.words307" starttime="222.52" endtime="222.66">to</w>
   <w nite:id="ES2005a.C.words308" starttime="222.66" endtime="222.87">make</w>
   <w nite:id="ES2005a.C.words309" starttime="222.87" endtime="223.28">it</w>
   <w nite:id="ES2005a.C.words310" starttime="223.28" endtime="223.95">attractive</w>
   <w nite:id="ES2005a.C.words311" starttime="223.95" endtime="223.95" punc="true">.</w>
   <w nite:id="ES2005a.C.words312" starttime="225.11" endtime="225.34">Uh</w>
   <w nite:id="ES2005a.C.words313" starttime="225.34" endtime="225.34" punc="true">.</w>
   <w nite:id="ES2005a.C.words314" starttime="228.98" endtime="229.65">And</w>
   <w nite:id="ES2005a.C.words315" starttime="229.65" endtime="229.83">you</w>
   <w nite:id="ES2005a.C.words316" starttime="229.83" endtime="229.98">look</w>
   <w nite:id="ES2005a.C.words317" starttime="229.98" endtime="230.08">at</w>
   <w nite:id="ES2005a.C.words318" starttime="230.08" endtime="230.9">competition</w>
   <w nite:id="ES2005a.C.words319" starttime="230.9" endtime="231.78">and</w>
   <w nite:id="ES2005a.C.words320" starttime="231.78" endtime="234.55">design</w>
   <w nite:id="ES2005a.C.words321" starttime="234.55" endtime="234.55" punc="true">.</w>
   <w nite:id="ES2005a.C.words322" starttime="234.55" endtime="237.31">Cool</w>
   <w nite:id="ES2005a.C.words323" starttime="237.31" endtime="237.31" punc="true">.</w>
   <vocalsound nite:id="ES2005a.C.words324" starttime="237.31" endtime="237.31" type="laugh"/>
   <w nite:id="ES2005a.C.words325" starttime="237.31" endtime="237.66">So</w>
   <w nite:id="ES2005a.C.words326" starttime="237.66" endtime="238.28">we</w>
   <w nite:id="ES2005a.C.words327" starttime="238.28" endtime="240.08">have</w>
   <w nite:id="ES2005a.C.words328" starttime="240.08" endtime="240.22">uh</w>
   <disfmarker nite:id="ES2005a.C.words329" starttime="240.22" endtime="240.352"/>
   <vocalsound nite:id="ES2005a.C.words330" starttime="243.632" endtime="243.632" type="other"/>
   <w nite:id="ES2005a.C.words331" starttime="244.56" endtime="248.47">Um</w>
   <w nite:id="ES2005a.C.words332" starttime="248.47" endtime="248.47" punc="true">.</w>
   <vocalsound nite:id="ES2005a.C.words333" starttime="250.201" endtime="251.792" type="other"/>
   <vocalsound nite:id="ES2005a.C.words334" starttime="253.104" endtime="254.656" type="other"/>
   <vocalsound nite:id="ES2005a.C.words335" starttime="266.847" endtime="269.28" type="other"/>
   <w nite:id="ES2005a.C.words336" starttime="279.54" endtime="279.89">Okay</w>
   <w nite:id="ES2005a.C.words337" starttime="279.89" endtime="279.89" punc="true">,</w>
   <w nite:id="ES2005a.C.words338" starttime="279.89" endtime="281.9">groovy</w>
   <w nite:id="ES2005a.C.words339" starttime="281.9" endtime="281.9" punc="true">.</w>
   <w nite:id="ES2005a.C.words340" starttime="281.9" endtime="282.17">And</w>
   <w nite:id="ES2005a.C.words341" starttime="282.17" endtime="282.26">no</w>
   <w nite:id="ES2005a.C.words342" starttime="282.26" endtime="282.46">doubt</w>
   <w nite:id="ES2005a.C.words343" starttime="282.46" endtime="282.57">we&#39;ll</w>
   <w nite:id="ES2005a.C.words344" starttime="282.57" endtime="282.92">get</w>
   <w nite:id="ES2005a.C.words345" starttime="282.92" endtime="283.17">um</w>
   <disfmarker nite:id="ES2005a.C.words346" starttime="283.17" endtime="283.2"/>
   <w nite:id="ES2005a.C.words347" starttime="285.14" endtime="286.02">Sorry</w>
   <w nite:id="ES2005a.C.words348" starttime="286.02" endtime="286.02" punc="true">.</w>
   <w nite:id="ES2005a.C.words349" starttime="286.02" endtime="286.16">We&#39;ll</w>
   <w nite:id="ES2005a.C.words350" starttime="286.16" endtime="286.69">get</w>
   <w nite:id="ES2005a.C.words351" starttime="286.69" endtime="287.5">um</w>
   <w nite:id="ES2005a.C.words352" starttime="287.5" endtime="287.89">warnings</w>
   <w nite:id="ES2005a.C.words353" starttime="287.89" endtime="288.03">for</w>
   <w nite:id="ES2005a.C.words354" starttime="288.03" endtime="288.29">next</w>
   <w nite:id="ES2005a.C.words355" starttime="288.29" endtime="288.56">meetings</w>
   <w nite:id="ES2005a.C.words356" starttime="288.56" endtime="288.66">as</w>
   <w nite:id="ES2005a.C.words357" starttime="288.66" endtime="291.94">well</w>
   <w nite:id="ES2005a.C.words358" starttime="291.94" endtime="291.94" punc="true">.</w>
   <vocalsound nite:id="ES2005a.C.words359" starttime="291.94" endtime="291.94" type="other"/>
   <w nite:id="ES2005a.C.words360" starttime="291.94" endtime="292.69">Okay</w>
   <w nite:id="ES2005a.C.words361" starttime="292.69" endtime="292.69" punc="true">.</w>
   <w nite:id="ES2005a.C.words362" starttime="292.69" endtime="294.03">I</w>
   <w nite:id="ES2005a.C.words363" starttime="294.03" endtime="295.1">shall</w>
   <disfmarker nite:id="ES2005a.C.words364" starttime="295.1" endtime="295.1"/>
   <w nite:id="ES2005a.C.words365" starttime="295.1" endtime="295.19">I</w>
   <w nite:id="ES2005a.C.words366" starttime="295.19" endtime="295.44">can&#39;t</w>
   <w nite:id="ES2005a.C.words367" starttime="295.44" endtime="295.88">imagine</w>
   <w nite:id="ES2005a.C.words368" starttime="295.88" endtime="296.08">these</w>
   <gap nite:id="ES2005a.C.words369" starttime="296.08" endtime="296.08"/>
   <w nite:id="ES2005a.C.words370" starttime="296.08" endtime="296.72">are</w>
   <w nite:id="ES2005a.C.words371" starttime="296.72" endtime="298.07">worth</w>
   <w nite:id="ES2005a.C.words372" starttime="298.07" endtime="298.86">much</w>
   <w nite:id="ES2005a.C.words373" starttime="298.86" endtime="298.86" punc="true">.</w>
   <vocalsound nite:id="ES2005a.C.words374" starttime="298.86" endtime="298.86" type="laugh"/>
   <w nite:id="ES2005a.C.words375" starttime="298.86" endtime="301.44">Okay</w>
   <w nite:id="ES2005a.C.words376" starttime="301.44" endtime="301.44" punc="true">.</w>
   <w nite:id="ES2005a.C.words377" starttime="302.71" endtime="303.05">Fashion</w>
   <w nite:id="ES2005a.C.words378" starttime="303.05" endtime="303.36">into</w>
   <w nite:id="ES2005a.C.words379" starttime="303.36" endtime="305.73">electronic</w>
   <w nite:id="ES2005a.C.words380" starttime="305.73" endtime="305.73" punc="true">.</w>
   <w nite:id="ES2005a.C.words381" starttime="305.73" endtime="306.4">Okay</w>
   <w nite:id="ES2005a.C.words382" starttime="306.4" endtime="306.4" punc="true">.</w>
</nite:root>