<?xml version="1.0" encoding="ISO-8859-1" standalone="yes"?>
<nite:root nite:id="ES2005a.D.words" xmlns:nite="http://nite.sourceforge.net/">
   <w nite:id="ES2005a.D.words0" starttime="4.08" endtime="4.11">Mm</w>
   <w nite:id="ES2005a.D.words1" starttime="4.11" endtime="4.59">&#39;kay</w>
   <w nite:id="ES2005a.D.words2" starttime="4.59" endtime="4.59" punc="true">.</w>
   <w nite:id="ES2005a.D.words3" starttime="11.3" endtime="11.57">Mm-hmm</w>
   <w nite:id="ES2005a.D.words4" starttime="11.57" endtime="11.57" punc="true">.</w>
   <w nite:id="ES2005a.D.words5" starttime="20.18" endtime="20.43">Yeah</w>
   <w nite:id="ES2005a.D.words6" starttime="20.43" endtime="20.51">the</w>
   <w nite:id="ES2005a.D.words7" starttime="20.51" endtime="21.22">universal</w>
   <w nite:id="ES2005a.D.words8" starttime="21.22" endtime="21.81">ones</w>
   <w nite:id="ES2005a.D.words9" starttime="21.81" endtime="21.81" punc="true">.</w>
   <w nite:id="ES2005a.D.words10" starttime="21.81" endtime="22.27">Yeah</w>
   <w nite:id="ES2005a.D.words11" starttime="22.27" endtime="22.27" punc="true">.</w>
   <w nite:id="ES2005a.D.words12" starttime="30.47" endtime="30.8">Yeah</w>
   <w nite:id="ES2005a.D.words13" starttime="30.8" endtime="30.8" punc="true">.</w>
   <w nite:id="ES2005a.D.words14" starttime="38.36" endtime="38.84">Mm-hmm</w>
   <w nite:id="ES2005a.D.words15" starttime="38.84" endtime="38.84" punc="true">,</w>
   <w nite:id="ES2005a.D.words16" starttime="38.84" endtime="38.98">it&#39;s</w>
   <w nite:id="ES2005a.D.words17" starttime="38.98" endtime="39.25">about</w>
   <w nite:id="ES2005a.D.words18" starttime="39.25" endtime="39.47">that</w>
   <w nite:id="ES2005a.D.words19" starttime="39.47" endtime="39.47" punc="true">.</w>
   <w nite:id="ES2005a.D.words20" starttime="40.66" endtime="42.36">Mm</w>
   <w nite:id="ES2005a.D.words21" starttime="42.36" endtime="42.36" punc="true">.</w>
   <w nite:id="ES2005a.D.words22" starttime="42.36" endtime="43.06">Um</w>
   <w nite:id="ES2005a.D.words23" starttime="43.06" endtime="44.0">well</w>
   <w nite:id="ES2005a.D.words24" starttime="44.0" endtime="44.11">my</w>
   <w nite:id="ES2005a.D.words25" starttime="44.11" endtime="44.46">first</w>
   <w nite:id="ES2005a.D.words26" starttime="44.46" endtime="44.75">thoughts</w>
   <w nite:id="ES2005a.D.words27" starttime="44.75" endtime="44.87">would</w>
   <w nite:id="ES2005a.D.words28" starttime="44.87" endtime="45.75">be</w>
   <w nite:id="ES2005a.D.words29" starttime="45.75" endtime="46.11">most</w>
   <w nite:id="ES2005a.D.words30" starttime="46.11" endtime="46.32">remote</w>
   <w nite:id="ES2005a.D.words31" starttime="46.32" endtime="47.01">controls</w>
   <w nite:id="ES2005a.D.words32" starttime="47.01" endtime="47.31">are</w>
   <w nite:id="ES2005a.D.words33" starttime="47.31" endtime="47.91">grey</w>
   <w nite:id="ES2005a.D.words34" starttime="47.91" endtime="48.02">or</w>
   <w nite:id="ES2005a.D.words35" starttime="48.02" endtime="48.29">black</w>
   <w nite:id="ES2005a.D.words36" starttime="48.29" endtime="48.29" punc="true">.</w>
   <w nite:id="ES2005a.D.words37" starttime="48.29" endtime="48.41">As</w>
   <w nite:id="ES2005a.D.words38" starttime="48.41" endtime="48.47">you</w>
   <w nite:id="ES2005a.D.words39" starttime="48.47" endtime="48.65">said</w>
   <w nite:id="ES2005a.D.words40" starttime="48.65" endtime="48.71">they</w>
   <w nite:id="ES2005a.D.words41" starttime="48.71" endtime="48.9">come</w>
   <w nite:id="ES2005a.D.words42" starttime="48.9" endtime="48.99">with</w>
   <w nite:id="ES2005a.D.words43" starttime="48.99" endtime="49.07">the</w>
   <w nite:id="ES2005a.D.words44" starttime="49.07" endtime="49.53">T_V_</w>
   <w nite:id="ES2005a.D.words45" starttime="49.53" endtime="49.68">so</w>
   <w nite:id="ES2005a.D.words46" starttime="49.68" endtime="49.82">it&#39;s</w>
   <w nite:id="ES2005a.D.words47" starttime="49.82" endtime="50.09">normally</w>
   <w nite:id="ES2005a.D.words48" starttime="50.09" endtime="50.24">just</w>
   <w nite:id="ES2005a.D.words49" starttime="50.24" endtime="50.33">your</w>
   <w nite:id="ES2005a.D.words50" starttime="50.33" endtime="51.16">basic</w>
   <w nite:id="ES2005a.D.words51" starttime="51.16" endtime="51.49">grey</w>
   <w nite:id="ES2005a.D.words52" starttime="51.49" endtime="51.81">black</w>
   <w nite:id="ES2005a.D.words53" starttime="51.81" endtime="52.02">remote</w>
   <w nite:id="ES2005a.D.words54" starttime="52.02" endtime="52.54">control</w>
   <gap nite:id="ES2005a.D.words55" starttime="52.54" endtime="52.54"/>
   <w nite:id="ES2005a.D.words56" starttime="52.54" endtime="53.02">functions</w>
   <w nite:id="ES2005a.D.words57" starttime="53.02" endtime="53.02" punc="true">,</w>
   <w nite:id="ES2005a.D.words58" starttime="53.02" endtime="53.58">so</w>
   <w nite:id="ES2005a.D.words59" starttime="53.58" endtime="53.77">maybe</w>
   <w nite:id="ES2005a.D.words60" starttime="53.77" endtime="53.86">we</w>
   <w nite:id="ES2005a.D.words61" starttime="53.86" endtime="54.03">could</w>
   <w nite:id="ES2005a.D.words62" starttime="54.03" endtime="54.38">think</w>
   <w nite:id="ES2005a.D.words63" starttime="54.38" endtime="55.13">about</w>
   <w nite:id="ES2005a.D.words64" starttime="55.13" endtime="56.23">colour</w>
   <w nite:id="ES2005a.D.words65" starttime="56.23" endtime="56.23" punc="true">?</w>
   <w nite:id="ES2005a.D.words66" starttime="56.23" endtime="56.59">Make</w>
   <disfmarker nite:id="ES2005a.D.words67" starttime="56.59" endtime="56.59"/>
   <w nite:id="ES2005a.D.words68" starttime="56.59" endtime="56.8">that</w>
   <w nite:id="ES2005a.D.words69" starttime="56.8" endtime="57.03">might</w>
   <w nite:id="ES2005a.D.words70" starttime="57.03" endtime="57.25">make</w>
   <w nite:id="ES2005a.D.words71" starttime="57.25" endtime="57.33">it</w>
   <w nite:id="ES2005a.D.words72" starttime="57.33" endtime="57.38">a</w>
   <w nite:id="ES2005a.D.words73" starttime="57.38" endtime="58.02">bit</w>
   <w nite:id="ES2005a.D.words74" starttime="58.02" endtime="58.57">different</w>
   <w nite:id="ES2005a.D.words75" starttime="58.57" endtime="58.76">from</w>
   <w nite:id="ES2005a.D.words76" starttime="58.76" endtime="58.87">the</w>
   <w nite:id="ES2005a.D.words77" starttime="58.87" endtime="59.21">rest</w>
   <w nite:id="ES2005a.D.words78" starttime="59.21" endtime="59.35">at</w>
   <w nite:id="ES2005a.D.words79" starttime="59.35" endtime="60.32">least</w>
   <w nite:id="ES2005a.D.words80" starttime="60.32" endtime="60.32" punc="true">.</w>
   <w nite:id="ES2005a.D.words81" starttime="60.32" endtime="61.73">Um</w>
   <w nite:id="ES2005a.D.words82" starttime="61.73" endtime="61.73" punc="true">,</w>
   <w nite:id="ES2005a.D.words83" starttime="61.73" endtime="61.9">and</w>
   <w nite:id="ES2005a.D.words84" starttime="61.9" endtime="61.99">as</w>
   <w nite:id="ES2005a.D.words85" starttime="61.99" endtime="62.11">you</w>
   <w nite:id="ES2005a.D.words86" starttime="62.11" endtime="62.73">say</w>
   <w nite:id="ES2005a.D.words87" starttime="62.73" endtime="62.73" punc="true">,</w>
   <w nite:id="ES2005a.D.words88" starttime="62.73" endtime="62.88">we</w>
   <w nite:id="ES2005a.D.words89" starttime="62.88" endtime="63.06">need</w>
   <w nite:id="ES2005a.D.words90" starttime="63.06" endtime="63.27">to</w>
   <w nite:id="ES2005a.D.words91" starttime="63.27" endtime="63.48" mispronounced="true">have</w>
   <w nite:id="ES2005a.D.words92" starttime="63.48" endtime="63.76">some</w>
   <w nite:id="ES2005a.D.words93" starttime="63.76" endtime="63.99">kind</w>
   <w nite:id="ES2005a.D.words94" starttime="63.99" endtime="64.43">of</w>
   <w nite:id="ES2005a.D.words95" starttime="64.43" endtime="65.03">gimmick</w>
   <w nite:id="ES2005a.D.words96" starttime="65.03" endtime="65.03" punc="true">,</w>
   <w nite:id="ES2005a.D.words97" starttime="65.03" endtime="65.94">so</w>
   <w nite:id="ES2005a.D.words98" starttime="65.94" endtime="66.43">um</w>
   <w nite:id="ES2005a.D.words99" starttime="66.43" endtime="66.56">I</w>
   <w nite:id="ES2005a.D.words100" starttime="66.56" endtime="66.75">thought</w>
   <w nite:id="ES2005a.D.words101" starttime="66.75" endtime="67.58">maybe</w>
   <w nite:id="ES2005a.D.words102" starttime="67.58" endtime="68.11">something</w>
   <w nite:id="ES2005a.D.words103" starttime="68.11" endtime="68.91">like</w>
   <w nite:id="ES2005a.D.words104" starttime="68.91" endtime="69.06">if</w>
   <w nite:id="ES2005a.D.words105" starttime="69.06" endtime="69.25">you</w>
   <w nite:id="ES2005a.D.words106" starttime="69.25" endtime="69.48">lose</w>
   <w nite:id="ES2005a.D.words107" starttime="69.48" endtime="70.08">it</w>
   <w nite:id="ES2005a.D.words108" starttime="70.08" endtime="70.19">and</w>
   <w nite:id="ES2005a.D.words109" starttime="70.19" endtime="70.28">you</w>
   <w nite:id="ES2005a.D.words110" starttime="70.28" endtime="70.47">can</w>
   <w nite:id="ES2005a.D.words111" starttime="70.47" endtime="70.85">whistle</w>
   <w nite:id="ES2005a.D.words112" starttime="70.85" endtime="70.85" punc="true">,</w>
   <w nite:id="ES2005a.D.words113" starttime="70.85" endtime="70.95">you</w>
   <w nite:id="ES2005a.D.words114" starttime="70.95" endtime="71.08">know</w>
   <w nite:id="ES2005a.D.words115" starttime="71.08" endtime="71.31">those</w>
   <w nite:id="ES2005a.D.words116" starttime="71.31" endtime="71.7">things</w>
   <w nite:id="ES2005a.D.words117" starttime="71.7" endtime="71.7" punc="true">?</w>
   <w nite:id="ES2005a.D.words118" starttime="72.31" endtime="72.54">Because</w>
   <w nite:id="ES2005a.D.words119" starttime="72.54" endtime="72.66">we</w>
   <w nite:id="ES2005a.D.words120" starttime="72.66" endtime="73.01">always</w>
   <w nite:id="ES2005a.D.words121" starttime="73.01" endtime="73.24">lose</w>
   <w nite:id="ES2005a.D.words122" starttime="73.24" endtime="73.35">our</w>
   <w nite:id="ES2005a.D.words123" starttime="73.35" endtime="73.59">remote</w>
   <w nite:id="ES2005a.D.words124" starttime="73.59" endtime="74.14">control</w>
   <w nite:id="ES2005a.D.words125" starttime="74.14" endtime="74.14" punc="true">.</w>
   <w nite:id="ES2005a.D.words126" starttime="112.52" endtime="112.9">Okay</w>
   <w nite:id="ES2005a.D.words127" starttime="112.9" endtime="112.9" punc="true">.</w>
   <w nite:id="ES2005a.D.words128" starttime="120.16" endtime="120.64">Mm</w>
   <w nite:id="ES2005a.D.words129" starttime="120.64" endtime="120.64" punc="true">.</w>
   <w nite:id="ES2005a.D.words130" starttime="125.73" endtime="126.12">Mm-hmm</w>
   <w nite:id="ES2005a.D.words131" starttime="126.12" endtime="126.12" punc="true">.</w>
   <w nite:id="ES2005a.D.words132" starttime="127.28" endtime="127.61">Mm-hmm</w>
   <w nite:id="ES2005a.D.words133" starttime="127.61" endtime="127.61" punc="true">.</w>
   <w nite:id="ES2005a.D.words134" starttime="130.2" endtime="130.54">Yeah</w>
   <w nite:id="ES2005a.D.words135" starttime="130.54" endtime="130.54" punc="true">.</w>
   <vocalsound nite:id="ES2005a.D.words136" starttime="144.294" endtime="144.932" type="other"/>
   <w nite:id="ES2005a.D.words137" starttime="148.99" endtime="149.58">Yeah</w>
   <w nite:id="ES2005a.D.words138" starttime="149.58" endtime="149.58" punc="true">.</w>
   <w nite:id="ES2005a.D.words139" starttime="151.28" endtime="151.65">Yeah</w>
   <w nite:id="ES2005a.D.words140" starttime="151.65" endtime="151.65" punc="true">.</w>
   <w nite:id="ES2005a.D.words141" starttime="154.08" endtime="154.21">Then</w>
   <w nite:id="ES2005a.D.words142" starttime="154.21" endtime="154.35">you</w>
   <w nite:id="ES2005a.D.words143" starttime="154.35" endtime="154.73">lose</w>
   <w nite:id="ES2005a.D.words144" starttime="154.73" endtime="154.84">it</w>
   <w nite:id="ES2005a.D.words145" starttime="154.84" endtime="154.84" punc="true">,</w>
   <w nite:id="ES2005a.D.words146" starttime="154.84" endtime="155.89">yeah</w>
   <w nite:id="ES2005a.D.words147" starttime="155.89" endtime="155.89" punc="true">.</w>
   <vocalsound nite:id="ES2005a.D.words148" starttime="155.89" endtime="155.89" type="other"/>
   <w nite:id="ES2005a.D.words149" starttime="155.89" endtime="156.14">Kind</w>
   <w nite:id="ES2005a.D.words150" starttime="156.14" endtime="157.24">of</w>
   <w nite:id="ES2005a.D.words151" starttime="157.24" endtime="158.55">um</w>
   <w nite:id="ES2005a.D.words152" starttime="158.55" endtime="158.55" punc="true">,</w>
   <w nite:id="ES2005a.D.words153" starttime="158.55" endtime="158.8">maybe</w>
   <w nite:id="ES2005a.D.words154" starttime="158.8" endtime="158.97">more</w>
   <w nite:id="ES2005a.D.words155" starttime="158.97" endtime="159.15">like</w>
   <w nite:id="ES2005a.D.words156" starttime="159.15" endtime="159.19">a</w>
   <w nite:id="ES2005a.D.words157" starttime="159.19" endtime="159.7">P_D_A_</w>
   <w nite:id="ES2005a.D.words158" starttime="159.7" endtime="160.01">kind</w>
   <w nite:id="ES2005a.D.words159" starttime="160.01" endtime="160.26">of</w>
   <w nite:id="ES2005a.D.words160" starttime="160.26" endtime="160.26" punc="true">,</w>
   <w nite:id="ES2005a.D.words161" starttime="160.26" endtime="160.55">just</w>
   <w nite:id="ES2005a.D.words162" starttime="160.55" endtime="160.79">hand</w>
   <w nite:id="ES2005a.D.words163" starttime="160.79" endtime="161.3">held</w>
   <w nite:id="ES2005a.D.words164" starttime="161.3" endtime="161.3" punc="true">,</w>
   <w nite:id="ES2005a.D.words165" starttime="161.3" endtime="162.77">like</w>
   <w nite:id="ES2005a.D.words166" starttime="162.77" endtime="162.77" punc="true">,</w>
   <w nite:id="ES2005a.D.words167" starttime="162.77" endtime="163.42">&#39;cause</w>
   <disfmarker nite:id="ES2005a.D.words168" starttime="163.42" endtime="163.632"/>
   <w nite:id="ES2005a.D.words169" starttime="167.33" endtime="168.0">Yeah</w>
   <w nite:id="ES2005a.D.words170" starttime="168.0" endtime="168.0" punc="true">.</w>
   <w nite:id="ES2005a.D.words171" starttime="168.0" endtime="168.36">No</w>
   <w nite:id="ES2005a.D.words172" starttime="168.36" endtime="168.36" punc="true">,</w>
   <w nite:id="ES2005a.D.words173" starttime="168.36" endtime="168.41">I</w>
   <w nite:id="ES2005a.D.words174" starttime="168.41" endtime="168.8">wasn&#39;t</w>
   <w nite:id="ES2005a.D.words175" starttime="168.8" endtime="168.8" punc="true">,</w>
   <w nite:id="ES2005a.D.words176" starttime="168.8" endtime="168.97">no</w>
   <w nite:id="ES2005a.D.words177" starttime="168.97" endtime="169.18">sorry</w>
   <w nite:id="ES2005a.D.words178" starttime="169.18" endtime="169.21">I</w>
   <w nite:id="ES2005a.D.words179" starttime="169.21" endtime="169.36">wasn&#39;t</w>
   <w nite:id="ES2005a.D.words180" starttime="169.36" endtime="169.59">thinking</w>
   <w nite:id="ES2005a.D.words181" starttime="169.59" endtime="169.69">of</w>
   <w nite:id="ES2005a.D.words182" starttime="169.69" endtime="169.77">the</w>
   <w nite:id="ES2005a.D.words183" starttime="169.77" endtime="170.25">screen</w>
   <w nite:id="ES2005a.D.words184" starttime="170.25" endtime="170.34">of</w>
   <w nite:id="ES2005a.D.words185" starttime="170.34" endtime="170.5">like</w>
   <w nite:id="ES2005a.D.words186" starttime="170.5" endtime="170.56">a</w>
   <w nite:id="ES2005a.D.words187" starttime="170.56" endtime="170.93">P_D_A_</w>
   <w nite:id="ES2005a.D.words188" starttime="170.93" endtime="171.1" trunc="true">but</w>
   <w nite:id="ES2005a.D.words189" starttime="175.91" endtime="176.26">Okay</w>
   <w nite:id="ES2005a.D.words190" starttime="176.26" endtime="176.26" punc="true">.</w>
   <w nite:id="ES2005a.D.words191" starttime="217.76" endtime="217.84">So</w>
   <w nite:id="ES2005a.D.words192" starttime="217.84" endtime="217.9">you</w>
   <w nite:id="ES2005a.D.words193" starttime="217.9" endtime="218.02">want</w>
   <w nite:id="ES2005a.D.words194" starttime="218.02" endtime="218.09">me</w>
   <w nite:id="ES2005a.D.words195" starttime="218.09" endtime="218.21">to</w>
   <w nite:id="ES2005a.D.words196" starttime="218.21" endtime="218.34">look</w>
   <w nite:id="ES2005a.D.words197" starttime="218.34" endtime="218.46">at</w>
   <w nite:id="ES2005a.D.words198" starttime="218.46" endtime="218.83">shapes</w>
   <w nite:id="ES2005a.D.words199" starttime="218.83" endtime="218.92">and</w>
   <w nite:id="ES2005a.D.words200" starttime="218.92" endtime="219.19">everything</w>
   <w nite:id="ES2005a.D.words201" starttime="219.19" endtime="219.28">you</w>
   <w nite:id="ES2005a.D.words202" starttime="219.28" endtime="219.73">said</w>
   <w nite:id="ES2005a.D.words203" starttime="219.73" endtime="219.73" punc="true">?</w>
   <w nite:id="ES2005a.D.words204" starttime="219.73" endtime="220.05">Yep</w>
   <w nite:id="ES2005a.D.words205" starttime="220.05" endtime="220.05" punc="true">.</w>
   <w nite:id="ES2005a.D.words206" starttime="220.45" endtime="220.84">Okay</w>
   <w nite:id="ES2005a.D.words207" starttime="220.84" endtime="220.84" punc="true">.</w>
   <w nite:id="ES2005a.D.words208" starttime="225.21" endtime="225.58">Mm-hmm</w>
   <w nite:id="ES2005a.D.words209" starttime="225.58" endtime="225.58" punc="true">.</w>
   <w nite:id="ES2005a.D.words210" starttime="235.8" endtime="236.08">Okay</w>
   <w nite:id="ES2005a.D.words211" starttime="236.08" endtime="236.08" punc="true">.</w>
   <w nite:id="ES2005a.D.words212" starttime="283.89" endtime="284.0">Oh</w>
   <w nite:id="ES2005a.D.words213" starttime="284.0" endtime="285.04">no</w>
   <w nite:id="ES2005a.D.words214" starttime="285.04" endtime="285.04" punc="true">,</w>
   <gap nite:id="ES2005a.D.words215" starttime="285.04" endtime="285.04"/>
   <w nite:id="ES2005a.D.words216" starttime="285.04" endtime="285.04" punc="true">.</w>
   <w nite:id="ES2005a.D.words217" starttime="285.04" endtime="285.84">Sorry</w>
   <w nite:id="ES2005a.D.words218" starttime="285.84" endtime="285.93">it&#39;s</w>
   <w nite:id="ES2005a.D.words219" starttime="285.93" endtime="286.22">okay</w>
   <w nite:id="ES2005a.D.words220" starttime="286.22" endtime="286.22" punc="true">.</w>
   <w nite:id="ES2005a.D.words221" starttime="289.91" endtime="290.37">Okay</w>
   <w nite:id="ES2005a.D.words222" starttime="290.37" endtime="290.37" punc="true">,</w>
   <w nite:id="ES2005a.D.words223" starttime="290.37" endtime="290.62">cool</w>
   <w nite:id="ES2005a.D.words224" starttime="290.62" endtime="290.62" punc="true">.</w>
</nite:root>