<?xml version="1.0" encoding="ISO-8859-1" standalone="yes"?>
<nite:root nite:id="ES2005a.B.words" xmlns:nite="http://nite.sourceforge.net/">
   <w nite:id="ES2005a.B.words0" starttime="26.66" endtime="27.16">Slim</w>
   <w nite:id="ES2005a.B.words1" starttime="27.16" endtime="27.16" punc="true">.</w>
   <vocalsound nite:id="ES2005a.B.words2" starttime="41.168" endtime="41.895" type="other"/>
   <vocalsound nite:id="ES2005a.B.words3" starttime="74.368" endtime="74.368" type="other"/>
   <w nite:id="ES2005a.B.words4" starttime="75.64" endtime="77.21">Uh</w>
   <w nite:id="ES2005a.B.words5" starttime="77.21" endtime="77.85">yeah</w>
   <w nite:id="ES2005a.B.words6" starttime="77.85" endtime="78.85">uh</w>
   <w nite:id="ES2005a.B.words7" starttime="78.85" endtime="78.85" punc="true">,</w>
   <w nite:id="ES2005a.B.words8" starttime="78.85" endtime="79.09">being</w>
   <w nite:id="ES2005a.B.words9" starttime="79.09" endtime="79.25">as</w>
   <w nite:id="ES2005a.B.words10" starttime="79.25" endtime="79.31">a</w>
   <w nite:id="ES2005a.B.words11" starttime="79.31" endtime="79.85">Marketing</w>
   <w nite:id="ES2005a.B.words12" starttime="79.85" endtime="80.26" trunc="true">Exper</w>
   <w nite:id="ES2005a.B.words13" starttime="80.26" endtime="80.76">Expert</w>
   <w nite:id="ES2005a.B.words14" starttime="80.76" endtime="80.86">I</w>
   <w nite:id="ES2005a.B.words15" starttime="80.86" endtime="81.15">will</w>
   <w nite:id="ES2005a.B.words16" starttime="81.15" endtime="81.39">like</w>
   <w nite:id="ES2005a.B.words17" starttime="81.39" endtime="81.51">to</w>
   <w nite:id="ES2005a.B.words18" starttime="81.51" endtime="81.68">say</w>
   <w nite:id="ES2005a.B.words19" starttime="81.68" endtime="82.94">like</w>
   <w nite:id="ES2005a.B.words20" starttime="82.94" endtime="83.34">before</w>
   <w nite:id="ES2005a.B.words21" starttime="83.34" endtime="83.91">deciding</w>
   <w nite:id="ES2005a.B.words22" starttime="83.91" endtime="84.04">the</w>
   <w nite:id="ES2005a.B.words23" starttime="84.04" endtime="84.38">cost</w>
   <w nite:id="ES2005a.B.words24" starttime="84.38" endtime="84.55">of</w>
   <w nite:id="ES2005a.B.words25" starttime="84.55" endtime="85.02">this</w>
   <w nite:id="ES2005a.B.words26" starttime="85.02" endtime="85.35">remote</w>
   <w nite:id="ES2005a.B.words27" starttime="85.35" endtime="85.92">control</w>
   <w nite:id="ES2005a.B.words28" starttime="85.92" endtime="86.0">or</w>
   <w nite:id="ES2005a.B.words29" starttime="86.0" endtime="86.28">any</w>
   <w nite:id="ES2005a.B.words30" starttime="86.28" endtime="86.56">other</w>
   <w nite:id="ES2005a.B.words31" starttime="86.56" endtime="86.83">things</w>
   <w nite:id="ES2005a.B.words32" starttime="86.83" endtime="87.14">we</w>
   <w nite:id="ES2005a.B.words33" starttime="87.14" endtime="87.43">must</w>
   <w nite:id="ES2005a.B.words34" starttime="87.43" endtime="87.6">see</w>
   <w nite:id="ES2005a.B.words35" starttime="87.6" endtime="87.71">the</w>
   <w nite:id="ES2005a.B.words36" starttime="87.71" endtime="88.1">market</w>
   <w nite:id="ES2005a.B.words37" starttime="88.1" endtime="88.52">potential</w>
   <w nite:id="ES2005a.B.words38" starttime="88.52" endtime="88.66">for</w>
   <w nite:id="ES2005a.B.words39" starttime="88.66" endtime="88.84">this</w>
   <w nite:id="ES2005a.B.words40" starttime="88.84" endtime="89.25">product</w>
   <w nite:id="ES2005a.B.words41" starttime="89.25" endtime="90.21">like</w>
   <w nite:id="ES2005a.B.words42" starttime="90.21" endtime="90.38">what</w>
   <w nite:id="ES2005a.B.words43" starttime="90.38" endtime="90.49">is</w>
   <w nite:id="ES2005a.B.words44" starttime="90.49" endtime="90.58">the</w>
   <w nite:id="ES2005a.B.words45" starttime="90.58" endtime="91.09">competition</w>
   <w nite:id="ES2005a.B.words46" starttime="91.09" endtime="91.24">in</w>
   <w nite:id="ES2005a.B.words47" starttime="91.24" endtime="91.36">the</w>
   <w nite:id="ES2005a.B.words48" starttime="91.36" endtime="91.91">market</w>
   <w nite:id="ES2005a.B.words49" starttime="91.91" endtime="91.91" punc="true">?</w>
   <w nite:id="ES2005a.B.words50" starttime="91.91" endtime="92.15">What</w>
   <w nite:id="ES2005a.B.words51" starttime="92.15" endtime="92.34">are</w>
   <w nite:id="ES2005a.B.words52" starttime="92.34" endtime="92.49">the</w>
   <w nite:id="ES2005a.B.words53" starttime="92.49" endtime="92.92">available</w>
   <w nite:id="ES2005a.B.words54" starttime="92.92" endtime="93.42">prices</w>
   <w nite:id="ES2005a.B.words55" starttime="93.42" endtime="93.61">of</w>
   <w nite:id="ES2005a.B.words56" starttime="93.61" endtime="93.75">the</w>
   <w nite:id="ES2005a.B.words57" starttime="93.75" endtime="93.93">other</w>
   <w nite:id="ES2005a.B.words58" starttime="93.93" endtime="94.23">remote</w>
   <w nite:id="ES2005a.B.words59" starttime="94.23" endtime="94.66">controls</w>
   <w nite:id="ES2005a.B.words60" starttime="94.66" endtime="94.8">in</w>
   <w nite:id="ES2005a.B.words61" starttime="94.8" endtime="94.92">the</w>
   <w nite:id="ES2005a.B.words62" starttime="94.92" endtime="95.75">prices</w>
   <w nite:id="ES2005a.B.words63" starttime="95.75" endtime="95.75" punc="true">?</w>
   <w nite:id="ES2005a.B.words64" starttime="95.75" endtime="95.98">What</w>
   <w nite:id="ES2005a.B.words65" starttime="95.98" endtime="96.79">speciality</w>
   <w nite:id="ES2005a.B.words66" starttime="96.79" endtime="97.5">other</w>
   <w nite:id="ES2005a.B.words67" starttime="97.5" endtime="97.82">remote</w>
   <w nite:id="ES2005a.B.words68" starttime="97.82" endtime="98.27">controls</w>
   <w nite:id="ES2005a.B.words69" starttime="98.27" endtime="98.4">are</w>
   <w nite:id="ES2005a.B.words70" starttime="98.4" endtime="99.45">having</w>
   <w nite:id="ES2005a.B.words71" starttime="99.45" endtime="100.0">and</w>
   <w nite:id="ES2005a.B.words72" starttime="100.0" endtime="100.25">how</w>
   <w nite:id="ES2005a.B.words73" starttime="100.25" endtime="100.95">complicated</w>
   <w nite:id="ES2005a.B.words74" starttime="100.95" endtime="101.07">it</w>
   <w nite:id="ES2005a.B.words75" starttime="101.07" endtime="101.3">is</w>
   <w nite:id="ES2005a.B.words76" starttime="101.3" endtime="101.48">to</w>
   <w nite:id="ES2005a.B.words77" starttime="101.48" endtime="101.73">use</w>
   <w nite:id="ES2005a.B.words78" starttime="101.73" endtime="102.0">these</w>
   <w nite:id="ES2005a.B.words79" starttime="102.0" endtime="102.31">remote</w>
   <w nite:id="ES2005a.B.words80" starttime="102.31" endtime="103.34">controls</w>
   <w nite:id="ES2005a.B.words81" starttime="103.34" endtime="103.54">as</w>
   <w nite:id="ES2005a.B.words82" starttime="103.54" endtime="103.97">compared</w>
   <w nite:id="ES2005a.B.words83" starttime="103.97" endtime="104.06">to</w>
   <w nite:id="ES2005a.B.words84" starttime="104.06" endtime="104.31">other</w>
   <w nite:id="ES2005a.B.words85" starttime="104.31" endtime="104.62">remote</w>
   <w nite:id="ES2005a.B.words86" starttime="104.62" endtime="105.07">controls</w>
   <w nite:id="ES2005a.B.words87" starttime="105.07" endtime="105.61">available</w>
   <w nite:id="ES2005a.B.words88" starttime="105.61" endtime="105.77">in</w>
   <w nite:id="ES2005a.B.words89" starttime="105.77" endtime="105.87">the</w>
   <w nite:id="ES2005a.B.words90" starttime="105.87" endtime="106.66">market</w>
   <w nite:id="ES2005a.B.words91" starttime="106.66" endtime="106.66" punc="true">.</w>
   <w nite:id="ES2005a.B.words92" starttime="106.74" endtime="107.36">So</w>
   <w nite:id="ES2005a.B.words93" starttime="107.36" endtime="107.75">before</w>
   <w nite:id="ES2005a.B.words94" starttime="107.75" endtime="108.21">deciding</w>
   <w nite:id="ES2005a.B.words95" starttime="108.21" endtime="108.34">or</w>
   <w nite:id="ES2005a.B.words96" starttime="108.34" endtime="108.66">before</w>
   <w nite:id="ES2005a.B.words97" starttime="108.66" endtime="109.26">finalising</w>
   <w nite:id="ES2005a.B.words98" starttime="109.26" endtime="109.44">this</w>
   <w nite:id="ES2005a.B.words99" starttime="109.44" endtime="110.22">project</w>
   <w nite:id="ES2005a.B.words100" starttime="110.22" endtime="110.22" punc="true">,</w>
   <w nite:id="ES2005a.B.words101" starttime="110.22" endtime="110.31">we</w>
   <w nite:id="ES2005a.B.words102" starttime="110.31" endtime="111.06">must</w>
   <w nite:id="ES2005a.B.words103" starttime="111.06" endtime="111.44">discuss</w>
   <w nite:id="ES2005a.B.words104" starttime="111.44" endtime="111.63">all</w>
   <w nite:id="ES2005a.B.words105" starttime="111.63" endtime="111.8">these</w>
   <w nite:id="ES2005a.B.words106" starttime="111.8" endtime="112.94">things</w>
   <w nite:id="ES2005a.B.words107" starttime="112.94" endtime="112.94" punc="true">,</w>
   <w nite:id="ES2005a.B.words108" starttime="112.94" endtime="113.31">like</w>
   <disfmarker nite:id="ES2005a.B.words109" starttime="113.31" endtime="113.31"/>
   <w nite:id="ES2005a.B.words110" starttime="113.31" endtime="114.17">and</w>
   <w nite:id="ES2005a.B.words111" starttime="114.17" endtime="114.46">apart</w>
   <w nite:id="ES2005a.B.words112" starttime="114.46" endtime="114.75">from</w>
   <w nite:id="ES2005a.B.words113" starttime="114.75" endtime="115.38">this</w>
   <w nite:id="ES2005a.B.words114" starttime="115.38" endtime="115.38" punc="true">,</w>
   <w nite:id="ES2005a.B.words115" starttime="115.38" endtime="115.51">it</w>
   <w nite:id="ES2005a.B.words116" starttime="115.51" endtime="115.72">should</w>
   <w nite:id="ES2005a.B.words117" starttime="115.72" endtime="115.85">be</w>
   <w nite:id="ES2005a.B.words118" starttime="115.85" endtime="116.29">having</w>
   <w nite:id="ES2005a.B.words119" starttime="116.29" endtime="116.36">a</w>
   <w nite:id="ES2005a.B.words120" starttime="116.36" endtime="116.63">good</w>
   <w nite:id="ES2005a.B.words121" starttime="116.63" endtime="116.92">look</w>
   <w nite:id="ES2005a.B.words122" starttime="116.92" endtime="117.55">also</w>
   <w nite:id="ES2005a.B.words123" starttime="117.55" endtime="117.55" punc="true">,</w>
   <w nite:id="ES2005a.B.words124" starttime="117.55" endtime="117.81">because</w>
   <w nite:id="ES2005a.B.words125" starttime="117.81" endtime="118.37">people</w>
   <w nite:id="ES2005a.B.words126" starttime="118.37" endtime="118.7">really</w>
   <w nite:id="ES2005a.B.words127" starttime="118.7" endtime="118.92" trunc="true">li</w>
   <w nite:id="ES2005a.B.words128" starttime="118.92" endtime="119.09">uh</w>
   <w nite:id="ES2005a.B.words129" starttime="119.09" endtime="119.34">like</w>
   <w nite:id="ES2005a.B.words130" starttime="119.34" endtime="119.43">to</w>
   <w nite:id="ES2005a.B.words131" starttime="119.43" endtime="119.66">play</w>
   <w nite:id="ES2005a.B.words132" starttime="119.66" endtime="119.84">with</w>
   <w nite:id="ES2005a.B.words133" starttime="119.84" endtime="120.36">it</w>
   <w nite:id="ES2005a.B.words134" starttime="120.36" endtime="120.62">when</w>
   <w nite:id="ES2005a.B.words135" starttime="120.62" endtime="120.76">they</w>
   <w nite:id="ES2005a.B.words136" starttime="120.76" endtime="120.9">are</w>
   <w nite:id="ES2005a.B.words137" starttime="120.9" endtime="121.26">watching</w>
   <w nite:id="ES2005a.B.words138" starttime="121.26" endtime="121.58">movies</w>
   <w nite:id="ES2005a.B.words139" starttime="121.58" endtime="121.89">or</w>
   <w nite:id="ES2005a.B.words140" starttime="121.89" endtime="122.16">playing</w>
   <w nite:id="ES2005a.B.words141" starttime="122.16" endtime="123.1">with</w>
   <gap nite:id="ES2005a.B.words142" starttime="123.1" endtime="123.1"/>
   <w nite:id="ES2005a.B.words143" starttime="123.1" endtime="123.49">or</w>
   <w nite:id="ES2005a.B.words144" starttime="123.49" endtime="123.79">playing</w>
   <w nite:id="ES2005a.B.words145" starttime="123.79" endtime="123.97">with</w>
   <w nite:id="ES2005a.B.words146" starttime="123.97" endtime="124.12">their</w>
   <w nite:id="ES2005a.B.words147" starttime="124.12" endtime="124.45">C_D_</w>
   <w nite:id="ES2005a.B.words148" starttime="124.45" endtime="124.72">player</w>
   <w nite:id="ES2005a.B.words149" starttime="124.72" endtime="124.72" punc="true">,</w>
   <w nite:id="ES2005a.B.words150" starttime="124.72" endtime="125.01">M_P_</w>
   <w nite:id="ES2005a.B.words151" starttime="125.01" endtime="125.22">three</w>
   <w nite:id="ES2005a.B.words152" starttime="125.22" endtime="125.53">player</w>
   <w nite:id="ES2005a.B.words153" starttime="125.53" endtime="125.88">like</w>
   <w nite:id="ES2005a.B.words154" starttime="125.88" endtime="126.14">any</w>
   <w nite:id="ES2005a.B.words155" starttime="126.14" endtime="126.7">electronic</w>
   <w nite:id="ES2005a.B.words156" starttime="126.7" endtime="127.61">devices</w>
   <w nite:id="ES2005a.B.words157" starttime="127.61" endtime="127.61" punc="true">.</w>
   <w nite:id="ES2005a.B.words158" starttime="127.61" endtime="127.75">They</w>
   <w nite:id="ES2005a.B.words159" starttime="127.75" endtime="127.98">really</w>
   <w nite:id="ES2005a.B.words160" starttime="127.98" endtime="128.24">want</w>
   <w nite:id="ES2005a.B.words161" starttime="128.24" endtime="128.32">to</w>
   <w nite:id="ES2005a.B.words162" starttime="128.32" endtime="128.49">have</w>
   <w nite:id="ES2005a.B.words163" starttime="128.49" endtime="128.96">something</w>
   <w nite:id="ES2005a.B.words164" starttime="128.96" endtime="129.16">good</w>
   <w nite:id="ES2005a.B.words165" starttime="129.16" endtime="129.16" punc="true">,</w>
   <w nite:id="ES2005a.B.words166" starttime="129.16" endtime="129.46">having</w>
   <w nite:id="ES2005a.B.words167" starttime="129.46" endtime="129.52">a</w>
   <w nite:id="ES2005a.B.words168" starttime="129.52" endtime="129.7">good</w>
   <w nite:id="ES2005a.B.words169" starttime="129.7" endtime="130.37">design</w>
   <w nite:id="ES2005a.B.words170" starttime="130.37" endtime="130.52">in</w>
   <w nite:id="ES2005a.B.words171" starttime="130.52" endtime="130.7">their</w>
   <w nite:id="ES2005a.B.words172" starttime="130.7" endtime="131.62">hands</w>
   <w nite:id="ES2005a.B.words173" starttime="131.62" endtime="131.62" punc="true">,</w>
   <w nite:id="ES2005a.B.words174" starttime="131.62" endtime="132.65">so</w>
   <w nite:id="ES2005a.B.words175" starttime="132.65" endtime="132.65" punc="true">,</w>
   <w nite:id="ES2005a.B.words176" starttime="132.65" endtime="133.04">yes</w>
   <w nite:id="ES2005a.B.words177" starttime="133.04" endtime="133.04" punc="true">,</w>
   <w nite:id="ES2005a.B.words178" starttime="133.04" endtime="133.27">all</w>
   <w nite:id="ES2005a.B.words179" starttime="133.27" endtime="133.54">this</w>
   <w nite:id="ES2005a.B.words180" starttime="133.54" endtime="133.54" punc="true">.</w>
   <gap nite:id="ES2005a.B.words181" starttime="141.764" endtime="142.544"/>
   <w nite:id="ES2005a.B.words182" starttime="186.61" endtime="187.33">Yeah</w>
   <w nite:id="ES2005a.B.words183" starttime="187.33" endtime="187.33" punc="true">.</w>
   <gap nite:id="ES2005a.B.words184" starttime="225.731" endtime="227.007"/>
   <w nite:id="ES2005a.B.words185" starttime="230.82" endtime="231.03">Yep</w>
   <w nite:id="ES2005a.B.words186" starttime="231.03" endtime="231.03" punc="true">.</w>
   <gap nite:id="ES2005a.B.words187" starttime="236.384" endtime="237.376"/>
   <w nite:id="ES2005a.B.words188" starttime="241.4" endtime="242.19">Uh</w>
   <w nite:id="ES2005a.B.words189" starttime="242.19" endtime="242.19" punc="true">.</w>
   <w nite:id="ES2005a.B.words190" starttime="299.07" endtime="299.37">Hmm</w>
   <w nite:id="ES2005a.B.words191" starttime="299.37" endtime="299.37" punc="true">.</w>
</nite:root>