<?xml version="1.0" encoding="ISO-8859-1" standalone="yes"?>
<nite:root nite:id="ES2005a.A.words" xmlns:nite="http://nite.sourceforge.net/">
   <w nite:id="ES2005a.A.words0" starttime="0.75" endtime="0.95">Alright</w>
   <w nite:id="ES2005a.A.words1" starttime="0.95" endtime="1.12">so</w>
   <w nite:id="ES2005a.A.words2" starttime="1.12" endtime="1.38">twenty</w>
   <w nite:id="ES2005a.A.words3" starttime="1.38" endtime="1.61">five</w>
   <w nite:id="ES2005a.A.words4" starttime="1.61" endtime="1.61" punc="true">.</w>
   <w nite:id="ES2005a.A.words5" starttime="5.43" endtime="5.49">So</w>
   <w nite:id="ES2005a.A.words6" starttime="5.49" endtime="5.69">yeah</w>
   <w nite:id="ES2005a.A.words7" starttime="5.69" endtime="5.69" punc="true">,</w>
   <w nite:id="ES2005a.A.words8" starttime="5.69" endtime="5.87">I&#39;ve</w>
   <disfmarker nite:id="ES2005a.A.words9" starttime="5.87" endtime="5.961"/>
   <w nite:id="ES2005a.A.words10" starttime="6.79" endtime="6.85">The</w>
   <w nite:id="ES2005a.A.words11" starttime="6.85" endtime="7.33">only</w>
   <w nite:id="ES2005a.A.words12" starttime="7.33" endtime="7.43">the</w>
   <w nite:id="ES2005a.A.words13" starttime="7.43" endtime="7.58">only</w>
   <w nite:id="ES2005a.A.words14" starttime="7.58" endtime="7.83">remote</w>
   <w nite:id="ES2005a.A.words15" starttime="7.83" endtime="8.29">controls</w>
   <w nite:id="ES2005a.A.words16" starttime="8.29" endtime="8.41">I&#39;ve</w>
   <w nite:id="ES2005a.A.words17" starttime="8.41" endtime="8.98">used</w>
   <w nite:id="ES2005a.A.words18" starttime="8.98" endtime="9.27">usually</w>
   <w nite:id="ES2005a.A.words19" starttime="9.27" endtime="9.5">come</w>
   <w nite:id="ES2005a.A.words20" starttime="9.5" endtime="9.6">with</w>
   <w nite:id="ES2005a.A.words21" starttime="9.6" endtime="9.66">the</w>
   <w nite:id="ES2005a.A.words22" starttime="9.66" endtime="10.33">television</w>
   <w nite:id="ES2005a.A.words23" starttime="10.33" endtime="10.33" punc="true">,</w>
   <w nite:id="ES2005a.A.words24" starttime="10.33" endtime="11.07">and</w>
   <w nite:id="ES2005a.A.words25" starttime="11.07" endtime="11.42">they&#39;re</w>
   <w nite:id="ES2005a.A.words26" starttime="11.42" endtime="11.77">fairly</w>
   <w nite:id="ES2005a.A.words27" starttime="11.77" endtime="13.19">basic</w>
   <w nite:id="ES2005a.A.words28" starttime="13.19" endtime="13.19" punc="true">.</w>
   <w nite:id="ES2005a.A.words29" starttime="13.19" endtime="13.47">So</w>
   <w nite:id="ES2005a.A.words30" starttime="13.47" endtime="16.0">uh</w>
   <disfmarker nite:id="ES2005a.A.words31" starttime="16.0" endtime="16.0"/>
   <vocalsound nite:id="ES2005a.A.words32" starttime="16.0" endtime="16.06" type="other"/>
   <w nite:id="ES2005a.A.words33" starttime="21.72" endtime="22.14">Mm</w>
   <w nite:id="ES2005a.A.words34" starttime="22.14" endtime="22.14" punc="true">.</w>
   <w nite:id="ES2005a.A.words35" starttime="25.54" endtime="26.07">But</w>
   <w nite:id="ES2005a.A.words36" starttime="26.07" endtime="26.25">but</w>
   <w nite:id="ES2005a.A.words37" starttime="26.25" endtime="26.35">to</w>
   <w nite:id="ES2005a.A.words38" starttime="26.35" endtime="26.64">sell</w>
   <w nite:id="ES2005a.A.words39" starttime="26.64" endtime="26.7">it</w>
   <w nite:id="ES2005a.A.words40" starttime="26.7" endtime="26.9">for</w>
   <w nite:id="ES2005a.A.words41" starttime="26.9" endtime="27.21">twenty</w>
   <w nite:id="ES2005a.A.words42" starttime="27.21" endtime="27.68">five</w>
   <w nite:id="ES2005a.A.words43" starttime="27.68" endtime="28.06">you</w>
   <w nite:id="ES2005a.A.words44" starttime="28.06" endtime="28.22">need</w>
   <w nite:id="ES2005a.A.words45" starttime="28.22" endtime="28.25">a</w>
   <w nite:id="ES2005a.A.words46" starttime="28.25" endtime="28.45">lot</w>
   <w nite:id="ES2005a.A.words47" starttime="28.45" endtime="29.39">of</w>
   <w nite:id="ES2005a.A.words48" starttime="29.39" endtime="29.63">neat</w>
   <w nite:id="ES2005a.A.words49" starttime="29.63" endtime="30.29">features</w>
   <w nite:id="ES2005a.A.words50" starttime="30.29" endtime="30.29" punc="true">.</w>
   <w nite:id="ES2005a.A.words51" starttime="30.29" endtime="31.09">For</w>
   <w nite:id="ES2005a.A.words52" starttime="31.09" endtime="31.5">sure</w>
   <w nite:id="ES2005a.A.words53" starttime="31.5" endtime="31.5" punc="true">.</w>
   <w nite:id="ES2005a.A.words54" starttime="40.6" endtime="41.05">Yeah</w>
   <w nite:id="ES2005a.A.words55" starttime="41.05" endtime="41.05" punc="true">,</w>
   <w nite:id="ES2005a.A.words56" starttime="41.05" endtime="41.33">yeah</w>
   <w nite:id="ES2005a.A.words57" starttime="41.33" endtime="41.33" punc="true">.</w>
   <w nite:id="ES2005a.A.words58" starttime="74.34" endtime="74.57">Right</w>
   <w nite:id="ES2005a.A.words59" starttime="74.57" endtime="74.57" punc="true">.</w>
   <w nite:id="ES2005a.A.words60" starttime="133.91" endtime="135.21">Uh</w>
   <w nite:id="ES2005a.A.words61" starttime="135.21" endtime="135.21" punc="true">,</w>
   <w nite:id="ES2005a.A.words62" starttime="135.21" endtime="135.32">what</w>
   <w nite:id="ES2005a.A.words63" starttime="135.32" endtime="135.38">do</w>
   <w nite:id="ES2005a.A.words64" starttime="135.38" endtime="135.45">we</w>
   <w nite:id="ES2005a.A.words65" starttime="135.45" endtime="135.64">think</w>
   <w nite:id="ES2005a.A.words66" starttime="135.64" endtime="135.73">a</w>
   <disfmarker nite:id="ES2005a.A.words67" starttime="135.73" endtime="135.918"/>
   <w nite:id="ES2005a.A.words68" starttime="139.89" endtime="140.01">What</w>
   <w nite:id="ES2005a.A.words69" starttime="140.01" endtime="140.12">do</w>
   <w nite:id="ES2005a.A.words70" starttime="140.12" endtime="140.21">we</w>
   <w nite:id="ES2005a.A.words71" starttime="140.21" endtime="140.33">think</w>
   <w nite:id="ES2005a.A.words72" starttime="140.33" endtime="140.36">a</w>
   <w nite:id="ES2005a.A.words73" starttime="140.36" endtime="140.52">good</w>
   <w nite:id="ES2005a.A.words74" starttime="140.52" endtime="140.86">size</w>
   <w nite:id="ES2005a.A.words75" starttime="140.86" endtime="140.98">would</w>
   <w nite:id="ES2005a.A.words76" starttime="140.98" endtime="141.3">be</w>
   <w nite:id="ES2005a.A.words77" starttime="141.3" endtime="141.49">for</w>
   <w nite:id="ES2005a.A.words78" starttime="141.49" endtime="142.72">this</w>
   <w nite:id="ES2005a.A.words79" starttime="142.72" endtime="142.72" punc="true">?</w>
   <gap nite:id="ES2005a.A.words80" starttime="142.72" endtime="142.768"/>
   <w nite:id="ES2005a.A.words81" starttime="144.4" endtime="144.6">&#39;Cause</w>
   <w nite:id="ES2005a.A.words82" starttime="144.6" endtime="144.72">I</w>
   <w nite:id="ES2005a.A.words83" starttime="144.72" endtime="144.8">I</w>
   <w nite:id="ES2005a.A.words84" starttime="144.8" endtime="145.04">know</w>
   <w nite:id="ES2005a.A.words85" starttime="145.04" endtime="145.19">as</w>
   <w nite:id="ES2005a.A.words86" starttime="145.19" endtime="145.28">you</w>
   <w nite:id="ES2005a.A.words87" starttime="145.28" endtime="145.4">add</w>
   <w nite:id="ES2005a.A.words88" starttime="145.4" endtime="145.63">more</w>
   <w nite:id="ES2005a.A.words89" starttime="145.63" endtime="145.97">buttons</w>
   <w nite:id="ES2005a.A.words90" starttime="145.97" endtime="146.06">to</w>
   <w nite:id="ES2005a.A.words91" starttime="146.06" endtime="146.12">the</w>
   <w nite:id="ES2005a.A.words92" starttime="146.12" endtime="146.37">remote</w>
   <w nite:id="ES2005a.A.words93" starttime="146.37" endtime="146.43">it</w>
   <w nite:id="ES2005a.A.words94" starttime="146.43" endtime="146.86">sometimes</w>
   <w nite:id="ES2005a.A.words95" starttime="146.86" endtime="147.68">gets</w>
   <w nite:id="ES2005a.A.words96" starttime="147.68" endtime="147.97">so</w>
   <w nite:id="ES2005a.A.words97" starttime="147.97" endtime="148.24">big</w>
   <w nite:id="ES2005a.A.words98" starttime="148.24" endtime="148.38">and</w>
   <w nite:id="ES2005a.A.words99" starttime="148.38" endtime="149.16">clunky</w>
   <w nite:id="ES2005a.A.words100" starttime="149.16" endtime="149.25">and</w>
   <w nite:id="ES2005a.A.words101" starttime="149.25" endtime="149.37">there&#39;s</w>
   <w nite:id="ES2005a.A.words102" starttime="149.37" endtime="149.58">just</w>
   <w nite:id="ES2005a.A.words103" starttime="149.58" endtime="149.7">like</w>
   <w nite:id="ES2005a.A.words104" starttime="149.7" endtime="149.78">a</w>
   <w nite:id="ES2005a.A.words105" starttime="149.78" endtime="150.08">hundred</w>
   <w nite:id="ES2005a.A.words106" starttime="150.08" endtime="150.43">buttons</w>
   <w nite:id="ES2005a.A.words107" starttime="150.43" endtime="150.61">on</w>
   <w nite:id="ES2005a.A.words108" starttime="150.61" endtime="151.39">it</w>
   <w nite:id="ES2005a.A.words109" starttime="151.39" endtime="151.39" punc="true">,</w>
   <w nite:id="ES2005a.A.words110" starttime="151.39" endtime="151.57">or</w>
   <w nite:id="ES2005a.A.words111" starttime="151.57" endtime="151.63">you</w>
   <w nite:id="ES2005a.A.words112" starttime="151.63" endtime="151.77">could</w>
   <w nite:id="ES2005a.A.words113" starttime="151.77" endtime="151.9">have</w>
   <w nite:id="ES2005a.A.words114" starttime="151.9" endtime="151.93">a</w>
   <w nite:id="ES2005a.A.words115" starttime="151.93" endtime="152.13">really</w>
   <w nite:id="ES2005a.A.words116" starttime="152.13" endtime="152.56">small</w>
   <w nite:id="ES2005a.A.words117" starttime="152.56" endtime="152.86">slim</w>
   <w nite:id="ES2005a.A.words118" starttime="152.86" endtime="153.36">one</w>
   <w nite:id="ES2005a.A.words119" starttime="153.36" endtime="153.45">but</w>
   <w nite:id="ES2005a.A.words120" starttime="153.45" endtime="153.54">then</w>
   <w nite:id="ES2005a.A.words121" starttime="153.54" endtime="153.6">you</w>
   <w nite:id="ES2005a.A.words122" starttime="153.6" endtime="153.69">could</w>
   <w nite:id="ES2005a.A.words123" starttime="153.69" endtime="153.92">lose</w>
   <w nite:id="ES2005a.A.words124" starttime="153.92" endtime="154.03">it</w>
   <w nite:id="ES2005a.A.words125" starttime="154.03" endtime="154.93">easily</w>
   <w nite:id="ES2005a.A.words126" starttime="154.93" endtime="154.93" punc="true">.</w>
   <vocalsound nite:id="ES2005a.A.words127" starttime="154.93" endtime="155.392" type="other"/>
   <vocalsound nite:id="ES2005a.A.words128" starttime="167.822" endtime="170.117" type="laugh"/>
   <w nite:id="ES2005a.A.words129" starttime="214.88" endtime="215.12">Right</w>
   <w nite:id="ES2005a.A.words130" starttime="215.12" endtime="215.12" punc="true">.</w>
   <vocalsound nite:id="ES2005a.A.words131" starttime="236.149" endtime="236.149" type="other"/>
   <w nite:id="ES2005a.A.words132" starttime="236.63" endtime="237.11">Okay</w>
   <w nite:id="ES2005a.A.words133" starttime="237.11" endtime="237.11" punc="true">.</w>
   <gap nite:id="ES2005a.A.words134" starttime="238.104" endtime="238.86"/>
   <w nite:id="ES2005a.A.words135" starttime="239.96" endtime="240.09">Wait</w>
   <w nite:id="ES2005a.A.words136" starttime="240.09" endtime="240.28">for</w>
   <w nite:id="ES2005a.A.words137" starttime="240.28" endtime="240.89">emails</w>
   <w nite:id="ES2005a.A.words138" starttime="240.89" endtime="240.89" punc="true">?</w>
   <vocalsound nite:id="ES2005a.A.words139" starttime="244.534" endtime="246.808" type="other"/>
   <w nite:id="ES2005a.A.words140" starttime="255.4" endtime="256.03">Hmm</w>
   <w nite:id="ES2005a.A.words141" starttime="256.03" endtime="256.03" punc="true">.</w>
   <vocalsound nite:id="ES2005a.A.words142" starttime="276.784" endtime="281.448" type="other"/>
</nite:root>