<?xml version="1.0" encoding="ISO-8859-1" standalone="yes"?>
<nite:root nite:id="ES2013b.B.words" xmlns:nite="http://nite.sourceforge.net/">
   <w nite:id="ES2013b.B.words0" starttime="78.96" endtime="79.38">Oops</w>
   <w nite:id="ES2013b.B.words1" starttime="79.38" endtime="79.38" punc="true">.</w>
   <w nite:id="ES2013b.B.words2" starttime="165.42" endtime="165.8">Uh</w>
   <w nite:id="ES2013b.B.words3" starttime="165.8" endtime="166.35">I</w>
   <w nite:id="ES2013b.B.words4" starttime="166.35" endtime="166.73">think</w>
   <w nite:id="ES2013b.B.words5" starttime="166.73" endtime="167.01">so</w>
   <w nite:id="ES2013b.B.words6" starttime="167.01" endtime="167.01" punc="true">,</w>
   <w nite:id="ES2013b.B.words7" starttime="167.01" endtime="167.15">we</w>
   <w nite:id="ES2013b.B.words8" starttime="167.15" endtime="167.43">we</w>
   <w nite:id="ES2013b.B.words9" starttime="167.43" endtime="167.57">we</w>
   <w nite:id="ES2013b.B.words10" starttime="167.57" endtime="167.88">talked</w>
   <w nite:id="ES2013b.B.words11" starttime="167.88" endtime="168.2">about</w>
   <w nite:id="ES2013b.B.words12" starttime="168.2" endtime="169.3">the</w>
   <w nite:id="ES2013b.B.words13" starttime="169.3" endtime="169.67">the</w>
   <w nite:id="ES2013b.B.words14" starttime="169.67" endtime="170.34">individual</w>
   <w nite:id="ES2013b.B.words15" starttime="170.34" endtime="170.81">roles</w>
   <w nite:id="ES2013b.B.words16" starttime="170.81" endtime="170.91">that</w>
   <w nite:id="ES2013b.B.words17" starttime="170.91" endtime="171.02">we</w>
   <w nite:id="ES2013b.B.words18" starttime="171.02" endtime="171.24">each</w>
   <w nite:id="ES2013b.B.words19" starttime="171.24" endtime="171.5">had</w>
   <w nite:id="ES2013b.B.words20" starttime="171.5" endtime="171.64">as</w>
   <w nite:id="ES2013b.B.words21" starttime="171.64" endtime="171.92">well</w>
   <w nite:id="ES2013b.B.words22" starttime="171.92" endtime="171.92" punc="true">.</w>
   <vocalsound nite:id="ES2013b.B.words23" starttime="177.008" endtime="177.008" type="laugh"/>
   <w nite:id="ES2013b.B.words24" starttime="177.03" endtime="177.38">Okay</w>
   <w nite:id="ES2013b.B.words25" starttime="177.38" endtime="177.38" punc="true">.</w>
   <w nite:id="ES2013b.B.words26" starttime="238.34" endtime="238.76">Oy</w>
   <w nite:id="ES2013b.B.words27" starttime="238.76" endtime="238.76" punc="true">,</w>
   <w nite:id="ES2013b.B.words28" starttime="238.76" endtime="238.91">big</w>
   <w nite:id="ES2013b.B.words29" starttime="238.91" endtime="239.18">loop</w>
   <w nite:id="ES2013b.B.words30" starttime="239.18" endtime="239.34">under</w>
   <w nite:id="ES2013b.B.words31" starttime="239.34" endtime="239.43">the</w>
   <w nite:id="ES2013b.B.words32" starttime="239.43" endtime="240.23">table</w>
   <w nite:id="ES2013b.B.words33" starttime="240.23" endtime="240.23" punc="true">.</w>
   <w nite:id="ES2013b.B.words34" starttime="421.14" endtime="421.3">Could</w>
   <disfmarker nite:id="ES2013b.B.words35" starttime="421.3" endtime="421.3"/>
   <w nite:id="ES2013b.B.words36" starttime="421.3" endtime="421.47">can</w>
   <w nite:id="ES2013b.B.words37" starttime="421.47" endtime="421.59">I</w>
   <w nite:id="ES2013b.B.words38" starttime="421.59" endtime="421.89">ask</w>
   <w nite:id="ES2013b.B.words39" starttime="421.89" endtime="422.08">where</w>
   <w nite:id="ES2013b.B.words40" starttime="422.08" endtime="422.27">these</w>
   <w nite:id="ES2013b.B.words41" starttime="422.27" endtime="422.53">figures</w>
   <w nite:id="ES2013b.B.words42" starttime="422.53" endtime="422.72">come</w>
   <w nite:id="ES2013b.B.words43" starttime="422.72" endtime="422.95">from</w>
   <w nite:id="ES2013b.B.words44" starttime="422.95" endtime="422.95" punc="true">,</w>
   <w nite:id="ES2013b.B.words45" starttime="422.95" endtime="423.02">is</w>
   <w nite:id="ES2013b.B.words46" starttime="423.02" endtime="423.19">this</w>
   <w nite:id="ES2013b.B.words47" starttime="423.19" endtime="423.45">market</w>
   <w nite:id="ES2013b.B.words48" starttime="423.45" endtime="423.8">research</w>
   <w nite:id="ES2013b.B.words49" starttime="423.8" endtime="424.29">we&#39;ve</w>
   <disfmarker nite:id="ES2013b.B.words50" starttime="424.29" endtime="424.491"/>
   <w nite:id="ES2013b.B.words51" starttime="430.8" endtime="431.08">Mm-hmm</w>
   <w nite:id="ES2013b.B.words52" starttime="431.08" endtime="431.08" punc="true">.</w>
   <vocalsound nite:id="ES2013b.B.words53" starttime="489.49" endtime="491.976" type="laugh"/>
   <w nite:id="ES2013b.B.words54" starttime="579.47" endtime="579.71">Um</w>
   <disfmarker nite:id="ES2013b.B.words55" starttime="579.71" endtime="579.839"/>
   <w nite:id="ES2013b.B.words56" starttime="604.49" endtime="604.66">How</w>
   <w nite:id="ES2013b.B.words57" starttime="604.66" endtime="605.46" trunc="true">d</w>
   <w nite:id="ES2013b.B.words58" starttime="605.46" endtime="605.63">I&#39;m</w>
   <w nite:id="ES2013b.B.words59" starttime="605.63" endtime="605.88">wondering</w>
   <w nite:id="ES2013b.B.words60" starttime="605.88" endtime="606.09">how</w>
   <w nite:id="ES2013b.B.words61" starttime="606.09" endtime="606.35">how</w>
   <w nite:id="ES2013b.B.words62" starttime="606.35" endtime="606.76" trunc="true">ou</w>
   <w nite:id="ES2013b.B.words63" starttime="606.76" endtime="607.49">how</w>
   <w nite:id="ES2013b.B.words64" starttime="607.49" endtime="607.82">our</w>
   <w nite:id="ES2013b.B.words65" starttime="607.82" endtime="608.22">target</w>
   <w nite:id="ES2013b.B.words66" starttime="608.22" endtime="608.65">price</w>
   <w nite:id="ES2013b.B.words67" starttime="608.65" endtime="609.26">compares</w>
   <w nite:id="ES2013b.B.words68" starttime="609.26" endtime="609.58">with</w>
   <w nite:id="ES2013b.B.words69" starttime="609.58" endtime="609.92">the</w>
   <w nite:id="ES2013b.B.words70" starttime="609.92" endtime="610.01">the</w>
   <w nite:id="ES2013b.B.words71" starttime="610.01" endtime="610.33">typical</w>
   <w nite:id="ES2013b.B.words72" starttime="610.33" endtime="610.63">price</w>
   <w nite:id="ES2013b.B.words73" starttime="610.63" endtime="610.71">of</w>
   <w nite:id="ES2013b.B.words74" starttime="610.71" endtime="610.89">these</w>
   <w nite:id="ES2013b.B.words75" starttime="610.89" endtime="611.21">things</w>
   <w nite:id="ES2013b.B.words76" starttime="611.21" endtime="611.21" punc="true">.</w>
   <w nite:id="ES2013b.B.words77" starttime="611.21" endtime="611.28">I</w>
   <w nite:id="ES2013b.B.words78" starttime="611.28" endtime="611.6">expect</w>
   <w nite:id="ES2013b.B.words79" starttime="611.6" endtime="611.68">an</w>
   <w nite:id="ES2013b.B.words80" starttime="611.68" endtime="612.12">Industrial</w>
   <w nite:id="ES2013b.B.words81" starttime="612.12" endtime="612.48">Designer</w>
   <w nite:id="ES2013b.B.words82" starttime="612.48" endtime="612.65">should</w>
   <w nite:id="ES2013b.B.words83" starttime="612.65" endtime="612.81">know</w>
   <w nite:id="ES2013b.B.words84" starttime="612.81" endtime="613.01">that</w>
   <w nite:id="ES2013b.B.words85" starttime="613.01" endtime="613.01" punc="true">,</w>
   <w nite:id="ES2013b.B.words86" starttime="613.01" endtime="613.64">but</w>
   <w nite:id="ES2013b.B.words87" starttime="613.64" endtime="613.77">if</w>
   <w nite:id="ES2013b.B.words88" starttime="613.77" endtime="613.99">we&#39;re</w>
   <w nite:id="ES2013b.B.words89" starttime="613.99" endtime="614.38">aiming</w>
   <w nite:id="ES2013b.B.words90" starttime="614.38" endtime="615.08">to</w>
   <w nite:id="ES2013b.B.words91" starttime="615.08" endtime="615.45">to</w>
   <w nite:id="ES2013b.B.words92" starttime="615.45" endtime="615.66">build</w>
   <w nite:id="ES2013b.B.words93" starttime="615.66" endtime="615.84">this</w>
   <w nite:id="ES2013b.B.words94" starttime="615.84" endtime="616.15">thing</w>
   <w nite:id="ES2013b.B.words95" starttime="616.15" endtime="616.24">for</w>
   <w nite:id="ES2013b.B.words96" starttime="616.24" endtime="616.54">twelve</w>
   <w nite:id="ES2013b.B.words97" starttime="616.54" endtime="616.88">Euros</w>
   <w nite:id="ES2013b.B.words98" starttime="616.88" endtime="618.35">fifty</w>
   <w nite:id="ES2013b.B.words99" starttime="618.35" endtime="618.35" punc="true">,</w>
   <w nite:id="ES2013b.B.words100" starttime="618.35" endtime="618.94">um</w>
   <w nite:id="ES2013b.B.words101" starttime="618.94" endtime="619.08">is</w>
   <w nite:id="ES2013b.B.words102" starttime="619.08" endtime="619.25">that</w>
   <w nite:id="ES2013b.B.words103" starttime="619.25" endtime="619.29">a</w>
   <w nite:id="ES2013b.B.words104" starttime="619.29" endtime="619.49">lot</w>
   <w nite:id="ES2013b.B.words105" starttime="619.49" endtime="619.66">or</w>
   <w nite:id="ES2013b.B.words106" starttime="619.66" endtime="619.69">a</w>
   <w nite:id="ES2013b.B.words107" starttime="619.69" endtime="619.96">little</w>
   <w nite:id="ES2013b.B.words108" starttime="619.96" endtime="619.96" punc="true">?</w>
   <vocalsound nite:id="ES2013b.B.words109" starttime="661.868" endtime="661.868" type="laugh"/>
   <w nite:id="ES2013b.B.words110" starttime="664.42" endtime="664.59" trunc="true">Sh</w>
   <w nite:id="ES2013b.B.words111" starttime="664.59" endtime="664.91">surely</w>
   <w nite:id="ES2013b.B.words112" starttime="664.91" endtime="665.12">he&#39;s</w>
   <w nite:id="ES2013b.B.words113" starttime="665.12" endtime="665.2">in</w>
   <w nite:id="ES2013b.B.words114" starttime="665.2" endtime="665.29">the</w>
   <w nite:id="ES2013b.B.words115" starttime="665.29" endtime="665.53">wrong</w>
   <w nite:id="ES2013b.B.words116" starttime="665.53" endtime="665.86">age</w>
   <w nite:id="ES2013b.B.words117" starttime="665.86" endtime="666.12">group</w>
   <w nite:id="ES2013b.B.words118" starttime="666.12" endtime="666.12" punc="true">.</w>
   <w nite:id="ES2013b.B.words119" starttime="666.12" endtime="666.19">He</w>
   <w nite:id="ES2013b.B.words120" starttime="666.19" endtime="666.4">must</w>
   <w nite:id="ES2013b.B.words121" starttime="666.4" endtime="666.49">be</w>
   <w nite:id="ES2013b.B.words122" starttime="666.49" endtime="666.79" trunc="true">w</w>
   <w nite:id="ES2013b.B.words123" starttime="666.79" endtime="666.93">one</w>
   <w nite:id="ES2013b.B.words124" starttime="666.93" endtime="667.04">of</w>
   <w nite:id="ES2013b.B.words125" starttime="667.04" endtime="667.07">a</w>
   <w nite:id="ES2013b.B.words126" starttime="667.07" endtime="667.39" trunc="true">s</w>
   <w nite:id="ES2013b.B.words127" starttime="667.39" endtime="667.93">small</w>
   <w nite:id="ES2013b.B.words128" starttime="667.93" endtime="673.27">population</w>
   <w nite:id="ES2013b.B.words129" starttime="673.27" endtime="673.27" punc="true">.</w>
   <vocalsound nite:id="ES2013b.B.words130" starttime="673.27" endtime="673.494" type="laugh"/>
   <w nite:id="ES2013b.B.words131" starttime="772.83" endtime="772.92">And</w>
   <w nite:id="ES2013b.B.words132" starttime="772.92" endtime="773.02">if</w>
   <w nite:id="ES2013b.B.words133" starttime="773.02" endtime="773.1">you</w>
   <w nite:id="ES2013b.B.words134" starttime="773.1" endtime="773.24">want</w>
   <w nite:id="ES2013b.B.words135" starttime="773.24" endtime="773.31">it</w>
   <w nite:id="ES2013b.B.words136" starttime="773.31" endtime="773.39">to</w>
   <w nite:id="ES2013b.B.words137" starttime="773.39" endtime="773.5">go</w>
   <w nite:id="ES2013b.B.words138" starttime="773.5" endtime="773.64">into</w>
   <w nite:id="ES2013b.B.words139" starttime="773.64" endtime="774.0">slide</w>
   <w nite:id="ES2013b.B.words140" starttime="774.0" endtime="774.15">show</w>
   <w nite:id="ES2013b.B.words141" starttime="774.15" endtime="774.42">mode</w>
   <w nite:id="ES2013b.B.words142" starttime="774.42" endtime="774.42" punc="true">,</w>
   <w nite:id="ES2013b.B.words143" starttime="774.42" endtime="774.71">it&#39;s</w>
   <w nite:id="ES2013b.B.words144" starttime="774.71" endtime="774.87">that</w>
   <w nite:id="ES2013b.B.words145" starttime="774.87" endtime="775.02">little</w>
   <w nite:id="ES2013b.B.words146" starttime="775.02" endtime="775.35">button</w>
   <w nite:id="ES2013b.B.words147" starttime="775.35" endtime="775.49">there</w>
   <w nite:id="ES2013b.B.words148" starttime="775.49" endtime="775.49" punc="true">.</w>
   <w nite:id="ES2013b.B.words149" starttime="782.47" endtime="782.7" trunc="true">I</w>
   <w nite:id="ES2013b.B.words150" starttime="782.7" endtime="782.8">you</w>
   <w nite:id="ES2013b.B.words151" starttime="782.8" endtime="783.01">can</w>
   <w nite:id="ES2013b.B.words152" starttime="783.01" endtime="783.08">if</w>
   <w nite:id="ES2013b.B.words153" starttime="783.08" endtime="783.23">you</w>
   <w nite:id="ES2013b.B.words154" starttime="783.23" endtime="783.4">like</w>
   <w nite:id="ES2013b.B.words155" starttime="783.4" endtime="783.4" punc="true">,</w>
   <w nite:id="ES2013b.B.words156" starttime="783.4" endtime="783.57">it</w>
   <w nite:id="ES2013b.B.words157" starttime="783.57" endtime="784.49">it</w>
   <disfmarker nite:id="ES2013b.B.words158" starttime="784.49" endtime="784.49"/>
   <w nite:id="ES2013b.B.words159" starttime="784.49" endtime="784.73">that</w>
   <w nite:id="ES2013b.B.words160" starttime="784.73" endtime="784.89">that</w>
   <w nite:id="ES2013b.B.words161" starttime="784.89" endtime="785.11">just</w>
   <w nite:id="ES2013b.B.words162" starttime="785.11" endtime="785.33">sets</w>
   <w nite:id="ES2013b.B.words163" starttime="785.33" endtime="785.44">it</w>
   <w nite:id="ES2013b.B.words164" starttime="785.44" endtime="785.55">up</w>
   <w nite:id="ES2013b.B.words165" starttime="785.55" endtime="785.65">to</w>
   <w nite:id="ES2013b.B.words166" starttime="785.65" endtime="785.81">do</w>
   <w nite:id="ES2013b.B.words167" starttime="785.81" endtime="785.88">a</w>
   <w nite:id="ES2013b.B.words168" starttime="785.88" endtime="786.06" trunc="true">p</w>
   <w nite:id="ES2013b.B.words169" starttime="786.06" endtime="786.36">a</w>
   <w nite:id="ES2013b.B.words170" starttime="786.36" endtime="787.12" trunc="true">p</w>
   <w nite:id="ES2013b.B.words171" starttime="787.12" endtime="787.22">no</w>
   <w nite:id="ES2013b.B.words172" starttime="787.22" endtime="787.38">that</w>
   <w nite:id="ES2013b.B.words173" starttime="787.38" endtime="787.71">one</w>
   <w nite:id="ES2013b.B.words174" starttime="787.71" endtime="787.71" punc="true">,</w>
   <w nite:id="ES2013b.B.words175" starttime="787.71" endtime="787.83">that</w>
   <w nite:id="ES2013b.B.words176" starttime="787.83" endtime="787.96">one</w>
   <w nite:id="ES2013b.B.words177" starttime="787.96" endtime="788.11">there</w>
   <w nite:id="ES2013b.B.words178" starttime="788.11" endtime="788.11" punc="true">.</w>
   <w nite:id="ES2013b.B.words179" starttime="789.25" endtime="789.52">Left</w>
   <w nite:id="ES2013b.B.words180" starttime="789.52" endtime="789.52" punc="true">,</w>
   <w nite:id="ES2013b.B.words181" starttime="789.52" endtime="789.74">left</w>
   <w nite:id="ES2013b.B.words182" starttime="789.74" endtime="789.79">a</w>
   <w nite:id="ES2013b.B.words183" starttime="789.79" endtime="789.97">bit</w>
   <w nite:id="ES2013b.B.words184" starttime="789.97" endtime="789.97" punc="true">,</w>
   <w nite:id="ES2013b.B.words185" starttime="789.97" endtime="790.18">left</w>
   <w nite:id="ES2013b.B.words186" starttime="790.18" endtime="790.21">a</w>
   <w nite:id="ES2013b.B.words187" starttime="790.21" endtime="790.35">bit</w>
   <w nite:id="ES2013b.B.words188" starttime="790.35" endtime="790.35" punc="true">,</w>
   <w nite:id="ES2013b.B.words189" starttime="790.35" endtime="790.55">that</w>
   <w nite:id="ES2013b.B.words190" starttime="790.55" endtime="790.77">one</w>
   <w nite:id="ES2013b.B.words191" starttime="790.77" endtime="790.77" punc="true">,</w>
   <w nite:id="ES2013b.B.words192" starttime="790.77" endtime="791.55">yep</w>
   <w nite:id="ES2013b.B.words193" starttime="791.55" endtime="791.55" punc="true">.</w>
   <w nite:id="ES2013b.B.words194" starttime="791.55" endtime="791.64">And</w>
   <w nite:id="ES2013b.B.words195" starttime="791.64" endtime="791.73">then</w>
   <w nite:id="ES2013b.B.words196" starttime="791.73" endtime="791.81">you</w>
   <w nite:id="ES2013b.B.words197" starttime="791.81" endtime="792.01">just</w>
   <w nite:id="ES2013b.B.words198" starttime="792.01" endtime="792.43">press</w>
   <w nite:id="ES2013b.B.words199" starttime="792.43" endtime="792.72">the</w>
   <w nite:id="ES2013b.B.words200" starttime="792.72" endtime="792.96">click</w>
   <w nite:id="ES2013b.B.words201" starttime="792.96" endtime="793.06">when</w>
   <w nite:id="ES2013b.B.words202" starttime="793.06" endtime="793.14">you</w>
   <w nite:id="ES2013b.B.words203" starttime="793.14" endtime="793.3">wanna</w>
   <w nite:id="ES2013b.B.words204" starttime="793.3" endtime="793.4">go</w>
   <w nite:id="ES2013b.B.words205" starttime="793.4" endtime="793.58">on</w>
   <w nite:id="ES2013b.B.words206" starttime="793.58" endtime="793.58" punc="true">.</w>
   <w nite:id="ES2013b.B.words207" starttime="1071.38" endtime="1071.79">Cheers</w>
   <w nite:id="ES2013b.B.words208" starttime="1071.79" endtime="1071.79" punc="true">.</w>
   <w nite:id="ES2013b.B.words209" starttime="1099.16" endtime="1099.23">Mm</w>
   <w nite:id="ES2013b.B.words210" starttime="1099.23" endtime="1099.23" punc="true">,</w>
   <w nite:id="ES2013b.B.words211" starttime="1099.23" endtime="1099.51">I</w>
   <w nite:id="ES2013b.B.words212" starttime="1099.51" endtime="1099.79">haven&#39;t</w>
   <w nite:id="ES2013b.B.words213" starttime="1099.79" endtime="1100.04">actually</w>
   <w nite:id="ES2013b.B.words214" starttime="1100.04" endtime="1100.99">got</w>
   <w nite:id="ES2013b.B.words215" starttime="1100.99" endtime="1101.04">a</w>
   <w nite:id="ES2013b.B.words216" starttime="1101.04" endtime="1101.33">display</w>
   <w nite:id="ES2013b.B.words217" starttime="1101.33" endtime="1101.46">on</w>
   <w nite:id="ES2013b.B.words218" starttime="1101.46" endtime="1101.63">my</w>
   <w nite:id="ES2013b.B.words219" starttime="1101.63" endtime="1102.05">screen</w>
   <w nite:id="ES2013b.B.words220" starttime="1102.05" endtime="1102.05" punc="true">.</w>
   <w nite:id="ES2013b.B.words221" starttime="1102.05" endtime="1102.34">Still</w>
   <w nite:id="ES2013b.B.words222" starttime="1102.34" endtime="1102.34" punc="true">,</w>
   <w nite:id="ES2013b.B.words223" starttime="1102.34" endtime="1102.48">I&#39;ll</w>
   <w nite:id="ES2013b.B.words224" starttime="1102.48" endtime="1102.73">do</w>
   <w nite:id="ES2013b.B.words225" starttime="1102.73" endtime="1103.33">without</w>
   <w nite:id="ES2013b.B.words226" starttime="1103.33" endtime="1104.89">that</w>
   <w nite:id="ES2013b.B.words227" starttime="1104.89" endtime="1104.89" punc="true">.</w>
   <w nite:id="ES2013b.B.words228" starttime="1104.89" endtime="1105.5">Okay</w>
   <w nite:id="ES2013b.B.words229" starttime="1105.5" endtime="1106.29">um</w>
   <w nite:id="ES2013b.B.words230" starttime="1106.29" endtime="1106.29" punc="true">,</w>
   <w nite:id="ES2013b.B.words231" starttime="1106.29" endtime="1106.42">now</w>
   <w nite:id="ES2013b.B.words232" starttime="1106.42" endtime="1106.48">I</w>
   <w nite:id="ES2013b.B.words233" starttime="1106.48" endtime="1106.86">wanna</w>
   <w nite:id="ES2013b.B.words234" starttime="1106.86" endtime="1107.02">bring</w>
   <w nite:id="ES2013b.B.words235" starttime="1107.02" endtime="1107.15">us</w>
   <w nite:id="ES2013b.B.words236" starttime="1107.15" endtime="1107.41">down</w>
   <w nite:id="ES2013b.B.words237" starttime="1107.41" endtime="1107.53">to</w>
   <w nite:id="ES2013b.B.words238" starttime="1107.53" endtime="1107.76">earth</w>
   <w nite:id="ES2013b.B.words239" starttime="1107.76" endtime="1108.0">again</w>
   <w nite:id="ES2013b.B.words240" starttime="1108.0" endtime="1108.11">I&#39;m</w>
   <w nite:id="ES2013b.B.words241" starttime="1108.11" endtime="1108.65">afraid</w>
   <w nite:id="ES2013b.B.words242" starttime="1108.65" endtime="1108.85">and</w>
   <w nite:id="ES2013b.B.words243" starttime="1108.85" endtime="1109.04">talk</w>
   <w nite:id="ES2013b.B.words244" starttime="1109.04" endtime="1109.35">about</w>
   <w nite:id="ES2013b.B.words245" starttime="1109.35" endtime="1109.47">the</w>
   <w nite:id="ES2013b.B.words246" starttime="1109.47" endtime="1109.83">actual</w>
   <w nite:id="ES2013b.B.words247" starttime="1109.83" endtime="1110.93">practicalities</w>
   <w nite:id="ES2013b.B.words248" starttime="1110.93" endtime="1111.81">of</w>
   <w nite:id="ES2013b.B.words249" starttime="1111.81" endtime="1112.03">how</w>
   <w nite:id="ES2013b.B.words250" starttime="1112.03" endtime="1112.13">the</w>
   <w nite:id="ES2013b.B.words251" starttime="1112.13" endtime="1112.34">thing</w>
   <w nite:id="ES2013b.B.words252" starttime="1112.34" endtime="1112.69">needs</w>
   <w nite:id="ES2013b.B.words253" starttime="1112.69" endtime="1112.82">to</w>
   <w nite:id="ES2013b.B.words254" starttime="1112.82" endtime="1113.52">work</w>
   <w nite:id="ES2013b.B.words255" starttime="1113.52" endtime="1113.52" punc="true">.</w>
   <vocalsound nite:id="ES2013b.B.words256" starttime="1115.904" endtime="1115.904" type="other"/>
   <w nite:id="ES2013b.B.words257" starttime="1116.75" endtime="1117.89">Um</w>
   <w nite:id="ES2013b.B.words258" starttime="1117.89" endtime="1117.98">oh</w>
   <w nite:id="ES2013b.B.words259" starttime="1117.98" endtime="1118.13">and</w>
   <w nite:id="ES2013b.B.words260" starttime="1118.13" endtime="1118.33">this</w>
   <w nite:id="ES2013b.B.words261" starttime="1118.33" endtime="1118.49">is</w>
   <w nite:id="ES2013b.B.words262" starttime="1118.49" endtime="1119.54">the</w>
   <w nite:id="ES2013b.B.words263" starttime="1119.54" endtime="1120.16">methodology</w>
   <w nite:id="ES2013b.B.words264" starttime="1120.16" endtime="1120.32">I</w>
   <w nite:id="ES2013b.B.words265" starttime="1120.32" endtime="1120.98">used</w>
   <w nite:id="ES2013b.B.words266" starttime="1120.98" endtime="1121.21">in</w>
   <w nite:id="ES2013b.B.words267" starttime="1121.21" endtime="1121.66">preparing</w>
   <w nite:id="ES2013b.B.words268" starttime="1121.66" endtime="1121.77">for</w>
   <w nite:id="ES2013b.B.words269" starttime="1121.77" endtime="1121.94">this</w>
   <w nite:id="ES2013b.B.words270" starttime="1121.94" endtime="1123.32">meeting</w>
   <w nite:id="ES2013b.B.words271" starttime="1123.32" endtime="1123.32" punc="true">.</w>
   <w nite:id="ES2013b.B.words272" starttime="1123.32" endtime="1124.45">Um</w>
   <w nite:id="ES2013b.B.words273" starttime="1124.45" endtime="1125.06">basically</w>
   <w nite:id="ES2013b.B.words274" starttime="1125.06" endtime="1125.18">I&#39;ve</w>
   <w nite:id="ES2013b.B.words275" starttime="1125.18" endtime="1125.34">been</w>
   <w nite:id="ES2013b.B.words276" starttime="1125.34" endtime="1125.52">doing</w>
   <w nite:id="ES2013b.B.words277" starttime="1125.52" endtime="1125.55">a</w>
   <w nite:id="ES2013b.B.words278" starttime="1125.55" endtime="1125.73">little</w>
   <w nite:id="ES2013b.B.words279" starttime="1125.73" endtime="1125.84">bit</w>
   <w nite:id="ES2013b.B.words280" starttime="1125.84" endtime="1125.96">of</w>
   <w nite:id="ES2013b.B.words281" starttime="1125.96" endtime="1126.52">web-based</w>
   <w nite:id="ES2013b.B.words282" starttime="1126.52" endtime="1128.14">research</w>
   <w nite:id="ES2013b.B.words283" starttime="1128.14" endtime="1128.14" punc="true">,</w>
   <vocalsound nite:id="ES2013b.B.words284" starttime="1128.14" endtime="1128.14" type="other"/>
   <w nite:id="ES2013b.B.words285" starttime="1128.14" endtime="1128.31">and</w>
   <w nite:id="ES2013b.B.words286" starttime="1128.31" endtime="1128.41">if</w>
   <w nite:id="ES2013b.B.words287" starttime="1128.41" endtime="1128.52">I</w>
   <w nite:id="ES2013b.B.words288" starttime="1128.52" endtime="1128.73">had</w>
   <w nite:id="ES2013b.B.words289" starttime="1128.73" endtime="1129.01">a</w>
   <w nite:id="ES2013b.B.words290" starttime="1129.01" endtime="1129.37">design</w>
   <w nite:id="ES2013b.B.words291" starttime="1129.37" endtime="1129.65">team</w>
   <w nite:id="ES2013b.B.words292" starttime="1129.65" endtime="1129.65" punc="true">,</w>
   <w nite:id="ES2013b.B.words293" starttime="1129.65" endtime="1129.84">I</w>
   <w nite:id="ES2013b.B.words294" starttime="1129.84" endtime="1130.07">would&#39;ve</w>
   <w nite:id="ES2013b.B.words295" starttime="1130.07" endtime="1130.25">been</w>
   <w nite:id="ES2013b.B.words296" starttime="1130.25" endtime="1131.14">discussing</w>
   <w nite:id="ES2013b.B.words297" starttime="1131.14" endtime="1131.55">my</w>
   <w nite:id="ES2013b.B.words298" starttime="1131.55" endtime="1132.01">ideas</w>
   <w nite:id="ES2013b.B.words299" starttime="1132.01" endtime="1132.2">with</w>
   <w nite:id="ES2013b.B.words300" starttime="1132.2" endtime="1133.19">&#39;em</w>
   <w nite:id="ES2013b.B.words301" starttime="1133.19" endtime="1133.19" punc="true">.</w>
   <w nite:id="ES2013b.B.words302" starttime="1133.19" endtime="1133.37">But</w>
   <w nite:id="ES2013b.B.words303" starttime="1133.37" endtime="1133.98">the</w>
   <w nite:id="ES2013b.B.words304" starttime="1133.98" endtime="1134.07">the</w>
   <w nite:id="ES2013b.B.words305" starttime="1134.07" endtime="1134.24">net</w>
   <w nite:id="ES2013b.B.words306" starttime="1134.24" endtime="1134.61">result</w>
   <w nite:id="ES2013b.B.words307" starttime="1134.61" endtime="1134.8">is</w>
   <w nite:id="ES2013b.B.words308" starttime="1134.8" endtime="1135.17">that</w>
   <w nite:id="ES2013b.B.words309" starttime="1135.17" endtime="1135.32">I&#39;ve</w>
   <w nite:id="ES2013b.B.words310" starttime="1135.32" endtime="1135.48">come</w>
   <w nite:id="ES2013b.B.words311" starttime="1135.48" endtime="1135.6">up</w>
   <w nite:id="ES2013b.B.words312" starttime="1135.6" endtime="1135.7">with</w>
   <w nite:id="ES2013b.B.words313" starttime="1135.7" endtime="1135.75">a</w>
   <w nite:id="ES2013b.B.words314" starttime="1135.75" endtime="1136.08">first</w>
   <w nite:id="ES2013b.B.words315" starttime="1136.08" endtime="1136.29">cut</w>
   <w nite:id="ES2013b.B.words316" starttime="1136.29" endtime="1136.46">for</w>
   <w nite:id="ES2013b.B.words317" starttime="1136.46" endtime="1136.54">the</w>
   <w nite:id="ES2013b.B.words318" starttime="1136.54" endtime="1136.84">working</w>
   <w nite:id="ES2013b.B.words319" starttime="1136.84" endtime="1137.2">design</w>
   <w nite:id="ES2013b.B.words320" starttime="1137.2" endtime="1137.33">that</w>
   <w nite:id="ES2013b.B.words321" starttime="1137.33" endtime="1137.48">I&#39;d</w>
   <w nite:id="ES2013b.B.words322" starttime="1137.48" endtime="1137.67">like</w>
   <w nite:id="ES2013b.B.words323" starttime="1137.67" endtime="1137.9">to</w>
   <w nite:id="ES2013b.B.words324" starttime="1137.9" endtime="1138.31">discuss</w>
   <w nite:id="ES2013b.B.words325" starttime="1138.31" endtime="1138.46">with</w>
   <w nite:id="ES2013b.B.words326" starttime="1138.46" endtime="1138.75">you</w>
   <w nite:id="ES2013b.B.words327" starttime="1138.75" endtime="1138.75" punc="true">.</w>
   <w nite:id="ES2013b.B.words328" starttime="1141.75" endtime="1142.48">So</w>
   <w nite:id="ES2013b.B.words329" starttime="1142.48" endtime="1142.48" punc="true">,</w>
   <w nite:id="ES2013b.B.words330" starttime="1142.48" endtime="1142.72">let&#39;s</w>
   <w nite:id="ES2013b.B.words331" starttime="1142.72" endtime="1142.86">go</w>
   <w nite:id="ES2013b.B.words332" starttime="1142.86" endtime="1143.02">back</w>
   <w nite:id="ES2013b.B.words333" starttime="1143.02" endtime="1143.12">to</w>
   <w nite:id="ES2013b.B.words334" starttime="1143.12" endtime="1143.27">what</w>
   <w nite:id="ES2013b.B.words335" starttime="1143.27" endtime="1143.39">the</w>
   <w nite:id="ES2013b.B.words336" starttime="1143.39" endtime="1143.72">basic</w>
   <w nite:id="ES2013b.B.words337" starttime="1143.72" endtime="1144.31">function</w>
   <w nite:id="ES2013b.B.words338" starttime="1144.31" endtime="1144.56">of</w>
   <w nite:id="ES2013b.B.words339" starttime="1144.56" endtime="1144.7">a</w>
   <w nite:id="ES2013b.B.words340" starttime="1144.7" endtime="1145.0">remote</w>
   <w nite:id="ES2013b.B.words341" starttime="1145.0" endtime="1145.43">control</w>
   <w nite:id="ES2013b.B.words342" starttime="1145.43" endtime="1145.77">is</w>
   <w nite:id="ES2013b.B.words343" starttime="1145.77" endtime="1145.77" punc="true">.</w>
   <w nite:id="ES2013b.B.words344" starttime="1145.77" endtime="1146.21">It&#39;s</w>
   <w nite:id="ES2013b.B.words345" starttime="1146.21" endtime="1146.68">for</w>
   <w nite:id="ES2013b.B.words346" starttime="1146.68" endtime="1147.06">sending</w>
   <w nite:id="ES2013b.B.words347" starttime="1147.06" endtime="1147.12">a</w>
   <w nite:id="ES2013b.B.words348" starttime="1147.12" endtime="1147.93">message</w>
   <w nite:id="ES2013b.B.words349" starttime="1147.93" endtime="1147.93" punc="true">,</w>
   <w nite:id="ES2013b.B.words350" starttime="1147.93" endtime="1148.98">um</w>
   <w nite:id="ES2013b.B.words351" starttime="1148.98" endtime="1149.63">typically</w>
   <w nite:id="ES2013b.B.words352" starttime="1149.63" endtime="1149.98">um</w>
   <w nite:id="ES2013b.B.words353" starttime="1149.98" endtime="1150.3">via</w>
   <w nite:id="ES2013b.B.words354" starttime="1150.3" endtime="1152.64">infrared</w>
   <w nite:id="ES2013b.B.words355" starttime="1152.64" endtime="1152.64" punc="true">.</w>
   <vocalsound nite:id="ES2013b.B.words356" starttime="1152.64" endtime="1152.64" type="other"/>
   <w nite:id="ES2013b.B.words357" starttime="1152.64" endtime="1153.75">And</w>
   <w nite:id="ES2013b.B.words358" starttime="1153.75" endtime="1154.16">the</w>
   <w nite:id="ES2013b.B.words359" starttime="1154.16" endtime="1154.25">the</w>
   <w nite:id="ES2013b.B.words360" starttime="1154.25" endtime="1154.54">basic</w>
   <w nite:id="ES2013b.B.words361" starttime="1154.54" endtime="1155.13">components</w>
   <w nite:id="ES2013b.B.words362" starttime="1155.13" endtime="1155.29">we&#39;ve</w>
   <w nite:id="ES2013b.B.words363" starttime="1155.29" endtime="1155.48">got</w>
   <w nite:id="ES2013b.B.words364" starttime="1155.48" endtime="1155.59">to</w>
   <w nite:id="ES2013b.B.words365" starttime="1155.59" endtime="1155.84">build</w>
   <w nite:id="ES2013b.B.words366" starttime="1155.84" endtime="1156.04">in</w>
   <w nite:id="ES2013b.B.words367" starttime="1156.04" endtime="1156.25">for</w>
   <w nite:id="ES2013b.B.words368" starttime="1156.25" endtime="1156.49">our</w>
   <w nite:id="ES2013b.B.words369" starttime="1156.49" endtime="1156.76">twelve</w>
   <w nite:id="ES2013b.B.words370" starttime="1156.76" endtime="1157.1">Euros</w>
   <w nite:id="ES2013b.B.words371" starttime="1157.1" endtime="1158.15">fifty</w>
   <w nite:id="ES2013b.B.words372" starttime="1158.15" endtime="1158.9">are</w>
   <w nite:id="ES2013b.B.words373" starttime="1158.9" endtime="1159.64">um</w>
   <w nite:id="ES2013b.B.words374" starttime="1159.64" endtime="1159.9">an</w>
   <w nite:id="ES2013b.B.words375" starttime="1159.9" endtime="1160.25">energy</w>
   <w nite:id="ES2013b.B.words376" starttime="1160.25" endtime="1162.04">source</w>
   <w nite:id="ES2013b.B.words377" starttime="1162.04" endtime="1162.04" punc="true">,</w>
   <w nite:id="ES2013b.B.words378" starttime="1162.04" endtime="1162.11">the</w>
   <w nite:id="ES2013b.B.words379" starttime="1162.11" endtime="1162.66">user</w>
   <w nite:id="ES2013b.B.words380" starttime="1162.66" endtime="1163.91">interface</w>
   <w nite:id="ES2013b.B.words381" starttime="1163.91" endtime="1164.38">and</w>
   <disfmarker nite:id="ES2013b.B.words382" starttime="1164.38" endtime="1164.432"/>
   <w nite:id="ES2013b.B.words383" starttime="1165.72" endtime="1166.52">which</w>
   <w nite:id="ES2013b.B.words384" starttime="1166.52" endtime="1167.07">will</w>
   <w nite:id="ES2013b.B.words385" starttime="1167.07" endtime="1168.37">um</w>
   <w nite:id="ES2013b.B.words386" starttime="1168.37" endtime="1169.46" trunc="true">in</w>
   <w nite:id="ES2013b.B.words387" starttime="1169.46" endtime="1170.72">incorporate</w>
   <w nite:id="ES2013b.B.words388" starttime="1170.72" endtime="1170.99">um</w>
   <w nite:id="ES2013b.B.words389" starttime="1170.99" endtime="1171.09">an</w>
   <w nite:id="ES2013b.B.words390" starttime="1171.09" endtime="1171.51">integrated</w>
   <w nite:id="ES2013b.B.words391" starttime="1171.51" endtime="1172.75">circuit</w>
   <w nite:id="ES2013b.B.words392" starttime="1172.75" endtime="1172.86">that</w>
   <w nite:id="ES2013b.B.words393" starttime="1172.86" endtime="1173.17">actually</w>
   <w nite:id="ES2013b.B.words394" starttime="1173.17" endtime="1173.85">composes</w>
   <w nite:id="ES2013b.B.words395" starttime="1173.85" endtime="1173.94">the</w>
   <w nite:id="ES2013b.B.words396" starttime="1173.94" endtime="1175.46">message</w>
   <w nite:id="ES2013b.B.words397" starttime="1175.46" endtime="1175.68">um</w>
   <w nite:id="ES2013b.B.words398" starttime="1175.68" endtime="1176.04">based</w>
   <w nite:id="ES2013b.B.words399" starttime="1176.04" endtime="1176.21">on</w>
   <w nite:id="ES2013b.B.words400" starttime="1176.21" endtime="1176.43">what</w>
   <w nite:id="ES2013b.B.words401" starttime="1176.43" endtime="1176.96">the</w>
   <disfmarker nite:id="ES2013b.B.words402" starttime="1176.96" endtime="1176.96"/>
   <w nite:id="ES2013b.B.words403" starttime="1176.96" endtime="1177.16">which</w>
   <w nite:id="ES2013b.B.words404" starttime="1177.16" endtime="1177.49">buttons</w>
   <w nite:id="ES2013b.B.words405" starttime="1177.49" endtime="1177.56">the</w>
   <w nite:id="ES2013b.B.words406" starttime="1177.56" endtime="1177.77">user</w>
   <w nite:id="ES2013b.B.words407" starttime="1177.77" endtime="1178.19">presses</w>
   <w nite:id="ES2013b.B.words408" starttime="1178.19" endtime="1178.19" punc="true">,</w>
   <w nite:id="ES2013b.B.words409" starttime="1178.19" endtime="1178.35">we</w>
   <w nite:id="ES2013b.B.words410" starttime="1178.35" endtime="1178.6">turn</w>
   <w nite:id="ES2013b.B.words411" starttime="1178.6" endtime="1178.77">that</w>
   <w nite:id="ES2013b.B.words412" starttime="1178.77" endtime="1179.03">into</w>
   <w nite:id="ES2013b.B.words413" starttime="1179.03" endtime="1179.09">a</w>
   <w nite:id="ES2013b.B.words414" starttime="1179.09" endtime="1180.42">message</w>
   <w nite:id="ES2013b.B.words415" starttime="1180.42" endtime="1180.42" punc="true">,</w>
   <w nite:id="ES2013b.B.words416" starttime="1180.42" endtime="1181.35">um</w>
   <w nite:id="ES2013b.B.words417" starttime="1181.35" endtime="1182.09">and</w>
   <w nite:id="ES2013b.B.words418" starttime="1182.09" endtime="1182.31">then</w>
   <w nite:id="ES2013b.B.words419" starttime="1182.31" endtime="1182.42">we</w>
   <w nite:id="ES2013b.B.words420" starttime="1182.42" endtime="1182.61">need</w>
   <w nite:id="ES2013b.B.words421" starttime="1182.61" endtime="1182.68">a</w>
   <w nite:id="ES2013b.B.words422" starttime="1182.68" endtime="1183.1">sending</w>
   <w nite:id="ES2013b.B.words423" starttime="1183.1" endtime="1183.63">mechanism</w>
   <w nite:id="ES2013b.B.words424" starttime="1183.63" endtime="1183.9">to</w>
   <w nite:id="ES2013b.B.words425" starttime="1183.9" endtime="1184.17">send</w>
   <w nite:id="ES2013b.B.words426" starttime="1184.17" endtime="1184.25">it</w>
   <w nite:id="ES2013b.B.words427" starttime="1184.25" endtime="1184.36">to</w>
   <w nite:id="ES2013b.B.words428" starttime="1184.36" endtime="1184.45">the</w>
   <w nite:id="ES2013b.B.words429" starttime="1184.45" endtime="1185.53">receiver</w>
   <w nite:id="ES2013b.B.words430" starttime="1185.53" endtime="1185.53" punc="true">.</w>
   <w nite:id="ES2013b.B.words431" starttime="1185.53" endtime="1185.9">Now</w>
   <w nite:id="ES2013b.B.words432" starttime="1185.9" endtime="1186.06">I</w>
   <w nite:id="ES2013b.B.words433" starttime="1186.06" endtime="1186.3">would</w>
   <w nite:id="ES2013b.B.words434" starttime="1186.3" endtime="1186.47">have</w>
   <w nite:id="ES2013b.B.words435" starttime="1186.47" endtime="1186.88">hoped</w>
   <disfmarker nite:id="ES2013b.B.words436" starttime="1186.88" endtime="1186.88"/>
   <w nite:id="ES2013b.B.words437" starttime="1186.88" endtime="1186.93">I</w>
   <w nite:id="ES2013b.B.words438" starttime="1186.93" endtime="1187.1">think</w>
   <w nite:id="ES2013b.B.words439" starttime="1187.1" endtime="1187.26">that&#39;s</w>
   <w nite:id="ES2013b.B.words440" starttime="1187.26" endtime="1187.46">my</w>
   <w nite:id="ES2013b.B.words441" starttime="1187.46" endtime="1187.61">only</w>
   <w nite:id="ES2013b.B.words442" starttime="1187.61" endtime="1187.95">slide</w>
   <w nite:id="ES2013b.B.words443" starttime="1187.95" endtime="1188.24">actually</w>
   <w nite:id="ES2013b.B.words444" starttime="1188.24" endtime="1188.24" punc="true">,</w>
   <w nite:id="ES2013b.B.words445" starttime="1188.24" endtime="1188.42">yeah</w>
   <w nite:id="ES2013b.B.words446" starttime="1188.42" endtime="1188.42" punc="true">.</w>
   <w nite:id="ES2013b.B.words447" starttime="1188.42" endtime="1188.5">I</w>
   <w nite:id="ES2013b.B.words448" starttime="1188.5" endtime="1188.7">would</w>
   <w nite:id="ES2013b.B.words449" starttime="1188.7" endtime="1188.88">have</w>
   <w nite:id="ES2013b.B.words450" starttime="1188.88" endtime="1189.0">have</w>
   <w nite:id="ES2013b.B.words451" starttime="1189.0" endtime="1189.25">hoped</w>
   <w nite:id="ES2013b.B.words452" starttime="1189.25" endtime="1189.67">to</w>
   <w nite:id="ES2013b.B.words453" starttime="1189.67" endtime="1190.04">um</w>
   <w nite:id="ES2013b.B.words454" starttime="1192.28" endtime="1192.38">do</w>
   <w nite:id="ES2013b.B.words455" starttime="1192.38" endtime="1192.7">you</w>
   <w nite:id="ES2013b.B.words456" starttime="1192.7" endtime="1192.77">a</w>
   <w nite:id="ES2013b.B.words457" starttime="1192.77" endtime="1193.21">pretty</w>
   <w nite:id="ES2013b.B.words458" starttime="1193.21" endtime="1193.83">PowerPoint</w>
   <w nite:id="ES2013b.B.words459" starttime="1193.83" endtime="1194.53">slide</w>
   <w nite:id="ES2013b.B.words460" starttime="1194.53" endtime="1195.12">of</w>
   <w nite:id="ES2013b.B.words461" starttime="1195.12" endtime="1196.33">um</w>
   <w nite:id="ES2013b.B.words462" starttime="1196.33" endtime="1196.59">my</w>
   <w nite:id="ES2013b.B.words463" starttime="1196.59" endtime="1196.95">first</w>
   <w nite:id="ES2013b.B.words464" starttime="1196.95" endtime="1197.12">cut</w>
   <w nite:id="ES2013b.B.words465" starttime="1197.12" endtime="1197.55">design</w>
   <w nite:id="ES2013b.B.words466" starttime="1197.55" endtime="1197.55" punc="true">,</w>
   <w nite:id="ES2013b.B.words467" starttime="1197.55" endtime="1197.7">but</w>
   <w nite:id="ES2013b.B.words468" starttime="1197.7" endtime="1198.29">unfortunately</w>
   <w nite:id="ES2013b.B.words469" starttime="1198.29" endtime="1198.35">the</w>
   <w nite:id="ES2013b.B.words470" starttime="1198.35" endtime="1198.77">technology</w>
   <w nite:id="ES2013b.B.words471" starttime="1198.77" endtime="1199.32">defeated</w>
   <w nite:id="ES2013b.B.words472" starttime="1199.32" endtime="1199.51">me</w>
   <w nite:id="ES2013b.B.words473" starttime="1199.51" endtime="1199.51" punc="true">,</w>
   <w nite:id="ES2013b.B.words474" starttime="1199.51" endtime="1199.85">so</w>
   <w nite:id="ES2013b.B.words475" starttime="1199.85" endtime="1199.99">if</w>
   <w nite:id="ES2013b.B.words476" starttime="1199.99" endtime="1200.12">you&#39;ll</w>
   <w nite:id="ES2013b.B.words477" starttime="1200.12" endtime="1200.34">bear</w>
   <w nite:id="ES2013b.B.words478" starttime="1200.34" endtime="1200.47">with</w>
   <w nite:id="ES2013b.B.words479" starttime="1200.47" endtime="1200.65">me</w>
   <w nite:id="ES2013b.B.words480" starttime="1200.65" endtime="1200.88">I&#39;ll</w>
   <w nite:id="ES2013b.B.words481" starttime="1200.88" endtime="1200.98">do</w>
   <w nite:id="ES2013b.B.words482" starttime="1200.98" endtime="1201.09">it</w>
   <w nite:id="ES2013b.B.words483" starttime="1201.09" endtime="1201.23">on</w>
   <w nite:id="ES2013b.B.words484" starttime="1201.23" endtime="1201.29">the</w>
   <w nite:id="ES2013b.B.words485" starttime="1201.29" endtime="1202.82">whiteboard</w>
   <w nite:id="ES2013b.B.words486" starttime="1202.82" endtime="1202.82" punc="true">.</w>
   <vocalsound nite:id="ES2013b.B.words487" starttime="1202.82" endtime="1202.864" type="other"/>
   <w nite:id="ES2013b.B.words488" starttime="1207.19" endtime="1207.61">So</w>
   <w nite:id="ES2013b.B.words489" starttime="1207.61" endtime="1207.74">we</w>
   <w nite:id="ES2013b.B.words490" starttime="1207.74" endtime="1207.96">want</w>
   <w nite:id="ES2013b.B.words491" starttime="1207.96" endtime="1208.14">an</w>
   <w nite:id="ES2013b.B.words492" starttime="1208.14" endtime="1208.49">energy</w>
   <w nite:id="ES2013b.B.words493" starttime="1208.49" endtime="1209.39">source</w>
   <w nite:id="ES2013b.B.words494" starttime="1212.37" endtime="1212.7">which</w>
   <w nite:id="ES2013b.B.words495" starttime="1212.7" endtime="1212.94">is</w>
   <w nite:id="ES2013b.B.words496" starttime="1212.94" endtime="1214.41">there</w>
   <w nite:id="ES2013b.B.words497" starttime="1214.41" endtime="1214.41" punc="true">.</w>
   <w nite:id="ES2013b.B.words498" starttime="1216.5" endtime="1216.63">And</w>
   <w nite:id="ES2013b.B.words499" starttime="1216.63" endtime="1216.77">we&#39;ve</w>
   <w nite:id="ES2013b.B.words500" starttime="1216.77" endtime="1216.9">got</w>
   <w nite:id="ES2013b.B.words501" starttime="1216.9" endtime="1216.97">to</w>
   <w nite:id="ES2013b.B.words502" starttime="1216.97" endtime="1217.18">think</w>
   <w nite:id="ES2013b.B.words503" starttime="1217.18" endtime="1217.43">about</w>
   <w nite:id="ES2013b.B.words504" starttime="1217.43" endtime="1217.59">what</w>
   <w nite:id="ES2013b.B.words505" starttime="1217.59" endtime="1217.75">that</w>
   <w nite:id="ES2013b.B.words506" starttime="1217.75" endtime="1218.0">might</w>
   <w nite:id="ES2013b.B.words507" starttime="1218.0" endtime="1218.78">be</w>
   <w nite:id="ES2013b.B.words508" starttime="1218.78" endtime="1218.78" punc="true">.</w>
   <w nite:id="ES2013b.B.words509" starttime="1218.78" endtime="1219.74">Uh</w>
   <w nite:id="ES2013b.B.words510" starttime="1219.74" endtime="1219.8">we</w>
   <w nite:id="ES2013b.B.words511" starttime="1219.8" endtime="1220.87">obviously</w>
   <w nite:id="ES2013b.B.words512" starttime="1220.87" endtime="1221.01">don&#39;t</w>
   <w nite:id="ES2013b.B.words513" starttime="1221.01" endtime="1221.21">want</w>
   <w nite:id="ES2013b.B.words514" starttime="1221.21" endtime="1221.52">wires</w>
   <w nite:id="ES2013b.B.words515" starttime="1221.52" endtime="1221.66">on</w>
   <w nite:id="ES2013b.B.words516" starttime="1221.66" endtime="1221.79">this</w>
   <w nite:id="ES2013b.B.words517" starttime="1221.79" endtime="1223.29">thing</w>
   <w nite:id="ES2013b.B.words518" starttime="1223.29" endtime="1223.29" punc="true">.</w>
   <w nite:id="ES2013b.B.words519" starttime="1223.29" endtime="1223.84">Uh</w>
   <w nite:id="ES2013b.B.words520" starttime="1223.84" endtime="1224.19">typically</w>
   <w nite:id="ES2013b.B.words521" starttime="1224.19" endtime="1224.26">it</w>
   <w nite:id="ES2013b.B.words522" starttime="1224.26" endtime="1224.38">would</w>
   <w nite:id="ES2013b.B.words523" starttime="1224.38" endtime="1224.47">be</w>
   <w nite:id="ES2013b.B.words524" starttime="1224.47" endtime="1224.53">a</w>
   <w nite:id="ES2013b.B.words525" starttime="1224.53" endtime="1225.01">battery</w>
   <w nite:id="ES2013b.B.words526" starttime="1225.01" endtime="1225.01" punc="true">,</w>
   <w nite:id="ES2013b.B.words527" starttime="1225.01" endtime="1225.5">but</w>
   <w nite:id="ES2013b.B.words528" starttime="1225.5" endtime="1225.68">I&#39;m</w>
   <w nite:id="ES2013b.B.words529" starttime="1225.68" endtime="1225.9">open</w>
   <w nite:id="ES2013b.B.words530" starttime="1225.9" endtime="1225.98">to</w>
   <w nite:id="ES2013b.B.words531" starttime="1225.98" endtime="1228.04">suggestions</w>
   <w nite:id="ES2013b.B.words532" starttime="1228.04" endtime="1228.04" punc="true">.</w>
   <vocalsound nite:id="ES2013b.B.words533" starttime="1228.04" endtime="1228.04" type="laugh"/>
   <w nite:id="ES2013b.B.words534" starttime="1228.04" endtime="1229.69">Um</w>
   <w nite:id="ES2013b.B.words535" starttime="1229.69" endtime="1231.24">and</w>
   <w nite:id="ES2013b.B.words536" starttime="1234.42" endtime="1234.72">then</w>
   <w nite:id="ES2013b.B.words537" starttime="1234.72" endtime="1234.85">we</w>
   <w nite:id="ES2013b.B.words538" starttime="1234.85" endtime="1235.14">have</w>
   <w nite:id="ES2013b.B.words539" starttime="1235.14" endtime="1235.98">the</w>
   <w nite:id="ES2013b.B.words540" starttime="1235.98" endtime="1236.08">the</w>
   <w nite:id="ES2013b.B.words541" starttime="1236.08" endtime="1236.4">user</w>
   <w nite:id="ES2013b.B.words542" starttime="1236.4" endtime="1237.45">interface</w>
   <w nite:id="ES2013b.B.words543" starttime="1237.45" endtime="1237.45" punc="true">.</w>
   <w nite:id="ES2013b.B.words544" starttime="1239.73" endtime="1240.45">Oops</w>
   <w nite:id="ES2013b.B.words545" starttime="1240.45" endtime="1240.45" punc="true">.</w>
   <w nite:id="ES2013b.B.words546" starttime="1246.25" endtime="1246.39">And</w>
   <w nite:id="ES2013b.B.words547" starttime="1246.39" endtime="1246.46">the</w>
   <w nite:id="ES2013b.B.words548" starttime="1246.46" endtime="1246.74">main</w>
   <w nite:id="ES2013b.B.words549" starttime="1246.74" endtime="1247.79">components</w>
   <w nite:id="ES2013b.B.words550" starttime="1247.79" endtime="1248.05">in</w>
   <w nite:id="ES2013b.B.words551" starttime="1248.05" endtime="1248.4">there</w>
   <w nite:id="ES2013b.B.words552" starttime="1248.4" endtime="1248.74">are</w>
   <w nite:id="ES2013b.B.words553" starttime="1248.74" endtime="1249.19">the</w>
   <w nite:id="ES2013b.B.words554" starttime="1257.63" endtime="1258.22">the</w>
   <w nite:id="ES2013b.B.words555" starttime="1258.22" endtime="1258.83" trunc="true">th</w>
   <w nite:id="ES2013b.B.words556" starttime="1258.83" endtime="1258.99">the</w>
   <w nite:id="ES2013b.B.words557" starttime="1258.99" endtime="1259.28">chip</w>
   <w nite:id="ES2013b.B.words558" starttime="1259.28" endtime="1259.41">that</w>
   <w nite:id="ES2013b.B.words559" starttime="1259.41" endtime="1259.67">actually</w>
   <w nite:id="ES2013b.B.words560" starttime="1259.67" endtime="1259.84">has</w>
   <w nite:id="ES2013b.B.words561" starttime="1259.84" endtime="1259.91">the</w>
   <w nite:id="ES2013b.B.words562" starttime="1259.91" endtime="1260.43">intelligence</w>
   <w nite:id="ES2013b.B.words563" starttime="1260.43" endtime="1260.52">of</w>
   <w nite:id="ES2013b.B.words564" starttime="1260.52" endtime="1260.58">the</w>
   <w nite:id="ES2013b.B.words565" starttime="1260.58" endtime="1260.94">machine</w>
   <w nite:id="ES2013b.B.words566" starttime="1260.94" endtime="1261.05">that</w>
   <w nite:id="ES2013b.B.words567" starttime="1261.05" endtime="1262.08">translates</w>
   <w nite:id="ES2013b.B.words568" starttime="1262.08" endtime="1262.35">button</w>
   <w nite:id="ES2013b.B.words569" starttime="1262.35" endtime="1262.83">presses</w>
   <w nite:id="ES2013b.B.words570" starttime="1262.83" endtime="1263.11">into</w>
   <w nite:id="ES2013b.B.words571" starttime="1263.11" endtime="1263.18">a</w>
   <w nite:id="ES2013b.B.words572" starttime="1263.18" endtime="1265.23">message</w>
   <w nite:id="ES2013b.B.words573" starttime="1265.23" endtime="1265.23" punc="true">,</w>
   <w nite:id="ES2013b.B.words574" starttime="1265.23" endtime="1265.61">which</w>
   <w nite:id="ES2013b.B.words575" starttime="1265.61" endtime="1265.81">it</w>
   <w nite:id="ES2013b.B.words576" starttime="1265.81" endtime="1266.29">then</w>
   <w nite:id="ES2013b.B.words577" starttime="1269.79" endtime="1270.49">transfers</w>
   <w nite:id="ES2013b.B.words578" starttime="1270.49" endtime="1270.63">to</w>
   <w nite:id="ES2013b.B.words579" starttime="1270.63" endtime="1270.92">some</w>
   <w nite:id="ES2013b.B.words580" starttime="1270.92" endtime="1271.35">sending</w>
   <w nite:id="ES2013b.B.words581" starttime="1271.35" endtime="1272.93">mechanism</w>
   <w nite:id="ES2013b.B.words582" starttime="1272.93" endtime="1272.93" punc="true">,</w>
   <w nite:id="ES2013b.B.words583" starttime="1272.93" endtime="1273.16">which</w>
   <w nite:id="ES2013b.B.words584" starttime="1273.16" endtime="1273.8">encodes</w>
   <w nite:id="ES2013b.B.words585" starttime="1273.8" endtime="1274.3">it</w>
   <w nite:id="ES2013b.B.words586" starttime="1286.1" endtime="1286.38">and</w>
   <w nite:id="ES2013b.B.words587" starttime="1286.38" endtime="1286.81">sends</w>
   <w nite:id="ES2013b.B.words588" starttime="1286.81" endtime="1286.97">the</w>
   <w nite:id="ES2013b.B.words589" starttime="1286.97" endtime="1287.34">message</w>
   <w nite:id="ES2013b.B.words590" starttime="1287.34" endtime="1287.54">to</w>
   <w nite:id="ES2013b.B.words591" starttime="1287.54" endtime="1287.64">the</w>
   <w nite:id="ES2013b.B.words592" starttime="1287.64" endtime="1288.09">receiver</w>
   <w nite:id="ES2013b.B.words593" starttime="1288.09" endtime="1288.09" punc="true">.</w>
   <w nite:id="ES2013b.B.words594" starttime="1288.09" endtime="1288.31">So</w>
   <w nite:id="ES2013b.B.words595" starttime="1288.31" endtime="1288.53">those</w>
   <w nite:id="ES2013b.B.words596" starttime="1288.53" endtime="1288.56">are</w>
   <w nite:id="ES2013b.B.words597" starttime="1288.56" endtime="1288.66">the</w>
   <w nite:id="ES2013b.B.words598" starttime="1288.66" endtime="1289.08">basic</w>
   <w nite:id="ES2013b.B.words599" starttime="1289.08" endtime="1289.35">things</w>
   <w nite:id="ES2013b.B.words600" starttime="1289.35" endtime="1289.46">that</w>
   <w nite:id="ES2013b.B.words601" starttime="1289.46" endtime="1289.65">we&#39;ve</w>
   <w nite:id="ES2013b.B.words602" starttime="1289.65" endtime="1289.81">got</w>
   <w nite:id="ES2013b.B.words603" starttime="1289.81" endtime="1289.89">to</w>
   <w nite:id="ES2013b.B.words604" starttime="1289.89" endtime="1290.07">get</w>
   <w nite:id="ES2013b.B.words605" starttime="1290.07" endtime="1290.29">in</w>
   <w nite:id="ES2013b.B.words606" starttime="1290.29" endtime="1290.43">for</w>
   <w nite:id="ES2013b.B.words607" starttime="1290.43" endtime="1290.56">our</w>
   <w nite:id="ES2013b.B.words608" starttime="1290.56" endtime="1290.84">twelve</w>
   <w nite:id="ES2013b.B.words609" starttime="1290.84" endtime="1291.26">Euros</w>
   <w nite:id="ES2013b.B.words610" starttime="1291.26" endtime="1292.8">fifty</w>
   <w nite:id="ES2013b.B.words611" starttime="1292.8" endtime="1292.8" punc="true">.</w>
   <vocalsound nite:id="ES2013b.B.words612" starttime="1292.8" endtime="1292.8" type="other"/>
   <w nite:id="ES2013b.B.words613" starttime="1292.8" endtime="1292.94">Thank</w>
   <w nite:id="ES2013b.B.words614" starttime="1292.94" endtime="1293.12">you</w>
   <w nite:id="ES2013b.B.words615" starttime="1293.12" endtime="1293.12" punc="true">.</w>
   <w nite:id="ES2013b.B.words616" starttime="1329.85" endtime="1330.16">Mm-hmm</w>
   <w nite:id="ES2013b.B.words617" starttime="1330.16" endtime="1330.16" punc="true">.</w>
   <w nite:id="ES2013b.B.words618" starttime="1380.52" endtime="1380.76">Well</w>
   <w nite:id="ES2013b.B.words619" starttime="1380.76" endtime="1380.8">I</w>
   <w nite:id="ES2013b.B.words620" starttime="1380.8" endtime="1380.93">may</w>
   <w nite:id="ES2013b.B.words621" starttime="1380.93" endtime="1381.09">be</w>
   <w nite:id="ES2013b.B.words622" starttime="1381.09" endtime="1381.28">wrong</w>
   <w nite:id="ES2013b.B.words623" starttime="1381.28" endtime="1381.49">here</w>
   <w nite:id="ES2013b.B.words624" starttime="1381.49" endtime="1381.49" punc="true">,</w>
   <w nite:id="ES2013b.B.words625" starttime="1381.49" endtime="1381.66">but</w>
   <w nite:id="ES2013b.B.words626" starttime="1381.66" endtime="1381.83">I&#39;d</w>
   <w nite:id="ES2013b.B.words627" starttime="1381.83" endtime="1381.98">been</w>
   <w nite:id="ES2013b.B.words628" starttime="1381.98" endtime="1382.4">thinking</w>
   <w nite:id="ES2013b.B.words629" starttime="1382.4" endtime="1382.53">of</w>
   <w nite:id="ES2013b.B.words630" starttime="1382.53" endtime="1382.73">this</w>
   <w nite:id="ES2013b.B.words631" starttime="1382.73" endtime="1383.18">device</w>
   <w nite:id="ES2013b.B.words632" starttime="1383.18" endtime="1383.32">as</w>
   <w nite:id="ES2013b.B.words633" starttime="1383.32" endtime="1383.67">being</w>
   <w nite:id="ES2013b.B.words634" starttime="1383.67" endtime="1384.29">a</w>
   <w nite:id="ES2013b.B.words635" starttime="1384.29" endtime="1384.4">a</w>
   <w nite:id="ES2013b.B.words636" starttime="1384.4" endtime="1385.06">cheap</w>
   <w nite:id="ES2013b.B.words637" starttime="1385.06" endtime="1385.82">mass-produced</w>
   <w nite:id="ES2013b.B.words638" starttime="1385.82" endtime="1386.17">device</w>
   <w nite:id="ES2013b.B.words639" starttime="1386.17" endtime="1386.17" punc="true">.</w>
   <w nite:id="ES2013b.B.words640" starttime="1386.17" endtime="1386.29">We&#39;re</w>
   <w nite:id="ES2013b.B.words641" starttime="1386.29" endtime="1386.49">trying</w>
   <w nite:id="ES2013b.B.words642" starttime="1386.49" endtime="1386.56">to</w>
   <w nite:id="ES2013b.B.words643" starttime="1386.56" endtime="1386.76">sell</w>
   <w nite:id="ES2013b.B.words644" starttime="1386.76" endtime="1387.22">four</w>
   <w nite:id="ES2013b.B.words645" starttime="1387.22" endtime="1387.63">million</w>
   <w nite:id="ES2013b.B.words646" starttime="1387.63" endtime="1387.8">of</w>
   <w nite:id="ES2013b.B.words647" starttime="1387.8" endtime="1388.64">&#39;em</w>
   <w nite:id="ES2013b.B.words648" starttime="1388.64" endtime="1388.64" punc="true">,</w>
   <w nite:id="ES2013b.B.words649" starttime="1388.64" endtime="1389.04">um</w>
   <w nite:id="ES2013b.B.words650" starttime="1389.04" endtime="1389.38">that&#39;s</w>
   <w nite:id="ES2013b.B.words651" starttime="1389.38" endtime="1389.94">that&#39;s</w>
   <w nite:id="ES2013b.B.words652" starttime="1389.94" endtime="1389.94" punc="true">,</w>
   <w nite:id="ES2013b.B.words653" starttime="1389.94" endtime="1390.01">you</w>
   <w nite:id="ES2013b.B.words654" starttime="1390.01" endtime="1390.3">know</w>
   <w nite:id="ES2013b.B.words655" starttime="1390.3" endtime="1390.3" punc="true">,</w>
   <w nite:id="ES2013b.B.words656" starttime="1390.3" endtime="1390.46">that&#39;s</w>
   <w nite:id="ES2013b.B.words657" starttime="1390.46" endtime="1391.68">almost</w>
   <w nite:id="ES2013b.B.words658" starttime="1391.68" endtime="1391.89">one</w>
   <w nite:id="ES2013b.B.words659" starttime="1391.89" endtime="1392.0">in</w>
   <w nite:id="ES2013b.B.words660" starttime="1392.0" endtime="1392.19">every</w>
   <w nite:id="ES2013b.B.words661" starttime="1392.19" endtime="1392.51">tenth</w>
   <w nite:id="ES2013b.B.words662" starttime="1392.51" endtime="1392.99">household</w>
   <w nite:id="ES2013b.B.words663" starttime="1392.99" endtime="1393.02">or</w>
   <w nite:id="ES2013b.B.words664" starttime="1393.02" endtime="1393.33">whatever</w>
   <w nite:id="ES2013b.B.words665" starttime="1393.33" endtime="1393.42">it</w>
   <w nite:id="ES2013b.B.words666" starttime="1393.42" endtime="1394.15">is</w>
   <w nite:id="ES2013b.B.words667" starttime="1394.15" endtime="1394.15" punc="true">.</w>
   <w nite:id="ES2013b.B.words668" starttime="1394.15" endtime="1395.42">Um</w>
   <w nite:id="ES2013b.B.words669" starttime="1395.42" endtime="1395.91">and</w>
   <w nite:id="ES2013b.B.words670" starttime="1395.91" endtime="1396.04">I</w>
   <w nite:id="ES2013b.B.words671" starttime="1396.04" endtime="1396.35">hadn&#39;t</w>
   <w nite:id="ES2013b.B.words672" starttime="1396.35" endtime="1396.54">thought</w>
   <w nite:id="ES2013b.B.words673" starttime="1396.54" endtime="1396.65">of</w>
   <w nite:id="ES2013b.B.words674" starttime="1396.65" endtime="1396.76">it</w>
   <w nite:id="ES2013b.B.words675" starttime="1396.76" endtime="1396.88">as</w>
   <w nite:id="ES2013b.B.words676" starttime="1396.88" endtime="1397.24">being</w>
   <w nite:id="ES2013b.B.words677" starttime="1397.24" endtime="1397.29">a</w>
   <w nite:id="ES2013b.B.words678" starttime="1397.29" endtime="1397.95">reparable</w>
   <w nite:id="ES2013b.B.words679" starttime="1397.95" endtime="1398.22">thing</w>
   <w nite:id="ES2013b.B.words680" starttime="1398.22" endtime="1398.22" punc="true">,</w>
   <w nite:id="ES2013b.B.words681" starttime="1398.22" endtime="1398.37">you</w>
   <w nite:id="ES2013b.B.words682" starttime="1398.37" endtime="1398.72">just</w>
   <disfmarker nite:id="ES2013b.B.words683" starttime="1398.72" endtime="1398.72"/>
   <w nite:id="ES2013b.B.words684" starttime="1398.72" endtime="1398.83">if</w>
   <w nite:id="ES2013b.B.words685" starttime="1398.83" endtime="1398.9">it</w>
   <w nite:id="ES2013b.B.words686" starttime="1398.9" endtime="1399.14">goes</w>
   <w nite:id="ES2013b.B.words687" starttime="1399.14" endtime="1399.37">wrong</w>
   <w nite:id="ES2013b.B.words688" starttime="1399.37" endtime="1399.53">you</w>
   <w nite:id="ES2013b.B.words689" starttime="1399.53" endtime="1399.77">chuck</w>
   <w nite:id="ES2013b.B.words690" starttime="1399.77" endtime="1399.86">it</w>
   <w nite:id="ES2013b.B.words691" starttime="1399.86" endtime="1400.62">out</w>
   <w nite:id="ES2013b.B.words692" starttime="1400.62" endtime="1400.62" punc="true">,</w>
   <w nite:id="ES2013b.B.words693" starttime="1400.62" endtime="1400.76">and</w>
   <w nite:id="ES2013b.B.words694" starttime="1400.76" endtime="1401.03">that&#39;s</w>
   <w nite:id="ES2013b.B.words695" starttime="1401.03" endtime="1401.2">why</w>
   <w nite:id="ES2013b.B.words696" starttime="1401.2" endtime="1401.36">I&#39;m</w>
   <w nite:id="ES2013b.B.words697" starttime="1401.36" endtime="1401.41">a</w>
   <w nite:id="ES2013b.B.words698" starttime="1401.41" endtime="1401.65">bit</w>
   <w nite:id="ES2013b.B.words699" starttime="1401.65" endtime="1402.17">concerned</w>
   <w nite:id="ES2013b.B.words700" starttime="1402.17" endtime="1402.17" punc="true">.</w>
   <w nite:id="ES2013b.B.words701" starttime="1402.17" endtime="1402.25">I</w>
   <w nite:id="ES2013b.B.words702" starttime="1402.25" endtime="1402.42">like</w>
   <w nite:id="ES2013b.B.words703" starttime="1402.42" endtime="1402.55">the</w>
   <w nite:id="ES2013b.B.words704" starttime="1402.55" endtime="1402.81">idea</w>
   <w nite:id="ES2013b.B.words705" starttime="1402.81" endtime="1402.95">of</w>
   <w nite:id="ES2013b.B.words706" starttime="1402.95" endtime="1403.21">speech</w>
   <w nite:id="ES2013b.B.words707" starttime="1403.21" endtime="1403.76">recognition</w>
   <w nite:id="ES2013b.B.words708" starttime="1403.76" endtime="1403.76" punc="true">,</w>
   <w nite:id="ES2013b.B.words709" starttime="1403.76" endtime="1403.93">that&#39;s</w>
   <w nite:id="ES2013b.B.words710" starttime="1403.93" endtime="1404.0">a</w>
   <w nite:id="ES2013b.B.words711" starttime="1404.0" endtime="1404.21">great</w>
   <w nite:id="ES2013b.B.words712" starttime="1404.21" endtime="1404.58">idea</w>
   <w nite:id="ES2013b.B.words713" starttime="1404.58" endtime="1404.58" punc="true">,</w>
   <w nite:id="ES2013b.B.words714" starttime="1404.58" endtime="1404.72">but</w>
   <w nite:id="ES2013b.B.words715" starttime="1404.72" endtime="1404.94">I&#39;m</w>
   <w nite:id="ES2013b.B.words716" starttime="1404.94" endtime="1405.11">not</w>
   <w nite:id="ES2013b.B.words717" starttime="1405.11" endtime="1405.62">convinced</w>
   <w nite:id="ES2013b.B.words718" starttime="1405.62" endtime="1405.72">we</w>
   <w nite:id="ES2013b.B.words719" starttime="1405.72" endtime="1405.92">can</w>
   <w nite:id="ES2013b.B.words720" starttime="1405.92" endtime="1406.08">put</w>
   <w nite:id="ES2013b.B.words721" starttime="1406.08" endtime="1406.17">it</w>
   <w nite:id="ES2013b.B.words722" starttime="1406.17" endtime="1406.44">into</w>
   <w nite:id="ES2013b.B.words723" starttime="1406.44" endtime="1406.62">this</w>
   <w nite:id="ES2013b.B.words724" starttime="1406.62" endtime="1407.4">box</w>
   <w nite:id="ES2013b.B.words725" starttime="1407.4" endtime="1407.54">for</w>
   <w nite:id="ES2013b.B.words726" starttime="1407.54" endtime="1407.62">the</w>
   <w nite:id="ES2013b.B.words727" starttime="1407.62" endtime="1408.03">price</w>
   <w nite:id="ES2013b.B.words728" starttime="1408.03" endtime="1408.13">that</w>
   <w nite:id="ES2013b.B.words729" starttime="1408.13" endtime="1408.26">we</w>
   <w nite:id="ES2013b.B.words730" starttime="1408.26" endtime="1408.53">need</w>
   <disfmarker nite:id="ES2013b.B.words731" starttime="1408.53" endtime="1408.53"/>
   <w nite:id="ES2013b.B.words732" starttime="1408.53" endtime="1408.71">gonna</w>
   <w nite:id="ES2013b.B.words733" starttime="1408.71" endtime="1408.88">need</w>
   <w nite:id="ES2013b.B.words734" starttime="1408.88" endtime="1409.0">to</w>
   <w nite:id="ES2013b.B.words735" starttime="1409.0" endtime="1409.26">hit</w>
   <w nite:id="ES2013b.B.words736" starttime="1409.26" endtime="1409.26" punc="true">.</w>
   <vocalsound nite:id="ES2013b.B.words737" starttime="1423.511" endtime="1424.621" type="laugh"/>
   <w nite:id="ES2013b.B.words738" starttime="1429.44" endtime="1429.69">Um</w>
   <w nite:id="ES2013b.B.words739" starttime="1429.69" endtime="1429.69" punc="true">,</w>
   <w nite:id="ES2013b.B.words740" starttime="1430.97" endtime="1431.23">I&#39;m</w>
   <w nite:id="ES2013b.B.words741" starttime="1431.23" endtime="1431.47">I&#39;m</w>
   <w nite:id="ES2013b.B.words742" starttime="1431.47" endtime="1431.68">I&#39;m</w>
   <w nite:id="ES2013b.B.words743" starttime="1431.68" endtime="1432.03">hoping</w>
   <w nite:id="ES2013b.B.words744" starttime="1432.03" endtime="1432.15">that</w>
   <w nite:id="ES2013b.B.words745" starttime="1432.15" endtime="1432.3">my</w>
   <w nite:id="ES2013b.B.words746" starttime="1432.3" endtime="1432.7">personal</w>
   <w nite:id="ES2013b.B.words747" starttime="1432.7" endtime="1432.99">coach</w>
   <w nite:id="ES2013b.B.words748" starttime="1432.99" endtime="1433.09">is</w>
   <w nite:id="ES2013b.B.words749" starttime="1433.09" endtime="1433.4">gonna</w>
   <vocalsound nite:id="ES2013b.B.words750" starttime="1433.4" endtime="1433.4" type="laugh"/>
   <w nite:id="ES2013b.B.words751" starttime="1433.4" endtime="1433.61">give</w>
   <w nite:id="ES2013b.B.words752" starttime="1433.61" endtime="1433.73">me</w>
   <w nite:id="ES2013b.B.words753" starttime="1433.73" endtime="1433.93">some</w>
   <w nite:id="ES2013b.B.words754" starttime="1433.93" endtime="1434.31">advice</w>
   <w nite:id="ES2013b.B.words755" starttime="1434.31" endtime="1434.43">on</w>
   <w nite:id="ES2013b.B.words756" starttime="1434.43" endtime="1434.6">that</w>
   <w nite:id="ES2013b.B.words757" starttime="1434.6" endtime="1434.6" punc="true">,</w>
   <w nite:id="ES2013b.B.words758" starttime="1434.6" endtime="1434.74">if</w>
   <w nite:id="ES2013b.B.words759" starttime="1434.74" endtime="1434.85">you&#39;re</w>
   <w nite:id="ES2013b.B.words760" starttime="1434.85" endtime="1435.21">asking</w>
   <w nite:id="ES2013b.B.words761" starttime="1435.21" endtime="1435.45">me</w>
   <w nite:id="ES2013b.B.words762" starttime="1435.45" endtime="1435.45" punc="true">,</w>
   <w nite:id="ES2013b.B.words763" starttime="1435.45" endtime="1437.76">but</w>
   <disfmarker nite:id="ES2013b.B.words764" starttime="1437.76" endtime="1437.76"/>
   <vocalsound nite:id="ES2013b.B.words765" starttime="1437.76" endtime="1438.015" type="laugh"/>
   <w nite:id="ES2013b.B.words766" starttime="1441.01" endtime="1441.26">Yeah</w>
   <w nite:id="ES2013b.B.words767" starttime="1441.26" endtime="1441.26" punc="true">.</w>
   <w nite:id="ES2013b.B.words768" starttime="1512.49" endtime="1512.78">Well</w>
   <w nite:id="ES2013b.B.words769" starttime="1512.78" endtime="1513.0">I</w>
   <w nite:id="ES2013b.B.words770" starttime="1513.0" endtime="1513.09">uh</w>
   <w nite:id="ES2013b.B.words771" starttime="1513.09" endtime="1513.26">think</w>
   <w nite:id="ES2013b.B.words772" starttime="1513.26" endtime="1513.41">that&#39;s</w>
   <w nite:id="ES2013b.B.words773" starttime="1513.41" endtime="1513.46">a</w>
   <w nite:id="ES2013b.B.words774" starttime="1513.46" endtime="1513.63">very</w>
   <w nite:id="ES2013b.B.words775" starttime="1513.63" endtime="1514.1">interesting</w>
   <w nite:id="ES2013b.B.words776" starttime="1514.1" endtime="1514.63">idea</w>
   <w nite:id="ES2013b.B.words777" starttime="1514.63" endtime="1514.63" punc="true">,</w>
   <w nite:id="ES2013b.B.words778" starttime="1514.63" endtime="1515.44">but</w>
   <w nite:id="ES2013b.B.words779" starttime="1515.44" endtime="1515.68">um</w>
   <w nite:id="ES2013b.B.words780" starttime="1515.68" endtime="1515.81">I&#39;m</w>
   <w nite:id="ES2013b.B.words781" starttime="1515.81" endtime="1515.92">not</w>
   <w nite:id="ES2013b.B.words782" starttime="1515.92" endtime="1515.95">a</w>
   <w nite:id="ES2013b.B.words783" starttime="1515.95" endtime="1516.15">very</w>
   <w nite:id="ES2013b.B.words784" starttime="1516.15" endtime="1516.31">good</w>
   <w nite:id="ES2013b.B.words785" starttime="1516.31" endtime="1516.75">industrial</w>
   <w nite:id="ES2013b.B.words786" starttime="1516.75" endtime="1517.18">designer</w>
   <w nite:id="ES2013b.B.words787" starttime="1517.18" endtime="1517.28">and</w>
   <w nite:id="ES2013b.B.words788" starttime="1517.28" endtime="1517.35">I</w>
   <w nite:id="ES2013b.B.words789" starttime="1517.35" endtime="1517.55">don&#39;t</w>
   <w nite:id="ES2013b.B.words790" starttime="1517.55" endtime="1517.67">know</w>
   <w nite:id="ES2013b.B.words791" starttime="1517.67" endtime="1517.86">much</w>
   <w nite:id="ES2013b.B.words792" starttime="1517.86" endtime="1518.07">about</w>
   <w nite:id="ES2013b.B.words793" starttime="1518.07" endtime="1518.19">what</w>
   <w nite:id="ES2013b.B.words794" starttime="1518.19" endtime="1518.34">these</w>
   <w nite:id="ES2013b.B.words795" starttime="1518.34" endtime="1518.57">things</w>
   <w nite:id="ES2013b.B.words796" starttime="1518.57" endtime="1519.6">cost</w>
   <w nite:id="ES2013b.B.words797" starttime="1519.6" endtime="1519.6" punc="true">.</w>
   <vocalsound nite:id="ES2013b.B.words798" starttime="1519.6" endtime="1519.6" type="laugh"/>
   <w nite:id="ES2013b.B.words799" starttime="1519.6" endtime="1519.76">I&#39;ll</w>
   <w nite:id="ES2013b.B.words800" starttime="1519.76" endtime="1519.88">do</w>
   <w nite:id="ES2013b.B.words801" starttime="1519.88" endtime="1520.05">some</w>
   <w nite:id="ES2013b.B.words802" starttime="1520.05" endtime="1520.46">research</w>
   <w nite:id="ES2013b.B.words803" starttime="1520.46" endtime="1520.55">for</w>
   <w nite:id="ES2013b.B.words804" starttime="1520.55" endtime="1520.62">the</w>
   <w nite:id="ES2013b.B.words805" starttime="1520.62" endtime="1520.88">next</w>
   <w nite:id="ES2013b.B.words806" starttime="1520.88" endtime="1521.55">meeting</w>
   <w nite:id="ES2013b.B.words807" starttime="1521.55" endtime="1521.55" punc="true">.</w>
   <w nite:id="ES2013b.B.words808" starttime="1526.38" endtime="1526.5">Well</w>
   <w nite:id="ES2013b.B.words809" starttime="1526.5" endtime="1526.91">solar</w>
   <w nite:id="ES2013b.B.words810" starttime="1526.91" endtime="1527.06">may</w>
   <w nite:id="ES2013b.B.words811" starttime="1527.06" endtime="1527.23">not</w>
   <w nite:id="ES2013b.B.words812" starttime="1527.23" endtime="1527.33">be</w>
   <w nite:id="ES2013b.B.words813" starttime="1527.33" endtime="1527.48">so</w>
   <w nite:id="ES2013b.B.words814" starttime="1527.48" endtime="1527.66">good</w>
   <w nite:id="ES2013b.B.words815" starttime="1527.66" endtime="1527.78">when</w>
   <w nite:id="ES2013b.B.words816" starttime="1527.78" endtime="1527.89">you&#39;re</w>
   <w nite:id="ES2013b.B.words817" starttime="1527.89" endtime="1528.19">watching</w>
   <w nite:id="ES2013b.B.words818" starttime="1528.19" endtime="1528.53">T_V_</w>
   <w nite:id="ES2013b.B.words819" starttime="1528.53" endtime="1528.61">in</w>
   <w nite:id="ES2013b.B.words820" starttime="1528.61" endtime="1528.69">the</w>
   <w nite:id="ES2013b.B.words821" starttime="1528.69" endtime="1529.27">night</w>
   <w nite:id="ES2013b.B.words822" starttime="1529.27" endtime="1529.27" punc="true">,</w>
   <w nite:id="ES2013b.B.words823" starttime="1529.27" endtime="1529.69">but</w>
   <disfmarker nite:id="ES2013b.B.words824" starttime="1529.69" endtime="1529.84"/>
   <w nite:id="ES2013b.B.words825" starttime="1534.37" endtime="1534.63">Yeah</w>
   <w nite:id="ES2013b.B.words826" starttime="1534.63" endtime="1534.63" punc="true">,</w>
   <w nite:id="ES2013b.B.words827" starttime="1534.63" endtime="1534.68">I</w>
   <w nite:id="ES2013b.B.words828" starttime="1534.68" endtime="1535.34">guess</w>
   <w nite:id="ES2013b.B.words829" starttime="1535.34" endtime="1535.34" punc="true">.</w>
   <w nite:id="ES2013b.B.words830" starttime="1536.93" endtime="1537.03">We</w>
   <w nite:id="ES2013b.B.words831" starttime="1537.03" endtime="1537.13">may</w>
   <w nite:id="ES2013b.B.words832" starttime="1537.13" endtime="1537.23">be</w>
   <w nite:id="ES2013b.B.words833" starttime="1537.23" endtime="1537.53">talking</w>
   <w nite:id="ES2013b.B.words834" starttime="1537.53" endtime="1537.78">quite</w>
   <w nite:id="ES2013b.B.words835" starttime="1537.78" endtime="1538.12">heavy</w>
   <w nite:id="ES2013b.B.words836" starttime="1538.12" endtime="1538.44">then</w>
   <w nite:id="ES2013b.B.words837" starttime="1538.44" endtime="1538.44" punc="true">.</w>
   <w nite:id="ES2013b.B.words838" starttime="1541.67" endtime="1541.93">Mm-hmm</w>
   <w nite:id="ES2013b.B.words839" starttime="1541.93" endtime="1541.93" punc="true">.</w>
   <w nite:id="ES2013b.B.words840" starttime="1565.63" endtime="1565.76">So</w>
   <w nite:id="ES2013b.B.words841" starttime="1565.76" endtime="1565.82">do</w>
   <w nite:id="ES2013b.B.words842" starttime="1565.82" endtime="1565.9">you</w>
   <w nite:id="ES2013b.B.words843" starttime="1565.9" endtime="1566.05">think</w>
   <w nite:id="ES2013b.B.words844" starttime="1566.05" endtime="1566.15">we</w>
   <w nite:id="ES2013b.B.words845" starttime="1566.15" endtime="1566.36">might</w>
   <w nite:id="ES2013b.B.words846" starttime="1566.36" endtime="1566.55">make</w>
   <w nite:id="ES2013b.B.words847" starttime="1566.55" endtime="1566.74">that</w>
   <w nite:id="ES2013b.B.words848" starttime="1566.74" endtime="1566.81">a</w>
   <w nite:id="ES2013b.B.words849" starttime="1566.81" endtime="1567.21">selling</w>
   <w nite:id="ES2013b.B.words850" starttime="1567.21" endtime="1567.52">point</w>
   <w nite:id="ES2013b.B.words851" starttime="1567.52" endtime="1567.68">if</w>
   <w nite:id="ES2013b.B.words852" starttime="1567.68" endtime="1567.79">it</w>
   <w nite:id="ES2013b.B.words853" starttime="1567.79" endtime="1567.92">was</w>
   <w nite:id="ES2013b.B.words854" starttime="1567.92" endtime="1568.24">something</w>
   <w nite:id="ES2013b.B.words855" starttime="1568.24" endtime="1568.34">that</w>
   <w nite:id="ES2013b.B.words856" starttime="1568.34" endtime="1568.45">we</w>
   <w nite:id="ES2013b.B.words857" starttime="1568.45" endtime="1568.68">found</w>
   <w nite:id="ES2013b.B.words858" starttime="1568.68" endtime="1568.77">we</w>
   <w nite:id="ES2013b.B.words859" starttime="1568.77" endtime="1569.25">could</w>
   <w nite:id="ES2013b.B.words860" starttime="1569.25" endtime="1569.67">afford</w>
   <w nite:id="ES2013b.B.words861" starttime="1569.67" endtime="1569.74">to</w>
   <w nite:id="ES2013b.B.words862" starttime="1569.74" endtime="1570.16">develop</w>
   <w nite:id="ES2013b.B.words863" starttime="1570.16" endtime="1570.16" punc="true">?</w>
   <vocalsound nite:id="ES2013b.B.words864" starttime="1589.459" endtime="1591.348" type="laugh"/>
   <w nite:id="ES2013b.B.words865" starttime="1621.69" endtime="1621.91">Mm</w>
   <w nite:id="ES2013b.B.words866" starttime="1621.91" endtime="1621.91" punc="true">.</w>
   <w nite:id="ES2013b.B.words867" starttime="1623.99" endtime="1624.35">Yeah</w>
   <w nite:id="ES2013b.B.words868" starttime="1624.35" endtime="1624.35" punc="true">,</w>
   <w nite:id="ES2013b.B.words869" starttime="1624.35" endtime="1624.48">I</w>
   <w nite:id="ES2013b.B.words870" starttime="1624.48" endtime="1624.68">was</w>
   <w nite:id="ES2013b.B.words871" starttime="1624.68" endtime="1625.04">wondering</w>
   <w nite:id="ES2013b.B.words872" starttime="1625.04" endtime="1625.22">that</w>
   <w nite:id="ES2013b.B.words873" starttime="1625.22" endtime="1625.22" punc="true">,</w>
   <w nite:id="ES2013b.B.words874" starttime="1625.22" endtime="1625.49">because</w>
   <w nite:id="ES2013b.B.words875" starttime="1625.49" endtime="1625.6">I</w>
   <w nite:id="ES2013b.B.words876" starttime="1625.6" endtime="1625.84" trunc="true">ag</w>
   <w nite:id="ES2013b.B.words877" starttime="1625.84" endtime="1626.01">I</w>
   <w nite:id="ES2013b.B.words878" starttime="1626.01" endtime="1626.31">agree</w>
   <w nite:id="ES2013b.B.words879" starttime="1626.31" endtime="1627.2">that</w>
   <w nite:id="ES2013b.B.words880" starttime="1627.2" endtime="1627.41">there</w>
   <w nite:id="ES2013b.B.words881" starttime="1627.41" endtime="1627.57">there&#39;re</w>
   <w nite:id="ES2013b.B.words882" starttime="1627.57" endtime="1627.89">people</w>
   <w nite:id="ES2013b.B.words883" starttime="1627.89" endtime="1628.11">with</w>
   <w nite:id="ES2013b.B.words884" starttime="1628.11" endtime="1628.38">uh</w>
   <w nite:id="ES2013b.B.words885" starttime="1628.38" endtime="1628.51">how</w>
   <w nite:id="ES2013b.B.words886" starttime="1628.51" endtime="1628.67">can</w>
   <w nite:id="ES2013b.B.words887" starttime="1628.67" endtime="1628.73">I</w>
   <w nite:id="ES2013b.B.words888" starttime="1628.73" endtime="1628.9">put</w>
   <w nite:id="ES2013b.B.words889" starttime="1628.9" endtime="1629.03">it</w>
   <w nite:id="ES2013b.B.words890" starttime="1629.03" endtime="1629.03" punc="true">,</w>
   <w nite:id="ES2013b.B.words891" starttime="1629.03" endtime="1629.17">more</w>
   <w nite:id="ES2013b.B.words892" starttime="1629.17" endtime="1629.38">money</w>
   <w nite:id="ES2013b.B.words893" starttime="1629.38" endtime="1629.55">than</w>
   <w nite:id="ES2013b.B.words894" starttime="1629.55" endtime="1629.91">sense</w>
   <w nite:id="ES2013b.B.words895" starttime="1629.91" endtime="1630.08">and</w>
   <w nite:id="ES2013b.B.words896" starttime="1630.08" endtime="1630.63">who</w>
   <w nite:id="ES2013b.B.words897" starttime="1630.63" endtime="1630.67">are</w>
   <w nite:id="ES2013b.B.words898" starttime="1630.67" endtime="1630.97">liable</w>
   <w nite:id="ES2013b.B.words899" starttime="1630.97" endtime="1631.08">to</w>
   <w nite:id="ES2013b.B.words900" starttime="1631.08" endtime="1632.07">buy</w>
   <vocalsound nite:id="ES2013b.B.words901" starttime="1632.07" endtime="1632.07" type="laugh"/>
   <w nite:id="ES2013b.B.words902" starttime="1632.07" endtime="1632.45">something</w>
   <w nite:id="ES2013b.B.words903" starttime="1632.45" endtime="1632.77">new</w>
   <w nite:id="ES2013b.B.words904" starttime="1632.77" endtime="1632.77" punc="true">,</w>
   <w nite:id="ES2013b.B.words905" starttime="1632.77" endtime="1632.97">but</w>
   <disfmarker nite:id="ES2013b.B.words906" starttime="1632.97" endtime="1633.244"/>
   <vocalsound nite:id="ES2013b.B.words907" starttime="1634.128" endtime="1634.128" type="laugh"/>
   <w nite:id="ES2013b.B.words908" starttime="1637.26" endtime="1638.46" trunc="true">Bu</w>
   <w nite:id="ES2013b.B.words909" starttime="1638.46" endtime="1638.6">but</w>
   <w nite:id="ES2013b.B.words910" starttime="1638.6" endtime="1638.76">what</w>
   <w nite:id="ES2013b.B.words911" starttime="1638.76" endtime="1638.79">I</w>
   <w nite:id="ES2013b.B.words912" starttime="1638.79" endtime="1638.95">was</w>
   <w nite:id="ES2013b.B.words913" starttime="1638.95" endtime="1639.17">gonna</w>
   <w nite:id="ES2013b.B.words914" starttime="1639.17" endtime="1639.35">say</w>
   <w nite:id="ES2013b.B.words915" starttime="1639.35" endtime="1639.62">was</w>
   <w nite:id="ES2013b.B.words916" starttime="1639.62" endtime="1639.62" punc="true">,</w>
   <w nite:id="ES2013b.B.words917" starttime="1639.62" endtime="1639.91">although</w>
   <w nite:id="ES2013b.B.words918" starttime="1639.91" endtime="1640.41">they</w>
   <w nite:id="ES2013b.B.words919" starttime="1640.41" endtime="1640.63">they</w>
   <w nite:id="ES2013b.B.words920" starttime="1640.63" endtime="1640.75">may</w>
   <w nite:id="ES2013b.B.words921" starttime="1640.75" endtime="1640.93">be</w>
   <w nite:id="ES2013b.B.words922" starttime="1640.93" endtime="1641.54">buying</w>
   <w nite:id="ES2013b.B.words923" starttime="1641.54" endtime="1641.85">um</w>
   <w nite:id="ES2013b.B.words924" starttime="1641.85" endtime="1641.85" punc="true">,</w>
   <w nite:id="ES2013b.B.words925" starttime="1641.85" endtime="1641.93">you</w>
   <w nite:id="ES2013b.B.words926" starttime="1641.93" endtime="1642.07">know</w>
   <w nite:id="ES2013b.B.words927" starttime="1642.07" endtime="1642.07" punc="true">,</w>
   <w nite:id="ES2013b.B.words928" starttime="1642.07" endtime="1642.48">personal</w>
   <w nite:id="ES2013b.B.words929" starttime="1642.48" endtime="1642.77">music</w>
   <w nite:id="ES2013b.B.words930" starttime="1642.77" endtime="1643.14">devices</w>
   <w nite:id="ES2013b.B.words931" starttime="1643.14" endtime="1643.23">and</w>
   <w nite:id="ES2013b.B.words932" starttime="1643.23" endtime="1643.34">all</w>
   <w nite:id="ES2013b.B.words933" starttime="1643.34" endtime="1643.52">that</w>
   <w nite:id="ES2013b.B.words934" starttime="1643.52" endtime="1643.52" punc="true">,</w>
   <w nite:id="ES2013b.B.words935" starttime="1643.52" endtime="1643.71">are</w>
   <w nite:id="ES2013b.B.words936" starttime="1643.71" endtime="1643.84">they</w>
   <w nite:id="ES2013b.B.words937" starttime="1643.84" endtime="1644.39">necessarily</w>
   <w nite:id="ES2013b.B.words938" starttime="1644.39" endtime="1645.18">buying</w>
   <w nite:id="ES2013b.B.words939" starttime="1645.18" endtime="1645.52">T_V_</w>
   <w nite:id="ES2013b.B.words940" starttime="1645.52" endtime="1645.84">remote</w>
   <w nite:id="ES2013b.B.words941" starttime="1645.84" endtime="1646.48">controls</w>
   <w nite:id="ES2013b.B.words942" starttime="1646.48" endtime="1646.48" punc="true">?</w>
   <w nite:id="ES2013b.B.words943" starttime="1646.48" endtime="1647.15">Because</w>
   <w nite:id="ES2013b.B.words944" starttime="1647.15" endtime="1647.41">they</w>
   <w nite:id="ES2013b.B.words945" starttime="1647.41" endtime="1647.71">probably</w>
   <w nite:id="ES2013b.B.words946" starttime="1647.71" endtime="1647.81">live</w>
   <w nite:id="ES2013b.B.words947" starttime="1647.81" endtime="1647.89">in</w>
   <w nite:id="ES2013b.B.words948" starttime="1647.89" endtime="1647.93">a</w>
   <w nite:id="ES2013b.B.words949" starttime="1647.93" endtime="1648.3">household</w>
   <w nite:id="ES2013b.B.words950" starttime="1648.3" endtime="1648.42">that</w>
   <w nite:id="ES2013b.B.words951" starttime="1648.42" endtime="1648.66">has</w>
   <w nite:id="ES2013b.B.words952" starttime="1648.66" endtime="1648.73">a</w>
   <w nite:id="ES2013b.B.words953" starttime="1648.73" endtime="1649.14">T_V_</w>
   <w nite:id="ES2013b.B.words954" starttime="1649.14" endtime="1649.35">if</w>
   <w nite:id="ES2013b.B.words955" starttime="1649.35" endtime="1650.44">they&#39;re</w>
   <w nite:id="ES2013b.B.words956" starttime="1650.44" endtime="1650.53">at</w>
   <w nite:id="ES2013b.B.words957" starttime="1650.53" endtime="1650.78">the</w>
   <w nite:id="ES2013b.B.words958" starttime="1650.78" endtime="1651.08">lower</w>
   <w nite:id="ES2013b.B.words959" starttime="1651.08" endtime="1651.22">end</w>
   <w nite:id="ES2013b.B.words960" starttime="1651.22" endtime="1651.31">of</w>
   <w nite:id="ES2013b.B.words961" starttime="1651.31" endtime="1651.43">the</w>
   <w nite:id="ES2013b.B.words962" starttime="1651.43" endtime="1651.57">age</w>
   <w nite:id="ES2013b.B.words963" starttime="1651.57" endtime="1652.33">range</w>
   <w nite:id="ES2013b.B.words964" starttime="1652.33" endtime="1652.33" punc="true">,</w>
   <w nite:id="ES2013b.B.words965" starttime="1652.33" endtime="1652.37">I</w>
   <w nite:id="ES2013b.B.words966" starttime="1652.37" endtime="1652.52">don&#39;t</w>
   <w nite:id="ES2013b.B.words967" starttime="1652.52" endtime="1652.97">know</w>
   <w nite:id="ES2013b.B.words968" starttime="1652.97" endtime="1652.97" punc="true">.</w>
   <w nite:id="ES2013b.B.words969" starttime="1665.65" endtime="1666.3">Mm</w>
   <w nite:id="ES2013b.B.words970" starttime="1666.3" endtime="1666.3" punc="true">.</w>
   <w nite:id="ES2013b.B.words971" starttime="1666.3" endtime="1666.43">I</w>
   <w nite:id="ES2013b.B.words972" starttime="1666.43" endtime="1666.6">think</w>
   <w nite:id="ES2013b.B.words973" starttime="1666.6" endtime="1666.73">we&#39;ve</w>
   <w nite:id="ES2013b.B.words974" starttime="1666.73" endtime="1666.91">got</w>
   <w nite:id="ES2013b.B.words975" starttime="1666.91" endtime="1666.94">a</w>
   <w nite:id="ES2013b.B.words976" starttime="1666.94" endtime="1667.13">big</w>
   <w nite:id="ES2013b.B.words977" starttime="1667.13" endtime="1667.36">hill</w>
   <w nite:id="ES2013b.B.words978" starttime="1667.36" endtime="1667.48">to</w>
   <w nite:id="ES2013b.B.words979" starttime="1667.48" endtime="1667.75">climb</w>
   <w nite:id="ES2013b.B.words980" starttime="1667.75" endtime="1667.92">here</w>
   <w nite:id="ES2013b.B.words981" starttime="1667.92" endtime="1667.92" punc="true">,</w>
   <w nite:id="ES2013b.B.words982" starttime="1667.92" endtime="1668.14">haven&#39;t</w>
   <w nite:id="ES2013b.B.words983" starttime="1668.14" endtime="1668.27">we</w>
   <w nite:id="ES2013b.B.words984" starttime="1668.27" endtime="1668.27" punc="true">?</w>
   <w nite:id="ES2013b.B.words985" starttime="1668.27" endtime="1668.38">I</w>
   <w nite:id="ES2013b.B.words986" starttime="1668.38" endtime="1668.53">mean</w>
   <w nite:id="ES2013b.B.words987" starttime="1668.53" endtime="1668.7">we&#39;ve</w>
   <w nite:id="ES2013b.B.words988" starttime="1668.7" endtime="1668.86">gotta</w>
   <w nite:id="ES2013b.B.words989" starttime="1668.86" endtime="1669.25">persuade</w>
   <w nite:id="ES2013b.B.words990" starttime="1669.25" endtime="1669.49">people</w>
   <w nite:id="ES2013b.B.words991" starttime="1669.49" endtime="1669.62">who&#39;ve</w>
   <w nite:id="ES2013b.B.words992" starttime="1669.62" endtime="1669.81">got</w>
   <w nite:id="ES2013b.B.words993" starttime="1669.81" endtime="1669.84">a</w>
   <w nite:id="ES2013b.B.words994" starttime="1669.84" endtime="1670.09">remote</w>
   <w nite:id="ES2013b.B.words995" starttime="1670.09" endtime="1670.46">control</w>
   <w nite:id="ES2013b.B.words996" starttime="1670.46" endtime="1670.61">&#39;cause</w>
   <w nite:id="ES2013b.B.words997" starttime="1670.61" endtime="1670.68">it</w>
   <w nite:id="ES2013b.B.words998" starttime="1670.68" endtime="1670.9">came</w>
   <w nite:id="ES2013b.B.words999" starttime="1670.9" endtime="1671.01">with</w>
   <w nite:id="ES2013b.B.words1000" starttime="1671.01" endtime="1671.08">the</w>
   <w nite:id="ES2013b.B.words1001" starttime="1671.08" endtime="1671.82">telly</w>
   <w nite:id="ES2013b.B.words1002" starttime="1671.82" endtime="1671.91">that</w>
   <w nite:id="ES2013b.B.words1003" starttime="1671.91" endtime="1672.01">they</w>
   <w nite:id="ES2013b.B.words1004" starttime="1672.01" endtime="1672.22">should</w>
   <w nite:id="ES2013b.B.words1005" starttime="1672.22" endtime="1672.55">buy</w>
   <w nite:id="ES2013b.B.words1006" starttime="1672.55" endtime="1672.69">our</w>
   <w nite:id="ES2013b.B.words1007" starttime="1672.69" endtime="1673.06">product</w>
   <w nite:id="ES2013b.B.words1008" starttime="1673.06" endtime="1673.6">instead</w>
   <w nite:id="ES2013b.B.words1009" starttime="1673.6" endtime="1673.6" punc="true">.</w>
   <w nite:id="ES2013b.B.words1010" starttime="1679.78" endtime="1680.15">Right</w>
   <w nite:id="ES2013b.B.words1011" starttime="1680.15" endtime="1680.15" punc="true">,</w>
   <w nite:id="ES2013b.B.words1012" starttime="1680.15" endtime="1680.29">good</w>
   <w nite:id="ES2013b.B.words1013" starttime="1680.29" endtime="1681.07">point</w>
   <w nite:id="ES2013b.B.words1014" starttime="1681.07" endtime="1681.07" punc="true">.</w>
   <w nite:id="ES2013b.B.words1015" starttime="1681.07" endtime="1681.51">Yeah</w>
   <w nite:id="ES2013b.B.words1016" starttime="1681.51" endtime="1681.51" punc="true">,</w>
   <w nite:id="ES2013b.B.words1017" starttime="1681.51" endtime="1681.69">yeah</w>
   <w nite:id="ES2013b.B.words1018" starttime="1681.69" endtime="1682.22">okay</w>
   <w nite:id="ES2013b.B.words1019" starttime="1682.22" endtime="1682.22" punc="true">,</w>
   <w nite:id="ES2013b.B.words1020" starttime="1682.22" endtime="1682.66">yeah</w>
   <w nite:id="ES2013b.B.words1021" starttime="1682.66" endtime="1682.66" punc="true">.</w>
   <w nite:id="ES2013b.B.words1022" starttime="1683.4" endtime="1684.58">Yeah</w>
   <w nite:id="ES2013b.B.words1023" starttime="1684.58" endtime="1684.58" punc="true">.</w>
   <w nite:id="ES2013b.B.words1024" starttime="1684.58" endtime="1684.81">Yeah</w>
   <w nite:id="ES2013b.B.words1025" starttime="1684.81" endtime="1684.81" punc="true">,</w>
   <w nite:id="ES2013b.B.words1026" starttime="1684.81" endtime="1684.96">good</w>
   <w nite:id="ES2013b.B.words1027" starttime="1684.96" endtime="1685.32">point</w>
   <w nite:id="ES2013b.B.words1028" starttime="1685.32" endtime="1685.32" punc="true">.</w>
   <w nite:id="ES2013b.B.words1029" starttime="1751.2" endtime="1751.48">Mm-hmm</w>
   <w nite:id="ES2013b.B.words1030" starttime="1751.48" endtime="1751.48" punc="true">.</w>
   <w nite:id="ES2013b.B.words1031" starttime="1758.85" endtime="1758.91">Do</w>
   <w nite:id="ES2013b.B.words1032" starttime="1758.91" endtime="1758.97">you</w>
   <w nite:id="ES2013b.B.words1033" starttime="1758.97" endtime="1759.09">want</w>
   <w nite:id="ES2013b.B.words1034" starttime="1759.09" endtime="1759.38">the</w>
   <w nite:id="ES2013b.B.words1035" starttime="1759.38" endtime="1759.75">gizmo</w>
   <w nite:id="ES2013b.B.words1036" starttime="1759.75" endtime="1759.75" punc="true">?</w>
   <w nite:id="ES2013b.B.words1037" starttime="1807.06" endtime="1807.25" trunc="true">H</w>
   <w nite:id="ES2013b.B.words1038" starttime="1807.25" endtime="1807.33">how</w>
   <w nite:id="ES2013b.B.words1039" starttime="1807.33" endtime="1807.52">does</w>
   <w nite:id="ES2013b.B.words1040" starttime="1807.52" endtime="1807.69">that</w>
   <w nite:id="ES2013b.B.words1041" starttime="1807.69" endtime="1807.97">work</w>
   <w nite:id="ES2013b.B.words1042" starttime="1807.97" endtime="1807.97" punc="true">?</w>
   <w nite:id="ES2013b.B.words1043" starttime="1807.97" endtime="1809.98">How</w>
   <disfmarker nite:id="ES2013b.B.words1044" starttime="1809.98" endtime="1809.98"/>
   <w nite:id="ES2013b.B.words1045" starttime="1809.98" endtime="1810.16">so</w>
   <w nite:id="ES2013b.B.words1046" starttime="1810.16" endtime="1810.29">so</w>
   <w nite:id="ES2013b.B.words1047" starttime="1810.29" endtime="1810.4">how</w>
   <w nite:id="ES2013b.B.words1048" starttime="1810.4" endtime="1810.53">does</w>
   <w nite:id="ES2013b.B.words1049" starttime="1810.53" endtime="1810.63">that</w>
   <w nite:id="ES2013b.B.words1050" starttime="1810.63" endtime="1810.79">work</w>
   <w nite:id="ES2013b.B.words1051" starttime="1810.79" endtime="1810.79" punc="true">,</w>
   <w nite:id="ES2013b.B.words1052" starttime="1810.79" endtime="1810.92">how</w>
   <w nite:id="ES2013b.B.words1053" starttime="1810.92" endtime="1810.99">do</w>
   <w nite:id="ES2013b.B.words1054" starttime="1810.99" endtime="1811.12">you</w>
   <w nite:id="ES2013b.B.words1055" starttime="1811.12" endtime="1811.39">avoid</w>
   <w nite:id="ES2013b.B.words1056" starttime="1811.39" endtime="1811.77">switching</w>
   <w nite:id="ES2013b.B.words1057" starttime="1811.77" endtime="1811.86">the</w>
   <w nite:id="ES2013b.B.words1058" starttime="1811.86" endtime="1812.06">thing</w>
   <w nite:id="ES2013b.B.words1059" starttime="1812.06" endtime="1812.28">off</w>
   <w nite:id="ES2013b.B.words1060" starttime="1812.28" endtime="1812.39">when</w>
   <w nite:id="ES2013b.B.words1061" starttime="1812.39" endtime="1812.53">you</w>
   <w nite:id="ES2013b.B.words1062" starttime="1812.53" endtime="1813.01">actually</w>
   <w nite:id="ES2013b.B.words1063" starttime="1813.01" endtime="1813.2">wanna</w>
   <w nite:id="ES2013b.B.words1064" starttime="1813.2" endtime="1813.41">press</w>
   <w nite:id="ES2013b.B.words1065" starttime="1813.41" endtime="1813.71">enter</w>
   <w nite:id="ES2013b.B.words1066" starttime="1813.71" endtime="1813.71" punc="true">?</w>
   <w nite:id="ES2013b.B.words1067" starttime="1836.1" endtime="1836.61">Okay</w>
   <w nite:id="ES2013b.B.words1068" starttime="1836.61" endtime="1836.61" punc="true">,</w>
   <w nite:id="ES2013b.B.words1069" starttime="1836.61" endtime="1837.03">yep</w>
   <w nite:id="ES2013b.B.words1070" starttime="1837.03" endtime="1837.03" punc="true">,</w>
   <w nite:id="ES2013b.B.words1071" starttime="1837.03" endtime="1837.31">mm-hmm</w>
   <w nite:id="ES2013b.B.words1072" starttime="1837.31" endtime="1837.31" punc="true">.</w>
   <w nite:id="ES2013b.B.words1073" starttime="1844.56" endtime="1844.68">It&#39;s</w>
   <w nite:id="ES2013b.B.words1074" starttime="1844.68" endtime="1844.79">not</w>
   <w nite:id="ES2013b.B.words1075" starttime="1844.79" endtime="1844.96">getting</w>
   <w nite:id="ES2013b.B.words1076" starttime="1844.96" endtime="1845.0">a</w>
   <w nite:id="ES2013b.B.words1077" starttime="1845.0" endtime="1845.11">bit</w>
   <w nite:id="ES2013b.B.words1078" starttime="1845.11" endtime="1845.69">complicated</w>
   <w nite:id="ES2013b.B.words1079" starttime="1845.69" endtime="1845.69" punc="true">?</w>
   <w nite:id="ES2013b.B.words1080" starttime="1846.79" endtime="1846.95">Could</w>
   <w nite:id="ES2013b.B.words1081" starttime="1846.95" endtime="1847.27">granny</w>
   <w nite:id="ES2013b.B.words1082" starttime="1847.27" endtime="1847.45">do</w>
   <w nite:id="ES2013b.B.words1083" starttime="1847.45" endtime="1847.62">this</w>
   <w nite:id="ES2013b.B.words1084" starttime="1847.62" endtime="1847.62" punc="true">,</w>
   <w nite:id="ES2013b.B.words1085" starttime="1847.62" endtime="1847.65">or</w>
   <w nite:id="ES2013b.B.words1086" starttime="1847.65" endtime="1847.7">are</w>
   <w nite:id="ES2013b.B.words1087" starttime="1847.7" endtime="1847.92">we</w>
   <w nite:id="ES2013b.B.words1088" starttime="1847.92" endtime="1848.16">just</w>
   <w nite:id="ES2013b.B.words1089" starttime="1848.16" endtime="1848.32">not</w>
   <w nite:id="ES2013b.B.words1090" starttime="1848.32" endtime="1848.52">aiming</w>
   <w nite:id="ES2013b.B.words1091" starttime="1848.52" endtime="1848.61">at</w>
   <w nite:id="ES2013b.B.words1092" starttime="1848.61" endtime="1849.32">granny</w>
   <w nite:id="ES2013b.B.words1093" starttime="1849.32" endtime="1849.32" punc="true">?</w>
   <vocalsound nite:id="ES2013b.B.words1094" starttime="1857.526" endtime="1859.328" type="laugh"/>
   <w nite:id="ES2013b.B.words1095" starttime="1918.84" endtime="1920.25">Mm</w>
   <w nite:id="ES2013b.B.words1096" starttime="1920.25" endtime="1920.25" punc="true">.</w>
   <vocalsound nite:id="ES2013b.B.words1097" starttime="1920.25" endtime="1920.439" type="laugh"/>
   <w nite:id="ES2013b.B.words1098" starttime="1922.48" endtime="1922.64">Uh</w>
   <w nite:id="ES2013b.B.words1099" starttime="1922.64" endtime="1922.64" punc="true">.</w>
   <w nite:id="ES2013b.B.words1100" starttime="1989.95" endtime="1990.06">How</w>
   <w nite:id="ES2013b.B.words1101" starttime="1990.06" endtime="1990.14">do</w>
   <w nite:id="ES2013b.B.words1102" starttime="1990.14" endtime="1990.2">you</w>
   <w nite:id="ES2013b.B.words1103" starttime="1990.2" endtime="1990.34">do</w>
   <w nite:id="ES2013b.B.words1104" starttime="1990.34" endtime="1990.53">that</w>
   <w nite:id="ES2013b.B.words1105" starttime="1990.53" endtime="1990.53" punc="true">?</w>
   <w nite:id="ES2013b.B.words1106" starttime="1990.53" endtime="1990.62">How</w>
   <w nite:id="ES2013b.B.words1107" starttime="1990.62" endtime="1990.68">do</w>
   <w nite:id="ES2013b.B.words1108" starttime="1990.68" endtime="1990.75">you</w>
   <w nite:id="ES2013b.B.words1109" starttime="1990.75" endtime="1990.9">make</w>
   <w nite:id="ES2013b.B.words1110" starttime="1990.9" endtime="1990.99">it</w>
   <w nite:id="ES2013b.B.words1111" starttime="1990.99" endtime="1991.11">do</w>
   <w nite:id="ES2013b.B.words1112" starttime="1991.11" endtime="1991.43">both</w>
   <w nite:id="ES2013b.B.words1113" starttime="1991.43" endtime="1991.43" punc="true">?</w>
   <w nite:id="ES2013b.B.words1114" starttime="2001.99" endtime="2002.09">Ah</w>
   <w nite:id="ES2013b.B.words1115" starttime="2002.09" endtime="2002.34">okay</w>
   <w nite:id="ES2013b.B.words1116" starttime="2002.34" endtime="2002.34" punc="true">,</w>
   <w nite:id="ES2013b.B.words1117" starttime="2002.34" endtime="2002.48">it</w>
   <w nite:id="ES2013b.B.words1118" starttime="2002.48" endtime="2002.79">toggles</w>
   <w nite:id="ES2013b.B.words1119" starttime="2002.79" endtime="2003.33">through</w>
   <w nite:id="ES2013b.B.words1120" starttime="2003.33" endtime="2003.33" punc="true">,</w>
   <w nite:id="ES2013b.B.words1121" starttime="2003.33" endtime="2003.65">yeah</w>
   <w nite:id="ES2013b.B.words1122" starttime="2003.65" endtime="2003.65" punc="true">.</w>
   <vocalsound nite:id="ES2013b.B.words1123" starttime="2004.928" endtime="2006.238" type="laugh"/>
   <w nite:id="ES2013b.B.words1124" starttime="2007.15" endtime="2007.39">Yeah</w>
   <w nite:id="ES2013b.B.words1125" starttime="2007.39" endtime="2007.39" punc="true">.</w>
   <vocalsound nite:id="ES2013b.B.words1126" starttime="2052.976" endtime="2052.976" type="other"/>
   <w nite:id="ES2013b.B.words1127" starttime="2053.41" endtime="2053.67">Sounds</w>
   <w nite:id="ES2013b.B.words1128" starttime="2053.67" endtime="2053.99">good</w>
   <w nite:id="ES2013b.B.words1129" starttime="2053.99" endtime="2053.99" punc="true">.</w>
   <w nite:id="ES2013b.B.words1130" starttime="2061.64" endtime="2062.02">Okay</w>
   <w nite:id="ES2013b.B.words1131" starttime="2062.02" endtime="2062.02" punc="true">.</w>
   <w nite:id="ES2013b.B.words1132" starttime="2089.91" endtime="2090.04">So</w>
   <w nite:id="ES2013b.B.words1133" starttime="2090.04" endtime="2090.18">we&#39;re</w>
   <w nite:id="ES2013b.B.words1134" starttime="2090.18" endtime="2090.43">still</w>
   <w nite:id="ES2013b.B.words1135" starttime="2090.43" endtime="2090.56">in</w>
   <w nite:id="ES2013b.B.words1136" starttime="2090.56" endtime="2090.88">meeting</w>
   <w nite:id="ES2013b.B.words1137" starttime="2090.88" endtime="2090.88" punc="true">,</w>
   <w nite:id="ES2013b.B.words1138" starttime="2090.88" endtime="2091.0">aren&#39;t</w>
   <w nite:id="ES2013b.B.words1139" starttime="2091.0" endtime="2093.01">we</w>
   <w nite:id="ES2013b.B.words1140" starttime="2093.01" endtime="2093.01" punc="true">?</w>
   <vocalsound nite:id="ES2013b.B.words1141" starttime="2093.01" endtime="2093.404" type="laugh"/>
   <w nite:id="ES2013b.B.words1142" starttime="2122.47" endtime="2122.71">Okay</w>
   <w nite:id="ES2013b.B.words1143" starttime="2122.71" endtime="2122.71" punc="true">.</w>
</nite:root>