<?xml version="1.0" encoding="ISO-8859-1" standalone="yes"?>
<nite:root nite:id="ES2013b.C.words" xmlns:nite="http://nite.sourceforge.net/">
   <w nite:id="ES2013b.C.words0" starttime="78.66" endtime="79.09">Yes</w>
   <w nite:id="ES2013b.C.words1" starttime="79.09" endtime="79.09" punc="true">.</w>
   <w nite:id="ES2013b.C.words2" starttime="201.14" endtime="201.41">Yeah</w>
   <w nite:id="ES2013b.C.words3" starttime="201.41" endtime="201.41" punc="true">,</w>
   <w nite:id="ES2013b.C.words4" starttime="201.41" endtime="201.46">I</w>
   <w nite:id="ES2013b.C.words5" starttime="201.46" endtime="201.64">do</w>
   <w nite:id="ES2013b.C.words6" starttime="201.64" endtime="201.64" punc="true">.</w>
   <w nite:id="ES2013b.C.words7" starttime="229.02" endtime="229.24">Uh</w>
   <w nite:id="ES2013b.C.words8" starttime="229.24" endtime="229.44">not</w>
   <w nite:id="ES2013b.C.words9" starttime="229.44" endtime="229.6">really</w>
   <w nite:id="ES2013b.C.words10" starttime="229.6" endtime="229.76">meant</w>
   <w nite:id="ES2013b.C.words11" starttime="229.76" endtime="229.84">to</w>
   <w nite:id="ES2013b.C.words12" starttime="229.84" endtime="230.14">touch</w>
   <w nite:id="ES2013b.C.words13" starttime="230.14" endtime="230.98">those</w>
   <w nite:id="ES2013b.C.words14" starttime="230.98" endtime="231.86">microphones</w>
   <w nite:id="ES2013b.C.words15" starttime="231.86" endtime="231.86" punc="true">.</w>
   <w nite:id="ES2013b.C.words16" starttime="231.86" endtime="231.96">Oh</w>
   <w nite:id="ES2013b.C.words17" starttime="231.96" endtime="232.04">it</w>
   <w nite:id="ES2013b.C.words18" starttime="232.04" endtime="232.24">doesn&#39;t</w>
   <w nite:id="ES2013b.C.words19" starttime="232.24" endtime="232.39">have</w>
   <w nite:id="ES2013b.C.words20" starttime="232.39" endtime="232.54">any</w>
   <w nite:id="ES2013b.C.words21" starttime="232.54" endtime="232.71">on</w>
   <w nite:id="ES2013b.C.words22" starttime="232.71" endtime="232.71" punc="true">,</w>
   <w nite:id="ES2013b.C.words23" starttime="232.71" endtime="232.91">does</w>
   <w nite:id="ES2013b.C.words24" starttime="232.91" endtime="233.34">it</w>
   <w nite:id="ES2013b.C.words25" starttime="233.34" endtime="233.34" punc="true">?</w>
   <w nite:id="ES2013b.C.words26" starttime="233.34" endtime="233.5">That&#39;s</w>
   <w nite:id="ES2013b.C.words27" starttime="233.5" endtime="233.67">fine</w>
   <w nite:id="ES2013b.C.words28" starttime="233.67" endtime="233.67" punc="true">.</w>
   <w nite:id="ES2013b.C.words29" starttime="591.37" endtime="591.4">Uh</w>
   <w nite:id="ES2013b.C.words30" starttime="591.4" endtime="591.48">it</w>
   <w nite:id="ES2013b.C.words31" starttime="591.48" endtime="591.99">definitely</w>
   <w nite:id="ES2013b.C.words32" starttime="591.99" endtime="592.79">needs</w>
   <w nite:id="ES2013b.C.words33" starttime="592.79" endtime="593.75">uh</w>
   <w nite:id="ES2013b.C.words34" starttime="593.75" endtime="593.88">a</w>
   <w nite:id="ES2013b.C.words35" starttime="593.88" endtime="594.09">lot</w>
   <w nite:id="ES2013b.C.words36" starttime="594.09" endtime="594.42">more</w>
   <w nite:id="ES2013b.C.words37" starttime="594.42" endtime="594.97">research</w>
   <w nite:id="ES2013b.C.words38" starttime="594.97" endtime="595.47">on</w>
   <w nite:id="ES2013b.C.words39" starttime="595.47" endtime="595.63">like</w>
   <w nite:id="ES2013b.C.words40" starttime="595.63" endtime="595.88">how</w>
   <w nite:id="ES2013b.C.words41" starttime="595.88" endtime="596.16">much</w>
   <w nite:id="ES2013b.C.words42" starttime="596.16" endtime="596.46">more</w>
   <w nite:id="ES2013b.C.words43" starttime="596.46" endtime="596.53">it</w>
   <w nite:id="ES2013b.C.words44" starttime="596.53" endtime="596.72">would</w>
   <w nite:id="ES2013b.C.words45" starttime="596.72" endtime="597.18">be</w>
   <w nite:id="ES2013b.C.words46" starttime="597.18" endtime="598.62">and</w>
   <w nite:id="ES2013b.C.words47" starttime="598.62" endtime="599.23">any</w>
   <w nite:id="ES2013b.C.words48" starttime="599.23" endtime="599.23" punc="true">,</w>
   <w nite:id="ES2013b.C.words49" starttime="599.23" endtime="599.38">you</w>
   <w nite:id="ES2013b.C.words50" starttime="599.38" endtime="599.49">know</w>
   <w nite:id="ES2013b.C.words51" starttime="599.49" endtime="599.49" punc="true">,</w>
   <w nite:id="ES2013b.C.words52" starttime="599.49" endtime="600.19">existing</w>
   <w nite:id="ES2013b.C.words53" starttime="600.19" endtime="601.75">examples</w>
   <w nite:id="ES2013b.C.words54" starttime="601.75" endtime="601.75" punc="true">,</w>
   <w nite:id="ES2013b.C.words55" starttime="601.75" endtime="601.88">and</w>
   <w nite:id="ES2013b.C.words56" starttime="601.88" endtime="602.04">what</w>
   <w nite:id="ES2013b.C.words57" starttime="602.04" endtime="602.56">reactions</w>
   <w nite:id="ES2013b.C.words58" starttime="602.56" endtime="602.68">to</w>
   <w nite:id="ES2013b.C.words59" starttime="602.68" endtime="602.91">them</w>
   <w nite:id="ES2013b.C.words60" starttime="602.91" endtime="603.16">have</w>
   <w nite:id="ES2013b.C.words61" starttime="603.16" endtime="604.35">been</w>
   <w nite:id="ES2013b.C.words62" starttime="604.35" endtime="604.35" punc="true">,</w>
   <w nite:id="ES2013b.C.words63" starttime="604.35" endtime="605.46">and</w>
   <w nite:id="ES2013b.C.words64" starttime="605.46" endtime="605.6">that</w>
   <w nite:id="ES2013b.C.words65" starttime="605.6" endtime="605.76">sort</w>
   <w nite:id="ES2013b.C.words66" starttime="605.76" endtime="605.83">of</w>
   <w nite:id="ES2013b.C.words67" starttime="605.83" endtime="606.01">thing</w>
   <w nite:id="ES2013b.C.words68" starttime="606.01" endtime="606.01" punc="true">.</w>
   <w nite:id="ES2013b.C.words69" starttime="763.03" endtime="763.48">Yeah</w>
   <w nite:id="ES2013b.C.words70" starttime="763.48" endtime="763.48" punc="true">,</w>
   <w nite:id="ES2013b.C.words71" starttime="763.48" endtime="763.7">press</w>
   <w nite:id="ES2013b.C.words72" starttime="763.7" endtime="764.05">them</w>
   <w nite:id="ES2013b.C.words73" starttime="764.05" endtime="764.05" punc="true">.</w>
   <w nite:id="ES2013b.C.words74" starttime="768.49" endtime="768.78">Yeah</w>
   <w nite:id="ES2013b.C.words75" starttime="768.78" endtime="768.78" punc="true">,</w>
   <w nite:id="ES2013b.C.words76" starttime="768.78" endtime="768.89">here</w>
   <w nite:id="ES2013b.C.words77" starttime="768.89" endtime="768.98">we</w>
   <w nite:id="ES2013b.C.words78" starttime="768.98" endtime="769.44">go</w>
   <w nite:id="ES2013b.C.words79" starttime="769.44" endtime="769.44" punc="true">.</w>
   <w nite:id="ES2013b.C.words80" starttime="777.3" endtime="777.5">Can</w>
   <w nite:id="ES2013b.C.words81" starttime="777.5" endtime="777.57">I</w>
   <w nite:id="ES2013b.C.words82" starttime="777.57" endtime="777.75">not</w>
   <w nite:id="ES2013b.C.words83" starttime="777.75" endtime="778.15">just</w>
   <w nite:id="ES2013b.C.words84" starttime="778.15" endtime="779.0">uh</w>
   <w nite:id="ES2013b.C.words85" starttime="780.64" endtime="780.8">do</w>
   <w nite:id="ES2013b.C.words86" starttime="780.8" endtime="780.95">each</w>
   <w nite:id="ES2013b.C.words87" starttime="780.95" endtime="781.11">one</w>
   <w nite:id="ES2013b.C.words88" starttime="781.11" endtime="781.2">in</w>
   <w nite:id="ES2013b.C.words89" starttime="781.2" endtime="781.57">order</w>
   <w nite:id="ES2013b.C.words90" starttime="781.57" endtime="781.57" punc="true">?</w>
   <w nite:id="ES2013b.C.words91" starttime="786.59" endtime="786.77">That</w>
   <w nite:id="ES2013b.C.words92" starttime="786.77" endtime="786.77" punc="true">?</w>
   <w nite:id="ES2013b.C.words93" starttime="788.61" endtime="788.78">That</w>
   <w nite:id="ES2013b.C.words94" starttime="788.78" endtime="788.78" punc="true">?</w>
   <w nite:id="ES2013b.C.words95" starttime="790.27" endtime="790.47">That</w>
   <w nite:id="ES2013b.C.words96" starttime="790.47" endtime="790.47" punc="true">?</w>
   <w nite:id="ES2013b.C.words97" starttime="795.99" endtime="796.33">Right</w>
   <w nite:id="ES2013b.C.words98" starttime="796.33" endtime="796.33" punc="true">,</w>
   <w nite:id="ES2013b.C.words99" starttime="796.33" endtime="796.77">technical</w>
   <w nite:id="ES2013b.C.words100" starttime="796.77" endtime="797.27">functions</w>
   <w nite:id="ES2013b.C.words101" starttime="797.27" endtime="797.72">design</w>
   <w nite:id="ES2013b.C.words102" starttime="797.72" endtime="797.72" punc="true">.</w>
   <w nite:id="ES2013b.C.words103" starttime="800.94" endtime="802.22">Uh</w>
   <w nite:id="ES2013b.C.words104" starttime="802.22" endtime="802.37">well</w>
   <w nite:id="ES2013b.C.words105" starttime="802.37" endtime="802.42">I</w>
   <w nite:id="ES2013b.C.words106" starttime="802.42" endtime="802.62">think</w>
   <w nite:id="ES2013b.C.words107" starttime="802.62" endtime="802.97">first</w>
   <w nite:id="ES2013b.C.words108" starttime="802.97" endtime="803.4">off</w>
   <w nite:id="ES2013b.C.words109" starttime="803.4" endtime="803.4" punc="true">,</w>
   <w nite:id="ES2013b.C.words110" starttime="803.4" endtime="803.89">basically</w>
   <w nite:id="ES2013b.C.words111" starttime="803.89" endtime="804.44">I</w>
   <w nite:id="ES2013b.C.words112" starttime="804.44" endtime="804.68">do</w>
   <w nite:id="ES2013b.C.words113" starttime="804.68" endtime="805.05">agree</w>
   <w nite:id="ES2013b.C.words114" starttime="805.05" endtime="805.37">with</w>
   <w nite:id="ES2013b.C.words115" starttime="805.37" endtime="806.53">what</w>
   <w nite:id="ES2013b.C.words116" starttime="806.53" endtime="807.08">Sarah</w>
   <w nite:id="ES2013b.C.words117" starttime="807.08" endtime="807.49">has</w>
   <w nite:id="ES2013b.C.words118" starttime="807.49" endtime="808.24">defined</w>
   <w nite:id="ES2013b.C.words119" starttime="808.24" endtime="809.55">as</w>
   <w nite:id="ES2013b.C.words120" starttime="809.55" endtime="809.84">as</w>
   <w nite:id="ES2013b.C.words121" starttime="809.84" endtime="810.96">uh</w>
   <w nite:id="ES2013b.C.words122" starttime="810.96" endtime="811.17">your</w>
   <w nite:id="ES2013b.C.words123" starttime="811.17" endtime="811.54">personal</w>
   <w nite:id="ES2013b.C.words124" starttime="811.54" endtime="812.18">preferences,yeah</w>
   <w nite:id="ES2013b.C.words125" starttime="812.18" endtime="812.18" punc="true">.</w>
   <w nite:id="ES2013b.C.words126" starttime="812.37" endtime="812.42">I</w>
   <w nite:id="ES2013b.C.words127" starttime="812.42" endtime="812.59">think</w>
   <w nite:id="ES2013b.C.words128" starttime="812.59" endtime="812.7">we</w>
   <w nite:id="ES2013b.C.words129" starttime="812.7" endtime="812.93">need</w>
   <w nite:id="ES2013b.C.words130" starttime="812.93" endtime="813.77">uh</w>
   <w nite:id="ES2013b.C.words131" starttime="813.77" endtime="813.86">a</w>
   <w nite:id="ES2013b.C.words132" starttime="813.86" endtime="814.11">more</w>
   <w nite:id="ES2013b.C.words133" starttime="814.11" endtime="815.19">streamlined</w>
   <w nite:id="ES2013b.C.words134" starttime="815.19" endtime="815.78">volume</w>
   <w nite:id="ES2013b.C.words135" starttime="815.78" endtime="817.0">with</w>
   <w nite:id="ES2013b.C.words136" starttime="817.0" endtime="817.24">no</w>
   <w nite:id="ES2013b.C.words137" starttime="817.24" endtime="818.01">extraneous</w>
   <w nite:id="ES2013b.C.words138" starttime="818.01" endtime="818.77">functions</w>
   <w nite:id="ES2013b.C.words139" starttime="818.77" endtime="818.77" punc="true">.</w>
   <w nite:id="ES2013b.C.words140" starttime="820.92" endtime="821.07">So</w>
   <w nite:id="ES2013b.C.words141" starttime="821.07" endtime="821.22">my</w>
   <w nite:id="ES2013b.C.words142" starttime="821.22" endtime="821.65">method</w>
   <w nite:id="ES2013b.C.words143" starttime="821.65" endtime="821.89">was</w>
   <w nite:id="ES2013b.C.words144" starttime="821.89" endtime="822.09">to</w>
   <w nite:id="ES2013b.C.words145" starttime="822.09" endtime="822.31">look</w>
   <w nite:id="ES2013b.C.words146" starttime="822.31" endtime="822.41">at</w>
   <w nite:id="ES2013b.C.words147" starttime="822.41" endtime="822.55">the</w>
   <w nite:id="ES2013b.C.words148" starttime="822.55" endtime="823.02">existing</w>
   <w nite:id="ES2013b.C.words149" starttime="823.02" endtime="823.94">remotes</w>
   <w nite:id="ES2013b.C.words150" starttime="823.94" endtime="824.09">and</w>
   <w nite:id="ES2013b.C.words151" starttime="824.09" endtime="824.2">what</w>
   <w nite:id="ES2013b.C.words152" starttime="824.2" endtime="824.62">functions</w>
   <w nite:id="ES2013b.C.words153" starttime="824.62" endtime="824.82">they</w>
   <w nite:id="ES2013b.C.words154" starttime="824.82" endtime="825.88">have</w>
   <w nite:id="ES2013b.C.words155" starttime="825.88" endtime="825.88" punc="true">.</w>
   <w nite:id="ES2013b.C.words156" starttime="825.88" endtime="826.19">And</w>
   <w nite:id="ES2013b.C.words157" starttime="826.19" endtime="826.33">what</w>
   <w nite:id="ES2013b.C.words158" starttime="826.33" endtime="826.42">we</w>
   <w nite:id="ES2013b.C.words159" starttime="826.42" endtime="826.59">all</w>
   <w nite:id="ES2013b.C.words160" starttime="826.59" endtime="826.73">need</w>
   <w nite:id="ES2013b.C.words161" starttime="826.73" endtime="826.84">to</w>
   <w nite:id="ES2013b.C.words162" starttime="826.84" endtime="827.4">discuss</w>
   <w nite:id="ES2013b.C.words163" starttime="827.4" endtime="827.79">is</w>
   <w nite:id="ES2013b.C.words164" starttime="827.79" endtime="828.05">whether</w>
   <w nite:id="ES2013b.C.words165" starttime="828.05" endtime="828.19">we</w>
   <w nite:id="ES2013b.C.words166" starttime="828.19" endtime="828.39">want</w>
   <w nite:id="ES2013b.C.words167" starttime="828.39" endtime="828.54">these</w>
   <w nite:id="ES2013b.C.words168" starttime="828.54" endtime="829.18">functions</w>
   <w nite:id="ES2013b.C.words169" starttime="830.49" endtime="831.37">uh</w>
   <w nite:id="ES2013b.C.words170" starttime="831.37" endtime="831.57">pretty</w>
   <w nite:id="ES2013b.C.words171" starttime="831.57" endtime="831.77">much</w>
   <w nite:id="ES2013b.C.words172" starttime="831.77" endtime="831.89">the</w>
   <w nite:id="ES2013b.C.words173" starttime="831.89" endtime="832.28">same</w>
   <w nite:id="ES2013b.C.words174" starttime="832.28" endtime="832.61">as</w>
   <w nite:id="ES2013b.C.words175" starttime="832.61" endtime="832.76">what</w>
   <w nite:id="ES2013b.C.words176" starttime="832.76" endtime="833.17">existing</w>
   <w nite:id="ES2013b.C.words177" starttime="833.17" endtime="833.53">remotes</w>
   <w nite:id="ES2013b.C.words178" starttime="833.53" endtime="833.92">have</w>
   <w nite:id="ES2013b.C.words179" starttime="833.92" endtime="833.92" punc="true">.</w>
   <w nite:id="ES2013b.C.words180" starttime="833.92" endtime="834.12">If</w>
   <w nite:id="ES2013b.C.words181" starttime="834.12" endtime="834.23">we</w>
   <w nite:id="ES2013b.C.words182" starttime="834.23" endtime="834.51">can</w>
   <w nite:id="ES2013b.C.words183" starttime="834.51" endtime="834.77">build</w>
   <w nite:id="ES2013b.C.words184" starttime="834.77" endtime="834.95">on</w>
   <w nite:id="ES2013b.C.words185" starttime="834.95" endtime="835.43">this</w>
   <w nite:id="ES2013b.C.words186" starttime="835.43" endtime="835.69">with</w>
   <w nite:id="ES2013b.C.words187" starttime="835.69" endtime="836.13">the</w>
   <w nite:id="ES2013b.C.words188" starttime="836.13" endtime="836.47">speech</w>
   <w nite:id="ES2013b.C.words189" starttime="836.47" endtime="837.23">recognition</w>
   <w nite:id="ES2013b.C.words190" starttime="837.23" endtime="837.23" punc="true">,</w>
   <w nite:id="ES2013b.C.words191" starttime="837.23" endtime="837.47">that&#39;s</w>
   <w nite:id="ES2013b.C.words192" starttime="837.47" endtime="837.64">not</w>
   <w nite:id="ES2013b.C.words193" starttime="837.64" endtime="838.01">something</w>
   <w nite:id="ES2013b.C.words194" starttime="838.01" endtime="838.15">I&#39;d</w>
   <w nite:id="ES2013b.C.words195" starttime="838.15" endtime="838.4">thought</w>
   <w nite:id="ES2013b.C.words196" starttime="838.4" endtime="838.56">about</w>
   <w nite:id="ES2013b.C.words197" starttime="838.56" endtime="838.9">at</w>
   <w nite:id="ES2013b.C.words198" starttime="838.9" endtime="839.68">all</w>
   <w nite:id="ES2013b.C.words199" starttime="839.68" endtime="839.68" punc="true">,</w>
   <w nite:id="ES2013b.C.words200" starttime="839.68" endtime="839.89">but</w>
   <w nite:id="ES2013b.C.words201" starttime="839.89" endtime="840.08">it&#39;s</w>
   <w nite:id="ES2013b.C.words202" starttime="840.08" endtime="840.27">also</w>
   <w nite:id="ES2013b.C.words203" starttime="840.27" endtime="840.58">something</w>
   <w nite:id="ES2013b.C.words204" starttime="840.58" endtime="840.68">we</w>
   <w nite:id="ES2013b.C.words205" starttime="840.68" endtime="840.81">can</w>
   <w nite:id="ES2013b.C.words206" starttime="840.81" endtime="841.31">discuss</w>
   <w nite:id="ES2013b.C.words207" starttime="841.31" endtime="841.31" punc="true">.</w>
   <w nite:id="ES2013b.C.words208" starttime="844.56" endtime="844.67">Um</w>
   <w nite:id="ES2013b.C.words209" starttime="844.67" endtime="845.13">and</w>
   <w nite:id="ES2013b.C.words210" starttime="845.13" endtime="846.26">and</w>
   <w nite:id="ES2013b.C.words211" starttime="846.26" endtime="846.73">I</w>
   <w nite:id="ES2013b.C.words212" starttime="846.73" endtime="847.13">presume</w>
   <w nite:id="ES2013b.C.words213" starttime="847.13" endtime="847.24">we</w>
   <w nite:id="ES2013b.C.words214" starttime="847.24" endtime="847.4">can</w>
   <w nite:id="ES2013b.C.words215" starttime="847.4" endtime="847.71">miss</w>
   <w nite:id="ES2013b.C.words216" starttime="847.71" endtime="847.82">out</w>
   <w nite:id="ES2013b.C.words217" starttime="847.82" endtime="847.89">the</w>
   <w nite:id="ES2013b.C.words218" starttime="847.89" endtime="848.34">functions</w>
   <w nite:id="ES2013b.C.words219" starttime="848.34" endtime="848.59">really</w>
   <w nite:id="ES2013b.C.words220" starttime="848.59" endtime="848.79">to</w>
   <w nite:id="ES2013b.C.words221" starttime="848.79" endtime="848.97">to</w>
   <w nite:id="ES2013b.C.words222" starttime="848.97" endtime="849.03">a</w>
   <w nite:id="ES2013b.C.words223" starttime="849.03" endtime="849.39">video</w>
   <w nite:id="ES2013b.C.words224" starttime="849.39" endtime="849.54">or</w>
   <w nite:id="ES2013b.C.words225" starttime="849.54" endtime="850.19">D_V_D_</w>
   <w nite:id="ES2013b.C.words226" starttime="850.19" endtime="850.48">remote</w>
   <w nite:id="ES2013b.C.words227" starttime="850.48" endtime="851.57">control</w>
   <w nite:id="ES2013b.C.words228" starttime="851.57" endtime="851.57" punc="true">,</w>
   <w nite:id="ES2013b.C.words229" starttime="851.57" endtime="851.7">if</w>
   <w nite:id="ES2013b.C.words230" starttime="851.7" endtime="851.84">this</w>
   <w nite:id="ES2013b.C.words231" starttime="851.84" endtime="851.95">is</w>
   <w nite:id="ES2013b.C.words232" starttime="851.95" endtime="852.17">only</w>
   <w nite:id="ES2013b.C.words233" starttime="852.17" endtime="852.37">gonna</w>
   <w nite:id="ES2013b.C.words234" starttime="852.37" endtime="853.31">be</w>
   <w nite:id="ES2013b.C.words235" starttime="853.31" endtime="854.04">a</w>
   <w nite:id="ES2013b.C.words236" starttime="854.04" endtime="854.04" punc="true">,</w>
   <w nite:id="ES2013b.C.words237" starttime="854.04" endtime="854.15">you</w>
   <w nite:id="ES2013b.C.words238" starttime="854.15" endtime="854.24">know</w>
   <w nite:id="ES2013b.C.words239" starttime="854.24" endtime="854.24" punc="true">,</w>
   <w nite:id="ES2013b.C.words240" starttime="854.24" endtime="854.94">satellite</w>
   <w nite:id="ES2013b.C.words241" starttime="854.94" endtime="854.94" punc="true">,</w>
   <w nite:id="ES2013b.C.words242" starttime="854.94" endtime="855.63">cable</w>
   <w nite:id="ES2013b.C.words243" starttime="855.63" endtime="855.63" punc="true">,</w>
   <w nite:id="ES2013b.C.words244" starttime="855.63" endtime="856.26">T_V_</w>
   <w nite:id="ES2013b.C.words245" starttime="857.62" endtime="857.9">remote</w>
   <w nite:id="ES2013b.C.words246" starttime="857.9" endtime="858.89">control</w>
   <w nite:id="ES2013b.C.words247" starttime="858.89" endtime="858.89" punc="true">.</w>
   <w nite:id="ES2013b.C.words248" starttime="858.89" endtime="859.06">So</w>
   <w nite:id="ES2013b.C.words249" starttime="859.06" endtime="859.58">these</w>
   <w nite:id="ES2013b.C.words250" starttime="859.58" endtime="859.7">are</w>
   <w nite:id="ES2013b.C.words251" starttime="859.7" endtime="859.94">two</w>
   <w nite:id="ES2013b.C.words252" starttime="859.94" endtime="860.35">models</w>
   <w nite:id="ES2013b.C.words253" starttime="860.35" endtime="860.47">of</w>
   <w nite:id="ES2013b.C.words254" starttime="860.47" endtime="861.01">existing</w>
   <w nite:id="ES2013b.C.words255" starttime="861.01" endtime="861.32">remote</w>
   <w nite:id="ES2013b.C.words256" starttime="861.32" endtime="862.06">controls</w>
   <w nite:id="ES2013b.C.words257" starttime="862.06" endtime="862.06" punc="true">.</w>
   <w nite:id="ES2013b.C.words258" starttime="863.99" endtime="864.24">Uh</w>
   <w nite:id="ES2013b.C.words259" starttime="864.24" endtime="864.38">the</w>
   <w nite:id="ES2013b.C.words260" starttime="864.38" endtime="864.54">one</w>
   <w nite:id="ES2013b.C.words261" starttime="864.54" endtime="864.65">on</w>
   <w nite:id="ES2013b.C.words262" starttime="864.65" endtime="864.79">the</w>
   <w nite:id="ES2013b.C.words263" starttime="864.79" endtime="865.32">left</w>
   <w nite:id="ES2013b.C.words264" starttime="866.44" endtime="866.77">seems</w>
   <w nite:id="ES2013b.C.words265" starttime="866.77" endtime="866.88">to</w>
   <w nite:id="ES2013b.C.words266" starttime="866.88" endtime="866.99">be</w>
   <w nite:id="ES2013b.C.words267" starttime="866.99" endtime="867.07">a</w>
   <w nite:id="ES2013b.C.words268" starttime="867.07" endtime="867.9">fairly</w>
   <w nite:id="ES2013b.C.words269" starttime="869.73" endtime="870.05">uh</w>
   <w nite:id="ES2013b.C.words270" starttime="870.05" endtime="870.66">standard</w>
   <w nite:id="ES2013b.C.words271" starttime="870.66" endtime="871.47">universal</w>
   <w nite:id="ES2013b.C.words272" starttime="871.47" endtime="871.77">remote</w>
   <w nite:id="ES2013b.C.words273" starttime="871.77" endtime="872.23">control</w>
   <w nite:id="ES2013b.C.words274" starttime="872.23" endtime="872.23" punc="true">.</w>
   <w nite:id="ES2013b.C.words275" starttime="872.23" endtime="872.5">It</w>
   <w nite:id="ES2013b.C.words276" starttime="872.5" endtime="872.95">has</w>
   <w nite:id="ES2013b.C.words277" starttime="872.95" endtime="873.79">fast-forward</w>
   <w nite:id="ES2013b.C.words278" starttime="873.79" endtime="873.79" punc="true">,</w>
   <w nite:id="ES2013b.C.words279" starttime="873.79" endtime="874.28">stop</w>
   <w nite:id="ES2013b.C.words280" starttime="874.28" endtime="874.28" punc="true">,</w>
   <w nite:id="ES2013b.C.words281" starttime="874.28" endtime="875.13">play</w>
   <w nite:id="ES2013b.C.words282" starttime="875.13" endtime="875.13" punc="true">,</w>
   <w nite:id="ES2013b.C.words283" starttime="875.13" endtime="875.28">all</w>
   <w nite:id="ES2013b.C.words284" starttime="875.28" endtime="875.76">relating</w>
   <w nite:id="ES2013b.C.words285" starttime="875.76" endtime="875.92">to</w>
   <w nite:id="ES2013b.C.words286" starttime="875.92" endtime="877.39">movies</w>
   <w nite:id="ES2013b.C.words287" starttime="877.39" endtime="877.39" punc="true">.</w>
   <w nite:id="ES2013b.C.words288" starttime="877.39" endtime="877.56">It</w>
   <w nite:id="ES2013b.C.words289" starttime="877.56" endtime="877.84">also</w>
   <w nite:id="ES2013b.C.words290" starttime="877.84" endtime="878.21">has</w>
   <disfmarker nite:id="ES2013b.C.words291" starttime="878.21" endtime="878.21"/>
   <w nite:id="ES2013b.C.words292" starttime="878.21" endtime="878.47">seems</w>
   <w nite:id="ES2013b.C.words293" starttime="878.47" endtime="878.56">to</w>
   <w nite:id="ES2013b.C.words294" starttime="878.56" endtime="878.7">have</w>
   <w nite:id="ES2013b.C.words295" starttime="878.7" endtime="879.19">channel</w>
   <w nite:id="ES2013b.C.words296" starttime="879.19" endtime="879.42">up</w>
   <w nite:id="ES2013b.C.words297" starttime="879.42" endtime="879.59">and</w>
   <w nite:id="ES2013b.C.words298" starttime="879.59" endtime="879.93">channel</w>
   <w nite:id="ES2013b.C.words299" starttime="879.93" endtime="880.73">down</w>
   <w nite:id="ES2013b.C.words300" starttime="880.73" endtime="880.73" punc="true">,</w>
   <w nite:id="ES2013b.C.words301" starttime="880.73" endtime="881.05">which</w>
   <w nite:id="ES2013b.C.words302" starttime="881.05" endtime="881.97">is</w>
   <w nite:id="ES2013b.C.words303" starttime="881.97" endtime="882.14">which</w>
   <w nite:id="ES2013b.C.words304" starttime="882.14" endtime="882.27">is</w>
   <w nite:id="ES2013b.C.words305" starttime="882.27" endtime="882.51">more</w>
   <w nite:id="ES2013b.C.words306" starttime="882.51" endtime="882.63">what</w>
   <w nite:id="ES2013b.C.words307" starttime="882.63" endtime="882.76">you&#39;d</w>
   <w nite:id="ES2013b.C.words308" starttime="882.76" endtime="883.29">expect</w>
   <w nite:id="ES2013b.C.words309" starttime="883.29" endtime="883.58">from</w>
   <w nite:id="ES2013b.C.words310" starttime="883.58" endtime="884.86">a</w>
   <w nite:id="ES2013b.C.words311" starttime="884.86" endtime="884.86" punc="true">,</w>
   <w nite:id="ES2013b.C.words312" starttime="884.86" endtime="885.13">you</w>
   <w nite:id="ES2013b.C.words313" starttime="885.13" endtime="885.25">know</w>
   <w nite:id="ES2013b.C.words314" starttime="885.25" endtime="885.25" punc="true">,</w>
   <w nite:id="ES2013b.C.words315" starttime="885.25" endtime="885.43">like</w>
   <w nite:id="ES2013b.C.words316" starttime="885.43" endtime="885.49">a</w>
   <w nite:id="ES2013b.C.words317" starttime="885.49" endtime="885.9">Sky</w>
   <w nite:id="ES2013b.C.words318" starttime="885.9" endtime="886.03">or</w>
   <w nite:id="ES2013b.C.words319" starttime="886.03" endtime="886.83">cable</w>
   <w nite:id="ES2013b.C.words320" starttime="886.83" endtime="887.1">remote</w>
   <w nite:id="ES2013b.C.words321" starttime="887.1" endtime="887.45">control</w>
   <w nite:id="ES2013b.C.words322" starttime="887.45" endtime="887.58">where</w>
   <w nite:id="ES2013b.C.words323" starttime="887.58" endtime="887.68">you&#39;ve</w>
   <w nite:id="ES2013b.C.words324" starttime="887.68" endtime="887.81">got</w>
   <w nite:id="ES2013b.C.words325" starttime="887.81" endtime="888.16">hundreds</w>
   <w nite:id="ES2013b.C.words326" starttime="888.16" endtime="888.27">of</w>
   <w nite:id="ES2013b.C.words327" starttime="888.27" endtime="889.33">channels</w>
   <w nite:id="ES2013b.C.words328" starttime="889.33" endtime="889.63">instead</w>
   <w nite:id="ES2013b.C.words329" starttime="889.63" endtime="889.75">of</w>
   <w nite:id="ES2013b.C.words330" starttime="889.75" endtime="890.85">a</w>
   <w nite:id="ES2013b.C.words331" starttime="890.85" endtime="891.38">merely</w>
   <w nite:id="ES2013b.C.words332" starttime="891.38" endtime="892.07">terrestrial</w>
   <w nite:id="ES2013b.C.words333" starttime="892.07" endtime="892.45">one</w>
   <w nite:id="ES2013b.C.words334" starttime="892.45" endtime="892.45" punc="true">.</w>
   <w nite:id="ES2013b.C.words335" starttime="894.23" endtime="894.43">Uh</w>
   <w nite:id="ES2013b.C.words336" starttime="894.43" endtime="894.57">but</w>
   <w nite:id="ES2013b.C.words337" starttime="894.57" endtime="894.71">I</w>
   <w nite:id="ES2013b.C.words338" starttime="894.71" endtime="894.91">think</w>
   <w nite:id="ES2013b.C.words339" starttime="894.91" endtime="895.0">we</w>
   <w nite:id="ES2013b.C.words340" starttime="895.0" endtime="895.13">should</w>
   <w nite:id="ES2013b.C.words341" starttime="895.13" endtime="895.21">be</w>
   <w nite:id="ES2013b.C.words342" starttime="895.21" endtime="895.66">looking</w>
   <w nite:id="ES2013b.C.words343" starttime="895.66" endtime="896.11">more</w>
   <w nite:id="ES2013b.C.words344" starttime="896.11" endtime="896.46">along</w>
   <w nite:id="ES2013b.C.words345" starttime="896.46" endtime="896.54">the</w>
   <w nite:id="ES2013b.C.words346" starttime="896.54" endtime="896.83">lines</w>
   <w nite:id="ES2013b.C.words347" starttime="896.83" endtime="896.91">of</w>
   <w nite:id="ES2013b.C.words348" starttime="896.91" endtime="896.98">the</w>
   <w nite:id="ES2013b.C.words349" starttime="896.98" endtime="897.13">one</w>
   <w nite:id="ES2013b.C.words350" starttime="897.13" endtime="897.23">on</w>
   <w nite:id="ES2013b.C.words351" starttime="897.23" endtime="897.34">the</w>
   <w nite:id="ES2013b.C.words352" starttime="897.34" endtime="898.08">right</w>
   <w nite:id="ES2013b.C.words353" starttime="898.08" endtime="898.08" punc="true">,</w>
   <w nite:id="ES2013b.C.words354" starttime="898.08" endtime="898.3">which</w>
   <w nite:id="ES2013b.C.words355" starttime="898.3" endtime="899.16">has</w>
   <disfmarker nite:id="ES2013b.C.words356" starttime="899.16" endtime="899.16"/>
   <w nite:id="ES2013b.C.words357" starttime="899.16" endtime="899.22">it</w>
   <w nite:id="ES2013b.C.words358" starttime="899.22" endtime="899.45">also</w>
   <w nite:id="ES2013b.C.words359" starttime="899.45" endtime="899.64">has</w>
   <w nite:id="ES2013b.C.words360" starttime="899.64" endtime="900.02">play</w>
   <w nite:id="ES2013b.C.words361" starttime="900.02" endtime="900.02" punc="true">,</w>
   <w nite:id="ES2013b.C.words362" starttime="900.02" endtime="900.4">stop</w>
   <w nite:id="ES2013b.C.words363" starttime="900.4" endtime="900.57">and</w>
   <w nite:id="ES2013b.C.words364" starttime="900.57" endtime="900.94">pause</w>
   <w nite:id="ES2013b.C.words365" starttime="900.94" endtime="901.03">and</w>
   <w nite:id="ES2013b.C.words366" starttime="901.03" endtime="901.43">everything</w>
   <w nite:id="ES2013b.C.words367" starttime="901.43" endtime="901.43" punc="true">,</w>
   <w nite:id="ES2013b.C.words368" starttime="901.43" endtime="901.49">I</w>
   <w nite:id="ES2013b.C.words369" starttime="901.49" endtime="901.69">don&#39;t</w>
   <w nite:id="ES2013b.C.words370" starttime="901.69" endtime="901.84">think</w>
   <w nite:id="ES2013b.C.words371" starttime="901.84" endtime="901.92">we</w>
   <w nite:id="ES2013b.C.words372" starttime="901.92" endtime="902.08">need</w>
   <w nite:id="ES2013b.C.words373" starttime="902.08" endtime="902.28">them</w>
   <w nite:id="ES2013b.C.words374" starttime="902.28" endtime="902.42">at</w>
   <w nite:id="ES2013b.C.words375" starttime="902.42" endtime="902.66">all</w>
   <w nite:id="ES2013b.C.words376" starttime="902.66" endtime="902.66" punc="true">.</w>
   <w nite:id="ES2013b.C.words377" starttime="904.21" endtime="904.36">I</w>
   <w nite:id="ES2013b.C.words378" starttime="904.36" endtime="904.56">think</w>
   <w nite:id="ES2013b.C.words379" starttime="904.56" endtime="904.65">we</w>
   <w nite:id="ES2013b.C.words380" starttime="904.65" endtime="904.94">just</w>
   <w nite:id="ES2013b.C.words381" starttime="904.94" endtime="906.41">need</w>
   <w nite:id="ES2013b.C.words382" starttime="906.41" endtime="906.78">channel</w>
   <w nite:id="ES2013b.C.words383" starttime="906.78" endtime="907.5">selection</w>
   <w nite:id="ES2013b.C.words384" starttime="907.5" endtime="907.5" punc="true">,</w>
   <w nite:id="ES2013b.C.words385" starttime="908.89" endtime="909.31">volume</w>
   <w nite:id="ES2013b.C.words386" starttime="909.31" endtime="909.53">up</w>
   <w nite:id="ES2013b.C.words387" starttime="909.53" endtime="909.53" punc="true">,</w>
   <w nite:id="ES2013b.C.words388" starttime="909.53" endtime="909.88">volume</w>
   <w nite:id="ES2013b.C.words389" starttime="909.88" endtime="910.7">down</w>
   <w nite:id="ES2013b.C.words390" starttime="910.7" endtime="911.21">and</w>
   <w nite:id="ES2013b.C.words391" starttime="914.44" endtime="914.52">I</w>
   <w nite:id="ES2013b.C.words392" starttime="914.52" endtime="915.74">think</w>
   <w nite:id="ES2013b.C.words393" starttime="915.74" endtime="916.65">an</w>
   <w nite:id="ES2013b.C.words394" starttime="916.65" endtime="917.02">an</w>
   <w nite:id="ES2013b.C.words395" starttime="917.02" endtime="917.5">enter</w>
   <w nite:id="ES2013b.C.words396" starttime="917.5" endtime="918.05">function</w>
   <w nite:id="ES2013b.C.words397" starttime="918.05" endtime="918.16">where</w>
   <w nite:id="ES2013b.C.words398" starttime="918.16" endtime="918.34">you</w>
   <w nite:id="ES2013b.C.words399" starttime="918.34" endtime="918.54">can</w>
   <w nite:id="ES2013b.C.words400" starttime="918.54" endtime="919.16">access</w>
   <disfmarker nite:id="ES2013b.C.words401" starttime="919.16" endtime="919.16"/>
   <w nite:id="ES2013b.C.words402" starttime="919.16" endtime="919.36">it&#39;s</w>
   <w nite:id="ES2013b.C.words403" starttime="919.36" endtime="919.56">not</w>
   <w nite:id="ES2013b.C.words404" starttime="919.56" endtime="919.7">like</w>
   <w nite:id="ES2013b.C.words405" starttime="919.7" endtime="920.38">teletext</w>
   <w nite:id="ES2013b.C.words406" starttime="920.38" endtime="920.38" punc="true">,</w>
   <w nite:id="ES2013b.C.words407" starttime="920.38" endtime="921.57">but</w>
   <w nite:id="ES2013b.C.words408" starttime="921.57" endtime="921.87">along</w>
   <w nite:id="ES2013b.C.words409" starttime="921.87" endtime="921.95">the</w>
   <w nite:id="ES2013b.C.words410" starttime="921.95" endtime="922.21">same</w>
   <w nite:id="ES2013b.C.words411" starttime="922.21" endtime="922.45">lines</w>
   <w nite:id="ES2013b.C.words412" starttime="922.45" endtime="922.45" punc="true">,</w>
   <w nite:id="ES2013b.C.words413" starttime="922.45" endtime="922.84">access</w>
   <w nite:id="ES2013b.C.words414" starttime="922.84" endtime="923.13">things</w>
   <w nite:id="ES2013b.C.words415" starttime="923.13" endtime="923.27">on</w>
   <w nite:id="ES2013b.C.words416" starttime="923.27" endtime="923.38">the</w>
   <w nite:id="ES2013b.C.words417" starttime="923.38" endtime="924.84">screen</w>
   <w nite:id="ES2013b.C.words418" starttime="924.84" endtime="924.84" punc="true">.</w>
   <w nite:id="ES2013b.C.words419" starttime="924.84" endtime="925.31">Uh</w>
   <w nite:id="ES2013b.C.words420" starttime="926.36" endtime="926.55">not</w>
   <w nite:id="ES2013b.C.words421" starttime="926.55" endtime="926.94">related</w>
   <w nite:id="ES2013b.C.words422" starttime="926.94" endtime="927.29">to</w>
   <w nite:id="ES2013b.C.words423" starttime="927.29" endtime="927.42">the</w>
   <w nite:id="ES2013b.C.words424" starttime="927.42" endtime="927.84">internet</w>
   <w nite:id="ES2013b.C.words425" starttime="927.84" endtime="927.98">one</w>
   <w nite:id="ES2013b.C.words426" starttime="927.98" endtime="928.08">that</w>
   <w nite:id="ES2013b.C.words427" starttime="928.08" endtime="928.17">you</w>
   <w nite:id="ES2013b.C.words428" starttime="928.17" endtime="928.59">mentioned</w>
   <w nite:id="ES2013b.C.words429" starttime="928.59" endtime="928.59" punc="true">,</w>
   <w nite:id="ES2013b.C.words430" starttime="928.59" endtime="928.86">because</w>
   <w nite:id="ES2013b.C.words431" starttime="928.86" endtime="929.04">that&#39;d</w>
   <w nite:id="ES2013b.C.words432" starttime="929.04" endtime="929.13">be</w>
   <w nite:id="ES2013b.C.words433" starttime="929.13" endtime="929.69">far</w>
   <w nite:id="ES2013b.C.words434" starttime="929.69" endtime="930.13">outside</w>
   <w nite:id="ES2013b.C.words435" starttime="930.13" endtime="930.28">our</w>
   <w nite:id="ES2013b.C.words436" starttime="930.28" endtime="931.65">budget</w>
   <w nite:id="ES2013b.C.words437" starttime="931.65" endtime="931.86">and</w>
   <w nite:id="ES2013b.C.words438" starttime="931.86" endtime="932.01">what</w>
   <w nite:id="ES2013b.C.words439" starttime="932.01" endtime="932.11">we</w>
   <w nite:id="ES2013b.C.words440" starttime="932.11" endtime="932.34">want</w>
   <w nite:id="ES2013b.C.words441" starttime="932.34" endtime="932.53">this</w>
   <w nite:id="ES2013b.C.words442" starttime="932.53" endtime="932.65">to</w>
   <w nite:id="ES2013b.C.words443" starttime="932.65" endtime="932.87">do</w>
   <w nite:id="ES2013b.C.words444" starttime="932.87" endtime="932.87" punc="true">.</w>
   <w nite:id="ES2013b.C.words445" starttime="935.51" endtime="935.65">So</w>
   <w nite:id="ES2013b.C.words446" starttime="935.65" endtime="937.12">it</w>
   <w nite:id="ES2013b.C.words447" starttime="937.12" endtime="937.41">really</w>
   <w nite:id="ES2013b.C.words448" starttime="937.41" endtime="937.76">exceed</w>
   <w nite:id="ES2013b.C.words449" starttime="937.76" endtime="937.84">the</w>
   <w nite:id="ES2013b.C.words450" starttime="937.84" endtime="938.38">requirements</w>
   <w nite:id="ES2013b.C.words451" starttime="938.38" endtime="938.38" punc="true">,</w>
   <w nite:id="ES2013b.C.words452" starttime="938.38" endtime="938.55">&#39;cause</w>
   <w nite:id="ES2013b.C.words453" starttime="938.55" endtime="938.76">the</w>
   <w nite:id="ES2013b.C.words454" starttime="938.76" endtime="939.63">requirements</w>
   <w nite:id="ES2013b.C.words455" starttime="939.63" endtime="939.88">really</w>
   <w nite:id="ES2013b.C.words456" starttime="939.88" endtime="940.1">are</w>
   <w nite:id="ES2013b.C.words457" starttime="940.1" endtime="941.45">just</w>
   <disfmarker nite:id="ES2013b.C.words458" starttime="941.45" endtime="941.45"/>
   <w nite:id="ES2013b.C.words459" starttime="941.45" endtime="941.62">want</w>
   <w nite:id="ES2013b.C.words460" starttime="941.62" endtime="941.73">to</w>
   <w nite:id="ES2013b.C.words461" starttime="941.73" endtime="941.81">be</w>
   <w nite:id="ES2013b.C.words462" starttime="941.81" endtime="941.98">able</w>
   <w nite:id="ES2013b.C.words463" starttime="941.98" endtime="942.92">to</w>
   <w nite:id="ES2013b.C.words464" starttime="942.92" endtime="943.26">change</w>
   <w nite:id="ES2013b.C.words465" starttime="943.26" endtime="943.73">channels</w>
   <w nite:id="ES2013b.C.words466" starttime="943.73" endtime="943.87">and</w>
   <w nite:id="ES2013b.C.words467" starttime="943.87" endtime="945.47">functions</w>
   <w nite:id="ES2013b.C.words468" starttime="945.47" endtime="945.47" punc="true">,</w>
   <w nite:id="ES2013b.C.words469" starttime="945.47" endtime="945.87">which</w>
   <w nite:id="ES2013b.C.words470" starttime="946.92" endtime="947.1">is</w>
   <w nite:id="ES2013b.C.words471" starttime="947.1" endtime="947.3">more</w>
   <w nite:id="ES2013b.C.words472" starttime="947.3" endtime="947.36">a</w>
   <w nite:id="ES2013b.C.words473" starttime="947.36" endtime="947.82">text</w>
   <w nite:id="ES2013b.C.words474" starttime="947.82" endtime="947.96">on</w>
   <w nite:id="ES2013b.C.words475" starttime="947.96" endtime="948.06">the</w>
   <w nite:id="ES2013b.C.words476" starttime="948.06" endtime="949.7">screen</w>
   <w nite:id="ES2013b.C.words477" starttime="949.7" endtime="950.19">thing</w>
   <w nite:id="ES2013b.C.words478" starttime="950.19" endtime="950.44">than</w>
   <w nite:id="ES2013b.C.words479" starttime="950.44" endtime="951.59">uh</w>
   <w nite:id="ES2013b.C.words480" starttime="951.59" endtime="951.74">than</w>
   <w nite:id="ES2013b.C.words481" starttime="951.74" endtime="952.12">actual</w>
   <w nite:id="ES2013b.C.words482" starttime="952.12" endtime="952.6">buttons</w>
   <w nite:id="ES2013b.C.words483" starttime="952.6" endtime="952.85" trunc="true">o</w>
   <w nite:id="ES2013b.C.words484" starttime="952.85" endtime="952.95">I</w>
   <w nite:id="ES2013b.C.words485" starttime="952.95" endtime="953.07">was</w>
   <w nite:id="ES2013b.C.words486" starttime="953.07" endtime="953.57">thinking</w>
   <w nite:id="ES2013b.C.words487" starttime="953.57" endtime="955.09">something</w>
   <disfmarker nite:id="ES2013b.C.words488" starttime="955.09" endtime="955.09"/>
   <w nite:id="ES2013b.C.words489" starttime="955.09" endtime="955.44">some</w>
   <w nite:id="ES2013b.C.words490" starttime="955.44" endtime="956.5">smooth</w>
   <w nite:id="ES2013b.C.words491" starttime="956.5" endtime="956.5" punc="true">,</w>
   <w nite:id="ES2013b.C.words492" starttime="956.5" endtime="957.06">sleek</w>
   <w nite:id="ES2013b.C.words493" starttime="957.06" endtime="957.06" punc="true">,</w>
   <w nite:id="ES2013b.C.words494" starttime="957.06" endtime="958.0">little</w>
   <w nite:id="ES2013b.C.words495" starttime="958.0" endtime="958.33">remote</w>
   <w nite:id="ES2013b.C.words496" starttime="958.33" endtime="959.5">control</w>
   <w nite:id="ES2013b.C.words497" starttime="959.5" endtime="960.49">with</w>
   <w nite:id="ES2013b.C.words498" starttime="960.49" endtime="960.93">big</w>
   <w nite:id="ES2013b.C.words499" starttime="960.93" endtime="961.68">user-friendly</w>
   <w nite:id="ES2013b.C.words500" starttime="961.68" endtime="962.27">buttons</w>
   <w nite:id="ES2013b.C.words501" starttime="962.27" endtime="962.55">and</w>
   <w nite:id="ES2013b.C.words502" starttime="962.55" endtime="963.34">uh</w>
   <w nite:id="ES2013b.C.words503" starttime="963.34" endtime="963.44">a</w>
   <w nite:id="ES2013b.C.words504" starttime="963.44" endtime="964.19">menu</w>
   <w nite:id="ES2013b.C.words505" starttime="964.19" endtime="964.41">that</w>
   <w nite:id="ES2013b.C.words506" starttime="964.41" endtime="964.52">you</w>
   <w nite:id="ES2013b.C.words507" starttime="964.52" endtime="964.68">can</w>
   <w nite:id="ES2013b.C.words508" starttime="964.68" endtime="965.26">access</w>
   <w nite:id="ES2013b.C.words509" starttime="965.26" endtime="965.26" punc="true">.</w>
   <w nite:id="ES2013b.C.words510" starttime="967.25" endtime="967.55">Uh</w>
   <w nite:id="ES2013b.C.words511" starttime="967.55" endtime="967.76">but</w>
   <w nite:id="ES2013b.C.words512" starttime="967.76" endtime="967.92">then</w>
   <w nite:id="ES2013b.C.words513" starttime="967.92" endtime="967.99">I</w>
   <w nite:id="ES2013b.C.words514" starttime="967.99" endtime="968.14">do</w>
   <w nite:id="ES2013b.C.words515" starttime="968.14" endtime="968.35">think</w>
   <w nite:id="ES2013b.C.words516" starttime="968.35" endtime="968.43">we</w>
   <w nite:id="ES2013b.C.words517" starttime="968.43" endtime="968.59">need</w>
   <w nite:id="ES2013b.C.words518" starttime="968.59" endtime="968.72">to</w>
   <w nite:id="ES2013b.C.words519" starttime="968.72" endtime="969.26">discuss</w>
   <w nite:id="ES2013b.C.words520" starttime="969.26" endtime="969.47">the</w>
   <w nite:id="ES2013b.C.words521" starttime="969.47" endtime="970.24">speech</w>
   <w nite:id="ES2013b.C.words522" starttime="971.6" endtime="972.36">um</w>
   <w nite:id="ES2013b.C.words523" starttime="972.36" endtime="974.27">recognition</w>
   <w nite:id="ES2013b.C.words524" starttime="974.27" endtime="975.13">possibility</w>
   <w nite:id="ES2013b.C.words525" starttime="975.13" endtime="975.13" punc="true">.</w>
   <w nite:id="ES2013b.C.words526" starttime="979.84" endtime="980.38">No</w>
   <w nite:id="ES2013b.C.words527" starttime="980.38" endtime="980.38" punc="true">.</w>
   <w nite:id="ES2013b.C.words528" starttime="982.48" endtime="982.61">But</w>
   <w nite:id="ES2013b.C.words529" starttime="982.61" endtime="982.69">we</w>
   <w nite:id="ES2013b.C.words530" starttime="982.69" endtime="982.85">could</w>
   <w nite:id="ES2013b.C.words531" starttime="982.85" endtime="982.98">go</w>
   <w nite:id="ES2013b.C.words532" starttime="982.98" endtime="983.24">back</w>
   <w nite:id="ES2013b.C.words533" starttime="983.24" endtime="983.36">to</w>
   <w nite:id="ES2013b.C.words534" starttime="983.36" endtime="983.46">the</w>
   <w nite:id="ES2013b.C.words535" starttime="983.46" endtime="983.97">pictures</w>
   <w nite:id="ES2013b.C.words536" starttime="983.97" endtime="984.18">of</w>
   <w nite:id="ES2013b.C.words537" starttime="984.18" endtime="984.48">the</w>
   <disfmarker nite:id="ES2013b.C.words538" starttime="984.48" endtime="984.512"/>
   <w nite:id="ES2013b.C.words539" starttime="985.78" endtime="986.65">uh</w>
   <w nite:id="ES2013b.C.words540" starttime="986.65" endtime="986.65" punc="true">,</w>
   <w nite:id="ES2013b.C.words541" starttime="986.65" endtime="986.77">what&#39;re</w>
   <w nite:id="ES2013b.C.words542" starttime="986.77" endtime="986.83">they</w>
   <w nite:id="ES2013b.C.words543" starttime="986.83" endtime="987.33">called</w>
   <w nite:id="ES2013b.C.words544" starttime="987.33" endtime="987.33" punc="true">?</w>
   <w nite:id="ES2013b.C.words545" starttime="989.8" endtime="989.88">The</w>
   <w nite:id="ES2013b.C.words546" starttime="989.88" endtime="990.34">pictures</w>
   <w nite:id="ES2013b.C.words547" starttime="990.34" endtime="990.49">of</w>
   <w nite:id="ES2013b.C.words548" starttime="990.49" endtime="990.61">the</w>
   <w nite:id="ES2013b.C.words549" starttime="990.61" endtime="990.87">remote</w>
   <w nite:id="ES2013b.C.words550" starttime="990.87" endtime="991.44">controls</w>
   <w nite:id="ES2013b.C.words551" starttime="993.27" endtime="993.95">and</w>
   <w nite:id="ES2013b.C.words552" starttime="993.95" endtime="994.5">possibly</w>
   <w nite:id="ES2013b.C.words553" starttime="994.5" endtime="995.02">discuss</w>
   <w nite:id="ES2013b.C.words554" starttime="995.02" endtime="995.15">what</w>
   <w nite:id="ES2013b.C.words555" starttime="995.15" endtime="995.24">we</w>
   <w nite:id="ES2013b.C.words556" starttime="995.24" endtime="995.47">think</w>
   <w nite:id="ES2013b.C.words557" starttime="995.47" endtime="995.7">about</w>
   <w nite:id="ES2013b.C.words558" starttime="995.7" endtime="997.54">them</w>
   <w nite:id="ES2013b.C.words559" starttime="997.54" endtime="997.54" punc="true">,</w>
   <w nite:id="ES2013b.C.words560" starttime="997.54" endtime="997.96">but</w>
   <vocalsound nite:id="ES2013b.C.words561" starttime="997.96" endtime="997.96" type="other"/>
   <w nite:id="ES2013b.C.words562" starttime="997.96" endtime="998.22">maybe</w>
   <w nite:id="ES2013b.C.words563" starttime="998.22" endtime="998.33">should</w>
   <w nite:id="ES2013b.C.words564" starttime="998.33" endtime="998.6">hear</w>
   <w nite:id="ES2013b.C.words565" starttime="998.6" endtime="999.14">what</w>
   <w nite:id="ES2013b.C.words566" starttime="999.14" endtime="999.37">Kate</w>
   <w nite:id="ES2013b.C.words567" starttime="999.37" endtime="999.6">has</w>
   <w nite:id="ES2013b.C.words568" starttime="999.6" endtime="999.71">to</w>
   <w nite:id="ES2013b.C.words569" starttime="999.71" endtime="999.92">say</w>
   <w nite:id="ES2013b.C.words570" starttime="999.92" endtime="1000.41">first</w>
   <w nite:id="ES2013b.C.words571" starttime="1000.41" endtime="1000.41" punc="true">.</w>
   <w nite:id="ES2013b.C.words572" starttime="1003.68" endtime="1004.07">Okay</w>
   <w nite:id="ES2013b.C.words573" starttime="1004.07" endtime="1004.29">then</w>
   <w nite:id="ES2013b.C.words574" starttime="1004.29" endtime="1004.29" punc="true">.</w>
   <w nite:id="ES2013b.C.words575" starttime="1023.64" endtime="1024.05">Definitely</w>
   <w nite:id="ES2013b.C.words576" starttime="1024.05" endtime="1024.27">less</w>
   <w nite:id="ES2013b.C.words577" starttime="1024.27" endtime="1024.89">cluttered</w>
   <w nite:id="ES2013b.C.words578" starttime="1024.89" endtime="1026.47">and</w>
   <disfmarker nite:id="ES2013b.C.words579" starttime="1026.47" endtime="1026.47"/>
   <w nite:id="ES2013b.C.words580" starttime="1026.47" endtime="1026.58">I</w>
   <w nite:id="ES2013b.C.words581" starttime="1026.58" endtime="1026.72">mean</w>
   <w nite:id="ES2013b.C.words582" starttime="1026.72" endtime="1026.88">but</w>
   <w nite:id="ES2013b.C.words583" starttime="1026.88" endtime="1027.22">still</w>
   <w nite:id="ES2013b.C.words584" starttime="1027.22" endtime="1027.61">it&#39;s</w>
   <disfmarker nite:id="ES2013b.C.words585" starttime="1027.61" endtime="1027.648"/>
   <w nite:id="ES2013b.C.words586" starttime="1028.9" endtime="1029.22">Sorry</w>
   <w nite:id="ES2013b.C.words587" starttime="1029.22" endtime="1029.28">I</w>
   <w nite:id="ES2013b.C.words588" starttime="1029.28" endtime="1029.37">was</w>
   <w nite:id="ES2013b.C.words589" starttime="1029.37" endtime="1029.62">just</w>
   <disfmarker nite:id="ES2013b.C.words590" starttime="1029.62" endtime="1029.62"/>
   <w nite:id="ES2013b.C.words591" starttime="1029.62" endtime="1029.73">I&#39;ll</w>
   <w nite:id="ES2013b.C.words592" starttime="1029.73" endtime="1030.01">just</w>
   <w nite:id="ES2013b.C.words593" starttime="1030.01" endtime="1030.45">uh</w>
   <w nite:id="ES2013b.C.words594" starttime="1030.45" endtime="1030.79">resume</w>
   <w nite:id="ES2013b.C.words595" starttime="1030.79" endtime="1031.09">something</w>
   <w nite:id="ES2013b.C.words596" starttime="1031.09" endtime="1031.34">else</w>
   <w nite:id="ES2013b.C.words597" starttime="1031.34" endtime="1031.41">I</w>
   <w nite:id="ES2013b.C.words598" starttime="1031.41" endtime="1031.55">was</w>
   <w nite:id="ES2013b.C.words599" starttime="1031.55" endtime="1031.78">gonna</w>
   <w nite:id="ES2013b.C.words600" starttime="1031.78" endtime="1032.46">say</w>
   <w nite:id="ES2013b.C.words601" starttime="1032.46" endtime="1032.46" punc="true">.</w>
   <w nite:id="ES2013b.C.words602" starttime="1032.46" endtime="1032.69">The</w>
   <w nite:id="ES2013b.C.words603" starttime="1032.69" endtime="1032.79">the</w>
   <w nite:id="ES2013b.C.words604" starttime="1032.79" endtime="1033.35">style</w>
   <w nite:id="ES2013b.C.words605" starttime="1033.35" endtime="1033.5">of</w>
   <w nite:id="ES2013b.C.words606" starttime="1033.5" endtime="1033.76">these</w>
   <w nite:id="ES2013b.C.words607" starttime="1033.76" endtime="1033.96">is</w>
   <w nite:id="ES2013b.C.words608" starttime="1033.96" endtime="1035.47">terrible</w>
   <w nite:id="ES2013b.C.words609" starttime="1035.47" endtime="1035.47" punc="true">.</w>
   <vocalsound nite:id="ES2013b.C.words610" starttime="1035.47" endtime="1035.47" type="laugh"/>
   <w nite:id="ES2013b.C.words611" starttime="1035.47" endtime="1036.03">I</w>
   <w nite:id="ES2013b.C.words612" starttime="1036.03" endtime="1037.3">I</w>
   <w nite:id="ES2013b.C.words613" starttime="1037.3" endtime="1037.42">I</w>
   <w nite:id="ES2013b.C.words614" starttime="1037.42" endtime="1037.71">really</w>
   <w nite:id="ES2013b.C.words615" starttime="1037.71" endtime="1037.93">think</w>
   <w nite:id="ES2013b.C.words616" starttime="1037.93" endtime="1038.02">we</w>
   <w nite:id="ES2013b.C.words617" starttime="1038.02" endtime="1038.23">need</w>
   <w nite:id="ES2013b.C.words618" starttime="1038.23" endtime="1038.61">to</w>
   <w nite:id="ES2013b.C.words619" starttime="1038.61" endtime="1038.91">uh</w>
   <w nite:id="ES2013b.C.words620" starttime="1040.23" endtime="1040.52">not</w>
   <w nite:id="ES2013b.C.words621" starttime="1040.52" endtime="1041.07">only</w>
   <w nite:id="ES2013b.C.words622" starttime="1041.07" endtime="1041.5">possibly</w>
   <w nite:id="ES2013b.C.words623" starttime="1041.5" endtime="1041.69">even</w>
   <w nite:id="ES2013b.C.words624" starttime="1041.69" endtime="1042.41">materials</w>
   <w nite:id="ES2013b.C.words625" starttime="1042.41" endtime="1042.41" punc="true">,</w>
   <w nite:id="ES2013b.C.words626" starttime="1042.41" endtime="1042.54">like</w>
   <w nite:id="ES2013b.C.words627" starttime="1042.54" endtime="1042.61">the</w>
   <w nite:id="ES2013b.C.words628" starttime="1042.61" endtime="1042.89">type</w>
   <w nite:id="ES2013b.C.words629" starttime="1042.89" endtime="1043.01">of</w>
   <w nite:id="ES2013b.C.words630" starttime="1043.01" endtime="1043.58">plastic</w>
   <w nite:id="ES2013b.C.words631" starttime="1043.58" endtime="1043.98">used</w>
   <w nite:id="ES2013b.C.words632" starttime="1043.98" endtime="1043.98" punc="true">,</w>
   <w nite:id="ES2013b.C.words633" starttime="1043.98" endtime="1044.79">but</w>
   <w nite:id="ES2013b.C.words634" starttime="1044.79" endtime="1046.12">everything</w>
   <w nite:id="ES2013b.C.words635" starttime="1046.12" endtime="1047.18">including</w>
   <w nite:id="ES2013b.C.words636" starttime="1047.18" endtime="1047.59">size</w>
   <w nite:id="ES2013b.C.words637" starttime="1047.59" endtime="1047.72">and</w>
   <w nite:id="ES2013b.C.words638" starttime="1047.72" endtime="1047.99">shape</w>
   <w nite:id="ES2013b.C.words639" starttime="1047.99" endtime="1048.12">of</w>
   <w nite:id="ES2013b.C.words640" starttime="1048.12" endtime="1048.56">buttons</w>
   <w nite:id="ES2013b.C.words641" starttime="1048.56" endtime="1048.56" punc="true">,</w>
   <w nite:id="ES2013b.C.words642" starttime="1048.56" endtime="1049.14">positioning</w>
   <w nite:id="ES2013b.C.words643" starttime="1049.14" endtime="1049.24">of</w>
   <w nite:id="ES2013b.C.words644" starttime="1049.24" endtime="1050.18">buttons</w>
   <w nite:id="ES2013b.C.words645" starttime="1050.18" endtime="1050.18" punc="true">,</w>
   <w nite:id="ES2013b.C.words646" starttime="1050.18" endtime="1050.27">the</w>
   <w nite:id="ES2013b.C.words647" starttime="1050.27" endtime="1051.1">actual</w>
   <w nite:id="ES2013b.C.words648" starttime="1051.1" endtime="1051.55">shape</w>
   <w nite:id="ES2013b.C.words649" starttime="1051.55" endtime="1051.67">of</w>
   <w nite:id="ES2013b.C.words650" starttime="1051.67" endtime="1051.78">the</w>
   <w nite:id="ES2013b.C.words651" starttime="1051.78" endtime="1052.46">hand-held</w>
   <w nite:id="ES2013b.C.words652" starttime="1052.46" endtime="1053.11">device</w>
   <w nite:id="ES2013b.C.words653" starttime="1053.11" endtime="1053.11" punc="true">,</w>
   <w nite:id="ES2013b.C.words654" starttime="1053.11" endtime="1053.86">colours</w>
   <w nite:id="ES2013b.C.words655" starttime="1053.86" endtime="1053.86" punc="true">,</w>
   <w nite:id="ES2013b.C.words656" starttime="1055.66" endtime="1056.33">just</w>
   <w nite:id="ES2013b.C.words657" starttime="1056.33" endtime="1056.73" trunc="true">every</w>
   <w nite:id="ES2013b.C.words658" starttime="1056.73" endtime="1056.93" trunc="true">e</w>
   <w nite:id="ES2013b.C.words659" starttime="1056.93" endtime="1057.29">yeah</w>
   <w nite:id="ES2013b.C.words660" starttime="1057.29" endtime="1057.29" punc="true">,</w>
   <w nite:id="ES2013b.C.words661" starttime="1057.29" endtime="1057.86">everything</w>
   <w nite:id="ES2013b.C.words662" starttime="1057.86" endtime="1057.98">to</w>
   <w nite:id="ES2013b.C.words663" starttime="1057.98" endtime="1058.14">do</w>
   <w nite:id="ES2013b.C.words664" starttime="1058.14" endtime="1058.29">with</w>
   <w nite:id="ES2013b.C.words665" starttime="1058.29" endtime="1058.47">this</w>
   <w nite:id="ES2013b.C.words666" starttime="1058.47" endtime="1058.7">has</w>
   <w nite:id="ES2013b.C.words667" starttime="1058.7" endtime="1058.85">to</w>
   <w nite:id="ES2013b.C.words668" starttime="1058.85" endtime="1060.09">be</w>
   <w nite:id="ES2013b.C.words669" starttime="1060.09" endtime="1062.2">revolutionised</w>
   <w nite:id="ES2013b.C.words670" starttime="1062.2" endtime="1062.2" punc="true">.</w>
   <vocalsound nite:id="ES2013b.C.words671" starttime="1062.2" endtime="1062.448" type="laugh"/>
   <w nite:id="ES2013b.C.words672" starttime="1063.83" endtime="1064.06">But</w>
   <disfmarker nite:id="ES2013b.C.words673" starttime="1064.06" endtime="1064.112"/>
   <w nite:id="ES2013b.C.words674" starttime="1068.53" endtime="1068.71">So</w>
   <w nite:id="ES2013b.C.words675" starttime="1068.71" endtime="1068.89">that&#39;s</w>
   <w nite:id="ES2013b.C.words676" starttime="1068.89" endtime="1069.06">that</w>
   <w nite:id="ES2013b.C.words677" starttime="1069.06" endtime="1069.19">for</w>
   <w nite:id="ES2013b.C.words678" starttime="1069.19" endtime="1069.61">now</w>
   <w nite:id="ES2013b.C.words679" starttime="1069.61" endtime="1069.61" punc="true">.</w>
   <w nite:id="ES2013b.C.words680" starttime="1409.84" endtime="1410.05">Whoop</w>
   <w nite:id="ES2013b.C.words681" starttime="1410.05" endtime="1410.05" punc="true">.</w>
   <vocalsound nite:id="ES2013b.C.words682" starttime="1419.523" endtime="1419.523" type="laugh"/>
   <w nite:id="ES2013b.C.words683" starttime="1421.52" endtime="1421.7">Isn&#39;t</w>
   <w nite:id="ES2013b.C.words684" starttime="1421.7" endtime="1421.84">that</w>
   <w nite:id="ES2013b.C.words685" starttime="1421.84" endtime="1422.01">your</w>
   <w nite:id="ES2013b.C.words686" starttime="1422.01" endtime="1422.32">job</w>
   <w nite:id="ES2013b.C.words687" starttime="1422.32" endtime="1422.32" punc="true">?</w>
   <vocalsound nite:id="ES2013b.C.words688" starttime="1423.984" endtime="1423.984" type="laugh"/>
   <w nite:id="ES2013b.C.words689" starttime="1424.9" endtime="1425.07">Oh</w>
   <w nite:id="ES2013b.C.words690" starttime="1425.07" endtime="1425.39">right</w>
   <w nite:id="ES2013b.C.words691" starttime="1425.39" endtime="1425.39" punc="true">.</w>
   <w nite:id="ES2013b.C.words692" starttime="1440.39" endtime="1440.84">Yeah</w>
   <w nite:id="ES2013b.C.words693" starttime="1440.84" endtime="1440.84" punc="true">.</w>
   <vocalsound nite:id="ES2013b.C.words694" starttime="1440.84" endtime="1440.916" type="other"/>
   <w nite:id="ES2013b.C.words695" starttime="1444.39" endtime="1444.54">It</w>
   <w nite:id="ES2013b.C.words696" starttime="1444.54" endtime="1444.8">does</w>
   <w nite:id="ES2013b.C.words697" starttime="1444.8" endtime="1444.94">it</w>
   <w nite:id="ES2013b.C.words698" starttime="1444.94" endtime="1445.12">does</w>
   <w nite:id="ES2013b.C.words699" starttime="1445.12" endtime="1445.36">seem</w>
   <w nite:id="ES2013b.C.words700" starttime="1445.36" endtime="1445.51">as</w>
   <w nite:id="ES2013b.C.words701" starttime="1445.51" endtime="1445.68">if</w>
   <w nite:id="ES2013b.C.words702" starttime="1445.68" endtime="1445.86">we&#39;re</w>
   <w nite:id="ES2013b.C.words703" starttime="1445.86" endtime="1446.36">just</w>
   <w nite:id="ES2013b.C.words704" starttime="1446.36" endtime="1446.5">to</w>
   <w nite:id="ES2013b.C.words705" starttime="1446.5" endtime="1446.7">do</w>
   <w nite:id="ES2013b.C.words706" starttime="1446.7" endtime="1447.16">something</w>
   <w nite:id="ES2013b.C.words707" starttime="1447.16" endtime="1447.45">really</w>
   <w nite:id="ES2013b.C.words708" starttime="1447.45" endtime="1447.84">simple</w>
   <w nite:id="ES2013b.C.words709" starttime="1447.84" endtime="1447.94">and</w>
   <w nite:id="ES2013b.C.words710" starttime="1447.94" endtime="1448.6">mass-produced</w>
   <w nite:id="ES2013b.C.words711" starttime="1448.6" endtime="1448.6" punc="true">,</w>
   <w nite:id="ES2013b.C.words712" starttime="1448.6" endtime="1448.66">the</w>
   <disfmarker nite:id="ES2013b.C.words713" starttime="1448.66" endtime="1448.66"/>
   <w nite:id="ES2013b.C.words714" starttime="1448.66" endtime="1448.86">which</w>
   <w nite:id="ES2013b.C.words715" starttime="1448.86" endtime="1449.56">is</w>
   <w nite:id="ES2013b.C.words716" starttime="1449.56" endtime="1449.8">pretty</w>
   <w nite:id="ES2013b.C.words717" starttime="1449.8" endtime="1450.19">much</w>
   <w nite:id="ES2013b.C.words718" starttime="1450.19" endtime="1450.33">the</w>
   <w nite:id="ES2013b.C.words719" starttime="1450.33" endtime="1450.69">same</w>
   <w nite:id="ES2013b.C.words720" starttime="1450.69" endtime="1450.82">as</w>
   <w nite:id="ES2013b.C.words721" starttime="1450.82" endtime="1451.01">these</w>
   <w nite:id="ES2013b.C.words722" starttime="1451.01" endtime="1451.59">existing</w>
   <w nite:id="ES2013b.C.words723" starttime="1451.59" endtime="1452.2">models</w>
   <w nite:id="ES2013b.C.words724" starttime="1452.2" endtime="1452.2" punc="true">,</w>
   <w nite:id="ES2013b.C.words725" starttime="1452.2" endtime="1452.78">just</w>
   <w nite:id="ES2013b.C.words726" starttime="1452.78" endtime="1453.29">maybe</w>
   <w nite:id="ES2013b.C.words727" starttime="1455.09" endtime="1455.2">a</w>
   <w nite:id="ES2013b.C.words728" starttime="1455.2" endtime="1455.48">little</w>
   <w nite:id="ES2013b.C.words729" starttime="1455.48" endtime="1455.72">bit</w>
   <w nite:id="ES2013b.C.words730" starttime="1455.72" endtime="1456.0">more</w>
   <w nite:id="ES2013b.C.words731" starttime="1456.0" endtime="1456.74">inspired</w>
   <w nite:id="ES2013b.C.words732" starttime="1456.74" endtime="1456.74" punc="true">,</w>
   <w nite:id="ES2013b.C.words733" starttime="1457.99" endtime="1458.23">but</w>
   <w nite:id="ES2013b.C.words734" starttime="1458.23" endtime="1458.76">basically</w>
   <w nite:id="ES2013b.C.words735" starttime="1458.76" endtime="1459.03">just</w>
   <w nite:id="ES2013b.C.words736" starttime="1459.03" endtime="1459.13">the</w>
   <w nite:id="ES2013b.C.words737" starttime="1459.13" endtime="1460.25">same</w>
   <w nite:id="ES2013b.C.words738" starttime="1460.25" endtime="1460.25" punc="true">.</w>
   <w nite:id="ES2013b.C.words739" starttime="1460.25" endtime="1460.52">Although</w>
   <w nite:id="ES2013b.C.words740" starttime="1460.52" endtime="1461.47">what</w>
   <w nite:id="ES2013b.C.words741" starttime="1461.47" endtime="1461.84">what</w>
   <w nite:id="ES2013b.C.words742" starttime="1461.84" endtime="1463.11">uh</w>
   <w nite:id="ES2013b.C.words743" starttime="1463.11" endtime="1463.43">suddenly</w>
   <w nite:id="ES2013b.C.words744" starttime="1463.43" endtime="1463.63">came</w>
   <w nite:id="ES2013b.C.words745" starttime="1463.63" endtime="1463.92">into</w>
   <w nite:id="ES2013b.C.words746" starttime="1463.92" endtime="1464.08">my</w>
   <w nite:id="ES2013b.C.words747" starttime="1464.08" endtime="1464.32">head</w>
   <w nite:id="ES2013b.C.words748" starttime="1464.32" endtime="1464.79">is</w>
   <w nite:id="ES2013b.C.words749" starttime="1464.79" endtime="1464.79" punc="true">,</w>
   <w nite:id="ES2013b.C.words750" starttime="1464.79" endtime="1464.9">you</w>
   <w nite:id="ES2013b.C.words751" starttime="1464.9" endtime="1465.0">know</w>
   <w nite:id="ES2013b.C.words752" starttime="1465.0" endtime="1465.06">how</w>
   <w nite:id="ES2013b.C.words753" starttime="1465.06" endtime="1465.19">they</w>
   <w nite:id="ES2013b.C.words754" starttime="1465.19" endtime="1465.56">always</w>
   <w nite:id="ES2013b.C.words755" starttime="1465.56" endtime="1465.91">take</w>
   <w nite:id="ES2013b.C.words756" starttime="1465.91" endtime="1466.12">two</w>
   <w nite:id="ES2013b.C.words757" starttime="1466.12" endtime="1466.56">A_A_</w>
   <w nite:id="ES2013b.C.words758" starttime="1466.56" endtime="1467.27">batteries</w>
   <w nite:id="ES2013b.C.words759" starttime="1467.27" endtime="1468.37">which</w>
   <w nite:id="ES2013b.C.words760" starttime="1468.37" endtime="1468.52">which</w>
   <w nite:id="ES2013b.C.words761" starttime="1468.52" endtime="1468.91">is</w>
   <w nite:id="ES2013b.C.words762" starttime="1468.91" endtime="1469.17">really</w>
   <w nite:id="ES2013b.C.words763" starttime="1469.17" endtime="1469.35">not</w>
   <w nite:id="ES2013b.C.words764" starttime="1469.35" endtime="1469.59">very</w>
   <w nite:id="ES2013b.C.words765" starttime="1469.59" endtime="1470.09">efficient</w>
   <w nite:id="ES2013b.C.words766" starttime="1470.09" endtime="1470.25">at</w>
   <w nite:id="ES2013b.C.words767" starttime="1470.25" endtime="1470.49">all</w>
   <w nite:id="ES2013b.C.words768" starttime="1470.49" endtime="1470.49" punc="true">.</w>
   <w nite:id="ES2013b.C.words769" starttime="1472.08" endtime="1472.34">Could</w>
   <w nite:id="ES2013b.C.words770" starttime="1472.34" endtime="1472.53">it</w>
   <w nite:id="ES2013b.C.words771" starttime="1472.53" endtime="1472.63">be</w>
   <w nite:id="ES2013b.C.words772" starttime="1472.63" endtime="1473.11">possible</w>
   <w nite:id="ES2013b.C.words773" starttime="1473.11" endtime="1473.29">to</w>
   <w nite:id="ES2013b.C.words774" starttime="1473.29" endtime="1473.85">have</w>
   <w nite:id="ES2013b.C.words775" starttime="1473.85" endtime="1474.99">uh</w>
   <w nite:id="ES2013b.C.words776" starttime="1474.99" endtime="1474.99" punc="true">,</w>
   <w nite:id="ES2013b.C.words777" starttime="1474.99" endtime="1475.11">you</w>
   <w nite:id="ES2013b.C.words778" starttime="1475.11" endtime="1475.21">know</w>
   <w nite:id="ES2013b.C.words779" starttime="1475.21" endtime="1475.21" punc="true">,</w>
   <w nite:id="ES2013b.C.words780" starttime="1475.21" endtime="1475.53">like</w>
   <w nite:id="ES2013b.C.words781" starttime="1475.53" endtime="1475.63">a</w>
   <w nite:id="ES2013b.C.words782" starttime="1475.63" endtime="1476.24">rechargeable</w>
   <w nite:id="ES2013b.C.words783" starttime="1476.24" endtime="1476.74">internal</w>
   <w nite:id="ES2013b.C.words784" starttime="1476.74" endtime="1477.59">battery</w>
   <w nite:id="ES2013b.C.words785" starttime="1477.59" endtime="1477.59" punc="true">,</w>
   <w nite:id="ES2013b.C.words786" starttime="1477.59" endtime="1478.62">like</w>
   <w nite:id="ES2013b.C.words787" starttime="1478.62" endtime="1478.62" punc="true">,</w>
   <w nite:id="ES2013b.C.words788" starttime="1478.62" endtime="1478.98">well</w>
   <w nite:id="ES2013b.C.words789" starttime="1478.98" endtime="1478.98" punc="true">,</w>
   <w nite:id="ES2013b.C.words790" starttime="1478.98" endtime="1479.15">like</w>
   <w nite:id="ES2013b.C.words791" starttime="1479.15" endtime="1479.23">an</w>
   <w nite:id="ES2013b.C.words792" starttime="1479.23" endtime="1479.48">M_P_</w>
   <w nite:id="ES2013b.C.words793" starttime="1479.48" endtime="1479.67">three</w>
   <w nite:id="ES2013b.C.words794" starttime="1479.67" endtime="1480.23">player</w>
   <w nite:id="ES2013b.C.words795" starttime="1480.23" endtime="1481.17">does</w>
   <w nite:id="ES2013b.C.words796" starttime="1481.17" endtime="1481.17" punc="true">?</w>
   <w nite:id="ES2013b.C.words797" starttime="1481.17" endtime="1481.26">With</w>
   <w nite:id="ES2013b.C.words798" starttime="1481.26" endtime="1481.4">that</w>
   <w nite:id="ES2013b.C.words799" starttime="1481.4" endtime="1481.52">you</w>
   <w nite:id="ES2013b.C.words800" starttime="1481.52" endtime="1481.69">could</w>
   <w nite:id="ES2013b.C.words801" starttime="1481.69" endtime="1481.94" trunc="true">jus</w>
   <w nite:id="ES2013b.C.words802" starttime="1481.94" endtime="1482.15">or</w>
   <w nite:id="ES2013b.C.words803" starttime="1482.15" endtime="1482.21">a</w>
   <w nite:id="ES2013b.C.words804" starttime="1482.21" endtime="1482.51">mobile</w>
   <w nite:id="ES2013b.C.words805" starttime="1482.51" endtime="1482.8">phone</w>
   <w nite:id="ES2013b.C.words806" starttime="1482.8" endtime="1482.87">or</w>
   <w nite:id="ES2013b.C.words807" starttime="1482.87" endtime="1483.98">whatever</w>
   <w nite:id="ES2013b.C.words808" starttime="1483.98" endtime="1483.98" punc="true">.</w>
   <w nite:id="ES2013b.C.words809" starttime="1483.98" endtime="1484.09">You</w>
   <w nite:id="ES2013b.C.words810" starttime="1484.09" endtime="1484.38">could</w>
   <disfmarker nite:id="ES2013b.C.words811" starttime="1484.38" endtime="1484.38"/>
   <w nite:id="ES2013b.C.words812" starttime="1484.38" endtime="1484.54">you</w>
   <w nite:id="ES2013b.C.words813" starttime="1484.54" endtime="1484.67">know</w>
   <w nite:id="ES2013b.C.words814" starttime="1484.67" endtime="1484.67" punc="true">,</w>
   <w nite:id="ES2013b.C.words815" starttime="1484.67" endtime="1484.73">you</w>
   <w nite:id="ES2013b.C.words816" starttime="1484.73" endtime="1484.89">just</w>
   <w nite:id="ES2013b.C.words817" starttime="1484.89" endtime="1485.08">plug</w>
   <w nite:id="ES2013b.C.words818" starttime="1485.08" endtime="1485.28">into</w>
   <w nite:id="ES2013b.C.words819" starttime="1485.28" endtime="1485.33">a</w>
   <w nite:id="ES2013b.C.words820" starttime="1485.33" endtime="1485.63">power</w>
   <w nite:id="ES2013b.C.words821" starttime="1485.63" endtime="1485.95">source</w>
   <w nite:id="ES2013b.C.words822" starttime="1485.95" endtime="1486.02">for</w>
   <w nite:id="ES2013b.C.words823" starttime="1486.02" endtime="1486.06">a</w>
   <w nite:id="ES2013b.C.words824" starttime="1486.06" endtime="1486.29">couple</w>
   <w nite:id="ES2013b.C.words825" starttime="1486.29" endtime="1486.38">of</w>
   <w nite:id="ES2013b.C.words826" starttime="1486.38" endtime="1487.05">hours</w>
   <w nite:id="ES2013b.C.words827" starttime="1487.05" endtime="1487.05" punc="true">,</w>
   <w nite:id="ES2013b.C.words828" starttime="1487.05" endtime="1487.22">and</w>
   <w nite:id="ES2013b.C.words829" starttime="1487.22" endtime="1487.39">then</w>
   <w nite:id="ES2013b.C.words830" starttime="1487.39" endtime="1487.54">it&#39;s</w>
   <w nite:id="ES2013b.C.words831" starttime="1487.54" endtime="1488.3">recharged</w>
   <w nite:id="ES2013b.C.words832" starttime="1488.3" endtime="1488.9">for</w>
   <w nite:id="ES2013b.C.words833" starttime="1488.9" endtime="1489.22">ages</w>
   <w nite:id="ES2013b.C.words834" starttime="1489.22" endtime="1489.34">and</w>
   <w nite:id="ES2013b.C.words835" starttime="1489.34" endtime="1489.62">ages</w>
   <w nite:id="ES2013b.C.words836" starttime="1489.62" endtime="1489.73">and</w>
   <w nite:id="ES2013b.C.words837" starttime="1489.73" endtime="1490.22">ages</w>
   <w nite:id="ES2013b.C.words838" starttime="1490.22" endtime="1490.22" punc="true">,</w>
   <w nite:id="ES2013b.C.words839" starttime="1490.22" endtime="1490.38">and</w>
   <w nite:id="ES2013b.C.words840" starttime="1490.38" endtime="1490.46">you</w>
   <w nite:id="ES2013b.C.words841" starttime="1490.46" endtime="1490.65">don&#39;t</w>
   <w nite:id="ES2013b.C.words842" starttime="1490.65" endtime="1490.79">have</w>
   <w nite:id="ES2013b.C.words843" starttime="1490.79" endtime="1490.93">to</w>
   <w nite:id="ES2013b.C.words844" starttime="1490.93" endtime="1491.2">worry</w>
   <w nite:id="ES2013b.C.words845" starttime="1491.2" endtime="1491.39">with</w>
   <w nite:id="ES2013b.C.words846" starttime="1491.39" endtime="1492.1">replacing</w>
   <w nite:id="ES2013b.C.words847" starttime="1492.1" endtime="1492.39">A_A_</w>
   <w nite:id="ES2013b.C.words848" starttime="1492.39" endtime="1493.79">batteries</w>
   <w nite:id="ES2013b.C.words849" starttime="1493.79" endtime="1493.79" punc="true">,</w>
   <w nite:id="ES2013b.C.words850" starttime="1493.79" endtime="1493.99">which</w>
   <w nite:id="ES2013b.C.words851" starttime="1493.99" endtime="1494.2">are</w>
   <disfmarker nite:id="ES2013b.C.words852" starttime="1494.2" endtime="1494.327"/>
   <w nite:id="ES2013b.C.words853" starttime="1501.35" endtime="1501.55">You&#39;d</w>
   <w nite:id="ES2013b.C.words854" starttime="1501.55" endtime="1501.77">never</w>
   <w nite:id="ES2013b.C.words855" starttime="1501.77" endtime="1501.98">need</w>
   <w nite:id="ES2013b.C.words856" starttime="1501.98" endtime="1502.01">uh</w>
   <w nite:id="ES2013b.C.words857" starttime="1502.01" endtime="1502.52">batteries</w>
   <w nite:id="ES2013b.C.words858" starttime="1502.52" endtime="1502.66">would</w>
   <w nite:id="ES2013b.C.words859" starttime="1502.66" endtime="1502.72" trunc="true">y</w>
   <w nite:id="ES2013b.C.words860" starttime="1502.72" endtime="1502.78">uh</w>
   <w nite:id="ES2013b.C.words861" starttime="1502.78" endtime="1503.07">yeah</w>
   <w nite:id="ES2013b.C.words862" starttime="1503.07" endtime="1503.07" punc="true">.</w>
   <w nite:id="ES2013b.C.words863" starttime="1504.58" endtime="1504.68">And</w>
   <w nite:id="ES2013b.C.words864" starttime="1504.68" endtime="1504.79">it&#39;s</w>
   <w nite:id="ES2013b.C.words865" starttime="1504.79" endtime="1504.95">not</w>
   <w nite:id="ES2013b.C.words866" starttime="1504.95" endtime="1505.22">stuck</w>
   <w nite:id="ES2013b.C.words867" starttime="1505.22" endtime="1505.36">down</w>
   <w nite:id="ES2013b.C.words868" starttime="1505.36" endtime="1505.45">the</w>
   <w nite:id="ES2013b.C.words869" starttime="1505.45" endtime="1505.66">back</w>
   <w nite:id="ES2013b.C.words870" starttime="1505.66" endtime="1505.72">of</w>
   <w nite:id="ES2013b.C.words871" starttime="1505.72" endtime="1505.82">the</w>
   <w nite:id="ES2013b.C.words872" starttime="1505.82" endtime="1507.83">sofa</w>
   <w nite:id="ES2013b.C.words873" starttime="1507.83" endtime="1507.83" punc="true">.</w>
   <vocalsound nite:id="ES2013b.C.words874" starttime="1507.83" endtime="1507.83" type="laugh"/>
   <w nite:id="ES2013b.C.words875" starttime="1507.83" endtime="1507.98">But</w>
   <w nite:id="ES2013b.C.words876" starttime="1507.98" endtime="1508.15">then</w>
   <w nite:id="ES2013b.C.words877" starttime="1508.15" endtime="1508.41">again</w>
   <w nite:id="ES2013b.C.words878" starttime="1508.41" endtime="1508.49">I</w>
   <w nite:id="ES2013b.C.words879" starttime="1508.49" endtime="1508.6" trunc="true">d</w>
   <w nite:id="ES2013b.C.words880" starttime="1508.6" endtime="1508.72">I</w>
   <w nite:id="ES2013b.C.words881" starttime="1508.72" endtime="1509.27">don&#39;t</w>
   <w nite:id="ES2013b.C.words882" starttime="1509.27" endtime="1509.57">know</w>
   <w nite:id="ES2013b.C.words883" starttime="1509.57" endtime="1509.72">if</w>
   <w nite:id="ES2013b.C.words884" starttime="1509.72" endtime="1509.91">this</w>
   <w nite:id="ES2013b.C.words885" starttime="1509.91" endtime="1510.05">is</w>
   <w nite:id="ES2013b.C.words886" starttime="1510.05" endtime="1510.37">within</w>
   <w nite:id="ES2013b.C.words887" starttime="1510.37" endtime="1510.52">our</w>
   <w nite:id="ES2013b.C.words888" starttime="1510.52" endtime="1510.84">price</w>
   <w nite:id="ES2013b.C.words889" starttime="1510.84" endtime="1511.11">range</w>
   <w nite:id="ES2013b.C.words890" starttime="1511.11" endtime="1511.23">or</w>
   <w nite:id="ES2013b.C.words891" starttime="1511.23" endtime="1511.43">not</w>
   <w nite:id="ES2013b.C.words892" starttime="1511.43" endtime="1511.43" punc="true">.</w>
   <vocalsound nite:id="ES2013b.C.words893" starttime="1521.093" endtime="1522.254" type="laugh"/>
   <w nite:id="ES2013b.C.words894" starttime="1530.83" endtime="1531.02">Well</w>
   <w nite:id="ES2013b.C.words895" starttime="1531.02" endtime="1531.12">it</w>
   <w nite:id="ES2013b.C.words896" starttime="1531.12" endtime="1531.24">is</w>
   <w nite:id="ES2013b.C.words897" starttime="1531.24" endtime="1531.57">just</w>
   <w nite:id="ES2013b.C.words898" starttime="1531.57" endtime="1531.8">so</w>
   <w nite:id="ES2013b.C.words899" starttime="1531.8" endtime="1532.4">annoying</w>
   <w nite:id="ES2013b.C.words900" starttime="1532.4" endtime="1532.46">how</w>
   <disfmarker nite:id="ES2013b.C.words901" starttime="1532.46" endtime="1532.713"/>
   <w nite:id="ES2013b.C.words902" starttime="1542.41" endtime="1542.51">No</w>
   <w nite:id="ES2013b.C.words903" starttime="1542.51" endtime="1542.51" punc="true">,</w>
   <w nite:id="ES2013b.C.words904" starttime="1542.51" endtime="1542.62">but</w>
   <w nite:id="ES2013b.C.words905" starttime="1542.62" endtime="1542.83">just</w>
   <w nite:id="ES2013b.C.words906" starttime="1542.83" endtime="1542.89">a</w>
   <w nite:id="ES2013b.C.words907" starttime="1542.89" endtime="1543.56">rechargeable</w>
   <w nite:id="ES2013b.C.words908" starttime="1543.56" endtime="1544.08">internal</w>
   <w nite:id="ES2013b.C.words909" starttime="1544.08" endtime="1544.76">battery</w>
   <w nite:id="ES2013b.C.words910" starttime="1544.76" endtime="1545.2">would</w>
   <w nite:id="ES2013b.C.words911" starttime="1545.2" endtime="1546.24">probably</w>
   <disfmarker nite:id="ES2013b.C.words912" starttime="1546.24" endtime="1546.24"/>
   <w nite:id="ES2013b.C.words913" starttime="1546.24" endtime="1546.31">I</w>
   <w nite:id="ES2013b.C.words914" starttime="1546.31" endtime="1546.41">mean</w>
   <w nite:id="ES2013b.C.words915" starttime="1546.41" endtime="1546.48">it</w>
   <w nite:id="ES2013b.C.words916" starttime="1546.48" endtime="1547.07">might</w>
   <w nite:id="ES2013b.C.words917" starttime="1547.07" endtime="1547.49">cost</w>
   <w nite:id="ES2013b.C.words918" starttime="1547.49" endtime="1547.86">more</w>
   <w nite:id="ES2013b.C.words919" starttime="1547.86" endtime="1548.1">to</w>
   <disfmarker nite:id="ES2013b.C.words920" starttime="1548.1" endtime="1548.1"/>
   <w nite:id="ES2013b.C.words921" starttime="1548.1" endtime="1548.39">at</w>
   <w nite:id="ES2013b.C.words922" starttime="1548.39" endtime="1548.97">first</w>
   <w nite:id="ES2013b.C.words923" starttime="1548.97" endtime="1549.11">to</w>
   <w nite:id="ES2013b.C.words924" starttime="1549.11" endtime="1549.81">develop</w>
   <w nite:id="ES2013b.C.words925" starttime="1549.81" endtime="1550.05">and</w>
   <w nite:id="ES2013b.C.words926" starttime="1550.05" endtime="1550.94">to</w>
   <w nite:id="ES2013b.C.words927" starttime="1550.94" endtime="1551.46">install</w>
   <w nite:id="ES2013b.C.words928" starttime="1551.46" endtime="1551.46" punc="true">,</w>
   <w nite:id="ES2013b.C.words929" starttime="1551.46" endtime="1551.98">but</w>
   <w nite:id="ES2013b.C.words930" starttime="1551.98" endtime="1552.3">for</w>
   <w nite:id="ES2013b.C.words931" starttime="1552.3" endtime="1552.96">long-term</w>
   <w nite:id="ES2013b.C.words932" starttime="1552.96" endtime="1553.35">use</w>
   <w nite:id="ES2013b.C.words933" starttime="1553.35" endtime="1553.53">it&#39;ll</w>
   <w nite:id="ES2013b.C.words934" starttime="1553.53" endtime="1554.14">be</w>
   <w nite:id="ES2013b.C.words935" starttime="1554.14" endtime="1554.32">so</w>
   <w nite:id="ES2013b.C.words936" starttime="1554.32" endtime="1554.55">much</w>
   <w nite:id="ES2013b.C.words937" starttime="1554.55" endtime="1554.71">more</w>
   <w nite:id="ES2013b.C.words938" starttime="1554.71" endtime="1555.35">convenient</w>
   <w nite:id="ES2013b.C.words939" starttime="1555.35" endtime="1556.55">and</w>
   <w nite:id="ES2013b.C.words940" starttime="1556.55" endtime="1557.37">economic</w>
   <w nite:id="ES2013b.C.words941" starttime="1557.37" endtime="1558.45">than</w>
   <w nite:id="ES2013b.C.words942" starttime="1558.45" endtime="1558.97">fiddling</w>
   <w nite:id="ES2013b.C.words943" starttime="1558.97" endtime="1559.31">around</w>
   <w nite:id="ES2013b.C.words944" starttime="1559.31" endtime="1559.56">trying</w>
   <w nite:id="ES2013b.C.words945" starttime="1559.56" endtime="1559.66">to</w>
   <w nite:id="ES2013b.C.words946" starttime="1559.66" endtime="1560.34">replace</w>
   <w nite:id="ES2013b.C.words947" starttime="1560.34" endtime="1560.86">chunky</w>
   <w nite:id="ES2013b.C.words948" starttime="1560.86" endtime="1561.24">A_A_</w>
   <w nite:id="ES2013b.C.words949" starttime="1561.24" endtime="1561.92">batteries</w>
   <w nite:id="ES2013b.C.words950" starttime="1561.92" endtime="1562.33">and</w>
   <w nite:id="ES2013b.C.words951" starttime="1562.33" endtime="1562.56">not</w>
   <w nite:id="ES2013b.C.words952" starttime="1562.56" endtime="1562.87">having</w>
   <w nite:id="ES2013b.C.words953" starttime="1562.87" endtime="1563.13">any</w>
   <w nite:id="ES2013b.C.words954" starttime="1563.13" endtime="1563.22">in</w>
   <w nite:id="ES2013b.C.words955" starttime="1563.22" endtime="1563.36">your</w>
   <w nite:id="ES2013b.C.words956" starttime="1563.36" endtime="1563.71">kitchen</w>
   <w nite:id="ES2013b.C.words957" starttime="1563.71" endtime="1564.2">drawer</w>
   <w nite:id="ES2013b.C.words958" starttime="1564.2" endtime="1564.48">and</w>
   <w nite:id="ES2013b.C.words959" starttime="1565.74" endtime="1565.85">you</w>
   <w nite:id="ES2013b.C.words960" starttime="1565.85" endtime="1566.0">know</w>
   <w nite:id="ES2013b.C.words961" starttime="1566.0" endtime="1566.15" trunc="true">f</w>
   <w nite:id="ES2013b.C.words962" starttime="1586.58" endtime="1588.08">Mm</w>
   <w nite:id="ES2013b.C.words963" starttime="1588.08" endtime="1588.08" punc="true">.</w>
   <w nite:id="ES2013b.C.words964" starttime="1588.08" endtime="1588.27">Sort</w>
   <w nite:id="ES2013b.C.words965" starttime="1588.27" endtime="1588.33">of</w>
   <w nite:id="ES2013b.C.words966" starttime="1588.33" endtime="1588.46">have</w>
   <w nite:id="ES2013b.C.words967" starttime="1588.46" endtime="1588.57">its</w>
   <w nite:id="ES2013b.C.words968" starttime="1588.57" endtime="1588.92">little</w>
   <w nite:id="ES2013b.C.words969" starttime="1588.92" endtime="1589.48">dock</w>
   <w nite:id="ES2013b.C.words970" starttime="1589.48" endtime="1589.66">that</w>
   <w nite:id="ES2013b.C.words971" starttime="1589.66" endtime="1590.17">you</w>
   <w nite:id="ES2013b.C.words972" starttime="1590.17" endtime="1590.31">could</w>
   <w nite:id="ES2013b.C.words973" starttime="1590.31" endtime="1590.42">put</w>
   <w nite:id="ES2013b.C.words974" starttime="1590.42" endtime="1590.53">it</w>
   <w nite:id="ES2013b.C.words975" starttime="1590.53" endtime="1590.61">in</w>
   <w nite:id="ES2013b.C.words976" starttime="1590.61" endtime="1590.61" punc="true">.</w>
   <w nite:id="ES2013b.C.words977" starttime="1598.45" endtime="1598.91">Still</w>
   <w nite:id="ES2013b.C.words978" starttime="1598.91" endtime="1599.01">I</w>
   <w nite:id="ES2013b.C.words979" starttime="1599.01" endtime="1599.24">don&#39;t</w>
   <w nite:id="ES2013b.C.words980" starttime="1599.24" endtime="1599.44">know</w>
   <w nite:id="ES2013b.C.words981" starttime="1599.44" endtime="1599.61">if</w>
   <w nite:id="ES2013b.C.words982" starttime="1599.61" endtime="1599.88">it&#39;s</w>
   <w nite:id="ES2013b.C.words983" starttime="1599.88" endtime="1600.85">quite</w>
   <w nite:id="ES2013b.C.words984" starttime="1600.85" endtime="1601.27">within</w>
   <w nite:id="ES2013b.C.words985" starttime="1601.27" endtime="1601.45">our</w>
   <w nite:id="ES2013b.C.words986" starttime="1601.45" endtime="1601.79">price</w>
   <w nite:id="ES2013b.C.words987" starttime="1601.79" endtime="1602.24">range</w>
   <w nite:id="ES2013b.C.words988" starttime="1602.24" endtime="1602.24" punc="true">.</w>
   <w nite:id="ES2013b.C.words989" starttime="1605.63" endtime="1606.04">Yeah</w>
   <w nite:id="ES2013b.C.words990" starttime="1606.04" endtime="1606.04" punc="true">.</w>
   <w nite:id="ES2013b.C.words991" starttime="1652.46" endtime="1653.33">Yeah</w>
   <w nite:id="ES2013b.C.words992" starttime="1653.33" endtime="1653.33" punc="true">.</w>
   <w nite:id="ES2013b.C.words993" starttime="1682.16" endtime="1682.54">Yeah</w>
   <w nite:id="ES2013b.C.words994" starttime="1682.54" endtime="1682.54" punc="true">.</w>
   <w nite:id="ES2013b.C.words995" starttime="1684.13" endtime="1684.36">That&#39;s</w>
   <w nite:id="ES2013b.C.words996" starttime="1684.36" endtime="1685.41">probably</w>
   <w nite:id="ES2013b.C.words997" starttime="1685.41" endtime="1686.36">more</w>
   <w nite:id="ES2013b.C.words998" starttime="1686.36" endtime="1686.54">what</w>
   <w nite:id="ES2013b.C.words999" starttime="1686.54" endtime="1686.63">it</w>
   <w nite:id="ES2013b.C.words1000" starttime="1686.63" endtime="1687.22">is</w>
   <w nite:id="ES2013b.C.words1001" starttime="1687.22" endtime="1687.22" punc="true">.</w>
   <vocalsound nite:id="ES2013b.C.words1002" starttime="1701.408" endtime="1701.408" type="laugh"/>
   <w nite:id="ES2013b.C.words1003" starttime="1701.65" endtime="1701.75">We&#39;re</w>
   <w nite:id="ES2013b.C.words1004" starttime="1701.75" endtime="1701.88">not</w>
   <w nite:id="ES2013b.C.words1005" starttime="1701.88" endtime="1702.07">gonna</w>
   <w nite:id="ES2013b.C.words1006" starttime="1702.07" endtime="1702.18">get</w>
   <w nite:id="ES2013b.C.words1007" starttime="1702.18" endtime="1702.37">any</w>
   <w nite:id="ES2013b.C.words1008" starttime="1702.37" endtime="1703.07">resolutions</w>
   <w nite:id="ES2013b.C.words1009" starttime="1703.07" endtime="1703.19">by</w>
   <w nite:id="ES2013b.C.words1010" starttime="1703.19" endtime="1703.3">the</w>
   <w nite:id="ES2013b.C.words1011" starttime="1703.3" endtime="1703.48">end</w>
   <w nite:id="ES2013b.C.words1012" starttime="1703.48" endtime="1703.54">of</w>
   <w nite:id="ES2013b.C.words1013" starttime="1703.54" endtime="1703.64">the</w>
   <w nite:id="ES2013b.C.words1014" starttime="1703.64" endtime="1703.91">day</w>
   <w nite:id="ES2013b.C.words1015" starttime="1703.91" endtime="1703.91" punc="true">,</w>
   <w nite:id="ES2013b.C.words1016" starttime="1703.91" endtime="1704.2">are</w>
   <w nite:id="ES2013b.C.words1017" starttime="1704.2" endtime="1704.26">we</w>
   <w nite:id="ES2013b.C.words1018" starttime="1704.26" endtime="1704.26" punc="true">?</w>
   <w nite:id="ES2013b.C.words1019" starttime="1744.52" endtime="1745.17">Yeah</w>
   <w nite:id="ES2013b.C.words1020" starttime="1745.17" endtime="1745.17" punc="true">.</w>
   <w nite:id="ES2013b.C.words1021" starttime="1806.21" endtime="1806.6">Sorry</w>
   <w nite:id="ES2013b.C.words1022" starttime="1806.6" endtime="1806.6" punc="true">,</w>
   <w nite:id="ES2013b.C.words1023" starttime="1806.6" endtime="1806.67">I</w>
   <w nite:id="ES2013b.C.words1024" starttime="1806.67" endtime="1806.82">was</w>
   <w nite:id="ES2013b.C.words1025" starttime="1806.82" endtime="1807.14">miles</w>
   <w nite:id="ES2013b.C.words1026" starttime="1807.14" endtime="1807.51">away</w>
   <w nite:id="ES2013b.C.words1027" starttime="1807.51" endtime="1807.51" punc="true">.</w>
   <w nite:id="ES2013b.C.words1028" starttime="1807.51" endtime="1807.6">I</w>
   <w nite:id="ES2013b.C.words1029" starttime="1807.6" endtime="1807.77">was</w>
   <w nite:id="ES2013b.C.words1030" starttime="1807.77" endtime="1807.85" trunc="true">re</w>
   <w nite:id="ES2013b.C.words1031" starttime="1807.85" endtime="1807.95">I</w>
   <w nite:id="ES2013b.C.words1032" starttime="1807.95" endtime="1808.13">was</w>
   <w nite:id="ES2013b.C.words1033" starttime="1808.13" endtime="1808.42">reading</w>
   <w nite:id="ES2013b.C.words1034" starttime="1808.42" endtime="1808.53">the</w>
   <w nite:id="ES2013b.C.words1035" starttime="1808.53" endtime="1808.92">chart</w>
   <w nite:id="ES2013b.C.words1036" starttime="1808.92" endtime="1809.09">to</w>
   <w nite:id="ES2013b.C.words1037" starttime="1809.09" endtime="1809.15">be</w>
   <w nite:id="ES2013b.C.words1038" starttime="1809.15" endtime="1809.67">honest</w>
   <w nite:id="ES2013b.C.words1039" starttime="1809.67" endtime="1809.67" punc="true">.</w>
   <vocalsound nite:id="ES2013b.C.words1040" starttime="1854.33" endtime="1854.33" type="laugh"/>
   <w nite:id="ES2013b.C.words1041" starttime="1855.7" endtime="1855.92">Who&#39;s</w>
   <w nite:id="ES2013b.C.words1042" starttime="1855.92" endtime="1856.07">got</w>
   <w nite:id="ES2013b.C.words1043" starttime="1856.07" endtime="1856.18">an</w>
   <w nite:id="ES2013b.C.words1044" starttime="1856.18" endtime="1856.79">iPod</w>
   <w nite:id="ES2013b.C.words1045" starttime="1856.79" endtime="1858.43">then</w>
   <w nite:id="ES2013b.C.words1046" starttime="1858.43" endtime="1858.43" punc="true">?</w>
   <vocalsound nite:id="ES2013b.C.words1047" starttime="1858.43" endtime="1858.589" type="laugh"/>
   <w nite:id="ES2013b.C.words1048" starttime="1870.45" endtime="1870.8">Yeah</w>
   <w nite:id="ES2013b.C.words1049" starttime="1870.8" endtime="1870.8" punc="true">,</w>
   <w nite:id="ES2013b.C.words1050" starttime="1870.8" endtime="1871.08">things</w>
   <w nite:id="ES2013b.C.words1051" starttime="1871.08" endtime="1871.28">like</w>
   <w nite:id="ES2013b.C.words1052" starttime="1871.28" endtime="1871.7">screen</w>
   <w nite:id="ES2013b.C.words1053" starttime="1871.7" endtime="1872.14">settings</w>
   <w nite:id="ES2013b.C.words1054" starttime="1872.14" endtime="1872.24">and</w>
   <w nite:id="ES2013b.C.words1055" starttime="1872.24" endtime="1872.56">audio</w>
   <w nite:id="ES2013b.C.words1056" starttime="1872.56" endtime="1873.08">settings</w>
   <w nite:id="ES2013b.C.words1057" starttime="1873.08" endtime="1873.08" punc="true">,</w>
   <w nite:id="ES2013b.C.words1058" starttime="1873.08" endtime="1873.32">I</w>
   <w nite:id="ES2013b.C.words1059" starttime="1873.32" endtime="1874.03">would</w>
   <w nite:id="ES2013b.C.words1060" starttime="1874.03" endtime="1874.66">generally</w>
   <w nite:id="ES2013b.C.words1061" starttime="1875.94" endtime="1876.12">do</w>
   <w nite:id="ES2013b.C.words1062" starttime="1876.12" endtime="1876.37">them</w>
   <w nite:id="ES2013b.C.words1063" starttime="1876.37" endtime="1876.53">on</w>
   <w nite:id="ES2013b.C.words1064" starttime="1876.53" endtime="1876.62">the</w>
   <w nite:id="ES2013b.C.words1065" starttime="1876.62" endtime="1876.95">actual</w>
   <w nite:id="ES2013b.C.words1066" starttime="1876.95" endtime="1877.53">television</w>
   <w nite:id="ES2013b.C.words1067" starttime="1877.53" endtime="1878.07">itself</w>
   <w nite:id="ES2013b.C.words1068" starttime="1878.07" endtime="1878.07" punc="true">,</w>
   <w nite:id="ES2013b.C.words1069" starttime="1878.07" endtime="1878.26">like</w>
   <w nite:id="ES2013b.C.words1070" starttime="1878.26" endtime="1878.43">here</w>
   <w nite:id="ES2013b.C.words1071" starttime="1878.43" endtime="1878.55">you</w>
   <w nite:id="ES2013b.C.words1072" starttime="1878.55" endtime="1878.77">have</w>
   <w nite:id="ES2013b.C.words1073" starttime="1878.77" endtime="1879.02">a</w>
   <w nite:id="ES2013b.C.words1074" starttime="1880.58" endtime="1880.71">you</w>
   <w nite:id="ES2013b.C.words1075" starttime="1880.71" endtime="1880.8">know</w>
   <w nite:id="ES2013b.C.words1076" starttime="1880.8" endtime="1880.8" punc="true">,</w>
   <w nite:id="ES2013b.C.words1077" starttime="1880.8" endtime="1880.92">a</w>
   <w nite:id="ES2013b.C.words1078" starttime="1880.92" endtime="1881.12">little</w>
   <w nite:id="ES2013b.C.words1079" starttime="1881.12" endtime="1881.53">flap</w>
   <w nite:id="ES2013b.C.words1080" starttime="1881.53" endtime="1881.59" trunc="true">th</w>
   <w nite:id="ES2013b.C.words1081" starttime="1881.59" endtime="1881.74">with</w>
   <w nite:id="ES2013b.C.words1082" starttime="1881.74" endtime="1881.81">a</w>
   <w nite:id="ES2013b.C.words1083" starttime="1881.81" endtime="1882.03">little</w>
   <w nite:id="ES2013b.C.words1084" starttime="1882.03" endtime="1882.44">control</w>
   <w nite:id="ES2013b.C.words1085" starttime="1882.44" endtime="1882.9">panel</w>
   <w nite:id="ES2013b.C.words1086" starttime="1882.9" endtime="1883.08">on</w>
   <w nite:id="ES2013b.C.words1087" starttime="1883.08" endtime="1883.18">the</w>
   <w nite:id="ES2013b.C.words1088" starttime="1883.18" endtime="1884.25">actual</w>
   <w nite:id="ES2013b.C.words1089" starttime="1884.25" endtime="1884.64">box</w>
   <w nite:id="ES2013b.C.words1090" starttime="1884.64" endtime="1885.22">itself</w>
   <w nite:id="ES2013b.C.words1091" starttime="1885.22" endtime="1885.22" punc="true">.</w>
   <w nite:id="ES2013b.C.words1092" starttime="1885.22" endtime="1885.41">I</w>
   <w nite:id="ES2013b.C.words1093" starttime="1885.41" endtime="1885.49">I</w>
   <w nite:id="ES2013b.C.words1094" starttime="1885.49" endtime="1885.74">wouldn&#39;t</w>
   <w nite:id="ES2013b.C.words1095" starttime="1885.74" endtime="1885.82">know</w>
   <w nite:id="ES2013b.C.words1096" starttime="1885.82" endtime="1886.03">how</w>
   <w nite:id="ES2013b.C.words1097" starttime="1886.03" endtime="1886.13">to</w>
   <w nite:id="ES2013b.C.words1098" starttime="1886.13" endtime="1886.27">do</w>
   <w nite:id="ES2013b.C.words1099" starttime="1886.27" endtime="1886.39">it</w>
   <w nite:id="ES2013b.C.words1100" starttime="1886.39" endtime="1886.78">using</w>
   <w nite:id="ES2013b.C.words1101" starttime="1886.78" endtime="1886.83">a</w>
   <w nite:id="ES2013b.C.words1102" starttime="1886.83" endtime="1887.1">remote</w>
   <w nite:id="ES2013b.C.words1103" starttime="1887.1" endtime="1888.52">control</w>
   <w nite:id="ES2013b.C.words1104" starttime="1888.52" endtime="1888.52" punc="true">,</w>
   <w nite:id="ES2013b.C.words1105" starttime="1888.52" endtime="1888.87">so</w>
   <w nite:id="ES2013b.C.words1106" starttime="1890.48" endtime="1891.48">um</w>
   <w nite:id="ES2013b.C.words1107" starttime="1891.48" endtime="1891.59">I</w>
   <w nite:id="ES2013b.C.words1108" starttime="1891.59" endtime="1891.71">would</w>
   <w nite:id="ES2013b.C.words1109" starttime="1891.71" endtime="1891.9">say</w>
   <w nite:id="ES2013b.C.words1110" starttime="1891.9" endtime="1892.13">that</w>
   <w nite:id="ES2013b.C.words1111" starttime="1892.13" endtime="1892.27">they</w>
   <w nite:id="ES2013b.C.words1112" starttime="1892.27" endtime="1892.39">are</w>
   <w nite:id="ES2013b.C.words1113" starttime="1892.39" endtime="1892.88">definitely</w>
   <w nite:id="ES2013b.C.words1114" starttime="1892.88" endtime="1893.26">less</w>
   <w nite:id="ES2013b.C.words1115" starttime="1893.26" endtime="1893.96">relevant</w>
   <w nite:id="ES2013b.C.words1116" starttime="1893.96" endtime="1893.96" punc="true">.</w>
   <vocalsound nite:id="ES2013b.C.words1117" starttime="1919.212" endtime="1920.846" type="laugh"/>
   <w nite:id="ES2013b.C.words1118" starttime="2052.3" endtime="2052.68">Yes</w>
   <w nite:id="ES2013b.C.words1119" starttime="2052.68" endtime="2052.68" punc="true">.</w>
   <w nite:id="ES2013b.C.words1120" starttime="2062.96" endtime="2063.05">We</w>
   <w nite:id="ES2013b.C.words1121" starttime="2063.05" endtime="2063.29">didn&#39;t</w>
   <w nite:id="ES2013b.C.words1122" starttime="2063.29" endtime="2063.49">come</w>
   <w nite:id="ES2013b.C.words1123" starttime="2063.49" endtime="2063.66">to</w>
   <w nite:id="ES2013b.C.words1124" starttime="2063.66" endtime="2063.9">any</w>
   <w nite:id="ES2013b.C.words1125" starttime="2063.9" endtime="2064.12">sort</w>
   <w nite:id="ES2013b.C.words1126" starttime="2064.12" endtime="2064.19">of</w>
   <w nite:id="ES2013b.C.words1127" starttime="2064.19" endtime="2064.8">decision</w>
   <w nite:id="ES2013b.C.words1128" starttime="2064.8" endtime="2064.94">on</w>
   <w nite:id="ES2013b.C.words1129" starttime="2064.94" endtime="2065.05">the</w>
   <w nite:id="ES2013b.C.words1130" starttime="2065.05" endtime="2065.67">functions</w>
   <w nite:id="ES2013b.C.words1131" starttime="2065.67" endtime="2065.87">though</w>
   <w nite:id="ES2013b.C.words1132" starttime="2065.87" endtime="2065.87" punc="true">.</w>
   <w nite:id="ES2013b.C.words1133" starttime="2071.12" endtime="2071.41">Alright</w>
   <w nite:id="ES2013b.C.words1134" starttime="2071.41" endtime="2071.41" punc="true">,</w>
   <w nite:id="ES2013b.C.words1135" starttime="2071.41" endtime="2071.5">well</w>
   <w nite:id="ES2013b.C.words1136" starttime="2071.5" endtime="2071.68">that&#39;s</w>
   <w nite:id="ES2013b.C.words1137" starttime="2071.68" endtime="2071.89">fine</w>
   <w nite:id="ES2013b.C.words1138" starttime="2071.89" endtime="2072.25">then</w>
   <w nite:id="ES2013b.C.words1139" starttime="2072.25" endtime="2072.25" punc="true">.</w>
   <w nite:id="ES2013b.C.words1140" starttime="2104.63" endtime="2104.89">Mm</w>
   <w nite:id="ES2013b.C.words1141" starttime="2104.89" endtime="2104.89" punc="true">.</w>
   <w nite:id="ES2013b.C.words1142" starttime="2106.66" endtime="2106.95">Sorry</w>
   <w nite:id="ES2013b.C.words1143" starttime="2106.95" endtime="2106.95" punc="true">,</w>
   <w nite:id="ES2013b.C.words1144" starttime="2106.95" endtime="2107.22">what</w>
   <w nite:id="ES2013b.C.words1145" starttime="2107.22" endtime="2107.35">what</w>
   <w nite:id="ES2013b.C.words1146" starttime="2107.35" endtime="2107.66">actually</w>
   <w nite:id="ES2013b.C.words1147" starttime="2107.66" endtime="2107.87">are</w>
   <w nite:id="ES2013b.C.words1148" starttime="2107.87" endtime="2108.72">these</w>
   <disfmarker nite:id="ES2013b.C.words1149" starttime="2108.72" endtime="2108.72"/>
   <w nite:id="ES2013b.C.words1150" starttime="2108.72" endtime="2108.84">is</w>
   <w nite:id="ES2013b.C.words1151" starttime="2108.84" endtime="2109.08">that</w>
   <w nite:id="ES2013b.C.words1152" starttime="2109.08" endtime="2109.16">the</w>
   <w nite:id="ES2013b.C.words1153" starttime="2109.16" endtime="2109.48">yellow</w>
   <w nite:id="ES2013b.C.words1154" starttime="2109.48" endtime="2109.66">and</w>
   <w nite:id="ES2013b.C.words1155" starttime="2109.66" endtime="2110.19">black</w>
   <w nite:id="ES2013b.C.words1156" starttime="2110.19" endtime="2110.19" punc="true">?</w>
   <w nite:id="ES2013b.C.words1157" starttime="2114.29" endtime="2114.49">From</w>
   <w nite:id="ES2013b.C.words1158" starttime="2114.49" endtime="2114.65">their</w>
   <disfmarker nite:id="ES2013b.C.words1159" starttime="2114.65" endtime="2114.65"/>
   <w nite:id="ES2013b.C.words1160" starttime="2114.65" endtime="2114.8">I&#39;ll</w>
   <w nite:id="ES2013b.C.words1161" starttime="2114.8" endtime="2115.0">just</w>
   <w nite:id="ES2013b.C.words1162" starttime="2115.0" endtime="2115.15">use</w>
   <w nite:id="ES2013b.C.words1163" starttime="2115.15" endtime="2115.24">it</w>
   <w nite:id="ES2013b.C.words1164" starttime="2115.24" endtime="2115.39">from</w>
   <w nite:id="ES2013b.C.words1165" starttime="2115.39" endtime="2115.54">their</w>
   <w nite:id="ES2013b.C.words1166" starttime="2115.54" endtime="2115.99">website</w>
   <w nite:id="ES2013b.C.words1167" starttime="2115.99" endtime="2115.99" punc="true">.</w>
   <vocalsound nite:id="ES2013b.C.words1168" starttime="2121.653" endtime="2121.653" type="other"/>
   <w nite:id="ES2013b.C.words1169" starttime="2121.93" endtime="2122.59">Okay</w>
   <w nite:id="ES2013b.C.words1170" starttime="2122.59" endtime="2122.59" punc="true">.</w>
</nite:root>