<?xml version="1.0" encoding="ISO-8859-1" standalone="yes"?>
<nite:root nite:id="ES2012b.B.words" xmlns:nite="http://nite.sourceforge.net/">
   <vocalsound nite:id="ES2012b.B.words0" starttime="37.296" endtime="38.864" type="laugh"/>
   <vocalsound nite:id="ES2012b.B.words1" starttime="360.768" endtime="361.676" type="laugh"/>
   <vocalsound nite:id="ES2012b.B.words2" starttime="659.526" endtime="662.036" type="laugh"/>
   <vocalsound nite:id="ES2012b.B.words3" starttime="708.358" endtime="709.799" type="laugh"/>
   <w nite:id="ES2012b.B.words4" starttime="768.48" endtime="768.79">Mm</w>
   <w nite:id="ES2012b.B.words5" starttime="768.79" endtime="768.79" punc="true">.</w>
   <w nite:id="ES2012b.B.words6" starttime="788.52" endtime="788.8">Mm</w>
   <w nite:id="ES2012b.B.words7" starttime="788.8" endtime="788.8" punc="true">.</w>
   <w nite:id="ES2012b.B.words8" starttime="798.24" endtime="798.38">Mm</w>
   <w nite:id="ES2012b.B.words9" starttime="798.38" endtime="798.38" punc="true">.</w>
   <w nite:id="ES2012b.B.words10" starttime="801.52" endtime="801.75">Mm</w>
   <w nite:id="ES2012b.B.words11" starttime="801.75" endtime="801.75" punc="true">.</w>
   <vocalsound nite:id="ES2012b.B.words12" starttime="855.8" endtime="856.304" type="laugh"/>
   <w nite:id="ES2012b.B.words13" starttime="883.88" endtime="884.08" trunc="true">P</w>
   <w nite:id="ES2012b.B.words14" starttime="886.78" endtime="886.92">Well</w>
   <w nite:id="ES2012b.B.words15" starttime="886.92" endtime="887.01">the</w>
   <w nite:id="ES2012b.B.words16" starttime="887.01" endtime="887.22">only</w>
   <w nite:id="ES2012b.B.words17" starttime="887.22" endtime="887.55">problem</w>
   <w nite:id="ES2012b.B.words18" starttime="887.55" endtime="887.58">I</w>
   <w nite:id="ES2012b.B.words19" starttime="887.58" endtime="887.74">can</w>
   <w nite:id="ES2012b.B.words20" starttime="887.74" endtime="887.92">think</w>
   <w nite:id="ES2012b.B.words21" starttime="887.92" endtime="888.11">of</w>
   <w nite:id="ES2012b.B.words22" starttime="888.11" endtime="888.25">with</w>
   <w nite:id="ES2012b.B.words23" starttime="888.25" endtime="888.43">that</w>
   <w nite:id="ES2012b.B.words24" starttime="888.43" endtime="888.61">is</w>
   <w nite:id="ES2012b.B.words25" starttime="888.61" endtime="888.88">if</w>
   <w nite:id="ES2012b.B.words26" starttime="888.88" endtime="889.02">you&#39;ve</w>
   <w nite:id="ES2012b.B.words27" starttime="889.02" endtime="889.17">got</w>
   <w nite:id="ES2012b.B.words28" starttime="889.17" endtime="889.21">a</w>
   <w nite:id="ES2012b.B.words29" starttime="889.21" endtime="889.31">lot</w>
   <w nite:id="ES2012b.B.words30" starttime="889.31" endtime="889.37">of</w>
   <w nite:id="ES2012b.B.words31" starttime="889.37" endtime="889.51">people</w>
   <w nite:id="ES2012b.B.words32" starttime="889.51" endtime="889.6">that</w>
   <w nite:id="ES2012b.B.words33" starttime="889.6" endtime="889.82">don&#39;t</w>
   <w nite:id="ES2012b.B.words34" starttime="889.82" endtime="890.01">wanna</w>
   <w nite:id="ES2012b.B.words35" starttime="890.01" endtime="890.07">be</w>
   <w nite:id="ES2012b.B.words36" starttime="890.07" endtime="890.41">bothered</w>
   <w nite:id="ES2012b.B.words37" starttime="890.41" endtime="890.78">learning</w>
   <w nite:id="ES2012b.B.words38" starttime="890.78" endtime="890.9">how</w>
   <w nite:id="ES2012b.B.words39" starttime="890.9" endtime="890.96">to</w>
   <w nite:id="ES2012b.B.words40" starttime="890.96" endtime="891.2">use</w>
   <w nite:id="ES2012b.B.words41" starttime="891.2" endtime="891.36">new</w>
   <w nite:id="ES2012b.B.words42" starttime="891.36" endtime="891.48" trunc="true">rem</w>
   <w nite:id="ES2012b.B.words43" starttime="891.48" endtime="891.73">remote</w>
   <w nite:id="ES2012b.B.words44" starttime="891.73" endtime="892.1">controls</w>
   <w nite:id="ES2012b.B.words45" starttime="892.1" endtime="892.1" punc="true">.</w>
   <w nite:id="ES2012b.B.words46" starttime="892.1" endtime="892.22">If</w>
   <w nite:id="ES2012b.B.words47" starttime="892.22" endtime="892.32">you</w>
   <w nite:id="ES2012b.B.words48" starttime="892.32" endtime="892.47">just</w>
   <w nite:id="ES2012b.B.words49" starttime="892.47" endtime="892.61">kind</w>
   <w nite:id="ES2012b.B.words50" starttime="892.61" endtime="892.87">of</w>
   <w nite:id="ES2012b.B.words51" starttime="892.87" endtime="893.05">take</w>
   <w nite:id="ES2012b.B.words52" starttime="893.05" endtime="893.23">away</w>
   <w nite:id="ES2012b.B.words53" starttime="893.23" endtime="893.72">everything</w>
   <w nite:id="ES2012b.B.words54" starttime="893.72" endtime="893.86">that</w>
   <w nite:id="ES2012b.B.words55" starttime="893.86" endtime="894.02">they&#39;re</w>
   <w nite:id="ES2012b.B.words56" starttime="894.02" endtime="894.26">used</w>
   <w nite:id="ES2012b.B.words57" starttime="894.26" endtime="894.35">to</w>
   <w nite:id="ES2012b.B.words58" starttime="894.35" endtime="894.73">knowing</w>
   <w nite:id="ES2012b.B.words59" starttime="894.73" endtime="894.73" punc="true">,</w>
   <w nite:id="ES2012b.B.words60" starttime="894.73" endtime="894.93">that&#39;s</w>
   <w nite:id="ES2012b.B.words61" starttime="894.93" endtime="895.11">gonna</w>
   <w nite:id="ES2012b.B.words62" starttime="895.11" endtime="895.66">be</w>
   <w nite:id="ES2012b.B.words63" starttime="895.66" endtime="895.94">quite</w>
   <w nite:id="ES2012b.B.words64" starttime="895.94" endtime="895.99">a</w>
   <w nite:id="ES2012b.B.words65" starttime="895.99" endtime="897.11">change</w>
   <w nite:id="ES2012b.B.words66" starttime="897.11" endtime="897.11" punc="true">.</w>
   <w nite:id="ES2012b.B.words67" starttime="897.11" endtime="897.29">It</w>
   <w nite:id="ES2012b.B.words68" starttime="897.29" endtime="897.64">might</w>
   <disfmarker nite:id="ES2012b.B.words69" starttime="897.64" endtime="897.722"/>
   <w nite:id="ES2012b.B.words70" starttime="914.49" endtime="914.75">Mm</w>
   <w nite:id="ES2012b.B.words71" starttime="914.75" endtime="914.75" punc="true">.</w>
   <w nite:id="ES2012b.B.words72" starttime="918.46" endtime="918.78">Mm</w>
   <w nite:id="ES2012b.B.words73" starttime="918.78" endtime="918.78" punc="true">.</w>
   <w nite:id="ES2012b.B.words74" starttime="923.0" endtime="925.44">Yeah</w>
   <w nite:id="ES2012b.B.words75" starttime="925.44" endtime="925.44" punc="true">.</w>
   <vocalsound nite:id="ES2012b.B.words76" starttime="925.44" endtime="925.963" type="laugh"/>
   <w nite:id="ES2012b.B.words77" starttime="928.46" endtime="928.76">Yeah</w>
   <w nite:id="ES2012b.B.words78" starttime="928.76" endtime="928.76" punc="true">.</w>
   <w nite:id="ES2012b.B.words79" starttime="965.02" endtime="965.17">But</w>
   <w nite:id="ES2012b.B.words80" starttime="965.17" endtime="965.29">look</w>
   <w nite:id="ES2012b.B.words81" starttime="965.29" endtime="965.38">at</w>
   <w nite:id="ES2012b.B.words82" starttime="965.38" endtime="965.46">the</w>
   <w nite:id="ES2012b.B.words83" starttime="965.46" endtime="966.01">importance</w>
   <w nite:id="ES2012b.B.words84" starttime="966.01" endtime="966.15">of</w>
   <w nite:id="ES2012b.B.words85" starttime="966.15" endtime="967.36">them</w>
   <w nite:id="ES2012b.B.words86" starttime="967.36" endtime="967.36" punc="true">.</w>
   <w nite:id="ES2012b.B.words87" starttime="967.36" endtime="967.44">The</w>
   <w nite:id="ES2012b.B.words88" starttime="967.44" endtime="967.91">volume</w>
   <w nite:id="ES2012b.B.words89" starttime="967.91" endtime="968.48">settings</w>
   <w nite:id="ES2012b.B.words90" starttime="968.48" endtime="968.48" punc="true">.</w>
   <w nite:id="ES2012b.B.words91" starttime="972.03" endtime="972.45">Yeah</w>
   <w nite:id="ES2012b.B.words92" starttime="972.45" endtime="972.45" punc="true">.</w>
   <w nite:id="ES2012b.B.words93" starttime="973.49" endtime="973.64">They&#39;re</w>
   <w nite:id="ES2012b.B.words94" starttime="973.64" endtime="973.85">not</w>
   <w nite:id="ES2012b.B.words95" starttime="973.85" endtime="974.23">used</w>
   <w nite:id="ES2012b.B.words96" starttime="974.23" endtime="974.56">often</w>
   <w nite:id="ES2012b.B.words97" starttime="974.56" endtime="974.68">but</w>
   <w nite:id="ES2012b.B.words98" starttime="974.68" endtime="974.78">they</w>
   <w nite:id="ES2012b.B.words99" starttime="974.78" endtime="975.16">are</w>
   <w nite:id="ES2012b.B.words100" starttime="975.16" endtime="975.38">quite</w>
   <w nite:id="ES2012b.B.words101" starttime="975.38" endtime="975.84">important</w>
   <w nite:id="ES2012b.B.words102" starttime="975.84" endtime="975.99">when</w>
   <w nite:id="ES2012b.B.words103" starttime="975.99" endtime="976.12">they&#39;re</w>
   <w nite:id="ES2012b.B.words104" starttime="976.12" endtime="977.14">used</w>
   <w nite:id="ES2012b.B.words105" starttime="977.14" endtime="977.14" punc="true">.</w>
   <w nite:id="ES2012b.B.words106" starttime="977.14" endtime="977.44">Yeah</w>
   <w nite:id="ES2012b.B.words107" starttime="977.44" endtime="977.44" punc="true">.</w>
   <w nite:id="ES2012b.B.words108" starttime="989.53" endtime="989.92">Mm</w>
   <w nite:id="ES2012b.B.words109" starttime="989.92" endtime="989.92" punc="true">.</w>
   <w nite:id="ES2012b.B.words110" starttime="1051.93" endtime="1052.24">Mm</w>
   <w nite:id="ES2012b.B.words111" starttime="1052.24" endtime="1052.24" punc="true">.</w>
   <vocalsound nite:id="ES2012b.B.words112" starttime="1083.651" endtime="1084.521" type="laugh"/>
   <vocalsound nite:id="ES2012b.B.words113" starttime="1096.709" endtime="1098.827" type="laugh"/>
   <w nite:id="ES2012b.B.words114" starttime="1166.39" endtime="1166.5">Mm</w>
   <w nite:id="ES2012b.B.words115" starttime="1166.5" endtime="1166.5" punc="true">.</w>
   <w nite:id="ES2012b.B.words116" starttime="1190.17" endtime="1190.43">Mm</w>
   <w nite:id="ES2012b.B.words117" starttime="1190.43" endtime="1190.43" punc="true">.</w>
   <vocalsound nite:id="ES2012b.B.words118" starttime="1201.345" endtime="1202.443" type="laugh"/>
   <w nite:id="ES2012b.B.words119" starttime="1208.88" endtime="1209.02">Hmm</w>
   <w nite:id="ES2012b.B.words120" starttime="1209.02" endtime="1209.02" punc="true">.</w>
   <w nite:id="ES2012b.B.words121" starttime="1236.6" endtime="1236.66">Oh</w>
   <w nite:id="ES2012b.B.words122" starttime="1236.66" endtime="1236.66" punc="true">,</w>
   <w nite:id="ES2012b.B.words123" starttime="1236.66" endtime="1236.75">you</w>
   <w nite:id="ES2012b.B.words124" starttime="1236.75" endtime="1236.84">have</w>
   <w nite:id="ES2012b.B.words125" starttime="1236.84" endtime="1236.9">to</w>
   <w nite:id="ES2012b.B.words126" starttime="1236.9" endtime="1237.0">hit</w>
   <w nite:id="ES2012b.B.words127" starttime="1237.0" endtime="1237.15">like</w>
   <w nite:id="ES2012b.B.words128" starttime="1237.15" endtime="1237.62">function</w>
   <w nite:id="ES2012b.B.words129" starttime="1237.62" endtime="1237.89">and</w>
   <w nite:id="ES2012b.B.words130" starttime="1237.89" endtime="1238.08">F_</w>
   <w nite:id="ES2012b.B.words131" starttime="1238.08" endtime="1238.68">something</w>
   <w nite:id="ES2012b.B.words132" starttime="1238.68" endtime="1238.68" punc="true">.</w>
   <w nite:id="ES2012b.B.words133" starttime="1239.76" endtime="1239.94">F_</w>
   <w nite:id="ES2012b.B.words134" starttime="1239.94" endtime="1241.03">eight</w>
   <w nite:id="ES2012b.B.words135" starttime="1241.03" endtime="1241.03" punc="true">.</w>
   <vocalsound nite:id="ES2012b.B.words136" starttime="1249.472" endtime="1249.472" type="laugh"/>
   <w nite:id="ES2012b.B.words137" starttime="1249.93" endtime="1250.35">Dunno</w>
   <w nite:id="ES2012b.B.words138" starttime="1250.35" endtime="1250.35" punc="true">.</w>
   <w nite:id="ES2012b.B.words139" starttime="1254.19" endtime="1254.23">Oh</w>
   <w nite:id="ES2012b.B.words140" starttime="1254.23" endtime="1254.45">yeah</w>
   <w nite:id="ES2012b.B.words141" starttime="1254.45" endtime="1254.45" punc="true">,</w>
   <w nite:id="ES2012b.B.words142" starttime="1254.45" endtime="1254.61">it&#39;s</w>
   <w nite:id="ES2012b.B.words143" starttime="1254.61" endtime="1254.94">going</w>
   <w nite:id="ES2012b.B.words144" starttime="1254.94" endtime="1254.94" punc="true">.</w>
   <w nite:id="ES2012b.B.words145" starttime="1416.8" endtime="1416.95">Oh</w>
   <w nite:id="ES2012b.B.words146" starttime="1416.95" endtime="1417.12">yeah</w>
   <w nite:id="ES2012b.B.words147" starttime="1417.12" endtime="1417.12" punc="true">,</w>
   <w nite:id="ES2012b.B.words148" starttime="1417.12" endtime="1417.18">they</w>
   <w nite:id="ES2012b.B.words149" starttime="1417.18" endtime="1417.29">might</w>
   <w nite:id="ES2012b.B.words150" starttime="1417.29" endtime="1417.4">be</w>
   <w nite:id="ES2012b.B.words151" starttime="1417.4" endtime="1418.14">movable</w>
   <w nite:id="ES2012b.B.words152" starttime="1418.14" endtime="1418.14" punc="true">.</w>
   <w nite:id="ES2012b.B.words153" starttime="1418.14" endtime="1418.3">Oh</w>
   <w nite:id="ES2012b.B.words154" starttime="1418.3" endtime="1418.52">yeah</w>
   <w nite:id="ES2012b.B.words155" starttime="1418.52" endtime="1418.52" punc="true">,</w>
   <w nite:id="ES2012b.B.words156" starttime="1418.52" endtime="1418.7">they&#39;re</w>
   <w nite:id="ES2012b.B.words157" starttime="1418.7" endtime="1418.85">all</w>
   <disfmarker nite:id="ES2012b.B.words158" starttime="1418.85" endtime="1418.85"/>
   <w nite:id="ES2012b.B.words159" starttime="1418.85" endtime="1419.0">they&#39;re</w>
   <w nite:id="ES2012b.B.words160" starttime="1419.0" endtime="1419.15">not</w>
   <w nite:id="ES2012b.B.words161" starttime="1419.15" endtime="1419.45">connected</w>
   <w nite:id="ES2012b.B.words162" starttime="1419.45" endtime="1419.51">to</w>
   <w nite:id="ES2012b.B.words163" starttime="1419.51" endtime="1419.69">anything</w>
   <w nite:id="ES2012b.B.words164" starttime="1419.69" endtime="1419.75">on</w>
   <w nite:id="ES2012b.B.words165" starttime="1419.75" endtime="1419.82">the</w>
   <w nite:id="ES2012b.B.words166" starttime="1419.82" endtime="1420.16">table</w>
   <w nite:id="ES2012b.B.words167" starttime="1420.16" endtime="1420.16" punc="true">,</w>
   <w nite:id="ES2012b.B.words168" starttime="1420.16" endtime="1420.23">you</w>
   <w nite:id="ES2012b.B.words169" starttime="1420.23" endtime="1420.45">just</w>
   <w nite:id="ES2012b.B.words170" starttime="1420.45" endtime="1420.65">leave</w>
   <w nite:id="ES2012b.B.words171" starttime="1420.65" endtime="1420.73">&#39;em</w>
   <w nite:id="ES2012b.B.words172" starttime="1420.73" endtime="1420.83">on</w>
   <w nite:id="ES2012b.B.words173" starttime="1420.83" endtime="1420.92">and</w>
   <w nite:id="ES2012b.B.words174" starttime="1420.92" endtime="1421.08">walk</w>
   <w nite:id="ES2012b.B.words175" starttime="1421.08" endtime="1421.27">around</w>
   <w nite:id="ES2012b.B.words176" starttime="1421.27" endtime="1421.36">with</w>
   <w nite:id="ES2012b.B.words177" starttime="1421.36" endtime="1421.47">&#39;em</w>
   <w nite:id="ES2012b.B.words178" starttime="1421.47" endtime="1421.47" punc="true">.</w>
   <vocalsound nite:id="ES2012b.B.words179" starttime="1423.683" endtime="1425.233" type="laugh"/>
   <w nite:id="ES2012b.B.words180" starttime="1472.61" endtime="1472.88">Mm</w>
   <w nite:id="ES2012b.B.words181" starttime="1472.88" endtime="1472.88" punc="true">.</w>
   <w nite:id="ES2012b.B.words182" starttime="1480.96" endtime="1481.27">Mm</w>
   <w nite:id="ES2012b.B.words183" starttime="1481.27" endtime="1481.27" punc="true">.</w>
   <vocalsound nite:id="ES2012b.B.words184" starttime="1492.079" endtime="1493.181" type="laugh"/>
   <vocalsound nite:id="ES2012b.B.words185" starttime="1530.816" endtime="1532.601" type="laugh"/>
   <w nite:id="ES2012b.B.words186" starttime="1567.74" endtime="1568.14">Yes</w>
   <w nite:id="ES2012b.B.words187" starttime="1568.14" endtime="1568.14" punc="true">,</w>
   <w nite:id="ES2012b.B.words188" starttime="1568.14" endtime="1568.96">mm</w>
   <w nite:id="ES2012b.B.words189" starttime="1568.96" endtime="1568.96" punc="true">.</w>
   <gap nite:id="ES2012b.B.words190" starttime="1568.96" endtime="1569.52"/>
   <w nite:id="ES2012b.B.words191" starttime="1572.6" endtime="1572.76">Which</w>
   <w nite:id="ES2012b.B.words192" starttime="1572.76" endtime="1572.88">one</w>
   <w nite:id="ES2012b.B.words193" starttime="1572.88" endtime="1572.98">does</w>
   <w nite:id="ES2012b.B.words194" starttime="1572.98" endtime="1573.12">this</w>
   <w nite:id="ES2012b.B.words195" starttime="1573.12" endtime="1573.36">plug</w>
   <w nite:id="ES2012b.B.words196" starttime="1573.36" endtime="1573.88">into</w>
   <w nite:id="ES2012b.B.words197" starttime="1573.88" endtime="1573.88" punc="true">?</w>
   <w nite:id="ES2012b.B.words198" starttime="1577.13" endtime="1577.48">That</w>
   <w nite:id="ES2012b.B.words199" starttime="1577.48" endtime="1577.57">one</w>
   <w nite:id="ES2012b.B.words200" starttime="1577.57" endtime="1577.57" punc="true">.</w>
   <vocalsound nite:id="ES2012b.B.words201" starttime="1601.387" endtime="1602.102" type="other"/>
   <w nite:id="ES2012b.B.words202" starttime="1605.49" endtime="1605.61">I</w>
   <w nite:id="ES2012b.B.words203" starttime="1605.61" endtime="1605.97">can&#39;t</w>
   <disfmarker nite:id="ES2012b.B.words204" starttime="1605.97" endtime="1605.97"/>
   <w nite:id="ES2012b.B.words205" starttime="1605.97" endtime="1606.07">did</w>
   <w nite:id="ES2012b.B.words206" starttime="1606.07" endtime="1606.55">you</w>
   <gap nite:id="ES2012b.B.words207" starttime="1606.55" endtime="1606.55"/>
   <disfmarker nite:id="ES2012b.B.words208" starttime="1606.55" endtime="1606.55"/>
   <w nite:id="ES2012b.B.words209" starttime="1606.55" endtime="1606.7">could</w>
   <w nite:id="ES2012b.B.words210" starttime="1606.7" endtime="1606.78">you</w>
   <w nite:id="ES2012b.B.words211" starttime="1606.78" endtime="1606.9">see</w>
   <w nite:id="ES2012b.B.words212" starttime="1606.9" endtime="1606.96">it</w>
   <w nite:id="ES2012b.B.words213" starttime="1606.96" endtime="1607.05">on</w>
   <w nite:id="ES2012b.B.words214" starttime="1607.05" endtime="1607.18">you</w>
   <w nite:id="ES2012b.B.words215" starttime="1607.18" endtime="1607.6">screen</w>
   <w nite:id="ES2012b.B.words216" starttime="1607.6" endtime="1607.69">when</w>
   <w nite:id="ES2012b.B.words217" starttime="1607.69" endtime="1607.92">it</w>
   <disfmarker nite:id="ES2012b.B.words218" starttime="1607.92" endtime="1607.994"/>
   <vocalsound nite:id="ES2012b.B.words219" starttime="1608.816" endtime="1609.937" type="fricative exhalation indicating displeasure"/>
   <w nite:id="ES2012b.B.words220" starttime="1612.12" endtime="1612.36">That&#39;s</w>
   <w nite:id="ES2012b.B.words221" starttime="1612.36" endtime="1612.53">not</w>
   <w nite:id="ES2012b.B.words222" starttime="1612.53" endtime="1614.51">cool</w>
   <w nite:id="ES2012b.B.words223" starttime="1614.51" endtime="1614.51" punc="true">.</w>
   <vocalsound nite:id="ES2012b.B.words224" starttime="1614.51" endtime="1614.51" type="laugh"/>
   <w nite:id="ES2012b.B.words225" starttime="1614.51" endtime="1614.65">Oh</w>
   <w nite:id="ES2012b.B.words226" starttime="1614.65" endtime="1614.94">well</w>
   <w nite:id="ES2012b.B.words227" starttime="1614.94" endtime="1614.94" punc="true">.</w>
   <w nite:id="ES2012b.B.words228" starttime="1614.94" endtime="1615.74">Anyways</w>
   <w nite:id="ES2012b.B.words229" starttime="1615.74" endtime="1615.74" punc="true">.</w>
   <w nite:id="ES2012b.B.words230" starttime="1615.74" endtime="1616.86">Um</w>
   <w nite:id="ES2012b.B.words231" starttime="1616.86" endtime="1617.14">alright</w>
   <w nite:id="ES2012b.B.words232" starttime="1617.14" endtime="1617.14" punc="true">,</w>
   <w nite:id="ES2012b.B.words233" starttime="1617.14" endtime="1617.32">yeah</w>
   <w nite:id="ES2012b.B.words234" starttime="1617.32" endtime="1617.32" punc="true">,</w>
   <w nite:id="ES2012b.B.words235" starttime="1617.32" endtime="1617.47">so</w>
   <w nite:id="ES2012b.B.words236" starttime="1617.47" endtime="1617.75">um</w>
   <w nite:id="ES2012b.B.words237" starttime="1617.75" endtime="1618.03">I&#39;ll</w>
   <w nite:id="ES2012b.B.words238" starttime="1618.03" endtime="1618.16">just</w>
   <w nite:id="ES2012b.B.words239" starttime="1618.16" endtime="1618.23">do</w>
   <w nite:id="ES2012b.B.words240" starttime="1618.23" endtime="1618.31">my</w>
   <w nite:id="ES2012b.B.words241" starttime="1618.31" endtime="1618.81">presentation</w>
   <w nite:id="ES2012b.B.words242" starttime="1618.81" endtime="1618.9">on</w>
   <w nite:id="ES2012b.B.words243" starttime="1618.9" endtime="1619.17">the</w>
   <w nite:id="ES2012b.B.words244" starttime="1619.17" endtime="1619.52">working</w>
   <w nite:id="ES2012b.B.words245" starttime="1619.52" endtime="1620.31">design</w>
   <w nite:id="ES2012b.B.words246" starttime="1620.31" endtime="1620.81">uh</w>
   <w nite:id="ES2012b.B.words247" starttime="1620.81" endtime="1620.81" punc="true">.</w>
   <vocalsound nite:id="ES2012b.B.words248" starttime="1624.896" endtime="1624.896" type="other"/>
   <w nite:id="ES2012b.B.words249" starttime="1625.61" endtime="1625.86">Oh</w>
   <w nite:id="ES2012b.B.words250" starttime="1625.86" endtime="1625.95">there</w>
   <w nite:id="ES2012b.B.words251" starttime="1625.95" endtime="1626.03">we</w>
   <w nite:id="ES2012b.B.words252" starttime="1626.03" endtime="1626.34">go</w>
   <w nite:id="ES2012b.B.words253" starttime="1626.34" endtime="1626.34" punc="true">.</w>
   <w nite:id="ES2012b.B.words254" starttime="1627.9" endtime="1628.36">Okay</w>
   <w nite:id="ES2012b.B.words255" starttime="1628.36" endtime="1628.94">um</w>
   <w nite:id="ES2012b.B.words256" starttime="1628.94" endtime="1629.24">just</w>
   <w nite:id="ES2012b.B.words257" starttime="1629.24" endtime="1629.43">at</w>
   <w nite:id="ES2012b.B.words258" starttime="1629.43" endtime="1630.14">the</w>
   <w nite:id="ES2012b.B.words259" starttime="1630.14" endtime="1630.31" trunc="true">m</w>
   <w nite:id="ES2012b.B.words260" starttime="1630.31" endtime="1630.48">yeah</w>
   <w nite:id="ES2012b.B.words261" starttime="1630.48" endtime="1630.57">the</w>
   <w nite:id="ES2012b.B.words262" starttime="1630.57" endtime="1630.68">whole</w>
   <w nite:id="ES2012b.B.words263" starttime="1630.68" endtime="1630.87">sort</w>
   <w nite:id="ES2012b.B.words264" starttime="1630.87" endtime="1630.93">of</w>
   <w nite:id="ES2012b.B.words265" starttime="1630.93" endtime="1631.31">method</w>
   <w nite:id="ES2012b.B.words266" starttime="1631.31" endtime="1631.45">of</w>
   <w nite:id="ES2012b.B.words267" starttime="1631.45" endtime="1631.62">how</w>
   <w nite:id="ES2012b.B.words268" starttime="1631.62" endtime="1631.81">the</w>
   <w nite:id="ES2012b.B.words269" starttime="1631.81" endtime="1632.06">remote</w>
   <w nite:id="ES2012b.B.words270" starttime="1632.06" endtime="1632.36">control</w>
   <w nite:id="ES2012b.B.words271" starttime="1632.36" endtime="1633.08">works</w>
   <w nite:id="ES2012b.B.words272" starttime="1633.08" endtime="1633.08" punc="true">.</w>
   <w nite:id="ES2012b.B.words273" starttime="1633.08" endtime="1633.29">Uh</w>
   <w nite:id="ES2012b.B.words274" starttime="1633.29" endtime="1633.38">the</w>
   <w nite:id="ES2012b.B.words275" starttime="1633.38" endtime="1633.66">basic</w>
   <w nite:id="ES2012b.B.words276" starttime="1633.66" endtime="1634.0">function</w>
   <w nite:id="ES2012b.B.words277" starttime="1634.0" endtime="1634.12">of</w>
   <w nite:id="ES2012b.B.words278" starttime="1634.12" endtime="1634.18">the</w>
   <w nite:id="ES2012b.B.words279" starttime="1634.18" endtime="1634.37">remote</w>
   <w nite:id="ES2012b.B.words280" starttime="1634.37" endtime="1634.8">control</w>
   <w nite:id="ES2012b.B.words281" starttime="1634.8" endtime="1634.88">is</w>
   <w nite:id="ES2012b.B.words282" starttime="1634.88" endtime="1635.0">to</w>
   <w nite:id="ES2012b.B.words283" starttime="1635.0" endtime="1635.2">send</w>
   <w nite:id="ES2012b.B.words284" starttime="1635.2" endtime="1635.64">messages</w>
   <w nite:id="ES2012b.B.words285" starttime="1635.64" endtime="1635.75">to</w>
   <w nite:id="ES2012b.B.words286" starttime="1635.75" endtime="1635.95">another</w>
   <w nite:id="ES2012b.B.words287" starttime="1635.95" endtime="1636.2" trunc="true">sh</w>
   <w nite:id="ES2012b.B.words288" starttime="1636.2" endtime="1636.6">system</w>
   <w nite:id="ES2012b.B.words289" starttime="1636.6" endtime="1636.6" punc="true">,</w>
   <w nite:id="ES2012b.B.words290" starttime="1636.6" endtime="1636.77">the</w>
   <w nite:id="ES2012b.B.words291" starttime="1636.77" endtime="1636.87">the</w>
   <w nite:id="ES2012b.B.words292" starttime="1636.87" endtime="1637.3">T_V_</w>
   <w nite:id="ES2012b.B.words293" starttime="1637.3" endtime="1637.34">or</w>
   <w nite:id="ES2012b.B.words294" starttime="1637.34" endtime="1637.44">the</w>
   <w nite:id="ES2012b.B.words295" starttime="1637.44" endtime="1637.79">D_V_D_</w>
   <w nite:id="ES2012b.B.words296" starttime="1637.79" endtime="1638.11">player</w>
   <w nite:id="ES2012b.B.words297" starttime="1638.11" endtime="1638.19">or</w>
   <w nite:id="ES2012b.B.words298" starttime="1638.19" endtime="1639.26">whatever</w>
   <w nite:id="ES2012b.B.words299" starttime="1639.26" endtime="1639.26" punc="true">.</w>
   <w nite:id="ES2012b.B.words300" starttime="1639.26" endtime="1639.71">Um</w>
   <w nite:id="ES2012b.B.words301" starttime="1639.71" endtime="1639.8">and</w>
   <w nite:id="ES2012b.B.words302" starttime="1639.8" endtime="1639.87">it</w>
   <w nite:id="ES2012b.B.words303" starttime="1639.87" endtime="1640.13">does</w>
   <w nite:id="ES2012b.B.words304" starttime="1640.13" endtime="1640.56">this</w>
   <w nite:id="ES2012b.B.words305" starttime="1640.56" endtime="1640.89">uh</w>
   <w nite:id="ES2012b.B.words306" starttime="1640.89" endtime="1641.22">by</w>
   <disfmarker nite:id="ES2012b.B.words307" starttime="1641.22" endtime="1641.22"/>
   <w nite:id="ES2012b.B.words308" starttime="1641.22" endtime="1641.39">well</w>
   <w nite:id="ES2012b.B.words309" starttime="1641.39" endtime="1641.39" punc="true">,</w>
   <w nite:id="ES2012b.B.words310" starttime="1641.39" endtime="1641.45">you</w>
   <w nite:id="ES2012b.B.words311" starttime="1641.45" endtime="1641.61">need</w>
   <disfmarker nite:id="ES2012b.B.words312" starttime="1641.61" endtime="1641.61"/>
   <w nite:id="ES2012b.B.words313" starttime="1641.61" endtime="1641.72">to</w>
   <w nite:id="ES2012b.B.words314" starttime="1641.72" endtime="1641.91">start</w>
   <w nite:id="ES2012b.B.words315" starttime="1641.91" endtime="1642.02">off</w>
   <w nite:id="ES2012b.B.words316" starttime="1642.02" endtime="1642.09">you</w>
   <w nite:id="ES2012b.B.words317" starttime="1642.09" endtime="1642.2">need</w>
   <w nite:id="ES2012b.B.words318" starttime="1642.2" endtime="1642.28">an</w>
   <w nite:id="ES2012b.B.words319" starttime="1642.28" endtime="1642.61">energy</w>
   <w nite:id="ES2012b.B.words320" starttime="1642.61" endtime="1643.83">source</w>
   <vocalsound nite:id="ES2012b.B.words321" starttime="1643.83" endtime="1643.83" type="other"/>
   <w nite:id="ES2012b.B.words322" starttime="1643.83" endtime="1644.11">and</w>
   <w nite:id="ES2012b.B.words323" starttime="1644.11" endtime="1644.21">this</w>
   <w nite:id="ES2012b.B.words324" starttime="1644.21" endtime="1644.47">energy</w>
   <w nite:id="ES2012b.B.words325" starttime="1644.47" endtime="1644.76">source</w>
   <w nite:id="ES2012b.B.words326" starttime="1644.76" endtime="1644.95">will</w>
   <w nite:id="ES2012b.B.words327" starttime="1644.95" endtime="1645.16">feed</w>
   <w nite:id="ES2012b.B.words328" starttime="1645.16" endtime="1645.42">into</w>
   <w nite:id="ES2012b.B.words329" starttime="1645.42" endtime="1645.49">an</w>
   <w nite:id="ES2012b.B.words330" starttime="1645.49" endtime="1646.06">integrated</w>
   <w nite:id="ES2012b.B.words331" starttime="1646.06" endtime="1646.43">circuit</w>
   <w nite:id="ES2012b.B.words332" starttime="1646.43" endtime="1647.4">chip</w>
   <w nite:id="ES2012b.B.words333" starttime="1647.4" endtime="1647.84">and</w>
   <w nite:id="ES2012b.B.words334" starttime="1647.84" endtime="1647.98">the</w>
   <w nite:id="ES2012b.B.words335" starttime="1647.98" endtime="1648.28">circuit</w>
   <w nite:id="ES2012b.B.words336" starttime="1648.28" endtime="1648.49">chip</w>
   <w nite:id="ES2012b.B.words337" starttime="1648.49" endtime="1648.61">is</w>
   <w nite:id="ES2012b.B.words338" starttime="1648.61" endtime="1648.69">the</w>
   <w nite:id="ES2012b.B.words339" starttime="1648.69" endtime="1648.89">part</w>
   <w nite:id="ES2012b.B.words340" starttime="1648.89" endtime="1648.98">that</w>
   <w nite:id="ES2012b.B.words341" starttime="1648.98" endtime="1649.21">actually</w>
   <w nite:id="ES2012b.B.words342" starttime="1649.21" endtime="1649.7">composes</w>
   <w nite:id="ES2012b.B.words343" starttime="1649.7" endtime="1649.76">the</w>
   <w nite:id="ES2012b.B.words344" starttime="1649.76" endtime="1650.0">different</w>
   <w nite:id="ES2012b.B.words345" starttime="1650.0" endtime="1650.64">messages</w>
   <w nite:id="ES2012b.B.words346" starttime="1650.64" endtime="1650.83">uh</w>
   <w nite:id="ES2012b.B.words347" starttime="1650.83" endtime="1651.06">within</w>
   <w nite:id="ES2012b.B.words348" starttime="1651.06" endtime="1651.14">the</w>
   <w nite:id="ES2012b.B.words349" starttime="1651.14" endtime="1652.24">remote</w>
   <w nite:id="ES2012b.B.words350" starttime="1652.24" endtime="1652.64">um</w>
   <w nite:id="ES2012b.B.words351" starttime="1652.64" endtime="1652.79">which</w>
   <w nite:id="ES2012b.B.words352" starttime="1652.79" endtime="1652.9">will</w>
   <w nite:id="ES2012b.B.words353" starttime="1652.9" endtime="1653.05">then</w>
   <w nite:id="ES2012b.B.words354" starttime="1653.05" endtime="1653.16">be</w>
   <w nite:id="ES2012b.B.words355" starttime="1653.16" endtime="1653.66">sent</w>
   <w nite:id="ES2012b.B.words356" starttime="1653.66" endtime="1653.95">to</w>
   <w nite:id="ES2012b.B.words357" starttime="1653.95" endtime="1654.31">the</w>
   <w nite:id="ES2012b.B.words358" starttime="1654.31" endtime="1654.6">uh</w>
   <w nite:id="ES2012b.B.words359" starttime="1654.6" endtime="1654.68">the</w>
   <w nite:id="ES2012b.B.words360" starttime="1654.68" endtime="1655.12">television</w>
   <w nite:id="ES2012b.B.words361" starttime="1655.12" endtime="1655.12" punc="true">,</w>
   <w nite:id="ES2012b.B.words362" starttime="1655.12" endtime="1655.2">the</w>
   <w nite:id="ES2012b.B.words363" starttime="1655.2" endtime="1655.63">D_V_D_</w>
   <w nite:id="ES2012b.B.words364" starttime="1655.63" endtime="1655.73">to</w>
   <w nite:id="ES2012b.B.words365" starttime="1655.73" endtime="1655.97">tell</w>
   <w nite:id="ES2012b.B.words366" starttime="1655.97" endtime="1656.22">that</w>
   <w nite:id="ES2012b.B.words367" starttime="1656.22" endtime="1656.38">what</w>
   <w nite:id="ES2012b.B.words368" starttime="1656.38" endtime="1656.45">to</w>
   <w nite:id="ES2012b.B.words369" starttime="1656.45" endtime="1657.15">do</w>
   <w nite:id="ES2012b.B.words370" starttime="1657.15" endtime="1657.15" punc="true">.</w>
   <w nite:id="ES2012b.B.words371" starttime="1657.15" endtime="1657.56">Um</w>
   <w nite:id="ES2012b.B.words372" starttime="1657.56" endtime="1657.67">and</w>
   <w nite:id="ES2012b.B.words373" starttime="1657.67" endtime="1657.73">you</w>
   <w nite:id="ES2012b.B.words374" starttime="1657.73" endtime="1657.82">need</w>
   <w nite:id="ES2012b.B.words375" starttime="1657.82" endtime="1657.9">a</w>
   <w nite:id="ES2012b.B.words376" starttime="1657.9" endtime="1658.17">user</w>
   <w nite:id="ES2012b.B.words377" starttime="1658.17" endtime="1658.85">interface</w>
   <w nite:id="ES2012b.B.words378" starttime="1658.85" endtime="1658.85" punc="true">,</w>
   <w nite:id="ES2012b.B.words379" starttime="1658.85" endtime="1659.2">which</w>
   <w nite:id="ES2012b.B.words380" starttime="1659.2" endtime="1659.89">controls</w>
   <w nite:id="ES2012b.B.words381" starttime="1659.89" endtime="1660.01">the</w>
   <w nite:id="ES2012b.B.words382" starttime="1660.01" endtime="1660.3">chip</w>
   <w nite:id="ES2012b.B.words383" starttime="1660.3" endtime="1660.44">and</w>
   <w nite:id="ES2012b.B.words384" starttime="1660.44" endtime="1660.64">thus</w>
   <w nite:id="ES2012b.B.words385" starttime="1660.64" endtime="1660.72">the</w>
   <w nite:id="ES2012b.B.words386" starttime="1660.72" endtime="1661.23">messages</w>
   <w nite:id="ES2012b.B.words387" starttime="1661.23" endtime="1661.68">and</w>
   <w nite:id="ES2012b.B.words388" starttime="1661.68" endtime="1662.2">uh</w>
   <w nite:id="ES2012b.B.words389" starttime="1662.2" endtime="1662.28">the</w>
   <w nite:id="ES2012b.B.words390" starttime="1662.28" endtime="1662.5">user</w>
   <w nite:id="ES2012b.B.words391" starttime="1662.5" endtime="1662.99">interface</w>
   <w nite:id="ES2012b.B.words392" starttime="1662.99" endtime="1663.13">is</w>
   <disfmarker nite:id="ES2012b.B.words393" starttime="1663.13" endtime="1663.13"/>
   <w nite:id="ES2012b.B.words394" starttime="1663.13" endtime="1663.37">that&#39;s</w>
   <w nite:id="ES2012b.B.words395" starttime="1663.37" endtime="1663.68">basically</w>
   <w nite:id="ES2012b.B.words396" starttime="1663.68" endtime="1663.91">just</w>
   <w nite:id="ES2012b.B.words397" starttime="1663.91" endtime="1664.0">you</w>
   <w nite:id="ES2012b.B.words398" starttime="1664.0" endtime="1664.11" trunc="true">kn</w>
   <w nite:id="ES2012b.B.words399" starttime="1664.11" endtime="1664.34">the</w>
   <w nite:id="ES2012b.B.words400" starttime="1664.34" endtime="1664.6" trunc="true">s</w>
   <w nite:id="ES2012b.B.words401" starttime="1664.6" endtime="1664.78">sorta</w>
   <w nite:id="ES2012b.B.words402" starttime="1664.78" endtime="1665.22">design</w>
   <w nite:id="ES2012b.B.words403" starttime="1665.22" endtime="1665.31">of</w>
   <w nite:id="ES2012b.B.words404" starttime="1665.31" endtime="1665.39">the</w>
   <w nite:id="ES2012b.B.words405" starttime="1665.39" endtime="1665.84">actual</w>
   <w nite:id="ES2012b.B.words406" starttime="1665.84" endtime="1666.02">remote</w>
   <w nite:id="ES2012b.B.words407" starttime="1666.02" endtime="1666.17">which</w>
   <w nite:id="ES2012b.B.words408" starttime="1666.17" endtime="1666.24">you</w>
   <w nite:id="ES2012b.B.words409" starttime="1666.24" endtime="1666.48">hold</w>
   <w nite:id="ES2012b.B.words410" starttime="1666.48" endtime="1666.59">in</w>
   <w nite:id="ES2012b.B.words411" starttime="1666.59" endtime="1666.68">your</w>
   <w nite:id="ES2012b.B.words412" starttime="1666.68" endtime="1667.32">hands</w>
   <w nite:id="ES2012b.B.words413" starttime="1667.32" endtime="1667.52">and</w>
   <w nite:id="ES2012b.B.words414" starttime="1667.52" endtime="1667.83">what</w>
   <w nite:id="ES2012b.B.words415" starttime="1667.83" endtime="1668.17">buttons</w>
   <w nite:id="ES2012b.B.words416" starttime="1668.17" endtime="1668.27">will</w>
   <w nite:id="ES2012b.B.words417" starttime="1668.27" endtime="1668.36">be</w>
   <w nite:id="ES2012b.B.words418" starttime="1668.36" endtime="1668.55">on</w>
   <w nite:id="ES2012b.B.words419" starttime="1668.55" endtime="1669.72">it</w>
   <w nite:id="ES2012b.B.words420" starttime="1669.72" endtime="1669.72" punc="true">.</w>
   <w nite:id="ES2012b.B.words421" starttime="1669.72" endtime="1670.78">Um</w>
   <disfmarker nite:id="ES2012b.B.words422" starttime="1670.78" endtime="1670.817"/>
   <w nite:id="ES2012b.B.words423" starttime="1673.3" endtime="1673.48">Oh</w>
   <w nite:id="ES2012b.B.words424" starttime="1673.48" endtime="1677.44">shoot</w>
   <w nite:id="ES2012b.B.words425" starttime="1677.44" endtime="1677.44" punc="true">.</w>
   <w nite:id="ES2012b.B.words426" starttime="1677.44" endtime="1678.27">Okay</w>
   <w nite:id="ES2012b.B.words427" starttime="1678.27" endtime="1678.27" punc="true">.</w>
   <w nite:id="ES2012b.B.words428" starttime="1678.27" endtime="1678.89">Uh</w>
   <w nite:id="ES2012b.B.words429" starttime="1678.89" endtime="1679.26">just</w>
   <w nite:id="ES2012b.B.words430" starttime="1679.26" endtime="1679.54">general</w>
   <w nite:id="ES2012b.B.words431" starttime="1679.54" endtime="1680.11">findings</w>
   <w nite:id="ES2012b.B.words432" starttime="1680.11" endtime="1680.11" punc="true">.</w>
   <w nite:id="ES2012b.B.words433" starttime="1680.11" endtime="1680.52">Uh</w>
   <w nite:id="ES2012b.B.words434" starttime="1680.52" endtime="1680.73">what</w>
   <w nite:id="ES2012b.B.words435" starttime="1680.73" endtime="1680.82">we</w>
   <w nite:id="ES2012b.B.words436" starttime="1680.82" endtime="1681.38">need</w>
   <w nite:id="ES2012b.B.words437" starttime="1681.38" endtime="1681.58">uh</w>
   <w nite:id="ES2012b.B.words438" starttime="1681.58" endtime="1681.97">technically</w>
   <w nite:id="ES2012b.B.words439" starttime="1681.97" endtime="1682.34">speaking</w>
   <w nite:id="ES2012b.B.words440" starttime="1682.34" endtime="1682.42">for</w>
   <w nite:id="ES2012b.B.words441" starttime="1682.42" endtime="1682.48">the</w>
   <w nite:id="ES2012b.B.words442" starttime="1682.48" endtime="1682.68">remote</w>
   <w nite:id="ES2012b.B.words443" starttime="1682.68" endtime="1683.16">control</w>
   <w nite:id="ES2012b.B.words444" starttime="1683.16" endtime="1683.45">is</w>
   <w nite:id="ES2012b.B.words445" starttime="1683.45" endtime="1683.63">some</w>
   <w nite:id="ES2012b.B.words446" starttime="1683.63" endtime="1683.77">sort</w>
   <w nite:id="ES2012b.B.words447" starttime="1683.77" endtime="1683.83">of</w>
   <w nite:id="ES2012b.B.words448" starttime="1683.83" endtime="1684.18">energy</w>
   <w nite:id="ES2012b.B.words449" starttime="1684.18" endtime="1685.3">source</w>
   <w nite:id="ES2012b.B.words450" starttime="1685.3" endtime="1685.3" punc="true">,</w>
   <vocalsound nite:id="ES2012b.B.words451" starttime="1685.3" endtime="1685.3" type="other"/>
   <w nite:id="ES2012b.B.words452" starttime="1685.3" endtime="1685.88">uh</w>
   <w nite:id="ES2012b.B.words453" starttime="1685.88" endtime="1686.03">some</w>
   <w nite:id="ES2012b.B.words454" starttime="1686.03" endtime="1686.18">sort</w>
   <w nite:id="ES2012b.B.words455" starttime="1686.18" endtime="1686.26">of</w>
   <w nite:id="ES2012b.B.words456" starttime="1686.26" endtime="1686.46">user</w>
   <w nite:id="ES2012b.B.words457" starttime="1686.46" endtime="1686.95">interface</w>
   <w nite:id="ES2012b.B.words458" starttime="1686.95" endtime="1686.95" punc="true">,</w>
   <w nite:id="ES2012b.B.words459" starttime="1686.95" endtime="1687.07">which</w>
   <w nite:id="ES2012b.B.words460" starttime="1687.07" endtime="1687.12">I</w>
   <w nite:id="ES2012b.B.words461" starttime="1687.12" endtime="1687.33">think</w>
   <w nite:id="ES2012b.B.words462" starttime="1687.33" endtime="1687.57">we&#39;ve</w>
   <w nite:id="ES2012b.B.words463" starttime="1687.57" endtime="1687.9">mostly</w>
   <w nite:id="ES2012b.B.words464" starttime="1687.9" endtime="1687.99">been</w>
   <w nite:id="ES2012b.B.words465" starttime="1687.99" endtime="1688.28">talking</w>
   <w nite:id="ES2012b.B.words466" starttime="1688.28" endtime="1688.48">about</w>
   <w nite:id="ES2012b.B.words467" starttime="1688.48" endtime="1688.54">the</w>
   <w nite:id="ES2012b.B.words468" starttime="1688.54" endtime="1688.78">user</w>
   <w nite:id="ES2012b.B.words469" starttime="1688.78" endtime="1689.28">interface</w>
   <w nite:id="ES2012b.B.words470" starttime="1689.28" endtime="1689.41">and</w>
   <w nite:id="ES2012b.B.words471" starttime="1689.41" endtime="1689.48">the</w>
   <w nite:id="ES2012b.B.words472" starttime="1689.48" endtime="1689.81">design</w>
   <w nite:id="ES2012b.B.words473" starttime="1689.81" endtime="1689.9">of</w>
   <w nite:id="ES2012b.B.words474" starttime="1689.9" endtime="1690.78">that</w>
   <w nite:id="ES2012b.B.words475" starttime="1690.78" endtime="1690.78" punc="true">.</w>
   <w nite:id="ES2012b.B.words476" starttime="1690.78" endtime="1691.26">Um</w>
   <w nite:id="ES2012b.B.words477" starttime="1691.26" endtime="1691.35">a</w>
   <w nite:id="ES2012b.B.words478" starttime="1691.35" endtime="1691.67">circuit</w>
   <w nite:id="ES2012b.B.words479" starttime="1691.67" endtime="1691.97">chip</w>
   <w nite:id="ES2012b.B.words480" starttime="1691.97" endtime="1692.2">within</w>
   <w nite:id="ES2012b.B.words481" starttime="1692.2" endtime="1692.49">that</w>
   <w nite:id="ES2012b.B.words482" starttime="1692.49" endtime="1693.19">to</w>
   <w nite:id="ES2012b.B.words483" starttime="1693.19" endtime="1693.75">uh</w>
   <w nite:id="ES2012b.B.words484" starttime="1693.75" endtime="1694.08">control</w>
   <w nite:id="ES2012b.B.words485" starttime="1694.08" endtime="1694.21">and</w>
   <w nite:id="ES2012b.B.words486" starttime="1694.21" endtime="1694.41">send</w>
   <w nite:id="ES2012b.B.words487" starttime="1694.41" endtime="1694.47">the</w>
   <w nite:id="ES2012b.B.words488" starttime="1694.47" endtime="1695.08">messages</w>
   <w nite:id="ES2012b.B.words489" starttime="1695.08" endtime="1695.44">and</w>
   <w nite:id="ES2012b.B.words490" starttime="1695.44" endtime="1695.77">um</w>
   <w nite:id="ES2012b.B.words491" starttime="1695.77" endtime="1695.92">a</w>
   <w nite:id="ES2012b.B.words492" starttime="1695.92" endtime="1696.6">sender</w>
   <w nite:id="ES2012b.B.words493" starttime="1696.6" endtime="1696.97">and</w>
   <w nite:id="ES2012b.B.words494" starttime="1696.97" endtime="1697.61">receiver</w>
   <w nite:id="ES2012b.B.words495" starttime="1697.61" endtime="1697.61" punc="true">.</w>
   <w nite:id="ES2012b.B.words496" starttime="1702.3" endtime="1703.12">And</w>
   <w nite:id="ES2012b.B.words497" starttime="1703.12" endtime="1703.46">um</w>
   <disfmarker nite:id="ES2012b.B.words498" starttime="1703.46" endtime="1703.46"/>
   <w nite:id="ES2012b.B.words499" starttime="1703.46" endtime="1704.93">oops</w>
   <w nite:id="ES2012b.B.words500" starttime="1704.93" endtime="1704.93" punc="true">.</w>
   <w nite:id="ES2012b.B.words501" starttime="1704.93" endtime="1705.42">Uh-huh</w>
   <w nite:id="ES2012b.B.words502" starttime="1705.42" endtime="1705.42" punc="true">.</w>
   <w nite:id="ES2012b.B.words503" starttime="1707.03" endtime="1707.12">This</w>
   <w nite:id="ES2012b.B.words504" starttime="1707.12" endtime="1707.18">is</w>
   <w nite:id="ES2012b.B.words505" starttime="1707.18" endtime="1707.34">just</w>
   <w nite:id="ES2012b.B.words506" starttime="1707.34" endtime="1707.47">sort</w>
   <w nite:id="ES2012b.B.words507" starttime="1707.47" endtime="1707.54">of</w>
   <w nite:id="ES2012b.B.words508" starttime="1707.54" endtime="1707.6">a</w>
   <w nite:id="ES2012b.B.words509" starttime="1707.6" endtime="1708.02">little</w>
   <w nite:id="ES2012b.B.words510" starttime="1708.02" endtime="1708.46">schematic</w>
   <w nite:id="ES2012b.B.words511" starttime="1708.46" endtime="1709.09">diagram</w>
   <w nite:id="ES2012b.B.words512" starttime="1709.09" endtime="1709.33">of</w>
   <w nite:id="ES2012b.B.words513" starttime="1709.33" endtime="1709.47">what</w>
   <w nite:id="ES2012b.B.words514" starttime="1709.47" endtime="1709.57">we&#39;re</w>
   <w nite:id="ES2012b.B.words515" starttime="1709.57" endtime="1709.78">looking</w>
   <w nite:id="ES2012b.B.words516" starttime="1709.78" endtime="1710.1">for</w>
   <w nite:id="ES2012b.B.words517" starttime="1710.1" endtime="1710.1" punc="true">.</w>
   <w nite:id="ES2012b.B.words518" starttime="1710.1" endtime="1710.5">Uh</w>
   <w nite:id="ES2012b.B.words519" starttime="1710.5" endtime="1710.8">this</w>
   <w nite:id="ES2012b.B.words520" starttime="1710.8" endtime="1710.97">just</w>
   <w nite:id="ES2012b.B.words521" starttime="1710.97" endtime="1711.12">kinda</w>
   <w nite:id="ES2012b.B.words522" starttime="1711.12" endtime="1711.5">represents</w>
   <w nite:id="ES2012b.B.words523" starttime="1711.5" endtime="1711.59">the</w>
   <w nite:id="ES2012b.B.words524" starttime="1711.59" endtime="1711.88">energy</w>
   <w nite:id="ES2012b.B.words525" starttime="1711.88" endtime="1712.37">source</w>
   <w nite:id="ES2012b.B.words526" starttime="1712.37" endtime="1712.59">which</w>
   <w nite:id="ES2012b.B.words527" starttime="1712.59" endtime="1712.88">feeds</w>
   <w nite:id="ES2012b.B.words528" starttime="1712.88" endtime="1713.17">into</w>
   <w nite:id="ES2012b.B.words529" starttime="1713.17" endtime="1713.36">the</w>
   <w nite:id="ES2012b.B.words530" starttime="1713.36" endtime="1713.67">circuit</w>
   <w nite:id="ES2012b.B.words531" starttime="1713.67" endtime="1714.49">chip</w>
   <w nite:id="ES2012b.B.words532" starttime="1714.49" endtime="1714.92">uh</w>
   <w nite:id="ES2012b.B.words533" starttime="1714.92" endtime="1715.36">which</w>
   <w nite:id="ES2012b.B.words534" starttime="1715.36" endtime="1715.59">maybe</w>
   <w nite:id="ES2012b.B.words535" starttime="1715.59" endtime="1715.69">then</w>
   <w nite:id="ES2012b.B.words536" starttime="1715.69" endtime="1715.75">we</w>
   <w nite:id="ES2012b.B.words537" starttime="1715.75" endtime="1715.84">could</w>
   <w nite:id="ES2012b.B.words538" starttime="1715.84" endtime="1715.95">have</w>
   <w nite:id="ES2012b.B.words539" starttime="1715.95" endtime="1716.11">that</w>
   <w nite:id="ES2012b.B.words540" starttime="1716.11" endtime="1716.26">feed</w>
   <w nite:id="ES2012b.B.words541" starttime="1716.26" endtime="1716.46">into</w>
   <w nite:id="ES2012b.B.words542" starttime="1716.46" endtime="1716.56">a</w>
   <w nite:id="ES2012b.B.words543" starttime="1716.56" endtime="1717.01">switch</w>
   <w nite:id="ES2012b.B.words544" starttime="1717.01" endtime="1717.24">which</w>
   <w nite:id="ES2012b.B.words545" starttime="1717.24" endtime="1717.41">would</w>
   <w nite:id="ES2012b.B.words546" starttime="1717.41" endtime="1717.85">send</w>
   <w nite:id="ES2012b.B.words547" starttime="1717.85" endtime="1718.43">signals</w>
   <w nite:id="ES2012b.B.words548" starttime="1718.43" endtime="1718.58" trunc="true">f</w>
   <w nite:id="ES2012b.B.words549" starttime="1718.58" endtime="1718.92">to</w>
   <w nite:id="ES2012b.B.words550" starttime="1718.92" endtime="1719.83">um</w>
   <vocalsound nite:id="ES2012b.B.words551" starttime="1719.83" endtime="1719.83" type="other"/>
   <w nite:id="ES2012b.B.words552" starttime="1719.83" endtime="1719.93">a</w>
   <w nite:id="ES2012b.B.words553" starttime="1719.93" endtime="1721.29">subcomponent</w>
   <w nite:id="ES2012b.B.words554" starttime="1721.29" endtime="1721.48">and</w>
   <w nite:id="ES2012b.B.words555" starttime="1721.48" endtime="1721.61">on</w>
   <w nite:id="ES2012b.B.words556" starttime="1721.61" endtime="1721.74">to</w>
   <w nite:id="ES2012b.B.words557" starttime="1721.74" endtime="1721.8">a</w>
   <w nite:id="ES2012b.B.words558" starttime="1721.8" endtime="1722.0">light</w>
   <w nite:id="ES2012b.B.words559" starttime="1722.0" endtime="1722.21">bulb</w>
   <w nite:id="ES2012b.B.words560" starttime="1722.21" endtime="1722.47">between</w>
   <disfmarker nite:id="ES2012b.B.words561" starttime="1722.47" endtime="1722.47"/>
   <w nite:id="ES2012b.B.words562" starttime="1722.47" endtime="1722.67">so</w>
   <w nite:id="ES2012b.B.words563" starttime="1722.67" endtime="1722.94">it&#39;ll</w>
   <w nite:id="ES2012b.B.words564" starttime="1722.94" endtime="1723.15">light</w>
   <w nite:id="ES2012b.B.words565" starttime="1723.15" endtime="1723.42">up</w>
   <w nite:id="ES2012b.B.words566" starttime="1723.42" endtime="1723.84">once</w>
   <w nite:id="ES2012b.B.words567" starttime="1723.84" endtime="1724.0">we</w>
   <w nite:id="ES2012b.B.words568" starttime="1724.0" endtime="1724.26">start</w>
   <disfmarker nite:id="ES2012b.B.words569" starttime="1724.26" endtime="1724.26"/>
   <w nite:id="ES2012b.B.words570" starttime="1724.26" endtime="1724.4">once</w>
   <w nite:id="ES2012b.B.words571" starttime="1724.4" endtime="1724.47">you</w>
   <w nite:id="ES2012b.B.words572" starttime="1724.47" endtime="1724.7">start</w>
   <w nite:id="ES2012b.B.words573" starttime="1724.7" endtime="1725.01">pressing</w>
   <w nite:id="ES2012b.B.words574" starttime="1725.01" endtime="1725.75">buttons</w>
   <w nite:id="ES2012b.B.words575" starttime="1725.75" endtime="1725.75" punc="true">.</w>
   <w nite:id="ES2012b.B.words576" starttime="1725.75" endtime="1726.35">Um</w>
   <w nite:id="ES2012b.B.words577" starttime="1726.35" endtime="1726.87">also</w>
   <w nite:id="ES2012b.B.words578" starttime="1726.87" endtime="1727.16">send</w>
   <w nite:id="ES2012b.B.words579" starttime="1727.16" endtime="1727.75">signals</w>
   <w nite:id="ES2012b.B.words580" starttime="1727.75" endtime="1728.06">to</w>
   <w nite:id="ES2012b.B.words581" starttime="1728.06" endtime="1728.34">the</w>
   <w nite:id="ES2012b.B.words582" starttime="1728.34" endtime="1728.89">um</w>
   <w nite:id="ES2012b.B.words583" starttime="1728.89" endtime="1729.39">infrared</w>
   <w nite:id="ES2012b.B.words584" starttime="1729.39" endtime="1729.77">bulb</w>
   <w nite:id="ES2012b.B.words585" starttime="1729.77" endtime="1729.77" punc="true">,</w>
   <w nite:id="ES2012b.B.words586" starttime="1729.77" endtime="1730.02">which</w>
   <w nite:id="ES2012b.B.words587" starttime="1730.02" endtime="1730.16">will</w>
   <w nite:id="ES2012b.B.words588" starttime="1730.16" endtime="1730.28">be</w>
   <w nite:id="ES2012b.B.words589" starttime="1730.28" endtime="1730.37">the</w>
   <w nite:id="ES2012b.B.words590" starttime="1730.37" endtime="1730.55">part</w>
   <w nite:id="ES2012b.B.words591" starttime="1730.55" endtime="1730.64">that</w>
   <w nite:id="ES2012b.B.words592" starttime="1730.64" endtime="1731.65">actually</w>
   <disfmarker nite:id="ES2012b.B.words593" starttime="1731.65" endtime="1731.65"/>
   <vocalsound nite:id="ES2012b.B.words594" starttime="1731.65" endtime="1731.65" type="other"/>
   <w nite:id="ES2012b.B.words595" starttime="1731.65" endtime="1732.62">what</w>
   <w nite:id="ES2012b.B.words596" starttime="1732.62" endtime="1732.62" punc="true">?</w>
   <w nite:id="ES2012b.B.words597" starttime="1732.62" endtime="1732.99">Sends</w>
   <w nite:id="ES2012b.B.words598" starttime="1732.99" endtime="1733.58">signals</w>
   <w nite:id="ES2012b.B.words599" starttime="1733.58" endtime="1734.02">to</w>
   <w nite:id="ES2012b.B.words600" starttime="1734.02" endtime="1734.86">the</w>
   <w nite:id="ES2012b.B.words601" starttime="1734.86" endtime="1734.98">the</w>
   <w nite:id="ES2012b.B.words602" starttime="1734.98" endtime="1735.65">television</w>
   <w nite:id="ES2012b.B.words603" starttime="1735.65" endtime="1735.65" punc="true">.</w>
   <w nite:id="ES2012b.B.words604" starttime="1735.65" endtime="1735.86">And</w>
   <w nite:id="ES2012b.B.words605" starttime="1735.86" endtime="1736.03">then</w>
   <w nite:id="ES2012b.B.words606" starttime="1736.03" endtime="1736.18">you&#39;ve</w>
   <w nite:id="ES2012b.B.words607" starttime="1736.18" endtime="1736.39">got</w>
   <w nite:id="ES2012b.B.words608" starttime="1736.39" endtime="1736.59">your</w>
   <w nite:id="ES2012b.B.words609" starttime="1736.59" endtime="1736.85">happy</w>
   <w nite:id="ES2012b.B.words610" starttime="1736.85" endtime="1737.03">little</w>
   <w nite:id="ES2012b.B.words611" starttime="1737.03" endtime="1737.29">T_V_</w>
   <w nite:id="ES2012b.B.words612" starttime="1737.29" endtime="1737.61">watcher</w>
   <w nite:id="ES2012b.B.words613" starttime="1737.61" endtime="1737.87">there</w>
   <w nite:id="ES2012b.B.words614" starttime="1737.87" endtime="1737.87" punc="true">.</w>
   <w nite:id="ES2012b.B.words615" starttime="1741.01" endtime="1741.74">And</w>
   <w nite:id="ES2012b.B.words616" starttime="1741.74" endtime="1742.05">so</w>
   <w nite:id="ES2012b.B.words617" starttime="1742.05" endtime="1742.2">my</w>
   <w nite:id="ES2012b.B.words618" starttime="1742.2" endtime="1742.59">personal</w>
   <w nite:id="ES2012b.B.words619" starttime="1742.59" endtime="1743.22">preferences</w>
   <disfmarker nite:id="ES2012b.B.words620" starttime="1743.22" endtime="1743.22"/>
   <w nite:id="ES2012b.B.words621" starttime="1743.22" endtime="1743.57">I</w>
   <w nite:id="ES2012b.B.words622" starttime="1743.57" endtime="1743.65">I</w>
   <w nite:id="ES2012b.B.words623" starttime="1743.65" endtime="1743.77">just</w>
   <w nite:id="ES2012b.B.words624" starttime="1743.77" endtime="1743.89">think</w>
   <w nite:id="ES2012b.B.words625" starttime="1743.89" endtime="1743.96">we</w>
   <w nite:id="ES2012b.B.words626" starttime="1743.96" endtime="1744.07">need</w>
   <w nite:id="ES2012b.B.words627" starttime="1744.07" endtime="1744.33">sorta</w>
   <w nite:id="ES2012b.B.words628" starttime="1744.33" endtime="1744.68">big</w>
   <w nite:id="ES2012b.B.words629" starttime="1744.68" endtime="1745.36">uh</w>
   <w nite:id="ES2012b.B.words630" starttime="1745.36" endtime="1745.68">energy</w>
   <w nite:id="ES2012b.B.words631" starttime="1745.68" endtime="1746.0">source</w>
   <w nite:id="ES2012b.B.words632" starttime="1746.0" endtime="1746.11">that</w>
   <w nite:id="ES2012b.B.words633" starttime="1746.11" endtime="1746.28">won&#39;t</w>
   <w nite:id="ES2012b.B.words634" starttime="1746.28" endtime="1746.53">die</w>
   <w nite:id="ES2012b.B.words635" starttime="1746.53" endtime="1746.81">out</w>
   <w nite:id="ES2012b.B.words636" starttime="1746.81" endtime="1746.81" punc="true">,</w>
   <w nite:id="ES2012b.B.words637" starttime="1746.81" endtime="1747.04">uh</w>
   <w nite:id="ES2012b.B.words638" starttime="1747.04" endtime="1747.34">perhaps</w>
   <w nite:id="ES2012b.B.words639" starttime="1747.34" endtime="1747.48">some</w>
   <w nite:id="ES2012b.B.words640" starttime="1747.48" endtime="1747.64">sort</w>
   <w nite:id="ES2012b.B.words641" starttime="1747.64" endtime="1747.74">of</w>
   <w nite:id="ES2012b.B.words642" starttime="1747.74" endtime="1748.31">rechargeable</w>
   <w nite:id="ES2012b.B.words643" starttime="1748.31" endtime="1748.79">battery</w>
   <w nite:id="ES2012b.B.words644" starttime="1748.79" endtime="1749.37">or</w>
   <w nite:id="ES2012b.B.words645" starttime="1749.37" endtime="1749.72">a</w>
   <w nite:id="ES2012b.B.words646" starttime="1749.72" endtime="1749.98">battery</w>
   <w nite:id="ES2012b.B.words647" starttime="1749.98" endtime="1750.24">dock</w>
   <w nite:id="ES2012b.B.words648" starttime="1750.24" endtime="1750.31">you</w>
   <w nite:id="ES2012b.B.words649" starttime="1750.31" endtime="1750.42">could</w>
   <w nite:id="ES2012b.B.words650" starttime="1750.42" endtime="1750.7">place</w>
   <w nite:id="ES2012b.B.words651" starttime="1750.7" endtime="1750.77">it</w>
   <w nite:id="ES2012b.B.words652" starttime="1750.77" endtime="1750.85">in</w>
   <w nite:id="ES2012b.B.words653" starttime="1750.85" endtime="1750.85" punc="true">,</w>
   <w nite:id="ES2012b.B.words654" starttime="1750.85" endtime="1750.92">so</w>
   <w nite:id="ES2012b.B.words655" starttime="1750.92" endtime="1751.04">it&#39;d</w>
   <w nite:id="ES2012b.B.words656" starttime="1751.04" endtime="1751.48">constantly</w>
   <w nite:id="ES2012b.B.words657" starttime="1751.48" endtime="1751.59">be</w>
   <w nite:id="ES2012b.B.words658" starttime="1751.59" endtime="1751.95">charged</w>
   <w nite:id="ES2012b.B.words659" starttime="1751.95" endtime="1751.95" punc="true">,</w>
   <w nite:id="ES2012b.B.words660" starttime="1751.95" endtime="1752.01">so</w>
   <w nite:id="ES2012b.B.words661" starttime="1752.01" endtime="1752.07">you</w>
   <w nite:id="ES2012b.B.words662" starttime="1752.07" endtime="1752.29">wouldn&#39;t</w>
   <w nite:id="ES2012b.B.words663" starttime="1752.29" endtime="1752.47">have</w>
   <w nite:id="ES2012b.B.words664" starttime="1752.47" endtime="1753.27">to</w>
   <w nite:id="ES2012b.B.words665" starttime="1753.27" endtime="1754.16">uh</w>
   <w nite:id="ES2012b.B.words666" starttime="1754.16" endtime="1754.35">be</w>
   <w nite:id="ES2012b.B.words667" starttime="1754.35" endtime="1754.62">worrying</w>
   <w nite:id="ES2012b.B.words668" starttime="1754.62" endtime="1754.76">about</w>
   <w nite:id="ES2012b.B.words669" starttime="1754.76" endtime="1754.84">it</w>
   <w nite:id="ES2012b.B.words670" starttime="1754.84" endtime="1755.02">running</w>
   <w nite:id="ES2012b.B.words671" starttime="1755.02" endtime="1755.09">out</w>
   <w nite:id="ES2012b.B.words672" starttime="1755.09" endtime="1755.17">of</w>
   <w nite:id="ES2012b.B.words673" starttime="1755.17" endtime="1755.55">batteries</w>
   <w nite:id="ES2012b.B.words674" starttime="1755.55" endtime="1755.64">and</w>
   <w nite:id="ES2012b.B.words675" starttime="1755.64" endtime="1755.81">not</w>
   <w nite:id="ES2012b.B.words676" starttime="1755.81" endtime="1756.16">changing</w>
   <w nite:id="ES2012b.B.words677" starttime="1756.16" endtime="1756.48">channels</w>
   <w nite:id="ES2012b.B.words678" starttime="1756.48" endtime="1756.7">for</w>
   <w nite:id="ES2012b.B.words679" starttime="1756.7" endtime="1757.3">you</w>
   <w nite:id="ES2012b.B.words680" starttime="1757.3" endtime="1757.3" punc="true">.</w>
   <w nite:id="ES2012b.B.words681" starttime="1757.3" endtime="1757.59">Uh</w>
   <w nite:id="ES2012b.B.words682" starttime="1757.59" endtime="1757.7">a</w>
   <w nite:id="ES2012b.B.words683" starttime="1757.7" endtime="1757.98">wide</w>
   <w nite:id="ES2012b.B.words684" starttime="1757.98" endtime="1758.5">range</w>
   <w nite:id="ES2012b.B.words685" starttime="1758.5" endtime="1758.74">uh</w>
   <w nite:id="ES2012b.B.words686" starttime="1758.74" endtime="1759.55">sender-receiver</w>
   <w nite:id="ES2012b.B.words687" starttime="1759.55" endtime="1759.55" punc="true">,</w>
   <w nite:id="ES2012b.B.words688" starttime="1759.55" endtime="1759.72">so</w>
   <w nite:id="ES2012b.B.words689" starttime="1759.72" endtime="1759.83">that</w>
   <w nite:id="ES2012b.B.words690" starttime="1759.83" endtime="1759.91">you</w>
   <w nite:id="ES2012b.B.words691" starttime="1759.91" endtime="1760.02">can</w>
   <w nite:id="ES2012b.B.words692" starttime="1760.02" endtime="1760.14">hit</w>
   <w nite:id="ES2012b.B.words693" starttime="1760.14" endtime="1760.21">the</w>
   <w nite:id="ES2012b.B.words694" starttime="1760.21" endtime="1760.57">buttons</w>
   <w nite:id="ES2012b.B.words695" starttime="1760.57" endtime="1760.73">from</w>
   <w nite:id="ES2012b.B.words696" starttime="1760.73" endtime="1761.52">basically</w>
   <w nite:id="ES2012b.B.words697" starttime="1761.52" endtime="1761.96">anywhere</w>
   <w nite:id="ES2012b.B.words698" starttime="1761.96" endtime="1762.05">in</w>
   <w nite:id="ES2012b.B.words699" starttime="1762.05" endtime="1762.17">the</w>
   <w nite:id="ES2012b.B.words700" starttime="1762.17" endtime="1762.48">room</w>
   <w nite:id="ES2012b.B.words701" starttime="1762.48" endtime="1762.48" punc="true">,</w>
   <w nite:id="ES2012b.B.words702" starttime="1762.48" endtime="1762.73">and</w>
   <w nite:id="ES2012b.B.words703" starttime="1762.73" endtime="1762.81">the</w>
   <w nite:id="ES2012b.B.words704" starttime="1762.81" endtime="1763.21">channel&#39;ll</w>
   <w nite:id="ES2012b.B.words705" starttime="1763.21" endtime="1763.71">still</w>
   <w nite:id="ES2012b.B.words706" starttime="1763.71" endtime="1763.84">be</w>
   <w nite:id="ES2012b.B.words707" starttime="1763.84" endtime="1764.98">changed</w>
   <w nite:id="ES2012b.B.words708" starttime="1764.98" endtime="1764.98" punc="true">.</w>
   <w nite:id="ES2012b.B.words709" starttime="1764.98" endtime="1765.44">Uh</w>
   <w nite:id="ES2012b.B.words710" starttime="1765.44" endtime="1765.8">also</w>
   <w nite:id="ES2012b.B.words711" starttime="1765.8" endtime="1766.36">definitely</w>
   <w nite:id="ES2012b.B.words712" starttime="1766.36" endtime="1766.5">a</w>
   <w nite:id="ES2012b.B.words713" starttime="1766.5" endtime="1767.08">user-friendly</w>
   <w nite:id="ES2012b.B.words714" starttime="1767.08" endtime="1768.61">interface</w>
   <vocalsound nite:id="ES2012b.B.words715" starttime="1768.61" endtime="1768.61" type="other"/>
   <w nite:id="ES2012b.B.words716" starttime="1768.61" endtime="1769.05">um</w>
   <w nite:id="ES2012b.B.words717" starttime="1769.05" endtime="1769.38">and</w>
   <w nite:id="ES2012b.B.words718" starttime="1769.38" endtime="1769.42">I</w>
   <w nite:id="ES2012b.B.words719" starttime="1769.42" endtime="1769.56">think</w>
   <w nite:id="ES2012b.B.words720" starttime="1769.56" endtime="1769.68">we&#39;ve</w>
   <w nite:id="ES2012b.B.words721" starttime="1769.68" endtime="1769.82">all</w>
   <w nite:id="ES2012b.B.words722" starttime="1769.82" endtime="1769.95">sort</w>
   <w nite:id="ES2012b.B.words723" starttime="1769.95" endtime="1770.03">of</w>
   <w nite:id="ES2012b.B.words724" starttime="1770.03" endtime="1770.41">mentioned</w>
   <w nite:id="ES2012b.B.words725" starttime="1770.41" endtime="1770.74">adding</w>
   <w nite:id="ES2012b.B.words726" starttime="1770.74" endtime="1771.13">a</w>
   <w nite:id="ES2012b.B.words727" starttime="1771.13" endtime="1771.24">a</w>
   <w nite:id="ES2012b.B.words728" starttime="1771.24" endtime="1771.61">locating</w>
   <w nite:id="ES2012b.B.words729" starttime="1771.61" endtime="1771.93">device</w>
   <w nite:id="ES2012b.B.words730" starttime="1771.93" endtime="1772.07">on</w>
   <w nite:id="ES2012b.B.words731" starttime="1772.07" endtime="1772.17">it</w>
   <w nite:id="ES2012b.B.words732" starttime="1772.17" endtime="1772.17" punc="true">,</w>
   <w nite:id="ES2012b.B.words733" starttime="1772.17" endtime="1772.33">so</w>
   <w nite:id="ES2012b.B.words734" starttime="1772.33" endtime="1772.42">when</w>
   <w nite:id="ES2012b.B.words735" starttime="1772.42" endtime="1772.5">it</w>
   <w nite:id="ES2012b.B.words736" starttime="1772.5" endtime="1772.7">does</w>
   <w nite:id="ES2012b.B.words737" starttime="1772.7" endtime="1772.91">get</w>
   <w nite:id="ES2012b.B.words738" starttime="1772.91" endtime="1773.18">stuck</w>
   <w nite:id="ES2012b.B.words739" starttime="1773.18" endtime="1773.33">under</w>
   <w nite:id="ES2012b.B.words740" starttime="1773.33" endtime="1773.39">the</w>
   <w nite:id="ES2012b.B.words741" starttime="1773.39" endtime="1773.65">couch</w>
   <w nite:id="ES2012b.B.words742" starttime="1773.65" endtime="1774.01">cushions</w>
   <w nite:id="ES2012b.B.words743" starttime="1774.01" endtime="1774.01" punc="true">,</w>
   <w nite:id="ES2012b.B.words744" starttime="1774.01" endtime="1774.16">as</w>
   <w nite:id="ES2012b.B.words745" starttime="1774.16" endtime="1774.26">they</w>
   <w nite:id="ES2012b.B.words746" starttime="1774.26" endtime="1774.64">inevitably</w>
   <w nite:id="ES2012b.B.words747" starttime="1774.64" endtime="1774.87">do</w>
   <w nite:id="ES2012b.B.words748" starttime="1774.87" endtime="1774.87" punc="true">,</w>
   <w nite:id="ES2012b.B.words749" starttime="1774.87" endtime="1775.02">you</w>
   <w nite:id="ES2012b.B.words750" starttime="1775.02" endtime="1775.17">can</w>
   <w nite:id="ES2012b.B.words751" starttime="1775.17" endtime="1775.43">find</w>
   <w nite:id="ES2012b.B.words752" starttime="1775.43" endtime="1775.56">them</w>
   <w nite:id="ES2012b.B.words753" starttime="1775.56" endtime="1780.53">easily</w>
   <w nite:id="ES2012b.B.words754" starttime="1780.53" endtime="1780.53" punc="true">.</w>
   <w nite:id="ES2012b.B.words755" starttime="1780.53" endtime="1780.87">And</w>
   <w nite:id="ES2012b.B.words756" starttime="1780.87" endtime="1781.04">that&#39;s</w>
   <w nite:id="ES2012b.B.words757" starttime="1781.04" endtime="1781.2">pretty</w>
   <w nite:id="ES2012b.B.words758" starttime="1781.2" endtime="1781.36">much</w>
   <w nite:id="ES2012b.B.words759" starttime="1781.36" endtime="1781.69">it</w>
   <w nite:id="ES2012b.B.words760" starttime="1781.69" endtime="1781.69" punc="true">.</w>
   <w nite:id="ES2012b.B.words761" starttime="1789.17" endtime="1789.52">Mm</w>
   <w nite:id="ES2012b.B.words762" starttime="1789.52" endtime="1789.52" punc="true">.</w>
   <gap nite:id="ES2012b.B.words763" starttime="1789.52" endtime="1789.928"/>
   <w nite:id="ES2012b.B.words764" starttime="1794.15" endtime="1794.33">Mm</w>
   <w nite:id="ES2012b.B.words765" starttime="1794.33" endtime="1794.33" punc="true">.</w>
   <vocalsound nite:id="ES2012b.B.words766" starttime="1817.696" endtime="1818.432" type="laugh"/>
   <w nite:id="ES2012b.B.words767" starttime="1838.39" endtime="1838.65">Mm</w>
   <w nite:id="ES2012b.B.words768" starttime="1838.65" endtime="1838.65" punc="true">.</w>
   <w nite:id="ES2012b.B.words769" starttime="1848.4" endtime="1848.56">Just</w>
   <w nite:id="ES2012b.B.words770" starttime="1848.56" endtime="1848.75">having</w>
   <w nite:id="ES2012b.B.words771" starttime="1848.75" endtime="1848.88">one</w>
   <w nite:id="ES2012b.B.words772" starttime="1848.88" endtime="1849.03">that&#39;s</w>
   <w nite:id="ES2012b.B.words773" starttime="1849.03" endtime="1849.58">guaranteed</w>
   <w nite:id="ES2012b.B.words774" starttime="1849.58" endtime="1849.69">to</w>
   <w nite:id="ES2012b.B.words775" starttime="1849.69" endtime="1850.08">last</w>
   <w nite:id="ES2012b.B.words776" starttime="1850.08" endtime="1850.29">five</w>
   <w nite:id="ES2012b.B.words777" starttime="1850.29" endtime="1850.36">to</w>
   <w nite:id="ES2012b.B.words778" starttime="1850.36" endtime="1850.54">ten</w>
   <w nite:id="ES2012b.B.words779" starttime="1850.54" endtime="1851.31">years</w>
   <w nite:id="ES2012b.B.words780" starttime="1851.31" endtime="1851.31" punc="true">?</w>
   <w nite:id="ES2012b.B.words781" starttime="1851.31" endtime="1851.94">Oh</w>
   <w nite:id="ES2012b.B.words782" starttime="1851.94" endtime="1851.94" punc="true">,</w>
   <w nite:id="ES2012b.B.words783" starttime="1851.94" endtime="1852.2">cool</w>
   <w nite:id="ES2012b.B.words784" starttime="1852.2" endtime="1852.2" punc="true">.</w>
   <vocalsound nite:id="ES2012b.B.words785" starttime="1853.12" endtime="1853.12" type="laugh"/>
   <w nite:id="ES2012b.B.words786" starttime="1854.45" endtime="1854.65">Yeah</w>
   <w nite:id="ES2012b.B.words787" starttime="1854.65" endtime="1854.65" punc="true">,</w>
   <w nite:id="ES2012b.B.words788" starttime="1854.65" endtime="1854.8">fair</w>
   <w nite:id="ES2012b.B.words789" starttime="1854.8" endtime="1855.62">enough</w>
   <w nite:id="ES2012b.B.words790" starttime="1855.62" endtime="1855.62" punc="true">.</w>
   <w nite:id="ES2012b.B.words791" starttime="1882.79" endtime="1883.41">Mm</w>
   <w nite:id="ES2012b.B.words792" starttime="1883.41" endtime="1883.41" punc="true">,</w>
   <w nite:id="ES2012b.B.words793" starttime="1883.41" endtime="1883.77">mm</w>
   <w nite:id="ES2012b.B.words794" starttime="1883.77" endtime="1883.77" punc="true">.</w>
   <w nite:id="ES2012b.B.words795" starttime="1886.73" endtime="1887.02">Mm</w>
   <w nite:id="ES2012b.B.words796" starttime="1887.02" endtime="1887.33">yeah</w>
   <vocalsound nite:id="ES2012b.B.words797" starttime="1887.33" endtime="1887.33" type="other"/>
   <w nite:id="ES2012b.B.words798" starttime="1887.33" endtime="1887.33" punc="true">.</w>
   <w nite:id="ES2012b.B.words799" starttime="1891.92" endtime="1892.16">Mm-mm</w>
   <w nite:id="ES2012b.B.words800" starttime="1892.16" endtime="1892.16" punc="true">.</w>
   <w nite:id="ES2012b.B.words801" starttime="1898.78" endtime="1899.32">Mm</w>
   <w nite:id="ES2012b.B.words802" starttime="1899.32" endtime="1899.32" punc="true">.</w>
   <w nite:id="ES2012b.B.words803" starttime="1905.03" endtime="1905.17">&#39;Cause</w>
   <w nite:id="ES2012b.B.words804" starttime="1905.17" endtime="1905.28">I</w>
   <w nite:id="ES2012b.B.words805" starttime="1905.28" endtime="1905.44">only</w>
   <w nite:id="ES2012b.B.words806" starttime="1905.44" endtime="1905.69">remember</w>
   <w nite:id="ES2012b.B.words807" starttime="1905.69" endtime="1905.76">to</w>
   <w nite:id="ES2012b.B.words808" starttime="1905.76" endtime="1906.07">charge</w>
   <w nite:id="ES2012b.B.words809" starttime="1906.07" endtime="1906.49">my</w>
   <w nite:id="ES2012b.B.words810" starttime="1906.49" endtime="1906.72">cell</w>
   <w nite:id="ES2012b.B.words811" starttime="1906.72" endtime="1907.08">phone</w>
   <w nite:id="ES2012b.B.words812" starttime="1907.08" endtime="1907.39">uh</w>
   <w nite:id="ES2012b.B.words813" starttime="1907.39" endtime="1907.56">when</w>
   <w nite:id="ES2012b.B.words814" starttime="1907.56" endtime="1907.82">battery</w>
   <w nite:id="ES2012b.B.words815" starttime="1907.82" endtime="1908.62">dies</w>
   <w nite:id="ES2012b.B.words816" starttime="1908.62" endtime="1908.62" punc="true">.</w>
   <vocalsound nite:id="ES2012b.B.words817" starttime="1908.62" endtime="1908.62" type="laugh"/>
   <w nite:id="ES2012b.B.words818" starttime="1908.62" endtime="1908.75">And</w>
   <w nite:id="ES2012b.B.words819" starttime="1908.75" endtime="1909.08">that&#39;s</w>
   <w nite:id="ES2012b.B.words820" starttime="1909.08" endtime="1909.31">pretty</w>
   <w nite:id="ES2012b.B.words821" starttime="1909.31" endtime="1910.08">much</w>
   <disfmarker nite:id="ES2012b.B.words822" starttime="1910.08" endtime="1910.08"/>
   <w nite:id="ES2012b.B.words823" starttime="1910.08" endtime="1910.99">yeah</w>
   <w nite:id="ES2012b.B.words824" starttime="1910.99" endtime="1910.99" punc="true">.</w>
   <w nite:id="ES2012b.B.words825" starttime="1910.99" endtime="1911.27">Yeah</w>
   <w nite:id="ES2012b.B.words826" starttime="1911.27" endtime="1911.27" punc="true">,</w>
   <w nite:id="ES2012b.B.words827" starttime="1911.27" endtime="1911.4">when</w>
   <w nite:id="ES2012b.B.words828" starttime="1911.4" endtime="1911.52">it</w>
   <w nite:id="ES2012b.B.words829" starttime="1911.52" endtime="1911.73">turns</w>
   <w nite:id="ES2012b.B.words830" starttime="1911.73" endtime="1912.03">itself</w>
   <w nite:id="ES2012b.B.words831" starttime="1912.03" endtime="1912.26">off</w>
   <w nite:id="ES2012b.B.words832" starttime="1912.26" endtime="1912.26" punc="true">,</w>
   <w nite:id="ES2012b.B.words833" starttime="1912.26" endtime="1912.44">that&#39;s</w>
   <w nite:id="ES2012b.B.words834" starttime="1912.44" endtime="1912.53">when</w>
   <w nite:id="ES2012b.B.words835" starttime="1912.53" endtime="1912.58">I</w>
   <w nite:id="ES2012b.B.words836" starttime="1912.58" endtime="1912.81">plug</w>
   <w nite:id="ES2012b.B.words837" starttime="1912.81" endtime="1912.87">it</w>
   <w nite:id="ES2012b.B.words838" starttime="1912.87" endtime="1913.57">in</w>
   <w nite:id="ES2012b.B.words839" starttime="1913.57" endtime="1913.57" punc="true">,</w>
   <w nite:id="ES2012b.B.words840" starttime="1913.57" endtime="1915.03">yeah</w>
   <w nite:id="ES2012b.B.words841" starttime="1915.03" endtime="1915.03" punc="true">.</w>
   <vocalsound nite:id="ES2012b.B.words842" starttime="1915.03" endtime="1915.232" type="laugh"/>
   <w nite:id="ES2012b.B.words843" starttime="1921.83" endtime="1922.79">Yeah</w>
   <w nite:id="ES2012b.B.words844" starttime="1922.79" endtime="1922.79" punc="true">,</w>
   <w nite:id="ES2012b.B.words845" starttime="1922.79" endtime="1922.93">think</w>
   <w nite:id="ES2012b.B.words846" starttime="1922.93" endtime="1923.12">that&#39;s</w>
   <w nite:id="ES2012b.B.words847" starttime="1923.12" endtime="1923.17">a</w>
   <w nite:id="ES2012b.B.words848" starttime="1923.17" endtime="1923.29">good</w>
   <w nite:id="ES2012b.B.words849" starttime="1923.29" endtime="1923.89">idea</w>
   <w nite:id="ES2012b.B.words850" starttime="1923.89" endtime="1923.89" punc="true">.</w>
   <w nite:id="ES2012b.B.words851" starttime="1930.01" endtime="1930.81">Mm</w>
   <w nite:id="ES2012b.B.words852" starttime="1930.81" endtime="1930.81" punc="true">.</w>
   <vocalsound nite:id="ES2012b.B.words853" starttime="1949.844" endtime="1950.547" type="laugh"/>
   <w nite:id="ES2012b.B.words854" starttime="1954.66" endtime="1954.84">They</w>
   <w nite:id="ES2012b.B.words855" starttime="1954.84" endtime="1955.08">usually</w>
   <w nite:id="ES2012b.B.words856" starttime="1955.08" endtime="1955.24">have</w>
   <w nite:id="ES2012b.B.words857" starttime="1955.24" endtime="1955.32">the</w>
   <w nite:id="ES2012b.B.words858" starttime="1955.32" endtime="1955.74">little</w>
   <w nite:id="ES2012b.B.words859" starttime="1955.74" endtime="1956.42">light</w>
   <w nite:id="ES2012b.B.words860" starttime="1956.42" endtime="1958.01">uh</w>
   <vocalsound nite:id="ES2012b.B.words861" starttime="1958.01" endtime="1958.01" type="other"/>
   <w nite:id="ES2012b.B.words862" starttime="1958.01" endtime="1958.47">source</w>
   <w nite:id="ES2012b.B.words863" starttime="1958.47" endtime="1958.47" punc="true">,</w>
   <w nite:id="ES2012b.B.words864" starttime="1958.47" endtime="1958.55">I</w>
   <w nite:id="ES2012b.B.words865" starttime="1958.55" endtime="1958.74">dunno</w>
   <w nite:id="ES2012b.B.words866" starttime="1958.74" endtime="1958.86">what</w>
   <w nite:id="ES2012b.B.words867" starttime="1958.86" endtime="1958.94">the</w>
   <w nite:id="ES2012b.B.words868" starttime="1958.94" endtime="1959.11">heck</w>
   <w nite:id="ES2012b.B.words869" starttime="1959.11" endtime="1959.22">they&#39;re</w>
   <w nite:id="ES2012b.B.words870" starttime="1959.22" endtime="1959.56">called</w>
   <w nite:id="ES2012b.B.words871" starttime="1959.56" endtime="1959.56" punc="true">,</w>
   <w nite:id="ES2012b.B.words872" starttime="1959.56" endtime="1959.74">the</w>
   <disfmarker nite:id="ES2012b.B.words873" starttime="1959.74" endtime="1959.74"/>
   <w nite:id="ES2012b.B.words874" starttime="1959.74" endtime="1959.92">but</w>
   <w nite:id="ES2012b.B.words875" starttime="1959.92" endtime="1960.19">yeah</w>
   <w nite:id="ES2012b.B.words876" starttime="1960.19" endtime="1960.19" punc="true">,</w>
   <w nite:id="ES2012b.B.words877" starttime="1960.19" endtime="1960.26">the</w>
   <w nite:id="ES2012b.B.words878" starttime="1960.26" endtime="1960.44">little</w>
   <w nite:id="ES2012b.B.words879" starttime="1960.44" endtime="1960.99">cells</w>
   <w nite:id="ES2012b.B.words880" starttime="1960.99" endtime="1961.33">that</w>
   <disfmarker nite:id="ES2012b.B.words881" starttime="1961.33" endtime="1961.504"/>
   <w nite:id="ES2012b.B.words882" starttime="1962.28" endtime="1962.63">Yeah</w>
   <w nite:id="ES2012b.B.words883" starttime="1962.63" endtime="1962.63" punc="true">.</w>
   <w nite:id="ES2012b.B.words884" starttime="1965.04" endtime="1965.87">Mm</w>
   <w nite:id="ES2012b.B.words885" starttime="1965.87" endtime="1965.87" punc="true">.</w>
   <w nite:id="ES2012b.B.words886" starttime="1968.58" endtime="1968.81">Most</w>
   <w nite:id="ES2012b.B.words887" starttime="1968.81" endtime="1968.87">of</w>
   <w nite:id="ES2012b.B.words888" starttime="1968.87" endtime="1968.96">them</w>
   <w nite:id="ES2012b.B.words889" starttime="1968.96" endtime="1968.96" punc="true">,</w>
   <w nite:id="ES2012b.B.words890" starttime="1968.96" endtime="1969.1">don&#39;t</w>
   <w nite:id="ES2012b.B.words891" starttime="1969.1" endtime="1969.18">they</w>
   <w nite:id="ES2012b.B.words892" starttime="1969.18" endtime="1969.35">have</w>
   <w nite:id="ES2012b.B.words893" starttime="1969.35" endtime="1969.48">sort</w>
   <w nite:id="ES2012b.B.words894" starttime="1969.48" endtime="1969.54">of</w>
   <w nite:id="ES2012b.B.words895" starttime="1969.54" endtime="1969.6">a</w>
   <w nite:id="ES2012b.B.words896" starttime="1969.6" endtime="1970.14">combination</w>
   <w nite:id="ES2012b.B.words897" starttime="1970.14" endtime="1970.2">of</w>
   <w nite:id="ES2012b.B.words898" starttime="1970.2" endtime="1970.27">the</w>
   <w nite:id="ES2012b.B.words899" starttime="1970.27" endtime="1970.52">two</w>
   <w nite:id="ES2012b.B.words900" starttime="1970.52" endtime="1970.52" punc="true">,</w>
   <w nite:id="ES2012b.B.words901" starttime="1970.52" endtime="1970.68">like</w>
   <w nite:id="ES2012b.B.words902" starttime="1970.68" endtime="1970.78">when</w>
   <w nite:id="ES2012b.B.words903" starttime="1970.78" endtime="1970.93">there</w>
   <w nite:id="ES2012b.B.words904" starttime="1970.93" endtime="1971.11">is</w>
   <w nite:id="ES2012b.B.words905" starttime="1971.11" endtime="1971.34">light</w>
   <w nite:id="ES2012b.B.words906" starttime="1971.34" endtime="1971.34" punc="true">,</w>
   <w nite:id="ES2012b.B.words907" starttime="1971.34" endtime="1971.52">they&#39;ll</w>
   <w nite:id="ES2012b.B.words908" starttime="1971.52" endtime="1971.8">work</w>
   <w nite:id="ES2012b.B.words909" starttime="1971.8" endtime="1971.98">off</w>
   <w nite:id="ES2012b.B.words910" starttime="1971.98" endtime="1972.08">the</w>
   <w nite:id="ES2012b.B.words911" starttime="1972.08" endtime="1972.38">light</w>
   <w nite:id="ES2012b.B.words912" starttime="1972.38" endtime="1972.38" punc="true">,</w>
   <w nite:id="ES2012b.B.words913" starttime="1972.38" endtime="1972.59">and</w>
   <w nite:id="ES2012b.B.words914" starttime="1972.59" endtime="1972.7">if</w>
   <w nite:id="ES2012b.B.words915" starttime="1972.7" endtime="1972.87">there</w>
   <w nite:id="ES2012b.B.words916" starttime="1972.87" endtime="1973.24">isn&#39;t</w>
   <w nite:id="ES2012b.B.words917" starttime="1973.24" endtime="1973.24" punc="true">,</w>
   <w nite:id="ES2012b.B.words918" starttime="1973.24" endtime="1973.54">they&#39;ll</w>
   <w nite:id="ES2012b.B.words919" starttime="1973.54" endtime="1973.74">kick</w>
   <w nite:id="ES2012b.B.words920" starttime="1973.74" endtime="1973.91">into</w>
   <w nite:id="ES2012b.B.words921" starttime="1973.91" endtime="1974.07">this</w>
   <w nite:id="ES2012b.B.words922" starttime="1974.07" endtime="1974.47">battery</w>
   <w nite:id="ES2012b.B.words923" starttime="1974.47" endtime="1974.47" punc="true">,</w>
   <w nite:id="ES2012b.B.words924" starttime="1974.47" endtime="1974.55">so</w>
   <w nite:id="ES2012b.B.words925" starttime="1974.55" endtime="1974.63">we</w>
   <w nite:id="ES2012b.B.words926" starttime="1974.63" endtime="1974.72">can</w>
   <w nite:id="ES2012b.B.words927" starttime="1974.72" endtime="1974.86">maybe</w>
   <w nite:id="ES2012b.B.words928" starttime="1974.86" endtime="1975.01">do</w>
   <w nite:id="ES2012b.B.words929" starttime="1975.01" endtime="1975.6">something</w>
   <w nite:id="ES2012b.B.words930" starttime="1975.6" endtime="1975.86">like</w>
   <w nite:id="ES2012b.B.words931" starttime="1975.86" endtime="1976.08">that</w>
   <w nite:id="ES2012b.B.words932" starttime="1976.08" endtime="1976.34">whereas</w>
   <w nite:id="ES2012b.B.words933" starttime="1976.34" endtime="1976.51">there</w>
   <w nite:id="ES2012b.B.words934" starttime="1976.51" endtime="1976.61">is</w>
   <w nite:id="ES2012b.B.words935" starttime="1976.61" endtime="1976.7">a</w>
   <w nite:id="ES2012b.B.words936" starttime="1976.7" endtime="1977.51">battery</w>
   <w nite:id="ES2012b.B.words937" starttime="1977.51" endtime="1977.51" punc="true">,</w>
   <w nite:id="ES2012b.B.words938" starttime="1977.51" endtime="1977.64">but</w>
   <w nite:id="ES2012b.B.words939" starttime="1977.64" endtime="1977.79">if</w>
   <w nite:id="ES2012b.B.words940" starttime="1977.79" endtime="1978.01">there&#39;s</w>
   <w nite:id="ES2012b.B.words941" starttime="1978.01" endtime="1978.27">enough</w>
   <w nite:id="ES2012b.B.words942" starttime="1978.27" endtime="1978.77">light</w>
   <w nite:id="ES2012b.B.words943" starttime="1978.77" endtime="1978.77" punc="true">,</w>
   <w nite:id="ES2012b.B.words944" starttime="1978.77" endtime="1978.92">then</w>
   <w nite:id="ES2012b.B.words945" starttime="1978.92" endtime="1979.22">it&#39;s</w>
   <w nite:id="ES2012b.B.words946" starttime="1979.22" endtime="1979.55">using</w>
   <w nite:id="ES2012b.B.words947" starttime="1979.55" endtime="1979.65">the</w>
   <w nite:id="ES2012b.B.words948" starttime="1979.65" endtime="1979.93">light</w>
   <w nite:id="ES2012b.B.words949" starttime="1979.93" endtime="1979.93" punc="true">,</w>
   <w nite:id="ES2012b.B.words950" starttime="1979.93" endtime="1979.99">so</w>
   <w nite:id="ES2012b.B.words951" starttime="1979.99" endtime="1980.08">that</w>
   <w nite:id="ES2012b.B.words952" starttime="1980.08" endtime="1980.21">it&#39;s</w>
   <w nite:id="ES2012b.B.words953" starttime="1980.21" endtime="1980.42">not</w>
   <w nite:id="ES2012b.B.words954" starttime="1980.42" endtime="1980.65">actually</w>
   <w nite:id="ES2012b.B.words955" starttime="1980.65" endtime="1980.92">draining</w>
   <w nite:id="ES2012b.B.words956" starttime="1980.92" endtime="1981.0">the</w>
   <w nite:id="ES2012b.B.words957" starttime="1981.0" endtime="1981.47">battery</w>
   <w nite:id="ES2012b.B.words958" starttime="1981.47" endtime="1981.66">all</w>
   <w nite:id="ES2012b.B.words959" starttime="1981.66" endtime="1981.72">the</w>
   <w nite:id="ES2012b.B.words960" starttime="1981.72" endtime="1982.24">time</w>
   <w nite:id="ES2012b.B.words961" starttime="1982.24" endtime="1982.24" punc="true">,</w>
   <w nite:id="ES2012b.B.words962" starttime="1982.24" endtime="1982.38">but</w>
   <w nite:id="ES2012b.B.words963" starttime="1982.38" endtime="1982.47">you</w>
   <w nite:id="ES2012b.B.words964" starttime="1982.47" endtime="1982.67">will</w>
   <w nite:id="ES2012b.B.words965" starttime="1982.67" endtime="1982.81">have</w>
   <w nite:id="ES2012b.B.words966" starttime="1982.81" endtime="1982.89">the</w>
   <w nite:id="ES2012b.B.words967" starttime="1982.89" endtime="1983.19">battery</w>
   <w nite:id="ES2012b.B.words968" starttime="1983.19" endtime="1983.53">there</w>
   <w nite:id="ES2012b.B.words969" starttime="1983.53" endtime="1984.41">for</w>
   <w nite:id="ES2012b.B.words970" starttime="1984.41" endtime="1984.54">when</w>
   <w nite:id="ES2012b.B.words971" starttime="1984.54" endtime="1984.61">you</w>
   <w nite:id="ES2012b.B.words972" starttime="1984.61" endtime="1984.78">need</w>
   <w nite:id="ES2012b.B.words973" starttime="1984.78" endtime="1984.91">it</w>
   <w nite:id="ES2012b.B.words974" starttime="1984.91" endtime="1984.91" punc="true">.</w>
   <w nite:id="ES2012b.B.words975" starttime="1986.62" endtime="1987.4">Mm</w>
   <w nite:id="ES2012b.B.words976" starttime="1987.4" endtime="1987.4" punc="true">.</w>
   <w nite:id="ES2012b.B.words977" starttime="1991.64" endtime="1992.37">Mm</w>
   <w nite:id="ES2012b.B.words978" starttime="1992.37" endtime="1992.37" punc="true">.</w>
   <w nite:id="ES2012b.B.words979" starttime="1999.8" endtime="1999.89">Oh</w>
   <w nite:id="ES2012b.B.words980" starttime="1999.89" endtime="1999.89" punc="true">,</w>
   <w nite:id="ES2012b.B.words981" starttime="1999.89" endtime="1999.97">it</w>
   <w nite:id="ES2012b.B.words982" starttime="1999.97" endtime="2000.23" trunc="true">depend</w>
   <w nite:id="ES2012b.B.words983" starttime="2000.23" endtime="2000.34">if</w>
   <w nite:id="ES2012b.B.words984" starttime="2000.34" endtime="2001.24">it&#39;s</w>
   <disfmarker nite:id="ES2012b.B.words985" starttime="2001.24" endtime="2001.24"/>
   <w nite:id="ES2012b.B.words986" starttime="2001.24" endtime="2001.31">uh</w>
   <w nite:id="ES2012b.B.words987" starttime="2001.31" endtime="2001.67">depends</w>
   <w nite:id="ES2012b.B.words988" starttime="2001.67" endtime="2001.84">who</w>
   <w nite:id="ES2012b.B.words989" starttime="2001.84" endtime="2002.14">who&#39;s</w>
   <w nite:id="ES2012b.B.words990" starttime="2002.14" endtime="2002.48">using</w>
   <w nite:id="ES2012b.B.words991" starttime="2002.48" endtime="2002.58">it</w>
   <w nite:id="ES2012b.B.words992" starttime="2002.58" endtime="2002.58" punc="true">,</w>
   <w nite:id="ES2012b.B.words993" starttime="2002.58" endtime="2002.72">who&#39;s</w>
   <w nite:id="ES2012b.B.words994" starttime="2002.72" endtime="2002.89">just</w>
   <w nite:id="ES2012b.B.words995" starttime="2002.89" endtime="2003.07">sitting</w>
   <w nite:id="ES2012b.B.words996" starttime="2003.07" endtime="2003.21">there</w>
   <w nite:id="ES2012b.B.words997" starttime="2003.21" endtime="2003.63">clicking</w>
   <w nite:id="ES2012b.B.words998" starttime="2003.63" endtime="2004.0">clicking</w>
   <w nite:id="ES2012b.B.words999" starttime="2004.0" endtime="2004.33">clicking</w>
   <w nite:id="ES2012b.B.words1000" starttime="2004.33" endtime="2005.19">clicking</w>
   <w nite:id="ES2012b.B.words1001" starttime="2005.19" endtime="2005.19" punc="true">,</w>
   <w nite:id="ES2012b.B.words1002" starttime="2005.19" endtime="2006.31">yeah</w>
   <w nite:id="ES2012b.B.words1003" starttime="2006.31" endtime="2006.31" punc="true">.</w>
   <w nite:id="ES2012b.B.words1004" starttime="2006.31" endtime="2006.92">Yeah</w>
   <w nite:id="ES2012b.B.words1005" starttime="2006.92" endtime="2006.92" punc="true">,</w>
   <vocalsound nite:id="ES2012b.B.words1006" starttime="2006.92" endtime="2006.92" type="laugh"/>
   <w nite:id="ES2012b.B.words1007" starttime="2006.92" endtime="2007.11">then</w>
   <w nite:id="ES2012b.B.words1008" starttime="2007.11" endtime="2007.23">they&#39;re</w>
   <w nite:id="ES2012b.B.words1009" starttime="2007.23" endtime="2007.53">clicking</w>
   <w nite:id="ES2012b.B.words1010" starttime="2007.53" endtime="2007.61">a</w>
   <w nite:id="ES2012b.B.words1011" starttime="2007.61" endtime="2007.8">lot</w>
   <w nite:id="ES2012b.B.words1012" starttime="2007.8" endtime="2007.8" punc="true">,</w>
   <w nite:id="ES2012b.B.words1013" starttime="2007.8" endtime="2008.58">yeah</w>
   <w nite:id="ES2012b.B.words1014" starttime="2008.58" endtime="2008.58" punc="true">.</w>
   <vocalsound nite:id="ES2012b.B.words1015" starttime="2008.58" endtime="2008.688" type="laugh"/>
   <w nite:id="ES2012b.B.words1016" starttime="2019.37" endtime="2024.74">Yeah</w>
   <w nite:id="ES2012b.B.words1017" starttime="2024.74" endtime="2024.74" punc="true">.</w>
   <vocalsound nite:id="ES2012b.B.words1018" starttime="2024.74" endtime="2024.74" type="laugh"/>
   <w nite:id="ES2012b.B.words1019" starttime="2024.74" endtime="2024.99">Yeah</w>
   <w nite:id="ES2012b.B.words1020" starttime="2024.99" endtime="2024.99" punc="true">.</w>
   <w nite:id="ES2012b.B.words1021" starttime="2037.04" endtime="2038.16">Yeah</w>
   <w nite:id="ES2012b.B.words1022" starttime="2038.16" endtime="2038.16" punc="true">.</w>
   <w nite:id="ES2012b.B.words1023" starttime="2038.16" endtime="2038.8">Yeah</w>
   <w nite:id="ES2012b.B.words1024" starttime="2038.8" endtime="2038.8" punc="true">.</w>
   <w nite:id="ES2012b.B.words1025" starttime="2045.16" endtime="2045.54">Mm</w>
   <w nite:id="ES2012b.B.words1026" starttime="2045.54" endtime="2045.54" punc="true">.</w>
   <w nite:id="ES2012b.B.words1027" starttime="2061.88" endtime="2062.49">Mm</w>
   <w nite:id="ES2012b.B.words1028" starttime="2062.49" endtime="2062.49" punc="true">.</w>
   <vocalsound nite:id="ES2012b.B.words1029" starttime="2075.616" endtime="2077.12" type="laugh"/>
   <w nite:id="ES2012b.B.words1030" starttime="2174.55" endtime="2175.54">Yep</w>
   <w nite:id="ES2012b.B.words1031" starttime="2175.54" endtime="2175.54" punc="true">.</w>
   <w nite:id="ES2012b.B.words1032" starttime="2175.54" endtime="2175.81">Hmm</w>
   <w nite:id="ES2012b.B.words1033" starttime="2175.81" endtime="2175.81" punc="true">.</w>
   <w nite:id="ES2012b.B.words1034" starttime="2191.98" endtime="2192.64">Mm</w>
   <w nite:id="ES2012b.B.words1035" starttime="2192.64" endtime="2192.64" punc="true">.</w>
   <w nite:id="ES2012b.B.words1036" starttime="2203.24" endtime="2203.52">Mm</w>
   <w nite:id="ES2012b.B.words1037" starttime="2203.52" endtime="2203.52" punc="true">.</w>
   <w nite:id="ES2012b.B.words1038" starttime="2206.45" endtime="2207.65">Yeah</w>
   <w nite:id="ES2012b.B.words1039" starttime="2207.65" endtime="2207.65" punc="true">.</w>
   <vocalsound nite:id="ES2012b.B.words1040" starttime="2207.65" endtime="2207.838" type="laugh"/>
   <w nite:id="ES2012b.B.words1041" starttime="2208.62" endtime="2208.99">Okay</w>
   <w nite:id="ES2012b.B.words1042" starttime="2208.99" endtime="2208.99" punc="true">.</w>
   <vocalsound nite:id="ES2012b.B.words1043" starttime="2218.162" endtime="2218.953" type="laugh"/>
   <w nite:id="ES2012b.B.words1044" starttime="2228.01" endtime="2228.25">Cool</w>
   <w nite:id="ES2012b.B.words1045" starttime="2228.25" endtime="2228.25" punc="true">.</w>
</nite:root>