<?xml version="1.0" encoding="ISO-8859-1" standalone="yes"?>
<nite:root nite:id="ES2012b.C.words" xmlns:nite="http://nite.sourceforge.net/">
   <w nite:id="ES2012b.C.words0" starttime="75.73" endtime="75.97">Sorry</w>
   <w nite:id="ES2012b.C.words1" starttime="75.97" endtime="75.97" punc="true">.</w>
   <vocalsound nite:id="ES2012b.C.words2" starttime="361.096" endtime="361.99" type="laugh"/>
   <vocalsound nite:id="ES2012b.C.words3" starttime="660.112" endtime="663.424" type="laugh"/>
   <w nite:id="ES2012b.C.words4" starttime="781.7" endtime="781.82">It</w>
   <w nite:id="ES2012b.C.words5" starttime="781.82" endtime="782.16">could</w>
   <w nite:id="ES2012b.C.words6" starttime="782.16" endtime="782.74">be</w>
   <disfmarker nite:id="ES2012b.C.words7" starttime="782.74" endtime="782.74"/>
   <w nite:id="ES2012b.C.words8" starttime="782.74" endtime="782.94">oh</w>
   <w nite:id="ES2012b.C.words9" starttime="782.94" endtime="784.2">uh</w>
   <w nite:id="ES2012b.C.words10" starttime="784.2" endtime="784.34">I</w>
   <w nite:id="ES2012b.C.words11" starttime="784.34" endtime="784.46">was</w>
   <w nite:id="ES2012b.C.words12" starttime="784.46" endtime="784.63">just</w>
   <w nite:id="ES2012b.C.words13" starttime="784.63" endtime="784.83">gonna</w>
   <w nite:id="ES2012b.C.words14" starttime="784.83" endtime="785.13">say</w>
   <w nite:id="ES2012b.C.words15" starttime="785.13" endtime="785.37">uh</w>
   <w nite:id="ES2012b.C.words16" starttime="785.37" endtime="785.94">maybe</w>
   <w nite:id="ES2012b.C.words17" starttime="785.94" endtime="786.35">like</w>
   <w nite:id="ES2012b.C.words18" starttime="786.35" endtime="786.73">the</w>
   <w nite:id="ES2012b.C.words19" starttime="786.73" endtime="787.14">flip</w>
   <w nite:id="ES2012b.C.words20" starttime="787.14" endtime="787.51">phones</w>
   <w nite:id="ES2012b.C.words21" starttime="787.51" endtime="787.66">that</w>
   <w nite:id="ES2012b.C.words22" starttime="787.66" endtime="787.83">they</w>
   <w nite:id="ES2012b.C.words23" starttime="787.83" endtime="788.18">use</w>
   <w nite:id="ES2012b.C.words24" starttime="788.18" endtime="788.18" punc="true">?</w>
   <w nite:id="ES2012b.C.words25" starttime="788.18" endtime="788.28">Have</w>
   <w nite:id="ES2012b.C.words26" starttime="788.28" endtime="788.4">you</w>
   <w nite:id="ES2012b.C.words27" starttime="788.4" endtime="788.61">seen</w>
   <w nite:id="ES2012b.C.words28" starttime="788.61" endtime="788.71">the</w>
   <w nite:id="ES2012b.C.words29" starttime="788.71" endtime="788.87">new</w>
   <w nite:id="ES2012b.C.words30" starttime="788.87" endtime="789.09" trunc="true">mo</w>
   <w nite:id="ES2012b.C.words31" starttime="789.09" endtime="789.49">mobile</w>
   <w nite:id="ES2012b.C.words32" starttime="789.49" endtime="789.76">phones</w>
   <w nite:id="ES2012b.C.words33" starttime="789.76" endtime="789.9">that</w>
   <w nite:id="ES2012b.C.words34" starttime="789.9" endtime="790.15">flip</w>
   <w nite:id="ES2012b.C.words35" starttime="790.15" endtime="790.44">out</w>
   <w nite:id="ES2012b.C.words36" starttime="790.44" endtime="790.56">and</w>
   <w nite:id="ES2012b.C.words37" starttime="790.56" endtime="790.64">they</w>
   <w nite:id="ES2012b.C.words38" starttime="790.64" endtime="790.97">have</w>
   <w nite:id="ES2012b.C.words39" starttime="790.97" endtime="791.67">the</w>
   <w nite:id="ES2012b.C.words40" starttime="791.67" endtime="791.89">like</w>
   <w nite:id="ES2012b.C.words41" starttime="791.89" endtime="792.4">texting</w>
   <w nite:id="ES2012b.C.words42" starttime="792.4" endtime="792.4" punc="true">,</w>
   <w nite:id="ES2012b.C.words43" starttime="792.4" endtime="792.51">and</w>
   <w nite:id="ES2012b.C.words44" starttime="792.51" endtime="792.65">then</w>
   <w nite:id="ES2012b.C.words45" starttime="792.65" endtime="792.73">the</w>
   <w nite:id="ES2012b.C.words46" starttime="792.73" endtime="793.07">numbers</w>
   <w nite:id="ES2012b.C.words47" starttime="793.07" endtime="793.22">on</w>
   <w nite:id="ES2012b.C.words48" starttime="793.22" endtime="793.36">one</w>
   <w nite:id="ES2012b.C.words49" starttime="793.36" endtime="793.66">side</w>
   <w nite:id="ES2012b.C.words50" starttime="793.66" endtime="793.66" punc="true">,</w>
   <w nite:id="ES2012b.C.words51" starttime="793.66" endtime="793.9">so</w>
   <w nite:id="ES2012b.C.words52" starttime="793.9" endtime="794.01">you</w>
   <w nite:id="ES2012b.C.words53" starttime="794.01" endtime="794.18">could</w>
   <w nite:id="ES2012b.C.words54" starttime="794.18" endtime="794.56">have</w>
   <w nite:id="ES2012b.C.words55" starttime="794.56" endtime="795.07">the</w>
   <w nite:id="ES2012b.C.words56" starttime="795.07" endtime="795.69">most</w>
   <vocalsound nite:id="ES2012b.C.words57" starttime="795.69" endtime="795.69" type="other"/>
   <w nite:id="ES2012b.C.words58" starttime="795.69" endtime="796.27">used</w>
   <w nite:id="ES2012b.C.words59" starttime="796.27" endtime="796.59">buttons</w>
   <w nite:id="ES2012b.C.words60" starttime="796.59" endtime="796.74">on</w>
   <w nite:id="ES2012b.C.words61" starttime="796.74" endtime="797.09">top</w>
   <w nite:id="ES2012b.C.words62" starttime="797.09" endtime="798.4">and</w>
   <w nite:id="ES2012b.C.words63" starttime="798.4" endtime="798.71">flip</w>
   <w nite:id="ES2012b.C.words64" starttime="798.71" endtime="798.78">it</w>
   <w nite:id="ES2012b.C.words65" starttime="798.78" endtime="799.03">out</w>
   <w nite:id="ES2012b.C.words66" starttime="799.03" endtime="799.15">or</w>
   <w nite:id="ES2012b.C.words67" starttime="799.15" endtime="800.8">something</w>
   <w nite:id="ES2012b.C.words68" starttime="800.8" endtime="800.8" punc="true">.</w>
   <w nite:id="ES2012b.C.words69" starttime="800.8" endtime="801.29">Yeah</w>
   <w nite:id="ES2012b.C.words70" starttime="801.29" endtime="801.29" punc="true">.</w>
   <w nite:id="ES2012b.C.words71" starttime="811.7" endtime="811.88">That</w>
   <w nite:id="ES2012b.C.words72" starttime="811.88" endtime="812.16">might</w>
   <w nite:id="ES2012b.C.words73" starttime="812.16" endtime="812.33">be</w>
   <w nite:id="ES2012b.C.words74" starttime="812.33" endtime="813.55">the</w>
   <disfmarker nite:id="ES2012b.C.words75" starttime="813.55" endtime="813.712"/>
   <w nite:id="ES2012b.C.words76" starttime="903.7" endtime="904.01">Maybe</w>
   <w nite:id="ES2012b.C.words77" starttime="904.01" endtime="904.06" trunc="true">i</w>
   <w nite:id="ES2012b.C.words78" starttime="906.66" endtime="906.85">Yeah</w>
   <w nite:id="ES2012b.C.words79" starttime="906.85" endtime="906.85" punc="true">,</w>
   <w nite:id="ES2012b.C.words80" starttime="906.85" endtime="907.04">have</w>
   <w nite:id="ES2012b.C.words81" starttime="907.04" endtime="907.14">a</w>
   <w nite:id="ES2012b.C.words82" starttime="907.14" endtime="907.3">big</w>
   <w nite:id="ES2012b.C.words83" starttime="907.3" endtime="907.48">kind</w>
   <w nite:id="ES2012b.C.words84" starttime="907.48" endtime="907.61">of</w>
   <w nite:id="ES2012b.C.words85" starttime="907.61" endtime="907.81">like</w>
   <w nite:id="ES2012b.C.words86" starttime="907.81" endtime="907.92">the</w>
   <w nite:id="ES2012b.C.words87" starttime="907.92" endtime="908.63">satellite</w>
   <w nite:id="ES2012b.C.words88" starttime="908.63" endtime="908.98">box</w>
   <w nite:id="ES2012b.C.words89" starttime="908.98" endtime="909.09">or</w>
   <w nite:id="ES2012b.C.words90" starttime="909.09" endtime="909.19">the</w>
   <w nite:id="ES2012b.C.words91" starttime="909.19" endtime="909.49">cable</w>
   <w nite:id="ES2012b.C.words92" starttime="909.49" endtime="909.82">box</w>
   <w nite:id="ES2012b.C.words93" starttime="909.82" endtime="909.95">and</w>
   <w nite:id="ES2012b.C.words94" starttime="909.95" endtime="910.11">have</w>
   <w nite:id="ES2012b.C.words95" starttime="910.11" endtime="910.68">it</w>
   <w nite:id="ES2012b.C.words96" starttime="910.68" endtime="910.89">just</w>
   <w nite:id="ES2012b.C.words97" starttime="910.89" endtime="911.05">go</w>
   <w nite:id="ES2012b.C.words98" starttime="911.05" endtime="911.31">on</w>
   <w nite:id="ES2012b.C.words99" starttime="911.31" endtime="911.42">the</w>
   <w nite:id="ES2012b.C.words100" starttime="911.42" endtime="911.95">T_V_</w>
   <w nite:id="ES2012b.C.words101" starttime="911.95" endtime="912.13">and</w>
   <w nite:id="ES2012b.C.words102" starttime="912.13" endtime="912.3">then</w>
   <w nite:id="ES2012b.C.words103" starttime="912.3" endtime="912.4">it</w>
   <w nite:id="ES2012b.C.words104" starttime="912.4" endtime="912.62">doesn&#39;t</w>
   <w nite:id="ES2012b.C.words105" starttime="912.62" endtime="912.91">matter</w>
   <w nite:id="ES2012b.C.words106" starttime="912.91" endtime="913.07">where</w>
   <w nite:id="ES2012b.C.words107" starttime="913.07" endtime="913.17">in</w>
   <w nite:id="ES2012b.C.words108" starttime="913.17" endtime="913.28">the</w>
   <w nite:id="ES2012b.C.words109" starttime="913.28" endtime="913.53">room</w>
   <w nite:id="ES2012b.C.words110" starttime="913.53" endtime="913.67">you</w>
   <w nite:id="ES2012b.C.words111" starttime="913.67" endtime="914.08">are</w>
   <w nite:id="ES2012b.C.words112" starttime="914.08" endtime="914.08" punc="true">,</w>
   <w nite:id="ES2012b.C.words113" starttime="914.08" endtime="914.22">you</w>
   <w nite:id="ES2012b.C.words114" starttime="914.22" endtime="914.46">won&#39;t</w>
   <w nite:id="ES2012b.C.words115" starttime="914.46" endtime="914.78">lose</w>
   <w nite:id="ES2012b.C.words116" starttime="914.78" endtime="915.06">it</w>
   <w nite:id="ES2012b.C.words117" starttime="915.06" endtime="915.06" punc="true">.</w>
   <w nite:id="ES2012b.C.words118" starttime="919.46" endtime="920.21">No</w>
   <w nite:id="ES2012b.C.words119" starttime="920.21" endtime="920.21" punc="true">.</w>
   <vocalsound nite:id="ES2012b.C.words120" starttime="923.355" endtime="923.355" type="other"/>
   <w nite:id="ES2012b.C.words121" starttime="923.76" endtime="926.07">Oh</w>
   <w nite:id="ES2012b.C.words122" starttime="926.07" endtime="926.07" punc="true">.</w>
   <vocalsound nite:id="ES2012b.C.words123" starttime="926.07" endtime="926.576" type="laugh"/>
   <w nite:id="ES2012b.C.words124" starttime="932.85" endtime="932.97">Yeah</w>
   <w nite:id="ES2012b.C.words125" starttime="932.97" endtime="932.97" punc="true">,</w>
   <w nite:id="ES2012b.C.words126" starttime="932.97" endtime="933.18">that&#39;s</w>
   <w nite:id="ES2012b.C.words127" starttime="933.18" endtime="933.49">true</w>
   <w nite:id="ES2012b.C.words128" starttime="933.49" endtime="933.49" punc="true">.</w>
   <w nite:id="ES2012b.C.words129" starttime="944.27" endtime="944.6">Yeah</w>
   <w nite:id="ES2012b.C.words130" starttime="944.6" endtime="944.6" punc="true">.</w>
   <vocalsound nite:id="ES2012b.C.words131" starttime="1097.2" endtime="1098.183" type="laugh"/>
   <vocalsound nite:id="ES2012b.C.words132" starttime="1202.288" endtime="1204.384" type="laugh"/>
   <w nite:id="ES2012b.C.words133" starttime="1207.22" endtime="1207.8">Okay</w>
   <w nite:id="ES2012b.C.words134" starttime="1207.8" endtime="1207.98">well</w>
   <w nite:id="ES2012b.C.words135" starttime="1207.98" endtime="1207.98" punc="true">,</w>
   <w nite:id="ES2012b.C.words136" starttime="1207.98" endtime="1208.13">I</w>
   <w nite:id="ES2012b.C.words137" starttime="1208.13" endtime="1208.93">can</w>
   <w nite:id="ES2012b.C.words138" starttime="1208.93" endtime="1209.13">do</w>
   <w nite:id="ES2012b.C.words139" starttime="1209.13" endtime="1209.53">mine</w>
   <w nite:id="ES2012b.C.words140" starttime="1209.53" endtime="1209.53" punc="true">.</w>
   <w nite:id="ES2012b.C.words141" starttime="1211.7" endtime="1212.49">Yeah</w>
   <w nite:id="ES2012b.C.words142" starttime="1212.49" endtime="1212.49" punc="true">,</w>
   <w nite:id="ES2012b.C.words143" starttime="1212.49" endtime="1212.73">let&#39;s</w>
   <w nite:id="ES2012b.C.words144" starttime="1212.73" endtime="1212.8">see</w>
   <w nite:id="ES2012b.C.words145" starttime="1212.8" endtime="1212.92">if</w>
   <w nite:id="ES2012b.C.words146" starttime="1212.92" endtime="1213.01">I</w>
   <w nite:id="ES2012b.C.words147" starttime="1213.01" endtime="1214.46">can</w>
   <w nite:id="ES2012b.C.words148" starttime="1214.46" endtime="1214.65">make</w>
   <w nite:id="ES2012b.C.words149" starttime="1214.65" endtime="1214.95">this</w>
   <w nite:id="ES2012b.C.words150" starttime="1214.95" endtime="1215.4">work</w>
   <w nite:id="ES2012b.C.words151" starttime="1215.4" endtime="1215.4" punc="true">.</w>
   <w nite:id="ES2012b.C.words152" starttime="1215.4" endtime="1216.72">Um</w>
   <w nite:id="ES2012b.C.words153" starttime="1216.72" endtime="1216.72" punc="true">.</w>
   <w nite:id="ES2012b.C.words154" starttime="1238.73" endtime="1239.68">Oh</w>
   <w nite:id="ES2012b.C.words155" starttime="1239.68" endtime="1239.68" punc="true">.</w>
   <w nite:id="ES2012b.C.words156" starttime="1246.02" endtime="1246.12">Is</w>
   <w nite:id="ES2012b.C.words157" starttime="1246.12" endtime="1246.32">it</w>
   <w nite:id="ES2012b.C.words158" starttime="1246.32" endtime="1246.7">doing</w>
   <disfmarker nite:id="ES2012b.C.words159" starttime="1246.7" endtime="1246.736"/>
   <w nite:id="ES2012b.C.words160" starttime="1252.56" endtime="1252.92">Okay</w>
   <w nite:id="ES2012b.C.words161" starttime="1252.92" endtime="1252.92" punc="true">.</w>
   <w nite:id="ES2012b.C.words162" starttime="1254.26" endtime="1254.41">Oh</w>
   <w nite:id="ES2012b.C.words163" starttime="1254.41" endtime="1254.65">okay</w>
   <w nite:id="ES2012b.C.words164" starttime="1254.65" endtime="1254.65" punc="true">.</w>
   <vocalsound nite:id="ES2012b.C.words165" starttime="1261.632" endtime="1261.632" type="other"/>
   <w nite:id="ES2012b.C.words166" starttime="1262.54" endtime="1262.87">Okay</w>
   <w nite:id="ES2012b.C.words167" starttime="1262.87" endtime="1262.87" punc="true">,</w>
   <w nite:id="ES2012b.C.words168" starttime="1262.87" endtime="1263.04">so</w>
   <w nite:id="ES2012b.C.words169" starttime="1263.04" endtime="1263.25">this</w>
   <w nite:id="ES2012b.C.words170" starttime="1263.25" endtime="1263.33">is</w>
   <w nite:id="ES2012b.C.words171" starttime="1263.33" endtime="1263.55">just</w>
   <w nite:id="ES2012b.C.words172" starttime="1263.55" endtime="1263.78">about</w>
   <w nite:id="ES2012b.C.words173" starttime="1263.78" endtime="1263.9">the</w>
   <w nite:id="ES2012b.C.words174" starttime="1263.9" endtime="1264.42">technical</w>
   <w nite:id="ES2012b.C.words175" starttime="1264.42" endtime="1266.34">functions</w>
   <w nite:id="ES2012b.C.words176" starttime="1266.34" endtime="1266.34" punc="true">.</w>
   <w nite:id="ES2012b.C.words177" starttime="1266.34" endtime="1267.06">So</w>
   <w nite:id="ES2012b.C.words178" starttime="1267.06" endtime="1267.17">the</w>
   <w nite:id="ES2012b.C.words179" starttime="1267.17" endtime="1267.54">method</w>
   <w nite:id="ES2012b.C.words180" starttime="1267.54" endtime="1267.54" punc="true">,</w>
   <w nite:id="ES2012b.C.words181" starttime="1267.54" endtime="1267.63">I</w>
   <w nite:id="ES2012b.C.words182" starttime="1267.63" endtime="1267.95">looked</w>
   <w nite:id="ES2012b.C.words183" starttime="1267.95" endtime="1268.73">online</w>
   <w nite:id="ES2012b.C.words184" starttime="1268.73" endtime="1269.19">for</w>
   <w nite:id="ES2012b.C.words185" starttime="1269.19" endtime="1269.64">examples</w>
   <w nite:id="ES2012b.C.words186" starttime="1269.64" endtime="1269.72">of</w>
   <w nite:id="ES2012b.C.words187" starttime="1269.72" endtime="1269.96">other</w>
   <w nite:id="ES2012b.C.words188" starttime="1269.96" endtime="1270.37">similar</w>
   <w nite:id="ES2012b.C.words189" starttime="1270.37" endtime="1270.89">products</w>
   <w nite:id="ES2012b.C.words190" starttime="1270.89" endtime="1271.11">and</w>
   <w nite:id="ES2012b.C.words191" starttime="1271.11" endtime="1271.28">then</w>
   <w nite:id="ES2012b.C.words192" starttime="1271.28" endtime="1271.48">just</w>
   <w nite:id="ES2012b.C.words193" starttime="1271.48" endtime="1271.67">kind</w>
   <w nite:id="ES2012b.C.words194" starttime="1271.67" endtime="1272.23">of</w>
   <w nite:id="ES2012b.C.words195" starttime="1272.23" endtime="1272.33">was</w>
   <w nite:id="ES2012b.C.words196" starttime="1272.33" endtime="1272.57">trying</w>
   <w nite:id="ES2012b.C.words197" starttime="1272.57" endtime="1272.66">to</w>
   <w nite:id="ES2012b.C.words198" starttime="1272.66" endtime="1273.36">brainstorm</w>
   <w nite:id="ES2012b.C.words199" starttime="1273.36" endtime="1273.52">some</w>
   <w nite:id="ES2012b.C.words200" starttime="1273.52" endtime="1273.99">possible</w>
   <w nite:id="ES2012b.C.words201" starttime="1273.99" endtime="1274.41">design</w>
   <w nite:id="ES2012b.C.words202" starttime="1274.41" endtime="1275.28">ideas</w>
   <w nite:id="ES2012b.C.words203" starttime="1275.28" endtime="1276.5">and</w>
   <w nite:id="ES2012b.C.words204" starttime="1276.5" endtime="1277.14">um</w>
   <w nite:id="ES2012b.C.words205" starttime="1277.14" endtime="1277.72">identify</w>
   <w nite:id="ES2012b.C.words206" starttime="1277.72" endtime="1277.94">what</w>
   <w nite:id="ES2012b.C.words207" starttime="1277.94" endtime="1278.04">the</w>
   <w nite:id="ES2012b.C.words208" starttime="1278.04" endtime="1278.89">necessary</w>
   <w nite:id="ES2012b.C.words209" starttime="1278.89" endtime="1279.29">things</w>
   <w nite:id="ES2012b.C.words210" starttime="1279.29" endtime="1279.55">are</w>
   <w nite:id="ES2012b.C.words211" starttime="1279.55" endtime="1279.55" punc="true">,</w>
   <w nite:id="ES2012b.C.words212" starttime="1279.55" endtime="1279.72">what</w>
   <w nite:id="ES2012b.C.words213" starttime="1279.72" endtime="1280.13">people</w>
   <w nite:id="ES2012b.C.words214" starttime="1280.13" endtime="1280.66">are</w>
   <disfmarker nite:id="ES2012b.C.words215" starttime="1280.66" endtime="1280.66"/>
   <w nite:id="ES2012b.C.words216" starttime="1280.66" endtime="1280.87">what</w>
   <w nite:id="ES2012b.C.words217" starttime="1280.87" endtime="1280.96">you</w>
   <w nite:id="ES2012b.C.words218" starttime="1280.96" endtime="1281.25">really</w>
   <w nite:id="ES2012b.C.words219" starttime="1281.25" endtime="1281.45">wanna</w>
   <w nite:id="ES2012b.C.words220" starttime="1281.45" endtime="1281.63">have</w>
   <w nite:id="ES2012b.C.words221" starttime="1281.63" endtime="1281.7">a</w>
   <w nite:id="ES2012b.C.words222" starttime="1281.7" endtime="1282.01">remote</w>
   <w nite:id="ES2012b.C.words223" starttime="1282.01" endtime="1282.39">control</w>
   <w nite:id="ES2012b.C.words224" starttime="1282.39" endtime="1283.13">do</w>
   <w nite:id="ES2012b.C.words225" starttime="1283.13" endtime="1283.13" punc="true">.</w>
   <w nite:id="ES2012b.C.words226" starttime="1283.13" endtime="1283.61">Um</w>
   <w nite:id="ES2012b.C.words227" starttime="1283.61" endtime="1283.72">and</w>
   <w nite:id="ES2012b.C.words228" starttime="1283.72" endtime="1283.83">then</w>
   <w nite:id="ES2012b.C.words229" starttime="1283.83" endtime="1283.97">there</w>
   <w nite:id="ES2012b.C.words230" starttime="1283.97" endtime="1284.03">are</w>
   <w nite:id="ES2012b.C.words231" starttime="1284.03" endtime="1284.18">two</w>
   <w nite:id="ES2012b.C.words232" starttime="1284.18" endtime="1284.46">different</w>
   <w nite:id="ES2012b.C.words233" starttime="1284.46" endtime="1285.14">kinds</w>
   <w nite:id="ES2012b.C.words234" starttime="1285.14" endtime="1285.46">that</w>
   <w nite:id="ES2012b.C.words235" starttime="1285.46" endtime="1285.61">I</w>
   <w nite:id="ES2012b.C.words236" starttime="1285.61" endtime="1286.09">found</w>
   <w nite:id="ES2012b.C.words237" starttime="1286.09" endtime="1286.09" punc="true">.</w>
   <w nite:id="ES2012b.C.words238" starttime="1286.09" endtime="1286.33">There&#39;s</w>
   <w nite:id="ES2012b.C.words239" starttime="1286.33" endtime="1286.41">a</w>
   <w nite:id="ES2012b.C.words240" starttime="1286.41" endtime="1286.82">user</w>
   <w nite:id="ES2012b.C.words241" starttime="1286.82" endtime="1287.25">centred</w>
   <w nite:id="ES2012b.C.words242" starttime="1287.25" endtime="1287.49">one</w>
   <w nite:id="ES2012b.C.words243" starttime="1287.49" endtime="1287.63">and</w>
   <w nite:id="ES2012b.C.words244" starttime="1287.63" endtime="1287.73">an</w>
   <w nite:id="ES2012b.C.words245" starttime="1287.73" endtime="1288.44">engineering</w>
   <w nite:id="ES2012b.C.words246" starttime="1288.44" endtime="1288.86">centred</w>
   <w nite:id="ES2012b.C.words247" starttime="1288.86" endtime="1289.17">one</w>
   <w nite:id="ES2012b.C.words248" starttime="1289.17" endtime="1289.42">which</w>
   <w nite:id="ES2012b.C.words249" starttime="1289.42" endtime="1289.54">I</w>
   <w nite:id="ES2012b.C.words250" starttime="1289.54" endtime="1289.67">will</w>
   <w nite:id="ES2012b.C.words251" starttime="1289.67" endtime="1289.81">have</w>
   <w nite:id="ES2012b.C.words252" starttime="1289.81" endtime="1290.22">pictures</w>
   <w nite:id="ES2012b.C.words253" starttime="1290.22" endtime="1290.47">of</w>
   <w nite:id="ES2012b.C.words254" starttime="1290.47" endtime="1291.27">and</w>
   <w nite:id="ES2012b.C.words255" starttime="1291.27" endtime="1291.44">then</w>
   <w nite:id="ES2012b.C.words256" starttime="1291.44" endtime="1291.58">we</w>
   <w nite:id="ES2012b.C.words257" starttime="1291.58" endtime="1291.82">kinda</w>
   <w nite:id="ES2012b.C.words258" starttime="1291.82" endtime="1291.92">have</w>
   <w nite:id="ES2012b.C.words259" starttime="1291.92" endtime="1292.05">to</w>
   <w nite:id="ES2012b.C.words260" starttime="1292.05" endtime="1292.52">decide</w>
   <w nite:id="ES2012b.C.words261" starttime="1292.52" endtime="1292.73">which</w>
   <w nite:id="ES2012b.C.words262" starttime="1292.73" endtime="1292.97">one</w>
   <w nite:id="ES2012b.C.words263" starttime="1292.97" endtime="1293.11">this</w>
   <w nite:id="ES2012b.C.words264" starttime="1293.11" endtime="1293.39">should</w>
   <w nite:id="ES2012b.C.words265" starttime="1293.39" endtime="1293.84">be</w>
   <w nite:id="ES2012b.C.words266" starttime="1293.84" endtime="1293.84" punc="true">.</w>
   <vocalsound nite:id="ES2012b.C.words267" starttime="1295.469" endtime="1295.469" type="other"/>
   <w nite:id="ES2012b.C.words268" starttime="1295.72" endtime="1296.6">So</w>
   <w nite:id="ES2012b.C.words269" starttime="1296.6" endtime="1296.89">these</w>
   <w nite:id="ES2012b.C.words270" starttime="1296.89" endtime="1297.0">are</w>
   <w nite:id="ES2012b.C.words271" starttime="1297.0" endtime="1297.13">the</w>
   <w nite:id="ES2012b.C.words272" starttime="1297.13" endtime="1299.18">two</w>
   <w nite:id="ES2012b.C.words273" starttime="1299.18" endtime="1299.51">different</w>
   <w nite:id="ES2012b.C.words274" starttime="1299.51" endtime="1300.0">ones</w>
   <w nite:id="ES2012b.C.words275" starttime="1300.0" endtime="1300.0" punc="true">.</w>
   <w nite:id="ES2012b.C.words276" starttime="1300.0" endtime="1300.25">This</w>
   <w nite:id="ES2012b.C.words277" starttime="1300.25" endtime="1300.8">one</w>
   <w nite:id="ES2012b.C.words278" starttime="1300.8" endtime="1301.44">um</w>
   <disfmarker nite:id="ES2012b.C.words279" starttime="1301.44" endtime="1301.44"/>
   <w nite:id="ES2012b.C.words280" starttime="1301.44" endtime="1301.6">this</w>
   <w nite:id="ES2012b.C.words281" starttime="1301.6" endtime="1301.72">is</w>
   <w nite:id="ES2012b.C.words282" starttime="1301.72" endtime="1301.86">the</w>
   <w nite:id="ES2012b.C.words283" starttime="1301.86" endtime="1302.21">user</w>
   <w nite:id="ES2012b.C.words284" starttime="1302.21" endtime="1302.66">centred</w>
   <w nite:id="ES2012b.C.words285" starttime="1302.66" endtime="1302.66" punc="true">,</w>
   <w nite:id="ES2012b.C.words286" starttime="1302.66" endtime="1302.76">it</w>
   <w nite:id="ES2012b.C.words287" starttime="1302.76" endtime="1302.97">has</w>
   <w nite:id="ES2012b.C.words288" starttime="1302.97" endtime="1303.34">uh</w>
   <w nite:id="ES2012b.C.words289" starttime="1303.34" endtime="1303.56">quite</w>
   <w nite:id="ES2012b.C.words290" starttime="1303.56" endtime="1303.61">a</w>
   <w nite:id="ES2012b.C.words291" starttime="1303.61" endtime="1304.49">few</w>
   <w nite:id="ES2012b.C.words292" starttime="1304.49" endtime="1304.57">mm</w>
   <w nite:id="ES2012b.C.words293" starttime="1304.57" endtime="1305.16">uh</w>
   <w nite:id="ES2012b.C.words294" starttime="1305.16" endtime="1305.87">um</w>
   <w nite:id="ES2012b.C.words295" starttime="1305.87" endtime="1306.16">fewer</w>
   <w nite:id="ES2012b.C.words296" starttime="1306.16" endtime="1307.49">buttons</w>
   <w nite:id="ES2012b.C.words297" starttime="1307.49" endtime="1308.05">and</w>
   <w nite:id="ES2012b.C.words298" starttime="1308.05" endtime="1309.33">then</w>
   <w nite:id="ES2012b.C.words299" starttime="1309.33" endtime="1309.51">this</w>
   <w nite:id="ES2012b.C.words300" starttime="1309.51" endtime="1309.62">is</w>
   <w nite:id="ES2012b.C.words301" starttime="1309.62" endtime="1309.71">the</w>
   <w nite:id="ES2012b.C.words302" starttime="1309.71" endtime="1310.45">engineering</w>
   <w nite:id="ES2012b.C.words303" starttime="1310.45" endtime="1310.87">centred</w>
   <w nite:id="ES2012b.C.words304" starttime="1310.87" endtime="1310.87" punc="true">,</w>
   <w nite:id="ES2012b.C.words305" starttime="1310.87" endtime="1311.03">which</w>
   <w nite:id="ES2012b.C.words306" starttime="1311.03" endtime="1311.29">has</w>
   <w nite:id="ES2012b.C.words307" starttime="1311.29" endtime="1311.47">a</w>
   <w nite:id="ES2012b.C.words308" starttime="1311.47" endtime="1311.71">lot</w>
   <w nite:id="ES2012b.C.words309" starttime="1311.71" endtime="1311.94">more</w>
   <w nite:id="ES2012b.C.words310" starttime="1311.94" endtime="1312.46">buttons</w>
   <w nite:id="ES2012b.C.words311" starttime="1312.46" endtime="1312.46" punc="true">,</w>
   <w nite:id="ES2012b.C.words312" starttime="1312.46" endtime="1313.21">and</w>
   <w nite:id="ES2012b.C.words313" starttime="1313.21" endtime="1313.85">probably</w>
   <w nite:id="ES2012b.C.words314" starttime="1313.85" endtime="1314.09">this</w>
   <w nite:id="ES2012b.C.words315" starttime="1314.09" endtime="1314.24">is</w>
   <w nite:id="ES2012b.C.words316" starttime="1314.24" endtime="1314.41">one</w>
   <w nite:id="ES2012b.C.words317" starttime="1314.41" endtime="1314.66">that</w>
   <w nite:id="ES2012b.C.words318" starttime="1314.66" endtime="1314.91">people</w>
   <w nite:id="ES2012b.C.words319" starttime="1314.91" endtime="1315.33">complain</w>
   <w nite:id="ES2012b.C.words320" starttime="1315.33" endtime="1315.59">about</w>
   <w nite:id="ES2012b.C.words321" starttime="1315.59" endtime="1315.59" punc="true">,</w>
   <w nite:id="ES2012b.C.words322" starttime="1315.59" endtime="1315.82">about</w>
   <w nite:id="ES2012b.C.words323" starttime="1315.82" endtime="1316.14">having</w>
   <w nite:id="ES2012b.C.words324" starttime="1316.14" endtime="1316.3">too</w>
   <w nite:id="ES2012b.C.words325" starttime="1316.3" endtime="1316.54">many</w>
   <w nite:id="ES2012b.C.words326" starttime="1316.54" endtime="1317.01">buttons</w>
   <w nite:id="ES2012b.C.words327" starttime="1317.01" endtime="1317.25">that</w>
   <w nite:id="ES2012b.C.words328" starttime="1317.25" endtime="1317.35">you</w>
   <w nite:id="ES2012b.C.words329" starttime="1317.35" endtime="1317.58">don&#39;t</w>
   <w nite:id="ES2012b.C.words330" starttime="1317.58" endtime="1319.28">use</w>
   <w nite:id="ES2012b.C.words331" starttime="1319.28" endtime="1319.28" punc="true">.</w>
   <w nite:id="ES2012b.C.words332" starttime="1319.28" endtime="1320.21">So</w>
   <w nite:id="ES2012b.C.words333" starttime="1320.21" endtime="1321.41">basically</w>
   <w nite:id="ES2012b.C.words334" starttime="1321.41" endtime="1321.41" punc="true">,</w>
   <w nite:id="ES2012b.C.words335" starttime="1321.41" endtime="1321.74">what</w>
   <w nite:id="ES2012b.C.words336" starttime="1321.74" endtime="1321.79">a</w>
   <w nite:id="ES2012b.C.words337" starttime="1321.79" endtime="1322.07">remote</w>
   <w nite:id="ES2012b.C.words338" starttime="1322.07" endtime="1322.55">control</w>
   <w nite:id="ES2012b.C.words339" starttime="1322.55" endtime="1322.8">is</w>
   <w nite:id="ES2012b.C.words340" starttime="1322.8" endtime="1323.01">is</w>
   <w nite:id="ES2012b.C.words341" starttime="1323.01" endtime="1323.61">you</w>
   <disfmarker nite:id="ES2012b.C.words342" starttime="1323.61" endtime="1323.61"/>
   <w nite:id="ES2012b.C.words343" starttime="1323.61" endtime="1323.85">it&#39;s</w>
   <w nite:id="ES2012b.C.words344" starttime="1323.85" endtime="1324.01">to</w>
   <w nite:id="ES2012b.C.words345" starttime="1324.01" endtime="1324.34">send</w>
   <w nite:id="ES2012b.C.words346" starttime="1324.34" endtime="1324.82">messages</w>
   <w nite:id="ES2012b.C.words347" starttime="1324.82" endtime="1324.94">to</w>
   <w nite:id="ES2012b.C.words348" starttime="1324.94" endtime="1325.04">the</w>
   <w nite:id="ES2012b.C.words349" starttime="1325.04" endtime="1325.64">television</w>
   <w nite:id="ES2012b.C.words350" starttime="1325.64" endtime="1326.09">set</w>
   <w nite:id="ES2012b.C.words351" starttime="1326.09" endtime="1326.09" punc="true">,</w>
   <w nite:id="ES2012b.C.words352" starttime="1326.09" endtime="1326.3">you</w>
   <w nite:id="ES2012b.C.words353" starttime="1326.3" endtime="1326.59">know</w>
   <w nite:id="ES2012b.C.words354" starttime="1326.59" endtime="1326.59" punc="true">,</w>
   <w nite:id="ES2012b.C.words355" starttime="1326.59" endtime="1326.85">turn</w>
   <w nite:id="ES2012b.C.words356" starttime="1326.85" endtime="1327.26">on</w>
   <w nite:id="ES2012b.C.words357" starttime="1327.26" endtime="1327.26" punc="true">,</w>
   <w nite:id="ES2012b.C.words358" starttime="1327.26" endtime="1327.9">off</w>
   <w nite:id="ES2012b.C.words359" starttime="1327.9" endtime="1327.9" punc="true">,</w>
   <w nite:id="ES2012b.C.words360" starttime="1327.9" endtime="1328.25">switch</w>
   <w nite:id="ES2012b.C.words361" starttime="1328.25" endtime="1328.33">the</w>
   <w nite:id="ES2012b.C.words362" starttime="1328.33" endtime="1328.71">channels</w>
   <w nite:id="ES2012b.C.words363" starttime="1328.71" endtime="1328.83">and</w>
   <w nite:id="ES2012b.C.words364" starttime="1328.83" endtime="1328.89">the</w>
   <w nite:id="ES2012b.C.words365" starttime="1328.89" endtime="1329.23">volume</w>
   <w nite:id="ES2012b.C.words366" starttime="1329.23" endtime="1329.65">and</w>
   <w nite:id="ES2012b.C.words367" starttime="1329.65" endtime="1329.87">things</w>
   <w nite:id="ES2012b.C.words368" starttime="1329.87" endtime="1330.09">such</w>
   <w nite:id="ES2012b.C.words369" starttime="1330.09" endtime="1330.23">as</w>
   <w nite:id="ES2012b.C.words370" starttime="1330.23" endtime="1331.25">that</w>
   <w nite:id="ES2012b.C.words371" starttime="1331.25" endtime="1331.25" punc="true">.</w>
   <w nite:id="ES2012b.C.words372" starttime="1331.25" endtime="1331.65">And</w>
   <w nite:id="ES2012b.C.words373" starttime="1331.65" endtime="1332.04">so</w>
   <w nite:id="ES2012b.C.words374" starttime="1332.04" endtime="1332.18">for</w>
   <w nite:id="ES2012b.C.words375" starttime="1332.18" endtime="1332.36">this</w>
   <w nite:id="ES2012b.C.words376" starttime="1332.36" endtime="1332.86">product</w>
   <w nite:id="ES2012b.C.words377" starttime="1332.86" endtime="1333.01">it&#39;s</w>
   <w nite:id="ES2012b.C.words378" starttime="1333.01" endtime="1333.18">gonna</w>
   <w nite:id="ES2012b.C.words379" starttime="1333.18" endtime="1333.27">be</w>
   <w nite:id="ES2012b.C.words380" starttime="1333.27" endtime="1333.89">television</w>
   <w nite:id="ES2012b.C.words381" starttime="1333.89" endtime="1334.2">only</w>
   <w nite:id="ES2012b.C.words382" starttime="1334.2" endtime="1334.2" punc="true">,</w>
   <w nite:id="ES2012b.C.words383" starttime="1334.2" endtime="1334.38">and</w>
   <w nite:id="ES2012b.C.words384" starttime="1334.38" endtime="1334.51">then</w>
   <w nite:id="ES2012b.C.words385" starttime="1334.51" endtime="1334.64">it</w>
   <w nite:id="ES2012b.C.words386" starttime="1334.64" endtime="1334.83">has</w>
   <w nite:id="ES2012b.C.words387" starttime="1334.83" endtime="1335.0">to</w>
   <w nite:id="ES2012b.C.words388" starttime="1335.0" endtime="1335.24">have</w>
   <w nite:id="ES2012b.C.words389" starttime="1335.24" endtime="1335.87">the</w>
   <w nite:id="ES2012b.C.words390" starttime="1335.87" endtime="1336.21">uh</w>
   <w nite:id="ES2012b.C.words391" starttime="1336.21" endtime="1337.82">logos</w>
   <w nite:id="ES2012b.C.words392" starttime="1338.92" endtime="1339.09">for</w>
   <w nite:id="ES2012b.C.words393" starttime="1339.09" endtime="1339.19">the</w>
   <w nite:id="ES2012b.C.words394" starttime="1339.19" endtime="1339.69">company</w>
   <w nite:id="ES2012b.C.words395" starttime="1339.69" endtime="1339.82">and</w>
   <w nite:id="ES2012b.C.words396" starttime="1339.82" endtime="1339.9">the</w>
   <w nite:id="ES2012b.C.words397" starttime="1339.9" endtime="1341.47">colours</w>
   <w nite:id="ES2012b.C.words398" starttime="1341.47" endtime="1341.47" punc="true">.</w>
   <w nite:id="ES2012b.C.words399" starttime="1341.47" endtime="1341.74">And</w>
   <w nite:id="ES2012b.C.words400" starttime="1341.74" endtime="1342.19">so</w>
   <w nite:id="ES2012b.C.words401" starttime="1342.19" endtime="1342.19" punc="true">,</w>
   <w nite:id="ES2012b.C.words402" starttime="1342.19" endtime="1342.37">for</w>
   <w nite:id="ES2012b.C.words403" starttime="1342.37" endtime="1342.5">my</w>
   <w nite:id="ES2012b.C.words404" starttime="1342.5" endtime="1342.86">personal</w>
   <w nite:id="ES2012b.C.words405" starttime="1342.86" endtime="1343.54">preferences</w>
   <w nite:id="ES2012b.C.words406" starttime="1343.54" endtime="1343.54" punc="true">,</w>
   <w nite:id="ES2012b.C.words407" starttime="1343.54" endtime="1343.61">I</w>
   <w nite:id="ES2012b.C.words408" starttime="1343.61" endtime="1343.88">think</w>
   <w nite:id="ES2012b.C.words409" starttime="1343.88" endtime="1344.07">this</w>
   <w nite:id="ES2012b.C.words410" starttime="1344.07" endtime="1344.24">one</w>
   <w nite:id="ES2012b.C.words411" starttime="1344.24" endtime="1344.4">is</w>
   <w nite:id="ES2012b.C.words412" starttime="1344.4" endtime="1344.85">easier</w>
   <w nite:id="ES2012b.C.words413" starttime="1344.85" endtime="1344.92">to</w>
   <w nite:id="ES2012b.C.words414" starttime="1344.92" endtime="1345.82">use</w>
   <w nite:id="ES2012b.C.words415" starttime="1345.82" endtime="1345.92">and</w>
   <w nite:id="ES2012b.C.words416" starttime="1345.92" endtime="1346.52">has</w>
   <w nite:id="ES2012b.C.words417" starttime="1346.52" endtime="1346.82">quite</w>
   <w nite:id="ES2012b.C.words418" starttime="1346.82" endtime="1346.97">a</w>
   <disfmarker nite:id="ES2012b.C.words419" starttime="1346.97" endtime="1346.97"/>
   <w nite:id="ES2012b.C.words420" starttime="1346.97" endtime="1347.14">you</w>
   <w nite:id="ES2012b.C.words421" starttime="1347.14" endtime="1347.31">know</w>
   <w nite:id="ES2012b.C.words422" starttime="1347.31" endtime="1347.31" punc="true">,</w>
   <w nite:id="ES2012b.C.words423" starttime="1347.31" endtime="1347.62">fewer</w>
   <w nite:id="ES2012b.C.words424" starttime="1347.62" endtime="1348.32">buttons</w>
   <w nite:id="ES2012b.C.words425" starttime="1348.32" endtime="1348.32" punc="true">.</w>
   <w nite:id="ES2012b.C.words426" starttime="1348.32" endtime="1349.27">Um</w>
   <w nite:id="ES2012b.C.words427" starttime="1349.27" endtime="1349.45">we</w>
   <w nite:id="ES2012b.C.words428" starttime="1349.45" endtime="1349.66">want</w>
   <w nite:id="ES2012b.C.words429" starttime="1349.66" endtime="1349.98">something</w>
   <w nite:id="ES2012b.C.words430" starttime="1349.98" endtime="1350.16">that</w>
   <w nite:id="ES2012b.C.words431" starttime="1350.16" endtime="1351.36">sends</w>
   <w nite:id="ES2012b.C.words432" starttime="1351.36" endtime="1351.99">messages</w>
   <w nite:id="ES2012b.C.words433" starttime="1351.99" endtime="1352.5">easily</w>
   <w nite:id="ES2012b.C.words434" starttime="1352.5" endtime="1352.63">to</w>
   <w nite:id="ES2012b.C.words435" starttime="1352.63" endtime="1352.73">the</w>
   <w nite:id="ES2012b.C.words436" starttime="1352.73" endtime="1353.27">television</w>
   <w nite:id="ES2012b.C.words437" starttime="1353.27" endtime="1353.43">and</w>
   <w nite:id="ES2012b.C.words438" starttime="1353.43" endtime="1353.49">I</w>
   <w nite:id="ES2012b.C.words439" starttime="1353.49" endtime="1353.61">was</w>
   <w nite:id="ES2012b.C.words440" starttime="1353.61" endtime="1353.79">kind</w>
   <w nite:id="ES2012b.C.words441" starttime="1353.79" endtime="1353.91">of</w>
   <w nite:id="ES2012b.C.words442" starttime="1353.91" endtime="1354.17">wondering</w>
   <w nite:id="ES2012b.C.words443" starttime="1354.17" endtime="1354.46">about</w>
   <w nite:id="ES2012b.C.words444" starttime="1354.46" endtime="1354.75">this</w>
   <w nite:id="ES2012b.C.words445" starttime="1354.75" endtime="1355.3">example</w>
   <w nite:id="ES2012b.C.words446" starttime="1355.3" endtime="1355.44">that</w>
   <w nite:id="ES2012b.C.words447" starttime="1355.44" endtime="1355.57">they</w>
   <w nite:id="ES2012b.C.words448" starttime="1355.57" endtime="1356.91">have</w>
   <w nite:id="ES2012b.C.words449" starttime="1356.91" endtime="1356.91" punc="true">.</w>
   <w nite:id="ES2012b.C.words450" starttime="1356.91" endtime="1357.09">It</w>
   <w nite:id="ES2012b.C.words451" starttime="1357.09" endtime="1357.3">looks</w>
   <w nite:id="ES2012b.C.words452" starttime="1357.3" endtime="1357.46">kind</w>
   <w nite:id="ES2012b.C.words453" starttime="1357.46" endtime="1357.59">of</w>
   <w nite:id="ES2012b.C.words454" starttime="1357.59" endtime="1358.05">narrow</w>
   <w nite:id="ES2012b.C.words455" starttime="1358.05" endtime="1358.16">at</w>
   <w nite:id="ES2012b.C.words456" starttime="1358.16" endtime="1358.25">the</w>
   <w nite:id="ES2012b.C.words457" starttime="1358.25" endtime="1358.66">top</w>
   <w nite:id="ES2012b.C.words458" starttime="1358.66" endtime="1358.66" punc="true">,</w>
   <w nite:id="ES2012b.C.words459" starttime="1358.66" endtime="1358.76">and</w>
   <w nite:id="ES2012b.C.words460" starttime="1358.76" endtime="1358.82">I</w>
   <w nite:id="ES2012b.C.words461" starttime="1358.82" endtime="1358.99">was</w>
   <w nite:id="ES2012b.C.words462" starttime="1358.99" endtime="1359.3">thinking</w>
   <w nite:id="ES2012b.C.words463" starttime="1359.3" endtime="1359.66">maybe</w>
   <w nite:id="ES2012b.C.words464" starttime="1359.66" endtime="1359.82">if</w>
   <w nite:id="ES2012b.C.words465" starttime="1359.82" endtime="1359.94">it</w>
   <w nite:id="ES2012b.C.words466" starttime="1359.94" endtime="1360.43">were</w>
   <w nite:id="ES2012b.C.words467" starttime="1360.43" endtime="1361.64">wider</w>
   <w nite:id="ES2012b.C.words468" starttime="1361.64" endtime="1361.7">at</w>
   <w nite:id="ES2012b.C.words469" starttime="1361.7" endtime="1361.82">the</w>
   <w nite:id="ES2012b.C.words470" starttime="1361.82" endtime="1362.2">top</w>
   <w nite:id="ES2012b.C.words471" starttime="1362.2" endtime="1362.2" punc="true">,</w>
   <w nite:id="ES2012b.C.words472" starttime="1362.2" endtime="1362.36">then</w>
   <w nite:id="ES2012b.C.words473" starttime="1362.36" endtime="1362.53">that</w>
   <w nite:id="ES2012b.C.words474" starttime="1362.53" endtime="1362.69">would</w>
   <w nite:id="ES2012b.C.words475" starttime="1362.69" endtime="1362.79">be</w>
   <w nite:id="ES2012b.C.words476" starttime="1362.79" endtime="1363.46">easier</w>
   <w nite:id="ES2012b.C.words477" starttime="1363.46" endtime="1363.46" punc="true">.</w>
   <w nite:id="ES2012b.C.words478" starttime="1364.25" endtime="1365.16">Um</w>
   <vocalsound nite:id="ES2012b.C.words479" starttime="1365.16" endtime="1365.16" type="other"/>
   <w nite:id="ES2012b.C.words480" starttime="1365.16" endtime="1365.98">and</w>
   <w nite:id="ES2012b.C.words481" starttime="1365.98" endtime="1366.16">so</w>
   <w nite:id="ES2012b.C.words482" starttime="1366.16" endtime="1366.26">we</w>
   <w nite:id="ES2012b.C.words483" starttime="1366.26" endtime="1366.35">have</w>
   <w nite:id="ES2012b.C.words484" starttime="1366.35" endtime="1366.45">to</w>
   <w nite:id="ES2012b.C.words485" starttime="1366.45" endtime="1366.88">decide</w>
   <w nite:id="ES2012b.C.words486" starttime="1366.88" endtime="1367.13">what&#39;s</w>
   <w nite:id="ES2012b.C.words487" starttime="1367.13" endtime="1367.31">gonna</w>
   <w nite:id="ES2012b.C.words488" starttime="1367.31" endtime="1367.5">make</w>
   <w nite:id="ES2012b.C.words489" starttime="1367.5" endtime="1367.67">our</w>
   <w nite:id="ES2012b.C.words490" starttime="1367.67" endtime="1368.03">product</w>
   <w nite:id="ES2012b.C.words491" starttime="1368.03" endtime="1368.58">different</w>
   <w nite:id="ES2012b.C.words492" starttime="1368.58" endtime="1368.58" punc="true">.</w>
   <w nite:id="ES2012b.C.words493" starttime="1368.58" endtime="1369.61" trunc="true">E</w>
   <w nite:id="ES2012b.C.words494" starttime="1369.61" endtime="1369.86">the</w>
   <w nite:id="ES2012b.C.words495" starttime="1369.86" endtime="1370.24">unique</w>
   <w nite:id="ES2012b.C.words496" starttime="1370.24" endtime="1370.84">style</w>
   <w nite:id="ES2012b.C.words497" starttime="1370.84" endtime="1370.84" punc="true">,</w>
   <w nite:id="ES2012b.C.words498" starttime="1370.84" endtime="1371.05">maybe</w>
   <w nite:id="ES2012b.C.words499" starttime="1371.05" endtime="1371.2">have</w>
   <w nite:id="ES2012b.C.words500" starttime="1371.2" endtime="1371.32">it</w>
   <w nite:id="ES2012b.C.words501" starttime="1371.32" endtime="1371.59">light</w>
   <w nite:id="ES2012b.C.words502" starttime="1371.59" endtime="1371.76">up</w>
   <w nite:id="ES2012b.C.words503" starttime="1371.76" endtime="1371.9">so</w>
   <w nite:id="ES2012b.C.words504" starttime="1371.9" endtime="1372.03">it&#39;s</w>
   <w nite:id="ES2012b.C.words505" starttime="1372.03" endtime="1372.44">visible</w>
   <w nite:id="ES2012b.C.words506" starttime="1372.44" endtime="1372.53">in</w>
   <w nite:id="ES2012b.C.words507" starttime="1372.53" endtime="1372.63">the</w>
   <w nite:id="ES2012b.C.words508" starttime="1372.63" endtime="1373.52">dark</w>
   <w nite:id="ES2012b.C.words509" starttime="1373.52" endtime="1373.52" punc="true">,</w>
   <w nite:id="ES2012b.C.words510" starttime="1373.52" endtime="1373.84">um</w>
   <w nite:id="ES2012b.C.words511" starttime="1373.84" endtime="1373.95">the</w>
   <w nite:id="ES2012b.C.words512" starttime="1373.95" endtime="1374.41">changeable</w>
   <w nite:id="ES2012b.C.words513" starttime="1374.41" endtime="1375.68">face-plates</w>
   <w nite:id="ES2012b.C.words514" starttime="1375.68" endtime="1375.68" punc="true">,</w>
   <w nite:id="ES2012b.C.words515" starttime="1375.68" endtime="1375.94">and</w>
   <w nite:id="ES2012b.C.words516" starttime="1375.94" endtime="1376.05">the</w>
   <w nite:id="ES2012b.C.words517" starttime="1376.05" endtime="1376.44">lighting</w>
   <w nite:id="ES2012b.C.words518" starttime="1376.44" endtime="1376.56">up</w>
   <w nite:id="ES2012b.C.words519" starttime="1376.56" endtime="1376.68">and</w>
   <w nite:id="ES2012b.C.words520" starttime="1376.68" endtime="1377.1">visible</w>
   <w nite:id="ES2012b.C.words521" starttime="1377.1" endtime="1377.16">I</w>
   <w nite:id="ES2012b.C.words522" starttime="1377.16" endtime="1378.02">was</w>
   <disfmarker nite:id="ES2012b.C.words523" starttime="1378.02" endtime="1378.02"/>
   <w nite:id="ES2012b.C.words524" starttime="1378.02" endtime="1378.19">when</w>
   <w nite:id="ES2012b.C.words525" starttime="1378.19" endtime="1378.3">we</w>
   <w nite:id="ES2012b.C.words526" starttime="1378.3" endtime="1378.4">were</w>
   <w nite:id="ES2012b.C.words527" starttime="1378.4" endtime="1378.71">talking</w>
   <w nite:id="ES2012b.C.words528" starttime="1378.71" endtime="1378.95">about</w>
   <w nite:id="ES2012b.C.words529" starttime="1378.95" endtime="1379.43" trunc="true">havi</w>
   <w nite:id="ES2012b.C.words530" starttime="1379.43" endtime="1379.84">losing</w>
   <w nite:id="ES2012b.C.words531" starttime="1379.84" endtime="1379.97">it</w>
   <w nite:id="ES2012b.C.words532" starttime="1379.97" endtime="1379.97" punc="true">,</w>
   <w nite:id="ES2012b.C.words533" starttime="1379.97" endtime="1380.18">maybe</w>
   <w nite:id="ES2012b.C.words534" starttime="1380.18" endtime="1380.28">to</w>
   <w nite:id="ES2012b.C.words535" starttime="1380.28" endtime="1380.43">have</w>
   <w nite:id="ES2012b.C.words536" starttime="1380.43" endtime="1380.52">a</w>
   <w nite:id="ES2012b.C.words537" starttime="1380.52" endtime="1381.24">button</w>
   <w nite:id="ES2012b.C.words538" starttime="1381.24" endtime="1381.39">on</w>
   <w nite:id="ES2012b.C.words539" starttime="1381.39" endtime="1381.49">the</w>
   <w nite:id="ES2012b.C.words540" starttime="1381.49" endtime="1382.09">television</w>
   <w nite:id="ES2012b.C.words541" starttime="1382.09" endtime="1382.18">that</w>
   <w nite:id="ES2012b.C.words542" starttime="1382.18" endtime="1382.3">you</w>
   <w nite:id="ES2012b.C.words543" starttime="1382.3" endtime="1382.67">press</w>
   <w nite:id="ES2012b.C.words544" starttime="1382.67" endtime="1382.76">and</w>
   <w nite:id="ES2012b.C.words545" starttime="1382.76" endtime="1383.0">it</w>
   <disfmarker nite:id="ES2012b.C.words546" starttime="1383.0" endtime="1383.0"/>
   <w nite:id="ES2012b.C.words547" starttime="1383.0" endtime="1383.24">maybe</w>
   <w nite:id="ES2012b.C.words548" starttime="1383.24" endtime="1383.39">if</w>
   <w nite:id="ES2012b.C.words549" starttime="1383.39" endtime="1383.48">it</w>
   <w nite:id="ES2012b.C.words550" starttime="1383.48" endtime="1383.71">makes</w>
   <w nite:id="ES2012b.C.words551" starttime="1383.71" endtime="1383.77">a</w>
   <w nite:id="ES2012b.C.words552" starttime="1383.77" endtime="1384.17">noise</w>
   <w nite:id="ES2012b.C.words553" starttime="1384.17" endtime="1384.27">or</w>
   <w nite:id="ES2012b.C.words554" starttime="1384.27" endtime="1384.59">lights</w>
   <w nite:id="ES2012b.C.words555" starttime="1384.59" endtime="1384.78">up</w>
   <w nite:id="ES2012b.C.words556" starttime="1384.78" endtime="1384.86">or</w>
   <w nite:id="ES2012b.C.words557" starttime="1384.86" endtime="1385.89">something</w>
   <w nite:id="ES2012b.C.words558" starttime="1385.89" endtime="1386.08">like</w>
   <w nite:id="ES2012b.C.words559" starttime="1386.08" endtime="1386.28">that</w>
   <w nite:id="ES2012b.C.words560" starttime="1386.28" endtime="1386.28" punc="true">,</w>
   <w nite:id="ES2012b.C.words561" starttime="1386.28" endtime="1386.41">so</w>
   <w nite:id="ES2012b.C.words562" starttime="1386.41" endtime="1386.53">it&#39;s</w>
   <w nite:id="ES2012b.C.words563" starttime="1386.53" endtime="1386.81">easier</w>
   <w nite:id="ES2012b.C.words564" starttime="1386.81" endtime="1386.89">to</w>
   <w nite:id="ES2012b.C.words565" starttime="1386.89" endtime="1387.28">find</w>
   <w nite:id="ES2012b.C.words566" starttime="1387.28" endtime="1387.37">if</w>
   <w nite:id="ES2012b.C.words567" starttime="1387.37" endtime="1387.69">someone</w>
   <w nite:id="ES2012b.C.words568" starttime="1387.69" endtime="1388.2">has</w>
   <w nite:id="ES2012b.C.words569" starttime="1388.2" endtime="1388.77">hidden</w>
   <w nite:id="ES2012b.C.words570" starttime="1388.77" endtime="1389.03">under</w>
   <w nite:id="ES2012b.C.words571" starttime="1389.03" endtime="1389.12">the</w>
   <w nite:id="ES2012b.C.words572" starttime="1389.12" endtime="1389.68">couch</w>
   <w nite:id="ES2012b.C.words573" starttime="1389.68" endtime="1390.66">or</w>
   <w nite:id="ES2012b.C.words574" starttime="1390.66" endtime="1390.99">something</w>
   <w nite:id="ES2012b.C.words575" starttime="1390.99" endtime="1391.16">like</w>
   <w nite:id="ES2012b.C.words576" starttime="1391.16" endtime="1391.45">that</w>
   <w nite:id="ES2012b.C.words577" starttime="1391.45" endtime="1391.45" punc="true">.</w>
   <w nite:id="ES2012b.C.words578" starttime="1393.56" endtime="1393.71">So</w>
   <w nite:id="ES2012b.C.words579" starttime="1393.71" endtime="1394.1">that&#39;s</w>
   <w nite:id="ES2012b.C.words580" starttime="1394.1" endtime="1394.61">my</w>
   <w nite:id="ES2012b.C.words581" starttime="1394.61" endtime="1396.23">presentation</w>
   <w nite:id="ES2012b.C.words582" starttime="1396.23" endtime="1396.23" punc="true">.</w>
   <w nite:id="ES2012b.C.words583" starttime="1397.25" endtime="1397.47">Yeah</w>
   <w nite:id="ES2012b.C.words584" starttime="1397.47" endtime="1397.47" punc="true">.</w>
   <w nite:id="ES2012b.C.words585" starttime="1414.93" endtime="1415.03" trunc="true">F</w>
   <w nite:id="ES2012b.C.words586" starttime="1415.03" endtime="1415.14">they</w>
   <w nite:id="ES2012b.C.words587" starttime="1415.14" endtime="1415.49">probably</w>
   <w nite:id="ES2012b.C.words588" starttime="1415.49" endtime="1418.07">clip</w>
   <w nite:id="ES2012b.C.words589" starttime="1418.07" endtime="1418.23">to</w>
   <w nite:id="ES2012b.C.words590" starttime="1418.23" endtime="1418.5">you</w>
   <w nite:id="ES2012b.C.words591" starttime="1418.5" endtime="1418.5" punc="true">.</w>
   <vocalsound nite:id="ES2012b.C.words592" starttime="1530.722" endtime="1532.22" type="laugh"/>
   <w nite:id="ES2012b.C.words593" starttime="1568.95" endtime="1569.63">Oh</w>
   <w nite:id="ES2012b.C.words594" starttime="1569.63" endtime="1569.63" punc="true">.</w>
   <w nite:id="ES2012b.C.words595" starttime="1574.01" endtime="1574.19">Hmm</w>
   <w nite:id="ES2012b.C.words596" starttime="1574.19" endtime="1574.41">I</w>
   <w nite:id="ES2012b.C.words597" starttime="1574.41" endtime="1574.61">think</w>
   <w nite:id="ES2012b.C.words598" starttime="1574.61" endtime="1574.79">it&#39;s</w>
   <w nite:id="ES2012b.C.words599" starttime="1574.79" endtime="1576.49">all</w>
   <w nite:id="ES2012b.C.words600" starttime="1576.49" endtime="1577.24">there</w>
   <w nite:id="ES2012b.C.words601" starttime="1577.24" endtime="1577.24" punc="true">.</w>
   <w nite:id="ES2012b.C.words602" starttime="1579.85" endtime="1580.27" trunc="true">H</w>
   <w nite:id="ES2012b.C.words603" starttime="1607.9" endtime="1608.17">Oh</w>
   <w nite:id="ES2012b.C.words604" starttime="1608.17" endtime="1611.22">yeah</w>
   <w nite:id="ES2012b.C.words605" starttime="1611.22" endtime="1611.22" punc="true">.</w>
   <w nite:id="ES2012b.C.words606" starttime="1611.22" endtime="1611.44">That&#39;s</w>
   <w nite:id="ES2012b.C.words607" starttime="1611.44" endtime="1611.61">kind</w>
   <w nite:id="ES2012b.C.words608" starttime="1611.61" endtime="1612.03">of</w>
   <w nite:id="ES2012b.C.words609" starttime="1612.03" endtime="1614.12">strange</w>
   <w nite:id="ES2012b.C.words610" starttime="1614.12" endtime="1614.12" punc="true">.</w>
   <vocalsound nite:id="ES2012b.C.words611" starttime="1738.256" endtime="1741.066" type="laugh"/>
   <vocalsound nite:id="ES2012b.C.words612" starttime="1854.208" endtime="1854.912" type="laugh"/>
   <w nite:id="ES2012b.C.words613" starttime="1885.81" endtime="1886.12">Yeah</w>
   <w nite:id="ES2012b.C.words614" starttime="1886.12" endtime="1886.12" punc="true">,</w>
   <w nite:id="ES2012b.C.words615" starttime="1886.12" endtime="1886.47">people</w>
   <w nite:id="ES2012b.C.words616" starttime="1886.47" endtime="1886.54">are</w>
   <w nite:id="ES2012b.C.words617" starttime="1886.54" endtime="1886.97" trunc="true">pro</w>
   <w nite:id="ES2012b.C.words618" starttime="1886.97" endtime="1887.06">I</w>
   <w nite:id="ES2012b.C.words619" starttime="1887.06" endtime="1887.64">would</w>
   <w nite:id="ES2012b.C.words620" starttime="1887.64" endtime="1887.94">think</w>
   <w nite:id="ES2012b.C.words621" starttime="1887.94" endtime="1888.06">that</w>
   <w nite:id="ES2012b.C.words622" starttime="1888.06" endtime="1888.38">people</w>
   <w nite:id="ES2012b.C.words623" starttime="1888.38" endtime="1888.59">might</w>
   <w nite:id="ES2012b.C.words624" starttime="1888.59" endtime="1889.16">forget</w>
   <disfmarker nite:id="ES2012b.C.words625" starttime="1889.16" endtime="1889.16"/>
   <w nite:id="ES2012b.C.words626" starttime="1889.16" endtime="1889.51">I</w>
   <w nite:id="ES2012b.C.words627" starttime="1889.51" endtime="1889.67">mean</w>
   <w nite:id="ES2012b.C.words628" starttime="1889.67" endtime="1889.94">people</w>
   <w nite:id="ES2012b.C.words629" starttime="1889.94" endtime="1890.2">forget</w>
   <w nite:id="ES2012b.C.words630" starttime="1890.2" endtime="1890.28">to</w>
   <w nite:id="ES2012b.C.words631" starttime="1890.28" endtime="1890.49">put</w>
   <w nite:id="ES2012b.C.words632" starttime="1890.49" endtime="1890.61">their</w>
   <w nite:id="ES2012b.C.words633" starttime="1890.61" endtime="1891.01">cordless</w>
   <w nite:id="ES2012b.C.words634" starttime="1891.01" endtime="1891.34">phones</w>
   <w nite:id="ES2012b.C.words635" starttime="1891.34" endtime="1891.6">back</w>
   <w nite:id="ES2012b.C.words636" starttime="1891.6" endtime="1891.78">on</w>
   <w nite:id="ES2012b.C.words637" starttime="1891.78" endtime="1892.01">there</w>
   <w nite:id="ES2012b.C.words638" starttime="1892.01" endtime="1892.01" punc="true">,</w>
   <w nite:id="ES2012b.C.words639" starttime="1892.01" endtime="1892.37">so</w>
   <w nite:id="ES2012b.C.words640" starttime="1892.37" endtime="1892.37" punc="true">.</w>
   <vocalsound nite:id="ES2012b.C.words641" starttime="1908.272" endtime="1908.272" type="laugh"/>
   <w nite:id="ES2012b.C.words642" starttime="1909.29" endtime="1909.53">Yeah</w>
   <w nite:id="ES2012b.C.words643" starttime="1909.53" endtime="1909.53" punc="true">.</w>
   <vocalsound nite:id="ES2012b.C.words644" starttime="1913.26" endtime="1914.388" type="laugh"/>
   <w nite:id="ES2012b.C.words645" starttime="1923.26" endtime="1923.32">No</w>
   <w nite:id="ES2012b.C.words646" starttime="1923.32" endtime="1923.32" punc="true">.</w>
   <w nite:id="ES2012b.C.words647" starttime="1926.62" endtime="1926.79">Um</w>
   <w nite:id="ES2012b.C.words648" starttime="1926.79" endtime="1926.79" punc="true">.</w>
   <w nite:id="ES2012b.C.words649" starttime="1943.27" endtime="1943.38">Do</w>
   <w nite:id="ES2012b.C.words650" starttime="1943.38" endtime="1943.51">they</w>
   <w nite:id="ES2012b.C.words651" starttime="1943.51" endtime="1943.78">make</w>
   <w nite:id="ES2012b.C.words652" starttime="1943.78" endtime="1944.15">batteries</w>
   <w nite:id="ES2012b.C.words653" starttime="1944.15" endtime="1944.29">that</w>
   <w nite:id="ES2012b.C.words654" starttime="1944.29" endtime="1944.5">last</w>
   <w nite:id="ES2012b.C.words655" starttime="1944.5" endtime="1944.65">that</w>
   <w nite:id="ES2012b.C.words656" starttime="1944.65" endtime="1944.99">long</w>
   <w nite:id="ES2012b.C.words657" starttime="1944.99" endtime="1944.99" punc="true">?</w>
   <w nite:id="ES2012b.C.words658" starttime="1958.58" endtime="1958.71">Yeah</w>
   <w nite:id="ES2012b.C.words659" starttime="1958.71" endtime="1958.71" punc="true">,</w>
   <w nite:id="ES2012b.C.words660" starttime="1958.71" endtime="1958.78">they</w>
   <w nite:id="ES2012b.C.words661" starttime="1958.78" endtime="1958.9">have</w>
   <w nite:id="ES2012b.C.words662" starttime="1958.9" endtime="1959.01">that</w>
   <w nite:id="ES2012b.C.words663" starttime="1959.01" endtime="1959.25">little</w>
   <w nite:id="ES2012b.C.words664" starttime="1959.25" endtime="1959.98">solar</w>
   <disfmarker nite:id="ES2012b.C.words665" starttime="1959.98" endtime="1960.016"/>
   <w nite:id="ES2012b.C.words666" starttime="1966.79" endtime="1967.27">Yeah</w>
   <w nite:id="ES2012b.C.words667" starttime="1967.27" endtime="1967.27" punc="true">.</w>
   <w nite:id="ES2012b.C.words668" starttime="1981.93" endtime="1982.29">Mm</w>
   <w nite:id="ES2012b.C.words669" starttime="1982.29" endtime="1982.29" punc="true">.</w>
   <w nite:id="ES2012b.C.words670" starttime="2002.72" endtime="2003.27">Yeah</w>
   <w nite:id="ES2012b.C.words671" starttime="2003.27" endtime="2003.27" punc="true">,</w>
   <w nite:id="ES2012b.C.words672" starttime="2003.27" endtime="2003.51">some</w>
   <w nite:id="ES2012b.C.words673" starttime="2003.51" endtime="2003.8">people</w>
   <w nite:id="ES2012b.C.words674" starttime="2003.8" endtime="2004.13">are</w>
   <disfmarker nite:id="ES2012b.C.words675" starttime="2004.13" endtime="2004.816"/>
   <w nite:id="ES2012b.C.words676" starttime="2006.85" endtime="2008.02">Yeah</w>
   <w nite:id="ES2012b.C.words677" starttime="2008.02" endtime="2008.02" punc="true">.</w>
   <w nite:id="ES2012b.C.words678" starttime="2008.02" endtime="2008.98">Yeah</w>
   <w nite:id="ES2012b.C.words679" starttime="2008.98" endtime="2008.98" punc="true">.</w>
   <vocalsound nite:id="ES2012b.C.words680" starttime="2018.352" endtime="2018.352" type="laugh"/>
   <w nite:id="ES2012b.C.words681" starttime="2019.91" endtime="2020.11">Per</w>
   <w nite:id="ES2012b.C.words682" starttime="2020.11" endtime="2020.59">hour</w>
   <w nite:id="ES2012b.C.words683" starttime="2020.59" endtime="2020.59" punc="true">?</w>
   <w nite:id="ES2012b.C.words684" starttime="2022.1" endtime="2023.49">Wow</w>
   <w nite:id="ES2012b.C.words685" starttime="2023.49" endtime="2023.49" punc="true">.</w>
   <vocalsound nite:id="ES2012b.C.words686" starttime="2023.49" endtime="2023.49" type="laugh"/>
   <w nite:id="ES2012b.C.words687" starttime="2023.49" endtime="2023.79">That&#39;s</w>
   <w nite:id="ES2012b.C.words688" starttime="2023.79" endtime="2023.87">a</w>
   <w nite:id="ES2012b.C.words689" starttime="2023.87" endtime="2025.43">lot</w>
   <w nite:id="ES2012b.C.words690" starttime="2025.43" endtime="2025.43" punc="true">.</w>
   <vocalsound nite:id="ES2012b.C.words691" starttime="2025.43" endtime="2026.073" type="laugh"/>
   <gap nite:id="ES2012b.C.words692" starttime="2030.651" endtime="2032.56"/>
   <w nite:id="ES2012b.C.words693" starttime="2038.04" endtime="2038.61">Yeah</w>
   <w nite:id="ES2012b.C.words694" starttime="2038.61" endtime="2038.61" punc="true">.</w>
   <w nite:id="ES2012b.C.words695" starttime="2054.33" endtime="2054.43">Though</w>
   <w nite:id="ES2012b.C.words696" starttime="2054.43" endtime="2054.53">I</w>
   <w nite:id="ES2012b.C.words697" starttime="2054.53" endtime="2054.9">think</w>
   <w nite:id="ES2012b.C.words698" starttime="2054.9" endtime="2055.29">with</w>
   <w nite:id="ES2012b.C.words699" starttime="2055.29" endtime="2056.21">digital</w>
   <w nite:id="ES2012b.C.words700" starttime="2056.21" endtime="2056.75">T_V_</w>
   <w nite:id="ES2012b.C.words701" starttime="2056.75" endtime="2056.75" punc="true">,</w>
   <w nite:id="ES2012b.C.words702" starttime="2056.75" endtime="2056.97">like</w>
   <w nite:id="ES2012b.C.words703" starttime="2056.97" endtime="2057.03">I</w>
   <w nite:id="ES2012b.C.words704" starttime="2057.03" endtime="2057.21">know</w>
   <w nite:id="ES2012b.C.words705" starttime="2057.21" endtime="2057.38">on</w>
   <w nite:id="ES2012b.C.words706" starttime="2057.38" endtime="2057.85">my</w>
   <w nite:id="ES2012b.C.words707" starttime="2057.85" endtime="2058.2">cable</w>
   <w nite:id="ES2012b.C.words708" starttime="2058.2" endtime="2058.57">box</w>
   <w nite:id="ES2012b.C.words709" starttime="2058.57" endtime="2058.57" punc="true">,</w>
   <w nite:id="ES2012b.C.words710" starttime="2058.57" endtime="2058.76">you&#39;re</w>
   <w nite:id="ES2012b.C.words711" starttime="2058.76" endtime="2058.96">not</w>
   <w nite:id="ES2012b.C.words712" starttime="2058.96" endtime="2059.29">supposed</w>
   <w nite:id="ES2012b.C.words713" starttime="2059.29" endtime="2059.61">to</w>
   <w nite:id="ES2012b.C.words714" starttime="2059.61" endtime="2059.76">do</w>
   <w nite:id="ES2012b.C.words715" starttime="2059.76" endtime="2059.96">that</w>
   <w nite:id="ES2012b.C.words716" starttime="2059.96" endtime="2060.26">because</w>
   <w nite:id="ES2012b.C.words717" starttime="2060.26" endtime="2060.37">the</w>
   <w nite:id="ES2012b.C.words718" starttime="2060.37" endtime="2060.71">channel</w>
   <w nite:id="ES2012b.C.words719" starttime="2060.71" endtime="2060.99">can&#39;t</w>
   <w nite:id="ES2012b.C.words720" starttime="2060.99" endtime="2061.23">keep</w>
   <w nite:id="ES2012b.C.words721" starttime="2061.23" endtime="2061.36">up</w>
   <w nite:id="ES2012b.C.words722" starttime="2061.36" endtime="2061.49">with</w>
   <w nite:id="ES2012b.C.words723" starttime="2061.49" endtime="2061.61">it</w>
   <w nite:id="ES2012b.C.words724" starttime="2061.61" endtime="2061.73">if</w>
   <w nite:id="ES2012b.C.words725" starttime="2061.73" endtime="2061.83">you</w>
   <w nite:id="ES2012b.C.words726" starttime="2061.83" endtime="2062.02">just</w>
   <w nite:id="ES2012b.C.words727" starttime="2062.02" endtime="2062.19">press</w>
   <w nite:id="ES2012b.C.words728" starttime="2062.19" endtime="2062.28">it</w>
   <w nite:id="ES2012b.C.words729" starttime="2062.28" endtime="2062.44">like</w>
   <w nite:id="ES2012b.C.words730" starttime="2062.44" endtime="2062.63">that</w>
   <w nite:id="ES2012b.C.words731" starttime="2062.63" endtime="2062.63" punc="true">,</w>
   <w nite:id="ES2012b.C.words732" starttime="2062.63" endtime="2062.7">so</w>
   <w nite:id="ES2012b.C.words733" starttime="2062.7" endtime="2062.82">you&#39;re</w>
   <w nite:id="ES2012b.C.words734" starttime="2062.82" endtime="2063.07">supposed</w>
   <w nite:id="ES2012b.C.words735" starttime="2063.07" endtime="2063.18">to</w>
   <w nite:id="ES2012b.C.words736" starttime="2063.18" endtime="2063.29">use</w>
   <w nite:id="ES2012b.C.words737" starttime="2063.29" endtime="2063.39">the</w>
   <w nite:id="ES2012b.C.words738" starttime="2063.39" endtime="2063.74">menu</w>
   <w nite:id="ES2012b.C.words739" starttime="2063.74" endtime="2063.92">and</w>
   <w nite:id="ES2012b.C.words740" starttime="2063.92" endtime="2064.07">go</w>
   <w nite:id="ES2012b.C.words741" starttime="2064.07" endtime="2064.31">through</w>
   <w nite:id="ES2012b.C.words742" starttime="2064.31" endtime="2065.46">the</w>
   <w nite:id="ES2012b.C.words743" starttime="2065.46" endtime="2066.2">different</w>
   <w nite:id="ES2012b.C.words744" starttime="2067.66" endtime="2068.19">channels</w>
   <w nite:id="ES2012b.C.words745" starttime="2068.19" endtime="2068.39">that</w>
   <w nite:id="ES2012b.C.words746" starttime="2068.39" endtime="2068.59">way</w>
   <w nite:id="ES2012b.C.words747" starttime="2068.59" endtime="2068.91">instead</w>
   <w nite:id="ES2012b.C.words748" starttime="2068.91" endtime="2069.12">of</w>
   <disfmarker nite:id="ES2012b.C.words749" starttime="2069.12" endtime="2069.536"/>
   <w nite:id="ES2012b.C.words750" starttime="2081.45" endtime="2082.14">Uh-oh</w>
   <w nite:id="ES2012b.C.words751" starttime="2082.14" endtime="2082.14" punc="true">.</w>
   <w nite:id="ES2012b.C.words752" starttime="2174.05" endtime="2174.36">Yeah</w>
   <w nite:id="ES2012b.C.words753" starttime="2174.36" endtime="2174.36" punc="true">.</w>
   <w nite:id="ES2012b.C.words754" starttime="2176.87" endtime="2178.72">Um</w>
   <disfmarker nite:id="ES2012b.C.words755" starttime="2178.72" endtime="2178.72"/>
   <vocalsound nite:id="ES2012b.C.words756" starttime="2178.72" endtime="2178.976" type="other"/>
   <w nite:id="ES2012b.C.words757" starttime="2181.43" endtime="2181.66">Oh</w>
   <w nite:id="ES2012b.C.words758" starttime="2181.66" endtime="2181.78">I</w>
   <w nite:id="ES2012b.C.words759" starttime="2181.78" endtime="2182.0">just</w>
   <w nite:id="ES2012b.C.words760" starttime="2182.0" endtime="2182.13">have</w>
   <w nite:id="ES2012b.C.words761" starttime="2182.13" endtime="2182.29">one</w>
   <w nite:id="ES2012b.C.words762" starttime="2182.29" endtime="2182.73">question</w>
   <w nite:id="ES2012b.C.words763" starttime="2182.73" endtime="2182.73" punc="true">.</w>
   <w nite:id="ES2012b.C.words764" starttime="2182.73" endtime="2182.98">So</w>
   <w nite:id="ES2012b.C.words765" starttime="2182.98" endtime="2183.23">are</w>
   <w nite:id="ES2012b.C.words766" starttime="2183.23" endtime="2183.61">we</w>
   <w nite:id="ES2012b.C.words767" starttime="2183.61" endtime="2184.13">doing</w>
   <w nite:id="ES2012b.C.words768" starttime="2184.13" endtime="2184.45">just</w>
   <w nite:id="ES2012b.C.words769" starttime="2184.45" endtime="2184.53">the</w>
   <w nite:id="ES2012b.C.words770" starttime="2184.53" endtime="2185.17">television</w>
   <w nite:id="ES2012b.C.words771" starttime="2185.17" endtime="2185.24">or</w>
   <w nite:id="ES2012b.C.words772" starttime="2185.24" endtime="2185.34">are</w>
   <w nite:id="ES2012b.C.words773" starttime="2185.34" endtime="2185.5">we</w>
   <w nite:id="ES2012b.C.words774" starttime="2185.5" endtime="2186.67">doing</w>
   <disfmarker nite:id="ES2012b.C.words775" starttime="2186.67" endtime="2186.67"/>
   <w nite:id="ES2012b.C.words776" starttime="2186.67" endtime="2186.94">so</w>
   <w nite:id="ES2012b.C.words777" starttime="2186.94" endtime="2187.46">not</w>
   <w nite:id="ES2012b.C.words778" starttime="2187.46" endtime="2188.45">D_V_D_</w>
   <w nite:id="ES2012b.C.words779" starttime="2188.45" endtime="2188.72">players</w>
   <w nite:id="ES2012b.C.words780" starttime="2188.72" endtime="2188.72" punc="true">,</w>
   <w nite:id="ES2012b.C.words781" starttime="2188.72" endtime="2188.82" trunc="true">we</w>
   <w nite:id="ES2012b.C.words782" starttime="2188.82" endtime="2189.06">okay</w>
   <w nite:id="ES2012b.C.words783" starttime="2189.06" endtime="2189.06" punc="true">,</w>
   <w nite:id="ES2012b.C.words784" starttime="2189.06" endtime="2189.39">okay</w>
   <w nite:id="ES2012b.C.words785" starttime="2189.39" endtime="2189.39" punc="true">.</w>
   <w nite:id="ES2012b.C.words786" starttime="2193.11" endtime="2193.9">Okay</w>
   <w nite:id="ES2012b.C.words787" starttime="2193.9" endtime="2193.9" punc="true">.</w>
   <w nite:id="ES2012b.C.words788" starttime="2203.44" endtime="2203.81">Yeah</w>
   <w nite:id="ES2012b.C.words789" starttime="2203.81" endtime="2203.81" punc="true">.</w>
   <w nite:id="ES2012b.C.words790" starttime="2207.75" endtime="2208.02">Oh</w>
   <vocalsound nite:id="ES2012b.C.words791" starttime="2208.02" endtime="2208.02" type="other"/>
   <w nite:id="ES2012b.C.words792" starttime="2208.02" endtime="2208.41">okay</w>
   <w nite:id="ES2012b.C.words793" starttime="2208.41" endtime="2208.41" punc="true">.</w>
   <w nite:id="ES2012b.C.words794" starttime="2226.93" endtime="2227.16">Okay</w>
   <w nite:id="ES2012b.C.words795" starttime="2227.16" endtime="2227.16" punc="true">.</w>
   <vocalsound nite:id="ES2012b.C.words796" starttime="2235.926" endtime="2237.06" type="laugh"/>
</nite:root>