<?xml version="1.0" encoding="ISO-8859-1" standalone="yes"?>
<nite:root nite:id="Bmr006.A.segs" xmlns:nite="http://nite.sourceforge.net/">
   <segment nite:id="Bmr006.segment.7" starttime="5.989" endtime="6.609" participant="me018" timing-provenance="dialogueact">
      <nite:child href="Bmr006.A.words.xml#id(Bmr006.w.34)..id(Bmr006.w.37)"/>
   </segment>
   <segment nite:id="Bmr006.segment.10" starttime="6.829" endtime="8.959" participant="me018" timing-provenance="dialogueact">
      <nite:child href="Bmr006.A.words.xml#id(Bmr006.w.38)..id(Bmr006.w.52)"/>
   </segment>
   <segment nite:id="Bmr006.segment.20" starttime="28.133" endtime="29.593" participant="me018" timing-provenance="dialogueact">
      <nite:child href="Bmr006.A.words.xml#id(Bmr006.w.155)..id(Bmr006.w.166)"/>
   </segment>
   <segment nite:id="Bmr006.segment.63" starttime="119.494" endtime="119.984" participant="me018" timing-provenance="dialogueact">
      <nite:child href="Bmr006.A.words.xml#id(Bmr006.w.516)..id(Bmr006.w.519)"/>
   </segment>
   <segment nite:id="Bmr006.segment.64" starttime="121.17" endtime="121.51" participant="me018" timing-provenance="dialogueact">
      <nite:child href="Bmr006.A.words.xml#id(Bmr006.w.520)..id(Bmr006.w.521)"/>
   </segment>
   <segment nite:id="Bmr006.segment.66" starttime="126.58" endtime="126.95" participant="me018" timing-provenance="dialogueact">
      <nite:child href="Bmr006.A.words.xml#id(Bmr006.w.550)..id(Bmr006.w.553)"/>
   </segment>
   <segment nite:id="Bmr006.segment.549" starttime="1062.0" endtime="1062.92" participant="me018" timing-provenance="dialogueact">
      <nite:child href="Bmr006.A.words.xml#id(Bmr006.w.4,817)..id(Bmr006.w.4,820)"/>
   </segment>
   <segment nite:id="Bmr006.segment.608" starttime="1099.834" endtime="1100.458" participant="me018" timing-provenance="segment">
      <nite:child href="Bmr006.A.words.xml#id(Bmr006.w.5,046)..id(Bmr006.comment.27)"/>
   </segment>
   <segment nite:id="Bmr006.segment.611" starttime="1100.776" endtime="1103.597" participant="me018" timing-provenance="segment">
      <nite:child href="Bmr006.A.words.xml#id(Bmr006.vocalsound.88)"/>
   </segment>
   <segment nite:id="Bmr006.segment.619" starttime="1105.72" endtime="1108.778" participant="me018" timing-provenance="segment">
      <nite:child href="Bmr006.A.words.xml#id(Bmr006.vocalsound.94)"/>
   </segment>
   <segment nite:id="Bmr006.segment.624" starttime="1108.778" endtime="1109.675" participant="me018" timing-provenance="segment">
      <nite:child href="Bmr006.A.words.xml#id(Bmr006.vocalsound.99)"/>
   </segment>
   <segment nite:id="Bmr006.segment.628" starttime="1113.717" endtime="1115.11" participant="me018" timing-provenance="segment">
      <nite:child href="Bmr006.A.words.xml#id(Bmr006.vocalsound.100)"/>
   </segment>
   <segment nite:id="Bmr006.segment.633" starttime="1115.774" endtime="1118.941" participant="me018" timing-provenance="segment">
      <nite:child href="Bmr006.A.words.xml#id(Bmr006.vocalsound.104)"/>
   </segment>
   <segment nite:id="Bmr006.segment.640" starttime="1121.861" endtime="1123.962" participant="me018" timing-provenance="segment">
      <nite:child href="Bmr006.A.words.xml#id(Bmr006.vocalsound.107)"/>
   </segment>
   <segment nite:id="Bmr006.segment.657" starttime="1134.68" endtime="1135.78" participant="me018" timing-provenance="dialogueact">
      <nite:child href="Bmr006.A.words.xml#id(Bmr006.w.5,222)..id(Bmr006.w.5,229)"/>
   </segment>
   <segment nite:id="Bmr006.segment.671" starttime="1143.785" endtime="1146.156" participant="me018" timing-provenance="segment">
      <nite:child href="Bmr006.A.words.xml#id(Bmr006.vocalsound.119)..id(Bmr006.vocalsound.120)"/>
   </segment>
   <segment nite:id="Bmr006.segment.681" starttime="1154.765" endtime="1155.457" participant="me018" timing-provenance="segment">
      <nite:child href="Bmr006.A.words.xml#id(Bmr006.vocalsound.123)"/>
   </segment>
   <segment nite:id="Bmr006.segment.684" starttime="1156.4" endtime="1160.42" participant="me018" timing-provenance="dialogueact">
      <nite:child href="Bmr006.A.words.xml#id(Bmr006.w.5,403)..id(Bmr006.w.5,421)"/>
   </segment>
   <segment nite:id="Bmr006.segment.740" starttime="1200.029" endtime="1201.915" participant="me018" timing-provenance="segment">
      <nite:child href="Bmr006.A.words.xml#id(Bmr006.vocalsound.146)"/>
   </segment>
   <segment nite:id="Bmr006.segment.763" starttime="1214.38" endtime="1214.6" participant="me018" timing-provenance="dialogueact">
      <nite:child href="Bmr006.A.words.xml#id(Bmr006.w.5,739)..id(Bmr006.w.5,741)"/>
   </segment>
   <segment nite:id="Bmr006.segment.793" starttime="1250.06" endtime="1251.05" participant="me018" timing-provenance="dialogueact">
      <nite:child href="Bmr006.A.words.xml#id(Bmr006.w.5,859)..id(Bmr006.w.5,865)"/>
   </segment>
   <segment nite:id="Bmr006.segment.805" starttime="1259.9" endtime="1261.24" participant="me018" timing-provenance="dialogueact">
      <nite:child href="Bmr006.A.words.xml#id(Bmr006.w.5,920)..id(Bmr006.w.5,927)"/>
   </segment>
   <segment nite:id="Bmr006.segment.810" starttime="1264.69" endtime="1265.19" participant="me018" timing-provenance="dialogueact">
      <nite:child href="Bmr006.A.words.xml#id(Bmr006.w.5,953)..id(Bmr006.w.5,954)"/>
   </segment>
   <segment nite:id="Bmr006.segment.839" starttime="1289.91" endtime="1290.78" participant="me018" timing-provenance="dialogueact">
      <nite:child href="Bmr006.A.words.xml#id(Bmr006.w.6,102)..id(Bmr006.w.6,105)"/>
   </segment>
   <segment nite:id="Bmr006.segment.845" starttime="1292.16" endtime="1292.69" participant="me018" timing-provenance="dialogueact">
      <nite:child href="Bmr006.A.words.xml#id(Bmr006.w.6,125)..id(Bmr006.w.6,126)"/>
   </segment>
   <segment nite:id="Bmr006.segment.847" starttime="1293.63" endtime="1293.82" participant="me018" timing-provenance="dialogueact">
      <nite:child href="Bmr006.A.words.xml#id(Bmr006.w.6,127)..id(Bmr006.w.6,128)"/>
   </segment>
   <segment nite:id="Bmr006.segment.849" starttime="1294.04" endtime="1294.16" participant="me018" timing-provenance="dialogueact">
      <nite:child href="Bmr006.A.words.xml#id(Bmr006.w.6,129)..id(Bmr006.w.6,130)"/>
   </segment>
   <segment nite:id="Bmr006.segment.888" starttime="1349.54" endtime="1350.77" participant="me018" timing-provenance="dialogueact">
      <nite:child href="Bmr006.A.words.xml#id(Bmr006.w.6,357)..id(Bmr006.w.6,365)"/>
   </segment>
   <segment nite:id="Bmr006.segment.891" starttime="1358.125" endtime="1358.817" participant="me018" timing-provenance="segment">
      <nite:child href="Bmr006.A.words.xml#id(Bmr006.w.6,401)..id(Bmr006.comment.52)"/>
   </segment>
   <segment nite:id="Bmr006.segment.897" starttime="1364.24" endtime="1364.65" participant="me018" timing-provenance="dialogueact">
      <nite:child href="Bmr006.A.words.xml#id(Bmr006.w.6,434)..id(Bmr006.w.6,437)"/>
   </segment>
   <segment nite:id="Bmr006.segment.898" starttime="1367.04" endtime="1368.86" participant="me018" timing-provenance="dialogueact">
      <nite:child href="Bmr006.A.words.xml#id(Bmr006.w.6,438)..id(Bmr006.w.6,448)"/>
   </segment>
   <segment nite:id="Bmr006.segment.900" starttime="1369.33" endtime="1370.15" participant="me018" timing-provenance="dialogueact">
      <nite:child href="Bmr006.A.words.xml#id(Bmr006.w.6,449)..id(Bmr006.w.6,450)"/>
   </segment>
   <segment nite:id="Bmr006.segment.901" starttime="1370.5" endtime="1371.32" participant="me018" timing-provenance="dialogueact">
      <nite:child href="Bmr006.A.words.xml#id(Bmr006.w.6,451)..id(Bmr006.w.6,454)"/>
   </segment>
   <segment nite:id="Bmr006.segment.902" starttime="1372.87" endtime="1374.22" participant="me018" timing-provenance="dialogueact">
      <nite:child href="Bmr006.A.words.xml#id(Bmr006.w.6,455)..id(Bmr006.w.6,460)"/>
   </segment>
   <segment nite:id="Bmr006.segment.903" starttime="1374.37" endtime="1375.98" participant="me018" timing-provenance="dialogueact">
      <nite:child href="Bmr006.A.words.xml#id(Bmr006.w.6,461)..id(Bmr006.w.6,464)"/>
   </segment>
   <segment nite:id="Bmr006.segment.904" starttime="1376.58" endtime="1378.8" participant="me018" timing-provenance="dialogueact">
      <nite:child href="Bmr006.A.words.xml#id(Bmr006.w.6,465)..id(Bmr006.pause.36)"/>
   </segment>
   <segment nite:id="Bmr006.segment.905" starttime="1378.8" endtime="1384.72" participant="me018" timing-provenance="dialogueact">
      <nite:child href="Bmr006.A.words.xml#id(Bmr006.w.6,473)..id(Bmr006.w.6,496)"/>
   </segment>
   <segment nite:id="Bmr006.segment.907" starttime="1384.88" endtime="1385.36" participant="me018" timing-provenance="dialogueact">
      <nite:child href="Bmr006.A.words.xml#id(Bmr006.w.6,499)..id(Bmr006.w.6,500)"/>
   </segment>
   <segment nite:id="Bmr006.segment.908" starttime="1386.17" endtime="1387.39" participant="me018" timing-provenance="dialogueact">
      <nite:child href="Bmr006.A.words.xml#id(Bmr006.w.6,501)..id(Bmr006.w.6,505)"/>
   </segment>
   <segment nite:id="Bmr006.segment.909" starttime="1388.4" endtime="1391.1" participant="me018" timing-provenance="dialogueact">
      <nite:child href="Bmr006.A.words.xml#id(Bmr006.w.6,506)..id(Bmr006.w.6,515)"/>
   </segment>
   <segment nite:id="Bmr006.segment.910" starttime="1391.88" endtime="1395.01" participant="me018" timing-provenance="dialogueact">
      <nite:child href="Bmr006.A.words.xml#id(Bmr006.w.6,516)..id(Bmr006.w.6,529)"/>
   </segment>
   <segment nite:id="Bmr006.segment.912" starttime="1395.67" endtime="1396.87" participant="me018" timing-provenance="dialogueact">
      <nite:child href="Bmr006.A.words.xml#id(Bmr006.w.6,530)..id(Bmr006.w.6,533)"/>
   </segment>
   <segment nite:id="Bmr006.segment.913" starttime="1397.05" endtime="1397.72" participant="me018" timing-provenance="dialogueact">
      <nite:child href="Bmr006.A.words.xml#id(Bmr006.w.6,534)..id(Bmr006.w.6,536)"/>
   </segment>
   <segment nite:id="Bmr006.segment.914" starttime="1397.72" endtime="1400.28" participant="me018" timing-provenance="dialogueact">
      <nite:child href="Bmr006.A.words.xml#id(Bmr006.w.6,537)..id(Bmr006.pause.37)"/>
   </segment>
   <segment nite:id="Bmr006.segment.915" starttime="1400.28" endtime="1401.11" participant="me018" timing-provenance="dialogueact">
      <nite:child href="Bmr006.A.words.xml#id(Bmr006.w.6,549)..id(Bmr006.pause.38)"/>
   </segment>
   <segment nite:id="Bmr006.segment.916" starttime="1401.11" endtime="1402.48" participant="me018" timing-provenance="dialogueact">
      <nite:child href="Bmr006.A.words.xml#id(Bmr006.w.6,550)..id(Bmr006.pause.39)"/>
   </segment>
   <segment nite:id="Bmr006.segment.917" starttime="1402.48" endtime="1403.27" participant="me018" timing-provenance="dialogueact">
      <nite:child href="Bmr006.A.words.xml#id(Bmr006.w.6,557)..id(Bmr006.w.6,560)"/>
   </segment>
   <segment nite:id="Bmr006.segment.918" starttime="1403.342" endtime="1403.893" participant="me018" timing-provenance="segment">
      <nite:child href="Bmr006.A.words.xml#id(Bmr006.vocalsound.185)"/>
   </segment>
   <segment nite:id="Bmr006.segment.919" starttime="1403.94" endtime="1404.91" participant="me018" timing-provenance="dialogueact">
      <nite:child href="Bmr006.A.words.xml#id(Bmr006.w.6,561)..id(Bmr006.w.6,565)"/>
   </segment>
   <segment nite:id="Bmr006.segment.920" starttime="1405.13" endtime="1406.18" participant="me018" timing-provenance="dialogueact">
      <nite:child href="Bmr006.A.words.xml#id(Bmr006.w.6,566)..id(Bmr006.w.6,569)"/>
   </segment>
   <segment nite:id="Bmr006.segment.921" starttime="1406.26" endtime="1408.47" participant="me018" timing-provenance="dialogueact">
      <nite:child href="Bmr006.A.words.xml#id(Bmr006.w.6,570)..id(Bmr006.pause.40)"/>
   </segment>
   <segment nite:id="Bmr006.segment.922" starttime="1408.47" endtime="1410.22" participant="me018" timing-provenance="dialogueact">
      <nite:child href="Bmr006.A.words.xml#id(Bmr006.w.6,583)..id(Bmr006.w.6,590)"/>
   </segment>
   <segment nite:id="Bmr006.segment.923" starttime="1410.77" endtime="1412.16" participant="me018" timing-provenance="dialogueact">
      <nite:child href="Bmr006.A.words.xml#id(Bmr006.w.6,591)..id(Bmr006.w.6,599)"/>
   </segment>
   <segment nite:id="Bmr006.segment.924" starttime="1412.19" endtime="1414.49" participant="me018" timing-provenance="dialogueact">
      <nite:child href="Bmr006.A.words.xml#id(Bmr006.w.6,600)..id(Bmr006.pause.41)"/>
   </segment>
   <segment nite:id="Bmr006.segment.925" starttime="1414.49" endtime="1415.94" participant="me018" timing-provenance="dialogueact">
      <nite:child href="Bmr006.A.words.xml#id(Bmr006.w.6,615)..id(Bmr006.w.6,625)"/>
   </segment>
   <segment nite:id="Bmr006.segment.926" starttime="1415.985" endtime="1416.429" participant="me018" timing-provenance="segment">
      <nite:child href="Bmr006.A.words.xml#id(Bmr006.vocalsound.186)"/>
   </segment>
   <segment nite:id="Bmr006.segment.927" starttime="1416.47" endtime="1420.21" participant="me018" timing-provenance="dialogueact">
      <nite:child href="Bmr006.A.words.xml#id(Bmr006.w.6,626)..id(Bmr006.w.6,645)"/>
   </segment>
   <segment nite:id="Bmr006.segment.928" starttime="1420.42" endtime="1422.2" participant="me018" timing-provenance="dialogueact">
      <nite:child href="Bmr006.A.words.xml#id(Bmr006.w.6,646)..id(Bmr006.w.6,652)"/>
   </segment>
   <segment nite:id="Bmr006.segment.929" starttime="1422.97" endtime="1423.71" participant="me018" timing-provenance="dialogueact">
      <nite:child href="Bmr006.A.words.xml#id(Bmr006.w.6,653)..id(Bmr006.w.6,655)"/>
   </segment>
   <segment nite:id="Bmr006.segment.930" starttime="1424.04" endtime="1424.87" participant="me018" timing-provenance="dialogueact">
      <nite:child href="Bmr006.A.words.xml#id(Bmr006.w.6,656)..id(Bmr006.w.6,658)"/>
   </segment>
   <segment nite:id="Bmr006.segment.932" starttime="1424.87" endtime="1428.22" participant="me018" timing-provenance="dialogueact">
      <nite:child href="Bmr006.A.words.xml#id(Bmr006.w.6,659)..id(Bmr006.w.6,672)"/>
   </segment>
   <segment nite:id="Bmr006.segment.934" starttime="1428.86" endtime="1431.68" participant="me018" timing-provenance="dialogueact">
      <nite:child href="Bmr006.A.words.xml#id(Bmr006.w.6,673)..id(Bmr006.w.6,690)"/>
   </segment>
   <segment nite:id="Bmr006.segment.935" starttime="1431.68" endtime="1434.8" participant="me018" timing-provenance="dialogueact">
      <nite:child href="Bmr006.A.words.xml#id(Bmr006.w.6,691)..id(Bmr006.w.6,711)"/>
   </segment>
   <segment nite:id="Bmr006.segment.936" starttime="1435.67" endtime="1436.36" participant="me018" timing-provenance="dialogueact">
      <nite:child href="Bmr006.A.words.xml#id(Bmr006.w.6,712)..id(Bmr006.w.6,717)"/>
   </segment>
   <segment nite:id="Bmr006.segment.949" starttime="1459.56" endtime="1461.46" participant="me018" timing-provenance="dialogueact">
      <nite:child href="Bmr006.A.words.xml#id(Bmr006.w.6,813)..id(Bmr006.w.6,822)"/>
   </segment>
   <segment nite:id="Bmr006.segment.954" starttime="1467.14" endtime="1471.095" participant="me018" timing-provenance="segment">
      <nite:child href="Bmr006.A.words.xml#id(Bmr006.w.6,850)..id(Bmr006.disfmarker.251)"/>
   </segment>
   <segment nite:id="Bmr006.segment.957" starttime="1472.43" endtime="1473.4" participant="me018" timing-provenance="dialogueact">
      <nite:child href="Bmr006.A.words.xml#id(Bmr006.w.6,887)..id(Bmr006.w.6,892)"/>
   </segment>
   <segment nite:id="Bmr006.segment.973" starttime="1497.75" endtime="1498.821" participant="me018" timing-provenance="segment">
      <nite:child href="Bmr006.A.words.xml#id(Bmr006.w.7,007)..id(Bmr006.disfmarker.253)"/>
   </segment>
   <segment nite:id="Bmr006.segment.974" starttime="1498.8" endtime="1500.15" participant="me018" timing-provenance="dialogueact">
      <nite:child href="Bmr006.A.words.xml#id(Bmr006.w.7,011)..id(Bmr006.w.7,018)"/>
   </segment>
   <segment nite:id="Bmr006.segment.975" starttime="1500.49" endtime="1501.03" participant="me018" timing-provenance="dialogueact">
      <nite:child href="Bmr006.A.words.xml#id(Bmr006.w.7,019)..id(Bmr006.w.7,020)"/>
   </segment>
   <segment nite:id="Bmr006.segment.976" starttime="1501.11" endtime="1501.8" participant="me018" timing-provenance="dialogueact">
      <nite:child href="Bmr006.A.words.xml#id(Bmr006.w.7,021)..id(Bmr006.pause.43)"/>
   </segment>
   <segment nite:id="Bmr006.segment.977" starttime="1501.8" endtime="1504.41" participant="me018" timing-provenance="dialogueact">
      <nite:child href="Bmr006.A.words.xml#id(Bmr006.w.7,023)..id(Bmr006.w.7,030)"/>
   </segment>
   <segment nite:id="Bmr006.segment.978" starttime="1504.41" endtime="1506.38" participant="me018" timing-provenance="dialogueact">
      <nite:child href="Bmr006.A.words.xml#id(Bmr006.w.7,031)..id(Bmr006.w.7,037)"/>
   </segment>
   <segment nite:id="Bmr006.segment.979" starttime="1507.1" endtime="1508.38" participant="me018" timing-provenance="dialogueact">
      <nite:child href="Bmr006.A.words.xml#id(Bmr006.w.7,038)..id(Bmr006.w.7,042)"/>
   </segment>
   <segment nite:id="Bmr006.segment.980" starttime="1508.79" endtime="1511.8" participant="me018" timing-provenance="dialogueact">
      <nite:child href="Bmr006.A.words.xml#id(Bmr006.w.7,043)..id(Bmr006.w.7,056)"/>
   </segment>
   <segment nite:id="Bmr006.segment.983" starttime="1514.41" endtime="1514.83" participant="me018" timing-provenance="dialogueact">
      <nite:child href="Bmr006.A.words.xml#id(Bmr006.w.7,092)..id(Bmr006.w.7,093)"/>
   </segment>
   <segment nite:id="Bmr006.segment.984" starttime="1517.35" endtime="1517.88" participant="me018" timing-provenance="dialogueact">
      <nite:child href="Bmr006.A.words.xml#id(Bmr006.w.7,094)..id(Bmr006.w.7,095)"/>
   </segment>
   <segment nite:id="Bmr006.segment.985" starttime="1518.73" endtime="1520.92" participant="me018" timing-provenance="dialogueact">
      <nite:child href="Bmr006.A.words.xml#id(Bmr006.w.7,096)..id(Bmr006.w.7,112)"/>
   </segment>
   <segment nite:id="Bmr006.segment.988" starttime="1522.14" endtime="1522.73" participant="me018" timing-provenance="dialogueact">
      <nite:child href="Bmr006.A.words.xml#id(Bmr006.w.7,134)..id(Bmr006.w.7,137)"/>
   </segment>
   <segment nite:id="Bmr006.segment.989" starttime="1523.57" endtime="1524.72" participant="me018" timing-provenance="dialogueact">
      <nite:child href="Bmr006.A.words.xml#id(Bmr006.w.7,138)..id(Bmr006.w.7,146)"/>
   </segment>
   <segment nite:id="Bmr006.segment.991" starttime="1529.32" endtime="1529.65" participant="me018" timing-provenance="dialogueact">
      <nite:child href="Bmr006.A.words.xml#id(Bmr006.w.7,175)..id(Bmr006.w.7,176)"/>
   </segment>
   <segment nite:id="Bmr006.segment.1,042" starttime="1611.047" endtime="1611.725" participant="me018" timing-provenance="segment">
      <nite:child href="Bmr006.A.words.xml#id(Bmr006.w.7,529)..id(Bmr006.comment.62)"/>
   </segment>
   <segment nite:id="Bmr006.segment.1,101" starttime="1738.62" endtime="1739.46" participant="me018" timing-provenance="dialogueact">
      <nite:child href="Bmr006.A.words.xml#id(Bmr006.w.7,966)..id(Bmr006.w.7,967)"/>
   </segment>
   <segment nite:id="Bmr006.segment.1,176" starttime="1883.71" endtime="1885.49" participant="me018" timing-provenance="dialogueact">
      <nite:child href="Bmr006.A.words.xml#id(Bmr006.w.8,452)..id(Bmr006.w.8,458)"/>
   </segment>
   <segment nite:id="Bmr006.segment.1,177" starttime="1886.35" endtime="1887.396" participant="me018" timing-provenance="segment">
      <nite:child href="Bmr006.A.words.xml#id(Bmr006.w.8,459)..id(Bmr006.comment.76)"/>
   </segment>
   <segment nite:id="Bmr006.segment.1,179" starttime="1889.49" endtime="1889.67" participant="me018" timing-provenance="dialogueact">
      <nite:child href="Bmr006.A.words.xml#id(Bmr006.w.8,476)..id(Bmr006.w.8,479)"/>
   </segment>
   <segment nite:id="Bmr006.segment.1,195" starttime="1917.45" endtime="1918.17" participant="me018" timing-provenance="dialogueact">
      <nite:child href="Bmr006.A.words.xml#id(Bmr006.w.8,603)..id(Bmr006.w.8,606)"/>
   </segment>
   <segment nite:id="Bmr006.segment.1,198" starttime="1918.87" endtime="1919.12" participant="me018" timing-provenance="dialogueact">
      <nite:child href="Bmr006.A.words.xml#id(Bmr006.w.8,622)..id(Bmr006.w.8,623)"/>
   </segment>
   <segment nite:id="Bmr006.segment.1,263" starttime="2021.89" endtime="2023.57" participant="me018" timing-provenance="dialogueact">
      <nite:child href="Bmr006.A.words.xml#id(Bmr006.w.9,139)..id(Bmr006.w.9,148)"/>
   </segment>
   <segment nite:id="Bmr006.segment.1,289" starttime="2045.402" endtime="2046.659" participant="me018" timing-provenance="segment">
      <nite:child href="Bmr006.A.words.xml#id(Bmr006.w.9,288)..id(Bmr006.disfmarker.400)"/>
   </segment>
   <segment nite:id="Bmr006.segment.1,301" starttime="2056.89" endtime="2061.68" participant="me018" timing-provenance="dialogueact">
      <nite:child href="Bmr006.A.words.xml#id(Bmr006.w.9,370)..id(Bmr006.w.9,389)"/>
   </segment>
   <segment nite:id="Bmr006.segment.1,305" starttime="2062.38" endtime="2062.94" participant="me018" timing-provenance="dialogueact">
      <nite:child href="Bmr006.A.words.xml#id(Bmr006.w.9,403)..id(Bmr006.w.9,405)"/>
   </segment>
   <segment nite:id="Bmr006.segment.1,307" starttime="2064.18" endtime="2064.46" participant="me018" timing-provenance="dialogueact">
      <nite:child href="Bmr006.A.words.xml#id(Bmr006.w.9,412)..id(Bmr006.w.9,413)"/>
   </segment>
   <segment nite:id="Bmr006.segment.1,373" starttime="2168.12" endtime="2168.68" participant="me018" timing-provenance="dialogueact">
      <nite:child href="Bmr006.A.words.xml#id(Bmr006.w.9,804)..id(Bmr006.w.9,808)"/>
   </segment>
   <segment nite:id="Bmr006.segment.1,376" starttime="2169.42" endtime="2169.6" participant="me018" timing-provenance="dialogueact">
      <nite:child href="Bmr006.A.words.xml#id(Bmr006.w.9,816)..id(Bmr006.w.9,817)"/>
   </segment>
   <segment nite:id="Bmr006.segment.1,383" starttime="2180.91" endtime="2181.11" participant="me018" timing-provenance="dialogueact">
      <nite:child href="Bmr006.A.words.xml#id(Bmr006.w.9,860)..id(Bmr006.w.9,861)"/>
   </segment>
   <segment nite:id="Bmr006.segment.1,384" starttime="2181.61" endtime="2182.21" participant="me018" timing-provenance="dialogueact">
      <nite:child href="Bmr006.A.words.xml#id(Bmr006.w.9,862)..id(Bmr006.w.9,867)"/>
   </segment>
   <segment nite:id="Bmr006.segment.1,389" starttime="2191.24" endtime="2191.42" participant="me018" timing-provenance="dialogueact">
      <nite:child href="Bmr006.A.words.xml#id(Bmr006.w.9,914)..id(Bmr006.w.9,915)"/>
   </segment>
   <segment nite:id="Bmr006.segment.1,496" starttime="2400.613" endtime="2403.264" participant="me018" timing-provenance="segment">
      <nite:child href="Bmr006.A.words.xml#id(Bmr006.vocalsound.250)"/>
   </segment>
   <segment nite:id="Bmr006.segment.1,650" starttime="2725.38" endtime="2727.7" participant="me018" timing-provenance="segment">
      <nite:child href="Bmr006.A.words.xml#id(Bmr006.vocalsound.271)"/>
   </segment>
   <segment nite:id="Bmr006.segment.1,715" starttime="2861.95" endtime="2862.62" participant="me018" timing-provenance="dialogueact">
      <nite:child href="Bmr006.A.words.xml#id(Bmr006.w.12,392)..id(Bmr006.w.12,397)"/>
   </segment>
   <segment nite:id="Bmr006.segment.1,833" starttime="3070.37" endtime="3073.14" participant="me018" timing-provenance="dialogueact">
      <nite:child href="Bmr006.A.words.xml#id(Bmr006.w.13,275)..id(Bmr006.w.13,285)"/>
   </segment>
   <segment nite:id="Bmr006.segment.1,834" starttime="3074.38" endtime="3079.98" participant="me018" timing-provenance="dialogueact">
      <nite:child href="Bmr006.A.words.xml#id(Bmr006.w.13,286)..id(Bmr006.w.13,310)"/>
   </segment>
   <segment nite:id="Bmr006.segment.1,837" starttime="3080.5" endtime="3084.33" participant="me018" timing-provenance="dialogueact">
      <nite:child href="Bmr006.A.words.xml#id(Bmr006.w.13,313)..id(Bmr006.w.13,322)"/>
   </segment>
   <segment nite:id="Bmr006.segment.1,838" starttime="3084.9" endtime="3085.68" participant="me018" timing-provenance="segment">
      <nite:child href="Bmr006.A.words.xml#id(Bmr006.w.13,323)..id(Bmr006.disfmarker.690)"/>
   </segment>
   <segment nite:id="Bmr006.segment.1,840" starttime="3088.89" endtime="3089.19" participant="me018" timing-provenance="dialogueact">
      <nite:child href="Bmr006.A.words.xml#id(Bmr006.w.13,341)..id(Bmr006.w.13,344)"/>
   </segment>
   <segment nite:id="Bmr006.segment.1,846" starttime="3100.43" endtime="3102.37" participant="me018" timing-provenance="dialogueact">
      <nite:child href="Bmr006.A.words.xml#id(Bmr006.w.13,394)..id(Bmr006.w.13,401)"/>
   </segment>
   <segment nite:id="Bmr006.segment.1,850" starttime="3105.52" endtime="3108.2" participant="me018" timing-provenance="dialogueact">
      <nite:child href="Bmr006.A.words.xml#id(Bmr006.w.13,423)..id(Bmr006.w.13,433)"/>
   </segment>
   <segment nite:id="Bmr006.segment.1,852" starttime="3108.251" endtime="3110.569" participant="me018" timing-provenance="segment">
      <nite:child href="Bmr006.A.words.xml#id(Bmr006.w.13,434)..id(Bmr006.comment.121)"/>
   </segment>
   <segment nite:id="Bmr006.segment.1,859" starttime="3123.64" endtime="3124.13" participant="me018" timing-provenance="dialogueact">
      <nite:child href="Bmr006.A.words.xml#id(Bmr006.w.13,507)..id(Bmr006.w.13,509)"/>
   </segment>
   <segment nite:id="Bmr006.segment.1,864" starttime="3134.75" endtime="3135.62" participant="me018" timing-provenance="dialogueact">
      <nite:child href="Bmr006.A.words.xml#id(Bmr006.w.13,574)..id(Bmr006.w.13,577)"/>
   </segment>
   <segment nite:id="Bmr006.segment.1,868" starttime="3136.07" endtime="3136.32" participant="me018" timing-provenance="dialogueact">
      <nite:child href="Bmr006.A.words.xml#id(Bmr006.w.13,605)..id(Bmr006.w.13,606)"/>
   </segment>
   <segment nite:id="Bmr006.segment.1,870" starttime="3137.69" endtime="3138.0" participant="me018" timing-provenance="dialogueact">
      <nite:child href="Bmr006.A.words.xml#id(Bmr006.w.13,609)..id(Bmr006.w.13,611)"/>
   </segment>
   <segment nite:id="Bmr006.segment.1,873" starttime="3138.89" endtime="3139.24" participant="me018" timing-provenance="dialogueact">
      <nite:child href="Bmr006.A.words.xml#id(Bmr006.w.13,620)..id(Bmr006.w.13,621)"/>
   </segment>
   <segment nite:id="Bmr006.segment.1,879" starttime="3146.938" endtime="3149.735" participant="me018" timing-provenance="segment">
      <nite:child href="Bmr006.A.words.xml#id(Bmr006.w.13,673)..id(Bmr006.disfmarker.713)"/>
   </segment>
   <segment nite:id="Bmr006.segment.1,888" starttime="3157.601" endtime="3158.761" participant="me018" timing-provenance="segment">
      <nite:child href="Bmr006.A.words.xml#id(Bmr006.w.13,775)..id(Bmr006.w.13,779)"/>
   </segment>
   <segment nite:id="Bmr006.segment.1,896" starttime="3167.54" endtime="3168.71" participant="me018" timing-provenance="dialogueact">
      <nite:child href="Bmr006.A.words.xml#id(Bmr006.w.13,840)..id(Bmr006.w.13,845)"/>
   </segment>
   <segment nite:id="Bmr006.segment.1,904" starttime="3184.877" endtime="3185.664" participant="me018" timing-provenance="segment">
      <nite:child href="Bmr006.A.words.xml#id(Bmr006.w.13,909)..id(Bmr006.disfmarker.746)"/>
   </segment>
   <segment nite:id="Bmr006.segment.1,923" starttime="3207.17" endtime="3208.7" participant="me018" timing-provenance="dialogueact">
      <nite:child href="Bmr006.A.words.xml#id(Bmr006.w.14,044)..id(Bmr006.w.14,053)"/>
   </segment>
   <segment nite:id="Bmr006.segment.1,929" starttime="3214.1" endtime="3214.34" participant="me018" timing-provenance="dialogueact">
      <nite:child href="Bmr006.A.words.xml#id(Bmr006.w.14,085)..id(Bmr006.w.14,086)"/>
   </segment>
   <segment nite:id="Bmr006.segment.1,934" starttime="3224.78" endtime="3226.79" participant="me018" timing-provenance="dialogueact">
      <nite:child href="Bmr006.A.words.xml#id(Bmr006.w.14,127)..id(Bmr006.w.14,137)"/>
   </segment>
   <segment nite:id="Bmr006.segment.1,938" starttime="3227.37" endtime="3228.25" participant="me018" timing-provenance="dialogueact">
      <nite:child href="Bmr006.A.words.xml#id(Bmr006.w.14,151)..id(Bmr006.w.14,156)"/>
   </segment>
   <segment nite:id="Bmr006.segment.1,952" starttime="3247.509" endtime="3248.377" participant="me018" timing-provenance="segment">
      <nite:child href="Bmr006.A.words.xml#id(Bmr006.vocalsound.327)"/>
   </segment>
   <segment nite:id="Bmr006.segment.1,961" starttime="3256.27" endtime="3257.02" participant="me018" timing-provenance="dialogueact">
      <nite:child href="Bmr006.A.words.xml#id(Bmr006.w.14,321)..id(Bmr006.w.14,324)"/>
   </segment>
   <segment nite:id="Bmr006.segment.1,967" starttime="3261.83" endtime="3262.86" participant="me018" timing-provenance="dialogueact">
      <nite:child href="Bmr006.A.words.xml#id(Bmr006.w.14,363)..id(Bmr006.w.14,368)"/>
   </segment>
   <segment nite:id="Bmr006.segment.1,968" starttime="3263.39" endtime="3267.355" participant="me018" timing-provenance="segment">
      <nite:child href="Bmr006.A.words.xml#id(Bmr006.w.14,369)..id(Bmr006.disfmarker.772)"/>
   </segment>
   <segment nite:id="Bmr006.segment.1,973" starttime="3270.37" endtime="3270.73" participant="me018" timing-provenance="dialogueact">
      <nite:child href="Bmr006.A.words.xml#id(Bmr006.w.14,419)..id(Bmr006.w.14,420)"/>
   </segment>
   <segment nite:id="Bmr006.segment.1,976" starttime="3271.79" endtime="3272.08" participant="me018" timing-provenance="dialogueact">
      <nite:child href="Bmr006.A.words.xml#id(Bmr006.w.14,427)..id(Bmr006.w.14,430)"/>
   </segment>
   <segment nite:id="Bmr006.segment.1,983" starttime="3280.71" endtime="3281.76" participant="me018" timing-provenance="dialogueact">
      <nite:child href="Bmr006.A.words.xml#id(Bmr006.w.14,488)..id(Bmr006.w.14,491)"/>
   </segment>
   <segment nite:id="Bmr006.segment.1,984" starttime="3282.34" endtime="3283.66" participant="me018" timing-provenance="segment">
      <nite:child href="Bmr006.A.words.xml#id(Bmr006.w.14,492)..id(Bmr006.disfmarker.777)"/>
   </segment>
   <segment nite:id="Bmr006.segment.1,996" starttime="3301.31" endtime="3304.65" participant="me018" timing-provenance="dialogueact">
      <nite:child href="Bmr006.A.words.xml#id(Bmr006.w.14,607)..id(Bmr006.w.14,623)"/>
   </segment>
   <segment nite:id="Bmr006.segment.2,001" starttime="3304.8" endtime="3305.53" participant="me018" timing-provenance="dialogueact">
      <nite:child href="Bmr006.A.words.xml#id(Bmr006.w.14,648)..id(Bmr006.w.14,651)"/>
   </segment>
   <segment nite:id="Bmr006.segment.2,006" starttime="3306.59" endtime="3306.76" participant="me018" timing-provenance="dialogueact">
      <nite:child href="Bmr006.A.words.xml#id(Bmr006.w.14,703)..id(Bmr006.w.14,704)"/>
   </segment>
   <segment nite:id="Bmr006.segment.2,056" starttime="3378.253" endtime="3379.659" participant="me018" timing-provenance="segment">
      <nite:child href="Bmr006.A.words.xml#id(Bmr006.w.15,164)..id(Bmr006.comment.134)"/>
   </segment>
   <segment nite:id="Bmr006.segment.2,058" starttime="3379.659" endtime="3380.739" participant="me018" timing-provenance="segment">
      <nite:child href="Bmr006.A.words.xml#id(Bmr006.vocalsound.342)"/>
   </segment>
   <segment nite:id="Bmr006.segment.2,062" starttime="3382.38" endtime="3384.25" participant="me018" timing-provenance="dialogueact">
      <nite:child href="Bmr006.A.words.xml#id(Bmr006.w.15,183)..id(Bmr006.w.15,192)"/>
   </segment>
   <segment nite:id="Bmr006.segment.2,063" starttime="3384.77" endtime="3385.2" participant="me018" timing-provenance="dialogueact">
      <nite:child href="Bmr006.A.words.xml#id(Bmr006.w.15,193)..id(Bmr006.w.15,195)"/>
   </segment>
   <segment nite:id="Bmr006.segment.2,083" starttime="3408.44" endtime="3410.05" participant="me018" timing-provenance="dialogueact">
      <nite:child href="Bmr006.A.words.xml#id(Bmr006.w.15,325)..id(Bmr006.w.15,337)"/>
   </segment>
   <segment nite:id="Bmr006.segment.2,089" starttime="3413.16" endtime="3413.59" participant="me018" timing-provenance="dialogueact">
      <nite:child href="Bmr006.A.words.xml#id(Bmr006.w.15,371)..id(Bmr006.w.15,374)"/>
   </segment>
   <segment nite:id="Bmr006.segment.2,093" starttime="3416.01" endtime="3416.38" participant="me018" timing-provenance="dialogueact">
      <nite:child href="Bmr006.A.words.xml#id(Bmr006.w.15,391)..id(Bmr006.w.15,394)"/>
   </segment>
   <segment nite:id="Bmr006.segment.2,097" starttime="3427.6" endtime="3429.008" participant="me018" timing-provenance="segment">
      <nite:child href="Bmr006.A.words.xml#id(Bmr006.w.15,434)..id(Bmr006.w.15,442)"/>
   </segment>
   <segment nite:id="Bmr006.segment.2,103" starttime="3439.15" endtime="3440.46" participant="me018" timing-provenance="dialogueact">
      <nite:child href="Bmr006.A.words.xml#id(Bmr006.w.15,495)..id(Bmr006.w.15,501)"/>
   </segment>
   <segment nite:id="Bmr006.segment.2,106" starttime="3442.953" endtime="3444.226" participant="me018" timing-provenance="segment">
      <nite:child href="Bmr006.A.words.xml#id(Bmr006.w.15,526)..id(Bmr006.comment.138)"/>
   </segment>
   <segment nite:id="Bmr006.segment.2,111" starttime="3446.77" endtime="3451.59" participant="me018" timing-provenance="dialogueact">
      <nite:child href="Bmr006.A.words.xml#id(Bmr006.w.15,556)..id(Bmr006.w.15,579)"/>
   </segment>
   <segment nite:id="Bmr006.segment.2,121" starttime="3455.6" endtime="3456.21" participant="me018" timing-provenance="dialogueact">
      <nite:child href="Bmr006.A.words.xml#id(Bmr006.w.15,623)..id(Bmr006.w.15,626)"/>
   </segment>
   <segment nite:id="Bmr006.segment.2,131" starttime="3474.61" endtime="3475.77" participant="me018" timing-provenance="dialogueact">
      <nite:child href="Bmr006.A.words.xml#id(Bmr006.w.15,719)..id(Bmr006.w.15,729)"/>
   </segment>
   <segment nite:id="Bmr006.segment.2,132" starttime="3476.29" endtime="3481.89" participant="me018" timing-provenance="dialogueact">
      <nite:child href="Bmr006.A.words.xml#id(Bmr006.w.15,730)..id(Bmr006.w.15,759)"/>
   </segment>
   <segment nite:id="Bmr006.segment.2,135" starttime="3482.504" endtime="3484.627" participant="me018" timing-provenance="segment">
      <nite:child href="Bmr006.A.words.xml#id(Bmr006.vocalsound.352)"/>
   </segment>
   <segment nite:id="Bmr006.segment.2,142" starttime="3492.948" endtime="3493.81" participant="me018" timing-provenance="segment">
      <nite:child href="Bmr006.A.words.xml#id(Bmr006.w.15,844)..id(Bmr006.comment.140)"/>
   </segment>
   <segment nite:id="Bmr006.segment.2,144" starttime="3495.47" endtime="3495.89" participant="me018" timing-provenance="dialogueact">
      <nite:child href="Bmr006.A.words.xml#id(Bmr006.w.15,855)..id(Bmr006.w.15,856)"/>
   </segment>
   <segment nite:id="Bmr006.segment.2,158" starttime="3506.784" endtime="3509.938" participant="me018" timing-provenance="segment">
      <nite:child href="Bmr006.A.words.xml#id(Bmr006.w.15,924)..id(Bmr006.comment.142)"/>
   </segment>
   <segment nite:id="Bmr006.segment.2,164" starttime="3509.938" endtime="3511.367" participant="me018" timing-provenance="segment">
      <nite:child href="Bmr006.A.words.xml#id(Bmr006.vocalsound.357)"/>
   </segment>
   <segment nite:id="Bmr006.segment.2,167" starttime="3511.43" endtime="3511.88" participant="me018" timing-provenance="dialogueact">
      <nite:child href="Bmr006.A.words.xml#id(Bmr006.w.15,962)..id(Bmr006.w.15,963)"/>
   </segment>
   <segment nite:id="Bmr006.segment.2,168" starttime="3512.47" endtime="3512.84" participant="me018" timing-provenance="dialogueact">
      <nite:child href="Bmr006.A.words.xml#id(Bmr006.w.15,964)..id(Bmr006.w.15,965)"/>
   </segment>
   <segment nite:id="Bmr006.segment.2,170" starttime="3513.184" endtime="3514.35" participant="me018" timing-provenance="segment">
      <nite:child href="Bmr006.A.words.xml#id(Bmr006.vocalsound.359)"/>
   </segment>
   <segment nite:id="Bmr006.segment.2,173" starttime="3515.61" endtime="3516.16" participant="me018" timing-provenance="dialogueact">
      <nite:child href="Bmr006.A.words.xml#id(Bmr006.w.15,991)..id(Bmr006.w.15,992)"/>
   </segment>
   <segment nite:id="Bmr006.segment.2,192" starttime="3540.57" endtime="3540.94" participant="me018" timing-provenance="dialogueact">
      <nite:child href="Bmr006.A.words.xml#id(Bmr006.w.16,124)..id(Bmr006.w.16,127)"/>
   </segment>
   <segment nite:id="Bmr006.segment.2,194" starttime="3541.88" endtime="3542.0" participant="me018" timing-provenance="dialogueact">
      <nite:child href="Bmr006.A.words.xml#id(Bmr006.w.16,130)..id(Bmr006.w.16,131)"/>
   </segment>
   <segment nite:id="Bmr006.segment.2,196" starttime="3542.334" endtime="3542.417" participant="me018" timing-provenance="segment">
      <nite:child href="Bmr006.A.words.xml#id(Bmr006.nonvocalsound.28)"/>
   </segment>
   <segment nite:id="Bmr006.segment.2,216" starttime="3588.26" endtime="3589.66" participant="me018" timing-provenance="dialogueact">
      <nite:child href="Bmr006.A.words.xml#id(Bmr006.w.16,352)..id(Bmr006.w.16,362)"/>
   </segment>
   <segment nite:id="Bmr006.segment.2,218" starttime="3591.05" endtime="3591.39" participant="me018" timing-provenance="dialogueact">
      <nite:child href="Bmr006.A.words.xml#id(Bmr006.w.16,365)..id(Bmr006.w.16,366)"/>
   </segment>
   <segment nite:id="Bmr006.segment.2,267" starttime="3685.357" endtime="3686.079" participant="me018" timing-provenance="segment">
      <nite:child href="Bmr006.A.words.xml#id(Bmr006.w.16,834)..id(Bmr006.disfmarker.891)"/>
   </segment>
   <segment nite:id="Bmr006.segment.2,278" starttime="3707.81" endtime="3709.65" participant="me018" timing-provenance="dialogueact">
      <nite:child href="Bmr006.A.words.xml#id(Bmr006.w.16,960)..id(Bmr006.w.16,967)"/>
   </segment>
   <segment nite:id="Bmr006.segment.2,280" starttime="3711.05" endtime="3711.43" participant="me018" timing-provenance="dialogueact">
      <nite:child href="Bmr006.A.words.xml#id(Bmr006.w.16,985)..id(Bmr006.w.16,986)"/>
   </segment>
   <segment nite:id="Bmr006.segment.2,294" starttime="3754.52" endtime="3761.891" participant="me018" timing-provenance="segment">
      <nite:child href="Bmr006.A.words.xml#id(Bmr006.comment.153)"/>
   </segment>
   <segment nite:id="Bmr006.segment.2,318" starttime="3806.232" endtime="3809.791" participant="me018" timing-provenance="segment">
      <nite:child href="Bmr006.A.words.xml#id(Bmr006.vocalsound.371)"/>
   </segment>
   <segment nite:id="Bmr006.segment.2,339" starttime="3845.799" endtime="3846.303" participant="me018" timing-provenance="segment">
      <nite:child href="Bmr006.A.words.xml#id(Bmr006.w.17,608)..id(Bmr006.disfmarker.925)"/>
   </segment>
   <segment nite:id="Bmr006.segment.2,340" starttime="3846.669" endtime="3847.781" participant="me018" timing-provenance="segment">
      <nite:child href="Bmr006.A.words.xml#id(Bmr006.vocalsound.374)"/>
   </segment>
   <segment nite:id="Bmr006.segment.2,390" starttime="3945.316" endtime="3946.909" participant="me018" timing-provenance="segment">
      <nite:child href="Bmr006.A.words.xml#id(Bmr006.vocalsound.381)"/>
   </segment>
   <segment nite:id="Bmr006.segment.2,402" starttime="3971.42" endtime="3973.49" participant="me018" timing-provenance="dialogueact">
      <nite:child href="Bmr006.A.words.xml#id(Bmr006.w.18,244)..id(Bmr006.w.18,256)"/>
   </segment>
   <segment nite:id="Bmr006.segment.2,409" starttime="3986.77" endtime="3988.881" participant="me018" timing-provenance="segment">
      <nite:child href="Bmr006.A.words.xml#id(Bmr006.w.18,325)..id(Bmr006.disfmarker.959)"/>
   </segment>
   <segment nite:id="Bmr006.segment.2,424" starttime="4005.2" endtime="4006.12" participant="me018" timing-provenance="dialogueact">
      <nite:child href="Bmr006.A.words.xml#id(Bmr006.w.18,451)..id(Bmr006.w.18,455)"/>
   </segment>
   <segment nite:id="Bmr006.segment.2,484" starttime="4111.45" endtime="4112.03" participant="me018" timing-provenance="dialogueact">
      <nite:child href="Bmr006.A.words.xml#id(Bmr006.w.19,045)..id(Bmr006.w.19,049)"/>
   </segment>
   <segment nite:id="Bmr006.segment.2,490" starttime="4129.86" endtime="4130.3" participant="me018" timing-provenance="dialogueact">
      <nite:child href="Bmr006.A.words.xml#id(Bmr006.w.19,174)..id(Bmr006.w.19,177)"/>
   </segment>
   <segment nite:id="Bmr006.segment.2,492" starttime="4138.214" endtime="4140.458" participant="me018" timing-provenance="segment">
      <nite:child href="Bmr006.A.words.xml#id(Bmr006.w.19,180)..id(Bmr006.disfmarker.1,001)"/>
   </segment>
   <segment nite:id="Bmr006.segment.2,493" starttime="4140.458" endtime="4147.221" participant="me018" timing-provenance="segment">
      <nite:child href="Bmr006.A.words.xml#id(Bmr006.w.19,193)..id(Bmr006.w.19,222)"/>
   </segment>
   <segment nite:id="Bmr006.segment.2,495" starttime="4147.74" endtime="4148.94" participant="me018" timing-provenance="dialogueact">
      <nite:child href="Bmr006.A.words.xml#id(Bmr006.w.19,225)..id(Bmr006.w.19,233)"/>
   </segment>
   <segment nite:id="Bmr006.segment.2,496" starttime="4150.23" endtime="4151.44" participant="me018" timing-provenance="dialogueact">
      <nite:child href="Bmr006.A.words.xml#id(Bmr006.w.19,234)..id(Bmr006.w.19,242)"/>
   </segment>
   <segment nite:id="Bmr006.segment.2,499" starttime="4152.28" endtime="4154.56" participant="me018" timing-provenance="dialogueact">
      <nite:child href="Bmr006.A.words.xml#id(Bmr006.w.19,249)..id(Bmr006.w.19,257)"/>
   </segment>
   <segment nite:id="Bmr006.segment.2,504" starttime="4156.28" endtime="4157.1" participant="me018" timing-provenance="dialogueact">
      <nite:child href="Bmr006.A.words.xml#id(Bmr006.w.19,276)..id(Bmr006.w.19,279)"/>
   </segment>
   <segment nite:id="Bmr006.segment.2,507" starttime="4157.96" endtime="4160.77" participant="me018" timing-provenance="dialogueact">
      <nite:child href="Bmr006.A.words.xml#id(Bmr006.w.19,284)..id(Bmr006.w.19,301)"/>
   </segment>
   <segment nite:id="Bmr006.segment.2,511" starttime="4161.95" endtime="4163.34" participant="me018" timing-provenance="dialogueact">
      <nite:child href="Bmr006.A.words.xml#id(Bmr006.w.19,334)..id(Bmr006.w.19,342)"/>
   </segment>
   <segment nite:id="Bmr006.segment.2,514" starttime="4165.99" endtime="4166.43" participant="me018" timing-provenance="dialogueact">
      <nite:child href="Bmr006.A.words.xml#id(Bmr006.w.19,357)..id(Bmr006.w.19,358)"/>
   </segment>
   <segment nite:id="Bmr006.segment.2,517" starttime="4167.111" endtime="4167.722" participant="me018" timing-provenance="segment">
      <nite:child href="Bmr006.A.words.xml#id(Bmr006.w.19,365)..id(Bmr006.comment.173)"/>
   </segment>
   <segment nite:id="Bmr006.segment.2,521" starttime="4168.804" endtime="4170.343" participant="me018" timing-provenance="segment">
      <nite:child href="Bmr006.A.words.xml#id(Bmr006.w.19,378)..id(Bmr006.disfmarker.1,007)"/>
   </segment>
   <segment nite:id="Bmr006.segment.2,522" starttime="4170.69" endtime="4174.56" participant="me018" timing-provenance="dialogueact">
      <nite:child href="Bmr006.A.words.xml#id(Bmr006.w.19,384)..id(Bmr006.w.19,402)"/>
   </segment>
   <segment nite:id="Bmr006.segment.2,523" starttime="4175.27" endtime="4176.03" participant="me018" timing-provenance="dialogueact">
      <nite:child href="Bmr006.A.words.xml#id(Bmr006.w.19,403)..id(Bmr006.w.19,405)"/>
   </segment>
   <segment nite:id="Bmr006.segment.2,524" starttime="4176.72" endtime="4177.89" participant="me018" timing-provenance="dialogueact">
      <nite:child href="Bmr006.A.words.xml#id(Bmr006.w.19,406)..id(Bmr006.w.19,408)"/>
   </segment>
   <segment nite:id="Bmr006.segment.2,525" starttime="4178.93" endtime="4179.99" participant="me018" timing-provenance="dialogueact">
      <nite:child href="Bmr006.A.words.xml#id(Bmr006.w.19,409)..id(Bmr006.w.19,414)"/>
   </segment>
   <segment nite:id="Bmr006.segment.2,528" starttime="4180.22" endtime="4181.92" participant="me018" timing-provenance="dialogueact">
      <nite:child href="Bmr006.A.words.xml#id(Bmr006.w.19,447)..id(Bmr006.w.19,455)"/>
   </segment>
   <segment nite:id="Bmr006.segment.2,532" starttime="4186.57" endtime="4186.77" participant="me018" timing-provenance="dialogueact">
      <nite:child href="Bmr006.A.words.xml#id(Bmr006.w.19,466)..id(Bmr006.w.19,467)"/>
   </segment>
   <segment nite:id="Bmr006.segment.2,537" starttime="4191.489" endtime="4194.33" participant="me018" timing-provenance="segment">
      <nite:child href="Bmr006.A.words.xml#id(Bmr006.w.19,494)..id(Bmr006.disfmarker.1,012)"/>
   </segment>
   <segment nite:id="Bmr006.segment.2,539" starttime="4196.79" endtime="4197.84" participant="me018" timing-provenance="dialogueact">
      <nite:child href="Bmr006.A.words.xml#id(Bmr006.w.19,525)..id(Bmr006.w.19,533)"/>
   </segment>
   <segment nite:id="Bmr006.segment.2,542" starttime="4204.6" endtime="4204.8" participant="me018" timing-provenance="dialogueact">
      <nite:child href="Bmr006.A.words.xml#id(Bmr006.w.19,558)..id(Bmr006.w.19,559)"/>
   </segment>
   <segment nite:id="Bmr006.segment.2,547" starttime="4207.53" endtime="4207.86" participant="me018" timing-provenance="dialogueact">
      <nite:child href="Bmr006.A.words.xml#id(Bmr006.w.19,582)..id(Bmr006.w.19,583)"/>
   </segment>
   <segment nite:id="Bmr006.segment.2,550" starttime="4214.02" endtime="4214.33" participant="me018" timing-provenance="dialogueact">
      <nite:child href="Bmr006.A.words.xml#id(Bmr006.w.19,602)..id(Bmr006.w.19,603)"/>
   </segment>
   <segment nite:id="Bmr006.segment.2,553" starttime="4216.54" endtime="4219.95" participant="me018" timing-provenance="dialogueact">
      <nite:child href="Bmr006.A.words.xml#id(Bmr006.w.19,609)..id(Bmr006.w.19,625)"/>
   </segment>
   <segment nite:id="Bmr006.segment.2,554" starttime="4220.73" endtime="4222.39" participant="me018" timing-provenance="dialogueact">
      <nite:child href="Bmr006.A.words.xml#id(Bmr006.w.19,626)..id(Bmr006.w.19,632)"/>
   </segment>
   <segment nite:id="Bmr006.segment.2,600" starttime="4298.85" endtime="4301.23" participant="me018" timing-provenance="dialogueact">
      <nite:child href="Bmr006.A.words.xml#id(Bmr006.w.20,068)..id(Bmr006.w.20,077)"/>
   </segment>
   <segment nite:id="Bmr006.segment.2,601" starttime="4301.79" endtime="4302.86" participant="me018" timing-provenance="dialogueact">
      <nite:child href="Bmr006.A.words.xml#id(Bmr006.w.20,078)..id(Bmr006.w.20,081)"/>
   </segment>
   <segment nite:id="Bmr006.segment.2,602" starttime="4303.36" endtime="4306.36" participant="me018" timing-provenance="dialogueact">
      <nite:child href="Bmr006.A.words.xml#id(Bmr006.w.20,082)..id(Bmr006.w.20,093)"/>
   </segment>
   <segment nite:id="Bmr006.segment.2,603" starttime="4306.94" endtime="4313.32" participant="me018" timing-provenance="dialogueact">
      <nite:child href="Bmr006.A.words.xml#id(Bmr006.w.20,094)..id(Bmr006.w.20,130)"/>
   </segment>
   <segment nite:id="Bmr006.segment.2,605" starttime="4314.226" endtime="4314.926" participant="me018" timing-provenance="segment">
      <nite:child href="Bmr006.A.words.xml#id(Bmr006.w.20,151)..id(Bmr006.comment.179)"/>
   </segment>
   <segment nite:id="Bmr006.segment.2,608" starttime="4324.28" endtime="4324.67" participant="me018" timing-provenance="dialogueact">
      <nite:child href="Bmr006.A.words.xml#id(Bmr006.w.20,175)..id(Bmr006.w.20,178)"/>
   </segment>
   <segment nite:id="Bmr006.segment.2,614" starttime="4326.814" endtime="4328.011" participant="me018" timing-provenance="segment">
      <nite:child href="Bmr006.A.words.xml#id(Bmr006.w.20,201)..id(Bmr006.disfmarker.1,039)"/>
   </segment>
   <segment nite:id="Bmr006.segment.2,627" starttime="4353.605" endtime="4355.541" participant="me018" timing-provenance="segment">
      <nite:child href="Bmr006.A.words.xml#id(Bmr006.w.20,337)..id(Bmr006.comment.180)"/>
   </segment>
   <segment nite:id="Bmr006.segment.2,651" starttime="4380.751" endtime="4382.505" participant="me018" timing-provenance="segment">
      <nite:child href="Bmr006.A.words.xml#id(Bmr006.vocalsound.426)"/>
   </segment>
   <segment nite:id="Bmr006.segment.2,660" starttime="4396.83" endtime="4399.42" participant="me018" timing-provenance="dialogueact">
      <nite:child href="Bmr006.A.words.xml#id(Bmr006.w.20,590)..id(Bmr006.w.20,602)"/>
   </segment>
   <segment nite:id="Bmr006.segment.2,664" starttime="4399.86" endtime="4402.274" participant="me018" timing-provenance="segment">
      <nite:child href="Bmr006.A.words.xml#id(Bmr006.w.20,605)..id(Bmr006.vocalsound.433)"/>
   </segment>
   <segment nite:id="Bmr006.segment.2,670" starttime="4405.788" endtime="4408.261" participant="me018" timing-provenance="segment">
      <nite:child href="Bmr006.A.words.xml#id(Bmr006.vocalsound.438)"/>
   </segment>
   <segment nite:id="Bmr006.segment.2,674" starttime="4411.61" endtime="4414.529" participant="me018" timing-provenance="segment">
      <nite:child href="Bmr006.A.words.xml#id(Bmr006.vocalsound.441)"/>
   </segment>
   <segment nite:id="Bmr006.segment.2,678" starttime="4418.117" endtime="4419.504" participant="me018" timing-provenance="segment">
      <nite:child href="Bmr006.A.words.xml#id(Bmr006.vocalsound.444)..id(Bmr006.w.20,708)"/>
   </segment>
   <segment nite:id="Bmr006.segment.2,684" starttime="4434.61" endtime="4438.74" participant="me018" timing-provenance="dialogueact">
      <nite:child href="Bmr006.A.words.xml#id(Bmr006.w.20,750)..id(Bmr006.w.20,769)"/>
   </segment>
   <segment nite:id="Bmr006.segment.2,687" starttime="4441.16" endtime="4442.09" participant="me018" timing-provenance="dialogueact">
      <nite:child href="Bmr006.A.words.xml#id(Bmr006.w.20,802)..id(Bmr006.w.20,807)"/>
   </segment>
   <segment nite:id="Bmr006.segment.2,690" starttime="4445.809" endtime="4446.684" participant="me018" timing-provenance="segment">
      <nite:child href="Bmr006.A.words.xml#id(Bmr006.w.20,843)..id(Bmr006.w.20,844)"/>
   </segment>
   <segment nite:id="Bmr006.segment.2,691" starttime="4451.445" endtime="4454.369" participant="me018" timing-provenance="segment">
      <nite:child href="Bmr006.A.words.xml#id(Bmr006.vocalsound.448)"/>
   </segment>
   <segment nite:id="Bmr006.segment.2,694" starttime="4454.888" endtime="4456.159" participant="me018" timing-provenance="segment">
      <nite:child href="Bmr006.A.words.xml#id(Bmr006.vocalsound.450)"/>
   </segment>
   <segment nite:id="Bmr006.segment.2,754" starttime="4541.82" endtime="4545.515" participant="me018" digittask="true" timing-provenance="segment">
      <nite:child href="Bmr006.A.words.xml#id(Bmr006.w.21,102)..id(Bmr006.comment.231)"/>
   </segment>
   <segment nite:id="Bmr006.segment.2,755" starttime="4546.769" endtime="4547.377" participant="me018" digittask="true" timing-provenance="segment">
      <nite:child href="Bmr006.A.words.xml#id(Bmr006.w.21,113)..id(Bmr006.comment.232)"/>
   </segment>
   <segment nite:id="Bmr006.segment.2,756" starttime="4548.223" endtime="4548.946" participant="me018" digittask="true" timing-provenance="segment">
      <nite:child href="Bmr006.A.words.xml#id(Bmr006.w.21,115)..id(Bmr006.comment.233)"/>
   </segment>
   <segment nite:id="Bmr006.segment.2,757" starttime="4549.754" endtime="4550.524" participant="me018" digittask="true" timing-provenance="segment">
      <nite:child href="Bmr006.A.words.xml#id(Bmr006.w.21,117)..id(Bmr006.comment.234)"/>
   </segment>
   <segment nite:id="Bmr006.segment.2,758" starttime="4551.37" endtime="4552.852" participant="me018" digittask="true" timing-provenance="segment">
      <nite:child href="Bmr006.A.words.xml#id(Bmr006.w.21,119)..id(Bmr006.comment.235)"/>
   </segment>
   <segment nite:id="Bmr006.segment.2,759" starttime="4553.927" endtime="4555.866" participant="me018" digittask="true" timing-provenance="segment">
      <nite:child href="Bmr006.A.words.xml#id(Bmr006.w.21,124)..id(Bmr006.comment.236)"/>
   </segment>
   <segment nite:id="Bmr006.segment.2,760" starttime="4556.873" endtime="4557.972" participant="me018" digittask="true" timing-provenance="segment">
      <nite:child href="Bmr006.A.words.xml#id(Bmr006.w.21,131)..id(Bmr006.comment.237)"/>
   </segment>
   <segment nite:id="Bmr006.segment.2,761" starttime="4558.566" endtime="4559.06" participant="me018" digittask="true" timing-provenance="segment">
      <nite:child href="Bmr006.A.words.xml#id(Bmr006.w.21,134)..id(Bmr006.comment.238)"/>
   </segment>
   <segment nite:id="Bmr006.segment.2,762" starttime="4560.039" endtime="4560.614" participant="me018" digittask="true" timing-provenance="segment">
      <nite:child href="Bmr006.A.words.xml#id(Bmr006.w.21,135)..id(Bmr006.comment.239)"/>
   </segment>
   <segment nite:id="Bmr006.segment.2,763" starttime="4561.541" endtime="4562.311" participant="me018" digittask="true" timing-provenance="segment">
      <nite:child href="Bmr006.A.words.xml#id(Bmr006.w.21,137)..id(Bmr006.comment.240)"/>
   </segment>
   <segment nite:id="Bmr006.segment.2,764" starttime="4563.176" endtime="4563.87" participant="me018" digittask="true" timing-provenance="segment">
      <nite:child href="Bmr006.A.words.xml#id(Bmr006.w.21,139)..id(Bmr006.comment.241)"/>
   </segment>
   <segment nite:id="Bmr006.segment.2,765" starttime="4564.688" endtime="4565.619" participant="me018" digittask="true" timing-provenance="segment">
      <nite:child href="Bmr006.A.words.xml#id(Bmr006.w.21,141)..id(Bmr006.comment.242)"/>
   </segment>
   <segment nite:id="Bmr006.segment.2,766" starttime="4566.636" endtime="4567.891" participant="me018" digittask="true" timing-provenance="segment">
      <nite:child href="Bmr006.A.words.xml#id(Bmr006.w.21,144)..id(Bmr006.comment.243)"/>
   </segment>
   <segment nite:id="Bmr006.segment.2,767" starttime="4568.813" endtime="4569.231" participant="me018" digittask="true" timing-provenance="segment">
      <nite:child href="Bmr006.A.words.xml#id(Bmr006.w.21,148)..id(Bmr006.comment.244)"/>
   </segment>
   <segment nite:id="Bmr006.segment.2,768" starttime="4570.058" endtime="4570.591" participant="me018" digittask="true" timing-provenance="segment">
      <nite:child href="Bmr006.A.words.xml#id(Bmr006.w.21,149)..id(Bmr006.comment.245)"/>
   </segment>
   <segment nite:id="Bmr006.segment.2,769" starttime="4571.342" endtime="4572.701" participant="me018" digittask="true" timing-provenance="segment">
      <nite:child href="Bmr006.A.words.xml#id(Bmr006.w.21,150)..id(Bmr006.comment.246)"/>
   </segment>
   <segment nite:id="Bmr006.segment.2,770" starttime="4573.88" endtime="4574.83" participant="me018" digittask="true" timing-provenance="segment">
      <nite:child href="Bmr006.A.words.xml#id(Bmr006.w.21,155)..id(Bmr006.comment.247)"/>
   </segment>
   <segment nite:id="Bmr006.segment.2,771" starttime="4575.562" endtime="4576.389" participant="me018" digittask="true" timing-provenance="segment">
      <nite:child href="Bmr006.A.words.xml#id(Bmr006.w.21,158)..id(Bmr006.comment.248)"/>
   </segment>
   <segment nite:id="Bmr006.segment.2,772" starttime="4577.007" endtime="4577.724" participant="me018" digittask="true" timing-provenance="segment">
      <nite:child href="Bmr006.A.words.xml#id(Bmr006.w.21,160)..id(Bmr006.comment.249)"/>
   </segment>
   <segment nite:id="Bmr006.segment.2,773" starttime="4578.3" endtime="4579.404" participant="me018" digittask="true" timing-provenance="segment">
      <nite:child href="Bmr006.A.words.xml#id(Bmr006.w.21,162)..id(Bmr006.comment.250)"/>
   </segment>
   <segment nite:id="Bmr006.segment.2,774" starttime="4579.659" endtime="4580.144" participant="me018" digittask="true" timing-provenance="segment">
      <nite:child href="Bmr006.A.words.xml#id(Bmr006.w.21,165)..id(Bmr006.comment.251)"/>
   </segment>
   <segment nite:id="Bmr006.segment.2,819" starttime="4662.88" endtime="4666.34" participant="me018" timing-provenance="dialogueact">
      <nite:child href="Bmr006.A.words.xml#id(Bmr006.w.21,324)..id(Bmr006.w.21,337)"/>
   </segment>
   <segment nite:id="Bmr006.segment.2,821" starttime="4667.12" endtime="4668.28" participant="me018" timing-provenance="dialogueact">
      <nite:child href="Bmr006.A.words.xml#id(Bmr006.w.21,344)..id(Bmr006.w.21,349)"/>
   </segment>
   <segment nite:id="Bmr006.segment.2,822" starttime="4668.533" endtime="4671.141" participant="me018" timing-provenance="segment">
      <nite:child href="Bmr006.A.words.xml#id(Bmr006.w.21,350)..id(Bmr006.w.21,359)"/>
   </segment>
   <segment nite:id="Bmr006.segment.2,825" starttime="4682.71" endtime="4686.3" participant="me018" timing-provenance="dialogueact">
      <nite:child href="Bmr006.A.words.xml#id(Bmr006.w.21,412)..id(Bmr006.w.21,424)"/>
   </segment>
   <segment nite:id="Bmr006.segment.2,831" starttime="4693.85" endtime="4694.86" participant="me018" timing-provenance="dialogueact">
      <nite:child href="Bmr006.A.words.xml#id(Bmr006.w.21,481)..id(Bmr006.w.21,484)"/>
   </segment>
   <segment nite:id="Bmr006.segment.2,835" starttime="4699.81" endtime="4704.56" participant="me018" timing-provenance="dialogueact">
      <nite:child href="Bmr006.A.words.xml#id(Bmr006.w.21,511)..id(Bmr006.w.21,532)"/>
   </segment>
   <segment nite:id="Bmr006.segment.2,837" starttime="4705.08" endtime="4707.51" participant="me018" timing-provenance="dialogueact">
      <nite:child href="Bmr006.A.words.xml#id(Bmr006.w.21,533)..id(Bmr006.w.21,542)"/>
   </segment>
</nite:root>