<?xml version="1.0" encoding="ISO-8859-1" standalone="yes"?>
<nite:root nite:id="EN2005a.C.words" xmlns:nite="http://nite.sourceforge.net/">
   <w nite:id="EN2005a.C.words0" starttime="68.43" endtime="68.72">Yeah</w>
   <w nite:id="EN2005a.C.words1" starttime="68.72" endtime="68.72" punc="true">,</w>
   <w nite:id="EN2005a.C.words2" starttime="68.72" endtime="68.96">mm-hmm</w>
   <w nite:id="EN2005a.C.words3" starttime="68.96" endtime="68.96" punc="true">.</w>
   <w nite:id="EN2005a.C.words4" starttime="70.54" endtime="70.75">Hmm</w>
   <w nite:id="EN2005a.C.words5" starttime="70.75" endtime="70.75" punc="true">.</w>
   <vocalsound nite:id="EN2005a.C.words6" starttime="89.665" endtime="90.939" type="laugh"/>
   <w nite:id="EN2005a.C.words7" starttime="93.74" endtime="93.96">Thank</w>
   <w nite:id="EN2005a.C.words8" starttime="93.96" endtime="94.12">you</w>
   <w nite:id="EN2005a.C.words9" starttime="94.12" endtime="94.12" punc="true">.</w>
   <w nite:id="EN2005a.C.words10" starttime="1026.46" endtime="1026.94">No</w>
   <w nite:id="EN2005a.C.words11" starttime="1026.94" endtime="1026.94" punc="true">,</w>
   <w nite:id="EN2005a.C.words12" starttime="1026.94" endtime="1027.04">I</w>
   <w nite:id="EN2005a.C.words13" starttime="1027.04" endtime="1027.33">don&#39;t</w>
   <w nite:id="EN2005a.C.words14" starttime="1027.33" endtime="1027.57">think</w>
   <w nite:id="EN2005a.C.words15" starttime="1027.57" endtime="1028.9">so</w>
   <w nite:id="EN2005a.C.words16" starttime="1028.9" endtime="1028.9" punc="true">.</w>
   <w nite:id="EN2005a.C.words17" starttime="1028.9" endtime="1029.02">I</w>
   <w nite:id="EN2005a.C.words18" starttime="1029.02" endtime="1029.08" trunc="true">d</w>
   <vocalsound nite:id="EN2005a.C.words19" starttime="1030.899" endtime="1031.42" type="other"/>
   <w nite:id="EN2005a.C.words20" starttime="1031.83" endtime="1031.94">Hmm</w>
   <w nite:id="EN2005a.C.words21" starttime="1031.94" endtime="1031.94" punc="true">.</w>
   <w nite:id="EN2005a.C.words22" starttime="1032.66" endtime="1033.23">Mm-hmm</w>
   <w nite:id="EN2005a.C.words23" starttime="1033.23" endtime="1033.23" punc="true">.</w>
   <w nite:id="EN2005a.C.words24" starttime="1034.44" endtime="1034.84">Yeah</w>
   <w nite:id="EN2005a.C.words25" starttime="1034.84" endtime="1034.84" punc="true">.</w>
   <w nite:id="EN2005a.C.words26" starttime="1034.84" endtime="1035.01">Yes</w>
   <w nite:id="EN2005a.C.words27" starttime="1035.01" endtime="1035.01" punc="true">.</w>
   <w nite:id="EN2005a.C.words28" starttime="1187.25" endtime="1187.63">Hmm</w>
   <w nite:id="EN2005a.C.words29" starttime="1187.63" endtime="1187.63" punc="true">.</w>
   <w nite:id="EN2005a.C.words30" starttime="1187.63" endtime="1187.96">Mm-hmm</w>
   <w nite:id="EN2005a.C.words31" starttime="1187.96" endtime="1187.96" punc="true">.</w>
   <vocalsound nite:id="EN2005a.C.words32" starttime="1900.353" endtime="1900.726" type="laugh"/>
   <w nite:id="EN2005a.C.words33" starttime="2894.08" endtime="2894.46">Meeting</w>
   <w nite:id="EN2005a.C.words34" starttime="2894.46" endtime="2895.34">action</w>
   <w nite:id="EN2005a.C.words35" starttime="2895.34" endtime="2895.34" punc="true">.</w>
   <vocalsound nite:id="EN2005a.C.words36" starttime="3470.693" endtime="3471.439" type="laugh"/>
   <w nite:id="EN2005a.C.words37" starttime="3547.95" endtime="3548.05">Mm</w>
   <w nite:id="EN2005a.C.words38" starttime="3548.05" endtime="3548.05" punc="true">.</w>
   <vocalsound nite:id="EN2005a.C.words39" starttime="3558.917" endtime="3558.917" type="laugh"/>
   <w nite:id="EN2005a.C.words40" starttime="3560.25" endtime="3560.38">They</w>
   <w nite:id="EN2005a.C.words41" starttime="3560.38" endtime="3560.68">just</w>
   <w nite:id="EN2005a.C.words42" starttime="3560.68" endtime="3561.11">mention</w>
   <w nite:id="EN2005a.C.words43" starttime="3561.11" endtime="3561.27">that</w>
   <w nite:id="EN2005a.C.words44" starttime="3561.27" endtime="3561.35">they</w>
   <w nite:id="EN2005a.C.words45" starttime="3561.35" endtime="3561.87">want</w>
   <w nite:id="EN2005a.C.words46" starttime="3561.87" endtime="3562.89">decision</w>
   <w nite:id="EN2005a.C.words47" starttime="3562.89" endtime="3563.41">um</w>
   <w nite:id="EN2005a.C.words48" starttime="3563.41" endtime="3563.58">for</w>
   <w nite:id="EN2005a.C.words49" starttime="3563.58" endtime="3564.22">issues</w>
   <w nite:id="EN2005a.C.words50" starttime="3564.22" endtime="3564.22" punc="true">,</w>
   <w nite:id="EN2005a.C.words51" starttime="3564.22" endtime="3564.68">action</w>
   <w nite:id="EN2005a.C.words52" starttime="3564.68" endtime="3566.07">items</w>
   <w nite:id="EN2005a.C.words53" starttime="3566.07" endtime="3566.07" punc="true">.</w>
   <w nite:id="EN2005a.C.words54" starttime="3566.07" endtime="3566.21">I</w>
   <w nite:id="EN2005a.C.words55" starttime="3566.21" endtime="3566.46">think</w>
   <w nite:id="EN2005a.C.words56" starttime="3566.46" endtime="3566.57">they</w>
   <w nite:id="EN2005a.C.words57" starttime="3566.57" endtime="3566.91">are</w>
   <w nite:id="EN2005a.C.words58" starttime="3566.91" endtime="3567.27">more</w>
   <w nite:id="EN2005a.C.words59" starttime="3567.27" endtime="3567.66">talking</w>
   <w nite:id="EN2005a.C.words60" starttime="3567.66" endtime="3568.07">about</w>
   <w nite:id="EN2005a.C.words61" starttime="3568.07" endtime="3568.81">um</w>
   <w nite:id="EN2005a.C.words62" starttime="3568.81" endtime="3569.2">user</w>
   <w nite:id="EN2005a.C.words63" starttime="3569.2" endtime="3570.55">requirement</w>
   <w nite:id="EN2005a.C.words64" starttime="3570.55" endtime="3570.77">for</w>
   <w nite:id="EN2005a.C.words65" starttime="3570.77" endtime="3570.9">the</w>
   <w nite:id="EN2005a.C.words66" starttime="3570.9" endtime="3572.23">meeting</w>
   <w nite:id="EN2005a.C.words67" starttime="3572.23" endtime="3572.55">than</w>
   <w nite:id="EN2005a.C.words68" starttime="3572.55" endtime="3572.86">soft</w>
   <w nite:id="EN2005a.C.words69" starttime="3572.86" endtime="3573.38">text</w>
   <w nite:id="EN2005a.C.words70" starttime="3573.38" endtime="3573.38" punc="true">,</w>
   <w nite:id="EN2005a.C.words71" starttime="3573.38" endtime="3573.51">they</w>
   <w nite:id="EN2005a.C.words72" starttime="3573.51" endtime="3573.77">want</w>
   <w nite:id="EN2005a.C.words73" starttime="3573.77" endtime="3574.02">to</w>
   <w nite:id="EN2005a.C.words74" starttime="3574.02" endtime="3574.41">know</w>
   <w nite:id="EN2005a.C.words75" starttime="3576.35" endtime="3576.48">what</w>
   <w nite:id="EN2005a.C.words76" starttime="3576.48" endtime="3577.2">happened</w>
   <disfmarker nite:id="EN2005a.C.words77" starttime="3577.2" endtime="3577.2"/>
   <w nite:id="EN2005a.C.words78" starttime="3577.2" endtime="3577.75">happening</w>
   <w nite:id="EN2005a.C.words79" starttime="3577.75" endtime="3577.94">in</w>
   <w nite:id="EN2005a.C.words80" starttime="3577.94" endtime="3578.02">a</w>
   <w nite:id="EN2005a.C.words81" starttime="3578.02" endtime="3578.59">meeting</w>
   <w nite:id="EN2005a.C.words82" starttime="3578.59" endtime="3578.59" punc="true">.</w>
   <gap nite:id="EN2005a.C.words83" starttime="3597.984" endtime="3597.984"/>
   <w nite:id="EN2005a.C.words84" starttime="3598.12" endtime="3598.26">they</w>
   <w nite:id="EN2005a.C.words85" starttime="3598.26" endtime="3598.67">say</w>
   <w nite:id="EN2005a.C.words86" starttime="3598.67" endtime="3598.76">that</w>
   <w nite:id="EN2005a.C.words87" starttime="3598.76" endtime="3598.76" punc="true">?</w>
   <vocalsound nite:id="EN2005a.C.words88" starttime="3738.285" endtime="3738.658" type="other"/>
   <w nite:id="EN2005a.C.words89" starttime="4038.44" endtime="4038.64">Hmm</w>
   <w nite:id="EN2005a.C.words90" starttime="4038.64" endtime="4038.64" punc="true">.</w>
   <w nite:id="EN2005a.C.words91" starttime="4038.64" endtime="4038.93">Mm-hmm</w>
   <w nite:id="EN2005a.C.words92" starttime="4038.93" endtime="4038.93" punc="true">.</w>
   <gap nite:id="EN2005a.C.words93" starttime="4183.12" endtime="4183.569"/>
   <w nite:id="EN2005a.C.words94" starttime="4183.569" endtime="4183.569" punc="true">.</w>
   <w nite:id="EN2005a.C.words95" starttime="4248.58" endtime="4248.9">Mm-hmm</w>
   <w nite:id="EN2005a.C.words96" starttime="4248.9" endtime="4248.9" punc="true">.</w>
   <w nite:id="EN2005a.C.words97" starttime="4362.29" endtime="4362.75">Mm-hmm</w>
   <w nite:id="EN2005a.C.words98" starttime="4362.75" endtime="4362.75" punc="true">.</w>
   <vocalsound nite:id="EN2005a.C.words99" starttime="4421.011" endtime="4421.385" type="laugh"/>
   <w nite:id="EN2005a.C.words100" starttime="4455.07" endtime="4455.46">Mm-hmm</w>
   <w nite:id="EN2005a.C.words101" starttime="4455.46" endtime="4455.46" punc="true">.</w>
   <w nite:id="EN2005a.C.words102" starttime="4461.15" endtime="4462.39">Mm-hmm</w>
   <w nite:id="EN2005a.C.words103" starttime="4462.39" endtime="4462.39" punc="true">.</w>
   <w nite:id="EN2005a.C.words104" starttime="4462.39" endtime="4462.69">Contact</w>
   <w nite:id="EN2005a.C.words105" starttime="4462.69" endtime="4462.69" punc="true">.</w>
   <vocalsound nite:id="EN2005a.C.words106" starttime="4474.557" endtime="4475.570" type="laugh"/>
   <w nite:id="EN2005a.C.words107" starttime="4502.69" endtime="4502.98">Hmm</w>
   <w nite:id="EN2005a.C.words108" starttime="4502.98" endtime="4502.98" punc="true">.</w>
   <w nite:id="EN2005a.C.words109" starttime="4537.97" endtime="4538.34">Mm-hmm</w>
   <w nite:id="EN2005a.C.words110" starttime="4538.34" endtime="4538.34" punc="true">.</w>
   <w nite:id="EN2005a.C.words111" starttime="4543.84" endtime="4544.16">Hmm</w>
   <w nite:id="EN2005a.C.words112" starttime="4544.16" endtime="4544.16" punc="true">.</w>
   <vocalsound nite:id="EN2005a.C.words113" starttime="4601.553" endtime="4602.106" type="laugh"/>
   <w nite:id="EN2005a.C.words114" starttime="4691.61" endtime="4692.04">Mm</w>
   <w nite:id="EN2005a.C.words115" starttime="4692.04" endtime="4692.04" punc="true">.</w>
   <w nite:id="EN2005a.C.words116" starttime="4695.5" endtime="4695.8">Mm-hmm</w>
   <w nite:id="EN2005a.C.words117" starttime="4695.8" endtime="4695.8" punc="true">.</w>
   <w nite:id="EN2005a.C.words118" starttime="4883.96" endtime="4884.28">Yeah</w>
   <w nite:id="EN2005a.C.words119" starttime="4884.28" endtime="4884.28" punc="true">.</w>
   <w nite:id="EN2005a.C.words120" starttime="4886.18" endtime="4886.65">Um</w>
   <w nite:id="EN2005a.C.words121" starttime="4886.65" endtime="4886.88">right</w>
   <w nite:id="EN2005a.C.words122" starttime="4886.88" endtime="4887.09">now</w>
   <w nite:id="EN2005a.C.words123" starttime="4887.09" endtime="4887.2" trunc="true">d</w>
   <w nite:id="EN2005a.C.words124" starttime="4887.2" endtime="4887.48">uh</w>
   <w nite:id="EN2005a.C.words125" starttime="4887.48" endtime="4887.81">I&#39;m</w>
   <w nite:id="EN2005a.C.words126" starttime="4887.81" endtime="4888.3">doing</w>
   <disfmarker nite:id="EN2005a.C.words127" starttime="4888.3" endtime="4888.3"/>
   <w nite:id="EN2005a.C.words128" starttime="4888.3" endtime="4888.61">I&#39;m</w>
   <w nite:id="EN2005a.C.words129" starttime="4888.61" endtime="4888.98">trying</w>
   <w nite:id="EN2005a.C.words130" starttime="4888.98" endtime="4889.26">to</w>
   <w nite:id="EN2005a.C.words131" starttime="4889.26" endtime="4889.46">do</w>
   <w nite:id="EN2005a.C.words132" starttime="4889.46" endtime="4889.74">the</w>
   <w nite:id="EN2005a.C.words133" starttime="4889.74" endtime="4889.88">uh</w>
   <w nite:id="EN2005a.C.words134" starttime="4889.88" endtime="4890.3">meeting</w>
   <w nite:id="EN2005a.C.words135" starttime="4890.3" endtime="4890.72">action</w>
   <w nite:id="EN2005a.C.words136" starttime="4890.72" endtime="4891.97">segmentation</w>
   <w nite:id="EN2005a.C.words137" starttime="4891.97" endtime="4891.97" punc="true">.</w>
   <w nite:id="EN2005a.C.words138" starttime="4891.97" endtime="4892.31" trunc="true">J</w>
   <w nite:id="EN2005a.C.words139" starttime="4892.31" endtime="4892.66">because</w>
   <w nite:id="EN2005a.C.words140" starttime="4892.66" endtime="4892.86">uh</w>
   <w nite:id="EN2005a.C.words141" starttime="4892.86" endtime="4893.18">after</w>
   <w nite:id="EN2005a.C.words142" starttime="4893.18" endtime="4893.56">talking</w>
   <w nite:id="EN2005a.C.words143" starttime="4893.56" endtime="4893.71">to</w>
   <w nite:id="EN2005a.C.words144" starttime="4893.71" endtime="4894.58">Jane</w>
   <w nite:id="EN2005a.C.words145" starttime="4894.58" endtime="4895.8">um</w>
   <w nite:id="EN2005a.C.words146" starttime="4895.8" endtime="4896.11">just</w>
   <w nite:id="EN2005a.C.words147" starttime="4896.11" endtime="4896.52">uh</w>
   <w nite:id="EN2005a.C.words148" starttime="4896.52" endtime="4896.66">we</w>
   <w nite:id="EN2005a.C.words149" starttime="4896.66" endtime="4897.04">have</w>
   <w nite:id="EN2005a.C.words150" starttime="4897.04" endtime="4897.41">different</w>
   <w nite:id="EN2005a.C.words151" starttime="4897.41" endtime="4898.02">ideas</w>
   <w nite:id="EN2005a.C.words152" starttime="4898.02" endtime="4898.55">whether</w>
   <w nite:id="EN2005a.C.words153" starttime="4898.55" endtime="4899.18">uh</w>
   <w nite:id="EN2005a.C.words154" starttime="4899.18" endtime="4899.52">meeting</w>
   <w nite:id="EN2005a.C.words155" starttime="4899.52" endtime="4899.9">action</w>
   <w nite:id="EN2005a.C.words156" starttime="4899.9" endtime="4900.18">will</w>
   <w nite:id="EN2005a.C.words157" starttime="4900.18" endtime="4900.62">be</w>
   <w nite:id="EN2005a.C.words158" starttime="4900.62" endtime="4901.08">about</w>
   <w nite:id="EN2005a.C.words159" starttime="4901.08" endtime="4901.22">the</w>
   <w nite:id="EN2005a.C.words160" starttime="4901.22" endtime="4901.48">same</w>
   <w nite:id="EN2005a.C.words161" starttime="4901.48" endtime="4901.82">size</w>
   <w nite:id="EN2005a.C.words162" starttime="4901.82" endtime="4901.96">as</w>
   <w nite:id="EN2005a.C.words163" starttime="4901.96" endtime="4902.26">topic</w>
   <w nite:id="EN2005a.C.words164" starttime="4902.26" endtime="4903.23">segments</w>
   <w nite:id="EN2005a.C.words165" starttime="4903.23" endtime="4903.23" punc="true">.</w>
   <w nite:id="EN2005a.C.words166" starttime="4903.23" endtime="4903.55">So</w>
   <w nite:id="EN2005a.C.words167" starttime="4903.55" endtime="4904.15">um</w>
   <w nite:id="EN2005a.C.words168" starttime="4904.15" endtime="4904.31">it</w>
   <w nite:id="EN2005a.C.words169" starttime="4904.31" endtime="4904.47">would</w>
   <w nite:id="EN2005a.C.words170" starttime="4904.47" endtime="4904.63">be</w>
   <w nite:id="EN2005a.C.words171" starttime="4904.63" endtime="4904.91">good</w>
   <w nite:id="EN2005a.C.words172" starttime="4904.91" endtime="4905.18">to</w>
   <w nite:id="EN2005a.C.words173" starttime="4905.18" endtime="4905.88">um</w>
   <w nite:id="EN2005a.C.words174" starttime="4905.88" endtime="4905.97" trunc="true">t</w>
   <w nite:id="EN2005a.C.words175" starttime="4905.97" endtime="4906.26">right</w>
   <w nite:id="EN2005a.C.words176" starttime="4906.26" endtime="4906.37">now</w>
   <w nite:id="EN2005a.C.words177" starttime="4906.37" endtime="4906.56">I&#39;m</w>
   <w nite:id="EN2005a.C.words178" starttime="4906.56" endtime="4906.85">doing</w>
   <w nite:id="EN2005a.C.words179" starttime="4906.85" endtime="4907.12">this</w>
   <w nite:id="EN2005a.C.words180" starttime="4907.12" endtime="4907.12" punc="true">,</w>
   <w nite:id="EN2005a.C.words181" starttime="4907.12" endtime="4907.62">um</w>
   <w nite:id="EN2005a.C.words182" starttime="4907.62" endtime="4907.92">looking</w>
   <w nite:id="EN2005a.C.words183" starttime="4907.92" endtime="4908.02">at</w>
   <w nite:id="EN2005a.C.words184" starttime="4908.02" endtime="4908.11">the</w>
   <w nite:id="EN2005a.C.words185" starttime="4908.11" endtime="4908.43">data</w>
   <w nite:id="EN2005a.C.words186" starttime="4908.43" endtime="4908.63">and</w>
   <w nite:id="EN2005a.C.words187" starttime="4908.63" endtime="4909.03">trying</w>
   <w nite:id="EN2005a.C.words188" starttime="4909.03" endtime="4909.32">to</w>
   <w nite:id="EN2005a.C.words189" starttime="4909.32" endtime="4909.91">see</w>
   <w nite:id="EN2005a.C.words190" starttime="4909.91" endtime="4910.15">if</w>
   <w nite:id="EN2005a.C.words191" starttime="4910.15" endtime="4910.36">I</w>
   <w nite:id="EN2005a.C.words192" starttime="4910.36" endtime="4910.86">can</w>
   <w nite:id="EN2005a.C.words193" starttime="4910.86" endtime="4911.13">do</w>
   <w nite:id="EN2005a.C.words194" starttime="4911.13" endtime="4911.23">the</w>
   <w nite:id="EN2005a.C.words195" starttime="4911.23" endtime="4911.55">meeting</w>
   <w nite:id="EN2005a.C.words196" starttime="4911.55" endtime="4911.86">action</w>
   <w nite:id="EN2005a.C.words197" starttime="4911.86" endtime="4912.49">segmentation</w>
   <w nite:id="EN2005a.C.words198" starttime="4912.49" endtime="4912.85">first</w>
   <w nite:id="EN2005a.C.words199" starttime="4912.85" endtime="4913.06">and</w>
   <w nite:id="EN2005a.C.words200" starttime="4913.06" endtime="4913.62">the</w>
   <w nite:id="EN2005a.C.words201" starttime="4913.62" endtime="4913.95" mispronounced="true">scheme</w>
   <w nite:id="EN2005a.C.words202" starttime="4913.95" endtime="4913.95" punc="true">,</w>
   <w nite:id="EN2005a.C.words203" starttime="4913.95" endtime="4914.13">and</w>
   <w nite:id="EN2005a.C.words204" starttime="4914.13" endtime="4914.38">then</w>
   <w nite:id="EN2005a.C.words205" starttime="4914.38" endtime="4914.77">do</w>
   <w nite:id="EN2005a.C.words206" starttime="4914.77" endtime="4915.09">topic</w>
   <w nite:id="EN2005a.C.words207" starttime="4915.09" endtime="4915.98">segmentation</w>
   <w nite:id="EN2005a.C.words208" starttime="4915.98" endtime="4916.39">again</w>
   <w nite:id="EN2005a.C.words209" starttime="4916.39" endtime="4916.54">to</w>
   <w nite:id="EN2005a.C.words210" starttime="4916.54" endtime="4916.81">see</w>
   <w nite:id="EN2005a.C.words211" starttime="4916.81" endtime="4916.92">if</w>
   <w nite:id="EN2005a.C.words212" starttime="4916.92" endtime="4917.35">the</w>
   <w nite:id="EN2005a.C.words213" starttime="4917.35" endtime="4917.76">boundary</w>
   <w nite:id="EN2005a.C.words214" starttime="4917.76" endtime="4918.13">actually</w>
   <w nite:id="EN2005a.C.words215" starttime="4918.13" endtime="4918.62">coincide</w>
   <w nite:id="EN2005a.C.words216" starttime="4918.62" endtime="4918.81">with</w>
   <w nite:id="EN2005a.C.words217" starttime="4918.81" endtime="4918.98">each</w>
   <w nite:id="EN2005a.C.words218" starttime="4918.98" endtime="4919.88">other</w>
   <w nite:id="EN2005a.C.words219" starttime="4919.88" endtime="4919.88" punc="true">.</w>
   <w nite:id="EN2005a.C.words220" starttime="4919.88" endtime="4920.22">Yeah</w>
   <w nite:id="EN2005a.C.words221" starttime="4920.22" endtime="4920.22" punc="true">,</w>
   <w nite:id="EN2005a.C.words222" starttime="4920.22" endtime="4920.6">if</w>
   <w nite:id="EN2005a.C.words223" starttime="4920.6" endtime="4920.86">if</w>
   <w nite:id="EN2005a.C.words224" starttime="4920.86" endtime="4921.49">that</w>
   <w nite:id="EN2005a.C.words225" starttime="4921.49" endtime="4921.74">that</w>
   <w nite:id="EN2005a.C.words226" starttime="4921.74" endtime="4922.03">do</w>
   <w nite:id="EN2005a.C.words227" starttime="4922.03" endtime="4922.03" punc="true">,</w>
   <w nite:id="EN2005a.C.words228" starttime="4922.03" endtime="4922.16">then</w>
   <w nite:id="EN2005a.C.words229" starttime="4922.16" endtime="4922.44">maybe</w>
   <w nite:id="EN2005a.C.words230" starttime="4922.44" endtime="4922.54">we</w>
   <w nite:id="EN2005a.C.words231" starttime="4922.54" endtime="4922.68">can</w>
   <w nite:id="EN2005a.C.words232" starttime="4922.68" endtime="4922.93">talk</w>
   <w nite:id="EN2005a.C.words233" starttime="4922.93" endtime="4923.91">again</w>
   <w nite:id="EN2005a.C.words234" starttime="4923.91" endtime="4924.37">whether</w>
   <w nite:id="EN2005a.C.words235" starttime="4924.37" endtime="4924.84">um</w>
   <w nite:id="EN2005a.C.words236" starttime="4924.84" endtime="4924.94" trunc="true">i</w>
   <w nite:id="EN2005a.C.words237" starttime="4924.94" endtime="4925.79">it</w>
   <disfmarker nite:id="EN2005a.C.words238" starttime="4925.79" endtime="4925.79"/>
   <w nite:id="EN2005a.C.words239" starttime="4925.79" endtime="4925.9">it</w>
   <w nite:id="EN2005a.C.words240" starttime="4925.9" endtime="4926.08">make</w>
   <w nite:id="EN2005a.C.words241" starttime="4926.08" endtime="4928.09">sense</w>
   <w nite:id="EN2005a.C.words242" starttime="4928.09" endtime="4928.09" punc="true">.</w>
   <w nite:id="EN2005a.C.words243" starttime="4928.09" endtime="4928.71">Mm-hmm</w>
   <w nite:id="EN2005a.C.words244" starttime="4928.71" endtime="4928.71" punc="true">.</w>
   <w nite:id="EN2005a.C.words245" starttime="4931.35" endtime="4932.04">Alright</w>
   <w nite:id="EN2005a.C.words246" starttime="4932.04" endtime="4932.04" punc="true">,</w>
   <w nite:id="EN2005a.C.words247" starttime="4932.04" endtime="4932.63">yeah</w>
   <w nite:id="EN2005a.C.words248" starttime="4932.63" endtime="4932.63" punc="true">.</w>
   <w nite:id="EN2005a.C.words249" starttime="4932.63" endtime="4932.97">Um</w>
   <w nite:id="EN2005a.C.words250" starttime="4932.97" endtime="4933.12">I</w>
   <w nite:id="EN2005a.C.words251" starttime="4933.12" endtime="4933.31">have</w>
   <w nite:id="EN2005a.C.words252" starttime="4933.31" endtime="4933.53">just</w>
   <w nite:id="EN2005a.C.words253" starttime="4933.53" endtime="4934.14">started</w>
   <w nite:id="EN2005a.C.words254" starttime="4934.14" endtime="4934.14" punc="true">.</w>
   <w nite:id="EN2005a.C.words255" starttime="4934.14" endtime="4934.52">And</w>
   <w nite:id="EN2005a.C.words256" starttime="4934.52" endtime="4934.74">um</w>
   <w nite:id="EN2005a.C.words257" starttime="4934.74" endtime="4934.98">so</w>
   <w nite:id="EN2005a.C.words258" starttime="4934.98" endtime="4935.42">far</w>
   <w nite:id="EN2005a.C.words259" starttime="4935.42" endtime="4936.19">um</w>
   <w nite:id="EN2005a.C.words260" starttime="4936.19" endtime="4936.39">I</w>
   <w nite:id="EN2005a.C.words261" starttime="4936.39" endtime="4937.11" trunc="true">s</w>
   <w nite:id="EN2005a.C.words262" starttime="4937.11" endtime="4937.52">think</w>
   <w nite:id="EN2005a.C.words263" starttime="4937.52" endtime="4937.78">uh</w>
   <w nite:id="EN2005a.C.words264" starttime="4937.78" endtime="4938.25">it&#39;s</w>
   <w nite:id="EN2005a.C.words265" starttime="4938.25" endtime="4938.99">uh</w>
   <disfmarker nite:id="EN2005a.C.words266" starttime="4938.99" endtime="4938.99"/>
   <w nite:id="EN2005a.C.words267" starttime="4938.99" endtime="4939.09">it</w>
   <disfmarker nite:id="EN2005a.C.words268" starttime="4939.09" endtime="4939.09"/>
   <w nite:id="EN2005a.C.words269" starttime="4939.09" endtime="4939.26">I</w>
   <w nite:id="EN2005a.C.words270" starttime="4939.26" endtime="4939.52">think</w>
   <w nite:id="EN2005a.C.words271" starttime="4939.52" endtime="4940.01">it</w>
   <disfmarker nite:id="EN2005a.C.words272" starttime="4940.01" endtime="4940.01"/>
   <w nite:id="EN2005a.C.words273" starttime="4940.01" endtime="4940.52">it&#39;s</w>
   <w nite:id="EN2005a.C.words274" starttime="4940.52" endtime="4940.62">a</w>
   <w nite:id="EN2005a.C.words275" starttime="4940.62" endtime="4940.93">still</w>
   <w nite:id="EN2005a.C.words276" starttime="4940.93" endtime="4941.64">um</w>
   <w nite:id="EN2005a.C.words277" starttime="4941.64" endtime="4942.04">about</w>
   <w nite:id="EN2005a.C.words278" starttime="4942.04" endtime="4942.21">the</w>
   <w nite:id="EN2005a.C.words279" starttime="4942.21" endtime="4942.96" trunc="true">s</w>
   <w nite:id="EN2005a.C.words280" starttime="4942.96" endtime="4943.23">about</w>
   <w nite:id="EN2005a.C.words281" starttime="4943.23" endtime="4943.34">the</w>
   <w nite:id="EN2005a.C.words282" starttime="4943.34" endtime="4943.58">same</w>
   <w nite:id="EN2005a.C.words283" starttime="4943.58" endtime="4944.07">level</w>
   <w nite:id="EN2005a.C.words284" starttime="4944.07" endtime="4944.2">of</w>
   <w nite:id="EN2005a.C.words285" starttime="4944.2" endtime="4945.03">segmentation</w>
   <w nite:id="EN2005a.C.words286" starttime="4945.03" endtime="4945.28">we&#39;re</w>
   <w nite:id="EN2005a.C.words287" starttime="4945.28" endtime="4945.71">talking</w>
   <w nite:id="EN2005a.C.words288" starttime="4945.71" endtime="4946.36">here</w>
   <w nite:id="EN2005a.C.words289" starttime="4946.36" endtime="4946.36" punc="true">.</w>
   <w nite:id="EN2005a.C.words290" starttime="4946.36" endtime="4946.63">But</w>
   <w nite:id="EN2005a.C.words291" starttime="4946.63" endtime="4947.02">uh</w>
   <w nite:id="EN2005a.C.words292" starttime="4947.02" endtime="4947.59">maybe</w>
   <w nite:id="EN2005a.C.words293" starttime="4947.59" endtime="4947.77">the</w>
   <w nite:id="EN2005a.C.words294" starttime="4947.77" endtime="4948.2">boundary</w>
   <w nite:id="EN2005a.C.words295" starttime="4948.2" endtime="4948.41">will</w>
   <w nite:id="EN2005a.C.words296" starttime="4948.41" endtime="4948.63">not</w>
   <w nite:id="EN2005a.C.words297" starttime="4948.63" endtime="4948.84">be</w>
   <w nite:id="EN2005a.C.words298" starttime="4948.84" endtime="4949.4">exactly</w>
   <w nite:id="EN2005a.C.words299" starttime="4949.4" endtime="4949.55">the</w>
   <w nite:id="EN2005a.C.words300" starttime="4949.55" endtime="4950.56">same</w>
   <w nite:id="EN2005a.C.words301" starttime="4950.56" endtime="4950.56" punc="true">.</w>
   <w nite:id="EN2005a.C.words302" starttime="4950.56" endtime="4950.75">But</w>
   <w nite:id="EN2005a.C.words303" starttime="4950.75" endtime="4951.38">uh</w>
   <vocalsound nite:id="EN2005a.C.words304" starttime="4951.38" endtime="4951.38" type="other"/>
   <w nite:id="EN2005a.C.words305" starttime="4951.38" endtime="4951.66">that</w>
   <w nite:id="EN2005a.C.words306" starttime="4951.66" endtime="4952.24">that</w>
   <vocalsound nite:id="EN2005a.C.words307" starttime="4952.24" endtime="4952.24" type="other"/>
   <disfmarker nite:id="EN2005a.C.words308" starttime="4952.24" endtime="4952.24"/>
   <w nite:id="EN2005a.C.words309" starttime="4952.24" endtime="4952.37">the</w>
   <w nite:id="EN2005a.C.words310" starttime="4952.37" endtime="4952.98">segment</w>
   <disfmarker nite:id="EN2005a.C.words311" starttime="4952.98" endtime="4953.12"/>
   <w nite:id="EN2005a.C.words312" starttime="4955.59" endtime="4956.33">Mm-hmm</w>
   <w nite:id="EN2005a.C.words313" starttime="4956.33" endtime="4956.33" punc="true">,</w>
   <w nite:id="EN2005a.C.words314" starttime="4956.33" endtime="4957.05">right</w>
   <w nite:id="EN2005a.C.words315" starttime="4957.05" endtime="4957.05" punc="true">,</w>
   <w nite:id="EN2005a.C.words316" starttime="4957.05" endtime="4958.32">sure</w>
   <w nite:id="EN2005a.C.words317" starttime="4958.32" endtime="4958.32" punc="true">.</w>
   <w nite:id="EN2005a.C.words318" starttime="4958.32" endtime="4958.6">Yeah</w>
   <w nite:id="EN2005a.C.words319" starttime="4958.6" endtime="4958.6" punc="true">.</w>
   <w nite:id="EN2005a.C.words320" starttime="4961.56" endtime="4961.97">Mm-hmm</w>
   <w nite:id="EN2005a.C.words321" starttime="4961.97" endtime="4961.97" punc="true">.</w>
   <w nite:id="EN2005a.C.words322" starttime="4964.74" endtime="4965.55">Mm</w>
   <w nite:id="EN2005a.C.words323" starttime="4965.55" endtime="4965.55" punc="true">,</w>
   <w nite:id="EN2005a.C.words324" starttime="4965.55" endtime="4966.98">sure</w>
   <w nite:id="EN2005a.C.words325" starttime="4966.98" endtime="4966.98" punc="true">.</w>
   <w nite:id="EN2005a.C.words326" starttime="4966.98" endtime="4967.33">Yes</w>
   <w nite:id="EN2005a.C.words327" starttime="4967.33" endtime="4967.33" punc="true">.</w>
   <w nite:id="EN2005a.C.words328" starttime="4974.58" endtime="4974.99">Mm-hmm</w>
   <w nite:id="EN2005a.C.words329" starttime="4974.99" endtime="4974.99" punc="true">.</w>
   <w nite:id="EN2005a.C.words330" starttime="4978.19" endtime="4979.86">Mm-hmm</w>
   <w nite:id="EN2005a.C.words331" starttime="4979.86" endtime="4979.86" punc="true">.</w>
   <w nite:id="EN2005a.C.words332" starttime="4979.86" endtime="4980.05">Hmm</w>
   <w nite:id="EN2005a.C.words333" starttime="4980.05" endtime="4980.05" punc="true">.</w>
   <w nite:id="EN2005a.C.words334" starttime="4985.92" endtime="4986.38">Hmm</w>
   <w nite:id="EN2005a.C.words335" starttime="4986.38" endtime="4986.38" punc="true">.</w>
   <w nite:id="EN2005a.C.words336" starttime="5063.3" endtime="5063.57">Hmm</w>
   <w nite:id="EN2005a.C.words337" starttime="5063.57" endtime="5063.57" punc="true">.</w>
   <w nite:id="EN2005a.C.words338" starttime="5087.17" endtime="5087.29">Hmm</w>
   <w nite:id="EN2005a.C.words339" starttime="5087.29" endtime="5087.29" punc="true">.</w>
   <w nite:id="EN2005a.C.words340" starttime="5276.16" endtime="5278.5">Mm</w>
   <w nite:id="EN2005a.C.words341" starttime="5278.5" endtime="5278.5" punc="true">.</w>
   <vocalsound nite:id="EN2005a.C.words342" starttime="5278.5" endtime="5278.5" type="laugh"/>
   <w nite:id="EN2005a.C.words343" starttime="5278.5" endtime="5278.54">I</w>
   <w nite:id="EN2005a.C.words344" starttime="5278.54" endtime="5278.74">want</w>
   <w nite:id="EN2005a.C.words345" starttime="5278.74" endtime="5278.94">to</w>
   <w nite:id="EN2005a.C.words346" starttime="5278.94" endtime="5280.9">see</w>
   <w nite:id="EN2005a.C.words347" starttime="5280.9" endtime="5280.9" punc="true">.</w>
   <vocalsound nite:id="EN2005a.C.words348" starttime="5280.9" endtime="5281.062" type="laugh"/>
   <w nite:id="EN2005a.C.words349" starttime="5283.49" endtime="5285.05">Something</w>
   <w nite:id="EN2005a.C.words350" starttime="5285.05" endtime="5285.05" punc="true">.</w>
   <w nite:id="EN2005a.C.words351" starttime="5285.05" endtime="5285.3">Sure</w>
   <w nite:id="EN2005a.C.words352" starttime="5285.3" endtime="5285.3" punc="true">.</w>
   <w nite:id="EN2005a.C.words353" starttime="5289.06" endtime="5289.37">Mm-hmm</w>
   <w nite:id="EN2005a.C.words354" starttime="5289.37" endtime="5289.37" punc="true">.</w>
</nite:root>