<?xml version="1.0" encoding="ISO-8859-1" standalone="yes"?>
<nite:root nite:id="EN2001d.D.segs" xmlns:nite="http://nite.sourceforge.net/">
   <segment nite:id="EN2001d.sync.721" channel="3" transcriber_start="48.11" transcriber_end="48.544">
      <nite:child href="EN2001d.D.words.xml#id(EN2001d.D.words0)..id(EN2001d.D.words1)"/>
   </segment>
   <segment nite:id="EN2001d.sync.723" channel="3" transcriber_start="56.784" transcriber_end="63.379">
      <nite:child href="EN2001d.D.words.xml#id(EN2001d.D.words2)..id(EN2001d.D.words31)"/>
   </segment>
   <segment nite:id="EN2001d.sync.725" channel="3" transcriber_start="65.955" transcriber_end="66.216">
      <nite:child href="EN2001d.D.words.xml#id(EN2001d.D.words32)"/>
   </segment>
   <segment nite:id="EN2001d.sync.727" channel="3" transcriber_start="66.7" transcriber_end="67.222">
      <nite:child href="EN2001d.D.words.xml#id(EN2001d.D.words33)"/>
   </segment>
   <segment nite:id="EN2001d.sync.729" channel="3" transcriber_start="89.694" transcriber_end="92.945">
      <nite:child href="EN2001d.D.words.xml#id(EN2001d.D.words34)..id(EN2001d.D.words48)"/>
   </segment>
   <segment nite:id="EN2001d.sync.731" channel="3" transcriber_start="99.104" transcriber_end="100.256">
      <nite:child href="EN2001d.D.words.xml#id(EN2001d.D.words49)..id(EN2001d.D.words54)"/>
   </segment>
   <segment nite:id="EN2001d.sync.733" channel="3" transcriber_start="109.536" transcriber_end="110.471">
      <nite:child href="EN2001d.D.words.xml#id(EN2001d.D.words55)..id(EN2001d.D.words60)"/>
   </segment>
   <segment nite:id="EN2001d.sync.735" channel="3" transcriber_start="115.376" transcriber_end="115.824">
      <nite:child href="EN2001d.D.words.xml#id(EN2001d.D.words61)..id(EN2001d.D.words62)"/>
   </segment>
   <segment nite:id="EN2001d.sync.737" channel="3" transcriber_start="122.919" transcriber_end="127.534">
      <nite:child href="EN2001d.D.words.xml#id(EN2001d.D.words63)..id(EN2001d.D.words80)"/>
   </segment>
   <segment nite:id="EN2001d.sync.739" channel="3" transcriber_start="180.768" transcriber_end="181.44">
      <nite:child href="EN2001d.D.words.xml#id(EN2001d.D.words81)"/>
   </segment>
   <segment nite:id="EN2001d.sync.741" channel="3" transcriber_start="196.752" transcriber_end="201.025">
      <nite:child href="EN2001d.D.words.xml#id(EN2001d.D.words82)..id(EN2001d.D.words102)"/>
   </segment>
   <segment nite:id="EN2001d.sync.743" channel="3" transcriber_start="218.759" transcriber_end="222.916">
      <nite:child href="EN2001d.D.words.xml#id(EN2001d.D.words103)..id(EN2001d.D.words119)"/>
   </segment>
   <segment nite:id="EN2001d.sync.745" channel="3" transcriber_start="227.577" transcriber_end="229.691">
      <nite:child href="EN2001d.D.words.xml#id(EN2001d.D.words120)..id(EN2001d.D.words127)"/>
   </segment>
   <segment nite:id="EN2001d.sync.747" channel="3" transcriber_start="232.875" transcriber_end="233.466">
      <nite:child href="EN2001d.D.words.xml#id(EN2001d.D.words128)..id(EN2001d.D.words129)"/>
   </segment>
   <segment nite:id="EN2001d.sync.749" channel="3" transcriber_start="239.829" transcriber_end="241.76">
      <nite:child href="EN2001d.D.words.xml#id(EN2001d.D.words130)..id(EN2001d.D.words136)"/>
   </segment>
   <segment nite:id="EN2001d.sync.751" channel="3" transcriber_start="243.011" transcriber_end="244.664">
      <nite:child href="EN2001d.D.words.xml#id(EN2001d.D.words137)..id(EN2001d.D.words143)"/>
   </segment>
   <segment nite:id="EN2001d.sync.753" channel="3" transcriber_start="248.816" transcriber_end="255.984">
      <nite:child href="EN2001d.D.words.xml#id(EN2001d.D.words144)..id(EN2001d.D.words168)"/>
   </segment>
   <segment nite:id="EN2001d.sync.755" channel="3" transcriber_start="257.424" transcriber_end="260.393">
      <nite:child href="EN2001d.D.words.xml#id(EN2001d.D.words169)..id(EN2001d.D.words180)"/>
   </segment>
   <segment nite:id="EN2001d.sync.757" channel="3" transcriber_start="264.697" transcriber_end="271.168">
      <nite:child href="EN2001d.D.words.xml#id(EN2001d.D.words181)..id(EN2001d.D.words209)"/>
   </segment>
   <segment nite:id="EN2001d.sync.759" channel="3" transcriber_start="276.201" transcriber_end="279.66">
      <nite:child href="EN2001d.D.words.xml#id(EN2001d.D.words210)..id(EN2001d.D.words225)"/>
   </segment>
   <segment nite:id="EN2001d.sync.761" channel="3" transcriber_start="280.962" transcriber_end="285.936">
      <nite:child href="EN2001d.D.words.xml#id(EN2001d.D.words226)..id(EN2001d.D.words250)"/>
   </segment>
   <segment nite:id="EN2001d.sync.763" channel="3" transcriber_start="288.144" transcriber_end="289.312">
      <nite:child href="EN2001d.D.words.xml#id(EN2001d.D.words251)..id(EN2001d.D.words255)"/>
   </segment>
   <segment nite:id="EN2001d.sync.765" channel="3" transcriber_start="293.908" transcriber_end="299.848">
      <nite:child href="EN2001d.D.words.xml#id(EN2001d.D.words256)..id(EN2001d.D.words272)"/>
   </segment>
   <segment nite:id="EN2001d.sync.767" channel="3" transcriber_start="301.504" transcriber_end="302.64">
      <nite:child href="EN2001d.D.words.xml#id(EN2001d.D.words273)..id(EN2001d.D.words276)"/>
   </segment>
   <segment nite:id="EN2001d.sync.769" channel="3" transcriber_start="308.144" transcriber_end="314.777">
      <nite:child href="EN2001d.D.words.xml#id(EN2001d.D.words277)..id(EN2001d.D.words297)"/>
   </segment>
   <segment nite:id="EN2001d.sync.771" channel="3" transcriber_start="317.853" transcriber_end="320.148">
      <nite:child href="EN2001d.D.words.xml#id(EN2001d.D.words298)..id(EN2001d.D.words304)"/>
   </segment>
   <segment nite:id="EN2001d.sync.773" channel="3" transcriber_start="322.36" transcriber_end="328.59">
      <nite:child href="EN2001d.D.words.xml#id(EN2001d.D.words305)..id(EN2001d.D.words329)"/>
   </segment>
   <segment nite:id="EN2001d.sync.775" channel="3" transcriber_start="332.016" transcriber_end="332.842">
      <nite:child href="EN2001d.D.words.xml#id(EN2001d.D.words330)..id(EN2001d.D.words335)"/>
   </segment>
   <segment nite:id="EN2001d.sync.777" channel="3" transcriber_start="336.18" transcriber_end="337.369">
      <nite:child href="EN2001d.D.words.xml#id(EN2001d.D.words336)..id(EN2001d.D.words341)"/>
   </segment>
   <segment nite:id="EN2001d.sync.779" channel="3" transcriber_start="344.224" transcriber_end="347.708">
      <nite:child href="EN2001d.D.words.xml#id(EN2001d.D.words342)..id(EN2001d.D.words356)"/>
   </segment>
   <segment nite:id="EN2001d.sync.781" channel="3" transcriber_start="350.529" transcriber_end="351.056">
      <nite:child href="EN2001d.D.words.xml#id(EN2001d.D.words357)..id(EN2001d.D.words358)"/>
   </segment>
   <segment nite:id="EN2001d.sync.783" channel="3" transcriber_start="374.884" transcriber_end="375.524">
      <nite:child href="EN2001d.D.words.xml#id(EN2001d.D.words359)..id(EN2001d.D.words360)"/>
   </segment>
   <segment nite:id="EN2001d.sync.785" channel="3" transcriber_start="378.409" transcriber_end="379.141">
      <nite:child href="EN2001d.D.words.xml#id(EN2001d.D.words361)"/>
   </segment>
   <segment nite:id="EN2001d.sync.787" channel="3" transcriber_start="396.796" transcriber_end="397.346">
      <nite:child href="EN2001d.D.words.xml#id(EN2001d.D.words362)..id(EN2001d.D.words363)"/>
   </segment>
   <segment nite:id="EN2001d.sync.789" channel="3" transcriber_start="398.668" transcriber_end="401.006">
      <nite:child href="EN2001d.D.words.xml#id(EN2001d.D.words364)..id(EN2001d.D.words372)"/>
   </segment>
   <segment nite:id="EN2001d.sync.791" channel="3" transcriber_start="416.16" transcriber_end="416.721">
      <nite:child href="EN2001d.D.words.xml#id(EN2001d.D.words373)..id(EN2001d.D.words374)"/>
   </segment>
   <segment nite:id="EN2001d.sync.793" channel="3" transcriber_start="519.165" transcriber_end="526.753">
      <nite:child href="EN2001d.D.words.xml#id(EN2001d.D.words375)..id(EN2001d.D.words408)"/>
   </segment>
   <segment nite:id="EN2001d.sync.795" channel="3" transcriber_start="535.792" transcriber_end="538.624">
      <nite:child href="EN2001d.D.words.xml#id(EN2001d.D.words409)..id(EN2001d.D.words422)"/>
   </segment>
   <segment nite:id="EN2001d.sync.797" channel="3" transcriber_start="543.808" transcriber_end="551.604">
      <nite:child href="EN2001d.D.words.xml#id(EN2001d.D.words423)..id(EN2001d.D.words443)"/>
   </segment>
   <segment nite:id="EN2001d.sync.799" channel="3" transcriber_start="560.586" transcriber_end="561.936">
      <nite:child href="EN2001d.D.words.xml#id(EN2001d.D.words444)..id(EN2001d.D.words448)"/>
   </segment>
   <segment nite:id="EN2001d.sync.801" channel="3" transcriber_start="567.971" transcriber_end="570.233">
      <nite:child href="EN2001d.D.words.xml#id(EN2001d.D.words449)..id(EN2001d.D.words459)"/>
   </segment>
   <segment nite:id="EN2001d.sync.803" channel="3" transcriber_start="578.936" transcriber_end="580.433">
      <nite:child href="EN2001d.D.words.xml#id(EN2001d.D.words460)..id(EN2001d.D.words465)"/>
   </segment>
   <segment nite:id="EN2001d.sync.805" channel="3" transcriber_start="582.588" transcriber_end="583.071">
      <nite:child href="EN2001d.D.words.xml#id(EN2001d.D.words466)..id(EN2001d.D.words467)"/>
   </segment>
   <segment nite:id="EN2001d.sync.807" channel="3" transcriber_start="588.824" transcriber_end="594.072">
      <nite:child href="EN2001d.D.words.xml#id(EN2001d.D.words468)..id(EN2001d.D.words484)"/>
   </segment>
   <segment nite:id="EN2001d.sync.809" channel="3" transcriber_start="643.594" transcriber_end="646.944">
      <nite:child href="EN2001d.D.words.xml#id(EN2001d.D.words485)..id(EN2001d.D.words498)"/>
   </segment>
   <segment nite:id="EN2001d.sync.811" channel="3" transcriber_start="650.06" transcriber_end="652.704">
      <nite:child href="EN2001d.D.words.xml#id(EN2001d.D.words499)..id(EN2001d.D.words512)"/>
   </segment>
   <segment nite:id="EN2001d.sync.813" channel="3" transcriber_start="654.144" transcriber_end="654.862">
      <nite:child href="EN2001d.D.words.xml#id(EN2001d.D.words513)..id(EN2001d.D.words516)"/>
   </segment>
   <segment nite:id="EN2001d.sync.815" channel="3" transcriber_start="660.036" transcriber_end="675.327">
      <nite:child href="EN2001d.D.words.xml#id(EN2001d.D.words517)..id(EN2001d.D.words564)"/>
   </segment>
   <segment nite:id="EN2001d.sync.817" channel="3" transcriber_start="681.44" transcriber_end="684.609">
      <nite:child href="EN2001d.D.words.xml#id(EN2001d.D.words565)..id(EN2001d.D.words584)"/>
   </segment>
   <segment nite:id="EN2001d.sync.819" channel="3" transcriber_start="688.992" transcriber_end="689.433">
      <nite:child href="EN2001d.D.words.xml#id(EN2001d.D.words585)..id(EN2001d.D.words586)"/>
   </segment>
   <segment nite:id="EN2001d.sync.821" channel="3" transcriber_start="697.333" transcriber_end="697.792">
      <nite:child href="EN2001d.D.words.xml#id(EN2001d.D.words587)..id(EN2001d.D.words588)"/>
   </segment>
   <segment nite:id="EN2001d.sync.823" channel="3" transcriber_start="706.498" transcriber_end="708.261">
      <nite:child href="EN2001d.D.words.xml#id(EN2001d.D.words589)..id(EN2001d.D.words598)"/>
   </segment>
   <segment nite:id="EN2001d.sync.825" channel="3" transcriber_start="714.522" transcriber_end="720.864">
      <nite:child href="EN2001d.D.words.xml#id(EN2001d.D.words599)..id(EN2001d.D.words622)"/>
   </segment>
   <segment nite:id="EN2001d.sync.827" channel="3" transcriber_start="730.189" transcriber_end="730.713">
      <nite:child href="EN2001d.D.words.xml#id(EN2001d.D.words623)..id(EN2001d.D.words624)"/>
   </segment>
   <segment nite:id="EN2001d.sync.829" channel="3" transcriber_start="741.842" transcriber_end="746.624">
      <nite:child href="EN2001d.D.words.xml#id(EN2001d.D.words625)..id(EN2001d.D.words641)"/>
   </segment>
   <segment nite:id="EN2001d.sync.831" channel="3" transcriber_start="774.864" transcriber_end="778.88">
      <nite:child href="EN2001d.D.words.xml#id(EN2001d.D.words642)..id(EN2001d.D.words658)"/>
   </segment>
   <segment nite:id="EN2001d.sync.833" channel="3" transcriber_start="781.04" transcriber_end="786.688">
      <nite:child href="EN2001d.D.words.xml#id(EN2001d.D.words659)..id(EN2001d.D.words675)"/>
   </segment>
   <segment nite:id="EN2001d.sync.835" channel="3" transcriber_start="792.272" transcriber_end="798.954">
      <nite:child href="EN2001d.D.words.xml#id(EN2001d.D.words676)..id(EN2001d.D.words695)"/>
   </segment>
   <segment nite:id="EN2001d.sync.837" channel="3" transcriber_start="818.928" transcriber_end="819.363">
      <nite:child href="EN2001d.D.words.xml#id(EN2001d.D.words696)..id(EN2001d.D.words697)"/>
   </segment>
   <segment nite:id="EN2001d.sync.839" channel="3" transcriber_start="844.336" transcriber_end="852.649">
      <nite:child href="EN2001d.D.words.xml#id(EN2001d.D.words698)..id(EN2001d.D.words723)"/>
   </segment>
   <segment nite:id="EN2001d.sync.841" channel="3" transcriber_start="859.21" transcriber_end="866.369">
      <nite:child href="EN2001d.D.words.xml#id(EN2001d.D.words724)..id(EN2001d.D.words752)"/>
   </segment>
   <segment nite:id="EN2001d.sync.843" channel="3" transcriber_start="876.848" transcriber_end="885.025">
      <nite:child href="EN2001d.D.words.xml#id(EN2001d.D.words753)..id(EN2001d.D.words781)"/>
   </segment>
   <segment nite:id="EN2001d.sync.845" channel="3" transcriber_start="887.85" transcriber_end="890.145">
      <nite:child href="EN2001d.D.words.xml#id(EN2001d.D.words782)..id(EN2001d.D.words794)"/>
   </segment>
   <segment nite:id="EN2001d.sync.847" channel="3" transcriber_start="959.152" transcriber_end="961.667">
      <nite:child href="EN2001d.D.words.xml#id(EN2001d.D.words795)..id(EN2001d.D.words805)"/>
   </segment>
   <segment nite:id="EN2001d.sync.849" channel="3" transcriber_start="968.784" transcriber_end="971.388">
      <nite:child href="EN2001d.D.words.xml#id(EN2001d.D.words806)..id(EN2001d.D.words816)"/>
   </segment>
   <segment nite:id="EN2001d.sync.851" channel="3" transcriber_start="990.0" transcriber_end="992.224">
      <nite:child href="EN2001d.D.words.xml#id(EN2001d.D.words817)..id(EN2001d.D.words828)"/>
   </segment>
   <segment nite:id="EN2001d.sync.853" channel="3" transcriber_start="1028.816" transcriber_end="1029.402">
      <nite:child href="EN2001d.D.words.xml#id(EN2001d.D.words829)..id(EN2001d.D.words830)"/>
   </segment>
   <segment nite:id="EN2001d.sync.855" channel="3" transcriber_start="1099.897" transcriber_end="1112.04">
      <nite:child href="EN2001d.D.words.xml#id(EN2001d.D.words831)..id(EN2001d.D.words874)"/>
   </segment>
   <segment nite:id="EN2001d.sync.857" channel="3" transcriber_start="1117.944" transcriber_end="1121.312">
      <nite:child href="EN2001d.D.words.xml#id(EN2001d.D.words875)..id(EN2001d.D.words884)"/>
   </segment>
   <segment nite:id="EN2001d.sync.859" channel="3" transcriber_start="1123.504" transcriber_end="1131.518">
      <nite:child href="EN2001d.D.words.xml#id(EN2001d.D.words885)..id(EN2001d.D.words908)"/>
   </segment>
   <segment nite:id="EN2001d.sync.861" channel="3" transcriber_start="1133.123" transcriber_end="1135.154">
      <nite:child href="EN2001d.D.words.xml#id(EN2001d.D.words909)..id(EN2001d.D.words919)"/>
   </segment>
   <segment nite:id="EN2001d.sync.863" channel="3" transcriber_start="1138.738" transcriber_end="1139.287">
      <nite:child href="EN2001d.D.words.xml#id(EN2001d.D.words920)..id(EN2001d.D.words921)"/>
   </segment>
   <segment nite:id="EN2001d.sync.865" channel="3" transcriber_start="1143.04" transcriber_end="1151.801">
      <nite:child href="EN2001d.D.words.xml#id(EN2001d.D.words922)..id(EN2001d.D.words949)"/>
   </segment>
   <segment nite:id="EN2001d.sync.867" channel="3" transcriber_start="1163.994" transcriber_end="1168.933">
      <nite:child href="EN2001d.D.words.xml#id(EN2001d.D.words950)..id(EN2001d.D.words971)"/>
   </segment>
   <segment nite:id="EN2001d.sync.869" channel="3" transcriber_start="1170.729" transcriber_end="1175.136">
      <nite:child href="EN2001d.D.words.xml#id(EN2001d.D.words972)..id(EN2001d.D.words991)"/>
   </segment>
   <segment nite:id="EN2001d.sync.871" channel="3" transcriber_start="1196.121" transcriber_end="1198.288">
      <nite:child href="EN2001d.D.words.xml#id(EN2001d.D.words992)..id(EN2001d.D.words1000)"/>
   </segment>
   <segment nite:id="EN2001d.sync.873" channel="3" transcriber_start="1201.664" transcriber_end="1209.003">
      <nite:child href="EN2001d.D.words.xml#id(EN2001d.D.words1001)..id(EN2001d.D.words1028)"/>
   </segment>
   <segment nite:id="EN2001d.sync.875" channel="3" transcriber_start="1214.576" transcriber_end="1221.931">
      <nite:child href="EN2001d.D.words.xml#id(EN2001d.D.words1029)..id(EN2001d.D.words1058)"/>
   </segment>
   <segment nite:id="EN2001d.sync.877" channel="3" transcriber_start="1227.602" transcriber_end="1231.62">
      <nite:child href="EN2001d.D.words.xml#id(EN2001d.D.words1059)..id(EN2001d.D.words1074)"/>
   </segment>
   <segment nite:id="EN2001d.sync.879" channel="3" transcriber_start="1245.169" transcriber_end="1250.807">
      <nite:child href="EN2001d.D.words.xml#id(EN2001d.D.words1075)..id(EN2001d.D.words1096)"/>
   </segment>
   <segment nite:id="EN2001d.sync.881" channel="3" transcriber_start="1252.58" transcriber_end="1253.686">
      <nite:child href="EN2001d.D.words.xml#id(EN2001d.D.words1097)"/>
   </segment>
   <segment nite:id="EN2001d.sync.883" channel="3" transcriber_start="1258.544" transcriber_end="1263.536">
      <nite:child href="EN2001d.D.words.xml#id(EN2001d.D.words1098)..id(EN2001d.D.words1113)"/>
   </segment>
   <segment nite:id="EN2001d.sync.885" channel="3" transcriber_start="1272.732" transcriber_end="1274.021">
      <nite:child href="EN2001d.D.words.xml#id(EN2001d.D.words1114)"/>
   </segment>
   <segment nite:id="EN2001d.sync.887" channel="3" transcriber_start="1287.953" transcriber_end="1293.865">
      <nite:child href="EN2001d.D.words.xml#id(EN2001d.D.words1115)..id(EN2001d.D.words1140)"/>
   </segment>
   <segment nite:id="EN2001d.sync.889" channel="3" transcriber_start="1297.6" transcriber_end="1303.45">
      <nite:child href="EN2001d.D.words.xml#id(EN2001d.D.words1141)..id(EN2001d.D.words1160)"/>
   </segment>
   <segment nite:id="EN2001d.sync.891" channel="3" transcriber_start="1306.032" transcriber_end="1308.886">
      <nite:child href="EN2001d.D.words.xml#id(EN2001d.D.words1161)..id(EN2001d.D.words1173)"/>
   </segment>
   <segment nite:id="EN2001d.sync.893" channel="3" transcriber_start="1316.592" transcriber_end="1319.408">
      <nite:child href="EN2001d.D.words.xml#id(EN2001d.D.words1174)..id(EN2001d.D.words1190)"/>
   </segment>
   <segment nite:id="EN2001d.sync.895" channel="3" transcriber_start="1320.72" transcriber_end="1325.725">
      <nite:child href="EN2001d.D.words.xml#id(EN2001d.D.words1191)..id(EN2001d.D.words1211)"/>
   </segment>
   <segment nite:id="EN2001d.sync.897" channel="3" transcriber_start="1329.611" transcriber_end="1336.178">
      <nite:child href="EN2001d.D.words.xml#id(EN2001d.D.words1212)..id(EN2001d.D.words1236)"/>
   </segment>
   <segment nite:id="EN2001d.sync.899" channel="3" transcriber_start="1340.592" transcriber_end="1343.202">
      <nite:child href="EN2001d.D.words.xml#id(EN2001d.D.words1237)..id(EN2001d.D.words1246)"/>
   </segment>
   <segment nite:id="EN2001d.sync.901" channel="3" transcriber_start="1351.304" transcriber_end="1354.015">
      <nite:child href="EN2001d.D.words.xml#id(EN2001d.D.words1247)..id(EN2001d.D.words1262)"/>
   </segment>
   <segment nite:id="EN2001d.sync.903" channel="3" transcriber_start="1361.71" transcriber_end="1362.791">
      <nite:child href="EN2001d.D.words.xml#id(EN2001d.D.words1263)"/>
   </segment>
   <segment nite:id="EN2001d.sync.905" channel="3" transcriber_start="1365.104" transcriber_end="1370.236">
      <nite:child href="EN2001d.D.words.xml#id(EN2001d.D.words1264)..id(EN2001d.D.words1282)"/>
   </segment>
   <segment nite:id="EN2001d.sync.907" channel="3" transcriber_start="1382.422" transcriber_end="1383.453">
      <nite:child href="EN2001d.D.words.xml#id(EN2001d.D.words1283)..id(EN2001d.D.words1286)"/>
   </segment>
   <segment nite:id="EN2001d.sync.909" channel="3" transcriber_start="1384.944" transcriber_end="1386.484">
      <nite:child href="EN2001d.D.words.xml#id(EN2001d.D.words1287)..id(EN2001d.D.words1291)"/>
   </segment>
   <segment nite:id="EN2001d.sync.911" channel="3" transcriber_start="1392.192" transcriber_end="1408.164">
      <nite:child href="EN2001d.D.words.xml#id(EN2001d.D.words1292)..id(EN2001d.D.words1350)"/>
   </segment>
   <segment nite:id="EN2001d.sync.913" channel="3" transcriber_start="1411.775" transcriber_end="1413.671">
      <nite:child href="EN2001d.D.words.xml#id(EN2001d.D.words1351)..id(EN2001d.D.words1354)"/>
   </segment>
   <segment nite:id="EN2001d.sync.915" channel="3" transcriber_start="1415.626" transcriber_end="1418.495">
      <nite:child href="EN2001d.D.words.xml#id(EN2001d.D.words1355)..id(EN2001d.D.words1367)"/>
   </segment>
   <segment nite:id="EN2001d.sync.917" channel="3" transcriber_start="1420.502" transcriber_end="1428.108">
      <nite:child href="EN2001d.D.words.xml#id(EN2001d.D.words1368)..id(EN2001d.D.words1395)"/>
   </segment>
   <segment nite:id="EN2001d.sync.919" channel="3" transcriber_start="1459.464" transcriber_end="1467.281">
      <nite:child href="EN2001d.D.words.xml#id(EN2001d.D.words1396)..id(EN2001d.D.words1428)"/>
   </segment>
   <segment nite:id="EN2001d.sync.921" channel="3" transcriber_start="1468.87" transcriber_end="1480.677">
      <nite:child href="EN2001d.D.words.xml#id(EN2001d.D.words1429)..id(EN2001d.D.words1477)"/>
   </segment>
   <segment nite:id="EN2001d.sync.923" channel="3" transcriber_start="1494.684" transcriber_end="1499.75">
      <nite:child href="EN2001d.D.words.xml#id(EN2001d.D.words1478)..id(EN2001d.D.words1503)"/>
   </segment>
   <segment nite:id="EN2001d.sync.925" channel="3" transcriber_start="1504.432" transcriber_end="1505.664">
      <nite:child href="EN2001d.D.words.xml#id(EN2001d.D.words1504)..id(EN2001d.D.words1512)"/>
   </segment>
   <segment nite:id="EN2001d.sync.927" channel="3" transcriber_start="1511.856" transcriber_end="1515.94">
      <nite:child href="EN2001d.D.words.xml#id(EN2001d.D.words1513)..id(EN2001d.D.words1523)"/>
   </segment>
   <segment nite:id="EN2001d.sync.929" channel="3" transcriber_start="1582.758" transcriber_end="1601.145">
      <nite:child href="EN2001d.D.words.xml#id(EN2001d.D.words1524)..id(EN2001d.D.words1575)"/>
   </segment>
   <segment nite:id="EN2001d.sync.931" channel="3" transcriber_start="1683.034" transcriber_end="1687.99">
      <nite:child href="EN2001d.D.words.xml#id(EN2001d.D.words1576)..id(EN2001d.D.words1596)"/>
   </segment>
   <segment nite:id="EN2001d.sync.933" channel="3" transcriber_start="1713.297" transcriber_end="1728.624">
      <nite:child href="EN2001d.D.words.xml#id(EN2001d.D.words1597)..id(EN2001d.D.words1644)"/>
   </segment>
   <segment nite:id="EN2001d.sync.935" channel="3" transcriber_start="1753.309" transcriber_end="1753.974">
      <nite:child href="EN2001d.D.words.xml#id(EN2001d.D.words1645)..id(EN2001d.D.words1646)"/>
   </segment>
   <segment nite:id="EN2001d.sync.937" channel="3" transcriber_start="1759.984" transcriber_end="1767.92">
      <nite:child href="EN2001d.D.words.xml#id(EN2001d.D.words1647)..id(EN2001d.D.words1672)"/>
   </segment>
   <segment nite:id="EN2001d.sync.939" channel="3" transcriber_start="1769.526" transcriber_end="1770.74">
      <nite:child href="EN2001d.D.words.xml#id(EN2001d.D.words1673)..id(EN2001d.D.words1676)"/>
   </segment>
   <segment nite:id="EN2001d.sync.941" channel="3" transcriber_start="1775.461" transcriber_end="1776.775">
      <nite:child href="EN2001d.D.words.xml#id(EN2001d.D.words1677)..id(EN2001d.D.words1681)"/>
   </segment>
   <segment nite:id="EN2001d.sync.943" channel="3" transcriber_start="1800.28" transcriber_end="1800.837">
      <nite:child href="EN2001d.D.words.xml#id(EN2001d.D.words1682)..id(EN2001d.D.words1683)"/>
   </segment>
   <segment nite:id="EN2001d.sync.945" channel="3" transcriber_start="1805.82" transcriber_end="1813.177">
      <nite:child href="EN2001d.D.words.xml#id(EN2001d.D.words1684)..id(EN2001d.D.words1702)"/>
   </segment>
   <segment nite:id="EN2001d.sync.947" channel="3" transcriber_start="1843.531" transcriber_end="1852.497">
      <nite:child href="EN2001d.D.words.xml#id(EN2001d.D.words1703)..id(EN2001d.D.words1723)"/>
   </segment>
   <segment nite:id="EN2001d.sync.949" channel="3" transcriber_start="1853.887" transcriber_end="1855.716">
      <nite:child href="EN2001d.D.words.xml#id(EN2001d.D.words1724)..id(EN2001d.D.words1732)"/>
   </segment>
   <segment nite:id="EN2001d.sync.951" channel="3" transcriber_start="1860.231" transcriber_end="1860.805">
      <nite:child href="EN2001d.D.words.xml#id(EN2001d.D.words1733)..id(EN2001d.D.words1734)"/>
   </segment>
   <segment nite:id="EN2001d.sync.953" channel="3" transcriber_start="1862.112" transcriber_end="1875.258">
      <nite:child href="EN2001d.D.words.xml#id(EN2001d.D.words1735)..id(EN2001d.D.words1787)"/>
   </segment>
   <segment nite:id="EN2001d.sync.955" channel="3" transcriber_start="1878.261" transcriber_end="1884.384">
      <nite:child href="EN2001d.D.words.xml#id(EN2001d.D.words1788)..id(EN2001d.D.words1803)"/>
   </segment>
   <segment nite:id="EN2001d.sync.957" channel="3" transcriber_start="1887.003" transcriber_end="1888.492">
      <nite:child href="EN2001d.D.words.xml#id(EN2001d.D.words1804)..id(EN2001d.D.words1810)"/>
   </segment>
   <segment nite:id="EN2001d.sync.959" channel="3" transcriber_start="1913.248" transcriber_end="1917.623">
      <nite:child href="EN2001d.D.words.xml#id(EN2001d.D.words1811)..id(EN2001d.D.words1823)"/>
   </segment>
   <segment nite:id="EN2001d.sync.961" channel="3" transcriber_start="1926.122" transcriber_end="1926.688">
      <nite:child href="EN2001d.D.words.xml#id(EN2001d.D.words1824)..id(EN2001d.D.words1825)"/>
   </segment>
   <segment nite:id="EN2001d.sync.963" channel="3" transcriber_start="1930.823" transcriber_end="1934.448">
      <nite:child href="EN2001d.D.words.xml#id(EN2001d.D.words1826)..id(EN2001d.D.words1835)"/>
   </segment>
   <segment nite:id="EN2001d.sync.965" channel="3" transcriber_start="1939.552" transcriber_end="1949.059">
      <nite:child href="EN2001d.D.words.xml#id(EN2001d.D.words1836)..id(EN2001d.D.words1871)"/>
   </segment>
   <segment nite:id="EN2001d.sync.967" channel="3" transcriber_start="1950.822" transcriber_end="1951.894">
      <nite:child href="EN2001d.D.words.xml#id(EN2001d.D.words1872)..id(EN2001d.D.words1876)"/>
   </segment>
   <segment nite:id="EN2001d.sync.969" channel="3" transcriber_start="1955.306" transcriber_end="1957.95">
      <nite:child href="EN2001d.D.words.xml#id(EN2001d.D.words1877)..id(EN2001d.D.words1885)"/>
   </segment>
   <segment nite:id="EN2001d.sync.971" channel="3" transcriber_start="1967.239" transcriber_end="1967.796">
      <nite:child href="EN2001d.D.words.xml#id(EN2001d.D.words1886)..id(EN2001d.D.words1887)"/>
   </segment>
   <segment nite:id="EN2001d.sync.973" channel="3" transcriber_start="1983.377" transcriber_end="1985.573">
      <nite:child href="EN2001d.D.words.xml#id(EN2001d.D.words1888)..id(EN2001d.D.words1896)"/>
   </segment>
   <segment nite:id="EN2001d.sync.975" channel="3" transcriber_start="2030.528" transcriber_end="2034.935">
      <nite:child href="EN2001d.D.words.xml#id(EN2001d.D.words1897)..id(EN2001d.D.words1911)"/>
   </segment>
   <segment nite:id="EN2001d.sync.977" channel="3" transcriber_start="2050.528" transcriber_end="2053.964">
      <nite:child href="EN2001d.D.words.xml#id(EN2001d.D.words1912)..id(EN2001d.D.words1924)"/>
   </segment>
   <segment nite:id="EN2001d.sync.979" channel="3" transcriber_start="2065.603" transcriber_end="2079.93">
      <nite:child href="EN2001d.D.words.xml#id(EN2001d.D.words1925)..id(EN2001d.D.words1981)"/>
   </segment>
   <segment nite:id="EN2001d.sync.981" channel="3" transcriber_start="2086.951" transcriber_end="2087.491">
      <nite:child href="EN2001d.D.words.xml#id(EN2001d.D.words1982)..id(EN2001d.D.words1983)"/>
   </segment>
   <segment nite:id="EN2001d.sync.983" channel="3" transcriber_start="2089.568" transcriber_end="2090.027">
      <nite:child href="EN2001d.D.words.xml#id(EN2001d.D.words1984)..id(EN2001d.D.words1985)"/>
   </segment>
   <segment nite:id="EN2001d.sync.985" channel="3" transcriber_start="2099.958" transcriber_end="2106.587">
      <nite:child href="EN2001d.D.words.xml#id(EN2001d.D.words1986)..id(EN2001d.D.words2004)"/>
   </segment>
   <segment nite:id="EN2001d.sync.987" channel="3" transcriber_start="2108.366" transcriber_end="2115.619">
      <nite:child href="EN2001d.D.words.xml#id(EN2001d.D.words2005)..id(EN2001d.D.words2024)"/>
   </segment>
   <segment nite:id="EN2001d.sync.989" channel="3" transcriber_start="2118.391" transcriber_end="2118.857">
      <nite:child href="EN2001d.D.words.xml#id(EN2001d.D.words2025)..id(EN2001d.D.words2026)"/>
   </segment>
   <segment nite:id="EN2001d.sync.991" channel="3" transcriber_start="2121.056" transcriber_end="2133.937">
      <nite:child href="EN2001d.D.words.xml#id(EN2001d.D.words2027)..id(EN2001d.D.words2072)"/>
   </segment>
   <segment nite:id="EN2001d.sync.993" channel="3" transcriber_start="2142.335" transcriber_end="2145.777">
      <nite:child href="EN2001d.D.words.xml#id(EN2001d.D.words2073)..id(EN2001d.D.words2088)"/>
   </segment>
   <segment nite:id="EN2001d.sync.995" channel="3" transcriber_start="2157.025" transcriber_end="2170.562">
      <nite:child href="EN2001d.D.words.xml#id(EN2001d.D.words2089)..id(EN2001d.D.words2132)"/>
   </segment>
   <segment nite:id="EN2001d.sync.997" channel="3" transcriber_start="2180.274" transcriber_end="2182.96">
      <nite:child href="EN2001d.D.words.xml#id(EN2001d.D.words2133)..id(EN2001d.D.words2142)"/>
   </segment>
   <segment nite:id="EN2001d.sync.999" channel="3" transcriber_start="2197.984" transcriber_end="2224.386">
      <nite:child href="EN2001d.D.words.xml#id(EN2001d.D.words2143)..id(EN2001d.D.words2233)"/>
   </segment>
   <segment nite:id="EN2001d.sync.1,001" channel="3" transcriber_start="2235.743" transcriber_end="2243.206">
      <nite:child href="EN2001d.D.words.xml#id(EN2001d.D.words2234)..id(EN2001d.D.words2265)"/>
   </segment>
   <segment nite:id="EN2001d.sync.1,003" channel="3" transcriber_start="2251.11" transcriber_end="2254.885">
      <nite:child href="EN2001d.D.words.xml#id(EN2001d.D.words2266)..id(EN2001d.D.words2282)"/>
   </segment>
   <segment nite:id="EN2001d.sync.1,005" channel="3" transcriber_start="2274.388" transcriber_end="2276.001">
      <nite:child href="EN2001d.D.words.xml#id(EN2001d.D.words2283)..id(EN2001d.D.words2290)"/>
   </segment>
   <segment nite:id="EN2001d.sync.1,007" channel="3" transcriber_start="2296.704" transcriber_end="2297.218">
      <nite:child href="EN2001d.D.words.xml#id(EN2001d.D.words2291)..id(EN2001d.D.words2292)"/>
   </segment>
   <segment nite:id="EN2001d.sync.1,009" channel="3" transcriber_start="2299.12" transcriber_end="2302.955">
      <nite:child href="EN2001d.D.words.xml#id(EN2001d.D.words2293)..id(EN2001d.D.words2307)"/>
   </segment>
   <segment nite:id="EN2001d.sync.1,011" channel="3" transcriber_start="2327.253" transcriber_end="2329.488">
      <nite:child href="EN2001d.D.words.xml#id(EN2001d.D.words2308)..id(EN2001d.D.words2319)"/>
   </segment>
   <segment nite:id="EN2001d.sync.1,013" channel="3" transcriber_start="2334.604" transcriber_end="2337.265">
      <nite:child href="EN2001d.D.words.xml#id(EN2001d.D.words2320)..id(EN2001d.D.words2334)"/>
   </segment>
   <segment nite:id="EN2001d.sync.1,015" channel="3" transcriber_start="2344.0" transcriber_end="2344.565">
      <nite:child href="EN2001d.D.words.xml#id(EN2001d.D.words2335)..id(EN2001d.D.words2336)"/>
   </segment>
   <segment nite:id="EN2001d.sync.1,017" channel="3" transcriber_start="2351.684" transcriber_end="2354.469">
      <nite:child href="EN2001d.D.words.xml#id(EN2001d.D.words2337)..id(EN2001d.D.words2349)"/>
   </segment>
   <segment nite:id="EN2001d.sync.1,019" channel="3" transcriber_start="2367.008" transcriber_end="2370.4">
      <nite:child href="EN2001d.D.words.xml#id(EN2001d.D.words2350)..id(EN2001d.D.words2365)"/>
   </segment>
   <segment nite:id="EN2001d.sync.1,021" channel="3" transcriber_start="2372.16" transcriber_end="2375.156">
      <nite:child href="EN2001d.D.words.xml#id(EN2001d.D.words2366)..id(EN2001d.D.words2378)"/>
   </segment>
   <segment nite:id="EN2001d.sync.1,023" channel="3" transcriber_start="2394.546" transcriber_end="2395.111">
      <nite:child href="EN2001d.D.words.xml#id(EN2001d.D.words2379)..id(EN2001d.D.words2380)"/>
   </segment>
   <segment nite:id="EN2001d.sync.1,025" channel="3" transcriber_start="2401.55" transcriber_end="2405.508">
      <nite:child href="EN2001d.D.words.xml#id(EN2001d.D.words2381)..id(EN2001d.D.words2395)"/>
   </segment>
   <segment nite:id="EN2001d.sync.1,027" channel="3" transcriber_start="2427.43" transcriber_end="2432.112">
      <nite:child href="EN2001d.D.words.xml#id(EN2001d.D.words2396)..id(EN2001d.D.words2409)"/>
   </segment>
   <segment nite:id="EN2001d.sync.1,029" channel="3" transcriber_start="2476.054" transcriber_end="2478.165">
      <nite:child href="EN2001d.D.words.xml#id(EN2001d.D.words2410)..id(EN2001d.D.words2423)"/>
   </segment>
   <segment nite:id="EN2001d.sync.1,031" channel="3" transcriber_start="2480.772" transcriber_end="2489.248">
      <nite:child href="EN2001d.D.words.xml#id(EN2001d.D.words2424)..id(EN2001d.D.words2450)"/>
   </segment>
   <segment nite:id="EN2001d.sync.1,033" channel="3" transcriber_start="2499.581" transcriber_end="2502.842">
      <nite:child href="EN2001d.D.words.xml#id(EN2001d.D.words2451)..id(EN2001d.D.words2466)"/>
   </segment>
   <segment nite:id="EN2001d.sync.1,035" channel="3" transcriber_start="2521.92" transcriber_end="2522.62">
      <nite:child href="EN2001d.D.words.xml#id(EN2001d.D.words2467)..id(EN2001d.D.words2468)"/>
   </segment>
   <segment nite:id="EN2001d.sync.1,037" channel="3" transcriber_start="2537.721" transcriber_end="2542.836">
      <nite:child href="EN2001d.D.words.xml#id(EN2001d.D.words2469)..id(EN2001d.D.words2487)"/>
   </segment>
   <segment nite:id="EN2001d.sync.1,039" channel="3" transcriber_start="2549.449" transcriber_end="2553.306">
      <nite:child href="EN2001d.D.words.xml#id(EN2001d.D.words2488)..id(EN2001d.D.words2500)"/>
   </segment>
   <segment nite:id="EN2001d.sync.1,041" channel="3" transcriber_start="2563.431" transcriber_end="2571.37">
      <nite:child href="EN2001d.D.words.xml#id(EN2001d.D.words2501)..id(EN2001d.D.words2534)"/>
   </segment>
   <segment nite:id="EN2001d.sync.1,043" channel="3" transcriber_start="2572.88" transcriber_end="2574.132">
      <nite:child href="EN2001d.D.words.xml#id(EN2001d.D.words2535)..id(EN2001d.D.words2544)"/>
   </segment>
   <segment nite:id="EN2001d.sync.1,045" channel="3" transcriber_start="2577.159" transcriber_end="2580.028">
      <nite:child href="EN2001d.D.words.xml#id(EN2001d.D.words2545)..id(EN2001d.D.words2555)"/>
   </segment>
   <segment nite:id="EN2001d.sync.1,047" channel="3" transcriber_start="2600.992" transcriber_end="2601.817">
      <nite:child href="EN2001d.D.words.xml#id(EN2001d.D.words2556)..id(EN2001d.D.words2559)"/>
   </segment>
   <segment nite:id="EN2001d.sync.1,049" channel="3" transcriber_start="2607.331" transcriber_end="2612.32">
      <nite:child href="EN2001d.D.words.xml#id(EN2001d.D.words2560)..id(EN2001d.D.words2575)"/>
   </segment>
   <segment nite:id="EN2001d.sync.1,051" channel="3" transcriber_start="2740.288" transcriber_end="2760.528">
      <nite:child href="EN2001d.D.words.xml#id(EN2001d.D.words2576)..id(EN2001d.D.words2648)"/>
   </segment>
   <segment nite:id="EN2001d.sync.1,053" channel="3" transcriber_start="2767.685" transcriber_end="2769.11">
      <nite:child href="EN2001d.D.words.xml#id(EN2001d.D.words2649)..id(EN2001d.D.words2654)"/>
   </segment>
   <segment nite:id="EN2001d.sync.1,055" channel="3" transcriber_start="2773.168" transcriber_end="2787.58">
      <nite:child href="EN2001d.D.words.xml#id(EN2001d.D.words2655)..id(EN2001d.D.words2701)"/>
   </segment>
   <segment nite:id="EN2001d.sync.1,057" channel="3" transcriber_start="2790.624" transcriber_end="2793.561">
      <nite:child href="EN2001d.D.words.xml#id(EN2001d.D.words2702)..id(EN2001d.D.words2711)"/>
   </segment>
   <segment nite:id="EN2001d.sync.1,059" channel="3" transcriber_start="2805.504" transcriber_end="2826.096">
      <nite:child href="EN2001d.D.words.xml#id(EN2001d.D.words2712)..id(EN2001d.D.words2776)"/>
   </segment>
   <segment nite:id="EN2001d.sync.1,061" channel="3" transcriber_start="2830.766" transcriber_end="2835.366">
      <nite:child href="EN2001d.D.words.xml#id(EN2001d.D.words2777)..id(EN2001d.D.words2792)"/>
   </segment>
   <segment nite:id="EN2001d.sync.1,063" channel="3" transcriber_start="2839.374" transcriber_end="2843.806">
      <nite:child href="EN2001d.D.words.xml#id(EN2001d.D.words2793)..id(EN2001d.D.words2811)"/>
   </segment>
   <segment nite:id="EN2001d.sync.1,065" channel="3" transcriber_start="2855.872" transcriber_end="2862.0">
      <nite:child href="EN2001d.D.words.xml#id(EN2001d.D.words2812)..id(EN2001d.D.words2835)"/>
   </segment>
   <segment nite:id="EN2001d.sync.1,067" channel="3" transcriber_start="2864.704" transcriber_end="2867.769">
      <nite:child href="EN2001d.D.words.xml#id(EN2001d.D.words2836)..id(EN2001d.D.words2849)"/>
   </segment>
   <segment nite:id="EN2001d.sync.1,069" channel="3" transcriber_start="2869.0" transcriber_end="2869.648">
      <nite:child href="EN2001d.D.words.xml#id(EN2001d.D.words2850)..id(EN2001d.D.words2851)"/>
   </segment>
   <segment nite:id="EN2001d.sync.1,071" channel="3" transcriber_start="2879.007" transcriber_end="2879.984">
      <nite:child href="EN2001d.D.words.xml#id(EN2001d.D.words2852)..id(EN2001d.D.words2856)"/>
   </segment>
   <segment nite:id="EN2001d.sync.1,073" channel="3" transcriber_start="2885.088" transcriber_end="2901.323">
      <nite:child href="EN2001d.D.words.xml#id(EN2001d.D.words2857)..id(EN2001d.D.words2920)"/>
   </segment>
   <segment nite:id="EN2001d.sync.1,075" channel="3" transcriber_start="2910.976" transcriber_end="2915.077">
      <nite:child href="EN2001d.D.words.xml#id(EN2001d.D.words2921)..id(EN2001d.D.words2938)"/>
   </segment>
   <segment nite:id="EN2001d.sync.1,077" channel="3" transcriber_start="2916.928" transcriber_end="2921.728">
      <nite:child href="EN2001d.D.words.xml#id(EN2001d.D.words2939)..id(EN2001d.D.words2955)"/>
   </segment>
   <segment nite:id="EN2001d.sync.1,079" channel="3" transcriber_start="2927.328" transcriber_end="2930.348">
      <nite:child href="EN2001d.D.words.xml#id(EN2001d.D.words2956)..id(EN2001d.D.words2969)"/>
   </segment>
   <segment nite:id="EN2001d.sync.1,081" channel="3" transcriber_start="2934.64" transcriber_end="2935.072">
      <nite:child href="EN2001d.D.words.xml#id(EN2001d.D.words2970)..id(EN2001d.D.words2971)"/>
   </segment>
   <segment nite:id="EN2001d.sync.1,083" channel="3" transcriber_start="2946.784" transcriber_end="2951.456">
      <nite:child href="EN2001d.D.words.xml#id(EN2001d.D.words2972)..id(EN2001d.D.words2991)"/>
   </segment>
   <segment nite:id="EN2001d.sync.1,085" channel="3" transcriber_start="2953.575" transcriber_end="2956.685">
      <nite:child href="EN2001d.D.words.xml#id(EN2001d.D.words2992)..id(EN2001d.D.words3001)"/>
   </segment>
   <segment nite:id="EN2001d.sync.1,087" channel="3" transcriber_start="2968.634" transcriber_end="2972.584">
      <nite:child href="EN2001d.D.words.xml#id(EN2001d.D.words3002)..id(EN2001d.D.words3023)"/>
   </segment>
   <segment nite:id="EN2001d.sync.1,089" channel="3" transcriber_start="2976.394" transcriber_end="2976.976">
      <nite:child href="EN2001d.D.words.xml#id(EN2001d.D.words3024)..id(EN2001d.D.words3025)"/>
   </segment>
   <segment nite:id="EN2001d.sync.1,091" channel="3" transcriber_start="2990.103" transcriber_end="2990.652">
      <nite:child href="EN2001d.D.words.xml#id(EN2001d.D.words3026)..id(EN2001d.D.words3027)"/>
   </segment>
   <segment nite:id="EN2001d.sync.1,093" channel="3" transcriber_start="2992.568" transcriber_end="2997.191">
      <nite:child href="EN2001d.D.words.xml#id(EN2001d.D.words3028)..id(EN2001d.D.words3040)"/>
   </segment>
   <segment nite:id="EN2001d.sync.1,095" channel="3" transcriber_start="3006.265" transcriber_end="3015.804">
      <nite:child href="EN2001d.D.words.xml#id(EN2001d.D.words3041)..id(EN2001d.D.words3068)"/>
   </segment>
   <segment nite:id="EN2001d.sync.1,097" channel="3" transcriber_start="3044.508" transcriber_end="3045.048">
      <nite:child href="EN2001d.D.words.xml#id(EN2001d.D.words3069)..id(EN2001d.D.words3070)"/>
   </segment>
   <segment nite:id="EN2001d.sync.1,099" channel="3" transcriber_start="3046.462" transcriber_end="3046.911">
      <nite:child href="EN2001d.D.words.xml#id(EN2001d.D.words3071)..id(EN2001d.D.words3072)"/>
   </segment>
   <segment nite:id="EN2001d.sync.1,101" channel="3" transcriber_start="3049.225" transcriber_end="3049.749">
      <nite:child href="EN2001d.D.words.xml#id(EN2001d.D.words3073)..id(EN2001d.D.words3074)"/>
   </segment>
   <segment nite:id="EN2001d.sync.1,103" channel="3" transcriber_start="3053.28" transcriber_end="3054.579">
      <nite:child href="EN2001d.D.words.xml#id(EN2001d.D.words3075)..id(EN2001d.D.words3080)"/>
   </segment>
   <segment nite:id="EN2001d.sync.1,105" channel="3" transcriber_start="3080.336" transcriber_end="3090.555">
      <nite:child href="EN2001d.D.words.xml#id(EN2001d.D.words3081)..id(EN2001d.D.words3114)"/>
   </segment>
   <segment nite:id="EN2001d.sync.1,107" channel="3" transcriber_start="3103.696" transcriber_end="3104.293">
      <nite:child href="EN2001d.D.words.xml#id(EN2001d.D.words3115)..id(EN2001d.D.words3116)"/>
   </segment>
   <segment nite:id="EN2001d.sync.1,109" channel="3" transcriber_start="3111.996" transcriber_end="3124.458">
      <nite:child href="EN2001d.D.words.xml#id(EN2001d.D.words3117)..id(EN2001d.D.words3153)"/>
   </segment>
   <segment nite:id="EN2001d.sync.1,111" channel="3" transcriber_start="3133.127" transcriber_end="3133.676">
      <nite:child href="EN2001d.D.words.xml#id(EN2001d.D.words3154)..id(EN2001d.D.words3155)"/>
   </segment>
   <segment nite:id="EN2001d.sync.1,113" channel="3" transcriber_start="3135.12" transcriber_end="3142.217">
      <nite:child href="EN2001d.D.words.xml#id(EN2001d.D.words3156)..id(EN2001d.D.words3183)"/>
   </segment>
   <segment nite:id="EN2001d.sync.1,115" channel="3" transcriber_start="3144.112" transcriber_end="3162.272">
      <nite:child href="EN2001d.D.words.xml#id(EN2001d.D.words3184)..id(EN2001d.D.words3237)"/>
   </segment>
   <segment nite:id="EN2001d.sync.1,117" channel="3" transcriber_start="3170.547" transcriber_end="3171.063">
      <nite:child href="EN2001d.D.words.xml#id(EN2001d.D.words3238)..id(EN2001d.D.words3239)"/>
   </segment>
   <segment nite:id="EN2001d.sync.1,119" channel="3" transcriber_start="3176.638" transcriber_end="3180.72">
      <nite:child href="EN2001d.D.words.xml#id(EN2001d.D.words3240)..id(EN2001d.D.words3255)"/>
   </segment>
   <segment nite:id="EN2001d.sync.1,121" channel="3" transcriber_start="3182.144" transcriber_end="3184.048">
      <nite:child href="EN2001d.D.words.xml#id(EN2001d.D.words3256)..id(EN2001d.D.words3260)"/>
   </segment>
   <segment nite:id="EN2001d.sync.1,123" channel="3" transcriber_start="3194.914" transcriber_end="3195.513">
      <nite:child href="EN2001d.D.words.xml#id(EN2001d.D.words3261)"/>
   </segment>
   <segment nite:id="EN2001d.sync.1,125" channel="3" transcriber_start="3210.57" transcriber_end="3211.278">
      <nite:child href="EN2001d.D.words.xml#id(EN2001d.D.words3262)..id(EN2001d.D.words3263)"/>
   </segment>
   <segment nite:id="EN2001d.sync.1,127" channel="3" transcriber_start="3214.416" transcriber_end="3230.893">
      <nite:child href="EN2001d.D.words.xml#id(EN2001d.D.words3264)..id(EN2001d.D.words3317)"/>
   </segment>
   <segment nite:id="EN2001d.sync.1,129" channel="3" transcriber_start="3236.336" transcriber_end="3240.873">
      <nite:child href="EN2001d.D.words.xml#id(EN2001d.D.words3318)..id(EN2001d.D.words3332)"/>
   </segment>
   <segment nite:id="EN2001d.sync.1,131" channel="3" transcriber_start="3242.688" transcriber_end="3243.104">
      <nite:child href="EN2001d.D.words.xml#id(EN2001d.D.words3333)..id(EN2001d.D.words3334)"/>
   </segment>
   <segment nite:id="EN2001d.sync.1,133" channel="3" transcriber_start="3258.784" transcriber_end="3264.362">
      <nite:child href="EN2001d.D.words.xml#id(EN2001d.D.words3335)..id(EN2001d.D.words3349)"/>
   </segment>
   <segment nite:id="EN2001d.sync.1,135" channel="3" transcriber_start="3268.331" transcriber_end="3279.502">
      <nite:child href="EN2001d.D.words.xml#id(EN2001d.D.words3350)..id(EN2001d.D.words3392)"/>
   </segment>
   <segment nite:id="EN2001d.sync.1,137" channel="3" transcriber_start="3285.237" transcriber_end="3290.23">
      <nite:child href="EN2001d.D.words.xml#id(EN2001d.D.words3393)..id(EN2001d.D.words3409)"/>
   </segment>
   <segment nite:id="EN2001d.sync.1,139" channel="3" transcriber_start="3301.808" transcriber_end="3305.94">
      <nite:child href="EN2001d.D.words.xml#id(EN2001d.D.words3410)..id(EN2001d.D.words3424)"/>
   </segment>
   <segment nite:id="EN2001d.sync.1,141" channel="3" transcriber_start="3309.158" transcriber_end="3322.919">
      <nite:child href="EN2001d.D.words.xml#id(EN2001d.D.words3425)..id(EN2001d.D.words3479)"/>
   </segment>
   <segment nite:id="EN2001d.sync.1,143" channel="3" transcriber_start="3332.573" transcriber_end="3333.745">
      <nite:child href="EN2001d.D.words.xml#id(EN2001d.D.words3480)..id(EN2001d.D.words3483)"/>
   </segment>
   <segment nite:id="EN2001d.sync.1,145" channel="3" transcriber_start="3339.391" transcriber_end="3339.932">
      <nite:child href="EN2001d.D.words.xml#id(EN2001d.D.words3484)..id(EN2001d.D.words3485)"/>
   </segment>
   <segment nite:id="EN2001d.sync.1,147" channel="3" transcriber_start="3344.034" transcriber_end="3346.171">
      <nite:child href="EN2001d.D.words.xml#id(EN2001d.D.words3486)..id(EN2001d.D.words3495)"/>
   </segment>
</nite:root>