<?xml version="1.0" encoding="ISO-8859-1" standalone="yes"?>
<nite:root nite:id="ES2012d.B.words" xmlns:nite="http://nite.sourceforge.net/">
   <vocalsound nite:id="ES2012d.B.words0" starttime="5.328" endtime="6.0" type="laugh"/>
   <vocalsound nite:id="ES2012d.B.words1" starttime="35.993" endtime="37.345" type="laugh"/>
   <w nite:id="ES2012d.B.words2" starttime="65.79" endtime="66.02">Uh</w>
   <w nite:id="ES2012d.B.words3" starttime="66.02" endtime="66.35">okay</w>
   <w nite:id="ES2012d.B.words4" starttime="66.35" endtime="66.55">we</w>
   <w nite:id="ES2012d.B.words5" starttime="66.55" endtime="66.88">basically</w>
   <w nite:id="ES2012d.B.words6" starttime="66.88" endtime="67.02">have</w>
   <w nite:id="ES2012d.B.words7" starttime="67.02" endtime="67.11">the</w>
   <w nite:id="ES2012d.B.words8" starttime="67.11" endtime="67.48">same</w>
   <w nite:id="ES2012d.B.words9" starttime="67.48" endtime="67.81">kinda</w>
   <w nite:id="ES2012d.B.words10" starttime="67.81" endtime="68.12">lay-out</w>
   <w nite:id="ES2012d.B.words11" starttime="68.12" endtime="68.35">here</w>
   <w nite:id="ES2012d.B.words12" starttime="68.35" endtime="68.52">it&#39;s</w>
   <w nite:id="ES2012d.B.words13" starttime="68.52" endtime="68.84">just</w>
   <w nite:id="ES2012d.B.words14" starttime="68.84" endtime="69.53">um</w>
   <w nite:id="ES2012d.B.words15" starttime="69.53" endtime="69.63">you</w>
   <w nite:id="ES2012d.B.words16" starttime="69.63" endtime="69.86">hold</w>
   <w nite:id="ES2012d.B.words17" starttime="69.86" endtime="70.17">it</w>
   <w nite:id="ES2012d.B.words18" starttime="70.17" endtime="70.37">like</w>
   <w nite:id="ES2012d.B.words19" starttime="70.37" endtime="70.95">this</w>
   <w nite:id="ES2012d.B.words20" starttime="70.95" endtime="71.05">and</w>
   <w nite:id="ES2012d.B.words21" starttime="71.05" endtime="71.14">it</w>
   <w nite:id="ES2012d.B.words22" starttime="71.14" endtime="71.28">gets</w>
   <w nite:id="ES2012d.B.words23" starttime="71.28" endtime="71.51">kinda</w>
   <w nite:id="ES2012d.B.words24" starttime="71.51" endtime="71.91">moulded</w>
   <w nite:id="ES2012d.B.words25" starttime="71.91" endtime="72.03">to</w>
   <w nite:id="ES2012d.B.words26" starttime="72.03" endtime="72.42">the</w>
   <w nite:id="ES2012d.B.words27" starttime="72.42" endtime="72.52">to</w>
   <w nite:id="ES2012d.B.words28" starttime="72.52" endtime="72.6">the</w>
   <w nite:id="ES2012d.B.words29" starttime="72.6" endtime="72.85">shape</w>
   <w nite:id="ES2012d.B.words30" starttime="72.85" endtime="72.91">of</w>
   <w nite:id="ES2012d.B.words31" starttime="72.91" endtime="73.04">your</w>
   <w nite:id="ES2012d.B.words32" starttime="73.04" endtime="73.5">hand</w>
   <w nite:id="ES2012d.B.words33" starttime="73.5" endtime="73.5" punc="true">,</w>
   <w nite:id="ES2012d.B.words34" starttime="73.5" endtime="74.59">basically</w>
   <w nite:id="ES2012d.B.words35" starttime="74.59" endtime="74.59" punc="true">.</w>
   <w nite:id="ES2012d.B.words36" starttime="74.59" endtime="74.88">Um</w>
   <w nite:id="ES2012d.B.words37" starttime="74.88" endtime="74.97">on</w>
   <w nite:id="ES2012d.B.words38" starttime="74.97" endtime="75.04">the</w>
   <w nite:id="ES2012d.B.words39" starttime="75.04" endtime="75.41">left</w>
   <w nite:id="ES2012d.B.words40" starttime="75.41" endtime="75.53">we&#39;ve</w>
   <w nite:id="ES2012d.B.words41" starttime="75.53" endtime="75.83">got</w>
   <w nite:id="ES2012d.B.words42" starttime="75.83" endtime="76.14">the</w>
   <w nite:id="ES2012d.B.words43" starttime="76.14" endtime="76.74">scroll</w>
   <w nite:id="ES2012d.B.words44" starttime="76.74" endtime="76.93">for</w>
   <w nite:id="ES2012d.B.words45" starttime="76.93" endtime="77.36">the</w>
   <w nite:id="ES2012d.B.words46" starttime="77.36" endtime="78.56">volume</w>
   <w nite:id="ES2012d.B.words47" starttime="78.56" endtime="78.56" punc="true">,</w>
   <w nite:id="ES2012d.B.words48" starttime="78.56" endtime="78.69">on</w>
   <w nite:id="ES2012d.B.words49" starttime="78.69" endtime="78.79">the</w>
   <w nite:id="ES2012d.B.words50" starttime="78.79" endtime="78.92">right</w>
   <w nite:id="ES2012d.B.words51" starttime="78.92" endtime="79.01">we</w>
   <w nite:id="ES2012d.B.words52" starttime="79.01" endtime="79.14">have</w>
   <w nite:id="ES2012d.B.words53" starttime="79.14" endtime="79.61">buttons</w>
   <w nite:id="ES2012d.B.words54" starttime="79.61" endtime="79.76">for</w>
   <w nite:id="ES2012d.B.words55" starttime="79.76" endtime="79.87">the</w>
   <w nite:id="ES2012d.B.words56" starttime="79.87" endtime="80.41">channels</w>
   <w nite:id="ES2012d.B.words57" starttime="80.41" endtime="80.67">up</w>
   <w nite:id="ES2012d.B.words58" starttime="80.67" endtime="80.83">and</w>
   <w nite:id="ES2012d.B.words59" starttime="80.83" endtime="81.36">down</w>
   <w nite:id="ES2012d.B.words60" starttime="81.36" endtime="81.48">and</w>
   <w nite:id="ES2012d.B.words61" starttime="81.48" endtime="81.62">that</w>
   <w nite:id="ES2012d.B.words62" starttime="81.62" endtime="81.88">kinda</w>
   <disfmarker nite:id="ES2012d.B.words63" starttime="81.88" endtime="81.88"/>
   <w nite:id="ES2012d.B.words64" starttime="81.88" endtime="81.95">so</w>
   <w nite:id="ES2012d.B.words65" starttime="81.95" endtime="82.01">you</w>
   <w nite:id="ES2012d.B.words66" starttime="82.01" endtime="82.12">can</w>
   <w nite:id="ES2012d.B.words67" starttime="82.12" endtime="82.38">hold</w>
   <w nite:id="ES2012d.B.words68" starttime="82.38" endtime="82.46">it</w>
   <w nite:id="ES2012d.B.words69" starttime="82.46" endtime="82.57">and</w>
   <w nite:id="ES2012d.B.words70" starttime="82.57" endtime="82.95">scroll</w>
   <w nite:id="ES2012d.B.words71" starttime="82.95" endtime="82.95" punc="true">,</w>
   <w nite:id="ES2012d.B.words72" starttime="82.95" endtime="83.04">or</w>
   <w nite:id="ES2012d.B.words73" starttime="83.04" endtime="83.1">you</w>
   <w nite:id="ES2012d.B.words74" starttime="83.1" endtime="83.22">can</w>
   <w nite:id="ES2012d.B.words75" starttime="83.22" endtime="83.39">hold</w>
   <w nite:id="ES2012d.B.words76" starttime="83.39" endtime="83.45">it</w>
   <w nite:id="ES2012d.B.words77" starttime="83.45" endtime="83.79">and</w>
   <w nite:id="ES2012d.B.words78" starttime="83.79" endtime="84.01">and</w>
   <w nite:id="ES2012d.B.words79" starttime="84.01" endtime="85.01">push</w>
   <w nite:id="ES2012d.B.words80" starttime="85.01" endtime="85.01" punc="true">.</w>
   <w nite:id="ES2012d.B.words81" starttime="85.01" endtime="85.3">Uh</w>
   <w nite:id="ES2012d.B.words82" starttime="85.3" endtime="85.48">this</w>
   <w nite:id="ES2012d.B.words83" starttime="85.48" endtime="85.63">is</w>
   <w nite:id="ES2012d.B.words84" starttime="85.63" endtime="85.87">the</w>
   <w nite:id="ES2012d.B.words85" starttime="85.87" endtime="86.71">power</w>
   <w nite:id="ES2012d.B.words86" starttime="86.71" endtime="87.36">key</w>
   <w nite:id="ES2012d.B.words87" starttime="87.36" endtime="87.36" punc="true">,</w>
   <w nite:id="ES2012d.B.words88" starttime="87.36" endtime="87.75">um</w>
   <w nite:id="ES2012d.B.words89" starttime="87.75" endtime="87.89">it&#39;s</w>
   <w nite:id="ES2012d.B.words90" starttime="87.89" endtime="88.07">kinda</w>
   <w nite:id="ES2012d.B.words91" starttime="88.07" endtime="88.21">like</w>
   <w nite:id="ES2012d.B.words92" starttime="88.21" endtime="88.3">the</w>
   <w nite:id="ES2012d.B.words93" starttime="88.3" endtime="88.57">biggest</w>
   <w nite:id="ES2012d.B.words94" starttime="88.57" endtime="88.63">so</w>
   <w nite:id="ES2012d.B.words95" starttime="88.63" endtime="88.69">you</w>
   <w nite:id="ES2012d.B.words96" starttime="88.69" endtime="88.78">know</w>
   <w nite:id="ES2012d.B.words97" starttime="88.78" endtime="88.84">how</w>
   <w nite:id="ES2012d.B.words98" starttime="88.84" endtime="88.9">to</w>
   <w nite:id="ES2012d.B.words99" starttime="88.9" endtime="89.1">turn</w>
   <w nite:id="ES2012d.B.words100" starttime="89.1" endtime="89.27">on</w>
   <w nite:id="ES2012d.B.words101" starttime="89.27" endtime="89.27" punc="true">.</w>
   <w nite:id="ES2012d.B.words102" starttime="89.76" endtime="89.99">Uh</w>
   <w nite:id="ES2012d.B.words103" starttime="89.99" endtime="90.18">that&#39;s</w>
   <w nite:id="ES2012d.B.words104" starttime="90.18" endtime="90.26">the</w>
   <w nite:id="ES2012d.B.words105" starttime="90.26" endtime="90.43">little</w>
   <w nite:id="ES2012d.B.words106" starttime="90.43" endtime="90.74">menu</w>
   <w nite:id="ES2012d.B.words107" starttime="90.74" endtime="92.04">key</w>
   <w nite:id="ES2012d.B.words108" starttime="92.04" endtime="92.04" punc="true">.</w>
   <w nite:id="ES2012d.B.words109" starttime="92.04" endtime="92.28">This</w>
   <w nite:id="ES2012d.B.words110" starttime="92.28" endtime="92.58">is</w>
   <w nite:id="ES2012d.B.words111" starttime="92.58" endtime="92.86">the</w>
   <w nite:id="ES2012d.B.words112" starttime="92.86" endtime="93.44">infra-red</w>
   <w nite:id="ES2012d.B.words113" starttime="93.44" endtime="93.86">section</w>
   <w nite:id="ES2012d.B.words114" starttime="93.86" endtime="94.06">so</w>
   <w nite:id="ES2012d.B.words115" starttime="94.06" endtime="94.26">you</w>
   <w nite:id="ES2012d.B.words116" starttime="94.26" endtime="94.35" trunc="true">g</w>
   <w nite:id="ES2012d.B.words117" starttime="94.35" endtime="94.66">it&#39;ll</w>
   <w nite:id="ES2012d.B.words118" starttime="94.66" endtime="95.14">be</w>
   <w nite:id="ES2012d.B.words119" starttime="95.14" endtime="95.45">sending</w>
   <w nite:id="ES2012d.B.words120" starttime="95.45" endtime="95.71">rays</w>
   <w nite:id="ES2012d.B.words121" starttime="95.71" endtime="95.8">and</w>
   <w nite:id="ES2012d.B.words122" starttime="95.8" endtime="95.87">if</w>
   <w nite:id="ES2012d.B.words123" starttime="95.87" endtime="96.28">you&#39;re</w>
   <w nite:id="ES2012d.B.words124" starttime="96.28" endtime="96.4">you</w>
   <w nite:id="ES2012d.B.words125" starttime="96.4" endtime="96.49">know</w>
   <w nite:id="ES2012d.B.words126" starttime="96.49" endtime="96.76">pointing</w>
   <w nite:id="ES2012d.B.words127" starttime="96.76" endtime="96.83">it</w>
   <w nite:id="ES2012d.B.words128" starttime="96.83" endtime="96.99">like</w>
   <w nite:id="ES2012d.B.words129" starttime="96.99" endtime="97.43">that</w>
   <w nite:id="ES2012d.B.words130" starttime="97.43" endtime="97.52">it</w>
   <w nite:id="ES2012d.B.words131" starttime="97.52" endtime="97.66">can</w>
   <w nite:id="ES2012d.B.words132" starttime="97.66" endtime="97.88">send</w>
   <w nite:id="ES2012d.B.words133" starttime="97.88" endtime="98.28">it</w>
   <w nite:id="ES2012d.B.words134" starttime="98.28" endtime="98.28" punc="true">,</w>
   <w nite:id="ES2012d.B.words135" starttime="98.28" endtime="98.47">or</w>
   <w nite:id="ES2012d.B.words136" starttime="98.47" endtime="98.56">if</w>
   <w nite:id="ES2012d.B.words137" starttime="98.56" endtime="98.7">you</w>
   <w nite:id="ES2012d.B.words138" starttime="98.7" endtime="98.97">hold</w>
   <w nite:id="ES2012d.B.words139" starttime="98.97" endtime="99.03">it</w>
   <w nite:id="ES2012d.B.words140" starttime="99.03" endtime="99.26">up</w>
   <w nite:id="ES2012d.B.words141" starttime="99.26" endtime="99.46">like</w>
   <w nite:id="ES2012d.B.words142" starttime="99.46" endtime="99.73">that</w>
   <w nite:id="ES2012d.B.words143" starttime="99.73" endtime="99.88">it&#39;ll</w>
   <w nite:id="ES2012d.B.words144" starttime="99.88" endtime="100.18">send</w>
   <w nite:id="ES2012d.B.words145" starttime="100.18" endtime="100.92">it</w>
   <w nite:id="ES2012d.B.words146" starttime="100.92" endtime="100.92" punc="true">.</w>
   <w nite:id="ES2012d.B.words147" starttime="100.92" endtime="101.33">Uh</w>
   <w nite:id="ES2012d.B.words148" starttime="101.33" endtime="101.39">we</w>
   <w nite:id="ES2012d.B.words149" starttime="101.39" endtime="101.52">got</w>
   <w nite:id="ES2012d.B.words150" starttime="101.52" endtime="101.58">a</w>
   <w nite:id="ES2012d.B.words151" starttime="101.58" endtime="102.17">microphone</w>
   <w nite:id="ES2012d.B.words152" starttime="102.17" endtime="102.74">there</w>
   <w nite:id="ES2012d.B.words153" starttime="102.74" endtime="102.96">which</w>
   <w nite:id="ES2012d.B.words154" starttime="102.96" endtime="103.19">for</w>
   <w nite:id="ES2012d.B.words155" starttime="103.19" endtime="103.28">all</w>
   <w nite:id="ES2012d.B.words156" starttime="103.28" endtime="103.35">the</w>
   <w nite:id="ES2012d.B.words157" starttime="103.35" endtime="103.65">voice</w>
   <w nite:id="ES2012d.B.words158" starttime="103.65" endtime="104.11">commands</w>
   <w nite:id="ES2012d.B.words159" starttime="104.11" endtime="104.18">so</w>
   <w nite:id="ES2012d.B.words160" starttime="104.18" endtime="104.24">you</w>
   <w nite:id="ES2012d.B.words161" starttime="104.24" endtime="104.42">can</w>
   <w nite:id="ES2012d.B.words162" starttime="104.42" endtime="104.55">you</w>
   <w nite:id="ES2012d.B.words163" starttime="104.55" endtime="104.65">know</w>
   <w nite:id="ES2012d.B.words164" starttime="104.65" endtime="104.89">talk</w>
   <w nite:id="ES2012d.B.words165" starttime="104.89" endtime="104.96">to</w>
   <w nite:id="ES2012d.B.words166" starttime="104.96" endtime="105.02">it</w>
   <w nite:id="ES2012d.B.words167" starttime="105.02" endtime="105.15">like</w>
   <w nite:id="ES2012d.B.words168" starttime="105.15" endtime="105.38">that</w>
   <w nite:id="ES2012d.B.words169" starttime="105.38" endtime="105.47">and</w>
   <w nite:id="ES2012d.B.words170" starttime="105.47" endtime="105.59">it&#39;ll</w>
   <w nite:id="ES2012d.B.words171" starttime="105.59" endtime="106.2">still</w>
   <w nite:id="ES2012d.B.words172" starttime="106.2" endtime="107.29">understand</w>
   <w nite:id="ES2012d.B.words173" starttime="107.29" endtime="107.29" punc="true">.</w>
   <w nite:id="ES2012d.B.words174" starttime="107.29" endtime="108.17">Um</w>
   <w nite:id="ES2012d.B.words175" starttime="108.17" endtime="108.29">the</w>
   <w nite:id="ES2012d.B.words176" starttime="108.29" endtime="108.7">logo</w>
   <w nite:id="ES2012d.B.words177" starttime="108.7" endtime="108.86">is</w>
   <w nite:id="ES2012d.B.words178" starttime="108.86" endtime="109.8">down</w>
   <w nite:id="ES2012d.B.words179" starttime="109.8" endtime="110.09">down</w>
   <w nite:id="ES2012d.B.words180" starttime="110.09" endtime="111.59">there</w>
   <w nite:id="ES2012d.B.words181" starttime="111.59" endtime="111.85">um</w>
   <w nite:id="ES2012d.B.words182" starttime="111.85" endtime="112.23">and</w>
   <gap nite:id="ES2012d.B.words183" starttime="112.23" endtime="112.23"/>
   <w nite:id="ES2012d.B.words184" starttime="112.23" endtime="112.49">has</w>
   <w nite:id="ES2012d.B.words185" starttime="112.49" endtime="112.58">the</w>
   <w nite:id="ES2012d.B.words186" starttime="112.58" endtime="112.89">cover</w>
   <w nite:id="ES2012d.B.words187" starttime="112.89" endtime="113.13">on</w>
   <w nite:id="ES2012d.B.words188" starttime="113.13" endtime="113.26">it</w>
   <w nite:id="ES2012d.B.words189" starttime="113.26" endtime="113.35">and</w>
   <w nite:id="ES2012d.B.words190" starttime="113.35" endtime="113.43">you</w>
   <w nite:id="ES2012d.B.words191" starttime="113.43" endtime="113.58">can</w>
   <w nite:id="ES2012d.B.words192" starttime="113.58" endtime="114.04">see</w>
   <w nite:id="ES2012d.B.words193" starttime="114.04" endtime="114.25">like</w>
   <w nite:id="ES2012d.B.words194" starttime="114.25" endtime="114.33">it</w>
   <w nite:id="ES2012d.B.words195" starttime="114.33" endtime="114.49">just</w>
   <w nite:id="ES2012d.B.words196" starttime="114.49" endtime="114.69">kinda</w>
   <w nite:id="ES2012d.B.words197" starttime="114.69" endtime="115.41">goes</w>
   <disfmarker nite:id="ES2012d.B.words198" starttime="115.41" endtime="115.41"/>
   <w nite:id="ES2012d.B.words199" starttime="115.41" endtime="115.52">the</w>
   <w nite:id="ES2012d.B.words200" starttime="115.52" endtime="115.7">red</w>
   <w nite:id="ES2012d.B.words201" starttime="115.7" endtime="115.94">bit&#39;s</w>
   <w nite:id="ES2012d.B.words202" starttime="115.94" endtime="116.02">the</w>
   <w nite:id="ES2012d.B.words203" starttime="116.02" endtime="116.2">cover</w>
   <w nite:id="ES2012d.B.words204" starttime="116.2" endtime="116.29">and</w>
   <w nite:id="ES2012d.B.words205" starttime="116.29" endtime="116.35">it</w>
   <w nite:id="ES2012d.B.words206" starttime="116.35" endtime="116.5">kinda</w>
   <w nite:id="ES2012d.B.words207" starttime="116.5" endtime="116.71">goes</w>
   <w nite:id="ES2012d.B.words208" starttime="116.71" endtime="116.9">over</w>
   <w nite:id="ES2012d.B.words209" starttime="116.9" endtime="117.4">everything</w>
   <w nite:id="ES2012d.B.words210" starttime="117.4" endtime="117.49">and</w>
   <w nite:id="ES2012d.B.words211" starttime="117.49" endtime="117.58">then</w>
   <w nite:id="ES2012d.B.words212" starttime="117.58" endtime="117.75">there&#39;s</w>
   <w nite:id="ES2012d.B.words213" starttime="117.75" endtime="118.0">holes</w>
   <w nite:id="ES2012d.B.words214" starttime="118.0" endtime="118.11">for</w>
   <w nite:id="ES2012d.B.words215" starttime="118.11" endtime="118.19">the</w>
   <w nite:id="ES2012d.B.words216" starttime="118.19" endtime="118.66">buttons</w>
   <w nite:id="ES2012d.B.words217" starttime="118.66" endtime="119.04">to</w>
   <w nite:id="ES2012d.B.words218" starttime="119.04" endtime="119.24">come</w>
   <w nite:id="ES2012d.B.words219" starttime="119.24" endtime="120.2">through</w>
   <w nite:id="ES2012d.B.words220" starttime="120.2" endtime="120.2" punc="true">.</w>
   <w nite:id="ES2012d.B.words221" starttime="120.2" endtime="120.84">Um</w>
   <w nite:id="ES2012d.B.words222" starttime="120.84" endtime="120.84" punc="true">.</w>
   <w nite:id="ES2012d.B.words223" starttime="124.22" endtime="124.46">Mm</w>
   <w nite:id="ES2012d.B.words224" starttime="124.46" endtime="124.46" punc="true">.</w>
   <w nite:id="ES2012d.B.words225" starttime="134.26" endtime="135.19">Mm</w>
   <w nite:id="ES2012d.B.words226" starttime="135.19" endtime="135.19" punc="true">.</w>
   <vocalsound nite:id="ES2012d.B.words227" starttime="136.176" endtime="137.953" type="laugh"/>
   <w nite:id="ES2012d.B.words228" starttime="141.66" endtime="141.95">Yeah</w>
   <w nite:id="ES2012d.B.words229" starttime="141.95" endtime="141.95" punc="true">.</w>
   <w nite:id="ES2012d.B.words230" starttime="146.66" endtime="147.84">Mm-hmm</w>
   <w nite:id="ES2012d.B.words231" starttime="147.84" endtime="147.84" punc="true">.</w>
   <w nite:id="ES2012d.B.words232" starttime="150.4" endtime="150.52">But</w>
   <w nite:id="ES2012d.B.words233" starttime="150.52" endtime="150.73">it&#39;s</w>
   <w nite:id="ES2012d.B.words234" starttime="150.73" endtime="150.94">also</w>
   <w nite:id="ES2012d.B.words235" starttime="150.94" endtime="150.99" trunc="true">e</w>
   <w nite:id="ES2012d.B.words236" starttime="150.99" endtime="151.02" trunc="true">e</w>
   <w nite:id="ES2012d.B.words237" starttime="151.02" endtime="151.47">easier</w>
   <w nite:id="ES2012d.B.words238" starttime="151.47" endtime="151.55">to</w>
   <w nite:id="ES2012d.B.words239" starttime="151.55" endtime="151.69">put</w>
   <w nite:id="ES2012d.B.words240" starttime="151.69" endtime="151.82">on</w>
   <w nite:id="ES2012d.B.words241" starttime="151.82" endtime="152.02">versus</w>
   <w nite:id="ES2012d.B.words242" starttime="152.02" endtime="152.2">like</w>
   <w nite:id="ES2012d.B.words243" starttime="152.2" endtime="152.49">mobile</w>
   <w nite:id="ES2012d.B.words244" starttime="152.49" endtime="152.76">covers</w>
   <w nite:id="ES2012d.B.words245" starttime="152.76" endtime="152.83">you</w>
   <w nite:id="ES2012d.B.words246" starttime="152.83" endtime="153.04">actually</w>
   <w nite:id="ES2012d.B.words247" starttime="153.04" endtime="153.13">have</w>
   <w nite:id="ES2012d.B.words248" starttime="153.13" endtime="153.21">to</w>
   <w nite:id="ES2012d.B.words249" starttime="153.21" endtime="153.54">screw</w>
   <w nite:id="ES2012d.B.words250" starttime="153.54" endtime="153.67">them</w>
   <w nite:id="ES2012d.B.words251" starttime="153.67" endtime="153.9">on</w>
   <w nite:id="ES2012d.B.words252" starttime="153.9" endtime="154.01">and</w>
   <w nite:id="ES2012d.B.words253" starttime="154.01" endtime="154.19">stuff</w>
   <w nite:id="ES2012d.B.words254" starttime="154.19" endtime="154.28">and</w>
   <w nite:id="ES2012d.B.words255" starttime="154.28" endtime="154.36">you</w>
   <w nite:id="ES2012d.B.words256" starttime="154.36" endtime="154.55">kinda</w>
   <w nite:id="ES2012d.B.words257" starttime="154.55" endtime="154.77">sometimes</w>
   <w nite:id="ES2012d.B.words258" starttime="154.77" endtime="154.86">have</w>
   <w nite:id="ES2012d.B.words259" starttime="154.86" endtime="154.92">to</w>
   <w nite:id="ES2012d.B.words260" starttime="154.92" endtime="155.04">get</w>
   <w nite:id="ES2012d.B.words261" starttime="155.04" endtime="155.26">someone</w>
   <w nite:id="ES2012d.B.words262" starttime="155.26" endtime="155.34">to</w>
   <w nite:id="ES2012d.B.words263" starttime="155.34" endtime="155.41">do</w>
   <w nite:id="ES2012d.B.words264" starttime="155.41" endtime="155.51">that</w>
   <w nite:id="ES2012d.B.words265" starttime="155.51" endtime="155.75">for</w>
   <w nite:id="ES2012d.B.words266" starttime="155.75" endtime="155.9">you</w>
   <w nite:id="ES2012d.B.words267" starttime="155.9" endtime="155.9" punc="true">.</w>
   <w nite:id="ES2012d.B.words268" starttime="155.9" endtime="156.05">This</w>
   <w nite:id="ES2012d.B.words269" starttime="156.05" endtime="156.14">is</w>
   <w nite:id="ES2012d.B.words270" starttime="156.14" endtime="156.3">very</w>
   <w nite:id="ES2012d.B.words271" starttime="156.3" endtime="156.47">much</w>
   <w nite:id="ES2012d.B.words272" starttime="156.47" endtime="156.66">you</w>
   <w nite:id="ES2012d.B.words273" starttime="156.66" endtime="156.78" mispronounced="true">should</w>
   <w nite:id="ES2012d.B.words274" starttime="156.78" endtime="156.85">be</w>
   <w nite:id="ES2012d.B.words275" starttime="156.85" endtime="156.94">able</w>
   <w nite:id="ES2012d.B.words276" starttime="156.94" endtime="157.0">to</w>
   <w nite:id="ES2012d.B.words277" starttime="157.0" endtime="157.24">stretch</w>
   <w nite:id="ES2012d.B.words278" starttime="157.24" endtime="157.31">it</w>
   <w nite:id="ES2012d.B.words279" starttime="157.31" endtime="157.72">over</w>
   <w nite:id="ES2012d.B.words280" starttime="157.72" endtime="158.31">yourself</w>
   <w nite:id="ES2012d.B.words281" starttime="158.31" endtime="158.71">and</w>
   <w nite:id="ES2012d.B.words282" starttime="158.71" endtime="158.83">it&#39;ll</w>
   <w nite:id="ES2012d.B.words283" starttime="158.83" endtime="158.9">be</w>
   <w nite:id="ES2012d.B.words284" starttime="158.9" endtime="159.25">fine</w>
   <w nite:id="ES2012d.B.words285" starttime="159.25" endtime="159.25" punc="true">.</w>
   <w nite:id="ES2012d.B.words286" starttime="159.77" endtime="159.99">Yeah</w>
   <w nite:id="ES2012d.B.words287" starttime="159.99" endtime="159.99" punc="true">.</w>
   <w nite:id="ES2012d.B.words288" starttime="161.25" endtime="161.51">Yeah</w>
   <w nite:id="ES2012d.B.words289" starttime="161.51" endtime="161.51" punc="true">.</w>
   <w nite:id="ES2012d.B.words290" starttime="169.75" endtime="169.88" trunc="true">Li</w>
   <w nite:id="ES2012d.B.words291" starttime="169.88" endtime="170.08">that&#39;ll</w>
   <w nite:id="ES2012d.B.words292" starttime="170.08" endtime="170.23">be</w>
   <gap nite:id="ES2012d.B.words293" starttime="170.23" endtime="170.23"/>
   <w nite:id="ES2012d.B.words294" starttime="170.23" endtime="170.35">the</w>
   <w nite:id="ES2012d.B.words295" starttime="170.35" endtime="170.68">covers</w>
   <w nite:id="ES2012d.B.words296" starttime="170.68" endtime="170.79">as</w>
   <w nite:id="ES2012d.B.words297" starttime="170.79" endtime="171.44">well</w>
   <w nite:id="ES2012d.B.words298" starttime="171.44" endtime="171.44" punc="true">,</w>
   <w nite:id="ES2012d.B.words299" starttime="171.44" endtime="171.93">yeah</w>
   <w nite:id="ES2012d.B.words300" starttime="171.93" endtime="172.29">yeah</w>
   <w nite:id="ES2012d.B.words301" starttime="172.29" endtime="172.29" punc="true">.</w>
   <w nite:id="ES2012d.B.words302" starttime="187.05" endtime="187.21">Yeah</w>
   <w nite:id="ES2012d.B.words303" starttime="187.21" endtime="187.27">it</w>
   <w nite:id="ES2012d.B.words304" starttime="187.27" endtime="187.4">could</w>
   <w nite:id="ES2012d.B.words305" starttime="187.4" endtime="188.07">stand</w>
   <w nite:id="ES2012d.B.words306" starttime="188.07" endtime="188.07" punc="true">,</w>
   <w nite:id="ES2012d.B.words307" starttime="188.07" endtime="188.98">yeah</w>
   <w nite:id="ES2012d.B.words308" starttime="188.98" endtime="188.98" punc="true">.</w>
   <w nite:id="ES2012d.B.words309" starttime="188.98" endtime="189.07">Well</w>
   <w nite:id="ES2012d.B.words310" starttime="189.07" endtime="189.14">we</w>
   <w nite:id="ES2012d.B.words311" starttime="189.14" endtime="189.51">could</w>
   <w nite:id="ES2012d.B.words312" starttime="189.51" endtime="190.28">broaden</w>
   <w nite:id="ES2012d.B.words313" starttime="190.28" endtime="190.91">the</w>
   <disfmarker nite:id="ES2012d.B.words314" starttime="190.91" endtime="190.91"/>
   <w nite:id="ES2012d.B.words315" starttime="190.91" endtime="191.15">broaden</w>
   <w nite:id="ES2012d.B.words316" starttime="191.15" endtime="191.23">it</w>
   <w nite:id="ES2012d.B.words317" starttime="191.23" endtime="191.36">out</w>
   <w nite:id="ES2012d.B.words318" starttime="191.36" endtime="191.42">a</w>
   <w nite:id="ES2012d.B.words319" starttime="191.42" endtime="191.58">bit</w>
   <w nite:id="ES2012d.B.words320" starttime="191.58" endtime="191.73">so</w>
   <w nite:id="ES2012d.B.words321" starttime="191.73" endtime="191.81">it</w>
   <w nite:id="ES2012d.B.words322" starttime="191.81" endtime="191.94">would</w>
   <w nite:id="ES2012d.B.words323" starttime="191.94" endtime="192.77">stand</w>
   <w nite:id="ES2012d.B.words324" starttime="192.77" endtime="192.95">like</w>
   <w nite:id="ES2012d.B.words325" starttime="192.95" endtime="193.23">that</w>
   <w nite:id="ES2012d.B.words326" starttime="193.23" endtime="193.23" punc="true">.</w>
   <w nite:id="ES2012d.B.words327" starttime="196.87" endtime="197.68" mispronounced="true">Yeah</w>
   <w nite:id="ES2012d.B.words328" starttime="197.68" endtime="197.68" punc="true">,</w>
   <gap nite:id="ES2012d.B.words329" starttime="197.68" endtime="197.68"/>
   <w nite:id="ES2012d.B.words330" starttime="197.68" endtime="198.41">standing</w>
   <w nite:id="ES2012d.B.words331" starttime="198.41" endtime="198.41" punc="true">.</w>
   <w nite:id="ES2012d.B.words332" starttime="203.97" endtime="204.22">Yeah</w>
   <w nite:id="ES2012d.B.words333" starttime="204.22" endtime="204.22" punc="true">,</w>
   <w nite:id="ES2012d.B.words334" starttime="204.22" endtime="204.32">we</w>
   <w nite:id="ES2012d.B.words335" starttime="204.32" endtime="204.41">could</w>
   <w nite:id="ES2012d.B.words336" starttime="204.41" endtime="204.63">just</w>
   <w nite:id="ES2012d.B.words337" starttime="204.63" endtime="204.87">widen</w>
   <w nite:id="ES2012d.B.words338" starttime="204.87" endtime="204.93">it</w>
   <w nite:id="ES2012d.B.words339" starttime="204.93" endtime="205.4">out</w>
   <w nite:id="ES2012d.B.words340" starttime="205.4" endtime="205.93">uh</w>
   <w nite:id="ES2012d.B.words341" starttime="211.81" endtime="213.34">Mm</w>
   <w nite:id="ES2012d.B.words342" starttime="213.34" endtime="213.34" punc="true">.</w>
   <w nite:id="ES2012d.B.words343" starttime="213.34" endtime="213.66">Mm</w>
   <w nite:id="ES2012d.B.words344" starttime="213.66" endtime="213.66" punc="true">.</w>
   <w nite:id="ES2012d.B.words345" starttime="219.05" endtime="219.64">Mm</w>
   <w nite:id="ES2012d.B.words346" starttime="219.64" endtime="219.64" punc="true">,</w>
   <w nite:id="ES2012d.B.words347" starttime="219.64" endtime="220.13">yeah</w>
   <w nite:id="ES2012d.B.words348" starttime="220.13" endtime="220.13" punc="true">,</w>
   <w nite:id="ES2012d.B.words349" starttime="220.13" endtime="220.63">yeah</w>
   <w nite:id="ES2012d.B.words350" starttime="220.63" endtime="220.63" punc="true">.</w>
   <w nite:id="ES2012d.B.words351" starttime="220.63" endtime="220.8">Have</w>
   <w nite:id="ES2012d.B.words352" starttime="220.8" endtime="221.02">to</w>
   <disfmarker nite:id="ES2012d.B.words353" starttime="221.02" endtime="221.02"/>
   <w nite:id="ES2012d.B.words354" starttime="221.02" endtime="221.13">if</w>
   <w nite:id="ES2012d.B.words355" starttime="221.13" endtime="221.2">we</w>
   <w nite:id="ES2012d.B.words356" starttime="221.2" endtime="221.4">just</w>
   <w nite:id="ES2012d.B.words357" starttime="221.4" endtime="221.75">lengthen</w>
   <w nite:id="ES2012d.B.words358" starttime="221.75" endtime="221.87">it</w>
   <w nite:id="ES2012d.B.words359" starttime="221.87" endtime="221.94">I</w>
   <w nite:id="ES2012d.B.words360" starttime="221.94" endtime="222.2">guess</w>
   <w nite:id="ES2012d.B.words361" starttime="222.2" endtime="222.3">so</w>
   <w nite:id="ES2012d.B.words362" starttime="222.3" endtime="222.39">it</w>
   <w nite:id="ES2012d.B.words363" starttime="222.39" endtime="222.6">comes</w>
   <w nite:id="ES2012d.B.words364" starttime="222.6" endtime="222.85">down</w>
   <w nite:id="ES2012d.B.words365" starttime="222.85" endtime="222.94">to</w>
   <w nite:id="ES2012d.B.words366" starttime="222.94" endtime="223.01">the</w>
   <w nite:id="ES2012d.B.words367" starttime="223.01" endtime="223.24">base</w>
   <w nite:id="ES2012d.B.words368" starttime="223.24" endtime="223.3">of</w>
   <w nite:id="ES2012d.B.words369" starttime="223.3" endtime="223.38">the</w>
   <w nite:id="ES2012d.B.words370" starttime="223.38" endtime="223.7">hand</w>
   <w nite:id="ES2012d.B.words371" starttime="223.7" endtime="223.79">and</w>
   <w nite:id="ES2012d.B.words372" starttime="223.79" endtime="223.95">then</w>
   <w nite:id="ES2012d.B.words373" starttime="223.95" endtime="224.29">flatten</w>
   <w nite:id="ES2012d.B.words374" starttime="224.29" endtime="224.39">it</w>
   <w nite:id="ES2012d.B.words375" starttime="224.39" endtime="224.58">out</w>
   <w nite:id="ES2012d.B.words376" starttime="224.58" endtime="225.1">and</w>
   <w nite:id="ES2012d.B.words377" starttime="225.1" endtime="225.34">could</w>
   <w nite:id="ES2012d.B.words378" starttime="225.34" endtime="225.52">sit</w>
   <w nite:id="ES2012d.B.words379" starttime="225.52" endtime="225.79">there</w>
   <w nite:id="ES2012d.B.words380" starttime="225.79" endtime="225.79" punc="true">.</w>
   <w nite:id="ES2012d.B.words381" starttime="226.87" endtime="227.28">Yeah</w>
   <w nite:id="ES2012d.B.words382" starttime="227.28" endtime="227.28" punc="true">,</w>
   <vocalsound nite:id="ES2012d.B.words383" starttime="227.28" endtime="227.28" type="laugh"/>
   <w nite:id="ES2012d.B.words384" starttime="227.28" endtime="229.27">mm</w>
   <w nite:id="ES2012d.B.words385" starttime="229.27" endtime="229.27" punc="true">.</w>
   <w nite:id="ES2012d.B.words386" starttime="229.27" endtime="230.43">Yeah</w>
   <w nite:id="ES2012d.B.words387" starttime="230.43" endtime="230.43" punc="true">.</w>
   <w nite:id="ES2012d.B.words388" starttime="230.43" endtime="231.75">Yeah</w>
   <w nite:id="ES2012d.B.words389" starttime="231.75" endtime="231.75" punc="true">.</w>
   <w nite:id="ES2012d.B.words390" starttime="232.31" endtime="232.4">We</w>
   <w nite:id="ES2012d.B.words391" starttime="232.4" endtime="233.07">might</w>
   <gap nite:id="ES2012d.B.words392" starttime="233.07" endtime="233.07"/>
   <w nite:id="ES2012d.B.words393" starttime="233.07" endtime="233.17">have</w>
   <w nite:id="ES2012d.B.words394" starttime="233.17" endtime="233.27">to</w>
   <w nite:id="ES2012d.B.words395" starttime="233.27" endtime="233.57">lengthen</w>
   <w nite:id="ES2012d.B.words396" starttime="233.57" endtime="233.68">it</w>
   <w nite:id="ES2012d.B.words397" starttime="233.68" endtime="233.82">so</w>
   <w nite:id="ES2012d.B.words398" starttime="233.82" endtime="233.9">it</w>
   <w nite:id="ES2012d.B.words399" starttime="233.9" endtime="234.35">kinda</w>
   <disfmarker nite:id="ES2012d.B.words400" starttime="234.35" endtime="234.35"/>
   <w nite:id="ES2012d.B.words401" starttime="234.35" endtime="234.56">your</w>
   <w nite:id="ES2012d.B.words402" starttime="234.56" endtime="234.8">hand</w>
   <w nite:id="ES2012d.B.words403" starttime="234.8" endtime="234.98">still</w>
   <w nite:id="ES2012d.B.words404" starttime="234.98" endtime="235.16">holds</w>
   <w nite:id="ES2012d.B.words405" starttime="235.16" endtime="235.23">it</w>
   <w nite:id="ES2012d.B.words406" starttime="235.23" endtime="235.48">and</w>
   <w nite:id="ES2012d.B.words407" starttime="235.48" endtime="235.61">have</w>
   <w nite:id="ES2012d.B.words408" starttime="235.61" endtime="235.88">it</w>
   <w nite:id="ES2012d.B.words409" starttime="235.88" endtime="236.57">there</w>
   <w nite:id="ES2012d.B.words410" starttime="236.57" endtime="236.57" punc="true">,</w>
   <w nite:id="ES2012d.B.words411" starttime="236.57" endtime="236.96">yeah</w>
   <w nite:id="ES2012d.B.words412" starttime="236.96" endtime="236.96" punc="true">,</w>
   <w nite:id="ES2012d.B.words413" starttime="236.96" endtime="237.14">yeah</w>
   <w nite:id="ES2012d.B.words414" starttime="237.14" endtime="237.14" punc="true">,</w>
   <w nite:id="ES2012d.B.words415" starttime="237.14" endtime="237.41">yeah</w>
   <w nite:id="ES2012d.B.words416" starttime="237.41" endtime="237.57">like</w>
   <w nite:id="ES2012d.B.words417" starttime="237.57" endtime="237.76">that</w>
   <w nite:id="ES2012d.B.words418" starttime="237.76" endtime="237.76" punc="true">,</w>
   <w nite:id="ES2012d.B.words419" starttime="237.76" endtime="237.88">like</w>
   <w nite:id="ES2012d.B.words420" starttime="237.88" endtime="238.71">that</w>
   <gap nite:id="ES2012d.B.words421" starttime="238.71" endtime="238.71"/>
   <w nite:id="ES2012d.B.words422" starttime="238.71" endtime="238.71" punc="true">.</w>
   <w nite:id="ES2012d.B.words423" starttime="238.71" endtime="238.9">Yeah</w>
   <w nite:id="ES2012d.B.words424" starttime="238.9" endtime="238.9" punc="true">.</w>
   <w nite:id="ES2012d.B.words425" starttime="244.09" endtime="245.39">Mm</w>
   <w nite:id="ES2012d.B.words426" starttime="245.39" endtime="245.39" punc="true">.</w>
   <vocalsound nite:id="ES2012d.B.words427" starttime="247.385" endtime="247.385" type="laugh"/>
   <w nite:id="ES2012d.B.words428" starttime="249.29" endtime="249.39">The</w>
   <w nite:id="ES2012d.B.words429" starttime="249.39" endtime="249.67">final</w>
   <w nite:id="ES2012d.B.words430" starttime="249.67" endtime="250.04">product</w>
   <w nite:id="ES2012d.B.words431" starttime="250.04" endtime="250.2">would</w>
   <w nite:id="ES2012d.B.words432" starttime="250.2" endtime="250.49">actually</w>
   <w nite:id="ES2012d.B.words433" starttime="250.49" endtime="250.81">stand</w>
   <w nite:id="ES2012d.B.words434" starttime="250.81" endtime="251.05">up</w>
   <w nite:id="ES2012d.B.words435" starttime="251.05" endtime="251.05" punc="true">,</w>
   <w nite:id="ES2012d.B.words436" starttime="251.05" endtime="251.4">yeah</w>
   <vocalsound nite:id="ES2012d.B.words437" starttime="251.4" endtime="251.4" type="laugh"/>
   <w nite:id="ES2012d.B.words438" starttime="251.4" endtime="251.4" punc="true">.</w>
   <w nite:id="ES2012d.B.words439" starttime="253.86" endtime="254.66">Yeah</w>
   <w nite:id="ES2012d.B.words440" starttime="254.66" endtime="254.66" punc="true">,</w>
   <w nite:id="ES2012d.B.words441" starttime="254.66" endtime="254.99">yeah</w>
   <w nite:id="ES2012d.B.words442" starttime="254.99" endtime="254.99" punc="true">.</w>
   <w nite:id="ES2012d.B.words443" starttime="257.25" endtime="257.87">Yeah</w>
   <w nite:id="ES2012d.B.words444" starttime="257.87" endtime="257.87" punc="true">.</w>
   <w nite:id="ES2012d.B.words445" starttime="260.23" endtime="261.23">Wee</w>
   <vocalsound nite:id="ES2012d.B.words446" starttime="261.23" endtime="261.23" type="laugh"/>
   <disfmarker nite:id="ES2012d.B.words447" starttime="261.23" endtime="261.371"/>
   <w nite:id="ES2012d.B.words448" starttime="263.08" endtime="263.38">Mm</w>
   <w nite:id="ES2012d.B.words449" starttime="263.38" endtime="263.38" punc="true">.</w>
   <vocalsound nite:id="ES2012d.B.words450" starttime="267.652" endtime="268.138" type="other"/>
   <vocalsound nite:id="ES2012d.B.words451" starttime="321.728" endtime="323.184" type="laugh"/>
   <w nite:id="ES2012d.B.words452" starttime="471.38" endtime="471.61">Mm</w>
   <w nite:id="ES2012d.B.words453" starttime="471.61" endtime="471.61" punc="true">.</w>
   <w nite:id="ES2012d.B.words454" starttime="491.6" endtime="491.87">Mm</w>
   <w nite:id="ES2012d.B.words455" starttime="491.87" endtime="491.87" punc="true">.</w>
   <vocalsound nite:id="ES2012d.B.words456" starttime="545.125" endtime="545.97" type="laugh"/>
   <vocalsound nite:id="ES2012d.B.words457" starttime="617.0" endtime="618.448" type="laugh"/>
   <vocalsound nite:id="ES2012d.B.words458" starttime="619.456" endtime="620.824" type="laugh"/>
   <w nite:id="ES2012d.B.words459" starttime="644.25" endtime="644.6">Yeah</w>
   <w nite:id="ES2012d.B.words460" starttime="644.6" endtime="644.72">I&#39;d</w>
   <w nite:id="ES2012d.B.words461" starttime="644.72" endtime="645.09">say</w>
   <w nite:id="ES2012d.B.words462" starttime="645.09" endtime="645.52">definitely</w>
   <w nite:id="ES2012d.B.words463" starttime="645.52" endtime="645.61">a</w>
   <w nite:id="ES2012d.B.words464" starttime="645.61" endtime="646.2">one</w>
   <w nite:id="ES2012d.B.words465" starttime="646.2" endtime="646.81">yeah</w>
   <w nite:id="ES2012d.B.words466" starttime="646.81" endtime="646.81" punc="true">.</w>
   <w nite:id="ES2012d.B.words467" starttime="653.25" endtime="653.8">Yeah</w>
   <w nite:id="ES2012d.B.words468" starttime="653.8" endtime="653.8" punc="true">,</w>
   <w nite:id="ES2012d.B.words469" starttime="653.8" endtime="654.15" trunc="true">defi</w>
   <w nite:id="ES2012d.B.words470" starttime="654.15" endtime="654.94">yeah</w>
   <w nite:id="ES2012d.B.words471" starttime="654.94" endtime="654.94" punc="true">,</w>
   <w nite:id="ES2012d.B.words472" starttime="654.94" endtime="655.19">yeah</w>
   <w nite:id="ES2012d.B.words473" starttime="660.72" endtime="661.2">Yeah</w>
   <w nite:id="ES2012d.B.words474" starttime="661.2" endtime="661.2" punc="true">.</w>
   <vocalsound nite:id="ES2012d.B.words475" starttime="661.888" endtime="662.32" type="laugh"/>
   <w nite:id="ES2012d.B.words476" starttime="668.84" endtime="669.29">Yeah</w>
   <w nite:id="ES2012d.B.words477" starttime="669.29" endtime="669.88">definitely</w>
   <w nite:id="ES2012d.B.words478" starttime="669.88" endtime="669.88" punc="true">.</w>
   <w nite:id="ES2012d.B.words479" starttime="673.03" endtime="673.36">Yeah</w>
   <w nite:id="ES2012d.B.words480" starttime="673.36" endtime="673.36" punc="true">.</w>
   <w nite:id="ES2012d.B.words481" starttime="684.0" endtime="684.46">Yeah</w>
   <w nite:id="ES2012d.B.words482" starttime="684.46" endtime="685.29">definitely</w>
   <w nite:id="ES2012d.B.words483" starttime="685.29" endtime="685.29" punc="true">.</w>
   <w nite:id="ES2012d.B.words484" starttime="694.72" endtime="695.11">Yeah</w>
   <w nite:id="ES2012d.B.words485" starttime="695.11" endtime="695.11" punc="true">.</w>
   <w nite:id="ES2012d.B.words486" starttime="696.29" endtime="696.59">Yeah</w>
   <w nite:id="ES2012d.B.words487" starttime="696.59" endtime="696.59" punc="true">.</w>
   <w nite:id="ES2012d.B.words488" starttime="696.59" endtime="697.23">Yeah</w>
   <w nite:id="ES2012d.B.words489" starttime="697.23" endtime="697.23" punc="true">,</w>
   <w nite:id="ES2012d.B.words490" starttime="697.23" endtime="697.52">mm-hmm</w>
   <w nite:id="ES2012d.B.words491" starttime="697.52" endtime="697.52" punc="true">.</w>
   <vocalsound nite:id="ES2012d.B.words492" starttime="699.93" endtime="701.344" type="laugh"/>
   <w nite:id="ES2012d.B.words493" starttime="703.57" endtime="703.93">No</w>
   <w nite:id="ES2012d.B.words494" starttime="703.93" endtime="703.93" punc="true">,</w>
   <w nite:id="ES2012d.B.words495" starttime="703.93" endtime="704.1">not</w>
   <w nite:id="ES2012d.B.words496" starttime="704.1" endtime="704.2">at</w>
   <w nite:id="ES2012d.B.words497" starttime="704.2" endtime="704.85">all</w>
   <w nite:id="ES2012d.B.words498" starttime="704.85" endtime="704.85" punc="true">.</w>
   <w nite:id="ES2012d.B.words499" starttime="712.1" endtime="712.4">Uh</w>
   <disfmarker nite:id="ES2012d.B.words500" starttime="712.4" endtime="712.67"/>
   <w nite:id="ES2012d.B.words501" starttime="713.68" endtime="715.29">Yeah</w>
   <gap nite:id="ES2012d.B.words502" starttime="715.29" endtime="715.29"/>
   <w nite:id="ES2012d.B.words503" starttime="715.29" endtime="715.59">it</w>
   <w nite:id="ES2012d.B.words504" starttime="715.59" endtime="716.02">is</w>
   <w nite:id="ES2012d.B.words505" starttime="716.02" endtime="716.31">sorta</w>
   <w nite:id="ES2012d.B.words506" starttime="716.31" endtime="716.51">the</w>
   <w nite:id="ES2012d.B.words507" starttime="716.51" endtime="716.62">the</w>
   <w nite:id="ES2012d.B.words508" starttime="716.62" endtime="716.97">handle</w>
   <w nite:id="ES2012d.B.words509" starttime="716.97" endtime="717.17">more</w>
   <w nite:id="ES2012d.B.words510" starttime="717.17" endtime="717.66">ergonomically</w>
   <w nite:id="ES2012d.B.words511" starttime="717.66" endtime="718.04">correct</w>
   <w nite:id="ES2012d.B.words512" starttime="718.04" endtime="718.12">as</w>
   <w nite:id="ES2012d.B.words513" starttime="718.12" endtime="718.48">well</w>
   <w nite:id="ES2012d.B.words514" starttime="718.48" endtime="718.48" punc="true">.</w>
   <gap nite:id="ES2012d.B.words515" starttime="718.728" endtime="718.728"/>
   <w nite:id="ES2012d.B.words516" starttime="719.75" endtime="720.05">yeah</w>
   <w nite:id="ES2012d.B.words517" starttime="720.05" endtime="720.05" punc="true">.</w>
   <w nite:id="ES2012d.B.words518" starttime="727.12" endtime="727.74">Mm</w>
   <w nite:id="ES2012d.B.words519" starttime="727.74" endtime="727.74" punc="true">.</w>
   <w nite:id="ES2012d.B.words520" starttime="732.67" endtime="733.0">Mm</w>
   <w nite:id="ES2012d.B.words521" starttime="733.0" endtime="733.0" punc="true">.</w>
   <w nite:id="ES2012d.B.words522" starttime="744.29" endtime="744.53">Mm</w>
   <w nite:id="ES2012d.B.words523" starttime="744.53" endtime="744.53" punc="true">.</w>
   <w nite:id="ES2012d.B.words524" starttime="751.23" endtime="751.34">I</w>
   <w nite:id="ES2012d.B.words525" starttime="751.34" endtime="751.53">I</w>
   <w nite:id="ES2012d.B.words526" starttime="751.53" endtime="751.64">I</w>
   <w nite:id="ES2012d.B.words527" starttime="751.64" endtime="751.87">think</w>
   <w nite:id="ES2012d.B.words528" starttime="751.87" endtime="751.98">it</w>
   <w nite:id="ES2012d.B.words529" starttime="751.98" endtime="752.24">will</w>
   <w nite:id="ES2012d.B.words530" starttime="752.24" endtime="752.55">tend</w>
   <w nite:id="ES2012d.B.words531" starttime="752.55" endtime="752.65">to</w>
   <w nite:id="ES2012d.B.words532" starttime="752.65" endtime="752.98">appeal</w>
   <w nite:id="ES2012d.B.words533" starttime="752.98" endtime="753.36">more</w>
   <w nite:id="ES2012d.B.words534" starttime="753.36" endtime="753.52">to</w>
   <w nite:id="ES2012d.B.words535" starttime="753.52" endtime="753.78">younger</w>
   <w nite:id="ES2012d.B.words536" starttime="753.78" endtime="754.1">aged</w>
   <w nite:id="ES2012d.B.words537" starttime="754.1" endtime="754.31">groups</w>
   <w nite:id="ES2012d.B.words538" starttime="754.31" endtime="754.49">just</w>
   <w nite:id="ES2012d.B.words539" starttime="754.49" endtime="754.6">&#39;cause</w>
   <w nite:id="ES2012d.B.words540" starttime="754.6" endtime="754.7">we</w>
   <w nite:id="ES2012d.B.words541" starttime="754.7" endtime="754.89">have</w>
   <w nite:id="ES2012d.B.words542" starttime="754.89" endtime="755.04">gone</w>
   <w nite:id="ES2012d.B.words543" starttime="755.04" endtime="755.14">with</w>
   <w nite:id="ES2012d.B.words544" starttime="755.14" endtime="755.22">the</w>
   <w nite:id="ES2012d.B.words545" starttime="755.22" endtime="755.58">fashion</w>
   <w nite:id="ES2012d.B.words546" starttime="755.58" endtime="755.99">focus</w>
   <w nite:id="ES2012d.B.words547" starttime="755.99" endtime="756.08">and</w>
   <w nite:id="ES2012d.B.words548" starttime="756.08" endtime="756.14">the</w>
   <w nite:id="ES2012d.B.words549" starttime="756.14" endtime="756.4">younger</w>
   <w nite:id="ES2012d.B.words550" starttime="756.4" endtime="756.64">people</w>
   <w nite:id="ES2012d.B.words551" starttime="756.64" endtime="756.89">tend</w>
   <w nite:id="ES2012d.B.words552" starttime="756.89" endtime="757.45">to</w>
   <disfmarker nite:id="ES2012d.B.words553" starttime="757.45" endtime="757.45"/>
   <w nite:id="ES2012d.B.words554" starttime="757.45" endtime="757.61">would</w>
   <w nite:id="ES2012d.B.words555" starttime="757.61" endtime="757.69">be</w>
   <w nite:id="ES2012d.B.words556" starttime="757.69" endtime="758.03">more</w>
   <w nite:id="ES2012d.B.words557" starttime="758.03" endtime="758.46">conscious</w>
   <w nite:id="ES2012d.B.words558" starttime="758.46" endtime="758.66">of</w>
   <w nite:id="ES2012d.B.words559" starttime="758.66" endtime="758.83">that</w>
   <w nite:id="ES2012d.B.words560" starttime="758.83" endtime="759.19">aspect</w>
   <w nite:id="ES2012d.B.words561" starttime="759.19" endtime="759.25">of</w>
   <w nite:id="ES2012d.B.words562" starttime="759.25" endtime="759.74">it</w>
   <w nite:id="ES2012d.B.words563" starttime="759.74" endtime="759.74" punc="true">,</w>
   <w nite:id="ES2012d.B.words564" starttime="759.74" endtime="759.88">but</w>
   <w nite:id="ES2012d.B.words565" starttime="759.88" endtime="760.38">um</w>
   <w nite:id="ES2012d.B.words566" starttime="760.38" endtime="760.49">I</w>
   <w nite:id="ES2012d.B.words567" starttime="760.49" endtime="760.62">think</w>
   <w nite:id="ES2012d.B.words568" starttime="760.62" endtime="760.69">it</w>
   <w nite:id="ES2012d.B.words569" starttime="760.69" endtime="760.8">should</w>
   <w nite:id="ES2012d.B.words570" starttime="760.8" endtime="761.08">still</w>
   <w nite:id="ES2012d.B.words571" starttime="761.08" endtime="761.46">appeal</w>
   <w nite:id="ES2012d.B.words572" starttime="761.46" endtime="761.59">on</w>
   <w nite:id="ES2012d.B.words573" starttime="761.59" endtime="761.66">a</w>
   <w nite:id="ES2012d.B.words574" starttime="761.66" endtime="761.89">certain</w>
   <w nite:id="ES2012d.B.words575" starttime="761.89" endtime="762.3">level</w>
   <w nite:id="ES2012d.B.words576" starttime="762.3" endtime="762.44">to</w>
   <w nite:id="ES2012d.B.words577" starttime="762.44" endtime="763.15">everybody</w>
   <w nite:id="ES2012d.B.words578" starttime="763.15" endtime="763.15" punc="true">,</w>
   <w nite:id="ES2012d.B.words579" starttime="763.15" endtime="763.5">yeah</w>
   <w nite:id="ES2012d.B.words580" starttime="763.5" endtime="763.5" punc="true">.</w>
   <w nite:id="ES2012d.B.words581" starttime="763.91" endtime="764.28">Yeah</w>
   <w nite:id="ES2012d.B.words582" starttime="764.28" endtime="764.28" punc="true">,</w>
   <w nite:id="ES2012d.B.words583" starttime="764.28" endtime="765.07" mispronounced="true">yeah</w>
   <w nite:id="ES2012d.B.words584" starttime="765.07" endtime="765.07" punc="true">.</w>
   <w nite:id="ES2012d.B.words585" starttime="765.7" endtime="766.11">Yeah</w>
   <w nite:id="ES2012d.B.words586" starttime="766.11" endtime="766.11" punc="true">,</w>
   <w nite:id="ES2012d.B.words587" starttime="766.11" endtime="766.31">yeah</w>
   <w nite:id="ES2012d.B.words588" starttime="766.31" endtime="766.31" punc="true">.</w>
   <vocalsound nite:id="ES2012d.B.words589" starttime="770.568" endtime="770.568" type="laugh"/>
   <w nite:id="ES2012d.B.words590" starttime="772.76" endtime="773.14">Yeah</w>
   <w nite:id="ES2012d.B.words591" starttime="773.14" endtime="773.14" punc="true">.</w>
   <w nite:id="ES2012d.B.words592" starttime="775.53" endtime="775.79">Mm</w>
   <w nite:id="ES2012d.B.words593" starttime="775.79" endtime="775.79" punc="true">.</w>
   <vocalsound nite:id="ES2012d.B.words594" starttime="776.944" endtime="778.629" type="laugh"/>
   <vocalsound nite:id="ES2012d.B.words595" starttime="786.739" endtime="787.456" type="laugh"/>
   <vocalsound nite:id="ES2012d.B.words596" starttime="788.101" endtime="788.803" type="laugh"/>
   <w nite:id="ES2012d.B.words597" starttime="791.72" endtime="791.87">Yep</w>
   <w nite:id="ES2012d.B.words598" starttime="791.87" endtime="791.87" punc="true">.</w>
   <w nite:id="ES2012d.B.words599" starttime="792.76" endtime="793.23">Mm-hmm</w>
   <w nite:id="ES2012d.B.words600" starttime="793.23" endtime="793.23" punc="true">.</w>
   <w nite:id="ES2012d.B.words601" starttime="797.29" endtime="798.52">Mm-hmm</w>
   <w nite:id="ES2012d.B.words602" starttime="798.52" endtime="798.52" punc="true">.</w>
   <w nite:id="ES2012d.B.words603" starttime="798.52" endtime="798.62">Yep</w>
   <w nite:id="ES2012d.B.words604" starttime="798.62" endtime="798.62" punc="true">.</w>
   <vocalsound nite:id="ES2012d.B.words605" starttime="806.985" endtime="807.616" type="laugh"/>
   <w nite:id="ES2012d.B.words606" starttime="811.16" endtime="811.29">Yep</w>
   <w nite:id="ES2012d.B.words607" starttime="811.29" endtime="811.29" punc="true">.</w>
   <vocalsound nite:id="ES2012d.B.words608" starttime="812.544" endtime="812.544" type="other"/>
   <w nite:id="ES2012d.B.words609" starttime="813.14" endtime="813.31">Well</w>
   <w nite:id="ES2012d.B.words610" starttime="813.31" endtime="813.69">done</w>
   <w nite:id="ES2012d.B.words611" starttime="813.69" endtime="814.89">us</w>
   <vocalsound nite:id="ES2012d.B.words612" starttime="814.89" endtime="814.89" type="laugh"/>
   <w nite:id="ES2012d.B.words613" starttime="814.89" endtime="814.89" punc="true">.</w>
   <vocalsound nite:id="ES2012d.B.words614" starttime="823.472" endtime="828.527" type="laugh"/>
   <w nite:id="ES2012d.B.words615" starttime="840.54" endtime="841.12">Excellent</w>
   <w nite:id="ES2012d.B.words616" starttime="841.12" endtime="841.12" punc="true">.</w>
   <vocalsound nite:id="ES2012d.B.words617" starttime="842.784" endtime="842.784" type="laugh"/>
   <w nite:id="ES2012d.B.words618" starttime="843.33" endtime="843.62">Oh</w>
   <w nite:id="ES2012d.B.words619" starttime="843.62" endtime="844.45">no</w>
   <w nite:id="ES2012d.B.words620" starttime="844.45" endtime="845.03">that&#39;s</w>
   <gap nite:id="ES2012d.B.words621" starttime="845.03" endtime="845.03"/>
   <disfmarker nite:id="ES2012d.B.words622" starttime="845.03" endtime="845.12"/>
   <w nite:id="ES2012d.B.words623" starttime="852.98" endtime="853.56">Uh</w>
   <w nite:id="ES2012d.B.words624" starttime="853.56" endtime="853.56" punc="true">.</w>
   <vocalsound nite:id="ES2012d.B.words625" starttime="857.257" endtime="859.28" type="other"/>
   <gap nite:id="ES2012d.B.words626" starttime="860.512" endtime="863.689"/>
   <w nite:id="ES2012d.B.words627" starttime="863.689" endtime="863.689" punc="true">.</w>
   <w nite:id="ES2012d.B.words628" starttime="870.76" endtime="871.02">Mm-hmm</w>
   <w nite:id="ES2012d.B.words629" starttime="871.02" endtime="871.02" punc="true">.</w>
   <w nite:id="ES2012d.B.words630" starttime="878.35" endtime="879.01">Mm</w>
   <w nite:id="ES2012d.B.words631" starttime="879.01" endtime="879.01" punc="true">.</w>
   <w nite:id="ES2012d.B.words632" starttime="879.01" endtime="879.4">Yeah</w>
   <w nite:id="ES2012d.B.words633" starttime="879.4" endtime="879.4" punc="true">,</w>
   <w nite:id="ES2012d.B.words634" starttime="879.4" endtime="879.91">definitely</w>
   <w nite:id="ES2012d.B.words635" starttime="879.91" endtime="879.91" punc="true">.</w>
   <w nite:id="ES2012d.B.words636" starttime="891.59" endtime="892.37">Mm-hmm</w>
   <w nite:id="ES2012d.B.words637" starttime="892.37" endtime="892.37" punc="true">.</w>
   <w nite:id="ES2012d.B.words638" starttime="899.93" endtime="900.32">Mm</w>
   <w nite:id="ES2012d.B.words639" starttime="900.32" endtime="900.32" punc="true">.</w>
   <w nite:id="ES2012d.B.words640" starttime="911.01" endtime="911.18">Yep</w>
   <w nite:id="ES2012d.B.words641" starttime="911.18" endtime="911.18" punc="true">.</w>
   <w nite:id="ES2012d.B.words642" starttime="922.61" endtime="922.83">Yep</w>
   <w nite:id="ES2012d.B.words643" starttime="922.83" endtime="922.83" punc="true">.</w>
   <w nite:id="ES2012d.B.words644" starttime="933.09" endtime="933.47">Cool</w>
   <w nite:id="ES2012d.B.words645" starttime="933.47" endtime="933.47" punc="true">,</w>
   <w nite:id="ES2012d.B.words646" starttime="933.47" endtime="933.78">thank</w>
   <w nite:id="ES2012d.B.words647" starttime="933.78" endtime="936.43">you</w>
   <vocalsound nite:id="ES2012d.B.words648" starttime="936.43" endtime="936.43" type="laugh"/>
   <w nite:id="ES2012d.B.words649" starttime="936.43" endtime="936.43" punc="true">,</w>
   <vocalsound nite:id="ES2012d.B.words650" starttime="939.082" endtime="940.313" type="laugh"/>
</nite:root>