<?xml version="1.0" encoding="ISO-8859-1" standalone="yes"?>
<nite:root nite:id="ES2012d.D.words" xmlns:nite="http://nite.sourceforge.net/">
   <w nite:id="ES2012d.D.words0" starttime="218.53" endtime="218.62" mispronounced="true">Could</w>
   <w nite:id="ES2012d.D.words1" starttime="218.62" endtime="218.71">have</w>
   <w nite:id="ES2012d.D.words2" starttime="218.71" endtime="218.86">one</w>
   <w nite:id="ES2012d.D.words3" starttime="218.86" endtime="218.94">for</w>
   <w nite:id="ES2012d.D.words4" starttime="218.94" endtime="219.06">your</w>
   <w nite:id="ES2012d.D.words5" starttime="219.06" endtime="219.46">stereo</w>
   <w nite:id="ES2012d.D.words6" starttime="219.46" endtime="219.46" punc="true">,</w>
   <w nite:id="ES2012d.D.words7" starttime="219.46" endtime="220.23">one</w>
   <w nite:id="ES2012d.D.words8" starttime="220.23" endtime="220.32">for</w>
   <w nite:id="ES2012d.D.words9" starttime="220.32" endtime="220.41">your</w>
   <gap nite:id="ES2012d.D.words10" starttime="220.41" endtime="220.41"/>
   <w nite:id="ES2012d.D.words11" starttime="220.41" endtime="220.76">D_V_</w>
   <w nite:id="ES2012d.D.words12" starttime="220.76" endtime="221.21">player</w>
   <w nite:id="ES2012d.D.words13" starttime="221.21" endtime="221.21" punc="true">.</w>
   <vocalsound nite:id="ES2012d.D.words14" starttime="227.572" endtime="229.174" type="laugh"/>
   <w nite:id="ES2012d.D.words15" starttime="232.66" endtime="232.91">Yeah</w>
   <w nite:id="ES2012d.D.words16" starttime="232.91" endtime="232.96">I</w>
   <w nite:id="ES2012d.D.words17" starttime="232.96" endtime="233.18">kinda</w>
   <w nite:id="ES2012d.D.words18" starttime="233.18" endtime="233.37">had</w>
   <w nite:id="ES2012d.D.words19" starttime="233.37" endtime="233.71">a</w>
   <w nite:id="ES2012d.D.words20" starttime="234.5" endtime="234.53">a</w>
   <w nite:id="ES2012d.D.words21" starttime="234.53" endtime="234.89">kinda</w>
   <disfmarker nite:id="ES2012d.D.words22" starttime="234.89" endtime="234.89"/>
   <w nite:id="ES2012d.D.words23" starttime="234.89" endtime="234.97">a</w>
   <w nite:id="ES2012d.D.words24" starttime="234.97" endtime="235.54">natural</w>
   <w nite:id="ES2012d.D.words25" starttime="235.54" endtime="235.78">kind</w>
   <w nite:id="ES2012d.D.words26" starttime="235.78" endtime="235.9">of</w>
   <w nite:id="ES2012d.D.words27" starttime="235.9" endtime="235.95">a</w>
   <w nite:id="ES2012d.D.words28" starttime="235.95" endtime="236.54">idea</w>
   <w nite:id="ES2012d.D.words29" starttime="236.54" endtime="236.65">where</w>
   <w nite:id="ES2012d.D.words30" starttime="236.65" endtime="236.78">it&#39;s</w>
   <w nite:id="ES2012d.D.words31" starttime="236.78" endtime="237.37">like</w>
   <w nite:id="ES2012d.D.words32" starttime="237.37" endtime="237.51">more</w>
   <w nite:id="ES2012d.D.words33" starttime="237.51" endtime="237.58">of</w>
   <w nite:id="ES2012d.D.words34" starttime="237.58" endtime="237.61">a</w>
   <w nite:id="ES2012d.D.words35" starttime="237.61" endtime="237.79">kind</w>
   <w nite:id="ES2012d.D.words36" starttime="237.79" endtime="238.55">of</w>
   <disfmarker nite:id="ES2012d.D.words37" starttime="238.55" endtime="238.55"/>
   <w nite:id="ES2012d.D.words38" starttime="238.55" endtime="238.73">like</w>
   <w nite:id="ES2012d.D.words39" starttime="238.73" endtime="238.76">a</w>
   <w nite:id="ES2012d.D.words40" starttime="238.76" endtime="239.09">kinda</w>
   <w nite:id="ES2012d.D.words41" starttime="239.09" endtime="239.37">maybe</w>
   <w nite:id="ES2012d.D.words42" starttime="239.37" endtime="239.94">slightly</w>
   <w nite:id="ES2012d.D.words43" starttime="239.94" endtime="240.13">like</w>
   <w nite:id="ES2012d.D.words44" starttime="240.13" endtime="240.53">thinner</w>
   <w nite:id="ES2012d.D.words45" starttime="240.53" endtime="240.53" punc="true">,</w>
   <w nite:id="ES2012d.D.words46" starttime="240.53" endtime="240.83">yeah</w>
   <w nite:id="ES2012d.D.words47" starttime="240.83" endtime="240.83" punc="true">,</w>
   <w nite:id="ES2012d.D.words48" starttime="240.83" endtime="241.02">kinda</w>
   <w nite:id="ES2012d.D.words49" starttime="241.02" endtime="241.15">like</w>
   <w nite:id="ES2012d.D.words50" starttime="241.15" endtime="241.32">that</w>
   <w nite:id="ES2012d.D.words51" starttime="241.32" endtime="242.51">kinda</w>
   <gap nite:id="ES2012d.D.words52" starttime="242.51" endtime="242.51"/>
   <w nite:id="ES2012d.D.words53" starttime="242.51" endtime="242.65">like</w>
   <w nite:id="ES2012d.D.words54" starttime="242.65" endtime="242.72">a</w>
   <w nite:id="ES2012d.D.words55" starttime="242.72" endtime="243.21">flower</w>
   <w nite:id="ES2012d.D.words56" starttime="243.21" endtime="243.3">or</w>
   <w nite:id="ES2012d.D.words57" starttime="243.3" endtime="243.35">a</w>
   <w nite:id="ES2012d.D.words58" starttime="243.35" endtime="244.15">plant</w>
   <w nite:id="ES2012d.D.words59" starttime="244.15" endtime="244.29">for</w>
   <w nite:id="ES2012d.D.words60" starttime="244.29" endtime="244.35">the</w>
   <w nite:id="ES2012d.D.words61" starttime="244.35" endtime="244.52">more</w>
   <w nite:id="ES2012d.D.words62" starttime="244.52" endtime="244.89">natural</w>
   <w nite:id="ES2012d.D.words63" starttime="244.89" endtime="245.25">kinda</w>
   <disfmarker nite:id="ES2012d.D.words64" starttime="245.25" endtime="245.522"/>
   <w nite:id="ES2012d.D.words65" starttime="310.0" endtime="310.2">Uh</w>
   <w nite:id="ES2012d.D.words66" starttime="310.2" endtime="310.69">yeah</w>
   <w nite:id="ES2012d.D.words67" starttime="310.69" endtime="310.69" punc="true">,</w>
   <vocalsound nite:id="ES2012d.D.words68" starttime="310.69" endtime="310.69" type="other"/>
   <w nite:id="ES2012d.D.words69" starttime="310.69" endtime="310.83">just</w>
   <w nite:id="ES2012d.D.words70" starttime="310.83" endtime="311.08">click</w>
   <w nite:id="ES2012d.D.words71" starttime="311.08" endtime="311.26">there</w>
   <w nite:id="ES2012d.D.words72" starttime="311.26" endtime="311.26" punc="true">.</w>
   <w nite:id="ES2012d.D.words73" starttime="312.72" endtime="312.88">Uh</w>
   <w nite:id="ES2012d.D.words74" starttime="312.88" endtime="313.12">the</w>
   <w nite:id="ES2012d.D.words75" starttime="313.65" endtime="314.33">the</w>
   <w nite:id="ES2012d.D.words76" starttime="314.33" endtime="314.89">maximise</w>
   <w nite:id="ES2012d.D.words77" starttime="314.89" endtime="315.1">button</w>
   <w nite:id="ES2012d.D.words78" starttime="315.1" endtime="315.1" punc="true">.</w>
   <vocalsound nite:id="ES2012d.D.words79" starttime="322.23" endtime="323.173" type="laugh"/>
   <w nite:id="ES2012d.D.words80" starttime="528.29" endtime="528.84">Evaluation</w>
   <w nite:id="ES2012d.D.words81" starttime="528.84" endtime="528.84" punc="true">.</w>
   <w nite:id="ES2012d.D.words82" starttime="533.92" endtime="534.03">The</w>
   <vocalsound nite:id="ES2012d.D.words83" starttime="534.03" endtime="534.03" type="other"/>
   <w nite:id="ES2012d.D.words84" starttime="534.03" endtime="534.77">the</w>
   <w nite:id="ES2012d.D.words85" starttime="534.77" endtime="535.25">product</w>
   <w nite:id="ES2012d.D.words86" starttime="535.25" endtime="535.43">or</w>
   <w nite:id="ES2012d.D.words87" starttime="535.43" endtime="535.52">the</w>
   <w nite:id="ES2012d.D.words88" starttime="535.52" endtime="536.82">project</w>
   <w nite:id="ES2012d.D.words89" starttime="536.82" endtime="536.82" punc="true">?</w>
   <vocalsound nite:id="ES2012d.D.words90" starttime="536.82" endtime="537.385" type="laugh"/>
   <w nite:id="ES2012d.D.words91" starttime="538.42" endtime="539.8">Um</w>
   <w nite:id="ES2012d.D.words92" starttime="539.8" endtime="539.8" punc="true">,</w>
   <w nite:id="ES2012d.D.words93" starttime="539.8" endtime="540.7">well</w>
   <w nite:id="ES2012d.D.words94" starttime="540.7" endtime="540.82">well</w>
   <w nite:id="ES2012d.D.words95" starttime="540.82" endtime="541.43">my</w>
   <w nite:id="ES2012d.D.words96" starttime="541.43" endtime="541.87">presentation</w>
   <w nite:id="ES2012d.D.words97" starttime="541.87" endtime="542.03">just</w>
   <w nite:id="ES2012d.D.words98" starttime="542.03" endtime="542.86">now</w>
   <w nite:id="ES2012d.D.words99" starttime="542.86" endtime="542.86" punc="true">?</w>
   <w nite:id="ES2012d.D.words100" starttime="542.86" endtime="543.33">Sure</w>
   <w nite:id="ES2012d.D.words101" starttime="543.33" endtime="543.33" punc="true">,</w>
   <w nite:id="ES2012d.D.words102" starttime="543.33" endtime="543.4">uh</w>
   <w nite:id="ES2012d.D.words103" starttime="543.4" endtime="543.53">can</w>
   <w nite:id="ES2012d.D.words104" starttime="543.53" endtime="543.57">I</w>
   <w nite:id="ES2012d.D.words105" starttime="543.57" endtime="543.71">get</w>
   <w nite:id="ES2012d.D.words106" starttime="543.71" endtime="543.92">the</w>
   <disfmarker nite:id="ES2012d.D.words107" starttime="543.92" endtime="544.176"/>
   <w nite:id="ES2012d.D.words108" starttime="548.65" endtime="548.98">Cheers</w>
   <w nite:id="ES2012d.D.words109" starttime="548.98" endtime="548.98" punc="true">.</w>
   <vocalsound nite:id="ES2012d.D.words110" starttime="569.553" endtime="569.553" type="other"/>
   <w nite:id="ES2012d.D.words111" starttime="569.83" endtime="569.93">There</w>
   <w nite:id="ES2012d.D.words112" starttime="569.93" endtime="570.01">we</w>
   <w nite:id="ES2012d.D.words113" starttime="570.01" endtime="570.43">go</w>
   <w nite:id="ES2012d.D.words114" starttime="570.43" endtime="570.43" punc="true">,</w>
   <w nite:id="ES2012d.D.words115" starttime="570.43" endtime="570.65">oh</w>
   <w nite:id="ES2012d.D.words116" starttime="570.65" endtime="570.65" punc="true">.</w>
   <w nite:id="ES2012d.D.words117" starttime="573.14" endtime="573.39">Method</w>
   <w nite:id="ES2012d.D.words118" starttime="573.39" endtime="573.48">of</w>
   <w nite:id="ES2012d.D.words119" starttime="573.48" endtime="574.52">evaluation</w>
   <vocalsound nite:id="ES2012d.D.words120" starttime="574.52" endtime="574.52" type="other"/>
   <w nite:id="ES2012d.D.words121" starttime="574.52" endtime="574.77">testing</w>
   <w nite:id="ES2012d.D.words122" starttime="574.77" endtime="574.85">the</w>
   <w nite:id="ES2012d.D.words123" starttime="574.85" endtime="575.2">product</w>
   <w nite:id="ES2012d.D.words124" starttime="575.2" endtime="575.36">was</w>
   <w nite:id="ES2012d.D.words125" starttime="575.36" endtime="576.55">to</w>
   <w nite:id="ES2012d.D.words126" starttime="576.55" endtime="577.08">just</w>
   <gap nite:id="ES2012d.D.words127" starttime="577.08" endtime="577.08"/>
   <w nite:id="ES2012d.D.words128" starttime="577.08" endtime="577.18">if</w>
   <w nite:id="ES2012d.D.words129" starttime="577.18" endtime="577.25">it</w>
   <w nite:id="ES2012d.D.words130" starttime="577.25" endtime="577.42">met</w>
   <w nite:id="ES2012d.D.words131" starttime="577.42" endtime="577.51">all</w>
   <w nite:id="ES2012d.D.words132" starttime="577.51" endtime="578.01">the</w>
   <w nite:id="ES2012d.D.words133" starttime="578.01" endtime="578.61">criteria</w>
   <disfmarker nite:id="ES2012d.D.words134" starttime="578.61" endtime="578.61"/>
   <w nite:id="ES2012d.D.words135" starttime="578.61" endtime="578.74">all</w>
   <w nite:id="ES2012d.D.words136" starttime="578.74" endtime="578.82">the</w>
   <w nite:id="ES2012d.D.words137" starttime="578.82" endtime="579.2">conditions</w>
   <w nite:id="ES2012d.D.words138" starttime="579.2" endtime="579.32">that</w>
   <w nite:id="ES2012d.D.words139" starttime="579.32" endtime="579.55">we</w>
   <w nite:id="ES2012d.D.words140" starttime="579.55" endtime="579.87">set</w>
   <w nite:id="ES2012d.D.words141" starttime="579.87" endtime="579.99">out</w>
   <w nite:id="ES2012d.D.words142" starttime="579.99" endtime="580.19">to</w>
   <w nite:id="ES2012d.D.words143" starttime="582.21" endtime="582.49">set</w>
   <w nite:id="ES2012d.D.words144" starttime="582.49" endtime="582.59">out</w>
   <w nite:id="ES2012d.D.words145" starttime="582.59" endtime="582.99">to</w>
   <w nite:id="ES2012d.D.words146" starttime="582.99" endtime="583.97">solve</w>
   <w nite:id="ES2012d.D.words147" starttime="583.97" endtime="583.97" punc="true">,</w>
   <w nite:id="ES2012d.D.words148" starttime="583.97" endtime="584.18">from</w>
   <w nite:id="ES2012d.D.words149" starttime="584.18" endtime="584.25">the</w>
   <w nite:id="ES2012d.D.words150" starttime="584.25" endtime="584.41">point</w>
   <w nite:id="ES2012d.D.words151" starttime="584.41" endtime="584.47">of</w>
   <w nite:id="ES2012d.D.words152" starttime="584.47" endtime="584.58">view</w>
   <w nite:id="ES2012d.D.words153" starttime="584.58" endtime="584.67">of</w>
   <w nite:id="ES2012d.D.words154" starttime="584.67" endtime="584.97">the</w>
   <w nite:id="ES2012d.D.words155" starttime="584.97" endtime="585.07">the</w>
   <w nite:id="ES2012d.D.words156" starttime="585.07" endtime="585.43">consumer</w>
   <w nite:id="ES2012d.D.words157" starttime="585.43" endtime="585.52">and</w>
   <w nite:id="ES2012d.D.words158" starttime="585.52" endtime="585.58">the</w>
   <w nite:id="ES2012d.D.words159" starttime="585.58" endtime="586.25">management</w>
   <w nite:id="ES2012d.D.words160" starttime="586.25" endtime="586.25" punc="true">.</w>
   <w nite:id="ES2012d.D.words161" starttime="586.25" endtime="586.62">So</w>
   <w nite:id="ES2012d.D.words162" starttime="587.91" endtime="588.26">what</w>
   <w nite:id="ES2012d.D.words163" starttime="588.26" endtime="588.34">I&#39;ve</w>
   <w nite:id="ES2012d.D.words164" starttime="588.34" endtime="588.46">been</w>
   <w nite:id="ES2012d.D.words165" starttime="588.46" endtime="588.7">asked</w>
   <w nite:id="ES2012d.D.words166" starttime="588.7" endtime="588.91">to</w>
   <w nite:id="ES2012d.D.words167" starttime="588.91" endtime="589.02">do</w>
   <w nite:id="ES2012d.D.words168" starttime="589.02" endtime="590.72">is</w>
   <w nite:id="ES2012d.D.words169" starttime="590.72" endtime="590.72" punc="true">,</w>
   <w nite:id="ES2012d.D.words170" starttime="590.72" endtime="590.86">on</w>
   <w nite:id="ES2012d.D.words171" starttime="590.86" endtime="590.95">the</w>
   <w nite:id="ES2012d.D.words172" starttime="590.95" endtime="591.39">whiteboard</w>
   <w nite:id="ES2012d.D.words173" starttime="593.28" endtime="593.68">um</w>
   <w nite:id="ES2012d.D.words174" starttime="593.68" endtime="594.25">gauge</w>
   <w nite:id="ES2012d.D.words175" starttime="595.01" endtime="595.49">our</w>
   <w nite:id="ES2012d.D.words176" starttime="595.49" endtime="595.89">team</w>
   <w nite:id="ES2012d.D.words177" starttime="595.89" endtime="596.98">response</w>
   <w nite:id="ES2012d.D.words178" starttime="596.98" endtime="597.21">to</w>
   <w nite:id="ES2012d.D.words179" starttime="597.21" endtime="597.76">these</w>
   <w nite:id="ES2012d.D.words180" starttime="597.76" endtime="599.2">questions</w>
   <w nite:id="ES2012d.D.words181" starttime="599.2" endtime="599.2" punc="true">.</w>
   <w nite:id="ES2012d.D.words182" starttime="599.2" endtime="600.97">So</w>
   <w nite:id="ES2012d.D.words183" starttime="600.97" endtime="600.97" punc="true">,</w>
   <w nite:id="ES2012d.D.words184" starttime="600.97" endtime="601.11">on</w>
   <w nite:id="ES2012d.D.words185" starttime="601.11" endtime="601.16">a</w>
   <w nite:id="ES2012d.D.words186" starttime="601.16" endtime="601.36">scale</w>
   <w nite:id="ES2012d.D.words187" starttime="601.36" endtime="601.45">of</w>
   <w nite:id="ES2012d.D.words188" starttime="601.45" endtime="601.56">one</w>
   <w nite:id="ES2012d.D.words189" starttime="601.56" endtime="601.62">to</w>
   <w nite:id="ES2012d.D.words190" starttime="601.62" endtime="601.95">seven</w>
   <w nite:id="ES2012d.D.words191" starttime="601.95" endtime="601.95" punc="true">,</w>
   <w nite:id="ES2012d.D.words192" starttime="601.95" endtime="602.16">one</w>
   <w nite:id="ES2012d.D.words193" starttime="602.16" endtime="602.35">being</w>
   <w nite:id="ES2012d.D.words194" starttime="602.35" endtime="602.57">true</w>
   <w nite:id="ES2012d.D.words195" starttime="602.57" endtime="602.68">and</w>
   <w nite:id="ES2012d.D.words196" starttime="602.68" endtime="602.94">seven</w>
   <w nite:id="ES2012d.D.words197" starttime="602.94" endtime="604.21">being</w>
   <w nite:id="ES2012d.D.words198" starttime="604.21" endtime="604.35">being</w>
   <w nite:id="ES2012d.D.words199" starttime="604.35" endtime="605.12">false</w>
   <w nite:id="ES2012d.D.words200" starttime="605.12" endtime="605.12" punc="true">.</w>
   <vocalsound nite:id="ES2012d.D.words201" starttime="607.024" endtime="607.024" type="laugh"/>
   <w nite:id="ES2012d.D.words202" starttime="607.72" endtime="607.98">Yeah</w>
   <w nite:id="ES2012d.D.words203" starttime="607.98" endtime="607.98" punc="true">.</w>
   <w nite:id="ES2012d.D.words204" starttime="609.17" endtime="609.26">And</w>
   <w nite:id="ES2012d.D.words205" starttime="609.26" endtime="609.58">then</w>
   <w nite:id="ES2012d.D.words206" starttime="609.58" endtime="609.74">at</w>
   <w nite:id="ES2012d.D.words207" starttime="609.74" endtime="609.82">the</w>
   <w nite:id="ES2012d.D.words208" starttime="609.82" endtime="609.92">end</w>
   <w nite:id="ES2012d.D.words209" starttime="609.92" endtime="610.04">just</w>
   <w nite:id="ES2012d.D.words210" starttime="610.04" endtime="610.21">take</w>
   <w nite:id="ES2012d.D.words211" starttime="610.21" endtime="610.29">an</w>
   <w nite:id="ES2012d.D.words212" starttime="610.29" endtime="610.9">average</w>
   <w nite:id="ES2012d.D.words213" starttime="616.59" endtime="619.95">Yes</w>
   <vocalsound nite:id="ES2012d.D.words214" starttime="619.95" endtime="619.95" type="laugh"/>
   <w nite:id="ES2012d.D.words215" starttime="619.95" endtime="619.95" punc="true">.</w>
   <w nite:id="ES2012d.D.words216" starttime="627.72" endtime="627.97">So</w>
   <w nite:id="ES2012d.D.words217" starttime="627.97" endtime="629.26">uh</w>
   <w nite:id="ES2012d.D.words218" starttime="629.26" endtime="629.26" punc="true">.</w>
   <vocalsound nite:id="ES2012d.D.words219" starttime="637.312" endtime="637.312" type="other"/>
   <w nite:id="ES2012d.D.words220" starttime="637.67" endtime="637.83">So</w>
   <w nite:id="ES2012d.D.words221" starttime="637.83" endtime="637.83" punc="true">,</w>
   <w nite:id="ES2012d.D.words222" starttime="637.83" endtime="637.98">look</w>
   <w nite:id="ES2012d.D.words223" starttime="637.98" endtime="638.04">at</w>
   <w nite:id="ES2012d.D.words224" starttime="638.04" endtime="638.16">these</w>
   <w nite:id="ES2012d.D.words225" starttime="638.16" endtime="639.92">questions</w>
   <w nite:id="ES2012d.D.words226" starttime="639.92" endtime="639.92" punc="true">.</w>
   <w nite:id="ES2012d.D.words227" starttime="639.92" endtime="640.11">Is</w>
   <w nite:id="ES2012d.D.words228" starttime="640.11" endtime="640.25">the</w>
   <w nite:id="ES2012d.D.words229" starttime="640.25" endtime="640.73">device</w>
   <w nite:id="ES2012d.D.words230" starttime="640.73" endtime="641.16" trunc="true">f</w>
   <w nite:id="ES2012d.D.words231" starttime="641.16" endtime="641.54">flashy</w>
   <w nite:id="ES2012d.D.words232" starttime="641.54" endtime="641.68">and</w>
   <w nite:id="ES2012d.D.words233" starttime="641.68" endtime="642.76">fashionable</w>
   <w nite:id="ES2012d.D.words234" starttime="642.76" endtime="642.76" punc="true">?</w>
   <w nite:id="ES2012d.D.words235" starttime="648.35" endtime="648.68">So</w>
   <w nite:id="ES2012d.D.words236" starttime="648.68" endtime="649.54">uh</w>
   <disfmarker nite:id="ES2012d.D.words237" starttime="649.54" endtime="649.54"/>
   <w nite:id="ES2012d.D.words238" starttime="649.54" endtime="649.67">and</w>
   <w nite:id="ES2012d.D.words239" starttime="649.67" endtime="650.1">also</w>
   <w nite:id="ES2012d.D.words240" starttime="650.1" endtime="651.29">uh</w>
   <w nite:id="ES2012d.D.words241" starttime="651.29" endtime="651.9">technologically</w>
   <w nite:id="ES2012d.D.words242" starttime="651.9" endtime="652.61">innovative</w>
   <w nite:id="ES2012d.D.words243" starttime="652.61" endtime="652.61" punc="true">?</w>
   <w nite:id="ES2012d.D.words244" starttime="658.9" endtime="659.13">Easy</w>
   <w nite:id="ES2012d.D.words245" starttime="659.13" endtime="659.26">to</w>
   <w nite:id="ES2012d.D.words246" starttime="659.26" endtime="659.57">use</w>
   <w nite:id="ES2012d.D.words247" starttime="659.57" endtime="659.57" punc="true">?</w>
   <w nite:id="ES2012d.D.words248" starttime="665.79" endtime="666.06">Uh</w>
   <w nite:id="ES2012d.D.words249" starttime="666.06" endtime="666.51">suitable</w>
   <w nite:id="ES2012d.D.words250" starttime="666.51" endtime="666.66">for</w>
   <w nite:id="ES2012d.D.words251" starttime="666.66" endtime="666.75">the</w>
   <w nite:id="ES2012d.D.words252" starttime="666.75" endtime="667.71">consumer</w>
   <w nite:id="ES2012d.D.words253" starttime="667.71" endtime="667.71" punc="true">?</w>
   <w nite:id="ES2012d.D.words254" starttime="667.71" endtime="667.8">That</w>
   <w nite:id="ES2012d.D.words255" starttime="667.8" endtime="667.93">was</w>
   <w nite:id="ES2012d.D.words256" starttime="667.93" endtime="669.14">um</w>
   <vocalsound nite:id="ES2012d.D.words257" starttime="669.14" endtime="669.14" type="other"/>
   <disfmarker nite:id="ES2012d.D.words258" starttime="669.14" endtime="669.267"/>
   <w nite:id="ES2012d.D.words259" starttime="673.71" endtime="673.83">Yeah</w>
   <w nite:id="ES2012d.D.words260" starttime="673.83" endtime="673.83" punc="true">.</w>
   <w nite:id="ES2012d.D.words261" starttime="676.62" endtime="676.91">Uh</w>
   <w nite:id="ES2012d.D.words262" starttime="676.91" endtime="677.06">is</w>
   <w nite:id="ES2012d.D.words263" starttime="677.06" endtime="677.16">it</w>
   <w nite:id="ES2012d.D.words264" starttime="677.16" endtime="678.38">complicated</w>
   <w nite:id="ES2012d.D.words265" starttime="678.38" endtime="678.38" punc="true">?</w>
   <w nite:id="ES2012d.D.words266" starttime="680.15" endtime="680.3">Doing</w>
   <w nite:id="ES2012d.D.words267" starttime="680.3" endtime="680.46">pretty</w>
   <w nite:id="ES2012d.D.words268" starttime="680.46" endtime="680.6">well</w>
   <w nite:id="ES2012d.D.words269" starttime="680.6" endtime="680.75">so</w>
   <w nite:id="ES2012d.D.words270" starttime="680.75" endtime="680.93">far</w>
   <w nite:id="ES2012d.D.words271" starttime="680.93" endtime="681.13">aren&#39;t</w>
   <w nite:id="ES2012d.D.words272" starttime="681.13" endtime="682.55">we</w>
   <w nite:id="ES2012d.D.words273" starttime="682.55" endtime="682.55" punc="true">?</w>
   <vocalsound nite:id="ES2012d.D.words274" starttime="682.55" endtime="682.55" type="laugh"/>
   <w nite:id="ES2012d.D.words275" starttime="682.55" endtime="682.94">Uh</w>
   <w nite:id="ES2012d.D.words276" starttime="682.94" endtime="683.48">functional</w>
   <w nite:id="ES2012d.D.words277" starttime="683.48" endtime="683.48" punc="true">?</w>
   <w nite:id="ES2012d.D.words278" starttime="687.98" endtime="688.53">Um</w>
   <w nite:id="ES2012d.D.words279" starttime="688.53" endtime="688.53" punc="true">.</w>
   <vocalsound nite:id="ES2012d.D.words280" starttime="689.466" endtime="689.466" type="other"/>
   <w nite:id="ES2012d.D.words281" starttime="690.97" endtime="691.13">Where</w>
   <w nite:id="ES2012d.D.words282" starttime="691.13" endtime="691.16">are</w>
   <w nite:id="ES2012d.D.words283" starttime="691.16" endtime="691.31">we</w>
   <w nite:id="ES2012d.D.words284" starttime="691.31" endtime="691.31" punc="true">?</w>
   <w nite:id="ES2012d.D.words285" starttime="693.72" endtime="693.84">We&#39;ve</w>
   <w nite:id="ES2012d.D.words286" starttime="693.84" endtime="694.34" trunc="true">b</w>
   <w nite:id="ES2012d.D.words287" starttime="694.34" endtime="694.61">built</w>
   <w nite:id="ES2012d.D.words288" starttime="694.61" endtime="694.7">in</w>
   <w nite:id="ES2012d.D.words289" starttime="694.7" endtime="695.34">the</w>
   <w nite:id="ES2012d.D.words290" starttime="695.34" endtime="695.42">the</w>
   <w nite:id="ES2012d.D.words291" starttime="695.42" endtime="695.85">speech</w>
   <w nite:id="ES2012d.D.words292" starttime="695.85" endtime="695.85" punc="true">,</w>
   <w nite:id="ES2012d.D.words293" starttime="695.85" endtime="696.11">where</w>
   <w nite:id="ES2012d.D.words294" starttime="696.11" endtime="696.3">are</w>
   <w nite:id="ES2012d.D.words295" starttime="696.3" endtime="696.62">you</w>
   <w nite:id="ES2012d.D.words296" starttime="696.62" endtime="696.62" punc="true">,</w>
   <w nite:id="ES2012d.D.words297" starttime="696.62" endtime="697.38">function</w>
   <w nite:id="ES2012d.D.words298" starttime="697.38" endtime="697.38" punc="true">.</w>
   <w nite:id="ES2012d.D.words299" starttime="699.01" endtime="699.37">Uh-huh</w>
   <w nite:id="ES2012d.D.words300" starttime="699.37" endtime="699.37" punc="true">.</w>
   <w nite:id="ES2012d.D.words301" starttime="704.1" endtime="704.36">Mm-hmm</w>
   <w nite:id="ES2012d.D.words302" starttime="704.36" endtime="704.36" punc="true">.</w>
   <w nite:id="ES2012d.D.words303" starttime="706.76" endtime="707.13">And</w>
   <w nite:id="ES2012d.D.words304" starttime="707.13" endtime="707.31">uh</w>
   <w nite:id="ES2012d.D.words305" starttime="707.31" endtime="707.31" punc="true">,</w>
   <w nite:id="ES2012d.D.words306" starttime="707.31" endtime="707.47">what</w>
   <w nite:id="ES2012d.D.words307" starttime="707.47" endtime="709.49">else</w>
   <w nite:id="ES2012d.D.words308" starttime="709.49" endtime="709.49" punc="true">?</w>
   <vocalsound nite:id="ES2012d.D.words309" starttime="709.49" endtime="709.49" type="other"/>
   <w nite:id="ES2012d.D.words310" starttime="709.49" endtime="709.62">The</w>
   <w nite:id="ES2012d.D.words311" starttime="709.62" endtime="710.61">R_S_I_</w>
   <w nite:id="ES2012d.D.words312" starttime="710.61" endtime="710.91">compares</w>
   <w nite:id="ES2012d.D.words313" starttime="710.91" endtime="710.97">to</w>
   <w nite:id="ES2012d.D.words314" starttime="710.97" endtime="711.03">the</w>
   <w nite:id="ES2012d.D.words315" starttime="711.03" endtime="711.25">current</w>
   <w nite:id="ES2012d.D.words316" starttime="711.25" endtime="711.64">standards</w>
   <w nite:id="ES2012d.D.words317" starttime="711.64" endtime="711.64" punc="true">,</w>
   <w nite:id="ES2012d.D.words318" starttime="711.64" endtime="712.07">well</w>
   <w nite:id="ES2012d.D.words319" starttime="712.07" endtime="712.07" punc="true">.</w>
   <w nite:id="ES2012d.D.words320" starttime="713.14" endtime="713.21">We</w>
   <w nite:id="ES2012d.D.words321" starttime="713.21" endtime="713.34" trunc="true">we</w>
   <w nite:id="ES2012d.D.words322" starttime="713.34" endtime="713.47">uh</w>
   <w nite:id="ES2012d.D.words323" starttime="713.47" endtime="713.64" mispronounced="true">yeah</w>
   <w nite:id="ES2012d.D.words324" starttime="713.64" endtime="713.7">it</w>
   <w nite:id="ES2012d.D.words325" starttime="713.7" endtime="713.82">was</w>
   <w nite:id="ES2012d.D.words326" starttime="713.82" endtime="714.54">our</w>
   <disfmarker nite:id="ES2012d.D.words327" starttime="714.54" endtime="714.54"/>
   <w nite:id="ES2012d.D.words328" starttime="714.54" endtime="714.65">it</w>
   <w nite:id="ES2012d.D.words329" starttime="714.65" endtime="714.78">was</w>
   <w nite:id="ES2012d.D.words330" starttime="714.78" endtime="715.17">a</w>
   <disfmarker nite:id="ES2012d.D.words331" starttime="715.17" endtime="715.17"/>
   <w nite:id="ES2012d.D.words332" starttime="715.17" endtime="715.23">we</w>
   <w nite:id="ES2012d.D.words333" starttime="715.23" endtime="715.55">made</w>
   <w nite:id="ES2012d.D.words334" starttime="715.55" endtime="715.62">an</w>
   <w nite:id="ES2012d.D.words335" starttime="715.62" endtime="715.94">actual</w>
   <w nite:id="ES2012d.D.words336" starttime="715.94" endtime="716.23">effort</w>
   <w nite:id="ES2012d.D.words337" starttime="716.23" endtime="716.55">to</w>
   <disfmarker nite:id="ES2012d.D.words338" starttime="716.55" endtime="716.667"/>
   <vocalsound nite:id="ES2012d.D.words339" starttime="720.512" endtime="721.016" type="laugh"/>
   <w nite:id="ES2012d.D.words340" starttime="723.61" endtime="724.2">Um</w>
   <w nite:id="ES2012d.D.words341" starttime="724.2" endtime="724.32">will</w>
   <w nite:id="ES2012d.D.words342" starttime="724.32" endtime="724.61">device</w>
   <w nite:id="ES2012d.D.words343" starttime="724.61" endtime="724.83">appeal</w>
   <w nite:id="ES2012d.D.words344" starttime="724.83" endtime="724.94">to</w>
   <w nite:id="ES2012d.D.words345" starttime="724.94" endtime="725.18">all</w>
   <w nite:id="ES2012d.D.words346" starttime="725.18" endtime="725.35">age</w>
   <w nite:id="ES2012d.D.words347" starttime="725.35" endtime="726.48">groups</w>
   <w nite:id="ES2012d.D.words348" starttime="726.48" endtime="726.48" punc="true">?</w>
   <w nite:id="ES2012d.D.words349" starttime="731.73" endtime="732.62">Yeah</w>
   <w nite:id="ES2012d.D.words350" starttime="732.62" endtime="732.62" punc="true">,</w>
   <w nite:id="ES2012d.D.words351" starttime="732.62" endtime="732.84">uh</w>
   <w nite:id="ES2012d.D.words352" starttime="732.84" endtime="732.99">that&#39;s</w>
   <w nite:id="ES2012d.D.words353" starttime="732.99" endtime="733.04">a</w>
   <w nite:id="ES2012d.D.words354" starttime="733.04" endtime="733.17">good</w>
   <w nite:id="ES2012d.D.words355" starttime="733.17" endtime="733.44" mispronounced="true">call</w>
   <w nite:id="ES2012d.D.words356" starttime="733.44" endtime="733.44" punc="true">,</w>
   <w nite:id="ES2012d.D.words357" starttime="733.44" endtime="734.48">yeah</w>
   <w nite:id="ES2012d.D.words358" starttime="734.48" endtime="734.48" punc="true">.</w>
   <w nite:id="ES2012d.D.words359" starttime="734.48" endtime="734.8">Well</w>
   <w nite:id="ES2012d.D.words360" starttime="734.8" endtime="734.9">we</w>
   <w nite:id="ES2012d.D.words361" starttime="734.9" endtime="735.06">had</w>
   <w nite:id="ES2012d.D.words362" starttime="735.06" endtime="735.18">the</w>
   <w nite:id="ES2012d.D.words363" starttime="735.18" endtime="735.25">we</w>
   <w nite:id="ES2012d.D.words364" starttime="735.25" endtime="735.35">had</w>
   <w nite:id="ES2012d.D.words365" starttime="735.35" endtime="735.43">the</w>
   <w nite:id="ES2012d.D.words366" starttime="735.43" endtime="736.0">data</w>
   <gap nite:id="ES2012d.D.words367" starttime="736.0" endtime="736.0"/>
   <w nite:id="ES2012d.D.words368" starttime="736.0" endtime="736.22">saying</w>
   <w nite:id="ES2012d.D.words369" starttime="736.22" endtime="736.91">that</w>
   <w nite:id="ES2012d.D.words370" starttime="736.91" endtime="737.12">old</w>
   <w nite:id="ES2012d.D.words371" starttime="737.12" endtime="737.36">people</w>
   <w nite:id="ES2012d.D.words372" starttime="737.36" endtime="737.48">will</w>
   <w nite:id="ES2012d.D.words373" starttime="737.48" endtime="737.56">be</w>
   <w nite:id="ES2012d.D.words374" starttime="737.56" endtime="738.08">less</w>
   <w nite:id="ES2012d.D.words375" starttime="738.08" endtime="738.35">likely</w>
   <w nite:id="ES2012d.D.words376" starttime="738.35" endtime="738.43">to</w>
   <w nite:id="ES2012d.D.words377" starttime="738.43" endtime="738.57">pay</w>
   <w nite:id="ES2012d.D.words378" starttime="738.57" endtime="738.81">extra</w>
   <w nite:id="ES2012d.D.words379" starttime="738.81" endtime="739.13">money</w>
   <w nite:id="ES2012d.D.words380" starttime="739.13" endtime="739.51">but</w>
   <w nite:id="ES2012d.D.words381" starttime="739.51" endtime="739.59">the</w>
   <w nite:id="ES2012d.D.words382" starttime="739.59" endtime="740.01" trunc="true">funct</w>
   <w nite:id="ES2012d.D.words383" starttime="740.01" endtime="740.35">the</w>
   <w nite:id="ES2012d.D.words384" starttime="740.35" endtime="740.73">increased</w>
   <w nite:id="ES2012d.D.words385" starttime="740.73" endtime="741.7">functionality</w>
   <w nite:id="ES2012d.D.words386" starttime="741.7" endtime="741.7" punc="true">,</w>
   <vocalsound nite:id="ES2012d.D.words387" starttime="741.7" endtime="741.7" type="other"/>
   <w nite:id="ES2012d.D.words388" starttime="741.7" endtime="741.84">the</w>
   <w nite:id="ES2012d.D.words389" starttime="741.84" endtime="742.15" trunc="true">e</w>
   <w nite:id="ES2012d.D.words390" starttime="742.15" endtime="742.43">ease</w>
   <w nite:id="ES2012d.D.words391" starttime="742.43" endtime="742.54">of</w>
   <w nite:id="ES2012d.D.words392" starttime="742.54" endtime="742.73">use</w>
   <w nite:id="ES2012d.D.words393" starttime="742.73" endtime="742.79">of</w>
   <w nite:id="ES2012d.D.words394" starttime="742.79" endtime="742.86">the</w>
   <w nite:id="ES2012d.D.words395" starttime="742.86" endtime="743.23">device</w>
   <w nite:id="ES2012d.D.words396" starttime="743.23" endtime="743.42">might</w>
   <w nite:id="ES2012d.D.words397" starttime="743.42" endtime="743.58">make</w>
   <w nite:id="ES2012d.D.words398" starttime="743.58" endtime="743.71">up</w>
   <w nite:id="ES2012d.D.words399" starttime="743.71" endtime="743.83">for</w>
   <w nite:id="ES2012d.D.words400" starttime="743.83" endtime="743.97">that</w>
   <w nite:id="ES2012d.D.words401" starttime="743.97" endtime="743.97" punc="true">.</w>
   <w nite:id="ES2012d.D.words402" starttime="751.27" endtime="751.55">Mm</w>
   <w nite:id="ES2012d.D.words403" starttime="751.55" endtime="751.55" punc="true">.</w>
   <vocalsound nite:id="ES2012d.D.words404" starttime="775.456" endtime="776.809" type="laugh"/>
   <w nite:id="ES2012d.D.words405" starttime="777.99" endtime="778.26">Uh</w>
   <w nite:id="ES2012d.D.words406" starttime="778.26" endtime="778.42">can</w>
   <w nite:id="ES2012d.D.words407" starttime="778.42" endtime="778.5">you</w>
   <w nite:id="ES2012d.D.words408" starttime="778.5" endtime="778.73">just</w>
   <w nite:id="ES2012d.D.words409" starttime="778.73" endtime="779.06">click</w>
   <w nite:id="ES2012d.D.words410" starttime="779.06" endtime="779.14">the</w>
   <w nite:id="ES2012d.D.words411" starttime="779.14" endtime="779.35">my</w>
   <w nite:id="ES2012d.D.words412" starttime="779.35" endtime="779.83">mouse</w>
   <w nite:id="ES2012d.D.words413" starttime="779.83" endtime="779.91">to</w>
   <w nite:id="ES2012d.D.words414" starttime="779.91" endtime="780.04">move</w>
   <w nite:id="ES2012d.D.words415" starttime="780.04" endtime="780.22">onto</w>
   <w nite:id="ES2012d.D.words416" starttime="780.22" endtime="780.42">next</w>
   <w nite:id="ES2012d.D.words417" starttime="780.42" endtime="781.41">page</w>
   <w nite:id="ES2012d.D.words418" starttime="781.41" endtime="781.41" punc="true">?</w>
   <w nite:id="ES2012d.D.words419" starttime="781.41" endtime="781.83">Uh</w>
   <w nite:id="ES2012d.D.words420" starttime="781.83" endtime="781.83" punc="true">,</w>
   <w nite:id="ES2012d.D.words421" starttime="781.83" endtime="782.33">yeah</w>
   <w nite:id="ES2012d.D.words422" starttime="782.33" endtime="782.8">and</w>
   <w nite:id="ES2012d.D.words423" starttime="782.8" endtime="783.64">what</w>
   <w nite:id="ES2012d.D.words424" starttime="783.64" endtime="783.71" trunc="true">h</w>
   <w nite:id="ES2012d.D.words425" starttime="783.71" endtime="783.96">did</w>
   <w nite:id="ES2012d.D.words426" starttime="783.96" endtime="784.08">we</w>
   <w nite:id="ES2012d.D.words427" starttime="784.08" endtime="784.26">make</w>
   <w nite:id="ES2012d.D.words428" starttime="784.26" endtime="784.34">the</w>
   <w nite:id="ES2012d.D.words429" starttime="784.34" endtime="785.3">management&#39;s</w>
   <disfmarker nite:id="ES2012d.D.words430" starttime="785.3" endtime="785.43"/>
   <vocalsound nite:id="ES2012d.D.words431" starttime="802.385" endtime="803.254" type="laugh"/>
   <w nite:id="ES2012d.D.words432" starttime="807.78" endtime="808.36">Um</w>
   <w nite:id="ES2012d.D.words433" starttime="808.36" endtime="808.36" punc="true">.</w>
   <vocalsound nite:id="ES2012d.D.words434" starttime="812.32" endtime="812.32" type="laugh"/>
   <w nite:id="ES2012d.D.words435" starttime="812.61" endtime="813.01">Okay</w>
   <w nite:id="ES2012d.D.words436" starttime="813.01" endtime="813.01" punc="true">.</w>
   <vocalsound nite:id="ES2012d.D.words437" starttime="813.936" endtime="813.936" type="laugh"/>
   <w nite:id="ES2012d.D.words438" starttime="814.94" endtime="815.19">So</w>
   <w nite:id="ES2012d.D.words439" starttime="815.19" endtime="815.37">uh</w>
   <w nite:id="ES2012d.D.words440" starttime="815.37" endtime="815.64">one</w>
   <w nite:id="ES2012d.D.words441" starttime="815.64" endtime="816.07">two</w>
   <w nite:id="ES2012d.D.words442" starttime="816.07" endtime="816.37">three</w>
   <w nite:id="ES2012d.D.words443" starttime="816.37" endtime="816.66">four</w>
   <w nite:id="ES2012d.D.words444" starttime="816.66" endtime="817.06">five</w>
   <w nite:id="ES2012d.D.words445" starttime="817.06" endtime="817.48">six</w>
   <w nite:id="ES2012d.D.words446" starttime="817.48" endtime="817.92">seven</w>
   <w nite:id="ES2012d.D.words447" starttime="817.92" endtime="818.23">eight</w>
   <w nite:id="ES2012d.D.words448" starttime="818.23" endtime="818.6">nine</w>
   <w nite:id="ES2012d.D.words449" starttime="818.6" endtime="818.95">ten</w>
   <w nite:id="ES2012d.D.words450" starttime="818.95" endtime="820.87">eleven</w>
   <w nite:id="ES2012d.D.words451" starttime="820.87" endtime="820.87" punc="true">.</w>
   <w nite:id="ES2012d.D.words452" starttime="820.87" endtime="821.11">Eleven</w>
   <w nite:id="ES2012d.D.words453" starttime="821.11" endtime="821.46">divided</w>
   <w nite:id="ES2012d.D.words454" starttime="821.46" endtime="822.27">by</w>
   <vocalsound nite:id="ES2012d.D.words455" starttime="822.27" endtime="822.27" type="other"/>
   <w nite:id="ES2012d.D.words456" starttime="822.27" endtime="822.68">eleven&#39;s</w>
   <w nite:id="ES2012d.D.words457" starttime="822.68" endtime="823.24">one</w>
   <w nite:id="ES2012d.D.words458" starttime="823.24" endtime="824.99">so</w>
   <vocalsound nite:id="ES2012d.D.words459" starttime="824.99" endtime="824.99" type="laugh"/>
   <w nite:id="ES2012d.D.words460" starttime="824.99" endtime="825.35">equals</w>
   <w nite:id="ES2012d.D.words461" starttime="825.35" endtime="825.79">average</w>
   <w nite:id="ES2012d.D.words462" starttime="825.79" endtime="825.92">of</w>
   <w nite:id="ES2012d.D.words463" starttime="825.92" endtime="826.84">one</w>
   <w nite:id="ES2012d.D.words464" starttime="826.84" endtime="826.84" punc="true">.</w>
   <w nite:id="ES2012d.D.words465" starttime="837.4" endtime="837.58">And</w>
   <w nite:id="ES2012d.D.words466" starttime="837.58" endtime="838.25">that</w>
   <w nite:id="ES2012d.D.words467" starttime="838.25" endtime="838.58">roughly</w>
   <w nite:id="ES2012d.D.words468" starttime="838.58" endtime="839.09">concludes</w>
   <w nite:id="ES2012d.D.words469" starttime="839.09" endtime="839.25">my</w>
   <w nite:id="ES2012d.D.words470" starttime="839.25" endtime="839.8">evaluation</w>
   <w nite:id="ES2012d.D.words471" starttime="839.8" endtime="839.98">of</w>
   <w nite:id="ES2012d.D.words472" starttime="839.98" endtime="841.38">the</w>
   <w nite:id="ES2012d.D.words473" starttime="841.38" endtime="841.53">of</w>
   <w nite:id="ES2012d.D.words474" starttime="841.53" endtime="841.6">the</w>
   <w nite:id="ES2012d.D.words475" starttime="841.6" endtime="841.96">product</w>
   <w nite:id="ES2012d.D.words476" starttime="841.96" endtime="841.96" punc="true">.</w>
   <vocalsound nite:id="ES2012d.D.words477" starttime="935.776" endtime="937.272" type="laugh"/>
   <vocalsound nite:id="ES2012d.D.words478" starttime="938.576" endtime="939.724" type="laugh"/>
</nite:root>