<?xml version="1.0" encoding="ISO-8859-1" standalone="yes"?>
<nite:root nite:id="EN2002c.B.segs" xmlns:nite="http://nite.sourceforge.net/">
   <segment nite:id="EN2002c.sync.453" channel="1" transcriber_start="20.592" transcriber_end="27.728">
      <nite:child href="EN2002c.B.words.xml#id(EN2002c.B.words0)..id(EN2002c.B.words15)"/>
   </segment>
   <segment nite:id="EN2002c.sync.455" channel="1" transcriber_start="37.216" transcriber_end="38.736">
      <nite:child href="EN2002c.B.words.xml#id(EN2002c.B.words16)..id(EN2002c.B.words19)"/>
   </segment>
   <segment nite:id="EN2002c.sync.457" channel="1" transcriber_start="46.358" transcriber_end="46.815">
      <nite:child href="EN2002c.B.words.xml#id(EN2002c.B.words20)..id(EN2002c.B.words21)"/>
   </segment>
   <segment nite:id="EN2002c.sync.459" channel="1" transcriber_start="54.83" transcriber_end="59.445">
      <nite:child href="EN2002c.B.words.xml#id(EN2002c.B.words22)..id(EN2002c.B.words29)"/>
   </segment>
   <segment nite:id="EN2002c.sync.461" channel="1" transcriber_start="62.032" transcriber_end="65.744">
      <nite:child href="EN2002c.B.words.xml#id(EN2002c.B.words30)..id(EN2002c.B.words32)"/>
   </segment>
   <segment nite:id="EN2002c.sync.463" channel="1" transcriber_start="67.04" transcriber_end="67.779">
      <nite:child href="EN2002c.B.words.xml#id(EN2002c.B.words33)..id(EN2002c.B.words34)"/>
   </segment>
   <segment nite:id="EN2002c.sync.465" channel="1" transcriber_start="91.792" transcriber_end="93.829">
      <nite:child href="EN2002c.B.words.xml#id(EN2002c.B.words35)..id(EN2002c.B.words45)"/>
   </segment>
   <segment nite:id="EN2002c.sync.467" channel="1" transcriber_start="100.752" transcriber_end="101.558">
      <nite:child href="EN2002c.B.words.xml#id(EN2002c.B.words46)..id(EN2002c.B.words47)"/>
   </segment>
   <segment nite:id="EN2002c.sync.469" channel="1" transcriber_start="103.872" transcriber_end="105.275">
      <nite:child href="EN2002c.B.words.xml#id(EN2002c.B.words48)..id(EN2002c.B.words53)"/>
   </segment>
   <segment nite:id="EN2002c.sync.471" channel="1" transcriber_start="173.273" transcriber_end="235.438">
      <nite:child href="EN2002c.B.words.xml#id(EN2002c.B.words54)..id(EN2002c.B.words314)"/>
   </segment>
   <segment nite:id="EN2002c.sync.473" channel="1" transcriber_start="238.824" transcriber_end="269.66">
      <nite:child href="EN2002c.B.words.xml#id(EN2002c.B.words315)..id(EN2002c.B.words431)"/>
   </segment>
   <segment nite:id="EN2002c.sync.475" channel="1" transcriber_start="273.12" transcriber_end="273.602">
      <nite:child href="EN2002c.B.words.xml#id(EN2002c.B.words432)..id(EN2002c.B.words433)"/>
   </segment>
   <segment nite:id="EN2002c.sync.477" channel="1" transcriber_start="280.16" transcriber_end="280.908">
      <nite:child href="EN2002c.B.words.xml#id(EN2002c.B.words434)..id(EN2002c.B.words436)"/>
   </segment>
   <segment nite:id="EN2002c.sync.479" channel="1" transcriber_start="282.384" transcriber_end="283.285">
      <nite:child href="EN2002c.B.words.xml#id(EN2002c.B.words437)..id(EN2002c.B.words442)"/>
   </segment>
   <segment nite:id="EN2002c.sync.481" channel="1" transcriber_start="286.704" transcriber_end="343.454">
      <nite:child href="EN2002c.B.words.xml#id(EN2002c.B.words443)..id(EN2002c.B.words656)"/>
   </segment>
   <segment nite:id="EN2002c.sync.483" channel="1" transcriber_start="346.384" transcriber_end="348.477">
      <nite:child href="EN2002c.B.words.xml#id(EN2002c.B.words657)..id(EN2002c.B.words662)"/>
   </segment>
   <segment nite:id="EN2002c.sync.485" channel="1" transcriber_start="355.12" transcriber_end="355.552">
      <nite:child href="EN2002c.B.words.xml#id(EN2002c.B.words663)..id(EN2002c.B.words664)"/>
   </segment>
   <segment nite:id="EN2002c.sync.487" channel="1" transcriber_start="359.6" transcriber_end="363.314">
      <nite:child href="EN2002c.B.words.xml#id(EN2002c.B.words665)..id(EN2002c.B.words681)"/>
   </segment>
   <segment nite:id="EN2002c.sync.489" channel="1" transcriber_start="365.152" transcriber_end="404.356">
      <nite:child href="EN2002c.B.words.xml#id(EN2002c.B.words682)..id(EN2002c.B.words827)"/>
   </segment>
   <segment nite:id="EN2002c.sync.491" channel="1" transcriber_start="406.32" transcriber_end="406.924">
      <nite:child href="EN2002c.B.words.xml#id(EN2002c.B.words828)..id(EN2002c.B.words829)"/>
   </segment>
   <segment nite:id="EN2002c.sync.493" channel="1" transcriber_start="414.288" transcriber_end="419.819">
      <nite:child href="EN2002c.B.words.xml#id(EN2002c.B.words830)..id(EN2002c.B.words857)"/>
   </segment>
   <segment nite:id="EN2002c.sync.495" channel="1" transcriber_start="422.336" transcriber_end="423.525">
      <nite:child href="EN2002c.B.words.xml#id(EN2002c.B.words858)..id(EN2002c.B.words863)"/>
   </segment>
   <segment nite:id="EN2002c.sync.497" channel="1" transcriber_start="429.478" transcriber_end="450.772">
      <nite:child href="EN2002c.B.words.xml#id(EN2002c.B.words864)..id(EN2002c.B.words958)"/>
   </segment>
   <segment nite:id="EN2002c.sync.499" channel="1" transcriber_start="461.968" transcriber_end="464.017">
      <nite:child href="EN2002c.B.words.xml#id(EN2002c.B.words959)..id(EN2002c.B.words964)"/>
   </segment>
   <segment nite:id="EN2002c.sync.501" channel="1" transcriber_start="468.288" transcriber_end="470.491">
      <nite:child href="EN2002c.B.words.xml#id(EN2002c.B.words965)..id(EN2002c.B.words978)"/>
   </segment>
   <segment nite:id="EN2002c.sync.503" channel="1" transcriber_start="471.968" transcriber_end="482.044">
      <nite:child href="EN2002c.B.words.xml#id(EN2002c.B.words979)..id(EN2002c.B.words1020)"/>
   </segment>
   <segment nite:id="EN2002c.sync.505" channel="1" transcriber_start="485.632" transcriber_end="489.556">
      <nite:child href="EN2002c.B.words.xml#id(EN2002c.B.words1021)..id(EN2002c.B.words1039)"/>
   </segment>
   <segment nite:id="EN2002c.sync.507" channel="1" transcriber_start="495.659" transcriber_end="529.082">
      <nite:child href="EN2002c.B.words.xml#id(EN2002c.B.words1040)..id(EN2002c.B.words1189)"/>
   </segment>
   <segment nite:id="EN2002c.sync.509" channel="1" transcriber_start="531.212" transcriber_end="531.562">
      <nite:child href="EN2002c.B.words.xml#id(EN2002c.B.words1190)..id(EN2002c.B.words1191)"/>
   </segment>
   <segment nite:id="EN2002c.sync.511" channel="1" transcriber_start="533.952" transcriber_end="539.533">
      <nite:child href="EN2002c.B.words.xml#id(EN2002c.B.words1192)..id(EN2002c.B.words1209)"/>
   </segment>
   <segment nite:id="EN2002c.sync.513" channel="1" transcriber_start="543.149" transcriber_end="551.526">
      <nite:child href="EN2002c.B.words.xml#id(EN2002c.B.words1210)..id(EN2002c.B.words1242)"/>
   </segment>
   <segment nite:id="EN2002c.sync.515" channel="1" transcriber_start="553.904" transcriber_end="555.845">
      <nite:child href="EN2002c.B.words.xml#id(EN2002c.B.words1243)..id(EN2002c.B.words1254)"/>
   </segment>
   <segment nite:id="EN2002c.sync.517" channel="1" transcriber_start="558.88" transcriber_end="564.401">
      <nite:child href="EN2002c.B.words.xml#id(EN2002c.B.words1255)..id(EN2002c.B.words1281)"/>
   </segment>
   <segment nite:id="EN2002c.sync.519" channel="1" transcriber_start="567.447" transcriber_end="577.36">
      <nite:child href="EN2002c.B.words.xml#id(EN2002c.B.words1282)..id(EN2002c.B.words1325)"/>
   </segment>
   <segment nite:id="EN2002c.sync.521" channel="1" transcriber_start="586.816" transcriber_end="587.225">
      <nite:child href="EN2002c.B.words.xml#id(EN2002c.B.words1326)..id(EN2002c.B.words1327)"/>
   </segment>
   <segment nite:id="EN2002c.sync.523" channel="1" transcriber_start="588.489" transcriber_end="603.333">
      <nite:child href="EN2002c.B.words.xml#id(EN2002c.B.words1328)..id(EN2002c.B.words1411)"/>
   </segment>
   <segment nite:id="EN2002c.sync.525" channel="1" transcriber_start="610.196" transcriber_end="615.626">
      <nite:child href="EN2002c.B.words.xml#id(EN2002c.B.words1412)..id(EN2002c.B.words1435)"/>
   </segment>
   <segment nite:id="EN2002c.sync.527" channel="1" transcriber_start="618.102" transcriber_end="622.384">
      <nite:child href="EN2002c.B.words.xml#id(EN2002c.B.words1436)..id(EN2002c.B.words1454)"/>
   </segment>
   <segment nite:id="EN2002c.sync.529" channel="1" transcriber_start="625.632" transcriber_end="626.099">
      <nite:child href="EN2002c.B.words.xml#id(EN2002c.B.words1455)..id(EN2002c.B.words1456)"/>
   </segment>
   <segment nite:id="EN2002c.sync.531" channel="1" transcriber_start="628.56" transcriber_end="630.336">
      <nite:child href="EN2002c.B.words.xml#id(EN2002c.B.words1457)..id(EN2002c.B.words1468)"/>
   </segment>
   <segment nite:id="EN2002c.sync.533" channel="1" transcriber_start="632.848" transcriber_end="638.09">
      <nite:child href="EN2002c.B.words.xml#id(EN2002c.B.words1469)..id(EN2002c.B.words1490)"/>
   </segment>
   <segment nite:id="EN2002c.sync.535" channel="1" transcriber_start="642.697" transcriber_end="654.306">
      <nite:child href="EN2002c.B.words.xml#id(EN2002c.B.words1491)..id(EN2002c.B.words1549)"/>
   </segment>
   <segment nite:id="EN2002c.sync.537" channel="1" transcriber_start="656.01" transcriber_end="673.028">
      <nite:child href="EN2002c.B.words.xml#id(EN2002c.B.words1550)..id(EN2002c.B.words1629)"/>
   </segment>
   <segment nite:id="EN2002c.sync.539" channel="1" transcriber_start="676.337" transcriber_end="688.656">
      <nite:child href="EN2002c.B.words.xml#id(EN2002c.B.words1630)..id(EN2002c.B.words1671)"/>
   </segment>
   <segment nite:id="EN2002c.sync.541" channel="1" transcriber_start="690.624" transcriber_end="699.348">
      <nite:child href="EN2002c.B.words.xml#id(EN2002c.B.words1672)..id(EN2002c.B.words1710)"/>
   </segment>
   <segment nite:id="EN2002c.sync.543" channel="1" transcriber_start="706.432" transcriber_end="708.014">
      <nite:child href="EN2002c.B.words.xml#id(EN2002c.B.words1711)..id(EN2002c.B.words1718)"/>
   </segment>
   <segment nite:id="EN2002c.sync.545" channel="1" transcriber_start="710.045" transcriber_end="714.394">
      <nite:child href="EN2002c.B.words.xml#id(EN2002c.B.words1719)..id(EN2002c.B.words1741)"/>
   </segment>
   <segment nite:id="EN2002c.sync.547" channel="1" transcriber_start="890.288" transcriber_end="933.266">
      <nite:child href="EN2002c.B.words.xml#id(EN2002c.B.words1742)..id(EN2002c.B.words1892)"/>
   </segment>
   <segment nite:id="EN2002c.sync.549" channel="1" transcriber_start="942.656" transcriber_end="944.355">
      <nite:child href="EN2002c.B.words.xml#id(EN2002c.B.words1893)..id(EN2002c.B.words1904)"/>
   </segment>
   <segment nite:id="EN2002c.sync.551" channel="1" transcriber_start="946.416" transcriber_end="947.706">
      <nite:child href="EN2002c.B.words.xml#id(EN2002c.B.words1905)..id(EN2002c.B.words1911)"/>
   </segment>
   <segment nite:id="EN2002c.sync.553" channel="1" transcriber_start="990.427" transcriber_end="1007.477">
      <nite:child href="EN2002c.B.words.xml#id(EN2002c.B.words1912)..id(EN2002c.B.words1943)"/>
   </segment>
   <segment nite:id="EN2002c.sync.555" channel="1" transcriber_start="1018.447" transcriber_end="1028.072">
      <nite:child href="EN2002c.B.words.xml#id(EN2002c.B.words1944)..id(EN2002c.B.words1982)"/>
   </segment>
   <segment nite:id="EN2002c.sync.557" channel="1" transcriber_start="1035.056" transcriber_end="1035.571">
      <nite:child href="EN2002c.B.words.xml#id(EN2002c.B.words1983)..id(EN2002c.B.words1984)"/>
   </segment>
   <segment nite:id="EN2002c.sync.559" channel="1" transcriber_start="1057.876" transcriber_end="1065.537">
      <nite:child href="EN2002c.B.words.xml#id(EN2002c.B.words1985)..id(EN2002c.B.words2015)"/>
   </segment>
   <segment nite:id="EN2002c.sync.561" channel="1" transcriber_start="1067.695" transcriber_end="1073.067">
      <nite:child href="EN2002c.B.words.xml#id(EN2002c.B.words2016)..id(EN2002c.B.words2046)"/>
   </segment>
   <segment nite:id="EN2002c.sync.563" channel="1" transcriber_start="1079.136" transcriber_end="1090.645">
      <nite:child href="EN2002c.B.words.xml#id(EN2002c.B.words2047)..id(EN2002c.B.words2088)"/>
   </segment>
   <segment nite:id="EN2002c.sync.565" channel="1" transcriber_start="1093.597" transcriber_end="1109.065">
      <nite:child href="EN2002c.B.words.xml#id(EN2002c.B.words2089)..id(EN2002c.B.words2156)"/>
   </segment>
   <segment nite:id="EN2002c.sync.567" channel="1" transcriber_start="1114.816" transcriber_end="1116.0">
      <nite:child href="EN2002c.B.words.xml#id(EN2002c.B.words2157)..id(EN2002c.B.words2164)"/>
   </segment>
   <segment nite:id="EN2002c.sync.569" channel="1" transcriber_start="1119.456" transcriber_end="1119.794">
      <nite:child href="EN2002c.B.words.xml#id(EN2002c.B.words2165)..id(EN2002c.B.words2166)"/>
   </segment>
   <segment nite:id="EN2002c.sync.571" channel="1" transcriber_start="1122.736" transcriber_end="1123.136">
      <nite:child href="EN2002c.B.words.xml#id(EN2002c.B.words2167)..id(EN2002c.B.words2168)"/>
   </segment>
   <segment nite:id="EN2002c.sync.573" channel="1" transcriber_start="1131.152" transcriber_end="1131.517">
      <nite:child href="EN2002c.B.words.xml#id(EN2002c.B.words2169)..id(EN2002c.B.words2170)"/>
   </segment>
   <segment nite:id="EN2002c.sync.575" channel="1" transcriber_start="1181.264" transcriber_end="1184.866">
      <nite:child href="EN2002c.B.words.xml#id(EN2002c.B.words2171)..id(EN2002c.B.words2191)"/>
   </segment>
   <segment nite:id="EN2002c.sync.577" channel="1" transcriber_start="1203.699" transcriber_end="1204.489">
      <nite:child href="EN2002c.B.words.xml#id(EN2002c.B.words2192)..id(EN2002c.B.words2195)"/>
   </segment>
   <segment nite:id="EN2002c.sync.579" channel="1" transcriber_start="1210.272" transcriber_end="1213.984">
      <nite:child href="EN2002c.B.words.xml#id(EN2002c.B.words2196)..id(EN2002c.B.words2216)"/>
   </segment>
   <segment nite:id="EN2002c.sync.581" channel="1" transcriber_start="1249.392" transcriber_end="1255.264">
      <nite:child href="EN2002c.B.words.xml#id(EN2002c.B.words2217)..id(EN2002c.B.words2252)"/>
   </segment>
   <segment nite:id="EN2002c.sync.583" channel="1" transcriber_start="1258.576" transcriber_end="1259.434">
      <nite:child href="EN2002c.B.words.xml#id(EN2002c.B.words2253)..id(EN2002c.B.words2255)"/>
   </segment>
   <segment nite:id="EN2002c.sync.585" channel="1" transcriber_start="1265.104" transcriber_end="1265.728">
      <nite:child href="EN2002c.B.words.xml#id(EN2002c.B.words2256)..id(EN2002c.B.words2257)"/>
   </segment>
   <segment nite:id="EN2002c.sync.587" channel="1" transcriber_start="1274.976" transcriber_end="1275.875">
      <nite:child href="EN2002c.B.words.xml#id(EN2002c.B.words2258)..id(EN2002c.B.words2259)"/>
   </segment>
   <segment nite:id="EN2002c.sync.589" channel="1" transcriber_start="1302.096" transcriber_end="1309.257">
      <nite:child href="EN2002c.B.words.xml#id(EN2002c.B.words2260)..id(EN2002c.B.words2298)"/>
   </segment>
   <segment nite:id="EN2002c.sync.591" channel="1" transcriber_start="1313.968" transcriber_end="1314.385">
      <nite:child href="EN2002c.B.words.xml#id(EN2002c.B.words2299)..id(EN2002c.B.words2300)"/>
   </segment>
   <segment nite:id="EN2002c.sync.593" channel="1" transcriber_start="1317.104" transcriber_end="1317.572">
      <nite:child href="EN2002c.B.words.xml#id(EN2002c.B.words2301)..id(EN2002c.B.words2302)"/>
   </segment>
   <segment nite:id="EN2002c.sync.595" channel="1" transcriber_start="1319.088" transcriber_end="1319.435">
      <nite:child href="EN2002c.B.words.xml#id(EN2002c.B.words2303)..id(EN2002c.B.words2304)"/>
   </segment>
   <segment nite:id="EN2002c.sync.597" channel="1" transcriber_start="1322.432" transcriber_end="1324.752">
      <nite:child href="EN2002c.B.words.xml#id(EN2002c.B.words2305)..id(EN2002c.B.words2309)"/>
   </segment>
   <segment nite:id="EN2002c.sync.599" channel="1" transcriber_start="1326.608" transcriber_end="1328.288">
      <nite:child href="EN2002c.B.words.xml#id(EN2002c.B.words2310)..id(EN2002c.B.words2315)"/>
   </segment>
   <segment nite:id="EN2002c.sync.601" channel="1" transcriber_start="1341.952" transcriber_end="1343.653">
      <nite:child href="EN2002c.B.words.xml#id(EN2002c.B.words2316)..id(EN2002c.B.words2323)"/>
   </segment>
   <segment nite:id="EN2002c.sync.603" channel="1" transcriber_start="1345.99" transcriber_end="1348.828">
      <nite:child href="EN2002c.B.words.xml#id(EN2002c.B.words2324)..id(EN2002c.B.words2339)"/>
   </segment>
   <segment nite:id="EN2002c.sync.605" channel="1" transcriber_start="1350.774" transcriber_end="1359.136">
      <nite:child href="EN2002c.B.words.xml#id(EN2002c.B.words2340)..id(EN2002c.B.words2368)"/>
   </segment>
   <segment nite:id="EN2002c.sync.607" channel="1" transcriber_start="1360.976" transcriber_end="1361.877">
      <nite:child href="EN2002c.B.words.xml#id(EN2002c.B.words2369)"/>
   </segment>
   <segment nite:id="EN2002c.sync.609" channel="1" transcriber_start="1364.288" transcriber_end="1365.618">
      <nite:child href="EN2002c.B.words.xml#id(EN2002c.B.words2370)..id(EN2002c.B.words2377)"/>
   </segment>
   <segment nite:id="EN2002c.sync.611" channel="1" transcriber_start="1379.28" transcriber_end="1387.686">
      <nite:child href="EN2002c.B.words.xml#id(EN2002c.B.words2378)..id(EN2002c.B.words2400)"/>
   </segment>
   <segment nite:id="EN2002c.sync.613" channel="1" transcriber_start="1390.536" transcriber_end="1395.239">
      <nite:child href="EN2002c.B.words.xml#id(EN2002c.B.words2401)..id(EN2002c.B.words2419)"/>
   </segment>
   <segment nite:id="EN2002c.sync.615" channel="1" transcriber_start="1402.357" transcriber_end="1408.02">
      <nite:child href="EN2002c.B.words.xml#id(EN2002c.B.words2420)..id(EN2002c.B.words2436)"/>
   </segment>
   <segment nite:id="EN2002c.sync.617" channel="1" transcriber_start="1430.672" transcriber_end="1433.215">
      <nite:child href="EN2002c.B.words.xml#id(EN2002c.B.words2437)..id(EN2002c.B.words2448)"/>
   </segment>
   <segment nite:id="EN2002c.sync.619" channel="1" transcriber_start="1435.036" transcriber_end="1469.385">
      <nite:child href="EN2002c.B.words.xml#id(EN2002c.B.words2449)..id(EN2002c.B.words2561)"/>
   </segment>
   <segment nite:id="EN2002c.sync.621" channel="1" transcriber_start="1472.986" transcriber_end="1485.53">
      <nite:child href="EN2002c.B.words.xml#id(EN2002c.B.words2562)..id(EN2002c.B.words2615)"/>
   </segment>
   <segment nite:id="EN2002c.sync.623" channel="1" transcriber_start="1487.408" transcriber_end="1488.108">
      <nite:child href="EN2002c.B.words.xml#id(EN2002c.B.words2616)..id(EN2002c.B.words2619)"/>
   </segment>
   <segment nite:id="EN2002c.sync.625" channel="1" transcriber_start="1489.602" transcriber_end="1501.92">
      <nite:child href="EN2002c.B.words.xml#id(EN2002c.B.words2620)..id(EN2002c.B.words2654)"/>
   </segment>
   <segment nite:id="EN2002c.sync.627" channel="1" transcriber_start="1504.272" transcriber_end="1508.48">
      <nite:child href="EN2002c.B.words.xml#id(EN2002c.B.words2655)..id(EN2002c.B.words2683)"/>
   </segment>
   <segment nite:id="EN2002c.sync.629" channel="1" transcriber_start="1520.288" transcriber_end="1520.704">
      <nite:child href="EN2002c.B.words.xml#id(EN2002c.B.words2684)..id(EN2002c.B.words2685)"/>
   </segment>
   <segment nite:id="EN2002c.sync.631" channel="1" transcriber_start="1524.8" transcriber_end="1525.251">
      <nite:child href="EN2002c.B.words.xml#id(EN2002c.B.words2686)..id(EN2002c.B.words2687)"/>
   </segment>
   <segment nite:id="EN2002c.sync.633" channel="1" transcriber_start="1526.576" transcriber_end="1540.511">
      <nite:child href="EN2002c.B.words.xml#id(EN2002c.B.words2688)..id(EN2002c.B.words2761)"/>
   </segment>
   <segment nite:id="EN2002c.sync.635" channel="1" transcriber_start="1542.005" transcriber_end="1543.264">
      <nite:child href="EN2002c.B.words.xml#id(EN2002c.B.words2762)..id(EN2002c.B.words2771)"/>
   </segment>
   <segment nite:id="EN2002c.sync.637" channel="1" transcriber_start="1553.136" transcriber_end="1576.304">
      <nite:child href="EN2002c.B.words.xml#id(EN2002c.B.words2772)..id(EN2002c.B.words2834)"/>
   </segment>
   <segment nite:id="EN2002c.sync.639" channel="1" transcriber_start="1579.712" transcriber_end="1583.712">
      <nite:child href="EN2002c.B.words.xml#id(EN2002c.B.words2835)..id(EN2002c.B.words2853)"/>
   </segment>
   <segment nite:id="EN2002c.sync.641" channel="1" transcriber_start="1587.119" transcriber_end="1594.945">
      <nite:child href="EN2002c.B.words.xml#id(EN2002c.B.words2854)..id(EN2002c.B.words2884)"/>
   </segment>
   <segment nite:id="EN2002c.sync.643" channel="1" transcriber_start="1602.608" transcriber_end="1606.112">
      <nite:child href="EN2002c.B.words.xml#id(EN2002c.B.words2885)..id(EN2002c.B.words2900)"/>
   </segment>
   <segment nite:id="EN2002c.sync.645" channel="1" transcriber_start="1610.607" transcriber_end="1618.267">
      <nite:child href="EN2002c.B.words.xml#id(EN2002c.B.words2901)..id(EN2002c.B.words2944)"/>
   </segment>
   <segment nite:id="EN2002c.sync.647" channel="1" transcriber_start="1620.096" transcriber_end="1620.612">
      <nite:child href="EN2002c.B.words.xml#id(EN2002c.B.words2945)..id(EN2002c.B.words2946)"/>
   </segment>
   <segment nite:id="EN2002c.sync.649" channel="1" transcriber_start="1622.283" transcriber_end="1627.136">
      <nite:child href="EN2002c.B.words.xml#id(EN2002c.B.words2947)..id(EN2002c.B.words2953)"/>
   </segment>
   <segment nite:id="EN2002c.sync.651" channel="1" transcriber_start="1629.744" transcriber_end="1633.92">
      <nite:child href="EN2002c.B.words.xml#id(EN2002c.B.words2954)..id(EN2002c.B.words2979)"/>
   </segment>
   <segment nite:id="EN2002c.sync.653" channel="1" transcriber_start="1635.566" transcriber_end="1637.904">
      <nite:child href="EN2002c.B.words.xml#id(EN2002c.B.words2980)..id(EN2002c.B.words2993)"/>
   </segment>
   <segment nite:id="EN2002c.sync.655" channel="1" transcriber_start="1646.712" transcriber_end="1652.89">
      <nite:child href="EN2002c.B.words.xml#id(EN2002c.B.words2994)..id(EN2002c.B.words3030)"/>
   </segment>
   <segment nite:id="EN2002c.sync.657" channel="1" transcriber_start="1662.279" transcriber_end="1667.568">
      <nite:child href="EN2002c.B.words.xml#id(EN2002c.B.words3031)..id(EN2002c.B.words3054)"/>
   </segment>
   <segment nite:id="EN2002c.sync.659" channel="1" transcriber_start="1679.568" transcriber_end="1682.58">
      <nite:child href="EN2002c.B.words.xml#id(EN2002c.B.words3055)..id(EN2002c.B.words3063)"/>
   </segment>
   <segment nite:id="EN2002c.sync.661" channel="1" transcriber_start="1684.16" transcriber_end="1685.376">
      <nite:child href="EN2002c.B.words.xml#id(EN2002c.B.words3064)..id(EN2002c.B.words3068)"/>
   </segment>
   <segment nite:id="EN2002c.sync.663" channel="1" transcriber_start="1693.008" transcriber_end="1701.14">
      <nite:child href="EN2002c.B.words.xml#id(EN2002c.B.words3069)..id(EN2002c.B.words3089)"/>
   </segment>
   <segment nite:id="EN2002c.sync.665" channel="1" transcriber_start="1702.969" transcriber_end="1711.904">
      <nite:child href="EN2002c.B.words.xml#id(EN2002c.B.words3090)..id(EN2002c.B.words3125)"/>
   </segment>
   <segment nite:id="EN2002c.sync.667" channel="1" transcriber_start="1713.997" transcriber_end="1717.1">
      <nite:child href="EN2002c.B.words.xml#id(EN2002c.B.words3126)..id(EN2002c.B.words3140)"/>
   </segment>
   <segment nite:id="EN2002c.sync.669" channel="1" transcriber_start="1720.384" transcriber_end="1722.928">
      <nite:child href="EN2002c.B.words.xml#id(EN2002c.B.words3141)..id(EN2002c.B.words3153)"/>
   </segment>
   <segment nite:id="EN2002c.sync.671" channel="1" transcriber_start="1728.368" transcriber_end="1729.85">
      <nite:child href="EN2002c.B.words.xml#id(EN2002c.B.words3154)..id(EN2002c.B.words3157)"/>
   </segment>
   <segment nite:id="EN2002c.sync.673" channel="1" transcriber_start="1732.169" transcriber_end="1747.776">
      <nite:child href="EN2002c.B.words.xml#id(EN2002c.B.words3158)..id(EN2002c.B.words3214)"/>
   </segment>
   <segment nite:id="EN2002c.sync.675" channel="1" transcriber_start="1749.424" transcriber_end="1752.347">
      <nite:child href="EN2002c.B.words.xml#id(EN2002c.B.words3215)..id(EN2002c.B.words3229)"/>
   </segment>
   <segment nite:id="EN2002c.sync.677" channel="1" transcriber_start="1754.044" transcriber_end="1766.081">
      <nite:child href="EN2002c.B.words.xml#id(EN2002c.B.words3230)..id(EN2002c.B.words3285)"/>
   </segment>
   <segment nite:id="EN2002c.sync.679" channel="1" transcriber_start="1774.806" transcriber_end="1780.755">
      <nite:child href="EN2002c.B.words.xml#id(EN2002c.B.words3286)..id(EN2002c.B.words3304)"/>
   </segment>
   <segment nite:id="EN2002c.sync.681" channel="1" transcriber_start="1788.439" transcriber_end="1821.238">
      <nite:child href="EN2002c.B.words.xml#id(EN2002c.B.words3305)..id(EN2002c.B.words3426)"/>
   </segment>
   <segment nite:id="EN2002c.sync.683" channel="1" transcriber_start="1824.14" transcriber_end="1828.925">
      <nite:child href="EN2002c.B.words.xml#id(EN2002c.B.words3427)..id(EN2002c.B.words3438)"/>
   </segment>
   <segment nite:id="EN2002c.sync.685" channel="1" transcriber_start="1830.976" transcriber_end="1834.383">
      <nite:child href="EN2002c.B.words.xml#id(EN2002c.B.words3439)..id(EN2002c.B.words3442)"/>
   </segment>
   <segment nite:id="EN2002c.sync.687" channel="1" transcriber_start="1845.456" transcriber_end="1848.033">
      <nite:child href="EN2002c.B.words.xml#id(EN2002c.B.words3443)..id(EN2002c.B.words3445)"/>
   </segment>
   <segment nite:id="EN2002c.sync.689" channel="1" transcriber_start="1876.246" transcriber_end="1879.424">
      <nite:child href="EN2002c.B.words.xml#id(EN2002c.B.words3446)..id(EN2002c.B.words3458)"/>
   </segment>
   <segment nite:id="EN2002c.sync.691" channel="1" transcriber_start="1886.848" transcriber_end="1888.859">
      <nite:child href="EN2002c.B.words.xml#id(EN2002c.B.words3459)..id(EN2002c.B.words3473)"/>
   </segment>
   <segment nite:id="EN2002c.sync.693" channel="1" transcriber_start="1978.784" transcriber_end="1982.875">
      <nite:child href="EN2002c.B.words.xml#id(EN2002c.B.words3474)..id(EN2002c.B.words3493)"/>
   </segment>
   <segment nite:id="EN2002c.sync.695" channel="1" transcriber_start="1987.872" transcriber_end="1994.516">
      <nite:child href="EN2002c.B.words.xml#id(EN2002c.B.words3494)..id(EN2002c.B.words3508)"/>
   </segment>
   <segment nite:id="EN2002c.sync.697" channel="1" transcriber_start="1997.2" transcriber_end="2001.85">
      <nite:child href="EN2002c.B.words.xml#id(EN2002c.B.words3509)..id(EN2002c.B.words3522)"/>
   </segment>
   <segment nite:id="EN2002c.sync.699" channel="1" transcriber_start="2003.366" transcriber_end="2006.169">
      <nite:child href="EN2002c.B.words.xml#id(EN2002c.B.words3523)"/>
   </segment>
   <segment nite:id="EN2002c.sync.701" channel="1" transcriber_start="2014.864" transcriber_end="2015.664">
      <nite:child href="EN2002c.B.words.xml#id(EN2002c.B.words3524)..id(EN2002c.B.words3527)"/>
   </segment>
   <segment nite:id="EN2002c.sync.703" channel="1" transcriber_start="2043.696" transcriber_end="2046.616">
      <nite:child href="EN2002c.B.words.xml#id(EN2002c.B.words3528)..id(EN2002c.B.words3530)"/>
   </segment>
   <segment nite:id="EN2002c.sync.705" channel="1" transcriber_start="2047.984" transcriber_end="2049.917">
      <nite:child href="EN2002c.B.words.xml#id(EN2002c.B.words3531)..id(EN2002c.B.words3543)"/>
   </segment>
   <segment nite:id="EN2002c.sync.707" channel="1" transcriber_start="2057.056" transcriber_end="2060.092">
      <nite:child href="EN2002c.B.words.xml#id(EN2002c.B.words3544)..id(EN2002c.B.words3552)"/>
   </segment>
   <segment nite:id="EN2002c.sync.709" channel="1" transcriber_start="2071.953" transcriber_end="2072.427">
      <nite:child href="EN2002c.B.words.xml#id(EN2002c.B.words3553)..id(EN2002c.B.words3554)"/>
   </segment>
   <segment nite:id="EN2002c.sync.711" channel="1" transcriber_start="2074.544" transcriber_end="2076.704">
      <nite:child href="EN2002c.B.words.xml#id(EN2002c.B.words3555)..id(EN2002c.B.words3560)"/>
   </segment>
   <segment nite:id="EN2002c.sync.713" channel="1" transcriber_start="2080.944" transcriber_end="2098.565">
      <nite:child href="EN2002c.B.words.xml#id(EN2002c.B.words3561)..id(EN2002c.B.words3639)"/>
   </segment>
   <segment nite:id="EN2002c.sync.715" channel="1" transcriber_start="2100.9" transcriber_end="2101.424">
      <nite:child href="EN2002c.B.words.xml#id(EN2002c.B.words3640)..id(EN2002c.B.words3641)"/>
   </segment>
   <segment nite:id="EN2002c.sync.717" channel="1" transcriber_start="2109.568" transcriber_end="2118.058">
      <nite:child href="EN2002c.B.words.xml#id(EN2002c.B.words3642)..id(EN2002c.B.words3679)"/>
   </segment>
   <segment nite:id="EN2002c.sync.719" channel="1" transcriber_start="2121.2" transcriber_end="2155.44">
      <nite:child href="EN2002c.B.words.xml#id(EN2002c.B.words3680)..id(EN2002c.B.words3815)"/>
   </segment>
   <segment nite:id="EN2002c.sync.721" channel="1" transcriber_start="2157.024" transcriber_end="2160.618">
      <nite:child href="EN2002c.B.words.xml#id(EN2002c.B.words3816)..id(EN2002c.B.words3827)"/>
   </segment>
   <segment nite:id="EN2002c.sync.723" channel="1" transcriber_start="2168.052" transcriber_end="2169.79">
      <nite:child href="EN2002c.B.words.xml#id(EN2002c.B.words3828)..id(EN2002c.B.words3833)"/>
   </segment>
   <segment nite:id="EN2002c.sync.725" channel="1" transcriber_start="2173.424" transcriber_end="2176.662">
      <nite:child href="EN2002c.B.words.xml#id(EN2002c.B.words3834)..id(EN2002c.B.words3845)"/>
   </segment>
   <segment nite:id="EN2002c.sync.727" channel="1" transcriber_start="2178.28" transcriber_end="2179.535">
      <nite:child href="EN2002c.B.words.xml#id(EN2002c.B.words3846)..id(EN2002c.B.words3851)"/>
   </segment>
   <segment nite:id="EN2002c.sync.729" channel="1" transcriber_start="2184.331" transcriber_end="2185.271">
      <nite:child href="EN2002c.B.words.xml#id(EN2002c.B.words3852)..id(EN2002c.B.words3856)"/>
   </segment>
   <segment nite:id="EN2002c.sync.731" channel="1" transcriber_start="2190.734" transcriber_end="2191.49">
      <nite:child href="EN2002c.B.words.xml#id(EN2002c.B.words3857)..id(EN2002c.B.words3861)"/>
   </segment>
   <segment nite:id="EN2002c.sync.733" channel="1" transcriber_start="2197.312" transcriber_end="2216.374">
      <nite:child href="EN2002c.B.words.xml#id(EN2002c.B.words3862)..id(EN2002c.B.words3956)"/>
   </segment>
   <segment nite:id="EN2002c.sync.735" channel="1" transcriber_start="2224.224" transcriber_end="2224.697">
      <nite:child href="EN2002c.B.words.xml#id(EN2002c.B.words3957)..id(EN2002c.B.words3958)"/>
   </segment>
   <segment nite:id="EN2002c.sync.737" channel="1" transcriber_start="2233.68" transcriber_end="2240.874">
      <nite:child href="EN2002c.B.words.xml#id(EN2002c.B.words3959)..id(EN2002c.B.words3975)"/>
   </segment>
   <segment nite:id="EN2002c.sync.739" channel="1" transcriber_start="2242.0" transcriber_end="2243.104">
      <nite:child href="EN2002c.B.words.xml#id(EN2002c.B.words3976)..id(EN2002c.B.words3979)"/>
   </segment>
   <segment nite:id="EN2002c.sync.741" channel="1" transcriber_start="2248.736" transcriber_end="2252.731">
      <nite:child href="EN2002c.B.words.xml#id(EN2002c.B.words3980)..id(EN2002c.B.words3999)"/>
   </segment>
   <segment nite:id="EN2002c.sync.743" channel="1" transcriber_start="2258.288" transcriber_end="2264.606">
      <nite:child href="EN2002c.B.words.xml#id(EN2002c.B.words4000)..id(EN2002c.B.words4018)"/>
   </segment>
   <segment nite:id="EN2002c.sync.745" channel="1" transcriber_start="2270.669" transcriber_end="2295.987">
      <nite:child href="EN2002c.B.words.xml#id(EN2002c.B.words4019)..id(EN2002c.B.words4131)"/>
   </segment>
   <segment nite:id="EN2002c.sync.747" channel="1" transcriber_start="2301.136" transcriber_end="2308.289">
      <nite:child href="EN2002c.B.words.xml#id(EN2002c.B.words4132)..id(EN2002c.B.words4164)"/>
   </segment>
   <segment nite:id="EN2002c.sync.749" channel="1" transcriber_start="2323.872" transcriber_end="2326.224">
      <nite:child href="EN2002c.B.words.xml#id(EN2002c.B.words4165)..id(EN2002c.B.words4173)"/>
   </segment>
   <segment nite:id="EN2002c.sync.751" channel="1" transcriber_start="2328.416" transcriber_end="2332.941">
      <nite:child href="EN2002c.B.words.xml#id(EN2002c.B.words4174)..id(EN2002c.B.words4192)"/>
   </segment>
   <segment nite:id="EN2002c.sync.753" channel="1" transcriber_start="2334.624" transcriber_end="2335.152">
      <nite:child href="EN2002c.B.words.xml#id(EN2002c.B.words4193)..id(EN2002c.B.words4195)"/>
   </segment>
   <segment nite:id="EN2002c.sync.755" channel="1" transcriber_start="2337.159" transcriber_end="2343.142">
      <nite:child href="EN2002c.B.words.xml#id(EN2002c.B.words4196)..id(EN2002c.B.words4212)"/>
   </segment>
   <segment nite:id="EN2002c.sync.757" channel="1" transcriber_start="2345.312" transcriber_end="2349.646">
      <nite:child href="EN2002c.B.words.xml#id(EN2002c.B.words4213)..id(EN2002c.B.words4227)"/>
   </segment>
   <segment nite:id="EN2002c.sync.759" channel="1" transcriber_start="2351.633" transcriber_end="2361.17">
      <nite:child href="EN2002c.B.words.xml#id(EN2002c.B.words4228)..id(EN2002c.B.words4269)"/>
   </segment>
   <segment nite:id="EN2002c.sync.761" channel="1" transcriber_start="2363.514" transcriber_end="2381.03">
      <nite:child href="EN2002c.B.words.xml#id(EN2002c.B.words4270)..id(EN2002c.B.words4344)"/>
   </segment>
   <segment nite:id="EN2002c.sync.763" channel="1" transcriber_start="2383.696" transcriber_end="2412.16">
      <nite:child href="EN2002c.B.words.xml#id(EN2002c.B.words4345)..id(EN2002c.B.words4406)"/>
   </segment>
   <segment nite:id="EN2002c.sync.765" channel="1" transcriber_start="2427.584" transcriber_end="2428.783">
      <nite:child href="EN2002c.B.words.xml#id(EN2002c.B.words4407)..id(EN2002c.B.words4413)"/>
   </segment>
   <segment nite:id="EN2002c.sync.767" channel="1" transcriber_start="2436.896" transcriber_end="2438.162">
      <nite:child href="EN2002c.B.words.xml#id(EN2002c.B.words4414)..id(EN2002c.B.words4423)"/>
   </segment>
   <segment nite:id="EN2002c.sync.769" channel="1" transcriber_start="2449.008" transcriber_end="2450.288">
      <nite:child href="EN2002c.B.words.xml#id(EN2002c.B.words4424)..id(EN2002c.B.words4430)"/>
   </segment>
   <segment nite:id="EN2002c.sync.771" channel="1" transcriber_start="2461.655" transcriber_end="2463.74">
      <nite:child href="EN2002c.B.words.xml#id(EN2002c.B.words4431)..id(EN2002c.B.words4437)"/>
   </segment>
   <segment nite:id="EN2002c.sync.773" channel="1" transcriber_start="2469.6" transcriber_end="2471.639">
      <nite:child href="EN2002c.B.words.xml#id(EN2002c.B.words4438)..id(EN2002c.B.words4447)"/>
   </segment>
   <segment nite:id="EN2002c.sync.775" channel="1" transcriber_start="2474.56" transcriber_end="2477.472">
      <nite:child href="EN2002c.B.words.xml#id(EN2002c.B.words4448)..id(EN2002c.B.words4460)"/>
   </segment>
   <segment nite:id="EN2002c.sync.777" channel="1" transcriber_start="2481.296" transcriber_end="2482.789">
      <nite:child href="EN2002c.B.words.xml#id(EN2002c.B.words4461)..id(EN2002c.B.words4464)"/>
   </segment>
   <segment nite:id="EN2002c.sync.779" channel="1" transcriber_start="2484.896" transcriber_end="2487.984">
      <nite:child href="EN2002c.B.words.xml#id(EN2002c.B.words4465)..id(EN2002c.B.words4468)"/>
   </segment>
   <segment nite:id="EN2002c.sync.781" channel="1" transcriber_start="2489.248" transcriber_end="2490.0">
      <nite:child href="EN2002c.B.words.xml#id(EN2002c.B.words4469)..id(EN2002c.B.words4471)"/>
   </segment>
   <segment nite:id="EN2002c.sync.783" channel="1" transcriber_start="2491.456" transcriber_end="2495.504">
      <nite:child href="EN2002c.B.words.xml#id(EN2002c.B.words4472)..id(EN2002c.B.words4490)"/>
   </segment>
   <segment nite:id="EN2002c.sync.785" channel="1" transcriber_start="2504.512" transcriber_end="2508.33">
      <nite:child href="EN2002c.B.words.xml#id(EN2002c.B.words4491)..id(EN2002c.B.words4510)"/>
   </segment>
   <segment nite:id="EN2002c.sync.787" channel="1" transcriber_start="2524.368" transcriber_end="2526.283">
      <nite:child href="EN2002c.B.words.xml#id(EN2002c.B.words4511)..id(EN2002c.B.words4527)"/>
   </segment>
   <segment nite:id="EN2002c.sync.789" channel="1" transcriber_start="2527.856" transcriber_end="2529.072">
      <nite:child href="EN2002c.B.words.xml#id(EN2002c.B.words4528)..id(EN2002c.B.words4534)"/>
   </segment>
   <segment nite:id="EN2002c.sync.791" channel="1" transcriber_start="2532.16" transcriber_end="2543.595">
      <nite:child href="EN2002c.B.words.xml#id(EN2002c.B.words4535)..id(EN2002c.B.words4586)"/>
   </segment>
   <segment nite:id="EN2002c.sync.793" channel="1" transcriber_start="2549.74" transcriber_end="2566.62">
      <nite:child href="EN2002c.B.words.xml#id(EN2002c.B.words4587)..id(EN2002c.B.words4652)"/>
   </segment>
   <segment nite:id="EN2002c.sync.795" channel="1" transcriber_start="2568.799" transcriber_end="2572.976">
      <nite:child href="EN2002c.B.words.xml#id(EN2002c.B.words4653)..id(EN2002c.B.words4667)"/>
   </segment>
   <segment nite:id="EN2002c.sync.797" channel="1" transcriber_start="2578.784" transcriber_end="2579.108">
      <nite:child href="EN2002c.B.words.xml#id(EN2002c.B.words4668)..id(EN2002c.B.words4669)"/>
   </segment>
   <segment nite:id="EN2002c.sync.799" channel="1" transcriber_start="2586.08" transcriber_end="2586.544">
      <nite:child href="EN2002c.B.words.xml#id(EN2002c.B.words4670)..id(EN2002c.B.words4671)"/>
   </segment>
   <segment nite:id="EN2002c.sync.801" channel="1" transcriber_start="2608.086" transcriber_end="2608.693">
      <nite:child href="EN2002c.B.words.xml#id(EN2002c.B.words4672)..id(EN2002c.B.words4673)"/>
   </segment>
   <segment nite:id="EN2002c.sync.803" channel="1" transcriber_start="2684.006" transcriber_end="2694.325">
      <nite:child href="EN2002c.B.words.xml#id(EN2002c.B.words4674)..id(EN2002c.B.words4715)"/>
   </segment>
   <segment nite:id="EN2002c.sync.805" channel="1" transcriber_start="2697.202" transcriber_end="2709.798">
      <nite:child href="EN2002c.B.words.xml#id(EN2002c.B.words4716)..id(EN2002c.B.words4763)"/>
   </segment>
   <segment nite:id="EN2002c.sync.807" channel="1" transcriber_start="2712.048" transcriber_end="2719.217">
      <nite:child href="EN2002c.B.words.xml#id(EN2002c.B.words4764)..id(EN2002c.B.words4800)"/>
   </segment>
   <segment nite:id="EN2002c.sync.809" channel="1" transcriber_start="2721.246" transcriber_end="2724.298">
      <nite:child href="EN2002c.B.words.xml#id(EN2002c.B.words4801)..id(EN2002c.B.words4812)"/>
   </segment>
   <segment nite:id="EN2002c.sync.811" channel="1" transcriber_start="2729.769" transcriber_end="2731.025">
      <nite:child href="EN2002c.B.words.xml#id(EN2002c.B.words4813)..id(EN2002c.B.words4823)"/>
   </segment>
   <segment nite:id="EN2002c.sync.813" channel="1" transcriber_start="2742.832" transcriber_end="2750.168">
      <nite:child href="EN2002c.B.words.xml#id(EN2002c.B.words4824)..id(EN2002c.B.words4867)"/>
   </segment>
   <segment nite:id="EN2002c.sync.815" channel="1" transcriber_start="2762.8" transcriber_end="2780.881">
      <nite:child href="EN2002c.B.words.xml#id(EN2002c.B.words4868)..id(EN2002c.B.words4934)"/>
   </segment>
   <segment nite:id="EN2002c.sync.817" channel="1" transcriber_start="2791.216" transcriber_end="2808.016">
      <nite:child href="EN2002c.B.words.xml#id(EN2002c.B.words4935)..id(EN2002c.B.words5008)"/>
   </segment>
   <segment nite:id="EN2002c.sync.819" channel="1" transcriber_start="2810.672" transcriber_end="2816.942">
      <nite:child href="EN2002c.B.words.xml#id(EN2002c.B.words5009)..id(EN2002c.B.words5027)"/>
   </segment>
   <segment nite:id="EN2002c.sync.821" channel="1" transcriber_start="2819.888" transcriber_end="2831.968">
      <nite:child href="EN2002c.B.words.xml#id(EN2002c.B.words5028)..id(EN2002c.B.words5090)"/>
   </segment>
   <segment nite:id="EN2002c.sync.823" channel="1" transcriber_start="2834.256" transcriber_end="2836.697">
      <nite:child href="EN2002c.B.words.xml#id(EN2002c.B.words5091)..id(EN2002c.B.words5104)"/>
   </segment>
   <segment nite:id="EN2002c.sync.825" channel="1" transcriber_start="2845.76" transcriber_end="2846.24">
      <nite:child href="EN2002c.B.words.xml#id(EN2002c.B.words5105)..id(EN2002c.B.words5106)"/>
   </segment>
   <segment nite:id="EN2002c.sync.827" channel="1" transcriber_start="2847.776" transcriber_end="2848.176">
      <nite:child href="EN2002c.B.words.xml#id(EN2002c.B.words5107)..id(EN2002c.B.words5108)"/>
   </segment>
   <segment nite:id="EN2002c.sync.829" channel="1" transcriber_start="2866.736" transcriber_end="2867.296">
      <nite:child href="EN2002c.B.words.xml#id(EN2002c.B.words5109)..id(EN2002c.B.words5110)"/>
   </segment>
   <segment nite:id="EN2002c.sync.831" channel="1" transcriber_start="2874.816" transcriber_end="2875.395">
      <nite:child href="EN2002c.B.words.xml#id(EN2002c.B.words5111)..id(EN2002c.B.words5115)"/>
   </segment>
   <segment nite:id="EN2002c.sync.833" channel="1" transcriber_start="2877.246" transcriber_end="2882.224">
      <nite:child href="EN2002c.B.words.xml#id(EN2002c.B.words5116)..id(EN2002c.B.words5127)"/>
   </segment>
</nite:root>