<?xml version="1.0" encoding="ISO-8859-1" standalone="yes"?>
<nite:root nite:id="EN2002c.A.segs" xmlns:nite="http://nite.sourceforge.net/">
   <segment nite:id="EN2002c.sync.4" channel="0" transcriber_start="21.344" transcriber_end="23.004">
      <nite:child href="EN2002c.A.words.xml#id(EN2002c.A.words0)"/>
   </segment>
   <segment nite:id="EN2002c.sync.6" channel="0" transcriber_start="49.92" transcriber_end="50.819">
      <nite:child href="EN2002c.A.words.xml#id(EN2002c.A.words1)"/>
   </segment>
   <segment nite:id="EN2002c.sync.8" channel="0" transcriber_start="53.232" transcriber_end="56.634">
      <nite:child href="EN2002c.A.words.xml#id(EN2002c.A.words2)..id(EN2002c.A.words14)"/>
   </segment>
   <segment nite:id="EN2002c.sync.10" channel="0" transcriber_start="58.736" transcriber_end="59.68">
      <nite:child href="EN2002c.A.words.xml#id(EN2002c.A.words15)"/>
   </segment>
   <segment nite:id="EN2002c.sync.12" channel="0" transcriber_start="63.862" transcriber_end="64.793">
      <nite:child href="EN2002c.A.words.xml#id(EN2002c.A.words16)"/>
   </segment>
   <segment nite:id="EN2002c.sync.14" channel="0" transcriber_start="67.534" transcriber_end="68.008">
      <nite:child href="EN2002c.A.words.xml#id(EN2002c.A.words17)..id(EN2002c.A.words18)"/>
   </segment>
   <segment nite:id="EN2002c.sync.16" channel="0" transcriber_start="97.459" transcriber_end="99.44">
      <nite:child href="EN2002c.A.words.xml#id(EN2002c.A.words19)..id(EN2002c.A.words21)"/>
   </segment>
   <segment nite:id="EN2002c.sync.18" channel="0" transcriber_start="105.699" transcriber_end="105.922">
      <nite:child href="EN2002c.A.words.xml#id(EN2002c.A.words22)"/>
   </segment>
   <segment nite:id="EN2002c.sync.20" channel="0" transcriber_start="107.115" transcriber_end="107.711">
      <nite:child href="EN2002c.A.words.xml#id(EN2002c.A.words23)..id(EN2002c.A.words25)"/>
   </segment>
   <segment nite:id="EN2002c.sync.22" channel="0" transcriber_start="120.56" transcriber_end="120.768">
      <nite:child href="EN2002c.A.words.xml#id(EN2002c.A.words26)"/>
   </segment>
   <segment nite:id="EN2002c.sync.24" channel="0" transcriber_start="124.928" transcriber_end="148.569">
      <nite:child href="EN2002c.A.words.xml#id(EN2002c.A.words27)..id(EN2002c.A.words94)"/>
   </segment>
   <segment nite:id="EN2002c.sync.26" channel="0" transcriber_start="151.024" transcriber_end="152.0">
      <nite:child href="EN2002c.A.words.xml#id(EN2002c.A.words95)..id(EN2002c.A.words96)"/>
   </segment>
   <segment nite:id="EN2002c.sync.28" channel="0" transcriber_start="155.324" transcriber_end="157.413">
      <nite:child href="EN2002c.A.words.xml#id(EN2002c.A.words97)..id(EN2002c.A.words108)"/>
   </segment>
   <segment nite:id="EN2002c.sync.30" channel="0" transcriber_start="166.29" transcriber_end="168.136">
      <nite:child href="EN2002c.A.words.xml#id(EN2002c.A.words109)..id(EN2002c.A.words114)"/>
   </segment>
   <segment nite:id="EN2002c.sync.32" channel="0" transcriber_start="175.004" transcriber_end="175.776">
      <nite:child href="EN2002c.A.words.xml#id(EN2002c.A.words115)"/>
   </segment>
   <segment nite:id="EN2002c.sync.34" channel="0" transcriber_start="182.451" transcriber_end="188.762">
      <nite:child href="EN2002c.A.words.xml#id(EN2002c.A.words116)..id(EN2002c.A.words141)"/>
   </segment>
   <segment nite:id="EN2002c.sync.36" channel="0" transcriber_start="190.459" transcriber_end="190.991">
      <nite:child href="EN2002c.A.words.xml#id(EN2002c.A.words142)..id(EN2002c.A.words145)"/>
   </segment>
   <segment nite:id="EN2002c.sync.38" channel="0" transcriber_start="216.848" transcriber_end="218.752">
      <nite:child href="EN2002c.A.words.xml#id(EN2002c.A.words146)..id(EN2002c.A.words151)"/>
   </segment>
   <segment nite:id="EN2002c.sync.40" channel="0" transcriber_start="229.872" transcriber_end="232.754">
      <nite:child href="EN2002c.A.words.xml#id(EN2002c.A.words152)..id(EN2002c.A.words168)"/>
   </segment>
   <segment nite:id="EN2002c.sync.42" channel="0" transcriber_start="235.052" transcriber_end="240.547">
      <nite:child href="EN2002c.A.words.xml#id(EN2002c.A.words169)..id(EN2002c.A.words191)"/>
   </segment>
   <segment nite:id="EN2002c.sync.44" channel="0" transcriber_start="244.864" transcriber_end="245.524">
      <nite:child href="EN2002c.A.words.xml#id(EN2002c.A.words192)..id(EN2002c.A.words193)"/>
   </segment>
   <segment nite:id="EN2002c.sync.46" channel="0" transcriber_start="264.523" transcriber_end="267.408">
      <nite:child href="EN2002c.A.words.xml#id(EN2002c.A.words194)..id(EN2002c.A.words201)"/>
   </segment>
   <segment nite:id="EN2002c.sync.48" channel="0" transcriber_start="269.038" transcriber_end="270.144">
      <nite:child href="EN2002c.A.words.xml#id(EN2002c.A.words202)..id(EN2002c.A.words204)"/>
   </segment>
   <segment nite:id="EN2002c.sync.50" channel="0" transcriber_start="316.187" transcriber_end="317.04">
      <nite:child href="EN2002c.A.words.xml#id(EN2002c.A.words205)..id(EN2002c.A.words208)"/>
   </segment>
   <segment nite:id="EN2002c.sync.52" channel="0" transcriber_start="338.398" transcriber_end="344.009">
      <nite:child href="EN2002c.A.words.xml#id(EN2002c.A.words209)..id(EN2002c.A.words227)"/>
   </segment>
   <segment nite:id="EN2002c.sync.54" channel="0" transcriber_start="345.408" transcriber_end="346.063">
      <nite:child href="EN2002c.A.words.xml#id(EN2002c.A.words228)..id(EN2002c.A.words229)"/>
   </segment>
   <segment nite:id="EN2002c.sync.56" channel="0" transcriber_start="348.526" transcriber_end="357.104">
      <nite:child href="EN2002c.A.words.xml#id(EN2002c.A.words230)..id(EN2002c.A.words244)"/>
   </segment>
   <segment nite:id="EN2002c.sync.58" channel="0" transcriber_start="368.42" transcriber_end="370.906">
      <nite:child href="EN2002c.A.words.xml#id(EN2002c.A.words245)..id(EN2002c.A.words257)"/>
   </segment>
   <segment nite:id="EN2002c.sync.60" channel="0" transcriber_start="373.331" transcriber_end="375.643">
      <nite:child href="EN2002c.A.words.xml#id(EN2002c.A.words258)..id(EN2002c.A.words263)"/>
   </segment>
   <segment nite:id="EN2002c.sync.62" channel="0" transcriber_start="381.44" transcriber_end="381.977">
      <nite:child href="EN2002c.A.words.xml#id(EN2002c.A.words264)..id(EN2002c.A.words267)"/>
   </segment>
   <segment nite:id="EN2002c.sync.64" channel="0" transcriber_start="391.149" transcriber_end="397.912">
      <nite:child href="EN2002c.A.words.xml#id(EN2002c.A.words268)..id(EN2002c.A.words269)"/>
   </segment>
   <segment nite:id="EN2002c.sync.66" channel="0" transcriber_start="420.96" transcriber_end="427.619">
      <nite:child href="EN2002c.A.words.xml#id(EN2002c.A.words270)..id(EN2002c.A.words289)"/>
   </segment>
   <segment nite:id="EN2002c.sync.68" channel="0" transcriber_start="441.216" transcriber_end="441.644">
      <nite:child href="EN2002c.A.words.xml#id(EN2002c.A.words290)..id(EN2002c.A.words291)"/>
   </segment>
   <segment nite:id="EN2002c.sync.70" channel="0" transcriber_start="446.992" transcriber_end="447.588">
      <nite:child href="EN2002c.A.words.xml#id(EN2002c.A.words292)..id(EN2002c.A.words293)"/>
   </segment>
   <segment nite:id="EN2002c.sync.72" channel="0" transcriber_start="449.543" transcriber_end="471.72">
      <nite:child href="EN2002c.A.words.xml#id(EN2002c.A.words294)..id(EN2002c.A.words375)"/>
   </segment>
   <segment nite:id="EN2002c.sync.74" channel="0" transcriber_start="473.771" transcriber_end="474.069">
      <nite:child href="EN2002c.A.words.xml#id(EN2002c.A.words376)"/>
   </segment>
   <segment nite:id="EN2002c.sync.76" channel="0" transcriber_start="476.874" transcriber_end="480.092">
      <nite:child href="EN2002c.A.words.xml#id(EN2002c.A.words377)..id(EN2002c.A.words384)"/>
   </segment>
   <segment nite:id="EN2002c.sync.78" channel="0" transcriber_start="481.605" transcriber_end="486.745">
      <nite:child href="EN2002c.A.words.xml#id(EN2002c.A.words385)..id(EN2002c.A.words398)"/>
   </segment>
   <segment nite:id="EN2002c.sync.80" channel="0" transcriber_start="488.656" transcriber_end="490.08">
      <nite:child href="EN2002c.A.words.xml#id(EN2002c.A.words399)..id(EN2002c.A.words402)"/>
   </segment>
   <segment nite:id="EN2002c.sync.82" channel="0" transcriber_start="491.76" transcriber_end="492.435">
      <nite:child href="EN2002c.A.words.xml#id(EN2002c.A.words403)..id(EN2002c.A.words407)"/>
   </segment>
   <segment nite:id="EN2002c.sync.84" channel="0" transcriber_start="550.668" transcriber_end="558.456">
      <nite:child href="EN2002c.A.words.xml#id(EN2002c.A.words408)..id(EN2002c.A.words434)"/>
   </segment>
   <segment nite:id="EN2002c.sync.86" channel="0" transcriber_start="560.651" transcriber_end="561.283">
      <nite:child href="EN2002c.A.words.xml#id(EN2002c.A.words435)..id(EN2002c.A.words437)"/>
   </segment>
   <segment nite:id="EN2002c.sync.88" channel="0" transcriber_start="565.392" transcriber_end="566.117">
      <nite:child href="EN2002c.A.words.xml#id(EN2002c.A.words438)..id(EN2002c.A.words441)"/>
   </segment>
   <segment nite:id="EN2002c.sync.90" channel="0" transcriber_start="571.414" transcriber_end="571.886">
      <nite:child href="EN2002c.A.words.xml#id(EN2002c.A.words442)..id(EN2002c.A.words443)"/>
   </segment>
   <segment nite:id="EN2002c.sync.92" channel="0" transcriber_start="576.584" transcriber_end="588.106">
      <nite:child href="EN2002c.A.words.xml#id(EN2002c.A.words444)..id(EN2002c.A.words488)"/>
   </segment>
   <segment nite:id="EN2002c.sync.94" channel="0" transcriber_start="598.745" transcriber_end="599.136">
      <nite:child href="EN2002c.A.words.xml#id(EN2002c.A.words489)..id(EN2002c.A.words490)"/>
   </segment>
   <segment nite:id="EN2002c.sync.96" channel="0" transcriber_start="600.516" transcriber_end="600.907">
      <nite:child href="EN2002c.A.words.xml#id(EN2002c.A.words491)..id(EN2002c.A.words492)"/>
   </segment>
   <segment nite:id="EN2002c.sync.98" channel="0" transcriber_start="603.472" transcriber_end="612.599">
      <nite:child href="EN2002c.A.words.xml#id(EN2002c.A.words493)..id(EN2002c.A.words525)"/>
   </segment>
   <segment nite:id="EN2002c.sync.100" channel="0" transcriber_start="615.492" transcriber_end="622.203">
      <nite:child href="EN2002c.A.words.xml#id(EN2002c.A.words526)..id(EN2002c.A.words548)"/>
   </segment>
   <segment nite:id="EN2002c.sync.102" channel="0" transcriber_start="625.621" transcriber_end="632.764">
      <nite:child href="EN2002c.A.words.xml#id(EN2002c.A.words549)..id(EN2002c.A.words571)"/>
   </segment>
   <segment nite:id="EN2002c.sync.104" channel="0" transcriber_start="635.153" transcriber_end="646.5">
      <nite:child href="EN2002c.A.words.xml#id(EN2002c.A.words572)..id(EN2002c.A.words593)"/>
   </segment>
   <segment nite:id="EN2002c.sync.106" channel="0" transcriber_start="655.392" transcriber_end="655.834">
      <nite:child href="EN2002c.A.words.xml#id(EN2002c.A.words594)..id(EN2002c.A.words595)"/>
   </segment>
   <segment nite:id="EN2002c.sync.108" channel="0" transcriber_start="666.608" transcriber_end="667.347">
      <nite:child href="EN2002c.A.words.xml#id(EN2002c.A.words596)..id(EN2002c.A.words600)"/>
   </segment>
   <segment nite:id="EN2002c.sync.110" channel="0" transcriber_start="672.17" transcriber_end="677.101">
      <nite:child href="EN2002c.A.words.xml#id(EN2002c.A.words601)..id(EN2002c.A.words618)"/>
   </segment>
   <segment nite:id="EN2002c.sync.112" channel="0" transcriber_start="681.36" transcriber_end="687.971">
      <nite:child href="EN2002c.A.words.xml#id(EN2002c.A.words619)..id(EN2002c.A.words648)"/>
   </segment>
   <segment nite:id="EN2002c.sync.114" channel="0" transcriber_start="697.152" transcriber_end="697.626">
      <nite:child href="EN2002c.A.words.xml#id(EN2002c.A.words649)..id(EN2002c.A.words650)"/>
   </segment>
   <segment nite:id="EN2002c.sync.116" channel="0" transcriber_start="699.856" transcriber_end="700.184">
      <nite:child href="EN2002c.A.words.xml#id(EN2002c.A.words651)..id(EN2002c.A.words652)"/>
   </segment>
   <segment nite:id="EN2002c.sync.118" channel="0" transcriber_start="702.641" transcriber_end="706.956">
      <nite:child href="EN2002c.A.words.xml#id(EN2002c.A.words653)..id(EN2002c.A.words667)"/>
   </segment>
   <segment nite:id="EN2002c.sync.120" channel="0" transcriber_start="708.96" transcriber_end="711.431">
      <nite:child href="EN2002c.A.words.xml#id(EN2002c.A.words668)..id(EN2002c.A.words678)"/>
   </segment>
   <segment nite:id="EN2002c.sync.122" channel="0" transcriber_start="713.019" transcriber_end="713.277">
      <nite:child href="EN2002c.A.words.xml#id(EN2002c.A.words679)..id(EN2002c.A.words680)"/>
   </segment>
   <segment nite:id="EN2002c.sync.124" channel="0" transcriber_start="714.656" transcriber_end="715.256">
      <nite:child href="EN2002c.A.words.xml#id(EN2002c.A.words681)..id(EN2002c.A.words683)"/>
   </segment>
   <segment nite:id="EN2002c.sync.126" channel="0" transcriber_start="721.888" transcriber_end="722.437">
      <nite:child href="EN2002c.A.words.xml#id(EN2002c.A.words684)..id(EN2002c.A.words685)"/>
   </segment>
   <segment nite:id="EN2002c.sync.128" channel="0" transcriber_start="725.12" transcriber_end="733.296">
      <nite:child href="EN2002c.A.words.xml#id(EN2002c.A.words686)..id(EN2002c.A.words714)"/>
   </segment>
   <segment nite:id="EN2002c.sync.130" channel="0" transcriber_start="735.491" transcriber_end="741.306">
      <nite:child href="EN2002c.A.words.xml#id(EN2002c.A.words715)..id(EN2002c.A.words739)"/>
   </segment>
   <segment nite:id="EN2002c.sync.132" channel="0" transcriber_start="742.845" transcriber_end="743.983">
      <nite:child href="EN2002c.A.words.xml#id(EN2002c.A.words740)..id(EN2002c.A.words747)"/>
   </segment>
   <segment nite:id="EN2002c.sync.134" channel="0" transcriber_start="745.664" transcriber_end="748.393">
      <nite:child href="EN2002c.A.words.xml#id(EN2002c.A.words748)..id(EN2002c.A.words762)"/>
   </segment>
   <segment nite:id="EN2002c.sync.136" channel="0" transcriber_start="749.76" transcriber_end="750.249">
      <nite:child href="EN2002c.A.words.xml#id(EN2002c.A.words763)"/>
   </segment>
   <segment nite:id="EN2002c.sync.138" channel="0" transcriber_start="751.424" transcriber_end="753.112">
      <nite:child href="EN2002c.A.words.xml#id(EN2002c.A.words764)..id(EN2002c.A.words772)"/>
   </segment>
   <segment nite:id="EN2002c.sync.140" channel="0" transcriber_start="756.88" transcriber_end="767.963">
      <nite:child href="EN2002c.A.words.xml#id(EN2002c.A.words773)..id(EN2002c.A.words818)"/>
   </segment>
   <segment nite:id="EN2002c.sync.142" channel="0" transcriber_start="772.064" transcriber_end="772.938">
      <nite:child href="EN2002c.A.words.xml#id(EN2002c.A.words819)..id(EN2002c.A.words824)"/>
   </segment>
   <segment nite:id="EN2002c.sync.144" channel="0" transcriber_start="775.216" transcriber_end="775.577">
      <nite:child href="EN2002c.A.words.xml#id(EN2002c.A.words825)..id(EN2002c.A.words826)"/>
   </segment>
   <segment nite:id="EN2002c.sync.146" channel="0" transcriber_start="778.093" transcriber_end="778.533">
      <nite:child href="EN2002c.A.words.xml#id(EN2002c.A.words827)..id(EN2002c.A.words828)"/>
   </segment>
   <segment nite:id="EN2002c.sync.148" channel="0" transcriber_start="779.98" transcriber_end="781.52">
      <nite:child href="EN2002c.A.words.xml#id(EN2002c.A.words829)"/>
   </segment>
   <segment nite:id="EN2002c.sync.150" channel="0" transcriber_start="782.768" transcriber_end="783.264">
      <nite:child href="EN2002c.A.words.xml#id(EN2002c.A.words830)"/>
   </segment>
   <segment nite:id="EN2002c.sync.152" channel="0" transcriber_start="785.648" transcriber_end="790.025">
      <nite:child href="EN2002c.A.words.xml#id(EN2002c.A.words831)..id(EN2002c.A.words852)"/>
   </segment>
   <segment nite:id="EN2002c.sync.154" channel="0" transcriber_start="797.217" transcriber_end="799.207">
      <nite:child href="EN2002c.A.words.xml#id(EN2002c.A.words853)..id(EN2002c.A.words861)"/>
   </segment>
   <segment nite:id="EN2002c.sync.156" channel="0" transcriber_start="811.568" transcriber_end="834.112">
      <nite:child href="EN2002c.A.words.xml#id(EN2002c.A.words862)..id(EN2002c.A.words924)"/>
   </segment>
   <segment nite:id="EN2002c.sync.158" channel="0" transcriber_start="835.616" transcriber_end="836.553">
      <nite:child href="EN2002c.A.words.xml#id(EN2002c.A.words925)..id(EN2002c.A.words927)"/>
   </segment>
   <segment nite:id="EN2002c.sync.160" channel="0" transcriber_start="838.592" transcriber_end="846.3">
      <nite:child href="EN2002c.A.words.xml#id(EN2002c.A.words928)..id(EN2002c.A.words958)"/>
   </segment>
   <segment nite:id="EN2002c.sync.162" channel="0" transcriber_start="849.008" transcriber_end="854.316">
      <nite:child href="EN2002c.A.words.xml#id(EN2002c.A.words959)..id(EN2002c.A.words976)"/>
   </segment>
   <segment nite:id="EN2002c.sync.164" channel="0" transcriber_start="856.448" transcriber_end="856.92">
      <nite:child href="EN2002c.A.words.xml#id(EN2002c.A.words977)..id(EN2002c.A.words979)"/>
   </segment>
   <segment nite:id="EN2002c.sync.166" channel="0" transcriber_start="902.299" transcriber_end="904.959">
      <nite:child href="EN2002c.A.words.xml#id(EN2002c.A.words980)..id(EN2002c.A.words983)"/>
   </segment>
   <segment nite:id="EN2002c.sync.168" channel="0" transcriber_start="911.33" transcriber_end="942.501">
      <nite:child href="EN2002c.A.words.xml#id(EN2002c.A.words984)..id(EN2002c.A.words1070)"/>
   </segment>
   <segment nite:id="EN2002c.sync.170" channel="0" transcriber_start="944.448" transcriber_end="1002.262">
      <nite:child href="EN2002c.A.words.xml#id(EN2002c.A.words1071)..id(EN2002c.A.words1213)"/>
   </segment>
   <segment nite:id="EN2002c.sync.172" channel="0" transcriber_start="1006.288" transcriber_end="1006.901">
      <nite:child href="EN2002c.A.words.xml#id(EN2002c.A.words1214)"/>
   </segment>
   <segment nite:id="EN2002c.sync.174" channel="0" transcriber_start="1008.937" transcriber_end="1018.328">
      <nite:child href="EN2002c.A.words.xml#id(EN2002c.A.words1215)..id(EN2002c.A.words1249)"/>
   </segment>
   <segment nite:id="EN2002c.sync.176" channel="0" transcriber_start="1019.708" transcriber_end="1020.324">
      <nite:child href="EN2002c.A.words.xml#id(EN2002c.A.words1250)..id(EN2002c.A.words1251)"/>
   </segment>
   <segment nite:id="EN2002c.sync.178" channel="0" transcriber_start="1028.24" transcriber_end="1043.874">
      <nite:child href="EN2002c.A.words.xml#id(EN2002c.A.words1252)..id(EN2002c.A.words1298)"/>
   </segment>
   <segment nite:id="EN2002c.sync.180" channel="0" transcriber_start="1051.232" transcriber_end="1061.462">
      <nite:child href="EN2002c.A.words.xml#id(EN2002c.A.words1299)..id(EN2002c.A.words1344)"/>
   </segment>
   <segment nite:id="EN2002c.sync.182" channel="0" transcriber_start="1065.133" transcriber_end="1067.361">
      <nite:child href="EN2002c.A.words.xml#id(EN2002c.A.words1345)..id(EN2002c.A.words1351)"/>
   </segment>
   <segment nite:id="EN2002c.sync.184" channel="0" transcriber_start="1068.405" transcriber_end="1070.044">
      <nite:child href="EN2002c.A.words.xml#id(EN2002c.A.words1352)..id(EN2002c.A.words1357)"/>
   </segment>
   <segment nite:id="EN2002c.sync.186" channel="0" transcriber_start="1073.6" transcriber_end="1074.636">
      <nite:child href="EN2002c.A.words.xml#id(EN2002c.A.words1358)..id(EN2002c.A.words1360)"/>
   </segment>
   <segment nite:id="EN2002c.sync.188" channel="0" transcriber_start="1090.912" transcriber_end="1093.568">
      <nite:child href="EN2002c.A.words.xml#id(EN2002c.A.words1361)..id(EN2002c.A.words1369)"/>
   </segment>
   <segment nite:id="EN2002c.sync.190" channel="0" transcriber_start="1107.814" transcriber_end="1118.08">
      <nite:child href="EN2002c.A.words.xml#id(EN2002c.A.words1370)..id(EN2002c.A.words1409)"/>
   </segment>
   <segment nite:id="EN2002c.sync.192" channel="0" transcriber_start="1120.352" transcriber_end="1130.896">
      <nite:child href="EN2002c.A.words.xml#id(EN2002c.A.words1410)..id(EN2002c.A.words1445)"/>
   </segment>
   <segment nite:id="EN2002c.sync.194" channel="0" transcriber_start="1143.292" transcriber_end="1143.674">
      <nite:child href="EN2002c.A.words.xml#id(EN2002c.A.words1446)..id(EN2002c.A.words1447)"/>
   </segment>
   <segment nite:id="EN2002c.sync.196" channel="0" transcriber_start="1149.753" transcriber_end="1152.289">
      <nite:child href="EN2002c.A.words.xml#id(EN2002c.A.words1448)..id(EN2002c.A.words1463)"/>
   </segment>
   <segment nite:id="EN2002c.sync.198" channel="0" transcriber_start="1177.061" transcriber_end="1182.05">
      <nite:child href="EN2002c.A.words.xml#id(EN2002c.A.words1464)..id(EN2002c.A.words1480)"/>
   </segment>
   <segment nite:id="EN2002c.sync.200" channel="0" transcriber_start="1189.008" transcriber_end="1190.728">
      <nite:child href="EN2002c.A.words.xml#id(EN2002c.A.words1481)..id(EN2002c.A.words1487)"/>
   </segment>
   <segment nite:id="EN2002c.sync.202" channel="0" transcriber_start="1194.282" transcriber_end="1203.971">
      <nite:child href="EN2002c.A.words.xml#id(EN2002c.A.words1488)..id(EN2002c.A.words1513)"/>
   </segment>
   <segment nite:id="EN2002c.sync.204" channel="0" transcriber_start="1207.644" transcriber_end="1209.948">
      <nite:child href="EN2002c.A.words.xml#id(EN2002c.A.words1514)..id(EN2002c.A.words1526)"/>
   </segment>
   <segment nite:id="EN2002c.sync.206" channel="0" transcriber_start="1259.465" transcriber_end="1260.039">
      <nite:child href="EN2002c.A.words.xml#id(EN2002c.A.words1527)..id(EN2002c.A.words1528)"/>
   </segment>
   <segment nite:id="EN2002c.sync.208" channel="0" transcriber_start="1266.317" transcriber_end="1266.661">
      <nite:child href="EN2002c.A.words.xml#id(EN2002c.A.words1529)"/>
   </segment>
   <segment nite:id="EN2002c.sync.210" channel="0" transcriber_start="1275.253" transcriber_end="1301.377">
      <nite:child href="EN2002c.A.words.xml#id(EN2002c.A.words1530)..id(EN2002c.A.words1639)"/>
   </segment>
   <segment nite:id="EN2002c.sync.212" channel="0" transcriber_start="1312.649" transcriber_end="1313.115">
      <nite:child href="EN2002c.A.words.xml#id(EN2002c.A.words1640)..id(EN2002c.A.words1641)"/>
   </segment>
   <segment nite:id="EN2002c.sync.214" channel="0" transcriber_start="1318.416" transcriber_end="1319.208">
      <nite:child href="EN2002c.A.words.xml#id(EN2002c.A.words1642)..id(EN2002c.A.words1645)"/>
   </segment>
   <segment nite:id="EN2002c.sync.216" channel="0" transcriber_start="1330.957" transcriber_end="1331.233">
      <nite:child href="EN2002c.A.words.xml#id(EN2002c.A.words1646)"/>
   </segment>
   <segment nite:id="EN2002c.sync.218" channel="0" transcriber_start="1334.816" transcriber_end="1355.564">
      <nite:child href="EN2002c.A.words.xml#id(EN2002c.A.words1647)..id(EN2002c.A.words1708)"/>
   </segment>
   <segment nite:id="EN2002c.sync.220" channel="0" transcriber_start="1357.343" transcriber_end="1359.52">
      <nite:child href="EN2002c.A.words.xml#id(EN2002c.A.words1709)..id(EN2002c.A.words1713)"/>
   </segment>
   <segment nite:id="EN2002c.sync.222" channel="0" transcriber_start="1361.208" transcriber_end="1363.761">
      <nite:child href="EN2002c.A.words.xml#id(EN2002c.A.words1714)..id(EN2002c.A.words1725)"/>
   </segment>
   <segment nite:id="EN2002c.sync.224" channel="0" transcriber_start="1365.108" transcriber_end="1365.68">
      <nite:child href="EN2002c.A.words.xml#id(EN2002c.A.words1726)..id(EN2002c.A.words1728)"/>
   </segment>
   <segment nite:id="EN2002c.sync.226" channel="0" transcriber_start="1367.817" transcriber_end="1373.813">
      <nite:child href="EN2002c.A.words.xml#id(EN2002c.A.words1729)..id(EN2002c.A.words1741)"/>
   </segment>
   <segment nite:id="EN2002c.sync.228" channel="0" transcriber_start="1376.112" transcriber_end="1376.643">
      <nite:child href="EN2002c.A.words.xml#id(EN2002c.A.words1742)..id(EN2002c.A.words1743)"/>
   </segment>
   <segment nite:id="EN2002c.sync.230" channel="0" transcriber_start="1386.848" transcriber_end="1387.996">
      <nite:child href="EN2002c.A.words.xml#id(EN2002c.A.words1744)..id(EN2002c.A.words1748)"/>
   </segment>
   <segment nite:id="EN2002c.sync.232" channel="0" transcriber_start="1396.208" transcriber_end="1400.974">
      <nite:child href="EN2002c.A.words.xml#id(EN2002c.A.words1749)..id(EN2002c.A.words1769)"/>
   </segment>
   <segment nite:id="EN2002c.sync.234" channel="0" transcriber_start="1437.883" transcriber_end="1440.411">
      <nite:child href="EN2002c.A.words.xml#id(EN2002c.A.words1770)..id(EN2002c.A.words1776)"/>
   </segment>
   <segment nite:id="EN2002c.sync.236" channel="0" transcriber_start="1456.448" transcriber_end="1456.62">
      <nite:child href="EN2002c.A.words.xml#id(EN2002c.A.words1777)"/>
   </segment>
   <segment nite:id="EN2002c.sync.238" channel="0" transcriber_start="1462.368" transcriber_end="1463.612">
      <nite:child href="EN2002c.A.words.xml#id(EN2002c.A.words1778)..id(EN2002c.A.words1781)"/>
   </segment>
   <segment nite:id="EN2002c.sync.240" channel="0" transcriber_start="1465.3" transcriber_end="1467.212">
      <nite:child href="EN2002c.A.words.xml#id(EN2002c.A.words1782)..id(EN2002c.A.words1785)"/>
   </segment>
   <segment nite:id="EN2002c.sync.242" channel="0" transcriber_start="1468.78" transcriber_end="1479.344">
      <nite:child href="EN2002c.A.words.xml#id(EN2002c.A.words1786)..id(EN2002c.A.words1834)"/>
   </segment>
   <segment nite:id="EN2002c.sync.244" channel="0" transcriber_start="1481.437" transcriber_end="1482.826">
      <nite:child href="EN2002c.A.words.xml#id(EN2002c.A.words1835)..id(EN2002c.A.words1839)"/>
   </segment>
   <segment nite:id="EN2002c.sync.246" channel="0" transcriber_start="1485.47" transcriber_end="1495.12">
      <nite:child href="EN2002c.A.words.xml#id(EN2002c.A.words1840)..id(EN2002c.A.words1877)"/>
   </segment>
   <segment nite:id="EN2002c.sync.248" channel="0" transcriber_start="1495.647" transcriber_end="1495.991">
      <nite:child href="EN2002c.A.words.xml#id(EN2002c.A.words1878)..id(EN2002c.A.words1879)"/>
   </segment>
   <segment nite:id="EN2002c.sync.250" channel="0" transcriber_start="1507.697" transcriber_end="1526.352">
      <nite:child href="EN2002c.A.words.xml#id(EN2002c.A.words1880)..id(EN2002c.A.words1943)"/>
   </segment>
   <segment nite:id="EN2002c.sync.252" channel="0" transcriber_start="1542.224" transcriber_end="1544.104">
      <nite:child href="EN2002c.A.words.xml#id(EN2002c.A.words1944)..id(EN2002c.A.words1947)"/>
   </segment>
   <segment nite:id="EN2002c.sync.254" channel="0" transcriber_start="1546.384" transcriber_end="1546.916">
      <nite:child href="EN2002c.A.words.xml#id(EN2002c.A.words1948)..id(EN2002c.A.words1949)"/>
   </segment>
   <segment nite:id="EN2002c.sync.256" channel="0" transcriber_start="1548.464" transcriber_end="1550.12">
      <nite:child href="EN2002c.A.words.xml#id(EN2002c.A.words1950)..id(EN2002c.A.words1960)"/>
   </segment>
   <segment nite:id="EN2002c.sync.258" channel="0" transcriber_start="1573.361" transcriber_end="1575.074">
      <nite:child href="EN2002c.A.words.xml#id(EN2002c.A.words1961)..id(EN2002c.A.words1968)"/>
   </segment>
   <segment nite:id="EN2002c.sync.260" channel="0" transcriber_start="1584.817" transcriber_end="1589.573">
      <nite:child href="EN2002c.A.words.xml#id(EN2002c.A.words1969)..id(EN2002c.A.words1990)"/>
   </segment>
   <segment nite:id="EN2002c.sync.262" channel="0" transcriber_start="1594.88" transcriber_end="1604.407">
      <nite:child href="EN2002c.A.words.xml#id(EN2002c.A.words1991)..id(EN2002c.A.words2034)"/>
   </segment>
   <segment nite:id="EN2002c.sync.264" channel="0" transcriber_start="1607.284" transcriber_end="1615.42">
      <nite:child href="EN2002c.A.words.xml#id(EN2002c.A.words2035)..id(EN2002c.A.words2058)"/>
   </segment>
   <segment nite:id="EN2002c.sync.266" channel="0" transcriber_start="1618.159" transcriber_end="1626.444">
      <nite:child href="EN2002c.A.words.xml#id(EN2002c.A.words2059)..id(EN2002c.A.words2082)"/>
   </segment>
   <segment nite:id="EN2002c.sync.268" channel="0" transcriber_start="1633.455" transcriber_end="1650.124">
      <nite:child href="EN2002c.A.words.xml#id(EN2002c.A.words2083)..id(EN2002c.A.words2154)"/>
   </segment>
   <segment nite:id="EN2002c.sync.270" channel="0" transcriber_start="1652.848" transcriber_end="1653.5">
      <nite:child href="EN2002c.A.words.xml#id(EN2002c.A.words2155)..id(EN2002c.A.words2158)"/>
   </segment>
   <segment nite:id="EN2002c.sync.272" channel="0" transcriber_start="1662.326" transcriber_end="1676.576">
      <nite:child href="EN2002c.A.words.xml#id(EN2002c.A.words2159)..id(EN2002c.A.words2217)"/>
   </segment>
   <segment nite:id="EN2002c.sync.274" channel="0" transcriber_start="1680.877" transcriber_end="1682.116">
      <nite:child href="EN2002c.A.words.xml#id(EN2002c.A.words2218)..id(EN2002c.A.words2220)"/>
   </segment>
   <segment nite:id="EN2002c.sync.276" channel="0" transcriber_start="1690.656" transcriber_end="1691.501">
      <nite:child href="EN2002c.A.words.xml#id(EN2002c.A.words2221)..id(EN2002c.A.words2223)"/>
   </segment>
   <segment nite:id="EN2002c.sync.278" channel="0" transcriber_start="1695.891" transcriber_end="1700.142">
      <nite:child href="EN2002c.A.words.xml#id(EN2002c.A.words2224)..id(EN2002c.A.words2235)"/>
   </segment>
   <segment nite:id="EN2002c.sync.280" channel="0" transcriber_start="1710.886" transcriber_end="1715.654">
      <nite:child href="EN2002c.A.words.xml#id(EN2002c.A.words2236)..id(EN2002c.A.words2259)"/>
   </segment>
   <segment nite:id="EN2002c.sync.282" channel="0" transcriber_start="1842.396" transcriber_end="1871.584">
      <nite:child href="EN2002c.A.words.xml#id(EN2002c.A.words2260)..id(EN2002c.A.words2360)"/>
   </segment>
   <segment nite:id="EN2002c.sync.284" channel="0" transcriber_start="1874.609" transcriber_end="1875.332">
      <nite:child href="EN2002c.A.words.xml#id(EN2002c.A.words2361)..id(EN2002c.A.words2366)"/>
   </segment>
   <segment nite:id="EN2002c.sync.286" channel="0" transcriber_start="1878.544" transcriber_end="1884.487">
      <nite:child href="EN2002c.A.words.xml#id(EN2002c.A.words2367)..id(EN2002c.A.words2392)"/>
   </segment>
   <segment nite:id="EN2002c.sync.288" channel="0" transcriber_start="1900.432" transcriber_end="1900.762">
      <nite:child href="EN2002c.A.words.xml#id(EN2002c.A.words2393)..id(EN2002c.A.words2394)"/>
   </segment>
   <segment nite:id="EN2002c.sync.290" channel="0" transcriber_start="1902.076" transcriber_end="1913.856">
      <nite:child href="EN2002c.A.words.xml#id(EN2002c.A.words2395)..id(EN2002c.A.words2437)"/>
   </segment>
   <segment nite:id="EN2002c.sync.292" channel="0" transcriber_start="1924.976" transcriber_end="1926.325">
      <nite:child href="EN2002c.A.words.xml#id(EN2002c.A.words2438)..id(EN2002c.A.words2441)"/>
   </segment>
   <segment nite:id="EN2002c.sync.294" channel="0" transcriber_start="1937.2" transcriber_end="1950.853">
      <nite:child href="EN2002c.A.words.xml#id(EN2002c.A.words2442)..id(EN2002c.A.words2486)"/>
   </segment>
   <segment nite:id="EN2002c.sync.296" channel="0" transcriber_start="1958.288" transcriber_end="1958.71">
      <nite:child href="EN2002c.A.words.xml#id(EN2002c.A.words2487)..id(EN2002c.A.words2488)"/>
   </segment>
   <segment nite:id="EN2002c.sync.298" channel="0" transcriber_start="1966.976" transcriber_end="1967.648">
      <nite:child href="EN2002c.A.words.xml#id(EN2002c.A.words2489)..id(EN2002c.A.words2493)"/>
   </segment>
   <segment nite:id="EN2002c.sync.300" channel="0" transcriber_start="1973.681" transcriber_end="1975.203">
      <nite:child href="EN2002c.A.words.xml#id(EN2002c.A.words2494)..id(EN2002c.A.words2504)"/>
   </segment>
   <segment nite:id="EN2002c.sync.302" channel="0" transcriber_start="1977.559" transcriber_end="1979.928">
      <nite:child href="EN2002c.A.words.xml#id(EN2002c.A.words2505)..id(EN2002c.A.words2510)"/>
   </segment>
   <segment nite:id="EN2002c.sync.304" channel="0" transcriber_start="1984.096" transcriber_end="2009.554">
      <nite:child href="EN2002c.A.words.xml#id(EN2002c.A.words2511)..id(EN2002c.A.words2579)"/>
   </segment>
   <segment nite:id="EN2002c.sync.306" channel="0" transcriber_start="2014.965" transcriber_end="2015.788">
      <nite:child href="EN2002c.A.words.xml#id(EN2002c.A.words2580)..id(EN2002c.A.words2583)"/>
   </segment>
   <segment nite:id="EN2002c.sync.308" channel="0" transcriber_start="2034.35" transcriber_end="2034.632">
      <nite:child href="EN2002c.A.words.xml#id(EN2002c.A.words2584)"/>
   </segment>
   <segment nite:id="EN2002c.sync.310" channel="0" transcriber_start="2036.195" transcriber_end="2038.762">
      <nite:child href="EN2002c.A.words.xml#id(EN2002c.A.words2585)..id(EN2002c.A.words2591)"/>
   </segment>
   <segment nite:id="EN2002c.sync.312" channel="0" transcriber_start="2040.458" transcriber_end="2040.831">
      <nite:child href="EN2002c.A.words.xml#id(EN2002c.A.words2592)..id(EN2002c.A.words2593)"/>
   </segment>
   <segment nite:id="EN2002c.sync.314" channel="0" transcriber_start="2042.196" transcriber_end="2047.856">
      <nite:child href="EN2002c.A.words.xml#id(EN2002c.A.words2594)..id(EN2002c.A.words2604)"/>
   </segment>
   <segment nite:id="EN2002c.sync.316" channel="0" transcriber_start="2050.152" transcriber_end="2058.743">
      <nite:child href="EN2002c.A.words.xml#id(EN2002c.A.words2605)..id(EN2002c.A.words2643)"/>
   </segment>
   <segment nite:id="EN2002c.sync.318" channel="0" transcriber_start="2070.16" transcriber_end="2071.489">
      <nite:child href="EN2002c.A.words.xml#id(EN2002c.A.words2644)..id(EN2002c.A.words2648)"/>
   </segment>
   <segment nite:id="EN2002c.sync.320" channel="0" transcriber_start="2076.099" transcriber_end="2079.433">
      <nite:child href="EN2002c.A.words.xml#id(EN2002c.A.words2649)..id(EN2002c.A.words2666)"/>
   </segment>
   <segment nite:id="EN2002c.sync.322" channel="0" transcriber_start="2081.49" transcriber_end="2084.31">
      <nite:child href="EN2002c.A.words.xml#id(EN2002c.A.words2667)..id(EN2002c.A.words2682)"/>
   </segment>
   <segment nite:id="EN2002c.sync.324" channel="0" transcriber_start="2098.11" transcriber_end="2110.234">
      <nite:child href="EN2002c.A.words.xml#id(EN2002c.A.words2683)..id(EN2002c.A.words2729)"/>
   </segment>
   <segment nite:id="EN2002c.sync.326" channel="0" transcriber_start="2118.624" transcriber_end="2119.348">
      <nite:child href="EN2002c.A.words.xml#id(EN2002c.A.words2730)..id(EN2002c.A.words2731)"/>
   </segment>
   <segment nite:id="EN2002c.sync.328" channel="0" transcriber_start="2132.576" transcriber_end="2135.594">
      <nite:child href="EN2002c.A.words.xml#id(EN2002c.A.words2732)..id(EN2002c.A.words2746)"/>
   </segment>
   <segment nite:id="EN2002c.sync.330" channel="0" transcriber_start="2145.232" transcriber_end="2145.744">
      <nite:child href="EN2002c.A.words.xml#id(EN2002c.A.words2747)..id(EN2002c.A.words2748)"/>
   </segment>
   <segment nite:id="EN2002c.sync.332" channel="0" transcriber_start="2152.982" transcriber_end="2154.853">
      <nite:child href="EN2002c.A.words.xml#id(EN2002c.A.words2749)..id(EN2002c.A.words2756)"/>
   </segment>
   <segment nite:id="EN2002c.sync.334" channel="0" transcriber_start="2159.087" transcriber_end="2176.579">
      <nite:child href="EN2002c.A.words.xml#id(EN2002c.A.words2757)..id(EN2002c.A.words2815)"/>
   </segment>
   <segment nite:id="EN2002c.sync.336" channel="0" transcriber_start="2178.56" transcriber_end="2185.763">
      <nite:child href="EN2002c.A.words.xml#id(EN2002c.A.words2816)..id(EN2002c.A.words2846)"/>
   </segment>
   <segment nite:id="EN2002c.sync.338" channel="0" transcriber_start="2189.664" transcriber_end="2192.407">
      <nite:child href="EN2002c.A.words.xml#id(EN2002c.A.words2847)..id(EN2002c.A.words2853)"/>
   </segment>
   <segment nite:id="EN2002c.sync.340" channel="0" transcriber_start="2200.79" transcriber_end="2204.607">
      <nite:child href="EN2002c.A.words.xml#id(EN2002c.A.words2854)..id(EN2002c.A.words2873)"/>
   </segment>
   <segment nite:id="EN2002c.sync.342" channel="0" transcriber_start="2206.176" transcriber_end="2206.773">
      <nite:child href="EN2002c.A.words.xml#id(EN2002c.A.words2874)..id(EN2002c.A.words2875)"/>
   </segment>
   <segment nite:id="EN2002c.sync.344" channel="0" transcriber_start="2215.003" transcriber_end="2233.668">
      <nite:child href="EN2002c.A.words.xml#id(EN2002c.A.words2876)..id(EN2002c.A.words2951)"/>
   </segment>
   <segment nite:id="EN2002c.sync.346" channel="0" transcriber_start="2236.379" transcriber_end="2274.37">
      <nite:child href="EN2002c.A.words.xml#id(EN2002c.A.words2952)..id(EN2002c.A.words3107)"/>
   </segment>
   <segment nite:id="EN2002c.sync.348" channel="0" transcriber_start="2280.293" transcriber_end="2280.912">
      <nite:child href="EN2002c.A.words.xml#id(EN2002c.A.words3108)..id(EN2002c.A.words3109)"/>
   </segment>
   <segment nite:id="EN2002c.sync.350" channel="0" transcriber_start="2292.362" transcriber_end="2292.953">
      <nite:child href="EN2002c.A.words.xml#id(EN2002c.A.words3110)..id(EN2002c.A.words3111)"/>
   </segment>
   <segment nite:id="EN2002c.sync.352" channel="0" transcriber_start="2296.089" transcriber_end="2296.586">
      <nite:child href="EN2002c.A.words.xml#id(EN2002c.A.words3112)..id(EN2002c.A.words3113)"/>
   </segment>
   <segment nite:id="EN2002c.sync.354" channel="0" transcriber_start="2298.144" transcriber_end="2314.912">
      <nite:child href="EN2002c.A.words.xml#id(EN2002c.A.words3114)..id(EN2002c.A.words3174)"/>
   </segment>
   <segment nite:id="EN2002c.sync.356" channel="0" transcriber_start="2317.074" transcriber_end="2317.881">
      <nite:child href="EN2002c.A.words.xml#id(EN2002c.A.words3175)..id(EN2002c.A.words3177)"/>
   </segment>
   <segment nite:id="EN2002c.sync.358" channel="0" transcriber_start="2319.978" transcriber_end="2323.844">
      <nite:child href="EN2002c.A.words.xml#id(EN2002c.A.words3178)..id(EN2002c.A.words3191)"/>
   </segment>
   <segment nite:id="EN2002c.sync.360" channel="0" transcriber_start="2326.336" transcriber_end="2328.099">
      <nite:child href="EN2002c.A.words.xml#id(EN2002c.A.words3192)..id(EN2002c.A.words3199)"/>
   </segment>
   <segment nite:id="EN2002c.sync.362" channel="0" transcriber_start="2336.24" transcriber_end="2336.904">
      <nite:child href="EN2002c.A.words.xml#id(EN2002c.A.words3200)..id(EN2002c.A.words3202)"/>
   </segment>
   <segment nite:id="EN2002c.sync.364" channel="0" transcriber_start="2338.7" transcriber_end="2345.048">
      <nite:child href="EN2002c.A.words.xml#id(EN2002c.A.words3203)..id(EN2002c.A.words3214)"/>
   </segment>
   <segment nite:id="EN2002c.sync.366" channel="0" transcriber_start="2346.932" transcriber_end="2349.484">
      <nite:child href="EN2002c.A.words.xml#id(EN2002c.A.words3215)..id(EN2002c.A.words3220)"/>
   </segment>
   <segment nite:id="EN2002c.sync.368" channel="0" transcriber_start="2354.211" transcriber_end="2355.333">
      <nite:child href="EN2002c.A.words.xml#id(EN2002c.A.words3221)..id(EN2002c.A.words3223)"/>
   </segment>
   <segment nite:id="EN2002c.sync.370" channel="0" transcriber_start="2357.769" transcriber_end="2365.018">
      <nite:child href="EN2002c.A.words.xml#id(EN2002c.A.words3224)..id(EN2002c.A.words3243)"/>
   </segment>
   <segment nite:id="EN2002c.sync.372" channel="0" transcriber_start="2367.446" transcriber_end="2370.416">
      <nite:child href="EN2002c.A.words.xml#id(EN2002c.A.words3244)..id(EN2002c.A.words3251)"/>
   </segment>
   <segment nite:id="EN2002c.sync.374" channel="0" transcriber_start="2378.739" transcriber_end="2391.707">
      <nite:child href="EN2002c.A.words.xml#id(EN2002c.A.words3252)..id(EN2002c.A.words3289)"/>
   </segment>
   <segment nite:id="EN2002c.sync.376" channel="0" transcriber_start="2399.051" transcriber_end="2401.601">
      <nite:child href="EN2002c.A.words.xml#id(EN2002c.A.words3290)..id(EN2002c.A.words3295)"/>
   </segment>
   <segment nite:id="EN2002c.sync.378" channel="0" transcriber_start="2403.58" transcriber_end="2416.409">
      <nite:child href="EN2002c.A.words.xml#id(EN2002c.A.words3296)..id(EN2002c.A.words3321)"/>
   </segment>
   <segment nite:id="EN2002c.sync.380" channel="0" transcriber_start="2420.941" transcriber_end="2425.84">
      <nite:child href="EN2002c.A.words.xml#id(EN2002c.A.words3322)..id(EN2002c.A.words3341)"/>
   </segment>
   <segment nite:id="EN2002c.sync.382" channel="0" transcriber_start="2428.533" transcriber_end="2436.23">
      <nite:child href="EN2002c.A.words.xml#id(EN2002c.A.words3342)..id(EN2002c.A.words3375)"/>
   </segment>
   <segment nite:id="EN2002c.sync.384" channel="0" transcriber_start="2438.152" transcriber_end="2439.033">
      <nite:child href="EN2002c.A.words.xml#id(EN2002c.A.words3376)..id(EN2002c.A.words3380)"/>
   </segment>
   <segment nite:id="EN2002c.sync.386" channel="0" transcriber_start="2443.353" transcriber_end="2443.702">
      <nite:child href="EN2002c.A.words.xml#id(EN2002c.A.words3381)..id(EN2002c.A.words3382)"/>
   </segment>
   <segment nite:id="EN2002c.sync.388" channel="0" transcriber_start="2448.4" transcriber_end="2451.304">
      <nite:child href="EN2002c.A.words.xml#id(EN2002c.A.words3383)..id(EN2002c.A.words3401)"/>
   </segment>
   <segment nite:id="EN2002c.sync.390" channel="0" transcriber_start="2455.876" transcriber_end="2457.708">
      <nite:child href="EN2002c.A.words.xml#id(EN2002c.A.words3402)..id(EN2002c.A.words3407)"/>
   </segment>
   <segment nite:id="EN2002c.sync.392" channel="0" transcriber_start="2461.392" transcriber_end="2461.931">
      <nite:child href="EN2002c.A.words.xml#id(EN2002c.A.words3408)..id(EN2002c.A.words3409)"/>
   </segment>
   <segment nite:id="EN2002c.sync.394" channel="0" transcriber_start="2477.555" transcriber_end="2480.258">
      <nite:child href="EN2002c.A.words.xml#id(EN2002c.A.words3410)..id(EN2002c.A.words3420)"/>
   </segment>
   <segment nite:id="EN2002c.sync.396" channel="0" transcriber_start="2484.541" transcriber_end="2486.72">
      <nite:child href="EN2002c.A.words.xml#id(EN2002c.A.words3421)..id(EN2002c.A.words3424)"/>
   </segment>
   <segment nite:id="EN2002c.sync.398" channel="0" transcriber_start="2504.176" transcriber_end="2505.701">
      <nite:child href="EN2002c.A.words.xml#id(EN2002c.A.words3425)..id(EN2002c.A.words3428)"/>
   </segment>
   <segment nite:id="EN2002c.sync.400" channel="0" transcriber_start="2510.615" transcriber_end="2511.098">
      <nite:child href="EN2002c.A.words.xml#id(EN2002c.A.words3429)..id(EN2002c.A.words3431)"/>
   </segment>
   <segment nite:id="EN2002c.sync.402" channel="0" transcriber_start="2515.696" transcriber_end="2527.568">
      <nite:child href="EN2002c.A.words.xml#id(EN2002c.A.words3432)..id(EN2002c.A.words3469)"/>
   </segment>
   <segment nite:id="EN2002c.sync.404" channel="0" transcriber_start="2531.152" transcriber_end="2532.978">
      <nite:child href="EN2002c.A.words.xml#id(EN2002c.A.words3470)..id(EN2002c.A.words3480)"/>
   </segment>
   <segment nite:id="EN2002c.sync.406" channel="0" transcriber_start="2541.505" transcriber_end="2542.037">
      <nite:child href="EN2002c.A.words.xml#id(EN2002c.A.words3481)..id(EN2002c.A.words3482)"/>
   </segment>
   <segment nite:id="EN2002c.sync.408" channel="0" transcriber_start="2544.061" transcriber_end="2548.875">
      <nite:child href="EN2002c.A.words.xml#id(EN2002c.A.words3483)..id(EN2002c.A.words3502)"/>
   </segment>
   <segment nite:id="EN2002c.sync.410" channel="0" transcriber_start="2551.424" transcriber_end="2568.347">
      <nite:child href="EN2002c.A.words.xml#id(EN2002c.A.words3503)..id(EN2002c.A.words3532)"/>
   </segment>
   <segment nite:id="EN2002c.sync.412" channel="0" transcriber_start="2570.135" transcriber_end="2594.947">
      <nite:child href="EN2002c.A.words.xml#id(EN2002c.A.words3533)..id(EN2002c.A.words3591)"/>
   </segment>
   <segment nite:id="EN2002c.sync.414" channel="0" transcriber_start="2604.638" transcriber_end="2605.511">
      <nite:child href="EN2002c.A.words.xml#id(EN2002c.A.words3592)..id(EN2002c.A.words3596)"/>
   </segment>
   <segment nite:id="EN2002c.sync.416" channel="0" transcriber_start="2608.141" transcriber_end="2615.55">
      <nite:child href="EN2002c.A.words.xml#id(EN2002c.A.words3597)..id(EN2002c.A.words3619)"/>
   </segment>
   <segment nite:id="EN2002c.sync.418" channel="0" transcriber_start="2635.44" transcriber_end="2642.496">
      <nite:child href="EN2002c.A.words.xml#id(EN2002c.A.words3620)..id(EN2002c.A.words3643)"/>
   </segment>
   <segment nite:id="EN2002c.sync.420" channel="0" transcriber_start="2658.032" transcriber_end="2683.824">
      <nite:child href="EN2002c.A.words.xml#id(EN2002c.A.words3644)..id(EN2002c.A.words3749)"/>
   </segment>
   <segment nite:id="EN2002c.sync.422" channel="0" transcriber_start="2686.89" transcriber_end="2687.962">
      <nite:child href="EN2002c.A.words.xml#id(EN2002c.A.words3750)..id(EN2002c.A.words3753)"/>
   </segment>
   <segment nite:id="EN2002c.sync.424" channel="0" transcriber_start="2693.159" transcriber_end="2696.91">
      <nite:child href="EN2002c.A.words.xml#id(EN2002c.A.words3754)..id(EN2002c.A.words3770)"/>
   </segment>
   <segment nite:id="EN2002c.sync.426" channel="0" transcriber_start="2716.376" transcriber_end="2716.933">
      <nite:child href="EN2002c.A.words.xml#id(EN2002c.A.words3771)..id(EN2002c.A.words3772)"/>
   </segment>
   <segment nite:id="EN2002c.sync.428" channel="0" transcriber_start="2720.184" transcriber_end="2733.487">
      <nite:child href="EN2002c.A.words.xml#id(EN2002c.A.words3773)..id(EN2002c.A.words3816)"/>
   </segment>
   <segment nite:id="EN2002c.sync.430" channel="0" transcriber_start="2740.208" transcriber_end="2742.272">
      <nite:child href="EN2002c.A.words.xml#id(EN2002c.A.words3817)..id(EN2002c.A.words3824)"/>
   </segment>
   <segment nite:id="EN2002c.sync.432" channel="0" transcriber_start="2744.982" transcriber_end="2746.055">
      <nite:child href="EN2002c.A.words.xml#id(EN2002c.A.words3825)..id(EN2002c.A.words3828)"/>
   </segment>
   <segment nite:id="EN2002c.sync.434" channel="0" transcriber_start="2790.256" transcriber_end="2790.664">
      <nite:child href="EN2002c.A.words.xml#id(EN2002c.A.words3829)..id(EN2002c.A.words3830)"/>
   </segment>
   <segment nite:id="EN2002c.sync.436" channel="0" transcriber_start="2811.359" transcriber_end="2818.272">
      <nite:child href="EN2002c.A.words.xml#id(EN2002c.A.words3831)..id(EN2002c.A.words3851)"/>
   </segment>
   <segment nite:id="EN2002c.sync.438" channel="0" transcriber_start="2831.516" transcriber_end="2832.664">
      <nite:child href="EN2002c.A.words.xml#id(EN2002c.A.words3852)..id(EN2002c.A.words3857)"/>
   </segment>
   <segment nite:id="EN2002c.sync.440" channel="0" transcriber_start="2835.837" transcriber_end="2845.617">
      <nite:child href="EN2002c.A.words.xml#id(EN2002c.A.words3858)..id(EN2002c.A.words3889)"/>
   </segment>
   <segment nite:id="EN2002c.sync.442" channel="0" transcriber_start="2849.292" transcriber_end="2852.108">
      <nite:child href="EN2002c.A.words.xml#id(EN2002c.A.words3890)..id(EN2002c.A.words3905)"/>
   </segment>
   <segment nite:id="EN2002c.sync.444" channel="0" transcriber_start="2854.08" transcriber_end="2855.076">
      <nite:child href="EN2002c.A.words.xml#id(EN2002c.A.words3906)..id(EN2002c.A.words3910)"/>
   </segment>
   <segment nite:id="EN2002c.sync.446" channel="0" transcriber_start="2858.304" transcriber_end="2860.4">
      <nite:child href="EN2002c.A.words.xml#id(EN2002c.A.words3911)..id(EN2002c.A.words3918)"/>
   </segment>
   <segment nite:id="EN2002c.sync.448" channel="0" transcriber_start="2876.332" transcriber_end="2878.893">
      <nite:child href="EN2002c.A.words.xml#id(EN2002c.A.words3919)..id(EN2002c.A.words3924)"/>
   </segment>
   <segment nite:id="EN2002c.sync.450" channel="0" transcriber_start="2882.137" transcriber_end="2883.634">
      <nite:child href="EN2002c.A.words.xml#id(EN2002c.A.words3925)"/>
   </segment>
</nite:root>