<?xml version="1.0" encoding="ISO-8859-1" standalone="yes"?>
<nite:root nite:id="EN2003a.A.segs" xmlns:nite="http://nite.sourceforge.net/">
   <segment nite:id="EN2003a.sync.4" channel="0" transcriber_start="16.736" transcriber_end="23.952">
      <nite:child href="EN2003a.A.words.xml#id(EN2003a.A.words0)..id(EN2003a.A.words34)"/>
   </segment>
   <segment nite:id="EN2003a.sync.6" channel="0" transcriber_start="25.2" transcriber_end="25.936">
      <nite:child href="EN2003a.A.words.xml#id(EN2003a.A.words35)..id(EN2003a.A.words36)"/>
   </segment>
   <segment nite:id="EN2003a.sync.8" channel="0" transcriber_start="26.992" transcriber_end="27.264">
      <nite:child href="EN2003a.A.words.xml#id(EN2003a.A.words37)..id(EN2003a.A.words38)"/>
   </segment>
   <segment nite:id="EN2003a.sync.10" channel="0" transcriber_start="40.832" transcriber_end="41.198">
      <nite:child href="EN2003a.A.words.xml#id(EN2003a.A.words39)"/>
   </segment>
   <segment nite:id="EN2003a.sync.12" channel="0" transcriber_start="42.428" transcriber_end="56.981">
      <nite:child href="EN2003a.A.words.xml#id(EN2003a.A.words40)..id(EN2003a.A.words105)"/>
   </segment>
   <segment nite:id="EN2003a.sync.14" channel="0" transcriber_start="65.482" transcriber_end="66.671">
      <nite:child href="EN2003a.A.words.xml#id(EN2003a.A.words106)"/>
   </segment>
   <segment nite:id="EN2003a.sync.16" channel="0" transcriber_start="69.231" transcriber_end="70.896">
      <nite:child href="EN2003a.A.words.xml#id(EN2003a.A.words107)..id(EN2003a.A.words116)"/>
   </segment>
   <segment nite:id="EN2003a.sync.18" channel="0" transcriber_start="73.237" transcriber_end="74.112">
      <nite:child href="EN2003a.A.words.xml#id(EN2003a.A.words117)..id(EN2003a.A.words119)"/>
   </segment>
   <segment nite:id="EN2003a.sync.20" channel="0" transcriber_start="78.144" transcriber_end="79.344">
      <nite:child href="EN2003a.A.words.xml#id(EN2003a.A.words120)..id(EN2003a.A.words128)"/>
   </segment>
   <segment nite:id="EN2003a.sync.22" channel="0" transcriber_start="80.704" transcriber_end="104.96">
      <nite:child href="EN2003a.A.words.xml#id(EN2003a.A.words129)..id(EN2003a.A.words182)"/>
   </segment>
   <segment nite:id="EN2003a.sync.24" channel="0" transcriber_start="107.392" transcriber_end="108.376">
      <nite:child href="EN2003a.A.words.xml#id(EN2003a.A.words183)..id(EN2003a.A.words187)"/>
   </segment>
   <segment nite:id="EN2003a.sync.26" channel="0" transcriber_start="110.192" transcriber_end="115.312">
      <nite:child href="EN2003a.A.words.xml#id(EN2003a.A.words188)..id(EN2003a.A.words213)"/>
   </segment>
   <segment nite:id="EN2003a.sync.28" channel="0" transcriber_start="117.68" transcriber_end="118.272">
      <nite:child href="EN2003a.A.words.xml#id(EN2003a.A.words214)..id(EN2003a.A.words215)"/>
   </segment>
   <segment nite:id="EN2003a.sync.30" channel="0" transcriber_start="130.288" transcriber_end="160.64">
      <nite:child href="EN2003a.A.words.xml#id(EN2003a.A.words216)..id(EN2003a.A.words328)"/>
   </segment>
   <segment nite:id="EN2003a.sync.32" channel="0" transcriber_start="162.672" transcriber_end="169.138">
      <nite:child href="EN2003a.A.words.xml#id(EN2003a.A.words329)..id(EN2003a.A.words352)"/>
   </segment>
   <segment nite:id="EN2003a.sync.34" channel="0" transcriber_start="171.056" transcriber_end="179.648">
      <nite:child href="EN2003a.A.words.xml#id(EN2003a.A.words353)..id(EN2003a.A.words373)"/>
   </segment>
   <segment nite:id="EN2003a.sync.36" channel="0" transcriber_start="185.04" transcriber_end="186.368">
      <nite:child href="EN2003a.A.words.xml#id(EN2003a.A.words374)..id(EN2003a.A.words380)"/>
   </segment>
   <segment nite:id="EN2003a.sync.38" channel="0" transcriber_start="189.072" transcriber_end="196.329">
      <nite:child href="EN2003a.A.words.xml#id(EN2003a.A.words381)..id(EN2003a.A.words399)"/>
   </segment>
   <segment nite:id="EN2003a.sync.40" channel="0" transcriber_start="198.896" transcriber_end="208.56">
      <nite:child href="EN2003a.A.words.xml#id(EN2003a.A.words400)..id(EN2003a.A.words429)"/>
   </segment>
   <segment nite:id="EN2003a.sync.42" channel="0" transcriber_start="209.696" transcriber_end="211.568">
      <nite:child href="EN2003a.A.words.xml#id(EN2003a.A.words430)..id(EN2003a.A.words437)"/>
   </segment>
   <segment nite:id="EN2003a.sync.44" channel="0" transcriber_start="218.0" transcriber_end="219.299">
      <nite:child href="EN2003a.A.words.xml#id(EN2003a.A.words438)..id(EN2003a.A.words445)"/>
   </segment>
   <segment nite:id="EN2003a.sync.46" channel="0" transcriber_start="220.528" transcriber_end="230.288">
      <nite:child href="EN2003a.A.words.xml#id(EN2003a.A.words446)..id(EN2003a.A.words469)"/>
   </segment>
   <segment nite:id="EN2003a.sync.48" channel="0" transcriber_start="231.536" transcriber_end="238.144">
      <nite:child href="EN2003a.A.words.xml#id(EN2003a.A.words470)..id(EN2003a.A.words492)"/>
   </segment>
   <segment nite:id="EN2003a.sync.50" channel="0" transcriber_start="239.312" transcriber_end="240.048">
      <nite:child href="EN2003a.A.words.xml#id(EN2003a.A.words493)..id(EN2003a.A.words494)"/>
   </segment>
   <segment nite:id="EN2003a.sync.52" channel="0" transcriber_start="246.528" transcriber_end="254.633">
      <nite:child href="EN2003a.A.words.xml#id(EN2003a.A.words495)..id(EN2003a.A.words516)"/>
   </segment>
   <segment nite:id="EN2003a.sync.54" channel="0" transcriber_start="261.2" transcriber_end="262.768">
      <nite:child href="EN2003a.A.words.xml#id(EN2003a.A.words517)..id(EN2003a.A.words522)"/>
   </segment>
   <segment nite:id="EN2003a.sync.56" channel="0" transcriber_start="263.984" transcriber_end="265.024">
      <nite:child href="EN2003a.A.words.xml#id(EN2003a.A.words523)..id(EN2003a.A.words524)"/>
   </segment>
   <segment nite:id="EN2003a.sync.58" channel="0" transcriber_start="266.528" transcriber_end="270.336">
      <nite:child href="EN2003a.A.words.xml#id(EN2003a.A.words525)..id(EN2003a.A.words541)"/>
   </segment>
   <segment nite:id="EN2003a.sync.60" channel="0" transcriber_start="277.232" transcriber_end="280.144">
      <nite:child href="EN2003a.A.words.xml#id(EN2003a.A.words542)..id(EN2003a.A.words556)"/>
   </segment>
   <segment nite:id="EN2003a.sync.62" channel="0" transcriber_start="281.76" transcriber_end="283.568">
      <nite:child href="EN2003a.A.words.xml#id(EN2003a.A.words557)..id(EN2003a.A.words560)"/>
   </segment>
   <segment nite:id="EN2003a.sync.64" channel="0" transcriber_start="289.248" transcriber_end="300.64">
      <nite:child href="EN2003a.A.words.xml#id(EN2003a.A.words561)..id(EN2003a.A.words603)"/>
   </segment>
   <segment nite:id="EN2003a.sync.66" channel="0" transcriber_start="303.4" transcriber_end="328.873">
      <nite:child href="EN2003a.A.words.xml#id(EN2003a.A.words604)..id(EN2003a.A.words697)"/>
   </segment>
   <segment nite:id="EN2003a.sync.68" channel="0" transcriber_start="330.254" transcriber_end="342.928">
      <nite:child href="EN2003a.A.words.xml#id(EN2003a.A.words698)..id(EN2003a.A.words738)"/>
   </segment>
   <segment nite:id="EN2003a.sync.70" channel="0" transcriber_start="344.0" transcriber_end="350.33">
      <nite:child href="EN2003a.A.words.xml#id(EN2003a.A.words739)..id(EN2003a.A.words762)"/>
   </segment>
   <segment nite:id="EN2003a.sync.72" channel="0" transcriber_start="353.344" transcriber_end="358.617">
      <nite:child href="EN2003a.A.words.xml#id(EN2003a.A.words763)..id(EN2003a.A.words774)"/>
   </segment>
   <segment nite:id="EN2003a.sync.74" channel="0" transcriber_start="360.112" transcriber_end="417.761">
      <nite:child href="EN2003a.A.words.xml#id(EN2003a.A.words775)..id(EN2003a.A.words968)"/>
   </segment>
   <segment nite:id="EN2003a.sync.76" channel="0" transcriber_start="419.182" transcriber_end="425.328">
      <nite:child href="EN2003a.A.words.xml#id(EN2003a.A.words969)..id(EN2003a.A.words986)"/>
   </segment>
   <segment nite:id="EN2003a.sync.78" channel="0" transcriber_start="426.64" transcriber_end="428.032">
      <nite:child href="EN2003a.A.words.xml#id(EN2003a.A.words987)..id(EN2003a.A.words994)"/>
   </segment>
   <segment nite:id="EN2003a.sync.80" channel="0" transcriber_start="439.249" transcriber_end="440.962">
      <nite:child href="EN2003a.A.words.xml#id(EN2003a.A.words995)..id(EN2003a.A.words997)"/>
   </segment>
   <segment nite:id="EN2003a.sync.82" channel="0" transcriber_start="443.598" transcriber_end="444.463">
      <nite:child href="EN2003a.A.words.xml#id(EN2003a.A.words998)..id(EN2003a.A.words1001)"/>
   </segment>
   <segment nite:id="EN2003a.sync.84" channel="0" transcriber_start="450.976" transcriber_end="451.542">
      <nite:child href="EN2003a.A.words.xml#id(EN2003a.A.words1002)..id(EN2003a.A.words1003)"/>
   </segment>
   <segment nite:id="EN2003a.sync.86" channel="0" transcriber_start="457.684" transcriber_end="458.275">
      <nite:child href="EN2003a.A.words.xml#id(EN2003a.A.words1004)..id(EN2003a.A.words1005)"/>
   </segment>
   <segment nite:id="EN2003a.sync.88" channel="0" transcriber_start="466.32" transcriber_end="468.0">
      <nite:child href="EN2003a.A.words.xml#id(EN2003a.A.words1006)..id(EN2003a.A.words1010)"/>
   </segment>
   <segment nite:id="EN2003a.sync.90" channel="0" transcriber_start="470.064" transcriber_end="488.832">
      <nite:child href="EN2003a.A.words.xml#id(EN2003a.A.words1011)..id(EN2003a.A.words1067)"/>
   </segment>
   <segment nite:id="EN2003a.sync.92" channel="0" transcriber_start="491.868" transcriber_end="492.301">
      <nite:child href="EN2003a.A.words.xml#id(EN2003a.A.words1068)..id(EN2003a.A.words1069)"/>
   </segment>
   <segment nite:id="EN2003a.sync.94" channel="0" transcriber_start="496.688" transcriber_end="507.504">
      <nite:child href="EN2003a.A.words.xml#id(EN2003a.A.words1070)..id(EN2003a.A.words1107)"/>
   </segment>
   <segment nite:id="EN2003a.sync.96" channel="0" transcriber_start="523.968" transcriber_end="532.269">
      <nite:child href="EN2003a.A.words.xml#id(EN2003a.A.words1108)..id(EN2003a.A.words1141)"/>
   </segment>
   <segment nite:id="EN2003a.sync.98" channel="0" transcriber_start="534.298" transcriber_end="534.559">
      <nite:child href="EN2003a.A.words.xml#id(EN2003a.A.words1142)"/>
   </segment>
   <segment nite:id="EN2003a.sync.100" channel="0" transcriber_start="535.216" transcriber_end="537.168">
      <nite:child href="EN2003a.A.words.xml#id(EN2003a.A.words1143)..id(EN2003a.A.words1156)"/>
   </segment>
   <segment nite:id="EN2003a.sync.102" channel="0" transcriber_start="539.431" transcriber_end="546.225">
      <nite:child href="EN2003a.A.words.xml#id(EN2003a.A.words1157)..id(EN2003a.A.words1179)"/>
   </segment>
   <segment nite:id="EN2003a.sync.104" channel="0" transcriber_start="550.199" transcriber_end="579.712">
      <nite:child href="EN2003a.A.words.xml#id(EN2003a.A.words1180)..id(EN2003a.A.words1293)"/>
   </segment>
   <segment nite:id="EN2003a.sync.106" channel="0" transcriber_start="581.715" transcriber_end="583.552">
      <nite:child href="EN2003a.A.words.xml#id(EN2003a.A.words1294)..id(EN2003a.A.words1295)"/>
   </segment>
   <segment nite:id="EN2003a.sync.108" channel="0" transcriber_start="584.64" transcriber_end="586.064">
      <nite:child href="EN2003a.A.words.xml#id(EN2003a.A.words1296)..id(EN2003a.A.words1303)"/>
   </segment>
   <segment nite:id="EN2003a.sync.110" channel="0" transcriber_start="607.578" transcriber_end="609.05">
      <nite:child href="EN2003a.A.words.xml#id(EN2003a.A.words1304)..id(EN2003a.A.words1305)"/>
   </segment>
   <segment nite:id="EN2003a.sync.112" channel="0" transcriber_start="610.796" transcriber_end="622.672">
      <nite:child href="EN2003a.A.words.xml#id(EN2003a.A.words1306)..id(EN2003a.A.words1340)"/>
   </segment>
   <segment nite:id="EN2003a.sync.114" channel="0" transcriber_start="625.552" transcriber_end="642.88">
      <nite:child href="EN2003a.A.words.xml#id(EN2003a.A.words1341)..id(EN2003a.A.words1399)"/>
   </segment>
   <segment nite:id="EN2003a.sync.116" channel="0" transcriber_start="645.2" transcriber_end="668.464">
      <nite:child href="EN2003a.A.words.xml#id(EN2003a.A.words1400)..id(EN2003a.A.words1469)"/>
   </segment>
   <segment nite:id="EN2003a.sync.118" channel="0" transcriber_start="670.416" transcriber_end="677.888">
      <nite:child href="EN2003a.A.words.xml#id(EN2003a.A.words1470)..id(EN2003a.A.words1488)"/>
   </segment>
   <segment nite:id="EN2003a.sync.120" channel="0" transcriber_start="681.024" transcriber_end="682.208">
      <nite:child href="EN2003a.A.words.xml#id(EN2003a.A.words1489)..id(EN2003a.A.words1490)"/>
   </segment>
   <segment nite:id="EN2003a.sync.122" channel="0" transcriber_start="696.459" transcriber_end="712.363">
      <nite:child href="EN2003a.A.words.xml#id(EN2003a.A.words1491)..id(EN2003a.A.words1547)"/>
   </segment>
   <segment nite:id="EN2003a.sync.124" channel="0" transcriber_start="721.792" transcriber_end="722.752">
      <nite:child href="EN2003a.A.words.xml#id(EN2003a.A.words1548)..id(EN2003a.A.words1549)"/>
   </segment>
   <segment nite:id="EN2003a.sync.126" channel="0" transcriber_start="745.329" transcriber_end="745.82">
      <nite:child href="EN2003a.A.words.xml#id(EN2003a.A.words1550)..id(EN2003a.A.words1551)"/>
   </segment>
   <segment nite:id="EN2003a.sync.128" channel="0" transcriber_start="755.008" transcriber_end="762.64">
      <nite:child href="EN2003a.A.words.xml#id(EN2003a.A.words1552)..id(EN2003a.A.words1575)"/>
   </segment>
   <segment nite:id="EN2003a.sync.130" channel="0" transcriber_start="783.287" transcriber_end="783.902">
      <nite:child href="EN2003a.A.words.xml#id(EN2003a.A.words1576)..id(EN2003a.A.words1577)"/>
   </segment>
   <segment nite:id="EN2003a.sync.132" channel="0" transcriber_start="786.912" transcriber_end="789.872">
      <nite:child href="EN2003a.A.words.xml#id(EN2003a.A.words1578)..id(EN2003a.A.words1586)"/>
   </segment>
   <segment nite:id="EN2003a.sync.134" channel="0" transcriber_start="791.76" transcriber_end="792.544">
      <nite:child href="EN2003a.A.words.xml#id(EN2003a.A.words1587)"/>
   </segment>
   <segment nite:id="EN2003a.sync.136" channel="0" transcriber_start="793.584" transcriber_end="797.056">
      <nite:child href="EN2003a.A.words.xml#id(EN2003a.A.words1588)..id(EN2003a.A.words1595)"/>
   </segment>
   <segment nite:id="EN2003a.sync.138" channel="0" transcriber_start="798.08" transcriber_end="798.609">
      <nite:child href="EN2003a.A.words.xml#id(EN2003a.A.words1596)..id(EN2003a.A.words1597)"/>
   </segment>
   <segment nite:id="EN2003a.sync.140" channel="0" transcriber_start="801.52" transcriber_end="806.124">
      <nite:child href="EN2003a.A.words.xml#id(EN2003a.A.words1598)..id(EN2003a.A.words1614)"/>
   </segment>
   <segment nite:id="EN2003a.sync.142" channel="0" transcriber_start="809.344" transcriber_end="814.977">
      <nite:child href="EN2003a.A.words.xml#id(EN2003a.A.words1615)..id(EN2003a.A.words1641)"/>
   </segment>
   <segment nite:id="EN2003a.sync.144" channel="0" transcriber_start="818.176" transcriber_end="819.589">
      <nite:child href="EN2003a.A.words.xml#id(EN2003a.A.words1642)..id(EN2003a.A.words1645)"/>
   </segment>
   <segment nite:id="EN2003a.sync.146" channel="0" transcriber_start="829.936" transcriber_end="830.699">
      <nite:child href="EN2003a.A.words.xml#id(EN2003a.A.words1646)..id(EN2003a.A.words1648)"/>
   </segment>
   <segment nite:id="EN2003a.sync.148" channel="0" transcriber_start="832.688" transcriber_end="847.152">
      <nite:child href="EN2003a.A.words.xml#id(EN2003a.A.words1649)..id(EN2003a.A.words1693)"/>
   </segment>
   <segment nite:id="EN2003a.sync.150" channel="0" transcriber_start="850.076" transcriber_end="850.617">
      <nite:child href="EN2003a.A.words.xml#id(EN2003a.A.words1694)..id(EN2003a.A.words1695)"/>
   </segment>
   <segment nite:id="EN2003a.sync.152" channel="0" transcriber_start="885.216" transcriber_end="886.48">
      <nite:child href="EN2003a.A.words.xml#id(EN2003a.A.words1696)..id(EN2003a.A.words1701)"/>
   </segment>
   <segment nite:id="EN2003a.sync.154" channel="0" transcriber_start="887.568" transcriber_end="894.24">
      <nite:child href="EN2003a.A.words.xml#id(EN2003a.A.words1702)..id(EN2003a.A.words1714)"/>
   </segment>
   <segment nite:id="EN2003a.sync.156" channel="0" transcriber_start="897.164" transcriber_end="897.574">
      <nite:child href="EN2003a.A.words.xml#id(EN2003a.A.words1715)..id(EN2003a.A.words1717)"/>
   </segment>
   <segment nite:id="EN2003a.sync.158" channel="0" transcriber_start="899.632" transcriber_end="912.336">
      <nite:child href="EN2003a.A.words.xml#id(EN2003a.A.words1718)..id(EN2003a.A.words1761)"/>
   </segment>
   <segment nite:id="EN2003a.sync.160" channel="0" transcriber_start="913.712" transcriber_end="920.048">
      <nite:child href="EN2003a.A.words.xml#id(EN2003a.A.words1762)..id(EN2003a.A.words1791)"/>
   </segment>
   <segment nite:id="EN2003a.sync.162" channel="0" transcriber_start="920.949" transcriber_end="921.21">
      <nite:child href="EN2003a.A.words.xml#id(EN2003a.A.words1792)..id(EN2003a.A.words1793)"/>
   </segment>
   <segment nite:id="EN2003a.sync.164" channel="0" transcriber_start="925.024" transcriber_end="926.736">
      <nite:child href="EN2003a.A.words.xml#id(EN2003a.A.words1794)..id(EN2003a.A.words1802)"/>
   </segment>
   <segment nite:id="EN2003a.sync.166" channel="0" transcriber_start="927.471" transcriber_end="927.657">
      <nite:child href="EN2003a.A.words.xml#id(EN2003a.A.words1803)..id(EN2003a.A.words1804)"/>
   </segment>
   <segment nite:id="EN2003a.sync.168" channel="0" transcriber_start="933.935" transcriber_end="936.928">
      <nite:child href="EN2003a.A.words.xml#id(EN2003a.A.words1805)..id(EN2003a.A.words1818)"/>
   </segment>
   <segment nite:id="EN2003a.sync.170" channel="0" transcriber_start="938.464" transcriber_end="942.448">
      <nite:child href="EN2003a.A.words.xml#id(EN2003a.A.words1819)..id(EN2003a.A.words1839)"/>
   </segment>
   <segment nite:id="EN2003a.sync.172" channel="0" transcriber_start="943.255" transcriber_end="956.72">
      <nite:child href="EN2003a.A.words.xml#id(EN2003a.A.words1840)..id(EN2003a.A.words1880)"/>
   </segment>
   <segment nite:id="EN2003a.sync.174" channel="0" transcriber_start="959.189" transcriber_end="977.392">
      <nite:child href="EN2003a.A.words.xml#id(EN2003a.A.words1881)..id(EN2003a.A.words1943)"/>
   </segment>
   <segment nite:id="EN2003a.sync.176" channel="0" transcriber_start="978.672" transcriber_end="984.897">
      <nite:child href="EN2003a.A.words.xml#id(EN2003a.A.words1944)..id(EN2003a.A.words1973)"/>
   </segment>
   <segment nite:id="EN2003a.sync.178" channel="0" transcriber_start="992.992" transcriber_end="998.592">
      <nite:child href="EN2003a.A.words.xml#id(EN2003a.A.words1974)..id(EN2003a.A.words1995)"/>
   </segment>
   <segment nite:id="EN2003a.sync.180" channel="0" transcriber_start="1008.309" transcriber_end="1008.8">
      <nite:child href="EN2003a.A.words.xml#id(EN2003a.A.words1996)..id(EN2003a.A.words1997)"/>
   </segment>
   <segment nite:id="EN2003a.sync.182" channel="0" transcriber_start="1014.496" transcriber_end="1015.278">
      <nite:child href="EN2003a.A.words.xml#id(EN2003a.A.words1998)..id(EN2003a.A.words2001)"/>
   </segment>
   <segment nite:id="EN2003a.sync.184" channel="0" transcriber_start="1021.024" transcriber_end="1021.664">
      <nite:child href="EN2003a.A.words.xml#id(EN2003a.A.words2002)..id(EN2003a.A.words2003)"/>
   </segment>
   <segment nite:id="EN2003a.sync.186" channel="0" transcriber_start="1022.416" transcriber_end="1067.536">
      <nite:child href="EN2003a.A.words.xml#id(EN2003a.A.words2004)..id(EN2003a.A.words2172)"/>
   </segment>
   <segment nite:id="EN2003a.sync.188" channel="0" transcriber_start="1072.081" transcriber_end="1073.712">
      <nite:child href="EN2003a.A.words.xml#id(EN2003a.A.words2173)..id(EN2003a.A.words2176)"/>
   </segment>
   <segment nite:id="EN2003a.sync.190" channel="0" transcriber_start="1084.168" transcriber_end="1086.464">
      <nite:child href="EN2003a.A.words.xml#id(EN2003a.A.words2177)..id(EN2003a.A.words2186)"/>
   </segment>
   <segment nite:id="EN2003a.sync.192" channel="0" transcriber_start="1088.304" transcriber_end="1093.585">
      <nite:child href="EN2003a.A.words.xml#id(EN2003a.A.words2187)..id(EN2003a.A.words2200)"/>
   </segment>
   <segment nite:id="EN2003a.sync.194" channel="0" transcriber_start="1095.136" transcriber_end="1095.702">
      <nite:child href="EN2003a.A.words.xml#id(EN2003a.A.words2201)..id(EN2003a.A.words2203)"/>
   </segment>
   <segment nite:id="EN2003a.sync.196" channel="0" transcriber_start="1099.376" transcriber_end="1113.152">
      <nite:child href="EN2003a.A.words.xml#id(EN2003a.A.words2204)..id(EN2003a.A.words2248)"/>
   </segment>
   <segment nite:id="EN2003a.sync.198" channel="0" transcriber_start="1121.509" transcriber_end="1124.528">
      <nite:child href="EN2003a.A.words.xml#id(EN2003a.A.words2249)..id(EN2003a.A.words2263)"/>
   </segment>
   <segment nite:id="EN2003a.sync.200" channel="0" transcriber_start="1128.813" transcriber_end="1130.288">
      <nite:child href="EN2003a.A.words.xml#id(EN2003a.A.words2264)..id(EN2003a.A.words2268)"/>
   </segment>
   <segment nite:id="EN2003a.sync.202" channel="0" transcriber_start="1131.82" transcriber_end="1152.544">
      <nite:child href="EN2003a.A.words.xml#id(EN2003a.A.words2269)..id(EN2003a.A.words2326)"/>
   </segment>
   <segment nite:id="EN2003a.sync.204" channel="0" transcriber_start="1153.856" transcriber_end="1161.248">
      <nite:child href="EN2003a.A.words.xml#id(EN2003a.A.words2327)..id(EN2003a.A.words2355)"/>
   </segment>
   <segment nite:id="EN2003a.sync.206" channel="0" transcriber_start="1162.785" transcriber_end="1169.888">
      <nite:child href="EN2003a.A.words.xml#id(EN2003a.A.words2356)..id(EN2003a.A.words2385)"/>
   </segment>
   <segment nite:id="EN2003a.sync.208" channel="0" transcriber_start="1171.744" transcriber_end="1172.4">
      <nite:child href="EN2003a.A.words.xml#id(EN2003a.A.words2386)..id(EN2003a.A.words2388)"/>
   </segment>
   <segment nite:id="EN2003a.sync.210" channel="0" transcriber_start="1176.336" transcriber_end="1188.288">
      <nite:child href="EN2003a.A.words.xml#id(EN2003a.A.words2389)..id(EN2003a.A.words2408)"/>
   </segment>
   <segment nite:id="EN2003a.sync.212" channel="0" transcriber_start="1194.4" transcriber_end="1195.248">
      <nite:child href="EN2003a.A.words.xml#id(EN2003a.A.words2409)..id(EN2003a.A.words2410)"/>
   </segment>
   <segment nite:id="EN2003a.sync.214" channel="0" transcriber_start="1196.816" transcriber_end="1197.377">
      <nite:child href="EN2003a.A.words.xml#id(EN2003a.A.words2411)..id(EN2003a.A.words2413)"/>
   </segment>
   <segment nite:id="EN2003a.sync.216" channel="0" transcriber_start="1215.254" transcriber_end="1216.243">
      <nite:child href="EN2003a.A.words.xml#id(EN2003a.A.words2414)"/>
   </segment>
   <segment nite:id="EN2003a.sync.218" channel="0" transcriber_start="1222.0" transcriber_end="1223.264">
      <nite:child href="EN2003a.A.words.xml#id(EN2003a.A.words2415)..id(EN2003a.A.words2422)"/>
   </segment>
   <segment nite:id="EN2003a.sync.220" channel="0" transcriber_start="1236.72" transcriber_end="1279.427">
      <nite:child href="EN2003a.A.words.xml#id(EN2003a.A.words2423)..id(EN2003a.A.words2556)"/>
   </segment>
   <segment nite:id="EN2003a.sync.222" channel="0" transcriber_start="1280.475" transcriber_end="1317.873">
      <nite:child href="EN2003a.A.words.xml#id(EN2003a.A.words2557)..id(EN2003a.A.words2670)"/>
   </segment>
   <segment nite:id="EN2003a.sync.224" channel="0" transcriber_start="1319.28" transcriber_end="1322.56">
      <nite:child href="EN2003a.A.words.xml#id(EN2003a.A.words2671)..id(EN2003a.A.words2687)"/>
   </segment>
   <segment nite:id="EN2003a.sync.226" channel="0" transcriber_start="1323.808" transcriber_end="1329.024">
      <nite:child href="EN2003a.A.words.xml#id(EN2003a.A.words2688)..id(EN2003a.A.words2706)"/>
   </segment>
   <segment nite:id="EN2003a.sync.228" channel="0" transcriber_start="1330.576" transcriber_end="1332.32">
      <nite:child href="EN2003a.A.words.xml#id(EN2003a.A.words2707)..id(EN2003a.A.words2712)"/>
   </segment>
   <segment nite:id="EN2003a.sync.230" channel="0" transcriber_start="1333.664" transcriber_end="1339.52">
      <nite:child href="EN2003a.A.words.xml#id(EN2003a.A.words2713)..id(EN2003a.A.words2737)"/>
   </segment>
   <segment nite:id="EN2003a.sync.232" channel="0" transcriber_start="1340.72" transcriber_end="1343.232">
      <nite:child href="EN2003a.A.words.xml#id(EN2003a.A.words2738)..id(EN2003a.A.words2742)"/>
   </segment>
   <segment nite:id="EN2003a.sync.234" channel="0" transcriber_start="1346.341" transcriber_end="1347.971">
      <nite:child href="EN2003a.A.words.xml#id(EN2003a.A.words2743)..id(EN2003a.A.words2746)"/>
   </segment>
   <segment nite:id="EN2003a.sync.236" channel="0" transcriber_start="1349.76" transcriber_end="1354.649">
      <nite:child href="EN2003a.A.words.xml#id(EN2003a.A.words2747)..id(EN2003a.A.words2754)"/>
   </segment>
   <segment nite:id="EN2003a.sync.238" channel="0" transcriber_start="1355.888" transcriber_end="1359.104">
      <nite:child href="EN2003a.A.words.xml#id(EN2003a.A.words2755)..id(EN2003a.A.words2764)"/>
   </segment>
   <segment nite:id="EN2003a.sync.240" channel="0" transcriber_start="1360.528" transcriber_end="1362.173">
      <nite:child href="EN2003a.A.words.xml#id(EN2003a.A.words2765)..id(EN2003a.A.words2768)"/>
   </segment>
   <segment nite:id="EN2003a.sync.242" channel="0" transcriber_start="1363.648" transcriber_end="1368.218">
      <nite:child href="EN2003a.A.words.xml#id(EN2003a.A.words2769)..id(EN2003a.A.words2775)"/>
   </segment>
   <segment nite:id="EN2003a.sync.244" channel="0" transcriber_start="1374.208" transcriber_end="1391.225">
      <nite:child href="EN2003a.A.words.xml#id(EN2003a.A.words2776)..id(EN2003a.A.words2836)"/>
   </segment>
   <segment nite:id="EN2003a.sync.246" channel="0" transcriber_start="1394.464" transcriber_end="1399.577">
      <nite:child href="EN2003a.A.words.xml#id(EN2003a.A.words2837)..id(EN2003a.A.words2855)"/>
   </segment>
   <segment nite:id="EN2003a.sync.248" channel="0" transcriber_start="1408.704" transcriber_end="1420.048">
      <nite:child href="EN2003a.A.words.xml#id(EN2003a.A.words2856)..id(EN2003a.A.words2900)"/>
   </segment>
   <segment nite:id="EN2003a.sync.250" channel="0" transcriber_start="1424.075" transcriber_end="1436.304">
      <nite:child href="EN2003a.A.words.xml#id(EN2003a.A.words2901)..id(EN2003a.A.words2938)"/>
   </segment>
   <segment nite:id="EN2003a.sync.252" channel="0" transcriber_start="1437.488" transcriber_end="1489.901">
      <nite:child href="EN2003a.A.words.xml#id(EN2003a.A.words2939)..id(EN2003a.A.words3132)"/>
   </segment>
   <segment nite:id="EN2003a.sync.254" channel="0" transcriber_start="1490.478" transcriber_end="1512.0">
      <nite:child href="EN2003a.A.words.xml#id(EN2003a.A.words3133)..id(EN2003a.A.words3218)"/>
   </segment>
   <segment nite:id="EN2003a.sync.256" channel="0" transcriber_start="1513.031" transcriber_end="1513.754">
      <nite:child href="EN2003a.A.words.xml#id(EN2003a.A.words3219)..id(EN2003a.A.words3220)"/>
   </segment>
   <segment nite:id="EN2003a.sync.258" channel="0" transcriber_start="1515.296" transcriber_end="1519.824">
      <nite:child href="EN2003a.A.words.xml#id(EN2003a.A.words3221)..id(EN2003a.A.words3239)"/>
   </segment>
   <segment nite:id="EN2003a.sync.260" channel="0" transcriber_start="1521.312" transcriber_end="1560.063">
      <nite:child href="EN2003a.A.words.xml#id(EN2003a.A.words3240)..id(EN2003a.A.words3396)"/>
   </segment>
   <segment nite:id="EN2003a.sync.262" channel="0" transcriber_start="1561.52" transcriber_end="1562.295">
      <nite:child href="EN2003a.A.words.xml#id(EN2003a.A.words3397)..id(EN2003a.A.words3399)"/>
   </segment>
   <segment nite:id="EN2003a.sync.264" channel="0" transcriber_start="1564.814" transcriber_end="1566.635">
      <nite:child href="EN2003a.A.words.xml#id(EN2003a.A.words3400)..id(EN2003a.A.words3405)"/>
   </segment>
   <segment nite:id="EN2003a.sync.266" channel="0" transcriber_start="1579.018" transcriber_end="1586.768">
      <nite:child href="EN2003a.A.words.xml#id(EN2003a.A.words3406)..id(EN2003a.A.words3429)"/>
   </segment>
   <segment nite:id="EN2003a.sync.268" channel="0" transcriber_start="1587.872" transcriber_end="1589.008">
      <nite:child href="EN2003a.A.words.xml#id(EN2003a.A.words3430)"/>
   </segment>
   <segment nite:id="EN2003a.sync.270" channel="0" transcriber_start="1590.816" transcriber_end="1606.878">
      <nite:child href="EN2003a.A.words.xml#id(EN2003a.A.words3431)..id(EN2003a.A.words3488)"/>
   </segment>
   <segment nite:id="EN2003a.sync.272" channel="0" transcriber_start="1608.72" transcriber_end="1613.008">
      <nite:child href="EN2003a.A.words.xml#id(EN2003a.A.words3489)..id(EN2003a.A.words3505)"/>
   </segment>
   <segment nite:id="EN2003a.sync.274" channel="0" transcriber_start="1615.402" transcriber_end="1615.663">
      <nite:child href="EN2003a.A.words.xml#id(EN2003a.A.words3506)"/>
   </segment>
   <segment nite:id="EN2003a.sync.276" channel="0" transcriber_start="1620.144" transcriber_end="1638.512">
      <nite:child href="EN2003a.A.words.xml#id(EN2003a.A.words3507)..id(EN2003a.A.words3565)"/>
   </segment>
   <segment nite:id="EN2003a.sync.278" channel="0" transcriber_start="1651.408" transcriber_end="1658.752">
      <nite:child href="EN2003a.A.words.xml#id(EN2003a.A.words3566)..id(EN2003a.A.words3593)"/>
   </segment>
   <segment nite:id="EN2003a.sync.280" channel="0" transcriber_start="1662.176" transcriber_end="1670.304">
      <nite:child href="EN2003a.A.words.xml#id(EN2003a.A.words3594)..id(EN2003a.A.words3625)"/>
   </segment>
   <segment nite:id="EN2003a.sync.282" channel="0" transcriber_start="1671.6" transcriber_end="1694.128">
      <nite:child href="EN2003a.A.words.xml#id(EN2003a.A.words3626)..id(EN2003a.A.words3701)"/>
   </segment>
   <segment nite:id="EN2003a.sync.284" channel="0" transcriber_start="1695.014" transcriber_end="1715.277">
      <nite:child href="EN2003a.A.words.xml#id(EN2003a.A.words3702)..id(EN2003a.A.words3784)"/>
   </segment>
   <segment nite:id="EN2003a.sync.286" channel="0" transcriber_start="1716.592" transcriber_end="1719.861">
      <nite:child href="EN2003a.A.words.xml#id(EN2003a.A.words3785)..id(EN2003a.A.words3791)"/>
   </segment>
   <segment nite:id="EN2003a.sync.288" channel="0" transcriber_start="1721.783" transcriber_end="1735.769">
      <nite:child href="EN2003a.A.words.xml#id(EN2003a.A.words3792)..id(EN2003a.A.words3826)"/>
   </segment>
   <segment nite:id="EN2003a.sync.290" channel="0" transcriber_start="1741.799" transcriber_end="1742.464">
      <nite:child href="EN2003a.A.words.xml#id(EN2003a.A.words3827)..id(EN2003a.A.words3828)"/>
   </segment>
   <segment nite:id="EN2003a.sync.292" channel="0" transcriber_start="1757.146" transcriber_end="1766.779">
      <nite:child href="EN2003a.A.words.xml#id(EN2003a.A.words3829)..id(EN2003a.A.words3870)"/>
   </segment>
   <segment nite:id="EN2003a.sync.294" channel="0" transcriber_start="1768.549" transcriber_end="1771.601">
      <nite:child href="EN2003a.A.words.xml#id(EN2003a.A.words3871)..id(EN2003a.A.words3880)"/>
   </segment>
   <segment nite:id="EN2003a.sync.296" channel="0" transcriber_start="1774.312" transcriber_end="1799.84">
      <nite:child href="EN2003a.A.words.xml#id(EN2003a.A.words3881)..id(EN2003a.A.words3967)"/>
   </segment>
   <segment nite:id="EN2003a.sync.298" channel="0" transcriber_start="1802.365" transcriber_end="1804.984">
      <nite:child href="EN2003a.A.words.xml#id(EN2003a.A.words3968)..id(EN2003a.A.words3980)"/>
   </segment>
   <segment nite:id="EN2003a.sync.300" channel="0" transcriber_start="1805.984" transcriber_end="1839.594">
      <nite:child href="EN2003a.A.words.xml#id(EN2003a.A.words3981)..id(EN2003a.A.words4104)"/>
   </segment>
   <segment nite:id="EN2003a.sync.302" channel="0" transcriber_start="1840.768" transcriber_end="1847.68">
      <nite:child href="EN2003a.A.words.xml#id(EN2003a.A.words4105)..id(EN2003a.A.words4124)"/>
   </segment>
   <segment nite:id="EN2003a.sync.304" channel="0" transcriber_start="1848.928" transcriber_end="1858.345">
      <nite:child href="EN2003a.A.words.xml#id(EN2003a.A.words4125)..id(EN2003a.A.words4145)"/>
   </segment>
   <segment nite:id="EN2003a.sync.306" channel="0" transcriber_start="1861.44" transcriber_end="1862.295">
      <nite:child href="EN2003a.A.words.xml#id(EN2003a.A.words4146)"/>
   </segment>
   <segment nite:id="EN2003a.sync.308" channel="0" transcriber_start="1864.064" transcriber_end="1871.68">
      <nite:child href="EN2003a.A.words.xml#id(EN2003a.A.words4147)..id(EN2003a.A.words4169)"/>
   </segment>
   <segment nite:id="EN2003a.sync.310" channel="0" transcriber_start="1878.96" transcriber_end="1880.25">
      <nite:child href="EN2003a.A.words.xml#id(EN2003a.A.words4170)..id(EN2003a.A.words4172)"/>
   </segment>
   <segment nite:id="EN2003a.sync.312" channel="0" transcriber_start="1882.96" transcriber_end="1883.616">
      <nite:child href="EN2003a.A.words.xml#id(EN2003a.A.words4173)..id(EN2003a.A.words4174)"/>
   </segment>
   <segment nite:id="EN2003a.sync.314" channel="0" transcriber_start="1884.992" transcriber_end="1887.152">
      <nite:child href="EN2003a.A.words.xml#id(EN2003a.A.words4175)..id(EN2003a.A.words4184)"/>
   </segment>
   <segment nite:id="EN2003a.sync.316" channel="0" transcriber_start="1888.528" transcriber_end="1889.328">
      <nite:child href="EN2003a.A.words.xml#id(EN2003a.A.words4185)..id(EN2003a.A.words4190)"/>
   </segment>
   <segment nite:id="EN2003a.sync.318" channel="0" transcriber_start="1890.993" transcriber_end="1892.624">
      <nite:child href="EN2003a.A.words.xml#id(EN2003a.A.words4191)..id(EN2003a.A.words4196)"/>
   </segment>
   <segment nite:id="EN2003a.sync.320" channel="0" transcriber_start="1899.68" transcriber_end="1913.088">
      <nite:child href="EN2003a.A.words.xml#id(EN2003a.A.words4197)..id(EN2003a.A.words4233)"/>
   </segment>
   <segment nite:id="EN2003a.sync.322" channel="0" transcriber_start="1915.52" transcriber_end="1926.496">
      <nite:child href="EN2003a.A.words.xml#id(EN2003a.A.words4234)..id(EN2003a.A.words4272)"/>
   </segment>
   <segment nite:id="EN2003a.sync.324" channel="0" transcriber_start="1928.272" transcriber_end="1929.36">
      <nite:child href="EN2003a.A.words.xml#id(EN2003a.A.words4273)..id(EN2003a.A.words4277)"/>
   </segment>
   <segment nite:id="EN2003a.sync.326" channel="0" transcriber_start="1935.776" transcriber_end="1941.488">
      <nite:child href="EN2003a.A.words.xml#id(EN2003a.A.words4278)..id(EN2003a.A.words4303)"/>
   </segment>
   <segment nite:id="EN2003a.sync.328" channel="0" transcriber_start="1946.544" transcriber_end="1964.474">
      <nite:child href="EN2003a.A.words.xml#id(EN2003a.A.words4304)..id(EN2003a.A.words4393)"/>
   </segment>
   <segment nite:id="EN2003a.sync.330" channel="0" transcriber_start="1974.544" transcriber_end="1978.576">
      <nite:child href="EN2003a.A.words.xml#id(EN2003a.A.words4394)..id(EN2003a.A.words4405)"/>
   </segment>
   <segment nite:id="EN2003a.sync.332" channel="0" transcriber_start="1980.512" transcriber_end="1986.304">
      <nite:child href="EN2003a.A.words.xml#id(EN2003a.A.words4406)..id(EN2003a.A.words4425)"/>
   </segment>
   <segment nite:id="EN2003a.sync.334" channel="0" transcriber_start="1987.776" transcriber_end="1992.035">
      <nite:child href="EN2003a.A.words.xml#id(EN2003a.A.words4426)..id(EN2003a.A.words4434)"/>
   </segment>
   <segment nite:id="EN2003a.sync.336" channel="0" transcriber_start="1995.872" transcriber_end="1998.909">
      <nite:child href="EN2003a.A.words.xml#id(EN2003a.A.words4435)..id(EN2003a.A.words4448)"/>
   </segment>
   <segment nite:id="EN2003a.sync.338" channel="0" transcriber_start="2005.472" transcriber_end="2021.593">
      <nite:child href="EN2003a.A.words.xml#id(EN2003a.A.words4449)..id(EN2003a.A.words4500)"/>
   </segment>
   <segment nite:id="EN2003a.sync.340" channel="0" transcriber_start="2022.8" transcriber_end="2054.304">
      <nite:child href="EN2003a.A.words.xml#id(EN2003a.A.words4501)..id(EN2003a.A.words4640)"/>
   </segment>
   <segment nite:id="EN2003a.sync.342" channel="0" transcriber_start="2057.824" transcriber_end="2061.744">
      <nite:child href="EN2003a.A.words.xml#id(EN2003a.A.words4641)..id(EN2003a.A.words4657)"/>
   </segment>
   <segment nite:id="EN2003a.sync.344" channel="0" transcriber_start="2065.744" transcriber_end="2066.458">
      <nite:child href="EN2003a.A.words.xml#id(EN2003a.A.words4658)..id(EN2003a.A.words4661)"/>
   </segment>
   <segment nite:id="EN2003a.sync.346" channel="0" transcriber_start="2068.704" transcriber_end="2103.298">
      <nite:child href="EN2003a.A.words.xml#id(EN2003a.A.words4662)..id(EN2003a.A.words4816)"/>
   </segment>
   <segment nite:id="EN2003a.sync.348" channel="0" transcriber_start="2104.896" transcriber_end="2118.8">
      <nite:child href="EN2003a.A.words.xml#id(EN2003a.A.words4817)..id(EN2003a.A.words4870)"/>
   </segment>
   <segment nite:id="EN2003a.sync.350" channel="0" transcriber_start="2121.952" transcriber_end="2132.688">
      <nite:child href="EN2003a.A.words.xml#id(EN2003a.A.words4871)..id(EN2003a.A.words4912)"/>
   </segment>
   <segment nite:id="EN2003a.sync.352" channel="0" transcriber_start="2136.275" transcriber_end="2136.573">
      <nite:child href="EN2003a.A.words.xml#id(EN2003a.A.words4913)"/>
   </segment>
   <segment nite:id="EN2003a.sync.354" channel="0" transcriber_start="2137.152" transcriber_end="2140.128">
      <nite:child href="EN2003a.A.words.xml#id(EN2003a.A.words4914)..id(EN2003a.A.words4916)"/>
   </segment>
   <segment nite:id="EN2003a.sync.356" channel="0" transcriber_start="2158.144" transcriber_end="2158.869">
      <nite:child href="EN2003a.A.words.xml#id(EN2003a.A.words4917)..id(EN2003a.A.words4918)"/>
   </segment>
   <segment nite:id="EN2003a.sync.358" channel="0" transcriber_start="2159.641" transcriber_end="2159.977">
      <nite:child href="EN2003a.A.words.xml#id(EN2003a.A.words4919)"/>
   </segment>
   <segment nite:id="EN2003a.sync.360" channel="0" transcriber_start="2161.574" transcriber_end="2171.984">
      <nite:child href="EN2003a.A.words.xml#id(EN2003a.A.words4920)..id(EN2003a.A.words4961)"/>
   </segment>
   <segment nite:id="EN2003a.sync.362" channel="0" transcriber_start="2173.552" transcriber_end="2180.563">
      <nite:child href="EN2003a.A.words.xml#id(EN2003a.A.words4962)..id(EN2003a.A.words4997)"/>
   </segment>
   <segment nite:id="EN2003a.sync.364" channel="0" transcriber_start="2185.184" transcriber_end="2192.752">
      <nite:child href="EN2003a.A.words.xml#id(EN2003a.A.words4998)..id(EN2003a.A.words5027)"/>
   </segment>
   <segment nite:id="EN2003a.sync.366" channel="0" transcriber_start="2201.6" transcriber_end="2202.608">
      <nite:child href="EN2003a.A.words.xml#id(EN2003a.A.words5028)..id(EN2003a.A.words5032)"/>
   </segment>
   <segment nite:id="EN2003a.sync.368" channel="0" transcriber_start="2223.28" transcriber_end="2223.696">
      <nite:child href="EN2003a.A.words.xml#id(EN2003a.A.words5033)..id(EN2003a.A.words5034)"/>
   </segment>
</nite:root>