<?xml version="1.0" encoding="ISO-8859-1" standalone="yes"?>
<nite:root nite:id="EN2003a.C.words" xmlns:nite="http://nite.sourceforge.net/">
   <w nite:id="EN2003a.C.words0" starttime="14.41" endtime="15.92">Mm-hmm</w>
   <w nite:id="EN2003a.C.words1" starttime="15.92" endtime="15.92" punc="true">.</w>
   <w nite:id="EN2003a.C.words2" starttime="15.92" endtime="16.36">Mm-hmm</w>
   <w nite:id="EN2003a.C.words3" starttime="16.36" endtime="16.36" punc="true">.</w>
   <w nite:id="EN2003a.C.words4" starttime="21.32" endtime="21.61">Yeah</w>
   <w nite:id="EN2003a.C.words5" starttime="21.61" endtime="21.61" punc="true">.</w>
   <w nite:id="EN2003a.C.words6" starttime="42.7" endtime="43.04">Mm-hmm</w>
   <w nite:id="EN2003a.C.words7" starttime="43.04" endtime="43.04" punc="true">.</w>
   <w nite:id="EN2003a.C.words8" starttime="54.46" endtime="54.65">Yeah</w>
   <w nite:id="EN2003a.C.words9" starttime="54.65" endtime="54.65" punc="true">.</w>
   <w nite:id="EN2003a.C.words10" starttime="63.75" endtime="64.12">Okay</w>
   <w nite:id="EN2003a.C.words11" starttime="64.12" endtime="64.12" punc="true">.</w>
   <vocalsound nite:id="EN2003a.C.words12" starttime="65.600" endtime="67.340" type="laugh"/>
   <w nite:id="EN2003a.C.words13" starttime="74.37" endtime="74.78">Yeah</w>
   <w nite:id="EN2003a.C.words14" starttime="74.78" endtime="74.78" punc="true">,</w>
   <w nite:id="EN2003a.C.words15" starttime="74.78" endtime="76.51">right</w>
   <w nite:id="EN2003a.C.words16" starttime="76.51" endtime="76.51" punc="true">.</w>
   <w nite:id="EN2003a.C.words17" starttime="76.51" endtime="76.64">Where</w>
   <w nite:id="EN2003a.C.words18" starttime="76.64" endtime="76.77">should</w>
   <w nite:id="EN2003a.C.words19" starttime="76.77" endtime="76.88">we</w>
   <w nite:id="EN2003a.C.words20" starttime="76.88" endtime="79.06">start</w>
   <w nite:id="EN2003a.C.words21" starttime="79.06" endtime="79.06" punc="true">?</w>
   <w nite:id="EN2003a.C.words22" starttime="79.06" endtime="79.26">What</w>
   <w nite:id="EN2003a.C.words23" starttime="79.26" endtime="79.45">have</w>
   <w nite:id="EN2003a.C.words24" starttime="79.45" endtime="79.56">we</w>
   <w nite:id="EN2003a.C.words25" starttime="79.56" endtime="79.73">got</w>
   <w nite:id="EN2003a.C.words26" starttime="79.73" endtime="79.73" punc="true">?</w>
   <w nite:id="EN2003a.C.words27" starttime="87.88" endtime="88.26">Mm-hmm</w>
   <w nite:id="EN2003a.C.words28" starttime="88.26" endtime="88.26" punc="true">.</w>
   <w nite:id="EN2003a.C.words29" starttime="100.31" endtime="100.66">Yeah</w>
   <w nite:id="EN2003a.C.words30" starttime="100.66" endtime="100.66" punc="true">,</w>
   <w nite:id="EN2003a.C.words31" starttime="100.66" endtime="100.96">right</w>
   <w nite:id="EN2003a.C.words32" starttime="100.96" endtime="100.96" punc="true">.</w>
   <w nite:id="EN2003a.C.words33" starttime="129.49" endtime="129.71">Mm-hmm</w>
   <w nite:id="EN2003a.C.words34" starttime="129.71" endtime="129.71" punc="true">.</w>
   <vocalsound nite:id="EN2003a.C.words35" starttime="156.402" endtime="156.924" type="laugh"/>
   <w nite:id="EN2003a.C.words36" starttime="159.81" endtime="160.24">Yeah</w>
   <w nite:id="EN2003a.C.words37" starttime="160.24" endtime="160.24" punc="true">,</w>
   <w nite:id="EN2003a.C.words38" starttime="160.24" endtime="160.69">yeah</w>
   <w nite:id="EN2003a.C.words39" starttime="160.69" endtime="160.69" punc="true">.</w>
   <w nite:id="EN2003a.C.words40" starttime="160.69" endtime="160.77">I</w>
   <w nite:id="EN2003a.C.words41" starttime="160.77" endtime="161.34" trunc="true">thi</w>
   <w nite:id="EN2003a.C.words42" starttime="161.34" endtime="161.76">separate</w>
   <w nite:id="EN2003a.C.words43" starttime="161.76" endtime="162.02">course</w>
   <w nite:id="EN2003a.C.words44" starttime="162.02" endtime="162.15">is</w>
   <w nite:id="EN2003a.C.words45" starttime="162.15" endtime="162.37">good</w>
   <w nite:id="EN2003a.C.words46" starttime="162.37" endtime="162.66">idea</w>
   <w nite:id="EN2003a.C.words47" starttime="162.66" endtime="162.66" punc="true">.</w>
   <w nite:id="EN2003a.C.words48" starttime="162.66" endtime="163.06">That&#39;s</w>
   <disfmarker nite:id="EN2003a.C.words49" starttime="163.06" endtime="163.174"/>
   <w nite:id="EN2003a.C.words50" starttime="172.87" endtime="173.2">Mm-hmm</w>
   <w nite:id="EN2003a.C.words51" starttime="173.2" endtime="173.2" punc="true">.</w>
   <w nite:id="EN2003a.C.words52" starttime="205.61" endtime="205.89">Mm-hmm</w>
   <w nite:id="EN2003a.C.words53" starttime="205.89" endtime="205.89" punc="true">.</w>
   <w nite:id="EN2003a.C.words54" starttime="212.3" endtime="212.4">Mm</w>
   <w nite:id="EN2003a.C.words55" starttime="212.4" endtime="212.56">yeah</w>
   <w nite:id="EN2003a.C.words56" starttime="212.56" endtime="212.56" punc="true">.</w>
   <w nite:id="EN2003a.C.words57" starttime="218.19" endtime="219.07">Yeah</w>
   <w nite:id="EN2003a.C.words58" starttime="219.07" endtime="219.07" punc="true">.</w>
   <w nite:id="EN2003a.C.words59" starttime="219.07" endtime="219.33">Yeah</w>
   <w nite:id="EN2003a.C.words60" starttime="219.33" endtime="219.33" punc="true">,</w>
   <w nite:id="EN2003a.C.words61" starttime="219.33" endtime="219.52">when</w>
   <w nite:id="EN2003a.C.words62" starttime="219.52" endtime="219.62">in</w>
   <w nite:id="EN2003a.C.words63" starttime="219.62" endtime="219.92">doubt</w>
   <w nite:id="EN2003a.C.words64" starttime="219.92" endtime="219.92" punc="true">.</w>
   <w nite:id="EN2003a.C.words65" starttime="231.34" endtime="231.59">Mm-hmm</w>
   <w nite:id="EN2003a.C.words66" starttime="231.59" endtime="231.59" punc="true">.</w>
   <w nite:id="EN2003a.C.words67" starttime="251.87" endtime="252.16">Mm-hmm</w>
   <w nite:id="EN2003a.C.words68" starttime="252.16" endtime="252.16" punc="true">.</w>
   <w nite:id="EN2003a.C.words69" starttime="259.7" endtime="259.94">Yeah</w>
   <w nite:id="EN2003a.C.words70" starttime="259.94" endtime="259.94" punc="true">.</w>
   <vocalsound nite:id="EN2003a.C.words71" starttime="262.292" endtime="263.200" type="cough"/>
   <w nite:id="EN2003a.C.words72" starttime="269.67" endtime="270.28">Right</w>
   <w nite:id="EN2003a.C.words73" starttime="270.28" endtime="270.28" punc="true">.</w>
   <w nite:id="EN2003a.C.words74" starttime="270.28" endtime="271.16">But</w>
   <w nite:id="EN2003a.C.words75" starttime="271.16" endtime="271.78">the</w>
   <disfmarker nite:id="EN2003a.C.words76" starttime="271.78" endtime="271.78"/>
   <vocalsound nite:id="EN2003a.C.words77" starttime="271.78" endtime="271.78" type="other"/>
   <w nite:id="EN2003a.C.words78" starttime="271.78" endtime="271.87">the</w>
   <w nite:id="EN2003a.C.words79" starttime="271.87" endtime="272.23">text</w>
   <w nite:id="EN2003a.C.words80" starttime="272.23" endtime="272.37">for</w>
   <w nite:id="EN2003a.C.words81" starttime="272.37" endtime="272.46">the</w>
   <w nite:id="EN2003a.C.words82" starttime="272.46" endtime="272.76">actual</w>
   <w nite:id="EN2003a.C.words83" starttime="272.76" endtime="273.74">call</w>
   <w nite:id="EN2003a.C.words84" starttime="273.74" endtime="273.74" punc="true">,</w>
   <w nite:id="EN2003a.C.words85" starttime="273.74" endtime="273.81">is</w>
   <w nite:id="EN2003a.C.words86" starttime="273.81" endtime="273.99">she</w>
   <w nite:id="EN2003a.C.words87" starttime="273.99" endtime="274.21">going</w>
   <w nite:id="EN2003a.C.words88" starttime="274.21" endtime="275.07">to</w>
   <w nite:id="EN2003a.C.words89" starttime="275.07" endtime="275.93">re-work</w>
   <w nite:id="EN2003a.C.words90" starttime="275.93" endtime="276.43">something</w>
   <w nite:id="EN2003a.C.words91" starttime="276.43" endtime="277.63">or</w>
   <w nite:id="EN2003a.C.words92" starttime="277.63" endtime="277.99">uh</w>
   <disfmarker nite:id="EN2003a.C.words93" starttime="277.99" endtime="277.99"/>
   <w nite:id="EN2003a.C.words94" starttime="277.99" endtime="278.12">she</w>
   <w nite:id="EN2003a.C.words95" starttime="278.12" endtime="278.31">should</w>
   <disfmarker nite:id="EN2003a.C.words96" starttime="278.31" endtime="278.417"/>
   <w nite:id="EN2003a.C.words97" starttime="280.91" endtime="281.25">Mm-hmm</w>
   <w nite:id="EN2003a.C.words98" starttime="281.25" endtime="281.25" punc="true">.</w>
   <w nite:id="EN2003a.C.words99" starttime="283.88" endtime="283.98">I</w>
   <w nite:id="EN2003a.C.words100" starttime="283.98" endtime="284.18">think</w>
   <w nite:id="EN2003a.C.words101" starttime="284.18" endtime="284.29">she</w>
   <w nite:id="EN2003a.C.words102" starttime="284.29" endtime="284.46">might</w>
   <w nite:id="EN2003a.C.words103" starttime="284.46" endtime="284.56">be</w>
   <w nite:id="EN2003a.C.words104" starttime="284.56" endtime="284.87">glad</w>
   <w nite:id="EN2003a.C.words105" starttime="284.87" endtime="286.35">to</w>
   <w nite:id="EN2003a.C.words106" starttime="286.35" endtime="287.57">see</w>
   <w nite:id="EN2003a.C.words107" starttime="287.57" endtime="287.98">kinda</w>
   <w nite:id="EN2003a.C.words108" starttime="287.98" endtime="288.26">there</w>
   <gap nite:id="EN2003a.C.words109" starttime="288.26" endtime="288.26"/>
   <w nite:id="EN2003a.C.words110" starttime="288.26" endtime="289.85">linguistics</w>
   <w nite:id="EN2003a.C.words111" starttime="289.85" endtime="289.99">to</w>
   <w nite:id="EN2003a.C.words112" starttime="289.99" endtime="290.38">adapt</w>
   <w nite:id="EN2003a.C.words113" starttime="290.38" endtime="290.38" punc="true">.</w>
   <w nite:id="EN2003a.C.words114" starttime="290.38" endtime="290.56">That&#39;s</w>
   <w nite:id="EN2003a.C.words115" starttime="290.56" endtime="290.8">always</w>
   <w nite:id="EN2003a.C.words116" starttime="290.8" endtime="290.99">quite</w>
   <w nite:id="EN2003a.C.words117" starttime="290.99" endtime="291.45">helpful</w>
   <w nite:id="EN2003a.C.words118" starttime="291.45" endtime="291.45" punc="true">.</w>
   <w nite:id="EN2003a.C.words119" starttime="293.51" endtime="293.82">Mm-hmm</w>
   <w nite:id="EN2003a.C.words120" starttime="293.82" endtime="293.82" punc="true">.</w>
   <w nite:id="EN2003a.C.words121" starttime="296.42" endtime="296.62">Yep</w>
   <w nite:id="EN2003a.C.words122" starttime="296.62" endtime="296.62" punc="true">.</w>
   <w nite:id="EN2003a.C.words123" starttime="315.67" endtime="316.31">Yeah</w>
   <w nite:id="EN2003a.C.words124" starttime="316.31" endtime="316.31" punc="true">.</w>
   <w nite:id="EN2003a.C.words125" starttime="316.31" endtime="316.78">Yeah</w>
   <w nite:id="EN2003a.C.words126" starttime="316.78" endtime="316.78" punc="true">.</w>
   <w nite:id="EN2003a.C.words127" starttime="321.66" endtime="321.77" trunc="true">Ab</w>
   <vocalsound nite:id="EN2003a.C.words128" starttime="328.64" endtime="328.64" type="sound indicating ambivalence"/>
   <w nite:id="EN2003a.C.words129" starttime="328.97" endtime="329.1">Not</w>
   <w nite:id="EN2003a.C.words130" starttime="329.1" endtime="329.5">certain</w>
   <w nite:id="EN2003a.C.words131" starttime="329.5" endtime="330.26">anyway</w>
   <w nite:id="EN2003a.C.words132" starttime="330.26" endtime="330.26" punc="true">.</w>
   <w nite:id="EN2003a.C.words133" starttime="330.26" endtime="330.41">They</w>
   <w nite:id="EN2003a.C.words134" starttime="330.41" endtime="330.65">know</w>
   <w nite:id="EN2003a.C.words135" starttime="330.65" endtime="331.38">her</w>
   <w nite:id="EN2003a.C.words136" starttime="331.38" endtime="331.38" punc="true">.</w>
   <w nite:id="EN2003a.C.words137" starttime="331.38" endtime="331.56">That&#39;s</w>
   <w nite:id="EN2003a.C.words138" starttime="331.56" endtime="331.67">that</w>
   <w nite:id="EN2003a.C.words139" starttime="331.67" endtime="331.9">thing</w>
   <w nite:id="EN2003a.C.words140" starttime="331.9" endtime="331.9" punc="true">.</w>
   <w nite:id="EN2003a.C.words141" starttime="341.27" endtime="341.53">Mm-hmm</w>
   <w nite:id="EN2003a.C.words142" starttime="341.53" endtime="341.53" punc="true">.</w>
   <w nite:id="EN2003a.C.words143" starttime="345.99" endtime="346.3">Mm-hmm</w>
   <w nite:id="EN2003a.C.words144" starttime="346.3" endtime="346.3" punc="true">.</w>
   <w nite:id="EN2003a.C.words145" starttime="382.1" endtime="382.39">Yeah</w>
   <w nite:id="EN2003a.C.words146" starttime="382.39" endtime="382.39" punc="true">.</w>
   <w nite:id="EN2003a.C.words147" starttime="409.8" endtime="410.11">Mm-hmm</w>
   <w nite:id="EN2003a.C.words148" starttime="410.11" endtime="410.11" punc="true">.</w>
   <w nite:id="EN2003a.C.words149" starttime="441.83" endtime="441.92">I</w>
   <w nite:id="EN2003a.C.words150" starttime="441.92" endtime="442.59">don&#39;t</w>
   <w nite:id="EN2003a.C.words151" starttime="442.59" endtime="442.84">think</w>
   <w nite:id="EN2003a.C.words152" starttime="442.84" endtime="443.49">so</w>
   <w nite:id="EN2003a.C.words153" starttime="443.49" endtime="443.49" punc="true">.</w>
   <w nite:id="EN2003a.C.words154" starttime="444.66" endtime="445.06">Yeah</w>
   <w nite:id="EN2003a.C.words155" starttime="445.06" endtime="445.06" punc="true">.</w>
   <w nite:id="EN2003a.C.words156" starttime="446.68" endtime="447.13">Yeah</w>
   <w nite:id="EN2003a.C.words157" starttime="447.13" endtime="447.13" punc="true">.</w>
   <w nite:id="EN2003a.C.words158" starttime="449.49" endtime="449.84">Yeah</w>
   <w nite:id="EN2003a.C.words159" starttime="449.84" endtime="449.84" punc="true">.</w>
   <w nite:id="EN2003a.C.words160" starttime="452.52" endtime="452.81">I</w>
   <w nite:id="EN2003a.C.words161" starttime="452.81" endtime="453.86" trunc="true">w</w>
   <w nite:id="EN2003a.C.words162" starttime="453.86" endtime="453.98">well</w>
   <w nite:id="EN2003a.C.words163" starttime="453.98" endtime="454.15">let&#39;s</w>
   <w nite:id="EN2003a.C.words164" starttime="454.15" endtime="454.36">send</w>
   <w nite:id="EN2003a.C.words165" starttime="454.36" endtime="454.51">out</w>
   <w nite:id="EN2003a.C.words166" starttime="454.51" endtime="454.62">the</w>
   <w nite:id="EN2003a.C.words167" starttime="454.62" endtime="454.89">call</w>
   <w nite:id="EN2003a.C.words168" starttime="454.89" endtime="454.97">as</w>
   <w nite:id="EN2003a.C.words169" starttime="454.97" endtime="455.19">soon</w>
   <w nite:id="EN2003a.C.words170" starttime="455.19" endtime="455.31">as</w>
   <w nite:id="EN2003a.C.words171" starttime="455.31" endtime="455.84">possible</w>
   <w nite:id="EN2003a.C.words172" starttime="455.84" endtime="455.84" punc="true">,</w>
   <w nite:id="EN2003a.C.words173" starttime="455.84" endtime="456.14">see</w>
   <w nite:id="EN2003a.C.words174" starttime="456.14" endtime="456.37">what</w>
   <w nite:id="EN2003a.C.words175" starttime="456.37" endtime="456.83">reactions</w>
   <w nite:id="EN2003a.C.words176" starttime="456.83" endtime="456.96">we</w>
   <w nite:id="EN2003a.C.words177" starttime="456.96" endtime="457.26">get</w>
   <w nite:id="EN2003a.C.words178" starttime="457.26" endtime="457.26" punc="true">.</w>
   <w nite:id="EN2003a.C.words179" starttime="457.26" endtime="457.38">And</w>
   <w nite:id="EN2003a.C.words180" starttime="457.38" endtime="457.86">then</w>
   <disfmarker nite:id="EN2003a.C.words181" starttime="457.86" endtime="457.922"/>
   <w nite:id="EN2003a.C.words182" starttime="459.88" endtime="460.24">See</w>
   <w nite:id="EN2003a.C.words183" starttime="460.24" endtime="460.38">if</w>
   <w nite:id="EN2003a.C.words184" starttime="460.38" endtime="460.51">we</w>
   <w nite:id="EN2003a.C.words185" starttime="460.51" endtime="460.71">have</w>
   <w nite:id="EN2003a.C.words186" starttime="460.71" endtime="460.8">to</w>
   <w nite:id="EN2003a.C.words187" starttime="460.8" endtime="461.03">put</w>
   <w nite:id="EN2003a.C.words188" starttime="461.03" endtime="461.14">on</w>
   <w nite:id="EN2003a.C.words189" starttime="461.14" endtime="461.32">some</w>
   <w nite:id="EN2003a.C.words190" starttime="461.32" endtime="461.97">restraints</w>
   <w nite:id="EN2003a.C.words191" starttime="461.97" endtime="461.97" punc="true">.</w>
   <w nite:id="EN2003a.C.words192" starttime="473.46" endtime="473.85">Let&#39;s</w>
   <w nite:id="EN2003a.C.words193" starttime="473.85" endtime="474.15">see</w>
   <w nite:id="EN2003a.C.words194" starttime="474.15" endtime="474.15" punc="true">.</w>
   <w nite:id="EN2003a.C.words195" starttime="479.08" endtime="480.08">Mm</w>
   <w nite:id="EN2003a.C.words196" starttime="480.08" endtime="480.08" punc="true">.</w>
   <vocalsound nite:id="EN2003a.C.words197" starttime="483.296" endtime="483.296" type="other"/>
   <w nite:id="EN2003a.C.words198" starttime="483.39" endtime="483.59">Up</w>
   <w nite:id="EN2003a.C.words199" starttime="483.59" endtime="483.71">to</w>
   <w nite:id="EN2003a.C.words200" starttime="483.71" endtime="484.14">three</w>
   <w nite:id="EN2003a.C.words201" starttime="484.14" endtime="484.14" punc="true">,</w>
   <w nite:id="EN2003a.C.words202" starttime="484.14" endtime="485.95">but</w>
   <w nite:id="EN2003a.C.words203" starttime="485.95" endtime="486.17">don&#39;t</w>
   <w nite:id="EN2003a.C.words204" starttime="486.17" endtime="486.8">exaggerate</w>
   <w nite:id="EN2003a.C.words205" starttime="486.8" endtime="486.8" punc="true">,</w>
   <w nite:id="EN2003a.C.words206" starttime="486.8" endtime="487.16">yeah</w>
   <w nite:id="EN2003a.C.words207" starttime="487.16" endtime="487.16" punc="true">.</w>
   <w nite:id="EN2003a.C.words208" starttime="492.04" endtime="492.63">Yeah</w>
   <w nite:id="EN2003a.C.words209" starttime="492.63" endtime="492.63" punc="true">.</w>
   <w nite:id="EN2003a.C.words210" starttime="498.24" endtime="498.73">Mm</w>
   <w nite:id="EN2003a.C.words211" starttime="498.73" endtime="498.73" punc="true">.</w>
   <w nite:id="EN2003a.C.words212" starttime="501.23" endtime="501.64">Yeah</w>
   <w nite:id="EN2003a.C.words213" starttime="501.64" endtime="501.64" punc="true">.</w>
   <w nite:id="EN2003a.C.words214" starttime="506.25" endtime="506.41">I&#39;m</w>
   <w nite:id="EN2003a.C.words215" starttime="506.41" endtime="508.08">thinking</w>
   <w nite:id="EN2003a.C.words216" starttime="508.08" endtime="508.28">if</w>
   <w nite:id="EN2003a.C.words217" starttime="508.28" endtime="508.38">we</w>
   <w nite:id="EN2003a.C.words218" starttime="508.38" endtime="508.59">go</w>
   <w nite:id="EN2003a.C.words219" starttime="508.59" endtime="509.17">for</w>
   <w nite:id="EN2003a.C.words220" starttime="509.17" endtime="509.85">say</w>
   <disfmarker nite:id="EN2003a.C.words221" starttime="509.85" endtime="509.984"/>
   <w nite:id="EN2003a.C.words222" starttime="513.34" endtime="513.44">I&#39;m</w>
   <w nite:id="EN2003a.C.words223" starttime="513.44" endtime="513.79">thinking</w>
   <w nite:id="EN2003a.C.words224" starttime="513.79" endtime="513.88">uh</w>
   <w nite:id="EN2003a.C.words225" starttime="513.88" endtime="514.25">slots</w>
   <w nite:id="EN2003a.C.words226" starttime="514.25" endtime="514.55">of</w>
   <w nite:id="EN2003a.C.words227" starttime="514.55" endtime="514.71">one</w>
   <w nite:id="EN2003a.C.words228" starttime="514.71" endtime="514.81">and</w>
   <w nite:id="EN2003a.C.words229" starttime="514.81" endtime="514.9">a</w>
   <w nite:id="EN2003a.C.words230" starttime="514.9" endtime="515.15">half</w>
   <w nite:id="EN2003a.C.words231" starttime="515.15" endtime="515.37">hour</w>
   <w nite:id="EN2003a.C.words232" starttime="515.37" endtime="515.65">each</w>
   <w nite:id="EN2003a.C.words233" starttime="515.65" endtime="515.65" punc="true">.</w>
   <w nite:id="EN2003a.C.words234" starttime="515.65" endtime="516.05">So</w>
   <w nite:id="EN2003a.C.words235" starttime="516.05" endtime="517.03">three</w>
   <w nite:id="EN2003a.C.words236" starttime="517.03" endtime="517.5">lectures</w>
   <w nite:id="EN2003a.C.words237" starttime="517.5" endtime="518.07">each</w>
   <w nite:id="EN2003a.C.words238" starttime="518.07" endtime="518.07" punc="true">,</w>
   <w nite:id="EN2003a.C.words239" starttime="518.07" endtime="518.3">that</w>
   <w nite:id="EN2003a.C.words240" starttime="518.3" endtime="518.53">would</w>
   <w nite:id="EN2003a.C.words241" starttime="518.53" endtime="520.0">be</w>
   <w nite:id="EN2003a.C.words242" starttime="520.0" endtime="520.44">uh</w>
   <w nite:id="EN2003a.C.words243" starttime="520.44" endtime="520.81">three</w>
   <w nite:id="EN2003a.C.words244" starttime="520.81" endtime="521.05">per</w>
   <w nite:id="EN2003a.C.words245" starttime="521.05" endtime="521.51">day</w>
   <w nite:id="EN2003a.C.words246" starttime="521.51" endtime="521.91">times</w>
   <w nite:id="EN2003a.C.words247" starttime="521.91" endtime="522.33">three</w>
   <w nite:id="EN2003a.C.words248" starttime="522.33" endtime="522.48">will</w>
   <w nite:id="EN2003a.C.words249" starttime="522.48" endtime="522.58">be</w>
   <w nite:id="EN2003a.C.words250" starttime="522.58" endtime="522.89">twenty</w>
   <w nite:id="EN2003a.C.words251" starttime="522.89" endtime="523.28">seven</w>
   <w nite:id="EN2003a.C.words252" starttime="523.28" endtime="523.28" punc="true">.</w>
   <w nite:id="EN2003a.C.words253" starttime="527.32" endtime="527.7">Mm-hmm</w>
   <w nite:id="EN2003a.C.words254" starttime="527.7" endtime="527.7" punc="true">.</w>
   <w nite:id="EN2003a.C.words255" starttime="531.21" endtime="531.54">Once</w>
   <w nite:id="EN2003a.C.words256" starttime="531.54" endtime="531.62">in</w>
   <w nite:id="EN2003a.C.words257" starttime="531.62" endtime="531.69">the</w>
   <w nite:id="EN2003a.C.words258" starttime="531.69" endtime="531.98">morning</w>
   <w nite:id="EN2003a.C.words259" starttime="531.98" endtime="531.98" punc="true">,</w>
   <w nite:id="EN2003a.C.words260" starttime="531.98" endtime="532.3">twice</w>
   <w nite:id="EN2003a.C.words261" starttime="532.3" endtime="532.39">in</w>
   <w nite:id="EN2003a.C.words262" starttime="532.39" endtime="532.49">the</w>
   <w nite:id="EN2003a.C.words263" starttime="532.49" endtime="532.99">afternoon</w>
   <w nite:id="EN2003a.C.words264" starttime="532.99" endtime="532.99" punc="true">.</w>
   <w nite:id="EN2003a.C.words265" starttime="537.11" endtime="537.92">Yeah</w>
   <w nite:id="EN2003a.C.words266" starttime="537.92" endtime="537.92" punc="true">.</w>
   <w nite:id="EN2003a.C.words267" starttime="537.92" endtime="538.05">I</w>
   <w nite:id="EN2003a.C.words268" starttime="538.05" endtime="538.22">mean</w>
   <disfmarker nite:id="EN2003a.C.words269" starttime="538.22" endtime="538.22"/>
   <w nite:id="EN2003a.C.words270" starttime="538.22" endtime="538.72">or</w>
   <w nite:id="EN2003a.C.words271" starttime="538.72" endtime="539.0">twice</w>
   <w nite:id="EN2003a.C.words272" starttime="539.0" endtime="539.08">in</w>
   <w nite:id="EN2003a.C.words273" starttime="539.08" endtime="539.15">the</w>
   <w nite:id="EN2003a.C.words274" starttime="539.15" endtime="539.4">morning</w>
   <w nite:id="EN2003a.C.words275" starttime="539.4" endtime="539.62">once</w>
   <w nite:id="EN2003a.C.words276" starttime="539.62" endtime="539.71">in</w>
   <w nite:id="EN2003a.C.words277" starttime="539.71" endtime="539.81">the</w>
   <w nite:id="EN2003a.C.words278" starttime="539.81" endtime="540.39">afternoon</w>
   <w nite:id="EN2003a.C.words279" starttime="540.39" endtime="540.39" punc="true">.</w>
   <w nite:id="EN2003a.C.words280" starttime="572.34" endtime="572.62">Mm-hmm</w>
   <w nite:id="EN2003a.C.words281" starttime="572.62" endtime="572.62" punc="true">.</w>
   <w nite:id="EN2003a.C.words282" starttime="576.18" endtime="576.51">Mm-hmm</w>
   <w nite:id="EN2003a.C.words283" starttime="576.51" endtime="576.51" punc="true">.</w>
   <w nite:id="EN2003a.C.words284" starttime="633.7" endtime="634.06">No</w>
   <w nite:id="EN2003a.C.words285" starttime="634.06" endtime="634.06" punc="true">.</w>
   <w nite:id="EN2003a.C.words286" starttime="685.41" endtime="686.57">Yeah</w>
   <w nite:id="EN2003a.C.words287" starttime="686.57" endtime="686.57" punc="true">.</w>
   <vocalsound nite:id="EN2003a.C.words288" starttime="686.57" endtime="686.672" type="cough"/>
   <w nite:id="EN2003a.C.words289" starttime="698.19" endtime="698.55">Mm-hmm</w>
   <w nite:id="EN2003a.C.words290" starttime="698.55" endtime="698.55" punc="true">.</w>
   <w nite:id="EN2003a.C.words291" starttime="719.88" endtime="720.67">Yeah</w>
   <w nite:id="EN2003a.C.words292" starttime="720.67" endtime="720.67" punc="true">.</w>
   <w nite:id="EN2003a.C.words293" starttime="720.67" endtime="721.9">Yeah</w>
   <w nite:id="EN2003a.C.words294" starttime="721.9" endtime="721.9" punc="true">.</w>
   <w nite:id="EN2003a.C.words295" starttime="721.9" endtime="722.53">Yeah</w>
   <w nite:id="EN2003a.C.words296" starttime="722.53" endtime="722.53" punc="true">,</w>
   <w nite:id="EN2003a.C.words297" starttime="722.53" endtime="722.77">that&#39;s</w>
   <w nite:id="EN2003a.C.words298" starttime="722.77" endtime="722.94">what</w>
   <w nite:id="EN2003a.C.words299" starttime="722.94" endtime="723.37">I</w>
   <w nite:id="EN2003a.C.words300" starttime="723.37" endtime="723.54">was</w>
   <w nite:id="EN2003a.C.words301" starttime="723.54" endtime="723.8">about</w>
   <w nite:id="EN2003a.C.words302" starttime="723.8" endtime="723.91">to</w>
   <w nite:id="EN2003a.C.words303" starttime="723.91" endtime="724.12">say</w>
   <w nite:id="EN2003a.C.words304" starttime="724.12" endtime="724.12" punc="true">,</w>
   <w nite:id="EN2003a.C.words305" starttime="724.12" endtime="724.49">poster</w>
   <w nite:id="EN2003a.C.words306" starttime="724.49" endtime="724.9">session</w>
   <w nite:id="EN2003a.C.words307" starttime="724.9" endtime="725.04">is</w>
   <w nite:id="EN2003a.C.words308" starttime="725.04" endtime="726.0">a</w>
   <w nite:id="EN2003a.C.words309" starttime="726.0" endtime="726.16">good</w>
   <w nite:id="EN2003a.C.words310" starttime="726.16" endtime="726.39">idea</w>
   <w nite:id="EN2003a.C.words311" starttime="726.39" endtime="726.68">because</w>
   <w nite:id="EN2003a.C.words312" starttime="726.68" endtime="726.93">just</w>
   <w nite:id="EN2003a.C.words313" starttime="726.93" endtime="727.13">the</w>
   <w nite:id="EN2003a.C.words314" starttime="727.13" endtime="727.94">people</w>
   <w nite:id="EN2003a.C.words315" starttime="727.94" endtime="728.43">presenting</w>
   <w nite:id="EN2003a.C.words316" starttime="728.43" endtime="728.55">the</w>
   <w nite:id="EN2003a.C.words317" starttime="728.55" endtime="728.95">posters</w>
   <w nite:id="EN2003a.C.words318" starttime="728.95" endtime="729.29">are</w>
   <w nite:id="EN2003a.C.words319" starttime="729.29" endtime="729.62">there</w>
   <w nite:id="EN2003a.C.words320" starttime="729.62" endtime="729.86">and</w>
   <w nite:id="EN2003a.C.words321" starttime="729.86" endtime="730.13">can</w>
   <w nite:id="EN2003a.C.words322" starttime="730.13" endtime="730.36">say</w>
   <w nite:id="EN2003a.C.words323" starttime="730.36" endtime="730.72">something</w>
   <w nite:id="EN2003a.C.words324" starttime="730.72" endtime="731.01">about</w>
   <w nite:id="EN2003a.C.words325" starttime="731.01" endtime="731.51">it</w>
   <w nite:id="EN2003a.C.words326" starttime="731.51" endtime="731.51" punc="true">.</w>
   <w nite:id="EN2003a.C.words327" starttime="731.51" endtime="732.11">Actually</w>
   <w nite:id="EN2003a.C.words328" starttime="733.97" endtime="734.17">there&#39;s</w>
   <w nite:id="EN2003a.C.words329" starttime="734.17" endtime="734.4">always</w>
   <w nite:id="EN2003a.C.words330" starttime="734.4" endtime="734.49">the</w>
   <w nite:id="EN2003a.C.words331" starttime="734.49" endtime="734.81">problem</w>
   <w nite:id="EN2003a.C.words332" starttime="734.81" endtime="735.36">again</w>
   <w nite:id="EN2003a.C.words333" starttime="735.36" endtime="735.6">then</w>
   <w nite:id="EN2003a.C.words334" starttime="735.6" endtime="735.71">the</w>
   <w nite:id="EN2003a.C.words335" starttime="735.71" endtime="736.05">people</w>
   <w nite:id="EN2003a.C.words336" starttime="736.05" endtime="736.2">who</w>
   <w nite:id="EN2003a.C.words337" starttime="736.2" endtime="736.41">are</w>
   <w nite:id="EN2003a.C.words338" starttime="736.41" endtime="736.89">presenting</w>
   <w nite:id="EN2003a.C.words339" starttime="736.89" endtime="737.0">the</w>
   <w nite:id="EN2003a.C.words340" starttime="737.0" endtime="737.4">posters</w>
   <w nite:id="EN2003a.C.words341" starttime="737.4" endtime="738.1">don&#39;t</w>
   <w nite:id="EN2003a.C.words342" starttime="738.1" endtime="738.33">get</w>
   <w nite:id="EN2003a.C.words343" starttime="738.33" endtime="738.56">around</w>
   <w nite:id="EN2003a.C.words344" starttime="738.56" endtime="738.8">to</w>
   <w nite:id="EN2003a.C.words345" starttime="738.8" endtime="739.04">go</w>
   <w nite:id="EN2003a.C.words346" starttime="739.04" endtime="739.39">and</w>
   <w nite:id="EN2003a.C.words347" starttime="739.39" endtime="739.58">look</w>
   <w nite:id="EN2003a.C.words348" starttime="739.58" endtime="739.7">at</w>
   <w nite:id="EN2003a.C.words349" starttime="739.7" endtime="739.98">others&#39;</w>
   <w nite:id="EN2003a.C.words350" starttime="739.98" endtime="741.09">posters</w>
   <w nite:id="EN2003a.C.words351" starttime="741.09" endtime="741.09" punc="true">.</w>
   <w nite:id="EN2003a.C.words352" starttime="741.09" endtime="741.8">But</w>
   <w nite:id="EN2003a.C.words353" starttime="741.8" endtime="742.01">let&#39;s</w>
   <w nite:id="EN2003a.C.words354" starttime="742.01" endtime="742.15">see</w>
   <w nite:id="EN2003a.C.words355" starttime="742.15" endtime="742.39">about</w>
   <w nite:id="EN2003a.C.words356" starttime="742.39" endtime="742.55">that</w>
   <w nite:id="EN2003a.C.words357" starttime="742.55" endtime="742.55" punc="true">.</w>
   <w nite:id="EN2003a.C.words358" starttime="745.31" endtime="745.65">Mm-hmm</w>
   <w nite:id="EN2003a.C.words359" starttime="745.65" endtime="745.65" punc="true">.</w>
   <w nite:id="EN2003a.C.words360" starttime="751.35" endtime="752.14">Mm-hmm</w>
   <w nite:id="EN2003a.C.words361" starttime="752.14" endtime="752.14" punc="true">.</w>
   <w nite:id="EN2003a.C.words362" starttime="752.14" endtime="752.47">Yeah</w>
   <w nite:id="EN2003a.C.words363" starttime="752.47" endtime="752.47" punc="true">.</w>
   <w nite:id="EN2003a.C.words364" starttime="776.82" endtime="777.15">Mm-hmm</w>
   <w nite:id="EN2003a.C.words365" starttime="777.15" endtime="777.15" punc="true">.</w>
   <w nite:id="EN2003a.C.words366" starttime="826.05" endtime="826.13">Do</w>
   <w nite:id="EN2003a.C.words367" starttime="826.13" endtime="826.28">we</w>
   <w nite:id="EN2003a.C.words368" starttime="826.28" endtime="826.48">have</w>
   <w nite:id="EN2003a.C.words369" starttime="826.48" endtime="826.65">any</w>
   <w nite:id="EN2003a.C.words370" starttime="826.65" endtime="827.26">information</w>
   <w nite:id="EN2003a.C.words371" starttime="827.26" endtime="827.47">on</w>
   <w nite:id="EN2003a.C.words372" starttime="827.47" endtime="827.84">this</w>
   <w nite:id="EN2003a.C.words373" starttime="827.84" endtime="827.84" punc="true">?</w>
   <w nite:id="EN2003a.C.words374" starttime="830.27" endtime="830.63">First</w>
   <w nite:id="EN2003a.C.words375" starttime="830.63" endtime="830.88">years</w>
   <w nite:id="EN2003a.C.words376" starttime="830.88" endtime="830.88" punc="true">.</w>
   <w nite:id="EN2003a.C.words377" starttime="845.23" endtime="845.34">Oh</w>
   <w nite:id="EN2003a.C.words378" starttime="845.34" endtime="845.34" punc="true">.</w>
   <w nite:id="EN2003a.C.words379" starttime="847.25" endtime="847.63">Actually</w>
   <w nite:id="EN2003a.C.words380" starttime="847.63" endtime="847.63" punc="true">,</w>
   <w nite:id="EN2003a.C.words381" starttime="847.63" endtime="847.76">we</w>
   <w nite:id="EN2003a.C.words382" starttime="847.76" endtime="847.9">have</w>
   <w nite:id="EN2003a.C.words383" starttime="847.9" endtime="847.96">a</w>
   <w nite:id="EN2003a.C.words384" starttime="847.96" endtime="848.38">message</w>
   <w nite:id="EN2003a.C.words385" starttime="848.38" endtime="848.5">here</w>
   <w nite:id="EN2003a.C.words386" starttime="848.5" endtime="848.78">from</w>
   <w nite:id="EN2003a.C.words387" starttime="848.78" endtime="849.01">Mits</w>
   <w nite:id="EN2003a.C.words388" starttime="849.01" endtime="849.25">about</w>
   <w nite:id="EN2003a.C.words389" starttime="849.25" endtime="849.37">the</w>
   <w nite:id="EN2003a.C.words390" starttime="849.37" endtime="849.69">poster</w>
   <w nite:id="EN2003a.C.words391" starttime="849.69" endtime="850.75">session</w>
   <w nite:id="EN2003a.C.words392" starttime="850.75" endtime="850.75" punc="true">.</w>
   <w nite:id="EN2003a.C.words393" starttime="850.75" endtime="851.08">Poster</w>
   <w nite:id="EN2003a.C.words394" starttime="851.08" endtime="851.4">session</w>
   <w nite:id="EN2003a.C.words395" starttime="851.4" endtime="851.55">was</w>
   <w nite:id="EN2003a.C.words396" starttime="851.55" endtime="852.05">introduced</w>
   <w nite:id="EN2003a.C.words397" starttime="852.05" endtime="852.17">in</w>
   <w nite:id="EN2003a.C.words398" starttime="852.17" endtime="852.48">nineteen</w>
   <w nite:id="EN2003a.C.words399" starttime="852.48" endtime="852.74">ninety</w>
   <w nite:id="EN2003a.C.words400" starttime="852.74" endtime="852.99">nine</w>
   <w nite:id="EN2003a.C.words401" starttime="852.99" endtime="853.15">as</w>
   <w nite:id="EN2003a.C.words402" starttime="853.15" endtime="853.41">part</w>
   <w nite:id="EN2003a.C.words403" starttime="853.41" endtime="853.53">of</w>
   <w nite:id="EN2003a.C.words404" starttime="853.53" endtime="853.63">the</w>
   <w nite:id="EN2003a.C.words405" starttime="853.63" endtime="853.84">main</w>
   <w nite:id="EN2003a.C.words406" starttime="853.84" endtime="855.02">conference</w>
   <w nite:id="EN2003a.C.words407" starttime="855.02" endtime="855.02" punc="true">.</w>
   <w nite:id="EN2003a.C.words408" starttime="855.02" endtime="855.2">In</w>
   <w nite:id="EN2003a.C.words409" starttime="855.2" endtime="855.39">two</w>
   <w nite:id="EN2003a.C.words410" starttime="855.39" endtime="855.73">thousand</w>
   <w nite:id="EN2003a.C.words411" starttime="855.73" endtime="855.8">it</w>
   <w nite:id="EN2003a.C.words412" starttime="855.8" endtime="855.99">was</w>
   <w nite:id="EN2003a.C.words413" starttime="855.99" endtime="856.2">held</w>
   <w nite:id="EN2003a.C.words414" starttime="856.2" endtime="856.7">separately</w>
   <w nite:id="EN2003a.C.words415" starttime="856.7" endtime="856.8">in</w>
   <w nite:id="EN2003a.C.words416" starttime="856.8" endtime="857.76">October</w>
   <w nite:id="EN2003a.C.words417" starttime="857.76" endtime="857.76" punc="true">.</w>
   <w nite:id="EN2003a.C.words418" starttime="857.76" endtime="857.84">The</w>
   <w nite:id="EN2003a.C.words419" starttime="857.84" endtime="858.37">intention</w>
   <w nite:id="EN2003a.C.words420" starttime="858.37" endtime="858.56">was</w>
   <w nite:id="EN2003a.C.words421" starttime="858.56" endtime="858.67">to</w>
   <w nite:id="EN2003a.C.words422" starttime="858.67" endtime="858.94">use</w>
   <w nite:id="EN2003a.C.words423" starttime="858.94" endtime="859.05">it</w>
   <w nite:id="EN2003a.C.words424" starttime="859.05" endtime="859.17">as</w>
   <w nite:id="EN2003a.C.words425" starttime="859.17" endtime="859.25">a</w>
   <w nite:id="EN2003a.C.words426" starttime="859.25" endtime="859.47">way</w>
   <w nite:id="EN2003a.C.words427" starttime="859.47" endtime="859.63">to</w>
   <w nite:id="EN2003a.C.words428" starttime="859.63" endtime="860.23">introduce</w>
   <w nite:id="EN2003a.C.words429" starttime="860.23" endtime="860.66">incoming</w>
   <w nite:id="EN2003a.C.words430" starttime="860.66" endtime="861.08" mispronounced="true">post-grad</w>
   <w nite:id="EN2003a.C.words431" starttime="861.08" endtime="861.55">students</w>
   <w nite:id="EN2003a.C.words432" starttime="861.55" endtime="861.66">to</w>
   <w nite:id="EN2003a.C.words433" starttime="861.66" endtime="861.74">the</w>
   <w nite:id="EN2003a.C.words434" starttime="861.74" endtime="862.24">department&#39;s</w>
   <w nite:id="EN2003a.C.words435" starttime="862.24" endtime="862.6">research</w>
   <w nite:id="EN2003a.C.words436" starttime="862.6" endtime="863.52">culture</w>
   <w nite:id="EN2003a.C.words437" starttime="863.52" endtime="863.52" punc="true">.</w>
   <w nite:id="EN2003a.C.words438" starttime="863.52" endtime="863.96">However</w>
   <w nite:id="EN2003a.C.words439" starttime="863.96" endtime="863.96" punc="true">,</w>
   <w nite:id="EN2003a.C.words440" starttime="863.96" endtime="864.07">I</w>
   <w nite:id="EN2003a.C.words441" starttime="864.07" endtime="864.28">did</w>
   <w nite:id="EN2003a.C.words442" starttime="864.28" endtime="864.56">not</w>
   <w nite:id="EN2003a.C.words443" starttime="864.56" endtime="864.96">pursue</w>
   <w nite:id="EN2003a.C.words444" starttime="864.96" endtime="865.19">this</w>
   <w nite:id="EN2003a.C.words445" starttime="865.19" endtime="865.45">idea</w>
   <w nite:id="EN2003a.C.words446" starttime="865.45" endtime="865.56">the</w>
   <w nite:id="EN2003a.C.words447" starttime="865.56" endtime="865.93">following</w>
   <w nite:id="EN2003a.C.words448" starttime="865.93" endtime="866.33">year</w>
   <w nite:id="EN2003a.C.words449" starttime="866.33" endtime="866.57">because</w>
   <w nite:id="EN2003a.C.words450" starttime="866.57" endtime="866.68">the</w>
   <w nite:id="EN2003a.C.words451" starttime="866.68" endtime="867.04">comments</w>
   <w nite:id="EN2003a.C.words452" starttime="867.04" endtime="867.09">I</w>
   <w nite:id="EN2003a.C.words453" starttime="867.09" endtime="867.44">received</w>
   <w nite:id="EN2003a.C.words454" starttime="867.44" endtime="867.64">from</w>
   <w nite:id="EN2003a.C.words455" starttime="867.64" endtime="867.95">students</w>
   <w nite:id="EN2003a.C.words456" starttime="867.95" endtime="868.06">in</w>
   <w nite:id="EN2003a.C.words457" starttime="868.06" endtime="868.24">two</w>
   <w nite:id="EN2003a.C.words458" starttime="868.24" endtime="868.89">thousand</w>
   <w nite:id="EN2003a.C.words459" starttime="868.89" endtime="869.06">were</w>
   <w nite:id="EN2003a.C.words460" starttime="869.06" endtime="869.48">generally</w>
   <w nite:id="EN2003a.C.words461" starttime="869.48" endtime="870.2">discouraging</w>
   <w nite:id="EN2003a.C.words462" starttime="870.2" endtime="870.2" punc="true">.</w>
   <w nite:id="EN2003a.C.words463" starttime="871.36" endtime="871.6">On</w>
   <w nite:id="EN2003a.C.words464" starttime="871.6" endtime="871.69">the</w>
   <w nite:id="EN2003a.C.words465" starttime="871.69" endtime="871.88">other</w>
   <w nite:id="EN2003a.C.words466" starttime="871.88" endtime="872.12">hand</w>
   <w nite:id="EN2003a.C.words467" starttime="872.12" endtime="872.12" punc="true">,</w>
   <w nite:id="EN2003a.C.words468" starttime="872.12" endtime="872.2">I</w>
   <w nite:id="EN2003a.C.words469" starttime="872.2" endtime="872.52">later</w>
   <w nite:id="EN2003a.C.words470" starttime="872.52" endtime="872.73">learned</w>
   <w nite:id="EN2003a.C.words471" starttime="872.73" endtime="872.88">that</w>
   <w nite:id="EN2003a.C.words472" starttime="872.88" endtime="873.08">some</w>
   <w nite:id="EN2003a.C.words473" starttime="873.08" endtime="873.54">students</w>
   <w nite:id="EN2003a.C.words474" starttime="873.54" endtime="873.75">did</w>
   <w nite:id="EN2003a.C.words475" starttime="873.75" endtime="874.01">find</w>
   <w nite:id="EN2003a.C.words476" starttime="874.01" endtime="874.1">the</w>
   <w nite:id="EN2003a.C.words477" starttime="874.1" endtime="874.43">October</w>
   <w nite:id="EN2003a.C.words478" starttime="874.43" endtime="874.75">poster</w>
   <w nite:id="EN2003a.C.words479" starttime="874.75" endtime="875.33">session</w>
   <w nite:id="EN2003a.C.words480" starttime="875.33" endtime="875.63">quite</w>
   <w nite:id="EN2003a.C.words481" starttime="875.63" endtime="875.69">a</w>
   <w nite:id="EN2003a.C.words482" starttime="875.69" endtime="875.97">useful</w>
   <w nite:id="EN2003a.C.words483" starttime="875.97" endtime="877.53">experience</w>
   <w nite:id="EN2003a.C.words484" starttime="877.53" endtime="877.53" punc="true">.</w>
   <w nite:id="EN2003a.C.words485" starttime="877.53" endtime="877.71">My</w>
   <w nite:id="EN2003a.C.words486" starttime="877.71" endtime="878.24">suggestion</w>
   <w nite:id="EN2003a.C.words487" starttime="878.24" endtime="878.6">therefore</w>
   <w nite:id="EN2003a.C.words488" starttime="878.6" endtime="878.73">is</w>
   <w nite:id="EN2003a.C.words489" starttime="878.73" endtime="878.98">to</w>
   <w nite:id="EN2003a.C.words490" starttime="878.98" endtime="879.58">re-examine</w>
   <w nite:id="EN2003a.C.words491" starttime="879.58" endtime="879.68">the</w>
   <w nite:id="EN2003a.C.words492" starttime="879.68" endtime="879.9">idea</w>
   <w nite:id="EN2003a.C.words493" starttime="879.9" endtime="880.03">of</w>
   <w nite:id="EN2003a.C.words494" starttime="880.03" endtime="880.35">poster</w>
   <w nite:id="EN2003a.C.words495" starttime="880.35" endtime="880.64">session</w>
   <w nite:id="EN2003a.C.words496" starttime="880.64" endtime="881.12">altogether</w>
   <w nite:id="EN2003a.C.words497" starttime="881.12" endtime="881.22">and</w>
   <w nite:id="EN2003a.C.words498" starttime="881.22" endtime="881.41">find</w>
   <w nite:id="EN2003a.C.words499" starttime="881.41" endtime="881.5">a</w>
   <w nite:id="EN2003a.C.words500" starttime="881.5" endtime="881.84">better</w>
   <w nite:id="EN2003a.C.words501" starttime="881.84" endtime="882.03">way</w>
   <w nite:id="EN2003a.C.words502" starttime="882.03" endtime="882.2">to</w>
   <w nite:id="EN2003a.C.words503" starttime="882.2" endtime="882.68">implement</w>
   <w nite:id="EN2003a.C.words504" starttime="882.68" endtime="883.17">it</w>
   <w nite:id="EN2003a.C.words505" starttime="883.17" endtime="883.4">if</w>
   <w nite:id="EN2003a.C.words506" starttime="883.4" endtime="883.56">there</w>
   <w nite:id="EN2003a.C.words507" starttime="883.56" endtime="883.79">seems</w>
   <w nite:id="EN2003a.C.words508" starttime="883.79" endtime="883.88">to</w>
   <w nite:id="EN2003a.C.words509" starttime="883.88" endtime="884.0">be</w>
   <w nite:id="EN2003a.C.words510" starttime="884.0" endtime="884.26">enough</w>
   <w nite:id="EN2003a.C.words511" starttime="884.26" endtime="884.64">interest</w>
   <w nite:id="EN2003a.C.words512" starttime="884.64" endtime="884.72">in</w>
   <w nite:id="EN2003a.C.words513" starttime="884.72" endtime="884.87">it</w>
   <w nite:id="EN2003a.C.words514" starttime="884.87" endtime="884.87" punc="true">.</w>
   <w nite:id="EN2003a.C.words515" starttime="890.61" endtime="890.89">Mm</w>
   <w nite:id="EN2003a.C.words516" starttime="890.89" endtime="890.89" punc="true">.</w>
   <w nite:id="EN2003a.C.words517" starttime="892.37" endtime="892.91">Yeah</w>
   <w nite:id="EN2003a.C.words518" starttime="892.91" endtime="892.91" punc="true">.</w>
   <w nite:id="EN2003a.C.words519" starttime="892.91" endtime="893.18">Last</w>
   <w nite:id="EN2003a.C.words520" starttime="893.18" endtime="894.18">sentence</w>
   <w nite:id="EN2003a.C.words521" starttime="894.18" endtime="894.18" punc="true">.</w>
   <w nite:id="EN2003a.C.words522" starttime="894.18" endtime="894.42">One</w>
   <w nite:id="EN2003a.C.words523" starttime="894.42" endtime="895.13">possibility</w>
   <w nite:id="EN2003a.C.words524" starttime="895.13" endtime="895.32">is</w>
   <w nite:id="EN2003a.C.words525" starttime="895.32" endtime="895.44">to</w>
   <w nite:id="EN2003a.C.words526" starttime="895.44" endtime="895.64">put</w>
   <w nite:id="EN2003a.C.words527" starttime="895.64" endtime="895.77">it</w>
   <w nite:id="EN2003a.C.words528" starttime="895.77" endtime="896.02">back</w>
   <w nite:id="EN2003a.C.words529" starttime="896.02" endtime="896.25">in</w>
   <w nite:id="EN2003a.C.words530" starttime="896.25" endtime="896.33">the</w>
   <w nite:id="EN2003a.C.words531" starttime="896.33" endtime="896.55">main</w>
   <w nite:id="EN2003a.C.words532" starttime="896.55" endtime="897.1">conference</w>
   <w nite:id="EN2003a.C.words533" starttime="897.1" endtime="897.32">and</w>
   <w nite:id="EN2003a.C.words534" starttime="897.32" endtime="897.51">let</w>
   <w nite:id="EN2003a.C.words535" starttime="897.51" endtime="897.78">people</w>
   <w nite:id="EN2003a.C.words536" starttime="897.78" endtime="898.13">choose</w>
   <w nite:id="EN2003a.C.words537" starttime="898.13" endtime="898.42">between</w>
   <w nite:id="EN2003a.C.words538" starttime="898.42" endtime="898.49">a</w>
   <w nite:id="EN2003a.C.words539" starttime="898.49" endtime="898.76">paper</w>
   <w nite:id="EN2003a.C.words540" starttime="898.76" endtime="899.28">presentation</w>
   <w nite:id="EN2003a.C.words541" starttime="899.28" endtime="899.37">and</w>
   <w nite:id="EN2003a.C.words542" starttime="899.37" endtime="899.42">a</w>
   <w nite:id="EN2003a.C.words543" starttime="899.42" endtime="899.85">poster</w>
   <w nite:id="EN2003a.C.words544" starttime="899.85" endtime="899.85" punc="true">.</w>
   <w nite:id="EN2003a.C.words545" starttime="902.99" endtime="903.3">Mm-hmm</w>
   <w nite:id="EN2003a.C.words546" starttime="903.3" endtime="903.3" punc="true">.</w>
   <w nite:id="EN2003a.C.words547" starttime="913.84" endtime="914.14">Mm-hmm</w>
   <w nite:id="EN2003a.C.words548" starttime="914.14" endtime="914.14" punc="true">.</w>
   <w nite:id="EN2003a.C.words549" starttime="921.51" endtime="921.8">Mm-hmm</w>
   <w nite:id="EN2003a.C.words550" starttime="921.8" endtime="921.8" punc="true">.</w>
   <w nite:id="EN2003a.C.words551" starttime="933.61" endtime="933.7">Mm</w>
   <w nite:id="EN2003a.C.words552" starttime="933.7" endtime="933.91">yeah</w>
   <w nite:id="EN2003a.C.words553" starttime="933.91" endtime="933.91" punc="true">.</w>
   <w nite:id="EN2003a.C.words554" starttime="945.23" endtime="946.03">But</w>
   <w nite:id="EN2003a.C.words555" starttime="946.03" endtime="946.17">a</w>
   <w nite:id="EN2003a.C.words556" starttime="946.17" endtime="946.61">poster</w>
   <w nite:id="EN2003a.C.words557" starttime="946.61" endtime="946.66">I</w>
   <w nite:id="EN2003a.C.words558" starttime="946.66" endtime="946.92">might</w>
   <w nite:id="EN2003a.C.words559" starttime="946.92" endtime="947.18">do</w>
   <w nite:id="EN2003a.C.words560" starttime="947.18" endtime="947.18" punc="true">.</w>
   <vocalsound nite:id="EN2003a.C.words561" starttime="948.496" endtime="949.167" type="laugh"/>
   <vocalsound nite:id="EN2003a.C.words562" starttime="951.478" endtime="952.895" type="laugh"/>
   <vocalsound nite:id="EN2003a.C.words563" starttime="977.556" endtime="977.556" type="laugh"/>
   <w nite:id="EN2003a.C.words564" starttime="978.15" endtime="978.47">Mm-hmm</w>
   <w nite:id="EN2003a.C.words565" starttime="978.47" endtime="978.47" punc="true">.</w>
   <w nite:id="EN2003a.C.words566" starttime="979.7" endtime="979.91">All</w>
   <w nite:id="EN2003a.C.words567" starttime="979.91" endtime="980.11">these</w>
   <w nite:id="EN2003a.C.words568" starttime="980.11" endtime="980.31">dead</w>
   <w nite:id="EN2003a.C.words569" starttime="980.31" endtime="981.39">linguists</w>
   <w nite:id="EN2003a.C.words570" starttime="981.39" endtime="981.39" punc="true">.</w>
   <vocalsound nite:id="EN2003a.C.words571" starttime="981.39" endtime="981.507" type="laugh"/>
   <w nite:id="EN2003a.C.words572" starttime="992.13" endtime="992.41">Mm-hmm</w>
   <w nite:id="EN2003a.C.words573" starttime="992.41" endtime="992.41" punc="true">.</w>
   <w nite:id="EN2003a.C.words574" starttime="999.66" endtime="1001.36">Um</w>
   <w nite:id="EN2003a.C.words575" starttime="1001.36" endtime="1001.73">write</w>
   <w nite:id="EN2003a.C.words576" starttime="1001.73" endtime="1001.95">into</w>
   <w nite:id="EN2003a.C.words577" starttime="1001.95" endtime="1002.08">the</w>
   <w nite:id="EN2003a.C.words578" starttime="1002.08" endtime="1003.39">call</w>
   <w nite:id="EN2003a.C.words579" starttime="1003.39" endtime="1003.62">that</w>
   <w nite:id="EN2003a.C.words580" starttime="1003.62" endtime="1003.78">we</w>
   <w nite:id="EN2003a.C.words581" starttime="1003.78" endtime="1004.12">are</w>
   <w nite:id="EN2003a.C.words582" starttime="1004.12" endtime="1005.82">considering</w>
   <w nite:id="EN2003a.C.words583" starttime="1005.82" endtime="1006.03">the</w>
   <w nite:id="EN2003a.C.words584" starttime="1006.03" endtime="1007.1">idea</w>
   <w nite:id="EN2003a.C.words585" starttime="1007.1" endtime="1007.24">of</w>
   <w nite:id="EN2003a.C.words586" starttime="1007.24" endtime="1007.51">having</w>
   <w nite:id="EN2003a.C.words587" starttime="1007.51" endtime="1007.59">a</w>
   <w nite:id="EN2003a.C.words588" starttime="1007.59" endtime="1007.9">poster</w>
   <w nite:id="EN2003a.C.words589" starttime="1007.9" endtime="1008.34">session</w>
   <w nite:id="EN2003a.C.words590" starttime="1008.34" endtime="1008.34" punc="true">.</w>
   <w nite:id="EN2003a.C.words591" starttime="1009.83" endtime="1010.29">So</w>
   <w nite:id="EN2003a.C.words592" starttime="1010.29" endtime="1010.56">people</w>
   <w nite:id="EN2003a.C.words593" starttime="1010.56" endtime="1010.78">can</w>
   <w nite:id="EN2003a.C.words594" starttime="1010.78" endtime="1011.29">indicate</w>
   <w nite:id="EN2003a.C.words595" starttime="1011.29" endtime="1011.49">would</w>
   <w nite:id="EN2003a.C.words596" starttime="1011.49" endtime="1012.19">they</w>
   <w nite:id="EN2003a.C.words597" starttime="1012.19" endtime="1012.57">prefer</w>
   <w nite:id="EN2003a.C.words598" starttime="1012.57" endtime="1012.73">to</w>
   <w nite:id="EN2003a.C.words599" starttime="1012.73" endtime="1012.9">give</w>
   <w nite:id="EN2003a.C.words600" starttime="1012.9" endtime="1012.98">a</w>
   <w nite:id="EN2003a.C.words601" starttime="1012.98" endtime="1013.66">poster</w>
   <w nite:id="EN2003a.C.words602" starttime="1013.66" endtime="1014.09">or</w>
   <w nite:id="EN2003a.C.words603" starttime="1014.09" endtime="1014.13">a</w>
   <w nite:id="EN2003a.C.words604" starttime="1014.13" endtime="1015.14">talk</w>
   <w nite:id="EN2003a.C.words605" starttime="1015.14" endtime="1015.14" punc="true">.</w>
   <w nite:id="EN2003a.C.words606" starttime="1015.14" endtime="1016.41">But</w>
   <w nite:id="EN2003a.C.words607" starttime="1016.41" endtime="1016.55">the</w>
   <w nite:id="EN2003a.C.words608" starttime="1016.55" endtime="1016.91">ultimate</w>
   <w nite:id="EN2003a.C.words609" starttime="1016.91" endtime="1017.32">decision</w>
   <w nite:id="EN2003a.C.words610" starttime="1017.32" endtime="1017.54">is</w>
   <w nite:id="EN2003a.C.words611" starttime="1017.54" endtime="1017.64">on</w>
   <w nite:id="EN2003a.C.words612" starttime="1017.64" endtime="1017.85">our</w>
   <w nite:id="EN2003a.C.words613" starttime="1017.85" endtime="1018.01">side</w>
   <w nite:id="EN2003a.C.words614" starttime="1018.01" endtime="1018.27">because</w>
   <w nite:id="EN2003a.C.words615" starttime="1018.27" endtime="1018.41">we</w>
   <w nite:id="EN2003a.C.words616" starttime="1018.41" endtime="1018.56">have</w>
   <w nite:id="EN2003a.C.words617" starttime="1018.56" endtime="1018.65">to</w>
   <w nite:id="EN2003a.C.words618" starttime="1018.65" endtime="1019.0">see</w>
   <w nite:id="EN2003a.C.words619" starttime="1019.0" endtime="1019.19">how</w>
   <w nite:id="EN2003a.C.words620" starttime="1019.19" endtime="1019.43">it</w>
   <disfmarker nite:id="EN2003a.C.words621" starttime="1019.43" endtime="1019.43"/>
   <w nite:id="EN2003a.C.words622" starttime="1019.43" endtime="1019.56">does</w>
   <w nite:id="EN2003a.C.words623" starttime="1019.56" endtime="1019.64">it</w>
   <w nite:id="EN2003a.C.words624" starttime="1019.64" endtime="1019.87">work</w>
   <w nite:id="EN2003a.C.words625" starttime="1019.87" endtime="1019.99">out</w>
   <w nite:id="EN2003a.C.words626" starttime="1019.99" endtime="1020.11">with</w>
   <w nite:id="EN2003a.C.words627" starttime="1020.11" endtime="1020.18">the</w>
   <w nite:id="EN2003a.C.words628" starttime="1020.18" endtime="1020.46">poster</w>
   <w nite:id="EN2003a.C.words629" starttime="1020.46" endtime="1021.29">session</w>
   <w nite:id="EN2003a.C.words630" starttime="1021.29" endtime="1021.29" punc="true">,</w>
   <w nite:id="EN2003a.C.words631" starttime="1021.29" endtime="1021.44">how</w>
   <w nite:id="EN2003a.C.words632" starttime="1021.44" endtime="1021.56">does</w>
   <w nite:id="EN2003a.C.words633" starttime="1021.56" endtime="1021.63">it</w>
   <w nite:id="EN2003a.C.words634" starttime="1021.63" endtime="1021.84">work</w>
   <w nite:id="EN2003a.C.words635" starttime="1021.84" endtime="1022.01">out</w>
   <w nite:id="EN2003a.C.words636" starttime="1022.01" endtime="1022.13">with</w>
   <w nite:id="EN2003a.C.words637" starttime="1022.13" endtime="1022.19">the</w>
   <w nite:id="EN2003a.C.words638" starttime="1022.19" endtime="1022.65">talks</w>
   <w nite:id="EN2003a.C.words639" starttime="1022.65" endtime="1022.65" punc="true">.</w>
   <w nite:id="EN2003a.C.words640" starttime="1031.22" endtime="1031.51">Mm-hmm</w>
   <w nite:id="EN2003a.C.words641" starttime="1031.51" endtime="1031.51" punc="true">.</w>
   <w nite:id="EN2003a.C.words642" starttime="1033.4" endtime="1034.41">Yeah</w>
   <w nite:id="EN2003a.C.words643" starttime="1034.41" endtime="1034.41" punc="true">.</w>
   <w nite:id="EN2003a.C.words644" starttime="1034.41" endtime="1034.58">Yeah</w>
   <w nite:id="EN2003a.C.words645" starttime="1034.58" endtime="1034.58" punc="true">.</w>
   <w nite:id="EN2003a.C.words646" starttime="1041.85" endtime="1042.13">Mm-hmm</w>
   <w nite:id="EN2003a.C.words647" starttime="1042.13" endtime="1042.13" punc="true">.</w>
   <w nite:id="EN2003a.C.words648" starttime="1046.13" endtime="1046.75">Yeah</w>
   <w nite:id="EN2003a.C.words649" starttime="1046.75" endtime="1046.75" punc="true">.</w>
   <w nite:id="EN2003a.C.words650" starttime="1046.75" endtime="1047.6">Yeah</w>
   <w nite:id="EN2003a.C.words651" starttime="1047.6" endtime="1047.6" punc="true">.</w>
   <w nite:id="EN2003a.C.words652" starttime="1047.6" endtime="1048.23">Yep</w>
   <w nite:id="EN2003a.C.words653" starttime="1048.23" endtime="1048.23" punc="true">.</w>
   <w nite:id="EN2003a.C.words654" starttime="1048.23" endtime="1048.37">Yeah</w>
   <w nite:id="EN2003a.C.words655" starttime="1048.37" endtime="1048.37" punc="true">.</w>
   <w nite:id="EN2003a.C.words656" starttime="1054.82" endtime="1055.18">Yep</w>
   <w nite:id="EN2003a.C.words657" starttime="1055.18" endtime="1055.18" punc="true">.</w>
   <w nite:id="EN2003a.C.words658" starttime="1068.77" endtime="1069.04">Just</w>
   <w nite:id="EN2003a.C.words659" starttime="1070.51" endtime="1070.78">throw</w>
   <w nite:id="EN2003a.C.words660" starttime="1070.78" endtime="1070.86">a</w>
   <w nite:id="EN2003a.C.words661" starttime="1070.86" endtime="1071.17">general</w>
   <w nite:id="EN2003a.C.words662" starttime="1071.17" endtime="1071.67">suggestion</w>
   <w nite:id="EN2003a.C.words663" starttime="1071.67" endtime="1071.78">at</w>
   <w nite:id="EN2003a.C.words664" starttime="1071.78" endtime="1072.24">them</w>
   <w nite:id="EN2003a.C.words665" starttime="1072.24" endtime="1072.24" punc="true">.</w>
   <w nite:id="EN2003a.C.words666" starttime="1072.24" endtime="1072.45">See</w>
   <w nite:id="EN2003a.C.words667" starttime="1072.45" endtime="1072.62">what</w>
   <w nite:id="EN2003a.C.words668" starttime="1072.62" endtime="1073.53">happens</w>
   <w nite:id="EN2003a.C.words669" starttime="1073.53" endtime="1073.53" punc="true">.</w>
   <vocalsound nite:id="EN2003a.C.words670" starttime="1073.53" endtime="1073.706" type="laugh"/>
   <w nite:id="EN2003a.C.words671" starttime="1137.32" endtime="1137.4">I</w>
   <w nite:id="EN2003a.C.words672" starttime="1137.4" endtime="1137.64">think</w>
   <w nite:id="EN2003a.C.words673" starttime="1137.64" endtime="1137.73">they</w>
   <w nite:id="EN2003a.C.words674" starttime="1137.73" endtime="1138.01">do</w>
   <w nite:id="EN2003a.C.words675" starttime="1138.01" endtime="1138.01" punc="true">.</w>
   <w nite:id="EN2003a.C.words676" starttime="1162.6" endtime="1163.85">Still</w>
   <disfmarker nite:id="EN2003a.C.words677" starttime="1163.85" endtime="1163.85"/>
   <w nite:id="EN2003a.C.words678" starttime="1163.85" endtime="1164.22">Yeah</w>
   <w nite:id="EN2003a.C.words679" starttime="1164.22" endtime="1164.22" punc="true">.</w>
   <w nite:id="EN2003a.C.words680" starttime="1167.26" endtime="1167.55">Yeah</w>
   <w nite:id="EN2003a.C.words681" starttime="1167.55" endtime="1167.55" punc="true">.</w>
   <w nite:id="EN2003a.C.words682" starttime="1185.32" endtime="1185.63">Mm-hmm</w>
   <w nite:id="EN2003a.C.words683" starttime="1185.63" endtime="1185.63" punc="true">.</w>
   <w nite:id="EN2003a.C.words684" starttime="1197.24" endtime="1197.76">Yeah</w>
   <w nite:id="EN2003a.C.words685" starttime="1197.76" endtime="1197.76" punc="true">,</w>
   <w nite:id="EN2003a.C.words686" starttime="1197.76" endtime="1198.07">might</w>
   <w nite:id="EN2003a.C.words687" starttime="1198.07" endtime="1198.16">be</w>
   <w nite:id="EN2003a.C.words688" starttime="1198.16" endtime="1198.59">interesting</w>
   <w nite:id="EN2003a.C.words689" starttime="1198.59" endtime="1198.87">stuff</w>
   <w nite:id="EN2003a.C.words690" starttime="1198.87" endtime="1199.21">coming</w>
   <w nite:id="EN2003a.C.words691" starttime="1199.21" endtime="1200.51">in</w>
   <w nite:id="EN2003a.C.words692" starttime="1200.51" endtime="1200.51" punc="true">.</w>
   <vocalsound nite:id="EN2003a.C.words693" starttime="1200.51" endtime="1200.51" type="laugh"/>
   <w nite:id="EN2003a.C.words694" starttime="1200.51" endtime="1200.6">Read</w>
   <w nite:id="EN2003a.C.words695" starttime="1200.6" endtime="1200.96">something</w>
   <w nite:id="EN2003a.C.words696" starttime="1200.96" endtime="1201.34">recently</w>
   <w nite:id="EN2003a.C.words697" starttime="1201.34" endtime="1201.7">about</w>
   <w nite:id="EN2003a.C.words698" starttime="1203.0" endtime="1203.1">I</w>
   <w nite:id="EN2003a.C.words699" starttime="1203.1" endtime="1203.3">think</w>
   <w nite:id="EN2003a.C.words700" starttime="1203.3" endtime="1203.9">somebody&#39;s</w>
   <w nite:id="EN2003a.C.words701" starttime="1203.9" endtime="1204.42">Masters</w>
   <w nite:id="EN2003a.C.words702" starttime="1204.42" endtime="1204.98">project</w>
   <w nite:id="EN2003a.C.words703" starttime="1204.98" endtime="1206.45">to</w>
   <w nite:id="EN2003a.C.words704" starttime="1206.45" endtime="1206.89">look</w>
   <w nite:id="EN2003a.C.words705" starttime="1206.89" endtime="1207.07">in</w>
   <w nite:id="EN2003a.C.words706" starttime="1207.07" endtime="1207.32">how</w>
   <w nite:id="EN2003a.C.words707" starttime="1207.32" endtime="1208.05">far</w>
   <w nite:id="EN2003a.C.words708" starttime="1208.05" endtime="1208.5">English</w>
   <w nite:id="EN2003a.C.words709" starttime="1208.5" endtime="1208.79">is</w>
   <w nite:id="EN2003a.C.words710" starttime="1208.79" endtime="1209.28" trunc="true">actu</w>
   <w nite:id="EN2003a.C.words711" starttime="1209.28" endtime="1209.53">uh</w>
   <w nite:id="EN2003a.C.words712" starttime="1209.53" endtime="1210.05">or</w>
   <w nite:id="EN2003a.C.words713" starttime="1210.05" endtime="1210.21">in</w>
   <w nite:id="EN2003a.C.words714" starttime="1210.21" endtime="1210.35">how</w>
   <w nite:id="EN2003a.C.words715" starttime="1210.35" endtime="1210.97">far</w>
   <w nite:id="EN2003a.C.words716" starttime="1210.97" endtime="1211.49">English</w>
   <w nite:id="EN2003a.C.words717" starttime="1211.49" endtime="1211.63">is</w>
   <w nite:id="EN2003a.C.words718" starttime="1211.63" endtime="1211.7">a</w>
   <w nite:id="EN2003a.C.words719" starttime="1211.7" endtime="1212.2">shaping</w>
   <w nite:id="EN2003a.C.words720" starttime="1212.2" endtime="1212.61">influence</w>
   <w nite:id="EN2003a.C.words721" starttime="1212.61" endtime="1212.71">on</w>
   <w nite:id="EN2003a.C.words722" starttime="1212.71" endtime="1213.25">programming</w>
   <w nite:id="EN2003a.C.words723" starttime="1213.25" endtime="1213.77">languages</w>
   <w nite:id="EN2003a.C.words724" starttime="1213.77" endtime="1213.77" punc="true">.</w>
   <vocalsound nite:id="EN2003a.C.words725" starttime="1216.032" endtime="1216.784" type="laugh"/>
   <w nite:id="EN2003a.C.words726" starttime="1222.46" endtime="1222.83">Yeah</w>
   <w nite:id="EN2003a.C.words727" starttime="1222.83" endtime="1222.83" punc="true">.</w>
   <w nite:id="EN2003a.C.words728" starttime="1239.43" endtime="1239.76">Mm-hmm</w>
   <w nite:id="EN2003a.C.words729" starttime="1239.76" endtime="1239.76" punc="true">.</w>
   <w nite:id="EN2003a.C.words730" starttime="1248.12" endtime="1248.73">Yeah</w>
   <w nite:id="EN2003a.C.words731" starttime="1248.73" endtime="1248.73" punc="true">.</w>
   <w nite:id="EN2003a.C.words732" starttime="1248.73" endtime="1249.19">Yeah</w>
   <w nite:id="EN2003a.C.words733" starttime="1249.19" endtime="1249.19" punc="true">.</w>
   <vocalsound nite:id="EN2003a.C.words734" starttime="1251.200" endtime="1251.632" type="cough"/>
   <w nite:id="EN2003a.C.words735" starttime="1277.22" endtime="1277.53">Mm-hmm</w>
   <w nite:id="EN2003a.C.words736" starttime="1277.53" endtime="1277.53" punc="true">.</w>
   <w nite:id="EN2003a.C.words737" starttime="1332.26" endtime="1332.47">Hmm</w>
   <w nite:id="EN2003a.C.words738" starttime="1332.47" endtime="1332.47" punc="true">.</w>
   <w nite:id="EN2003a.C.words739" starttime="1341.34" endtime="1343.27">Yeah</w>
   <w nite:id="EN2003a.C.words740" starttime="1343.27" endtime="1343.27" punc="true">.</w>
   <vocalsound nite:id="EN2003a.C.words741" starttime="1343.27" endtime="1343.597" type="laugh"/>
   <w nite:id="EN2003a.C.words742" starttime="1345.08" endtime="1345.41">Yeah</w>
   <w nite:id="EN2003a.C.words743" starttime="1345.41" endtime="1345.41" punc="true">.</w>
   <w nite:id="EN2003a.C.words744" starttime="1348.36" endtime="1348.76">Yeah</w>
   <w nite:id="EN2003a.C.words745" starttime="1348.76" endtime="1348.76" punc="true">.</w>
   <w nite:id="EN2003a.C.words746" starttime="1352.4" endtime="1352.62">Of</w>
   <disfmarker nite:id="EN2003a.C.words747" starttime="1352.62" endtime="1352.69"/>
   <w nite:id="EN2003a.C.words748" starttime="1353.83" endtime="1354.06">Yeah</w>
   <w nite:id="EN2003a.C.words749" starttime="1354.06" endtime="1354.06" punc="true">.</w>
   <vocalsound nite:id="EN2003a.C.words750" starttime="1392.577" endtime="1392.952" type="other"/>
   <w nite:id="EN2003a.C.words751" starttime="1398.07" endtime="1398.28">Or</w>
   <w nite:id="EN2003a.C.words752" starttime="1398.28" endtime="1398.51">some</w>
   <w nite:id="EN2003a.C.words753" starttime="1400.05" endtime="1400.36">some</w>
   <w nite:id="EN2003a.C.words754" starttime="1400.36" endtime="1400.85">relevance</w>
   <w nite:id="EN2003a.C.words755" starttime="1400.85" endtime="1401.3">clause</w>
   <w nite:id="EN2003a.C.words756" starttime="1401.3" endtime="1401.3" punc="true">.</w>
   <vocalsound nite:id="EN2003a.C.words757" starttime="1401.3" endtime="1401.658" type="laugh"/>
   <w nite:id="EN2003a.C.words758" starttime="1408.77" endtime="1410.25">Yeah</w>
   <w nite:id="EN2003a.C.words759" starttime="1410.25" endtime="1410.25" punc="true">.</w>
   <w nite:id="EN2003a.C.words760" starttime="1410.25" endtime="1410.8">Yeah</w>
   <w nite:id="EN2003a.C.words761" starttime="1410.8" endtime="1410.8" punc="true">,</w>
   <w nite:id="EN2003a.C.words762" starttime="1410.8" endtime="1411.54">yeah</w>
   <w nite:id="EN2003a.C.words763" starttime="1411.54" endtime="1411.54" punc="true">.</w>
   <w nite:id="EN2003a.C.words764" starttime="1411.54" endtime="1411.77">Kind</w>
   <w nite:id="EN2003a.C.words765" starttime="1411.77" endtime="1411.87">of</w>
   <w nite:id="EN2003a.C.words766" starttime="1411.87" endtime="1411.92">a</w>
   <w nite:id="EN2003a.C.words767" starttime="1411.92" endtime="1412.38">relevance</w>
   <w nite:id="EN2003a.C.words768" starttime="1412.38" endtime="1412.75">clause</w>
   <w nite:id="EN2003a.C.words769" starttime="1412.75" endtime="1412.75" punc="true">.</w>
   <w nite:id="EN2003a.C.words770" starttime="1423.97" endtime="1425.53">Mm-hmm</w>
   <w nite:id="EN2003a.C.words771" starttime="1425.53" endtime="1425.53" punc="true">.</w>
   <w nite:id="EN2003a.C.words772" starttime="1425.53" endtime="1428.95">Adjust</w>
   <w nite:id="EN2003a.C.words773" starttime="1428.95" endtime="1428.95" punc="true">.</w>
   <vocalsound nite:id="EN2003a.C.words774" starttime="1428.95" endtime="1428.95" type="cough"/>
   <vocalsound nite:id="EN2003a.C.words775" starttime="1428.95" endtime="1429.744" type="laugh"/>
   <w nite:id="EN2003a.C.words776" starttime="1453.45" endtime="1453.75">Mm-hmm</w>
   <w nite:id="EN2003a.C.words777" starttime="1453.75" endtime="1453.75" punc="true">.</w>
   <w nite:id="EN2003a.C.words778" starttime="1478.63" endtime="1478.94">Mm-hmm</w>
   <w nite:id="EN2003a.C.words779" starttime="1478.94" endtime="1478.94" punc="true">.</w>
   <w nite:id="EN2003a.C.words780" starttime="1480.78" endtime="1481.19">Yeah</w>
   <w nite:id="EN2003a.C.words781" starttime="1481.19" endtime="1481.19" punc="true">.</w>
   <w nite:id="EN2003a.C.words782" starttime="1511.35" endtime="1511.73">Mm-hmm</w>
   <w nite:id="EN2003a.C.words783" starttime="1511.73" endtime="1511.73" punc="true">.</w>
   <w nite:id="EN2003a.C.words784" starttime="1562.48" endtime="1562.71">Mm-hmm</w>
   <w nite:id="EN2003a.C.words785" starttime="1562.71" endtime="1562.71" punc="true">.</w>
   <w nite:id="EN2003a.C.words786" starttime="1566.91" endtime="1566.99">I</w>
   <w nite:id="EN2003a.C.words787" starttime="1566.99" endtime="1567.13">think</w>
   <w nite:id="EN2003a.C.words788" starttime="1567.13" endtime="1567.85">that&#39;s</w>
   <disfmarker nite:id="EN2003a.C.words789" starttime="1567.85" endtime="1567.936"/>
   <w nite:id="EN2003a.C.words790" starttime="1570.09" endtime="1570.31">So</w>
   <w nite:id="EN2003a.C.words791" starttime="1570.31" endtime="1570.52">far</w>
   <w nite:id="EN2003a.C.words792" starttime="1570.52" endtime="1570.77">it&#39;s</w>
   <w nite:id="EN2003a.C.words793" starttime="1570.77" endtime="1571.0">just</w>
   <w nite:id="EN2003a.C.words794" starttime="1571.0" endtime="1571.04">a</w>
   <w nite:id="EN2003a.C.words795" starttime="1571.04" endtime="1571.35">general</w>
   <w nite:id="EN2003a.C.words796" starttime="1571.35" endtime="1571.72">statement</w>
   <w nite:id="EN2003a.C.words797" starttime="1571.72" endtime="1571.91">of</w>
   <w nite:id="EN2003a.C.words798" starttime="1571.91" endtime="1573.58">interest</w>
   <w nite:id="EN2003a.C.words799" starttime="1573.58" endtime="1573.58" punc="true">,</w>
   <w nite:id="EN2003a.C.words800" starttime="1573.58" endtime="1574.04">what</w>
   <w nite:id="EN2003a.C.words801" starttime="1574.04" endtime="1574.3">we</w>
   <w nite:id="EN2003a.C.words802" starttime="1574.3" endtime="1574.74">intend</w>
   <w nite:id="EN2003a.C.words803" starttime="1574.74" endtime="1574.84">to</w>
   <w nite:id="EN2003a.C.words804" starttime="1574.84" endtime="1575.72">do</w>
   <w nite:id="EN2003a.C.words805" starttime="1575.72" endtime="1575.72" punc="true">.</w>
   <w nite:id="EN2003a.C.words806" starttime="1575.72" endtime="1575.87">What</w>
   <w nite:id="EN2003a.C.words807" starttime="1575.87" endtime="1575.96">we</w>
   <w nite:id="EN2003a.C.words808" starttime="1575.96" endtime="1576.27">actually</w>
   <w nite:id="EN2003a.C.words809" starttime="1576.27" endtime="1576.42">get</w>
   <w nite:id="EN2003a.C.words810" starttime="1576.42" endtime="1576.51">to</w>
   <w nite:id="EN2003a.C.words811" starttime="1576.51" endtime="1576.65">do</w>
   <w nite:id="EN2003a.C.words812" starttime="1576.65" endtime="1576.82">we&#39;ll</w>
   <w nite:id="EN2003a.C.words813" starttime="1576.82" endtime="1577.01">see</w>
   <w nite:id="EN2003a.C.words814" starttime="1577.01" endtime="1577.56">later</w>
   <w nite:id="EN2003a.C.words815" starttime="1577.56" endtime="1577.69">when</w>
   <w nite:id="EN2003a.C.words816" starttime="1577.69" endtime="1577.78">we</w>
   <w nite:id="EN2003a.C.words817" starttime="1577.78" endtime="1577.93">have</w>
   <w nite:id="EN2003a.C.words818" starttime="1577.93" endtime="1578.04">the</w>
   <w nite:id="EN2003a.C.words819" starttime="1578.04" endtime="1578.4">stuff</w>
   <w nite:id="EN2003a.C.words820" starttime="1578.4" endtime="1578.4" punc="true">.</w>
   <w nite:id="EN2003a.C.words821" starttime="1602.97" endtime="1603.23">Mm-hmm</w>
   <w nite:id="EN2003a.C.words822" starttime="1603.23" endtime="1603.23" punc="true">.</w>
   <w nite:id="EN2003a.C.words823" starttime="1604.89" endtime="1605.21">Yeah</w>
   <w nite:id="EN2003a.C.words824" starttime="1605.21" endtime="1605.21" punc="true">.</w>
   <w nite:id="EN2003a.C.words825" starttime="1607.02" endtime="1607.25">Yeah</w>
   <w nite:id="EN2003a.C.words826" starttime="1607.25" endtime="1607.25" punc="true">.</w>
   <w nite:id="EN2003a.C.words827" starttime="1616.81" endtime="1616.94">Two</w>
   <w nite:id="EN2003a.C.words828" starttime="1616.94" endtime="1617.2">weeks</w>
   <w nite:id="EN2003a.C.words829" starttime="1617.2" endtime="1617.49">ahead</w>
   <w nite:id="EN2003a.C.words830" starttime="1617.49" endtime="1617.65">of</w>
   <disfmarker nite:id="EN2003a.C.words831" starttime="1617.65" endtime="1617.824"/>
   <w nite:id="EN2003a.C.words832" starttime="1618.87" endtime="1619.06">End</w>
   <w nite:id="EN2003a.C.words833" starttime="1619.06" endtime="1619.2">of</w>
   <w nite:id="EN2003a.C.words834" starttime="1619.2" endtime="1619.47">March</w>
   <w nite:id="EN2003a.C.words835" starttime="1619.47" endtime="1619.47" punc="true">.</w>
   <w nite:id="EN2003a.C.words836" starttime="1621.75" endtime="1622.05">Yeah</w>
   <w nite:id="EN2003a.C.words837" starttime="1622.05" endtime="1622.05" punc="true">.</w>
   <w nite:id="EN2003a.C.words838" starttime="1629.38" endtime="1629.67">Mm-hmm</w>
   <w nite:id="EN2003a.C.words839" starttime="1629.67" endtime="1629.67" punc="true">.</w>
   <vocalsound nite:id="EN2003a.C.words840" starttime="1632.857" endtime="1633.728" type="cough"/>
   <vocalsound nite:id="EN2003a.C.words841" starttime="1635.856" endtime="1636.366" type="cough"/>
   <w nite:id="EN2003a.C.words842" starttime="1638.66" endtime="1639.2">Yeah</w>
   <w nite:id="EN2003a.C.words843" starttime="1639.2" endtime="1639.2" punc="true">,</w>
   <w nite:id="EN2003a.C.words844" starttime="1639.2" endtime="1639.37">and</w>
   <w nite:id="EN2003a.C.words845" starttime="1639.37" endtime="1639.44">I</w>
   <w nite:id="EN2003a.C.words846" starttime="1639.44" endtime="1639.68">will</w>
   <w nite:id="EN2003a.C.words847" starttime="1639.68" endtime="1639.83">be</w>
   <w nite:id="EN2003a.C.words848" starttime="1639.83" endtime="1640.69">away</w>
   <vocalsound nite:id="EN2003a.C.words849" starttime="1642.72" endtime="1642.72" type="loud outtake of air"/>
   <w nite:id="EN2003a.C.words850" starttime="1643.13" endtime="1643.71">probably</w>
   <w nite:id="EN2003a.C.words851" starttime="1643.71" endtime="1644.14">until</w>
   <w nite:id="EN2003a.C.words852" starttime="1644.14" endtime="1644.45">Easter</w>
   <w nite:id="EN2003a.C.words853" starttime="1644.45" endtime="1644.45" punc="true">.</w>
   <w nite:id="EN2003a.C.words854" starttime="1644.45" endtime="1644.86">So</w>
   <w nite:id="EN2003a.C.words855" starttime="1644.86" endtime="1645.06">this</w>
   <w nite:id="EN2003a.C.words856" starttime="1645.06" endtime="1645.4">actually</w>
   <w nite:id="EN2003a.C.words857" starttime="1645.4" endtime="1645.65">means</w>
   <w nite:id="EN2003a.C.words858" starttime="1645.65" endtime="1645.78">we</w>
   <w nite:id="EN2003a.C.words859" starttime="1645.78" endtime="1646.04">have</w>
   <w nite:id="EN2003a.C.words860" starttime="1646.04" endtime="1646.2">the</w>
   <w nite:id="EN2003a.C.words861" starttime="1646.2" endtime="1646.57">week</w>
   <w nite:id="EN2003a.C.words862" starttime="1646.57" endtime="1647.14">directly</w>
   <w nite:id="EN2003a.C.words863" starttime="1647.14" endtime="1647.51">after</w>
   <w nite:id="EN2003a.C.words864" starttime="1647.51" endtime="1648.1">Easter</w>
   <w nite:id="EN2003a.C.words865" starttime="1648.1" endtime="1648.75">between</w>
   <w nite:id="EN2003a.C.words866" starttime="1648.75" endtime="1648.93">my</w>
   <w nite:id="EN2003a.C.words867" starttime="1648.93" endtime="1649.26">coming</w>
   <w nite:id="EN2003a.C.words868" starttime="1649.26" endtime="1649.49">back</w>
   <w nite:id="EN2003a.C.words869" starttime="1649.49" endtime="1649.62">and</w>
   <w nite:id="EN2003a.C.words870" starttime="1649.62" endtime="1649.81">you</w>
   <w nite:id="EN2003a.C.words871" starttime="1649.81" endtime="1650.44">leaving</w>
   <w nite:id="EN2003a.C.words872" starttime="1651.9" endtime="1651.99">to</w>
   <w nite:id="EN2003a.C.words873" starttime="1651.99" endtime="1652.22">get</w>
   <w nite:id="EN2003a.C.words874" starttime="1652.22" endtime="1652.32">the</w>
   <w nite:id="EN2003a.C.words875" starttime="1652.32" endtime="1652.59">stuff</w>
   <w nite:id="EN2003a.C.words876" starttime="1652.59" endtime="1652.85">done</w>
   <w nite:id="EN2003a.C.words877" starttime="1652.85" endtime="1652.85" punc="true">.</w>
   <w nite:id="EN2003a.C.words878" starttime="1713.02" endtime="1713.26">Mm-hmm</w>
   <w nite:id="EN2003a.C.words879" starttime="1713.26" endtime="1713.26" punc="true">.</w>
   <w nite:id="EN2003a.C.words880" starttime="1715.12" endtime="1715.4">Mm-hmm</w>
   <w nite:id="EN2003a.C.words881" starttime="1715.4" endtime="1715.4" punc="true">.</w>
   <w nite:id="EN2003a.C.words882" starttime="1735.37" endtime="1735.51">In</w>
   <w nite:id="EN2003a.C.words883" starttime="1735.51" endtime="1735.66">my</w>
   <w nite:id="EN2003a.C.words884" starttime="1735.66" endtime="1736.23">experience</w>
   <w nite:id="EN2003a.C.words885" starttime="1736.23" endtime="1736.39">what</w>
   <w nite:id="EN2003a.C.words886" starttime="1736.39" endtime="1736.55">you</w>
   <w nite:id="EN2003a.C.words887" starttime="1736.55" endtime="1737.67">usually</w>
   <w nite:id="EN2003a.C.words888" starttime="1737.67" endtime="1737.97">should</w>
   <w nite:id="EN2003a.C.words889" starttime="1737.97" endtime="1738.15">have</w>
   <w nite:id="EN2003a.C.words890" starttime="1738.15" endtime="1738.31">is</w>
   <w nite:id="EN2003a.C.words891" starttime="1738.31" endtime="1738.74">some</w>
   <w nite:id="EN2003a.C.words892" starttime="1738.74" endtime="1738.96">kind</w>
   <w nite:id="EN2003a.C.words893" starttime="1738.96" endtime="1739.22">of</w>
   <w nite:id="EN2003a.C.words894" starttime="1739.22" endtime="1740.85">um</w>
   <w nite:id="EN2003a.C.words895" starttime="1740.85" endtime="1740.85" punc="true">,</w>
   <w nite:id="EN2003a.C.words896" starttime="1740.85" endtime="1741.02">what&#39;s</w>
   <w nite:id="EN2003a.C.words897" starttime="1741.02" endtime="1741.31">it</w>
   <w nite:id="EN2003a.C.words898" starttime="1741.31" endtime="1741.31" punc="true">,</w>
   <w nite:id="EN2003a.C.words899" starttime="1741.31" endtime="1742.59">over-head</w>
   <w nite:id="EN2003a.C.words900" starttime="1742.59" endtime="1744.1" mispronounced="true">thingo</w>
   <disfmarker nite:id="EN2003a.C.words901" starttime="1744.1" endtime="1744.1"/>
   <w nite:id="EN2003a.C.words902" starttime="1744.1" endtime="1745.22">um</w>
   <w nite:id="EN2003a.C.words903" starttime="1745.22" endtime="1746.92">beamer</w>
   <w nite:id="EN2003a.C.words904" starttime="1746.92" endtime="1746.92" punc="true">.</w>
   <w nite:id="EN2003a.C.words905" starttime="1746.92" endtime="1747.02">In</w>
   <w nite:id="EN2003a.C.words906" starttime="1747.02" endtime="1747.32">some</w>
   <w nite:id="EN2003a.C.words907" starttime="1747.32" endtime="1747.82">cases</w>
   <w nite:id="EN2003a.C.words908" starttime="1747.82" endtime="1748.0">we</w>
   <w nite:id="EN2003a.C.words909" starttime="1748.0" endtime="1749.36">might</w>
   <disfmarker nite:id="EN2003a.C.words910" starttime="1749.36" endtime="1749.36"/>
   <w nite:id="EN2003a.C.words911" starttime="1749.36" endtime="1749.48">if</w>
   <w nite:id="EN2003a.C.words912" starttime="1749.48" endtime="1749.72">it&#39;s</w>
   <w nite:id="EN2003a.C.words913" starttime="1749.72" endtime="1750.04">really</w>
   <w nite:id="EN2003a.C.words914" starttime="1750.04" endtime="1750.94">tough</w>
   <w nite:id="EN2003a.C.words915" starttime="1750.94" endtime="1750.94" punc="true">,</w>
   <w nite:id="EN2003a.C.words916" starttime="1750.94" endtime="1751.08">we</w>
   <w nite:id="EN2003a.C.words917" starttime="1751.08" endtime="1751.32">might</w>
   <w nite:id="EN2003a.C.words918" starttime="1751.32" endtime="1751.43">be</w>
   <w nite:id="EN2003a.C.words919" starttime="1751.43" endtime="1751.55">in</w>
   <w nite:id="EN2003a.C.words920" starttime="1751.55" endtime="1751.75">need</w>
   <w nite:id="EN2003a.C.words921" starttime="1751.75" endtime="1751.91">of</w>
   <w nite:id="EN2003a.C.words922" starttime="1751.91" endtime="1753.11">a</w>
   <disfmarker nite:id="EN2003a.C.words923" starttime="1753.11" endtime="1753.11"/>
   <w nite:id="EN2003a.C.words924" starttime="1753.11" endtime="1753.31">of</w>
   <w nite:id="EN2003a.C.words925" starttime="1753.31" endtime="1753.47">some</w>
   <w nite:id="EN2003a.C.words926" starttime="1753.47" endtime="1753.77">sound</w>
   <w nite:id="EN2003a.C.words927" starttime="1753.77" endtime="1755.19">system</w>
   <w nite:id="EN2003a.C.words928" starttime="1755.19" endtime="1755.25">to</w>
   <w nite:id="EN2003a.C.words929" starttime="1755.25" endtime="1755.46">play</w>
   <w nite:id="EN2003a.C.words930" starttime="1755.46" endtime="1756.2">recordings</w>
   <w nite:id="EN2003a.C.words931" starttime="1756.2" endtime="1756.2" punc="true">.</w>
   <w nite:id="EN2003a.C.words932" starttime="1757.89" endtime="1758.16">Should</w>
   <w nite:id="EN2003a.C.words933" starttime="1758.16" endtime="1758.31">be</w>
   <w nite:id="EN2003a.C.words934" starttime="1758.31" endtime="1758.54">there</w>
   <w nite:id="EN2003a.C.words935" starttime="1758.54" endtime="1758.54" punc="true">,</w>
   <w nite:id="EN2003a.C.words936" starttime="1758.54" endtime="1758.89">yeah</w>
   <w nite:id="EN2003a.C.words937" starttime="1758.89" endtime="1758.89" punc="true">.</w>
   <w nite:id="EN2003a.C.words938" starttime="1761.05" endtime="1761.59">Adjusting</w>
   <w nite:id="EN2003a.C.words939" starttime="1761.59" endtime="1761.59" punc="true">.</w>
   <vocalsound nite:id="EN2003a.C.words940" starttime="1765.363" endtime="1765.662" type="other"/>
   <w nite:id="EN2003a.C.words941" starttime="1766.31" endtime="1767.68">Yeah</w>
   <w nite:id="EN2003a.C.words942" starttime="1767.68" endtime="1767.68" punc="true">.</w>
   <w nite:id="EN2003a.C.words943" starttime="1767.68" endtime="1767.91">Yeah</w>
   <w nite:id="EN2003a.C.words944" starttime="1767.91" endtime="1767.91" punc="true">.</w>
   <w nite:id="EN2003a.C.words945" starttime="1810.25" endtime="1810.6">Mm-hmm</w>
   <w nite:id="EN2003a.C.words946" starttime="1810.6" endtime="1810.6" punc="true">.</w>
   <w nite:id="EN2003a.C.words947" starttime="1816.74" endtime="1817.07">Yeah</w>
   <w nite:id="EN2003a.C.words948" starttime="1817.07" endtime="1817.07" punc="true">.</w>
   <w nite:id="EN2003a.C.words949" starttime="1836.82" endtime="1837.18">Yeah</w>
   <w nite:id="EN2003a.C.words950" starttime="1837.18" endtime="1837.18" punc="true">.</w>
   <w nite:id="EN2003a.C.words951" starttime="1847.83" endtime="1849.33">Nah</w>
   <w nite:id="EN2003a.C.words952" starttime="1849.33" endtime="1849.33" punc="true">.</w>
   <w nite:id="EN2003a.C.words953" starttime="1849.33" endtime="1849.46">No</w>
   <w nite:id="EN2003a.C.words954" starttime="1849.46" endtime="1849.7">way</w>
   <w nite:id="EN2003a.C.words955" starttime="1849.7" endtime="1850.09">anymore</w>
   <w nite:id="EN2003a.C.words956" starttime="1850.09" endtime="1850.09" punc="true">.</w>
   <w nite:id="EN2003a.C.words957" starttime="1857.62" endtime="1857.99">Mm</w>
   <w nite:id="EN2003a.C.words958" starttime="1857.99" endtime="1858.18">neither</w>
   <w nite:id="EN2003a.C.words959" starttime="1858.18" endtime="1858.35">do</w>
   <w nite:id="EN2003a.C.words960" starttime="1858.35" endtime="1858.75">I</w>
   <w nite:id="EN2003a.C.words961" starttime="1858.75" endtime="1858.75" punc="true">.</w>
   <vocalsound nite:id="EN2003a.C.words962" starttime="1860.736" endtime="1862.334" type="laugh"/>
   <w nite:id="EN2003a.C.words963" starttime="1889.78" endtime="1890.12">Mm-hmm</w>
   <w nite:id="EN2003a.C.words964" starttime="1890.12" endtime="1890.12" punc="true">.</w>
   <vocalsound nite:id="EN2003a.C.words965" starttime="1896.134" endtime="1896.804" type="laugh"/>
   <w nite:id="EN2003a.C.words966" starttime="1899.44" endtime="1899.57">I</w>
   <w nite:id="EN2003a.C.words967" starttime="1899.57" endtime="1899.8">could</w>
   <w nite:id="EN2003a.C.words968" starttime="1899.8" endtime="1900.09">create</w>
   <w nite:id="EN2003a.C.words969" starttime="1900.09" endtime="1900.26">us</w>
   <w nite:id="EN2003a.C.words970" starttime="1900.26" endtime="1900.56">another</w>
   <w nite:id="EN2003a.C.words971" starttime="1900.56" endtime="1901.03">calendar</w>
   <w nite:id="EN2003a.C.words972" starttime="1901.03" endtime="1901.03" punc="true">.</w>
   <w nite:id="EN2003a.C.words973" starttime="1919.36" endtime="1919.46">For</w>
   <w nite:id="EN2003a.C.words974" starttime="1919.46" endtime="1919.55">the</w>
   <w nite:id="EN2003a.C.words975" starttime="1919.55" endtime="1919.93">title</w>
   <w nite:id="EN2003a.C.words976" starttime="1919.93" endtime="1921.36">deadline</w>
   <w nite:id="EN2003a.C.words977" starttime="1921.36" endtime="1921.36" punc="true">?</w>
   <w nite:id="EN2003a.C.words978" starttime="1921.36" endtime="1921.64">Yeah</w>
   <w nite:id="EN2003a.C.words979" starttime="1921.64" endtime="1921.64" punc="true">.</w>
   <w nite:id="EN2003a.C.words980" starttime="1946.23" endtime="1947.46">Mm-hmm</w>
   <w nite:id="EN2003a.C.words981" starttime="1947.46" endtime="1947.46" punc="true">.</w>
   <w nite:id="EN2003a.C.words982" starttime="1947.46" endtime="1947.83">Yeah</w>
   <w nite:id="EN2003a.C.words983" starttime="1947.83" endtime="1947.83" punc="true">.</w>
   <w nite:id="EN2003a.C.words984" starttime="1952.33" endtime="1952.67">Yeah</w>
   <w nite:id="EN2003a.C.words985" starttime="1952.67" endtime="1952.67" punc="true">.</w>
   <w nite:id="EN2003a.C.words986" starttime="1964.87" endtime="1966.49">Uh</w>
   <w nite:id="EN2003a.C.words987" starttime="1966.49" endtime="1966.52" trunc="true">f</w>
   <w nite:id="EN2003a.C.words988" starttime="1966.52" endtime="1966.67">I</w>
   <w nite:id="EN2003a.C.words989" starttime="1966.67" endtime="1966.88">think</w>
   <w nite:id="EN2003a.C.words990" starttime="1966.88" endtime="1967.02">if</w>
   <w nite:id="EN2003a.C.words991" starttime="1967.02" endtime="1967.18">they&#39;re</w>
   <w nite:id="EN2003a.C.words992" starttime="1967.18" endtime="1967.5">really</w>
   <w nite:id="EN2003a.C.words993" starttime="1967.5" endtime="1968.38">serious</w>
   <w nite:id="EN2003a.C.words994" starttime="1970.22" endtime="1970.33">to</w>
   <w nite:id="EN2003a.C.words995" starttime="1970.33" endtime="1970.48">be</w>
   <w nite:id="EN2003a.C.words996" starttime="1970.48" endtime="1970.54">a</w>
   <w nite:id="EN2003a.C.words997" starttime="1970.54" endtime="1970.75">bit</w>
   <w nite:id="EN2003a.C.words998" starttime="1970.75" endtime="1971.19">late</w>
   <w nite:id="EN2003a.C.words999" starttime="1971.19" endtime="1971.3">with</w>
   <w nite:id="EN2003a.C.words1000" starttime="1971.3" endtime="1971.4">the</w>
   <w nite:id="EN2003a.C.words1001" starttime="1971.4" endtime="1971.9">title</w>
   <w nite:id="EN2003a.C.words1002" starttime="1971.9" endtime="1972.14">might</w>
   <w nite:id="EN2003a.C.words1003" starttime="1972.14" endtime="1972.34">not</w>
   <w nite:id="EN2003a.C.words1004" starttime="1972.34" endtime="1972.5">be</w>
   <w nite:id="EN2003a.C.words1005" starttime="1972.5" endtime="1972.7">bad</w>
   <w nite:id="EN2003a.C.words1006" starttime="1972.7" endtime="1972.7" punc="true">,</w>
   <w nite:id="EN2003a.C.words1007" starttime="1972.7" endtime="1973.02">because</w>
   <w nite:id="EN2003a.C.words1008" starttime="1973.02" endtime="1973.4">it</w>
   <w nite:id="EN2003a.C.words1009" starttime="1973.4" endtime="1973.59">will</w>
   <w nite:id="EN2003a.C.words1010" starttime="1973.59" endtime="1973.8">help</w>
   <w nite:id="EN2003a.C.words1011" starttime="1973.8" endtime="1973.97">them</w>
   <w nite:id="EN2003a.C.words1012" starttime="1973.97" endtime="1974.5">to</w>
   <disfmarker nite:id="EN2003a.C.words1013" starttime="1974.5" endtime="1974.569"/>
   <w nite:id="EN2003a.C.words1014" starttime="1975.62" endtime="1976.06">Yeah</w>
   <w nite:id="EN2003a.C.words1015" starttime="1976.06" endtime="1976.06" punc="true">.</w>
   <w nite:id="EN2003a.C.words1016" starttime="1977.94" endtime="1978.13">Yep</w>
   <w nite:id="EN2003a.C.words1017" starttime="1978.13" endtime="1978.13" punc="true">.</w>
   <w nite:id="EN2003a.C.words1018" starttime="1985.83" endtime="1986.08">Yep</w>
   <w nite:id="EN2003a.C.words1019" starttime="1986.08" endtime="1986.08" punc="true">.</w>
   <w nite:id="EN2003a.C.words1020" starttime="2002.31" endtime="2002.69">Getting</w>
   <w nite:id="EN2003a.C.words1021" starttime="2002.69" endtime="2003.19">access</w>
   <w nite:id="EN2003a.C.words1022" starttime="2003.19" endtime="2003.45">to</w>
   <w nite:id="EN2003a.C.words1023" starttime="2003.45" endtime="2004.07">the</w>
   <disfmarker nite:id="EN2003a.C.words1024" starttime="2004.07" endtime="2004.07"/>
   <w nite:id="EN2003a.C.words1025" starttime="2004.07" endtime="2004.39">uh</w>
   <w nite:id="EN2003a.C.words1026" starttime="2004.39" endtime="2004.54">to</w>
   <w nite:id="EN2003a.C.words1027" starttime="2004.54" endtime="2004.72">the</w>
   <w nite:id="EN2003a.C.words1028" starttime="2004.72" endtime="2005.67">account</w>
   <w nite:id="EN2003a.C.words1029" starttime="2005.67" endtime="2005.67" punc="true">.</w>
   <w nite:id="EN2003a.C.words1030" starttime="2005.67" endtime="2005.96">Blah</w>
   <w nite:id="EN2003a.C.words1031" starttime="2005.96" endtime="2006.32">blah</w>
   <w nite:id="EN2003a.C.words1032" starttime="2006.32" endtime="2006.46">blah</w>
   <w nite:id="EN2003a.C.words1033" starttime="2006.46" endtime="2006.95">blah</w>
   <w nite:id="EN2003a.C.words1034" starttime="2006.95" endtime="2006.95" punc="true">.</w>
   <w nite:id="EN2003a.C.words1035" starttime="2011.58" endtime="2012.73">Yeah</w>
   <w nite:id="EN2003a.C.words1036" starttime="2012.73" endtime="2012.73" punc="true">.</w>
   <w nite:id="EN2003a.C.words1037" starttime="2012.73" endtime="2013.1">Yep</w>
   <w nite:id="EN2003a.C.words1038" starttime="2013.1" endtime="2013.1" punc="true">.</w>
   <w nite:id="EN2003a.C.words1039" starttime="2038.18" endtime="2038.49">Mm-hmm</w>
   <w nite:id="EN2003a.C.words1040" starttime="2038.49" endtime="2038.49" punc="true">.</w>
   <w nite:id="EN2003a.C.words1041" starttime="2042.91" endtime="2043.21">Yeah</w>
   <w nite:id="EN2003a.C.words1042" starttime="2043.21" endtime="2043.21" punc="true">.</w>
   <w nite:id="EN2003a.C.words1043" starttime="2052.69" endtime="2053.06">Yeah</w>
   <w nite:id="EN2003a.C.words1044" starttime="2053.06" endtime="2053.06" punc="true">.</w>
   <vocalsound nite:id="EN2003a.C.words1045" starttime="2054.816" endtime="2056.35" type="laugh"/>
   <w nite:id="EN2003a.C.words1046" starttime="2058.53" endtime="2058.88">We&#39;ve</w>
   <w nite:id="EN2003a.C.words1047" starttime="2058.88" endtime="2059.07">got</w>
   <w nite:id="EN2003a.C.words1048" starttime="2059.07" endtime="2059.23">it</w>
   <w nite:id="EN2003a.C.words1049" starttime="2059.23" endtime="2059.5">all</w>
   <w nite:id="EN2003a.C.words1050" starttime="2059.5" endtime="2059.76">written</w>
   <w nite:id="EN2003a.C.words1051" starttime="2059.76" endtime="2061.6">down</w>
   <w nite:id="EN2003a.C.words1052" starttime="2061.6" endtime="2061.6" punc="true">.</w>
   <vocalsound nite:id="EN2003a.C.words1053" starttime="2061.6" endtime="2061.715" type="laugh"/>
   <vocalsound nite:id="EN2003a.C.words1054" starttime="2117.68" endtime="2118.09" type="other"/>
   <w nite:id="EN2003a.C.words1055" starttime="2119.19" endtime="2119.47">Should</w>
   <w nite:id="EN2003a.C.words1056" starttime="2119.47" endtime="2119.52">I</w>
   <w nite:id="EN2003a.C.words1057" starttime="2119.52" endtime="2119.77">take</w>
   <w nite:id="EN2003a.C.words1058" starttime="2119.77" endtime="2120.03">care</w>
   <w nite:id="EN2003a.C.words1059" starttime="2120.03" endtime="2120.2">of</w>
   <w nite:id="EN2003a.C.words1060" starttime="2120.2" endtime="2120.29">the</w>
   <w nite:id="EN2003a.C.words1061" starttime="2120.29" endtime="2120.49">web</w>
   <w nite:id="EN2003a.C.words1062" starttime="2120.49" endtime="2121.04">page</w>
   <w nite:id="EN2003a.C.words1063" starttime="2121.04" endtime="2121.04" punc="true">?</w>
   <w nite:id="EN2003a.C.words1064" starttime="2128.34" endtime="2129.19">Mm-hmm</w>
   <w nite:id="EN2003a.C.words1065" starttime="2129.19" endtime="2129.19" punc="true">.</w>
   <w nite:id="EN2003a.C.words1066" starttime="2129.19" endtime="2129.55">Yeah</w>
   <w nite:id="EN2003a.C.words1067" starttime="2129.55" endtime="2129.55" punc="true">.</w>
   <w nite:id="EN2003a.C.words1068" starttime="2132.67" endtime="2132.92">Yeah</w>
   <w nite:id="EN2003a.C.words1069" starttime="2132.92" endtime="2132.92" punc="true">.</w>
   <w nite:id="EN2003a.C.words1070" starttime="2154.02" endtime="2154.63">Hmm</w>
   <w nite:id="EN2003a.C.words1071" starttime="2154.63" endtime="2154.63" punc="true">.</w>
   <vocalsound nite:id="EN2003a.C.words1072" starttime="2159.339" endtime="2159.339" type="other"/>
   <w nite:id="EN2003a.C.words1073" starttime="2159.54" endtime="2159.68">No</w>
   <w nite:id="EN2003a.C.words1074" starttime="2159.68" endtime="2159.68" punc="true">.</w>
   <w nite:id="EN2003a.C.words1075" starttime="2162.69" endtime="2162.96">Not</w>
   <w nite:id="EN2003a.C.words1076" starttime="2162.96" endtime="2163.2">quite</w>
   <w nite:id="EN2003a.C.words1077" starttime="2163.2" endtime="2163.2" punc="true">,</w>
   <w nite:id="EN2003a.C.words1078" starttime="2163.2" endtime="2163.38">but</w>
   <w nite:id="EN2003a.C.words1079" starttime="2163.38" endtime="2163.89">almost</w>
   <w nite:id="EN2003a.C.words1080" starttime="2163.89" endtime="2163.89" punc="true">.</w>
   <w nite:id="EN2003a.C.words1081" starttime="2190.41" endtime="2191.09">Yeah</w>
   <w nite:id="EN2003a.C.words1082" starttime="2191.09" endtime="2191.09" punc="true">.</w>
   <vocalsound nite:id="EN2003a.C.words1083" starttime="2191.09" endtime="2191.553" type="cough"/>
   <w nite:id="EN2003a.C.words1084" starttime="2193.98" endtime="2194.72">Um</w>
   <disfmarker nite:id="EN2003a.C.words1085" starttime="2194.72" endtime="2194.817"/>
   <w nite:id="EN2003a.C.words1086" starttime="2207.74" endtime="2208.07">Mm-hmm</w>
   <w nite:id="EN2003a.C.words1087" starttime="2208.07" endtime="2208.07" punc="true">.</w>
   <w nite:id="EN2003a.C.words1088" starttime="2217.25" endtime="2217.33">I</w>
   <w nite:id="EN2003a.C.words1089" starttime="2217.33" endtime="2217.95">think</w>
   <w nite:id="EN2003a.C.words1090" starttime="2217.95" endtime="2218.72">latest</w>
   <w nite:id="EN2003a.C.words1091" starttime="2218.72" endtime="2219.58" trunc="true">s</w>
   <w nite:id="EN2003a.C.words1092" starttime="2219.58" endtime="2219.78">soon</w>
   <w nite:id="EN2003a.C.words1093" starttime="2219.78" endtime="2219.89">as</w>
   <w nite:id="EN2003a.C.words1094" starttime="2219.89" endtime="2219.98">the</w>
   <w nite:id="EN2003a.C.words1095" starttime="2219.98" endtime="2220.26">call</w>
   <w nite:id="EN2003a.C.words1096" starttime="2220.26" endtime="2220.39">is</w>
   <w nite:id="EN2003a.C.words1097" starttime="2220.39" endtime="2220.77">out</w>
   <w nite:id="EN2003a.C.words1098" starttime="2220.77" endtime="2220.77" punc="true">.</w>
   <w nite:id="EN2003a.C.words1099" starttime="2224.09" endtime="2224.35">Because</w>
   <w nite:id="EN2003a.C.words1100" starttime="2224.35" endtime="2224.72">then</w>
   <w nite:id="EN2003a.C.words1101" starttime="2224.72" endtime="2224.85">we</w>
   <w nite:id="EN2003a.C.words1102" starttime="2224.85" endtime="2225.75">have</w>
   <w nite:id="EN2003a.C.words1103" starttime="2225.75" endtime="2225.92">the</w>
   <w nite:id="EN2003a.C.words1104" starttime="2225.92" endtime="2226.23">call</w>
   <w nite:id="EN2003a.C.words1105" starttime="2226.23" endtime="2227.08">thing</w>
   <w nite:id="EN2003a.C.words1106" starttime="2227.08" endtime="2227.08" punc="true">,</w>
   <w nite:id="EN2003a.C.words1107" starttime="2227.08" endtime="2227.18">we</w>
   <w nite:id="EN2003a.C.words1108" starttime="2227.18" endtime="2227.33">have</w>
   <w nite:id="EN2003a.C.words1109" starttime="2227.33" endtime="2227.59">that</w>
   <w nite:id="EN2003a.C.words1110" starttime="2227.59" endtime="2227.9">away</w>
   <w nite:id="EN2003a.C.words1111" starttime="2227.9" endtime="2228.77">and</w>
   <w nite:id="EN2003a.C.words1112" starttime="2228.77" endtime="2228.9">look</w>
   <w nite:id="EN2003a.C.words1113" starttime="2228.9" endtime="2229.02">at</w>
   <w nite:id="EN2003a.C.words1114" starttime="2229.02" endtime="2229.12">the</w>
   <w nite:id="EN2003a.C.words1115" starttime="2229.12" endtime="2229.89" trunc="true">boar</w>
   <w nite:id="EN2003a.C.words1116" starttime="2229.89" endtime="2230.73" mispronounced="true">organisatorial</w>
   <w nite:id="EN2003a.C.words1117" starttime="2230.73" endtime="2231.13">stuff</w>
   <w nite:id="EN2003a.C.words1118" starttime="2231.13" endtime="2231.4">like</w>
   <w nite:id="EN2003a.C.words1119" starttime="2231.4" endtime="2231.53">uh</w>
   <disfmarker nite:id="EN2003a.C.words1120" starttime="2231.53" endtime="2231.584"/>
   <w nite:id="EN2003a.C.words1121" starttime="2232.87" endtime="2232.93">Do</w>
   <w nite:id="EN2003a.C.words1122" starttime="2232.93" endtime="2233.03">we</w>
   <w nite:id="EN2003a.C.words1123" starttime="2233.03" endtime="2233.12">know</w>
   <w nite:id="EN2003a.C.words1124" starttime="2233.12" endtime="2233.48">about</w>
   <w nite:id="EN2003a.C.words1125" starttime="2233.48" endtime="2233.89">chairs</w>
   <w nite:id="EN2003a.C.words1126" starttime="2233.89" endtime="2233.89" punc="true">,</w>
   <w nite:id="EN2003a.C.words1127" starttime="2233.89" endtime="2234.23">tea</w>
   <w nite:id="EN2003a.C.words1128" starttime="2234.23" endtime="2234.23" punc="true">,</w>
   <w nite:id="EN2003a.C.words1129" starttime="2234.23" endtime="2234.34">and</w>
   <w nite:id="EN2003a.C.words1130" starttime="2234.34" endtime="2235.13">stuff</w>
   <w nite:id="EN2003a.C.words1131" starttime="2235.13" endtime="2235.13" punc="true">?</w>
   <vocalsound nite:id="EN2003a.C.words1132" starttime="2235.13" endtime="2235.2" type="laugh"/>
   <vocalsound nite:id="EN2003a.C.words1133" starttime="2239.456" endtime="2239.456" type="other"/>
   <w nite:id="EN2003a.C.words1134" starttime="2239.55" endtime="2240.17">Okay</w>
   <w nite:id="EN2003a.C.words1135" starttime="2240.17" endtime="2240.17" punc="true">.</w>
</nite:root>