<?xml version="1.0" encoding="ISO-8859-1" standalone="yes"?>
<nite:root nite:id="EN2003a.C.segs" xmlns:nite="http://nite.sourceforge.net/">
   <segment nite:id="EN2003a.sync.637" channel="2" transcriber_start="14.345" transcriber_end="16.816">
      <nite:child href="EN2003a.C.words.xml#id(EN2003a.C.words0)..id(EN2003a.C.words3)"/>
   </segment>
   <segment nite:id="EN2003a.sync.639" channel="2" transcriber_start="21.158" transcriber_end="21.765">
      <nite:child href="EN2003a.C.words.xml#id(EN2003a.C.words4)..id(EN2003a.C.words5)"/>
   </segment>
   <segment nite:id="EN2003a.sync.641" channel="2" transcriber_start="42.624" transcriber_end="43.183">
      <nite:child href="EN2003a.C.words.xml#id(EN2003a.C.words6)..id(EN2003a.C.words7)"/>
   </segment>
   <segment nite:id="EN2003a.sync.643" channel="2" transcriber_start="54.324" transcriber_end="54.8">
      <nite:child href="EN2003a.C.words.xml#id(EN2003a.C.words8)..id(EN2003a.C.words9)"/>
   </segment>
   <segment nite:id="EN2003a.sync.645" channel="2" transcriber_start="63.62" transcriber_end="64.244">
      <nite:child href="EN2003a.C.words.xml#id(EN2003a.C.words10)..id(EN2003a.C.words11)"/>
   </segment>
   <segment nite:id="EN2003a.sync.647" channel="2" transcriber_start="65.6" transcriber_end="67.34">
      <nite:child href="EN2003a.C.words.xml#id(EN2003a.C.words12)"/>
   </segment>
   <segment nite:id="EN2003a.sync.649" channel="2" transcriber_start="74.269" transcriber_end="79.845">
      <nite:child href="EN2003a.C.words.xml#id(EN2003a.C.words13)..id(EN2003a.C.words26)"/>
   </segment>
   <segment nite:id="EN2003a.sync.651" channel="2" transcriber_start="87.84" transcriber_end="88.37">
      <nite:child href="EN2003a.C.words.xml#id(EN2003a.C.words27)..id(EN2003a.C.words28)"/>
   </segment>
   <segment nite:id="EN2003a.sync.653" channel="2" transcriber_start="100.214" transcriber_end="101.079">
      <nite:child href="EN2003a.C.words.xml#id(EN2003a.C.words29)..id(EN2003a.C.words32)"/>
   </segment>
   <segment nite:id="EN2003a.sync.655" channel="2" transcriber_start="129.369" transcriber_end="129.809">
      <nite:child href="EN2003a.C.words.xml#id(EN2003a.C.words33)..id(EN2003a.C.words34)"/>
   </segment>
   <segment nite:id="EN2003a.sync.657" channel="2" transcriber_start="156.402" transcriber_end="156.924">
      <nite:child href="EN2003a.C.words.xml#id(EN2003a.C.words35)"/>
   </segment>
   <segment nite:id="EN2003a.sync.659" channel="2" transcriber_start="159.765" transcriber_end="163.174">
      <nite:child href="EN2003a.C.words.xml#id(EN2003a.C.words36)..id(EN2003a.C.words49)"/>
   </segment>
   <segment nite:id="EN2003a.sync.661" channel="2" transcriber_start="172.822" transcriber_end="173.305">
      <nite:child href="EN2003a.C.words.xml#id(EN2003a.C.words50)..id(EN2003a.C.words51)"/>
   </segment>
   <segment nite:id="EN2003a.sync.663" channel="2" transcriber_start="205.536" transcriber_end="206.052">
      <nite:child href="EN2003a.C.words.xml#id(EN2003a.C.words52)..id(EN2003a.C.words53)"/>
   </segment>
   <segment nite:id="EN2003a.sync.665" channel="2" transcriber_start="212.272" transcriber_end="212.666">
      <nite:child href="EN2003a.C.words.xml#id(EN2003a.C.words54)..id(EN2003a.C.words56)"/>
   </segment>
   <segment nite:id="EN2003a.sync.667" channel="2" transcriber_start="218.094" transcriber_end="220.016">
      <nite:child href="EN2003a.C.words.xml#id(EN2003a.C.words57)..id(EN2003a.C.words64)"/>
   </segment>
   <segment nite:id="EN2003a.sync.669" channel="2" transcriber_start="231.312" transcriber_end="231.681">
      <nite:child href="EN2003a.C.words.xml#id(EN2003a.C.words65)..id(EN2003a.C.words66)"/>
   </segment>
   <segment nite:id="EN2003a.sync.671" channel="2" transcriber_start="251.792" transcriber_end="252.298">
      <nite:child href="EN2003a.C.words.xml#id(EN2003a.C.words67)..id(EN2003a.C.words68)"/>
   </segment>
   <segment nite:id="EN2003a.sync.673" channel="2" transcriber_start="259.59" transcriber_end="260.064">
      <nite:child href="EN2003a.C.words.xml#id(EN2003a.C.words69)..id(EN2003a.C.words70)"/>
   </segment>
   <segment nite:id="EN2003a.sync.675" channel="2" transcriber_start="262.292" transcriber_end="263.2">
      <nite:child href="EN2003a.C.words.xml#id(EN2003a.C.words71)"/>
   </segment>
   <segment nite:id="EN2003a.sync.677" channel="2" transcriber_start="269.611" transcriber_end="278.417">
      <nite:child href="EN2003a.C.words.xml#id(EN2003a.C.words72)..id(EN2003a.C.words96)"/>
   </segment>
   <segment nite:id="EN2003a.sync.679" channel="2" transcriber_start="280.864" transcriber_end="281.312">
      <nite:child href="EN2003a.C.words.xml#id(EN2003a.C.words97)..id(EN2003a.C.words98)"/>
   </segment>
   <segment nite:id="EN2003a.sync.681" channel="2" transcriber_start="283.824" transcriber_end="291.53">
      <nite:child href="EN2003a.C.words.xml#id(EN2003a.C.words99)..id(EN2003a.C.words118)"/>
   </segment>
   <segment nite:id="EN2003a.sync.683" channel="2" transcriber_start="293.488" transcriber_end="293.972">
      <nite:child href="EN2003a.C.words.xml#id(EN2003a.C.words119)..id(EN2003a.C.words120)"/>
   </segment>
   <segment nite:id="EN2003a.sync.685" channel="2" transcriber_start="296.25" transcriber_end="296.732">
      <nite:child href="EN2003a.C.words.xml#id(EN2003a.C.words121)..id(EN2003a.C.words122)"/>
   </segment>
   <segment nite:id="EN2003a.sync.687" channel="2" transcriber_start="315.514" transcriber_end="316.886">
      <nite:child href="EN2003a.C.words.xml#id(EN2003a.C.words123)..id(EN2003a.C.words126)"/>
   </segment>
   <segment nite:id="EN2003a.sync.689" channel="2" transcriber_start="321.584" transcriber_end="321.856">
      <nite:child href="EN2003a.C.words.xml#id(EN2003a.C.words127)"/>
   </segment>
   <segment nite:id="EN2003a.sync.691" channel="2" transcriber_start="328.64" transcriber_end="332.01">
      <nite:child href="EN2003a.C.words.xml#id(EN2003a.C.words128)..id(EN2003a.C.words140)"/>
   </segment>
   <segment nite:id="EN2003a.sync.693" channel="2" transcriber_start="341.2" transcriber_end="341.665">
      <nite:child href="EN2003a.C.words.xml#id(EN2003a.C.words141)..id(EN2003a.C.words142)"/>
   </segment>
   <segment nite:id="EN2003a.sync.695" channel="2" transcriber_start="345.961" transcriber_end="346.427">
      <nite:child href="EN2003a.C.words.xml#id(EN2003a.C.words143)..id(EN2003a.C.words144)"/>
   </segment>
   <segment nite:id="EN2003a.sync.697" channel="2" transcriber_start="382.08" transcriber_end="382.608">
      <nite:child href="EN2003a.C.words.xml#id(EN2003a.C.words145)..id(EN2003a.C.words146)"/>
   </segment>
   <segment nite:id="EN2003a.sync.699" channel="2" transcriber_start="409.776" transcriber_end="410.212">
      <nite:child href="EN2003a.C.words.xml#id(EN2003a.C.words147)..id(EN2003a.C.words148)"/>
   </segment>
   <segment nite:id="EN2003a.sync.701" channel="2" transcriber_start="441.781" transcriber_end="443.599">
      <nite:child href="EN2003a.C.words.xml#id(EN2003a.C.words149)..id(EN2003a.C.words153)"/>
   </segment>
   <segment nite:id="EN2003a.sync.703" channel="2" transcriber_start="444.64" transcriber_end="445.171">
      <nite:child href="EN2003a.C.words.xml#id(EN2003a.C.words154)..id(EN2003a.C.words155)"/>
   </segment>
   <segment nite:id="EN2003a.sync.705" channel="2" transcriber_start="446.618" transcriber_end="447.217">
      <nite:child href="EN2003a.C.words.xml#id(EN2003a.C.words156)..id(EN2003a.C.words157)"/>
   </segment>
   <segment nite:id="EN2003a.sync.707" channel="2" transcriber_start="449.42" transcriber_end="449.904">
      <nite:child href="EN2003a.C.words.xml#id(EN2003a.C.words158)..id(EN2003a.C.words159)"/>
   </segment>
   <segment nite:id="EN2003a.sync.709" channel="2" transcriber_start="452.448" transcriber_end="457.922">
      <nite:child href="EN2003a.C.words.xml#id(EN2003a.C.words160)..id(EN2003a.C.words181)"/>
   </segment>
   <segment nite:id="EN2003a.sync.711" channel="2" transcriber_start="459.804" transcriber_end="462.075">
      <nite:child href="EN2003a.C.words.xml#id(EN2003a.C.words182)..id(EN2003a.C.words191)"/>
   </segment>
   <segment nite:id="EN2003a.sync.713" channel="2" transcriber_start="473.403" transcriber_end="474.359">
      <nite:child href="EN2003a.C.words.xml#id(EN2003a.C.words192)..id(EN2003a.C.words194)"/>
   </segment>
   <segment nite:id="EN2003a.sync.715" channel="2" transcriber_start="479.024" transcriber_end="480.24">
      <nite:child href="EN2003a.C.words.xml#id(EN2003a.C.words195)..id(EN2003a.C.words196)"/>
   </segment>
   <segment nite:id="EN2003a.sync.717" channel="2" transcriber_start="483.296" transcriber_end="487.272">
      <nite:child href="EN2003a.C.words.xml#id(EN2003a.C.words197)..id(EN2003a.C.words207)"/>
   </segment>
   <segment nite:id="EN2003a.sync.719" channel="2" transcriber_start="492.012" transcriber_end="492.677">
      <nite:child href="EN2003a.C.words.xml#id(EN2003a.C.words208)..id(EN2003a.C.words209)"/>
   </segment>
   <segment nite:id="EN2003a.sync.721" channel="2" transcriber_start="498.132" transcriber_end="498.863">
      <nite:child href="EN2003a.C.words.xml#id(EN2003a.C.words210)..id(EN2003a.C.words211)"/>
   </segment>
   <segment nite:id="EN2003a.sync.723" channel="2" transcriber_start="501.168" transcriber_end="501.696">
      <nite:child href="EN2003a.C.words.xml#id(EN2003a.C.words212)..id(EN2003a.C.words213)"/>
   </segment>
   <segment nite:id="EN2003a.sync.725" channel="2" transcriber_start="506.016" transcriber_end="509.984">
      <nite:child href="EN2003a.C.words.xml#id(EN2003a.C.words214)..id(EN2003a.C.words221)"/>
   </segment>
   <segment nite:id="EN2003a.sync.727" channel="2" transcriber_start="513.14" transcriber_end="523.456">
      <nite:child href="EN2003a.C.words.xml#id(EN2003a.C.words222)..id(EN2003a.C.words252)"/>
   </segment>
   <segment nite:id="EN2003a.sync.729" channel="2" transcriber_start="527.269" transcriber_end="527.809">
      <nite:child href="EN2003a.C.words.xml#id(EN2003a.C.words253)..id(EN2003a.C.words254)"/>
   </segment>
   <segment nite:id="EN2003a.sync.731" channel="2" transcriber_start="531.127" transcriber_end="533.089">
      <nite:child href="EN2003a.C.words.xml#id(EN2003a.C.words255)..id(EN2003a.C.words264)"/>
   </segment>
   <segment nite:id="EN2003a.sync.733" channel="2" transcriber_start="537.088" transcriber_end="540.44">
      <nite:child href="EN2003a.C.words.xml#id(EN2003a.C.words265)..id(EN2003a.C.words279)"/>
   </segment>
   <segment nite:id="EN2003a.sync.735" channel="2" transcriber_start="572.24" transcriber_end="572.731">
      <nite:child href="EN2003a.C.words.xml#id(EN2003a.C.words280)..id(EN2003a.C.words281)"/>
   </segment>
   <segment nite:id="EN2003a.sync.737" channel="2" transcriber_start="576.144" transcriber_end="576.602">
      <nite:child href="EN2003a.C.words.xml#id(EN2003a.C.words282)..id(EN2003a.C.words283)"/>
   </segment>
   <segment nite:id="EN2003a.sync.739" channel="2" transcriber_start="633.666" transcriber_end="634.208">
      <nite:child href="EN2003a.C.words.xml#id(EN2003a.C.words284)..id(EN2003a.C.words285)"/>
   </segment>
   <segment nite:id="EN2003a.sync.741" channel="2" transcriber_start="685.315" transcriber_end="686.672">
      <nite:child href="EN2003a.C.words.xml#id(EN2003a.C.words286)..id(EN2003a.C.words288)"/>
   </segment>
   <segment nite:id="EN2003a.sync.743" channel="2" transcriber_start="698.117" transcriber_end="698.599">
      <nite:child href="EN2003a.C.words.xml#id(EN2003a.C.words289)..id(EN2003a.C.words290)"/>
   </segment>
   <segment nite:id="EN2003a.sync.745" channel="2" transcriber_start="719.815" transcriber_end="732.144">
      <nite:child href="EN2003a.C.words.xml#id(EN2003a.C.words291)..id(EN2003a.C.words327)"/>
   </segment>
   <segment nite:id="EN2003a.sync.747" channel="2" transcriber_start="733.952" transcriber_end="742.745">
      <nite:child href="EN2003a.C.words.xml#id(EN2003a.C.words328)..id(EN2003a.C.words357)"/>
   </segment>
   <segment nite:id="EN2003a.sync.749" channel="2" transcriber_start="745.232" transcriber_end="745.754">
      <nite:child href="EN2003a.C.words.xml#id(EN2003a.C.words358)..id(EN2003a.C.words359)"/>
   </segment>
   <segment nite:id="EN2003a.sync.751" channel="2" transcriber_start="751.256" transcriber_end="752.562">
      <nite:child href="EN2003a.C.words.xml#id(EN2003a.C.words360)..id(EN2003a.C.words363)"/>
   </segment>
   <segment nite:id="EN2003a.sync.753" channel="2" transcriber_start="776.784" transcriber_end="777.216">
      <nite:child href="EN2003a.C.words.xml#id(EN2003a.C.words364)..id(EN2003a.C.words365)"/>
   </segment>
   <segment nite:id="EN2003a.sync.755" channel="2" transcriber_start="826.032" transcriber_end="827.974">
      <nite:child href="EN2003a.C.words.xml#id(EN2003a.C.words366)..id(EN2003a.C.words373)"/>
   </segment>
   <segment nite:id="EN2003a.sync.757" channel="2" transcriber_start="830.228" transcriber_end="830.918">
      <nite:child href="EN2003a.C.words.xml#id(EN2003a.C.words374)..id(EN2003a.C.words376)"/>
   </segment>
   <segment nite:id="EN2003a.sync.759" channel="2" transcriber_start="844.964" transcriber_end="845.486">
      <nite:child href="EN2003a.C.words.xml#id(EN2003a.C.words377)..id(EN2003a.C.words378)"/>
   </segment>
   <segment nite:id="EN2003a.sync.761" channel="2" transcriber_start="847.2" transcriber_end="870.256">
      <nite:child href="EN2003a.C.words.xml#id(EN2003a.C.words379)..id(EN2003a.C.words462)"/>
   </segment>
   <segment nite:id="EN2003a.sync.763" channel="2" transcriber_start="871.248" transcriber_end="884.928">
      <nite:child href="EN2003a.C.words.xml#id(EN2003a.C.words463)..id(EN2003a.C.words514)"/>
   </segment>
   <segment nite:id="EN2003a.sync.765" channel="2" transcriber_start="890.56" transcriber_end="890.982">
      <nite:child href="EN2003a.C.words.xml#id(EN2003a.C.words515)..id(EN2003a.C.words516)"/>
   </segment>
   <segment nite:id="EN2003a.sync.767" channel="2" transcriber_start="892.279" transcriber_end="899.888">
      <nite:child href="EN2003a.C.words.xml#id(EN2003a.C.words517)..id(EN2003a.C.words544)"/>
   </segment>
   <segment nite:id="EN2003a.sync.769" channel="2" transcriber_start="902.912" transcriber_end="903.443">
      <nite:child href="EN2003a.C.words.xml#id(EN2003a.C.words545)..id(EN2003a.C.words546)"/>
   </segment>
   <segment nite:id="EN2003a.sync.771" channel="2" transcriber_start="913.796" transcriber_end="914.286">
      <nite:child href="EN2003a.C.words.xml#id(EN2003a.C.words547)..id(EN2003a.C.words548)"/>
   </segment>
   <segment nite:id="EN2003a.sync.773" channel="2" transcriber_start="921.488" transcriber_end="921.904">
      <nite:child href="EN2003a.C.words.xml#id(EN2003a.C.words549)..id(EN2003a.C.words550)"/>
   </segment>
   <segment nite:id="EN2003a.sync.775" channel="2" transcriber_start="933.536" transcriber_end="934.027">
      <nite:child href="EN2003a.C.words.xml#id(EN2003a.C.words551)..id(EN2003a.C.words553)"/>
   </segment>
   <segment nite:id="EN2003a.sync.777" channel="2" transcriber_start="945.151" transcriber_end="947.429">
      <nite:child href="EN2003a.C.words.xml#id(EN2003a.C.words554)..id(EN2003a.C.words560)"/>
   </segment>
   <segment nite:id="EN2003a.sync.779" channel="2" transcriber_start="948.496" transcriber_end="949.167">
      <nite:child href="EN2003a.C.words.xml#id(EN2003a.C.words561)"/>
   </segment>
   <segment nite:id="EN2003a.sync.781" channel="2" transcriber_start="951.478" transcriber_end="952.895">
      <nite:child href="EN2003a.C.words.xml#id(EN2003a.C.words562)"/>
   </segment>
   <segment nite:id="EN2003a.sync.783" channel="2" transcriber_start="977.556" transcriber_end="978.672">
      <nite:child href="EN2003a.C.words.xml#id(EN2003a.C.words563)..id(EN2003a.C.words565)"/>
   </segment>
   <segment nite:id="EN2003a.sync.785" channel="2" transcriber_start="979.626" transcriber_end="981.507">
      <nite:child href="EN2003a.C.words.xml#id(EN2003a.C.words566)..id(EN2003a.C.words571)"/>
   </segment>
   <segment nite:id="EN2003a.sync.787" channel="2" transcriber_start="992.08" transcriber_end="992.537">
      <nite:child href="EN2003a.C.words.xml#id(EN2003a.C.words572)..id(EN2003a.C.words573)"/>
   </segment>
   <segment nite:id="EN2003a.sync.789" channel="2" transcriber_start="999.502" transcriber_end="1008.432">
      <nite:child href="EN2003a.C.words.xml#id(EN2003a.C.words574)..id(EN2003a.C.words590)"/>
   </segment>
   <segment nite:id="EN2003a.sync.791" channel="2" transcriber_start="1009.68" transcriber_end="1022.703">
      <nite:child href="EN2003a.C.words.xml#id(EN2003a.C.words591)..id(EN2003a.C.words639)"/>
   </segment>
   <segment nite:id="EN2003a.sync.793" channel="2" transcriber_start="1031.136" transcriber_end="1031.594">
      <nite:child href="EN2003a.C.words.xml#id(EN2003a.C.words640)..id(EN2003a.C.words641)"/>
   </segment>
   <segment nite:id="EN2003a.sync.795" channel="2" transcriber_start="1033.376" transcriber_end="1034.669">
      <nite:child href="EN2003a.C.words.xml#id(EN2003a.C.words642)..id(EN2003a.C.words645)"/>
   </segment>
   <segment nite:id="EN2003a.sync.797" channel="2" transcriber_start="1041.778" transcriber_end="1042.244">
      <nite:child href="EN2003a.C.words.xml#id(EN2003a.C.words646)..id(EN2003a.C.words647)"/>
   </segment>
   <segment nite:id="EN2003a.sync.799" channel="2" transcriber_start="1046.112" transcriber_end="1048.508">
      <nite:child href="EN2003a.C.words.xml#id(EN2003a.C.words648)..id(EN2003a.C.words655)"/>
   </segment>
   <segment nite:id="EN2003a.sync.801" channel="2" transcriber_start="1054.736" transcriber_end="1055.28">
      <nite:child href="EN2003a.C.words.xml#id(EN2003a.C.words656)..id(EN2003a.C.words657)"/>
   </segment>
   <segment nite:id="EN2003a.sync.803" channel="2" transcriber_start="1068.24" transcriber_end="1069.089">
      <nite:child href="EN2003a.C.words.xml#id(EN2003a.C.words658)"/>
   </segment>
   <segment nite:id="EN2003a.sync.805" channel="2" transcriber_start="1070.08" transcriber_end="1073.706">
      <nite:child href="EN2003a.C.words.xml#id(EN2003a.C.words659)..id(EN2003a.C.words670)"/>
   </segment>
   <segment nite:id="EN2003a.sync.807" channel="2" transcriber_start="1137.2" transcriber_end="1138.17">
      <nite:child href="EN2003a.C.words.xml#id(EN2003a.C.words671)..id(EN2003a.C.words675)"/>
   </segment>
   <segment nite:id="EN2003a.sync.809" channel="2" transcriber_start="1162.576" transcriber_end="1164.353">
      <nite:child href="EN2003a.C.words.xml#id(EN2003a.C.words676)..id(EN2003a.C.words679)"/>
   </segment>
   <segment nite:id="EN2003a.sync.811" channel="2" transcriber_start="1167.189" transcriber_end="1167.704">
      <nite:child href="EN2003a.C.words.xml#id(EN2003a.C.words680)..id(EN2003a.C.words681)"/>
   </segment>
   <segment nite:id="EN2003a.sync.813" channel="2" transcriber_start="1185.299" transcriber_end="1185.746">
      <nite:child href="EN2003a.C.words.xml#id(EN2003a.C.words682)..id(EN2003a.C.words683)"/>
   </segment>
   <segment nite:id="EN2003a.sync.815" channel="2" transcriber_start="1197.108" transcriber_end="1201.824">
      <nite:child href="EN2003a.C.words.xml#id(EN2003a.C.words684)..id(EN2003a.C.words697)"/>
   </segment>
   <segment nite:id="EN2003a.sync.817" channel="2" transcriber_start="1202.976" transcriber_end="1213.808">
      <nite:child href="EN2003a.C.words.xml#id(EN2003a.C.words698)..id(EN2003a.C.words724)"/>
   </segment>
   <segment nite:id="EN2003a.sync.819" channel="2" transcriber_start="1216.032" transcriber_end="1216.784">
      <nite:child href="EN2003a.C.words.xml#id(EN2003a.C.words725)"/>
   </segment>
   <segment nite:id="EN2003a.sync.821" channel="2" transcriber_start="1222.412" transcriber_end="1223.002">
      <nite:child href="EN2003a.C.words.xml#id(EN2003a.C.words726)..id(EN2003a.C.words727)"/>
   </segment>
   <segment nite:id="EN2003a.sync.823" channel="2" transcriber_start="1239.355" transcriber_end="1239.877">
      <nite:child href="EN2003a.C.words.xml#id(EN2003a.C.words728)..id(EN2003a.C.words729)"/>
   </segment>
   <segment nite:id="EN2003a.sync.825" channel="2" transcriber_start="1248.096" transcriber_end="1249.256">
      <nite:child href="EN2003a.C.words.xml#id(EN2003a.C.words730)..id(EN2003a.C.words733)"/>
   </segment>
   <segment nite:id="EN2003a.sync.827" channel="2" transcriber_start="1251.2" transcriber_end="1251.632">
      <nite:child href="EN2003a.C.words.xml#id(EN2003a.C.words734)"/>
   </segment>
   <segment nite:id="EN2003a.sync.829" channel="2" transcriber_start="1277.184" transcriber_end="1277.641">
      <nite:child href="EN2003a.C.words.xml#id(EN2003a.C.words735)..id(EN2003a.C.words736)"/>
   </segment>
   <segment nite:id="EN2003a.sync.831" channel="2" transcriber_start="1332.24" transcriber_end="1332.598">
      <nite:child href="EN2003a.C.words.xml#id(EN2003a.C.words737)..id(EN2003a.C.words738)"/>
   </segment>
   <segment nite:id="EN2003a.sync.833" channel="2" transcriber_start="1341.267" transcriber_end="1343.597">
      <nite:child href="EN2003a.C.words.xml#id(EN2003a.C.words739)..id(EN2003a.C.words741)"/>
   </segment>
   <segment nite:id="EN2003a.sync.835" channel="2" transcriber_start="1345.028" transcriber_end="1345.543">
      <nite:child href="EN2003a.C.words.xml#id(EN2003a.C.words742)..id(EN2003a.C.words743)"/>
   </segment>
   <segment nite:id="EN2003a.sync.837" channel="2" transcriber_start="1348.31" transcriber_end="1348.809">
      <nite:child href="EN2003a.C.words.xml#id(EN2003a.C.words744)..id(EN2003a.C.words745)"/>
   </segment>
   <segment nite:id="EN2003a.sync.839" channel="2" transcriber_start="1352.333" transcriber_end="1352.69">
      <nite:child href="EN2003a.C.words.xml#id(EN2003a.C.words746)..id(EN2003a.C.words747)"/>
   </segment>
   <segment nite:id="EN2003a.sync.841" channel="2" transcriber_start="1353.808" transcriber_end="1354.17">
      <nite:child href="EN2003a.C.words.xml#id(EN2003a.C.words748)..id(EN2003a.C.words749)"/>
   </segment>
   <segment nite:id="EN2003a.sync.843" channel="2" transcriber_start="1392.577" transcriber_end="1392.952">
      <nite:child href="EN2003a.C.words.xml#id(EN2003a.C.words750)"/>
   </segment>
   <segment nite:id="EN2003a.sync.845" channel="2" transcriber_start="1398.032" transcriber_end="1398.754">
      <nite:child href="EN2003a.C.words.xml#id(EN2003a.C.words751)..id(EN2003a.C.words752)"/>
   </segment>
   <segment nite:id="EN2003a.sync.847" channel="2" transcriber_start="1400.02" transcriber_end="1401.658">
      <nite:child href="EN2003a.C.words.xml#id(EN2003a.C.words753)..id(EN2003a.C.words757)"/>
   </segment>
   <segment nite:id="EN2003a.sync.849" channel="2" transcriber_start="1408.728" transcriber_end="1412.812">
      <nite:child href="EN2003a.C.words.xml#id(EN2003a.C.words758)..id(EN2003a.C.words769)"/>
   </segment>
   <segment nite:id="EN2003a.sync.851" channel="2" transcriber_start="1423.872" transcriber_end="1429.744">
      <nite:child href="EN2003a.C.words.xml#id(EN2003a.C.words770)..id(EN2003a.C.words775)"/>
   </segment>
   <segment nite:id="EN2003a.sync.853" channel="2" transcriber_start="1453.401" transcriber_end="1453.808">
      <nite:child href="EN2003a.C.words.xml#id(EN2003a.C.words776)..id(EN2003a.C.words777)"/>
   </segment>
   <segment nite:id="EN2003a.sync.855" channel="2" transcriber_start="1478.54" transcriber_end="1479.173">
      <nite:child href="EN2003a.C.words.xml#id(EN2003a.C.words778)..id(EN2003a.C.words779)"/>
   </segment>
   <segment nite:id="EN2003a.sync.857" channel="2" transcriber_start="1480.701" transcriber_end="1481.299">
      <nite:child href="EN2003a.C.words.xml#id(EN2003a.C.words780)..id(EN2003a.C.words781)"/>
   </segment>
   <segment nite:id="EN2003a.sync.859" channel="2" transcriber_start="1511.302" transcriber_end="1511.834">
      <nite:child href="EN2003a.C.words.xml#id(EN2003a.C.words782)..id(EN2003a.C.words783)"/>
   </segment>
   <segment nite:id="EN2003a.sync.861" channel="2" transcriber_start="1562.432" transcriber_end="1562.848">
      <nite:child href="EN2003a.C.words.xml#id(EN2003a.C.words784)..id(EN2003a.C.words785)"/>
   </segment>
   <segment nite:id="EN2003a.sync.863" channel="2" transcriber_start="1566.832" transcriber_end="1567.936">
      <nite:child href="EN2003a.C.words.xml#id(EN2003a.C.words786)..id(EN2003a.C.words789)"/>
   </segment>
   <segment nite:id="EN2003a.sync.865" channel="2" transcriber_start="1570.064" transcriber_end="1578.624">
      <nite:child href="EN2003a.C.words.xml#id(EN2003a.C.words790)..id(EN2003a.C.words820)"/>
   </segment>
   <segment nite:id="EN2003a.sync.867" channel="2" transcriber_start="1602.944" transcriber_end="1603.32">
      <nite:child href="EN2003a.C.words.xml#id(EN2003a.C.words821)..id(EN2003a.C.words822)"/>
   </segment>
   <segment nite:id="EN2003a.sync.869" channel="2" transcriber_start="1604.822" transcriber_end="1605.329">
      <nite:child href="EN2003a.C.words.xml#id(EN2003a.C.words823)..id(EN2003a.C.words824)"/>
   </segment>
   <segment nite:id="EN2003a.sync.871" channel="2" transcriber_start="1607.0" transcriber_end="1607.374">
      <nite:child href="EN2003a.C.words.xml#id(EN2003a.C.words825)..id(EN2003a.C.words826)"/>
   </segment>
   <segment nite:id="EN2003a.sync.873" channel="2" transcriber_start="1616.736" transcriber_end="1617.824">
      <nite:child href="EN2003a.C.words.xml#id(EN2003a.C.words827)..id(EN2003a.C.words831)"/>
   </segment>
   <segment nite:id="EN2003a.sync.875" channel="2" transcriber_start="1618.848" transcriber_end="1619.584">
      <nite:child href="EN2003a.C.words.xml#id(EN2003a.C.words832)..id(EN2003a.C.words835)"/>
   </segment>
   <segment nite:id="EN2003a.sync.877" channel="2" transcriber_start="1621.671" transcriber_end="1622.195">
      <nite:child href="EN2003a.C.words.xml#id(EN2003a.C.words836)..id(EN2003a.C.words837)"/>
   </segment>
   <segment nite:id="EN2003a.sync.879" channel="2" transcriber_start="1629.323" transcriber_end="1629.806">
      <nite:child href="EN2003a.C.words.xml#id(EN2003a.C.words838)..id(EN2003a.C.words839)"/>
   </segment>
   <segment nite:id="EN2003a.sync.881" channel="2" transcriber_start="1632.857" transcriber_end="1633.728">
      <nite:child href="EN2003a.C.words.xml#id(EN2003a.C.words840)"/>
   </segment>
   <segment nite:id="EN2003a.sync.883" channel="2" transcriber_start="1635.856" transcriber_end="1636.366">
      <nite:child href="EN2003a.C.words.xml#id(EN2003a.C.words841)"/>
   </segment>
   <segment nite:id="EN2003a.sync.885" channel="2" transcriber_start="1638.592" transcriber_end="1640.772">
      <nite:child href="EN2003a.C.words.xml#id(EN2003a.C.words842)..id(EN2003a.C.words848)"/>
   </segment>
   <segment nite:id="EN2003a.sync.887" channel="2" transcriber_start="1642.72" transcriber_end="1650.528">
      <nite:child href="EN2003a.C.words.xml#id(EN2003a.C.words849)..id(EN2003a.C.words871)"/>
   </segment>
   <segment nite:id="EN2003a.sync.889" channel="2" transcriber_start="1651.802" transcriber_end="1652.992">
      <nite:child href="EN2003a.C.words.xml#id(EN2003a.C.words872)..id(EN2003a.C.words877)"/>
   </segment>
   <segment nite:id="EN2003a.sync.891" channel="2" transcriber_start="1712.86" transcriber_end="1713.393">
      <nite:child href="EN2003a.C.words.xml#id(EN2003a.C.words878)..id(EN2003a.C.words879)"/>
   </segment>
   <segment nite:id="EN2003a.sync.893" channel="2" transcriber_start="1715.104" transcriber_end="1715.536">
      <nite:child href="EN2003a.C.words.xml#id(EN2003a.C.words880)..id(EN2003a.C.words881)"/>
   </segment>
   <segment nite:id="EN2003a.sync.895" channel="2" transcriber_start="1735.328" transcriber_end="1756.261">
      <nite:child href="EN2003a.C.words.xml#id(EN2003a.C.words882)..id(EN2003a.C.words931)"/>
   </segment>
   <segment nite:id="EN2003a.sync.897" channel="2" transcriber_start="1757.829" transcriber_end="1759.002">
      <nite:child href="EN2003a.C.words.xml#id(EN2003a.C.words932)..id(EN2003a.C.words937)"/>
   </segment>
   <segment nite:id="EN2003a.sync.899" channel="2" transcriber_start="1761.026" transcriber_end="1761.75">
      <nite:child href="EN2003a.C.words.xml#id(EN2003a.C.words938)..id(EN2003a.C.words939)"/>
   </segment>
   <segment nite:id="EN2003a.sync.901" channel="2" transcriber_start="1765.363" transcriber_end="1765.662">
      <nite:child href="EN2003a.C.words.xml#id(EN2003a.C.words940)"/>
   </segment>
   <segment nite:id="EN2003a.sync.903" channel="2" transcriber_start="1766.232" transcriber_end="1767.952">
      <nite:child href="EN2003a.C.words.xml#id(EN2003a.C.words941)..id(EN2003a.C.words944)"/>
   </segment>
   <segment nite:id="EN2003a.sync.905" channel="2" transcriber_start="1810.195" transcriber_end="1810.711">
      <nite:child href="EN2003a.C.words.xml#id(EN2003a.C.words945)..id(EN2003a.C.words946)"/>
   </segment>
   <segment nite:id="EN2003a.sync.907" channel="2" transcriber_start="1816.679" transcriber_end="1817.187">
      <nite:child href="EN2003a.C.words.xml#id(EN2003a.C.words947)..id(EN2003a.C.words948)"/>
   </segment>
   <segment nite:id="EN2003a.sync.909" channel="2" transcriber_start="1836.717" transcriber_end="1837.324">
      <nite:child href="EN2003a.C.words.xml#id(EN2003a.C.words949)..id(EN2003a.C.words950)"/>
   </segment>
   <segment nite:id="EN2003a.sync.911" channel="2" transcriber_start="1847.808" transcriber_end="1850.16">
      <nite:child href="EN2003a.C.words.xml#id(EN2003a.C.words951)..id(EN2003a.C.words956)"/>
   </segment>
   <segment nite:id="EN2003a.sync.913" channel="2" transcriber_start="1857.422" transcriber_end="1858.96">
      <nite:child href="EN2003a.C.words.xml#id(EN2003a.C.words957)..id(EN2003a.C.words961)"/>
   </segment>
   <segment nite:id="EN2003a.sync.915" channel="2" transcriber_start="1860.736" transcriber_end="1862.334">
      <nite:child href="EN2003a.C.words.xml#id(EN2003a.C.words962)"/>
   </segment>
   <segment nite:id="EN2003a.sync.917" channel="2" transcriber_start="1889.696" transcriber_end="1890.24">
      <nite:child href="EN2003a.C.words.xml#id(EN2003a.C.words963)..id(EN2003a.C.words964)"/>
   </segment>
   <segment nite:id="EN2003a.sync.919" channel="2" transcriber_start="1896.134" transcriber_end="1896.804">
      <nite:child href="EN2003a.C.words.xml#id(EN2003a.C.words965)"/>
   </segment>
   <segment nite:id="EN2003a.sync.921" channel="2" transcriber_start="1899.392" transcriber_end="1901.104">
      <nite:child href="EN2003a.C.words.xml#id(EN2003a.C.words966)..id(EN2003a.C.words972)"/>
   </segment>
   <segment nite:id="EN2003a.sync.923" channel="2" transcriber_start="1919.344" transcriber_end="1921.707">
      <nite:child href="EN2003a.C.words.xml#id(EN2003a.C.words973)..id(EN2003a.C.words979)"/>
   </segment>
   <segment nite:id="EN2003a.sync.925" channel="2" transcriber_start="1946.099" transcriber_end="1947.929">
      <nite:child href="EN2003a.C.words.xml#id(EN2003a.C.words980)..id(EN2003a.C.words983)"/>
   </segment>
   <segment nite:id="EN2003a.sync.927" channel="2" transcriber_start="1952.311" transcriber_end="1952.802">
      <nite:child href="EN2003a.C.words.xml#id(EN2003a.C.words984)..id(EN2003a.C.words985)"/>
   </segment>
   <segment nite:id="EN2003a.sync.929" channel="2" transcriber_start="1964.816" transcriber_end="1968.485">
      <nite:child href="EN2003a.C.words.xml#id(EN2003a.C.words986)..id(EN2003a.C.words993)"/>
   </segment>
   <segment nite:id="EN2003a.sync.931" channel="2" transcriber_start="1970.195" transcriber_end="1974.569">
      <nite:child href="EN2003a.C.words.xml#id(EN2003a.C.words994)..id(EN2003a.C.words1013)"/>
   </segment>
   <segment nite:id="EN2003a.sync.933" channel="2" transcriber_start="1975.6" transcriber_end="1976.15">
      <nite:child href="EN2003a.C.words.xml#id(EN2003a.C.words1014)..id(EN2003a.C.words1015)"/>
   </segment>
   <segment nite:id="EN2003a.sync.935" channel="2" transcriber_start="1977.821" transcriber_end="1978.228">
      <nite:child href="EN2003a.C.words.xml#id(EN2003a.C.words1016)..id(EN2003a.C.words1017)"/>
   </segment>
   <segment nite:id="EN2003a.sync.937" channel="2" transcriber_start="1985.68" transcriber_end="1986.114">
      <nite:child href="EN2003a.C.words.xml#id(EN2003a.C.words1018)..id(EN2003a.C.words1019)"/>
   </segment>
   <segment nite:id="EN2003a.sync.939" channel="2" transcriber_start="2002.184" transcriber_end="2007.216">
      <nite:child href="EN2003a.C.words.xml#id(EN2003a.C.words1020)..id(EN2003a.C.words1034)"/>
   </segment>
   <segment nite:id="EN2003a.sync.941" channel="2" transcriber_start="2011.485" transcriber_end="2013.156">
      <nite:child href="EN2003a.C.words.xml#id(EN2003a.C.words1035)..id(EN2003a.C.words1038)"/>
   </segment>
   <segment nite:id="EN2003a.sync.943" channel="2" transcriber_start="2038.135" transcriber_end="2038.576">
      <nite:child href="EN2003a.C.words.xml#id(EN2003a.C.words1039)..id(EN2003a.C.words1040)"/>
   </segment>
   <segment nite:id="EN2003a.sync.945" channel="2" transcriber_start="2042.815" transcriber_end="2043.289">
      <nite:child href="EN2003a.C.words.xml#id(EN2003a.C.words1041)..id(EN2003a.C.words1042)"/>
   </segment>
   <segment nite:id="EN2003a.sync.947" channel="2" transcriber_start="2052.606" transcriber_end="2053.255">
      <nite:child href="EN2003a.C.words.xml#id(EN2003a.C.words1043)..id(EN2003a.C.words1044)"/>
   </segment>
   <segment nite:id="EN2003a.sync.949" channel="2" transcriber_start="2054.816" transcriber_end="2056.35">
      <nite:child href="EN2003a.C.words.xml#id(EN2003a.C.words1045)"/>
   </segment>
   <segment nite:id="EN2003a.sync.951" channel="2" transcriber_start="2058.226" transcriber_end="2061.715">
      <nite:child href="EN2003a.C.words.xml#id(EN2003a.C.words1046)..id(EN2003a.C.words1053)"/>
   </segment>
   <segment nite:id="EN2003a.sync.953" channel="2" transcriber_start="2117.68" transcriber_end="2118.09">
      <nite:child href="EN2003a.C.words.xml#id(EN2003a.C.words1054)"/>
   </segment>
   <segment nite:id="EN2003a.sync.955" channel="2" transcriber_start="2119.131" transcriber_end="2121.186">
      <nite:child href="EN2003a.C.words.xml#id(EN2003a.C.words1055)..id(EN2003a.C.words1063)"/>
   </segment>
   <segment nite:id="EN2003a.sync.957" channel="2" transcriber_start="2128.231" transcriber_end="2129.677">
      <nite:child href="EN2003a.C.words.xml#id(EN2003a.C.words1064)..id(EN2003a.C.words1067)"/>
   </segment>
   <segment nite:id="EN2003a.sync.959" channel="2" transcriber_start="2132.624" transcriber_end="2132.983">
      <nite:child href="EN2003a.C.words.xml#id(EN2003a.C.words1068)..id(EN2003a.C.words1069)"/>
   </segment>
   <segment nite:id="EN2003a.sync.961" channel="2" transcriber_start="2154.0" transcriber_end="2154.704">
      <nite:child href="EN2003a.C.words.xml#id(EN2003a.C.words1070)..id(EN2003a.C.words1071)"/>
   </segment>
   <segment nite:id="EN2003a.sync.963" channel="2" transcriber_start="2159.339" transcriber_end="2159.83">
      <nite:child href="EN2003a.C.words.xml#id(EN2003a.C.words1072)..id(EN2003a.C.words1074)"/>
   </segment>
   <segment nite:id="EN2003a.sync.965" channel="2" transcriber_start="2162.639" transcriber_end="2163.994">
      <nite:child href="EN2003a.C.words.xml#id(EN2003a.C.words1075)..id(EN2003a.C.words1080)"/>
   </segment>
   <segment nite:id="EN2003a.sync.967" channel="2" transcriber_start="2190.322" transcriber_end="2191.553">
      <nite:child href="EN2003a.C.words.xml#id(EN2003a.C.words1081)..id(EN2003a.C.words1083)"/>
   </segment>
   <segment nite:id="EN2003a.sync.969" channel="2" transcriber_start="2193.93" transcriber_end="2194.817">
      <nite:child href="EN2003a.C.words.xml#id(EN2003a.C.words1084)..id(EN2003a.C.words1085)"/>
   </segment>
   <segment nite:id="EN2003a.sync.971" channel="2" transcriber_start="2207.648" transcriber_end="2208.165">
      <nite:child href="EN2003a.C.words.xml#id(EN2003a.C.words1086)..id(EN2003a.C.words1087)"/>
   </segment>
   <segment nite:id="EN2003a.sync.973" channel="2" transcriber_start="2217.232" transcriber_end="2221.088">
      <nite:child href="EN2003a.C.words.xml#id(EN2003a.C.words1088)..id(EN2003a.C.words1098)"/>
   </segment>
   <segment nite:id="EN2003a.sync.975" channel="2" transcriber_start="2223.984" transcriber_end="2231.584">
      <nite:child href="EN2003a.C.words.xml#id(EN2003a.C.words1099)..id(EN2003a.C.words1120)"/>
   </segment>
   <segment nite:id="EN2003a.sync.977" channel="2" transcriber_start="2232.848" transcriber_end="2235.2">
      <nite:child href="EN2003a.C.words.xml#id(EN2003a.C.words1121)..id(EN2003a.C.words1132)"/>
   </segment>
   <segment nite:id="EN2003a.sync.979" channel="2" transcriber_start="2239.456" transcriber_end="2240.272">
      <nite:child href="EN2003a.C.words.xml#id(EN2003a.C.words1133)..id(EN2003a.C.words1135)"/>
   </segment>
</nite:root>