<?xml version="1.0" encoding="ISO-8859-1" standalone="yes"?>
<nite:root nite:id="EN2003a.B.segs" xmlns:nite="http://nite.sourceforge.net/">
   <segment nite:id="EN2003a.sync.372" channel="1" transcriber_start="14.032" transcriber_end="15.776">
      <nite:child href="EN2003a.B.words.xml#id(EN2003a.B.words0)"/>
   </segment>
   <segment nite:id="EN2003a.sync.374" channel="1" transcriber_start="27.84" transcriber_end="32.72">
      <nite:child href="EN2003a.B.words.xml#id(EN2003a.B.words1)..id(EN2003a.B.words24)"/>
   </segment>
   <segment nite:id="EN2003a.sync.376" channel="1" transcriber_start="63.812" transcriber_end="66.39">
      <nite:child href="EN2003a.B.words.xml#id(EN2003a.B.words25)..id(EN2003a.B.words35)"/>
   </segment>
   <segment nite:id="EN2003a.sync.378" channel="1" transcriber_start="88.714" transcriber_end="89.329">
      <nite:child href="EN2003a.B.words.xml#id(EN2003a.B.words36)..id(EN2003a.B.words37)"/>
   </segment>
   <segment nite:id="EN2003a.sync.380" channel="1" transcriber_start="91.152" transcriber_end="91.568">
      <nite:child href="EN2003a.B.words.xml#id(EN2003a.B.words38)..id(EN2003a.B.words39)"/>
   </segment>
   <segment nite:id="EN2003a.sync.382" channel="1" transcriber_start="100.256" transcriber_end="102.336">
      <nite:child href="EN2003a.B.words.xml#id(EN2003a.B.words40)..id(EN2003a.B.words44)"/>
   </segment>
   <segment nite:id="EN2003a.sync.384" channel="1" transcriber_start="118.528" transcriber_end="130.57">
      <nite:child href="EN2003a.B.words.xml#id(EN2003a.B.words45)..id(EN2003a.B.words85)"/>
   </segment>
   <segment nite:id="EN2003a.sync.386" channel="1" transcriber_start="149.88" transcriber_end="150.52">
      <nite:child href="EN2003a.B.words.xml#id(EN2003a.B.words86)..id(EN2003a.B.words87)"/>
   </segment>
   <segment nite:id="EN2003a.sync.388" channel="1" transcriber_start="159.456" transcriber_end="160.116">
      <nite:child href="EN2003a.B.words.xml#id(EN2003a.B.words88)..id(EN2003a.B.words89)"/>
   </segment>
   <segment nite:id="EN2003a.sync.390" channel="1" transcriber_start="205.973" transcriber_end="206.63">
      <nite:child href="EN2003a.B.words.xml#id(EN2003a.B.words90)..id(EN2003a.B.words91)"/>
   </segment>
   <segment nite:id="EN2003a.sync.392" channel="1" transcriber_start="212.415" transcriber_end="213.024">
      <nite:child href="EN2003a.B.words.xml#id(EN2003a.B.words92)"/>
   </segment>
   <segment nite:id="EN2003a.sync.394" channel="1" transcriber_start="214.208" transcriber_end="220.115">
      <nite:child href="EN2003a.B.words.xml#id(EN2003a.B.words93)..id(EN2003a.B.words107)"/>
   </segment>
   <segment nite:id="EN2003a.sync.396" channel="1" transcriber_start="236.24" transcriber_end="236.688">
      <nite:child href="EN2003a.B.words.xml#id(EN2003a.B.words108)..id(EN2003a.B.words109)"/>
   </segment>
   <segment nite:id="EN2003a.sync.398" channel="1" transcriber_start="255.094" transcriber_end="260.956">
      <nite:child href="EN2003a.B.words.xml#id(EN2003a.B.words110)..id(EN2003a.B.words142)"/>
   </segment>
   <segment nite:id="EN2003a.sync.400" channel="1" transcriber_start="298.992" transcriber_end="299.606">
      <nite:child href="EN2003a.B.words.xml#id(EN2003a.B.words143)..id(EN2003a.B.words144)"/>
   </segment>
   <segment nite:id="EN2003a.sync.402" channel="1" transcriber_start="300.976" transcriber_end="304.016">
      <nite:child href="EN2003a.B.words.xml#id(EN2003a.B.words145)..id(EN2003a.B.words159)"/>
   </segment>
   <segment nite:id="EN2003a.sync.404" channel="1" transcriber_start="315.264" transcriber_end="315.974">
      <nite:child href="EN2003a.B.words.xml#id(EN2003a.B.words160)..id(EN2003a.B.words163)"/>
   </segment>
   <segment nite:id="EN2003a.sync.406" channel="1" transcriber_start="325.984" transcriber_end="326.539">
      <nite:child href="EN2003a.B.words.xml#id(EN2003a.B.words164)..id(EN2003a.B.words165)"/>
   </segment>
   <segment nite:id="EN2003a.sync.408" channel="1" transcriber_start="371.999" transcriber_end="372.597">
      <nite:child href="EN2003a.B.words.xml#id(EN2003a.B.words166)..id(EN2003a.B.words167)"/>
   </segment>
   <segment nite:id="EN2003a.sync.410" channel="1" transcriber_start="385.872" transcriber_end="386.471">
      <nite:child href="EN2003a.B.words.xml#id(EN2003a.B.words168)..id(EN2003a.B.words169)"/>
   </segment>
   <segment nite:id="EN2003a.sync.412" channel="1" transcriber_start="418.976" transcriber_end="419.601">
      <nite:child href="EN2003a.B.words.xml#id(EN2003a.B.words170)..id(EN2003a.B.words171)"/>
   </segment>
   <segment nite:id="EN2003a.sync.414" channel="1" transcriber_start="430.08" transcriber_end="435.403">
      <nite:child href="EN2003a.B.words.xml#id(EN2003a.B.words172)..id(EN2003a.B.words186)"/>
   </segment>
   <segment nite:id="EN2003a.sync.416" channel="1" transcriber_start="436.864" transcriber_end="449.99">
      <nite:child href="EN2003a.B.words.xml#id(EN2003a.B.words187)..id(EN2003a.B.words246)"/>
   </segment>
   <segment nite:id="EN2003a.sync.418" channel="1" transcriber_start="458.912" transcriber_end="465.872">
      <nite:child href="EN2003a.B.words.xml#id(EN2003a.B.words247)..id(EN2003a.B.words278)"/>
   </segment>
   <segment nite:id="EN2003a.sync.420" channel="1" transcriber_start="467.92" transcriber_end="472.544">
      <nite:child href="EN2003a.B.words.xml#id(EN2003a.B.words279)..id(EN2003a.B.words298)"/>
   </segment>
   <segment nite:id="EN2003a.sync.422" channel="1" transcriber_start="478.309" transcriber_end="478.891">
      <nite:child href="EN2003a.B.words.xml#id(EN2003a.B.words299)..id(EN2003a.B.words300)"/>
   </segment>
   <segment nite:id="EN2003a.sync.424" channel="1" transcriber_start="489.712" transcriber_end="491.441">
      <nite:child href="EN2003a.B.words.xml#id(EN2003a.B.words301)..id(EN2003a.B.words315)"/>
   </segment>
   <segment nite:id="EN2003a.sync.426" channel="1" transcriber_start="492.512" transcriber_end="493.12">
      <nite:child href="EN2003a.B.words.xml#id(EN2003a.B.words316)"/>
   </segment>
   <segment nite:id="EN2003a.sync.428" channel="1" transcriber_start="494.336" transcriber_end="496.032">
      <nite:child href="EN2003a.B.words.xml#id(EN2003a.B.words317)..id(EN2003a.B.words326)"/>
   </segment>
   <segment nite:id="EN2003a.sync.430" channel="1" transcriber_start="497.04" transcriber_end="497.989">
      <nite:child href="EN2003a.B.words.xml#id(EN2003a.B.words327)..id(EN2003a.B.words329)"/>
   </segment>
   <segment nite:id="EN2003a.sync.432" channel="1" transcriber_start="546.768" transcriber_end="548.928">
      <nite:child href="EN2003a.B.words.xml#id(EN2003a.B.words330)..id(EN2003a.B.words340)"/>
   </segment>
   <segment nite:id="EN2003a.sync.434" channel="1" transcriber_start="556.096" transcriber_end="556.747">
      <nite:child href="EN2003a.B.words.xml#id(EN2003a.B.words341)..id(EN2003a.B.words342)"/>
   </segment>
   <segment nite:id="EN2003a.sync.436" channel="1" transcriber_start="577.024" transcriber_end="577.57">
      <nite:child href="EN2003a.B.words.xml#id(EN2003a.B.words343)..id(EN2003a.B.words344)"/>
   </segment>
   <segment nite:id="EN2003a.sync.438" channel="1" transcriber_start="599.04" transcriber_end="600.775">
      <nite:child href="EN2003a.B.words.xml#id(EN2003a.B.words345)..id(EN2003a.B.words350)"/>
   </segment>
   <segment nite:id="EN2003a.sync.440" channel="1" transcriber_start="602.59" transcriber_end="603.953">
      <nite:child href="EN2003a.B.words.xml#id(EN2003a.B.words351)..id(EN2003a.B.words355)"/>
   </segment>
   <segment nite:id="EN2003a.sync.442" channel="1" transcriber_start="622.944" transcriber_end="623.843">
      <nite:child href="EN2003a.B.words.xml#id(EN2003a.B.words356)..id(EN2003a.B.words359)"/>
   </segment>
   <segment nite:id="EN2003a.sync.444" channel="1" transcriber_start="632.416" transcriber_end="632.768">
      <nite:child href="EN2003a.B.words.xml#id(EN2003a.B.words360)..id(EN2003a.B.words361)"/>
   </segment>
   <segment nite:id="EN2003a.sync.446" channel="1" transcriber_start="639.441" transcriber_end="640.04">
      <nite:child href="EN2003a.B.words.xml#id(EN2003a.B.words362)..id(EN2003a.B.words363)"/>
   </segment>
   <segment nite:id="EN2003a.sync.448" channel="1" transcriber_start="677.038" transcriber_end="677.603">
      <nite:child href="EN2003a.B.words.xml#id(EN2003a.B.words364)..id(EN2003a.B.words365)"/>
   </segment>
   <segment nite:id="EN2003a.sync.450" channel="1" transcriber_start="690.352" transcriber_end="690.672">
      <nite:child href="EN2003a.B.words.xml#id(EN2003a.B.words366)"/>
   </segment>
   <segment nite:id="EN2003a.sync.452" channel="1" transcriber_start="692.517" transcriber_end="698.512">
      <nite:child href="EN2003a.B.words.xml#id(EN2003a.B.words367)..id(EN2003a.B.words393)"/>
   </segment>
   <segment nite:id="EN2003a.sync.454" channel="1" transcriber_start="713.456" transcriber_end="721.906">
      <nite:child href="EN2003a.B.words.xml#id(EN2003a.B.words394)..id(EN2003a.B.words417)"/>
   </segment>
   <segment nite:id="EN2003a.sync.456" channel="1" transcriber_start="730.368" transcriber_end="730.892">
      <nite:child href="EN2003a.B.words.xml#id(EN2003a.B.words418)..id(EN2003a.B.words419)"/>
   </segment>
   <segment nite:id="EN2003a.sync.458" channel="1" transcriber_start="739.936" transcriber_end="755.088">
      <nite:child href="EN2003a.B.words.xml#id(EN2003a.B.words420)..id(EN2003a.B.words480)"/>
   </segment>
   <segment nite:id="EN2003a.sync.460" channel="1" transcriber_start="762.441" transcriber_end="764.81">
      <nite:child href="EN2003a.B.words.xml#id(EN2003a.B.words481)..id(EN2003a.B.words491)"/>
   </segment>
   <segment nite:id="EN2003a.sync.462" channel="1" transcriber_start="766.544" transcriber_end="771.024">
      <nite:child href="EN2003a.B.words.xml#id(EN2003a.B.words492)..id(EN2003a.B.words508)"/>
   </segment>
   <segment nite:id="EN2003a.sync.464" channel="1" transcriber_start="772.32" transcriber_end="774.329">
      <nite:child href="EN2003a.B.words.xml#id(EN2003a.B.words509)..id(EN2003a.B.words518)"/>
   </segment>
   <segment nite:id="EN2003a.sync.466" channel="1" transcriber_start="775.344" transcriber_end="776.048">
      <nite:child href="EN2003a.B.words.xml#id(EN2003a.B.words519)..id(EN2003a.B.words520)"/>
   </segment>
   <segment nite:id="EN2003a.sync.468" channel="1" transcriber_start="778.528" transcriber_end="786.561">
      <nite:child href="EN2003a.B.words.xml#id(EN2003a.B.words521)..id(EN2003a.B.words562)"/>
   </segment>
   <segment nite:id="EN2003a.sync.470" channel="1" transcriber_start="798.864" transcriber_end="799.417">
      <nite:child href="EN2003a.B.words.xml#id(EN2003a.B.words563)..id(EN2003a.B.words564)"/>
   </segment>
   <segment nite:id="EN2003a.sync.472" channel="1" transcriber_start="806.521" transcriber_end="807.52">
      <nite:child href="EN2003a.B.words.xml#id(EN2003a.B.words565)..id(EN2003a.B.words568)"/>
   </segment>
   <segment nite:id="EN2003a.sync.474" channel="1" transcriber_start="811.136" transcriber_end="812.394">
      <nite:child href="EN2003a.B.words.xml#id(EN2003a.B.words569)..id(EN2003a.B.words577)"/>
   </segment>
   <segment nite:id="EN2003a.sync.476" channel="1" transcriber_start="815.68" transcriber_end="824.0">
      <nite:child href="EN2003a.B.words.xml#id(EN2003a.B.words578)..id(EN2003a.B.words615)"/>
   </segment>
   <segment nite:id="EN2003a.sync.478" channel="1" transcriber_start="825.28" transcriber_end="834.249">
      <nite:child href="EN2003a.B.words.xml#id(EN2003a.B.words616)..id(EN2003a.B.words659)"/>
   </segment>
   <segment nite:id="EN2003a.sync.480" channel="1" transcriber_start="838.4" transcriber_end="838.989">
      <nite:child href="EN2003a.B.words.xml#id(EN2003a.B.words660)..id(EN2003a.B.words661)"/>
   </segment>
   <segment nite:id="EN2003a.sync.482" channel="1" transcriber_start="895.081" transcriber_end="895.729">
      <nite:child href="EN2003a.B.words.xml#id(EN2003a.B.words662)"/>
   </segment>
   <segment nite:id="EN2003a.sync.484" channel="1" transcriber_start="899.856" transcriber_end="900.915">
      <nite:child href="EN2003a.B.words.xml#id(EN2003a.B.words663)..id(EN2003a.B.words668)"/>
   </segment>
   <segment nite:id="EN2003a.sync.486" channel="1" transcriber_start="922.672" transcriber_end="925.104">
      <nite:child href="EN2003a.B.words.xml#id(EN2003a.B.words669)..id(EN2003a.B.words680)"/>
   </segment>
   <segment nite:id="EN2003a.sync.488" channel="1" transcriber_start="926.32" transcriber_end="935.158">
      <nite:child href="EN2003a.B.words.xml#id(EN2003a.B.words681)..id(EN2003a.B.words713)"/>
   </segment>
   <segment nite:id="EN2003a.sync.490" channel="1" transcriber_start="941.088" transcriber_end="942.984">
      <nite:child href="EN2003a.B.words.xml#id(EN2003a.B.words714)..id(EN2003a.B.words723)"/>
   </segment>
   <segment nite:id="EN2003a.sync.492" channel="1" transcriber_start="966.251" transcriber_end="966.841">
      <nite:child href="EN2003a.B.words.xml#id(EN2003a.B.words724)..id(EN2003a.B.words725)"/>
   </segment>
   <segment nite:id="EN2003a.sync.494" channel="1" transcriber_start="977.684" transcriber_end="978.257">
      <nite:child href="EN2003a.B.words.xml#id(EN2003a.B.words726)..id(EN2003a.B.words727)"/>
   </segment>
   <segment nite:id="EN2003a.sync.496" channel="1" transcriber_start="984.166" transcriber_end="991.068">
      <nite:child href="EN2003a.B.words.xml#id(EN2003a.B.words728)..id(EN2003a.B.words756)"/>
   </segment>
   <segment nite:id="EN2003a.sync.498" channel="1" transcriber_start="992.416" transcriber_end="993.097">
      <nite:child href="EN2003a.B.words.xml#id(EN2003a.B.words757)..id(EN2003a.B.words758)"/>
   </segment>
   <segment nite:id="EN2003a.sync.500" channel="1" transcriber_start="998.688" transcriber_end="999.277">
      <nite:child href="EN2003a.B.words.xml#id(EN2003a.B.words759)..id(EN2003a.B.words760)"/>
   </segment>
   <segment nite:id="EN2003a.sync.502" channel="1" transcriber_start="1040.864" transcriber_end="1041.49">
      <nite:child href="EN2003a.B.words.xml#id(EN2003a.B.words761)..id(EN2003a.B.words762)"/>
   </segment>
   <segment nite:id="EN2003a.sync.504" channel="1" transcriber_start="1046.095" transcriber_end="1046.511">
      <nite:child href="EN2003a.B.words.xml#id(EN2003a.B.words763)..id(EN2003a.B.words764)"/>
   </segment>
   <segment nite:id="EN2003a.sync.506" channel="1" transcriber_start="1051.117" transcriber_end="1051.724">
      <nite:child href="EN2003a.B.words.xml#id(EN2003a.B.words765)..id(EN2003a.B.words766)"/>
   </segment>
   <segment nite:id="EN2003a.sync.508" channel="1" transcriber_start="1094.24" transcriber_end="1102.09">
      <nite:child href="EN2003a.B.words.xml#id(EN2003a.B.words767)..id(EN2003a.B.words802)"/>
   </segment>
   <segment nite:id="EN2003a.sync.510" channel="1" transcriber_start="1111.632" transcriber_end="1112.234">
      <nite:child href="EN2003a.B.words.xml#id(EN2003a.B.words803)..id(EN2003a.B.words804)"/>
   </segment>
   <segment nite:id="EN2003a.sync.512" channel="1" transcriber_start="1117.27" transcriber_end="1120.448">
      <nite:child href="EN2003a.B.words.xml#id(EN2003a.B.words805)..id(EN2003a.B.words815)"/>
   </segment>
   <segment nite:id="EN2003a.sync.514" channel="1" transcriber_start="1123.104" transcriber_end="1123.803">
      <nite:child href="EN2003a.B.words.xml#id(EN2003a.B.words816)..id(EN2003a.B.words818)"/>
   </segment>
   <segment nite:id="EN2003a.sync.516" channel="1" transcriber_start="1145.002" transcriber_end="1145.567">
      <nite:child href="EN2003a.B.words.xml#id(EN2003a.B.words819)..id(EN2003a.B.words820)"/>
   </segment>
   <segment nite:id="EN2003a.sync.518" channel="1" transcriber_start="1161.776" transcriber_end="1162.299">
      <nite:child href="EN2003a.B.words.xml#id(EN2003a.B.words821)..id(EN2003a.B.words822)"/>
   </segment>
   <segment nite:id="EN2003a.sync.520" channel="1" transcriber_start="1170.704" transcriber_end="1171.552">
      <nite:child href="EN2003a.B.words.xml#id(EN2003a.B.words823)..id(EN2003a.B.words825)"/>
   </segment>
   <segment nite:id="EN2003a.sync.522" channel="1" transcriber_start="1172.544" transcriber_end="1175.776">
      <nite:child href="EN2003a.B.words.xml#id(EN2003a.B.words826)..id(EN2003a.B.words833)"/>
   </segment>
   <segment nite:id="EN2003a.sync.524" channel="1" transcriber_start="1188.32" transcriber_end="1191.2">
      <nite:child href="EN2003a.B.words.xml#id(EN2003a.B.words834)..id(EN2003a.B.words842)"/>
   </segment>
   <segment nite:id="EN2003a.sync.526" channel="1" transcriber_start="1192.416" transcriber_end="1194.272">
      <nite:child href="EN2003a.B.words.xml#id(EN2003a.B.words843)..id(EN2003a.B.words849)"/>
   </segment>
   <segment nite:id="EN2003a.sync.528" channel="1" transcriber_start="1195.328" transcriber_end="1195.977">
      <nite:child href="EN2003a.B.words.xml#id(EN2003a.B.words850)..id(EN2003a.B.words851)"/>
   </segment>
   <segment nite:id="EN2003a.sync.530" channel="1" transcriber_start="1214.112" transcriber_end="1217.264">
      <nite:child href="EN2003a.B.words.xml#id(EN2003a.B.words852)..id(EN2003a.B.words857)"/>
   </segment>
   <segment nite:id="EN2003a.sync.532" channel="1" transcriber_start="1219.2" transcriber_end="1220.032">
      <nite:child href="EN2003a.B.words.xml#id(EN2003a.B.words858)..id(EN2003a.B.words859)"/>
   </segment>
   <segment nite:id="EN2003a.sync.534" channel="1" transcriber_start="1224.848" transcriber_end="1233.152">
      <nite:child href="EN2003a.B.words.xml#id(EN2003a.B.words860)..id(EN2003a.B.words881)"/>
   </segment>
   <segment nite:id="EN2003a.sync.536" channel="1" transcriber_start="1234.368" transcriber_end="1241.856">
      <nite:child href="EN2003a.B.words.xml#id(EN2003a.B.words882)..id(EN2003a.B.words922)"/>
   </segment>
   <segment nite:id="EN2003a.sync.538" channel="1" transcriber_start="1246.192" transcriber_end="1246.989">
      <nite:child href="EN2003a.B.words.xml#id(EN2003a.B.words923)..id(EN2003a.B.words924)"/>
   </segment>
   <segment nite:id="EN2003a.sync.540" channel="1" transcriber_start="1290.592" transcriber_end="1291.324">
      <nite:child href="EN2003a.B.words.xml#id(EN2003a.B.words925)..id(EN2003a.B.words926)"/>
   </segment>
   <segment nite:id="EN2003a.sync.542" channel="1" transcriber_start="1311.328" transcriber_end="1311.846">
      <nite:child href="EN2003a.B.words.xml#id(EN2003a.B.words927)..id(EN2003a.B.words928)"/>
   </segment>
   <segment nite:id="EN2003a.sync.544" channel="1" transcriber_start="1340.56" transcriber_end="1351.392">
      <nite:child href="EN2003a.B.words.xml#id(EN2003a.B.words929)..id(EN2003a.B.words977)"/>
   </segment>
   <segment nite:id="EN2003a.sync.546" channel="1" transcriber_start="1359.536" transcriber_end="1363.44">
      <nite:child href="EN2003a.B.words.xml#id(EN2003a.B.words978)..id(EN2003a.B.words995)"/>
   </segment>
   <segment nite:id="EN2003a.sync.548" channel="1" transcriber_start="1385.696" transcriber_end="1386.954">
      <nite:child href="EN2003a.B.words.xml#id(EN2003a.B.words996)..id(EN2003a.B.words1000)"/>
   </segment>
   <segment nite:id="EN2003a.sync.550" channel="1" transcriber_start="1397.696" transcriber_end="1409.392">
      <nite:child href="EN2003a.B.words.xml#id(EN2003a.B.words1001)..id(EN2003a.B.words1051)"/>
   </segment>
   <segment nite:id="EN2003a.sync.552" channel="1" transcriber_start="1417.456" transcriber_end="1425.492">
      <nite:child href="EN2003a.B.words.xml#id(EN2003a.B.words1052)..id(EN2003a.B.words1076)"/>
   </segment>
   <segment nite:id="EN2003a.sync.554" channel="1" transcriber_start="1478.91" transcriber_end="1480.116">
      <nite:child href="EN2003a.B.words.xml#id(EN2003a.B.words1077)..id(EN2003a.B.words1079)"/>
   </segment>
   <segment nite:id="EN2003a.sync.556" channel="1" transcriber_start="1507.9" transcriber_end="1508.532">
      <nite:child href="EN2003a.B.words.xml#id(EN2003a.B.words1080)..id(EN2003a.B.words1081)"/>
   </segment>
   <segment nite:id="EN2003a.sync.558" channel="1" transcriber_start="1512.352" transcriber_end="1515.274">
      <nite:child href="EN2003a.B.words.xml#id(EN2003a.B.words1082)..id(EN2003a.B.words1102)"/>
   </segment>
   <segment nite:id="EN2003a.sync.560" channel="1" transcriber_start="1540.96" transcriber_end="1541.475">
      <nite:child href="EN2003a.B.words.xml#id(EN2003a.B.words1103)..id(EN2003a.B.words1104)"/>
   </segment>
   <segment nite:id="EN2003a.sync.562" channel="1" transcriber_start="1544.64" transcriber_end="1545.697">
      <nite:child href="EN2003a.B.words.xml#id(EN2003a.B.words1105)..id(EN2003a.B.words1112)"/>
   </segment>
   <segment nite:id="EN2003a.sync.564" channel="1" transcriber_start="1547.929" transcriber_end="1548.339">
      <nite:child href="EN2003a.B.words.xml#id(EN2003a.B.words1113)"/>
   </segment>
   <segment nite:id="EN2003a.sync.566" channel="1" transcriber_start="1558.177" transcriber_end="1559.042">
      <nite:child href="EN2003a.B.words.xml#id(EN2003a.B.words1114)..id(EN2003a.B.words1118)"/>
   </segment>
   <segment nite:id="EN2003a.sync.568" channel="1" transcriber_start="1584.766" transcriber_end="1585.323">
      <nite:child href="EN2003a.B.words.xml#id(EN2003a.B.words1119)..id(EN2003a.B.words1120)"/>
   </segment>
   <segment nite:id="EN2003a.sync.570" channel="1" transcriber_start="1637.155" transcriber_end="1637.745">
      <nite:child href="EN2003a.B.words.xml#id(EN2003a.B.words1121)..id(EN2003a.B.words1122)"/>
   </segment>
   <segment nite:id="EN2003a.sync.572" channel="1" transcriber_start="1679.088" transcriber_end="1679.551">
      <nite:child href="EN2003a.B.words.xml#id(EN2003a.B.words1123)..id(EN2003a.B.words1124)"/>
   </segment>
   <segment nite:id="EN2003a.sync.574" channel="1" transcriber_start="1703.584" transcriber_end="1704.01">
      <nite:child href="EN2003a.B.words.xml#id(EN2003a.B.words1125)..id(EN2003a.B.words1126)"/>
   </segment>
   <segment nite:id="EN2003a.sync.576" channel="1" transcriber_start="1718.612" transcriber_end="1721.632">
      <nite:child href="EN2003a.B.words.xml#id(EN2003a.B.words1127)..id(EN2003a.B.words1139)"/>
   </segment>
   <segment nite:id="EN2003a.sync.578" channel="1" transcriber_start="1723.44" transcriber_end="1723.837">
      <nite:child href="EN2003a.B.words.xml#id(EN2003a.B.words1140)..id(EN2003a.B.words1141)"/>
   </segment>
   <segment nite:id="EN2003a.sync.580" channel="1" transcriber_start="1729.686" transcriber_end="1730.443">
      <nite:child href="EN2003a.B.words.xml#id(EN2003a.B.words1142)..id(EN2003a.B.words1143)"/>
   </segment>
   <segment nite:id="EN2003a.sync.582" channel="1" transcriber_start="1754.592" transcriber_end="1757.136">
      <nite:child href="EN2003a.B.words.xml#id(EN2003a.B.words1144)..id(EN2003a.B.words1160)"/>
   </segment>
   <segment nite:id="EN2003a.sync.584" channel="1" transcriber_start="1766.928" transcriber_end="1767.617">
      <nite:child href="EN2003a.B.words.xml#id(EN2003a.B.words1161)..id(EN2003a.B.words1162)"/>
   </segment>
   <segment nite:id="EN2003a.sync.586" channel="1" transcriber_start="1785.12" transcriber_end="1785.775">
      <nite:child href="EN2003a.B.words.xml#id(EN2003a.B.words1163)..id(EN2003a.B.words1164)"/>
   </segment>
   <segment nite:id="EN2003a.sync.588" channel="1" transcriber_start="1788.539" transcriber_end="1788.997">
      <nite:child href="EN2003a.B.words.xml#id(EN2003a.B.words1165)..id(EN2003a.B.words1166)"/>
   </segment>
   <segment nite:id="EN2003a.sync.590" channel="1" transcriber_start="1832.698" transcriber_end="1833.197">
      <nite:child href="EN2003a.B.words.xml#id(EN2003a.B.words1167)..id(EN2003a.B.words1168)"/>
   </segment>
   <segment nite:id="EN2003a.sync.592" channel="1" transcriber_start="1839.44" transcriber_end="1840.009">
      <nite:child href="EN2003a.B.words.xml#id(EN2003a.B.words1169)..id(EN2003a.B.words1170)"/>
   </segment>
   <segment nite:id="EN2003a.sync.594" channel="1" transcriber_start="1861.857" transcriber_end="1866.96">
      <nite:child href="EN2003a.B.words.xml#id(EN2003a.B.words1171)..id(EN2003a.B.words1180)"/>
   </segment>
   <segment nite:id="EN2003a.sync.596" channel="1" transcriber_start="1867.984" transcriber_end="1868.88">
      <nite:child href="EN2003a.B.words.xml#id(EN2003a.B.words1181)"/>
   </segment>
   <segment nite:id="EN2003a.sync.598" channel="1" transcriber_start="1907.536" transcriber_end="1908.128">
      <nite:child href="EN2003a.B.words.xml#id(EN2003a.B.words1182)..id(EN2003a.B.words1183)"/>
   </segment>
   <segment nite:id="EN2003a.sync.600" channel="1" transcriber_start="1930.192" transcriber_end="1935.2">
      <nite:child href="EN2003a.B.words.xml#id(EN2003a.B.words1184)..id(EN2003a.B.words1203)"/>
   </segment>
   <segment nite:id="EN2003a.sync.602" channel="1" transcriber_start="1939.6" transcriber_end="1947.872">
      <nite:child href="EN2003a.B.words.xml#id(EN2003a.B.words1204)..id(EN2003a.B.words1248)"/>
   </segment>
   <segment nite:id="EN2003a.sync.604" channel="1" transcriber_start="1952.497" transcriber_end="1953.154">
      <nite:child href="EN2003a.B.words.xml#id(EN2003a.B.words1249)..id(EN2003a.B.words1250)"/>
   </segment>
   <segment nite:id="EN2003a.sync.606" channel="1" transcriber_start="1975.812" transcriber_end="1976.826">
      <nite:child href="EN2003a.B.words.xml#id(EN2003a.B.words1251)..id(EN2003a.B.words1253)"/>
   </segment>
   <segment nite:id="EN2003a.sync.608" channel="1" transcriber_start="1985.216" transcriber_end="1985.729">
      <nite:child href="EN2003a.B.words.xml#id(EN2003a.B.words1254)..id(EN2003a.B.words1255)"/>
   </segment>
   <segment nite:id="EN2003a.sync.610" channel="1" transcriber_start="1991.618" transcriber_end="1995.984">
      <nite:child href="EN2003a.B.words.xml#id(EN2003a.B.words1256)..id(EN2003a.B.words1280)"/>
   </segment>
   <segment nite:id="EN2003a.sync.612" channel="1" transcriber_start="2010.848" transcriber_end="2011.409">
      <nite:child href="EN2003a.B.words.xml#id(EN2003a.B.words1281)..id(EN2003a.B.words1282)"/>
   </segment>
   <segment nite:id="EN2003a.sync.614" channel="1" transcriber_start="2030.831" transcriber_end="2031.38">
      <nite:child href="EN2003a.B.words.xml#id(EN2003a.B.words1283)..id(EN2003a.B.words1284)"/>
   </segment>
   <segment nite:id="EN2003a.sync.616" channel="1" transcriber_start="2060.127" transcriber_end="2061.168">
      <nite:child href="EN2003a.B.words.xml#id(EN2003a.B.words1285)"/>
   </segment>
   <segment nite:id="EN2003a.sync.618" channel="1" transcriber_start="2089.405" transcriber_end="2090.037">
      <nite:child href="EN2003a.B.words.xml#id(EN2003a.B.words1286)..id(EN2003a.B.words1287)"/>
   </segment>
   <segment nite:id="EN2003a.sync.620" channel="1" transcriber_start="2096.858" transcriber_end="2097.556">
      <nite:child href="EN2003a.B.words.xml#id(EN2003a.B.words1288)..id(EN2003a.B.words1289)"/>
   </segment>
   <segment nite:id="EN2003a.sync.622" channel="1" transcriber_start="2101.936" transcriber_end="2102.412">
      <nite:child href="EN2003a.B.words.xml#id(EN2003a.B.words1290)..id(EN2003a.B.words1291)"/>
   </segment>
   <segment nite:id="EN2003a.sync.624" channel="1" transcriber_start="2133.936" transcriber_end="2135.101">
      <nite:child href="EN2003a.B.words.xml#id(EN2003a.B.words1292)..id(EN2003a.B.words1295)"/>
   </segment>
   <segment nite:id="EN2003a.sync.626" channel="1" transcriber_start="2158.498" transcriber_end="2165.998">
      <nite:child href="EN2003a.B.words.xml#id(EN2003a.B.words1296)..id(EN2003a.B.words1324)"/>
   </segment>
   <segment nite:id="EN2003a.sync.628" channel="1" transcriber_start="2180.992" transcriber_end="2185.35">
      <nite:child href="EN2003a.B.words.xml#id(EN2003a.B.words1325)..id(EN2003a.B.words1334)"/>
   </segment>
   <segment nite:id="EN2003a.sync.630" channel="1" transcriber_start="2193.168" transcriber_end="2207.584">
      <nite:child href="EN2003a.B.words.xml#id(EN2003a.B.words1335)..id(EN2003a.B.words1397)"/>
   </segment>
   <segment nite:id="EN2003a.sync.632" channel="1" transcriber_start="2211.216" transcriber_end="2217.296">
      <nite:child href="EN2003a.B.words.xml#id(EN2003a.B.words1398)..id(EN2003a.B.words1409)"/>
   </segment>
   <segment nite:id="EN2003a.sync.634" channel="1" transcriber_start="2238.176" transcriber_end="2239.554">
      <nite:child href="EN2003a.B.words.xml#id(EN2003a.B.words1410)..id(EN2003a.B.words1414)"/>
   </segment>
</nite:root>