<?xml version="1.0" encoding="ISO-8859-1" standalone="yes"?>
<nite:root nite:id="Bed006.E.words" xmlns:nite="http://nite.sourceforge.net/">
   <w nite:id="Bed006.w.179" starttime="41.625" endtime="41.865" c="W">Hi</w>
   <w nite:id="Bed006.w.180" starttime="41.865" endtime="41.865" c=".">.</w>
   <vocalsound nite:id="Bed006.vocalsound.16" starttime="" endtime="" description="laugh"/>
   <w nite:id="Bed006.w.222" starttime="56.757" endtime="56.827" c="W">Oh</w>
   <w nite:id="Bed006.w.223" starttime="56.827" endtime="57.167" c="W">wow</w>
   <w nite:id="Bed006.w.224" starttime="57.167" endtime="57.167" c=".">.</w>
   <comment nite:id="Bed006.comment.5" starttime="" endtime="" description="quietly"/>
   <w nite:id="Bed006.w.275" starttime="76.821" endtime="77.001" c="W">Not</w>
   <w nite:id="Bed006.w.276" starttime="77.001" endtime="77.261" c="W">yet</w>
   <w nite:id="Bed006.w.277" starttime="77.261" endtime="77.261" c=".">.</w>
   <w nite:id="Bed006.w.296" starttime="81.648" endtime="81.758" c="W">Yeah</w>
   <w nite:id="Bed006.w.297" starttime="81.758" endtime="81.998" c="W">right</w>
   <w nite:id="Bed006.w.298" starttime="81.998" endtime="81.998" c=".">.</w>
   <w nite:id="Bed006.w.299" starttime="82.148" endtime="" c="W">I</w>
   <w nite:id="Bed006.w.300" starttime="" endtime="82.278" c="W">'ve</w>
   <w nite:id="Bed006.w.301" starttime="82.278" endtime="82.418" c="W">got</w>
   <w nite:id="Bed006.w.302" starttime="82.418" endtime="82.508" c="W">the</w>
   <w nite:id="Bed006.w.303" starttime="82.508" endtime="82.888" c="W">headset</w>
   <w nite:id="Bed006.w.304" starttime="82.888" endtime="83.098" c="W">on</w>
   <w nite:id="Bed006.w.305" starttime="83.098" endtime="83.418" c="W">after</w>
   <w nite:id="Bed006.w.306" starttime="83.418" endtime="83.568" c="W">all</w>
   <w nite:id="Bed006.w.307" starttime="83.568" endtime="83.568" c=".">.</w>
   <vocalsound nite:id="Bed006.vocalsound.26" starttime="" endtime="" description="inbreath"/>
   <w nite:id="Bed006.w.322" starttime="88.74" endtime="89.16" c="W">yes</w>
   <w nite:id="Bed006.w.323" starttime="89.16" endtime="89.16" c=".">.</w>
   <vocalsound nite:id="Bed006.vocalsound.32" starttime="" endtime="" description="laugh"/>
   <w nite:id="Bed006.w.440" starttime="129.55" endtime="129.61" c="W">I</w>
   <w nite:id="Bed006.w.441" starttime="129.61" endtime="129.79" c="W">know</w>
   <w nite:id="Bed006.w.442" starttime="129.79" endtime="130.3" c="W">Nancy</w>
   <w nite:id="Bed006.w.443" starttime="130.3" endtime="130.3" c=".">.</w>
   <vocalsound nite:id="Bed006.vocalsound.36" starttime="" endtime="" description="laugh"/>
   <w nite:id="Bed006.w.464" starttime="137.149" endtime="137.559" c="W">Man</w>
   <w nite:id="Bed006.w.465" starttime="137.559" endtime="137.559" c=".">!</w>
   <vocalsound nite:id="Bed006.vocalsound.41" starttime="" endtime="" description="laugh"/>
   <vocalsound nite:id="Bed006.vocalsound.51" starttime="" endtime="" description="laugh"/>
   <w nite:id="Bed006.w.604" starttime="181.59" endtime="182.04" c="W">Wizard</w>
   <w nite:id="Bed006.w.605" starttime="182.04" endtime="182.04" c=".">.</w>
   <vocalsound nite:id="Bed006.vocalsound.55" starttime="" endtime="" description="laugh"/>
   <vocalsound nite:id="Bed006.vocalsound.58" starttime="" endtime="" description="laugh"/>
   <vocalsound nite:id="Bed006.vocalsound.72" starttime="" endtime="" description="laugh"/>
   <w nite:id="Bed006.w.759" starttime="237.604" endtime="237.664" c="W">The</w>
   <w nite:id="Bed006.w.760" starttime="237.664" endtime="237.874" c="W">list</w>
   <w nite:id="Bed006.w.761" starttime="237.874" endtime="237.964" c="W">of</w>
   <w nite:id="Bed006.w.762" starttime="237.964" endtime="238.374" c="W">majors</w>
   <w nite:id="Bed006.w.763" starttime="238.374" endtime="238.474" c="W">in</w>
   <w nite:id="Bed006.w.764" starttime="238.474" endtime="238.564" c="W">the</w>
   <w nite:id="Bed006.w.765" starttime="238.564" endtime="238.964" c="W">department</w>
   <w nite:id="Bed006.w.766" starttime="238.964" endtime="238.964" c=".">?</w>
   <vocalsound nite:id="Bed006.vocalsound.81" starttime="" endtime="" description="laugh"/>
   <vocalsound nite:id="Bed006.vocalsound.93" starttime="" endtime="" description="laugh"/>
   <w nite:id="Bed006.w.1,981" starttime="562.47" endtime="562.53" c="W">So</w>
   <w nite:id="Bed006.w.1,982" starttime="562.53" endtime="" c="W">you</w>
   <w nite:id="Bed006.w.1,983" starttime="" endtime="562.63" c="W">'re</w>
   <w nite:id="Bed006.w.1,984" starttime="562.63" endtime="562.8" c="W">just</w>
   <w nite:id="Bed006.w.1,985" starttime="562.8" endtime="562.97" c="W">saying</w>
   <w nite:id="Bed006.w.1,986" starttime="562.97" endtime="563.13" c="W">like</w>
   <w nite:id="Bed006.w.1,987" starttime="563.13" endtime="563.26" c="W">what</w>
   <w nite:id="Bed006.w.1,988" starttime="563.26" endtime="563.51" c="W">part</w>
   <w nite:id="Bed006.w.1,989" starttime="563.51" endtime="563.62" c="W">of</w>
   <w nite:id="Bed006.w.1,990" starttime="563.62" endtime="564.13" c="W">town</w>
   <w nite:id="Bed006.w.2,005" starttime="564.75" endtime="564.85" c="W">the</w>
   <w nite:id="Bed006.w.2,006" starttime="564.94" endtime="565.2" c="W">things</w>
   <w nite:id="Bed006.w.2,007" starttime="565.2" endtime="565.36" c="W">are</w>
   <w nite:id="Bed006.w.2,008" starttime="565.36" endtime="565.52" c="W">in</w>
   <w nite:id="Bed006.w.2,009" starttime="565.52" endtime="565.62" c="W">or</w>
   <w nite:id="Bed006.w.2,010" starttime="565.62" endtime="565.88" c="W">whatever</w>
   <w nite:id="Bed006.w.2,011" starttime="565.88" endtime="565.88" c=".">?</w>
   <vocalsound nite:id="Bed006.vocalsound.118" starttime="" endtime="" description="laugh"/>
   <vocalsound nite:id="Bed006.vocalsound.124" starttime="" endtime="" description="laugh"/>
   <w nite:id="Bed006.w.2,327" starttime="689.961" endtime="" c="W">I</w>
   <w nite:id="Bed006.w.2,328" starttime="" endtime="690.061" c="W">'m</w>
   <w nite:id="Bed006.w.2,329" starttime="690.061" endtime="690.201" c="W">not</w>
   <w nite:id="Bed006.w.2,330" starttime="690.201" endtime="690.381" c="W">sure</w>
   <w nite:id="Bed006.w.2,331" starttime="690.381" endtime="690.461" c="W">I</w>
   <w nite:id="Bed006.w.2,332" starttime="690.461" endtime="690.841" c="W">totally</w>
   <w nite:id="Bed006.w.2,333" starttime="690.841" endtime="691.381" c="W">understand</w>
   <w nite:id="Bed006.w.2,334" starttime="691.381" endtime="691.621" c="W">this</w>
   <w nite:id="Bed006.w.2,335" starttime="691.621" endtime="691.821" c="W">but</w>
   <disfmarker nite:id="Bed006.disfmarker.70" starttime="" endtime=""/>
   <w nite:id="Bed006.w.2,344" starttime="692.151" endtime="" c="W">I</w>
   <w nite:id="Bed006.w.2,345" starttime="" endtime="692.241" c="W">'m</w>
   <w nite:id="Bed006.w.2,346" starttime="692.241" endtime="692.351" c="W">not</w>
   <w nite:id="Bed006.w.2,347" starttime="692.351" endtime="692.491" c="W">sure</w>
   <w nite:id="Bed006.w.2,348" starttime="692.491" endtime="692.571" c="W">I</w>
   <w nite:id="Bed006.w.2,349" starttime="692.571" endtime="692.901" c="W">totally</w>
   <w nite:id="Bed006.w.2,350" starttime="692.901" endtime="693.301" c="W">understand</w>
   <w nite:id="Bed006.w.2,351" starttime="693.301" endtime="693.601" c="W">everything</w>
   <w nite:id="Bed006.w.2,352" starttime="693.601" endtime="" c="W">that</w>
   <w nite:id="Bed006.w.2,353" starttime="" endtime="693.781" c="APOSS">'s</w>
   <w nite:id="Bed006.w.2,354" starttime="693.781" endtime="693.961" c="W">being</w>
   <w nite:id="Bed006.w.2,355" starttime="693.961" endtime="694.251" c="W">talked</w>
   <w nite:id="Bed006.w.2,356" starttime="694.251" endtime="694.551" c="W">about</w>
   <w nite:id="Bed006.w.2,357" starttime="694.551" endtime="694.871" c="W">but</w>
   <w nite:id="Bed006.w.2,358" starttime="695.081" endtime="695.241" c="W">I</w>
   <disfmarker nite:id="Bed006.disfmarker.72" starttime="" endtime=""/>
   <w nite:id="Bed006.w.2,359" starttime="695.291" endtime="695.441" c="W">I</w>
   <w nite:id="Bed006.w.2,360" starttime="695.441" endtime="695.791" c="W">imagine</w>
   <w nite:id="Bed006.w.2,361" starttime="695.791" endtime="" c="W">I</w>
   <w nite:id="Bed006.w.2,362" starttime="" endtime="695.921" c="W">'ll</w>
   <w nite:id="Bed006.w.2,363" starttime="695.921" endtime="696.061" c="TRUNCW">c</w>
   <w nite:id="Bed006.w.2,364" starttime="696.061" endtime="696.251" c="W">just</w>
   <w nite:id="Bed006.w.2,365" starttime="696.251" endtime="696.461" c="W">catch</w>
   <w nite:id="Bed006.w.2,366" starttime="696.461" endtime="696.631" c="W">on</w>
   <w nite:id="Bed006.w.2,367" starttime="696.631" endtime="696.631" c=".">.</w>
   <w nite:id="Bed006.w.2,432" starttime="701.853" endtime="702.303" c="W">Uh</w>
   <w nite:id="Bed006.w.2,433" starttime="702.303" endtime="702.303" c="CM">,</w>
   <w nite:id="Bed006.w.2,434" starttime="702.303" endtime="702.483" c="W">this</w>
   <w nite:id="Bed006.w.2,435" starttime="702.483" endtime="702.623" c="W">is</w>
   <w nite:id="Bed006.w.2,436" starttime="702.623" endtime="702.873" c="W">where</w>
   <w nite:id="Bed006.w.2,437" starttime="702.873" endtime="" c="W">they</w>
   <w nite:id="Bed006.w.2,438" starttime="" endtime="703.043" c="W">'re</w>
   <w nite:id="Bed006.w.2,439" starttime="703.043" endtime="703.513" c="W">supposed</w>
   <w nite:id="Bed006.w.2,440" starttime="703.513" endtime="703.743" c="W">to</w>
   <disfmarker nite:id="Bed006.disfmarker.76" starttime="" endtime=""/>
   <w nite:id="Bed006.w.2,468" starttime="704.995" endtime="705.445" c="W">Yeah</w>
   <w nite:id="Bed006.w.2,469" starttime="705.445" endtime="705.445" c=".">.</w>
   <w nite:id="Bed006.w.2,470" starttime="706.712" endtime="707.102" c="W">Yeah</w>
   <w nite:id="Bed006.w.2,471" starttime="707.102" endtime="707.102" c=".">.</w>
   <w nite:id="Bed006.w.2,519" starttime="710.9" endtime="711.21" t="PLET" c="W">OK</w>
   <w nite:id="Bed006.w.2,520" starttime="711.21" endtime="711.21" c=".">.</w>
   <w nite:id="Bed006.w.2,521" starttime="713.495" endtime="713.785" t="PLET" c="W">OK</w>
   <w nite:id="Bed006.w.2,522" starttime="713.785" endtime="713.785" c=".">.</w>
   <w nite:id="Bed006.w.2,523" starttime="716.19" endtime="716.65" t="PLET" c="W">OK</w>
   <w nite:id="Bed006.w.2,524" starttime="716.65" endtime="716.65" c=".">.</w>
   <w nite:id="Bed006.w.2,525" starttime="720.644" endtime="720.984" t="PLET" c="W">OK</w>
   <w nite:id="Bed006.w.2,526" starttime="720.984" endtime="720.984" c=".">.</w>
   <w nite:id="Bed006.w.2,561" starttime="727.214" endtime="727.534" t="PLET" c="W">OK</w>
   <w nite:id="Bed006.w.2,562" starttime="727.534" endtime="727.534" c=".">.</w>
   <w nite:id="Bed006.w.2,862" starttime="793.95" endtime="" c="W">Mm</w>
   <w nite:id="Bed006.w.2,863" starttime="" endtime="" c="HYPH">-</w>
   <w nite:id="Bed006.w.2,864" starttime="" endtime="794.53" c="W">hmm</w>
   <w nite:id="Bed006.w.2,865" starttime="794.53" endtime="794.53" c=".">.</w>
   <w nite:id="Bed006.w.3,018" starttime="833.828" endtime="" c="W">Mm</w>
   <w nite:id="Bed006.w.3,019" starttime="" endtime="" c="HYPH">-</w>
   <w nite:id="Bed006.w.3,020" starttime="" endtime="834.288" c="W">hmm</w>
   <w nite:id="Bed006.w.3,021" starttime="834.288" endtime="834.288" c=".">.</w>
   <w nite:id="Bed006.w.3,217" starttime="888.338" endtime="888.738" c="W">Hmm</w>
   <w nite:id="Bed006.w.3,218" starttime="888.738" endtime="888.738" c=".">.</w>
   <vocalsound nite:id="Bed006.vocalsound.155" starttime="" endtime="" description="laugh"/>
   <vocalsound nite:id="Bed006.vocalsound.157" starttime="" endtime="" description="long breath"/>
   <vocalsound nite:id="Bed006.vocalsound.160" starttime="" endtime="" description="breath"/>
   <vocalsound nite:id="Bed006.vocalsound.163" starttime="" endtime="" description="laugh"/>
   <vocalsound nite:id="Bed006.vocalsound.166" starttime="" endtime="" description="laugh"/>
   <vocalsound nite:id="Bed006.vocalsound.169" starttime="" endtime="" description="breath-laugh"/>
   <vocalsound nite:id="Bed006.vocalsound.171" starttime="" endtime="" description="laugh"/>
   <w nite:id="Bed006.w.3,817" starttime="1086.06" endtime="1086.14" c="W">You</w>
   <w nite:id="Bed006.w.3,818" starttime="1086.14" endtime="1086.34" c="W">will</w>
   <w nite:id="Bed006.w.3,819" starttime="1086.34" endtime="1086.5" c="W">be</w>
   <w nite:id="Bed006.w.3,820" starttime="1086.5" endtime="1086.87" c="W">here</w>
   <w nite:id="Bed006.w.3,821" starttime="1086.87" endtime="1086.87" c=".">.</w>
   <comment nite:id="Bed006.comment.23" starttime="" endtime="" description="mock threatening character voice"/>
   <vocalsound nite:id="Bed006.vocalsound.174" starttime="" endtime="" description="laugh"/>
   <vocalsound nite:id="Bed006.vocalsound.178" starttime="" endtime="" description="laugh"/>
   <w nite:id="Bed006.w.3,989" starttime="1129.99" endtime="" c="W">They</w>
   <w nite:id="Bed006.w.3,990" starttime="" endtime="1130.14" c="W">'re</w>
   <w nite:id="Bed006.w.3,991" starttime="1130.14" endtime="1130.38" c="W">very</w>
   <w nite:id="Bed006.w.3,992" starttime="1130.38" endtime="1130.93" c="W">dependent</w>
   <vocalsound nite:id="Bed006.vocalsound.185" starttime="" endtime="" description="laugh"/>
   <vocalsound nite:id="Bed006.vocalsound.189" starttime="" endtime="" description="laugh"/>
   <vocalsound nite:id="Bed006.vocalsound.192" starttime="" endtime="" description="laugh"/>
   <w nite:id="Bed006.w.4,136" starttime="1174.53" endtime="" c="W">We</w>
   <w nite:id="Bed006.w.4,137" starttime="" endtime="1174.67" c="W">'re</w>
   <w nite:id="Bed006.w.4,138" starttime="1174.67" endtime="1174.98" c="W">done</w>
   <w nite:id="Bed006.w.4,139" starttime="1174.98" endtime="1174.98" c=".">.</w>
   <w nite:id="Bed006.w.4,282" starttime="1208.86" endtime="1209.16" c="W">Toll</w>
   <w nite:id="Bed006.w.4,283" starttime="1209.16" endtime="1209.16" c=".">.</w>
   <vocalsound nite:id="Bed006.vocalsound.200" starttime="" endtime="" description="laugh"/>
   <w nite:id="Bed006.w.4,311" starttime="1220.9" endtime="1221.04" c="W">So</w>
   <w nite:id="Bed006.w.4,312" starttime="1221.04" endtime="" c="W">it</w>
   <w nite:id="Bed006.w.4,313" starttime="" endtime="1221.15" c="APOSS">'s</w>
   <w nite:id="Bed006.w.4,314" starttime="1221.15" endtime="1221.37" c="W">not</w>
   <w nite:id="Bed006.w.4,315" starttime="1221.37" endtime="1221.55" c="W">done</w>
   <w nite:id="Bed006.w.4,316" starttime="1221.55" endtime="1221.93" c="W">basically</w>
   <w nite:id="Bed006.w.4,317" starttime="1221.93" endtime="1221.93" c=".">.</w>
   <vocalsound nite:id="Bed006.vocalsound.206" starttime="" endtime="" description="laugh"/>
   <w nite:id="Bed006.w.4,320" starttime="1223.69" endtime="1223.91" c="W">Right</w>
   <w nite:id="Bed006.w.4,321" starttime="1223.91" endtime="1223.91" c=".">.</w>
   <vocalsound nite:id="Bed006.vocalsound.207" starttime="" endtime="" description="laugh"/>
   <w nite:id="Bed006.w.4,322" starttime="1225.38" endtime="1225.67" c="W">Perhaps</w>
   <w nite:id="Bed006.w.4,323" starttime="1225.67" endtime="1225.74" c="W">if</w>
   <w nite:id="Bed006.w.4,324" starttime="1225.74" endtime="1225.85" c="W">the</w>
   <w nite:id="Bed006.w.4,325" starttime="1225.85" endtime="1226.1" c="W">answers</w>
   <w nite:id="Bed006.w.4,326" starttime="1226.1" endtime="1226.25" c="W">have</w>
   <w nite:id="Bed006.w.4,327" starttime="1226.25" endtime="1226.52" c="W">something</w>
   <w nite:id="Bed006.w.4,328" starttime="1226.52" endtime="1226.61" c="W">to</w>
   <w nite:id="Bed006.w.4,329" starttime="1226.61" endtime="1226.72" c="W">do</w>
   <w nite:id="Bed006.w.4,330" starttime="1226.72" endtime="1226.85" c="W">with</w>
   <w nite:id="Bed006.w.4,331" starttime="1226.85" endtime="1226.91" c="W">the</w>
   <w nite:id="Bed006.w.4,332" starttime="1226.91" endtime="1227.43" c="W">questions</w>
   <w nite:id="Bed006.w.4,333" starttime="1227.43" endtime="1227.55" c="W">for</w>
   <w nite:id="Bed006.w.4,334" starttime="1227.55" endtime="1228.05" c="W">example</w>
   <w nite:id="Bed006.w.4,335" starttime="1228.05" endtime="1228.05" c=".">.</w>
   <vocalsound nite:id="Bed006.vocalsound.209" starttime="" endtime="" description="laugh"/>
   <w nite:id="Bed006.w.4,390" starttime="1243.23" endtime="1243.31" c="W">I</w>
   <w nite:id="Bed006.w.4,391" starttime="1243.31" endtime="1243.49" c="W">want</w>
   <w nite:id="Bed006.w.4,392" starttime="1243.49" endtime="1243.55" c="W">to</w>
   <w nite:id="Bed006.w.4,393" starttime="1243.55" endtime="1243.73" c="W">see</w>
   <w nite:id="Bed006.w.4,394" starttime="" endtime="" c="LQUOTE" qut="D">"</w>
   <w nite:id="Bed006.w.4,395" starttime="1243.73" endtime="1243.86" c="W">Die</w>
   <w nite:id="Bed006.w.4,396" starttime="1243.86" endtime="1244.38" c="W">Dukes</w>
   <w nite:id="Bed006.w.4,397" starttime="1244.38" endtime="1244.56" c="W">Von</w>
   <w nite:id="Bed006.w.4,398" starttime="1244.56" endtime="1244.91" c="W">Hazard</w>
   <w nite:id="Bed006.w.4,399" starttime="1244.91" endtime="1244.91" c="RQUOTE" qut="D">"</w>
   <w nite:id="Bed006.w.4,400" starttime="" endtime="" c="SYM">@</w>
   <w nite:id="Bed006.w.4,401" starttime="" endtime="" c="SYM">@</w>
   <vocalsound nite:id="Bed006.vocalsound.215" starttime="" endtime="" description="laugh"/>
   <vocalsound nite:id="Bed006.vocalsound.218" starttime="" endtime="" description="laugh"/>
   <w nite:id="Bed006.w.4,579" starttime="1289.04" endtime="" c="W">Mm</w>
   <w nite:id="Bed006.w.4,580" starttime="" endtime="" c="HYPH">-</w>
   <w nite:id="Bed006.w.4,581" starttime="" endtime="1289.39" c="W">hmm</w>
   <w nite:id="Bed006.w.4,582" starttime="1289.39" endtime="1289.39" c=".">.</w>
   <vocalsound nite:id="Bed006.vocalsound.227" starttime="" endtime="" description="laugh"/>
   <vocalsound nite:id="Bed006.vocalsound.230" starttime="" endtime="" description="laugh"/>
   <w nite:id="Bed006.w.4,766" starttime="1331.24" endtime="1331.5" t="PLET" c="W">OK</w>
   <w nite:id="Bed006.w.4,767" starttime="1331.5" endtime="1331.5" c=".">.</w>
   <vocalsound nite:id="Bed006.vocalsound.237" starttime="" endtime="" description="laugh"/>
   <w nite:id="Bed006.w.4,852" starttime="1357.48" endtime="1357.48" c="LQUOTE" qut="D">"</w>
   <w nite:id="Bed006.w.4,853" starttime="1357.48" endtime="1357.74" c="W">Chicken</w>
   <w nite:id="Bed006.w.4,854" starttime="1357.74" endtime="1357.94" c="W">Run</w>
   <w nite:id="Bed006.w.4,855" starttime="1357.94" endtime="1357.94" c="RQUOTE" qut="D">"</w>
   <w nite:id="Bed006.w.4,856" starttime="1357.94" endtime="1357.94" c=".">.</w>
   <w nite:id="Bed006.w.4,883" starttime="1375.01" endtime="1375.34" t="PLET" c="W">OK</w>
   <w nite:id="Bed006.w.4,884" starttime="1375.34" endtime="1375.34" c=".">.</w>
   <w nite:id="Bed006.w.4,885" starttime="1375.39" endtime="" c="W">What</w>
   <w nite:id="Bed006.w.4,886" starttime="" endtime="1375.57" c="APOSS">'s</w>
   <w nite:id="Bed006.w.4,887" starttime="1375.57" endtime="1375.63" c="W">the</w>
   <w nite:id="Bed006.w.4,888" starttime="1375.63" endtime="1375.89" c="W">next</w>
   <w nite:id="Bed006.w.4,889" starttime="1375.89" endtime="1376.08" c="W">thing</w>
   <w nite:id="Bed006.w.4,890" starttime="1376.08" endtime="1376.08" c=".">?</w>
   <w nite:id="Bed006.w.4,958" starttime="1396.88" endtime="1397.14" t="PLET" c="W">OK</w>
   <w nite:id="Bed006.w.4,959" starttime="1397.14" endtime="1397.14" c=".">.</w>
   <w nite:id="Bed006.w.4,996" starttime="1414.31" endtime="" c="W">Mm</w>
   <w nite:id="Bed006.w.4,997" starttime="" endtime="" c="HYPH">-</w>
   <w nite:id="Bed006.w.4,998" starttime="" endtime="1414.61" c="W">hmm</w>
   <w nite:id="Bed006.w.4,999" starttime="1414.61" endtime="1414.61" c=".">.</w>
   <vocalsound nite:id="Bed006.vocalsound.247" starttime="" endtime="" description="laugh"/>
   <w nite:id="Bed006.w.5,164" starttime="1459.54" endtime="1459.76" t="PLET" c="W">OK</w>
   <w nite:id="Bed006.w.5,165" starttime="1459.76" endtime="1459.76" c=".">.</w>
   <vocalsound nite:id="Bed006.vocalsound.252" starttime="" endtime="" description="laugh"/>
   <vocalsound nite:id="Bed006.vocalsound.257" starttime="" endtime="" description="laugh"/>
   <w nite:id="Bed006.w.5,526" starttime="1563.91" endtime="1564.29" c="W">Spit</w>
   <w nite:id="Bed006.w.5,527" starttime="1564.29" endtime="1564.46" c="W">right</w>
   <w nite:id="Bed006.w.5,528" starttime="1564.46" endtime="1564.65" c="W">here</w>
   <w nite:id="Bed006.w.5,529" starttime="1564.65" endtime="1564.65" c=".">.</w>
   <vocalsound nite:id="Bed006.vocalsound.258" starttime="" endtime="" description="laugh"/>
   <vocalsound nite:id="Bed006.vocalsound.268" starttime="" endtime="" description="laugh"/>
   <vocalsound nite:id="Bed006.vocalsound.270" starttime="" endtime="" description="laugh"/>
   <vocalsound nite:id="Bed006.vocalsound.274" starttime="" endtime="" description="laugh"/>
   <w nite:id="Bed006.w.5,817" starttime="1639.03" endtime="1639.08" c="W">A</w>
   <w nite:id="Bed006.w.5,818" starttime="1639.08" endtime="1639.48" c="W">laser</w>
   <w nite:id="Bed006.w.5,819" starttime="1639.48" endtime="1639.88" c="W">pointer</w>
   <w nite:id="Bed006.w.5,820" starttime="1639.88" endtime="1640.0" c="W">would</w>
   <w nite:id="Bed006.w.5,821" starttime="1640.0" endtime="1640.12" c="W">be</w>
   <w nite:id="Bed006.w.5,822" starttime="1640.12" endtime="1640.41" c="W">most</w>
   <w nite:id="Bed006.w.5,823" starttime="1640.41" endtime="1641.0" c="W">appropriate</w>
   <w nite:id="Bed006.w.5,824" starttime="1641.0" endtime="1641.17" c="W">here</w>
   <w nite:id="Bed006.w.5,825" starttime="1641.17" endtime="1641.21" c="W">I</w>
   <w nite:id="Bed006.w.5,826" starttime="1641.21" endtime="1641.52" c="W">think</w>
   <w nite:id="Bed006.w.5,827" starttime="1641.52" endtime="1641.52" c=".">.</w>
   <vocalsound nite:id="Bed006.vocalsound.278" starttime="" endtime="" description="laugh"/>
   <vocalsound nite:id="Bed006.vocalsound.280" starttime="" endtime="" description="laugh"/>
   <w nite:id="Bed006.w.5,885" starttime="1655.24" endtime="" c="W">Mm</w>
   <w nite:id="Bed006.w.5,886" starttime="" endtime="" c="HYPH">-</w>
   <w nite:id="Bed006.w.5,887" starttime="" endtime="1655.6" c="W">hmm</w>
   <w nite:id="Bed006.w.5,888" starttime="1655.6" endtime="1655.6" c=".">.</w>
   <vocalsound nite:id="Bed006.vocalsound.287" starttime="" endtime="" description="laugh"/>
   <w nite:id="Bed006.w.5,991" starttime="1681.23" endtime="1681.68" c="W">Rad</w>
   <w nite:id="Bed006.w.5,992" starttime="1681.68" endtime="1681.68" c=".">!</w>
   <w nite:id="Bed006.w.6,153" starttime="1723.49" endtime="" c="W">Mm</w>
   <w nite:id="Bed006.w.6,154" starttime="" endtime="" c="HYPH">-</w>
   <w nite:id="Bed006.w.6,155" starttime="" endtime="1723.9" c="W">hmm</w>
   <w nite:id="Bed006.w.6,156" starttime="1723.9" endtime="1723.9" c=".">.</w>
   <vocalsound nite:id="Bed006.vocalsound.300" starttime="" endtime="" description="laugh"/>
   <w nite:id="Bed006.w.6,767" starttime="1861.09" endtime="1861.58" c="W">Hmm</w>
   <w nite:id="Bed006.w.6,768" starttime="1861.58" endtime="1861.58" c=".">.</w>
   <w nite:id="Bed006.w.6,873" starttime="1883.21" endtime="1883.33" c="W">So</w>
   <w nite:id="Bed006.w.6,874" starttime="1883.33" endtime="1883.59" c="W">very</w>
   <w nite:id="Bed006.w.6,875" starttime="1883.59" endtime="1884.1" c="W">specific</w>
   <w nite:id="Bed006.w.6,876" starttime="1884.1" endtime="1884.36" c="W">role</w>
   <w nite:id="Bed006.w.6,877" starttime="1884.36" endtime="1884.69" c="W">names</w>
   <w nite:id="Bed006.w.6,878" starttime="1884.69" endtime="1884.72" c="W">are</w>
   <w nite:id="Bed006.w.6,879" starttime="" endtime="" c="LQUOTE" qut="D">"</w>
   <w nite:id="Bed006.w.6,880" starttime="1884.72" endtime="1885.11" c="W">viewed</w>
   <w nite:id="Bed006.w.6,881" starttime="1885.11" endtime="1885.52" c="W">thing</w>
   <w nite:id="Bed006.w.6,882" starttime="1885.52" endtime="1885.52" c="RQUOTE" qut="D">"</w>
   <w nite:id="Bed006.w.6,883" starttime="1885.52" endtime="1885.52" c="CM">,</w>
   <w nite:id="Bed006.w.6,884" starttime="" endtime="" c="LQUOTE" qut="D">"</w>
   <w nite:id="Bed006.w.6,885" starttime="1885.52" endtime="1885.96" c="W">entered</w>
   <w nite:id="Bed006.w.6,886" starttime="1885.96" endtime="1886.33" c="W">thing</w>
   <w nite:id="Bed006.w.6,887" starttime="1886.33" endtime="1886.33" c="RQUOTE" qut="D">"</w>
   <disfmarker nite:id="Bed006.disfmarker.262" starttime="" endtime=""/>
   <w nite:id="Bed006.w.6,911" starttime="1887.82" endtime="1888.03" c="W">Yeah</w>
   <w nite:id="Bed006.w.6,912" starttime="1888.03" endtime="1888.03" c=".">.</w>
   <w nite:id="Bed006.w.7,517" starttime="2047.29" endtime="" c="W">Mm</w>
   <w nite:id="Bed006.w.7,518" starttime="" endtime="" c="HYPH">-</w>
   <w nite:id="Bed006.w.7,519" starttime="" endtime="2047.86" c="W">hmm</w>
   <w nite:id="Bed006.w.7,520" starttime="2047.86" endtime="2047.86" c=".">.</w>
   <w nite:id="Bed006.w.7,729" starttime="2094.71" endtime="" c="W">Mm</w>
   <w nite:id="Bed006.w.7,730" starttime="" endtime="" c="HYPH">-</w>
   <w nite:id="Bed006.w.7,731" starttime="" endtime="2095.11" c="W">hmm</w>
   <w nite:id="Bed006.w.7,732" starttime="2095.11" endtime="2095.11" c=".">.</w>
   <w nite:id="Bed006.w.7,790" starttime="2105.59" endtime="2105.98" c="W">Right</w>
   <w nite:id="Bed006.w.7,791" starttime="2105.98" endtime="2105.98" c=".">.</w>
   <w nite:id="Bed006.w.8,203" starttime="2204.05" endtime="2204.54" c="W">Snack</w>
   <w nite:id="Bed006.w.8,204" starttime="2204.54" endtime="2205.05" c="W">action</w>
   <w nite:id="Bed006.w.8,205" starttime="2205.05" endtime="2205.05" c=".">.</w>
   <w nite:id="Bed006.w.8,218" starttime="2208.76" endtime="2209.02" c="W">See</w>
   <w nite:id="Bed006.w.8,219" starttime="2209.02" endtime="2209.02" c=".">.</w>
   <comment nite:id="Bed006.comment.40" starttime="" endtime="" description="or &quot;C_&quot;"/>
   <w nite:id="Bed006.w.8,221" starttime="2210.09" endtime="" c="W">I</w>
   <w nite:id="Bed006.w.8,222" starttime="" endtime="2210.15" c="W">'m</w>
   <w nite:id="Bed006.w.8,223" starttime="2210.15" endtime="2210.29" c="W">sure</w>
   <w nite:id="Bed006.w.8,224" starttime="2210.29" endtime="" c="W">there</w>
   <w nite:id="Bed006.w.8,225" starttime="" endtime="2210.46" c="APOSS">'s</w>
   <w nite:id="Bed006.w.8,226" starttime="2210.46" endtime="2210.5" c="W">a</w>
   <w nite:id="Bed006.w.8,227" starttime="2210.5" endtime="2210.97" c="W">commercial</w>
   <w nite:id="Bed006.w.8,228" starttime="2210.97" endtime="2211.3" c="W">event</w>
   <w nite:id="Bed006.w.8,229" starttime="2211.3" endtime="2211.72" c="W">schema</w>
   <w nite:id="Bed006.w.8,230" starttime="2211.72" endtime="2211.82" c="W">in</w>
   <w nite:id="Bed006.w.8,231" starttime="2211.82" endtime="2212.02" c="W">there</w>
   <w nite:id="Bed006.w.8,232" starttime="2212.02" endtime="2212.35" c="W">somewhere</w>
   <w nite:id="Bed006.w.8,233" starttime="2212.35" endtime="2212.35" c=".">.</w>
   <vocalsound nite:id="Bed006.vocalsound.313" starttime="" endtime="" description="laugh"/>
   <vocalsound nite:id="Bed006.vocalsound.316" starttime="" endtime="" description="laugh"/>
   <w nite:id="Bed006.w.8,782" starttime="2345.89" endtime="2345.95" c="W">Yeah</w>
   <w nite:id="Bed006.w.8,783" starttime="2345.95" endtime="2346.0" c="W">I</w>
   <w nite:id="Bed006.w.8,784" starttime="2346.0" endtime="2346.14" c="W">mean</w>
   <w nite:id="Bed006.w.8,785" starttime="2346.14" endtime="2346.24" c="W">I</w>
   <disfmarker nite:id="Bed006.disfmarker.336" starttime="" endtime=""/>
   <w nite:id="Bed006.w.8,786" starttime="2346.24" endtime="2346.42" c="W">I</w>
   <w nite:id="Bed006.w.8,787" starttime="2346.42" endtime="2346.72" c="W">still</w>
   <w nite:id="Bed006.w.8,788" starttime="2346.72" endtime="2346.8" c="W">am</w>
   <w nite:id="Bed006.w.8,789" starttime="2346.8" endtime="2347.03" c="W">not</w>
   <w nite:id="Bed006.w.8,790" starttime="2347.03" endtime="2347.47" c="W">entirely</w>
   <w nite:id="Bed006.w.8,791" starttime="2347.47" endtime="2347.65" c="W">sure</w>
   <w nite:id="Bed006.w.8,792" starttime="2347.65" endtime="2347.79" c="W">that</w>
   <w nite:id="Bed006.w.8,793" starttime="2347.79" endtime="2347.89" c="W">I</w>
   <w nite:id="Bed006.w.8,794" starttime="2347.89" endtime="2348.38" c="W">really</w>
   <w nite:id="Bed006.w.8,795" starttime="2348.38" endtime="2348.83" c="W">fully</w>
   <w nite:id="Bed006.w.8,796" starttime="2348.83" endtime="2349.37" c="W">grasp</w>
   <w nite:id="Bed006.w.8,797" starttime="2349.37" endtime="2349.5" c="W">the</w>
   <w nite:id="Bed006.w.8,798" starttime="2349.5" endtime="2350.15" c="W">syntax</w>
   <w nite:id="Bed006.w.8,799" starttime="2350.15" endtime="2350.32" c="W">of</w>
   <w nite:id="Bed006.w.8,800" starttime="2350.62" endtime="2351.03" c="W">this</w>
   <w nite:id="Bed006.w.8,801" starttime="2351.03" endtime="2351.03" c=".">.</w>
   <w nite:id="Bed006.w.8,802" starttime="2351.03" endtime="2351.17" c="W">You</w>
   <w nite:id="Bed006.w.8,803" starttime="2351.17" endtime="2351.34" c="W">know</w>
   <w nite:id="Bed006.w.8,804" starttime="2351.34" endtime="2351.34" c="CM">,</w>
   <w nite:id="Bed006.w.8,805" starttime="2351.34" endtime="2351.49" c="W">like</w>
   <w nite:id="Bed006.w.8,806" starttime="2351.49" endtime="2351.79" c="W">what</w>
   <disfmarker nite:id="Bed006.disfmarker.337" starttime="" endtime=""/>
   <w nite:id="Bed006.w.8,833" starttime="2352.97" endtime="2353.24" c="W">Right</w>
   <w nite:id="Bed006.w.8,834" starttime="2353.24" endtime="2353.24" c=".">.</w>
   <vocalsound nite:id="Bed006.vocalsound.330" starttime="" endtime="" description="laugh"/>
   <w nite:id="Bed006.w.8,835" starttime="2354.63" endtime="2354.7" c="W">Or</w>
   <w nite:id="Bed006.w.8,836" starttime="2354.7" endtime="2354.89" c="W">the</w>
   <w nite:id="Bed006.w.8,837" starttime="2354.89" endtime="2355.39" c="W">intended</w>
   <w nite:id="Bed006.w.8,838" starttime="2355.39" endtime="2356.13" c="W">interpretation</w>
   <w nite:id="Bed006.w.8,839" starttime="2356.13" endtime="2356.25" c="W">of</w>
   <w nite:id="Bed006.w.8,840" starttime="2356.25" endtime="2356.56" c="W">this</w>
   <w nite:id="Bed006.w.8,841" starttime="2356.56" endtime="2356.56" c=".">.</w>
   <w nite:id="Bed006.w.8,842" starttime="2356.56" endtime="2356.62" c="W">Yeah</w>
   <w nite:id="Bed006.w.8,843" starttime="2356.62" endtime="2356.62" c=".">.</w>
   <w nite:id="Bed006.w.8,863" starttime="2360.9" endtime="2361.43" c="W">Yeah</w>
   <w nite:id="Bed006.w.8,864" starttime="2361.43" endtime="2361.43" c=".">.</w>
   <w nite:id="Bed006.w.8,892" starttime="2365.59" endtime="2365.81" t="PLET" c="W">OK</w>
   <w nite:id="Bed006.w.8,893" starttime="2365.81" endtime="2365.81" c=".">.</w>
   <w nite:id="Bed006.w.9,065" starttime="2406.92" endtime="2407.23" c="W">Yeah</w>
   <w nite:id="Bed006.w.9,066" starttime="2407.23" endtime="2407.23" c=".">.</w>
   <vocalsound nite:id="Bed006.vocalsound.336" starttime="" endtime="" description="laugh"/>
   <w nite:id="Bed006.w.9,420" starttime="2482.69" endtime="" c="W">Mm</w>
   <w nite:id="Bed006.w.9,421" starttime="" endtime="" c="HYPH">-</w>
   <w nite:id="Bed006.w.9,422" starttime="" endtime="2483.02" c="W">hmm</w>
   <w nite:id="Bed006.w.9,423" starttime="2483.02" endtime="2483.02" c=".">.</w>
   <w nite:id="Bed006.w.9,427" starttime="2487.2" endtime="" c="W">Mm</w>
   <w nite:id="Bed006.w.9,428" starttime="" endtime="" c="HYPH">-</w>
   <w nite:id="Bed006.w.9,429" starttime="" endtime="2487.5" c="W">hmm</w>
   <w nite:id="Bed006.w.9,430" starttime="2487.5" endtime="2487.5" c=".">.</w>
   <w nite:id="Bed006.w.9,433" starttime="2487.83" endtime="2488.01" c="W">Yep</w>
   <w nite:id="Bed006.w.9,434" starttime="2488.01" endtime="2488.01" c=".">.</w>
   <w nite:id="Bed006.w.9,496" starttime="2505.31" endtime="2505.51" c="W">Every</w>
   <w nite:id="Bed006.w.9,497" starttime="2505.51" endtime="2506.09" t="PLET" c="W">SPG</w>
   <disfmarker nite:id="Bed006.disfmarker.381" starttime="" endtime=""/>
   <w nite:id="Bed006.w.9,498" starttime="2506.66" endtime="2507.0" c="W">every</w>
   <w nite:id="Bed006.w.9,499" starttime="2507.0" endtime="2507.41" t="PLET" c="W">SPG</w>
   <w nite:id="Bed006.w.9,500" starttime="2507.41" endtime="2507.7" c="W">action</w>
   <w nite:id="Bed006.w.9,501" starttime="2507.7" endtime="2507.91" c="W">either</w>
   <w nite:id="Bed006.w.9,502" starttime="2507.91" endtime="2508.13" c="W">is</w>
   <w nite:id="Bed006.w.9,503" starttime="2508.13" endtime="2508.22" c="W">an</w>
   <w nite:id="Bed006.w.9,504" starttime="2508.22" endtime="2508.51" c="W">Enter</w>
   <w nite:id="Bed006.w.9,505" starttime="2508.51" endtime="2508.73" c="W">or</w>
   <w nite:id="Bed006.w.9,506" starttime="2508.73" endtime="2508.76" c="W">a</w>
   <w nite:id="Bed006.w.9,507" starttime="2508.76" endtime="2508.93" c="W">View</w>
   <w nite:id="Bed006.w.9,508" starttime="2508.93" endtime="2509.16" c="W">or</w>
   <w nite:id="Bed006.w.9,509" starttime="2509.16" endtime="2509.25" c="W">an</w>
   <w nite:id="Bed006.w.9,510" starttime="2509.25" endtime="2509.62" c="W">Approach</w>
   <w nite:id="Bed006.w.9,511" starttime="2509.62" endtime="2509.62" c="CM">,</w>
   <w nite:id="Bed006.w.9,512" starttime="2509.62" endtime="2509.87" c="W">right</w>
   <w nite:id="Bed006.w.9,513" starttime="2509.87" endtime="2509.87" c=".">?</w>
   <w nite:id="Bed006.w.9,514" starttime="2510.13" endtime="2510.3" t="PLET" c="W">OK</w>
   <w nite:id="Bed006.w.9,515" starttime="2510.3" endtime="2510.3" c=".">.</w>
   <w nite:id="Bed006.w.10,033" starttime="2656.92" endtime="2657.09" c="W">This</w>
   <w nite:id="Bed006.w.10,034" starttime="2657.09" endtime="2657.22" c="W">is</w>
   <w nite:id="Bed006.w.10,035" starttime="2657.22" endtime="2657.3" c="W">a</w>
   <w nite:id="Bed006.w.10,036" starttime="2657.3" endtime="2657.73" c="TRUNCW">cate</w>
   <w nite:id="Bed006.w.10,037" starttime="2657.73" endtime="2657.91" c="W">this</w>
   <w nite:id="Bed006.w.10,038" starttime="2657.91" endtime="2658.06" c="W">a</w>
   <w nite:id="Bed006.w.10,039" starttime="2658.06" endtime="2658.69" c="W">category</w>
   <w nite:id="Bed006.w.10,040" starttime="2658.69" endtime="2659.06" c="W">structure</w>
   <w nite:id="Bed006.w.10,041" starttime="2659.06" endtime="2659.25" c="W">here</w>
   <w nite:id="Bed006.w.10,042" starttime="2659.25" endtime="2659.25" c="CM">,</w>
   <w nite:id="Bed006.w.10,043" starttime="2659.25" endtime="2659.48" c="W">right</w>
   <w nite:id="Bed006.w.10,044" starttime="2659.48" endtime="2659.48" c=".">?</w>
   <w nite:id="Bed006.w.10,045" starttime="2659.48" endtime="2659.88" c="W">Action</w>
   <w nite:id="Bed006.w.10,046" starttime="2659.88" endtime="2660.3" c="W">schema</w>
   <w nite:id="Bed006.w.10,047" starttime="2660.3" endtime="2660.3" c=".">.</w>
   <w nite:id="Bed006.w.10,050" starttime="2660.57" endtime="2660.85" c="W">What</w>
   <w nite:id="Bed006.w.10,051" starttime="2660.85" endtime="2660.92" c="W">are</w>
   <w nite:id="Bed006.w.10,052" starttime="2660.92" endtime="2661.07" c="W">some</w>
   <w nite:id="Bed006.w.10,053" starttime="2661.07" endtime="2661.36" c="W">types</w>
   <w nite:id="Bed006.w.10,054" starttime="2661.36" endtime="2661.45" c="W">of</w>
   <w nite:id="Bed006.w.10,055" starttime="2661.45" endtime="2661.72" c="W">action</w>
   <w nite:id="Bed006.w.10,056" starttime="2661.72" endtime="2662.15" c="W">schemas</w>
   <w nite:id="Bed006.w.10,057" starttime="2662.15" endtime="2662.15" c=".">?</w>
   <w nite:id="Bed006.w.10,058" starttime="2662.15" endtime="2662.3" c="W">Well</w>
   <w nite:id="Bed006.w.10,059" starttime="2662.3" endtime="2662.46" c="W">one</w>
   <w nite:id="Bed006.w.10,060" starttime="2662.46" endtime="2662.53" c="W">of</w>
   <w nite:id="Bed006.w.10,061" starttime="2662.53" endtime="2662.6" c="W">the</w>
   <w nite:id="Bed006.w.10,062" starttime="2662.6" endtime="2662.85" c="W">types</w>
   <w nite:id="Bed006.w.10,063" starttime="2662.85" endtime="2662.92" c="W">of</w>
   <w nite:id="Bed006.w.10,064" starttime="2662.92" endtime="2663.17" c="W">action</w>
   <w nite:id="Bed006.w.10,065" starttime="2663.17" endtime="2663.65" c="W">schemas</w>
   <w nite:id="Bed006.w.10,066" starttime="2663.65" endtime="2663.8" c="W">is</w>
   <w nite:id="Bed006.w.10,067" starttime="2663.8" endtime="" c="W">Source</w>
   <w nite:id="Bed006.w.10,068" starttime="" endtime="" c="HYPH">-</w>
   <w nite:id="Bed006.w.10,069" starttime="" endtime="" c="W">Path</w>
   <w nite:id="Bed006.w.10,070" starttime="" endtime="" c="HYPH">-</w>
   <w nite:id="Bed006.w.10,071" starttime="" endtime="2664.54" c="W">Goal</w>
   <w nite:id="Bed006.w.10,072" starttime="2664.54" endtime="2664.98" c="W">action</w>
   <w nite:id="Bed006.w.10,073" starttime="2664.98" endtime="2664.98" c=".">.</w>
   <w nite:id="Bed006.w.10,074" starttime="2665.46" endtime="2665.64" c="W">And</w>
   <w nite:id="Bed006.w.10,075" starttime="2665.64" endtime="2665.78" c="W">what</w>
   <w nite:id="Bed006.w.10,076" starttime="2665.78" endtime="2665.84" c="W">are</w>
   <w nite:id="Bed006.w.10,077" starttime="2665.84" endtime="2666.02" c="W">some</w>
   <w nite:id="Bed006.w.10,078" starttime="2666.02" endtime="2666.34" c="W">types</w>
   <w nite:id="Bed006.w.10,079" starttime="2666.34" endtime="2666.45" c="W">of</w>
   <w nite:id="Bed006.w.10,080" starttime="2666.45" endtime="2666.72" c="W">that</w>
   <w nite:id="Bed006.w.10,081" starttime="2666.72" endtime="2666.72" c=".">?</w>
   <w nite:id="Bed006.w.10,082" starttime="2666.72" endtime="2667.16" c="W">And</w>
   <w nite:id="Bed006.w.10,083" starttime="2667.16" endtime="2667.24" c="W">an</w>
   <w nite:id="Bed006.w.10,084" starttime="2667.24" endtime="2667.69" c="W">Enter</w>
   <w nite:id="Bed006.w.10,085" starttime="2667.69" endtime="2667.69" c="CM">,</w>
   <w nite:id="Bed006.w.10,090" starttime="2668.15" endtime="2668.25" c="W">a</w>
   <w nite:id="Bed006.w.10,091" starttime="2668.25" endtime="2668.48" c="W">View</w>
   <w nite:id="Bed006.w.10,092" starttime="2668.48" endtime="2668.48" c="CM">,</w>
   <w nite:id="Bed006.w.10,093" starttime="2668.48" endtime="2668.57" c="W">an</w>
   <w nite:id="Bed006.w.10,094" starttime="2668.57" endtime="2668.95" c="W">Approach</w>
   <w nite:id="Bed006.w.10,095" starttime="2668.95" endtime="2668.95" c=".">.</w>
   <w nite:id="Bed006.w.10,096" starttime="2668.95" endtime="2669.14" c="W">Those</w>
   <w nite:id="Bed006.w.10,097" starttime="2669.14" endtime="2669.24" c="W">are</w>
   <w nite:id="Bed006.w.10,098" starttime="2669.24" endtime="2669.41" c="W">all</w>
   <w nite:id="Bed006.w.10,099" starttime="2669.41" endtime="" c="W">Source</w>
   <w nite:id="Bed006.w.10,100" starttime="" endtime="" c="HYPH">-</w>
   <w nite:id="Bed006.w.10,101" starttime="" endtime="" c="W">Path</w>
   <w nite:id="Bed006.w.10,102" starttime="" endtime="" c="HYPH">-</w>
   <w nite:id="Bed006.w.10,103" starttime="" endtime="2670.14" c="W">Goal</w>
   <w nite:id="Bed006.w.10,104" starttime="2670.14" endtime="2670.48" c="W">actions</w>
   <w nite:id="Bed006.w.10,105" starttime="2670.48" endtime="2670.48" c=".">.</w>
   <w nite:id="Bed006.w.10,249" starttime="2705.64" endtime="" c="W">Mm</w>
   <w nite:id="Bed006.w.10,250" starttime="" endtime="" c="HYPH">-</w>
   <w nite:id="Bed006.w.10,251" starttime="" endtime="2706.0" c="W">hmm</w>
   <w nite:id="Bed006.w.10,252" starttime="2706.0" endtime="2706.0" c=".">.</w>
   <w nite:id="Bed006.w.10,277" starttime="2714.24" endtime="2714.35" c="W">There</w>
   <w nite:id="Bed006.w.10,278" starttime="2714.35" endtime="2714.48" c="W">could</w>
   <w nite:id="Bed006.w.10,279" starttime="2714.48" endtime="2714.57" c="W">be</w>
   <w nite:id="Bed006.w.10,280" starttime="2714.57" endtime="2714.6" c="W">a</w>
   <w nite:id="Bed006.w.10,281" starttime="2714.6" endtime="2715.38" c="W">communication</w>
   <w nite:id="Bed006.w.10,282" starttime="2715.38" endtime="2715.7" c="W">event</w>
   <w nite:id="Bed006.w.10,283" starttime="2715.7" endtime="2716.23" c="W">action</w>
   <w nite:id="Bed006.w.10,284" starttime="2716.23" endtime="2716.32" c="W">or</w>
   <w nite:id="Bed006.w.10,285" starttime="2716.32" endtime="2716.69" c="W">something</w>
   <w nite:id="Bed006.w.10,286" starttime="2716.69" endtime="2716.87" c="W">like</w>
   <w nite:id="Bed006.w.10,287" starttime="2716.87" endtime="2717.08" c="W">that</w>
   <w nite:id="Bed006.w.10,288" starttime="2717.08" endtime="2717.22" c="W">and</w>
   <w nite:id="Bed006.w.10,289" starttime="2717.22" endtime="2717.33" c="W">you</w>
   <w nite:id="Bed006.w.10,290" starttime="2717.41" endtime="2717.52" c="W">could</w>
   <w nite:id="Bed006.w.10,291" starttime="2717.52" endtime="2717.75" c="W">write</w>
   <w nite:id="Bed006.w.10,292" starttime="2717.85" endtime="2718.06" c="W">it</w>
   <w nite:id="Bed006.w.10,293" starttime="2718.06" endtime="2718.06" c=".">.</w>
   <w nite:id="Bed006.w.10,714" starttime="2804.56" endtime="2804.66" c="W">Ri</w>
   <w nite:id="Bed006.w.10,715" starttime="" endtime="" c="SYM">-</w>
   <w nite:id="Bed006.w.10,716" starttime="2804.66" endtime="" c="W">You</w>
   <w nite:id="Bed006.w.10,717" starttime="" endtime="2804.87" c="W">'d</w>
   <w nite:id="Bed006.w.10,718" starttime="2804.87" endtime="2805.06" c="W">like</w>
   <disfmarker nite:id="Bed006.disfmarker.439" starttime="" endtime=""/>
   <w nite:id="Bed006.w.10,719" starttime="2805.06" endtime="2805.18" c="W">so</w>
   <w nite:id="Bed006.w.10,720" starttime="2805.18" endtime="" c="W">you</w>
   <w nite:id="Bed006.w.10,721" starttime="" endtime="2805.32" c="W">'re</w>
   <w nite:id="Bed006.w.10,722" starttime="2805.32" endtime="2805.51" c="W">saying</w>
   <w nite:id="Bed006.w.10,723" starttime="2805.51" endtime="2805.6" c="W">you</w>
   <w nite:id="Bed006.w.10,724" starttime="2805.6" endtime="2805.74" c="W">could</w>
   <w nite:id="Bed006.w.10,725" starttime="2805.74" endtime="2806.12" c="W">practically</w>
   <w nite:id="Bed006.w.10,726" starttime="2806.12" endtime="2806.33" c="W">turn</w>
   <w nite:id="Bed006.w.10,727" starttime="2806.33" endtime="2806.42" c="W">this</w>
   <w nite:id="Bed006.w.10,728" starttime="2806.42" endtime="2806.72" c="W">structure</w>
   <w nite:id="Bed006.w.10,729" starttime="2806.72" endtime="2807.05" c="W">inside</w>
   <w nite:id="Bed006.w.10,730" starttime="2807.05" endtime="2807.3" c="W">out</w>
   <w nite:id="Bed006.w.10,731" starttime="2807.3" endtime="2807.3" c=".">?</w>
   <w nite:id="Bed006.w.10,732" starttime="2807.3" endtime="2807.42" c="W">or</w>
   <w nite:id="Bed006.w.10,733" starttime="2807.42" endtime="2807.88" c="W">something</w>
   <w nite:id="Bed006.w.10,734" starttime="2807.88" endtime="2807.88" c="CM">,</w>
   <w nite:id="Bed006.w.10,735" starttime="2807.88" endtime="2808.24" c="W">or</w>
   <disfmarker nite:id="Bed006.disfmarker.440" starttime="" endtime=""/>
   <w nite:id="Bed006.w.10,736" starttime="2808.24" endtime="2808.24" c=".">?</w>
   <comment nite:id="Bed006.comment.42" starttime="" endtime="" description="leading question"/>
   <w nite:id="Bed006.w.10,845" starttime="2831.65" endtime="2831.96" c="W">List</w>
   <w nite:id="Bed006.w.10,846" starttime="2831.96" endtime="2832.08" c="W">all</w>
   <w nite:id="Bed006.w.10,847" starttime="2832.08" endtime="2832.16" c="W">the</w>
   <w nite:id="Bed006.w.10,848" starttime="2832.16" endtime="2832.49" c="W">parent</w>
   <w nite:id="Bed006.w.10,849" starttime="2832.49" endtime="2833.2" c="W">categories</w>
   <w nite:id="Bed006.w.10,850" starttime="2833.2" endtime="2833.2" c=".">.</w>
   <w nite:id="Bed006.w.10,889" starttime="2835.18" endtime="2835.47" c="W">Yeah</w>
   <w nite:id="Bed006.w.10,890" starttime="2835.47" endtime="2835.47" c=".">.</w>
   <w nite:id="Bed006.w.10,941" starttime="2846.32" endtime="2846.51" c="W">Yeah</w>
   <w nite:id="Bed006.w.10,942" starttime="2846.51" endtime="2846.51" c=".">.</w>
   <w nite:id="Bed006.w.10,943" starttime="2847.8" endtime="2847.89" c="W">This</w>
   <w nite:id="Bed006.w.10,944" starttime="2847.89" endtime="2848.14" c="W">sounds</w>
   <w nite:id="Bed006.w.10,945" starttime="2848.14" endtime="2848.31" c="W">like</w>
   <w nite:id="Bed006.w.10,946" starttime="2848.31" endtime="2848.35" c="W">a</w>
   <w nite:id="Bed006.w.10,947" starttime="2848.35" endtime="2848.81" c="W">paper</w>
   <w nite:id="Bed006.w.10,948" starttime="2848.81" endtime="" c="W">I</w>
   <w nite:id="Bed006.w.10,949" starttime="" endtime="2849.01" c="W">'ve</w>
   <w nite:id="Bed006.w.10,950" starttime="2849.01" endtime="2849.2" c="W">read</w>
   <w nite:id="Bed006.w.10,951" starttime="2849.2" endtime="2849.54" c="W">around</w>
   <w nite:id="Bed006.w.10,952" starttime="2849.54" endtime="2849.69" c="W">here</w>
   <w nite:id="Bed006.w.10,953" starttime="2849.69" endtime="2850.06" c="W">recently</w>
   <w nite:id="Bed006.w.10,954" starttime="2850.19" endtime="2850.25" c="W">in</w>
   <w nite:id="Bed006.w.10,955" starttime="2850.25" endtime="2850.47" c="W">terms</w>
   <w nite:id="Bed006.w.10,956" starttime="2850.47" endtime="2850.53" c="W">of</w>
   <disfmarker nite:id="Bed006.disfmarker.446" starttime="" endtime=""/>
   <vocalsound nite:id="Bed006.vocalsound.367" starttime="" endtime="" description="laugh"/>
   <w nite:id="Bed006.w.10,992" starttime="2856.46" endtime="2856.8" c="W">Yeah</w>
   <w nite:id="Bed006.w.10,993" starttime="2856.8" endtime="2856.8" c=".">.</w>
   <w nite:id="Bed006.w.11,018" starttime="2861.11" endtime="2861.19" c="W">Yeah</w>
   <w nite:id="Bed006.w.11,019" starttime="2861.19" endtime="2861.28" c="W">I</w>
   <w nite:id="Bed006.w.11,020" starttime="2861.28" endtime="2861.55" c="W">mean</w>
   <w nite:id="Bed006.w.11,021" starttime="2861.55" endtime="2861.79" c="W">but</w>
   <w nite:id="Bed006.w.11,022" starttime="2861.79" endtime="" c="W">there</w>
   <w nite:id="Bed006.w.11,023" starttime="" endtime="2862.33" c="APOSS">'s</w>
   <w nite:id="Bed006.w.11,024" starttime="2862.33" endtime="2862.45" c="W">a</w>
   <w nite:id="Bed006.w.11,025" starttime="2862.45" endtime="2862.64" c="W">good</w>
   <w nite:id="Bed006.w.11,026" starttime="2862.64" endtime="2862.96" c="W">question</w>
   <w nite:id="Bed006.w.11,027" starttime="2862.96" endtime="2863.1" c="W">here</w>
   <w nite:id="Bed006.w.11,028" starttime="2863.1" endtime="2863.1" c=".">.</w>
   <w nite:id="Bed006.w.11,029" starttime="2863.1" endtime="2863.33" c="W">Like</w>
   <w nite:id="Bed006.w.11,030" starttime="2863.33" endtime="2863.33" c="CM">,</w>
   <w nite:id="Bed006.w.11,031" starttime="2863.33" endtime="2863.39" c="W">I</w>
   <w nite:id="Bed006.w.11,032" starttime="2863.39" endtime="2863.77" c="W">mean</w>
   <w nite:id="Bed006.w.11,033" starttime="2863.77" endtime="2864.43" c="W">uh</w>
   <w nite:id="Bed006.w.11,034" starttime="2864.9" endtime="2864.99" c="W">do</w>
   <w nite:id="Bed006.w.11,035" starttime="2864.99" endtime="2865.69" c="W">you</w>
   <disfmarker nite:id="Bed006.disfmarker.449" starttime="" endtime=""/>
   <w nite:id="Bed006.w.11,036" starttime="2866.92" endtime="2867.15" c="W">When</w>
   <w nite:id="Bed006.w.11,037" starttime="2867.15" endtime="2867.21" c="W">do</w>
   <w nite:id="Bed006.w.11,038" starttime="2867.21" endtime="2867.35" c="W">you</w>
   <w nite:id="Bed006.w.11,039" starttime="2867.35" endtime="2867.78" c="W">need</w>
   <disfmarker nite:id="Bed006.disfmarker.450" starttime="" endtime=""/>
   <w nite:id="Bed006.w.11,040" starttime="" endtime="" c="W">Hhh</w>
   <w nite:id="Bed006.w.11,041" starttime="2867.78" endtime="2867.78" c=".">.</w>
   <comment nite:id="Bed006.comment.43" starttime="" endtime="" description="vocal gesture, expressing frustration"/>
   <w nite:id="Bed006.w.11,042" starttime="2869.68" endtime="2869.81" c="W">Damn</w>
   <w nite:id="Bed006.w.11,043" starttime="2869.81" endtime="2869.96" c="W">this</w>
   <w nite:id="Bed006.w.11,044" starttime="2869.96" endtime="2870.31" c="W">headset</w>
   <w nite:id="Bed006.w.11,045" starttime="2870.31" endtime="2870.31" c=".">!</w>
   <vocalsound nite:id="Bed006.vocalsound.373" starttime="" endtime="" description="inbreath"/>
   <w nite:id="Bed006.w.11,046" starttime="2870.66" endtime="2870.88" c="W">When</w>
   <w nite:id="Bed006.w.11,047" starttime="2870.88" endtime="2871.33" c="W">you</w>
   <w nite:id="Bed006.w.11,048" starttime="2871.33" endtime="2871.65" c="W">this</w>
   <w nite:id="Bed006.w.11,049" starttime="2871.65" endtime="2872.36" c="W">uh</w>
   <w nite:id="Bed006.w.11,050" starttime="2872.36" endtime="2872.36" c="CM">,</w>
   <w nite:id="Bed006.w.11,051" starttime="2872.36" endtime="2872.74" c="W">eh</w>
   <disfmarker nite:id="Bed006.disfmarker.451" starttime="" endtime=""/>
   <w nite:id="Bed006.w.11,054" starttime="2873.19" endtime="2873.25" c="W">Yeah</w>
   <w nite:id="Bed006.w.11,055" starttime="2873.25" endtime="2873.25" c=".">.</w>
   <comment nite:id="Bed006.comment.44" starttime="" endtime="" description="while laughing"/>
   <w nite:id="Bed006.w.11,056" starttime="2873.43" endtime="" c="W">That</w>
   <w nite:id="Bed006.w.11,057" starttime="" endtime="2873.62" c="APOSS">'s</w>
   <w nite:id="Bed006.w.11,058" starttime="2873.62" endtime="2873.73" c="W">all</w>
   <w nite:id="Bed006.w.11,059" starttime="2873.73" endtime="2874.23" c="W">recorded</w>
   <w nite:id="Bed006.w.11,060" starttime="2874.23" endtime="2874.23" c=".">.</w>
   <comment nite:id="Bed006.comment.45" starttime="" endtime="" description="while laughing"/>
   <vocalsound nite:id="Bed006.vocalsound.378" starttime="" endtime="" description="laugh"/>
   <w nite:id="Bed006.w.11,061" starttime="2874.76" endtime="2875.26" c="W">Um</w>
   <w nite:id="Bed006.w.11,062" starttime="2875.26" endtime="2875.26" c=".">.</w>
   <w nite:id="Bed006.w.11,073" starttime="2876.53" endtime="2876.81" c="W">Why</w>
   <w nite:id="Bed006.w.11,074" starttime="2876.81" endtime="2876.89" c="W">do</w>
   <w nite:id="Bed006.w.11,075" starttime="2876.89" endtime="2877.09" c="W">you</w>
   <disfmarker nite:id="Bed006.disfmarker.452" starttime="" endtime=""/>
   <w nite:id="Bed006.w.11,076" starttime="" endtime="" c="W">Hhh</w>
   <w nite:id="Bed006.w.11,077" starttime="2877.09" endtime="2877.09" c=".">.</w>
   <comment nite:id="Bed006.comment.47" starttime="" endtime="" description="vocal gesture, difficulty"/>
   <w nite:id="Bed006.w.11,078" starttime="2877.9" endtime="2877.99" c="W">I</w>
   <w nite:id="Bed006.w.11,079" starttime="2877.99" endtime="2878.13" c="W">don't</w>
   <w nite:id="Bed006.w.11,080" starttime="2878.13" endtime="2878.27" c="W">know</w>
   <w nite:id="Bed006.w.11,081" starttime="2878.27" endtime="2878.27" c=".">.</w>
   <w nite:id="Bed006.w.11,082" starttime="2878.27" endtime="2878.53" c="W">Like</w>
   <disfmarker nite:id="Bed006.disfmarker.453" starttime="" endtime=""/>
   <w nite:id="Bed006.w.11,083" starttime="2879.71" endtime="2879.81" c="W">How</w>
   <w nite:id="Bed006.w.11,084" starttime="2879.81" endtime="2879.88" c="W">do</w>
   <w nite:id="Bed006.w.11,085" starttime="2879.88" endtime="2880.13" c="W">I</w>
   <disfmarker nite:id="Bed006.disfmarker.454" starttime="" endtime=""/>
   <w nite:id="Bed006.w.11,086" starttime="2880.12" endtime="2880.28" c="W">how</w>
   <w nite:id="Bed006.w.11,087" starttime="2880.29" endtime="2880.35" c="W">do</w>
   <w nite:id="Bed006.w.11,088" starttime="2880.35" endtime="2880.44" c="W">I</w>
   <w nite:id="Bed006.w.11,089" starttime="2880.44" endtime="2880.65" c="W">come</w>
   <w nite:id="Bed006.w.11,090" starttime="2880.64" endtime="2880.75" c="W">at</w>
   <w nite:id="Bed006.w.11,091" starttime="2880.76" endtime="2880.88" c="W">this</w>
   <w nite:id="Bed006.w.11,092" starttime="2880.88" endtime="2881.18" c="W">question</w>
   <w nite:id="Bed006.w.11,093" starttime="2881.18" endtime="2881.18" c=".">?</w>
   <comment nite:id="Bed006.comment.48" starttime="" endtime="" description="embedded"/>
   <w nite:id="Bed006.w.11,094" starttime="2881.64" endtime="2882.0" c="W">Um</w>
   <w nite:id="Bed006.w.11,095" starttime="2882.0" endtime="2882.0" c=".">.</w>
   <w nite:id="Bed006.w.11,096" starttime="2883.24" endtime="2883.33" c="W">I</w>
   <w nite:id="Bed006.w.11,097" starttime="2883.33" endtime="2883.51" c="W">just</w>
   <w nite:id="Bed006.w.11,098" starttime="2883.51" endtime="2883.76" c="W">don't</w>
   <w nite:id="Bed006.w.11,099" starttime="2883.76" endtime="2884.14" c="W">see</w>
   <w nite:id="Bed006.w.11,100" starttime="2884.14" endtime="2884.48" c="W">why</w>
   <w nite:id="Bed006.w.11,101" starttime="2884.48" endtime="2884.63" c="W">you</w>
   <w nite:id="Bed006.w.11,102" starttime="2884.63" endtime="2884.95" c="W">would</w>
   <disfmarker nite:id="Bed006.disfmarker.455" starttime="" endtime=""/>
   <w nite:id="Bed006.w.11,103" starttime="2885.37" endtime="2885.45" c="W">I</w>
   <w nite:id="Bed006.w.11,104" starttime="2885.45" endtime="2885.65" c="W">mean</w>
   <w nite:id="Bed006.w.11,105" starttime="2885.65" endtime="2885.95" c="W">does</w>
   <w nite:id="Bed006.w.11,106" starttime="2885.95" endtime="2886.21" c="TRUNCW">th</w>
   <w nite:id="Bed006.w.11,107" starttime="2887.27" endtime="2887.36" c="W">Who</w>
   <w nite:id="Bed006.w.11,108" starttime="2887.36" endtime="2887.86" c="W">uses</w>
   <w nite:id="Bed006.w.11,109" starttime="2887.86" endtime="2888.3" c="W">this</w>
   <w nite:id="Bed006.w.11,110" starttime="2888.3" endtime="2888.69" c="W">uh</w>
   <disfmarker nite:id="Bed006.disfmarker.456" starttime="" endtime=""/>
   <w nite:id="Bed006.w.11,111" starttime="2888.69" endtime="2889.0" c="W">this</w>
   <w nite:id="Bed006.w.11,112" starttime="2889.06" endtime="2889.37" c="W">data</w>
   <w nite:id="Bed006.w.11,113" starttime="2889.37" endtime="2889.89" c="W">structure</w>
   <w nite:id="Bed006.w.11,114" starttime="2889.89" endtime="2889.89" c=".">?</w>
   <w nite:id="Bed006.w.11,115" starttime="2889.99" endtime="2890.08" c="W">You</w>
   <w nite:id="Bed006.w.11,116" starttime="2890.08" endtime="2890.23" c="W">know</w>
   <w nite:id="Bed006.w.11,117" starttime="2890.23" endtime="2890.23" c=".">?</w>
   <w nite:id="Bed006.w.11,118" starttime="2890.23" endtime="2890.46" c="W">Like</w>
   <w nite:id="Bed006.w.11,119" starttime="2890.46" endtime="2890.46" c="CM">,</w>
   <w nite:id="Bed006.w.11,120" starttime="2890.46" endtime="2890.52" c="W">do</w>
   <w nite:id="Bed006.w.11,121" starttime="2890.52" endtime="2890.59" c="W">you</w>
   <w nite:id="Bed006.w.11,122" starttime="2890.59" endtime="2890.79" c="W">say</w>
   <w nite:id="Bed006.w.11,123" starttime="" endtime="" c="LQUOTE" qut="D">"</w>
   <w nite:id="Bed006.w.11,124" starttime="2890.79" endtime="2891.13" c="W">alright</w>
   <w nite:id="Bed006.w.11,125" starttime="2891.13" endtime="" c="W">I</w>
   <w nite:id="Bed006.w.11,126" starttime="" endtime="2891.34" c="W">'m</w>
   <w nite:id="Bed006.w.11,127" starttime="2891.34" endtime="2891.66" c="W">going</w>
   <w nite:id="Bed006.w.11,128" starttime="2891.66" endtime="2892.2" c="W">to</w>
   <w nite:id="Bed006.w.11,129" starttime="2892.2" endtime="2892.74" c="W">uh</w>
   <disfmarker nite:id="Bed006.disfmarker.457" starttime="" endtime=""/>
   <pause nite:id="Bed006.pause.11" starttime="" endtime="2893.8"/>
   <w nite:id="Bed006.w.11,130" starttime="2893.8" endtime="2894.11" c="W">do</w>
   <w nite:id="Bed006.w.11,131" starttime="2894.11" endtime="2894.34" c="W">an</w>
   <w nite:id="Bed006.w.11,132" starttime="2894.34" endtime="2895.03" t="PLET" c="W">SPG</w>
   <w nite:id="Bed006.w.11,133" starttime="2895.03" endtime="2895.69" c="W">action</w>
   <w nite:id="Bed006.w.11,134" starttime="2895.69" endtime="2895.69" c="RQUOTE" qut="D">"</w>
   <w nite:id="Bed006.w.11,135" starttime="2895.69" endtime="2895.69" c=".">.</w>
   <w nite:id="Bed006.w.11,136" starttime="2895.88" endtime="2896.11" c="W">And</w>
   <w nite:id="Bed006.w.11,137" starttime="2896.11" endtime="2896.35" c="W">then</w>
   <w nite:id="Bed006.w.11,138" starttime="2896.35" endtime="2896.69" c="W">you</w>
   <w nite:id="Bed006.w.11,139" starttime="2896.69" endtime="2896.89" c="W">know</w>
   <w nite:id="Bed006.w.11,140" starttime="2896.89" endtime="2897.27" c="W">somebody</w>
   <w nite:id="Bed006.w.11,141" starttime="2897.27" endtime="2897.55" c="TRUNCW">ne</w>
   <w nite:id="Bed006.w.11,142" starttime="2897.55" endtime="2897.94" c="W">either</w>
   <w nite:id="Bed006.w.11,143" starttime="2897.94" endtime="2898.02" c="W">the</w>
   <w nite:id="Bed006.w.11,144" starttime="2898.02" endtime="2898.46" c="W">computer</w>
   <w nite:id="Bed006.w.11,145" starttime="2898.46" endtime="2898.49" c="W">or</w>
   <w nite:id="Bed006.w.11,146" starttime="2898.49" endtime="2898.59" c="W">the</w>
   <w nite:id="Bed006.w.11,147" starttime="2898.59" endtime="2898.96" c="W">user</w>
   <w nite:id="Bed006.w.11,148" starttime="2898.96" endtime="2899.18" c="W">says</w>
   <w nite:id="Bed006.w.11,149" starttime="" endtime="" c="LQUOTE" qut="D">"</w>
   <w nite:id="Bed006.w.11,150" starttime="2899.34" endtime="2899.57" c="W">alright</w>
   <w nite:id="Bed006.w.11,151" starttime="2899.57" endtime="2899.57" c="CM">,</w>
   <w nite:id="Bed006.w.11,152" starttime="2899.57" endtime="2899.72" c="W">well</w>
   <w nite:id="Bed006.w.11,153" starttime="2899.72" endtime="2899.72" c="CM">,</w>
   <w nite:id="Bed006.w.11,154" starttime="2899.72" endtime="2899.79" c="W">I</w>
   <w nite:id="Bed006.w.11,155" starttime="2899.79" endtime="2899.94" c="W">know</w>
   <w nite:id="Bed006.w.11,156" starttime="2899.94" endtime="2900.04" c="W">I</w>
   <w nite:id="Bed006.w.11,157" starttime="2900.04" endtime="2900.23" c="W">want</w>
   <w nite:id="Bed006.w.11,158" starttime="2900.23" endtime="2900.29" c="W">to</w>
   <w nite:id="Bed006.w.11,159" starttime="2900.29" endtime="2900.43" c="W">do</w>
   <w nite:id="Bed006.w.11,160" starttime="2900.43" endtime="2900.49" c="W">a</w>
   <w nite:id="Bed006.w.11,161" starttime="2900.49" endtime="" c="W">Source</w>
   <w nite:id="Bed006.w.11,162" starttime="" endtime="" c="HYPH">-</w>
   <w nite:id="Bed006.w.11,163" starttime="" endtime="" c="W">Path</w>
   <w nite:id="Bed006.w.11,164" starttime="" endtime="" c="HYPH">-</w>
   <w nite:id="Bed006.w.11,165" starttime="" endtime="2901.29" c="W">Goal</w>
   <w nite:id="Bed006.w.11,166" starttime="2901.29" endtime="2901.69" c="W">action</w>
   <w nite:id="Bed006.w.11,167" starttime="2901.69" endtime="2901.97" c="W">so</w>
   <w nite:id="Bed006.w.11,168" starttime="2901.97" endtime="2902.21" c="W">what</w>
   <w nite:id="Bed006.w.11,169" starttime="2902.21" endtime="2902.27" c="W">are</w>
   <w nite:id="Bed006.w.11,170" starttime="2902.27" endtime="2902.46" c="W">my</w>
   <w nite:id="Bed006.w.11,171" starttime="2902.46" endtime="2902.96" c="W">choices</w>
   <w nite:id="Bed006.w.11,172" starttime="2902.96" endtime="2903.26" c="W">among</w>
   <w nite:id="Bed006.w.11,173" starttime="2903.26" endtime="2903.54" c="W">that</w>
   <w nite:id="Bed006.w.11,174" starttime="2903.54" endtime="2903.54" c=".">?</w>
   <w nite:id="Bed006.w.11,175" starttime="" endtime="" c="RQUOTE" qut="D">"</w>
   <w nite:id="Bed006.w.11,176" starttime="2903.93" endtime="2904.15" c="W">And</w>
   <w nite:id="Bed006.w.11,177" starttime="" endtime="" c="LQUOTE" qut="D">"</w>
   <w nite:id="Bed006.w.11,178" starttime="2904.15" endtime="2904.38" c="W">oh</w>
   <w nite:id="Bed006.w.11,179" starttime="2904.38" endtime="2904.38" c="CM">,</w>
   <w nite:id="Bed006.w.11,180" starttime="2904.38" endtime="2904.61" t="PLET" c="W">OK</w>
   <w nite:id="Bed006.w.11,181" starttime="2904.61" endtime="2904.61" c="CM">,</w>
   <w nite:id="Bed006.w.11,182" starttime="2904.61" endtime="2904.73" c="W">so</w>
   <w nite:id="Bed006.w.11,183" starttime="2904.73" endtime="2904.77" c="W">I</w>
   <w nite:id="Bed006.w.11,184" starttime="2904.77" endtime="2904.92" c="W">can</w>
   <w nite:id="Bed006.w.11,185" starttime="2904.92" endtime="2905.02" c="W">do</w>
   <w nite:id="Bed006.w.11,186" starttime="2905.02" endtime="2905.1" c="W">an</w>
   <w nite:id="Bed006.w.11,187" starttime="2905.1" endtime="" c="W">Enter</w>
   <w nite:id="Bed006.w.11,188" starttime="" endtime="" c="HYPH">-</w>
   <w nite:id="Bed006.w.11,189" starttime="" endtime="" c="W">View</w>
   <w nite:id="Bed006.w.11,190" starttime="" endtime="" c="HYPH">-</w>
   <w nite:id="Bed006.w.11,191" starttime="" endtime="2905.83" c="W">Approach</w>
   <w nite:id="Bed006.w.11,192" starttime="2905.83" endtime="2905.83" c="RQUOTE" qut="D">"</w>
   <w nite:id="Bed006.w.11,193" starttime="2905.83" endtime="2905.83" c=".">.</w>
   <w nite:id="Bed006.w.11,194" starttime="2905.83" endtime="" c="W">It</w>
   <w nite:id="Bed006.w.11,195" starttime="" endtime="2905.97" c="APOSS">'s</w>
   <w nite:id="Bed006.w.11,196" starttime="2905.97" endtime="2906.16" c="W">not</w>
   <w nite:id="Bed006.w.11,197" starttime="2906.16" endtime="2906.38" c="W">like</w>
   <w nite:id="Bed006.w.11,198" starttime="2906.38" endtime="2906.59" c="W">that</w>
   <w nite:id="Bed006.w.11,199" starttime="2906.59" endtime="2906.59" c="CM">,</w>
   <w nite:id="Bed006.w.11,200" starttime="2906.59" endtime="2906.82" c="W">right</w>
   <w nite:id="Bed006.w.11,201" starttime="2906.82" endtime="2906.82" c=".">?</w>
   <w nite:id="Bed006.w.11,202" starttime="2907.09" endtime="" c="W">It</w>
   <w nite:id="Bed006.w.11,203" starttime="" endtime="2907.23" c="APOSS">'s</w>
   <w nite:id="Bed006.w.11,204" starttime="2907.23" endtime="2907.38" c="W">more</w>
   <w nite:id="Bed006.w.11,205" starttime="2907.38" endtime="2907.54" c="W">like</w>
   <w nite:id="Bed006.w.11,206" starttime="2907.54" endtime="2907.61" c="W">you</w>
   <w nite:id="Bed006.w.11,207" starttime="2907.61" endtime="2907.8" c="W">say</w>
   <w nite:id="Bed006.w.11,208" starttime="" endtime="" c="LQUOTE" qut="D">"</w>
   <w nite:id="Bed006.w.11,209" starttime="2907.8" endtime="2907.96" c="W">I</w>
   <w nite:id="Bed006.w.11,210" starttime="2907.96" endtime="2908.26" c="W">want</w>
   <w nite:id="Bed006.w.11,211" starttime="2908.26" endtime="2908.63" c="W">to</w>
   <w nite:id="Bed006.w.11,212" starttime="2908.63" endtime="2908.63" c="CM">,</w>
   <w nite:id="Bed006.w.11,213" starttime="2908.63" endtime="2909.07" c="W">uh</w>
   <disfmarker nite:id="Bed006.disfmarker.458" starttime="" endtime=""/>
   <pause nite:id="Bed006.pause.12" starttime="" endtime="2909.91"/>
   <w nite:id="Bed006.w.11,214" starttime="2909.91" endtime="2910.0" c="W">I</w>
   <w nite:id="Bed006.w.11,215" starttime="2910.0" endtime="2910.21" c="W">want</w>
   <w nite:id="Bed006.w.11,216" starttime="2910.21" endtime="2910.27" c="W">to</w>
   <w nite:id="Bed006.w.11,217" starttime="2910.27" endtime="2910.44" c="W">do</w>
   <w nite:id="Bed006.w.11,218" starttime="2910.44" endtime="2910.53" c="W">an</w>
   <w nite:id="Bed006.w.11,219" starttime="2910.53" endtime="2910.94" c="W">Enter</w>
   <w nite:id="Bed006.w.11,220" starttime="2910.94" endtime="2910.94" c=".">.</w>
   <w nite:id="Bed006.w.11,221" starttime="" endtime="" c="RQUOTE" qut="D">"</w>
   <w nite:id="Bed006.w.11,222" starttime="2910.94" endtime="2911.08" c="W">And</w>
   <w nite:id="Bed006.w.11,223" starttime="2911.08" endtime="2911.18" c="W">then</w>
   <w nite:id="Bed006.w.11,224" starttime="2911.18" endtime="" c="W">you</w>
   <w nite:id="Bed006.w.11,225" starttime="" endtime="2911.29" c="W">'re</w>
   <w nite:id="Bed006.w.11,226" starttime="2911.29" endtime="2911.47" c="W">more</w>
   <w nite:id="Bed006.w.11,227" starttime="2911.47" endtime="2911.81" c="W">interested</w>
   <w nite:id="Bed006.w.11,228" starttime="2911.81" endtime="2911.91" c="W">in</w>
   <w nite:id="Bed006.w.11,229" starttime="2911.91" endtime="2912.15" c="W">knowing</w>
   <w nite:id="Bed006.w.11,230" starttime="2912.15" endtime="2912.29" c="W">what</w>
   <w nite:id="Bed006.w.11,231" starttime="2912.29" endtime="2912.35" c="W">the</w>
   <w nite:id="Bed006.w.11,232" starttime="2912.35" endtime="2912.68" c="W">parent</w>
   <w nite:id="Bed006.w.11,233" starttime="2912.68" endtime="2913.25" c="W">categories</w>
   <w nite:id="Bed006.w.11,234" starttime="2913.25" endtime="2913.5" c="W">are</w>
   <w nite:id="Bed006.w.11,235" starttime="2913.5" endtime="2913.59" c="W">of</w>
   <w nite:id="Bed006.w.11,236" starttime="2913.59" endtime="2913.78" c="W">that</w>
   <w nite:id="Bed006.w.11,237" starttime="2913.78" endtime="2913.78" c=".">.</w>
   <w nite:id="Bed006.w.11,242" starttime="2914.41" endtime="2914.67" c="W">Right</w>
   <w nite:id="Bed006.w.11,243" starttime="2914.67" endtime="2914.67" c=".">?</w>
   <w nite:id="Bed006.w.11,244" starttime="2914.67" endtime="2914.88" c="W">So</w>
   <w nite:id="Bed006.w.11,245" starttime="2914.88" endtime="2915.15" c="W">that</w>
   <w nite:id="Bed006.w.11,246" starttime="2915.4" endtime="2915.57" c="W">the</w>
   <w nite:id="Bed006.w.11,247" starttime="2915.57" endtime="2915.8" c="W">um</w>
   <disfmarker nite:id="Bed006.disfmarker.460" starttime="" endtime=""/>
   <w nite:id="Bed006.w.11,248" starttime="2915.8" endtime="2916.17" c="W">the</w>
   <w nite:id="Bed006.w.11,249" starttime="2916.3" endtime="2916.82" c="W">uh</w>
   <w nite:id="Bed006.w.11,250" starttime="2917.13" endtime="2917.3" c="W">sort</w>
   <w nite:id="Bed006.w.11,251" starttime="2917.3" endtime="2917.36" c="W">of</w>
   <w nite:id="Bed006.w.11,252" starttime="2917.36" endtime="2917.96" c="W">representation</w>
   <w nite:id="Bed006.w.11,253" starttime="2917.96" endtime="2918.05" c="W">that</w>
   <w nite:id="Bed006.w.11,254" starttime="2918.05" endtime="2918.16" c="W">you</w>
   <w nite:id="Bed006.w.11,255" starttime="2918.16" endtime="2918.28" c="W">were</w>
   <w nite:id="Bed006.w.11,256" starttime="2918.28" endtime="2918.43" c="W">just</w>
   <w nite:id="Bed006.w.11,257" starttime="2918.43" endtime="2918.78" c="W">talking</w>
   <w nite:id="Bed006.w.11,258" starttime="2918.78" endtime="2919.05" c="W">about</w>
   <w nite:id="Bed006.w.11,259" starttime="2919.05" endtime="2919.4" c="W">seems</w>
   <w nite:id="Bed006.w.11,260" starttime="2919.4" endtime="2919.61" c="W">more</w>
   <w nite:id="Bed006.w.11,261" starttime="2919.61" endtime="2920.02" c="W">relevant</w>
   <w nite:id="Bed006.w.11,262" starttime="2920.02" endtime="2920.1" c="W">to</w>
   <w nite:id="Bed006.w.11,263" starttime="2920.1" endtime="2920.19" c="W">the</w>
   <w nite:id="Bed006.w.11,264" starttime="2920.19" endtime="2920.4" c="W">kinds</w>
   <w nite:id="Bed006.w.11,265" starttime="2920.4" endtime="2920.47" c="W">of</w>
   <w nite:id="Bed006.w.11,266" starttime="2920.47" endtime="2920.63" c="W">things</w>
   <w nite:id="Bed006.w.11,267" starttime="2920.63" endtime="2920.7" c="W">you</w>
   <w nite:id="Bed006.w.11,268" starttime="2920.7" endtime="2920.79" c="W">would</w>
   <w nite:id="Bed006.w.11,269" starttime="2920.79" endtime="2920.89" c="W">have</w>
   <w nite:id="Bed006.w.11,270" starttime="2920.89" endtime="2921.0" c="W">to</w>
   <w nite:id="Bed006.w.11,271" starttime="2921.0" endtime="2921.24" c="W">do</w>
   <w nite:id="Bed006.w.11,272" starttime="2921.24" endtime="2921.24" c=".">?</w>
   <w nite:id="Bed006.w.11,308" starttime="2926.37" endtime="2926.75" t="PLET" c="W">OK</w>
   <w nite:id="Bed006.w.11,309" starttime="2926.75" endtime="2926.75" c=".">.</w>
   <w nite:id="Bed006.w.11,329" starttime="2930.88" endtime="2931.21" t="PLET" c="W">OK</w>
   <w nite:id="Bed006.w.11,330" starttime="2931.21" endtime="2931.21" c=".">.</w>
   <w nite:id="Bed006.w.11,339" starttime="2934.48" endtime="2934.85" t="PLET" c="W">OK</w>
   <w nite:id="Bed006.w.11,340" starttime="2934.85" endtime="2934.85" c=".">.</w>
   <w nite:id="Bed006.w.11,368" starttime="2943.55" endtime="2943.85" c="W">Mayb</w>
   <w nite:id="Bed006.w.11,369" starttime="" endtime="" c="SYM">-</w>
   <w nite:id="Bed006.w.11,387" starttime="2945.45" endtime="2945.54" c="W">Well</w>
   <w nite:id="Bed006.w.11,388" starttime="2945.54" endtime="2945.74" c="W">maybe</w>
   <w nite:id="Bed006.w.11,389" starttime="2945.74" endtime="" c="W">I</w>
   <w nite:id="Bed006.w.11,390" starttime="" endtime="2945.83" c="W">'m</w>
   <w nite:id="Bed006.w.11,391" starttime="2945.83" endtime="2945.98" c="W">not</w>
   <w nite:id="Bed006.w.11,392" starttime="2945.98" endtime="2946.61" c="W">understanding</w>
   <w nite:id="Bed006.w.11,393" starttime="2946.61" endtime="2946.79" c="W">where</w>
   <w nite:id="Bed006.w.11,394" starttime="2946.79" endtime="2946.95" c="W">this</w>
   <w nite:id="Bed006.w.11,395" starttime="2946.95" endtime="2947.22" c="W">comes</w>
   <w nite:id="Bed006.w.11,396" starttime="2947.22" endtime="2947.42" c="W">from</w>
   <w nite:id="Bed006.w.11,397" starttime="2947.42" endtime="2947.51" c="W">and</w>
   <w nite:id="Bed006.w.11,398" starttime="2947.51" endtime="2947.66" c="W">where</w>
   <w nite:id="Bed006.w.11,399" starttime="2947.66" endtime="2947.84" c="W">this</w>
   <w nite:id="Bed006.w.11,400" starttime="2947.84" endtime="2948.15" c="W">goes</w>
   <w nite:id="Bed006.w.11,401" starttime="2948.15" endtime="2948.42" c="W">to</w>
   <w nite:id="Bed006.w.11,402" starttime="2948.42" endtime="2948.42" c=".">.</w>
   <w nite:id="Bed006.w.11,403" starttime="2948.62" endtime="2948.72" c="W">What</w>
   <w nite:id="Bed006.w.11,404" starttime="2948.72" endtime="2948.76" c="W">are</w>
   <w nite:id="Bed006.w.11,405" starttime="2948.76" endtime="2948.86" c="W">we</w>
   <w nite:id="Bed006.w.11,406" starttime="2948.86" endtime="2949.12" c="W">doing</w>
   <w nite:id="Bed006.w.11,407" starttime="2949.12" endtime="2949.27" c="W">with</w>
   <w nite:id="Bed006.w.11,408" starttime="2949.27" endtime="2949.36" c="W">this</w>
   <w nite:id="Bed006.w.11,409" starttime="2949.36" endtime="2949.36" c=".">?</w>
   <w nite:id="Bed006.w.11,448" starttime="2954.33" endtime="2954.43" c="W">In</w>
   <w nite:id="Bed006.w.11,449" starttime="2954.43" endtime="2954.83" c="W">principle</w>
   <w nite:id="Bed006.w.11,450" starttime="2954.83" endtime="2954.83" c=".">.</w>
   <vocalsound nite:id="Bed006.vocalsound.388" starttime="" endtime="" description="laugh"/>
   <vocalsound nite:id="Bed006.vocalsound.391" starttime="" endtime="" description="laugh"/>
   <vocalsound nite:id="Bed006.vocalsound.398" starttime="" endtime="" description="laugh"/>
   <w nite:id="Bed006.w.11,553" starttime="2985.87" endtime="2986.28" c="W">Sigh</w>
   <w nite:id="Bed006.w.11,554" starttime="2986.28" endtime="2986.28" c=".">.</w>
   <comment nite:id="Bed006.comment.52" starttime="" endtime="" description="metacomment"/>
   <w nite:id="Bed006.w.11,602" starttime="3002.72" endtime="3002.95" c="W">Right</w>
   <w nite:id="Bed006.w.11,603" starttime="3002.95" endtime="3002.95" c=".">.</w>
   <vocalsound nite:id="Bed006.vocalsound.399" starttime="" endtime="" description="laugh"/>
   <w nite:id="Bed006.w.11,628" starttime="3009.63" endtime="3009.95" c="W">Yeah</w>
   <w nite:id="Bed006.w.11,629" starttime="3009.95" endtime="3009.95" c=".">.</w>
   <w nite:id="Bed006.w.11,630" starttime="3010.67" endtime="3010.95" c="W">Yeah</w>
   <w nite:id="Bed006.w.11,631" starttime="3010.95" endtime="3010.95" c=".">.</w>
   <vocalsound nite:id="Bed006.vocalsound.406" starttime="" endtime="" description="laugh"/>
   <w nite:id="Bed006.w.11,646" starttime="3017.6" endtime="3017.69" c="W">In</w>
   <w nite:id="Bed006.w.11,647" starttime="3017.69" endtime="3017.88" c="W">my</w>
   <w nite:id="Bed006.w.11,648" starttime="3017.88" endtime="3018.09" c="W">view</w>
   <w nite:id="Bed006.w.11,649" starttime="3018.09" endtime="3018.09" c=".">.</w>
   <vocalsound nite:id="Bed006.vocalsound.409" starttime="" endtime="" description="laugh"/>
   <w nite:id="Bed006.w.11,673" starttime="3026.58" endtime="" c="W">Mm</w>
   <w nite:id="Bed006.w.11,674" starttime="" endtime="" c="HYPH">-</w>
   <w nite:id="Bed006.w.11,675" starttime="" endtime="3026.87" c="W">hmm</w>
   <w nite:id="Bed006.w.11,676" starttime="3026.87" endtime="3026.87" c=".">.</w>
   <w nite:id="Bed006.w.11,693" starttime="3031.59" endtime="" c="W">Mm</w>
   <w nite:id="Bed006.w.11,694" starttime="" endtime="" c="HYPH">-</w>
   <w nite:id="Bed006.w.11,695" starttime="" endtime="3031.93" c="W">hmm</w>
   <w nite:id="Bed006.w.11,696" starttime="3031.93" endtime="3031.93" c=".">.</w>
   <w nite:id="Bed006.w.11,717" starttime="3035.4" endtime="" c="W">Mm</w>
   <w nite:id="Bed006.w.11,718" starttime="" endtime="" c="HYPH">-</w>
   <w nite:id="Bed006.w.11,719" starttime="" endtime="3035.78" c="W">hmm</w>
   <w nite:id="Bed006.w.11,720" starttime="3035.78" endtime="3035.78" c=".">.</w>
   <w nite:id="Bed006.w.11,721" starttime="3038.56" endtime="3039.18" c="W">Yeah</w>
   <w nite:id="Bed006.w.11,722" starttime="3039.18" endtime="3039.18" c=".">.</w>
   <w nite:id="Bed006.w.11,753" starttime="3042.26" endtime="3042.54" c="W">Yeah</w>
   <w nite:id="Bed006.w.11,754" starttime="3042.54" endtime="3042.54" c=".">.</w>
   <nonvocalsound nite:id="Bed006.nonvocalsound.11" starttime="" endtime="" description="mike noise"/>
   <w nite:id="Bed006.w.11,792" starttime="3050.06" endtime="3050.46" c="W">Again</w>
   <disfmarker nite:id="Bed006.disfmarker.493" starttime="" endtime=""/>
   <vocalsound nite:id="Bed006.vocalsound.410" starttime="" endtime="" description="inbreath"/>
   <w nite:id="Bed006.w.12,025" starttime="3110.61" endtime="3110.98" c="W">Well</w>
   <disfmarker nite:id="Bed006.disfmarker.506" starttime="" endtime=""/>
   <w nite:id="Bed006.w.12,045" starttime="3115.52" endtime="3115.68" c="W">I</w>
   <disfmarker nite:id="Bed006.disfmarker.509" starttime="" endtime=""/>
   <w nite:id="Bed006.w.12,046" starttime="3115.89" endtime="3116.04" c="W">I</w>
   <w nite:id="Bed006.w.12,047" starttime="3116.04" endtime="3116.22" c="W">would</w>
   <w nite:id="Bed006.w.12,048" starttime="3116.22" endtime="3116.46" c="W">just</w>
   <w nite:id="Bed006.w.12,049" starttime="3116.46" endtime="3116.67" c="W">like</w>
   <w nite:id="Bed006.w.12,050" starttime="3116.67" endtime="3116.82" c="W">to</w>
   <w nite:id="Bed006.w.12,051" starttime="3116.82" endtime="3117.32" c="W">ask</w>
   <w nite:id="Bed006.w.12,052" starttime="3117.32" endtime="3117.69" c="W">um</w>
   <w nite:id="Bed006.w.12,053" starttime="3117.69" endtime="3118.01" c="W">like</w>
   <w nite:id="Bed006.w.12,054" starttime="3118.01" endtime="3118.01" c="CM">,</w>
   <w nite:id="Bed006.w.12,055" starttime="3118.01" endtime="3118.27" c="W">if</w>
   <w nite:id="Bed006.w.12,056" starttime="3118.27" endtime="3118.36" c="W">it</w>
   <w nite:id="Bed006.w.12,057" starttime="3118.36" endtime="3118.68" c="W">could</w>
   <w nite:id="Bed006.w.12,058" starttime="3118.94" endtime="3119.31" c="W">happen</w>
   <w nite:id="Bed006.w.12,059" starttime="3119.31" endtime="3119.42" c="W">for</w>
   <w nite:id="Bed006.w.12,060" starttime="3119.42" endtime="3119.66" c="W">next</w>
   <w nite:id="Bed006.w.12,061" starttime="3119.66" endtime="3119.83" c="W">time</w>
   <w nite:id="Bed006.w.12,062" starttime="3119.83" endtime="3119.83" c="CM">,</w>
   <w nite:id="Bed006.w.12,063" starttime="3119.83" endtime="3119.88" c="W">I</w>
   <w nite:id="Bed006.w.12,064" starttime="3119.88" endtime="3120.13" c="W">mean</w>
   <w nite:id="Bed006.w.12,065" starttime="3120.13" endtime="3120.13" c="CM">,</w>
   <w nite:id="Bed006.w.12,066" starttime="3120.13" endtime="3120.46" c="W">just</w>
   <w nite:id="Bed006.w.12,067" starttime="3120.46" endtime="3120.78" c="TRUNCW">beca</w>
   <w nite:id="Bed006.w.12,068" starttime="3121.34" endtime="3121.52" c="W">cuz</w>
   <w nite:id="Bed006.w.12,069" starttime="3121.52" endtime="" c="W">I</w>
   <w nite:id="Bed006.w.12,070" starttime="" endtime="3121.66" c="W">'m</w>
   <w nite:id="Bed006.w.12,071" starttime="3121.66" endtime="3121.88" c="W">new</w>
   <w nite:id="Bed006.w.12,072" starttime="3121.88" endtime="3121.98" c="W">and</w>
   <w nite:id="Bed006.w.12,073" starttime="3121.98" endtime="3122.06" c="W">I</w>
   <w nite:id="Bed006.w.12,074" starttime="3122.06" endtime="3122.22" c="W">don't</w>
   <w nite:id="Bed006.w.12,075" starttime="3122.22" endtime="3122.45" c="W">really</w>
   <w nite:id="Bed006.w.12,076" starttime="3122.45" endtime="3122.66" c="W">just</w>
   <disfmarker nite:id="Bed006.disfmarker.510" starttime="" endtime=""/>
   <w nite:id="Bed006.w.12,077" starttime="3122.66" endtime="3122.78" c="W">I</w>
   <w nite:id="Bed006.w.12,078" starttime="3122.78" endtime="3122.95" c="W">just</w>
   <w nite:id="Bed006.w.12,079" starttime="3122.95" endtime="3123.15" c="W">don't</w>
   <w nite:id="Bed006.w.12,080" starttime="3123.15" endtime="3123.22" c="W">know</w>
   <w nite:id="Bed006.w.12,081" starttime="3123.22" endtime="3123.33" c="W">what</w>
   <w nite:id="Bed006.w.12,082" starttime="3123.33" endtime="3123.41" c="W">to</w>
   <w nite:id="Bed006.w.12,083" starttime="3123.41" endtime="3123.62" c="W">make</w>
   <w nite:id="Bed006.w.12,084" starttime="3123.62" endtime="3123.7" c="W">of</w>
   <w nite:id="Bed006.w.12,085" starttime="3123.7" endtime="3123.89" c="W">this</w>
   <w nite:id="Bed006.w.12,086" starttime="3123.89" endtime="3123.98" c="W">and</w>
   <w nite:id="Bed006.w.12,087" starttime="3123.98" endtime="3124.14" c="W">what</w>
   <w nite:id="Bed006.w.12,088" starttime="3124.14" endtime="3124.29" c="W">this</w>
   <w nite:id="Bed006.w.12,089" starttime="3124.29" endtime="3124.47" c="W">is</w>
   <w nite:id="Bed006.w.12,090" starttime="3124.47" endtime="3124.82" c="W">for</w>
   <w nite:id="Bed006.w.12,091" starttime="3124.82" endtime="3124.82" c="CM">,</w>
   <w nite:id="Bed006.w.12,092" starttime="3124.82" endtime="3124.93" c="W">and</w>
   <w nite:id="Bed006.w.12,093" starttime="3124.93" endtime="3125.17" c="W">stuff</w>
   <w nite:id="Bed006.w.12,094" starttime="3125.17" endtime="3125.31" c="W">like</w>
   <w nite:id="Bed006.w.12,095" starttime="3125.31" endtime="3125.5" c="W">that</w>
   <w nite:id="Bed006.w.12,096" starttime="3125.5" endtime="3125.5" c="CM">,</w>
   <w nite:id="Bed006.w.12,097" starttime="3125.54" endtime="3125.6" c="W">you</w>
   <w nite:id="Bed006.w.12,098" starttime="3125.6" endtime="3125.73" c="W">know</w>
   <w nite:id="Bed006.w.12,099" starttime="3125.73" endtime="3125.73" c="CM">,</w>
   <w nite:id="Bed006.w.12,100" starttime="3125.73" endtime="3125.9" c="W">so</w>
   <w nite:id="Bed006.w.12,101" starttime="3125.9" endtime="3126.15" c="W">if</w>
   <w nite:id="Bed006.w.12,102" starttime="3126.15" endtime="3126.51" c="W">someone</w>
   <w nite:id="Bed006.w.12,103" starttime="3126.51" endtime="3126.66" c="W">could</w>
   <w nite:id="Bed006.w.12,104" starttime="3126.66" endtime="3126.91" c="W">make</w>
   <w nite:id="Bed006.w.12,105" starttime="3126.91" endtime="3126.99" c="W">an</w>
   <w nite:id="Bed006.w.12,106" starttime="3126.99" endtime="3127.6" c="W">example</w>
   <w nite:id="Bed006.w.12,113" starttime="3128.04" endtime="3128.29" c="W">of</w>
   <w nite:id="Bed006.w.12,114" starttime="3128.29" endtime="3128.51" c="W">what</w>
   <w nite:id="Bed006.w.12,115" starttime="3128.51" endtime="3128.66" c="W">would</w>
   <w nite:id="Bed006.w.12,116" starttime="3128.66" endtime="3129.09" c="W">actually</w>
   <w nite:id="Bed006.w.12,117" starttime="3129.09" endtime="3129.27" c="W">be</w>
   <w nite:id="Bed006.w.12,118" starttime="3129.27" endtime="3129.41" c="W">in</w>
   <w nite:id="Bed006.w.12,119" starttime="3129.41" endtime="3129.48" c="W">it</w>
   <w nite:id="Bed006.w.12,120" starttime="3129.48" endtime="3129.48" c="CM">,</w>
   <w nite:id="Bed006.w.12,121" starttime="3129.48" endtime="3129.72" c="W">like</w>
   <w nite:id="Bed006.w.12,122" starttime="3129.87" endtime="3130.15" c="W">first</w>
   <w nite:id="Bed006.w.12,123" starttime="3130.15" endtime="3130.22" c="W">of</w>
   <w nite:id="Bed006.w.12,124" starttime="3130.22" endtime="3130.38" c="W">all</w>
   <w nite:id="Bed006.w.12,125" starttime="3130.38" endtime="3130.57" c="W">what</w>
   <w nite:id="Bed006.w.12,126" starttime="3130.57" endtime="3131.2" c="W">modules</w>
   <w nite:id="Bed006.w.12,127" starttime="3131.2" endtime="3131.37" c="W">are</w>
   <w nite:id="Bed006.w.12,128" starttime="3131.89" endtime="3132.29" c="W">talking</w>
   <w nite:id="Bed006.w.12,129" starttime="3132.29" endtime="3132.4" c="W">to</w>
   <w nite:id="Bed006.w.12,130" starttime="3132.4" endtime="3132.56" c="W">each</w>
   <w nite:id="Bed006.w.12,131" starttime="3132.56" endtime="3132.81" c="W">other</w>
   <w nite:id="Bed006.w.12,132" starttime="3132.81" endtime="3133.19" c="W">using</w>
   <w nite:id="Bed006.w.12,133" starttime="3133.19" endtime="3133.57" c="W">this</w>
   <w nite:id="Bed006.w.12,134" starttime="3133.57" endtime="3133.57" c="CM">,</w>
   <w nite:id="Bed006.w.12,135" starttime="3133.57" endtime="3133.99" c="W">right</w>
   <w nite:id="Bed006.w.12,136" starttime="3133.99" endtime="3133.99" c=".">?</w>
   <w nite:id="Bed006.w.12,137" starttime="3133.99" endtime="3134.41" c="W">And</w>
   <disfmarker nite:id="Bed006.disfmarker.511" starttime="" endtime=""/>
   <w nite:id="Bed006.w.12,169" starttime="3139.35" endtime="3139.73" t="PLET" c="W">OK</w>
   <w nite:id="Bed006.w.12,170" starttime="3139.73" endtime="3139.73" c=".">.</w>
   <w nite:id="Bed006.w.12,192" starttime="3150.63" endtime="3150.95" c="W">Right</w>
   <w nite:id="Bed006.w.12,193" starttime="3150.95" endtime="3150.95" c=".">.</w>
   <vocalsound nite:id="Bed006.vocalsound.417" starttime="" endtime="" description="laugh"/>
   <vocalsound nite:id="Bed006.vocalsound.419" starttime="" endtime="" description="laugh"/>
   <w nite:id="Bed006.w.12,278" starttime="3189.55" endtime="3189.93" c="W">Nope</w>
   <w nite:id="Bed006.w.12,279" starttime="3189.93" endtime="3189.93" c=".">.</w>
   <w nite:id="Bed006.w.12,314" starttime="3197.74" endtime="3198.2" c="W">Alright</w>
   <w nite:id="Bed006.w.12,315" starttime="3198.2" endtime="3198.2" c=".">.</w>
   <vocalsound nite:id="Bed006.vocalsound.423" starttime="" endtime="" description="laugh"/>
   <vocalsound nite:id="Bed006.vocalsound.426" starttime="" endtime="" description="laugh"/>
   <w nite:id="Bed006.w.12,369" starttime="3213.08" endtime="3213.44" t="PLET" c="W">OK</w>
   <w nite:id="Bed006.w.12,370" starttime="3213.44" endtime="3213.44" c=".">.</w>
   <vocalsound nite:id="Bed006.vocalsound.429" starttime="" endtime="" description="laugh"/>
   <w nite:id="Bed006.w.12,476" starttime="3258.56" endtime="3258.82" c="W">Sure</w>
   <w nite:id="Bed006.w.12,477" starttime="3258.82" endtime="3258.82" c=".">.</w>
   <w nite:id="Bed006.w.12,499" starttime="3261.57" endtime="3261.84" c="W">Sure</w>
   <w nite:id="Bed006.w.12,500" starttime="3261.84" endtime="3261.84" c=".">.</w>
   <vocalsound nite:id="Bed006.vocalsound.435" starttime="" endtime="" description="laugh"/>
   <w nite:id="Bed006.w.12,544" starttime="3274.28" endtime="3274.39" c="W">Oh</w>
   <w nite:id="Bed006.w.12,545" starttime="3274.39" endtime="3274.45" c="W">you</w>
   <w nite:id="Bed006.w.12,546" starttime="3274.45" endtime="3274.61" c="W">meant</w>
   <w nite:id="Bed006.w.12,547" starttime="3274.61" endtime="3275.08" c="W">pastries</w>
   <w nite:id="Bed006.w.12,548" starttime="3275.08" endtime="3275.08" c="CM">,</w>
   <w nite:id="Bed006.w.12,549" starttime="3275.08" endtime="3275.26" c="W">then</w>
   <w nite:id="Bed006.w.12,550" starttime="3275.26" endtime="3275.26" c=".">?</w>
   <vocalsound nite:id="Bed006.vocalsound.436" starttime="" endtime="" description="laugh"/>
   <w nite:id="Bed006.w.12,580" starttime="3277.45" endtime="3277.62" c="W">This</w>
   <w nite:id="Bed006.w.12,581" starttime="3277.62" endtime="3277.69" c="W">is</w>
   <w nite:id="Bed006.w.12,582" starttime="3277.69" endtime="3277.78" c="W">the</w>
   <w nite:id="Bed006.w.12,583" starttime="3277.78" endtime="3278.13" c="W">bakery</w>
   <w nite:id="Bed006.w.12,584" starttime="3278.13" endtime="3278.52" c="W">example</w>
   <w nite:id="Bed006.w.12,585" starttime="3278.52" endtime="3278.52" c=".">.</w>
   <w nite:id="Bed006.w.12,586" starttime="3278.52" endtime="3278.73" c="W">Got</w>
   <w nite:id="Bed006.w.12,587" starttime="3278.73" endtime="3278.8" c="W">it</w>
   <w nite:id="Bed006.w.12,588" starttime="3278.8" endtime="3278.8" c=".">.</w>
   <w nite:id="Bed006.w.12,589" starttime="3278.8" endtime="3279.01" c="W">Alright</w>
   <w nite:id="Bed006.w.12,590" starttime="3279.01" endtime="3279.01" c=".">.</w>
   <vocalsound nite:id="Bed006.vocalsound.441" starttime="" endtime="" description="laugh"/>
   <w nite:id="Bed006.w.12,595" starttime="3282.56" endtime="3282.83" c="W">Help</w>
   <w nite:id="Bed006.w.12,596" starttime="3282.83" endtime="3282.83" c=".">!</w>
   <comment nite:id="Bed006.comment.57" starttime="" endtime="" description="metacomment"/>
   <vocalsound nite:id="Bed006.vocalsound.444" starttime="" endtime="" description="laugh"/>
   <vocalsound nite:id="Bed006.vocalsound.446" starttime="" endtime="" description="breath"/>
   <w nite:id="Bed006.w.12,759" starttime="3328.04" endtime="" c="W">Mm</w>
   <w nite:id="Bed006.w.12,760" starttime="" endtime="" c="HYPH">-</w>
   <w nite:id="Bed006.w.12,761" starttime="" endtime="3328.55" c="W">hmm</w>
   <w nite:id="Bed006.w.12,762" starttime="3328.55" endtime="3328.55" c=".">.</w>
   <w nite:id="Bed006.w.12,794" starttime="3339.0" endtime="3339.39" c="W">Uh</w>
   <disfmarker nite:id="Bed006.disfmarker.544" starttime="" endtime=""/>
   <w nite:id="Bed006.w.12,817" starttime="3344.56" endtime="3344.98" c="W">Yeah</w>
   <w nite:id="Bed006.w.12,818" starttime="3344.98" endtime="3344.98" c=".">.</w>
   <w nite:id="Bed006.w.12,826" starttime="3345.78" endtime="3345.95" c="W">I</w>
   <w nite:id="Bed006.w.12,827" starttime="3345.95" endtime="3346.1" c="W">could</w>
   <w nite:id="Bed006.w.12,828" starttime="3346.1" endtime="3346.26" c="W">do</w>
   <w nite:id="Bed006.w.12,829" starttime="3346.26" endtime="3346.48" c="W">that</w>
   <w nite:id="Bed006.w.12,830" starttime="3346.48" endtime="3346.48" c=".">.</w>
   <w nite:id="Bed006.w.12,831" starttime="3346.48" endtime="3346.67" c="W">Yeah</w>
   <w nite:id="Bed006.w.12,832" starttime="3346.67" endtime="3346.74" c="W">I</w>
   <w nite:id="Bed006.w.12,833" starttime="3346.74" endtime="3347.09" c="W">mean</w>
   <w nite:id="Bed006.w.12,834" starttime="3347.97" endtime="3348.38" c="W">earlier</w>
   <w nite:id="Bed006.w.12,835" starttime="3348.38" endtime="3348.53" c="W">on</w>
   <w nite:id="Bed006.w.12,836" starttime="3348.53" endtime="3348.92" c="W">Friday</w>
   <w nite:id="Bed006.w.12,837" starttime="3348.92" endtime="3349.14" c="W">is</w>
   <w nite:id="Bed006.w.12,838" starttime="3349.14" endtime="3349.47" c="W">better</w>
   <w nite:id="Bed006.w.12,839" starttime="3349.47" endtime="3349.68" c="W">but</w>
   <w nite:id="Bed006.w.12,840" starttime="3349.68" endtime="3349.86" c="W">three</w>
   <disfmarker nite:id="Bed006.disfmarker.547" starttime="" endtime=""/>
   <w nite:id="Bed006.w.12,841" starttime="3349.86" endtime="3349.98" c="W">you</w>
   <w nite:id="Bed006.w.12,842" starttime="3349.98" endtime="3350.15" c="W">know</w>
   <w nite:id="Bed006.w.12,843" starttime="3350.15" endtime="3350.21" c="W">I</w>
   <w nite:id="Bed006.w.12,844" starttime="3350.21" endtime="3350.49" c="W">mean</w>
   <disfmarker nite:id="Bed006.disfmarker.548" starttime="" endtime=""/>
   <w nite:id="Bed006.w.12,845" starttime="3350.86" endtime="3351.0" c="W">if</w>
   <w nite:id="Bed006.w.12,846" starttime="3351.0" endtime="3351.08" c="W">it</w>
   <w nite:id="Bed006.w.12,847" starttime="3351.08" endtime="3351.24" c="W">were</w>
   <w nite:id="Bed006.w.12,848" starttime="3351.24" endtime="3351.27" c="W">a</w>
   <w nite:id="Bed006.w.12,849" starttime="3351.27" endtime="3351.5" c="W">three</w>
   <w nite:id="Bed006.w.12,850" starttime="3351.5" endtime="3351.62" c="W">or</w>
   <w nite:id="Bed006.w.12,851" starttime="3351.62" endtime="3351.65" c="W">a</w>
   <w nite:id="Bed006.w.12,852" starttime="3351.65" endtime="3351.84" c="W">three</w>
   <w nite:id="Bed006.w.12,853" starttime="3351.84" endtime="3352.06" c="W">thirty</w>
   <w nite:id="Bed006.w.12,854" starttime="3352.06" endtime="3352.33" c="W">time</w>
   <w nite:id="Bed006.w.12,855" starttime="3352.33" endtime="3352.44" c="W">then</w>
   <w nite:id="Bed006.w.12,856" starttime="3352.44" endtime="3352.5" c="W">I</w>
   <w nite:id="Bed006.w.12,857" starttime="3352.5" endtime="3352.62" c="W">would</w>
   <w nite:id="Bed006.w.12,858" starttime="3352.62" endtime="3352.81" c="W">take</w>
   <w nite:id="Bed006.w.12,859" starttime="3352.81" endtime="3352.87" c="W">the</w>
   <w nite:id="Bed006.w.12,860" starttime="3352.87" endtime="3353.19" c="W">three</w>
   <w nite:id="Bed006.w.12,861" starttime="3353.19" endtime="3353.32" c="W">or</w>
   <w nite:id="Bed006.w.12,862" starttime="3353.32" endtime="3353.63" c="W">whatever</w>
   <w nite:id="Bed006.w.12,863" starttime="3353.63" endtime="3353.63" c="CM">,</w>
   <w nite:id="Bed006.w.12,864" starttime="3353.63" endtime="3353.77" c="W">but</w>
   <w nite:id="Bed006.w.12,865" starttime="3353.77" endtime="3353.94" c="W">yeah</w>
   <w nite:id="Bed006.w.12,866" starttime="3353.94" endtime="3354.33" c="W">sure</w>
   <w nite:id="Bed006.w.12,867" starttime="3354.33" endtime="3354.54" c="W">three</w>
   <w nite:id="Bed006.w.12,868" starttime="3354.54" endtime="3354.67" c="W">is</w>
   <w nite:id="Bed006.w.12,869" starttime="3354.67" endtime="3354.86" c="W">fine</w>
   <w nite:id="Bed006.w.12,870" starttime="3354.86" endtime="3354.86" c=".">.</w>
   <w nite:id="Bed006.w.12,888" starttime="3356.44" endtime="3356.47" c="W">I</w>
   <w nite:id="Bed006.w.12,889" starttime="3356.47" endtime="3356.78" c="W">mean</w>
   <w nite:id="Bed006.w.12,890" starttime="3356.78" endtime="3356.78" c=".">.</w>
   <vocalsound nite:id="Bed006.vocalsound.462" starttime="" endtime="" description="laugh"/>
   <w nite:id="Bed006.w.12,972" starttime="3377.07" endtime="3377.39" c="W">Yeah</w>
   <w nite:id="Bed006.w.12,973" starttime="3377.39" endtime="3377.39" c=".">.</w>
   <w nite:id="Bed006.w.13,004" starttime="3382.8" endtime="3383.17" c="W">Yeah</w>
   <w nite:id="Bed006.w.13,005" starttime="3383.17" endtime="3383.17" c=".">.</w>
   <vocalsound nite:id="Bed006.vocalsound.473" starttime="" endtime="" description="laugh"/>
   <w nite:id="Bed006.w.13,051" starttime="3394.2" endtime="3394.34" c="W">So</w>
   <w nite:id="Bed006.w.13,052" starttime="3394.34" endtime="3394.72" c="W">already</w>
   <w nite:id="Bed006.w.13,053" starttime="3394.72" endtime="3394.93" c="W">again</w>
   <w nite:id="Bed006.w.13,054" starttime="3394.93" endtime="3395.1" c="W">this</w>
   <w nite:id="Bed006.w.13,055" starttime="3395.1" endtime="3395.33" c="W">week</w>
   <w nite:id="Bed006.w.13,056" starttime="3395.33" endtime="3395.33" c="CM">,</w>
   <w nite:id="Bed006.w.13,057" starttime="3395.33" endtime="3395.48" c="W">huh</w>
   <w nite:id="Bed006.w.13,058" starttime="3395.48" endtime="3395.48" c=".">?</w>
   <comment nite:id="Bed006.comment.61" starttime="" endtime="" description="meaning &quot;right?&quot;"/>
   <vocalsound nite:id="Bed006.vocalsound.480" starttime="" endtime="" description="laugh"/>
   <w nite:id="Bed006.w.13,122" starttime="3409.58" endtime="3409.87" c="W">Yeah</w>
   <w nite:id="Bed006.w.13,123" starttime="3409.87" endtime="3409.87" c=".">.</w>
   <w nite:id="Bed006.w.13,124" starttime="3409.87" endtime="3410.2" c="W">Between</w>
   <w nite:id="Bed006.w.13,125" starttime="3410.2" endtime="3410.33" c="W">now</w>
   <w nite:id="Bed006.w.13,126" starttime="3410.33" endtime="3410.42" c="W">and</w>
   <w nite:id="Bed006.w.13,127" starttime="3410.42" endtime="3410.62" c="W">then</w>
   <w nite:id="Bed006.w.13,128" starttime="3410.62" endtime="3410.62" c=".">.</w>
   <w nite:id="Bed006.w.13,142" starttime="3412.39" endtime="3412.79" c="W">Promise</w>
   <w nite:id="Bed006.w.13,143" starttime="3412.79" endtime="3412.79" c=".">?</w>
   <vocalsound nite:id="Bed006.vocalsound.482" starttime="" endtime="" description="laugh"/>
   <w nite:id="Bed006.w.13,228" starttime="3422.52" endtime="3422.95" c="W">Yeah</w>
   <w nite:id="Bed006.w.13,229" starttime="3422.95" endtime="3422.95" c=".">.</w>
   <vocalsound nite:id="Bed006.vocalsound.487" starttime="" endtime="" description="laugh"/>
   <w nite:id="Bed006.w.13,323" starttime="3450.08" endtime="3450.13" c="W">I</w>
   <w nite:id="Bed006.w.13,324" starttime="3450.13" endtime="3450.25" c="W">think</w>
   <w nite:id="Bed006.w.13,325" starttime="3450.25" endtime="" c="W">you</w>
   <w nite:id="Bed006.w.13,326" starttime="" endtime="3450.36" c="W">'ve</w>
   <w nite:id="Bed006.w.13,327" starttime="3450.36" endtime="3450.53" c="W">got</w>
   <w nite:id="Bed006.w.13,328" starttime="3450.53" endtime="3450.66" c="W">one</w>
   <w nite:id="Bed006.w.13,329" starttime="3450.66" endtime="3450.79" c="W">on</w>
   <w nite:id="Bed006.w.13,330" starttime="3450.79" endtime="3451.11" c="W">hand</w>
   <w nite:id="Bed006.w.13,331" starttime="3451.11" endtime="3451.11" c="CM">,</w>
   <w nite:id="Bed006.w.13,332" starttime="3451.11" endtime="3451.26" c="W">huh</w>
   <w nite:id="Bed006.w.13,333" starttime="3451.26" endtime="3451.26" c=".">?</w>
   <comment nite:id="Bed006.comment.63" starttime="" endtime="" description="meaning &quot;right?&quot;"/>
   <vocalsound nite:id="Bed006.vocalsound.494" starttime="" endtime="" description="laugh"/>
   <vocalsound nite:id="Bed006.vocalsound.496" starttime="" endtime="" description="laugh"/>
   <vocalsound nite:id="Bed006.vocalsound.510" starttime="" endtime="" description="laugh"/>
   <vocalsound nite:id="Bed006.vocalsound.512" starttime="" endtime="" description="laugh"/>
   <w nite:id="Bed006.w.13,997" starttime="3626.0" endtime="" c="W">It</w>
   <w nite:id="Bed006.w.13,998" starttime="" endtime="3626.26" c="APOSS">'s</w>
   <w nite:id="Bed006.w.13,999" starttime="3626.26" endtime="3626.68" c="W">rad</w>
   <w nite:id="Bed006.w.14,000" starttime="3626.68" endtime="3626.68" c="CM">,</w>
   <w nite:id="Bed006.w.14,001" starttime="3626.68" endtime="3627.09" c="W">even</w>
   <w nite:id="Bed006.w.14,002" starttime="3627.09" endtime="3627.09" c=".">!</w>
   <comment nite:id="Bed006.comment.64" starttime="" endtime="" description="metacomment"/>
   <w nite:id="Bed006.w.14,007" starttime="3628.73" endtime="3628.79" c="W">It</w>
   <w nite:id="Bed006.w.14,008" starttime="3628.79" endtime="3629.16" c="W">happened</w>
   <w nite:id="Bed006.w.14,009" starttime="3629.16" endtime="3629.22" c="W">to</w>
   <w nite:id="Bed006.w.14,010" starttime="3629.22" endtime="3629.61" c="TRUNCW">c</w>
   <w nite:id="Bed006.w.14,011" starttime="3630.15" endtime="3630.24" c="W">be</w>
   <w nite:id="Bed006.w.14,012" starttime="3630.24" endtime="3630.42" c="W">what</w>
   <w nite:id="Bed006.w.14,013" starttime="3630.42" endtime="3630.5" c="W">it</w>
   <w nite:id="Bed006.w.14,014" starttime="3630.5" endtime="3630.89" c="W">stands</w>
   <w nite:id="Bed006.w.14,015" starttime="3630.89" endtime="3631.14" c="W">for</w>
   <w nite:id="Bed006.w.14,016" starttime="3631.14" endtime="3631.14" c=".">.</w>
   <vocalsound nite:id="Bed006.vocalsound.517" starttime="" endtime="" description="laugh"/>
   <w nite:id="Bed006.w.14,121" starttime="3646.24" endtime="3646.55" c="W">Oh</w>
   <w nite:id="Bed006.w.14,122" starttime="" endtime="" c="LQUOTE" qut="D">"</w>
   <w nite:id="Bed006.w.14,123" starttime="3646.55" endtime="3647.08" c="W">rich</w>
   <w nite:id="Bed006.w.14,124" starttime="3647.08" endtime="3647.19" c="TRUNCW">de</w>
   <w nite:id="Bed006.w.14,125" starttime="3647.19" endtime="3647.19" c="RQUOTE" qut="D">"</w>
   <vocalsound nite:id="Bed006.vocalsound.519" starttime="" endtime="" description="laugh"/>
   <w nite:id="Bed006.w.14,173" starttime="3660.02" endtime="3660.43" c="W">Everybody</w>
   <w nite:id="Bed006.w.14,174" starttime="3660.43" endtime="3660.67" c="W">likes</w>
   <w nite:id="Bed006.w.14,175" starttime="3660.67" endtime="3661.19" c="W">action</w>
   <w nite:id="Bed006.w.14,176" starttime="3661.19" endtime="3661.19" c=".">.</w>
   <vocalsound nite:id="Bed006.vocalsound.523" starttime="" endtime="" description="laugh"/>
   <w nite:id="Bed006.w.14,183" starttime="3663.03" endtime="3663.31" c="W">Plus</w>
   <w nite:id="Bed006.w.14,184" starttime="3663.31" endtime="" c="W">it</w>
   <w nite:id="Bed006.w.14,185" starttime="" endtime="3663.44" c="APOSS">'s</w>
   <w nite:id="Bed006.w.14,186" starttime="3663.44" endtime="3663.69" c="W">hip</w>
   <w nite:id="Bed006.w.14,187" starttime="3663.69" endtime="3663.69" c=".">.</w>
   <w nite:id="Bed006.w.14,188" starttime="3663.89" endtime="3663.97" c="W">The</w>
   <w nite:id="Bed006.w.14,189" starttime="3663.97" endtime="" c="W">kids</w>
   <w nite:id="Bed006.w.14,190" starttime="" endtime="3664.32" c="W">'ll</w>
   <w nite:id="Bed006.w.14,191" starttime="3664.32" endtime="3664.59" c="W">like</w>
   <w nite:id="Bed006.w.14,192" starttime="3664.59" endtime="3664.84" c="W">it</w>
   <w nite:id="Bed006.w.14,193" starttime="3664.84" endtime="3664.84" c=".">.</w>
   <vocalsound nite:id="Bed006.vocalsound.525" starttime="" endtime="" description="laugh"/>
   <vocalsound nite:id="Bed006.vocalsound.528" starttime="" endtime="" description="laugh"/>
   <vocalsound nite:id="Bed006.vocalsound.530" starttime="" endtime="" description="laugh"/>
   <vocalsound nite:id="Bed006.vocalsound.533" starttime="" endtime="" description="breath"/>
   <w nite:id="Bed006.w.14,497" starttime="3725.9" endtime="3726.34" t="PLET" c="W">OK</w>
   <w nite:id="Bed006.w.14,498" starttime="3726.34" endtime="3726.34" c=".">.</w>
   <nonvocalsound nite:id="Bed006.nonvocalsound.18" starttime="" endtime="" description="mike turned off"/>
</nite:root>