<?xml version="1.0" encoding="ISO-8859-1" standalone="yes"?>
<nite:root nite:id="Bed006.F.words" xmlns:nite="http://nite.sourceforge.net/">
   <w nite:id="Bed006.w.65" starttime="17.32" endtime="" c="W">It</w>
   <w nite:id="Bed006.w.66" starttime="" endtime="17.42" c="APOSS">'s</w>
   <w nite:id="Bed006.w.67" starttime="17.42" endtime="17.64" c="W">the</w>
   <w nite:id="Bed006.w.68" starttime="17.64" endtime="17.96" c="W">uh</w>
   <w nite:id="Bed006.w.69" starttime="18.05" endtime="18.57" c="W">twenty</w>
   <disfmarker nite:id="Bed006.disfmarker.1" starttime="" endtime=""/>
   <w nite:id="Bed006.w.72" starttime="19.41" endtime="19.88" c="W">nineteenth</w>
   <w nite:id="Bed006.w.73" starttime="19.88" endtime="19.88" c=".">.</w>
   <comment nite:id="Bed006.comment.3" starttime="" endtime="" description="correction"/>
   <w nite:id="Bed006.w.81" starttime="" endtime="" c="SYM">@</w>
   <w nite:id="Bed006.w.82" starttime="" endtime="" c="SYM">@</w>
   <w nite:id="Bed006.w.606" starttime="182.37" endtime="182.92" c="W">Wizardess</w>
   <w nite:id="Bed006.w.607" starttime="182.92" endtime="182.92" c=".">.</w>
   <comment nite:id="Bed006.comment.11" starttime="" endtime="" description="frog in throat"/>
   <vocalsound nite:id="Bed006.vocalsound.57" starttime="" endtime="" description="clears throat"/>
   <vocalsound nite:id="Bed006.vocalsound.59" starttime="" endtime="" description="laugh"/>
   <vocalsound nite:id="Bed006.vocalsound.64" starttime="" endtime="" description="clears throat"/>
   <vocalsound nite:id="Bed006.vocalsound.76" starttime="" endtime="" description="laugh"/>
   <vocalsound nite:id="Bed006.vocalsound.82" starttime="" endtime="" description="laugh"/>
   <w nite:id="Bed006.w.1,895" starttime="540.62" endtime="540.79" c="W">So</w>
   <w nite:id="Bed006.w.1,896" starttime="540.79" endtime="" c="W">they</w>
   <w nite:id="Bed006.w.1,897" starttime="" endtime="540.92" c="W">'ll</w>
   <w nite:id="Bed006.w.1,898" starttime="540.92" endtime="541.02" c="W">be</w>
   <w nite:id="Bed006.w.1,899" starttime="541.02" endtime="541.28" c="W">given</w>
   <w nite:id="Bed006.w.1,900" starttime="541.28" endtime="541.44" c="W">this</w>
   <w nite:id="Bed006.w.1,901" starttime="541.44" endtime="541.77" c="W">map</w>
   <w nite:id="Bed006.w.1,902" starttime="541.77" endtime="541.77" c="CM">,</w>
   <w nite:id="Bed006.w.1,903" starttime="541.89" endtime="542.07" c="W">which</w>
   <w nite:id="Bed006.w.1,904" starttime="542.07" endtime="542.24" c="W">means</w>
   <w nite:id="Bed006.w.1,905" starttime="542.24" endtime="542.44" c="W">that</w>
   <w nite:id="Bed006.w.1,906" starttime="542.55" endtime="542.65" c="W">they</w>
   <w nite:id="Bed006.w.1,907" starttime="542.65" endtime="542.85" c="W">won't</w>
   <w nite:id="Bed006.w.1,908" starttime="542.85" endtime="542.99" c="W">have</w>
   <w nite:id="Bed006.w.1,909" starttime="542.99" endtime="543.12" c="W">to</w>
   <w nite:id="Bed006.w.1,910" starttime="543.12" endtime="543.38" c="W">like</w>
   <w nite:id="Bed006.w.1,911" starttime="543.59" endtime="543.79" c="W">ask</w>
   <w nite:id="Bed006.w.1,912" starttime="543.79" endtime="543.87" c="W">the</w>
   <w nite:id="Bed006.w.1,913" starttime="543.87" endtime="544.17" c="W">system</w>
   <w nite:id="Bed006.w.1,914" starttime="544.17" endtime="544.28" c="W">for</w>
   <w nite:id="Bed006.w.1,915" starttime="544.28" endtime="544.43" c="TRUNCW">in</w>
   <w nite:id="Bed006.w.1,916" starttime="544.57" endtime="544.84" c="W">for</w>
   <w nite:id="Bed006.w.1,917" starttime="544.84" endtime="545.01" c="W">like</w>
   <w nite:id="Bed006.w.1,918" starttime="545.01" endtime="545.16" c="W">high</w>
   <w nite:id="Bed006.w.1,919" starttime="545.16" endtime="545.36" c="W">level</w>
   <w nite:id="Bed006.w.1,920" starttime="545.36" endtime="545.73" c="W">information</w>
   <w nite:id="Bed006.w.1,921" starttime="545.73" endtime="545.86" c="W">about</w>
   <w nite:id="Bed006.w.1,922" starttime="545.86" endtime="546.0" c="W">where</w>
   <w nite:id="Bed006.w.1,923" starttime="546.0" endtime="546.23" c="W">things</w>
   <w nite:id="Bed006.w.1,924" starttime="546.23" endtime="546.39" c="W">are</w>
   <w nite:id="Bed006.w.1,925" starttime="546.39" endtime="546.39" c=".">?</w>
   <w nite:id="Bed006.w.3,471" starttime="978.74" endtime="979.29" c="W">Um</w>
   <w nite:id="Bed006.w.3,472" starttime="979.29" endtime="979.29" c="CM">,</w>
   <w nite:id="Bed006.w.3,473" starttime="979.29" endtime="979.49" c="W">not</w>
   <disfmarker nite:id="Bed006.disfmarker.121" starttime="" endtime=""/>
   <w nite:id="Bed006.w.3,478" starttime="981.052" endtime="981.542" c="W">Yes</w>
   <w nite:id="Bed006.w.3,479" starttime="981.542" endtime="981.542" c="CM">,</w>
   <w nite:id="Bed006.w.3,480" starttime="981.542" endtime="981.842" c="W">uh</w>
   <w nite:id="Bed006.w.3,481" starttime="981.842" endtime="981.842" c="CM">,</w>
   <w nite:id="Bed006.w.3,482" starttime="982.062" endtime="982.242" c="W">I</w>
   <w nite:id="Bed006.w.3,483" starttime="982.242" endtime="982.392" c="W">would</w>
   <w nite:id="Bed006.w.3,484" starttime="982.452" endtime="982.672" c="W">really</w>
   <w nite:id="Bed006.w.3,485" starttime="982.852" endtime="982.962" c="TRUNCW">p</w>
   <w nite:id="Bed006.w.3,486" starttime="982.962" endtime="983.152" c="W">It</w>
   <w nite:id="Bed006.w.3,487" starttime="983.152" endtime="983.242" c="W">would</w>
   <w nite:id="Bed006.w.3,488" starttime="983.242" endtime="983.382" c="W">be</w>
   <w nite:id="Bed006.w.3,489" starttime="983.382" endtime="983.572" c="W">better</w>
   <w nite:id="Bed006.w.3,490" starttime="983.572" endtime="983.682" c="W">if</w>
   <w nite:id="Bed006.w.3,491" starttime="983.682" endtime="983.832" c="W">I</w>
   <w nite:id="Bed006.w.3,492" starttime="983.832" endtime="984.062" c="W">talked</w>
   <w nite:id="Bed006.w.3,493" starttime="984.062" endtime="984.252" c="W">about</w>
   <w nite:id="Bed006.w.3,494" starttime="984.252" endtime="984.442" c="W">it</w>
   <w nite:id="Bed006.w.3,495" starttime="984.442" endtime="984.612" c="W">on</w>
   <w nite:id="Bed006.w.3,496" starttime="984.612" endtime="985.042" c="W">Friday</w>
   <w nite:id="Bed006.w.3,497" starttime="985.042" endtime="985.042" c=".">.</w>
   <w nite:id="Bed006.w.3,521" starttime="985.955" endtime="986.025" c="W">If</w>
   <w nite:id="Bed006.w.3,522" starttime="986.025" endtime="" c="W">that</w>
   <w nite:id="Bed006.w.3,523" starttime="" endtime="986.215" c="APOSS">'s</w>
   <w nite:id="Bed006.w.3,524" starttime="986.215" endtime="986.465" t="PLET" c="W">OK</w>
   <w nite:id="Bed006.w.3,525" starttime="986.465" endtime="986.465" c=".">.</w>
   <w nite:id="Bed006.w.3,526" starttime="993.1" endtime="993.35" c="W">Yeah</w>
   <w nite:id="Bed006.w.3,527" starttime="993.35" endtime="993.35" c=".">.</w>
   <w nite:id="Bed006.w.3,528" starttime="993.81" endtime="993.9" c="W">But</w>
   <w nite:id="Bed006.w.3,529" starttime="993.9" endtime="994.04" c="W">not</w>
   <disfmarker nite:id="Bed006.disfmarker.123" starttime="" endtime=""/>
   <w nite:id="Bed006.w.3,530" starttime="994.21" endtime="994.36" c="W">not</w>
   <w nite:id="Bed006.w.3,531" starttime="994.36" endtime="994.6" c="W">any</w>
   <w nite:id="Bed006.w.3,532" starttime="994.6" endtime="994.88" c="W">time</w>
   <w nite:id="Bed006.w.3,533" starttime="994.88" endtime="995.12" c="W">part</w>
   <w nite:id="Bed006.w.3,534" starttime="995.12" endtime="995.12" c=".">.</w>
   <comment nite:id="Bed006.comment.21" starttime="" endtime="" description="while laughing"/>
   <w nite:id="Bed006.w.3,550" starttime="997.94" endtime="998.21" t="PLET" c="W">OK</w>
   <w nite:id="Bed006.w.3,551" starttime="998.21" endtime="998.21" c=".">.</w>
   <w nite:id="Bed006.w.3,631" starttime="1026.81" endtime="1026.97" c="W">So</w>
   <w nite:id="Bed006.w.3,632" starttime="1026.97" endtime="1027.0" c="W">I</w>
   <w nite:id="Bed006.w.3,633" starttime="1027.0" endtime="1027.16" c="W">take</w>
   <w nite:id="Bed006.w.3,634" starttime="1027.16" endtime="1027.24" c="W">it</w>
   <w nite:id="Bed006.w.3,635" starttime="1027.24" endtime="1027.33" c="W">that</w>
   <w nite:id="Bed006.w.3,636" starttime="1027.33" endtime="1027.47" c="W">was</w>
   <w nite:id="Bed006.w.3,637" starttime="1027.47" endtime="1027.78" c="W">similar</w>
   <w nite:id="Bed006.w.3,638" starttime="1027.78" endtime="1028.0" c="W">to</w>
   <w nite:id="Bed006.w.3,639" starttime="1028.0" endtime="1028.09" c="W">the</w>
   <disfmarker nite:id="Bed006.disfmarker.125" starttime="" endtime=""/>
   <w nite:id="Bed006.w.3,640" starttime="1028.09" endtime="1028.23" c="W">what</w>
   <disfmarker nite:id="Bed006.disfmarker.126" starttime="" endtime=""/>
   <w nite:id="Bed006.w.3,641" starttime="1028.42" endtime="1028.56" c="W">what</w>
   <w nite:id="Bed006.w.3,642" starttime="1028.56" endtime="1028.68" c="W">we</w>
   <w nite:id="Bed006.w.3,643" starttime="1028.68" endtime="1028.85" c="W">did</w>
   <w nite:id="Bed006.w.3,644" starttime="1028.85" endtime="1029.05" c="W">for</w>
   <w nite:id="Bed006.w.3,645" starttime="1029.05" endtime="1029.25" c="W">the</w>
   <w nite:id="Bed006.w.3,646" starttime="1029.36" endtime="1029.78" c="W">parsing</w>
   <w nite:id="Bed006.w.3,647" starttime="1029.78" endtime="1029.78" c=".">?</w>
   <w nite:id="Bed006.w.3,685" starttime="1033.32" endtime="1033.5" t="PLET" c="W">OK</w>
   <w nite:id="Bed006.w.3,686" starttime="1033.5" endtime="1033.5" c=".">.</w>
   <w nite:id="Bed006.w.3,687" starttime="1038.37" endtime="1038.57" t="PLET" c="W">OK</w>
   <w nite:id="Bed006.w.3,688" starttime="1038.57" endtime="1038.57" c=".">.</w>
   <vocalsound nite:id="Bed006.vocalsound.168" starttime="" endtime="" description="laugh"/>
   <vocalsound nite:id="Bed006.vocalsound.173" starttime="" endtime="" description="clears throat"/>
   <w nite:id="Bed006.w.3,813" starttime="1085.42" endtime="1085.62" c="W">Yeah</w>
   <w nite:id="Bed006.w.3,814" starttime="1085.62" endtime="1085.62" c=".">.</w>
   <w nite:id="Bed006.w.3,836" starttime="1091.73" endtime="1092.0" c="W">Finals</w>
   <w nite:id="Bed006.w.3,837" starttime="1092.0" endtime="1092.18" c="W">was</w>
   <w nite:id="Bed006.w.3,838" starttime="1092.18" endtime="1092.4" c="W">that</w>
   <w nite:id="Bed006.w.3,839" starttime="1092.4" endtime="1092.4" c=".">.</w>
   <vocalsound nite:id="Bed006.vocalsound.176" starttime="" endtime="" description="laugh"/>
   <w nite:id="Bed006.w.3,856" starttime="1097.35" endtime="1097.54" c="W">Yeah</w>
   <w nite:id="Bed006.w.3,857" starttime="1097.54" endtime="1097.79" c="W">actually</w>
   <w nite:id="Bed006.w.3,858" starttime="1097.79" endtime="1097.79" c="CM">,</w>
   <w nite:id="Bed006.w.3,859" starttime="1097.79" endtime="" c="W">that</w>
   <w nite:id="Bed006.w.3,860" starttime="" endtime="1097.97" c="APOSS">'s</w>
   <w nite:id="Bed006.w.3,861" starttime="1097.97" endtime="1098.13" c="W">true</w>
   <w nite:id="Bed006.w.3,862" starttime="1098.13" endtime="1098.13" c=".">.</w>
   <vocalsound nite:id="Bed006.vocalsound.177" starttime="" endtime="" description="laugh"/>
   <vocalsound nite:id="Bed006.vocalsound.181" starttime="" endtime="" description="clears throat"/>
   <vocalsound nite:id="Bed006.vocalsound.184" starttime="" endtime="" description="laugh"/>
   <vocalsound nite:id="Bed006.vocalsound.188" starttime="" endtime="" description="laugh"/>
   <nonvocalsound nite:id="Bed006.nonvocalsound.8" starttime="" endtime="" description="mike noise"/>
   <nonvocalsound nite:id="Bed006.nonvocalsound.9" starttime="" endtime="" description="mike noise"/>
   <nonvocalsound nite:id="Bed006.nonvocalsound.10" starttime="" endtime="" description="mike noise"/>
   <w nite:id="Bed006.w.5,993" starttime="1683.2" endtime="1683.66" c="W">So</w>
   <w nite:id="Bed006.w.5,994" starttime="1683.66" endtime="1684.0" c="W">um</w>
   <w nite:id="Bed006.w.5,995" starttime="1684.08" endtime="1684.21" c="W">you</w>
   <w nite:id="Bed006.w.5,996" starttime="1684.21" endtime="1684.37" c="W">had</w>
   <w nite:id="Bed006.w.5,997" starttime="1684.37" endtime="1684.55" c="W">like</w>
   <w nite:id="Bed006.w.5,998" starttime="1684.55" endtime="1684.65" c="W">an</w>
   <w nite:id="Bed006.w.5,999" starttime="1684.65" endtime="1684.98" c="W">action</w>
   <w nite:id="Bed006.w.6,000" starttime="1684.98" endtime="1685.32" c="W">schema</w>
   <w nite:id="Bed006.w.6,001" starttime="1685.32" endtime="1685.45" c="W">and</w>
   <w nite:id="Bed006.w.6,002" starttime="1685.45" endtime="1685.48" c="W">a</w>
   <w nite:id="Bed006.w.6,003" starttime="1685.48" endtime="" c="W">Source</w>
   <w nite:id="Bed006.w.6,004" starttime="" endtime="" c="HYPH">-</w>
   <w nite:id="Bed006.w.6,005" starttime="" endtime="" c="W">Path</w>
   <w nite:id="Bed006.w.6,006" starttime="" endtime="" c="HYPH">-</w>
   <w nite:id="Bed006.w.6,007" starttime="" endtime="1686.25" c="W">Goal</w>
   <w nite:id="Bed006.w.6,008" starttime="1686.25" endtime="1686.56" c="W">schema</w>
   <w nite:id="Bed006.w.6,009" starttime="1686.56" endtime="1686.56" c="CM">,</w>
   <w nite:id="Bed006.w.6,010" starttime="1686.56" endtime="1686.78" c="W">right</w>
   <w nite:id="Bed006.w.6,011" starttime="1686.78" endtime="1686.78" c=".">?</w>
   <w nite:id="Bed006.w.6,012" starttime="1686.78" endtime="1686.9" c="W">So</w>
   <w nite:id="Bed006.w.6,013" starttime="1686.9" endtime="1686.97" c="W">how</w>
   <w nite:id="Bed006.w.6,014" starttime="1686.97" endtime="1687.06" c="W">does</w>
   <w nite:id="Bed006.w.6,015" starttime="1687.06" endtime="1687.2" c="W">this</w>
   <w nite:id="Bed006.w.6,016" starttime="1687.2" endtime="" c="W">Source</w>
   <w nite:id="Bed006.w.6,017" starttime="" endtime="" c="HYPH">-</w>
   <w nite:id="Bed006.w.6,018" starttime="" endtime="" c="W">Path</w>
   <w nite:id="Bed006.w.6,019" starttime="" endtime="" c="HYPH">-</w>
   <w nite:id="Bed006.w.6,020" starttime="" endtime="1688.07" c="W">Goal</w>
   <w nite:id="Bed006.w.6,021" starttime="1688.07" endtime="1688.4" c="W">schema</w>
   <w nite:id="Bed006.w.6,022" starttime="1688.4" endtime="1688.73" c="W">fit</w>
   <w nite:id="Bed006.w.6,023" starttime="1688.73" endtime="1689.05" c="W">into</w>
   <w nite:id="Bed006.w.6,024" starttime="1689.05" endtime="1689.26" c="W">the</w>
   <w nite:id="Bed006.w.6,025" starttime="1689.26" endtime="1689.5" c="W">uh</w>
   <w nite:id="Bed006.w.6,026" starttime="1689.5" endtime="1689.75" c="W">action</w>
   <w nite:id="Bed006.w.6,027" starttime="1689.75" endtime="1690.08" c="W">schema</w>
   <w nite:id="Bed006.w.6,028" starttime="1690.08" endtime="1690.08" c=".">?</w>
   <w nite:id="Bed006.w.6,029" starttime="1690.37" endtime="1690.55" c="W">Like</w>
   <w nite:id="Bed006.w.6,030" starttime="1690.55" endtime="1690.64" c="W">is</w>
   <w nite:id="Bed006.w.6,031" starttime="1690.64" endtime="1690.7" c="W">it</w>
   <w nite:id="Bed006.w.6,032" starttime="1690.7" endtime="1690.84" c="W">one</w>
   <w nite:id="Bed006.w.6,033" starttime="1690.84" endtime="1690.91" c="W">of</w>
   <w nite:id="Bed006.w.6,034" starttime="1690.91" endtime="1690.97" c="W">the</w>
   <w nite:id="Bed006.w.6,035" starttime="1690.97" endtime="1691.33" c="W">tags</w>
   <w nite:id="Bed006.w.6,036" starttime="1691.33" endtime="1691.52" c="W">there</w>
   <w nite:id="Bed006.w.6,037" starttime="1691.52" endtime="1691.52" c=".">?</w>
   <w nite:id="Bed006.w.7,171" starttime="1947.81" endtime="1948.26" c="W">Right</w>
   <w nite:id="Bed006.w.7,172" starttime="1948.26" endtime="1948.26" c=".">.</w>
   <w nite:id="Bed006.w.7,826" starttime="2112.1" endtime="2112.45" c="TRUNCW">S</w>
   <w nite:id="Bed006.w.7,829" starttime="2113.86" endtime="2114.13" c="W">So</w>
   <w nite:id="Bed006.w.7,830" starttime="2114.13" endtime="2114.38" c="W">um</w>
   <w nite:id="Bed006.w.7,831" starttime="2114.38" endtime="2114.38" c="CM">,</w>
   <w nite:id="Bed006.w.7,832" starttime="2114.89" endtime="2115.06" c="W">like</w>
   <w nite:id="Bed006.w.7,833" starttime="2115.06" endtime="2115.09" c="W">are</w>
   <w nite:id="Bed006.w.7,834" starttime="2115.09" endtime="2115.19" c="W">you</w>
   <w nite:id="Bed006.w.7,835" starttime="2115.19" endtime="2115.37" c="W">gonna</w>
   <w nite:id="Bed006.w.7,836" starttime="2115.37" endtime="2115.46" c="W">have</w>
   <w nite:id="Bed006.w.7,837" starttime="2115.46" endtime="2116.04" c="W">similar</w>
   <w nite:id="Bed006.w.7,838" starttime="2116.04" endtime="2116.74" c="W">schemas</w>
   <w nite:id="Bed006.w.7,839" starttime="2116.74" endtime="2117.05" c="W">for</w>
   <w nite:id="Bed006.w.7,840" starttime="2117.05" endtime="2117.54" t="PLET" c="W">FM</w>
   <w nite:id="Bed006.w.7,841" starttime="2117.54" endtime="2117.68" c="W">like</w>
   <w nite:id="Bed006.w.7,842" starttime="2117.68" endtime="2117.93" c="W">forced</w>
   <w nite:id="Bed006.w.7,843" starttime="2117.93" endtime="2118.39" c="W">motion</w>
   <w nite:id="Bed006.w.7,844" starttime="2118.39" endtime="2118.55" c="W">and</w>
   <w nite:id="Bed006.w.7,845" starttime="2118.55" endtime="2118.9" c="W">caused</w>
   <w nite:id="Bed006.w.7,846" starttime="2118.9" endtime="2119.15" c="W">action</w>
   <w nite:id="Bed006.w.7,847" starttime="2119.15" endtime="2119.24" c="W">and</w>
   <w nite:id="Bed006.w.7,848" starttime="2119.24" endtime="2119.43" c="W">stuff</w>
   <w nite:id="Bed006.w.7,849" starttime="2119.43" endtime="2119.59" c="W">like</w>
   <w nite:id="Bed006.w.7,850" starttime="2119.59" endtime="2119.65" c="W">you</w>
   <w nite:id="Bed006.w.7,851" starttime="2119.65" endtime="2119.81" c="W">have</w>
   <w nite:id="Bed006.w.7,852" starttime="2119.81" endtime="2119.97" c="W">for</w>
   <w nite:id="Bed006.w.7,853" starttime="2119.97" endtime="2120.48" t="PLET" c="W">SPG</w>
   <w nite:id="Bed006.w.7,854" starttime="2120.48" endtime="2120.48" c=".">?</w>
   <w nite:id="Bed006.w.7,857" starttime="2121.02" endtime="2121.11" c="W">And</w>
   <w nite:id="Bed006.w.7,858" starttime="2121.11" endtime="2121.17" c="W">if</w>
   <w nite:id="Bed006.w.7,859" starttime="2121.17" endtime="2121.41" c="W">so</w>
   <w nite:id="Bed006.w.7,860" starttime="2121.41" endtime="2121.67" c="W">like</w>
   <w nite:id="Bed006.w.7,861" starttime="2121.98" endtime="2122.27" c="W">can</w>
   <disfmarker nite:id="Bed006.disfmarker.291" starttime="" endtime=""/>
   <w nite:id="Bed006.w.7,862" starttime="2122.27" endtime="2122.38" c="W">are</w>
   <w nite:id="Bed006.w.7,863" starttime="2122.38" endtime="2122.69" c="W">you</w>
   <w nite:id="Bed006.w.7,864" starttime="2122.69" endtime="2122.9" c="W">able</w>
   <w nite:id="Bed006.w.7,865" starttime="2122.9" endtime="2122.98" c="W">to</w>
   <w nite:id="Bed006.w.7,866" starttime="2122.98" endtime="2123.37" c="W">enforce</w>
   <w nite:id="Bed006.w.7,867" starttime="2123.37" endtime="2123.51" c="W">that</w>
   <w nite:id="Bed006.w.7,868" starttime="2123.51" endtime="2123.57" c="W">you</w>
   <w nite:id="Bed006.w.7,869" starttime="2123.57" endtime="2123.72" c="W">know</w>
   <w nite:id="Bed006.w.7,870" starttime="2123.72" endtime="2124.09" c="W">if</w>
   <disfmarker nite:id="Bed006.disfmarker.292" starttime="" endtime=""/>
   <w nite:id="Bed006.w.7,871" starttime="2124.09" endtime="2124.21" c="W">if</w>
   <w nite:id="Bed006.w.7,872" starttime="2124.21" endtime="" c="W">it</w>
   <w nite:id="Bed006.w.7,873" starttime="" endtime="2124.46" c="APOSS">'s</w>
   <disfmarker nite:id="Bed006.disfmarker.293" starttime="" endtime=""/>
   <w nite:id="Bed006.w.7,874" starttime="2124.53" endtime="2124.69" c="W">if</w>
   <w nite:id="Bed006.w.7,875" starttime="2124.69" endtime="" c="W">it</w>
   <w nite:id="Bed006.w.7,876" starttime="" endtime="2124.84" c="APOSS">'s</w>
   <w nite:id="Bed006.w.7,877" starttime="2124.84" endtime="2125.32" t="PLET" c="W">SPG</w>
   <w nite:id="Bed006.w.7,878" starttime="2125.32" endtime="2125.83" c="W">action</w>
   <w nite:id="Bed006.w.7,879" starttime="2125.83" endtime="2126.11" c="W">then</w>
   <w nite:id="Bed006.w.7,880" starttime="2126.11" endtime="2126.2" c="W">you</w>
   <w nite:id="Bed006.w.7,881" starttime="2126.2" endtime="2126.31" c="W">have</w>
   <w nite:id="Bed006.w.7,882" starttime="2126.31" endtime="2126.51" c="W">that</w>
   <w nite:id="Bed006.w.7,883" starttime="2126.51" endtime="2126.89" c="W">schema</w>
   <w nite:id="Bed006.w.7,884" starttime="2126.89" endtime="2126.89" c="CM">,</w>
   <w nite:id="Bed006.w.7,885" starttime="2126.89" endtime="2127.07" c="W">if</w>
   <w nite:id="Bed006.w.7,886" starttime="2127.07" endtime="" c="W">it</w>
   <w nite:id="Bed006.w.7,887" starttime="" endtime="2127.2" c="APOSS">'s</w>
   <w nite:id="Bed006.w.7,888" starttime="2127.2" endtime="2127.23" c="W">a</w>
   <w nite:id="Bed006.w.7,889" starttime="2127.23" endtime="2127.51" c="W">forced</w>
   <w nite:id="Bed006.w.7,890" starttime="2127.51" endtime="2127.77" c="W">motion</w>
   <w nite:id="Bed006.w.7,891" starttime="2127.77" endtime="2127.86" c="W">then</w>
   <w nite:id="Bed006.w.7,892" starttime="2127.86" endtime="2127.94" c="W">you</w>
   <w nite:id="Bed006.w.7,893" starttime="2127.94" endtime="2128.06" c="W">have</w>
   <w nite:id="Bed006.w.7,894" starttime="2128.06" endtime="2128.16" c="W">the</w>
   <w nite:id="Bed006.w.7,895" starttime="2128.16" endtime="2128.29" c="W">other</w>
   <w nite:id="Bed006.w.7,896" starttime="2128.29" endtime="2128.68" c="W">schema</w>
   <w nite:id="Bed006.w.7,897" starttime="2129.42" endtime="2129.76" c="W">present</w>
   <w nite:id="Bed006.w.7,898" starttime="2129.85" endtime="2129.98" c="W">in</w>
   <w nite:id="Bed006.w.7,899" starttime="2129.98" endtime="2130.23" c="W">the</w>
   <disfmarker nite:id="Bed006.disfmarker.294" starttime="" endtime=""/>
   <w nite:id="Bed006.w.8,001" starttime="2154.71" endtime="2155.06" t="PLET" c="W">OK</w>
   <w nite:id="Bed006.w.8,002" starttime="2155.06" endtime="2155.06" c=".">.</w>
   <w nite:id="Bed006.w.8,038" starttime="2167.29" endtime="2167.59" c="W">Right</w>
   <w nite:id="Bed006.w.8,039" starttime="2167.59" endtime="2167.59" c=".">.</w>
   <w nite:id="Bed006.w.12,283" starttime="3192.87" endtime="3193.1" c="W">People</w>
   <w nite:id="Bed006.w.12,284" starttime="3193.1" endtime="3193.32" c="W">reach</w>
   <w nite:id="Bed006.w.12,285" starttime="3193.32" endtime="3193.41" c="W">their</w>
   <w nite:id="Bed006.w.12,286" starttime="3193.41" endtime="3193.67" c="W">level</w>
   <w nite:id="Bed006.w.12,287" starttime="3193.67" endtime="3193.84" c="W">of</w>
   <w nite:id="Bed006.w.12,288" starttime="3193.84" endtime="3194.15" c="W">uh</w>
   <w nite:id="Bed006.w.12,291" starttime="3194.56" endtime="3195.08" c="TRUNCW">max</w>
   <w nite:id="Bed006.w.12,292" starttime="3195.26" endtime="3195.41" c="W">their</w>
   <w nite:id="Bed006.w.12,293" starttime="3195.41" endtime="3195.66" c="W">level</w>
   <w nite:id="Bed006.w.12,294" starttime="3195.66" endtime="3195.79" c="W">of</w>
   <disfmarker nite:id="Bed006.disfmarker.519" starttime="" endtime=""/>
   <w nite:id="Bed006.w.12,295" starttime="3196.21" endtime="3196.45" c="W">at</w>
   <w nite:id="Bed006.w.12,296" starttime="3196.45" endtime="3196.58" c="W">which</w>
   <w nite:id="Bed006.w.12,297" starttime="3196.58" endtime="" c="W">they</w>
   <w nite:id="Bed006.w.12,298" starttime="" endtime="3196.8" c="W">'re</w>
   <w nite:id="Bed006.w.12,299" starttime="3196.8" endtime="3197.5" c="W">incompetent</w>
   <w nite:id="Bed006.w.12,300" starttime="3197.5" endtime="3197.53" c="W">or</w>
   <w nite:id="Bed006.w.12,301" starttime="3197.53" endtime="3197.86" c="W">whatever</w>
   <w nite:id="Bed006.w.12,302" starttime="3197.86" endtime="3197.86" c=".">.</w>
   <vocalsound nite:id="Bed006.vocalsound.425" starttime="" endtime="" description="laugh"/>
   <w nite:id="Bed006.w.12,729" starttime="3324.28" endtime="" c="W">Mm</w>
   <w nite:id="Bed006.w.12,730" starttime="" endtime="" c="HYPH">-</w>
   <w nite:id="Bed006.w.12,731" starttime="" endtime="3324.63" c="W">hmm</w>
   <w nite:id="Bed006.w.12,732" starttime="3324.63" endtime="3324.63" c=".">.</w>
   <w nite:id="Bed006.w.12,770" starttime="3330.5" endtime="3330.74" c="W">Yeah</w>
   <w nite:id="Bed006.w.12,771" starttime="3330.74" endtime="3330.74" c=".">.</w>
   <w nite:id="Bed006.w.12,772" starttime="3330.91" endtime="3330.98" c="W">Yeah</w>
   <w nite:id="Bed006.w.12,773" starttime="3330.98" endtime="3330.98" c=".">.</w>
   <w nite:id="Bed006.w.12,774" starttime="3331.32" endtime="3331.4" c="TRUNCW">e</w>
   <vocalsound nite:id="Bed006.vocalsound.459" starttime="" endtime="" description="blows into mike"/>
   <w nite:id="Bed006.w.13,079" starttime="3400.83" endtime="3400.94" c="W">Yeah</w>
   <w nite:id="Bed006.w.13,080" starttime="3400.94" endtime="3400.94" c=".">.</w>
   <comment nite:id="Bed006.comment.62" starttime="" endtime="" description="extremely quietly"/>
   <w nite:id="Bed006.w.13,081" starttime="3401.28" endtime="3401.43" c="W">So</w>
   <w nite:id="Bed006.w.13,082" starttime="3401.43" endtime="3401.46" c="W">I</w>
   <w nite:id="Bed006.w.13,083" starttime="3401.46" endtime="3401.63" c="W">mean</w>
   <w nite:id="Bed006.w.13,084" starttime="3401.63" endtime="3401.91" c="W">clearly</w>
   <w nite:id="Bed006.w.13,085" starttime="3401.91" endtime="" c="W">there</w>
   <w nite:id="Bed006.w.13,086" starttime="" endtime="3402.24" c="APOSS">'s</w>
   <disfmarker nite:id="Bed006.disfmarker.552" starttime="" endtime=""/>
   <w nite:id="Bed006.w.13,087" starttime="3402.24" endtime="3402.36" c="W">I</w>
   <w nite:id="Bed006.w.13,088" starttime="3402.36" endtime="3402.53" c="W">can</w>
   <w nite:id="Bed006.w.13,089" starttime="3402.53" endtime="3402.72" c="W">talk</w>
   <w nite:id="Bed006.w.13,090" starttime="3402.72" endtime="3402.91" c="W">about</w>
   <w nite:id="Bed006.w.13,091" starttime="3402.91" endtime="3403.12" c="W">the</w>
   <w nite:id="Bed006.w.13,092" starttime="3403.12" endtime="3403.41" c="W">um</w>
   <w nite:id="Bed006.w.13,093" starttime="3403.54" endtime="3403.63" c="W">the</w>
   <w nite:id="Bed006.w.13,094" starttime="3403.63" endtime="3404.01" c="W">parser</w>
   <w nite:id="Bed006.w.13,095" starttime="3404.01" endtime="3404.46" c="W">changes</w>
   <w nite:id="Bed006.w.13,096" starttime="3404.46" endtime="3404.61" c="W">on</w>
   <w nite:id="Bed006.w.13,097" starttime="3404.61" endtime="3404.99" c="W">Friday</w>
   <w nite:id="Bed006.w.13,109" starttime="3405.43" endtime="3405.62" c="W">at</w>
   <w nite:id="Bed006.w.13,110" starttime="3405.62" endtime="3405.89" c="W">least</w>
   <w nite:id="Bed006.w.13,111" starttime="3405.89" endtime="3405.89" c="CM">,</w>
   <w nite:id="Bed006.w.13,112" starttime="3405.89" endtime="3406.13" c="W">so</w>
   <w nite:id="Bed006.w.13,113" starttime="3406.13" endtime="3406.13" c=".">.</w>
   <vocalsound nite:id="Bed006.vocalsound.503" starttime="" endtime="" description="breath-laugh"/>
   <vocalsound nite:id="Bed006.vocalsound.521" starttime="" endtime="" description="breath-laugh"/>
   <w nite:id="Bed006.w.14,163" starttime="3658.85" endtime="3659.12" c="W">Hmm</w>
   <w nite:id="Bed006.w.14,164" starttime="3659.12" endtime="3659.12" c=".">.</w>
   <vocalsound nite:id="Bed006.vocalsound.526" starttime="" endtime="" description="breath-laugh"/>
   <w nite:id="Bed006.w.14,203" starttime="3665.22" endtime="3665.59" c="W">Hmm</w>
   <w nite:id="Bed006.w.14,204" starttime="3665.59" endtime="3665.59" c=".">.</w>
   <vocalsound nite:id="Bed006.vocalsound.532" starttime="" endtime="" description="laugh"/>
</nite:root>