<?xml version="1.0" encoding="ISO-8859-1" standalone="yes"?>
<nite:root nite:id="Bed006.E.segs" xmlns:nite="http://nite.sourceforge.net/">
   <segment nite:id="Bed006.segment.29" starttime="41.625" endtime="41.865" participant="me045" timing-provenance="dialogueact">
      <nite:child href="Bed006.E.words.xml#id(Bed006.w.179)..id(Bed006.w.180)"/>
   </segment>
   <segment nite:id="Bed006.segment.37" starttime="55.874" endtime="56.627" participant="me045" timing-provenance="segment">
      <nite:child href="Bed006.E.words.xml#id(Bed006.vocalsound.16)"/>
   </segment>
   <segment nite:id="Bed006.segment.39" starttime="56.627" endtime="57.33" participant="me045" timing-provenance="segment">
      <nite:child href="Bed006.E.words.xml#id(Bed006.w.222)..id(Bed006.comment.5)"/>
   </segment>
   <segment nite:id="Bed006.segment.48" starttime="76.821" endtime="77.261" participant="me045" timing-provenance="dialogueact">
      <nite:child href="Bed006.E.words.xml#id(Bed006.w.275)..id(Bed006.w.277)"/>
   </segment>
   <segment nite:id="Bed006.segment.53" starttime="81.648" endtime="83.568" participant="me045" timing-provenance="dialogueact">
      <nite:child href="Bed006.E.words.xml#id(Bed006.w.296)..id(Bed006.w.307)"/>
   </segment>
   <segment nite:id="Bed006.segment.56" starttime="88.44" endtime="89.65" participant="me045" timing-provenance="segment">
      <nite:child href="Bed006.E.words.xml#id(Bed006.vocalsound.26)..id(Bed006.w.323)"/>
   </segment>
   <segment nite:id="Bed006.segment.63" starttime="119.95" endtime="120.92" participant="me045" timing-provenance="segment">
      <nite:child href="Bed006.E.words.xml#id(Bed006.vocalsound.32)"/>
   </segment>
   <segment nite:id="Bed006.segment.71" starttime="129.48" endtime="131.01" participant="me045" timing-provenance="segment">
      <nite:child href="Bed006.E.words.xml#id(Bed006.w.440)..id(Bed006.vocalsound.36)"/>
   </segment>
   <segment nite:id="Bed006.segment.78" starttime="137.149" endtime="137.559" participant="me045" timing-provenance="dialogueact">
      <nite:child href="Bed006.E.words.xml#id(Bed006.w.464)..id(Bed006.w.465)"/>
   </segment>
   <segment nite:id="Bed006.segment.83" starttime="138.472" endtime="139.211" participant="me045" timing-provenance="segment">
      <nite:child href="Bed006.E.words.xml#id(Bed006.vocalsound.41)"/>
   </segment>
   <segment nite:id="Bed006.segment.100" starttime="175.304" endtime="176.28" participant="me045" timing-provenance="segment">
      <nite:child href="Bed006.E.words.xml#id(Bed006.vocalsound.51)"/>
   </segment>
   <segment nite:id="Bed006.segment.106" starttime="181.52" endtime="183.84" participant="me045" timing-provenance="segment">
      <nite:child href="Bed006.E.words.xml#id(Bed006.w.604)..id(Bed006.vocalsound.55)"/>
   </segment>
   <segment nite:id="Bed006.segment.112" starttime="184.747" endtime="185.57" participant="me045" timing-provenance="segment">
      <nite:child href="Bed006.E.words.xml#id(Bed006.vocalsound.58)"/>
   </segment>
   <segment nite:id="Bed006.segment.137" starttime="229.398" endtime="229.98" participant="me045" timing-provenance="segment">
      <nite:child href="Bed006.E.words.xml#id(Bed006.vocalsound.72)"/>
   </segment>
   <segment nite:id="Bed006.segment.140" starttime="237.604" endtime="238.964" participant="me045" timing-provenance="dialogueact">
      <nite:child href="Bed006.E.words.xml#id(Bed006.w.759)..id(Bed006.w.766)"/>
   </segment>
   <segment nite:id="Bed006.segment.148" starttime="244.189" endtime="245.75" participant="me045" timing-provenance="segment">
      <nite:child href="Bed006.E.words.xml#id(Bed006.vocalsound.81)"/>
   </segment>
   <segment nite:id="Bed006.segment.212" starttime="347.487" endtime="348.25" participant="me045" timing-provenance="segment">
      <nite:child href="Bed006.E.words.xml#id(Bed006.vocalsound.93)"/>
   </segment>
   <segment nite:id="Bed006.segment.275" starttime="562.47" endtime="564.13" participant="me045" timing-provenance="dialogueact">
      <nite:child href="Bed006.E.words.xml#id(Bed006.w.1,981)..id(Bed006.w.1,990)"/>
   </segment>
   <segment nite:id="Bed006.segment.277" starttime="564.75" endtime="565.88" participant="me045" timing-provenance="dialogueact">
      <nite:child href="Bed006.E.words.xml#id(Bed006.w.2,005)..id(Bed006.w.2,011)"/>
   </segment>
   <segment nite:id="Bed006.segment.295" starttime="641.713" endtime="642.47" participant="me045" timing-provenance="segment">
      <nite:child href="Bed006.E.words.xml#id(Bed006.vocalsound.118)"/>
   </segment>
   <segment nite:id="Bed006.segment.308" starttime="658.886" endtime="659.331" participant="me045" timing-provenance="segment">
      <nite:child href="Bed006.E.words.xml#id(Bed006.vocalsound.124)"/>
   </segment>
   <segment nite:id="Bed006.segment.319" starttime="689.891" endtime="692.129" participant="me045" timing-provenance="segment">
      <nite:child href="Bed006.E.words.xml#id(Bed006.w.2,327)..id(Bed006.disfmarker.70)"/>
   </segment>
   <segment nite:id="Bed006.segment.322" starttime="692.151" endtime="696.631" participant="me045" timing-provenance="dialogueact">
      <nite:child href="Bed006.E.words.xml#id(Bed006.w.2,344)..id(Bed006.w.2,367)"/>
   </segment>
   <segment nite:id="Bed006.segment.329" starttime="701.813" endtime="704.18" participant="me045" timing-provenance="segment">
      <nite:child href="Bed006.E.words.xml#id(Bed006.w.2,432)..id(Bed006.disfmarker.76)"/>
   </segment>
   <segment nite:id="Bed006.segment.334" starttime="704.995" endtime="705.445" participant="me045" timing-provenance="dialogueact">
      <nite:child href="Bed006.E.words.xml#id(Bed006.w.2,468)..id(Bed006.w.2,469)"/>
   </segment>
   <segment nite:id="Bed006.segment.335" starttime="706.712" endtime="707.102" participant="me045" timing-provenance="dialogueact">
      <nite:child href="Bed006.E.words.xml#id(Bed006.w.2,470)..id(Bed006.w.2,471)"/>
   </segment>
   <segment nite:id="Bed006.segment.337" starttime="710.9" endtime="711.21" participant="me045" timing-provenance="dialogueact">
      <nite:child href="Bed006.E.words.xml#id(Bed006.w.2,519)..id(Bed006.w.2,520)"/>
   </segment>
   <segment nite:id="Bed006.segment.338" starttime="713.495" endtime="713.785" participant="me045" timing-provenance="dialogueact">
      <nite:child href="Bed006.E.words.xml#id(Bed006.w.2,521)..id(Bed006.w.2,522)"/>
   </segment>
   <segment nite:id="Bed006.segment.339" starttime="716.19" endtime="716.65" participant="me045" timing-provenance="dialogueact">
      <nite:child href="Bed006.E.words.xml#id(Bed006.w.2,523)..id(Bed006.w.2,524)"/>
   </segment>
   <segment nite:id="Bed006.segment.340" starttime="720.644" endtime="720.984" participant="me045" timing-provenance="dialogueact">
      <nite:child href="Bed006.E.words.xml#id(Bed006.w.2,525)..id(Bed006.w.2,526)"/>
   </segment>
   <segment nite:id="Bed006.segment.345" starttime="727.214" endtime="727.534" participant="me045" timing-provenance="dialogueact">
      <nite:child href="Bed006.E.words.xml#id(Bed006.w.2,561)..id(Bed006.w.2,562)"/>
   </segment>
   <segment nite:id="Bed006.segment.371" starttime="793.95" endtime="794.53" participant="me045" timing-provenance="dialogueact">
      <nite:child href="Bed006.E.words.xml#id(Bed006.w.2,862)..id(Bed006.w.2,865)"/>
   </segment>
   <segment nite:id="Bed006.segment.388" starttime="833.828" endtime="834.288" participant="me045" timing-provenance="dialogueact">
      <nite:child href="Bed006.E.words.xml#id(Bed006.w.3,018)..id(Bed006.w.3,021)"/>
   </segment>
   <segment nite:id="Bed006.segment.410" starttime="888.338" endtime="888.738" participant="me045" timing-provenance="dialogueact">
      <nite:child href="Bed006.E.words.xml#id(Bed006.w.3,217)..id(Bed006.w.3,218)"/>
   </segment>
   <segment nite:id="Bed006.segment.439" starttime="980.95" endtime="981.29" participant="me045" timing-provenance="segment">
      <nite:child href="Bed006.E.words.xml#id(Bed006.vocalsound.155)"/>
   </segment>
   <segment nite:id="Bed006.segment.443" starttime="992.969" endtime="996.431" participant="me045" timing-provenance="segment">
      <nite:child href="Bed006.E.words.xml#id(Bed006.vocalsound.157)"/>
   </segment>
   <segment nite:id="Bed006.segment.448" starttime="997.623" endtime="998.806" participant="me045" timing-provenance="segment">
      <nite:child href="Bed006.E.words.xml#id(Bed006.vocalsound.160)"/>
   </segment>
   <segment nite:id="Bed006.segment.453" starttime="1009.007" endtime="1009.88" participant="me045" timing-provenance="segment">
      <nite:child href="Bed006.E.words.xml#id(Bed006.vocalsound.163)"/>
   </segment>
   <segment nite:id="Bed006.segment.469" starttime="1075.333" endtime="1076.22" participant="me045" timing-provenance="segment">
      <nite:child href="Bed006.E.words.xml#id(Bed006.vocalsound.166)"/>
   </segment>
   <segment nite:id="Bed006.segment.474" starttime="1078.836" endtime="1079.538" participant="me045" timing-provenance="segment">
      <nite:child href="Bed006.E.words.xml#id(Bed006.vocalsound.169)"/>
   </segment>
   <segment nite:id="Bed006.segment.478" starttime="1083.952" endtime="1084.78" participant="me045" timing-provenance="segment">
      <nite:child href="Bed006.E.words.xml#id(Bed006.vocalsound.171)"/>
   </segment>
   <segment nite:id="Bed006.segment.483" starttime="1086.02" endtime="1087.63" participant="me045" timing-provenance="segment">
      <nite:child href="Bed006.E.words.xml#id(Bed006.w.3,817)..id(Bed006.vocalsound.174)"/>
   </segment>
   <segment nite:id="Bed006.segment.495" starttime="1103.43" endtime="1104.41" participant="me045" timing-provenance="segment">
      <nite:child href="Bed006.E.words.xml#id(Bed006.vocalsound.178)"/>
   </segment>
   <segment nite:id="Bed006.segment.511" starttime="1129.807" endtime="1131.99" participant="me045" timing-provenance="segment">
      <nite:child href="Bed006.E.words.xml#id(Bed006.w.3,989)..id(Bed006.vocalsound.185)"/>
   </segment>
   <segment nite:id="Bed006.segment.517" starttime="1140.25" endtime="1141.13" participant="me045" timing-provenance="segment">
      <nite:child href="Bed006.E.words.xml#id(Bed006.vocalsound.189)"/>
   </segment>
   <segment nite:id="Bed006.segment.530" starttime="1173.433" endtime="1174.481" participant="me045" timing-provenance="segment">
      <nite:child href="Bed006.E.words.xml#id(Bed006.vocalsound.192)"/>
   </segment>
   <segment nite:id="Bed006.segment.532" starttime="1174.53" endtime="1174.98" participant="me045" timing-provenance="dialogueact">
      <nite:child href="Bed006.E.words.xml#id(Bed006.w.4,136)..id(Bed006.w.4,139)"/>
   </segment>
   <segment nite:id="Bed006.segment.552" starttime="1208.86" endtime="1209.16" participant="me045" timing-provenance="dialogueact">
      <nite:child href="Bed006.E.words.xml#id(Bed006.w.4,282)..id(Bed006.w.4,283)"/>
   </segment>
   <segment nite:id="Bed006.segment.554" starttime="1216.603" endtime="1217.1" participant="me045" timing-provenance="segment">
      <nite:child href="Bed006.E.words.xml#id(Bed006.vocalsound.200)"/>
   </segment>
   <segment nite:id="Bed006.segment.561" starttime="1220.86" endtime="1223.09" participant="me045" timing-provenance="segment">
      <nite:child href="Bed006.E.words.xml#id(Bed006.w.4,311)..id(Bed006.vocalsound.206)"/>
   </segment>
   <segment nite:id="Bed006.segment.563" starttime="1223.65" endtime="1225.344" participant="me045" timing-provenance="segment">
      <nite:child href="Bed006.E.words.xml#id(Bed006.w.4,320)..id(Bed006.vocalsound.207)"/>
   </segment>
   <segment nite:id="Bed006.segment.564" starttime="1225.38" endtime="1228.05" participant="me045" timing-provenance="dialogueact">
      <nite:child href="Bed006.E.words.xml#id(Bed006.w.4,322)..id(Bed006.w.4,335)"/>
   </segment>
   <segment nite:id="Bed006.segment.567" starttime="1228.73" endtime="1229.859" participant="me045" timing-provenance="segment">
      <nite:child href="Bed006.E.words.xml#id(Bed006.vocalsound.209)"/>
   </segment>
   <segment nite:id="Bed006.segment.577" starttime="1243.23" endtime="1243.73" participant="me045" timing-provenance="dialogueact">
      <nite:child href="Bed006.E.words.xml#id(Bed006.w.4,390)..id(Bed006.w.4,393)"/>
   </segment>
   <segment nite:id="Bed006.segment.578" starttime="1243.152" endtime="1246.23" participant="me045" timing-provenance="segment">
      <nite:child href="Bed006.E.words.xml#id(Bed006.w.4,394)..id(Bed006.vocalsound.215)"/>
   </segment>
   <segment nite:id="Bed006.segment.581" starttime="1246.59" endtime="1250.546" participant="me045" timing-provenance="segment">
      <nite:child href="Bed006.E.words.xml#id(Bed006.vocalsound.218)"/>
   </segment>
   <segment nite:id="Bed006.segment.598" starttime="1289.04" endtime="1289.39" participant="me045" timing-provenance="dialogueact">
      <nite:child href="Bed006.E.words.xml#id(Bed006.w.4,579)..id(Bed006.w.4,582)"/>
   </segment>
   <segment nite:id="Bed006.segment.612" starttime="1316.0" endtime="1316.9" participant="me045" timing-provenance="segment">
      <nite:child href="Bed006.E.words.xml#id(Bed006.vocalsound.227)"/>
   </segment>
   <segment nite:id="Bed006.segment.617" starttime="1318.78" endtime="1320.473" participant="me045" timing-provenance="segment">
      <nite:child href="Bed006.E.words.xml#id(Bed006.vocalsound.230)"/>
   </segment>
   <segment nite:id="Bed006.segment.623" starttime="1331.24" endtime="1331.5" participant="me045" timing-provenance="dialogueact">
      <nite:child href="Bed006.E.words.xml#id(Bed006.w.4,766)..id(Bed006.w.4,767)"/>
   </segment>
   <segment nite:id="Bed006.segment.637" starttime="1356.726" endtime="1357.4" participant="me045" timing-provenance="segment">
      <nite:child href="Bed006.E.words.xml#id(Bed006.vocalsound.237)"/>
   </segment>
   <segment nite:id="Bed006.segment.638" starttime="1357.48" endtime="1357.94" participant="me045" timing-provenance="dialogueact">
      <nite:child href="Bed006.E.words.xml#id(Bed006.w.4,852)..id(Bed006.w.4,856)"/>
   </segment>
   <segment nite:id="Bed006.segment.647" starttime="1375.01" endtime="1376.08" participant="me045" timing-provenance="dialogueact">
      <nite:child href="Bed006.E.words.xml#id(Bed006.w.4,883)..id(Bed006.w.4,890)"/>
   </segment>
   <segment nite:id="Bed006.segment.657" starttime="1396.88" endtime="1397.14" participant="me045" timing-provenance="dialogueact">
      <nite:child href="Bed006.E.words.xml#id(Bed006.w.4,958)..id(Bed006.w.4,959)"/>
   </segment>
   <segment nite:id="Bed006.segment.665" starttime="1414.31" endtime="1414.61" participant="me045" timing-provenance="dialogueact">
      <nite:child href="Bed006.E.words.xml#id(Bed006.w.4,996)..id(Bed006.w.4,999)"/>
   </segment>
   <segment nite:id="Bed006.segment.673" starttime="1436.324" endtime="1437.32" participant="me045" timing-provenance="segment">
      <nite:child href="Bed006.E.words.xml#id(Bed006.vocalsound.247)"/>
   </segment>
   <segment nite:id="Bed006.segment.680" starttime="1459.54" endtime="1459.76" participant="me045" timing-provenance="dialogueact">
      <nite:child href="Bed006.E.words.xml#id(Bed006.w.5,164)..id(Bed006.w.5,165)"/>
   </segment>
   <segment nite:id="Bed006.segment.692" starttime="1519.572" endtime="1520.25" participant="me045" timing-provenance="segment">
      <nite:child href="Bed006.E.words.xml#id(Bed006.vocalsound.252)"/>
   </segment>
   <segment nite:id="Bed006.segment.708" starttime="1562.436" endtime="1563.079" participant="me045" timing-provenance="segment">
      <nite:child href="Bed006.E.words.xml#id(Bed006.vocalsound.257)"/>
   </segment>
   <segment nite:id="Bed006.segment.710" starttime="1563.848" endtime="1565.65" participant="me045" timing-provenance="segment">
      <nite:child href="Bed006.E.words.xml#id(Bed006.w.5,526)..id(Bed006.vocalsound.258)"/>
   </segment>
   <segment nite:id="Bed006.segment.743" starttime="1630.02" endtime="1630.575" participant="me045" timing-provenance="segment">
      <nite:child href="Bed006.E.words.xml#id(Bed006.vocalsound.268)"/>
   </segment>
   <segment nite:id="Bed006.segment.746" starttime="1631.37" endtime="1633.19" participant="me045" timing-provenance="segment">
      <nite:child href="Bed006.E.words.xml#id(Bed006.vocalsound.270)"/>
   </segment>
   <segment nite:id="Bed006.segment.752" starttime="1637.109" endtime="1638.38" participant="me045" timing-provenance="segment">
      <nite:child href="Bed006.E.words.xml#id(Bed006.vocalsound.274)"/>
   </segment>
   <segment nite:id="Bed006.segment.755" starttime="1639.03" endtime="1641.52" participant="me045" timing-provenance="dialogueact">
      <nite:child href="Bed006.E.words.xml#id(Bed006.w.5,817)..id(Bed006.w.5,827)"/>
   </segment>
   <segment nite:id="Bed006.segment.759" starttime="1642.186" endtime="1643.21" participant="me045" timing-provenance="segment">
      <nite:child href="Bed006.E.words.xml#id(Bed006.vocalsound.278)"/>
   </segment>
   <segment nite:id="Bed006.segment.762" starttime="1646.148" endtime="1647.23" participant="me045" timing-provenance="segment">
      <nite:child href="Bed006.E.words.xml#id(Bed006.vocalsound.280)"/>
   </segment>
   <segment nite:id="Bed006.segment.768" starttime="1655.24" endtime="1655.6" participant="me045" timing-provenance="dialogueact">
      <nite:child href="Bed006.E.words.xml#id(Bed006.w.5,885)..id(Bed006.w.5,888)"/>
   </segment>
   <segment nite:id="Bed006.segment.781" starttime="1680.276" endtime="1681.195" participant="me045" timing-provenance="segment">
      <nite:child href="Bed006.E.words.xml#id(Bed006.vocalsound.287)"/>
   </segment>
   <segment nite:id="Bed006.segment.783" starttime="1681.23" endtime="1681.68" participant="me045" timing-provenance="dialogueact">
      <nite:child href="Bed006.E.words.xml#id(Bed006.w.5,991)..id(Bed006.w.5,992)"/>
   </segment>
   <segment nite:id="Bed006.segment.805" starttime="1723.49" endtime="1723.9" participant="me045" timing-provenance="dialogueact">
      <nite:child href="Bed006.E.words.xml#id(Bed006.w.6,153)..id(Bed006.w.6,156)"/>
   </segment>
   <segment nite:id="Bed006.segment.852" starttime="1852.62" endtime="1853.64" participant="me045" timing-provenance="segment">
      <nite:child href="Bed006.E.words.xml#id(Bed006.vocalsound.300)"/>
   </segment>
   <segment nite:id="Bed006.segment.857" starttime="1861.09" endtime="1861.58" participant="me045" timing-provenance="dialogueact">
      <nite:child href="Bed006.E.words.xml#id(Bed006.w.6,767)..id(Bed006.w.6,768)"/>
   </segment>
   <segment nite:id="Bed006.segment.863" starttime="1883.133" endtime="1886.76" participant="me045" timing-provenance="segment">
      <nite:child href="Bed006.E.words.xml#id(Bed006.w.6,873)..id(Bed006.disfmarker.262)"/>
   </segment>
   <segment nite:id="Bed006.segment.865" starttime="1887.82" endtime="1888.03" participant="me045" timing-provenance="dialogueact">
      <nite:child href="Bed006.E.words.xml#id(Bed006.w.6,911)..id(Bed006.w.6,912)"/>
   </segment>
   <segment nite:id="Bed006.segment.918" starttime="2047.29" endtime="2047.86" participant="me045" timing-provenance="dialogueact">
      <nite:child href="Bed006.E.words.xml#id(Bed006.w.7,517)..id(Bed006.w.7,520)"/>
   </segment>
   <segment nite:id="Bed006.segment.937" starttime="2094.71" endtime="2095.11" participant="me045" timing-provenance="dialogueact">
      <nite:child href="Bed006.E.words.xml#id(Bed006.w.7,729)..id(Bed006.w.7,732)"/>
   </segment>
   <segment nite:id="Bed006.segment.944" starttime="2105.59" endtime="2105.98" participant="me045" timing-provenance="dialogueact">
      <nite:child href="Bed006.E.words.xml#id(Bed006.w.7,790)..id(Bed006.w.7,791)"/>
   </segment>
   <segment nite:id="Bed006.segment.975" starttime="2204.05" endtime="2205.05" participant="me045" timing-provenance="dialogueact">
      <nite:child href="Bed006.E.words.xml#id(Bed006.w.8,203)..id(Bed006.w.8,205)"/>
   </segment>
   <segment nite:id="Bed006.segment.979" starttime="2208.72" endtime="2209.34" participant="me045" timing-provenance="segment">
      <nite:child href="Bed006.E.words.xml#id(Bed006.w.8,218)..id(Bed006.comment.40)"/>
   </segment>
   <segment nite:id="Bed006.segment.982" starttime="2210.05" endtime="2213.16" participant="me045" timing-provenance="segment">
      <nite:child href="Bed006.E.words.xml#id(Bed006.w.8,221)..id(Bed006.vocalsound.313)"/>
   </segment>
   <segment nite:id="Bed006.segment.990" starttime="2215.816" endtime="2216.492" participant="me045" timing-provenance="segment">
      <nite:child href="Bed006.E.words.xml#id(Bed006.vocalsound.316)"/>
   </segment>
   <segment nite:id="Bed006.segment.1,046" starttime="2345.85" endtime="2352.23" participant="me045" timing-provenance="segment">
      <nite:child href="Bed006.E.words.xml#id(Bed006.w.8,782)..id(Bed006.disfmarker.337)"/>
   </segment>
   <segment nite:id="Bed006.segment.1,051" starttime="2352.887" endtime="2353.966" participant="me045" timing-provenance="segment">
      <nite:child href="Bed006.E.words.xml#id(Bed006.w.8,833)..id(Bed006.vocalsound.330)"/>
   </segment>
   <segment nite:id="Bed006.segment.1,052" starttime="2354.63" endtime="2356.62" participant="me045" timing-provenance="dialogueact">
      <nite:child href="Bed006.E.words.xml#id(Bed006.w.8,835)..id(Bed006.w.8,843)"/>
   </segment>
   <segment nite:id="Bed006.segment.1,055" starttime="2360.9" endtime="2361.43" participant="me045" timing-provenance="dialogueact">
      <nite:child href="Bed006.E.words.xml#id(Bed006.w.8,863)..id(Bed006.w.8,864)"/>
   </segment>
   <segment nite:id="Bed006.segment.1,058" starttime="2365.59" endtime="2365.81" participant="me045" timing-provenance="dialogueact">
      <nite:child href="Bed006.E.words.xml#id(Bed006.w.8,892)..id(Bed006.w.8,893)"/>
   </segment>
   <segment nite:id="Bed006.segment.1,074" starttime="2406.92" endtime="2407.23" participant="me045" timing-provenance="dialogueact">
      <nite:child href="Bed006.E.words.xml#id(Bed006.w.9,065)..id(Bed006.w.9,066)"/>
   </segment>
   <segment nite:id="Bed006.segment.1,076" starttime="2411.047" endtime="2411.853" participant="me045" timing-provenance="segment">
      <nite:child href="Bed006.E.words.xml#id(Bed006.vocalsound.336)"/>
   </segment>
   <segment nite:id="Bed006.segment.1,112" starttime="2482.69" endtime="2483.02" participant="me045" timing-provenance="dialogueact">
      <nite:child href="Bed006.E.words.xml#id(Bed006.w.9,420)..id(Bed006.w.9,423)"/>
   </segment>
   <segment nite:id="Bed006.segment.1,114" starttime="2487.2" endtime="2487.5" participant="me045" timing-provenance="dialogueact">
      <nite:child href="Bed006.E.words.xml#id(Bed006.w.9,427)..id(Bed006.w.9,430)"/>
   </segment>
   <segment nite:id="Bed006.segment.1,116" starttime="2487.83" endtime="2488.01" participant="me045" timing-provenance="dialogueact">
      <nite:child href="Bed006.E.words.xml#id(Bed006.w.9,433)..id(Bed006.w.9,434)"/>
   </segment>
   <segment nite:id="Bed006.segment.1,123" starttime="2505.31" endtime="2510.3" participant="me045" timing-provenance="dialogueact">
      <nite:child href="Bed006.E.words.xml#id(Bed006.w.9,496)..id(Bed006.w.9,515)"/>
   </segment>
   <segment nite:id="Bed006.segment.1,168" starttime="2656.92" endtime="2660.3" participant="me045" timing-provenance="dialogueact">
      <nite:child href="Bed006.E.words.xml#id(Bed006.w.10,033)..id(Bed006.w.10,047)"/>
   </segment>
   <segment nite:id="Bed006.segment.1,170" starttime="2660.57" endtime="2664.98" participant="me045" timing-provenance="dialogueact">
      <nite:child href="Bed006.E.words.xml#id(Bed006.w.10,050)..id(Bed006.w.10,073)"/>
   </segment>
   <segment nite:id="Bed006.segment.1,171" starttime="2665.46" endtime="2667.69" participant="me045" timing-provenance="dialogueact">
      <nite:child href="Bed006.E.words.xml#id(Bed006.w.10,074)..id(Bed006.w.10,085)"/>
   </segment>
   <segment nite:id="Bed006.segment.1,174" starttime="2668.15" endtime="2670.48" participant="me045" timing-provenance="dialogueact">
      <nite:child href="Bed006.E.words.xml#id(Bed006.w.10,090)..id(Bed006.w.10,105)"/>
   </segment>
   <segment nite:id="Bed006.segment.1,185" starttime="2705.64" endtime="2706.0" participant="me045" timing-provenance="dialogueact">
      <nite:child href="Bed006.E.words.xml#id(Bed006.w.10,249)..id(Bed006.w.10,252)"/>
   </segment>
   <segment nite:id="Bed006.segment.1,188" starttime="2714.24" endtime="2718.06" participant="me045" timing-provenance="dialogueact">
      <nite:child href="Bed006.E.words.xml#id(Bed006.w.10,277)..id(Bed006.w.10,293)"/>
   </segment>
   <segment nite:id="Bed006.segment.1,220" starttime="2804.52" endtime="2808.71" participant="me045" timing-provenance="segment">
      <nite:child href="Bed006.E.words.xml#id(Bed006.w.10,714)..id(Bed006.comment.42)"/>
   </segment>
   <segment nite:id="Bed006.segment.1,234" starttime="2831.65" endtime="2833.2" participant="me045" timing-provenance="dialogueact">
      <nite:child href="Bed006.E.words.xml#id(Bed006.w.10,845)..id(Bed006.w.10,850)"/>
   </segment>
   <segment nite:id="Bed006.segment.1,237" starttime="2835.18" endtime="2835.47" participant="me045" timing-provenance="dialogueact">
      <nite:child href="Bed006.E.words.xml#id(Bed006.w.10,889)..id(Bed006.w.10,890)"/>
   </segment>
   <segment nite:id="Bed006.segment.1,240" starttime="2846.32" endtime="2846.51" participant="me045" timing-provenance="dialogueact">
      <nite:child href="Bed006.E.words.xml#id(Bed006.w.10,941)..id(Bed006.w.10,942)"/>
   </segment>
   <segment nite:id="Bed006.segment.1,241" starttime="2847.76" endtime="2853.54" participant="me045" timing-provenance="segment">
      <nite:child href="Bed006.E.words.xml#id(Bed006.w.10,943)..id(Bed006.vocalsound.367)"/>
   </segment>
   <segment nite:id="Bed006.segment.1,245" starttime="2856.46" endtime="2856.8" participant="me045" timing-provenance="dialogueact">
      <nite:child href="Bed006.E.words.xml#id(Bed006.w.10,992)..id(Bed006.w.10,993)"/>
   </segment>
   <segment nite:id="Bed006.segment.1,249" starttime="2861.07" endtime="2868.452" participant="me045" timing-provenance="segment">
      <nite:child href="Bed006.E.words.xml#id(Bed006.w.11,018)..id(Bed006.disfmarker.450)"/>
   </segment>
   <segment nite:id="Bed006.segment.1,250" starttime="2868.661" endtime="2870.355" participant="me045" timing-provenance="segment">
      <nite:child href="Bed006.E.words.xml#id(Bed006.w.11,040)..id(Bed006.w.11,045)"/>
   </segment>
   <segment nite:id="Bed006.segment.1,251" starttime="2870.355" endtime="2872.79" participant="me045" timing-provenance="segment">
      <nite:child href="Bed006.E.words.xml#id(Bed006.vocalsound.373)..id(Bed006.disfmarker.451)"/>
   </segment>
   <segment nite:id="Bed006.segment.1,255" starttime="2873.14" endtime="2873.364" participant="me045" timing-provenance="segment">
      <nite:child href="Bed006.E.words.xml#id(Bed006.w.11,054)..id(Bed006.comment.44)"/>
   </segment>
   <segment nite:id="Bed006.segment.1,257" starttime="2873.364" endtime="2874.717" participant="me045" timing-provenance="segment">
      <nite:child href="Bed006.E.words.xml#id(Bed006.w.11,056)..id(Bed006.vocalsound.378)"/>
   </segment>
   <segment nite:id="Bed006.segment.1,258" starttime="2874.76" endtime="2875.26" participant="me045" timing-provenance="dialogueact">
      <nite:child href="Bed006.E.words.xml#id(Bed006.w.11,061)..id(Bed006.w.11,062)"/>
   </segment>
   <segment nite:id="Bed006.segment.1,260" starttime="2876.474" endtime="2877.226" participant="me045" timing-provenance="segment">
      <nite:child href="Bed006.E.words.xml#id(Bed006.w.11,073)..id(Bed006.disfmarker.452)"/>
   </segment>
   <segment nite:id="Bed006.segment.1,261" starttime="2877.537" endtime="2878.703" participant="me045" timing-provenance="segment">
      <nite:child href="Bed006.E.words.xml#id(Bed006.w.11,076)..id(Bed006.disfmarker.453)"/>
   </segment>
   <segment nite:id="Bed006.segment.1,263" starttime="2879.665" endtime="2881.279" participant="me045" timing-provenance="segment">
      <nite:child href="Bed006.E.words.xml#id(Bed006.w.11,083)..id(Bed006.comment.48)"/>
   </segment>
   <segment nite:id="Bed006.segment.1,265" starttime="2881.64" endtime="2882.0" participant="me045" timing-provenance="dialogueact">
      <nite:child href="Bed006.E.words.xml#id(Bed006.w.11,094)..id(Bed006.w.11,095)"/>
   </segment>
   <segment nite:id="Bed006.segment.1,266" starttime="2883.108" endtime="2885.262" participant="me045" timing-provenance="segment">
      <nite:child href="Bed006.E.words.xml#id(Bed006.w.11,096)..id(Bed006.disfmarker.455)"/>
   </segment>
   <segment nite:id="Bed006.segment.1,267" starttime="2885.37" endtime="2886.21" participant="me045" timing-provenance="dialogueact">
      <nite:child href="Bed006.E.words.xml#id(Bed006.w.11,103)..id(Bed006.w.11,106)"/>
   </segment>
   <segment nite:id="Bed006.segment.1,268" starttime="2887.27" endtime="2889.89" participant="me045" timing-provenance="dialogueact">
      <nite:child href="Bed006.E.words.xml#id(Bed006.w.11,107)..id(Bed006.w.11,114)"/>
   </segment>
   <segment nite:id="Bed006.segment.1,269" starttime="2889.99" endtime="2895.69" participant="me045" timing-provenance="dialogueact">
      <nite:child href="Bed006.E.words.xml#id(Bed006.w.11,115)..id(Bed006.w.11,135)"/>
   </segment>
   <segment nite:id="Bed006.segment.1,270" starttime="2895.836" endtime="2903.625" participant="me045" timing-provenance="segment">
      <nite:child href="Bed006.E.words.xml#id(Bed006.w.11,136)..id(Bed006.w.11,175)"/>
   </segment>
   <segment nite:id="Bed006.segment.1,271" starttime="2903.93" endtime="2906.82" participant="me045" timing-provenance="dialogueact">
      <nite:child href="Bed006.E.words.xml#id(Bed006.w.11,176)..id(Bed006.w.11,201)"/>
   </segment>
   <segment nite:id="Bed006.segment.1,272" starttime="2907.09" endtime="2913.78" participant="me045" timing-provenance="dialogueact">
      <nite:child href="Bed006.E.words.xml#id(Bed006.w.11,202)..id(Bed006.w.11,237)"/>
   </segment>
   <segment nite:id="Bed006.segment.1,274" starttime="2914.41" endtime="2915.15" participant="me045" timing-provenance="dialogueact">
      <nite:child href="Bed006.E.words.xml#id(Bed006.w.11,242)..id(Bed006.w.11,245)"/>
   </segment>
   <segment nite:id="Bed006.segment.1,275" starttime="2915.4" endtime="2921.24" participant="me045" timing-provenance="dialogueact">
      <nite:child href="Bed006.E.words.xml#id(Bed006.w.11,246)..id(Bed006.w.11,272)"/>
   </segment>
   <segment nite:id="Bed006.segment.1,281" starttime="2926.37" endtime="2926.75" participant="me045" timing-provenance="dialogueact">
      <nite:child href="Bed006.E.words.xml#id(Bed006.w.11,308)..id(Bed006.w.11,309)"/>
   </segment>
   <segment nite:id="Bed006.segment.1,284" starttime="2930.88" endtime="2931.21" participant="me045" timing-provenance="dialogueact">
      <nite:child href="Bed006.E.words.xml#id(Bed006.w.11,329)..id(Bed006.w.11,330)"/>
   </segment>
   <segment nite:id="Bed006.segment.1,287" starttime="2934.48" endtime="2934.85" participant="me045" timing-provenance="dialogueact">
      <nite:child href="Bed006.E.words.xml#id(Bed006.w.11,339)..id(Bed006.w.11,340)"/>
   </segment>
   <segment nite:id="Bed006.segment.1,294" starttime="2943.455" endtime="2943.883" participant="me045" timing-provenance="segment">
      <nite:child href="Bed006.E.words.xml#id(Bed006.w.11,368)..id(Bed006.w.11,369)"/>
   </segment>
   <segment nite:id="Bed006.segment.1,298" starttime="2945.45" endtime="2949.36" participant="me045" timing-provenance="dialogueact">
      <nite:child href="Bed006.E.words.xml#id(Bed006.w.11,387)..id(Bed006.w.11,409)"/>
   </segment>
   <segment nite:id="Bed006.segment.1,308" starttime="2954.33" endtime="2954.83" participant="me045" timing-provenance="dialogueact">
      <nite:child href="Bed006.E.words.xml#id(Bed006.w.11,448)..id(Bed006.w.11,450)"/>
   </segment>
   <segment nite:id="Bed006.segment.1,309" starttime="2955.173" endtime="2956.221" participant="me045" timing-provenance="segment">
      <nite:child href="Bed006.E.words.xml#id(Bed006.vocalsound.388)"/>
   </segment>
   <segment nite:id="Bed006.segment.1,314" starttime="2957.352" endtime="2958.092" participant="me045" timing-provenance="segment">
      <nite:child href="Bed006.E.words.xml#id(Bed006.vocalsound.391)"/>
   </segment>
   <segment nite:id="Bed006.segment.1,327" starttime="2984.59" endtime="2985.4" participant="me045" timing-provenance="segment">
      <nite:child href="Bed006.E.words.xml#id(Bed006.vocalsound.398)"/>
   </segment>
   <segment nite:id="Bed006.segment.1,328" starttime="2985.66" endtime="2986.77" participant="me045" timing-provenance="segment">
      <nite:child href="Bed006.E.words.xml#id(Bed006.w.11,553)..id(Bed006.comment.52)"/>
   </segment>
   <segment nite:id="Bed006.segment.1,333" starttime="3002.556" endtime="3003.367" participant="me045" timing-provenance="segment">
      <nite:child href="Bed006.E.words.xml#id(Bed006.w.11,602)..id(Bed006.vocalsound.399)"/>
   </segment>
   <segment nite:id="Bed006.segment.1,340" starttime="3009.63" endtime="3009.95" participant="me045" timing-provenance="dialogueact">
      <nite:child href="Bed006.E.words.xml#id(Bed006.w.11,628)..id(Bed006.w.11,629)"/>
   </segment>
   <segment nite:id="Bed006.segment.1,341" starttime="3010.67" endtime="3010.95" participant="me045" timing-provenance="dialogueact">
      <nite:child href="Bed006.E.words.xml#id(Bed006.w.11,630)..id(Bed006.w.11,631)"/>
   </segment>
   <segment nite:id="Bed006.segment.1,345" starttime="3015.436" endtime="3016.61" participant="me045" timing-provenance="segment">
      <nite:child href="Bed006.E.words.xml#id(Bed006.vocalsound.406)"/>
   </segment>
   <segment nite:id="Bed006.segment.1,349" starttime="3017.45" endtime="3019.13" participant="me045" timing-provenance="segment">
      <nite:child href="Bed006.E.words.xml#id(Bed006.w.11,646)..id(Bed006.vocalsound.409)"/>
   </segment>
   <segment nite:id="Bed006.segment.1,353" starttime="3026.58" endtime="3026.87" participant="me045" timing-provenance="dialogueact">
      <nite:child href="Bed006.E.words.xml#id(Bed006.w.11,673)..id(Bed006.w.11,676)"/>
   </segment>
   <segment nite:id="Bed006.segment.1,355" starttime="3031.59" endtime="3031.93" participant="me045" timing-provenance="dialogueact">
      <nite:child href="Bed006.E.words.xml#id(Bed006.w.11,693)..id(Bed006.w.11,696)"/>
   </segment>
   <segment nite:id="Bed006.segment.1,357" starttime="3035.4" endtime="3035.78" participant="me045" timing-provenance="dialogueact">
      <nite:child href="Bed006.E.words.xml#id(Bed006.w.11,717)..id(Bed006.w.11,720)"/>
   </segment>
   <segment nite:id="Bed006.segment.1,358" starttime="3038.56" endtime="3039.18" participant="me045" timing-provenance="dialogueact">
      <nite:child href="Bed006.E.words.xml#id(Bed006.w.11,721)..id(Bed006.w.11,722)"/>
   </segment>
   <segment nite:id="Bed006.segment.1,362" starttime="3042.26" endtime="3042.54" participant="me045" timing-provenance="dialogueact">
      <nite:child href="Bed006.E.words.xml#id(Bed006.w.11,753)..id(Bed006.w.11,754)"/>
   </segment>
   <segment nite:id="Bed006.segment.1,364" starttime="3045.74" endtime="3047.335" participant="me045" timing-provenance="segment">
      <nite:child href="Bed006.E.words.xml#id(Bed006.nonvocalsound.11)"/>
   </segment>
   <segment nite:id="Bed006.segment.1,366" starttime="3049.67" endtime="3050.95" participant="me045" timing-provenance="segment">
      <nite:child href="Bed006.E.words.xml#id(Bed006.w.11,792)..id(Bed006.vocalsound.410)"/>
   </segment>
   <segment nite:id="Bed006.segment.1,391" starttime="3110.57" endtime="3111.29" participant="me045" timing-provenance="segment">
      <nite:child href="Bed006.E.words.xml#id(Bed006.w.12,025)..id(Bed006.disfmarker.506)"/>
   </segment>
   <segment nite:id="Bed006.segment.1,394" starttime="3115.52" endtime="3120.78" participant="me045" timing-provenance="dialogueact">
      <nite:child href="Bed006.E.words.xml#id(Bed006.w.12,045)..id(Bed006.w.12,067)"/>
   </segment>
   <segment nite:id="Bed006.segment.1,397" starttime="3121.34" endtime="3127.6" participant="me045" timing-provenance="dialogueact">
      <nite:child href="Bed006.E.words.xml#id(Bed006.w.12,068)..id(Bed006.w.12,106)"/>
   </segment>
   <segment nite:id="Bed006.segment.1,400" starttime="3128.04" endtime="3129.72" participant="me045" timing-provenance="dialogueact">
      <nite:child href="Bed006.E.words.xml#id(Bed006.w.12,113)..id(Bed006.w.12,121)"/>
   </segment>
   <segment nite:id="Bed006.segment.1,401" starttime="3129.87" endtime="3131.37" participant="me045" timing-provenance="dialogueact">
      <nite:child href="Bed006.E.words.xml#id(Bed006.w.12,122)..id(Bed006.w.12,127)"/>
   </segment>
   <segment nite:id="Bed006.segment.1,402" starttime="3131.876" endtime="3134.65" participant="me045" timing-provenance="segment">
      <nite:child href="Bed006.E.words.xml#id(Bed006.w.12,128)..id(Bed006.disfmarker.511)"/>
   </segment>
   <segment nite:id="Bed006.segment.1,405" starttime="3139.35" endtime="3139.73" participant="me045" timing-provenance="dialogueact">
      <nite:child href="Bed006.E.words.xml#id(Bed006.w.12,169)..id(Bed006.w.12,170)"/>
   </segment>
   <segment nite:id="Bed006.segment.1,408" starttime="3150.63" endtime="3150.95" participant="me045" timing-provenance="dialogueact">
      <nite:child href="Bed006.E.words.xml#id(Bed006.w.12,192)..id(Bed006.w.12,193)"/>
   </segment>
   <segment nite:id="Bed006.segment.1,421" starttime="3184.322" endtime="3185.047" participant="me045" timing-provenance="segment">
      <nite:child href="Bed006.E.words.xml#id(Bed006.vocalsound.417)"/>
   </segment>
   <segment nite:id="Bed006.segment.1,424" starttime="3186.79" endtime="3188.518" participant="me045" timing-provenance="segment">
      <nite:child href="Bed006.E.words.xml#id(Bed006.vocalsound.419)"/>
   </segment>
   <segment nite:id="Bed006.segment.1,427" starttime="3189.55" endtime="3189.93" participant="me045" timing-provenance="dialogueact">
      <nite:child href="Bed006.E.words.xml#id(Bed006.w.12,278)..id(Bed006.w.12,279)"/>
   </segment>
   <segment nite:id="Bed006.segment.1,435" starttime="3197.455" endtime="3198.807" participant="me045" timing-provenance="segment">
      <nite:child href="Bed006.E.words.xml#id(Bed006.w.12,314)..id(Bed006.vocalsound.423)"/>
   </segment>
   <segment nite:id="Bed006.segment.1,440" starttime="3200.271" endtime="3201.1" participant="me045" timing-provenance="segment">
      <nite:child href="Bed006.E.words.xml#id(Bed006.vocalsound.426)"/>
   </segment>
   <segment nite:id="Bed006.segment.1,448" starttime="3213.08" endtime="3213.44" participant="me045" timing-provenance="dialogueact">
      <nite:child href="Bed006.E.words.xml#id(Bed006.w.12,369)..id(Bed006.w.12,370)"/>
   </segment>
   <segment nite:id="Bed006.segment.1,454" starttime="3248.647" endtime="3249.61" participant="me045" timing-provenance="segment">
      <nite:child href="Bed006.E.words.xml#id(Bed006.vocalsound.429)"/>
   </segment>
   <segment nite:id="Bed006.segment.1,459" starttime="3258.56" endtime="3258.82" participant="me045" timing-provenance="dialogueact">
      <nite:child href="Bed006.E.words.xml#id(Bed006.w.12,476)..id(Bed006.w.12,477)"/>
   </segment>
   <segment nite:id="Bed006.segment.1,464" starttime="3261.57" endtime="3261.84" participant="me045" timing-provenance="dialogueact">
      <nite:child href="Bed006.E.words.xml#id(Bed006.w.12,499)..id(Bed006.w.12,500)"/>
   </segment>
   <segment nite:id="Bed006.segment.1,473" starttime="3272.275" endtime="3276.52" participant="me045" timing-provenance="segment">
      <nite:child href="Bed006.E.words.xml#id(Bed006.vocalsound.435)..id(Bed006.vocalsound.436)"/>
   </segment>
   <segment nite:id="Bed006.segment.1,481" starttime="3277.45" endtime="3279.01" participant="me045" timing-provenance="dialogueact">
      <nite:child href="Bed006.E.words.xml#id(Bed006.w.12,580)..id(Bed006.w.12,590)"/>
   </segment>
   <segment nite:id="Bed006.segment.1,483" starttime="3280.224" endtime="3281.12" participant="me045" timing-provenance="segment">
      <nite:child href="Bed006.E.words.xml#id(Bed006.vocalsound.441)"/>
   </segment>
   <segment nite:id="Bed006.segment.1,486" starttime="3282.499" endtime="3283.052" participant="me045" timing-provenance="segment">
      <nite:child href="Bed006.E.words.xml#id(Bed006.w.12,595)..id(Bed006.comment.57)"/>
   </segment>
   <segment nite:id="Bed006.segment.1,488" starttime="3284.836" endtime="3285.66" participant="me045" timing-provenance="segment">
      <nite:child href="Bed006.E.words.xml#id(Bed006.vocalsound.444)"/>
   </segment>
   <segment nite:id="Bed006.segment.1,493" starttime="3300.108" endtime="3302.454" participant="me045" timing-provenance="segment">
      <nite:child href="Bed006.E.words.xml#id(Bed006.vocalsound.446)"/>
   </segment>
   <segment nite:id="Bed006.segment.1,507" starttime="3328.04" endtime="3328.55" participant="me045" timing-provenance="dialogueact">
      <nite:child href="Bed006.E.words.xml#id(Bed006.w.12,759)..id(Bed006.w.12,762)"/>
   </segment>
   <segment nite:id="Bed006.segment.1,517" starttime="3338.901" endtime="3339.446" participant="me045" timing-provenance="segment">
      <nite:child href="Bed006.E.words.xml#id(Bed006.w.12,794)..id(Bed006.disfmarker.544)"/>
   </segment>
   <segment nite:id="Bed006.segment.1,525" starttime="3344.56" endtime="3344.98" participant="me045" timing-provenance="dialogueact">
      <nite:child href="Bed006.E.words.xml#id(Bed006.w.12,817)..id(Bed006.w.12,818)"/>
   </segment>
   <segment nite:id="Bed006.segment.1,527" starttime="3345.78" endtime="3347.09" participant="me045" timing-provenance="dialogueact">
      <nite:child href="Bed006.E.words.xml#id(Bed006.w.12,826)..id(Bed006.w.12,833)"/>
   </segment>
   <segment nite:id="Bed006.segment.1,528" starttime="3347.97" endtime="3354.86" participant="me045" timing-provenance="dialogueact">
      <nite:child href="Bed006.E.words.xml#id(Bed006.w.12,834)..id(Bed006.w.12,870)"/>
   </segment>
   <segment nite:id="Bed006.segment.1,532" starttime="3356.44" endtime="3356.78" participant="me045" timing-provenance="dialogueact">
      <nite:child href="Bed006.E.words.xml#id(Bed006.w.12,888)..id(Bed006.w.12,890)"/>
   </segment>
   <segment nite:id="Bed006.segment.1,544" starttime="3368.697" endtime="3369.6" participant="me045" timing-provenance="segment">
      <nite:child href="Bed006.E.words.xml#id(Bed006.vocalsound.462)"/>
   </segment>
   <segment nite:id="Bed006.segment.1,552" starttime="3377.07" endtime="3377.39" participant="me045" timing-provenance="dialogueact">
      <nite:child href="Bed006.E.words.xml#id(Bed006.w.12,972)..id(Bed006.w.12,973)"/>
   </segment>
   <segment nite:id="Bed006.segment.1,558" starttime="3382.8" endtime="3383.17" participant="me045" timing-provenance="dialogueact">
      <nite:child href="Bed006.E.words.xml#id(Bed006.w.13,004)..id(Bed006.w.13,005)"/>
   </segment>
   <segment nite:id="Bed006.segment.1,562" starttime="3386.92" endtime="3388.07" participant="me045" timing-provenance="segment">
      <nite:child href="Bed006.E.words.xml#id(Bed006.vocalsound.473)"/>
   </segment>
   <segment nite:id="Bed006.segment.1,568" starttime="3394.1" endtime="3395.58" participant="me045" timing-provenance="segment">
      <nite:child href="Bed006.E.words.xml#id(Bed006.w.13,051)..id(Bed006.comment.61)"/>
   </segment>
   <segment nite:id="Bed006.segment.1,577" starttime="3409.246" endtime="3410.713" participant="me045" timing-provenance="segment">
      <nite:child href="Bed006.E.words.xml#id(Bed006.vocalsound.480)..id(Bed006.w.13,128)"/>
   </segment>
   <segment nite:id="Bed006.segment.1,581" starttime="3412.39" endtime="3412.79" participant="me045" timing-provenance="dialogueact">
      <nite:child href="Bed006.E.words.xml#id(Bed006.w.13,142)..id(Bed006.w.13,143)"/>
   </segment>
   <segment nite:id="Bed006.segment.1,584" starttime="3413.157" endtime="3415.97" participant="me045" timing-provenance="segment">
      <nite:child href="Bed006.E.words.xml#id(Bed006.vocalsound.482)"/>
   </segment>
   <segment nite:id="Bed006.segment.1,594" starttime="3422.52" endtime="3422.95" participant="me045" timing-provenance="dialogueact">
      <nite:child href="Bed006.E.words.xml#id(Bed006.w.13,228)..id(Bed006.w.13,229)"/>
   </segment>
   <segment nite:id="Bed006.segment.1,598" starttime="3427.3" endtime="3428.21" participant="me045" timing-provenance="segment">
      <nite:child href="Bed006.E.words.xml#id(Bed006.vocalsound.487)"/>
   </segment>
   <segment nite:id="Bed006.segment.1,616" starttime="3450.04" endtime="3452.62" participant="me045" timing-provenance="segment">
      <nite:child href="Bed006.E.words.xml#id(Bed006.w.13,323)..id(Bed006.vocalsound.494)"/>
   </segment>
   <segment nite:id="Bed006.segment.1,620" starttime="3455.598" endtime="3456.373" participant="me045" timing-provenance="segment">
      <nite:child href="Bed006.E.words.xml#id(Bed006.vocalsound.496)"/>
   </segment>
   <segment nite:id="Bed006.segment.1,703" starttime="3613.49" endtime="3614.81" participant="me045" timing-provenance="segment">
      <nite:child href="Bed006.E.words.xml#id(Bed006.vocalsound.510)"/>
   </segment>
   <segment nite:id="Bed006.segment.1,706" starttime="3616.38" endtime="3617.27" participant="me045" timing-provenance="segment">
      <nite:child href="Bed006.E.words.xml#id(Bed006.vocalsound.512)"/>
   </segment>
   <segment nite:id="Bed006.segment.1,713" starttime="3625.953" endtime="3627.19" participant="me045" timing-provenance="segment">
      <nite:child href="Bed006.E.words.xml#id(Bed006.w.13,997)..id(Bed006.comment.64)"/>
   </segment>
   <segment nite:id="Bed006.segment.1,716" starttime="3628.73" endtime="3631.14" participant="me045" timing-provenance="dialogueact">
      <nite:child href="Bed006.E.words.xml#id(Bed006.w.14,007)..id(Bed006.w.14,016)"/>
   </segment>
   <segment nite:id="Bed006.segment.1,724" starttime="3637.04" endtime="3638.32" participant="me045" timing-provenance="segment">
      <nite:child href="Bed006.E.words.xml#id(Bed006.vocalsound.517)"/>
   </segment>
   <segment nite:id="Bed006.segment.1,727" starttime="3646.24" endtime="3647.19" participant="me045" timing-provenance="dialogueact">
      <nite:child href="Bed006.E.words.xml#id(Bed006.w.14,121)..id(Bed006.w.14,125)"/>
   </segment>
   <segment nite:id="Bed006.segment.1,732" starttime="3654.001" endtime="3654.835" participant="me045" timing-provenance="segment">
      <nite:child href="Bed006.E.words.xml#id(Bed006.vocalsound.519)"/>
   </segment>
   <segment nite:id="Bed006.segment.1,739" starttime="3660.02" endtime="3661.19" participant="me045" timing-provenance="dialogueact">
      <nite:child href="Bed006.E.words.xml#id(Bed006.w.14,173)..id(Bed006.w.14,176)"/>
   </segment>
   <segment nite:id="Bed006.segment.1,741" starttime="3661.296" endtime="3662.989" participant="me045" timing-provenance="segment">
      <nite:child href="Bed006.E.words.xml#id(Bed006.vocalsound.523)"/>
   </segment>
   <segment nite:id="Bed006.segment.1,745" starttime="3662.989" endtime="3666.18" participant="me045" timing-provenance="segment">
      <nite:child href="Bed006.E.words.xml#id(Bed006.w.14,183)..id(Bed006.vocalsound.525)"/>
   </segment>
   <segment nite:id="Bed006.segment.1,752" starttime="3667.47" endtime="3668.33" participant="me045" timing-provenance="segment">
      <nite:child href="Bed006.E.words.xml#id(Bed006.vocalsound.528)"/>
   </segment>
   <segment nite:id="Bed006.segment.1,754" starttime="3669.733" endtime="3670.395" participant="me045" timing-provenance="segment">
      <nite:child href="Bed006.E.words.xml#id(Bed006.vocalsound.530)"/>
   </segment>
   <segment nite:id="Bed006.segment.1,761" starttime="3686.643" endtime="3689.352" participant="me045" timing-provenance="segment">
      <nite:child href="Bed006.E.words.xml#id(Bed006.vocalsound.533)"/>
   </segment>
   <segment nite:id="Bed006.segment.1,787" starttime="3725.9" endtime="3726.34" participant="me045" timing-provenance="dialogueact">
      <nite:child href="Bed006.E.words.xml#id(Bed006.w.14,497)..id(Bed006.w.14,498)"/>
   </segment>
   <segment nite:id="Bed006.segment.1,792" starttime="3730.772" endtime="3758.888" participant="me045" timing-provenance="segment">
      <nite:child href="Bed006.E.words.xml#id(Bed006.nonvocalsound.18)"/>
   </segment>
</nite:root>