<?xml version="1.0" encoding="ISO-8859-1" standalone="yes"?>
<nite:root nite:id="Bed006.D.segs" xmlns:nite="http://nite.sourceforge.net/">
   <segment nite:id="Bed006.segment.6" starttime="14.05" endtime="15.2" participant="fe046" timing-provenance="dialogueact">
      <nite:child href="Bed006.D.words.xml#id(Bed006.w.41)..id(Bed006.w.48)"/>
   </segment>
   <segment nite:id="Bed006.segment.8" starttime="17.047" endtime="19.557" participant="fe046" timing-provenance="dialogueact">
      <nite:child href="Bed006.D.words.xml#id(Bed006.w.54)..id(Bed006.w.64)"/>
   </segment>
   <segment nite:id="Bed006.segment.12" starttime="20.682" endtime="21.972" participant="fe046" timing-provenance="dialogueact">
      <nite:child href="Bed006.D.words.xml#id(Bed006.w.74)..id(Bed006.w.80)"/>
   </segment>
   <segment nite:id="Bed006.segment.16" starttime="22.292" endtime="23.482" participant="fe046" timing-provenance="dialogueact">
      <nite:child href="Bed006.D.words.xml#id(Bed006.w.87)..id(Bed006.w.92)"/>
   </segment>
   <segment nite:id="Bed006.segment.18" starttime="23.49" endtime="24.79" participant="fe046" timing-provenance="segment">
      <nite:child href="Bed006.D.words.xml#id(Bed006.w.98)..id(Bed006.vocalsound.2)"/>
   </segment>
   <segment nite:id="Bed006.segment.26" starttime="35.898" endtime="36.975" participant="fe046" timing-provenance="segment">
      <nite:child href="Bed006.D.words.xml#id(Bed006.vocalsound.7)"/>
   </segment>
   <segment nite:id="Bed006.segment.28" starttime="41.058" endtime="41.632" participant="fe046" timing-provenance="segment">
      <nite:child href="Bed006.D.words.xml#id(Bed006.vocalsound.8)"/>
   </segment>
   <segment nite:id="Bed006.segment.31" starttime="44.752" endtime="45.69" participant="fe046" timing-provenance="segment">
      <nite:child href="Bed006.D.words.xml#id(Bed006.vocalsound.10)"/>
   </segment>
   <segment nite:id="Bed006.segment.34" starttime="48.01" endtime="49.84" participant="fe046" timing-provenance="segment">
      <nite:child href="Bed006.D.words.xml#id(Bed006.vocalsound.13)"/>
   </segment>
   <segment nite:id="Bed006.segment.38" starttime="56.364" endtime="58.24" participant="fe046" timing-provenance="segment">
      <nite:child href="Bed006.D.words.xml#id(Bed006.vocalsound.17)"/>
   </segment>
   <segment nite:id="Bed006.segment.50" starttime="77.257" endtime="78.68" participant="fe046" timing-provenance="segment">
      <nite:child href="Bed006.D.words.xml#id(Bed006.vocalsound.24)"/>
   </segment>
   <segment nite:id="Bed006.segment.54" starttime="83.5" endtime="84.24" participant="fe046" timing-provenance="segment">
      <nite:child href="Bed006.D.words.xml#id(Bed006.vocalsound.25)"/>
   </segment>
   <segment nite:id="Bed006.segment.62" starttime="118.83" endtime="120.503" participant="fe046" timing-provenance="segment">
      <nite:child href="Bed006.D.words.xml#id(Bed006.vocalsound.31)"/>
   </segment>
   <segment nite:id="Bed006.segment.66" starttime="127.817" endtime="130.59" participant="fe046" timing-provenance="segment">
      <nite:child href="Bed006.D.words.xml#id(Bed006.vocalsound.33)"/>
   </segment>
   <segment nite:id="Bed006.segment.79" starttime="137.75" endtime="140.266" participant="fe046" timing-provenance="segment">
      <nite:child href="Bed006.D.words.xml#id(Bed006.vocalsound.38)"/>
   </segment>
   <segment nite:id="Bed006.segment.87" starttime="140.266" endtime="142.375" participant="fe046" timing-provenance="segment">
      <nite:child href="Bed006.D.words.xml#id(Bed006.vocalsound.46)"/>
   </segment>
   <segment nite:id="Bed006.segment.89" starttime="144.24" endtime="145.428" participant="fe046" timing-provenance="segment">
      <nite:child href="Bed006.D.words.xml#id(Bed006.vocalsound.48)"/>
   </segment>
   <segment nite:id="Bed006.segment.92" starttime="153.039" endtime="153.589" participant="fe046" timing-provenance="dialogueact">
      <nite:child href="Bed006.D.words.xml#id(Bed006.w.540)..id(Bed006.w.543)"/>
   </segment>
   <segment nite:id="Bed006.segment.93" starttime="158.17" endtime="160.28" participant="fe046" timing-provenance="segment">
      <nite:child href="Bed006.D.words.xml#id(Bed006.vocalsound.49)"/>
   </segment>
   <segment nite:id="Bed006.segment.98" starttime="172.272" endtime="173.798" participant="fe046" timing-provenance="segment">
      <nite:child href="Bed006.D.words.xml#id(Bed006.w.586)..id(Bed006.comment.10)"/>
   </segment>
   <segment nite:id="Bed006.segment.99" starttime="174.775" endtime="175.875" participant="fe046" timing-provenance="dialogueact">
      <nite:child href="Bed006.D.words.xml#id(Bed006.w.591)..id(Bed006.w.594)"/>
   </segment>
   <segment nite:id="Bed006.segment.105" starttime="180.958" endtime="184.065" participant="fe046" timing-provenance="segment">
      <nite:child href="Bed006.D.words.xml#id(Bed006.vocalsound.54)"/>
   </segment>
   <segment nite:id="Bed006.segment.113" starttime="185.538" endtime="185.928" participant="fe046" timing-provenance="dialogueact">
      <nite:child href="Bed006.D.words.xml#id(Bed006.w.615)..id(Bed006.w.616)"/>
   </segment>
   <segment nite:id="Bed006.segment.122" starttime="192.763" endtime="194.184" participant="fe046" timing-provenance="segment">
      <nite:child href="Bed006.D.words.xml#id(Bed006.vocalsound.63)"/>
   </segment>
   <segment nite:id="Bed006.segment.136" starttime="226.157" endtime="227.59" participant="fe046" timing-provenance="segment">
      <nite:child href="Bed006.D.words.xml#id(Bed006.vocalsound.71)"/>
   </segment>
   <segment nite:id="Bed006.segment.138" starttime="229.664" endtime="230.724" participant="fe046" timing-provenance="segment">
      <nite:child href="Bed006.D.words.xml#id(Bed006.vocalsound.73)"/>
   </segment>
   <segment nite:id="Bed006.segment.142" starttime="238.996" endtime="246.226" participant="fe046" timing-provenance="dialogueact">
      <nite:child href="Bed006.D.words.xml#id(Bed006.w.770)..id(Bed006.w.788)"/>
   </segment>
   <segment nite:id="Bed006.segment.152" starttime="248.089" endtime="248.629" participant="fe046" timing-provenance="dialogueact">
      <nite:child href="Bed006.D.words.xml#id(Bed006.w.827)..id(Bed006.w.832)"/>
   </segment>
   <segment nite:id="Bed006.segment.153" starttime="249.019" endtime="249.411" participant="fe046" timing-provenance="segment">
      <nite:child href="Bed006.D.words.xml#id(Bed006.w.833)..id(Bed006.disfmarker.16)"/>
   </segment>
   <segment nite:id="Bed006.segment.154" starttime="250.308" endtime="250.558" participant="fe046" timing-provenance="dialogueact">
      <nite:child href="Bed006.D.words.xml#id(Bed006.w.834)..id(Bed006.w.835)"/>
   </segment>
   <segment nite:id="Bed006.segment.155" starttime="251.671" endtime="252.351" participant="fe046" timing-provenance="dialogueact">
      <nite:child href="Bed006.D.words.xml#id(Bed006.w.836)..id(Bed006.w.839)"/>
   </segment>
   <segment nite:id="Bed006.segment.156" starttime="252.501" endtime="253.801" participant="fe046" timing-provenance="dialogueact">
      <nite:child href="Bed006.D.words.xml#id(Bed006.w.840)..id(Bed006.w.846)"/>
   </segment>
   <segment nite:id="Bed006.segment.158" starttime="254.33" endtime="255.08" participant="fe046" timing-provenance="dialogueact">
      <nite:child href="Bed006.D.words.xml#id(Bed006.w.855)..id(Bed006.w.859)"/>
   </segment>
   <segment nite:id="Bed006.segment.160" starttime="256.026" endtime="257.381" participant="fe046" timing-provenance="segment">
      <nite:child href="Bed006.D.words.xml#id(Bed006.vocalsound.84)"/>
   </segment>
   <segment nite:id="Bed006.segment.162" starttime="257.541" endtime="257.911" participant="fe046" timing-provenance="dialogueact">
      <nite:child href="Bed006.D.words.xml#id(Bed006.w.867)..id(Bed006.w.870)"/>
   </segment>
   <segment nite:id="Bed006.segment.164" starttime="259.11" endtime="260.07" participant="fe046" timing-provenance="dialogueact">
      <nite:child href="Bed006.D.words.xml#id(Bed006.w.871)..id(Bed006.w.877)"/>
   </segment>
   <segment nite:id="Bed006.segment.166" starttime="261.274" endtime="261.504" participant="fe046" timing-provenance="dialogueact">
      <nite:child href="Bed006.D.words.xml#id(Bed006.w.880)..id(Bed006.w.881)"/>
   </segment>
   <segment nite:id="Bed006.segment.167" starttime="262.022" endtime="262.172" participant="fe046" timing-provenance="dialogueact">
      <nite:child href="Bed006.D.words.xml#id(Bed006.w.882)"/>
   </segment>
   <segment nite:id="Bed006.segment.169" starttime="262.687" endtime="263.337" participant="fe046" timing-provenance="dialogueact">
      <nite:child href="Bed006.D.words.xml#id(Bed006.w.884)..id(Bed006.w.885)"/>
   </segment>
   <segment nite:id="Bed006.segment.170" starttime="263.827" endtime="264.487" participant="fe046" timing-provenance="dialogueact">
      <nite:child href="Bed006.D.words.xml#id(Bed006.w.886)..id(Bed006.w.891)"/>
   </segment>
   <segment nite:id="Bed006.segment.172" starttime="265.164" endtime="265.394" participant="fe046" timing-provenance="dialogueact">
      <nite:child href="Bed006.D.words.xml#id(Bed006.w.894)..id(Bed006.w.895)"/>
   </segment>
   <segment nite:id="Bed006.segment.187" starttime="312.686" endtime="315.366" participant="fe046" timing-provenance="dialogueact">
      <nite:child href="Bed006.D.words.xml#id(Bed006.w.1,062)..id(Bed006.w.1,073)"/>
   </segment>
   <segment nite:id="Bed006.segment.191" starttime="315.875" endtime="319.66" participant="fe046" timing-provenance="segment">
      <nite:child href="Bed006.D.words.xml#id(Bed006.w.1,090)..id(Bed006.disfmarker.25)"/>
   </segment>
   <segment nite:id="Bed006.segment.193" starttime="320.36" endtime="323.736" participant="fe046" timing-provenance="segment">
      <nite:child href="Bed006.D.words.xml#id(Bed006.w.1,108)..id(Bed006.disfmarker.27)"/>
   </segment>
   <segment nite:id="Bed006.segment.196" starttime="323.736" endtime="326.07" participant="fe046" timing-provenance="segment">
      <nite:child href="Bed006.D.words.xml#id(Bed006.w.1,152)..id(Bed006.vocalsound.90)"/>
   </segment>
   <segment nite:id="Bed006.segment.199" starttime="334.29" endtime="335.05" participant="fe046" timing-provenance="dialogueact">
      <nite:child href="Bed006.D.words.xml#id(Bed006.w.1,207)..id(Bed006.w.1,210)"/>
   </segment>
   <segment nite:id="Bed006.segment.201" starttime="337.1" endtime="337.28" participant="fe046" timing-provenance="dialogueact">
      <nite:child href="Bed006.D.words.xml#id(Bed006.w.1,215)..id(Bed006.w.1,216)"/>
   </segment>
   <segment nite:id="Bed006.segment.205" starttime="339.917" endtime="340.705" participant="fe046" timing-provenance="segment">
      <nite:child href="Bed006.D.words.xml#id(Bed006.w.1,224)..id(Bed006.disfmarker.31)"/>
   </segment>
   <segment nite:id="Bed006.segment.208" starttime="343.107" endtime="348.59" participant="fe046" timing-provenance="segment">
      <nite:child href="Bed006.D.words.xml#id(Bed006.w.1,246)..id(Bed006.vocalsound.92)"/>
   </segment>
   <segment nite:id="Bed006.segment.219" starttime="356.238" endtime="356.908" participant="fe046" timing-provenance="segment">
      <nite:child href="Bed006.D.words.xml#id(Bed006.w.1,320)..id(Bed006.w.1,321)"/>
   </segment>
   <segment nite:id="Bed006.segment.224" starttime="357.83" endtime="359.39" participant="fe046" timing-provenance="segment">
      <nite:child href="Bed006.D.words.xml#id(Bed006.vocalsound.95)"/>
   </segment>
   <segment nite:id="Bed006.segment.225" starttime="360.75" endtime="362.276" participant="fe046" timing-provenance="segment">
      <nite:child href="Bed006.D.words.xml#id(Bed006.vocalsound.96)"/>
   </segment>
   <segment nite:id="Bed006.segment.306" starttime="657.93" endtime="659.06" participant="fe046" timing-provenance="segment">
      <nite:child href="Bed006.D.words.xml#id(Bed006.vocalsound.122)"/>
   </segment>
   <segment nite:id="Bed006.segment.310" starttime="659.855" endtime="660.582" participant="fe046" timing-provenance="segment">
      <nite:child href="Bed006.D.words.xml#id(Bed006.vocalsound.125)"/>
   </segment>
   <segment nite:id="Bed006.segment.312" starttime="661.26" endtime="662.13" participant="fe046" timing-provenance="segment">
      <nite:child href="Bed006.D.words.xml#id(Bed006.vocalsound.127)"/>
   </segment>
   <segment nite:id="Bed006.segment.325" starttime="698.384" endtime="700.406" participant="fe046" timing-provenance="segment">
      <nite:child href="Bed006.D.words.xml#id(Bed006.w.2,398)..id(Bed006.disfmarker.75)"/>
   </segment>
   <segment nite:id="Bed006.segment.328" starttime="700.812" endtime="701.172" participant="fe046" timing-provenance="dialogueact">
      <nite:child href="Bed006.D.words.xml#id(Bed006.w.2,430)..id(Bed006.w.2,431)"/>
   </segment>
   <segment nite:id="Bed006.segment.330" starttime="701.953" endtime="703.443" participant="fe046" timing-provenance="dialogueact">
      <nite:child href="Bed006.D.words.xml#id(Bed006.w.2,441)..id(Bed006.w.2,450)"/>
   </segment>
   <segment nite:id="Bed006.segment.389" starttime="833.813" endtime="834.95" participant="fe046" timing-provenance="segment">
      <nite:child href="Bed006.D.words.xml#id(Bed006.vocalsound.140)"/>
   </segment>
   <segment nite:id="Bed006.segment.479" starttime="1084.051" endtime="1085.55" participant="fe046" timing-provenance="segment">
      <nite:child href="Bed006.D.words.xml#id(Bed006.vocalsound.172)"/>
   </segment>
   <segment nite:id="Bed006.segment.484" starttime="1087.154" endtime="1088.028" participant="fe046" timing-provenance="segment">
      <nite:child href="Bed006.D.words.xml#id(Bed006.vocalsound.175)"/>
   </segment>
   <segment nite:id="Bed006.segment.507" starttime="1127.012" endtime="1128.21" participant="fe046" timing-provenance="segment">
      <nite:child href="Bed006.D.words.xml#id(Bed006.vocalsound.183)"/>
   </segment>
   <segment nite:id="Bed006.segment.515" starttime="1139.86" endtime="1141.28" participant="fe046" timing-provenance="segment">
      <nite:child href="Bed006.D.words.xml#id(Bed006.vocalsound.187)"/>
   </segment>
   <segment nite:id="Bed006.segment.542" starttime="1192.112" endtime="1193.05" participant="fe046" timing-provenance="segment">
      <nite:child href="Bed006.D.words.xml#id(Bed006.vocalsound.196)"/>
   </segment>
   <segment nite:id="Bed006.segment.553" starttime="1212.269" endtime="1213.328" participant="fe046" timing-provenance="segment">
      <nite:child href="Bed006.D.words.xml#id(Bed006.vocalsound.199)"/>
   </segment>
   <segment nite:id="Bed006.segment.555" starttime="1217.246" endtime="1218.338" participant="fe046" timing-provenance="segment">
      <nite:child href="Bed006.D.words.xml#id(Bed006.vocalsound.201)"/>
   </segment>
   <segment nite:id="Bed006.segment.559" starttime="1218.92" endtime="1220.034" participant="fe046" timing-provenance="segment">
      <nite:child href="Bed006.D.words.xml#id(Bed006.vocalsound.204)"/>
   </segment>
   <segment nite:id="Bed006.segment.568" starttime="1229.029" endtime="1229.9" participant="fe046" timing-provenance="segment">
      <nite:child href="Bed006.D.words.xml#id(Bed006.vocalsound.210)"/>
   </segment>
   <segment nite:id="Bed006.segment.575" starttime="1241.783" endtime="1242.41" participant="fe046" timing-provenance="segment">
      <nite:child href="Bed006.D.words.xml#id(Bed006.vocalsound.213)"/>
   </segment>
   <segment nite:id="Bed006.segment.580" starttime="1245.27" endtime="1246.53" participant="fe046" timing-provenance="segment">
      <nite:child href="Bed006.D.words.xml#id(Bed006.vocalsound.217)"/>
   </segment>
   <segment nite:id="Bed006.segment.583" starttime="1247.655" endtime="1249.17" participant="fe046" timing-provenance="segment">
      <nite:child href="Bed006.D.words.xml#id(Bed006.vocalsound.219)"/>
   </segment>
   <segment nite:id="Bed006.segment.597" starttime="1288.737" endtime="1289.91" participant="fe046" timing-provenance="segment">
      <nite:child href="Bed006.D.words.xml#id(Bed006.vocalsound.223)"/>
   </segment>
   <segment nite:id="Bed006.segment.616" starttime="1318.278" endtime="1319.762" participant="fe046" timing-provenance="segment">
      <nite:child href="Bed006.D.words.xml#id(Bed006.vocalsound.229)"/>
   </segment>
   <segment nite:id="Bed006.segment.629" starttime="1343.635" endtime="1345.15" participant="fe046" timing-provenance="segment">
      <nite:child href="Bed006.D.words.xml#id(Bed006.vocalsound.233)"/>
   </segment>
   <segment nite:id="Bed006.segment.642" starttime="1366.84" endtime="1368.43" participant="fe046" timing-provenance="segment">
      <nite:child href="Bed006.D.words.xml#id(Bed006.vocalsound.239)"/>
   </segment>
   <segment nite:id="Bed006.segment.707" starttime="1562.23" endtime="1562.917" participant="fe046" timing-provenance="segment">
      <nite:child href="Bed006.D.words.xml#id(Bed006.vocalsound.256)"/>
   </segment>
   <segment nite:id="Bed006.segment.744" starttime="1630.344" endtime="1635.376" participant="fe046" timing-provenance="segment">
      <nite:child href="Bed006.D.words.xml#id(Bed006.vocalsound.269)"/>
   </segment>
   <segment nite:id="Bed006.segment.751" starttime="1636.79" endtime="1638.89" participant="fe046" timing-provenance="segment">
      <nite:child href="Bed006.D.words.xml#id(Bed006.vocalsound.273)"/>
   </segment>
   <segment nite:id="Bed006.segment.757" starttime="1640.549" endtime="1641.36" participant="fe046" timing-provenance="segment">
      <nite:child href="Bed006.D.words.xml#id(Bed006.w.5,828)..id(Bed006.comment.29)"/>
   </segment>
   <segment nite:id="Bed006.segment.763" starttime="1646.271" endtime="1647.21" participant="fe046" timing-provenance="segment">
      <nite:child href="Bed006.D.words.xml#id(Bed006.vocalsound.281)"/>
   </segment>
   <segment nite:id="Bed006.segment.765" starttime="1647.996" endtime="1649.26" participant="fe046" timing-provenance="segment">
      <nite:child href="Bed006.D.words.xml#id(Bed006.vocalsound.284)"/>
   </segment>
   <segment nite:id="Bed006.segment.780" starttime="1680.133" endtime="1680.787" participant="fe046" timing-provenance="segment">
      <nite:child href="Bed006.D.words.xml#id(Bed006.vocalsound.286)"/>
   </segment>
   <segment nite:id="Bed006.segment.788" starttime="1684.696" endtime="1685.71" participant="fe046" timing-provenance="segment">
      <nite:child href="Bed006.D.words.xml#id(Bed006.vocalsound.289)"/>
   </segment>
   <segment nite:id="Bed006.segment.980" starttime="2209.34" endtime="2210.874" participant="fe046" timing-provenance="segment">
      <nite:child href="Bed006.D.words.xml#id(Bed006.w.8,220)..id(Bed006.vocalsound.311)"/>
   </segment>
   <segment nite:id="Bed006.segment.984" starttime="2210.874" endtime="2212.466" participant="fe046" timing-provenance="segment">
      <nite:child href="Bed006.D.words.xml#id(Bed006.w.8,236)..id(Bed006.disfmarker.307)"/>
   </segment>
   <segment nite:id="Bed006.segment.989" starttime="2215.61" endtime="2216.87" participant="fe046" timing-provenance="segment">
      <nite:child href="Bed006.D.words.xml#id(Bed006.vocalsound.315)"/>
   </segment>
   <segment nite:id="Bed006.segment.1,019" starttime="2289.75" endtime="2290.92" participant="fe046" timing-provenance="segment">
      <nite:child href="Bed006.D.words.xml#id(Bed006.vocalsound.322)"/>
   </segment>
   <segment nite:id="Bed006.segment.1,027" starttime="2315.596" endtime="2316.59" participant="fe046" timing-provenance="segment">
      <nite:child href="Bed006.D.words.xml#id(Bed006.vocalsound.323)"/>
   </segment>
   <segment nite:id="Bed006.segment.1,077" starttime="2411.417" endtime="2412.87" participant="fe046" timing-provenance="segment">
      <nite:child href="Bed006.D.words.xml#id(Bed006.vocalsound.337)"/>
   </segment>
   <segment nite:id="Bed006.segment.1,096" starttime="2451.08" endtime="2452.143" participant="fe046" timing-provenance="segment">
      <nite:child href="Bed006.D.words.xml#id(Bed006.vocalsound.340)"/>
   </segment>
   <segment nite:id="Bed006.segment.1,106" starttime="2472.23" endtime="2473.06" participant="fe046" timing-provenance="segment">
      <nite:child href="Bed006.D.words.xml#id(Bed006.vocalsound.345)"/>
   </segment>
   <segment nite:id="Bed006.segment.1,224" starttime="2811.08" endtime="2811.989" participant="fe046" timing-provenance="segment">
      <nite:child href="Bed006.D.words.xml#id(Bed006.vocalsound.366)"/>
   </segment>
   <segment nite:id="Bed006.segment.1,243" starttime="2851.36" endtime="2852.9" participant="fe046" timing-provenance="segment">
      <nite:child href="Bed006.D.words.xml#id(Bed006.vocalsound.370)"/>
   </segment>
   <segment nite:id="Bed006.segment.1,248" starttime="2861.02" endtime="2862.14" participant="fe046" timing-provenance="segment">
      <nite:child href="Bed006.D.words.xml#id(Bed006.vocalsound.372)"/>
   </segment>
   <segment nite:id="Bed006.segment.1,252" starttime="2870.74" endtime="2872.35" participant="fe046" timing-provenance="segment">
      <nite:child href="Bed006.D.words.xml#id(Bed006.vocalsound.374)"/>
   </segment>
   <segment nite:id="Bed006.segment.1,256" starttime="2873.35" endtime="2875.146" participant="fe046" timing-provenance="segment">
      <nite:child href="Bed006.D.words.xml#id(Bed006.vocalsound.377)"/>
   </segment>
   <segment nite:id="Bed006.segment.1,262" starttime="2878.013" endtime="2878.92" participant="fe046" timing-provenance="segment">
      <nite:child href="Bed006.D.words.xml#id(Bed006.vocalsound.380)"/>
   </segment>
   <segment nite:id="Bed006.segment.1,310" starttime="2955.232" endtime="2956.267" participant="fe046" timing-provenance="segment">
      <nite:child href="Bed006.D.words.xml#id(Bed006.vocalsound.389)"/>
   </segment>
   <segment nite:id="Bed006.segment.1,326" starttime="2984.3" endtime="2985.63" participant="fe046" timing-provenance="segment">
      <nite:child href="Bed006.D.words.xml#id(Bed006.vocalsound.397)"/>
   </segment>
   <segment nite:id="Bed006.segment.1,335" starttime="3003.21" endtime="3005.498" participant="fe046" timing-provenance="segment">
      <nite:child href="Bed006.D.words.xml#id(Bed006.vocalsound.401)..id(Bed006.vocalsound.402)"/>
   </segment>
   <segment nite:id="Bed006.segment.1,347" starttime="3016.049" endtime="3018.87" participant="fe046" timing-provenance="segment">
      <nite:child href="Bed006.D.words.xml#id(Bed006.vocalsound.407)"/>
   </segment>
   <segment nite:id="Bed006.segment.1,387" starttime="3105.56" endtime="3106.72" participant="fe046" timing-provenance="segment">
      <nite:child href="Bed006.D.words.xml#id(Bed006.vocalsound.412)"/>
   </segment>
   <segment nite:id="Bed006.segment.1,411" starttime="3152.67" endtime="3153.77" participant="fe046" timing-provenance="segment">
      <nite:child href="Bed006.D.words.xml#id(Bed006.vocalsound.416)"/>
   </segment>
   <segment nite:id="Bed006.segment.1,426" starttime="3188.24" endtime="3189.15" participant="fe046" timing-provenance="segment">
      <nite:child href="Bed006.D.words.xml#id(Bed006.vocalsound.420)"/>
   </segment>
   <segment nite:id="Bed006.segment.1,442" starttime="3200.88" endtime="3201.62" participant="fe046" timing-provenance="segment">
      <nite:child href="Bed006.D.words.xml#id(Bed006.vocalsound.427)"/>
   </segment>
   <segment nite:id="Bed006.segment.1,446" starttime="3205.359" endtime="3207.267" participant="fe046" timing-provenance="segment">
      <nite:child href="Bed006.D.words.xml#id(Bed006.vocalsound.428)"/>
   </segment>
   <segment nite:id="Bed006.segment.1,462" starttime="3259.23" endtime="3260.62" participant="fe046" timing-provenance="segment">
      <nite:child href="Bed006.D.words.xml#id(Bed006.vocalsound.431)"/>
   </segment>
   <segment nite:id="Bed006.segment.1,476" starttime="3273.47" endtime="3276.885" participant="fe046" timing-provenance="segment">
      <nite:child href="Bed006.D.words.xml#id(Bed006.vocalsound.439)"/>
   </segment>
   <segment nite:id="Bed006.segment.1,480" starttime="3277.01" endtime="3277.87" participant="fe046" timing-provenance="dialogueact">
      <nite:child href="Bed006.D.words.xml#id(Bed006.w.12,576)..id(Bed006.w.12,579)"/>
   </segment>
   <segment nite:id="Bed006.segment.1,485" starttime="3281.79" endtime="3282.83" participant="fe046" timing-provenance="segment">
      <nite:child href="Bed006.D.words.xml#id(Bed006.vocalsound.442)"/>
   </segment>
   <segment nite:id="Bed006.segment.1,489" starttime="3285.043" endtime="3286.67" participant="fe046" timing-provenance="segment">
      <nite:child href="Bed006.D.words.xml#id(Bed006.vocalsound.445)"/>
   </segment>
   <segment nite:id="Bed006.segment.1,499" starttime="3311.583" endtime="3312.513" participant="fe046" timing-provenance="segment">
      <nite:child href="Bed006.D.words.xml#id(Bed006.vocalsound.450)"/>
   </segment>
   <segment nite:id="Bed006.segment.1,522" starttime="3341.94" endtime="3342.08" participant="fe046" timing-provenance="dialogueact">
      <nite:child href="Bed006.D.words.xml#id(Bed006.w.12,807)..id(Bed006.w.12,808)"/>
   </segment>
   <segment nite:id="Bed006.segment.1,529" starttime="3350.837" endtime="3351.448" participant="fe046" timing-provenance="segment">
      <nite:child href="Bed006.D.words.xml#id(Bed006.vocalsound.456)"/>
   </segment>
   <segment nite:id="Bed006.segment.1,533" starttime="3358.37" endtime="3361.53" participant="fe046" timing-provenance="dialogueact">
      <nite:child href="Bed006.D.words.xml#id(Bed006.w.12,891)..id(Bed006.w.12,902)"/>
   </segment>
   <segment nite:id="Bed006.segment.1,535" starttime="3362.04" endtime="3362.17" participant="fe046" timing-provenance="dialogueact">
      <nite:child href="Bed006.D.words.xml#id(Bed006.w.12,908)..id(Bed006.w.12,909)"/>
   </segment>
   <segment nite:id="Bed006.segment.1,536" starttime="3362.293" endtime="3362.924" participant="fe046" timing-provenance="segment">
      <nite:child href="Bed006.D.words.xml#id(Bed006.vocalsound.457)"/>
   </segment>
   <segment nite:id="Bed006.segment.1,540" starttime="3364.06" endtime="3364.3" participant="fe046" timing-provenance="dialogueact">
      <nite:child href="Bed006.D.words.xml#id(Bed006.w.12,927)..id(Bed006.w.12,929)"/>
   </segment>
   <segment nite:id="Bed006.segment.1,542" starttime="3367.307" endtime="3369.72" participant="fe046" timing-provenance="segment">
      <nite:child href="Bed006.D.words.xml#id(Bed006.w.12,930)..id(Bed006.vocalsound.460)"/>
   </segment>
   <segment nite:id="Bed006.segment.1,549" starttime="3374.74" endtime="3378.21" participant="fe046" timing-provenance="segment">
      <nite:child href="Bed006.D.words.xml#id(Bed006.w.12,954)..id(Bed006.vocalsound.465)"/>
   </segment>
   <segment nite:id="Bed006.segment.1,555" starttime="3378.37" endtime="3383.779" participant="fe046" timing-provenance="segment">
      <nite:child href="Bed006.D.words.xml#id(Bed006.w.12,976)..id(Bed006.vocalsound.468)"/>
   </segment>
   <segment nite:id="Bed006.segment.1,560" starttime="3384.75" endtime="3388.19" participant="fe046" timing-provenance="segment">
      <nite:child href="Bed006.D.words.xml#id(Bed006.w.13,015)..id(Bed006.vocalsound.471)"/>
   </segment>
   <segment nite:id="Bed006.segment.1,570" starttime="3399.49" endtime="3401.21" participant="fe046" timing-provenance="segment">
      <nite:child href="Bed006.D.words.xml#id(Bed006.vocalsound.478)"/>
   </segment>
   <segment nite:id="Bed006.segment.1,607" starttime="3439.027" endtime="3439.725" participant="fe046" timing-provenance="segment">
      <nite:child href="Bed006.D.words.xml#id(Bed006.vocalsound.491)"/>
   </segment>
   <segment nite:id="Bed006.segment.1,610" starttime="3447.44" endtime="3449.04" participant="fe046" timing-provenance="segment">
      <nite:child href="Bed006.D.words.xml#id(Bed006.vocalsound.492)"/>
   </segment>
   <segment nite:id="Bed006.segment.1,615" starttime="3450.04" endtime="3451.61" participant="fe046" timing-provenance="dialogueact">
      <nite:child href="Bed006.D.words.xml#id(Bed006.w.13,318)..id(Bed006.w.13,322)"/>
   </segment>
   <segment nite:id="Bed006.segment.1,649" starttime="3519.86" endtime="3520.98" participant="fe046" timing-provenance="segment">
      <nite:child href="Bed006.D.words.xml#id(Bed006.vocalsound.501)"/>
   </segment>
   <segment nite:id="Bed006.segment.1,690" starttime="3595.83" endtime="3598.294" participant="fe046" timing-provenance="segment">
      <nite:child href="Bed006.D.words.xml#id(Bed006.vocalsound.504)"/>
   </segment>
   <segment nite:id="Bed006.segment.1,693" starttime="3598.912" endtime="3599.944" participant="fe046" timing-provenance="segment">
      <nite:child href="Bed006.D.words.xml#id(Bed006.vocalsound.506)"/>
   </segment>
   <segment nite:id="Bed006.segment.1,702" starttime="3612.14" endtime="3614.48" participant="fe046" timing-provenance="segment">
      <nite:child href="Bed006.D.words.xml#id(Bed006.vocalsound.509)..id(Bed006.w.13,955)"/>
   </segment>
   <segment nite:id="Bed006.segment.1,705" starttime="3616.29" endtime="3617.35" participant="fe046" timing-provenance="segment">
      <nite:child href="Bed006.D.words.xml#id(Bed006.vocalsound.511)"/>
   </segment>
   <segment nite:id="Bed006.segment.1,721" starttime="3634.44" endtime="3636.56" participant="fe046" timing-provenance="segment">
      <nite:child href="Bed006.D.words.xml#id(Bed006.w.14,087)..id(Bed006.comment.66)"/>
   </segment>
   <segment nite:id="Bed006.segment.1,722" starttime="3636.56" endtime="3636.962" participant="fe046" timing-provenance="segment">
      <nite:child href="Bed006.D.words.xml#id(Bed006.vocalsound.515)"/>
   </segment>
   <segment nite:id="Bed006.segment.1,734" starttime="3655.932" endtime="3656.65" participant="fe046" timing-provenance="segment">
      <nite:child href="Bed006.D.words.xml#id(Bed006.vocalsound.520)"/>
   </segment>
   <segment nite:id="Bed006.segment.1,744" starttime="3662.37" endtime="3663.42" participant="fe046" timing-provenance="segment">
      <nite:child href="Bed006.D.words.xml#id(Bed006.vocalsound.524)"/>
   </segment>
   <segment nite:id="Bed006.segment.1,748" starttime="3665.19" endtime="3666.07" participant="fe046" timing-provenance="dialogueact">
      <nite:child href="Bed006.D.words.xml#id(Bed006.w.14,205)..id(Bed006.w.14,212)"/>
   </segment>
   <segment nite:id="Bed006.segment.1,751" starttime="3667.11" endtime="3668.86" participant="fe046" timing-provenance="segment">
      <nite:child href="Bed006.D.words.xml#id(Bed006.vocalsound.527)"/>
   </segment>
   <segment nite:id="Bed006.segment.1,753" starttime="3669.543" endtime="3671.681" participant="fe046" timing-provenance="segment">
      <nite:child href="Bed006.D.words.xml#id(Bed006.vocalsound.529)"/>
   </segment>
   <segment nite:id="Bed006.segment.1,763" starttime="3688.254" endtime="3689.105" participant="fe046" timing-provenance="segment">
      <nite:child href="Bed006.D.words.xml#id(Bed006.vocalsound.534)"/>
   </segment>
</nite:root>