<?xml version="1.0" encoding="ISO-8859-1" standalone="yes"?>
<nite:root nite:id="Bed006.A.segs" xmlns:nite="http://nite.sourceforge.net/">
   <segment nite:id="Bed006.segment.14" starttime="21.682" endtime="22.808" participant="mn036" timing-provenance="segment">
      <nite:child href="Bed006.A.words.xml#id(Bed006.nonvocalsound.2)"/>
   </segment>
   <segment nite:id="Bed006.segment.20" starttime="23.58" endtime="24.715" participant="mn036" timing-provenance="segment">
      <nite:child href="Bed006.A.words.xml#id(Bed006.vocalsound.4)"/>
   </segment>
   <segment nite:id="Bed006.segment.36" starttime="55.633" endtime="57.687" participant="mn036" timing-provenance="segment">
      <nite:child href="Bed006.A.words.xml#id(Bed006.vocalsound.15)..id(Bed006.w.221)"/>
   </segment>
   <segment nite:id="Bed006.segment.43" starttime="70.402" endtime="74.529" participant="mn036" timing-provenance="segment">
      <nite:child href="Bed006.A.words.xml#id(Bed006.w.247)..id(Bed006.vocalsound.20)"/>
   </segment>
   <segment nite:id="Bed006.segment.84" starttime="139.089" endtime="142.58" participant="mn036" timing-provenance="segment">
      <nite:child href="Bed006.A.words.xml#id(Bed006.w.473)..id(Bed006.vocalsound.42)"/>
   </segment>
   <segment nite:id="Bed006.segment.368" starttime="787.334" endtime="790.756" participant="mn036" timing-provenance="segment">
      <nite:child href="Bed006.A.words.xml#id(Bed006.vocalsound.136)..id(Bed006.vocalsound.137)"/>
   </segment>
   <segment nite:id="Bed006.segment.378" starttime="811.565" endtime="811.685" participant="mn036" timing-provenance="dialogueact">
      <nite:child href="Bed006.A.words.xml#id(Bed006.w.2,928)..id(Bed006.w.2,929)"/>
   </segment>
   <segment nite:id="Bed006.segment.382" starttime="812.435" endtime="821.505" participant="mn036" timing-provenance="dialogueact">
      <nite:child href="Bed006.A.words.xml#id(Bed006.w.2,933)..id(Bed006.w.2,961)"/>
   </segment>
   <segment nite:id="Bed006.segment.384" starttime="822.77" endtime="823.21" participant="mn036" timing-provenance="dialogueact">
      <nite:child href="Bed006.A.words.xml#id(Bed006.w.2,991)..id(Bed006.w.2,992)"/>
   </segment>
   <segment nite:id="Bed006.segment.385" starttime="828.22" endtime="828.588" participant="mn036" timing-provenance="segment">
      <nite:child href="Bed006.A.words.xml#id(Bed006.vocalsound.139)"/>
   </segment>
   <segment nite:id="Bed006.segment.386" starttime="828.628" endtime="832.888" participant="mn036" timing-provenance="dialogueact">
      <nite:child href="Bed006.A.words.xml#id(Bed006.w.2,993)..id(Bed006.w.3,015)"/>
   </segment>
   <segment nite:id="Bed006.segment.390" starttime="833.94" endtime="838.02" participant="mn036" timing-provenance="dialogueact">
      <nite:child href="Bed006.A.words.xml#id(Bed006.w.3,022)..id(Bed006.w.3,033)"/>
   </segment>
   <segment nite:id="Bed006.segment.392" starttime="838.84" endtime="840.52" participant="mn036" timing-provenance="dialogueact">
      <nite:child href="Bed006.A.words.xml#id(Bed006.w.3,036)..id(Bed006.w.3,041)"/>
   </segment>
   <segment nite:id="Bed006.segment.394" starttime="841.09" endtime="841.99" participant="mn036" timing-provenance="segment">
      <nite:child href="Bed006.A.words.xml#id(Bed006.w.3,064)..id(Bed006.vocalsound.142)"/>
   </segment>
   <segment nite:id="Bed006.segment.402" starttime="864.261" endtime="864.581" participant="mn036" timing-provenance="dialogueact">
      <nite:child href="Bed006.A.words.xml#id(Bed006.w.3,134)..id(Bed006.w.3,135)"/>
   </segment>
   <segment nite:id="Bed006.segment.407" starttime="878.487" endtime="878.687" participant="mn036" timing-provenance="dialogueact">
      <nite:child href="Bed006.A.words.xml#id(Bed006.w.3,204)..id(Bed006.w.3,205)"/>
   </segment>
   <segment nite:id="Bed006.segment.408" starttime="887.51" endtime="887.74" participant="mn036" timing-provenance="dialogueact">
      <nite:child href="Bed006.A.words.xml#id(Bed006.w.3,206)..id(Bed006.w.3,207)"/>
   </segment>
   <segment nite:id="Bed006.segment.411" starttime="891.73" endtime="892.0" participant="mn036" timing-provenance="dialogueact">
      <nite:child href="Bed006.A.words.xml#id(Bed006.w.3,219)..id(Bed006.w.3,220)"/>
   </segment>
   <segment nite:id="Bed006.segment.414" starttime="896.17" endtime="900.284" participant="mn036" timing-provenance="segment">
      <nite:child href="Bed006.A.words.xml#id(Bed006.vocalsound.146)..id(Bed006.vocalsound.147)"/>
   </segment>
   <segment nite:id="Bed006.segment.415" starttime="900.284" endtime="905.191" participant="mn036" timing-provenance="segment">
      <nite:child href="Bed006.A.words.xml#id(Bed006.w.3,254)..id(Bed006.vocalsound.148)"/>
   </segment>
   <segment nite:id="Bed006.segment.417" starttime="905.311" endtime="910.951" participant="mn036" timing-provenance="dialogueact">
      <nite:child href="Bed006.A.words.xml#id(Bed006.w.3,270)..id(Bed006.w.3,286)"/>
   </segment>
   <segment nite:id="Bed006.segment.418" starttime="911.828" endtime="917.998" participant="mn036" timing-provenance="dialogueact">
      <nite:child href="Bed006.A.words.xml#id(Bed006.w.3,287)..id(Bed006.w.3,314)"/>
   </segment>
   <segment nite:id="Bed006.segment.422" starttime="918.69" endtime="921.59" participant="mn036" timing-provenance="segment">
      <nite:child href="Bed006.A.words.xml#id(Bed006.w.3,323)..id(Bed006.disfmarker.117)"/>
   </segment>
   <segment nite:id="Bed006.segment.424" starttime="924.869" endtime="925.079" participant="mn036" timing-provenance="dialogueact">
      <nite:child href="Bed006.A.words.xml#id(Bed006.w.3,356)..id(Bed006.w.3,357)"/>
   </segment>
   <segment nite:id="Bed006.segment.499" starttime="1110.66" endtime="1111.3" participant="mn036" timing-provenance="dialogueact">
      <nite:child href="Bed006.A.words.xml#id(Bed006.w.3,903)..id(Bed006.w.3,904)"/>
   </segment>
   <segment nite:id="Bed006.segment.658" starttime="1399.35" endtime="1399.51" participant="mn036" timing-provenance="dialogueact">
      <nite:child href="Bed006.A.words.xml#id(Bed006.w.4,960)..id(Bed006.w.4,961)"/>
   </segment>
   <segment nite:id="Bed006.segment.839" starttime="1818.27" endtime="1819.368" participant="mn036" timing-provenance="segment">
      <nite:child href="Bed006.A.words.xml#id(Bed006.vocalsound.298)"/>
   </segment>
   <segment nite:id="Bed006.segment.1,065" starttime="2388.54" endtime="2391.9" participant="mn036" timing-provenance="dialogueact">
      <nite:child href="Bed006.A.words.xml#id(Bed006.w.8,970)..id(Bed006.w.8,983)"/>
   </segment>
   <segment nite:id="Bed006.segment.1,067" starttime="2392.393" endtime="2393.151" participant="mn036" timing-provenance="segment">
      <nite:child href="Bed006.A.words.xml#id(Bed006.vocalsound.334)"/>
   </segment>
   <segment nite:id="Bed006.segment.1,068" starttime="2393.19" endtime="2402.51" participant="mn036" timing-provenance="dialogueact">
      <nite:child href="Bed006.A.words.xml#id(Bed006.w.8,984)..id(Bed006.w.9,010)"/>
   </segment>
   <segment nite:id="Bed006.segment.1,071" starttime="2403.07" endtime="2403.84" participant="mn036" timing-provenance="dialogueact">
      <nite:child href="Bed006.A.words.xml#id(Bed006.w.9,017)..id(Bed006.w.9,020)"/>
   </segment>
   <segment nite:id="Bed006.segment.1,072" starttime="2403.84" endtime="2414.66" participant="mn036" timing-provenance="dialogueact">
      <nite:child href="Bed006.A.words.xml#id(Bed006.w.9,021)..id(Bed006.w.9,060)"/>
   </segment>
   <segment nite:id="Bed006.segment.1,079" starttime="2415.42" endtime="2426.39" participant="mn036" timing-provenance="dialogueact">
      <nite:child href="Bed006.A.words.xml#id(Bed006.w.9,071)..id(Bed006.w.9,105)"/>
   </segment>
   <segment nite:id="Bed006.segment.1,082" starttime="2426.506" endtime="2428.481" participant="mn036" timing-provenance="segment">
      <nite:child href="Bed006.A.words.xml#id(Bed006.w.9,110)..id(Bed006.disfmarker.358)"/>
   </segment>
   <segment nite:id="Bed006.segment.1,083" starttime="2428.58" endtime="2431.18" participant="mn036" timing-provenance="dialogueact">
      <nite:child href="Bed006.A.words.xml#id(Bed006.w.9,118)..id(Bed006.w.9,125)"/>
   </segment>
   <segment nite:id="Bed006.segment.1,086" starttime="2431.64" endtime="2433.73" participant="mn036" timing-provenance="dialogueact">
      <nite:child href="Bed006.A.words.xml#id(Bed006.w.9,129)..id(Bed006.w.9,135)"/>
   </segment>
   <segment nite:id="Bed006.segment.1,088" starttime="2434.67" endtime="2434.89" participant="mn036" timing-provenance="dialogueact">
      <nite:child href="Bed006.A.words.xml#id(Bed006.w.9,168)..id(Bed006.w.9,169)"/>
   </segment>
   <segment nite:id="Bed006.segment.1,094" starttime="2449.31" endtime="2449.53" participant="mn036" timing-provenance="dialogueact">
      <nite:child href="Bed006.A.words.xml#id(Bed006.w.9,240)..id(Bed006.w.9,241)"/>
   </segment>
   <segment nite:id="Bed006.segment.1,099" starttime="2451.83" endtime="2452.02" participant="mn036" timing-provenance="dialogueact">
      <nite:child href="Bed006.A.words.xml#id(Bed006.w.9,292)..id(Bed006.w.9,293)"/>
   </segment>
   <segment nite:id="Bed006.segment.1,115" starttime="2487.65" endtime="2487.92" participant="mn036" timing-provenance="dialogueact">
      <nite:child href="Bed006.A.words.xml#id(Bed006.w.9,431)..id(Bed006.w.9,432)"/>
   </segment>
   <segment nite:id="Bed006.segment.1,117" starttime="2488.763" endtime="2489.521" participant="mn036" timing-provenance="segment">
      <nite:child href="Bed006.A.words.xml#id(Bed006.w.9,435)..id(Bed006.vocalsound.347)"/>
   </segment>
   <segment nite:id="Bed006.segment.1,118" starttime="2489.56" endtime="2500.01" participant="mn036" timing-provenance="dialogueact">
      <nite:child href="Bed006.A.words.xml#id(Bed006.w.9,437)..id(Bed006.w.9,475)"/>
   </segment>
   <segment nite:id="Bed006.segment.1,120" starttime="2500.55" endtime="2501.57" participant="mn036" timing-provenance="dialogueact">
      <nite:child href="Bed006.A.words.xml#id(Bed006.w.9,479)..id(Bed006.w.9,483)"/>
   </segment>
   <segment nite:id="Bed006.segment.1,121" starttime="2501.57" endtime="2503.12" participant="mn036" timing-provenance="dialogueact">
      <nite:child href="Bed006.A.words.xml#id(Bed006.w.9,484)..id(Bed006.w.9,490)"/>
   </segment>
   <segment nite:id="Bed006.segment.1,122" starttime="2503.606" endtime="2506.65" participant="mn036" timing-provenance="segment">
      <nite:child href="Bed006.A.words.xml#id(Bed006.w.9,491)..id(Bed006.disfmarker.380)"/>
   </segment>
   <segment nite:id="Bed006.segment.1,124" starttime="2509.03" endtime="2512.11" participant="mn036" timing-provenance="segment">
      <nite:child href="Bed006.A.words.xml#id(Bed006.w.9,516)..id(Bed006.disfmarker.384)"/>
   </segment>
   <segment nite:id="Bed006.segment.1,126" starttime="2512.27" endtime="2515.81" participant="mn036" timing-provenance="dialogueact">
      <nite:child href="Bed006.A.words.xml#id(Bed006.w.9,530)..id(Bed006.w.9,539)"/>
   </segment>
   <segment nite:id="Bed006.segment.1,127" starttime="2516.46" endtime="2517.11" participant="mn036" timing-provenance="dialogueact">
      <nite:child href="Bed006.A.words.xml#id(Bed006.w.9,540)..id(Bed006.w.9,542)"/>
   </segment>
   <segment nite:id="Bed006.segment.1,128" starttime="2517.93" endtime="2521.24" participant="mn036" timing-provenance="dialogueact">
      <nite:child href="Bed006.A.words.xml#id(Bed006.w.9,543)..id(Bed006.w.9,551)"/>
   </segment>
   <segment nite:id="Bed006.segment.1,129" starttime="2522.05" endtime="2526.55" participant="mn036" timing-provenance="dialogueact">
      <nite:child href="Bed006.A.words.xml#id(Bed006.w.9,552)..id(Bed006.w.9,575)"/>
   </segment>
   <segment nite:id="Bed006.segment.1,131" starttime="2526.9" endtime="2534.19" participant="mn036" timing-provenance="dialogueact">
      <nite:child href="Bed006.A.words.xml#id(Bed006.w.9,576)..id(Bed006.w.9,604)"/>
   </segment>
   <segment nite:id="Bed006.segment.1,141" starttime="2563.91" endtime="2564.06" participant="mn036" timing-provenance="dialogueact">
      <nite:child href="Bed006.A.words.xml#id(Bed006.w.9,689)"/>
   </segment>
   <segment nite:id="Bed006.segment.1,142" starttime="2564.171" endtime="2565.503" participant="mn036" timing-provenance="segment">
      <nite:child href="Bed006.A.words.xml#id(Bed006.vocalsound.351)"/>
   </segment>
   <segment nite:id="Bed006.segment.1,144" starttime="2565.503" endtime="2568.41" participant="mn036" timing-provenance="segment">
      <nite:child href="Bed006.A.words.xml#id(Bed006.w.9,692)..id(Bed006.disfmarker.395)"/>
   </segment>
   <segment nite:id="Bed006.segment.1,147" starttime="2570.463" endtime="2574.166" participant="mn036" timing-provenance="segment">
      <nite:child href="Bed006.A.words.xml#id(Bed006.vocalsound.353)..id(Bed006.w.9,734)"/>
   </segment>
   <segment nite:id="Bed006.segment.1,148" starttime="2574.166" endtime="2580.16" participant="mn036" timing-provenance="segment">
      <nite:child href="Bed006.A.words.xml#id(Bed006.vocalsound.354)..id(Bed006.w.9,753)"/>
   </segment>
   <segment nite:id="Bed006.segment.1,149" starttime="2580.16" endtime="2584.893" participant="mn036" timing-provenance="segment">
      <nite:child href="Bed006.A.words.xml#id(Bed006.w.9,754)..id(Bed006.vocalsound.355)"/>
   </segment>
   <segment nite:id="Bed006.segment.1,150" starttime="2585.2" endtime="2589.32" participant="mn036" timing-provenance="dialogueact">
      <nite:child href="Bed006.A.words.xml#id(Bed006.w.9,774)..id(Bed006.w.9,787)"/>
   </segment>
   <segment nite:id="Bed006.segment.1,152" starttime="2590.84" endtime="2597.42" participant="mn036" timing-provenance="segment">
      <nite:child href="Bed006.A.words.xml#id(Bed006.w.9,794)..id(Bed006.w.9,823)"/>
   </segment>
   <segment nite:id="Bed006.segment.1,154" starttime="2609.87" endtime="2613.12" participant="mn036" timing-provenance="dialogueact">
      <nite:child href="Bed006.A.words.xml#id(Bed006.w.9,826)..id(Bed006.w.9,850)"/>
   </segment>
   <segment nite:id="Bed006.segment.1,155" starttime="2608.767" endtime="2617.56" participant="mn036" timing-provenance="segment">
      <nite:child href="Bed006.A.words.xml#id(Bed006.w.9,851)..id(Bed006.w.9,885)"/>
   </segment>
   <segment nite:id="Bed006.segment.1,157" starttime="2617.89" endtime="2618.71" participant="mn036" timing-provenance="dialogueact">
      <nite:child href="Bed006.A.words.xml#id(Bed006.w.9,893)..id(Bed006.w.9,895)"/>
   </segment>
   <segment nite:id="Bed006.segment.1,165" starttime="2648.02" endtime="2648.26" participant="mn036" timing-provenance="dialogueact">
      <nite:child href="Bed006.A.words.xml#id(Bed006.w.10,004)..id(Bed006.w.10,005)"/>
   </segment>
   <segment nite:id="Bed006.segment.1,166" starttime="2648.86" endtime="2653.38" participant="mn036" timing-provenance="dialogueact">
      <nite:child href="Bed006.A.words.xml#id(Bed006.w.10,006)..id(Bed006.w.10,025)"/>
   </segment>
   <segment nite:id="Bed006.segment.1,179" starttime="2685.84" endtime="2686.09" participant="mn036" timing-provenance="dialogueact">
      <nite:child href="Bed006.A.words.xml#id(Bed006.w.10,173)..id(Bed006.w.10,174)"/>
   </segment>
   <segment nite:id="Bed006.segment.1,186" starttime="2706.3" endtime="2706.53" participant="mn036" timing-provenance="dialogueact">
      <nite:child href="Bed006.A.words.xml#id(Bed006.w.10,253)..id(Bed006.w.10,254)"/>
   </segment>
   <segment nite:id="Bed006.segment.1,317" starttime="2962.76" endtime="2964.15" participant="mn036" timing-provenance="segment">
      <nite:child href="Bed006.A.words.xml#id(Bed006.vocalsound.393)"/>
   </segment>
   <segment nite:id="Bed006.segment.1,428" starttime="3190.854" endtime="3192.49" participant="mn036" timing-provenance="segment">
      <nite:child href="Bed006.A.words.xml#id(Bed006.w.12,280)..id(Bed006.vocalsound.421)"/>
   </segment>
   <segment nite:id="Bed006.segment.1,430" starttime="3193.76" endtime="3193.98" participant="mn036" timing-provenance="dialogueact">
      <nite:child href="Bed006.A.words.xml#id(Bed006.w.12,289)..id(Bed006.w.12,290)"/>
   </segment>
   <segment nite:id="Bed006.segment.1,436" starttime="3197.52" endtime="3198.39" participant="mn036" timing-provenance="dialogueact">
      <nite:child href="Bed006.A.words.xml#id(Bed006.w.12,316)..id(Bed006.w.12,321)"/>
   </segment>
   <segment nite:id="Bed006.segment.1,443" starttime="3201.66" endtime="3202.2" participant="mn036" timing-provenance="dialogueact">
      <nite:child href="Bed006.A.words.xml#id(Bed006.w.12,326)..id(Bed006.w.12,330)"/>
   </segment>
   <segment nite:id="Bed006.segment.1,478" starttime="3275.57" endtime="3276.62" participant="mn036" timing-provenance="segment">
      <nite:child href="Bed006.A.words.xml#id(Bed006.vocalsound.440)"/>
   </segment>
   <segment nite:id="Bed006.segment.1,514" starttime="3334.6" endtime="3337.12" participant="mn036" timing-provenance="dialogueact">
      <nite:child href="Bed006.A.words.xml#id(Bed006.w.12,785)..id(Bed006.w.12,787)"/>
   </segment>
   <segment nite:id="Bed006.segment.1,516" starttime="3337.72" endtime="3338.2" participant="mn036" timing-provenance="dialogueact">
      <nite:child href="Bed006.A.words.xml#id(Bed006.w.12,788)..id(Bed006.w.12,793)"/>
   </segment>
   <segment nite:id="Bed006.segment.1,524" starttime="3343.64" endtime="3343.81" participant="mn036" timing-provenance="dialogueact">
      <nite:child href="Bed006.A.words.xml#id(Bed006.w.12,815)..id(Bed006.w.12,816)"/>
   </segment>
   <segment nite:id="Bed006.segment.1,566" starttime="3389.8" endtime="3393.41" participant="mn036" timing-provenance="segment">
      <nite:child href="Bed006.A.words.xml#id(Bed006.vocalsound.477)..id(Bed006.w.13,048)"/>
   </segment>
   <segment nite:id="Bed006.segment.1,583" starttime="3413.083" endtime="3414.63" participant="mn036" timing-provenance="segment">
      <nite:child href="Bed006.A.words.xml#id(Bed006.w.13,147)..id(Bed006.vocalsound.481)"/>
   </segment>
   <segment nite:id="Bed006.segment.1,589" starttime="3415.43" endtime="3417.06" participant="mn036" timing-provenance="segment">
      <nite:child href="Bed006.A.words.xml#id(Bed006.vocalsound.484)..id(Bed006.w.13,158)"/>
   </segment>
   <segment nite:id="Bed006.segment.1,591" starttime="3419.33" endtime="3424.27" participant="mn036" timing-provenance="dialogueact">
      <nite:child href="Bed006.A.words.xml#id(Bed006.w.13,177)..id(Bed006.w.13,203)"/>
   </segment>
   <segment nite:id="Bed006.segment.1,597" starttime="3427.25" endtime="3427.54" participant="mn036" timing-provenance="dialogueact">
      <nite:child href="Bed006.A.words.xml#id(Bed006.w.13,230)..id(Bed006.w.13,231)"/>
   </segment>
   <segment nite:id="Bed006.segment.1,731" starttime="3653.16" endtime="3653.87" participant="mn036" timing-provenance="segment">
      <nite:child href="Bed006.A.words.xml#id(Bed006.nonvocalsound.15)"/>
   </segment>
   <segment nite:id="Bed006.segment.1,765" starttime="3690.19" endtime="3690.74" participant="mn036" timing-provenance="segment">
      <nite:child href="Bed006.A.words.xml#id(Bed006.nonvocalsound.16)..id(Bed006.comment.72)"/>
   </segment>
</nite:root>