<?xml version="1.0" encoding="ISO-8859-1" standalone="yes"?>
<nite:root nite:id="Bed006.D.words" xmlns:nite="http://nite.sourceforge.net/">
   <w nite:id="Bed006.w.41" starttime="14.05" endtime="14.11" c="W">I</w>
   <w nite:id="Bed006.w.42" starttime="14.11" endtime="14.25" c="W">am</w>
   <w nite:id="Bed006.w.43" starttime="14.25" endtime="14.47" c="W">Fey</w>
   <w nite:id="Bed006.w.44" starttime="14.47" endtime="14.47" c="CM">,</w>
   <w nite:id="Bed006.w.45" starttime="14.47" endtime="14.76" c="W">yeah</w>
   <w nite:id="Bed006.w.46" starttime="14.76" endtime="14.76" c=".">.</w>
   <w nite:id="Bed006.w.47" starttime="14.93" endtime="15.2" c="W">Hi</w>
   <w nite:id="Bed006.w.48" starttime="15.2" endtime="15.2" c=".">.</w>
   <w nite:id="Bed006.w.54" starttime="17.047" endtime="17.107" c="W">A</w>
   <w nite:id="Bed006.w.55" starttime="17.107" endtime="17.427" c="W">couple</w>
   <w nite:id="Bed006.w.56" starttime="17.427" endtime="17.717" c="W">times</w>
   <w nite:id="Bed006.w.57" starttime="17.717" endtime="17.977" c="W">yeah</w>
   <w nite:id="Bed006.w.58" starttime="17.977" endtime="17.977" c=".">.</w>
   <w nite:id="Bed006.w.59" starttime="18.727" endtime="" c="W">That</w>
   <w nite:id="Bed006.w.60" starttime="" endtime="19.017" c="APOSS">'s</w>
   <w nite:id="Bed006.w.61" starttime="19.017" endtime="19.247" c="W">right</w>
   <w nite:id="Bed006.w.62" starttime="19.247" endtime="19.247" c="CM">,</w>
   <w nite:id="Bed006.w.63" starttime="19.247" endtime="19.557" c="W">yeah</w>
   <w nite:id="Bed006.w.64" starttime="19.557" endtime="19.557" c=".">.</w>
   <w nite:id="Bed006.w.74" starttime="20.682" endtime="20.782" c="W">And</w>
   <w nite:id="Bed006.w.75" starttime="20.782" endtime="20.842" c="W">you</w>
   <w nite:id="Bed006.w.76" starttime="20.842" endtime="20.952" c="W">were</w>
   <w nite:id="Bed006.w.77" starttime="20.952" endtime="21.092" c="W">my</w>
   <w nite:id="Bed006.w.78" starttime="21.092" endtime="21.502" t="PLET" c="W">GSI</w>
   <w nite:id="Bed006.w.79" starttime="21.502" endtime="21.972" c="W">briefly</w>
   <w nite:id="Bed006.w.80" starttime="21.972" endtime="21.972" c="CM">,</w>
   <w nite:id="Bed006.w.87" starttime="22.292" endtime="22.622" c="W">until</w>
   <w nite:id="Bed006.w.88" starttime="22.622" endtime="22.782" c="W">I</w>
   <w nite:id="Bed006.w.89" starttime="22.952" endtime="23.152" c="W">dropped</w>
   <w nite:id="Bed006.w.90" starttime="23.152" endtime="23.212" c="W">the</w>
   <w nite:id="Bed006.w.91" starttime="23.212" endtime="23.482" c="W">class</w>
   <w nite:id="Bed006.w.92" starttime="23.482" endtime="23.482" c=".">.</w>
   <w nite:id="Bed006.w.98" starttime="23.482" endtime="23.682" c="W">But</w>
   <w nite:id="Bed006.w.99" starttime="23.682" endtime="23.682" c=".">.</w>
   <vocalsound nite:id="Bed006.vocalsound.2" starttime="" endtime="" description="laugh"/>
   <vocalsound nite:id="Bed006.vocalsound.7" starttime="" endtime="" description="laugh"/>
   <vocalsound nite:id="Bed006.vocalsound.8" starttime="" endtime="" description="breath-laugh"/>
   <vocalsound nite:id="Bed006.vocalsound.10" starttime="" endtime="" description="laugh"/>
   <vocalsound nite:id="Bed006.vocalsound.13" starttime="" endtime="" description="laugh"/>
   <vocalsound nite:id="Bed006.vocalsound.17" starttime="" endtime="" description="laugh"/>
   <vocalsound nite:id="Bed006.vocalsound.24" starttime="" endtime="" description="laugh"/>
   <vocalsound nite:id="Bed006.vocalsound.25" starttime="" endtime="" description="laugh"/>
   <vocalsound nite:id="Bed006.vocalsound.31" starttime="" endtime="" description="laugh"/>
   <vocalsound nite:id="Bed006.vocalsound.33" starttime="" endtime="" description="laugh"/>
   <vocalsound nite:id="Bed006.vocalsound.38" starttime="" endtime="" description="laugh"/>
   <vocalsound nite:id="Bed006.vocalsound.46" starttime="" endtime="" description="laugh"/>
   <vocalsound nite:id="Bed006.vocalsound.48" starttime="" endtime="" description="laugh"/>
   <w nite:id="Bed006.w.540" starttime="153.039" endtime="153.459" c="W">Officially</w>
   <w nite:id="Bed006.w.541" starttime="153.459" endtime="153.459" c="CM">,</w>
   <w nite:id="Bed006.w.542" starttime="153.459" endtime="153.589" c="W">yeah</w>
   <w nite:id="Bed006.w.543" starttime="153.589" endtime="153.589" c=".">.</w>
   <vocalsound nite:id="Bed006.vocalsound.49" starttime="" endtime="" description="laugh"/>
   <w nite:id="Bed006.w.586" starttime="172.472" endtime="" c="W">It</w>
   <w nite:id="Bed006.w.587" starttime="" endtime="172.572" c="APOSS">'s</w>
   <w nite:id="Bed006.w.588" starttime="172.672" endtime="172.842" c="W">very</w>
   <w nite:id="Bed006.w.589" starttime="172.912" endtime="173.252" c="W">exciting</w>
   <w nite:id="Bed006.w.590" starttime="173.252" endtime="173.252" c=".">.</w>
   <comment nite:id="Bed006.comment.10" starttime="" endtime="" description="quietly"/>
   <w nite:id="Bed006.w.591" starttime="174.775" endtime="175.085" c="W">Yes</w>
   <w nite:id="Bed006.w.592" starttime="175.085" endtime="175.085" c=".">.</w>
   <w nite:id="Bed006.w.593" starttime="175.315" endtime="175.875" c="W">Yes</w>
   <w nite:id="Bed006.w.594" starttime="175.875" endtime="175.875" c=".">.</w>
   <vocalsound nite:id="Bed006.vocalsound.54" starttime="" endtime="" description="laugh"/>
   <w nite:id="Bed006.w.615" starttime="185.538" endtime="185.928" c="W">Wizard</w>
   <w nite:id="Bed006.w.616" starttime="185.928" endtime="185.928" c=".">.</w>
   <vocalsound nite:id="Bed006.vocalsound.63" starttime="" endtime="" description="laugh"/>
   <vocalsound nite:id="Bed006.vocalsound.71" starttime="" endtime="" description="laugh"/>
   <vocalsound nite:id="Bed006.vocalsound.73" starttime="" endtime="" description="laugh"/>
   <w nite:id="Bed006.w.770" starttime="238.996" endtime="239.156" c="TRUNCW">M</w>
   <w nite:id="Bed006.w.771" starttime="239.386" endtime="239.666" c="TRUNCW">m</w>
   <w nite:id="Bed006.w.772" starttime="239.666" endtime="240.086" c="W">Majors</w>
   <w nite:id="Bed006.w.773" starttime="240.086" endtime="240.086" c=".">?</w>
   <w nite:id="Bed006.w.774" starttime="240.256" endtime="240.646" c="W">Majors</w>
   <w nite:id="Bed006.w.775" starttime="240.646" endtime="240.646" c=".">?</w>
   <w nite:id="Bed006.w.776" starttime="240.646" endtime="241.016" t="PLET" c="W">OK</w>
   <w nite:id="Bed006.w.777" starttime="241.016" endtime="241.016" c="CM">,</w>
   <w nite:id="Bed006.w.778" starttime="241.016" endtime="241.326" c="W">mayor</w>
   <disfmarker nite:id="Bed006.disfmarker.13" starttime="" endtime=""/>
   <w nite:id="Bed006.w.779" starttime="242.286" endtime="242.576" c="W">Something</w>
   <w nite:id="Bed006.w.780" starttime="242.576" endtime="242.646" c="W">I</w>
   <w nite:id="Bed006.w.781" starttime="242.646" endtime="242.836" c="W">don't</w>
   <w nite:id="Bed006.w.782" starttime="242.836" endtime="243.006" c="W">know</w>
   <w nite:id="Bed006.w.783" starttime="243.006" endtime="243.266" c="W">about</w>
   <w nite:id="Bed006.w.784" starttime="243.426" endtime="243.566" c="W">these</w>
   <vocalsound nite:id="Bed006.vocalsound.74" starttime="" endtime="" description="laugh"/>
   <w nite:id="Bed006.w.785" starttime="245.666" endtime="245.936" t="PLET" c="W">OK</w>
   <w nite:id="Bed006.w.786" starttime="245.936" endtime="245.936" c=".">.</w>
   <w nite:id="Bed006.w.787" starttime="245.936" endtime="246.226" t="PLET" c="W">OK</w>
   <w nite:id="Bed006.w.788" starttime="246.226" endtime="246.226" c=".">.</w>
   <w nite:id="Bed006.w.827" starttime="248.089" endtime="248.329" c="W">Yeah</w>
   <w nite:id="Bed006.w.828" starttime="248.329" endtime="248.329" c="CM">,</w>
   <w nite:id="Bed006.w.829" starttime="248.329" endtime="248.439" c="W">yeah</w>
   <w nite:id="Bed006.w.830" starttime="248.439" endtime="248.439" c="CM">,</w>
   <w nite:id="Bed006.w.831" starttime="248.439" endtime="248.629" c="W">yeah</w>
   <w nite:id="Bed006.w.832" starttime="248.629" endtime="248.629" c=".">.</w>
   <w nite:id="Bed006.w.833" starttime="249.089" endtime="249.329" c="W">But</w>
   <disfmarker nite:id="Bed006.disfmarker.16" starttime="" endtime=""/>
   <w nite:id="Bed006.w.834" starttime="250.308" endtime="250.558" c="W">Yeah</w>
   <w nite:id="Bed006.w.835" starttime="250.558" endtime="250.558" c=".">.</w>
   <w nite:id="Bed006.w.836" starttime="251.671" endtime="251.781" c="W">So</w>
   <w nite:id="Bed006.w.837" starttime="251.781" endtime="251.871" c="W">it</w>
   <w nite:id="Bed006.w.838" starttime="251.871" endtime="252.031" c="W">was</w>
   <w nite:id="Bed006.w.839" starttime="252.031" endtime="252.351" c="W">really</w>
   <w nite:id="Bed006.w.840" starttime="252.501" endtime="252.771" c="W">Carol</w>
   <w nite:id="Bed006.w.841" starttime="252.771" endtime="252.971" c="W">Snow</w>
   <w nite:id="Bed006.w.842" starttime="252.971" endtime="253.041" c="W">who</w>
   <w nite:id="Bed006.w.843" starttime="253.041" endtime="253.181" c="W">was</w>
   <w nite:id="Bed006.w.844" starttime="253.181" endtime="253.571" c="W">confused</w>
   <w nite:id="Bed006.w.845" starttime="253.571" endtime="253.571" c="CM">,</w>
   <w nite:id="Bed006.w.846" starttime="253.571" endtime="253.801" c="W">not</w>
   <w nite:id="Bed006.w.855" starttime="254.33" endtime="254.53" c="W">me</w>
   <w nite:id="Bed006.w.856" starttime="254.53" endtime="254.63" c="W">and</w>
   <w nite:id="Bed006.w.857" starttime="254.63" endtime="254.79" c="W">not</w>
   <w nite:id="Bed006.w.858" starttime="254.79" endtime="255.08" c="W">Jerry</w>
   <w nite:id="Bed006.w.859" starttime="255.08" endtime="255.08" c=".">.</w>
   <vocalsound nite:id="Bed006.vocalsound.84" starttime="" endtime="" description="laugh"/>
   <w nite:id="Bed006.w.867" starttime="257.541" endtime="" c="W">That</w>
   <w nite:id="Bed006.w.868" starttime="" endtime="257.741" c="APOSS">'s</w>
   <w nite:id="Bed006.w.869" starttime="257.741" endtime="257.911" c="W">good</w>
   <w nite:id="Bed006.w.870" starttime="257.911" endtime="257.911" c=".">.</w>
   <w nite:id="Bed006.w.871" starttime="259.11" endtime="259.23" c="W">So</w>
   <w nite:id="Bed006.w.872" starttime="259.23" endtime="259.31" c="W">I</w>
   <w nite:id="Bed006.w.873" starttime="259.31" endtime="259.52" c="W">should</w>
   <w nite:id="Bed006.w.874" starttime="259.52" endtime="259.72" c="W">still</w>
   <w nite:id="Bed006.w.875" starttime="259.72" endtime="259.84" c="W">do</w>
   <w nite:id="Bed006.w.876" starttime="259.84" endtime="260.07" c="W">that</w>
   <w nite:id="Bed006.w.877" starttime="260.07" endtime="260.07" c=".">.</w>
   <w nite:id="Bed006.w.880" starttime="261.274" endtime="261.504" t="PLET" c="W">OK</w>
   <w nite:id="Bed006.w.881" starttime="261.504" endtime="261.504" c=".">.</w>
   <w nite:id="Bed006.w.882" starttime="262.022" endtime="262.172" c="W">And</w>
   <w nite:id="Bed006.w.884" starttime="262.687" endtime="263.097" c="W">using</w>
   <w nite:id="Bed006.w.885" starttime="263.097" endtime="263.337" c="W">the</w>
   <w nite:id="Bed006.w.886" starttime="263.827" endtime="263.987" c="W">thing</w>
   <w nite:id="Bed006.w.887" starttime="263.987" endtime="264.087" c="W">that</w>
   <w nite:id="Bed006.w.888" starttime="264.087" endtime="264.177" c="W">you</w>
   <w nite:id="Bed006.w.889" starttime="264.177" endtime="264.327" c="W">wrote</w>
   <w nite:id="Bed006.w.890" starttime="264.327" endtime="264.487" c="W">up</w>
   <w nite:id="Bed006.w.891" starttime="264.487" endtime="264.487" c=".">.</w>
   <w nite:id="Bed006.w.894" starttime="265.164" endtime="265.394" t="PLET" c="W">OK</w>
   <w nite:id="Bed006.w.895" starttime="265.394" endtime="265.394" c=".">.</w>
   <w nite:id="Bed006.w.1,062" starttime="312.686" endtime="312.736" c="W">I</w>
   <w nite:id="Bed006.w.1,063" starttime="312.736" endtime="313.406" c="W">guess</w>
   <w nite:id="Bed006.w.1,064" starttime="313.406" endtime="313.406" c=".">.</w>
   <w nite:id="Bed006.w.1,065" starttime="313.406" endtime="313.736" c="W">See</w>
   <w nite:id="Bed006.w.1,066" starttime="313.846" endtime="" c="W">that</w>
   <w nite:id="Bed006.w.1,067" starttime="" endtime="314.056" c="APOSS">'s</w>
   <w nite:id="Bed006.w.1,068" starttime="314.056" endtime="314.156" c="W">what</w>
   <w nite:id="Bed006.w.1,069" starttime="314.156" endtime="314.256" c="W">I</w>
   <w nite:id="Bed006.w.1,070" starttime="314.256" endtime="314.666" c="W">suggested</w>
   <w nite:id="Bed006.w.1,071" starttime="314.666" endtime="314.796" c="W">to</w>
   <w nite:id="Bed006.w.1,072" starttime="314.796" endtime="315.366" c="W">him</w>
   <w nite:id="Bed006.w.1,073" starttime="315.366" endtime="315.366" c="CM">,</w>
   <w nite:id="Bed006.w.1,090" starttime="316.005" endtime="316.205" c="W">that</w>
   <w nite:id="Bed006.w.1,091" starttime="316.585" endtime="316.835" c="W">people</w>
   <w nite:id="Bed006.w.1,092" starttime="316.835" endtime="317.265" c="W">like</w>
   <disfmarker nite:id="Bed006.disfmarker.24" starttime="" endtime=""/>
   <w nite:id="Bed006.w.1,093" starttime="317.395" endtime="317.625" c="W">like</w>
   <w nite:id="Bed006.w.1,094" starttime="317.625" endtime="317.885" c="W">Jerry</w>
   <w nite:id="Bed006.w.1,095" starttime="317.885" endtime="318.015" c="W">and</w>
   <w nite:id="Bed006.w.1,096" starttime="318.015" endtime="318.345" c="W">George</w>
   <w nite:id="Bed006.w.1,097" starttime="318.345" endtime="318.595" c="W">and</w>
   <w nite:id="Bed006.w.1,098" starttime="318.595" endtime="318.685" c="W">et</w>
   <w nite:id="Bed006.w.1,099" starttime="318.685" endtime="318.975" c="W">cetera</w>
   <w nite:id="Bed006.w.1,100" starttime="319.225" endtime="319.515" c="W">just</w>
   <disfmarker nite:id="Bed006.disfmarker.25" starttime="" endtime=""/>
   <w nite:id="Bed006.w.1,108" starttime="320.4" endtime="320.69" c="W">Yeah</w>
   <w nite:id="Bed006.w.1,109" starttime="320.98" endtime="321.09" c="W">or</w>
   <w nite:id="Bed006.w.1,110" starttime="321.09" endtime="321.28" c="W">even</w>
   <w nite:id="Bed006.w.1,111" starttime="321.28" endtime="321.39" c="W">I</w>
   <w nite:id="Bed006.w.1,112" starttime="321.39" endtime="321.58" c="W">could</w>
   <disfmarker nite:id="Bed006.disfmarker.26" starttime="" endtime=""/>
   <w nite:id="Bed006.w.1,113" starttime="321.8" endtime="321.9" c="W">you</w>
   <w nite:id="Bed006.w.1,114" starttime="321.9" endtime="321.97" c="W">know</w>
   <w nite:id="Bed006.w.1,115" starttime="321.97" endtime="322.04" c="W">I</w>
   <w nite:id="Bed006.w.1,116" starttime="322.04" endtime="322.17" c="W">could</w>
   <w nite:id="Bed006.w.1,117" starttime="322.17" endtime="322.25" c="W">do</w>
   <w nite:id="Bed006.w.1,118" starttime="322.25" endtime="322.38" c="W">the</w>
   <w nite:id="Bed006.w.1,119" starttime="322.38" endtime="322.66" c="W">actual</w>
   <disfmarker nite:id="Bed006.disfmarker.27" starttime="" endtime=""/>
   <w nite:id="Bed006.w.1,152" starttime="323.89" endtime="" c="W">That</w>
   <w nite:id="Bed006.w.1,153" starttime="" endtime="324.13" c="APOSS">'s</w>
   <w nite:id="Bed006.w.1,154" starttime="324.13" endtime="324.38" c="W">generally</w>
   <w nite:id="Bed006.w.1,155" starttime="324.38" endtime="324.46" c="W">the</w>
   <w nite:id="Bed006.w.1,156" starttime="324.46" endtime="324.54" c="W">way</w>
   <w nite:id="Bed006.w.1,157" starttime="324.54" endtime="" c="W">it</w>
   <w nite:id="Bed006.w.1,158" starttime="" endtime="324.66" c="APOSS">'s</w>
   <w nite:id="Bed006.w.1,159" starttime="324.73" endtime="324.93" c="W">done</w>
   <w nite:id="Bed006.w.1,160" starttime="324.93" endtime="324.93" c=".">.</w>
   <vocalsound nite:id="Bed006.vocalsound.90" starttime="" endtime="" description="laugh"/>
   <w nite:id="Bed006.w.1,207" starttime="334.29" endtime="334.38" c="W">A</w>
   <w nite:id="Bed006.w.1,208" starttime="334.38" endtime="334.66" c="W">mailing</w>
   <w nite:id="Bed006.w.1,209" starttime="334.66" endtime="335.05" c="W">list</w>
   <w nite:id="Bed006.w.1,210" starttime="335.05" endtime="335.05" c=".">.</w>
   <w nite:id="Bed006.w.1,215" starttime="337.1" endtime="337.28" c="W">Yeah</w>
   <w nite:id="Bed006.w.1,216" starttime="337.28" endtime="337.28" c=".">.</w>
   <w nite:id="Bed006.w.1,224" starttime="340.057" endtime="" c="W">That</w>
   <w nite:id="Bed006.w.1,225" starttime="" endtime="340.457" c="APOSS">'s</w>
   <disfmarker nite:id="Bed006.disfmarker.31" starttime="" endtime=""/>
   <w nite:id="Bed006.w.1,246" starttime="343.267" endtime="343.377" c="W">I</w>
   <w nite:id="Bed006.w.1,247" starttime="343.377" endtime="343.537" c="W">can</w>
   <w nite:id="Bed006.w.1,248" starttime="343.627" endtime="343.847" c="W">send</w>
   <w nite:id="Bed006.w.1,249" starttime="343.847" endtime="343.917" c="W">it</w>
   <w nite:id="Bed006.w.1,250" starttime="343.917" endtime="343.917" c=".">.</w>
   <w nite:id="Bed006.w.1,251" starttime="344.047" endtime="" c="W">I</w>
   <w nite:id="Bed006.w.1,252" starttime="" endtime="344.107" c="W">'ll</w>
   <w nite:id="Bed006.w.1,253" starttime="344.397" endtime="344.557" c="W">send</w>
   <w nite:id="Bed006.w.1,254" starttime="344.727" endtime="344.837" c="W">it</w>
   <w nite:id="Bed006.w.1,255" starttime="344.837" endtime="344.837" c="CM">,</w>
   <w nite:id="Bed006.w.1,256" starttime="344.837" endtime="344.907" c="W">yeah</w>
   <w nite:id="Bed006.w.1,257" starttime="344.907" endtime="344.907" c=".">.</w>
   <vocalsound nite:id="Bed006.vocalsound.92" starttime="" endtime="" description="laugh"/>
   <w nite:id="Bed006.w.1,320" starttime="356.348" endtime="356.818" c="W">Probab</w>
   <w nite:id="Bed006.w.1,321" starttime="" endtime="" c="SYM">-</w>
   <vocalsound nite:id="Bed006.vocalsound.95" starttime="" endtime="" description="laugh"/>
   <vocalsound nite:id="Bed006.vocalsound.96" starttime="" endtime="" description="breath-laugh"/>
   <vocalsound nite:id="Bed006.vocalsound.122" starttime="" endtime="" description="clears throat"/>
   <vocalsound nite:id="Bed006.vocalsound.125" starttime="" endtime="" description="breath-laugh"/>
   <vocalsound nite:id="Bed006.vocalsound.127" starttime="" endtime="" description="laugh"/>
   <w nite:id="Bed006.w.2,398" starttime="698.464" endtime="698.744" c="W">Based</w>
   <w nite:id="Bed006.w.2,399" starttime="698.744" endtime="698.854" c="W">on</w>
   <w nite:id="Bed006.w.2,400" starttime="698.854" endtime="698.924" c="W">the</w>
   <w nite:id="Bed006.w.2,401" starttime="698.924" endtime="699.104" c="W">web</w>
   <w nite:id="Bed006.w.2,402" starttime="699.104" endtime="699.434" c="W">site</w>
   <w nite:id="Bed006.w.2,403" starttime="699.434" endtime="699.434" c="CM">,</w>
   <w nite:id="Bed006.w.2,404" starttime="699.434" endtime="699.814" c="W">yeah</w>
   <w nite:id="Bed006.w.2,405" starttime="699.814" endtime="699.814" c="CM">,</w>
   <w nite:id="Bed006.w.2,406" starttime="699.884" endtime="700.254" c="W">at</w>
   <w nite:id="Bed006.w.2,407" starttime="700.254" endtime="700.364" c="W">the</w>
   <disfmarker nite:id="Bed006.disfmarker.75" starttime="" endtime=""/>
   <w nite:id="Bed006.w.2,430" starttime="700.812" endtime="701.172" c="W">Right</w>
   <w nite:id="Bed006.w.2,431" starttime="701.172" endtime="701.172" c=".">.</w>
   <w nite:id="Bed006.w.2,441" starttime="701.953" endtime="" c="W">It</w>
   <w nite:id="Bed006.w.2,442" starttime="" endtime="702.083" c="APOSS">'s</w>
   <w nite:id="Bed006.w.2,443" starttime="702.083" endtime="702.143" c="W">a</w>
   <w nite:id="Bed006.w.2,444" starttime="702.143" endtime="702.403" c="W">tourist</w>
   <w nite:id="Bed006.w.2,445" starttime="702.403" endtime="702.803" c="W">information</w>
   <w nite:id="Bed006.w.2,446" starttime="702.803" endtime="702.943" c="W">web</w>
   <w nite:id="Bed006.w.2,447" starttime="702.943" endtime="703.173" c="W">site</w>
   <w nite:id="Bed006.w.2,448" starttime="703.173" endtime="703.173" c="CM">,</w>
   <w nite:id="Bed006.w.2,449" starttime="703.173" endtime="703.443" c="W">so</w>
   <w nite:id="Bed006.w.2,450" starttime="703.443" endtime="703.443" c=".">.</w>
   <vocalsound nite:id="Bed006.vocalsound.140" starttime="" endtime="" description="laugh"/>
   <vocalsound nite:id="Bed006.vocalsound.172" starttime="" endtime="" description="laugh"/>
   <vocalsound nite:id="Bed006.vocalsound.175" starttime="" endtime="" description="breath-laugh"/>
   <vocalsound nite:id="Bed006.vocalsound.183" starttime="" endtime="" description="laugh"/>
   <vocalsound nite:id="Bed006.vocalsound.187" starttime="" endtime="" description="laugh"/>
   <vocalsound nite:id="Bed006.vocalsound.196" starttime="" endtime="" description="laugh"/>
   <vocalsound nite:id="Bed006.vocalsound.199" starttime="" endtime="" description="laugh"/>
   <vocalsound nite:id="Bed006.vocalsound.201" starttime="" endtime="" description="laugh"/>
   <vocalsound nite:id="Bed006.vocalsound.204" starttime="" endtime="" description="laugh"/>
   <vocalsound nite:id="Bed006.vocalsound.210" starttime="" endtime="" description="laugh"/>
   <vocalsound nite:id="Bed006.vocalsound.213" starttime="" endtime="" description="laugh"/>
   <vocalsound nite:id="Bed006.vocalsound.217" starttime="" endtime="" description="laugh"/>
   <vocalsound nite:id="Bed006.vocalsound.219" starttime="" endtime="" description="laugh"/>
   <vocalsound nite:id="Bed006.vocalsound.223" starttime="" endtime="" description="laugh"/>
   <vocalsound nite:id="Bed006.vocalsound.229" starttime="" endtime="" description="laugh"/>
   <vocalsound nite:id="Bed006.vocalsound.233" starttime="" endtime="" description="laugh"/>
   <vocalsound nite:id="Bed006.vocalsound.239" starttime="" endtime="" description="laugh"/>
   <vocalsound nite:id="Bed006.vocalsound.256" starttime="" endtime="" description="laugh"/>
   <vocalsound nite:id="Bed006.vocalsound.269" starttime="" endtime="" description="laugh"/>
   <vocalsound nite:id="Bed006.vocalsound.273" starttime="" endtime="" description="laugh"/>
   <w nite:id="Bed006.w.5,828" starttime="1640.99" endtime="1641.02" c="W">Eee</w>
   <w nite:id="Bed006.w.5,829" starttime="1641.02" endtime="1641.02" c=".">.</w>
   <comment nite:id="Bed006.comment.29" starttime="" endtime="" description="vocal gesture, singing intonation, expressing doubt"/>
   <vocalsound nite:id="Bed006.vocalsound.281" starttime="" endtime="" description="laugh"/>
   <vocalsound nite:id="Bed006.vocalsound.284" starttime="" endtime="" description="laugh"/>
   <vocalsound nite:id="Bed006.vocalsound.286" starttime="" endtime="" description="laugh"/>
   <vocalsound nite:id="Bed006.vocalsound.289" starttime="" endtime="" description="laugh"/>
   <w nite:id="Bed006.w.8,220" starttime="2209.38" endtime="2209.61" c="W">Buying</w>
   <disfmarker nite:id="Bed006.disfmarker.306" starttime="" endtime=""/>
   <vocalsound nite:id="Bed006.vocalsound.311" starttime="" endtime="" description="laugh"/>
   <w nite:id="Bed006.w.8,236" starttime="2210.92" endtime="2211.3" c="W">buying</w>
   <w nite:id="Bed006.w.8,237" starttime="2211.3" endtime="2211.65" c="W">his</w>
   <w nite:id="Bed006.w.8,238" starttime="2211.73" endtime="2212.09" c="W">food</w>
   <disfmarker nite:id="Bed006.disfmarker.307" starttime="" endtime=""/>
   <vocalsound nite:id="Bed006.vocalsound.315" starttime="" endtime="" description="laugh"/>
   <vocalsound nite:id="Bed006.vocalsound.322" starttime="" endtime="" description="laugh"/>
   <vocalsound nite:id="Bed006.vocalsound.323" starttime="" endtime="" description="laugh"/>
   <vocalsound nite:id="Bed006.vocalsound.337" starttime="" endtime="" description="laugh"/>
   <vocalsound nite:id="Bed006.vocalsound.340" starttime="" endtime="" description="laugh"/>
   <vocalsound nite:id="Bed006.vocalsound.345" starttime="" endtime="" description="laugh"/>
   <vocalsound nite:id="Bed006.vocalsound.366" starttime="" endtime="" description="laugh"/>
   <vocalsound nite:id="Bed006.vocalsound.370" starttime="" endtime="" description="laugh"/>
   <vocalsound nite:id="Bed006.vocalsound.372" starttime="" endtime="" description="laugh"/>
   <vocalsound nite:id="Bed006.vocalsound.374" starttime="" endtime="" description="laugh"/>
   <vocalsound nite:id="Bed006.vocalsound.377" starttime="" endtime="" description="laugh"/>
   <vocalsound nite:id="Bed006.vocalsound.380" starttime="" endtime="" description="laugh"/>
   <vocalsound nite:id="Bed006.vocalsound.389" starttime="" endtime="" description="laugh"/>
   <vocalsound nite:id="Bed006.vocalsound.397" starttime="" endtime="" description="laugh"/>
   <vocalsound nite:id="Bed006.vocalsound.401" starttime="" endtime="" description="laugh"/>
   <w nite:id="Bed006.w.11,604" starttime="3003.97" endtime="" c="W">That</w>
   <w nite:id="Bed006.w.11,605" starttime="" endtime="3004.17" c="APOSS">'s</w>
   <w nite:id="Bed006.w.11,606" starttime="3004.17" endtime="3004.29" c="W">true</w>
   <w nite:id="Bed006.w.11,607" starttime="3004.29" endtime="3004.29" c=".">.</w>
   <vocalsound nite:id="Bed006.vocalsound.402" starttime="" endtime="" description="breath"/>
   <vocalsound nite:id="Bed006.vocalsound.407" starttime="" endtime="" description="laugh"/>
   <vocalsound nite:id="Bed006.vocalsound.412" starttime="" endtime="" description="laugh"/>
   <vocalsound nite:id="Bed006.vocalsound.416" starttime="" endtime="" description="laugh"/>
   <vocalsound nite:id="Bed006.vocalsound.420" starttime="" endtime="" description="laugh"/>
   <vocalsound nite:id="Bed006.vocalsound.427" starttime="" endtime="" description="laugh"/>
   <vocalsound nite:id="Bed006.vocalsound.428" starttime="" endtime="" description="breath"/>
   <vocalsound nite:id="Bed006.vocalsound.431" starttime="" endtime="" description="laugh"/>
   <vocalsound nite:id="Bed006.vocalsound.439" starttime="" endtime="" description="laugh"/>
   <w nite:id="Bed006.w.12,576" starttime="3277.01" endtime="3277.53" c="W">Bakery</w>
   <w nite:id="Bed006.w.12,577" starttime="3277.53" endtime="3277.53" c=".">.</w>
   <w nite:id="Bed006.w.12,578" starttime="3277.53" endtime="3277.87" c="W">Bakery</w>
   <w nite:id="Bed006.w.12,579" starttime="3277.87" endtime="3277.87" c=".">.</w>
   <vocalsound nite:id="Bed006.vocalsound.442" starttime="" endtime="" description="laugh"/>
   <vocalsound nite:id="Bed006.vocalsound.445" starttime="" endtime="" description="laugh"/>
   <vocalsound nite:id="Bed006.vocalsound.450" starttime="" endtime="" description="laugh"/>
   <w nite:id="Bed006.w.12,807" starttime="3341.94" endtime="3342.08" c="W">Yeah</w>
   <w nite:id="Bed006.w.12,808" starttime="3342.08" endtime="3342.08" c=".">.</w>
   <vocalsound nite:id="Bed006.vocalsound.456" starttime="" endtime="" description="laugh"/>
   <w nite:id="Bed006.w.12,891" starttime="3358.37" endtime="3358.6" c="W">Yeah</w>
   <w nite:id="Bed006.w.12,892" starttime="3358.6" endtime="3358.6" c="CM">,</w>
   <w nite:id="Bed006.w.12,893" starttime="3358.6" endtime="3358.81" c="W">and</w>
   <w nite:id="Bed006.w.12,894" starttime="3358.91" endtime="3359.01" c="W">I</w>
   <w nite:id="Bed006.w.12,895" starttime="3359.01" endtime="3359.17" c="W">don't</w>
   <w nite:id="Bed006.w.12,896" starttime="3359.17" endtime="3359.3" c="W">need</w>
   <w nite:id="Bed006.w.12,897" starttime="3359.3" endtime="3359.39" c="W">to</w>
   <w nite:id="Bed006.w.12,898" starttime="3359.39" endtime="3359.59" c="W">be</w>
   <w nite:id="Bed006.w.12,899" starttime="3359.59" endtime="3359.77" c="W">here</w>
   <w nite:id="Bed006.w.12,900" starttime="3360.07" endtime="3360.83" c="W">particularly</w>
   <w nite:id="Bed006.w.12,901" starttime="3361.08" endtime="3361.53" c="W">deeply</w>
   <w nite:id="Bed006.w.12,902" starttime="3361.53" endtime="3361.53" c=".">.</w>
   <w nite:id="Bed006.w.12,908" starttime="3362.04" endtime="3362.17" c="W">Yeah</w>
   <w nite:id="Bed006.w.12,909" starttime="3362.17" endtime="3362.17" c=".">.</w>
   <vocalsound nite:id="Bed006.vocalsound.457" starttime="" endtime="" description="laugh"/>
   <w nite:id="Bed006.w.12,927" starttime="3364.06" endtime="3364.15" c="W">But</w>
   <w nite:id="Bed006.w.12,928" starttime="3364.15" endtime="3364.3" c="W">yeah</w>
   <w nite:id="Bed006.w.12,929" starttime="3364.3" endtime="3364.3" c=".">.</w>
   <w nite:id="Bed006.w.12,930" starttime="3367.77" endtime="" c="W">It</w>
   <w nite:id="Bed006.w.12,931" starttime="" endtime="3367.93" c="APOSS">'s</w>
   <w nite:id="Bed006.w.12,932" starttime="3367.93" endtime="3368.63" c="W">fascinating</w>
   <w nite:id="Bed006.w.12,933" starttime="3368.63" endtime="3368.63" c=".">.</w>
   <comment nite:id="Bed006.comment.59" starttime="" endtime="" description="Sherlock Holmes voice quality"/>
   <vocalsound nite:id="Bed006.vocalsound.460" starttime="" endtime="" description="laugh"/>
   <w nite:id="Bed006.w.12,954" starttime="3374.83" endtime="" c="W">I</w>
   <w nite:id="Bed006.w.12,955" starttime="" endtime="3374.91" c="W">'m</w>
   <w nite:id="Bed006.w.12,956" starttime="3375.07" endtime="3375.31" c="W">just</w>
   <w nite:id="Bed006.w.12,957" starttime="3375.31" endtime="3375.55" c="W">glad</w>
   <w nite:id="Bed006.w.12,958" starttime="3375.55" endtime="3375.66" c="W">that</w>
   <w nite:id="Bed006.w.12,959" starttime="3375.66" endtime="3375.74" c="W">I</w>
   <w nite:id="Bed006.w.12,960" starttime="3375.74" endtime="3375.9" c="W">don't</w>
   <w nite:id="Bed006.w.12,961" starttime="3375.9" endtime="3376.03" c="W">have</w>
   <w nite:id="Bed006.w.12,962" starttime="3376.03" endtime="3376.15" c="W">to</w>
   <w nite:id="Bed006.w.12,963" starttime="3376.15" endtime="3376.34" c="W">work</w>
   <w nite:id="Bed006.w.12,964" starttime="3376.34" endtime="3376.4" c="W">it</w>
   <w nite:id="Bed006.w.12,965" starttime="3376.4" endtime="3376.64" c="W">out</w>
   <w nite:id="Bed006.w.12,966" starttime="3376.64" endtime="3376.96" c="W">because</w>
   <w nite:id="Bed006.w.12,967" starttime="3376.96" endtime="3376.96" c=".">.</w>
   <vocalsound nite:id="Bed006.vocalsound.465" starttime="" endtime="" description="laugh"/>
   <w nite:id="Bed006.w.12,976" starttime="3378.41" endtime="" c="W">I</w>
   <w nite:id="Bed006.w.12,977" starttime="" endtime="3378.47" c="W">'m</w>
   <w nite:id="Bed006.w.12,978" starttime="3378.47" endtime="3378.63" c="W">just</w>
   <w nite:id="Bed006.w.12,979" starttime="3378.63" endtime="3378.79" c="W">glad</w>
   <w nite:id="Bed006.w.12,980" starttime="3378.79" endtime="3378.88" c="W">that</w>
   <w nite:id="Bed006.w.12,981" starttime="3378.92" endtime="3379.09" c="W">don't</w>
   <w nite:id="Bed006.w.12,982" starttime="3379.09" endtime="3379.2" c="W">have</w>
   <w nite:id="Bed006.w.12,983" starttime="3379.2" endtime="3379.29" c="W">to</w>
   <w nite:id="Bed006.w.12,984" starttime="3379.29" endtime="3379.48" c="W">work</w>
   <w nite:id="Bed006.w.12,985" starttime="3379.48" endtime="3379.55" c="W">it</w>
   <w nite:id="Bed006.w.12,986" starttime="3379.55" endtime="3379.74" c="W">out</w>
   <w nite:id="Bed006.w.12,987" starttime="3379.82" endtime="3380.22" c="W">myself</w>
   <w nite:id="Bed006.w.12,988" starttime="3380.22" endtime="3380.22" c="CM">,</w>
   <w nite:id="Bed006.w.12,989" starttime="3380.55" endtime="3380.64" c="W">that</w>
   <w nite:id="Bed006.w.12,990" starttime="3380.64" endtime="" c="W">I</w>
   <w nite:id="Bed006.w.12,991" starttime="" endtime="3380.75" c="W">'m</w>
   <w nite:id="Bed006.w.12,992" starttime="3380.75" endtime="3380.94" c="W">not</w>
   <w nite:id="Bed006.w.12,993" starttime="3380.94" endtime="3381.3" c="W">involved</w>
   <w nite:id="Bed006.w.12,994" starttime="3381.3" endtime="3381.36" c="W">at</w>
   <w nite:id="Bed006.w.12,995" starttime="3381.36" endtime="3381.57" c="W">all</w>
   <w nite:id="Bed006.w.12,996" starttime="3381.57" endtime="3381.68" c="W">in</w>
   <w nite:id="Bed006.w.12,997" starttime="3381.68" endtime="3381.74" c="W">the</w>
   <w nite:id="Bed006.w.12,998" starttime="3381.74" endtime="3382.06" c="W">working</w>
   <w nite:id="Bed006.w.12,999" starttime="3382.06" endtime="3382.2" c="W">out</w>
   <w nite:id="Bed006.w.13,000" starttime="3382.2" endtime="3382.31" c="W">of</w>
   <w nite:id="Bed006.w.13,001" starttime="3382.31" endtime="3382.47" c="W">it</w>
   <vocalsound nite:id="Bed006.vocalsound.467" starttime="" endtime="" description="laugh"/>
   <w nite:id="Bed006.w.13,002" starttime="3382.64" endtime="3383.05" c="W">because</w>
   <w nite:id="Bed006.w.13,003" starttime="3383.05" endtime="3383.05" c=".">.</w>
   <vocalsound nite:id="Bed006.vocalsound.468" starttime="" endtime="" description="laugh"/>
   <w nite:id="Bed006.w.13,015" starttime="3384.79" endtime="3384.82" c="W">Oh</w>
   <w nite:id="Bed006.w.13,016" starttime="3384.82" endtime="3384.99" c="W">yeah</w>
   <w nite:id="Bed006.w.13,017" starttime="3384.99" endtime="3384.99" c=".">.</w>
   <w nite:id="Bed006.w.13,018" starttime="3384.99" endtime="" c="W">That</w>
   <w nite:id="Bed006.w.13,019" starttime="" endtime="3385.2" c="APOSS">'s</w>
   <w nite:id="Bed006.w.13,020" starttime="3385.2" endtime="3385.33" c="W">why</w>
   <w nite:id="Bed006.w.13,021" starttime="3385.33" endtime="" c="W">I</w>
   <w nite:id="Bed006.w.13,022" starttime="" endtime="3385.45" c="W">'m</w>
   <w nite:id="Bed006.w.13,023" starttime="3385.45" endtime="3385.63" c="W">glad</w>
   <w nite:id="Bed006.w.13,024" starttime="3385.63" endtime="3385.74" c="W">that</w>
   <w nite:id="Bed006.w.13,025" starttime="3385.74" endtime="" c="W">I</w>
   <w nite:id="Bed006.w.13,026" starttime="" endtime="3385.83" c="W">'m</w>
   <w nite:id="Bed006.w.13,027" starttime="3385.83" endtime="3386.02" c="W">not</w>
   <w nite:id="Bed006.w.13,028" starttime="3386.02" endtime="3386.36" c="W">involved</w>
   <w nite:id="Bed006.w.13,029" starttime="3386.36" endtime="3386.42" c="W">in</w>
   <w nite:id="Bed006.w.13,030" starttime="3386.42" endtime="3386.77" c="W">working</w>
   <w nite:id="Bed006.w.13,031" starttime="3386.77" endtime="3386.84" c="W">it</w>
   <w nite:id="Bed006.w.13,032" starttime="3386.84" endtime="3387.02" c="W">out</w>
   <w nite:id="Bed006.w.13,033" starttime="3387.02" endtime="3387.02" c=".">.</w>
   <vocalsound nite:id="Bed006.vocalsound.471" starttime="" endtime="" description="laugh"/>
   <vocalsound nite:id="Bed006.vocalsound.478" starttime="" endtime="" description="laugh"/>
   <vocalsound nite:id="Bed006.vocalsound.491" starttime="" endtime="" description="laugh"/>
   <vocalsound nite:id="Bed006.vocalsound.492" starttime="" endtime="" description="laugh"/>
   <w nite:id="Bed006.w.13,318" starttime="3450.04" endtime="3450.47" c="W">No</w>
   <w nite:id="Bed006.w.13,319" starttime="3450.47" endtime="3450.88" c="W">problem</w>
   <w nite:id="Bed006.w.13,320" starttime="3450.88" endtime="3450.88" c="CM">,</w>
   <w nite:id="Bed006.w.13,321" starttime="3451.34" endtime="3451.61" c="W">yeah</w>
   <w nite:id="Bed006.w.13,322" starttime="3451.61" endtime="3451.61" c=".">.</w>
   <vocalsound nite:id="Bed006.vocalsound.501" starttime="" endtime="" description="laugh"/>
   <vocalsound nite:id="Bed006.vocalsound.504" starttime="" endtime="" description="laugh"/>
   <vocalsound nite:id="Bed006.vocalsound.506" starttime="" endtime="" description="laugh"/>
   <vocalsound nite:id="Bed006.vocalsound.509" starttime="" endtime="" description="laugh"/>
   <w nite:id="Bed006.w.13,948" starttime="3612.49" endtime="3612.65" c="W">You</w>
   <w nite:id="Bed006.w.13,949" starttime="3612.65" endtime="3612.86" c="W">don't</w>
   <w nite:id="Bed006.w.13,950" starttime="3612.86" endtime="3613.0" c="W">have</w>
   <w nite:id="Bed006.w.13,951" starttime="3613.0" endtime="3613.1" c="W">to</w>
   <w nite:id="Bed006.w.13,952" starttime="3613.1" endtime="3613.35" c="W">use</w>
   <w nite:id="Bed006.w.13,953" starttime="3613.35" endtime="3613.46" c="W">the</w>
   <w nite:id="Bed006.w.13,954" starttime="3613.46" endtime="3613.88" c="W">acronym</w>
   <w nite:id="Bed006.w.13,955" starttime="3613.88" endtime="3613.88" c=".">.</w>
   <vocalsound nite:id="Bed006.vocalsound.511" starttime="" endtime="" description="laugh"/>
   <w nite:id="Bed006.w.14,087" starttime="3634.59" endtime="3634.76" c="W">Just</w>
   <w nite:id="Bed006.w.14,088" starttime="3634.76" endtime="3634.88" c="W">think</w>
   <w nite:id="Bed006.w.14,089" starttime="3634.88" endtime="3634.94" c="W">of</w>
   <w nite:id="Bed006.w.14,090" starttime="3634.94" endtime="3635.01" c="W">it</w>
   <w nite:id="Bed006.w.14,091" starttime="3635.01" endtime="3635.14" c="W">as</w>
   <disfmarker nite:id="Bed006.disfmarker.594" starttime="" endtime=""/>
   <w nite:id="Bed006.w.14,092" starttime="3635.14" endtime="3635.43" c="W">as</w>
   <w nite:id="Bed006.w.14,093" starttime="" endtime="" c="LQUOTE" qut="D">"</w>
   <w nite:id="Bed006.w.14,094" starttime="3635.43" endtime="3635.71" c="W">wheel</w>
   <w nite:id="Bed006.w.14,095" starttime="3635.71" endtime="3635.71" c="RQUOTE" qut="D">"</w>
   <w nite:id="Bed006.w.14,096" starttime="3635.71" endtime="3635.83" c="W">in</w>
   <w nite:id="Bed006.w.14,097" starttime="3635.83" endtime="3636.11" c="W">German</w>
   <w nite:id="Bed006.w.14,098" starttime="3636.11" endtime="3636.11" c=".">.</w>
   <comment nite:id="Bed006.comment.66" starttime="" endtime="" description="translation"/>
   <vocalsound nite:id="Bed006.vocalsound.515" starttime="" endtime="" description="laugh"/>
   <vocalsound nite:id="Bed006.vocalsound.520" starttime="" endtime="" description="laugh"/>
   <vocalsound nite:id="Bed006.vocalsound.524" starttime="" endtime="" description="laugh"/>
   <w nite:id="Bed006.w.14,205" starttime="3665.19" endtime="3665.31" c="W">Yeah</w>
   <w nite:id="Bed006.w.14,206" starttime="3665.31" endtime="3665.44" c="W">all</w>
   <w nite:id="Bed006.w.14,207" starttime="3665.44" endtime="3665.53" c="W">the</w>
   <w nite:id="Bed006.w.14,208" starttime="3665.53" endtime="" c="W">kids</w>
   <w nite:id="Bed006.w.14,209" starttime="" endtime="3665.84" c="W">'ll</w>
   <w nite:id="Bed006.w.14,210" starttime="3665.84" endtime="3666.0" c="W">love</w>
   <w nite:id="Bed006.w.14,211" starttime="3666.0" endtime="3666.07" c="W">it</w>
   <w nite:id="Bed006.w.14,212" starttime="3666.07" endtime="3666.07" c=".">.</w>
   <vocalsound nite:id="Bed006.vocalsound.527" starttime="" endtime="" description="laugh"/>
   <vocalsound nite:id="Bed006.vocalsound.529" starttime="" endtime="" description="laugh"/>
   <vocalsound nite:id="Bed006.vocalsound.534" starttime="" endtime="" description="laugh"/>
</nite:root>