<?xml version="1.0" encoding="ISO-8859-1" standalone="yes"?>
<nite:root nite:id="ES2012a.C.words" xmlns:nite="http://nite.sourceforge.net/">
   <vocalsound nite:id="ES2012a.C.words0" starttime="191.408" endtime="191.408" type="other"/>
   <w nite:id="ES2012a.C.words1" starttime="192.1" endtime="192.57">I&#39;m</w>
   <w nite:id="ES2012a.C.words2" starttime="192.57" endtime="193.08">Kendra</w>
   <w nite:id="ES2012a.C.words3" starttime="193.08" endtime="193.67">and</w>
   <w nite:id="ES2012a.C.words4" starttime="193.67" endtime="194.01">I&#39;m</w>
   <w nite:id="ES2012a.C.words5" starttime="194.01" endtime="194.22">the</w>
   <w nite:id="ES2012a.C.words6" starttime="194.22" endtime="194.62" trunc="true">Us</w>
   <w nite:id="ES2012a.C.words7" starttime="194.62" endtime="195.07">User</w>
   <w nite:id="ES2012a.C.words8" starttime="195.07" endtime="195.57">Interface</w>
   <w nite:id="ES2012a.C.words9" starttime="195.57" endtime="196.22">Designer</w>
   <w nite:id="ES2012a.C.words10" starttime="196.22" endtime="196.82">and</w>
   <w nite:id="ES2012a.C.words11" starttime="196.82" endtime="197.69">um</w>
   <vocalsound nite:id="ES2012a.C.words12" starttime="197.69" endtime="197.69" type="other"/>
   <w nite:id="ES2012a.C.words13" starttime="197.69" endtime="198.65">I</w>
   <w nite:id="ES2012a.C.words14" starttime="198.65" endtime="199.26">haven&#39;t</w>
   <w nite:id="ES2012a.C.words15" starttime="199.26" endtime="199.48">had</w>
   <w nite:id="ES2012a.C.words16" starttime="199.48" endtime="199.52">a</w>
   <w nite:id="ES2012a.C.words17" starttime="199.52" endtime="199.73">whole</w>
   <w nite:id="ES2012a.C.words18" starttime="199.73" endtime="199.9">lot</w>
   <w nite:id="ES2012a.C.words19" starttime="199.9" endtime="200.01">of</w>
   <w nite:id="ES2012a.C.words20" starttime="200.01" endtime="200.62">experience</w>
   <w nite:id="ES2012a.C.words21" starttime="200.62" endtime="200.71">in</w>
   <w nite:id="ES2012a.C.words22" starttime="200.71" endtime="200.87">this</w>
   <w nite:id="ES2012a.C.words23" starttime="200.87" endtime="201.04">kind</w>
   <w nite:id="ES2012a.C.words24" starttime="201.04" endtime="201.1">of</w>
   <w nite:id="ES2012a.C.words25" starttime="201.1" endtime="201.29">thing</w>
   <w nite:id="ES2012a.C.words26" starttime="201.29" endtime="201.79">before</w>
   <w nite:id="ES2012a.C.words27" starttime="201.79" endtime="202.08">but</w>
   <w nite:id="ES2012a.C.words28" starttime="202.08" endtime="202.86">I&#39;m</w>
   <w nite:id="ES2012a.C.words29" starttime="202.86" endtime="203.33" trunc="true">m</w>
   <w nite:id="ES2012a.C.words30" starttime="203.33" endtime="203.63">so</w>
   <w nite:id="ES2012a.C.words31" starttime="203.63" endtime="203.8">I&#39;ll</w>
   <w nite:id="ES2012a.C.words32" starttime="203.8" endtime="204.22">be</w>
   <vocalsound nite:id="ES2012a.C.words33" starttime="205.424" endtime="205.424" type="laugh"/>
   <w nite:id="ES2012a.C.words34" starttime="206.45" endtime="206.81">working</w>
   <w nite:id="ES2012a.C.words35" starttime="206.81" endtime="206.98">on</w>
   <w nite:id="ES2012a.C.words36" starttime="206.98" endtime="207.42">the</w>
   <w nite:id="ES2012a.C.words37" starttime="207.42" endtime="208.04">design</w>
   <w nite:id="ES2012a.C.words38" starttime="208.04" endtime="208.04" punc="true">.</w>
   <w nite:id="ES2012a.C.words39" starttime="211.39" endtime="213.31">Right</w>
   <w nite:id="ES2012a.C.words40" starttime="213.31" endtime="213.31" punc="true">.</w>
   <w nite:id="ES2012a.C.words41" starttime="213.31" endtime="213.53">Yep</w>
   <w nite:id="ES2012a.C.words42" starttime="213.53" endtime="213.53" punc="true">,</w>
   <w nite:id="ES2012a.C.words43" starttime="213.53" endtime="213.68">I&#39;m</w>
   <w nite:id="ES2012a.C.words44" starttime="213.68" endtime="213.9">just</w>
   <w nite:id="ES2012a.C.words45" starttime="213.9" endtime="214.26">open</w>
   <w nite:id="ES2012a.C.words46" starttime="214.26" endtime="214.36">to</w>
   <w nite:id="ES2012a.C.words47" starttime="214.36" endtime="214.87">being</w>
   <w nite:id="ES2012a.C.words48" starttime="214.87" endtime="215.4">creative</w>
   <w nite:id="ES2012a.C.words49" starttime="215.4" endtime="215.4" punc="true">.</w>
   <vocalsound nite:id="ES2012a.C.words50" starttime="418.339" endtime="418.339" type="laugh"/>
   <w nite:id="ES2012a.C.words51" starttime="424.75" endtime="425.13">Um</w>
   <w nite:id="ES2012a.C.words52" starttime="425.13" endtime="425.55">probably</w>
   <w nite:id="ES2012a.C.words53" starttime="425.55" endtime="425.71">a</w>
   <w nite:id="ES2012a.C.words54" starttime="425.71" endtime="426.3">duck</w>
   <w nite:id="ES2012a.C.words55" starttime="426.3" endtime="426.47">I</w>
   <w nite:id="ES2012a.C.words56" starttime="426.47" endtime="427.07">just</w>
   <disfmarker nite:id="ES2012a.C.words57" starttime="427.07" endtime="427.07"/>
   <w nite:id="ES2012a.C.words58" starttime="427.07" endtime="427.22">I</w>
   <w nite:id="ES2012a.C.words59" starttime="427.22" endtime="427.44" trunc="true">li</w>
   <w nite:id="ES2012a.C.words60" starttime="427.44" endtime="427.56">I</w>
   <w nite:id="ES2012a.C.words61" starttime="427.56" endtime="428.81">like</w>
   <w nite:id="ES2012a.C.words62" starttime="428.81" endtime="429.02">the</w>
   <w nite:id="ES2012a.C.words63" starttime="429.02" endtime="429.14">way</w>
   <w nite:id="ES2012a.C.words64" starttime="429.14" endtime="429.3">they</w>
   <w nite:id="ES2012a.C.words65" starttime="429.3" endtime="429.65">look</w>
   <w nite:id="ES2012a.C.words66" starttime="429.65" endtime="429.78">and</w>
   <w nite:id="ES2012a.C.words67" starttime="429.78" endtime="429.94">they&#39;re</w>
   <w nite:id="ES2012a.C.words68" starttime="429.94" endtime="430.17">just</w>
   <w nite:id="ES2012a.C.words69" starttime="430.17" endtime="430.44">nice</w>
   <w nite:id="ES2012a.C.words70" starttime="430.44" endtime="431.03">animals</w>
   <w nite:id="ES2012a.C.words71" starttime="431.03" endtime="431.59">and</w>
   <w nite:id="ES2012a.C.words72" starttime="431.59" endtime="431.69">I</w>
   <w nite:id="ES2012a.C.words73" starttime="431.69" endtime="431.93">like</w>
   <w nite:id="ES2012a.C.words74" starttime="431.93" endtime="432.04">how</w>
   <w nite:id="ES2012a.C.words75" starttime="432.04" endtime="432.18">they</w>
   <w nite:id="ES2012a.C.words76" starttime="432.18" endtime="432.57">can</w>
   <w nite:id="ES2012a.C.words77" starttime="432.57" endtime="433.07">fly</w>
   <w nite:id="ES2012a.C.words78" starttime="433.07" endtime="433.2">or</w>
   <w nite:id="ES2012a.C.words79" starttime="433.2" endtime="433.59">swim</w>
   <w nite:id="ES2012a.C.words80" starttime="433.59" endtime="433.73">or</w>
   <w nite:id="ES2012a.C.words81" starttime="433.73" endtime="433.97">walk</w>
   <w nite:id="ES2012a.C.words82" starttime="433.97" endtime="434.27">around</w>
   <w nite:id="ES2012a.C.words83" starttime="434.27" endtime="434.36">or</w>
   <w nite:id="ES2012a.C.words84" starttime="434.36" endtime="434.81">whatever</w>
   <w nite:id="ES2012a.C.words85" starttime="434.81" endtime="434.81" punc="true">.</w>
   <vocalsound nite:id="ES2012a.C.words86" starttime="438.574" endtime="439.917" type="laugh"/>
   <vocalsound nite:id="ES2012a.C.words87" starttime="444.611" endtime="447.405" type="laugh"/>
   <w nite:id="ES2012a.C.words88" starttime="513.71" endtime="513.99">Well</w>
   <w nite:id="ES2012a.C.words89" starttime="513.99" endtime="514.23">I</w>
   <w nite:id="ES2012a.C.words90" starttime="514.23" endtime="514.88">think</w>
   <disfmarker nite:id="ES2012a.C.words91" starttime="514.88" endtime="514.88"/>
   <w nite:id="ES2012a.C.words92" starttime="514.88" endtime="515.0">I</w>
   <w nite:id="ES2012a.C.words93" starttime="515.0" endtime="515.29">find</w>
   <w nite:id="ES2012a.C.words94" starttime="515.29" endtime="515.34">a</w>
   <w nite:id="ES2012a.C.words95" starttime="515.34" endtime="515.54">lot</w>
   <w nite:id="ES2012a.C.words96" starttime="515.54" endtime="515.66">of</w>
   <w nite:id="ES2012a.C.words97" starttime="515.66" endtime="515.92">them</w>
   <w nite:id="ES2012a.C.words98" starttime="515.92" endtime="516.16">really</w>
   <w nite:id="ES2012a.C.words99" starttime="516.16" endtime="516.87">complicated</w>
   <w nite:id="ES2012a.C.words100" starttime="516.87" endtime="516.99">to</w>
   <w nite:id="ES2012a.C.words101" starttime="516.99" endtime="517.35">use</w>
   <w nite:id="ES2012a.C.words102" starttime="517.35" endtime="517.51">with</w>
   <w nite:id="ES2012a.C.words103" starttime="517.51" endtime="517.62">all</w>
   <w nite:id="ES2012a.C.words104" starttime="517.62" endtime="517.72">the</w>
   <w nite:id="ES2012a.C.words105" starttime="517.72" endtime="518.06">different</w>
   <w nite:id="ES2012a.C.words106" starttime="518.06" endtime="518.54">buttons</w>
   <w nite:id="ES2012a.C.words107" starttime="518.54" endtime="518.99">and</w>
   <w nite:id="ES2012a.C.words108" starttime="518.99" endtime="519.03">uh</w>
   <w nite:id="ES2012a.C.words109" starttime="519.03" endtime="519.76">it&#39;s</w>
   <w nite:id="ES2012a.C.words110" starttime="519.76" endtime="520.4">handiest</w>
   <w nite:id="ES2012a.C.words111" starttime="520.4" endtime="520.5">when</w>
   <w nite:id="ES2012a.C.words112" starttime="520.5" endtime="520.63">you</w>
   <w nite:id="ES2012a.C.words113" starttime="520.63" endtime="520.88">have</w>
   <w nite:id="ES2012a.C.words114" starttime="520.88" endtime="521.02">one</w>
   <w nite:id="ES2012a.C.words115" starttime="521.02" endtime="521.13">that</w>
   <w nite:id="ES2012a.C.words116" starttime="521.13" endtime="521.89">works</w>
   <w nite:id="ES2012a.C.words117" starttime="521.89" endtime="522.15">both</w>
   <w nite:id="ES2012a.C.words118" starttime="522.15" endtime="523.12">the</w>
   <w nite:id="ES2012a.C.words119" starttime="523.12" endtime="523.49">D_V_D_</w>
   <w nite:id="ES2012a.C.words120" starttime="523.49" endtime="523.8">player</w>
   <w nite:id="ES2012a.C.words121" starttime="523.8" endtime="523.88">or</w>
   <w nite:id="ES2012a.C.words122" starttime="523.88" endtime="524.27">whatever</w>
   <w nite:id="ES2012a.C.words123" starttime="524.27" endtime="524.55">and</w>
   <w nite:id="ES2012a.C.words124" starttime="524.55" endtime="524.67">the</w>
   <w nite:id="ES2012a.C.words125" starttime="524.67" endtime="525.08">T_V_</w>
   <w nite:id="ES2012a.C.words126" starttime="525.08" endtime="525.24">as</w>
   <w nite:id="ES2012a.C.words127" starttime="525.24" endtime="526.12">well</w>
   <w nite:id="ES2012a.C.words128" starttime="526.12" endtime="526.12" punc="true">.</w>
   <w nite:id="ES2012a.C.words129" starttime="526.12" endtime="526.68">Um</w>
   <w nite:id="ES2012a.C.words130" starttime="526.68" endtime="526.68" punc="true">,</w>
   <w nite:id="ES2012a.C.words131" starttime="526.68" endtime="527.0">but</w>
   <w nite:id="ES2012a.C.words132" starttime="527.0" endtime="527.22">that</w>
   <disfmarker nite:id="ES2012a.C.words133" starttime="527.22" endtime="527.22"/>
   <w nite:id="ES2012a.C.words134" starttime="527.22" endtime="527.41">it&#39;s</w>
   <w nite:id="ES2012a.C.words135" starttime="527.41" endtime="527.78">easy</w>
   <w nite:id="ES2012a.C.words136" starttime="527.78" endtime="528.04">to</w>
   <gap nite:id="ES2012a.C.words137" starttime="528.04" endtime="528.04"/>
   <w nite:id="ES2012a.C.words138" starttime="528.04" endtime="528.24">if</w>
   <w nite:id="ES2012a.C.words139" starttime="528.24" endtime="528.33">you</w>
   <w nite:id="ES2012a.C.words140" starttime="528.33" endtime="528.48">can</w>
   <w nite:id="ES2012a.C.words141" starttime="528.48" endtime="528.78">switch</w>
   <w nite:id="ES2012a.C.words142" starttime="528.78" endtime="528.98">back</w>
   <w nite:id="ES2012a.C.words143" starttime="528.98" endtime="529.11">and</w>
   <w nite:id="ES2012a.C.words144" starttime="529.11" endtime="529.53">forth</w>
   <w nite:id="ES2012a.C.words145" starttime="529.53" endtime="529.82">instead</w>
   <w nite:id="ES2012a.C.words146" starttime="529.82" endtime="529.9">of</w>
   <w nite:id="ES2012a.C.words147" starttime="529.9" endtime="530.21">having</w>
   <w nite:id="ES2012a.C.words148" starttime="530.21" endtime="533.42">to</w>
   <vocalsound nite:id="ES2012a.C.words149" starttime="533.42" endtime="533.42" type="other"/>
   <w nite:id="ES2012a.C.words150" starttime="533.42" endtime="533.75">press</w>
   <w nite:id="ES2012a.C.words151" starttime="533.75" endtime="533.81">a</w>
   <w nite:id="ES2012a.C.words152" starttime="533.81" endtime="534.03">bunch</w>
   <w nite:id="ES2012a.C.words153" starttime="534.03" endtime="534.14">of</w>
   <w nite:id="ES2012a.C.words154" starttime="534.14" endtime="534.48">different</w>
   <w nite:id="ES2012a.C.words155" starttime="534.48" endtime="535.03">buttons</w>
   <w nite:id="ES2012a.C.words156" starttime="535.03" endtime="536.76">and</w>
   <disfmarker nite:id="ES2012a.C.words157" starttime="536.76" endtime="536.76"/>
   <w nite:id="ES2012a.C.words158" starttime="536.76" endtime="537.11">so</w>
   <w nite:id="ES2012a.C.words159" starttime="537.11" endtime="537.18">I</w>
   <w nite:id="ES2012a.C.words160" starttime="537.18" endtime="537.39">think</w>
   <w nite:id="ES2012a.C.words161" starttime="537.39" endtime="537.66">it&#39;s</w>
   <w nite:id="ES2012a.C.words162" starttime="537.66" endtime="538.46">is</w>
   <w nite:id="ES2012a.C.words163" starttime="538.46" endtime="538.75">best</w>
   <w nite:id="ES2012a.C.words164" starttime="538.75" endtime="538.86">when</w>
   <w nite:id="ES2012a.C.words165" starttime="538.86" endtime="538.98">they&#39;re</w>
   <w nite:id="ES2012a.C.words166" starttime="538.98" endtime="539.53">clearly</w>
   <w nite:id="ES2012a.C.words167" starttime="539.53" endtime="540.09">labelled</w>
   <w nite:id="ES2012a.C.words168" starttime="540.09" endtime="540.22">and</w>
   <w nite:id="ES2012a.C.words169" starttime="540.22" endtime="540.37">you</w>
   <w nite:id="ES2012a.C.words170" starttime="540.37" endtime="540.54">can</w>
   <w nite:id="ES2012a.C.words171" starttime="540.54" endtime="540.86">see</w>
   <w nite:id="ES2012a.C.words172" starttime="540.86" endtime="541.25">which</w>
   <w nite:id="ES2012a.C.words173" starttime="541.25" endtime="541.55">buttons</w>
   <w nite:id="ES2012a.C.words174" starttime="541.55" endtime="541.71">you&#39;re</w>
   <w nite:id="ES2012a.C.words175" starttime="541.71" endtime="541.99">supposed</w>
   <w nite:id="ES2012a.C.words176" starttime="541.99" endtime="542.07">to</w>
   <w nite:id="ES2012a.C.words177" starttime="542.07" endtime="543.19">use</w>
   <w nite:id="ES2012a.C.words178" starttime="543.19" endtime="543.19" punc="true">,</w>
   <w nite:id="ES2012a.C.words179" starttime="543.19" endtime="543.27">you</w>
   <w nite:id="ES2012a.C.words180" starttime="543.27" endtime="544.22">know</w>
   <w nite:id="ES2012a.C.words181" starttime="544.22" endtime="544.22" punc="true">.</w>
   <w nite:id="ES2012a.C.words182" starttime="572.82" endtime="573.24">Yeah</w>
   <w nite:id="ES2012a.C.words183" starttime="573.24" endtime="573.24" punc="true">.</w>
   <w nite:id="ES2012a.C.words184" starttime="641.68" endtime="641.74">I</w>
   <w nite:id="ES2012a.C.words185" starttime="641.74" endtime="641.95">think</w>
   <w nite:id="ES2012a.C.words186" starttime="641.95" endtime="642.28">something</w>
   <w nite:id="ES2012a.C.words187" starttime="642.28" endtime="642.48">that&#39;s</w>
   <w nite:id="ES2012a.C.words188" starttime="642.48" endtime="643.13">comfortable</w>
   <w nite:id="ES2012a.C.words189" starttime="643.13" endtime="643.25">to</w>
   <w nite:id="ES2012a.C.words190" starttime="643.25" endtime="643.68">hold</w>
   <w nite:id="ES2012a.C.words191" starttime="643.68" endtime="644.01">because</w>
   <w nite:id="ES2012a.C.words192" starttime="644.01" endtime="644.44">sometimes</w>
   <w nite:id="ES2012a.C.words193" starttime="644.44" endtime="644.53">you</w>
   <w nite:id="ES2012a.C.words194" starttime="644.53" endtime="644.67">get</w>
   <w nite:id="ES2012a.C.words195" starttime="644.67" endtime="644.76">the</w>
   <w nite:id="ES2012a.C.words196" starttime="644.76" endtime="645.0">remote</w>
   <w nite:id="ES2012a.C.words197" starttime="645.0" endtime="645.4">controls</w>
   <w nite:id="ES2012a.C.words198" starttime="645.4" endtime="645.53">that</w>
   <w nite:id="ES2012a.C.words199" starttime="645.53" endtime="645.61">are</w>
   <w nite:id="ES2012a.C.words200" starttime="645.61" endtime="645.78">just</w>
   <w nite:id="ES2012a.C.words201" starttime="645.78" endtime="646.08">those</w>
   <w nite:id="ES2012a.C.words202" starttime="646.08" endtime="647.03">big</w>
   <w nite:id="ES2012a.C.words203" starttime="647.03" endtime="647.03" punc="true">,</w>
   <w nite:id="ES2012a.C.words204" starttime="647.03" endtime="648.12">rectangular</w>
   <w nite:id="ES2012a.C.words205" starttime="648.12" endtime="648.55">things</w>
   <w nite:id="ES2012a.C.words206" starttime="648.55" endtime="648.65">and</w>
   <w nite:id="ES2012a.C.words207" starttime="648.65" endtime="648.72">uh</w>
   <w nite:id="ES2012a.C.words208" starttime="648.72" endtime="648.95">they&#39;re</w>
   <w nite:id="ES2012a.C.words209" starttime="648.95" endtime="649.12">kind</w>
   <w nite:id="ES2012a.C.words210" starttime="649.12" endtime="649.21">of</w>
   <w nite:id="ES2012a.C.words211" starttime="649.21" endtime="649.61">awkward</w>
   <w nite:id="ES2012a.C.words212" starttime="649.61" endtime="649.67">to</w>
   <w nite:id="ES2012a.C.words213" starttime="649.67" endtime="649.87">hold</w>
   <w nite:id="ES2012a.C.words214" starttime="649.87" endtime="650.2">onto</w>
   <w nite:id="ES2012a.C.words215" starttime="650.2" endtime="650.2" punc="true">,</w>
   <w nite:id="ES2012a.C.words216" starttime="650.2" endtime="650.34">so</w>
   <w nite:id="ES2012a.C.words217" starttime="650.34" endtime="650.63">something</w>
   <w nite:id="ES2012a.C.words218" starttime="650.63" endtime="650.83">that&#39;s</w>
   <w nite:id="ES2012a.C.words219" starttime="650.83" endtime="651.03">more</w>
   <w nite:id="ES2012a.C.words220" starttime="651.03" endtime="651.58">comfortable</w>
   <w nite:id="ES2012a.C.words221" starttime="651.58" endtime="652.0">that</w>
   <w nite:id="ES2012a.C.words222" starttime="652.0" endtime="652.38">fits</w>
   <w nite:id="ES2012a.C.words223" starttime="652.38" endtime="652.68">in</w>
   <w nite:id="ES2012a.C.words224" starttime="652.68" endtime="652.79">a</w>
   <w nite:id="ES2012a.C.words225" starttime="652.79" endtime="653.18">person&#39;s</w>
   <w nite:id="ES2012a.C.words226" starttime="653.18" endtime="653.5">hand</w>
   <w nite:id="ES2012a.C.words227" starttime="653.5" endtime="654.14">better</w>
   <w nite:id="ES2012a.C.words228" starttime="654.14" endtime="654.14" punc="true">.</w>
   <w nite:id="ES2012a.C.words229" starttime="661.82" endtime="662.19">Yeah</w>
   <w nite:id="ES2012a.C.words230" starttime="662.19" endtime="662.19" punc="true">.</w>
   <w nite:id="ES2012a.C.words231" starttime="668.67" endtime="669.07">Yeah</w>
   <w nite:id="ES2012a.C.words232" starttime="669.07" endtime="669.07" punc="true">.</w>
   <w nite:id="ES2012a.C.words233" starttime="676.64" endtime="677.01">Yeah</w>
   <w nite:id="ES2012a.C.words234" starttime="677.01" endtime="677.01" punc="true">.</w>
   <w nite:id="ES2012a.C.words235" starttime="722.05" endtime="722.14">But</w>
   <w nite:id="ES2012a.C.words236" starttime="722.14" endtime="722.37">maybe</w>
   <w nite:id="ES2012a.C.words237" starttime="722.37" endtime="722.48">they</w>
   <w nite:id="ES2012a.C.words238" starttime="722.48" endtime="722.74">could</w>
   <w nite:id="ES2012a.C.words239" starttime="722.74" endtime="723.08">be</w>
   <w nite:id="ES2012a.C.words240" starttime="723.08" endtime="723.83">concave</w>
   <w nite:id="ES2012a.C.words241" starttime="723.83" endtime="724.15">instead</w>
   <w nite:id="ES2012a.C.words242" starttime="724.15" endtime="724.22">of</w>
   <w nite:id="ES2012a.C.words243" starttime="724.22" endtime="724.59">sticking</w>
   <w nite:id="ES2012a.C.words244" starttime="724.59" endtime="724.73">up</w>
   <w nite:id="ES2012a.C.words245" starttime="724.73" endtime="724.87">to</w>
   <w nite:id="ES2012a.C.words246" starttime="724.87" endtime="725.08">have</w>
   <w nite:id="ES2012a.C.words247" starttime="725.08" endtime="725.3">them</w>
   <disfmarker nite:id="ES2012a.C.words248" starttime="725.3" endtime="725.3"/>
   <w nite:id="ES2012a.C.words249" starttime="725.3" endtime="725.77">be</w>
   <w nite:id="ES2012a.C.words250" starttime="725.77" endtime="725.96">kind</w>
   <w nite:id="ES2012a.C.words251" starttime="725.96" endtime="726.08">of</w>
   <w nite:id="ES2012a.C.words252" starttime="726.08" endtime="726.48">down</w>
   <w nite:id="ES2012a.C.words253" starttime="726.48" endtime="726.61">so</w>
   <w nite:id="ES2012a.C.words254" starttime="726.61" endtime="726.71">you</w>
   <w nite:id="ES2012a.C.words255" starttime="726.71" endtime="726.88">could</w>
   <w nite:id="ES2012a.C.words256" starttime="726.88" endtime="727.19">feel</w>
   <w nite:id="ES2012a.C.words257" starttime="727.19" endtime="727.5">them</w>
   <w nite:id="ES2012a.C.words258" starttime="729.3" endtime="730.09">better</w>
   <w nite:id="ES2012a.C.words259" starttime="730.09" endtime="730.09" punc="true">.</w>
   <vocalsound nite:id="ES2012a.C.words260" starttime="749.218" endtime="749.218" type="other"/>
   <w nite:id="ES2012a.C.words261" starttime="750.48" endtime="750.77">Oh</w>
   <w nite:id="ES2012a.C.words262" starttime="750.77" endtime="751.46">yeah</w>
   <w nite:id="ES2012a.C.words263" starttime="751.46" endtime="751.46" punc="true">.</w>
   <w nite:id="ES2012a.C.words264" starttime="752.71" endtime="752.88">Like</w>
   <w nite:id="ES2012a.C.words265" starttime="752.88" endtime="753.11">a</w>
   <w nite:id="ES2012a.C.words266" starttime="753.11" endtime="753.29">like</w>
   <w nite:id="ES2012a.C.words267" starttime="753.29" endtime="753.34">a</w>
   <w nite:id="ES2012a.C.words268" starttime="753.34" endtime="753.71">mobile</w>
   <w nite:id="ES2012a.C.words269" starttime="753.71" endtime="754.47">phone</w>
   <w nite:id="ES2012a.C.words270" starttime="754.47" endtime="754.47" punc="true">?</w>
   <w nite:id="ES2012a.C.words271" starttime="754.47" endtime="755.01">Yeah</w>
   <w nite:id="ES2012a.C.words272" starttime="755.01" endtime="755.01" punc="true">.</w>
   <vocalsound nite:id="ES2012a.C.words273" starttime="782.089" endtime="783.152" type="laugh"/>
   <vocalsound nite:id="ES2012a.C.words274" starttime="894.112" endtime="896.4" type="laugh"/>
   <vocalsound nite:id="ES2012a.C.words275" starttime="934.494" endtime="934.494" type="other"/>
   <w nite:id="ES2012a.C.words276" starttime="934.86" endtime="937.27">Well</w>
   <w nite:id="ES2012a.C.words277" starttime="937.27" endtime="937.27" punc="true">,</w>
   <w nite:id="ES2012a.C.words278" starttime="937.27" endtime="937.76">most</w>
   <disfmarker nite:id="ES2012a.C.words279" starttime="937.76" endtime="937.76"/>
   <w nite:id="ES2012a.C.words280" starttime="937.76" endtime="937.82">I</w>
   <w nite:id="ES2012a.C.words281" starttime="937.82" endtime="938.15">think</w>
   <w nite:id="ES2012a.C.words282" starttime="938.15" endtime="938.42">most</w>
   <w nite:id="ES2012a.C.words283" starttime="938.42" endtime="938.48">of</w>
   <w nite:id="ES2012a.C.words284" starttime="938.48" endtime="938.57">the</w>
   <w nite:id="ES2012a.C.words285" starttime="938.57" endtime="938.82">remote</w>
   <w nite:id="ES2012a.C.words286" starttime="938.82" endtime="939.29">controls</w>
   <w nite:id="ES2012a.C.words287" starttime="939.29" endtime="939.52">now</w>
   <w nite:id="ES2012a.C.words288" starttime="939.52" endtime="939.67">are</w>
   <w nite:id="ES2012a.C.words289" starttime="939.67" endtime="939.89">either</w>
   <w nite:id="ES2012a.C.words290" starttime="939.89" endtime="940.15">just</w>
   <w nite:id="ES2012a.C.words291" starttime="940.15" endtime="940.54">black</w>
   <w nite:id="ES2012a.C.words292" starttime="940.54" endtime="940.65">or</w>
   <w nite:id="ES2012a.C.words293" starttime="940.65" endtime="941.02">grey</w>
   <w nite:id="ES2012a.C.words294" starttime="941.02" endtime="941.02" punc="true">,</w>
   <w nite:id="ES2012a.C.words295" starttime="941.02" endtime="941.18">so</w>
   <w nite:id="ES2012a.C.words296" starttime="941.18" endtime="941.41">maybe</w>
   <w nite:id="ES2012a.C.words297" starttime="941.41" endtime="941.52">we</w>
   <w nite:id="ES2012a.C.words298" starttime="941.52" endtime="941.83">should</w>
   <w nite:id="ES2012a.C.words299" starttime="941.83" endtime="942.04">go</w>
   <w nite:id="ES2012a.C.words300" starttime="942.04" endtime="942.16">with</w>
   <w nite:id="ES2012a.C.words301" starttime="942.16" endtime="943.2">something</w>
   <w nite:id="ES2012a.C.words302" starttime="943.2" endtime="943.58">different</w>
   <w nite:id="ES2012a.C.words303" starttime="943.58" endtime="943.72">or</w>
   <w nite:id="ES2012a.C.words304" starttime="943.72" endtime="943.82">be</w>
   <w nite:id="ES2012a.C.words305" starttime="943.82" endtime="944.02">able</w>
   <w nite:id="ES2012a.C.words306" starttime="944.02" endtime="945.32">to</w>
   <disfmarker nite:id="ES2012a.C.words307" starttime="945.32" endtime="945.32"/>
   <w nite:id="ES2012a.C.words308" starttime="945.32" endtime="945.47">I</w>
   <w nite:id="ES2012a.C.words309" starttime="945.47" endtime="945.6">was</w>
   <w nite:id="ES2012a.C.words310" starttime="945.6" endtime="945.84">just</w>
   <w nite:id="ES2012a.C.words311" starttime="945.84" endtime="946.24">thinking</w>
   <w nite:id="ES2012a.C.words312" starttime="946.24" endtime="946.71">of</w>
   <w nite:id="ES2012a.C.words313" starttime="946.71" endtime="947.86">um</w>
   <vocalsound nite:id="ES2012a.C.words314" starttime="947.86" endtime="947.86" type="other"/>
   <w nite:id="ES2012a.C.words315" starttime="947.86" endtime="948.07">what</w>
   <w nite:id="ES2012a.C.words316" starttime="948.07" endtime="948.22">they&#39;re</w>
   <w nite:id="ES2012a.C.words317" starttime="948.22" endtime="948.46">doing</w>
   <w nite:id="ES2012a.C.words318" starttime="948.46" endtime="948.66">with</w>
   <w nite:id="ES2012a.C.words319" starttime="948.66" endtime="949.0">mobile</w>
   <w nite:id="ES2012a.C.words320" starttime="949.0" endtime="949.41">phones</w>
   <w nite:id="ES2012a.C.words321" starttime="949.41" endtime="949.59">now</w>
   <w nite:id="ES2012a.C.words322" starttime="949.59" endtime="949.73">how</w>
   <w nite:id="ES2012a.C.words323" starttime="949.73" endtime="949.84">you</w>
   <w nite:id="ES2012a.C.words324" starttime="949.84" endtime="950.05">can</w>
   <w nite:id="ES2012a.C.words325" starttime="950.05" endtime="950.3">get</w>
   <w nite:id="ES2012a.C.words326" starttime="950.3" endtime="950.53">the</w>
   <w nite:id="ES2012a.C.words327" starttime="950.53" endtime="951.38">different</w>
   <w nite:id="ES2012a.C.words328" starttime="951.38" endtime="952.11">um</w>
   <disfmarker nite:id="ES2012a.C.words329" starttime="952.11" endtime="952.11"/>
   <w nite:id="ES2012a.C.words330" starttime="952.11" endtime="952.22">what</w>
   <w nite:id="ES2012a.C.words331" starttime="952.22" endtime="952.28">are</w>
   <w nite:id="ES2012a.C.words332" starttime="952.28" endtime="952.37">they</w>
   <w nite:id="ES2012a.C.words333" starttime="952.37" endtime="952.58">called</w>
   <w nite:id="ES2012a.C.words334" starttime="952.58" endtime="952.58" punc="true">?</w>
   <w nite:id="ES2012a.C.words335" starttime="952.58" endtime="952.73">Like</w>
   <w nite:id="ES2012a.C.words336" starttime="952.73" endtime="952.83">the</w>
   <w nite:id="ES2012a.C.words337" starttime="952.83" endtime="953.68">face-plates</w>
   <w nite:id="ES2012a.C.words338" starttime="953.68" endtime="953.81">that</w>
   <w nite:id="ES2012a.C.words339" starttime="953.81" endtime="953.94">you</w>
   <w nite:id="ES2012a.C.words340" starttime="953.94" endtime="954.32">change</w>
   <w nite:id="ES2012a.C.words341" starttime="954.32" endtime="954.49">so</w>
   <w nite:id="ES2012a.C.words342" starttime="954.49" endtime="954.57">we</w>
   <w nite:id="ES2012a.C.words343" starttime="954.57" endtime="954.73">could</w>
   <w nite:id="ES2012a.C.words344" starttime="954.73" endtime="955.24">have</w>
   <w nite:id="ES2012a.C.words345" starttime="955.24" endtime="955.8">maybe</w>
   <disfmarker nite:id="ES2012a.C.words346" starttime="955.8" endtime="955.8"/>
   <w nite:id="ES2012a.C.words347" starttime="955.8" endtime="955.92">I</w>
   <w nite:id="ES2012a.C.words348" starttime="955.92" endtime="956.1">don&#39;t</w>
   <w nite:id="ES2012a.C.words349" starttime="956.1" endtime="956.27">know</w>
   <w nite:id="ES2012a.C.words350" starttime="956.27" endtime="956.36">if</w>
   <w nite:id="ES2012a.C.words351" starttime="956.36" endtime="956.45">it</w>
   <w nite:id="ES2012a.C.words352" starttime="956.45" endtime="956.57">would</w>
   <w nite:id="ES2012a.C.words353" starttime="956.57" endtime="956.72">be</w>
   <w nite:id="ES2012a.C.words354" starttime="956.72" endtime="957.14">feasible</w>
   <w nite:id="ES2012a.C.words355" starttime="957.14" endtime="957.26">to</w>
   <w nite:id="ES2012a.C.words356" starttime="957.26" endtime="957.4">do</w>
   <w nite:id="ES2012a.C.words357" starttime="957.4" endtime="957.77">something</w>
   <w nite:id="ES2012a.C.words358" starttime="957.77" endtime="957.9">with</w>
   <w nite:id="ES2012a.C.words359" starttime="957.9" endtime="958.57">that</w>
   <w nite:id="ES2012a.C.words360" starttime="958.57" endtime="958.57" punc="true">,</w>
   <w nite:id="ES2012a.C.words361" starttime="958.57" endtime="958.74">where</w>
   <w nite:id="ES2012a.C.words362" starttime="958.74" endtime="958.81">you</w>
   <w nite:id="ES2012a.C.words363" starttime="958.81" endtime="959.04">can</w>
   <w nite:id="ES2012a.C.words364" starttime="959.04" endtime="959.44">change</w>
   <w nite:id="ES2012a.C.words365" starttime="959.44" endtime="960.45">the</w>
   <w nite:id="ES2012a.C.words366" starttime="960.45" endtime="961.17">face-plates</w>
   <w nite:id="ES2012a.C.words367" starttime="961.17" endtime="961.28">or</w>
   <w nite:id="ES2012a.C.words368" starttime="961.28" endtime="961.47">have</w>
   <w nite:id="ES2012a.C.words369" starttime="961.47" endtime="961.66">kind</w>
   <w nite:id="ES2012a.C.words370" starttime="961.66" endtime="961.74">of</w>
   <w nite:id="ES2012a.C.words371" starttime="961.74" endtime="961.84">a</w>
   <w nite:id="ES2012a.C.words372" starttime="961.84" endtime="962.47">variety</w>
   <w nite:id="ES2012a.C.words373" starttime="962.47" endtime="962.61">so</w>
   <w nite:id="ES2012a.C.words374" starttime="962.61" endtime="962.9">people</w>
   <w nite:id="ES2012a.C.words375" starttime="962.9" endtime="963.06">can</w>
   <w nite:id="ES2012a.C.words376" starttime="963.06" endtime="963.33">get</w>
   <w nite:id="ES2012a.C.words377" starttime="963.33" endtime="964.35">different</w>
   <w nite:id="ES2012a.C.words378" starttime="964.35" endtime="964.75">different</w>
   <w nite:id="ES2012a.C.words379" starttime="964.75" endtime="965.93">things</w>
   <w nite:id="ES2012a.C.words380" starttime="965.93" endtime="965.93" punc="true">.</w>
   <w nite:id="ES2012a.C.words381" starttime="965.93" endtime="966.09">Have</w>
   <w nite:id="ES2012a.C.words382" starttime="966.09" endtime="966.18">it</w>
   <w nite:id="ES2012a.C.words383" starttime="966.18" endtime="966.36">kind</w>
   <w nite:id="ES2012a.C.words384" starttime="966.36" endtime="966.48">of</w>
   <w nite:id="ES2012a.C.words385" starttime="966.48" endtime="966.65">look</w>
   <w nite:id="ES2012a.C.words386" starttime="966.65" endtime="966.76">how</w>
   <w nite:id="ES2012a.C.words387" starttime="966.76" endtime="966.9">they</w>
   <w nite:id="ES2012a.C.words388" starttime="966.9" endtime="967.19">want</w>
   <w nite:id="ES2012a.C.words389" starttime="967.19" endtime="968.09">to</w>
   <w nite:id="ES2012a.C.words390" starttime="968.09" endtime="968.09" punc="true">,</w>
   <w nite:id="ES2012a.C.words391" starttime="968.09" endtime="968.38">different</w>
   <w nite:id="ES2012a.C.words392" starttime="968.38" endtime="969.53">colours</w>
   <w nite:id="ES2012a.C.words393" starttime="969.53" endtime="969.53" punc="true">,</w>
   <w nite:id="ES2012a.C.words394" starttime="969.53" endtime="969.79">things</w>
   <w nite:id="ES2012a.C.words395" starttime="969.79" endtime="969.99">like</w>
   <w nite:id="ES2012a.C.words396" starttime="969.99" endtime="970.67">that</w>
   <w nite:id="ES2012a.C.words397" starttime="970.67" endtime="970.67" punc="true">,</w>
   <w nite:id="ES2012a.C.words398" starttime="970.67" endtime="971.03">probably</w>
   <w nite:id="ES2012a.C.words399" starttime="971.03" endtime="971.24">just</w>
   <w nite:id="ES2012a.C.words400" starttime="971.24" endtime="971.9">plastic</w>
   <w nite:id="ES2012a.C.words401" starttime="971.9" endtime="972.2">because</w>
   <w nite:id="ES2012a.C.words402" starttime="972.2" endtime="972.45">that&#39;s</w>
   <w nite:id="ES2012a.C.words403" starttime="972.45" endtime="972.75">always</w>
   <w nite:id="ES2012a.C.words404" starttime="972.75" endtime="972.9">the</w>
   <w nite:id="ES2012a.C.words405" starttime="972.9" endtime="973.59">lightest</w>
   <w nite:id="ES2012a.C.words406" starttime="973.59" endtime="973.59" punc="true">.</w>
   <vocalsound nite:id="ES2012a.C.words407" starttime="982.007" endtime="983.587" type="laugh"/>
   <w nite:id="ES2012a.C.words408" starttime="1052.64" endtime="1052.99">Yeah</w>
   <w nite:id="ES2012a.C.words409" starttime="1052.99" endtime="1052.99" punc="true">.</w>
   <w nite:id="ES2012a.C.words410" starttime="1058.59" endtime="1059.12" mispronounced="true">Yeah</w>
   <w nite:id="ES2012a.C.words411" starttime="1059.12" endtime="1059.12" punc="true">.</w>
   <w nite:id="ES2012a.C.words412" starttime="1101.52" endtime="1101.88">Okay</w>
   <w nite:id="ES2012a.C.words413" starttime="1101.88" endtime="1101.88" punc="true">.</w>
</nite:root>