<?xml version="1.0" encoding="ISO-8859-1" standalone="yes"?>
<nite:root nite:id="ES2012a.B.words" xmlns:nite="http://nite.sourceforge.net/">
   <vocalsound nite:id="ES2012a.B.words0" starttime="214.996" endtime="214.996" type="laugh"/>
   <w nite:id="ES2012a.B.words1" starttime="217.19" endtime="217.52">Uh</w>
   <w nite:id="ES2012a.B.words2" starttime="217.52" endtime="217.69">I&#39;m</w>
   <w nite:id="ES2012a.B.words3" starttime="217.69" endtime="218.02">Katie</w>
   <w nite:id="ES2012a.B.words4" starttime="218.02" endtime="218.02" punc="true">,</w>
   <w nite:id="ES2012a.B.words5" starttime="218.02" endtime="218.22">I&#39;m</w>
   <w nite:id="ES2012a.B.words6" starttime="218.22" endtime="218.31">the</w>
   <w nite:id="ES2012a.B.words7" starttime="218.31" endtime="218.8">Industrial</w>
   <w nite:id="ES2012a.B.words8" starttime="218.8" endtime="219.32">Designer</w>
   <w nite:id="ES2012a.B.words9" starttime="219.32" endtime="219.48">and</w>
   <w nite:id="ES2012a.B.words10" starttime="219.48" endtime="219.65">I&#39;ll</w>
   <w nite:id="ES2012a.B.words11" starttime="219.65" endtime="219.98">just</w>
   <w nite:id="ES2012a.B.words12" starttime="219.98" endtime="220.14">be</w>
   <w nite:id="ES2012a.B.words13" starttime="220.14" endtime="220.22">I</w>
   <w nite:id="ES2012a.B.words14" starttime="220.22" endtime="220.41">guess</w>
   <w nite:id="ES2012a.B.words15" starttime="220.41" endtime="220.84">presenting</w>
   <w nite:id="ES2012a.B.words16" starttime="220.84" endtime="221.1">about</w>
   <w nite:id="ES2012a.B.words17" starttime="221.1" endtime="221.62">the</w>
   <w nite:id="ES2012a.B.words18" starttime="221.62" endtime="221.71">the</w>
   <w nite:id="ES2012a.B.words19" starttime="221.71" endtime="221.93" mispronounced="true">inter</w>
   <w nite:id="ES2012a.B.words20" starttime="221.93" endtime="222.3">workings</w>
   <w nite:id="ES2012a.B.words21" starttime="222.3" endtime="222.41">of</w>
   <w nite:id="ES2012a.B.words22" starttime="222.41" endtime="222.5">our</w>
   <w nite:id="ES2012a.B.words23" starttime="222.5" endtime="222.84">little</w>
   <w nite:id="ES2012a.B.words24" starttime="222.84" endtime="223.09">remote</w>
   <w nite:id="ES2012a.B.words25" starttime="223.09" endtime="223.97">control</w>
   <w nite:id="ES2012a.B.words26" starttime="223.97" endtime="224.34">and</w>
   <w nite:id="ES2012a.B.words27" starttime="224.34" endtime="224.95">uh</w>
   <disfmarker nite:id="ES2012a.B.words28" starttime="224.95" endtime="224.95"/>
   <w nite:id="ES2012a.B.words29" starttime="224.95" endtime="226.37">yeah</w>
   <w nite:id="ES2012a.B.words30" starttime="226.37" endtime="226.37" punc="true">.</w>
   <vocalsound nite:id="ES2012a.B.words31" starttime="418.256" endtime="421.696" type="laugh"/>
   <w nite:id="ES2012a.B.words32" starttime="436.06" endtime="436.43">Uh</w>
   <w nite:id="ES2012a.B.words33" starttime="436.43" endtime="436.47">&#39;s</w>
   <w nite:id="ES2012a.B.words34" starttime="436.47" endtime="437.59">horses</w>
   <w nite:id="ES2012a.B.words35" starttime="437.59" endtime="437.59" punc="true">,</w>
   <w nite:id="ES2012a.B.words36" starttime="437.59" endtime="437.72">no</w>
   <w nite:id="ES2012a.B.words37" starttime="437.72" endtime="438.08">particular</w>
   <w nite:id="ES2012a.B.words38" starttime="438.08" endtime="438.36">reason</w>
   <w nite:id="ES2012a.B.words39" starttime="438.36" endtime="439.74">why</w>
   <vocalsound nite:id="ES2012a.B.words40" starttime="439.74" endtime="439.74" type="laugh"/>
   <w nite:id="ES2012a.B.words41" starttime="439.74" endtime="439.74" punc="true">.</w>
   <vocalsound nite:id="ES2012a.B.words42" starttime="441.76" endtime="442.24" type="laugh"/>
   <vocalsound nite:id="ES2012a.B.words43" starttime="444.336" endtime="445.79" type="laugh"/>
   <vocalsound nite:id="ES2012a.B.words44" starttime="451.152" endtime="452.048" type="laugh"/>
   <vocalsound nite:id="ES2012a.B.words45" starttime="453.148" endtime="453.993" type="other"/>
   <w nite:id="ES2012a.B.words46" starttime="559.7" endtime="560.86">Um</w>
   <disfmarker nite:id="ES2012a.B.words47" starttime="560.86" endtime="560.86"/>
   <vocalsound nite:id="ES2012a.B.words48" starttime="560.86" endtime="561.168" type="laugh"/>
   <w nite:id="ES2012a.B.words49" starttime="562.98" endtime="563.03">I</w>
   <w nite:id="ES2012a.B.words50" starttime="563.03" endtime="563.15">think</w>
   <w nite:id="ES2012a.B.words51" starttime="563.15" endtime="563.27">it&#39;s</w>
   <w nite:id="ES2012a.B.words52" starttime="563.27" endtime="563.59">important</w>
   <w nite:id="ES2012a.B.words53" starttime="563.59" endtime="563.69">that</w>
   <w nite:id="ES2012a.B.words54" starttime="563.69" endtime="563.76">you</w>
   <w nite:id="ES2012a.B.words55" starttime="563.76" endtime="563.9">should</w>
   <w nite:id="ES2012a.B.words56" starttime="563.9" endtime="563.97">be</w>
   <w nite:id="ES2012a.B.words57" starttime="563.97" endtime="564.11">able</w>
   <w nite:id="ES2012a.B.words58" starttime="564.11" endtime="564.27">to</w>
   <disfmarker nite:id="ES2012a.B.words59" starttime="564.27" endtime="564.27"/>
   <w nite:id="ES2012a.B.words60" starttime="564.27" endtime="564.39">when</w>
   <w nite:id="ES2012a.B.words61" starttime="564.39" endtime="564.51">you</w>
   <w nite:id="ES2012a.B.words62" starttime="564.51" endtime="564.62">when</w>
   <w nite:id="ES2012a.B.words63" starttime="564.62" endtime="564.7">you</w>
   <w nite:id="ES2012a.B.words64" starttime="564.7" endtime="564.95">press</w>
   <w nite:id="ES2012a.B.words65" starttime="564.95" endtime="565.01">the</w>
   <w nite:id="ES2012a.B.words66" starttime="565.01" endtime="565.33">buttons</w>
   <w nite:id="ES2012a.B.words67" starttime="565.33" endtime="565.52">it&#39;ll</w>
   <w nite:id="ES2012a.B.words68" starttime="565.52" endtime="566.11">actually</w>
   <w nite:id="ES2012a.B.words69" starttime="566.11" endtime="566.29">pick</w>
   <w nite:id="ES2012a.B.words70" starttime="566.29" endtime="566.39">up</w>
   <w nite:id="ES2012a.B.words71" starttime="566.39" endtime="566.49">the</w>
   <w nite:id="ES2012a.B.words72" starttime="566.49" endtime="566.85">signals</w>
   <w nite:id="ES2012a.B.words73" starttime="566.85" endtime="567.01">from</w>
   <w nite:id="ES2012a.B.words74" starttime="567.01" endtime="567.17">kind</w>
   <w nite:id="ES2012a.B.words75" starttime="567.17" endtime="567.23">of</w>
   <w nite:id="ES2012a.B.words76" starttime="567.23" endtime="567.51">anywhere</w>
   <w nite:id="ES2012a.B.words77" starttime="567.51" endtime="567.6">and</w>
   <w nite:id="ES2012a.B.words78" starttime="567.6" endtime="567.66">you</w>
   <w nite:id="ES2012a.B.words79" starttime="567.66" endtime="567.86">shouldn&#39;t</w>
   <w nite:id="ES2012a.B.words80" starttime="567.86" endtime="568.01">have</w>
   <w nite:id="ES2012a.B.words81" starttime="568.01" endtime="568.1">to</w>
   <w nite:id="ES2012a.B.words82" starttime="568.1" endtime="568.4">like</w>
   <w nite:id="ES2012a.B.words83" starttime="568.4" endtime="568.78">contort</w>
   <w nite:id="ES2012a.B.words84" starttime="568.78" endtime="569.16">yourself</w>
   <w nite:id="ES2012a.B.words85" starttime="569.16" endtime="569.29">and</w>
   <w nite:id="ES2012a.B.words86" starttime="569.29" endtime="569.56">twist</w>
   <w nite:id="ES2012a.B.words87" starttime="569.56" endtime="570.03">your</w>
   <w nite:id="ES2012a.B.words88" starttime="570.03" endtime="570.28">remote</w>
   <w nite:id="ES2012a.B.words89" starttime="570.28" endtime="570.6">control</w>
   <w nite:id="ES2012a.B.words90" starttime="570.6" endtime="570.69">to</w>
   <w nite:id="ES2012a.B.words91" starttime="570.69" endtime="570.8">get</w>
   <w nite:id="ES2012a.B.words92" starttime="570.8" endtime="570.89">it</w>
   <disfmarker nite:id="ES2012a.B.words93" starttime="570.89" endtime="570.89"/>
   <w nite:id="ES2012a.B.words94" starttime="570.89" endtime="571.15">the</w>
   <w nite:id="ES2012a.B.words95" starttime="571.15" endtime="571.49">T_V_</w>
   <w nite:id="ES2012a.B.words96" starttime="571.49" endtime="571.61">to</w>
   <w nite:id="ES2012a.B.words97" starttime="571.61" endtime="571.89">actually</w>
   <w nite:id="ES2012a.B.words98" starttime="571.89" endtime="572.06">pick</w>
   <w nite:id="ES2012a.B.words99" starttime="572.06" endtime="572.18">up</w>
   <w nite:id="ES2012a.B.words100" starttime="572.18" endtime="572.29">the</w>
   <w nite:id="ES2012a.B.words101" starttime="572.29" endtime="572.65">signal</w>
   <w nite:id="ES2012a.B.words102" starttime="572.65" endtime="572.65" punc="true">.</w>
   <w nite:id="ES2012a.B.words103" starttime="579.16" endtime="579.32">Mm</w>
   <w nite:id="ES2012a.B.words104" starttime="579.32" endtime="579.32" punc="true">.</w>
   <w nite:id="ES2012a.B.words105" starttime="586.16" endtime="586.38">Mm</w>
   <w nite:id="ES2012a.B.words106" starttime="586.38" endtime="586.38" punc="true">.</w>
   <vocalsound nite:id="ES2012a.B.words107" starttime="603.84" endtime="604.512" type="laugh"/>
   <w nite:id="ES2012a.B.words108" starttime="646.01" endtime="646.32">Mm</w>
   <w nite:id="ES2012a.B.words109" starttime="646.32" endtime="646.32" punc="true">.</w>
   <w nite:id="ES2012a.B.words110" starttime="661.03" endtime="661.34">Mm</w>
   <w nite:id="ES2012a.B.words111" starttime="661.34" endtime="661.34" punc="true">.</w>
   <w nite:id="ES2012a.B.words112" starttime="664.78" endtime="664.98">Mm</w>
   <w nite:id="ES2012a.B.words113" starttime="664.98" endtime="664.98" punc="true">.</w>
   <vocalsound nite:id="ES2012a.B.words114" starttime="673.104" endtime="675.382" type="laugh"/>
   <w nite:id="ES2012a.B.words115" starttime="715.71" endtime="715.99">Mm</w>
   <w nite:id="ES2012a.B.words116" starttime="715.99" endtime="715.99" punc="true">.</w>
   <w nite:id="ES2012a.B.words117" starttime="727.43" endtime="727.74">Mm</w>
   <w nite:id="ES2012a.B.words118" starttime="727.74" endtime="727.74" punc="true">.</w>
   <w nite:id="ES2012a.B.words119" starttime="750.8" endtime="751.16">Mm</w>
   <w nite:id="ES2012a.B.words120" starttime="751.16" endtime="751.27">that</w>
   <w nite:id="ES2012a.B.words121" starttime="751.27" endtime="751.38">would</w>
   <w nite:id="ES2012a.B.words122" starttime="751.38" endtime="751.56">be</w>
   <w nite:id="ES2012a.B.words123" starttime="751.56" endtime="751.92">good</w>
   <w nite:id="ES2012a.B.words124" starttime="751.92" endtime="751.92" punc="true">.</w>
   <w nite:id="ES2012a.B.words125" starttime="754.41" endtime="754.68">Mm</w>
   <w nite:id="ES2012a.B.words126" starttime="754.68" endtime="754.68" punc="true">.</w>
   <w nite:id="ES2012a.B.words127" starttime="755.78" endtime="755.99">Mm</w>
   <w nite:id="ES2012a.B.words128" starttime="755.99" endtime="755.99" punc="true">.</w>
   <vocalsound nite:id="ES2012a.B.words129" starttime="782.208" endtime="783.434" type="laugh"/>
   <w nite:id="ES2012a.B.words130" starttime="810.73" endtime="810.91">Mm</w>
   <w nite:id="ES2012a.B.words131" starttime="810.91" endtime="810.91" punc="true">.</w>
   <vocalsound nite:id="ES2012a.B.words132" starttime="868.535" endtime="868.535" type="other"/>
   <w nite:id="ES2012a.B.words133" starttime="870.09" endtime="870.48">Oh</w>
   <w nite:id="ES2012a.B.words134" starttime="870.48" endtime="870.53">I</w>
   <w nite:id="ES2012a.B.words135" starttime="870.53" endtime="870.79">think</w>
   <w nite:id="ES2012a.B.words136" starttime="870.79" endtime="871.04">it&#39;s</w>
   <w nite:id="ES2012a.B.words137" starttime="871.04" endtime="871.61">it&#39;s</w>
   <disfmarker nite:id="ES2012a.B.words138" starttime="871.61" endtime="871.61"/>
   <w nite:id="ES2012a.B.words139" starttime="871.61" endtime="871.87">remote</w>
   <w nite:id="ES2012a.B.words140" starttime="871.87" endtime="872.18">controls</w>
   <w nite:id="ES2012a.B.words141" starttime="872.18" endtime="872.24">are</w>
   <w nite:id="ES2012a.B.words142" starttime="872.24" endtime="872.37">kind</w>
   <w nite:id="ES2012a.B.words143" starttime="872.37" endtime="872.44">of</w>
   <w nite:id="ES2012a.B.words144" starttime="872.44" endtime="872.5">a</w>
   <w nite:id="ES2012a.B.words145" starttime="872.5" endtime="872.79">unique</w>
   <w nite:id="ES2012a.B.words146" starttime="872.79" endtime="873.07">object</w>
   <w nite:id="ES2012a.B.words147" starttime="873.07" endtime="873.17">&#39;cause</w>
   <w nite:id="ES2012a.B.words148" starttime="873.17" endtime="873.39">it&#39;s</w>
   <disfmarker nite:id="ES2012a.B.words149" starttime="873.39" endtime="873.39"/>
   <w nite:id="ES2012a.B.words150" starttime="873.39" endtime="873.59">you</w>
   <w nite:id="ES2012a.B.words151" starttime="873.59" endtime="873.94">depend</w>
   <w nite:id="ES2012a.B.words152" starttime="873.94" endtime="874.06">on</w>
   <w nite:id="ES2012a.B.words153" starttime="874.06" endtime="874.19">them</w>
   <w nite:id="ES2012a.B.words154" starttime="874.19" endtime="874.39">so</w>
   <w nite:id="ES2012a.B.words155" starttime="874.39" endtime="874.7">much</w>
   <w nite:id="ES2012a.B.words156" starttime="874.7" endtime="874.7" punc="true">,</w>
   <w nite:id="ES2012a.B.words157" starttime="874.7" endtime="874.89">but</w>
   <w nite:id="ES2012a.B.words158" starttime="874.89" endtime="874.98">you</w>
   <w nite:id="ES2012a.B.words159" starttime="874.98" endtime="875.62">don&#39;t</w>
   <disfmarker nite:id="ES2012a.B.words160" starttime="875.62" endtime="875.62"/>
   <w nite:id="ES2012a.B.words161" starttime="875.62" endtime="875.7" trunc="true">i</w>
   <w nite:id="ES2012a.B.words162" starttime="875.7" endtime="876.29" trunc="true">i</w>
   <w nite:id="ES2012a.B.words163" starttime="876.29" endtime="877.03">it&#39;s</w>
   <disfmarker nite:id="ES2012a.B.words164" starttime="877.03" endtime="877.03"/>
   <w nite:id="ES2012a.B.words165" starttime="877.03" endtime="877.13">you</w>
   <w nite:id="ES2012a.B.words166" starttime="877.13" endtime="877.26">sort</w>
   <w nite:id="ES2012a.B.words167" starttime="877.26" endtime="877.32">of</w>
   <w nite:id="ES2012a.B.words168" starttime="877.32" endtime="877.44">just</w>
   <w nite:id="ES2012a.B.words169" starttime="877.44" endtime="877.74">assume</w>
   <w nite:id="ES2012a.B.words170" starttime="877.74" endtime="877.86">they&#39;re</w>
   <w nite:id="ES2012a.B.words171" starttime="877.86" endtime="878.02">always</w>
   <w nite:id="ES2012a.B.words172" starttime="878.02" endtime="878.15">gonna</w>
   <w nite:id="ES2012a.B.words173" starttime="878.15" endtime="878.33">work</w>
   <w nite:id="ES2012a.B.words174" starttime="878.33" endtime="878.33" punc="true">,</w>
   <w nite:id="ES2012a.B.words175" starttime="878.33" endtime="878.39">you</w>
   <w nite:id="ES2012a.B.words176" starttime="878.39" endtime="878.52">don&#39;t</w>
   <w nite:id="ES2012a.B.words177" starttime="878.52" endtime="878.65">think</w>
   <w nite:id="ES2012a.B.words178" starttime="878.65" endtime="878.72">of</w>
   <w nite:id="ES2012a.B.words179" starttime="878.72" endtime="878.82">them</w>
   <w nite:id="ES2012a.B.words180" starttime="878.82" endtime="878.93">as</w>
   <w nite:id="ES2012a.B.words181" starttime="878.93" endtime="878.98">a</w>
   <w nite:id="ES2012a.B.words182" starttime="878.98" endtime="879.17" trunc="true">comp</w>
   <w nite:id="ES2012a.B.words183" starttime="879.17" endtime="879.26">like</w>
   <w nite:id="ES2012a.B.words184" starttime="879.26" endtime="879.31">a</w>
   <w nite:id="ES2012a.B.words185" starttime="879.31" endtime="879.68">computer</w>
   <w nite:id="ES2012a.B.words186" starttime="879.68" endtime="879.81">can</w>
   <w nite:id="ES2012a.B.words187" starttime="879.81" endtime="879.99">break</w>
   <w nite:id="ES2012a.B.words188" starttime="879.99" endtime="880.22">down</w>
   <w nite:id="ES2012a.B.words189" starttime="880.22" endtime="880.31">and</w>
   <w nite:id="ES2012a.B.words190" starttime="880.31" endtime="880.4">you&#39;re</w>
   <w nite:id="ES2012a.B.words191" starttime="880.4" endtime="880.57">kinda</w>
   <w nite:id="ES2012a.B.words192" starttime="880.57" endtime="880.74">like</w>
   <w nite:id="ES2012a.B.words193" starttime="880.74" endtime="880.87">oh</w>
   <w nite:id="ES2012a.B.words194" starttime="880.87" endtime="880.97">well</w>
   <w nite:id="ES2012a.B.words195" starttime="880.97" endtime="881.15">fair</w>
   <w nite:id="ES2012a.B.words196" starttime="881.15" endtime="881.33">enough</w>
   <w nite:id="ES2012a.B.words197" starttime="881.33" endtime="881.47">there&#39;s</w>
   <w nite:id="ES2012a.B.words198" starttime="881.47" endtime="881.54">all</w>
   <w nite:id="ES2012a.B.words199" starttime="881.54" endtime="881.68">these</w>
   <w nite:id="ES2012a.B.words200" starttime="881.68" endtime="882.11">complex</w>
   <w nite:id="ES2012a.B.words201" starttime="882.11" endtime="882.34">things</w>
   <w nite:id="ES2012a.B.words202" starttime="882.34" endtime="882.55">going</w>
   <w nite:id="ES2012a.B.words203" starttime="882.55" endtime="882.69">on</w>
   <w nite:id="ES2012a.B.words204" starttime="882.69" endtime="882.69" punc="true">,</w>
   <w nite:id="ES2012a.B.words205" starttime="882.69" endtime="882.81">it&#39;s</w>
   <w nite:id="ES2012a.B.words206" starttime="882.81" endtime="883.39">gonna</w>
   <disfmarker nite:id="ES2012a.B.words207" starttime="883.39" endtime="883.39"/>
   <w nite:id="ES2012a.B.words208" starttime="883.39" endtime="883.63">something&#39;s</w>
   <w nite:id="ES2012a.B.words209" starttime="883.63" endtime="883.75">gonna</w>
   <w nite:id="ES2012a.B.words210" starttime="883.75" endtime="883.85">get</w>
   <w nite:id="ES2012a.B.words211" starttime="883.85" endtime="884.09">messed</w>
   <w nite:id="ES2012a.B.words212" starttime="884.09" endtime="884.15">up</w>
   <w nite:id="ES2012a.B.words213" starttime="884.15" endtime="884.61">eventually</w>
   <w nite:id="ES2012a.B.words214" starttime="884.61" endtime="884.61" punc="true">.</w>
   <w nite:id="ES2012a.B.words215" starttime="884.61" endtime="884.79">They</w>
   <w nite:id="ES2012a.B.words216" starttime="884.79" endtime="884.88">they</w>
   <w nite:id="ES2012a.B.words217" starttime="884.88" endtime="885.04">just</w>
   <w nite:id="ES2012a.B.words218" starttime="885.04" endtime="885.18">need</w>
   <w nite:id="ES2012a.B.words219" starttime="885.18" endtime="885.25">to</w>
   <w nite:id="ES2012a.B.words220" starttime="885.25" endtime="885.32">be</w>
   <w nite:id="ES2012a.B.words221" starttime="885.32" endtime="885.55">very</w>
   <w nite:id="ES2012a.B.words222" starttime="885.55" endtime="885.83">very</w>
   <w nite:id="ES2012a.B.words223" starttime="885.83" endtime="886.36">dependable</w>
   <w nite:id="ES2012a.B.words224" starttime="886.36" endtime="886.57">because</w>
   <w nite:id="ES2012a.B.words225" starttime="886.57" endtime="887.95">people</w>
   <w nite:id="ES2012a.B.words226" starttime="887.95" endtime="888.12">sort</w>
   <w nite:id="ES2012a.B.words227" starttime="888.12" endtime="888.18">of</w>
   <w nite:id="ES2012a.B.words228" starttime="888.18" endtime="888.33">take</w>
   <w nite:id="ES2012a.B.words229" starttime="888.33" endtime="888.43">them</w>
   <w nite:id="ES2012a.B.words230" starttime="888.43" endtime="888.54">for</w>
   <w nite:id="ES2012a.B.words231" starttime="888.54" endtime="889.14">granted</w>
   <w nite:id="ES2012a.B.words232" starttime="889.14" endtime="889.29">and</w>
   <w nite:id="ES2012a.B.words233" starttime="889.29" endtime="889.42">then</w>
   <w nite:id="ES2012a.B.words234" starttime="889.42" endtime="889.65">if</w>
   <w nite:id="ES2012a.B.words235" starttime="889.65" endtime="889.83">your</w>
   <w nite:id="ES2012a.B.words236" starttime="889.83" endtime="889.99">remote</w>
   <w nite:id="ES2012a.B.words237" starttime="889.99" endtime="890.24">control</w>
   <w nite:id="ES2012a.B.words238" starttime="890.24" endtime="890.69">breaks</w>
   <w nite:id="ES2012a.B.words239" starttime="890.69" endtime="891.85">it&#39;s</w>
   <gap nite:id="ES2012a.B.words240" starttime="891.85" endtime="891.85"/>
   <disfmarker nite:id="ES2012a.B.words241" starttime="891.85" endtime="892.037"/>
   <w nite:id="ES2012a.B.words242" starttime="892.12" endtime="892.32">God</w>
   <w nite:id="ES2012a.B.words243" starttime="892.32" endtime="892.54">forbid</w>
   <w nite:id="ES2012a.B.words244" starttime="892.54" endtime="892.64">you</w>
   <w nite:id="ES2012a.B.words245" starttime="892.64" endtime="892.89" mispronounced="true">actually</w>
   <w nite:id="ES2012a.B.words246" starttime="892.89" endtime="893.01">get</w>
   <w nite:id="ES2012a.B.words247" starttime="893.01" endtime="893.11">up</w>
   <w nite:id="ES2012a.B.words248" starttime="893.11" endtime="893.4">and</w>
   <w nite:id="ES2012a.B.words249" starttime="893.4" endtime="893.82">manually</w>
   <w nite:id="ES2012a.B.words250" starttime="893.82" endtime="894.08">change</w>
   <w nite:id="ES2012a.B.words251" starttime="894.08" endtime="894.14">the</w>
   <w nite:id="ES2012a.B.words252" starttime="894.14" endtime="895.77">channel</w>
   <vocalsound nite:id="ES2012a.B.words253" starttime="895.77" endtime="895.77" type="laugh"/>
   <w nite:id="ES2012a.B.words254" starttime="895.77" endtime="895.89">it</w>
   <w nite:id="ES2012a.B.words255" starttime="895.89" endtime="896.14">just</w>
   <disfmarker nite:id="ES2012a.B.words256" starttime="896.14" endtime="896.14"/>
   <w nite:id="ES2012a.B.words257" starttime="896.14" endtime="896.36">it</w>
   <w nite:id="ES2012a.B.words258" starttime="896.36" endtime="896.57">needs</w>
   <w nite:id="ES2012a.B.words259" starttime="896.57" endtime="897.11">to</w>
   <w nite:id="ES2012a.B.words260" starttime="897.11" endtime="897.2">be</w>
   <w nite:id="ES2012a.B.words261" starttime="897.2" endtime="897.4">very</w>
   <w nite:id="ES2012a.B.words262" starttime="897.4" endtime="897.77">effective</w>
   <w nite:id="ES2012a.B.words263" starttime="897.77" endtime="897.77" punc="true">,</w>
   <w nite:id="ES2012a.B.words264" starttime="897.77" endtime="898.56">very</w>
   <disfmarker nite:id="ES2012a.B.words265" starttime="898.56" endtime="898.56"/>
   <w nite:id="ES2012a.B.words266" starttime="898.56" endtime="898.88">always</w>
   <w nite:id="ES2012a.B.words267" starttime="898.88" endtime="900.0">dependable</w>
   <w nite:id="ES2012a.B.words268" starttime="900.0" endtime="900.0" punc="true">.</w>
   <w nite:id="ES2012a.B.words269" starttime="900.0" endtime="900.53">Uh</w>
   <w nite:id="ES2012a.B.words270" starttime="900.53" endtime="900.62">I</w>
   <w nite:id="ES2012a.B.words271" starttime="900.62" endtime="900.85">don&#39;t</w>
   <w nite:id="ES2012a.B.words272" starttime="900.85" endtime="901.01">think</w>
   <w nite:id="ES2012a.B.words273" starttime="901.01" endtime="901.13">we</w>
   <w nite:id="ES2012a.B.words274" starttime="901.13" endtime="901.33">should</w>
   <w nite:id="ES2012a.B.words275" starttime="901.33" endtime="901.54">make</w>
   <w nite:id="ES2012a.B.words276" starttime="901.54" endtime="901.85">it</w>
   <w nite:id="ES2012a.B.words277" starttime="901.85" endtime="902.08">too</w>
   <w nite:id="ES2012a.B.words278" starttime="902.08" endtime="902.57">small</w>
   <w nite:id="ES2012a.B.words279" starttime="902.57" endtime="902.62">I</w>
   <disfmarker nite:id="ES2012a.B.words280" starttime="902.62" endtime="902.62"/>
   <w nite:id="ES2012a.B.words281" starttime="902.62" endtime="902.78">&#39;cause</w>
   <w nite:id="ES2012a.B.words282" starttime="902.78" endtime="902.82">I</w>
   <w nite:id="ES2012a.B.words283" starttime="902.82" endtime="902.96">think</w>
   <w nite:id="ES2012a.B.words284" starttime="902.96" endtime="903.04">it</w>
   <w nite:id="ES2012a.B.words285" starttime="903.04" endtime="903.29">needs</w>
   <w nite:id="ES2012a.B.words286" starttime="903.29" endtime="903.96">to</w>
   <gap nite:id="ES2012a.B.words287" starttime="903.96" endtime="903.96"/>
   <w nite:id="ES2012a.B.words288" starttime="903.96" endtime="904.48">it</w>
   <w nite:id="ES2012a.B.words289" starttime="904.48" endtime="904.69">can&#39;t</w>
   <w nite:id="ES2012a.B.words290" starttime="904.69" endtime="905.01">be</w>
   <w nite:id="ES2012a.B.words291" starttime="905.01" endtime="905.14">too</w>
   <w nite:id="ES2012a.B.words292" starttime="905.14" endtime="905.33">big</w>
   <w nite:id="ES2012a.B.words293" starttime="905.33" endtime="905.46">like</w>
   <w nite:id="ES2012a.B.words294" starttime="905.46" endtime="905.54">you</w>
   <w nite:id="ES2012a.B.words295" starttime="905.54" endtime="905.62">were</w>
   <w nite:id="ES2012a.B.words296" starttime="905.62" endtime="905.88">saying</w>
   <w nite:id="ES2012a.B.words297" starttime="905.88" endtime="906.13">big</w>
   <w nite:id="ES2012a.B.words298" starttime="906.13" endtime="906.28" trunc="true">an</w>
   <w nite:id="ES2012a.B.words299" starttime="906.28" endtime="906.41">and</w>
   <w nite:id="ES2012a.B.words300" starttime="906.41" endtime="906.67">huge</w>
   <w nite:id="ES2012a.B.words301" starttime="906.67" endtime="907.04">and</w>
   <w nite:id="ES2012a.B.words302" starttime="907.04" endtime="907.37">um</w>
   <w nite:id="ES2012a.B.words303" starttime="907.37" endtime="908.14">awkward</w>
   <w nite:id="ES2012a.B.words304" starttime="908.14" endtime="908.14" punc="true">,</w>
   <w nite:id="ES2012a.B.words305" starttime="908.14" endtime="908.28">but</w>
   <w nite:id="ES2012a.B.words306" starttime="908.28" endtime="908.76">also</w>
   <w nite:id="ES2012a.B.words307" starttime="908.76" endtime="909.02">if</w>
   <w nite:id="ES2012a.B.words308" starttime="909.02" endtime="909.08">you</w>
   <w nite:id="ES2012a.B.words309" starttime="909.08" endtime="909.27">make</w>
   <w nite:id="ES2012a.B.words310" starttime="909.27" endtime="909.54">it</w>
   <w nite:id="ES2012a.B.words311" starttime="909.54" endtime="909.78">too</w>
   <w nite:id="ES2012a.B.words312" starttime="909.78" endtime="910.07">small</w>
   <w nite:id="ES2012a.B.words313" starttime="910.07" endtime="910.25">kinda</w>
   <w nite:id="ES2012a.B.words314" starttime="910.25" endtime="910.36">like</w>
   <w nite:id="ES2012a.B.words315" starttime="910.36" endtime="910.42">you</w>
   <w nite:id="ES2012a.B.words316" starttime="910.42" endtime="910.5">know</w>
   <w nite:id="ES2012a.B.words317" starttime="910.5" endtime="910.59">how</w>
   <w nite:id="ES2012a.B.words318" starttime="910.59" endtime="910.91">mobile</w>
   <w nite:id="ES2012a.B.words319" starttime="910.91" endtime="911.19">phones</w>
   <w nite:id="ES2012a.B.words320" starttime="911.19" endtime="911.24">are</w>
   <w nite:id="ES2012a.B.words321" starttime="911.24" endtime="911.42">getting</w>
   <w nite:id="ES2012a.B.words322" starttime="911.42" endtime="911.72">smaller</w>
   <w nite:id="ES2012a.B.words323" starttime="911.72" endtime="911.81">and</w>
   <w nite:id="ES2012a.B.words324" starttime="911.81" endtime="912.5">smaller</w>
   <w nite:id="ES2012a.B.words325" starttime="912.5" endtime="912.84">um</w>
   <w nite:id="ES2012a.B.words326" starttime="912.84" endtime="912.84" punc="true">,</w>
   <w nite:id="ES2012a.B.words327" starttime="912.84" endtime="912.96">it&#39;s</w>
   <w nite:id="ES2012a.B.words328" starttime="912.96" endtime="913.08">just</w>
   <w nite:id="ES2012a.B.words329" starttime="913.08" endtime="913.2">gonna</w>
   <w nite:id="ES2012a.B.words330" starttime="913.2" endtime="913.3">end</w>
   <w nite:id="ES2012a.B.words331" starttime="913.3" endtime="913.41">up</w>
   <w nite:id="ES2012a.B.words332" starttime="913.41" endtime="913.55">under</w>
   <w nite:id="ES2012a.B.words333" starttime="913.55" endtime="913.59">a</w>
   <w nite:id="ES2012a.B.words334" starttime="913.59" endtime="913.82">couch</w>
   <w nite:id="ES2012a.B.words335" starttime="913.82" endtime="914.12">cushion</w>
   <w nite:id="ES2012a.B.words336" starttime="914.12" endtime="915.15">somewhere</w>
   <w nite:id="ES2012a.B.words337" starttime="915.15" endtime="915.33">and</w>
   <w nite:id="ES2012a.B.words338" starttime="915.33" endtime="916.28">um</w>
   <w nite:id="ES2012a.B.words339" starttime="916.28" endtime="916.63">yeah</w>
   <w nite:id="ES2012a.B.words340" starttime="916.63" endtime="916.63" punc="true">.</w>
   <w nite:id="ES2012a.B.words341" starttime="918.43" endtime="918.61">But</w>
   <disfmarker nite:id="ES2012a.B.words342" starttime="918.61" endtime="918.61"/>
   <w nite:id="ES2012a.B.words343" starttime="918.61" endtime="918.75">so</w>
   <w nite:id="ES2012a.B.words344" starttime="918.75" endtime="919.03">yes</w>
   <w nite:id="ES2012a.B.words345" starttime="919.03" endtime="919.58">dependable</w>
   <w nite:id="ES2012a.B.words346" starttime="919.58" endtime="919.58" punc="true">,</w>
   <w nite:id="ES2012a.B.words347" starttime="919.58" endtime="919.76">and</w>
   <w nite:id="ES2012a.B.words348" starttime="919.76" endtime="919.93">have</w>
   <w nite:id="ES2012a.B.words349" starttime="919.93" endtime="920.62">a</w>
   <gap nite:id="ES2012a.B.words350" starttime="920.62" endtime="920.62"/>
   <w nite:id="ES2012a.B.words351" starttime="920.62" endtime="920.94">good</w>
   <w nite:id="ES2012a.B.words352" starttime="920.94" endtime="921.34">medium</w>
   <w nite:id="ES2012a.B.words353" starttime="921.34" endtime="921.55">range</w>
   <w nite:id="ES2012a.B.words354" starttime="921.55" endtime="921.97">size</w>
   <w nite:id="ES2012a.B.words355" starttime="921.97" endtime="921.97" punc="true">.</w>
   <w nite:id="ES2012a.B.words356" starttime="953.62" endtime="954.32">Mm</w>
   <w nite:id="ES2012a.B.words357" starttime="954.32" endtime="954.32" punc="true">,</w>
   <w nite:id="ES2012a.B.words358" starttime="954.32" endtime="954.87">mm-hmm</w>
   <w nite:id="ES2012a.B.words359" starttime="954.87" endtime="954.87" punc="true">.</w>
   <w nite:id="ES2012a.B.words360" starttime="982.89" endtime="983.18">Mm-hmm</w>
   <w nite:id="ES2012a.B.words361" starttime="983.18" endtime="983.18" punc="true">.</w>
   <w nite:id="ES2012a.B.words362" starttime="1036.03" endtime="1036.32">Mm</w>
   <w nite:id="ES2012a.B.words363" starttime="1036.32" endtime="1036.32" punc="true">.</w>
   <w nite:id="ES2012a.B.words364" starttime="1046.26" endtime="1046.36">Well</w>
   <w nite:id="ES2012a.B.words365" starttime="1046.36" endtime="1046.42">you</w>
   <w nite:id="ES2012a.B.words366" starttime="1046.42" endtime="1046.53">could</w>
   <w nite:id="ES2012a.B.words367" starttime="1046.53" endtime="1046.63">come</w>
   <w nite:id="ES2012a.B.words368" starttime="1046.63" endtime="1046.69">up</w>
   <w nite:id="ES2012a.B.words369" starttime="1046.69" endtime="1046.8">with</w>
   <w nite:id="ES2012a.B.words370" starttime="1046.8" endtime="1046.96">like</w>
   <w nite:id="ES2012a.B.words371" starttime="1046.96" endtime="1047.4">novelty</w>
   <w nite:id="ES2012a.B.words372" starttime="1047.4" endtime="1047.65">ones</w>
   <w nite:id="ES2012a.B.words373" starttime="1047.65" endtime="1047.65" punc="true">,</w>
   <w nite:id="ES2012a.B.words374" starttime="1047.65" endtime="1047.77">like</w>
   <w nite:id="ES2012a.B.words375" starttime="1047.77" endtime="1047.93">they&#39;ve</w>
   <w nite:id="ES2012a.B.words376" starttime="1047.93" endtime="1048.14">done</w>
   <w nite:id="ES2012a.B.words377" starttime="1048.14" endtime="1048.23">with</w>
   <w nite:id="ES2012a.B.words378" starttime="1048.23" endtime="1048.47">the</w>
   <w nite:id="ES2012a.B.words379" starttime="1048.47" endtime="1048.57">the</w>
   <w nite:id="ES2012a.B.words380" starttime="1048.57" endtime="1048.89">mobile</w>
   <w nite:id="ES2012a.B.words381" starttime="1048.89" endtime="1049.24">phones</w>
   <w nite:id="ES2012a.B.words382" starttime="1049.24" endtime="1049.24" punc="true">,</w>
   <w nite:id="ES2012a.B.words383" starttime="1049.24" endtime="1049.31">you</w>
   <w nite:id="ES2012a.B.words384" starttime="1049.31" endtime="1049.4">can</w>
   <w nite:id="ES2012a.B.words385" starttime="1049.4" endtime="1049.55">get</w>
   <w nite:id="ES2012a.B.words386" starttime="1049.55" endtime="1049.69">like</w>
   <w nite:id="ES2012a.B.words387" starttime="1049.69" endtime="1050.11">different</w>
   <w nite:id="ES2012a.B.words388" starttime="1050.11" endtime="1050.23">you</w>
   <w nite:id="ES2012a.B.words389" starttime="1050.23" endtime="1050.54">know</w>
   <w nite:id="ES2012a.B.words390" starttime="1050.54" endtime="1050.81">scenes</w>
   <w nite:id="ES2012a.B.words391" starttime="1050.81" endtime="1050.93">from</w>
   <w nite:id="ES2012a.B.words392" starttime="1050.93" endtime="1051.15">different</w>
   <w nite:id="ES2012a.B.words393" starttime="1051.15" endtime="1051.52">movies</w>
   <w nite:id="ES2012a.B.words394" starttime="1051.52" endtime="1052.1">and</w>
   <w nite:id="ES2012a.B.words395" starttime="1052.1" endtime="1052.52">stuff</w>
   <w nite:id="ES2012a.B.words396" starttime="1052.52" endtime="1052.67">on</w>
   <w nite:id="ES2012a.B.words397" starttime="1052.67" endtime="1052.74">the</w>
   <w nite:id="ES2012a.B.words398" starttime="1052.74" endtime="1052.93">remote</w>
   <w nite:id="ES2012a.B.words399" starttime="1052.93" endtime="1054.2">control</w>
   <w nite:id="ES2012a.B.words400" starttime="1054.2" endtime="1054.36">and</w>
   <w nite:id="ES2012a.B.words401" starttime="1054.36" endtime="1055.14">sorta</w>
   <w nite:id="ES2012a.B.words402" starttime="1055.14" endtime="1055.64">stagger</w>
   <w nite:id="ES2012a.B.words403" starttime="1055.64" endtime="1055.75">the</w>
   <w nite:id="ES2012a.B.words404" starttime="1055.75" endtime="1056.11">release</w>
   <w nite:id="ES2012a.B.words405" starttime="1056.11" endtime="1056.23">of</w>
   <w nite:id="ES2012a.B.words406" starttime="1056.23" endtime="1056.39">them</w>
   <w nite:id="ES2012a.B.words407" starttime="1056.39" endtime="1056.58">and</w>
   <w nite:id="ES2012a.B.words408" starttime="1056.58" endtime="1056.75">get</w>
   <w nite:id="ES2012a.B.words409" starttime="1056.75" endtime="1056.96">people</w>
   <w nite:id="ES2012a.B.words410" starttime="1056.96" endtime="1057.11">like</w>
   <w nite:id="ES2012a.B.words411" starttime="1057.11" endtime="1057.26">oh</w>
   <w nite:id="ES2012a.B.words412" starttime="1057.26" endtime="1057.34">I</w>
   <w nite:id="ES2012a.B.words413" starttime="1057.34" endtime="1057.54">want</w>
   <w nite:id="ES2012a.B.words414" starttime="1057.54" endtime="1057.79">that</w>
   <w nite:id="ES2012a.B.words415" starttime="1057.79" endtime="1058.05">cover</w>
   <w nite:id="ES2012a.B.words416" starttime="1058.05" endtime="1058.18">on</w>
   <w nite:id="ES2012a.B.words417" starttime="1058.18" endtime="1058.26">it</w>
   <w nite:id="ES2012a.B.words418" starttime="1058.26" endtime="1058.55">now</w>
   <w nite:id="ES2012a.B.words419" starttime="1058.55" endtime="1058.82">and</w>
   <w nite:id="ES2012a.B.words420" starttime="1058.82" endtime="1059.0">that&#39;ll</w>
   <w nite:id="ES2012a.B.words421" starttime="1059.0" endtime="1059.26">keep</w>
   <w nite:id="ES2012a.B.words422" starttime="1059.26" endtime="1059.42">them</w>
   <w nite:id="ES2012a.B.words423" starttime="1059.42" endtime="1059.77">spending</w>
   <w nite:id="ES2012a.B.words424" starttime="1059.77" endtime="1060.08">money</w>
   <w nite:id="ES2012a.B.words425" starttime="1060.08" endtime="1060.08" punc="true">.</w>
   <w nite:id="ES2012a.B.words426" starttime="1101.65" endtime="1101.9">Thank</w>
   <w nite:id="ES2012a.B.words427" starttime="1101.9" endtime="1102.04">you</w>
   <w nite:id="ES2012a.B.words428" starttime="1102.04" endtime="1102.04" punc="true">.</w>
</nite:root>