<?xml version="1.0" encoding="ISO-8859-1" standalone="yes"?>
<nite:root nite:id="Bed017.F.segs" xmlns:nite="http://nite.sourceforge.net/">
   <segment nite:id="Bed017.segment.53" starttime="65.03" endtime="66.14" participant="me010" timing-provenance="dialogueact">
      <nite:child href="Bed017.F.words.xml#id(Bed017.w.241)..id(Bed017.w.249)"/>
   </segment>
   <segment nite:id="Bed017.segment.57" starttime="67.196" endtime="68.356" participant="me010" timing-provenance="dialogueact">
      <nite:child href="Bed017.F.words.xml#id(Bed017.w.253)..id(Bed017.w.259)"/>
   </segment>
   <segment nite:id="Bed017.segment.59" starttime="68.756" endtime="72.616" participant="me010" timing-provenance="dialogueact">
      <nite:child href="Bed017.F.words.xml#id(Bed017.w.260)..id(Bed017.w.273)"/>
   </segment>
   <segment nite:id="Bed017.segment.60" starttime="73.39" endtime="75.99" participant="me010" timing-provenance="dialogueact">
      <nite:child href="Bed017.F.words.xml#id(Bed017.w.274)..id(Bed017.w.289)"/>
   </segment>
   <segment nite:id="Bed017.segment.61" starttime="76.826" endtime="79.766" participant="me010" timing-provenance="dialogueact">
      <nite:child href="Bed017.F.words.xml#id(Bed017.w.290)..id(Bed017.w.303)"/>
   </segment>
   <segment nite:id="Bed017.segment.62" starttime="80.57" endtime="81.45" participant="me010" timing-provenance="dialogueact">
      <nite:child href="Bed017.F.words.xml#id(Bed017.w.304)..id(Bed017.w.309)"/>
   </segment>
   <segment nite:id="Bed017.segment.92" starttime="179.324" endtime="179.584" participant="me010" timing-provenance="dialogueact">
      <nite:child href="Bed017.F.words.xml#id(Bed017.w.563)..id(Bed017.w.564)"/>
   </segment>
   <segment nite:id="Bed017.segment.138" starttime="285.401" endtime="285.841" participant="me010" timing-provenance="dialogueact">
      <nite:child href="Bed017.F.words.xml#id(Bed017.w.905)..id(Bed017.w.908)"/>
   </segment>
   <segment nite:id="Bed017.segment.236" starttime="578.22" endtime="579.35" participant="me010" timing-provenance="segment">
      <nite:child href="Bed017.F.words.xml#id(Bed017.w.1,775)..id(Bed017.comment.16)"/>
   </segment>
   <segment nite:id="Bed017.segment.238" starttime="580.175" endtime="580.794" participant="me010" timing-provenance="segment">
      <nite:child href="Bed017.F.words.xml#id(Bed017.w.1,778)..id(Bed017.comment.17)"/>
   </segment>
   <segment nite:id="Bed017.segment.239" starttime="582.062" endtime="585.942" participant="me010" timing-provenance="dialogueact">
      <nite:child href="Bed017.F.words.xml#id(Bed017.w.1,780)..id(Bed017.w.1,791)"/>
   </segment>
   <segment nite:id="Bed017.segment.242" starttime="587.95" endtime="589.18" participant="me010" timing-provenance="dialogueact">
      <nite:child href="Bed017.F.words.xml#id(Bed017.w.1,795)..id(Bed017.w.1,801)"/>
   </segment>
   <segment nite:id="Bed017.segment.261" starttime="637.755" endtime="641.795" participant="me010" timing-provenance="dialogueact">
      <nite:child href="Bed017.F.words.xml#id(Bed017.w.1,948)..id(Bed017.w.1,969)"/>
   </segment>
   <segment nite:id="Bed017.segment.262" starttime="642.56" endtime="649.44" participant="me010" timing-provenance="dialogueact">
      <nite:child href="Bed017.F.words.xml#id(Bed017.w.1,970)..id(Bed017.w.1,984)"/>
   </segment>
   <segment nite:id="Bed017.segment.263" starttime="650.541" endtime="651.66" participant="me010" timing-provenance="segment">
      <nite:child href="Bed017.F.words.xml#id(Bed017.vocalsound.53)..id(Bed017.w.1,985)"/>
   </segment>
   <segment nite:id="Bed017.segment.264" starttime="654.54" endtime="655.397" participant="me010" timing-provenance="segment">
      <nite:child href="Bed017.F.words.xml#id(Bed017.w.1,986)..id(Bed017.disfmarker.40)"/>
   </segment>
   <segment nite:id="Bed017.segment.265" starttime="655.46" endtime="659.13" participant="me010" timing-provenance="dialogueact">
      <nite:child href="Bed017.F.words.xml#id(Bed017.w.1,987)..id(Bed017.w.2,003)"/>
   </segment>
   <segment nite:id="Bed017.segment.267" starttime="660.778" endtime="664.058" participant="me010" timing-provenance="dialogueact">
      <nite:child href="Bed017.F.words.xml#id(Bed017.w.2,010)..id(Bed017.w.2,028)"/>
   </segment>
   <segment nite:id="Bed017.segment.270" starttime="664.608" endtime="666.948" participant="me010" timing-provenance="dialogueact">
      <nite:child href="Bed017.F.words.xml#id(Bed017.w.2,033)..id(Bed017.w.2,040)"/>
   </segment>
   <segment nite:id="Bed017.segment.271" starttime="667.508" endtime="673.528" participant="me010" timing-provenance="dialogueact">
      <nite:child href="Bed017.F.words.xml#id(Bed017.w.2,041)..id(Bed017.w.2,067)"/>
   </segment>
   <segment nite:id="Bed017.segment.272" starttime="674.151" endtime="678.101" participant="me010" timing-provenance="dialogueact">
      <nite:child href="Bed017.F.words.xml#id(Bed017.w.2,068)..id(Bed017.w.2,093)"/>
   </segment>
   <segment nite:id="Bed017.segment.273" starttime="678.817" endtime="679.357" participant="me010" timing-provenance="dialogueact">
      <nite:child href="Bed017.F.words.xml#id(Bed017.w.2,094)..id(Bed017.w.2,095)"/>
   </segment>
   <segment nite:id="Bed017.segment.274" starttime="680.605" endtime="683.555" participant="me010" timing-provenance="dialogueact">
      <nite:child href="Bed017.F.words.xml#id(Bed017.w.2,096)..id(Bed017.w.2,107)"/>
   </segment>
   <segment nite:id="Bed017.segment.277" starttime="684.505" endtime="684.995" participant="me010" timing-provenance="dialogueact">
      <nite:child href="Bed017.F.words.xml#id(Bed017.w.2,108)..id(Bed017.w.2,109)"/>
   </segment>
   <segment nite:id="Bed017.segment.278" starttime="685.674" endtime="690.204" participant="me010" timing-provenance="dialogueact">
      <nite:child href="Bed017.F.words.xml#id(Bed017.w.2,110)..id(Bed017.w.2,122)"/>
   </segment>
   <segment nite:id="Bed017.segment.281" starttime="690.804" endtime="692.104" participant="me010" timing-provenance="dialogueact">
      <nite:child href="Bed017.F.words.xml#id(Bed017.w.2,123)..id(Bed017.w.2,128)"/>
   </segment>
   <segment nite:id="Bed017.segment.282" starttime="692.834" endtime="693.844" participant="me010" timing-provenance="dialogueact">
      <nite:child href="Bed017.F.words.xml#id(Bed017.w.2,129)..id(Bed017.w.2,131)"/>
   </segment>
   <segment nite:id="Bed017.segment.283" starttime="694.694" endtime="696.254" participant="me010" timing-provenance="dialogueact">
      <nite:child href="Bed017.F.words.xml#id(Bed017.w.2,132)..id(Bed017.w.2,137)"/>
   </segment>
   <segment nite:id="Bed017.segment.284" starttime="696.86" endtime="700.23" participant="me010" timing-provenance="dialogueact">
      <nite:child href="Bed017.F.words.xml#id(Bed017.w.2,138)..id(Bed017.w.2,153)"/>
   </segment>
   <segment nite:id="Bed017.segment.285" starttime="701.252" endtime="705.012" participant="me010" timing-provenance="dialogueact">
      <nite:child href="Bed017.F.words.xml#id(Bed017.w.2,154)..id(Bed017.w.2,175)"/>
   </segment>
   <segment nite:id="Bed017.segment.286" starttime="705.872" endtime="708.772" participant="me010" timing-provenance="dialogueact">
      <nite:child href="Bed017.F.words.xml#id(Bed017.w.2,176)..id(Bed017.w.2,189)"/>
   </segment>
   <segment nite:id="Bed017.segment.287" starttime="709.929" endtime="716.299" participant="me010" timing-provenance="dialogueact">
      <nite:child href="Bed017.F.words.xml#id(Bed017.w.2,190)..id(Bed017.w.2,210)"/>
   </segment>
   <segment nite:id="Bed017.segment.288" starttime="718.459" endtime="726.539" participant="me010" timing-provenance="dialogueact">
      <nite:child href="Bed017.F.words.xml#id(Bed017.w.2,211)..id(Bed017.w.2,240)"/>
   </segment>
   <segment nite:id="Bed017.segment.290" starttime="727.339" endtime="731.109" participant="me010" timing-provenance="dialogueact">
      <nite:child href="Bed017.F.words.xml#id(Bed017.w.2,245)..id(Bed017.w.2,264)"/>
   </segment>
   <segment nite:id="Bed017.segment.291" starttime="731.439" endtime="734.529" participant="me010" timing-provenance="dialogueact">
      <nite:child href="Bed017.F.words.xml#id(Bed017.w.2,265)..id(Bed017.w.2,277)"/>
   </segment>
   <segment nite:id="Bed017.segment.293" starttime="735.445" endtime="743.005" participant="me010" timing-provenance="dialogueact">
      <nite:child href="Bed017.F.words.xml#id(Bed017.w.2,278)..id(Bed017.w.2,301)"/>
   </segment>
   <segment nite:id="Bed017.segment.294" starttime="743.515" endtime="745.755" participant="me010" timing-provenance="dialogueact">
      <nite:child href="Bed017.F.words.xml#id(Bed017.w.2,302)..id(Bed017.w.2,305)"/>
   </segment>
   <segment nite:id="Bed017.segment.296" starttime="746.415" endtime="751.055" participant="me010" timing-provenance="dialogueact">
      <nite:child href="Bed017.F.words.xml#id(Bed017.w.2,306)..id(Bed017.w.2,319)"/>
   </segment>
   <segment nite:id="Bed017.segment.297" starttime="751.98" endtime="754.77" participant="me010" timing-provenance="dialogueact">
      <nite:child href="Bed017.F.words.xml#id(Bed017.w.2,320)..id(Bed017.w.2,337)"/>
   </segment>
   <segment nite:id="Bed017.segment.299" starttime="755.976" endtime="756.946" participant="me010" timing-provenance="dialogueact">
      <nite:child href="Bed017.F.words.xml#id(Bed017.w.2,338)..id(Bed017.w.2,339)"/>
   </segment>
   <segment nite:id="Bed017.segment.300" starttime="762.78" endtime="765.76" participant="me010" timing-provenance="dialogueact">
      <nite:child href="Bed017.F.words.xml#id(Bed017.w.2,340)..id(Bed017.w.2,357)"/>
   </segment>
   <segment nite:id="Bed017.segment.301" starttime="766.324" endtime="770.182" participant="me010" timing-provenance="segment">
      <nite:child href="Bed017.F.words.xml#id(Bed017.w.2,358)..id(Bed017.comment.20)"/>
   </segment>
   <segment nite:id="Bed017.segment.302" starttime="770.675" endtime="772.085" participant="me010" timing-provenance="dialogueact">
      <nite:child href="Bed017.F.words.xml#id(Bed017.w.2,365)..id(Bed017.w.2,371)"/>
   </segment>
   <segment nite:id="Bed017.segment.303" starttime="773.17" endtime="774.49" participant="me010" timing-provenance="segment">
      <nite:child href="Bed017.F.words.xml#id(Bed017.w.2,372)..id(Bed017.vocalsound.62)"/>
   </segment>
   <segment nite:id="Bed017.segment.304" starttime="775.54" endtime="780.69" participant="me010" timing-provenance="dialogueact">
      <nite:child href="Bed017.F.words.xml#id(Bed017.w.2,373)..id(Bed017.w.2,390)"/>
   </segment>
   <segment nite:id="Bed017.segment.305" starttime="781.21" endtime="783.96" participant="me010" timing-provenance="dialogueact">
      <nite:child href="Bed017.F.words.xml#id(Bed017.w.2,391)..id(Bed017.w.2,403)"/>
   </segment>
   <segment nite:id="Bed017.segment.306" starttime="784.707" endtime="785.938" participant="me010" timing-provenance="segment">
      <nite:child href="Bed017.F.words.xml#id(Bed017.w.2,404)..id(Bed017.disfmarker.48)"/>
   </segment>
   <segment nite:id="Bed017.segment.307" starttime="785.938" endtime="789.34" participant="me010" timing-provenance="segment">
      <nite:child href="Bed017.F.words.xml#id(Bed017.w.2,405)..id(Bed017.comment.21)"/>
   </segment>
   <segment nite:id="Bed017.segment.308" starttime="789.38" endtime="792.0" participant="me010" timing-provenance="dialogueact">
      <nite:child href="Bed017.F.words.xml#id(Bed017.w.2,422)..id(Bed017.w.2,427)"/>
   </segment>
   <segment nite:id="Bed017.segment.316" starttime="803.69" endtime="804.88" participant="me010" timing-provenance="segment">
      <nite:child href="Bed017.F.words.xml#id(Bed017.vocalsound.67)"/>
   </segment>
   <segment nite:id="Bed017.segment.346" starttime="874.13" endtime="874.34" participant="me010" timing-provenance="dialogueact">
      <nite:child href="Bed017.F.words.xml#id(Bed017.w.2,711)..id(Bed017.w.2,712)"/>
   </segment>
   <segment nite:id="Bed017.segment.347" starttime="875.589" endtime="877.03" participant="me010" timing-provenance="segment">
      <nite:child href="Bed017.F.words.xml#id(Bed017.w.2,713)..id(Bed017.disfmarker.61)"/>
   </segment>
   <segment nite:id="Bed017.segment.348" starttime="878.56" endtime="881.474" participant="me010" timing-provenance="segment">
      <nite:child href="Bed017.F.words.xml#id(Bed017.w.2,718)..id(Bed017.disfmarker.62)"/>
   </segment>
   <segment nite:id="Bed017.segment.349" starttime="881.68" endtime="885.7" participant="me010" timing-provenance="dialogueact">
      <nite:child href="Bed017.F.words.xml#id(Bed017.w.2,726)..id(Bed017.w.2,742)"/>
   </segment>
   <segment nite:id="Bed017.segment.351" starttime="886.63" endtime="888.52" participant="me010" timing-provenance="dialogueact">
      <nite:child href="Bed017.F.words.xml#id(Bed017.w.2,745)..id(Bed017.w.2,749)"/>
   </segment>
   <segment nite:id="Bed017.segment.353" starttime="893.43" endtime="893.68" participant="me010" timing-provenance="dialogueact">
      <nite:child href="Bed017.F.words.xml#id(Bed017.w.2,769)..id(Bed017.w.2,770)"/>
   </segment>
   <segment nite:id="Bed017.segment.355" starttime="900.926" endtime="901.236" participant="me010" timing-provenance="dialogueact">
      <nite:child href="Bed017.F.words.xml#id(Bed017.w.2,789)..id(Bed017.w.2,790)"/>
   </segment>
   <segment nite:id="Bed017.segment.357" starttime="902.017" endtime="902.637" participant="me010" timing-provenance="dialogueact">
      <nite:child href="Bed017.F.words.xml#id(Bed017.w.2,796)..id(Bed017.w.2,797)"/>
   </segment>
   <segment nite:id="Bed017.segment.360" starttime="907.19" endtime="907.36" participant="me010" timing-provenance="dialogueact">
      <nite:child href="Bed017.F.words.xml#id(Bed017.w.2,827)..id(Bed017.w.2,828)"/>
   </segment>
   <segment nite:id="Bed017.segment.362" starttime="911.259" endtime="911.599" participant="me010" timing-provenance="dialogueact">
      <nite:child href="Bed017.F.words.xml#id(Bed017.w.2,839)..id(Bed017.w.2,840)"/>
   </segment>
   <segment nite:id="Bed017.segment.364" starttime="913.718" endtime="913.918" participant="me010" timing-provenance="dialogueact">
      <nite:child href="Bed017.F.words.xml#id(Bed017.w.2,850)..id(Bed017.w.2,851)"/>
   </segment>
   <segment nite:id="Bed017.segment.365" starttime="914.398" endtime="917.548" participant="me010" timing-provenance="dialogueact">
      <nite:child href="Bed017.F.words.xml#id(Bed017.w.2,852)..id(Bed017.w.2,865)"/>
   </segment>
   <segment nite:id="Bed017.segment.366" starttime="917.858" endtime="919.708" participant="me010" timing-provenance="dialogueact">
      <nite:child href="Bed017.F.words.xml#id(Bed017.w.2,866)..id(Bed017.w.2,873)"/>
   </segment>
   <segment nite:id="Bed017.segment.367" starttime="920.327" endtime="921.447" participant="me010" timing-provenance="dialogueact">
      <nite:child href="Bed017.F.words.xml#id(Bed017.w.2,874)..id(Bed017.w.2,875)"/>
   </segment>
   <segment nite:id="Bed017.segment.368" starttime="922.47" endtime="923.79" participant="me010" timing-provenance="dialogueact">
      <nite:child href="Bed017.F.words.xml#id(Bed017.w.2,876)..id(Bed017.w.2,878)"/>
   </segment>
   <segment nite:id="Bed017.segment.369" starttime="924.843" endtime="927.803" participant="me010" timing-provenance="dialogueact">
      <nite:child href="Bed017.F.words.xml#id(Bed017.w.2,879)..id(Bed017.w.2,888)"/>
   </segment>
   <segment nite:id="Bed017.segment.371" starttime="928.804" endtime="929.994" participant="me010" timing-provenance="dialogueact">
      <nite:child href="Bed017.F.words.xml#id(Bed017.w.2,891)..id(Bed017.w.2,900)"/>
   </segment>
   <segment nite:id="Bed017.segment.372" starttime="930.54" endtime="933.35" participant="me010" timing-provenance="dialogueact">
      <nite:child href="Bed017.F.words.xml#id(Bed017.w.2,901)..id(Bed017.w.2,914)"/>
   </segment>
   <segment nite:id="Bed017.segment.373" starttime="933.75" endtime="935.84" participant="me010" timing-provenance="dialogueact">
      <nite:child href="Bed017.F.words.xml#id(Bed017.w.2,915)..id(Bed017.w.2,924)"/>
   </segment>
   <segment nite:id="Bed017.segment.403" starttime="997.32" endtime="998.93" participant="me010" timing-provenance="dialogueact">
      <nite:child href="Bed017.F.words.xml#id(Bed017.w.3,056)..id(Bed017.w.3,061)"/>
   </segment>
   <segment nite:id="Bed017.segment.404" starttime="999.9" endtime="1000.61" participant="me010" timing-provenance="dialogueact">
      <nite:child href="Bed017.F.words.xml#id(Bed017.w.3,062)..id(Bed017.w.3,064)"/>
   </segment>
   <segment nite:id="Bed017.segment.405" starttime="1001.59" endtime="1005.13" participant="me010" timing-provenance="dialogueact">
      <nite:child href="Bed017.F.words.xml#id(Bed017.w.3,065)..id(Bed017.w.3,080)"/>
   </segment>
   <segment nite:id="Bed017.segment.407" starttime="1005.65" endtime="1008.56" participant="me010" timing-provenance="dialogueact">
      <nite:child href="Bed017.F.words.xml#id(Bed017.w.3,081)..id(Bed017.w.3,089)"/>
   </segment>
   <segment nite:id="Bed017.segment.408" starttime="1008.94" endtime="1010.48" participant="me010" timing-provenance="dialogueact">
      <nite:child href="Bed017.F.words.xml#id(Bed017.w.3,090)..id(Bed017.w.3,093)"/>
   </segment>
   <segment nite:id="Bed017.segment.410" starttime="1010.821" endtime="1013.655" participant="me010" timing-provenance="segment">
      <nite:child href="Bed017.F.words.xml#id(Bed017.w.3,098)..id(Bed017.disfmarker.77)"/>
   </segment>
   <segment nite:id="Bed017.segment.415" starttime="1015.587" endtime="1016.836" participant="me010" timing-provenance="segment">
      <nite:child href="Bed017.F.words.xml#id(Bed017.w.3,113)..id(Bed017.disfmarker.78)"/>
   </segment>
   <segment nite:id="Bed017.segment.418" starttime="1018.802" endtime="1027.095" participant="me010" timing-provenance="segment">
      <nite:child href="Bed017.F.words.xml#id(Bed017.w.3,137)..id(Bed017.disfmarker.85)"/>
   </segment>
   <segment nite:id="Bed017.segment.426" starttime="1027.36" endtime="1028.2" participant="me010" timing-provenance="dialogueact">
      <nite:child href="Bed017.F.words.xml#id(Bed017.w.3,189)..id(Bed017.w.3,191)"/>
   </segment>
   <segment nite:id="Bed017.segment.430" starttime="1028.74" endtime="1029.77" participant="me010" timing-provenance="segment">
      <nite:child href="Bed017.F.words.xml#id(Bed017.vocalsound.102)"/>
   </segment>
   <segment nite:id="Bed017.segment.433" starttime="1034.47" endtime="1035.4" participant="me010" timing-provenance="segment">
      <nite:child href="Bed017.F.words.xml#id(Bed017.vocalsound.104)"/>
   </segment>
   <segment nite:id="Bed017.segment.437" starttime="1036.96" endtime="1038.1" participant="me010" timing-provenance="segment">
      <nite:child href="Bed017.F.words.xml#id(Bed017.w.3,229)..id(Bed017.comment.26)"/>
   </segment>
   <segment nite:id="Bed017.segment.440" starttime="1039.17" endtime="1040.357" participant="me010" timing-provenance="segment">
      <nite:child href="Bed017.F.words.xml#id(Bed017.vocalsound.108)..id(Bed017.w.3,241)"/>
   </segment>
   <segment nite:id="Bed017.segment.441" starttime="1040.45" endtime="1042.95" participant="me010" timing-provenance="dialogueact">
      <nite:child href="Bed017.F.words.xml#id(Bed017.w.3,242)..id(Bed017.w.3,256)"/>
   </segment>
   <segment nite:id="Bed017.segment.442" starttime="1043.51" endtime="1045.51" participant="me010" timing-provenance="dialogueact">
      <nite:child href="Bed017.F.words.xml#id(Bed017.w.3,257)..id(Bed017.w.3,261)"/>
   </segment>
   <segment nite:id="Bed017.segment.443" starttime="1046.33" endtime="1047.1" participant="me010" timing-provenance="dialogueact">
      <nite:child href="Bed017.F.words.xml#id(Bed017.w.3,262)"/>
   </segment>
   <segment nite:id="Bed017.segment.444" starttime="1047.67" endtime="1049.03" participant="me010" timing-provenance="dialogueact">
      <nite:child href="Bed017.F.words.xml#id(Bed017.w.3,263)..id(Bed017.w.3,268)"/>
   </segment>
   <segment nite:id="Bed017.segment.445" starttime="1049.68" endtime="1052.13" participant="me010" timing-provenance="dialogueact">
      <nite:child href="Bed017.F.words.xml#id(Bed017.w.3,269)..id(Bed017.w.3,282)"/>
   </segment>
   <segment nite:id="Bed017.segment.446" starttime="1052.66" endtime="1055.14" participant="me010" timing-provenance="segment">
      <nite:child href="Bed017.F.words.xml#id(Bed017.w.3,283)..id(Bed017.disfmarker.91)"/>
   </segment>
   <segment nite:id="Bed017.segment.447" starttime="1055.61" endtime="1056.34" participant="me010" timing-provenance="dialogueact">
      <nite:child href="Bed017.F.words.xml#id(Bed017.w.3,292)..id(Bed017.w.3,298)"/>
   </segment>
   <segment nite:id="Bed017.segment.448" starttime="1058.82" endtime="1059.72" participant="me010" timing-provenance="dialogueact">
      <nite:child href="Bed017.F.words.xml#id(Bed017.w.3,299)..id(Bed017.w.3,303)"/>
   </segment>
   <segment nite:id="Bed017.segment.449" starttime="1061.49" endtime="1062.17" participant="me010" timing-provenance="dialogueact">
      <nite:child href="Bed017.F.words.xml#id(Bed017.w.3,304)..id(Bed017.w.3,310)"/>
   </segment>
   <segment nite:id="Bed017.segment.450" starttime="1062.78" endtime="1064.41" participant="me010" timing-provenance="dialogueact">
      <nite:child href="Bed017.F.words.xml#id(Bed017.w.3,311)..id(Bed017.w.3,318)"/>
   </segment>
   <segment nite:id="Bed017.segment.451" starttime="1064.91" endtime="1066.73" participant="me010" timing-provenance="dialogueact">
      <nite:child href="Bed017.F.words.xml#id(Bed017.w.3,319)..id(Bed017.w.3,326)"/>
   </segment>
   <segment nite:id="Bed017.segment.452" starttime="1069.09" endtime="1070.02" participant="me010" timing-provenance="dialogueact">
      <nite:child href="Bed017.F.words.xml#id(Bed017.w.3,327)..id(Bed017.w.3,331)"/>
   </segment>
   <segment nite:id="Bed017.segment.608" starttime="1704.29" endtime="1705.29" participant="me010" timing-provenance="dialogueact">
      <nite:child href="Bed017.F.words.xml#id(Bed017.w.5,779)..id(Bed017.w.5,783)"/>
   </segment>
   <segment nite:id="Bed017.segment.609" starttime="1706.04" endtime="1706.58" participant="me010" timing-provenance="dialogueact">
      <nite:child href="Bed017.F.words.xml#id(Bed017.w.5,784)..id(Bed017.w.5,785)"/>
   </segment>
   <segment nite:id="Bed017.segment.610" starttime="1707.12" endtime="1707.74" participant="me010" timing-provenance="dialogueact">
      <nite:child href="Bed017.F.words.xml#id(Bed017.w.5,786)"/>
   </segment>
   <segment nite:id="Bed017.segment.611" starttime="1708.85" endtime="1711.7" participant="me010" timing-provenance="dialogueact">
      <nite:child href="Bed017.F.words.xml#id(Bed017.w.5,787)..id(Bed017.w.5,799)"/>
   </segment>
   <segment nite:id="Bed017.segment.613" starttime="1713.19" endtime="1713.43" participant="me010" timing-provenance="dialogueact">
      <nite:child href="Bed017.F.words.xml#id(Bed017.w.5,814)..id(Bed017.w.5,815)"/>
   </segment>
   <segment nite:id="Bed017.segment.614" starttime="1715.16" endtime="1717.78" participant="me010" timing-provenance="dialogueact">
      <nite:child href="Bed017.F.words.xml#id(Bed017.w.5,816)..id(Bed017.w.5,833)"/>
   </segment>
   <segment nite:id="Bed017.segment.616" starttime="1718.5" endtime="1720.04" participant="me010" timing-provenance="dialogueact">
      <nite:child href="Bed017.F.words.xml#id(Bed017.w.5,840)..id(Bed017.w.5,843)"/>
   </segment>
   <segment nite:id="Bed017.segment.617" starttime="1720.6" endtime="1724.96" participant="me010" timing-provenance="dialogueact">
      <nite:child href="Bed017.F.words.xml#id(Bed017.w.5,844)..id(Bed017.w.5,860)"/>
   </segment>
   <segment nite:id="Bed017.segment.618" starttime="1725.41" endtime="1728.2" participant="me010" timing-provenance="dialogueact">
      <nite:child href="Bed017.F.words.xml#id(Bed017.w.5,861)..id(Bed017.w.5,866)"/>
   </segment>
   <segment nite:id="Bed017.segment.619" starttime="1728.65" endtime="1733.86" participant="me010" timing-provenance="dialogueact">
      <nite:child href="Bed017.F.words.xml#id(Bed017.w.5,867)..id(Bed017.w.5,881)"/>
   </segment>
   <segment nite:id="Bed017.segment.620" starttime="1735.29" endtime="1740.07" participant="me010" timing-provenance="dialogueact">
      <nite:child href="Bed017.F.words.xml#id(Bed017.w.5,882)..id(Bed017.w.5,901)"/>
   </segment>
   <segment nite:id="Bed017.segment.622" starttime="1740.8" endtime="1744.76" participant="me010" timing-provenance="dialogueact">
      <nite:child href="Bed017.F.words.xml#id(Bed017.w.5,906)..id(Bed017.w.5,928)"/>
   </segment>
   <segment nite:id="Bed017.segment.623" starttime="1745.11" endtime="1751.6" participant="me010" timing-provenance="dialogueact">
      <nite:child href="Bed017.F.words.xml#id(Bed017.w.5,929)..id(Bed017.w.5,958)"/>
   </segment>
   <segment nite:id="Bed017.segment.624" starttime="1752.23" endtime="1756.43" participant="me010" timing-provenance="dialogueact">
      <nite:child href="Bed017.F.words.xml#id(Bed017.w.5,959)..id(Bed017.w.5,969)"/>
   </segment>
   <segment nite:id="Bed017.segment.625" starttime="1757.57" endtime="1760.38" participant="me010" timing-provenance="dialogueact">
      <nite:child href="Bed017.F.words.xml#id(Bed017.w.5,970)..id(Bed017.w.5,983)"/>
   </segment>
   <segment nite:id="Bed017.segment.627" starttime="1761.07" endtime="1762.02" participant="me010" timing-provenance="dialogueact">
      <nite:child href="Bed017.F.words.xml#id(Bed017.w.5,988)..id(Bed017.w.5,995)"/>
   </segment>
   <segment nite:id="Bed017.segment.634" starttime="1782.28" endtime="1782.51" participant="me010" timing-provenance="dialogueact">
      <nite:child href="Bed017.F.words.xml#id(Bed017.w.6,082)..id(Bed017.w.6,083)"/>
   </segment>
   <segment nite:id="Bed017.segment.636" starttime="1787.99" endtime="1788.15" participant="me010" timing-provenance="dialogueact">
      <nite:child href="Bed017.F.words.xml#id(Bed017.w.6,098)..id(Bed017.w.6,099)"/>
   </segment>
   <segment nite:id="Bed017.segment.640" starttime="1796.84" endtime="1797.03" participant="me010" timing-provenance="dialogueact">
      <nite:child href="Bed017.F.words.xml#id(Bed017.w.6,135)..id(Bed017.w.6,136)"/>
   </segment>
   <segment nite:id="Bed017.segment.642" starttime="1800.29" endtime="1800.58" participant="me010" timing-provenance="dialogueact">
      <nite:child href="Bed017.F.words.xml#id(Bed017.w.6,147)..id(Bed017.w.6,148)"/>
   </segment>
   <segment nite:id="Bed017.segment.644" starttime="1803.84" endtime="1809.18" participant="me010" timing-provenance="dialogueact">
      <nite:child href="Bed017.F.words.xml#id(Bed017.w.6,164)..id(Bed017.w.6,194)"/>
   </segment>
   <segment nite:id="Bed017.segment.647" starttime="1809.925" endtime="1810.359" participant="me010" timing-provenance="segment">
      <nite:child href="Bed017.F.words.xml#id(Bed017.w.6,213)..id(Bed017.disfmarker.222)"/>
   </segment>
   <segment nite:id="Bed017.segment.648" starttime="1811.24" endtime="1811.73" participant="me010" timing-provenance="dialogueact">
      <nite:child href="Bed017.F.words.xml#id(Bed017.w.6,215)..id(Bed017.w.6,216)"/>
   </segment>
   <segment nite:id="Bed017.segment.649" starttime="1812.21" endtime="1813.58" participant="me010" timing-provenance="dialogueact">
      <nite:child href="Bed017.F.words.xml#id(Bed017.w.6,217)..id(Bed017.w.6,225)"/>
   </segment>
   <segment nite:id="Bed017.segment.651" starttime="1814.113" endtime="1815.149" participant="me010" timing-provenance="segment">
      <nite:child href="Bed017.F.words.xml#id(Bed017.w.6,231)..id(Bed017.nonvocalsound.16)"/>
   </segment>
   <segment nite:id="Bed017.segment.655" starttime="1820.71" endtime="1822.81" participant="me010" timing-provenance="segment">
      <nite:child href="Bed017.F.words.xml#id(Bed017.w.6,242)..id(Bed017.disfmarker.224)"/>
   </segment>
   <segment nite:id="Bed017.segment.657" starttime="1825.62" endtime="1826.41" participant="me010" timing-provenance="dialogueact">
      <nite:child href="Bed017.F.words.xml#id(Bed017.w.6,267)..id(Bed017.w.6,270)"/>
   </segment>
   <segment nite:id="Bed017.segment.659" starttime="1827.5" endtime="1830.2" participant="me010" timing-provenance="dialogueact">
      <nite:child href="Bed017.F.words.xml#id(Bed017.w.6,273)..id(Bed017.w.6,284)"/>
   </segment>
   <segment nite:id="Bed017.segment.660" starttime="1831.29" endtime="1832.35" participant="me010" timing-provenance="segment">
      <nite:child href="Bed017.F.words.xml#id(Bed017.w.6,285)..id(Bed017.disfmarker.226)"/>
   </segment>
   <segment nite:id="Bed017.segment.662" starttime="1832.87" endtime="1833.09" participant="me010" timing-provenance="dialogueact">
      <nite:child href="Bed017.F.words.xml#id(Bed017.w.6,293)..id(Bed017.w.6,294)"/>
   </segment>
   <segment nite:id="Bed017.segment.663" starttime="1834.2" endtime="1839.85" participant="me010" timing-provenance="dialogueact">
      <nite:child href="Bed017.F.words.xml#id(Bed017.w.6,295)..id(Bed017.w.6,326)"/>
   </segment>
   <segment nite:id="Bed017.segment.668" starttime="1840.67" endtime="1843.53" participant="me010" timing-provenance="dialogueact">
      <nite:child href="Bed017.F.words.xml#id(Bed017.w.6,331)..id(Bed017.w.6,344)"/>
   </segment>
   <segment nite:id="Bed017.segment.672" starttime="1845.37" endtime="1848.73" participant="me010" timing-provenance="dialogueact">
      <nite:child href="Bed017.F.words.xml#id(Bed017.w.6,358)..id(Bed017.w.6,381)"/>
   </segment>
   <segment nite:id="Bed017.segment.676" starttime="1852.74" endtime="1852.98" participant="me010" timing-provenance="dialogueact">
      <nite:child href="Bed017.F.words.xml#id(Bed017.w.6,412)..id(Bed017.w.6,413)"/>
   </segment>
   <segment nite:id="Bed017.segment.677" starttime="1853.84" endtime="1857.04" participant="me010" timing-provenance="dialogueact">
      <nite:child href="Bed017.F.words.xml#id(Bed017.w.6,414)..id(Bed017.w.6,435)"/>
   </segment>
   <segment nite:id="Bed017.segment.680" starttime="1863.34" endtime="1863.86" participant="me010" timing-provenance="dialogueact">
      <nite:child href="Bed017.F.words.xml#id(Bed017.w.6,475)..id(Bed017.w.6,479)"/>
   </segment>
   <segment nite:id="Bed017.segment.682" starttime="1866.07" endtime="1866.32" participant="me010" timing-provenance="dialogueact">
      <nite:child href="Bed017.F.words.xml#id(Bed017.w.6,482)..id(Bed017.w.6,483)"/>
   </segment>
   <segment nite:id="Bed017.segment.683" starttime="1867.82" endtime="1868.03" participant="me010" timing-provenance="dialogueact">
      <nite:child href="Bed017.F.words.xml#id(Bed017.w.6,484)..id(Bed017.w.6,485)"/>
   </segment>
   <segment nite:id="Bed017.segment.686" starttime="1871.17" endtime="1871.43" participant="me010" timing-provenance="dialogueact">
      <nite:child href="Bed017.F.words.xml#id(Bed017.w.6,505)..id(Bed017.w.6,506)"/>
   </segment>
   <segment nite:id="Bed017.segment.689" starttime="1874.09" endtime="1874.32" participant="me010" timing-provenance="dialogueact">
      <nite:child href="Bed017.F.words.xml#id(Bed017.w.6,514)..id(Bed017.w.6,515)"/>
   </segment>
   <segment nite:id="Bed017.segment.691" starttime="1879.13" endtime="1880.07" participant="me010" timing-provenance="segment">
      <nite:child href="Bed017.F.words.xml#id(Bed017.w.6,526)..id(Bed017.comment.30)"/>
   </segment>
   <segment nite:id="Bed017.segment.694" starttime="1881.036" endtime="1882.665" participant="me010" timing-provenance="segment">
      <nite:child href="Bed017.F.words.xml#id(Bed017.vocalsound.134)"/>
   </segment>
   <segment nite:id="Bed017.segment.696" starttime="1885.8" endtime="1886.57" participant="me010" timing-provenance="dialogueact">
      <nite:child href="Bed017.F.words.xml#id(Bed017.w.6,549)..id(Bed017.w.6,552)"/>
   </segment>
   <segment nite:id="Bed017.segment.698" starttime="1888.02" endtime="1892.38" participant="me010" timing-provenance="dialogueact">
      <nite:child href="Bed017.F.words.xml#id(Bed017.w.6,553)..id(Bed017.w.6,577)"/>
   </segment>
   <segment nite:id="Bed017.segment.701" starttime="1893.35" endtime="1895.62" participant="me010" timing-provenance="dialogueact">
      <nite:child href="Bed017.F.words.xml#id(Bed017.w.6,582)..id(Bed017.w.6,585)"/>
   </segment>
   <segment nite:id="Bed017.segment.702" starttime="1897.17" endtime="1903.02" participant="me010" timing-provenance="dialogueact">
      <nite:child href="Bed017.F.words.xml#id(Bed017.w.6,586)..id(Bed017.w.6,599)"/>
   </segment>
   <segment nite:id="Bed017.segment.703" starttime="1903.33" endtime="1904.5" participant="me010" timing-provenance="dialogueact">
      <nite:child href="Bed017.F.words.xml#id(Bed017.w.6,600)..id(Bed017.w.6,605)"/>
   </segment>
   <segment nite:id="Bed017.segment.706" starttime="1908.0" endtime="1910.16" participant="me010" timing-provenance="segment">
      <nite:child href="Bed017.F.words.xml#id(Bed017.w.6,624)..id(Bed017.disfmarker.245)"/>
   </segment>
   <segment nite:id="Bed017.segment.709" starttime="1910.98" endtime="1913.0" participant="me010" timing-provenance="dialogueact">
      <nite:child href="Bed017.F.words.xml#id(Bed017.w.6,633)..id(Bed017.w.6,644)"/>
   </segment>
   <segment nite:id="Bed017.segment.711" starttime="1914.45" endtime="1918.91" participant="me010" timing-provenance="dialogueact">
      <nite:child href="Bed017.F.words.xml#id(Bed017.w.6,647)..id(Bed017.w.6,679)"/>
   </segment>
   <segment nite:id="Bed017.segment.715" starttime="1921.82" endtime="1922.03" participant="me010" timing-provenance="dialogueact">
      <nite:child href="Bed017.F.words.xml#id(Bed017.w.6,708)..id(Bed017.w.6,709)"/>
   </segment>
   <segment nite:id="Bed017.segment.716" starttime="1923.34" endtime="1925.7" participant="me010" timing-provenance="dialogueact">
      <nite:child href="Bed017.F.words.xml#id(Bed017.w.6,710)..id(Bed017.w.6,722)"/>
   </segment>
   <segment nite:id="Bed017.segment.739" starttime="1966.44" endtime="1967.85" participant="me010" timing-provenance="dialogueact">
      <nite:child href="Bed017.F.words.xml#id(Bed017.w.6,914)..id(Bed017.w.6,922)"/>
   </segment>
   <segment nite:id="Bed017.segment.740" starttime="1971.8" endtime="1973.19" participant="me010" timing-provenance="dialogueact">
      <nite:child href="Bed017.F.words.xml#id(Bed017.w.6,923)..id(Bed017.w.6,927)"/>
   </segment>
   <segment nite:id="Bed017.segment.741" starttime="1974.81" endtime="1976.22" participant="me010" timing-provenance="dialogueact">
      <nite:child href="Bed017.F.words.xml#id(Bed017.w.6,928)..id(Bed017.w.6,934)"/>
   </segment>
   <segment nite:id="Bed017.segment.749" starttime="1984.637" endtime="1985.967" participant="me010" timing-provenance="segment">
      <nite:child href="Bed017.F.words.xml#id(Bed017.w.6,965)..id(Bed017.comment.31)"/>
   </segment>
   <segment nite:id="Bed017.segment.753" starttime="1989.856" endtime="1992.53" participant="me010" timing-provenance="segment">
      <nite:child href="Bed017.F.words.xml#id(Bed017.vocalsound.156)..id(Bed017.vocalsound.157)"/>
   </segment>
   <segment nite:id="Bed017.segment.760" starttime="2000.92" endtime="2001.74" participant="me010" timing-provenance="segment">
      <nite:child href="Bed017.F.words.xml#id(Bed017.vocalsound.165)"/>
   </segment>
   <segment nite:id="Bed017.segment.763" starttime="2005.47" endtime="2009.8" participant="me010" timing-provenance="dialogueact">
      <nite:child href="Bed017.F.words.xml#id(Bed017.w.7,029)..id(Bed017.w.7,061)"/>
   </segment>
   <segment nite:id="Bed017.segment.770" starttime="2018.29" endtime="2024.62" participant="me010" timing-provenance="dialogueact">
      <nite:child href="Bed017.F.words.xml#id(Bed017.w.7,102)..id(Bed017.w.7,117)"/>
   </segment>
   <segment nite:id="Bed017.segment.771" starttime="2024.62" endtime="2026.62" participant="me010" timing-provenance="dialogueact">
      <nite:child href="Bed017.F.words.xml#id(Bed017.w.7,118)..id(Bed017.w.7,122)"/>
   </segment>
   <segment nite:id="Bed017.segment.772" starttime="2027.7" endtime="2028.6" participant="me010" timing-provenance="dialogueact">
      <nite:child href="Bed017.F.words.xml#id(Bed017.w.7,123)..id(Bed017.w.7,126)"/>
   </segment>
   <segment nite:id="Bed017.segment.773" starttime="2029.46" endtime="2034.09" participant="me010" timing-provenance="dialogueact">
      <nite:child href="Bed017.F.words.xml#id(Bed017.w.7,127)..id(Bed017.w.7,142)"/>
   </segment>
   <segment nite:id="Bed017.segment.774" starttime="2034.58" endtime="2040.7" participant="me010" timing-provenance="dialogueact">
      <nite:child href="Bed017.F.words.xml#id(Bed017.w.7,143)..id(Bed017.w.7,159)"/>
   </segment>
   <segment nite:id="Bed017.segment.775" starttime="2041.28" endtime="2043.19" participant="me010" timing-provenance="dialogueact">
      <nite:child href="Bed017.F.words.xml#id(Bed017.w.7,160)..id(Bed017.w.7,167)"/>
   </segment>
   <segment nite:id="Bed017.segment.776" starttime="2043.614" endtime="2045.54" participant="me010" timing-provenance="segment">
      <nite:child href="Bed017.F.words.xml#id(Bed017.w.7,168)..id(Bed017.disfmarker.268)"/>
   </segment>
   <segment nite:id="Bed017.segment.777" starttime="2045.99" endtime="2049.16" participant="me010" timing-provenance="dialogueact">
      <nite:child href="Bed017.F.words.xml#id(Bed017.w.7,172)..id(Bed017.w.7,190)"/>
   </segment>
   <segment nite:id="Bed017.segment.779" starttime="2050.06" endtime="2052.52" participant="me010" timing-provenance="dialogueact">
      <nite:child href="Bed017.F.words.xml#id(Bed017.w.7,195)..id(Bed017.w.7,198)"/>
   </segment>
   <segment nite:id="Bed017.segment.780" starttime="2053.83" endtime="2059.868" participant="me010" timing-provenance="segment">
      <nite:child href="Bed017.F.words.xml#id(Bed017.w.7,199)..id(Bed017.disfmarker.270)"/>
   </segment>
   <segment nite:id="Bed017.segment.781" starttime="2059.95" endtime="2063.96" participant="me010" timing-provenance="dialogueact">
      <nite:child href="Bed017.F.words.xml#id(Bed017.w.7,228)..id(Bed017.w.7,240)"/>
   </segment>
   <segment nite:id="Bed017.segment.784" starttime="2064.473" endtime="2065.61" participant="me010" timing-provenance="segment">
      <nite:child href="Bed017.F.words.xml#id(Bed017.w.7,241)..id(Bed017.disfmarker.271)"/>
   </segment>
   <segment nite:id="Bed017.segment.786" starttime="2065.94" endtime="2068.27" participant="me010" timing-provenance="dialogueact">
      <nite:child href="Bed017.F.words.xml#id(Bed017.w.7,242)..id(Bed017.w.7,256)"/>
   </segment>
   <segment nite:id="Bed017.segment.788" starttime="2068.59" endtime="2072.52" participant="me010" timing-provenance="dialogueact">
      <nite:child href="Bed017.F.words.xml#id(Bed017.w.7,257)..id(Bed017.w.7,274)"/>
   </segment>
   <segment nite:id="Bed017.segment.789" starttime="2073.31" endtime="2077.26" participant="me010" timing-provenance="dialogueact">
      <nite:child href="Bed017.F.words.xml#id(Bed017.w.7,275)..id(Bed017.w.7,281)"/>
   </segment>
   <segment nite:id="Bed017.segment.791" starttime="2077.94" endtime="2081.44" participant="me010" timing-provenance="segment">
      <nite:child href="Bed017.F.words.xml#id(Bed017.w.7,282)..id(Bed017.vocalsound.176)"/>
   </segment>
   <segment nite:id="Bed017.segment.792" starttime="2081.84" endtime="2083.89" participant="me010" timing-provenance="dialogueact">
      <nite:child href="Bed017.F.words.xml#id(Bed017.w.7,285)..id(Bed017.w.7,290)"/>
   </segment>
   <segment nite:id="Bed017.segment.793" starttime="2084.72" endtime="2085.15" participant="me010" timing-provenance="dialogueact">
      <nite:child href="Bed017.F.words.xml#id(Bed017.w.7,291)..id(Bed017.w.7,292)"/>
   </segment>
   <segment nite:id="Bed017.segment.794" starttime="2085.76" endtime="2087.39" participant="me010" timing-provenance="dialogueact">
      <nite:child href="Bed017.F.words.xml#id(Bed017.w.7,293)..id(Bed017.w.7,300)"/>
   </segment>
   <segment nite:id="Bed017.segment.795" starttime="2088.2" endtime="2091.818" participant="me010" timing-provenance="segment">
      <nite:child href="Bed017.F.words.xml#id(Bed017.w.7,301)..id(Bed017.disfmarker.274)"/>
   </segment>
   <segment nite:id="Bed017.segment.796" starttime="2091.93" endtime="2093.76" participant="me010" timing-provenance="dialogueact">
      <nite:child href="Bed017.F.words.xml#id(Bed017.w.7,315)..id(Bed017.w.7,326)"/>
   </segment>
   <segment nite:id="Bed017.segment.799" starttime="2094.41" endtime="2099.25" participant="me010" timing-provenance="dialogueact">
      <nite:child href="Bed017.F.words.xml#id(Bed017.w.7,327)..id(Bed017.w.7,343)"/>
   </segment>
   <segment nite:id="Bed017.segment.801" starttime="2100.05" endtime="2105.21" participant="me010" timing-provenance="dialogueact">
      <nite:child href="Bed017.F.words.xml#id(Bed017.w.7,344)..id(Bed017.w.7,352)"/>
   </segment>
   <segment nite:id="Bed017.segment.802" starttime="2105.39" endtime="2107.55" participant="me010" timing-provenance="dialogueact">
      <nite:child href="Bed017.F.words.xml#id(Bed017.w.7,353)..id(Bed017.w.7,373)"/>
   </segment>
   <segment nite:id="Bed017.segment.803" starttime="2108.23" endtime="2109.75" participant="me010" timing-provenance="dialogueact">
      <nite:child href="Bed017.F.words.xml#id(Bed017.w.7,374)..id(Bed017.w.7,377)"/>
   </segment>
   <segment nite:id="Bed017.segment.804" starttime="2110.39" endtime="2116.68" participant="me010" timing-provenance="dialogueact">
      <nite:child href="Bed017.F.words.xml#id(Bed017.w.7,378)..id(Bed017.w.7,396)"/>
   </segment>
   <segment nite:id="Bed017.segment.805" starttime="2117.48" endtime="2123.78" participant="me010" timing-provenance="dialogueact">
      <nite:child href="Bed017.F.words.xml#id(Bed017.w.7,397)..id(Bed017.w.7,415)"/>
   </segment>
   <segment nite:id="Bed017.segment.806" starttime="2124.5" endtime="2128.09" participant="me010" timing-provenance="dialogueact">
      <nite:child href="Bed017.F.words.xml#id(Bed017.w.7,416)..id(Bed017.w.7,432)"/>
   </segment>
   <segment nite:id="Bed017.segment.807" starttime="2128.58" endtime="2130.95" participant="me010" timing-provenance="dialogueact">
      <nite:child href="Bed017.F.words.xml#id(Bed017.w.7,433)..id(Bed017.w.7,442)"/>
   </segment>
   <segment nite:id="Bed017.segment.808" starttime="2131.38" endtime="2138.24" participant="me010" timing-provenance="dialogueact">
      <nite:child href="Bed017.F.words.xml#id(Bed017.w.7,443)..id(Bed017.w.7,466)"/>
   </segment>
   <segment nite:id="Bed017.segment.809" starttime="2138.576" endtime="2139.98" participant="me010" timing-provenance="segment">
      <nite:child href="Bed017.F.words.xml#id(Bed017.w.7,467)..id(Bed017.w.7,471)"/>
   </segment>
   <segment nite:id="Bed017.segment.810" starttime="2140.02" endtime="2141.666" participant="me010" timing-provenance="segment">
      <nite:child href="Bed017.F.words.xml#id(Bed017.w.7,472)..id(Bed017.comment.34)"/>
   </segment>
   <segment nite:id="Bed017.segment.811" starttime="2141.9" endtime="2142.88" participant="me010" timing-provenance="dialogueact">
      <nite:child href="Bed017.F.words.xml#id(Bed017.w.7,478)..id(Bed017.w.7,482)"/>
   </segment>
   <segment nite:id="Bed017.segment.812" starttime="2144.27" endtime="2147.7" participant="me010" timing-provenance="dialogueact">
      <nite:child href="Bed017.F.words.xml#id(Bed017.w.7,483)..id(Bed017.w.7,494)"/>
   </segment>
   <segment nite:id="Bed017.segment.813" starttime="2148.49" endtime="2150.6" participant="me010" timing-provenance="dialogueact">
      <nite:child href="Bed017.F.words.xml#id(Bed017.w.7,495)..id(Bed017.w.7,502)"/>
   </segment>
   <segment nite:id="Bed017.segment.814" starttime="2151.38" endtime="2154.7" participant="me010" timing-provenance="dialogueact">
      <nite:child href="Bed017.F.words.xml#id(Bed017.w.7,503)..id(Bed017.w.7,512)"/>
   </segment>
   <segment nite:id="Bed017.segment.815" starttime="2156.15" endtime="2159.67" participant="me010" timing-provenance="dialogueact">
      <nite:child href="Bed017.F.words.xml#id(Bed017.w.7,513)..id(Bed017.w.7,536)"/>
   </segment>
   <segment nite:id="Bed017.segment.816" starttime="2160.43" endtime="2161.46" participant="me010" timing-provenance="dialogueact">
      <nite:child href="Bed017.F.words.xml#id(Bed017.w.7,537)..id(Bed017.w.7,538)"/>
   </segment>
   <segment nite:id="Bed017.segment.817" starttime="2162.0" endtime="2163.96" participant="me010" timing-provenance="dialogueact">
      <nite:child href="Bed017.F.words.xml#id(Bed017.w.7,539)..id(Bed017.w.7,544)"/>
   </segment>
   <segment nite:id="Bed017.segment.818" starttime="2164.66" endtime="2166.3" participant="me010" timing-provenance="dialogueact">
      <nite:child href="Bed017.F.words.xml#id(Bed017.w.7,545)..id(Bed017.w.7,559)"/>
   </segment>
   <segment nite:id="Bed017.segment.819" starttime="2167.09" endtime="2168.94" participant="me010" timing-provenance="dialogueact">
      <nite:child href="Bed017.F.words.xml#id(Bed017.w.7,560)..id(Bed017.w.7,571)"/>
   </segment>
   <segment nite:id="Bed017.segment.820" starttime="2170.258" endtime="2170.9" participant="me010" timing-provenance="segment">
      <nite:child href="Bed017.F.words.xml#id(Bed017.w.7,572)..id(Bed017.disfmarker.276)"/>
   </segment>
   <segment nite:id="Bed017.segment.823" starttime="2173.4" endtime="2175.11" participant="me010" timing-provenance="dialogueact">
      <nite:child href="Bed017.F.words.xml#id(Bed017.w.7,579)..id(Bed017.w.7,589)"/>
   </segment>
   <segment nite:id="Bed017.segment.826" starttime="2178.58" endtime="2182.31" participant="me010" timing-provenance="dialogueact">
      <nite:child href="Bed017.F.words.xml#id(Bed017.w.7,597)..id(Bed017.w.7,616)"/>
   </segment>
   <segment nite:id="Bed017.segment.828" starttime="2183.16" endtime="2185.24" participant="me010" timing-provenance="dialogueact">
      <nite:child href="Bed017.F.words.xml#id(Bed017.w.7,623)..id(Bed017.w.7,633)"/>
   </segment>
   <segment nite:id="Bed017.segment.830" starttime="2186.73" endtime="2187.72" participant="me010" timing-provenance="dialogueact">
      <nite:child href="Bed017.F.words.xml#id(Bed017.w.7,636)..id(Bed017.w.7,637)"/>
   </segment>
   <segment nite:id="Bed017.segment.831" starttime="2189.58" endtime="2194.49" participant="me010" timing-provenance="dialogueact">
      <nite:child href="Bed017.F.words.xml#id(Bed017.w.7,638)..id(Bed017.w.7,658)"/>
   </segment>
   <segment nite:id="Bed017.segment.833" starttime="2194.95" endtime="2198.44" participant="me010" timing-provenance="segment">
      <nite:child href="Bed017.F.words.xml#id(Bed017.w.7,663)..id(Bed017.disfmarker.281)"/>
   </segment>
   <segment nite:id="Bed017.segment.834" starttime="2198.64" endtime="2201.47" participant="me010" timing-provenance="dialogueact">
      <nite:child href="Bed017.F.words.xml#id(Bed017.w.7,671)..id(Bed017.w.7,684)"/>
   </segment>
   <segment nite:id="Bed017.segment.835" starttime="2201.84" endtime="2206.12" participant="me010" timing-provenance="dialogueact">
      <nite:child href="Bed017.F.words.xml#id(Bed017.w.7,685)..id(Bed017.w.7,695)"/>
   </segment>
   <segment nite:id="Bed017.segment.836" starttime="2206.65" endtime="2208.08" participant="me010" timing-provenance="dialogueact">
      <nite:child href="Bed017.F.words.xml#id(Bed017.w.7,696)..id(Bed017.w.7,697)"/>
   </segment>
   <segment nite:id="Bed017.segment.837" starttime="2208.86" endtime="2210.82" participant="me010" timing-provenance="dialogueact">
      <nite:child href="Bed017.F.words.xml#id(Bed017.w.7,698)..id(Bed017.w.7,703)"/>
   </segment>
   <segment nite:id="Bed017.segment.838" starttime="2211.48" endtime="2213.95" participant="me010" timing-provenance="dialogueact">
      <nite:child href="Bed017.F.words.xml#id(Bed017.w.7,704)..id(Bed017.w.7,713)"/>
   </segment>
   <segment nite:id="Bed017.segment.839" starttime="2214.8" endtime="2215.59" participant="me010" timing-provenance="dialogueact">
      <nite:child href="Bed017.F.words.xml#id(Bed017.w.7,714)..id(Bed017.w.7,720)"/>
   </segment>
   <segment nite:id="Bed017.segment.841" starttime="2216.42" endtime="2217.18" participant="me010" timing-provenance="dialogueact">
      <nite:child href="Bed017.F.words.xml#id(Bed017.w.7,725)..id(Bed017.w.7,728)"/>
   </segment>
   <segment nite:id="Bed017.segment.843" starttime="2218.41" endtime="2219.05" participant="me010" timing-provenance="dialogueact">
      <nite:child href="Bed017.F.words.xml#id(Bed017.w.7,729)"/>
   </segment>
   <segment nite:id="Bed017.segment.844" starttime="2219.73" endtime="2220.7" participant="me010" timing-provenance="dialogueact">
      <nite:child href="Bed017.F.words.xml#id(Bed017.w.7,730)..id(Bed017.w.7,733)"/>
   </segment>
   <segment nite:id="Bed017.segment.845" starttime="2221.27" endtime="2226.9" participant="me010" timing-provenance="dialogueact">
      <nite:child href="Bed017.F.words.xml#id(Bed017.w.7,734)..id(Bed017.w.7,752)"/>
   </segment>
   <segment nite:id="Bed017.segment.846" starttime="2227.667" endtime="2229.68" participant="me010" timing-provenance="segment">
      <nite:child href="Bed017.F.words.xml#id(Bed017.vocalsound.183)..id(Bed017.w.7,757)"/>
   </segment>
   <segment nite:id="Bed017.segment.847" starttime="2230.12" endtime="2231.11" participant="me010" timing-provenance="dialogueact">
      <nite:child href="Bed017.F.words.xml#id(Bed017.w.7,758)..id(Bed017.w.7,763)"/>
   </segment>
   <segment nite:id="Bed017.segment.848" starttime="2231.56" endtime="2232.24" participant="me010" timing-provenance="dialogueact">
      <nite:child href="Bed017.F.words.xml#id(Bed017.w.7,764)..id(Bed017.w.7,768)"/>
   </segment>
   <segment nite:id="Bed017.segment.849" starttime="2232.519" endtime="2236.69" participant="me010" timing-provenance="segment">
      <nite:child href="Bed017.F.words.xml#id(Bed017.w.7,769)..id(Bed017.vocalsound.184)"/>
   </segment>
   <segment nite:id="Bed017.segment.851" starttime="2237.24" endtime="2238.28" participant="me010" timing-provenance="dialogueact">
      <nite:child href="Bed017.F.words.xml#id(Bed017.w.7,786)..id(Bed017.w.7,787)"/>
   </segment>
   <segment nite:id="Bed017.segment.852" starttime="2239.09" endtime="2242.175" participant="me010" timing-provenance="segment">
      <nite:child href="Bed017.F.words.xml#id(Bed017.w.7,788)..id(Bed017.disfmarker.285)"/>
   </segment>
   <segment nite:id="Bed017.segment.853" starttime="2242.21" endtime="2243.4" participant="me010" timing-provenance="dialogueact">
      <nite:child href="Bed017.F.words.xml#id(Bed017.w.7,809)..id(Bed017.w.7,814)"/>
   </segment>
   <segment nite:id="Bed017.segment.854" starttime="2244.29" endtime="2249.6" participant="me010" timing-provenance="dialogueact">
      <nite:child href="Bed017.F.words.xml#id(Bed017.w.7,815)..id(Bed017.w.7,834)"/>
   </segment>
   <segment nite:id="Bed017.segment.855" starttime="2251.0" endtime="2254.42" participant="me010" timing-provenance="dialogueact">
      <nite:child href="Bed017.F.words.xml#id(Bed017.w.7,835)..id(Bed017.w.7,846)"/>
   </segment>
   <segment nite:id="Bed017.segment.857" starttime="2255.239" endtime="2256.096" participant="me010" timing-provenance="segment">
      <nite:child href="Bed017.F.words.xml#id(Bed017.vocalsound.185)"/>
   </segment>
   <segment nite:id="Bed017.segment.860" starttime="2262.17" endtime="2263.12" participant="me010" timing-provenance="dialogueact">
      <nite:child href="Bed017.F.words.xml#id(Bed017.w.7,896)..id(Bed017.w.7,899)"/>
   </segment>
   <segment nite:id="Bed017.segment.863" starttime="2266.28" endtime="2266.45" participant="me010" timing-provenance="dialogueact">
      <nite:child href="Bed017.F.words.xml#id(Bed017.w.7,900)..id(Bed017.w.7,901)"/>
   </segment>
   <segment nite:id="Bed017.segment.866" starttime="2279.79" endtime="2279.98" participant="me010" timing-provenance="dialogueact">
      <nite:child href="Bed017.F.words.xml#id(Bed017.w.7,927)..id(Bed017.w.7,928)"/>
   </segment>
   <segment nite:id="Bed017.segment.873" starttime="2295.226" endtime="2298.021" participant="me010" timing-provenance="segment">
      <nite:child href="Bed017.F.words.xml#id(Bed017.w.7,984)..id(Bed017.vocalsound.188)"/>
   </segment>
   <segment nite:id="Bed017.segment.877" starttime="2300.67" endtime="2300.87" participant="me010" timing-provenance="dialogueact">
      <nite:child href="Bed017.F.words.xml#id(Bed017.w.8,009)..id(Bed017.w.8,010)"/>
   </segment>
   <segment nite:id="Bed017.segment.879" starttime="2301.76" endtime="2302.01" participant="me010" timing-provenance="dialogueact">
      <nite:child href="Bed017.F.words.xml#id(Bed017.w.8,011)..id(Bed017.w.8,012)"/>
   </segment>
   <segment nite:id="Bed017.segment.880" starttime="2302.302" endtime="2305.1" participant="me010" timing-provenance="segment">
      <nite:child href="Bed017.F.words.xml#id(Bed017.w.8,013)..id(Bed017.disfmarker.294)"/>
   </segment>
   <segment nite:id="Bed017.segment.881" starttime="2305.538" endtime="2306.555" participant="me010" timing-provenance="segment">
      <nite:child href="Bed017.F.words.xml#id(Bed017.w.8,029)..id(Bed017.disfmarker.295)"/>
   </segment>
   <segment nite:id="Bed017.segment.882" starttime="2307.35" endtime="2307.95" participant="me010" timing-provenance="dialogueact">
      <nite:child href="Bed017.F.words.xml#id(Bed017.w.8,033)..id(Bed017.w.8,034)"/>
   </segment>
   <segment nite:id="Bed017.segment.883" starttime="2308.6" endtime="2309.3" participant="me010" timing-provenance="dialogueact">
      <nite:child href="Bed017.F.words.xml#id(Bed017.w.8,035)..id(Bed017.w.8,039)"/>
   </segment>
   <segment nite:id="Bed017.segment.885" starttime="2310.36" endtime="2311.17" participant="me010" timing-provenance="dialogueact">
      <nite:child href="Bed017.F.words.xml#id(Bed017.w.8,051)..id(Bed017.w.8,054)"/>
   </segment>
   <segment nite:id="Bed017.segment.888" starttime="2318.08" endtime="2319.26" participant="me010" timing-provenance="dialogueact">
      <nite:child href="Bed017.F.words.xml#id(Bed017.w.8,065)..id(Bed017.w.8,068)"/>
   </segment>
   <segment nite:id="Bed017.segment.889" starttime="2321.65" endtime="2321.87" participant="me010" timing-provenance="dialogueact">
      <nite:child href="Bed017.F.words.xml#id(Bed017.w.8,069)..id(Bed017.w.8,070)"/>
   </segment>
</nite:root>