<?xml version="1.0" encoding="ISO-8859-1" standalone="yes"?>
<nite:root nite:id="Bed017.E.words" xmlns:nite="http://nite.sourceforge.net/">
   <w nite:id="Bed017.w.3" starttime="11.467" endtime="" c="W">I</w>
   <w nite:id="Bed017.w.4" starttime="" endtime="11.657" c="W">'m</w>
   <w nite:id="Bed017.w.5" starttime="11.657" endtime="12.247" c="W">known</w>
   <w nite:id="Bed017.w.6" starttime="12.247" endtime="12.247" c=".">.</w>
   <w nite:id="Bed017.w.7" starttime="12.577" endtime="13.087" c="W">I</w>
   <disfmarker nite:id="Bed017.disfmarker.1" starttime="" endtime=""/>
   <w nite:id="Bed017.w.24" starttime="14.89" endtime="14.95" c="W">No</w>
   <w nite:id="Bed017.w.25" starttime="14.95" endtime="14.95" c="CM">,</w>
   <w nite:id="Bed017.w.26" starttime="14.95" endtime="15.09" c="W">she</w>
   <w nite:id="Bed017.w.27" starttime="15.09" endtime="15.22" c="W">told</w>
   <w nite:id="Bed017.w.28" starttime="15.22" endtime="15.29" c="W">me</w>
   <w nite:id="Bed017.w.29" starttime="15.29" endtime="15.32" c="W">a</w>
   <w nite:id="Bed017.w.30" starttime="15.32" endtime="15.48" c="W">long</w>
   <w nite:id="Bed017.w.31" starttime="15.48" endtime="15.74" c="W">time</w>
   <w nite:id="Bed017.w.32" starttime="15.74" endtime="16.05" c="W">ago</w>
   <w nite:id="Bed017.w.33" starttime="16.05" endtime="16.05" c=".">.</w>
   <w nite:id="Bed017.w.34" starttime="16.46" endtime="16.52" c="W">She</w>
   <w nite:id="Bed017.w.35" starttime="16.52" endtime="16.64" c="W">told</w>
   <w nite:id="Bed017.w.36" starttime="16.64" endtime="16.78" c="W">me</w>
   <disfmarker nite:id="Bed017.disfmarker.2" starttime="" endtime=""/>
   <w nite:id="Bed017.w.37" starttime="16.99" endtime="17.1" c="W">she</w>
   <w nite:id="Bed017.w.38" starttime="17.1" endtime="17.22" c="W">told</w>
   <w nite:id="Bed017.w.39" starttime="17.22" endtime="17.28" c="W">me</w>
   <w nite:id="Bed017.w.40" starttime="17.28" endtime="17.44" c="W">like</w>
   <w nite:id="Bed017.w.41" starttime="17.5" endtime="17.7" c="W">two</w>
   <w nite:id="Bed017.w.42" starttime="17.7" endtime="17.95" c="W">weeks</w>
   <w nite:id="Bed017.w.43" starttime="17.95" endtime="18.26" c="W">ago</w>
   <w nite:id="Bed017.w.44" starttime="18.26" endtime="18.26" c=".">.</w>
   <vocalsound nite:id="Bed017.vocalsound.5" starttime="" endtime="" description="laugh"/>
   <w nite:id="Bed017.w.86" starttime="24.46" endtime="24.55" c="W">Let</w>
   <w nite:id="Bed017.w.87" starttime="24.55" endtime="24.85" c="W">me</w>
   <w nite:id="Bed017.w.88" starttime="24.93" endtime="25.24" c="W">explain</w>
   <w nite:id="Bed017.w.89" starttime="25.24" endtime="25.58" c="W">something</w>
   <w nite:id="Bed017.w.90" starttime="25.58" endtime="25.66" c="W">to</w>
   <w nite:id="Bed017.w.91" starttime="25.66" endtime="25.72" c="W">you</w>
   <w nite:id="Bed017.w.92" starttime="25.72" endtime="25.72" c=".">.</w>
   <w nite:id="Bed017.w.95" starttime="26.1" endtime="26.23" c="W">My</w>
   <w nite:id="Bed017.w.96" starttime="26.23" endtime="26.4" c="W">laugh</w>
   <w nite:id="Bed017.w.97" starttime="26.4" endtime="26.54" c="W">is</w>
   <w nite:id="Bed017.w.98" starttime="26.54" endtime="26.72" c="W">better</w>
   <w nite:id="Bed017.w.99" starttime="26.72" endtime="26.84" c="W">than</w>
   <w nite:id="Bed017.w.100" starttime="26.84" endtime="27.05" c="W">yours</w>
   <w nite:id="Bed017.w.101" starttime="27.05" endtime="27.05" c=".">.</w>
   <vocalsound nite:id="Bed017.vocalsound.7" starttime="" endtime="" description="laugh"/>
   <w nite:id="Bed017.w.130" starttime="31.27" endtime="31.8" c="W">Yeah</w>
   <w nite:id="Bed017.w.131" starttime="31.8" endtime="31.8" c=".">.</w>
   <w nite:id="Bed017.w.148" starttime="35.3" endtime="35.53" c="W">No</w>
   <w nite:id="Bed017.w.149" starttime="35.53" endtime="35.53" c=".">.</w>
   <w nite:id="Bed017.w.150" starttime="" endtime="" c="SYM">@</w>
   <w nite:id="Bed017.w.151" starttime="" endtime="" c="SYM">@</w>
   <w nite:id="Bed017.w.152" starttime="37.4" endtime="37.53" c="W">You</w>
   <w nite:id="Bed017.w.153" starttime="37.53" endtime="37.68" c="W">should</w>
   <w nite:id="Bed017.w.154" starttime="37.68" endtime="37.74" c="W">be</w>
   <disfmarker nite:id="Bed017.disfmarker.4" starttime="" endtime=""/>
   <w nite:id="Bed017.w.155" starttime="37.74" endtime="37.8" c="W">at</w>
   <w nite:id="Bed017.w.156" starttime="37.8" endtime="38.02" c="W">least</w>
   <w nite:id="Bed017.w.157" starttime="38.02" endtime="38.1" c="W">be</w>
   <w nite:id="Bed017.w.158" starttime="38.1" endtime="" c="W">self</w>
   <w nite:id="Bed017.w.159" starttime="" endtime="" c="HYPH">-</w>
   <w nite:id="Bed017.w.160" starttime="" endtime="38.82" c="W">satisfied</w>
   <w nite:id="Bed017.w.161" starttime="38.82" endtime="39.0" c="W">enough</w>
   <w nite:id="Bed017.w.162" starttime="39.0" endtime="39.09" c="W">to</w>
   <w nite:id="Bed017.w.163" starttime="39.09" endtime="39.31" c="W">laugh</w>
   <w nite:id="Bed017.w.164" starttime="39.31" endtime="39.41" c="W">at</w>
   <w nite:id="Bed017.w.165" starttime="39.41" endtime="39.59" c="W">your</w>
   <w nite:id="Bed017.w.166" starttime="39.59" endtime="39.7" c="W">own</w>
   <w nite:id="Bed017.w.167" starttime="39.7" endtime="40.15" c="W">jokes</w>
   <w nite:id="Bed017.w.168" starttime="40.15" endtime="40.15" c=".">.</w>
   <w nite:id="Bed017.w.189" starttime="44.788" endtime="45.158" c="W">Oh</w>
   <w nite:id="Bed017.w.190" starttime="45.158" endtime="45.158" c=".">!</w>
   <w nite:id="Bed017.w.191" starttime="45.518" endtime="45.828" c="W">Holy</w>
   <w nite:id="Bed017.w.192" starttime="45.828" endtime="46.518" c="W">mackerel</w>
   <w nite:id="Bed017.w.193" starttime="46.518" endtime="46.518" c=".">.</w>
   <w nite:id="Bed017.w.215" starttime="52.98" endtime="" c="W">Eva</w>
   <w nite:id="Bed017.w.216" starttime="" endtime="53.26" c="APOSS">'s</w>
   <w nite:id="Bed017.w.217" starttime="53.26" endtime="53.41" c="W">got</w>
   <w nite:id="Bed017.w.218" starttime="53.41" endtime="53.45" c="W">a</w>
   <w nite:id="Bed017.w.219" starttime="53.45" endtime="53.91" c="W">laptop</w>
   <w nite:id="Bed017.w.220" starttime="53.91" endtime="53.91" c="CM">,</w>
   <w nite:id="Bed017.w.221" starttime="53.91" endtime="" c="W">she</w>
   <w nite:id="Bed017.w.222" starttime="" endtime="54.03" c="APOSS">'s</w>
   <w nite:id="Bed017.w.223" starttime="54.03" endtime="54.2" c="W">trying</w>
   <w nite:id="Bed017.w.224" starttime="54.2" endtime="54.26" c="W">to</w>
   <w nite:id="Bed017.w.225" starttime="54.26" endtime="54.43" c="W">show</w>
   <w nite:id="Bed017.w.226" starttime="54.43" endtime="54.5" c="W">it</w>
   <w nite:id="Bed017.w.227" starttime="54.5" endtime="54.69" c="W">off</w>
   <w nite:id="Bed017.w.228" starttime="54.69" endtime="54.69" c=".">.</w>
   <vocalsound nite:id="Bed017.vocalsound.13" starttime="" endtime="" description="laugh"/>
   <w nite:id="Bed017.w.250" starttime="66.698" endtime="66.848" c="W">Once</w>
   <w nite:id="Bed017.w.251" starttime="66.848" endtime="67.108" c="W">again</w>
   <w nite:id="Bed017.w.252" starttime="67.108" endtime="67.108" c=".">.</w>
   <nonvocalsound nite:id="Bed017.nonvocalsound.4" starttime="" endtime="" description="mike noise"/>
   <nonvocalsound nite:id="Bed017.nonvocalsound.5" starttime="" endtime="" description="mike noise"/>
   <nonvocalsound nite:id="Bed017.nonvocalsound.6" starttime="" endtime="" description="mike noise"/>
   <vocalsound nite:id="Bed017.vocalsound.52" starttime="" endtime="" description="laugh"/>
   <vocalsound nite:id="Bed017.vocalsound.56" starttime="" endtime="" description="laugh"/>
   <vocalsound nite:id="Bed017.vocalsound.65" starttime="" endtime="" description="laugh"/>
   <vocalsound nite:id="Bed017.vocalsound.76" starttime="" endtime="" description="outbreath"/>
   <w nite:id="Bed017.w.2,978" starttime="968.037" endtime="968.607" c="W">Designated</w>
   <w nite:id="Bed017.w.2,979" starttime="968.607" endtime="968.607" c=".">?</w>
   <vocalsound nite:id="Bed017.vocalsound.80" starttime="" endtime="" description="laugh"/>
   <vocalsound nite:id="Bed017.vocalsound.83" starttime="" endtime="" description="laugh"/>
   <vocalsound nite:id="Bed017.vocalsound.99" starttime="" endtime="" description="laugh"/>
   <vocalsound nite:id="Bed017.vocalsound.100" starttime="" endtime="" description="laugh"/>
   <w nite:id="Bed017.w.3,233" starttime="1038.27" endtime="" c="W">That</w>
   <w nite:id="Bed017.w.3,234" starttime="" endtime="1038.42" c="W">'d</w>
   <w nite:id="Bed017.w.3,235" starttime="1038.42" endtime="1038.49" c="W">be</w>
   <w nite:id="Bed017.w.3,236" starttime="1038.49" endtime="1038.92" c="W">nice</w>
   <w nite:id="Bed017.w.3,237" starttime="1038.92" endtime="1038.92" c=".">.</w>
   <vocalsound nite:id="Bed017.vocalsound.126" starttime="" endtime="" description="laugh"/>
   <nonvocalsound nite:id="Bed017.nonvocalsound.17" starttime="" endtime="" description="mike noise"/>
   <vocalsound nite:id="Bed017.vocalsound.137" starttime="" endtime="" description="outbreath"/>
   <vocalsound nite:id="Bed017.vocalsound.143" starttime="" endtime="" description="laugh"/>
   <w nite:id="Bed017.w.6,973" starttime="1988.49" endtime="1988.68" c="W">Wait</w>
   <w nite:id="Bed017.w.6,974" starttime="1988.68" endtime="1988.71" c="W">a</w>
   <w nite:id="Bed017.w.6,975" starttime="1988.71" endtime="1989.05" c="W">second</w>
   <w nite:id="Bed017.w.6,976" starttime="1989.05" endtime="1989.05" c=".">.</w>
   <w nite:id="Bed017.w.6,977" starttime="1989.05" endtime="" c="W">That</w>
   <w nite:id="Bed017.w.6,978" starttime="" endtime="1989.2" c="APOSS">'s</w>
   <w nite:id="Bed017.w.6,979" starttime="1989.2" endtime="1989.25" c="W">a</w>
   <w nite:id="Bed017.w.6,980" starttime="1989.25" endtime="1989.5" c="W">long</w>
   <w nite:id="Bed017.w.6,981" starttime="1989.5" endtime="1989.65" c="W">way</w>
   <w nite:id="Bed017.w.6,982" starttime="1989.65" endtime="1990.14" c="W">away</w>
   <w nite:id="Bed017.w.6,983" starttime="1990.14" endtime="1990.14" c=".">.</w>
   <vocalsound nite:id="Bed017.vocalsound.160" starttime="" endtime="" description="laugh"/>
   <vocalsound nite:id="Bed017.vocalsound.168" starttime="" endtime="" description="laugh"/>
   <vocalsound nite:id="Bed017.vocalsound.170" starttime="" endtime="" description="laugh"/>
   <vocalsound nite:id="Bed017.vocalsound.173" starttime="" endtime="" description="laugh"/>
   <vocalsound nite:id="Bed017.vocalsound.178" starttime="" endtime="" description="laugh"/>
   <vocalsound nite:id="Bed017.vocalsound.181" starttime="" endtime="" description="laugh"/>
   <w nite:id="Bed017.w.7,847" starttime="2253.76" endtime="2254.38" c="W">Hmm</w>
   <w nite:id="Bed017.w.7,848" starttime="2254.38" endtime="2254.38" c=".">.</w>
</nite:root>