<?xml version="1.0" encoding="ISO-8859-1" standalone="yes"?>
<nite:root nite:id="EN2001e.D.segs" xmlns:nite="http://nite.sourceforge.net/">
   <segment nite:id="EN2001e.sync.870" channel="3" transcriber_start="0.0" transcriber_end="1.184">
      <nite:child href="EN2001e.D.words.xml#id(EN2001e.D.words0)..id(EN2001e.D.words3)"/>
   </segment>
   <segment nite:id="EN2001e.sync.872" channel="3" transcriber_start="82.112" transcriber_end="83.488">
      <nite:child href="EN2001e.D.words.xml#id(EN2001e.D.words4)"/>
   </segment>
   <segment nite:id="EN2001e.sync.874" channel="3" transcriber_start="148.454" transcriber_end="150.105">
      <nite:child href="EN2001e.D.words.xml#id(EN2001e.D.words5)"/>
   </segment>
   <segment nite:id="EN2001e.sync.876" channel="3" transcriber_start="161.574" transcriber_end="163.264">
      <nite:child href="EN2001e.D.words.xml#id(EN2001e.D.words6)..id(EN2001e.D.words15)"/>
   </segment>
   <segment nite:id="EN2001e.sync.878" channel="3" transcriber_start="169.52" transcriber_end="169.948">
      <nite:child href="EN2001e.D.words.xml#id(EN2001e.D.words16)..id(EN2001e.D.words17)"/>
   </segment>
   <segment nite:id="EN2001e.sync.880" channel="3" transcriber_start="174.861" transcriber_end="186.565">
      <nite:child href="EN2001e.D.words.xml#id(EN2001e.D.words18)..id(EN2001e.D.words55)"/>
   </segment>
   <segment nite:id="EN2001e.sync.882" channel="3" transcriber_start="189.359" transcriber_end="190.723">
      <nite:child href="EN2001e.D.words.xml#id(EN2001e.D.words56)..id(EN2001e.D.words62)"/>
   </segment>
   <segment nite:id="EN2001e.sync.884" channel="3" transcriber_start="207.834" transcriber_end="209.78">
      <nite:child href="EN2001e.D.words.xml#id(EN2001e.D.words63)"/>
   </segment>
   <segment nite:id="EN2001e.sync.886" channel="3" transcriber_start="230.704" transcriber_end="237.232">
      <nite:child href="EN2001e.D.words.xml#id(EN2001e.D.words64)..id(EN2001e.D.words93)"/>
   </segment>
   <segment nite:id="EN2001e.sync.888" channel="3" transcriber_start="269.92" transcriber_end="271.92">
      <nite:child href="EN2001e.D.words.xml#id(EN2001e.D.words94)..id(EN2001e.D.words102)"/>
   </segment>
   <segment nite:id="EN2001e.sync.890" channel="3" transcriber_start="273.901" transcriber_end="274.45">
      <nite:child href="EN2001e.D.words.xml#id(EN2001e.D.words103)"/>
   </segment>
   <segment nite:id="EN2001e.sync.892" channel="3" transcriber_start="288.0" transcriber_end="290.441">
      <nite:child href="EN2001e.D.words.xml#id(EN2001e.D.words104)..id(EN2001e.D.words113)"/>
   </segment>
   <segment nite:id="EN2001e.sync.894" channel="3" transcriber_start="330.512" transcriber_end="335.63">
      <nite:child href="EN2001e.D.words.xml#id(EN2001e.D.words114)..id(EN2001e.D.words125)"/>
   </segment>
   <segment nite:id="EN2001e.sync.896" channel="3" transcriber_start="337.389" transcriber_end="339.037">
      <nite:child href="EN2001e.D.words.xml#id(EN2001e.D.words126)"/>
   </segment>
   <segment nite:id="EN2001e.sync.898" channel="3" transcriber_start="358.941" transcriber_end="360.247">
      <nite:child href="EN2001e.D.words.xml#id(EN2001e.D.words127)..id(EN2001e.D.words132)"/>
   </segment>
   <segment nite:id="EN2001e.sync.900" channel="3" transcriber_start="368.546" transcriber_end="378.304">
      <nite:child href="EN2001e.D.words.xml#id(EN2001e.D.words133)..id(EN2001e.D.words158)"/>
   </segment>
   <segment nite:id="EN2001e.sync.902" channel="3" transcriber_start="379.768" transcriber_end="380.749">
      <nite:child href="EN2001e.D.words.xml#id(EN2001e.D.words159)..id(EN2001e.D.words163)"/>
   </segment>
   <segment nite:id="EN2001e.sync.904" channel="3" transcriber_start="390.849" transcriber_end="392.769">
      <nite:child href="EN2001e.D.words.xml#id(EN2001e.D.words164)..id(EN2001e.D.words171)"/>
   </segment>
   <segment nite:id="EN2001e.sync.906" channel="3" transcriber_start="399.664" transcriber_end="403.503">
      <nite:child href="EN2001e.D.words.xml#id(EN2001e.D.words172)..id(EN2001e.D.words184)"/>
   </segment>
   <segment nite:id="EN2001e.sync.908" channel="3" transcriber_start="407.1" transcriber_end="414.603">
      <nite:child href="EN2001e.D.words.xml#id(EN2001e.D.words185)..id(EN2001e.D.words202)"/>
   </segment>
   <segment nite:id="EN2001e.sync.910" channel="3" transcriber_start="426.385" transcriber_end="428.464">
      <nite:child href="EN2001e.D.words.xml#id(EN2001e.D.words203)..id(EN2001e.D.words213)"/>
   </segment>
   <segment nite:id="EN2001e.sync.912" channel="3" transcriber_start="431.881" transcriber_end="436.01">
      <nite:child href="EN2001e.D.words.xml#id(EN2001e.D.words214)..id(EN2001e.D.words232)"/>
   </segment>
   <segment nite:id="EN2001e.sync.914" channel="3" transcriber_start="438.999" transcriber_end="439.581">
      <nite:child href="EN2001e.D.words.xml#id(EN2001e.D.words233)..id(EN2001e.D.words234)"/>
   </segment>
   <segment nite:id="EN2001e.sync.916" channel="3" transcriber_start="440.55" transcriber_end="440.974">
      <nite:child href="EN2001e.D.words.xml#id(EN2001e.D.words235)..id(EN2001e.D.words236)"/>
   </segment>
   <segment nite:id="EN2001e.sync.918" channel="3" transcriber_start="458.006" transcriber_end="464.093">
      <nite:child href="EN2001e.D.words.xml#id(EN2001e.D.words237)..id(EN2001e.D.words263)"/>
   </segment>
   <segment nite:id="EN2001e.sync.920" channel="3" transcriber_start="472.747" transcriber_end="477.683">
      <nite:child href="EN2001e.D.words.xml#id(EN2001e.D.words264)..id(EN2001e.D.words278)"/>
   </segment>
   <segment nite:id="EN2001e.sync.922" channel="3" transcriber_start="482.816" transcriber_end="488.099">
      <nite:child href="EN2001e.D.words.xml#id(EN2001e.D.words279)..id(EN2001e.D.words295)"/>
   </segment>
   <segment nite:id="EN2001e.sync.924" channel="3" transcriber_start="489.954" transcriber_end="491.184">
      <nite:child href="EN2001e.D.words.xml#id(EN2001e.D.words296)"/>
   </segment>
   <segment nite:id="EN2001e.sync.926" channel="3" transcriber_start="495.287" transcriber_end="496.135">
      <nite:child href="EN2001e.D.words.xml#id(EN2001e.D.words297)..id(EN2001e.D.words300)"/>
   </segment>
   <segment nite:id="EN2001e.sync.928" channel="3" transcriber_start="497.682" transcriber_end="507.161">
      <nite:child href="EN2001e.D.words.xml#id(EN2001e.D.words301)..id(EN2001e.D.words333)"/>
   </segment>
   <segment nite:id="EN2001e.sync.930" channel="3" transcriber_start="519.301" transcriber_end="520.906">
      <nite:child href="EN2001e.D.words.xml#id(EN2001e.D.words334)..id(EN2001e.D.words340)"/>
   </segment>
   <segment nite:id="EN2001e.sync.932" channel="3" transcriber_start="524.633" transcriber_end="526.148">
      <nite:child href="EN2001e.D.words.xml#id(EN2001e.D.words341)..id(EN2001e.D.words345)"/>
   </segment>
   <segment nite:id="EN2001e.sync.934" channel="3" transcriber_start="534.506" transcriber_end="537.733">
      <nite:child href="EN2001e.D.words.xml#id(EN2001e.D.words346)..id(EN2001e.D.words357)"/>
   </segment>
   <segment nite:id="EN2001e.sync.936" channel="3" transcriber_start="540.096" transcriber_end="542.192">
      <nite:child href="EN2001e.D.words.xml#id(EN2001e.D.words358)..id(EN2001e.D.words366)"/>
   </segment>
   <segment nite:id="EN2001e.sync.938" channel="3" transcriber_start="566.512" transcriber_end="568.726">
      <nite:child href="EN2001e.D.words.xml#id(EN2001e.D.words367)..id(EN2001e.D.words377)"/>
   </segment>
   <segment nite:id="EN2001e.sync.940" channel="3" transcriber_start="613.292" transcriber_end="615.171">
      <nite:child href="EN2001e.D.words.xml#id(EN2001e.D.words378)..id(EN2001e.D.words387)"/>
   </segment>
   <segment nite:id="EN2001e.sync.942" channel="3" transcriber_start="620.904" transcriber_end="623.889">
      <nite:child href="EN2001e.D.words.xml#id(EN2001e.D.words388)..id(EN2001e.D.words401)"/>
   </segment>
   <segment nite:id="EN2001e.sync.944" channel="3" transcriber_start="625.449" transcriber_end="627.753">
      <nite:child href="EN2001e.D.words.xml#id(EN2001e.D.words402)..id(EN2001e.D.words404)"/>
   </segment>
   <segment nite:id="EN2001e.sync.946" channel="3" transcriber_start="634.45" transcriber_end="637.078">
      <nite:child href="EN2001e.D.words.xml#id(EN2001e.D.words405)..id(EN2001e.D.words417)"/>
   </segment>
   <segment nite:id="EN2001e.sync.948" channel="3" transcriber_start="645.126" transcriber_end="656.043">
      <nite:child href="EN2001e.D.words.xml#id(EN2001e.D.words418)..id(EN2001e.D.words448)"/>
   </segment>
   <segment nite:id="EN2001e.sync.950" channel="3" transcriber_start="657.387" transcriber_end="658.542">
      <nite:child href="EN2001e.D.words.xml#id(EN2001e.D.words449)"/>
   </segment>
   <segment nite:id="EN2001e.sync.952" channel="3" transcriber_start="684.731" transcriber_end="686.735">
      <nite:child href="EN2001e.D.words.xml#id(EN2001e.D.words450)"/>
   </segment>
   <segment nite:id="EN2001e.sync.954" channel="3" transcriber_start="704.717" transcriber_end="713.275">
      <nite:child href="EN2001e.D.words.xml#id(EN2001e.D.words451)..id(EN2001e.D.words475)"/>
   </segment>
   <segment nite:id="EN2001e.sync.956" channel="3" transcriber_start="718.684" transcriber_end="719.241">
      <nite:child href="EN2001e.D.words.xml#id(EN2001e.D.words476)..id(EN2001e.D.words477)"/>
   </segment>
   <segment nite:id="EN2001e.sync.958" channel="3" transcriber_start="725.056" transcriber_end="726.874">
      <nite:child href="EN2001e.D.words.xml#id(EN2001e.D.words478)..id(EN2001e.D.words485)"/>
   </segment>
   <segment nite:id="EN2001e.sync.960" channel="3" transcriber_start="738.104" transcriber_end="739.57">
      <nite:child href="EN2001e.D.words.xml#id(EN2001e.D.words486)"/>
   </segment>
   <segment nite:id="EN2001e.sync.962" channel="3" transcriber_start="745.093" transcriber_end="746.091">
      <nite:child href="EN2001e.D.words.xml#id(EN2001e.D.words487)..id(EN2001e.D.words489)"/>
   </segment>
   <segment nite:id="EN2001e.sync.964" channel="3" transcriber_start="750.344" transcriber_end="752.314">
      <nite:child href="EN2001e.D.words.xml#id(EN2001e.D.words490)..id(EN2001e.D.words499)"/>
   </segment>
   <segment nite:id="EN2001e.sync.966" channel="3" transcriber_start="755.006" transcriber_end="755.796">
      <nite:child href="EN2001e.D.words.xml#id(EN2001e.D.words500)"/>
   </segment>
   <segment nite:id="EN2001e.sync.968" channel="3" transcriber_start="776.891" transcriber_end="777.281">
      <nite:child href="EN2001e.D.words.xml#id(EN2001e.D.words501)..id(EN2001e.D.words502)"/>
   </segment>
   <segment nite:id="EN2001e.sync.970" channel="3" transcriber_start="779.291" transcriber_end="780.621">
      <nite:child href="EN2001e.D.words.xml#id(EN2001e.D.words503)..id(EN2001e.D.words508)"/>
   </segment>
   <segment nite:id="EN2001e.sync.972" channel="3" transcriber_start="791.273" transcriber_end="796.061">
      <nite:child href="EN2001e.D.words.xml#id(EN2001e.D.words509)..id(EN2001e.D.words520)"/>
   </segment>
   <segment nite:id="EN2001e.sync.974" channel="3" transcriber_start="801.939" transcriber_end="807.69">
      <nite:child href="EN2001e.D.words.xml#id(EN2001e.D.words521)..id(EN2001e.D.words544)"/>
   </segment>
   <segment nite:id="EN2001e.sync.976" channel="3" transcriber_start="813.839" transcriber_end="816.843">
      <nite:child href="EN2001e.D.words.xml#id(EN2001e.D.words545)..id(EN2001e.D.words559)"/>
   </segment>
   <segment nite:id="EN2001e.sync.978" channel="3" transcriber_start="825.725" transcriber_end="826.473">
      <nite:child href="EN2001e.D.words.xml#id(EN2001e.D.words560)"/>
   </segment>
   <segment nite:id="EN2001e.sync.980" channel="3" transcriber_start="841.192" transcriber_end="850.794">
      <nite:child href="EN2001e.D.words.xml#id(EN2001e.D.words561)..id(EN2001e.D.words599)"/>
   </segment>
   <segment nite:id="EN2001e.sync.982" channel="3" transcriber_start="860.281" transcriber_end="862.143">
      <nite:child href="EN2001e.D.words.xml#id(EN2001e.D.words600)"/>
   </segment>
   <segment nite:id="EN2001e.sync.984" channel="3" transcriber_start="864.369" transcriber_end="869.538">
      <nite:child href="EN2001e.D.words.xml#id(EN2001e.D.words601)..id(EN2001e.D.words619)"/>
   </segment>
   <segment nite:id="EN2001e.sync.986" channel="3" transcriber_start="871.284" transcriber_end="878.202">
      <nite:child href="EN2001e.D.words.xml#id(EN2001e.D.words620)..id(EN2001e.D.words646)"/>
   </segment>
   <segment nite:id="EN2001e.sync.988" channel="3" transcriber_start="886.946" transcriber_end="889.333">
      <nite:child href="EN2001e.D.words.xml#id(EN2001e.D.words647)..id(EN2001e.D.words655)"/>
   </segment>
   <segment nite:id="EN2001e.sync.990" channel="3" transcriber_start="893.872" transcriber_end="899.658">
      <nite:child href="EN2001e.D.words.xml#id(EN2001e.D.words656)..id(EN2001e.D.words673)"/>
   </segment>
   <segment nite:id="EN2001e.sync.992" channel="3" transcriber_start="907.868" transcriber_end="908.26">
      <nite:child href="EN2001e.D.words.xml#id(EN2001e.D.words674)..id(EN2001e.D.words675)"/>
   </segment>
   <segment nite:id="EN2001e.sync.994" channel="3" transcriber_start="940.411" transcriber_end="942.141">
      <nite:child href="EN2001e.D.words.xml#id(EN2001e.D.words676)"/>
   </segment>
   <segment nite:id="EN2001e.sync.996" channel="3" transcriber_start="952.224" transcriber_end="952.622">
      <nite:child href="EN2001e.D.words.xml#id(EN2001e.D.words677)"/>
   </segment>
   <segment nite:id="EN2001e.sync.998" channel="3" transcriber_start="962.106" transcriber_end="965.989">
      <nite:child href="EN2001e.D.words.xml#id(EN2001e.D.words678)..id(EN2001e.D.words692)"/>
   </segment>
   <segment nite:id="EN2001e.sync.1,000" channel="3" transcriber_start="968.95" transcriber_end="974.215">
      <nite:child href="EN2001e.D.words.xml#id(EN2001e.D.words693)..id(EN2001e.D.words709)"/>
   </segment>
   <segment nite:id="EN2001e.sync.1,002" channel="3" transcriber_start="975.789" transcriber_end="979.899">
      <nite:child href="EN2001e.D.words.xml#id(EN2001e.D.words710)..id(EN2001e.D.words725)"/>
   </segment>
   <segment nite:id="EN2001e.sync.1,004" channel="3" transcriber_start="986.806" transcriber_end="995.728">
      <nite:child href="EN2001e.D.words.xml#id(EN2001e.D.words726)..id(EN2001e.D.words756)"/>
   </segment>
   <segment nite:id="EN2001e.sync.1,006" channel="3" transcriber_start="997.167" transcriber_end="999.179">
      <nite:child href="EN2001e.D.words.xml#id(EN2001e.D.words757)..id(EN2001e.D.words763)"/>
   </segment>
   <segment nite:id="EN2001e.sync.1,008" channel="3" transcriber_start="1023.506" transcriber_end="1027.371">
      <nite:child href="EN2001e.D.words.xml#id(EN2001e.D.words764)..id(EN2001e.D.words779)"/>
   </segment>
   <segment nite:id="EN2001e.sync.1,010" channel="3" transcriber_start="1029.914" transcriber_end="1035.252">
      <nite:child href="EN2001e.D.words.xml#id(EN2001e.D.words780)..id(EN2001e.D.words802)"/>
   </segment>
   <segment nite:id="EN2001e.sync.1,012" channel="3" transcriber_start="1038.636" transcriber_end="1039.152">
      <nite:child href="EN2001e.D.words.xml#id(EN2001e.D.words803)..id(EN2001e.D.words804)"/>
   </segment>
   <segment nite:id="EN2001e.sync.1,014" channel="3" transcriber_start="1049.344" transcriber_end="1053.088">
      <nite:child href="EN2001e.D.words.xml#id(EN2001e.D.words805)..id(EN2001e.D.words812)"/>
   </segment>
   <segment nite:id="EN2001e.sync.1,016" channel="3" transcriber_start="1054.65" transcriber_end="1055.792">
      <nite:child href="EN2001e.D.words.xml#id(EN2001e.D.words813)..id(EN2001e.D.words818)"/>
   </segment>
   <segment nite:id="EN2001e.sync.1,018" channel="3" transcriber_start="1057.52" transcriber_end="1064.808">
      <nite:child href="EN2001e.D.words.xml#id(EN2001e.D.words819)..id(EN2001e.D.words836)"/>
   </segment>
   <segment nite:id="EN2001e.sync.1,020" channel="3" transcriber_start="1068.976" transcriber_end="1069.499">
      <nite:child href="EN2001e.D.words.xml#id(EN2001e.D.words837)..id(EN2001e.D.words838)"/>
   </segment>
   <segment nite:id="EN2001e.sync.1,022" channel="3" transcriber_start="1078.408" transcriber_end="1080.096">
      <nite:child href="EN2001e.D.words.xml#id(EN2001e.D.words839)..id(EN2001e.D.words844)"/>
   </segment>
   <segment nite:id="EN2001e.sync.1,024" channel="3" transcriber_start="1084.87" transcriber_end="1091.672">
      <nite:child href="EN2001e.D.words.xml#id(EN2001e.D.words845)..id(EN2001e.D.words872)"/>
   </segment>
   <segment nite:id="EN2001e.sync.1,026" channel="3" transcriber_start="1094.64" transcriber_end="1102.679">
      <nite:child href="EN2001e.D.words.xml#id(EN2001e.D.words873)..id(EN2001e.D.words903)"/>
   </segment>
   <segment nite:id="EN2001e.sync.1,028" channel="3" transcriber_start="1118.406" transcriber_end="1123.493">
      <nite:child href="EN2001e.D.words.xml#id(EN2001e.D.words904)..id(EN2001e.D.words922)"/>
   </segment>
   <segment nite:id="EN2001e.sync.1,030" channel="3" transcriber_start="1126.912" transcriber_end="1127.467">
      <nite:child href="EN2001e.D.words.xml#id(EN2001e.D.words923)..id(EN2001e.D.words924)"/>
   </segment>
   <segment nite:id="EN2001e.sync.1,032" channel="3" transcriber_start="1134.496" transcriber_end="1139.904">
      <nite:child href="EN2001e.D.words.xml#id(EN2001e.D.words925)..id(EN2001e.D.words938)"/>
   </segment>
   <segment nite:id="EN2001e.sync.1,034" channel="3" transcriber_start="1142.912" transcriber_end="1146.939">
      <nite:child href="EN2001e.D.words.xml#id(EN2001e.D.words939)..id(EN2001e.D.words951)"/>
   </segment>
   <segment nite:id="EN2001e.sync.1,036" channel="3" transcriber_start="1148.575" transcriber_end="1152.508">
      <nite:child href="EN2001e.D.words.xml#id(EN2001e.D.words952)..id(EN2001e.D.words960)"/>
   </segment>
   <segment nite:id="EN2001e.sync.1,038" channel="3" transcriber_start="1154.484" transcriber_end="1156.673">
      <nite:child href="EN2001e.D.words.xml#id(EN2001e.D.words961)..id(EN2001e.D.words966)"/>
   </segment>
   <segment nite:id="EN2001e.sync.1,040" channel="3" transcriber_start="1176.698" transcriber_end="1181.86">
      <nite:child href="EN2001e.D.words.xml#id(EN2001e.D.words967)..id(EN2001e.D.words985)"/>
   </segment>
   <segment nite:id="EN2001e.sync.1,042" channel="3" transcriber_start="1192.901" transcriber_end="1204.77">
      <nite:child href="EN2001e.D.words.xml#id(EN2001e.D.words986)..id(EN2001e.D.words1025)"/>
   </segment>
   <segment nite:id="EN2001e.sync.1,044" channel="3" transcriber_start="1220.098" transcriber_end="1220.705">
      <nite:child href="EN2001e.D.words.xml#id(EN2001e.D.words1026)..id(EN2001e.D.words1027)"/>
   </segment>
   <segment nite:id="EN2001e.sync.1,046" channel="3" transcriber_start="1222.709" transcriber_end="1226.201">
      <nite:child href="EN2001e.D.words.xml#id(EN2001e.D.words1028)..id(EN2001e.D.words1044)"/>
   </segment>
   <segment nite:id="EN2001e.sync.1,048" channel="3" transcriber_start="1234.682" transcriber_end="1242.307">
      <nite:child href="EN2001e.D.words.xml#id(EN2001e.D.words1045)..id(EN2001e.D.words1073)"/>
   </segment>
   <segment nite:id="EN2001e.sync.1,050" channel="3" transcriber_start="1250.67" transcriber_end="1259.656">
      <nite:child href="EN2001e.D.words.xml#id(EN2001e.D.words1074)..id(EN2001e.D.words1103)"/>
   </segment>
   <segment nite:id="EN2001e.sync.1,052" channel="3" transcriber_start="1270.492" transcriber_end="1271.057">
      <nite:child href="EN2001e.D.words.xml#id(EN2001e.D.words1104)..id(EN2001e.D.words1105)"/>
   </segment>
   <segment nite:id="EN2001e.sync.1,054" channel="3" transcriber_start="1275.281" transcriber_end="1280.661">
      <nite:child href="EN2001e.D.words.xml#id(EN2001e.D.words1106)..id(EN2001e.D.words1129)"/>
   </segment>
   <segment nite:id="EN2001e.sync.1,056" channel="3" transcriber_start="1282.321" transcriber_end="1289.44">
      <nite:child href="EN2001e.D.words.xml#id(EN2001e.D.words1130)..id(EN2001e.D.words1146)"/>
   </segment>
   <segment nite:id="EN2001e.sync.1,058" channel="3" transcriber_start="1297.384" transcriber_end="1298.157">
      <nite:child href="EN2001e.D.words.xml#id(EN2001e.D.words1147)..id(EN2001e.D.words1149)"/>
   </segment>
   <segment nite:id="EN2001e.sync.1,060" channel="3" transcriber_start="1301.568" transcriber_end="1302.115">
      <nite:child href="EN2001e.D.words.xml#id(EN2001e.D.words1150)..id(EN2001e.D.words1151)"/>
   </segment>
   <segment nite:id="EN2001e.sync.1,062" channel="3" transcriber_start="1316.496" transcriber_end="1321.427">
      <nite:child href="EN2001e.D.words.xml#id(EN2001e.D.words1152)..id(EN2001e.D.words1171)"/>
   </segment>
   <segment nite:id="EN2001e.sync.1,064" channel="3" transcriber_start="1324.139" transcriber_end="1326.393">
      <nite:child href="EN2001e.D.words.xml#id(EN2001e.D.words1172)..id(EN2001e.D.words1179)"/>
   </segment>
   <segment nite:id="EN2001e.sync.1,066" channel="3" transcriber_start="1327.805" transcriber_end="1340.759">
      <nite:child href="EN2001e.D.words.xml#id(EN2001e.D.words1180)..id(EN2001e.D.words1227)"/>
   </segment>
   <segment nite:id="EN2001e.sync.1,068" channel="3" transcriber_start="1345.335" transcriber_end="1346.241">
      <nite:child href="EN2001e.D.words.xml#id(EN2001e.D.words1228)..id(EN2001e.D.words1231)"/>
   </segment>
   <segment nite:id="EN2001e.sync.1,070" channel="3" transcriber_start="1348.906" transcriber_end="1351.914">
      <nite:child href="EN2001e.D.words.xml#id(EN2001e.D.words1232)..id(EN2001e.D.words1245)"/>
   </segment>
   <segment nite:id="EN2001e.sync.1,072" channel="3" transcriber_start="1354.336" transcriber_end="1367.377">
      <nite:child href="EN2001e.D.words.xml#id(EN2001e.D.words1246)..id(EN2001e.D.words1285)"/>
   </segment>
   <segment nite:id="EN2001e.sync.1,074" channel="3" transcriber_start="1375.744" transcriber_end="1376.185">
      <nite:child href="EN2001e.D.words.xml#id(EN2001e.D.words1286)..id(EN2001e.D.words1287)"/>
   </segment>
   <segment nite:id="EN2001e.sync.1,076" channel="3" transcriber_start="1385.232" transcriber_end="1385.76">
      <nite:child href="EN2001e.D.words.xml#id(EN2001e.D.words1288)..id(EN2001e.D.words1289)"/>
   </segment>
   <segment nite:id="EN2001e.sync.1,078" channel="3" transcriber_start="1395.712" transcriber_end="1396.144">
      <nite:child href="EN2001e.D.words.xml#id(EN2001e.D.words1290)..id(EN2001e.D.words1291)"/>
   </segment>
   <segment nite:id="EN2001e.sync.1,080" channel="3" transcriber_start="1404.754" transcriber_end="1407.648">
      <nite:child href="EN2001e.D.words.xml#id(EN2001e.D.words1292)..id(EN2001e.D.words1304)"/>
   </segment>
   <segment nite:id="EN2001e.sync.1,082" channel="3" transcriber_start="1413.68" transcriber_end="1420.533">
      <nite:child href="EN2001e.D.words.xml#id(EN2001e.D.words1305)..id(EN2001e.D.words1326)"/>
   </segment>
   <segment nite:id="EN2001e.sync.1,084" channel="3" transcriber_start="1428.201" transcriber_end="1437.897">
      <nite:child href="EN2001e.D.words.xml#id(EN2001e.D.words1327)..id(EN2001e.D.words1356)"/>
   </segment>
   <segment nite:id="EN2001e.sync.1,086" channel="3" transcriber_start="1461.915" transcriber_end="1475.475">
      <nite:child href="EN2001e.D.words.xml#id(EN2001e.D.words1357)..id(EN2001e.D.words1393)"/>
   </segment>
   <segment nite:id="EN2001e.sync.1,088" channel="3" transcriber_start="1491.936" transcriber_end="1494.133">
      <nite:child href="EN2001e.D.words.xml#id(EN2001e.D.words1394)..id(EN2001e.D.words1405)"/>
   </segment>
   <segment nite:id="EN2001e.sync.1,090" channel="3" transcriber_start="1499.962" transcriber_end="1500.551">
      <nite:child href="EN2001e.D.words.xml#id(EN2001e.D.words1406)..id(EN2001e.D.words1407)"/>
   </segment>
   <segment nite:id="EN2001e.sync.1,092" channel="3" transcriber_start="1506.303" transcriber_end="1513.512">
      <nite:child href="EN2001e.D.words.xml#id(EN2001e.D.words1408)..id(EN2001e.D.words1429)"/>
   </segment>
   <segment nite:id="EN2001e.sync.1,094" channel="3" transcriber_start="1514.992" transcriber_end="1515.608">
      <nite:child href="EN2001e.D.words.xml#id(EN2001e.D.words1430)..id(EN2001e.D.words1431)"/>
   </segment>
   <segment nite:id="EN2001e.sync.1,096" channel="3" transcriber_start="1529.821" transcriber_end="1531.6">
      <nite:child href="EN2001e.D.words.xml#id(EN2001e.D.words1432)..id(EN2001e.D.words1440)"/>
   </segment>
   <segment nite:id="EN2001e.sync.1,098" channel="3" transcriber_start="1538.788" transcriber_end="1541.985">
      <nite:child href="EN2001e.D.words.xml#id(EN2001e.D.words1441)..id(EN2001e.D.words1449)"/>
   </segment>
   <segment nite:id="EN2001e.sync.1,100" channel="3" transcriber_start="1558.898" transcriber_end="1562.457">
      <nite:child href="EN2001e.D.words.xml#id(EN2001e.D.words1450)..id(EN2001e.D.words1464)"/>
   </segment>
   <segment nite:id="EN2001e.sync.1,102" channel="3" transcriber_start="1576.248" transcriber_end="1586.78">
      <nite:child href="EN2001e.D.words.xml#id(EN2001e.D.words1465)..id(EN2001e.D.words1486)"/>
   </segment>
   <segment nite:id="EN2001e.sync.1,104" channel="3" transcriber_start="1597.157" transcriber_end="1597.656">
      <nite:child href="EN2001e.D.words.xml#id(EN2001e.D.words1487)..id(EN2001e.D.words1488)"/>
   </segment>
   <segment nite:id="EN2001e.sync.1,106" channel="3" transcriber_start="1606.936" transcriber_end="1607.427">
      <nite:child href="EN2001e.D.words.xml#id(EN2001e.D.words1489)"/>
   </segment>
   <segment nite:id="EN2001e.sync.1,108" channel="3" transcriber_start="1610.727" transcriber_end="1619.79">
      <nite:child href="EN2001e.D.words.xml#id(EN2001e.D.words1490)..id(EN2001e.D.words1518)"/>
   </segment>
   <segment nite:id="EN2001e.sync.1,110" channel="3" transcriber_start="1635.302" transcriber_end="1637.156">
      <nite:child href="EN2001e.D.words.xml#id(EN2001e.D.words1519)"/>
   </segment>
   <segment nite:id="EN2001e.sync.1,112" channel="3" transcriber_start="1646.558" transcriber_end="1651.721">
      <nite:child href="EN2001e.D.words.xml#id(EN2001e.D.words1520)..id(EN2001e.D.words1537)"/>
   </segment>
   <segment nite:id="EN2001e.sync.1,114" channel="3" transcriber_start="1690.807" transcriber_end="1697.788">
      <nite:child href="EN2001e.D.words.xml#id(EN2001e.D.words1538)..id(EN2001e.D.words1565)"/>
   </segment>
   <segment nite:id="EN2001e.sync.1,116" channel="3" transcriber_start="1702.81" transcriber_end="1705.932">
      <nite:child href="EN2001e.D.words.xml#id(EN2001e.D.words1566)..id(EN2001e.D.words1581)"/>
   </segment>
   <segment nite:id="EN2001e.sync.1,118" channel="3" transcriber_start="1709.309" transcriber_end="1714.79">
      <nite:child href="EN2001e.D.words.xml#id(EN2001e.D.words1582)..id(EN2001e.D.words1608)"/>
   </segment>
   <segment nite:id="EN2001e.sync.1,120" channel="3" transcriber_start="1720.683" transcriber_end="1726.209">
      <nite:child href="EN2001e.D.words.xml#id(EN2001e.D.words1609)..id(EN2001e.D.words1633)"/>
   </segment>
   <segment nite:id="EN2001e.sync.1,122" channel="3" transcriber_start="1737.47" transcriber_end="1739.376">
      <nite:child href="EN2001e.D.words.xml#id(EN2001e.D.words1634)..id(EN2001e.D.words1638)"/>
   </segment>
   <segment nite:id="EN2001e.sync.1,124" channel="3" transcriber_start="1743.312" transcriber_end="1756.088">
      <nite:child href="EN2001e.D.words.xml#id(EN2001e.D.words1639)..id(EN2001e.D.words1687)"/>
   </segment>
   <segment nite:id="EN2001e.sync.1,126" channel="3" transcriber_start="1813.708" transcriber_end="1815.595">
      <nite:child href="EN2001e.D.words.xml#id(EN2001e.D.words1688)..id(EN2001e.D.words1694)"/>
   </segment>
   <segment nite:id="EN2001e.sync.1,128" channel="3" transcriber_start="1825.949" transcriber_end="1829.152">
      <nite:child href="EN2001e.D.words.xml#id(EN2001e.D.words1695)..id(EN2001e.D.words1707)"/>
   </segment>
   <segment nite:id="EN2001e.sync.1,130" channel="3" transcriber_start="1833.188" transcriber_end="1837.758">
      <nite:child href="EN2001e.D.words.xml#id(EN2001e.D.words1708)..id(EN2001e.D.words1723)"/>
   </segment>
   <segment nite:id="EN2001e.sync.1,132" channel="3" transcriber_start="1841.184" transcriber_end="1841.731">
      <nite:child href="EN2001e.D.words.xml#id(EN2001e.D.words1724)..id(EN2001e.D.words1725)"/>
   </segment>
   <segment nite:id="EN2001e.sync.1,134" channel="3" transcriber_start="1842.34" transcriber_end="1843.265">
      <nite:child href="EN2001e.D.words.xml#id(EN2001e.D.words1726)..id(EN2001e.D.words1731)"/>
   </segment>
   <segment nite:id="EN2001e.sync.1,136" channel="3" transcriber_start="1868.048" transcriber_end="1869.816">
      <nite:child href="EN2001e.D.words.xml#id(EN2001e.D.words1732)..id(EN2001e.D.words1741)"/>
   </segment>
   <segment nite:id="EN2001e.sync.1,138" channel="3" transcriber_start="1876.834" transcriber_end="1878.493">
      <nite:child href="EN2001e.D.words.xml#id(EN2001e.D.words1742)..id(EN2001e.D.words1748)"/>
   </segment>
   <segment nite:id="EN2001e.sync.1,140" channel="3" transcriber_start="1883.643" transcriber_end="1884.296">
      <nite:child href="EN2001e.D.words.xml#id(EN2001e.D.words1749)..id(EN2001e.D.words1750)"/>
   </segment>
   <segment nite:id="EN2001e.sync.1,142" channel="3" transcriber_start="1891.593" transcriber_end="1899.594">
      <nite:child href="EN2001e.D.words.xml#id(EN2001e.D.words1751)..id(EN2001e.D.words1775)"/>
   </segment>
   <segment nite:id="EN2001e.sync.1,144" channel="3" transcriber_start="1902.832" transcriber_end="1911.615">
      <nite:child href="EN2001e.D.words.xml#id(EN2001e.D.words1776)..id(EN2001e.D.words1805)"/>
   </segment>
   <segment nite:id="EN2001e.sync.1,146" channel="3" transcriber_start="1932.912" transcriber_end="1933.922">
      <nite:child href="EN2001e.D.words.xml#id(EN2001e.D.words1806)..id(EN2001e.D.words1811)"/>
   </segment>
   <segment nite:id="EN2001e.sync.1,148" channel="3" transcriber_start="1938.752" transcriber_end="1941.693">
      <nite:child href="EN2001e.D.words.xml#id(EN2001e.D.words1812)..id(EN2001e.D.words1824)"/>
   </segment>
   <segment nite:id="EN2001e.sync.1,150" channel="3" transcriber_start="2143.495" transcriber_end="2147.374">
      <nite:child href="EN2001e.D.words.xml#id(EN2001e.D.words1825)..id(EN2001e.D.words1832)"/>
   </segment>
   <segment nite:id="EN2001e.sync.1,152" channel="3" transcriber_start="2150.459" transcriber_end="2153.261">
      <nite:child href="EN2001e.D.words.xml#id(EN2001e.D.words1833)..id(EN2001e.D.words1837)"/>
   </segment>
   <segment nite:id="EN2001e.sync.1,154" channel="3" transcriber_start="2155.912" transcriber_end="2158.89">
      <nite:child href="EN2001e.D.words.xml#id(EN2001e.D.words1838)..id(EN2001e.D.words1846)"/>
   </segment>
   <segment nite:id="EN2001e.sync.1,156" channel="3" transcriber_start="2165.104" transcriber_end="2174.217">
      <nite:child href="EN2001e.D.words.xml#id(EN2001e.D.words1847)..id(EN2001e.D.words1875)"/>
   </segment>
   <segment nite:id="EN2001e.sync.1,158" channel="3" transcriber_start="2176.07" transcriber_end="2180.287">
      <nite:child href="EN2001e.D.words.xml#id(EN2001e.D.words1876)..id(EN2001e.D.words1882)"/>
   </segment>
   <segment nite:id="EN2001e.sync.1,160" channel="3" transcriber_start="2190.181" transcriber_end="2192.767">
      <nite:child href="EN2001e.D.words.xml#id(EN2001e.D.words1883)..id(EN2001e.D.words1896)"/>
   </segment>
   <segment nite:id="EN2001e.sync.1,162" channel="3" transcriber_start="2209.312" transcriber_end="2217.022">
      <nite:child href="EN2001e.D.words.xml#id(EN2001e.D.words1897)..id(EN2001e.D.words1907)"/>
   </segment>
   <segment nite:id="EN2001e.sync.1,164" channel="3" transcriber_start="2218.879" transcriber_end="2219.869">
      <nite:child href="EN2001e.D.words.xml#id(EN2001e.D.words1908)"/>
   </segment>
   <segment nite:id="EN2001e.sync.1,166" channel="3" transcriber_start="2241.696" transcriber_end="2246.558">
      <nite:child href="EN2001e.D.words.xml#id(EN2001e.D.words1909)..id(EN2001e.D.words1921)"/>
   </segment>
   <segment nite:id="EN2001e.sync.1,168" channel="3" transcriber_start="2253.575" transcriber_end="2259.104">
      <nite:child href="EN2001e.D.words.xml#id(EN2001e.D.words1922)..id(EN2001e.D.words1937)"/>
   </segment>
   <segment nite:id="EN2001e.sync.1,170" channel="3" transcriber_start="2261.748" transcriber_end="2268.901">
      <nite:child href="EN2001e.D.words.xml#id(EN2001e.D.words1938)..id(EN2001e.D.words1962)"/>
   </segment>
   <segment nite:id="EN2001e.sync.1,172" channel="3" transcriber_start="2277.744" transcriber_end="2283.573">
      <nite:child href="EN2001e.D.words.xml#id(EN2001e.D.words1963)..id(EN2001e.D.words1982)"/>
   </segment>
   <segment nite:id="EN2001e.sync.1,174" channel="3" transcriber_start="2285.544" transcriber_end="2295.179">
      <nite:child href="EN2001e.D.words.xml#id(EN2001e.D.words1983)..id(EN2001e.D.words2017)"/>
   </segment>
   <segment nite:id="EN2001e.sync.1,176" channel="3" transcriber_start="2297.299" transcriber_end="2297.748">
      <nite:child href="EN2001e.D.words.xml#id(EN2001e.D.words2018)..id(EN2001e.D.words2019)"/>
   </segment>
   <segment nite:id="EN2001e.sync.1,178" channel="3" transcriber_start="2301.04" transcriber_end="2302.697">
      <nite:child href="EN2001e.D.words.xml#id(EN2001e.D.words2020)..id(EN2001e.D.words2024)"/>
   </segment>
   <segment nite:id="EN2001e.sync.1,180" channel="3" transcriber_start="2306.224" transcriber_end="2313.476">
      <nite:child href="EN2001e.D.words.xml#id(EN2001e.D.words2025)..id(EN2001e.D.words2050)"/>
   </segment>
   <segment nite:id="EN2001e.sync.1,182" channel="3" transcriber_start="2315.232" transcriber_end="2316.334">
      <nite:child href="EN2001e.D.words.xml#id(EN2001e.D.words2051)..id(EN2001e.D.words2054)"/>
   </segment>
   <segment nite:id="EN2001e.sync.1,184" channel="3" transcriber_start="2318.088" transcriber_end="2328.041">
      <nite:child href="EN2001e.D.words.xml#id(EN2001e.D.words2055)..id(EN2001e.D.words2082)"/>
   </segment>
   <segment nite:id="EN2001e.sync.1,186" channel="3" transcriber_start="2342.208" transcriber_end="2343.12">
      <nite:child href="EN2001e.D.words.xml#id(EN2001e.D.words2083)..id(EN2001e.D.words2086)"/>
   </segment>
   <segment nite:id="EN2001e.sync.1,188" channel="3" transcriber_start="2344.941" transcriber_end="2345.365">
      <nite:child href="EN2001e.D.words.xml#id(EN2001e.D.words2087)..id(EN2001e.D.words2088)"/>
   </segment>
   <segment nite:id="EN2001e.sync.1,190" channel="3" transcriber_start="2353.312" transcriber_end="2354.041">
      <nite:child href="EN2001e.D.words.xml#id(EN2001e.D.words2089)..id(EN2001e.D.words2092)"/>
   </segment>
   <segment nite:id="EN2001e.sync.1,192" channel="3" transcriber_start="2405.814" transcriber_end="2413.728">
      <nite:child href="EN2001e.D.words.xml#id(EN2001e.D.words2093)..id(EN2001e.D.words2119)"/>
   </segment>
   <segment nite:id="EN2001e.sync.1,194" channel="3" transcriber_start="2420.082" transcriber_end="2420.623">
      <nite:child href="EN2001e.D.words.xml#id(EN2001e.D.words2120)..id(EN2001e.D.words2121)"/>
   </segment>
   <segment nite:id="EN2001e.sync.1,196" channel="3" transcriber_start="2486.328" transcriber_end="2502.168">
      <nite:child href="EN2001e.D.words.xml#id(EN2001e.D.words2122)..id(EN2001e.D.words2174)"/>
   </segment>
   <segment nite:id="EN2001e.sync.1,198" channel="3" transcriber_start="2506.092" transcriber_end="2514.662">
      <nite:child href="EN2001e.D.words.xml#id(EN2001e.D.words2175)..id(EN2001e.D.words2201)"/>
   </segment>
   <segment nite:id="EN2001e.sync.1,200" channel="3" transcriber_start="2528.368" transcriber_end="2532.816">
      <nite:child href="EN2001e.D.words.xml#id(EN2001e.D.words2202)..id(EN2001e.D.words2216)"/>
   </segment>
   <segment nite:id="EN2001e.sync.1,202" channel="3" transcriber_start="2541.102" transcriber_end="2541.608">
      <nite:child href="EN2001e.D.words.xml#id(EN2001e.D.words2217)..id(EN2001e.D.words2218)"/>
   </segment>
   <segment nite:id="EN2001e.sync.1,204" channel="3" transcriber_start="2543.28" transcriber_end="2551.376">
      <nite:child href="EN2001e.D.words.xml#id(EN2001e.D.words2219)..id(EN2001e.D.words2243)"/>
   </segment>
   <segment nite:id="EN2001e.sync.1,206" channel="3" transcriber_start="2570.777" transcriber_end="2577.264">
      <nite:child href="EN2001e.D.words.xml#id(EN2001e.D.words2244)..id(EN2001e.D.words2267)"/>
   </segment>
   <segment nite:id="EN2001e.sync.1,208" channel="3" transcriber_start="2585.632" transcriber_end="2586.088">
      <nite:child href="EN2001e.D.words.xml#id(EN2001e.D.words2268)..id(EN2001e.D.words2269)"/>
   </segment>
   <segment nite:id="EN2001e.sync.1,210" channel="3" transcriber_start="2593.035" transcriber_end="2594.615">
      <nite:child href="EN2001e.D.words.xml#id(EN2001e.D.words2270)..id(EN2001e.D.words2278)"/>
   </segment>
   <segment nite:id="EN2001e.sync.1,212" channel="3" transcriber_start="2610.565" transcriber_end="2617.269">
      <nite:child href="EN2001e.D.words.xml#id(EN2001e.D.words2279)..id(EN2001e.D.words2285)"/>
   </segment>
   <segment nite:id="EN2001e.sync.1,214" channel="3" transcriber_start="2640.144" transcriber_end="2644.926">
      <nite:child href="EN2001e.D.words.xml#id(EN2001e.D.words2286)..id(EN2001e.D.words2301)"/>
   </segment>
   <segment nite:id="EN2001e.sync.1,216" channel="3" transcriber_start="2647.04" transcriber_end="2647.546">
      <nite:child href="EN2001e.D.words.xml#id(EN2001e.D.words2302)..id(EN2001e.D.words2303)"/>
   </segment>
   <segment nite:id="EN2001e.sync.1,218" channel="3" transcriber_start="2649.534" transcriber_end="2651.297">
      <nite:child href="EN2001e.D.words.xml#id(EN2001e.D.words2304)..id(EN2001e.D.words2306)"/>
   </segment>
   <segment nite:id="EN2001e.sync.1,220" channel="3" transcriber_start="2654.709" transcriber_end="2663.538">
      <nite:child href="EN2001e.D.words.xml#id(EN2001e.D.words2307)..id(EN2001e.D.words2335)"/>
   </segment>
   <segment nite:id="EN2001e.sync.1,222" channel="3" transcriber_start="2671.183" transcriber_end="2672.762">
      <nite:child href="EN2001e.D.words.xml#id(EN2001e.D.words2336)..id(EN2001e.D.words2343)"/>
   </segment>
   <segment nite:id="EN2001e.sync.1,224" channel="3" transcriber_start="2683.392" transcriber_end="2695.606">
      <nite:child href="EN2001e.D.words.xml#id(EN2001e.D.words2344)..id(EN2001e.D.words2393)"/>
   </segment>
   <segment nite:id="EN2001e.sync.1,226" channel="3" transcriber_start="2696.916" transcriber_end="2697.364">
      <nite:child href="EN2001e.D.words.xml#id(EN2001e.D.words2394)..id(EN2001e.D.words2395)"/>
   </segment>
   <segment nite:id="EN2001e.sync.1,228" channel="3" transcriber_start="2700.625" transcriber_end="2701.331">
      <nite:child href="EN2001e.D.words.xml#id(EN2001e.D.words2396)"/>
   </segment>
   <segment nite:id="EN2001e.sync.1,230" channel="3" transcriber_start="2711.964" transcriber_end="2712.589">
      <nite:child href="EN2001e.D.words.xml#id(EN2001e.D.words2397)"/>
   </segment>
   <segment nite:id="EN2001e.sync.1,232" channel="3" transcriber_start="2725.457" transcriber_end="2725.865">
      <nite:child href="EN2001e.D.words.xml#id(EN2001e.D.words2398)..id(EN2001e.D.words2399)"/>
   </segment>
   <segment nite:id="EN2001e.sync.1,234" channel="3" transcriber_start="2734.336" transcriber_end="2734.812">
      <nite:child href="EN2001e.D.words.xml#id(EN2001e.D.words2400)..id(EN2001e.D.words2401)"/>
   </segment>
   <segment nite:id="EN2001e.sync.1,236" channel="3" transcriber_start="2799.335" transcriber_end="2811.5">
      <nite:child href="EN2001e.D.words.xml#id(EN2001e.D.words2402)..id(EN2001e.D.words2433)"/>
   </segment>
   <segment nite:id="EN2001e.sync.1,238" channel="3" transcriber_start="2823.486" transcriber_end="2824.592">
      <nite:child href="EN2001e.D.words.xml#id(EN2001e.D.words2434)"/>
   </segment>
   <segment nite:id="EN2001e.sync.1,240" channel="3" transcriber_start="2832.347" transcriber_end="2837.72">
      <nite:child href="EN2001e.D.words.xml#id(EN2001e.D.words2435)..id(EN2001e.D.words2463)"/>
   </segment>
   <segment nite:id="EN2001e.sync.1,242" channel="3" transcriber_start="2851.722" transcriber_end="2866.379">
      <nite:child href="EN2001e.D.words.xml#id(EN2001e.D.words2464)..id(EN2001e.D.words2514)"/>
   </segment>
   <segment nite:id="EN2001e.sync.1,244" channel="3" transcriber_start="2871.917" transcriber_end="2872.424">
      <nite:child href="EN2001e.D.words.xml#id(EN2001e.D.words2515)..id(EN2001e.D.words2516)"/>
   </segment>
   <segment nite:id="EN2001e.sync.1,246" channel="3" transcriber_start="2889.439" transcriber_end="2891.667">
      <nite:child href="EN2001e.D.words.xml#id(EN2001e.D.words2517)..id(EN2001e.D.words2528)"/>
   </segment>
   <segment nite:id="EN2001e.sync.1,248" channel="3" transcriber_start="2894.288" transcriber_end="2896.585">
      <nite:child href="EN2001e.D.words.xml#id(EN2001e.D.words2529)..id(EN2001e.D.words2538)"/>
   </segment>
   <segment nite:id="EN2001e.sync.1,250" channel="3" transcriber_start="2905.258" transcriber_end="2909.141">
      <nite:child href="EN2001e.D.words.xml#id(EN2001e.D.words2539)..id(EN2001e.D.words2552)"/>
   </segment>
   <segment nite:id="EN2001e.sync.1,252" channel="3" transcriber_start="2912.708" transcriber_end="2916.562">
      <nite:child href="EN2001e.D.words.xml#id(EN2001e.D.words2553)..id(EN2001e.D.words2565)"/>
   </segment>
   <segment nite:id="EN2001e.sync.1,254" channel="3" transcriber_start="2920.004" transcriber_end="2923.457">
      <nite:child href="EN2001e.D.words.xml#id(EN2001e.D.words2566)..id(EN2001e.D.words2577)"/>
   </segment>
   <segment nite:id="EN2001e.sync.1,256" channel="3" transcriber_start="2925.029" transcriber_end="2929.743">
      <nite:child href="EN2001e.D.words.xml#id(EN2001e.D.words2578)..id(EN2001e.D.words2595)"/>
   </segment>
   <segment nite:id="EN2001e.sync.1,258" channel="3" transcriber_start="2935.845" transcriber_end="2940.922">
      <nite:child href="EN2001e.D.words.xml#id(EN2001e.D.words2596)..id(EN2001e.D.words2608)"/>
   </segment>
   <segment nite:id="EN2001e.sync.1,260" channel="3" transcriber_start="2951.249" transcriber_end="2960.101">
      <nite:child href="EN2001e.D.words.xml#id(EN2001e.D.words2609)..id(EN2001e.D.words2633)"/>
   </segment>
   <segment nite:id="EN2001e.sync.1,262" channel="3" transcriber_start="2985.977" transcriber_end="3005.52">
      <nite:child href="EN2001e.D.words.xml#id(EN2001e.D.words2634)..id(EN2001e.D.words2699)"/>
   </segment>
   <segment nite:id="EN2001e.sync.1,264" channel="3" transcriber_start="3007.557" transcriber_end="3009.969">
      <nite:child href="EN2001e.D.words.xml#id(EN2001e.D.words2700)..id(EN2001e.D.words2714)"/>
   </segment>
   <segment nite:id="EN2001e.sync.1,266" channel="3" transcriber_start="3020.862" transcriber_end="3025.76">
      <nite:child href="EN2001e.D.words.xml#id(EN2001e.D.words2715)..id(EN2001e.D.words2734)"/>
   </segment>
   <segment nite:id="EN2001e.sync.1,268" channel="3" transcriber_start="3027.968" transcriber_end="3029.026">
      <nite:child href="EN2001e.D.words.xml#id(EN2001e.D.words2735)..id(EN2001e.D.words2739)"/>
   </segment>
   <segment nite:id="EN2001e.sync.1,270" channel="3" transcriber_start="3033.803" transcriber_end="3037.63">
      <nite:child href="EN2001e.D.words.xml#id(EN2001e.D.words2740)..id(EN2001e.D.words2757)"/>
   </segment>
   <segment nite:id="EN2001e.sync.1,272" channel="3" transcriber_start="3044.716" transcriber_end="3045.132">
      <nite:child href="EN2001e.D.words.xml#id(EN2001e.D.words2758)..id(EN2001e.D.words2759)"/>
   </segment>
   <segment nite:id="EN2001e.sync.1,274" channel="3" transcriber_start="3046.267" transcriber_end="3050.607">
      <nite:child href="EN2001e.D.words.xml#id(EN2001e.D.words2760)..id(EN2001e.D.words2777)"/>
   </segment>
   <segment nite:id="EN2001e.sync.1,276" channel="3" transcriber_start="3055.707" transcriber_end="3057.571">
      <nite:child href="EN2001e.D.words.xml#id(EN2001e.D.words2778)"/>
   </segment>
   <segment nite:id="EN2001e.sync.1,278" channel="3" transcriber_start="3061.163" transcriber_end="3061.729">
      <nite:child href="EN2001e.D.words.xml#id(EN2001e.D.words2779)..id(EN2001e.D.words2780)"/>
   </segment>
   <segment nite:id="EN2001e.sync.1,280" channel="3" transcriber_start="3079.28" transcriber_end="3082.14">
      <nite:child href="EN2001e.D.words.xml#id(EN2001e.D.words2781)..id(EN2001e.D.words2795)"/>
   </segment>
   <segment nite:id="EN2001e.sync.1,282" channel="3" transcriber_start="3089.392" transcriber_end="3089.971">
      <nite:child href="EN2001e.D.words.xml#id(EN2001e.D.words2796)..id(EN2001e.D.words2797)"/>
   </segment>
   <segment nite:id="EN2001e.sync.1,284" channel="3" transcriber_start="3098.98" transcriber_end="3100.809">
      <nite:child href="EN2001e.D.words.xml#id(EN2001e.D.words2798)..id(EN2001e.D.words2806)"/>
   </segment>
   <segment nite:id="EN2001e.sync.1,286" channel="3" transcriber_start="3104.096" transcriber_end="3125.971">
      <nite:child href="EN2001e.D.words.xml#id(EN2001e.D.words2807)..id(EN2001e.D.words2873)"/>
   </segment>
   <segment nite:id="EN2001e.sync.1,288" channel="3" transcriber_start="3129.936" transcriber_end="3130.368">
      <nite:child href="EN2001e.D.words.xml#id(EN2001e.D.words2874)..id(EN2001e.D.words2875)"/>
   </segment>
   <segment nite:id="EN2001e.sync.1,290" channel="3" transcriber_start="3170.58" transcriber_end="3173.536">
      <nite:child href="EN2001e.D.words.xml#id(EN2001e.D.words2876)..id(EN2001e.D.words2886)"/>
   </segment>
   <segment nite:id="EN2001e.sync.1,292" channel="3" transcriber_start="3175.141" transcriber_end="3180.866">
      <nite:child href="EN2001e.D.words.xml#id(EN2001e.D.words2887)..id(EN2001e.D.words2901)"/>
   </segment>
   <segment nite:id="EN2001e.sync.1,294" channel="3" transcriber_start="3182.508" transcriber_end="3186.457">
      <nite:child href="EN2001e.D.words.xml#id(EN2001e.D.words2902)..id(EN2001e.D.words2913)"/>
   </segment>
   <segment nite:id="EN2001e.sync.1,296" channel="3" transcriber_start="3198.08" transcriber_end="3202.323">
      <nite:child href="EN2001e.D.words.xml#id(EN2001e.D.words2914)..id(EN2001e.D.words2933)"/>
   </segment>
   <segment nite:id="EN2001e.sync.1,298" channel="3" transcriber_start="3210.669" transcriber_end="3215.353">
      <nite:child href="EN2001e.D.words.xml#id(EN2001e.D.words2934)..id(EN2001e.D.words2956)"/>
   </segment>
   <segment nite:id="EN2001e.sync.1,300" channel="3" transcriber_start="3227.635" transcriber_end="3228.184">
      <nite:child href="EN2001e.D.words.xml#id(EN2001e.D.words2957)..id(EN2001e.D.words2958)"/>
   </segment>
   <segment nite:id="EN2001e.sync.1,302" channel="3" transcriber_start="3236.96" transcriber_end="3240.281">
      <nite:child href="EN2001e.D.words.xml#id(EN2001e.D.words2959)..id(EN2001e.D.words2970)"/>
   </segment>
   <segment nite:id="EN2001e.sync.1,304" channel="3" transcriber_start="3243.716" transcriber_end="3249.172">
      <nite:child href="EN2001e.D.words.xml#id(EN2001e.D.words2971)..id(EN2001e.D.words2993)"/>
   </segment>
   <segment nite:id="EN2001e.sync.1,306" channel="3" transcriber_start="3250.485" transcriber_end="3251.017">
      <nite:child href="EN2001e.D.words.xml#id(EN2001e.D.words2994)..id(EN2001e.D.words2995)"/>
   </segment>
   <segment nite:id="EN2001e.sync.1,308" channel="3" transcriber_start="3309.029" transcriber_end="3313.536">
      <nite:child href="EN2001e.D.words.xml#id(EN2001e.D.words2996)..id(EN2001e.D.words3017)"/>
   </segment>
   <segment nite:id="EN2001e.sync.1,310" channel="3" transcriber_start="3317.257" transcriber_end="3318.736">
      <nite:child href="EN2001e.D.words.xml#id(EN2001e.D.words3018)..id(EN2001e.D.words3026)"/>
   </segment>
   <segment nite:id="EN2001e.sync.1,312" channel="3" transcriber_start="3323.424" transcriber_end="3323.963">
      <nite:child href="EN2001e.D.words.xml#id(EN2001e.D.words3027)..id(EN2001e.D.words3029)"/>
   </segment>
   <segment nite:id="EN2001e.sync.1,314" channel="3" transcriber_start="3325.1" transcriber_end="3327.528">
      <nite:child href="EN2001e.D.words.xml#id(EN2001e.D.words3030)..id(EN2001e.D.words3040)"/>
   </segment>
   <segment nite:id="EN2001e.sync.1,316" channel="3" transcriber_start="3329.424" transcriber_end="3336.821">
      <nite:child href="EN2001e.D.words.xml#id(EN2001e.D.words3041)..id(EN2001e.D.words3075)"/>
   </segment>
   <segment nite:id="EN2001e.sync.1,318" channel="3" transcriber_start="3341.632" transcriber_end="3342.033">
      <nite:child href="EN2001e.D.words.xml#id(EN2001e.D.words3076)..id(EN2001e.D.words3077)"/>
   </segment>
   <segment nite:id="EN2001e.sync.1,320" channel="3" transcriber_start="3349.227" transcriber_end="3350.42">
      <nite:child href="EN2001e.D.words.xml#id(EN2001e.D.words3078)"/>
   </segment>
   <segment nite:id="EN2001e.sync.1,322" channel="3" transcriber_start="3356.548" transcriber_end="3357.163">
      <nite:child href="EN2001e.D.words.xml#id(EN2001e.D.words3079)"/>
   </segment>
   <segment nite:id="EN2001e.sync.1,324" channel="3" transcriber_start="3362.354" transcriber_end="3366.054">
      <nite:child href="EN2001e.D.words.xml#id(EN2001e.D.words3080)..id(EN2001e.D.words3086)"/>
   </segment>
   <segment nite:id="EN2001e.sync.1,326" channel="3" transcriber_start="3376.342" transcriber_end="3378.779">
      <nite:child href="EN2001e.D.words.xml#id(EN2001e.D.words3087)..id(EN2001e.D.words3100)"/>
   </segment>
   <segment nite:id="EN2001e.sync.1,328" channel="3" transcriber_start="3386.995" transcriber_end="3387.71">
      <nite:child href="EN2001e.D.words.xml#id(EN2001e.D.words3101)..id(EN2001e.D.words3103)"/>
   </segment>
   <segment nite:id="EN2001e.sync.1,330" channel="3" transcriber_start="3389.728" transcriber_end="3390.224">
      <nite:child href="EN2001e.D.words.xml#id(EN2001e.D.words3104)..id(EN2001e.D.words3105)"/>
   </segment>
   <segment nite:id="EN2001e.sync.1,332" channel="3" transcriber_start="3395.513" transcriber_end="3398.124">
      <nite:child href="EN2001e.D.words.xml#id(EN2001e.D.words3106)..id(EN2001e.D.words3118)"/>
   </segment>
   <segment nite:id="EN2001e.sync.1,334" channel="3" transcriber_start="3414.517" transcriber_end="3416.272">
      <nite:child href="EN2001e.D.words.xml#id(EN2001e.D.words3119)..id(EN2001e.D.words3128)"/>
   </segment>
   <segment nite:id="EN2001e.sync.1,336" channel="3" transcriber_start="3423.453" transcriber_end="3434.824">
      <nite:child href="EN2001e.D.words.xml#id(EN2001e.D.words3129)..id(EN2001e.D.words3161)"/>
   </segment>
   <segment nite:id="EN2001e.sync.1,338" channel="3" transcriber_start="3437.097" transcriber_end="3442.868">
      <nite:child href="EN2001e.D.words.xml#id(EN2001e.D.words3162)..id(EN2001e.D.words3184)"/>
   </segment>
   <segment nite:id="EN2001e.sync.1,340" channel="3" transcriber_start="3449.584" transcriber_end="3454.681">
      <nite:child href="EN2001e.D.words.xml#id(EN2001e.D.words3185)..id(EN2001e.D.words3211)"/>
   </segment>
   <segment nite:id="EN2001e.sync.1,342" channel="3" transcriber_start="3468.298" transcriber_end="3472.118">
      <nite:child href="EN2001e.D.words.xml#id(EN2001e.D.words3212)..id(EN2001e.D.words3232)"/>
   </segment>
   <segment nite:id="EN2001e.sync.1,344" channel="3" transcriber_start="3474.432" transcriber_end="3476.97">
      <nite:child href="EN2001e.D.words.xml#id(EN2001e.D.words3233)..id(EN2001e.D.words3243)"/>
   </segment>
   <segment nite:id="EN2001e.sync.1,346" channel="3" transcriber_start="3487.44" transcriber_end="3492.93">
      <nite:child href="EN2001e.D.words.xml#id(EN2001e.D.words3244)..id(EN2001e.D.words3266)"/>
   </segment>
   <segment nite:id="EN2001e.sync.1,348" channel="3" transcriber_start="3494.528" transcriber_end="3494.888">
      <nite:child href="EN2001e.D.words.xml#id(EN2001e.D.words3267)..id(EN2001e.D.words3268)"/>
   </segment>
   <segment nite:id="EN2001e.sync.1,350" channel="3" transcriber_start="3501.74" transcriber_end="3503.635">
      <nite:child href="EN2001e.D.words.xml#id(EN2001e.D.words3269)..id(EN2001e.D.words3276)"/>
   </segment>
   <segment nite:id="EN2001e.sync.1,352" channel="3" transcriber_start="3505.072" transcriber_end="3510.28">
      <nite:child href="EN2001e.D.words.xml#id(EN2001e.D.words3277)..id(EN2001e.D.words3281)"/>
   </segment>
   <segment nite:id="EN2001e.sync.1,354" channel="3" transcriber_start="3512.816" transcriber_end="3519.637">
      <nite:child href="EN2001e.D.words.xml#id(EN2001e.D.words3282)..id(EN2001e.D.words3297)"/>
   </segment>
   <segment nite:id="EN2001e.sync.1,356" channel="3" transcriber_start="3523.57" transcriber_end="3524.295">
      <nite:child href="EN2001e.D.words.xml#id(EN2001e.D.words3298)"/>
   </segment>
   <segment nite:id="EN2001e.sync.1,358" channel="3" transcriber_start="3532.294" transcriber_end="3533.859">
      <nite:child href="EN2001e.D.words.xml#id(EN2001e.D.words3299)..id(EN2001e.D.words3303)"/>
   </segment>
   <segment nite:id="EN2001e.sync.1,360" channel="3" transcriber_start="3547.165" transcriber_end="3548.346">
      <nite:child href="EN2001e.D.words.xml#id(EN2001e.D.words3304)..id(EN2001e.D.words3307)"/>
   </segment>
   <segment nite:id="EN2001e.sync.1,362" channel="3" transcriber_start="3566.8" transcriber_end="3572.732">
      <nite:child href="EN2001e.D.words.xml#id(EN2001e.D.words3308)..id(EN2001e.D.words3334)"/>
   </segment>
   <segment nite:id="EN2001e.sync.1,364" channel="3" transcriber_start="3574.416" transcriber_end="3576.413">
      <nite:child href="EN2001e.D.words.xml#id(EN2001e.D.words3335)..id(EN2001e.D.words3344)"/>
   </segment>
   <segment nite:id="EN2001e.sync.1,366" channel="3" transcriber_start="3592.195" transcriber_end="3597.192">
      <nite:child href="EN2001e.D.words.xml#id(EN2001e.D.words3345)..id(EN2001e.D.words3364)"/>
   </segment>
   <segment nite:id="EN2001e.sync.1,368" channel="3" transcriber_start="3612.259" transcriber_end="3612.808">
      <nite:child href="EN2001e.D.words.xml#id(EN2001e.D.words3365)..id(EN2001e.D.words3366)"/>
   </segment>
   <segment nite:id="EN2001e.sync.1,370" channel="3" transcriber_start="3621.129" transcriber_end="3630.216">
      <nite:child href="EN2001e.D.words.xml#id(EN2001e.D.words3367)..id(EN2001e.D.words3405)"/>
   </segment>
   <segment nite:id="EN2001e.sync.1,372" channel="3" transcriber_start="3635.056" transcriber_end="3635.59">
      <nite:child href="EN2001e.D.words.xml#id(EN2001e.D.words3406)..id(EN2001e.D.words3407)"/>
   </segment>
   <segment nite:id="EN2001e.sync.1,374" channel="3" transcriber_start="3643.728" transcriber_end="3644.202">
      <nite:child href="EN2001e.D.words.xml#id(EN2001e.D.words3408)..id(EN2001e.D.words3409)"/>
   </segment>
   <segment nite:id="EN2001e.sync.1,376" channel="3" transcriber_start="3652.728" transcriber_end="3663.888">
      <nite:child href="EN2001e.D.words.xml#id(EN2001e.D.words3410)..id(EN2001e.D.words3445)"/>
   </segment>
   <segment nite:id="EN2001e.sync.1,378" channel="3" transcriber_start="3686.896" transcriber_end="3694.245">
      <nite:child href="EN2001e.D.words.xml#id(EN2001e.D.words3446)..id(EN2001e.D.words3466)"/>
   </segment>
   <segment nite:id="EN2001e.sync.1,380" channel="3" transcriber_start="3695.991" transcriber_end="3715.918">
      <nite:child href="EN2001e.D.words.xml#id(EN2001e.D.words3467)..id(EN2001e.D.words3532)"/>
   </segment>
   <segment nite:id="EN2001e.sync.1,382" channel="3" transcriber_start="3717.824" transcriber_end="3718.291">
      <nite:child href="EN2001e.D.words.xml#id(EN2001e.D.words3533)..id(EN2001e.D.words3534)"/>
   </segment>
   <segment nite:id="EN2001e.sync.1,384" channel="3" transcriber_start="3729.415" transcriber_end="3733.258">
      <nite:child href="EN2001e.D.words.xml#id(EN2001e.D.words3535)..id(EN2001e.D.words3555)"/>
   </segment>
   <segment nite:id="EN2001e.sync.1,386" channel="3" transcriber_start="3734.48" transcriber_end="3735.028">
      <nite:child href="EN2001e.D.words.xml#id(EN2001e.D.words3556)..id(EN2001e.D.words3559)"/>
   </segment>
   <segment nite:id="EN2001e.sync.1,388" channel="3" transcriber_start="3742.893" transcriber_end="3753.05">
      <nite:child href="EN2001e.D.words.xml#id(EN2001e.D.words3560)..id(EN2001e.D.words3592)"/>
   </segment>
   <segment nite:id="EN2001e.sync.1,390" channel="3" transcriber_start="3763.357" transcriber_end="3763.74">
      <nite:child href="EN2001e.D.words.xml#id(EN2001e.D.words3593)..id(EN2001e.D.words3594)"/>
   </segment>
   <segment nite:id="EN2001e.sync.1,392" channel="3" transcriber_start="3770.896" transcriber_end="3780.099">
      <nite:child href="EN2001e.D.words.xml#id(EN2001e.D.words3595)..id(EN2001e.D.words3623)"/>
   </segment>
   <segment nite:id="EN2001e.sync.1,394" channel="3" transcriber_start="3800.752" transcriber_end="3801.25">
      <nite:child href="EN2001e.D.words.xml#id(EN2001e.D.words3624)..id(EN2001e.D.words3625)"/>
   </segment>
   <segment nite:id="EN2001e.sync.1,396" channel="3" transcriber_start="3805.2" transcriber_end="3813.104">
      <nite:child href="EN2001e.D.words.xml#id(EN2001e.D.words3626)..id(EN2001e.D.words3646)"/>
   </segment>
   <segment nite:id="EN2001e.sync.1,398" channel="3" transcriber_start="3815.459" transcriber_end="3826.372">
      <nite:child href="EN2001e.D.words.xml#id(EN2001e.D.words3647)..id(EN2001e.D.words3679)"/>
   </segment>
   <segment nite:id="EN2001e.sync.1,400" channel="3" transcriber_start="3832.992" transcriber_end="3843.946">
      <nite:child href="EN2001e.D.words.xml#id(EN2001e.D.words3680)..id(EN2001e.D.words3715)"/>
   </segment>
   <segment nite:id="EN2001e.sync.1,402" channel="3" transcriber_start="3847.181" transcriber_end="3848.187">
      <nite:child href="EN2001e.D.words.xml#id(EN2001e.D.words3716)..id(EN2001e.D.words3720)"/>
   </segment>
   <segment nite:id="EN2001e.sync.1,404" channel="3" transcriber_start="3860.826" transcriber_end="3861.816">
      <nite:child href="EN2001e.D.words.xml#id(EN2001e.D.words3721)..id(EN2001e.D.words3724)"/>
   </segment>
   <segment nite:id="EN2001e.sync.1,406" channel="3" transcriber_start="3869.688" transcriber_end="3873.217">
      <nite:child href="EN2001e.D.words.xml#id(EN2001e.D.words3725)..id(EN2001e.D.words3736)"/>
   </segment>
   <segment nite:id="EN2001e.sync.1,408" channel="3" transcriber_start="3877.232" transcriber_end="3877.7">
      <nite:child href="EN2001e.D.words.xml#id(EN2001e.D.words3737)..id(EN2001e.D.words3738)"/>
   </segment>
   <segment nite:id="EN2001e.sync.1,410" channel="3" transcriber_start="3881.6" transcriber_end="3894.024">
      <nite:child href="EN2001e.D.words.xml#id(EN2001e.D.words3739)..id(EN2001e.D.words3769)"/>
   </segment>
   <segment nite:id="EN2001e.sync.1,412" channel="3" transcriber_start="3905.595" transcriber_end="3906.127">
      <nite:child href="EN2001e.D.words.xml#id(EN2001e.D.words3770)..id(EN2001e.D.words3771)"/>
   </segment>
   <segment nite:id="EN2001e.sync.1,414" channel="3" transcriber_start="3920.976" transcriber_end="3921.998">
      <nite:child href="EN2001e.D.words.xml#id(EN2001e.D.words3772)..id(EN2001e.D.words3775)"/>
   </segment>
   <segment nite:id="EN2001e.sync.1,416" channel="3" transcriber_start="3927.856" transcriber_end="3931.059">
      <nite:child href="EN2001e.D.words.xml#id(EN2001e.D.words3776)..id(EN2001e.D.words3784)"/>
   </segment>
   <segment nite:id="EN2001e.sync.1,418" channel="3" transcriber_start="3934.92" transcriber_end="3936.907">
      <nite:child href="EN2001e.D.words.xml#id(EN2001e.D.words3785)..id(EN2001e.D.words3792)"/>
   </segment>
   <segment nite:id="EN2001e.sync.1,420" channel="3" transcriber_start="3945.344" transcriber_end="3945.662">
      <nite:child href="EN2001e.D.words.xml#id(EN2001e.D.words3793)..id(EN2001e.D.words3794)"/>
   </segment>
   <segment nite:id="EN2001e.sync.1,422" channel="3" transcriber_start="3953.072" transcriber_end="3958.98">
      <nite:child href="EN2001e.D.words.xml#id(EN2001e.D.words3795)..id(EN2001e.D.words3811)"/>
   </segment>
</nite:root>