<?xml version="1.0" encoding="ISO-8859-1" standalone="yes"?>
<nite:root nite:id="EN2001e.E.words" xmlns:nite="http://nite.sourceforge.net/">
   <vocalsound nite:id="EN2001e.E.words0" starttime="105.744" endtime="106.176" type="laugh"/>
   <vocalsound nite:id="EN2001e.E.words1" starttime="120.086" endtime="120.496" type="laugh"/>
   <vocalsound nite:id="EN2001e.E.words2" starttime="195.642" endtime="196.731" type="cough"/>
   <vocalsound nite:id="EN2001e.E.words3" starttime="198.067" endtime="198.515" type="other"/>
   <w nite:id="EN2001e.E.words4" starttime="271.46" endtime="271.56">I</w>
   <w nite:id="EN2001e.E.words5" starttime="271.56" endtime="272.57">know</w>
   <w nite:id="EN2001e.E.words6" starttime="272.57" endtime="272.57" punc="true">.</w>
   <vocalsound nite:id="EN2001e.E.words7" starttime="272.57" endtime="272.57" type="laugh"/>
   <w nite:id="EN2001e.E.words8" starttime="272.57" endtime="272.87">Doesn&#39;t</w>
   <w nite:id="EN2001e.E.words9" starttime="272.87" endtime="272.96">look</w>
   <w nite:id="EN2001e.E.words10" starttime="272.96" endtime="273.25">great</w>
   <w nite:id="EN2001e.E.words11" starttime="273.25" endtime="273.25" punc="true">,</w>
   <w nite:id="EN2001e.E.words12" starttime="273.25" endtime="273.41">does</w>
   <w nite:id="EN2001e.E.words13" starttime="273.41" endtime="275.29">it</w>
   <w nite:id="EN2001e.E.words14" starttime="275.29" endtime="275.29" punc="true">?</w>
   <vocalsound nite:id="EN2001e.E.words15" starttime="275.29" endtime="275.424" type="laugh"/>
   <w nite:id="EN2001e.E.words16" starttime="304.98" endtime="305.17">Uh-uh</w>
   <w nite:id="EN2001e.E.words17" starttime="305.17" endtime="305.17" punc="true">.</w>
   <w nite:id="EN2001e.E.words18" starttime="352.04" endtime="352.35">Mm</w>
   <w nite:id="EN2001e.E.words19" starttime="352.35" endtime="352.35" punc="true">.</w>
   <w nite:id="EN2001e.E.words20" starttime="377.75" endtime="377.9">Yeah</w>
   <w nite:id="EN2001e.E.words21" starttime="377.9" endtime="378.06">there</w>
   <w nite:id="EN2001e.E.words22" starttime="378.06" endtime="378.25">is</w>
   <w nite:id="EN2001e.E.words23" starttime="378.25" endtime="378.42">there&#39;s</w>
   <w nite:id="EN2001e.E.words24" starttime="378.42" endtime="378.77">index</w>
   <w nite:id="EN2001e.E.words25" starttime="378.77" endtime="379.15">files</w>
   <w nite:id="EN2001e.E.words26" starttime="379.15" endtime="380.39">already</w>
   <w nite:id="EN2001e.E.words27" starttime="380.39" endtime="380.39" punc="true">.</w>
   <w nite:id="EN2001e.E.words28" starttime="380.39" endtime="380.75">Yeah</w>
   <w nite:id="EN2001e.E.words29" starttime="380.75" endtime="380.75" punc="true">.</w>
   <w nite:id="EN2001e.E.words30" starttime="382.68" endtime="382.83">Yeah</w>
   <w nite:id="EN2001e.E.words31" starttime="382.83" endtime="382.83" punc="true">,</w>
   <w nite:id="EN2001e.E.words32" starttime="382.83" endtime="382.97">in</w>
   <w nite:id="EN2001e.E.words33" starttime="382.97" endtime="383.41">the</w>
   <w nite:id="EN2001e.E.words34" starttime="383.41" endtime="383.64">raw</w>
   <w nite:id="EN2001e.E.words35" starttime="383.64" endtime="384.81">text</w>
   <w nite:id="EN2001e.E.words36" starttime="384.81" endtime="385.32">index</w>
   <w nite:id="EN2001e.E.words37" starttime="385.32" endtime="385.74">directory</w>
   <w nite:id="EN2001e.E.words38" starttime="385.74" endtime="385.74" punc="true">.</w>
   <w nite:id="EN2001e.E.words39" starttime="387.12" endtime="387.27">Yeah</w>
   <w nite:id="EN2001e.E.words40" starttime="387.27" endtime="387.27" punc="true">,</w>
   <w nite:id="EN2001e.E.words41" starttime="387.27" endtime="387.38">and</w>
   <w nite:id="EN2001e.E.words42" starttime="387.38" endtime="387.61">it</w>
   <w nite:id="EN2001e.E.words43" starttime="387.61" endtime="387.89">uh</w>
   <w nite:id="EN2001e.E.words44" starttime="387.89" endtime="388.19">allows</w>
   <w nite:id="EN2001e.E.words45" starttime="388.19" endtime="388.28">you</w>
   <w nite:id="EN2001e.E.words46" starttime="388.28" endtime="388.42">to</w>
   <w nite:id="EN2001e.E.words47" starttime="388.42" endtime="388.64">map</w>
   <w nite:id="EN2001e.E.words48" starttime="388.64" endtime="388.98">between</w>
   <w nite:id="EN2001e.E.words49" starttime="388.98" endtime="389.12">the</w>
   <w nite:id="EN2001e.E.words50" starttime="389.12" endtime="389.42">different</w>
   <w nite:id="EN2001e.E.words51" starttime="389.42" endtime="389.83">I_D_s</w>
   <w nite:id="EN2001e.E.words52" starttime="389.83" endtime="389.83" punc="true">.</w>
   <w nite:id="EN2001e.E.words53" starttime="436.57" endtime="436.84">Yeah</w>
   <w nite:id="EN2001e.E.words54" starttime="436.84" endtime="436.84" punc="true">,</w>
   <w nite:id="EN2001e.E.words55" starttime="436.84" endtime="436.92">I</w>
   <w nite:id="EN2001e.E.words56" starttime="436.92" endtime="437.55">guess</w>
   <w nite:id="EN2001e.E.words57" starttime="437.55" endtime="437.55" punc="true">.</w>
   <w nite:id="EN2001e.E.words58" starttime="437.55" endtime="437.71">&#39;Cause</w>
   <w nite:id="EN2001e.E.words59" starttime="437.71" endtime="437.78">we</w>
   <w nite:id="EN2001e.E.words60" starttime="437.78" endtime="438.0">can&#39;t</w>
   <w nite:id="EN2001e.E.words61" starttime="438.0" endtime="438.19">show</w>
   <w nite:id="EN2001e.E.words62" starttime="438.19" endtime="438.25">it</w>
   <w nite:id="EN2001e.E.words63" starttime="438.25" endtime="438.38">in</w>
   <w nite:id="EN2001e.E.words64" starttime="438.38" endtime="438.47">the</w>
   <w nite:id="EN2001e.E.words65" starttime="438.47" endtime="440.05">display</w>
   <w nite:id="EN2001e.E.words66" starttime="440.05" endtime="440.05" punc="true">.</w>
   <w nite:id="EN2001e.E.words67" starttime="440.05" endtime="440.28">Yeah</w>
   <w nite:id="EN2001e.E.words68" starttime="440.28" endtime="440.28" punc="true">,</w>
   <w nite:id="EN2001e.E.words69" starttime="440.28" endtime="440.58">they&#39;ve</w>
   <w nite:id="EN2001e.E.words70" starttime="440.58" endtime="440.73">been</w>
   <w nite:id="EN2001e.E.words71" starttime="440.73" endtime="440.98">cut</w>
   <w nite:id="EN2001e.E.words72" starttime="440.98" endtime="441.06">out</w>
   <w nite:id="EN2001e.E.words73" starttime="441.06" endtime="441.16">the</w>
   <w nite:id="EN2001e.E.words74" starttime="441.16" endtime="441.36">ones</w>
   <w nite:id="EN2001e.E.words75" starttime="441.36" endtime="441.46">that</w>
   <w nite:id="EN2001e.E.words76" starttime="441.46" endtime="441.64">don&#39;t</w>
   <w nite:id="EN2001e.E.words77" starttime="441.64" endtime="441.81">have</w>
   <w nite:id="EN2001e.E.words78" starttime="441.81" endtime="442.25">any</w>
   <w nite:id="EN2001e.E.words79" starttime="442.25" endtime="442.6">words</w>
   <w nite:id="EN2001e.E.words80" starttime="442.6" endtime="442.6" punc="true">.</w>
   <w nite:id="EN2001e.E.words81" starttime="444.14" endtime="444.65">Suppose</w>
   <w nite:id="EN2001e.E.words82" starttime="444.65" endtime="444.65" punc="true">.</w>
   <w nite:id="EN2001e.E.words83" starttime="448.15" endtime="448.39">Huh</w>
   <w nite:id="EN2001e.E.words84" starttime="448.39" endtime="448.39" punc="true">.</w>
   <w nite:id="EN2001e.E.words85" starttime="479.79" endtime="480.18">No</w>
   <w nite:id="EN2001e.E.words86" starttime="480.18" endtime="480.18" punc="true">,</w>
   <w nite:id="EN2001e.E.words87" starttime="480.18" endtime="480.24">I</w>
   <w nite:id="EN2001e.E.words88" starttime="480.24" endtime="480.59">guess</w>
   <w nite:id="EN2001e.E.words89" starttime="480.59" endtime="480.68">not</w>
   <w nite:id="EN2001e.E.words90" starttime="480.68" endtime="480.68" punc="true">.</w>
   <w nite:id="EN2001e.E.words91" starttime="486.6" endtime="487.37">Hmm</w>
   <w nite:id="EN2001e.E.words92" starttime="487.37" endtime="487.37" punc="true">.</w>
   <w nite:id="EN2001e.E.words93" starttime="487.37" endtime="487.56">That&#39;s</w>
   <w nite:id="EN2001e.E.words94" starttime="487.56" endtime="487.82">just</w>
   <w nite:id="EN2001e.E.words95" starttime="487.82" endtime="488.11">&#39;cause</w>
   <w nite:id="EN2001e.E.words96" starttime="488.11" endtime="488.26">they</w>
   <w nite:id="EN2001e.E.words97" starttime="488.26" endtime="488.43">would</w>
   <w nite:id="EN2001e.E.words98" starttime="488.43" endtime="488.55">have</w>
   <w nite:id="EN2001e.E.words99" starttime="488.55" endtime="488.64">a</w>
   <w nite:id="EN2001e.E.words100" starttime="488.64" endtime="488.9">blank</w>
   <w nite:id="EN2001e.E.words101" starttime="488.9" endtime="489.21">line</w>
   <w nite:id="EN2001e.E.words102" starttime="489.21" endtime="489.31">in</w>
   <w nite:id="EN2001e.E.words103" starttime="489.31" endtime="489.46">it</w>
   <w nite:id="EN2001e.E.words104" starttime="489.46" endtime="489.46" punc="true">.</w>
   <w nite:id="EN2001e.E.words105" starttime="489.46" endtime="489.73">Seems</w>
   <w nite:id="EN2001e.E.words106" starttime="489.73" endtime="489.78">a</w>
   <w nite:id="EN2001e.E.words107" starttime="489.78" endtime="490.0">bit</w>
   <w nite:id="EN2001e.E.words108" starttime="490.0" endtime="491.23">stupid</w>
   <w nite:id="EN2001e.E.words109" starttime="491.23" endtime="491.23" punc="true">.</w>
   <w nite:id="EN2001e.E.words110" starttime="491.23" endtime="492.02">But</w>
   <w nite:id="EN2001e.E.words111" starttime="492.02" endtime="492.11">I</w>
   <w nite:id="EN2001e.E.words112" starttime="492.11" endtime="492.25">can</w>
   <w nite:id="EN2001e.E.words113" starttime="492.25" endtime="492.42">fit</w>
   <w nite:id="EN2001e.E.words114" starttime="492.42" endtime="492.5">&#39;em</w>
   <w nite:id="EN2001e.E.words115" starttime="492.5" endtime="492.71">back</w>
   <w nite:id="EN2001e.E.words116" starttime="492.71" endtime="492.95">in</w>
   <w nite:id="EN2001e.E.words117" starttime="492.95" endtime="493.19">if</w>
   <disfmarker nite:id="EN2001e.E.words118" starttime="493.19" endtime="493.226"/>
   <w nite:id="EN2001e.E.words119" starttime="497.66" endtime="497.93">Yeah</w>
   <w nite:id="EN2001e.E.words120" starttime="497.93" endtime="497.93" punc="true">.</w>
   <w nite:id="EN2001e.E.words121" starttime="534.92" endtime="535.09">Yeah</w>
   <w nite:id="EN2001e.E.words122" starttime="535.09" endtime="535.09" punc="true">,</w>
   <w nite:id="EN2001e.E.words123" starttime="535.09" endtime="535.23">it&#39;s</w>
   <w nite:id="EN2001e.E.words124" starttime="535.23" endtime="535.29">a</w>
   <w nite:id="EN2001e.E.words125" starttime="535.29" endtime="535.43" trunc="true">cer</w>
   <w nite:id="EN2001e.E.words126" starttime="535.43" endtime="535.73">uh</w>
   <disfmarker nite:id="EN2001e.E.words127" starttime="535.73" endtime="535.881"/>
   <w nite:id="EN2001e.E.words128" starttime="537.3" endtime="537.51">Yeah</w>
   <w nite:id="EN2001e.E.words129" starttime="537.51" endtime="537.51" punc="true">,</w>
   <w nite:id="EN2001e.E.words130" starttime="537.51" endtime="537.68">my</w>
   <w nite:id="EN2001e.E.words131" starttime="537.68" endtime="538.1">topic</w>
   <w nite:id="EN2001e.E.words132" starttime="538.1" endtime="538.58">segmenter</w>
   <w nite:id="EN2001e.E.words133" starttime="538.58" endtime="538.86">doesn&#39;t</w>
   <w nite:id="EN2001e.E.words134" starttime="538.86" endtime="539.0">like</w>
   <w nite:id="EN2001e.E.words135" starttime="539.0" endtime="539.39">blank</w>
   <w nite:id="EN2001e.E.words136" starttime="539.39" endtime="539.77">lines</w>
   <w nite:id="EN2001e.E.words137" starttime="539.77" endtime="540.02">either</w>
   <w nite:id="EN2001e.E.words138" starttime="540.02" endtime="540.02" punc="true">.</w>
   <w nite:id="EN2001e.E.words139" starttime="552.96" endtime="553.3">Mm</w>
   <w nite:id="EN2001e.E.words140" starttime="553.3" endtime="553.3" punc="true">.</w>
   <w nite:id="EN2001e.E.words141" starttime="617.47" endtime="617.64">Oh</w>
   <w nite:id="EN2001e.E.words142" starttime="617.64" endtime="617.81">yeah</w>
   <w nite:id="EN2001e.E.words143" starttime="617.81" endtime="617.81" punc="true">,</w>
   <w nite:id="EN2001e.E.words144" starttime="617.81" endtime="618.08">cool</w>
   <w nite:id="EN2001e.E.words145" starttime="618.08" endtime="618.08" punc="true">.</w>
   <w nite:id="EN2001e.E.words146" starttime="619.97" endtime="620.17">Yeah</w>
   <w nite:id="EN2001e.E.words147" starttime="620.17" endtime="620.44">another</w>
   <w nite:id="EN2001e.E.words148" starttime="620.44" endtime="620.65">uh</w>
   <w nite:id="EN2001e.E.words149" starttime="620.65" endtime="620.88" trunc="true">sh</w>
   <w nite:id="EN2001e.E.words150" starttime="620.88" endtime="621.21">issue</w>
   <w nite:id="EN2001e.E.words151" starttime="621.21" endtime="621.37">was</w>
   <w nite:id="EN2001e.E.words152" starttime="621.37" endtime="621.51">that</w>
   <disfmarker nite:id="EN2001e.E.words153" starttime="621.51" endtime="621.694"/>
   <w nite:id="EN2001e.E.words154" starttime="634.98" endtime="656.54">Hmm</w>
   <w nite:id="EN2001e.E.words155" starttime="656.54" endtime="656.54" punc="true">.</w>
   <w nite:id="EN2001e.E.words156" starttime="739.83" endtime="740.01">Hmm</w>
   <w nite:id="EN2001e.E.words157" starttime="740.01" endtime="740.01" punc="true">.</w>
   <w nite:id="EN2001e.E.words158" starttime="752.56" endtime="752.71">Hmm</w>
   <w nite:id="EN2001e.E.words159" starttime="752.71" endtime="752.71" punc="true">.</w>
   <w nite:id="EN2001e.E.words160" starttime="786.72" endtime="786.98">Oh</w>
   <w nite:id="EN2001e.E.words161" starttime="786.98" endtime="787.11">yeah</w>
   <w nite:id="EN2001e.E.words162" starttime="787.11" endtime="787.11" punc="true">.</w>
   <vocalsound nite:id="EN2001e.E.words163" starttime="792.282" endtime="792.798" type="laugh"/>
   <w nite:id="EN2001e.E.words164" starttime="826.01" endtime="826.16">Huh</w>
   <w nite:id="EN2001e.E.words165" starttime="826.16" endtime="826.16" punc="true">.</w>
   <w nite:id="EN2001e.E.words166" starttime="848.65" endtime="848.74">Hmm</w>
   <w nite:id="EN2001e.E.words167" starttime="848.74" endtime="848.74" punc="true">.</w>
   <w nite:id="EN2001e.E.words168" starttime="932.42" endtime="932.51">Hmm</w>
   <w nite:id="EN2001e.E.words169" starttime="932.51" endtime="932.51" punc="true">.</w>
   <w nite:id="EN2001e.E.words170" starttime="939.17" endtime="939.76">Yeah</w>
   <w nite:id="EN2001e.E.words171" starttime="939.76" endtime="939.76" punc="true">.</w>
   <vocalsound nite:id="EN2001e.E.words172" starttime="939.76" endtime="939.94" type="laugh"/>
   <vocalsound nite:id="EN2001e.E.words173" starttime="939.94" endtime="939.940" type="laugh"/>
   <w nite:id="EN2001e.E.words174" starttime="966.43" endtime="966.72">But</w>
   <disfmarker nite:id="EN2001e.E.words175" starttime="966.72" endtime="966.72"/>
   <w nite:id="EN2001e.E.words176" starttime="966.72" endtime="967.07">yeah</w>
   <w nite:id="EN2001e.E.words177" starttime="967.07" endtime="967.07" punc="true">.</w>
   <w nite:id="EN2001e.E.words178" starttime="971.23" endtime="972.0">Yeah</w>
   <w nite:id="EN2001e.E.words179" starttime="972.0" endtime="972.0" punc="true">.</w>
   <w nite:id="EN2001e.E.words180" starttime="972.0" endtime="973.46">So</w>
   <w nite:id="EN2001e.E.words181" starttime="973.46" endtime="973.71">yeah</w>
   <w nite:id="EN2001e.E.words182" starttime="973.71" endtime="973.71" punc="true">,</w>
   <w nite:id="EN2001e.E.words183" starttime="973.71" endtime="973.78">I</w>
   <w nite:id="EN2001e.E.words184" starttime="973.78" endtime="973.92">don&#39;t</w>
   <w nite:id="EN2001e.E.words185" starttime="973.92" endtime="973.98">know</w>
   <w nite:id="EN2001e.E.words186" starttime="973.98" endtime="974.07">if</w>
   <w nite:id="EN2001e.E.words187" starttime="974.07" endtime="974.19">we&#39;re</w>
   <w nite:id="EN2001e.E.words188" starttime="974.19" endtime="974.41" trunc="true">gon</w>
   <w nite:id="EN2001e.E.words189" starttime="981.28" endtime="981.34">Do</w>
   <w nite:id="EN2001e.E.words190" starttime="981.34" endtime="981.4">you</w>
   <w nite:id="EN2001e.E.words191" starttime="981.4" endtime="981.56">think</w>
   <w nite:id="EN2001e.E.words192" starttime="981.56" endtime="981.67">we&#39;re</w>
   <w nite:id="EN2001e.E.words193" starttime="981.67" endtime="981.84">gonna</w>
   <w nite:id="EN2001e.E.words194" starttime="981.84" endtime="982.02">have</w>
   <w nite:id="EN2001e.E.words195" starttime="982.02" endtime="982.46">time</w>
   <w nite:id="EN2001e.E.words196" starttime="982.46" endtime="982.46" punc="true">?</w>
   <w nite:id="EN2001e.E.words197" starttime="997.14" endtime="997.21">Is</w>
   <w nite:id="EN2001e.E.words198" starttime="997.21" endtime="997.29">it</w>
   <w nite:id="EN2001e.E.words199" starttime="997.29" endtime="997.65">not</w>
   <w nite:id="EN2001e.E.words200" starttime="997.65" endtime="997.75">is</w>
   <w nite:id="EN2001e.E.words201" starttime="997.75" endtime="997.83">it</w>
   <w nite:id="EN2001e.E.words202" starttime="997.83" endtime="997.94">not</w>
   <w nite:id="EN2001e.E.words203" starttime="997.94" endtime="998.16">only</w>
   <w nite:id="EN2001e.E.words204" starttime="998.16" endtime="998.37">two</w>
   <w nite:id="EN2001e.E.words205" starttime="998.37" endtime="998.68">days</w>
   <w nite:id="EN2001e.E.words206" starttime="998.68" endtime="999.03">anyway</w>
   <w nite:id="EN2001e.E.words207" starttime="999.03" endtime="999.03" punc="true">?</w>
   <w nite:id="EN2001e.E.words208" starttime="1039.14" endtime="1039.31">Yeah</w>
   <w nite:id="EN2001e.E.words209" starttime="1039.31" endtime="1039.31" punc="true">,</w>
   <w nite:id="EN2001e.E.words210" starttime="1039.31" endtime="1039.51">that&#39;d</w>
   <w nite:id="EN2001e.E.words211" starttime="1039.51" endtime="1039.9">probably</w>
   <w nite:id="EN2001e.E.words212" starttime="1039.9" endtime="1039.99">be</w>
   <w nite:id="EN2001e.E.words213" starttime="1039.99" endtime="1040.13">quite</w>
   <w nite:id="EN2001e.E.words214" starttime="1040.13" endtime="1040.25">good</w>
   <w nite:id="EN2001e.E.words215" starttime="1040.25" endtime="1040.25" punc="true">.</w>
   <w nite:id="EN2001e.E.words216" starttime="1047.88" endtime="1048.11">Yeah</w>
   <w nite:id="EN2001e.E.words217" starttime="1048.11" endtime="1048.11" punc="true">,</w>
   <w nite:id="EN2001e.E.words218" starttime="1048.11" endtime="1048.23">I&#39;ve</w>
   <w nite:id="EN2001e.E.words219" starttime="1048.23" endtime="1048.39">got</w>
   <w nite:id="EN2001e.E.words220" starttime="1048.39" endtime="1048.43">a</w>
   <w nite:id="EN2001e.E.words221" starttime="1048.43" endtime="1048.83">basic</w>
   <w nite:id="EN2001e.E.words222" starttime="1048.83" endtime="1049.18">search</w>
   <w nite:id="EN2001e.E.words223" starttime="1049.18" endtime="1049.55">working</w>
   <w nite:id="EN2001e.E.words224" starttime="1049.55" endtime="1049.63">now</w>
   <w nite:id="EN2001e.E.words225" starttime="1049.63" endtime="1049.63" punc="true">.</w>
   <w nite:id="EN2001e.E.words226" starttime="1049.63" endtime="1050.3">It&#39;s</w>
   <w nite:id="EN2001e.E.words227" starttime="1050.3" endtime="1050.49" trunc="true">g</w>
   <w nite:id="EN2001e.E.words228" starttime="1050.49" endtime="1050.63">it&#39;s</w>
   <w nite:id="EN2001e.E.words229" starttime="1050.63" endtime="1050.79">got</w>
   <w nite:id="EN2001e.E.words230" starttime="1050.79" endtime="1050.84">a</w>
   <w nite:id="EN2001e.E.words231" starttime="1050.84" endtime="1051.15">user</w>
   <w nite:id="EN2001e.E.words232" starttime="1051.15" endtime="1051.76">interface</w>
   <w nite:id="EN2001e.E.words233" starttime="1051.76" endtime="1051.76" punc="true">.</w>
   <w nite:id="EN2001e.E.words234" starttime="1051.76" endtime="1052.52">So</w>
   <w nite:id="EN2001e.E.words235" starttime="1052.52" endtime="1053.71">yeah</w>
   <w nite:id="EN2001e.E.words236" starttime="1053.71" endtime="1053.71" punc="true">.</w>
   <w nite:id="EN2001e.E.words237" starttime="1053.71" endtime="1054.13">No</w>
   <w nite:id="EN2001e.E.words238" starttime="1054.13" endtime="1054.13" punc="true">.</w>
   <w nite:id="EN2001e.E.words239" starttime="1056.39" endtime="1056.55">Uh</w>
   <w nite:id="EN2001e.E.words240" starttime="1056.55" endtime="1056.67">I&#39;m</w>
   <w nite:id="EN2001e.E.words241" starttime="1056.67" endtime="1056.85">still</w>
   <w nite:id="EN2001e.E.words242" starttime="1056.85" endtime="1056.91">in</w>
   <w nite:id="EN2001e.E.words243" starttime="1056.91" endtime="1057.02">my</w>
   <w nite:id="EN2001e.E.words244" starttime="1057.02" endtime="1057.53">directory</w>
   <w nite:id="EN2001e.E.words245" starttime="1057.53" endtime="1057.53" punc="true">,</w>
   <w nite:id="EN2001e.E.words246" starttime="1057.53" endtime="1057.95">but</w>
   <w nite:id="EN2001e.E.words247" starttime="1057.95" endtime="1058.34" trunc="true">I</w>
   <w nite:id="EN2001e.E.words248" starttime="1058.34" endtime="1058.37">I</w>
   <w nite:id="EN2001e.E.words249" starttime="1058.37" endtime="1058.51">can</w>
   <w nite:id="EN2001e.E.words250" starttime="1058.51" endtime="1058.64">put</w>
   <w nite:id="EN2001e.E.words251" starttime="1058.64" endtime="1058.7">it</w>
   <w nite:id="EN2001e.E.words252" starttime="1058.7" endtime="1058.77">in</w>
   <w nite:id="EN2001e.E.words253" starttime="1058.77" endtime="1058.92">your</w>
   <w nite:id="EN2001e.E.words254" starttime="1058.92" endtime="1059.45">directory</w>
   <w nite:id="EN2001e.E.words255" starttime="1059.45" endtime="1059.45" punc="true">.</w>
   <w nite:id="EN2001e.E.words256" starttime="1062.89" endtime="1063.06">Yeah</w>
   <w nite:id="EN2001e.E.words257" starttime="1063.06" endtime="1063.22">yeah</w>
   <w nite:id="EN2001e.E.words258" starttime="1063.22" endtime="1063.22" punc="true">,</w>
   <w nite:id="EN2001e.E.words259" starttime="1063.22" endtime="1063.38">I&#39;ve</w>
   <w nite:id="EN2001e.E.words260" starttime="1063.38" endtime="1063.57">I&#39;ve</w>
   <w nite:id="EN2001e.E.words261" starttime="1063.57" endtime="1063.74">not</w>
   <w nite:id="EN2001e.E.words262" starttime="1063.74" endtime="1063.88">been</w>
   <w nite:id="EN2001e.E.words263" starttime="1063.88" endtime="1064.13">using</w>
   <w nite:id="EN2001e.E.words264" starttime="1064.13" endtime="1064.47">that</w>
   <w nite:id="EN2001e.E.words265" starttime="1064.47" endtime="1064.47" punc="true">.</w>
   <w nite:id="EN2001e.E.words266" starttime="1064.47" endtime="1065.03">Yeah</w>
   <w nite:id="EN2001e.E.words267" starttime="1065.03" endtime="1065.03" punc="true">.</w>
   <w nite:id="EN2001e.E.words268" starttime="1065.03" endtime="1065.18">Yeah</w>
   <w nite:id="EN2001e.E.words269" starttime="1065.18" endtime="1065.18" punc="true">,</w>
   <w nite:id="EN2001e.E.words270" starttime="1065.18" endtime="1065.26">I&#39;ve</w>
   <w nite:id="EN2001e.E.words271" starttime="1065.26" endtime="1065.45">just</w>
   <w nite:id="EN2001e.E.words272" starttime="1065.45" endtime="1065.88">been</w>
   <w nite:id="EN2001e.E.words273" starttime="1065.88" endtime="1066.22">taking</w>
   <w nite:id="EN2001e.E.words274" starttime="1066.22" endtime="1066.88">the</w>
   <w nite:id="EN2001e.E.words275" starttime="1066.88" endtime="1067.67">the</w>
   <w nite:id="EN2001e.E.words276" starttime="1067.67" endtime="1067.94">class</w>
   <w nite:id="EN2001e.E.words277" starttime="1067.94" endtime="1068.2">files</w>
   <w nite:id="EN2001e.E.words278" starttime="1068.2" endtime="1068.33">from</w>
   <w nite:id="EN2001e.E.words279" starttime="1068.33" endtime="1068.45">your</w>
   <w nite:id="EN2001e.E.words280" starttime="1068.45" endtime="1068.99">directory</w>
   <w nite:id="EN2001e.E.words281" starttime="1068.99" endtime="1068.99" punc="true">.</w>
   <w nite:id="EN2001e.E.words282" starttime="1437.7" endtime="1437.84">Hmm</w>
   <w nite:id="EN2001e.E.words283" starttime="1437.84" endtime="1437.84" punc="true">.</w>
   <w nite:id="EN2001e.E.words284" starttime="1587.04" endtime="1587.31">Yeah</w>
   <w nite:id="EN2001e.E.words285" starttime="1587.31" endtime="1587.31" punc="true">.</w>
   <w nite:id="EN2001e.E.words286" starttime="1613.11" endtime="1613.28">Hmm</w>
   <w nite:id="EN2001e.E.words287" starttime="1613.28" endtime="1613.28" punc="true">.</w>
   <w nite:id="EN2001e.E.words288" starttime="1767.33" endtime="1767.56">Hmm</w>
   <w nite:id="EN2001e.E.words289" starttime="1767.56" endtime="1767.56" punc="true">.</w>
   <w nite:id="EN2001e.E.words290" starttime="1798.8" endtime="1799.1">Hmm</w>
   <w nite:id="EN2001e.E.words291" starttime="1799.1" endtime="1799.1" punc="true">.</w>
   <w nite:id="EN2001e.E.words292" starttime="2173.46" endtime="2173.68">Hmm</w>
   <w nite:id="EN2001e.E.words293" starttime="2173.68" endtime="2173.68" punc="true">.</w>
   <w nite:id="EN2001e.E.words294" starttime="2193.25" endtime="2193.49">Hmm</w>
   <w nite:id="EN2001e.E.words295" starttime="2193.49" endtime="2193.49" punc="true">.</w>
   <vocalsound nite:id="EN2001e.E.words296" starttime="2219.952" endtime="2220.299" type="laugh"/>
   <w nite:id="EN2001e.E.words297" starttime="2724.35" endtime="2724.53">No</w>
   <w nite:id="EN2001e.E.words298" starttime="2724.53" endtime="2724.69" mispronounced="true">one</w>
   <w nite:id="EN2001e.E.words299" starttime="2724.69" endtime="2725.28">yet</w>
   <w nite:id="EN2001e.E.words300" starttime="2725.28" endtime="2725.28" punc="true">.</w>
   <vocalsound nite:id="EN2001e.E.words301" starttime="2725.28" endtime="2725.4" type="laugh"/>
   <w nite:id="EN2001e.E.words302" starttime="2751.66" endtime="2751.91">Yeah</w>
   <w nite:id="EN2001e.E.words303" starttime="2751.91" endtime="2751.91" punc="true">,</w>
   <w nite:id="EN2001e.E.words304" starttime="2751.91" endtime="2752.03">that</w>
   <disfmarker nite:id="EN2001e.E.words305" starttime="2752.03" endtime="2752.149"/>
   <w nite:id="EN2001e.E.words306" starttime="2754.4" endtime="2754.54">That</w>
   <w nite:id="EN2001e.E.words307" starttime="2754.54" endtime="2754.72">could</w>
   <w nite:id="EN2001e.E.words308" starttime="2754.72" endtime="2754.83">be</w>
   <w nite:id="EN2001e.E.words309" starttime="2754.83" endtime="2755.09">good</w>
   <w nite:id="EN2001e.E.words310" starttime="2755.09" endtime="2755.09" punc="true">,</w>
   <w nite:id="EN2001e.E.words311" starttime="2755.09" endtime="2755.35">yeah</w>
   <w nite:id="EN2001e.E.words312" starttime="2755.35" endtime="2755.35" punc="true">.</w>
   <w nite:id="EN2001e.E.words313" starttime="2824.1" endtime="2824.21">Hmm</w>
   <w nite:id="EN2001e.E.words314" starttime="2824.21" endtime="2824.21" punc="true">.</w>
   <vocalsound nite:id="EN2001e.E.words315" starttime="2888.291" endtime="2888.291" type="laugh"/>
   <w nite:id="EN2001e.E.words316" starttime="2888.41" endtime="2888.59">Uh</w>
   <w nite:id="EN2001e.E.words317" starttime="2888.59" endtime="2888.59" punc="true">.</w>
   <w nite:id="EN2001e.E.words318" starttime="2897.61" endtime="2897.77">Hmm</w>
   <w nite:id="EN2001e.E.words319" starttime="2897.77" endtime="2897.77" punc="true">.</w>
   <w nite:id="EN2001e.E.words320" starttime="2899.39" endtime="2899.59">Yeah</w>
   <w nite:id="EN2001e.E.words321" starttime="2899.59" endtime="2899.59" punc="true">,</w>
   <w nite:id="EN2001e.E.words322" starttime="2899.59" endtime="2899.62">are</w>
   <w nite:id="EN2001e.E.words323" starttime="2899.62" endtime="2899.72">we</w>
   <w nite:id="EN2001e.E.words324" starttime="2899.72" endtime="2899.87">gonna</w>
   <w nite:id="EN2001e.E.words325" starttime="2899.87" endtime="2900.02">have</w>
   <w nite:id="EN2001e.E.words326" starttime="2900.02" endtime="2900.25">time</w>
   <w nite:id="EN2001e.E.words327" starttime="2900.25" endtime="2900.43">to</w>
   <w nite:id="EN2001e.E.words328" starttime="2900.43" endtime="2900.62">make</w>
   <w nite:id="EN2001e.E.words329" starttime="2900.62" endtime="2900.76">it</w>
   <w nite:id="EN2001e.E.words330" starttime="2900.76" endtime="2901.12">display</w>
   <w nite:id="EN2001e.E.words331" starttime="2901.12" endtime="2901.38">like</w>
   <w nite:id="EN2001e.E.words332" starttime="2901.38" endtime="2901.42">a</w>
   <w nite:id="EN2001e.E.words333" starttime="2901.42" endtime="2901.99">whole</w>
   <w nite:id="EN2001e.E.words334" starttime="2901.99" endtime="2902.46">archive</w>
   <w nite:id="EN2001e.E.words335" starttime="2902.46" endtime="2902.58">of</w>
   <w nite:id="EN2001e.E.words336" starttime="2902.58" endtime="2903.34">meetings</w>
   <w nite:id="EN2001e.E.words337" starttime="2903.34" endtime="2903.34" punc="true">?</w>
   <w nite:id="EN2001e.E.words338" starttime="2903.34" endtime="2903.4">Or</w>
   <w nite:id="EN2001e.E.words339" starttime="2903.4" endtime="2903.46">is</w>
   <w nite:id="EN2001e.E.words340" starttime="2903.46" endtime="2903.57">it</w>
   <w nite:id="EN2001e.E.words341" starttime="2903.57" endtime="2903.71">just</w>
   <w nite:id="EN2001e.E.words342" starttime="2903.71" endtime="2903.87">gonna</w>
   <w nite:id="EN2001e.E.words343" starttime="2903.87" endtime="2903.96">be</w>
   <w nite:id="EN2001e.E.words344" starttime="2903.96" endtime="2904.38">displaying</w>
   <w nite:id="EN2001e.E.words345" starttime="2904.38" endtime="2904.68">single</w>
   <w nite:id="EN2001e.E.words346" starttime="2904.68" endtime="2905.08">meetings</w>
   <w nite:id="EN2001e.E.words347" starttime="2905.08" endtime="2905.18">and</w>
   <w nite:id="EN2001e.E.words348" starttime="2905.18" endtime="2905.28">you&#39;ll</w>
   <w nite:id="EN2001e.E.words349" starttime="2905.28" endtime="2905.45">hold</w>
   <w nite:id="EN2001e.E.words350" starttime="2905.45" endtime="2906.52">up</w>
   <w nite:id="EN2001e.E.words351" starttime="2906.52" endtime="2906.78">different</w>
   <w nite:id="EN2001e.E.words352" starttime="2906.78" endtime="2907.01">ones</w>
   <w nite:id="EN2001e.E.words353" starttime="2907.01" endtime="2907.01" punc="true">?</w>
   <w nite:id="EN2001e.E.words354" starttime="2916.76" endtime="2917.05">Hmm</w>
   <w nite:id="EN2001e.E.words355" starttime="2917.05" endtime="2917.05" punc="true">.</w>
   <w nite:id="EN2001e.E.words356" starttime="2930.53" endtime="2930.79">Yeah</w>
   <w nite:id="EN2001e.E.words357" starttime="2930.79" endtime="2930.79" punc="true">,</w>
   <w nite:id="EN2001e.E.words358" starttime="2930.79" endtime="2930.88">the</w>
   <disfmarker nite:id="EN2001e.E.words359" starttime="2930.88" endtime="2930.88"/>
   <w nite:id="EN2001e.E.words360" starttime="2930.88" endtime="2931.1">see</w>
   <w nite:id="EN2001e.E.words361" starttime="2931.1" endtime="2931.1" punc="true">,</w>
   <w nite:id="EN2001e.E.words362" starttime="2931.1" endtime="2931.16">at</w>
   <w nite:id="EN2001e.E.words363" starttime="2931.16" endtime="2931.23">the</w>
   <w nite:id="EN2001e.E.words364" starttime="2931.23" endtime="2931.56">moment</w>
   <w nite:id="EN2001e.E.words365" starttime="2931.56" endtime="2931.85">the</w>
   <w nite:id="EN2001e.E.words366" starttime="2931.85" endtime="2932.25">dialogue</w>
   <w nite:id="EN2001e.E.words367" starttime="2932.25" endtime="2932.68">I_D_s</w>
   <w nite:id="EN2001e.E.words368" starttime="2932.68" endtime="2933.05">just</w>
   <disfmarker nite:id="EN2001e.E.words369" starttime="2933.05" endtime="2933.05"/>
   <w nite:id="EN2001e.E.words370" starttime="2933.05" endtime="2933.18">they</w>
   <w nite:id="EN2001e.E.words371" starttime="2933.18" endtime="2933.51">start</w>
   <w nite:id="EN2001e.E.words372" starttime="2933.51" endtime="2933.57">at</w>
   <w nite:id="EN2001e.E.words373" starttime="2933.57" endtime="2933.82">zero</w>
   <w nite:id="EN2001e.E.words374" starttime="2933.82" endtime="2933.96">for</w>
   <w nite:id="EN2001e.E.words375" starttime="2933.96" endtime="2934.12">each</w>
   <w nite:id="EN2001e.E.words376" starttime="2934.12" endtime="2935.07">meeting</w>
   <w nite:id="EN2001e.E.words377" starttime="2935.07" endtime="2935.07" punc="true">,</w>
   <w nite:id="EN2001e.E.words378" starttime="2935.07" endtime="2935.14">they</w>
   <w nite:id="EN2001e.E.words379" starttime="2935.14" endtime="2935.36">don&#39;t</w>
   <w nite:id="EN2001e.E.words380" starttime="2935.36" endtime="2935.92">run</w>
   <w nite:id="EN2001e.E.words381" starttime="2935.92" endtime="2936.18">um</w>
   <w nite:id="EN2001e.E.words382" starttime="2936.18" endtime="2938.06">continuously</w>
   <w nite:id="EN2001e.E.words383" starttime="2938.06" endtime="2938.06" punc="true">.</w>
   <w nite:id="EN2001e.E.words384" starttime="2938.06" endtime="2938.17">But</w>
   <w nite:id="EN2001e.E.words385" starttime="2938.17" endtime="2938.29">you</w>
   <w nite:id="EN2001e.E.words386" starttime="2938.29" endtime="2938.41" trunc="true">w</w>
   <w nite:id="EN2001e.E.words387" starttime="2938.41" endtime="2938.7">you&#39;d</w>
   <w nite:id="EN2001e.E.words388" starttime="2938.7" endtime="2938.87">like</w>
   <w nite:id="EN2001e.E.words389" starttime="2938.87" endtime="2938.99">them</w>
   <w nite:id="EN2001e.E.words390" starttime="2938.99" endtime="2939.11">to</w>
   <w nite:id="EN2001e.E.words391" starttime="2939.11" endtime="2939.27">run</w>
   <w nite:id="EN2001e.E.words392" starttime="2939.27" endtime="2939.87">continuously</w>
   <w nite:id="EN2001e.E.words393" starttime="2939.87" endtime="2939.87" punc="true">.</w>
   <w nite:id="EN2001e.E.words394" starttime="2941.2" endtime="2942.09">Yeah</w>
   <w nite:id="EN2001e.E.words395" starttime="2942.09" endtime="2942.09" punc="true">,</w>
   <w nite:id="EN2001e.E.words396" starttime="2942.09" endtime="2942.18">I</w>
   <w nite:id="EN2001e.E.words397" starttime="2942.18" endtime="2942.31">can</w>
   <w nite:id="EN2001e.E.words398" starttime="2942.31" endtime="2942.63">change</w>
   <w nite:id="EN2001e.E.words399" starttime="2942.63" endtime="2942.75">that</w>
   <w nite:id="EN2001e.E.words400" starttime="2942.75" endtime="2942.75" punc="true">.</w>
   <w nite:id="EN2001e.E.words401" starttime="2948.04" endtime="2948.76">Yeah</w>
   <w nite:id="EN2001e.E.words402" starttime="2948.76" endtime="2948.76" punc="true">,</w>
   <w nite:id="EN2001e.E.words403" starttime="2948.76" endtime="2948.98">just</w>
   <w nite:id="EN2001e.E.words404" starttime="2948.98" endtime="2949.2">to</w>
   <w nite:id="EN2001e.E.words405" starttime="2949.2" endtime="2949.47">change</w>
   <w nite:id="EN2001e.E.words406" starttime="2949.47" endtime="2949.55">the</w>
   <w nite:id="EN2001e.E.words407" starttime="2949.55" endtime="2949.9">index</w>
   <w nite:id="EN2001e.E.words408" starttime="2949.9" endtime="2950.2">files</w>
   <w nite:id="EN2001e.E.words409" starttime="2950.2" endtime="2950.31">as</w>
   <w nite:id="EN2001e.E.words410" starttime="2950.31" endtime="2950.55">well</w>
   <w nite:id="EN2001e.E.words411" starttime="2950.55" endtime="2950.55" punc="true">.</w>
   <w nite:id="EN2001e.E.words412" starttime="3065.63" endtime="3065.85">Mm</w>
   <w nite:id="EN2001e.E.words413" starttime="3065.85" endtime="3065.85" punc="true">.</w>
   <w nite:id="EN2001e.E.words414" starttime="3101.67" endtime="3101.73">Do</w>
   <w nite:id="EN2001e.E.words415" starttime="3101.73" endtime="3101.79">you</w>
   <w nite:id="EN2001e.E.words416" starttime="3101.79" endtime="3101.92">want</w>
   <w nite:id="EN2001e.E.words417" starttime="3101.92" endtime="3102.0">me</w>
   <w nite:id="EN2001e.E.words418" starttime="3102.0" endtime="3102.1">to</w>
   <w nite:id="EN2001e.E.words419" starttime="3102.1" endtime="3102.28">put</w>
   <w nite:id="EN2001e.E.words420" starttime="3102.28" endtime="3102.36">a</w>
   <w nite:id="EN2001e.E.words421" starttime="3102.36" endtime="3102.68">search</w>
   <w nite:id="EN2001e.E.words422" starttime="3102.68" endtime="3102.99">in</w>
   <w nite:id="EN2001e.E.words423" starttime="3102.99" endtime="3103.31">soon</w>
   <w nite:id="EN2001e.E.words424" starttime="3103.31" endtime="3103.31" punc="true">?</w>
   <w nite:id="EN2001e.E.words425" starttime="3108.79" endtime="3108.88">No</w>
   <w nite:id="EN2001e.E.words426" starttime="3108.88" endtime="3108.88" punc="true">,</w>
   <w nite:id="EN2001e.E.words427" starttime="3108.88" endtime="3109.02">oh</w>
   <w nite:id="EN2001e.E.words428" starttime="3109.02" endtime="3109.25">yeah</w>
   <w nite:id="EN2001e.E.words429" starttime="3109.25" endtime="3109.25" punc="true">.</w>
   <w nite:id="EN2001e.E.words430" starttime="3117.05" endtime="3117.3">Yes</w>
   <w nite:id="EN2001e.E.words431" starttime="3117.3" endtime="3117.3" punc="true">.</w>
   <w nite:id="EN2001e.E.words432" starttime="3118.95" endtime="3119.15">Yeah</w>
   <w nite:id="EN2001e.E.words433" starttime="3119.15" endtime="3119.51">well</w>
   <w nite:id="EN2001e.E.words434" starttime="3119.51" endtime="3119.51" punc="true">,</w>
   <w nite:id="EN2001e.E.words435" starttime="3119.51" endtime="3119.69">we&#39;ll</w>
   <w nite:id="EN2001e.E.words436" starttime="3119.69" endtime="3119.97">work</w>
   <w nite:id="EN2001e.E.words437" starttime="3119.97" endtime="3120.07">on</w>
   <w nite:id="EN2001e.E.words438" starttime="3120.07" endtime="3120.2">it</w>
   <w nite:id="EN2001e.E.words439" starttime="3120.2" endtime="3120.2" punc="true">,</w>
   <w nite:id="EN2001e.E.words440" starttime="3120.2" endtime="3120.46">yeah</w>
   <w nite:id="EN2001e.E.words441" starttime="3120.46" endtime="3120.46" punc="true">.</w>
   <w nite:id="EN2001e.E.words442" starttime="3154.28" endtime="3154.59">Hmm</w>
   <w nite:id="EN2001e.E.words443" starttime="3154.59" endtime="3154.59" punc="true">.</w>
   <w nite:id="EN2001e.E.words444" starttime="3236.8" endtime="3236.97">Yeah</w>
   <w nite:id="EN2001e.E.words445" starttime="3236.97" endtime="3236.97" punc="true">.</w>
   <w nite:id="EN2001e.E.words446" starttime="3256.65" endtime="3256.93">Mm-hmm</w>
   <w nite:id="EN2001e.E.words447" starttime="3256.93" endtime="3256.93" punc="true">.</w>
   <w nite:id="EN2001e.E.words448" starttime="3259.12" endtime="3259.31">Yeah</w>
   <w nite:id="EN2001e.E.words449" starttime="3259.31" endtime="3259.31" punc="true">.</w>
   <w nite:id="EN2001e.E.words450" starttime="3289.67" endtime="3289.87">Hmm</w>
   <w nite:id="EN2001e.E.words451" starttime="3289.87" endtime="3289.87" punc="true">.</w>
   <w nite:id="EN2001e.E.words452" starttime="3302.92" endtime="3303.22">Yes</w>
   <w nite:id="EN2001e.E.words453" starttime="3303.22" endtime="3303.22" punc="true">,</w>
   <w nite:id="EN2001e.E.words454" starttime="3303.22" endtime="3303.31">we&#39;re</w>
   <w nite:id="EN2001e.E.words455" starttime="3303.31" endtime="3303.49">gonna</w>
   <w nite:id="EN2001e.E.words456" starttime="3303.49" endtime="3303.75">talk</w>
   <w nite:id="EN2001e.E.words457" starttime="3303.75" endtime="3304.04">about</w>
   <w nite:id="EN2001e.E.words458" starttime="3304.04" endtime="3304.14">the</w>
   <w nite:id="EN2001e.E.words459" starttime="3304.14" endtime="3304.76">evaluation</w>
   <w nite:id="EN2001e.E.words460" starttime="3304.76" endtime="3305.01">next</w>
   <w nite:id="EN2001e.E.words461" starttime="3305.01" endtime="3305.23">week</w>
   <w nite:id="EN2001e.E.words462" starttime="3305.23" endtime="3305.23" punc="true">.</w>
   <w nite:id="EN2001e.E.words463" starttime="3314.24" endtime="3314.45">Yeah</w>
   <w nite:id="EN2001e.E.words464" starttime="3314.45" endtime="3314.45" punc="true">,</w>
   <w nite:id="EN2001e.E.words465" starttime="3314.45" endtime="3314.53">we</w>
   <w nite:id="EN2001e.E.words466" starttime="3314.53" endtime="3314.69">could</w>
   <w nite:id="EN2001e.E.words467" starttime="3314.69" endtime="3314.8">do</w>
   <w nite:id="EN2001e.E.words468" starttime="3314.8" endtime="3314.99">that</w>
   <w nite:id="EN2001e.E.words469" starttime="3314.99" endtime="3314.99" punc="true">.</w>
   <w nite:id="EN2001e.E.words470" starttime="3320.24" endtime="3320.58">Yeah</w>
   <w nite:id="EN2001e.E.words471" starttime="3320.58" endtime="3320.58" punc="true">,</w>
   <w nite:id="EN2001e.E.words472" starttime="3320.58" endtime="3320.63">I</w>
   <w nite:id="EN2001e.E.words473" starttime="3320.63" endtime="3320.84">think</w>
   <w nite:id="EN2001e.E.words474" starttime="3320.84" endtime="3320.96">they&#39;re</w>
   <w nite:id="EN2001e.E.words475" starttime="3320.96" endtime="3321.11">on</w>
   <w nite:id="EN2001e.E.words476" starttime="3321.11" endtime="3321.7">the</w>
   <w nite:id="EN2001e.E.words477" starttime="3321.7" endtime="3322.63">N_L_S_S_D_</w>
   <w nite:id="EN2001e.E.words478" starttime="3322.63" endtime="3322.82">web</w>
   <w nite:id="EN2001e.E.words479" starttime="3322.82" endtime="3324.22">page</w>
   <w nite:id="EN2001e.E.words480" starttime="3324.22" endtime="3324.22" punc="true">.</w>
   <w nite:id="EN2001e.E.words481" starttime="3324.22" endtime="3324.52">Hmm</w>
   <w nite:id="EN2001e.E.words482" starttime="3324.52" endtime="3324.52" punc="true">.</w>
   <vocalsound nite:id="EN2001e.E.words483" starttime="3357.841" endtime="3358.207" type="laugh"/>
   <w nite:id="EN2001e.E.words484" starttime="3380.85" endtime="3381.09">Yeah</w>
   <w nite:id="EN2001e.E.words485" starttime="3381.09" endtime="3381.09" punc="true">.</w>
   <w nite:id="EN2001e.E.words486" starttime="3388.0" endtime="3388.58">Yeah</w>
   <w nite:id="EN2001e.E.words487" starttime="3388.58" endtime="3388.58" punc="true">,</w>
   <w nite:id="EN2001e.E.words488" starttime="3388.58" endtime="3388.83">probably</w>
   <w nite:id="EN2001e.E.words489" starttime="3388.83" endtime="3388.93">as</w>
   <w nite:id="EN2001e.E.words490" starttime="3388.93" endtime="3389.12">long</w>
   <w nite:id="EN2001e.E.words491" starttime="3389.12" endtime="3389.21">as</w>
   <w nite:id="EN2001e.E.words492" starttime="3389.21" endtime="3389.35">we</w>
   <w nite:id="EN2001e.E.words493" starttime="3389.35" endtime="3390.21">need</w>
   <w nite:id="EN2001e.E.words494" starttime="3390.21" endtime="3390.21" punc="true">.</w>
   <w nite:id="EN2001e.E.words495" starttime="3390.21" endtime="3390.37">But</w>
   <w nite:id="EN2001e.E.words496" starttime="3390.37" endtime="3390.65">yeah</w>
   <w nite:id="EN2001e.E.words497" starttime="3390.65" endtime="3390.65" punc="true">,</w>
   <w nite:id="EN2001e.E.words498" starttime="3390.65" endtime="3390.7">I</w>
   <w nite:id="EN2001e.E.words499" starttime="3390.7" endtime="3390.87">don&#39;t</w>
   <w nite:id="EN2001e.E.words500" starttime="3390.87" endtime="3392.14">know</w>
   <w nite:id="EN2001e.E.words501" starttime="3392.14" endtime="3392.14" punc="true">.</w>
   <w nite:id="EN2001e.E.words502" starttime="3392.14" endtime="3392.4">Half</w>
   <w nite:id="EN2001e.E.words503" starttime="3392.4" endtime="3392.48">an</w>
   <w nite:id="EN2001e.E.words504" starttime="3392.48" endtime="3392.73">hour</w>
   <w nite:id="EN2001e.E.words505" starttime="3392.73" endtime="3392.87">or</w>
   <w nite:id="EN2001e.E.words506" starttime="3392.87" endtime="3393.11" trunc="true">some</w>
   <w nite:id="EN2001e.E.words507" starttime="3396.84" endtime="3397.46">Yeah</w>
   <w nite:id="EN2001e.E.words508" starttime="3397.46" endtime="3397.46" punc="true">,</w>
   <w nite:id="EN2001e.E.words509" starttime="3397.46" endtime="3397.7">half</w>
   <w nite:id="EN2001e.E.words510" starttime="3397.7" endtime="3397.81">an</w>
   <w nite:id="EN2001e.E.words511" starttime="3397.81" endtime="3398.07">hour</w>
   <w nite:id="EN2001e.E.words512" starttime="3398.07" endtime="3398.66">probably</w>
   <w nite:id="EN2001e.E.words513" starttime="3398.66" endtime="3398.66" punc="true">.</w>
   <w nite:id="EN2001e.E.words514" starttime="3414.84" endtime="3415.19">Hmm</w>
   <w nite:id="EN2001e.E.words515" starttime="3415.19" endtime="3415.19" punc="true">.</w>
   <w nite:id="EN2001e.E.words516" starttime="3416.65" endtime="3416.87">Yeah</w>
   <w nite:id="EN2001e.E.words517" starttime="3416.87" endtime="3416.87" punc="true">,</w>
   <w nite:id="EN2001e.E.words518" starttime="3416.87" endtime="3416.91">I</w>
   <w nite:id="EN2001e.E.words519" starttime="3416.91" endtime="3417.09">think</w>
   <w nite:id="EN2001e.E.words520" starttime="3417.09" endtime="3417.09" punc="true">.</w>
   <w nite:id="EN2001e.E.words521" starttime="3425.21" endtime="3425.57">Yeah</w>
   <w nite:id="EN2001e.E.words522" starttime="3425.57" endtime="3425.57" punc="true">.</w>
   <w nite:id="EN2001e.E.words523" starttime="3444.79" endtime="3445.19">Hmm</w>
   <w nite:id="EN2001e.E.words524" starttime="3445.19" endtime="3445.19" punc="true">.</w>
   <w nite:id="EN2001e.E.words525" starttime="3455.04" endtime="3455.16">Yeah</w>
   <w nite:id="EN2001e.E.words526" starttime="3455.16" endtime="3455.16" punc="true">,</w>
   <w nite:id="EN2001e.E.words527" starttime="3455.16" endtime="3455.23">it</w>
   <w nite:id="EN2001e.E.words528" starttime="3455.23" endtime="3455.34">may</w>
   <w nite:id="EN2001e.E.words529" starttime="3455.34" endtime="3455.45">be</w>
   <w nite:id="EN2001e.E.words530" starttime="3455.45" endtime="3455.48">a</w>
   <w nite:id="EN2001e.E.words531" starttime="3455.48" endtime="3455.6">good</w>
   <w nite:id="EN2001e.E.words532" starttime="3455.6" endtime="3455.82">idea</w>
   <w nite:id="EN2001e.E.words533" starttime="3455.82" endtime="3455.96">to</w>
   <w nite:id="EN2001e.E.words534" starttime="3455.96" endtime="3456.09">do</w>
   <w nite:id="EN2001e.E.words535" starttime="3456.09" endtime="3456.67">that</w>
   <w nite:id="EN2001e.E.words536" starttime="3456.67" endtime="3456.67" punc="true">.</w>
   <w nite:id="EN2001e.E.words537" starttime="3456.67" endtime="3456.85">Could</w>
   <w nite:id="EN2001e.E.words538" starttime="3456.85" endtime="3456.94">we</w>
   <w nite:id="EN2001e.E.words539" starttime="3456.94" endtime="3457.36">guarantee</w>
   <w nite:id="EN2001e.E.words540" starttime="3457.36" endtime="3457.45">that</w>
   <w nite:id="EN2001e.E.words541" starttime="3457.45" endtime="3457.58">it&#39;d</w>
   <w nite:id="EN2001e.E.words542" starttime="3457.58" endtime="3457.91">work</w>
   <w nite:id="EN2001e.E.words543" starttime="3457.91" endtime="3457.91" punc="true">?</w>
   <w nite:id="EN2001e.E.words544" starttime="3472.5" endtime="3472.73">Hmm</w>
   <w nite:id="EN2001e.E.words545" starttime="3472.73" endtime="3472.73" punc="true">.</w>
   <w nite:id="EN2001e.E.words546" starttime="3492.75" endtime="3492.97">Yeah</w>
   <w nite:id="EN2001e.E.words547" starttime="3492.97" endtime="3492.97" punc="true">,</w>
   <w nite:id="EN2001e.E.words548" starttime="3492.97" endtime="3493.08">I&#39;ve</w>
   <w nite:id="EN2001e.E.words549" starttime="3493.08" endtime="3493.19">been</w>
   <w nite:id="EN2001e.E.words550" starttime="3493.19" endtime="3493.36">able</w>
   <w nite:id="EN2001e.E.words551" starttime="3493.36" endtime="3493.48">to</w>
   <w nite:id="EN2001e.E.words552" starttime="3493.48" endtime="3493.62">run</w>
   <w nite:id="EN2001e.E.words553" starttime="3493.62" endtime="3493.72">it</w>
   <w nite:id="EN2001e.E.words554" starttime="3493.72" endtime="3493.87">without</w>
   <w nite:id="EN2001e.E.words555" starttime="3493.87" endtime="3493.87" punc="true">,</w>
   <w nite:id="EN2001e.E.words556" starttime="3493.87" endtime="3494.25">yeah</w>
   <w nite:id="EN2001e.E.words557" starttime="3494.25" endtime="3494.25" punc="true">.</w>
   <w nite:id="EN2001e.E.words558" starttime="3505.63" endtime="3505.79">Hmm</w>
   <w nite:id="EN2001e.E.words559" starttime="3505.79" endtime="3505.79" punc="true">.</w>
   <w nite:id="EN2001e.E.words560" starttime="3514.32" endtime="3514.58">Mm-hmm</w>
   <w nite:id="EN2001e.E.words561" starttime="3514.58" endtime="3514.58" punc="true">.</w>
   <w nite:id="EN2001e.E.words562" starttime="3550.81" endtime="3551.26">Yeah</w>
   <w nite:id="EN2001e.E.words563" starttime="3551.26" endtime="3551.26" punc="true">,</w>
   <w nite:id="EN2001e.E.words564" starttime="3551.26" endtime="3551.39">I&#39;m</w>
   <w nite:id="EN2001e.E.words565" starttime="3551.39" endtime="3551.56">sure</w>
   <w nite:id="EN2001e.E.words566" starttime="3551.56" endtime="3551.71">he&#39;ll</w>
   <w nite:id="EN2001e.E.words567" starttime="3551.71" endtime="3551.84">let</w>
   <w nite:id="EN2001e.E.words568" starttime="3551.84" endtime="3552.08">us</w>
   <w nite:id="EN2001e.E.words569" starttime="3552.08" endtime="3552.94">uh</w>
   <w nite:id="EN2001e.E.words570" starttime="3552.94" endtime="3553.27">test</w>
   <w nite:id="EN2001e.E.words571" starttime="3553.27" endtime="3553.33">it</w>
   <w nite:id="EN2001e.E.words572" starttime="3553.33" endtime="3553.47">out</w>
   <w nite:id="EN2001e.E.words573" starttime="3553.47" endtime="3553.79">before</w>
   <w nite:id="EN2001e.E.words574" starttime="3553.79" endtime="3553.91">we</w>
   <w nite:id="EN2001e.E.words575" starttime="3553.91" endtime="3554.04">do</w>
   <w nite:id="EN2001e.E.words576" starttime="3554.04" endtime="3554.19">it</w>
   <w nite:id="EN2001e.E.words577" starttime="3554.19" endtime="3554.19" punc="true">.</w>
   <w nite:id="EN2001e.E.words578" starttime="3641.03" endtime="3641.22">Yeah</w>
   <w nite:id="EN2001e.E.words579" starttime="3641.22" endtime="3641.45">Dave</w>
   <w nite:id="EN2001e.E.words580" starttime="3641.45" endtime="3641.45" punc="true">,</w>
   <w nite:id="EN2001e.E.words581" starttime="3641.45" endtime="3641.79">see</w>
   <w nite:id="EN2001e.E.words582" starttime="3641.79" endtime="3641.99">in</w>
   <w nite:id="EN2001e.E.words583" starttime="3641.99" endtime="3642.63">the</w>
   <w nite:id="EN2001e.E.words584" starttime="3642.63" endtime="3643.0">programme</w>
   <w nite:id="EN2001e.E.words585" starttime="3643.0" endtime="3643.85">manager</w>
   <w nite:id="EN2001e.E.words586" starttime="3643.85" endtime="3643.85" punc="true">,</w>
   <w nite:id="EN2001e.E.words587" starttime="3643.85" endtime="3643.96">do</w>
   <w nite:id="EN2001e.E.words588" starttime="3643.96" endtime="3644.14">you</w>
   <w nite:id="EN2001e.E.words589" starttime="3644.14" endtime="3644.41">have</w>
   <w nite:id="EN2001e.E.words590" starttime="3644.41" endtime="3644.9">a</w>
   <w nite:id="EN2001e.E.words591" starttime="3644.9" endtime="3644.97">a</w>
   <w nite:id="EN2001e.E.words592" starttime="3644.97" endtime="3645.43">method</w>
   <w nite:id="EN2001e.E.words593" starttime="3645.43" endtime="3646.08">to</w>
   <w nite:id="EN2001e.E.words594" starttime="3646.08" endtime="3646.25">like</w>
   <w nite:id="EN2001e.E.words595" starttime="3646.25" endtime="3646.54">set</w>
   <w nite:id="EN2001e.E.words596" starttime="3646.54" endtime="3646.63">the</w>
   <w nite:id="EN2001e.E.words597" starttime="3646.63" endtime="3646.98">current</w>
   <w nite:id="EN2001e.E.words598" starttime="3646.98" endtime="3647.65">I_D_</w>
   <w nite:id="EN2001e.E.words599" starttime="3647.65" endtime="3647.8">so</w>
   <w nite:id="EN2001e.E.words600" starttime="3647.8" endtime="3647.93">it&#39;ll</w>
   <w nite:id="EN2001e.E.words601" starttime="3647.93" endtime="3648.2">update</w>
   <w nite:id="EN2001e.E.words602" starttime="3648.2" endtime="3648.28">the</w>
   <w nite:id="EN2001e.E.words603" starttime="3648.28" endtime="3649.53">display</w>
   <w nite:id="EN2001e.E.words604" starttime="3649.53" endtime="3649.53" punc="true">?</w>
   <w nite:id="EN2001e.E.words605" starttime="3649.53" endtime="3649.65">&#39;Cause</w>
   <w nite:id="EN2001e.E.words606" starttime="3649.65" endtime="3649.79">that&#39;s</w>
   <w nite:id="EN2001e.E.words607" starttime="3649.79" endtime="3649.88">what</w>
   <w nite:id="EN2001e.E.words608" starttime="3649.88" endtime="3650.02">I&#39;m</w>
   <w nite:id="EN2001e.E.words609" starttime="3650.02" endtime="3650.18">gonna</w>
   <w nite:id="EN2001e.E.words610" starttime="3650.18" endtime="3650.57">need</w>
   <w nite:id="EN2001e.E.words611" starttime="3650.57" endtime="3650.69">when</w>
   <w nite:id="EN2001e.E.words612" starttime="3650.69" endtime="3651.25">I&#39;m</w>
   <w nite:id="EN2001e.E.words613" starttime="3651.25" endtime="3651.46">uh</w>
   <w nite:id="EN2001e.E.words614" starttime="3651.46" endtime="3651.57">like</w>
   <w nite:id="EN2001e.E.words615" starttime="3651.57" endtime="3651.82">getting</w>
   <w nite:id="EN2001e.E.words616" starttime="3651.82" endtime="3652.13">search</w>
   <w nite:id="EN2001e.E.words617" starttime="3652.13" endtime="3652.57">results</w>
   <w nite:id="EN2001e.E.words618" starttime="3652.57" endtime="3652.57" punc="true">.</w>
   <w nite:id="EN2001e.E.words619" starttime="3658.47" endtime="3658.78">Hmm</w>
   <w nite:id="EN2001e.E.words620" starttime="3658.78" endtime="3658.78" punc="true">.</w>
   <w nite:id="EN2001e.E.words621" starttime="3665.14" endtime="3665.42">Right</w>
   <w nite:id="EN2001e.E.words622" starttime="3665.42" endtime="3665.42" punc="true">.</w>
   <w nite:id="EN2001e.E.words623" starttime="3683.29" endtime="3683.46">Yeah</w>
   <w nite:id="EN2001e.E.words624" starttime="3683.46" endtime="3683.46" punc="true">,</w>
   <w nite:id="EN2001e.E.words625" starttime="3683.46" endtime="3683.58">well</w>
   <w nite:id="EN2001e.E.words626" starttime="3683.58" endtime="3683.69">as</w>
   <w nite:id="EN2001e.E.words627" starttime="3683.69" endtime="3683.86">far</w>
   <w nite:id="EN2001e.E.words628" starttime="3683.86" endtime="3683.96">as</w>
   <w nite:id="EN2001e.E.words629" starttime="3683.96" endtime="3684.06">I&#39;ve</w>
   <w nite:id="EN2001e.E.words630" starttime="3684.06" endtime="3684.2">got</w>
   <w nite:id="EN2001e.E.words631" starttime="3684.2" endtime="3684.26">at</w>
   <w nite:id="EN2001e.E.words632" starttime="3684.26" endtime="3684.33">the</w>
   <w nite:id="EN2001e.E.words633" starttime="3684.33" endtime="3684.62">moment</w>
   <w nite:id="EN2001e.E.words634" starttime="3684.62" endtime="3684.62" punc="true">,</w>
   <w nite:id="EN2001e.E.words635" starttime="3684.62" endtime="3684.76">I&#39;ve</w>
   <w nite:id="EN2001e.E.words636" starttime="3684.76" endtime="3684.93">made</w>
   <w nite:id="EN2001e.E.words637" starttime="3684.93" endtime="3685.26">a</w>
   <w nite:id="EN2001e.E.words638" starttime="3685.26" endtime="3685.64">results</w>
   <w nite:id="EN2001e.E.words639" starttime="3685.64" endtime="3686.47">class</w>
   <w nite:id="EN2001e.E.words640" starttime="3686.47" endtime="3686.68">that&#39;s</w>
   <w nite:id="EN2001e.E.words641" starttime="3686.68" endtime="3687.16">got</w>
   <w nite:id="EN2001e.E.words642" starttime="3687.16" endtime="3687.54">like</w>
   <w nite:id="EN2001e.E.words643" starttime="3687.54" endtime="3688.16">the</w>
   <w nite:id="EN2001e.E.words644" starttime="3688.16" endtime="3688.69">I_D_</w>
   <w nite:id="EN2001e.E.words645" starttime="3688.69" endtime="3688.86">and</w>
   <w nite:id="EN2001e.E.words646" starttime="3688.86" endtime="3689.71">the</w>
   <w nite:id="EN2001e.E.words647" starttime="3689.71" endtime="3690.06">stuff</w>
   <w nite:id="EN2001e.E.words648" starttime="3690.06" endtime="3690.06" punc="true">.</w>
   <w nite:id="EN2001e.E.words649" starttime="3692.48" endtime="3693.13">Yeah</w>
   <w nite:id="EN2001e.E.words650" starttime="3693.13" endtime="3693.13" punc="true">.</w>
   <w nite:id="EN2001e.E.words651" starttime="3693.13" endtime="3693.87">Yep</w>
   <w nite:id="EN2001e.E.words652" starttime="3693.87" endtime="3693.87" punc="true">.</w>
   <w nite:id="EN2001e.E.words653" starttime="3693.87" endtime="3694.16">I&#39;m</w>
   <disfmarker nite:id="EN2001e.E.words654" starttime="3694.16" endtime="3694.16"/>
   <w nite:id="EN2001e.E.words655" starttime="3694.16" endtime="3694.31">well</w>
   <w nite:id="EN2001e.E.words656" starttime="3694.31" endtime="3694.31" punc="true">,</w>
   <w nite:id="EN2001e.E.words657" starttime="3694.31" endtime="3694.41">I&#39;m</w>
   <w nite:id="EN2001e.E.words658" starttime="3694.41" endtime="3694.67">working</w>
   <w nite:id="EN2001e.E.words659" starttime="3694.67" endtime="3694.81">on</w>
   <w nite:id="EN2001e.E.words660" starttime="3694.81" endtime="3694.91">it</w>
   <w nite:id="EN2001e.E.words661" starttime="3694.91" endtime="3694.91" punc="true">.</w>
   <w nite:id="EN2001e.E.words662" starttime="3702.95" endtime="3703.18">Right</w>
   <w nite:id="EN2001e.E.words663" starttime="3703.18" endtime="3703.18" punc="true">.</w>
   <w nite:id="EN2001e.E.words664" starttime="3716.13" endtime="3716.34" trunc="true">I</w>
   <w nite:id="EN2001e.E.words665" starttime="3716.34" endtime="3716.75">yeah</w>
   <w nite:id="EN2001e.E.words666" starttime="3716.75" endtime="3716.75" punc="true">,</w>
   <w nite:id="EN2001e.E.words667" starttime="3716.75" endtime="3716.87">and</w>
   <w nite:id="EN2001e.E.words668" starttime="3716.87" endtime="3716.96">it</w>
   <w nite:id="EN2001e.E.words669" starttime="3716.96" endtime="3717.13">might</w>
   <w nite:id="EN2001e.E.words670" starttime="3717.13" endtime="3717.28">not</w>
   <w nite:id="EN2001e.E.words671" starttime="3717.28" endtime="3717.38">be</w>
   <w nite:id="EN2001e.E.words672" starttime="3717.38" endtime="3718.43">there</w>
   <w nite:id="EN2001e.E.words673" starttime="3718.43" endtime="3718.43" punc="true">.</w>
   <w nite:id="EN2001e.E.words674" starttime="3718.43" endtime="3718.59">I</w>
   <w nite:id="EN2001e.E.words675" starttime="3718.59" endtime="3718.78">know</w>
   <w nite:id="EN2001e.E.words676" starttime="3718.78" endtime="3718.78" punc="true">,</w>
   <w nite:id="EN2001e.E.words677" starttime="3718.78" endtime="3718.88">I</w>
   <w nite:id="EN2001e.E.words678" starttime="3718.88" endtime="3719.01">was</w>
   <w nite:id="EN2001e.E.words679" starttime="3719.01" endtime="3719.26">thinking</w>
   <w nite:id="EN2001e.E.words680" starttime="3719.26" endtime="3719.37">that</w>
   <w nite:id="EN2001e.E.words681" starttime="3719.37" endtime="3719.49">might</w>
   <w nite:id="EN2001e.E.words682" starttime="3719.49" endtime="3719.57">be</w>
   <w nite:id="EN2001e.E.words683" starttime="3719.57" endtime="3719.63">a</w>
   <w nite:id="EN2001e.E.words684" starttime="3719.63" endtime="3720.08">problem</w>
   <w nite:id="EN2001e.E.words685" starttime="3720.08" endtime="3720.08" punc="true">.</w>
   <w nite:id="EN2001e.E.words686" starttime="3735.26" endtime="3735.47">Hmm</w>
   <w nite:id="EN2001e.E.words687" starttime="3735.47" endtime="3735.47" punc="true">.</w>
   <w nite:id="EN2001e.E.words688" starttime="3804.74" endtime="3804.97">Hmm</w>
   <w nite:id="EN2001e.E.words689" starttime="3804.97" endtime="3804.97" punc="true">.</w>
   <w nite:id="EN2001e.E.words690" starttime="3810.71" endtime="3811.16">Yeah</w>
   <w nite:id="EN2001e.E.words691" starttime="3811.16" endtime="3811.16" punc="true">.</w>
   <w nite:id="EN2001e.E.words692" starttime="3848.46" endtime="3848.92" trunc="true">W</w>
   <vocalsound nite:id="EN2001e.E.words693" starttime="3848.92" endtime="3848.92" type="other"/>
   <w nite:id="EN2001e.E.words694" starttime="3848.92" endtime="3849.13">You</w>
   <w nite:id="EN2001e.E.words695" starttime="3849.13" endtime="3850.63">could</w>
   <w nite:id="EN2001e.E.words696" starttime="3850.63" endtime="3850.78">you</w>
   <w nite:id="EN2001e.E.words697" starttime="3850.78" endtime="3851.07">could</w>
   <w nite:id="EN2001e.E.words698" starttime="3851.07" endtime="3851.2">when</w>
   <w nite:id="EN2001e.E.words699" starttime="3851.2" endtime="3851.56">it&#39;s</w>
   <disfmarker nite:id="EN2001e.E.words700" starttime="3851.56" endtime="3851.56"/>
   <w nite:id="EN2001e.E.words701" starttime="3851.56" endtime="3851.69">when</w>
   <w nite:id="EN2001e.E.words702" starttime="3851.69" endtime="3851.81">you&#39;re</w>
   <w nite:id="EN2001e.E.words703" starttime="3851.81" endtime="3851.96">doing</w>
   <w nite:id="EN2001e.E.words704" starttime="3851.96" endtime="3852.05">a</w>
   <w nite:id="EN2001e.E.words705" starttime="3852.05" endtime="3852.47">search</w>
   <w nite:id="EN2001e.E.words706" starttime="3852.47" endtime="3852.47" punc="true">,</w>
   <w nite:id="EN2001e.E.words707" starttime="3852.47" endtime="3852.55">you</w>
   <w nite:id="EN2001e.E.words708" starttime="3852.55" endtime="3852.76">could</w>
   <w nite:id="EN2001e.E.words709" starttime="3852.76" endtime="3853.01">just</w>
   <w nite:id="EN2001e.E.words710" starttime="3853.01" endtime="3853.18">like</w>
   <w nite:id="EN2001e.E.words711" starttime="3853.18" endtime="3853.35">sort</w>
   <w nite:id="EN2001e.E.words712" starttime="3853.35" endtime="3853.41">of</w>
   <w nite:id="EN2001e.E.words713" starttime="3853.41" endtime="3853.66">zoom</w>
   <w nite:id="EN2001e.E.words714" starttime="3853.66" endtime="3853.89">back</w>
   <w nite:id="EN2001e.E.words715" starttime="3853.89" endtime="3854.17">out</w>
   <w nite:id="EN2001e.E.words716" starttime="3854.17" endtime="3854.38">so</w>
   <w nite:id="EN2001e.E.words717" starttime="3854.38" endtime="3854.49">you</w>
   <w nite:id="EN2001e.E.words718" starttime="3854.49" endtime="3854.62">got</w>
   <w nite:id="EN2001e.E.words719" starttime="3854.62" endtime="3854.83">the</w>
   <w nite:id="EN2001e.E.words720" starttime="3854.83" endtime="3855.14">full</w>
   <w nite:id="EN2001e.E.words721" starttime="3855.14" endtime="3855.55">text</w>
   <w nite:id="EN2001e.E.words722" starttime="3855.55" endtime="3855.74">for</w>
   <w nite:id="EN2001e.E.words723" starttime="3855.74" endtime="3856.24">that</w>
   <w nite:id="EN2001e.E.words724" starttime="3856.24" endtime="3857.39">segment</w>
   <w nite:id="EN2001e.E.words725" starttime="3857.39" endtime="3857.49">or</w>
   <w nite:id="EN2001e.E.words726" starttime="3857.49" endtime="3857.62">that</w>
   <w nite:id="EN2001e.E.words727" starttime="3857.62" endtime="3858.6">meeting</w>
   <w nite:id="EN2001e.E.words728" starttime="3858.6" endtime="3858.6" punc="true">,</w>
   <w nite:id="EN2001e.E.words729" starttime="3858.6" endtime="3858.8">rather</w>
   <w nite:id="EN2001e.E.words730" starttime="3858.8" endtime="3858.95">than</w>
   <w nite:id="EN2001e.E.words731" starttime="3858.95" endtime="3859.02">a</w>
   <w nite:id="EN2001e.E.words732" starttime="3859.02" endtime="3860.88">summary</w>
   <w nite:id="EN2001e.E.words733" starttime="3860.88" endtime="3860.88" punc="true">.</w>
   <w nite:id="EN2001e.E.words734" starttime="3860.88" endtime="3861.01">&#39;Cause</w>
   <w nite:id="EN2001e.E.words735" starttime="3861.01" endtime="3861.26">that&#39;s</w>
   <w nite:id="EN2001e.E.words736" starttime="3861.26" endtime="3861.46">maybe</w>
   <w nite:id="EN2001e.E.words737" starttime="3861.46" endtime="3861.61">what</w>
   <w nite:id="EN2001e.E.words738" starttime="3861.61" endtime="3861.76">you&#39;d</w>
   <w nite:id="EN2001e.E.words739" starttime="3861.76" endtime="3862.01">want</w>
   <w nite:id="EN2001e.E.words740" starttime="3862.01" endtime="3862.12">if</w>
   <w nite:id="EN2001e.E.words741" starttime="3862.12" endtime="3862.22">you</w>
   <w nite:id="EN2001e.E.words742" starttime="3862.22" endtime="3862.36">were</w>
   <w nite:id="EN2001e.E.words743" starttime="3862.36" endtime="3862.41">a</w>
   <w nite:id="EN2001e.E.words744" starttime="3862.41" endtime="3862.76">user</w>
   <w nite:id="EN2001e.E.words745" starttime="3862.76" endtime="3862.76" punc="true">.</w>
   <w nite:id="EN2001e.E.words746" starttime="3869.36" endtime="3869.48">You</w>
   <w nite:id="EN2001e.E.words747" starttime="3869.48" endtime="3869.63">could</w>
   <w nite:id="EN2001e.E.words748" starttime="3869.63" endtime="3869.92">provide</w>
   <w nite:id="EN2001e.E.words749" starttime="3869.92" endtime="3870.06">that</w>
   <w nite:id="EN2001e.E.words750" starttime="3870.06" endtime="3870.54">option</w>
   <w nite:id="EN2001e.E.words751" starttime="3870.54" endtime="3870.54" punc="true">.</w>
   <w nite:id="EN2001e.E.words752" starttime="3882.8" endtime="3883.01">Hmm</w>
   <w nite:id="EN2001e.E.words753" starttime="3883.01" endtime="3883.01" punc="true">.</w>
   <w nite:id="EN2001e.E.words754" starttime="3885.25" endtime="3885.61">Mm</w>
   <w nite:id="EN2001e.E.words755" starttime="3885.61" endtime="3885.61" punc="true">.</w>
   <w nite:id="EN2001e.E.words756" starttime="3891.71" endtime="3892.01">Hmm</w>
   <w nite:id="EN2001e.E.words757" starttime="3892.01" endtime="3892.01" punc="true">.</w>
   <w nite:id="EN2001e.E.words758" starttime="3893.92" endtime="3894.65">Alright</w>
   <w nite:id="EN2001e.E.words759" starttime="3894.65" endtime="3894.65" punc="true">.</w>
   <w nite:id="EN2001e.E.words760" starttime="3894.65" endtime="3894.96">Yeah</w>
   <w nite:id="EN2001e.E.words761" starttime="3894.96" endtime="3894.96" punc="true">.</w>
</nite:root>