<?xml version="1.0" encoding="ISO-8859-1" standalone="yes"?>
<nite:root nite:id="ES2009a.B.words" xmlns:nite="http://nite.sourceforge.net/">
   <vocalsound nite:id="ES2009a.B.words0" starttime="0.0" endtime="0.512" type="laugh"/>
   <vocalsound nite:id="ES2009a.B.words1" starttime="14.57" endtime="14.57" type="other"/>
   <w nite:id="ES2009a.B.words2" starttime="15.12" endtime="15.36">Guess</w>
   <w nite:id="ES2009a.B.words3" starttime="15.36" endtime="15.41">I</w>
   <w nite:id="ES2009a.B.words4" starttime="15.41" endtime="15.68">should</w>
   <w nite:id="ES2009a.B.words5" starttime="15.68" endtime="15.99">probably</w>
   <w nite:id="ES2009a.B.words6" starttime="15.99" endtime="16.15">try</w>
   <w nite:id="ES2009a.B.words7" starttime="16.15" endtime="16.26">to</w>
   <w nite:id="ES2009a.B.words8" starttime="16.26" endtime="16.43">sit</w>
   <w nite:id="ES2009a.B.words9" starttime="16.43" endtime="16.59">up</w>
   <w nite:id="ES2009a.B.words10" starttime="16.59" endtime="17.28">straight</w>
   <w nite:id="ES2009a.B.words11" starttime="17.28" endtime="17.28" punc="true">.</w>
   <w nite:id="ES2009a.B.words12" starttime="24.52" endtime="24.9">Oh</w>
   <w nite:id="ES2009a.B.words13" starttime="24.9" endtime="24.9" punc="true">,</w>
   <w nite:id="ES2009a.B.words14" starttime="24.9" endtime="24.97">I</w>
   <w nite:id="ES2009a.B.words15" starttime="24.97" endtime="25.13">think</w>
   <w nite:id="ES2009a.B.words16" starttime="25.13" endtime="25.33">mine&#39;s</w>
   <w nite:id="ES2009a.B.words17" starttime="25.33" endtime="25.65">fallen</w>
   <w nite:id="ES2009a.B.words18" starttime="25.65" endtime="26.16">off</w>
   <w nite:id="ES2009a.B.words19" starttime="26.16" endtime="26.16" punc="true">.</w>
   <vocalsound nite:id="ES2009a.B.words20" starttime="38.751" endtime="40.162" type="laugh"/>
   <w nite:id="ES2009a.B.words21" starttime="51.62" endtime="51.89">Wow</w>
   <w nite:id="ES2009a.B.words22" starttime="51.89" endtime="51.89" punc="true">.</w>
   <vocalsound nite:id="ES2009a.B.words23" starttime="68.104" endtime="69.1" type="laugh"/>
   <vocalsound nite:id="ES2009a.B.words24" starttime="139.402" endtime="139.936" type="laugh"/>
   <vocalsound nite:id="ES2009a.B.words25" starttime="181.536" endtime="182.96" type="laugh"/>
   <w nite:id="ES2009a.B.words26" starttime="188.67" endtime="188.75">Oh</w>
   <w nite:id="ES2009a.B.words27" starttime="188.75" endtime="188.99">yeah</w>
   <w nite:id="ES2009a.B.words28" starttime="188.99" endtime="188.99" punc="true">,</w>
   <w nite:id="ES2009a.B.words29" starttime="188.99" endtime="189.17">that&#39;s</w>
   <w nite:id="ES2009a.B.words30" starttime="189.17" endtime="189.61">fine</w>
   <w nite:id="ES2009a.B.words31" starttime="189.61" endtime="189.61" punc="true">.</w>
   <w nite:id="ES2009a.B.words32" starttime="199.21" endtime="199.45">Right</w>
   <w nite:id="ES2009a.B.words33" starttime="199.45" endtime="199.45" punc="true">.</w>
   <vocalsound nite:id="ES2009a.B.words34" starttime="257.504" endtime="258.364" type="laugh"/>
   <vocalsound nite:id="ES2009a.B.words35" starttime="369.136" endtime="369.797" type="laugh"/>
   <w nite:id="ES2009a.B.words36" starttime="401.79" endtime="401.95">I&#39;m</w>
   <w nite:id="ES2009a.B.words37" starttime="401.95" endtime="402.4">Nathan</w>
   <w nite:id="ES2009a.B.words38" starttime="402.4" endtime="402.4" punc="true">,</w>
   <w nite:id="ES2009a.B.words39" starttime="402.4" endtime="402.54">I&#39;m</w>
   <w nite:id="ES2009a.B.words40" starttime="402.54" endtime="403.0">from</w>
   <w nite:id="ES2009a.B.words41" starttime="403.0" endtime="403.59">California</w>
   <w nite:id="ES2009a.B.words42" starttime="403.59" endtime="403.59" punc="true">,</w>
   <w nite:id="ES2009a.B.words43" starttime="403.59" endtime="403.72">and</w>
   <w nite:id="ES2009a.B.words44" starttime="403.72" endtime="403.84">I&#39;m</w>
   <w nite:id="ES2009a.B.words45" starttime="403.84" endtime="403.98">here</w>
   <w nite:id="ES2009a.B.words46" starttime="403.98" endtime="404.33">doing</w>
   <w nite:id="ES2009a.B.words47" starttime="404.33" endtime="404.54">a</w>
   <w nite:id="ES2009a.B.words48" starttime="404.54" endtime="404.89">Masters</w>
   <w nite:id="ES2009a.B.words49" starttime="404.89" endtime="405.14">degree</w>
   <w nite:id="ES2009a.B.words50" starttime="405.14" endtime="405.25">in</w>
   <w nite:id="ES2009a.B.words51" starttime="405.25" endtime="405.64">social</w>
   <w nite:id="ES2009a.B.words52" starttime="405.64" endtime="406.62">anthropology</w>
   <w nite:id="ES2009a.B.words53" starttime="406.62" endtime="406.62" punc="true">.</w>
   <vocalsound nite:id="ES2009a.B.words54" starttime="407.433" endtime="407.433" type="other"/>
   <w nite:id="ES2009a.B.words55" starttime="407.94" endtime="409.43">U_C_L_A_</w>
   <w nite:id="ES2009a.B.words56" starttime="409.43" endtime="409.43" punc="true">.</w>
   <w nite:id="ES2009a.B.words57" starttime="409.43" endtime="409.63">Yeah</w>
   <w nite:id="ES2009a.B.words58" starttime="409.63" endtime="409.63" punc="true">.</w>
   <w nite:id="ES2009a.B.words59" starttime="410.71" endtime="411.17">Okay</w>
   <w nite:id="ES2009a.B.words60" starttime="411.17" endtime="411.17" punc="true">.</w>
   <vocalsound nite:id="ES2009a.B.words61" starttime="430.96" endtime="431.728" type="laugh"/>
   <w nite:id="ES2009a.B.words62" starttime="456.25" endtime="456.65">Mm-hmm</w>
   <w nite:id="ES2009a.B.words63" starttime="456.65" endtime="456.65" punc="true">.</w>
   <vocalsound nite:id="ES2009a.B.words64" starttime="482.488" endtime="483.424" type="laugh"/>
   <w nite:id="ES2009a.B.words65" starttime="516.1" endtime="516.51">Wow</w>
   <w nite:id="ES2009a.B.words66" starttime="516.51" endtime="516.51" punc="true">.</w>
   <vocalsound nite:id="ES2009a.B.words67" starttime="532.816" endtime="533.408" type="laugh"/>
   <w nite:id="ES2009a.B.words68" starttime="564.41" endtime="564.95">No</w>
   <w nite:id="ES2009a.B.words69" starttime="564.95" endtime="564.95" punc="true">.</w>
   <w nite:id="ES2009a.B.words70" starttime="569.56" endtime="569.96">Sounds</w>
   <w nite:id="ES2009a.B.words71" starttime="569.96" endtime="570.33">nice</w>
   <w nite:id="ES2009a.B.words72" starttime="570.33" endtime="570.33" punc="true">.</w>
   <w nite:id="ES2009a.B.words73" starttime="588.08" endtime="588.64">Oh</w>
   <w nite:id="ES2009a.B.words74" starttime="588.64" endtime="588.64" punc="true">,</w>
   <w nite:id="ES2009a.B.words75" starttime="588.64" endtime="589.05">wow</w>
   <w nite:id="ES2009a.B.words76" starttime="589.05" endtime="589.05" punc="true">.</w>
   <vocalsound nite:id="ES2009a.B.words77" starttime="590.796" endtime="591.47" type="laugh"/>
   <vocalsound nite:id="ES2009a.B.words78" starttime="597.765" endtime="598.749" type="laugh"/>
   <w nite:id="ES2009a.B.words79" starttime="610.37" endtime="610.55">There&#39;s</w>
   <w nite:id="ES2009a.B.words80" starttime="610.55" endtime="610.75">more</w>
   <w nite:id="ES2009a.B.words81" starttime="610.75" endtime="611.13">vomit</w>
   <w nite:id="ES2009a.B.words82" starttime="611.13" endtime="611.28">there</w>
   <w nite:id="ES2009a.B.words83" starttime="611.28" endtime="611.28" punc="true">.</w>
   <w nite:id="ES2009a.B.words84" starttime="621.64" endtime="621.95">Alright</w>
   <w nite:id="ES2009a.B.words85" starttime="621.95" endtime="621.95" punc="true">.</w>
   <w nite:id="ES2009a.B.words86" starttime="621.95" endtime="622.12">Yep</w>
   <w nite:id="ES2009a.B.words87" starttime="622.12" endtime="622.12" punc="true">.</w>
   <w nite:id="ES2009a.B.words88" starttime="643.25" endtime="644.01">Um</w>
   <disfmarker nite:id="ES2009a.B.words89" starttime="644.01" endtime="644.256"/>
   <w nite:id="ES2009a.B.words90" starttime="645.86" endtime="646.17">Let&#39;s</w>
   <w nite:id="ES2009a.B.words91" starttime="646.17" endtime="646.8">see</w>
   <w nite:id="ES2009a.B.words92" starttime="646.8" endtime="646.8" punc="true">.</w>
   <w nite:id="ES2009a.B.words93" starttime="655.88" endtime="656.39">Yeah</w>
   <w nite:id="ES2009a.B.words94" starttime="656.39" endtime="656.39" punc="true">,</w>
   <w nite:id="ES2009a.B.words95" starttime="656.39" endtime="656.57">that&#39;s</w>
   <w nite:id="ES2009a.B.words96" starttime="656.57" endtime="656.64">the</w>
   <w nite:id="ES2009a.B.words97" starttime="656.64" endtime="656.94">music</w>
   <w nite:id="ES2009a.B.words98" starttime="656.94" endtime="657.04">I</w>
   <w nite:id="ES2009a.B.words99" starttime="657.04" endtime="657.23">grew</w>
   <w nite:id="ES2009a.B.words100" starttime="657.23" endtime="657.4">up</w>
   <w nite:id="ES2009a.B.words101" starttime="657.4" endtime="657.77">listening</w>
   <w nite:id="ES2009a.B.words102" starttime="657.77" endtime="658.04">to</w>
   <w nite:id="ES2009a.B.words103" starttime="658.04" endtime="658.04" punc="true">.</w>
   <w nite:id="ES2009a.B.words104" starttime="660.13" endtime="661.3">And</w>
   <w nite:id="ES2009a.B.words105" starttime="661.3" endtime="661.66">so</w>
   <w nite:id="ES2009a.B.words106" starttime="661.66" endtime="661.79">there</w>
   <disfmarker nite:id="ES2009a.B.words107" starttime="661.79" endtime="661.824"/>
   <w nite:id="ES2009a.B.words108" starttime="664.1" endtime="664.47">Something</w>
   <w nite:id="ES2009a.B.words109" starttime="664.47" endtime="664.52">I</w>
   <w nite:id="ES2009a.B.words110" starttime="664.52" endtime="664.74">miss</w>
   <w nite:id="ES2009a.B.words111" starttime="664.74" endtime="664.95">about</w>
   <w nite:id="ES2009a.B.words112" starttime="664.95" endtime="665.06">my</w>
   <w nite:id="ES2009a.B.words113" starttime="665.06" endtime="665.94">hometown</w>
   <w nite:id="ES2009a.B.words114" starttime="665.94" endtime="665.94" punc="true">.</w>
   <w nite:id="ES2009a.B.words115" starttime="669.57" endtime="670.4">Burritos</w>
   <w nite:id="ES2009a.B.words116" starttime="671.67" endtime="671.76">that</w>
   <w nite:id="ES2009a.B.words117" starttime="671.76" endtime="672.14">cost</w>
   <w nite:id="ES2009a.B.words118" starttime="672.14" endtime="672.44">less</w>
   <w nite:id="ES2009a.B.words119" starttime="672.44" endtime="673.93">than</w>
   <w nite:id="ES2009a.B.words120" starttime="673.93" endtime="674.11">eight</w>
   <w nite:id="ES2009a.B.words121" starttime="674.11" endtime="675.86">Pounds</w>
   <w nite:id="ES2009a.B.words122" starttime="675.86" endtime="675.86" punc="true">.</w>
   <vocalsound nite:id="ES2009a.B.words123" starttime="675.86" endtime="675.94" type="laugh"/>
   <w nite:id="ES2009a.B.words124" starttime="677.08" endtime="677.31">I</w>
   <w nite:id="ES2009a.B.words125" starttime="677.31" endtime="677.44">grew</w>
   <w nite:id="ES2009a.B.words126" starttime="677.44" endtime="677.56">up</w>
   <w nite:id="ES2009a.B.words127" starttime="677.56" endtime="677.62">in</w>
   <w nite:id="ES2009a.B.words128" starttime="677.62" endtime="677.82">San</w>
   <w nite:id="ES2009a.B.words129" starttime="677.82" endtime="678.14">Diego</w>
   <w nite:id="ES2009a.B.words130" starttime="678.14" endtime="678.14" punc="true">,</w>
   <w nite:id="ES2009a.B.words131" starttime="678.14" endtime="678.65">but</w>
   <w nite:id="ES2009a.B.words132" starttime="678.65" endtime="679.22">yeah</w>
   <w nite:id="ES2009a.B.words133" starttime="679.22" endtime="680.17">um</w>
   <w nite:id="ES2009a.B.words134" starttime="680.17" endtime="680.29">La</w>
   <w nite:id="ES2009a.B.words135" starttime="680.29" endtime="680.79">Jolla</w>
   <w nite:id="ES2009a.B.words136" starttime="680.79" endtime="680.79" punc="true">,</w>
   <w nite:id="ES2009a.B.words137" starttime="680.79" endtime="683.26">P_B_</w>
   <gap nite:id="ES2009a.B.words138" starttime="683.26" endtime="683.26"/>
   <w nite:id="ES2009a.B.words139" starttime="683.26" endtime="683.26" punc="true">.</w>
   <w nite:id="ES2009a.B.words140" starttime="684.42" endtime="684.53">But</w>
   <w nite:id="ES2009a.B.words141" starttime="684.53" endtime="684.83">really</w>
   <w nite:id="ES2009a.B.words142" starttime="684.83" endtime="685.51">uh</w>
   <w nite:id="ES2009a.B.words143" starttime="685.51" endtime="685.66">I</w>
   <w nite:id="ES2009a.B.words144" starttime="685.66" endtime="686.03">last</w>
   <w nite:id="ES2009a.B.words145" starttime="686.03" endtime="686.21">lived</w>
   <w nite:id="ES2009a.B.words146" starttime="686.21" endtime="686.31">in</w>
   <w nite:id="ES2009a.B.words147" starttime="686.31" endtime="686.47">San</w>
   <w nite:id="ES2009a.B.words148" starttime="686.47" endtime="686.86">Francisco</w>
   <w nite:id="ES2009a.B.words149" starttime="686.86" endtime="686.86" punc="true">,</w>
   <w nite:id="ES2009a.B.words150" starttime="686.86" endtime="686.89">I</w>
   <w nite:id="ES2009a.B.words151" starttime="686.89" endtime="687.1">haven&#39;t</w>
   <w nite:id="ES2009a.B.words152" starttime="687.1" endtime="687.29">lived</w>
   <w nite:id="ES2009a.B.words153" starttime="687.29" endtime="687.87">in</w>
   <w nite:id="ES2009a.B.words154" starttime="687.87" endtime="688.3" trunc="true">Cali</w>
   <w nite:id="ES2009a.B.words155" starttime="688.3" endtime="688.39">well</w>
   <w nite:id="ES2009a.B.words156" starttime="688.39" endtime="688.42">I</w>
   <w nite:id="ES2009a.B.words157" starttime="688.42" endtime="688.59">haven&#39;t</w>
   <w nite:id="ES2009a.B.words158" starttime="688.59" endtime="688.71">lived</w>
   <w nite:id="ES2009a.B.words159" starttime="688.71" endtime="688.77">in</w>
   <w nite:id="ES2009a.B.words160" starttime="688.77" endtime="688.96">southern</w>
   <w nite:id="ES2009a.B.words161" starttime="688.96" endtime="689.52">California</w>
   <w nite:id="ES2009a.B.words162" starttime="689.52" endtime="689.75">since</w>
   <w nite:id="ES2009a.B.words163" starttime="689.75" endtime="689.8">I</w>
   <w nite:id="ES2009a.B.words164" starttime="689.8" endtime="689.96">was</w>
   <w nite:id="ES2009a.B.words165" starttime="689.96" endtime="690.5">eighteen</w>
   <w nite:id="ES2009a.B.words166" starttime="690.5" endtime="690.5" punc="true">.</w>
   <w nite:id="ES2009a.B.words167" starttime="696.91" endtime="697.15">It&#39;s</w>
   <w nite:id="ES2009a.B.words168" starttime="697.15" endtime="697.72">different</w>
   <w nite:id="ES2009a.B.words169" starttime="697.72" endtime="697.72" punc="true">.</w>
   <w nite:id="ES2009a.B.words170" starttime="697.72" endtime="697.93">&#39;Cause</w>
   <w nite:id="ES2009a.B.words171" starttime="697.93" endtime="698.0">in</w>
   <w nite:id="ES2009a.B.words172" starttime="698.0" endtime="698.22">San</w>
   <w nite:id="ES2009a.B.words173" starttime="698.22" endtime="698.66">Diego</w>
   <w nite:id="ES2009a.B.words174" starttime="698.66" endtime="698.97" trunc="true">th</w>
   <w nite:id="ES2009a.B.words175" starttime="698.97" endtime="699.07">the</w>
   <w nite:id="ES2009a.B.words176" starttime="699.07" endtime="699.67">tortillas</w>
   <w nite:id="ES2009a.B.words177" starttime="699.67" endtime="699.76">are</w>
   <w nite:id="ES2009a.B.words178" starttime="699.76" endtime="700.02">cooked</w>
   <w nite:id="ES2009a.B.words179" starttime="700.02" endtime="700.11">on</w>
   <w nite:id="ES2009a.B.words180" starttime="700.11" endtime="700.19">the</w>
   <w nite:id="ES2009a.B.words181" starttime="700.19" endtime="700.53">grill</w>
   <w nite:id="ES2009a.B.words182" starttime="700.53" endtime="700.66">and</w>
   <w nite:id="ES2009a.B.words183" starttime="700.66" endtime="701.0">in</w>
   <w nite:id="ES2009a.B.words184" starttime="701.0" endtime="701.21">northern</w>
   <w nite:id="ES2009a.B.words185" starttime="701.21" endtime="701.62">California</w>
   <w nite:id="ES2009a.B.words186" starttime="701.62" endtime="701.69">they</w>
   <w nite:id="ES2009a.B.words187" starttime="701.69" endtime="702.02">steam</w>
   <w nite:id="ES2009a.B.words188" starttime="702.02" endtime="702.55">them</w>
   <w nite:id="ES2009a.B.words189" starttime="702.55" endtime="702.55" punc="true">.</w>
   <w nite:id="ES2009a.B.words190" starttime="705.01" endtime="705.24">Yeah</w>
   <w nite:id="ES2009a.B.words191" starttime="705.24" endtime="705.24" punc="true">,</w>
   <w nite:id="ES2009a.B.words192" starttime="705.24" endtime="705.34">it</w>
   <w nite:id="ES2009a.B.words193" starttime="705.34" endtime="705.56">really</w>
   <w nite:id="ES2009a.B.words194" starttime="705.56" endtime="705.93">does</w>
   <w nite:id="ES2009a.B.words195" starttime="705.93" endtime="705.93" punc="true">.</w>
   <w nite:id="ES2009a.B.words196" starttime="717.08" endtime="717.83">Mm</w>
   <w nite:id="ES2009a.B.words197" starttime="717.83" endtime="717.83" punc="true">.</w>
   <w nite:id="ES2009a.B.words198" starttime="722.89" endtime="723.77">Yeah</w>
   <w nite:id="ES2009a.B.words199" starttime="723.77" endtime="723.77" punc="true">.</w>
   <w nite:id="ES2009a.B.words200" starttime="723.77" endtime="723.9">Where</w>
   <w nite:id="ES2009a.B.words201" starttime="723.9" endtime="723.98">you</w>
   <w nite:id="ES2009a.B.words202" starttime="723.98" endtime="724.18">from</w>
   <w nite:id="ES2009a.B.words203" starttime="724.18" endtime="724.27">in</w>
   <w nite:id="ES2009a.B.words204" starttime="724.27" endtime="724.41">San</w>
   <w nite:id="ES2009a.B.words205" starttime="724.41" endtime="724.7">Diego</w>
   <w nite:id="ES2009a.B.words206" starttime="724.7" endtime="724.7" punc="true">?</w>
   <w nite:id="ES2009a.B.words207" starttime="729.64" endtime="729.96">Okay</w>
   <w nite:id="ES2009a.B.words208" starttime="729.96" endtime="729.96" punc="true">.</w>
   <w nite:id="ES2009a.B.words209" starttime="731.6" endtime="731.88">Yeah</w>
   <w nite:id="ES2009a.B.words210" starttime="731.88" endtime="731.88" punc="true">,</w>
   <w nite:id="ES2009a.B.words211" starttime="731.88" endtime="731.97">my</w>
   <w nite:id="ES2009a.B.words212" starttime="731.97" endtime="732.58">grandparents</w>
   <w nite:id="ES2009a.B.words213" starttime="732.58" endtime="732.8">lived</w>
   <w nite:id="ES2009a.B.words214" starttime="732.8" endtime="732.98">on</w>
   <w nite:id="ES2009a.B.words215" starttime="732.98" endtime="733.83">um</w>
   <w nite:id="ES2009a.B.words216" starttime="733.83" endtime="734.06">thirty</w>
   <w nite:id="ES2009a.B.words217" starttime="734.06" endtime="734.46">second</w>
   <w nite:id="ES2009a.B.words218" starttime="734.46" endtime="734.46" punc="true">.</w>
   <w nite:id="ES2009a.B.words219" starttime="736.72" endtime="737.12">Close</w>
   <w nite:id="ES2009a.B.words220" starttime="737.12" endtime="737.15" trunc="true">t</w>
   <w nite:id="ES2009a.B.words221" starttime="737.15" endtime="737.55">uh</w>
   <w nite:id="ES2009a.B.words222" starttime="737.55" endtime="737.62">do</w>
   <w nite:id="ES2009a.B.words223" starttime="737.62" endtime="737.68">you</w>
   <w nite:id="ES2009a.B.words224" starttime="737.68" endtime="737.74">know</w>
   <w nite:id="ES2009a.B.words225" starttime="737.74" endtime="737.91">where</w>
   <w nite:id="ES2009a.B.words226" starttime="737.91" endtime="738.18">Clare</w>
   <w nite:id="ES2009a.B.words227" starttime="738.18" endtime="738.26">de</w>
   <w nite:id="ES2009a.B.words228" starttime="738.26" endtime="738.48">Lune</w>
   <w nite:id="ES2009a.B.words229" starttime="738.48" endtime="738.8">coffee</w>
   <w nite:id="ES2009a.B.words230" starttime="738.8" endtime="739.07">shop</w>
   <w nite:id="ES2009a.B.words231" starttime="739.07" endtime="739.41">is</w>
   <w nite:id="ES2009a.B.words232" starttime="739.41" endtime="739.41" punc="true">,</w>
   <w nite:id="ES2009a.B.words233" starttime="739.41" endtime="739.63">and</w>
   <w nite:id="ES2009a.B.words234" starttime="740.51" endtime="740.88">Cafe</w>
   <w nite:id="ES2009a.B.words235" starttime="740.88" endtime="741.55">Forte</w>
   <disfmarker nite:id="ES2009a.B.words236" starttime="741.55" endtime="741.664"/>
   <w nite:id="ES2009a.B.words237" starttime="744.89" endtime="745.23">Cool</w>
   <w nite:id="ES2009a.B.words238" starttime="745.23" endtime="745.23" punc="true">.</w>
   <w nite:id="ES2009a.B.words239" starttime="747.05" endtime="747.39">Yeah</w>
   <w nite:id="ES2009a.B.words240" starttime="747.39" endtime="747.39" punc="true">.</w>
   <w nite:id="ES2009a.B.words241" starttime="756.75" endtime="757.25">Wow</w>
   <w nite:id="ES2009a.B.words242" starttime="757.25" endtime="757.25" punc="true">.</w>
   <w nite:id="ES2009a.B.words243" starttime="804.59" endtime="804.87">Okay</w>
   <w nite:id="ES2009a.B.words244" starttime="804.87" endtime="804.87" punc="true">.</w>
   <w nite:id="ES2009a.B.words245" starttime="905.63" endtime="907.37">Mm</w>
   <w nite:id="ES2009a.B.words246" starttime="907.37" endtime="907.37" punc="true">.</w>
   <w nite:id="ES2009a.B.words247" starttime="907.37" endtime="907.78">Sounds</w>
   <w nite:id="ES2009a.B.words248" starttime="907.78" endtime="908.41">interesting</w>
   <w nite:id="ES2009a.B.words249" starttime="908.41" endtime="908.41" punc="true">.</w>
   <w nite:id="ES2009a.B.words250" starttime="912.79" endtime="913.11">Maybe</w>
   <w nite:id="ES2009a.B.words251" starttime="913.11" endtime="913.41">our</w>
   <w nite:id="ES2009a.B.words252" starttime="913.41" endtime="913.82">personal</w>
   <w nite:id="ES2009a.B.words253" starttime="913.82" endtime="914.17">coach</w>
   <w nite:id="ES2009a.B.words254" starttime="914.17" endtime="916.2">will</w>
   <w nite:id="ES2009a.B.words255" starttime="916.2" endtime="916.32">have</w>
   <w nite:id="ES2009a.B.words256" starttime="916.32" endtime="916.6">something</w>
   <w nite:id="ES2009a.B.words257" starttime="916.6" endtime="916.74">to</w>
   <w nite:id="ES2009a.B.words258" starttime="916.74" endtime="917.04">say</w>
   <w nite:id="ES2009a.B.words259" starttime="917.04" endtime="917.26">about</w>
   <w nite:id="ES2009a.B.words260" starttime="917.26" endtime="917.43">that</w>
   <w nite:id="ES2009a.B.words261" starttime="917.43" endtime="917.43" punc="true">.</w>
   <w nite:id="ES2009a.B.words262" starttime="934.91" endtime="935.33">Yeah</w>
   <w nite:id="ES2009a.B.words263" starttime="935.33" endtime="935.33" punc="true">.</w>
   <w nite:id="ES2009a.B.words264" starttime="940.8" endtime="941.94">Maybe</w>
   <w nite:id="ES2009a.B.words265" starttime="941.94" endtime="942.12">a</w>
   <w nite:id="ES2009a.B.words266" starttime="942.12" endtime="942.45">remote</w>
   <w nite:id="ES2009a.B.words267" starttime="942.45" endtime="942.59">with</w>
   <w nite:id="ES2009a.B.words268" starttime="942.59" endtime="942.98">changeable</w>
   <w nite:id="ES2009a.B.words269" starttime="942.98" endtime="943.48">faces</w>
   <w nite:id="ES2009a.B.words270" starttime="943.48" endtime="943.48" punc="true">,</w>
   <w nite:id="ES2009a.B.words271" starttime="943.48" endtime="943.88">like</w>
   <w nite:id="ES2009a.B.words272" starttime="943.88" endtime="943.97">the</w>
   <w nite:id="ES2009a.B.words273" starttime="943.97" endtime="944.21">faces</w>
   <w nite:id="ES2009a.B.words274" starttime="944.21" endtime="944.3">that</w>
   <w nite:id="ES2009a.B.words275" starttime="944.3" endtime="944.36">you</w>
   <w nite:id="ES2009a.B.words276" starttime="944.36" endtime="944.48">can</w>
   <w nite:id="ES2009a.B.words277" starttime="944.48" endtime="944.66">buy</w>
   <w nite:id="ES2009a.B.words278" starttime="944.66" endtime="944.85">for</w>
   <w nite:id="ES2009a.B.words279" starttime="944.85" endtime="946.32">phones</w>
   <w nite:id="ES2009a.B.words280" starttime="946.32" endtime="946.32" punc="true">.</w>
   <w nite:id="ES2009a.B.words281" starttime="946.32" endtime="947.0">Yeah</w>
   <w nite:id="ES2009a.B.words282" starttime="947.0" endtime="947.0" punc="true">.</w>
   <vocalsound nite:id="ES2009a.B.words283" starttime="984.384" endtime="985.536" type="other"/>
   <w nite:id="ES2009a.B.words284" starttime="1021.46" endtime="1021.83">Yeah</w>
   <w nite:id="ES2009a.B.words285" starttime="1021.83" endtime="1021.83" punc="true">.</w>
   <w nite:id="ES2009a.B.words286" starttime="1027.25" endtime="1027.89" trunc="true">S</w>
   <w nite:id="ES2009a.B.words287" starttime="1027.89" endtime="1028.52">smaller&#39;s</w>
   <w nite:id="ES2009a.B.words288" starttime="1028.52" endtime="1029.06">better</w>
   <w nite:id="ES2009a.B.words289" starttime="1029.06" endtime="1029.06" punc="true">.</w>
   <w nite:id="ES2009a.B.words290" starttime="1029.06" endtime="1029.99">Simple</w>
   <w nite:id="ES2009a.B.words291" starttime="1029.99" endtime="1029.99" punc="true">.</w>
   <w nite:id="ES2009a.B.words292" starttime="1038.67" endtime="1038.81">Oh</w>
   <w nite:id="ES2009a.B.words293" starttime="1038.81" endtime="1039.26">right</w>
   <w nite:id="ES2009a.B.words294" starttime="1039.26" endtime="1039.26" punc="true">.</w>
   <w nite:id="ES2009a.B.words295" starttime="1039.26" endtime="1039.41">That&#39;d</w>
   <w nite:id="ES2009a.B.words296" starttime="1039.41" endtime="1039.49">be</w>
   <w nite:id="ES2009a.B.words297" starttime="1039.49" endtime="1039.89">different</w>
   <w nite:id="ES2009a.B.words298" starttime="1039.89" endtime="1039.89" punc="true">.</w>
   <vocalsound nite:id="ES2009a.B.words299" starttime="1042.618" endtime="1043.133" type="other"/>
   <w nite:id="ES2009a.B.words300" starttime="1064.49" endtime="1065.98">Yeah</w>
   <w nite:id="ES2009a.B.words301" starttime="1065.98" endtime="1065.98" punc="true">.</w>
   <w nite:id="ES2009a.B.words302" starttime="1065.98" endtime="1066.1">It&#39;s</w>
   <w nite:id="ES2009a.B.words303" starttime="1066.1" endtime="1066.25">gonna</w>
   <w nite:id="ES2009a.B.words304" starttime="1066.25" endtime="1066.36">be</w>
   <w nite:id="ES2009a.B.words305" starttime="1066.36" endtime="1066.59">too</w>
   <w nite:id="ES2009a.B.words306" starttime="1066.59" endtime="1067.59">complicated</w>
   <w nite:id="ES2009a.B.words307" starttime="1067.59" endtime="1067.59" punc="true">,</w>
   <w nite:id="ES2009a.B.words308" starttime="1067.59" endtime="1067.74">too</w>
   <w nite:id="ES2009a.B.words309" starttime="1067.74" endtime="1068.19">crowded</w>
   <w nite:id="ES2009a.B.words310" starttime="1068.19" endtime="1068.34">with</w>
   <w nite:id="ES2009a.B.words311" starttime="1068.34" endtime="1068.9">buttons</w>
   <w nite:id="ES2009a.B.words312" starttime="1068.9" endtime="1069.2">and</w>
   <w nite:id="ES2009a.B.words313" starttime="1069.2" endtime="1069.69">things</w>
   <w nite:id="ES2009a.B.words314" starttime="1069.69" endtime="1069.69" punc="true">.</w>
   <w nite:id="ES2009a.B.words315" starttime="1082.74" endtime="1083.31">Needs</w>
   <disfmarker nite:id="ES2009a.B.words316" starttime="1083.31" endtime="1083.31"/>
   <w nite:id="ES2009a.B.words317" starttime="1083.31" endtime="1083.38">it</w>
   <w nite:id="ES2009a.B.words318" starttime="1083.38" endtime="1083.61">needs</w>
   <w nite:id="ES2009a.B.words319" starttime="1083.61" endtime="1083.86">one</w>
   <w nite:id="ES2009a.B.words320" starttime="1083.86" endtime="1084.39">outstanding</w>
   <w nite:id="ES2009a.B.words321" starttime="1084.39" endtime="1084.76">feature</w>
   <w nite:id="ES2009a.B.words322" starttime="1084.76" endtime="1084.85">to</w>
   <w nite:id="ES2009a.B.words323" starttime="1084.85" endtime="1085.05">set</w>
   <w nite:id="ES2009a.B.words324" starttime="1085.05" endtime="1085.13">it</w>
   <w nite:id="ES2009a.B.words325" starttime="1085.13" endtime="1085.42">apart</w>
   <w nite:id="ES2009a.B.words326" starttime="1085.42" endtime="1085.79">from</w>
   <w nite:id="ES2009a.B.words327" starttime="1085.79" endtime="1085.95">all</w>
   <w nite:id="ES2009a.B.words328" starttime="1085.95" endtime="1086.03">the</w>
   <w nite:id="ES2009a.B.words329" starttime="1086.03" endtime="1086.17">other</w>
   <w nite:id="ES2009a.B.words330" starttime="1086.17" endtime="1086.85">remotes</w>
   <w nite:id="ES2009a.B.words331" starttime="1086.85" endtime="1086.85" punc="true">.</w>
   <w nite:id="ES2009a.B.words332" starttime="1133.12" endtime="1133.58">Right</w>
   <w nite:id="ES2009a.B.words333" starttime="1133.58" endtime="1133.58" punc="true">.</w>
   <w nite:id="ES2009a.B.words334" starttime="1138.02" endtime="1138.05">I</w>
   <w nite:id="ES2009a.B.words335" starttime="1138.05" endtime="1138.54">think</w>
   <w nite:id="ES2009a.B.words336" starttime="1138.54" endtime="1138.54" punc="true">,</w>
   <w nite:id="ES2009a.B.words337" starttime="1138.54" endtime="1138.83">making</w>
   <w nite:id="ES2009a.B.words338" starttime="1138.83" endtime="1138.92">it</w>
   <w nite:id="ES2009a.B.words339" starttime="1138.92" endtime="1139.02">out</w>
   <w nite:id="ES2009a.B.words340" starttime="1139.02" endtime="1139.22">of</w>
   <w nite:id="ES2009a.B.words341" starttime="1139.22" endtime="1139.29">a</w>
   <w nite:id="ES2009a.B.words342" starttime="1139.29" endtime="1139.67">nice</w>
   <w nite:id="ES2009a.B.words343" starttime="1139.67" endtime="1140.24">material</w>
   <w nite:id="ES2009a.B.words344" starttime="1140.24" endtime="1140.36">would</w>
   <w nite:id="ES2009a.B.words345" starttime="1140.36" endtime="1140.44">be</w>
   <w nite:id="ES2009a.B.words346" starttime="1140.44" endtime="1140.63">very</w>
   <w nite:id="ES2009a.B.words347" starttime="1140.63" endtime="1141.35">important</w>
   <w nite:id="ES2009a.B.words348" starttime="1141.35" endtime="1141.35" punc="true">,</w>
   <w nite:id="ES2009a.B.words349" starttime="1141.35" endtime="1141.68">because</w>
   <w nite:id="ES2009a.B.words350" starttime="1141.68" endtime="1141.86">so</w>
   <w nite:id="ES2009a.B.words351" starttime="1141.86" endtime="1142.04">many</w>
   <w nite:id="ES2009a.B.words352" starttime="1142.04" endtime="1142.11">of</w>
   <w nite:id="ES2009a.B.words353" starttime="1142.11" endtime="1142.29">those</w>
   <w nite:id="ES2009a.B.words354" starttime="1142.29" endtime="1142.82">remotes</w>
   <w nite:id="ES2009a.B.words355" starttime="1142.82" endtime="1142.93">that</w>
   <w nite:id="ES2009a.B.words356" starttime="1142.93" endtime="1143.05">you</w>
   <w nite:id="ES2009a.B.words357" starttime="1143.05" endtime="1143.53">see</w>
   <w nite:id="ES2009a.B.words358" starttime="1143.53" endtime="1143.53" punc="true">,</w>
   <w nite:id="ES2009a.B.words359" starttime="1143.53" endtime="1143.67">these</w>
   <w nite:id="ES2009a.B.words360" starttime="1143.67" endtime="1144.15">universal</w>
   <w nite:id="ES2009a.B.words361" starttime="1144.15" endtime="1144.69">remotes</w>
   <w nite:id="ES2009a.B.words362" starttime="1144.69" endtime="1144.83">look</w>
   <w nite:id="ES2009a.B.words363" starttime="1144.83" endtime="1145.07">so</w>
   <w nite:id="ES2009a.B.words364" starttime="1145.07" endtime="1145.55">cheap</w>
   <w nite:id="ES2009a.B.words365" starttime="1145.55" endtime="1146.02">and</w>
   <w nite:id="ES2009a.B.words366" starttime="1146.02" endtime="1146.19">low</w>
   <w nite:id="ES2009a.B.words367" starttime="1146.19" endtime="1146.73">quality</w>
   <w nite:id="ES2009a.B.words368" starttime="1146.73" endtime="1146.73" punc="true">.</w>
   <w nite:id="ES2009a.B.words369" starttime="1156.41" endtime="1157.08">Mm</w>
   <w nite:id="ES2009a.B.words370" starttime="1157.08" endtime="1157.08" punc="true">.</w>
   <vocalsound nite:id="ES2009a.B.words371" starttime="1172.16" endtime="1172.928" type="laugh"/>
   <vocalsound nite:id="ES2009a.B.words372" starttime="1174.208" endtime="1174.778" type="laugh"/>
   <gap nite:id="ES2009a.B.words373" starttime="1178.128" endtime="1178.128"/>
   <w nite:id="ES2009a.B.words374" starttime="1178.43" endtime="1179.09">something</w>
   <w nite:id="ES2009a.B.words375" starttime="1179.09" endtime="1179.09" punc="true">,</w>
   <w nite:id="ES2009a.B.words376" starttime="1179.09" endtime="1179.71">uh</w>
   <w nite:id="ES2009a.B.words377" starttime="1179.71" endtime="1179.82">we&#39;ll</w>
   <w nite:id="ES2009a.B.words378" starttime="1179.82" endtime="1179.97">have</w>
   <w nite:id="ES2009a.B.words379" starttime="1179.97" endtime="1180.07">to</w>
   <w nite:id="ES2009a.B.words380" starttime="1180.07" endtime="1180.19">come</w>
   <w nite:id="ES2009a.B.words381" starttime="1180.19" endtime="1180.27">up</w>
   <w nite:id="ES2009a.B.words382" starttime="1180.27" endtime="1180.36">with</w>
   <w nite:id="ES2009a.B.words383" starttime="1180.36" endtime="1180.41">a</w>
   <w nite:id="ES2009a.B.words384" starttime="1180.41" endtime="1180.76">name</w>
   <w nite:id="ES2009a.B.words385" starttime="1180.76" endtime="1180.76" punc="true">,</w>
   <w nite:id="ES2009a.B.words386" starttime="1180.76" endtime="1181.05">patent</w>
   <w nite:id="ES2009a.B.words387" starttime="1181.05" endtime="1181.2">it</w>
   <w nite:id="ES2009a.B.words388" starttime="1181.2" endtime="1181.2" punc="true">.</w>
   <vocalsound nite:id="ES2009a.B.words389" starttime="1183.312" endtime="1184.864" type="laugh"/>
   <w nite:id="ES2009a.B.words390" starttime="1185.93" endtime="1186.25">Leopard</w>
   <w nite:id="ES2009a.B.words391" starttime="1186.25" endtime="1187.87">print</w>
   <w nite:id="ES2009a.B.words392" starttime="1187.87" endtime="1187.87" punc="true">.</w>
   <vocalsound nite:id="ES2009a.B.words393" starttime="1187.87" endtime="1188.148" type="laugh"/>
   <w nite:id="ES2009a.B.words394" starttime="1197.78" endtime="1197.87">I</w>
   <w nite:id="ES2009a.B.words395" starttime="1197.87" endtime="1198.22">think</w>
   <w nite:id="ES2009a.B.words396" starttime="1198.22" endtime="1198.22" punc="true">,</w>
   <w nite:id="ES2009a.B.words397" starttime="1198.22" endtime="1198.37">it</w>
   <w nite:id="ES2009a.B.words398" starttime="1198.37" endtime="1198.56">wouldn&#39;t</w>
   <w nite:id="ES2009a.B.words399" starttime="1198.56" endtime="1198.68">be</w>
   <w nite:id="ES2009a.B.words400" starttime="1198.68" endtime="1198.87">such</w>
   <w nite:id="ES2009a.B.words401" starttime="1198.87" endtime="1198.93">a</w>
   <w nite:id="ES2009a.B.words402" starttime="1198.93" endtime="1199.08">bad</w>
   <w nite:id="ES2009a.B.words403" starttime="1199.08" endtime="1199.32">idea</w>
   <w nite:id="ES2009a.B.words404" starttime="1199.32" endtime="1199.41">to</w>
   <w nite:id="ES2009a.B.words405" starttime="1199.41" endtime="1199.66">have</w>
   <w nite:id="ES2009a.B.words406" starttime="1199.66" endtime="1200.04">a</w>
   <w nite:id="ES2009a.B.words407" starttime="1200.04" endtime="1200.18">like</w>
   <w nite:id="ES2009a.B.words408" starttime="1200.18" endtime="1200.27">a</w>
   <w nite:id="ES2009a.B.words409" starttime="1200.27" endtime="1200.68">locator</w>
   <w nite:id="ES2009a.B.words410" starttime="1200.68" endtime="1201.55">device</w>
   <w nite:id="ES2009a.B.words411" starttime="1201.55" endtime="1201.55" punc="true">,</w>
   <w nite:id="ES2009a.B.words412" starttime="1201.55" endtime="1201.76">maybe</w>
   <w nite:id="ES2009a.B.words413" starttime="1201.76" endtime="1201.82">a</w>
   <w nite:id="ES2009a.B.words414" starttime="1201.82" endtime="1202.19">simple</w>
   <w nite:id="ES2009a.B.words415" starttime="1202.19" endtime="1202.47">button</w>
   <w nite:id="ES2009a.B.words416" starttime="1202.47" endtime="1202.63">that</w>
   <w nite:id="ES2009a.B.words417" starttime="1202.63" endtime="1202.7">you</w>
   <w nite:id="ES2009a.B.words418" starttime="1202.7" endtime="1202.86">have</w>
   <w nite:id="ES2009a.B.words419" starttime="1202.86" endtime="1202.96">on</w>
   <w nite:id="ES2009a.B.words420" starttime="1202.96" endtime="1203.06">your</w>
   <w nite:id="ES2009a.B.words421" starttime="1203.06" endtime="1203.54">television</w>
   <w nite:id="ES2009a.B.words422" starttime="1203.54" endtime="1203.62">to</w>
   <w nite:id="ES2009a.B.words423" starttime="1203.62" endtime="1203.77">help</w>
   <w nite:id="ES2009a.B.words424" starttime="1203.77" endtime="1203.85">you</w>
   <w nite:id="ES2009a.B.words425" starttime="1203.85" endtime="1204.08">find</w>
   <w nite:id="ES2009a.B.words426" starttime="1204.08" endtime="1204.17">your</w>
   <w nite:id="ES2009a.B.words427" starttime="1204.17" endtime="1204.48">remote</w>
   <w nite:id="ES2009a.B.words428" starttime="1204.48" endtime="1204.48" punc="true">.</w>
   <w nite:id="ES2009a.B.words429" starttime="1210.58" endtime="1210.9">Mm</w>
   <w nite:id="ES2009a.B.words430" starttime="1210.9" endtime="1210.9" punc="true">.</w>
   <w nite:id="ES2009a.B.words431" starttime="1220.28" endtime="1220.62">True</w>
   <w nite:id="ES2009a.B.words432" starttime="1220.62" endtime="1220.62" punc="true">.</w>
   <w nite:id="ES2009a.B.words433" starttime="1243.57" endtime="1243.83">Yeah</w>
   <w nite:id="ES2009a.B.words434" starttime="1243.83" endtime="1243.83" punc="true">.</w>
   <vocalsound nite:id="ES2009a.B.words435" starttime="1246.249" endtime="1246.249" type="other"/>
   <w nite:id="ES2009a.B.words436" starttime="1246.81" endtime="1247.01">I</w>
   <w nite:id="ES2009a.B.words437" starttime="1247.01" endtime="1247.22">think</w>
   <w nite:id="ES2009a.B.words438" starttime="1247.22" endtime="1248.54">so</w>
   <w nite:id="ES2009a.B.words439" starttime="1248.54" endtime="1248.54" punc="true">.</w>
   <w nite:id="ES2009a.B.words440" starttime="1249.86" endtime="1250.62">Yeah</w>
   <w nite:id="ES2009a.B.words441" starttime="1250.62" endtime="1250.62" punc="true">.</w>
   <w nite:id="ES2009a.B.words442" starttime="1266.82" endtime="1267.1">Mm</w>
   <w nite:id="ES2009a.B.words443" starttime="1267.1" endtime="1267.1" punc="true">.</w>
   <w nite:id="ES2009a.B.words444" starttime="1294.66" endtime="1295.08">Yeah</w>
   <w nite:id="ES2009a.B.words445" starttime="1295.08" endtime="1295.08" punc="true">.</w>
   <w nite:id="ES2009a.B.words446" starttime="1315.35" endtime="1315.87">Yeah</w>
   <w nite:id="ES2009a.B.words447" starttime="1315.87" endtime="1315.87" punc="true">.</w>
   <w nite:id="ES2009a.B.words448" starttime="1319.35" endtime="1319.44">&#39;S</w>
   <w nite:id="ES2009a.B.words449" starttime="1319.44" endtime="1320.16">true</w>
   <w nite:id="ES2009a.B.words450" starttime="1320.16" endtime="1320.16" punc="true">.</w>
   <vocalsound nite:id="ES2009a.B.words451" starttime="1338.064" endtime="1338.72" type="laugh"/>
   <w nite:id="ES2009a.B.words452" starttime="1380.44" endtime="1380.92">Okay</w>
   <w nite:id="ES2009a.B.words453" starttime="1380.92" endtime="1380.92" punc="true">.</w>
   <w nite:id="ES2009a.B.words454" starttime="1398.3" endtime="1398.65">Alright</w>
   <w nite:id="ES2009a.B.words455" starttime="1398.65" endtime="1398.65" punc="true">.</w>
</nite:root>