<?xml version="1.0" encoding="ISO-8859-1" standalone="yes"?>
<nite:root nite:id="ES2009a.C.words" xmlns:nite="http://nite.sourceforge.net/">
   <w nite:id="ES2009a.C.words0" starttime="8.27" endtime="8.47">How&#39;re</w>
   <w nite:id="ES2009a.C.words1" starttime="8.47" endtime="8.61">we</w>
   <w nite:id="ES2009a.C.words2" starttime="8.61" endtime="9.05">placed</w>
   <w nite:id="ES2009a.C.words3" starttime="9.05" endtime="9.16">in</w>
   <w nite:id="ES2009a.C.words4" starttime="9.16" endtime="9.5">terms</w>
   <w nite:id="ES2009a.C.words5" starttime="9.5" endtime="9.68">of</w>
   <w nite:id="ES2009a.C.words6" starttime="9.68" endtime="11.12">the</w>
   <disfmarker nite:id="ES2009a.C.words7" starttime="11.12" endtime="11.12"/>
   <w nite:id="ES2009a.C.words8" starttime="11.12" endtime="11.69">alright</w>
   <w nite:id="ES2009a.C.words9" starttime="11.69" endtime="11.69" punc="true">.</w>
   <vocalsound nite:id="ES2009a.C.words10" starttime="16.918" endtime="17.623" type="laugh"/>
   <w nite:id="ES2009a.C.words11" starttime="25.92" endtime="26.04">It</w>
   <w nite:id="ES2009a.C.words12" starttime="26.04" endtime="26.49">fell</w>
   <disfmarker nite:id="ES2009a.C.words13" starttime="26.49" endtime="26.609"/>
   <w nite:id="ES2009a.C.words14" starttime="27.54" endtime="27.79">That&#39;s</w>
   <w nite:id="ES2009a.C.words15" starttime="27.79" endtime="27.9">why</w>
   <w nite:id="ES2009a.C.words16" starttime="27.9" endtime="27.9" punc="true">.</w>
   <vocalsound nite:id="ES2009a.C.words17" starttime="40.97" endtime="41.665" type="laugh"/>
   <w nite:id="ES2009a.C.words18" starttime="42.65" endtime="42.71">Ah</w>
   <w nite:id="ES2009a.C.words19" starttime="42.71" endtime="42.71" punc="true">.</w>
   <vocalsound nite:id="ES2009a.C.words20" starttime="51.122" endtime="54.979" type="laugh"/>
   <vocalsound nite:id="ES2009a.C.words21" starttime="67.952" endtime="70.992" type="laugh"/>
   <w nite:id="ES2009a.C.words22" starttime="189.96" endtime="190.19">Sure</w>
   <w nite:id="ES2009a.C.words23" starttime="190.19" endtime="190.19" punc="true">.</w>
   <vocalsound nite:id="ES2009a.C.words24" starttime="257.612" endtime="258.735" type="laugh"/>
   <w nite:id="ES2009a.C.words25" starttime="260.39" endtime="260.54">Mm</w>
   <w nite:id="ES2009a.C.words26" starttime="260.54" endtime="260.54" punc="true">.</w>
   <vocalsound nite:id="ES2009a.C.words27" starttime="368.864" endtime="370.432" type="laugh"/>
   <vocalsound nite:id="ES2009a.C.words28" starttime="389.536" endtime="390.72" type="laugh"/>
   <w nite:id="ES2009a.C.words29" starttime="392.08" endtime="392.28">I&#39;m</w>
   <w nite:id="ES2009a.C.words30" starttime="392.28" endtime="392.86">Ron</w>
   <w nite:id="ES2009a.C.words31" starttime="392.86" endtime="392.86" punc="true">.</w>
   <w nite:id="ES2009a.C.words32" starttime="392.86" endtime="393.31">I</w>
   <w nite:id="ES2009a.C.words33" starttime="393.31" endtime="393.74">uh</w>
   <w nite:id="ES2009a.C.words34" starttime="393.74" endtime="393.97">once</w>
   <w nite:id="ES2009a.C.words35" starttime="393.97" endtime="394.26">upon</w>
   <w nite:id="ES2009a.C.words36" starttime="394.26" endtime="394.3">a</w>
   <w nite:id="ES2009a.C.words37" starttime="394.3" endtime="394.56">time</w>
   <w nite:id="ES2009a.C.words38" starttime="394.56" endtime="394.94">studied</w>
   <w nite:id="ES2009a.C.words39" starttime="394.94" endtime="395.06">in</w>
   <w nite:id="ES2009a.C.words40" starttime="395.06" endtime="396.37">Victoria</w>
   <w nite:id="ES2009a.C.words41" starttime="396.37" endtime="396.74">and</w>
   <w nite:id="ES2009a.C.words42" starttime="396.74" endtime="396.93">I</w>
   <w nite:id="ES2009a.C.words43" starttime="396.93" endtime="397.35">am</w>
   <w nite:id="ES2009a.C.words44" starttime="397.35" endtime="398.59">the</w>
   <w nite:id="ES2009a.C.words45" starttime="398.59" endtime="399.08">User</w>
   <w nite:id="ES2009a.C.words46" starttime="399.08" endtime="399.88">Interface</w>
   <w nite:id="ES2009a.C.words47" starttime="399.88" endtime="400.75">Designer</w>
   <w nite:id="ES2009a.C.words48" starttime="400.75" endtime="400.75" punc="true">.</w>
   <vocalsound nite:id="ES2009a.C.words49" starttime="430.608" endtime="431.04" type="laugh"/>
   <vocalsound nite:id="ES2009a.C.words50" starttime="432.752" endtime="432.976" type="laugh"/>
   <vocalsound nite:id="ES2009a.C.words51" starttime="436.823" endtime="437.266" type="other"/>
   <vocalsound nite:id="ES2009a.C.words52" starttime="441.712" endtime="442.928" type="laugh"/>
   <vocalsound nite:id="ES2009a.C.words53" starttime="465.648" endtime="466.512" type="laugh"/>
   <vocalsound nite:id="ES2009a.C.words54" starttime="484.32" endtime="484.864" type="laugh"/>
   <w nite:id="ES2009a.C.words55" starttime="490.49" endtime="490.73">Go</w>
   <w nite:id="ES2009a.C.words56" starttime="490.73" endtime="490.98">for</w>
   <w nite:id="ES2009a.C.words57" starttime="490.98" endtime="491.47">it</w>
   <w nite:id="ES2009a.C.words58" starttime="491.47" endtime="491.47" punc="true">.</w>
   <vocalsound nite:id="ES2009a.C.words59" starttime="517.644" endtime="518.432" type="laugh"/>
   <w nite:id="ES2009a.C.words60" starttime="541.53" endtime="543.83">Alright</w>
   <w nite:id="ES2009a.C.words61" starttime="543.83" endtime="543.83" punc="true">.</w>
   <w nite:id="ES2009a.C.words62" starttime="543.83" endtime="544.02">Think</w>
   <w nite:id="ES2009a.C.words63" starttime="544.02" endtime="544.11">I&#39;m</w>
   <w nite:id="ES2009a.C.words64" starttime="544.11" endtime="544.28">just</w>
   <w nite:id="ES2009a.C.words65" starttime="544.28" endtime="544.46">gonna</w>
   <w nite:id="ES2009a.C.words66" starttime="544.46" endtime="544.64">put</w>
   <w nite:id="ES2009a.C.words67" starttime="544.64" endtime="544.87">down</w>
   <w nite:id="ES2009a.C.words68" starttime="544.87" endtime="545.19">one</w>
   <w nite:id="ES2009a.C.words69" starttime="545.19" endtime="547.03">uh</w>
   <w nite:id="ES2009a.C.words70" starttime="547.03" endtime="547.63">one</w>
   <w nite:id="ES2009a.C.words71" starttime="547.63" endtime="548.71">C_D_</w>
   <w nite:id="ES2009a.C.words72" starttime="548.71" endtime="548.71" punc="true">.</w>
   <w nite:id="ES2009a.C.words73" starttime="563.74" endtime="564.53">Anybody</w>
   <w nite:id="ES2009a.C.words74" starttime="564.53" endtime="564.53" punc="true">?</w>
   <w nite:id="ES2009a.C.words75" starttime="564.53" endtime="565.09">No</w>
   <w nite:id="ES2009a.C.words76" starttime="565.09" endtime="565.09" punc="true">?</w>
   <gap nite:id="ES2009a.C.words77" starttime="565.09" endtime="565.09"/>
   <w nite:id="ES2009a.C.words78" starttime="565.09" endtime="565.73">no</w>
   <w nite:id="ES2009a.C.words79" starttime="565.73" endtime="565.73" punc="true">?</w>
   <w nite:id="ES2009a.C.words80" starttime="565.73" endtime="566.04">Afro</w>
   <w nite:id="ES2009a.C.words81" starttime="566.04" endtime="566.22">beat</w>
   <w nite:id="ES2009a.C.words82" starttime="566.22" endtime="566.86">orchestra</w>
   <w nite:id="ES2009a.C.words83" starttime="566.86" endtime="566.86" punc="true">,</w>
   <w nite:id="ES2009a.C.words84" starttime="566.86" endtime="567.06">very</w>
   <w nite:id="ES2009a.C.words85" starttime="567.06" endtime="568.56">cool</w>
   <w nite:id="ES2009a.C.words86" starttime="568.56" endtime="568.56" punc="true">.</w>
   <w nite:id="ES2009a.C.words87" starttime="568.56" endtime="569.44">Yeah</w>
   <w nite:id="ES2009a.C.words88" starttime="569.44" endtime="569.44" punc="true">.</w>
   <w nite:id="ES2009a.C.words89" starttime="569.44" endtime="569.71" trunc="true">Fift</w>
   <w nite:id="ES2009a.C.words90" starttime="569.71" endtime="570.11" trunc="true">S</w>
   <w nite:id="ES2009a.C.words91" starttime="570.11" endtime="570.22">they</w>
   <w nite:id="ES2009a.C.words92" starttime="570.22" endtime="570.44">like</w>
   <w nite:id="ES2009a.C.words93" starttime="570.44" endtime="570.81">fifteen</w>
   <w nite:id="ES2009a.C.words94" starttime="570.81" endtime="571.43">members</w>
   <w nite:id="ES2009a.C.words95" starttime="571.43" endtime="571.7">from</w>
   <w nite:id="ES2009a.C.words96" starttime="571.7" endtime="572.63">Brooklyn</w>
   <w nite:id="ES2009a.C.words97" starttime="572.63" endtime="572.63" punc="true">.</w>
   <w nite:id="ES2009a.C.words98" starttime="572.63" endtime="573.31">Um</w>
   <w nite:id="ES2009a.C.words99" starttime="573.31" endtime="573.52">and</w>
   <w nite:id="ES2009a.C.words100" starttime="573.52" endtime="573.6">I&#39;m</w>
   <w nite:id="ES2009a.C.words101" starttime="573.6" endtime="573.9">hoping</w>
   <w nite:id="ES2009a.C.words102" starttime="573.9" endtime="573.97">to</w>
   <w nite:id="ES2009a.C.words103" starttime="573.97" endtime="574.08">go</w>
   <w nite:id="ES2009a.C.words104" starttime="574.08" endtime="574.18">to</w>
   <w nite:id="ES2009a.C.words105" starttime="574.18" endtime="574.28">the</w>
   <w nite:id="ES2009a.C.words106" starttime="574.28" endtime="574.71">concert</w>
   <w nite:id="ES2009a.C.words107" starttime="574.71" endtime="575.02">in</w>
   <w nite:id="ES2009a.C.words108" starttime="575.02" endtime="575.87">Belgium</w>
   <w nite:id="ES2009a.C.words109" starttime="575.87" endtime="575.87" punc="true">,</w>
   <w nite:id="ES2009a.C.words110" starttime="575.87" endtime="575.97">in</w>
   <w nite:id="ES2009a.C.words111" starttime="575.97" endtime="576.48">Brussels</w>
   <w nite:id="ES2009a.C.words112" starttime="576.48" endtime="576.92">in</w>
   <w nite:id="ES2009a.C.words113" starttime="576.92" endtime="577.21">April</w>
   <w nite:id="ES2009a.C.words114" starttime="577.21" endtime="578.02">first</w>
   <w nite:id="ES2009a.C.words115" starttime="578.02" endtime="578.02" punc="true">.</w>
   <w nite:id="ES2009a.C.words116" starttime="578.02" endtime="578.26">Yeah</w>
   <w nite:id="ES2009a.C.words117" starttime="578.26" endtime="578.26" punc="true">.</w>
   <w nite:id="ES2009a.C.words118" starttime="578.26" endtime="578.43">It&#39;s</w>
   <w nite:id="ES2009a.C.words119" starttime="578.43" endtime="578.66">supposed</w>
   <w nite:id="ES2009a.C.words120" starttime="578.66" endtime="578.76">to</w>
   <w nite:id="ES2009a.C.words121" starttime="578.76" endtime="578.88">be</w>
   <w nite:id="ES2009a.C.words122" starttime="578.88" endtime="578.97">in</w>
   <w nite:id="ES2009a.C.words123" starttime="578.97" endtime="579.37">Brussels</w>
   <w nite:id="ES2009a.C.words124" starttime="579.37" endtime="580.03">anyways</w>
   <w nite:id="ES2009a.C.words125" starttime="580.03" endtime="580.03" punc="true">.</w>
   <w nite:id="ES2009a.C.words126" starttime="580.03" endtime="581.37">Um</w>
   <w nite:id="ES2009a.C.words127" starttime="581.37" endtime="581.74">thing</w>
   <w nite:id="ES2009a.C.words128" starttime="581.74" endtime="581.83">I</w>
   <w nite:id="ES2009a.C.words129" starttime="581.83" endtime="582.2">love</w>
   <w nite:id="ES2009a.C.words130" starttime="582.2" endtime="582.69">about</w>
   <w nite:id="ES2009a.C.words131" starttime="582.69" endtime="583.71">Edinburgh</w>
   <disfmarker nite:id="ES2009a.C.words132" starttime="583.71" endtime="583.776"/>
   <vocalsound nite:id="ES2009a.C.words133" starttime="591.376" endtime="591.824" type="laugh"/>
   <vocalsound nite:id="ES2009a.C.words134" starttime="598.986" endtime="598.986" type="laugh"/>
   <w nite:id="ES2009a.C.words135" starttime="601.47" endtime="603.23">Love</w>
   <w nite:id="ES2009a.C.words136" starttime="603.23" endtime="603.57">um</w>
   <disfmarker nite:id="ES2009a.C.words137" starttime="603.57" endtime="603.648"/>
   <vocalsound nite:id="ES2009a.C.words138" starttime="605.504" endtime="605.504" type="laugh"/>
   <w nite:id="ES2009a.C.words139" starttime="607.07" endtime="607.23">I</w>
   <w nite:id="ES2009a.C.words140" starttime="607.23" endtime="607.42">just</w>
   <w nite:id="ES2009a.C.words141" starttime="607.42" endtime="607.61">came</w>
   <w nite:id="ES2009a.C.words142" starttime="607.61" endtime="607.79">from</w>
   <w nite:id="ES2009a.C.words143" starttime="607.79" endtime="608.33">Glasgow</w>
   <w nite:id="ES2009a.C.words144" starttime="608.33" endtime="608.59">and</w>
   <w nite:id="ES2009a.C.words145" starttime="608.59" endtime="608.82">I&#39;m</w>
   <w nite:id="ES2009a.C.words146" starttime="608.82" endtime="609.17">um</w>
   <w nite:id="ES2009a.C.words147" starttime="609.17" endtime="609.48">happy</w>
   <w nite:id="ES2009a.C.words148" starttime="609.48" endtime="609.59">to</w>
   <w nite:id="ES2009a.C.words149" starttime="609.59" endtime="609.85">say</w>
   <w nite:id="ES2009a.C.words150" starttime="609.85" endtime="610.39">that</w>
   <w nite:id="ES2009a.C.words151" starttime="610.39" endtime="610.61">there&#39;s</w>
   <w nite:id="ES2009a.C.words152" starttime="610.61" endtime="610.95">the</w>
   <disfmarker nite:id="ES2009a.C.words153" starttime="610.95" endtime="610.95"/>
   <w nite:id="ES2009a.C.words154" starttime="610.95" endtime="611.19">there&#39;s</w>
   <w nite:id="ES2009a.C.words155" starttime="611.19" endtime="611.29">the</w>
   <w nite:id="ES2009a.C.words156" starttime="611.29" endtime="612.05">same</w>
   <w nite:id="ES2009a.C.words157" starttime="612.05" endtime="612.58">quantity</w>
   <w nite:id="ES2009a.C.words158" starttime="612.58" endtime="613.87">approximately</w>
   <w nite:id="ES2009a.C.words159" starttime="613.87" endtime="613.87" punc="true">.</w>
   <w nite:id="ES2009a.C.words160" starttime="613.87" endtime="614.44">Um</w>
   <w nite:id="ES2009a.C.words161" starttime="614.44" endtime="614.44" punc="true">.</w>
   <w nite:id="ES2009a.C.words162" starttime="614.44" endtime="614.54">I</w>
   <w nite:id="ES2009a.C.words163" starttime="614.54" endtime="614.63" trunc="true">w</w>
   <w nite:id="ES2009a.C.words164" starttime="618.87" endtime="619.19">Does</w>
   <w nite:id="ES2009a.C.words165" starttime="619.19" endtime="619.64">uh</w>
   <w nite:id="ES2009a.C.words166" starttime="619.64" endtime="621.25">yeah</w>
   <w nite:id="ES2009a.C.words167" starttime="621.25" endtime="621.25" punc="true">.</w>
   <w nite:id="ES2009a.C.words168" starttime="621.25" endtime="624.9">Ready</w>
   <w nite:id="ES2009a.C.words169" starttime="624.9" endtime="624.9" punc="true">?</w>
   <w nite:id="ES2009a.C.words170" starttime="624.9" endtime="625.45">Minging</w>
   <w nite:id="ES2009a.C.words171" starttime="625.45" endtime="625.45" punc="true">?</w>
   <w nite:id="ES2009a.C.words172" starttime="625.45" endtime="625.89">Nice</w>
   <w nite:id="ES2009a.C.words173" starttime="625.89" endtime="625.89" punc="true">.</w>
   <vocalsound nite:id="ES2009a.C.words174" starttime="637.587" endtime="638.101" type="laugh"/>
   <w nite:id="ES2009a.C.words175" starttime="642.28" endtime="642.46">Uh-huh</w>
   <w nite:id="ES2009a.C.words176" starttime="642.46" endtime="642.46" punc="true">.</w>
   <vocalsound nite:id="ES2009a.C.words177" starttime="647.312" endtime="650.352" type="laugh"/>
   <vocalsound nite:id="ES2009a.C.words178" starttime="654.448" endtime="654.448" type="laugh"/>
   <w nite:id="ES2009a.C.words179" starttime="654.96" endtime="655.14">Nice</w>
   <w nite:id="ES2009a.C.words180" starttime="655.14" endtime="655.14" punc="true">.</w>
   <vocalsound nite:id="ES2009a.C.words181" starttime="659.265" endtime="659.889" type="cough"/>
   <w nite:id="ES2009a.C.words182" starttime="670.47" endtime="670.97">Nice</w>
   <w nite:id="ES2009a.C.words183" starttime="670.97" endtime="670.97" punc="true">.</w>
   <vocalsound nite:id="ES2009a.C.words184" starttime="675.856" endtime="676.231" type="laugh"/>
   <vocalsound nite:id="ES2009a.C.words185" starttime="756.368" endtime="756.976" type="laugh"/>
   <vocalsound nite:id="ES2009a.C.words186" starttime="762.176" endtime="762.896" type="laugh"/>
   <vocalsound nite:id="ES2009a.C.words187" starttime="766.32" endtime="766.736" type="laugh"/>
   <w nite:id="ES2009a.C.words188" starttime="892.76" endtime="892.87">I</w>
   <w nite:id="ES2009a.C.words189" starttime="892.87" endtime="893.19">assume</w>
   <w nite:id="ES2009a.C.words190" starttime="893.19" endtime="893.29">that</w>
   <w nite:id="ES2009a.C.words191" starttime="893.29" endtime="893.41">we&#39;re</w>
   <w nite:id="ES2009a.C.words192" starttime="893.41" endtime="893.73">building</w>
   <w nite:id="ES2009a.C.words193" starttime="893.73" endtime="893.8">a</w>
   <w nite:id="ES2009a.C.words194" starttime="893.8" endtime="894.23">stand</w>
   <w nite:id="ES2009a.C.words195" starttime="894.23" endtime="894.91">alone</w>
   <w nite:id="ES2009a.C.words196" starttime="894.91" endtime="895.15">uh</w>
   <w nite:id="ES2009a.C.words197" starttime="895.15" endtime="895.49">remote</w>
   <w nite:id="ES2009a.C.words198" starttime="895.49" endtime="896.35">control</w>
   <w nite:id="ES2009a.C.words199" starttime="896.35" endtime="896.35" punc="true">,</w>
   <w nite:id="ES2009a.C.words200" starttime="896.35" endtime="896.53">we</w>
   <w nite:id="ES2009a.C.words201" starttime="896.53" endtime="896.94">can&#39;t</w>
   <w nite:id="ES2009a.C.words202" starttime="896.94" endtime="897.17">kind</w>
   <w nite:id="ES2009a.C.words203" starttime="897.17" endtime="897.37">of</w>
   <w nite:id="ES2009a.C.words204" starttime="897.37" endtime="897.64">build</w>
   <w nite:id="ES2009a.C.words205" starttime="897.64" endtime="897.72">it</w>
   <w nite:id="ES2009a.C.words206" starttime="897.72" endtime="898.02">into</w>
   <w nite:id="ES2009a.C.words207" starttime="898.02" endtime="899.29">other</w>
   <w nite:id="ES2009a.C.words208" starttime="899.29" endtime="899.94">uh</w>
   <w nite:id="ES2009a.C.words209" starttime="899.94" endtime="900.8">products</w>
   <w nite:id="ES2009a.C.words210" starttime="900.8" endtime="900.8" punc="true">.</w>
   <w nite:id="ES2009a.C.words211" starttime="902.72" endtime="902.85">For</w>
   <w nite:id="ES2009a.C.words212" starttime="902.85" endtime="903.32">instance</w>
   <w nite:id="ES2009a.C.words213" starttime="903.32" endtime="903.57">like</w>
   <w nite:id="ES2009a.C.words214" starttime="903.57" endtime="904.09">a</w>
   <w nite:id="ES2009a.C.words215" starttime="904.09" endtime="904.46">mobile</w>
   <w nite:id="ES2009a.C.words216" starttime="904.46" endtime="905.2">phone</w>
   <w nite:id="ES2009a.C.words217" starttime="905.2" endtime="905.3">or</w>
   <w nite:id="ES2009a.C.words218" starttime="905.3" endtime="905.63">something</w>
   <w nite:id="ES2009a.C.words219" starttime="905.63" endtime="905.82">like</w>
   <w nite:id="ES2009a.C.words220" starttime="905.82" endtime="906.01">that</w>
   <w nite:id="ES2009a.C.words221" starttime="906.01" endtime="906.01" punc="true">.</w>
   <w nite:id="ES2009a.C.words222" starttime="915.52" endtime="915.91">Or</w>
   <w nite:id="ES2009a.C.words223" starttime="915.91" endtime="916.43">or</w>
   <w nite:id="ES2009a.C.words224" starttime="916.43" endtime="916.59">you</w>
   <w nite:id="ES2009a.C.words225" starttime="916.59" endtime="917.1">know</w>
   <w nite:id="ES2009a.C.words226" starttime="917.1" endtime="917.32">can</w>
   <w nite:id="ES2009a.C.words227" starttime="917.32" endtime="917.45">we</w>
   <w nite:id="ES2009a.C.words228" starttime="917.45" endtime="917.75" trunc="true">produ</w>
   <w nite:id="ES2009a.C.words229" starttime="917.75" endtime="917.96">can</w>
   <w nite:id="ES2009a.C.words230" starttime="917.96" endtime="918.08">we</w>
   <w nite:id="ES2009a.C.words231" starttime="918.08" endtime="918.42">sell</w>
   <w nite:id="ES2009a.C.words232" starttime="918.42" endtime="919.05">a</w>
   <w nite:id="ES2009a.C.words233" starttime="919.05" endtime="919.32">remote</w>
   <w nite:id="ES2009a.C.words234" starttime="919.32" endtime="919.7">control</w>
   <w nite:id="ES2009a.C.words235" starttime="919.7" endtime="920.02">phone</w>
   <w nite:id="ES2009a.C.words236" starttime="920.02" endtime="920.46">for</w>
   <w nite:id="ES2009a.C.words237" starttime="920.46" endtime="920.68">twenty</w>
   <w nite:id="ES2009a.C.words238" starttime="920.68" endtime="920.95">five</w>
   <w nite:id="ES2009a.C.words239" starttime="920.95" endtime="921.35">pounds</w>
   <w nite:id="ES2009a.C.words240" starttime="921.35" endtime="921.47">or</w>
   <w nite:id="ES2009a.C.words241" starttime="921.47" endtime="921.77">less</w>
   <w nite:id="ES2009a.C.words242" starttime="921.77" endtime="921.77" punc="true">?</w>
   <w nite:id="ES2009a.C.words243" starttime="923.41" endtime="924.2">Yep</w>
   <w nite:id="ES2009a.C.words244" starttime="924.2" endtime="924.2" punc="true">.</w>
   <w nite:id="ES2009a.C.words245" starttime="924.2" endtime="924.53">Okay</w>
   <w nite:id="ES2009a.C.words246" starttime="924.53" endtime="924.53" punc="true">.</w>
   <w nite:id="ES2009a.C.words247" starttime="934.72" endtime="934.93">Mm-hmm</w>
   <w nite:id="ES2009a.C.words248" starttime="934.93" endtime="934.93" punc="true">.</w>
   <vocalsound nite:id="ES2009a.C.words249" starttime="937.98" endtime="938.88" type="laugh"/>
   <vocalsound nite:id="ES2009a.C.words250" starttime="944.432" endtime="944.432" type="laugh"/>
   <w nite:id="ES2009a.C.words251" starttime="945.67" endtime="947.63">Nice</w>
   <w nite:id="ES2009a.C.words252" starttime="947.63" endtime="947.63" punc="true">.</w>
   <w nite:id="ES2009a.C.words253" starttime="947.63" endtime="949.52">Hot</w>
   <w nite:id="ES2009a.C.words254" starttime="949.52" endtime="949.52" punc="true">.</w>
   <vocalsound nite:id="ES2009a.C.words255" starttime="949.52" endtime="949.792" type="laugh"/>
   <w nite:id="ES2009a.C.words256" starttime="988.44" endtime="988.61">Now</w>
   <w nite:id="ES2009a.C.words257" starttime="988.61" endtime="988.75">are</w>
   <w nite:id="ES2009a.C.words258" starttime="988.75" endtime="989.03">we</w>
   <w nite:id="ES2009a.C.words259" starttime="989.03" endtime="989.48">also</w>
   <w nite:id="ES2009a.C.words260" starttime="989.48" endtime="990.06">discussing</w>
   <w nite:id="ES2009a.C.words261" starttime="990.06" endtime="990.23">kind</w>
   <w nite:id="ES2009a.C.words262" starttime="990.23" endtime="990.32">of</w>
   <w nite:id="ES2009a.C.words263" starttime="990.32" endtime="990.46">our</w>
   <w nite:id="ES2009a.C.words264" starttime="990.46" endtime="990.82">initial</w>
   <w nite:id="ES2009a.C.words265" starttime="990.82" endtime="991.21">ideas</w>
   <w nite:id="ES2009a.C.words266" starttime="991.21" endtime="991.33">at</w>
   <w nite:id="ES2009a.C.words267" starttime="991.33" endtime="991.5">all</w>
   <w nite:id="ES2009a.C.words268" starttime="991.5" endtime="991.68">here</w>
   <w nite:id="ES2009a.C.words269" starttime="991.68" endtime="991.68" punc="true">?</w>
   <w nite:id="ES2009a.C.words270" starttime="993.84" endtime="994.37" trunc="true">S</w>
   <w nite:id="ES2009a.C.words271" starttime="994.37" endtime="994.55">does</w>
   <w nite:id="ES2009a.C.words272" starttime="994.55" endtime="994.85">anybody</w>
   <w nite:id="ES2009a.C.words273" starttime="994.85" endtime="995.03">have</w>
   <w nite:id="ES2009a.C.words274" starttime="995.03" endtime="995.19">any</w>
   <w nite:id="ES2009a.C.words275" starttime="995.19" endtime="995.57">initial</w>
   <w nite:id="ES2009a.C.words276" starttime="995.57" endtime="996.18">ideas</w>
   <w nite:id="ES2009a.C.words277" starttime="996.18" endtime="996.18" punc="true">?</w>
   <w nite:id="ES2009a.C.words278" starttime="1029.17" endtime="1029.97">But</w>
   <disfmarker nite:id="ES2009a.C.words279" starttime="1029.97" endtime="1029.97"/>
   <w nite:id="ES2009a.C.words280" starttime="1029.97" endtime="1030.19">I&#39;m</w>
   <w nite:id="ES2009a.C.words281" starttime="1030.19" endtime="1031.33">thinking</w>
   <disfmarker nite:id="ES2009a.C.words282" starttime="1031.33" endtime="1031.33"/>
   <w nite:id="ES2009a.C.words283" starttime="1031.33" endtime="1031.54">I&#39;m</w>
   <w nite:id="ES2009a.C.words284" starttime="1031.54" endtime="1033.0">thinking</w>
   <w nite:id="ES2009a.C.words285" starttime="1033.0" endtime="1033.29">kind</w>
   <w nite:id="ES2009a.C.words286" starttime="1033.29" endtime="1033.44">of</w>
   <w nite:id="ES2009a.C.words287" starttime="1033.44" endtime="1034.53">P_D_A_</w>
   <w nite:id="ES2009a.C.words288" starttime="1034.53" endtime="1035.35">uh</w>
   <w nite:id="ES2009a.C.words289" starttime="1035.35" endtime="1035.83">design</w>
   <w nite:id="ES2009a.C.words290" starttime="1035.83" endtime="1035.97">so</w>
   <w nite:id="ES2009a.C.words291" starttime="1035.97" endtime="1036.26">touch</w>
   <w nite:id="ES2009a.C.words292" starttime="1036.26" endtime="1036.52">screen</w>
   <w nite:id="ES2009a.C.words293" starttime="1036.52" endtime="1037.46">design</w>
   <w nite:id="ES2009a.C.words294" starttime="1037.46" endtime="1037.76">rather</w>
   <w nite:id="ES2009a.C.words295" starttime="1037.76" endtime="1037.92">than</w>
   <w nite:id="ES2009a.C.words296" starttime="1037.92" endtime="1038.8">button</w>
   <w nite:id="ES2009a.C.words297" starttime="1038.8" endtime="1039.06">so</w>
   <w nite:id="ES2009a.C.words298" starttime="1039.06" endtime="1039.23">that</w>
   <w nite:id="ES2009a.C.words299" starttime="1039.23" endtime="1039.35">you</w>
   <w nite:id="ES2009a.C.words300" starttime="1039.35" endtime="1039.53">can</w>
   <w nite:id="ES2009a.C.words301" starttime="1039.53" endtime="1039.76">kind</w>
   <w nite:id="ES2009a.C.words302" starttime="1039.76" endtime="1039.89">of</w>
   <w nite:id="ES2009a.C.words303" starttime="1039.89" endtime="1040.2">flip</w>
   <w nite:id="ES2009a.C.words304" starttime="1040.2" endtime="1040.59">around</w>
   <w nite:id="ES2009a.C.words305" starttime="1040.59" endtime="1040.77">all</w>
   <w nite:id="ES2009a.C.words306" starttime="1040.77" endtime="1041.02">sorts</w>
   <w nite:id="ES2009a.C.words307" starttime="1041.02" endtime="1041.09">of</w>
   <w nite:id="ES2009a.C.words308" starttime="1041.09" endtime="1041.4">different</w>
   <w nite:id="ES2009a.C.words309" starttime="1041.4" endtime="1042.6">things</w>
   <w nite:id="ES2009a.C.words310" starttime="1042.6" endtime="1042.6" punc="true">.</w>
   <vocalsound nite:id="ES2009a.C.words311" starttime="1046.672" endtime="1047.392" type="laugh"/>
   <w nite:id="ES2009a.C.words312" starttime="1065.23" endtime="1065.43">Too</w>
   <w nite:id="ES2009a.C.words313" starttime="1065.43" endtime="1065.96">confusing</w>
   <w nite:id="ES2009a.C.words314" starttime="1065.96" endtime="1065.96" punc="true">.</w>
   <w nite:id="ES2009a.C.words315" starttime="1079.33" endtime="1080.58">Mm-hmm</w>
   <w nite:id="ES2009a.C.words316" starttime="1080.58" endtime="1080.58" punc="true">.</w>
   <w nite:id="ES2009a.C.words317" starttime="1080.58" endtime="1081.15">Possibly</w>
   <w nite:id="ES2009a.C.words318" starttime="1081.15" endtime="1081.15" punc="true">.</w>
   <w nite:id="ES2009a.C.words319" starttime="1105.24" endtime="1105.69">I&#39;m</w>
   <w nite:id="ES2009a.C.words320" starttime="1105.69" endtime="1106.04">pretty</w>
   <w nite:id="ES2009a.C.words321" starttime="1106.04" endtime="1106.32">sure</w>
   <w nite:id="ES2009a.C.words322" starttime="1106.32" endtime="1106.5">there</w>
   <w nite:id="ES2009a.C.words323" starttime="1106.5" endtime="1107.27">is</w>
   <w nite:id="ES2009a.C.words324" starttime="1107.27" endtime="1107.27" punc="true">.</w>
   <w nite:id="ES2009a.C.words325" starttime="1107.27" endtime="1107.35">I</w>
   <w nite:id="ES2009a.C.words326" starttime="1107.35" endtime="1107.52">mean</w>
   <w nite:id="ES2009a.C.words327" starttime="1107.52" endtime="1107.72">I</w>
   <w nite:id="ES2009a.C.words328" starttime="1107.72" endtime="1107.92">I</w>
   <w nite:id="ES2009a.C.words329" starttime="1107.92" endtime="1108.12">have</w>
   <w nite:id="ES2009a.C.words330" starttime="1108.12" endtime="1108.21">a</w>
   <w nite:id="ES2009a.C.words331" starttime="1108.21" endtime="1108.49">friend</w>
   <w nite:id="ES2009a.C.words332" starttime="1108.49" endtime="1108.6">who</w>
   <w nite:id="ES2009a.C.words333" starttime="1108.6" endtime="1108.87">has</w>
   <w nite:id="ES2009a.C.words334" starttime="1108.87" endtime="1108.95">a</w>
   <w nite:id="ES2009a.C.words335" starttime="1108.95" endtime="1110.37">P_D_A_</w>
   <w nite:id="ES2009a.C.words336" starttime="1110.37" endtime="1110.96">that</w>
   <w nite:id="ES2009a.C.words337" starttime="1110.96" endtime="1111.19">he</w>
   <w nite:id="ES2009a.C.words338" starttime="1111.19" endtime="1112.15">just</w>
   <w nite:id="ES2009a.C.words339" starttime="1112.15" endtime="1112.49">points</w>
   <w nite:id="ES2009a.C.words340" starttime="1112.49" endtime="1112.59">at</w>
   <w nite:id="ES2009a.C.words341" starttime="1112.59" endtime="1112.76">his</w>
   <w nite:id="ES2009a.C.words342" starttime="1112.76" endtime="1113.1" trunc="true">telev</w>
   <w nite:id="ES2009a.C.words343" starttime="1113.1" endtime="1113.44">any</w>
   <w nite:id="ES2009a.C.words344" starttime="1113.44" endtime="1113.91">television</w>
   <w nite:id="ES2009a.C.words345" starttime="1113.91" endtime="1114.01">he</w>
   <w nite:id="ES2009a.C.words346" starttime="1114.01" endtime="1114.55">wants</w>
   <w nite:id="ES2009a.C.words347" starttime="1114.55" endtime="1114.73">and</w>
   <w nite:id="ES2009a.C.words348" starttime="1114.73" endtime="1114.94">it&#39;ll</w>
   <w nite:id="ES2009a.C.words349" starttime="1114.94" endtime="1115.33">figure</w>
   <w nite:id="ES2009a.C.words350" starttime="1115.33" endtime="1115.55">out</w>
   <w nite:id="ES2009a.C.words351" starttime="1115.55" endtime="1116.87">the</w>
   <vocalsound nite:id="ES2009a.C.words352" starttime="1116.87" endtime="1116.87" type="laugh"/>
   <w nite:id="ES2009a.C.words353" starttime="1116.87" endtime="1116.99">the</w>
   <w nite:id="ES2009a.C.words354" starttime="1116.99" endtime="1117.96">specifications</w>
   <w nite:id="ES2009a.C.words355" starttime="1117.96" endtime="1118.11">of</w>
   <w nite:id="ES2009a.C.words356" starttime="1118.11" endtime="1118.22">it</w>
   <w nite:id="ES2009a.C.words357" starttime="1118.22" endtime="1118.32">and</w>
   <w nite:id="ES2009a.C.words358" starttime="1118.32" endtime="1118.45">will</w>
   <w nite:id="ES2009a.C.words359" starttime="1118.45" endtime="1118.86">control</w>
   <w nite:id="ES2009a.C.words360" starttime="1118.86" endtime="1120.41">it</w>
   <w nite:id="ES2009a.C.words361" starttime="1120.41" endtime="1120.85">um</w>
   <w nite:id="ES2009a.C.words362" starttime="1120.85" endtime="1121.01">so</w>
   <w nite:id="ES2009a.C.words363" starttime="1121.01" endtime="1121.08">I</w>
   <w nite:id="ES2009a.C.words364" starttime="1121.08" endtime="1121.23" trunc="true">th</w>
   <w nite:id="ES2009a.C.words365" starttime="1121.23" endtime="1121.35">I</w>
   <w nite:id="ES2009a.C.words366" starttime="1121.35" endtime="1121.75">assume</w>
   <w nite:id="ES2009a.C.words367" starttime="1121.75" endtime="1121.87">that</w>
   <w nite:id="ES2009a.C.words368" starttime="1121.87" endtime="1122.03">that</w>
   <w nite:id="ES2009a.C.words369" starttime="1122.03" endtime="1122.15">can</w>
   <w nite:id="ES2009a.C.words370" starttime="1122.15" endtime="1122.25">be</w>
   <w nite:id="ES2009a.C.words371" starttime="1122.25" endtime="1122.5">done</w>
   <w nite:id="ES2009a.C.words372" starttime="1122.5" endtime="1122.9">with</w>
   <w nite:id="ES2009a.C.words373" starttime="1122.9" endtime="1123.31">uh</w>
   <w nite:id="ES2009a.C.words374" starttime="1123.31" endtime="1123.51">kind</w>
   <w nite:id="ES2009a.C.words375" starttime="1123.51" endtime="1123.6">of</w>
   <w nite:id="ES2009a.C.words376" starttime="1123.6" endtime="1123.91">around</w>
   <w nite:id="ES2009a.C.words377" starttime="1123.91" endtime="1123.99">the</w>
   <w nite:id="ES2009a.C.words378" starttime="1123.99" endtime="1124.33">world</w>
   <w nite:id="ES2009a.C.words379" starttime="1124.33" endtime="1124.33" punc="true">.</w>
   <w nite:id="ES2009a.C.words380" starttime="1158.78" endtime="1159.17">Oh</w>
   <w nite:id="ES2009a.C.words381" starttime="1159.17" endtime="1159.17" punc="true">.</w>
   <w nite:id="ES2009a.C.words382" starttime="1169.92" endtime="1169.97">I</w>
   <w nite:id="ES2009a.C.words383" starttime="1169.97" endtime="1170.25">like</w>
   <w nite:id="ES2009a.C.words384" starttime="1170.25" endtime="1170.37">the</w>
   <w nite:id="ES2009a.C.words385" starttime="1170.37" endtime="1170.73">idea</w>
   <w nite:id="ES2009a.C.words386" starttime="1170.73" endtime="1170.88">of</w>
   <w nite:id="ES2009a.C.words387" starttime="1170.88" endtime="1171.05">the</w>
   <w nite:id="ES2009a.C.words388" starttime="1171.05" endtime="1171.35">uh</w>
   <w nite:id="ES2009a.C.words389" starttime="1171.35" endtime="1171.7">multi</w>
   <w nite:id="ES2009a.C.words390" starttime="1171.7" endtime="1173.85">plate</w>
   <w nite:id="ES2009a.C.words391" starttime="1173.85" endtime="1173.85" punc="true">.</w>
   <vocalsound nite:id="ES2009a.C.words392" starttime="1173.85" endtime="1173.85" type="laugh"/>
   <w nite:id="ES2009a.C.words393" starttime="1173.85" endtime="1174.49" trunc="true">In</w>
   <w nite:id="ES2009a.C.words394" starttime="1174.49" endtime="1175.27" trunc="true">in</w>
   <w nite:id="ES2009a.C.words395" starttime="1179.3" endtime="1179.46">I</w>
   <w nite:id="ES2009a.C.words396" starttime="1179.46" endtime="1180.71">like</w>
   <w nite:id="ES2009a.C.words397" starttime="1180.71" endtime="1180.71" punc="true">.</w>
   <w nite:id="ES2009a.C.words398" starttime="1180.71" endtime="1180.81">We</w>
   <w nite:id="ES2009a.C.words399" starttime="1180.81" endtime="1180.92">should</w>
   <w nite:id="ES2009a.C.words400" starttime="1180.92" endtime="1181.27" trunc="true">c</w>
   <w nite:id="ES2009a.C.words401" starttime="1181.27" endtime="1181.38">we</w>
   <w nite:id="ES2009a.C.words402" starttime="1181.38" endtime="1181.47">should</w>
   <w nite:id="ES2009a.C.words403" starttime="1181.47" endtime="1181.64">come</w>
   <w nite:id="ES2009a.C.words404" starttime="1181.64" endtime="1181.74">up</w>
   <w nite:id="ES2009a.C.words405" starttime="1181.74" endtime="1181.9">with</w>
   <w nite:id="ES2009a.C.words406" starttime="1181.9" endtime="1181.97">a</w>
   <w nite:id="ES2009a.C.words407" starttime="1181.97" endtime="1182.42">fuzzy</w>
   <w nite:id="ES2009a.C.words408" starttime="1182.42" endtime="1182.59">one</w>
   <w nite:id="ES2009a.C.words409" starttime="1182.59" endtime="1182.73">as</w>
   <w nite:id="ES2009a.C.words410" starttime="1182.73" endtime="1185.24">well</w>
   <w nite:id="ES2009a.C.words411" starttime="1185.24" endtime="1185.24" punc="true">.</w>
   <vocalsound nite:id="ES2009a.C.words412" starttime="1185.24" endtime="1185.24" type="laugh"/>
   <w nite:id="ES2009a.C.words413" starttime="1185.24" endtime="1185.38">For</w>
   <w nite:id="ES2009a.C.words414" starttime="1185.38" endtime="1185.61">those</w>
   <w nite:id="ES2009a.C.words415" starttime="1185.61" endtime="1186.06">cold</w>
   <w nite:id="ES2009a.C.words416" starttime="1186.06" endtime="1186.42">winter</w>
   <w nite:id="ES2009a.C.words417" starttime="1186.42" endtime="1187.84">days</w>
   <w nite:id="ES2009a.C.words418" starttime="1187.84" endtime="1187.84" punc="true">.</w>
   <vocalsound nite:id="ES2009a.C.words419" starttime="1187.84" endtime="1187.904" type="laugh"/>
   <w nite:id="ES2009a.C.words420" starttime="1217.03" endtime="1217.2">Well</w>
   <w nite:id="ES2009a.C.words421" starttime="1217.2" endtime="1217.29">if</w>
   <w nite:id="ES2009a.C.words422" starttime="1217.29" endtime="1217.39">we</w>
   <w nite:id="ES2009a.C.words423" starttime="1217.39" endtime="1217.75">bundle</w>
   <w nite:id="ES2009a.C.words424" starttime="1217.75" endtime="1217.89">it</w>
   <w nite:id="ES2009a.C.words425" starttime="1217.89" endtime="1217.98">as</w>
   <w nite:id="ES2009a.C.words426" starttime="1217.98" endtime="1218.08">a</w>
   <w nite:id="ES2009a.C.words427" starttime="1218.08" endtime="1218.38">phone</w>
   <w nite:id="ES2009a.C.words428" starttime="1218.38" endtime="1218.49">then</w>
   <w nite:id="ES2009a.C.words429" starttime="1218.49" endtime="1218.57">you</w>
   <w nite:id="ES2009a.C.words430" starttime="1218.57" endtime="1218.7">can</w>
   <w nite:id="ES2009a.C.words431" starttime="1218.7" endtime="1218.92">always</w>
   <w nite:id="ES2009a.C.words432" starttime="1218.92" endtime="1219.2">call</w>
   <w nite:id="ES2009a.C.words433" starttime="1219.2" endtime="1220.38">it</w>
   <w nite:id="ES2009a.C.words434" starttime="1220.38" endtime="1220.38" punc="true">.</w>
   <w nite:id="ES2009a.C.words435" starttime="1220.38" endtime="1220.85">If</w>
   <w nite:id="ES2009a.C.words436" starttime="1220.85" endtime="1221.08">you&#39;re</w>
   <w nite:id="ES2009a.C.words437" starttime="1221.08" endtime="1221.38">not</w>
   <w nite:id="ES2009a.C.words438" starttime="1221.38" endtime="1221.65">doing</w>
   <w nite:id="ES2009a.C.words439" starttime="1221.65" endtime="1221.95">that</w>
   <w nite:id="ES2009a.C.words440" starttime="1221.95" endtime="1222.08">then</w>
   <w nite:id="ES2009a.C.words441" starttime="1222.08" endtime="1222.21">we</w>
   <w nite:id="ES2009a.C.words442" starttime="1222.21" endtime="1222.4">can</w>
   <w nite:id="ES2009a.C.words443" starttime="1222.4" endtime="1222.82">have</w>
   <w nite:id="ES2009a.C.words444" starttime="1222.82" endtime="1223.26">something</w>
   <w nite:id="ES2009a.C.words445" starttime="1223.26" endtime="1223.42">that</w>
   <w nite:id="ES2009a.C.words446" starttime="1223.42" endtime="1223.63">just</w>
   <w nite:id="ES2009a.C.words447" starttime="1223.63" endtime="1223.82">kind</w>
   <w nite:id="ES2009a.C.words448" starttime="1223.82" endtime="1223.92">of</w>
   <w nite:id="ES2009a.C.words449" starttime="1223.92" endtime="1224.43">rings</w>
   <w nite:id="ES2009a.C.words450" starttime="1224.43" endtime="1225.26">from</w>
   <w nite:id="ES2009a.C.words451" starttime="1225.26" endtime="1226.28">either</w>
   <disfmarker nite:id="ES2009a.C.words452" starttime="1226.28" endtime="1226.28"/>
   <w nite:id="ES2009a.C.words453" starttime="1226.28" endtime="1226.43">well</w>
   <w nite:id="ES2009a.C.words454" starttime="1226.43" endtime="1226.61">there</w>
   <w nite:id="ES2009a.C.words455" starttime="1226.61" endtime="1226.75">used</w>
   <w nite:id="ES2009a.C.words456" starttime="1226.75" endtime="1226.83">to</w>
   <w nite:id="ES2009a.C.words457" starttime="1226.83" endtime="1226.93">be</w>
   <w nite:id="ES2009a.C.words458" starttime="1226.93" endtime="1227.13">those</w>
   <w nite:id="ES2009a.C.words459" starttime="1227.13" endtime="1227.63">whistling</w>
   <w nite:id="ES2009a.C.words460" starttime="1227.63" endtime="1228.2">devices</w>
   <w nite:id="ES2009a.C.words461" starttime="1228.2" endtime="1228.38">but</w>
   <w nite:id="ES2009a.C.words462" starttime="1228.38" endtime="1228.56">that&#39;s</w>
   <w nite:id="ES2009a.C.words463" starttime="1228.56" endtime="1228.64">a</w>
   <w nite:id="ES2009a.C.words464" starttime="1228.64" endtime="1228.83">little</w>
   <w nite:id="ES2009a.C.words465" starttime="1228.83" endtime="1228.97">bit</w>
   <w nite:id="ES2009a.C.words466" starttime="1228.97" endtime="1229.42">annoying</w>
   <w nite:id="ES2009a.C.words467" starttime="1229.42" endtime="1229.42" punc="true">.</w>
   <w nite:id="ES2009a.C.words468" starttime="1239.99" endtime="1240.43" trunc="true">Th</w>
   <w nite:id="ES2009a.C.words469" starttime="1242.97" endtime="1243.24">Yeah</w>
   <w nite:id="ES2009a.C.words470" starttime="1243.24" endtime="1243.24" punc="true">.</w>
   <w nite:id="ES2009a.C.words471" starttime="1246.35" endtime="1246.61">That&#39;s</w>
   <w nite:id="ES2009a.C.words472" starttime="1246.61" endtime="1246.81">cool</w>
   <w nite:id="ES2009a.C.words473" starttime="1246.81" endtime="1246.81" punc="true">.</w>
   <w nite:id="ES2009a.C.words474" starttime="1248.87" endtime="1248.92">I</w>
   <w nite:id="ES2009a.C.words475" starttime="1248.92" endtime="1249.17">think</w>
   <w nite:id="ES2009a.C.words476" starttime="1249.17" endtime="1249.27">we</w>
   <w nite:id="ES2009a.C.words477" starttime="1249.27" endtime="1249.42">could</w>
   <w nite:id="ES2009a.C.words478" starttime="1249.42" endtime="1249.81">design</w>
   <w nite:id="ES2009a.C.words479" starttime="1249.81" endtime="1250.05">into</w>
   <w nite:id="ES2009a.C.words480" starttime="1250.05" endtime="1254.37">that</w>
   <w nite:id="ES2009a.C.words481" starttime="1254.37" endtime="1254.37" punc="true">.</w>
   <vocalsound nite:id="ES2009a.C.words482" starttime="1254.37" endtime="1254.56" type="laugh"/>
   <w nite:id="ES2009a.C.words483" starttime="1271.24" endtime="1272.27">Curves</w>
   <w nite:id="ES2009a.C.words484" starttime="1272.27" endtime="1272.27" punc="true">.</w>
   <w nite:id="ES2009a.C.words485" starttime="1325.54" endtime="1325.64">We&#39;re</w>
   <w nite:id="ES2009a.C.words486" starttime="1325.64" endtime="1325.91">talking</w>
   <w nite:id="ES2009a.C.words487" starttime="1325.91" endtime="1326.13">twenty</w>
   <w nite:id="ES2009a.C.words488" starttime="1326.13" endtime="1326.32">five</w>
   <w nite:id="ES2009a.C.words489" starttime="1326.32" endtime="1326.65">Pounds</w>
   <w nite:id="ES2009a.C.words490" starttime="1326.65" endtime="1326.74">or</w>
   <w nite:id="ES2009a.C.words491" starttime="1326.74" endtime="1326.96">twenty</w>
   <w nite:id="ES2009a.C.words492" starttime="1326.96" endtime="1327.19">five</w>
   <w nite:id="ES2009a.C.words493" starttime="1327.19" endtime="1327.55">Euros</w>
   <w nite:id="ES2009a.C.words494" starttime="1327.55" endtime="1327.55" punc="true">?</w>
   <vocalsound nite:id="ES2009a.C.words495" starttime="1332.512" endtime="1333.488" type="laugh"/>
   <w nite:id="ES2009a.C.words496" starttime="1336.69" endtime="1337.03">Slight</w>
   <w nite:id="ES2009a.C.words497" starttime="1337.03" endtime="1337.45">difference</w>
   <w nite:id="ES2009a.C.words498" starttime="1337.45" endtime="1337.49">I</w>
   <w nite:id="ES2009a.C.words499" starttime="1337.49" endtime="1337.85">guess</w>
   <w nite:id="ES2009a.C.words500" starttime="1337.85" endtime="1337.85" punc="true">.</w>
   <w nite:id="ES2009a.C.words501" starttime="1350.53" endtime="1350.83">No</w>
   <w nite:id="ES2009a.C.words502" starttime="1350.83" endtime="1350.83" punc="true">.</w>
   <w nite:id="ES2009a.C.words503" starttime="1397.99" endtime="1398.21">Thank</w>
   <w nite:id="ES2009a.C.words504" starttime="1398.21" endtime="1398.38">you</w>
   <w nite:id="ES2009a.C.words505" starttime="1398.38" endtime="1398.38" punc="true">.</w>
</nite:root>