<?xml version="1.0" encoding="ISO-8859-1" standalone="yes"?>
<nite:root nite:id="ES2009a.D.words" xmlns:nite="http://nite.sourceforge.net/">
   <w nite:id="ES2009a.D.words0" starttime="2.27" endtime="2.32">Are</w>
   <w nite:id="ES2009a.D.words1" starttime="2.32" endtime="2.44">you</w>
   <w nite:id="ES2009a.D.words2" starttime="2.44" endtime="2.59">sure</w>
   <w nite:id="ES2009a.D.words3" starttime="2.59" endtime="2.64">I</w>
   <w nite:id="ES2009a.D.words4" starttime="2.64" endtime="3.25">got</w>
   <w nite:id="ES2009a.D.words5" starttime="3.25" endtime="3.51">it</w>
   <w nite:id="ES2009a.D.words6" starttime="3.51" endtime="4.01">all</w>
   <disfmarker nite:id="ES2009a.D.words7" starttime="4.01" endtime="4.01"/>
   <w nite:id="ES2009a.D.words8" starttime="4.01" endtime="4.34">head&#39;s</w>
   <w nite:id="ES2009a.D.words9" starttime="4.34" endtime="4.66">kinda</w>
   <w nite:id="ES2009a.D.words10" starttime="4.66" endtime="8.36">small</w>
   <w nite:id="ES2009a.D.words11" starttime="8.36" endtime="8.36" punc="true">.</w>
   <w nite:id="ES2009a.D.words12" starttime="8.36" endtime="8.9">Okay</w>
   <w nite:id="ES2009a.D.words13" starttime="8.9" endtime="8.9" punc="true">.</w>
   <gap nite:id="ES2009a.D.words14" starttime="8.9" endtime="9.277"/>
   <w nite:id="ES2009a.D.words15" starttime="11.17" endtime="11.27">We&#39;re</w>
   <w nite:id="ES2009a.D.words16" starttime="11.27" endtime="12.4">okay</w>
   <w nite:id="ES2009a.D.words17" starttime="12.4" endtime="12.4" punc="true">?</w>
   <w nite:id="ES2009a.D.words18" starttime="22.16" endtime="22.25">We&#39;re</w>
   <w nite:id="ES2009a.D.words19" starttime="22.25" endtime="22.45">good</w>
   <w nite:id="ES2009a.D.words20" starttime="22.45" endtime="22.45" punc="true">?</w>
   <w nite:id="ES2009a.D.words21" starttime="35.72" endtime="35.85">I</w>
   <w nite:id="ES2009a.D.words22" starttime="35.85" endtime="36.47">guess</w>
   <w nite:id="ES2009a.D.words23" starttime="36.47" endtime="36.57">it&#39;s</w>
   <w nite:id="ES2009a.D.words24" starttime="36.57" endtime="36.71">gonna</w>
   <w nite:id="ES2009a.D.words25" starttime="36.71" endtime="36.77">be</w>
   <w nite:id="ES2009a.D.words26" starttime="36.77" endtime="36.97">hard</w>
   <w nite:id="ES2009a.D.words27" starttime="36.97" endtime="37.14">to</w>
   <w nite:id="ES2009a.D.words28" starttime="37.14" endtime="37.52">drink</w>
   <w nite:id="ES2009a.D.words29" starttime="37.52" endtime="39.94">coffee</w>
   <w nite:id="ES2009a.D.words30" starttime="39.94" endtime="39.94" punc="true">.</w>
   <w nite:id="ES2009a.D.words31" starttime="39.94" endtime="41.1">Mm</w>
   <w nite:id="ES2009a.D.words32" starttime="41.1" endtime="41.1" punc="true">.</w>
   <w nite:id="ES2009a.D.words33" starttime="41.1" endtime="41.96">Uh</w>
   <w nite:id="ES2009a.D.words34" starttime="41.96" endtime="42.33">okay</w>
   <w nite:id="ES2009a.D.words35" starttime="42.33" endtime="42.33" punc="true">.</w>
   <w nite:id="ES2009a.D.words36" starttime="53.47" endtime="53.68">Very</w>
   <w nite:id="ES2009a.D.words37" starttime="53.68" endtime="54.13">official</w>
   <w nite:id="ES2009a.D.words38" starttime="54.13" endtime="54.13" punc="true">.</w>
   <vocalsound nite:id="ES2009a.D.words39" starttime="138.624" endtime="138.624" type="laugh"/>
   <w nite:id="ES2009a.D.words40" starttime="139.58" endtime="139.69">You&#39;re</w>
   <w nite:id="ES2009a.D.words41" starttime="139.69" endtime="139.86">just</w>
   <w nite:id="ES2009a.D.words42" starttime="139.86" endtime="140.04">gonna</w>
   <w nite:id="ES2009a.D.words43" starttime="140.04" endtime="140.35">believe</w>
   <w nite:id="ES2009a.D.words44" starttime="140.35" endtime="140.5">me</w>
   <w nite:id="ES2009a.D.words45" starttime="140.5" endtime="140.5" punc="true">,</w>
   <w nite:id="ES2009a.D.words46" starttime="140.5" endtime="140.71">we&#39;ll</w>
   <w nite:id="ES2009a.D.words47" starttime="140.71" endtime="140.87">go</w>
   <w nite:id="ES2009a.D.words48" starttime="140.87" endtime="141.03">from</w>
   <w nite:id="ES2009a.D.words49" starttime="141.03" endtime="142.01">there</w>
   <w nite:id="ES2009a.D.words50" starttime="142.01" endtime="142.01" punc="true">.</w>
   <w nite:id="ES2009a.D.words51" starttime="142.01" endtime="142.15">Fair</w>
   <w nite:id="ES2009a.D.words52" starttime="142.15" endtime="142.4">enough</w>
   <w nite:id="ES2009a.D.words53" starttime="142.4" endtime="142.4" punc="true">.</w>
   <w nite:id="ES2009a.D.words54" starttime="160.92" endtime="161.14">Prove</w>
   <w nite:id="ES2009a.D.words55" starttime="161.14" endtime="161.48">it</w>
   <w nite:id="ES2009a.D.words56" starttime="161.48" endtime="162.52">yeah</w>
   <w nite:id="ES2009a.D.words57" starttime="162.52" endtime="162.52" punc="true">,</w>
   <w nite:id="ES2009a.D.words58" starttime="162.52" endtime="162.77">okay</w>
   <w nite:id="ES2009a.D.words59" starttime="162.77" endtime="162.77" punc="true">.</w>
   <vocalsound nite:id="ES2009a.D.words60" starttime="181.264" endtime="183.53" type="laugh"/>
   <w nite:id="ES2009a.D.words61" starttime="190.16" endtime="190.38">Works</w>
   <w nite:id="ES2009a.D.words62" starttime="190.38" endtime="190.45">for</w>
   <w nite:id="ES2009a.D.words63" starttime="190.45" endtime="190.65">me</w>
   <w nite:id="ES2009a.D.words64" starttime="190.65" endtime="190.65" punc="true">.</w>
   <vocalsound nite:id="ES2009a.D.words65" starttime="254.448" endtime="255.088" type="laugh"/>
   <vocalsound nite:id="ES2009a.D.words66" starttime="257.797" endtime="258.713" type="laugh"/>
   <w nite:id="ES2009a.D.words67" starttime="260.86" endtime="261.05">There</w>
   <w nite:id="ES2009a.D.words68" starttime="261.05" endtime="261.16">you</w>
   <w nite:id="ES2009a.D.words69" starttime="261.16" endtime="261.36">go</w>
   <w nite:id="ES2009a.D.words70" starttime="261.36" endtime="261.36" punc="true">.</w>
   <vocalsound nite:id="ES2009a.D.words71" starttime="366.432" endtime="366.944" type="laugh"/>
   <w nite:id="ES2009a.D.words72" starttime="379.14" endtime="379.53">I&#39;m</w>
   <w nite:id="ES2009a.D.words73" starttime="379.53" endtime="380.22">Sarah</w>
   <w nite:id="ES2009a.D.words74" starttime="380.22" endtime="380.22" punc="true">,</w>
   <w nite:id="ES2009a.D.words75" starttime="380.22" endtime="380.53">I</w>
   <w nite:id="ES2009a.D.words76" starttime="380.53" endtime="380.77">went</w>
   <w nite:id="ES2009a.D.words77" starttime="380.77" endtime="380.87">to</w>
   <w nite:id="ES2009a.D.words78" starttime="380.87" endtime="381.66">Michigan</w>
   <w nite:id="ES2009a.D.words79" starttime="381.66" endtime="381.66" punc="true">,</w>
   <w nite:id="ES2009a.D.words80" starttime="381.66" endtime="382.16">and</w>
   <w nite:id="ES2009a.D.words81" starttime="382.16" endtime="382.28">I&#39;m</w>
   <w nite:id="ES2009a.D.words82" starttime="382.28" endtime="382.42">here</w>
   <w nite:id="ES2009a.D.words83" starttime="382.42" endtime="382.55">doing</w>
   <w nite:id="ES2009a.D.words84" starttime="382.55" endtime="383.03">cultural</w>
   <w nite:id="ES2009a.D.words85" starttime="383.03" endtime="384.05">studies</w>
   <w nite:id="ES2009a.D.words86" starttime="384.05" endtime="384.21">and</w>
   <w nite:id="ES2009a.D.words87" starttime="384.21" endtime="384.32">I&#39;m</w>
   <w nite:id="ES2009a.D.words88" starttime="384.32" endtime="384.38">the</w>
   <w nite:id="ES2009a.D.words89" starttime="384.38" endtime="385.4">Marketing</w>
   <w nite:id="ES2009a.D.words90" starttime="385.4" endtime="385.93">Manager</w>
   <w nite:id="ES2009a.D.words91" starttime="385.93" endtime="386.03">or</w>
   <w nite:id="ES2009a.D.words92" starttime="386.03" endtime="386.44">something</w>
   <w nite:id="ES2009a.D.words93" starttime="386.44" endtime="386.44" punc="true">.</w>
   <w nite:id="ES2009a.D.words94" starttime="386.44" endtime="387.08">Marketing</w>
   <w nite:id="ES2009a.D.words95" starttime="387.08" endtime="387.08" punc="true">,</w>
   <w nite:id="ES2009a.D.words96" starttime="387.08" endtime="387.92">yeah</w>
   <w nite:id="ES2009a.D.words97" starttime="387.92" endtime="388.8">Expert</w>
   <w nite:id="ES2009a.D.words98" starttime="388.8" endtime="388.8" punc="true">.</w>
   <w nite:id="ES2009a.D.words99" starttime="388.8" endtime="389.83">Expert</w>
   <w nite:id="ES2009a.D.words100" starttime="389.83" endtime="389.83" punc="true">.</w>
   <w nite:id="ES2009a.D.words101" starttime="389.83" endtime="390.65">Fine</w>
   <w nite:id="ES2009a.D.words102" starttime="390.65" endtime="390.65" punc="true">.</w>
   <w nite:id="ES2009a.D.words103" starttime="390.65" endtime="390.91">That&#39;s</w>
   <w nite:id="ES2009a.D.words104" starttime="390.91" endtime="391.13">me</w>
   <w nite:id="ES2009a.D.words105" starttime="391.13" endtime="391.13" punc="true">.</w>
   <w nite:id="ES2009a.D.words106" starttime="413.1" endtime="413.57">So</w>
   <w nite:id="ES2009a.D.words107" starttime="413.57" endtime="413.57" punc="true">.</w>
   <w nite:id="ES2009a.D.words108" starttime="416.84" endtime="416.91">So</w>
   <w nite:id="ES2009a.D.words109" starttime="416.91" endtime="416.99">do</w>
   <w nite:id="ES2009a.D.words110" starttime="416.99" endtime="417.05">we</w>
   <w nite:id="ES2009a.D.words111" starttime="417.05" endtime="417.15">have</w>
   <w nite:id="ES2009a.D.words112" starttime="417.15" endtime="417.23">to</w>
   <w nite:id="ES2009a.D.words113" starttime="417.23" endtime="417.38">wait</w>
   <w nite:id="ES2009a.D.words114" starttime="417.38" endtime="417.44">for</w>
   <w nite:id="ES2009a.D.words115" starttime="417.44" endtime="417.5">you</w>
   <w nite:id="ES2009a.D.words116" starttime="417.5" endtime="417.58">to</w>
   <w nite:id="ES2009a.D.words117" starttime="417.58" endtime="417.76">write</w>
   <w nite:id="ES2009a.D.words118" starttime="417.76" endtime="417.85">it</w>
   <w nite:id="ES2009a.D.words119" starttime="417.85" endtime="418.03">down</w>
   <w nite:id="ES2009a.D.words120" starttime="418.03" endtime="418.06">or</w>
   <w nite:id="ES2009a.D.words121" starttime="418.06" endtime="418.15">are</w>
   <w nite:id="ES2009a.D.words122" starttime="418.15" endtime="418.28">you</w>
   <w nite:id="ES2009a.D.words123" starttime="418.28" endtime="418.46">gonna</w>
   <w nite:id="ES2009a.D.words124" starttime="418.46" endtime="418.67">tell</w>
   <w nite:id="ES2009a.D.words125" starttime="418.67" endtime="419.47">us</w>
   <w nite:id="ES2009a.D.words126" starttime="419.47" endtime="419.47" punc="true">?</w>
   <w nite:id="ES2009a.D.words127" starttime="419.47" endtime="419.63">I&#39;m</w>
   <w nite:id="ES2009a.D.words128" starttime="419.63" endtime="420.0">waiting</w>
   <w nite:id="ES2009a.D.words129" starttime="420.0" endtime="420.08">to</w>
   <w nite:id="ES2009a.D.words130" starttime="420.08" endtime="420.29">know</w>
   <w nite:id="ES2009a.D.words131" starttime="420.29" endtime="420.29" punc="true">.</w>
   <w nite:id="ES2009a.D.words132" starttime="423.81" endtime="424.56">Uh</w>
   <disfmarker nite:id="ES2009a.D.words133" starttime="424.56" endtime="424.738"/>
   <w nite:id="ES2009a.D.words134" starttime="427.38" endtime="427.49">Fair</w>
   <w nite:id="ES2009a.D.words135" starttime="427.49" endtime="427.77">enough</w>
   <w nite:id="ES2009a.D.words136" starttime="427.77" endtime="427.77" punc="true">.</w>
   <w nite:id="ES2009a.D.words137" starttime="431.78" endtime="432.26">Oh</w>
   <w nite:id="ES2009a.D.words138" starttime="432.26" endtime="432.26" punc="true">,</w>
   <w nite:id="ES2009a.D.words139" starttime="432.26" endtime="434.29">Smallville</w>
   <w nite:id="ES2009a.D.words140" starttime="434.29" endtime="434.29" punc="true">.</w>
   <w nite:id="ES2009a.D.words141" starttime="434.29" endtime="434.56">I</w>
   <w nite:id="ES2009a.D.words142" starttime="434.56" endtime="434.72">went</w>
   <w nite:id="ES2009a.D.words143" starttime="434.72" endtime="434.79">to</w>
   <w nite:id="ES2009a.D.words144" starttime="434.79" endtime="434.92">high</w>
   <w nite:id="ES2009a.D.words145" starttime="434.92" endtime="435.17">school</w>
   <w nite:id="ES2009a.D.words146" starttime="435.17" endtime="435.29">with</w>
   <w nite:id="ES2009a.D.words147" starttime="435.29" endtime="435.51">Tom</w>
   <w nite:id="ES2009a.D.words148" starttime="435.51" endtime="436.0">Willing</w>
   <w nite:id="ES2009a.D.words149" starttime="436.0" endtime="436.77">actually</w>
   <w nite:id="ES2009a.D.words150" starttime="436.77" endtime="436.77" punc="true">.</w>
   <w nite:id="ES2009a.D.words151" starttime="438.17" endtime="438.32">The</w>
   <w nite:id="ES2009a.D.words152" starttime="438.32" endtime="439.22">guy</w>
   <w nite:id="ES2009a.D.words153" starttime="439.22" endtime="439.22" punc="true">.</w>
   <w nite:id="ES2009a.D.words154" starttime="439.22" endtime="439.79">Yeah</w>
   <w nite:id="ES2009a.D.words155" starttime="439.79" endtime="439.79" punc="true">.</w>
   <w nite:id="ES2009a.D.words156" starttime="441.4" endtime="442.9">Yeah</w>
   <w nite:id="ES2009a.D.words157" starttime="442.9" endtime="442.9" punc="true">.</w>
   <vocalsound nite:id="ES2009a.D.words158" starttime="442.9" endtime="442.9" type="laugh"/>
   <w nite:id="ES2009a.D.words159" starttime="442.9" endtime="443.16">Very</w>
   <w nite:id="ES2009a.D.words160" starttime="443.16" endtime="443.35">much</w>
   <w nite:id="ES2009a.D.words161" starttime="443.35" endtime="443.99">so</w>
   <w nite:id="ES2009a.D.words162" starttime="443.99" endtime="443.99" punc="true">.</w>
   <w nite:id="ES2009a.D.words163" starttime="443.99" endtime="444.18">Hell</w>
   <w nite:id="ES2009a.D.words164" starttime="444.18" endtime="444.26">of</w>
   <w nite:id="ES2009a.D.words165" starttime="444.26" endtime="444.32">a</w>
   <w nite:id="ES2009a.D.words166" starttime="444.32" endtime="444.69">soccer</w>
   <w nite:id="ES2009a.D.words167" starttime="444.69" endtime="445.1">player</w>
   <w nite:id="ES2009a.D.words168" starttime="445.1" endtime="445.39">but</w>
   <w nite:id="ES2009a.D.words169" starttime="445.39" endtime="445.48">a</w>
   <w nite:id="ES2009a.D.words170" starttime="445.48" endtime="445.78">total</w>
   <w nite:id="ES2009a.D.words171" starttime="445.78" endtime="446.23">bastard</w>
   <w nite:id="ES2009a.D.words172" starttime="446.23" endtime="446.85">nonetheless</w>
   <w nite:id="ES2009a.D.words173" starttime="446.85" endtime="446.85" punc="true">.</w>
   <w nite:id="ES2009a.D.words174" starttime="447.74" endtime="448.62">Yeah</w>
   <w nite:id="ES2009a.D.words175" starttime="448.62" endtime="448.62" punc="true">.</w>
   <w nite:id="ES2009a.D.words176" starttime="448.62" endtime="448.84">He</w>
   <w nite:id="ES2009a.D.words177" starttime="448.84" endtime="448.94">is</w>
   <w nite:id="ES2009a.D.words178" starttime="448.94" endtime="448.99">a</w>
   <w nite:id="ES2009a.D.words179" starttime="448.99" endtime="449.2">big</w>
   <w nite:id="ES2009a.D.words180" starttime="449.2" endtime="450.34">guy</w>
   <w nite:id="ES2009a.D.words181" starttime="450.34" endtime="450.34" punc="true">.</w>
   <w nite:id="ES2009a.D.words182" starttime="450.34" endtime="450.56">Yeah</w>
   <w nite:id="ES2009a.D.words183" starttime="450.56" endtime="450.56" punc="true">.</w>
   <w nite:id="ES2009a.D.words184" starttime="455.87" endtime="456.12">Mm-hmm</w>
   <w nite:id="ES2009a.D.words185" starttime="456.12" endtime="456.12" punc="true">.</w>
   <w nite:id="ES2009a.D.words186" starttime="468.46" endtime="468.61">Good</w>
   <w nite:id="ES2009a.D.words187" starttime="468.61" endtime="468.97">call</w>
   <w nite:id="ES2009a.D.words188" starttime="468.97" endtime="468.97" punc="true">.</w>
   <w nite:id="ES2009a.D.words189" starttime="478.62" endtime="479.28">Interesting</w>
   <w nite:id="ES2009a.D.words190" starttime="479.28" endtime="479.28" punc="true">.</w>
   <vocalsound nite:id="ES2009a.D.words191" starttime="481.6" endtime="483.616" type="laugh"/>
   <w nite:id="ES2009a.D.words192" starttime="489.32" endtime="489.42">I</w>
   <w nite:id="ES2009a.D.words193" starttime="489.42" endtime="489.69">guess</w>
   <w nite:id="ES2009a.D.words194" starttime="489.69" endtime="489.85">I&#39;ll</w>
   <w nite:id="ES2009a.D.words195" starttime="489.85" endtime="489.98">go</w>
   <w nite:id="ES2009a.D.words196" starttime="489.98" endtime="490.33">next</w>
   <w nite:id="ES2009a.D.words197" starttime="490.33" endtime="491.4">then</w>
   <w nite:id="ES2009a.D.words198" starttime="491.4" endtime="491.4" punc="true">.</w>
   <w nite:id="ES2009a.D.words199" starttime="491.4" endtime="491.77">Okay</w>
   <w nite:id="ES2009a.D.words200" starttime="491.77" endtime="491.77" punc="true">.</w>
   <w nite:id="ES2009a.D.words201" starttime="491.77" endtime="491.89" mispronounced="true">Don&#39;t</w>
   <w nite:id="ES2009a.D.words202" starttime="491.89" endtime="492.22" mispronounced="true">wanna</w>
   <w nite:id="ES2009a.D.words203" starttime="492.22" endtime="492.44">lose</w>
   <w nite:id="ES2009a.D.words204" starttime="492.44" endtime="492.55">all</w>
   <w nite:id="ES2009a.D.words205" starttime="492.55" endtime="492.67">my</w>
   <w nite:id="ES2009a.D.words206" starttime="492.67" endtime="494.15">mikes</w>
   <w nite:id="ES2009a.D.words207" starttime="494.15" endtime="494.15" punc="true">,</w>
   <w nite:id="ES2009a.D.words208" starttime="494.15" endtime="494.51">plugged</w>
   <w nite:id="ES2009a.D.words209" starttime="494.51" endtime="494.62">in</w>
   <w nite:id="ES2009a.D.words210" starttime="494.62" endtime="494.97">here</w>
   <w nite:id="ES2009a.D.words211" starttime="494.97" endtime="494.97" punc="true">.</w>
   <w nite:id="ES2009a.D.words212" starttime="494.97" endtime="496.27">Okay</w>
   <w nite:id="ES2009a.D.words213" starttime="496.27" endtime="496.27" punc="true">.</w>
   <w nite:id="ES2009a.D.words214" starttime="496.27" endtime="496.95">This</w>
   <w nite:id="ES2009a.D.words215" starttime="496.95" endtime="497.04">is</w>
   <w nite:id="ES2009a.D.words216" starttime="497.04" endtime="497.43">basically</w>
   <w nite:id="ES2009a.D.words217" starttime="497.43" endtime="497.63">just</w>
   <w nite:id="ES2009a.D.words218" starttime="497.63" endtime="497.98">pen</w>
   <w nite:id="ES2009a.D.words219" starttime="497.98" endtime="498.45">practice</w>
   <w nite:id="ES2009a.D.words220" starttime="498.45" endtime="499.97">huh</w>
   <w nite:id="ES2009a.D.words221" starttime="499.97" endtime="499.97" punc="true">?</w>
   <w nite:id="ES2009a.D.words222" starttime="499.97" endtime="500.95">Okay</w>
   <w nite:id="ES2009a.D.words223" starttime="500.95" endtime="500.95" punc="true">.</w>
   <w nite:id="ES2009a.D.words224" starttime="500.95" endtime="501.07">Oh</w>
   <w nite:id="ES2009a.D.words225" starttime="501.07" endtime="501.22">you&#39;re</w>
   <w nite:id="ES2009a.D.words226" starttime="501.22" endtime="501.44">much</w>
   <w nite:id="ES2009a.D.words227" starttime="501.44" endtime="501.78">taller</w>
   <w nite:id="ES2009a.D.words228" starttime="501.78" endtime="501.91">than</w>
   <w nite:id="ES2009a.D.words229" starttime="501.91" endtime="502.07">me</w>
   <w nite:id="ES2009a.D.words230" starttime="502.07" endtime="502.18">so</w>
   <w nite:id="ES2009a.D.words231" starttime="502.18" endtime="502.29">I&#39;m</w>
   <w nite:id="ES2009a.D.words232" starttime="502.29" endtime="502.46">gonna</w>
   <w nite:id="ES2009a.D.words233" starttime="502.46" endtime="502.65">write</w>
   <w nite:id="ES2009a.D.words234" starttime="502.65" endtime="502.87">down</w>
   <w nite:id="ES2009a.D.words235" starttime="502.87" endtime="503.23">here</w>
   <w nite:id="ES2009a.D.words236" starttime="503.23" endtime="503.23" punc="true">.</w>
   <w nite:id="ES2009a.D.words237" starttime="505.11" endtime="505.51">Um</w>
   <w nite:id="ES2009a.D.words238" starttime="505.51" endtime="505.51" punc="true">.</w>
   <w nite:id="ES2009a.D.words239" starttime="507.73" endtime="507.93">Right</w>
   <w nite:id="ES2009a.D.words240" starttime="507.93" endtime="508.42">now</w>
   <w nite:id="ES2009a.D.words241" starttime="508.42" endtime="508.6">I&#39;m</w>
   <w nite:id="ES2009a.D.words242" starttime="508.6" endtime="509.06">listening</w>
   <w nite:id="ES2009a.D.words243" starttime="509.06" endtime="509.22">to</w>
   <w nite:id="ES2009a.D.words244" starttime="509.22" endtime="509.29">a</w>
   <w nite:id="ES2009a.D.words245" starttime="509.29" endtime="509.55">lot</w>
   <w nite:id="ES2009a.D.words246" starttime="509.55" endtime="510.74">of</w>
   <w nite:id="ES2009a.D.words247" starttime="510.74" endtime="511.02">somebody</w>
   <w nite:id="ES2009a.D.words248" starttime="511.02" endtime="511.25">nobody&#39;s</w>
   <w nite:id="ES2009a.D.words249" starttime="511.25" endtime="511.53">ever</w>
   <w nite:id="ES2009a.D.words250" starttime="511.53" endtime="511.72">heard</w>
   <w nite:id="ES2009a.D.words251" starttime="511.72" endtime="512.63">of</w>
   <w nite:id="ES2009a.D.words252" starttime="512.63" endtime="512.63" punc="true">,</w>
   <w nite:id="ES2009a.D.words253" starttime="512.63" endtime="512.91">Chris</w>
   <w nite:id="ES2009a.D.words254" starttime="512.91" endtime="513.98">Bathgate</w>
   <w nite:id="ES2009a.D.words255" starttime="513.98" endtime="513.98" punc="true">,</w>
   <w nite:id="ES2009a.D.words256" starttime="513.98" endtime="514.38">local</w>
   <w nite:id="ES2009a.D.words257" starttime="514.38" endtime="515.09">Michigan</w>
   <w nite:id="ES2009a.D.words258" starttime="515.09" endtime="515.39">folk</w>
   <w nite:id="ES2009a.D.words259" starttime="515.39" endtime="516.48">singer</w>
   <w nite:id="ES2009a.D.words260" starttime="516.48" endtime="516.48" punc="true">,</w>
   <w nite:id="ES2009a.D.words261" starttime="516.48" endtime="516.82">really</w>
   <w nite:id="ES2009a.D.words262" starttime="516.82" endtime="517.48">lame</w>
   <w nite:id="ES2009a.D.words263" starttime="517.48" endtime="517.84">and</w>
   <w nite:id="ES2009a.D.words264" starttime="517.84" endtime="518.33">uh</w>
   <w nite:id="ES2009a.D.words265" starttime="519.24" endtime="519.3">uh</w>
   <w nite:id="ES2009a.D.words266" starttime="519.3" endtime="519.44">what</w>
   <w nite:id="ES2009a.D.words267" starttime="519.44" endtime="519.63">else</w>
   <w nite:id="ES2009a.D.words268" starttime="519.63" endtime="519.72">did</w>
   <w nite:id="ES2009a.D.words269" starttime="519.72" endtime="519.78">I</w>
   <w nite:id="ES2009a.D.words270" starttime="519.78" endtime="519.95">bring</w>
   <w nite:id="ES2009a.D.words271" starttime="519.95" endtime="520.16">with</w>
   <w nite:id="ES2009a.D.words272" starttime="520.16" endtime="520.4">me</w>
   <w nite:id="ES2009a.D.words273" starttime="520.4" endtime="520.4" punc="true">?</w>
   <w nite:id="ES2009a.D.words274" starttime="521.67" endtime="522.06">Probably</w>
   <w nite:id="ES2009a.D.words275" starttime="522.06" endtime="522.79">classical</w>
   <w nite:id="ES2009a.D.words276" starttime="522.79" endtime="522.79" punc="true">,</w>
   <w nite:id="ES2009a.D.words277" starttime="522.79" endtime="522.9">to</w>
   <w nite:id="ES2009a.D.words278" starttime="522.9" endtime="523.36">totally</w>
   <w nite:id="ES2009a.D.words279" starttime="523.36" endtime="523.61">geek</w>
   <w nite:id="ES2009a.D.words280" starttime="523.61" endtime="523.69">it</w>
   <w nite:id="ES2009a.D.words281" starttime="523.69" endtime="524.13">out</w>
   <w nite:id="ES2009a.D.words282" starttime="524.13" endtime="524.13" punc="true">,</w>
   <w nite:id="ES2009a.D.words283" starttime="524.13" endtime="524.57">yeah</w>
   <w nite:id="ES2009a.D.words284" starttime="524.57" endtime="524.65">I</w>
   <w nite:id="ES2009a.D.words285" starttime="524.65" endtime="525.15">think</w>
   <w nite:id="ES2009a.D.words286" starttime="525.15" endtime="525.15" punc="true">.</w>
   <w nite:id="ES2009a.D.words287" starttime="528.36" endtime="528.75">And</w>
   <w nite:id="ES2009a.D.words288" starttime="528.75" endtime="528.86">my</w>
   <w nite:id="ES2009a.D.words289" starttime="528.86" endtime="529.18">family</w>
   <w nite:id="ES2009a.D.words290" starttime="529.18" endtime="529.31">guy</w>
   <w nite:id="ES2009a.D.words291" starttime="529.31" endtime="530.04">D_V_D_s</w>
   <w nite:id="ES2009a.D.words292" starttime="530.04" endtime="530.28">but</w>
   <w nite:id="ES2009a.D.words293" starttime="530.28" endtime="530.39">we</w>
   <w nite:id="ES2009a.D.words294" starttime="530.39" endtime="530.56">don&#39;t</w>
   <w nite:id="ES2009a.D.words295" starttime="530.56" endtime="530.68">need</w>
   <w nite:id="ES2009a.D.words296" starttime="530.68" endtime="530.75">to</w>
   <w nite:id="ES2009a.D.words297" starttime="530.75" endtime="530.93">write</w>
   <w nite:id="ES2009a.D.words298" starttime="530.93" endtime="531.1">that</w>
   <w nite:id="ES2009a.D.words299" starttime="531.1" endtime="531.22">one</w>
   <w nite:id="ES2009a.D.words300" starttime="531.22" endtime="531.85">down</w>
   <w nite:id="ES2009a.D.words301" starttime="531.85" endtime="531.85" punc="true">.</w>
   <w nite:id="ES2009a.D.words302" starttime="531.85" endtime="533.4">So</w>
   <vocalsound nite:id="ES2009a.D.words303" starttime="533.4" endtime="533.4" type="other"/>
   <w nite:id="ES2009a.D.words304" starttime="533.4" endtime="533.63">yeah</w>
   <w nite:id="ES2009a.D.words305" starttime="533.63" endtime="533.63" punc="true">.</w>
   <w nite:id="ES2009a.D.words306" starttime="534.93" endtime="536.13">No</w>
   <w nite:id="ES2009a.D.words307" starttime="536.13" endtime="536.13" punc="true">.</w>
   <w nite:id="ES2009a.D.words308" starttime="536.13" endtime="536.19">Are</w>
   <w nite:id="ES2009a.D.words309" starttime="536.19" endtime="536.28">you</w>
   <w nite:id="ES2009a.D.words310" starttime="536.28" endtime="536.47">getting</w>
   <w nite:id="ES2009a.D.words311" starttime="536.47" endtime="536.79">it</w>
   <w nite:id="ES2009a.D.words312" starttime="536.79" endtime="537.38">online</w>
   <w nite:id="ES2009a.D.words313" starttime="537.38" endtime="537.38" punc="true">,</w>
   <w nite:id="ES2009a.D.words314" starttime="537.38" endtime="537.54">or</w>
   <w nite:id="ES2009a.D.words315" starttime="537.54" endtime="537.65">is</w>
   <w nite:id="ES2009a.D.words316" starttime="537.65" endtime="537.77">it</w>
   <w nite:id="ES2009a.D.words317" starttime="537.77" endtime="538.04">on</w>
   <w nite:id="ES2009a.D.words318" starttime="538.04" endtime="539.06">sky</w>
   <w nite:id="ES2009a.D.words319" starttime="539.06" endtime="539.06" punc="true">?</w>
   <w nite:id="ES2009a.D.words320" starttime="539.06" endtime="539.74">Yeah</w>
   <w nite:id="ES2009a.D.words321" starttime="539.74" endtime="539.74" punc="true">,</w>
   <w nite:id="ES2009a.D.words322" starttime="539.74" endtime="539.93">that&#39;d</w>
   <w nite:id="ES2009a.D.words323" starttime="539.93" endtime="540.0">be</w>
   <w nite:id="ES2009a.D.words324" starttime="540.0" endtime="540.49">nice</w>
   <w nite:id="ES2009a.D.words325" starttime="540.49" endtime="540.49" punc="true">.</w>
   <w nite:id="ES2009a.D.words326" starttime="564.99" endtime="565.3">&#39;Fraid</w>
   <w nite:id="ES2009a.D.words327" starttime="565.3" endtime="565.61">not</w>
   <w nite:id="ES2009a.D.words328" starttime="565.61" endtime="565.61" punc="true">.</w>
   <w nite:id="ES2009a.D.words329" starttime="569.11" endtime="569.53">Mm</w>
   <w nite:id="ES2009a.D.words330" starttime="569.53" endtime="569.53" punc="true">.</w>
   <w nite:id="ES2009a.D.words331" starttime="576.7" endtime="577.6">Exciting</w>
   <w nite:id="ES2009a.D.words332" starttime="577.6" endtime="577.6" punc="true">.</w>
   <w nite:id="ES2009a.D.words333" starttime="578.8" endtime="578.97">That&#39;d</w>
   <w nite:id="ES2009a.D.words334" starttime="578.97" endtime="579.29">be</w>
   <gap nite:id="ES2009a.D.words335" starttime="579.29" endtime="579.29"/>
   <w nite:id="ES2009a.D.words336" starttime="579.29" endtime="579.29" punc="true">.</w>
   <w nite:id="ES2009a.D.words337" starttime="584.02" endtime="584.41">Oh</w>
   <w nite:id="ES2009a.D.words338" starttime="584.41" endtime="584.41" punc="true">.</w>
   <w nite:id="ES2009a.D.words339" starttime="584.41" endtime="584.52">I</w>
   <w nite:id="ES2009a.D.words340" starttime="584.52" endtime="584.73">didn&#39;t</w>
   <w nite:id="ES2009a.D.words341" starttime="584.73" endtime="584.82">even</w>
   <w nite:id="ES2009a.D.words342" starttime="584.82" endtime="585.03">read</w>
   <w nite:id="ES2009a.D.words343" starttime="585.03" endtime="585.34">those</w>
   <w nite:id="ES2009a.D.words344" starttime="585.34" endtime="585.34" punc="true">.</w>
   <w nite:id="ES2009a.D.words345" starttime="585.91" endtime="586.34">Oops</w>
   <w nite:id="ES2009a.D.words346" starttime="586.34" endtime="586.34" punc="true">.</w>
   <w nite:id="ES2009a.D.words347" starttime="586.34" endtime="586.42">I</w>
   <w nite:id="ES2009a.D.words348" starttime="586.42" endtime="586.65">shouldn&#39;t</w>
   <w nite:id="ES2009a.D.words349" starttime="586.65" endtime="586.88">admit</w>
   <w nite:id="ES2009a.D.words350" starttime="586.88" endtime="588.13">that</w>
   <w nite:id="ES2009a.D.words351" starttime="588.13" endtime="588.13" punc="true">.</w>
   <vocalsound nite:id="ES2009a.D.words352" starttime="588.13" endtime="589.04" type="laugh"/>
   <w nite:id="ES2009a.D.words353" starttime="590.79" endtime="591.75">Yeah</w>
   <w nite:id="ES2009a.D.words354" starttime="591.75" endtime="591.75" punc="true">.</w>
   <w nite:id="ES2009a.D.words355" starttime="591.75" endtime="591.91">It&#39;s</w>
   <w nite:id="ES2009a.D.words356" starttime="591.91" endtime="592.02">the</w>
   <w nite:id="ES2009a.D.words357" starttime="592.02" endtime="592.28">five</w>
   <w nite:id="ES2009a.D.words358" starttime="592.28" endtime="592.44">by</w>
   <w nite:id="ES2009a.D.words359" starttime="592.44" endtime="592.79">five</w>
   <w nite:id="ES2009a.D.words360" starttime="592.79" endtime="592.79" punc="true">,</w>
   <w nite:id="ES2009a.D.words361" starttime="592.79" endtime="592.89">I</w>
   <w nite:id="ES2009a.D.words362" starttime="592.89" endtime="593.16">can&#39;t</w>
   <w nite:id="ES2009a.D.words363" starttime="593.16" endtime="593.31">read</w>
   <w nite:id="ES2009a.D.words364" starttime="593.31" endtime="593.45">that</w>
   <w nite:id="ES2009a.D.words365" starttime="593.45" endtime="593.82">much</w>
   <w nite:id="ES2009a.D.words366" starttime="593.82" endtime="593.82" punc="true">.</w>
   <vocalsound nite:id="ES2009a.D.words367" starttime="596.416" endtime="596.72" type="other"/>
   <vocalsound nite:id="ES2009a.D.words368" starttime="597.549" endtime="597.549" type="laugh"/>
   <w nite:id="ES2009a.D.words369" starttime="598.22" endtime="598.33">Yeah</w>
   <w nite:id="ES2009a.D.words370" starttime="598.33" endtime="601.53">oh</w>
   <w nite:id="ES2009a.D.words371" starttime="601.53" endtime="601.84">it&#39;s</w>
   <w nite:id="ES2009a.D.words372" starttime="601.84" endtime="602.09">so</w>
   <w nite:id="ES2009a.D.words373" starttime="602.09" endtime="602.75">horrible</w>
   <w nite:id="ES2009a.D.words374" starttime="602.75" endtime="602.75" punc="true">.</w>
   <w nite:id="ES2009a.D.words375" starttime="604.98" endtime="605.24">Oh</w>
   <w nite:id="ES2009a.D.words376" starttime="605.24" endtime="605.34">my</w>
   <w nite:id="ES2009a.D.words377" starttime="605.34" endtime="606.07">God</w>
   <w nite:id="ES2009a.D.words378" starttime="606.07" endtime="606.07" punc="true">.</w>
   <w nite:id="ES2009a.D.words379" starttime="606.07" endtime="606.88">Seriously</w>
   <w nite:id="ES2009a.D.words380" starttime="606.88" endtime="606.88" punc="true">?</w>
   <w nite:id="ES2009a.D.words381" starttime="616.2" endtime="616.38">It</w>
   <w nite:id="ES2009a.D.words382" starttime="616.38" endtime="616.96">really</w>
   <w nite:id="ES2009a.D.words383" starttime="616.96" endtime="618.31">is</w>
   <vocalsound nite:id="ES2009a.D.words384" starttime="618.31" endtime="618.352" type="laugh"/>
   <w nite:id="ES2009a.D.words385" starttime="626.28" endtime="627.29">Yeah</w>
   <w nite:id="ES2009a.D.words386" starttime="627.29" endtime="627.29" punc="true">.</w>
   <w nite:id="ES2009a.D.words387" starttime="627.29" endtime="627.73">Slide</w>
   <w nite:id="ES2009a.D.words388" starttime="627.73" endtime="627.83">it</w>
   <w nite:id="ES2009a.D.words389" starttime="627.83" endtime="627.92">in</w>
   <w nite:id="ES2009a.D.words390" starttime="627.92" endtime="628.25">there</w>
   <w nite:id="ES2009a.D.words391" starttime="628.25" endtime="628.25" punc="true">.</w>
   <w nite:id="ES2009a.D.words392" starttime="628.25" endtime="628.59">Yeah</w>
   <w nite:id="ES2009a.D.words393" starttime="628.59" endtime="628.59" punc="true">.</w>
   <w nite:id="ES2009a.D.words394" starttime="630.26" endtime="630.47">Yeah</w>
   <w nite:id="ES2009a.D.words395" starttime="630.47" endtime="630.65">fair</w>
   <w nite:id="ES2009a.D.words396" starttime="630.65" endtime="630.83">enough</w>
   <w nite:id="ES2009a.D.words397" starttime="630.83" endtime="630.83" punc="true">.</w>
   <w nite:id="ES2009a.D.words398" starttime="632.04" endtime="632.22">I&#39;ve</w>
   <w nite:id="ES2009a.D.words399" starttime="632.22" endtime="632.45">already</w>
   <w nite:id="ES2009a.D.words400" starttime="632.45" endtime="632.69">got</w>
   <w nite:id="ES2009a.D.words401" starttime="632.69" endtime="632.88">more</w>
   <w nite:id="ES2009a.D.words402" starttime="632.88" endtime="633.03">than</w>
   <w nite:id="ES2009a.D.words403" starttime="633.03" endtime="633.1">I</w>
   <w nite:id="ES2009a.D.words404" starttime="633.1" endtime="633.26">can</w>
   <w nite:id="ES2009a.D.words405" starttime="633.26" endtime="633.44">keep</w>
   <w nite:id="ES2009a.D.words406" starttime="633.44" endtime="633.73">track</w>
   <w nite:id="ES2009a.D.words407" starttime="633.73" endtime="633.89">of</w>
   <w nite:id="ES2009a.D.words408" starttime="633.89" endtime="633.89" punc="true">.</w>
   <w nite:id="ES2009a.D.words409" starttime="633.89" endtime="634.06">And</w>
   <w nite:id="ES2009a.D.words410" starttime="634.06" endtime="634.17">I&#39;m</w>
   <w nite:id="ES2009a.D.words411" starttime="634.17" endtime="634.32">gonna</w>
   <w nite:id="ES2009a.D.words412" starttime="634.32" endtime="634.44">go</w>
   <w nite:id="ES2009a.D.words413" starttime="634.44" endtime="634.67">home</w>
   <w nite:id="ES2009a.D.words414" starttime="634.67" endtime="634.95">next</w>
   <w nite:id="ES2009a.D.words415" starttime="634.95" endtime="635.15">week</w>
   <w nite:id="ES2009a.D.words416" starttime="635.15" endtime="635.4">and</w>
   <w nite:id="ES2009a.D.words417" starttime="635.4" endtime="635.92">everyone&#39;s</w>
   <w nite:id="ES2009a.D.words418" starttime="635.92" endtime="636.07">gonna</w>
   <w nite:id="ES2009a.D.words419" starttime="636.07" endtime="636.13">be</w>
   <w nite:id="ES2009a.D.words420" starttime="636.13" endtime="636.3">like</w>
   <w nite:id="ES2009a.D.words421" starttime="636.3" endtime="636.37">oh</w>
   <w nite:id="ES2009a.D.words422" starttime="636.37" endtime="636.46">my</w>
   <w nite:id="ES2009a.D.words423" starttime="636.46" endtime="636.56">God</w>
   <w nite:id="ES2009a.D.words424" starttime="636.56" endtime="636.69">you&#39;re</w>
   <w nite:id="ES2009a.D.words425" starttime="636.69" endtime="636.92">turning</w>
   <w nite:id="ES2009a.D.words426" starttime="636.92" endtime="637.06">into</w>
   <w nite:id="ES2009a.D.words427" starttime="637.06" endtime="637.18">one</w>
   <w nite:id="ES2009a.D.words428" starttime="637.18" endtime="637.25">of</w>
   <w nite:id="ES2009a.D.words429" starttime="637.25" endtime="637.53">those</w>
   <w nite:id="ES2009a.D.words430" starttime="637.53" endtime="638.56">people</w>
   <w nite:id="ES2009a.D.words431" starttime="638.56" endtime="638.56" punc="true">,</w>
   <w nite:id="ES2009a.D.words432" starttime="638.56" endtime="639.02">no</w>
   <w nite:id="ES2009a.D.words433" starttime="639.02" endtime="639.02" punc="true">.</w>
   <w nite:id="ES2009a.D.words434" starttime="640.88" endtime="641.34">I</w>
   <w nite:id="ES2009a.D.words435" starttime="641.34" endtime="642.12">know</w>
   <w nite:id="ES2009a.D.words436" starttime="642.12" endtime="642.12" punc="true">.</w>
   <w nite:id="ES2009a.D.words437" starttime="642.12" endtime="642.37">I</w>
   <w nite:id="ES2009a.D.words438" starttime="642.37" endtime="643.47">know</w>
   <w nite:id="ES2009a.D.words439" starttime="643.47" endtime="643.47" punc="true">.</w>
   <w nite:id="ES2009a.D.words440" starttime="643.47" endtime="643.85">Oh</w>
   <w nite:id="ES2009a.D.words441" starttime="643.85" endtime="643.98">it</w>
   <w nite:id="ES2009a.D.words442" starttime="643.98" endtime="644.14">should</w>
   <w nite:id="ES2009a.D.words443" starttime="644.14" endtime="644.24">be</w>
   <w nite:id="ES2009a.D.words444" starttime="644.24" endtime="645.52">interesting</w>
   <w nite:id="ES2009a.D.words445" starttime="645.52" endtime="645.52" punc="true">.</w>
   <w nite:id="ES2009a.D.words446" starttime="645.52" endtime="645.68">Wait</w>
   <w nite:id="ES2009a.D.words447" starttime="645.68" endtime="645.83">until</w>
   <w nite:id="ES2009a.D.words448" starttime="645.83" endtime="645.86">I</w>
   <w nite:id="ES2009a.D.words449" starttime="645.86" endtime="646.05">tell</w>
   <w nite:id="ES2009a.D.words450" starttime="646.05" endtime="646.14">them</w>
   <w nite:id="ES2009a.D.words451" starttime="646.14" endtime="646.24">I&#39;m</w>
   <w nite:id="ES2009a.D.words452" starttime="646.24" endtime="646.4">not</w>
   <w nite:id="ES2009a.D.words453" starttime="646.4" endtime="646.63">coming</w>
   <w nite:id="ES2009a.D.words454" starttime="646.63" endtime="647.01">back</w>
   <w nite:id="ES2009a.D.words455" starttime="647.01" endtime="647.01" punc="true">.</w>
   <w nite:id="ES2009a.D.words456" starttime="648.19" endtime="648.32">They&#39;re</w>
   <w nite:id="ES2009a.D.words457" starttime="648.32" endtime="648.44">gonna</w>
   <w nite:id="ES2009a.D.words458" starttime="648.44" endtime="648.76">love</w>
   <w nite:id="ES2009a.D.words459" starttime="648.76" endtime="648.99">that</w>
   <w nite:id="ES2009a.D.words460" starttime="648.99" endtime="649.19">one</w>
   <w nite:id="ES2009a.D.words461" starttime="649.19" endtime="649.19" punc="true">.</w>
   <w nite:id="ES2009a.D.words462" starttime="651.08" endtime="652.03">Probably</w>
   <w nite:id="ES2009a.D.words463" starttime="652.03" endtime="652.03" punc="true">.</w>
   <w nite:id="ES2009a.D.words464" starttime="652.03" endtime="652.06">Or</w>
   <w nite:id="ES2009a.D.words465" starttime="652.06" endtime="652.15">at</w>
   <w nite:id="ES2009a.D.words466" starttime="652.15" endtime="652.32">least</w>
   <w nite:id="ES2009a.D.words467" starttime="652.32" endtime="652.44">get</w>
   <w nite:id="ES2009a.D.words468" starttime="652.44" endtime="652.5">a</w>
   <w nite:id="ES2009a.D.words469" starttime="652.5" endtime="652.71">work</w>
   <w nite:id="ES2009a.D.words470" starttime="652.71" endtime="652.98">visa</w>
   <w nite:id="ES2009a.D.words471" starttime="652.98" endtime="653.08">for</w>
   <w nite:id="ES2009a.D.words472" starttime="653.08" endtime="653.17">a</w>
   <w nite:id="ES2009a.D.words473" starttime="653.17" endtime="653.5">while</w>
   <w nite:id="ES2009a.D.words474" starttime="653.5" endtime="653.64">and</w>
   <w nite:id="ES2009a.D.words475" starttime="653.64" endtime="653.77">then</w>
   <w nite:id="ES2009a.D.words476" starttime="653.77" endtime="654.28">decide</w>
   <w nite:id="ES2009a.D.words477" starttime="654.28" endtime="654.28" punc="true">.</w>
   <w nite:id="ES2009a.D.words478" starttime="654.84" endtime="656.3">&#39;Cause</w>
   <disfmarker nite:id="ES2009a.D.words479" starttime="656.3" endtime="656.3"/>
   <w nite:id="ES2009a.D.words480" starttime="656.3" endtime="657.12">nice</w>
   <w nite:id="ES2009a.D.words481" starttime="657.12" endtime="657.12" punc="true">.</w>
   <w nite:id="ES2009a.D.words482" starttime="658.12" endtime="658.24">Of</w>
   <w nite:id="ES2009a.D.words483" starttime="658.24" endtime="658.88">course</w>
   <w nite:id="ES2009a.D.words484" starttime="658.88" endtime="658.88" punc="true">.</w>
   <w nite:id="ES2009a.D.words485" starttime="659.99" endtime="660.54">Oh</w>
   <w nite:id="ES2009a.D.words486" starttime="660.54" endtime="660.54" punc="true">,</w>
   <w nite:id="ES2009a.D.words487" starttime="660.54" endtime="660.72">now</w>
   <w nite:id="ES2009a.D.words488" starttime="660.72" endtime="660.81">I</w>
   <w nite:id="ES2009a.D.words489" starttime="660.81" endtime="660.9">can</w>
   <w nite:id="ES2009a.D.words490" starttime="660.9" endtime="661.07">think</w>
   <w nite:id="ES2009a.D.words491" starttime="661.07" endtime="661.17">of</w>
   <w nite:id="ES2009a.D.words492" starttime="661.17" endtime="661.33">so</w>
   <w nite:id="ES2009a.D.words493" starttime="661.33" endtime="661.46">many</w>
   <w nite:id="ES2009a.D.words494" starttime="661.46" endtime="661.66">other</w>
   <w nite:id="ES2009a.D.words495" starttime="661.66" endtime="662.03">ones</w>
   <w nite:id="ES2009a.D.words496" starttime="662.03" endtime="662.03" punc="true">.</w>
   <w nite:id="ES2009a.D.words497" starttime="663.08" endtime="663.2">That&#39;s</w>
   <w nite:id="ES2009a.D.words498" starttime="663.2" endtime="663.34">how</w>
   <w nite:id="ES2009a.D.words499" starttime="663.34" endtime="663.41">it</w>
   <w nite:id="ES2009a.D.words500" starttime="663.41" endtime="663.9">works</w>
   <w nite:id="ES2009a.D.words501" starttime="663.9" endtime="663.9" punc="true">.</w>
   <w nite:id="ES2009a.D.words502" starttime="669.78" endtime="671.55">Mm</w>
   <w nite:id="ES2009a.D.words503" starttime="671.55" endtime="671.55" punc="true">.</w>
   <vocalsound nite:id="ES2009a.D.words504" starttime="671.55" endtime="671.55" type="other"/>
   <w nite:id="ES2009a.D.words505" starttime="671.55" endtime="672.3">Oh</w>
   <disfmarker nite:id="ES2009a.D.words506" starttime="672.3" endtime="672.332"/>
   <vocalsound nite:id="ES2009a.D.words507" starttime="673.014" endtime="673.014" type="other"/>
   <w nite:id="ES2009a.D.words508" starttime="673.9" endtime="674.17">Any</w>
   <w nite:id="ES2009a.D.words509" starttime="674.17" endtime="674.52">thing</w>
   <w nite:id="ES2009a.D.words510" starttime="674.52" endtime="674.67">that</w>
   <w nite:id="ES2009a.D.words511" starttime="674.67" endtime="674.74">are</w>
   <w nite:id="ES2009a.D.words512" starttime="674.74" endtime="675.08">like</w>
   <w nite:id="ES2009a.D.words513" starttime="675.08" endtime="675.64">free</w>
   <w nite:id="ES2009a.D.words514" starttime="675.64" endtime="675.64" punc="true">.</w>
   <w nite:id="ES2009a.D.words515" starttime="683.89" endtime="684.39">Nice</w>
   <w nite:id="ES2009a.D.words516" starttime="684.39" endtime="684.39" punc="true">.</w>
   <vocalsound nite:id="ES2009a.D.words517" starttime="684.39" endtime="685.143" type="cough"/>
   <w nite:id="ES2009a.D.words518" starttime="703.81" endtime="703.97">It</w>
   <w nite:id="ES2009a.D.words519" starttime="703.97" endtime="704.22">must</w>
   <w nite:id="ES2009a.D.words520" starttime="704.22" endtime="704.36">make</w>
   <w nite:id="ES2009a.D.words521" starttime="704.36" endtime="704.51">all</w>
   <w nite:id="ES2009a.D.words522" starttime="704.51" endtime="704.59">the</w>
   <w nite:id="ES2009a.D.words523" starttime="704.59" endtime="707.36">difference</w>
   <w nite:id="ES2009a.D.words524" starttime="707.36" endtime="707.36" punc="true">.</w>
   <vocalsound nite:id="ES2009a.D.words525" starttime="707.36" endtime="707.584" type="laugh"/>
   <w nite:id="ES2009a.D.words526" starttime="709.31" endtime="709.64">Ah</w>
   <w nite:id="ES2009a.D.words527" starttime="709.64" endtime="709.64" punc="true">.</w>
   <w nite:id="ES2009a.D.words528" starttime="720.66" endtime="721.05">Right</w>
   <w nite:id="ES2009a.D.words529" starttime="721.05" endtime="721.05" punc="true">.</w>
   <w nite:id="ES2009a.D.words530" starttime="724.19" endtime="724.64">Mm</w>
   <w nite:id="ES2009a.D.words531" starttime="724.64" endtime="724.64" punc="true">.</w>
   <w nite:id="ES2009a.D.words532" starttime="755.62" endtime="755.73">There</w>
   <w nite:id="ES2009a.D.words533" starttime="755.73" endtime="756.13">you</w>
   <w nite:id="ES2009a.D.words534" starttime="756.13" endtime="756.19">go</w>
   <w nite:id="ES2009a.D.words535" starttime="756.19" endtime="756.19" punc="true">.</w>
   <vocalsound nite:id="ES2009a.D.words536" starttime="762.857" endtime="763.683" type="laugh"/>
   <w nite:id="ES2009a.D.words537" starttime="785.98" endtime="786.33">Mm</w>
   <w nite:id="ES2009a.D.words538" starttime="786.33" endtime="786.33" punc="true">.</w>
   <w nite:id="ES2009a.D.words539" starttime="807.76" endtime="808.12">Makes</w>
   <w nite:id="ES2009a.D.words540" starttime="808.12" endtime="808.49">sense</w>
   <w nite:id="ES2009a.D.words541" starttime="808.49" endtime="808.49" punc="true">.</w>
   <w nite:id="ES2009a.D.words542" starttime="812.12" endtime="812.4">Uh</w>
   <w nite:id="ES2009a.D.words543" starttime="812.4" endtime="812.4" punc="true">.</w>
   <w nite:id="ES2009a.D.words544" starttime="860.14" endtime="860.34">What</w>
   <w nite:id="ES2009a.D.words545" starttime="860.34" endtime="860.5">they&#39;re</w>
   <w nite:id="ES2009a.D.words546" starttime="860.5" endtime="860.79">looking</w>
   <w nite:id="ES2009a.D.words547" starttime="860.79" endtime="861.03">for</w>
   <w nite:id="ES2009a.D.words548" starttime="861.03" endtime="861.03" punc="true">.</w>
   <w nite:id="ES2009a.D.words549" starttime="869.0" endtime="869.16">And</w>
   <w nite:id="ES2009a.D.words550" starttime="869.16" endtime="869.8">negotiate</w>
   <w nite:id="ES2009a.D.words551" starttime="869.8" endtime="871.03">that</w>
   <w nite:id="ES2009a.D.words552" starttime="871.03" endtime="871.03" punc="true">.</w>
   <w nite:id="ES2009a.D.words553" starttime="871.03" endtime="871.19">Uh</w>
   <w nite:id="ES2009a.D.words554" starttime="871.19" endtime="871.19" punc="true">.</w>
   <w nite:id="ES2009a.D.words555" starttime="911.04" endtime="911.18">I</w>
   <w nite:id="ES2009a.D.words556" starttime="911.18" endtime="911.33">don&#39;t</w>
   <w nite:id="ES2009a.D.words557" starttime="911.33" endtime="911.45">think</w>
   <w nite:id="ES2009a.D.words558" starttime="911.45" endtime="911.57">there&#39;s</w>
   <w nite:id="ES2009a.D.words559" starttime="911.57" endtime="911.67">any</w>
   <w nite:id="ES2009a.D.words560" starttime="911.67" endtime="911.96">rules</w>
   <w nite:id="ES2009a.D.words561" starttime="911.96" endtime="912.18">about</w>
   <w nite:id="ES2009a.D.words562" starttime="912.18" endtime="912.26">it</w>
   <w nite:id="ES2009a.D.words563" starttime="912.26" endtime="912.77">yet</w>
   <w nite:id="ES2009a.D.words564" starttime="912.77" endtime="912.77" punc="true">.</w>
   <w nite:id="ES2009a.D.words565" starttime="912.77" endtime="913.39">So</w>
   <disfmarker nite:id="ES2009a.D.words566" starttime="913.39" endtime="913.45"/>
   <w nite:id="ES2009a.D.words567" starttime="914.93" endtime="915.09">Yeah</w>
   <w nite:id="ES2009a.D.words568" starttime="915.09" endtime="915.09" punc="true">.</w>
   <w nite:id="ES2009a.D.words569" starttime="922.13" endtime="923.02">Mm</w>
   <w nite:id="ES2009a.D.words570" starttime="923.02" endtime="923.02" punc="true">.</w>
   <w nite:id="ES2009a.D.words571" starttime="926.51" endtime="927.09" trunc="true">W</w>
   <w nite:id="ES2009a.D.words572" starttime="927.09" endtime="927.27">yeah</w>
   <w nite:id="ES2009a.D.words573" starttime="927.27" endtime="927.27" punc="true">.</w>
   <vocalsound nite:id="ES2009a.D.words574" starttime="937.482" endtime="938.491" type="laugh"/>
   <w nite:id="ES2009a.D.words575" starttime="945.3" endtime="945.54">I</w>
   <w nite:id="ES2009a.D.words576" starttime="945.54" endtime="945.81">like</w>
   <w nite:id="ES2009a.D.words577" starttime="945.81" endtime="945.96">the</w>
   <w nite:id="ES2009a.D.words578" starttime="945.96" endtime="946.28">little</w>
   <w nite:id="ES2009a.D.words579" starttime="946.28" endtime="946.69">cover</w>
   <w nite:id="ES2009a.D.words580" starttime="946.69" endtime="947.18">thingies</w>
   <w nite:id="ES2009a.D.words581" starttime="947.18" endtime="947.18" punc="true">.</w>
   <w nite:id="ES2009a.D.words582" starttime="985.52" endtime="985.7">Hmm</w>
   <w nite:id="ES2009a.D.words583" starttime="985.7" endtime="985.7" punc="true">.</w>
   <w nite:id="ES2009a.D.words584" starttime="1001.24" endtime="1001.39">Good</w>
   <w nite:id="ES2009a.D.words585" starttime="1001.39" endtime="1002.56">idea</w>
   <w nite:id="ES2009a.D.words586" starttime="1002.56" endtime="1002.56" punc="true">.</w>
   <w nite:id="ES2009a.D.words587" starttime="1002.56" endtime="1002.83">Start</w>
   <w nite:id="ES2009a.D.words588" starttime="1002.83" endtime="1002.98">your</w>
   <w nite:id="ES2009a.D.words589" starttime="1002.98" endtime="1004.2">minutes</w>
   <w nite:id="ES2009a.D.words590" starttime="1004.2" endtime="1004.2" punc="true">.</w>
   <w nite:id="ES2009a.D.words591" starttime="1004.2" endtime="1004.75">Um</w>
   <disfmarker nite:id="ES2009a.D.words592" starttime="1004.75" endtime="1005.034"/>
   <w nite:id="ES2009a.D.words593" starttime="1010.31" endtime="1010.4">Well</w>
   <w nite:id="ES2009a.D.words594" starttime="1010.4" endtime="1010.53">it&#39;s</w>
   <w nite:id="ES2009a.D.words595" starttime="1010.53" endtime="1010.69">pretty</w>
   <w nite:id="ES2009a.D.words596" starttime="1010.69" endtime="1010.9">much</w>
   <w nite:id="ES2009a.D.words597" starttime="1010.9" endtime="1011.08">given</w>
   <w nite:id="ES2009a.D.words598" starttime="1011.08" endtime="1011.21">it&#39;s</w>
   <w nite:id="ES2009a.D.words599" starttime="1011.21" endtime="1011.38">gonna</w>
   <w nite:id="ES2009a.D.words600" starttime="1011.38" endtime="1011.54">be</w>
   <w nite:id="ES2009a.D.words601" starttime="1011.54" endtime="1012.82">universal</w>
   <w nite:id="ES2009a.D.words602" starttime="1012.82" endtime="1013.15">right</w>
   <w nite:id="ES2009a.D.words603" starttime="1013.15" endtime="1013.15" punc="true">,</w>
   <w nite:id="ES2009a.D.words604" starttime="1013.15" endtime="1013.27">we</w>
   <w nite:id="ES2009a.D.words605" starttime="1013.27" endtime="1013.64">decided</w>
   <w nite:id="ES2009a.D.words606" starttime="1013.64" endtime="1013.79">that</w>
   <w nite:id="ES2009a.D.words607" starttime="1013.79" endtime="1014.6">already</w>
   <w nite:id="ES2009a.D.words608" starttime="1014.6" endtime="1015.09">and</w>
   <w nite:id="ES2009a.D.words609" starttime="1015.09" endtime="1015.24">it</w>
   <w nite:id="ES2009a.D.words610" starttime="1015.24" endtime="1015.43">may</w>
   <w nite:id="ES2009a.D.words611" starttime="1015.43" endtime="1015.92">be</w>
   <w nite:id="ES2009a.D.words612" starttime="1015.92" endtime="1016.39">functioning</w>
   <w nite:id="ES2009a.D.words613" starttime="1016.39" endtime="1016.48">for</w>
   <w nite:id="ES2009a.D.words614" starttime="1016.48" endtime="1016.69">other</w>
   <w nite:id="ES2009a.D.words615" starttime="1016.69" endtime="1017.02">things</w>
   <w nite:id="ES2009a.D.words616" starttime="1017.02" endtime="1017.02" punc="true">,</w>
   <w nite:id="ES2009a.D.words617" starttime="1017.08" endtime="1017.2">as</w>
   <w nite:id="ES2009a.D.words618" starttime="1017.2" endtime="1017.32">soon</w>
   <w nite:id="ES2009a.D.words619" starttime="1017.32" endtime="1017.38">as</w>
   <w nite:id="ES2009a.D.words620" starttime="1017.38" endtime="1017.44">you</w>
   <w nite:id="ES2009a.D.words621" starttime="1017.44" endtime="1017.53">said</w>
   <w nite:id="ES2009a.D.words622" starttime="1017.53" endtime="1017.66">that</w>
   <w nite:id="ES2009a.D.words623" starttime="1017.66" endtime="1017.69">I</w>
   <w nite:id="ES2009a.D.words624" starttime="1017.69" endtime="1017.78">was</w>
   <w nite:id="ES2009a.D.words625" starttime="1017.78" endtime="1017.96">thinking</w>
   <w nite:id="ES2009a.D.words626" starttime="1017.96" endtime="1018.05">like</w>
   <w nite:id="ES2009a.D.words627" starttime="1018.05" endtime="1018.21">all</w>
   <w nite:id="ES2009a.D.words628" starttime="1018.21" endtime="1018.3">the</w>
   <w nite:id="ES2009a.D.words629" starttime="1018.3" endtime="1018.46">other</w>
   <w nite:id="ES2009a.D.words630" starttime="1018.46" endtime="1018.63">things</w>
   <w nite:id="ES2009a.D.words631" starttime="1018.63" endtime="1018.75">you</w>
   <w nite:id="ES2009a.D.words632" starttime="1018.75" endtime="1018.85">could</w>
   <w nite:id="ES2009a.D.words633" starttime="1018.85" endtime="1018.94">get</w>
   <w nite:id="ES2009a.D.words634" starttime="1018.94" endtime="1018.99">a</w>
   <w nite:id="ES2009a.D.words635" starttime="1018.99" endtime="1019.22">remote</w>
   <w nite:id="ES2009a.D.words636" starttime="1019.22" endtime="1019.29">to</w>
   <w nite:id="ES2009a.D.words637" starttime="1019.29" endtime="1019.52">do</w>
   <w nite:id="ES2009a.D.words638" starttime="1019.52" endtime="1019.52" punc="true">,</w>
   <w nite:id="ES2009a.D.words639" starttime="1019.52" endtime="1020.12">like</w>
   <w nite:id="ES2009a.D.words640" starttime="1020.12" endtime="1020.28">your</w>
   <w nite:id="ES2009a.D.words641" starttime="1020.28" endtime="1020.97">microwave</w>
   <w nite:id="ES2009a.D.words642" starttime="1020.97" endtime="1021.04">or</w>
   <w nite:id="ES2009a.D.words643" starttime="1021.04" endtime="1021.17">your</w>
   <w nite:id="ES2009a.D.words644" starttime="1021.17" endtime="1021.5">front</w>
   <w nite:id="ES2009a.D.words645" starttime="1021.5" endtime="1021.91">door</w>
   <w nite:id="ES2009a.D.words646" starttime="1021.91" endtime="1021.96">or</w>
   <w nite:id="ES2009a.D.words647" starttime="1021.96" endtime="1022.52">like</w>
   <w nite:id="ES2009a.D.words648" starttime="1022.52" endtime="1022.61">to</w>
   <w nite:id="ES2009a.D.words649" starttime="1022.61" endtime="1022.7">have</w>
   <w nite:id="ES2009a.D.words650" starttime="1022.7" endtime="1023.14">everything</w>
   <w nite:id="ES2009a.D.words651" starttime="1023.14" endtime="1023.27">on</w>
   <w nite:id="ES2009a.D.words652" starttime="1023.27" endtime="1023.41">one</w>
   <w nite:id="ES2009a.D.words653" starttime="1023.41" endtime="1023.56">thing</w>
   <w nite:id="ES2009a.D.words654" starttime="1023.56" endtime="1023.56" punc="true">,</w>
   <w nite:id="ES2009a.D.words655" starttime="1023.56" endtime="1023.71">but</w>
   <w nite:id="ES2009a.D.words656" starttime="1023.71" endtime="1024.52">then</w>
   <w nite:id="ES2009a.D.words657" starttime="1024.52" endtime="1024.52" punc="true">,</w>
   <w nite:id="ES2009a.D.words658" starttime="1024.52" endtime="1024.62">I&#39;ve</w>
   <w nite:id="ES2009a.D.words659" starttime="1024.62" endtime="1024.89">never</w>
   <w nite:id="ES2009a.D.words660" starttime="1024.89" endtime="1025.0">been</w>
   <w nite:id="ES2009a.D.words661" starttime="1025.0" endtime="1025.06">a</w>
   <w nite:id="ES2009a.D.words662" starttime="1025.06" endtime="1025.29">fan</w>
   <w nite:id="ES2009a.D.words663" starttime="1025.29" endtime="1025.36">of</w>
   <w nite:id="ES2009a.D.words664" starttime="1025.36" endtime="1025.54">those</w>
   <w nite:id="ES2009a.D.words665" starttime="1025.54" endtime="1025.84">huge</w>
   <w nite:id="ES2009a.D.words666" starttime="1025.84" endtime="1026.19">remotes</w>
   <w nite:id="ES2009a.D.words667" starttime="1026.19" endtime="1026.28">that</w>
   <w nite:id="ES2009a.D.words668" starttime="1026.28" endtime="1026.44">have</w>
   <w nite:id="ES2009a.D.words669" starttime="1026.44" endtime="1026.57">like</w>
   <w nite:id="ES2009a.D.words670" starttime="1026.57" endtime="1026.62">a</w>
   <w nite:id="ES2009a.D.words671" starttime="1026.62" endtime="1026.93">million</w>
   <w nite:id="ES2009a.D.words672" starttime="1026.93" endtime="1027.19">buttons</w>
   <w nite:id="ES2009a.D.words673" starttime="1027.19" endtime="1027.19" punc="true">,</w>
   <w nite:id="ES2009a.D.words674" starttime="1027.19" endtime="1027.27">you</w>
   <w nite:id="ES2009a.D.words675" starttime="1027.27" endtime="1027.48">can&#39;t</w>
   <w nite:id="ES2009a.D.words676" starttime="1027.48" endtime="1027.6">tell</w>
   <w nite:id="ES2009a.D.words677" starttime="1027.6" endtime="1027.72">what</w>
   <w nite:id="ES2009a.D.words678" starttime="1027.72" endtime="1027.82">they</w>
   <w nite:id="ES2009a.D.words679" starttime="1027.82" endtime="1028.28">do</w>
   <w nite:id="ES2009a.D.words680" starttime="1028.28" endtime="1028.28" punc="true">.</w>
   <w nite:id="ES2009a.D.words681" starttime="1029.12" endtime="1029.58">Yeah</w>
   <w nite:id="ES2009a.D.words682" starttime="1029.58" endtime="1029.58" punc="true">.</w>
   <w nite:id="ES2009a.D.words683" starttime="1030.48" endtime="1031.3">Specific</w>
   <w nite:id="ES2009a.D.words684" starttime="1031.3" endtime="1031.3" punc="true">.</w>
   <w nite:id="ES2009a.D.words685" starttime="1037.68" endtime="1038.17">Okay</w>
   <w nite:id="ES2009a.D.words686" starttime="1038.17" endtime="1038.17" punc="true">.</w>
   <w nite:id="ES2009a.D.words687" starttime="1039.66" endtime="1040.42">Interesting</w>
   <w nite:id="ES2009a.D.words688" starttime="1040.42" endtime="1040.42" punc="true">.</w>
   <w nite:id="ES2009a.D.words689" starttime="1047.03" endtime="1047.58">True</w>
   <w nite:id="ES2009a.D.words690" starttime="1047.58" endtime="1047.58" punc="true">.</w>
   <w nite:id="ES2009a.D.words691" starttime="1055.83" endtime="1055.91">Mm</w>
   <w nite:id="ES2009a.D.words692" starttime="1055.91" endtime="1055.91" punc="true">.</w>
   <w nite:id="ES2009a.D.words693" starttime="1058.43" endtime="1059.56">Mm</w>
   <w nite:id="ES2009a.D.words694" starttime="1059.56" endtime="1059.56" punc="true">.</w>
   <w nite:id="ES2009a.D.words695" starttime="1059.56" endtime="1059.91">Right</w>
   <w nite:id="ES2009a.D.words696" starttime="1059.91" endtime="1059.91" punc="true">.</w>
   <w nite:id="ES2009a.D.words697" starttime="1059.91" endtime="1059.99">We</w>
   <w nite:id="ES2009a.D.words698" starttime="1059.99" endtime="1060.16">want</w>
   <w nite:id="ES2009a.D.words699" starttime="1060.16" endtime="1060.22">it</w>
   <w nite:id="ES2009a.D.words700" starttime="1060.22" endtime="1060.34">to</w>
   <w nite:id="ES2009a.D.words701" starttime="1060.34" endtime="1060.7">be</w>
   <w nite:id="ES2009a.D.words702" starttime="1060.7" endtime="1061.03" trunc="true">munt</w>
   <w nite:id="ES2009a.D.words703" starttime="1061.03" endtime="1061.9">multifunctional</w>
   <w nite:id="ES2009a.D.words704" starttime="1061.9" endtime="1062.0">but</w>
   <w nite:id="ES2009a.D.words705" starttime="1062.0" endtime="1062.09">at</w>
   <w nite:id="ES2009a.D.words706" starttime="1062.09" endtime="1062.18">the</w>
   <w nite:id="ES2009a.D.words707" starttime="1062.18" endtime="1062.41">same</w>
   <w nite:id="ES2009a.D.words708" starttime="1062.41" endtime="1062.62">time</w>
   <w nite:id="ES2009a.D.words709" starttime="1062.62" endtime="1062.71">if</w>
   <w nite:id="ES2009a.D.words710" starttime="1062.71" endtime="1062.78">you</w>
   <w nite:id="ES2009a.D.words711" starttime="1062.78" endtime="1062.88">get</w>
   <w nite:id="ES2009a.D.words712" starttime="1062.88" endtime="1062.96">it</w>
   <w nite:id="ES2009a.D.words713" starttime="1062.96" endtime="1063.05">to</w>
   <w nite:id="ES2009a.D.words714" starttime="1063.05" endtime="1063.19">do</w>
   <w nite:id="ES2009a.D.words715" starttime="1063.19" endtime="1063.42">too</w>
   <w nite:id="ES2009a.D.words716" starttime="1063.42" endtime="1064.02">much</w>
   <w nite:id="ES2009a.D.words717" starttime="1064.02" endtime="1064.19">you&#39;re</w>
   <w nite:id="ES2009a.D.words718" starttime="1064.19" endtime="1064.33">not</w>
   <w nite:id="ES2009a.D.words719" starttime="1064.33" endtime="1064.45">gonna</w>
   <w nite:id="ES2009a.D.words720" starttime="1064.45" endtime="1064.51">be</w>
   <w nite:id="ES2009a.D.words721" starttime="1064.51" endtime="1064.66">able</w>
   <w nite:id="ES2009a.D.words722" starttime="1064.66" endtime="1065.25">to</w>
   <w nite:id="ES2009a.D.words723" starttime="1065.25" endtime="1065.46">tell</w>
   <w nite:id="ES2009a.D.words724" starttime="1065.46" endtime="1065.55">them</w>
   <w nite:id="ES2009a.D.words725" starttime="1065.55" endtime="1066.09">apart</w>
   <w nite:id="ES2009a.D.words726" starttime="1066.09" endtime="1066.09" punc="true">,</w>
   <w nite:id="ES2009a.D.words727" starttime="1066.09" endtime="1066.27">that</w>
   <w nite:id="ES2009a.D.words728" starttime="1066.27" endtime="1067.41">whole</w>
   <disfmarker nite:id="ES2009a.D.words729" starttime="1067.41" endtime="1067.41"/>
   <w nite:id="ES2009a.D.words730" starttime="1067.41" endtime="1067.79">yeah</w>
   <w nite:id="ES2009a.D.words731" starttime="1067.79" endtime="1067.79" punc="true">.</w>
   <w nite:id="ES2009a.D.words732" starttime="1071.76" endtime="1072.24">Hmm</w>
   <w nite:id="ES2009a.D.words733" starttime="1072.24" endtime="1072.24" punc="true">.</w>
   <w nite:id="ES2009a.D.words734" starttime="1080.02" endtime="1080.34">Mm</w>
   <w nite:id="ES2009a.D.words735" starttime="1080.34" endtime="1080.34" punc="true">.</w>
   <w nite:id="ES2009a.D.words736" starttime="1081.73" endtime="1081.85">An</w>
   <w nite:id="ES2009a.D.words737" starttime="1081.85" endtime="1082.27">interesting</w>
   <w nite:id="ES2009a.D.words738" starttime="1082.27" endtime="1082.74">option</w>
   <w nite:id="ES2009a.D.words739" starttime="1082.74" endtime="1082.74" punc="true">.</w>
   <w nite:id="ES2009a.D.words740" starttime="1084.15" endtime="1084.5">Yeah</w>
   <w nite:id="ES2009a.D.words741" starttime="1084.5" endtime="1084.5" punc="true">.</w>
   <w nite:id="ES2009a.D.words742" starttime="1086.0" endtime="1086.62">Definitely</w>
   <w nite:id="ES2009a.D.words743" starttime="1086.62" endtime="1086.62" punc="true">.</w>
   <w nite:id="ES2009a.D.words744" starttime="1104.08" endtime="1104.41">Right</w>
   <w nite:id="ES2009a.D.words745" starttime="1104.41" endtime="1104.41" punc="true">.</w>
   <w nite:id="ES2009a.D.words746" starttime="1111.53" endtime="1111.74">That</w>
   <disfmarker nite:id="ES2009a.D.words747" starttime="1111.74" endtime="1111.779"/>
   <w nite:id="ES2009a.D.words748" starttime="1114.65" endtime="1114.94">Yeah</w>
   <w nite:id="ES2009a.D.words749" starttime="1114.94" endtime="1114.94" punc="true">.</w>
   <w nite:id="ES2009a.D.words750" starttime="1120.07" endtime="1120.44">Awesome</w>
   <w nite:id="ES2009a.D.words751" starttime="1120.44" endtime="1120.44" punc="true">.</w>
   <w nite:id="ES2009a.D.words752" starttime="1123.42" endtime="1123.76" mispronounced="true">Yeah</w>
   <w nite:id="ES2009a.D.words753" starttime="1123.76" endtime="1123.76" punc="true">.</w>
   <w nite:id="ES2009a.D.words754" starttime="1132.34" endtime="1132.85">Mm-hmm</w>
   <w nite:id="ES2009a.D.words755" starttime="1132.85" endtime="1132.85" punc="true">.</w>
   <w nite:id="ES2009a.D.words756" starttime="1143.98" endtime="1144.32">Yeah</w>
   <w nite:id="ES2009a.D.words757" starttime="1144.32" endtime="1144.32" punc="true">.</w>
   <w nite:id="ES2009a.D.words758" starttime="1146.2" endtime="1146.38">Yeah</w>
   <w nite:id="ES2009a.D.words759" starttime="1146.38" endtime="1146.38" punc="true">.</w>
   <w nite:id="ES2009a.D.words760" starttime="1146.38" endtime="1146.66">Keeping</w>
   <w nite:id="ES2009a.D.words761" starttime="1146.66" endtime="1146.74">it</w>
   <w nite:id="ES2009a.D.words762" starttime="1146.74" endtime="1146.97">nice</w>
   <w nite:id="ES2009a.D.words763" starttime="1146.97" endtime="1147.08">and</w>
   <w nite:id="ES2009a.D.words764" starttime="1147.08" endtime="1147.74">slick</w>
   <w nite:id="ES2009a.D.words765" starttime="1147.74" endtime="1147.74" punc="true">,</w>
   <w nite:id="ES2009a.D.words766" starttime="1147.74" endtime="1147.96">would</w>
   <w nite:id="ES2009a.D.words767" starttime="1147.96" endtime="1148.06">be</w>
   <w nite:id="ES2009a.D.words768" starttime="1148.06" endtime="1149.38">important</w>
   <w nite:id="ES2009a.D.words769" starttime="1149.38" endtime="1149.38" punc="true">.</w>
   <w nite:id="ES2009a.D.words770" starttime="1149.38" endtime="1149.72">And</w>
   <disfmarker nite:id="ES2009a.D.words771" starttime="1149.72" endtime="1149.76"/>
   <w nite:id="ES2009a.D.words772" starttime="1150.8" endtime="1150.94">I</w>
   <w nite:id="ES2009a.D.words773" starttime="1150.94" endtime="1151.15">don&#39;t</w>
   <w nite:id="ES2009a.D.words774" starttime="1151.15" endtime="1151.53">know</w>
   <w nite:id="ES2009a.D.words775" starttime="1151.53" endtime="1151.53" punc="true">,</w>
   <w nite:id="ES2009a.D.words776" starttime="1151.53" endtime="1151.97">like</w>
   <w nite:id="ES2009a.D.words777" starttime="1151.97" endtime="1151.97" punc="true">,</w>
   <w nite:id="ES2009a.D.words778" starttime="1151.97" endtime="1152.17">there&#39;s</w>
   <w nite:id="ES2009a.D.words779" starttime="1152.17" endtime="1152.31">such</w>
   <w nite:id="ES2009a.D.words780" starttime="1152.31" endtime="1152.38">a</w>
   <w nite:id="ES2009a.D.words781" starttime="1152.38" endtime="1152.7">problem</w>
   <w nite:id="ES2009a.D.words782" starttime="1152.7" endtime="1152.82">with</w>
   <w nite:id="ES2009a.D.words783" starttime="1152.82" endtime="1153.19">losing</w>
   <w nite:id="ES2009a.D.words784" starttime="1153.19" endtime="1154.21">them</w>
   <w nite:id="ES2009a.D.words785" starttime="1154.21" endtime="1154.21" punc="true">,</w>
   <w nite:id="ES2009a.D.words786" starttime="1154.21" endtime="1154.37">that</w>
   <w nite:id="ES2009a.D.words787" starttime="1154.37" endtime="1154.67">adding</w>
   <w nite:id="ES2009a.D.words788" starttime="1154.67" endtime="1154.84">this</w>
   <w nite:id="ES2009a.D.words789" starttime="1154.84" endtime="1155.16">whole</w>
   <w nite:id="ES2009a.D.words790" starttime="1155.16" endtime="1155.46">like</w>
   <w nite:id="ES2009a.D.words791" starttime="1155.46" endtime="1155.99">P_D_A_</w>
   <w nite:id="ES2009a.D.words792" starttime="1155.99" endtime="1156.43">pen</w>
   <w nite:id="ES2009a.D.words793" starttime="1156.43" endtime="1156.82">business</w>
   <w nite:id="ES2009a.D.words794" starttime="1156.82" endtime="1156.93">is</w>
   <w nite:id="ES2009a.D.words795" starttime="1156.93" endtime="1157.13">only</w>
   <w nite:id="ES2009a.D.words796" starttime="1157.13" endtime="1157.29">one</w>
   <w nite:id="ES2009a.D.words797" starttime="1157.29" endtime="1157.44">more</w>
   <w nite:id="ES2009a.D.words798" starttime="1157.44" endtime="1157.6">thing</w>
   <w nite:id="ES2009a.D.words799" starttime="1157.6" endtime="1157.68">to</w>
   <w nite:id="ES2009a.D.words800" starttime="1157.68" endtime="1157.96">lose</w>
   <w nite:id="ES2009a.D.words801" starttime="1157.96" endtime="1157.96" punc="true">,</w>
   <w nite:id="ES2009a.D.words802" starttime="1157.96" endtime="1158.06">so</w>
   <w nite:id="ES2009a.D.words803" starttime="1158.06" endtime="1158.15">we&#39;re</w>
   <w nite:id="ES2009a.D.words804" starttime="1158.15" endtime="1158.27">gonna</w>
   <w nite:id="ES2009a.D.words805" starttime="1158.27" endtime="1158.36">have</w>
   <w nite:id="ES2009a.D.words806" starttime="1158.36" endtime="1158.42">to</w>
   <w nite:id="ES2009a.D.words807" starttime="1158.42" endtime="1158.48">be</w>
   <w nite:id="ES2009a.D.words808" starttime="1158.48" endtime="1158.71">careful</w>
   <w nite:id="ES2009a.D.words809" starttime="1158.71" endtime="1158.84">with</w>
   <w nite:id="ES2009a.D.words810" starttime="1158.84" endtime="1159.04">what</w>
   <w nite:id="ES2009a.D.words811" starttime="1159.04" endtime="1159.38">like</w>
   <disfmarker nite:id="ES2009a.D.words812" starttime="1159.38" endtime="1159.472"/>
   <w nite:id="ES2009a.D.words813" starttime="1161.12" endtime="1161.34">Just</w>
   <w nite:id="ES2009a.D.words814" starttime="1161.34" endtime="1161.62">something</w>
   <w nite:id="ES2009a.D.words815" starttime="1161.62" endtime="1161.75">like</w>
   <w nite:id="ES2009a.D.words816" starttime="1161.75" endtime="1161.95">keep</w>
   <w nite:id="ES2009a.D.words817" starttime="1161.95" endtime="1162.06">in</w>
   <w nite:id="ES2009a.D.words818" starttime="1162.06" endtime="1162.28">mind</w>
   <w nite:id="ES2009a.D.words819" starttime="1162.28" endtime="1162.37">when</w>
   <w nite:id="ES2009a.D.words820" starttime="1162.37" endtime="1162.49">we</w>
   <w nite:id="ES2009a.D.words821" starttime="1162.49" endtime="1162.74">start</w>
   <w nite:id="ES2009a.D.words822" starttime="1162.74" endtime="1163.09">actually</w>
   <w nite:id="ES2009a.D.words823" starttime="1163.09" endtime="1163.35">dealing</w>
   <w nite:id="ES2009a.D.words824" starttime="1163.35" endtime="1163.44">with</w>
   <w nite:id="ES2009a.D.words825" starttime="1163.44" endtime="1163.62">this</w>
   <w nite:id="ES2009a.D.words826" starttime="1163.62" endtime="1163.99">stuff</w>
   <w nite:id="ES2009a.D.words827" starttime="1163.99" endtime="1165.12">but</w>
   <w nite:id="ES2009a.D.words828" starttime="1165.12" endtime="1165.21">that</w>
   <w nite:id="ES2009a.D.words829" starttime="1165.21" endtime="1165.35">would</w>
   <w nite:id="ES2009a.D.words830" starttime="1165.35" endtime="1165.51">be</w>
   <w nite:id="ES2009a.D.words831" starttime="1165.51" endtime="1165.71">really</w>
   <w nite:id="ES2009a.D.words832" starttime="1165.71" endtime="1166.11">cool</w>
   <w nite:id="ES2009a.D.words833" starttime="1166.11" endtime="1166.11" punc="true">.</w>
   <w nite:id="ES2009a.D.words834" starttime="1173.19" endtime="1173.76">Yeah</w>
   <w nite:id="ES2009a.D.words835" starttime="1173.76" endtime="1173.76" punc="true">.</w>
   <w nite:id="ES2009a.D.words836" starttime="1173.76" endtime="1173.99" trunc="true">Fi</w>
   <w nite:id="ES2009a.D.words837" starttime="1173.99" endtime="1174.2" trunc="true">b</w>
   <w nite:id="ES2009a.D.words838" starttime="1174.2" endtime="1174.44">like</w>
   <w nite:id="ES2009a.D.words839" starttime="1174.44" endtime="1174.61">what</w>
   <w nite:id="ES2009a.D.words840" starttime="1174.61" endtime="1174.68">are</w>
   <w nite:id="ES2009a.D.words841" starttime="1174.68" endtime="1174.76">they</w>
   <w nite:id="ES2009a.D.words842" starttime="1174.76" endtime="1175.06">called</w>
   <w nite:id="ES2009a.D.words843" starttime="1175.06" endtime="1175.06" punc="true">,</w>
   <w nite:id="ES2009a.D.words844" starttime="1175.06" endtime="1175.23">those</w>
   <w nite:id="ES2009a.D.words845" starttime="1175.23" endtime="1175.51">face</w>
   <w nite:id="ES2009a.D.words846" starttime="1175.51" endtime="1175.78">plate</w>
   <w nite:id="ES2009a.D.words847" starttime="1175.78" endtime="1176.54">things</w>
   <w nite:id="ES2009a.D.words848" starttime="1176.54" endtime="1176.54" punc="true">?</w>
   <w nite:id="ES2009a.D.words849" starttime="1176.54" endtime="1176.67" mispronounced="true">Isn&#39;t</w>
   <w nite:id="ES2009a.D.words850" starttime="1176.67" endtime="1176.79">there</w>
   <w nite:id="ES2009a.D.words851" starttime="1176.79" endtime="1176.83">a</w>
   <w nite:id="ES2009a.D.words852" starttime="1176.83" endtime="1177.06">name</w>
   <w nite:id="ES2009a.D.words853" starttime="1177.06" endtime="1177.16">for</w>
   <w nite:id="ES2009a.D.words854" starttime="1177.16" endtime="1177.82">them</w>
   <w nite:id="ES2009a.D.words855" starttime="1177.82" endtime="1177.82" punc="true">?</w>
   <w nite:id="ES2009a.D.words856" starttime="1177.82" endtime="1177.96">Are</w>
   <w nite:id="ES2009a.D.words857" starttime="1177.96" endtime="1178.56">they</w>
   <w nite:id="ES2009a.D.words858" starttime="1178.56" endtime="1178.56" punc="true">?</w>
   <w nite:id="ES2009a.D.words859" starttime="1178.56" endtime="1178.74">I</w>
   <w nite:id="ES2009a.D.words860" starttime="1178.74" endtime="1179.13">dunno</w>
   <w nite:id="ES2009a.D.words861" starttime="1179.13" endtime="1179.13" punc="true">.</w>
   <w nite:id="ES2009a.D.words862" starttime="1180.82" endtime="1181.55">Yeah</w>
   <w nite:id="ES2009a.D.words863" starttime="1181.55" endtime="1181.55" punc="true">.</w>
   <w nite:id="ES2009a.D.words864" starttime="1181.55" endtime="1181.85">Something</w>
   <w nite:id="ES2009a.D.words865" starttime="1181.85" endtime="1182.02">really</w>
   <w nite:id="ES2009a.D.words866" starttime="1182.02" endtime="1182.33">cool</w>
   <w nite:id="ES2009a.D.words867" starttime="1182.33" endtime="1182.33" punc="true">.</w>
   <vocalsound nite:id="ES2009a.D.words868" starttime="1183.559" endtime="1183.559" type="laugh"/>
   <w nite:id="ES2009a.D.words869" starttime="1185.29" endtime="1185.72">Leopard</w>
   <w nite:id="ES2009a.D.words870" starttime="1185.72" endtime="1186.1">print</w>
   <w nite:id="ES2009a.D.words871" starttime="1186.1" endtime="1186.19">or</w>
   <w nite:id="ES2009a.D.words872" starttime="1186.19" endtime="1188.93">something</w>
   <w nite:id="ES2009a.D.words873" starttime="1188.93" endtime="1188.93" punc="true">.</w>
   <vocalsound nite:id="ES2009a.D.words874" starttime="1188.93" endtime="1189.12" type="laugh"/>
   <w nite:id="ES2009a.D.words875" starttime="1196.94" endtime="1197.29">Hmm</w>
   <w nite:id="ES2009a.D.words876" starttime="1197.29" endtime="1197.29" punc="true">.</w>
   <w nite:id="ES2009a.D.words877" starttime="1204.37" endtime="1204.76">True</w>
   <w nite:id="ES2009a.D.words878" starttime="1204.76" endtime="1204.76" punc="true">.</w>
   <w nite:id="ES2009a.D.words879" starttime="1209.86" endtime="1210.27">Right</w>
   <w nite:id="ES2009a.D.words880" starttime="1210.27" endtime="1210.27" punc="true">.</w>
   <w nite:id="ES2009a.D.words881" starttime="1220.94" endtime="1221.36">True</w>
   <w nite:id="ES2009a.D.words882" starttime="1221.36" endtime="1221.36" punc="true">.</w>
   <w nite:id="ES2009a.D.words883" starttime="1228.57" endtime="1229.01">Right</w>
   <w nite:id="ES2009a.D.words884" starttime="1229.01" endtime="1229.01" punc="true">.</w>
   <w nite:id="ES2009a.D.words885" starttime="1240.31" endtime="1240.78">Right</w>
   <w nite:id="ES2009a.D.words886" starttime="1240.78" endtime="1240.78" punc="true">.</w>
   <w nite:id="ES2009a.D.words887" starttime="1245.08" endtime="1245.51">Right</w>
   <w nite:id="ES2009a.D.words888" starttime="1245.51" endtime="1245.51" punc="true">.</w>
   <w nite:id="ES2009a.D.words889" starttime="1247.04" endtime="1247.49">Probably</w>
   <w nite:id="ES2009a.D.words890" starttime="1247.49" endtime="1247.49" punc="true">.</w>
   <vocalsound nite:id="ES2009a.D.words891" starttime="1250.52" endtime="1250.52" type="laugh"/>
   <w nite:id="ES2009a.D.words892" starttime="1251.26" endtime="1251.58">Good</w>
   <w nite:id="ES2009a.D.words893" starttime="1251.58" endtime="1251.58" punc="true">.</w>
   <w nite:id="ES2009a.D.words894" starttime="1263.83" endtime="1264.07">Mm</w>
   <w nite:id="ES2009a.D.words895" starttime="1264.07" endtime="1264.07" punc="true">.</w>
   <w nite:id="ES2009a.D.words896" starttime="1265.87" endtime="1266.72">Yeah</w>
   <w nite:id="ES2009a.D.words897" starttime="1266.72" endtime="1266.72" punc="true">.</w>
   <w nite:id="ES2009a.D.words898" starttime="1266.72" endtime="1266.83">And</w>
   <w nite:id="ES2009a.D.words899" starttime="1266.83" endtime="1267.12">that</w>
   <w nite:id="ES2009a.D.words900" starttime="1267.12" endtime="1267.74">titanium</w>
   <w nite:id="ES2009a.D.words901" starttime="1267.74" endtime="1267.86">the</w>
   <w nite:id="ES2009a.D.words902" starttime="1267.86" endtime="1268.02">new</w>
   <w nite:id="ES2009a.D.words903" starttime="1268.02" endtime="1268.46">silver</w>
   <w nite:id="ES2009a.D.words904" starttime="1268.46" endtime="1268.78">sleek</w>
   <w nite:id="ES2009a.D.words905" starttime="1268.78" endtime="1269.08">ones</w>
   <w nite:id="ES2009a.D.words906" starttime="1269.08" endtime="1269.21">that&#39;s</w>
   <w nite:id="ES2009a.D.words907" starttime="1269.21" endtime="1269.42">last</w>
   <w nite:id="ES2009a.D.words908" starttime="1269.42" endtime="1269.58">couple</w>
   <w nite:id="ES2009a.D.words909" starttime="1269.58" endtime="1269.64">of</w>
   <w nite:id="ES2009a.D.words910" starttime="1269.64" endtime="1270.62">years</w>
   <w nite:id="ES2009a.D.words911" starttime="1270.62" endtime="1270.62" punc="true">,</w>
   <w nite:id="ES2009a.D.words912" starttime="1270.62" endtime="1270.78">very</w>
   <w nite:id="ES2009a.D.words913" starttime="1270.78" endtime="1270.93">much</w>
   <w nite:id="ES2009a.D.words914" starttime="1270.93" endtime="1271.18">so</w>
   <w nite:id="ES2009a.D.words915" starttime="1271.18" endtime="1271.18" punc="true">.</w>
   <w nite:id="ES2009a.D.words916" starttime="1272.39" endtime="1272.73">Mm</w>
   <w nite:id="ES2009a.D.words917" starttime="1272.73" endtime="1272.73" punc="true">.</w>
   <w nite:id="ES2009a.D.words918" starttime="1282.23" endtime="1282.52">Right</w>
   <w nite:id="ES2009a.D.words919" starttime="1282.52" endtime="1282.52" punc="true">.</w>
   <vocalsound nite:id="ES2009a.D.words920" starttime="1293.647" endtime="1293.647" type="laugh"/>
   <w nite:id="ES2009a.D.words921" starttime="1293.92" endtime="1294.14">Right</w>
   <w nite:id="ES2009a.D.words922" starttime="1294.14" endtime="1294.14" punc="true">.</w>
   <w nite:id="ES2009a.D.words923" starttime="1297.06" endtime="1297.16">Mm</w>
   <w nite:id="ES2009a.D.words924" starttime="1297.16" endtime="1297.16" punc="true">.</w>
   <w nite:id="ES2009a.D.words925" starttime="1299.35" endtime="1299.89">Definitely</w>
   <w nite:id="ES2009a.D.words926" starttime="1299.89" endtime="1299.89" punc="true">.</w>
   <w nite:id="ES2009a.D.words927" starttime="1304.45" endtime="1304.82">Yeah</w>
   <w nite:id="ES2009a.D.words928" starttime="1304.82" endtime="1304.82" punc="true">.</w>
   <w nite:id="ES2009a.D.words929" starttime="1305.9" endtime="1305.97">Or</w>
   <w nite:id="ES2009a.D.words930" starttime="1305.97" endtime="1306.1">if</w>
   <w nite:id="ES2009a.D.words931" starttime="1306.1" endtime="1306.22">you</w>
   <w nite:id="ES2009a.D.words932" starttime="1306.22" endtime="1306.34">our</w>
   <w nite:id="ES2009a.D.words933" starttime="1306.34" endtime="1306.67">users</w>
   <w nite:id="ES2009a.D.words934" starttime="1306.67" endtime="1306.78">in</w>
   <w nite:id="ES2009a.D.words935" starttime="1306.78" endtime="1307.06">mind</w>
   <w nite:id="ES2009a.D.words936" starttime="1307.06" endtime="1307.06" punc="true">,</w>
   <w nite:id="ES2009a.D.words937" starttime="1307.06" endtime="1307.26">like</w>
   <w nite:id="ES2009a.D.words938" starttime="1307.26" endtime="1308.17">these</w>
   <disfmarker nite:id="ES2009a.D.words939" starttime="1308.17" endtime="1308.17"/>
   <w nite:id="ES2009a.D.words940" starttime="1308.17" endtime="1308.74">grandmas</w>
   <w nite:id="ES2009a.D.words941" starttime="1308.74" endtime="1308.84">are</w>
   <w nite:id="ES2009a.D.words942" starttime="1308.84" endtime="1309.08">not</w>
   <w nite:id="ES2009a.D.words943" starttime="1309.08" endtime="1309.28">gonna</w>
   <w nite:id="ES2009a.D.words944" starttime="1309.28" endtime="1309.68">be</w>
   <w nite:id="ES2009a.D.words945" starttime="1309.68" endtime="1309.9">into</w>
   <w nite:id="ES2009a.D.words946" starttime="1309.9" endtime="1310.2">this</w>
   <w nite:id="ES2009a.D.words947" starttime="1310.2" endtime="1310.55">whole</w>
   <w nite:id="ES2009a.D.words948" starttime="1310.55" endtime="1310.88">new</w>
   <w nite:id="ES2009a.D.words949" starttime="1310.88" endtime="1311.43">let&#39;s</w>
   <w nite:id="ES2009a.D.words950" starttime="1311.43" endtime="1311.91">design</w>
   <w nite:id="ES2009a.D.words951" starttime="1311.91" endtime="1311.91" punc="true">,</w>
   <w nite:id="ES2009a.D.words952" starttime="1311.91" endtime="1312.09">no</w>
   <w nite:id="ES2009a.D.words953" starttime="1312.09" endtime="1312.27">it&#39;s</w>
   <disfmarker nite:id="ES2009a.D.words954" starttime="1312.27" endtime="1312.27"/>
   <w nite:id="ES2009a.D.words955" starttime="1312.27" endtime="1312.39">they&#39;re</w>
   <w nite:id="ES2009a.D.words956" starttime="1312.39" endtime="1312.66">used</w>
   <w nite:id="ES2009a.D.words957" starttime="1312.66" endtime="1312.72">to</w>
   <w nite:id="ES2009a.D.words958" starttime="1312.72" endtime="1312.82">the</w>
   <w nite:id="ES2009a.D.words959" starttime="1312.82" endtime="1313.2">buttons</w>
   <w nite:id="ES2009a.D.words960" starttime="1313.2" endtime="1313.3">so</w>
   <w nite:id="ES2009a.D.words961" starttime="1313.3" endtime="1313.39">we&#39;ll</w>
   <w nite:id="ES2009a.D.words962" starttime="1313.39" endtime="1313.48">have</w>
   <w nite:id="ES2009a.D.words963" starttime="1313.48" endtime="1313.54">to</w>
   <w nite:id="ES2009a.D.words964" starttime="1313.54" endtime="1313.6">be</w>
   <w nite:id="ES2009a.D.words965" starttime="1313.6" endtime="1313.95">careful</w>
   <w nite:id="ES2009a.D.words966" starttime="1313.95" endtime="1314.13">of</w>
   <w nite:id="ES2009a.D.words967" starttime="1314.13" endtime="1314.58">exactly</w>
   <w nite:id="ES2009a.D.words968" starttime="1314.58" endtime="1314.65">who</w>
   <w nite:id="ES2009a.D.words969" starttime="1314.65" endtime="1314.76">we&#39;re</w>
   <w nite:id="ES2009a.D.words970" starttime="1314.76" endtime="1315.11">marketing</w>
   <w nite:id="ES2009a.D.words971" starttime="1315.11" endtime="1315.32">this</w>
   <w nite:id="ES2009a.D.words972" starttime="1315.32" endtime="1315.86">to</w>
   <w nite:id="ES2009a.D.words973" starttime="1315.86" endtime="1315.86" punc="true">,</w>
   <w nite:id="ES2009a.D.words974" starttime="1315.86" endtime="1316.71">and</w>
   <w nite:id="ES2009a.D.words975" starttime="1316.71" endtime="1317.02">who</w>
   <w nite:id="ES2009a.D.words976" starttime="1317.02" endtime="1317.15">we&#39;re</w>
   <w nite:id="ES2009a.D.words977" starttime="1317.15" endtime="1317.31">gonna</w>
   <w nite:id="ES2009a.D.words978" starttime="1317.31" endtime="1317.37">be</w>
   <w nite:id="ES2009a.D.words979" starttime="1317.37" endtime="1317.49">able</w>
   <w nite:id="ES2009a.D.words980" starttime="1317.49" endtime="1317.6">to</w>
   <w nite:id="ES2009a.D.words981" starttime="1317.6" endtime="1317.78">get</w>
   <w nite:id="ES2009a.D.words982" starttime="1317.78" endtime="1317.87">it</w>
   <w nite:id="ES2009a.D.words983" starttime="1317.87" endtime="1318.05">out</w>
   <w nite:id="ES2009a.D.words984" starttime="1318.05" endtime="1318.7">of</w>
   <w nite:id="ES2009a.D.words985" starttime="1318.7" endtime="1318.7" punc="true">.</w>
   <vocalsound nite:id="ES2009a.D.words986" starttime="1318.7" endtime="1318.89" type="other"/>
   <w nite:id="ES2009a.D.words987" starttime="1323.59" endtime="1324.06">But</w>
   <disfmarker nite:id="ES2009a.D.words988" starttime="1324.06" endtime="1324.188"/>
   <w nite:id="ES2009a.D.words989" starttime="1327.77" endtime="1328.48">Euros</w>
   <w nite:id="ES2009a.D.words990" starttime="1328.48" endtime="1328.48" punc="true">.</w>
   <w nite:id="ES2009a.D.words991" starttime="1343.06" endtime="1343.32">Mm</w>
   <w nite:id="ES2009a.D.words992" starttime="1343.32" endtime="1343.32" punc="true">.</w>
   <w nite:id="ES2009a.D.words993" starttime="1350.7" endtime="1351.05">Mm-mm</w>
   <w nite:id="ES2009a.D.words994" starttime="1351.05" endtime="1351.05" punc="true">.</w>
   <w nite:id="ES2009a.D.words995" starttime="1357.57" endtime="1357.9">Mm</w>
   <w nite:id="ES2009a.D.words996" starttime="1357.9" endtime="1357.9" punc="true">.</w>
   <w nite:id="ES2009a.D.words997" starttime="1380.02" endtime="1380.34">Okay</w>
   <w nite:id="ES2009a.D.words998" starttime="1380.34" endtime="1380.34" punc="true">.</w>
   <w nite:id="ES2009a.D.words999" starttime="1392.95" endtime="1393.11">With</w>
   <w nite:id="ES2009a.D.words1000" starttime="1393.11" endtime="1393.31">half</w>
   <w nite:id="ES2009a.D.words1001" starttime="1393.31" endtime="1393.41">an</w>
   <w nite:id="ES2009a.D.words1002" starttime="1393.41" endtime="1393.68">hour</w>
   <w nite:id="ES2009a.D.words1003" starttime="1393.68" endtime="1393.68" punc="true">?</w>
   <w nite:id="ES2009a.D.words1004" starttime="1395.61" endtime="1395.95">&#39;Kay</w>
   <w nite:id="ES2009a.D.words1005" starttime="1395.95" endtime="1395.95" punc="true">.</w>
   <w nite:id="ES2009a.D.words1006" starttime="1395.95" endtime="1396.37">Perfect</w>
   <w nite:id="ES2009a.D.words1007" starttime="1396.37" endtime="1396.37" punc="true">.</w>
   <w nite:id="ES2009a.D.words1008" starttime="1397.49" endtime="1397.73">Cool</w>
   <w nite:id="ES2009a.D.words1009" starttime="1397.73" endtime="1397.73" punc="true">.</w>
</nite:root>