<?xml version="1.0" encoding="ISO-8859-1" standalone="yes"?>
<nite:root nite:id="ES2010b.B.words" xmlns:nite="http://nite.sourceforge.net/">
   <w nite:id="ES2010b.B.words0" starttime="201.8" endtime="201.93">Did</w>
   <w nite:id="ES2010b.B.words1" starttime="201.93" endtime="202.02">you</w>
   <w nite:id="ES2010b.B.words2" starttime="202.02" endtime="202.27">send</w>
   <w nite:id="ES2010b.B.words3" starttime="202.27" endtime="202.55">it</w>
   <w nite:id="ES2010b.B.words4" starttime="202.55" endtime="202.55" punc="true">?</w>
   <w nite:id="ES2010b.B.words5" starttime="224.63" endtime="225.64">Okay</w>
   <w nite:id="ES2010b.B.words6" starttime="225.64" endtime="225.64" punc="true">.</w>
   <w nite:id="ES2010b.B.words7" starttime="225.64" endtime="226.07">Great</w>
   <w nite:id="ES2010b.B.words8" starttime="226.07" endtime="226.07" punc="true">.</w>
   <vocalsound nite:id="ES2010b.B.words9" starttime="491.397" endtime="491.951" type="other"/>
   <w nite:id="ES2010b.B.words10" starttime="494.66" endtime="494.8">We</w>
   <w nite:id="ES2010b.B.words11" starttime="494.8" endtime="494.98">only</w>
   <w nite:id="ES2010b.B.words12" starttime="494.98" endtime="495.14">use</w>
   <w nite:id="ES2010b.B.words13" starttime="495.14" endtime="495.33">ten</w>
   <w nite:id="ES2010b.B.words14" starttime="495.33" endtime="495.42">per</w>
   <w nite:id="ES2010b.B.words15" starttime="495.42" endtime="495.63">cent</w>
   <w nite:id="ES2010b.B.words16" starttime="495.63" endtime="495.73">of</w>
   <w nite:id="ES2010b.B.words17" starttime="495.73" endtime="495.83">our</w>
   <w nite:id="ES2010b.B.words18" starttime="495.83" endtime="497.06">brains</w>
   <w nite:id="ES2010b.B.words19" starttime="497.06" endtime="497.06" punc="true">.</w>
   <vocalsound nite:id="ES2010b.B.words20" starttime="497.06" endtime="497.12" type="laugh"/>
   <vocalsound nite:id="ES2010b.B.words21" starttime="500.032" endtime="500.032" type="other"/>
   <w nite:id="ES2010b.B.words22" starttime="500.27" endtime="500.69">yeah</w>
   <w nite:id="ES2010b.B.words23" starttime="500.69" endtime="500.69" punc="true">.</w>
   <w nite:id="ES2010b.B.words24" starttime="545.0" endtime="545.19">Do</w>
   <w nite:id="ES2010b.B.words25" starttime="545.19" endtime="545.73">we</w>
   <w nite:id="ES2010b.B.words26" starttime="545.73" endtime="546.03">really</w>
   <w nite:id="ES2010b.B.words27" starttime="546.03" endtime="546.2">need</w>
   <w nite:id="ES2010b.B.words28" starttime="546.2" endtime="546.28" trunc="true">t</w>
   <w nite:id="ES2010b.B.words29" starttime="546.28" endtime="546.36">to</w>
   <w nite:id="ES2010b.B.words30" starttime="546.36" endtime="546.78">provide</w>
   <w nite:id="ES2010b.B.words31" starttime="546.78" endtime="547.0">more</w>
   <w nite:id="ES2010b.B.words32" starttime="547.0" endtime="547.53">information</w>
   <w nite:id="ES2010b.B.words33" starttime="547.53" endtime="547.68">on</w>
   <w nite:id="ES2010b.B.words34" starttime="547.68" endtime="547.86">what</w>
   <w nite:id="ES2010b.B.words35" starttime="547.86" endtime="548.72">R_S_I_</w>
   <w nite:id="ES2010b.B.words36" starttime="548.72" endtime="548.78">is</w>
   <w nite:id="ES2010b.B.words37" starttime="548.78" endtime="548.78" punc="true">?</w>
   <w nite:id="ES2010b.B.words38" starttime="688.21" endtime="688.45">Yeah</w>
   <w nite:id="ES2010b.B.words39" starttime="688.45" endtime="688.45" punc="true">,</w>
   <w nite:id="ES2010b.B.words40" starttime="688.45" endtime="688.55">I&#39;m</w>
   <w nite:id="ES2010b.B.words41" starttime="688.55" endtime="688.75">just</w>
   <w nite:id="ES2010b.B.words42" starttime="688.75" endtime="688.92">trying</w>
   <w nite:id="ES2010b.B.words43" starttime="688.92" endtime="688.98">to</w>
   <w nite:id="ES2010b.B.words44" starttime="688.98" endtime="689.19">move</w>
   <w nite:id="ES2010b.B.words45" starttime="689.19" endtime="690.13">it</w>
   <w nite:id="ES2010b.B.words46" starttime="690.13" endtime="690.13" punc="true">.</w>
   <w nite:id="ES2010b.B.words47" starttime="698.8" endtime="699.15">&#39;Kay</w>
   <w nite:id="ES2010b.B.words48" starttime="699.15" endtime="699.15" punc="true">.</w>
   <w nite:id="ES2010b.B.words49" starttime="699.15" endtime="699.18">I</w>
   <w nite:id="ES2010b.B.words50" starttime="699.18" endtime="699.41">think</w>
   <w nite:id="ES2010b.B.words51" starttime="699.41" endtime="699.53">it</w>
   <w nite:id="ES2010b.B.words52" starttime="699.53" endtime="699.79">should</w>
   <w nite:id="ES2010b.B.words53" starttime="699.79" endtime="699.89">be</w>
   <w nite:id="ES2010b.B.words54" starttime="699.89" endtime="700.71">there</w>
   <w nite:id="ES2010b.B.words55" starttime="700.71" endtime="700.71" punc="true">,</w>
   <w nite:id="ES2010b.B.words56" starttime="700.71" endtime="701.19">working</w>
   <w nite:id="ES2010b.B.words57" starttime="701.19" endtime="701.74">design</w>
   <w nite:id="ES2010b.B.words58" starttime="701.74" endtime="701.74" punc="true">.</w>
   <w nite:id="ES2010b.B.words59" starttime="706.11" endtime="706.78">&#39;Kay</w>
   <w nite:id="ES2010b.B.words60" starttime="706.78" endtime="706.78" punc="true">.</w>
   <w nite:id="ES2010b.B.words61" starttime="706.78" endtime="707.31">Uh</w>
   <w nite:id="ES2010b.B.words62" starttime="707.31" endtime="707.41">I</w>
   <w nite:id="ES2010b.B.words63" starttime="707.41" endtime="707.61">didn&#39;t</w>
   <w nite:id="ES2010b.B.words64" starttime="707.61" endtime="707.74">get</w>
   <w nite:id="ES2010b.B.words65" starttime="707.74" endtime="707.83">a</w>
   <w nite:id="ES2010b.B.words66" starttime="707.83" endtime="708.18">chance</w>
   <w nite:id="ES2010b.B.words67" starttime="708.18" endtime="708.4">to</w>
   <w nite:id="ES2010b.B.words68" starttime="708.4" endtime="708.8">complete</w>
   <w nite:id="ES2010b.B.words69" starttime="708.8" endtime="709.0">this</w>
   <w nite:id="ES2010b.B.words70" starttime="709.0" endtime="709.75">one</w>
   <w nite:id="ES2010b.B.words71" starttime="709.75" endtime="709.75" punc="true">,</w>
   <w nite:id="ES2010b.B.words72" starttime="709.75" endtime="710.37">&#39;cause</w>
   <w nite:id="ES2010b.B.words73" starttime="710.37" endtime="710.64">some</w>
   <w nite:id="ES2010b.B.words74" starttime="710.64" endtime="710.78">of</w>
   <w nite:id="ES2010b.B.words75" starttime="710.78" endtime="711.32">the</w>
   <w nite:id="ES2010b.B.words76" starttime="711.32" endtime="711.63">tools</w>
   <w nite:id="ES2010b.B.words77" starttime="711.63" endtime="711.82">that</w>
   <w nite:id="ES2010b.B.words78" starttime="711.82" endtime="711.93">I</w>
   <w nite:id="ES2010b.B.words79" starttime="711.93" endtime="712.2">was</w>
   <w nite:id="ES2010b.B.words80" starttime="712.2" endtime="712.51">given</w>
   <w nite:id="ES2010b.B.words81" starttime="712.51" endtime="712.65">were</w>
   <w nite:id="ES2010b.B.words82" starttime="712.65" endtime="714.92">frustrating</w>
   <w nite:id="ES2010b.B.words83" starttime="714.92" endtime="714.92" punc="true">.</w>
   <w nite:id="ES2010b.B.words84" starttime="714.92" endtime="715.28">Uh</w>
   <w nite:id="ES2010b.B.words85" starttime="715.28" endtime="715.99">okay</w>
   <w nite:id="ES2010b.B.words86" starttime="715.99" endtime="715.99" punc="true">,</w>
   <w nite:id="ES2010b.B.words87" starttime="715.99" endtime="717.62">so</w>
   <w nite:id="ES2010b.B.words88" starttime="717.62" endtime="718.96">method</w>
   <w nite:id="ES2010b.B.words89" starttime="718.96" endtime="719.35">method</w>
   <w nite:id="ES2010b.B.words90" starttime="719.35" endtime="719.48">of</w>
   <w nite:id="ES2010b.B.words91" starttime="719.48" endtime="719.61">our</w>
   <w nite:id="ES2010b.B.words92" starttime="719.61" endtime="720.12">design</w>
   <w nite:id="ES2010b.B.words93" starttime="720.12" endtime="720.12" punc="true">,</w>
   <w nite:id="ES2010b.B.words94" starttime="720.12" endtime="720.35">I</w>
   <w nite:id="ES2010b.B.words95" starttime="720.35" endtime="720.7">think</w>
   <w nite:id="ES2010b.B.words96" starttime="720.7" endtime="720.81">I</w>
   <w nite:id="ES2010b.B.words97" starttime="720.81" endtime="721.02">just</w>
   <w nite:id="ES2010b.B.words98" starttime="721.02" endtime="721.34">start</w>
   <w nite:id="ES2010b.B.words99" starttime="721.34" endtime="721.83">listing</w>
   <w nite:id="ES2010b.B.words100" starttime="721.83" endtime="722.0" trunc="true">th</w>
   <w nite:id="ES2010b.B.words101" starttime="722.0" endtime="722.21">some</w>
   <w nite:id="ES2010b.B.words102" starttime="722.21" endtime="722.27">of</w>
   <w nite:id="ES2010b.B.words103" starttime="722.27" endtime="722.34">the</w>
   <w nite:id="ES2010b.B.words104" starttime="722.34" endtime="722.6">things</w>
   <w nite:id="ES2010b.B.words105" starttime="722.6" endtime="722.72">that</w>
   <w nite:id="ES2010b.B.words106" starttime="722.72" endtime="722.81">we</w>
   <w nite:id="ES2010b.B.words107" starttime="722.81" endtime="723.22">actually</w>
   <w nite:id="ES2010b.B.words108" starttime="723.22" endtime="723.52">need</w>
   <w nite:id="ES2010b.B.words109" starttime="723.52" endtime="723.61">to</w>
   <w nite:id="ES2010b.B.words110" starttime="723.61" endtime="723.79">put</w>
   <w nite:id="ES2010b.B.words111" starttime="723.79" endtime="724.04">into</w>
   <w nite:id="ES2010b.B.words112" starttime="724.04" endtime="724.69">this</w>
   <w nite:id="ES2010b.B.words113" starttime="724.69" endtime="724.69" punc="true">.</w>
   <w nite:id="ES2010b.B.words114" starttime="724.69" endtime="724.78">We</w>
   <w nite:id="ES2010b.B.words115" starttime="724.78" endtime="724.94">need</w>
   <w nite:id="ES2010b.B.words116" starttime="724.94" endtime="724.99">a</w>
   <w nite:id="ES2010b.B.words117" starttime="724.99" endtime="725.32">power</w>
   <w nite:id="ES2010b.B.words118" starttime="725.32" endtime="725.7">source</w>
   <w nite:id="ES2010b.B.words119" starttime="725.7" endtime="725.7" punc="true">,</w>
   <w nite:id="ES2010b.B.words120" starttime="725.7" endtime="725.83">we&#39;re</w>
   <w nite:id="ES2010b.B.words121" starttime="725.83" endtime="725.99">gonna</w>
   <w nite:id="ES2010b.B.words122" starttime="725.99" endtime="726.18">need</w>
   <w nite:id="ES2010b.B.words123" starttime="726.18" endtime="726.25">a</w>
   <w nite:id="ES2010b.B.words124" starttime="726.25" endtime="726.63">smart</w>
   <w nite:id="ES2010b.B.words125" starttime="726.63" endtime="726.89">chip</w>
   <w nite:id="ES2010b.B.words126" starttime="726.89" endtime="727.03">if</w>
   <w nite:id="ES2010b.B.words127" starttime="727.03" endtime="727.16">we&#39;re</w>
   <w nite:id="ES2010b.B.words128" starttime="727.16" endtime="727.37">gonna</w>
   <w nite:id="ES2010b.B.words129" starttime="727.37" endtime="727.58">make</w>
   <w nite:id="ES2010b.B.words130" starttime="727.58" endtime="727.71">it</w>
   <w nite:id="ES2010b.B.words131" starttime="727.71" endtime="729.82">multi-functional</w>
   <w nite:id="ES2010b.B.words132" starttime="729.82" endtime="729.82" punc="true">.</w>
   <w nite:id="ES2010b.B.words133" starttime="729.82" endtime="730.49">Um</w>
   <w nite:id="ES2010b.B.words134" starttime="730.49" endtime="730.88">extra</w>
   <w nite:id="ES2010b.B.words135" starttime="730.88" endtime="731.67">functions</w>
   <w nite:id="ES2010b.B.words136" starttime="731.67" endtime="731.84">will</w>
   <w nite:id="ES2010b.B.words137" starttime="731.84" endtime="732.23">probably</w>
   <w nite:id="ES2010b.B.words138" starttime="732.23" endtime="732.42">need</w>
   <w nite:id="ES2010b.B.words139" starttime="732.42" endtime="732.53">an</w>
   <w nite:id="ES2010b.B.words140" starttime="732.53" endtime="733.04">additional</w>
   <w nite:id="ES2010b.B.words141" starttime="733.04" endtime="733.92">chip</w>
   <w nite:id="ES2010b.B.words142" starttime="733.92" endtime="733.92" punc="true">.</w>
   <w nite:id="ES2010b.B.words143" starttime="733.92" endtime="734.14">Either</w>
   <w nite:id="ES2010b.B.words144" starttime="734.14" endtime="734.43">that</w>
   <w nite:id="ES2010b.B.words145" starttime="734.43" endtime="734.68">or</w>
   <w nite:id="ES2010b.B.words146" starttime="734.68" endtime="734.81">the</w>
   <w nite:id="ES2010b.B.words147" starttime="734.81" endtime="735.06">smart</w>
   <w nite:id="ES2010b.B.words148" starttime="735.06" endtime="735.3">chip</w>
   <w nite:id="ES2010b.B.words149" starttime="735.3" endtime="735.45">will</w>
   <w nite:id="ES2010b.B.words150" starttime="735.45" endtime="735.73">have</w>
   <w nite:id="ES2010b.B.words151" starttime="735.73" endtime="735.86">to</w>
   <w nite:id="ES2010b.B.words152" starttime="735.86" endtime="736.76">be</w>
   <w nite:id="ES2010b.B.words153" starttime="736.76" endtime="737.31">extremely</w>
   <w nite:id="ES2010b.B.words154" starttime="737.31" endtime="737.73">smart</w>
   <w nite:id="ES2010b.B.words155" starttime="737.73" endtime="737.73" punc="true">.</w>
   <w nite:id="ES2010b.B.words156" starttime="741.46" endtime="741.78">Usually</w>
   <w nite:id="ES2010b.B.words157" starttime="741.78" endtime="741.84">a</w>
   <w nite:id="ES2010b.B.words158" starttime="741.84" endtime="742.11">smart</w>
   <w nite:id="ES2010b.B.words159" starttime="742.11" endtime="742.34">chip</w>
   <w nite:id="ES2010b.B.words160" starttime="742.34" endtime="742.57">is</w>
   <w nite:id="ES2010b.B.words161" starttime="742.57" endtime="742.85">just</w>
   <w nite:id="ES2010b.B.words162" starttime="742.85" endtime="743.01">a</w>
   <w nite:id="ES2010b.B.words163" starttime="743.01" endtime="743.36">chip</w>
   <w nite:id="ES2010b.B.words164" starttime="743.36" endtime="743.69">that&#39;s</w>
   <w nite:id="ES2010b.B.words165" starttime="743.69" endtime="744.3">been</w>
   <w nite:id="ES2010b.B.words166" starttime="744.3" endtime="744.89">programmed</w>
   <w nite:id="ES2010b.B.words167" starttime="744.89" endtime="745.04">and</w>
   <w nite:id="ES2010b.B.words168" starttime="745.04" endtime="745.55">designed</w>
   <w nite:id="ES2010b.B.words169" starttime="745.55" endtime="745.69">so</w>
   <w nite:id="ES2010b.B.words170" starttime="745.69" endtime="745.87">that</w>
   <w nite:id="ES2010b.B.words171" starttime="745.87" endtime="745.99">it</w>
   <w nite:id="ES2010b.B.words172" starttime="745.99" endtime="746.33">can</w>
   <w nite:id="ES2010b.B.words173" starttime="746.33" endtime="747.29">complete</w>
   <w nite:id="ES2010b.B.words174" starttime="747.29" endtime="747.47">a</w>
   <w nite:id="ES2010b.B.words175" starttime="747.47" endtime="747.85">fair</w>
   <w nite:id="ES2010b.B.words176" starttime="747.85" endtime="748.27">range</w>
   <w nite:id="ES2010b.B.words177" starttime="748.27" endtime="748.36">of</w>
   <w nite:id="ES2010b.B.words178" starttime="748.36" endtime="749.17">functions</w>
   <w nite:id="ES2010b.B.words179" starttime="749.17" endtime="749.17" punc="true">.</w>
   <w nite:id="ES2010b.B.words180" starttime="754.98" endtime="755.09">I</w>
   <w nite:id="ES2010b.B.words181" starttime="755.09" endtime="755.4">wouldn&#39;t</w>
   <w nite:id="ES2010b.B.words182" starttime="755.4" endtime="755.62">think</w>
   <w nite:id="ES2010b.B.words183" starttime="755.62" endtime="755.97">so</w>
   <w nite:id="ES2010b.B.words184" starttime="755.97" endtime="755.97" punc="true">,</w>
   <w nite:id="ES2010b.B.words185" starttime="755.97" endtime="756.21">&#39;cause</w>
   <w nite:id="ES2010b.B.words186" starttime="756.21" endtime="756.32">we</w>
   <w nite:id="ES2010b.B.words187" starttime="756.32" endtime="756.46">could</w>
   <w nite:id="ES2010b.B.words188" starttime="756.46" endtime="756.77">probably</w>
   <w nite:id="ES2010b.B.words189" starttime="756.77" endtime="756.92">get</w>
   <w nite:id="ES2010b.B.words190" starttime="756.92" endtime="757.07">it</w>
   <w nite:id="ES2010b.B.words191" starttime="757.07" endtime="757.45">from</w>
   <w nite:id="ES2010b.B.words192" starttime="757.45" endtime="757.84">like</w>
   <w nite:id="ES2010b.B.words193" starttime="757.84" endtime="757.84" punc="true">,</w>
   <w nite:id="ES2010b.B.words194" starttime="757.84" endtime="758.06">in</w>
   <w nite:id="ES2010b.B.words195" starttime="758.06" endtime="758.48">bulk</w>
   <w nite:id="ES2010b.B.words196" starttime="758.48" endtime="758.48" punc="true">,</w>
   <w nite:id="ES2010b.B.words197" starttime="758.48" endtime="758.79">from</w>
   <w nite:id="ES2010b.B.words198" starttime="758.79" endtime="760.18">a</w>
   <w nite:id="ES2010b.B.words199" starttime="760.18" endtime="760.31">a</w>
   <w nite:id="ES2010b.B.words200" starttime="760.31" endtime="760.63">newer</w>
   <w nite:id="ES2010b.B.words201" starttime="760.63" endtime="761.81">company</w>
   <w nite:id="ES2010b.B.words202" starttime="761.81" endtime="761.81" punc="true">.</w>
   <w nite:id="ES2010b.B.words203" starttime="761.81" endtime="761.91">And</w>
   <w nite:id="ES2010b.B.words204" starttime="761.91" endtime="762.01">they</w>
   <w nite:id="ES2010b.B.words205" starttime="762.01" endtime="762.23">tend</w>
   <w nite:id="ES2010b.B.words206" starttime="762.23" endtime="762.31">to</w>
   <w nite:id="ES2010b.B.words207" starttime="762.31" endtime="762.48">sell</w>
   <w nite:id="ES2010b.B.words208" starttime="762.48" endtime="762.62">their</w>
   <w nite:id="ES2010b.B.words209" starttime="762.62" endtime="762.92">chips</w>
   <w nite:id="ES2010b.B.words210" starttime="762.92" endtime="763.16">pretty</w>
   <w nite:id="ES2010b.B.words211" starttime="763.16" endtime="763.72">cheap</w>
   <w nite:id="ES2010b.B.words212" starttime="763.72" endtime="763.72" punc="true">.</w>
   <w nite:id="ES2010b.B.words213" starttime="765.86" endtime="766.37">Um</w>
   <w nite:id="ES2010b.B.words214" starttime="766.37" endtime="767.61">yep</w>
   <w nite:id="ES2010b.B.words215" starttime="767.61" endtime="767.61" punc="true">,</w>
   <w nite:id="ES2010b.B.words216" starttime="767.61" endtime="767.89">nothing</w>
   <w nite:id="ES2010b.B.words217" starttime="767.89" endtime="768.27">here</w>
   <w nite:id="ES2010b.B.words218" starttime="768.27" endtime="768.27" punc="true">.</w>
   <w nite:id="ES2010b.B.words219" starttime="770.32" endtime="770.65">Um</w>
   <w nite:id="ES2010b.B.words220" starttime="770.65" endtime="770.99">power</w>
   <w nite:id="ES2010b.B.words221" starttime="770.99" endtime="771.42">source</w>
   <w nite:id="ES2010b.B.words222" starttime="771.42" endtime="771.42" punc="true">,</w>
   <w nite:id="ES2010b.B.words223" starttime="771.42" endtime="771.51">I</w>
   <w nite:id="ES2010b.B.words224" starttime="771.51" endtime="772.03">figured</w>
   <w nite:id="ES2010b.B.words225" starttime="772.03" endtime="772.03" punc="true">,</w>
   <w nite:id="ES2010b.B.words226" starttime="772.03" endtime="773.01">batteries</w>
   <w nite:id="ES2010b.B.words227" starttime="773.01" endtime="773.01" punc="true">,</w>
   <w nite:id="ES2010b.B.words228" starttime="773.01" endtime="773.81">&#39;cause</w>
   <w nite:id="ES2010b.B.words229" starttime="773.81" endtime="774.13">they&#39;re</w>
   <w nite:id="ES2010b.B.words230" starttime="774.13" endtime="775.11">easily</w>
   <w nite:id="ES2010b.B.words231" starttime="775.11" endtime="776.06">available</w>
   <w nite:id="ES2010b.B.words232" starttime="776.06" endtime="776.06" punc="true">.</w>
   <w nite:id="ES2010b.B.words233" starttime="776.06" endtime="776.74">Typically</w>
   <w nite:id="ES2010b.B.words234" starttime="776.74" endtime="776.99">a</w>
   <w nite:id="ES2010b.B.words235" starttime="776.99" endtime="777.32">remote</w>
   <w nite:id="ES2010b.B.words236" starttime="777.32" endtime="777.67">has</w>
   <w nite:id="ES2010b.B.words237" starttime="777.67" endtime="777.96">either</w>
   <w nite:id="ES2010b.B.words238" starttime="777.96" endtime="778.15">two</w>
   <w nite:id="ES2010b.B.words239" starttime="778.15" endtime="778.45">double</w>
   <w nite:id="ES2010b.B.words240" starttime="778.45" endtime="778.71">A_s</w>
   <w nite:id="ES2010b.B.words241" starttime="778.71" endtime="778.94">or</w>
   <w nite:id="ES2010b.B.words242" starttime="778.94" endtime="779.15">four</w>
   <w nite:id="ES2010b.B.words243" starttime="779.15" endtime="779.51">triple</w>
   <w nite:id="ES2010b.B.words244" starttime="779.51" endtime="779.74">A_s</w>
   <w nite:id="ES2010b.B.words245" starttime="779.74" endtime="779.74" punc="true">,</w>
   <w nite:id="ES2010b.B.words246" starttime="779.74" endtime="780.19">sometimes</w>
   <w nite:id="ES2010b.B.words247" starttime="780.19" endtime="781.31">three</w>
   <w nite:id="ES2010b.B.words248" starttime="781.31" endtime="781.31" punc="true">.</w>
   <w nite:id="ES2010b.B.words249" starttime="781.31" endtime="781.47">Uh</w>
   <w nite:id="ES2010b.B.words250" starttime="781.47" endtime="781.94">it</w>
   <w nite:id="ES2010b.B.words251" starttime="781.94" endtime="782.19">really</w>
   <w nite:id="ES2010b.B.words252" starttime="782.19" endtime="782.46">kinda</w>
   <w nite:id="ES2010b.B.words253" starttime="782.46" endtime="782.85">depends</w>
   <w nite:id="ES2010b.B.words254" starttime="782.85" endtime="782.93">on</w>
   <w nite:id="ES2010b.B.words255" starttime="782.93" endtime="783.03">the</w>
   <w nite:id="ES2010b.B.words256" starttime="783.03" endtime="783.36">size</w>
   <w nite:id="ES2010b.B.words257" starttime="783.36" endtime="783.44">of</w>
   <w nite:id="ES2010b.B.words258" starttime="783.44" endtime="783.56">the</w>
   <w nite:id="ES2010b.B.words259" starttime="783.56" endtime="783.93">actual</w>
   <w nite:id="ES2010b.B.words260" starttime="783.93" endtime="784.22">remote</w>
   <w nite:id="ES2010b.B.words261" starttime="784.22" endtime="785.82">itself</w>
   <w nite:id="ES2010b.B.words262" starttime="785.82" endtime="785.82" punc="true">.</w>
   <w nite:id="ES2010b.B.words263" starttime="785.82" endtime="786.51">Um</w>
   <w nite:id="ES2010b.B.words264" starttime="786.51" endtime="786.64">a</w>
   <w nite:id="ES2010b.B.words265" starttime="786.64" endtime="786.97">large</w>
   <w nite:id="ES2010b.B.words266" starttime="786.97" endtime="787.48">on-off</w>
   <w nite:id="ES2010b.B.words267" starttime="787.48" endtime="788.5">button</w>
   <w nite:id="ES2010b.B.words268" starttime="788.5" endtime="788.5" punc="true">,</w>
   <vocalsound nite:id="ES2010b.B.words269" starttime="788.5" endtime="788.5" type="other"/>
   <w nite:id="ES2010b.B.words270" starttime="788.5" endtime="790.07">demographically</w>
   <w nite:id="ES2010b.B.words271" starttime="790.07" endtime="790.28">we&#39;re</w>
   <w nite:id="ES2010b.B.words272" starttime="790.28" endtime="790.58">moving</w>
   <w nite:id="ES2010b.B.words273" starttime="790.58" endtime="791.07">towards</w>
   <w nite:id="ES2010b.B.words274" starttime="791.07" endtime="791.87">an</w>
   <w nite:id="ES2010b.B.words275" starttime="791.87" endtime="792.22">older</w>
   <w nite:id="ES2010b.B.words276" starttime="792.22" endtime="792.75">generation</w>
   <w nite:id="ES2010b.B.words277" starttime="792.75" endtime="792.84">of</w>
   <w nite:id="ES2010b.B.words278" starttime="792.84" endtime="793.18">people</w>
   <w nite:id="ES2010b.B.words279" starttime="793.18" endtime="793.18" punc="true">,</w>
   <w nite:id="ES2010b.B.words280" starttime="793.18" endtime="793.93">so</w>
   <w nite:id="ES2010b.B.words281" starttime="793.93" endtime="794.05">a</w>
   <w nite:id="ES2010b.B.words282" starttime="794.05" endtime="794.34">large</w>
   <w nite:id="ES2010b.B.words283" starttime="794.34" endtime="794.99">on-off</w>
   <w nite:id="ES2010b.B.words284" starttime="794.99" endtime="795.31">button</w>
   <w nite:id="ES2010b.B.words285" starttime="795.31" endtime="795.49">would</w>
   <w nite:id="ES2010b.B.words286" starttime="795.49" endtime="795.78">probably</w>
   <w nite:id="ES2010b.B.words287" starttime="795.78" endtime="795.91">be</w>
   <w nite:id="ES2010b.B.words288" starttime="795.91" endtime="797.13">good</w>
   <w nite:id="ES2010b.B.words289" starttime="797.13" endtime="797.13" punc="true">.</w>
   <w nite:id="ES2010b.B.words290" starttime="797.13" endtime="797.61">Selection</w>
   <w nite:id="ES2010b.B.words291" starttime="797.61" endtime="797.88">button</w>
   <w nite:id="ES2010b.B.words292" starttime="797.88" endtime="798.05">for</w>
   <w nite:id="ES2010b.B.words293" starttime="798.05" endtime="798.41">various</w>
   <w nite:id="ES2010b.B.words294" starttime="798.41" endtime="798.96">entertainment</w>
   <w nite:id="ES2010b.B.words295" starttime="798.96" endtime="799.4">devices</w>
   <w nite:id="ES2010b.B.words296" starttime="799.4" endtime="799.4" punc="true">,</w>
   <w nite:id="ES2010b.B.words297" starttime="799.4" endtime="799.66">so</w>
   <w nite:id="ES2010b.B.words298" starttime="799.66" endtime="799.75">you</w>
   <w nite:id="ES2010b.B.words299" starttime="799.75" endtime="800.0">want</w>
   <w nite:id="ES2010b.B.words300" starttime="800.0" endtime="800.28">something</w>
   <w nite:id="ES2010b.B.words301" starttime="800.28" endtime="800.41">that</w>
   <w nite:id="ES2010b.B.words302" starttime="800.41" endtime="800.53">will</w>
   <w nite:id="ES2010b.B.words303" starttime="800.53" endtime="800.87">permit</w>
   <w nite:id="ES2010b.B.words304" starttime="800.87" endtime="801.12">you</w>
   <w nite:id="ES2010b.B.words305" starttime="801.12" endtime="801.3">to</w>
   <w nite:id="ES2010b.B.words306" starttime="801.3" endtime="802.36">select</w>
   <w nite:id="ES2010b.B.words307" starttime="802.36" endtime="802.5">the</w>
   <w nite:id="ES2010b.B.words308" starttime="802.5" endtime="802.95">D_V_D_</w>
   <w nite:id="ES2010b.B.words309" starttime="802.95" endtime="803.45">player</w>
   <w nite:id="ES2010b.B.words310" starttime="803.45" endtime="803.89">or</w>
   <w nite:id="ES2010b.B.words311" starttime="803.89" endtime="804.8">the</w>
   <w nite:id="ES2010b.B.words312" starttime="804.8" endtime="805.2">T_V_</w>
   <w nite:id="ES2010b.B.words313" starttime="805.2" endtime="805.37">or</w>
   <w nite:id="ES2010b.B.words314" starttime="805.37" endtime="805.48">the</w>
   <w nite:id="ES2010b.B.words315" starttime="805.48" endtime="805.9">stereo</w>
   <w nite:id="ES2010b.B.words316" starttime="805.9" endtime="806.38">system</w>
   <w nite:id="ES2010b.B.words317" starttime="806.38" endtime="806.38" punc="true">.</w>
   <w nite:id="ES2010b.B.words318" starttime="807.92" endtime="808.43">Um</w>
   <w nite:id="ES2010b.B.words319" starttime="808.43" endtime="808.68">smart</w>
   <w nite:id="ES2010b.B.words320" starttime="808.68" endtime="808.95">chip</w>
   <w nite:id="ES2010b.B.words321" starttime="808.95" endtime="809.1">that</w>
   <w nite:id="ES2010b.B.words322" starttime="809.1" endtime="809.88">perverts</w>
   <disfmarker nite:id="ES2010b.B.words323" starttime="809.88" endtime="809.88"/>
   <w nite:id="ES2010b.B.words324" starttime="809.88" endtime="809.96">uh</w>
   <w nite:id="ES2010b.B.words325" starttime="809.96" endtime="810.27">that</w>
   <w nite:id="ES2010b.B.words326" starttime="810.27" endtime="810.81">permits</w>
   <w nite:id="ES2010b.B.words327" starttime="810.81" endtime="810.81" punc="true">,</w>
   <w nite:id="ES2010b.B.words328" starttime="810.81" endtime="811.79">sorry</w>
   <w nite:id="ES2010b.B.words329" starttime="811.79" endtime="811.79" punc="true">,</w>
   <w nite:id="ES2010b.B.words330" starttime="811.79" endtime="812.3">universal</w>
   <w nite:id="ES2010b.B.words331" starttime="812.3" endtime="813.28">application</w>
   <w nite:id="ES2010b.B.words332" starttime="813.28" endtime="813.92">again</w>
   <w nite:id="ES2010b.B.words333" starttime="813.92" endtime="813.92" punc="true">,</w>
   <w nite:id="ES2010b.B.words334" starttime="815.21" endtime="815.62">something</w>
   <w nite:id="ES2010b.B.words335" starttime="815.62" endtime="815.93">that&#39;ll</w>
   <w nite:id="ES2010b.B.words336" starttime="815.93" endtime="816.17">allow</w>
   <w nite:id="ES2010b.B.words337" starttime="816.17" endtime="816.43">us</w>
   <w nite:id="ES2010b.B.words338" starttime="816.43" endtime="816.56">to</w>
   <w nite:id="ES2010b.B.words339" starttime="816.56" endtime="816.88">skip</w>
   <w nite:id="ES2010b.B.words340" starttime="816.88" endtime="817.14">over</w>
   <w nite:id="ES2010b.B.words341" starttime="817.14" endtime="817.44">between</w>
   <w nite:id="ES2010b.B.words342" starttime="817.44" endtime="818.93">devices</w>
   <w nite:id="ES2010b.B.words343" starttime="818.93" endtime="818.93" punc="true">,</w>
   <w nite:id="ES2010b.B.words344" starttime="818.93" endtime="819.02">and</w>
   <w nite:id="ES2010b.B.words345" starttime="819.02" endtime="819.5">that&#39;s</w>
   <w nite:id="ES2010b.B.words346" starttime="819.5" endtime="820.03">kinda</w>
   <w nite:id="ES2010b.B.words347" starttime="820.03" endtime="821.43">it</w>
   <w nite:id="ES2010b.B.words348" starttime="821.43" endtime="821.43" punc="true">.</w>
   <w nite:id="ES2010b.B.words349" starttime="821.43" endtime="822.8">Uh</w>
   <w nite:id="ES2010b.B.words350" starttime="822.8" endtime="823.01">this</w>
   <w nite:id="ES2010b.B.words351" starttime="823.01" endtime="823.16">is</w>
   <w nite:id="ES2010b.B.words352" starttime="823.16" endtime="824.62">my</w>
   <w nite:id="ES2010b.B.words353" starttime="824.62" endtime="824.96">fifty</w>
   <w nite:id="ES2010b.B.words354" starttime="824.96" endtime="825.61">second</w>
   <w nite:id="ES2010b.B.words355" starttime="825.61" endtime="826.21">design</w>
   <w nite:id="ES2010b.B.words356" starttime="826.21" endtime="826.21" punc="true">.</w>
   <w nite:id="ES2010b.B.words357" starttime="827.97" endtime="828.31">Power</w>
   <w nite:id="ES2010b.B.words358" starttime="828.31" endtime="829.45">source</w>
   <w nite:id="ES2010b.B.words359" starttime="829.45" endtime="829.75">over</w>
   <w nite:id="ES2010b.B.words360" starttime="829.75" endtime="830.56">here</w>
   <w nite:id="ES2010b.B.words361" starttime="830.56" endtime="830.56" punc="true">.</w>
   <w nite:id="ES2010b.B.words362" starttime="830.56" endtime="830.71">We&#39;re</w>
   <w nite:id="ES2010b.B.words363" starttime="830.71" endtime="830.85">gonna</w>
   <w nite:id="ES2010b.B.words364" starttime="830.85" endtime="831.01">have</w>
   <w nite:id="ES2010b.B.words365" starttime="831.01" endtime="831.09">a</w>
   <w nite:id="ES2010b.B.words366" starttime="831.09" endtime="831.79">switch</w>
   <w nite:id="ES2010b.B.words367" starttime="831.79" endtime="832.26">obviously</w>
   <w nite:id="ES2010b.B.words368" starttime="832.26" endtime="832.58">between</w>
   <w nite:id="ES2010b.B.words369" starttime="832.58" endtime="832.65">the</w>
   <w nite:id="ES2010b.B.words370" starttime="832.65" endtime="832.92">power</w>
   <w nite:id="ES2010b.B.words371" starttime="832.92" endtime="833.16">source</w>
   <w nite:id="ES2010b.B.words372" starttime="833.16" endtime="833.27">and</w>
   <w nite:id="ES2010b.B.words373" starttime="833.27" endtime="833.33">the</w>
   <w nite:id="ES2010b.B.words374" starttime="833.33" endtime="833.63">rest</w>
   <w nite:id="ES2010b.B.words375" starttime="833.63" endtime="833.7">of</w>
   <w nite:id="ES2010b.B.words376" starttime="833.7" endtime="833.8">it</w>
   <w nite:id="ES2010b.B.words377" starttime="833.8" endtime="833.8" punc="true">,</w>
   <w nite:id="ES2010b.B.words378" starttime="833.8" endtime="833.89">and</w>
   <w nite:id="ES2010b.B.words379" starttime="833.89" endtime="834.04">you&#39;re</w>
   <w nite:id="ES2010b.B.words380" starttime="834.04" endtime="834.2">gonna</w>
   <w nite:id="ES2010b.B.words381" starttime="834.2" endtime="834.38">need</w>
   <w nite:id="ES2010b.B.words382" starttime="834.38" endtime="834.47">the</w>
   <w nite:id="ES2010b.B.words383" starttime="834.47" endtime="835.52">switch</w>
   <w nite:id="ES2010b.B.words384" starttime="835.52" endtime="835.52" punc="true">.</w>
   <w nite:id="ES2010b.B.words385" starttime="835.52" endtime="835.95">Um</w>
   <w nite:id="ES2010b.B.words386" starttime="835.95" endtime="836.37">extra</w>
   <w nite:id="ES2010b.B.words387" starttime="836.37" endtime="836.77">bulb</w>
   <w nite:id="ES2010b.B.words388" starttime="836.77" endtime="837.08">could</w>
   <w nite:id="ES2010b.B.words389" starttime="837.08" endtime="837.4">just</w>
   <w nite:id="ES2010b.B.words390" starttime="837.4" endtime="838.13">be</w>
   <w nite:id="ES2010b.B.words391" starttime="838.13" endtime="839.09">for</w>
   <w nite:id="ES2010b.B.words392" starttime="839.09" endtime="840.71">flashiness</w>
   <w nite:id="ES2010b.B.words393" starttime="840.71" endtime="840.71" punc="true">,</w>
   <w nite:id="ES2010b.B.words394" starttime="840.71" endtime="842.63">um</w>
   <w nite:id="ES2010b.B.words395" starttime="842.63" endtime="843.64">subcomponent</w>
   <w nite:id="ES2010b.B.words396" starttime="843.64" endtime="843.92">which</w>
   <w nite:id="ES2010b.B.words397" starttime="843.92" endtime="844.15">would</w>
   <w nite:id="ES2010b.B.words398" starttime="844.15" endtime="844.36">be</w>
   <w nite:id="ES2010b.B.words399" starttime="844.36" endtime="845.45">like</w>
   <w nite:id="ES2010b.B.words400" starttime="845.45" endtime="845.57">a</w>
   <w nite:id="ES2010b.B.words401" starttime="845.57" endtime="845.75">way</w>
   <w nite:id="ES2010b.B.words402" starttime="845.75" endtime="845.84">of</w>
   <w nite:id="ES2010b.B.words403" starttime="845.84" endtime="846.35">diverting</w>
   <w nite:id="ES2010b.B.words404" starttime="846.35" endtime="846.45">the</w>
   <w nite:id="ES2010b.B.words405" starttime="846.45" endtime="846.73">power</w>
   <w nite:id="ES2010b.B.words406" starttime="846.73" endtime="846.84">to</w>
   <w nite:id="ES2010b.B.words407" starttime="846.84" endtime="847.19">different</w>
   <w nite:id="ES2010b.B.words408" starttime="847.19" endtime="847.51">parts</w>
   <w nite:id="ES2010b.B.words409" starttime="847.51" endtime="847.63">of</w>
   <w nite:id="ES2010b.B.words410" starttime="847.63" endtime="848.36">the</w>
   <w nite:id="ES2010b.B.words411" starttime="848.36" endtime="848.45">the</w>
   <w nite:id="ES2010b.B.words412" starttime="848.45" endtime="849.45">device</w>
   <w nite:id="ES2010b.B.words413" starttime="849.45" endtime="849.45" punc="true">.</w>
   <w nite:id="ES2010b.B.words414" starttime="849.45" endtime="849.95">Um</w>
   <w nite:id="ES2010b.B.words415" starttime="849.95" endtime="850.06">the</w>
   <w nite:id="ES2010b.B.words416" starttime="850.06" endtime="850.48">chip</w>
   <w nite:id="ES2010b.B.words417" starttime="850.48" endtime="850.75">and</w>
   <w nite:id="ES2010b.B.words418" starttime="850.75" endtime="850.87">of</w>
   <w nite:id="ES2010b.B.words419" starttime="850.87" endtime="851.17">course</w>
   <w nite:id="ES2010b.B.words420" starttime="851.17" endtime="851.25">the</w>
   <w nite:id="ES2010b.B.words421" starttime="851.25" endtime="851.68">infra-red</w>
   <w nite:id="ES2010b.B.words422" starttime="851.68" endtime="851.98">bulb</w>
   <w nite:id="ES2010b.B.words423" starttime="851.98" endtime="851.98" punc="true">,</w>
   <w nite:id="ES2010b.B.words424" starttime="851.98" endtime="852.31">so</w>
   <w nite:id="ES2010b.B.words425" starttime="852.31" endtime="852.4">it</w>
   <w nite:id="ES2010b.B.words426" starttime="852.4" endtime="852.76">can</w>
   <w nite:id="ES2010b.B.words427" starttime="852.76" endtime="853.29">communicate</w>
   <w nite:id="ES2010b.B.words428" starttime="853.29" endtime="853.44">with</w>
   <w nite:id="ES2010b.B.words429" starttime="853.44" endtime="853.52">the</w>
   <w nite:id="ES2010b.B.words430" starttime="853.52" endtime="853.86">various</w>
   <w nite:id="ES2010b.B.words431" starttime="853.86" endtime="854.36">devices</w>
   <w nite:id="ES2010b.B.words432" starttime="854.36" endtime="854.54">that</w>
   <w nite:id="ES2010b.B.words433" starttime="854.54" endtime="854.66">it</w>
   <w nite:id="ES2010b.B.words434" starttime="854.66" endtime="854.93">needs</w>
   <w nite:id="ES2010b.B.words435" starttime="854.93" endtime="855.08">to</w>
   <w nite:id="ES2010b.B.words436" starttime="855.08" endtime="855.35">talk</w>
   <w nite:id="ES2010b.B.words437" starttime="855.35" endtime="855.56">to</w>
   <w nite:id="ES2010b.B.words438" starttime="855.56" endtime="855.56" punc="true">.</w>
   <w nite:id="ES2010b.B.words439" starttime="858.39" endtime="858.55">This</w>
   <w nite:id="ES2010b.B.words440" starttime="858.55" endtime="858.72">is</w>
   <w nite:id="ES2010b.B.words441" starttime="858.72" endtime="858.98">just</w>
   <w nite:id="ES2010b.B.words442" starttime="858.98" endtime="859.15">like</w>
   <w nite:id="ES2010b.B.words443" starttime="859.15" endtime="859.26">a</w>
   <w nite:id="ES2010b.B.words444" starttime="859.26" endtime="859.54">rough</w>
   <w nite:id="ES2010b.B.words445" starttime="859.54" endtime="860.82">schematic</w>
   <w nite:id="ES2010b.B.words446" starttime="860.82" endtime="860.82" punc="true">.</w>
   <w nite:id="ES2010b.B.words447" starttime="860.82" endtime="861.01">So</w>
   <w nite:id="ES2010b.B.words448" starttime="861.01" endtime="861.26">this</w>
   <w nite:id="ES2010b.B.words449" starttime="861.26" endtime="861.41">is</w>
   <w nite:id="ES2010b.B.words450" starttime="861.41" endtime="861.51">the</w>
   <w nite:id="ES2010b.B.words451" starttime="861.51" endtime="861.99">internal</w>
   <w nite:id="ES2010b.B.words452" starttime="861.99" endtime="862.62">workings</w>
   <w nite:id="ES2010b.B.words453" starttime="862.62" endtime="862.62" punc="true">.</w>
   <w nite:id="ES2010b.B.words454" starttime="864.92" endtime="865.32">Yeah</w>
   <w nite:id="ES2010b.B.words455" starttime="865.32" endtime="865.32" punc="true">.</w>
   <w nite:id="ES2010b.B.words456" starttime="873.32" endtime="873.57">Yeah</w>
   <w nite:id="ES2010b.B.words457" starttime="873.57" endtime="873.57" punc="true">,</w>
   <w nite:id="ES2010b.B.words458" starttime="873.57" endtime="873.76">so</w>
   <w nite:id="ES2010b.B.words459" starttime="873.76" endtime="873.88">you</w>
   <w nite:id="ES2010b.B.words460" starttime="873.88" endtime="874.06">don&#39;t</w>
   <w nite:id="ES2010b.B.words461" starttime="874.06" endtime="874.27">have</w>
   <w nite:id="ES2010b.B.words462" starttime="874.27" endtime="874.4">to</w>
   <w nite:id="ES2010b.B.words463" starttime="874.4" endtime="874.82">stare</w>
   <w nite:id="ES2010b.B.words464" starttime="874.82" endtime="874.95">at</w>
   <w nite:id="ES2010b.B.words465" starttime="874.95" endtime="875.11">that</w>
   <w nite:id="ES2010b.B.words466" starttime="875.11" endtime="875.73">infra-red</w>
   <w nite:id="ES2010b.B.words467" starttime="875.73" endtime="875.73" punc="true">,</w>
   <w nite:id="ES2010b.B.words468" starttime="875.73" endtime="875.93">&#39;cause</w>
   <w nite:id="ES2010b.B.words469" starttime="875.93" endtime="876.03">you</w>
   <w nite:id="ES2010b.B.words470" starttime="876.03" endtime="876.17">know</w>
   <w nite:id="ES2010b.B.words471" starttime="876.17" endtime="876.31">when</w>
   <w nite:id="ES2010b.B.words472" starttime="876.31" endtime="876.41">the</w>
   <w nite:id="ES2010b.B.words473" starttime="876.41" endtime="876.69">battery</w>
   <w nite:id="ES2010b.B.words474" starttime="876.69" endtime="877.04">starts</w>
   <w nite:id="ES2010b.B.words475" starttime="877.04" endtime="877.3">dying</w>
   <w nite:id="ES2010b.B.words476" starttime="877.3" endtime="877.4">in</w>
   <w nite:id="ES2010b.B.words477" starttime="877.4" endtime="877.51">your</w>
   <w nite:id="ES2010b.B.words478" starttime="877.51" endtime="877.94">remote</w>
   <w nite:id="ES2010b.B.words479" starttime="877.94" endtime="878.88">currently</w>
   <w nite:id="ES2010b.B.words480" starttime="878.88" endtime="878.88" punc="true">,</w>
   <w nite:id="ES2010b.B.words481" starttime="878.88" endtime="879.0">you</w>
   <w nite:id="ES2010b.B.words482" starttime="879.0" endtime="879.15">have</w>
   <w nite:id="ES2010b.B.words483" starttime="879.15" endtime="879.24">to</w>
   <w nite:id="ES2010b.B.words484" starttime="879.24" endtime="879.53">actually</w>
   <w nite:id="ES2010b.B.words485" starttime="879.53" endtime="879.81">stare</w>
   <w nite:id="ES2010b.B.words486" starttime="879.81" endtime="879.9">at</w>
   <w nite:id="ES2010b.B.words487" starttime="879.9" endtime="880.14">that</w>
   <w nite:id="ES2010b.B.words488" starttime="880.14" endtime="880.53">bulb</w>
   <w nite:id="ES2010b.B.words489" starttime="880.53" endtime="880.68">and</w>
   <w nite:id="ES2010b.B.words490" starttime="880.68" endtime="880.98">go</w>
   <w nite:id="ES2010b.B.words491" starttime="880.98" endtime="880.98" punc="true">,</w>
   <w nite:id="ES2010b.B.words492" starttime="880.98" endtime="881.99">okay</w>
   <w nite:id="ES2010b.B.words493" starttime="881.99" endtime="881.99" punc="true">,</w>
   <w nite:id="ES2010b.B.words494" starttime="881.99" endtime="882.09">when</w>
   <w nite:id="ES2010b.B.words495" starttime="882.09" endtime="882.12">I</w>
   <w nite:id="ES2010b.B.words496" starttime="882.12" endtime="882.43">push</w>
   <w nite:id="ES2010b.B.words497" starttime="882.43" endtime="882.67">this</w>
   <w nite:id="ES2010b.B.words498" starttime="882.67" endtime="882.95">button</w>
   <w nite:id="ES2010b.B.words499" starttime="882.95" endtime="882.95" punc="true">,</w>
   <w nite:id="ES2010b.B.words500" starttime="882.95" endtime="883.11">is</w>
   <w nite:id="ES2010b.B.words501" starttime="883.11" endtime="883.2">it</w>
   <w nite:id="ES2010b.B.words502" starttime="883.2" endtime="884.4">working</w>
   <w nite:id="ES2010b.B.words503" starttime="884.4" endtime="884.4" punc="true">?</w>
   <w nite:id="ES2010b.B.words504" starttime="884.4" endtime="884.52">We</w>
   <w nite:id="ES2010b.B.words505" starttime="884.52" endtime="884.67">can</w>
   <w nite:id="ES2010b.B.words506" starttime="884.67" endtime="885.0">skip</w>
   <w nite:id="ES2010b.B.words507" starttime="885.0" endtime="885.17">that</w>
   <w nite:id="ES2010b.B.words508" starttime="885.17" endtime="885.33">whole</w>
   <w nite:id="ES2010b.B.words509" starttime="885.33" endtime="886.12">thing</w>
   <w nite:id="ES2010b.B.words510" starttime="886.12" endtime="886.12" punc="true">.</w>
   <w nite:id="ES2010b.B.words511" starttime="886.12" endtime="886.36">Yep</w>
   <w nite:id="ES2010b.B.words512" starttime="886.36" endtime="886.36" punc="true">.</w>
   <w nite:id="ES2010b.B.words513" starttime="887.85" endtime="888.03">So</w>
   <w nite:id="ES2010b.B.words514" starttime="888.03" endtime="888.14">you</w>
   <w nite:id="ES2010b.B.words515" starttime="888.14" endtime="888.66">can</w>
   <w nite:id="ES2010b.B.words516" starttime="888.66" endtime="888.85">put</w>
   <w nite:id="ES2010b.B.words517" starttime="888.85" endtime="888.94">it</w>
   <w nite:id="ES2010b.B.words518" starttime="888.94" endtime="889.0">in</w>
   <w nite:id="ES2010b.B.words519" starttime="889.0" endtime="889.09">the</w>
   <w nite:id="ES2010b.B.words520" starttime="889.09" endtime="889.97">dark</w>
   <w nite:id="ES2010b.B.words521" starttime="889.97" endtime="889.97" punc="true">.</w>
   <vocalsound nite:id="ES2010b.B.words522" starttime="889.97" endtime="890.048" type="laugh"/>
   <w nite:id="ES2010b.B.words523" starttime="895.48" endtime="895.7">Yeah</w>
   <w nite:id="ES2010b.B.words524" starttime="895.7" endtime="895.7" punc="true">,</w>
   <w nite:id="ES2010b.B.words525" starttime="895.7" endtime="895.94">that&#39;s</w>
   <w nite:id="ES2010b.B.words526" starttime="895.94" endtime="896.2">it</w>
   <w nite:id="ES2010b.B.words527" starttime="896.2" endtime="896.2" punc="true">.</w>
   <w nite:id="ES2010b.B.words528" starttime="905.33" endtime="905.48">I</w>
   <w nite:id="ES2010b.B.words529" starttime="905.48" endtime="905.75">think</w>
   <w nite:id="ES2010b.B.words530" starttime="905.75" endtime="905.88">that</w>
   <w nite:id="ES2010b.B.words531" starttime="905.88" endtime="906.12">that&#39;s</w>
   <w nite:id="ES2010b.B.words532" starttime="906.12" endtime="906.18">a</w>
   <w nite:id="ES2010b.B.words533" starttime="906.18" endtime="906.34">good</w>
   <w nite:id="ES2010b.B.words534" starttime="906.34" endtime="906.7">idea</w>
   <w nite:id="ES2010b.B.words535" starttime="906.7" endtime="906.7" punc="true">,</w>
   <w nite:id="ES2010b.B.words536" starttime="906.7" endtime="907.2">because</w>
   <w nite:id="ES2010b.B.words537" starttime="907.2" endtime="907.33">you</w>
   <w nite:id="ES2010b.B.words538" starttime="907.33" endtime="907.56">know</w>
   <w nite:id="ES2010b.B.words539" starttime="907.56" endtime="908.23">that&#39;s</w>
   <w nite:id="ES2010b.B.words540" starttime="908.23" endtime="908.4">one</w>
   <w nite:id="ES2010b.B.words541" starttime="908.4" endtime="908.46">of</w>
   <w nite:id="ES2010b.B.words542" starttime="908.46" endtime="908.53">the</w>
   <w nite:id="ES2010b.B.words543" starttime="908.53" endtime="908.77">most</w>
   <w nite:id="ES2010b.B.words544" starttime="908.77" endtime="909.16">important</w>
   <w nite:id="ES2010b.B.words545" starttime="909.16" endtime="909.63">buttons</w>
   <w nite:id="ES2010b.B.words546" starttime="909.63" endtime="909.63" punc="true">.</w>
   <vocalsound nite:id="ES2010b.B.words547" starttime="971.968" endtime="971.968" type="other"/>
   <w nite:id="ES2010b.B.words548" starttime="972.52" endtime="973.07">Okay</w>
   <w nite:id="ES2010b.B.words549" starttime="973.07" endtime="973.07" punc="true">.</w>
   <w nite:id="ES2010b.B.words550" starttime="1012.23" endtime="1012.36">You</w>
   <w nite:id="ES2010b.B.words551" starttime="1012.36" endtime="1012.5">can</w>
   <w nite:id="ES2010b.B.words552" starttime="1012.5" endtime="1012.77">also</w>
   <w nite:id="ES2010b.B.words553" starttime="1012.77" endtime="1012.94">get</w>
   <w nite:id="ES2010b.B.words554" starttime="1012.94" endtime="1013.15">the</w>
   <w nite:id="ES2010b.B.words555" starttime="1013.15" endtime="1013.37">kind</w>
   <w nite:id="ES2010b.B.words556" starttime="1013.37" endtime="1013.49">of</w>
   <w nite:id="ES2010b.B.words557" starttime="1013.49" endtime="1013.62">the</w>
   <w nite:id="ES2010b.B.words558" starttime="1013.62" endtime="1014.06">T_V_</w>
   <w nite:id="ES2010b.B.words559" starttime="1014.06" endtime="1014.35">guide</w>
   <w nite:id="ES2010b.B.words560" starttime="1014.35" endtime="1014.73">so</w>
   <disfmarker nite:id="ES2010b.B.words561" starttime="1014.73" endtime="1015.296"/>
   <w nite:id="ES2010b.B.words562" starttime="1020.31" endtime="1020.57">It&#39;s</w>
   <w nite:id="ES2010b.B.words563" starttime="1020.57" endtime="1020.64">the</w>
   <w nite:id="ES2010b.B.words564" starttime="1020.64" endtime="1021.03">entire</w>
   <w nite:id="ES2010b.B.words565" starttime="1021.03" endtime="1021.51">screen</w>
   <w nite:id="ES2010b.B.words566" starttime="1021.51" endtime="1021.73">is</w>
   <w nite:id="ES2010b.B.words567" starttime="1021.73" endtime="1021.99">just</w>
   <w nite:id="ES2010b.B.words568" starttime="1021.99" endtime="1022.7">running</w>
   <w nite:id="ES2010b.B.words569" starttime="1022.7" endtime="1023.84">information</w>
   <w nite:id="ES2010b.B.words570" starttime="1023.84" endtime="1023.97">at</w>
   <w nite:id="ES2010b.B.words571" starttime="1023.97" endtime="1025.0">random</w>
   <w nite:id="ES2010b.B.words572" starttime="1025.0" endtime="1025.0" punc="true">.</w>
   <w nite:id="ES2010b.B.words573" starttime="1025.0" endtime="1025.55">Seemingly</w>
   <w nite:id="ES2010b.B.words574" starttime="1025.55" endtime="1025.55" punc="true">.</w>
   <w nite:id="ES2010b.B.words575" starttime="1041.75" endtime="1041.96">Okay</w>
   <w nite:id="ES2010b.B.words576" starttime="1041.96" endtime="1041.96" punc="true">.</w>
   <w nite:id="ES2010b.B.words577" starttime="1041.96" endtime="1042.63">So</w>
   <w nite:id="ES2010b.B.words578" starttime="1042.63" endtime="1042.63" punc="true">,</w>
   <w nite:id="ES2010b.B.words579" starttime="1042.63" endtime="1042.71">do</w>
   <w nite:id="ES2010b.B.words580" starttime="1042.71" endtime="1042.81">we</w>
   <w nite:id="ES2010b.B.words581" starttime="1042.81" endtime="1042.95">have</w>
   <w nite:id="ES2010b.B.words582" starttime="1042.95" endtime="1043.04">to</w>
   <w nite:id="ES2010b.B.words583" starttime="1043.04" endtime="1043.39">include</w>
   <w nite:id="ES2010b.B.words584" starttime="1043.39" endtime="1043.48">the</w>
   <w nite:id="ES2010b.B.words585" starttime="1043.48" endtime="1043.9">company</w>
   <w nite:id="ES2010b.B.words586" starttime="1043.9" endtime="1044.96">colour</w>
   <w nite:id="ES2010b.B.words587" starttime="1044.96" endtime="1045.32">within</w>
   <w nite:id="ES2010b.B.words588" starttime="1045.32" endtime="1045.67">that</w>
   <w nite:id="ES2010b.B.words589" starttime="1045.67" endtime="1045.67" punc="true">?</w>
   <w nite:id="ES2010b.B.words590" starttime="1106.93" endtime="1107.24">Mm</w>
   <w nite:id="ES2010b.B.words591" starttime="1107.24" endtime="1107.5">well</w>
   <w nite:id="ES2010b.B.words592" starttime="1107.5" endtime="1107.5" punc="true">,</w>
   <w nite:id="ES2010b.B.words593" starttime="1107.5" endtime="1107.72">even</w>
   <w nite:id="ES2010b.B.words594" starttime="1107.72" endtime="1107.86">if</w>
   <w nite:id="ES2010b.B.words595" starttime="1107.86" endtime="1107.99">we</w>
   <w nite:id="ES2010b.B.words596" starttime="1107.99" endtime="1108.24">kept</w>
   <w nite:id="ES2010b.B.words597" starttime="1108.24" endtime="1108.41">the</w>
   <w nite:id="ES2010b.B.words598" starttime="1108.41" endtime="1108.86">regular</w>
   <w nite:id="ES2010b.B.words599" starttime="1108.86" endtime="1109.25">standard</w>
   <w nite:id="ES2010b.B.words600" starttime="1109.25" endtime="1109.5">size</w>
   <w nite:id="ES2010b.B.words601" starttime="1109.5" endtime="1109.59">of</w>
   <w nite:id="ES2010b.B.words602" starttime="1109.59" endtime="1110.5">remote</w>
   <w nite:id="ES2010b.B.words603" starttime="1110.5" endtime="1110.5" punc="true">,</w>
   <w nite:id="ES2010b.B.words604" starttime="1110.5" endtime="1110.73">if</w>
   <w nite:id="ES2010b.B.words605" starttime="1110.73" endtime="1110.89">we</w>
   <w nite:id="ES2010b.B.words606" starttime="1110.89" endtime="1111.27">reduced</w>
   <w nite:id="ES2010b.B.words607" starttime="1111.27" endtime="1111.36">the</w>
   <w nite:id="ES2010b.B.words608" starttime="1111.36" endtime="1111.73">buttons</w>
   <w nite:id="ES2010b.B.words609" starttime="1111.73" endtime="1111.91">down</w>
   <w nite:id="ES2010b.B.words610" starttime="1111.91" endtime="1112.0">to</w>
   <w nite:id="ES2010b.B.words611" starttime="1112.0" endtime="1112.11">the</w>
   <w nite:id="ES2010b.B.words612" starttime="1112.11" endtime="1112.37">ones</w>
   <w nite:id="ES2010b.B.words613" starttime="1112.37" endtime="1112.51">that</w>
   <w nite:id="ES2010b.B.words614" starttime="1112.51" endtime="1112.8">people</w>
   <w nite:id="ES2010b.B.words615" starttime="1112.8" endtime="1112.91">are</w>
   <w nite:id="ES2010b.B.words616" starttime="1112.91" endtime="1113.13">saying</w>
   <w nite:id="ES2010b.B.words617" starttime="1113.13" endtime="1113.3">that</w>
   <w nite:id="ES2010b.B.words618" starttime="1113.3" endtime="1113.42">they</w>
   <w nite:id="ES2010b.B.words619" starttime="1113.42" endtime="1113.67">use</w>
   <w nite:id="ES2010b.B.words620" starttime="1113.67" endtime="1113.74">the</w>
   <w nite:id="ES2010b.B.words621" starttime="1113.74" endtime="1114.04">most</w>
   <w nite:id="ES2010b.B.words622" starttime="1114.04" endtime="1114.73">often</w>
   <w nite:id="ES2010b.B.words623" starttime="1114.73" endtime="1114.9">and</w>
   <w nite:id="ES2010b.B.words624" starttime="1114.9" endtime="1114.94">a</w>
   <w nite:id="ES2010b.B.words625" starttime="1114.94" endtime="1115.33">couple</w>
   <w nite:id="ES2010b.B.words626" starttime="1115.33" endtime="1116.17">extra</w>
   <w nite:id="ES2010b.B.words627" starttime="1116.17" endtime="1116.17" punc="true">,</w>
   <w nite:id="ES2010b.B.words628" starttime="1116.17" endtime="1116.31">&#39;cause</w>
   <w nite:id="ES2010b.B.words629" starttime="1116.31" endtime="1116.43">they&#39;re</w>
   <w nite:id="ES2010b.B.words630" starttime="1116.43" endtime="1116.64">saying</w>
   <w nite:id="ES2010b.B.words631" starttime="1116.64" endtime="1116.78">they</w>
   <w nite:id="ES2010b.B.words632" starttime="1116.78" endtime="1116.99">only</w>
   <w nite:id="ES2010b.B.words633" starttime="1116.99" endtime="1117.25">use</w>
   <w nite:id="ES2010b.B.words634" starttime="1117.25" endtime="1117.41">ten</w>
   <w nite:id="ES2010b.B.words635" starttime="1117.41" endtime="1117.52">per</w>
   <w nite:id="ES2010b.B.words636" starttime="1117.52" endtime="1117.76">cent</w>
   <w nite:id="ES2010b.B.words637" starttime="1117.76" endtime="1117.85">of</w>
   <w nite:id="ES2010b.B.words638" starttime="1117.85" endtime="1118.72">them</w>
   <w nite:id="ES2010b.B.words639" starttime="1118.72" endtime="1118.72" punc="true">,</w>
   <w nite:id="ES2010b.B.words640" starttime="1118.72" endtime="1119.55">then</w>
   <w nite:id="ES2010b.B.words641" starttime="1119.55" endtime="1119.73">we</w>
   <w nite:id="ES2010b.B.words642" starttime="1119.73" endtime="1119.95">should</w>
   <w nite:id="ES2010b.B.words643" starttime="1119.95" endtime="1120.03">be</w>
   <w nite:id="ES2010b.B.words644" starttime="1120.03" endtime="1120.24">able</w>
   <w nite:id="ES2010b.B.words645" starttime="1120.24" endtime="1120.6">to</w>
   <w nite:id="ES2010b.B.words646" starttime="1120.6" endtime="1121.51">accommodate</w>
   <w nite:id="ES2010b.B.words647" starttime="1121.51" endtime="1121.8">fairly</w>
   <w nite:id="ES2010b.B.words648" starttime="1121.8" endtime="1122.11">decent</w>
   <w nite:id="ES2010b.B.words649" starttime="1122.11" endtime="1122.45">sized</w>
   <w nite:id="ES2010b.B.words650" starttime="1122.45" endtime="1122.89">buttons</w>
   <w nite:id="ES2010b.B.words651" starttime="1122.89" endtime="1122.89" punc="true">.</w>
   <w nite:id="ES2010b.B.words652" starttime="1137.63" endtime="1138.01">Most</w>
   <w nite:id="ES2010b.B.words653" starttime="1138.01" endtime="1138.07">of</w>
   <w nite:id="ES2010b.B.words654" starttime="1138.07" endtime="1138.23">them</w>
   <w nite:id="ES2010b.B.words655" starttime="1138.23" endtime="1138.42">will</w>
   <w nite:id="ES2010b.B.words656" starttime="1138.42" endtime="1139.09">intuitively</w>
   <w nite:id="ES2010b.B.words657" starttime="1139.09" endtime="1139.31">pick</w>
   <w nite:id="ES2010b.B.words658" starttime="1139.31" endtime="1139.4">it</w>
   <w nite:id="ES2010b.B.words659" starttime="1139.4" endtime="1139.59">up</w>
   <w nite:id="ES2010b.B.words660" starttime="1139.59" endtime="1139.68">though</w>
   <w nite:id="ES2010b.B.words661" starttime="1139.68" endtime="1139.68" punc="true">.</w>
   <gap nite:id="ES2010b.B.words662" starttime="1159.483" endtime="1160.084"/>
   <gap nite:id="ES2010b.B.words663" starttime="1170.852" endtime="1170.852"/>
   <w nite:id="ES2010b.B.words664" starttime="1171.48" endtime="1171.65">how</w>
   <w nite:id="ES2010b.B.words665" starttime="1171.65" endtime="1171.82">&#39;bout</w>
   <w nite:id="ES2010b.B.words666" starttime="1171.82" endtime="1172.15">little</w>
   <w nite:id="ES2010b.B.words667" starttime="1172.15" endtime="1172.3">to</w>
   <w nite:id="ES2010b.B.words668" starttime="1172.3" endtime="1172.66">no</w>
   <w nite:id="ES2010b.B.words669" starttime="1172.66" endtime="1172.66" punc="true">,</w>
   <w nite:id="ES2010b.B.words670" starttime="1172.66" endtime="1173.87">because</w>
   <w nite:id="ES2010b.B.words671" starttime="1173.87" endtime="1174.0">there</w>
   <w nite:id="ES2010b.B.words672" starttime="1174.0" endtime="1174.12">is</w>
   <w nite:id="ES2010b.B.words673" starttime="1174.12" endtime="1174.28">no</w>
   <w nite:id="ES2010b.B.words674" starttime="1174.28" endtime="1174.45">way</w>
   <w nite:id="ES2010b.B.words675" starttime="1174.45" endtime="1174.54">that</w>
   <w nite:id="ES2010b.B.words676" starttime="1174.54" endtime="1174.63">you</w>
   <w nite:id="ES2010b.B.words677" starttime="1174.63" endtime="1174.67">are</w>
   <w nite:id="ES2010b.B.words678" starttime="1174.67" endtime="1174.89">gonna</w>
   <w nite:id="ES2010b.B.words679" starttime="1174.89" endtime="1174.99">be</w>
   <w nite:id="ES2010b.B.words680" starttime="1174.99" endtime="1175.13">able</w>
   <w nite:id="ES2010b.B.words681" starttime="1175.13" endtime="1175.21">to</w>
   <w nite:id="ES2010b.B.words682" starttime="1175.21" endtime="1175.43">make</w>
   <w nite:id="ES2010b.B.words683" starttime="1175.43" endtime="1175.78">it</w>
   <w nite:id="ES2010b.B.words684" starttime="1175.78" endtime="1176.45">no</w>
   <w nite:id="ES2010b.B.words685" starttime="1176.45" endtime="1176.45" punc="true">.</w>
   <w nite:id="ES2010b.B.words686" starttime="1244.84" endtime="1244.99">Do</w>
   <w nite:id="ES2010b.B.words687" starttime="1244.99" endtime="1245.13">we</w>
   <w nite:id="ES2010b.B.words688" starttime="1245.13" endtime="1245.39">want</w>
   <w nite:id="ES2010b.B.words689" starttime="1245.39" endtime="1245.58">this</w>
   <w nite:id="ES2010b.B.words690" starttime="1245.58" endtime="1245.8">thing</w>
   <w nite:id="ES2010b.B.words691" starttime="1245.8" endtime="1245.91">to</w>
   <w nite:id="ES2010b.B.words692" starttime="1245.91" endtime="1246.03">be</w>
   <w nite:id="ES2010b.B.words693" starttime="1246.03" endtime="1246.24">able</w>
   <w nite:id="ES2010b.B.words694" starttime="1246.24" endtime="1247.14">to</w>
   <w nite:id="ES2010b.B.words695" starttime="1247.14" endtime="1248.29">be</w>
   <w nite:id="ES2010b.B.words696" starttime="1248.29" endtime="1248.67">found</w>
   <w nite:id="ES2010b.B.words697" starttime="1248.67" endtime="1249.54">easily</w>
   <w nite:id="ES2010b.B.words698" starttime="1249.54" endtime="1249.54" punc="true">?</w>
   <w nite:id="ES2010b.B.words699" starttime="1254.98" endtime="1255.33">And</w>
   <w nite:id="ES2010b.B.words700" starttime="1256.4" endtime="1256.66">like</w>
   <w nite:id="ES2010b.B.words701" starttime="1256.66" endtime="1256.8">if</w>
   <w nite:id="ES2010b.B.words702" starttime="1256.8" endtime="1256.99">this</w>
   <w nite:id="ES2010b.B.words703" starttime="1256.99" endtime="1257.11">is</w>
   <w nite:id="ES2010b.B.words704" starttime="1257.11" endtime="1257.29">gonna</w>
   <w nite:id="ES2010b.B.words705" starttime="1257.29" endtime="1257.48">get</w>
   <w nite:id="ES2010b.B.words706" starttime="1257.48" endtime="1257.88">lost</w>
   <w nite:id="ES2010b.B.words707" starttime="1257.88" endtime="1258.26">underneath</w>
   <w nite:id="ES2010b.B.words708" starttime="1258.26" endtime="1258.38">the</w>
   <w nite:id="ES2010b.B.words709" starttime="1258.38" endtime="1259.05">coach</w>
   <w nite:id="ES2010b.B.words710" starttime="1259.05" endtime="1259.05" punc="true">,</w>
   <w nite:id="ES2010b.B.words711" starttime="1259.05" endtime="1259.38">how</w>
   <w nite:id="ES2010b.B.words712" starttime="1259.38" endtime="1259.48">are</w>
   <w nite:id="ES2010b.B.words713" starttime="1259.48" endtime="1259.64">we</w>
   <w nite:id="ES2010b.B.words714" starttime="1259.64" endtime="1259.88">going</w>
   <w nite:id="ES2010b.B.words715" starttime="1259.88" endtime="1260.71">to</w>
   <w nite:id="ES2010b.B.words716" starttime="1260.71" endtime="1261.65">accommodate</w>
   <w nite:id="ES2010b.B.words717" starttime="1261.65" endtime="1261.91">the</w>
   <w nite:id="ES2010b.B.words718" starttime="1261.91" endtime="1262.18">quick</w>
   <w nite:id="ES2010b.B.words719" starttime="1262.18" endtime="1262.6">ability</w>
   <w nite:id="ES2010b.B.words720" starttime="1262.6" endtime="1262.71">to</w>
   <w nite:id="ES2010b.B.words721" starttime="1262.71" endtime="1263.04">find</w>
   <w nite:id="ES2010b.B.words722" starttime="1263.04" endtime="1263.2">it</w>
   <w nite:id="ES2010b.B.words723" starttime="1263.2" endtime="1263.2" punc="true">?</w>
   <w nite:id="ES2010b.B.words724" starttime="1272.43" endtime="1272.54">What</w>
   <w nite:id="ES2010b.B.words725" starttime="1272.54" endtime="1272.68">if</w>
   <w nite:id="ES2010b.B.words726" starttime="1272.68" endtime="1272.81">we</w>
   <w nite:id="ES2010b.B.words727" starttime="1272.81" endtime="1273.02">gave</w>
   <w nite:id="ES2010b.B.words728" starttime="1273.02" endtime="1273.12">it</w>
   <w nite:id="ES2010b.B.words729" starttime="1273.12" endtime="1273.19">a</w>
   <w nite:id="ES2010b.B.words730" starttime="1273.19" endtime="1274.37">charger</w>
   <w nite:id="ES2010b.B.words731" starttime="1274.37" endtime="1274.37" punc="true">?</w>
   <w nite:id="ES2010b.B.words732" starttime="1274.37" endtime="1274.56">And</w>
   <w nite:id="ES2010b.B.words733" starttime="1274.56" endtime="1274.66">on</w>
   <w nite:id="ES2010b.B.words734" starttime="1274.66" endtime="1274.75">the</w>
   <w nite:id="ES2010b.B.words735" starttime="1274.75" endtime="1275.08">charger</w>
   <w nite:id="ES2010b.B.words736" starttime="1275.08" endtime="1275.08" punc="true">,</w>
   <w nite:id="ES2010b.B.words737" starttime="1275.08" endtime="1275.33">just</w>
   <w nite:id="ES2010b.B.words738" starttime="1275.33" endtime="1275.45">like</w>
   <w nite:id="ES2010b.B.words739" starttime="1275.45" endtime="1275.54">a</w>
   <w nite:id="ES2010b.B.words740" starttime="1275.54" endtime="1276.17">phone</w>
   <w nite:id="ES2010b.B.words741" starttime="1276.17" endtime="1276.17" punc="true">,</w>
   <w nite:id="ES2010b.B.words742" starttime="1276.17" endtime="1276.45">like</w>
   <w nite:id="ES2010b.B.words743" starttime="1276.45" endtime="1276.56">you</w>
   <w nite:id="ES2010b.B.words744" starttime="1276.56" endtime="1276.68">get</w>
   <w nite:id="ES2010b.B.words745" starttime="1276.68" endtime="1276.74">a</w>
   <w nite:id="ES2010b.B.words746" starttime="1276.74" endtime="1277.05">portable</w>
   <w nite:id="ES2010b.B.words747" starttime="1277.05" endtime="1277.37">phone</w>
   <w nite:id="ES2010b.B.words748" starttime="1277.37" endtime="1277.48">and</w>
   <w nite:id="ES2010b.B.words749" starttime="1277.48" endtime="1277.62">it&#39;s</w>
   <w nite:id="ES2010b.B.words750" starttime="1277.62" endtime="1277.78">got</w>
   <w nite:id="ES2010b.B.words751" starttime="1277.78" endtime="1277.83">a</w>
   <w nite:id="ES2010b.B.words752" starttime="1277.83" endtime="1278.25">charger</w>
   <w nite:id="ES2010b.B.words753" starttime="1278.25" endtime="1278.25" punc="true">,</w>
   <w nite:id="ES2010b.B.words754" starttime="1278.25" endtime="1278.34">and</w>
   <w nite:id="ES2010b.B.words755" starttime="1278.34" endtime="1278.45">if</w>
   <w nite:id="ES2010b.B.words756" starttime="1278.45" endtime="1278.57">you</w>
   <w nite:id="ES2010b.B.words757" starttime="1278.57" endtime="1278.81" trunc="true">d</w>
   <w nite:id="ES2010b.B.words758" starttime="1278.81" endtime="1279.07">leave</w>
   <w nite:id="ES2010b.B.words759" starttime="1279.07" endtime="1279.21">your</w>
   <w nite:id="ES2010b.B.words760" starttime="1279.21" endtime="1279.56">phone</w>
   <w nite:id="ES2010b.B.words761" starttime="1279.56" endtime="1280.63">somewhere</w>
   <w nite:id="ES2010b.B.words762" starttime="1280.63" endtime="1280.63" punc="true">,</w>
   <w nite:id="ES2010b.B.words763" starttime="1280.63" endtime="1280.76">you</w>
   <w nite:id="ES2010b.B.words764" starttime="1280.76" endtime="1281.03">push</w>
   <w nite:id="ES2010b.B.words765" starttime="1281.03" endtime="1281.13">the</w>
   <w nite:id="ES2010b.B.words766" starttime="1281.13" endtime="1281.38">button</w>
   <w nite:id="ES2010b.B.words767" starttime="1281.38" endtime="1281.51">to</w>
   <w nite:id="ES2010b.B.words768" starttime="1281.51" endtime="1281.83">find</w>
   <w nite:id="ES2010b.B.words769" starttime="1281.83" endtime="1282.27">it</w>
   <w nite:id="ES2010b.B.words770" starttime="1282.27" endtime="1282.27" punc="true">,</w>
   <w nite:id="ES2010b.B.words771" starttime="1282.27" endtime="1282.37">and</w>
   <w nite:id="ES2010b.B.words772" starttime="1282.37" endtime="1282.48">it</w>
   <w nite:id="ES2010b.B.words773" starttime="1282.48" endtime="1283.69">finds</w>
   <w nite:id="ES2010b.B.words774" starttime="1283.69" endtime="1283.82" trunc="true">th</w>
   <w nite:id="ES2010b.B.words775" starttime="1283.82" endtime="1284.0">the</w>
   <w nite:id="ES2010b.B.words776" starttime="1284.0" endtime="1284.35">phone</w>
   <w nite:id="ES2010b.B.words777" starttime="1284.35" endtime="1284.68">beeps</w>
   <w nite:id="ES2010b.B.words778" starttime="1284.68" endtime="1284.82">for</w>
   <w nite:id="ES2010b.B.words779" starttime="1284.82" endtime="1284.99">you</w>
   <w nite:id="ES2010b.B.words780" starttime="1284.99" endtime="1284.99" punc="true">.</w>
   <w nite:id="ES2010b.B.words781" starttime="1287.01" endtime="1287.14">It&#39;s</w>
   <w nite:id="ES2010b.B.words782" starttime="1287.14" endtime="1287.48">useful</w>
   <w nite:id="ES2010b.B.words783" starttime="1287.48" endtime="1287.68">for</w>
   <w nite:id="ES2010b.B.words784" starttime="1287.68" endtime="1287.8">the</w>
   <w nite:id="ES2010b.B.words785" starttime="1287.8" endtime="1288.11">remote</w>
   <w nite:id="ES2010b.B.words786" starttime="1288.11" endtime="1288.87">phone</w>
   <w nite:id="ES2010b.B.words787" starttime="1288.87" endtime="1288.87" punc="true">.</w>
   <w nite:id="ES2010b.B.words788" starttime="1300.31" endtime="1300.71">Yeah</w>
   <w nite:id="ES2010b.B.words789" starttime="1300.71" endtime="1300.71" punc="true">.</w>
   <w nite:id="ES2010b.B.words790" starttime="1303.44" endtime="1304.0">Rechargeable</w>
   <w nite:id="ES2010b.B.words791" starttime="1304.0" endtime="1304.43">batteries</w>
   <w nite:id="ES2010b.B.words792" starttime="1304.43" endtime="1304.87">are</w>
   <w nite:id="ES2010b.B.words793" starttime="1304.87" endtime="1305.31">cheaper</w>
   <w nite:id="ES2010b.B.words794" starttime="1305.31" endtime="1306.1">usually</w>
   <w nite:id="ES2010b.B.words795" starttime="1306.1" endtime="1306.1" punc="true">.</w>
   <vocalsound nite:id="ES2010b.B.words796" starttime="1373.168" endtime="1374.4" type="laugh"/>
   <w nite:id="ES2010b.B.words797" starttime="1445.03" endtime="1445.53">Yeah</w>
   <w nite:id="ES2010b.B.words798" starttime="1445.53" endtime="1445.53" punc="true">.</w>
   <w nite:id="ES2010b.B.words799" starttime="1451.8" endtime="1451.86">I</w>
   <w nite:id="ES2010b.B.words800" starttime="1451.86" endtime="1452.05">think</w>
   <w nite:id="ES2010b.B.words801" starttime="1452.05" endtime="1452.28">people</w>
   <w nite:id="ES2010b.B.words802" starttime="1452.28" endtime="1452.4">would</w>
   <w nite:id="ES2010b.B.words803" starttime="1452.4" endtime="1452.62">find</w>
   <w nite:id="ES2010b.B.words804" starttime="1452.62" endtime="1452.76">that</w>
   <w nite:id="ES2010b.B.words805" starttime="1452.76" endtime="1452.91">too</w>
   <w nite:id="ES2010b.B.words806" starttime="1452.91" endtime="1453.43">foreign</w>
   <w nite:id="ES2010b.B.words807" starttime="1453.43" endtime="1453.43" punc="true">.</w>
   <w nite:id="ES2010b.B.words808" starttime="1470.14" endtime="1470.29">It&#39;s</w>
   <w nite:id="ES2010b.B.words809" starttime="1470.29" endtime="1470.47">when</w>
   <w nite:id="ES2010b.B.words810" starttime="1470.47" endtime="1470.54">we</w>
   <w nite:id="ES2010b.B.words811" starttime="1470.54" endtime="1470.73">get</w>
   <w nite:id="ES2010b.B.words812" starttime="1470.73" endtime="1471.51">satellite</w>
   <w nite:id="ES2010b.B.words813" starttime="1471.51" endtime="1471.51" punc="true">.</w>
   <w nite:id="ES2010b.B.words814" starttime="1474.98" endtime="1475.53">Yeah</w>
   <w nite:id="ES2010b.B.words815" starttime="1475.53" endtime="1475.53" punc="true">.</w>
   <w nite:id="ES2010b.B.words816" starttime="1493.65" endtime="1493.89">Yeah</w>
   <w nite:id="ES2010b.B.words817" starttime="1493.89" endtime="1493.89" punc="true">,</w>
   <w nite:id="ES2010b.B.words818" starttime="1493.89" endtime="1494.06">&#39;cause</w>
   <w nite:id="ES2010b.B.words819" starttime="1494.06" endtime="1494.11">I</w>
   <w nite:id="ES2010b.B.words820" starttime="1494.11" endtime="1494.31">don&#39;t</w>
   <w nite:id="ES2010b.B.words821" starttime="1494.31" endtime="1494.44">have</w>
   <w nite:id="ES2010b.B.words822" starttime="1494.44" endtime="1494.57">any</w>
   <w nite:id="ES2010b.B.words823" starttime="1494.57" endtime="1495.11">material</w>
   <w nite:id="ES2010b.B.words824" starttime="1495.11" endtime="1495.55">pricing</w>
   <w nite:id="ES2010b.B.words825" starttime="1495.55" endtime="1496.06">information</w>
   <w nite:id="ES2010b.B.words826" starttime="1496.06" endtime="1496.48">available</w>
   <w nite:id="ES2010b.B.words827" starttime="1496.48" endtime="1496.59">to</w>
   <w nite:id="ES2010b.B.words828" starttime="1496.59" endtime="1496.69">me</w>
   <w nite:id="ES2010b.B.words829" starttime="1496.69" endtime="1496.81">at</w>
   <w nite:id="ES2010b.B.words830" starttime="1496.81" endtime="1496.9">the</w>
   <w nite:id="ES2010b.B.words831" starttime="1496.9" endtime="1497.2">moment</w>
   <w nite:id="ES2010b.B.words832" starttime="1497.2" endtime="1497.2" punc="true">,</w>
   <w nite:id="ES2010b.B.words833" starttime="1497.2" endtime="1497.61">so</w>
   <disfmarker nite:id="ES2010b.B.words834" starttime="1497.61" endtime="1497.664"/>
   <w nite:id="ES2010b.B.words835" starttime="1509.38" endtime="1509.79">R_</w>
   <w nite:id="ES2010b.B.words836" starttime="1509.79" endtime="1509.92">the</w>
   <w nite:id="ES2010b.B.words837" starttime="1509.92" endtime="1510.24">double</w>
   <w nite:id="ES2010b.B.words838" starttime="1510.24" endtime="1511.66">R_</w>
   <w nite:id="ES2010b.B.words839" starttime="1511.66" endtime="1511.66" punc="true">.</w>
   <w nite:id="ES2010b.B.words840" starttime="1514.4" endtime="1514.54">Or</w>
   <w nite:id="ES2010b.B.words841" starttime="1514.54" endtime="1514.67">is</w>
   <w nite:id="ES2010b.B.words842" starttime="1514.67" endtime="1514.94">the</w>
   <w nite:id="ES2010b.B.words843" starttime="1514.94" endtime="1515.3" trunc="true">l</w>
   <w nite:id="ES2010b.B.words844" starttime="1518.17" endtime="1518.98">Yeah</w>
   <w nite:id="ES2010b.B.words845" starttime="1518.98" endtime="1518.98" punc="true">,</w>
   <vocalsound nite:id="ES2010b.B.words846" starttime="1518.98" endtime="1518.98" type="other"/>
   <w nite:id="ES2010b.B.words847" starttime="1518.98" endtime="1519.31">yellow</w>
   <w nite:id="ES2010b.B.words848" starttime="1519.31" endtime="1519.49">could</w>
   <w nite:id="ES2010b.B.words849" starttime="1519.49" endtime="1519.66">be</w>
   <w nite:id="ES2010b.B.words850" starttime="1519.66" endtime="1519.83">and</w>
   <w nite:id="ES2010b.B.words851" starttime="1519.83" endtime="1519.93">it</w>
   <w nite:id="ES2010b.B.words852" starttime="1519.93" endtime="1520.32">could</w>
   <disfmarker nite:id="ES2010b.B.words853" starttime="1520.32" endtime="1520.32"/>
   <w nite:id="ES2010b.B.words854" starttime="1520.32" endtime="1520.61">doesn&#39;t</w>
   <w nite:id="ES2010b.B.words855" starttime="1520.61" endtime="1520.79">have</w>
   <w nite:id="ES2010b.B.words856" starttime="1520.79" endtime="1520.92">to</w>
   <w nite:id="ES2010b.B.words857" starttime="1520.92" endtime="1521.03">be</w>
   <w nite:id="ES2010b.B.words858" starttime="1521.03" endtime="1521.6">huge</w>
   <w nite:id="ES2010b.B.words859" starttime="1521.6" endtime="1521.6" punc="true">.</w>
   <w nite:id="ES2010b.B.words860" starttime="1637.48" endtime="1637.83">Mm-hmm</w>
   <w nite:id="ES2010b.B.words861" starttime="1637.83" endtime="1637.83" punc="true">.</w>
   <w nite:id="ES2010b.B.words862" starttime="1686.43" endtime="1686.49">I</w>
   <w nite:id="ES2010b.B.words863" starttime="1686.49" endtime="1686.79">had</w>
   <w nite:id="ES2010b.B.words864" starttime="1686.79" endtime="1687.11">something</w>
   <w nite:id="ES2010b.B.words865" starttime="1687.11" endtime="1687.11" punc="true">,</w>
   <w nite:id="ES2010b.B.words866" starttime="1687.11" endtime="1687.25">but</w>
   <w nite:id="ES2010b.B.words867" starttime="1687.25" endtime="1687.3">I</w>
   <w nite:id="ES2010b.B.words868" starttime="1687.3" endtime="1687.55">forgot</w>
   <w nite:id="ES2010b.B.words869" starttime="1687.55" endtime="1687.55" punc="true">.</w>
</nite:root>