<?xml version="1.0" encoding="ISO-8859-1" standalone="yes"?>
<nite:root nite:id="ES2005d.A.words" xmlns:nite="http://nite.sourceforge.net/">
   <w nite:id="ES2005d.A.words0" starttime="41.74" endtime="42.43">Okay</w>
   <w nite:id="ES2005d.A.words1" starttime="42.43" endtime="42.43" punc="true">,</w>
   <w nite:id="ES2005d.A.words2" starttime="42.43" endtime="42.82">almost</w>
   <w nite:id="ES2005d.A.words3" starttime="42.82" endtime="43.09">there</w>
   <w nite:id="ES2005d.A.words4" starttime="43.09" endtime="43.09" punc="true">.</w>
   <w nite:id="ES2005d.A.words5" starttime="51.06" endtime="51.4">Yeah</w>
   <w nite:id="ES2005d.A.words6" starttime="51.4" endtime="51.4" punc="true">,</w>
   <w nite:id="ES2005d.A.words7" starttime="51.4" endtime="51.73">yeah</w>
   <w nite:id="ES2005d.A.words8" starttime="51.73" endtime="51.73" punc="true">.</w>
   <w nite:id="ES2005d.A.words9" starttime="60.45" endtime="61.01">Okay</w>
   <w nite:id="ES2005d.A.words10" starttime="61.01" endtime="61.01" punc="true">.</w>
   <vocalsound nite:id="ES2005d.A.words11" starttime="71.824" endtime="72.288" type="cough"/>
   <w nite:id="ES2005d.A.words12" starttime="86.23" endtime="86.5">Yeah</w>
   <w nite:id="ES2005d.A.words13" starttime="86.5" endtime="86.5" punc="true">,</w>
   <w nite:id="ES2005d.A.words14" starttime="86.5" endtime="86.68">there&#39;s</w>
   <w nite:id="ES2005d.A.words15" starttime="86.68" endtime="86.83">good</w>
   <w nite:id="ES2005d.A.words16" starttime="86.83" endtime="87.92">news</w>
   <w nite:id="ES2005d.A.words17" starttime="87.92" endtime="87.92" punc="true">?</w>
   <w nite:id="ES2005d.A.words18" starttime="87.92" endtime="88.25">Oh</w>
   <w nite:id="ES2005d.A.words19" starttime="88.25" endtime="88.25" punc="true">.</w>
   <w nite:id="ES2005d.A.words20" starttime="92.32" endtime="93.18">Oh</w>
   <w nite:id="ES2005d.A.words21" starttime="93.18" endtime="93.18" punc="true">.</w>
   <w nite:id="ES2005d.A.words22" starttime="94.37" endtime="95.1">Cutbacks</w>
   <w nite:id="ES2005d.A.words23" starttime="95.1" endtime="95.1" punc="true">.</w>
   <vocalsound nite:id="ES2005d.A.words24" starttime="96.144" endtime="96.56" type="laugh"/>
   <w nite:id="ES2005d.A.words25" starttime="98.8" endtime="99.21">Hmm</w>
   <w nite:id="ES2005d.A.words26" starttime="99.21" endtime="99.21" punc="true">.</w>
   <w nite:id="ES2005d.A.words27" starttime="120.92" endtime="121.59">Okay</w>
   <w nite:id="ES2005d.A.words28" starttime="121.59" endtime="121.59" punc="true">.</w>
   <w nite:id="ES2005d.A.words29" starttime="124.57" endtime="124.86">Oh</w>
   <w nite:id="ES2005d.A.words30" starttime="124.86" endtime="124.86" punc="true">.</w>
   <w nite:id="ES2005d.A.words31" starttime="126.64" endtime="127.05">Um</w>
   <w nite:id="ES2005d.A.words32" starttime="127.05" endtime="127.21">maybe</w>
   <w nite:id="ES2005d.A.words33" starttime="127.21" endtime="127.3">we</w>
   <w nite:id="ES2005d.A.words34" starttime="127.3" endtime="127.44">should</w>
   <w nite:id="ES2005d.A.words35" starttime="127.44" endtime="128.0">bring</w>
   <gap nite:id="ES2005d.A.words36" starttime="128.0" endtime="128.0"/>
   <w nite:id="ES2005d.A.words37" starttime="128.0" endtime="128.14">so</w>
   <w nite:id="ES2005d.A.words38" starttime="128.14" endtime="128.25">that</w>
   <w nite:id="ES2005d.A.words39" starttime="128.25" endtime="128.32">the</w>
   <w nite:id="ES2005d.A.words40" starttime="128.32" endtime="128.67">camera</w>
   <w nite:id="ES2005d.A.words41" starttime="128.67" endtime="128.85">can</w>
   <w nite:id="ES2005d.A.words42" starttime="128.85" endtime="129.08">see</w>
   <gap nite:id="ES2005d.A.words43" starttime="129.08" endtime="129.08"/>
   <w nite:id="ES2005d.A.words44" starttime="129.08" endtime="129.08" punc="true">.</w>
   <w nite:id="ES2005d.A.words45" starttime="129.08" endtime="130.22">Yeah</w>
   <w nite:id="ES2005d.A.words46" starttime="130.22" endtime="130.22" punc="true">.</w>
   <w nite:id="ES2005d.A.words47" starttime="131.25" endtime="131.52">Okay</w>
   <w nite:id="ES2005d.A.words48" starttime="131.52" endtime="131.52" punc="true">.</w>
   <vocalsound nite:id="ES2005d.A.words49" starttime="147.504" endtime="151.239" type="laugh"/>
   <gap nite:id="ES2005d.A.words50" starttime="198.252" endtime="199.92"/>
   <vocalsound nite:id="ES2005d.A.words51" starttime="207.812" endtime="210.988" type="laugh"/>
   <w nite:id="ES2005d.A.words52" starttime="264.64" endtime="264.87">Mm</w>
   <w nite:id="ES2005d.A.words53" starttime="264.87" endtime="264.87" punc="true">.</w>
   <w nite:id="ES2005d.A.words54" starttime="312.74" endtime="312.88">Oh</w>
   <w nite:id="ES2005d.A.words55" starttime="312.88" endtime="313.33">yeah</w>
   <w nite:id="ES2005d.A.words56" starttime="313.33" endtime="313.33" punc="true">,</w>
   <w nite:id="ES2005d.A.words57" starttime="313.33" endtime="313.63">yeah</w>
   <w nite:id="ES2005d.A.words58" starttime="313.63" endtime="313.63" punc="true">.</w>
   <w nite:id="ES2005d.A.words59" starttime="315.07" endtime="315.3">This</w>
   <w nite:id="ES2005d.A.words60" starttime="315.3" endtime="315.53">one</w>
   <w nite:id="ES2005d.A.words61" starttime="315.53" endtime="315.74">is</w>
   <w nite:id="ES2005d.A.words62" starttime="315.74" endtime="316.48">uh</w>
   <w nite:id="ES2005d.A.words63" starttime="316.48" endtime="316.48" punc="true">,</w>
   <w nite:id="ES2005d.A.words64" starttime="316.48" endtime="316.58">I</w>
   <w nite:id="ES2005d.A.words65" starttime="316.58" endtime="316.96">suppose</w>
   <w nite:id="ES2005d.A.words66" starttime="316.96" endtime="317.11">for</w>
   <w nite:id="ES2005d.A.words67" starttime="317.11" endtime="317.19">the</w>
   <w nite:id="ES2005d.A.words68" starttime="317.19" endtime="317.47">younger</w>
   <w nite:id="ES2005d.A.words69" starttime="317.47" endtime="318.14">audiences</w>
   <w nite:id="ES2005d.A.words70" starttime="318.14" endtime="318.14" punc="true">.</w>
   <w nite:id="ES2005d.A.words71" starttime="319.22" endtime="319.44">A</w>
   <w nite:id="ES2005d.A.words72" starttime="319.44" endtime="319.52">a</w>
   <w nite:id="ES2005d.A.words73" starttime="319.52" endtime="319.73">more</w>
   <w nite:id="ES2005d.A.words74" starttime="319.73" endtime="320.22">friendly</w>
   <w nite:id="ES2005d.A.words75" starttime="320.22" endtime="320.54">type</w>
   <w nite:id="ES2005d.A.words76" starttime="320.54" endtime="320.74">of</w>
   <disfmarker nite:id="ES2005d.A.words77" starttime="320.74" endtime="320.941"/>
   <w nite:id="ES2005d.A.words78" starttime="322.05" endtime="322.55">Right</w>
   <w nite:id="ES2005d.A.words79" starttime="322.55" endtime="322.55" punc="true">,</w>
   <w nite:id="ES2005d.A.words80" starttime="322.55" endtime="322.84">right</w>
   <w nite:id="ES2005d.A.words81" starttime="322.84" endtime="322.84" punc="true">.</w>
   <w nite:id="ES2005d.A.words82" starttime="322.84" endtime="323.1">It&#39;s</w>
   <w nite:id="ES2005d.A.words83" starttime="323.1" endtime="323.33">to</w>
   <w nite:id="ES2005d.A.words84" starttime="323.33" endtime="324.13">uh</w>
   <w nite:id="ES2005d.A.words85" starttime="324.13" endtime="324.6">induce</w>
   <w nite:id="ES2005d.A.words86" starttime="324.6" endtime="325.38">more</w>
   <w nite:id="ES2005d.A.words87" starttime="325.38" endtime="325.92">television</w>
   <w nite:id="ES2005d.A.words88" starttime="325.92" endtime="326.33">watching</w>
   <w nite:id="ES2005d.A.words89" starttime="326.33" endtime="326.36">I</w>
   <w nite:id="ES2005d.A.words90" starttime="326.36" endtime="326.83">suppose</w>
   <w nite:id="ES2005d.A.words91" starttime="326.83" endtime="327.36">or</w>
   <disfmarker nite:id="ES2005d.A.words92" starttime="327.36" endtime="327.54"/>
   <w nite:id="ES2005d.A.words93" starttime="328.36" endtime="328.71">Yeah</w>
   <w nite:id="ES2005d.A.words94" starttime="328.71" endtime="328.71" punc="true">.</w>
   <w nite:id="ES2005d.A.words95" starttime="329.9" endtime="330.03">Say</w>
   <w nite:id="ES2005d.A.words96" starttime="330.03" endtime="330.11">it</w>
   <w nite:id="ES2005d.A.words97" starttime="330.11" endtime="330.2">for</w>
   <w nite:id="ES2005d.A.words98" starttime="330.2" endtime="330.26">the</w>
   <w nite:id="ES2005d.A.words99" starttime="330.26" endtime="330.55">camera</w>
   <w nite:id="ES2005d.A.words100" starttime="330.55" endtime="330.55" punc="true">.</w>
   <w nite:id="ES2005d.A.words101" starttime="335.9" endtime="336.33">Right</w>
   <w nite:id="ES2005d.A.words102" starttime="336.33" endtime="336.33" punc="true">,</w>
   <w nite:id="ES2005d.A.words103" starttime="336.33" endtime="336.97">right</w>
   <w nite:id="ES2005d.A.words104" starttime="336.97" endtime="336.97" punc="true">.</w>
   <w nite:id="ES2005d.A.words105" starttime="341.79" endtime="342.69">Yep</w>
   <w nite:id="ES2005d.A.words106" starttime="342.69" endtime="342.69" punc="true">.</w>
   <vocalsound nite:id="ES2005d.A.words107" starttime="342.69" endtime="342.736" type="laugh"/>
   <w nite:id="ES2005d.A.words108" starttime="346.52" endtime="346.58">It</w>
   <w nite:id="ES2005d.A.words109" starttime="346.58" endtime="346.81">won&#39;t</w>
   <w nite:id="ES2005d.A.words110" starttime="346.81" endtime="347.22">stand</w>
   <w nite:id="ES2005d.A.words111" starttime="347.22" endtime="347.22" punc="true">.</w>
   <vocalsound nite:id="ES2005d.A.words112" starttime="348.502" endtime="348.502" type="other"/>
   <w nite:id="ES2005d.A.words113" starttime="349.63" endtime="349.88">Just</w>
   <w nite:id="ES2005d.A.words114" starttime="349.88" endtime="350.01">let</w>
   <w nite:id="ES2005d.A.words115" starttime="350.01" endtime="350.11">it</w>
   <w nite:id="ES2005d.A.words116" starttime="350.11" endtime="350.25">lie</w>
   <w nite:id="ES2005d.A.words117" starttime="350.25" endtime="350.53">down</w>
   <w nite:id="ES2005d.A.words118" starttime="350.53" endtime="350.53" punc="true">,</w>
   <w nite:id="ES2005d.A.words119" starttime="350.53" endtime="350.61">it</w>
   <w nite:id="ES2005d.A.words120" starttime="350.61" endtime="350.8">wont</w>
   <w nite:id="ES2005d.A.words121" starttime="350.8" endtime="351.47">stand</w>
   <w nite:id="ES2005d.A.words122" starttime="351.47" endtime="351.47" punc="true">.</w>
   <vocalsound nite:id="ES2005d.A.words123" starttime="351.47" endtime="351.639" type="other"/>
   <vocalsound nite:id="ES2005d.A.words124" starttime="355.309" endtime="355.824" type="cough"/>
   <vocalsound nite:id="ES2005d.A.words125" starttime="361.873" endtime="362.67" type="other"/>
   <w nite:id="ES2005d.A.words126" starttime="377.25" endtime="377.52">What&#39;s</w>
   <w nite:id="ES2005d.A.words127" starttime="377.52" endtime="377.69">on</w>
   <w nite:id="ES2005d.A.words128" starttime="377.69" endtime="377.85">the</w>
   <w nite:id="ES2005d.A.words129" starttime="377.85" endtime="378.31">uh</w>
   <w nite:id="ES2005d.A.words130" starttime="378.31" endtime="378.42">on</w>
   <w nite:id="ES2005d.A.words131" starttime="378.42" endtime="378.52">the</w>
   <w nite:id="ES2005d.A.words132" starttime="378.52" endtime="379.67">left</w>
   <w nite:id="ES2005d.A.words133" starttime="379.67" endtime="379.67" punc="true">?</w>
   <gap nite:id="ES2005d.A.words134" starttime="379.67" endtime="379.855"/>
   <w nite:id="ES2005d.A.words135" starttime="386.05" endtime="386.44">Okay</w>
   <w nite:id="ES2005d.A.words136" starttime="386.44" endtime="386.44" punc="true">.</w>
   <w nite:id="ES2005d.A.words137" starttime="430.1" endtime="430.27" trunc="true">W</w>
   <w nite:id="ES2005d.A.words138" starttime="430.27" endtime="430.5">why</w>
   <w nite:id="ES2005d.A.words139" starttime="430.5" endtime="430.72">is</w>
   <w nite:id="ES2005d.A.words140" starttime="430.72" endtime="430.92">the</w>
   <w nite:id="ES2005d.A.words141" starttime="430.92" endtime="431.02">uh</w>
   <w nite:id="ES2005d.A.words142" starttime="431.02" endtime="431.35">double</w>
   <w nite:id="ES2005d.A.words143" starttime="431.35" endtime="432.04">curved</w>
   <w nite:id="ES2005d.A.words144" starttime="432.04" endtime="432.28">two</w>
   <w nite:id="ES2005d.A.words145" starttime="432.28" endtime="432.43">of</w>
   <w nite:id="ES2005d.A.words146" starttime="432.43" endtime="432.86">them</w>
   <w nite:id="ES2005d.A.words147" starttime="432.86" endtime="432.86" punc="true">?</w>
   <w nite:id="ES2005d.A.words148" starttime="445.68" endtime="445.89">Is</w>
   <w nite:id="ES2005d.A.words149" starttime="445.89" endtime="445.97" trunc="true">i</w>
   <w nite:id="ES2005d.A.words150" starttime="449.42" endtime="450.39">Mm</w>
   <w nite:id="ES2005d.A.words151" starttime="450.39" endtime="450.39" punc="true">.</w>
   <vocalsound nite:id="ES2005d.A.words152" starttime="474.922" endtime="476.205" type="other"/>
   <vocalsound nite:id="ES2005d.A.words153" starttime="478.688" endtime="478.688" type="other"/>
   <w nite:id="ES2005d.A.words154" starttime="479.03" endtime="479.29">&#39;Cause</w>
   <w nite:id="ES2005d.A.words155" starttime="479.29" endtime="479.61">that&#39;s</w>
   <w nite:id="ES2005d.A.words156" starttime="479.61" endtime="479.81">the</w>
   <w nite:id="ES2005d.A.words157" starttime="479.81" endtime="479.89">uh</w>
   <w nite:id="ES2005d.A.words158" starttime="479.89" endtime="480.03">the</w>
   <w nite:id="ES2005d.A.words159" starttime="480.03" endtime="480.38">biggest</w>
   <w nite:id="ES2005d.A.words160" starttime="480.38" endtime="481.05">expense</w>
   <w nite:id="ES2005d.A.words161" starttime="481.05" endtime="481.32">there</w>
   <w nite:id="ES2005d.A.words162" starttime="481.32" endtime="481.32" punc="true">,</w>
   <w nite:id="ES2005d.A.words163" starttime="481.32" endtime="482.01">right</w>
   <w nite:id="ES2005d.A.words164" starttime="482.01" endtime="482.01" punc="true">.</w>
   <gap nite:id="ES2005d.A.words165" starttime="482.01" endtime="482.01"/>
   <w nite:id="ES2005d.A.words166" starttime="482.01" endtime="482.32">got</w>
   <w nite:id="ES2005d.A.words167" starttime="482.32" endtime="482.54">two</w>
   <w nite:id="ES2005d.A.words168" starttime="482.54" endtime="482.61">of</w>
   <w nite:id="ES2005d.A.words169" starttime="482.61" endtime="483.03">them</w>
   <disfmarker nite:id="ES2005d.A.words170" starttime="483.03" endtime="483.116"/>
   <w nite:id="ES2005d.A.words171" starttime="486.98" endtime="488.25">Okay</w>
   <w nite:id="ES2005d.A.words172" starttime="488.25" endtime="488.25" punc="true">.</w>
   <w nite:id="ES2005d.A.words173" starttime="488.25" endtime="488.5">Well</w>
   <w nite:id="ES2005d.A.words174" starttime="488.5" endtime="488.64">we</w>
   <w nite:id="ES2005d.A.words175" starttime="488.64" endtime="488.76">can</w>
   <w nite:id="ES2005d.A.words176" starttime="488.76" endtime="488.96">work</w>
   <w nite:id="ES2005d.A.words177" starttime="488.96" endtime="489.27">around</w>
   <w nite:id="ES2005d.A.words178" starttime="489.27" endtime="489.78">that</w>
   <w nite:id="ES2005d.A.words179" starttime="489.78" endtime="490.68">um</w>
   <disfmarker nite:id="ES2005d.A.words180" starttime="490.68" endtime="490.68"/>
   <vocalsound nite:id="ES2005d.A.words181" starttime="490.68" endtime="490.782" type="laugh"/>
   <vocalsound nite:id="ES2005d.A.words182" starttime="492.176" endtime="492.176" type="other"/>
   <w nite:id="ES2005d.A.words183" starttime="492.43" endtime="492.75">Cut</w>
   <w nite:id="ES2005d.A.words184" starttime="492.75" endtime="493.07">things</w>
   <w nite:id="ES2005d.A.words185" starttime="493.07" endtime="493.63">out</w>
   <w nite:id="ES2005d.A.words186" starttime="493.63" endtime="493.63" punc="true">.</w>
   <w nite:id="ES2005d.A.words187" starttime="496.44" endtime="496.54">But</w>
   <w nite:id="ES2005d.A.words188" starttime="496.54" endtime="496.61">you</w>
   <w nite:id="ES2005d.A.words189" starttime="496.61" endtime="496.77">think</w>
   <w nite:id="ES2005d.A.words190" starttime="496.77" endtime="496.83">it</w>
   <w nite:id="ES2005d.A.words191" starttime="496.83" endtime="496.97">should</w>
   <w nite:id="ES2005d.A.words192" starttime="496.97" endtime="497.07">be</w>
   <w nite:id="ES2005d.A.words193" starttime="497.07" endtime="497.4">one</w>
   <w nite:id="ES2005d.A.words194" starttime="497.4" endtime="497.4" punc="true">.</w>
   <w nite:id="ES2005d.A.words195" starttime="500.89" endtime="501.16">Okay</w>
   <w nite:id="ES2005d.A.words196" starttime="501.16" endtime="501.16" punc="true">.</w>
   <w nite:id="ES2005d.A.words197" starttime="512.84" endtime="513.29">Yeah</w>
   <w nite:id="ES2005d.A.words198" starttime="513.29" endtime="513.29" punc="true">.</w>
   <vocalsound nite:id="ES2005d.A.words199" starttime="516.902" endtime="517.948" type="laugh"/>
   <w nite:id="ES2005d.A.words200" starttime="519.91" endtime="520.38">Yeah</w>
   <w nite:id="ES2005d.A.words201" starttime="520.38" endtime="520.38" punc="true">,</w>
   <w nite:id="ES2005d.A.words202" starttime="520.38" endtime="520.58">so</w>
   <w nite:id="ES2005d.A.words203" starttime="520.58" endtime="520.94">we&#39;re</w>
   <disfmarker nite:id="ES2005d.A.words204" starttime="520.94" endtime="520.94"/>
   <vocalsound nite:id="ES2005d.A.words205" starttime="520.94" endtime="521.216" type="other"/>
   <w nite:id="ES2005d.A.words206" starttime="529.53" endtime="529.61">We</w>
   <w nite:id="ES2005d.A.words207" starttime="529.61" endtime="529.83">should</w>
   <w nite:id="ES2005d.A.words208" starttime="529.83" endtime="530.23">fire</w>
   <w nite:id="ES2005d.A.words209" starttime="530.23" endtime="530.33">the</w>
   <w nite:id="ES2005d.A.words210" starttime="530.33" endtime="531.15">accountants</w>
   <w nite:id="ES2005d.A.words211" starttime="531.15" endtime="531.15" punc="true">.</w>
   <w nite:id="ES2005d.A.words212" starttime="532.85" endtime="533.07">Fire</w>
   <w nite:id="ES2005d.A.words213" starttime="533.07" endtime="533.15">the</w>
   <w nite:id="ES2005d.A.words214" starttime="533.15" endtime="534.99">accountants</w>
   <w nite:id="ES2005d.A.words215" starttime="534.99" endtime="534.99" punc="true">.</w>
   <vocalsound nite:id="ES2005d.A.words216" starttime="534.99" endtime="535.29" type="laugh"/>
   <w nite:id="ES2005d.A.words217" starttime="540.15" endtime="540.34">Ah</w>
   <w nite:id="ES2005d.A.words218" starttime="540.34" endtime="540.49">yeah</w>
   <w nite:id="ES2005d.A.words219" starttime="540.49" endtime="540.49" punc="true">,</w>
   <w nite:id="ES2005d.A.words220" starttime="540.49" endtime="540.55">we</w>
   <w nite:id="ES2005d.A.words221" starttime="540.55" endtime="540.71">could</w>
   <w nite:id="ES2005d.A.words222" starttime="540.71" endtime="540.9">add</w>
   <w nite:id="ES2005d.A.words223" starttime="540.9" endtime="541.37">things</w>
   <w nite:id="ES2005d.A.words224" starttime="541.37" endtime="541.37" punc="true">.</w>
   <w nite:id="ES2005d.A.words225" starttime="543.82" endtime="544.08">Maybe</w>
   <w nite:id="ES2005d.A.words226" starttime="544.08" endtime="544.2">if</w>
   <w nite:id="ES2005d.A.words227" starttime="544.2" endtime="544.29">you</w>
   <w nite:id="ES2005d.A.words228" starttime="544.29" endtime="544.56">click</w>
   <w nite:id="ES2005d.A.words229" starttime="544.56" endtime="544.79">back</w>
   <w nite:id="ES2005d.A.words230" starttime="544.79" endtime="544.87">in</w>
   <w nite:id="ES2005d.A.words231" starttime="544.87" endtime="545.09">that</w>
   <w nite:id="ES2005d.A.words232" starttime="545.09" endtime="545.43">bottom</w>
   <w nite:id="ES2005d.A.words233" starttime="545.43" endtime="545.61">right</w>
   <w nite:id="ES2005d.A.words234" starttime="545.61" endtime="546.01">cell</w>
   <w nite:id="ES2005d.A.words235" starttime="546.01" endtime="546.01" punc="true">,</w>
   <w nite:id="ES2005d.A.words236" starttime="546.01" endtime="546.23">where</w>
   <w nite:id="ES2005d.A.words237" starttime="546.23" endtime="546.34">you&#39;re</w>
   <w nite:id="ES2005d.A.words238" starttime="546.34" endtime="546.7">starting</w>
   <w nite:id="ES2005d.A.words239" starttime="546.7" endtime="547.5">from</w>
   <w nite:id="ES2005d.A.words240" starttime="547.5" endtime="547.5" punc="true">,</w>
   <w nite:id="ES2005d.A.words241" starttime="547.5" endtime="547.6">and</w>
   <w nite:id="ES2005d.A.words242" starttime="547.6" endtime="547.69">then</w>
   <w nite:id="ES2005d.A.words243" starttime="547.69" endtime="547.88">use</w>
   <w nite:id="ES2005d.A.words244" starttime="547.88" endtime="547.97">the</w>
   <w nite:id="ES2005d.A.words245" starttime="547.97" endtime="548.24">arrow</w>
   <w nite:id="ES2005d.A.words246" starttime="548.24" endtime="548.65">keys</w>
   <w nite:id="ES2005d.A.words247" starttime="548.65" endtime="548.65" punc="true">.</w>
   <w nite:id="ES2005d.A.words248" starttime="548.65" endtime="548.8">Does</w>
   <w nite:id="ES2005d.A.words249" starttime="548.8" endtime="548.96">that</w>
   <w nite:id="ES2005d.A.words250" starttime="548.96" endtime="549.97">work</w>
   <w nite:id="ES2005d.A.words251" starttime="549.97" endtime="549.97" punc="true">?</w>
   <w nite:id="ES2005d.A.words252" starttime="549.97" endtime="550.53">No</w>
   <w nite:id="ES2005d.A.words253" starttime="550.53" endtime="551.51">mm</w>
   <vocalsound nite:id="ES2005d.A.words254" starttime="551.51" endtime="551.51" type="other"/>
   <w nite:id="ES2005d.A.words255" starttime="551.51" endtime="551.51" punc="true">.</w>
   <w nite:id="ES2005d.A.words256" starttime="575.84" endtime="575.98">Is</w>
   <w nite:id="ES2005d.A.words257" starttime="575.98" endtime="576.07">it</w>
   <w nite:id="ES2005d.A.words258" starttime="576.07" endtime="576.18">the</w>
   <w nite:id="ES2005d.A.words259" starttime="576.18" endtime="576.39">other</w>
   <w nite:id="ES2005d.A.words260" starttime="576.39" endtime="576.71">shift</w>
   <w nite:id="ES2005d.A.words261" starttime="576.71" endtime="576.97">button</w>
   <w nite:id="ES2005d.A.words262" starttime="576.97" endtime="577.33">maybe</w>
   <w nite:id="ES2005d.A.words263" starttime="577.33" endtime="577.33" punc="true">?</w>
   <vocalsound nite:id="ES2005d.A.words264" starttime="583.959" endtime="583.959" type="other"/>
   <w nite:id="ES2005d.A.words265" starttime="584.69" endtime="584.84">Did</w>
   <w nite:id="ES2005d.A.words266" starttime="584.84" endtime="584.92">you</w>
   <w nite:id="ES2005d.A.words267" starttime="584.92" endtime="585.13">try</w>
   <w nite:id="ES2005d.A.words268" starttime="585.13" endtime="585.4">both</w>
   <w nite:id="ES2005d.A.words269" starttime="585.4" endtime="585.73">shift</w>
   <w nite:id="ES2005d.A.words270" starttime="585.73" endtime="586.08">buttons</w>
   <w nite:id="ES2005d.A.words271" starttime="586.08" endtime="586.08" punc="true">?</w>
   <w nite:id="ES2005d.A.words272" starttime="586.08" endtime="586.14">It</w>
   <w nite:id="ES2005d.A.words273" starttime="586.14" endtime="586.28">could</w>
   <w nite:id="ES2005d.A.words274" starttime="586.28" endtime="586.36">be</w>
   <w nite:id="ES2005d.A.words275" starttime="586.36" endtime="586.42">the</w>
   <w nite:id="ES2005d.A.words276" starttime="586.42" endtime="586.54">other</w>
   <w nite:id="ES2005d.A.words277" starttime="586.54" endtime="586.94">side</w>
   <w nite:id="ES2005d.A.words278" starttime="586.94" endtime="586.94" punc="true">.</w>
   <vocalsound nite:id="ES2005d.A.words279" starttime="589.04" endtime="589.36" type="other"/>
   <w nite:id="ES2005d.A.words280" starttime="592.65" endtime="592.87">That&#39;s</w>
   <w nite:id="ES2005d.A.words281" starttime="592.87" endtime="593.02">too</w>
   <w nite:id="ES2005d.A.words282" starttime="593.02" endtime="593.15">bad</w>
   <w nite:id="ES2005d.A.words283" starttime="593.15" endtime="593.15" punc="true">.</w>
   <w nite:id="ES2005d.A.words284" starttime="643.23" endtime="643.54">Oh</w>
   <w nite:id="ES2005d.A.words285" starttime="643.54" endtime="643.54" punc="true">.</w>
   <w nite:id="ES2005d.A.words286" starttime="644.57" endtime="644.74">Yeah</w>
   <w nite:id="ES2005d.A.words287" starttime="644.74" endtime="644.86">I</w>
   <w nite:id="ES2005d.A.words288" starttime="644.86" endtime="645.11">think</w>
   <w nite:id="ES2005d.A.words289" starttime="645.11" endtime="645.21">we</w>
   <w nite:id="ES2005d.A.words290" starttime="645.21" endtime="645.47">have</w>
   <w nite:id="ES2005d.A.words291" starttime="645.47" endtime="645.9">a</w>
   <w nite:id="ES2005d.A.words292" starttime="645.9" endtime="646.02">a</w>
   <w nite:id="ES2005d.A.words293" starttime="646.02" endtime="646.28">winning</w>
   <w nite:id="ES2005d.A.words294" starttime="646.28" endtime="646.82">product</w>
   <w nite:id="ES2005d.A.words295" starttime="646.82" endtime="646.82" punc="true">.</w>
   <vocalsound nite:id="ES2005d.A.words296" starttime="669.616" endtime="673.325" type="laugh"/>
   <w nite:id="ES2005d.A.words297" starttime="684.04" endtime="684.27">Great</w>
   <w nite:id="ES2005d.A.words298" starttime="684.27" endtime="688.28">leadership</w>
   <w nite:id="ES2005d.A.words299" starttime="688.28" endtime="688.28" punc="true">.</w>
   <vocalsound nite:id="ES2005d.A.words300" starttime="688.28" endtime="688.403" type="laugh"/>
   <w nite:id="ES2005d.A.words301" starttime="690.92" endtime="691.22">Yeah</w>
   <w nite:id="ES2005d.A.words302" starttime="691.22" endtime="691.22" punc="true">,</w>
   <w nite:id="ES2005d.A.words303" starttime="691.22" endtime="691.51">yeah</w>
   <w nite:id="ES2005d.A.words304" starttime="691.51" endtime="691.51" punc="true">.</w>
   <vocalsound nite:id="ES2005d.A.words305" starttime="696.092" endtime="700.016" type="other"/>
   <vocalsound nite:id="ES2005d.A.words306" starttime="700.016" endtime="700.016" type="laugh"/>
   <vocalsound nite:id="ES2005d.A.words307" starttime="703.357" endtime="703.357" type="other"/>
   <w nite:id="ES2005d.A.words308" starttime="703.92" endtime="704.13">These</w>
   <w nite:id="ES2005d.A.words309" starttime="704.13" endtime="704.5">pens</w>
   <w nite:id="ES2005d.A.words310" starttime="704.5" endtime="704.75">are</w>
   <w nite:id="ES2005d.A.words311" starttime="704.75" endtime="704.88">are</w>
   <w nite:id="ES2005d.A.words312" starttime="704.88" endtime="705.15">neat</w>
   <w nite:id="ES2005d.A.words313" starttime="705.15" endtime="705.47">though</w>
   <w nite:id="ES2005d.A.words314" starttime="705.47" endtime="705.47" punc="true">.</w>
   <vocalsound nite:id="ES2005d.A.words315" starttime="727.457" endtime="728.167" type="other"/>
   <w nite:id="ES2005d.A.words316" starttime="733.03" endtime="733.54">Okay</w>
   <w nite:id="ES2005d.A.words317" starttime="733.54" endtime="733.54" punc="true">.</w>
   <vocalsound nite:id="ES2005d.A.words318" starttime="734.544" endtime="734.896" type="cough"/>
   <w nite:id="ES2005d.A.words319" starttime="738.44" endtime="738.88">Uh</w>
   <w nite:id="ES2005d.A.words320" starttime="738.88" endtime="739.07">so</w>
   <w nite:id="ES2005d.A.words321" starttime="739.07" endtime="739.23">let&#39;s</w>
   <w nite:id="ES2005d.A.words322" starttime="739.23" endtime="739.41">talk</w>
   <w nite:id="ES2005d.A.words323" starttime="739.41" endtime="739.99">about</w>
   <w nite:id="ES2005d.A.words324" starttime="739.99" endtime="740.14">our</w>
   <w nite:id="ES2005d.A.words325" starttime="740.14" endtime="740.82">bonuses</w>
   <w nite:id="ES2005d.A.words326" starttime="740.82" endtime="741.52">and</w>
   <w nite:id="ES2005d.A.words327" starttime="741.52" endtime="741.64">the</w>
   <w nite:id="ES2005d.A.words328" starttime="741.64" endtime="742.08">raises</w>
   <w nite:id="ES2005d.A.words329" starttime="742.08" endtime="742.18">we&#39;re</w>
   <w nite:id="ES2005d.A.words330" starttime="742.18" endtime="742.57">getting</w>
   <w nite:id="ES2005d.A.words331" starttime="742.57" endtime="742.65">for</w>
   <w nite:id="ES2005d.A.words332" starttime="742.65" endtime="742.93">this</w>
   <w nite:id="ES2005d.A.words333" starttime="742.93" endtime="742.93" punc="true">,</w>
   <w nite:id="ES2005d.A.words334" starttime="742.93" endtime="745.08">right</w>
   <w nite:id="ES2005d.A.words335" starttime="745.08" endtime="745.08" punc="true">.</w>
   <vocalsound nite:id="ES2005d.A.words336" starttime="745.08" endtime="745.152" type="laugh"/>
   <w nite:id="ES2005d.A.words337" starttime="747.95" endtime="748.28">Right</w>
   <w nite:id="ES2005d.A.words338" starttime="748.28" endtime="748.28" punc="true">,</w>
   <w nite:id="ES2005d.A.words339" starttime="748.28" endtime="748.89">right</w>
   <w nite:id="ES2005d.A.words340" starttime="748.89" endtime="748.89" punc="true">.</w>
   <w nite:id="ES2005d.A.words341" starttime="752.72" endtime="753.95">Uh</w>
   <w nite:id="ES2005d.A.words342" starttime="753.95" endtime="754.1">maybe</w>
   <w nite:id="ES2005d.A.words343" starttime="754.1" endtime="754.16">we</w>
   <w nite:id="ES2005d.A.words344" starttime="754.16" endtime="754.26">should</w>
   <w nite:id="ES2005d.A.words345" starttime="754.26" endtime="754.51">start</w>
   <w nite:id="ES2005d.A.words346" starttime="754.51" endtime="754.82">cleaning</w>
   <w nite:id="ES2005d.A.words347" starttime="754.82" endtime="754.96">up</w>
   <w nite:id="ES2005d.A.words348" starttime="754.96" endtime="755.04">the</w>
   <w nite:id="ES2005d.A.words349" starttime="755.04" endtime="755.46">clay</w>
   <w nite:id="ES2005d.A.words350" starttime="755.46" endtime="755.46" punc="true">.</w>
   <vocalsound nite:id="ES2005d.A.words351" starttime="756.779" endtime="757.407" type="other"/>
   <gap nite:id="ES2005d.A.words352" starttime="760.832" endtime="762.096"/>
   <w nite:id="ES2005d.A.words353" starttime="763.22" endtime="763.59">Something</w>
   <w nite:id="ES2005d.A.words354" starttime="763.59" endtime="763.67">we</w>
   <w nite:id="ES2005d.A.words355" starttime="763.67" endtime="764.01">should</w>
   <w nite:id="ES2005d.A.words356" starttime="764.01" endtime="764.42">get</w>
   <gap nite:id="ES2005d.A.words357" starttime="764.42" endtime="764.42"/>
   <w nite:id="ES2005d.A.words358" starttime="764.42" endtime="764.42" punc="true">.</w>
   <w nite:id="ES2005d.A.words359" starttime="779.54" endtime="779.7">Oh</w>
   <w nite:id="ES2005d.A.words360" starttime="779.7" endtime="780.13" trunc="true">ok</w>
   <vocalsound nite:id="ES2005d.A.words361" starttime="781.248" endtime="781.856" type="laugh"/>
   <vocalsound nite:id="ES2005d.A.words362" starttime="798.374" endtime="800.135" type="laugh"/>
   <w nite:id="ES2005d.A.words363" starttime="804.09" endtime="804.28">Uh</w>
   <w nite:id="ES2005d.A.words364" starttime="804.28" endtime="804.28" punc="true">.</w>
   <w nite:id="ES2005d.A.words365" starttime="806.63" endtime="808.29">Anybody</w>
   <vocalsound nite:id="ES2005d.A.words366" starttime="808.29" endtime="808.414" type="laugh"/>
   <w nite:id="ES2005d.A.words367" starttime="809.27" endtime="809.5">Clay</w>
   <w nite:id="ES2005d.A.words368" starttime="809.5" endtime="809.86">covered</w>
   <w nite:id="ES2005d.A.words369" starttime="809.86" endtime="810.34">banana</w>
   <w nite:id="ES2005d.A.words370" starttime="810.34" endtime="810.34" punc="true">.</w>
   <gap nite:id="ES2005d.A.words371" starttime="823.776" endtime="823.776"/>
   <w nite:id="ES2005d.A.words372" starttime="824.05" endtime="824.82">blue</w>
   <w nite:id="ES2005d.A.words373" starttime="824.82" endtime="824.82" punc="true">.</w>
   <w nite:id="ES2005d.A.words374" starttime="843.51" endtime="843.65">It&#39;s</w>
   <w nite:id="ES2005d.A.words375" starttime="843.65" endtime="843.89">fun</w>
   <w nite:id="ES2005d.A.words376" starttime="843.89" endtime="844.0">to</w>
   <w nite:id="ES2005d.A.words377" starttime="844.0" endtime="844.37">touch</w>
   <w nite:id="ES2005d.A.words378" starttime="844.37" endtime="844.37" punc="true">.</w>
   <vocalsound nite:id="ES2005d.A.words379" starttime="979.684" endtime="981.239" type="other"/>
   <w nite:id="ES2005d.A.words380" starttime="982.41" endtime="982.55">Do</w>
   <w nite:id="ES2005d.A.words381" starttime="982.55" endtime="982.64">we</w>
   <w nite:id="ES2005d.A.words382" starttime="982.64" endtime="982.87">have</w>
   <w nite:id="ES2005d.A.words383" starttime="982.87" endtime="983.02">the</w>
   <w nite:id="ES2005d.A.words384" starttime="983.02" endtime="983.38">uh</w>
   <w nite:id="ES2005d.A.words385" starttime="983.38" endtime="983.49">the</w>
   <w nite:id="ES2005d.A.words386" starttime="983.49" endtime="984.13">marker</w>
   <w nite:id="ES2005d.A.words387" starttime="984.13" endtime="984.27">for</w>
   <w nite:id="ES2005d.A.words388" starttime="984.27" endtime="984.35">the</w>
   <w nite:id="ES2005d.A.words389" starttime="984.35" endtime="984.65">board</w>
   <w nite:id="ES2005d.A.words390" starttime="984.65" endtime="984.65" punc="true">?</w>
   <w nite:id="ES2005d.A.words391" starttime="987.7" endtime="987.82">There</w>
   <w nite:id="ES2005d.A.words392" starttime="987.82" endtime="987.91">it</w>
   <w nite:id="ES2005d.A.words393" starttime="987.91" endtime="988.18">is</w>
   <w nite:id="ES2005d.A.words394" starttime="988.18" endtime="988.18" punc="true">.</w>
   <w nite:id="ES2005d.A.words395" starttime="1143.28" endtime="1143.56">No</w>
   <w nite:id="ES2005d.A.words396" starttime="1143.56" endtime="1143.75">that&#39;s</w>
   <w nite:id="ES2005d.A.words397" starttime="1143.75" endtime="1144.45">false</w>
   <w nite:id="ES2005d.A.words398" starttime="1144.45" endtime="1144.45" punc="true">.</w>
   <vocalsound nite:id="ES2005d.A.words399" starttime="1153.976" endtime="1153.976" type="other"/>
   <w nite:id="ES2005d.A.words400" starttime="1154.66" endtime="1155.28">Uh</w>
   <w nite:id="ES2005d.A.words401" starttime="1155.28" endtime="1155.28" punc="true">.</w>
   <w nite:id="ES2005d.A.words402" starttime="1157.56" endtime="1157.73">It&#39;s</w>
   <w nite:id="ES2005d.A.words403" starttime="1157.73" endtime="1157.98">hard</w>
   <w nite:id="ES2005d.A.words404" starttime="1157.98" endtime="1158.08">to</w>
   <w nite:id="ES2005d.A.words405" starttime="1158.08" endtime="1158.51">know</w>
   <w nite:id="ES2005d.A.words406" starttime="1158.51" endtime="1158.51" punc="true">.</w>
   <w nite:id="ES2005d.A.words407" starttime="1158.51" endtime="1159.49">I</w>
   <w nite:id="ES2005d.A.words408" starttime="1159.49" endtime="1159.57">I</w>
   <w nite:id="ES2005d.A.words409" starttime="1159.57" endtime="1159.66">give</w>
   <w nite:id="ES2005d.A.words410" starttime="1159.66" endtime="1159.72">it</w>
   <w nite:id="ES2005d.A.words411" starttime="1159.72" endtime="1159.81">a</w>
   <w nite:id="ES2005d.A.words412" starttime="1159.81" endtime="1163.24">two</w>
   <w nite:id="ES2005d.A.words413" starttime="1163.24" endtime="1163.24" punc="true">.</w>
   <vocalsound nite:id="ES2005d.A.words414" starttime="1163.24" endtime="1163.461" type="laugh"/>
   <w nite:id="ES2005d.A.words415" starttime="1169.41" endtime="1169.76">Okay</w>
   <w nite:id="ES2005d.A.words416" starttime="1169.76" endtime="1169.76" punc="true">.</w>
   <w nite:id="ES2005d.A.words417" starttime="1176.52" endtime="1177.55">Um</w>
   <w nite:id="ES2005d.A.words418" starttime="1177.55" endtime="1177.76">yeah</w>
   <w nite:id="ES2005d.A.words419" starttime="1177.76" endtime="1177.76" punc="true">,</w>
   <w nite:id="ES2005d.A.words420" starttime="1177.76" endtime="1177.82">I</w>
   <w nite:id="ES2005d.A.words421" starttime="1177.82" endtime="1178.1">think</w>
   <w nite:id="ES2005d.A.words422" starttime="1178.1" endtime="1178.36" trunc="true">i</w>
   <w nite:id="ES2005d.A.words423" starttime="1178.36" endtime="1178.5">it</w>
   <w nite:id="ES2005d.A.words424" starttime="1178.5" endtime="1178.72">might</w>
   <w nite:id="ES2005d.A.words425" starttime="1178.72" endtime="1178.95">even</w>
   <w nite:id="ES2005d.A.words426" starttime="1178.95" endtime="1179.35">exceed</w>
   <w nite:id="ES2005d.A.words427" starttime="1179.35" endtime="1179.82">it</w>
   <w nite:id="ES2005d.A.words428" starttime="1179.82" endtime="1180.17">um</w>
   <w nite:id="ES2005d.A.words429" starttime="1180.17" endtime="1180.17" punc="true">.</w>
   <w nite:id="ES2005d.A.words430" starttime="1181.91" endtime="1182.36">But</w>
   <w nite:id="ES2005d.A.words431" starttime="1182.36" endtime="1182.46">I</w>
   <w nite:id="ES2005d.A.words432" starttime="1182.46" endtime="1182.64">guess</w>
   <w nite:id="ES2005d.A.words433" starttime="1182.64" endtime="1182.76">there</w>
   <w nite:id="ES2005d.A.words434" starttime="1182.76" endtime="1182.89">is</w>
   <w nite:id="ES2005d.A.words435" starttime="1182.89" endtime="1182.94">a</w>
   <w nite:id="ES2005d.A.words436" starttime="1182.94" endtime="1183.12">kind</w>
   <w nite:id="ES2005d.A.words437" starttime="1183.12" endtime="1183.19">of</w>
   <w nite:id="ES2005d.A.words438" starttime="1183.19" endtime="1183.26">a</w>
   <w nite:id="ES2005d.A.words439" starttime="1183.26" endtime="1183.68">shortage</w>
   <w nite:id="ES2005d.A.words440" starttime="1183.68" endtime="1183.83">of</w>
   <w nite:id="ES2005d.A.words441" starttime="1183.83" endtime="1184.57">buttons</w>
   <w nite:id="ES2005d.A.words442" starttime="1184.57" endtime="1184.57" punc="true">.</w>
   <w nite:id="ES2005d.A.words443" starttime="1185.73" endtime="1186.22">Um</w>
   <gap nite:id="ES2005d.A.words444" starttime="1186.22" endtime="1186.22"/>
   <w nite:id="ES2005d.A.words445" starttime="1186.22" endtime="1187.09">I&#39;m</w>
   <w nite:id="ES2005d.A.words446" starttime="1187.09" endtime="1187.49">gonna</w>
   <w nite:id="ES2005d.A.words447" starttime="1187.49" endtime="1187.65">give</w>
   <w nite:id="ES2005d.A.words448" starttime="1187.65" endtime="1187.73">it</w>
   <w nite:id="ES2005d.A.words449" starttime="1187.73" endtime="1187.8">a</w>
   <w nite:id="ES2005d.A.words450" starttime="1187.8" endtime="1189.05">two</w>
   <w nite:id="ES2005d.A.words451" starttime="1189.05" endtime="1189.05" punc="true">.</w>
   <w nite:id="ES2005d.A.words452" starttime="1189.05" endtime="1189.29">Two</w>
   <w nite:id="ES2005d.A.words453" starttime="1189.29" endtime="1189.29" punc="true">.</w>
   <vocalsound nite:id="ES2005d.A.words454" starttime="1216.72" endtime="1222.058" type="laugh"/>
   <vocalsound nite:id="ES2005d.A.words455" starttime="1223.532" endtime="1227.73" type="laugh"/>
   <vocalsound nite:id="ES2005d.A.words456" starttime="1238.496" endtime="1240.854" type="laugh"/>
   <vocalsound nite:id="ES2005d.A.words457" starttime="1266.099" endtime="1268.076" type="laugh"/>
   <vocalsound nite:id="ES2005d.A.words458" starttime="1306.987" endtime="1308.745" type="other"/>
   <vocalsound nite:id="ES2005d.A.words459" starttime="1314.992" endtime="1316.107" type="laugh"/>
   <vocalsound nite:id="ES2005d.A.words460" starttime="1324.786" endtime="1325.585" type="other"/>
   <w nite:id="ES2005d.A.words461" starttime="1329.78" endtime="1329.89">What</w>
   <w nite:id="ES2005d.A.words462" starttime="1329.89" endtime="1329.92">are</w>
   <w nite:id="ES2005d.A.words463" starttime="1329.92" endtime="1330.03">we</w>
   <w nite:id="ES2005d.A.words464" starttime="1330.03" endtime="1330.73">doing</w>
   <w nite:id="ES2005d.A.words465" starttime="1330.73" endtime="1330.73" punc="true">?</w>
   <w nite:id="ES2005d.A.words466" starttime="1332.19" endtime="1332.32">We&#39;re</w>
   <w nite:id="ES2005d.A.words467" starttime="1332.32" endtime="1332.56">gonna</w>
   <w nite:id="ES2005d.A.words468" starttime="1332.56" endtime="1332.93">average</w>
   <w nite:id="ES2005d.A.words469" starttime="1332.93" endtime="1333.24">them</w>
   <w nite:id="ES2005d.A.words470" starttime="1333.24" endtime="1333.24" punc="true">?</w>
   <w nite:id="ES2005d.A.words471" starttime="1334.55" endtime="1335.47">Okay</w>
   <w nite:id="ES2005d.A.words472" starttime="1335.47" endtime="1335.47" punc="true">.</w>
   <w nite:id="ES2005d.A.words473" starttime="1335.47" endtime="1335.76">So</w>
   <w nite:id="ES2005d.A.words474" starttime="1335.76" endtime="1336.21">seven</w>
   <w nite:id="ES2005d.A.words475" starttime="1336.21" endtime="1337.27">fourths</w>
   <w nite:id="ES2005d.A.words476" starttime="1337.27" endtime="1337.27" punc="true">.</w>
   <w nite:id="ES2005d.A.words477" starttime="1337.27" endtime="1337.51">About</w>
   <w nite:id="ES2005d.A.words478" starttime="1337.51" endtime="1337.71">one</w>
   <w nite:id="ES2005d.A.words479" starttime="1337.71" endtime="1338.17">point</w>
   <w nite:id="ES2005d.A.words480" starttime="1338.17" endtime="1338.55" trunc="true">f</w>
   <w nite:id="ES2005d.A.words481" starttime="1338.55" endtime="1338.74">one</w>
   <w nite:id="ES2005d.A.words482" starttime="1338.74" endtime="1338.97">point</w>
   <w nite:id="ES2005d.A.words483" starttime="1338.97" endtime="1339.47">eight</w>
   <w nite:id="ES2005d.A.words484" starttime="1339.47" endtime="1339.47" punc="true">.</w>
   <w nite:id="ES2005d.A.words485" starttime="1343.52" endtime="1343.75">Okay</w>
   <w nite:id="ES2005d.A.words486" starttime="1343.75" endtime="1343.75" punc="true">.</w>
   <vocalsound nite:id="ES2005d.A.words487" starttime="1345.088" endtime="1346.176" type="cough"/>
   <w nite:id="ES2005d.A.words488" starttime="1349.01" endtime="1349.21">Yeah</w>
   <w nite:id="ES2005d.A.words489" starttime="1349.21" endtime="1349.46">round</w>
   <w nite:id="ES2005d.A.words490" starttime="1349.46" endtime="1349.53">it</w>
   <w nite:id="ES2005d.A.words491" starttime="1349.53" endtime="1349.71">up</w>
   <w nite:id="ES2005d.A.words492" starttime="1349.71" endtime="1349.81">to</w>
   <w nite:id="ES2005d.A.words493" starttime="1349.81" endtime="1351.32">two</w>
   <w nite:id="ES2005d.A.words494" starttime="1351.32" endtime="1351.32" punc="true">.</w>
   <w nite:id="ES2005d.A.words495" starttime="1351.32" endtime="1351.84">So</w>
   <w nite:id="ES2005d.A.words496" starttime="1351.84" endtime="1352.45">trends</w>
   <w nite:id="ES2005d.A.words497" starttime="1352.45" endtime="1352.45" punc="true">.</w>
   <w nite:id="ES2005d.A.words498" starttime="1354.49" endtime="1354.6">Can</w>
   <w nite:id="ES2005d.A.words499" starttime="1354.6" endtime="1354.67">you</w>
   <w nite:id="ES2005d.A.words500" starttime="1354.67" endtime="1355.18">explain</w>
   <w nite:id="ES2005d.A.words501" starttime="1355.18" endtime="1355.54">what</w>
   <w nite:id="ES2005d.A.words502" starttime="1355.54" endtime="1355.63">you</w>
   <w nite:id="ES2005d.A.words503" starttime="1355.63" endtime="1355.81">want</w>
   <w nite:id="ES2005d.A.words504" starttime="1355.81" endtime="1355.96">us</w>
   <w nite:id="ES2005d.A.words505" starttime="1355.96" endtime="1356.1">to</w>
   <w nite:id="ES2005d.A.words506" starttime="1356.1" endtime="1356.31">write</w>
   <w nite:id="ES2005d.A.words507" starttime="1356.31" endtime="1356.58">there</w>
   <w nite:id="ES2005d.A.words508" starttime="1356.58" endtime="1356.58" punc="true">?</w>
   <w nite:id="ES2005d.A.words509" starttime="1358.12" endtime="1358.34">How</w>
   <w nite:id="ES2005d.A.words510" starttime="1358.34" endtime="1358.59">it</w>
   <disfmarker nite:id="ES2005d.A.words511" starttime="1358.59" endtime="1358.59"/>
   <w nite:id="ES2005d.A.words512" starttime="1358.59" endtime="1358.73">how</w>
   <w nite:id="ES2005d.A.words513" starttime="1358.73" endtime="1359.34">conforms</w>
   <w nite:id="ES2005d.A.words514" starttime="1359.34" endtime="1359.45">to</w>
   <w nite:id="ES2005d.A.words515" starttime="1359.45" endtime="1359.53">the</w>
   <w nite:id="ES2005d.A.words516" starttime="1359.53" endtime="1359.87">current</w>
   <w nite:id="ES2005d.A.words517" starttime="1359.87" endtime="1360.4">trends</w>
   <w nite:id="ES2005d.A.words518" starttime="1360.4" endtime="1360.4" punc="true">?</w>
   <vocalsound nite:id="ES2005d.A.words519" starttime="1370.038" endtime="1370.86" type="other"/>
   <w nite:id="ES2005d.A.words520" starttime="1404.88" endtime="1405.13">&#39;Kay</w>
   <w nite:id="ES2005d.A.words521" starttime="1405.13" endtime="1405.13" punc="true">.</w>
   <w nite:id="ES2005d.A.words522" starttime="1405.13" endtime="1405.27">As</w>
   <w nite:id="ES2005d.A.words523" starttime="1405.27" endtime="1405.56">far</w>
   <w nite:id="ES2005d.A.words524" starttime="1405.56" endtime="1405.72">as</w>
   <w nite:id="ES2005d.A.words525" starttime="1405.72" endtime="1405.92">the</w>
   <w nite:id="ES2005d.A.words526" starttime="1405.92" endtime="1406.09">uh</w>
   <w nite:id="ES2005d.A.words527" starttime="1406.09" endtime="1406.9">technology</w>
   <w nite:id="ES2005d.A.words528" starttime="1406.9" endtime="1407.16">it</w>
   <w nite:id="ES2005d.A.words529" starttime="1407.16" endtime="1407.33">its&#39;</w>
   <w nite:id="ES2005d.A.words530" starttime="1407.33" endtime="1407.62">got</w>
   <w nite:id="ES2005d.A.words531" starttime="1407.62" endtime="1407.85">the</w>
   <w nite:id="ES2005d.A.words532" starttime="1407.85" endtime="1408.24">latest</w>
   <w nite:id="ES2005d.A.words533" starttime="1408.24" endtime="1408.63">trends</w>
   <w nite:id="ES2005d.A.words534" starttime="1408.63" endtime="1408.82">in</w>
   <w nite:id="ES2005d.A.words535" starttime="1408.82" endtime="1409.35">speech</w>
   <w nite:id="ES2005d.A.words536" starttime="1409.35" endtime="1409.99">technology</w>
   <w nite:id="ES2005d.A.words537" starttime="1409.99" endtime="1409.99" punc="true">,</w>
   <w nite:id="ES2005d.A.words538" starttime="1409.99" endtime="1410.13">but</w>
   <w nite:id="ES2005d.A.words539" starttime="1410.13" endtime="1410.31">it&#39;s</w>
   <w nite:id="ES2005d.A.words540" starttime="1410.31" endtime="1411.49">missing</w>
   <w nite:id="ES2005d.A.words541" starttime="1411.49" endtime="1411.6">the</w>
   <w nite:id="ES2005d.A.words542" starttime="1411.6" endtime="1412.51">screen</w>
   <w nite:id="ES2005d.A.words543" starttime="1412.51" endtime="1412.51" punc="true">,</w>
   <w nite:id="ES2005d.A.words544" starttime="1412.51" endtime="1412.63">as</w>
   <w nite:id="ES2005d.A.words545" starttime="1412.63" endtime="1412.73">we</w>
   <w nite:id="ES2005d.A.words546" starttime="1412.73" endtime="1413.89">said</w>
   <w nite:id="ES2005d.A.words547" starttime="1413.89" endtime="1413.89" punc="true">,</w>
   <w nite:id="ES2005d.A.words548" starttime="1413.89" endtime="1414.12">um</w>
   <w nite:id="ES2005d.A.words549" starttime="1414.12" endtime="1414.22">but</w>
   <w nite:id="ES2005d.A.words550" starttime="1414.22" endtime="1414.29">it</w>
   <w nite:id="ES2005d.A.words551" starttime="1414.29" endtime="1414.45">does</w>
   <w nite:id="ES2005d.A.words552" starttime="1414.45" endtime="1414.62">have</w>
   <w nite:id="ES2005d.A.words553" starttime="1414.62" endtime="1414.69">the</w>
   <w nite:id="ES2005d.A.words554" starttime="1414.69" endtime="1416.31">push-buttons</w>
   <w nite:id="ES2005d.A.words555" starttime="1416.31" endtime="1416.31" punc="true">,</w>
   <w nite:id="ES2005d.A.words556" starttime="1416.31" endtime="1416.43">or</w>
   <w nite:id="ES2005d.A.words557" starttime="1416.43" endtime="1416.54">the</w>
   <w nite:id="ES2005d.A.words558" starttime="1416.54" endtime="1417.59">scroll-buttons</w>
   <w nite:id="ES2005d.A.words559" starttime="1417.59" endtime="1417.59" punc="true">,</w>
   <w nite:id="ES2005d.A.words560" starttime="1418.52" endtime="1418.71">um</w>
   <w nite:id="ES2005d.A.words561" starttime="1418.71" endtime="1418.81">but</w>
   <w nite:id="ES2005d.A.words562" starttime="1418.81" endtime="1418.88">it</w>
   <w nite:id="ES2005d.A.words563" starttime="1418.88" endtime="1419.16">doesn&#39;t</w>
   <w nite:id="ES2005d.A.words564" starttime="1419.16" endtime="1419.27">have</w>
   <w nite:id="ES2005d.A.words565" starttime="1419.27" endtime="1419.43">that</w>
   <w nite:id="ES2005d.A.words566" starttime="1419.43" endtime="1420.18">fancy</w>
   <w nite:id="ES2005d.A.words567" starttime="1420.18" endtime="1420.62">solar</w>
   <w nite:id="ES2005d.A.words568" starttime="1420.62" endtime="1421.07">power</w>
   <w nite:id="ES2005d.A.words569" starttime="1421.07" endtime="1421.28">or</w>
   <w nite:id="ES2005d.A.words570" starttime="1421.28" endtime="1422.2">the</w>
   <w nite:id="ES2005d.A.words571" starttime="1422.2" endtime="1422.34">the</w>
   <w nite:id="ES2005d.A.words572" starttime="1422.34" endtime="1423.5">vibrating</w>
   <w nite:id="ES2005d.A.words573" starttime="1423.5" endtime="1423.88">energy</w>
   <w nite:id="ES2005d.A.words574" starttime="1423.88" endtime="1424.44">mechanism</w>
   <w nite:id="ES2005d.A.words575" starttime="1424.44" endtime="1424.44" punc="true">.</w>
   <w nite:id="ES2005d.A.words576" starttime="1424.44" endtime="1424.64">So</w>
   <w nite:id="ES2005d.A.words577" starttime="1424.64" endtime="1424.71">I</w>
   <w nite:id="ES2005d.A.words578" starttime="1424.71" endtime="1424.85">give</w>
   <w nite:id="ES2005d.A.words579" starttime="1424.85" endtime="1424.91">it</w>
   <w nite:id="ES2005d.A.words580" starttime="1424.91" endtime="1425.01">a</w>
   <w nite:id="ES2005d.A.words581" starttime="1425.01" endtime="1426.33">a</w>
   <w nite:id="ES2005d.A.words582" starttime="1426.33" endtime="1426.96">four</w>
   <w nite:id="ES2005d.A.words583" starttime="1426.96" endtime="1426.96" punc="true">.</w>
   <w nite:id="ES2005d.A.words584" starttime="1426.96" endtime="1427.14">I&#39;d</w>
   <w nite:id="ES2005d.A.words585" starttime="1427.14" endtime="1427.26">give</w>
   <w nite:id="ES2005d.A.words586" starttime="1427.26" endtime="1427.32">it</w>
   <w nite:id="ES2005d.A.words587" starttime="1427.32" endtime="1427.35">a</w>
   <w nite:id="ES2005d.A.words588" starttime="1427.35" endtime="1427.58">kinda</w>
   <w nite:id="ES2005d.A.words589" starttime="1427.58" endtime="1427.8">middle</w>
   <w nite:id="ES2005d.A.words590" starttime="1427.8" endtime="1427.86">of</w>
   <w nite:id="ES2005d.A.words591" starttime="1427.86" endtime="1427.96">the</w>
   <w nite:id="ES2005d.A.words592" starttime="1427.96" endtime="1428.22">road</w>
   <w nite:id="ES2005d.A.words593" starttime="1428.22" endtime="1428.49">for</w>
   <w nite:id="ES2005d.A.words594" starttime="1429.64" endtime="1429.74">for</w>
   <w nite:id="ES2005d.A.words595" starttime="1429.74" endtime="1430.43">technology</w>
   <w nite:id="ES2005d.A.words596" starttime="1430.43" endtime="1430.43" punc="true">.</w>
   <vocalsound nite:id="ES2005d.A.words597" starttime="1436.647" endtime="1438.683" type="laugh"/>
   <vocalsound nite:id="ES2005d.A.words598" starttime="1442.231" endtime="1443.682" type="laugh"/>
   <w nite:id="ES2005d.A.words599" starttime="1520.54" endtime="1520.93">Yeah</w>
   <w nite:id="ES2005d.A.words600" starttime="1520.93" endtime="1520.93" punc="true">.</w>
   <w nite:id="ES2005d.A.words601" starttime="1525.7" endtime="1525.96">Well</w>
   <w nite:id="ES2005d.A.words602" starttime="1525.96" endtime="1526.04">it</w>
   <w nite:id="ES2005d.A.words603" starttime="1526.04" endtime="1526.17">was</w>
   <w nite:id="ES2005d.A.words604" starttime="1526.17" endtime="1527.3">yellow</w>
   <w nite:id="ES2005d.A.words605" starttime="1527.3" endtime="1527.3" punc="true">.</w>
   <vocalsound nite:id="ES2005d.A.words606" starttime="1527.3" endtime="1527.42" type="other"/>
   <w nite:id="ES2005d.A.words607" starttime="1547.34" endtime="1547.63">Well</w>
   <w nite:id="ES2005d.A.words608" starttime="1547.63" endtime="1547.63" punc="true">,</w>
   <w nite:id="ES2005d.A.words609" starttime="1547.63" endtime="1547.67">I</w>
   <w nite:id="ES2005d.A.words610" starttime="1547.67" endtime="1547.87">think</w>
   <w nite:id="ES2005d.A.words611" starttime="1547.87" endtime="1548.21">it&#39;s</w>
   <w nite:id="ES2005d.A.words612" starttime="1548.21" endtime="1548.65">the</w>
   <w nite:id="ES2005d.A.words613" starttime="1548.65" endtime="1548.76">the</w>
   <w nite:id="ES2005d.A.words614" starttime="1548.76" endtime="1549.05">remote</w>
   <w nite:id="ES2005d.A.words615" starttime="1549.05" endtime="1549.49">control</w>
   <w nite:id="ES2005d.A.words616" starttime="1549.49" endtime="1550.21">conforms</w>
   <w nite:id="ES2005d.A.words617" starttime="1550.21" endtime="1550.31">to</w>
   <w nite:id="ES2005d.A.words618" starttime="1550.31" endtime="1551.24">the</w>
   <w nite:id="ES2005d.A.words619" starttime="1551.24" endtime="1551.35">the</w>
   <w nite:id="ES2005d.A.words620" starttime="1551.35" endtime="1551.72">company</w>
   <w nite:id="ES2005d.A.words621" starttime="1551.72" endtime="1553.16">strategy</w>
   <w nite:id="ES2005d.A.words622" starttime="1553.16" endtime="1553.16" punc="true">.</w>
   <w nite:id="ES2005d.A.words623" starttime="1553.16" endtime="1553.27">Is</w>
   <w nite:id="ES2005d.A.words624" starttime="1553.27" endtime="1553.42">that</w>
   <w nite:id="ES2005d.A.words625" starttime="1553.42" endtime="1553.49">the</w>
   <w nite:id="ES2005d.A.words626" starttime="1553.49" endtime="1554.13">question</w>
   <w nite:id="ES2005d.A.words627" starttime="1554.13" endtime="1554.13" punc="true">?</w>
   <vocalsound nite:id="ES2005d.A.words628" starttime="1555.231" endtime="1555.762" type="other"/>
   <w nite:id="ES2005d.A.words629" starttime="1556.74" endtime="1557.05">Um</w>
   <w nite:id="ES2005d.A.words630" starttime="1557.05" endtime="1557.05" punc="true">.</w>
   <w nite:id="ES2005d.A.words631" starttime="1561.15" endtime="1561.65">Yeah</w>
   <w nite:id="ES2005d.A.words632" starttime="1561.65" endtime="1561.65" punc="true">.</w>
   <w nite:id="ES2005d.A.words633" starttime="1564.42" endtime="1564.52">I&#39;ll</w>
   <w nite:id="ES2005d.A.words634" starttime="1564.52" endtime="1564.61">go</w>
   <w nite:id="ES2005d.A.words635" starttime="1564.61" endtime="1564.77">with</w>
   <w nite:id="ES2005d.A.words636" starttime="1564.77" endtime="1565.09">two</w>
   <w nite:id="ES2005d.A.words637" starttime="1565.09" endtime="1565.09" punc="true">.</w>
   <vocalsound nite:id="ES2005d.A.words638" starttime="1608.494" endtime="1608.494" type="other"/>
   <w nite:id="ES2005d.A.words639" starttime="1608.72" endtime="1609.15">So</w>
   <w nite:id="ES2005d.A.words640" starttime="1609.15" endtime="1609.39">one</w>
   <w nite:id="ES2005d.A.words641" starttime="1609.39" endtime="1609.5">and</w>
   <w nite:id="ES2005d.A.words642" starttime="1609.5" endtime="1609.55">a</w>
   <w nite:id="ES2005d.A.words643" starttime="1609.55" endtime="1610.2">half</w>
   <w nite:id="ES2005d.A.words644" starttime="1610.2" endtime="1610.2" punc="true">.</w>
   <w nite:id="ES2005d.A.words645" starttime="1614.6" endtime="1614.74">A</w>
   <w nite:id="ES2005d.A.words646" starttime="1614.74" endtime="1615.1">two</w>
   <w nite:id="ES2005d.A.words647" starttime="1615.1" endtime="1615.1" punc="true">.</w>
   <gap nite:id="ES2005d.A.words648" starttime="1615.892" endtime="1616.531"/>
   <w nite:id="ES2005d.A.words649" starttime="1632.38" endtime="1632.83">Yep</w>
   <w nite:id="ES2005d.A.words650" starttime="1632.83" endtime="1632.83" punc="true">.</w>
   <w nite:id="ES2005d.A.words651" starttime="1634.68" endtime="1634.98" trunc="true">S</w>
   <vocalsound nite:id="ES2005d.A.words652" starttime="1658.709" endtime="1658.709" type="other"/>
   <w nite:id="ES2005d.A.words653" starttime="1659.27" endtime="1659.63">Okay</w>
   <w nite:id="ES2005d.A.words654" starttime="1659.63" endtime="1659.63" punc="true">.</w>
   <vocalsound nite:id="ES2005d.A.words655" starttime="1661.44" endtime="1661.792" type="cough"/>
   <w nite:id="ES2005d.A.words656" starttime="1663.23" endtime="1664.07">Uh</w>
   <w nite:id="ES2005d.A.words657" starttime="1664.07" endtime="1664.07" punc="true">.</w>
</nite:root>