<?xml version="1.0" encoding="ISO-8859-1" standalone="yes"?>
<nite:root nite:id="EN2002b.A.segs" xmlns:nite="http://nite.sourceforge.net/">
   <segment nite:id="EN2002b.sync.4" channel="0" transcriber_start="24.159" transcriber_end="28.547">
      <nite:child href="EN2002b.A.words.xml#id(EN2002b.A.words0)..id(EN2002b.A.words8)"/>
   </segment>
   <segment nite:id="EN2002b.sync.6" channel="0" transcriber_start="35.941" transcriber_end="36.531">
      <nite:child href="EN2002b.A.words.xml#id(EN2002b.A.words9)..id(EN2002b.A.words10)"/>
   </segment>
   <segment nite:id="EN2002b.sync.8" channel="0" transcriber_start="37.8" transcriber_end="38.515">
      <nite:child href="EN2002b.A.words.xml#id(EN2002b.A.words11)"/>
   </segment>
   <segment nite:id="EN2002b.sync.10" channel="0" transcriber_start="41.632" transcriber_end="44.149">
      <nite:child href="EN2002b.A.words.xml#id(EN2002b.A.words12)..id(EN2002b.A.words18)"/>
   </segment>
   <segment nite:id="EN2002b.sync.12" channel="0" transcriber_start="45.792" transcriber_end="47.113">
      <nite:child href="EN2002b.A.words.xml#id(EN2002b.A.words19)..id(EN2002b.A.words23)"/>
   </segment>
   <segment nite:id="EN2002b.sync.14" channel="0" transcriber_start="58.652" transcriber_end="59.068">
      <nite:child href="EN2002b.A.words.xml#id(EN2002b.A.words24)..id(EN2002b.A.words25)"/>
   </segment>
   <segment nite:id="EN2002b.sync.16" channel="0" transcriber_start="61.928" transcriber_end="62.651">
      <nite:child href="EN2002b.A.words.xml#id(EN2002b.A.words26)..id(EN2002b.A.words28)"/>
   </segment>
   <segment nite:id="EN2002b.sync.18" channel="0" transcriber_start="81.664" transcriber_end="89.744">
      <nite:child href="EN2002b.A.words.xml#id(EN2002b.A.words29)..id(EN2002b.A.words41)"/>
   </segment>
   <segment nite:id="EN2002b.sync.20" channel="0" transcriber_start="141.472" transcriber_end="143.312">
      <nite:child href="EN2002b.A.words.xml#id(EN2002b.A.words42)..id(EN2002b.A.words46)"/>
   </segment>
   <segment nite:id="EN2002b.sync.22" channel="0" transcriber_start="189.752" transcriber_end="190.434">
      <nite:child href="EN2002b.A.words.xml#id(EN2002b.A.words47)"/>
   </segment>
   <segment nite:id="EN2002b.sync.24" channel="0" transcriber_start="211.818" transcriber_end="213.46">
      <nite:child href="EN2002b.A.words.xml#id(EN2002b.A.words48)..id(EN2002b.A.words49)"/>
   </segment>
   <segment nite:id="EN2002b.sync.26" channel="0" transcriber_start="231.2" transcriber_end="251.328">
      <nite:child href="EN2002b.A.words.xml#id(EN2002b.A.words50)..id(EN2002b.A.words85)"/>
   </segment>
   <segment nite:id="EN2002b.sync.28" channel="0" transcriber_start="252.672" transcriber_end="255.449">
      <nite:child href="EN2002b.A.words.xml#id(EN2002b.A.words86)..id(EN2002b.A.words92)"/>
   </segment>
   <segment nite:id="EN2002b.sync.30" channel="0" transcriber_start="264.08" transcriber_end="302.722">
      <nite:child href="EN2002b.A.words.xml#id(EN2002b.A.words93)..id(EN2002b.A.words157)"/>
   </segment>
   <segment nite:id="EN2002b.sync.32" channel="0" transcriber_start="305.295" transcriber_end="305.877">
      <nite:child href="EN2002b.A.words.xml#id(EN2002b.A.words158)..id(EN2002b.A.words159)"/>
   </segment>
   <segment nite:id="EN2002b.sync.34" channel="0" transcriber_start="307.616" transcriber_end="318.272">
      <nite:child href="EN2002b.A.words.xml#id(EN2002b.A.words160)..id(EN2002b.A.words202)"/>
   </segment>
   <segment nite:id="EN2002b.sync.36" channel="0" transcriber_start="330.976" transcriber_end="345.891">
      <nite:child href="EN2002b.A.words.xml#id(EN2002b.A.words203)..id(EN2002b.A.words238)"/>
   </segment>
   <segment nite:id="EN2002b.sync.38" channel="0" transcriber_start="348.186" transcriber_end="352.758">
      <nite:child href="EN2002b.A.words.xml#id(EN2002b.A.words239)..id(EN2002b.A.words252)"/>
   </segment>
   <segment nite:id="EN2002b.sync.40" channel="0" transcriber_start="355.479" transcriber_end="355.969">
      <nite:child href="EN2002b.A.words.xml#id(EN2002b.A.words253)..id(EN2002b.A.words254)"/>
   </segment>
   <segment nite:id="EN2002b.sync.42" channel="0" transcriber_start="363.328" transcriber_end="363.769">
      <nite:child href="EN2002b.A.words.xml#id(EN2002b.A.words255)..id(EN2002b.A.words256)"/>
   </segment>
   <segment nite:id="EN2002b.sync.44" channel="0" transcriber_start="364.795" transcriber_end="368.997">
      <nite:child href="EN2002b.A.words.xml#id(EN2002b.A.words257)"/>
   </segment>
   <segment nite:id="EN2002b.sync.46" channel="0" transcriber_start="372.792" transcriber_end="375.935">
      <nite:child href="EN2002b.A.words.xml#id(EN2002b.A.words258)..id(EN2002b.A.words269)"/>
   </segment>
   <segment nite:id="EN2002b.sync.48" channel="0" transcriber_start="382.243" transcriber_end="382.8">
      <nite:child href="EN2002b.A.words.xml#id(EN2002b.A.words270)..id(EN2002b.A.words271)"/>
   </segment>
   <segment nite:id="EN2002b.sync.50" channel="0" transcriber_start="401.088" transcriber_end="401.674">
      <nite:child href="EN2002b.A.words.xml#id(EN2002b.A.words272)..id(EN2002b.A.words273)"/>
   </segment>
   <segment nite:id="EN2002b.sync.52" channel="0" transcriber_start="417.467" transcriber_end="419.463">
      <nite:child href="EN2002b.A.words.xml#id(EN2002b.A.words274)..id(EN2002b.A.words281)"/>
   </segment>
   <segment nite:id="EN2002b.sync.54" channel="0" transcriber_start="420.404" transcriber_end="421.526">
      <nite:child href="EN2002b.A.words.xml#id(EN2002b.A.words282)..id(EN2002b.A.words284)"/>
   </segment>
   <segment nite:id="EN2002b.sync.56" channel="0" transcriber_start="426.174" transcriber_end="449.503">
      <nite:child href="EN2002b.A.words.xml#id(EN2002b.A.words285)..id(EN2002b.A.words321)"/>
   </segment>
   <segment nite:id="EN2002b.sync.58" channel="0" transcriber_start="474.825" transcriber_end="475.623">
      <nite:child href="EN2002b.A.words.xml#id(EN2002b.A.words322)"/>
   </segment>
   <segment nite:id="EN2002b.sync.60" channel="0" transcriber_start="495.956" transcriber_end="496.33">
      <nite:child href="EN2002b.A.words.xml#id(EN2002b.A.words323)..id(EN2002b.A.words324)"/>
   </segment>
   <segment nite:id="EN2002b.sync.62" channel="0" transcriber_start="520.085" transcriber_end="521.033">
      <nite:child href="EN2002b.A.words.xml#id(EN2002b.A.words325)"/>
   </segment>
   <segment nite:id="EN2002b.sync.64" channel="0" transcriber_start="534.198" transcriber_end="534.713">
      <nite:child href="EN2002b.A.words.xml#id(EN2002b.A.words326)..id(EN2002b.A.words327)"/>
   </segment>
   <segment nite:id="EN2002b.sync.66" channel="0" transcriber_start="536.648" transcriber_end="540.24">
      <nite:child href="EN2002b.A.words.xml#id(EN2002b.A.words328)..id(EN2002b.A.words337)"/>
   </segment>
   <segment nite:id="EN2002b.sync.68" channel="0" transcriber_start="567.904" transcriber_end="580.769">
      <nite:child href="EN2002b.A.words.xml#id(EN2002b.A.words338)..id(EN2002b.A.words388)"/>
   </segment>
   <segment nite:id="EN2002b.sync.70" channel="0" transcriber_start="581.983" transcriber_end="585.931">
      <nite:child href="EN2002b.A.words.xml#id(EN2002b.A.words389)..id(EN2002b.A.words396)"/>
   </segment>
   <segment nite:id="EN2002b.sync.72" channel="0" transcriber_start="587.685" transcriber_end="593.824">
      <nite:child href="EN2002b.A.words.xml#id(EN2002b.A.words397)..id(EN2002b.A.words419)"/>
   </segment>
   <segment nite:id="EN2002b.sync.74" channel="0" transcriber_start="595.632" transcriber_end="598.768">
      <nite:child href="EN2002b.A.words.xml#id(EN2002b.A.words420)..id(EN2002b.A.words429)"/>
   </segment>
   <segment nite:id="EN2002b.sync.76" channel="0" transcriber_start="599.634" transcriber_end="601.311">
      <nite:child href="EN2002b.A.words.xml#id(EN2002b.A.words430)"/>
   </segment>
   <segment nite:id="EN2002b.sync.78" channel="0" transcriber_start="603.767" transcriber_end="607.143">
      <nite:child href="EN2002b.A.words.xml#id(EN2002b.A.words431)..id(EN2002b.A.words440)"/>
   </segment>
   <segment nite:id="EN2002b.sync.80" channel="0" transcriber_start="612.208" transcriber_end="612.589">
      <nite:child href="EN2002b.A.words.xml#id(EN2002b.A.words441)..id(EN2002b.A.words442)"/>
   </segment>
   <segment nite:id="EN2002b.sync.82" channel="0" transcriber_start="614.4" transcriber_end="614.944">
      <nite:child href="EN2002b.A.words.xml#id(EN2002b.A.words443)..id(EN2002b.A.words444)"/>
   </segment>
   <segment nite:id="EN2002b.sync.84" channel="0" transcriber_start="635.048" transcriber_end="636.146">
      <nite:child href="EN2002b.A.words.xml#id(EN2002b.A.words445)"/>
   </segment>
   <segment nite:id="EN2002b.sync.86" channel="0" transcriber_start="639.264" transcriber_end="639.705">
      <nite:child href="EN2002b.A.words.xml#id(EN2002b.A.words446)..id(EN2002b.A.words447)"/>
   </segment>
   <segment nite:id="EN2002b.sync.88" channel="0" transcriber_start="642.128" transcriber_end="653.651">
      <nite:child href="EN2002b.A.words.xml#id(EN2002b.A.words448)..id(EN2002b.A.words491)"/>
   </segment>
   <segment nite:id="EN2002b.sync.90" channel="0" transcriber_start="656.628" transcriber_end="657.451">
      <nite:child href="EN2002b.A.words.xml#id(EN2002b.A.words492)"/>
   </segment>
   <segment nite:id="EN2002b.sync.92" channel="0" transcriber_start="658.426" transcriber_end="663.569">
      <nite:child href="EN2002b.A.words.xml#id(EN2002b.A.words493)..id(EN2002b.A.words514)"/>
   </segment>
   <segment nite:id="EN2002b.sync.94" channel="0" transcriber_start="666.155" transcriber_end="668.142">
      <nite:child href="EN2002b.A.words.xml#id(EN2002b.A.words515)..id(EN2002b.A.words521)"/>
   </segment>
   <segment nite:id="EN2002b.sync.96" channel="0" transcriber_start="675.792" transcriber_end="702.032">
      <nite:child href="EN2002b.A.words.xml#id(EN2002b.A.words522)..id(EN2002b.A.words603)"/>
   </segment>
   <segment nite:id="EN2002b.sync.98" channel="0" transcriber_start="705.504" transcriber_end="705.897">
      <nite:child href="EN2002b.A.words.xml#id(EN2002b.A.words604)..id(EN2002b.A.words605)"/>
   </segment>
   <segment nite:id="EN2002b.sync.100" channel="0" transcriber_start="711.92" transcriber_end="712.426">
      <nite:child href="EN2002b.A.words.xml#id(EN2002b.A.words606)..id(EN2002b.A.words607)"/>
   </segment>
   <segment nite:id="EN2002b.sync.102" channel="0" transcriber_start="718.816" transcriber_end="719.232">
      <nite:child href="EN2002b.A.words.xml#id(EN2002b.A.words608)..id(EN2002b.A.words609)"/>
   </segment>
   <segment nite:id="EN2002b.sync.104" channel="0" transcriber_start="729.739" transcriber_end="730.155">
      <nite:child href="EN2002b.A.words.xml#id(EN2002b.A.words610)..id(EN2002b.A.words611)"/>
   </segment>
   <segment nite:id="EN2002b.sync.106" channel="0" transcriber_start="731.76" transcriber_end="732.144">
      <nite:child href="EN2002b.A.words.xml#id(EN2002b.A.words612)..id(EN2002b.A.words613)"/>
   </segment>
   <segment nite:id="EN2002b.sync.108" channel="0" transcriber_start="734.016" transcriber_end="734.384">
      <nite:child href="EN2002b.A.words.xml#id(EN2002b.A.words614)..id(EN2002b.A.words615)"/>
   </segment>
   <segment nite:id="EN2002b.sync.110" channel="0" transcriber_start="736.384" transcriber_end="736.784">
      <nite:child href="EN2002b.A.words.xml#id(EN2002b.A.words616)..id(EN2002b.A.words617)"/>
   </segment>
   <segment nite:id="EN2002b.sync.112" channel="0" transcriber_start="740.976" transcriber_end="743.743">
      <nite:child href="EN2002b.A.words.xml#id(EN2002b.A.words618)..id(EN2002b.A.words629)"/>
   </segment>
   <segment nite:id="EN2002b.sync.114" channel="0" transcriber_start="744.965" transcriber_end="746.179">
      <nite:child href="EN2002b.A.words.xml#id(EN2002b.A.words630)..id(EN2002b.A.words635)"/>
   </segment>
   <segment nite:id="EN2002b.sync.116" channel="0" transcriber_start="748.416" transcriber_end="749.024">
      <nite:child href="EN2002b.A.words.xml#id(EN2002b.A.words636)..id(EN2002b.A.words640)"/>
   </segment>
   <segment nite:id="EN2002b.sync.118" channel="0" transcriber_start="752.24" transcriber_end="752.664">
      <nite:child href="EN2002b.A.words.xml#id(EN2002b.A.words641)..id(EN2002b.A.words642)"/>
   </segment>
   <segment nite:id="EN2002b.sync.120" channel="0" transcriber_start="754.8" transcriber_end="755.696">
      <nite:child href="EN2002b.A.words.xml#id(EN2002b.A.words643)..id(EN2002b.A.words644)"/>
   </segment>
   <segment nite:id="EN2002b.sync.122" channel="0" transcriber_start="757.744" transcriber_end="759.776">
      <nite:child href="EN2002b.A.words.xml#id(EN2002b.A.words645)..id(EN2002b.A.words653)"/>
   </segment>
   <segment nite:id="EN2002b.sync.124" channel="0" transcriber_start="762.352" transcriber_end="763.616">
      <nite:child href="EN2002b.A.words.xml#id(EN2002b.A.words654)"/>
   </segment>
   <segment nite:id="EN2002b.sync.126" channel="0" transcriber_start="797.672" transcriber_end="798.678">
      <nite:child href="EN2002b.A.words.xml#id(EN2002b.A.words655)"/>
   </segment>
   <segment nite:id="EN2002b.sync.128" channel="0" transcriber_start="892.096" transcriber_end="896.453">
      <nite:child href="EN2002b.A.words.xml#id(EN2002b.A.words656)..id(EN2002b.A.words660)"/>
   </segment>
   <segment nite:id="EN2002b.sync.130" channel="0" transcriber_start="907.519" transcriber_end="908.659">
      <nite:child href="EN2002b.A.words.xml#id(EN2002b.A.words661)..id(EN2002b.A.words666)"/>
   </segment>
   <segment nite:id="EN2002b.sync.132" channel="0" transcriber_start="1159.062" transcriber_end="1159.92">
      <nite:child href="EN2002b.A.words.xml#id(EN2002b.A.words667)..id(EN2002b.A.words671)"/>
   </segment>
   <segment nite:id="EN2002b.sync.134" channel="0" transcriber_start="1161.072" transcriber_end="1161.701">
      <nite:child href="EN2002b.A.words.xml#id(EN2002b.A.words672)"/>
   </segment>
   <segment nite:id="EN2002b.sync.136" channel="0" transcriber_start="1162.557" transcriber_end="1162.818">
      <nite:child href="EN2002b.A.words.xml#id(EN2002b.A.words673)"/>
   </segment>
   <segment nite:id="EN2002b.sync.138" channel="0" transcriber_start="1163.898" transcriber_end="1164.457">
      <nite:child href="EN2002b.A.words.xml#id(EN2002b.A.words674)"/>
   </segment>
   <segment nite:id="EN2002b.sync.140" channel="0" transcriber_start="1165.148" transcriber_end="1166.919">
      <nite:child href="EN2002b.A.words.xml#id(EN2002b.A.words675)..id(EN2002b.A.words677)"/>
   </segment>
   <segment nite:id="EN2002b.sync.142" channel="0" transcriber_start="1176.619" transcriber_end="1177.85">
      <nite:child href="EN2002b.A.words.xml#id(EN2002b.A.words678)"/>
   </segment>
   <segment nite:id="EN2002b.sync.144" channel="0" transcriber_start="1186.432" transcriber_end="1187.248">
      <nite:child href="EN2002b.A.words.xml#id(EN2002b.A.words679)..id(EN2002b.A.words683)"/>
   </segment>
   <segment nite:id="EN2002b.sync.146" channel="0" transcriber_start="1216.277" transcriber_end="1217.507">
      <nite:child href="EN2002b.A.words.xml#id(EN2002b.A.words684)..id(EN2002b.A.words688)"/>
   </segment>
   <segment nite:id="EN2002b.sync.148" channel="0" transcriber_start="1231.376" transcriber_end="1232.054">
      <nite:child href="EN2002b.A.words.xml#id(EN2002b.A.words689)..id(EN2002b.A.words690)"/>
   </segment>
   <segment nite:id="EN2002b.sync.150" channel="0" transcriber_start="1237.22" transcriber_end="1238.359">
      <nite:child href="EN2002b.A.words.xml#id(EN2002b.A.words691)..id(EN2002b.A.words694)"/>
   </segment>
   <segment nite:id="EN2002b.sync.152" channel="0" transcriber_start="1244.97" transcriber_end="1245.452">
      <nite:child href="EN2002b.A.words.xml#id(EN2002b.A.words695)..id(EN2002b.A.words696)"/>
   </segment>
   <segment nite:id="EN2002b.sync.154" channel="0" transcriber_start="1247.977" transcriber_end="1248.592">
      <nite:child href="EN2002b.A.words.xml#id(EN2002b.A.words697)..id(EN2002b.A.words698)"/>
   </segment>
   <segment nite:id="EN2002b.sync.156" channel="0" transcriber_start="1252.864" transcriber_end="1255.307">
      <nite:child href="EN2002b.A.words.xml#id(EN2002b.A.words699)..id(EN2002b.A.words711)"/>
   </segment>
   <segment nite:id="EN2002b.sync.158" channel="0" transcriber_start="1256.48" transcriber_end="1256.864">
      <nite:child href="EN2002b.A.words.xml#id(EN2002b.A.words712)..id(EN2002b.A.words713)"/>
   </segment>
   <segment nite:id="EN2002b.sync.160" channel="0" transcriber_start="1268.694" transcriber_end="1271.52">
      <nite:child href="EN2002b.A.words.xml#id(EN2002b.A.words714)..id(EN2002b.A.words725)"/>
   </segment>
   <segment nite:id="EN2002b.sync.162" channel="0" transcriber_start="1272.88" transcriber_end="1275.776">
      <nite:child href="EN2002b.A.words.xml#id(EN2002b.A.words726)..id(EN2002b.A.words736)"/>
   </segment>
   <segment nite:id="EN2002b.sync.164" channel="0" transcriber_start="1277.136" transcriber_end="1284.592">
      <nite:child href="EN2002b.A.words.xml#id(EN2002b.A.words737)..id(EN2002b.A.words762)"/>
   </segment>
   <segment nite:id="EN2002b.sync.166" channel="0" transcriber_start="1286.416" transcriber_end="1288.192">
      <nite:child href="EN2002b.A.words.xml#id(EN2002b.A.words763)..id(EN2002b.A.words770)"/>
   </segment>
   <segment nite:id="EN2002b.sync.168" channel="0" transcriber_start="1289.872" transcriber_end="1295.109">
      <nite:child href="EN2002b.A.words.xml#id(EN2002b.A.words771)..id(EN2002b.A.words789)"/>
   </segment>
   <segment nite:id="EN2002b.sync.170" channel="0" transcriber_start="1296.018" transcriber_end="1296.443">
      <nite:child href="EN2002b.A.words.xml#id(EN2002b.A.words790)..id(EN2002b.A.words791)"/>
   </segment>
   <segment nite:id="EN2002b.sync.172" channel="0" transcriber_start="1308.585" transcriber_end="1309.503">
      <nite:child href="EN2002b.A.words.xml#id(EN2002b.A.words792)..id(EN2002b.A.words796)"/>
   </segment>
   <segment nite:id="EN2002b.sync.174" channel="0" transcriber_start="1316.752" transcriber_end="1323.381">
      <nite:child href="EN2002b.A.words.xml#id(EN2002b.A.words797)..id(EN2002b.A.words816)"/>
   </segment>
   <segment nite:id="EN2002b.sync.176" channel="0" transcriber_start="1339.296" transcriber_end="1339.626">
      <nite:child href="EN2002b.A.words.xml#id(EN2002b.A.words817)..id(EN2002b.A.words818)"/>
   </segment>
   <segment nite:id="EN2002b.sync.178" channel="0" transcriber_start="1460.16" transcriber_end="1460.794">
      <nite:child href="EN2002b.A.words.xml#id(EN2002b.A.words819)"/>
   </segment>
   <segment nite:id="EN2002b.sync.180" channel="0" transcriber_start="1522.71" transcriber_end="1523.5">
      <nite:child href="EN2002b.A.words.xml#id(EN2002b.A.words820)"/>
   </segment>
   <segment nite:id="EN2002b.sync.182" channel="0" transcriber_start="1534.864" transcriber_end="1535.674">
      <nite:child href="EN2002b.A.words.xml#id(EN2002b.A.words821)"/>
   </segment>
   <segment nite:id="EN2002b.sync.184" channel="0" transcriber_start="1538.485" transcriber_end="1540.432">
      <nite:child href="EN2002b.A.words.xml#id(EN2002b.A.words822)..id(EN2002b.A.words829)"/>
   </segment>
   <segment nite:id="EN2002b.sync.186" channel="0" transcriber_start="1626.234" transcriber_end="1626.756">
      <nite:child href="EN2002b.A.words.xml#id(EN2002b.A.words830)..id(EN2002b.A.words831)"/>
   </segment>
   <segment nite:id="EN2002b.sync.188" channel="0" transcriber_start="1693.253" transcriber_end="1693.893">
      <nite:child href="EN2002b.A.words.xml#id(EN2002b.A.words832)..id(EN2002b.A.words833)"/>
   </segment>
   <segment nite:id="EN2002b.sync.190" channel="0" transcriber_start="1695.376" transcriber_end="1695.761">
      <nite:child href="EN2002b.A.words.xml#id(EN2002b.A.words834)..id(EN2002b.A.words835)"/>
   </segment>
   <segment nite:id="EN2002b.sync.192" channel="0" transcriber_start="1696.832" transcriber_end="1705.526">
      <nite:child href="EN2002b.A.words.xml#id(EN2002b.A.words836)..id(EN2002b.A.words844)"/>
   </segment>
   <segment nite:id="EN2002b.sync.194" channel="0" transcriber_start="1716.848" transcriber_end="1718.117">
      <nite:child href="EN2002b.A.words.xml#id(EN2002b.A.words845)..id(EN2002b.A.words847)"/>
   </segment>
   <segment nite:id="EN2002b.sync.196" channel="0" transcriber_start="1719.792" transcriber_end="1723.584">
      <nite:child href="EN2002b.A.words.xml#id(EN2002b.A.words848)..id(EN2002b.A.words863)"/>
   </segment>
   <segment nite:id="EN2002b.sync.198" channel="0" transcriber_start="1726.817" transcriber_end="1730.959">
      <nite:child href="EN2002b.A.words.xml#id(EN2002b.A.words864)..id(EN2002b.A.words874)"/>
   </segment>
   <segment nite:id="EN2002b.sync.200" channel="0" transcriber_start="1732.5" transcriber_end="1747.202">
      <nite:child href="EN2002b.A.words.xml#id(EN2002b.A.words875)..id(EN2002b.A.words909)"/>
   </segment>
   <segment nite:id="EN2002b.sync.202" channel="0" transcriber_start="1750.598" transcriber_end="1751.04">
      <nite:child href="EN2002b.A.words.xml#id(EN2002b.A.words910)..id(EN2002b.A.words911)"/>
   </segment>
   <segment nite:id="EN2002b.sync.204" channel="0" transcriber_start="1752.519" transcriber_end="1763.68">
      <nite:child href="EN2002b.A.words.xml#id(EN2002b.A.words912)..id(EN2002b.A.words935)"/>
   </segment>
   <segment nite:id="EN2002b.sync.206" channel="0" transcriber_start="1765.136" transcriber_end="1765.818">
      <nite:child href="EN2002b.A.words.xml#id(EN2002b.A.words936)..id(EN2002b.A.words937)"/>
   </segment>
   <segment nite:id="EN2002b.sync.208" channel="0" transcriber_start="1766.944" transcriber_end="1767.664">
      <nite:child href="EN2002b.A.words.xml#id(EN2002b.A.words938)"/>
   </segment>
   <segment nite:id="EN2002b.sync.210" channel="0" transcriber_start="1768.736" transcriber_end="1773.744">
      <nite:child href="EN2002b.A.words.xml#id(EN2002b.A.words939)..id(EN2002b.A.words943)"/>
   </segment>
</nite:root>