<?xml version="1.0" encoding="ISO-8859-1" standalone="yes"?>
<nite:root nite:id="Bed016.A.segs" xmlns:nite="http://nite.sourceforge.net/">
   <segment nite:id="Bed016.segment.2" starttime="1.98" endtime="3.2" participant="fe004" timing-provenance="dialogueact">
      <nite:child href="Bed016.A.words.xml#id(Bed016.w.10)..id(Bed016.w.14)"/>
   </segment>
   <segment nite:id="Bed016.segment.7" starttime="12.852" endtime="13.402" participant="fe004" timing-provenance="dialogueact">
      <nite:child href="Bed016.A.words.xml#id(Bed016.w.53)..id(Bed016.w.56)"/>
   </segment>
   <segment nite:id="Bed016.segment.8" starttime="15.09" endtime="15.22" participant="fe004" timing-provenance="dialogueact">
      <nite:child href="Bed016.A.words.xml#id(Bed016.w.57)..id(Bed016.w.58)"/>
   </segment>
   <segment nite:id="Bed016.segment.9" starttime="15.95" endtime="19.07" participant="fe004" timing-provenance="dialogueact">
      <nite:child href="Bed016.A.words.xml#id(Bed016.w.59)..id(Bed016.w.76)"/>
   </segment>
   <segment nite:id="Bed016.segment.13" starttime="23.2" endtime="25.71" participant="fe004" timing-provenance="dialogueact">
      <nite:child href="Bed016.A.words.xml#id(Bed016.w.116)..id(Bed016.w.121)"/>
   </segment>
   <segment nite:id="Bed016.segment.17" starttime="26.83" endtime="30.03" participant="fe004" timing-provenance="segment">
      <nite:child href="Bed016.A.words.xml#id(Bed016.vocalsound.2)"/>
   </segment>
   <segment nite:id="Bed016.segment.19" starttime="30.804" endtime="35.15" participant="fe004" timing-provenance="segment">
      <nite:child href="Bed016.A.words.xml#id(Bed016.w.146)..id(Bed016.vocalsound.4)"/>
   </segment>
   <segment nite:id="Bed016.segment.23" starttime="36.0" endtime="38.98" participant="fe004" timing-provenance="dialogueact">
      <nite:child href="Bed016.A.words.xml#id(Bed016.w.175)..id(Bed016.w.191)"/>
   </segment>
   <segment nite:id="Bed016.segment.30" starttime="40.16" endtime="43.76" participant="fe004" timing-provenance="dialogueact">
      <nite:child href="Bed016.A.words.xml#id(Bed016.w.202)..id(Bed016.w.223)"/>
   </segment>
   <segment nite:id="Bed016.segment.39" starttime="50.39" endtime="53.47" participant="fe004" timing-provenance="segment">
      <nite:child href="Bed016.A.words.xml#id(Bed016.w.260)..id(Bed016.vocalsound.12)"/>
   </segment>
   <segment nite:id="Bed016.segment.41" starttime="54.61" endtime="56.91" participant="fe004" timing-provenance="segment">
      <nite:child href="Bed016.A.words.xml#id(Bed016.w.287)..id(Bed016.comment.2)"/>
   </segment>
   <segment nite:id="Bed016.segment.47" starttime="67.13" endtime="67.26" participant="fe004" timing-provenance="dialogueact">
      <nite:child href="Bed016.A.words.xml#id(Bed016.w.331)..id(Bed016.w.332)"/>
   </segment>
   <segment nite:id="Bed016.segment.55" starttime="85.1" endtime="85.46" participant="fe004" timing-provenance="dialogueact">
      <nite:child href="Bed016.A.words.xml#id(Bed016.w.375)..id(Bed016.w.376)"/>
   </segment>
   <segment nite:id="Bed016.segment.58" starttime="88.27" endtime="90.83" participant="fe004" timing-provenance="dialogueact">
      <nite:child href="Bed016.A.words.xml#id(Bed016.w.397)..id(Bed016.w.406)"/>
   </segment>
   <segment nite:id="Bed016.segment.67" starttime="94.6" endtime="95.31" participant="fe004" timing-provenance="dialogueact">
      <nite:child href="Bed016.A.words.xml#id(Bed016.w.460)..id(Bed016.w.463)"/>
   </segment>
   <segment nite:id="Bed016.segment.72" starttime="96.35" endtime="99.31" participant="fe004" timing-provenance="segment">
      <nite:child href="Bed016.A.words.xml#id(Bed016.vocalsound.25)..id(Bed016.w.480)"/>
   </segment>
   <segment nite:id="Bed016.segment.76" starttime="101.14" endtime="102.78" participant="fe004" timing-provenance="segment">
      <nite:child href="Bed016.A.words.xml#id(Bed016.w.505)..id(Bed016.vocalsound.26)"/>
   </segment>
   <segment nite:id="Bed016.segment.80" starttime="103.95" endtime="104.17" participant="fe004" timing-provenance="dialogueact">
      <nite:child href="Bed016.A.words.xml#id(Bed016.w.522)..id(Bed016.w.523)"/>
   </segment>
   <segment nite:id="Bed016.segment.86" starttime="107.203" endtime="108.37" participant="fe004" timing-provenance="segment">
      <nite:child href="Bed016.A.words.xml#id(Bed016.vocalsound.27)"/>
   </segment>
   <segment nite:id="Bed016.segment.90" starttime="108.967" endtime="113.37" participant="fe004" digittask="true" timing-provenance="segment">
      <nite:child href="Bed016.A.words.xml#id(Bed016.w.595)..id(Bed016.comment.13)"/>
   </segment>
   <segment nite:id="Bed016.segment.96" starttime="114.2" endtime="118.77" participant="fe004" digittask="true" timing-provenance="segment">
      <nite:child href="Bed016.A.words.xml#id(Bed016.w.663)..id(Bed016.comment.21)"/>
   </segment>
   <segment nite:id="Bed016.segment.102" starttime="120.03" endtime="125.2" participant="fe004" digittask="true" timing-provenance="segment">
      <nite:child href="Bed016.A.words.xml#id(Bed016.w.738)..id(Bed016.comment.27)"/>
   </segment>
   <segment nite:id="Bed016.segment.110" starttime="125.764" endtime="128.92" participant="fe004" digittask="true" timing-provenance="segment">
      <nite:child href="Bed016.A.words.xml#id(Bed016.w.832)..id(Bed016.comment.35)"/>
   </segment>
   <segment nite:id="Bed016.segment.115" starttime="129.61" endtime="133.14" participant="fe004" digittask="true" timing-provenance="segment">
      <nite:child href="Bed016.A.words.xml#id(Bed016.w.889)..id(Bed016.comment.40)"/>
   </segment>
   <segment nite:id="Bed016.segment.121" starttime="134.57" endtime="138.46" participant="fe004" digittask="true" timing-provenance="segment">
      <nite:child href="Bed016.A.words.xml#id(Bed016.w.969)..id(Bed016.comment.46)"/>
   </segment>
   <segment nite:id="Bed016.segment.127" starttime="139.82" endtime="142.94" participant="fe004" digittask="true" timing-provenance="segment">
      <nite:child href="Bed016.A.words.xml#id(Bed016.w.1,051)..id(Bed016.comment.52)"/>
   </segment>
   <segment nite:id="Bed016.segment.131" starttime="143.245" endtime="147.13" participant="fe004" digittask="true" timing-provenance="segment">
      <nite:child href="Bed016.A.words.xml#id(Bed016.w.1,102)..id(Bed016.comment.56)"/>
   </segment>
   <segment nite:id="Bed016.segment.135" starttime="147.881" endtime="150.48" participant="fe004" timing-provenance="segment">
      <nite:child href="Bed016.A.words.xml#id(Bed016.vocalsound.28)"/>
   </segment>
   <segment nite:id="Bed016.segment.137" starttime="151.08" endtime="154.2" participant="fe004" timing-provenance="segment">
      <nite:child href="Bed016.A.words.xml#id(Bed016.w.1,143)..id(Bed016.vocalsound.30)"/>
   </segment>
   <segment nite:id="Bed016.segment.143" starttime="154.9" endtime="156.98" participant="fe004" timing-provenance="segment">
      <nite:child href="Bed016.A.words.xml#id(Bed016.vocalsound.35)"/>
   </segment>
   <segment nite:id="Bed016.segment.154" starttime="169.66" endtime="172.36" participant="fe004" timing-provenance="segment">
      <nite:child href="Bed016.A.words.xml#id(Bed016.w.1,182)..id(Bed016.vocalsound.42)"/>
   </segment>
   <segment nite:id="Bed016.segment.158" starttime="172.44" endtime="176.759" participant="fe004" timing-provenance="segment">
      <nite:child href="Bed016.A.words.xml#id(Bed016.w.1,198)..id(Bed016.vocalsound.45)"/>
   </segment>
   <segment nite:id="Bed016.segment.164" starttime="176.799" endtime="178.269" participant="fe004" timing-provenance="dialogueact">
      <nite:child href="Bed016.A.words.xml#id(Bed016.w.1,218)..id(Bed016.w.1,224)"/>
   </segment>
   <segment nite:id="Bed016.segment.166" starttime="183.429" endtime="184.63" participant="fe004" timing-provenance="segment">
      <nite:child href="Bed016.A.words.xml#id(Bed016.vocalsound.51)"/>
   </segment>
   <segment nite:id="Bed016.segment.168" starttime="189.47" endtime="189.974" participant="fe004" timing-provenance="segment">
      <nite:child href="Bed016.A.words.xml#id(Bed016.vocalsound.53)"/>
   </segment>
   <segment nite:id="Bed016.segment.173" starttime="197.0" endtime="197.3" participant="fe004" timing-provenance="dialogueact">
      <nite:child href="Bed016.A.words.xml#id(Bed016.w.1,257)..id(Bed016.w.1,259)"/>
   </segment>
   <segment nite:id="Bed016.segment.175" starttime="198.933" endtime="199.203" participant="fe004" timing-provenance="dialogueact">
      <nite:child href="Bed016.A.words.xml#id(Bed016.w.1,263)..id(Bed016.w.1,264)"/>
   </segment>
   <segment nite:id="Bed016.segment.186" starttime="232.45" endtime="233.28" participant="fe004" timing-provenance="dialogueact">
      <nite:child href="Bed016.A.words.xml#id(Bed016.w.1,387)..id(Bed016.w.1,391)"/>
   </segment>
   <segment nite:id="Bed016.segment.187" starttime="233.78" endtime="234.22" participant="fe004" timing-provenance="dialogueact">
      <nite:child href="Bed016.A.words.xml#id(Bed016.w.1,392)..id(Bed016.w.1,393)"/>
   </segment>
   <segment nite:id="Bed016.segment.189" starttime="236.08" endtime="236.8" participant="fe004" timing-provenance="dialogueact">
      <nite:child href="Bed016.A.words.xml#id(Bed016.w.1,404)..id(Bed016.w.1,407)"/>
   </segment>
   <segment nite:id="Bed016.segment.190" starttime="237.76" endtime="238.72" participant="fe004" timing-provenance="segment">
      <nite:child href="Bed016.A.words.xml#id(Bed016.vocalsound.56)"/>
   </segment>
   <segment nite:id="Bed016.segment.193" starttime="241.16" endtime="241.31" participant="fe004" timing-provenance="dialogueact">
      <nite:child href="Bed016.A.words.xml#id(Bed016.w.1,414)..id(Bed016.w.1,415)"/>
   </segment>
   <segment nite:id="Bed016.segment.197" starttime="249.585" endtime="250.617" participant="fe004" timing-provenance="segment">
      <nite:child href="Bed016.A.words.xml#id(Bed016.vocalsound.59)"/>
   </segment>
   <segment nite:id="Bed016.segment.199" starttime="264.328" endtime="265.957" participant="fe004" timing-provenance="segment">
      <nite:child href="Bed016.A.words.xml#id(Bed016.vocalsound.60)"/>
   </segment>
   <segment nite:id="Bed016.segment.202" starttime="279.069" endtime="279.339" participant="fe004" timing-provenance="dialogueact">
      <nite:child href="Bed016.A.words.xml#id(Bed016.w.1,499)..id(Bed016.w.1,500)"/>
   </segment>
   <segment nite:id="Bed016.segment.205" starttime="287.55" endtime="288.253" participant="fe004" timing-provenance="segment">
      <nite:child href="Bed016.A.words.xml#id(Bed016.w.1,515)..id(Bed016.comment.65)"/>
   </segment>
   <segment nite:id="Bed016.segment.208" starttime="290.43" endtime="290.7" participant="fe004" timing-provenance="dialogueact">
      <nite:child href="Bed016.A.words.xml#id(Bed016.w.1,537)..id(Bed016.w.1,538)"/>
   </segment>
   <segment nite:id="Bed016.segment.211" starttime="293.898" endtime="294.918" participant="fe004" timing-provenance="dialogueact">
      <nite:child href="Bed016.A.words.xml#id(Bed016.w.1,591)..id(Bed016.w.1,596)"/>
   </segment>
   <segment nite:id="Bed016.segment.212" starttime="297.14" endtime="298.41" participant="fe004" timing-provenance="dialogueact">
      <nite:child href="Bed016.A.words.xml#id(Bed016.w.1,597)..id(Bed016.w.1,603)"/>
   </segment>
   <segment nite:id="Bed016.segment.215" starttime="299.04" endtime="299.25" participant="fe004" timing-provenance="dialogueact">
      <nite:child href="Bed016.A.words.xml#id(Bed016.w.1,632)..id(Bed016.w.1,633)"/>
   </segment>
   <segment nite:id="Bed016.segment.228" starttime="328.02" endtime="329.842" participant="fe004" timing-provenance="segment">
      <nite:child href="Bed016.A.words.xml#id(Bed016.w.1,718)..id(Bed016.comment.66)"/>
   </segment>
   <segment nite:id="Bed016.segment.229" starttime="329.972" endtime="331.082" participant="fe004" timing-provenance="dialogueact">
      <nite:child href="Bed016.A.words.xml#id(Bed016.w.1,723)..id(Bed016.w.1,731)"/>
   </segment>
   <segment nite:id="Bed016.segment.232" starttime="335.82" endtime="336.16" participant="fe004" timing-provenance="dialogueact">
      <nite:child href="Bed016.A.words.xml#id(Bed016.w.1,765)..id(Bed016.w.1,766)"/>
   </segment>
   <segment nite:id="Bed016.segment.233" starttime="336.71" endtime="337.53" participant="fe004" timing-provenance="dialogueact">
      <nite:child href="Bed016.A.words.xml#id(Bed016.w.1,767)..id(Bed016.w.1,770)"/>
   </segment>
   <segment nite:id="Bed016.segment.234" starttime="338.44" endtime="339.726" participant="fe004" timing-provenance="segment">
      <nite:child href="Bed016.A.words.xml#id(Bed016.w.1,771)..id(Bed016.comment.68)"/>
   </segment>
   <segment nite:id="Bed016.segment.237" starttime="340.53" endtime="341.04" participant="fe004" timing-provenance="dialogueact">
      <nite:child href="Bed016.A.words.xml#id(Bed016.w.1,773)..id(Bed016.w.1,774)"/>
   </segment>
   <segment nite:id="Bed016.segment.239" starttime="341.88" endtime="344.14" participant="fe004" timing-provenance="dialogueact">
      <nite:child href="Bed016.A.words.xml#id(Bed016.w.1,782)..id(Bed016.w.1,790)"/>
   </segment>
   <segment nite:id="Bed016.segment.240" starttime="345.042" endtime="345.252" participant="fe004" timing-provenance="dialogueact">
      <nite:child href="Bed016.A.words.xml#id(Bed016.w.1,791)..id(Bed016.w.1,792)"/>
   </segment>
   <segment nite:id="Bed016.segment.243" starttime="350.21" endtime="353.396" participant="fe004" timing-provenance="segment">
      <nite:child href="Bed016.A.words.xml#id(Bed016.vocalsound.67)..id(Bed016.nonvocalsound.3)"/>
   </segment>
   <segment nite:id="Bed016.segment.244" starttime="353.496" endtime="356.976" participant="fe004" timing-provenance="dialogueact">
      <nite:child href="Bed016.A.words.xml#id(Bed016.w.1,812)..id(Bed016.w.1,832)"/>
   </segment>
   <segment nite:id="Bed016.segment.246" starttime="358.33" endtime="360.95" participant="fe004" timing-provenance="segment">
      <nite:child href="Bed016.A.words.xml#id(Bed016.w.1,834)..id(Bed016.comment.70)"/>
   </segment>
   <segment nite:id="Bed016.segment.247" starttime="362.998" endtime="366.61" participant="fe004" timing-provenance="segment">
      <nite:child href="Bed016.A.words.xml#id(Bed016.w.1,852)..id(Bed016.vocalsound.68)"/>
   </segment>
   <segment nite:id="Bed016.segment.249" starttime="368.224" endtime="368.534" participant="fe004" timing-provenance="dialogueact">
      <nite:child href="Bed016.A.words.xml#id(Bed016.w.1,875)..id(Bed016.w.1,878)"/>
   </segment>
   <segment nite:id="Bed016.segment.255" starttime="377.345" endtime="378.703" participant="fe004" timing-provenance="segment">
      <nite:child href="Bed016.A.words.xml#id(Bed016.vocalsound.70)"/>
   </segment>
   <segment nite:id="Bed016.segment.257" starttime="378.773" endtime="379.083" participant="fe004" timing-provenance="dialogueact">
      <nite:child href="Bed016.A.words.xml#id(Bed016.w.1,912)..id(Bed016.w.1,913)"/>
   </segment>
   <segment nite:id="Bed016.segment.259" starttime="379.57" endtime="384.49" participant="fe004" timing-provenance="segment">
      <nite:child href="Bed016.A.words.xml#id(Bed016.w.1,914)..id(Bed016.comment.71)"/>
   </segment>
   <segment nite:id="Bed016.segment.261" starttime="385.76" endtime="386.35" participant="fe004" timing-provenance="dialogueact">
      <nite:child href="Bed016.A.words.xml#id(Bed016.w.1,934)..id(Bed016.w.1,938)"/>
   </segment>
   <segment nite:id="Bed016.segment.267" starttime="389.019" endtime="389.964" participant="fe004" timing-provenance="segment">
      <nite:child href="Bed016.A.words.xml#id(Bed016.vocalsound.73)"/>
   </segment>
   <segment nite:id="Bed016.segment.270" starttime="391.64" endtime="392.76" participant="fe004" timing-provenance="dialogueact">
      <nite:child href="Bed016.A.words.xml#id(Bed016.w.1,979)..id(Bed016.w.1,986)"/>
   </segment>
   <segment nite:id="Bed016.segment.273" starttime="401.099" endtime="401.399" participant="fe004" timing-provenance="dialogueact">
      <nite:child href="Bed016.A.words.xml#id(Bed016.w.1,999)..id(Bed016.w.2,002)"/>
   </segment>
   <segment nite:id="Bed016.segment.275" starttime="407.292" endtime="407.542" participant="fe004" timing-provenance="dialogueact">
      <nite:child href="Bed016.A.words.xml#id(Bed016.w.2,008)..id(Bed016.w.2,009)"/>
   </segment>
   <segment nite:id="Bed016.segment.278" starttime="419.788" endtime="420.591" participant="fe004" timing-provenance="segment">
      <nite:child href="Bed016.A.words.xml#id(Bed016.vocalsound.75)"/>
   </segment>
   <segment nite:id="Bed016.segment.284" starttime="430.42" endtime="431.8" participant="fe004" timing-provenance="segment">
      <nite:child href="Bed016.A.words.xml#id(Bed016.vocalsound.76)"/>
   </segment>
   <segment nite:id="Bed016.segment.293" starttime="458.944" endtime="459.793" participant="fe004" timing-provenance="segment">
      <nite:child href="Bed016.A.words.xml#id(Bed016.vocalsound.79)"/>
   </segment>
   <segment nite:id="Bed016.segment.298" starttime="481.096" endtime="481.796" participant="fe004" timing-provenance="segment">
      <nite:child href="Bed016.A.words.xml#id(Bed016.vocalsound.80)"/>
   </segment>
   <segment nite:id="Bed016.segment.309" starttime="513.33" endtime="513.93" participant="fe004" timing-provenance="dialogueact">
      <nite:child href="Bed016.A.words.xml#id(Bed016.w.2,291)..id(Bed016.w.2,293)"/>
   </segment>
   <segment nite:id="Bed016.segment.314" starttime="520.876" endtime="522.943" participant="fe004" timing-provenance="segment">
      <nite:child href="Bed016.A.words.xml#id(Bed016.w.2,324)..id(Bed016.vocalsound.88)"/>
   </segment>
   <segment nite:id="Bed016.segment.329" starttime="554.78" endtime="555.24" participant="fe004" timing-provenance="dialogueact">
      <nite:child href="Bed016.A.words.xml#id(Bed016.w.2,422)..id(Bed016.w.2,426)"/>
   </segment>
   <segment nite:id="Bed016.segment.336" starttime="570.88" endtime="572.98" participant="fe004" timing-provenance="dialogueact">
      <nite:child href="Bed016.A.words.xml#id(Bed016.w.2,452)..id(Bed016.w.2,462)"/>
   </segment>
   <segment nite:id="Bed016.segment.339" starttime="575.1" endtime="575.98" participant="fe004" timing-provenance="segment">
      <nite:child href="Bed016.A.words.xml#id(Bed016.w.2,471)..id(Bed016.vocalsound.92)"/>
   </segment>
   <segment nite:id="Bed016.segment.352" starttime="616.349" endtime="618.723" participant="fe004" timing-provenance="segment">
      <nite:child href="Bed016.A.words.xml#id(Bed016.vocalsound.94)"/>
   </segment>
   <segment nite:id="Bed016.segment.354" starttime="623.086" endtime="623.352" participant="fe004" timing-provenance="segment">
      <nite:child href="Bed016.A.words.xml#id(Bed016.w.2,564)..id(Bed016.w.2,565)"/>
   </segment>
   <segment nite:id="Bed016.segment.356" starttime="624.51" endtime="625.4" participant="fe004" timing-provenance="dialogueact">
      <nite:child href="Bed016.A.words.xml#id(Bed016.w.2,570)..id(Bed016.w.2,576)"/>
   </segment>
   <segment nite:id="Bed016.segment.359" starttime="627.695" endtime="628.228" participant="fe004" timing-provenance="segment">
      <nite:child href="Bed016.A.words.xml#id(Bed016.vocalsound.97)"/>
   </segment>
   <segment nite:id="Bed016.segment.365" starttime="649.765" endtime="651.04" participant="fe004" timing-provenance="segment">
      <nite:child href="Bed016.A.words.xml#id(Bed016.vocalsound.98)"/>
   </segment>
   <segment nite:id="Bed016.segment.369" starttime="658.592" endtime="659.705" participant="fe004" timing-provenance="segment">
      <nite:child href="Bed016.A.words.xml#id(Bed016.vocalsound.99)"/>
   </segment>
   <segment nite:id="Bed016.segment.371" starttime="660.88" endtime="661.63" participant="fe004" timing-provenance="segment">
      <nite:child href="Bed016.A.words.xml#id(Bed016.vocalsound.100)"/>
   </segment>
   <segment nite:id="Bed016.segment.372" starttime="662.1" endtime="662.831" participant="fe004" timing-provenance="segment">
      <nite:child href="Bed016.A.words.xml#id(Bed016.vocalsound.101)"/>
   </segment>
   <segment nite:id="Bed016.segment.394" starttime="768.95" endtime="769.26" participant="fe004" timing-provenance="dialogueact">
      <nite:child href="Bed016.A.words.xml#id(Bed016.w.2,958)..id(Bed016.w.2,959)"/>
   </segment>
   <segment nite:id="Bed016.segment.395" starttime="769.87" endtime="774.34" participant="fe004" timing-provenance="segment">
      <nite:child href="Bed016.A.words.xml#id(Bed016.w.2,960)..id(Bed016.w.2,978)"/>
   </segment>
   <segment nite:id="Bed016.segment.400" starttime="777.15" endtime="777.18" participant="fe004" timing-provenance="dialogueact">
      <nite:child href="Bed016.A.words.xml#id(Bed016.w.3,001)..id(Bed016.w.3,002)"/>
   </segment>
   <segment nite:id="Bed016.segment.402" starttime="779.27" endtime="779.86" participant="fe004" timing-provenance="dialogueact">
      <nite:child href="Bed016.A.words.xml#id(Bed016.w.3,035)..id(Bed016.w.3,036)"/>
   </segment>
   <segment nite:id="Bed016.segment.404" starttime="781.463" endtime="782.675" participant="fe004" timing-provenance="segment">
      <nite:child href="Bed016.A.words.xml#id(Bed016.vocalsound.107)"/>
   </segment>
   <segment nite:id="Bed016.segment.406" starttime="796.457" endtime="796.887" participant="fe004" timing-provenance="dialogueact">
      <nite:child href="Bed016.A.words.xml#id(Bed016.w.3,065)..id(Bed016.w.3,068)"/>
   </segment>
   <segment nite:id="Bed016.segment.409" starttime="802.119" endtime="804.22" participant="fe004" timing-provenance="segment">
      <nite:child href="Bed016.A.words.xml#id(Bed016.vocalsound.109)..id(Bed016.vocalsound.110)"/>
   </segment>
   <segment nite:id="Bed016.segment.412" starttime="809.144" endtime="810.738" participant="fe004" timing-provenance="segment">
      <nite:child href="Bed016.A.words.xml#id(Bed016.vocalsound.112)..id(Bed016.vocalsound.113)"/>
   </segment>
   <segment nite:id="Bed016.segment.418" starttime="823.95" endtime="826.09" participant="fe004" timing-provenance="dialogueact">
      <nite:child href="Bed016.A.words.xml#id(Bed016.w.3,132)..id(Bed016.w.3,145)"/>
   </segment>
   <segment nite:id="Bed016.segment.420" starttime="827.01" endtime="827.6" participant="fe004" timing-provenance="dialogueact">
      <nite:child href="Bed016.A.words.xml#id(Bed016.w.3,150)..id(Bed016.w.3,152)"/>
   </segment>
   <segment nite:id="Bed016.segment.438" starttime="883.026" endtime="883.316" participant="fe004" timing-provenance="dialogueact">
      <nite:child href="Bed016.A.words.xml#id(Bed016.w.3,315)..id(Bed016.w.3,316)"/>
   </segment>
   <segment nite:id="Bed016.segment.446" starttime="905.488" endtime="907.234" participant="fe004" timing-provenance="segment">
      <nite:child href="Bed016.A.words.xml#id(Bed016.vocalsound.120)..id(Bed016.vocalsound.121)"/>
   </segment>
   <segment nite:id="Bed016.segment.450" starttime="919.304" endtime="919.654" participant="fe004" timing-provenance="dialogueact">
      <nite:child href="Bed016.A.words.xml#id(Bed016.w.3,435)..id(Bed016.w.3,438)"/>
   </segment>
   <segment nite:id="Bed016.segment.457" starttime="948.38" endtime="949.18" participant="fe004" timing-provenance="dialogueact">
      <nite:child href="Bed016.A.words.xml#id(Bed016.w.3,537)..id(Bed016.w.3,540)"/>
   </segment>
   <segment nite:id="Bed016.segment.458" starttime="952.44" endtime="956.4" participant="fe004" timing-provenance="dialogueact">
      <nite:child href="Bed016.A.words.xml#id(Bed016.w.3,541)..id(Bed016.w.3,559)"/>
   </segment>
   <segment nite:id="Bed016.segment.461" starttime="960.619" endtime="963.818" participant="fe004" timing-provenance="segment">
      <nite:child href="Bed016.A.words.xml#id(Bed016.vocalsound.122)"/>
   </segment>
   <segment nite:id="Bed016.segment.463" starttime="965.47" endtime="966.14" participant="fe004" timing-provenance="dialogueact">
      <nite:child href="Bed016.A.words.xml#id(Bed016.w.3,598)..id(Bed016.w.3,599)"/>
   </segment>
   <segment nite:id="Bed016.segment.465" starttime="966.9" endtime="972.0" participant="fe004" timing-provenance="dialogueact">
      <nite:child href="Bed016.A.words.xml#id(Bed016.w.3,610)..id(Bed016.w.3,634)"/>
   </segment>
   <segment nite:id="Bed016.segment.466" starttime="972.75" endtime="974.05" participant="fe004" timing-provenance="dialogueact">
      <nite:child href="Bed016.A.words.xml#id(Bed016.w.3,635)..id(Bed016.w.3,647)"/>
   </segment>
   <segment nite:id="Bed016.segment.467" starttime="974.173" endtime="975.354" participant="fe004" timing-provenance="segment">
      <nite:child href="Bed016.A.words.xml#id(Bed016.vocalsound.123)"/>
   </segment>
   <segment nite:id="Bed016.segment.468" starttime="975.354" endtime="977.264" participant="fe004" timing-provenance="segment">
      <nite:child href="Bed016.A.words.xml#id(Bed016.w.3,648)..id(Bed016.comment.78)"/>
   </segment>
   <segment nite:id="Bed016.segment.473" starttime="978.02" endtime="978.56" participant="fe004" timing-provenance="segment">
      <nite:child href="Bed016.A.words.xml#id(Bed016.w.3,696)..id(Bed016.comment.79)"/>
   </segment>
   <segment nite:id="Bed016.segment.474" starttime="980.35" endtime="980.89" participant="fe004" timing-provenance="dialogueact">
      <nite:child href="Bed016.A.words.xml#id(Bed016.w.3,697)..id(Bed016.w.3,701)"/>
   </segment>
   <segment nite:id="Bed016.segment.476" starttime="983.14" endtime="986.22" participant="fe004" timing-provenance="dialogueact">
      <nite:child href="Bed016.A.words.xml#id(Bed016.w.3,702)..id(Bed016.w.3,718)"/>
   </segment>
   <segment nite:id="Bed016.segment.480" starttime="987.572" endtime="987.782" participant="fe004" timing-provenance="dialogueact">
      <nite:child href="Bed016.A.words.xml#id(Bed016.w.3,723)..id(Bed016.w.3,724)"/>
   </segment>
   <segment nite:id="Bed016.segment.483" starttime="989.26" endtime="991.95" participant="fe004" timing-provenance="segment">
      <nite:child href="Bed016.A.words.xml#id(Bed016.w.3,729)..id(Bed016.vocalsound.132)"/>
   </segment>
   <segment nite:id="Bed016.segment.485" starttime="990.0" endtime="1002.97" participant="fe004" timing-provenance="dialogueact">
      <nite:child href="Bed016.A.words.xml#id(Bed016.w.3,759)..id(Bed016.w.3,767)"/>
   </segment>
   <segment nite:id="Bed016.segment.487" starttime="1003.71" endtime="1004.7" participant="fe004" timing-provenance="dialogueact">
      <nite:child href="Bed016.A.words.xml#id(Bed016.w.3,782)..id(Bed016.w.3,785)"/>
   </segment>
   <segment nite:id="Bed016.segment.488" starttime="1005.055" endtime="1006.127" participant="fe004" timing-provenance="segment">
      <nite:child href="Bed016.A.words.xml#id(Bed016.vocalsound.133)"/>
   </segment>
   <segment nite:id="Bed016.segment.489" starttime="1006.692" endtime="1007.458" participant="fe004" timing-provenance="segment">
      <nite:child href="Bed016.A.words.xml#id(Bed016.vocalsound.134)"/>
   </segment>
   <segment nite:id="Bed016.segment.490" starttime="1007.5" endtime="1007.76" participant="fe004" timing-provenance="dialogueact">
      <nite:child href="Bed016.A.words.xml#id(Bed016.w.3,786)..id(Bed016.w.3,788)"/>
   </segment>
   <segment nite:id="Bed016.segment.496" starttime="1017.06" endtime="1019.8" participant="fe004" timing-provenance="segment">
      <nite:child href="Bed016.A.words.xml#id(Bed016.w.3,823)..id(Bed016.comment.81)"/>
   </segment>
   <segment nite:id="Bed016.segment.504" starttime="1027.58" endtime="1027.93" participant="fe004" timing-provenance="dialogueact">
      <nite:child href="Bed016.A.words.xml#id(Bed016.w.3,865)..id(Bed016.w.3,866)"/>
   </segment>
   <segment nite:id="Bed016.segment.509" starttime="1032.83" endtime="1033.05" participant="fe004" timing-provenance="dialogueact">
      <nite:child href="Bed016.A.words.xml#id(Bed016.w.3,896)"/>
   </segment>
   <segment nite:id="Bed016.segment.510" starttime="1034.26" endtime="1034.45" participant="fe004" timing-provenance="dialogueact">
      <nite:child href="Bed016.A.words.xml#id(Bed016.w.3,897)..id(Bed016.w.3,898)"/>
   </segment>
   <segment nite:id="Bed016.segment.512" starttime="1036.393" endtime="1038.78" participant="fe004" timing-provenance="segment">
      <nite:child href="Bed016.A.words.xml#id(Bed016.w.3,903)..id(Bed016.comment.84)"/>
   </segment>
   <segment nite:id="Bed016.segment.520" starttime="1046.8" endtime="1046.98" participant="fe004" timing-provenance="dialogueact">
      <nite:child href="Bed016.A.words.xml#id(Bed016.w.3,937)"/>
   </segment>
   <segment nite:id="Bed016.segment.522" starttime="1047.76" endtime="1048.73" participant="fe004" timing-provenance="dialogueact">
      <nite:child href="Bed016.A.words.xml#id(Bed016.w.3,954)..id(Bed016.w.3,957)"/>
   </segment>
   <segment nite:id="Bed016.segment.524" starttime="1049.41" endtime="1051.6" participant="fe004" timing-provenance="segment">
      <nite:child href="Bed016.A.words.xml#id(Bed016.vocalsound.143)"/>
   </segment>
   <segment nite:id="Bed016.segment.528" starttime="1051.75" endtime="1053.77" participant="fe004" timing-provenance="segment">
      <nite:child href="Bed016.A.words.xml#id(Bed016.vocalsound.146)"/>
   </segment>
   <segment nite:id="Bed016.segment.537" starttime="1058.14" endtime="1062.46" participant="fe004" timing-provenance="dialogueact">
      <nite:child href="Bed016.A.words.xml#id(Bed016.w.3,991)..id(Bed016.w.4,008)"/>
   </segment>
   <segment nite:id="Bed016.segment.545" starttime="1075.11" endtime="1075.82" participant="fe004" timing-provenance="dialogueact">
      <nite:child href="Bed016.A.words.xml#id(Bed016.w.4,071)..id(Bed016.w.4,072)"/>
   </segment>
   <segment nite:id="Bed016.segment.549" starttime="1079.03" endtime="1079.73" participant="fe004" timing-provenance="segment">
      <nite:child href="Bed016.A.words.xml#id(Bed016.vocalsound.159)"/>
   </segment>
   <segment nite:id="Bed016.segment.552" starttime="1081.03" endtime="1081.95" participant="fe004" timing-provenance="dialogueact">
      <nite:child href="Bed016.A.words.xml#id(Bed016.w.4,084)..id(Bed016.w.4,088)"/>
   </segment>
   <segment nite:id="Bed016.segment.556" starttime="1082.97" endtime="1084.13" participant="fe004" timing-provenance="dialogueact">
      <nite:child href="Bed016.A.words.xml#id(Bed016.w.4,097)..id(Bed016.w.4,103)"/>
   </segment>
   <segment nite:id="Bed016.segment.557" starttime="1084.91" endtime="1085.18" participant="fe004" timing-provenance="dialogueact">
      <nite:child href="Bed016.A.words.xml#id(Bed016.w.4,104)..id(Bed016.w.4,105)"/>
   </segment>
   <segment nite:id="Bed016.segment.560" starttime="1088.406" endtime="1090.14" participant="fe004" timing-provenance="segment">
      <nite:child href="Bed016.A.words.xml#id(Bed016.vocalsound.162)"/>
   </segment>
   <segment nite:id="Bed016.segment.565" starttime="1096.569" endtime="1097.498" participant="fe004" timing-provenance="segment">
      <nite:child href="Bed016.A.words.xml#id(Bed016.vocalsound.165)"/>
   </segment>
   <segment nite:id="Bed016.segment.576" starttime="1133.81" endtime="1135.557" participant="fe004" timing-provenance="segment">
      <nite:child href="Bed016.A.words.xml#id(Bed016.vocalsound.166)"/>
   </segment>
   <segment nite:id="Bed016.segment.582" starttime="1137.92" endtime="1138.45" participant="fe004" timing-provenance="dialogueact">
      <nite:child href="Bed016.A.words.xml#id(Bed016.w.4,271)..id(Bed016.w.4,274)"/>
   </segment>
   <segment nite:id="Bed016.segment.585" starttime="1143.2" endtime="1143.95" participant="fe004" timing-provenance="dialogueact">
      <nite:child href="Bed016.A.words.xml#id(Bed016.w.4,286)..id(Bed016.w.4,289)"/>
   </segment>
   <segment nite:id="Bed016.segment.587" starttime="1144.24" endtime="1148.33" participant="fe004" timing-provenance="dialogueact">
      <nite:child href="Bed016.A.words.xml#id(Bed016.w.4,294)..id(Bed016.w.4,314)"/>
   </segment>
   <segment nite:id="Bed016.segment.589" starttime="1149.14" endtime="1150.19" participant="fe004" timing-provenance="dialogueact">
      <nite:child href="Bed016.A.words.xml#id(Bed016.w.4,339)..id(Bed016.w.4,348)"/>
   </segment>
   <segment nite:id="Bed016.segment.594" starttime="1160.542" endtime="1161.427" participant="fe004" timing-provenance="segment">
      <nite:child href="Bed016.A.words.xml#id(Bed016.vocalsound.171)"/>
   </segment>
   <segment nite:id="Bed016.segment.596" starttime="1162.589" endtime="1163.771" participant="fe004" timing-provenance="segment">
      <nite:child href="Bed016.A.words.xml#id(Bed016.vocalsound.172)"/>
   </segment>
   <segment nite:id="Bed016.segment.599" starttime="1175.14" endtime="1176.3" participant="fe004" timing-provenance="dialogueact">
      <nite:child href="Bed016.A.words.xml#id(Bed016.w.4,413)..id(Bed016.w.4,419)"/>
   </segment>
   <segment nite:id="Bed016.segment.611" starttime="1207.048" endtime="1207.782" participant="fe004" timing-provenance="segment">
      <nite:child href="Bed016.A.words.xml#id(Bed016.vocalsound.175)"/>
   </segment>
   <segment nite:id="Bed016.segment.615" starttime="1216.838" endtime="1217.595" participant="fe004" timing-provenance="segment">
      <nite:child href="Bed016.A.words.xml#id(Bed016.nonvocalsound.7)"/>
   </segment>
   <segment nite:id="Bed016.segment.631" starttime="1263.821" endtime="1265.157" participant="fe004" timing-provenance="segment">
      <nite:child href="Bed016.A.words.xml#id(Bed016.vocalsound.179)"/>
   </segment>
   <segment nite:id="Bed016.segment.632" starttime="1265.775" endtime="1267.025" participant="fe004" timing-provenance="segment">
      <nite:child href="Bed016.A.words.xml#id(Bed016.vocalsound.180)"/>
   </segment>
   <segment nite:id="Bed016.segment.635" starttime="1267.11" endtime="1268.63" participant="fe004" timing-provenance="dialogueact">
      <nite:child href="Bed016.A.words.xml#id(Bed016.w.4,627)..id(Bed016.w.4,637)"/>
   </segment>
   <segment nite:id="Bed016.segment.654" starttime="1325.673" endtime="1326.82" participant="fe004" timing-provenance="segment">
      <nite:child href="Bed016.A.words.xml#id(Bed016.vocalsound.182)"/>
   </segment>
   <segment nite:id="Bed016.segment.669" starttime="1378.2" endtime="1379.255" participant="fe004" timing-provenance="segment">
      <nite:child href="Bed016.A.words.xml#id(Bed016.vocalsound.184)"/>
   </segment>
   <segment nite:id="Bed016.segment.695" starttime="1450.307" endtime="1451.03" participant="fe004" timing-provenance="segment">
      <nite:child href="Bed016.A.words.xml#id(Bed016.vocalsound.185)"/>
   </segment>
   <segment nite:id="Bed016.segment.703" starttime="1491.392" endtime="1492.39" participant="fe004" timing-provenance="segment">
      <nite:child href="Bed016.A.words.xml#id(Bed016.vocalsound.187)"/>
   </segment>
   <segment nite:id="Bed016.segment.709" starttime="1505.67" endtime="1506.444" participant="fe004" timing-provenance="segment">
      <nite:child href="Bed016.A.words.xml#id(Bed016.vocalsound.188)"/>
   </segment>
   <segment nite:id="Bed016.segment.717" starttime="1521.093" endtime="1522.401" participant="fe004" timing-provenance="segment">
      <nite:child href="Bed016.A.words.xml#id(Bed016.vocalsound.189)"/>
   </segment>
   <segment nite:id="Bed016.segment.736" starttime="1554.548" endtime="1555.057" participant="fe004" timing-provenance="segment">
      <nite:child href="Bed016.A.words.xml#id(Bed016.vocalsound.194)"/>
   </segment>
   <segment nite:id="Bed016.segment.753" starttime="1587.455" endtime="1588.739" participant="fe004" timing-provenance="segment">
      <nite:child href="Bed016.A.words.xml#id(Bed016.vocalsound.199)"/>
   </segment>
   <segment nite:id="Bed016.segment.758" starttime="1591.57" endtime="1594.6" participant="fe004" timing-provenance="dialogueact">
      <nite:child href="Bed016.A.words.xml#id(Bed016.w.5,564)..id(Bed016.w.5,577)"/>
   </segment>
   <segment nite:id="Bed016.segment.759" starttime="1595.59" endtime="1595.8" participant="fe004" timing-provenance="dialogueact">
      <nite:child href="Bed016.A.words.xml#id(Bed016.w.5,578)..id(Bed016.w.5,580)"/>
   </segment>
   <segment nite:id="Bed016.segment.760" starttime="1596.41" endtime="1597.42" participant="fe004" timing-provenance="dialogueact">
      <nite:child href="Bed016.A.words.xml#id(Bed016.w.5,581)..id(Bed016.w.5,583)"/>
   </segment>
   <segment nite:id="Bed016.segment.770" starttime="1613.0" endtime="1614.02" participant="fe004" timing-provenance="dialogueact">
      <nite:child href="Bed016.A.words.xml#id(Bed016.w.5,632)..id(Bed016.w.5,639)"/>
   </segment>
   <segment nite:id="Bed016.segment.773" starttime="1622.99" endtime="1623.63" participant="fe004" timing-provenance="dialogueact">
      <nite:child href="Bed016.A.words.xml#id(Bed016.w.5,671)..id(Bed016.w.5,673)"/>
   </segment>
   <segment nite:id="Bed016.segment.774" starttime="1625.22" endtime="1628.23" participant="fe004" timing-provenance="dialogueact">
      <nite:child href="Bed016.A.words.xml#id(Bed016.w.5,674)..id(Bed016.w.5,690)"/>
   </segment>
   <segment nite:id="Bed016.segment.778" starttime="1629.964" endtime="1632.396" participant="fe004" timing-provenance="segment">
      <nite:child href="Bed016.A.words.xml#id(Bed016.vocalsound.207)"/>
   </segment>
   <segment nite:id="Bed016.segment.781" starttime="1632.44" endtime="1632.86" participant="fe004" timing-provenance="dialogueact">
      <nite:child href="Bed016.A.words.xml#id(Bed016.w.5,718)..id(Bed016.w.5,719)"/>
   </segment>
   <segment nite:id="Bed016.segment.782" starttime="1632.899" endtime="1633.88" participant="fe004" timing-provenance="segment">
      <nite:child href="Bed016.A.words.xml#id(Bed016.vocalsound.209)"/>
   </segment>
   <segment nite:id="Bed016.segment.790" starttime="1646.57" endtime="1649.23" participant="fe004" timing-provenance="segment">
      <nite:child href="Bed016.A.words.xml#id(Bed016.vocalsound.212)..id(Bed016.comment.94)"/>
   </segment>
   <segment nite:id="Bed016.segment.794" starttime="1649.35" endtime="1651.03" participant="fe004" timing-provenance="segment">
      <nite:child href="Bed016.A.words.xml#id(Bed016.vocalsound.214)"/>
   </segment>
   <segment nite:id="Bed016.segment.797" starttime="1651.8" endtime="1654.37" participant="fe004" timing-provenance="dialogueact">
      <nite:child href="Bed016.A.words.xml#id(Bed016.w.5,798)..id(Bed016.w.5,817)"/>
   </segment>
   <segment nite:id="Bed016.segment.799" starttime="1655.29" endtime="1656.794" participant="fe004" timing-provenance="segment">
      <nite:child href="Bed016.A.words.xml#id(Bed016.w.5,818)..id(Bed016.comment.97)"/>
   </segment>
   <segment nite:id="Bed016.segment.801" starttime="1657.44" endtime="1658.41" participant="fe004" timing-provenance="segment">
      <nite:child href="Bed016.A.words.xml#id(Bed016.w.5,821)..id(Bed016.w.5,822)"/>
   </segment>
   <segment nite:id="Bed016.segment.802" starttime="1658.5" endtime="1659.254" participant="fe004" timing-provenance="segment">
      <nite:child href="Bed016.A.words.xml#id(Bed016.w.5,823)..id(Bed016.vocalsound.218)"/>
   </segment>
   <segment nite:id="Bed016.segment.803" starttime="1659.72" endtime="1661.09" participant="fe004" timing-provenance="dialogueact">
      <nite:child href="Bed016.A.words.xml#id(Bed016.w.5,826)..id(Bed016.w.5,833)"/>
   </segment>
   <segment nite:id="Bed016.segment.805" starttime="1662.86" endtime="1663.33" participant="fe004" timing-provenance="dialogueact">
      <nite:child href="Bed016.A.words.xml#id(Bed016.w.5,851)..id(Bed016.w.5,852)"/>
   </segment>
   <segment nite:id="Bed016.segment.806" starttime="1663.97" endtime="1666.05" participant="fe004" timing-provenance="dialogueact">
      <nite:child href="Bed016.A.words.xml#id(Bed016.w.5,853)..id(Bed016.w.5,870)"/>
   </segment>
   <segment nite:id="Bed016.segment.807" starttime="1666.49" endtime="1666.69" participant="fe004" timing-provenance="dialogueact">
      <nite:child href="Bed016.A.words.xml#id(Bed016.w.5,871)..id(Bed016.w.5,872)"/>
   </segment>
   <segment nite:id="Bed016.segment.808" starttime="1666.782" endtime="1668.363" participant="fe004" timing-provenance="segment">
      <nite:child href="Bed016.A.words.xml#id(Bed016.vocalsound.221)"/>
   </segment>
   <segment nite:id="Bed016.segment.810" starttime="1668.363" endtime="1669.27" participant="fe004" timing-provenance="segment">
      <nite:child href="Bed016.A.words.xml#id(Bed016.vocalsound.223)"/>
   </segment>
   <segment nite:id="Bed016.segment.813" starttime="1669.907" endtime="1671.41" participant="fe004" timing-provenance="segment">
      <nite:child href="Bed016.A.words.xml#id(Bed016.vocalsound.225)"/>
   </segment>
   <segment nite:id="Bed016.segment.820" starttime="1682.07" endtime="1684.99" participant="fe004" timing-provenance="segment">
      <nite:child href="Bed016.A.words.xml#id(Bed016.vocalsound.228)"/>
   </segment>
   <segment nite:id="Bed016.segment.825" starttime="1696.07" endtime="1699.43" participant="fe004" timing-provenance="dialogueact">
      <nite:child href="Bed016.A.words.xml#id(Bed016.w.5,960)..id(Bed016.pause.8)"/>
   </segment>
   <segment nite:id="Bed016.segment.828" starttime="1699.43" endtime="1703.83" participant="fe004" timing-provenance="dialogueact">
      <nite:child href="Bed016.A.words.xml#id(Bed016.w.5,970)..id(Bed016.w.5,996)"/>
   </segment>
   <segment nite:id="Bed016.segment.830" starttime="1705.84" endtime="1706.35" participant="fe004" timing-provenance="dialogueact">
      <nite:child href="Bed016.A.words.xml#id(Bed016.w.6,000)..id(Bed016.w.6,001)"/>
   </segment>
   <segment nite:id="Bed016.segment.840" starttime="1740.8" endtime="1744.67" participant="fe004" timing-provenance="segment">
      <nite:child href="Bed016.A.words.xml#id(Bed016.w.6,144)..id(Bed016.comment.98)"/>
   </segment>
   <segment nite:id="Bed016.segment.847" starttime="1757.62" endtime="1761.51" participant="fe004" timing-provenance="segment">
      <nite:child href="Bed016.A.words.xml#id(Bed016.vocalsound.232)"/>
   </segment>
   <segment nite:id="Bed016.segment.862" starttime="1792.217" endtime="1792.847" participant="fe004" timing-provenance="segment">
      <nite:child href="Bed016.A.words.xml#id(Bed016.vocalsound.234)"/>
   </segment>
   <segment nite:id="Bed016.segment.870" starttime="1801.17" endtime="1801.55" participant="fe004" timing-provenance="dialogueact">
      <nite:child href="Bed016.A.words.xml#id(Bed016.w.6,410)..id(Bed016.w.6,412)"/>
   </segment>
   <segment nite:id="Bed016.segment.877" starttime="1817.6" endtime="1824.83" participant="fe004" timing-provenance="dialogueact">
      <nite:child href="Bed016.A.words.xml#id(Bed016.w.6,442)..id(Bed016.w.6,478)"/>
   </segment>
   <segment nite:id="Bed016.segment.879" starttime="1825.29" endtime="1829.17" participant="fe004" timing-provenance="dialogueact">
      <nite:child href="Bed016.A.words.xml#id(Bed016.w.6,488)..id(Bed016.w.6,506)"/>
   </segment>
   <segment nite:id="Bed016.segment.881" starttime="1830.34" endtime="1839.83" participant="fe004" timing-provenance="dialogueact">
      <nite:child href="Bed016.A.words.xml#id(Bed016.w.6,509)..id(Bed016.w.6,552)"/>
   </segment>
   <segment nite:id="Bed016.segment.883" starttime="1840.72" endtime="1840.95" participant="fe004" timing-provenance="dialogueact">
      <nite:child href="Bed016.A.words.xml#id(Bed016.w.6,579)..id(Bed016.w.6,581)"/>
   </segment>
   <segment nite:id="Bed016.segment.884" starttime="1841.86" endtime="1843.1" participant="fe004" timing-provenance="segment">
      <nite:child href="Bed016.A.words.xml#id(Bed016.w.6,582)..id(Bed016.disfmarker.204)"/>
   </segment>
   <segment nite:id="Bed016.segment.886" starttime="1848.62" endtime="1851.37" participant="fe004" timing-provenance="segment">
      <nite:child href="Bed016.A.words.xml#id(Bed016.w.6,635)..id(Bed016.vocalsound.238)"/>
   </segment>
   <segment nite:id="Bed016.segment.887" starttime="1853.547" endtime="1854.642" participant="fe004" timing-provenance="segment">
      <nite:child href="Bed016.A.words.xml#id(Bed016.vocalsound.239)"/>
   </segment>
   <segment nite:id="Bed016.segment.888" starttime="1854.642" endtime="1855.344" participant="fe004" timing-provenance="segment">
      <nite:child href="Bed016.A.words.xml#id(Bed016.vocalsound.240)"/>
   </segment>
   <segment nite:id="Bed016.segment.891" starttime="1856.55" endtime="1857.6" participant="fe004" timing-provenance="segment">
      <nite:child href="Bed016.A.words.xml#id(Bed016.vocalsound.242)"/>
   </segment>
   <segment nite:id="Bed016.segment.893" starttime="1866.56" endtime="1867.07" participant="fe004" timing-provenance="dialogueact">
      <nite:child href="Bed016.A.words.xml#id(Bed016.w.6,703)..id(Bed016.w.6,706)"/>
   </segment>
   <segment nite:id="Bed016.segment.894" starttime="1870.065" endtime="1870.477" participant="fe004" timing-provenance="segment">
      <nite:child href="Bed016.A.words.xml#id(Bed016.w.6,707)..id(Bed016.disfmarker.210)"/>
   </segment>
   <segment nite:id="Bed016.segment.896" starttime="1871.75" endtime="1879.7" participant="fe004" timing-provenance="dialogueact">
      <nite:child href="Bed016.A.words.xml#id(Bed016.w.6,710)..id(Bed016.w.6,739)"/>
   </segment>
   <segment nite:id="Bed016.segment.901" starttime="1888.34" endtime="1889.9" participant="fe004" timing-provenance="dialogueact">
      <nite:child href="Bed016.A.words.xml#id(Bed016.w.6,784)..id(Bed016.w.6,795)"/>
   </segment>
   <segment nite:id="Bed016.segment.905" starttime="1891.24" endtime="1891.41" participant="fe004" timing-provenance="dialogueact">
      <nite:child href="Bed016.A.words.xml#id(Bed016.w.6,813)..id(Bed016.w.6,814)"/>
   </segment>
   <segment nite:id="Bed016.segment.910" starttime="1896.4" endtime="1897.27" participant="fe004" timing-provenance="dialogueact">
      <nite:child href="Bed016.A.words.xml#id(Bed016.w.6,837)..id(Bed016.w.6,840)"/>
   </segment>
   <segment nite:id="Bed016.segment.913" starttime="1897.55" endtime="1898.35" participant="fe004" timing-provenance="dialogueact">
      <nite:child href="Bed016.A.words.xml#id(Bed016.w.6,854)..id(Bed016.w.6,858)"/>
   </segment>
   <segment nite:id="Bed016.segment.920" starttime="1910.89" endtime="1911.61" participant="fe004" timing-provenance="dialogueact">
      <nite:child href="Bed016.A.words.xml#id(Bed016.w.6,898)..id(Bed016.w.6,899)"/>
   </segment>
   <segment nite:id="Bed016.segment.921" starttime="1914.09" endtime="1915.22" participant="fe004" timing-provenance="dialogueact">
      <nite:child href="Bed016.A.words.xml#id(Bed016.w.6,900)..id(Bed016.w.6,904)"/>
   </segment>
   <segment nite:id="Bed016.segment.931" starttime="1926.61" endtime="1929.21" participant="fe004" timing-provenance="dialogueact">
      <nite:child href="Bed016.A.words.xml#id(Bed016.w.6,997)..id(Bed016.w.7,006)"/>
   </segment>
   <segment nite:id="Bed016.segment.933" starttime="1930.48" endtime="1930.95" participant="fe004" timing-provenance="dialogueact">
      <nite:child href="Bed016.A.words.xml#id(Bed016.w.7,016)..id(Bed016.w.7,017)"/>
   </segment>
   <segment nite:id="Bed016.segment.934" starttime="1932.2" endtime="1936.91" participant="fe004" timing-provenance="dialogueact">
      <nite:child href="Bed016.A.words.xml#id(Bed016.w.7,018)..id(Bed016.w.7,033)"/>
   </segment>
   <segment nite:id="Bed016.segment.936" starttime="1937.7" endtime="1938.08" participant="fe004" timing-provenance="dialogueact">
      <nite:child href="Bed016.A.words.xml#id(Bed016.w.7,051)..id(Bed016.w.7,052)"/>
   </segment>
   <segment nite:id="Bed016.segment.941" starttime="1940.6" endtime="1950.04" participant="fe004" timing-provenance="dialogueact">
      <nite:child href="Bed016.A.words.xml#id(Bed016.w.7,060)..id(Bed016.w.7,104)"/>
   </segment>
   <segment nite:id="Bed016.segment.947" starttime="1954.24" endtime="1955.15" participant="fe004" timing-provenance="dialogueact">
      <nite:child href="Bed016.A.words.xml#id(Bed016.w.7,121)..id(Bed016.w.7,124)"/>
   </segment>
   <segment nite:id="Bed016.segment.949" starttime="1955.96" endtime="1958.9" participant="fe004" timing-provenance="dialogueact">
      <nite:child href="Bed016.A.words.xml#id(Bed016.w.7,126)..id(Bed016.w.7,136)"/>
   </segment>
   <segment nite:id="Bed016.segment.953" starttime="1966.53" endtime="1966.97" participant="fe004" timing-provenance="dialogueact">
      <nite:child href="Bed016.A.words.xml#id(Bed016.w.7,194)..id(Bed016.w.7,197)"/>
   </segment>
   <segment nite:id="Bed016.segment.955" starttime="1968.92" endtime="1971.31" participant="fe004" timing-provenance="segment">
      <nite:child href="Bed016.A.words.xml#id(Bed016.w.7,218)..id(Bed016.disfmarker.235)"/>
   </segment>
   <segment nite:id="Bed016.segment.956" starttime="1972.6" endtime="1977.17" participant="fe004" timing-provenance="dialogueact">
      <nite:child href="Bed016.A.words.xml#id(Bed016.w.7,228)..id(Bed016.w.7,246)"/>
   </segment>
   <segment nite:id="Bed016.segment.960" starttime="1977.401" endtime="1980.356" participant="fe004" timing-provenance="segment">
      <nite:child href="Bed016.A.words.xml#id(Bed016.w.7,253)..id(Bed016.disfmarker.238)"/>
   </segment>
   <segment nite:id="Bed016.segment.964" starttime="1984.81" endtime="1985.32" participant="fe004" timing-provenance="dialogueact">
      <nite:child href="Bed016.A.words.xml#id(Bed016.w.7,301)..id(Bed016.w.7,302)"/>
   </segment>
   <segment nite:id="Bed016.segment.966" starttime="1987.94" endtime="1988.13" participant="fe004" timing-provenance="dialogueact">
      <nite:child href="Bed016.A.words.xml#id(Bed016.w.7,336)..id(Bed016.w.7,337)"/>
   </segment>
   <segment nite:id="Bed016.segment.967" starttime="1989.64" endtime="1992.66" participant="fe004" timing-provenance="dialogueact">
      <nite:child href="Bed016.A.words.xml#id(Bed016.w.7,338)..id(Bed016.w.7,354)"/>
   </segment>
   <segment nite:id="Bed016.segment.969" starttime="1994.77" endtime="1995.74" participant="fe004" timing-provenance="segment">
      <nite:child href="Bed016.A.words.xml#id(Bed016.w.7,357)..id(Bed016.comment.100)"/>
   </segment>
   <segment nite:id="Bed016.segment.970" starttime="1996.07" endtime="1999.75" participant="fe004" timing-provenance="dialogueact">
      <nite:child href="Bed016.A.words.xml#id(Bed016.w.7,359)..id(Bed016.w.7,373)"/>
   </segment>
   <segment nite:id="Bed016.segment.973" starttime="2001.39" endtime="2002.46" participant="fe004" timing-provenance="segment">
      <nite:child href="Bed016.A.words.xml#id(Bed016.vocalsound.245)"/>
   </segment>
   <segment nite:id="Bed016.segment.977" starttime="2007.95" endtime="2008.56" participant="fe004" timing-provenance="dialogueact">
      <nite:child href="Bed016.A.words.xml#id(Bed016.w.7,419)..id(Bed016.w.7,420)"/>
   </segment>
   <segment nite:id="Bed016.segment.979" starttime="2011.31" endtime="2012.49" participant="fe004" timing-provenance="dialogueact">
      <nite:child href="Bed016.A.words.xml#id(Bed016.w.7,436)..id(Bed016.w.7,442)"/>
   </segment>
   <segment nite:id="Bed016.segment.989" starttime="2035.04" endtime="2035.3" participant="fe004" timing-provenance="dialogueact">
      <nite:child href="Bed016.A.words.xml#id(Bed016.w.7,541)..id(Bed016.w.7,542)"/>
   </segment>
   <segment nite:id="Bed016.segment.995" starttime="2044.62" endtime="2046.64" participant="fe004" timing-provenance="dialogueact">
      <nite:child href="Bed016.A.words.xml#id(Bed016.w.7,564)..id(Bed016.w.7,574)"/>
   </segment>
   <segment nite:id="Bed016.segment.998" starttime="2048.07" endtime="2049.26" participant="fe004" timing-provenance="dialogueact">
      <nite:child href="Bed016.A.words.xml#id(Bed016.w.7,587)..id(Bed016.w.7,595)"/>
   </segment>
   <segment nite:id="Bed016.segment.1,005" starttime="2063.63" endtime="2064.96" participant="fe004" timing-provenance="dialogueact">
      <nite:child href="Bed016.A.words.xml#id(Bed016.w.7,639)..id(Bed016.w.7,642)"/>
   </segment>
   <segment nite:id="Bed016.segment.1,006" starttime="2065.99" endtime="2067.39" participant="fe004" timing-provenance="dialogueact">
      <nite:child href="Bed016.A.words.xml#id(Bed016.w.7,643)..id(Bed016.w.7,652)"/>
   </segment>
   <segment nite:id="Bed016.segment.1,011" starttime="2076.28" endtime="2077.12" participant="fe004" timing-provenance="dialogueact">
      <nite:child href="Bed016.A.words.xml#id(Bed016.w.7,686)..id(Bed016.w.7,689)"/>
   </segment>
   <segment nite:id="Bed016.segment.1,015" starttime="2078.11" endtime="2079.26" participant="fe004" timing-provenance="dialogueact">
      <nite:child href="Bed016.A.words.xml#id(Bed016.w.7,698)..id(Bed016.w.7,703)"/>
   </segment>
   <segment nite:id="Bed016.segment.1,022" starttime="2084.57" endtime="2086.2" participant="fe004" timing-provenance="segment">
      <nite:child href="Bed016.A.words.xml#id(Bed016.w.7,731)..id(Bed016.disfmarker.255)"/>
   </segment>
   <segment nite:id="Bed016.segment.1,026" starttime="2088.02" endtime="2092.05" participant="fe004" timing-provenance="segment">
      <nite:child href="Bed016.A.words.xml#id(Bed016.vocalsound.251)"/>
   </segment>
   <segment nite:id="Bed016.segment.1,031" starttime="2092.15" endtime="2093.51" participant="fe004" timing-provenance="segment">
      <nite:child href="Bed016.A.words.xml#id(Bed016.vocalsound.255)"/>
   </segment>
   <segment nite:id="Bed016.segment.1,039" starttime="2098.49" endtime="2099.82" participant="fe004" timing-provenance="dialogueact">
      <nite:child href="Bed016.A.words.xml#id(Bed016.w.7,767)..id(Bed016.w.7,773)"/>
   </segment>
   <segment nite:id="Bed016.segment.1,041" starttime="2100.7" endtime="2102.912" participant="fe004" timing-provenance="segment">
      <nite:child href="Bed016.A.words.xml#id(Bed016.vocalsound.260)..id(Bed016.vocalsound.261)"/>
   </segment>
   <segment nite:id="Bed016.segment.1,042" starttime="2102.95" endtime="2103.88" participant="fe004" timing-provenance="dialogueact">
      <nite:child href="Bed016.A.words.xml#id(Bed016.w.7,787)..id(Bed016.w.7,788)"/>
   </segment>
   <segment nite:id="Bed016.segment.1,043" starttime="2105.48" endtime="2114.61" participant="fe004" timing-provenance="dialogueact">
      <nite:child href="Bed016.A.words.xml#id(Bed016.w.7,789)..id(Bed016.w.7,828)"/>
   </segment>
   <segment nite:id="Bed016.segment.1,048" starttime="2120.37" endtime="2122.03" participant="fe004" timing-provenance="dialogueact">
      <nite:child href="Bed016.A.words.xml#id(Bed016.w.7,892)..id(Bed016.w.7,901)"/>
   </segment>
   <segment nite:id="Bed016.segment.1,050" starttime="2130.22" endtime="2130.52" participant="fe004" timing-provenance="dialogueact">
      <nite:child href="Bed016.A.words.xml#id(Bed016.w.7,915)..id(Bed016.w.7,916)"/>
   </segment>
   <segment nite:id="Bed016.segment.1,051" starttime="2131.08" endtime="2134.32" participant="fe004" timing-provenance="segment">
      <nite:child href="Bed016.A.words.xml#id(Bed016.w.7,917)..id(Bed016.disfmarker.263)"/>
   </segment>
   <segment nite:id="Bed016.segment.1,059" starttime="2155.52" endtime="2155.7" participant="fe004" timing-provenance="dialogueact">
      <nite:child href="Bed016.A.words.xml#id(Bed016.w.7,991)..id(Bed016.w.7,992)"/>
   </segment>
   <segment nite:id="Bed016.segment.1,061" starttime="2158.71" endtime="2159.15" participant="fe004" timing-provenance="dialogueact">
      <nite:child href="Bed016.A.words.xml#id(Bed016.w.8,003)..id(Bed016.w.8,006)"/>
   </segment>
   <segment nite:id="Bed016.segment.1,081" starttime="2210.76" endtime="2211.67" participant="fe004" timing-provenance="segment">
      <nite:child href="Bed016.A.words.xml#id(Bed016.vocalsound.262)..id(Bed016.w.8,116)"/>
   </segment>
   <segment nite:id="Bed016.segment.1,083" starttime="2211.84" endtime="2215.42" participant="fe004" timing-provenance="dialogueact">
      <nite:child href="Bed016.A.words.xml#id(Bed016.w.8,123)..id(Bed016.w.8,139)"/>
   </segment>
   <segment nite:id="Bed016.segment.1,087" starttime="2220.02" endtime="2220.83" participant="fe004" timing-provenance="dialogueact">
      <nite:child href="Bed016.A.words.xml#id(Bed016.w.8,154)..id(Bed016.w.8,155)"/>
   </segment>
   <segment nite:id="Bed016.segment.1,088" starttime="2224.58" endtime="2228.52" participant="fe004" timing-provenance="dialogueact">
      <nite:child href="Bed016.A.words.xml#id(Bed016.w.8,156)..id(Bed016.w.8,174)"/>
   </segment>
   <segment nite:id="Bed016.segment.1,091" starttime="2229.76" endtime="2230.25" participant="fe004" timing-provenance="dialogueact">
      <nite:child href="Bed016.A.words.xml#id(Bed016.w.8,179)..id(Bed016.w.8,180)"/>
   </segment>
   <segment nite:id="Bed016.segment.1,092" starttime="2230.71" endtime="2232.85" participant="fe004" timing-provenance="segment">
      <nite:child href="Bed016.A.words.xml#id(Bed016.nonvocalsound.8)"/>
   </segment>
   <segment nite:id="Bed016.segment.1,101" starttime="2263.92" endtime="2264.33" participant="fe004" timing-provenance="dialogueact">
      <nite:child href="Bed016.A.words.xml#id(Bed016.w.8,278)..id(Bed016.w.8,279)"/>
   </segment>
   <segment nite:id="Bed016.segment.1,111" starttime="2284.9" endtime="2285.33" participant="fe004" timing-provenance="dialogueact">
      <nite:child href="Bed016.A.words.xml#id(Bed016.w.8,319)..id(Bed016.w.8,320)"/>
   </segment>
   <segment nite:id="Bed016.segment.1,113" starttime="2287.679" endtime="2291.619" participant="fe004" timing-provenance="segment">
      <nite:child href="Bed016.A.words.xml#id(Bed016.vocalsound.269)"/>
   </segment>
   <segment nite:id="Bed016.segment.1,119" starttime="2300.15" endtime="2300.5" participant="fe004" timing-provenance="dialogueact">
      <nite:child href="Bed016.A.words.xml#id(Bed016.w.8,361)..id(Bed016.w.8,362)"/>
   </segment>
   <segment nite:id="Bed016.segment.1,121" starttime="2301.05" endtime="2304.64" participant="fe004" timing-provenance="segment">
      <nite:child href="Bed016.A.words.xml#id(Bed016.w.8,365)..id(Bed016.vocalsound.271)"/>
   </segment>
   <segment nite:id="Bed016.segment.1,123" starttime="2307.22" endtime="2309.31" participant="fe004" timing-provenance="segment">
      <nite:child href="Bed016.A.words.xml#id(Bed016.vocalsound.272)..id(Bed016.disfmarker.285)"/>
   </segment>
   <segment nite:id="Bed016.segment.1,127" starttime="2309.603" endtime="2310.602" participant="fe004" timing-provenance="segment">
      <nite:child href="Bed016.A.words.xml#id(Bed016.vocalsound.274)"/>
   </segment>
   <segment nite:id="Bed016.segment.1,130" starttime="2313.21" endtime="2314.26" participant="fe004" timing-provenance="dialogueact">
      <nite:child href="Bed016.A.words.xml#id(Bed016.w.8,420)..id(Bed016.w.8,425)"/>
   </segment>
   <segment nite:id="Bed016.segment.1,131" starttime="2315.78" endtime="2316.77" participant="fe004" timing-provenance="dialogueact">
      <nite:child href="Bed016.A.words.xml#id(Bed016.w.8,426)..id(Bed016.w.8,431)"/>
   </segment>
   <segment nite:id="Bed016.segment.1,136" starttime="2322.31" endtime="2323.92" participant="fe004" timing-provenance="segment">
      <nite:child href="Bed016.A.words.xml#id(Bed016.w.8,474)..id(Bed016.disfmarker.291)"/>
   </segment>
   <segment nite:id="Bed016.segment.1,141" starttime="2328.1" endtime="2329.88" participant="fe004" timing-provenance="segment">
      <nite:child href="Bed016.A.words.xml#id(Bed016.w.8,504)..id(Bed016.comment.110)"/>
   </segment>
   <segment nite:id="Bed016.segment.1,144" starttime="2334.46" endtime="2336.7" participant="fe004" timing-provenance="dialogueact">
      <nite:child href="Bed016.A.words.xml#id(Bed016.w.8,519)..id(Bed016.w.8,532)"/>
   </segment>
   <segment nite:id="Bed016.segment.1,146" starttime="2337.608" endtime="2339.015" participant="fe004" timing-provenance="segment">
      <nite:child href="Bed016.A.words.xml#id(Bed016.w.8,533)..id(Bed016.comment.111)"/>
   </segment>
   <segment nite:id="Bed016.segment.1,148" starttime="2339.015" endtime="2340.296" participant="fe004" timing-provenance="segment">
      <nite:child href="Bed016.A.words.xml#id(Bed016.w.8,544)..id(Bed016.comment.112)"/>
   </segment>
   <segment nite:id="Bed016.segment.1,150" starttime="2340.296" endtime="2341.199" participant="fe004" timing-provenance="segment">
      <nite:child href="Bed016.A.words.xml#id(Bed016.w.8,545)..id(Bed016.comment.113)"/>
   </segment>
   <segment nite:id="Bed016.segment.1,151" starttime="2341.199" endtime="2343.16" participant="fe004" timing-provenance="segment">
      <nite:child href="Bed016.A.words.xml#id(Bed016.vocalsound.279)"/>
   </segment>
   <segment nite:id="Bed016.segment.1,157" starttime="2351.57" endtime="2351.92" participant="fe004" timing-provenance="dialogueact">
      <nite:child href="Bed016.A.words.xml#id(Bed016.w.8,610)..id(Bed016.w.8,613)"/>
   </segment>
   <segment nite:id="Bed016.segment.1,163" starttime="2375.24" endtime="2376.41" participant="fe004" timing-provenance="dialogueact">
      <nite:child href="Bed016.A.words.xml#id(Bed016.w.8,666)..id(Bed016.w.8,675)"/>
   </segment>
   <segment nite:id="Bed016.segment.1,165" starttime="2377.19" endtime="2379.75" participant="fe004" timing-provenance="segment">
      <nite:child href="Bed016.A.words.xml#id(Bed016.w.8,678)..id(Bed016.disfmarker.302)"/>
   </segment>
   <segment nite:id="Bed016.segment.1,174" starttime="2387.14" endtime="2388.79" participant="fe004" timing-provenance="segment">
      <nite:child href="Bed016.A.words.xml#id(Bed016.vocalsound.284)"/>
   </segment>
   <segment nite:id="Bed016.segment.1,176" starttime="2388.79" endtime="2390.65" participant="fe004" timing-provenance="segment">
      <nite:child href="Bed016.A.words.xml#id(Bed016.w.8,729)..id(Bed016.w.8,738)"/>
   </segment>
   <segment nite:id="Bed016.segment.1,178" starttime="2390.65" endtime="2392.088" participant="fe004" timing-provenance="segment">
      <nite:child href="Bed016.A.words.xml#id(Bed016.vocalsound.286)"/>
   </segment>
   <segment nite:id="Bed016.segment.1,181" starttime="2393.03" endtime="2396.04" participant="fe004" timing-provenance="segment">
      <nite:child href="Bed016.A.words.xml#id(Bed016.w.8,742)..id(Bed016.comment.114)"/>
   </segment>
   <segment nite:id="Bed016.segment.1,184" starttime="2396.15" endtime="2396.97" participant="fe004" timing-provenance="segment">
      <nite:child href="Bed016.A.words.xml#id(Bed016.vocalsound.290)"/>
   </segment>
   <segment nite:id="Bed016.segment.1,200" starttime="2443.053" endtime="2443.57" participant="fe004" timing-provenance="segment">
      <nite:child href="Bed016.A.words.xml#id(Bed016.vocalsound.292)"/>
   </segment>
   <segment nite:id="Bed016.segment.1,214" starttime="2481.64" endtime="2482.64" participant="fe004" timing-provenance="dialogueact">
      <nite:child href="Bed016.A.words.xml#id(Bed016.w.8,995)..id(Bed016.w.8,998)"/>
   </segment>
   <segment nite:id="Bed016.segment.1,216" starttime="2484.01" endtime="2487.27" participant="fe004" timing-provenance="segment">
      <nite:child href="Bed016.A.words.xml#id(Bed016.w.9,001)..id(Bed016.disfmarker.318)"/>
   </segment>
   <segment nite:id="Bed016.segment.1,219" starttime="2488.2" endtime="2490.27" participant="fe004" timing-provenance="dialogueact">
      <nite:child href="Bed016.A.words.xml#id(Bed016.w.9,019)..id(Bed016.w.9,026)"/>
   </segment>
   <segment nite:id="Bed016.segment.1,220" starttime="2491.088" endtime="2492.179" participant="fe004" timing-provenance="segment">
      <nite:child href="Bed016.A.words.xml#id(Bed016.w.9,027)..id(Bed016.w.9,030)"/>
   </segment>
   <segment nite:id="Bed016.segment.1,222" starttime="2495.52" endtime="2498.86" participant="fe004" timing-provenance="segment">
      <nite:child href="Bed016.A.words.xml#id(Bed016.w.9,050)..id(Bed016.comment.115)"/>
   </segment>
   <segment nite:id="Bed016.segment.1,226" starttime="2505.4" endtime="2506.11" participant="fe004" timing-provenance="dialogueact">
      <nite:child href="Bed016.A.words.xml#id(Bed016.w.9,075)..id(Bed016.w.9,076)"/>
   </segment>
   <segment nite:id="Bed016.segment.1,250" starttime="2590.146" endtime="2592.15" participant="fe004" timing-provenance="segment">
      <nite:child href="Bed016.A.words.xml#id(Bed016.w.9,315)..id(Bed016.disfmarker.332)"/>
   </segment>
   <segment nite:id="Bed016.segment.1,251" starttime="2592.49" endtime="2595.99" participant="fe004" timing-provenance="dialogueact">
      <nite:child href="Bed016.A.words.xml#id(Bed016.w.9,320)..id(Bed016.w.9,331)"/>
   </segment>
   <segment nite:id="Bed016.segment.1,253" starttime="2609.59" endtime="2609.75" participant="fe004" timing-provenance="dialogueact">
      <nite:child href="Bed016.A.words.xml#id(Bed016.w.9,349)..id(Bed016.w.9,350)"/>
   </segment>
   <segment nite:id="Bed016.segment.1,254" starttime="2613.851" endtime="2615.903" participant="fe004" timing-provenance="segment">
      <nite:child href="Bed016.A.words.xml#id(Bed016.vocalsound.296)"/>
   </segment>
   <segment nite:id="Bed016.segment.1,255" starttime="2622.715" endtime="2624.193" participant="fe004" timing-provenance="segment">
      <nite:child href="Bed016.A.words.xml#id(Bed016.vocalsound.297)"/>
   </segment>
   <segment nite:id="Bed016.segment.1,256" starttime="2630.98" endtime="2631.23" participant="fe004" timing-provenance="dialogueact">
      <nite:child href="Bed016.A.words.xml#id(Bed016.w.9,351)..id(Bed016.w.9,352)"/>
   </segment>
</nite:root>