<?xml version="1.0" encoding="ISO-8859-1" standalone="yes"?>
<nite:root nite:id="Bed016.F.segs" xmlns:nite="http://nite.sourceforge.net/">
   <segment nite:id="Bed016.segment.3" starttime="2.42" endtime="2.73" participant="me045" timing-provenance="dialogueact">
      <nite:child href="Bed016.F.words.xml#id(Bed016.w.15)..id(Bed016.w.16)"/>
   </segment>
   <segment nite:id="Bed016.segment.5" starttime="7.07" endtime="8.61" participant="me045" timing-provenance="segment">
      <nite:child href="Bed016.F.words.xml#id(Bed016.vocalsound.1)"/>
   </segment>
   <segment nite:id="Bed016.segment.18" starttime="28.7" endtime="34.57" participant="me045" timing-provenance="segment">
      <nite:child href="Bed016.F.words.xml#id(Bed016.w.133)..id(Bed016.vocalsound.3)"/>
   </segment>
   <segment nite:id="Bed016.segment.22" starttime="35.41" endtime="36.77" participant="me045" timing-provenance="segment">
      <nite:child href="Bed016.F.words.xml#id(Bed016.w.173)..id(Bed016.vocalsound.5)"/>
   </segment>
   <segment nite:id="Bed016.segment.28" starttime="38.65" endtime="39.49" participant="me045" timing-provenance="segment">
      <nite:child href="Bed016.F.words.xml#id(Bed016.vocalsound.8)"/>
   </segment>
   <segment nite:id="Bed016.segment.31" starttime="40.566" endtime="40.826" participant="me045" timing-provenance="dialogueact">
      <nite:child href="Bed016.F.words.xml#id(Bed016.w.224)..id(Bed016.w.225)"/>
   </segment>
   <segment nite:id="Bed016.segment.32" starttime="42.03" endtime="43.54" participant="me045" timing-provenance="dialogueact">
      <nite:child href="Bed016.F.words.xml#id(Bed016.w.226)..id(Bed016.w.234)"/>
   </segment>
   <segment nite:id="Bed016.segment.34" starttime="44.269" endtime="44.629" participant="me045" timing-provenance="dialogueact">
      <nite:child href="Bed016.F.words.xml#id(Bed016.w.240)..id(Bed016.w.241)"/>
   </segment>
   <segment nite:id="Bed016.segment.35" starttime="45.368" endtime="46.125" participant="me045" timing-provenance="segment">
      <nite:child href="Bed016.F.words.xml#id(Bed016.vocalsound.9)"/>
   </segment>
   <segment nite:id="Bed016.segment.37" starttime="48.134" endtime="50.28" participant="me045" timing-provenance="segment">
      <nite:child href="Bed016.F.words.xml#id(Bed016.vocalsound.10)..id(Bed016.w.259)"/>
   </segment>
   <segment nite:id="Bed016.segment.40" starttime="53.54" endtime="58.09" participant="me045" timing-provenance="dialogueact">
      <nite:child href="Bed016.F.words.xml#id(Bed016.w.264)..id(Bed016.w.286)"/>
   </segment>
   <segment nite:id="Bed016.segment.44" starttime="61.63" endtime="69.39" participant="me045" timing-provenance="segment">
      <nite:child href="Bed016.F.words.xml#id(Bed016.w.316)..id(Bed016.vocalsound.14)"/>
   </segment>
   <segment nite:id="Bed016.segment.49" starttime="69.77" endtime="71.05" participant="me045" timing-provenance="dialogueact">
      <nite:child href="Bed016.F.words.xml#id(Bed016.w.338)..id(Bed016.w.345)"/>
   </segment>
   <segment nite:id="Bed016.segment.52" starttime="72.98" endtime="73.97" participant="me045" timing-provenance="segment">
      <nite:child href="Bed016.F.words.xml#id(Bed016.vocalsound.20)"/>
   </segment>
   <segment nite:id="Bed016.segment.53" starttime="75.81" endtime="78.54" participant="me045" timing-provenance="segment">
      <nite:child href="Bed016.F.words.xml#id(Bed016.w.348)..id(Bed016.comment.4)"/>
   </segment>
   <segment nite:id="Bed016.segment.60" starttime="89.65" endtime="90.48" participant="me045" timing-provenance="dialogueact">
      <nite:child href="Bed016.F.words.xml#id(Bed016.w.430)..id(Bed016.w.434)"/>
   </segment>
   <segment nite:id="Bed016.segment.61" starttime="91.23" endtime="92.11" participant="me045" timing-provenance="segment">
      <nite:child href="Bed016.F.words.xml#id(Bed016.vocalsound.21)"/>
   </segment>
   <segment nite:id="Bed016.segment.63" starttime="93.37" endtime="94.15" participant="me045" timing-provenance="segment">
      <nite:child href="Bed016.F.words.xml#id(Bed016.w.441)..id(Bed016.comment.5)"/>
   </segment>
   <segment nite:id="Bed016.segment.70" starttime="95.607" endtime="97.67" participant="me045" timing-provenance="segment">
      <nite:child href="Bed016.F.words.xml#id(Bed016.vocalsound.24)"/>
   </segment>
   <segment nite:id="Bed016.segment.74" starttime="97.994" endtime="98.334" participant="me045" timing-provenance="dialogueact">
      <nite:child href="Bed016.F.words.xml#id(Bed016.w.485)..id(Bed016.w.486)"/>
   </segment>
   <segment nite:id="Bed016.segment.77" starttime="102.45" endtime="102.97" participant="me045" timing-provenance="dialogueact">
      <nite:child href="Bed016.F.words.xml#id(Bed016.w.511)..id(Bed016.w.512)"/>
   </segment>
   <segment nite:id="Bed016.segment.81" starttime="104.49" endtime="105.34" participant="me045" timing-provenance="dialogueact">
      <nite:child href="Bed016.F.words.xml#id(Bed016.w.524)..id(Bed016.w.528)"/>
   </segment>
   <segment nite:id="Bed016.segment.88" starttime="108.41" endtime="114.609" participant="me045" digittask="true" timing-provenance="segment">
      <nite:child href="Bed016.F.words.xml#id(Bed016.w.569)..id(Bed016.comment.10)"/>
   </segment>
   <segment nite:id="Bed016.segment.98" starttime="115.08" endtime="119.639" participant="me045" digittask="true" timing-provenance="segment">
      <nite:child href="Bed016.F.words.xml#id(Bed016.w.692)..id(Bed016.comment.23)"/>
   </segment>
   <segment nite:id="Bed016.segment.103" starttime="120.27" endtime="124.387" participant="me045" digittask="true" timing-provenance="segment">
      <nite:child href="Bed016.F.words.xml#id(Bed016.w.753)..id(Bed016.comment.28)"/>
   </segment>
   <segment nite:id="Bed016.segment.108" starttime="124.74" endtime="129.538" participant="me045" digittask="true" timing-provenance="segment">
      <nite:child href="Bed016.F.words.xml#id(Bed016.w.810)..id(Bed016.comment.33)"/>
   </segment>
   <segment nite:id="Bed016.segment.116" starttime="130.26" endtime="135.658" participant="me045" digittask="true" timing-provenance="segment">
      <nite:child href="Bed016.F.words.xml#id(Bed016.w.904)..id(Bed016.comment.41)"/>
   </segment>
   <segment nite:id="Bed016.segment.124" starttime="136.07" endtime="141.099" participant="me045" digittask="true" timing-provenance="segment">
      <nite:child href="Bed016.F.words.xml#id(Bed016.w.1,008)..id(Bed016.comment.49)"/>
   </segment>
   <segment nite:id="Bed016.segment.130" starttime="141.572" endtime="146.779" participant="me045" digittask="true" timing-provenance="segment">
      <nite:child href="Bed016.F.words.xml#id(Bed016.w.1,088)..id(Bed016.comment.55)"/>
   </segment>
   <segment nite:id="Bed016.segment.134" starttime="147.018" endtime="150.677" participant="me045" digittask="true" timing-provenance="segment">
      <nite:child href="Bed016.F.words.xml#id(Bed016.w.1,131)..id(Bed016.comment.61)"/>
   </segment>
   <segment nite:id="Bed016.segment.139" starttime="151.799" endtime="154.569" participant="me045" timing-provenance="dialogueact">
      <nite:child href="Bed016.F.words.xml#id(Bed016.w.1,148)..id(Bed016.w.1,157)"/>
   </segment>
   <segment nite:id="Bed016.segment.146" starttime="155.65" endtime="158.68" participant="me045" timing-provenance="segment">
      <nite:child href="Bed016.F.words.xml#id(Bed016.vocalsound.37)..id(Bed016.vocalsound.38)"/>
   </segment>
   <segment nite:id="Bed016.segment.148" starttime="158.71" endtime="160.87" participant="me045" timing-provenance="segment">
      <nite:child href="Bed016.F.words.xml#id(Bed016.w.1,164)..id(Bed016.comment.63)"/>
   </segment>
   <segment nite:id="Bed016.segment.151" starttime="163.13" endtime="163.41" participant="me045" timing-provenance="dialogueact">
      <nite:child href="Bed016.F.words.xml#id(Bed016.w.1,175)..id(Bed016.w.1,176)"/>
   </segment>
   <segment nite:id="Bed016.segment.153" starttime="165.775" endtime="167.252" participant="me045" timing-provenance="segment">
      <nite:child href="Bed016.F.words.xml#id(Bed016.vocalsound.41)"/>
   </segment>
   <segment nite:id="Bed016.segment.155" starttime="171.05" endtime="173.77" participant="me045" timing-provenance="segment">
      <nite:child href="Bed016.F.words.xml#id(Bed016.vocalsound.43)"/>
   </segment>
   <segment nite:id="Bed016.segment.160" starttime="174.7" endtime="177.04" participant="me045" timing-provenance="segment">
      <nite:child href="Bed016.F.words.xml#id(Bed016.w.1,208)..id(Bed016.vocalsound.47)"/>
   </segment>
   <segment nite:id="Bed016.segment.165" starttime="177.06" endtime="178.61" participant="me045" timing-provenance="segment">
      <nite:child href="Bed016.F.words.xml#id(Bed016.vocalsound.50)"/>
   </segment>
   <segment nite:id="Bed016.segment.167" starttime="186.32" endtime="188.51" participant="me045" timing-provenance="segment">
      <nite:child href="Bed016.F.words.xml#id(Bed016.vocalsound.52)"/>
   </segment>
   <segment nite:id="Bed016.segment.207" starttime="290.346" endtime="294.456" participant="me045" timing-provenance="dialogueact">
      <nite:child href="Bed016.F.words.xml#id(Bed016.w.1,518)..id(Bed016.w.1,536)"/>
   </segment>
   <segment nite:id="Bed016.segment.213" starttime="297.421" endtime="298.31" participant="me045" timing-provenance="segment">
      <nite:child href="Bed016.F.words.xml#id(Bed016.w.1,604)..id(Bed016.w.1,605)"/>
   </segment>
   <segment nite:id="Bed016.segment.216" starttime="301.58" endtime="301.91" participant="me045" timing-provenance="dialogueact">
      <nite:child href="Bed016.F.words.xml#id(Bed016.w.1,634)..id(Bed016.w.1,635)"/>
   </segment>
   <segment nite:id="Bed016.segment.250" starttime="370.41" endtime="371.86" participant="me045" timing-provenance="dialogueact">
      <nite:child href="Bed016.F.words.xml#id(Bed016.w.1,879)..id(Bed016.w.1,890)"/>
   </segment>
   <segment nite:id="Bed016.segment.253" starttime="372.23" endtime="376.8" participant="me045" timing-provenance="segment">
      <nite:child href="Bed016.F.words.xml#id(Bed016.vocalsound.69)..id(Bed016.w.1,909)"/>
   </segment>
   <segment nite:id="Bed016.segment.264" starttime="386.562" endtime="387.068" participant="me045" timing-provenance="segment">
      <nite:child href="Bed016.F.words.xml#id(Bed016.w.1,952)..id(Bed016.disfmarker.37)"/>
   </segment>
   <segment nite:id="Bed016.segment.266" starttime="388.27" endtime="389.12" participant="me045" timing-provenance="dialogueact">
      <nite:child href="Bed016.F.words.xml#id(Bed016.w.1,967)..id(Bed016.w.1,973)"/>
   </segment>
   <segment nite:id="Bed016.segment.285" starttime="431.898" endtime="432.976" participant="me045" timing-provenance="segment">
      <nite:child href="Bed016.F.words.xml#id(Bed016.vocalsound.77)"/>
   </segment>
   <segment nite:id="Bed016.segment.286" starttime="435.248" endtime="438.896" participant="me045" timing-provenance="segment">
      <nite:child href="Bed016.F.words.xml#id(Bed016.vocalsound.78)"/>
   </segment>
   <segment nite:id="Bed016.segment.290" starttime="454.447" endtime="454.777" participant="me045" timing-provenance="dialogueact">
      <nite:child href="Bed016.F.words.xml#id(Bed016.w.2,104)..id(Bed016.w.2,105)"/>
   </segment>
   <segment nite:id="Bed016.segment.305" starttime="506.36" endtime="508.53" participant="me045" timing-provenance="segment">
      <nite:child href="Bed016.F.words.xml#id(Bed016.w.2,258)..id(Bed016.vocalsound.83)"/>
   </segment>
   <segment nite:id="Bed016.segment.306" starttime="508.65" endtime="509.96" participant="me045" timing-provenance="segment">
      <nite:child href="Bed016.F.words.xml#id(Bed016.w.2,267)..id(Bed016.vocalsound.84)"/>
   </segment>
   <segment nite:id="Bed016.segment.308" starttime="511.955" endtime="512.245" participant="me045" timing-provenance="dialogueact">
      <nite:child href="Bed016.F.words.xml#id(Bed016.w.2,289)..id(Bed016.w.2,290)"/>
   </segment>
   <segment nite:id="Bed016.segment.310" starttime="514.129" endtime="514.449" participant="me045" timing-provenance="dialogueact">
      <nite:child href="Bed016.F.words.xml#id(Bed016.w.2,294)..id(Bed016.w.2,295)"/>
   </segment>
   <segment nite:id="Bed016.segment.319" starttime="528.939" endtime="529.65" participant="me045" timing-provenance="segment">
      <nite:child href="Bed016.F.words.xml#id(Bed016.vocalsound.89)"/>
   </segment>
   <segment nite:id="Bed016.segment.327" starttime="552.298" endtime="552.568" participant="me045" timing-provenance="dialogueact">
      <nite:child href="Bed016.F.words.xml#id(Bed016.w.2,412)..id(Bed016.w.2,415)"/>
   </segment>
   <segment nite:id="Bed016.segment.330" starttime="555.12" endtime="555.51" participant="me045" timing-provenance="dialogueact">
      <nite:child href="Bed016.F.words.xml#id(Bed016.w.2,427)..id(Bed016.w.2,430)"/>
   </segment>
   <segment nite:id="Bed016.segment.338" starttime="573.96" endtime="574.56" participant="me045" timing-provenance="dialogueact">
      <nite:child href="Bed016.F.words.xml#id(Bed016.w.2,467)..id(Bed016.w.2,470)"/>
   </segment>
   <segment nite:id="Bed016.segment.341" starttime="577.96" endtime="578.34" participant="me045" timing-provenance="dialogueact">
      <nite:child href="Bed016.F.words.xml#id(Bed016.w.2,506)..id(Bed016.w.2,509)"/>
   </segment>
   <segment nite:id="Bed016.segment.342" starttime="580.3" endtime="580.6" participant="me045" timing-provenance="dialogueact">
      <nite:child href="Bed016.F.words.xml#id(Bed016.w.2,510)..id(Bed016.w.2,512)"/>
   </segment>
   <segment nite:id="Bed016.segment.343" starttime="583.258" endtime="583.768" participant="me045" timing-provenance="dialogueact">
      <nite:child href="Bed016.F.words.xml#id(Bed016.w.2,513)..id(Bed016.w.2,514)"/>
   </segment>
   <segment nite:id="Bed016.segment.346" starttime="596.27" endtime="597.03" participant="me045" timing-provenance="dialogueact">
      <nite:child href="Bed016.F.words.xml#id(Bed016.w.2,525)..id(Bed016.w.2,531)"/>
   </segment>
   <segment nite:id="Bed016.segment.355" starttime="623.587" endtime="624.637" participant="me045" timing-provenance="dialogueact">
      <nite:child href="Bed016.F.words.xml#id(Bed016.w.2,566)..id(Bed016.w.2,569)"/>
   </segment>
   <segment nite:id="Bed016.segment.358" starttime="626.7" endtime="628.719" participant="me045" timing-provenance="segment">
      <nite:child href="Bed016.F.words.xml#id(Bed016.vocalsound.96)"/>
   </segment>
   <segment nite:id="Bed016.segment.391" starttime="752.578" endtime="753.307" participant="me045" timing-provenance="segment">
      <nite:child href="Bed016.F.words.xml#id(Bed016.vocalsound.103)"/>
   </segment>
   <segment nite:id="Bed016.segment.396" starttime="771.083" endtime="772.123" participant="me045" timing-provenance="dialogueact">
      <nite:child href="Bed016.F.words.xml#id(Bed016.w.2,979)..id(Bed016.w.2,984)"/>
   </segment>
   <segment nite:id="Bed016.segment.403" starttime="781.19" endtime="782.09" participant="me045" timing-provenance="segment">
      <nite:child href="Bed016.F.words.xml#id(Bed016.vocalsound.106)"/>
   </segment>
   <segment nite:id="Bed016.segment.408" starttime="801.316" endtime="803.447" participant="me045" timing-provenance="segment">
      <nite:child href="Bed016.F.words.xml#id(Bed016.vocalsound.108)"/>
   </segment>
   <segment nite:id="Bed016.segment.475" starttime="980.551" endtime="982.386" participant="me045" timing-provenance="segment">
      <nite:child href="Bed016.F.words.xml#id(Bed016.vocalsound.128)"/>
   </segment>
   <segment nite:id="Bed016.segment.479" starttime="986.798" endtime="987.842" participant="me045" timing-provenance="segment">
      <nite:child href="Bed016.F.words.xml#id(Bed016.vocalsound.129)"/>
   </segment>
   <segment nite:id="Bed016.segment.498" starttime="1021.894" endtime="1022.687" participant="me045" timing-provenance="segment">
      <nite:child href="Bed016.F.words.xml#id(Bed016.vocalsound.136)"/>
   </segment>
   <segment nite:id="Bed016.segment.501" starttime="1025.6" endtime="1027.5" participant="me045" timing-provenance="segment">
      <nite:child href="Bed016.F.words.xml#id(Bed016.vocalsound.137)"/>
   </segment>
   <segment nite:id="Bed016.segment.507" starttime="1031.96" endtime="1033.074" participant="me045" timing-provenance="segment">
      <nite:child href="Bed016.F.words.xml#id(Bed016.w.3,884)..id(Bed016.comment.82)"/>
   </segment>
   <segment nite:id="Bed016.segment.511" starttime="1036.301" endtime="1037.73" participant="me045" timing-provenance="segment">
      <nite:child href="Bed016.F.words.xml#id(Bed016.w.3,899)..id(Bed016.comment.83)"/>
   </segment>
   <segment nite:id="Bed016.segment.515" starttime="1037.73" endtime="1038.33" participant="me045" timing-provenance="segment">
      <nite:child href="Bed016.F.words.xml#id(Bed016.vocalsound.141)"/>
   </segment>
   <segment nite:id="Bed016.segment.517" starttime="1039.42" endtime="1046.62" participant="me045" timing-provenance="segment">
      <nite:child href="Bed016.F.words.xml#id(Bed016.w.3,907)..id(Bed016.comment.86)"/>
   </segment>
   <segment nite:id="Bed016.segment.525" starttime="1049.97" endtime="1050.85" participant="me045" timing-provenance="segment">
      <nite:child href="Bed016.F.words.xml#id(Bed016.vocalsound.144)"/>
   </segment>
   <segment nite:id="Bed016.segment.529" starttime="1051.785" endtime="1053.838" participant="me045" timing-provenance="segment">
      <nite:child href="Bed016.F.words.xml#id(Bed016.vocalsound.147)"/>
   </segment>
   <segment nite:id="Bed016.segment.535" starttime="1057.738" endtime="1058.346" participant="me045" timing-provenance="segment">
      <nite:child href="Bed016.F.words.xml#id(Bed016.vocalsound.150)"/>
   </segment>
   <segment nite:id="Bed016.segment.540" starttime="1061.55" endtime="1065.01" participant="me045" timing-provenance="segment">
      <nite:child href="Bed016.F.words.xml#id(Bed016.w.4,013)..id(Bed016.vocalsound.152)"/>
   </segment>
   <segment nite:id="Bed016.segment.543" starttime="1066.37" endtime="1067.02" participant="me045" timing-provenance="segment">
      <nite:child href="Bed016.F.words.xml#id(Bed016.vocalsound.154)"/>
   </segment>
   <segment nite:id="Bed016.segment.544" starttime="1072.638" endtime="1073.68" participant="me045" timing-provenance="segment">
      <nite:child href="Bed016.F.words.xml#id(Bed016.vocalsound.155)"/>
   </segment>
   <segment nite:id="Bed016.segment.546" starttime="1076.965" endtime="1078.146" participant="me045" timing-provenance="segment">
      <nite:child href="Bed016.F.words.xml#id(Bed016.vocalsound.156)"/>
   </segment>
   <segment nite:id="Bed016.segment.550" starttime="1079.51" endtime="1082.85" participant="me045" timing-provenance="segment">
      <nite:child href="Bed016.F.words.xml#id(Bed016.w.4,073)..id(Bed016.vocalsound.160)"/>
   </segment>
   <segment nite:id="Bed016.segment.563" starttime="1092.713" endtime="1093.287" participant="me045" timing-provenance="segment">
      <nite:child href="Bed016.F.words.xml#id(Bed016.vocalsound.164)"/>
   </segment>
   <segment nite:id="Bed016.segment.574" starttime="1124.12" endtime="1128.87" participant="me045" timing-provenance="dialogueact">
      <nite:child href="Bed016.F.words.xml#id(Bed016.w.4,205)..id(Bed016.w.4,232)"/>
   </segment>
   <segment nite:id="Bed016.segment.575" starttime="1129.76" endtime="1133.24" participant="me045" timing-provenance="dialogueact">
      <nite:child href="Bed016.F.words.xml#id(Bed016.w.4,233)..id(Bed016.w.4,248)"/>
   </segment>
   <segment nite:id="Bed016.segment.579" starttime="1135.76" endtime="1137.7" participant="me045" timing-provenance="dialogueact">
      <nite:child href="Bed016.F.words.xml#id(Bed016.w.4,251)..id(Bed016.w.4,264)"/>
   </segment>
   <segment nite:id="Bed016.segment.583" starttime="1140.1" endtime="1141.45" participant="me045" timing-provenance="dialogueact">
      <nite:child href="Bed016.F.words.xml#id(Bed016.w.4,275)..id(Bed016.w.4,285)"/>
   </segment>
   <segment nite:id="Bed016.segment.586" starttime="1143.7" endtime="1144.55" participant="me045" timing-provenance="dialogueact">
      <nite:child href="Bed016.F.words.xml#id(Bed016.w.4,290)..id(Bed016.w.4,293)"/>
   </segment>
   <segment nite:id="Bed016.segment.590" starttime="1149.36" endtime="1149.65" participant="me045" timing-provenance="dialogueact">
      <nite:child href="Bed016.F.words.xml#id(Bed016.w.4,349)..id(Bed016.w.4,350)"/>
   </segment>
   <segment nite:id="Bed016.segment.593" starttime="1159.505" endtime="1162.402" participant="me045" timing-provenance="segment">
      <nite:child href="Bed016.F.words.xml#id(Bed016.vocalsound.170)"/>
   </segment>
   <segment nite:id="Bed016.segment.609" starttime="1202.812" endtime="1203.701" participant="me045" timing-provenance="segment">
      <nite:child href="Bed016.F.words.xml#id(Bed016.vocalsound.174)"/>
   </segment>
   <segment nite:id="Bed016.segment.614" starttime="1216.761" endtime="1218.52" participant="me045" timing-provenance="segment">
      <nite:child href="Bed016.F.words.xml#id(Bed016.vocalsound.176)..id(Bed016.comment.88)"/>
   </segment>
   <segment nite:id="Bed016.segment.617" starttime="1220.292" endtime="1220.961" participant="me045" timing-provenance="segment">
      <nite:child href="Bed016.F.words.xml#id(Bed016.vocalsound.177)"/>
   </segment>
   <segment nite:id="Bed016.segment.619" starttime="1229.5" endtime="1230.438" participant="me045" timing-provenance="segment">
      <nite:child href="Bed016.F.words.xml#id(Bed016.vocalsound.178)"/>
   </segment>
   <segment nite:id="Bed016.segment.634" starttime="1266.747" endtime="1267.275" participant="me045" timing-provenance="segment">
      <nite:child href="Bed016.F.words.xml#id(Bed016.vocalsound.181)"/>
   </segment>
   <segment nite:id="Bed016.segment.658" starttime="1339.21" endtime="1339.91" participant="me045" timing-provenance="dialogueact">
      <nite:child href="Bed016.F.words.xml#id(Bed016.w.4,812)..id(Bed016.w.4,815)"/>
   </segment>
   <segment nite:id="Bed016.segment.660" starttime="1347.86" endtime="1348.25" participant="me045" timing-provenance="dialogueact">
      <nite:child href="Bed016.F.words.xml#id(Bed016.w.4,827)..id(Bed016.w.4,830)"/>
   </segment>
   <segment nite:id="Bed016.segment.663" starttime="1353.67" endtime="1353.88" participant="me045" timing-provenance="dialogueact">
      <nite:child href="Bed016.F.words.xml#id(Bed016.w.4,843)..id(Bed016.w.4,844)"/>
   </segment>
   <segment nite:id="Bed016.segment.666" starttime="1373.244" endtime="1375.304" participant="me045" timing-provenance="segment">
      <nite:child href="Bed016.F.words.xml#id(Bed016.vocalsound.183)"/>
   </segment>
   <segment nite:id="Bed016.segment.672" starttime="1385.95" endtime="1386.11" participant="me045" timing-provenance="dialogueact">
      <nite:child href="Bed016.F.words.xml#id(Bed016.w.4,899)..id(Bed016.w.4,900)"/>
   </segment>
   <segment nite:id="Bed016.segment.707" starttime="1504.49" endtime="1504.87" participant="me045" timing-provenance="dialogueact">
      <nite:child href="Bed016.F.words.xml#id(Bed016.w.5,224)..id(Bed016.w.5,227)"/>
   </segment>
   <segment nite:id="Bed016.segment.730" starttime="1549.765" endtime="1550.304" participant="me045" timing-provenance="segment">
      <nite:child href="Bed016.F.words.xml#id(Bed016.vocalsound.190)"/>
   </segment>
   <segment nite:id="Bed016.segment.732" starttime="1551.118" endtime="1553.8" participant="me045" timing-provenance="segment">
      <nite:child href="Bed016.F.words.xml#id(Bed016.w.5,394)..id(Bed016.vocalsound.191)"/>
   </segment>
   <segment nite:id="Bed016.segment.748" starttime="1581.97" endtime="1583.01" participant="me045" timing-provenance="segment">
      <nite:child href="Bed016.F.words.xml#id(Bed016.vocalsound.195)"/>
   </segment>
   <segment nite:id="Bed016.segment.752" starttime="1585.91" endtime="1589.14" participant="me045" timing-provenance="segment">
      <nite:child href="Bed016.F.words.xml#id(Bed016.vocalsound.197)..id(Bed016.vocalsound.198)"/>
   </segment>
   <segment nite:id="Bed016.segment.762" starttime="1598.95" endtime="1599.43" participant="me045" timing-provenance="dialogueact">
      <nite:child href="Bed016.F.words.xml#id(Bed016.w.5,586)..id(Bed016.w.5,587)"/>
   </segment>
   <segment nite:id="Bed016.segment.769" starttime="1612.722" endtime="1613.71" participant="me045" timing-provenance="segment">
      <nite:child href="Bed016.F.words.xml#id(Bed016.vocalsound.204)"/>
   </segment>
   <segment nite:id="Bed016.segment.775" starttime="1627.571" endtime="1628.121" participant="me045" timing-provenance="segment">
      <nite:child href="Bed016.F.words.xml#id(Bed016.vocalsound.205)"/>
   </segment>
   <segment nite:id="Bed016.segment.777" starttime="1628.8" endtime="1633.6" participant="me045" timing-provenance="segment">
      <nite:child href="Bed016.F.words.xml#id(Bed016.w.5,693)..id(Bed016.vocalsound.206)"/>
   </segment>
   <segment nite:id="Bed016.segment.783" starttime="1633.87" endtime="1639.006" participant="me045" timing-provenance="segment">
      <nite:child href="Bed016.F.words.xml#id(Bed016.w.5,720)..id(Bed016.disfmarker.157)"/>
   </segment>
   <segment nite:id="Bed016.segment.785" starttime="1639.48" endtime="1639.75" participant="me045" timing-provenance="dialogueact">
      <nite:child href="Bed016.F.words.xml#id(Bed016.w.5,766)..id(Bed016.w.5,767)"/>
   </segment>
   <segment nite:id="Bed016.segment.786" starttime="1643.04" endtime="1643.4" participant="me045" timing-provenance="dialogueact">
      <nite:child href="Bed016.F.words.xml#id(Bed016.w.5,768)..id(Bed016.w.5,769)"/>
   </segment>
   <segment nite:id="Bed016.segment.788" starttime="1645.149" endtime="1646.616" participant="me045" timing-provenance="segment">
      <nite:child href="Bed016.F.words.xml#id(Bed016.w.5,776)..id(Bed016.vocalsound.210)"/>
   </segment>
   <segment nite:id="Bed016.segment.792" starttime="1647.568" endtime="1648.51" participant="me045" timing-provenance="segment">
      <nite:child href="Bed016.F.words.xml#id(Bed016.vocalsound.213)"/>
   </segment>
   <segment nite:id="Bed016.segment.795" starttime="1649.61" endtime="1650.711" participant="me045" timing-provenance="segment">
      <nite:child href="Bed016.F.words.xml#id(Bed016.vocalsound.215)"/>
   </segment>
   <segment nite:id="Bed016.segment.811" starttime="1668.96" endtime="1670.443" participant="me045" timing-provenance="segment">
      <nite:child href="Bed016.F.words.xml#id(Bed016.w.5,873)..id(Bed016.vocalsound.224)"/>
   </segment>
   <segment nite:id="Bed016.segment.841" starttime="1744.06" endtime="1745.59" participant="me045" timing-provenance="segment">
      <nite:child href="Bed016.F.words.xml#id(Bed016.vocalsound.230)"/>
   </segment>
   <segment nite:id="Bed016.segment.861" starttime="1791.75" endtime="1792.6" participant="me045" timing-provenance="segment">
      <nite:child href="Bed016.F.words.xml#id(Bed016.vocalsound.233)"/>
   </segment>
   <segment nite:id="Bed016.segment.866" starttime="1798.53" endtime="1799.48" participant="me045" timing-provenance="segment">
      <nite:child href="Bed016.F.words.xml#id(Bed016.vocalsound.235)"/>
   </segment>
   <segment nite:id="Bed016.segment.871" starttime="1801.25" endtime="1802.01" participant="me045" timing-provenance="segment">
      <nite:child href="Bed016.F.words.xml#id(Bed016.vocalsound.236)"/>
   </segment>
   <segment nite:id="Bed016.segment.875" starttime="1811.05" endtime="1811.87" participant="me045" timing-provenance="segment">
      <nite:child href="Bed016.F.words.xml#id(Bed016.vocalsound.237)"/>
   </segment>
   <segment nite:id="Bed016.segment.878" starttime="1825.14" endtime="1826.81" participant="me045" timing-provenance="dialogueact">
      <nite:child href="Bed016.F.words.xml#id(Bed016.w.6,479)..id(Bed016.w.6,487)"/>
   </segment>
   <segment nite:id="Bed016.segment.880" starttime="1828.14" endtime="1828.4" participant="me045" timing-provenance="dialogueact">
      <nite:child href="Bed016.F.words.xml#id(Bed016.w.6,507)..id(Bed016.w.6,508)"/>
   </segment>
   <segment nite:id="Bed016.segment.882" starttime="1840.21" endtime="1844.57" participant="me045" timing-provenance="dialogueact">
      <nite:child href="Bed016.F.words.xml#id(Bed016.w.6,553)..id(Bed016.w.6,578)"/>
   </segment>
   <segment nite:id="Bed016.segment.885" starttime="1846.001" endtime="1855.71" participant="me045" timing-provenance="segment">
      <nite:child href="Bed016.F.words.xml#id(Bed016.w.6,587)..id(Bed016.w.6,634)"/>
   </segment>
   <segment nite:id="Bed016.segment.890" starttime="1856.52" endtime="1859.83" participant="me045" timing-provenance="dialogueact">
      <nite:child href="Bed016.F.words.xml#id(Bed016.w.6,642)..id(Bed016.w.6,653)"/>
   </segment>
   <segment nite:id="Bed016.segment.892" starttime="1861.71" endtime="1870.51" participant="me045" timing-provenance="dialogueact">
      <nite:child href="Bed016.F.words.xml#id(Bed016.w.6,654)..id(Bed016.w.6,702)"/>
   </segment>
   <segment nite:id="Bed016.segment.897" starttime="1875.28" endtime="1876.62" participant="me045" timing-provenance="dialogueact">
      <nite:child href="Bed016.F.words.xml#id(Bed016.w.6,740)..id(Bed016.w.6,743)"/>
   </segment>
   <segment nite:id="Bed016.segment.902" starttime="1888.94" endtime="1889.31" participant="me045" timing-provenance="dialogueact">
      <nite:child href="Bed016.F.words.xml#id(Bed016.w.6,796)..id(Bed016.w.6,799)"/>
   </segment>
   <segment nite:id="Bed016.segment.908" starttime="1895.93" endtime="1896.17" participant="me045" timing-provenance="dialogueact">
      <nite:child href="Bed016.F.words.xml#id(Bed016.w.6,833)..id(Bed016.w.6,834)"/>
   </segment>
   <segment nite:id="Bed016.segment.911" starttime="1896.81" endtime="1899.89" participant="me045" timing-provenance="dialogueact">
      <nite:child href="Bed016.F.words.xml#id(Bed016.w.6,841)..id(Bed016.w.6,853)"/>
   </segment>
   <segment nite:id="Bed016.segment.916" starttime="1900.96" endtime="1902.08" participant="me045" timing-provenance="dialogueact">
      <nite:child href="Bed016.F.words.xml#id(Bed016.w.6,864)..id(Bed016.w.6,865)"/>
   </segment>
   <segment nite:id="Bed016.segment.923" starttime="1915.7" endtime="1915.98" participant="me045" timing-provenance="dialogueact">
      <nite:child href="Bed016.F.words.xml#id(Bed016.w.6,920)..id(Bed016.w.6,921)"/>
   </segment>
   <segment nite:id="Bed016.segment.924" starttime="1917.35" endtime="1919.89" participant="me045" timing-provenance="dialogueact">
      <nite:child href="Bed016.F.words.xml#id(Bed016.w.6,922)..id(Bed016.w.6,935)"/>
   </segment>
   <segment nite:id="Bed016.segment.927" starttime="1921.03" endtime="1921.36" participant="me045" timing-provenance="dialogueact">
      <nite:child href="Bed016.F.words.xml#id(Bed016.w.6,951)..id(Bed016.w.6,952)"/>
   </segment>
   <segment nite:id="Bed016.segment.929" starttime="1924.36" endtime="1929.71" participant="me045" timing-provenance="dialogueact">
      <nite:child href="Bed016.F.words.xml#id(Bed016.w.6,971)..id(Bed016.w.6,993)"/>
   </segment>
   <segment nite:id="Bed016.segment.958" starttime="1975.62" endtime="1975.9" participant="me045" timing-provenance="dialogueact">
      <nite:child href="Bed016.F.words.xml#id(Bed016.w.7,249)..id(Bed016.w.7,250)"/>
   </segment>
   <segment nite:id="Bed016.segment.961" starttime="1977.8" endtime="1978.55" participant="me045" timing-provenance="dialogueact">
      <nite:child href="Bed016.F.words.xml#id(Bed016.w.7,264)..id(Bed016.w.7,267)"/>
   </segment>
   <segment nite:id="Bed016.segment.963" starttime="1982.62" endtime="1982.86" participant="me045" timing-provenance="dialogueact">
      <nite:child href="Bed016.F.words.xml#id(Bed016.w.7,299)..id(Bed016.w.7,300)"/>
   </segment>
   <segment nite:id="Bed016.segment.972" starttime="2000.793" endtime="2001.446" participant="me045" timing-provenance="segment">
      <nite:child href="Bed016.F.words.xml#id(Bed016.w.7,395)..id(Bed016.w.7,396)"/>
   </segment>
   <segment nite:id="Bed016.segment.974" starttime="2002.16" endtime="2002.92" participant="me045" timing-provenance="segment">
      <nite:child href="Bed016.F.words.xml#id(Bed016.vocalsound.246)"/>
   </segment>
   <segment nite:id="Bed016.segment.983" starttime="2021.94" endtime="2022.87" participant="me045" timing-provenance="dialogueact">
      <nite:child href="Bed016.F.words.xml#id(Bed016.w.7,488)..id(Bed016.w.7,491)"/>
   </segment>
   <segment nite:id="Bed016.segment.987" starttime="2027.72" endtime="2027.94" participant="me045" timing-provenance="dialogueact">
      <nite:child href="Bed016.F.words.xml#id(Bed016.w.7,517)..id(Bed016.w.7,518)"/>
   </segment>
   <segment nite:id="Bed016.segment.994" starttime="2044.14" endtime="2044.67" participant="me045" timing-provenance="dialogueact">
      <nite:child href="Bed016.F.words.xml#id(Bed016.w.7,562)..id(Bed016.w.7,563)"/>
   </segment>
   <segment nite:id="Bed016.segment.1,013" starttime="2077.65" endtime="2078.05" participant="me045" timing-provenance="dialogueact">
      <nite:child href="Bed016.F.words.xml#id(Bed016.w.7,692)..id(Bed016.w.7,693)"/>
   </segment>
   <segment nite:id="Bed016.segment.1,018" starttime="2079.68" endtime="2080.33" participant="me045" timing-provenance="dialogueact">
      <nite:child href="Bed016.F.words.xml#id(Bed016.w.7,722)..id(Bed016.w.7,724)"/>
   </segment>
   <segment nite:id="Bed016.segment.1,020" starttime="2082.31" endtime="2083.4" participant="me045" timing-provenance="dialogueact">
      <nite:child href="Bed016.F.words.xml#id(Bed016.w.7,727)..id(Bed016.w.7,730)"/>
   </segment>
   <segment nite:id="Bed016.segment.1,021" starttime="2083.496" endtime="2084.129" participant="me045" timing-provenance="segment">
      <nite:child href="Bed016.F.words.xml#id(Bed016.vocalsound.249)"/>
   </segment>
   <segment nite:id="Bed016.segment.1,023" starttime="2085.48" endtime="2088.22" participant="me045" timing-provenance="segment">
      <nite:child href="Bed016.F.words.xml#id(Bed016.w.7,738)..id(Bed016.comment.104)"/>
   </segment>
   <segment nite:id="Bed016.segment.1,029" starttime="2091.34" endtime="2092.15" participant="me045" timing-provenance="segment">
      <nite:child href="Bed016.F.words.xml#id(Bed016.vocalsound.253)"/>
   </segment>
   <segment nite:id="Bed016.segment.1,032" starttime="2092.5" endtime="2093.82" participant="me045" timing-provenance="segment">
      <nite:child href="Bed016.F.words.xml#id(Bed016.vocalsound.256)"/>
   </segment>
   <segment nite:id="Bed016.segment.1,036" starttime="2095.62" endtime="2097.08" participant="me045" timing-provenance="segment">
      <nite:child href="Bed016.F.words.xml#id(Bed016.vocalsound.258)"/>
   </segment>
   <segment nite:id="Bed016.segment.1,037" starttime="2097.1" endtime="2099.575" participant="me045" timing-provenance="segment">
      <nite:child href="Bed016.F.words.xml#id(Bed016.w.7,754)..id(Bed016.vocalsound.259)"/>
   </segment>
   <segment nite:id="Bed016.segment.1,045" starttime="2115.71" endtime="2118.56" participant="me045" timing-provenance="segment">
      <nite:child href="Bed016.F.words.xml#id(Bed016.w.7,831)..id(Bed016.disfmarker.258)"/>
   </segment>
   <segment nite:id="Bed016.segment.1,047" starttime="2118.87" endtime="2120.36" participant="me045" timing-provenance="dialogueact">
      <nite:child href="Bed016.F.words.xml#id(Bed016.w.7,883)..id(Bed016.w.7,891)"/>
   </segment>
   <segment nite:id="Bed016.segment.1,055" starttime="2148.76" endtime="2149.37" participant="me045" timing-provenance="dialogueact">
      <nite:child href="Bed016.F.words.xml#id(Bed016.w.7,974)..id(Bed016.w.7,977)"/>
   </segment>
   <segment nite:id="Bed016.segment.1,062" starttime="2158.91" endtime="2159.55" participant="me045" timing-provenance="dialogueact">
      <nite:child href="Bed016.F.words.xml#id(Bed016.w.8,007)..id(Bed016.w.8,008)"/>
   </segment>
   <segment nite:id="Bed016.segment.1,067" starttime="2183.63" endtime="2184.53" participant="me045" timing-provenance="dialogueact">
      <nite:child href="Bed016.F.words.xml#id(Bed016.w.8,031)..id(Bed016.w.8,032)"/>
   </segment>
   <segment nite:id="Bed016.segment.1,070" starttime="2189.87" endtime="2190.01" participant="me045" timing-provenance="dialogueact">
      <nite:child href="Bed016.F.words.xml#id(Bed016.w.8,051)"/>
   </segment>
   <segment nite:id="Bed016.segment.1,076" starttime="2206.27" endtime="2206.81" participant="me045" timing-provenance="dialogueact">
      <nite:child href="Bed016.F.words.xml#id(Bed016.w.8,088)..id(Bed016.w.8,091)"/>
   </segment>
   <segment nite:id="Bed016.segment.1,079" starttime="2209.462" endtime="2212.0" participant="me045" timing-provenance="segment">
      <nite:child href="Bed016.F.words.xml#id(Bed016.w.8,104)..id(Bed016.comment.107)"/>
   </segment>
   <segment nite:id="Bed016.segment.1,084" starttime="2215.02" endtime="2216.52" participant="me045" timing-provenance="segment">
      <nite:child href="Bed016.F.words.xml#id(Bed016.vocalsound.263)"/>
   </segment>
   <segment nite:id="Bed016.segment.1,093" starttime="2232.41" endtime="2237.09" participant="me045" timing-provenance="dialogueact">
      <nite:child href="Bed016.F.words.xml#id(Bed016.w.8,181)..id(Bed016.w.8,196)"/>
   </segment>
   <segment nite:id="Bed016.segment.1,094" starttime="2237.8" endtime="2243.39" participant="me045" timing-provenance="segment">
      <nite:child href="Bed016.F.words.xml#id(Bed016.w.8,197)..id(Bed016.disfmarker.275)"/>
   </segment>
   <segment nite:id="Bed016.segment.1,095" starttime="2244.22" endtime="2249.43" participant="me045" timing-provenance="dialogueact">
      <nite:child href="Bed016.F.words.xml#id(Bed016.w.8,219)..id(Bed016.w.8,247)"/>
   </segment>
   <segment nite:id="Bed016.segment.1,097" starttime="2250.479" endtime="2252.085" participant="me045" timing-provenance="segment">
      <nite:child href="Bed016.F.words.xml#id(Bed016.vocalsound.265)"/>
   </segment>
   <segment nite:id="Bed016.segment.1,099" starttime="2255.37" endtime="2255.69" participant="me045" timing-provenance="dialogueact">
      <nite:child href="Bed016.F.words.xml#id(Bed016.w.8,273)..id(Bed016.w.8,274)"/>
   </segment>
   <segment nite:id="Bed016.segment.1,104" starttime="2266.93" endtime="2267.37" participant="me045" timing-provenance="dialogueact">
      <nite:child href="Bed016.F.words.xml#id(Bed016.w.8,286)..id(Bed016.w.8,287)"/>
   </segment>
   <segment nite:id="Bed016.segment.1,115" starttime="2289.59" endtime="2290.06" participant="me045" timing-provenance="dialogueact">
      <nite:child href="Bed016.F.words.xml#id(Bed016.w.8,334)..id(Bed016.w.8,335)"/>
   </segment>
   <segment nite:id="Bed016.segment.1,118" starttime="2298.99" endtime="2299.49" participant="me045" timing-provenance="dialogueact">
      <nite:child href="Bed016.F.words.xml#id(Bed016.w.8,359)..id(Bed016.w.8,360)"/>
   </segment>
   <segment nite:id="Bed016.segment.1,120" starttime="2300.95" endtime="2302.74" participant="me045" timing-provenance="segment">
      <nite:child href="Bed016.F.words.xml#id(Bed016.w.8,363)..id(Bed016.vocalsound.270)"/>
   </segment>
   <segment nite:id="Bed016.segment.1,126" starttime="2309.008" endtime="2309.63" participant="me045" timing-provenance="segment">
      <nite:child href="Bed016.F.words.xml#id(Bed016.vocalsound.273)"/>
   </segment>
   <segment nite:id="Bed016.segment.1,128" starttime="2311.75" endtime="2313.11" participant="me045" timing-provenance="segment">
      <nite:child href="Bed016.F.words.xml#id(Bed016.vocalsound.275)"/>
   </segment>
   <segment nite:id="Bed016.segment.1,133" starttime="2319.87" endtime="2320.05" participant="me045" timing-provenance="dialogueact">
      <nite:child href="Bed016.F.words.xml#id(Bed016.w.8,455)..id(Bed016.w.8,456)"/>
   </segment>
   <segment nite:id="Bed016.segment.1,137" starttime="2322.457" endtime="2323.077" participant="me045" timing-provenance="segment">
      <nite:child href="Bed016.F.words.xml#id(Bed016.vocalsound.276)"/>
   </segment>
   <segment nite:id="Bed016.segment.1,140" starttime="2327.298" endtime="2328.53" participant="me045" timing-provenance="segment">
      <nite:child href="Bed016.F.words.xml#id(Bed016.w.8,502)..id(Bed016.comment.109)"/>
   </segment>
   <segment nite:id="Bed016.segment.1,145" starttime="2337.06" endtime="2339.93" participant="me045" timing-provenance="segment">
      <nite:child href="Bed016.F.words.xml#id(Bed016.vocalsound.277)"/>
   </segment>
   <segment nite:id="Bed016.segment.1,152" starttime="2341.334" endtime="2342.39" participant="me045" timing-provenance="segment">
      <nite:child href="Bed016.F.words.xml#id(Bed016.vocalsound.280)"/>
   </segment>
   <segment nite:id="Bed016.segment.1,172" starttime="2386.07" endtime="2389.77" participant="me045" timing-provenance="segment">
      <nite:child href="Bed016.F.words.xml#id(Bed016.vocalsound.282)"/>
   </segment>
   <segment nite:id="Bed016.segment.1,179" starttime="2390.66" endtime="2393.47" participant="me045" timing-provenance="segment">
      <nite:child href="Bed016.F.words.xml#id(Bed016.vocalsound.287)..id(Bed016.w.8,741)"/>
   </segment>
   <segment nite:id="Bed016.segment.1,188" starttime="2410.76" endtime="2412.21" participant="me045" timing-provenance="segment">
      <nite:child href="Bed016.F.words.xml#id(Bed016.vocalsound.291)"/>
   </segment>
   <segment nite:id="Bed016.segment.1,201" starttime="2444.54" endtime="2445.0" participant="me045" timing-provenance="dialogueact">
      <nite:child href="Bed016.F.words.xml#id(Bed016.w.8,908)..id(Bed016.w.8,912)"/>
   </segment>
   <segment nite:id="Bed016.segment.1,202" starttime="2445.45" endtime="2447.789" participant="me045" timing-provenance="segment">
      <nite:child href="Bed016.F.words.xml#id(Bed016.nonvocalsound.9)"/>
   </segment>
</nite:root>