<?xml version="1.0" encoding="ISO-8859-1" standalone="yes"?>
<nite:root nite:id="Bed016.D.segs" xmlns:nite="http://nite.sourceforge.net/">
   <segment nite:id="Bed016.segment.12" starttime="21.82" endtime="25.76" participant="me003" timing-provenance="segment">
      <nite:child href="Bed016.D.words.xml#id(Bed016.w.100)..id(Bed016.comment.1)"/>
   </segment>
   <segment nite:id="Bed016.segment.20" starttime="31.22" endtime="31.87" participant="me003" timing-provenance="dialogueact">
      <nite:child href="Bed016.D.words.xml#id(Bed016.w.159)..id(Bed016.w.160)"/>
   </segment>
   <segment nite:id="Bed016.segment.21" starttime="33.057" endtime="35.447" participant="me003" timing-provenance="dialogueact">
      <nite:child href="Bed016.D.words.xml#id(Bed016.w.161)..id(Bed016.w.172)"/>
   </segment>
   <segment nite:id="Bed016.segment.25" starttime="36.23" endtime="37.34" participant="me003" timing-provenance="segment">
      <nite:child href="Bed016.D.words.xml#id(Bed016.vocalsound.6)"/>
   </segment>
   <segment nite:id="Bed016.segment.38" starttime="50.116" endtime="51.596" participant="me003" timing-provenance="segment">
      <nite:child href="Bed016.D.words.xml#id(Bed016.vocalsound.11)"/>
   </segment>
   <segment nite:id="Bed016.segment.43" starttime="58.28" endtime="61.6" participant="me003" timing-provenance="dialogueact">
      <nite:child href="Bed016.D.words.xml#id(Bed016.w.295)..id(Bed016.w.315)"/>
   </segment>
   <segment nite:id="Bed016.segment.45" starttime="62.59" endtime="65.69" participant="me003" timing-provenance="segment">
      <nite:child href="Bed016.D.words.xml#id(Bed016.w.329)..id(Bed016.vocalsound.15)"/>
   </segment>
   <segment nite:id="Bed016.segment.48" starttime="67.92" endtime="71.04" participant="me003" timing-provenance="segment">
      <nite:child href="Bed016.D.words.xml#id(Bed016.vocalsound.17)..id(Bed016.vocalsound.18)"/>
   </segment>
   <segment nite:id="Bed016.segment.56" starttime="85.66" endtime="88.93" participant="me003" timing-provenance="dialogueact">
      <nite:child href="Bed016.D.words.xml#id(Bed016.w.377)..id(Bed016.w.395)"/>
   </segment>
   <segment nite:id="Bed016.segment.62" starttime="91.73" endtime="92.62" participant="me003" timing-provenance="dialogueact">
      <nite:child href="Bed016.D.words.xml#id(Bed016.w.435)..id(Bed016.w.440)"/>
   </segment>
   <segment nite:id="Bed016.segment.65" starttime="93.653" endtime="96.85" participant="me003" timing-provenance="segment">
      <nite:child href="Bed016.D.words.xml#id(Bed016.w.445)..id(Bed016.disfmarker.11)"/>
   </segment>
   <segment nite:id="Bed016.segment.87" starttime="108.3" endtime="112.921" participant="me003" digittask="true" timing-provenance="segment">
      <nite:child href="Bed016.D.words.xml#id(Bed016.w.557)..id(Bed016.comment.8)"/>
   </segment>
   <segment nite:id="Bed016.segment.93" starttime="113.063" endtime="117.547" participant="me003" digittask="true" timing-provenance="segment">
      <nite:child href="Bed016.D.words.xml#id(Bed016.w.632)..id(Bed016.comment.17)"/>
   </segment>
   <segment nite:id="Bed016.segment.100" starttime="117.844" endtime="122.236" participant="me003" digittask="true" timing-provenance="segment">
      <nite:child href="Bed016.D.words.xml#id(Bed016.w.713)..id(Bed016.comment.25)"/>
   </segment>
   <segment nite:id="Bed016.segment.106" starttime="122.418" endtime="126.66" participant="me003" digittask="true" timing-provenance="segment">
      <nite:child href="Bed016.D.words.xml#id(Bed016.w.788)..id(Bed016.comment.31)"/>
   </segment>
   <segment nite:id="Bed016.segment.113" starttime="126.891" endtime="130.787" participant="me003" digittask="true" timing-provenance="segment">
      <nite:child href="Bed016.D.words.xml#id(Bed016.w.868)..id(Bed016.comment.38)"/>
   </segment>
   <segment nite:id="Bed016.segment.118" starttime="130.988" endtime="134.669" participant="me003" digittask="true" timing-provenance="segment">
      <nite:child href="Bed016.D.words.xml#id(Bed016.w.933)..id(Bed016.comment.43)"/>
   </segment>
   <segment nite:id="Bed016.segment.122" starttime="134.961" endtime="140.022" participant="me003" digittask="true" timing-provenance="segment">
      <nite:child href="Bed016.D.words.xml#id(Bed016.w.982)..id(Bed016.comment.47)"/>
   </segment>
   <segment nite:id="Bed016.segment.128" starttime="140.275" endtime="144.76" participant="me003" digittask="true" timing-provenance="segment">
      <nite:child href="Bed016.D.words.xml#id(Bed016.w.1,063)..id(Bed016.comment.53)"/>
   </segment>
   <segment nite:id="Bed016.segment.147" starttime="159.17" endtime="159.7" participant="me003" timing-provenance="dialogueact">
      <nite:child href="Bed016.D.words.xml#id(Bed016.w.1,162)..id(Bed016.w.1,163)"/>
   </segment>
   <segment nite:id="Bed016.segment.159" starttime="173.24" endtime="174.9" participant="me003" timing-provenance="segment">
      <nite:child href="Bed016.D.words.xml#id(Bed016.vocalsound.46)"/>
   </segment>
   <segment nite:id="Bed016.segment.162" starttime="175.436" endtime="176.626" participant="me003" timing-provenance="dialogueact">
      <nite:child href="Bed016.D.words.xml#id(Bed016.w.1,213)..id(Bed016.w.1,217)"/>
   </segment>
   <segment nite:id="Bed016.segment.169" starttime="190.26" endtime="195.86" participant="me003" timing-provenance="dialogueact">
      <nite:child href="Bed016.D.words.xml#id(Bed016.w.1,225)..id(Bed016.pause.2)"/>
   </segment>
   <segment nite:id="Bed016.segment.171" starttime="195.86" endtime="196.17" participant="me003" timing-provenance="dialogueact">
      <nite:child href="Bed016.D.words.xml#id(Bed016.w.1,255)..id(Bed016.w.1,256)"/>
   </segment>
   <segment nite:id="Bed016.segment.177" starttime="199.242" endtime="199.702" participant="me003" timing-provenance="segment">
      <nite:child href="Bed016.D.words.xml#id(Bed016.w.1,290)..id(Bed016.disfmarker.18)"/>
   </segment>
   <segment nite:id="Bed016.segment.178" starttime="204.47" endtime="205.38" participant="me003" timing-provenance="dialogueact">
      <nite:child href="Bed016.D.words.xml#id(Bed016.w.1,291)..id(Bed016.w.1,297)"/>
   </segment>
   <segment nite:id="Bed016.segment.210" starttime="293.26" endtime="301.42" participant="me003" timing-provenance="dialogueact">
      <nite:child href="Bed016.D.words.xml#id(Bed016.w.1,541)..id(Bed016.w.1,590)"/>
   </segment>
   <segment nite:id="Bed016.segment.219" starttime="313.25" endtime="314.34" participant="me003" timing-provenance="dialogueact">
      <nite:child href="Bed016.D.words.xml#id(Bed016.w.1,662)..id(Bed016.w.1,669)"/>
   </segment>
   <segment nite:id="Bed016.segment.220" starttime="315.19" endtime="317.63" participant="me003" timing-provenance="dialogueact">
      <nite:child href="Bed016.D.words.xml#id(Bed016.w.1,670)..id(Bed016.w.1,682)"/>
   </segment>
   <segment nite:id="Bed016.segment.221" starttime="318.99" endtime="320.16" participant="me003" timing-provenance="segment">
      <nite:child href="Bed016.D.words.xml#id(Bed016.w.1,683)..id(Bed016.disfmarker.32)"/>
   </segment>
   <segment nite:id="Bed016.segment.223" starttime="320.61" endtime="321.71" participant="me003" timing-provenance="dialogueact">
      <nite:child href="Bed016.D.words.xml#id(Bed016.w.1,687)..id(Bed016.w.1,693)"/>
   </segment>
   <segment nite:id="Bed016.segment.225" starttime="323.14" endtime="323.36" participant="me003" timing-provenance="dialogueact">
      <nite:child href="Bed016.D.words.xml#id(Bed016.w.1,702)..id(Bed016.w.1,703)"/>
   </segment>
   <segment nite:id="Bed016.segment.227" starttime="324.36" endtime="326.32" participant="me003" timing-provenance="dialogueact">
      <nite:child href="Bed016.D.words.xml#id(Bed016.w.1,706)..id(Bed016.w.1,717)"/>
   </segment>
   <segment nite:id="Bed016.segment.231" starttime="331.25" endtime="332.13" participant="me003" timing-provenance="segment">
      <nite:child href="Bed016.D.words.xml#id(Bed016.vocalsound.64)"/>
   </segment>
   <segment nite:id="Bed016.segment.235" starttime="339.57" endtime="341.25" participant="me003" timing-provenance="segment">
      <nite:child href="Bed016.D.words.xml#id(Bed016.vocalsound.65)"/>
   </segment>
   <segment nite:id="Bed016.segment.260" starttime="384.56" endtime="386.4" participant="me003" timing-provenance="segment">
      <nite:child href="Bed016.D.words.xml#id(Bed016.w.1,926)..id(Bed016.comment.72)"/>
   </segment>
   <segment nite:id="Bed016.segment.265" starttime="387.75" endtime="390.13" participant="me003" timing-provenance="dialogueact">
      <nite:child href="Bed016.D.words.xml#id(Bed016.w.1,954)..id(Bed016.w.1,966)"/>
   </segment>
   <segment nite:id="Bed016.segment.271" starttime="393.02" endtime="393.23" participant="me003" timing-provenance="dialogueact">
      <nite:child href="Bed016.D.words.xml#id(Bed016.w.1,987)..id(Bed016.w.1,988)"/>
   </segment>
   <segment nite:id="Bed016.segment.312" starttime="518.482" endtime="520.77" participant="me003" timing-provenance="segment">
      <nite:child href="Bed016.D.words.xml#id(Bed016.w.2,300)..id(Bed016.vocalsound.86)"/>
   </segment>
   <segment nite:id="Bed016.segment.315" starttime="521.36" endtime="521.62" participant="me003" timing-provenance="dialogueact">
      <nite:child href="Bed016.D.words.xml#id(Bed016.w.2,326)..id(Bed016.w.2,327)"/>
   </segment>
   <segment nite:id="Bed016.segment.316" starttime="523.02" endtime="523.25" participant="me003" timing-provenance="dialogueact">
      <nite:child href="Bed016.D.words.xml#id(Bed016.w.2,328)..id(Bed016.w.2,329)"/>
   </segment>
   <segment nite:id="Bed016.segment.317" starttime="525.53" endtime="526.68" participant="me003" timing-provenance="dialogueact">
      <nite:child href="Bed016.D.words.xml#id(Bed016.w.2,330)..id(Bed016.w.2,337)"/>
   </segment>
   <segment nite:id="Bed016.segment.318" starttime="528.15" endtime="528.69" participant="me003" timing-provenance="dialogueact">
      <nite:child href="Bed016.D.words.xml#id(Bed016.w.2,338)..id(Bed016.w.2,340)"/>
   </segment>
   <segment nite:id="Bed016.segment.328" starttime="554.78" endtime="555.73" participant="me003" timing-provenance="dialogueact">
      <nite:child href="Bed016.D.words.xml#id(Bed016.w.2,416)..id(Bed016.w.2,421)"/>
   </segment>
   <segment nite:id="Bed016.segment.331" starttime="556.91" endtime="558.8" participant="me003" timing-provenance="segment">
      <nite:child href="Bed016.D.words.xml#id(Bed016.w.2,431)..id(Bed016.disfmarker.45)"/>
   </segment>
   <segment nite:id="Bed016.segment.332" starttime="559.7" endtime="560.7" participant="me003" timing-provenance="dialogueact">
      <nite:child href="Bed016.D.words.xml#id(Bed016.w.2,438)..id(Bed016.w.2,446)"/>
   </segment>
   <segment nite:id="Bed016.segment.335" starttime="570.389" endtime="571.385" participant="me003" timing-provenance="segment">
      <nite:child href="Bed016.D.words.xml#id(Bed016.vocalsound.91)"/>
   </segment>
   <segment nite:id="Bed016.segment.410" starttime="803.015" endtime="805.132" participant="me003" timing-provenance="segment">
      <nite:child href="Bed016.D.words.xml#id(Bed016.vocalsound.111)"/>
   </segment>
   <segment nite:id="Bed016.segment.414" starttime="809.907" endtime="811.501" participant="me003" timing-provenance="segment">
      <nite:child href="Bed016.D.words.xml#id(Bed016.vocalsound.115)"/>
   </segment>
   <segment nite:id="Bed016.segment.472" starttime="977.944" endtime="979.52" participant="me003" timing-provenance="segment">
      <nite:child href="Bed016.D.words.xml#id(Bed016.vocalsound.127)..id(Bed016.nonvocalsound.6)"/>
   </segment>
   <segment nite:id="Bed016.segment.503" starttime="1026.8" endtime="1027.79" participant="me003" timing-provenance="dialogueact">
      <nite:child href="Bed016.D.words.xml#id(Bed016.w.3,859)..id(Bed016.w.3,864)"/>
   </segment>
   <segment nite:id="Bed016.segment.505" starttime="1028.11" endtime="1030.13" participant="me003" timing-provenance="dialogueact">
      <nite:child href="Bed016.D.words.xml#id(Bed016.w.3,867)..id(Bed016.w.3,879)"/>
   </segment>
   <segment nite:id="Bed016.segment.513" starttime="1036.398" endtime="1039.3" participant="me003" timing-provenance="segment">
      <nite:child href="Bed016.D.words.xml#id(Bed016.vocalsound.139)"/>
   </segment>
   <segment nite:id="Bed016.segment.521" starttime="1046.85" endtime="1050.21" participant="me003" timing-provenance="dialogueact">
      <nite:child href="Bed016.D.words.xml#id(Bed016.w.3,938)..id(Bed016.w.3,953)"/>
   </segment>
   <segment nite:id="Bed016.segment.527" starttime="1051.16" endtime="1051.7" participant="me003" timing-provenance="dialogueact">
      <nite:child href="Bed016.D.words.xml#id(Bed016.w.3,960)..id(Bed016.w.3,963)"/>
   </segment>
   <segment nite:id="Bed016.segment.534" starttime="1054.787" endtime="1056.48" participant="me003" timing-provenance="segment">
      <nite:child href="Bed016.D.words.xml#id(Bed016.vocalsound.149)"/>
   </segment>
   <segment nite:id="Bed016.segment.536" starttime="1057.77" endtime="1059.45" participant="me003" timing-provenance="segment">
      <nite:child href="Bed016.D.words.xml#id(Bed016.vocalsound.151)"/>
   </segment>
   <segment nite:id="Bed016.segment.541" starttime="1063.83" endtime="1065.13" participant="me003" timing-provenance="segment">
      <nite:child href="Bed016.D.words.xml#id(Bed016.vocalsound.153)"/>
   </segment>
   <segment nite:id="Bed016.segment.547" starttime="1078.21" endtime="1080.15" participant="me003" timing-provenance="segment">
      <nite:child href="Bed016.D.words.xml#id(Bed016.vocalsound.157)"/>
   </segment>
   <segment nite:id="Bed016.segment.553" starttime="1081.3" endtime="1082.66" participant="me003" timing-provenance="segment">
      <nite:child href="Bed016.D.words.xml#id(Bed016.vocalsound.161)"/>
   </segment>
   <segment nite:id="Bed016.segment.667" starttime="1375.35" endtime="1377.44" participant="me003" timing-provenance="dialogueact">
      <nite:child href="Bed016.D.words.xml#id(Bed016.w.4,866)..id(Bed016.w.4,879)"/>
   </segment>
   <segment nite:id="Bed016.segment.668" starttime="1378.01" endtime="1378.76" participant="me003" timing-provenance="dialogueact">
      <nite:child href="Bed016.D.words.xml#id(Bed016.w.4,880)..id(Bed016.w.4,883)"/>
   </segment>
   <segment nite:id="Bed016.segment.670" starttime="1379.47" endtime="1380.02" participant="me003" timing-provenance="dialogueact">
      <nite:child href="Bed016.D.words.xml#id(Bed016.w.4,884)..id(Bed016.w.4,886)"/>
   </segment>
   <segment nite:id="Bed016.segment.671" starttime="1381.55" endtime="1385.1" participant="me003" timing-provenance="dialogueact">
      <nite:child href="Bed016.D.words.xml#id(Bed016.w.4,887)..id(Bed016.w.4,898)"/>
   </segment>
   <segment nite:id="Bed016.segment.680" starttime="1407.78" endtime="1408.26" participant="me003" timing-provenance="dialogueact">
      <nite:child href="Bed016.D.words.xml#id(Bed016.w.4,964)..id(Bed016.w.4,965)"/>
   </segment>
   <segment nite:id="Bed016.segment.686" starttime="1425.19" endtime="1425.44" participant="me003" timing-provenance="dialogueact">
      <nite:child href="Bed016.D.words.xml#id(Bed016.w.5,014)..id(Bed016.w.5,015)"/>
   </segment>
   <segment nite:id="Bed016.segment.689" starttime="1430.03" endtime="1433.27" participant="me003" timing-provenance="dialogueact">
      <nite:child href="Bed016.D.words.xml#id(Bed016.w.5,029)..id(Bed016.w.5,048)"/>
   </segment>
   <segment nite:id="Bed016.segment.729" starttime="1545.87" endtime="1549.91" participant="me003" timing-provenance="dialogueact">
      <nite:child href="Bed016.D.words.xml#id(Bed016.w.5,361)..id(Bed016.w.5,385)"/>
   </segment>
   <segment nite:id="Bed016.segment.731" starttime="1550.6" endtime="1551.8" participant="me003" timing-provenance="dialogueact">
      <nite:child href="Bed016.D.words.xml#id(Bed016.w.5,386)..id(Bed016.w.5,393)"/>
   </segment>
   <segment nite:id="Bed016.segment.734" starttime="1552.5" endtime="1554.95" participant="me003" timing-provenance="segment">
      <nite:child href="Bed016.D.words.xml#id(Bed016.w.5,401)..id(Bed016.vocalsound.193)"/>
   </segment>
   <segment nite:id="Bed016.segment.746" starttime="1578.98" endtime="1580.81" participant="me003" timing-provenance="dialogueact">
      <nite:child href="Bed016.D.words.xml#id(Bed016.w.5,498)..id(Bed016.w.5,506)"/>
   </segment>
   <segment nite:id="Bed016.segment.754" starttime="1587.49" endtime="1589.71" participant="me003" timing-provenance="segment">
      <nite:child href="Bed016.D.words.xml#id(Bed016.vocalsound.200)"/>
   </segment>
   <segment nite:id="Bed016.segment.789" starttime="1645.75" endtime="1647.37" participant="me003" timing-provenance="segment">
      <nite:child href="Bed016.D.words.xml#id(Bed016.vocalsound.211)"/>
   </segment>
   <segment nite:id="Bed016.segment.793" starttime="1648.06" endtime="1649.23" participant="me003" timing-provenance="dialogueact">
      <nite:child href="Bed016.D.words.xml#id(Bed016.w.5,785)..id(Bed016.w.5,795)"/>
   </segment>
   <segment nite:id="Bed016.segment.800" starttime="1655.42" endtime="1657.46" participant="me003" timing-provenance="segment">
      <nite:child href="Bed016.D.words.xml#id(Bed016.vocalsound.217)"/>
   </segment>
   <segment nite:id="Bed016.segment.809" starttime="1666.97" endtime="1667.89" participant="me003" timing-provenance="segment">
      <nite:child href="Bed016.D.words.xml#id(Bed016.vocalsound.222)"/>
   </segment>
   <segment nite:id="Bed016.segment.975" starttime="2002.24" endtime="2003.03" participant="me003" timing-provenance="dialogueact">
      <nite:child href="Bed016.D.words.xml#id(Bed016.w.7,397)..id(Bed016.w.7,403)"/>
   </segment>
   <segment nite:id="Bed016.segment.986" starttime="2027.14" endtime="2028.11" participant="me003" timing-provenance="segment">
      <nite:child href="Bed016.D.words.xml#id(Bed016.vocalsound.247)"/>
   </segment>
   <segment nite:id="Bed016.segment.1,009" starttime="2074.77" endtime="2075.92" participant="me003" timing-provenance="dialogueact">
      <nite:child href="Bed016.D.words.xml#id(Bed016.w.7,678)..id(Bed016.w.7,683)"/>
   </segment>
   <segment nite:id="Bed016.segment.1,019" starttime="2081.86" endtime="2082.37" participant="me003" timing-provenance="dialogueact">
      <nite:child href="Bed016.D.words.xml#id(Bed016.w.7,725)..id(Bed016.w.7,726)"/>
   </segment>
   <segment nite:id="Bed016.segment.1,112" starttime="2286.926" endtime="2287.944" participant="me003" timing-provenance="segment">
      <nite:child href="Bed016.D.words.xml#id(Bed016.vocalsound.268)"/>
   </segment>
   <segment nite:id="Bed016.segment.1,134" starttime="2319.975" endtime="2323.02" participant="me003" timing-provenance="segment">
      <nite:child href="Bed016.D.words.xml#id(Bed016.w.8,457)..id(Bed016.disfmarker.290)"/>
   </segment>
   <segment nite:id="Bed016.segment.1,149" starttime="2339.27" endtime="2340.85" participant="me003" timing-provenance="segment">
      <nite:child href="Bed016.D.words.xml#id(Bed016.vocalsound.278)"/>
   </segment>
   <segment nite:id="Bed016.segment.1,167" starttime="2381.99" endtime="2382.94" participant="me003" timing-provenance="segment">
      <nite:child href="Bed016.D.words.xml#id(Bed016.vocalsound.281)"/>
   </segment>
   <segment nite:id="Bed016.segment.1,170" starttime="2384.63" endtime="2385.64" participant="me003" timing-provenance="dialogueact">
      <nite:child href="Bed016.D.words.xml#id(Bed016.w.8,720)..id(Bed016.w.8,724)"/>
   </segment>
   <segment nite:id="Bed016.segment.1,173" starttime="2386.17" endtime="2386.98" participant="me003" timing-provenance="segment">
      <nite:child href="Bed016.D.words.xml#id(Bed016.vocalsound.283)"/>
   </segment>
   <segment nite:id="Bed016.segment.1,180" starttime="2390.85" endtime="2392.31" participant="me003" timing-provenance="segment">
      <nite:child href="Bed016.D.words.xml#id(Bed016.vocalsound.288)"/>
   </segment>
   <segment nite:id="Bed016.segment.1,182" starttime="2393.21" endtime="2394.04" participant="me003" timing-provenance="segment">
      <nite:child href="Bed016.D.words.xml#id(Bed016.vocalsound.289)"/>
   </segment>
   <segment nite:id="Bed016.segment.1,244" starttime="2568.74" endtime="2569.92" participant="me003" timing-provenance="segment">
      <nite:child href="Bed016.D.words.xml#id(Bed016.vocalsound.294)"/>
   </segment>
   <segment nite:id="Bed016.segment.1,248" starttime="2580.284" endtime="2587.34" participant="me003" timing-provenance="segment">
      <nite:child href="Bed016.D.words.xml#id(Bed016.vocalsound.295)..id(Bed016.w.9,298)"/>
   </segment>
   <segment nite:id="Bed016.segment.1,249" starttime="2587.57" endtime="2590.24" participant="me003" timing-provenance="dialogueact">
      <nite:child href="Bed016.D.words.xml#id(Bed016.w.9,299)..id(Bed016.w.9,314)"/>
   </segment>
   <segment nite:id="Bed016.segment.1,252" starttime="2594.09" endtime="2596.09" participant="me003" timing-provenance="dialogueact">
      <nite:child href="Bed016.D.words.xml#id(Bed016.w.9,332)..id(Bed016.w.9,348)"/>
   </segment>
</nite:root>