<?xml version="1.0" encoding="ISO-8859-1" standalone="yes"?>
<nite:root nite:id="Bed016.I.segs" xmlns:nite="http://nite.sourceforge.net/">
   <segment nite:id="Bed016.segment.361" starttime="632.518" endtime="638.312" participant="fe046" closemic="false">
      <nite:child href="Bed016.I.words.xml#id(Bed016.w.2,581)..id(Bed016.w.2,614)"/>
   </segment>
   <segment nite:id="Bed016.segment.363" starttime="643.121" endtime="649.531" participant="fe046" closemic="false">
      <nite:child href="Bed016.I.words.xml#id(Bed016.w.2,624)..id(Bed016.w.2,650)"/>
   </segment>
   <segment nite:id="Bed016.segment.366" starttime="650.943" endtime="654.03" participant="fe046" closemic="false">
      <nite:child href="Bed016.I.words.xml#id(Bed016.w.2,657)..id(Bed016.w.2,666)"/>
   </segment>
</nite:root>