<?xml version="1.0" encoding="ISO-8859-1" standalone="yes"?>
<nite:root nite:id="Bed016.I.words" xmlns:nite="http://nite.sourceforge.net/">
   <w nite:id="Bed016.w.2,581" starttime="" endtime="" c="W">I</w>
   <w nite:id="Bed016.w.2,582" starttime="" endtime="" c="W">'m</w>
   <w nite:id="Bed016.w.2,583" starttime="" endtime="" c="W">sorry</w>
   <w nite:id="Bed016.w.2,584" starttime="" endtime="" c=".">.</w>
   <w nite:id="Bed016.w.2,585" starttime="" endtime="" c="W">Something</w>
   <w nite:id="Bed016.w.2,586" starttime="" endtime="" c="W">seems</w>
   <w nite:id="Bed016.w.2,587" starttime="" endtime="" c="W">to</w>
   <w nite:id="Bed016.w.2,588" starttime="" endtime="" c="W">have</w>
   <w nite:id="Bed016.w.2,589" starttime="" endtime="" c="W">gone</w>
   <w nite:id="Bed016.w.2,590" starttime="" endtime="" c="W">wrong</w>
   <w nite:id="Bed016.w.2,591" starttime="" endtime="" c="W">with</w>
   <w nite:id="Bed016.w.2,592" starttime="" endtime="" c="W">our</w>
   <w nite:id="Bed016.w.2,593" starttime="" endtime="" c="W">system</w>
   <w nite:id="Bed016.w.2,594" starttime="" endtime="" c=".">.</w>
   <w nite:id="Bed016.w.2,595" starttime="" endtime="" c="W">So</w>
   <w nite:id="Bed016.w.2,596" starttime="" endtime="" c="CM">,</w>
   <w nite:id="Bed016.w.2,597" starttime="" endtime="" c="W">I</w>
   <w nite:id="Bed016.w.2,598" starttime="" endtime="" c="W">'m</w>
   <w nite:id="Bed016.w.2,599" starttime="" endtime="" c="W">going</w>
   <w nite:id="Bed016.w.2,600" starttime="" endtime="" c="W">to</w>
   <w nite:id="Bed016.w.2,601" starttime="" endtime="" c="W">have</w>
   <w nite:id="Bed016.w.2,602" starttime="" endtime="" c="W">to</w>
   <w nite:id="Bed016.w.2,603" starttime="" endtime="" c="W">take</w>
   <w nite:id="Bed016.w.2,604" starttime="" endtime="" c="W">over</w>
   <w nite:id="Bed016.w.2,605" starttime="" endtime="" c="W">from</w>
   <w nite:id="Bed016.w.2,606" starttime="" endtime="" c="W">here</w>
   <w nite:id="Bed016.w.2,607" starttime="" endtime="" c=".">.</w>
   <w nite:id="Bed016.w.2,608" starttime="" endtime="" c="W">What</w>
   <w nite:id="Bed016.w.2,609" starttime="" endtime="" c="W">can</w>
   <w nite:id="Bed016.w.2,610" starttime="" endtime="" c="W">I</w>
   <w nite:id="Bed016.w.2,611" starttime="" endtime="" c="W">help</w>
   <w nite:id="Bed016.w.2,612" starttime="" endtime="" c="W">you</w>
   <w nite:id="Bed016.w.2,613" starttime="" endtime="" c="W">with</w>
   <w nite:id="Bed016.w.2,614" starttime="" endtime="" c=".">?</w>
   <w nite:id="Bed016.w.2,624" starttime="" endtime="" t="PLET" c="W">OK</w>
   <w nite:id="Bed016.w.2,625" starttime="" endtime="" c=".">.</w>
   <w nite:id="Bed016.w.2,626" starttime="" endtime="" c="SYM">@</w>
   <w nite:id="Bed016.w.2,627" starttime="" endtime="" c="SYM">@</w>
   <w nite:id="Bed016.w.2,628" starttime="" endtime="" c="W">I</w>
   <w nite:id="Bed016.w.2,629" starttime="" endtime="" c="W">can</w>
   <w nite:id="Bed016.w.2,630" starttime="" endtime="" c="W">get</w>
   <w nite:id="Bed016.w.2,631" starttime="" endtime="" c="W">the</w>
   <w nite:id="Bed016.w.2,632" starttime="" endtime="" c="W">address</w>
   <w nite:id="Bed016.w.2,633" starttime="" endtime="" c="CM">,</w>
   <w nite:id="Bed016.w.2,634" starttime="" endtime="" c="W">or</w>
   <w nite:id="Bed016.w.2,635" starttime="" endtime="" c="W">if</w>
   <w nite:id="Bed016.w.2,636" starttime="" endtime="" c="W">you</w>
   <w nite:id="Bed016.w.2,637" starttime="" endtime="" c="W">know</w>
   <w nite:id="Bed016.w.2,638" starttime="" endtime="" c="W">where</w>
   <w nite:id="Bed016.w.2,639" starttime="" endtime="" c="W">you</w>
   <w nite:id="Bed016.w.2,640" starttime="" endtime="" c="W">are</w>
   <w nite:id="Bed016.w.2,641" starttime="" endtime="" c="CM">,</w>
   <w nite:id="Bed016.w.2,642" starttime="" endtime="" c="W">I</w>
   <w nite:id="Bed016.w.2,643" starttime="" endtime="" c="W">can</w>
   <w nite:id="Bed016.w.2,644" starttime="" endtime="" c="W">tell</w>
   <w nite:id="Bed016.w.2,645" starttime="" endtime="" c="W">you</w>
   <w nite:id="Bed016.w.2,646" starttime="" endtime="" c="W">how</w>
   <w nite:id="Bed016.w.2,647" starttime="" endtime="" c="W">to</w>
   <w nite:id="Bed016.w.2,648" starttime="" endtime="" c="W">get</w>
   <w nite:id="Bed016.w.2,649" starttime="" endtime="" c="W">there</w>
   <w nite:id="Bed016.w.2,650" starttime="" endtime="" c=".">.</w>
   <w nite:id="Bed016.w.2,657" starttime="" endtime="" c="W">It</w>
   <w nite:id="Bed016.w.2,658" starttime="" endtime="" c="APOSS">'s</w>
   <w nite:id="Bed016.w.2,659" starttime="" endtime="" c="W">at</w>
   <w nite:id="Bed016.w.2,660" starttime="" endtime="" c="W">the</w>
   <w nite:id="Bed016.w.2,661" starttime="" endtime="" c="W">Hauptstrasse</w>
   <w nite:id="Bed016.w.2,662" starttime="" endtime="" c="W">and</w>
   <w nite:id="Bed016.w.2,663" starttime="" endtime="" c="SYM">@</w>
   <w nite:id="Bed016.w.2,664" starttime="" endtime="" c="SYM">@</w>
   <w nite:id="Bed016.w.2,665" starttime="" endtime="" c="W">gasse</w>
   <w nite:id="Bed016.w.2,666" starttime="" endtime="" c=".">.</w>
</nite:root>