<?xml version="1.0" encoding="ISO-8859-1" standalone="yes"?>
<nite:root nite:id="Bed016.B.words" xmlns:nite="http://nite.sourceforge.net/">
   <w nite:id="Bed016.w.122" starttime="23.65" endtime="23.95" c="W">Yeah</w>
   <w nite:id="Bed016.w.123" starttime="23.95" endtime="23.95" c=".">.</w>
   <w nite:id="Bed016.w.132" starttime="25.122" endtime="25.302" c="W">Actually</w>
   <disfmarker nite:id="Bed016.disfmarker.3" starttime="" endtime=""/>
   <vocalsound nite:id="Bed016.vocalsound.7" starttime="" endtime="" description="laugh"/>
   <vocalsound nite:id="Bed016.vocalsound.16" starttime="" endtime="" description="laugh"/>
   <vocalsound nite:id="Bed016.vocalsound.22" starttime="" endtime="" description="laugh"/>
   <vocalsound nite:id="Bed016.vocalsound.23" starttime="" endtime="" description="laugh"/>
   <w nite:id="Bed016.w.608" starttime="" endtime="" c="W">five</w>
   <w nite:id="Bed016.w.609" starttime="" endtime="" c="W">five</w>
   <w nite:id="Bed016.w.610" starttime="" endtime="" c="W">six</w>
   <w nite:id="Bed016.w.611" starttime="" endtime="" c="W">two</w>
   <w nite:id="Bed016.w.612" starttime="" endtime="" c="CM">,</w>
   <comment nite:id="Bed016.comment.14" starttime="" endtime="" description="while laughing"/>
   <w nite:id="Bed016.w.613" starttime="" endtime="" c="W">zero</w>
   <w nite:id="Bed016.w.614" starttime="" endtime="" c="CM">,</w>
   <w nite:id="Bed016.w.615" starttime="" endtime="" c="W">nine</w>
   <w nite:id="Bed016.w.616" starttime="" endtime="" c="W">seven</w>
   <w nite:id="Bed016.w.617" starttime="" endtime="" c="W">four</w>
   <w nite:id="Bed016.w.618" starttime="" endtime="" c=".">.</w>
   <comment nite:id="Bed016.comment.15" starttime="" endtime="" description="Digits"/>
   <w nite:id="Bed016.w.653" starttime="" endtime="" c="W">zero</w>
   <w nite:id="Bed016.w.654" starttime="" endtime="" c="W">four</w>
   <w nite:id="Bed016.w.655" starttime="" endtime="" c="W">zero</w>
   <w nite:id="Bed016.w.656" starttime="" endtime="" c="W">eight</w>
   <w nite:id="Bed016.w.657" starttime="" endtime="" c="CM">,</w>
   <w nite:id="Bed016.w.658" starttime="" endtime="" c="W">nine</w>
   <w nite:id="Bed016.w.659" starttime="" endtime="" c="CM">,</w>
   <w nite:id="Bed016.w.660" starttime="" endtime="" c="W">zero</w>
   <w nite:id="Bed016.w.661" starttime="" endtime="" c="W">nine</w>
   <w nite:id="Bed016.w.662" starttime="" endtime="" c="W">one</w>
   <comment nite:id="Bed016.comment.19" starttime="" endtime="" description="while laughing"/>
   <comment nite:id="Bed016.comment.20" starttime="" endtime="" description="Digits"/>
   <w nite:id="Bed016.w.725" starttime="" endtime="" c="W">six</w>
   <w nite:id="Bed016.w.726" starttime="" endtime="" c="W">nine</w>
   <w nite:id="Bed016.w.727" starttime="" endtime="" c="W">nine</w>
   <w nite:id="Bed016.w.728" starttime="" endtime="" c="W">eight</w>
   <w nite:id="Bed016.w.729" starttime="" endtime="" c="CM">,</w>
   <w nite:id="Bed016.w.730" starttime="" endtime="" c="W">six</w>
   <w nite:id="Bed016.w.731" starttime="" endtime="" c="CM">,</w>
   <w nite:id="Bed016.w.732" starttime="" endtime="" c="W">six</w>
   <w nite:id="Bed016.w.733" starttime="" endtime="" c="W">eight</w>
   <disfmarker nite:id="Bed016.disfmarker.15" starttime="" endtime=""/>
   <w nite:id="Bed016.w.734" starttime="" endtime="" c="W">zero</w>
   <w nite:id="Bed016.w.735" starttime="" endtime="" c="W">eight</w>
   <w nite:id="Bed016.w.736" starttime="" endtime="" c="W">four</w>
   <w nite:id="Bed016.w.737" starttime="" endtime="" c=".">.</w>
   <comment nite:id="Bed016.comment.26" starttime="" endtime="" description="Digits"/>
   <w nite:id="Bed016.w.799" starttime="" endtime="" c="W">two</w>
   <w nite:id="Bed016.w.800" starttime="" endtime="" c="W">five</w>
   <w nite:id="Bed016.w.801" starttime="" endtime="" c="W">seven</w>
   <w nite:id="Bed016.w.802" starttime="" endtime="" c="W">seven</w>
   <w nite:id="Bed016.w.803" starttime="" endtime="" c="CM">,</w>
   <w nite:id="Bed016.w.804" starttime="" endtime="" c="W">two</w>
   <w nite:id="Bed016.w.805" starttime="" endtime="" c="CM">,</w>
   <w nite:id="Bed016.w.806" starttime="" endtime="" c="W">five</w>
   <w nite:id="Bed016.w.807" starttime="" endtime="" c="W">seven</w>
   <w nite:id="Bed016.w.808" starttime="" endtime="" c="W">two</w>
   <w nite:id="Bed016.w.809" starttime="" endtime="" c=".">.</w>
   <comment nite:id="Bed016.comment.32" starttime="" endtime="" description="Digits"/>
   <w nite:id="Bed016.w.857" starttime="" endtime="" c="W">five</w>
   <w nite:id="Bed016.w.858" starttime="" endtime="" c="W">two</w>
   <w nite:id="Bed016.w.859" starttime="" endtime="" c="W">nine</w>
   <w nite:id="Bed016.w.860" starttime="" endtime="" c="W">four</w>
   <w nite:id="Bed016.w.861" starttime="" endtime="" c="CM">,</w>
   <w nite:id="Bed016.w.862" starttime="" endtime="" c="W">eight</w>
   <w nite:id="Bed016.w.863" starttime="" endtime="" c="CM">,</w>
   <w nite:id="Bed016.w.864" starttime="" endtime="" c="W">eight</w>
   <w nite:id="Bed016.w.865" starttime="" endtime="" c="W">four</w>
   <w nite:id="Bed016.w.866" starttime="" endtime="" c="W">nine</w>
   <w nite:id="Bed016.w.867" starttime="" endtime="" c=".">.</w>
   <comment nite:id="Bed016.comment.37" starttime="" endtime="" description="Digits"/>
   <w nite:id="Bed016.w.918" starttime="" endtime="" c="W">seven</w>
   <w nite:id="Bed016.w.919" starttime="" endtime="" c="W">four</w>
   <w nite:id="Bed016.w.920" starttime="" endtime="" c="CM">,</w>
   <w nite:id="Bed016.w.921" starttime="" endtime="" c="W">six</w>
   <w nite:id="Bed016.w.922" starttime="" endtime="" c="W">three</w>
   <w nite:id="Bed016.w.923" starttime="" endtime="" c="CM">,</w>
   <w nite:id="Bed016.w.924" starttime="" endtime="" c="W">eight</w>
   <w nite:id="Bed016.w.925" starttime="" endtime="" c="W">zero</w>
   <w nite:id="Bed016.w.926" starttime="" endtime="" c="CM">,</w>
   <w nite:id="Bed016.w.927" starttime="" endtime="" c="W">one</w>
   <w nite:id="Bed016.w.928" starttime="" endtime="" c="W">one</w>
   <w nite:id="Bed016.w.929" starttime="" endtime="" c="CM">,</w>
   <w nite:id="Bed016.w.930" starttime="" endtime="" c="W">eight</w>
   <w nite:id="Bed016.w.931" starttime="" endtime="" c="W">zero</w>
   <w nite:id="Bed016.w.932" starttime="" endtime="" c=".">.</w>
   <comment nite:id="Bed016.comment.42" starttime="" endtime="" description="Digits"/>
   <w nite:id="Bed016.w.1,022" starttime="" endtime="" c="W">seven</w>
   <w nite:id="Bed016.w.1,023" starttime="" endtime="" c="CM">,</w>
   <w nite:id="Bed016.w.1,024" starttime="" endtime="" c="W">three</w>
   <w nite:id="Bed016.w.1,025" starttime="" endtime="" c="W">eight</w>
   <w nite:id="Bed016.w.1,026" starttime="" endtime="" c="W">five</w>
   <w nite:id="Bed016.w.1,027" starttime="" endtime="" c="CM">,</w>
   <w nite:id="Bed016.w.1,028" starttime="" endtime="" c="W">six</w>
   <w nite:id="Bed016.w.1,029" starttime="" endtime="" c="W">six</w>
   <w nite:id="Bed016.w.1,030" starttime="" endtime="" c="CM">,</w>
   <w nite:id="Bed016.w.1,031" starttime="" endtime="" c="W">five</w>
   <w nite:id="Bed016.w.1,032" starttime="" endtime="" c="W">nine</w>
   <w nite:id="Bed016.w.1,033" starttime="" endtime="" c="W">one</w>
   <w nite:id="Bed016.w.1,034" starttime="" endtime="" c="CM">,</w>
   <w nite:id="Bed016.w.1,035" starttime="" endtime="" c="W">nine</w>
   <w nite:id="Bed016.w.1,036" starttime="" endtime="" c=".">.</w>
   <comment nite:id="Bed016.comment.50" starttime="" endtime="" description="Digits"/>
   <w nite:id="Bed016.w.1,075" starttime="" endtime="" c="W">six</w>
   <w nite:id="Bed016.w.1,076" starttime="" endtime="" c="W">two</w>
   <w nite:id="Bed016.w.1,077" starttime="" endtime="" c="W">nine</w>
   <w nite:id="Bed016.w.1,078" starttime="" endtime="" c="CM">,</w>
   <w nite:id="Bed016.w.1,079" starttime="" endtime="" c="W">three</w>
   <w nite:id="Bed016.w.1,080" starttime="" endtime="" c="W">nine</w>
   <w nite:id="Bed016.w.1,081" starttime="" endtime="" c="W">six</w>
   <w nite:id="Bed016.w.1,082" starttime="" endtime="" c="CM">,</w>
   <w nite:id="Bed016.w.1,083" starttime="" endtime="" c="W">six</w>
   <w nite:id="Bed016.w.1,084" starttime="" endtime="" c="W">two</w>
   <w nite:id="Bed016.w.1,085" starttime="" endtime="" c="W">zero</w>
   <w nite:id="Bed016.w.1,086" starttime="" endtime="" c="W">five</w>
   <w nite:id="Bed016.w.1,087" starttime="" endtime="" c=".">.</w>
   <comment nite:id="Bed016.comment.54" starttime="" endtime="" description="Digits"/>
   <w nite:id="Bed016.w.1,125" starttime="" endtime="" c="W">six</w>
   <w nite:id="Bed016.w.1,126" starttime="" endtime="" c="W">two</w>
   <w nite:id="Bed016.w.1,127" starttime="" endtime="" c="W">zero</w>
   <w nite:id="Bed016.w.1,128" starttime="" endtime="" c="TRUNCW">s</w>
   <w nite:id="Bed016.w.1,129" starttime="" endtime="" c="W">three</w>
   <w nite:id="Bed016.w.1,130" starttime="" endtime="" c=".">.</w>
   <comment nite:id="Bed016.comment.58" starttime="" endtime="" description="correction"/>
   <comment nite:id="Bed016.comment.59" starttime="" endtime="" description="Digits"/>
   <vocalsound nite:id="Bed016.vocalsound.29" starttime="" endtime="" description="breath-laugh"/>
   <vocalsound nite:id="Bed016.vocalsound.33" starttime="" endtime="" description="laugh"/>
   <vocalsound nite:id="Bed016.vocalsound.36" starttime="" endtime="" description="laugh"/>
   <vocalsound nite:id="Bed016.vocalsound.40" starttime="" endtime="" description="laugh"/>
   <vocalsound nite:id="Bed016.vocalsound.44" starttime="" endtime="" description="laugh"/>
   <vocalsound nite:id="Bed016.vocalsound.48" starttime="" endtime="" description="laugh"/>
   <vocalsound nite:id="Bed016.vocalsound.54" starttime="" endtime="" description="clears throat"/>
   <vocalsound nite:id="Bed016.vocalsound.55" starttime="" endtime="" description="sneeze"/>
   <vocalsound nite:id="Bed016.vocalsound.57" starttime="" endtime="" description="cough"/>
   <vocalsound nite:id="Bed016.vocalsound.61" starttime="" endtime="" description="cough"/>
   <vocalsound nite:id="Bed016.vocalsound.66" starttime="" endtime="" description="laugh"/>
   <vocalsound nite:id="Bed016.vocalsound.72" starttime="" endtime="" description="laugh"/>
   <vocalsound nite:id="Bed016.vocalsound.74" starttime="" endtime="" description="laugh"/>
   <vocalsound nite:id="Bed016.vocalsound.105" starttime="" endtime="" description="laugh"/>
   <vocalsound nite:id="Bed016.vocalsound.126" starttime="" endtime="" description="laugh"/>
   <vocalsound nite:id="Bed016.vocalsound.138" starttime="" endtime="" description="laugh"/>
   <vocalsound nite:id="Bed016.vocalsound.140" starttime="" endtime="" description="laugh"/>
   <vocalsound nite:id="Bed016.vocalsound.145" starttime="" endtime="" description="laugh"/>
   <vocalsound nite:id="Bed016.vocalsound.148" starttime="" endtime="" description="laugh"/>
   <vocalsound nite:id="Bed016.vocalsound.163" starttime="" endtime="" description="laugh"/>
   <vocalsound nite:id="Bed016.vocalsound.169" starttime="" endtime="" description="laugh"/>
   <vocalsound nite:id="Bed016.vocalsound.201" starttime="" endtime="" description="laugh"/>
   <vocalsound nite:id="Bed016.vocalsound.231" starttime="" endtime="" description="laugh"/>
   <vocalsound nite:id="Bed016.vocalsound.241" starttime="" endtime="" description="laugh"/>
   <vocalsound nite:id="Bed016.vocalsound.252" starttime="" endtime="" description="laugh"/>
   <vocalsound nite:id="Bed016.vocalsound.254" starttime="" endtime="" description="laugh"/>
   <vocalsound nite:id="Bed016.vocalsound.264" starttime="" endtime="" description="laugh"/>
</nite:root>