<?xml version="1.0" encoding="ISO-8859-1" standalone="yes"?>
<nite:root nite:id="Bed016.J.words" xmlns:nite="http://nite.sourceforge.net/">
   <w nite:id="Bed016.w.2,517" starttime="" endtime="" c="W">A</w>
   <w nite:id="Bed016.w.2,518" starttime="" endtime="" c="W">popular</w>
   <w nite:id="Bed016.w.2,519" starttime="" endtime="" c="W">disco</w>
   <w nite:id="Bed016.w.2,520" starttime="" endtime="" c="W">is</w>
   <w nite:id="Bed016.w.2,521" starttime="" endtime="" c="W">the</w>
   <w nite:id="Bed016.w.2,522" starttime="" endtime="" c="W">Young</w>
   <w nite:id="Bed016.w.2,523" starttime="" endtime="" c="W">Ganz</w>
   <w nite:id="Bed016.w.2,524" starttime="" endtime="" c=".">.</w>
   <w nite:id="Bed016.w.2,541" starttime="" endtime="" c="W">In</w>
   <w nite:id="Bed016.w.2,542" starttime="" endtime="" c="W">order</w>
   <w nite:id="Bed016.w.2,543" starttime="" endtime="" c="W">to</w>
   <w nite:id="Bed016.w.2,544" starttime="" endtime="" c="W">get</w>
   <w nite:id="Bed016.w.2,545" starttime="" endtime="" c="W">there</w>
   <w nite:id="Bed016.w.2,546" starttime="" endtime="" c="W">take</w>
   <w nite:id="Bed016.w.2,547" starttime="" endtime="" c="W">bus</w>
   <w nite:id="Bed016.w.2,548" starttime="" endtime="" c="W">number</w>
   <w nite:id="Bed016.w.2,549" starttime="" endtime="" c="W">forty</w>
   <w nite:id="Bed016.w.2,550" starttime="" endtime="" c="HYPH">-</w>
   <w nite:id="Bed016.w.2,551" starttime="" endtime="" c="W">two</w>
   <w nite:id="Bed016.w.2,552" starttime="" endtime="" c="W">towards</w>
   <w nite:id="Bed016.w.2,553" starttime="" endtime="" c="W">the</w>
   <w nite:id="Bed016.w.2,554" starttime="" endtime="" c="SYM">@</w>
   <w nite:id="Bed016.w.2,555" starttime="" endtime="" c="SYM">@</w>
   <w nite:id="Bed016.w.2,556" starttime="" endtime="" c="W">and</w>
   <w nite:id="Bed016.w.2,557" starttime="" endtime="" c="W">exit</w>
   <w nite:id="Bed016.w.2,558" starttime="" endtime="" c="W">at</w>
   <w nite:id="Bed016.w.2,559" starttime="" endtime="" c="W">the</w>
   <w nite:id="Bed016.w.2,560" starttime="" endtime="" c="W">birdband</w>
   <w nite:id="Bed016.w.2,561" starttime="" endtime="" c=".">.</w>
</nite:root>