<?xml version="1.0" encoding="ISO-8859-1" standalone="yes"?>
<nite:root nite:id="Bed016.D.words" xmlns:nite="http://nite.sourceforge.net/">
   <w nite:id="Bed016.w.100" starttime="21.86" endtime="22.17" c="W">On</w>
   <w nite:id="Bed016.w.101" starttime="22.17" endtime="22.17" c=".">?</w>
   <w nite:id="Bed016.w.102" starttime="22.43" endtime="22.59" c="W">Am</w>
   <w nite:id="Bed016.w.103" starttime="22.59" endtime="22.72" c="W">I</w>
   <w nite:id="Bed016.w.104" starttime="22.72" endtime="23.11" c="W">on</w>
   <w nite:id="Bed016.w.105" starttime="23.11" endtime="23.11" c=".">?</w>
   <w nite:id="Bed016.w.106" starttime="23.11" endtime="23.18" c="W">I</w>
   <w nite:id="Bed016.w.107" starttime="23.18" endtime="23.38" c="W">think</w>
   <w nite:id="Bed016.w.108" starttime="23.38" endtime="" c="W">I</w>
   <w nite:id="Bed016.w.109" starttime="" endtime="23.52" c="W">'m</w>
   <w nite:id="Bed016.w.110" starttime="23.52" endtime="23.82" c="W">on</w>
   <w nite:id="Bed016.w.111" starttime="23.82" endtime="23.82" c=".">?</w>
   <w nite:id="Bed016.w.112" starttime="23.82" endtime="24.4" c="W">Good</w>
   <w nite:id="Bed016.w.113" starttime="24.4" endtime="24.4" c=".">.</w>
   <w nite:id="Bed016.w.114" starttime="24.4" endtime="24.72" c="W">Good</w>
   <w nite:id="Bed016.w.115" starttime="24.72" endtime="24.72" c=".">.</w>
   <comment nite:id="Bed016.comment.1" starttime="" endtime="" description="testing microphone, getting feedback from the screen on audio levels"/>
   <w nite:id="Bed016.w.159" starttime="31.22" endtime="31.33" c="W">You</w>
   <w nite:id="Bed016.w.160" starttime="31.33" endtime="31.87" c="TRUNCW">a</w>
   <w nite:id="Bed016.w.161" starttime="33.057" endtime="" c="W">You</w>
   <w nite:id="Bed016.w.162" starttime="" endtime="33.227" c="W">'re</w>
   <disfmarker nite:id="Bed016.disfmarker.4" starttime="" endtime=""/>
   <w nite:id="Bed016.w.163" starttime="33.707" endtime="33.807" c="W">you</w>
   <w nite:id="Bed016.w.164" starttime="33.807" endtime="34.087" c="W">remember</w>
   <w nite:id="Bed016.w.165" starttime="34.087" endtime="" c="W">you</w>
   <w nite:id="Bed016.w.166" starttime="" endtime="34.247" c="W">'re</w>
   <w nite:id="Bed016.w.167" starttime="34.247" endtime="34.447" c="W">being</w>
   <w nite:id="Bed016.w.168" starttime="34.447" endtime="34.887" c="W">recorded</w>
   <w nite:id="Bed016.w.169" starttime="34.887" endtime="34.957" c="W">at</w>
   <w nite:id="Bed016.w.170" starttime="34.957" endtime="35.147" c="W">this</w>
   <w nite:id="Bed016.w.171" starttime="35.147" endtime="35.447" c="W">point</w>
   <w nite:id="Bed016.w.172" starttime="35.447" endtime="35.447" c=".">.</w>
   <vocalsound nite:id="Bed016.vocalsound.6" starttime="" endtime="" description="laugh"/>
   <vocalsound nite:id="Bed016.vocalsound.11" starttime="" endtime="" description="laugh"/>
   <w nite:id="Bed016.w.295" starttime="58.28" endtime="58.31" c="W">Oh</w>
   <w nite:id="Bed016.w.296" starttime="58.31" endtime="58.42" c="W">yeah</w>
   <w nite:id="Bed016.w.297" starttime="58.42" endtime="58.42" c="CM">,</w>
   <w nite:id="Bed016.w.298" starttime="58.42" endtime="58.55" c="W">how</w>
   <w nite:id="Bed016.w.299" starttime="58.55" endtime="58.69" c="TRUNCW">di</w>
   <w nite:id="Bed016.w.300" starttime="58.69" endtime="58.78" c="W">how</w>
   <w nite:id="Bed016.w.301" starttime="58.78" endtime="58.9" c="TRUNCW">d</w>
   <w nite:id="Bed016.w.302" starttime="58.9" endtime="59.23" c="W">exactly</w>
   <w nite:id="Bed016.w.303" starttime="59.23" endtime="59.5" c="W">did</w>
   <w nite:id="Bed016.w.304" starttime="59.5" endtime="59.5" c="CM">,</w>
   <w nite:id="Bed016.w.305" starttime="59.5" endtime="59.88" c="W">uh</w>
   <w nite:id="Bed016.w.306" starttime="59.88" endtime="59.88" c="CM">,</w>
   <w nite:id="Bed016.w.307" starttime="60.0" endtime="60.19" c="W">that</w>
   <w nite:id="Bed016.w.308" starttime="60.19" endtime="60.41" c="W">paper</w>
   <w nite:id="Bed016.w.309" starttime="60.41" endtime="60.6" c="W">lead</w>
   <w nite:id="Bed016.w.310" starttime="60.6" endtime="60.66" c="W">to</w>
   <w nite:id="Bed016.w.311" starttime="60.66" endtime="" c="W">anti</w>
   <w nite:id="Bed016.w.312" starttime="" endtime="" c="HYPH">-</w>
   <w nite:id="Bed016.w.313" starttime="" endtime="61.11" c="W">lock</w>
   <w nite:id="Bed016.w.314" starttime="61.11" endtime="61.6" c="W">brakes</w>
   <w nite:id="Bed016.w.315" starttime="61.6" endtime="61.6" c=".">?</w>
   <w nite:id="Bed016.w.329" starttime="62.63" endtime="62.69" c="W">Nah</w>
   <w nite:id="Bed016.w.330" starttime="62.69" endtime="62.69" c=".">.</w>
   <vocalsound nite:id="Bed016.vocalsound.15" starttime="" endtime="" description="laugh"/>
   <vocalsound nite:id="Bed016.vocalsound.17" starttime="" endtime="" description="laugh"/>
   <w nite:id="Bed016.w.333" starttime="68.83" endtime="68.93" c="W">I</w>
   <w nite:id="Bed016.w.334" starttime="68.93" endtime="69.12" c="W">love</w>
   <w nite:id="Bed016.w.335" starttime="69.12" endtime="69.29" c="W">that</w>
   <w nite:id="Bed016.w.336" starttime="69.29" endtime="69.59" c="W">story</w>
   <w nite:id="Bed016.w.337" starttime="69.59" endtime="69.59" c=".">.</w>
   <vocalsound nite:id="Bed016.vocalsound.18" starttime="" endtime="" description="laugh"/>
   <w nite:id="Bed016.w.377" starttime="85.66" endtime="85.8" c="W">All</w>
   <w nite:id="Bed016.w.378" starttime="85.8" endtime="85.86" c="W">at</w>
   <w nite:id="Bed016.w.379" starttime="85.86" endtime="85.92" c="W">the</w>
   <w nite:id="Bed016.w.380" starttime="85.92" endtime="86.14" c="W">same</w>
   <w nite:id="Bed016.w.381" starttime="86.14" endtime="86.45" c="W">time</w>
   <w nite:id="Bed016.w.382" starttime="86.45" endtime="86.45" c=".">.</w>
   <w nite:id="Bed016.w.383" starttime="86.45" endtime="86.49" c="W">I</w>
   <w nite:id="Bed016.w.384" starttime="86.49" endtime="86.62" c="W">don't</w>
   <w nite:id="Bed016.w.385" starttime="86.62" endtime="86.75" c="W">know</w>
   <w nite:id="Bed016.w.386" starttime="86.75" endtime="86.98" c="W">if</w>
   <disfmarker nite:id="Bed016.disfmarker.9" starttime="" endtime=""/>
   <w nite:id="Bed016.w.387" starttime="86.98" endtime="87.14" c="W">I</w>
   <w nite:id="Bed016.w.388" starttime="87.14" endtime="87.26" c="W">would</w>
   <w nite:id="Bed016.w.389" starttime="87.26" endtime="87.45" c="W">get</w>
   <w nite:id="Bed016.w.390" starttime="87.45" endtime="87.94" c="W">distracted</w>
   <w nite:id="Bed016.w.391" starttime="87.94" endtime="88.05" c="W">and</w>
   <w nite:id="Bed016.w.392" starttime="88.05" endtime="88.48" c="W">confused</w>
   <w nite:id="Bed016.w.393" starttime="88.48" endtime="88.48" c="CM">,</w>
   <w nite:id="Bed016.w.394" starttime="88.48" endtime="88.93" c="W">probably</w>
   <w nite:id="Bed016.w.395" starttime="88.93" endtime="88.93" c=".">.</w>
   <w nite:id="Bed016.w.435" starttime="91.73" endtime="91.76" c="W">Oh</w>
   <w nite:id="Bed016.w.436" starttime="91.76" endtime="91.86" c="W">wait</w>
   <w nite:id="Bed016.w.437" starttime="91.86" endtime="92.0" c="W">do</w>
   <w nite:id="Bed016.w.438" starttime="92.0" endtime="92.06" c="W">we</w>
   <w nite:id="Bed016.w.439" starttime="92.06" endtime="92.21" c="W">have</w>
   <w nite:id="Bed016.w.440" starttime="92.21" endtime="92.62" c="TRUNCW">t</w>
   <w nite:id="Bed016.w.445" starttime="93.693" endtime="93.983" c="W">Yeah</w>
   <w nite:id="Bed016.w.446" starttime="93.983" endtime="93.983" c="CM">,</w>
   <w nite:id="Bed016.w.447" starttime="93.983" endtime="94.133" c="W">do</w>
   <w nite:id="Bed016.w.448" starttime="94.133" endtime="94.193" c="W">we</w>
   <w nite:id="Bed016.w.449" starttime="94.193" endtime="94.283" c="W">have</w>
   <w nite:id="Bed016.w.450" starttime="94.283" endtime="94.383" c="W">to</w>
   <w nite:id="Bed016.w.451" starttime="94.383" endtime="94.643" c="W">time</w>
   <w nite:id="Bed016.w.452" starttime="94.643" endtime="94.753" c="W">them</w>
   <w nite:id="Bed016.w.453" starttime="94.753" endtime="94.813" c="W">at</w>
   <w nite:id="Bed016.w.454" starttime="94.813" endtime="94.883" c="W">the</w>
   <w nite:id="Bed016.w.455" starttime="94.883" endtime="95.093" c="W">same</w>
   <w nite:id="Bed016.w.456" starttime="95.093" endtime="95.363" c="W">time</w>
   <w nite:id="Bed016.w.457" starttime="95.363" endtime="95.453" c="W">or</w>
   <w nite:id="Bed016.w.458" starttime="95.453" endtime="95.683" c="W">just</w>
   <w nite:id="Bed016.w.459" starttime="95.683" endtime="96.373" c="W">overlapping</w>
   <disfmarker nite:id="Bed016.disfmarker.11" starttime="" endtime=""/>
   <w nite:id="Bed016.w.557" starttime="" endtime="" c="W">nine</w>
   <w nite:id="Bed016.w.558" starttime="" endtime="" c="W">four</w>
   <w nite:id="Bed016.w.559" starttime="" endtime="" c="W">six</w>
   <w nite:id="Bed016.w.560" starttime="" endtime="" c="CM">,</w>
   <w nite:id="Bed016.w.561" starttime="" endtime="" c="W">six</w>
   <w nite:id="Bed016.w.562" starttime="" endtime="" c="W">five</w>
   <w nite:id="Bed016.w.563" starttime="" endtime="" c="W">one</w>
   <w nite:id="Bed016.w.564" starttime="" endtime="" c="CM">,</w>
   <w nite:id="Bed016.w.565" starttime="" endtime="" c="W">nine</w>
   <w nite:id="Bed016.w.566" starttime="" endtime="" c="W">three</w>
   <w nite:id="Bed016.w.567" starttime="" endtime="" c="W">five</w>
   <w nite:id="Bed016.w.568" starttime="" endtime="" c="W">five</w>
   <comment nite:id="Bed016.comment.8" starttime="" endtime="" description="Digits"/>
   <w nite:id="Bed016.w.632" starttime="" endtime="" c="W">seven</w>
   <w nite:id="Bed016.w.633" starttime="" endtime="" c="W">seven</w>
   <w nite:id="Bed016.w.634" starttime="" endtime="" c="W">zero</w>
   <w nite:id="Bed016.w.635" starttime="" endtime="" c="W">three</w>
   <w nite:id="Bed016.w.636" starttime="" endtime="" c="CM">,</w>
   <w nite:id="Bed016.w.637" starttime="" endtime="" c="W">two</w>
   <w nite:id="Bed016.w.638" starttime="" endtime="" c="CM">,</w>
   <w nite:id="Bed016.w.639" starttime="" endtime="" c="W">six</w>
   <w nite:id="Bed016.w.640" starttime="" endtime="" c="W">two</w>
   <w nite:id="Bed016.w.641" starttime="" endtime="" c="W">five</w>
   <comment nite:id="Bed016.comment.17" starttime="" endtime="" description="Digits"/>
   <w nite:id="Bed016.w.713" starttime="" endtime="" c="W">eight</w>
   <w nite:id="Bed016.w.714" starttime="" endtime="" c="W">four</w>
   <w nite:id="Bed016.w.715" starttime="" endtime="" c="W">two</w>
   <w nite:id="Bed016.w.716" starttime="" endtime="" c="CM">,</w>
   <w nite:id="Bed016.w.717" starttime="" endtime="" c="LET">O</w>
   <w nite:id="Bed016.w.718" starttime="" endtime="" c="W">six</w>
   <w nite:id="Bed016.w.719" starttime="" endtime="" c="W">three</w>
   <w nite:id="Bed016.w.720" starttime="" endtime="" c="CM">,</w>
   <w nite:id="Bed016.w.721" starttime="" endtime="" c="W">six</w>
   <w nite:id="Bed016.w.722" starttime="" endtime="" c="W">nine</w>
   <w nite:id="Bed016.w.723" starttime="" endtime="" c="W">five</w>
   <w nite:id="Bed016.w.724" starttime="" endtime="" c="W">six</w>
   <comment nite:id="Bed016.comment.25" starttime="" endtime="" description="Digits"/>
   <w nite:id="Bed016.w.788" starttime="" endtime="" c="W">eight</w>
   <w nite:id="Bed016.w.789" starttime="" endtime="" c="W">two</w>
   <w nite:id="Bed016.w.790" starttime="" endtime="" c="W">nine</w>
   <w nite:id="Bed016.w.791" starttime="" endtime="" c="CM">,</w>
   <w nite:id="Bed016.w.792" starttime="" endtime="" c="W">nine</w>
   <w nite:id="Bed016.w.793" starttime="" endtime="" c="W">zero</w>
   <w nite:id="Bed016.w.794" starttime="" endtime="" c="CM">,</w>
   <w nite:id="Bed016.w.795" starttime="" endtime="" c="W">six</w>
   <w nite:id="Bed016.w.796" starttime="" endtime="" c="W">five</w>
   <w nite:id="Bed016.w.797" starttime="" endtime="" c="W">five</w>
   <w nite:id="Bed016.w.798" starttime="" endtime="" c="W">nine</w>
   <comment nite:id="Bed016.comment.31" starttime="" endtime="" description="Digits"/>
   <w nite:id="Bed016.w.868" starttime="" endtime="" c="W">six</w>
   <w nite:id="Bed016.w.869" starttime="" endtime="" c="W">seven</w>
   <w nite:id="Bed016.w.870" starttime="" endtime="" c="W">four</w>
   <w nite:id="Bed016.w.871" starttime="" endtime="" c="CM">,</w>
   <w nite:id="Bed016.w.872" starttime="" endtime="" c="W">four</w>
   <w nite:id="Bed016.w.873" starttime="" endtime="" c="W">six</w>
   <w nite:id="Bed016.w.874" starttime="" endtime="" c="W">zero</w>
   <w nite:id="Bed016.w.875" starttime="" endtime="" c="CM">,</w>
   <w nite:id="Bed016.w.876" starttime="" endtime="" c="W">five</w>
   <w nite:id="Bed016.w.877" starttime="" endtime="" c="W">one</w>
   <w nite:id="Bed016.w.878" starttime="" endtime="" c="W">three</w>
   <comment nite:id="Bed016.comment.38" starttime="" endtime="" description="Digits"/>
   <w nite:id="Bed016.w.933" starttime="" endtime="" c="W">six</w>
   <w nite:id="Bed016.w.934" starttime="" endtime="" c="W">three</w>
   <w nite:id="Bed016.w.935" starttime="" endtime="" c="LET">O</w>
   <w nite:id="Bed016.w.936" starttime="" endtime="" c="CM">,</w>
   <w nite:id="Bed016.w.937" starttime="" endtime="" c="W">two</w>
   <w nite:id="Bed016.w.938" starttime="" endtime="" c="W">five</w>
   <w nite:id="Bed016.w.939" starttime="" endtime="" c="CM">,</w>
   <w nite:id="Bed016.w.940" starttime="" endtime="" c="W">three</w>
   <w nite:id="Bed016.w.941" starttime="" endtime="" c="W">four</w>
   <w nite:id="Bed016.w.942" starttime="" endtime="" c="W">seven</w>
   <w nite:id="Bed016.w.943" starttime="" endtime="" c="W">eight</w>
   <comment nite:id="Bed016.comment.43" starttime="" endtime="" description="Digits"/>
   <w nite:id="Bed016.w.982" starttime="" endtime="" c="W">zero</w>
   <w nite:id="Bed016.w.983" starttime="" endtime="" c="CM">,</w>
   <w nite:id="Bed016.w.984" starttime="" endtime="" c="W">one</w>
   <w nite:id="Bed016.w.985" starttime="" endtime="" c="W">six</w>
   <w nite:id="Bed016.w.986" starttime="" endtime="" c="W">seven</w>
   <w nite:id="Bed016.w.987" starttime="" endtime="" c="CM">,</w>
   <w nite:id="Bed016.w.988" starttime="" endtime="" c="W">one</w>
   <w nite:id="Bed016.w.989" starttime="" endtime="" c="W">five</w>
   <w nite:id="Bed016.w.990" starttime="" endtime="" c="CM">,</w>
   <w nite:id="Bed016.w.991" starttime="" endtime="" c="W">four</w>
   <w nite:id="Bed016.w.992" starttime="" endtime="" c="W">four</w>
   <w nite:id="Bed016.w.993" starttime="" endtime="" c="W">seven</w>
   <w nite:id="Bed016.w.994" starttime="" endtime="" c="W">zero</w>
   <comment nite:id="Bed016.comment.47" starttime="" endtime="" description="Digits"/>
   <w nite:id="Bed016.w.1,063" starttime="" endtime="" c="W">seven</w>
   <w nite:id="Bed016.w.1,064" starttime="" endtime="" c="W">four</w>
   <w nite:id="Bed016.w.1,065" starttime="" endtime="" c="W">eight</w>
   <w nite:id="Bed016.w.1,066" starttime="" endtime="" c="CM">,</w>
   <w nite:id="Bed016.w.1,067" starttime="" endtime="" c="W">nine</w>
   <w nite:id="Bed016.w.1,068" starttime="" endtime="" c="W">one</w>
   <w nite:id="Bed016.w.1,069" starttime="" endtime="" c="W">two</w>
   <w nite:id="Bed016.w.1,070" starttime="" endtime="" c="CM">,</w>
   <w nite:id="Bed016.w.1,071" starttime="" endtime="" c="W">one</w>
   <w nite:id="Bed016.w.1,072" starttime="" endtime="" c="W">five</w>
   <w nite:id="Bed016.w.1,073" starttime="" endtime="" c="W">four</w>
   <w nite:id="Bed016.w.1,074" starttime="" endtime="" c=".">.</w>
   <comment nite:id="Bed016.comment.53" starttime="" endtime="" description="Digits"/>
   <w nite:id="Bed016.w.1,162" starttime="159.17" endtime="159.7" c="W">Alright</w>
   <w nite:id="Bed016.w.1,163" starttime="159.7" endtime="159.7" c=".">.</w>
   <vocalsound nite:id="Bed016.vocalsound.46" starttime="" endtime="" description="laugh"/>
   <w nite:id="Bed016.w.1,213" starttime="175.436" endtime="" c="W">It</w>
   <w nite:id="Bed016.w.1,214" starttime="" endtime="175.556" c="APOSS">'s</w>
   <w nite:id="Bed016.w.1,215" starttime="175.556" endtime="175.896" c="W">strangely</w>
   <w nite:id="Bed016.w.1,216" starttime="175.896" endtime="176.626" c="W">satisfying</w>
   <w nite:id="Bed016.w.1,217" starttime="176.626" endtime="176.626" c=".">.</w>
   <w nite:id="Bed016.w.1,225" starttime="190.26" endtime="190.29" c="W">Are</w>
   <w nite:id="Bed016.w.1,226" starttime="190.29" endtime="190.37" c="W">we</w>
   <w nite:id="Bed016.w.1,227" starttime="190.37" endtime="190.45" c="W">to</w>
   <w nite:id="Bed016.w.1,228" starttime="190.45" endtime="190.64" c="TRUNCW">r</w>
   <w nite:id="Bed016.w.1,229" starttime="191.03" endtime="191.27" c="W">Just</w>
   <w nite:id="Bed016.w.1,230" starttime="191.41" endtime="191.5" c="W">to</w>
   <w nite:id="Bed016.w.1,231" starttime="191.5" endtime="191.7" c="W">make</w>
   <w nite:id="Bed016.w.1,232" starttime="191.7" endtime="191.89" c="W">sure</w>
   <w nite:id="Bed016.w.1,233" starttime="191.89" endtime="191.93" c="W">I</w>
   <w nite:id="Bed016.w.1,234" starttime="191.93" endtime="192.08" c="W">know</w>
   <w nite:id="Bed016.w.1,235" starttime="192.08" endtime="" c="W">what</w>
   <w nite:id="Bed016.w.1,236" starttime="" endtime="192.22" c="APOSS">'s</w>
   <w nite:id="Bed016.w.1,237" starttime="192.22" endtime="192.38" c="W">going</w>
   <w nite:id="Bed016.w.1,238" starttime="192.43" endtime="192.54" c="W">on</w>
   <w nite:id="Bed016.w.1,239" starttime="192.54" endtime="192.54" c="CM">,</w>
   <w nite:id="Bed016.w.1,240" starttime="192.54" endtime="" c="W">we</w>
   <w nite:id="Bed016.w.1,241" starttime="" endtime="192.64" c="W">'re</w>
   <w nite:id="Bed016.w.1,242" starttime="192.64" endtime="192.99" c="W">talking</w>
   <w nite:id="Bed016.w.1,243" starttime="192.99" endtime="193.19" c="W">about</w>
   <w nite:id="Bed016.w.1,244" starttime="193.19" endtime="" c="W">Robert</w>
   <w nite:id="Bed016.w.1,245" starttime="" endtime="193.52" c="APOSS">'s</w>
   <w nite:id="Bed016.w.1,246" starttime="193.52" endtime="193.84" c="W">thesis</w>
   <w nite:id="Bed016.w.1,247" starttime="193.84" endtime="194.26" c="W">proposal</w>
   <w nite:id="Bed016.w.1,248" starttime="194.26" endtime="194.48" c="W">today</w>
   <w nite:id="Bed016.w.1,249" starttime="194.48" endtime="194.48" c=".">?</w>
   <w nite:id="Bed016.w.1,250" starttime="194.56" endtime="194.62" c="W">Is</w>
   <w nite:id="Bed016.w.1,251" starttime="194.96" endtime="195.2" c="W">that</w>
   <pause nite:id="Bed016.pause.2" starttime="195.2" endtime="195.86"/>
   <w nite:id="Bed016.w.1,255" starttime="195.86" endtime="196.17" c="W">true</w>
   <w nite:id="Bed016.w.1,256" starttime="196.17" endtime="196.17" c=".">?</w>
   <w nite:id="Bed016.w.1,290" starttime="199.352" endtime="199.612" c="W">Is</w>
   <disfmarker nite:id="Bed016.disfmarker.18" starttime="" endtime=""/>
   <w nite:id="Bed016.w.1,291" starttime="204.47" endtime="204.58" c="W">Oh</w>
   <w nite:id="Bed016.w.1,292" starttime="204.58" endtime="204.88" c="W">yes</w>
   <w nite:id="Bed016.w.1,293" starttime="204.88" endtime="204.88" c="CM">,</w>
   <w nite:id="Bed016.w.1,294" starttime="204.88" endtime="204.99" c="W">and</w>
   <w nite:id="Bed016.w.1,295" starttime="204.99" endtime="205.13" c="W">that</w>
   <w nite:id="Bed016.w.1,296" starttime="205.13" endtime="205.38" c="W">too</w>
   <w nite:id="Bed016.w.1,297" starttime="205.38" endtime="205.38" c=".">.</w>
   <w nite:id="Bed016.w.1,541" starttime="293.26" endtime="293.36" t="PLET" c="W">OK</w>
   <w nite:id="Bed016.w.1,542" starttime="293.36" endtime="293.36" c="CM">,</w>
   <w nite:id="Bed016.w.1,543" starttime="293.36" endtime="293.47" c="W">we</w>
   <w nite:id="Bed016.w.1,544" starttime="293.47" endtime="293.59" c="W">can</w>
   <disfmarker nite:id="Bed016.disfmarker.22" starttime="" endtime=""/>
   <w nite:id="Bed016.w.1,545" starttime="293.67" endtime="293.81" c="W">we</w>
   <w nite:id="Bed016.w.1,546" starttime="293.81" endtime="293.92" c="W">can</w>
   <disfmarker nite:id="Bed016.disfmarker.23" starttime="" endtime=""/>
   <w nite:id="Bed016.w.1,547" starttime="294.13" endtime="294.2" c="W">we</w>
   <w nite:id="Bed016.w.1,548" starttime="294.2" endtime="294.37" c="W">can</w>
   <w nite:id="Bed016.w.1,549" starttime="294.37" endtime="294.77" c="W">pass</w>
   <disfmarker nite:id="Bed016.disfmarker.24" starttime="" endtime=""/>
   <w nite:id="Bed016.w.1,550" starttime="294.85" endtime="295.14" c="W">pass</w>
   <w nite:id="Bed016.w.1,551" starttime="295.14" endtime="295.44" c="W">my</w>
   <w nite:id="Bed016.w.1,552" starttime="295.44" endtime="295.44" c="CM">,</w>
   <w nite:id="Bed016.w.1,553" starttime="295.44" endtime="295.65" c="W">uh</w>
   <disfmarker nite:id="Bed016.disfmarker.25" starttime="" endtime=""/>
   <w nite:id="Bed016.w.1,554" starttime="295.97" endtime="296.05" c="W">we</w>
   <w nite:id="Bed016.w.1,555" starttime="296.05" endtime="296.14" c="W">can</w>
   <w nite:id="Bed016.w.1,556" starttime="296.14" endtime="296.33" c="W">pass</w>
   <w nite:id="Bed016.w.1,557" starttime="296.33" endtime="296.43" c="W">my</w>
   <w nite:id="Bed016.w.1,558" starttime="296.43" endtime="296.64" c="W">extra</w>
   <w nite:id="Bed016.w.1,559" starttime="296.64" endtime="296.95" c="W">copy</w>
   <w nite:id="Bed016.w.1,560" starttime="296.95" endtime="297.28" c="W">around</w>
   <w nite:id="Bed016.w.1,561" starttime="297.28" endtime="297.28" c=".">.</w>
   <w nite:id="Bed016.w.1,562" starttime="297.57" endtime="297.64" c="W">Er</w>
   <w nite:id="Bed016.w.1,563" starttime="297.64" endtime="297.64" c="CM">,</w>
   <w nite:id="Bed016.w.1,564" starttime="297.78" endtime="298.0" c="W">actually</w>
   <w nite:id="Bed016.w.1,565" starttime="298.0" endtime="298.0" c="CM">,</w>
   <w nite:id="Bed016.w.1,566" starttime="298.0" endtime="298.15" c="W">my</w>
   <w nite:id="Bed016.w.1,567" starttime="298.15" endtime="298.33" c="W">only</w>
   <w nite:id="Bed016.w.1,568" starttime="298.33" endtime="298.57" c="W">copy</w>
   <w nite:id="Bed016.w.1,569" starttime="298.57" endtime="298.57" c="CM">,</w>
   <w nite:id="Bed016.w.1,570" starttime="298.57" endtime="298.65" c="W">now</w>
   <w nite:id="Bed016.w.1,571" starttime="298.65" endtime="298.74" c="W">that</w>
   <w nite:id="Bed016.w.1,572" starttime="298.74" endtime="298.77" c="W">I</w>
   <w nite:id="Bed016.w.1,573" starttime="298.81" endtime="298.94" c="W">think</w>
   <w nite:id="Bed016.w.1,574" starttime="298.94" endtime="299.09" c="W">about</w>
   <w nite:id="Bed016.w.1,575" starttime="299.09" endtime="299.2" c="W">it</w>
   <w nite:id="Bed016.w.1,576" starttime="299.2" endtime="299.2" c="CM">,</w>
   <w nite:id="Bed016.w.1,577" starttime="299.26" endtime="299.48" c="W">but</w>
   <w nite:id="Bed016.w.1,578" starttime="299.48" endtime="299.48" c=".">.</w>
   <w nite:id="Bed016.w.1,579" starttime="299.94" endtime="299.99" c="W">I</w>
   <w nite:id="Bed016.w.1,580" starttime="299.99" endtime="300.2" c="W">already</w>
   <w nite:id="Bed016.w.1,581" starttime="300.2" endtime="300.37" c="W">read</w>
   <w nite:id="Bed016.w.1,582" starttime="300.37" endtime="300.55" c="W">half</w>
   <w nite:id="Bed016.w.1,583" starttime="300.55" endtime="300.65" c="W">of</w>
   <w nite:id="Bed016.w.1,584" starttime="300.65" endtime="300.76" c="W">it</w>
   <w nite:id="Bed016.w.1,585" starttime="300.76" endtime="300.76" c="CM">,</w>
   <w nite:id="Bed016.w.1,586" starttime="300.76" endtime="300.94" c="W">so</w>
   <w nite:id="Bed016.w.1,587" starttime="300.94" endtime="" c="W">it</w>
   <w nite:id="Bed016.w.1,588" starttime="" endtime="301.06" c="APOSS">'s</w>
   <w nite:id="Bed016.w.1,589" starttime="301.06" endtime="301.42" t="PLET" c="W">OK</w>
   <w nite:id="Bed016.w.1,590" starttime="301.42" endtime="301.42" c=".">.</w>
   <w nite:id="Bed016.w.1,662" starttime="313.25" endtime="313.43" c="W">Oh</w>
   <w nite:id="Bed016.w.1,663" starttime="313.43" endtime="313.43" c="CM">,</w>
   <w nite:id="Bed016.w.1,664" starttime="313.43" endtime="313.67" c="W">maybe</w>
   <w nite:id="Bed016.w.1,665" starttime="313.67" endtime="313.74" c="W">the</w>
   <w nite:id="Bed016.w.1,666" starttime="313.74" endtime="313.94" c="W">version</w>
   <w nite:id="Bed016.w.1,667" starttime="313.94" endtime="314.02" c="W">I</w>
   <w nite:id="Bed016.w.1,668" starttime="314.02" endtime="314.19" c="W">didn't</w>
   <w nite:id="Bed016.w.1,669" starttime="314.19" endtime="314.34" c="W">have</w>
   <w nite:id="Bed016.w.1,670" starttime="315.19" endtime="315.47" c="W">that</w>
   <w nite:id="Bed016.w.1,671" starttime="315.47" endtime="315.5" c="W">I</w>
   <disfmarker nite:id="Bed016.disfmarker.30" starttime="" endtime=""/>
   <w nite:id="Bed016.w.1,672" starttime="315.5" endtime="315.85" c="W">mine</w>
   <disfmarker nite:id="Bed016.disfmarker.31" starttime="" endtime=""/>
   <w nite:id="Bed016.w.1,673" starttime="316.26" endtime="316.33" c="W">the</w>
   <w nite:id="Bed016.w.1,674" starttime="316.33" endtime="316.42" c="TRUNCW">w</w>
   <w nite:id="Bed016.w.1,675" starttime="316.42" endtime="316.55" c="W">did</w>
   <w nite:id="Bed016.w.1,676" starttime="316.55" endtime="316.62" c="W">the</w>
   <w nite:id="Bed016.w.1,677" starttime="316.66" endtime="316.76" c="W">one</w>
   <w nite:id="Bed016.w.1,678" starttime="316.76" endtime="316.82" c="W">you</w>
   <w nite:id="Bed016.w.1,679" starttime="316.82" endtime="317.0" c="W">sent</w>
   <w nite:id="Bed016.w.1,680" starttime="317.0" endtime="317.1" c="W">on</w>
   <w nite:id="Bed016.w.1,681" starttime="317.1" endtime="317.27" c="W">the</w>
   <w nite:id="Bed016.w.1,682" starttime="317.27" endtime="317.63" c="W">email</w>
   <w nite:id="Bed016.w.1,683" starttime="319.03" endtime="319.3" c="W">have</w>
   <w nite:id="Bed016.w.1,684" starttime="319.3" endtime="319.68" c="W">the</w>
   <disfmarker nite:id="Bed016.disfmarker.32" starttime="" endtime=""/>
   <w nite:id="Bed016.w.1,687" starttime="320.61" endtime="320.7" c="W">That</w>
   <w nite:id="Bed016.w.1,688" starttime="320.7" endtime="320.79" c="W">was</w>
   <w nite:id="Bed016.w.1,689" starttime="320.79" endtime="320.98" c="W">the</w>
   <w nite:id="Bed016.w.1,690" starttime="320.98" endtime="321.21" c="W">most</w>
   <w nite:id="Bed016.w.1,691" starttime="321.21" endtime="321.46" c="W">recent</w>
   <w nite:id="Bed016.w.1,692" starttime="321.46" endtime="321.71" c="W">one</w>
   <w nite:id="Bed016.w.1,693" starttime="321.71" endtime="321.71" c=".">?</w>
   <w nite:id="Bed016.w.1,702" starttime="323.14" endtime="323.36" t="PLET" c="W">OK</w>
   <w nite:id="Bed016.w.1,703" starttime="323.36" endtime="323.36" c=".">.</w>
   <w nite:id="Bed016.w.1,706" starttime="324.36" endtime="324.51" c="W">Cuz</w>
   <w nite:id="Bed016.w.1,707" starttime="324.51" endtime="324.54" c="W">I</w>
   <w nite:id="Bed016.w.1,708" starttime="324.54" endtime="324.84" c="W">read</w>
   <w nite:id="Bed016.w.1,709" starttime="324.94" endtime="325.27" c="W">halfway</w>
   <w nite:id="Bed016.w.1,710" starttime="325.27" endtime="325.36" c="W">but</w>
   <w nite:id="Bed016.w.1,711" starttime="325.36" endtime="325.39" c="W">I</w>
   <w nite:id="Bed016.w.1,712" starttime="325.39" endtime="325.57" c="W">didn't</w>
   <w nite:id="Bed016.w.1,713" starttime="325.57" endtime="325.68" c="W">see</w>
   <w nite:id="Bed016.w.1,714" starttime="325.68" endtime="325.71" c="W">a</w>
   <w nite:id="Bed016.w.1,715" starttime="325.71" endtime="326.06" c="W">castle</w>
   <w nite:id="Bed016.w.1,716" starttime="326.06" endtime="326.32" c="W">thing</w>
   <w nite:id="Bed016.w.1,717" starttime="326.32" endtime="326.32" c=".">.</w>
   <vocalsound nite:id="Bed016.vocalsound.64" starttime="" endtime="" description="laugh"/>
   <vocalsound nite:id="Bed016.vocalsound.65" starttime="" endtime="" description="laugh"/>
   <w nite:id="Bed016.w.1,926" starttime="384.6" endtime="384.66" c="W">The</w>
   <w nite:id="Bed016.w.1,927" starttime="384.66" endtime="" c="W">twenty</w>
   <w nite:id="Bed016.w.1,928" starttime="" endtime="" c="HYPH">-</w>
   <w nite:id="Bed016.w.1,929" starttime="" endtime="385.15" c="W">first</w>
   <w nite:id="Bed016.w.1,930" starttime="385.15" endtime="" c="W">I</w>
   <w nite:id="Bed016.w.1,931" starttime="" endtime="385.27" c="W">'m</w>
   <w nite:id="Bed016.w.1,932" starttime="385.27" endtime="386.07" c="W">assuming</w>
   <w nite:id="Bed016.w.1,933" starttime="386.07" endtime="386.07" c=".">.</w>
   <comment nite:id="Bed016.comment.72" starttime="" endtime="" description="completing [fe004] utterance, responding to leading question"/>
   <w nite:id="Bed016.w.1,954" starttime="387.75" endtime="387.84" c="W">What</w>
   <w nite:id="Bed016.w.1,955" starttime="387.84" endtime="387.84" c="CM">,</w>
   <w nite:id="Bed016.w.1,956" starttime="387.84" endtime="" c="W">today</w>
   <w nite:id="Bed016.w.1,957" starttime="" endtime="388.07" c="APOSS">'s</w>
   <w nite:id="Bed016.w.1,958" starttime="388.07" endtime="388.15" c="W">the</w>
   <w nite:id="Bed016.w.1,959" starttime="388.15" endtime="" c="W">twenty</w>
   <w nite:id="Bed016.w.1,960" starttime="" endtime="" c="HYPH">-</w>
   <w nite:id="Bed016.w.1,961" starttime="" endtime="388.65" c="W">first</w>
   <w nite:id="Bed016.w.1,962" starttime="388.65" endtime="388.65" c=".">?</w>
   <w nite:id="Bed016.w.1,963" starttime="389.21" endtime="389.39" c="W">Oh</w>
   <w nite:id="Bed016.w.1,964" starttime="389.39" endtime="389.39" c="CM">,</w>
   <w nite:id="Bed016.w.1,965" starttime="389.39" endtime="390.13" c="W">man</w>
   <w nite:id="Bed016.w.1,966" starttime="390.13" endtime="390.13" c=".">!</w>
   <w nite:id="Bed016.w.1,987" starttime="393.02" endtime="393.23" t="PLET" c="W">OK</w>
   <w nite:id="Bed016.w.1,988" starttime="393.23" endtime="393.23" c=".">.</w>
   <w nite:id="Bed016.w.2,300" starttime="518.722" endtime="519.212" c="W">Halfway</w>
   <w nite:id="Bed016.w.2,301" starttime="519.212" endtime="519.482" c="W">done</w>
   <w nite:id="Bed016.w.2,302" starttime="519.482" endtime="519.482" c=".">?</w>
   <w nite:id="Bed016.w.2,303" starttime="519.482" endtime="519.782" c="W">Yeah</w>
   <w nite:id="Bed016.w.2,304" starttime="519.782" endtime="519.782" c=".">.</w>
   <vocalsound nite:id="Bed016.vocalsound.86" starttime="" endtime="" description="laugh"/>
   <w nite:id="Bed016.w.2,326" starttime="521.36" endtime="521.62" t="PLET" c="W">OK</w>
   <w nite:id="Bed016.w.2,327" starttime="521.62" endtime="521.62" c=".">.</w>
   <w nite:id="Bed016.w.2,328" starttime="523.02" endtime="523.25" c="W">Yeah</w>
   <w nite:id="Bed016.w.2,329" starttime="523.25" endtime="523.25" c=".">.</w>
   <w nite:id="Bed016.w.2,330" starttime="525.53" endtime="525.68" c="W">Well</w>
   <w nite:id="Bed016.w.2,331" starttime="525.68" endtime="525.68" c="CM">,</w>
   <w nite:id="Bed016.w.2,332" starttime="525.68" endtime="525.74" c="TRUNCW">i</w>
   <w nite:id="Bed016.w.2,333" starttime="525.74" endtime="526.23" c="W">it</w>
   <w nite:id="Bed016.w.2,334" starttime="526.23" endtime="526.23" c="CM">,</w>
   <w nite:id="Bed016.w.2,335" starttime="526.23" endtime="526.38" c="W">you</w>
   <w nite:id="Bed016.w.2,336" starttime="526.38" endtime="526.68" c="W">know</w>
   <w nite:id="Bed016.w.2,337" starttime="526.68" endtime="526.68" c=".">.</w>
   <w nite:id="Bed016.w.2,338" starttime="528.15" endtime="528.33" c="W">Maybe</w>
   <w nite:id="Bed016.w.2,339" starttime="528.33" endtime="528.69" c="W">twelve</w>
   <w nite:id="Bed016.w.2,340" starttime="528.69" endtime="528.69" c=".">.</w>
   <w nite:id="Bed016.w.2,416" starttime="554.78" endtime="555.1" c="TRUNCW">I</w>
   <w nite:id="Bed016.w.2,417" starttime="555.1" endtime="555.31" c="W">I</w>
   <w nite:id="Bed016.w.2,418" starttime="555.31" endtime="555.44" c="W">can</w>
   <w nite:id="Bed016.w.2,419" starttime="555.44" endtime="555.65" c="W">hear</w>
   <w nite:id="Bed016.w.2,420" starttime="555.65" endtime="555.73" c="W">it</w>
   <w nite:id="Bed016.w.2,421" starttime="555.73" endtime="555.73" c=".">.</w>
   <w nite:id="Bed016.w.2,431" starttime="556.95" endtime="557.01" c="W">They</w>
   <w nite:id="Bed016.w.2,432" starttime="557.01" endtime="557.15" c="W">might</w>
   <w nite:id="Bed016.w.2,433" starttime="557.15" endtime="557.3" c="W">not</w>
   <w nite:id="Bed016.w.2,434" starttime="557.3" endtime="557.57" c="W">hear</w>
   <w nite:id="Bed016.w.2,435" starttime="557.57" endtime="557.63" c="W">it</w>
   <w nite:id="Bed016.w.2,436" starttime="557.63" endtime="557.8" c="W">in</w>
   <w nite:id="Bed016.w.2,437" starttime="557.8" endtime="558.06" c="W">the</w>
   <disfmarker nite:id="Bed016.disfmarker.45" starttime="" endtime=""/>
   <w nite:id="Bed016.w.2,438" starttime="559.7" endtime="559.79" c="W">well</w>
   <w nite:id="Bed016.w.2,439" starttime="559.79" endtime="559.92" c="W">maybe</w>
   <w nite:id="Bed016.w.2,440" starttime="559.92" endtime="560.02" c="W">they</w>
   <w nite:id="Bed016.w.2,441" starttime="560.02" endtime="560.3" c="W">will</w>
   <w nite:id="Bed016.w.2,442" starttime="560.3" endtime="560.3" c=".">.</w>
   <w nite:id="Bed016.w.2,443" starttime="560.3" endtime="560.35" c="W">I</w>
   <w nite:id="Bed016.w.2,444" starttime="560.35" endtime="560.58" c="W">don't</w>
   <w nite:id="Bed016.w.2,445" starttime="560.58" endtime="560.7" c="W">know</w>
   <w nite:id="Bed016.w.2,446" starttime="560.7" endtime="560.7" c=".">.</w>
   <vocalsound nite:id="Bed016.vocalsound.91" starttime="" endtime="" description="laugh"/>
   <vocalsound nite:id="Bed016.vocalsound.111" starttime="" endtime="" description="breath"/>
   <vocalsound nite:id="Bed016.vocalsound.115" starttime="" endtime="" description="breath"/>
   <vocalsound nite:id="Bed016.vocalsound.127" starttime="" endtime="" description="laugh"/>
   <nonvocalsound nite:id="Bed016.nonvocalsound.6" starttime="" endtime="" description="mike noise"/>
   <w nite:id="Bed016.w.3,859" starttime="1026.8" endtime="1026.89" c="W">Wait</w>
   <w nite:id="Bed016.w.3,860" starttime="1026.89" endtime="1026.89" c="CM">,</w>
   <w nite:id="Bed016.w.3,861" starttime="1026.89" endtime="" c="W">they</w>
   <w nite:id="Bed016.w.3,862" starttime="" endtime="1027.03" c="W">'re</w>
   <w nite:id="Bed016.w.3,863" starttime="1027.03" endtime="1027.39" c="W">building</w>
   <w nite:id="Bed016.w.3,864" starttime="1027.39" endtime="1027.79" c="TRUNCW">a</w>
   <w nite:id="Bed016.w.3,867" starttime="1028.11" endtime="1028.47" c="W">building</w>
   <w nite:id="Bed016.w.3,868" starttime="1028.47" endtime="1028.55" c="W">in</w>
   <w nite:id="Bed016.w.3,869" starttime="1028.55" endtime="1028.62" c="W">the</w>
   <w nite:id="Bed016.w.3,870" starttime="1028.62" endtime="1028.8" c="W">shape</w>
   <w nite:id="Bed016.w.3,871" starttime="1028.88" endtime="1028.95" c="W">of</w>
   <w nite:id="Bed016.w.3,872" starttime="1028.95" endtime="1029.37" t="PLET" c="W">DNA</w>
   <w nite:id="Bed016.w.3,873" starttime="1029.37" endtime="1029.37" c="CM">,</w>
   <w nite:id="Bed016.w.3,874" starttime="1029.37" endtime="1029.43" c="W">is</w>
   <w nite:id="Bed016.w.3,875" starttime="1029.43" endtime="1029.54" c="W">that</w>
   <w nite:id="Bed016.w.3,876" starttime="1029.54" endtime="1029.63" c="W">what</w>
   <w nite:id="Bed016.w.3,877" starttime="1029.63" endtime="1029.69" c="W">you</w>
   <w nite:id="Bed016.w.3,878" starttime="1029.69" endtime="1030.13" c="W">said</w>
   <w nite:id="Bed016.w.3,879" starttime="1030.13" endtime="1030.13" c=".">?</w>
   <vocalsound nite:id="Bed016.vocalsound.139" starttime="" endtime="" description="laugh"/>
   <w nite:id="Bed016.w.3,938" starttime="1046.85" endtime="1046.94" c="TRUNCW">Y</w>
   <w nite:id="Bed016.w.3,939" starttime="1046.94" endtime="1047.06" c="W">You</w>
   <w nite:id="Bed016.w.3,940" starttime="1047.06" endtime="1047.33" c="W">definitely</w>
   <w nite:id="Bed016.w.3,941" starttime="1047.33" endtime="1047.55" c="W">wanna</w>
   <w nite:id="Bed016.w.3,942" starttime="1047.55" endtime="1047.63" c="TRUNCW">w</w>
   <w nite:id="Bed016.w.3,943" starttime="1047.63" endtime="1047.81" c="W">don't</w>
   <w nite:id="Bed016.w.3,944" starttime="1047.81" endtime="1048.03" c="W">wanna</w>
   <w nite:id="Bed016.w.3,945" starttime="1048.03" endtime="1048.21" c="W">waste</w>
   <w nite:id="Bed016.w.3,946" starttime="1048.21" endtime="1048.32" c="W">that</w>
   <w nite:id="Bed016.w.3,947" starttime="1048.32" endtime="1048.56" c="W">money</w>
   <w nite:id="Bed016.w.3,948" starttime="1048.56" endtime="1048.64" c="W">on</w>
   <w nite:id="Bed016.w.3,949" starttime="1048.64" endtime="1049.21" c="W">research</w>
   <w nite:id="Bed016.w.3,950" starttime="1049.21" endtime="1049.21" c="CM">,</w>
   <w nite:id="Bed016.w.3,951" starttime="1049.37" endtime="1049.88" c="W">you</w>
   <w nite:id="Bed016.w.3,952" starttime="1049.88" endtime="1050.21" c="W">know</w>
   <w nite:id="Bed016.w.3,953" starttime="1050.21" endtime="1050.21" c=".">?</w>
   <w nite:id="Bed016.w.3,960" starttime="1051.16" endtime="" c="W">That</w>
   <w nite:id="Bed016.w.3,961" starttime="" endtime="1051.28" c="APOSS">'s</w>
   <w nite:id="Bed016.w.3,962" starttime="1051.28" endtime="1051.7" c="W">horrible</w>
   <w nite:id="Bed016.w.3,963" starttime="1051.7" endtime="1051.7" c=".">.</w>
   <vocalsound nite:id="Bed016.vocalsound.149" starttime="" endtime="" description="laugh"/>
   <vocalsound nite:id="Bed016.vocalsound.151" starttime="" endtime="" description="laugh"/>
   <vocalsound nite:id="Bed016.vocalsound.153" starttime="" endtime="" description="laugh"/>
   <vocalsound nite:id="Bed016.vocalsound.157" starttime="" endtime="" description="laugh"/>
   <vocalsound nite:id="Bed016.vocalsound.161" starttime="" endtime="" description="laugh"/>
   <w nite:id="Bed016.w.4,866" starttime="1375.35" endtime="1375.47" c="W">So</w>
   <w nite:id="Bed016.w.4,867" starttime="1375.47" endtime="1375.57" c="W">does</w>
   <w nite:id="Bed016.w.4,868" starttime="1375.57" endtime="1375.68" c="W">that</w>
   <w nite:id="Bed016.w.4,869" starttime="1375.68" endtime="1375.83" c="W">mean</w>
   <w nite:id="Bed016.w.4,870" starttime="1375.83" endtime="1376.02" c="W">instead</w>
   <w nite:id="Bed016.w.4,871" starttime="1376.02" endtime="1376.09" c="W">of</w>
   <w nite:id="Bed016.w.4,872" starttime="1376.09" endtime="1376.34" c="W">having</w>
   <w nite:id="Bed016.w.4,873" starttime="1376.34" endtime="1376.53" c="W">tons</w>
   <w nite:id="Bed016.w.4,874" starttime="1376.53" endtime="1376.62" c="W">and</w>
   <w nite:id="Bed016.w.4,875" starttime="1376.62" endtime="1376.77" c="W">tons</w>
   <w nite:id="Bed016.w.4,876" starttime="1376.77" endtime="1376.84" c="W">of</w>
   <w nite:id="Bed016.w.4,877" starttime="1376.84" endtime="1377.11" c="W">rules</w>
   <w nite:id="Bed016.w.4,878" starttime="1377.11" endtime="1377.22" c="W">in</w>
   <w nite:id="Bed016.w.4,879" starttime="1377.22" endtime="1377.44" c="W">your</w>
   <w nite:id="Bed016.w.4,880" starttime="1378.01" endtime="" c="W">context</w>
   <w nite:id="Bed016.w.4,881" starttime="" endtime="" c="HYPH">-</w>
   <w nite:id="Bed016.w.4,882" starttime="" endtime="1378.36" c="W">free</w>
   <w nite:id="Bed016.w.4,883" starttime="1378.36" endtime="1378.76" c="W">grammar</w>
   <w nite:id="Bed016.w.4,884" starttime="1379.47" endtime="1379.53" c="W">you</w>
   <w nite:id="Bed016.w.4,885" starttime="1379.53" endtime="1379.73" c="W">just</w>
   <w nite:id="Bed016.w.4,886" starttime="1379.73" endtime="1380.02" c="W">have</w>
   <w nite:id="Bed016.w.4,887" starttime="1381.55" endtime="1381.72" c="W">these</w>
   <w nite:id="Bed016.w.4,888" starttime="1381.85" endtime="1382.23" c="W">base</w>
   <w nite:id="Bed016.w.4,889" starttime="1382.23" endtime="1382.74" c="W">constructs</w>
   <w nite:id="Bed016.w.4,890" starttime="1382.74" endtime="1382.86" c="W">and</w>
   <w nite:id="Bed016.w.4,891" starttime="1382.86" endtime="1383.08" c="W">then</w>
   <w nite:id="Bed016.w.4,892" starttime="1383.08" endtime="1383.19" c="W">a</w>
   <w nite:id="Bed016.w.4,893" starttime="1383.19" endtime="1383.46" c="W">general</w>
   <w nite:id="Bed016.w.4,894" starttime="1383.46" endtime="1383.89" c="W">mechanism</w>
   <w nite:id="Bed016.w.4,895" starttime="1383.89" endtime="1384.1" c="W">for</w>
   <w nite:id="Bed016.w.4,896" starttime="1384.34" endtime="1384.83" c="W">coercing</w>
   <w nite:id="Bed016.w.4,897" starttime="1384.83" endtime="1385.1" c="W">them</w>
   <w nite:id="Bed016.w.4,898" starttime="1385.1" endtime="1385.1" c=".">.</w>
   <w nite:id="Bed016.w.4,964" starttime="1407.78" endtime="1408.26" c="W">Mmm</w>
   <w nite:id="Bed016.w.4,965" starttime="1408.26" endtime="1408.26" c=".">.</w>
   <w nite:id="Bed016.w.5,014" starttime="1425.19" endtime="1425.44" c="W">Right</w>
   <w nite:id="Bed016.w.5,015" starttime="1425.44" endtime="1425.44" c=".">.</w>
   <w nite:id="Bed016.w.5,029" starttime="1430.03" endtime="1430.26" c="W">So</w>
   <w nite:id="Bed016.w.5,030" starttime="1430.26" endtime="1430.47" c="W">with</w>
   <w nite:id="Bed016.w.5,031" starttime="1430.47" endtime="1430.8" c="W">construal</w>
   <w nite:id="Bed016.w.5,032" starttime="1430.8" endtime="1430.86" c="W">you</w>
   <w nite:id="Bed016.w.5,033" starttime="1430.86" endtime="1430.99" c="W">don't</w>
   <w nite:id="Bed016.w.5,034" starttime="1430.99" endtime="1431.08" c="W">have</w>
   <w nite:id="Bed016.w.5,035" starttime="1431.08" endtime="1431.17" c="W">to</w>
   <w nite:id="Bed016.w.5,036" starttime="1431.17" endtime="1431.33" c="W">have</w>
   <w nite:id="Bed016.w.5,037" starttime="1431.33" endtime="1431.37" c="W">a</w>
   <w nite:id="Bed016.w.5,038" starttime="1431.37" endtime="1431.81" c="W">construction</w>
   <w nite:id="Bed016.w.5,039" starttime="1431.81" endtime="1431.9" c="W">for</w>
   <w nite:id="Bed016.w.5,040" starttime="1431.9" endtime="1432.07" c="W">every</w>
   <w nite:id="Bed016.w.5,041" starttime="1432.07" endtime="1432.44" c="W">possible</w>
   <w nite:id="Bed016.w.5,042" starttime="1432.44" endtime="1432.57" c="W">thing</w>
   <w nite:id="Bed016.w.5,043" starttime="1432.57" endtime="1432.66" c="W">that</w>
   <w nite:id="Bed016.w.5,044" starttime="1432.66" endtime="1432.79" c="W">can</w>
   <w nite:id="Bed016.w.5,045" starttime="1432.79" endtime="1432.95" c="W">fill</w>
   <w nite:id="Bed016.w.5,046" starttime="1432.95" endtime="1433.01" c="W">the</w>
   <w nite:id="Bed016.w.5,047" starttime="1433.01" endtime="1433.27" c="W">rule</w>
   <w nite:id="Bed016.w.5,048" starttime="1433.27" endtime="1433.27" c=".">.</w>
   <w nite:id="Bed016.w.5,361" starttime="1545.87" endtime="1545.93" c="W">You</w>
   <w nite:id="Bed016.w.5,362" starttime="1545.93" endtime="1546.06" c="W">con</w>
   <disfmarker nite:id="Bed016.disfmarker.143" starttime="" endtime=""/>
   <w nite:id="Bed016.w.5,363" starttime="1546.06" endtime="1546.21" c="W">you</w>
   <w nite:id="Bed016.w.5,364" starttime="1546.21" endtime="1546.65" c="W">conditioned</w>
   <w nite:id="Bed016.w.5,365" starttime="1546.65" endtime="1546.76" c="W">me</w>
   <w nite:id="Bed016.w.5,366" starttime="1546.76" endtime="1546.87" c="W">with</w>
   <w nite:id="Bed016.w.5,367" starttime="1546.87" endtime="1546.96" c="W">your</w>
   <w nite:id="Bed016.w.5,368" starttime="1546.96" endtime="1547.19" c="W">first</w>
   <w nite:id="Bed016.w.5,369" starttime="1547.19" endtime="1547.44" c="W">sentence</w>
   <w nite:id="Bed016.w.5,370" starttime="1547.44" endtime="1547.44" c="CM">,</w>
   <w nite:id="Bed016.w.5,371" starttime="1547.44" endtime="1547.54" c="W">and</w>
   <w nite:id="Bed016.w.5,372" starttime="1547.54" endtime="1547.69" c="W">so</w>
   <w nite:id="Bed016.w.5,373" starttime="1547.69" endtime="1547.77" c="W">I</w>
   <w nite:id="Bed016.w.5,374" starttime="1547.77" endtime="1548.03" c="W">thought</w>
   <w nite:id="Bed016.w.5,375" starttime="1548.03" endtime="1548.03" c="CM">,</w>
   <w nite:id="Bed016.w.5,376" starttime="" endtime="" c="LQUOTE" qut="D">"</w>
   <w nite:id="Bed016.w.5,377" starttime="1548.03" endtime="1548.24" c="W">Why</w>
   <w nite:id="Bed016.w.5,378" starttime="1548.24" endtime="1548.37" c="W">would</w>
   <w nite:id="Bed016.w.5,379" starttime="1548.37" endtime="1548.43" c="W">he</w>
   <w nite:id="Bed016.w.5,380" starttime="1548.43" endtime="1548.67" c="W">walk</w>
   <w nite:id="Bed016.w.5,381" starttime="1548.67" endtime="1548.89" c="W">into</w>
   <w nite:id="Bed016.w.5,382" starttime="1548.89" endtime="1548.97" c="W">the</w>
   <w nite:id="Bed016.w.5,383" starttime="1548.97" endtime="1549.49" c="W">cafe</w>
   <w nite:id="Bed016.w.5,384" starttime="1549.49" endtime="1549.63" c="W">and</w>
   <w nite:id="Bed016.w.5,385" starttime="1549.63" endtime="1549.91" c="W">then</w>
   <w nite:id="Bed016.w.5,386" starttime="1550.6" endtime="1550.86" c="W">somehow</w>
   <w nite:id="Bed016.w.5,387" starttime="1550.86" endtime="1551.09" c="W">break</w>
   <w nite:id="Bed016.w.5,388" starttime="1551.09" endtime="1551.24" c="W">his</w>
   <w nite:id="Bed016.w.5,389" starttime="1551.24" endtime="1551.68" c="W">nose</w>
   <w nite:id="Bed016.w.5,390" starttime="1551.68" endtime="1551.68" c=".">?</w>
   <w nite:id="Bed016.w.5,391" starttime="" endtime="" c="RQUOTE" qut="D">"</w>
   <w nite:id="Bed016.w.5,392" starttime="1551.68" endtime="1551.8" c="W">uh</w>
   <w nite:id="Bed016.w.5,393" starttime="1551.8" endtime="1551.8" c="CM">,</w>
   <w nite:id="Bed016.w.5,401" starttime="1552.54" endtime="1552.57" c="W">oh</w>
   <w nite:id="Bed016.w.5,402" starttime="1552.57" endtime="1552.57" c="CM">,</w>
   <w nite:id="Bed016.w.5,403" starttime="1552.57" endtime="1552.75" c="W">uh</w>
   <disfmarker nite:id="Bed016.disfmarker.144" starttime="" endtime=""/>
   <vocalsound nite:id="Bed016.vocalsound.193" starttime="" endtime="" description="laugh"/>
   <w nite:id="Bed016.w.5,498" starttime="1578.98" endtime="1579.23" c="W">Cars</w>
   <w nite:id="Bed016.w.5,499" starttime="1579.23" endtime="1579.37" c="W">run</w>
   <w nite:id="Bed016.w.5,500" starttime="1579.37" endtime="1579.5" c="W">into</w>
   <w nite:id="Bed016.w.5,501" starttime="1579.5" endtime="1579.93" c="W">telephone</w>
   <w nite:id="Bed016.w.5,502" starttime="1579.93" endtime="1580.16" c="W">poles</w>
   <w nite:id="Bed016.w.5,503" starttime="1580.16" endtime="1580.29" c="W">all</w>
   <w nite:id="Bed016.w.5,504" starttime="1580.29" endtime="1580.35" c="W">the</w>
   <w nite:id="Bed016.w.5,505" starttime="1580.35" endtime="1580.81" c="W">time</w>
   <w nite:id="Bed016.w.5,506" starttime="1580.81" endtime="1580.81" c=".">.</w>
   <vocalsound nite:id="Bed016.vocalsound.200" starttime="" endtime="" description="laugh"/>
   <vocalsound nite:id="Bed016.vocalsound.211" starttime="" endtime="" description="laugh"/>
   <w nite:id="Bed016.w.5,785" starttime="1648.06" endtime="1648.12" c="W">You</w>
   <w nite:id="Bed016.w.5,786" starttime="1648.12" endtime="1648.21" c="W">should</w>
   <w nite:id="Bed016.w.5,787" starttime="1648.21" endtime="1648.3" c="W">get</w>
   <w nite:id="Bed016.w.5,788" starttime="1648.3" endtime="1648.33" c="W">a</w>
   <w nite:id="Bed016.w.5,789" starttime="1648.33" endtime="" c="LET">T</w>
   <w nite:id="Bed016.w.5,790" starttime="" endtime="" c="HYPH">-</w>
   <w nite:id="Bed016.w.5,791" starttime="" endtime="1648.67" c="W">shirt</w>
   <w nite:id="Bed016.w.5,792" starttime="1648.67" endtime="1648.8" c="W">that</w>
   <w nite:id="Bed016.w.5,793" starttime="1648.8" endtime="1648.99" c="W">says</w>
   <w nite:id="Bed016.w.5,794" starttime="1648.99" endtime="1649.23" c="W">that</w>
   <w nite:id="Bed016.w.5,795" starttime="1649.23" endtime="1649.23" c=".">.</w>
   <vocalsound nite:id="Bed016.vocalsound.217" starttime="" endtime="" description="laugh"/>
   <vocalsound nite:id="Bed016.vocalsound.222" starttime="" endtime="" description="laugh"/>
   <w nite:id="Bed016.w.7,397" starttime="2002.24" endtime="" c="W">It</w>
   <w nite:id="Bed016.w.7,398" starttime="" endtime="2002.33" c="APOSS">'s</w>
   <w nite:id="Bed016.w.7,399" starttime="2002.33" endtime="2002.36" c="W">a</w>
   <w nite:id="Bed016.w.7,400" starttime="2002.36" endtime="" c="W">speech</w>
   <w nite:id="Bed016.w.7,401" starttime="" endtime="" c="HYPH">-</w>
   <w nite:id="Bed016.w.7,402" starttime="" endtime="2003.03" c="W">act</w>
   <w nite:id="Bed016.w.7,403" starttime="2003.03" endtime="2003.03" c=".">.</w>
   <vocalsound nite:id="Bed016.vocalsound.247" starttime="" endtime="" description="laugh"/>
   <w nite:id="Bed016.w.7,678" starttime="2074.77" endtime="2074.92" c="W">About</w>
   <w nite:id="Bed016.w.7,679" starttime="2074.92" endtime="2075.47" c="W">Plato</w>
   <w nite:id="Bed016.w.7,680" starttime="2075.47" endtime="2075.57" c="W">and</w>
   <w nite:id="Bed016.w.7,681" starttime="2075.57" endtime="2075.64" c="W">the</w>
   <w nite:id="Bed016.w.7,682" starttime="2075.64" endtime="2075.92" c="W">book</w>
   <w nite:id="Bed016.w.7,683" starttime="2075.92" endtime="2075.92" c=".">?</w>
   <w nite:id="Bed016.w.7,725" starttime="2081.86" endtime="2082.37" c="W">Oh</w>
   <w nite:id="Bed016.w.7,726" starttime="2082.37" endtime="2082.37" c=".">.</w>
   <vocalsound nite:id="Bed016.vocalsound.268" starttime="" endtime="" description="laugh"/>
   <w nite:id="Bed016.w.8,457" starttime="2320.64" endtime="2321.07" c="TRUNCW">I</w>
   <w nite:id="Bed016.w.8,458" starttime="2321.08" endtime="" c="W">I</w>
   <w nite:id="Bed016.w.8,459" starttime="" endtime="2321.25" c="W">'m</w>
   <w nite:id="Bed016.w.8,460" starttime="2321.25" endtime="2321.55" c="W">really</w>
   <w nite:id="Bed016.w.8,461" starttime="2321.55" endtime="2321.74" c="W">into</w>
   <w nite:id="Bed016.w.8,462" starttime="2321.74" endtime="2322.13" c="W">art</w>
   <w nite:id="Bed016.w.8,463" starttime="2322.13" endtime="2322.13" c=".">.</w>
   <w nite:id="Bed016.w.8,464" starttime="2322.38" endtime="2322.5" c="W">Uh</w>
   <disfmarker nite:id="Bed016.disfmarker.290" starttime="" endtime=""/>
   <vocalsound nite:id="Bed016.vocalsound.278" starttime="" endtime="" description="laugh"/>
   <vocalsound nite:id="Bed016.vocalsound.281" starttime="" endtime="" description="laugh"/>
   <w nite:id="Bed016.w.8,720" starttime="2384.63" endtime="2384.71" c="W">I</w>
   <w nite:id="Bed016.w.8,721" starttime="2384.71" endtime="2385.0" c="W">love</w>
   <w nite:id="Bed016.w.8,722" starttime="2385.0" endtime="2385.32" c="W">Van</w>
   <w nite:id="Bed016.w.8,723" starttime="2385.32" endtime="2385.64" c="W">Gogh</w>
   <w nite:id="Bed016.w.8,724" starttime="2385.64" endtime="2385.64" c=".">.</w>
   <vocalsound nite:id="Bed016.vocalsound.283" starttime="" endtime="" description="laugh"/>
   <vocalsound nite:id="Bed016.vocalsound.288" starttime="" endtime="" description="laugh"/>
   <vocalsound nite:id="Bed016.vocalsound.289" starttime="" endtime="" description="laugh"/>
   <vocalsound nite:id="Bed016.vocalsound.294" starttime="" endtime="" description="laugh"/>
   <vocalsound nite:id="Bed016.vocalsound.295" starttime="" endtime="" description="inbreath"/>
   <w nite:id="Bed016.w.9,270" starttime="2581.79" endtime="2581.85" c="W">For</w>
   <w nite:id="Bed016.w.9,271" starttime="2581.85" endtime="2582.03" c="W">some</w>
   <w nite:id="Bed016.w.9,272" starttime="2582.03" endtime="2582.2" c="W">reason</w>
   <w nite:id="Bed016.w.9,273" starttime="2582.2" endtime="2582.3" c="W">when</w>
   <w nite:id="Bed016.w.9,274" starttime="2582.3" endtime="2582.37" c="W">you</w>
   <w nite:id="Bed016.w.9,275" starttime="2582.37" endtime="2582.56" c="W">said</w>
   <w nite:id="Bed016.w.9,276" starttime="" endtime="" c="LQUOTE" qut="D">"</w>
   <w nite:id="Bed016.w.9,277" starttime="2582.56" endtime="2582.96" c="W">feedback</w>
   <w nite:id="Bed016.w.9,278" starttime="2582.96" endtime="2583.6" c="W">electronically</w>
   <w nite:id="Bed016.w.9,279" starttime="2583.6" endtime="2583.6" c="RQUOTE" qut="D">"</w>
   <w nite:id="Bed016.w.9,280" starttime="2583.6" endtime="2583.65" c="W">I</w>
   <w nite:id="Bed016.w.9,281" starttime="2583.65" endtime="2583.88" c="W">thought</w>
   <w nite:id="Bed016.w.9,282" starttime="2583.88" endtime="2583.98" c="W">of</w>
   <w nite:id="Bed016.w.9,283" starttime="2583.98" endtime="2584.27" c="W">that</w>
   <disfmarker nite:id="Bed016.disfmarker.330" starttime="" endtime=""/>
   <w nite:id="Bed016.w.9,284" starttime="2584.33" endtime="2584.43" c="W">you</w>
   <w nite:id="Bed016.w.9,285" starttime="2584.63" endtime="2584.77" c="W">ever</w>
   <w nite:id="Bed016.w.9,286" starttime="2584.77" endtime="2584.88" c="W">see</w>
   <w nite:id="Bed016.w.9,287" starttime="2584.88" endtime="2584.94" c="W">the</w>
   <w nite:id="Bed016.w.9,288" starttime="2584.94" endtime="2585.31" c="W">Simpsons</w>
   <w nite:id="Bed016.w.9,289" starttime="2585.31" endtime="2585.44" c="W">where</w>
   <w nite:id="Bed016.w.9,290" starttime="2585.44" endtime="" c="W">they</w>
   <w nite:id="Bed016.w.9,291" starttime="" endtime="2585.74" c="W">'re</w>
   <disfmarker nite:id="Bed016.disfmarker.331" starttime="" endtime=""/>
   <w nite:id="Bed016.w.9,292" starttime="2585.84" endtime="2586.0" c="W">like</w>
   <w nite:id="Bed016.w.9,293" starttime="2586.0" endtime="2586.09" c="W">the</w>
   <w nite:id="Bed016.w.9,294" starttime="2586.09" endtime="" c="W">family</w>
   <w nite:id="Bed016.w.9,295" starttime="" endtime="2586.48" c="APOSS">'s</w>
   <w nite:id="Bed016.w.9,296" starttime="2586.48" endtime="2586.64" c="W">got</w>
   <w nite:id="Bed016.w.9,297" starttime="2586.64" endtime="2586.73" c="W">the</w>
   <w nite:id="Bed016.w.9,298" starttime="2586.73" endtime="2587.27" c="W">buzzers</w>
   <w nite:id="Bed016.w.9,299" starttime="2587.57" endtime="2587.66" c="W">and</w>
   <w nite:id="Bed016.w.9,300" starttime="2587.66" endtime="2587.77" c="W">they</w>
   <w nite:id="Bed016.w.9,301" starttime="2587.77" endtime="2588.0" c="W">buzz</w>
   <w nite:id="Bed016.w.9,302" starttime="2588.0" endtime="2588.17" c="W">each</w>
   <w nite:id="Bed016.w.9,303" starttime="2588.17" endtime="2588.45" c="W">other</w>
   <w nite:id="Bed016.w.9,304" starttime="2588.61" endtime="2588.78" c="W">when</w>
   <w nite:id="Bed016.w.9,305" starttime="2588.78" endtime="2588.86" c="W">they</w>
   <w nite:id="Bed016.w.9,306" starttime="2588.86" endtime="2589.05" c="W">don't</w>
   <w nite:id="Bed016.w.9,307" starttime="2589.05" endtime="2589.21" c="W">like</w>
   <w nite:id="Bed016.w.9,308" starttime="2589.21" endtime="2589.3" c="W">what</w>
   <w nite:id="Bed016.w.9,309" starttime="2589.3" endtime="2589.36" c="W">the</w>
   <w nite:id="Bed016.w.9,310" starttime="2589.36" endtime="2589.52" c="W">other</w>
   <w nite:id="Bed016.w.9,311" starttime="2589.52" endtime="2589.68" c="W">one</w>
   <w nite:id="Bed016.w.9,312" starttime="2589.68" endtime="2589.77" c="W">is</w>
   <w nite:id="Bed016.w.9,313" starttime="2589.77" endtime="2590.24" c="W">saying</w>
   <w nite:id="Bed016.w.9,314" starttime="2590.24" endtime="2590.24" c=".">?</w>
   <w nite:id="Bed016.w.9,332" starttime="2594.09" endtime="2594.15" c="W">It</w>
   <w nite:id="Bed016.w.9,333" starttime="2594.15" endtime="2594.38" c="W">was</w>
   <w nite:id="Bed016.w.9,334" starttime="2594.38" endtime="2594.41" c="W">a</w>
   <w nite:id="Bed016.w.9,335" starttime="2594.41" endtime="2594.69" c="W">very</w>
   <w nite:id="Bed016.w.9,336" starttime="2594.69" endtime="2594.82" c="W">early</w>
   <w nite:id="Bed016.w.9,337" starttime="2594.82" endtime="2594.98" c="W">one</w>
   <w nite:id="Bed016.w.9,338" starttime="2594.98" endtime="2594.98" c=".">.</w>
   <w nite:id="Bed016.w.9,339" starttime="2594.98" endtime="2595.01" c="W">I</w>
   <w nite:id="Bed016.w.9,340" starttime="2595.01" endtime="2595.17" c="W">don't</w>
   <w nite:id="Bed016.w.9,341" starttime="2595.17" endtime="2595.27" c="W">know</w>
   <w nite:id="Bed016.w.9,342" starttime="2595.27" endtime="2595.35" c="W">if</w>
   <w nite:id="Bed016.w.9,343" starttime="2595.35" endtime="" c="W">it</w>
   <w nite:id="Bed016.w.9,344" starttime="" endtime="2595.45" c="APOSS">'s</w>
   <w nite:id="Bed016.w.9,345" starttime="2595.45" endtime="2595.51" c="W">the</w>
   <w nite:id="Bed016.w.9,346" starttime="2595.51" endtime="2595.77" c="W">first</w>
   <w nite:id="Bed016.w.9,347" starttime="2595.77" endtime="2596.09" c="W">one</w>
   <w nite:id="Bed016.w.9,348" starttime="2596.09" endtime="2596.09" c=".">.</w>
</nite:root>