<?xml version="1.0" encoding="ISO-8859-1" standalone="yes"?>
<nite:root nite:id="Bed014.D.words" xmlns:nite="http://nite.sourceforge.net/">
   <w nite:id="Bed014.w.57" starttime="" endtime="" c="SYM">@</w>
   <w nite:id="Bed014.w.58" starttime="" endtime="" c="SYM">@</w>
   <comment nite:id="Bed014.comment.4" starttime="" endtime="" description="uncodeable vocalization"/>
   <nonvocalsound nite:id="Bed014.nonvocalsound.6" starttime="" endtime="" description="mike noise"/>
   <w nite:id="Bed014.w.63" starttime="44.519" endtime="45.319" c="W">Testing</w>
   <w nite:id="Bed014.w.64" starttime="45.319" endtime="45.319" c=".">.</w>
   <comment nite:id="Bed014.comment.5" starttime="" endtime="" description="marked intonation"/>
   <w nite:id="Bed014.w.71" starttime="46.716" endtime="47.176" c="W">Sibilance</w>
   <w nite:id="Bed014.w.72" starttime="47.176" endtime="47.176" c=".">.</w>
   <comment nite:id="Bed014.comment.6" starttime="" endtime="" description="testing mike"/>
   <w nite:id="Bed014.w.73" starttime="48.74" endtime="49.25" c="W">Sibilance</w>
   <w nite:id="Bed014.w.74" starttime="49.25" endtime="49.25" c=".">.</w>
   <comment nite:id="Bed014.comment.7" starttime="" endtime="" description="testing mike"/>
   <pause nite:id="Bed014.pause.4" starttime="" endtime="49.7"/>
   <w nite:id="Bed014.w.75" starttime="49.7" endtime="50.08" c="W">Three</w>
   <w nite:id="Bed014.w.76" starttime="50.08" endtime="50.08" c="CM">,</w>
   <w nite:id="Bed014.w.77" starttime="50.08" endtime="50.46" c="W">three</w>
   <w nite:id="Bed014.w.78" starttime="50.46" endtime="50.46" c=".">.</w>
   <w nite:id="Bed014.w.79" starttime="51.26" endtime="51.67" c="W">I</w>
   <w nite:id="Bed014.w.80" starttime="51.75" endtime="52.08" c="W">am</w>
   <w nite:id="Bed014.w.81" starttime="52.08" endtime="52.56" c="W">three</w>
   <w nite:id="Bed014.w.82" starttime="52.56" endtime="52.56" c=".">.</w>
   <comment nite:id="Bed014.comment.8" starttime="" endtime="" description="testing mike"/>
   <w nite:id="Bed014.w.85" starttime="54.62" endtime="54.75" c="W">See</w>
   <w nite:id="Bed014.w.86" starttime="54.75" endtime="54.75" c="CM">,</w>
   <w nite:id="Bed014.w.87" starttime="54.75" endtime="54.93" c="W">that</w>
   <w nite:id="Bed014.w.88" starttime="54.93" endtime="55.31" c="W">matches</w>
   <w nite:id="Bed014.w.89" starttime="55.31" endtime="55.41" c="W">the</w>
   <w nite:id="Bed014.w.90" starttime="55.41" endtime="55.7" c="W">seat</w>
   <w nite:id="Bed014.w.91" starttime="55.7" endtime="55.85" c="W">up</w>
   <w nite:id="Bed014.w.92" starttime="55.85" endtime="56.09" c="W">there</w>
   <w nite:id="Bed014.w.93" starttime="56.09" endtime="56.09" c=".">.</w>
   <w nite:id="Bed014.w.94" starttime="56.27" endtime="56.33" c="W">So</w>
   <w nite:id="Bed014.w.95" starttime="56.33" endtime="56.33" c=".">.</w>
   <nonvocalsound nite:id="Bed014.nonvocalsound.8" starttime="" endtime="" description="mike noise"/>
   <w nite:id="Bed014.w.110" starttime="60.609" endtime="60.899" c="W">Cuz</w>
   <w nite:id="Bed014.w.111" starttime="60.899" endtime="" c="W">it</w>
   <w nite:id="Bed014.w.112" starttime="" endtime="61.199" c="APOSS">'s</w>
   <disfmarker nite:id="Bed014.disfmarker.3" starttime="" endtime=""/>
   <w nite:id="Bed014.w.113" starttime="62.03" endtime="62.24" c="W">That</w>
   <w nite:id="Bed014.w.114" starttime="62.24" endtime="62.48" c="W">starts</w>
   <w nite:id="Bed014.w.115" starttime="62.48" endtime="62.72" c="W">counting</w>
   <w nite:id="Bed014.w.116" starttime="62.72" endtime="62.89" c="W">from</w>
   <w nite:id="Bed014.w.117" starttime="62.89" endtime="63.22" c="W">zero</w>
   <w nite:id="Bed014.w.118" starttime="63.22" endtime="63.33" c="W">and</w>
   <w nite:id="Bed014.w.119" starttime="63.33" endtime="63.48" c="W">these</w>
   <w nite:id="Bed014.w.120" starttime="63.48" endtime="63.67" c="W">start</w>
   <w nite:id="Bed014.w.121" starttime="63.67" endtime="63.9" c="W">counting</w>
   <w nite:id="Bed014.w.122" starttime="63.9" endtime="64.07" c="W">from</w>
   <w nite:id="Bed014.w.123" starttime="64.07" endtime="64.26" c="W">one</w>
   <w nite:id="Bed014.w.124" starttime="64.26" endtime="64.26" c=".">.</w>
   <vocalsound nite:id="Bed014.vocalsound.7" starttime="" endtime="" description="extended inbreath"/>
   <w nite:id="Bed014.w.125" starttime="68.455" endtime="68.865" c="W">Ergo</w>
   <w nite:id="Bed014.w.126" starttime="68.865" endtime="68.865" c="CM">,</w>
   <w nite:id="Bed014.w.127" starttime="68.865" endtime="69.045" c="W">the</w>
   <w nite:id="Bed014.w.128" starttime="69.045" endtime="69.685" c="W">classic</w>
   <w nite:id="Bed014.w.129" starttime="69.685" endtime="" c="W">off</w>
   <w nite:id="Bed014.w.130" starttime="" endtime="" c="HYPH">-</w>
   <w nite:id="Bed014.w.131" starttime="" endtime="" c="W">by</w>
   <w nite:id="Bed014.w.132" starttime="" endtime="" c="HYPH">-</w>
   <w nite:id="Bed014.w.133" starttime="" endtime="70.465" c="W">one</w>
   <w nite:id="Bed014.w.134" starttime="70.665" endtime="70.755" c="W">error</w>
   <w nite:id="Bed014.w.135" starttime="70.755" endtime="70.755" c=".">.</w>
   <vocalsound nite:id="Bed014.vocalsound.8" starttime="" endtime="" description="outbreath"/>
   <comment nite:id="Bed014.comment.9" starttime="" endtime="" description="mock commentator's voice, as one would find in T_V coverage of sports match"/>
   <w nite:id="Bed014.w.141" starttime="74.37" endtime="74.48" c="W">Is</w>
   <w nite:id="Bed014.w.142" starttime="74.48" endtime="74.59" c="W">it</w>
   <w nite:id="Bed014.w.143" starttime="74.59" endtime="74.59" c=".">?</w>
   <comment nite:id="Bed014.comment.10" starttime="" endtime="" description="to [fe004]"/>
   <w nite:id="Bed014.w.158" starttime="78.139" endtime="78.279" c="W">Your</w>
   <w nite:id="Bed014.w.159" starttime="78.279" endtime="78.599" c="W">mike</w>
   <pause nite:id="Bed014.pause.6" starttime="78.599" endtime="78.739"/>
   <w nite:id="Bed014.w.160" starttime="78.739" endtime="79.069" c="W">number</w>
   <pause nite:id="Bed014.pause.7" starttime="79.069" endtime="79.229"/>
   <w nite:id="Bed014.w.161" starttime="79.229" endtime="79.399" c="W">is</w>
   <w nite:id="Bed014.w.162" starttime="79.399" endtime="79.499" c="W">what</w>
   <w nite:id="Bed014.w.163" starttime="79.499" endtime="" c="W">we</w>
   <w nite:id="Bed014.w.164" starttime="" endtime="79.619" c="W">'re</w>
   <w nite:id="Bed014.w.165" starttime="79.619" endtime="79.679" c="TRUNCW">t</w>
   <comment nite:id="Bed014.comment.13" starttime="" endtime="" description="to [fe004]"/>
   <w nite:id="Bed014.w.174" starttime="81.45" endtime="82.06" c="W">Ho</w>
   <w nite:id="Bed014.w.175" starttime="82.06" endtime="82.06" c=".">!</w>
   <comment nite:id="Bed014.comment.15" starttime="" endtime="" description="joking, mock radio announcer voice"/>
   <w nite:id="Bed014.w.177" starttime="83.182" endtime="" c="W">I</w>
   <w nite:id="Bed014.w.178" starttime="" endtime="83.382" c="W">'ve</w>
   <w nite:id="Bed014.w.179" starttime="83.382" endtime="83.762" c="W">bested</w>
   <w nite:id="Bed014.w.180" starttime="83.762" endtime="83.872" c="W">you</w>
   <w nite:id="Bed014.w.181" starttime="83.872" endtime="84.152" c="W">again</w>
   <w nite:id="Bed014.w.182" starttime="84.152" endtime="84.152" c="CM">,</w>
   <w nite:id="Bed014.w.183" starttime="84.152" endtime="84.672" c="W">Nancy</w>
   <w nite:id="Bed014.w.184" starttime="84.672" endtime="84.672" c=".">.</w>
   <comment nite:id="Bed014.comment.16" starttime="" endtime="" description="while smiling"/>
   <w nite:id="Bed014.w.196" starttime="86.417" endtime="86.497" c="W">The</w>
   <w nite:id="Bed014.w.197" starttime="86.497" endtime="86.767" c="W">paper</w>
   <w nite:id="Bed014.w.198" starttime="86.767" endtime="86.907" c="W">is</w>
   <w nite:id="Bed014.w.199" starttime="86.907" endtime="87.267" c="W">correct</w>
   <w nite:id="Bed014.w.200" starttime="87.267" endtime="87.267" c=".">.</w>
   <w nite:id="Bed014.w.206" starttime="88.373" endtime="88.473" c="W">I</w>
   <w nite:id="Bed014.w.207" starttime="88.473" endtime="88.763" c="W">didn't</w>
   <w nite:id="Bed014.w.208" starttime="88.763" endtime="89.133" c="TRUNCW">det</w>
   <w nite:id="Bed014.w.209" starttime="89.133" endtime="89.263" c="W">I</w>
   <w nite:id="Bed014.w.210" starttime="89.263" endtime="89.413" c="W">was</w>
   <w nite:id="Bed014.w.211" starttime="89.413" endtime="89.723" c="W">saying</w>
   <w nite:id="Bed014.w.212" starttime="89.723" endtime="89.793" c="W">the</w>
   <w nite:id="Bed014.w.213" starttime="89.793" endtime="90.183" c="W">microphone</w>
   <w nite:id="Bed014.w.214" starttime="90.183" endtime="90.183" c="CM">,</w>
   <w nite:id="Bed014.w.215" starttime="90.183" endtime="90.333" c="W">not</w>
   <w nite:id="Bed014.w.216" starttime="90.333" endtime="90.393" c="W">the</w>
   <w nite:id="Bed014.w.217" starttime="90.393" endtime="90.743" c="W">paper</w>
   <w nite:id="Bed014.w.218" starttime="90.743" endtime="90.743" c=".">.</w>
   <vocalsound nite:id="Bed014.vocalsound.11" starttime="" endtime="" description="laugh"/>
   <vocalsound nite:id="Bed014.vocalsound.13" starttime="" endtime="" description="laugh"/>
   <vocalsound nite:id="Bed014.vocalsound.14" starttime="" endtime="" description="laugh"/>
   <w nite:id="Bed014.w.258" starttime="103.0" endtime="103.13" c="W">So</w>
   <w nite:id="Bed014.w.259" starttime="103.13" endtime="103.28" c="W">is</w>
   <w nite:id="Bed014.w.260" starttime="103.28" endtime="103.52" c="W">Keith</w>
   <w nite:id="Bed014.w.261" starttime="103.52" endtime="103.75" c="W">showing</w>
   <w nite:id="Bed014.w.262" starttime="103.75" endtime="103.84" c="W">up</w>
   <w nite:id="Bed014.w.263" starttime="103.84" endtime="103.84" c=".">?</w>
   <w nite:id="Bed014.w.264" starttime="103.84" endtime="" c="W">He</w>
   <w nite:id="Bed014.w.265" starttime="" endtime="103.98" c="APOSS">'s</w>
   <w nite:id="Bed014.w.266" starttime="103.98" endtime="104.25" c="W">talking</w>
   <w nite:id="Bed014.w.267" starttime="104.25" endtime="104.36" c="W">with</w>
   <w nite:id="Bed014.w.268" starttime="104.36" endtime="104.64" c="W">George</w>
   <w nite:id="Bed014.w.269" starttime="104.64" endtime="104.81" c="W">right</w>
   <w nite:id="Bed014.w.270" starttime="104.81" endtime="104.92" c="W">now</w>
   <w nite:id="Bed014.w.271" starttime="104.92" endtime="104.92" c=".">.</w>
   <w nite:id="Bed014.w.272" starttime="104.92" endtime="105.23" c="W">Uh</w>
   <w nite:id="Bed014.w.273" starttime="105.23" endtime="105.23" c="CM">,</w>
   <w nite:id="Bed014.w.274" starttime="105.23" endtime="105.69" c="W">is</w>
   <w nite:id="Bed014.w.275" starttime="105.69" endtime="105.75" c="W">he</w>
   <w nite:id="Bed014.w.276" starttime="105.75" endtime="105.93" c="W">gonna</w>
   <w nite:id="Bed014.w.277" starttime="105.93" endtime="106.02" c="W">get</w>
   <w nite:id="Bed014.w.278" starttime="106.02" endtime="106.07" c="W">a</w>
   <w nite:id="Bed014.w.279" starttime="106.07" endtime="106.26" c="W">rip</w>
   <disfmarker nite:id="Bed014.disfmarker.5" starttime="" endtime=""/>
   <w nite:id="Bed014.w.280" starttime="106.26" endtime="106.36" c="W">uh</w>
   <disfmarker nite:id="Bed014.disfmarker.6" starttime="" endtime=""/>
   <w nite:id="Bed014.w.281" starttime="106.36" endtime="106.6" c="W">rip</w>
   <w nite:id="Bed014.w.282" starttime="106.6" endtime="106.89" c="W">himself</w>
   <w nite:id="Bed014.w.283" starttime="106.89" endtime="107.09" c="W">away</w>
   <w nite:id="Bed014.w.284" starttime="107.09" endtime="107.41" c="W">from</w>
   <disfmarker nite:id="Bed014.disfmarker.7" starttime="" endtime=""/>
   <w nite:id="Bed014.w.297" starttime="108.62" endtime="108.71" c="W">from</w>
   <w nite:id="Bed014.w.298" starttime="108.71" endtime="109.03" c="W">that</w>
   <w nite:id="Bed014.w.299" starttime="109.03" endtime="109.03" c=".">?</w>
   <w nite:id="Bed014.w.307" starttime="112.658" endtime="112.768" c="W">Oh</w>
   <w nite:id="Bed014.w.308" starttime="112.768" endtime="112.768" c="CM">,</w>
   <w nite:id="Bed014.w.309" starttime="112.768" endtime="112.888" c="W">then</w>
   <w nite:id="Bed014.w.310" starttime="112.888" endtime="" c="W">it</w>
   <w nite:id="Bed014.w.311" starttime="" endtime="112.978" c="APOSS">'s</w>
   <w nite:id="Bed014.w.312" starttime="112.978" endtime="113.098" c="W">just</w>
   <w nite:id="Bed014.w.313" starttime="113.098" endtime="113.278" c="W">gonna</w>
   <w nite:id="Bed014.w.314" starttime="113.278" endtime="113.348" c="W">be</w>
   <w nite:id="Bed014.w.315" starttime="113.348" endtime="113.428" c="W">the</w>
   <w nite:id="Bed014.w.316" starttime="113.428" endtime="113.638" c="W">five</w>
   <w nite:id="Bed014.w.317" starttime="113.638" endtime="113.768" c="W">of</w>
   <w nite:id="Bed014.w.318" starttime="113.768" endtime="114.018" c="W">us</w>
   <w nite:id="Bed014.w.319" starttime="114.018" endtime="114.018" c=".">?</w>
   <nonvocalsound nite:id="Bed014.nonvocalsound.12" starttime="" endtime="" description="mike noise"/>
   <vocalsound nite:id="Bed014.vocalsound.17" starttime="" endtime="" description="laugh-breath"/>
   <w nite:id="Bed014.w.526" starttime="187.384" endtime="187.624" c="W">Mmm</w>
   <w nite:id="Bed014.w.527" starttime="187.624" endtime="187.624" c=".">.</w>
   <vocalsound nite:id="Bed014.vocalsound.25" starttime="" endtime="" description="breath"/>
   <w nite:id="Bed014.w.572" starttime="198.02" endtime="198.15" c="W">But</w>
   <w nite:id="Bed014.w.573" starttime="198.15" endtime="" c="W">that</w>
   <w nite:id="Bed014.w.574" starttime="" endtime="198.35" c="APOSS">'s</w>
   <w nite:id="Bed014.w.575" starttime="198.35" endtime="198.48" c="W">some</w>
   <w nite:id="Bed014.w.576" starttime="198.48" endtime="198.68" c="W">sort</w>
   <w nite:id="Bed014.w.577" starttime="198.68" endtime="198.74" c="W">of</w>
   <w nite:id="Bed014.w.578" starttime="198.74" endtime="199.2" c="W">conversion</w>
   <w nite:id="Bed014.w.579" starttime="199.2" endtime="199.59" c="W">program</w>
   <w nite:id="Bed014.w.580" starttime="199.59" endtime="199.59" c=".">?</w>
   <w nite:id="Bed014.w.600" starttime="205.023" endtime="205.083" c="W">I</w>
   <w nite:id="Bed014.w.601" starttime="205.083" endtime="205.233" c="W">think</w>
   <w nite:id="Bed014.w.602" starttime="205.233" endtime="205.293" c="W">you</w>
   <w nite:id="Bed014.w.603" starttime="205.293" endtime="205.443" c="W">should</w>
   <w nite:id="Bed014.w.604" starttime="205.443" endtime="205.843" c="W">demand</w>
   <w nite:id="Bed014.w.605" starttime="205.843" endtime="206.043" c="W">things</w>
   <w nite:id="Bed014.w.606" starttime="206.043" endtime="206.223" c="W">from</w>
   <w nite:id="Bed014.w.607" starttime="206.223" endtime="206.423" c="W">him</w>
   <w nite:id="Bed014.w.608" starttime="206.423" endtime="206.423" c=".">.</w>
   <vocalsound nite:id="Bed014.vocalsound.29" starttime="" endtime="" description="laugh"/>
   <w nite:id="Bed014.w.616" starttime="209.61" endtime="209.85" c="W">Yeah</w>
   <w nite:id="Bed014.w.617" starttime="209.85" endtime="209.85" c=".">.</w>
   <comment nite:id="Bed014.comment.24" starttime="" endtime="" description="while laughing"/>
   <w nite:id="Bed014.w.697" starttime="238.17" endtime="238.37" c="W">So</w>
   <w nite:id="Bed014.w.698" starttime="238.37" endtime="238.54" c="W">the</w>
   <w nite:id="Bed014.w.699" starttime="238.54" endtime="239.03" c="W">trees</w>
   <pause nite:id="Bed014.pause.15" starttime="239.03" endtime="239.56"/>
   <w nite:id="Bed014.w.700" starttime="239.56" endtime="240.16" c="W">for</w>
   <disfmarker nite:id="Bed014.disfmarker.21" starttime="" endtime=""/>
   <w nite:id="Bed014.w.701" starttime="241.53" endtime="241.59" c="W">the</w>
   <w nite:id="Bed014.w.702" starttime="241.59" endtime="241.94" t="PLET" c="W">XML</w>
   <w nite:id="Bed014.w.703" starttime="241.94" endtime="242.42" c="W">trees</w>
   <w nite:id="Bed014.w.704" starttime="242.42" endtime="242.59" c="W">for</w>
   <w nite:id="Bed014.w.705" starttime="242.59" endtime="243.04" c="W">the</w>
   <disfmarker nite:id="Bed014.disfmarker.22" starttime="" endtime=""/>
   <w nite:id="Bed014.w.706" starttime="243.04" endtime="243.2" c="W">for</w>
   <w nite:id="Bed014.w.707" starttime="243.2" endtime="243.31" c="W">the</w>
   <w nite:id="Bed014.w.708" starttime="243.31" endtime="243.55" c="TRUNCW">gene</w>
   <w nite:id="Bed014.w.709" starttime="244.05" endtime="244.14" c="W">for</w>
   <w nite:id="Bed014.w.710" starttime="244.14" endtime="244.31" c="W">the</w>
   <w nite:id="Bed014.w.711" starttime="244.31" endtime="245.08" c="W">synthesizer</w>
   <w nite:id="Bed014.w.712" starttime="245.925" endtime="246.155" c="W">are</w>
   <w nite:id="Bed014.w.713" starttime="246.155" endtime="246.505" c="W">written</w>
   <w nite:id="Bed014.w.714" starttime="246.505" endtime="246.505" c=".">.</w>
   <w nite:id="Bed014.w.715" starttime="246.505" endtime="246.665" c="W">So</w>
   <w nite:id="Bed014.w.716" starttime="246.665" endtime="246.725" c="W">I</w>
   <w nite:id="Bed014.w.717" starttime="246.725" endtime="246.895" c="W">just</w>
   <w nite:id="Bed014.w.718" starttime="246.895" endtime="247.045" c="W">need</w>
   <w nite:id="Bed014.w.719" starttime="247.045" endtime="247.335" c="W">to</w>
   <pause nite:id="Bed014.pause.16" starttime="247.335" endtime="247.995"/>
   <w nite:id="Bed014.w.720" starttime="247.995" endtime="248.155" c="W">do</w>
   <w nite:id="Bed014.w.721" starttime="248.155" endtime="248.405" c="W">the</w>
   <w nite:id="Bed014.w.722" starttime="248.405" endtime="248.405" c="CM">,</w>
   <w nite:id="Bed014.w.723" starttime="248.405" endtime="248.785" c="W">uh</w>
   <disfmarker nite:id="Bed014.disfmarker.23" starttime="" endtime=""/>
   <w nite:id="Bed014.w.724" starttime="248.785" endtime="248.995" c="W">write</w>
   <w nite:id="Bed014.w.725" starttime="248.995" endtime="249.045" c="W">a</w>
   <w nite:id="Bed014.w.726" starttime="249.045" endtime="249.245" c="W">new</w>
   <w nite:id="Bed014.w.727" starttime="249.245" endtime="249.435" c="W">set</w>
   <w nite:id="Bed014.w.728" starttime="249.435" endtime="249.665" c="W">of</w>
   <pause nite:id="Bed014.pause.17" starttime="249.665" endtime="250.395"/>
   <w nite:id="Bed014.w.729" starttime="250.395" endtime="250.555" c="W">tree</w>
   <w nite:id="Bed014.w.730" starttime="250.555" endtime="250.955" c="W">combining</w>
   <w nite:id="Bed014.w.731" starttime="250.955" endtime="251.265" c="W">rules</w>
   <w nite:id="Bed014.w.732" starttime="251.265" endtime="251.265" c=".">.</w>
   <comment nite:id="Bed014.comment.25" starttime="" endtime="" description="rising intonation"/>
   <w nite:id="Bed014.w.733" starttime="251.635" endtime="251.845" c="W">But</w>
   <w nite:id="Bed014.w.734" starttime="252.244" endtime="252.314" c="W">I</w>
   <w nite:id="Bed014.w.735" starttime="252.314" endtime="252.454" c="W">think</w>
   <w nite:id="Bed014.w.736" starttime="252.454" endtime="" c="W">those</w>
   <w nite:id="Bed014.w.737" starttime="" endtime="252.684" c="W">'ll</w>
   <w nite:id="Bed014.w.738" starttime="252.684" endtime="252.874" c="W">be</w>
   <w nite:id="Bed014.w.739" starttime="252.874" endtime="253.154" c="W">pretty</w>
   <w nite:id="Bed014.w.740" starttime="253.154" endtime="253.414" c="W">similar</w>
   <w nite:id="Bed014.w.741" starttime="253.414" endtime="253.494" c="W">to</w>
   <w nite:id="Bed014.w.742" starttime="253.494" endtime="253.594" c="W">the</w>
   <w nite:id="Bed014.w.743" starttime="253.594" endtime="253.734" c="W">old</w>
   <w nite:id="Bed014.w.744" starttime="253.734" endtime="254.034" c="W">ones</w>
   <w nite:id="Bed014.w.745" starttime="254.034" endtime="254.034" c=".">.</w>
   <w nite:id="Bed014.w.746" starttime="255.06" endtime="255.38" c="W">So</w>
   <w nite:id="Bed014.w.747" starttime="255.38" endtime="255.38" c=".">.</w>
   <w nite:id="Bed014.w.748" starttime="256.508" endtime="256.678" c="W">Just</w>
   <w nite:id="Bed014.w.749" starttime="256.678" endtime="256.858" c="W">gonna</w>
   <w nite:id="Bed014.w.750" starttime="256.858" endtime="257.158" c="W">be</w>
   <disfmarker nite:id="Bed014.disfmarker.24" starttime="" endtime=""/>
   <w nite:id="Bed014.w.751" starttime="257.298" endtime="257.408" c="W">you</w>
   <w nite:id="Bed014.w.752" starttime="257.408" endtime="257.628" c="W">know</w>
   <disfmarker nite:id="Bed014.disfmarker.25" starttime="" endtime=""/>
   <w nite:id="Bed014.w.776" starttime="270.67" endtime="270.78" c="W">I</w>
   <w nite:id="Bed014.w.777" starttime="270.78" endtime="270.9" c="W">know</w>
   <w nite:id="Bed014.w.778" starttime="270.9" endtime="270.99" c="W">what</w>
   <w nite:id="Bed014.w.779" starttime="270.99" endtime="" c="W">he</w>
   <w nite:id="Bed014.w.780" starttime="" endtime="271.1" c="APOSS">'s</w>
   <w nite:id="Bed014.w.781" starttime="271.1" endtime="271.35" c="W">talking</w>
   <w nite:id="Bed014.w.782" starttime="271.35" endtime="271.63" c="W">about</w>
   <w nite:id="Bed014.w.783" starttime="271.63" endtime="271.63" c=".">.</w>
   <vocalsound nite:id="Bed014.vocalsound.36" starttime="" endtime="" description="laugh-breath"/>
   <vocalsound nite:id="Bed014.vocalsound.37" starttime="" endtime="" description="laugh"/>
   <w nite:id="Bed014.w.796" starttime="276.894" endtime="276.974" c="W">The</w>
   <w nite:id="Bed014.w.797" starttime="276.974" endtime="277.324" c="W">guy</w>
   <w nite:id="Bed014.w.798" starttime="277.324" endtime="277.324" c=".">.</w>
   <w nite:id="Bed014.w.982" starttime="329.019" endtime="329.239" c="W">What</w>
   <pause nite:id="Bed014.pause.27" starttime="329.239" endtime="329.649"/>
   <w nite:id="Bed014.w.983" starttime="329.649" endtime="329.999" c="W">language</w>
   <w nite:id="Bed014.w.984" starttime="329.999" endtime="330.139" c="W">is</w>
   <w nite:id="Bed014.w.985" starttime="330.139" endtime="330.509" c="W">that</w>
   <pause nite:id="Bed014.pause.28" starttime="330.509" endtime="330.849"/>
   <w nite:id="Bed014.w.986" starttime="330.849" endtime="331.069" c="W">written</w>
   <w nite:id="Bed014.w.987" starttime="331.069" endtime="331.129" c="TRUNCW">i</w>
   <w nite:id="Bed014.w.988" starttime="331.129" endtime="331.219" c="W">Is</w>
   <w nite:id="Bed014.w.989" starttime="331.219" endtime="331.349" c="W">that</w>
   <w nite:id="Bed014.w.990" starttime="331.349" endtime="331.549" c="W">that</w>
   <w nite:id="Bed014.w.991" starttime="331.819" endtime="332.159" c="W">Scheme</w>
   <w nite:id="Bed014.w.992" starttime="332.159" endtime="332.329" c="W">thing</w>
   <w nite:id="Bed014.w.993" starttime="332.329" endtime="332.419" c="W">that</w>
   <w nite:id="Bed014.w.994" starttime="332.419" endtime="332.489" c="W">you</w>
   <w nite:id="Bed014.w.995" starttime="332.489" endtime="332.679" c="W">showed</w>
   <w nite:id="Bed014.w.996" starttime="332.679" endtime="332.819" c="W">me</w>
   <w nite:id="Bed014.w.997" starttime="332.819" endtime="332.819" c=".">?</w>
   <w nite:id="Bed014.w.1,008" starttime="335.429" endtime="335.559" c="W">She</w>
   <w nite:id="Bed014.w.1,009" starttime="335.559" endtime="335.719" c="W">knows</w>
   <w nite:id="Bed014.w.1,010" starttime="335.719" endtime="335.779" c="W">how</w>
   <w nite:id="Bed014.w.1,011" starttime="335.779" endtime="335.839" c="W">to</w>
   <w nite:id="Bed014.w.1,012" starttime="335.839" endtime="336.149" c="W">program</w>
   <w nite:id="Bed014.w.1,013" starttime="336.149" endtime="336.229" c="W">in</w>
   <w nite:id="Bed014.w.1,014" starttime="336.229" endtime="336.619" c="W">Scheme</w>
   <w nite:id="Bed014.w.1,015" starttime="336.619" endtime="336.619" c=".">?</w>
   <pause nite:id="Bed014.pause.29" starttime="336.619" endtime="336.689"/>
   <w nite:id="Bed014.w.1,016" starttime="336.689" endtime="336.819" c="W">I</w>
   <w nite:id="Bed014.w.1,017" starttime="336.819" endtime="337.059" c="W">hope</w>
   <w nite:id="Bed014.w.1,018" starttime="337.059" endtime="337.059" c=".">?</w>
   <w nite:id="Bed014.w.1,070" starttime="352.345" endtime="352.495" c="W">Well</w>
   <w nite:id="Bed014.w.1,071" starttime="352.495" endtime="352.495" c="CM">,</w>
   <w nite:id="Bed014.w.1,072" starttime="352.495" endtime="352.735" c="W">I</w>
   <w nite:id="Bed014.w.1,073" starttime="352.735" endtime="353.045" c="W">guess</w>
   <w nite:id="Bed014.w.1,074" starttime="353.045" endtime="353.205" c="W">if</w>
   <w nite:id="Bed014.w.1,075" starttime="353.205" endtime="" c="W">you</w>
   <w nite:id="Bed014.w.1,076" starttime="" endtime="353.575" c="W">'re</w>
   <w nite:id="Bed014.w.1,077" starttime="353.575" endtime="353.825" c="W">not</w>
   <w nite:id="Bed014.w.1,078" starttime="353.825" endtime="353.995" c="W">used</w>
   <w nite:id="Bed014.w.1,079" starttime="353.995" endtime="354.075" c="W">to</w>
   <w nite:id="Bed014.w.1,080" starttime="354.075" endtime="354.385" c="W">functional</w>
   <w nite:id="Bed014.w.1,081" starttime="354.385" endtime="354.795" c="W">programming</w>
   <w nite:id="Bed014.w.1,082" starttime="354.795" endtime="354.795" c="CM">,</w>
   <w nite:id="Bed014.w.1,083" starttime="354.795" endtime="355.065" c="W">Scheme</w>
   <w nite:id="Bed014.w.1,084" starttime="355.065" endtime="355.195" c="W">can</w>
   <w nite:id="Bed014.w.1,085" starttime="355.195" endtime="355.305" c="W">be</w>
   <w nite:id="Bed014.w.1,086" starttime="355.305" endtime="355.795" c="W">completely</w>
   <w nite:id="Bed014.w.1,087" starttime="355.795" endtime="356.675" c="W">incomprehensible</w>
   <w nite:id="Bed014.w.1,088" starttime="356.675" endtime="356.675" c=".">.</w>
   <w nite:id="Bed014.w.1,089" starttime="357.458" endtime="357.618" c="W">Cuz</w>
   <w nite:id="Bed014.w.1,090" starttime="357.618" endtime="357.618" c="CM">,</w>
   <w nite:id="Bed014.w.1,091" starttime="357.618" endtime="" c="W">there</w>
   <w nite:id="Bed014.w.1,092" starttime="" endtime="357.758" c="APOSS">'s</w>
   <w nite:id="Bed014.w.1,093" starttime="357.758" endtime="358.178" c="W">no</w>
   <disfmarker nite:id="Bed014.disfmarker.35" starttime="" endtime=""/>
   <w nite:id="Bed014.w.1,094" starttime="358.728" endtime="359.018" c="W">Like</w>
   <pause nite:id="Bed014.pause.32" starttime="359.018" endtime="359.378"/>
   <w nite:id="Bed014.w.1,095" starttime="359.378" endtime="" c="W">there</w>
   <w nite:id="Bed014.w.1,096" starttime="" endtime="359.508" c="APOSS">'s</w>
   <w nite:id="Bed014.w.1,097" starttime="359.508" endtime="359.688" c="W">lots</w>
   <w nite:id="Bed014.w.1,098" starttime="359.688" endtime="359.808" c="W">of</w>
   <w nite:id="Bed014.w.1,099" starttime="359.808" endtime="360.158" c="W">unnamed</w>
   <w nite:id="Bed014.w.1,100" starttime="360.158" endtime="360.738" c="W">functions</w>
   <w nite:id="Bed014.w.1,101" starttime="360.738" endtime="361.008" c="W">and</w>
   <disfmarker nite:id="Bed014.disfmarker.36" starttime="" endtime=""/>
   <comment nite:id="Bed014.comment.30" starttime="" endtime="" description="abandoned"/>
   <w nite:id="Bed014.w.1,102" starttime="361.198" endtime="361.328" c="W">You</w>
   <w nite:id="Bed014.w.1,103" starttime="361.328" endtime="361.578" c="W">know</w>
   <w nite:id="Bed014.w.1,104" starttime="361.578" endtime="361.578" c=".">?</w>
   <vocalsound nite:id="Bed014.vocalsound.51" starttime="" endtime="" description="laugh-breath"/>
   <vocalsound nite:id="Bed014.vocalsound.52" starttime="" endtime="" description="laugh-breath"/>
   <vocalsound nite:id="Bed014.vocalsound.53" starttime="" endtime="" description="laugh"/>
   <w nite:id="Bed014.w.1,207" starttime="393.828" endtime="393.878" c="W">Are</w>
   <w nite:id="Bed014.w.1,208" starttime="393.878" endtime="394.008" c="W">we</w>
   <w nite:id="Bed014.w.1,209" starttime="394.008" endtime="394.298" c="W">gonna</w>
   <disfmarker nite:id="Bed014.disfmarker.40" starttime="" endtime=""/>
   <w nite:id="Bed014.w.1,210" starttime="394.448" endtime="394.568" c="W">Can</w>
   <w nite:id="Bed014.w.1,211" starttime="394.568" endtime="394.738" c="W">we</w>
   <w nite:id="Bed014.w.1,212" starttime="394.738" endtime="395.048" c="W">change</w>
   <w nite:id="Bed014.w.1,213" starttime="395.048" endtime="395.128" c="W">the</w>
   <w nite:id="Bed014.w.1,214" starttime="395.128" endtime="395.598" c="W">voice</w>
   <w nite:id="Bed014.w.1,215" starttime="396.101" endtime="396.201" c="W">of</w>
   <w nite:id="Bed014.w.1,216" starttime="396.201" endtime="396.481" c="W">the</w>
   <disfmarker nite:id="Bed014.disfmarker.41" starttime="" endtime=""/>
   <w nite:id="Bed014.w.1,217" starttime="396.481" endtime="396.601" c="W">of</w>
   <w nite:id="Bed014.w.1,218" starttime="396.601" endtime="396.761" c="W">the</w>
   <w nite:id="Bed014.w.1,219" starttime="396.761" endtime="397.071" c="W">thing</w>
   <w nite:id="Bed014.w.1,220" starttime="397.071" endtime="397.071" c="CM">,</w>
   <w nite:id="Bed014.w.1,221" starttime="397.071" endtime="397.351" c="W">because</w>
   <w nite:id="Bed014.w.1,222" starttime="397.351" endtime="397.511" c="W">right</w>
   <w nite:id="Bed014.w.1,223" starttime="397.511" endtime="397.721" c="W">now</w>
   <w nite:id="Bed014.w.1,224" starttime="397.721" endtime="397.801" c="W">the</w>
   <w nite:id="Bed014.w.1,225" starttime="397.801" endtime="397.991" c="W">voice</w>
   <w nite:id="Bed014.w.1,226" starttime="397.991" endtime="398.211" c="W">sounds</w>
   <w nite:id="Bed014.w.1,227" starttime="398.211" endtime="398.321" c="W">like</w>
   <w nite:id="Bed014.w.1,228" starttime="398.321" endtime="398.361" c="W">a</w>
   <w nite:id="Bed014.w.1,229" starttime="398.361" endtime="398.831" c="W">murderer</w>
   <w nite:id="Bed014.w.1,230" starttime="398.831" endtime="398.831" c=".">.</w>
   <w nite:id="Bed014.w.1,247" starttime="401.89" endtime="402.1" c="W">The</w>
   <disfmarker nite:id="Bed014.disfmarker.42" starttime="" endtime=""/>
   <w nite:id="Bed014.w.1,248" starttime="402.1" endtime="402.22" c="W">the</w>
   <w nite:id="Bed014.w.1,249" starttime="402.22" endtime="402.42" c="W">little</w>
   <w nite:id="Bed014.w.1,250" starttime="402.42" endtime="402.88" c="W">Smarticus</w>
   <disfmarker nite:id="Bed014.disfmarker.43" starttime="" endtime=""/>
   <w nite:id="Bed014.w.1,251" starttime="402.88" endtime="403.26" c="W">Smarticus</w>
   <w nite:id="Bed014.w.1,252" starttime="403.26" endtime="403.48" c="W">sounds</w>
   <w nite:id="Bed014.w.1,253" starttime="403.48" endtime="403.61" c="W">like</w>
   <w nite:id="Bed014.w.1,254" starttime="403.61" endtime="403.64" c="W">a</w>
   <w nite:id="Bed014.w.1,255" starttime="403.64" endtime="404.05" c="W">murderer</w>
   <w nite:id="Bed014.w.1,256" starttime="404.05" endtime="404.05" c=".">.</w>
   <w nite:id="Bed014.w.1,265" starttime="406.03" endtime="406.03" c="LQUOTE" qut="D">"</w>
   <w nite:id="Bed014.w.1,266" starttime="406.03" endtime="406.31" c="W">I</w>
   <w nite:id="Bed014.w.1,267" starttime="406.31" endtime="406.54" c="W">have</w>
   <w nite:id="Bed014.w.1,268" starttime="406.54" endtime="406.67" c="W">your</w>
   <w nite:id="Bed014.w.1,269" starttime="406.67" endtime="407.65" c="W">reservations</w>
   <w nite:id="Bed014.w.1,270" starttime="407.65" endtime="407.65" c=".">.</w>
   <w nite:id="Bed014.w.1,271" starttime="" endtime="" c="RQUOTE" qut="D">"</w>
   <comment nite:id="Bed014.comment.38" starttime="" endtime="" description="imitating &quot;murderer&quot; voice quality, deep voice, measured pace"/>
   <vocalsound nite:id="Bed014.vocalsound.68" starttime="" endtime="" description="laugh-breath"/>
   <w nite:id="Bed014.w.1,436" starttime="446.58" endtime="446.77" c="W">Does</w>
   <w nite:id="Bed014.w.1,437" starttime="446.77" endtime="447.13" t="PLET" c="W">OGI</w>
   <w nite:id="Bed014.w.1,438" starttime="447.13" endtime="447.39" c="W">stand</w>
   <w nite:id="Bed014.w.1,439" starttime="447.39" endtime="447.73" c="W">for</w>
   <disfmarker nite:id="Bed014.disfmarker.47" starttime="" endtime=""/>
   <w nite:id="Bed014.w.1,440" starttime="447.73" endtime="447.73" c=".">?</w>
   <comment nite:id="Bed014.comment.46" starttime="" endtime="" description="leading question"/>
   <w nite:id="Bed014.w.1,457" starttime="448.72" endtime="449.22" c="W">Original</w>
   <w nite:id="Bed014.w.1,458" starttime="449.22" endtime="449.5" c="W">German</w>
   <w nite:id="Bed014.w.1,459" starttime="449.5" endtime="450.0" c="W">Institute</w>
   <w nite:id="Bed014.w.1,460" starttime="450.0" endtime="450.0" c=".">?</w>
   <w nite:id="Bed014.w.1,473" starttime="452.222" endtime="452.472" c="W">Oh</w>
   <w nite:id="Bed014.w.1,474" starttime="452.472" endtime="452.472" c=".">.</w>
   <w nite:id="Bed014.w.1,479" starttime="453.972" endtime="454.272" c="W">Ah</w>
   <w nite:id="Bed014.w.1,480" starttime="454.272" endtime="454.272" c=".">.</w>
   <w nite:id="Bed014.w.1,504" starttime="461.04" endtime="461.18" c="W">Hmm</w>
   <w nite:id="Bed014.w.1,505" starttime="461.18" endtime="461.18" c=".">!</w>
   <w nite:id="Bed014.w.1,624" starttime="502.47" endtime="502.59" c="W">How</w>
   <w nite:id="Bed014.w.1,625" starttime="502.59" endtime="502.73" c="W">was</w>
   <w nite:id="Bed014.w.1,626" starttime="502.73" endtime="502.96" c="W">this</w>
   <w nite:id="Bed014.w.1,627" starttime="502.96" endtime="503.11" c="W">by</w>
   <w nite:id="Bed014.w.1,628" starttime="503.11" endtime="503.6" c="W">accident</w>
   <w nite:id="Bed014.w.1,629" starttime="503.6" endtime="503.6" c=".">?</w>
   <vocalsound nite:id="Bed014.vocalsound.86" starttime="" endtime="" description="laugh"/>
   <w nite:id="Bed014.w.1,695" starttime="517.35" endtime="517.48" c="W">Yeah</w>
   <w nite:id="Bed014.w.1,696" starttime="517.48" endtime="517.48" c=".">.</w>
   <vocalsound nite:id="Bed014.vocalsound.93" starttime="" endtime="" description="laugh"/>
   <w nite:id="Bed014.w.1,859" starttime="562.66" endtime="562.83" c="W">I</w>
   <disfmarker nite:id="Bed014.disfmarker.59" starttime="" endtime=""/>
   <w nite:id="Bed014.w.1,860" starttime="562.83" endtime="562.96" c="W">I</w>
   <w nite:id="Bed014.w.1,861" starttime="562.96" endtime="563.13" c="TRUNCW">wa</w>
   <w nite:id="Bed014.w.1,862" starttime="563.29" endtime="563.43" c="W">I</w>
   <w nite:id="Bed014.w.1,863" starttime="563.43" endtime="563.53" c="W">was</w>
   <w nite:id="Bed014.w.1,864" starttime="563.53" endtime="563.75" c="W">looking</w>
   <w nite:id="Bed014.w.1,865" starttime="563.75" endtime="563.85" c="W">at</w>
   <w nite:id="Bed014.w.1,866" starttime="563.85" endtime="563.91" c="W">it</w>
   <w nite:id="Bed014.w.1,867" starttime="563.91" endtime="563.91" c=".">.</w>
   <w nite:id="Bed014.w.1,868" starttime="563.91" endtime="563.97" c="W">It</w>
   <w nite:id="Bed014.w.1,869" starttime="563.97" endtime="564.21" c="W">doesn't</w>
   <w nite:id="Bed014.w.1,870" starttime="564.21" endtime="564.46" c="W">follow</w>
   <w nite:id="Bed014.w.1,871" starttime="564.46" endtime="565.09" c="W">logically</w>
   <w nite:id="Bed014.w.1,872" starttime="565.09" endtime="565.09" c=".">.</w>
   <w nite:id="Bed014.w.1,875" starttime="566.03" endtime="566.09" c="W">It</w>
   <w nite:id="Bed014.w.1,876" starttime="566.09" endtime="566.36" c="W">doesn't</w>
   <disfmarker nite:id="Bed014.disfmarker.60" starttime="" endtime=""/>
   <w nite:id="Bed014.w.1,877" starttime="566.71" endtime="566.8" c="W">The</w>
   <w nite:id="Bed014.w.1,878" starttime="566.8" endtime="567.0" c="W">first</w>
   <w nite:id="Bed014.w.1,879" starttime="567.0" endtime="567.3" c="W">paragraph</w>
   <w nite:id="Bed014.w.1,880" starttime="567.3" endtime="567.52" c="W">doesn't</w>
   <w nite:id="Bed014.w.1,881" starttime="567.52" endtime="567.66" c="W">seem</w>
   <w nite:id="Bed014.w.1,882" starttime="567.66" endtime="567.74" c="W">to</w>
   <w nite:id="Bed014.w.1,883" starttime="567.74" endtime="567.89" c="W">have</w>
   <w nite:id="Bed014.w.1,884" starttime="567.89" endtime="568.04" c="W">any</w>
   <w nite:id="Bed014.w.1,885" starttime="568.04" endtime="568.26" c="W">link</w>
   <w nite:id="Bed014.w.1,886" starttime="568.26" endtime="568.37" c="W">to</w>
   <w nite:id="Bed014.w.1,887" starttime="568.37" endtime="568.49" c="W">the</w>
   <w nite:id="Bed014.w.1,888" starttime="568.49" endtime="568.73" c="W">second</w>
   <w nite:id="Bed014.w.1,889" starttime="568.73" endtime="569.14" c="W">paragraph</w>
   <w nite:id="Bed014.w.1,890" starttime="569.14" endtime="569.14" c=".">.</w>
   <w nite:id="Bed014.w.1,900" starttime="570.61" endtime="570.79" c="W">Yeah</w>
   <w nite:id="Bed014.w.1,901" starttime="570.79" endtime="570.79" c=".">.</w>
   <vocalsound nite:id="Bed014.vocalsound.98" starttime="" endtime="" description="laugh"/>
   <w nite:id="Bed014.w.1,909" starttime="572.58" endtime="572.7" c="W">Each</w>
   <w nite:id="Bed014.w.1,910" starttime="572.7" endtime="573.11" c="W">paragraph</w>
   <w nite:id="Bed014.w.1,911" starttime="573.11" endtime="573.2" c="W">is</w>
   <w nite:id="Bed014.w.1,912" starttime="573.2" endtime="573.37" c="W">good</w>
   <w nite:id="Bed014.w.1,913" starttime="573.37" endtime="573.37" c="CM">,</w>
   <w nite:id="Bed014.w.1,914" starttime="573.37" endtime="573.59" c="W">though</w>
   <w nite:id="Bed014.w.1,915" starttime="573.59" endtime="573.59" c=".">.</w>
   <w nite:id="Bed014.w.1,916" starttime="573.79" endtime="573.93" c="W">I</w>
   <w nite:id="Bed014.w.1,917" starttime="573.93" endtime="573.99" c="TRUNCW">li</w>
   <vocalsound nite:id="Bed014.vocalsound.101" starttime="" endtime="" description="laugh"/>
   <vocalsound nite:id="Bed014.vocalsound.104" starttime="" endtime="" description="laugh"/>
   <vocalsound nite:id="Bed014.vocalsound.117" starttime="" endtime="" description="laugh"/>
   <nonvocalsound nite:id="Bed014.nonvocalsound.19" starttime="" endtime="" description="paper rustling"/>
   <vocalsound nite:id="Bed014.vocalsound.154" starttime="" endtime="" description="laugh-breath"/>
   <w nite:id="Bed014.w.4,912" starttime="1420.37" endtime="1420.83" c="W">Well</w>
   <w nite:id="Bed014.w.4,913" starttime="1420.83" endtime="1420.83" c="CM">,</w>
   <w nite:id="Bed014.w.4,914" starttime="1420.83" endtime="1420.97" c="W">uh</w>
   <w nite:id="Bed014.w.4,915" starttime="1420.97" endtime="1420.97" c="CM">,</w>
   <w nite:id="Bed014.w.4,916" starttime="1420.97" endtime="1421.31" c="W">is</w>
   <w nite:id="Bed014.w.4,917" starttime="1421.45" endtime="1421.51" c="W">it</w>
   <disfmarker nite:id="Bed014.disfmarker.168" starttime="" endtime=""/>
   <w nite:id="Bed014.w.4,918" starttime="1421.67" endtime="1422.07" c="W">doesn't</w>
   <w nite:id="Bed014.w.4,919" starttime="1422.07" endtime="1422.16" c="W">it</w>
   <w nite:id="Bed014.w.4,920" starttime="1422.16" endtime="1422.42" c="W">seem</w>
   <w nite:id="Bed014.w.4,921" starttime="1422.42" endtime="1422.59" c="W">like</w>
   <w nite:id="Bed014.w.4,922" starttime="1422.59" endtime="1422.66" c="W">if</w>
   <w nite:id="Bed014.w.4,923" starttime="1422.66" endtime="1422.72" c="W">you</w>
   <w nite:id="Bed014.w.4,924" starttime="1422.72" endtime="1422.92" c="W">just</w>
   <w nite:id="Bed014.w.4,925" starttime="1422.92" endtime="1423.24" c="W">managed</w>
   <w nite:id="Bed014.w.4,926" starttime="1423.24" endtime="1423.3" c="W">the</w>
   <w nite:id="Bed014.w.4,927" starttime="1423.3" endtime="1423.64" c="W">dialogue</w>
   <w nite:id="Bed014.w.4,928" starttime="1423.64" endtime="1423.9" c="W">history</w>
   <w nite:id="Bed014.w.4,929" starttime="1423.9" endtime="1424.1" c="W">with</w>
   <w nite:id="Bed014.w.4,930" starttime="1424.1" endtime="1424.24" c="W">a</w>
   <disfmarker nite:id="Bed014.disfmarker.169" starttime="" endtime=""/>
   <w nite:id="Bed014.w.4,931" starttime="1424.35" endtime="1424.42" c="W">a</w>
   <w nite:id="Bed014.w.4,932" starttime="1424.42" endtime="1424.8" c="W">thread</w>
   <w nite:id="Bed014.w.4,933" starttime="1424.8" endtime="1424.8" c="CM">,</w>
   <w nite:id="Bed014.w.4,934" starttime="1425.13" endtime="1425.39" c="W">that</w>
   <w nite:id="Bed014.w.4,935" starttime="1426.16" endtime="1426.25" c="W">you</w>
   <w nite:id="Bed014.w.4,936" starttime="1426.25" endtime="1426.47" c="W">know</w>
   <w nite:id="Bed014.w.4,937" starttime="1426.47" endtime="1426.47" c="CM">,</w>
   <w nite:id="Bed014.w.4,938" starttime="1426.47" endtime="1426.71" c="W">kept</w>
   <w nite:id="Bed014.w.4,939" starttime="1426.71" endtime="1427.07" c="W">track</w>
   <w nite:id="Bed014.w.4,940" starttime="1427.07" endtime="1427.23" c="W">of</w>
   <w nite:id="Bed014.w.4,941" starttime="1427.67" endtime="1427.81" c="TRUNCW">ho</w>
   <w nite:id="Bed014.w.4,942" starttime="1427.81" endtime="1428.06" c="W">of</w>
   <w nite:id="Bed014.w.4,943" starttime="1428.06" endtime="1428.17" c="W">the</w>
   <w nite:id="Bed014.w.4,944" starttime="1428.17" endtime="1428.63" c="W">activity</w>
   <w nite:id="Bed014.w.4,945" starttime="1428.63" endtime="1428.83" c="W">of</w>
   <disfmarker nite:id="Bed014.disfmarker.170" starttime="" endtime=""/>
   <w nite:id="Bed014.w.4,946" starttime="1429.39" endtime="1429.42" c="W">I</w>
   <w nite:id="Bed014.w.4,947" starttime="1429.42" endtime="1429.55" c="W">mean</w>
   <w nite:id="Bed014.w.4,948" starttime="1429.55" endtime="1429.55" c="CM">,</w>
   <w nite:id="Bed014.w.4,949" starttime="1429.55" endtime="1429.71" c="W">cuz</w>
   <w nite:id="Bed014.w.4,950" starttime="1429.71" endtime="1429.77" c="W">it</w>
   <w nite:id="Bed014.w.4,951" starttime="1429.77" endtime="1429.92" c="W">would</w>
   <disfmarker nite:id="Bed014.disfmarker.171" starttime="" endtime=""/>
   <w nite:id="Bed014.w.4,952" starttime="1429.92" endtime="1430.17" c="W">the</w>
   <disfmarker nite:id="Bed014.disfmarker.172" starttime="" endtime=""/>
   <w nite:id="Bed014.w.4,953" starttime="1430.17" endtime="1430.29" c="W">the</w>
   <w nite:id="Bed014.w.4,954" starttime="1430.29" endtime="1430.46" c="W">thread</w>
   <w nite:id="Bed014.w.4,955" starttime="1430.46" endtime="1430.58" c="W">would</w>
   <w nite:id="Bed014.w.4,956" starttime="1430.58" endtime="1430.76" c="W">know</w>
   <w nite:id="Bed014.w.4,957" starttime="1430.76" endtime="1431.0" c="W">what</w>
   <w nite:id="Bed014.w.4,958" starttime="1431.0" endtime="1431.48" c="W">nodes</w>
   <pause nite:id="Bed014.pause.66" starttime="1431.48" endtime="1432.0"/>
   <w nite:id="Bed014.w.4,959" starttime="1432.0" endtime="1432.32" c="W">like</w>
   <w nite:id="Bed014.w.4,960" starttime="1432.32" endtime="1432.32" c="CM">,</w>
   <w nite:id="Bed014.w.4,961" starttime="1432.42" endtime="1432.69" c="W">needed</w>
   <w nite:id="Bed014.w.4,962" starttime="1432.69" endtime="1432.75" c="W">to</w>
   <w nite:id="Bed014.w.4,963" starttime="1432.75" endtime="1432.86" c="W">be</w>
   <w nite:id="Bed014.w.4,964" starttime="1432.86" endtime="1433.27" c="W">activated</w>
   <w nite:id="Bed014.w.4,965" starttime="1433.27" endtime="1433.27" c="CM">,</w>
   <w nite:id="Bed014.w.4,966" starttime="1433.27" endtime="1433.36" c="W">so</w>
   <w nite:id="Bed014.w.4,967" starttime="1433.36" endtime="1433.42" c="W">it</w>
   <w nite:id="Bed014.w.4,968" starttime="1433.42" endtime="1433.51" c="W">could</w>
   <w nite:id="Bed014.w.4,969" starttime="1433.51" endtime="1433.66" c="W">just</w>
   <w nite:id="Bed014.w.4,970" starttime="1433.66" endtime="1433.85" c="W">keep</w>
   <w nite:id="Bed014.w.4,971" starttime="1433.85" endtime="1434.23" c="W">track</w>
   <w nite:id="Bed014.w.4,972" starttime="1434.23" endtime="1434.55" c="W">of</w>
   <pause nite:id="Bed014.pause.67" starttime="1434.55" endtime="1435.0"/>
   <w nite:id="Bed014.w.4,973" starttime="1435.0" endtime="1435.13" c="W">how</w>
   <w nite:id="Bed014.w.4,974" starttime="1435.13" endtime="1435.36" c="W">long</w>
   <w nite:id="Bed014.w.4,975" starttime="1435.36" endtime="" c="W">it</w>
   <w nite:id="Bed014.w.4,976" starttime="" endtime="1435.53" c="APOSS">'s</w>
   <w nite:id="Bed014.w.4,977" starttime="1435.53" endtime="1435.77" c="W">been</w>
   <w nite:id="Bed014.w.4,978" starttime="1435.77" endtime="1436.21" c="W">since</w>
   <pause nite:id="Bed014.pause.68" starttime="1436.21" endtime="1436.33"/>
   <w nite:id="Bed014.w.4,979" starttime="1436.33" endtime="" c="W">something</w>
   <w nite:id="Bed014.w.4,980" starttime="" endtime="1436.65" c="APOSS">'s</w>
   <w nite:id="Bed014.w.4,981" starttime="1436.65" endtime="1436.79" c="W">been</w>
   <w nite:id="Bed014.w.4,982" starttime="1436.79" endtime="1437.3" c="W">mentioned</w>
   <w nite:id="Bed014.w.4,983" starttime="1437.3" endtime="1437.3" c="CM">,</w>
   <w nite:id="Bed014.w.4,984" starttime="1437.3" endtime="1437.52" c="W">and</w>
   <pause nite:id="Bed014.pause.69" starttime="1437.52" endtime="1437.97"/>
   <w nite:id="Bed014.w.4,985" starttime="1437.97" endtime="1438.48" c="W">automatically</w>
   <w nite:id="Bed014.w.4,986" starttime="1438.48" endtime="1438.73" c="W">load</w>
   <w nite:id="Bed014.w.4,987" starttime="1438.73" endtime="1438.81" c="W">it</w>
   <w nite:id="Bed014.w.4,988" starttime="1438.81" endtime="1439.06" c="W">in</w>
   <w nite:id="Bed014.w.4,989" starttime="1439.06" endtime="1439.06" c=".">.</w>
   <w nite:id="Bed014.w.5,051" starttime="1465.16" endtime="1465.25" c="W">We</w>
   <w nite:id="Bed014.w.5,052" starttime="" endtime="" c="SYM">-</w>
   <w nite:id="Bed014.w.5,053" starttime="1465.25" endtime="1465.31" c="W">yeah</w>
   <disfmarker nite:id="Bed014.disfmarker.176" starttime="" endtime=""/>
   <w nite:id="Bed014.w.5,054" starttime="1465.31" endtime="1465.41" c="TRUNCW">th</w>
   <w nite:id="Bed014.w.5,055" starttime="1465.41" endtime="1465.55" c="TRUNCW">th</w>
   <w nite:id="Bed014.w.5,056" starttime="1465.55" endtime="" c="W">that</w>
   <w nite:id="Bed014.w.5,057" starttime="" endtime="1465.71" c="APOSS">'s</w>
   <w nite:id="Bed014.w.5,058" starttime="1465.71" endtime="1465.8" c="W">what</w>
   <w nite:id="Bed014.w.5,059" starttime="1465.8" endtime="1465.84" c="W">I</w>
   <w nite:id="Bed014.w.5,060" starttime="1465.84" endtime="1466.18" c="TRUNCW">wa</w>
   <w nite:id="Bed014.w.5,061" starttime="1466.27" endtime="1466.38" c="W">I</w>
   <w nite:id="Bed014.w.5,062" starttime="1466.38" endtime="1466.73" c="W">wasn't</w>
   <disfmarker nite:id="Bed014.disfmarker.177" starttime="" endtime=""/>
   <w nite:id="Bed014.w.5,063" starttime="1466.91" endtime="1466.97" c="W">I</w>
   <w nite:id="Bed014.w.5,064" starttime="1466.97" endtime="1467.1" c="W">was</w>
   <disfmarker nite:id="Bed014.disfmarker.178" starttime="" endtime=""/>
   <w nite:id="Bed014.w.5,065" starttime="1467.78" endtime="1467.83" c="W">I</w>
   <w nite:id="Bed014.w.5,066" starttime="1467.83" endtime="1468.08" c="W">wasn't</w>
   <w nite:id="Bed014.w.5,067" starttime="1468.08" endtime="1468.26" c="W">thinking</w>
   <w nite:id="Bed014.w.5,068" starttime="1468.26" endtime="1468.32" c="W">in</w>
   <w nite:id="Bed014.w.5,069" starttime="1468.32" endtime="1468.52" c="W">terms</w>
   <w nite:id="Bed014.w.5,070" starttime="1468.52" endtime="1468.58" c="W">of</w>
   <w nite:id="Bed014.w.5,071" starttime="1468.58" endtime="1468.77" c="W">Enter</w>
   <w nite:id="Bed014.w.5,072" starttime="1468.77" endtime="1469.13" c="W">schemas</w>
   <w nite:id="Bed014.w.5,073" starttime="1469.13" endtime="1469.13" c=".">.</w>
   <w nite:id="Bed014.w.5,074" starttime="1469.13" endtime="1469.2" c="W">I</w>
   <w nite:id="Bed014.w.5,075" starttime="1469.2" endtime="1469.29" c="W">was</w>
   <w nite:id="Bed014.w.5,076" starttime="1469.29" endtime="1469.46" c="W">just</w>
   <disfmarker nite:id="Bed014.disfmarker.179" starttime="" endtime=""/>
   <nonvocalsound nite:id="Bed014.nonvocalsound.22" starttime="" endtime="" description="mike noise"/>
   <w nite:id="Bed014.w.5,381" starttime="1553.3" endtime="1553.63" c="W">Mmm</w>
   <w nite:id="Bed014.w.5,382" starttime="1553.63" endtime="1553.63" c=".">.</w>
   <w nite:id="Bed014.w.5,824" starttime="1671.36" endtime="1671.43" c="W">You</w>
   <w nite:id="Bed014.w.5,825" starttime="1671.43" endtime="1671.52" c="W">could</w>
   <w nite:id="Bed014.w.5,826" starttime="1671.52" endtime="1671.72" c="W">just</w>
   <w nite:id="Bed014.w.5,827" starttime="1671.72" endtime="1671.95" c="TRUNCW">hav</w>
   <w nite:id="Bed014.w.5,828" starttime="1672.12" endtime="1672.27" c="W">uh</w>
   <w nite:id="Bed014.w.5,829" starttime="1672.27" endtime="1672.27" c="CM">,</w>
   <w nite:id="Bed014.w.5,830" starttime="1672.27" endtime="1672.54" c="W">just</w>
   <w nite:id="Bed014.w.5,831" starttime="1672.54" endtime="1672.92" c="W">basically</w>
   <w nite:id="Bed014.w.5,832" starttime="1672.92" endtime="1672.92" c="CM">,</w>
   <w nite:id="Bed014.w.5,833" starttime="1672.92" endtime="1673.08" c="TRUNCW">ob</w>
   <w nite:id="Bed014.w.5,834" starttime="1673.08" endtime="1673.21" c="W">it</w>
   <disfmarker nite:id="Bed014.disfmarker.225" starttime="" endtime=""/>
   <w nite:id="Bed014.w.5,835" starttime="1673.42" endtime="1673.56" c="W">It</w>
   <w nite:id="Bed014.w.5,836" starttime="1673.56" endtime="1674.0" c="W">observes</w>
   <w nite:id="Bed014.w.5,837" starttime="1674.0" endtime="1674.3" c="W">an</w>
   <disfmarker nite:id="Bed014.disfmarker.226" starttime="" endtime=""/>
   <w nite:id="Bed014.w.5,838" starttime="1674.3" endtime="1674.39" c="W">er</w>
   <w nite:id="Bed014.w.5,839" starttime="1674.39" endtime="1674.39" c="CM">,</w>
   <w nite:id="Bed014.w.5,840" starttime="1674.67" endtime="1674.88" c="W">it</w>
   <w nite:id="Bed014.w.5,841" starttime="1674.88" endtime="1675.22" c="W">sets</w>
   <w nite:id="Bed014.w.5,842" starttime="1675.22" endtime="1675.39" c="W">the</w>
   <disfmarker nite:id="Bed014.disfmarker.227" starttime="" endtime=""/>
   <w nite:id="Bed014.w.5,843" starttime="1675.39" endtime="1675.56" c="W">a</w>
   <w nite:id="Bed014.w.5,844" starttime="1675.56" endtime="1675.87" c="W">node</w>
   <w nite:id="Bed014.w.5,845" starttime="1675.87" endtime="1676.29" c="W">for</w>
   <w nite:id="Bed014.w.5,850" starttime="" endtime="" c="LQUOTE" qut="D">"</w>
   <w nite:id="Bed014.w.5,851" starttime="1677.1" endtime="1677.5" c="W">entered</w>
   <w nite:id="Bed014.w.5,852" starttime="1677.5" endtime="1677.5" c="RQUOTE" qut="D">"</w>
   <w nite:id="Bed014.w.5,853" starttime="1677.5" endtime="1677.56" c="W">or</w>
   <w nite:id="Bed014.w.5,854" starttime="" endtime="" c="LQUOTE" qut="D">"</w>
   <w nite:id="Bed014.w.5,855" starttime="1677.56" endtime="1677.79" c="W">true</w>
   <w nite:id="Bed014.w.5,856" starttime="1677.79" endtime="1677.79" c="RQUOTE" qut="D">"</w>
   <w nite:id="Bed014.w.5,857" starttime="1677.79" endtime="1677.88" c="W">or</w>
   <w nite:id="Bed014.w.5,858" starttime="1677.88" endtime="1678.23" c="W">something</w>
   <w nite:id="Bed014.w.5,859" starttime="1678.23" endtime="1678.23" c="CM">,</w>
   <w nite:id="Bed014.w.5,860" starttime="1678.41" endtime="1678.41" c="LQUOTE" qut="D">"</w>
   <w nite:id="Bed014.w.5,861" starttime="1678.41" endtime="1678.8" c="W">discourse</w>
   <w nite:id="Bed014.w.5,862" starttime="1678.8" endtime="1679.29" c="W">enter</w>
   <w nite:id="Bed014.w.5,863" starttime="1679.29" endtime="1679.29" c="RQUOTE" qut="D">"</w>
   <w nite:id="Bed014.w.5,864" starttime="1679.29" endtime="1679.29" c=".">.</w>
   <w nite:id="Bed014.w.6,131" starttime="1767.28" endtime="1767.44" c="W">What</w>
   <disfmarker nite:id="Bed014.disfmarker.239" starttime="" endtime=""/>
   <w nite:id="Bed014.w.6,132" starttime="1767.44" endtime="1767.49" c="W">uh</w>
   <w nite:id="Bed014.w.6,133" starttime="1767.49" endtime="1767.49" c="CM">,</w>
   <w nite:id="Bed014.w.6,134" starttime="1767.49" endtime="" c="W">what</w>
   <w nite:id="Bed014.w.6,135" starttime="" endtime="1767.82" c="APOSS">'s</w>
   <w nite:id="Bed014.w.6,136" starttime="1767.82" endtime="1767.92" c="W">the</w>
   <w nite:id="Bed014.w.6,137" starttime="1767.92" endtime="1768.26" c="W">argument</w>
   <w nite:id="Bed014.w.6,138" starttime="1768.26" endtime="1768.35" c="W">for</w>
   <w nite:id="Bed014.w.6,139" starttime="1768.35" endtime="1768.61" c="W">putting</w>
   <w nite:id="Bed014.w.6,140" starttime="1768.61" endtime="1768.68" c="W">it</w>
   <w nite:id="Bed014.w.6,141" starttime="1768.68" endtime="1768.84" c="W">in</w>
   <w nite:id="Bed014.w.6,142" starttime="1768.84" endtime="1768.91" c="W">the</w>
   <w nite:id="Bed014.w.6,143" starttime="1768.91" endtime="1769.49" c="W">construction</w>
   <w nite:id="Bed014.w.6,144" starttime="1769.49" endtime="1769.49" c=".">?</w>
   <w nite:id="Bed014.w.6,145" starttime="1769.49" endtime="1769.6" c="W">Is</w>
   <w nite:id="Bed014.w.6,146" starttime="1769.6" endtime="1769.69" c="W">it</w>
   <w nite:id="Bed014.w.6,147" starttime="1769.69" endtime="1769.95" c="W">just</w>
   <w nite:id="Bed014.w.6,148" starttime="1770.01" endtime="1770.25" c="W">that</w>
   <pause nite:id="Bed014.pause.85" starttime="1770.25" endtime="1770.56"/>
   <w nite:id="Bed014.w.6,149" starttime="1770.56" endtime="1770.7" c="W">the</w>
   <w nite:id="Bed014.w.6,150" starttime="1770.7" endtime="1770.91" c="TRUNCW">s</w>
   <w nite:id="Bed014.w.6,151" starttime="1771.05" endtime="1771.41" c="W">synonym</w>
   <w nite:id="Bed014.w.6,152" starttime="1771.41" endtime="1771.86" c="W">selection</w>
   <w nite:id="Bed014.w.6,153" starttime="1771.86" endtime="1772.03" c="W">is</w>
   <w nite:id="Bed014.w.6,154" starttime="1772.03" endtime="1772.37" c="W">better</w>
   <w nite:id="Bed014.w.6,155" starttime="1772.37" endtime="1772.37" c="CM">,</w>
   <w nite:id="Bed014.w.6,156" starttime="1772.37" endtime="1772.5" c="W">or</w>
   <disfmarker nite:id="Bed014.disfmarker.240" starttime="" endtime=""/>
   <w nite:id="Bed014.w.6,157" starttime="1772.5" endtime="1772.5" c=".">?</w>
   <comment nite:id="Bed014.comment.104" starttime="" endtime="" description="abandoned"/>
   <w nite:id="Bed014.w.6,255" starttime="1797.62" endtime="1797.9" c="W">Mmm</w>
   <w nite:id="Bed014.w.6,256" starttime="1797.9" endtime="1797.9" c=".">.</w>
   <w nite:id="Bed014.w.6,257" starttime="1798.46" endtime="1798.57" c="W">Oh</w>
   <w nite:id="Bed014.w.6,258" starttime="1798.57" endtime="1798.57" c="CM">,</w>
   <w nite:id="Bed014.w.6,259" starttime="1798.57" endtime="1798.71" c="W">I</w>
   <w nite:id="Bed014.w.6,260" starttime="1798.71" endtime="1798.98" c="W">see</w>
   <w nite:id="Bed014.w.6,261" starttime="1798.98" endtime="1798.98" c=".">.</w>
   <vocalsound nite:id="Bed014.vocalsound.248" starttime="" endtime="" description="laugh-breath"/>
   <vocalsound nite:id="Bed014.vocalsound.251" starttime="" endtime="" description="outbreath"/>
   <comment nite:id="Bed014.comment.116" starttime="" endtime="" description="Censored"/>
   <vocalsound nite:id="Bed014.vocalsound.287" starttime="" endtime="" description="laugh"/>
   <w nite:id="Bed014.w.7,075" starttime="2003.54" endtime="2003.63" c="W">Yeah</w>
   <w nite:id="Bed014.w.7,076" starttime="2003.63" endtime="2003.63" c="CM">,</w>
   <w nite:id="Bed014.w.7,077" starttime="2003.63" endtime="2003.76" c="W">but</w>
   <w nite:id="Bed014.w.7,078" starttime="2003.76" endtime="2003.86" c="W">it</w>
   <disfmarker nite:id="Bed014.disfmarker.274" starttime="" endtime=""/>
   <w nite:id="Bed014.w.7,079" starttime="2003.86" endtime="2004.28" c="TRUNCW">he</w>
   <w nite:id="Bed014.w.7,080" starttime="2004.28" endtime="2004.38" c="W">the</w>
   <w nite:id="Bed014.w.7,081" starttime="2004.38" endtime="2004.74" c="W">decisions</w>
   <w nite:id="Bed014.w.7,082" starttime="2004.74" endtime="2004.8" c="W">I</w>
   <w nite:id="Bed014.w.7,083" starttime="2004.8" endtime="2004.96" c="W">made</w>
   <w nite:id="Bed014.w.7,084" starttime="2004.96" endtime="2005.02" c="TRUNCW">wer</w>
   <w nite:id="Bed014.w.7,085" starttime="2005.02" endtime="2005.13" c="W">had</w>
   <w nite:id="Bed014.w.7,086" starttime="2005.13" endtime="2005.19" c="W">to</w>
   <w nite:id="Bed014.w.7,087" starttime="2005.19" endtime="2005.28" c="W">do</w>
   <w nite:id="Bed014.w.7,088" starttime="2005.28" endtime="2005.39" c="W">with</w>
   <w nite:id="Bed014.w.7,089" starttime="2005.39" endtime="2005.6" c="W">my</w>
   <w nite:id="Bed014.w.7,090" starttime="2005.6" endtime="2006.1" c="W">thesis</w>
   <w nite:id="Bed014.w.7,091" starttime="2006.1" endtime="2006.1" c=".">.</w>
   <w nite:id="Bed014.w.7,092" starttime="2006.1" endtime="2006.17" c="W">So</w>
   <w nite:id="Bed014.w.7,093" starttime="2006.17" endtime="2006.78" c="W">consequently</w>
   <w nite:id="Bed014.w.7,094" starttime="2006.78" endtime="2007.0" c="W">don't</w>
   <w nite:id="Bed014.w.7,095" starttime="2007.0" endtime="2007.08" c="W">I</w>
   <w nite:id="Bed014.w.7,096" starttime="2007.08" endtime="2007.22" c="W">get</w>
   <w nite:id="Bed014.w.7,097" starttime="2007.22" endtime="2007.29" c="W">to</w>
   <w nite:id="Bed014.w.7,098" starttime="2007.29" endtime="2007.76" c="W">decide</w>
   <w nite:id="Bed014.w.7,099" starttime="2007.76" endtime="2007.95" c="W">then</w>
   <w nite:id="Bed014.w.7,100" starttime="2007.95" endtime="2008.05" c="W">that</w>
   <w nite:id="Bed014.w.7,101" starttime="2008.05" endtime="" c="W">it</w>
   <w nite:id="Bed014.w.7,102" starttime="" endtime="2008.17" c="APOSS">'s</w>
   <w nite:id="Bed014.w.7,103" starttime="2008.17" endtime="" c="W">Robert</w>
   <w nite:id="Bed014.w.7,104" starttime="" endtime="2008.55" c="APOSS">'s</w>
   <w nite:id="Bed014.w.7,105" starttime="2008.55" endtime="2008.91" c="W">job</w>
   <w nite:id="Bed014.w.7,106" starttime="2008.91" endtime="2008.91" c=".">?</w>
   <vocalsound nite:id="Bed014.vocalsound.299" starttime="" endtime="" description="laugh"/>
   <vocalsound nite:id="Bed014.vocalsound.304" starttime="" endtime="" description="laugh"/>
   <comment nite:id="Bed014.comment.130" starttime="" endtime="" description="mock sinister laugh"/>
   <vocalsound nite:id="Bed014.vocalsound.305" starttime="" endtime="" description="laugh-breath"/>
   <vocalsound nite:id="Bed014.vocalsound.355" starttime="" endtime="" description="laugh-breath"/>
   <vocalsound nite:id="Bed014.vocalsound.356" starttime="" endtime="" description="laugh"/>
   <w nite:id="Bed014.w.8,212" starttime="2251.08" endtime="2251.27" c="W">Would</w>
   <w nite:id="Bed014.w.8,213" starttime="2251.27" endtime="2251.46" c="W">it</w>
   <disfmarker nite:id="Bed014.disfmarker.333" starttime="" endtime=""/>
   <w nite:id="Bed014.w.8,220" starttime="2256.83" endtime="2256.99" c="W">And</w>
   <w nite:id="Bed014.w.8,221" starttime="2256.99" endtime="2257.14" c="W">the</w>
   <w nite:id="Bed014.w.8,222" starttime="2257.14" endtime="2257.31" c="TRUNCW">s</w>
   <w nite:id="Bed014.w.8,234" starttime="2258.3" endtime="2258.45" c="W">Is</w>
   <w nite:id="Bed014.w.8,235" starttime="2258.45" endtime="2258.61" c="W">the</w>
   <w nite:id="Bed014.w.8,236" starttime="2258.61" endtime="" c="W">Speech</w>
   <w nite:id="Bed014.w.8,237" starttime="" endtime="" c="HYPH">-</w>
   <w nite:id="Bed014.w.8,238" starttime="" endtime="2258.84" c="W">Gen</w>
   <w nite:id="Bed014.w.8,239" starttime="2258.84" endtime="2259.11" c="W">meeting</w>
   <w nite:id="Bed014.w.8,240" starttime="2259.11" endtime="2259.37" c="W">still</w>
   <w nite:id="Bed014.w.8,241" starttime="2259.37" endtime="2259.46" c="W">at</w>
   <disfmarker nite:id="Bed014.disfmarker.334" starttime="" endtime=""/>
   <w nite:id="Bed014.w.8,242" starttime="2259.85" endtime="2260.0" c="W">on</w>
   <w nite:id="Bed014.w.8,243" starttime="2260.0" endtime="2260.42" c="W">Tuesdays</w>
   <w nite:id="Bed014.w.8,244" starttime="2260.42" endtime="2260.42" c=".">?</w>
   <w nite:id="Bed014.w.8,293" starttime="2270.32" endtime="2270.49" c="W">Although</w>
   <w nite:id="Bed014.w.8,294" starttime="2270.49" endtime="2270.55" c="W">I</w>
   <w nite:id="Bed014.w.8,295" starttime="2270.55" endtime="2270.69" c="W">thought</w>
   <w nite:id="Bed014.w.8,296" starttime="2270.69" endtime="2270.81" c="W">you</w>
   <w nite:id="Bed014.w.8,297" starttime="2270.81" endtime="2271.0" c="W">wanted</w>
   <w nite:id="Bed014.w.8,298" starttime="2271.0" endtime="2271.06" c="W">to</w>
   <w nite:id="Bed014.w.8,299" starttime="2271.06" endtime="2271.18" c="W">go</w>
   <w nite:id="Bed014.w.8,300" starttime="2271.18" endtime="2271.55" c="W">camping</w>
   <w nite:id="Bed014.w.8,301" starttime="2271.55" endtime="2271.69" c="W">on</w>
   <w nite:id="Bed014.w.8,302" starttime="2271.69" endtime="2272.03" c="W">Monday</w>
   <disfmarker nite:id="Bed014.disfmarker.338" starttime="" endtime=""/>
   <w nite:id="Bed014.w.8,303" starttime="2272.28" endtime="2272.4" c="W">er</w>
   <w nite:id="Bed014.w.8,304" starttime="2272.4" endtime="2272.4" c="CM">,</w>
   <w nite:id="Bed014.w.8,305" starttime="2272.4" endtime="2272.67" c="W">take</w>
   <w nite:id="Bed014.w.8,306" starttime="2272.67" endtime="2272.82" c="W">off</w>
   <w nite:id="Bed014.w.8,307" starttime="2272.82" endtime="2273.16" c="W">Mondays</w>
   <w nite:id="Bed014.w.8,308" starttime="2273.16" endtime="2273.19" c="W">a</w>
   <w nite:id="Bed014.w.8,309" starttime="2273.19" endtime="2273.37" c="W">lot</w>
   <w nite:id="Bed014.w.8,310" starttime="2273.37" endtime="2273.44" c="W">so</w>
   <w nite:id="Bed014.w.8,311" starttime="2273.44" endtime="2273.56" c="W">you</w>
   <w nite:id="Bed014.w.8,312" starttime="2273.56" endtime="2273.67" c="W">could</w>
   <w nite:id="Bed014.w.8,313" starttime="2273.67" endtime="2273.74" c="W">go</w>
   <w nite:id="Bed014.w.8,314" starttime="2273.74" endtime="2274.16" c="W">camping</w>
   <w nite:id="Bed014.w.8,315" starttime="2274.16" endtime="2274.16" c=".">.</w>
   <vocalsound nite:id="Bed014.vocalsound.364" starttime="" endtime="" description="laugh"/>
   <vocalsound nite:id="Bed014.vocalsound.366" starttime="" endtime="" description="laugh"/>
   <vocalsound nite:id="Bed014.vocalsound.374" starttime="" endtime="" description="sniff"/>
   <w nite:id="Bed014.w.8,501" starttime="2323.62" endtime="" c="W">Ha</w>
   <w nite:id="Bed014.w.8,502" starttime="" endtime="" c="HYPH">-</w>
   <w nite:id="Bed014.w.8,503" starttime="" endtime="" c="W">ha</w>
   <w nite:id="Bed014.w.8,504" starttime="" endtime="" c="HYPH">-</w>
   <w nite:id="Bed014.w.8,505" starttime="" endtime="2324.22" c="W">ha</w>
   <w nite:id="Bed014.w.8,506" starttime="2324.22" endtime="2324.22" c=".">.</w>
   <comment nite:id="Bed014.comment.158" starttime="" endtime="" description="vocal gesture, specialized laugh"/>
   <w nite:id="Bed014.w.8,692" starttime="2364.79" endtime="2365.1" c="W">No</w>
   <w nite:id="Bed014.w.8,693" starttime="2365.1" endtime="2365.58" c="W">way</w>
   <w nite:id="Bed014.w.8,694" starttime="2365.58" endtime="2365.58" c=".">!</w>
   <vocalsound nite:id="Bed014.vocalsound.384" starttime="" endtime="" description="hiss"/>
   <comment nite:id="Bed014.comment.161" starttime="" endtime="" description="vocal gesture of mock opposition"/>
   <w nite:id="Bed014.w.9,173" starttime="2450.83" endtime="2451.22" c="W">Hmm</w>
   <w nite:id="Bed014.w.9,174" starttime="2451.22" endtime="2451.22" c="CM">,</w>
   <w nite:id="Bed014.w.9,175" starttime="2451.22" endtime="2451.39" c="W">hmm</w>
   <w nite:id="Bed014.w.9,176" starttime="2451.39" endtime="2451.39" c=".">.</w>
   <comment nite:id="Bed014.comment.164" starttime="" endtime="" description="said with mock sinister tone of voice, like &quot;heh heh&quot;"/>
   <w nite:id="Bed014.w.11,938" starttime="3067.88" endtime="3068.02" c="W">Well</w>
   <w nite:id="Bed014.w.11,939" starttime="3068.02" endtime="3068.08" c="W">it</w>
   <w nite:id="Bed014.w.11,940" starttime="3068.08" endtime="3068.38" c="W">definitely</w>
   <w nite:id="Bed014.w.11,941" starttime="3068.38" endtime="3068.52" c="W">makes</w>
   <w nite:id="Bed014.w.11,942" starttime="3068.52" endtime="3068.58" c="W">the</w>
   <w nite:id="Bed014.w.11,943" starttime="3068.58" endtime="3068.89" c="W">problem</w>
   <w nite:id="Bed014.w.11,944" starttime="3068.89" endtime="3069.19" c="W">easier</w>
   <w nite:id="Bed014.w.11,945" starttime="3069.19" endtime="3069.19" c=".">.</w>
   <vocalsound nite:id="Bed014.vocalsound.438" starttime="" endtime="" description="laugh"/>
   <vocalsound nite:id="Bed014.vocalsound.439" starttime="" endtime="" description="laugh"/>
   <w nite:id="Bed014.w.12,026" starttime="3097.58" endtime="" c="W">Mm</w>
   <w nite:id="Bed014.w.12,027" starttime="" endtime="" c="HYPH">-</w>
   <w nite:id="Bed014.w.12,028" starttime="" endtime="3097.69" c="W">hmm</w>
   <w nite:id="Bed014.w.12,029" starttime="3097.69" endtime="3097.69" c=".">.</w>
   <comment nite:id="Bed014.comment.194" starttime="" endtime="" description="muffled"/>
   <vocalsound nite:id="Bed014.vocalsound.445" starttime="" endtime="" description="laugh"/>
   <w nite:id="Bed014.w.12,057" starttime="3102.92" endtime="3103.02" c="W">What</w>
   <w nite:id="Bed014.w.12,058" starttime="3103.02" endtime="3103.24" c="W">about</w>
   <disfmarker nite:id="Bed014.disfmarker.485" starttime="" endtime=""/>
   <w nite:id="Bed014.w.12,059" starttime="3103.24" endtime="3103.4" c="W">What</w>
   <w nite:id="Bed014.w.12,060" starttime="3103.4" endtime="3103.62" c="W">about</w>
   <w nite:id="Bed014.w.12,061" starttime="3103.62" endtime="3104.11" t="PLET" c="W">DDR</w>
   <w nite:id="Bed014.w.12,062" starttime="3104.11" endtime="3104.11" c=".">?</w>
   <w nite:id="Bed014.w.12,089" starttime="3106.22" endtime="3106.49" c="W">Mmm</w>
   <w nite:id="Bed014.w.12,090" starttime="3106.49" endtime="3106.49" c=".">.</w>
   <nonvocalsound nite:id="Bed014.nonvocalsound.30" starttime="" endtime="" description="mike noise"/>
   <vocalsound nite:id="Bed014.vocalsound.452" starttime="" endtime="" description="laugh-breath"/>
</nite:root>