<?xml version="1.0" encoding="ISO-8859-1" standalone="yes"?>
<nite:root nite:id="Bed014.F.words" xmlns:nite="http://nite.sourceforge.net/">
   <nonvocalsound nite:id="Bed014.nonvocalsound.2" starttime="" endtime="" description="mike noise"/>
   <nonvocalsound nite:id="Bed014.nonvocalsound.3" starttime="" endtime="" description="mike noise"/>
   <w nite:id="Bed014.w.14" starttime="30.76" endtime="" c="W">Let</w>
   <w nite:id="Bed014.w.15" starttime="" endtime="30.88" c="APOSS">'s</w>
   <w nite:id="Bed014.w.16" starttime="30.99" endtime="31.29" c="W">see</w>
   <w nite:id="Bed014.w.17" starttime="31.29" endtime="31.29" c=".">.</w>
   <comment nite:id="Bed014.comment.2" starttime="" endtime="" description="very quietly"/>
   <nonvocalsound nite:id="Bed014.nonvocalsound.4" starttime="" endtime="" description="mike noise"/>
   <w nite:id="Bed014.w.18" starttime="36.131" endtime="36.191" c="W">So</w>
   <w nite:id="Bed014.w.19" starttime="36.191" endtime="36.191" c=".">.</w>
   <w nite:id="Bed014.w.20" starttime="36.191" endtime="36.321" c="W">What</w>
   <w nite:id="Bed014.w.21" starttime="36.321" endtime="36.321" c=".">?</w>
   <w nite:id="Bed014.w.22" starttime="36.361" endtime="" c="W">I</w>
   <w nite:id="Bed014.w.23" starttime="" endtime="36.501" c="W">'m</w>
   <w nite:id="Bed014.w.24" starttime="36.501" endtime="36.821" c="W">supposed</w>
   <w nite:id="Bed014.w.25" starttime="36.821" endtime="36.891" c="W">to</w>
   <w nite:id="Bed014.w.26" starttime="36.891" endtime="37.021" c="W">be</w>
   <w nite:id="Bed014.w.27" starttime="37.021" endtime="37.081" c="W">on</w>
   <w nite:id="Bed014.w.28" starttime="37.281" endtime="37.531" c="W">channel</w>
   <w nite:id="Bed014.w.29" starttime="37.531" endtime="37.841" c="W">five</w>
   <w nite:id="Bed014.w.30" starttime="37.841" endtime="37.841" c=".">?</w>
   <nonvocalsound nite:id="Bed014.nonvocalsound.5" starttime="" endtime="" description="mike noise"/>
   <w nite:id="Bed014.w.31" starttime="39.32" endtime="39.55" c="W">Her</w>
   <w nite:id="Bed014.w.32" starttime="39.55" endtime="39.55" c=".">.</w>
   <w nite:id="Bed014.w.33" starttime="39.86" endtime="40.01" c="W">Nope</w>
   <w nite:id="Bed014.w.34" starttime="40.01" endtime="40.01" c=".">.</w>
   <pause nite:id="Bed014.pause.2" starttime="40.01" endtime="40.98"/>
   <w nite:id="Bed014.w.35" starttime="40.98" endtime="41.26" c="W">Doesn't</w>
   <w nite:id="Bed014.w.36" starttime="41.26" endtime="41.43" c="W">seem</w>
   <w nite:id="Bed014.w.37" starttime="41.43" endtime="41.54" c="W">to</w>
   <w nite:id="Bed014.w.38" starttime="41.54" endtime="41.77" c="W">be</w>
   <w nite:id="Bed014.w.39" starttime="41.77" endtime="41.77" c="CM">,</w>
   <w nite:id="Bed014.w.40" starttime="41.77" endtime="42.06" c="W">yeah</w>
   <w nite:id="Bed014.w.41" starttime="42.06" endtime="42.06" c=".">.</w>
   <vocalsound nite:id="Bed014.vocalsound.4" starttime="" endtime="" description="lateral tongue click"/>
   <comment nite:id="Bed014.comment.3" starttime="" endtime="" description="vocal gesture meaning &quot;what now?&quot;"/>
   <w nite:id="Bed014.w.59" starttime="44.385" endtime="44.525" c="W">Nnn</w>
   <w nite:id="Bed014.w.60" starttime="44.525" endtime="44.525" c="CM">,</w>
   <w nite:id="Bed014.w.61" starttime="44.705" endtime="45.025" c="W">five</w>
   <w nite:id="Bed014.w.62" starttime="45.025" endtime="45.025" c=".">.</w>
   <w nite:id="Bed014.w.65" starttime="45.285" endtime="45.585" c="W">Alright</w>
   <w nite:id="Bed014.w.66" starttime="45.585" endtime="45.585" c="CM">,</w>
   <w nite:id="Bed014.w.67" starttime="45.585" endtime="" c="W">I</w>
   <w nite:id="Bed014.w.68" starttime="" endtime="45.705" c="W">'m</w>
   <w nite:id="Bed014.w.69" starttime="45.705" endtime="45.835" c="W">five</w>
   <w nite:id="Bed014.w.70" starttime="45.835" endtime="45.835" c=".">.</w>
   <nonvocalsound nite:id="Bed014.nonvocalsound.7" starttime="" endtime="" description="mike noise"/>
   <vocalsound nite:id="Bed014.vocalsound.5" starttime="" endtime="" description="laugh-breath"/>
   <vocalsound nite:id="Bed014.vocalsound.6" starttime="" endtime="" description="laugh-breath"/>
   <w nite:id="Bed014.w.96" starttime="56.24" endtime="56.46" c="W">Yeah</w>
   <w nite:id="Bed014.w.97" starttime="56.46" endtime="56.46" c="CM">,</w>
   <w nite:id="Bed014.w.98" starttime="56.54" endtime="56.9" c="W">well</w>
   <w nite:id="Bed014.w.99" starttime="56.9" endtime="56.9" c="CM">,</w>
   <w nite:id="Bed014.w.100" starttime="57.48" endtime="57.59" c="W">I</w>
   <w nite:id="Bed014.w.101" starttime="57.78" endtime="57.86" c="TRUNCW">g</w>
   <w nite:id="Bed014.w.102" starttime="57.86" endtime="58.37" c="W">guess</w>
   <pause nite:id="Bed014.pause.5" starttime="58.37" endtime="58.37"/>
   <w nite:id="Bed014.w.103" starttime="58.37" endtime="" c="W">it</w>
   <w nite:id="Bed014.w.104" starttime="" endtime="58.53" c="APOSS">'s</w>
   <w nite:id="Bed014.w.105" starttime="58.71" endtime="58.99" c="W">coming</w>
   <w nite:id="Bed014.w.106" starttime="58.99" endtime="59.13" c="W">up</w>
   <w nite:id="Bed014.w.107" starttime="59.13" endtime="59.38" c="W">then</w>
   <w nite:id="Bed014.w.108" starttime="59.38" endtime="59.38" c="CM">,</w>
   <w nite:id="Bed014.w.109" starttime="59.6" endtime="59.78" c="W">or</w>
   <disfmarker nite:id="Bed014.disfmarker.2" starttime="" endtime=""/>
   <w nite:id="Bed014.w.440" starttime="156.89" endtime="157.26" c="W">Yeah</w>
   <w nite:id="Bed014.w.441" starttime="157.26" endtime="157.26" c=".">.</w>
   <w nite:id="Bed014.w.452" starttime="160.22" endtime="160.42" c="W">The</w>
   <w nite:id="Bed014.w.453" starttime="160.42" endtime="160.52" c="TRUNCW">e</w>
   <w nite:id="Bed014.w.454" starttime="162.644" endtime="162.714" c="W">Uh</w>
   <w nite:id="Bed014.w.455" starttime="162.714" endtime="162.714" c="CM">,</w>
   <w nite:id="Bed014.w.456" starttime="162.714" endtime="163.044" c="W">yeah</w>
   <w nite:id="Bed014.w.457" starttime="163.044" endtime="163.044" c=".">.</w>
   <w nite:id="Bed014.w.465" starttime="165.25" endtime="165.46" c="W">Yeah</w>
   <w nite:id="Bed014.w.466" starttime="165.46" endtime="165.46" c="CM">,</w>
   <w nite:id="Bed014.w.467" starttime="165.68" endtime="165.99" c="W">so</w>
   <w nite:id="Bed014.w.468" starttime="165.99" endtime="165.99" c=".">.</w>
   <w nite:id="Bed014.w.528" starttime="187.93" endtime="188.19" c="W">Actually</w>
   <w nite:id="Bed014.w.529" starttime="188.19" endtime="188.19" c="CM">,</w>
   <w nite:id="Bed014.w.530" starttime="188.19" endtime="188.47" c="W">maybe</w>
   <w nite:id="Bed014.w.531" starttime="188.47" endtime="188.51" c="W">I</w>
   <w nite:id="Bed014.w.532" starttime="188.51" endtime="188.63" c="W">could</w>
   <w nite:id="Bed014.w.533" starttime="188.63" endtime="188.93" c="W">try</w>
   <w nite:id="Bed014.w.534" starttime="188.93" endtime="188.93" c="CM">,</w>
   <w nite:id="Bed014.w.535" starttime="188.93" endtime="189.3" c="W">like</w>
   <w nite:id="Bed014.w.536" starttime="189.3" endtime="189.3" c="CM">,</w>
   <w nite:id="Bed014.w.537" starttime="189.3" endtime="189.83" c="W">emailing</w>
   <w nite:id="Bed014.w.538" starttime="189.83" endtime="189.92" c="W">the</w>
   <w nite:id="Bed014.w.539" starttime="189.92" endtime="190.22" c="W">guy</w>
   <w nite:id="Bed014.w.540" starttime="190.22" endtime="190.39" c="W">and</w>
   <w nite:id="Bed014.w.541" starttime="190.39" endtime="190.59" c="W">see</w>
   <w nite:id="Bed014.w.542" starttime="190.59" endtime="190.71" c="W">if</w>
   <w nite:id="Bed014.w.543" starttime="190.71" endtime="190.83" c="W">he</w>
   <w nite:id="Bed014.w.544" starttime="190.83" endtime="191.12" c="W">has</w>
   <w nite:id="Bed014.w.545" starttime="191.26" endtime="191.32" c="TRUNCW">any</w>
   <w nite:id="Bed014.w.546" starttime="191.32" endtime="191.65" c="W">something</w>
   <w nite:id="Bed014.w.547" starttime="191.65" endtime="192.17" c="W">already</w>
   <w nite:id="Bed014.w.548" starttime="192.17" endtime="192.17" c=".">.</w>
   <w nite:id="Bed014.w.553" starttime="193.11" endtime="" c="W">That</w>
   <w nite:id="Bed014.w.554" starttime="" endtime="193.26" c="W">'d</w>
   <w nite:id="Bed014.w.555" starttime="193.26" endtime="193.39" c="W">be</w>
   <w nite:id="Bed014.w.556" starttime="193.39" endtime="193.74" c="W">weird</w>
   <w nite:id="Bed014.w.557" starttime="193.74" endtime="193.74" c="CM">,</w>
   <w nite:id="Bed014.w.558" starttime="193.78" endtime="194.04" c="W">that</w>
   <w nite:id="Bed014.w.559" starttime="194.58" endtime="194.7" c="W">he</w>
   <w nite:id="Bed014.w.560" starttime="194.7" endtime="195.01" c="W">has</w>
   <w nite:id="Bed014.w.561" starttime="195.01" endtime="195.22" c="W">both</w>
   <w nite:id="Bed014.w.562" starttime="195.22" endtime="195.31" c="W">the</w>
   <w nite:id="Bed014.w.563" starttime="195.31" endtime="195.57" c="W">Java</w>
   <w nite:id="Bed014.w.564" starttime="195.57" endtime="195.76" c="W">Bayes</w>
   <w nite:id="Bed014.w.565" starttime="195.76" endtime="195.88" c="W">and</w>
   <w nite:id="Bed014.w.566" starttime="195.88" endtime="195.94" c="W">the</w>
   <w nite:id="Bed014.w.567" starttime="195.94" endtime="196.29" c="W">embedded</w>
   <w nite:id="Bed014.w.568" starttime="196.29" endtime="196.61" c="W">Bayes</w>
   <w nite:id="Bed014.w.569" starttime="196.61" endtime="196.76" c="W">in</w>
   <disfmarker nite:id="Bed014.disfmarker.19" starttime="" endtime=""/>
   <w nite:id="Bed014.w.570" starttime="197.76" endtime="197.95" c="W">Yeah</w>
   <w nite:id="Bed014.w.571" starttime="197.95" endtime="197.95" c=".">.</w>
   <w nite:id="Bed014.w.581" starttime="199.9" endtime="200.16" c="W">Yeah</w>
   <w nite:id="Bed014.w.582" starttime="200.16" endtime="200.16" c=".">.</w>
   <w nite:id="Bed014.w.583" starttime="201.09" endtime="201.18" c="W">And</w>
   <w nite:id="Bed014.w.584" starttime="201.18" endtime="201.34" c="W">put</w>
   <w nite:id="Bed014.w.585" starttime="201.34" endtime="201.49" c="W">them</w>
   <w nite:id="Bed014.w.586" starttime="201.49" endtime="201.7" c="W">into</w>
   <w nite:id="Bed014.w.587" starttime="201.7" endtime="202.05" c="W">different</w>
   <pause nite:id="Bed014.pause.11" starttime="202.05" endtime="202.29"/>
   <w nite:id="Bed014.w.588" starttime="202.29" endtime="202.87" c="W">formats</w>
   <w nite:id="Bed014.w.589" starttime="202.87" endtime="202.87" c=".">.</w>
   <w nite:id="Bed014.w.590" starttime="203.86" endtime="204.07" c="W">Oh</w>
   <disfmarker nite:id="Bed014.disfmarker.20" starttime="" endtime=""/>
   <w nite:id="Bed014.w.591" starttime="204.58" endtime="204.72" c="W">Yep</w>
   <w nite:id="Bed014.w.592" starttime="204.72" endtime="204.72" c="CM">,</w>
   <w nite:id="Bed014.w.593" starttime="204.72" endtime="204.82" c="W">he</w>
   <w nite:id="Bed014.w.594" starttime="204.82" endtime="204.95" c="W">could</w>
   <w nite:id="Bed014.w.595" starttime="204.95" endtime="205.1" c="W">do</w>
   <w nite:id="Bed014.w.596" starttime="205.1" endtime="205.32" c="W">that</w>
   <w nite:id="Bed014.w.597" starttime="205.32" endtime="205.32" c="CM">,</w>
   <w nite:id="Bed014.w.598" starttime="205.32" endtime="205.5" c="W">too</w>
   <w nite:id="Bed014.w.599" starttime="205.5" endtime="205.5" c=".">.</w>
   <vocalsound nite:id="Bed014.vocalsound.27" starttime="" endtime="" description="laugh"/>
   <w nite:id="Bed014.w.636" starttime="211.67" endtime="211.84" c="W">Yeah</w>
   <w nite:id="Bed014.w.637" starttime="211.84" endtime="211.84" c=".">.</w>
   <vocalsound nite:id="Bed014.vocalsound.39" starttime="" endtime="" description="laugh"/>
   <vocalsound nite:id="Bed014.vocalsound.59" starttime="" endtime="" description="breath-laugh"/>
   <vocalsound nite:id="Bed014.vocalsound.63" starttime="" endtime="" description="laugh"/>
   <vocalsound nite:id="Bed014.vocalsound.66" starttime="" endtime="" description="laugh"/>
   <vocalsound nite:id="Bed014.vocalsound.67" starttime="" endtime="" description="inbreath"/>
   <vocalsound nite:id="Bed014.vocalsound.75" starttime="" endtime="" description="laugh"/>
   <nonvocalsound nite:id="Bed014.nonvocalsound.18" starttime="" endtime="" description="low level static across next several segments"/>
   <vocalsound nite:id="Bed014.vocalsound.92" starttime="" endtime="" description="laugh"/>
   <vocalsound nite:id="Bed014.vocalsound.99" starttime="" endtime="" description="laugh"/>
   <vocalsound nite:id="Bed014.vocalsound.119" starttime="" endtime="" description="laugh"/>
   <vocalsound nite:id="Bed014.vocalsound.124" starttime="" endtime="" description="laugh"/>
   <w nite:id="Bed014.w.3,108" starttime="949.632" endtime="949.872" c="W">Hmm</w>
   <w nite:id="Bed014.w.3,109" starttime="949.872" endtime="949.872" c=".">.</w>
   <comment nite:id="Bed014.comment.70" starttime="" endtime="" description="very quietly"/>
   <nonvocalsound nite:id="Bed014.nonvocalsound.20" starttime="" endtime="" description="heavy static"/>
   <comment nite:id="Bed014.comment.114" starttime="" endtime="" description="Censored"/>
   <vocalsound nite:id="Bed014.vocalsound.297" starttime="" endtime="" description="laugh"/>
   <vocalsound nite:id="Bed014.vocalsound.317" starttime="" endtime="" description="laugh"/>
   <comment nite:id="Bed014.comment.136" starttime="" endtime="" description="muffled"/>
   <vocalsound nite:id="Bed014.vocalsound.365" starttime="" endtime="" description="laugh"/>
   <comment nite:id="Bed014.comment.154" starttime="" endtime="" description="muffled"/>
   <vocalsound nite:id="Bed014.vocalsound.373" starttime="" endtime="" description="laugh"/>
   <vocalsound nite:id="Bed014.vocalsound.382" starttime="" endtime="" description="laugh"/>
   <vocalsound nite:id="Bed014.vocalsound.385" starttime="" endtime="" description="laugh"/>
   <nonvocalsound nite:id="Bed014.nonvocalsound.27" starttime="" endtime="" description="mike noise"/>
   <vocalsound nite:id="Bed014.vocalsound.395" starttime="" endtime="" description="laugh"/>
   <vocalsound nite:id="Bed014.vocalsound.398" starttime="" endtime="" description="laugh"/>
   <w nite:id="Bed014.w.12,063" starttime="" endtime="" c="SYM">@</w>
   <w nite:id="Bed014.w.12,064" starttime="" endtime="" c="SYM">@</w>
   <comment nite:id="Bed014.comment.195" starttime="" endtime="" description="very quietly"/>
   <nonvocalsound nite:id="Bed014.nonvocalsound.31" starttime="" endtime="" description="mike noise"/>
   <nonvocalsound nite:id="Bed014.nonvocalsound.32" starttime="" endtime="" description="mike noise"/>
</nite:root>