<?xml version="1.0" encoding="ISO-8859-1" standalone="yes"?>
<nite:root nite:id="Bed014.A.segs" xmlns:nite="http://nite.sourceforge.net/">
   <segment nite:id="Bed014.segment.211" starttime="393.785" endtime="395.211" participant="me045" timing-provenance="segment">
      <nite:child href="Bed014.A.words.xml#id(Bed014.nonvocalsound.16)"/>
   </segment>
   <segment nite:id="Bed014.segment.213" starttime="395.211" endtime="396.856" participant="me045" timing-provenance="segment">
      <nite:child href="Bed014.A.words.xml#id(Bed014.vocalsound.55)"/>
   </segment>
   <segment nite:id="Bed014.segment.220" starttime="403.827" endtime="404.618" participant="me045" timing-provenance="segment">
      <nite:child href="Bed014.A.words.xml#id(Bed014.vocalsound.58)"/>
   </segment>
   <segment nite:id="Bed014.segment.222" starttime="405.157" endtime="406.641" participant="me045" timing-provenance="segment">
      <nite:child href="Bed014.A.words.xml#id(Bed014.w.1,259)..id(Bed014.comment.37)"/>
   </segment>
   <segment nite:id="Bed014.segment.227" starttime="407.393" endtime="408.382" participant="me045" timing-provenance="segment">
      <nite:child href="Bed014.A.words.xml#id(Bed014.vocalsound.62)"/>
   </segment>
   <segment nite:id="Bed014.segment.229" starttime="409.105" endtime="412.45" participant="me045" timing-provenance="segment">
      <nite:child href="Bed014.A.words.xml#id(Bed014.w.1,272)..id(Bed014.comment.39)"/>
   </segment>
   <segment nite:id="Bed014.segment.240" starttime="424.354" endtime="425.084" participant="me045" timing-provenance="segment">
      <nite:child href="Bed014.A.words.xml#id(Bed014.vocalsound.70)"/>
   </segment>
   <segment nite:id="Bed014.segment.242" starttime="425.084" endtime="426.913" participant="me045" timing-provenance="segment">
      <nite:child href="Bed014.A.words.xml#id(Bed014.w.1,347)..id(Bed014.comment.41)"/>
   </segment>
   <segment nite:id="Bed014.segment.244" starttime="426.913" endtime="430.218" participant="me045" timing-provenance="segment">
      <nite:child href="Bed014.A.words.xml#id(Bed014.vocalsound.74)"/>
   </segment>
   <segment nite:id="Bed014.segment.248" starttime="432.126" endtime="433.473" participant="me045" timing-provenance="segment">
      <nite:child href="Bed014.A.words.xml#id(Bed014.vocalsound.76)"/>
   </segment>
   <segment nite:id="Bed014.segment.250" starttime="440.441" endtime="441.459" participant="me045" timing-provenance="segment">
      <nite:child href="Bed014.A.words.xml#id(Bed014.vocalsound.77)"/>
   </segment>
   <segment nite:id="Bed014.segment.254" starttime="442.896" endtime="443.9" participant="me045" timing-provenance="segment">
      <nite:child href="Bed014.A.words.xml#id(Bed014.vocalsound.78)"/>
   </segment>
   <segment nite:id="Bed014.segment.290" starttime="511.216" endtime="512.728" participant="me045" timing-provenance="segment">
      <nite:child href="Bed014.A.words.xml#id(Bed014.vocalsound.83)"/>
   </segment>
   <segment nite:id="Bed014.segment.294" starttime="515.284" endtime="516.15" participant="me045" timing-provenance="segment">
      <nite:child href="Bed014.A.words.xml#id(Bed014.w.1,693)..id(Bed014.vocalsound.85)"/>
   </segment>
   <segment nite:id="Bed014.segment.300" starttime="528.406" endtime="528.886" participant="me045" timing-provenance="dialogueact">
      <nite:child href="Bed014.A.words.xml#id(Bed014.w.1,728)..id(Bed014.w.1,729)"/>
   </segment>
   <segment nite:id="Bed014.segment.302" starttime="529.934" endtime="533.934" participant="me045" timing-provenance="dialogueact">
      <nite:child href="Bed014.A.words.xml#id(Bed014.w.1,731)..id(Bed014.w.1,759)"/>
   </segment>
   <segment nite:id="Bed014.segment.305" starttime="536.073" endtime="537.778" participant="me045" timing-provenance="segment">
      <nite:child href="Bed014.A.words.xml#id(Bed014.vocalsound.90)"/>
   </segment>
   <segment nite:id="Bed014.segment.314" starttime="550.794" endtime="551.704" participant="me045" timing-provenance="dialogueact">
      <nite:child href="Bed014.A.words.xml#id(Bed014.w.1,803)..id(Bed014.w.1,805)"/>
   </segment>
   <segment nite:id="Bed014.segment.317" starttime="552.324" endtime="553.384" participant="me045" timing-provenance="dialogueact">
      <nite:child href="Bed014.A.words.xml#id(Bed014.w.1,819)..id(Bed014.w.1,824)"/>
   </segment>
   <segment nite:id="Bed014.segment.318" starttime="554.52" endtime="554.99" participant="me045" timing-provenance="dialogueact">
      <nite:child href="Bed014.A.words.xml#id(Bed014.w.1,825)..id(Bed014.w.1,826)"/>
   </segment>
   <segment nite:id="Bed014.segment.323" starttime="565.314" endtime="565.896" participant="me045" timing-provenance="segment">
      <nite:child href="Bed014.A.words.xml#id(Bed014.vocalsound.96)"/>
   </segment>
   <segment nite:id="Bed014.segment.325" starttime="569.62" endtime="570.2" participant="me045" timing-provenance="dialogueact">
      <nite:child href="Bed014.A.words.xml#id(Bed014.w.1,891)..id(Bed014.w.1,894)"/>
   </segment>
   <segment nite:id="Bed014.segment.328" starttime="570.527" endtime="572.536" participant="me045" timing-provenance="segment">
      <nite:child href="Bed014.A.words.xml#id(Bed014.vocalsound.97)"/>
   </segment>
   <segment nite:id="Bed014.segment.337" starttime="577.04" endtime="578.842" participant="me045" timing-provenance="segment">
      <nite:child href="Bed014.A.words.xml#id(Bed014.w.1,929)..id(Bed014.vocalsound.105)"/>
   </segment>
   <segment nite:id="Bed014.segment.353" starttime="602.381" endtime="602.771" participant="me045" timing-provenance="dialogueact">
      <nite:child href="Bed014.A.words.xml#id(Bed014.w.2,050)..id(Bed014.w.2,051)"/>
   </segment>
   <segment nite:id="Bed014.segment.369" starttime="666.959" endtime="668.286" participant="me045" timing-provenance="segment">
      <nite:child href="Bed014.A.words.xml#id(Bed014.w.2,223)..id(Bed014.vocalsound.114)"/>
   </segment>
   <segment nite:id="Bed014.segment.377" starttime="679.541" endtime="680.807" participant="me045" timing-provenance="segment">
      <nite:child href="Bed014.A.words.xml#id(Bed014.w.2,234)..id(Bed014.vocalsound.121)"/>
   </segment>
   <segment nite:id="Bed014.segment.384" starttime="682.547" endtime="683.63" participant="me045" timing-provenance="segment">
      <nite:child href="Bed014.A.words.xml#id(Bed014.w.2,271)..id(Bed014.vocalsound.123)"/>
   </segment>
   <segment nite:id="Bed014.segment.423" starttime="846.537" endtime="847.526" participant="me045" timing-provenance="segment">
      <nite:child href="Bed014.A.words.xml#id(Bed014.w.2,763)..id(Bed014.vocalsound.137)"/>
   </segment>
   <segment nite:id="Bed014.segment.428" starttime="858.32" endtime="863.78" participant="me045" timing-provenance="segment">
      <nite:child href="Bed014.A.words.xml#id(Bed014.w.2,778)..id(Bed014.disfmarker.89)"/>
   </segment>
   <segment nite:id="Bed014.segment.429" starttime="864.379" endtime="874.659" participant="me045" timing-provenance="dialogueact">
      <nite:child href="Bed014.A.words.xml#id(Bed014.w.2,798)..id(Bed014.w.2,842)"/>
   </segment>
   <segment nite:id="Bed014.segment.431" starttime="875.04" endtime="878.81" participant="me045" timing-provenance="dialogueact">
      <nite:child href="Bed014.A.words.xml#id(Bed014.w.2,845)..id(Bed014.w.2,868)"/>
   </segment>
   <segment nite:id="Bed014.segment.432" starttime="879.07" endtime="891.33" participant="me045" timing-provenance="dialogueact">
      <nite:child href="Bed014.A.words.xml#id(Bed014.w.2,869)..id(Bed014.w.2,917)"/>
   </segment>
   <segment nite:id="Bed014.segment.435" starttime="892.396" endtime="895.838" participant="me045" timing-provenance="segment">
      <nite:child href="Bed014.A.words.xml#id(Bed014.w.2,922)..id(Bed014.vocalsound.143)"/>
   </segment>
   <segment nite:id="Bed014.segment.443" starttime="916.504" endtime="916.744" participant="me045" timing-provenance="dialogueact">
      <nite:child href="Bed014.A.words.xml#id(Bed014.w.3,007)..id(Bed014.w.3,008)"/>
   </segment>
   <segment nite:id="Bed014.segment.447" starttime="932.946" endtime="933.256" participant="me045" timing-provenance="dialogueact">
      <nite:child href="Bed014.A.words.xml#id(Bed014.w.3,061)..id(Bed014.w.3,064)"/>
   </segment>
   <segment nite:id="Bed014.segment.449" starttime="935.024" endtime="935.274" participant="me045" timing-provenance="dialogueact">
      <nite:child href="Bed014.A.words.xml#id(Bed014.w.3,069)..id(Bed014.w.3,070)"/>
   </segment>
   <segment nite:id="Bed014.segment.453" starttime="947.037" endtime="947.387" participant="me045" timing-provenance="dialogueact">
      <nite:child href="Bed014.A.words.xml#id(Bed014.w.3,098)..id(Bed014.w.3,099)"/>
   </segment>
   <segment nite:id="Bed014.segment.456" starttime="949.173" endtime="949.393" participant="me045" timing-provenance="dialogueact">
      <nite:child href="Bed014.A.words.xml#id(Bed014.w.3,106)..id(Bed014.w.3,107)"/>
   </segment>
   <segment nite:id="Bed014.segment.461" starttime="952.318" endtime="953.302" participant="me045" timing-provenance="segment">
      <nite:child href="Bed014.A.words.xml#id(Bed014.vocalsound.148)"/>
   </segment>
   <segment nite:id="Bed014.segment.462" starttime="953.302" endtime="956.115" participant="me045" timing-provenance="segment">
      <nite:child href="Bed014.A.words.xml#id(Bed014.w.3,121)..id(Bed014.vocalsound.149)"/>
   </segment>
   <segment nite:id="Bed014.segment.470" starttime="967.579" endtime="967.819" participant="me045" timing-provenance="dialogueact">
      <nite:child href="Bed014.A.words.xml#id(Bed014.w.3,163)..id(Bed014.w.3,164)"/>
   </segment>
   <segment nite:id="Bed014.segment.473" starttime="969.705" endtime="970.275" participant="me045" timing-provenance="dialogueact">
      <nite:child href="Bed014.A.words.xml#id(Bed014.w.3,166)..id(Bed014.w.3,170)"/>
   </segment>
   <segment nite:id="Bed014.segment.476" starttime="982.676" endtime="983.156" participant="me045" timing-provenance="dialogueact">
      <nite:child href="Bed014.A.words.xml#id(Bed014.w.3,207)..id(Bed014.w.3,210)"/>
   </segment>
   <segment nite:id="Bed014.segment.478" starttime="983.971" endtime="984.623" participant="me045" timing-provenance="segment">
      <nite:child href="Bed014.A.words.xml#id(Bed014.w.3,218)..id(Bed014.comment.71)"/>
   </segment>
   <segment nite:id="Bed014.segment.479" starttime="985.46" endtime="985.72" participant="me045" timing-provenance="dialogueact">
      <nite:child href="Bed014.A.words.xml#id(Bed014.w.3,220)..id(Bed014.w.3,221)"/>
   </segment>
   <segment nite:id="Bed014.segment.481" starttime="987.63" endtime="988.717" participant="me045" timing-provenance="segment">
      <nite:child href="Bed014.A.words.xml#id(Bed014.w.3,236)..id(Bed014.vocalsound.155)"/>
   </segment>
   <segment nite:id="Bed014.segment.483" starttime="988.717" endtime="993.123" participant="me045" timing-provenance="segment">
      <nite:child href="Bed014.A.words.xml#id(Bed014.w.3,240)..id(Bed014.vocalsound.157)"/>
   </segment>
   <segment nite:id="Bed014.segment.485" starttime="993.38" endtime="994.023" participant="me045" timing-provenance="segment">
      <nite:child href="Bed014.A.words.xml#id(Bed014.vocalsound.158)"/>
   </segment>
   <segment nite:id="Bed014.segment.486" starttime="995.48" endtime="995.75" participant="me045" timing-provenance="dialogueact">
      <nite:child href="Bed014.A.words.xml#id(Bed014.w.3,274)..id(Bed014.w.3,275)"/>
   </segment>
   <segment nite:id="Bed014.segment.490" starttime="999.073" endtime="999.313" participant="me045" timing-provenance="dialogueact">
      <nite:child href="Bed014.A.words.xml#id(Bed014.w.3,291)..id(Bed014.w.3,292)"/>
   </segment>
   <segment nite:id="Bed014.segment.496" starttime="1003.13" endtime="1003.37" participant="me045" timing-provenance="dialogueact">
      <nite:child href="Bed014.A.words.xml#id(Bed014.w.3,317)..id(Bed014.w.3,318)"/>
   </segment>
   <segment nite:id="Bed014.segment.501" starttime="1011.88" endtime="1014.798" participant="me045" timing-provenance="segment">
      <nite:child href="Bed014.A.words.xml#id(Bed014.w.3,334)..id(Bed014.comment.74)"/>
   </segment>
   <segment nite:id="Bed014.segment.503" starttime="1014.798" endtime="1016.48" participant="me045" timing-provenance="segment">
      <nite:child href="Bed014.A.words.xml#id(Bed014.w.3,353)..id(Bed014.comment.75)"/>
   </segment>
   <segment nite:id="Bed014.segment.506" starttime="1018.79" endtime="1020.23" participant="me045" timing-provenance="dialogueact">
      <nite:child href="Bed014.A.words.xml#id(Bed014.w.3,397)..id(Bed014.w.3,408)"/>
   </segment>
   <segment nite:id="Bed014.segment.507" starttime="1021.5" endtime="1021.85" participant="me045" timing-provenance="dialogueact">
      <nite:child href="Bed014.A.words.xml#id(Bed014.w.3,409)..id(Bed014.w.3,410)"/>
   </segment>
   <segment nite:id="Bed014.segment.509" starttime="1023.054" endtime="1025.21" participant="me045" timing-provenance="segment">
      <nite:child href="Bed014.A.words.xml#id(Bed014.w.3,421)..id(Bed014.vocalsound.163)"/>
   </segment>
   <segment nite:id="Bed014.segment.510" starttime="1025.528" endtime="1026.987" participant="me045" timing-provenance="segment">
      <nite:child href="Bed014.A.words.xml#id(Bed014.w.3,431)..id(Bed014.vocalsound.164)"/>
   </segment>
   <segment nite:id="Bed014.segment.512" starttime="1029.02" endtime="1029.22" participant="me045" timing-provenance="dialogueact">
      <nite:child href="Bed014.A.words.xml#id(Bed014.w.3,448)..id(Bed014.w.3,449)"/>
   </segment>
   <segment nite:id="Bed014.segment.515" starttime="1034.28" endtime="1034.53" participant="me045" timing-provenance="dialogueact">
      <nite:child href="Bed014.A.words.xml#id(Bed014.w.3,464)..id(Bed014.w.3,467)"/>
   </segment>
   <segment nite:id="Bed014.segment.517" starttime="1035.28" endtime="1035.5" participant="me045" timing-provenance="dialogueact">
      <nite:child href="Bed014.A.words.xml#id(Bed014.w.3,472)..id(Bed014.w.3,473)"/>
   </segment>
   <segment nite:id="Bed014.segment.520" starttime="1040.76" endtime="1041.08" participant="me045" timing-provenance="dialogueact">
      <nite:child href="Bed014.A.words.xml#id(Bed014.w.3,505)..id(Bed014.w.3,506)"/>
   </segment>
   <segment nite:id="Bed014.segment.522" starttime="1042.04" endtime="1045.53" participant="me045" timing-provenance="dialogueact">
      <nite:child href="Bed014.A.words.xml#id(Bed014.w.3,511)..id(Bed014.w.3,530)"/>
   </segment>
   <segment nite:id="Bed014.segment.525" starttime="1049.37" endtime="1049.64" participant="me045" timing-provenance="dialogueact">
      <nite:child href="Bed014.A.words.xml#id(Bed014.w.3,548)..id(Bed014.w.3,549)"/>
   </segment>
   <segment nite:id="Bed014.segment.527" starttime="1051.57" endtime="1051.8" participant="me045" timing-provenance="dialogueact">
      <nite:child href="Bed014.A.words.xml#id(Bed014.w.3,567)..id(Bed014.w.3,568)"/>
   </segment>
   <segment nite:id="Bed014.segment.535" starttime="1076.15" endtime="1076.54" participant="me045" timing-provenance="dialogueact">
      <nite:child href="Bed014.A.words.xml#id(Bed014.w.3,633)..id(Bed014.w.3,634)"/>
   </segment>
   <segment nite:id="Bed014.segment.536" starttime="1077.15" endtime="1083.508" participant="me045" timing-provenance="segment">
      <nite:child href="Bed014.A.words.xml#id(Bed014.w.3,635)..id(Bed014.disfmarker.128)"/>
   </segment>
   <segment nite:id="Bed014.segment.538" starttime="1084.003" endtime="1088.04" participant="me045" timing-provenance="segment">
      <nite:child href="Bed014.A.words.xml#id(Bed014.w.3,671)..id(Bed014.disfmarker.129)"/>
   </segment>
   <segment nite:id="Bed014.segment.543" starttime="1101.156" endtime="1102.105" participant="me045" timing-provenance="segment">
      <nite:child href="Bed014.A.words.xml#id(Bed014.w.3,723)..id(Bed014.vocalsound.170)"/>
   </segment>
   <segment nite:id="Bed014.segment.547" starttime="1104.28" endtime="1108.82" participant="me045" timing-provenance="dialogueact">
      <nite:child href="Bed014.A.words.xml#id(Bed014.w.3,728)..id(Bed014.w.3,743)"/>
   </segment>
   <segment nite:id="Bed014.segment.553" starttime="1112.13" endtime="1114.45" participant="me045" timing-provenance="dialogueact">
      <nite:child href="Bed014.A.words.xml#id(Bed014.w.3,761)..id(Bed014.w.3,771)"/>
   </segment>
   <segment nite:id="Bed014.segment.555" starttime="1115.35" endtime="1118.85" participant="me045" timing-provenance="dialogueact">
      <nite:child href="Bed014.A.words.xml#id(Bed014.w.3,774)..id(Bed014.w.3,789)"/>
   </segment>
   <segment nite:id="Bed014.segment.558" starttime="1119.38" endtime="1126.34" participant="me045" timing-provenance="dialogueact">
      <nite:child href="Bed014.A.words.xml#id(Bed014.w.3,794)..id(Bed014.w.3,814)"/>
   </segment>
   <segment nite:id="Bed014.segment.563" starttime="1127.23" endtime="1134.72" participant="me045" timing-provenance="dialogueact">
      <nite:child href="Bed014.A.words.xml#id(Bed014.w.3,835)..id(Bed014.w.3,865)"/>
   </segment>
   <segment nite:id="Bed014.segment.578" starttime="1168.87" endtime="1169.13" participant="me045" timing-provenance="dialogueact">
      <nite:child href="Bed014.A.words.xml#id(Bed014.w.4,028)..id(Bed014.w.4,029)"/>
   </segment>
   <segment nite:id="Bed014.segment.583" starttime="1182.11" endtime="1182.35" participant="me045" timing-provenance="dialogueact">
      <nite:child href="Bed014.A.words.xml#id(Bed014.w.4,046)..id(Bed014.w.4,049)"/>
   </segment>
   <segment nite:id="Bed014.segment.586" starttime="1187.71" endtime="1188.01" participant="me045" timing-provenance="dialogueact">
      <nite:child href="Bed014.A.words.xml#id(Bed014.w.4,056)..id(Bed014.w.4,057)"/>
   </segment>
   <segment nite:id="Bed014.segment.594" starttime="1198.89" endtime="1199.42" participant="me045" timing-provenance="dialogueact">
      <nite:child href="Bed014.A.words.xml#id(Bed014.w.4,115)..id(Bed014.w.4,116)"/>
   </segment>
   <segment nite:id="Bed014.segment.597" starttime="1202.27" endtime="1203.92" participant="me045" timing-provenance="dialogueact">
      <nite:child href="Bed014.A.words.xml#id(Bed014.w.4,129)..id(Bed014.w.4,134)"/>
   </segment>
   <segment nite:id="Bed014.segment.599" starttime="1204.78" endtime="1208.99" participant="me045" timing-provenance="dialogueact">
      <nite:child href="Bed014.A.words.xml#id(Bed014.w.4,138)..id(Bed014.w.4,161)"/>
   </segment>
   <segment nite:id="Bed014.segment.604" starttime="1210.27" endtime="1215.76" participant="me045" timing-provenance="dialogueact">
      <nite:child href="Bed014.A.words.xml#id(Bed014.w.4,169)..id(Bed014.w.4,193)"/>
   </segment>
   <segment nite:id="Bed014.segment.607" starttime="1220.44" endtime="1220.74" participant="me045" timing-provenance="dialogueact">
      <nite:child href="Bed014.A.words.xml#id(Bed014.w.4,215)..id(Bed014.w.4,216)"/>
   </segment>
   <segment nite:id="Bed014.segment.609" starttime="1221.26" endtime="1224.68" participant="me045" timing-provenance="dialogueact">
      <nite:child href="Bed014.A.words.xml#id(Bed014.w.4,221)..id(Bed014.w.4,233)"/>
   </segment>
   <segment nite:id="Bed014.segment.618" starttime="1242.45" endtime="1243.09" participant="me045" timing-provenance="dialogueact">
      <nite:child href="Bed014.A.words.xml#id(Bed014.w.4,317)..id(Bed014.w.4,320)"/>
   </segment>
   <segment nite:id="Bed014.segment.621" starttime="1244.9" endtime="1245.98" participant="me045" timing-provenance="dialogueact">
      <nite:child href="Bed014.A.words.xml#id(Bed014.w.4,328)..id(Bed014.w.4,335)"/>
   </segment>
   <segment nite:id="Bed014.segment.626" starttime="1248.84" endtime="1249.11" participant="me045" timing-provenance="dialogueact">
      <nite:child href="Bed014.A.words.xml#id(Bed014.w.4,376)..id(Bed014.w.4,377)"/>
   </segment>
   <segment nite:id="Bed014.segment.630" starttime="1258.28" endtime="1258.64" participant="me045" timing-provenance="dialogueact">
      <nite:child href="Bed014.A.words.xml#id(Bed014.w.4,399)..id(Bed014.w.4,400)"/>
   </segment>
   <segment nite:id="Bed014.segment.666" starttime="1391.54" endtime="1408.87" participant="me045" timing-provenance="dialogueact">
      <nite:child href="Bed014.A.words.xml#id(Bed014.w.4,809)..id(Bed014.w.4,873)"/>
   </segment>
   <segment nite:id="Bed014.segment.674" starttime="1413.88" endtime="1414.22" participant="me045" timing-provenance="dialogueact">
      <nite:child href="Bed014.A.words.xml#id(Bed014.w.4,907)..id(Bed014.w.4,908)"/>
   </segment>
   <segment nite:id="Bed014.segment.675" starttime="1417.3" endtime="1417.54" participant="me045" timing-provenance="dialogueact">
      <nite:child href="Bed014.A.words.xml#id(Bed014.w.4,909)..id(Bed014.w.4,910)"/>
   </segment>
   <segment nite:id="Bed014.segment.695" starttime="1486.94" endtime="1487.35" participant="me045" timing-provenance="dialogueact">
      <nite:child href="Bed014.A.words.xml#id(Bed014.w.5,136)..id(Bed014.w.5,139)"/>
   </segment>
   <segment nite:id="Bed014.segment.697" starttime="1489.06" endtime="1489.27" participant="me045" timing-provenance="dialogueact">
      <nite:child href="Bed014.A.words.xml#id(Bed014.w.5,147)..id(Bed014.w.5,148)"/>
   </segment>
   <segment nite:id="Bed014.segment.700" starttime="1493.15" endtime="1494.44" participant="me045" timing-provenance="dialogueact">
      <nite:child href="Bed014.A.words.xml#id(Bed014.w.5,172)..id(Bed014.w.5,179)"/>
   </segment>
   <segment nite:id="Bed014.segment.705" starttime="1506.11" endtime="1506.37" participant="me045" timing-provenance="dialogueact">
      <nite:child href="Bed014.A.words.xml#id(Bed014.w.5,213)..id(Bed014.w.5,214)"/>
   </segment>
   <segment nite:id="Bed014.segment.707" starttime="1511.09" endtime="1511.31" participant="me045" timing-provenance="dialogueact">
      <nite:child href="Bed014.A.words.xml#id(Bed014.w.5,242)..id(Bed014.w.5,243)"/>
   </segment>
   <segment nite:id="Bed014.segment.710" starttime="1513.3" endtime="1513.94" participant="me045" timing-provenance="dialogueact">
      <nite:child href="Bed014.A.words.xml#id(Bed014.w.5,269)..id(Bed014.w.5,272)"/>
   </segment>
   <segment nite:id="Bed014.segment.711" starttime="1515.03" endtime="1516.417" participant="me045" timing-provenance="segment">
      <nite:child href="Bed014.A.words.xml#id(Bed014.vocalsound.200)"/>
   </segment>
   <segment nite:id="Bed014.segment.724" starttime="1554.99" endtime="1555.5" participant="me045" timing-provenance="dialogueact">
      <nite:child href="Bed014.A.words.xml#id(Bed014.w.5,383)..id(Bed014.w.5,386)"/>
   </segment>
   <segment nite:id="Bed014.segment.733" starttime="1572.39" endtime="1572.72" participant="me045" timing-provenance="dialogueact">
      <nite:child href="Bed014.A.words.xml#id(Bed014.w.5,433)..id(Bed014.w.5,434)"/>
   </segment>
   <segment nite:id="Bed014.segment.734" starttime="1573.499" endtime="1577.002" participant="me045" timing-provenance="segment">
      <nite:child href="Bed014.A.words.xml#id(Bed014.w.5,435)..id(Bed014.comment.90)"/>
   </segment>
   <segment nite:id="Bed014.segment.736" starttime="1580.6" endtime="1580.87" participant="me045" timing-provenance="dialogueact">
      <nite:child href="Bed014.A.words.xml#id(Bed014.w.5,479)..id(Bed014.w.5,480)"/>
   </segment>
   <segment nite:id="Bed014.segment.739" starttime="1587.94" endtime="1588.29" participant="me045" timing-provenance="dialogueact">
      <nite:child href="Bed014.A.words.xml#id(Bed014.w.5,526)..id(Bed014.w.5,529)"/>
   </segment>
   <segment nite:id="Bed014.segment.740" starttime="1591.96" endtime="1592.2" participant="me045" timing-provenance="dialogueact">
      <nite:child href="Bed014.A.words.xml#id(Bed014.w.5,530)..id(Bed014.w.5,531)"/>
   </segment>
   <segment nite:id="Bed014.segment.752" starttime="1629.533" endtime="1630.759" participant="me045" timing-provenance="segment">
      <nite:child href="Bed014.A.words.xml#id(Bed014.w.5,666)..id(Bed014.vocalsound.210)"/>
   </segment>
   <segment nite:id="Bed014.segment.760" starttime="1642.587" endtime="1643.616" participant="me045" timing-provenance="segment">
      <nite:child href="Bed014.A.words.xml#id(Bed014.w.5,743)..id(Bed014.vocalsound.212)"/>
   </segment>
   <segment nite:id="Bed014.segment.789" starttime="1692.229" endtime="1694.701" participant="me045" timing-provenance="segment">
      <nite:child href="Bed014.A.words.xml#id(Bed014.vocalsound.219)"/>
   </segment>
   <segment nite:id="Bed014.segment.889" starttime="1892.4" endtime="1893.419" participant="me045" timing-provenance="segment">
      <nite:child href="Bed014.A.words.xml#id(Bed014.vocalsound.255)"/>
   </segment>
   <segment nite:id="Bed014.segment.895" starttime="1902.023" endtime="1903.368" participant="me045" timing-provenance="segment">
      <nite:child href="Bed014.A.words.xml#id(Bed014.vocalsound.259)"/>
   </segment>
   <segment nite:id="Bed014.segment.896" starttime="1904.832" endtime="1906.35" participant="me045" timing-provenance="segment">
      <nite:child href="Bed014.A.words.xml#id(Bed014.vocalsound.260)"/>
   </segment>
   <segment nite:id="Bed014.segment.899" starttime="1907.296" endtime="1909.83" participant="me045" timing-provenance="segment">
      <nite:child href="Bed014.A.words.xml#id(Bed014.w.6,661)..id(Bed014.vocalsound.263)"/>
   </segment>
   <segment nite:id="Bed014.segment.909" starttime="1920.59" endtime="1920.98" participant="me045" timing-provenance="dialogueact">
      <nite:child href="Bed014.A.words.xml#id(Bed014.w.6,731)..id(Bed014.w.6,733)"/>
   </segment>
   <segment nite:id="Bed014.segment.918" starttime="1925.309" endtime="1945.656" participant="me045" timing-provenance="segment">
      <nite:child href="Bed014.A.words.xml#id(Bed014.comment.119)"/>
   </segment>
   <segment nite:id="Bed014.segment.933" starttime="1969.2" endtime="1969.44" participant="me045" timing-provenance="dialogueact">
      <nite:child href="Bed014.A.words.xml#id(Bed014.w.6,827)..id(Bed014.w.6,830)"/>
   </segment>
   <segment nite:id="Bed014.segment.937" starttime="1972.32" endtime="1972.997" participant="me045" timing-provenance="segment">
      <nite:child href="Bed014.A.words.xml#id(Bed014.w.6,858)..id(Bed014.vocalsound.275)"/>
   </segment>
   <segment nite:id="Bed014.segment.938" starttime="1973.65" endtime="1973.98" participant="me045" timing-provenance="dialogueact">
      <nite:child href="Bed014.A.words.xml#id(Bed014.w.6,860)..id(Bed014.w.6,861)"/>
   </segment>
   <segment nite:id="Bed014.segment.941" starttime="1975.529" endtime="1980.65" participant="me045" timing-provenance="segment">
      <nite:child href="Bed014.A.words.xml#id(Bed014.vocalsound.277)..id(Bed014.vocalsound.278)"/>
   </segment>
   <segment nite:id="Bed014.segment.949" starttime="1982.63" endtime="1982.89" participant="me045" timing-provenance="dialogueact">
      <nite:child href="Bed014.A.words.xml#id(Bed014.w.6,944)..id(Bed014.w.6,945)"/>
   </segment>
   <segment nite:id="Bed014.segment.957" starttime="1988.97" endtime="1992.056" participant="me045" timing-provenance="segment">
      <nite:child href="Bed014.A.words.xml#id(Bed014.vocalsound.288)..id(Bed014.vocalsound.289)"/>
   </segment>
   <segment nite:id="Bed014.segment.961" starttime="1993.73" endtime="1994.78" participant="me045" timing-provenance="dialogueact">
      <nite:child href="Bed014.A.words.xml#id(Bed014.w.6,999)..id(Bed014.w.7,006)"/>
   </segment>
   <segment nite:id="Bed014.segment.963" starttime="1995.4" endtime="1997.81" participant="me045" timing-provenance="segment">
      <nite:child href="Bed014.A.words.xml#id(Bed014.w.7,015)..id(Bed014.vocalsound.292)"/>
   </segment>
   <segment nite:id="Bed014.segment.965" starttime="1998.56" endtime="1998.74" participant="me045" timing-provenance="dialogueact">
      <nite:child href="Bed014.A.words.xml#id(Bed014.w.7,031)..id(Bed014.w.7,032)"/>
   </segment>
   <segment nite:id="Bed014.segment.973" starttime="2008.004" endtime="2010.674" participant="me045" timing-provenance="segment">
      <nite:child href="Bed014.A.words.xml#id(Bed014.vocalsound.295)"/>
   </segment>
   <segment nite:id="Bed014.segment.979" starttime="2011.168" endtime="2011.959" participant="me045" timing-provenance="segment">
      <nite:child href="Bed014.A.words.xml#id(Bed014.vocalsound.301)"/>
   </segment>
   <segment nite:id="Bed014.segment.982" starttime="2012.99" endtime="2014.19" participant="me045" timing-provenance="segment">
      <nite:child href="Bed014.A.words.xml#id(Bed014.w.7,113)..id(Bed014.vocalsound.303)"/>
   </segment>
   <segment nite:id="Bed014.segment.994" starttime="2028.593" endtime="2029.226" participant="me045" timing-provenance="segment">
      <nite:child href="Bed014.A.words.xml#id(Bed014.vocalsound.306)"/>
   </segment>
   <segment nite:id="Bed014.segment.1,001" starttime="2043.547" endtime="2044.899" participant="me045" timing-provenance="segment">
      <nite:child href="Bed014.A.words.xml#id(Bed014.nonvocalsound.25)..id(Bed014.w.7,232)"/>
   </segment>
   <segment nite:id="Bed014.segment.1,006" starttime="2047.394" endtime="2049.73" participant="me045" timing-provenance="segment">
      <nite:child href="Bed014.A.words.xml#id(Bed014.vocalsound.311)..id(Bed014.vocalsound.312)"/>
   </segment>
   <segment nite:id="Bed014.segment.1,008" starttime="2050.129" endtime="2050.487" participant="me045" timing-provenance="segment">
      <nite:child href="Bed014.A.words.xml#id(Bed014.vocalsound.313)"/>
   </segment>
   <segment nite:id="Bed014.segment.1,014" starttime="2059.032" endtime="2060.021" participant="me045" timing-provenance="segment">
      <nite:child href="Bed014.A.words.xml#id(Bed014.vocalsound.314)"/>
   </segment>
   <segment nite:id="Bed014.segment.1,019" starttime="2060.56" endtime="2062.561" participant="me045" timing-provenance="segment">
      <nite:child href="Bed014.A.words.xml#id(Bed014.w.7,318)..id(Bed014.vocalsound.319)"/>
   </segment>
   <segment nite:id="Bed014.segment.1,022" starttime="2062.88" endtime="2064.27" participant="me045" timing-provenance="segment">
      <nite:child href="Bed014.A.words.xml#id(Bed014.vocalsound.320)"/>
   </segment>
   <segment nite:id="Bed014.segment.1,023" starttime="2065.119" endtime="2066.701" participant="me045" timing-provenance="segment">
      <nite:child href="Bed014.A.words.xml#id(Bed014.vocalsound.321)"/>
   </segment>
   <segment nite:id="Bed014.segment.1,034" starttime="2081.36" endtime="2081.68" participant="me045" timing-provenance="dialogueact">
      <nite:child href="Bed014.A.words.xml#id(Bed014.w.7,419)..id(Bed014.w.7,420)"/>
   </segment>
   <segment nite:id="Bed014.segment.1,039" starttime="2084.05" endtime="2084.39" participant="me045" timing-provenance="dialogueact">
      <nite:child href="Bed014.A.words.xml#id(Bed014.w.7,443)..id(Bed014.w.7,445)"/>
   </segment>
   <segment nite:id="Bed014.segment.1,046" starttime="2091.98" endtime="2092.23" participant="me045" timing-provenance="dialogueact">
      <nite:child href="Bed014.A.words.xml#id(Bed014.w.7,485)..id(Bed014.w.7,486)"/>
   </segment>
   <segment nite:id="Bed014.segment.1,065" starttime="2136.85" endtime="2139.64" participant="me045" timing-provenance="dialogueact">
      <nite:child href="Bed014.A.words.xml#id(Bed014.w.7,652)..id(Bed014.w.7,663)"/>
   </segment>
   <segment nite:id="Bed014.segment.1,068" starttime="2140.05" endtime="2142.18" participant="me045" timing-provenance="dialogueact">
      <nite:child href="Bed014.A.words.xml#id(Bed014.w.7,678)..id(Bed014.w.7,688)"/>
   </segment>
   <segment nite:id="Bed014.segment.1,086" starttime="2176.7" endtime="2186.174" participant="me045" timing-provenance="segment">
      <nite:child href="Bed014.A.words.xml#id(Bed014.w.7,824)..id(Bed014.vocalsound.347)"/>
   </segment>
   <segment nite:id="Bed014.segment.1,091" starttime="2187.76" endtime="2189.02" participant="me045" timing-provenance="dialogueact">
      <nite:child href="Bed014.A.words.xml#id(Bed014.w.7,892)..id(Bed014.w.7,898)"/>
   </segment>
   <segment nite:id="Bed014.segment.1,094" starttime="2190.43" endtime="2190.72" participant="me045" timing-provenance="dialogueact">
      <nite:child href="Bed014.A.words.xml#id(Bed014.w.7,916)..id(Bed014.w.7,917)"/>
   </segment>
   <segment nite:id="Bed014.segment.1,095" starttime="2192.52" endtime="2192.82" participant="me045" timing-provenance="dialogueact">
      <nite:child href="Bed014.A.words.xml#id(Bed014.w.7,918)..id(Bed014.w.7,919)"/>
   </segment>
   <segment nite:id="Bed014.segment.1,098" starttime="2195.168" endtime="2195.999" participant="me045" timing-provenance="segment">
      <nite:child href="Bed014.A.words.xml#id(Bed014.vocalsound.351)"/>
   </segment>
   <segment nite:id="Bed014.segment.1,111" starttime="2215.13" endtime="2215.36" participant="me045" timing-provenance="dialogueact">
      <nite:child href="Bed014.A.words.xml#id(Bed014.w.8,041)..id(Bed014.w.8,042)"/>
   </segment>
   <segment nite:id="Bed014.segment.1,132" starttime="2245.208" endtime="2246.869" participant="me045" timing-provenance="segment">
      <nite:child href="Bed014.A.words.xml#id(Bed014.w.8,175)..id(Bed014.vocalsound.357)"/>
   </segment>
   <segment nite:id="Bed014.segment.1,135" starttime="2249.06" endtime="2249.59" participant="me045" timing-provenance="dialogueact">
      <nite:child href="Bed014.A.words.xml#id(Bed014.w.8,206)..id(Bed014.w.8,208)"/>
   </segment>
   <segment nite:id="Bed014.segment.1,138" starttime="2253.64" endtime="2254.06" participant="me045" timing-provenance="dialogueact">
      <nite:child href="Bed014.A.words.xml#id(Bed014.w.8,214)..id(Bed014.w.8,217)"/>
   </segment>
   <segment nite:id="Bed014.segment.1,148" starttime="2266.966" endtime="2268.173" participant="me045" timing-provenance="segment">
      <nite:child href="Bed014.A.words.xml#id(Bed014.w.8,284)..id(Bed014.disfmarker.336)"/>
   </segment>
   <segment nite:id="Bed014.segment.1,162" starttime="2292.53" endtime="2294.46" participant="me045" timing-provenance="segment">
      <nite:child href="Bed014.A.words.xml#id(Bed014.w.8,381)..id(Bed014.comment.155)"/>
   </segment>
   <segment nite:id="Bed014.segment.1,165" starttime="2300.69" endtime="2303.11" participant="me045" timing-provenance="dialogueact">
      <nite:child href="Bed014.A.words.xml#id(Bed014.w.8,395)..id(Bed014.w.8,402)"/>
   </segment>
   <segment nite:id="Bed014.segment.1,167" starttime="2303.64" endtime="2305.61" participant="me045" timing-provenance="dialogueact">
      <nite:child href="Bed014.A.words.xml#id(Bed014.w.8,408)..id(Bed014.w.8,419)"/>
   </segment>
   <segment nite:id="Bed014.segment.1,169" starttime="2306.89" endtime="2314.584" participant="me045" timing-provenance="segment">
      <nite:child href="Bed014.A.words.xml#id(Bed014.w.8,422)..id(Bed014.comment.157)"/>
   </segment>
   <segment nite:id="Bed014.segment.1,172" starttime="2316.741" endtime="2318.007" participant="me045" timing-provenance="segment">
      <nite:child href="Bed014.A.words.xml#id(Bed014.vocalsound.371)"/>
   </segment>
   <segment nite:id="Bed014.segment.1,180" starttime="2325.7" endtime="2328.2" participant="me045" timing-provenance="dialogueact">
      <nite:child href="Bed014.A.words.xml#id(Bed014.w.8,511)..id(Bed014.w.8,522)"/>
   </segment>
   <segment nite:id="Bed014.segment.1,184" starttime="2329.74" endtime="2331.698" participant="me045" timing-provenance="segment">
      <nite:child href="Bed014.A.words.xml#id(Bed014.vocalsound.376)"/>
   </segment>
   <segment nite:id="Bed014.segment.1,186" starttime="2333.44" endtime="2334.16" participant="me045" timing-provenance="dialogueact">
      <nite:child href="Bed014.A.words.xml#id(Bed014.w.8,541)..id(Bed014.w.8,544)"/>
   </segment>
   <segment nite:id="Bed014.segment.1,188" starttime="2335.63" endtime="2337.26" participant="me045" timing-provenance="dialogueact">
      <nite:child href="Bed014.A.words.xml#id(Bed014.w.8,587)..id(Bed014.w.8,592)"/>
   </segment>
   <segment nite:id="Bed014.segment.1,190" starttime="2340.16" endtime="2340.38" participant="me045" timing-provenance="dialogueact">
      <nite:child href="Bed014.A.words.xml#id(Bed014.w.8,595)..id(Bed014.w.8,596)"/>
   </segment>
   <segment nite:id="Bed014.segment.1,200" starttime="2358.24" endtime="2359.67" participant="me045" timing-provenance="dialogueact">
      <nite:child href="Bed014.A.words.xml#id(Bed014.w.8,670)..id(Bed014.w.8,674)"/>
   </segment>
   <segment nite:id="Bed014.segment.1,202" starttime="2361.52" endtime="2362.92" participant="me045" timing-provenance="dialogueact">
      <nite:child href="Bed014.A.words.xml#id(Bed014.w.8,675)..id(Bed014.w.8,682)"/>
   </segment>
   <segment nite:id="Bed014.segment.1,209" starttime="2369.13" endtime="2369.91" participant="me045" timing-provenance="dialogueact">
      <nite:child href="Bed014.A.words.xml#id(Bed014.w.8,719)..id(Bed014.w.8,722)"/>
   </segment>
   <segment nite:id="Bed014.segment.1,212" starttime="2371.52" endtime="2372.19" participant="me045" timing-provenance="dialogueact">
      <nite:child href="Bed014.A.words.xml#id(Bed014.w.8,724)..id(Bed014.w.8,728)"/>
   </segment>
   <segment nite:id="Bed014.segment.1,225" starttime="2391.694" endtime="2392.623" participant="me045" timing-provenance="segment">
      <nite:child href="Bed014.A.words.xml#id(Bed014.w.8,845)..id(Bed014.vocalsound.388)"/>
   </segment>
   <segment nite:id="Bed014.segment.1,231" starttime="2399.23" endtime="2399.66" participant="me045" timing-provenance="dialogueact">
      <nite:child href="Bed014.A.words.xml#id(Bed014.w.8,889)..id(Bed014.w.8,892)"/>
   </segment>
   <segment nite:id="Bed014.segment.1,233" starttime="2401.12" endtime="2401.41" participant="me045" timing-provenance="dialogueact">
      <nite:child href="Bed014.A.words.xml#id(Bed014.w.8,919)..id(Bed014.w.8,920)"/>
   </segment>
   <segment nite:id="Bed014.segment.1,234" starttime="2402.18" endtime="2402.56" participant="me045" timing-provenance="dialogueact">
      <nite:child href="Bed014.A.words.xml#id(Bed014.w.8,921)..id(Bed014.w.8,922)"/>
   </segment>
   <segment nite:id="Bed014.segment.1,235" starttime="2403.32" endtime="2407.62" participant="me045" timing-provenance="dialogueact">
      <nite:child href="Bed014.A.words.xml#id(Bed014.w.8,923)..id(Bed014.w.8,948)"/>
   </segment>
   <segment nite:id="Bed014.segment.1,239" starttime="2408.51" endtime="2408.81" participant="me045" timing-provenance="dialogueact">
      <nite:child href="Bed014.A.words.xml#id(Bed014.w.8,962)..id(Bed014.w.8,963)"/>
   </segment>
   <segment nite:id="Bed014.segment.1,242" starttime="2413.81" endtime="2416.28" participant="me045" timing-provenance="dialogueact">
      <nite:child href="Bed014.A.words.xml#id(Bed014.w.8,987)..id(Bed014.w.9,000)"/>
   </segment>
   <segment nite:id="Bed014.segment.1,245" starttime="2418.43" endtime="2418.72" participant="me045" timing-provenance="dialogueact">
      <nite:child href="Bed014.A.words.xml#id(Bed014.w.9,011)..id(Bed014.w.9,012)"/>
   </segment>
   <segment nite:id="Bed014.segment.1,247" starttime="2420.56" endtime="2422.85" participant="me045" timing-provenance="dialogueact">
      <nite:child href="Bed014.A.words.xml#id(Bed014.w.9,030)..id(Bed014.w.9,046)"/>
   </segment>
   <segment nite:id="Bed014.segment.1,254" starttime="2432.37" endtime="2432.62" participant="me045" timing-provenance="dialogueact">
      <nite:child href="Bed014.A.words.xml#id(Bed014.w.9,099)..id(Bed014.w.9,100)"/>
   </segment>
   <segment nite:id="Bed014.segment.1,258" starttime="2439.22" endtime="2439.49" participant="me045" timing-provenance="dialogueact">
      <nite:child href="Bed014.A.words.xml#id(Bed014.w.9,113)..id(Bed014.w.9,114)"/>
   </segment>
   <segment nite:id="Bed014.segment.1,261" starttime="2447.95" endtime="2448.2" participant="me045" timing-provenance="dialogueact">
      <nite:child href="Bed014.A.words.xml#id(Bed014.w.9,152)..id(Bed014.w.9,153)"/>
   </segment>
   <segment nite:id="Bed014.segment.1,265" starttime="2450.63" endtime="2450.93" participant="me045" timing-provenance="dialogueact">
      <nite:child href="Bed014.A.words.xml#id(Bed014.w.9,177)..id(Bed014.w.9,178)"/>
   </segment>
   <segment nite:id="Bed014.segment.1,270" starttime="2453.39" endtime="2454.08" participant="me045" timing-provenance="dialogueact">
      <nite:child href="Bed014.A.words.xml#id(Bed014.w.9,193)..id(Bed014.w.9,196)"/>
   </segment>
   <segment nite:id="Bed014.segment.1,276" starttime="2459.13" endtime="2460.89" participant="me045" timing-provenance="segment">
      <nite:child href="Bed014.A.words.xml#id(Bed014.vocalsound.403)"/>
   </segment>
   <segment nite:id="Bed014.segment.1,284" starttime="2473.71" endtime="2483.64" participant="me045" timing-provenance="dialogueact">
      <nite:child href="Bed014.A.words.xml#id(Bed014.w.9,270)..id(Bed014.w.9,315)"/>
   </segment>
   <segment nite:id="Bed014.segment.1,287" starttime="2484.18" endtime="2488.71" participant="me045" timing-provenance="dialogueact">
      <nite:child href="Bed014.A.words.xml#id(Bed014.w.9,322)..id(Bed014.w.9,345)"/>
   </segment>
   <segment nite:id="Bed014.segment.1,292" starttime="2492.42" endtime="2492.94" participant="me045" timing-provenance="dialogueact">
      <nite:child href="Bed014.A.words.xml#id(Bed014.w.9,378)..id(Bed014.w.9,379)"/>
   </segment>
   <segment nite:id="Bed014.segment.1,294" starttime="2500.59" endtime="2501.06" participant="me045" timing-provenance="dialogueact">
      <nite:child href="Bed014.A.words.xml#id(Bed014.w.9,414)..id(Bed014.w.9,415)"/>
   </segment>
   <segment nite:id="Bed014.segment.1,296" starttime="2504.599" endtime="2505.766" participant="me045" timing-provenance="segment">
      <nite:child href="Bed014.A.words.xml#id(Bed014.w.9,418)..id(Bed014.w.9,423)"/>
   </segment>
   <segment nite:id="Bed014.segment.1,301" starttime="2509.108" endtime="2510.78" participant="me045" timing-provenance="segment">
      <nite:child href="Bed014.A.words.xml#id(Bed014.vocalsound.410)"/>
   </segment>
   <segment nite:id="Bed014.segment.1,305" starttime="2513.56" endtime="2513.88" participant="me045" timing-provenance="dialogueact">
      <nite:child href="Bed014.A.words.xml#id(Bed014.w.9,481)..id(Bed014.w.9,482)"/>
   </segment>
   <segment nite:id="Bed014.segment.1,306" starttime="2516.59" endtime="2517.55" participant="me045" timing-provenance="dialogueact">
      <nite:child href="Bed014.A.words.xml#id(Bed014.w.9,483)..id(Bed014.w.9,490)"/>
   </segment>
   <segment nite:id="Bed014.segment.1,310" starttime="2521.84" endtime="2522.04" participant="me045" timing-provenance="dialogueact">
      <nite:child href="Bed014.A.words.xml#id(Bed014.w.9,520)..id(Bed014.w.9,521)"/>
   </segment>
   <segment nite:id="Bed014.segment.1,313" starttime="2531.45" endtime="2531.72" participant="me045" timing-provenance="dialogueact">
      <nite:child href="Bed014.A.words.xml#id(Bed014.w.9,563)..id(Bed014.w.9,566)"/>
   </segment>
   <segment nite:id="Bed014.segment.1,314" starttime="2534.04" endtime="2534.21" participant="me045" timing-provenance="dialogueact">
      <nite:child href="Bed014.A.words.xml#id(Bed014.w.9,567)..id(Bed014.w.9,568)"/>
   </segment>
   <segment nite:id="Bed014.segment.1,319" starttime="2547.17" endtime="2547.47" participant="me045" timing-provenance="dialogueact">
      <nite:child href="Bed014.A.words.xml#id(Bed014.w.9,619)..id(Bed014.w.9,620)"/>
   </segment>
   <segment nite:id="Bed014.segment.1,323" starttime="2554.18" endtime="2554.46" participant="me045" timing-provenance="dialogueact">
      <nite:child href="Bed014.A.words.xml#id(Bed014.w.9,647)..id(Bed014.w.9,650)"/>
   </segment>
   <segment nite:id="Bed014.segment.1,327" starttime="2565.18" endtime="2566.04" participant="me045" timing-provenance="dialogueact">
      <nite:child href="Bed014.A.words.xml#id(Bed014.w.9,722)..id(Bed014.w.9,724)"/>
   </segment>
   <segment nite:id="Bed014.segment.1,328" starttime="2568.089" endtime="2577.922" participant="me045" timing-provenance="segment">
      <nite:child href="Bed014.A.words.xml#id(Bed014.w.9,725)..id(Bed014.w.9,777)"/>
   </segment>
   <segment nite:id="Bed014.segment.1,332" starttime="2578.21" endtime="2581.36" participant="me045" timing-provenance="dialogueact">
      <nite:child href="Bed014.A.words.xml#id(Bed014.w.9,790)..id(Bed014.w.9,807)"/>
   </segment>
   <segment nite:id="Bed014.segment.1,336" starttime="2582.01" endtime="2592.77" participant="me045" timing-provenance="dialogueact">
      <nite:child href="Bed014.A.words.xml#id(Bed014.w.9,814)..id(Bed014.w.9,861)"/>
   </segment>
   <segment nite:id="Bed014.segment.1,337" starttime="2593.72" endtime="2597.78" participant="me045" timing-provenance="dialogueact">
      <nite:child href="Bed014.A.words.xml#id(Bed014.w.9,862)..id(Bed014.w.9,883)"/>
   </segment>
   <segment nite:id="Bed014.segment.1,340" starttime="2600.36" endtime="2602.6" participant="me045" timing-provenance="dialogueact">
      <nite:child href="Bed014.A.words.xml#id(Bed014.w.9,899)..id(Bed014.w.9,908)"/>
   </segment>
   <segment nite:id="Bed014.segment.1,341" starttime="2603.34" endtime="2606.85" participant="me045" timing-provenance="dialogueact">
      <nite:child href="Bed014.A.words.xml#id(Bed014.w.9,909)..id(Bed014.w.9,922)"/>
   </segment>
   <segment nite:id="Bed014.segment.1,343" starttime="2607.85" endtime="2608.14" participant="me045" timing-provenance="dialogueact">
      <nite:child href="Bed014.A.words.xml#id(Bed014.w.9,932)..id(Bed014.w.9,933)"/>
   </segment>
   <segment nite:id="Bed014.segment.1,347" starttime="2627.086" endtime="2627.778" participant="me045" timing-provenance="segment">
      <nite:child href="Bed014.A.words.xml#id(Bed014.w.10,003)..id(Bed014.comment.175)"/>
   </segment>
   <segment nite:id="Bed014.segment.1,349" starttime="2630.47" endtime="2636.37" participant="me045" timing-provenance="dialogueact">
      <nite:child href="Bed014.A.words.xml#id(Bed014.w.10,019)..id(Bed014.w.10,053)"/>
   </segment>
   <segment nite:id="Bed014.segment.1,351" starttime="2637.44" endtime="2646.37" participant="me045" timing-provenance="dialogueact">
      <nite:child href="Bed014.A.words.xml#id(Bed014.w.10,058)..id(Bed014.w.10,099)"/>
   </segment>
   <segment nite:id="Bed014.segment.1,352" starttime="2646.89" endtime="2657.71" participant="me045" timing-provenance="dialogueact">
      <nite:child href="Bed014.A.words.xml#id(Bed014.w.10,100)..id(Bed014.w.10,143)"/>
   </segment>
   <segment nite:id="Bed014.segment.1,355" starttime="2658.43" endtime="2662.33" participant="me045" timing-provenance="dialogueact">
      <nite:child href="Bed014.A.words.xml#id(Bed014.w.10,154)..id(Bed014.pause.141)"/>
   </segment>
   <segment nite:id="Bed014.segment.1,357" starttime="2662.33" endtime="2662.7" participant="me045" timing-provenance="dialogueact">
      <nite:child href="Bed014.A.words.xml#id(Bed014.w.10,161)..id(Bed014.w.10,162)"/>
   </segment>
   <segment nite:id="Bed014.segment.1,361" starttime="2664.78" endtime="2665.12" participant="me045" timing-provenance="dialogueact">
      <nite:child href="Bed014.A.words.xml#id(Bed014.w.10,195)..id(Bed014.w.10,196)"/>
   </segment>
   <segment nite:id="Bed014.segment.1,362" starttime="2666.68" endtime="2667.688" participant="me045" timing-provenance="segment">
      <nite:child href="Bed014.A.words.xml#id(Bed014.vocalsound.417)..id(Bed014.w.10,197)"/>
   </segment>
   <segment nite:id="Bed014.segment.1,364" starttime="2668.38" endtime="2668.72" participant="me045" timing-provenance="dialogueact">
      <nite:child href="Bed014.A.words.xml#id(Bed014.w.10,198)..id(Bed014.w.10,199)"/>
   </segment>
   <segment nite:id="Bed014.segment.1,367" starttime="2669.52" endtime="2669.84" participant="me045" timing-provenance="dialogueact">
      <nite:child href="Bed014.A.words.xml#id(Bed014.w.10,204)..id(Bed014.w.10,205)"/>
   </segment>
   <segment nite:id="Bed014.segment.1,369" starttime="2671.92" endtime="2672.16" participant="me045" timing-provenance="dialogueact">
      <nite:child href="Bed014.A.words.xml#id(Bed014.w.10,223)..id(Bed014.w.10,224)"/>
   </segment>
   <segment nite:id="Bed014.segment.1,370" starttime="2672.16" endtime="2673.4" participant="me045" timing-provenance="dialogueact">
      <nite:child href="Bed014.A.words.xml#id(Bed014.w.10,225)..id(Bed014.w.10,231)"/>
   </segment>
   <segment nite:id="Bed014.segment.1,373" starttime="2676.63" endtime="2677.05" participant="me045" timing-provenance="dialogueact">
      <nite:child href="Bed014.A.words.xml#id(Bed014.w.10,242)..id(Bed014.w.10,245)"/>
   </segment>
   <segment nite:id="Bed014.segment.1,375" starttime="2677.62" endtime="2680.84" participant="me045" timing-provenance="dialogueact">
      <nite:child href="Bed014.A.words.xml#id(Bed014.w.10,250)..id(Bed014.w.10,270)"/>
   </segment>
   <segment nite:id="Bed014.segment.1,376" starttime="2681.75" endtime="2685.43" participant="me045" timing-provenance="dialogueact">
      <nite:child href="Bed014.A.words.xml#id(Bed014.w.10,271)..id(Bed014.w.10,294)"/>
   </segment>
   <segment nite:id="Bed014.segment.1,379" starttime="2692.27" endtime="2699.75" participant="me045" timing-provenance="dialogueact">
      <nite:child href="Bed014.A.words.xml#id(Bed014.w.10,297)..id(Bed014.w.10,340)"/>
   </segment>
   <segment nite:id="Bed014.segment.1,383" starttime="2706.12" endtime="2706.36" participant="me045" timing-provenance="dialogueact">
      <nite:child href="Bed014.A.words.xml#id(Bed014.w.10,387)..id(Bed014.w.10,388)"/>
   </segment>
   <segment nite:id="Bed014.segment.1,385" starttime="2708.71" endtime="2708.9" participant="me045" timing-provenance="dialogueact">
      <nite:child href="Bed014.A.words.xml#id(Bed014.w.10,395)..id(Bed014.w.10,396)"/>
   </segment>
   <segment nite:id="Bed014.segment.1,392" starttime="2721.05" endtime="2721.45" participant="me045" timing-provenance="dialogueact">
      <nite:child href="Bed014.A.words.xml#id(Bed014.w.10,436)..id(Bed014.w.10,437)"/>
   </segment>
   <segment nite:id="Bed014.segment.1,393" starttime="2722.87" endtime="2724.9" participant="me045" timing-provenance="dialogueact">
      <nite:child href="Bed014.A.words.xml#id(Bed014.w.10,438)..id(Bed014.w.10,446)"/>
   </segment>
   <segment nite:id="Bed014.segment.1,396" starttime="2730.6" endtime="2734.78" participant="me045" timing-provenance="dialogueact">
      <nite:child href="Bed014.A.words.xml#id(Bed014.w.10,475)..id(Bed014.w.10,495)"/>
   </segment>
   <segment nite:id="Bed014.segment.1,400" starttime="2736.94" endtime="2737.18" participant="me045" timing-provenance="dialogueact">
      <nite:child href="Bed014.A.words.xml#id(Bed014.w.10,502)..id(Bed014.w.10,503)"/>
   </segment>
   <segment nite:id="Bed014.segment.1,407" starttime="2748.33" endtime="2748.56" participant="me045" timing-provenance="dialogueact">
      <nite:child href="Bed014.A.words.xml#id(Bed014.w.10,522)..id(Bed014.w.10,523)"/>
   </segment>
   <segment nite:id="Bed014.segment.1,411" starttime="2752.45" endtime="2752.66" participant="me045" timing-provenance="dialogueact">
      <nite:child href="Bed014.A.words.xml#id(Bed014.w.10,571)..id(Bed014.w.10,572)"/>
   </segment>
   <segment nite:id="Bed014.segment.1,414" starttime="2764.27" endtime="2764.68" participant="me045" timing-provenance="dialogueact">
      <nite:child href="Bed014.A.words.xml#id(Bed014.w.10,607)..id(Bed014.w.10,608)"/>
   </segment>
   <segment nite:id="Bed014.segment.1,415" starttime="2766.94" endtime="2780.69" participant="me045" timing-provenance="dialogueact">
      <nite:child href="Bed014.A.words.xml#id(Bed014.w.10,609)..id(Bed014.w.10,686)"/>
   </segment>
   <segment nite:id="Bed014.segment.1,419" starttime="2782.22" endtime="2782.48" participant="me045" timing-provenance="dialogueact">
      <nite:child href="Bed014.A.words.xml#id(Bed014.w.10,715)..id(Bed014.w.10,716)"/>
   </segment>
   <segment nite:id="Bed014.segment.1,423" starttime="2790.97" endtime="2791.2" participant="me045" timing-provenance="dialogueact">
      <nite:child href="Bed014.A.words.xml#id(Bed014.w.10,778)..id(Bed014.w.10,779)"/>
   </segment>
   <segment nite:id="Bed014.segment.1,424" starttime="2793.19" endtime="2793.44" participant="me045" timing-provenance="dialogueact">
      <nite:child href="Bed014.A.words.xml#id(Bed014.w.10,780)..id(Bed014.w.10,781)"/>
   </segment>
   <segment nite:id="Bed014.segment.1,430" starttime="2808.07" endtime="2808.49" participant="me045" timing-provenance="dialogueact">
      <nite:child href="Bed014.A.words.xml#id(Bed014.w.10,809)..id(Bed014.w.10,812)"/>
   </segment>
   <segment nite:id="Bed014.segment.1,438" starttime="2830.63" endtime="2830.84" participant="me045" timing-provenance="dialogueact">
      <nite:child href="Bed014.A.words.xml#id(Bed014.w.10,859)..id(Bed014.w.10,860)"/>
   </segment>
   <segment nite:id="Bed014.segment.1,440" starttime="2833.6" endtime="2833.85" participant="me045" timing-provenance="dialogueact">
      <nite:child href="Bed014.A.words.xml#id(Bed014.w.10,884)..id(Bed014.w.10,885)"/>
   </segment>
   <segment nite:id="Bed014.segment.1,441" starttime="2838.14" endtime="2838.49" participant="me045" timing-provenance="dialogueact">
      <nite:child href="Bed014.A.words.xml#id(Bed014.w.10,886)..id(Bed014.w.10,887)"/>
   </segment>
   <segment nite:id="Bed014.segment.1,443" starttime="2841.96" endtime="2842.25" participant="me045" timing-provenance="dialogueact">
      <nite:child href="Bed014.A.words.xml#id(Bed014.w.10,905)..id(Bed014.w.10,906)"/>
   </segment>
   <segment nite:id="Bed014.segment.1,444" starttime="2843.9" endtime="2844.18" participant="me045" timing-provenance="dialogueact">
      <nite:child href="Bed014.A.words.xml#id(Bed014.w.10,907)..id(Bed014.w.10,908)"/>
   </segment>
   <segment nite:id="Bed014.segment.1,447" starttime="2849.89" endtime="2850.17" participant="me045" timing-provenance="dialogueact">
      <nite:child href="Bed014.A.words.xml#id(Bed014.w.10,934)..id(Bed014.w.10,937)"/>
   </segment>
   <segment nite:id="Bed014.segment.1,449" starttime="2856.17" endtime="2856.31" participant="me045" timing-provenance="dialogueact">
      <nite:child href="Bed014.A.words.xml#id(Bed014.w.10,952)..id(Bed014.w.10,953)"/>
   </segment>
   <segment nite:id="Bed014.segment.1,454" starttime="2866.3" endtime="2866.54" participant="me045" timing-provenance="dialogueact">
      <nite:child href="Bed014.A.words.xml#id(Bed014.w.10,964)..id(Bed014.w.10,965)"/>
   </segment>
   <segment nite:id="Bed014.segment.1,458" starttime="2873.86" endtime="2874.1" participant="me045" timing-provenance="dialogueact">
      <nite:child href="Bed014.A.words.xml#id(Bed014.w.11,006)..id(Bed014.w.11,007)"/>
   </segment>
   <segment nite:id="Bed014.segment.1,459" starttime="2875.85" endtime="2876.16" participant="me045" timing-provenance="dialogueact">
      <nite:child href="Bed014.A.words.xml#id(Bed014.w.11,008)..id(Bed014.w.11,009)"/>
   </segment>
   <segment nite:id="Bed014.segment.1,461" starttime="2876.527" endtime="2885.31" participant="me045" timing-provenance="segment">
      <nite:child href="Bed014.A.words.xml#id(Bed014.w.11,012)..id(Bed014.vocalsound.429)"/>
   </segment>
   <segment nite:id="Bed014.segment.1,465" starttime="2888.12" endtime="2888.46" participant="me045" timing-provenance="dialogueact">
      <nite:child href="Bed014.A.words.xml#id(Bed014.w.11,087)..id(Bed014.w.11,088)"/>
   </segment>
   <segment nite:id="Bed014.segment.1,467" starttime="2890.41" endtime="2893.49" participant="me045" timing-provenance="dialogueact">
      <nite:child href="Bed014.A.words.xml#id(Bed014.w.11,093)..id(Bed014.w.11,109)"/>
   </segment>
   <segment nite:id="Bed014.segment.1,469" starttime="2894.594" endtime="2895.37" participant="me045" timing-provenance="segment">
      <nite:child href="Bed014.A.words.xml#id(Bed014.vocalsound.430)"/>
   </segment>
   <segment nite:id="Bed014.segment.1,471" starttime="2895.9" endtime="2898.92" participant="me045" timing-provenance="dialogueact">
      <nite:child href="Bed014.A.words.xml#id(Bed014.w.11,114)..id(Bed014.w.11,135)"/>
   </segment>
   <segment nite:id="Bed014.segment.1,475" starttime="2904.18" endtime="2904.46" participant="me045" timing-provenance="dialogueact">
      <nite:child href="Bed014.A.words.xml#id(Bed014.w.11,171)..id(Bed014.w.11,174)"/>
   </segment>
   <segment nite:id="Bed014.segment.1,480" starttime="2917.82" endtime="2918.28" participant="me045" timing-provenance="dialogueact">
      <nite:child href="Bed014.A.words.xml#id(Bed014.w.11,271)..id(Bed014.w.11,274)"/>
   </segment>
   <segment nite:id="Bed014.segment.1,482" starttime="2920.91" endtime="2921.2" participant="me045" timing-provenance="dialogueact">
      <nite:child href="Bed014.A.words.xml#id(Bed014.w.11,280)..id(Bed014.w.11,281)"/>
   </segment>
   <segment nite:id="Bed014.segment.1,486" starttime="2930.283" endtime="2932.459" participant="me045" timing-provenance="segment">
      <nite:child href="Bed014.A.words.xml#id(Bed014.w.11,315)..id(Bed014.vocalsound.431)"/>
   </segment>
   <segment nite:id="Bed014.segment.1,490" starttime="2933.98" endtime="2934.3" participant="me045" timing-provenance="dialogueact">
      <nite:child href="Bed014.A.words.xml#id(Bed014.w.11,357)..id(Bed014.w.11,358)"/>
   </segment>
   <segment nite:id="Bed014.segment.1,491" starttime="2936.3" endtime="2936.61" participant="me045" timing-provenance="dialogueact">
      <nite:child href="Bed014.A.words.xml#id(Bed014.w.11,359)..id(Bed014.w.11,360)"/>
   </segment>
   <segment nite:id="Bed014.segment.1,494" starttime="2939.819" endtime="2940.452" participant="me045" timing-provenance="segment">
      <nite:child href="Bed014.A.words.xml#id(Bed014.vocalsound.432)"/>
   </segment>
   <segment nite:id="Bed014.segment.1,497" starttime="2946.94" endtime="2947.21" participant="me045" timing-provenance="dialogueact">
      <nite:child href="Bed014.A.words.xml#id(Bed014.w.11,398)..id(Bed014.w.11,399)"/>
   </segment>
   <segment nite:id="Bed014.segment.1,544" starttime="3088.17" endtime="3088.39" participant="me045" timing-provenance="dialogueact">
      <nite:child href="Bed014.A.words.xml#id(Bed014.w.11,986)..id(Bed014.w.11,987)"/>
   </segment>
   <segment nite:id="Bed014.segment.1,546" starttime="3089.38" endtime="3089.66" participant="me045" timing-provenance="dialogueact">
      <nite:child href="Bed014.A.words.xml#id(Bed014.w.12,007)..id(Bed014.w.12,008)"/>
   </segment>
   <segment nite:id="Bed014.segment.1,548" starttime="3091.23" endtime="3092.21" participant="me045" timing-provenance="segment">
      <nite:child href="Bed014.A.words.xml#id(Bed014.w.12,011)..id(Bed014.vocalsound.441)"/>
   </segment>
   <segment nite:id="Bed014.segment.1,551" starttime="3097.155" endtime="3098.599" participant="me045" timing-provenance="segment">
      <nite:child href="Bed014.A.words.xml#id(Bed014.vocalsound.443)..id(Bed014.comment.193)"/>
   </segment>
   <segment nite:id="Bed014.segment.1,557" starttime="3102.298" endtime="3103.702" participant="me045" timing-provenance="segment">
      <nite:child href="Bed014.A.words.xml#id(Bed014.w.12,055)..id(Bed014.vocalsound.446)"/>
   </segment>
   <segment nite:id="Bed014.segment.1,572" starttime="3118.181" endtime="3120.978" participant="me045" closemic="false" timing-provenance="segment">
      <nite:child href="Bed014.A.words.xml#id(Bed014.w.12,137)..id(Bed014.w.12,151)"/>
   </segment>
   <segment nite:id="Bed014.segment.1,574" starttime="3120.978" endtime="3123.327" participant="me045" closemic="false" timing-provenance="segment">
      <nite:child href="Bed014.A.words.xml#id(Bed014.w.12,152)..id(Bed014.w.12,153)"/>
   </segment>
   <segment nite:id="Bed014.segment.1,592" starttime="3155.572" endtime="3158.056" participant="me045" closemic="false" timing-provenance="segment">
      <nite:child href="Bed014.A.words.xml#id(Bed014.w.12,359)..id(Bed014.w.12,371)"/>
   </segment>
</nite:root>