<?xml version="1.0" encoding="ISO-8859-1" standalone="yes"?>
<nite:root nite:id="Bed014.E.segs" xmlns:nite="http://nite.sourceforge.net/">
   <segment nite:id="Bed014.segment.1" starttime="0.01" endtime="1.305" participant="mn015" timing-provenance="segment">
      <nite:child href="Bed014.E.words.xml#id(Bed014.nonvocalsound.1)..id(Bed014.vocalsound.1)"/>
   </segment>
   <segment nite:id="Bed014.segment.16" starttime="42.366" endtime="43.826" participant="mn015" timing-provenance="dialogueact">
      <nite:child href="Bed014.E.words.xml#id(Bed014.w.48)..id(Bed014.w.56)"/>
   </segment>
   <segment nite:id="Bed014.segment.37" starttime="74.332" endtime="74.847" participant="mn015" timing-provenance="segment">
      <nite:child href="Bed014.E.words.xml#id(Bed014.w.144)..id(Bed014.comment.11)"/>
   </segment>
   <segment nite:id="Bed014.segment.40" starttime="77.723" endtime="78.554" participant="mn015" timing-provenance="segment">
      <nite:child href="Bed014.E.words.xml#id(Bed014.w.153)..id(Bed014.comment.12)"/>
   </segment>
   <segment nite:id="Bed014.segment.69" starttime="108.18" endtime="108.611" participant="mn015" timing-provenance="segment">
      <nite:child href="Bed014.E.words.xml#id(Bed014.nonvocalsound.11)..id(Bed014.comment.19)"/>
   </segment>
   <segment nite:id="Bed014.segment.74" starttime="113.98" endtime="120.77" participant="mn015" timing-provenance="dialogueact">
      <nite:child href="Bed014.E.words.xml#id(Bed014.w.322)..id(Bed014.w.355)"/>
   </segment>
   <segment nite:id="Bed014.segment.87" starttime="135.473" endtime="135.967" participant="mn015" timing-provenance="segment">
      <nite:child href="Bed014.E.words.xml#id(Bed014.w.392)..id(Bed014.comment.22)"/>
   </segment>
   <segment nite:id="Bed014.segment.90" starttime="141.76" endtime="142.881" participant="mn015" timing-provenance="segment">
      <nite:child href="Bed014.E.words.xml#id(Bed014.w.399)..id(Bed014.vocalsound.22)"/>
   </segment>
   <segment nite:id="Bed014.segment.91" starttime="145.038" endtime="145.378" participant="mn015" timing-provenance="dialogueact">
      <nite:child href="Bed014.E.words.xml#id(Bed014.w.401)..id(Bed014.w.402)"/>
   </segment>
   <segment nite:id="Bed014.segment.92" starttime="145.421" endtime="147.422" participant="mn015" timing-provenance="segment">
      <nite:child href="Bed014.E.words.xml#id(Bed014.vocalsound.23)..id(Bed014.comment.23)"/>
   </segment>
   <segment nite:id="Bed014.segment.93" starttime="147.778" endtime="149.908" participant="mn015" timing-provenance="dialogueact">
      <nite:child href="Bed014.E.words.xml#id(Bed014.w.403)..id(Bed014.w.411)"/>
   </segment>
   <segment nite:id="Bed014.segment.94" starttime="150.52" endtime="157.5" participant="mn015" timing-provenance="dialogueact">
      <nite:child href="Bed014.E.words.xml#id(Bed014.w.412)..id(Bed014.w.439)"/>
   </segment>
   <segment nite:id="Bed014.segment.96" starttime="158.458" endtime="162.388" participant="mn015" timing-provenance="dialogueact">
      <nite:child href="Bed014.E.words.xml#id(Bed014.w.442)..id(Bed014.w.451)"/>
   </segment>
   <segment nite:id="Bed014.segment.99" starttime="163.1" endtime="164.42" participant="mn015" timing-provenance="dialogueact">
      <nite:child href="Bed014.E.words.xml#id(Bed014.w.458)..id(Bed014.w.464)"/>
   </segment>
   <segment nite:id="Bed014.segment.101" starttime="165.698" endtime="166.398" participant="mn015" timing-provenance="dialogueact">
      <nite:child href="Bed014.E.words.xml#id(Bed014.w.469)..id(Bed014.w.470)"/>
   </segment>
   <segment nite:id="Bed014.segment.102" starttime="166.9" endtime="173.91" participant="mn015" timing-provenance="dialogueact">
      <nite:child href="Bed014.E.words.xml#id(Bed014.w.471)..id(Bed014.w.494)"/>
   </segment>
   <segment nite:id="Bed014.segment.103" starttime="174.87" endtime="175.19" participant="mn015" timing-provenance="dialogueact">
      <nite:child href="Bed014.E.words.xml#id(Bed014.w.495)"/>
   </segment>
   <segment nite:id="Bed014.segment.104" starttime="175.93" endtime="183.09" participant="mn015" timing-provenance="dialogueact">
      <nite:child href="Bed014.E.words.xml#id(Bed014.w.496)..id(Bed014.w.514)"/>
   </segment>
   <segment nite:id="Bed014.segment.105" starttime="184.5" endtime="187.17" participant="mn015" timing-provenance="dialogueact">
      <nite:child href="Bed014.E.words.xml#id(Bed014.w.515)..id(Bed014.w.525)"/>
   </segment>
   <segment nite:id="Bed014.segment.111" starttime="192.853" endtime="193.173" participant="mn015" timing-provenance="dialogueact">
      <nite:child href="Bed014.E.words.xml#id(Bed014.w.551)..id(Bed014.w.552)"/>
   </segment>
   <segment nite:id="Bed014.segment.127" starttime="216.264" endtime="225.614" participant="mn015" timing-provenance="dialogueact">
      <nite:child href="Bed014.E.words.xml#id(Bed014.w.638)..id(Bed014.w.673)"/>
   </segment>
   <segment nite:id="Bed014.segment.128" starttime="227.31" endtime="229.27" participant="mn015" timing-provenance="dialogueact">
      <nite:child href="Bed014.E.words.xml#id(Bed014.w.674)..id(Bed014.w.681)"/>
   </segment>
   <segment nite:id="Bed014.segment.129" starttime="235.034" endtime="237.734" participant="mn015" timing-provenance="dialogueact">
      <nite:child href="Bed014.E.words.xml#id(Bed014.w.682)..id(Bed014.w.696)"/>
   </segment>
   <segment nite:id="Bed014.segment.141" starttime="264.732" endtime="264.972" participant="mn015" timing-provenance="dialogueact">
      <nite:child href="Bed014.E.words.xml#id(Bed014.w.764)..id(Bed014.w.765)"/>
   </segment>
   <segment nite:id="Bed014.segment.142" starttime="268.66" endtime="269.08" participant="mn015" timing-provenance="segment">
      <nite:child href="Bed014.E.words.xml#id(Bed014.vocalsound.33)..id(Bed014.vocalsound.34)"/>
   </segment>
   <segment nite:id="Bed014.segment.150" starttime="275.406" endtime="276.83" participant="mn015" timing-provenance="segment">
      <nite:child href="Bed014.E.words.xml#id(Bed014.w.793)..id(Bed014.disfmarker.28)"/>
   </segment>
   <segment nite:id="Bed014.segment.154" starttime="277.475" endtime="278.525" participant="mn015" timing-provenance="dialogueact">
      <nite:child href="Bed014.E.words.xml#id(Bed014.w.799)..id(Bed014.pause.18)"/>
   </segment>
   <segment nite:id="Bed014.segment.156" starttime="278.525" endtime="281.055" participant="mn015" timing-provenance="dialogueact">
      <nite:child href="Bed014.E.words.xml#id(Bed014.w.804)..id(Bed014.w.807)"/>
   </segment>
   <segment nite:id="Bed014.segment.157" starttime="282.171" endtime="285.441" participant="mn015" timing-provenance="dialogueact">
      <nite:child href="Bed014.E.words.xml#id(Bed014.w.808)..id(Bed014.w.823)"/>
   </segment>
   <segment nite:id="Bed014.segment.159" starttime="286.17" endtime="290.92" participant="mn015" timing-provenance="dialogueact">
      <nite:child href="Bed014.E.words.xml#id(Bed014.w.826)..id(Bed014.w.845)"/>
   </segment>
   <segment nite:id="Bed014.segment.162" starttime="291.565" endtime="296.985" participant="mn015" timing-provenance="dialogueact">
      <nite:child href="Bed014.E.words.xml#id(Bed014.w.850)..id(Bed014.w.869)"/>
   </segment>
   <segment nite:id="Bed014.segment.164" starttime="297.562" endtime="300.502" participant="mn015" timing-provenance="dialogueact">
      <nite:child href="Bed014.E.words.xml#id(Bed014.w.872)..id(Bed014.w.881)"/>
   </segment>
   <segment nite:id="Bed014.segment.170" starttime="301.717" endtime="305.267" participant="mn015" timing-provenance="dialogueact">
      <nite:child href="Bed014.E.words.xml#id(Bed014.w.892)..id(Bed014.w.898)"/>
   </segment>
   <segment nite:id="Bed014.segment.171" starttime="306.34" endtime="310.812" participant="mn015" timing-provenance="segment">
      <nite:child href="Bed014.E.words.xml#id(Bed014.w.899)..id(Bed014.disfmarker.30)"/>
   </segment>
   <segment nite:id="Bed014.segment.173" starttime="313.14" endtime="314.95" participant="mn015" timing-provenance="dialogueact">
      <nite:child href="Bed014.E.words.xml#id(Bed014.w.918)..id(Bed014.w.927)"/>
   </segment>
   <segment nite:id="Bed014.segment.176" starttime="317.344" endtime="319.544" participant="mn015" timing-provenance="dialogueact">
      <nite:child href="Bed014.E.words.xml#id(Bed014.w.946)..id(Bed014.w.950)"/>
   </segment>
   <segment nite:id="Bed014.segment.177" starttime="320.567" endtime="322.585" participant="mn015" timing-provenance="segment">
      <nite:child href="Bed014.E.words.xml#id(Bed014.w.951)..id(Bed014.disfmarker.31)"/>
   </segment>
   <segment nite:id="Bed014.segment.178" starttime="323.218" endtime="327.158" participant="mn015" timing-provenance="dialogueact">
      <nite:child href="Bed014.E.words.xml#id(Bed014.w.955)..id(Bed014.w.976)"/>
   </segment>
   <segment nite:id="Bed014.segment.181" starttime="332.286" endtime="332.576" participant="mn015" timing-provenance="dialogueact">
      <nite:child href="Bed014.E.words.xml#id(Bed014.w.998)..id(Bed014.w.999)"/>
   </segment>
   <segment nite:id="Bed014.segment.182" starttime="333.246" endtime="335.476" participant="mn015" timing-provenance="dialogueact">
      <nite:child href="Bed014.E.words.xml#id(Bed014.w.1,000)..id(Bed014.w.1,007)"/>
   </segment>
   <segment nite:id="Bed014.segment.184" starttime="338.32" endtime="339.01" participant="mn015" timing-provenance="segment">
      <nite:child href="Bed014.E.words.xml#id(Bed014.w.1,019)..id(Bed014.comment.29)"/>
   </segment>
   <segment nite:id="Bed014.segment.186" starttime="339.91" endtime="344.07" participant="mn015" timing-provenance="dialogueact">
      <nite:child href="Bed014.E.words.xml#id(Bed014.w.1,024)..id(Bed014.w.1,037)"/>
   </segment>
   <segment nite:id="Bed014.segment.187" starttime="344.717" endtime="352.877" participant="mn015" timing-provenance="dialogueact">
      <nite:child href="Bed014.E.words.xml#id(Bed014.w.1,038)..id(Bed014.w.1,069)"/>
   </segment>
   <segment nite:id="Bed014.segment.215" starttime="399.05" endtime="401.16" participant="mn015" timing-provenance="dialogueact">
      <nite:child href="Bed014.E.words.xml#id(Bed014.w.1,231)..id(Bed014.w.1,241)"/>
   </segment>
   <segment nite:id="Bed014.segment.233" starttime="412.593" endtime="420.833" participant="mn015" timing-provenance="dialogueact">
      <nite:child href="Bed014.E.words.xml#id(Bed014.w.1,287)..id(Bed014.w.1,320)"/>
   </segment>
   <segment nite:id="Bed014.segment.241" starttime="424.837" endtime="428.31" participant="mn015" timing-provenance="segment">
      <nite:child href="Bed014.E.words.xml#id(Bed014.w.1,344)..id(Bed014.vocalsound.71)"/>
   </segment>
   <segment nite:id="Bed014.segment.246" starttime="428.35" endtime="431.38" participant="mn015" timing-provenance="dialogueact">
      <nite:child href="Bed014.E.words.xml#id(Bed014.w.1,368)..id(Bed014.w.1,377)"/>
   </segment>
   <segment nite:id="Bed014.segment.247" starttime="432.13" endtime="439.36" participant="mn015" timing-provenance="dialogueact">
      <nite:child href="Bed014.E.words.xml#id(Bed014.w.1,378)..id(Bed014.w.1,407)"/>
   </segment>
   <segment nite:id="Bed014.segment.249" starttime="440.162" endtime="441.792" participant="mn015" timing-provenance="dialogueact">
      <nite:child href="Bed014.E.words.xml#id(Bed014.w.1,408)..id(Bed014.w.1,415)"/>
   </segment>
   <segment nite:id="Bed014.segment.256" starttime="443.752" endtime="444.502" participant="mn015" timing-provenance="dialogueact">
      <nite:child href="Bed014.E.words.xml#id(Bed014.w.1,428)..id(Bed014.w.1,429)"/>
   </segment>
   <segment nite:id="Bed014.segment.258" starttime="445.43" endtime="445.885" participant="mn015" timing-provenance="segment">
      <nite:child href="Bed014.E.words.xml#id(Bed014.w.1,434)..id(Bed014.comment.45)"/>
   </segment>
   <segment nite:id="Bed014.segment.264" starttime="450.033" endtime="451.058" participant="mn015" timing-provenance="segment">
      <nite:child href="Bed014.E.words.xml#id(Bed014.nonvocalsound.17)"/>
   </segment>
   <segment nite:id="Bed014.segment.266" starttime="451.278" endtime="453.258" participant="mn015" timing-provenance="dialogueact">
      <nite:child href="Bed014.E.words.xml#id(Bed014.w.1,463)..id(Bed014.w.1,467)"/>
   </segment>
   <segment nite:id="Bed014.segment.276" starttime="461.52" endtime="462.034" participant="mn015" timing-provenance="segment">
      <nite:child href="Bed014.E.words.xml#id(Bed014.vocalsound.81)..id(Bed014.w.1,507)"/>
   </segment>
   <segment nite:id="Bed014.segment.281" starttime="475.13" endtime="481.05" participant="mn015" timing-provenance="dialogueact">
      <nite:child href="Bed014.E.words.xml#id(Bed014.w.1,547)..id(Bed014.w.1,562)"/>
   </segment>
   <segment nite:id="Bed014.segment.282" starttime="481.649" endtime="487.959" participant="mn015" timing-provenance="dialogueact">
      <nite:child href="Bed014.E.words.xml#id(Bed014.w.1,563)..id(Bed014.w.1,581)"/>
   </segment>
   <segment nite:id="Bed014.segment.283" starttime="488.564" endtime="494.854" participant="mn015" timing-provenance="dialogueact">
      <nite:child href="Bed014.E.words.xml#id(Bed014.w.1,582)..id(Bed014.w.1,598)"/>
   </segment>
   <segment nite:id="Bed014.segment.285" starttime="495.533" endtime="501.203" participant="mn015" timing-provenance="dialogueact">
      <nite:child href="Bed014.E.words.xml#id(Bed014.w.1,599)..id(Bed014.w.1,617)"/>
   </segment>
   <segment nite:id="Bed014.segment.289" starttime="504.677" endtime="511.167" participant="mn015" timing-provenance="dialogueact">
      <nite:child href="Bed014.E.words.xml#id(Bed014.w.1,645)..id(Bed014.w.1,669)"/>
   </segment>
   <segment nite:id="Bed014.segment.292" starttime="514.361" endtime="518.521" participant="mn015" timing-provenance="dialogueact">
      <nite:child href="Bed014.E.words.xml#id(Bed014.w.1,672)..id(Bed014.w.1,685)"/>
   </segment>
   <segment nite:id="Bed014.segment.296" starttime="519.814" endtime="520.054" participant="mn015" timing-provenance="dialogueact">
      <nite:child href="Bed014.E.words.xml#id(Bed014.w.1,697)..id(Bed014.w.1,698)"/>
   </segment>
   <segment nite:id="Bed014.segment.297" starttime="521.06" endtime="522.65" participant="mn015" timing-provenance="dialogueact">
      <nite:child href="Bed014.E.words.xml#id(Bed014.w.1,699)..id(Bed014.w.1,709)"/>
   </segment>
   <segment nite:id="Bed014.segment.299" starttime="523.38" endtime="527.81" participant="mn015" timing-provenance="dialogueact">
      <nite:child href="Bed014.E.words.xml#id(Bed014.w.1,710)..id(Bed014.w.1,727)"/>
   </segment>
   <segment nite:id="Bed014.segment.301" starttime="529.783" endtime="530.023" participant="mn015" timing-provenance="dialogueact">
      <nite:child href="Bed014.E.words.xml#id(Bed014.w.1,730)"/>
   </segment>
   <segment nite:id="Bed014.segment.304" starttime="535.166" endtime="537.073" participant="mn015" timing-provenance="segment">
      <nite:child href="Bed014.E.words.xml#id(Bed014.w.1,760)..id(Bed014.vocalsound.89)"/>
   </segment>
   <segment nite:id="Bed014.segment.306" starttime="537.253" endtime="540.173" participant="mn015" timing-provenance="dialogueact">
      <nite:child href="Bed014.E.words.xml#id(Bed014.w.1,764)..id(Bed014.w.1,778)"/>
   </segment>
   <segment nite:id="Bed014.segment.307" starttime="540.213" endtime="540.916" participant="mn015" timing-provenance="segment">
      <nite:child href="Bed014.E.words.xml#id(Bed014.vocalsound.91)"/>
   </segment>
   <segment nite:id="Bed014.segment.310" starttime="540.916" endtime="542.643" participant="mn015" timing-provenance="segment">
      <nite:child href="Bed014.E.words.xml#id(Bed014.w.1,779)..id(Bed014.comment.54)"/>
   </segment>
   <segment nite:id="Bed014.segment.311" starttime="544.038" endtime="544.348" participant="mn015" timing-provenance="dialogueact">
      <nite:child href="Bed014.E.words.xml#id(Bed014.w.1,785)..id(Bed014.w.1,786)"/>
   </segment>
   <segment nite:id="Bed014.segment.312" starttime="545.29" endtime="547.98" participant="mn015" timing-provenance="dialogueact">
      <nite:child href="Bed014.E.words.xml#id(Bed014.w.1,787)..id(Bed014.w.1,795)"/>
   </segment>
   <segment nite:id="Bed014.segment.313" starttime="548.97" endtime="550.844" participant="mn015" timing-provenance="segment">
      <nite:child href="Bed014.E.words.xml#id(Bed014.w.1,796)..id(Bed014.vocalsound.94)"/>
   </segment>
   <segment nite:id="Bed014.segment.316" starttime="551.867" endtime="552.617" participant="mn015" timing-provenance="dialogueact">
      <nite:child href="Bed014.E.words.xml#id(Bed014.w.1,815)..id(Bed014.w.1,818)"/>
   </segment>
   <segment nite:id="Bed014.segment.319" starttime="555.73" endtime="561.52" participant="mn015" timing-provenance="dialogueact">
      <nite:child href="Bed014.E.words.xml#id(Bed014.w.1,827)..id(Bed014.w.1,855)"/>
   </segment>
   <segment nite:id="Bed014.segment.326" starttime="570.228" endtime="570.822" participant="mn015" timing-provenance="segment">
      <nite:child href="Bed014.E.words.xml#id(Bed014.w.1,895)..id(Bed014.disfmarker.61)"/>
   </segment>
   <segment nite:id="Bed014.segment.333" starttime="573.571" endtime="574.204" participant="mn015" timing-provenance="segment">
      <nite:child href="Bed014.E.words.xml#id(Bed014.vocalsound.102)..id(Bed014.comment.58)"/>
   </segment>
   <segment nite:id="Bed014.segment.338" starttime="578.229" endtime="579.04" participant="mn015" timing-provenance="segment">
      <nite:child href="Bed014.E.words.xml#id(Bed014.vocalsound.106)..id(Bed014.comment.59)"/>
   </segment>
   <segment nite:id="Bed014.segment.342" starttime="585.766" endtime="585.866" participant="mn015" timing-provenance="dialogueact">
      <nite:child href="Bed014.E.words.xml#id(Bed014.w.1,956)..id(Bed014.w.1,957)"/>
   </segment>
   <segment nite:id="Bed014.segment.373" starttime="668.45" endtime="669.28" participant="mn015" timing-provenance="segment">
      <nite:child href="Bed014.E.words.xml#id(Bed014.vocalsound.118)..id(Bed014.comment.62)"/>
   </segment>
   <segment nite:id="Bed014.segment.381" starttime="681.641" endtime="682.511" participant="mn015" timing-provenance="segment">
      <nite:child href="Bed014.E.words.xml#id(Bed014.vocalsound.122)..id(Bed014.comment.64)"/>
   </segment>
   <segment nite:id="Bed014.segment.425" starttime="852.085" endtime="855.943" participant="mn015" timing-provenance="segment">
      <nite:child href="Bed014.E.words.xml#id(Bed014.vocalsound.139)"/>
   </segment>
   <segment nite:id="Bed014.segment.464" starttime="954.319" endtime="955.458" participant="mn015" timing-provenance="segment">
      <nite:child href="Bed014.E.words.xml#id(Bed014.vocalsound.151)"/>
   </segment>
   <segment nite:id="Bed014.segment.466" starttime="955.458" endtime="955.723" participant="mn015" timing-provenance="segment">
      <nite:child href="Bed014.E.words.xml#id(Bed014.vocalsound.153)"/>
   </segment>
   <segment nite:id="Bed014.segment.529" starttime="1055.174" endtime="1056.571" participant="mn015" timing-provenance="segment">
      <nite:child href="Bed014.E.words.xml#id(Bed014.vocalsound.166)..id(Bed014.w.3,574)"/>
   </segment>
   <segment nite:id="Bed014.segment.530" starttime="1057.006" endtime="1060.811" participant="mn015" timing-provenance="segment">
      <nite:child href="Bed014.E.words.xml#id(Bed014.vocalsound.167)..id(Bed014.w.3,584)"/>
   </segment>
   <segment nite:id="Bed014.segment.531" starttime="1061.563" endtime="1068.822" participant="mn015" timing-provenance="segment">
      <nite:child href="Bed014.E.words.xml#id(Bed014.w.3,585)..id(Bed014.disfmarker.125)"/>
   </segment>
   <segment nite:id="Bed014.segment.537" starttime="1078.455" endtime="1078.985" participant="mn015" timing-provenance="segment">
      <nite:child href="Bed014.E.words.xml#id(Bed014.vocalsound.168)"/>
   </segment>
   <segment nite:id="Bed014.segment.539" starttime="1086.88" endtime="1089.64" participant="mn015" timing-provenance="dialogueact">
      <nite:child href="Bed014.E.words.xml#id(Bed014.w.3,686)..id(Bed014.w.3,696)"/>
   </segment>
   <segment nite:id="Bed014.segment.540" starttime="1090.354" endtime="1094.33" participant="mn015" timing-provenance="segment">
      <nite:child href="Bed014.E.words.xml#id(Bed014.w.3,697)..id(Bed014.disfmarker.131)"/>
   </segment>
   <segment nite:id="Bed014.segment.541" starttime="1094.75" endtime="1098.53" participant="mn015" timing-provenance="dialogueact">
      <nite:child href="Bed014.E.words.xml#id(Bed014.w.3,708)..id(Bed014.w.3,721)"/>
   </segment>
   <segment nite:id="Bed014.segment.542" starttime="1099.5" endtime="1101.5" participant="mn015" timing-provenance="segment">
      <nite:child href="Bed014.E.words.xml#id(Bed014.w.3,722)..id(Bed014.vocalsound.169)"/>
   </segment>
   <segment nite:id="Bed014.segment.546" starttime="1103.2" endtime="1104.621" participant="mn015" timing-provenance="segment">
      <nite:child href="Bed014.E.words.xml#id(Bed014.w.3,727)..id(Bed014.vocalsound.172)"/>
   </segment>
   <segment nite:id="Bed014.segment.550" starttime="1107.8" endtime="1110.05" participant="mn015" timing-provenance="dialogueact">
      <nite:child href="Bed014.E.words.xml#id(Bed014.w.3,751)..id(Bed014.w.3,754)"/>
   </segment>
   <segment nite:id="Bed014.segment.552" starttime="1111.14" endtime="1111.67" participant="mn015" timing-provenance="dialogueact">
      <nite:child href="Bed014.E.words.xml#id(Bed014.w.3,757)..id(Bed014.w.3,760)"/>
   </segment>
   <segment nite:id="Bed014.segment.554" starttime="1114.65" endtime="1114.81" participant="mn015" timing-provenance="dialogueact">
      <nite:child href="Bed014.E.words.xml#id(Bed014.w.3,772)..id(Bed014.w.3,773)"/>
   </segment>
   <segment nite:id="Bed014.segment.559" starttime="1119.358" endtime="1119.774" participant="mn015" timing-provenance="segment">
      <nite:child href="Bed014.E.words.xml#id(Bed014.w.3,815)..id(Bed014.disfmarker.137)"/>
   </segment>
   <segment nite:id="Bed014.segment.562" starttime="1126.538" endtime="1128.081" participant="mn015" timing-provenance="segment">
      <nite:child href="Bed014.E.words.xml#id(Bed014.w.3,829)..id(Bed014.disfmarker.141)"/>
   </segment>
   <segment nite:id="Bed014.segment.566" starttime="1134.58" endtime="1139.91" participant="mn015" timing-provenance="dialogueact">
      <nite:child href="Bed014.E.words.xml#id(Bed014.w.3,871)..id(Bed014.w.3,892)"/>
   </segment>
   <segment nite:id="Bed014.segment.570" starttime="1140.4" endtime="1143.86" participant="mn015" timing-provenance="dialogueact">
      <nite:child href="Bed014.E.words.xml#id(Bed014.w.3,899)..id(Bed014.w.3,910)"/>
   </segment>
   <segment nite:id="Bed014.segment.572" starttime="1144.28" endtime="1154.86" participant="mn015" timing-provenance="dialogueact">
      <nite:child href="Bed014.E.words.xml#id(Bed014.w.3,911)..id(Bed014.w.3,953)"/>
   </segment>
   <segment nite:id="Bed014.segment.573" starttime="1155.57" endtime="1158.26" participant="mn015" timing-provenance="dialogueact">
      <nite:child href="Bed014.E.words.xml#id(Bed014.w.3,954)..id(Bed014.w.3,960)"/>
   </segment>
   <segment nite:id="Bed014.segment.575" starttime="1159.72" endtime="1165.0" participant="mn015" timing-provenance="dialogueact">
      <nite:child href="Bed014.E.words.xml#id(Bed014.w.3,961)..id(Bed014.w.3,980)"/>
   </segment>
   <segment nite:id="Bed014.segment.603" starttime="1209.64" endtime="1211.57" participant="mn015" timing-provenance="segment">
      <nite:child href="Bed014.E.words.xml#id(Bed014.w.4,168)..id(Bed014.comment.82)"/>
   </segment>
   <segment nite:id="Bed014.segment.605" starttime="1216.15" endtime="1220.31" participant="mn015" timing-provenance="dialogueact">
      <nite:child href="Bed014.E.words.xml#id(Bed014.w.4,194)..id(Bed014.w.4,212)"/>
   </segment>
   <segment nite:id="Bed014.segment.608" starttime="1221.206" endtime="1222.571" participant="mn015" timing-provenance="segment">
      <nite:child href="Bed014.E.words.xml#id(Bed014.w.4,217)..id(Bed014.vocalsound.179)"/>
   </segment>
   <segment nite:id="Bed014.segment.622" starttime="1245.59" endtime="1245.76" participant="mn015" timing-provenance="dialogueact">
      <nite:child href="Bed014.E.words.xml#id(Bed014.w.4,336)..id(Bed014.w.4,337)"/>
   </segment>
   <segment nite:id="Bed014.segment.631" starttime="1259.17" endtime="1262.275" participant="mn015" timing-provenance="segment">
      <nite:child href="Bed014.E.words.xml#id(Bed014.vocalsound.182)..id(Bed014.w.4,409)"/>
   </segment>
   <segment nite:id="Bed014.segment.632" starttime="1262.95" endtime="1268.211" participant="mn015" timing-provenance="segment">
      <nite:child href="Bed014.E.words.xml#id(Bed014.w.4,410)..id(Bed014.disfmarker.157)"/>
   </segment>
   <segment nite:id="Bed014.segment.634" starttime="1269.31" endtime="1281.3" participant="mn015" timing-provenance="dialogueact">
      <nite:child href="Bed014.E.words.xml#id(Bed014.w.4,428)..id(Bed014.w.4,472)"/>
   </segment>
   <segment nite:id="Bed014.segment.636" starttime="1281.95" endtime="1283.09" participant="mn015" timing-provenance="dialogueact">
      <nite:child href="Bed014.E.words.xml#id(Bed014.w.4,473)..id(Bed014.w.4,479)"/>
   </segment>
   <segment nite:id="Bed014.segment.637" starttime="1284.731" endtime="1291.24" participant="mn015" timing-provenance="segment">
      <nite:child href="Bed014.E.words.xml#id(Bed014.w.4,480)..id(Bed014.vocalsound.188)"/>
   </segment>
   <segment nite:id="Bed014.segment.638" starttime="1291.53" endtime="1297.56" participant="mn015" timing-provenance="dialogueact">
      <nite:child href="Bed014.E.words.xml#id(Bed014.w.4,492)..id(Bed014.w.4,520)"/>
   </segment>
   <segment nite:id="Bed014.segment.640" starttime="1299.48" endtime="1299.75" participant="mn015" timing-provenance="dialogueact">
      <nite:child href="Bed014.E.words.xml#id(Bed014.w.4,525)..id(Bed014.w.4,526)"/>
   </segment>
   <segment nite:id="Bed014.segment.641" starttime="1300.99" endtime="1305.24" participant="mn015" timing-provenance="dialogueact">
      <nite:child href="Bed014.E.words.xml#id(Bed014.w.4,527)..id(Bed014.w.4,540)"/>
   </segment>
   <segment nite:id="Bed014.segment.642" starttime="1306.06" endtime="1306.51" participant="mn015" timing-provenance="dialogueact">
      <nite:child href="Bed014.E.words.xml#id(Bed014.w.4,541)..id(Bed014.w.4,542)"/>
   </segment>
   <segment nite:id="Bed014.segment.643" starttime="1307.07" endtime="1312.77" participant="mn015" timing-provenance="dialogueact">
      <nite:child href="Bed014.E.words.xml#id(Bed014.w.4,543)..id(Bed014.w.4,560)"/>
   </segment>
   <segment nite:id="Bed014.segment.644" starttime="1313.74" endtime="1315.02" participant="mn015" timing-provenance="dialogueact">
      <nite:child href="Bed014.E.words.xml#id(Bed014.w.4,561)..id(Bed014.w.4,566)"/>
   </segment>
   <segment nite:id="Bed014.segment.645" starttime="1315.72" endtime="1316.22" participant="mn015" timing-provenance="dialogueact">
      <nite:child href="Bed014.E.words.xml#id(Bed014.w.4,567)"/>
   </segment>
   <segment nite:id="Bed014.segment.646" starttime="1317.26" endtime="1317.95" participant="mn015" timing-provenance="dialogueact">
      <nite:child href="Bed014.E.words.xml#id(Bed014.w.4,568)..id(Bed014.w.4,570)"/>
   </segment>
   <segment nite:id="Bed014.segment.647" starttime="1318.9" endtime="1323.18" participant="mn015" timing-provenance="dialogueact">
      <nite:child href="Bed014.E.words.xml#id(Bed014.w.4,571)..id(Bed014.w.4,590)"/>
   </segment>
   <segment nite:id="Bed014.segment.648" starttime="1324.07" endtime="1324.78" participant="mn015" timing-provenance="dialogueact">
      <nite:child href="Bed014.E.words.xml#id(Bed014.w.4,591)..id(Bed014.w.4,594)"/>
   </segment>
   <segment nite:id="Bed014.segment.649" starttime="1325.44" endtime="1334.43" participant="mn015" timing-provenance="dialogueact">
      <nite:child href="Bed014.E.words.xml#id(Bed014.w.4,595)..id(Bed014.w.4,630)"/>
   </segment>
   <segment nite:id="Bed014.segment.650" starttime="1335.26" endtime="1346.1" participant="mn015" timing-provenance="dialogueact">
      <nite:child href="Bed014.E.words.xml#id(Bed014.w.4,631)..id(Bed014.w.4,671)"/>
   </segment>
   <segment nite:id="Bed014.segment.655" starttime="1346.73" endtime="1354.09" participant="mn015" timing-provenance="dialogueact">
      <nite:child href="Bed014.E.words.xml#id(Bed014.w.4,672)..id(Bed014.w.4,692)"/>
   </segment>
   <segment nite:id="Bed014.segment.656" starttime="1354.7" endtime="1358.16" participant="mn015" timing-provenance="dialogueact">
      <nite:child href="Bed014.E.words.xml#id(Bed014.w.4,693)..id(Bed014.w.4,702)"/>
   </segment>
   <segment nite:id="Bed014.segment.658" starttime="1359.54" endtime="1367.7" participant="mn015" timing-provenance="dialogueact">
      <nite:child href="Bed014.E.words.xml#id(Bed014.w.4,703)..id(Bed014.w.4,725)"/>
   </segment>
   <segment nite:id="Bed014.segment.661" starttime="1368.2" endtime="1370.16" participant="mn015" timing-provenance="dialogueact">
      <nite:child href="Bed014.E.words.xml#id(Bed014.w.4,726)..id(Bed014.w.4,734)"/>
   </segment>
   <segment nite:id="Bed014.segment.662" starttime="1370.67" endtime="1372.22" participant="mn015" timing-provenance="dialogueact">
      <nite:child href="Bed014.E.words.xml#id(Bed014.w.4,735)..id(Bed014.w.4,741)"/>
   </segment>
   <segment nite:id="Bed014.segment.663" starttime="1372.68" endtime="1376.04" participant="mn015" timing-provenance="dialogueact">
      <nite:child href="Bed014.E.words.xml#id(Bed014.w.4,742)..id(Bed014.w.4,750)"/>
   </segment>
   <segment nite:id="Bed014.segment.664" starttime="1377.38" endtime="1377.76" participant="mn015" timing-provenance="dialogueact">
      <nite:child href="Bed014.E.words.xml#id(Bed014.w.4,751)..id(Bed014.w.4,752)"/>
   </segment>
   <segment nite:id="Bed014.segment.665" starttime="1378.582" endtime="1391.523" participant="mn015" timing-provenance="segment">
      <nite:child href="Bed014.E.words.xml#id(Bed014.w.4,753)..id(Bed014.disfmarker.165)"/>
   </segment>
   <segment nite:id="Bed014.segment.744" starttime="1603.51" endtime="1612.7" participant="mn015" timing-provenance="dialogueact">
      <nite:child href="Bed014.E.words.xml#id(Bed014.w.5,559)..id(Bed014.w.5,596)"/>
   </segment>
   <segment nite:id="Bed014.segment.745" starttime="1613.89" endtime="1614.638" participant="mn015" timing-provenance="segment">
      <nite:child href="Bed014.E.words.xml#id(Bed014.w.5,597)..id(Bed014.w.5,598)"/>
   </segment>
   <segment nite:id="Bed014.segment.746" starttime="1615.13" endtime="1622.84" participant="mn015" timing-provenance="dialogueact">
      <nite:child href="Bed014.E.words.xml#id(Bed014.w.5,599)..id(Bed014.w.5,629)"/>
   </segment>
   <segment nite:id="Bed014.segment.748" starttime="1623.2" endtime="1629.22" participant="mn015" timing-provenance="dialogueact">
      <nite:child href="Bed014.E.words.xml#id(Bed014.w.5,632)..id(Bed014.w.5,659)"/>
   </segment>
   <segment nite:id="Bed014.segment.753" starttime="1629.69" endtime="1630.4" participant="mn015" timing-provenance="dialogueact">
      <nite:child href="Bed014.E.words.xml#id(Bed014.w.5,668)..id(Bed014.w.5,671)"/>
   </segment>
   <segment nite:id="Bed014.segment.757" starttime="1637.297" endtime="1637.713" participant="mn015" timing-provenance="segment">
      <nite:child href="Bed014.E.words.xml#id(Bed014.vocalsound.211)"/>
   </segment>
   <segment nite:id="Bed014.segment.762" starttime="1644.889" endtime="1646.566" participant="mn015" timing-provenance="segment">
      <nite:child href="Bed014.E.words.xml#id(Bed014.vocalsound.213)..id(Bed014.disfmarker.212)"/>
   </segment>
   <segment nite:id="Bed014.segment.763" starttime="1646.566" endtime="1648.291" participant="mn015" timing-provenance="segment">
      <nite:child href="Bed014.E.words.xml#id(Bed014.w.5,752)..id(Bed014.comment.96)"/>
   </segment>
   <segment nite:id="Bed014.segment.764" starttime="1648.85" endtime="1652.764" participant="mn015" timing-provenance="segment">
      <nite:child href="Bed014.E.words.xml#id(Bed014.w.5,758)..id(Bed014.disfmarker.214)"/>
   </segment>
   <segment nite:id="Bed014.segment.765" starttime="1652.764" endtime="1654.826" participant="mn015" timing-provenance="segment">
      <nite:child href="Bed014.E.words.xml#id(Bed014.w.5,767)..id(Bed014.disfmarker.216)"/>
   </segment>
   <segment nite:id="Bed014.segment.768" starttime="1654.826" endtime="1655.518" participant="mn015" timing-provenance="segment">
      <nite:child href="Bed014.E.words.xml#id(Bed014.w.5,791)..id(Bed014.disfmarker.219)"/>
   </segment>
   <segment nite:id="Bed014.segment.814" starttime="1734.42" endtime="1734.72" participant="mn015" timing-provenance="dialogueact">
      <nite:child href="Bed014.E.words.xml#id(Bed014.w.6,045)..id(Bed014.w.6,048)"/>
   </segment>
   <segment nite:id="Bed014.segment.817" starttime="1740.0" endtime="1746.96" participant="mn015" timing-provenance="dialogueact">
      <nite:child href="Bed014.E.words.xml#id(Bed014.w.6,049)..id(Bed014.w.6,075)"/>
   </segment>
   <segment nite:id="Bed014.segment.818" starttime="1747.89" endtime="1752.17" participant="mn015" timing-provenance="segment">
      <nite:child href="Bed014.E.words.xml#id(Bed014.w.6,076)..id(Bed014.comment.102)"/>
   </segment>
   <segment nite:id="Bed014.segment.843" starttime="1812.64" endtime="1814.61" participant="mn015" timing-provenance="segment">
      <nite:child href="Bed014.E.words.xml#id(Bed014.vocalsound.237)..id(Bed014.w.6,289)"/>
   </segment>
   <segment nite:id="Bed014.segment.844" starttime="1815.58" endtime="1817.94" participant="mn015" timing-provenance="dialogueact">
      <nite:child href="Bed014.E.words.xml#id(Bed014.w.6,290)..id(Bed014.w.6,296)"/>
   </segment>
   <segment nite:id="Bed014.segment.845" starttime="1818.41" endtime="1821.659" participant="mn015" timing-provenance="segment">
      <nite:child href="Bed014.E.words.xml#id(Bed014.w.6,297)..id(Bed014.vocalsound.238)"/>
   </segment>
   <segment nite:id="Bed014.segment.846" starttime="1821.71" endtime="1824.32" participant="mn015" timing-provenance="dialogueact">
      <nite:child href="Bed014.E.words.xml#id(Bed014.w.6,316)..id(Bed014.w.6,328)"/>
   </segment>
   <segment nite:id="Bed014.segment.848" starttime="1824.779" endtime="1827.115" participant="mn015" timing-provenance="segment">
      <nite:child href="Bed014.E.words.xml#id(Bed014.w.6,331)..id(Bed014.vocalsound.239)"/>
   </segment>
   <segment nite:id="Bed014.segment.851" starttime="1828.28" endtime="1828.37" participant="mn015" timing-provenance="dialogueact">
      <nite:child href="Bed014.E.words.xml#id(Bed014.w.6,352)..id(Bed014.w.6,353)"/>
   </segment>
   <segment nite:id="Bed014.segment.852" starttime="1828.83" endtime="1829.37" participant="mn015" timing-provenance="dialogueact">
      <nite:child href="Bed014.E.words.xml#id(Bed014.w.6,354)..id(Bed014.w.6,355)"/>
   </segment>
   <segment nite:id="Bed014.segment.853" starttime="1829.79" endtime="1830.13" participant="mn015" timing-provenance="dialogueact">
      <nite:child href="Bed014.E.words.xml#id(Bed014.w.6,356)..id(Bed014.w.6,357)"/>
   </segment>
   <segment nite:id="Bed014.segment.854" starttime="1833.603" endtime="1834.592" participant="mn015" timing-provenance="segment">
      <nite:child href="Bed014.E.words.xml#id(Bed014.w.6,358)..id(Bed014.disfmarker.253)"/>
   </segment>
   <segment nite:id="Bed014.segment.856" starttime="1834.592" endtime="1835.19" participant="mn015" timing-provenance="segment">
      <nite:child href="Bed014.E.words.xml#id(Bed014.w.6,362)..id(Bed014.comment.107)"/>
   </segment>
   <segment nite:id="Bed014.segment.857" starttime="1835.19" endtime="1836.154" participant="mn015" timing-provenance="segment">
      <nite:child href="Bed014.E.words.xml#id(Bed014.w.6,364)..id(Bed014.disfmarker.254)"/>
   </segment>
   <segment nite:id="Bed014.segment.859" starttime="1837.06" endtime="1837.86" participant="mn015" timing-provenance="dialogueact">
      <nite:child href="Bed014.E.words.xml#id(Bed014.w.6,370)..id(Bed014.w.6,373)"/>
   </segment>
   <segment nite:id="Bed014.segment.860" starttime="1837.86" endtime="1839.36" participant="mn015" timing-provenance="dialogueact">
      <nite:child href="Bed014.E.words.xml#id(Bed014.w.6,374)..id(Bed014.w.6,379)"/>
   </segment>
   <segment nite:id="Bed014.segment.861" starttime="1840.004" endtime="1843.268" participant="mn015" timing-provenance="segment">
      <nite:child href="Bed014.E.words.xml#id(Bed014.vocalsound.243)..id(Bed014.w.6,393)"/>
   </segment>
   <segment nite:id="Bed014.segment.862" starttime="1843.77" endtime="1849.79" participant="mn015" timing-provenance="dialogueact">
      <nite:child href="Bed014.E.words.xml#id(Bed014.w.6,394)..id(Bed014.w.6,410)"/>
   </segment>
   <segment nite:id="Bed014.segment.863" starttime="1850.316" endtime="1853.435" participant="mn015" timing-provenance="segment">
      <nite:child href="Bed014.E.words.xml#id(Bed014.w.6,411)..id(Bed014.disfmarker.255)"/>
   </segment>
   <segment nite:id="Bed014.segment.864" starttime="1853.435" endtime="1854.405" participant="mn015" timing-provenance="segment">
      <nite:child href="Bed014.E.words.xml#id(Bed014.vocalsound.244)"/>
   </segment>
   <segment nite:id="Bed014.segment.865" starttime="1854.66" endtime="1857.57" participant="mn015" timing-provenance="dialogueact">
      <nite:child href="Bed014.E.words.xml#id(Bed014.w.6,420)..id(Bed014.w.6,433)"/>
   </segment>
   <segment nite:id="Bed014.segment.866" starttime="1859.46" endtime="1860.15" participant="mn015" timing-provenance="dialogueact">
      <nite:child href="Bed014.E.words.xml#id(Bed014.w.6,434)..id(Bed014.w.6,436)"/>
   </segment>
   <segment nite:id="Bed014.segment.867" starttime="1860.96" endtime="1861.898" participant="mn015" timing-provenance="segment">
      <nite:child href="Bed014.E.words.xml#id(Bed014.w.6,437)..id(Bed014.disfmarker.256)"/>
   </segment>
   <segment nite:id="Bed014.segment.868" starttime="1862.33" endtime="1869.51" participant="mn015" timing-provenance="dialogueact">
      <nite:child href="Bed014.E.words.xml#id(Bed014.w.6,442)..id(Bed014.w.6,470)"/>
   </segment>
   <segment nite:id="Bed014.segment.873" starttime="1875.69" endtime="1876.84" participant="mn015" timing-provenance="dialogueact">
      <nite:child href="Bed014.E.words.xml#id(Bed014.w.6,487)..id(Bed014.w.6,490)"/>
   </segment>
   <segment nite:id="Bed014.segment.874" starttime="1877.55" endtime="1879.47" participant="mn015" timing-provenance="dialogueact">
      <nite:child href="Bed014.E.words.xml#id(Bed014.w.6,491)..id(Bed014.w.6,498)"/>
   </segment>
   <segment nite:id="Bed014.segment.876" starttime="1879.76" endtime="1881.23" participant="mn015" timing-provenance="dialogueact">
      <nite:child href="Bed014.E.words.xml#id(Bed014.w.6,504)..id(Bed014.w.6,512)"/>
   </segment>
   <segment nite:id="Bed014.segment.882" starttime="1882.531" endtime="1883.858" participant="mn015" timing-provenance="segment">
      <nite:child href="Bed014.E.words.xml#id(Bed014.vocalsound.249)"/>
   </segment>
   <segment nite:id="Bed014.segment.891" starttime="1895.85" endtime="1896.31" participant="mn015" timing-provenance="dialogueact">
      <nite:child href="Bed014.E.words.xml#id(Bed014.w.6,600)..id(Bed014.w.6,601)"/>
   </segment>
   <segment nite:id="Bed014.segment.894" starttime="1902.0" endtime="1902.91" participant="mn015" timing-provenance="segment">
      <nite:child href="Bed014.E.words.xml#id(Bed014.vocalsound.258)"/>
   </segment>
   <segment nite:id="Bed014.segment.901" starttime="1908.905" endtime="1909.864" participant="mn015" timing-provenance="segment">
      <nite:child href="Bed014.E.words.xml#id(Bed014.vocalsound.264)"/>
   </segment>
   <segment nite:id="Bed014.segment.903" starttime="1911.22" endtime="1913.85" participant="mn015" timing-provenance="dialogueact">
      <nite:child href="Bed014.E.words.xml#id(Bed014.w.6,674)..id(Bed014.w.6,687)"/>
   </segment>
   <segment nite:id="Bed014.segment.904" starttime="1913.962" endtime="1915.835" participant="mn015" timing-provenance="segment">
      <nite:child href="Bed014.E.words.xml#id(Bed014.w.6,688)..id(Bed014.comment.112)"/>
   </segment>
   <segment nite:id="Bed014.segment.907" starttime="1916.878" endtime="1917.491" participant="mn015" timing-provenance="segment">
      <nite:child href="Bed014.E.words.xml#id(Bed014.vocalsound.266)"/>
   </segment>
   <segment nite:id="Bed014.segment.910" starttime="1920.735" endtime="1921.163" participant="mn015" timing-provenance="segment">
      <nite:child href="Bed014.E.words.xml#id(Bed014.w.6,734)..id(Bed014.comment.113)"/>
   </segment>
   <segment nite:id="Bed014.segment.911" starttime="1922.26" endtime="1924.47" participant="mn015" timing-provenance="dialogueact">
      <nite:child href="Bed014.E.words.xml#id(Bed014.w.6,736)..id(Bed014.w.6,748)"/>
   </segment>
   <segment nite:id="Bed014.segment.916" starttime="1925.309" endtime="1945.658" participant="mn015" timing-provenance="segment">
      <nite:child href="Bed014.E.words.xml#id(Bed014.comment.117)"/>
   </segment>
   <segment nite:id="Bed014.segment.934" starttime="1969.41" endtime="1969.74" participant="mn015" timing-provenance="dialogueact">
      <nite:child href="Bed014.E.words.xml#id(Bed014.w.6,831)..id(Bed014.w.6,834)"/>
   </segment>
   <segment nite:id="Bed014.segment.946" starttime="1978.694" endtime="1979.94" participant="mn015" timing-provenance="segment">
      <nite:child href="Bed014.E.words.xml#id(Bed014.vocalsound.280)"/>
   </segment>
   <segment nite:id="Bed014.segment.947" starttime="1980.355" endtime="1982.002" participant="mn015" timing-provenance="segment">
      <nite:child href="Bed014.E.words.xml#id(Bed014.vocalsound.281)..id(Bed014.vocalsound.282)"/>
   </segment>
   <segment nite:id="Bed014.segment.948" starttime="1982.457" endtime="1983.39" participant="mn015" timing-provenance="segment">
      <nite:child href="Bed014.E.words.xml#id(Bed014.vocalsound.283)"/>
   </segment>
   <segment nite:id="Bed014.segment.951" starttime="1983.98" endtime="1984.732" participant="mn015" timing-provenance="segment">
      <nite:child href="Bed014.E.words.xml#id(Bed014.vocalsound.285)"/>
   </segment>
   <segment nite:id="Bed014.segment.952" starttime="1985.02" endtime="1985.93" participant="mn015" timing-provenance="dialogueact">
      <nite:child href="Bed014.E.words.xml#id(Bed014.w.6,946)..id(Bed014.w.6,952)"/>
   </segment>
   <segment nite:id="Bed014.segment.953" starttime="1986.194" endtime="1990.981" participant="mn015" timing-provenance="segment">
      <nite:child href="Bed014.E.words.xml#id(Bed014.vocalsound.286)"/>
   </segment>
   <segment nite:id="Bed014.segment.966" starttime="1998.66" endtime="2001.343" participant="mn015" timing-provenance="segment">
      <nite:child href="Bed014.E.words.xml#id(Bed014.w.7,033)..id(Bed014.disfmarker.273)"/>
   </segment>
   <segment nite:id="Bed014.segment.978" starttime="2011.15" endtime="2012.159" participant="mn015" timing-provenance="segment">
      <nite:child href="Bed014.E.words.xml#id(Bed014.vocalsound.300)"/>
   </segment>
   <segment nite:id="Bed014.segment.985" starttime="2018.8" endtime="2023.23" participant="mn015" timing-provenance="dialogueact">
      <nite:child href="Bed014.E.words.xml#id(Bed014.w.7,145)..id(Bed014.w.7,164)"/>
   </segment>
   <segment nite:id="Bed014.segment.991" starttime="2027.61" endtime="2034.33" participant="mn015" timing-provenance="dialogueact">
      <nite:child href="Bed014.E.words.xml#id(Bed014.w.7,183)..id(Bed014.w.7,197)"/>
   </segment>
   <segment nite:id="Bed014.segment.997" starttime="2035.06" endtime="2041.26" participant="mn015" timing-provenance="dialogueact">
      <nite:child href="Bed014.E.words.xml#id(Bed014.w.7,199)..id(Bed014.w.7,224)"/>
   </segment>
   <segment nite:id="Bed014.segment.999" starttime="2042.194" endtime="2043.143" participant="mn015" timing-provenance="segment">
      <nite:child href="Bed014.E.words.xml#id(Bed014.w.7,227)..id(Bed014.disfmarker.282)"/>
   </segment>
   <segment nite:id="Bed014.segment.1,003" starttime="2045.9" endtime="2049.708" participant="mn015" timing-provenance="segment">
      <nite:child href="Bed014.E.words.xml#id(Bed014.w.7,235)..id(Bed014.comment.134)"/>
   </segment>
   <segment nite:id="Bed014.segment.1,009" starttime="2054.18" endtime="2056.033" participant="mn015" timing-provenance="segment">
      <nite:child href="Bed014.E.words.xml#id(Bed014.w.7,272)..id(Bed014.disfmarker.284)"/>
   </segment>
   <segment nite:id="Bed014.segment.1,012" starttime="2056.468" endtime="2059.726" participant="mn015" timing-provenance="segment">
      <nite:child href="Bed014.E.words.xml#id(Bed014.w.7,287)..id(Bed014.disfmarker.285)"/>
   </segment>
   <segment nite:id="Bed014.segment.1,018" starttime="2060.07" endtime="2064.221" participant="mn015" timing-provenance="segment">
      <nite:child href="Bed014.E.words.xml#id(Bed014.vocalsound.318)"/>
   </segment>
   <segment nite:id="Bed014.segment.1,028" starttime="2071.56" endtime="2071.87" participant="mn015" timing-provenance="dialogueact">
      <nite:child href="Bed014.E.words.xml#id(Bed014.w.7,380)..id(Bed014.w.7,381)"/>
   </segment>
   <segment nite:id="Bed014.segment.1,029" starttime="2074.191" endtime="2081.273" participant="mn015" timing-provenance="segment">
      <nite:child href="Bed014.E.words.xml#id(Bed014.w.7,382)..id(Bed014.comment.138)"/>
   </segment>
   <segment nite:id="Bed014.segment.1,036" starttime="2081.78" endtime="2082.25" participant="mn015" timing-provenance="dialogueact">
      <nite:child href="Bed014.E.words.xml#id(Bed014.w.7,427)..id(Bed014.w.7,430)"/>
   </segment>
   <segment nite:id="Bed014.segment.1,037" starttime="2082.55" endtime="2084.912" participant="mn015" timing-provenance="segment">
      <nite:child href="Bed014.E.words.xml#id(Bed014.w.7,431)..id(Bed014.vocalsound.327)"/>
   </segment>
   <segment nite:id="Bed014.segment.1,045" starttime="2088.828" endtime="2089.738" participant="mn015" timing-provenance="segment">
      <nite:child href="Bed014.E.words.xml#id(Bed014.vocalsound.330)"/>
   </segment>
   <segment nite:id="Bed014.segment.1,050" starttime="2103.36" endtime="2106.745" participant="mn015" timing-provenance="segment">
      <nite:child href="Bed014.E.words.xml#id(Bed014.vocalsound.333)..id(Bed014.vocalsound.335)"/>
   </segment>
   <segment nite:id="Bed014.segment.1,052" starttime="2106.98" endtime="2109.57" participant="mn015" timing-provenance="dialogueact">
      <nite:child href="Bed014.E.words.xml#id(Bed014.w.7,528)..id(Bed014.w.7,542)"/>
   </segment>
   <segment nite:id="Bed014.segment.1,053" starttime="2110.068" endtime="2112.283" participant="mn015" timing-provenance="segment">
      <nite:child href="Bed014.E.words.xml#id(Bed014.w.7,543)..id(Bed014.vocalsound.336)"/>
   </segment>
   <segment nite:id="Bed014.segment.1,055" starttime="2113.02" endtime="2119.618" participant="mn015" timing-provenance="segment">
      <nite:child href="Bed014.E.words.xml#id(Bed014.vocalsound.337)..id(Bed014.w.7,568)"/>
   </segment>
   <segment nite:id="Bed014.segment.1,057" starttime="2120.07" endtime="2125.33" participant="mn015" timing-provenance="dialogueact">
      <nite:child href="Bed014.E.words.xml#id(Bed014.w.7,569)..id(Bed014.w.7,591)"/>
   </segment>
   <segment nite:id="Bed014.segment.1,060" starttime="2126.25" endtime="2128.871" participant="mn015" timing-provenance="segment">
      <nite:child href="Bed014.E.words.xml#id(Bed014.w.7,599)..id(Bed014.disfmarker.296)"/>
   </segment>
   <segment nite:id="Bed014.segment.1,063" starttime="2132.91" endtime="2134.37" participant="mn015" timing-provenance="dialogueact">
      <nite:child href="Bed014.E.words.xml#id(Bed014.w.7,620)..id(Bed014.w.7,627)"/>
   </segment>
   <segment nite:id="Bed014.segment.1,070" starttime="2142.29" endtime="2143.36" participant="mn015" timing-provenance="dialogueact">
      <nite:child href="Bed014.E.words.xml#id(Bed014.w.7,704)..id(Bed014.w.7,707)"/>
   </segment>
   <segment nite:id="Bed014.segment.1,073" starttime="2144.35" endtime="2145.007" participant="mn015" timing-provenance="segment">
      <nite:child href="Bed014.E.words.xml#id(Bed014.vocalsound.340)"/>
   </segment>
   <segment nite:id="Bed014.segment.1,074" starttime="2145.84" endtime="2156.95" participant="mn015" timing-provenance="dialogueact">
      <nite:child href="Bed014.E.words.xml#id(Bed014.w.7,712)..id(Bed014.w.7,758)"/>
   </segment>
   <segment nite:id="Bed014.segment.1,077" starttime="2158.37" endtime="2158.695" participant="mn015" timing-provenance="segment">
      <nite:child href="Bed014.E.words.xml#id(Bed014.w.7,769)..id(Bed014.disfmarker.304)"/>
   </segment>
   <segment nite:id="Bed014.segment.1,079" starttime="2163.31" endtime="2164.16" participant="mn015" timing-provenance="dialogueact">
      <nite:child href="Bed014.E.words.xml#id(Bed014.w.7,770)..id(Bed014.w.7,771)"/>
   </segment>
   <segment nite:id="Bed014.segment.1,090" starttime="2186.07" endtime="2189.984" participant="mn015" timing-provenance="segment">
      <nite:child href="Bed014.E.words.xml#id(Bed014.w.7,874)..id(Bed014.vocalsound.350)"/>
   </segment>
   <segment nite:id="Bed014.segment.1,097" starttime="2193.826" endtime="2194.643" participant="mn015" timing-provenance="segment">
      <nite:child href="Bed014.E.words.xml#id(Bed014.w.7,929)..id(Bed014.disfmarker.319)"/>
   </segment>
   <segment nite:id="Bed014.segment.1,101" starttime="2198.11" endtime="2205.04" participant="mn015" timing-provenance="dialogueact">
      <nite:child href="Bed014.E.words.xml#id(Bed014.w.7,956)..id(Bed014.w.7,978)"/>
   </segment>
   <segment nite:id="Bed014.segment.1,103" starttime="2205.45" endtime="2210.36" participant="mn015" timing-provenance="dialogueact">
      <nite:child href="Bed014.E.words.xml#id(Bed014.w.7,979)..id(Bed014.w.8,006)"/>
   </segment>
   <segment nite:id="Bed014.segment.1,107" starttime="2211.46" endtime="2212.33" participant="mn015" timing-provenance="dialogueact">
      <nite:child href="Bed014.E.words.xml#id(Bed014.w.8,013)..id(Bed014.w.8,017)"/>
   </segment>
   <segment nite:id="Bed014.segment.1,109" starttime="2214.22" endtime="2214.63" participant="mn015" timing-provenance="dialogueact">
      <nite:child href="Bed014.E.words.xml#id(Bed014.w.8,032)..id(Bed014.w.8,036)"/>
   </segment>
   <segment nite:id="Bed014.segment.1,112" starttime="2215.72" endtime="2218.75" participant="mn015" timing-provenance="dialogueact">
      <nite:child href="Bed014.E.words.xml#id(Bed014.w.8,043)..id(Bed014.w.8,058)"/>
   </segment>
   <segment nite:id="Bed014.segment.1,113" starttime="2219.45" endtime="2219.8" participant="mn015" timing-provenance="dialogueact">
      <nite:child href="Bed014.E.words.xml#id(Bed014.w.8,059)..id(Bed014.w.8,060)"/>
   </segment>
   <segment nite:id="Bed014.segment.1,114" starttime="2220.43" endtime="2224.635" participant="mn015" timing-provenance="segment">
      <nite:child href="Bed014.E.words.xml#id(Bed014.vocalsound.353)..id(Bed014.disfmarker.326)"/>
   </segment>
   <segment nite:id="Bed014.segment.1,116" starttime="2225.21" endtime="2226.83" participant="mn015" timing-provenance="dialogueact">
      <nite:child href="Bed014.E.words.xml#id(Bed014.w.8,077)..id(Bed014.w.8,083)"/>
   </segment>
   <segment nite:id="Bed014.segment.1,118" starttime="2228.7" endtime="2229.632" participant="mn015" timing-provenance="segment">
      <nite:child href="Bed014.E.words.xml#id(Bed014.w.8,095)..id(Bed014.comment.148)"/>
   </segment>
   <segment nite:id="Bed014.segment.1,121" starttime="2230.29" endtime="2230.63" participant="mn015" timing-provenance="dialogueact">
      <nite:child href="Bed014.E.words.xml#id(Bed014.w.8,101)..id(Bed014.w.8,102)"/>
   </segment>
   <segment nite:id="Bed014.segment.1,123" starttime="2231.62" endtime="2235.11" participant="mn015" timing-provenance="dialogueact">
      <nite:child href="Bed014.E.words.xml#id(Bed014.w.8,106)..id(Bed014.w.8,121)"/>
   </segment>
   <segment nite:id="Bed014.segment.1,125" starttime="2237.04" endtime="2237.42" participant="mn015" timing-provenance="dialogueact">
      <nite:child href="Bed014.E.words.xml#id(Bed014.w.8,140)"/>
   </segment>
   <segment nite:id="Bed014.segment.1,126" starttime="2238.26" endtime="2242.71" participant="mn015" timing-provenance="segment">
      <nite:child href="Bed014.E.words.xml#id(Bed014.w.8,141)..id(Bed014.comment.149)"/>
   </segment>
   <segment nite:id="Bed014.segment.1,130" starttime="2243.87" endtime="2245.567" participant="mn015" timing-provenance="segment">
      <nite:child href="Bed014.E.words.xml#id(Bed014.w.8,162)..id(Bed014.comment.150)"/>
   </segment>
   <segment nite:id="Bed014.segment.1,133" starttime="2248.12" endtime="2248.68" participant="mn015" timing-provenance="dialogueact">
      <nite:child href="Bed014.E.words.xml#id(Bed014.w.8,179)..id(Bed014.w.8,182)"/>
   </segment>
   <segment nite:id="Bed014.segment.1,142" starttime="2257.089" endtime="2258.573" participant="mn015" timing-provenance="segment">
      <nite:child href="Bed014.E.words.xml#id(Bed014.vocalsound.358)..id(Bed014.w.8,233)"/>
   </segment>
   <segment nite:id="Bed014.segment.1,144" starttime="2260.55" endtime="2264.55" participant="mn015" timing-provenance="dialogueact">
      <nite:child href="Bed014.E.words.xml#id(Bed014.w.8,245)..id(Bed014.w.8,260)"/>
   </segment>
   <segment nite:id="Bed014.segment.1,147" starttime="2265.49" endtime="2269.33" participant="mn015" timing-provenance="dialogueact">
      <nite:child href="Bed014.E.words.xml#id(Bed014.w.8,271)..id(Bed014.w.8,283)"/>
   </segment>
   <segment nite:id="Bed014.segment.1,149" starttime="2269.966" endtime="2270.737" participant="mn015" timing-provenance="segment">
      <nite:child href="Bed014.E.words.xml#id(Bed014.w.8,289)..id(Bed014.disfmarker.337)"/>
   </segment>
   <segment nite:id="Bed014.segment.1,151" starttime="2274.129" endtime="2276.66" participant="mn015" timing-provenance="segment">
      <nite:child href="Bed014.E.words.xml#id(Bed014.vocalsound.361)..id(Bed014.w.8,325)"/>
   </segment>
   <segment nite:id="Bed014.segment.1,153" starttime="2277.07" endtime="2279.76" participant="mn015" timing-provenance="dialogueact">
      <nite:child href="Bed014.E.words.xml#id(Bed014.w.8,326)..id(Bed014.w.8,340)"/>
   </segment>
   <segment nite:id="Bed014.segment.1,154" starttime="2280.879" endtime="2282.007" participant="mn015" timing-provenance="segment">
      <nite:child href="Bed014.E.words.xml#id(Bed014.w.8,341)..id(Bed014.comment.153)"/>
   </segment>
   <segment nite:id="Bed014.segment.1,156" starttime="2282.73" endtime="2284.93" participant="mn015" timing-provenance="dialogueact">
      <nite:child href="Bed014.E.words.xml#id(Bed014.w.8,346)..id(Bed014.w.8,352)"/>
   </segment>
   <segment nite:id="Bed014.segment.1,160" starttime="2286.48" endtime="2287.49" participant="mn015" timing-provenance="dialogueact">
      <nite:child href="Bed014.E.words.xml#id(Bed014.w.8,353)..id(Bed014.w.8,356)"/>
   </segment>
   <segment nite:id="Bed014.segment.1,171" starttime="2313.39" endtime="2319.76" participant="mn015" timing-provenance="dialogueact">
      <nite:child href="Bed014.E.words.xml#id(Bed014.w.8,458)..id(Bed014.w.8,481)"/>
   </segment>
   <segment nite:id="Bed014.segment.1,176" starttime="2320.046" endtime="2324.154" participant="mn015" timing-provenance="segment">
      <nite:child href="Bed014.E.words.xml#id(Bed014.w.8,482)..id(Bed014.vocalsound.375)"/>
   </segment>
   <segment nite:id="Bed014.segment.1,178" starttime="2325.09" endtime="2325.6" participant="mn015" timing-provenance="dialogueact">
      <nite:child href="Bed014.E.words.xml#id(Bed014.w.8,507)..id(Bed014.w.8,508)"/>
   </segment>
   <segment nite:id="Bed014.segment.1,182" starttime="2328.26" endtime="2328.92" participant="mn015" timing-provenance="dialogueact">
      <nite:child href="Bed014.E.words.xml#id(Bed014.w.8,526)..id(Bed014.w.8,527)"/>
   </segment>
   <segment nite:id="Bed014.segment.1,189" starttime="2336.86" endtime="2337.3" participant="mn015" timing-provenance="dialogueact">
      <nite:child href="Bed014.E.words.xml#id(Bed014.w.8,593)..id(Bed014.w.8,594)"/>
   </segment>
   <segment nite:id="Bed014.segment.1,192" starttime="2341.59" endtime="2341.89" participant="mn015" timing-provenance="dialogueact">
      <nite:child href="Bed014.E.words.xml#id(Bed014.w.8,600)..id(Bed014.w.8,601)"/>
   </segment>
   <segment nite:id="Bed014.segment.1,194" starttime="2344.46" endtime="2345.19" participant="mn015" timing-provenance="dialogueact">
      <nite:child href="Bed014.E.words.xml#id(Bed014.w.8,613)..id(Bed014.w.8,618)"/>
   </segment>
   <segment nite:id="Bed014.segment.1,195" starttime="2345.65" endtime="2347.21" participant="mn015" timing-provenance="dialogueact">
      <nite:child href="Bed014.E.words.xml#id(Bed014.w.8,619)..id(Bed014.w.8,627)"/>
   </segment>
   <segment nite:id="Bed014.segment.1,197" starttime="2350.85" endtime="2351.34" participant="mn015" timing-provenance="dialogueact">
      <nite:child href="Bed014.E.words.xml#id(Bed014.w.8,646)..id(Bed014.w.8,649)"/>
   </segment>
   <segment nite:id="Bed014.segment.1,204" starttime="2364.23" endtime="2365.199" participant="mn015" timing-provenance="segment">
      <nite:child href="Bed014.E.words.xml#id(Bed014.vocalsound.381)"/>
   </segment>
   <segment nite:id="Bed014.segment.1,208" starttime="2366.26" endtime="2367.04" participant="mn015" timing-provenance="dialogueact">
      <nite:child href="Bed014.E.words.xml#id(Bed014.w.8,714)..id(Bed014.w.8,718)"/>
   </segment>
   <segment nite:id="Bed014.segment.1,211" starttime="2371.04" endtime="2371.43" participant="mn015" timing-provenance="dialogueact">
      <nite:child href="Bed014.E.words.xml#id(Bed014.w.8,723)"/>
   </segment>
   <segment nite:id="Bed014.segment.1,214" starttime="2373.46" endtime="2377.42" participant="mn015" timing-provenance="dialogueact">
      <nite:child href="Bed014.E.words.xml#id(Bed014.w.8,742)..id(Bed014.w.8,754)"/>
   </segment>
   <segment nite:id="Bed014.segment.1,218" starttime="2380.24" endtime="2380.66" participant="mn015" timing-provenance="dialogueact">
      <nite:child href="Bed014.E.words.xml#id(Bed014.w.8,764)..id(Bed014.w.8,767)"/>
   </segment>
   <segment nite:id="Bed014.segment.1,220" starttime="2381.445" endtime="2387.974" participant="mn015" timing-provenance="segment">
      <nite:child href="Bed014.E.words.xml#id(Bed014.vocalsound.387)..id(Bed014.w.8,808)"/>
   </segment>
   <segment nite:id="Bed014.segment.1,226" starttime="2391.83" endtime="2392.07" participant="mn015" timing-provenance="dialogueact">
      <nite:child href="Bed014.E.words.xml#id(Bed014.w.8,847)..id(Bed014.w.8,848)"/>
   </segment>
   <segment nite:id="Bed014.segment.1,240" starttime="2409.817" endtime="2411.643" participant="mn015" timing-provenance="segment">
      <nite:child href="Bed014.E.words.xml#id(Bed014.vocalsound.390)..id(Bed014.vocalsound.391)"/>
   </segment>
   <segment nite:id="Bed014.segment.1,251" starttime="2426.245" endtime="2428.5" participant="mn015" timing-provenance="segment">
      <nite:child href="Bed014.E.words.xml#id(Bed014.vocalsound.393)..id(Bed014.disfmarker.364)"/>
   </segment>
   <segment nite:id="Bed014.segment.1,253" starttime="2428.94" endtime="2438.5" participant="mn015" timing-provenance="dialogueact">
      <nite:child href="Bed014.E.words.xml#id(Bed014.w.9,074)..id(Bed014.w.9,098)"/>
   </segment>
   <segment nite:id="Bed014.segment.1,259" starttime="2440.79" endtime="2448.39" participant="mn015" timing-provenance="dialogueact">
      <nite:child href="Bed014.E.words.xml#id(Bed014.w.9,115)..id(Bed014.w.9,147)"/>
   </segment>
   <segment nite:id="Bed014.segment.1,263" starttime="2449.135" endtime="2450.401" participant="mn015" timing-provenance="segment">
      <nite:child href="Bed014.E.words.xml#id(Bed014.w.9,169)..id(Bed014.disfmarker.366)"/>
   </segment>
   <segment nite:id="Bed014.segment.1,267" starttime="2451.076" endtime="2452.37" participant="mn015" timing-provenance="segment">
      <nite:child href="Bed014.E.words.xml#id(Bed014.vocalsound.396)"/>
   </segment>
   <segment nite:id="Bed014.segment.1,268" starttime="2452.75" endtime="2452.97" participant="mn015" timing-provenance="dialogueact">
      <nite:child href="Bed014.E.words.xml#id(Bed014.w.9,179)..id(Bed014.w.9,180)"/>
   </segment>
   <segment nite:id="Bed014.segment.1,273" starttime="2457.35" endtime="2458.99" participant="mn015" timing-provenance="dialogueact">
      <nite:child href="Bed014.E.words.xml#id(Bed014.w.9,197)..id(Bed014.w.9,205)"/>
   </segment>
   <segment nite:id="Bed014.segment.1,277" starttime="2460.141" endtime="2461.192" participant="mn015" timing-provenance="segment">
      <nite:child href="Bed014.E.words.xml#id(Bed014.w.9,227)..id(Bed014.disfmarker.368)"/>
   </segment>
   <segment nite:id="Bed014.segment.1,278" starttime="2461.192" endtime="2463.604" participant="mn015" timing-provenance="segment">
      <nite:child href="Bed014.E.words.xml#id(Bed014.w.9,233)..id(Bed014.disfmarker.370)"/>
   </segment>
   <segment nite:id="Bed014.segment.1,281" starttime="2463.822" endtime="2465.8" participant="mn015" timing-provenance="segment">
      <nite:child href="Bed014.E.words.xml#id(Bed014.vocalsound.405)"/>
   </segment>
   <segment nite:id="Bed014.segment.1,282" starttime="2467.05" endtime="2468.95" participant="mn015" timing-provenance="dialogueact">
      <nite:child href="Bed014.E.words.xml#id(Bed014.w.9,261)..id(Bed014.w.9,266)"/>
   </segment>
   <segment nite:id="Bed014.segment.1,283" starttime="2471.552" endtime="2472.086" participant="mn015" timing-provenance="segment">
      <nite:child href="Bed014.E.words.xml#id(Bed014.w.9,267)..id(Bed014.comment.170)"/>
   </segment>
   <segment nite:id="Bed014.segment.1,285" starttime="2481.82" endtime="2482.05" participant="mn015" timing-provenance="dialogueact">
      <nite:child href="Bed014.E.words.xml#id(Bed014.w.9,316)..id(Bed014.w.9,317)"/>
   </segment>
   <segment nite:id="Bed014.segment.1,300" starttime="2508.79" endtime="2510.086" participant="mn015" timing-provenance="segment">
      <nite:child href="Bed014.E.words.xml#id(Bed014.vocalsound.409)"/>
   </segment>
   <segment nite:id="Bed014.segment.1,309" starttime="2518.275" endtime="2520.115" participant="mn015" timing-provenance="segment">
      <nite:child href="Bed014.E.words.xml#id(Bed014.vocalsound.411)"/>
   </segment>
   <segment nite:id="Bed014.segment.1,334" starttime="2579.728" endtime="2580.501" participant="mn015" timing-provenance="segment">
      <nite:child href="Bed014.E.words.xml#id(Bed014.vocalsound.412)"/>
   </segment>
   <segment nite:id="Bed014.segment.1,338" starttime="2596.92" endtime="2599.79" participant="mn015" timing-provenance="dialogueact">
      <nite:child href="Bed014.E.words.xml#id(Bed014.w.9,884)..id(Bed014.w.9,896)"/>
   </segment>
   <segment nite:id="Bed014.segment.1,342" starttime="2605.47" endtime="2607.92" participant="mn015" timing-provenance="dialogueact">
      <nite:child href="Bed014.E.words.xml#id(Bed014.w.9,923)..id(Bed014.w.9,931)"/>
   </segment>
   <segment nite:id="Bed014.segment.1,344" starttime="2608.625" endtime="2612.6" participant="mn015" timing-provenance="segment">
      <nite:child href="Bed014.E.words.xml#id(Bed014.w.9,934)..id(Bed014.w.9,955)"/>
   </segment>
   <segment nite:id="Bed014.segment.1,345" starttime="2613.14" endtime="2615.87" participant="mn015" timing-provenance="dialogueact">
      <nite:child href="Bed014.E.words.xml#id(Bed014.w.9,956)..id(Bed014.w.9,964)"/>
   </segment>
   <segment nite:id="Bed014.segment.1,346" starttime="2616.697" endtime="2626.963" participant="mn015" timing-provenance="segment">
      <nite:child href="Bed014.E.words.xml#id(Bed014.nonvocalsound.28)..id(Bed014.w.10,002)"/>
   </segment>
   <segment nite:id="Bed014.segment.1,348" starttime="2627.69" endtime="2630.51" participant="mn015" timing-provenance="dialogueact">
      <nite:child href="Bed014.E.words.xml#id(Bed014.w.10,005)..id(Bed014.w.10,018)"/>
   </segment>
   <segment nite:id="Bed014.segment.1,363" starttime="2666.833" endtime="2668.02" participant="mn015" timing-provenance="segment">
      <nite:child href="Bed014.E.words.xml#id(Bed014.vocalsound.418)"/>
   </segment>
   <segment nite:id="Bed014.segment.1,366" starttime="2669.088" endtime="2670.216" participant="mn015" timing-provenance="segment">
      <nite:child href="Bed014.E.words.xml#id(Bed014.vocalsound.419)"/>
   </segment>
   <segment nite:id="Bed014.segment.1,374" starttime="2677.21" endtime="2678.0" participant="mn015" timing-provenance="dialogueact">
      <nite:child href="Bed014.E.words.xml#id(Bed014.w.10,246)..id(Bed014.w.10,249)"/>
   </segment>
   <segment nite:id="Bed014.segment.1,380" starttime="2698.121" endtime="2699.31" participant="mn015" timing-provenance="segment">
      <nite:child href="Bed014.E.words.xml#id(Bed014.vocalsound.421)"/>
   </segment>
   <segment nite:id="Bed014.segment.1,387" starttime="2709.96" endtime="2710.87" participant="mn015" timing-provenance="dialogueact">
      <nite:child href="Bed014.E.words.xml#id(Bed014.w.10,401)..id(Bed014.w.10,406)"/>
   </segment>
   <segment nite:id="Bed014.segment.1,389" starttime="2711.45" endtime="2714.25" participant="mn015" timing-provenance="dialogueact">
      <nite:child href="Bed014.E.words.xml#id(Bed014.w.10,407)..id(Bed014.w.10,411)"/>
   </segment>
   <segment nite:id="Bed014.segment.1,390" starttime="2715.83" endtime="2716.42" participant="mn015" timing-provenance="dialogueact">
      <nite:child href="Bed014.E.words.xml#id(Bed014.w.10,412)..id(Bed014.w.10,413)"/>
   </segment>
   <segment nite:id="Bed014.segment.1,391" starttime="2717.39" endtime="2722.77" participant="mn015" timing-provenance="dialogueact">
      <nite:child href="Bed014.E.words.xml#id(Bed014.w.10,414)..id(Bed014.w.10,435)"/>
   </segment>
   <segment nite:id="Bed014.segment.1,549" starttime="3094.83" endtime="3097.35" participant="mn015" timing-provenance="dialogueact">
      <nite:child href="Bed014.E.words.xml#id(Bed014.w.12,013)..id(Bed014.w.12,023)"/>
   </segment>
   <segment nite:id="Bed014.segment.1,553" starttime="3098.36" endtime="3099.626" participant="mn015" timing-provenance="segment">
      <nite:child href="Bed014.E.words.xml#id(Bed014.vocalsound.444)..id(Bed014.disfmarker.483)"/>
   </segment>
   <segment nite:id="Bed014.segment.1,563" starttime="3107.518" endtime="3108.408" participant="mn015" timing-provenance="segment">
      <nite:child href="Bed014.E.words.xml#id(Bed014.vocalsound.448)"/>
   </segment>
   <segment nite:id="Bed014.segment.1,567" starttime="3110.123" endtime="3111.033" participant="mn015" timing-provenance="segment">
      <nite:child href="Bed014.E.words.xml#id(Bed014.vocalsound.451)"/>
   </segment>
   <segment nite:id="Bed014.segment.1,570" starttime="3112.538" endtime="3112.736" participant="mn015" timing-provenance="segment">
      <nite:child href="Bed014.E.words.xml#id(Bed014.comment.197)"/>
   </segment>
</nite:root>