<?xml version="1.0" encoding="ISO-8859-1" standalone="yes"?>
<nite:root nite:id="Bed014.F.segs" xmlns:nite="http://nite.sourceforge.net/">
   <segment nite:id="Bed014.segment.6" starttime="25.227" endtime="25.603" participant="fn050" timing-provenance="segment">
      <nite:child href="Bed014.F.words.xml#id(Bed014.nonvocalsound.2)"/>
   </segment>
   <segment nite:id="Bed014.segment.7" starttime="26.813" endtime="27.841" participant="fn050" timing-provenance="segment">
      <nite:child href="Bed014.F.words.xml#id(Bed014.nonvocalsound.3)"/>
   </segment>
   <segment nite:id="Bed014.segment.9" starttime="30.67" endtime="31.92" participant="fn050" timing-provenance="segment">
      <nite:child href="Bed014.F.words.xml#id(Bed014.w.14)..id(Bed014.comment.2)"/>
   </segment>
   <segment nite:id="Bed014.segment.10" starttime="35.002" endtime="35.318" participant="fn050" timing-provenance="segment">
      <nite:child href="Bed014.F.words.xml#id(Bed014.nonvocalsound.4)"/>
   </segment>
   <segment nite:id="Bed014.segment.12" starttime="35.931" endtime="38.067" participant="fn050" timing-provenance="segment">
      <nite:child href="Bed014.F.words.xml#id(Bed014.w.18)..id(Bed014.nonvocalsound.5)"/>
   </segment>
   <segment nite:id="Bed014.segment.13" starttime="39.32" endtime="42.06" participant="fn050" timing-provenance="dialogueact">
      <nite:child href="Bed014.F.words.xml#id(Bed014.w.31)..id(Bed014.w.41)"/>
   </segment>
   <segment nite:id="Bed014.segment.15" starttime="42.141" endtime="42.77" participant="fn050" timing-provenance="segment">
      <nite:child href="Bed014.F.words.xml#id(Bed014.vocalsound.4)..id(Bed014.comment.3)"/>
   </segment>
   <segment nite:id="Bed014.segment.18" starttime="44.385" endtime="45.025" participant="fn050" timing-provenance="dialogueact">
      <nite:child href="Bed014.F.words.xml#id(Bed014.w.59)..id(Bed014.w.62)"/>
   </segment>
   <segment nite:id="Bed014.segment.20" starttime="45.2" endtime="46.086" participant="fn050" timing-provenance="segment">
      <nite:child href="Bed014.F.words.xml#id(Bed014.w.65)..id(Bed014.nonvocalsound.7)"/>
   </segment>
   <segment nite:id="Bed014.segment.22" starttime="48.12" endtime="48.863" participant="fn050" timing-provenance="segment">
      <nite:child href="Bed014.F.words.xml#id(Bed014.vocalsound.5)"/>
   </segment>
   <segment nite:id="Bed014.segment.25" starttime="52.88" endtime="53.768" participant="fn050" timing-provenance="segment">
      <nite:child href="Bed014.F.words.xml#id(Bed014.vocalsound.6)"/>
   </segment>
   <segment nite:id="Bed014.segment.28" starttime="56.2" endtime="59.841" participant="fn050" timing-provenance="segment">
      <nite:child href="Bed014.F.words.xml#id(Bed014.w.96)..id(Bed014.disfmarker.2)"/>
   </segment>
   <segment nite:id="Bed014.segment.95" starttime="156.89" endtime="157.26" participant="fn050" timing-provenance="dialogueact">
      <nite:child href="Bed014.F.words.xml#id(Bed014.w.440)..id(Bed014.w.441)"/>
   </segment>
   <segment nite:id="Bed014.segment.97" starttime="160.22" endtime="160.52" participant="fn050" timing-provenance="dialogueact">
      <nite:child href="Bed014.F.words.xml#id(Bed014.w.452)..id(Bed014.w.453)"/>
   </segment>
   <segment nite:id="Bed014.segment.98" starttime="162.644" endtime="163.044" participant="fn050" timing-provenance="dialogueact">
      <nite:child href="Bed014.F.words.xml#id(Bed014.w.454)..id(Bed014.w.457)"/>
   </segment>
   <segment nite:id="Bed014.segment.100" starttime="165.25" endtime="165.99" participant="fn050" timing-provenance="dialogueact">
      <nite:child href="Bed014.F.words.xml#id(Bed014.w.465)..id(Bed014.w.468)"/>
   </segment>
   <segment nite:id="Bed014.segment.108" starttime="187.93" endtime="192.17" participant="fn050" timing-provenance="dialogueact">
      <nite:child href="Bed014.F.words.xml#id(Bed014.w.528)..id(Bed014.w.548)"/>
   </segment>
   <segment nite:id="Bed014.segment.112" starttime="193.11" endtime="194.04" participant="fn050" timing-provenance="dialogueact">
      <nite:child href="Bed014.F.words.xml#id(Bed014.w.553)..id(Bed014.w.558)"/>
   </segment>
   <segment nite:id="Bed014.segment.113" starttime="194.54" endtime="196.833" participant="fn050" timing-provenance="segment">
      <nite:child href="Bed014.F.words.xml#id(Bed014.w.559)..id(Bed014.disfmarker.19)"/>
   </segment>
   <segment nite:id="Bed014.segment.114" starttime="197.76" endtime="197.95" participant="fn050" timing-provenance="dialogueact">
      <nite:child href="Bed014.F.words.xml#id(Bed014.w.570)..id(Bed014.w.571)"/>
   </segment>
   <segment nite:id="Bed014.segment.116" starttime="199.9" endtime="200.16" participant="fn050" timing-provenance="dialogueact">
      <nite:child href="Bed014.F.words.xml#id(Bed014.w.581)..id(Bed014.w.582)"/>
   </segment>
   <segment nite:id="Bed014.segment.117" starttime="201.09" endtime="202.87" participant="fn050" timing-provenance="dialogueact">
      <nite:child href="Bed014.F.words.xml#id(Bed014.w.583)..id(Bed014.w.589)"/>
   </segment>
   <segment nite:id="Bed014.segment.118" starttime="203.86" endtime="205.5" participant="fn050" timing-provenance="dialogueact">
      <nite:child href="Bed014.F.words.xml#id(Bed014.w.590)..id(Bed014.w.599)"/>
   </segment>
   <segment nite:id="Bed014.segment.121" starttime="206.639" endtime="207.747" participant="fn050" timing-provenance="segment">
      <nite:child href="Bed014.F.words.xml#id(Bed014.vocalsound.27)"/>
   </segment>
   <segment nite:id="Bed014.segment.125" starttime="211.67" endtime="211.84" participant="fn050" timing-provenance="dialogueact">
      <nite:child href="Bed014.F.words.xml#id(Bed014.w.636)..id(Bed014.w.637)"/>
   </segment>
   <segment nite:id="Bed014.segment.152" starttime="276.261" endtime="277.41" participant="fn050" timing-provenance="segment">
      <nite:child href="Bed014.F.words.xml#id(Bed014.vocalsound.39)"/>
   </segment>
   <segment nite:id="Bed014.segment.224" starttime="406.501" endtime="406.797" participant="fn050" timing-provenance="segment">
      <nite:child href="Bed014.F.words.xml#id(Bed014.vocalsound.59)"/>
   </segment>
   <segment nite:id="Bed014.segment.228" starttime="407.747" endtime="409.923" participant="fn050" timing-provenance="segment">
      <nite:child href="Bed014.F.words.xml#id(Bed014.vocalsound.63)"/>
   </segment>
   <segment nite:id="Bed014.segment.232" starttime="411.98" endtime="413.522" participant="fn050" timing-provenance="segment">
      <nite:child href="Bed014.F.words.xml#id(Bed014.vocalsound.66)"/>
   </segment>
   <segment nite:id="Bed014.segment.234" starttime="414.907" endtime="415.223" participant="fn050" timing-provenance="segment">
      <nite:child href="Bed014.F.words.xml#id(Bed014.vocalsound.67)"/>
   </segment>
   <segment nite:id="Bed014.segment.245" starttime="427.07" endtime="428.049" participant="fn050" timing-provenance="segment">
      <nite:child href="Bed014.F.words.xml#id(Bed014.vocalsound.75)"/>
   </segment>
   <segment nite:id="Bed014.segment.284" starttime="495.228" endtime="501.221" participant="fn050" timing-provenance="segment">
      <nite:child href="Bed014.F.words.xml#id(Bed014.nonvocalsound.18)"/>
   </segment>
   <segment nite:id="Bed014.segment.308" starttime="540.61" endtime="541.836" participant="fn050" timing-provenance="segment">
      <nite:child href="Bed014.F.words.xml#id(Bed014.vocalsound.92)"/>
   </segment>
   <segment nite:id="Bed014.segment.330" starttime="571.0" endtime="571.865" participant="fn050" timing-provenance="segment">
      <nite:child href="Bed014.F.words.xml#id(Bed014.vocalsound.99)"/>
   </segment>
   <segment nite:id="Bed014.segment.374" starttime="668.539" endtime="670.42" participant="fn050" timing-provenance="segment">
      <nite:child href="Bed014.F.words.xml#id(Bed014.vocalsound.119)"/>
   </segment>
   <segment nite:id="Bed014.segment.385" starttime="682.728" endtime="683.322" participant="fn050" timing-provenance="segment">
      <nite:child href="Bed014.F.words.xml#id(Bed014.vocalsound.124)"/>
   </segment>
   <segment nite:id="Bed014.segment.458" starttime="949.472" endtime="949.947" participant="fn050" timing-provenance="segment">
      <nite:child href="Bed014.F.words.xml#id(Bed014.w.3,108)..id(Bed014.comment.70)"/>
   </segment>
   <segment nite:id="Bed014.segment.544" starttime="1102.235" endtime="1106.429" participant="fn050" timing-provenance="segment">
      <nite:child href="Bed014.F.words.xml#id(Bed014.nonvocalsound.20)"/>
   </segment>
   <segment nite:id="Bed014.segment.913" starttime="1925.309" endtime="1945.656" participant="fn050" timing-provenance="segment">
      <nite:child href="Bed014.F.words.xml#id(Bed014.comment.114)"/>
   </segment>
   <segment nite:id="Bed014.segment.975" starttime="2009.368" endtime="2009.764" participant="fn050" timing-provenance="segment">
      <nite:child href="Bed014.F.words.xml#id(Bed014.vocalsound.297)"/>
   </segment>
   <segment nite:id="Bed014.segment.1,016" starttime="2059.721" endtime="2060.196" participant="fn050" timing-provenance="segment">
      <nite:child href="Bed014.F.words.xml#id(Bed014.vocalsound.317)..id(Bed014.comment.136)"/>
   </segment>
   <segment nite:id="Bed014.segment.1,158" starttime="2283.035" endtime="2283.747" participant="fn050" timing-provenance="segment">
      <nite:child href="Bed014.F.words.xml#id(Bed014.vocalsound.365)..id(Bed014.comment.154)"/>
   </segment>
   <segment nite:id="Bed014.segment.1,174" starttime="2317.324" endtime="2317.68" participant="fn050" timing-provenance="segment">
      <nite:child href="Bed014.F.words.xml#id(Bed014.vocalsound.373)"/>
   </segment>
   <segment nite:id="Bed014.segment.1,205" starttime="2364.435" endtime="2364.673" participant="fn050" timing-provenance="segment">
      <nite:child href="Bed014.F.words.xml#id(Bed014.vocalsound.382)"/>
   </segment>
   <segment nite:id="Bed014.segment.1,215" starttime="2373.712" endtime="2374.347" participant="fn050" timing-provenance="segment">
      <nite:child href="Bed014.F.words.xml#id(Bed014.vocalsound.385)"/>
   </segment>
   <segment nite:id="Bed014.segment.1,230" starttime="2396.86" endtime="2397.414" participant="fn050" timing-provenance="segment">
      <nite:child href="Bed014.F.words.xml#id(Bed014.nonvocalsound.27)"/>
   </segment>
   <segment nite:id="Bed014.segment.1,266" starttime="2450.834" endtime="2451.467" participant="fn050" timing-provenance="segment">
      <nite:child href="Bed014.F.words.xml#id(Bed014.vocalsound.395)"/>
   </segment>
   <segment nite:id="Bed014.segment.1,271" starttime="2455.561" endtime="2456.295" participant="fn050" timing-provenance="segment">
      <nite:child href="Bed014.F.words.xml#id(Bed014.vocalsound.398)"/>
   </segment>
   <segment nite:id="Bed014.segment.1,559" starttime="3103.193" endtime="3103.45" participant="fn050" timing-provenance="segment">
      <nite:child href="Bed014.F.words.xml#id(Bed014.w.12,063)..id(Bed014.comment.195)"/>
   </segment>
   <segment nite:id="Bed014.segment.1,569" starttime="3111.619" endtime="3112.727" participant="fn050" timing-provenance="segment">
      <nite:child href="Bed014.F.words.xml#id(Bed014.nonvocalsound.31)"/>
   </segment>
   <segment nite:id="Bed014.segment.1,573" starttime="3118.79" endtime="3119.311" participant="fn050" timing-provenance="segment">
      <nite:child href="Bed014.F.words.xml#id(Bed014.nonvocalsound.32)"/>
   </segment>
</nite:root>