<?xml version="1.0" encoding="ISO-8859-1" standalone="yes"?>
<nite:root nite:id="Bmr016.A.words" xmlns:nite="http://nite.sourceforge.net/">
   <vocalsound nite:id="Bmr016.vocalsound.5" starttime="" endtime="" description="laugh"/>
   <w nite:id="Bmr016.w.859" starttime="222.014" endtime="222.344" c="W">Uh</w>
   <disfmarker nite:id="Bmr016.disfmarker.14" starttime="" endtime=""/>
   <w nite:id="Bmr016.w.2,949" starttime="672.803" endtime="672.873" c="W">Oh</w>
   <w nite:id="Bmr016.w.2,950" starttime="672.873" endtime="673.253" t="PLET" c="W">OK</w>
   <w nite:id="Bmr016.w.2,951" starttime="673.253" endtime="673.253" c=".">.</w>
   <w nite:id="Bmr016.w.3,094" starttime="704.22" endtime="704.55" c="W">Yeah</w>
   <w nite:id="Bmr016.w.3,095" starttime="704.55" endtime="704.55" c=".">.</w>
   <w nite:id="Bmr016.w.3,192" starttime="723.89" endtime="724.2" t="PLET" c="W">OK</w>
   <w nite:id="Bmr016.w.3,193" starttime="724.2" endtime="724.2" c=".">.</w>
   <vocalsound nite:id="Bmr016.vocalsound.35" starttime="" endtime="" description="laugh"/>
   <w nite:id="Bmr016.w.3,285" starttime="740.53" endtime="740.72" c="W">Yeah</w>
   <w nite:id="Bmr016.w.3,286" starttime="740.72" endtime="740.72" c=".">.</w>
   <w nite:id="Bmr016.w.3,515" starttime="801.71" endtime="802.02" c="W">Overlapping</w>
   <w nite:id="Bmr016.w.3,516" starttime="802.02" endtime="802.42" c="W">digits</w>
   <w nite:id="Bmr016.w.3,517" starttime="802.42" endtime="802.42" c=".">!</w>
   <comment nite:id="Bmr016.comment.16" starttime="" endtime="" description="quietly, surprised"/>
   <w nite:id="Bmr016.w.3,616" starttime="816.64" endtime="816.88" c="W">Oh</w>
   <w nite:id="Bmr016.w.3,617" starttime="816.88" endtime="816.88" c=".">!</w>
   <vocalsound nite:id="Bmr016.vocalsound.42" starttime="" endtime="" description="laugh-breath"/>
   <w nite:id="Bmr016.w.3,695" starttime="827.423" endtime="827.643" c="W">Yeah</w>
   <w nite:id="Bmr016.w.3,696" starttime="827.643" endtime="827.643" c=".">.</w>
   <vocalsound nite:id="Bmr016.vocalsound.44" starttime="" endtime="" description="laugh"/>
   <vocalsound nite:id="Bmr016.vocalsound.56" starttime="" endtime="" description="laugh"/>
   <w nite:id="Bmr016.w.3,952" starttime="878.05" endtime="878.26" c="W">Yeah</w>
   <w nite:id="Bmr016.w.3,953" starttime="878.26" endtime="878.26" c=".">.</w>
   <w nite:id="Bmr016.w.3,973" starttime="880.918" endtime="881.298" c="W">The</w>
   <w nite:id="Bmr016.w.3,974" starttime="881.298" endtime="881.768" c="W">Aurora</w>
   <w nite:id="Bmr016.w.3,975" starttime="881.838" endtime="882.198" c="W">theater</w>
   <w nite:id="Bmr016.w.3,976" starttime="882.198" endtime="882.198" c=".">.</w>
   <vocalsound nite:id="Bmr016.vocalsound.65" starttime="" endtime="" description="laugh"/>
   <vocalsound nite:id="Bmr016.vocalsound.68" starttime="" endtime="" description="laugh"/>
   <vocalsound nite:id="Bmr016.vocalsound.69" starttime="" endtime="" description="laugh"/>
   <vocalsound nite:id="Bmr016.vocalsound.74" starttime="" endtime="" description="laugh"/>
   <w nite:id="Bmr016.w.4,078" starttime="898.19" endtime="898.36" c="W">So</w>
   <w nite:id="Bmr016.w.4,079" starttime="898.36" endtime="898.85" c="W">pairwise</w>
   <w nite:id="Bmr016.w.4,080" starttime="898.85" endtime="898.85" c=".">.</w>
   <w nite:id="Bmr016.w.4,094" starttime="899.796" endtime="899.966" c="W">Yeah</w>
   <w nite:id="Bmr016.w.4,095" starttime="899.966" endtime="899.966" c="CM">,</w>
   <w nite:id="Bmr016.w.4,096" starttime="900.476" endtime="900.696" c="W">just</w>
   <w nite:id="Bmr016.w.4,097" starttime="900.696" endtime="901.196" c="W">pairwise</w>
   <w nite:id="Bmr016.w.4,098" starttime="901.196" endtime="901.196" c="CM">,</w>
   <w nite:id="Bmr016.w.4,099" starttime="901.196" endtime="901.506" c="W">or</w>
   <w nite:id="Bmr016.w.4,100" starttime="901.596" endtime="901.756" c="W">yeah</w>
   <w nite:id="Bmr016.w.4,101" starttime="901.756" endtime="901.756" c=".">.</w>
   <vocalsound nite:id="Bmr016.vocalsound.78" starttime="" endtime="" description="laugh"/>
   <vocalsound nite:id="Bmr016.vocalsound.84" starttime="" endtime="" description="laugh"/>
   <vocalsound nite:id="Bmr016.vocalsound.88" starttime="" endtime="" description="laugh"/>
   <vocalsound nite:id="Bmr016.vocalsound.93" starttime="" endtime="" description="laugh"/>
   <w nite:id="Bmr016.w.4,580" starttime="994.41" endtime="" c="W">That</w>
   <w nite:id="Bmr016.w.4,581" starttime="" endtime="994.59" c="APOSS">'s</w>
   <w nite:id="Bmr016.w.4,582" starttime="994.59" endtime="994.93" c="W">German</w>
   <w nite:id="Bmr016.w.4,583" starttime="994.93" endtime="994.93" c="CM">,</w>
   <w nite:id="Bmr016.w.4,584" starttime="994.93" endtime="995.49" c="W">yeah</w>
   <w nite:id="Bmr016.w.4,585" starttime="995.49" endtime="995.49" c=".">.</w>
   <w nite:id="Bmr016.w.4,588" starttime="996.78" endtime="996.97" c="W">Yeah</w>
   <w nite:id="Bmr016.w.4,589" starttime="996.97" endtime="996.97" c=".">.</w>
   <w nite:id="Bmr016.w.5,178" starttime="1155.77" endtime="1155.95" c="W">So</w>
   <w nite:id="Bmr016.w.5,179" starttime="1156.05" endtime="1156.42" c="W">these</w>
   <disfmarker nite:id="Bmr016.disfmarker.147" starttime="" endtime=""/>
   <w nite:id="Bmr016.w.5,213" starttime="1161.9" endtime="1162.1" c="W">Yeah</w>
   <w nite:id="Bmr016.w.5,214" starttime="1162.1" endtime="1162.1" c="CM">,</w>
   <w nite:id="Bmr016.w.5,215" starttime="1163.05" endtime="1163.23" c="W">yeah</w>
   <w nite:id="Bmr016.w.5,216" starttime="1163.23" endtime="1163.23" c=".">.</w>
   <w nite:id="Bmr016.w.5,321" starttime="1184.91" endtime="1185.16" c="W">So</w>
   <w nite:id="Bmr016.w.5,322" starttime="1185.16" endtime="1185.16" c="CM">,</w>
   <w nite:id="Bmr016.w.5,323" starttime="1185.31" endtime="1185.67" c="W">your</w>
   <disfmarker nite:id="Bmr016.disfmarker.154" starttime="" endtime=""/>
   <w nite:id="Bmr016.w.5,324" starttime="1185.82" endtime="1186.14" c="W">your</w>
   <w nite:id="Bmr016.w.5,325" starttime="1186.14" endtime="1186.6" t="PLET" c="W">ASR</w>
   <w nite:id="Bmr016.w.5,326" starttime="1186.6" endtime="1187.13" c="W">results</w>
   <w nite:id="Bmr016.w.5,327" starttime="1187.13" endtime="1187.49" c="W">were</w>
   <w nite:id="Bmr016.w.5,328" starttime="1187.49" endtime="1187.76" c="W">run</w>
   <w nite:id="Bmr016.w.5,329" starttime="1187.76" endtime="1187.97" c="W">on</w>
   <w nite:id="Bmr016.w.5,330" starttime="1187.97" endtime="1188.44" c="W">the</w>
   <w nite:id="Bmr016.w.5,331" starttime="1188.69" endtime="1189.33" c="W">channels</w>
   <w nite:id="Bmr016.w.5,332" starttime="1189.33" endtime="1189.98" c="W">synchronized</w>
   <w nite:id="Bmr016.w.5,333" starttime="1189.98" endtime="1189.98" c="CM">,</w>
   <w nite:id="Bmr016.w.5,334" starttime="1190.69" endtime="1191.0" t="PLET" c="W">OK</w>
   <w nite:id="Bmr016.w.5,335" starttime="1191.0" endtime="1191.0" c=".">.</w>
   <w nite:id="Bmr016.w.5,352" starttime="1191.85" endtime="1192.05" t="PLET" c="W">OK</w>
   <w nite:id="Bmr016.w.5,353" starttime="1192.05" endtime="1192.05" c=".">.</w>
   <w nite:id="Bmr016.w.5,354" starttime="1192.57" endtime="1192.81" t="PLET" c="W">OK</w>
   <w nite:id="Bmr016.w.5,355" starttime="1192.81" endtime="1192.81" c=".">.</w>
   <w nite:id="Bmr016.w.5,391" starttime="1202.39" endtime="1202.57" c="W">Yeah</w>
   <w nite:id="Bmr016.w.5,392" starttime="1202.57" endtime="1202.57" c=".">.</w>
   <w nite:id="Bmr016.w.5,404" starttime="1207.95" endtime="1208.1" c="W">Yeah</w>
   <w nite:id="Bmr016.w.5,405" starttime="1208.1" endtime="1208.1" c=".">.</w>
   <w nite:id="Bmr016.w.5,435" starttime="1209.71" endtime="1210.08" c="W">Yeah</w>
   <w nite:id="Bmr016.w.5,436" starttime="1210.08" endtime="1210.08" c=".">.</w>
   <w nite:id="Bmr016.w.5,437" starttime="1210.98" endtime="1211.06" c="W">Yeah</w>
   <w nite:id="Bmr016.w.5,438" starttime="1211.06" endtime="1211.26" c="W">sure</w>
   <w nite:id="Bmr016.w.5,439" starttime="1211.26" endtime="1211.26" c=".">.</w>
   <w nite:id="Bmr016.w.5,440" starttime="1211.54" endtime="1211.71" c="W">Yeah</w>
   <w nite:id="Bmr016.w.5,441" starttime="1211.71" endtime="1211.71" c=".">.</w>
   <w nite:id="Bmr016.w.5,442" starttime="1213.09" endtime="1213.27" c="W">Yeah</w>
   <w nite:id="Bmr016.w.5,443" starttime="1213.27" endtime="1213.27" c=".">.</w>
   <w nite:id="Bmr016.w.5,455" starttime="1216.7" endtime="1216.91" c="W">Yeah</w>
   <w nite:id="Bmr016.w.5,456" starttime="1216.91" endtime="1216.91" c=".">.</w>
   <w nite:id="Bmr016.w.5,498" starttime="1218.57" endtime="1218.66" c="W">There</w>
   <w nite:id="Bmr016.w.5,499" starttime="1218.66" endtime="1218.72" c="W">were</w>
   <w nite:id="Bmr016.w.5,500" starttime="1218.72" endtime="1219.04" c="W">several</w>
   <w nite:id="Bmr016.w.5,501" starttime="1219.04" endtime="1219.44" c="W">speakers</w>
   <w nite:id="Bmr016.w.5,502" starttime="1219.44" endtime="1219.53" c="W">in</w>
   <w nite:id="Bmr016.w.5,503" starttime="1219.53" endtime="1219.7" c="W">it</w>
   <w nite:id="Bmr016.w.5,504" starttime="1219.7" endtime="1219.7" c="CM">,</w>
   <w nite:id="Bmr016.w.5,505" starttime="1219.7" endtime="1219.98" c="W">yeah</w>
   <w nite:id="Bmr016.w.5,506" starttime="1219.98" endtime="1219.98" c=".">.</w>
   <w nite:id="Bmr016.w.5,640" starttime="1247.21" endtime="1247.42" c="W">Yeah</w>
   <w nite:id="Bmr016.w.5,641" starttime="1247.42" endtime="1247.42" c=".">.</w>
   <vocalsound nite:id="Bmr016.vocalsound.107" starttime="" endtime="" description="laugh"/>
   <w nite:id="Bmr016.w.5,722" starttime="1268.2" endtime="1268.48" c="W">Yeah</w>
   <w nite:id="Bmr016.w.5,723" starttime="1268.48" endtime="1268.48" c=".">.</w>
   <vocalsound nite:id="Bmr016.vocalsound.109" starttime="" endtime="" description="laugh"/>
   <w nite:id="Bmr016.w.5,866" starttime="1297.21" endtime="1297.35" c="W">Yep</w>
   <w nite:id="Bmr016.w.5,867" starttime="1297.35" endtime="1297.35" c=".">.</w>
   <w nite:id="Bmr016.w.5,992" starttime="1328.87" endtime="1329.0" c="W">So</w>
   <w nite:id="Bmr016.w.5,993" starttime="1329.0" endtime="1329.33" c="W">yeah</w>
   <disfmarker nite:id="Bmr016.disfmarker.177" starttime="" endtime=""/>
   <w nite:id="Bmr016.w.5,996" starttime="1330.14" endtime="1330.32" c="W">Yeah</w>
   <w nite:id="Bmr016.w.5,997" starttime="1330.32" endtime="1330.32" c="CM">,</w>
   <w nite:id="Bmr016.w.5,998" starttime="1330.8" endtime="1330.95" c="W">should</w>
   <w nite:id="Bmr016.w.5,999" starttime="1330.95" endtime="1331.11" c="W">it</w>
   <disfmarker nite:id="Bmr016.disfmarker.178" starttime="" endtime=""/>
   <w nite:id="Bmr016.w.6,022" starttime="1334.6" endtime="1334.95" c="W">Uh</w>
   <w nite:id="Bmr016.w.6,023" starttime="1334.95" endtime="1334.95" c="CM">,</w>
   <w nite:id="Bmr016.w.6,024" starttime="1334.95" endtime="" c="W">I</w>
   <w nite:id="Bmr016.w.6,025" starttime="" endtime="1335.15" c="W">'ve</w>
   <w nite:id="Bmr016.w.6,026" starttime="1335.47" endtime="1335.86" c="W">actually</w>
   <w nite:id="Bmr016.w.6,027" starttime="1335.86" endtime="1336.05" c="W">done</w>
   <w nite:id="Bmr016.w.6,028" starttime="1336.05" endtime="1336.21" c="W">some</w>
   <w nite:id="Bmr016.w.6,029" starttime="1336.21" endtime="1336.86" c="W">experiments</w>
   <w nite:id="Bmr016.w.6,030" starttime="1336.86" endtime="1337.11" c="W">with</w>
   <w nite:id="Bmr016.w.6,031" starttime="1337.22" endtime="" c="W">cross</w>
   <w nite:id="Bmr016.w.6,032" starttime="" endtime="" c="HYPH">-</w>
   <w nite:id="Bmr016.w.6,033" starttime="" endtime="1338.01" c="W">correlation</w>
   <w nite:id="Bmr016.w.6,034" starttime="1338.01" endtime="1338.13" c="W">and</w>
   <w nite:id="Bmr016.w.6,035" starttime="1338.13" endtime="1338.29" c="W">it</w>
   <w nite:id="Bmr016.w.6,036" starttime="1338.29" endtime="1338.84" c="W">seems</w>
   <w nite:id="Bmr016.w.6,037" starttime="1338.84" endtime="1339.27" c="W">to</w>
   <w nite:id="Bmr016.w.6,038" starttime="1339.27" endtime="1339.67" c="W">work</w>
   <w nite:id="Bmr016.w.6,039" starttime="1339.67" endtime="1340.09" c="W">pretty</w>
   <w nite:id="Bmr016.w.6,040" starttime="1340.09" endtime="1340.58" c="W">well</w>
   <w nite:id="Bmr016.w.6,041" starttime="1340.66" endtime="1341.03" c="W">to</w>
   <disfmarker nite:id="Bmr016.disfmarker.180" starttime="" endtime=""/>
   <w nite:id="Bmr016.w.6,042" starttime="1341.22" endtime="1341.29" c="W">to</w>
   <w nite:id="Bmr016.w.6,043" starttime="1341.34" endtime="1341.49" c="W">get</w>
   <w nite:id="Bmr016.w.6,044" starttime="1341.49" endtime="1341.68" c="W">rid</w>
   <w nite:id="Bmr016.w.6,045" starttime="1341.68" endtime="1341.84" c="W">of</w>
   <w nite:id="Bmr016.w.6,046" starttime="1341.84" endtime="1342.28" c="W">those</w>
   <disfmarker nite:id="Bmr016.disfmarker.181" starttime="" endtime=""/>
   <w nite:id="Bmr016.w.6,047" starttime="1342.28" endtime="1342.51" c="W">those</w>
   <w nite:id="Bmr016.w.6,048" starttime="1342.51" endtime="1343.06" c="W">overlaps</w>
   <w nite:id="Bmr016.w.6,049" starttime="1343.06" endtime="1343.06" c="CM">,</w>
   <w nite:id="Bmr016.w.6,050" starttime="1343.2" endtime="1343.37" c="W">yeah</w>
   <w nite:id="Bmr016.w.6,051" starttime="1343.37" endtime="1343.37" c=".">.</w>
   <w nite:id="Bmr016.w.6,176" starttime="1364.03" endtime="1364.45" c="W">Yeah</w>
   <w nite:id="Bmr016.w.6,177" starttime="1364.45" endtime="1364.45" c=".">.</w>
   <w nite:id="Bmr016.w.6,198" starttime="1365.36" endtime="1365.64" c="W">Yeah</w>
   <w nite:id="Bmr016.w.6,199" starttime="1365.64" endtime="1365.64" c="CM">,</w>
   <w nite:id="Bmr016.w.6,200" starttime="1365.64" endtime="1365.87" c="W">sure</w>
   <w nite:id="Bmr016.w.6,201" starttime="1365.87" endtime="1365.87" c=".">.</w>
   <w nite:id="Bmr016.w.6,270" starttime="1376.49" endtime="1376.64" c="W">Yeah</w>
   <w nite:id="Bmr016.w.6,271" starttime="1376.64" endtime="1376.64" c="CM">,</w>
   <w nite:id="Bmr016.w.6,272" starttime="1376.64" endtime="1376.75" c="W">in</w>
   <w nite:id="Bmr016.w.6,273" starttime="1376.75" endtime="1377.02" c="W">another</w>
   <w nite:id="Bmr016.w.6,274" starttime="1377.02" endtime="1377.28" c="W">way</w>
   <w nite:id="Bmr016.w.6,275" starttime="1377.28" endtime="1377.28" c="CM">,</w>
   <w nite:id="Bmr016.w.6,276" starttime="1377.28" endtime="1377.54" c="W">yeah</w>
   <w nite:id="Bmr016.w.6,277" starttime="1377.54" endtime="1377.54" c=".">.</w>
   <w nite:id="Bmr016.w.6,278" starttime="1378.7" endtime="1379.0" c="W">Yeah</w>
   <w nite:id="Bmr016.w.6,279" starttime="1379.0" endtime="1379.0" c=".">.</w>
   <w nite:id="Bmr016.w.6,393" starttime="1409.0" endtime="1409.29" t="PLET" c="W">OK</w>
   <w nite:id="Bmr016.w.6,394" starttime="1409.29" endtime="1409.29" c=".">.</w>
   <w nite:id="Bmr016.w.6,395" starttime="1411.38" endtime="1411.53" c="W">Yeah</w>
   <w nite:id="Bmr016.w.6,396" starttime="1411.53" endtime="" c="W">I</w>
   <w nite:id="Bmr016.w.6,397" starttime="" endtime="1411.64" c="W">'m</w>
   <w nite:id="Bmr016.w.6,398" starttime="1411.64" endtime="1411.95" c="W">working</w>
   <w nite:id="Bmr016.w.6,399" starttime="1411.95" endtime="1412.05" c="W">on</w>
   <w nite:id="Bmr016.w.6,400" starttime="1412.05" endtime="1412.24" c="W">it</w>
   <w nite:id="Bmr016.w.6,401" starttime="1412.24" endtime="1412.24" c=".">.</w>
   <vocalsound nite:id="Bmr016.vocalsound.110" starttime="" endtime="" description="laugh"/>
   <w nite:id="Bmr016.w.8,423" starttime="1796.08" endtime="1796.19" c="W">No</w>
   <w nite:id="Bmr016.w.8,424" starttime="1796.19" endtime="1796.19" c="CM">,</w>
   <w nite:id="Bmr016.w.8,425" starttime="1796.19" endtime="1796.33" c="W">with</w>
   <w nite:id="Bmr016.w.8,426" starttime="1796.33" endtime="1796.41" c="W">the</w>
   <w nite:id="Bmr016.w.8,427" starttime="1796.41" endtime="1796.89" c="W">Transcriber</w>
   <w nite:id="Bmr016.w.8,428" starttime="1796.89" endtime="1797.07" c="W">tool</w>
   <w nite:id="Bmr016.w.8,429" starttime="1797.07" endtime="1797.07" c="CM">,</w>
   <w nite:id="Bmr016.w.8,430" starttime="1797.07" endtime="" c="W">it</w>
   <w nite:id="Bmr016.w.8,431" starttime="" endtime="1797.18" c="APOSS">'s</w>
   <w nite:id="Bmr016.w.8,432" starttime="1797.18" endtime="1797.29" c="W">no</w>
   <w nite:id="Bmr016.w.8,433" starttime="1797.29" endtime="1797.67" c="W">problem</w>
   <w nite:id="Bmr016.w.8,434" starttime="1797.67" endtime="1797.67" c=".">.</w>
   <w nite:id="Bmr016.w.8,450" starttime="1800.65" endtime="1800.73" c="W">Yeah</w>
   <w nite:id="Bmr016.w.8,451" starttime="1800.73" endtime="1801.0" c="W">just</w>
   <w nite:id="Bmr016.w.8,452" starttime="1801.18" endtime="1801.28" c="W">to</w>
   <w nite:id="Bmr016.w.8,453" starttime="1801.28" endtime="1801.46" c="W">load</w>
   <w nite:id="Bmr016.w.8,454" starttime="1801.46" endtime="1801.51" c="W">a</w>
   <w nite:id="Bmr016.w.8,455" starttime="1801.51" endtime="1802.17" c="W">transcription</w>
   <w nite:id="Bmr016.w.8,460" starttime="" endtime="" c="SYM">@</w>
   <w nite:id="Bmr016.w.8,461" starttime="" endtime="" c="SYM">@</w>
   <w nite:id="Bmr016.w.8,472" starttime="1803.29" endtime="1803.57" c="W">takes</w>
   <w nite:id="Bmr016.w.8,473" starttime="1803.57" endtime="1803.64" c="W">a</w>
   <w nite:id="Bmr016.w.8,474" starttime="1803.64" endtime="1803.82" c="W">long</w>
   <w nite:id="Bmr016.w.8,475" starttime="1803.82" endtime="1804.04" c="W">time</w>
   <w nite:id="Bmr016.w.8,476" starttime="1804.04" endtime="1804.04" c="CM">,</w>
   <w nite:id="Bmr016.w.8,477" starttime="1804.04" endtime="1804.2" c="W">but</w>
   <w nite:id="Bmr016.w.8,478" starttime="1804.2" endtime="1804.49" c="W">not</w>
   <w nite:id="Bmr016.w.8,479" starttime="1804.49" endtime="1804.56" c="W">for</w>
   <w nite:id="Bmr016.w.8,480" starttime="1804.56" endtime="1804.69" c="W">the</w>
   <w nite:id="Bmr016.w.8,481" starttime="1804.69" endtime="1805.19" c="W">wavefile</w>
   <w nite:id="Bmr016.w.8,482" starttime="1805.19" endtime="1805.19" c=".">.</w>
   <w nite:id="Bmr016.w.8,483" starttime="1805.19" endtime="1805.29" c="W">The</w>
   <w nite:id="Bmr016.w.8,484" starttime="1805.29" endtime="1805.63" c="W">wavefile</w>
   <w nite:id="Bmr016.w.8,485" starttime="1805.63" endtime="1805.77" c="W">is</w>
   <w nite:id="Bmr016.w.8,486" starttime="1805.77" endtime="1806.13" c="W">there</w>
   <w nite:id="Bmr016.w.8,487" starttime="1806.13" endtime="1806.65" c="W">immediately</w>
   <w nite:id="Bmr016.w.8,488" starttime="1806.65" endtime="1806.65" c=".">.</w>
   <w nite:id="Bmr016.w.8,506" starttime="1809.79" endtime="1809.94" c="W">Yeah</w>
   <w nite:id="Bmr016.w.8,507" starttime="1809.94" endtime="1809.94" c=".">.</w>
   <w nite:id="Bmr016.w.8,508" starttime="1810.24" endtime="1810.39" c="W">Oh</w>
   <w nite:id="Bmr016.w.8,509" starttime="1810.39" endtime="1810.39" c="CM">,</w>
   <w nite:id="Bmr016.w.8,510" starttime="1810.39" endtime="" c="W">I</w>
   <w nite:id="Bmr016.w.8,511" starttime="" endtime="1810.65" c="W">'m</w>
   <w nite:id="Bmr016.w.8,512" starttime="1810.65" endtime="1810.95" c="TRUNCW">tr</w>
   <w nite:id="Bmr016.w.8,513" starttime="1810.95" endtime="1811.16" c="W">talking</w>
   <w nite:id="Bmr016.w.8,514" starttime="1811.16" endtime="1811.35" c="W">about</w>
   <w nite:id="Bmr016.w.8,515" starttime="1811.35" endtime="1811.92" c="W">Transcriber</w>
   <w nite:id="Bmr016.w.8,516" starttime="1811.92" endtime="1811.92" c=".">.</w>
   <w nite:id="Bmr016.w.8,527" starttime="1812.65" endtime="1812.78" c="W">Yeah</w>
   <w nite:id="Bmr016.w.8,528" starttime="1812.78" endtime="1812.78" c=".">.</w>
   <vocalsound nite:id="Bmr016.vocalsound.131" starttime="" endtime="" description="laugh"/>
   <vocalsound nite:id="Bmr016.vocalsound.141" starttime="" endtime="" description="laugh"/>
   <vocalsound nite:id="Bmr016.vocalsound.154" starttime="" endtime="" description="laugh"/>
   <vocalsound nite:id="Bmr016.vocalsound.162" starttime="" endtime="" description="laugh"/>
   <w nite:id="Bmr016.w.10,531" starttime="2262.4" endtime="2262.98" c="W">Whew</w>
   <w nite:id="Bmr016.w.10,532" starttime="2262.98" endtime="2262.98" c=".">!</w>
   <comment nite:id="Bmr016.comment.98" starttime="" endtime="" description="vocal gesture"/>
   <w nite:id="Bmr016.w.10,533" starttime="" endtime="" c="SYM">@</w>
   <w nite:id="Bmr016.w.10,534" starttime="" endtime="" c="SYM">@</w>
   <comment nite:id="Bmr016.comment.99" starttime="" endtime="" description="whispered"/>
   <vocalsound nite:id="Bmr016.vocalsound.174" starttime="" endtime="" description="laugh"/>
   <vocalsound nite:id="Bmr016.vocalsound.184" starttime="" endtime="" description="laugh"/>
   <w nite:id="Bmr016.w.11,504" starttime="2442.21" endtime="" c="W">It</w>
   <w nite:id="Bmr016.w.11,505" starttime="" endtime="2442.53" c="APOSS">'s</w>
   <w nite:id="Bmr016.w.11,506" starttime="2442.53" endtime="2442.67" c="W">the</w>
   <w nite:id="Bmr016.w.11,507" starttime="2442.67" endtime="2442.86" c="W">Castle</w>
   <w nite:id="Bmr016.w.11,508" starttime="2442.86" endtime="2443.01" c="W">of</w>
   <w nite:id="Bmr016.w.11,509" starttime="2443.01" endtime="2443.62" c="W">Ah</w>
   <w nite:id="Bmr016.w.11,510" starttime="2443.62" endtime="2443.62" c=".">!</w>
   <vocalsound nite:id="Bmr016.vocalsound.190" starttime="" endtime="" description="laugh"/>
   <vocalsound nite:id="Bmr016.vocalsound.206" starttime="" endtime="" description="laugh"/>
   <vocalsound nite:id="Bmr016.vocalsound.210" starttime="" endtime="" description="laugh"/>
   <w nite:id="Bmr016.w.11,884" starttime="2497.8" endtime="2497.98" c="LET">H</w>
   <comment nite:id="Bmr016.comment.117" starttime="" endtime="" description="whispered"/>
   <vocalsound nite:id="Bmr016.vocalsound.214" starttime="" endtime="" description="laugh"/>
   <w nite:id="Bmr016.w.12,021" starttime="2526.92" endtime="2527.06" c="W">The</w>
   <w nite:id="Bmr016.w.12,022" starttime="2527.06" endtime="2527.79" c="W">transcription</w>
   <w nite:id="Bmr016.w.12,023" starttime="2527.79" endtime="2527.96" c="W">or</w>
   <disfmarker nite:id="Bmr016.disfmarker.405" starttime="" endtime=""/>
   <vocalsound nite:id="Bmr016.vocalsound.219" starttime="" endtime="" description="laugh"/>
   <vocalsound nite:id="Bmr016.vocalsound.220" starttime="" endtime="" description="laugh"/>
   <vocalsound nite:id="Bmr016.vocalsound.223" starttime="" endtime="" description="laugh"/>
   <w nite:id="Bmr016.w.12,204" starttime="2557.64" endtime="2557.75" c="W">Ooo</w>
   <comment nite:id="Bmr016.comment.125" starttime="" endtime="" description="rhymes with &quot;you&quot;"/>
   <w nite:id="Bmr016.w.12,205" starttime="2557.81" endtime="2558.11" c="W">no</w>
   <w nite:id="Bmr016.w.12,206" starttime="2558.11" endtime="2558.11" c=".">.</w>
   <w nite:id="Bmr016.w.12,219" starttime="2560.78" endtime="2560.99" c="W">Yeah</w>
   <w nite:id="Bmr016.w.12,220" starttime="2560.99" endtime="2560.99" c=".">.</w>
   <comment nite:id="Bmr016.comment.126" starttime="" endtime="" description="rising"/>
   <vocalsound nite:id="Bmr016.vocalsound.232" starttime="" endtime="" description="laugh"/>
   <vocalsound nite:id="Bmr016.vocalsound.235" starttime="" endtime="" description="laugh"/>
   <vocalsound nite:id="Bmr016.vocalsound.243" starttime="" endtime="" description="laugh"/>
   <vocalsound nite:id="Bmr016.vocalsound.246" starttime="" endtime="" description="laugh"/>
   <w nite:id="Bmr016.w.12,664" starttime="2633.91" endtime="2633.98" c="W">The</w>
   <w nite:id="Bmr016.w.12,665" starttime="2633.98" endtime="2634.3" c="W">question</w>
   <w nite:id="Bmr016.w.12,666" starttime="2634.3" endtime="2634.59" c="W">marks</w>
   <w nite:id="Bmr016.w.12,667" starttime="2634.59" endtime="2634.59" c="CM">,</w>
   <w nite:id="Bmr016.w.12,668" starttime="2634.59" endtime="2634.76" c="W">yeah</w>
   <w nite:id="Bmr016.w.12,669" starttime="2634.76" endtime="2634.76" c=".">.</w>
   <w nite:id="Bmr016.w.12,670" starttime="2635.22" endtime="2635.31" c="W">What</w>
   <w nite:id="Bmr016.w.12,671" starttime="2635.31" endtime="2635.4" c="W">are</w>
   <w nite:id="Bmr016.w.12,672" starttime="2635.4" endtime="2635.7" c="W">those</w>
   <w nite:id="Bmr016.w.12,673" starttime="2635.7" endtime="2635.7" c=".">?</w>
   <w nite:id="Bmr016.w.12,707" starttime="2639.82" endtime="2640.46" c="W">Ah</w>
   <w nite:id="Bmr016.w.12,708" starttime="2640.46" endtime="2640.46" c=".">.</w>
   <comment nite:id="Bmr016.comment.130" starttime="" endtime="" description="lengthened"/>
   <vocalsound nite:id="Bmr016.vocalsound.251" starttime="" endtime="" description="laugh"/>
   <vocalsound nite:id="Bmr016.vocalsound.259" starttime="" endtime="" description="laugh"/>
   <w nite:id="Bmr016.w.13,023" starttime="2691.43" endtime="2691.66" c="W">Yeah</w>
   <w nite:id="Bmr016.w.13,024" starttime="2691.66" endtime="2691.66" c=".">.</w>
   <w nite:id="Bmr016.w.13,243" starttime="2734.46" endtime="2734.58" c="W">So</w>
   <w nite:id="Bmr016.w.13,244" starttime="2734.58" endtime="2734.7" c="W">what</w>
   <w nite:id="Bmr016.w.13,245" starttime="2734.7" endtime="2734.82" c="W">is</w>
   <w nite:id="Bmr016.w.13,246" starttime="2734.82" endtime="2734.88" c="W">the</w>
   <w nite:id="Bmr016.w.13,247" starttime="2734.88" endtime="2735.24" c="W">difference</w>
   <w nite:id="Bmr016.w.13,248" starttime="2735.24" endtime="2735.6" c="W">between</w>
   <w nite:id="Bmr016.w.13,249" starttime="" endtime="" c="LQUOTE" qut="D">"</w>
   <w nite:id="Bmr016.w.13,250" starttime="2735.6" endtime="2736.0" c="W">papers</w>
   <w nite:id="Bmr016.w.13,251" starttime="2736.0" endtime="2736.42" c="W">rustling</w>
   <w nite:id="Bmr016.w.13,252" starttime="2736.42" endtime="2736.42" c="RQUOTE" qut="D">"</w>
   <w nite:id="Bmr016.w.13,253" starttime="2736.41" endtime="2736.52" c="W">and</w>
   <w nite:id="Bmr016.w.13,254" starttime="" endtime="" c="LQUOTE" qut="D">"</w>
   <w nite:id="Bmr016.w.13,255" starttime="2736.53" endtime="2736.95" c="W">rustling</w>
   <w nite:id="Bmr016.w.13,256" starttime="2736.95" endtime="2737.55" c="W">papers</w>
   <w nite:id="Bmr016.w.13,257" starttime="2737.55" endtime="2737.55" c="RQUOTE" qut="D">"</w>
   <w nite:id="Bmr016.w.13,258" starttime="2737.55" endtime="2737.55" c=".">?</w>
   <w nite:id="Bmr016.w.13,302" starttime="2746.54" endtime="2746.67" c="W">Yeah</w>
   <w nite:id="Bmr016.w.13,303" starttime="2746.67" endtime="2746.67" c=".">.</w>
   <w nite:id="Bmr016.w.13,324" starttime="2747.51" endtime="2747.67" c="W">Seems</w>
   <w nite:id="Bmr016.w.13,325" starttime="2747.67" endtime="2747.81" c="W">so</w>
   <w nite:id="Bmr016.w.13,326" starttime="2747.81" endtime="2747.81" c=".">.</w>
   <vocalsound nite:id="Bmr016.vocalsound.274" starttime="" endtime="" description="laugh"/>
   <w nite:id="Bmr016.w.13,354" starttime="2758.1" endtime="2758.26" c="W">Now</w>
   <w nite:id="Bmr016.w.13,355" starttime="2758.26" endtime="" c="W">it</w>
   <w nite:id="Bmr016.w.13,356" starttime="" endtime="2758.41" c="APOSS">'s</w>
   <w nite:id="Bmr016.w.13,357" starttime="2758.41" endtime="2758.48" c="W">at</w>
   <w nite:id="Bmr016.w.13,358" starttime="2758.48" endtime="2758.7" c="W">least</w>
   <w nite:id="Bmr016.w.13,359" starttime="2758.7" endtime="2758.94" c="W">six</w>
   <w nite:id="Bmr016.w.13,360" starttime="2758.94" endtime="2759.34" c="W">times</w>
   <w nite:id="Bmr016.w.13,361" starttime="2759.34" endtime="2759.34" c="CM">,</w>
   <w nite:id="Bmr016.w.13,362" starttime="2759.34" endtime="2759.56" c="W">yeah</w>
   <w nite:id="Bmr016.w.13,363" starttime="2759.56" endtime="2759.56" c=".">.</w>
   <vocalsound nite:id="Bmr016.vocalsound.276" starttime="" endtime="" description="laugh"/>
   <vocalsound nite:id="Bmr016.vocalsound.282" starttime="" endtime="" description="laugh"/>
   <vocalsound nite:id="Bmr016.vocalsound.285" starttime="" endtime="" description="laugh"/>
   <w nite:id="Bmr016.w.13,480" starttime="2781.25" endtime="2781.57" c="W">Seven</w>
   <w nite:id="Bmr016.w.13,481" starttime="2781.57" endtime="2781.9" c="W">hundred</w>
   <w nite:id="Bmr016.w.13,482" starttime="2781.9" endtime="" c="W">eighty</w>
   <w nite:id="Bmr016.w.13,483" starttime="" endtime="" c="HYPH">-</w>
   <w nite:id="Bmr016.w.13,484" starttime="" endtime="2782.24" c="W">five</w>
   <w nite:id="Bmr016.w.13,485" starttime="2782.48" endtime="2782.84" c="W">instances</w>
   <w nite:id="Bmr016.w.13,486" starttime="2782.84" endtime="2782.84" c=".">.</w>
   <comment nite:id="Bmr016.comment.134" starttime="" endtime="" description="quietly"/>
   <w nite:id="Bmr016.w.14,130" starttime="2901.17" endtime="2901.48" c="W">Tickle</w>
   <w nite:id="Bmr016.w.14,131" starttime="2901.48" endtime="2901.48" c=".">?</w>
   <vocalsound nite:id="Bmr016.vocalsound.307" starttime="" endtime="" description="laugh"/>
   <w nite:id="Bmr016.w.14,183" starttime="2909.82" endtime="2909.93" c="W">To</w>
   <w nite:id="Bmr016.w.14,184" starttime="2909.93" endtime="2909.99" c="W">the</w>
   <w nite:id="Bmr016.w.14,185" starttime="2909.99" endtime="2910.26" c="W">language</w>
   <w nite:id="Bmr016.w.14,186" starttime="2910.26" endtime="2910.45" c="W">model</w>
   <disfmarker nite:id="Bmr016.disfmarker.479" starttime="" endtime=""/>
   <w nite:id="Bmr016.w.14,187" starttime="2910.67" endtime="2910.91" c="W">model</w>
   <w nite:id="Bmr016.w.14,188" starttime="2910.91" endtime="2910.91" c=".">.</w>
   <comment nite:id="Bmr016.comment.144" starttime="" endtime="" description="very quietly"/>
   <w nite:id="Bmr016.w.14,227" starttime="2912.99" endtime="2913.31" c="W">Yeah</w>
   <w nite:id="Bmr016.w.14,228" starttime="2913.31" endtime="2913.31" c=".">.</w>
   <vocalsound nite:id="Bmr016.vocalsound.309" starttime="" endtime="" description="laugh"/>
   <w nite:id="Bmr016.w.14,295" starttime="2924.12" endtime="2924.12" c="LQUOTE" qut="D">"</w>
   <w nite:id="Bmr016.w.14,296" starttime="2924.12" endtime="2924.49" c="W">tickle</w>
   <w nite:id="Bmr016.w.14,297" starttime="2924.49" endtime="2924.49" c="RQUOTE" qut="D">"</w>
   <w nite:id="Bmr016.w.14,298" starttime="2924.49" endtime="2924.61" c="W">is</w>
   <w nite:id="Bmr016.w.14,299" starttime="2924.73" endtime="2925.14" c="W">pronounced</w>
   <w nite:id="Bmr016.w.14,300" starttime="" endtime="" c="LQUOTE" qut="D">"</w>
   <w nite:id="Bmr016.w.14,301" starttime="2925.14" endtime="2925.39" c="W">tickle</w>
   <w nite:id="Bmr016.w.14,302" starttime="2925.39" endtime="2925.39" c="RQUOTE" qut="D">"</w>
   <w nite:id="Bmr016.w.14,303" starttime="2925.39" endtime="2925.39" c=".">?</w>
   <vocalsound nite:id="Bmr016.vocalsound.310" starttime="" endtime="" description="laugh"/>
   <w nite:id="Bmr016.w.14,355" starttime="2935.66" endtime="2936.03" c="W">Yeah</w>
   <w nite:id="Bmr016.w.14,356" starttime="2936.03" endtime="2936.03" c=".">.</w>
   <vocalsound nite:id="Bmr016.vocalsound.328" starttime="" endtime="" description="laugh"/>
   <w nite:id="Bmr016.w.15,024" starttime="3073.54" endtime="3073.77" c="W">To</w>
   <w nite:id="Bmr016.w.15,025" starttime="3073.77" endtime="3074.05" c="W">head</w>
   <w nite:id="Bmr016.w.15,026" starttime="3074.05" endtime="3074.05" c=".">.</w>
   <comment nite:id="Bmr016.comment.158" starttime="" endtime="" description="while laughing"/>
   <nonvocalsound nite:id="Bmr016.nonvocalsound.28" starttime="" endtime="" description="noise"/>
   <vocalsound nite:id="Bmr016.vocalsound.349" starttime="" endtime="" description="breath"/>
   <w nite:id="Bmr016.w.17,657" starttime="3594.2" endtime="3594.36" c="W">Yeah</w>
   <w nite:id="Bmr016.w.17,658" starttime="3594.36" endtime="3594.36" c="CM">,</w>
   <w nite:id="Bmr016.w.17,659" starttime="3594.36" endtime="" c="W">that</w>
   <w nite:id="Bmr016.w.17,660" starttime="" endtime="3594.54" c="APOSS">'s</w>
   <w nite:id="Bmr016.w.17,661" starttime="3594.54" endtime="3594.6" c="W">the</w>
   <w nite:id="Bmr016.w.17,662" starttime="3594.6" endtime="3594.93" c="W">training</w>
   <w nite:id="Bmr016.w.17,663" starttime="3594.93" endtime="3595.13" c="W">data</w>
   <w nite:id="Bmr016.w.17,664" starttime="3595.13" endtime="3595.13" c=".">.</w>
   <w nite:id="Bmr016.w.17,720" starttime="3604.45" endtime="3604.6" c="W">Yeah</w>
   <w nite:id="Bmr016.w.17,721" starttime="3604.6" endtime="3604.6" c=".">.</w>
   <w nite:id="Bmr016.w.17,763" starttime="3617.48" endtime="3617.56" c="W">Oh</w>
   <w nite:id="Bmr016.w.17,764" starttime="3617.56" endtime="3617.89" c="W">great</w>
   <w nite:id="Bmr016.w.17,765" starttime="3617.89" endtime="3617.89" c=".">.</w>
   <w nite:id="Bmr016.w.17,802" starttime="3627.41" endtime="3627.47" c="W">Oh</w>
   <w nite:id="Bmr016.w.17,803" starttime="3627.47" endtime="3627.74" c="W">great</w>
   <w nite:id="Bmr016.w.17,804" starttime="3627.74" endtime="3627.74" c=".">.</w>
   <w nite:id="Bmr016.w.17,805" starttime="3628.36" endtime="3628.62" t="PLET" c="W">OK</w>
   <w nite:id="Bmr016.w.17,806" starttime="3628.62" endtime="3628.62" c=".">.</w>
   <w nite:id="Bmr016.w.17,835" starttime="3630.01" endtime="3630.19" c="W">Yeah</w>
   <w nite:id="Bmr016.w.17,836" starttime="3630.19" endtime="3630.19" c=".">.</w>
   <w nite:id="Bmr016.w.17,837" starttime="3631.31" endtime="3631.48" c="W">Yeah</w>
   <w nite:id="Bmr016.w.17,838" starttime="3631.48" endtime="3631.48" c=".">.</w>
   <w nite:id="Bmr016.w.17,888" starttime="3644.11" endtime="3644.26" c="W">So</w>
   <w nite:id="Bmr016.w.17,889" starttime="3644.26" endtime="3644.55" c="W">I</w>
   <disfmarker nite:id="Bmr016.disfmarker.592" starttime="" endtime=""/>
   <w nite:id="Bmr016.w.17,890" starttime="3644.55" endtime="3644.65" c="W">I</w>
   <w nite:id="Bmr016.w.17,891" starttime="3644.65" endtime="3644.85" c="W">thought</w>
   <w nite:id="Bmr016.w.17,892" starttime="3644.85" endtime="3645.03" c="W">we</w>
   <disfmarker nite:id="Bmr016.disfmarker.593" starttime="" endtime=""/>
   <w nite:id="Bmr016.w.17,893" starttime="3645.03" endtime="3645.33" c="W">we</w>
   <w nite:id="Bmr016.w.17,894" starttime="3645.33" endtime="3645.62" c="TRUNCW">sh</w>
   <w nite:id="Bmr016.w.17,895" starttime="3645.96" endtime="3646.02" c="W">we</w>
   <w nite:id="Bmr016.w.17,896" starttime="3646.02" endtime="3646.22" c="TRUNCW">sh</w>
   <w nite:id="Bmr016.w.17,897" starttime="3646.22" endtime="3646.57" c="W">perhaps</w>
   <w nite:id="Bmr016.w.17,898" starttime="3646.57" endtime="3646.63" c="W">we</w>
   <w nite:id="Bmr016.w.17,899" starttime="3646.63" endtime="3646.8" c="W">should</w>
   <w nite:id="Bmr016.w.17,900" starttime="3646.8" endtime="3647.23" c="W">try</w>
   <w nite:id="Bmr016.w.17,901" starttime="3647.23" endtime="3647.89" c="W">to</w>
   <disfmarker nite:id="Bmr016.disfmarker.594" starttime="" endtime=""/>
   <w nite:id="Bmr016.w.17,902" starttime="3647.89" endtime="3648.2" c="W">to</w>
   <w nite:id="Bmr016.w.17,903" starttime="3648.2" endtime="3648.72" c="W">start</w>
   <w nite:id="Bmr016.w.17,904" starttime="3648.72" endtime="3648.93" c="W">with</w>
   <w nite:id="Bmr016.w.17,905" starttime="3649.18" endtime="3649.78" c="W">those</w>
   <w nite:id="Bmr016.w.17,906" starttime="3649.78" endtime="3650.31" c="W">channelized</w>
   <w nite:id="Bmr016.w.17,907" starttime="3650.31" endtime="3650.67" c="W">versions</w>
   <w nite:id="Bmr016.w.17,908" starttime="3650.67" endtime="3650.94" c="W">just</w>
   <w nite:id="Bmr016.w.17,909" starttime="3650.94" endtime="3651.08" c="W">to</w>
   <disfmarker nite:id="Bmr016.disfmarker.595" starttime="" endtime=""/>
   <w nite:id="Bmr016.w.17,910" starttime="3651.08" endtime="3651.37" c="W">just</w>
   <w nite:id="Bmr016.w.17,911" starttime="3651.37" endtime="3651.51" c="W">to</w>
   <w nite:id="Bmr016.w.17,912" starttime="3651.51" endtime="3651.8" c="W">try</w>
   <w nite:id="Bmr016.w.17,913" starttime="3651.8" endtime="3651.95" c="W">it</w>
   <w nite:id="Bmr016.w.17,914" starttime="3651.95" endtime="3651.95" c=".">.</w>
   <w nite:id="Bmr016.w.17,915" starttime="3651.95" endtime="3652.18" c="W">Give</w>
   <w nite:id="Bmr016.w.17,916" starttime="3652.18" endtime="3652.26" c="W">it</w>
   <disfmarker nite:id="Bmr016.disfmarker.596" starttime="" endtime=""/>
   <w nite:id="Bmr016.w.17,917" starttime="3652.83" endtime="3652.93" c="W">Give</w>
   <w nite:id="Bmr016.w.17,918" starttime="3652.93" endtime="3653.09" c="W">one</w>
   <w nite:id="Bmr016.w.17,919" starttime="3653.09" endtime="3653.48" c="TRUNCW">tr</w>
   <w nite:id="Bmr016.w.17,920" starttime="3653.48" endtime="3654.3" c="W">transcriber</w>
   <w nite:id="Bmr016.w.17,921" starttime="3654.72" endtime="3655.15" c="W">the</w>
   <disfmarker nite:id="Bmr016.disfmarker.597" starttime="" endtime=""/>
   <w nite:id="Bmr016.w.17,922" starttime="3655.75" endtime="3656.01" c="W">the</w>
   <w nite:id="Bmr016.w.17,923" starttime="3656.01" endtime="3656.56" c="W">channelized</w>
   <w nite:id="Bmr016.w.17,924" starttime="3656.56" endtime="3656.9" c="W">version</w>
   <w nite:id="Bmr016.w.17,925" starttime="3656.9" endtime="3657.19" c="W">of</w>
   <disfmarker nite:id="Bmr016.disfmarker.598" starttime="" endtime=""/>
   <w nite:id="Bmr016.w.17,926" starttime="3657.19" endtime="3657.5" c="W">of</w>
   <w nite:id="Bmr016.w.17,927" starttime="3657.5" endtime="3657.83" c="W">my</w>
   <w nite:id="Bmr016.w.17,928" starttime="3657.83" endtime="" c="W">speech</w>
   <w nite:id="Bmr016.w.17,929" starttime="" endtime="" c="HYPH">-</w>
   <w nite:id="Bmr016.w.17,930" starttime="" endtime="3658.49" c="W">nonspeech</w>
   <w nite:id="Bmr016.w.17,931" starttime="3658.49" endtime="3658.95" c="W">detection</w>
   <w nite:id="Bmr016.w.17,932" starttime="3658.95" endtime="3659.25" c="W">and</w>
   <w nite:id="Bmr016.w.17,933" starttime="3659.84" endtime="3660.04" c="W">look</w>
   <w nite:id="Bmr016.w.17,934" starttime="3660.04" endtime="3660.61" c="W">if</w>
   <disfmarker nite:id="Bmr016.disfmarker.599" starttime="" endtime=""/>
   <w nite:id="Bmr016.w.17,935" starttime="3660.61" endtime="3661.16" c="W">if</w>
   <w nite:id="Bmr016.w.17,936" starttime="3661.16" endtime="" c="W">that</w>
   <w nite:id="Bmr016.w.17,937" starttime="" endtime="3661.58" c="APOSS">'s</w>
   <w nite:id="Bmr016.w.17,938" starttime="3661.58" endtime="3661.9" c="W">helpful</w>
   <w nite:id="Bmr016.w.17,939" starttime="3661.9" endtime="3662.02" c="W">for</w>
   <w nite:id="Bmr016.w.17,940" starttime="3662.02" endtime="3662.32" c="W">them</w>
   <w nite:id="Bmr016.w.17,941" starttime="3662.32" endtime="3662.32" c="CM">,</w>
   <w nite:id="Bmr016.w.17,942" starttime="3662.32" endtime="3662.7" c="W">or</w>
   <w nite:id="Bmr016.w.17,943" starttime="3662.87" endtime="3663.24" c="W">just</w>
   <w nite:id="Bmr016.w.17,944" starttime="3663.24" endtime="3663.41" c="W">let</w>
   <w nite:id="Bmr016.w.17,945" starttime="3663.41" endtime="3663.54" c="W">them</w>
   <w nite:id="Bmr016.w.17,946" starttime="3663.54" endtime="3663.8" c="W">try</w>
   <w nite:id="Bmr016.w.17,947" starttime="3663.8" endtime="3664.0" c="W">if</w>
   <disfmarker nite:id="Bmr016.disfmarker.600" starttime="" endtime=""/>
   <w nite:id="Bmr016.w.17,948" starttime="3664.0" endtime="3664.15" c="W">if</w>
   <w nite:id="Bmr016.w.17,949" starttime="3664.15" endtime="" c="W">that</w>
   <w nite:id="Bmr016.w.17,950" starttime="" endtime="3664.35" c="APOSS">'s</w>
   <w nite:id="Bmr016.w.17,951" starttime="3664.35" endtime="3664.76" c="W">better</w>
   <w nite:id="Bmr016.w.17,952" starttime="3664.76" endtime="3664.96" c="W">or</w>
   <w nite:id="Bmr016.w.17,953" starttime="3665.96" endtime="3666.04" c="W">If</w>
   <w nite:id="Bmr016.w.17,954" starttime="3666.04" endtime="3666.23" c="W">they</w>
   <disfmarker nite:id="Bmr016.disfmarker.601" starttime="" endtime=""/>
   <w nite:id="Bmr016.w.17,955" starttime="3666.23" endtime="3666.38" c="W">if</w>
   <w nite:id="Bmr016.w.17,956" starttime="3666.38" endtime="3666.47" c="W">they</w>
   <w nite:id="Bmr016.w.17,957" starttime="3666.47" endtime="3666.8" c="W">can</w>
   <disfmarker nite:id="Bmr016.disfmarker.602" starttime="" endtime=""/>
   <w nite:id="Bmr016.w.17,984" starttime="3666.8" endtime="3667.02" c="W">Yeah</w>
   <w nite:id="Bmr016.w.17,985" starttime="3667.02" endtime="3667.02" c=".">.</w>
   <w nite:id="Bmr016.w.17,986" starttime="3667.22" endtime="3667.35" c="W">Yeah</w>
   <w nite:id="Bmr016.w.17,987" starttime="3667.35" endtime="3667.35" c=".">.</w>
   <w nite:id="Bmr016.w.17,988" starttime="3668.02" endtime="3668.18" c="W">Yeah</w>
   <w nite:id="Bmr016.w.17,989" starttime="3668.18" endtime="3668.18" c=".">.</w>
</nite:root>