<?xml version="1.0" encoding="ISO-8859-1" standalone="yes"?>
<nite:root nite:id="Bmr016.B.segs" xmlns:nite="http://nite.sourceforge.net/">
   <segment nite:id="Bmr016.segment.1" starttime="0.0" endtime="0.27" participant="me018" timing-provenance="segment">
      <nite:child href="Bmr016.B.words.xml#id(Bmr016.nonvocalsound.1)"/>
   </segment>
   <segment nite:id="Bmr016.segment.20" starttime="29.61" endtime="31.51" participant="me018" timing-provenance="segment">
      <nite:child href="Bmr016.B.words.xml#id(Bmr016.vocalsound.4)"/>
   </segment>
   <segment nite:id="Bmr016.segment.58" starttime="140.178" endtime="141.01" participant="me018" timing-provenance="segment">
      <nite:child href="Bmr016.B.words.xml#id(Bmr016.nonvocalsound.4)..id(Bmr016.vocalsound.8)"/>
   </segment>
   <segment nite:id="Bmr016.segment.88" starttime="225.454" endtime="227.974" participant="me018" timing-provenance="dialogueact">
      <nite:child href="Bmr016.B.words.xml#id(Bmr016.w.880)..id(Bmr016.w.891)"/>
   </segment>
   <segment nite:id="Bmr016.segment.243" starttime="609.766" endtime="610.216" participant="me018" timing-provenance="dialogueact">
      <nite:child href="Bmr016.B.words.xml#id(Bmr016.w.2,710)..id(Bmr016.w.2,712)"/>
   </segment>
   <segment nite:id="Bmr016.segment.244" starttime="610.886" endtime="613.766" participant="me018" timing-provenance="dialogueact">
      <nite:child href="Bmr016.B.words.xml#id(Bmr016.w.2,713)..id(Bmr016.w.2,728)"/>
   </segment>
   <segment nite:id="Bmr016.segment.248" starttime="621.349" endtime="621.639" participant="me018" timing-provenance="dialogueact">
      <nite:child href="Bmr016.B.words.xml#id(Bmr016.w.2,757)..id(Bmr016.w.2,760)"/>
   </segment>
   <segment nite:id="Bmr016.segment.249" starttime="622.928" endtime="633.509" participant="me018" timing-provenance="dialogueact">
      <nite:child href="Bmr016.B.words.xml#id(Bmr016.w.2,761)..id(Bmr016.pause.3)"/>
   </segment>
   <segment nite:id="Bmr016.segment.253" starttime="633.509" endtime="634.139" participant="me018" timing-provenance="dialogueact">
      <nite:child href="Bmr016.B.words.xml#id(Bmr016.w.2,802)..id(Bmr016.w.2,803)"/>
   </segment>
   <segment nite:id="Bmr016.segment.260" starttime="661.011" endtime="661.451" participant="me018" timing-provenance="dialogueact">
      <nite:child href="Bmr016.B.words.xml#id(Bmr016.w.2,898)..id(Bmr016.w.2,899)"/>
   </segment>
   <segment nite:id="Bmr016.segment.263" starttime="666.717" endtime="667.347" participant="me018" timing-provenance="dialogueact">
      <nite:child href="Bmr016.B.words.xml#id(Bmr016.w.2,919)..id(Bmr016.w.2,922)"/>
   </segment>
   <segment nite:id="Bmr016.segment.265" starttime="672.422" endtime="673.302" participant="me018" timing-provenance="dialogueact">
      <nite:child href="Bmr016.B.words.xml#id(Bmr016.w.2,943)..id(Bmr016.w.2,948)"/>
   </segment>
   <segment nite:id="Bmr016.segment.295" starttime="731.859" endtime="732.329" participant="me018" timing-provenance="dialogueact">
      <nite:child href="Bmr016.B.words.xml#id(Bmr016.w.3,235)..id(Bmr016.w.3,237)"/>
   </segment>
   <segment nite:id="Bmr016.segment.299" starttime="734.21" endtime="735.06" participant="me018" timing-provenance="segment">
      <nite:child href="Bmr016.B.words.xml#id(Bmr016.vocalsound.37)"/>
   </segment>
   <segment nite:id="Bmr016.segment.353" starttime="848.89" endtime="856.52" participant="me018" timing-provenance="segment">
      <nite:child href="Bmr016.B.words.xml#id(Bmr016.vocalsound.47)..id(Bmr016.vocalsound.49)"/>
   </segment>
   <segment nite:id="Bmr016.segment.370" starttime="871.45" endtime="874.109" participant="me018" timing-provenance="segment">
      <nite:child href="Bmr016.B.words.xml#id(Bmr016.w.3,917)..id(Bmr016.vocalsound.54)"/>
   </segment>
   <segment nite:id="Bmr016.segment.375" starttime="875.16" endtime="876.29" participant="me018" timing-provenance="segment">
      <nite:child href="Bmr016.B.words.xml#id(Bmr016.vocalsound.58)"/>
   </segment>
   <segment nite:id="Bmr016.segment.380" starttime="877.63" endtime="878.58" participant="me018" timing-provenance="segment">
      <nite:child href="Bmr016.B.words.xml#id(Bmr016.vocalsound.63)"/>
   </segment>
   <segment nite:id="Bmr016.segment.383" starttime="879.565" endtime="880.375" participant="me018" timing-provenance="dialogueact">
      <nite:child href="Bmr016.B.words.xml#id(Bmr016.w.3,954)..id(Bmr016.w.3,956)"/>
   </segment>
   <segment nite:id="Bmr016.segment.413" starttime="905.37" endtime="906.8" participant="me018" timing-provenance="dialogueact">
      <nite:child href="Bmr016.B.words.xml#id(Bmr016.w.4,139)..id(Bmr016.w.4,145)"/>
   </segment>
   <segment nite:id="Bmr016.segment.441" starttime="975.26" endtime="978.369" participant="me018" timing-provenance="segment">
      <nite:child href="Bmr016.B.words.xml#id(Bmr016.vocalsound.82)"/>
   </segment>
   <segment nite:id="Bmr016.segment.449" starttime="979.0" endtime="982.53" participant="me018" timing-provenance="segment">
      <nite:child href="Bmr016.B.words.xml#id(Bmr016.vocalsound.87)"/>
   </segment>
   <segment nite:id="Bmr016.segment.465" starttime="994.312" endtime="997.68" participant="me018" timing-provenance="segment">
      <nite:child href="Bmr016.B.words.xml#id(Bmr016.w.4,573)..id(Bmr016.vocalsound.99)"/>
   </segment>
   <segment nite:id="Bmr016.segment.541" starttime="1205.175" endtime="1206.3" participant="me018" timing-provenance="segment">
      <nite:child href="Bmr016.B.words.xml#id(Bmr016.w.5,393)..id(Bmr016.disfmarker.158)"/>
   </segment>
   <segment nite:id="Bmr016.segment.550" starttime="1213.38" endtime="1216.39" participant="me018" timing-provenance="dialogueact">
      <nite:child href="Bmr016.B.words.xml#id(Bmr016.w.5,445)..id(Bmr016.w.5,454)"/>
   </segment>
   <segment nite:id="Bmr016.segment.553" starttime="1217.14" endtime="1217.44" participant="me018" timing-provenance="dialogueact">
      <nite:child href="Bmr016.B.words.xml#id(Bmr016.w.5,470)"/>
   </segment>
   <segment nite:id="Bmr016.segment.554" starttime="1218.44" endtime="1223.97" participant="me018" timing-provenance="dialogueact">
      <nite:child href="Bmr016.B.words.xml#id(Bmr016.w.5,471)..id(Bmr016.w.5,497)"/>
   </segment>
   <segment nite:id="Bmr016.segment.563" starttime="1232.74" endtime="1233.78" participant="me018" timing-provenance="dialogueact">
      <nite:child href="Bmr016.B.words.xml#id(Bmr016.w.5,588)..id(Bmr016.w.5,592)"/>
   </segment>
   <segment nite:id="Bmr016.segment.594" starttime="1305.689" endtime="1306.294" participant="me018" timing-provenance="segment">
      <nite:child href="Bmr016.B.words.xml#id(Bmr016.w.5,920)..id(Bmr016.disfmarker.174)"/>
   </segment>
   <segment nite:id="Bmr016.segment.595" starttime="1311.67" endtime="1312.49" participant="me018" timing-provenance="segment">
      <nite:child href="Bmr016.B.words.xml#id(Bmr016.w.5,921)..id(Bmr016.disfmarker.175)"/>
   </segment>
   <segment nite:id="Bmr016.segment.596" starttime="1313.87" endtime="1317.77" participant="me018" timing-provenance="dialogueact">
      <nite:child href="Bmr016.B.words.xml#id(Bmr016.w.5,922)..id(Bmr016.w.5,937)"/>
   </segment>
   <segment nite:id="Bmr016.segment.597" starttime="1318.24" endtime="1321.91" participant="me018" timing-provenance="dialogueact">
      <nite:child href="Bmr016.B.words.xml#id(Bmr016.w.5,938)..id(Bmr016.w.5,949)"/>
   </segment>
   <segment nite:id="Bmr016.segment.598" starttime="1322.72" endtime="1324.03" participant="me018" timing-provenance="dialogueact">
      <nite:child href="Bmr016.B.words.xml#id(Bmr016.w.5,950)..id(Bmr016.w.5,955)"/>
   </segment>
   <segment nite:id="Bmr016.segment.600" starttime="1325.41" endtime="1326.27" participant="me018" timing-provenance="segment">
      <nite:child href="Bmr016.B.words.xml#id(Bmr016.w.5,978)..id(Bmr016.comment.47)"/>
   </segment>
   <segment nite:id="Bmr016.segment.601" starttime="1328.38" endtime="1330.09" participant="me018" timing-provenance="dialogueact">
      <nite:child href="Bmr016.B.words.xml#id(Bmr016.w.5,981)..id(Bmr016.w.5,991)"/>
   </segment>
   <segment nite:id="Bmr016.segment.608" starttime="1334.59" endtime="1334.86" participant="me018" timing-provenance="dialogueact">
      <nite:child href="Bmr016.B.words.xml#id(Bmr016.w.6,020)..id(Bmr016.w.6,021)"/>
   </segment>
   <segment nite:id="Bmr016.segment.614" starttime="1344.63" endtime="1346.23" participant="me018" timing-provenance="dialogueact">
      <nite:child href="Bmr016.B.words.xml#id(Bmr016.w.6,088)..id(Bmr016.w.6,097)"/>
   </segment>
   <segment nite:id="Bmr016.segment.616" starttime="1353.19" endtime="1353.5" participant="me018" timing-provenance="dialogueact">
      <nite:child href="Bmr016.B.words.xml#id(Bmr016.w.6,122)..id(Bmr016.w.6,125)"/>
   </segment>
   <segment nite:id="Bmr016.segment.624" starttime="1366.22" endtime="1367.41" participant="me018" timing-provenance="segment">
      <nite:child href="Bmr016.B.words.xml#id(Bmr016.w.6,202)..id(Bmr016.disfmarker.190)"/>
   </segment>
   <segment nite:id="Bmr016.segment.626" starttime="1372.28" endtime="1375.27" participant="me018" timing-provenance="dialogueact">
      <nite:child href="Bmr016.B.words.xml#id(Bmr016.w.6,218)..id(Bmr016.w.6,234)"/>
   </segment>
   <segment nite:id="Bmr016.segment.629" starttime="1376.22" endtime="1377.43" participant="me018" timing-provenance="dialogueact">
      <nite:child href="Bmr016.B.words.xml#id(Bmr016.w.6,263)..id(Bmr016.w.6,269)"/>
   </segment>
   <segment nite:id="Bmr016.segment.632" starttime="1378.76" endtime="1379.07" participant="me018" timing-provenance="dialogueact">
      <nite:child href="Bmr016.B.words.xml#id(Bmr016.w.6,280)..id(Bmr016.w.6,281)"/>
   </segment>
   <segment nite:id="Bmr016.segment.633" starttime="1382.06" endtime="1382.42" participant="me018" timing-provenance="dialogueact">
      <nite:child href="Bmr016.B.words.xml#id(Bmr016.w.6,282)..id(Bmr016.w.6,284)"/>
   </segment>
   <segment nite:id="Bmr016.segment.639" starttime="1404.73" endtime="1405.37" participant="me018" timing-provenance="dialogueact">
      <nite:child href="Bmr016.B.words.xml#id(Bmr016.w.6,371)..id(Bmr016.w.6,374)"/>
   </segment>
   <segment nite:id="Bmr016.segment.645" starttime="1413.98" endtime="1417.96" participant="me018" timing-provenance="dialogueact">
      <nite:child href="Bmr016.B.words.xml#id(Bmr016.w.6,414)..id(Bmr016.w.6,431)"/>
   </segment>
   <segment nite:id="Bmr016.segment.803" starttime="1664.97" endtime="1671.119" participant="me018" timing-provenance="segment">
      <nite:child href="Bmr016.B.words.xml#id(Bmr016.w.7,744)..id(Bmr016.disfmarker.259)"/>
   </segment>
   <segment nite:id="Bmr016.segment.804" starttime="1671.61" endtime="1674.087" participant="me018" timing-provenance="segment">
      <nite:child href="Bmr016.B.words.xml#id(Bmr016.w.7,764)..id(Bmr016.comment.67)"/>
   </segment>
   <segment nite:id="Bmr016.segment.805" starttime="1674.434" endtime="1677.479" participant="me018" timing-provenance="segment">
      <nite:child href="Bmr016.B.words.xml#id(Bmr016.w.7,771)..id(Bmr016.comment.69)"/>
   </segment>
   <segment nite:id="Bmr016.segment.807" starttime="1679.84" endtime="1680.08" participant="me018" timing-provenance="dialogueact">
      <nite:child href="Bmr016.B.words.xml#id(Bmr016.w.7,803)..id(Bmr016.w.7,806)"/>
   </segment>
   <segment nite:id="Bmr016.segment.820" starttime="1707.73" endtime="1709.43" participant="me018" timing-provenance="dialogueact">
      <nite:child href="Bmr016.B.words.xml#id(Bmr016.w.7,964)..id(Bmr016.w.7,973)"/>
   </segment>
   <segment nite:id="Bmr016.segment.824" starttime="1711.48" endtime="1712.61" participant="me018" timing-provenance="segment">
      <nite:child href="Bmr016.B.words.xml#id(Bmr016.vocalsound.125)"/>
   </segment>
   <segment nite:id="Bmr016.segment.863" starttime="1778.1" endtime="1780.26" participant="me018" timing-provenance="dialogueact">
      <nite:child href="Bmr016.B.words.xml#id(Bmr016.w.8,311)..id(Bmr016.w.8,324)"/>
   </segment>
   <segment nite:id="Bmr016.segment.864" starttime="1781.09" endtime="1781.44" participant="me018" timing-provenance="dialogueact">
      <nite:child href="Bmr016.B.words.xml#id(Bmr016.w.8,325)..id(Bmr016.w.8,327)"/>
   </segment>
   <segment nite:id="Bmr016.segment.866" starttime="1785.29" endtime="1789.68" participant="me018" timing-provenance="dialogueact">
      <nite:child href="Bmr016.B.words.xml#id(Bmr016.w.8,349)..id(Bmr016.w.8,380)"/>
   </segment>
   <segment nite:id="Bmr016.segment.869" starttime="1790.32" endtime="1791.72" participant="me018" timing-provenance="dialogueact">
      <nite:child href="Bmr016.B.words.xml#id(Bmr016.w.8,385)..id(Bmr016.w.8,391)"/>
   </segment>
   <segment nite:id="Bmr016.segment.970" starttime="1964.58" endtime="1968.11" participant="me018" timing-provenance="segment">
      <nite:child href="Bmr016.B.words.xml#id(Bmr016.w.9,132)..id(Bmr016.disfmarker.315)"/>
   </segment>
   <segment nite:id="Bmr016.segment.972" starttime="1968.58" endtime="1976.39" participant="me018" timing-provenance="dialogueact">
      <nite:child href="Bmr016.B.words.xml#id(Bmr016.w.9,166)..id(Bmr016.w.9,189)"/>
   </segment>
   <segment nite:id="Bmr016.segment.974" starttime="1977.0" endtime="1983.05" participant="me018" timing-provenance="dialogueact">
      <nite:child href="Bmr016.B.words.xml#id(Bmr016.w.9,192)..id(Bmr016.w.9,218)"/>
   </segment>
   <segment nite:id="Bmr016.segment.983" starttime="1995.18" endtime="1998.18" participant="me018" timing-provenance="segment">
      <nite:child href="Bmr016.B.words.xml#id(Bmr016.vocalsound.140)"/>
   </segment>
   <segment nite:id="Bmr016.segment.1,006" starttime="2081.16" endtime="2081.81" participant="me018" timing-provenance="dialogueact">
      <nite:child href="Bmr016.B.words.xml#id(Bmr016.w.9,660)..id(Bmr016.w.9,663)"/>
   </segment>
   <segment nite:id="Bmr016.segment.1,008" starttime="2084.62" endtime="2085.27" participant="me018" timing-provenance="dialogueact">
      <nite:child href="Bmr016.B.words.xml#id(Bmr016.w.9,693)..id(Bmr016.w.9,694)"/>
   </segment>
   <segment nite:id="Bmr016.segment.1,011" starttime="2097.91" endtime="2100.64" participant="me018" timing-provenance="dialogueact">
      <nite:child href="Bmr016.B.words.xml#id(Bmr016.w.9,736)..id(Bmr016.w.9,756)"/>
   </segment>
   <segment nite:id="Bmr016.segment.1,013" starttime="2105.69" endtime="2106.02" participant="me018" timing-provenance="dialogueact">
      <nite:child href="Bmr016.B.words.xml#id(Bmr016.w.9,793)..id(Bmr016.w.9,796)"/>
   </segment>
   <segment nite:id="Bmr016.segment.1,047" starttime="2177.54" endtime="2178.229" participant="me018" timing-provenance="segment">
      <nite:child href="Bmr016.B.words.xml#id(Bmr016.vocalsound.149)"/>
   </segment>
   <segment nite:id="Bmr016.segment.1,058" starttime="2182.14" endtime="2183.07" participant="me018" timing-provenance="segment">
      <nite:child href="Bmr016.B.words.xml#id(Bmr016.vocalsound.155)"/>
   </segment>
   <segment nite:id="Bmr016.segment.1,097" starttime="2240.48" endtime="2242.27" participant="me018" timing-provenance="segment">
      <nite:child href="Bmr016.B.words.xml#id(Bmr016.vocalsound.160)"/>
   </segment>
   <segment nite:id="Bmr016.segment.1,109" starttime="2267.98" endtime="2270.8" participant="me018" timing-provenance="dialogueact">
      <nite:child href="Bmr016.B.words.xml#id(Bmr016.w.10,560)..id(Bmr016.w.10,577)"/>
   </segment>
   <segment nite:id="Bmr016.segment.1,114" starttime="2273.54" endtime="2274.28" participant="me018" timing-provenance="dialogueact">
      <nite:child href="Bmr016.B.words.xml#id(Bmr016.w.10,598)..id(Bmr016.w.10,603)"/>
   </segment>
   <segment nite:id="Bmr016.segment.1,121" starttime="2295.24" endtime="2295.86" participant="me018" timing-provenance="dialogueact">
      <nite:child href="Bmr016.B.words.xml#id(Bmr016.w.10,706)..id(Bmr016.w.10,709)"/>
   </segment>
   <segment nite:id="Bmr016.segment.1,122" starttime="2296.51" endtime="2302.21" participant="me018" timing-provenance="segment">
      <nite:child href="Bmr016.B.words.xml#id(Bmr016.w.10,710)..id(Bmr016.disfmarker.370)"/>
   </segment>
   <segment nite:id="Bmr016.segment.1,125" starttime="2302.55" endtime="2304.62" participant="me018" timing-provenance="dialogueact">
      <nite:child href="Bmr016.B.words.xml#id(Bmr016.w.10,747)..id(Bmr016.w.10,759)"/>
   </segment>
   <segment nite:id="Bmr016.segment.1,129" starttime="2305.4" endtime="2305.61" participant="me018" timing-provenance="dialogueact">
      <nite:child href="Bmr016.B.words.xml#id(Bmr016.w.10,780)..id(Bmr016.w.10,781)"/>
   </segment>
   <segment nite:id="Bmr016.segment.1,131" starttime="2309.37" endtime="2310.74" participant="me018" timing-provenance="dialogueact">
      <nite:child href="Bmr016.B.words.xml#id(Bmr016.w.10,799)..id(Bmr016.w.10,810)"/>
   </segment>
   <segment nite:id="Bmr016.segment.1,150" starttime="2387.53" endtime="2388.168" participant="me018" timing-provenance="segment">
      <nite:child href="Bmr016.B.words.xml#id(Bmr016.vocalsound.168)"/>
   </segment>
   <segment nite:id="Bmr016.segment.1,158" starttime="2399.76" endtime="2401.87" participant="me018" timing-provenance="segment">
      <nite:child href="Bmr016.B.words.xml#id(Bmr016.vocalsound.176)"/>
   </segment>
   <segment nite:id="Bmr016.segment.1,213" starttime="2468.5" endtime="2469.047" participant="me018" timing-provenance="segment">
      <nite:child href="Bmr016.B.words.xml#id(Bmr016.vocalsound.196)"/>
   </segment>
   <segment nite:id="Bmr016.segment.1,219" starttime="2469.047" endtime="2469.921" participant="me018" timing-provenance="segment">
      <nite:child href="Bmr016.B.words.xml#id(Bmr016.w.11,681)..id(Bmr016.comment.112)"/>
   </segment>
   <segment nite:id="Bmr016.segment.1,220" starttime="2469.921" endtime="2472.68" participant="me018" timing-provenance="segment">
      <nite:child href="Bmr016.B.words.xml#id(Bmr016.vocalsound.199)"/>
   </segment>
   <segment nite:id="Bmr016.segment.1,228" starttime="2473.21" endtime="2474.65" participant="me018" timing-provenance="dialogueact">
      <nite:child href="Bmr016.B.words.xml#id(Bmr016.w.11,710)..id(Bmr016.w.11,717)"/>
   </segment>
   <segment nite:id="Bmr016.segment.1,231" starttime="2474.687" endtime="2477.515" participant="me018" timing-provenance="segment">
      <nite:child href="Bmr016.B.words.xml#id(Bmr016.vocalsound.204)"/>
   </segment>
   <segment nite:id="Bmr016.segment.1,241" starttime="2480.126" endtime="2484.594" participant="me018" timing-provenance="segment">
      <nite:child href="Bmr016.B.words.xml#id(Bmr016.vocalsound.209)"/>
   </segment>
   <segment nite:id="Bmr016.segment.1,263" starttime="2498.01" endtime="2499.29" participant="me018" timing-provenance="dialogueact">
      <nite:child href="Bmr016.B.words.xml#id(Bmr016.w.11,885)..id(Bmr016.w.11,894)"/>
   </segment>
   <segment nite:id="Bmr016.segment.1,268" starttime="2506.99" endtime="2507.97" participant="me018" timing-provenance="dialogueact">
      <nite:child href="Bmr016.B.words.xml#id(Bmr016.w.11,927)..id(Bmr016.w.11,933)"/>
   </segment>
   <segment nite:id="Bmr016.segment.1,280" starttime="2524.402" endtime="2526.11" participant="me018" timing-provenance="segment">
      <nite:child href="Bmr016.B.words.xml#id(Bmr016.vocalsound.217)"/>
   </segment>
   <segment nite:id="Bmr016.segment.1,283" starttime="2527.53" endtime="2528.31" participant="me018" timing-provenance="segment">
      <nite:child href="Bmr016.B.words.xml#id(Bmr016.vocalsound.218)"/>
   </segment>
   <segment nite:id="Bmr016.segment.1,296" starttime="2548.77" endtime="2549.44" participant="me018" timing-provenance="segment">
      <nite:child href="Bmr016.B.words.xml#id(Bmr016.vocalsound.221)"/>
   </segment>
   <segment nite:id="Bmr016.segment.1,302" starttime="2552.16" endtime="2552.82" participant="me018" timing-provenance="segment">
      <nite:child href="Bmr016.B.words.xml#id(Bmr016.vocalsound.225)"/>
   </segment>
   <segment nite:id="Bmr016.segment.1,305" starttime="2555.03" endtime="2557.53" participant="me018" timing-provenance="segment">
      <nite:child href="Bmr016.B.words.xml#id(Bmr016.vocalsound.228)"/>
   </segment>
   <segment nite:id="Bmr016.segment.1,309" starttime="2558.36" endtime="2558.94" participant="me018" timing-provenance="segment">
      <nite:child href="Bmr016.B.words.xml#id(Bmr016.vocalsound.229)"/>
   </segment>
   <segment nite:id="Bmr016.segment.1,320" starttime="2566.084" endtime="2567.408" participant="me018" timing-provenance="segment">
      <nite:child href="Bmr016.B.words.xml#id(Bmr016.vocalsound.237)"/>
   </segment>
   <segment nite:id="Bmr016.segment.1,340" starttime="2612.48" endtime="2612.95" participant="me018" timing-provenance="segment">
      <nite:child href="Bmr016.B.words.xml#id(Bmr016.vocalsound.241)"/>
   </segment>
   <segment nite:id="Bmr016.segment.1,344" starttime="2614.23" endtime="2616.22" participant="me018" timing-provenance="segment">
      <nite:child href="Bmr016.B.words.xml#id(Bmr016.vocalsound.244)"/>
   </segment>
   <segment nite:id="Bmr016.segment.1,349" starttime="2617.03" endtime="2620.0" participant="me018" timing-provenance="segment">
      <nite:child href="Bmr016.B.words.xml#id(Bmr016.w.12,561)..id(Bmr016.vocalsound.247)"/>
   </segment>
   <segment nite:id="Bmr016.segment.1,398" starttime="2698.204" endtime="2699.046" participant="me018" timing-provenance="segment">
      <nite:child href="Bmr016.B.words.xml#id(Bmr016.vocalsound.260)"/>
   </segment>
   <segment nite:id="Bmr016.segment.1,403" starttime="2699.68" endtime="2700.59" participant="me018" timing-provenance="segment">
      <nite:child href="Bmr016.B.words.xml#id(Bmr016.vocalsound.262)"/>
   </segment>
   <segment nite:id="Bmr016.segment.1,405" starttime="2700.89" endtime="2705.301" participant="me018" timing-provenance="segment">
      <nite:child href="Bmr016.B.words.xml#id(Bmr016.vocalsound.263)"/>
   </segment>
   <segment nite:id="Bmr016.segment.1,409" starttime="2705.74" endtime="2707.0" participant="me018" timing-provenance="segment">
      <nite:child href="Bmr016.B.words.xml#id(Bmr016.vocalsound.267)"/>
   </segment>
   <segment nite:id="Bmr016.segment.1,411" starttime="2708.41" endtime="2709.9" participant="me018" timing-provenance="segment">
      <nite:child href="Bmr016.B.words.xml#id(Bmr016.vocalsound.269)"/>
   </segment>
   <segment nite:id="Bmr016.segment.1,463" starttime="2784.1" endtime="2784.62" participant="me018" timing-provenance="dialogueact">
      <nite:child href="Bmr016.B.words.xml#id(Bmr016.w.13,508)..id(Bmr016.w.13,511)"/>
   </segment>
   <segment nite:id="Bmr016.segment.1,471" starttime="2797.81" endtime="2798.95" participant="me018" timing-provenance="dialogueact">
      <nite:child href="Bmr016.B.words.xml#id(Bmr016.w.13,578)..id(Bmr016.w.13,583)"/>
   </segment>
   <segment nite:id="Bmr016.segment.1,483" starttime="2811.44" endtime="2814.02" participant="me018" timing-provenance="dialogueact">
      <nite:child href="Bmr016.B.words.xml#id(Bmr016.w.13,674)..id(Bmr016.w.13,688)"/>
   </segment>
   <segment nite:id="Bmr016.segment.1,490" starttime="2828.62" endtime="2829.73" participant="me018" timing-provenance="segment">
      <nite:child href="Bmr016.B.words.xml#id(Bmr016.vocalsound.293)"/>
   </segment>
   <segment nite:id="Bmr016.segment.1,493" starttime="2830.2" endtime="2833.54" participant="me018" timing-provenance="segment">
      <nite:child href="Bmr016.B.words.xml#id(Bmr016.vocalsound.297)..id(Bmr016.vocalsound.298)"/>
   </segment>
   <segment nite:id="Bmr016.segment.1,529" starttime="2893.26" endtime="2894.5" participant="me018" timing-provenance="dialogueact">
      <nite:child href="Bmr016.B.words.xml#id(Bmr016.w.14,083)..id(Bmr016.w.14,091)"/>
   </segment>
   <segment nite:id="Bmr016.segment.1,532" starttime="2898.47" endtime="2900.23" participant="me018" timing-provenance="dialogueact">
      <nite:child href="Bmr016.B.words.xml#id(Bmr016.w.14,110)..id(Bmr016.w.14,118)"/>
   </segment>
   <segment nite:id="Bmr016.segment.1,534" starttime="2901.12" endtime="2904.03" participant="me018" timing-provenance="segment">
      <nite:child href="Bmr016.B.words.xml#id(Bmr016.w.14,121)..id(Bmr016.vocalsound.303)"/>
   </segment>
   <segment nite:id="Bmr016.segment.1,553" starttime="2911.92" endtime="2912.42" participant="me018" timing-provenance="dialogueact">
      <nite:child href="Bmr016.B.words.xml#id(Bmr016.w.14,222)..id(Bmr016.w.14,226)"/>
   </segment>
   <segment nite:id="Bmr016.segment.1,562" starttime="2923.64" endtime="2924.22" participant="me018" timing-provenance="dialogueact">
      <nite:child href="Bmr016.B.words.xml#id(Bmr016.w.14,290)..id(Bmr016.w.14,294)"/>
   </segment>
   <segment nite:id="Bmr016.segment.1,576" starttime="2945.65" endtime="2949.63" participant="me018" timing-provenance="dialogueact">
      <nite:child href="Bmr016.B.words.xml#id(Bmr016.w.14,405)..id(Bmr016.w.14,426)"/>
   </segment>
   <segment nite:id="Bmr016.segment.1,595" starttime="2975.97" endtime="2976.25" participant="me018" timing-provenance="dialogueact">
      <nite:child href="Bmr016.B.words.xml#id(Bmr016.w.14,541)..id(Bmr016.w.14,542)"/>
   </segment>
   <segment nite:id="Bmr016.segment.1,612" starttime="3029.4" endtime="3030.0" participant="me018" timing-provenance="dialogueact">
      <nite:child href="Bmr016.B.words.xml#id(Bmr016.w.14,795)..id(Bmr016.w.14,798)"/>
   </segment>
   <segment nite:id="Bmr016.segment.1,635" starttime="3066.17" endtime="3071.89" participant="me018" timing-provenance="segment">
      <nite:child href="Bmr016.B.words.xml#id(Bmr016.vocalsound.323)"/>
   </segment>
   <segment nite:id="Bmr016.segment.1,663" starttime="3088.761" endtime="3091.534" participant="me018" timing-provenance="segment">
      <nite:child href="Bmr016.B.words.xml#id(Bmr016.vocalsound.334)"/>
   </segment>
   <segment nite:id="Bmr016.segment.1,732" starttime="3240.34" endtime="3241.5" participant="me018" timing-provenance="segment">
      <nite:child href="Bmr016.B.words.xml#id(Bmr016.vocalsound.348)"/>
   </segment>
   <segment nite:id="Bmr016.segment.1,745" starttime="3272.5" endtime="3274.48" participant="me018" timing-provenance="dialogueact">
      <nite:child href="Bmr016.B.words.xml#id(Bmr016.w.16,035)..id(Bmr016.w.16,047)"/>
   </segment>
   <segment nite:id="Bmr016.segment.1,747" starttime="3274.91" endtime="3275.16" participant="me018" timing-provenance="dialogueact">
      <nite:child href="Bmr016.B.words.xml#id(Bmr016.w.16,061)..id(Bmr016.w.16,062)"/>
   </segment>
   <segment nite:id="Bmr016.segment.1,794" starttime="3401.44" endtime="3401.78" participant="me018" timing-provenance="dialogueact">
      <nite:child href="Bmr016.B.words.xml#id(Bmr016.w.16,677)..id(Bmr016.w.16,678)"/>
   </segment>
   <segment nite:id="Bmr016.segment.1,795" starttime="3402.44" endtime="3405.68" participant="me018" timing-provenance="dialogueact">
      <nite:child href="Bmr016.B.words.xml#id(Bmr016.w.16,679)..id(Bmr016.w.16,696)"/>
   </segment>
   <segment nite:id="Bmr016.segment.1,797" starttime="3409.79" endtime="3410.31" participant="me018" timing-provenance="dialogueact">
      <nite:child href="Bmr016.B.words.xml#id(Bmr016.w.16,730)..id(Bmr016.w.16,733)"/>
   </segment>
   <segment nite:id="Bmr016.segment.1,807" starttime="3431.68" endtime="3436.76" participant="me018" timing-provenance="dialogueact">
      <nite:child href="Bmr016.B.words.xml#id(Bmr016.w.16,817)..id(Bmr016.w.16,842)"/>
   </segment>
   <segment nite:id="Bmr016.segment.1,811" starttime="3438.112" endtime="3439.6" participant="me018" timing-provenance="segment">
      <nite:child href="Bmr016.B.words.xml#id(Bmr016.w.16,850)..id(Bmr016.disfmarker.554)"/>
   </segment>
   <segment nite:id="Bmr016.segment.1,816" starttime="3449.67" endtime="3450.16" participant="me018" timing-provenance="dialogueact">
      <nite:child href="Bmr016.B.words.xml#id(Bmr016.w.16,922)..id(Bmr016.w.16,923)"/>
   </segment>
   <segment nite:id="Bmr016.segment.1,820" starttime="3461.92" endtime="3464.262" participant="me018" timing-provenance="segment">
      <nite:child href="Bmr016.B.words.xml#id(Bmr016.w.16,984)..id(Bmr016.disfmarker.559)"/>
   </segment>
   <segment nite:id="Bmr016.segment.1,822" starttime="3465.73" endtime="3465.97" participant="me018" timing-provenance="dialogueact">
      <nite:child href="Bmr016.B.words.xml#id(Bmr016.w.17,017)..id(Bmr016.w.17,018)"/>
   </segment>
   <segment nite:id="Bmr016.segment.1,824" starttime="3469.18" endtime="3469.42" participant="me018" timing-provenance="dialogueact">
      <nite:child href="Bmr016.B.words.xml#id(Bmr016.w.17,028)..id(Bmr016.w.17,029)"/>
   </segment>
   <segment nite:id="Bmr016.segment.1,834" starttime="3500.06" endtime="3502.22" participant="me018" timing-provenance="dialogueact">
      <nite:child href="Bmr016.B.words.xml#id(Bmr016.w.17,192)..id(Bmr016.w.17,200)"/>
   </segment>
   <segment nite:id="Bmr016.segment.1,836" starttime="3502.98" endtime="3503.54" participant="me018" timing-provenance="dialogueact">
      <nite:child href="Bmr016.B.words.xml#id(Bmr016.w.17,203)..id(Bmr016.w.17,204)"/>
   </segment>
   <segment nite:id="Bmr016.segment.1,838" starttime="3504.15" endtime="3508.377" participant="me018" timing-provenance="segment">
      <nite:child href="Bmr016.B.words.xml#id(Bmr016.w.17,207)..id(Bmr016.disfmarker.566)"/>
   </segment>
   <segment nite:id="Bmr016.segment.1,840" starttime="3508.74" endtime="3510.69" participant="me018" timing-provenance="dialogueact">
      <nite:child href="Bmr016.B.words.xml#id(Bmr016.w.17,235)..id(Bmr016.w.17,248)"/>
   </segment>
   <segment nite:id="Bmr016.segment.1,843" starttime="3511.52" endtime="3512.51" participant="me018" timing-provenance="dialogueact">
      <nite:child href="Bmr016.B.words.xml#id(Bmr016.w.17,257)..id(Bmr016.w.17,264)"/>
   </segment>
   <segment nite:id="Bmr016.segment.1,853" starttime="3523.47" endtime="3523.89" participant="me018" timing-provenance="dialogueact">
      <nite:child href="Bmr016.B.words.xml#id(Bmr016.w.17,347)..id(Bmr016.w.17,350)"/>
   </segment>
   <segment nite:id="Bmr016.segment.1,859" starttime="3541.34" endtime="3541.72" participant="me018" timing-provenance="dialogueact">
      <nite:child href="Bmr016.B.words.xml#id(Bmr016.w.17,418)..id(Bmr016.w.17,421)"/>
   </segment>
   <segment nite:id="Bmr016.segment.1,861" starttime="3544.22" endtime="3544.62" participant="me018" timing-provenance="dialogueact">
      <nite:child href="Bmr016.B.words.xml#id(Bmr016.w.17,424)..id(Bmr016.w.17,427)"/>
   </segment>
   <segment nite:id="Bmr016.segment.1,874" starttime="3569.67" endtime="3570.08" participant="me018" timing-provenance="dialogueact">
      <nite:child href="Bmr016.B.words.xml#id(Bmr016.w.17,556)..id(Bmr016.w.17,557)"/>
   </segment>
   <segment nite:id="Bmr016.segment.1,908" starttime="3688.17" endtime="3689.84" participant="me018" timing-provenance="dialogueact">
      <nite:child href="Bmr016.B.words.xml#id(Bmr016.w.18,077)..id(Bmr016.w.18,086)"/>
   </segment>
   <segment nite:id="Bmr016.segment.1,911" starttime="3692.72" endtime="3692.96" participant="me018" timing-provenance="dialogueact">
      <nite:child href="Bmr016.B.words.xml#id(Bmr016.w.18,103)..id(Bmr016.w.18,104)"/>
   </segment>
   <segment nite:id="Bmr016.segment.1,915" starttime="3708.63" endtime="3710.64" participant="me018" timing-provenance="dialogueact">
      <nite:child href="Bmr016.B.words.xml#id(Bmr016.w.18,182)..id(Bmr016.w.18,191)"/>
   </segment>
   <segment nite:id="Bmr016.segment.1,953" starttime="3798.16" endtime="3805.61" participant="me018" timing-provenance="dialogueact">
      <nite:child href="Bmr016.B.words.xml#id(Bmr016.w.18,624)..id(Bmr016.w.18,652)"/>
   </segment>
   <segment nite:id="Bmr016.segment.1,957" starttime="3812.7" endtime="3813.23" participant="me018" timing-provenance="dialogueact">
      <nite:child href="Bmr016.B.words.xml#id(Bmr016.w.18,684)..id(Bmr016.w.18,687)"/>
   </segment>
   <segment nite:id="Bmr016.segment.1,959" starttime="3815.63" endtime="3816.0" participant="me018" timing-provenance="dialogueact">
      <nite:child href="Bmr016.B.words.xml#id(Bmr016.w.18,711)..id(Bmr016.w.18,712)"/>
   </segment>
   <segment nite:id="Bmr016.segment.1,960" starttime="3817.92" endtime="3818.14" participant="me018" timing-provenance="dialogueact">
      <nite:child href="Bmr016.B.words.xml#id(Bmr016.w.18,713)..id(Bmr016.w.18,714)"/>
   </segment>
   <segment nite:id="Bmr016.segment.1,962" starttime="3820.23" endtime="3824.47" participant="me018" timing-provenance="dialogueact">
      <nite:child href="Bmr016.B.words.xml#id(Bmr016.w.18,724)..id(Bmr016.w.18,743)"/>
   </segment>
   <segment nite:id="Bmr016.segment.1,963" starttime="3825.01" endtime="3829.95" participant="me018" timing-provenance="dialogueact">
      <nite:child href="Bmr016.B.words.xml#id(Bmr016.w.18,744)..id(Bmr016.w.18,758)"/>
   </segment>
   <segment nite:id="Bmr016.segment.1,965" starttime="3830.79" endtime="3837.708" participant="me018" timing-provenance="segment">
      <nite:child href="Bmr016.B.words.xml#id(Bmr016.w.18,763)..id(Bmr016.w.18,793)"/>
   </segment>
   <segment nite:id="Bmr016.segment.1,968" starttime="3838.09" endtime="3844.28" participant="me018" timing-provenance="dialogueact">
      <nite:child href="Bmr016.B.words.xml#id(Bmr016.w.18,802)..id(Bmr016.w.18,827)"/>
   </segment>
   <segment nite:id="Bmr016.segment.1,971" starttime="3845.04" endtime="3845.4" participant="me018" timing-provenance="dialogueact">
      <nite:child href="Bmr016.B.words.xml#id(Bmr016.w.18,836)..id(Bmr016.w.18,837)"/>
   </segment>
   <segment nite:id="Bmr016.segment.1,972" starttime="3846.34" endtime="3846.85" participant="me018" timing-provenance="dialogueact">
      <nite:child href="Bmr016.B.words.xml#id(Bmr016.w.18,838)"/>
   </segment>
   <segment nite:id="Bmr016.segment.1,974" starttime="3847.54" endtime="3853.22" participant="me018" timing-provenance="dialogueact">
      <nite:child href="Bmr016.B.words.xml#id(Bmr016.w.18,845)..id(Bmr016.w.18,866)"/>
   </segment>
   <segment nite:id="Bmr016.segment.1,975" starttime="3853.46" endtime="3856.6" participant="me018" timing-provenance="dialogueact">
      <nite:child href="Bmr016.B.words.xml#id(Bmr016.w.18,867)..id(Bmr016.w.18,881)"/>
   </segment>
   <segment nite:id="Bmr016.segment.1,977" starttime="3857.6" endtime="3861.97" participant="me018" timing-provenance="dialogueact">
      <nite:child href="Bmr016.B.words.xml#id(Bmr016.w.18,884)..id(Bmr016.w.18,903)"/>
   </segment>
   <segment nite:id="Bmr016.segment.1,978" starttime="3863.01" endtime="3870.75" participant="me018" timing-provenance="segment">
      <nite:child href="Bmr016.B.words.xml#id(Bmr016.w.18,904)..id(Bmr016.disfmarker.641)"/>
   </segment>
   <segment nite:id="Bmr016.segment.1,985" starttime="3871.73" endtime="3872.11" participant="me018" timing-provenance="dialogueact">
      <nite:child href="Bmr016.B.words.xml#id(Bmr016.w.18,966)..id(Bmr016.w.18,967)"/>
   </segment>
   <segment nite:id="Bmr016.segment.1,988" starttime="3881.81" endtime="3882.3" participant="me018" timing-provenance="dialogueact">
      <nite:child href="Bmr016.B.words.xml#id(Bmr016.w.19,004)..id(Bmr016.w.19,007)"/>
   </segment>
   <segment nite:id="Bmr016.segment.1,989" starttime="3884.7" endtime="3885.14" participant="me018" timing-provenance="dialogueact">
      <nite:child href="Bmr016.B.words.xml#id(Bmr016.w.19,008)..id(Bmr016.w.19,011)"/>
   </segment>
   <segment nite:id="Bmr016.segment.1,992" starttime="3889.28" endtime="3889.71" participant="me018" timing-provenance="dialogueact">
      <nite:child href="Bmr016.B.words.xml#id(Bmr016.w.19,041)..id(Bmr016.w.19,044)"/>
   </segment>
   <segment nite:id="Bmr016.segment.1,996" starttime="3896.32" endtime="3896.82" participant="me018" timing-provenance="dialogueact">
      <nite:child href="Bmr016.B.words.xml#id(Bmr016.w.19,093)..id(Bmr016.w.19,096)"/>
   </segment>
   <segment nite:id="Bmr016.segment.1,997" starttime="3898.45" endtime="3898.85" participant="me018" timing-provenance="dialogueact">
      <nite:child href="Bmr016.B.words.xml#id(Bmr016.w.19,097)..id(Bmr016.w.19,098)"/>
   </segment>
   <segment nite:id="Bmr016.segment.1,998" starttime="3900.27" endtime="3900.61" participant="me018" timing-provenance="dialogueact">
      <nite:child href="Bmr016.B.words.xml#id(Bmr016.w.19,099)..id(Bmr016.w.19,102)"/>
   </segment>
   <segment nite:id="Bmr016.segment.2,001" starttime="3904.51" endtime="3904.91" participant="me018" timing-provenance="dialogueact">
      <nite:child href="Bmr016.B.words.xml#id(Bmr016.w.19,130)..id(Bmr016.w.19,133)"/>
   </segment>
   <segment nite:id="Bmr016.segment.2,004" starttime="3911.59" endtime="3911.86" participant="me018" timing-provenance="dialogueact">
      <nite:child href="Bmr016.B.words.xml#id(Bmr016.w.19,170)..id(Bmr016.w.19,171)"/>
   </segment>
   <segment nite:id="Bmr016.segment.2,008" starttime="3923.83" endtime="3925.57" participant="me018" timing-provenance="dialogueact">
      <nite:child href="Bmr016.B.words.xml#id(Bmr016.w.19,216)..id(Bmr016.w.19,225)"/>
   </segment>
</nite:root>