<?xml version="1.0" encoding="ISO-8859-1" standalone="yes"?>
<nite:root nite:id="Bmr016.F.segs" xmlns:nite="http://nite.sourceforge.net/">
   <segment nite:id="Bmr016.segment.3" starttime="3.989" endtime="4.544" participant="me013" timing-provenance="segment">
      <nite:child href="Bmr016.F.words.xml#id(Bmr016.w.24)..id(Bmr016.w.25)"/>
   </segment>
   <segment nite:id="Bmr016.segment.4" starttime="5.34" endtime="5.58" participant="me013" timing-provenance="dialogueact">
      <nite:child href="Bmr016.F.words.xml#id(Bmr016.w.26)..id(Bmr016.w.27)"/>
   </segment>
   <segment nite:id="Bmr016.segment.7" starttime="7.269" endtime="8.433" participant="me013" timing-provenance="segment">
      <nite:child href="Bmr016.F.words.xml#id(Bmr016.w.32)..id(Bmr016.comment.1)"/>
   </segment>
   <segment nite:id="Bmr016.segment.8" starttime="8.68" endtime="9.239" participant="me013" timing-provenance="segment">
      <nite:child href="Bmr016.F.words.xml#id(Bmr016.nonvocalsound.2)"/>
   </segment>
   <segment nite:id="Bmr016.segment.9" starttime="10.806" endtime="11.429" participant="me013" timing-provenance="segment">
      <nite:child href="Bmr016.F.words.xml#id(Bmr016.w.40)..id(Bmr016.w.41)"/>
   </segment>
   <segment nite:id="Bmr016.segment.10" starttime="13.748" endtime="16.148" participant="me013" timing-provenance="dialogueact">
      <nite:child href="Bmr016.F.words.xml#id(Bmr016.w.42)..id(Bmr016.w.50)"/>
   </segment>
   <segment nite:id="Bmr016.segment.14" starttime="19.79" endtime="21.39" participant="me013" timing-provenance="segment">
      <nite:child href="Bmr016.F.words.xml#id(Bmr016.vocalsound.2)"/>
   </segment>
   <segment nite:id="Bmr016.segment.18" starttime="27.45" endtime="29.04" participant="me013" timing-provenance="segment">
      <nite:child href="Bmr016.F.words.xml#id(Bmr016.w.112)..id(Bmr016.nonvocalsound.3)"/>
   </segment>
   <segment nite:id="Bmr016.segment.24" starttime="31.351" endtime="31.781" participant="me013" timing-provenance="dialogueact">
      <nite:child href="Bmr016.F.words.xml#id(Bmr016.w.135)..id(Bmr016.w.138)"/>
   </segment>
   <segment nite:id="Bmr016.segment.35" starttime="82.51" endtime="85.64" participant="me013" timing-provenance="dialogueact">
      <nite:child href="Bmr016.F.words.xml#id(Bmr016.w.315)..id(Bmr016.w.331)"/>
   </segment>
   <segment nite:id="Bmr016.segment.39" starttime="87.39" endtime="88.59" participant="me013" timing-provenance="dialogueact">
      <nite:child href="Bmr016.F.words.xml#id(Bmr016.w.337)..id(Bmr016.w.343)"/>
   </segment>
   <segment nite:id="Bmr016.segment.40" starttime="88.59" endtime="93.86" participant="me013" timing-provenance="dialogueact">
      <nite:child href="Bmr016.F.words.xml#id(Bmr016.w.344)..id(Bmr016.w.373)"/>
   </segment>
   <segment nite:id="Bmr016.segment.42" starttime="94.13" endtime="94.41" participant="me013" timing-provenance="dialogueact">
      <nite:child href="Bmr016.F.words.xml#id(Bmr016.w.378)..id(Bmr016.w.379)"/>
   </segment>
   <segment nite:id="Bmr016.segment.46" starttime="107.086" endtime="109.986" participant="me013" timing-provenance="dialogueact">
      <nite:child href="Bmr016.F.words.xml#id(Bmr016.w.439)..id(Bmr016.w.448)"/>
   </segment>
   <segment nite:id="Bmr016.segment.48" starttime="112.48" endtime="113.22" participant="me013" timing-provenance="dialogueact">
      <nite:child href="Bmr016.F.words.xml#id(Bmr016.w.458)..id(Bmr016.w.461)"/>
   </segment>
   <segment nite:id="Bmr016.segment.50" starttime="114.77" endtime="117.77" participant="me013" timing-provenance="dialogueact">
      <nite:child href="Bmr016.F.words.xml#id(Bmr016.w.469)..id(Bmr016.w.483)"/>
   </segment>
   <segment nite:id="Bmr016.segment.53" starttime="125.38" endtime="125.61" participant="me013" timing-provenance="dialogueact">
      <nite:child href="Bmr016.F.words.xml#id(Bmr016.w.514)..id(Bmr016.w.515)"/>
   </segment>
   <segment nite:id="Bmr016.segment.72" starttime="193.332" endtime="193.532" participant="me013" timing-provenance="dialogueact">
      <nite:child href="Bmr016.F.words.xml#id(Bmr016.w.760)"/>
   </segment>
   <segment nite:id="Bmr016.segment.74" starttime="194.31" endtime="196.2" participant="me013" timing-provenance="dialogueact">
      <nite:child href="Bmr016.F.words.xml#id(Bmr016.w.761)..id(Bmr016.w.764)"/>
   </segment>
   <segment nite:id="Bmr016.segment.75" starttime="196.863" endtime="201.533" participant="me013" timing-provenance="dialogueact">
      <nite:child href="Bmr016.F.words.xml#id(Bmr016.w.765)..id(Bmr016.w.786)"/>
   </segment>
   <segment nite:id="Bmr016.segment.79" starttime="206.78" endtime="207.2" participant="me013" timing-provenance="dialogueact">
      <nite:child href="Bmr016.F.words.xml#id(Bmr016.w.807)..id(Bmr016.w.809)"/>
   </segment>
   <segment nite:id="Bmr016.segment.80" starttime="208.16" endtime="211.51" participant="me013" timing-provenance="dialogueact">
      <nite:child href="Bmr016.F.words.xml#id(Bmr016.w.810)..id(Bmr016.w.825)"/>
   </segment>
   <segment nite:id="Bmr016.segment.81" starttime="212.04" endtime="214.64" participant="me013" timing-provenance="dialogueact">
      <nite:child href="Bmr016.F.words.xml#id(Bmr016.w.826)..id(Bmr016.w.835)"/>
   </segment>
   <segment nite:id="Bmr016.segment.82" starttime="214.99" endtime="216.24" participant="me013" timing-provenance="dialogueact">
      <nite:child href="Bmr016.F.words.xml#id(Bmr016.w.836)..id(Bmr016.w.837)"/>
   </segment>
   <segment nite:id="Bmr016.segment.83" starttime="217.072" endtime="220.192" participant="me013" timing-provenance="dialogueact">
      <nite:child href="Bmr016.F.words.xml#id(Bmr016.w.838)..id(Bmr016.w.851)"/>
   </segment>
   <segment nite:id="Bmr016.segment.84" starttime="221.427" endtime="223.09" participant="me013" timing-provenance="segment">
      <nite:child href="Bmr016.F.words.xml#id(Bmr016.w.852)..id(Bmr016.disfmarker.13)"/>
   </segment>
   <segment nite:id="Bmr016.segment.87" starttime="224.59" endtime="226.42" participant="me013" timing-provenance="dialogueact">
      <nite:child href="Bmr016.F.words.xml#id(Bmr016.w.870)..id(Bmr016.w.879)"/>
   </segment>
   <segment nite:id="Bmr016.segment.90" starttime="228.46" endtime="230.55" participant="me013" timing-provenance="dialogueact">
      <nite:child href="Bmr016.F.words.xml#id(Bmr016.w.893)..id(Bmr016.w.902)"/>
   </segment>
   <segment nite:id="Bmr016.segment.92" starttime="231.66" endtime="234.76" participant="me013" timing-provenance="dialogueact">
      <nite:child href="Bmr016.F.words.xml#id(Bmr016.w.910)..id(Bmr016.w.923)"/>
   </segment>
   <segment nite:id="Bmr016.segment.95" starttime="243.579" endtime="244.629" participant="me013" timing-provenance="dialogueact">
      <nite:child href="Bmr016.F.words.xml#id(Bmr016.w.987)..id(Bmr016.w.995)"/>
   </segment>
   <segment nite:id="Bmr016.segment.96" starttime="246.207" endtime="246.457" participant="me013" timing-provenance="dialogueact">
      <nite:child href="Bmr016.F.words.xml#id(Bmr016.w.996)..id(Bmr016.w.997)"/>
   </segment>
   <segment nite:id="Bmr016.segment.105" starttime="271.564" endtime="271.944" participant="me013" timing-provenance="dialogueact">
      <nite:child href="Bmr016.F.words.xml#id(Bmr016.w.1,079)..id(Bmr016.w.1,080)"/>
   </segment>
   <segment nite:id="Bmr016.segment.111" starttime="283.74" endtime="287.425" participant="me013" timing-provenance="segment">
      <nite:child href="Bmr016.F.words.xml#id(Bmr016.w.1,141)..id(Bmr016.disfmarker.24)"/>
   </segment>
   <segment nite:id="Bmr016.segment.112" starttime="287.89" endtime="291.95" participant="me013" timing-provenance="dialogueact">
      <nite:child href="Bmr016.F.words.xml#id(Bmr016.w.1,158)..id(Bmr016.w.1,180)"/>
   </segment>
   <segment nite:id="Bmr016.segment.113" starttime="292.18" endtime="296.18" participant="me013" timing-provenance="dialogueact">
      <nite:child href="Bmr016.F.words.xml#id(Bmr016.w.1,181)..id(Bmr016.w.1,199)"/>
   </segment>
   <segment nite:id="Bmr016.segment.114" starttime="296.48" endtime="299.37" participant="me013" timing-provenance="dialogueact">
      <nite:child href="Bmr016.F.words.xml#id(Bmr016.w.1,200)..id(Bmr016.w.1,211)"/>
   </segment>
   <segment nite:id="Bmr016.segment.117" starttime="302.119" endtime="302.469" participant="me013" timing-provenance="dialogueact">
      <nite:child href="Bmr016.F.words.xml#id(Bmr016.w.1,230)..id(Bmr016.w.1,231)"/>
   </segment>
   <segment nite:id="Bmr016.segment.118" starttime="303.47" endtime="305.03" participant="me013" timing-provenance="dialogueact">
      <nite:child href="Bmr016.F.words.xml#id(Bmr016.w.1,232)..id(Bmr016.w.1,243)"/>
   </segment>
   <segment nite:id="Bmr016.segment.120" starttime="305.5" endtime="309.0" participant="me013" timing-provenance="dialogueact">
      <nite:child href="Bmr016.F.words.xml#id(Bmr016.w.1,254)..id(Bmr016.w.1,270)"/>
   </segment>
   <segment nite:id="Bmr016.segment.121" starttime="309.06" endtime="314.55" participant="me013" timing-provenance="dialogueact">
      <nite:child href="Bmr016.F.words.xml#id(Bmr016.w.1,271)..id(Bmr016.w.1,292)"/>
   </segment>
   <segment nite:id="Bmr016.segment.126" starttime="322.39" endtime="325.695" participant="me013" timing-provenance="segment">
      <nite:child href="Bmr016.F.words.xml#id(Bmr016.w.1,331)..id(Bmr016.disfmarker.35)"/>
   </segment>
   <segment nite:id="Bmr016.segment.128" starttime="326.081" endtime="329.621" participant="me013" timing-provenance="dialogueact">
      <nite:child href="Bmr016.F.words.xml#id(Bmr016.w.1,350)..id(Bmr016.w.1,365)"/>
   </segment>
   <segment nite:id="Bmr016.segment.129" starttime="330.296" endtime="333.89" participant="me013" timing-provenance="segment">
      <nite:child href="Bmr016.F.words.xml#id(Bmr016.w.1,366)..id(Bmr016.disfmarker.37)"/>
   </segment>
   <segment nite:id="Bmr016.segment.131" starttime="334.28" endtime="339.249" participant="me013" timing-provenance="segment">
      <nite:child href="Bmr016.F.words.xml#id(Bmr016.w.1,382)..id(Bmr016.disfmarker.38)"/>
   </segment>
   <segment nite:id="Bmr016.segment.135" starttime="356.067" endtime="356.437" participant="me013" timing-provenance="dialogueact">
      <nite:child href="Bmr016.F.words.xml#id(Bmr016.w.1,473)..id(Bmr016.w.1,474)"/>
   </segment>
   <segment nite:id="Bmr016.segment.138" starttime="363.66" endtime="364.33" participant="me013" timing-provenance="dialogueact">
      <nite:child href="Bmr016.F.words.xml#id(Bmr016.w.1,538)..id(Bmr016.w.1,543)"/>
   </segment>
   <segment nite:id="Bmr016.segment.142" starttime="381.415" endtime="381.775" participant="me013" timing-provenance="dialogueact">
      <nite:child href="Bmr016.F.words.xml#id(Bmr016.w.1,594)..id(Bmr016.w.1,595)"/>
   </segment>
   <segment nite:id="Bmr016.segment.161" starttime="418.494" endtime="418.844" participant="me013" timing-provenance="dialogueact">
      <nite:child href="Bmr016.F.words.xml#id(Bmr016.w.1,801)..id(Bmr016.w.1,802)"/>
   </segment>
   <segment nite:id="Bmr016.segment.163" starttime="420.934" endtime="421.244" participant="me013" timing-provenance="dialogueact">
      <nite:child href="Bmr016.F.words.xml#id(Bmr016.w.1,824)..id(Bmr016.w.1,825)"/>
   </segment>
   <segment nite:id="Bmr016.segment.173" starttime="439.437" endtime="439.957" participant="me013" timing-provenance="dialogueact">
      <nite:child href="Bmr016.F.words.xml#id(Bmr016.w.1,931)..id(Bmr016.w.1,935)"/>
   </segment>
   <segment nite:id="Bmr016.segment.178" starttime="448.36" endtime="453.36" participant="me013" timing-provenance="dialogueact">
      <nite:child href="Bmr016.F.words.xml#id(Bmr016.w.1,966)..id(Bmr016.w.1,986)"/>
   </segment>
   <segment nite:id="Bmr016.segment.179" starttime="453.955" endtime="455.445" participant="me013" timing-provenance="dialogueact">
      <nite:child href="Bmr016.F.words.xml#id(Bmr016.w.1,987)..id(Bmr016.w.1,991)"/>
   </segment>
   <segment nite:id="Bmr016.segment.180" starttime="455.93" endtime="462.661" participant="me013" timing-provenance="segment">
      <nite:child href="Bmr016.F.words.xml#id(Bmr016.w.1,992)..id(Bmr016.disfmarker.54)"/>
   </segment>
   <segment nite:id="Bmr016.segment.182" starttime="463.196" endtime="468.106" participant="me013" timing-provenance="dialogueact">
      <nite:child href="Bmr016.F.words.xml#id(Bmr016.w.2,025)..id(Bmr016.w.2,046)"/>
   </segment>
   <segment nite:id="Bmr016.segment.184" starttime="469.003" endtime="473.643" participant="me013" timing-provenance="dialogueact">
      <nite:child href="Bmr016.F.words.xml#id(Bmr016.w.2,049)..id(Bmr016.w.2,072)"/>
   </segment>
   <segment nite:id="Bmr016.segment.185" starttime="473.946" endtime="481.455" participant="me013" timing-provenance="segment">
      <nite:child href="Bmr016.F.words.xml#id(Bmr016.w.2,073)..id(Bmr016.disfmarker.61)"/>
   </segment>
   <segment nite:id="Bmr016.segment.203" starttime="531.18" endtime="531.4" participant="me013" timing-provenance="dialogueact">
      <nite:child href="Bmr016.F.words.xml#id(Bmr016.w.2,322)..id(Bmr016.w.2,323)"/>
   </segment>
   <segment nite:id="Bmr016.segment.207" starttime="537.4" endtime="538.68" participant="me013" timing-provenance="dialogueact">
      <nite:child href="Bmr016.F.words.xml#id(Bmr016.w.2,344)..id(Bmr016.w.2,352)"/>
   </segment>
   <segment nite:id="Bmr016.segment.208" starttime="541.155" endtime="543.355" participant="me013" timing-provenance="dialogueact">
      <nite:child href="Bmr016.F.words.xml#id(Bmr016.w.2,353)..id(Bmr016.w.2,364)"/>
   </segment>
   <segment nite:id="Bmr016.segment.210" starttime="544.061" endtime="548.34" participant="me013" timing-provenance="segment">
      <nite:child href="Bmr016.F.words.xml#id(Bmr016.w.2,367)..id(Bmr016.disfmarker.70)"/>
   </segment>
   <segment nite:id="Bmr016.segment.214" starttime="551.84" endtime="558.26" participant="me013" timing-provenance="dialogueact">
      <nite:child href="Bmr016.F.words.xml#id(Bmr016.w.2,408)..id(Bmr016.w.2,434)"/>
   </segment>
   <segment nite:id="Bmr016.segment.217" starttime="558.42" endtime="560.14" participant="me013" timing-provenance="dialogueact">
      <nite:child href="Bmr016.F.words.xml#id(Bmr016.w.2,439)..id(Bmr016.w.2,445)"/>
   </segment>
   <segment nite:id="Bmr016.segment.221" starttime="573.144" endtime="575.264" participant="me013" timing-provenance="dialogueact">
      <nite:child href="Bmr016.F.words.xml#id(Bmr016.w.2,506)..id(Bmr016.w.2,518)"/>
   </segment>
   <segment nite:id="Bmr016.segment.224" starttime="576.29" endtime="578.47" participant="me013" timing-provenance="dialogueact">
      <nite:child href="Bmr016.F.words.xml#id(Bmr016.w.2,527)..id(Bmr016.w.2,542)"/>
   </segment>
   <segment nite:id="Bmr016.segment.226" starttime="579.46" endtime="582.38" participant="me013" timing-provenance="dialogueact">
      <nite:child href="Bmr016.F.words.xml#id(Bmr016.w.2,550)..id(Bmr016.w.2,567)"/>
   </segment>
   <segment nite:id="Bmr016.segment.228" starttime="583.807" endtime="584.167" participant="me013" timing-provenance="dialogueact">
      <nite:child href="Bmr016.F.words.xml#id(Bmr016.w.2,586)..id(Bmr016.w.2,587)"/>
   </segment>
   <segment nite:id="Bmr016.segment.230" starttime="585.48" endtime="588.219" participant="me013" timing-provenance="segment">
      <nite:child href="Bmr016.F.words.xml#id(Bmr016.w.2,588)..id(Bmr016.disfmarker.78)"/>
   </segment>
   <segment nite:id="Bmr016.segment.232" starttime="589.52" endtime="596.95" participant="me013" timing-provenance="dialogueact">
      <nite:child href="Bmr016.F.words.xml#id(Bmr016.w.2,608)..id(Bmr016.w.2,647)"/>
   </segment>
   <segment nite:id="Bmr016.segment.235" starttime="597.37" endtime="606.07" participant="me013" timing-provenance="dialogueact">
      <nite:child href="Bmr016.F.words.xml#id(Bmr016.w.2,654)..id(Bmr016.w.2,692)"/>
   </segment>
   <segment nite:id="Bmr016.segment.239" starttime="606.37" endtime="606.94" participant="me013" timing-provenance="dialogueact">
      <nite:child href="Bmr016.F.words.xml#id(Bmr016.w.2,693)..id(Bmr016.w.2,695)"/>
   </segment>
   <segment nite:id="Bmr016.segment.240" starttime="607.72" endtime="610.834" participant="me013" timing-provenance="segment">
      <nite:child href="Bmr016.F.words.xml#id(Bmr016.w.2,696)..id(Bmr016.disfmarker.84)"/>
   </segment>
   <segment nite:id="Bmr016.segment.267" starttime="675.106" endtime="675.697" participant="me013" timing-provenance="segment">
      <nite:child href="Bmr016.F.words.xml#id(Bmr016.vocalsound.29)..id(Bmr016.comment.13)"/>
   </segment>
   <segment nite:id="Bmr016.segment.269" starttime="679.46" endtime="680.26" participant="me013" timing-provenance="segment">
      <nite:child href="Bmr016.F.words.xml#id(Bmr016.vocalsound.30)"/>
   </segment>
   <segment nite:id="Bmr016.segment.278" starttime="703.724" endtime="704.124" participant="me013" timing-provenance="dialogueact">
      <nite:child href="Bmr016.F.words.xml#id(Bmr016.w.3,061)..id(Bmr016.w.3,062)"/>
   </segment>
   <segment nite:id="Bmr016.segment.297" starttime="733.207" endtime="733.447" participant="me013" timing-provenance="dialogueact">
      <nite:child href="Bmr016.F.words.xml#id(Bmr016.w.3,238)..id(Bmr016.w.3,239)"/>
   </segment>
   <segment nite:id="Bmr016.segment.301" starttime="738.681" endtime="739.261" participant="me013" timing-provenance="dialogueact">
      <nite:child href="Bmr016.F.words.xml#id(Bmr016.w.3,278)..id(Bmr016.w.3,279)"/>
   </segment>
   <segment nite:id="Bmr016.segment.308" starttime="745.76" endtime="747.24" participant="me013" timing-provenance="dialogueact">
      <nite:child href="Bmr016.F.words.xml#id(Bmr016.w.3,308)..id(Bmr016.w.3,316)"/>
   </segment>
   <segment nite:id="Bmr016.segment.309" starttime="747.916" endtime="750.586" participant="me013" timing-provenance="dialogueact">
      <nite:child href="Bmr016.F.words.xml#id(Bmr016.w.3,317)..id(Bmr016.w.3,325)"/>
   </segment>
   <segment nite:id="Bmr016.segment.310" starttime="750.93" endtime="751.92" participant="me013" timing-provenance="dialogueact">
      <nite:child href="Bmr016.F.words.xml#id(Bmr016.w.3,326)..id(Bmr016.w.3,328)"/>
   </segment>
   <segment nite:id="Bmr016.segment.311" starttime="752.42" endtime="755.21" participant="me013" timing-provenance="dialogueact">
      <nite:child href="Bmr016.F.words.xml#id(Bmr016.w.3,329)..id(Bmr016.w.3,340)"/>
   </segment>
   <segment nite:id="Bmr016.segment.312" starttime="755.994" endtime="761.984" participant="me013" timing-provenance="dialogueact">
      <nite:child href="Bmr016.F.words.xml#id(Bmr016.w.3,341)..id(Bmr016.w.3,368)"/>
   </segment>
   <segment nite:id="Bmr016.segment.313" starttime="762.905" endtime="765.825" participant="me013" timing-provenance="dialogueact">
      <nite:child href="Bmr016.F.words.xml#id(Bmr016.w.3,369)..id(Bmr016.w.3,381)"/>
   </segment>
   <segment nite:id="Bmr016.segment.314" starttime="766.035" endtime="772.375" participant="me013" timing-provenance="dialogueact">
      <nite:child href="Bmr016.F.words.xml#id(Bmr016.w.3,382)..id(Bmr016.w.3,402)"/>
   </segment>
   <segment nite:id="Bmr016.segment.315" starttime="773.232" endtime="775.722" participant="me013" timing-provenance="dialogueact">
      <nite:child href="Bmr016.F.words.xml#id(Bmr016.w.3,403)..id(Bmr016.w.3,409)"/>
   </segment>
   <segment nite:id="Bmr016.segment.316" starttime="776.322" endtime="780.112" participant="me013" timing-provenance="dialogueact">
      <nite:child href="Bmr016.F.words.xml#id(Bmr016.w.3,410)..id(Bmr016.w.3,426)"/>
   </segment>
   <segment nite:id="Bmr016.segment.317" starttime="780.112" endtime="785.042" participant="me013" timing-provenance="dialogueact">
      <nite:child href="Bmr016.F.words.xml#id(Bmr016.w.3,427)..id(Bmr016.w.3,452)"/>
   </segment>
   <segment nite:id="Bmr016.segment.318" starttime="785.292" endtime="788.442" participant="me013" timing-provenance="dialogueact">
      <nite:child href="Bmr016.F.words.xml#id(Bmr016.w.3,453)..id(Bmr016.w.3,462)"/>
   </segment>
   <segment nite:id="Bmr016.segment.327" starttime="804.161" endtime="806.643" participant="me013" timing-provenance="segment">
      <nite:child href="Bmr016.F.words.xml#id(Bmr016.vocalsound.38)"/>
   </segment>
   <segment nite:id="Bmr016.segment.333" starttime="814.37" endtime="814.91" participant="me013" timing-provenance="dialogueact">
      <nite:child href="Bmr016.F.words.xml#id(Bmr016.w.3,611)..id(Bmr016.w.3,615)"/>
   </segment>
   <segment nite:id="Bmr016.segment.336" starttime="818.26" endtime="818.97" participant="me013" timing-provenance="dialogueact">
      <nite:child href="Bmr016.F.words.xml#id(Bmr016.w.3,631)..id(Bmr016.w.3,634)"/>
   </segment>
   <segment nite:id="Bmr016.segment.339" starttime="821.459" endtime="822.009" participant="me013" timing-provenance="dialogueact">
      <nite:child href="Bmr016.F.words.xml#id(Bmr016.w.3,658)..id(Bmr016.w.3,662)"/>
   </segment>
   <segment nite:id="Bmr016.segment.361" starttime="862.1" endtime="862.72" participant="me013" timing-provenance="dialogueact">
      <nite:child href="Bmr016.F.words.xml#id(Bmr016.w.3,849)..id(Bmr016.w.3,851)"/>
   </segment>
   <segment nite:id="Bmr016.segment.363" starttime="864.38" endtime="864.64" participant="me013" timing-provenance="dialogueact">
      <nite:child href="Bmr016.F.words.xml#id(Bmr016.w.3,865)..id(Bmr016.w.3,866)"/>
   </segment>
   <segment nite:id="Bmr016.segment.366" starttime="865.65" endtime="869.23" participant="me013" digittask="true" timing-provenance="segment">
      <nite:child href="Bmr016.F.words.xml#id(Bmr016.w.3,882)..id(Bmr016.comment.25)"/>
   </segment>
   <segment nite:id="Bmr016.segment.368" starttime="870.43" endtime="870.92" participant="me013" timing-provenance="dialogueact">
      <nite:child href="Bmr016.F.words.xml#id(Bmr016.w.3,899)..id(Bmr016.w.3,905)"/>
   </segment>
   <segment nite:id="Bmr016.segment.384" starttime="880.16" endtime="883.06" participant="me013" timing-provenance="dialogueact">
      <nite:child href="Bmr016.F.words.xml#id(Bmr016.w.3,957)..id(Bmr016.w.3,972)"/>
   </segment>
   <segment nite:id="Bmr016.segment.391" starttime="885.08" endtime="885.32" participant="me013" timing-provenance="dialogueact">
      <nite:child href="Bmr016.F.words.xml#id(Bmr016.w.3,979)..id(Bmr016.w.3,980)"/>
   </segment>
   <segment nite:id="Bmr016.segment.393" starttime="885.84" endtime="888.653" participant="me013" digittask="true" timing-provenance="segment">
      <nite:child href="Bmr016.F.words.xml#id(Bmr016.w.3,996)..id(Bmr016.comment.33)"/>
   </segment>
   <segment nite:id="Bmr016.segment.396" starttime="888.653" endtime="891.04" participant="me013" timing-provenance="segment">
      <nite:child href="Bmr016.F.words.xml#id(Bmr016.vocalsound.70)"/>
   </segment>
   <segment nite:id="Bmr016.segment.400" starttime="891.79" endtime="895.24" participant="me013" timing-provenance="segment">
      <nite:child href="Bmr016.F.words.xml#id(Bmr016.vocalsound.73)"/>
   </segment>
   <segment nite:id="Bmr016.segment.405" starttime="898.23" endtime="900.29" participant="me013" timing-provenance="dialogueact">
      <nite:child href="Bmr016.F.words.xml#id(Bmr016.w.4,081)..id(Bmr016.w.4,093)"/>
   </segment>
   <segment nite:id="Bmr016.segment.408" starttime="901.23" endtime="902.85" participant="me013" timing-provenance="dialogueact">
      <nite:child href="Bmr016.F.words.xml#id(Bmr016.w.4,118)..id(Bmr016.w.4,127)"/>
   </segment>
   <segment nite:id="Bmr016.segment.412" starttime="904.141" endtime="904.511" participant="me013" timing-provenance="dialogueact">
      <nite:child href="Bmr016.F.words.xml#id(Bmr016.w.4,137)..id(Bmr016.w.4,138)"/>
   </segment>
   <segment nite:id="Bmr016.segment.417" starttime="909.95" endtime="910.2" participant="me013" timing-provenance="dialogueact">
      <nite:child href="Bmr016.F.words.xml#id(Bmr016.w.4,201)..id(Bmr016.w.4,202)"/>
   </segment>
   <segment nite:id="Bmr016.segment.420" starttime="916.22" endtime="924.59" participant="me013" timing-provenance="dialogueact">
      <nite:child href="Bmr016.F.words.xml#id(Bmr016.w.4,211)..id(Bmr016.w.4,247)"/>
   </segment>
   <segment nite:id="Bmr016.segment.431" starttime="938.222" endtime="942.412" participant="me013" timing-provenance="dialogueact">
      <nite:child href="Bmr016.F.words.xml#id(Bmr016.w.4,339)..id(Bmr016.w.4,353)"/>
   </segment>
   <segment nite:id="Bmr016.segment.440" starttime="974.032" endtime="974.812" participant="me013" timing-provenance="dialogueact">
      <nite:child href="Bmr016.F.words.xml#id(Bmr016.w.4,489)..id(Bmr016.w.4,495)"/>
   </segment>
   <segment nite:id="Bmr016.segment.443" starttime="975.545" endtime="975.855" participant="me013" timing-provenance="dialogueact">
      <nite:child href="Bmr016.F.words.xml#id(Bmr016.w.4,496)..id(Bmr016.w.4,497)"/>
   </segment>
   <segment nite:id="Bmr016.segment.445" starttime="977.438" endtime="978.42" participant="me013" timing-provenance="segment">
      <nite:child href="Bmr016.F.words.xml#id(Bmr016.vocalsound.85)"/>
   </segment>
   <segment nite:id="Bmr016.segment.448" starttime="978.992" endtime="985.28" participant="me013" timing-provenance="segment">
      <nite:child href="Bmr016.F.words.xml#id(Bmr016.vocalsound.86)"/>
   </segment>
   <segment nite:id="Bmr016.segment.456" starttime="985.28" endtime="988.599" participant="me013" timing-provenance="segment">
      <nite:child href="Bmr016.F.words.xml#id(Bmr016.w.4,518)..id(Bmr016.vocalsound.94)"/>
   </segment>
   <segment nite:id="Bmr016.segment.457" starttime="989.208" endtime="989.698" participant="me013" timing-provenance="dialogueact">
      <nite:child href="Bmr016.F.words.xml#id(Bmr016.w.4,530)..id(Bmr016.w.4,531)"/>
   </segment>
   <segment nite:id="Bmr016.segment.458" starttime="990.802" endtime="992.522" participant="me013" timing-provenance="dialogueact">
      <nite:child href="Bmr016.F.words.xml#id(Bmr016.w.4,532)..id(Bmr016.w.4,539)"/>
   </segment>
   <segment nite:id="Bmr016.segment.463" starttime="993.431" endtime="999.568" participant="me013" timing-provenance="segment">
      <nite:child href="Bmr016.F.words.xml#id(Bmr016.w.4,558)..id(Bmr016.vocalsound.97)"/>
   </segment>
   <segment nite:id="Bmr016.segment.472" starttime="1000.93" endtime="1004.87" participant="me013" timing-provenance="dialogueact">
      <nite:child href="Bmr016.F.words.xml#id(Bmr016.w.4,604)..id(Bmr016.w.4,615)"/>
   </segment>
   <segment nite:id="Bmr016.segment.480" starttime="1025.42" endtime="1026.06" participant="me013" timing-provenance="dialogueact">
      <nite:child href="Bmr016.F.words.xml#id(Bmr016.w.4,714)..id(Bmr016.w.4,717)"/>
   </segment>
   <segment nite:id="Bmr016.segment.482" starttime="1032.09" endtime="1032.89" participant="me013" timing-provenance="dialogueact">
      <nite:child href="Bmr016.F.words.xml#id(Bmr016.w.4,735)..id(Bmr016.w.4,739)"/>
   </segment>
   <segment nite:id="Bmr016.segment.484" starttime="1036.39" endtime="1038.93" participant="me013" timing-provenance="dialogueact">
      <nite:child href="Bmr016.F.words.xml#id(Bmr016.w.4,756)..id(Bmr016.w.4,773)"/>
   </segment>
   <segment nite:id="Bmr016.segment.485" starttime="1039.1" endtime="1041.37" participant="me013" timing-provenance="dialogueact">
      <nite:child href="Bmr016.F.words.xml#id(Bmr016.w.4,774)..id(Bmr016.w.4,781)"/>
   </segment>
   <segment nite:id="Bmr016.segment.486" starttime="1042.18" endtime="1045.73" participant="me013" timing-provenance="dialogueact">
      <nite:child href="Bmr016.F.words.xml#id(Bmr016.w.4,782)..id(Bmr016.w.4,793)"/>
   </segment>
   <segment nite:id="Bmr016.segment.488" starttime="1046.06" endtime="1046.98" participant="me013" timing-provenance="dialogueact">
      <nite:child href="Bmr016.F.words.xml#id(Bmr016.w.4,796)..id(Bmr016.w.4,799)"/>
   </segment>
   <segment nite:id="Bmr016.segment.489" starttime="1048.403" endtime="1049.302" participant="me013" timing-provenance="segment">
      <nite:child href="Bmr016.F.words.xml#id(Bmr016.w.4,800)..id(Bmr016.comment.42)"/>
   </segment>
   <segment nite:id="Bmr016.segment.491" starttime="1049.93" endtime="1050.6" participant="me013" timing-provenance="dialogueact">
      <nite:child href="Bmr016.F.words.xml#id(Bmr016.w.4,807)..id(Bmr016.w.4,809)"/>
   </segment>
   <segment nite:id="Bmr016.segment.492" starttime="1051.08" endtime="1055.52" participant="me013" timing-provenance="dialogueact">
      <nite:child href="Bmr016.F.words.xml#id(Bmr016.w.4,810)..id(Bmr016.w.4,828)"/>
   </segment>
   <segment nite:id="Bmr016.segment.493" starttime="1056.24" endtime="1060.47" participant="me013" timing-provenance="dialogueact">
      <nite:child href="Bmr016.F.words.xml#id(Bmr016.w.4,829)..id(Bmr016.w.4,842)"/>
   </segment>
   <segment nite:id="Bmr016.segment.494" starttime="1061.02" endtime="1067.71" participant="me013" timing-provenance="dialogueact">
      <nite:child href="Bmr016.F.words.xml#id(Bmr016.w.4,843)..id(Bmr016.w.4,877)"/>
   </segment>
   <segment nite:id="Bmr016.segment.496" starttime="1068.223" endtime="1069.757" participant="me013" timing-provenance="segment">
      <nite:child href="Bmr016.F.words.xml#id(Bmr016.w.4,883)..id(Bmr016.disfmarker.143)"/>
   </segment>
   <segment nite:id="Bmr016.segment.497" starttime="1070.35" endtime="1072.76" participant="me013" timing-provenance="dialogueact">
      <nite:child href="Bmr016.F.words.xml#id(Bmr016.w.4,887)..id(Bmr016.w.4,903)"/>
   </segment>
   <segment nite:id="Bmr016.segment.523" starttime="1164.01" endtime="1166.15" participant="me013" timing-provenance="dialogueact">
      <nite:child href="Bmr016.F.words.xml#id(Bmr016.w.5,217)..id(Bmr016.w.5,234)"/>
   </segment>
   <segment nite:id="Bmr016.segment.526" starttime="1166.7" endtime="1168.0" participant="me013" timing-provenance="dialogueact">
      <nite:child href="Bmr016.F.words.xml#id(Bmr016.w.5,244)..id(Bmr016.w.5,252)"/>
   </segment>
   <segment nite:id="Bmr016.segment.542" starttime="1205.99" endtime="1207.22" participant="me013" timing-provenance="dialogueact">
      <nite:child href="Bmr016.F.words.xml#id(Bmr016.w.5,395)..id(Bmr016.w.5,403)"/>
   </segment>
   <segment nite:id="Bmr016.segment.544" starttime="1208.11" endtime="1214.1" participant="me013" timing-provenance="dialogueact">
      <nite:child href="Bmr016.F.words.xml#id(Bmr016.w.5,406)..id(Bmr016.w.5,430)"/>
   </segment>
   <segment nite:id="Bmr016.segment.611" starttime="1341.05" endtime="1341.42" participant="me013" timing-provenance="dialogueact">
      <nite:child href="Bmr016.F.words.xml#id(Bmr016.w.6,056)..id(Bmr016.w.6,059)"/>
   </segment>
   <segment nite:id="Bmr016.segment.617" starttime="1353.55" endtime="1355.8" participant="me013" timing-provenance="dialogueact">
      <nite:child href="Bmr016.F.words.xml#id(Bmr016.w.6,126)..id(Bmr016.w.6,139)"/>
   </segment>
   <segment nite:id="Bmr016.segment.634" starttime="1382.748" endtime="1392.389" participant="me013" timing-provenance="segment">
      <nite:child href="Bmr016.F.words.xml#id(Bmr016.w.6,285)..id(Bmr016.disfmarker.193)"/>
   </segment>
   <segment nite:id="Bmr016.segment.637" starttime="1394.79" endtime="1395.08" participant="me013" timing-provenance="dialogueact">
      <nite:child href="Bmr016.F.words.xml#id(Bmr016.w.6,348)..id(Bmr016.w.6,349)"/>
   </segment>
   <segment nite:id="Bmr016.segment.677" starttime="1470.157" endtime="1472.022" participant="me013" timing-provenance="segment">
      <nite:child href="Bmr016.F.words.xml#id(Bmr016.w.6,718)..id(Bmr016.w.6,727)"/>
   </segment>
   <segment nite:id="Bmr016.segment.683" starttime="1475.69" endtime="1476.01" participant="me013" timing-provenance="dialogueact">
      <nite:child href="Bmr016.F.words.xml#id(Bmr016.w.6,766)..id(Bmr016.w.6,767)"/>
   </segment>
   <segment nite:id="Bmr016.segment.705" starttime="1521.567" endtime="1522.85" participant="me013" timing-provenance="segment">
      <nite:child href="Bmr016.F.words.xml#id(Bmr016.w.6,958)..id(Bmr016.comment.56)"/>
   </segment>
   <segment nite:id="Bmr016.segment.712" starttime="1533.15" endtime="1536.94" participant="me013" timing-provenance="segment">
      <nite:child href="Bmr016.F.words.xml#id(Bmr016.w.6,999)..id(Bmr016.disfmarker.218)"/>
   </segment>
   <segment nite:id="Bmr016.segment.717" starttime="1538.03" endtime="1538.37" participant="me013" timing-provenance="dialogueact">
      <nite:child href="Bmr016.F.words.xml#id(Bmr016.w.7,042)..id(Bmr016.w.7,044)"/>
   </segment>
   <segment nite:id="Bmr016.segment.760" starttime="1611.38" endtime="1616.46" participant="me013" timing-provenance="dialogueact">
      <nite:child href="Bmr016.F.words.xml#id(Bmr016.w.7,424)..id(Bmr016.w.7,445)"/>
   </segment>
   <segment nite:id="Bmr016.segment.765" starttime="1617.73" endtime="1617.99" participant="me013" timing-provenance="dialogueact">
      <nite:child href="Bmr016.F.words.xml#id(Bmr016.w.7,470)..id(Bmr016.w.7,471)"/>
   </segment>
   <segment nite:id="Bmr016.segment.770" starttime="1627.07" endtime="1627.26" participant="me013" timing-provenance="dialogueact">
      <nite:child href="Bmr016.F.words.xml#id(Bmr016.w.7,514)..id(Bmr016.w.7,515)"/>
   </segment>
   <segment nite:id="Bmr016.segment.771" starttime="1629.62" endtime="1630.13" participant="me013" timing-provenance="dialogueact">
      <nite:child href="Bmr016.F.words.xml#id(Bmr016.w.7,516)..id(Bmr016.w.7,519)"/>
   </segment>
   <segment nite:id="Bmr016.segment.773" starttime="1631.66" endtime="1632.13" participant="me013" timing-provenance="dialogueact">
      <nite:child href="Bmr016.F.words.xml#id(Bmr016.w.7,547)..id(Bmr016.w.7,550)"/>
   </segment>
   <segment nite:id="Bmr016.segment.774" starttime="1633.99" endtime="1634.25" participant="me013" timing-provenance="dialogueact">
      <nite:child href="Bmr016.F.words.xml#id(Bmr016.w.7,551)..id(Bmr016.w.7,552)"/>
   </segment>
   <segment nite:id="Bmr016.segment.783" starttime="1647.47" endtime="1647.68" participant="me013" timing-provenance="dialogueact">
      <nite:child href="Bmr016.F.words.xml#id(Bmr016.w.7,620)"/>
   </segment>
   <segment nite:id="Bmr016.segment.785" starttime="1648.88" endtime="1653.06" participant="me013" timing-provenance="dialogueact">
      <nite:child href="Bmr016.F.words.xml#id(Bmr016.w.7,623)..id(Bmr016.w.7,650)"/>
   </segment>
   <segment nite:id="Bmr016.segment.789" starttime="1653.51" endtime="1656.13" participant="me013" timing-provenance="dialogueact">
      <nite:child href="Bmr016.F.words.xml#id(Bmr016.w.7,654)..id(Bmr016.w.7,660)"/>
   </segment>
   <segment nite:id="Bmr016.segment.795" starttime="1656.87" endtime="1658.31" participant="me013" timing-provenance="segment">
      <nite:child href="Bmr016.F.words.xml#id(Bmr016.w.7,693)..id(Bmr016.vocalsound.121)"/>
   </segment>
   <segment nite:id="Bmr016.segment.796" starttime="1658.49" endtime="1664.42" participant="me013" timing-provenance="segment">
      <nite:child href="Bmr016.F.words.xml#id(Bmr016.w.7,694)..id(Bmr016.disfmarker.255)"/>
   </segment>
   <segment nite:id="Bmr016.segment.801" starttime="1664.42" endtime="1664.751" participant="me013" timing-provenance="segment">
      <nite:child href="Bmr016.F.words.xml#id(Bmr016.vocalsound.122)..id(Bmr016.comment.66)"/>
   </segment>
   <segment nite:id="Bmr016.segment.802" starttime="1664.79" endtime="1665.03" participant="me013" timing-provenance="dialogueact">
      <nite:child href="Bmr016.F.words.xml#id(Bmr016.w.7,742)..id(Bmr016.w.7,743)"/>
   </segment>
   <segment nite:id="Bmr016.segment.846" starttime="1759.85" endtime="1763.99" participant="me013" timing-provenance="dialogueact">
      <nite:child href="Bmr016.F.words.xml#id(Bmr016.w.8,207)..id(Bmr016.w.8,231)"/>
   </segment>
   <segment nite:id="Bmr016.segment.851" starttime="1764.07" endtime="1766.958" participant="me013" timing-provenance="segment">
      <nite:child href="Bmr016.F.words.xml#id(Bmr016.vocalsound.128)"/>
   </segment>
   <segment nite:id="Bmr016.segment.858" starttime="1772.76" endtime="1773.01" participant="me013" timing-provenance="dialogueact">
      <nite:child href="Bmr016.F.words.xml#id(Bmr016.w.8,286)..id(Bmr016.w.8,287)"/>
   </segment>
   <segment nite:id="Bmr016.segment.909" starttime="1835.08" endtime="1835.22" participant="me013" timing-provenance="dialogueact">
      <nite:child href="Bmr016.F.words.xml#id(Bmr016.w.8,645)..id(Bmr016.w.8,646)"/>
   </segment>
   <segment nite:id="Bmr016.segment.928" starttime="1868.717" endtime="1869.154" participant="me013" timing-provenance="segment">
      <nite:child href="Bmr016.F.words.xml#id(Bmr016.w.8,798)..id(Bmr016.comment.88)"/>
   </segment>
   <segment nite:id="Bmr016.segment.945" starttime="1895.86" endtime="1897.665" participant="me013" timing-provenance="segment">
      <nite:child href="Bmr016.F.words.xml#id(Bmr016.w.8,904)..id(Bmr016.w.8,908)"/>
   </segment>
   <segment nite:id="Bmr016.segment.1,042" starttime="2174.676" endtime="2177.603" participant="me013" timing-provenance="segment">
      <nite:child href="Bmr016.F.words.xml#id(Bmr016.w.10,097)..id(Bmr016.w.10,112)"/>
   </segment>
   <segment nite:id="Bmr016.segment.1,048" starttime="2177.603" endtime="2179.368" participant="me013" timing-provenance="segment">
      <nite:child href="Bmr016.F.words.xml#id(Bmr016.vocalsound.150)"/>
   </segment>
   <segment nite:id="Bmr016.segment.1,054" starttime="2179.43" endtime="2179.72" participant="me013" timing-provenance="dialogueact">
      <nite:child href="Bmr016.F.words.xml#id(Bmr016.w.10,123)..id(Bmr016.w.10,124)"/>
   </segment>
   <segment nite:id="Bmr016.segment.1,056" starttime="2179.785" endtime="2189.317" participant="me013" timing-provenance="segment">
      <nite:child href="Bmr016.F.words.xml#id(Bmr016.vocalsound.153)"/>
   </segment>
   <segment nite:id="Bmr016.segment.1,071" starttime="2199.61" endtime="2200.58" participant="me013" timing-provenance="segment">
      <nite:child href="Bmr016.F.words.xml#id(Bmr016.vocalsound.157)"/>
   </segment>
   <segment nite:id="Bmr016.segment.1,089" starttime="2226.552" endtime="2226.704" participant="me013" timing-provenance="segment">
      <nite:child href="Bmr016.F.words.xml#id(Bmr016.nonvocalsound.19)"/>
   </segment>
   <segment nite:id="Bmr016.segment.1,090" starttime="2226.704" endtime="2228.654" participant="me013" timing-provenance="segment">
      <nite:child href="Bmr016.F.words.xml#id(Bmr016.vocalsound.158)"/>
   </segment>
   <segment nite:id="Bmr016.segment.1,146" starttime="2374.26" endtime="2374.95" participant="me013" timing-provenance="segment">
      <nite:child href="Bmr016.F.words.xml#id(Bmr016.nonvocalsound.20)"/>
   </segment>
   <segment nite:id="Bmr016.segment.1,160" starttime="2401.113" endtime="2404.53" participant="me013" timing-provenance="segment">
      <nite:child href="Bmr016.F.words.xml#id(Bmr016.vocalsound.178)"/>
   </segment>
   <segment nite:id="Bmr016.segment.1,165" starttime="2407.06" endtime="2408.19" participant="me013" timing-provenance="dialogueact">
      <nite:child href="Bmr016.F.words.xml#id(Bmr016.w.11,250)..id(Bmr016.w.11,256)"/>
   </segment>
   <segment nite:id="Bmr016.segment.1,168" starttime="2409.51" endtime="2410.4" participant="me013" timing-provenance="segment">
      <nite:child href="Bmr016.F.words.xml#id(Bmr016.vocalsound.182)"/>
   </segment>
   <segment nite:id="Bmr016.segment.1,174" starttime="2423.324" endtime="2424.464" participant="me013" timing-provenance="segment">
      <nite:child href="Bmr016.F.words.xml#id(Bmr016.vocalsound.183)"/>
   </segment>
   <segment nite:id="Bmr016.segment.1,175" starttime="2424.464" endtime="2431.25" participant="me013" timing-provenance="segment">
      <nite:child href="Bmr016.F.words.xml#id(Bmr016.nonvocalsound.21)"/>
   </segment>
   <segment nite:id="Bmr016.segment.1,211" starttime="2467.14" endtime="2468.02" participant="me013" timing-provenance="dialogueact">
      <nite:child href="Bmr016.F.words.xml#id(Bmr016.w.11,656)..id(Bmr016.w.11,661)"/>
   </segment>
   <segment nite:id="Bmr016.segment.1,215" starttime="2468.69" endtime="2473.55" participant="me013" timing-provenance="segment">
      <nite:child href="Bmr016.F.words.xml#id(Bmr016.vocalsound.197)"/>
   </segment>
   <segment nite:id="Bmr016.segment.1,232" starttime="2474.9" endtime="2477.737" participant="me013" timing-provenance="segment">
      <nite:child href="Bmr016.F.words.xml#id(Bmr016.vocalsound.205)"/>
   </segment>
   <segment nite:id="Bmr016.segment.1,239" starttime="2478.87" endtime="2479.11" participant="me013" timing-provenance="dialogueact">
      <nite:child href="Bmr016.F.words.xml#id(Bmr016.w.11,758)..id(Bmr016.w.11,759)"/>
   </segment>
   <segment nite:id="Bmr016.segment.1,243" starttime="2480.44" endtime="2480.77" participant="me013" timing-provenance="dialogueact">
      <nite:child href="Bmr016.F.words.xml#id(Bmr016.w.11,777)"/>
   </segment>
   <segment nite:id="Bmr016.segment.1,247" starttime="2481.59" endtime="2482.11" participant="me013" timing-provenance="dialogueact">
      <nite:child href="Bmr016.F.words.xml#id(Bmr016.w.11,787)..id(Bmr016.w.11,788)"/>
   </segment>
   <segment nite:id="Bmr016.segment.1,249" starttime="2482.59" endtime="2483.93" participant="me013" timing-provenance="dialogueact">
      <nite:child href="Bmr016.F.words.xml#id(Bmr016.w.11,792)..id(Bmr016.w.11,802)"/>
   </segment>
   <segment nite:id="Bmr016.segment.1,269" starttime="2507.65" endtime="2509.26" participant="me013" timing-provenance="dialogueact">
      <nite:child href="Bmr016.F.words.xml#id(Bmr016.w.11,934)..id(Bmr016.w.11,941)"/>
   </segment>
   <segment nite:id="Bmr016.segment.1,275" starttime="2510.78" endtime="2512.11" participant="me013" timing-provenance="segment">
      <nite:child href="Bmr016.F.words.xml#id(Bmr016.vocalsound.215)"/>
   </segment>
   <segment nite:id="Bmr016.segment.1,303" starttime="2552.52" endtime="2557.49" participant="me013" timing-provenance="segment">
      <nite:child href="Bmr016.F.words.xml#id(Bmr016.w.12,186)..id(Bmr016.vocalsound.226)"/>
   </segment>
   <segment nite:id="Bmr016.segment.1,311" starttime="2558.44" endtime="2559.27" participant="me013" timing-provenance="segment">
      <nite:child href="Bmr016.F.words.xml#id(Bmr016.vocalsound.231)"/>
   </segment>
   <segment nite:id="Bmr016.segment.1,319" starttime="2565.98" endtime="2567.65" participant="me013" timing-provenance="segment">
      <nite:child href="Bmr016.F.words.xml#id(Bmr016.vocalsound.236)"/>
   </segment>
   <segment nite:id="Bmr016.segment.1,325" starttime="2573.54" endtime="2573.91" participant="me013" timing-provenance="dialogueact">
      <nite:child href="Bmr016.F.words.xml#id(Bmr016.w.12,278)..id(Bmr016.w.12,281)"/>
   </segment>
   <segment nite:id="Bmr016.segment.1,369" starttime="2648.81" endtime="2653.47" participant="me013" timing-provenance="dialogueact">
      <nite:child href="Bmr016.F.words.xml#id(Bmr016.w.12,740)..id(Bmr016.w.12,766)"/>
   </segment>
   <segment nite:id="Bmr016.segment.1,372" starttime="2659.32" endtime="2660.02" participant="me013" timing-provenance="dialogueact">
      <nite:child href="Bmr016.F.words.xml#id(Bmr016.w.12,829)..id(Bmr016.w.12,830)"/>
   </segment>
   <segment nite:id="Bmr016.segment.1,377" starttime="2672.39" endtime="2672.56" participant="me013" timing-provenance="dialogueact">
      <nite:child href="Bmr016.F.words.xml#id(Bmr016.w.12,885)..id(Bmr016.w.12,886)"/>
   </segment>
   <segment nite:id="Bmr016.segment.1,379" starttime="2675.224" endtime="2678.89" participant="me013" timing-provenance="segment">
      <nite:child href="Bmr016.F.words.xml#id(Bmr016.w.12,891)..id(Bmr016.vocalsound.255)"/>
   </segment>
   <segment nite:id="Bmr016.segment.1,385" starttime="2680.39" endtime="2680.77" participant="me013" timing-provenance="dialogueact">
      <nite:child href="Bmr016.F.words.xml#id(Bmr016.w.12,961)..id(Bmr016.w.12,962)"/>
   </segment>
   <segment nite:id="Bmr016.segment.1,401" starttime="2698.67" endtime="2698.88" participant="me013" timing-provenance="dialogueact">
      <nite:child href="Bmr016.F.words.xml#id(Bmr016.w.13,068)..id(Bmr016.w.13,069)"/>
   </segment>
   <segment nite:id="Bmr016.segment.1,408" starttime="2705.08" endtime="2706.56" participant="me013" timing-provenance="segment">
      <nite:child href="Bmr016.F.words.xml#id(Bmr016.vocalsound.266)"/>
   </segment>
   <segment nite:id="Bmr016.segment.1,412" starttime="2708.49" endtime="2709.88" participant="me013" timing-provenance="segment">
      <nite:child href="Bmr016.F.words.xml#id(Bmr016.vocalsound.270)"/>
   </segment>
   <segment nite:id="Bmr016.segment.1,418" starttime="2724.7" endtime="2727.45" participant="me013" timing-provenance="dialogueact">
      <nite:child href="Bmr016.F.words.xml#id(Bmr016.w.13,184)..id(Bmr016.w.13,198)"/>
   </segment>
   <segment nite:id="Bmr016.segment.1,421" starttime="2730.76" endtime="2732.88" participant="me013" timing-provenance="dialogueact">
      <nite:child href="Bmr016.F.words.xml#id(Bmr016.w.13,224)..id(Bmr016.w.13,232)"/>
   </segment>
   <segment nite:id="Bmr016.segment.1,423" starttime="2733.77" endtime="2734.03" participant="me013" timing-provenance="dialogueact">
      <nite:child href="Bmr016.F.words.xml#id(Bmr016.w.13,241)..id(Bmr016.w.13,242)"/>
   </segment>
   <segment nite:id="Bmr016.segment.1,425" starttime="2735.03" endtime="2736.03" participant="me013" timing-provenance="dialogueact">
      <nite:child href="Bmr016.F.words.xml#id(Bmr016.w.13,259)..id(Bmr016.w.13,266)"/>
   </segment>
   <segment nite:id="Bmr016.segment.1,432" starttime="2751.6" endtime="2751.82" participant="me013" timing-provenance="dialogueact">
      <nite:child href="Bmr016.F.words.xml#id(Bmr016.w.13,327)..id(Bmr016.w.13,328)"/>
   </segment>
   <segment nite:id="Bmr016.segment.1,437" starttime="2757.45" endtime="2760.78" participant="me013" timing-provenance="segment">
      <nite:child href="Bmr016.F.words.xml#id(Bmr016.w.13,364)..id(Bmr016.vocalsound.277)"/>
   </segment>
   <segment nite:id="Bmr016.segment.1,441" starttime="2761.354" endtime="2764.411" participant="me013" timing-provenance="segment">
      <nite:child href="Bmr016.F.words.xml#id(Bmr016.vocalsound.281)"/>
   </segment>
   <segment nite:id="Bmr016.segment.1,444" starttime="2764.45" endtime="2767.62" participant="me013" timing-provenance="dialogueact">
      <nite:child href="Bmr016.F.words.xml#id(Bmr016.w.13,376)..id(Bmr016.w.13,386)"/>
   </segment>
   <segment nite:id="Bmr016.segment.1,452" starttime="2775.24" endtime="2778.53" participant="me013" timing-provenance="segment">
      <nite:child href="Bmr016.F.words.xml#id(Bmr016.vocalsound.284)"/>
   </segment>
   <segment nite:id="Bmr016.segment.1,458" starttime="2781.06" endtime="2781.88" participant="me013" timing-provenance="dialogueact">
      <nite:child href="Bmr016.F.words.xml#id(Bmr016.w.13,473)..id(Bmr016.w.13,479)"/>
   </segment>
   <segment nite:id="Bmr016.segment.1,464" starttime="2784.97" endtime="2786.0" participant="me013" timing-provenance="dialogueact">
      <nite:child href="Bmr016.F.words.xml#id(Bmr016.w.13,512)..id(Bmr016.w.13,513)"/>
   </segment>
   <segment nite:id="Bmr016.segment.1,467" starttime="2788.82" endtime="2789.11" participant="me013" timing-provenance="dialogueact">
      <nite:child href="Bmr016.F.words.xml#id(Bmr016.w.13,523)..id(Bmr016.w.13,524)"/>
   </segment>
   <segment nite:id="Bmr016.segment.1,469" starttime="2791.15" endtime="2791.91" participant="me013" timing-provenance="dialogueact">
      <nite:child href="Bmr016.F.words.xml#id(Bmr016.w.13,549)..id(Bmr016.w.13,552)"/>
   </segment>
   <segment nite:id="Bmr016.segment.1,472" starttime="2798.27" endtime="2800.96" participant="me013" timing-provenance="segment">
      <nite:child href="Bmr016.F.words.xml#id(Bmr016.w.13,584)..id(Bmr016.vocalsound.289)"/>
   </segment>
   <segment nite:id="Bmr016.segment.1,492" starttime="2829.06" endtime="2832.012" participant="me013" timing-provenance="segment">
      <nite:child href="Bmr016.F.words.xml#id(Bmr016.vocalsound.296)"/>
   </segment>
   <segment nite:id="Bmr016.segment.1,511" starttime="2865.128" endtime="2865.959" participant="me013" timing-provenance="segment">
      <nite:child href="Bmr016.F.words.xml#id(Bmr016.w.13,942)..id(Bmr016.comment.138)"/>
   </segment>
   <segment nite:id="Bmr016.segment.1,527" starttime="2888.79" endtime="2890.54" participant="me013" timing-provenance="dialogueact">
      <nite:child href="Bmr016.F.words.xml#id(Bmr016.w.14,070)..id(Bmr016.w.14,078)"/>
   </segment>
   <segment nite:id="Bmr016.segment.1,533" starttime="2901.05" endtime="2901.21" participant="me013" timing-provenance="dialogueact">
      <nite:child href="Bmr016.F.words.xml#id(Bmr016.w.14,119)..id(Bmr016.w.14,120)"/>
   </segment>
   <segment nite:id="Bmr016.segment.1,540" starttime="2902.88" endtime="2903.11" participant="me013" timing-provenance="dialogueact">
      <nite:child href="Bmr016.F.words.xml#id(Bmr016.w.14,136)..id(Bmr016.w.14,137)"/>
   </segment>
   <segment nite:id="Bmr016.segment.1,569" starttime="2937.22" endtime="2937.63" participant="me013" timing-provenance="dialogueact">
      <nite:child href="Bmr016.F.words.xml#id(Bmr016.w.14,357)..id(Bmr016.w.14,360)"/>
   </segment>
   <segment nite:id="Bmr016.segment.1,572" starttime="2939.72" endtime="2939.92" participant="me013" timing-provenance="dialogueact">
      <nite:child href="Bmr016.F.words.xml#id(Bmr016.w.14,383)..id(Bmr016.w.14,384)"/>
   </segment>
   <segment nite:id="Bmr016.segment.1,585" starttime="2966.22" endtime="2968.6" participant="me013" timing-provenance="segment">
      <nite:child href="Bmr016.F.words.xml#id(Bmr016.vocalsound.313)"/>
   </segment>
   <segment nite:id="Bmr016.segment.1,591" starttime="2973.46" endtime="2975.7" participant="me013" timing-provenance="segment">
      <nite:child href="Bmr016.F.words.xml#id(Bmr016.vocalsound.315)"/>
   </segment>
   <segment nite:id="Bmr016.segment.1,628" starttime="3057.68" endtime="3075.136" participant="me013" timing-provenance="segment">
      <nite:child href="Bmr016.F.words.xml#id(Bmr016.w.14,930)..id(Bmr016.vocalsound.317)"/>
   </segment>
   <segment nite:id="Bmr016.segment.1,649" starttime="3078.888" endtime="3079.895" participant="me013" timing-provenance="segment">
      <nite:child href="Bmr016.F.words.xml#id(Bmr016.w.15,043)..id(Bmr016.comment.159)"/>
   </segment>
   <segment nite:id="Bmr016.segment.1,652" starttime="3080.08" endtime="3080.46" participant="me013" timing-provenance="dialogueact">
      <nite:child href="Bmr016.F.words.xml#id(Bmr016.w.15,065)..id(Bmr016.w.15,066)"/>
   </segment>
   <segment nite:id="Bmr016.segment.1,659" starttime="3085.477" endtime="3093.347" participant="me013" timing-provenance="segment">
      <nite:child href="Bmr016.F.words.xml#id(Bmr016.vocalsound.332)"/>
   </segment>
   <segment nite:id="Bmr016.segment.1,681" starttime="3122.37" endtime="3127.224" participant="me013" timing-provenance="segment">
      <nite:child href="Bmr016.F.words.xml#id(Bmr016.w.15,312)..id(Bmr016.vocalsound.336)"/>
   </segment>
   <segment nite:id="Bmr016.segment.1,688" starttime="3127.86" endtime="3128.362" participant="me013" timing-provenance="segment">
      <nite:child href="Bmr016.F.words.xml#id(Bmr016.w.15,358)..id(Bmr016.comment.166)"/>
   </segment>
   <segment nite:id="Bmr016.segment.1,689" starttime="3128.362" endtime="3130.608" participant="me013" timing-provenance="segment">
      <nite:child href="Bmr016.F.words.xml#id(Bmr016.vocalsound.340)"/>
   </segment>
   <segment nite:id="Bmr016.segment.1,691" starttime="3130.608" endtime="3137.202" participant="me013" timing-provenance="segment">
      <nite:child href="Bmr016.F.words.xml#id(Bmr016.w.15,362)..id(Bmr016.vocalsound.341)"/>
   </segment>
   <segment nite:id="Bmr016.segment.1,837" starttime="3503.15" endtime="3503.41" participant="me013" timing-provenance="dialogueact">
      <nite:child href="Bmr016.F.words.xml#id(Bmr016.w.17,205)..id(Bmr016.w.17,206)"/>
   </segment>
   <segment nite:id="Bmr016.segment.1,844" starttime="3511.95" endtime="3512.18" participant="me013" timing-provenance="dialogueact">
      <nite:child href="Bmr016.F.words.xml#id(Bmr016.w.17,265)..id(Bmr016.w.17,266)"/>
   </segment>
   <segment nite:id="Bmr016.segment.1,846" starttime="3512.959" endtime="3515.478" participant="me013" timing-provenance="segment">
      <nite:child href="Bmr016.F.words.xml#id(Bmr016.w.17,269)..id(Bmr016.comment.178)"/>
   </segment>
   <segment nite:id="Bmr016.segment.1,849" starttime="3515.52" endtime="3515.77" participant="me013" timing-provenance="dialogueact">
      <nite:child href="Bmr016.F.words.xml#id(Bmr016.w.17,317)..id(Bmr016.w.17,318)"/>
   </segment>
   <segment nite:id="Bmr016.segment.1,851" starttime="3516.087" endtime="3517.4" participant="me013" timing-provenance="segment">
      <nite:child href="Bmr016.F.words.xml#id(Bmr016.vocalsound.354)"/>
   </segment>
   <segment nite:id="Bmr016.segment.1,860" starttime="3544.11" endtime="3544.31" participant="me013" timing-provenance="dialogueact">
      <nite:child href="Bmr016.F.words.xml#id(Bmr016.w.17,422)..id(Bmr016.w.17,423)"/>
   </segment>
   <segment nite:id="Bmr016.segment.2,007" starttime="3921.7" endtime="3921.97" participant="me013" timing-provenance="dialogueact">
      <nite:child href="Bmr016.F.words.xml#id(Bmr016.w.19,214)..id(Bmr016.w.19,215)"/>
   </segment>
   <segment nite:id="Bmr016.segment.2,011" starttime="3928.09" endtime="3928.46" participant="me013" timing-provenance="dialogueact">
      <nite:child href="Bmr016.F.words.xml#id(Bmr016.w.19,230)..id(Bmr016.w.19,231)"/>
   </segment>
</nite:root>