<?xml version="1.0" encoding="ISO-8859-1" standalone="yes"?>
<nite:root nite:id="Bmr013.G.segs" xmlns:nite="http://nite.sourceforge.net/">
   <segment nite:id="Bmr013.segment.64" starttime="78.93" endtime="84.93" participant="fe016" timing-provenance="segment">
      <nite:child href="Bmr013.G.words.xml#id(Bmr013.vocalsound.63)"/>
   </segment>
   <segment nite:id="Bmr013.segment.66" starttime="86.58" endtime="89.05" participant="fe016" timing-provenance="segment">
      <nite:child href="Bmr013.G.words.xml#id(Bmr013.vocalsound.65)"/>
   </segment>
   <segment nite:id="Bmr013.segment.73" starttime="92.495" endtime="93.033" participant="fe016" timing-provenance="segment">
      <nite:child href="Bmr013.G.words.xml#id(Bmr013.w.1)..id(Bmr013.w.2)"/>
   </segment>
   <segment nite:id="Bmr013.segment.93" starttime="115.31" endtime="117.33" participant="fe016" timing-provenance="segment">
      <nite:child href="Bmr013.G.words.xml#id(Bmr013.w.67)..id(Bmr013.disfmarker.2)"/>
   </segment>
   <segment nite:id="Bmr013.segment.96" starttime="121.831" endtime="123.544" participant="fe016" timing-provenance="segment">
      <nite:child href="Bmr013.G.words.xml#id(Bmr013.w.87)..id(Bmr013.disfmarker.3)"/>
   </segment>
   <segment nite:id="Bmr013.segment.97" starttime="124.092" endtime="125.482" participant="fe016" timing-provenance="dialogueact">
      <nite:child href="Bmr013.G.words.xml#id(Bmr013.w.93)..id(Bmr013.w.97)"/>
   </segment>
   <segment nite:id="Bmr013.segment.98" starttime="125.985" endtime="127.435" participant="fe016" timing-provenance="dialogueact">
      <nite:child href="Bmr013.G.words.xml#id(Bmr013.w.98)..id(Bmr013.w.103)"/>
   </segment>
   <segment nite:id="Bmr013.segment.101" starttime="130.283" endtime="132.917" participant="fe016" timing-provenance="segment">
      <nite:child href="Bmr013.G.words.xml#id(Bmr013.w.110)..id(Bmr013.disfmarker.4)"/>
   </segment>
   <segment nite:id="Bmr013.segment.102" starttime="133.256" endtime="136.496" participant="fe016" timing-provenance="dialogueact">
      <nite:child href="Bmr013.G.words.xml#id(Bmr013.w.120)..id(Bmr013.w.130)"/>
   </segment>
   <segment nite:id="Bmr013.segment.105" starttime="139.513" endtime="140.593" participant="fe016" timing-provenance="dialogueact">
      <nite:child href="Bmr013.G.words.xml#id(Bmr013.w.158)..id(Bmr013.w.163)"/>
   </segment>
   <segment nite:id="Bmr013.segment.275" starttime="488.717" endtime="490.117" participant="fe016" timing-provenance="dialogueact">
      <nite:child href="Bmr013.G.words.xml#id(Bmr013.w.1,702)..id(Bmr013.w.1,709)"/>
   </segment>
   <segment nite:id="Bmr013.segment.281" starttime="500.442" endtime="504.572" participant="fe016" timing-provenance="dialogueact">
      <nite:child href="Bmr013.G.words.xml#id(Bmr013.w.1,755)..id(Bmr013.w.1,771)"/>
   </segment>
   <segment nite:id="Bmr013.segment.284" starttime="504.605" endtime="506.338" participant="fe016" timing-provenance="segment">
      <nite:child href="Bmr013.G.words.xml#id(Bmr013.w.1,786)..id(Bmr013.comment.3)"/>
   </segment>
   <segment nite:id="Bmr013.segment.286" starttime="506.836" endtime="507.434" participant="fe016" timing-provenance="segment">
      <nite:child href="Bmr013.G.words.xml#id(Bmr013.w.1,816)..id(Bmr013.disfmarker.57)"/>
   </segment>
   <segment nite:id="Bmr013.segment.287" starttime="509.59" endtime="510.26" participant="fe016" timing-provenance="dialogueact">
      <nite:child href="Bmr013.G.words.xml#id(Bmr013.w.1,819)..id(Bmr013.w.1,820)"/>
   </segment>
   <segment nite:id="Bmr013.segment.289" starttime="511.472" endtime="512.539" participant="fe016" timing-provenance="segment">
      <nite:child href="Bmr013.G.words.xml#id(Bmr013.w.1,825)..id(Bmr013.disfmarker.58)"/>
   </segment>
   <segment nite:id="Bmr013.segment.292" starttime="512.539" endtime="514.372" participant="fe016" timing-provenance="segment">
      <nite:child href="Bmr013.G.words.xml#id(Bmr013.w.1,833)..id(Bmr013.disfmarker.60)"/>
   </segment>
   <segment nite:id="Bmr013.segment.293" starttime="514.472" endtime="516.712" participant="fe016" timing-provenance="dialogueact">
      <nite:child href="Bmr013.G.words.xml#id(Bmr013.w.1,840)..id(Bmr013.w.1,849)"/>
   </segment>
   <segment nite:id="Bmr013.segment.298" starttime="521.212" endtime="521.562" participant="fe016" timing-provenance="dialogueact">
      <nite:child href="Bmr013.G.words.xml#id(Bmr013.w.1,881)..id(Bmr013.w.1,882)"/>
   </segment>
   <segment nite:id="Bmr013.segment.313" starttime="550.466" endtime="551.063" participant="fe016" timing-provenance="segment">
      <nite:child href="Bmr013.G.words.xml#id(Bmr013.vocalsound.87)"/>
   </segment>
   <segment nite:id="Bmr013.segment.317" starttime="553.894" endtime="556.314" participant="fe016" timing-provenance="dialogueact">
      <nite:child href="Bmr013.G.words.xml#id(Bmr013.w.2,070)..id(Bmr013.w.2,079)"/>
   </segment>
   <segment nite:id="Bmr013.segment.323" starttime="559.927" endtime="560.627" participant="fe016" timing-provenance="dialogueact">
      <nite:child href="Bmr013.G.words.xml#id(Bmr013.w.2,098)..id(Bmr013.w.2,102)"/>
   </segment>
   <segment nite:id="Bmr013.segment.324" starttime="560.837" endtime="561.927" participant="fe016" timing-provenance="dialogueact">
      <nite:child href="Bmr013.G.words.xml#id(Bmr013.w.2,103)..id(Bmr013.w.2,105)"/>
   </segment>
   <segment nite:id="Bmr013.segment.326" starttime="562.207" endtime="562.627" participant="fe016" timing-provenance="dialogueact">
      <nite:child href="Bmr013.G.words.xml#id(Bmr013.w.2,108)..id(Bmr013.w.2,110)"/>
   </segment>
   <segment nite:id="Bmr013.segment.328" starttime="563.129" endtime="564.499" participant="fe016" timing-provenance="dialogueact">
      <nite:child href="Bmr013.G.words.xml#id(Bmr013.w.2,113)..id(Bmr013.w.2,121)"/>
   </segment>
   <segment nite:id="Bmr013.segment.331" starttime="567.811" endtime="568.191" participant="fe016" timing-provenance="dialogueact">
      <nite:child href="Bmr013.G.words.xml#id(Bmr013.w.2,137)..id(Bmr013.w.2,138)"/>
   </segment>
   <segment nite:id="Bmr013.segment.339" starttime="571.257" endtime="572.006" participant="fe016" timing-provenance="segment">
      <nite:child href="Bmr013.G.words.xml#id(Bmr013.vocalsound.95)"/>
   </segment>
   <segment nite:id="Bmr013.segment.389" starttime="670.5" endtime="672.62" participant="fe016" timing-provenance="dialogueact">
      <nite:child href="Bmr013.G.words.xml#id(Bmr013.w.2,584)..id(Bmr013.w.2,594)"/>
   </segment>
   <segment nite:id="Bmr013.segment.391" starttime="673.32" endtime="673.89" participant="fe016" timing-provenance="dialogueact">
      <nite:child href="Bmr013.G.words.xml#id(Bmr013.w.2,598)..id(Bmr013.w.2,599)"/>
   </segment>
   <segment nite:id="Bmr013.segment.392" starttime="674.465" endtime="676.025" participant="fe016" timing-provenance="dialogueact">
      <nite:child href="Bmr013.G.words.xml#id(Bmr013.w.2,600)..id(Bmr013.w.2,608)"/>
   </segment>
   <segment nite:id="Bmr013.segment.393" starttime="676.371" endtime="680.621" participant="fe016" timing-provenance="dialogueact">
      <nite:child href="Bmr013.G.words.xml#id(Bmr013.w.2,609)..id(Bmr013.w.2,627)"/>
   </segment>
   <segment nite:id="Bmr013.segment.395" starttime="681.362" endtime="682.732" participant="fe016" timing-provenance="dialogueact">
      <nite:child href="Bmr013.G.words.xml#id(Bmr013.w.2,630)..id(Bmr013.w.2,634)"/>
   </segment>
   <segment nite:id="Bmr013.segment.396" starttime="683.501" endtime="686.831" participant="fe016" timing-provenance="dialogueact">
      <nite:child href="Bmr013.G.words.xml#id(Bmr013.w.2,635)..id(Bmr013.w.2,655)"/>
   </segment>
   <segment nite:id="Bmr013.segment.397" starttime="687.041" endtime="690.311" participant="fe016" timing-provenance="dialogueact">
      <nite:child href="Bmr013.G.words.xml#id(Bmr013.w.2,656)..id(Bmr013.w.2,674)"/>
   </segment>
   <segment nite:id="Bmr013.segment.399" starttime="691.153" endtime="691.593" participant="fe016" timing-provenance="dialogueact">
      <nite:child href="Bmr013.G.words.xml#id(Bmr013.w.2,677)..id(Bmr013.w.2,678)"/>
   </segment>
   <segment nite:id="Bmr013.segment.401" starttime="691.733" endtime="692.973" participant="fe016" timing-provenance="dialogueact">
      <nite:child href="Bmr013.G.words.xml#id(Bmr013.w.2,680)..id(Bmr013.w.2,686)"/>
   </segment>
   <segment nite:id="Bmr013.segment.494" starttime="815.367" endtime="816.437" participant="fe016" timing-provenance="dialogueact">
      <nite:child href="Bmr013.G.words.xml#id(Bmr013.w.3,270)..id(Bmr013.w.3,277)"/>
   </segment>
   <segment nite:id="Bmr013.segment.495" starttime="817.361" endtime="818.881" participant="fe016" timing-provenance="dialogueact">
      <nite:child href="Bmr013.G.words.xml#id(Bmr013.w.3,278)..id(Bmr013.w.3,282)"/>
   </segment>
   <segment nite:id="Bmr013.segment.496" starttime="819.201" endtime="821.741" participant="fe016" timing-provenance="dialogueact">
      <nite:child href="Bmr013.G.words.xml#id(Bmr013.w.3,283)..id(Bmr013.w.3,291)"/>
   </segment>
   <segment nite:id="Bmr013.segment.497" starttime="821.961" endtime="823.611" participant="fe016" timing-provenance="dialogueact">
      <nite:child href="Bmr013.G.words.xml#id(Bmr013.w.3,292)..id(Bmr013.w.3,297)"/>
   </segment>
   <segment nite:id="Bmr013.segment.498" starttime="823.731" endtime="824.201" participant="fe016" timing-provenance="dialogueact">
      <nite:child href="Bmr013.G.words.xml#id(Bmr013.w.3,298)..id(Bmr013.w.3,301)"/>
   </segment>
   <segment nite:id="Bmr013.segment.499" starttime="824.592" endtime="824.952" participant="fe016" timing-provenance="dialogueact">
      <nite:child href="Bmr013.G.words.xml#id(Bmr013.w.3,302)..id(Bmr013.w.3,304)"/>
   </segment>
   <segment nite:id="Bmr013.segment.500" starttime="825.03" endtime="827.839" participant="fe016" timing-provenance="segment">
      <nite:child href="Bmr013.G.words.xml#id(Bmr013.w.3,305)..id(Bmr013.disfmarker.105)"/>
   </segment>
   <segment nite:id="Bmr013.segment.502" starttime="827.972" endtime="829.272" participant="fe016" timing-provenance="dialogueact">
      <nite:child href="Bmr013.G.words.xml#id(Bmr013.w.3,317)..id(Bmr013.w.3,323)"/>
   </segment>
   <segment nite:id="Bmr013.segment.504" starttime="830.609" endtime="833.459" participant="fe016" timing-provenance="dialogueact">
      <nite:child href="Bmr013.G.words.xml#id(Bmr013.w.3,326)..id(Bmr013.w.3,338)"/>
   </segment>
   <segment nite:id="Bmr013.segment.505" starttime="834.42" endtime="840.13" participant="fe016" timing-provenance="dialogueact">
      <nite:child href="Bmr013.G.words.xml#id(Bmr013.w.3,339)..id(Bmr013.w.3,359)"/>
   </segment>
   <segment nite:id="Bmr013.segment.506" starttime="840.881" endtime="842.132" participant="fe016" timing-provenance="segment">
      <nite:child href="Bmr013.G.words.xml#id(Bmr013.w.3,360)..id(Bmr013.disfmarker.106)"/>
   </segment>
   <segment nite:id="Bmr013.segment.507" starttime="842.431" endtime="846.811" participant="fe016" timing-provenance="dialogueact">
      <nite:child href="Bmr013.G.words.xml#id(Bmr013.w.3,365)..id(Bmr013.w.3,383)"/>
   </segment>
   <segment nite:id="Bmr013.segment.508" starttime="847.402" endtime="848.872" participant="fe016" timing-provenance="dialogueact">
      <nite:child href="Bmr013.G.words.xml#id(Bmr013.w.3,384)..id(Bmr013.w.3,389)"/>
   </segment>
   <segment nite:id="Bmr013.segment.509" starttime="849.402" endtime="851.222" participant="fe016" timing-provenance="dialogueact">
      <nite:child href="Bmr013.G.words.xml#id(Bmr013.w.3,390)..id(Bmr013.w.3,398)"/>
   </segment>
   <segment nite:id="Bmr013.segment.510" starttime="852.071" endtime="853.281" participant="fe016" timing-provenance="dialogueact">
      <nite:child href="Bmr013.G.words.xml#id(Bmr013.w.3,399)..id(Bmr013.w.3,403)"/>
   </segment>
   <segment nite:id="Bmr013.segment.511" starttime="854.191" endtime="856.901" participant="fe016" timing-provenance="dialogueact">
      <nite:child href="Bmr013.G.words.xml#id(Bmr013.w.3,404)..id(Bmr013.w.3,415)"/>
   </segment>
   <segment nite:id="Bmr013.segment.512" starttime="857.322" endtime="858.412" participant="fe016" timing-provenance="dialogueact">
      <nite:child href="Bmr013.G.words.xml#id(Bmr013.w.3,416)..id(Bmr013.w.3,420)"/>
   </segment>
   <segment nite:id="Bmr013.segment.513" starttime="859.33" endtime="859.9" participant="fe016" timing-provenance="dialogueact">
      <nite:child href="Bmr013.G.words.xml#id(Bmr013.w.3,421)..id(Bmr013.w.3,426)"/>
   </segment>
   <segment nite:id="Bmr013.segment.514" starttime="861.05" endtime="861.57" participant="fe016" timing-provenance="dialogueact">
      <nite:child href="Bmr013.G.words.xml#id(Bmr013.w.3,427)..id(Bmr013.w.3,428)"/>
   </segment>
   <segment nite:id="Bmr013.segment.515" starttime="862.231" endtime="863.931" participant="fe016" timing-provenance="dialogueact">
      <nite:child href="Bmr013.G.words.xml#id(Bmr013.w.3,429)..id(Bmr013.w.3,434)"/>
   </segment>
   <segment nite:id="Bmr013.segment.516" starttime="864.367" endtime="865.197" participant="fe016" timing-provenance="dialogueact">
      <nite:child href="Bmr013.G.words.xml#id(Bmr013.w.3,435)..id(Bmr013.w.3,436)"/>
   </segment>
   <segment nite:id="Bmr013.segment.517" starttime="865.63" endtime="867.45" participant="fe016" timing-provenance="dialogueact">
      <nite:child href="Bmr013.G.words.xml#id(Bmr013.w.3,437)..id(Bmr013.w.3,442)"/>
   </segment>
   <segment nite:id="Bmr013.segment.528" starttime="891.75" endtime="892.2" participant="fe016" timing-provenance="dialogueact">
      <nite:child href="Bmr013.G.words.xml#id(Bmr013.w.3,560)..id(Bmr013.w.3,561)"/>
   </segment>
   <segment nite:id="Bmr013.segment.530" starttime="895.622" endtime="896.002" participant="fe016" timing-provenance="dialogueact">
      <nite:child href="Bmr013.G.words.xml#id(Bmr013.w.3,564)..id(Bmr013.w.3,565)"/>
   </segment>
   <segment nite:id="Bmr013.segment.534" starttime="897.202" endtime="897.504" participant="fe016" timing-provenance="segment">
      <nite:child href="Bmr013.G.words.xml#id(Bmr013.w.3,586)..id(Bmr013.disfmarker.108)"/>
   </segment>
   <segment nite:id="Bmr013.segment.536" starttime="897.883" endtime="899.656" participant="fe016" timing-provenance="segment">
      <nite:child href="Bmr013.G.words.xml#id(Bmr013.w.3,591)..id(Bmr013.disfmarker.110)"/>
   </segment>
   <segment nite:id="Bmr013.segment.538" starttime="899.895" endtime="901.11" participant="fe016" timing-provenance="segment">
      <nite:child href="Bmr013.G.words.xml#id(Bmr013.w.3,602)..id(Bmr013.disfmarker.111)"/>
   </segment>
   <segment nite:id="Bmr013.segment.539" starttime="901.185" endtime="904.115" participant="fe016" timing-provenance="dialogueact">
      <nite:child href="Bmr013.G.words.xml#id(Bmr013.w.3,608)..id(Bmr013.w.3,620)"/>
   </segment>
   <segment nite:id="Bmr013.segment.542" starttime="904.936" endtime="905.316" participant="fe016" timing-provenance="dialogueact">
      <nite:child href="Bmr013.G.words.xml#id(Bmr013.w.3,624)..id(Bmr013.w.3,625)"/>
   </segment>
   <segment nite:id="Bmr013.segment.543" starttime="906.868" endtime="910.561" participant="fe016" timing-provenance="segment">
      <nite:child href="Bmr013.G.words.xml#id(Bmr013.w.3,626)..id(Bmr013.w.3,651)"/>
   </segment>
   <segment nite:id="Bmr013.segment.547" starttime="910.92" endtime="911.19" participant="fe016" timing-provenance="dialogueact">
      <nite:child href="Bmr013.G.words.xml#id(Bmr013.w.3,661)..id(Bmr013.w.3,662)"/>
   </segment>
   <segment nite:id="Bmr013.segment.548" starttime="911.34" endtime="912.274" participant="fe016" timing-provenance="segment">
      <nite:child href="Bmr013.G.words.xml#id(Bmr013.w.3,663)..id(Bmr013.vocalsound.106)"/>
   </segment>
   <segment nite:id="Bmr013.segment.551" starttime="912.424" endtime="913.444" participant="fe016" timing-provenance="dialogueact">
      <nite:child href="Bmr013.G.words.xml#id(Bmr013.w.3,665)..id(Bmr013.w.3,673)"/>
   </segment>
   <segment nite:id="Bmr013.segment.552" starttime="913.589" endtime="914.605" participant="fe016" timing-provenance="segment">
      <nite:child href="Bmr013.G.words.xml#id(Bmr013.w.3,674)..id(Bmr013.w.3,680)"/>
   </segment>
   <segment nite:id="Bmr013.segment.553" starttime="914.774" endtime="915.064" participant="fe016" timing-provenance="dialogueact">
      <nite:child href="Bmr013.G.words.xml#id(Bmr013.w.3,681)..id(Bmr013.w.3,682)"/>
   </segment>
   <segment nite:id="Bmr013.segment.554" starttime="915.622" endtime="916.852" participant="fe016" timing-provenance="dialogueact">
      <nite:child href="Bmr013.G.words.xml#id(Bmr013.w.3,683)..id(Bmr013.w.3,691)"/>
   </segment>
   <segment nite:id="Bmr013.segment.555" starttime="917.541" endtime="923.381" participant="fe016" timing-provenance="dialogueact">
      <nite:child href="Bmr013.G.words.xml#id(Bmr013.w.3,692)..id(Bmr013.w.3,713)"/>
   </segment>
   <segment nite:id="Bmr013.segment.557" starttime="924.132" endtime="925.162" participant="fe016" timing-provenance="dialogueact">
      <nite:child href="Bmr013.G.words.xml#id(Bmr013.w.3,718)..id(Bmr013.w.3,723)"/>
   </segment>
   <segment nite:id="Bmr013.segment.558" starttime="925.672" endtime="926.112" participant="fe016" timing-provenance="dialogueact">
      <nite:child href="Bmr013.G.words.xml#id(Bmr013.w.3,724)..id(Bmr013.w.3,725)"/>
   </segment>
   <segment nite:id="Bmr013.segment.559" starttime="926.708" endtime="928.468" participant="fe016" timing-provenance="dialogueact">
      <nite:child href="Bmr013.G.words.xml#id(Bmr013.w.3,726)..id(Bmr013.w.3,732)"/>
   </segment>
   <segment nite:id="Bmr013.segment.560" starttime="928.952" endtime="929.632" participant="fe016" timing-provenance="dialogueact">
      <nite:child href="Bmr013.G.words.xml#id(Bmr013.w.3,733)..id(Bmr013.w.3,734)"/>
   </segment>
   <segment nite:id="Bmr013.segment.561" starttime="930.138" endtime="932.628" participant="fe016" timing-provenance="dialogueact">
      <nite:child href="Bmr013.G.words.xml#id(Bmr013.w.3,735)..id(Bmr013.w.3,741)"/>
   </segment>
   <segment nite:id="Bmr013.segment.562" starttime="933.028" endtime="936.838" participant="fe016" timing-provenance="dialogueact">
      <nite:child href="Bmr013.G.words.xml#id(Bmr013.w.3,742)..id(Bmr013.w.3,755)"/>
   </segment>
   <segment nite:id="Bmr013.segment.563" starttime="937.402" endtime="938.332" participant="fe016" timing-provenance="dialogueact">
      <nite:child href="Bmr013.G.words.xml#id(Bmr013.w.3,756)..id(Bmr013.w.3,757)"/>
   </segment>
   <segment nite:id="Bmr013.segment.597" starttime="1005.3" endtime="1009.33" participant="fe016" timing-provenance="dialogueact">
      <nite:child href="Bmr013.G.words.xml#id(Bmr013.w.4,074)..id(Bmr013.w.4,092)"/>
   </segment>
   <segment nite:id="Bmr013.segment.599" starttime="1009.83" endtime="1013.99" participant="fe016" timing-provenance="dialogueact">
      <nite:child href="Bmr013.G.words.xml#id(Bmr013.w.4,095)..id(Bmr013.w.4,116)"/>
   </segment>
   <segment nite:id="Bmr013.segment.601" starttime="1014.43" endtime="1015.45" participant="fe016" timing-provenance="dialogueact">
      <nite:child href="Bmr013.G.words.xml#id(Bmr013.w.4,119)..id(Bmr013.w.4,125)"/>
   </segment>
   <segment nite:id="Bmr013.segment.602" starttime="1015.743" endtime="1018.114" participant="fe016" timing-provenance="segment">
      <nite:child href="Bmr013.G.words.xml#id(Bmr013.w.4,126)..id(Bmr013.disfmarker.125)"/>
   </segment>
   <segment nite:id="Bmr013.segment.603" starttime="1018.49" endtime="1022.51" participant="fe016" timing-provenance="dialogueact">
      <nite:child href="Bmr013.G.words.xml#id(Bmr013.w.4,132)..id(Bmr013.w.4,145)"/>
   </segment>
   <segment nite:id="Bmr013.segment.604" starttime="1023.09" endtime="1028.03" participant="fe016" timing-provenance="dialogueact">
      <nite:child href="Bmr013.G.words.xml#id(Bmr013.w.4,146)..id(Bmr013.w.4,167)"/>
   </segment>
   <segment nite:id="Bmr013.segment.605" starttime="1029.638" endtime="1030.79" participant="fe016" timing-provenance="segment">
      <nite:child href="Bmr013.G.words.xml#id(Bmr013.w.4,168)..id(Bmr013.disfmarker.126)"/>
   </segment>
   <segment nite:id="Bmr013.segment.606" starttime="1030.88" endtime="1032.81" participant="fe016" timing-provenance="dialogueact">
      <nite:child href="Bmr013.G.words.xml#id(Bmr013.w.4,171)..id(Bmr013.w.4,176)"/>
   </segment>
   <segment nite:id="Bmr013.segment.607" starttime="1032.89" endtime="1037.35" participant="fe016" timing-provenance="dialogueact">
      <nite:child href="Bmr013.G.words.xml#id(Bmr013.w.4,177)..id(Bmr013.w.4,198)"/>
   </segment>
   <segment nite:id="Bmr013.segment.610" starttime="1037.72" endtime="1038.6" participant="fe016" timing-provenance="dialogueact">
      <nite:child href="Bmr013.G.words.xml#id(Bmr013.w.4,205)..id(Bmr013.w.4,208)"/>
   </segment>
   <segment nite:id="Bmr013.segment.611" starttime="1038.83" endtime="1040.41" participant="fe016" timing-provenance="dialogueact">
      <nite:child href="Bmr013.G.words.xml#id(Bmr013.w.4,209)..id(Bmr013.w.4,215)"/>
   </segment>
   <segment nite:id="Bmr013.segment.613" starttime="1041.549" endtime="1043.922" participant="fe016" timing-provenance="segment">
      <nite:child href="Bmr013.G.words.xml#id(Bmr013.w.4,218)..id(Bmr013.disfmarker.127)"/>
   </segment>
   <segment nite:id="Bmr013.segment.614" starttime="1044.08" endtime="1046.21" participant="fe016" timing-provenance="dialogueact">
      <nite:child href="Bmr013.G.words.xml#id(Bmr013.w.4,227)..id(Bmr013.w.4,236)"/>
   </segment>
   <segment nite:id="Bmr013.segment.620" starttime="1055.13" endtime="1055.58" participant="fe016" timing-provenance="dialogueact">
      <nite:child href="Bmr013.G.words.xml#id(Bmr013.w.4,276)..id(Bmr013.w.4,277)"/>
   </segment>
   <segment nite:id="Bmr013.segment.621" starttime="1055.78" endtime="1056.27" participant="fe016" timing-provenance="dialogueact">
      <nite:child href="Bmr013.G.words.xml#id(Bmr013.w.4,278)..id(Bmr013.w.4,284)"/>
   </segment>
   <segment nite:id="Bmr013.segment.622" starttime="1056.57" endtime="1057.17" participant="fe016" timing-provenance="dialogueact">
      <nite:child href="Bmr013.G.words.xml#id(Bmr013.w.4,285)..id(Bmr013.w.4,286)"/>
   </segment>
   <segment nite:id="Bmr013.segment.625" starttime="1057.7" endtime="1058.24" participant="fe016" timing-provenance="dialogueact">
      <nite:child href="Bmr013.G.words.xml#id(Bmr013.w.4,292)..id(Bmr013.w.4,293)"/>
   </segment>
   <segment nite:id="Bmr013.segment.627" starttime="1058.86" endtime="1061.59" participant="fe016" timing-provenance="dialogueact">
      <nite:child href="Bmr013.G.words.xml#id(Bmr013.w.4,304)..id(Bmr013.w.4,315)"/>
   </segment>
   <segment nite:id="Bmr013.segment.628" starttime="1061.77" endtime="1061.9" participant="fe016" timing-provenance="dialogueact">
      <nite:child href="Bmr013.G.words.xml#id(Bmr013.w.4,316)..id(Bmr013.w.4,317)"/>
   </segment>
   <segment nite:id="Bmr013.segment.629" starttime="1062.55" endtime="1063.68" participant="fe016" timing-provenance="dialogueact">
      <nite:child href="Bmr013.G.words.xml#id(Bmr013.w.4,318)..id(Bmr013.w.4,325)"/>
   </segment>
   <segment nite:id="Bmr013.segment.630" starttime="1064.41" endtime="1065.33" participant="fe016" timing-provenance="dialogueact">
      <nite:child href="Bmr013.G.words.xml#id(Bmr013.w.4,326)..id(Bmr013.w.4,330)"/>
   </segment>
   <segment nite:id="Bmr013.segment.638" starttime="1081.54" endtime="1081.91" participant="fe016" timing-provenance="dialogueact">
      <nite:child href="Bmr013.G.words.xml#id(Bmr013.w.4,407)..id(Bmr013.w.4,410)"/>
   </segment>
   <segment nite:id="Bmr013.segment.647" starttime="1091.23" endtime="1091.6" participant="fe016" timing-provenance="dialogueact">
      <nite:child href="Bmr013.G.words.xml#id(Bmr013.w.4,493)..id(Bmr013.w.4,494)"/>
   </segment>
   <segment nite:id="Bmr013.segment.648" starttime="1092.03" endtime="1092.28" participant="fe016" timing-provenance="dialogueact">
      <nite:child href="Bmr013.G.words.xml#id(Bmr013.w.4,495)..id(Bmr013.w.4,496)"/>
   </segment>
   <segment nite:id="Bmr013.segment.649" starttime="1092.76" endtime="1093.05" participant="fe016" timing-provenance="dialogueact">
      <nite:child href="Bmr013.G.words.xml#id(Bmr013.w.4,497)..id(Bmr013.w.4,498)"/>
   </segment>
   <segment nite:id="Bmr013.segment.650" starttime="1093.48" endtime="1096.55" participant="fe016" timing-provenance="dialogueact">
      <nite:child href="Bmr013.G.words.xml#id(Bmr013.w.4,499)..id(Bmr013.w.4,514)"/>
   </segment>
   <segment nite:id="Bmr013.segment.654" starttime="1097.01" endtime="1099.55" participant="fe016" timing-provenance="dialogueact">
      <nite:child href="Bmr013.G.words.xml#id(Bmr013.w.4,520)..id(Bmr013.w.4,529)"/>
   </segment>
   <segment nite:id="Bmr013.segment.655" starttime="1099.88" endtime="1103.66" participant="fe016" timing-provenance="dialogueact">
      <nite:child href="Bmr013.G.words.xml#id(Bmr013.w.4,530)..id(Bmr013.w.4,548)"/>
   </segment>
   <segment nite:id="Bmr013.segment.658" starttime="1103.952" endtime="1106.264" participant="fe016" timing-provenance="segment">
      <nite:child href="Bmr013.G.words.xml#id(Bmr013.w.4,555)..id(Bmr013.disfmarker.138)"/>
   </segment>
   <segment nite:id="Bmr013.segment.659" starttime="1106.69" endtime="1108.63" participant="fe016" timing-provenance="dialogueact">
      <nite:child href="Bmr013.G.words.xml#id(Bmr013.w.4,569)..id(Bmr013.w.4,581)"/>
   </segment>
   <segment nite:id="Bmr013.segment.662" starttime="1109.048" endtime="1110.323" participant="fe016" timing-provenance="segment">
      <nite:child href="Bmr013.G.words.xml#id(Bmr013.w.4,590)..id(Bmr013.disfmarker.139)"/>
   </segment>
   <segment nite:id="Bmr013.segment.664" starttime="1110.802" endtime="1111.26" participant="fe016" timing-provenance="segment">
      <nite:child href="Bmr013.G.words.xml#id(Bmr013.nonvocalsound.8)..id(Bmr013.w.4,597)"/>
   </segment>
   <segment nite:id="Bmr013.segment.666" starttime="1111.26" endtime="1112.14" participant="fe016" timing-provenance="segment">
      <nite:child href="Bmr013.G.words.xml#id(Bmr013.nonvocalsound.9)"/>
   </segment>
   <segment nite:id="Bmr013.segment.668" starttime="1112.14" endtime="1112.593" participant="fe016" timing-provenance="segment">
      <nite:child href="Bmr013.G.words.xml#id(Bmr013.w.4,604)..id(Bmr013.nonvocalsound.10)"/>
   </segment>
   <segment nite:id="Bmr013.segment.672" starttime="1113.051" endtime="1113.31" participant="fe016" timing-provenance="segment">
      <nite:child href="Bmr013.G.words.xml#id(Bmr013.nonvocalsound.11)..id(Bmr013.w.4,623)"/>
   </segment>
   <segment nite:id="Bmr013.segment.674" starttime="1113.31" endtime="1123.571" participant="fe016" timing-provenance="segment">
      <nite:child href="Bmr013.G.words.xml#id(Bmr013.pause.8)..id(Bmr013.nonvocalsound.12)"/>
   </segment>
   <segment nite:id="Bmr013.segment.681" starttime="1123.65" endtime="1125.52" participant="fe016" timing-provenance="dialogueact">
      <nite:child href="Bmr013.G.words.xml#id(Bmr013.w.4,668)..id(Bmr013.w.4,676)"/>
   </segment>
   <segment nite:id="Bmr013.segment.682" starttime="1126.02" endtime="1130.98" participant="fe016" timing-provenance="dialogueact">
      <nite:child href="Bmr013.G.words.xml#id(Bmr013.w.4,677)..id(Bmr013.w.4,703)"/>
   </segment>
   <segment nite:id="Bmr013.segment.685" starttime="1132.139" endtime="1132.992" participant="fe016" timing-provenance="segment">
      <nite:child href="Bmr013.G.words.xml#id(Bmr013.w.4,720)..id(Bmr013.disfmarker.142)"/>
   </segment>
   <segment nite:id="Bmr013.segment.686" starttime="1135.659" endtime="1135.918" participant="fe016" timing-provenance="segment">
      <nite:child href="Bmr013.G.words.xml#id(Bmr013.nonvocalsound.13)"/>
   </segment>
   <segment nite:id="Bmr013.segment.688" starttime="1140.19" endtime="1140.64" participant="fe016" timing-provenance="dialogueact">
      <nite:child href="Bmr013.G.words.xml#id(Bmr013.w.4,735)..id(Bmr013.w.4,736)"/>
   </segment>
   <segment nite:id="Bmr013.segment.690" starttime="1140.94" endtime="1142.72" participant="fe016" timing-provenance="dialogueact">
      <nite:child href="Bmr013.G.words.xml#id(Bmr013.w.4,739)..id(Bmr013.w.4,746)"/>
   </segment>
   <segment nite:id="Bmr013.segment.691" starttime="1142.83" endtime="1143.14" participant="fe016" timing-provenance="dialogueact">
      <nite:child href="Bmr013.G.words.xml#id(Bmr013.w.4,747)..id(Bmr013.w.4,748)"/>
   </segment>
   <segment nite:id="Bmr013.segment.693" starttime="1143.39" endtime="1145.35" participant="fe016" timing-provenance="dialogueact">
      <nite:child href="Bmr013.G.words.xml#id(Bmr013.w.4,751)..id(Bmr013.w.4,761)"/>
   </segment>
   <segment nite:id="Bmr013.segment.769" starttime="1305.92" endtime="1309.45" participant="fe016" timing-provenance="dialogueact">
      <nite:child href="Bmr013.G.words.xml#id(Bmr013.w.5,476)..id(Bmr013.w.5,492)"/>
   </segment>
   <segment nite:id="Bmr013.segment.774" starttime="1309.721" endtime="1311.136" participant="fe016" timing-provenance="segment">
      <nite:child href="Bmr013.G.words.xml#id(Bmr013.w.5,515)..id(Bmr013.disfmarker.170)"/>
   </segment>
   <segment nite:id="Bmr013.segment.777" starttime="1312.77" endtime="1313.31" participant="fe016" timing-provenance="dialogueact">
      <nite:child href="Bmr013.G.words.xml#id(Bmr013.w.5,531)..id(Bmr013.w.5,532)"/>
   </segment>
   <segment nite:id="Bmr013.segment.821" starttime="1383.9" endtime="1387.1" participant="fe016" timing-provenance="dialogueact">
      <nite:child href="Bmr013.G.words.xml#id(Bmr013.w.5,889)..id(Bmr013.w.5,905)"/>
   </segment>
   <segment nite:id="Bmr013.segment.825" starttime="1388.34" endtime="1390.36" participant="fe016" timing-provenance="dialogueact">
      <nite:child href="Bmr013.G.words.xml#id(Bmr013.w.5,914)..id(Bmr013.w.5,922)"/>
   </segment>
   <segment nite:id="Bmr013.segment.826" starttime="1390.8" endtime="1391.27" participant="fe016" timing-provenance="dialogueact">
      <nite:child href="Bmr013.G.words.xml#id(Bmr013.w.5,923)..id(Bmr013.w.5,924)"/>
   </segment>
   <segment nite:id="Bmr013.segment.827" starttime="1391.57" endtime="1392.93" participant="fe016" timing-provenance="dialogueact">
      <nite:child href="Bmr013.G.words.xml#id(Bmr013.w.5,925)..id(Bmr013.w.5,930)"/>
   </segment>
   <segment nite:id="Bmr013.segment.828" starttime="1393.35" endtime="1393.97" participant="fe016" timing-provenance="dialogueact">
      <nite:child href="Bmr013.G.words.xml#id(Bmr013.w.5,931)..id(Bmr013.w.5,933)"/>
   </segment>
   <segment nite:id="Bmr013.segment.830" starttime="1394.42" endtime="1395.86" participant="fe016" timing-provenance="dialogueact">
      <nite:child href="Bmr013.G.words.xml#id(Bmr013.w.5,936)..id(Bmr013.w.5,945)"/>
   </segment>
   <segment nite:id="Bmr013.segment.831" starttime="1396.17" endtime="1396.45" participant="fe016" timing-provenance="dialogueact">
      <nite:child href="Bmr013.G.words.xml#id(Bmr013.w.5,946)..id(Bmr013.w.5,947)"/>
   </segment>
   <segment nite:id="Bmr013.segment.832" starttime="1396.514" endtime="1400.101" participant="fe016" timing-provenance="segment">
      <nite:child href="Bmr013.G.words.xml#id(Bmr013.w.5,948)..id(Bmr013.disfmarker.182)"/>
   </segment>
   <segment nite:id="Bmr013.segment.834" starttime="1400.58" endtime="1401.9" participant="fe016" timing-provenance="dialogueact">
      <nite:child href="Bmr013.G.words.xml#id(Bmr013.w.5,965)..id(Bmr013.w.5,970)"/>
   </segment>
   <segment nite:id="Bmr013.segment.837" starttime="1402.99" endtime="1409.19" participant="fe016" timing-provenance="dialogueact">
      <nite:child href="Bmr013.G.words.xml#id(Bmr013.w.5,981)..id(Bmr013.w.6,008)"/>
   </segment>
   <segment nite:id="Bmr013.segment.846" starttime="1418.26" endtime="1418.62" participant="fe016" timing-provenance="dialogueact">
      <nite:child href="Bmr013.G.words.xml#id(Bmr013.w.6,071)..id(Bmr013.w.6,072)"/>
   </segment>
   <segment nite:id="Bmr013.segment.863" starttime="1443.377" endtime="1444.294" participant="fe016" timing-provenance="segment">
      <nite:child href="Bmr013.G.words.xml#id(Bmr013.vocalsound.120)"/>
   </segment>
   <segment nite:id="Bmr013.segment.882" starttime="1466.0" endtime="1466.36" participant="fe016" timing-provenance="dialogueact">
      <nite:child href="Bmr013.G.words.xml#id(Bmr013.w.6,303)..id(Bmr013.w.6,304)"/>
   </segment>
   <segment nite:id="Bmr013.segment.885" starttime="1466.567" endtime="1466.945" participant="fe016" timing-provenance="segment">
      <nite:child href="Bmr013.G.words.xml#id(Bmr013.w.6,322)..id(Bmr013.disfmarker.196)"/>
   </segment>
   <segment nite:id="Bmr013.segment.886" starttime="1467.125" endtime="1467.444" participant="fe016" timing-provenance="segment">
      <nite:child href="Bmr013.G.words.xml#id(Bmr013.nonvocalsound.14)"/>
   </segment>
   <segment nite:id="Bmr013.segment.889" starttime="1471.132" endtime="1471.531" participant="fe016" timing-provenance="segment">
      <nite:child href="Bmr013.G.words.xml#id(Bmr013.nonvocalsound.15)"/>
   </segment>
   <segment nite:id="Bmr013.segment.891" starttime="1474.97" endtime="1476.052" participant="fe016" timing-provenance="segment">
      <nite:child href="Bmr013.G.words.xml#id(Bmr013.w.6,348)..id(Bmr013.disfmarker.199)"/>
   </segment>
   <segment nite:id="Bmr013.segment.893" starttime="1476.58" endtime="1477.42" participant="fe016" timing-provenance="dialogueact">
      <nite:child href="Bmr013.G.words.xml#id(Bmr013.w.6,353)..id(Bmr013.w.6,359)"/>
   </segment>
   <segment nite:id="Bmr013.segment.902" starttime="1484.8" endtime="1486.44" participant="fe016" timing-provenance="dialogueact">
      <nite:child href="Bmr013.G.words.xml#id(Bmr013.w.6,389)..id(Bmr013.w.6,397)"/>
   </segment>
   <segment nite:id="Bmr013.segment.903" starttime="1486.71" endtime="1487.21" participant="fe016" timing-provenance="dialogueact">
      <nite:child href="Bmr013.G.words.xml#id(Bmr013.w.6,398)..id(Bmr013.w.6,399)"/>
   </segment>
   <segment nite:id="Bmr013.segment.904" starttime="1488.03" endtime="1489.54" participant="fe016" timing-provenance="dialogueact">
      <nite:child href="Bmr013.G.words.xml#id(Bmr013.w.6,400)..id(Bmr013.w.6,403)"/>
   </segment>
   <segment nite:id="Bmr013.segment.905" starttime="1490.062" endtime="1496.143" participant="fe016" timing-provenance="segment">
      <nite:child href="Bmr013.G.words.xml#id(Bmr013.w.6,404)..id(Bmr013.vocalsound.127)"/>
   </segment>
   <segment nite:id="Bmr013.segment.907" starttime="1496.143" endtime="1496.739" participant="fe016" timing-provenance="segment">
      <nite:child href="Bmr013.G.words.xml#id(Bmr013.w.6,430)..id(Bmr013.vocalsound.129)"/>
   </segment>
   <segment nite:id="Bmr013.segment.909" starttime="1496.97" endtime="1501.2" participant="fe016" timing-provenance="dialogueact">
      <nite:child href="Bmr013.G.words.xml#id(Bmr013.w.6,433)..id(Bmr013.w.6,448)"/>
   </segment>
   <segment nite:id="Bmr013.segment.911" starttime="1501.38" endtime="1503.31" participant="fe016" timing-provenance="dialogueact">
      <nite:child href="Bmr013.G.words.xml#id(Bmr013.w.6,449)..id(Bmr013.w.6,460)"/>
   </segment>
   <segment nite:id="Bmr013.segment.912" starttime="1503.41" endtime="1507.49" participant="fe016" timing-provenance="dialogueact">
      <nite:child href="Bmr013.G.words.xml#id(Bmr013.w.6,461)..id(Bmr013.w.6,476)"/>
   </segment>
   <segment nite:id="Bmr013.segment.914" starttime="1507.54" endtime="1510.24" participant="fe016" timing-provenance="dialogueact">
      <nite:child href="Bmr013.G.words.xml#id(Bmr013.w.6,481)..id(Bmr013.w.6,501)"/>
   </segment>
   <segment nite:id="Bmr013.segment.917" starttime="1510.33" endtime="1510.708" participant="fe016" timing-provenance="segment">
      <nite:child href="Bmr013.G.words.xml#id(Bmr013.w.6,502)..id(Bmr013.w.6,505)"/>
   </segment>
   <segment nite:id="Bmr013.segment.919" starttime="1510.927" endtime="1511.306" participant="fe016" timing-provenance="segment">
      <nite:child href="Bmr013.G.words.xml#id(Bmr013.w.6,506)..id(Bmr013.comment.13)"/>
   </segment>
   <segment nite:id="Bmr013.segment.920" starttime="1511.306" endtime="1511.964" participant="fe016" timing-provenance="segment">
      <nite:child href="Bmr013.G.words.xml#id(Bmr013.w.6,509)..id(Bmr013.comment.14)"/>
   </segment>
   <segment nite:id="Bmr013.segment.921" starttime="1512.79" endtime="1514.88" participant="fe016" timing-provenance="dialogueact">
      <nite:child href="Bmr013.G.words.xml#id(Bmr013.w.6,516)..id(Bmr013.w.6,524)"/>
   </segment>
   <segment nite:id="Bmr013.segment.927" starttime="1515.87" endtime="1516.4" participant="fe016" timing-provenance="dialogueact">
      <nite:child href="Bmr013.G.words.xml#id(Bmr013.w.6,531)..id(Bmr013.w.6,534)"/>
   </segment>
   <segment nite:id="Bmr013.segment.980" starttime="1619.401" endtime="1619.938" participant="fe016" timing-provenance="segment">
      <nite:child href="Bmr013.G.words.xml#id(Bmr013.vocalsound.149)"/>
   </segment>
   <segment nite:id="Bmr013.segment.1,064" starttime="1767.41" endtime="1769.88" participant="fe016" timing-provenance="dialogueact">
      <nite:child href="Bmr013.G.words.xml#id(Bmr013.w.7,621)..id(Bmr013.w.7,631)"/>
   </segment>
   <segment nite:id="Bmr013.segment.1,065" starttime="1770.17" endtime="1770.58" participant="fe016" timing-provenance="dialogueact">
      <nite:child href="Bmr013.G.words.xml#id(Bmr013.w.7,632)..id(Bmr013.w.7,633)"/>
   </segment>
   <segment nite:id="Bmr013.segment.1,066" starttime="1771.34" endtime="1777.28" participant="fe016" timing-provenance="dialogueact">
      <nite:child href="Bmr013.G.words.xml#id(Bmr013.w.7,634)..id(Bmr013.w.7,656)"/>
   </segment>
   <segment nite:id="Bmr013.segment.1,067" starttime="1777.28" endtime="1780.0" participant="fe016" timing-provenance="dialogueact">
      <nite:child href="Bmr013.G.words.xml#id(Bmr013.w.7,657)..id(Bmr013.w.7,671)"/>
   </segment>
   <segment nite:id="Bmr013.segment.1,069" starttime="1780.49" endtime="1781.96" participant="fe016" timing-provenance="dialogueact">
      <nite:child href="Bmr013.G.words.xml#id(Bmr013.w.7,674)..id(Bmr013.w.7,681)"/>
   </segment>
   <segment nite:id="Bmr013.segment.1,070" starttime="1782.458" endtime="1783.614" participant="fe016" timing-provenance="segment">
      <nite:child href="Bmr013.G.words.xml#id(Bmr013.w.7,682)..id(Bmr013.disfmarker.270)"/>
   </segment>
   <segment nite:id="Bmr013.segment.1,071" starttime="1783.81" endtime="1784.66" participant="fe016" timing-provenance="dialogueact">
      <nite:child href="Bmr013.G.words.xml#id(Bmr013.w.7,687)..id(Bmr013.w.7,690)"/>
   </segment>
   <segment nite:id="Bmr013.segment.1,072" starttime="1785.11" endtime="1786.4" participant="fe016" timing-provenance="dialogueact">
      <nite:child href="Bmr013.G.words.xml#id(Bmr013.w.7,691)..id(Bmr013.w.7,696)"/>
   </segment>
   <segment nite:id="Bmr013.segment.1,073" starttime="1786.92" endtime="1787.38" participant="fe016" timing-provenance="dialogueact">
      <nite:child href="Bmr013.G.words.xml#id(Bmr013.w.7,697)..id(Bmr013.w.7,698)"/>
   </segment>
   <segment nite:id="Bmr013.segment.1,074" starttime="1788.13" endtime="1790.33" participant="fe016" timing-provenance="dialogueact">
      <nite:child href="Bmr013.G.words.xml#id(Bmr013.w.7,699)..id(Bmr013.w.7,706)"/>
   </segment>
   <segment nite:id="Bmr013.segment.1,076" starttime="1790.6" endtime="1791.97" participant="fe016" timing-provenance="dialogueact">
      <nite:child href="Bmr013.G.words.xml#id(Bmr013.w.7,711)..id(Bmr013.w.7,713)"/>
   </segment>
   <segment nite:id="Bmr013.segment.1,077" starttime="1792.503" endtime="1792.97" participant="fe016" timing-provenance="segment">
      <nite:child href="Bmr013.G.words.xml#id(Bmr013.vocalsound.160)..id(Bmr013.nonvocalsound.16)"/>
   </segment>
   <segment nite:id="Bmr013.segment.1,078" starttime="1793.05" endtime="1795.0" participant="fe016" timing-provenance="dialogueact">
      <nite:child href="Bmr013.G.words.xml#id(Bmr013.w.7,714)..id(Bmr013.w.7,720)"/>
   </segment>
   <segment nite:id="Bmr013.segment.1,081" starttime="1795.53" endtime="1797.56" participant="fe016" timing-provenance="dialogueact">
      <nite:child href="Bmr013.G.words.xml#id(Bmr013.w.7,725)..id(Bmr013.w.7,732)"/>
   </segment>
   <segment nite:id="Bmr013.segment.1,083" starttime="1798.09" endtime="1799.01" participant="fe016" timing-provenance="dialogueact">
      <nite:child href="Bmr013.G.words.xml#id(Bmr013.w.7,738)..id(Bmr013.w.7,741)"/>
   </segment>
   <segment nite:id="Bmr013.segment.1,085" starttime="1799.47" endtime="1800.03" participant="fe016" timing-provenance="dialogueact">
      <nite:child href="Bmr013.G.words.xml#id(Bmr013.w.7,744)..id(Bmr013.w.7,746)"/>
   </segment>
   <segment nite:id="Bmr013.segment.1,086" starttime="1800.75" endtime="1801.82" participant="fe016" timing-provenance="dialogueact">
      <nite:child href="Bmr013.G.words.xml#id(Bmr013.w.7,747)..id(Bmr013.w.7,750)"/>
   </segment>
   <segment nite:id="Bmr013.segment.1,087" starttime="1802.0" endtime="1802.96" participant="fe016" timing-provenance="dialogueact">
      <nite:child href="Bmr013.G.words.xml#id(Bmr013.w.7,751)..id(Bmr013.w.7,753)"/>
   </segment>
   <segment nite:id="Bmr013.segment.1,088" starttime="1803.64" endtime="1804.16" participant="fe016" timing-provenance="dialogueact">
      <nite:child href="Bmr013.G.words.xml#id(Bmr013.w.7,754)..id(Bmr013.w.7,755)"/>
   </segment>
   <segment nite:id="Bmr013.segment.1,090" starttime="1804.834" endtime="1810.413" participant="fe016" timing-provenance="segment">
      <nite:child href="Bmr013.G.words.xml#id(Bmr013.w.7,762)..id(Bmr013.disfmarker.273)"/>
   </segment>
   <segment nite:id="Bmr013.segment.1,091" starttime="1810.63" endtime="1811.67" participant="fe016" timing-provenance="dialogueact">
      <nite:child href="Bmr013.G.words.xml#id(Bmr013.w.7,793)..id(Bmr013.w.7,801)"/>
   </segment>
   <segment nite:id="Bmr013.segment.1,093" starttime="1812.01" endtime="1813.37" participant="fe016" timing-provenance="dialogueact">
      <nite:child href="Bmr013.G.words.xml#id(Bmr013.w.7,805)..id(Bmr013.w.7,811)"/>
   </segment>
   <segment nite:id="Bmr013.segment.1,094" starttime="1813.75" endtime="1816.17" participant="fe016" timing-provenance="dialogueact">
      <nite:child href="Bmr013.G.words.xml#id(Bmr013.w.7,812)..id(Bmr013.w.7,822)"/>
   </segment>
   <segment nite:id="Bmr013.segment.1,096" starttime="1816.84" endtime="1817.58" participant="fe016" timing-provenance="dialogueact">
      <nite:child href="Bmr013.G.words.xml#id(Bmr013.w.7,824)..id(Bmr013.w.7,828)"/>
   </segment>
   <segment nite:id="Bmr013.segment.1,098" starttime="1820.98" endtime="1821.4" participant="fe016" timing-provenance="dialogueact">
      <nite:child href="Bmr013.G.words.xml#id(Bmr013.w.7,863)..id(Bmr013.w.7,864)"/>
   </segment>
   <segment nite:id="Bmr013.segment.1,099" starttime="1828.33" endtime="1828.61" participant="fe016" timing-provenance="dialogueact">
      <nite:child href="Bmr013.G.words.xml#id(Bmr013.w.7,865)..id(Bmr013.w.7,866)"/>
   </segment>
   <segment nite:id="Bmr013.segment.1,103" starttime="1833.2" endtime="1833.52" participant="fe016" timing-provenance="dialogueact">
      <nite:child href="Bmr013.G.words.xml#id(Bmr013.w.7,897)..id(Bmr013.w.7,898)"/>
   </segment>
   <segment nite:id="Bmr013.segment.1,105" starttime="1834.25" endtime="1837.42" participant="fe016" timing-provenance="dialogueact">
      <nite:child href="Bmr013.G.words.xml#id(Bmr013.w.7,902)..id(Bmr013.w.7,920)"/>
   </segment>
   <segment nite:id="Bmr013.segment.1,108" starttime="1837.51" endtime="1839.2" participant="fe016" timing-provenance="dialogueact">
      <nite:child href="Bmr013.G.words.xml#id(Bmr013.w.7,925)..id(Bmr013.w.7,931)"/>
   </segment>
   <segment nite:id="Bmr013.segment.1,109" starttime="1839.62" endtime="1844.49" participant="fe016" timing-provenance="dialogueact">
      <nite:child href="Bmr013.G.words.xml#id(Bmr013.w.7,932)..id(Bmr013.w.7,952)"/>
   </segment>
   <segment nite:id="Bmr013.segment.1,113" starttime="1844.94" endtime="1847.79" participant="fe016" timing-provenance="dialogueact">
      <nite:child href="Bmr013.G.words.xml#id(Bmr013.w.7,968)..id(Bmr013.w.7,984)"/>
   </segment>
   <segment nite:id="Bmr013.segment.1,116" starttime="1848.87" endtime="1850.64" participant="fe016" timing-provenance="dialogueact">
      <nite:child href="Bmr013.G.words.xml#id(Bmr013.w.7,991)..id(Bmr013.w.8,000)"/>
   </segment>
   <segment nite:id="Bmr013.segment.1,118" starttime="1851.36" endtime="1852.08" participant="fe016" timing-provenance="dialogueact">
      <nite:child href="Bmr013.G.words.xml#id(Bmr013.w.8,005)..id(Bmr013.w.8,009)"/>
   </segment>
   <segment nite:id="Bmr013.segment.1,163" starttime="1953.67" endtime="1954.98" participant="fe016" timing-provenance="dialogueact">
      <nite:child href="Bmr013.G.words.xml#id(Bmr013.w.8,417)..id(Bmr013.w.8,423)"/>
   </segment>
   <segment nite:id="Bmr013.segment.1,164" starttime="1955.87" endtime="1956.83" participant="fe016" timing-provenance="dialogueact">
      <nite:child href="Bmr013.G.words.xml#id(Bmr013.w.8,424)..id(Bmr013.w.8,428)"/>
   </segment>
   <segment nite:id="Bmr013.segment.1,165" starttime="1957.18" endtime="1959.52" participant="fe016" timing-provenance="dialogueact">
      <nite:child href="Bmr013.G.words.xml#id(Bmr013.w.8,429)..id(Bmr013.w.8,442)"/>
   </segment>
   <segment nite:id="Bmr013.segment.1,168" starttime="1970.09" endtime="1971.98" participant="fe016" timing-provenance="dialogueact">
      <nite:child href="Bmr013.G.words.xml#id(Bmr013.w.8,491)..id(Bmr013.w.8,500)"/>
   </segment>
   <segment nite:id="Bmr013.segment.1,198" starttime="2012.5" endtime="2014.62" participant="fe016" timing-provenance="dialogueact">
      <nite:child href="Bmr013.G.words.xml#id(Bmr013.w.8,749)..id(Bmr013.w.8,757)"/>
   </segment>
   <segment nite:id="Bmr013.segment.1,202" starttime="2015.044" endtime="2015.582" participant="fe016" timing-provenance="segment">
      <nite:child href="Bmr013.G.words.xml#id(Bmr013.w.8,788)..id(Bmr013.disfmarker.326)"/>
   </segment>
   <segment nite:id="Bmr013.segment.1,240" starttime="2084.29" endtime="2085.45" participant="fe016" timing-provenance="dialogueact">
      <nite:child href="Bmr013.G.words.xml#id(Bmr013.w.9,109)..id(Bmr013.w.9,116)"/>
   </segment>
   <segment nite:id="Bmr013.segment.1,241" starttime="2085.81" endtime="2087.05" participant="fe016" timing-provenance="dialogueact">
      <nite:child href="Bmr013.G.words.xml#id(Bmr013.w.9,117)..id(Bmr013.w.9,125)"/>
   </segment>
   <segment nite:id="Bmr013.segment.1,243" starttime="2087.4" endtime="2087.66" participant="fe016" timing-provenance="dialogueact">
      <nite:child href="Bmr013.G.words.xml#id(Bmr013.w.9,136)..id(Bmr013.w.9,137)"/>
   </segment>
   <segment nite:id="Bmr013.segment.1,244" starttime="2087.9" endtime="2088.22" participant="fe016" timing-provenance="dialogueact">
      <nite:child href="Bmr013.G.words.xml#id(Bmr013.w.9,138)..id(Bmr013.w.9,139)"/>
   </segment>
   <segment nite:id="Bmr013.segment.1,246" starttime="2089.172" endtime="2089.926" participant="fe016" timing-provenance="segment">
      <nite:child href="Bmr013.G.words.xml#id(Bmr013.w.9,160)..id(Bmr013.disfmarker.337)"/>
   </segment>
   <segment nite:id="Bmr013.segment.1,258" starttime="2116.944" endtime="2117.413" participant="fe016" timing-provenance="segment">
      <nite:child href="Bmr013.G.words.xml#id(Bmr013.vocalsound.163)"/>
   </segment>
   <segment nite:id="Bmr013.segment.1,262" starttime="2119.29" endtime="2120.3" participant="fe016" timing-provenance="dialogueact">
      <nite:child href="Bmr013.G.words.xml#id(Bmr013.w.9,262)..id(Bmr013.w.9,268)"/>
   </segment>
   <segment nite:id="Bmr013.segment.1,266" starttime="2123.582" endtime="2125.457" participant="fe016" timing-provenance="segment">
      <nite:child href="Bmr013.G.words.xml#id(Bmr013.w.9,291)..id(Bmr013.vocalsound.164)"/>
   </segment>
   <segment nite:id="Bmr013.segment.1,269" starttime="2125.457" endtime="2126.334" participant="fe016" timing-provenance="segment">
      <nite:child href="Bmr013.G.words.xml#id(Bmr013.vocalsound.166)"/>
   </segment>
   <segment nite:id="Bmr013.segment.1,270" starttime="2126.832" endtime="2127.27" participant="fe016" timing-provenance="segment">
      <nite:child href="Bmr013.G.words.xml#id(Bmr013.vocalsound.167)"/>
   </segment>
   <segment nite:id="Bmr013.segment.1,325" starttime="2226.64" endtime="2226.99" participant="fe016" timing-provenance="dialogueact">
      <nite:child href="Bmr013.G.words.xml#id(Bmr013.w.9,718)..id(Bmr013.w.9,719)"/>
   </segment>
   <segment nite:id="Bmr013.segment.1,327" starttime="2228.52" endtime="2229.384" participant="fe016" timing-provenance="segment">
      <nite:child href="Bmr013.G.words.xml#id(Bmr013.w.9,733)..id(Bmr013.disfmarker.349)"/>
   </segment>
   <segment nite:id="Bmr013.segment.1,328" starttime="2229.72" endtime="2230.06" participant="fe016" timing-provenance="dialogueact">
      <nite:child href="Bmr013.G.words.xml#id(Bmr013.w.9,736)..id(Bmr013.w.9,737)"/>
   </segment>
   <segment nite:id="Bmr013.segment.1,356" starttime="2289.75" endtime="2291.63" participant="fe016" timing-provenance="dialogueact">
      <nite:child href="Bmr013.G.words.xml#id(Bmr013.w.9,987)..id(Bmr013.w.9,996)"/>
   </segment>
   <segment nite:id="Bmr013.segment.1,357" starttime="2292.17" endtime="2295.01" participant="fe016" timing-provenance="dialogueact">
      <nite:child href="Bmr013.G.words.xml#id(Bmr013.w.9,997)..id(Bmr013.w.10,011)"/>
   </segment>
   <segment nite:id="Bmr013.segment.1,358" starttime="2295.13" endtime="2297.71" participant="fe016" timing-provenance="dialogueact">
      <nite:child href="Bmr013.G.words.xml#id(Bmr013.w.10,012)..id(Bmr013.w.10,021)"/>
   </segment>
   <segment nite:id="Bmr013.segment.1,359" starttime="2298.55" endtime="2299.06" participant="fe016" timing-provenance="dialogueact">
      <nite:child href="Bmr013.G.words.xml#id(Bmr013.w.10,022)..id(Bmr013.w.10,023)"/>
   </segment>
   <segment nite:id="Bmr013.segment.1,360" starttime="2299.11" endtime="2302.6" participant="fe016" timing-provenance="dialogueact">
      <nite:child href="Bmr013.G.words.xml#id(Bmr013.w.10,024)..id(Bmr013.w.10,040)"/>
   </segment>
   <segment nite:id="Bmr013.segment.1,361" starttime="2302.73" endtime="2304.1" participant="fe016" timing-provenance="dialogueact">
      <nite:child href="Bmr013.G.words.xml#id(Bmr013.w.10,041)..id(Bmr013.w.10,047)"/>
   </segment>
   <segment nite:id="Bmr013.segment.1,362" starttime="2304.67" endtime="2305.13" participant="fe016" timing-provenance="dialogueact">
      <nite:child href="Bmr013.G.words.xml#id(Bmr013.w.10,048)..id(Bmr013.w.10,049)"/>
   </segment>
   <segment nite:id="Bmr013.segment.1,363" starttime="2305.98" endtime="2309.81" participant="fe016" timing-provenance="dialogueact">
      <nite:child href="Bmr013.G.words.xml#id(Bmr013.w.10,050)..id(Bmr013.w.10,069)"/>
   </segment>
   <segment nite:id="Bmr013.segment.1,364" starttime="2310.06" endtime="2313.18" participant="fe016" timing-provenance="dialogueact">
      <nite:child href="Bmr013.G.words.xml#id(Bmr013.w.10,070)..id(Bmr013.w.10,084)"/>
   </segment>
   <segment nite:id="Bmr013.segment.1,365" starttime="2314.25" endtime="2318.39" participant="fe016" timing-provenance="dialogueact">
      <nite:child href="Bmr013.G.words.xml#id(Bmr013.w.10,085)..id(Bmr013.w.10,100)"/>
   </segment>
   <segment nite:id="Bmr013.segment.1,366" starttime="2318.87" endtime="2319.51" participant="fe016" timing-provenance="dialogueact">
      <nite:child href="Bmr013.G.words.xml#id(Bmr013.w.10,101)..id(Bmr013.w.10,103)"/>
   </segment>
   <segment nite:id="Bmr013.segment.1,367" starttime="2319.78" endtime="2320.39" participant="fe016" timing-provenance="dialogueact">
      <nite:child href="Bmr013.G.words.xml#id(Bmr013.w.10,104)..id(Bmr013.w.10,105)"/>
   </segment>
   <segment nite:id="Bmr013.segment.1,368" starttime="2320.66" endtime="2325.3" participant="fe016" timing-provenance="dialogueact">
      <nite:child href="Bmr013.G.words.xml#id(Bmr013.w.10,106)..id(Bmr013.w.10,128)"/>
   </segment>
   <segment nite:id="Bmr013.segment.1,370" starttime="2325.83" endtime="2329.85" participant="fe016" timing-provenance="dialogueact">
      <nite:child href="Bmr013.G.words.xml#id(Bmr013.w.10,131)..id(Bmr013.w.10,156)"/>
   </segment>
   <segment nite:id="Bmr013.segment.1,371" starttime="2330.47" endtime="2330.94" participant="fe016" timing-provenance="dialogueact">
      <nite:child href="Bmr013.G.words.xml#id(Bmr013.w.10,157)..id(Bmr013.w.10,158)"/>
   </segment>
   <segment nite:id="Bmr013.segment.1,372" starttime="2331.38" endtime="2334.32" participant="fe016" timing-provenance="dialogueact">
      <nite:child href="Bmr013.G.words.xml#id(Bmr013.w.10,159)..id(Bmr013.w.10,174)"/>
   </segment>
   <segment nite:id="Bmr013.segment.1,373" starttime="2334.53" endtime="2337.42" participant="fe016" timing-provenance="dialogueact">
      <nite:child href="Bmr013.G.words.xml#id(Bmr013.w.10,175)..id(Bmr013.w.10,192)"/>
   </segment>
   <segment nite:id="Bmr013.segment.1,374" starttime="2338.01" endtime="2339.36" participant="fe016" timing-provenance="dialogueact">
      <nite:child href="Bmr013.G.words.xml#id(Bmr013.w.10,193)..id(Bmr013.w.10,203)"/>
   </segment>
   <segment nite:id="Bmr013.segment.1,375" starttime="2339.74" endtime="2340.63" participant="fe016" timing-provenance="dialogueact">
      <nite:child href="Bmr013.G.words.xml#id(Bmr013.w.10,204)..id(Bmr013.w.10,208)"/>
   </segment>
   <segment nite:id="Bmr013.segment.1,376" starttime="2341.04" endtime="2342.02" participant="fe016" timing-provenance="dialogueact">
      <nite:child href="Bmr013.G.words.xml#id(Bmr013.w.10,209)..id(Bmr013.w.10,214)"/>
   </segment>
   <segment nite:id="Bmr013.segment.1,377" starttime="2342.532" endtime="2345.35" participant="fe016" timing-provenance="segment">
      <nite:child href="Bmr013.G.words.xml#id(Bmr013.w.10,215)..id(Bmr013.disfmarker.357)"/>
   </segment>
   <segment nite:id="Bmr013.segment.1,378" starttime="2345.529" endtime="2346.506" participant="fe016" timing-provenance="segment">
      <nite:child href="Bmr013.G.words.xml#id(Bmr013.w.10,232)..id(Bmr013.vocalsound.171)"/>
   </segment>
   <segment nite:id="Bmr013.segment.1,381" starttime="2347.2" endtime="2350.06" participant="fe016" timing-provenance="dialogueact">
      <nite:child href="Bmr013.G.words.xml#id(Bmr013.w.10,242)..id(Bmr013.w.10,251)"/>
   </segment>
   <segment nite:id="Bmr013.segment.1,382" starttime="2350.39" endtime="2351.32" participant="fe016" timing-provenance="dialogueact">
      <nite:child href="Bmr013.G.words.xml#id(Bmr013.w.10,252)..id(Bmr013.w.10,255)"/>
   </segment>
   <segment nite:id="Bmr013.segment.1,383" starttime="2351.48" endtime="2352.21" participant="fe016" timing-provenance="dialogueact">
      <nite:child href="Bmr013.G.words.xml#id(Bmr013.w.10,256)..id(Bmr013.w.10,259)"/>
   </segment>
   <segment nite:id="Bmr013.segment.1,385" starttime="2353.06" endtime="2354.59" participant="fe016" timing-provenance="dialogueact">
      <nite:child href="Bmr013.G.words.xml#id(Bmr013.w.10,264)..id(Bmr013.w.10,269)"/>
   </segment>
   <segment nite:id="Bmr013.segment.1,387" starttime="2355.35" endtime="2356.51" participant="fe016" timing-provenance="dialogueact">
      <nite:child href="Bmr013.G.words.xml#id(Bmr013.w.10,288)..id(Bmr013.w.10,292)"/>
   </segment>
   <segment nite:id="Bmr013.segment.1,388" starttime="2356.617" endtime="2365.821" participant="fe016" timing-provenance="segment">
      <nite:child href="Bmr013.G.words.xml#id(Bmr013.w.10,293)..id(Bmr013.disfmarker.359)"/>
   </segment>
   <segment nite:id="Bmr013.segment.1,391" starttime="2366.63" endtime="2370.05" participant="fe016" timing-provenance="dialogueact">
      <nite:child href="Bmr013.G.words.xml#id(Bmr013.w.10,344)..id(Bmr013.w.10,363)"/>
   </segment>
   <segment nite:id="Bmr013.segment.1,393" starttime="2370.6" endtime="2372.64" participant="fe016" timing-provenance="dialogueact">
      <nite:child href="Bmr013.G.words.xml#id(Bmr013.w.10,366)..id(Bmr013.w.10,378)"/>
   </segment>
   <segment nite:id="Bmr013.segment.1,395" starttime="2373.57" endtime="2375.03" participant="fe016" timing-provenance="dialogueact">
      <nite:child href="Bmr013.G.words.xml#id(Bmr013.w.10,379)..id(Bmr013.w.10,384)"/>
   </segment>
   <segment nite:id="Bmr013.segment.1,396" starttime="2376.56" endtime="2378.04" participant="fe016" timing-provenance="dialogueact">
      <nite:child href="Bmr013.G.words.xml#id(Bmr013.w.10,385)..id(Bmr013.w.10,393)"/>
   </segment>
   <segment nite:id="Bmr013.segment.1,397" starttime="2378.48" endtime="2379.56" participant="fe016" timing-provenance="dialogueact">
      <nite:child href="Bmr013.G.words.xml#id(Bmr013.w.10,394)..id(Bmr013.w.10,399)"/>
   </segment>
   <segment nite:id="Bmr013.segment.1,398" starttime="2379.92" endtime="2382.06" participant="fe016" timing-provenance="dialogueact">
      <nite:child href="Bmr013.G.words.xml#id(Bmr013.w.10,400)..id(Bmr013.w.10,409)"/>
   </segment>
   <segment nite:id="Bmr013.segment.1,399" starttime="2382.58" endtime="2383.05" participant="fe016" timing-provenance="dialogueact">
      <nite:child href="Bmr013.G.words.xml#id(Bmr013.w.10,410)..id(Bmr013.w.10,411)"/>
   </segment>
   <segment nite:id="Bmr013.segment.1,400" starttime="2383.141" endtime="2385.492" participant="fe016" timing-provenance="segment">
      <nite:child href="Bmr013.G.words.xml#id(Bmr013.w.10,412)..id(Bmr013.disfmarker.361)"/>
   </segment>
   <segment nite:id="Bmr013.segment.1,401" starttime="2385.78" endtime="2387.52" participant="fe016" timing-provenance="dialogueact">
      <nite:child href="Bmr013.G.words.xml#id(Bmr013.w.10,422)..id(Bmr013.w.10,431)"/>
   </segment>
   <segment nite:id="Bmr013.segment.1,403" starttime="2388.24" endtime="2388.87" participant="fe016" timing-provenance="dialogueact">
      <nite:child href="Bmr013.G.words.xml#id(Bmr013.w.10,432)..id(Bmr013.w.10,435)"/>
   </segment>
   <segment nite:id="Bmr013.segment.1,404" starttime="2389.14" endtime="2390.09" participant="fe016" timing-provenance="dialogueact">
      <nite:child href="Bmr013.G.words.xml#id(Bmr013.w.10,436)..id(Bmr013.w.10,440)"/>
   </segment>
   <segment nite:id="Bmr013.segment.1,405" starttime="2390.47" endtime="2394.41" participant="fe016" timing-provenance="dialogueact">
      <nite:child href="Bmr013.G.words.xml#id(Bmr013.w.10,441)..id(Bmr013.w.10,463)"/>
   </segment>
   <segment nite:id="Bmr013.segment.1,406" starttime="2395.2" endtime="2398.54" participant="fe016" timing-provenance="dialogueact">
      <nite:child href="Bmr013.G.words.xml#id(Bmr013.w.10,464)..id(Bmr013.w.10,473)"/>
   </segment>
   <segment nite:id="Bmr013.segment.1,407" starttime="2399.44" endtime="2400.22" participant="fe016" timing-provenance="dialogueact">
      <nite:child href="Bmr013.G.words.xml#id(Bmr013.w.10,474)..id(Bmr013.w.10,478)"/>
   </segment>
   <segment nite:id="Bmr013.segment.1,408" starttime="2400.6" endtime="2400.96" participant="fe016" timing-provenance="dialogueact">
      <nite:child href="Bmr013.G.words.xml#id(Bmr013.w.10,479)..id(Bmr013.w.10,480)"/>
   </segment>
   <segment nite:id="Bmr013.segment.1,409" starttime="2401.4" endtime="2402.24" participant="fe016" timing-provenance="dialogueact">
      <nite:child href="Bmr013.G.words.xml#id(Bmr013.w.10,481)..id(Bmr013.w.10,488)"/>
   </segment>
   <segment nite:id="Bmr013.segment.1,411" starttime="2402.57" endtime="2405.15" participant="fe016" timing-provenance="dialogueact">
      <nite:child href="Bmr013.G.words.xml#id(Bmr013.w.10,490)..id(Bmr013.w.10,503)"/>
   </segment>
   <segment nite:id="Bmr013.segment.1,412" starttime="2406.14" endtime="2409.56" participant="fe016" timing-provenance="dialogueact">
      <nite:child href="Bmr013.G.words.xml#id(Bmr013.w.10,504)..id(Bmr013.w.10,519)"/>
   </segment>
   <segment nite:id="Bmr013.segment.1,413" starttime="2410.06" endtime="2410.63" participant="fe016" timing-provenance="dialogueact">
      <nite:child href="Bmr013.G.words.xml#id(Bmr013.w.10,520)..id(Bmr013.w.10,521)"/>
   </segment>
   <segment nite:id="Bmr013.segment.1,420" starttime="2423.56" endtime="2424.93" participant="fe016" timing-provenance="dialogueact">
      <nite:child href="Bmr013.G.words.xml#id(Bmr013.w.10,575)..id(Bmr013.w.10,583)"/>
   </segment>
   <segment nite:id="Bmr013.segment.1,421" starttime="2425.8" endtime="2428.0" participant="fe016" timing-provenance="dialogueact">
      <nite:child href="Bmr013.G.words.xml#id(Bmr013.w.10,584)..id(Bmr013.w.10,594)"/>
   </segment>
   <segment nite:id="Bmr013.segment.1,425" starttime="2433.83" endtime="2434.14" participant="fe016" timing-provenance="dialogueact">
      <nite:child href="Bmr013.G.words.xml#id(Bmr013.w.10,617)..id(Bmr013.w.10,618)"/>
   </segment>
   <segment nite:id="Bmr013.segment.1,433" starttime="2446.924" endtime="2448.308" participant="fe016" timing-provenance="segment">
      <nite:child href="Bmr013.G.words.xml#id(Bmr013.w.10,701)..id(Bmr013.disfmarker.369)"/>
   </segment>
   <segment nite:id="Bmr013.segment.1,435" starttime="2448.87" endtime="2452.51" participant="fe016" timing-provenance="dialogueact">
      <nite:child href="Bmr013.G.words.xml#id(Bmr013.w.10,707)..id(Bmr013.w.10,726)"/>
   </segment>
   <segment nite:id="Bmr013.segment.1,436" starttime="2452.86" endtime="2456.467" participant="fe016" timing-provenance="segment">
      <nite:child href="Bmr013.G.words.xml#id(Bmr013.w.10,727)..id(Bmr013.comment.28)"/>
   </segment>
   <segment nite:id="Bmr013.segment.1,439" starttime="2456.965" endtime="2457.662" participant="fe016" timing-provenance="segment">
      <nite:child href="Bmr013.G.words.xml#id(Bmr013.w.10,743)..id(Bmr013.disfmarker.370)"/>
   </segment>
   <segment nite:id="Bmr013.segment.1,441" starttime="2457.8" endtime="2460.39" participant="fe016" timing-provenance="dialogueact">
      <nite:child href="Bmr013.G.words.xml#id(Bmr013.w.10,749)..id(Bmr013.w.10,762)"/>
   </segment>
   <segment nite:id="Bmr013.segment.1,442" starttime="2460.92" endtime="2461.29" participant="fe016" timing-provenance="dialogueact">
      <nite:child href="Bmr013.G.words.xml#id(Bmr013.w.10,763)..id(Bmr013.w.10,764)"/>
   </segment>
   <segment nite:id="Bmr013.segment.1,443" starttime="2461.62" endtime="2463.79" participant="fe016" timing-provenance="dialogueact">
      <nite:child href="Bmr013.G.words.xml#id(Bmr013.w.10,765)..id(Bmr013.w.10,773)"/>
   </segment>
   <segment nite:id="Bmr013.segment.1,445" starttime="2463.89" endtime="2465.76" participant="fe016" timing-provenance="dialogueact">
      <nite:child href="Bmr013.G.words.xml#id(Bmr013.w.10,776)..id(Bmr013.w.10,784)"/>
   </segment>
   <segment nite:id="Bmr013.segment.1,449" starttime="2466.14" endtime="2467.39" participant="fe016" timing-provenance="dialogueact">
      <nite:child href="Bmr013.G.words.xml#id(Bmr013.w.10,808)..id(Bmr013.w.10,819)"/>
   </segment>
   <segment nite:id="Bmr013.segment.1,452" starttime="2474.47" endtime="2474.87" participant="fe016" timing-provenance="dialogueact">
      <nite:child href="Bmr013.G.words.xml#id(Bmr013.w.10,838)..id(Bmr013.w.10,839)"/>
   </segment>
   <segment nite:id="Bmr013.segment.1,455" starttime="2476.85" endtime="2477.17" participant="fe016" timing-provenance="dialogueact">
      <nite:child href="Bmr013.G.words.xml#id(Bmr013.w.10,860)..id(Bmr013.w.10,861)"/>
   </segment>
   <segment nite:id="Bmr013.segment.1,456" starttime="2477.45" endtime="2480.4" participant="fe016" timing-provenance="dialogueact">
      <nite:child href="Bmr013.G.words.xml#id(Bmr013.w.10,862)..id(Bmr013.w.10,879)"/>
   </segment>
   <segment nite:id="Bmr013.segment.1,459" starttime="2481.03" endtime="2483.03" participant="fe016" timing-provenance="dialogueact">
      <nite:child href="Bmr013.G.words.xml#id(Bmr013.w.10,884)..id(Bmr013.w.10,895)"/>
   </segment>
   <segment nite:id="Bmr013.segment.1,460" starttime="2483.572" endtime="2484.863" participant="fe016" timing-provenance="segment">
      <nite:child href="Bmr013.G.words.xml#id(Bmr013.w.10,896)..id(Bmr013.disfmarker.375)"/>
   </segment>
   <segment nite:id="Bmr013.segment.1,461" starttime="2484.98" endtime="2485.86" participant="fe016" timing-provenance="dialogueact">
      <nite:child href="Bmr013.G.words.xml#id(Bmr013.w.10,904)..id(Bmr013.w.10,907)"/>
   </segment>
   <segment nite:id="Bmr013.segment.1,463" starttime="2486.25" endtime="2491.4" participant="fe016" timing-provenance="dialogueact">
      <nite:child href="Bmr013.G.words.xml#id(Bmr013.w.10,910)..id(Bmr013.w.10,941)"/>
   </segment>
   <segment nite:id="Bmr013.segment.1,465" starttime="2492.04" endtime="2492.79" participant="fe016" timing-provenance="dialogueact">
      <nite:child href="Bmr013.G.words.xml#id(Bmr013.w.10,944)..id(Bmr013.w.10,947)"/>
   </segment>
   <segment nite:id="Bmr013.segment.1,478" starttime="2509.08" endtime="2511.0" participant="fe016" timing-provenance="dialogueact">
      <nite:child href="Bmr013.G.words.xml#id(Bmr013.w.11,016)..id(Bmr013.w.11,023)"/>
   </segment>
   <segment nite:id="Bmr013.segment.1,481" starttime="2512.719" endtime="2514.846" participant="fe016" timing-provenance="segment">
      <nite:child href="Bmr013.G.words.xml#id(Bmr013.w.11,032)..id(Bmr013.comment.30)"/>
   </segment>
   <segment nite:id="Bmr013.segment.1,486" starttime="2518.332" endtime="2520.284" participant="fe016" timing-provenance="segment">
      <nite:child href="Bmr013.G.words.xml#id(Bmr013.w.11,051)..id(Bmr013.disfmarker.380)"/>
   </segment>
   <segment nite:id="Bmr013.segment.1,489" starttime="2520.82" endtime="2521.2" participant="fe016" timing-provenance="dialogueact">
      <nite:child href="Bmr013.G.words.xml#id(Bmr013.w.11,081)..id(Bmr013.w.11,082)"/>
   </segment>
   <segment nite:id="Bmr013.segment.1,493" starttime="2525.9" endtime="2527.04" participant="fe016" timing-provenance="dialogueact">
      <nite:child href="Bmr013.G.words.xml#id(Bmr013.w.11,093)..id(Bmr013.w.11,097)"/>
   </segment>
   <segment nite:id="Bmr013.segment.1,498" starttime="2536.43" endtime="2537.06" participant="fe016" timing-provenance="dialogueact">
      <nite:child href="Bmr013.G.words.xml#id(Bmr013.w.11,137)..id(Bmr013.w.11,140)"/>
   </segment>
   <segment nite:id="Bmr013.segment.1,500" starttime="2538.89" endtime="2539.16" participant="fe016" timing-provenance="dialogueact">
      <nite:child href="Bmr013.G.words.xml#id(Bmr013.w.11,153)..id(Bmr013.w.11,154)"/>
   </segment>
   <segment nite:id="Bmr013.segment.1,531" starttime="2586.38" endtime="2586.959" participant="fe016" timing-provenance="segment">
      <nite:child href="Bmr013.G.words.xml#id(Bmr013.vocalsound.183)"/>
   </segment>
   <segment nite:id="Bmr013.segment.1,533" starttime="2587.431" endtime="2588.069" participant="fe016" timing-provenance="segment">
      <nite:child href="Bmr013.G.words.xml#id(Bmr013.vocalsound.185)"/>
   </segment>
   <segment nite:id="Bmr013.segment.1,536" starttime="2588.12" endtime="2588.44" participant="fe016" timing-provenance="dialogueact">
      <nite:child href="Bmr013.G.words.xml#id(Bmr013.w.11,390)..id(Bmr013.w.11,391)"/>
   </segment>
   <segment nite:id="Bmr013.segment.1,538" starttime="2589.065" endtime="2589.463" participant="fe016" timing-provenance="segment">
      <nite:child href="Bmr013.G.words.xml#id(Bmr013.vocalsound.187)"/>
   </segment>
   <segment nite:id="Bmr013.segment.1,541" starttime="2590.52" endtime="2594.08" participant="fe016" timing-provenance="dialogueact">
      <nite:child href="Bmr013.G.words.xml#id(Bmr013.w.11,415)..id(Bmr013.w.11,426)"/>
   </segment>
   <segment nite:id="Bmr013.segment.1,549" starttime="2595.08" endtime="2595.64" participant="fe016" timing-provenance="segment">
      <nite:child href="Bmr013.G.words.xml#id(Bmr013.vocalsound.197)"/>
   </segment>
   <segment nite:id="Bmr013.segment.1,551" starttime="2596.45" endtime="2598.33" participant="fe016" timing-provenance="dialogueact">
      <nite:child href="Bmr013.G.words.xml#id(Bmr013.w.11,443)..id(Bmr013.w.11,449)"/>
   </segment>
   <segment nite:id="Bmr013.segment.1,563" starttime="2604.42" endtime="2604.89" participant="fe016" timing-provenance="dialogueact">
      <nite:child href="Bmr013.G.words.xml#id(Bmr013.w.11,485)..id(Bmr013.w.11,486)"/>
   </segment>
   <segment nite:id="Bmr013.segment.1,572" starttime="2610.292" endtime="2611.548" participant="fe016" timing-provenance="segment">
      <nite:child href="Bmr013.G.words.xml#id(Bmr013.vocalsound.210)"/>
   </segment>
   <segment nite:id="Bmr013.segment.1,575" starttime="2612.553" endtime="2613.068" participant="fe016" timing-provenance="segment">
      <nite:child href="Bmr013.G.words.xml#id(Bmr013.vocalsound.212)"/>
   </segment>
   <segment nite:id="Bmr013.segment.1,580" starttime="2617.136" endtime="2618.889" participant="fe016" timing-provenance="segment">
      <nite:child href="Bmr013.G.words.xml#id(Bmr013.vocalsound.216)"/>
   </segment>
   <segment nite:id="Bmr013.segment.1,657" starttime="2744.165" endtime="2747.594" participant="fe016" digittask="true" timing-provenance="segment">
      <nite:child href="Bmr013.G.words.xml#id(Bmr013.w.11,835)..id(Bmr013.comment.97)"/>
   </segment>
   <segment nite:id="Bmr013.segment.1,658" starttime="2748.28" endtime="2748.884" participant="fe016" digittask="true" timing-provenance="segment">
      <nite:child href="Bmr013.G.words.xml#id(Bmr013.w.11,846)..id(Bmr013.comment.98)"/>
   </segment>
   <segment nite:id="Bmr013.segment.1,659" starttime="2748.884" endtime="2750.418" participant="fe016" digittask="true" timing-provenance="segment">
      <nite:child href="Bmr013.G.words.xml#id(Bmr013.w.11,847)..id(Bmr013.comment.99)"/>
   </segment>
   <segment nite:id="Bmr013.segment.1,660" starttime="2750.558" endtime="2751.056" participant="fe016" digittask="true" timing-provenance="segment">
      <nite:child href="Bmr013.G.words.xml#id(Bmr013.w.11,852)..id(Bmr013.comment.100)"/>
   </segment>
   <segment nite:id="Bmr013.segment.1,661" starttime="2751.056" endtime="2751.654" participant="fe016" digittask="true" timing-provenance="segment">
      <nite:child href="Bmr013.G.words.xml#id(Bmr013.w.11,853)..id(Bmr013.comment.101)"/>
   </segment>
   <segment nite:id="Bmr013.segment.1,662" starttime="2751.654" endtime="2753.666" participant="fe016" digittask="true" timing-provenance="segment">
      <nite:child href="Bmr013.G.words.xml#id(Bmr013.w.11,854)..id(Bmr013.comment.102)"/>
   </segment>
   <segment nite:id="Bmr013.segment.1,663" starttime="2753.885" endtime="2755.364" participant="fe016" digittask="true" timing-provenance="segment">
      <nite:child href="Bmr013.G.words.xml#id(Bmr013.w.11,858)..id(Bmr013.comment.103)"/>
   </segment>
   <segment nite:id="Bmr013.segment.1,664" starttime="2755.459" endtime="2756.283" participant="fe016" digittask="true" timing-provenance="segment">
      <nite:child href="Bmr013.G.words.xml#id(Bmr013.w.11,863)..id(Bmr013.comment.104)"/>
   </segment>
   <segment nite:id="Bmr013.segment.1,665" starttime="2756.495" endtime="2757.013" participant="fe016" digittask="true" timing-provenance="segment">
      <nite:child href="Bmr013.G.words.xml#id(Bmr013.w.11,865)..id(Bmr013.comment.105)"/>
   </segment>
   <segment nite:id="Bmr013.segment.1,666" starttime="2757.133" endtime="2757.671" participant="fe016" digittask="true" timing-provenance="segment">
      <nite:child href="Bmr013.G.words.xml#id(Bmr013.w.11,866)..id(Bmr013.comment.106)"/>
   </segment>
   <segment nite:id="Bmr013.segment.1,667" starttime="2757.671" endtime="2758.149" participant="fe016" digittask="true" timing-provenance="segment">
      <nite:child href="Bmr013.G.words.xml#id(Bmr013.w.11,867)..id(Bmr013.comment.107)"/>
   </segment>
   <segment nite:id="Bmr013.segment.1,668" starttime="2758.149" endtime="2759.304" participant="fe016" digittask="true" timing-provenance="segment">
      <nite:child href="Bmr013.G.words.xml#id(Bmr013.w.11,868)..id(Bmr013.comment.108)"/>
   </segment>
   <segment nite:id="Bmr013.segment.1,669" starttime="2759.304" endtime="2760.001" participant="fe016" digittask="true" timing-provenance="segment">
      <nite:child href="Bmr013.G.words.xml#id(Bmr013.w.11,872)..id(Bmr013.comment.109)"/>
   </segment>
   <segment nite:id="Bmr013.segment.1,670" starttime="2760.321" endtime="2762.683" participant="fe016" digittask="true" timing-provenance="segment">
      <nite:child href="Bmr013.G.words.xml#id(Bmr013.w.11,874)..id(Bmr013.comment.110)"/>
   </segment>
   <segment nite:id="Bmr013.segment.1,671" starttime="2763.261" endtime="2764.218" participant="fe016" digittask="true" timing-provenance="segment">
      <nite:child href="Bmr013.G.words.xml#id(Bmr013.w.11,881)..id(Bmr013.comment.111)"/>
   </segment>
   <segment nite:id="Bmr013.segment.1,672" starttime="2764.218" endtime="2764.745" participant="fe016" digittask="true" timing-provenance="segment">
      <nite:child href="Bmr013.G.words.xml#id(Bmr013.w.11,884)..id(Bmr013.comment.112)"/>
   </segment>
   <segment nite:id="Bmr013.segment.1,673" starttime="2764.745" endtime="2765.164" participant="fe016" digittask="true" timing-provenance="segment">
      <nite:child href="Bmr013.G.words.xml#id(Bmr013.w.11,885)..id(Bmr013.comment.113)"/>
   </segment>
   <segment nite:id="Bmr013.segment.1,674" starttime="2765.164" endtime="2765.581" participant="fe016" digittask="true" timing-provenance="segment">
      <nite:child href="Bmr013.G.words.xml#id(Bmr013.w.11,886)..id(Bmr013.comment.114)"/>
   </segment>
   <segment nite:id="Bmr013.segment.1,675" starttime="2765.581" endtime="2767.508" participant="fe016" digittask="true" timing-provenance="segment">
      <nite:child href="Bmr013.G.words.xml#id(Bmr013.w.11,887)..id(Bmr013.comment.115)"/>
   </segment>
   <segment nite:id="Bmr013.segment.1,676" starttime="2767.508" endtime="2767.81" participant="fe016" timing-provenance="segment">
      <nite:child href="Bmr013.G.words.xml#id(Bmr013.nonvocalsound.23)"/>
   </segment>
   <segment nite:id="Bmr013.segment.1,677" starttime="2767.81" endtime="2769.888" participant="fe016" digittask="true" timing-provenance="segment">
      <nite:child href="Bmr013.G.words.xml#id(Bmr013.w.11,892)..id(Bmr013.comment.116)"/>
   </segment>
   <segment nite:id="Bmr013.segment.1,678" starttime="2770.127" endtime="2771.124" participant="fe016" digittask="true" timing-provenance="segment">
      <nite:child href="Bmr013.G.words.xml#id(Bmr013.w.11,899)..id(Bmr013.comment.117)"/>
   </segment>
   <segment nite:id="Bmr013.segment.1,752" starttime="2898.53" endtime="2898.83" participant="fe016" timing-provenance="dialogueact">
      <nite:child href="Bmr013.G.words.xml#id(Bmr013.w.12,160)..id(Bmr013.w.12,161)"/>
   </segment>
   <segment nite:id="Bmr013.segment.1,753" starttime="2898.866" endtime="2902.22" participant="fe016" timing-provenance="segment">
      <nite:child href="Bmr013.G.words.xml#id(Bmr013.nonvocalsound.28)"/>
   </segment>
</nite:root>