<?xml version="1.0" encoding="ISO-8859-1" standalone="yes"?>
<nite:root nite:id="Bmr013.D.segs" xmlns:nite="http://nite.sourceforge.net/">
   <segment nite:id="Bmr013.segment.9" starttime="5.2" endtime="6.62" participant="me018" timing-provenance="segment">
      <nite:child href="Bmr013.D.words.xml#id(Bmr013.vocalsound.8)"/>
   </segment>
   <segment nite:id="Bmr013.segment.15" starttime="14.62" endtime="15.93" participant="me018" timing-provenance="segment">
      <nite:child href="Bmr013.D.words.xml#id(Bmr013.vocalsound.14)"/>
   </segment>
   <segment nite:id="Bmr013.segment.18" starttime="18.17" endtime="18.37" participant="me018" timing-provenance="segment">
      <nite:child href="Bmr013.D.words.xml#id(Bmr013.vocalsound.17)"/>
   </segment>
   <segment nite:id="Bmr013.segment.20" starttime="19.31" endtime="23.62" participant="me018" timing-provenance="segment">
      <nite:child href="Bmr013.D.words.xml#id(Bmr013.vocalsound.19)"/>
   </segment>
   <segment nite:id="Bmr013.segment.26" starttime="25.1" endtime="27.56" participant="me018" timing-provenance="segment">
      <nite:child href="Bmr013.D.words.xml#id(Bmr013.vocalsound.25)"/>
   </segment>
   <segment nite:id="Bmr013.segment.30" starttime="30.19" endtime="30.8" participant="me018" timing-provenance="segment">
      <nite:child href="Bmr013.D.words.xml#id(Bmr013.vocalsound.29)"/>
   </segment>
   <segment nite:id="Bmr013.segment.35" starttime="33.68" endtime="35.09" participant="me018" timing-provenance="segment">
      <nite:child href="Bmr013.D.words.xml#id(Bmr013.vocalsound.34)"/>
   </segment>
   <segment nite:id="Bmr013.segment.39" starttime="38.08" endtime="39.69" participant="me018" timing-provenance="segment">
      <nite:child href="Bmr013.D.words.xml#id(Bmr013.vocalsound.38)"/>
   </segment>
   <segment nite:id="Bmr013.segment.42" starttime="41.16" endtime="42.04" participant="me018" timing-provenance="segment">
      <nite:child href="Bmr013.D.words.xml#id(Bmr013.vocalsound.41)"/>
   </segment>
   <segment nite:id="Bmr013.segment.43" starttime="46.13" endtime="48.57" participant="me018" timing-provenance="segment">
      <nite:child href="Bmr013.D.words.xml#id(Bmr013.vocalsound.42)"/>
   </segment>
   <segment nite:id="Bmr013.segment.58" starttime="65.66" endtime="67.93" participant="me018" timing-provenance="segment">
      <nite:child href="Bmr013.D.words.xml#id(Bmr013.vocalsound.57)"/>
   </segment>
   <segment nite:id="Bmr013.segment.61" starttime="73.57" endtime="74.9" participant="me018" timing-provenance="segment">
      <nite:child href="Bmr013.D.words.xml#id(Bmr013.vocalsound.60)"/>
   </segment>
   <segment nite:id="Bmr013.segment.71" starttime="92.02" endtime="92.57" participant="me018" timing-provenance="segment">
      <nite:child href="Bmr013.D.words.xml#id(Bmr013.vocalsound.70)"/>
   </segment>
   <segment nite:id="Bmr013.segment.74" starttime="93.46" endtime="93.7" participant="me018" timing-provenance="segment">
      <nite:child href="Bmr013.D.words.xml#id(Bmr013.vocalsound.72)"/>
   </segment>
   <segment nite:id="Bmr013.segment.124" starttime="179.649" endtime="182.779" participant="me018" timing-provenance="dialogueact">
      <nite:child href="Bmr013.D.words.xml#id(Bmr013.w.335)..id(Bmr013.w.349)"/>
   </segment>
   <segment nite:id="Bmr013.segment.127" starttime="185.07" endtime="185.78" participant="me018" timing-provenance="dialogueact">
      <nite:child href="Bmr013.D.words.xml#id(Bmr013.w.361)..id(Bmr013.w.365)"/>
   </segment>
   <segment nite:id="Bmr013.segment.131" starttime="193.394" endtime="194.914" participant="me018" timing-provenance="dialogueact">
      <nite:child href="Bmr013.D.words.xml#id(Bmr013.w.409)..id(Bmr013.w.412)"/>
   </segment>
   <segment nite:id="Bmr013.segment.133" starttime="196.021" endtime="196.361" participant="me018" timing-provenance="dialogueact">
      <nite:child href="Bmr013.D.words.xml#id(Bmr013.w.418)..id(Bmr013.w.419)"/>
   </segment>
   <segment nite:id="Bmr013.segment.140" starttime="214.855" endtime="215.175" participant="me018" timing-provenance="dialogueact">
      <nite:child href="Bmr013.D.words.xml#id(Bmr013.w.501)..id(Bmr013.w.502)"/>
   </segment>
   <segment nite:id="Bmr013.segment.148" starttime="223.822" endtime="225.85" participant="me018" timing-provenance="segment">
      <nite:child href="Bmr013.D.words.xml#id(Bmr013.vocalsound.78)"/>
   </segment>
   <segment nite:id="Bmr013.segment.184" starttime="297.399" endtime="297.519" participant="me018" timing-provenance="dialogueact">
      <nite:child href="Bmr013.D.words.xml#id(Bmr013.w.899)..id(Bmr013.w.900)"/>
   </segment>
   <segment nite:id="Bmr013.segment.193" starttime="314.339" endtime="316.471" participant="me018" timing-provenance="segment">
      <nite:child href="Bmr013.D.words.xml#id(Bmr013.vocalsound.80)"/>
   </segment>
   <segment nite:id="Bmr013.segment.205" starttime="332.661" endtime="334.891" participant="me018" timing-provenance="dialogueact">
      <nite:child href="Bmr013.D.words.xml#id(Bmr013.w.1,049)..id(Bmr013.w.1,058)"/>
   </segment>
   <segment nite:id="Bmr013.segment.206" starttime="334.978" endtime="336.829" participant="me018" timing-provenance="segment">
      <nite:child href="Bmr013.D.words.xml#id(Bmr013.w.1,059)..id(Bmr013.disfmarker.29)"/>
   </segment>
   <segment nite:id="Bmr013.segment.211" starttime="343.78" endtime="344.06" participant="me018" timing-provenance="dialogueact">
      <nite:child href="Bmr013.D.words.xml#id(Bmr013.w.1,118)..id(Bmr013.w.1,119)"/>
   </segment>
   <segment nite:id="Bmr013.segment.217" starttime="359.089" endtime="359.539" participant="me018" timing-provenance="dialogueact">
      <nite:child href="Bmr013.D.words.xml#id(Bmr013.w.1,176)..id(Bmr013.w.1,179)"/>
   </segment>
   <segment nite:id="Bmr013.segment.229" starttime="381.691" endtime="382.507" participant="me018" timing-provenance="segment">
      <nite:child href="Bmr013.D.words.xml#id(Bmr013.vocalsound.82)"/>
   </segment>
   <segment nite:id="Bmr013.segment.240" starttime="408.793" endtime="409.143" participant="me018" timing-provenance="dialogueact">
      <nite:child href="Bmr013.D.words.xml#id(Bmr013.w.1,349)..id(Bmr013.w.1,352)"/>
   </segment>
   <segment nite:id="Bmr013.segment.248" starttime="431.874" endtime="432.791" participant="me018" timing-provenance="segment">
      <nite:child href="Bmr013.D.words.xml#id(Bmr013.vocalsound.85)"/>
   </segment>
   <segment nite:id="Bmr013.segment.251" starttime="443.56" endtime="445.45" participant="me018" timing-provenance="dialogueact">
      <nite:child href="Bmr013.D.words.xml#id(Bmr013.w.1,489)..id(Bmr013.w.1,493)"/>
   </segment>
   <segment nite:id="Bmr013.segment.253" starttime="445.955" endtime="447.235" participant="me018" timing-provenance="dialogueact">
      <nite:child href="Bmr013.D.words.xml#id(Bmr013.w.1,498)..id(Bmr013.w.1,505)"/>
   </segment>
   <segment nite:id="Bmr013.segment.254" starttime="447.455" endtime="448.535" participant="me018" timing-provenance="dialogueact">
      <nite:child href="Bmr013.D.words.xml#id(Bmr013.w.1,506)..id(Bmr013.w.1,511)"/>
   </segment>
   <segment nite:id="Bmr013.segment.260" starttime="465.077" endtime="465.327" participant="me018" timing-provenance="dialogueact">
      <nite:child href="Bmr013.D.words.xml#id(Bmr013.w.1,587)..id(Bmr013.w.1,588)"/>
   </segment>
   <segment nite:id="Bmr013.segment.266" starttime="477.984" endtime="479.842" participant="me018" timing-provenance="segment">
      <nite:child href="Bmr013.D.words.xml#id(Bmr013.vocalsound.86)..id(Bmr013.w.1,645)"/>
   </segment>
   <segment nite:id="Bmr013.segment.274" starttime="488.657" endtime="489.395" participant="me018" timing-provenance="segment">
      <nite:child href="Bmr013.D.words.xml#id(Bmr013.w.1,699)..id(Bmr013.disfmarker.51)"/>
   </segment>
   <segment nite:id="Bmr013.segment.296" starttime="516.913" endtime="517.163" participant="me018" timing-provenance="dialogueact">
      <nite:child href="Bmr013.D.words.xml#id(Bmr013.w.1,858)"/>
   </segment>
   <segment nite:id="Bmr013.segment.299" starttime="521.882" endtime="523.332" participant="me018" timing-provenance="dialogueact">
      <nite:child href="Bmr013.D.words.xml#id(Bmr013.w.1,883)..id(Bmr013.w.1,891)"/>
   </segment>
   <segment nite:id="Bmr013.segment.309" starttime="539.991" endtime="540.421" participant="me018" timing-provenance="dialogueact">
      <nite:child href="Bmr013.D.words.xml#id(Bmr013.w.1,989)..id(Bmr013.w.1,990)"/>
   </segment>
   <segment nite:id="Bmr013.segment.320" starttime="555.969" endtime="558.193" participant="me018" timing-provenance="segment">
      <nite:child href="Bmr013.D.words.xml#id(Bmr013.vocalsound.89)"/>
   </segment>
   <segment nite:id="Bmr013.segment.325" starttime="560.892" endtime="561.348" participant="me018" timing-provenance="segment">
      <nite:child href="Bmr013.D.words.xml#id(Bmr013.w.2,106)..id(Bmr013.w.2,107)"/>
   </segment>
   <segment nite:id="Bmr013.segment.327" starttime="562.125" endtime="563.739" participant="me018" timing-provenance="segment">
      <nite:child href="Bmr013.D.words.xml#id(Bmr013.w.2,111)..id(Bmr013.vocalsound.90)"/>
   </segment>
   <segment nite:id="Bmr013.segment.338" starttime="571.211" endtime="571.847" participant="me018" timing-provenance="segment">
      <nite:child href="Bmr013.D.words.xml#id(Bmr013.vocalsound.94)"/>
   </segment>
   <segment nite:id="Bmr013.segment.341" starttime="572.623" endtime="573.041" participant="me018" timing-provenance="segment">
      <nite:child href="Bmr013.D.words.xml#id(Bmr013.vocalsound.96)"/>
   </segment>
   <segment nite:id="Bmr013.segment.381" starttime="658.091" endtime="659.366" participant="me018" timing-provenance="segment">
      <nite:child href="Bmr013.D.words.xml#id(Bmr013.vocalsound.98)"/>
   </segment>
   <segment nite:id="Bmr013.segment.386" starttime="668.35" endtime="669.85" participant="me018" timing-provenance="segment">
      <nite:child href="Bmr013.D.words.xml#id(Bmr013.w.2,572)..id(Bmr013.disfmarker.85)"/>
   </segment>
   <segment nite:id="Bmr013.segment.419" starttime="719.979" endtime="720.715" participant="me018" timing-provenance="segment">
      <nite:child href="Bmr013.D.words.xml#id(Bmr013.w.2,823)..id(Bmr013.disfmarker.91)"/>
   </segment>
   <segment nite:id="Bmr013.segment.421" starttime="721.552" endtime="721.872" participant="me018" timing-provenance="dialogueact">
      <nite:child href="Bmr013.D.words.xml#id(Bmr013.w.2,828)..id(Bmr013.w.2,829)"/>
   </segment>
   <segment nite:id="Bmr013.segment.427" starttime="729.348" endtime="730.178" participant="me018" timing-provenance="dialogueact">
      <nite:child href="Bmr013.D.words.xml#id(Bmr013.w.2,869)..id(Bmr013.w.2,872)"/>
   </segment>
   <segment nite:id="Bmr013.segment.428" starttime="730.458" endtime="733.278" participant="me018" timing-provenance="dialogueact">
      <nite:child href="Bmr013.D.words.xml#id(Bmr013.w.2,873)..id(Bmr013.w.2,883)"/>
   </segment>
   <segment nite:id="Bmr013.segment.430" starttime="733.942" endtime="734.642" participant="me018" timing-provenance="dialogueact">
      <nite:child href="Bmr013.D.words.xml#id(Bmr013.w.2,888)..id(Bmr013.w.2,893)"/>
   </segment>
   <segment nite:id="Bmr013.segment.431" starttime="735.062" endtime="736.332" participant="me018" timing-provenance="dialogueact">
      <nite:child href="Bmr013.D.words.xml#id(Bmr013.w.2,894)..id(Bmr013.w.2,902)"/>
   </segment>
   <segment nite:id="Bmr013.segment.432" starttime="736.802" endtime="737.272" participant="me018" timing-provenance="dialogueact">
      <nite:child href="Bmr013.D.words.xml#id(Bmr013.w.2,903)..id(Bmr013.w.2,904)"/>
   </segment>
   <segment nite:id="Bmr013.segment.433" starttime="737.863" endtime="739.643" participant="me018" timing-provenance="dialogueact">
      <nite:child href="Bmr013.D.words.xml#id(Bmr013.w.2,905)..id(Bmr013.w.2,912)"/>
   </segment>
   <segment nite:id="Bmr013.segment.434" starttime="739.773" endtime="740.903" participant="me018" timing-provenance="dialogueact">
      <nite:child href="Bmr013.D.words.xml#id(Bmr013.w.2,913)..id(Bmr013.w.2,918)"/>
   </segment>
   <segment nite:id="Bmr013.segment.435" starttime="741.737" endtime="742.057" participant="me018" timing-provenance="dialogueact">
      <nite:child href="Bmr013.D.words.xml#id(Bmr013.w.2,919)..id(Bmr013.w.2,921)"/>
   </segment>
   <segment nite:id="Bmr013.segment.436" starttime="742.297" endtime="743.067" participant="me018" timing-provenance="dialogueact">
      <nite:child href="Bmr013.D.words.xml#id(Bmr013.w.2,922)..id(Bmr013.w.2,924)"/>
   </segment>
   <segment nite:id="Bmr013.segment.440" starttime="745.042" endtime="745.422" participant="me018" timing-provenance="dialogueact">
      <nite:child href="Bmr013.D.words.xml#id(Bmr013.w.2,944)..id(Bmr013.w.2,945)"/>
   </segment>
   <segment nite:id="Bmr013.segment.460" starttime="772.729" endtime="774.562" participant="me018" timing-provenance="segment">
      <nite:child href="Bmr013.D.words.xml#id(Bmr013.nonvocalsound.7)"/>
   </segment>
   <segment nite:id="Bmr013.segment.473" starttime="797.421" endtime="798.801" participant="me018" timing-provenance="dialogueact">
      <nite:child href="Bmr013.D.words.xml#id(Bmr013.w.3,163)..id(Bmr013.w.3,171)"/>
   </segment>
   <segment nite:id="Bmr013.segment.480" starttime="806.342" endtime="807.892" participant="me018" timing-provenance="dialogueact">
      <nite:child href="Bmr013.D.words.xml#id(Bmr013.w.3,212)..id(Bmr013.w.3,218)"/>
   </segment>
   <segment nite:id="Bmr013.segment.485" starttime="808.643" endtime="808.903" participant="me018" timing-provenance="dialogueact">
      <nite:child href="Bmr013.D.words.xml#id(Bmr013.w.3,246)..id(Bmr013.w.3,247)"/>
   </segment>
   <segment nite:id="Bmr013.segment.487" starttime="810.277" endtime="811.057" participant="me018" timing-provenance="dialogueact">
      <nite:child href="Bmr013.D.words.xml#id(Bmr013.w.3,250)..id(Bmr013.w.3,254)"/>
   </segment>
   <segment nite:id="Bmr013.segment.532" starttime="896.929" endtime="898.009" participant="me018" timing-provenance="dialogueact">
      <nite:child href="Bmr013.D.words.xml#id(Bmr013.w.3,577)..id(Bmr013.w.3,583)"/>
   </segment>
   <segment nite:id="Bmr013.segment.569" starttime="945.153" endtime="946.187" participant="me018" timing-provenance="segment">
      <nite:child href="Bmr013.D.words.xml#id(Bmr013.vocalsound.109)"/>
   </segment>
   <segment nite:id="Bmr013.segment.615" starttime="1045.29" endtime="1047.18" participant="me018" timing-provenance="dialogueact">
      <nite:child href="Bmr013.D.words.xml#id(Bmr013.w.4,237)..id(Bmr013.w.4,248)"/>
   </segment>
   <segment nite:id="Bmr013.segment.616" starttime="1047.67" endtime="1049.1" participant="me018" timing-provenance="dialogueact">
      <nite:child href="Bmr013.D.words.xml#id(Bmr013.w.4,249)..id(Bmr013.w.4,253)"/>
   </segment>
   <segment nite:id="Bmr013.segment.617" starttime="1049.74" endtime="1050.86" participant="me018" timing-provenance="dialogueact">
      <nite:child href="Bmr013.D.words.xml#id(Bmr013.w.4,254)..id(Bmr013.w.4,256)"/>
   </segment>
   <segment nite:id="Bmr013.segment.618" starttime="1051.42" endtime="1053.8" participant="me018" timing-provenance="dialogueact">
      <nite:child href="Bmr013.D.words.xml#id(Bmr013.w.4,257)..id(Bmr013.w.4,267)"/>
   </segment>
   <segment nite:id="Bmr013.segment.619" starttime="1054.52" endtime="1056.62" participant="me018" timing-provenance="dialogueact">
      <nite:child href="Bmr013.D.words.xml#id(Bmr013.w.4,268)..id(Bmr013.w.4,275)"/>
   </segment>
   <segment nite:id="Bmr013.segment.623" starttime="1056.91" endtime="1057.45" participant="me018" timing-provenance="dialogueact">
      <nite:child href="Bmr013.D.words.xml#id(Bmr013.w.4,287)..id(Bmr013.w.4,289)"/>
   </segment>
   <segment nite:id="Bmr013.segment.639" starttime="1081.74" endtime="1083.1" participant="me018" timing-provenance="dialogueact">
      <nite:child href="Bmr013.D.words.xml#id(Bmr013.w.4,411)..id(Bmr013.w.4,417)"/>
   </segment>
   <segment nite:id="Bmr013.segment.642" starttime="1083.51" endtime="1084.21" participant="me018" timing-provenance="dialogueact">
      <nite:child href="Bmr013.D.words.xml#id(Bmr013.w.4,432)..id(Bmr013.w.4,434)"/>
   </segment>
   <segment nite:id="Bmr013.segment.644" starttime="1085.22" endtime="1085.41" participant="me018" timing-provenance="dialogueact">
      <nite:child href="Bmr013.D.words.xml#id(Bmr013.w.4,438)..id(Bmr013.w.4,439)"/>
   </segment>
   <segment nite:id="Bmr013.segment.646" starttime="1091.14" endtime="1093.96" participant="me018" timing-provenance="dialogueact">
      <nite:child href="Bmr013.D.words.xml#id(Bmr013.w.4,474)..id(Bmr013.w.4,492)"/>
   </segment>
   <segment nite:id="Bmr013.segment.656" starttime="1099.85" endtime="1100.11" participant="me018" timing-provenance="dialogueact">
      <nite:child href="Bmr013.D.words.xml#id(Bmr013.w.4,549)..id(Bmr013.w.4,550)"/>
   </segment>
   <segment nite:id="Bmr013.segment.657" starttime="1103.79" endtime="1104.12" participant="me018" timing-provenance="dialogueact">
      <nite:child href="Bmr013.D.words.xml#id(Bmr013.w.4,551)..id(Bmr013.w.4,554)"/>
   </segment>
   <segment nite:id="Bmr013.segment.660" starttime="1106.82" endtime="1107.04" participant="me018" timing-provenance="dialogueact">
      <nite:child href="Bmr013.D.words.xml#id(Bmr013.w.4,582)..id(Bmr013.w.4,583)"/>
   </segment>
   <segment nite:id="Bmr013.segment.661" starttime="1108.62" endtime="1109.53" participant="me018" timing-provenance="dialogueact">
      <nite:child href="Bmr013.D.words.xml#id(Bmr013.w.4,584)..id(Bmr013.w.4,589)"/>
   </segment>
   <segment nite:id="Bmr013.segment.663" starttime="1109.616" endtime="1111.091" participant="me018" timing-provenance="segment">
      <nite:child href="Bmr013.D.words.xml#id(Bmr013.w.4,593)..id(Bmr013.disfmarker.140)"/>
   </segment>
   <segment nite:id="Bmr013.segment.665" starttime="1111.17" endtime="1111.37" participant="me018" timing-provenance="dialogueact">
      <nite:child href="Bmr013.D.words.xml#id(Bmr013.w.4,598)..id(Bmr013.w.4,599)"/>
   </segment>
   <segment nite:id="Bmr013.segment.667" starttime="1111.6" endtime="1112.67" participant="me018" timing-provenance="dialogueact">
      <nite:child href="Bmr013.D.words.xml#id(Bmr013.w.4,600)..id(Bmr013.w.4,603)"/>
   </segment>
   <segment nite:id="Bmr013.segment.670" starttime="1113.08" endtime="1113.58" participant="me018" timing-provenance="dialogueact">
      <nite:child href="Bmr013.D.words.xml#id(Bmr013.w.4,608)..id(Bmr013.w.4,611)"/>
   </segment>
   <segment nite:id="Bmr013.segment.676" starttime="1118.68" endtime="1119.04" participant="me018" timing-provenance="dialogueact">
      <nite:child href="Bmr013.D.words.xml#id(Bmr013.w.4,638)..id(Bmr013.w.4,641)"/>
   </segment>
   <segment nite:id="Bmr013.segment.677" starttime="1119.63" endtime="1119.95" participant="me018" timing-provenance="dialogueact">
      <nite:child href="Bmr013.D.words.xml#id(Bmr013.w.4,642)..id(Bmr013.w.4,645)"/>
   </segment>
   <segment nite:id="Bmr013.segment.742" starttime="1257.38" endtime="1259.49" participant="me018" timing-provenance="dialogueact">
      <nite:child href="Bmr013.D.words.xml#id(Bmr013.w.5,241)..id(Bmr013.w.5,254)"/>
   </segment>
   <segment nite:id="Bmr013.segment.743" starttime="1259.71" endtime="1260.66" participant="me018" timing-provenance="dialogueact">
      <nite:child href="Bmr013.D.words.xml#id(Bmr013.w.5,255)..id(Bmr013.w.5,257)"/>
   </segment>
   <segment nite:id="Bmr013.segment.744" starttime="1261.17" endtime="1264.3" participant="me018" timing-provenance="dialogueact">
      <nite:child href="Bmr013.D.words.xml#id(Bmr013.w.5,258)..id(Bmr013.w.5,268)"/>
   </segment>
   <segment nite:id="Bmr013.segment.745" starttime="1265.419" endtime="1265.977" participant="me018" timing-provenance="segment">
      <nite:child href="Bmr013.D.words.xml#id(Bmr013.w.5,269)..id(Bmr013.disfmarker.165)"/>
   </segment>
   <segment nite:id="Bmr013.segment.746" starttime="1266.36" endtime="1267.45" participant="me018" timing-provenance="dialogueact">
      <nite:child href="Bmr013.D.words.xml#id(Bmr013.w.5,273)..id(Bmr013.w.5,277)"/>
   </segment>
   <segment nite:id="Bmr013.segment.747" starttime="1267.64" endtime="1268.75" participant="me018" timing-provenance="dialogueact">
      <nite:child href="Bmr013.D.words.xml#id(Bmr013.w.5,278)..id(Bmr013.w.5,283)"/>
   </segment>
   <segment nite:id="Bmr013.segment.748" starttime="1268.9" endtime="1269.52" participant="me018" timing-provenance="dialogueact">
      <nite:child href="Bmr013.D.words.xml#id(Bmr013.w.5,284)..id(Bmr013.w.5,286)"/>
   </segment>
   <segment nite:id="Bmr013.segment.749" starttime="1269.68" endtime="1270.75" participant="me018" timing-provenance="dialogueact">
      <nite:child href="Bmr013.D.words.xml#id(Bmr013.w.5,287)..id(Bmr013.w.5,293)"/>
   </segment>
   <segment nite:id="Bmr013.segment.750" starttime="1271.22" endtime="1271.77" participant="me018" timing-provenance="dialogueact">
      <nite:child href="Bmr013.D.words.xml#id(Bmr013.w.5,294)..id(Bmr013.w.5,295)"/>
   </segment>
   <segment nite:id="Bmr013.segment.762" starttime="1295.48" endtime="1298.69" participant="me018" timing-provenance="dialogueact">
      <nite:child href="Bmr013.D.words.xml#id(Bmr013.w.5,408)..id(Bmr013.w.5,427)"/>
   </segment>
   <segment nite:id="Bmr013.segment.764" starttime="1299.17" endtime="1301.67" participant="me018" timing-provenance="dialogueact">
      <nite:child href="Bmr013.D.words.xml#id(Bmr013.w.5,431)..id(Bmr013.w.5,441)"/>
   </segment>
   <segment nite:id="Bmr013.segment.766" starttime="1301.86" endtime="1304.67" participant="me018" timing-provenance="dialogueact">
      <nite:child href="Bmr013.D.words.xml#id(Bmr013.w.5,444)..id(Bmr013.w.5,459)"/>
   </segment>
   <segment nite:id="Bmr013.segment.767" starttime="1305.32" endtime="1307.43" participant="me018" timing-provenance="dialogueact">
      <nite:child href="Bmr013.D.words.xml#id(Bmr013.w.5,460)..id(Bmr013.w.5,471)"/>
   </segment>
   <segment nite:id="Bmr013.segment.770" starttime="1307.6" endtime="1307.89" participant="me018" timing-provenance="dialogueact">
      <nite:child href="Bmr013.D.words.xml#id(Bmr013.w.5,493)..id(Bmr013.w.5,494)"/>
   </segment>
   <segment nite:id="Bmr013.segment.772" starttime="1308.48" endtime="1309.44" participant="me018" timing-provenance="dialogueact">
      <nite:child href="Bmr013.D.words.xml#id(Bmr013.w.5,500)..id(Bmr013.w.5,505)"/>
   </segment>
   <segment nite:id="Bmr013.segment.775" starttime="1309.96" endtime="1310.39" participant="me018" timing-provenance="dialogueact">
      <nite:child href="Bmr013.D.words.xml#id(Bmr013.w.5,519)..id(Bmr013.w.5,521)"/>
   </segment>
   <segment nite:id="Bmr013.segment.783" starttime="1318.29" endtime="1320.79" participant="me018" timing-provenance="dialogueact">
      <nite:child href="Bmr013.D.words.xml#id(Bmr013.w.5,578)..id(Bmr013.w.5,594)"/>
   </segment>
   <segment nite:id="Bmr013.segment.786" starttime="1320.98" endtime="1321.74" participant="me018" timing-provenance="dialogueact">
      <nite:child href="Bmr013.D.words.xml#id(Bmr013.w.5,600)..id(Bmr013.w.5,604)"/>
   </segment>
   <segment nite:id="Bmr013.segment.787" starttime="1322.1" endtime="1324.71" participant="me018" timing-provenance="dialogueact">
      <nite:child href="Bmr013.D.words.xml#id(Bmr013.w.5,605)..id(Bmr013.w.5,616)"/>
   </segment>
   <segment nite:id="Bmr013.segment.788" starttime="1325.42" endtime="1327.53" participant="me018" timing-provenance="dialogueact">
      <nite:child href="Bmr013.D.words.xml#id(Bmr013.w.5,617)..id(Bmr013.w.5,628)"/>
   </segment>
   <segment nite:id="Bmr013.segment.789" starttime="1327.96" endtime="1328.91" participant="me018" timing-provenance="dialogueact">
      <nite:child href="Bmr013.D.words.xml#id(Bmr013.w.5,629)..id(Bmr013.w.5,633)"/>
   </segment>
   <segment nite:id="Bmr013.segment.791" starttime="1331.89" endtime="1333.62" participant="me018" timing-provenance="dialogueact">
      <nite:child href="Bmr013.D.words.xml#id(Bmr013.w.5,654)..id(Bmr013.w.5,659)"/>
   </segment>
   <segment nite:id="Bmr013.segment.793" starttime="1334.909" endtime="1336.724" participant="me018" timing-provenance="segment">
      <nite:child href="Bmr013.D.words.xml#id(Bmr013.w.5,666)..id(Bmr013.disfmarker.172)"/>
   </segment>
   <segment nite:id="Bmr013.segment.814" starttime="1375.47" endtime="1377.44" participant="me018" timing-provenance="dialogueact">
      <nite:child href="Bmr013.D.words.xml#id(Bmr013.w.5,851)..id(Bmr013.w.5,861)"/>
   </segment>
   <segment nite:id="Bmr013.segment.816" starttime="1378.01" endtime="1378.84" participant="me018" timing-provenance="dialogueact">
      <nite:child href="Bmr013.D.words.xml#id(Bmr013.w.5,863)..id(Bmr013.w.5,867)"/>
   </segment>
   <segment nite:id="Bmr013.segment.817" starttime="1379.27" endtime="1380.87" participant="me018" timing-provenance="dialogueact">
      <nite:child href="Bmr013.D.words.xml#id(Bmr013.w.5,868)..id(Bmr013.w.5,873)"/>
   </segment>
   <segment nite:id="Bmr013.segment.818" starttime="1381.47" endtime="1383.61" participant="me018" timing-provenance="dialogueact">
      <nite:child href="Bmr013.D.words.xml#id(Bmr013.w.5,874)..id(Bmr013.w.5,882)"/>
   </segment>
   <segment nite:id="Bmr013.segment.824" starttime="1385.72" endtime="1386.01" participant="me018" timing-provenance="dialogueact">
      <nite:child href="Bmr013.D.words.xml#id(Bmr013.w.5,912)..id(Bmr013.w.5,913)"/>
   </segment>
   <segment nite:id="Bmr013.segment.829" starttime="1394.11" endtime="1394.36" participant="me018" timing-provenance="dialogueact">
      <nite:child href="Bmr013.D.words.xml#id(Bmr013.w.5,934)..id(Bmr013.w.5,935)"/>
   </segment>
   <segment nite:id="Bmr013.segment.854" starttime="1428.4" endtime="1428.74" participant="me018" timing-provenance="dialogueact">
      <nite:child href="Bmr013.D.words.xml#id(Bmr013.w.6,132)..id(Bmr013.w.6,135)"/>
   </segment>
   <segment nite:id="Bmr013.segment.857" starttime="1432.95" endtime="1433.24" participant="me018" timing-provenance="dialogueact">
      <nite:child href="Bmr013.D.words.xml#id(Bmr013.w.6,149)..id(Bmr013.w.6,150)"/>
   </segment>
   <segment nite:id="Bmr013.segment.861" starttime="1441.653" endtime="1443.653" participant="me018" timing-provenance="segment">
      <nite:child href="Bmr013.D.words.xml#id(Bmr013.w.6,186)..id(Bmr013.comment.10)"/>
   </segment>
   <segment nite:id="Bmr013.segment.866" starttime="1444.03" endtime="1445.915" participant="me018" timing-provenance="segment">
      <nite:child href="Bmr013.D.words.xml#id(Bmr013.vocalsound.123)"/>
   </segment>
   <segment nite:id="Bmr013.segment.881" starttime="1464.13" endtime="1466.16" participant="me018" timing-provenance="dialogueact">
      <nite:child href="Bmr013.D.words.xml#id(Bmr013.w.6,291)..id(Bmr013.w.6,302)"/>
   </segment>
   <segment nite:id="Bmr013.segment.892" starttime="1475.31" endtime="1475.46" participant="me018" timing-provenance="dialogueact">
      <nite:child href="Bmr013.D.words.xml#id(Bmr013.w.6,351)..id(Bmr013.w.6,352)"/>
   </segment>
   <segment nite:id="Bmr013.segment.895" starttime="1480.23" endtime="1481.44" participant="me018" timing-provenance="dialogueact">
      <nite:child href="Bmr013.D.words.xml#id(Bmr013.w.6,371)..id(Bmr013.w.6,376)"/>
   </segment>
   <segment nite:id="Bmr013.segment.897" starttime="1481.57" endtime="1481.84" participant="me018" timing-provenance="dialogueact">
      <nite:child href="Bmr013.D.words.xml#id(Bmr013.w.6,379)..id(Bmr013.w.6,382)"/>
   </segment>
   <segment nite:id="Bmr013.segment.910" starttime="1497.826" endtime="1498.309" participant="me018" timing-provenance="segment">
      <nite:child href="Bmr013.D.words.xml#id(Bmr013.vocalsound.131)"/>
   </segment>
   <segment nite:id="Bmr013.segment.930" starttime="1516.898" endtime="1517.356" participant="me018" timing-provenance="segment">
      <nite:child href="Bmr013.D.words.xml#id(Bmr013.vocalsound.142)"/>
   </segment>
   <segment nite:id="Bmr013.segment.931" starttime="1517.601" endtime="1518.097" participant="me018" timing-provenance="segment">
      <nite:child href="Bmr013.D.words.xml#id(Bmr013.vocalsound.143)"/>
   </segment>
   <segment nite:id="Bmr013.segment.934" starttime="1519.912" endtime="1520.371" participant="me018" timing-provenance="segment">
      <nite:child href="Bmr013.D.words.xml#id(Bmr013.vocalsound.144)"/>
   </segment>
   <segment nite:id="Bmr013.segment.994" starttime="1638.029" endtime="1638.704" participant="me018" timing-provenance="segment">
      <nite:child href="Bmr013.D.words.xml#id(Bmr013.vocalsound.156)"/>
   </segment>
   <segment nite:id="Bmr013.segment.999" starttime="1647.69" endtime="1649.44" participant="me018" timing-provenance="dialogueact">
      <nite:child href="Bmr013.D.words.xml#id(Bmr013.w.7,013)..id(Bmr013.w.7,021)"/>
   </segment>
   <segment nite:id="Bmr013.segment.1,033" starttime="1709.047" endtime="1709.705" participant="me018" timing-provenance="segment">
      <nite:child href="Bmr013.D.words.xml#id(Bmr013.w.7,329)..id(Bmr013.disfmarker.252)"/>
   </segment>
   <segment nite:id="Bmr013.segment.1,197" starttime="2011.38" endtime="2011.83" participant="me018" timing-provenance="dialogueact">
      <nite:child href="Bmr013.D.words.xml#id(Bmr013.w.8,746)..id(Bmr013.w.8,748)"/>
   </segment>
   <segment nite:id="Bmr013.segment.1,282" starttime="2152.224" endtime="2154.193" participant="me018" timing-provenance="segment">
      <nite:child href="Bmr013.D.words.xml#id(Bmr013.vocalsound.169)"/>
   </segment>
   <segment nite:id="Bmr013.segment.1,402" starttime="2386.949" endtime="2387.348" participant="me018" timing-provenance="segment">
      <nite:child href="Bmr013.D.words.xml#id(Bmr013.vocalsound.174)"/>
   </segment>
   <segment nite:id="Bmr013.segment.1,434" starttime="2448.704" endtime="2450.617" participant="me018" timing-provenance="segment">
      <nite:child href="Bmr013.D.words.xml#id(Bmr013.vocalsound.176)"/>
   </segment>
   <segment nite:id="Bmr013.segment.1,475" starttime="2507.04" endtime="2507.77" participant="me018" timing-provenance="dialogueact">
      <nite:child href="Bmr013.D.words.xml#id(Bmr013.w.11,005)..id(Bmr013.w.11,009)"/>
   </segment>
   <segment nite:id="Bmr013.segment.1,477" starttime="2508.3" endtime="2508.64" participant="me018" timing-provenance="dialogueact">
      <nite:child href="Bmr013.D.words.xml#id(Bmr013.w.11,014)..id(Bmr013.w.11,015)"/>
   </segment>
   <segment nite:id="Bmr013.segment.1,484" starttime="2515.301" endtime="2516.393" participant="me018" timing-provenance="segment">
      <nite:child href="Bmr013.D.words.xml#id(Bmr013.vocalsound.180)"/>
   </segment>
   <segment nite:id="Bmr013.segment.1,504" starttime="2543.83" endtime="2545.79" participant="me018" timing-provenance="dialogueact">
      <nite:child href="Bmr013.D.words.xml#id(Bmr013.w.11,180)..id(Bmr013.w.11,189)"/>
   </segment>
   <segment nite:id="Bmr013.segment.1,509" starttime="2549.18" endtime="2550.82" participant="me018" timing-provenance="dialogueact">
      <nite:child href="Bmr013.D.words.xml#id(Bmr013.w.11,206)..id(Bmr013.w.11,216)"/>
   </segment>
   <segment nite:id="Bmr013.segment.1,515" starttime="2565.34" endtime="2565.68" participant="me018" timing-provenance="dialogueact">
      <nite:child href="Bmr013.D.words.xml#id(Bmr013.w.11,282)..id(Bmr013.w.11,283)"/>
   </segment>
   <segment nite:id="Bmr013.segment.1,529" starttime="2586.13" endtime="2588.386" participant="me018" timing-provenance="segment">
      <nite:child href="Bmr013.D.words.xml#id(Bmr013.vocalsound.182)"/>
   </segment>
   <segment nite:id="Bmr013.segment.1,545" starttime="2592.112" endtime="2593.787" participant="me018" timing-provenance="segment">
      <nite:child href="Bmr013.D.words.xml#id(Bmr013.vocalsound.193)"/>
   </segment>
   <segment nite:id="Bmr013.segment.1,547" starttime="2594.285" endtime="2595.08" participant="me018" timing-provenance="segment">
      <nite:child href="Bmr013.D.words.xml#id(Bmr013.vocalsound.195)"/>
   </segment>
   <segment nite:id="Bmr013.segment.1,567" starttime="2609.96" endtime="2611.037" participant="me018" timing-provenance="segment">
      <nite:child href="Bmr013.D.words.xml#id(Bmr013.vocalsound.205)"/>
   </segment>
   <segment nite:id="Bmr013.segment.1,579" starttime="2616.955" endtime="2618.788" participant="me018" timing-provenance="segment">
      <nite:child href="Bmr013.D.words.xml#id(Bmr013.w.11,547)..id(Bmr013.vocalsound.215)"/>
   </segment>
   <segment nite:id="Bmr013.segment.1,587" starttime="2622.832" endtime="2623.456" participant="me018" timing-provenance="segment">
      <nite:child href="Bmr013.D.words.xml#id(Bmr013.vocalsound.220)"/>
   </segment>
   <segment nite:id="Bmr013.segment.1,613" starttime="2664.396" endtime="2667.853" participant="me018" digittask="true" timing-provenance="segment">
      <nite:child href="Bmr013.D.words.xml#id(Bmr013.w.11,668)..id(Bmr013.comment.55)"/>
   </segment>
   <segment nite:id="Bmr013.segment.1,614" starttime="2668.537" endtime="2671.025" participant="me018" digittask="true" timing-provenance="segment">
      <nite:child href="Bmr013.D.words.xml#id(Bmr013.w.11,679)..id(Bmr013.comment.56)"/>
   </segment>
   <segment nite:id="Bmr013.segment.1,615" starttime="2671.5" endtime="2673.103" participant="me018" digittask="true" timing-provenance="segment">
      <nite:child href="Bmr013.D.words.xml#id(Bmr013.w.11,686)..id(Bmr013.comment.57)"/>
   </segment>
   <segment nite:id="Bmr013.segment.1,617" starttime="2673.499" endtime="2674.52" participant="me018" digittask="true" timing-provenance="segment">
      <nite:child href="Bmr013.D.words.xml#id(Bmr013.w.11,692)..id(Bmr013.comment.58)"/>
   </segment>
   <segment nite:id="Bmr013.segment.1,618" starttime="2674.894" endtime="2675.592" participant="me018" digittask="true" timing-provenance="segment">
      <nite:child href="Bmr013.D.words.xml#id(Bmr013.w.11,694)..id(Bmr013.comment.59)"/>
   </segment>
   <segment nite:id="Bmr013.segment.1,619" starttime="2675.95" endtime="2676.787" participant="me018" digittask="true" timing-provenance="segment">
      <nite:child href="Bmr013.D.words.xml#id(Bmr013.w.11,695)..id(Bmr013.comment.60)"/>
   </segment>
   <segment nite:id="Bmr013.segment.1,620" starttime="2677.066" endtime="2679.576" participant="me018" digittask="true" timing-provenance="segment">
      <nite:child href="Bmr013.D.words.xml#id(Bmr013.w.11,696)..id(Bmr013.comment.61)"/>
   </segment>
   <segment nite:id="Bmr013.segment.1,621" starttime="2679.975" endtime="2680.851" participant="me018" digittask="true" timing-provenance="segment">
      <nite:child href="Bmr013.D.words.xml#id(Bmr013.w.11,704)..id(Bmr013.comment.62)"/>
   </segment>
   <segment nite:id="Bmr013.segment.1,622" starttime="2681.584" endtime="2682.832" participant="me018" digittask="true" timing-provenance="segment">
      <nite:child href="Bmr013.D.words.xml#id(Bmr013.w.11,706)..id(Bmr013.comment.63)"/>
   </segment>
   <segment nite:id="Bmr013.segment.1,623" starttime="2683.422" endtime="2685.571" participant="me018" digittask="true" timing-provenance="segment">
      <nite:child href="Bmr013.D.words.xml#id(Bmr013.w.11,710)..id(Bmr013.comment.64)"/>
   </segment>
   <segment nite:id="Bmr013.segment.1,624" starttime="2686.389" endtime="2687.807" participant="me018" digittask="true" timing-provenance="segment">
      <nite:child href="Bmr013.D.words.xml#id(Bmr013.w.11,717)..id(Bmr013.comment.65)"/>
   </segment>
   <segment nite:id="Bmr013.segment.1,625" starttime="2688.421" endtime="2690.553" participant="me018" digittask="true" timing-provenance="segment">
      <nite:child href="Bmr013.D.words.xml#id(Bmr013.w.11,721)..id(Bmr013.comment.66)"/>
   </segment>
   <segment nite:id="Bmr013.segment.1,626" starttime="2691.21" endtime="2691.771" participant="me018" digittask="true" timing-provenance="segment">
      <nite:child href="Bmr013.D.words.xml#id(Bmr013.w.11,729)..id(Bmr013.comment.67)"/>
   </segment>
   <segment nite:id="Bmr013.segment.1,627" starttime="2692.386" endtime="2693.594" participant="me018" digittask="true" timing-provenance="segment">
      <nite:child href="Bmr013.D.words.xml#id(Bmr013.w.11,730)..id(Bmr013.comment.68)"/>
   </segment>
   <segment nite:id="Bmr013.segment.1,628" starttime="2694.02" endtime="2695.195" participant="me018" digittask="true" timing-provenance="segment">
      <nite:child href="Bmr013.D.words.xml#id(Bmr013.w.11,733)..id(Bmr013.comment.69)"/>
   </segment>
   <segment nite:id="Bmr013.segment.1,629" starttime="2695.785" endtime="2697.508" participant="me018" digittask="true" timing-provenance="segment">
      <nite:child href="Bmr013.D.words.xml#id(Bmr013.w.11,736)..id(Bmr013.comment.70)"/>
   </segment>
   <segment nite:id="Bmr013.segment.1,630" starttime="2698.041" endtime="2699.273" participant="me018" digittask="true" timing-provenance="segment">
      <nite:child href="Bmr013.D.words.xml#id(Bmr013.w.11,741)..id(Bmr013.comment.71)"/>
   </segment>
   <segment nite:id="Bmr013.segment.1,631" starttime="2699.412" endtime="2701.843" participant="me018" digittask="true" timing-provenance="segment">
      <nite:child href="Bmr013.D.words.xml#id(Bmr013.w.11,744)..id(Bmr013.comment.72)"/>
   </segment>
   <segment nite:id="Bmr013.segment.1,632" starttime="2702.281" endtime="2702.922" participant="me018" digittask="true" timing-provenance="segment">
      <nite:child href="Bmr013.D.words.xml#id(Bmr013.w.11,752)..id(Bmr013.comment.73)"/>
   </segment>
   <segment nite:id="Bmr013.segment.1,633" starttime="2703.337" endtime="2703.963" participant="me018" digittask="true" timing-provenance="segment">
      <nite:child href="Bmr013.D.words.xml#id(Bmr013.w.11,753)..id(Bmr013.comment.74)"/>
   </segment>
   <segment nite:id="Bmr013.segment.1,634" starttime="2704.342" endtime="2706.563" participant="me018" digittask="true" timing-provenance="segment">
      <nite:child href="Bmr013.D.words.xml#id(Bmr013.w.11,754)..id(Bmr013.comment.75)"/>
   </segment>
</nite:root>