<?xml version="1.0" encoding="ISO-8859-1" standalone="yes"?>
<nite:root nite:id="Bmr013.B.segs" xmlns:nite="http://nite.sourceforge.net/">
   <segment nite:id="Bmr013.segment.3" starttime="0.75" endtime="1.71" participant="fe008" timing-provenance="segment">
      <nite:child href="Bmr013.B.words.xml#id(Bmr013.vocalsound.2)"/>
   </segment>
   <segment nite:id="Bmr013.segment.4" starttime="1.91" endtime="3.05" participant="fe008" timing-provenance="segment">
      <nite:child href="Bmr013.B.words.xml#id(Bmr013.vocalsound.3)"/>
   </segment>
   <segment nite:id="Bmr013.segment.6" starttime="3.06" endtime="4.8" participant="fe008" timing-provenance="segment">
      <nite:child href="Bmr013.B.words.xml#id(Bmr013.vocalsound.5)"/>
   </segment>
   <segment nite:id="Bmr013.segment.11" starttime="10.75" endtime="11.53" participant="fe008" timing-provenance="segment">
      <nite:child href="Bmr013.B.words.xml#id(Bmr013.vocalsound.10)"/>
   </segment>
   <segment nite:id="Bmr013.segment.22" starttime="20.34" endtime="23.62" participant="fe008" timing-provenance="segment">
      <nite:child href="Bmr013.B.words.xml#id(Bmr013.vocalsound.21)"/>
   </segment>
   <segment nite:id="Bmr013.segment.24" starttime="23.64" endtime="28.33" participant="fe008" timing-provenance="segment">
      <nite:child href="Bmr013.B.words.xml#id(Bmr013.vocalsound.23)"/>
   </segment>
   <segment nite:id="Bmr013.segment.29" starttime="29.38" endtime="30.19" participant="fe008" timing-provenance="segment">
      <nite:child href="Bmr013.B.words.xml#id(Bmr013.vocalsound.28)"/>
   </segment>
   <segment nite:id="Bmr013.segment.32" starttime="30.8" endtime="32.88" participant="fe008" timing-provenance="segment">
      <nite:child href="Bmr013.B.words.xml#id(Bmr013.vocalsound.31)"/>
   </segment>
   <segment nite:id="Bmr013.segment.38" starttime="37.93" endtime="46.13" participant="fe008" timing-provenance="segment">
      <nite:child href="Bmr013.B.words.xml#id(Bmr013.vocalsound.37)"/>
   </segment>
   <segment nite:id="Bmr013.segment.44" starttime="47.14" endtime="48.94" participant="fe008" timing-provenance="segment">
      <nite:child href="Bmr013.B.words.xml#id(Bmr013.vocalsound.43)"/>
   </segment>
   <segment nite:id="Bmr013.segment.47" starttime="50.57" endtime="52.85" participant="fe008" timing-provenance="segment">
      <nite:child href="Bmr013.B.words.xml#id(Bmr013.vocalsound.46)"/>
   </segment>
   <segment nite:id="Bmr013.segment.49" starttime="53.77" endtime="54.69" participant="fe008" timing-provenance="segment">
      <nite:child href="Bmr013.B.words.xml#id(Bmr013.vocalsound.48)"/>
   </segment>
   <segment nite:id="Bmr013.segment.54" starttime="59.1" endtime="60.05" participant="fe008" timing-provenance="segment">
      <nite:child href="Bmr013.B.words.xml#id(Bmr013.vocalsound.53)"/>
   </segment>
   <segment nite:id="Bmr013.segment.56" starttime="62.9" endtime="63.73" participant="fe008" timing-provenance="segment">
      <nite:child href="Bmr013.B.words.xml#id(Bmr013.vocalsound.55)"/>
   </segment>
   <segment nite:id="Bmr013.segment.72" starttime="92.12" endtime="95.42" participant="fe008" timing-provenance="segment">
      <nite:child href="Bmr013.B.words.xml#id(Bmr013.vocalsound.71)"/>
   </segment>
   <segment nite:id="Bmr013.segment.75" starttime="95.78" endtime="96.53" participant="fe008" timing-provenance="segment">
      <nite:child href="Bmr013.B.words.xml#id(Bmr013.vocalsound.73)"/>
   </segment>
   <segment nite:id="Bmr013.segment.78" starttime="98.41" endtime="98.71" participant="fe008" timing-provenance="dialogueact">
      <nite:child href="Bmr013.B.words.xml#id(Bmr013.w.6)..id(Bmr013.w.7)"/>
   </segment>
   <segment nite:id="Bmr013.segment.91" starttime="113.425" endtime="113.905" participant="fe008" timing-provenance="dialogueact">
      <nite:child href="Bmr013.B.words.xml#id(Bmr013.w.57)..id(Bmr013.w.58)"/>
   </segment>
   <segment nite:id="Bmr013.segment.92" starttime="114.65" endtime="115.95" participant="fe008" timing-provenance="dialogueact">
      <nite:child href="Bmr013.B.words.xml#id(Bmr013.w.59)..id(Bmr013.w.66)"/>
   </segment>
   <segment nite:id="Bmr013.segment.94" starttime="116.503" endtime="119.063" participant="fe008" timing-provenance="dialogueact">
      <nite:child href="Bmr013.B.words.xml#id(Bmr013.w.74)..id(Bmr013.w.82)"/>
   </segment>
   <segment nite:id="Bmr013.segment.99" starttime="128.318" endtime="128.618" participant="fe008" timing-provenance="dialogueact">
      <nite:child href="Bmr013.B.words.xml#id(Bmr013.w.104)..id(Bmr013.w.105)"/>
   </segment>
   <segment nite:id="Bmr013.segment.103" starttime="135.721" endtime="139.651" participant="fe008" timing-provenance="dialogueact">
      <nite:child href="Bmr013.B.words.xml#id(Bmr013.w.131)..id(Bmr013.w.153)"/>
   </segment>
   <segment nite:id="Bmr013.segment.106" starttime="140.489" endtime="140.809" participant="fe008" timing-provenance="dialogueact">
      <nite:child href="Bmr013.B.words.xml#id(Bmr013.w.164)..id(Bmr013.w.167)"/>
   </segment>
   <segment nite:id="Bmr013.segment.176" starttime="271.468" endtime="280.028" participant="fe008" timing-provenance="dialogueact">
      <nite:child href="Bmr013.B.words.xml#id(Bmr013.w.748)..id(Bmr013.w.784)"/>
   </segment>
   <segment nite:id="Bmr013.segment.177" starttime="280.553" endtime="286.633" participant="fe008" timing-provenance="dialogueact">
      <nite:child href="Bmr013.B.words.xml#id(Bmr013.w.785)..id(Bmr013.w.815)"/>
   </segment>
   <segment nite:id="Bmr013.segment.178" starttime="287.033" endtime="293.793" participant="fe008" timing-provenance="dialogueact">
      <nite:child href="Bmr013.B.words.xml#id(Bmr013.w.816)..id(Bmr013.w.848)"/>
   </segment>
   <segment nite:id="Bmr013.segment.181" starttime="295.825" endtime="296.245" participant="fe008" timing-provenance="dialogueact">
      <nite:child href="Bmr013.B.words.xml#id(Bmr013.w.866)..id(Bmr013.w.869)"/>
   </segment>
   <segment nite:id="Bmr013.segment.197" starttime="318.691" endtime="320.291" participant="fe008" timing-provenance="dialogueact">
      <nite:child href="Bmr013.B.words.xml#id(Bmr013.w.976)..id(Bmr013.w.986)"/>
   </segment>
   <segment nite:id="Bmr013.segment.198" starttime="320.992" endtime="323.602" participant="fe008" timing-provenance="dialogueact">
      <nite:child href="Bmr013.B.words.xml#id(Bmr013.w.987)..id(Bmr013.w.1,001)"/>
   </segment>
   <segment nite:id="Bmr013.segment.199" starttime="324.26" endtime="324.75" participant="fe008" timing-provenance="dialogueact">
      <nite:child href="Bmr013.B.words.xml#id(Bmr013.w.1,002)..id(Bmr013.w.1,004)"/>
   </segment>
   <segment nite:id="Bmr013.segment.200" starttime="325.11" endtime="325.3" participant="fe008" timing-provenance="dialogueact">
      <nite:child href="Bmr013.B.words.xml#id(Bmr013.w.1,005)..id(Bmr013.w.1,006)"/>
   </segment>
   <segment nite:id="Bmr013.segment.201" starttime="325.77" endtime="327.69" participant="fe008" timing-provenance="dialogueact">
      <nite:child href="Bmr013.B.words.xml#id(Bmr013.w.1,007)..id(Bmr013.w.1,016)"/>
   </segment>
   <segment nite:id="Bmr013.segment.202" starttime="327.69" endtime="330.73" participant="fe008" timing-provenance="dialogueact">
      <nite:child href="Bmr013.B.words.xml#id(Bmr013.w.1,017)..id(Bmr013.w.1,036)"/>
   </segment>
   <segment nite:id="Bmr013.segment.204" starttime="331.581" endtime="333.06" participant="fe008" timing-provenance="segment">
      <nite:child href="Bmr013.B.words.xml#id(Bmr013.w.1,039)..id(Bmr013.disfmarker.28)"/>
   </segment>
   <segment nite:id="Bmr013.segment.263" starttime="474.274" endtime="474.474" participant="fe008" timing-provenance="dialogueact">
      <nite:child href="Bmr013.B.words.xml#id(Bmr013.w.1,620)..id(Bmr013.w.1,621)"/>
   </segment>
   <segment nite:id="Bmr013.segment.264" starttime="475.359" endtime="476.819" participant="fe008" timing-provenance="dialogueact">
      <nite:child href="Bmr013.B.words.xml#id(Bmr013.w.1,622)..id(Bmr013.w.1,631)"/>
   </segment>
   <segment nite:id="Bmr013.segment.265" starttime="477.232" endtime="477.832" participant="fe008" timing-provenance="dialogueact">
      <nite:child href="Bmr013.B.words.xml#id(Bmr013.w.1,632)..id(Bmr013.w.1,635)"/>
   </segment>
   <segment nite:id="Bmr013.segment.268" starttime="478.318" endtime="478.898" participant="fe008" timing-provenance="dialogueact">
      <nite:child href="Bmr013.B.words.xml#id(Bmr013.w.1,648)..id(Bmr013.w.1,650)"/>
   </segment>
   <segment nite:id="Bmr013.segment.305" starttime="532.042" endtime="532.482" participant="fe008" timing-provenance="dialogueact">
      <nite:child href="Bmr013.B.words.xml#id(Bmr013.w.1,954)"/>
   </segment>
   <segment nite:id="Bmr013.segment.379" starttime="654.147" endtime="654.466" participant="fe008" timing-provenance="segment">
      <nite:child href="Bmr013.B.words.xml#id(Bmr013.w.2,512)..id(Bmr013.w.2,514)"/>
   </segment>
   <segment nite:id="Bmr013.segment.380" starttime="656.697" endtime="661.402" participant="fe008" timing-provenance="segment">
      <nite:child href="Bmr013.B.words.xml#id(Bmr013.w.2,515)..id(Bmr013.w.2,533)"/>
   </segment>
   <segment nite:id="Bmr013.segment.382" starttime="661.577" endtime="666.397" participant="fe008" timing-provenance="dialogueact">
      <nite:child href="Bmr013.B.words.xml#id(Bmr013.w.2,534)..id(Bmr013.w.2,554)"/>
   </segment>
   <segment nite:id="Bmr013.segment.387" starttime="669.728" endtime="669.988" participant="fe008" timing-provenance="dialogueact">
      <nite:child href="Bmr013.B.words.xml#id(Bmr013.w.2,578)..id(Bmr013.w.2,581)"/>
   </segment>
   <segment nite:id="Bmr013.segment.404" starttime="697.704" endtime="698.202" participant="fe008" timing-provenance="segment">
      <nite:child href="Bmr013.B.words.xml#id(Bmr013.vocalsound.99)"/>
   </segment>
   <segment nite:id="Bmr013.segment.413" starttime="713.59" endtime="714.01" participant="fe008" timing-provenance="dialogueact">
      <nite:child href="Bmr013.B.words.xml#id(Bmr013.w.2,774)"/>
   </segment>
   <segment nite:id="Bmr013.segment.417" starttime="719.717" endtime="723.607" participant="fe008" timing-provenance="dialogueact">
      <nite:child href="Bmr013.B.words.xml#id(Bmr013.w.2,801)..id(Bmr013.w.2,822)"/>
   </segment>
   <segment nite:id="Bmr013.segment.422" starttime="723.987" endtime="727.517" participant="fe008" timing-provenance="dialogueact">
      <nite:child href="Bmr013.B.words.xml#id(Bmr013.w.2,830)..id(Bmr013.w.2,848)"/>
   </segment>
   <segment nite:id="Bmr013.segment.424" starttime="727.737" endtime="728.167" participant="fe008" timing-provenance="dialogueact">
      <nite:child href="Bmr013.B.words.xml#id(Bmr013.w.2,851)..id(Bmr013.w.2,853)"/>
   </segment>
   <segment nite:id="Bmr013.segment.425" starttime="728.357" endtime="729.917" participant="fe008" timing-provenance="dialogueact">
      <nite:child href="Bmr013.B.words.xml#id(Bmr013.w.2,854)..id(Bmr013.w.2,866)"/>
   </segment>
   <segment nite:id="Bmr013.segment.438" starttime="742.671" endtime="742.931" participant="fe008" timing-provenance="dialogueact">
      <nite:child href="Bmr013.B.words.xml#id(Bmr013.w.2,935)..id(Bmr013.w.2,936)"/>
   </segment>
   <segment nite:id="Bmr013.segment.441" starttime="745.616" endtime="749.103" participant="fe008" timing-provenance="segment">
      <nite:child href="Bmr013.B.words.xml#id(Bmr013.w.2,946)..id(Bmr013.disfmarker.92)"/>
   </segment>
   <segment nite:id="Bmr013.segment.444" starttime="752.772" endtime="753.282" participant="fe008" timing-provenance="dialogueact">
      <nite:child href="Bmr013.B.words.xml#id(Bmr013.w.2,988)..id(Bmr013.w.2,991)"/>
   </segment>
   <segment nite:id="Bmr013.segment.445" starttime="754.027" endtime="754.377" participant="fe008" timing-provenance="dialogueact">
      <nite:child href="Bmr013.B.words.xml#id(Bmr013.w.2,992)..id(Bmr013.w.2,993)"/>
   </segment>
   <segment nite:id="Bmr013.segment.446" starttime="754.801" endtime="754.961" participant="fe008" timing-provenance="dialogueact">
      <nite:child href="Bmr013.B.words.xml#id(Bmr013.w.2,994)..id(Bmr013.w.2,995)"/>
   </segment>
   <segment nite:id="Bmr013.segment.451" starttime="759.77" endtime="760.065" participant="fe008" timing-provenance="segment">
      <nite:child href="Bmr013.B.words.xml#id(Bmr013.w.3,027)..id(Bmr013.comment.6)"/>
   </segment>
   <segment nite:id="Bmr013.segment.462" starttime="775.129" endtime="775.289" participant="fe008" timing-provenance="dialogueact">
      <nite:child href="Bmr013.B.words.xml#id(Bmr013.w.3,085)..id(Bmr013.w.3,086)"/>
   </segment>
   <segment nite:id="Bmr013.segment.468" starttime="785.562" endtime="788.832" participant="fe008" timing-provenance="dialogueact">
      <nite:child href="Bmr013.B.words.xml#id(Bmr013.w.3,116)..id(Bmr013.w.3,130)"/>
   </segment>
   <segment nite:id="Bmr013.segment.469" starttime="790.035" endtime="792.855" participant="fe008" timing-provenance="dialogueact">
      <nite:child href="Bmr013.B.words.xml#id(Bmr013.w.3,131)..id(Bmr013.w.3,147)"/>
   </segment>
   <segment nite:id="Bmr013.segment.470" starttime="793.145" endtime="794.385" participant="fe008" timing-provenance="dialogueact">
      <nite:child href="Bmr013.B.words.xml#id(Bmr013.w.3,148)..id(Bmr013.w.3,154)"/>
   </segment>
   <segment nite:id="Bmr013.segment.471" starttime="795.489" endtime="796.669" participant="fe008" timing-provenance="dialogueact">
      <nite:child href="Bmr013.B.words.xml#id(Bmr013.w.3,155)..id(Bmr013.w.3,160)"/>
   </segment>
   <segment nite:id="Bmr013.segment.474" starttime="799.207" endtime="802.957" participant="fe008" timing-provenance="dialogueact">
      <nite:child href="Bmr013.B.words.xml#id(Bmr013.w.3,172)..id(Bmr013.w.3,188)"/>
   </segment>
   <segment nite:id="Bmr013.segment.475" starttime="803.445" endtime="804.035" participant="fe008" timing-provenance="dialogueact">
      <nite:child href="Bmr013.B.words.xml#id(Bmr013.w.3,189)..id(Bmr013.w.3,190)"/>
   </segment>
   <segment nite:id="Bmr013.segment.478" starttime="804.787" endtime="807.197" participant="fe008" timing-provenance="dialogueact">
      <nite:child href="Bmr013.B.words.xml#id(Bmr013.w.3,197)..id(Bmr013.w.3,209)"/>
   </segment>
   <segment nite:id="Bmr013.segment.483" starttime="807.942" endtime="810.962" participant="fe008" timing-provenance="dialogueact">
      <nite:child href="Bmr013.B.words.xml#id(Bmr013.w.3,225)..id(Bmr013.w.3,243)"/>
   </segment>
   <segment nite:id="Bmr013.segment.488" starttime="811.017" endtime="811.886" participant="fe008" timing-provenance="segment">
      <nite:child href="Bmr013.B.words.xml#id(Bmr013.vocalsound.103)"/>
   </segment>
   <segment nite:id="Bmr013.segment.492" starttime="813.551" endtime="813.831" participant="fe008" timing-provenance="dialogueact">
      <nite:child href="Bmr013.B.words.xml#id(Bmr013.w.3,266)..id(Bmr013.w.3,267)"/>
   </segment>
   <segment nite:id="Bmr013.segment.673" starttime="1113.16" endtime="1113.651" participant="fe008" timing-provenance="segment">
      <nite:child href="Bmr013.B.words.xml#id(Bmr013.vocalsound.113)"/>
   </segment>
   <segment nite:id="Bmr013.segment.683" starttime="1126.62" endtime="1126.83" participant="fe008" timing-provenance="dialogueact">
      <nite:child href="Bmr013.B.words.xml#id(Bmr013.w.4,704)..id(Bmr013.w.4,705)"/>
   </segment>
   <segment nite:id="Bmr013.segment.689" starttime="1140.593" endtime="1141.028" participant="fe008" timing-provenance="segment">
      <nite:child href="Bmr013.B.words.xml#id(Bmr013.w.4,737)..id(Bmr013.disfmarker.143)"/>
   </segment>
   <segment nite:id="Bmr013.segment.694" starttime="1143.69" endtime="1144.97" participant="fe008" timing-provenance="dialogueact">
      <nite:child href="Bmr013.B.words.xml#id(Bmr013.w.4,762)..id(Bmr013.w.4,770)"/>
   </segment>
   <segment nite:id="Bmr013.segment.695" starttime="1145.54" endtime="1147.42" participant="fe008" timing-provenance="dialogueact">
      <nite:child href="Bmr013.B.words.xml#id(Bmr013.w.4,771)..id(Bmr013.w.4,781)"/>
   </segment>
   <segment nite:id="Bmr013.segment.752" starttime="1272.219" endtime="1272.808" participant="fe008" timing-provenance="segment">
      <nite:child href="Bmr013.B.words.xml#id(Bmr013.vocalsound.117)..id(Bmr013.w.5,311)"/>
   </segment>
   <segment nite:id="Bmr013.segment.753" starttime="1275.05" endtime="1278.34" participant="fe008" timing-provenance="dialogueact">
      <nite:child href="Bmr013.B.words.xml#id(Bmr013.w.5,312)..id(Bmr013.w.5,332)"/>
   </segment>
   <segment nite:id="Bmr013.segment.755" starttime="1278.65" endtime="1279.63" participant="fe008" timing-provenance="dialogueact">
      <nite:child href="Bmr013.B.words.xml#id(Bmr013.w.5,337)..id(Bmr013.w.5,343)"/>
   </segment>
   <segment nite:id="Bmr013.segment.756" starttime="1279.91" endtime="1283.5" participant="fe008" timing-provenance="dialogueact">
      <nite:child href="Bmr013.B.words.xml#id(Bmr013.w.5,344)..id(Bmr013.w.5,357)"/>
   </segment>
   <segment nite:id="Bmr013.segment.758" starttime="1283.77" endtime="1284.67" participant="fe008" timing-provenance="dialogueact">
      <nite:child href="Bmr013.B.words.xml#id(Bmr013.w.5,362)..id(Bmr013.w.5,365)"/>
   </segment>
   <segment nite:id="Bmr013.segment.759" starttime="1285.01" endtime="1291.92" participant="fe008" timing-provenance="dialogueact">
      <nite:child href="Bmr013.B.words.xml#id(Bmr013.w.5,366)..id(Bmr013.w.5,393)"/>
   </segment>
   <segment nite:id="Bmr013.segment.760" starttime="1292.28" endtime="1294.6" participant="fe008" timing-provenance="dialogueact">
      <nite:child href="Bmr013.B.words.xml#id(Bmr013.w.5,394)..id(Bmr013.w.5,403)"/>
   </segment>
   <segment nite:id="Bmr013.segment.763" starttime="1298.852" endtime="1299.594" participant="fe008" timing-provenance="segment">
      <nite:child href="Bmr013.B.words.xml#id(Bmr013.w.5,428)..id(Bmr013.comment.8)"/>
   </segment>
   <segment nite:id="Bmr013.segment.765" starttime="1301.16" endtime="1301.35" participant="fe008" timing-provenance="dialogueact">
      <nite:child href="Bmr013.B.words.xml#id(Bmr013.w.5,442)..id(Bmr013.w.5,443)"/>
   </segment>
   <segment nite:id="Bmr013.segment.768" starttime="1305.38" endtime="1305.58" participant="fe008" timing-provenance="dialogueact">
      <nite:child href="Bmr013.B.words.xml#id(Bmr013.w.5,472)..id(Bmr013.w.5,475)"/>
   </segment>
   <segment nite:id="Bmr013.segment.771" starttime="1307.557" endtime="1308.5" participant="fe008" timing-provenance="segment">
      <nite:child href="Bmr013.B.words.xml#id(Bmr013.w.5,495)..id(Bmr013.disfmarker.169)"/>
   </segment>
   <segment nite:id="Bmr013.segment.773" starttime="1309.64" endtime="1311.65" participant="fe008" timing-provenance="dialogueact">
      <nite:child href="Bmr013.B.words.xml#id(Bmr013.w.5,506)..id(Bmr013.w.5,514)"/>
   </segment>
   <segment nite:id="Bmr013.segment.779" starttime="1315.14" endtime="1315.48" participant="fe008" timing-provenance="dialogueact">
      <nite:child href="Bmr013.B.words.xml#id(Bmr013.w.5,546)..id(Bmr013.w.5,549)"/>
   </segment>
   <segment nite:id="Bmr013.segment.782" starttime="1317.31" endtime="1317.5" participant="fe008" timing-provenance="dialogueact">
      <nite:child href="Bmr013.B.words.xml#id(Bmr013.w.5,574)..id(Bmr013.w.5,577)"/>
   </segment>
   <segment nite:id="Bmr013.segment.784" starttime="1318.256" endtime="1318.631" participant="fe008" timing-provenance="segment">
      <nite:child href="Bmr013.B.words.xml#id(Bmr013.vocalsound.118)"/>
   </segment>
   <segment nite:id="Bmr013.segment.794" starttime="1335.14" endtime="1335.35" participant="fe008" timing-provenance="dialogueact">
      <nite:child href="Bmr013.B.words.xml#id(Bmr013.w.5,674)..id(Bmr013.w.5,675)"/>
   </segment>
   <segment nite:id="Bmr013.segment.809" starttime="1365.54" endtime="1370.7" participant="fe008" timing-provenance="dialogueact">
      <nite:child href="Bmr013.B.words.xml#id(Bmr013.w.5,799)..id(Bmr013.w.5,820)"/>
   </segment>
   <segment nite:id="Bmr013.segment.811" starttime="1370.768" endtime="1371.848" participant="fe008" timing-provenance="segment">
      <nite:child href="Bmr013.B.words.xml#id(Bmr013.w.5,823)..id(Bmr013.disfmarker.177)"/>
   </segment>
   <segment nite:id="Bmr013.segment.815" starttime="1375.73" endtime="1376.201" participant="fe008" timing-provenance="segment">
      <nite:child href="Bmr013.B.words.xml#id(Bmr013.w.5,862)..id(Bmr013.disfmarker.179)"/>
   </segment>
   <segment nite:id="Bmr013.segment.819" starttime="1383.25" endtime="1383.5" participant="fe008" timing-provenance="dialogueact">
      <nite:child href="Bmr013.B.words.xml#id(Bmr013.w.5,883)..id(Bmr013.w.5,886)"/>
   </segment>
   <segment nite:id="Bmr013.segment.822" starttime="1384.219" endtime="1384.836" participant="fe008" timing-provenance="segment">
      <nite:child href="Bmr013.B.words.xml#id(Bmr013.w.5,906)..id(Bmr013.disfmarker.181)"/>
   </segment>
   <segment nite:id="Bmr013.segment.833" starttime="1399.25" endtime="1399.39" participant="fe008" timing-provenance="dialogueact">
      <nite:child href="Bmr013.B.words.xml#id(Bmr013.w.5,963)..id(Bmr013.w.5,964)"/>
   </segment>
   <segment nite:id="Bmr013.segment.836" starttime="1401.34" endtime="1401.46" participant="fe008" timing-provenance="dialogueact">
      <nite:child href="Bmr013.B.words.xml#id(Bmr013.w.5,979)..id(Bmr013.w.5,980)"/>
   </segment>
   <segment nite:id="Bmr013.segment.855" starttime="1430.845" endtime="1431.084" participant="fe008" timing-provenance="segment">
      <nite:child href="Bmr013.B.words.xml#id(Bmr013.w.6,136)..id(Bmr013.comment.9)"/>
   </segment>
   <segment nite:id="Bmr013.segment.858" starttime="1434.13" endtime="1437.07" participant="fe008" timing-provenance="dialogueact">
      <nite:child href="Bmr013.B.words.xml#id(Bmr013.w.6,151)..id(Bmr013.w.6,162)"/>
   </segment>
   <segment nite:id="Bmr013.segment.860" starttime="1437.8" endtime="1442.53" participant="fe008" timing-provenance="dialogueact">
      <nite:child href="Bmr013.B.words.xml#id(Bmr013.w.6,164)..id(Bmr013.w.6,185)"/>
   </segment>
   <segment nite:id="Bmr013.segment.864" starttime="1443.773" endtime="1445.442" participant="fe008" timing-provenance="segment">
      <nite:child href="Bmr013.B.words.xml#id(Bmr013.vocalsound.121)"/>
   </segment>
   <segment nite:id="Bmr013.segment.867" starttime="1445.48" endtime="1446.43" participant="fe008" timing-provenance="dialogueact">
      <nite:child href="Bmr013.B.words.xml#id(Bmr013.w.6,197)..id(Bmr013.w.6,205)"/>
   </segment>
   <segment nite:id="Bmr013.segment.868" starttime="1447.1" endtime="1449.98" participant="fe008" timing-provenance="dialogueact">
      <nite:child href="Bmr013.B.words.xml#id(Bmr013.w.6,206)..id(Bmr013.w.6,220)"/>
   </segment>
   <segment nite:id="Bmr013.segment.869" starttime="1450.14" endtime="1453.08" participant="fe008" timing-provenance="dialogueact">
      <nite:child href="Bmr013.B.words.xml#id(Bmr013.w.6,221)..id(Bmr013.w.6,237)"/>
   </segment>
   <segment nite:id="Bmr013.segment.870" starttime="1453.93" endtime="1454.23" participant="fe008" timing-provenance="dialogueact">
      <nite:child href="Bmr013.B.words.xml#id(Bmr013.w.6,238)..id(Bmr013.w.6,240)"/>
   </segment>
   <segment nite:id="Bmr013.segment.871" starttime="1454.57" endtime="1455.68" participant="fe008" timing-provenance="dialogueact">
      <nite:child href="Bmr013.B.words.xml#id(Bmr013.w.6,241)..id(Bmr013.w.6,246)"/>
   </segment>
   <segment nite:id="Bmr013.segment.872" starttime="1455.95" endtime="1456.45" participant="fe008" timing-provenance="dialogueact">
      <nite:child href="Bmr013.B.words.xml#id(Bmr013.w.6,247)..id(Bmr013.w.6,249)"/>
   </segment>
   <segment nite:id="Bmr013.segment.873" starttime="1457.01" endtime="1458.37" participant="fe008" timing-provenance="dialogueact">
      <nite:child href="Bmr013.B.words.xml#id(Bmr013.w.6,250)..id(Bmr013.w.6,257)"/>
   </segment>
   <segment nite:id="Bmr013.segment.874" starttime="1458.62" endtime="1458.99" participant="fe008" timing-provenance="dialogueact">
      <nite:child href="Bmr013.B.words.xml#id(Bmr013.w.6,258)..id(Bmr013.w.6,261)"/>
   </segment>
   <segment nite:id="Bmr013.segment.876" starttime="1459.66" endtime="1460.63" participant="fe008" timing-provenance="dialogueact">
      <nite:child href="Bmr013.B.words.xml#id(Bmr013.w.6,264)..id(Bmr013.w.6,269)"/>
   </segment>
   <segment nite:id="Bmr013.segment.879" starttime="1462.22" endtime="1462.38" participant="fe008" timing-provenance="dialogueact">
      <nite:child href="Bmr013.B.words.xml#id(Bmr013.w.6,277)..id(Bmr013.w.6,278)"/>
   </segment>
   <segment nite:id="Bmr013.segment.884" starttime="1466.44" endtime="1467.12" participant="fe008" timing-provenance="dialogueact">
      <nite:child href="Bmr013.B.words.xml#id(Bmr013.w.6,316)..id(Bmr013.w.6,321)"/>
   </segment>
   <segment nite:id="Bmr013.segment.887" starttime="1469.56" endtime="1470.963" participant="fe008" timing-provenance="segment">
      <nite:child href="Bmr013.B.words.xml#id(Bmr013.vocalsound.124)..id(Bmr013.w.6,325)"/>
   </segment>
   <segment nite:id="Bmr013.segment.898" starttime="1481.587" endtime="1482.762" participant="fe008" timing-provenance="segment">
      <nite:child href="Bmr013.B.words.xml#id(Bmr013.vocalsound.125)"/>
   </segment>
   <segment nite:id="Bmr013.segment.900" starttime="1483.71" endtime="1483.928" participant="fe008" timing-provenance="segment">
      <nite:child href="Bmr013.B.words.xml#id(Bmr013.vocalsound.126)"/>
   </segment>
   <segment nite:id="Bmr013.segment.923" starttime="1514.945" endtime="1515.487" participant="fe008" timing-provenance="segment">
      <nite:child href="Bmr013.B.words.xml#id(Bmr013.vocalsound.137)"/>
   </segment>
   <segment nite:id="Bmr013.segment.925" starttime="1515.54" endtime="1516.81" participant="fe008" timing-provenance="dialogueact">
      <nite:child href="Bmr013.B.words.xml#id(Bmr013.w.6,525)..id(Bmr013.w.6,530)"/>
   </segment>
   <segment nite:id="Bmr013.segment.928" starttime="1516.845" endtime="1517.959" participant="fe008" timing-provenance="segment">
      <nite:child href="Bmr013.B.words.xml#id(Bmr013.vocalsound.140)"/>
   </segment>
   <segment nite:id="Bmr013.segment.933" starttime="1519.69" endtime="1519.81" participant="fe008" timing-provenance="dialogueact">
      <nite:child href="Bmr013.B.words.xml#id(Bmr013.w.6,540)..id(Bmr013.w.6,541)"/>
   </segment>
   <segment nite:id="Bmr013.segment.936" starttime="1521.117" endtime="1521.604" participant="fe008" timing-provenance="segment">
      <nite:child href="Bmr013.B.words.xml#id(Bmr013.vocalsound.145)"/>
   </segment>
   <segment nite:id="Bmr013.segment.968" starttime="1595.62" endtime="1596.17" participant="fe008" timing-provenance="dialogueact">
      <nite:child href="Bmr013.B.words.xml#id(Bmr013.w.6,806)..id(Bmr013.w.6,807)"/>
   </segment>
   <segment nite:id="Bmr013.segment.970" starttime="1596.96" endtime="1597.48" participant="fe008" timing-provenance="dialogueact">
      <nite:child href="Bmr013.B.words.xml#id(Bmr013.w.6,822)..id(Bmr013.w.6,823)"/>
   </segment>
   <segment nite:id="Bmr013.segment.1,000" starttime="1647.953" endtime="1648.67" participant="fe008" timing-provenance="segment">
      <nite:child href="Bmr013.B.words.xml#id(Bmr013.w.7,022)..id(Bmr013.disfmarker.242)"/>
   </segment>
   <segment nite:id="Bmr013.segment.1,001" starttime="1649.53" endtime="1652.25" participant="fe008" timing-provenance="dialogueact">
      <nite:child href="Bmr013.B.words.xml#id(Bmr013.w.7,026)..id(Bmr013.w.7,038)"/>
   </segment>
   <segment nite:id="Bmr013.segment.1,004" starttime="1652.58" endtime="1656.71" participant="fe008" timing-provenance="dialogueact">
      <nite:child href="Bmr013.B.words.xml#id(Bmr013.w.7,050)..id(Bmr013.w.7,072)"/>
   </segment>
   <segment nite:id="Bmr013.segment.1,006" starttime="1656.95" endtime="1661.81" participant="fe008" timing-provenance="dialogueact">
      <nite:child href="Bmr013.B.words.xml#id(Bmr013.w.7,077)..id(Bmr013.w.7,092)"/>
   </segment>
   <segment nite:id="Bmr013.segment.1,010" starttime="1663.212" endtime="1664.3" participant="fe008" timing-provenance="segment">
      <nite:child href="Bmr013.B.words.xml#id(Bmr013.w.7,111)..id(Bmr013.disfmarker.245)"/>
   </segment>
   <segment nite:id="Bmr013.segment.1,012" starttime="1664.329" endtime="1664.825" participant="fe008" timing-provenance="segment">
      <nite:child href="Bmr013.B.words.xml#id(Bmr013.w.7,126)..id(Bmr013.disfmarker.246)"/>
   </segment>
   <segment nite:id="Bmr013.segment.1,013" starttime="1666.23" endtime="1667.38" participant="fe008" timing-provenance="dialogueact">
      <nite:child href="Bmr013.B.words.xml#id(Bmr013.w.7,127)..id(Bmr013.w.7,135)"/>
   </segment>
   <segment nite:id="Bmr013.segment.1,015" starttime="1667.66" endtime="1670.05" participant="fe008" timing-provenance="dialogueact">
      <nite:child href="Bmr013.B.words.xml#id(Bmr013.w.7,138)..id(Bmr013.w.7,152)"/>
   </segment>
   <segment nite:id="Bmr013.segment.1,017" starttime="1670.5" endtime="1681.27" participant="fe008" timing-provenance="dialogueact">
      <nite:child href="Bmr013.B.words.xml#id(Bmr013.w.7,155)..id(Bmr013.w.7,211)"/>
   </segment>
   <segment nite:id="Bmr013.segment.1,020" starttime="1681.52" endtime="1684.24" participant="fe008" timing-provenance="dialogueact">
      <nite:child href="Bmr013.B.words.xml#id(Bmr013.w.7,216)..id(Bmr013.w.7,230)"/>
   </segment>
   <segment nite:id="Bmr013.segment.1,021" starttime="1684.71" endtime="1686.99" participant="fe008" timing-provenance="dialogueact">
      <nite:child href="Bmr013.B.words.xml#id(Bmr013.w.7,231)..id(Bmr013.w.7,241)"/>
   </segment>
   <segment nite:id="Bmr013.segment.1,022" starttime="1687.197" endtime="1689.209" participant="fe008" timing-provenance="segment">
      <nite:child href="Bmr013.B.words.xml#id(Bmr013.w.7,242)..id(Bmr013.disfmarker.250)"/>
   </segment>
   <segment nite:id="Bmr013.segment.1,023" starttime="1689.56" endtime="1692.49" participant="fe008" timing-provenance="dialogueact">
      <nite:child href="Bmr013.B.words.xml#id(Bmr013.w.7,248)..id(Bmr013.w.7,263)"/>
   </segment>
   <segment nite:id="Bmr013.segment.1,024" starttime="1692.89" endtime="1696.15" participant="fe008" timing-provenance="dialogueact">
      <nite:child href="Bmr013.B.words.xml#id(Bmr013.w.7,264)..id(Bmr013.w.7,279)"/>
   </segment>
   <segment nite:id="Bmr013.segment.1,026" starttime="1696.67" endtime="1697.97" participant="fe008" timing-provenance="dialogueact">
      <nite:child href="Bmr013.B.words.xml#id(Bmr013.w.7,282)..id(Bmr013.w.7,288)"/>
   </segment>
   <segment nite:id="Bmr013.segment.1,027" starttime="1698.42" endtime="1699.53" participant="fe008" timing-provenance="dialogueact">
      <nite:child href="Bmr013.B.words.xml#id(Bmr013.w.7,289)..id(Bmr013.w.7,294)"/>
   </segment>
   <segment nite:id="Bmr013.segment.1,028" starttime="1700.22" endtime="1707.02" participant="fe008" timing-provenance="dialogueact">
      <nite:child href="Bmr013.B.words.xml#id(Bmr013.w.7,295)..id(Bmr013.w.7,319)"/>
   </segment>
   <segment nite:id="Bmr013.segment.1,032" starttime="1707.59" endtime="1708.39" participant="fe008" timing-provenance="dialogueact">
      <nite:child href="Bmr013.B.words.xml#id(Bmr013.w.7,326)..id(Bmr013.w.7,328)"/>
   </segment>
   <segment nite:id="Bmr013.segment.1,035" starttime="1709.55" endtime="1709.84" participant="fe008" timing-provenance="dialogueact">
      <nite:child href="Bmr013.B.words.xml#id(Bmr013.w.7,365)..id(Bmr013.w.7,366)"/>
   </segment>
   <segment nite:id="Bmr013.segment.1,036" starttime="1712.15" endtime="1712.48" participant="fe008" timing-provenance="dialogueact">
      <nite:child href="Bmr013.B.words.xml#id(Bmr013.w.7,367)..id(Bmr013.w.7,368)"/>
   </segment>
   <segment nite:id="Bmr013.segment.1,037" starttime="1712.74" endtime="1713.48" participant="fe008" timing-provenance="dialogueact">
      <nite:child href="Bmr013.B.words.xml#id(Bmr013.w.7,369)..id(Bmr013.w.7,375)"/>
   </segment>
   <segment nite:id="Bmr013.segment.1,041" starttime="1722.42" endtime="1722.79" participant="fe008" timing-provenance="dialogueact">
      <nite:child href="Bmr013.B.words.xml#id(Bmr013.w.7,408)..id(Bmr013.w.7,411)"/>
   </segment>
   <segment nite:id="Bmr013.segment.1,043" starttime="1723.54" endtime="1731.25" participant="fe008" timing-provenance="dialogueact">
      <nite:child href="Bmr013.B.words.xml#id(Bmr013.w.7,414)..id(Bmr013.w.7,451)"/>
   </segment>
   <segment nite:id="Bmr013.segment.1,047" starttime="1740.99" endtime="1745.946" participant="fe008" timing-provenance="segment">
      <nite:child href="Bmr013.B.words.xml#id(Bmr013.w.7,483)..id(Bmr013.comment.16)"/>
   </segment>
   <segment nite:id="Bmr013.segment.1,049" starttime="1746.04" endtime="1746.43" participant="fe008" timing-provenance="dialogueact">
      <nite:child href="Bmr013.B.words.xml#id(Bmr013.w.7,520)..id(Bmr013.w.7,521)"/>
   </segment>
   <segment nite:id="Bmr013.segment.1,056" starttime="1758.01" endtime="1758.43" participant="fe008" timing-provenance="dialogueact">
      <nite:child href="Bmr013.B.words.xml#id(Bmr013.w.7,566)..id(Bmr013.w.7,569)"/>
   </segment>
   <segment nite:id="Bmr013.segment.1,082" starttime="1797.91" endtime="1799.38" participant="fe008" timing-provenance="dialogueact">
      <nite:child href="Bmr013.B.words.xml#id(Bmr013.w.7,733)..id(Bmr013.w.7,737)"/>
   </segment>
   <segment nite:id="Bmr013.segment.1,101" starttime="1830.34" endtime="1834.32" participant="fe008" timing-provenance="dialogueact">
      <nite:child href="Bmr013.B.words.xml#id(Bmr013.w.7,870)..id(Bmr013.w.7,894)"/>
   </segment>
   <segment nite:id="Bmr013.segment.1,106" starttime="1834.8" endtime="1834.95" participant="fe008" timing-provenance="dialogueact">
      <nite:child href="Bmr013.B.words.xml#id(Bmr013.w.7,921)..id(Bmr013.w.7,922)"/>
   </segment>
   <segment nite:id="Bmr013.segment.1,119" starttime="1852.48" endtime="1855.19" participant="fe008" timing-provenance="dialogueact">
      <nite:child href="Bmr013.B.words.xml#id(Bmr013.w.8,010)..id(Bmr013.w.8,023)"/>
   </segment>
   <segment nite:id="Bmr013.segment.1,120" starttime="1855.47" endtime="1861.08" participant="fe008" timing-provenance="dialogueact">
      <nite:child href="Bmr013.B.words.xml#id(Bmr013.w.8,024)..id(Bmr013.w.8,055)"/>
   </segment>
   <segment nite:id="Bmr013.segment.1,121" starttime="1861.83" endtime="1862.74" participant="fe008" timing-provenance="dialogueact">
      <nite:child href="Bmr013.B.words.xml#id(Bmr013.w.8,056)..id(Bmr013.w.8,060)"/>
   </segment>
   <segment nite:id="Bmr013.segment.1,122" starttime="1863.3" endtime="1863.75" participant="fe008" timing-provenance="dialogueact">
      <nite:child href="Bmr013.B.words.xml#id(Bmr013.w.8,061)..id(Bmr013.w.8,063)"/>
   </segment>
   <segment nite:id="Bmr013.segment.1,123" starttime="1866.179" endtime="1867.255" participant="fe008" timing-provenance="segment">
      <nite:child href="Bmr013.B.words.xml#id(Bmr013.w.8,064)..id(Bmr013.comment.20)"/>
   </segment>
   <segment nite:id="Bmr013.segment.1,131" starttime="1888.81" endtime="1891.63" participant="fe008" timing-provenance="dialogueact">
      <nite:child href="Bmr013.B.words.xml#id(Bmr013.w.8,150)..id(Bmr013.w.8,161)"/>
   </segment>
   <segment nite:id="Bmr013.segment.1,133" starttime="1892.4" endtime="1894.89" participant="fe008" timing-provenance="dialogueact">
      <nite:child href="Bmr013.B.words.xml#id(Bmr013.w.8,164)..id(Bmr013.w.8,179)"/>
   </segment>
   <segment nite:id="Bmr013.segment.1,134" starttime="1895.32" endtime="1895.77" participant="fe008" timing-provenance="dialogueact">
      <nite:child href="Bmr013.B.words.xml#id(Bmr013.w.8,180)..id(Bmr013.w.8,182)"/>
   </segment>
   <segment nite:id="Bmr013.segment.1,135" starttime="1896.31" endtime="1896.91" participant="fe008" timing-provenance="dialogueact">
      <nite:child href="Bmr013.B.words.xml#id(Bmr013.w.8,183)..id(Bmr013.w.8,184)"/>
   </segment>
   <segment nite:id="Bmr013.segment.1,136" starttime="1897.45" endtime="1899.73" participant="fe008" timing-provenance="dialogueact">
      <nite:child href="Bmr013.B.words.xml#id(Bmr013.w.8,185)..id(Bmr013.w.8,197)"/>
   </segment>
   <segment nite:id="Bmr013.segment.1,137" starttime="1900.07" endtime="1900.44" participant="fe008" timing-provenance="dialogueact">
      <nite:child href="Bmr013.B.words.xml#id(Bmr013.w.8,198)..id(Bmr013.w.8,199)"/>
   </segment>
   <segment nite:id="Bmr013.segment.1,138" starttime="1900.79" endtime="1902.41" participant="fe008" timing-provenance="dialogueact">
      <nite:child href="Bmr013.B.words.xml#id(Bmr013.w.8,200)..id(Bmr013.w.8,204)"/>
   </segment>
   <segment nite:id="Bmr013.segment.1,139" starttime="1902.66" endtime="1905.6" participant="fe008" timing-provenance="dialogueact">
      <nite:child href="Bmr013.B.words.xml#id(Bmr013.w.8,205)..id(Bmr013.w.8,220)"/>
   </segment>
   <segment nite:id="Bmr013.segment.1,140" starttime="1905.6" endtime="1908.96" participant="fe008" timing-provenance="dialogueact">
      <nite:child href="Bmr013.B.words.xml#id(Bmr013.w.8,221)..id(Bmr013.w.8,240)"/>
   </segment>
   <segment nite:id="Bmr013.segment.1,141" starttime="1909.76" endtime="1910.43" participant="fe008" timing-provenance="dialogueact">
      <nite:child href="Bmr013.B.words.xml#id(Bmr013.w.8,241)..id(Bmr013.w.8,244)"/>
   </segment>
   <segment nite:id="Bmr013.segment.1,143" starttime="1910.96" endtime="1913.1" participant="fe008" timing-provenance="dialogueact">
      <nite:child href="Bmr013.B.words.xml#id(Bmr013.w.8,257)..id(Bmr013.w.8,261)"/>
   </segment>
   <segment nite:id="Bmr013.segment.1,145" starttime="1914.073" endtime="1914.91" participant="fe008" timing-provenance="segment">
      <nite:child href="Bmr013.B.words.xml#id(Bmr013.w.8,262)..id(Bmr013.comment.22)"/>
   </segment>
   <segment nite:id="Bmr013.segment.1,147" starttime="1915.34" endtime="1915.64" participant="fe008" timing-provenance="dialogueact">
      <nite:child href="Bmr013.B.words.xml#id(Bmr013.w.8,281)..id(Bmr013.w.8,282)"/>
   </segment>
   <segment nite:id="Bmr013.segment.1,149" starttime="1918.49" endtime="1918.69" participant="fe008" timing-provenance="dialogueact">
      <nite:child href="Bmr013.B.words.xml#id(Bmr013.w.8,296)..id(Bmr013.w.8,299)"/>
   </segment>
   <segment nite:id="Bmr013.segment.1,150" starttime="1922.99" endtime="1923.98" participant="fe008" timing-provenance="dialogueact">
      <nite:child href="Bmr013.B.words.xml#id(Bmr013.w.8,300)..id(Bmr013.w.8,305)"/>
   </segment>
   <segment nite:id="Bmr013.segment.1,162" starttime="1953.17" endtime="1953.46" participant="fe008" timing-provenance="dialogueact">
      <nite:child href="Bmr013.B.words.xml#id(Bmr013.w.8,415)..id(Bmr013.w.8,416)"/>
   </segment>
   <segment nite:id="Bmr013.segment.1,171" starttime="1973.36" endtime="1976.19" participant="fe008" timing-provenance="dialogueact">
      <nite:child href="Bmr013.B.words.xml#id(Bmr013.w.8,505)..id(Bmr013.w.8,523)"/>
   </segment>
   <segment nite:id="Bmr013.segment.1,172" starttime="1976.64" endtime="1977.25" participant="fe008" timing-provenance="dialogueact">
      <nite:child href="Bmr013.B.words.xml#id(Bmr013.w.8,524)..id(Bmr013.w.8,526)"/>
   </segment>
   <segment nite:id="Bmr013.segment.1,173" starttime="1977.46" endtime="1979.82" participant="fe008" timing-provenance="segment">
      <nite:child href="Bmr013.B.words.xml#id(Bmr013.w.8,527)..id(Bmr013.disfmarker.316)"/>
   </segment>
   <segment nite:id="Bmr013.segment.1,178" starttime="1987.03" endtime="1989.81" participant="fe008" timing-provenance="dialogueact">
      <nite:child href="Bmr013.B.words.xml#id(Bmr013.w.8,575)..id(Bmr013.w.8,588)"/>
   </segment>
   <segment nite:id="Bmr013.segment.1,180" starttime="1990.6" endtime="1991.04" participant="fe008" timing-provenance="dialogueact">
      <nite:child href="Bmr013.B.words.xml#id(Bmr013.w.8,597)..id(Bmr013.w.8,598)"/>
   </segment>
   <segment nite:id="Bmr013.segment.1,182" starttime="1991.15" endtime="1996.3" participant="fe008" timing-provenance="dialogueact">
      <nite:child href="Bmr013.B.words.xml#id(Bmr013.w.8,602)..id(Bmr013.w.8,625)"/>
   </segment>
   <segment nite:id="Bmr013.segment.1,183" starttime="1996.77" endtime="1997.14" participant="fe008" timing-provenance="dialogueact">
      <nite:child href="Bmr013.B.words.xml#id(Bmr013.w.8,626)..id(Bmr013.w.8,627)"/>
   </segment>
   <segment nite:id="Bmr013.segment.1,184" starttime="1997.24" endtime="1998.83" participant="fe008" timing-provenance="dialogueact">
      <nite:child href="Bmr013.B.words.xml#id(Bmr013.w.8,628)..id(Bmr013.w.8,636)"/>
   </segment>
   <segment nite:id="Bmr013.segment.1,185" starttime="1998.94" endtime="2001.23" participant="fe008" timing-provenance="dialogueact">
      <nite:child href="Bmr013.B.words.xml#id(Bmr013.w.8,637)..id(Bmr013.w.8,649)"/>
   </segment>
   <segment nite:id="Bmr013.segment.1,189" starttime="2004.59" endtime="2005.19" participant="fe008" timing-provenance="dialogueact">
      <nite:child href="Bmr013.B.words.xml#id(Bmr013.w.8,686)..id(Bmr013.w.8,690)"/>
   </segment>
   <segment nite:id="Bmr013.segment.1,193" starttime="2007.41" endtime="2007.97" participant="fe008" timing-provenance="dialogueact">
      <nite:child href="Bmr013.B.words.xml#id(Bmr013.w.8,708)..id(Bmr013.w.8,711)"/>
   </segment>
   <segment nite:id="Bmr013.segment.1,195" starttime="2009.05" endtime="2013.43" participant="fe008" timing-provenance="dialogueact">
      <nite:child href="Bmr013.B.words.xml#id(Bmr013.w.8,714)..id(Bmr013.w.8,743)"/>
   </segment>
   <segment nite:id="Bmr013.segment.1,203" starttime="2016.68" endtime="2016.91" participant="fe008" timing-provenance="dialogueact">
      <nite:child href="Bmr013.B.words.xml#id(Bmr013.w.8,789)..id(Bmr013.w.8,790)"/>
   </segment>
   <segment nite:id="Bmr013.segment.1,206" starttime="2021.08" endtime="2021.82" participant="fe008" timing-provenance="dialogueact">
      <nite:child href="Bmr013.B.words.xml#id(Bmr013.w.8,795)..id(Bmr013.w.8,800)"/>
   </segment>
   <segment nite:id="Bmr013.segment.1,207" starttime="2022.18" endtime="2023.43" participant="fe008" timing-provenance="dialogueact">
      <nite:child href="Bmr013.B.words.xml#id(Bmr013.w.8,801)..id(Bmr013.w.8,805)"/>
   </segment>
   <segment nite:id="Bmr013.segment.1,208" starttime="2023.91" endtime="2030.91" participant="fe008" timing-provenance="dialogueact">
      <nite:child href="Bmr013.B.words.xml#id(Bmr013.w.8,806)..id(Bmr013.w.8,846)"/>
   </segment>
   <segment nite:id="Bmr013.segment.1,209" starttime="2031.09" endtime="2035.66" participant="fe008" timing-provenance="dialogueact">
      <nite:child href="Bmr013.B.words.xml#id(Bmr013.w.8,847)..id(Bmr013.w.8,871)"/>
   </segment>
   <segment nite:id="Bmr013.segment.1,214" starttime="2037.69" endtime="2043.59" participant="fe008" timing-provenance="dialogueact">
      <nite:child href="Bmr013.B.words.xml#id(Bmr013.w.8,889)..id(Bmr013.w.8,918)"/>
   </segment>
   <segment nite:id="Bmr013.segment.1,216" starttime="2044.53" endtime="2046.36" participant="fe008" timing-provenance="dialogueact">
      <nite:child href="Bmr013.B.words.xml#id(Bmr013.w.8,934)..id(Bmr013.w.8,942)"/>
   </segment>
   <segment nite:id="Bmr013.segment.1,217" starttime="2047.0" endtime="2047.58" participant="fe008" timing-provenance="dialogueact">
      <nite:child href="Bmr013.B.words.xml#id(Bmr013.w.8,943)..id(Bmr013.w.8,946)"/>
   </segment>
   <segment nite:id="Bmr013.segment.1,218" starttime="2048.1" endtime="2048.94" participant="fe008" timing-provenance="dialogueact">
      <nite:child href="Bmr013.B.words.xml#id(Bmr013.w.8,947)..id(Bmr013.w.8,951)"/>
   </segment>
   <segment nite:id="Bmr013.segment.1,219" starttime="2049.66" endtime="2049.73" participant="fe008" timing-provenance="dialogueact">
      <nite:child href="Bmr013.B.words.xml#id(Bmr013.w.8,952)..id(Bmr013.w.8,953)"/>
   </segment>
   <segment nite:id="Bmr013.segment.1,220" starttime="2049.966" endtime="2050.664" participant="fe008" timing-provenance="segment">
      <nite:child href="Bmr013.B.words.xml#id(Bmr013.w.8,954)..id(Bmr013.comment.23)"/>
   </segment>
   <segment nite:id="Bmr013.segment.1,221" starttime="2051.29" endtime="2054.19" participant="fe008" timing-provenance="dialogueact">
      <nite:child href="Bmr013.B.words.xml#id(Bmr013.w.8,957)..id(Bmr013.w.8,969)"/>
   </segment>
   <segment nite:id="Bmr013.segment.1,222" starttime="2054.51" endtime="2055.45" participant="fe008" timing-provenance="dialogueact">
      <nite:child href="Bmr013.B.words.xml#id(Bmr013.w.8,970)..id(Bmr013.w.8,972)"/>
   </segment>
   <segment nite:id="Bmr013.segment.1,224" starttime="2056.37" endtime="2056.89" participant="fe008" timing-provenance="dialogueact">
      <nite:child href="Bmr013.B.words.xml#id(Bmr013.w.8,975)..id(Bmr013.w.8,978)"/>
   </segment>
   <segment nite:id="Bmr013.segment.1,225" starttime="2057.61" endtime="2058.73" participant="fe008" timing-provenance="dialogueact">
      <nite:child href="Bmr013.B.words.xml#id(Bmr013.w.8,979)..id(Bmr013.w.8,984)"/>
   </segment>
   <segment nite:id="Bmr013.segment.1,227" starttime="2059.111" endtime="2060.821" participant="fe008" timing-provenance="segment">
      <nite:child href="Bmr013.B.words.xml#id(Bmr013.w.8,993)..id(Bmr013.disfmarker.334)"/>
   </segment>
   <segment nite:id="Bmr013.segment.1,229" starttime="2062.23" endtime="2062.39" participant="fe008" timing-provenance="dialogueact">
      <nite:child href="Bmr013.B.words.xml#id(Bmr013.w.9,005)..id(Bmr013.w.9,006)"/>
   </segment>
   <segment nite:id="Bmr013.segment.1,230" starttime="2062.69" endtime="2063.86" participant="fe008" timing-provenance="dialogueact">
      <nite:child href="Bmr013.B.words.xml#id(Bmr013.w.9,007)..id(Bmr013.w.9,012)"/>
   </segment>
   <segment nite:id="Bmr013.segment.1,232" starttime="2064.151" endtime="2065.383" participant="fe008" timing-provenance="segment">
      <nite:child href="Bmr013.B.words.xml#id(Bmr013.vocalsound.162)..id(Bmr013.comment.24)"/>
   </segment>
   <segment nite:id="Bmr013.segment.1,233" starttime="2069.42" endtime="2074.47" participant="fe008" timing-provenance="dialogueact">
      <nite:child href="Bmr013.B.words.xml#id(Bmr013.w.9,035)..id(Bmr013.w.9,059)"/>
   </segment>
   <segment nite:id="Bmr013.segment.1,235" starttime="2074.67" endtime="2081.01" participant="fe008" timing-provenance="dialogueact">
      <nite:child href="Bmr013.B.words.xml#id(Bmr013.w.9,062)..id(Bmr013.w.9,101)"/>
   </segment>
   <segment nite:id="Bmr013.segment.1,237" starttime="2082.18" endtime="2082.46" participant="fe008" timing-provenance="dialogueact">
      <nite:child href="Bmr013.B.words.xml#id(Bmr013.w.9,104)..id(Bmr013.w.9,105)"/>
   </segment>
   <segment nite:id="Bmr013.segment.1,239" starttime="2083.343" endtime="2083.869" participant="fe008" timing-provenance="segment">
      <nite:child href="Bmr013.B.words.xml#id(Bmr013.w.9,108)..id(Bmr013.disfmarker.336)"/>
   </segment>
   <segment nite:id="Bmr013.segment.1,242" starttime="2086.72" endtime="2087.82" participant="fe008" timing-provenance="dialogueact">
      <nite:child href="Bmr013.B.words.xml#id(Bmr013.w.9,126)..id(Bmr013.w.9,135)"/>
   </segment>
   <segment nite:id="Bmr013.segment.1,249" starttime="2100.42" endtime="2103.24" participant="fe008" timing-provenance="dialogueact">
      <nite:child href="Bmr013.B.words.xml#id(Bmr013.w.9,175)..id(Bmr013.w.9,191)"/>
   </segment>
   <segment nite:id="Bmr013.segment.1,253" starttime="2104.15" endtime="2108.4" participant="fe008" timing-provenance="dialogueact">
      <nite:child href="Bmr013.B.words.xml#id(Bmr013.w.9,198)..id(Bmr013.w.9,216)"/>
   </segment>
   <segment nite:id="Bmr013.segment.1,254" starttime="2109.2" endtime="2109.77" participant="fe008" timing-provenance="dialogueact">
      <nite:child href="Bmr013.B.words.xml#id(Bmr013.w.9,217)..id(Bmr013.w.9,222)"/>
   </segment>
   <segment nite:id="Bmr013.segment.1,255" starttime="2109.93" endtime="2112.58" participant="fe008" timing-provenance="dialogueact">
      <nite:child href="Bmr013.B.words.xml#id(Bmr013.w.9,223)..id(Bmr013.w.9,237)"/>
   </segment>
   <segment nite:id="Bmr013.segment.1,257" starttime="2116.34" endtime="2116.83" participant="fe008" timing-provenance="dialogueact">
      <nite:child href="Bmr013.B.words.xml#id(Bmr013.w.9,249)..id(Bmr013.w.9,253)"/>
   </segment>
   <segment nite:id="Bmr013.segment.1,260" starttime="2117.277" endtime="2117.904" participant="fe008" timing-provenance="segment">
      <nite:child href="Bmr013.B.words.xml#id(Bmr013.w.9,256)..id(Bmr013.comment.25)"/>
   </segment>
   <segment nite:id="Bmr013.segment.1,261" starttime="2118.5" endtime="2118.86" participant="fe008" timing-provenance="dialogueact">
      <nite:child href="Bmr013.B.words.xml#id(Bmr013.w.9,260)..id(Bmr013.w.9,261)"/>
   </segment>
   <segment nite:id="Bmr013.segment.1,263" starttime="2119.46" endtime="2121.74" participant="fe008" timing-provenance="dialogueact">
      <nite:child href="Bmr013.B.words.xml#id(Bmr013.w.9,269)..id(Bmr013.w.9,280)"/>
   </segment>
   <segment nite:id="Bmr013.segment.1,264" starttime="2122.06" endtime="2123.31" participant="fe008" timing-provenance="dialogueact">
      <nite:child href="Bmr013.B.words.xml#id(Bmr013.w.9,281)..id(Bmr013.w.9,285)"/>
   </segment>
   <segment nite:id="Bmr013.segment.1,265" starttime="2123.522" endtime="2124.625" participant="fe008" timing-provenance="segment">
      <nite:child href="Bmr013.B.words.xml#id(Bmr013.w.9,286)..id(Bmr013.comment.26)"/>
   </segment>
   <segment nite:id="Bmr013.segment.1,268" starttime="2125.241" endtime="2127.467" participant="fe008" timing-provenance="segment">
      <nite:child href="Bmr013.B.words.xml#id(Bmr013.w.9,295)..id(Bmr013.comment.27)"/>
   </segment>
   <segment nite:id="Bmr013.segment.1,271" starttime="2127.467" endtime="2127.973" participant="fe008" timing-provenance="segment">
      <nite:child href="Bmr013.B.words.xml#id(Bmr013.vocalsound.168)"/>
   </segment>
   <segment nite:id="Bmr013.segment.1,272" starttime="2128.01" endtime="2129.63" participant="fe008" timing-provenance="dialogueact">
      <nite:child href="Bmr013.B.words.xml#id(Bmr013.w.9,305)..id(Bmr013.w.9,311)"/>
   </segment>
   <segment nite:id="Bmr013.segment.1,273" starttime="2130.07" endtime="2130.39" participant="fe008" timing-provenance="dialogueact">
      <nite:child href="Bmr013.B.words.xml#id(Bmr013.w.9,312)..id(Bmr013.w.9,313)"/>
   </segment>
   <segment nite:id="Bmr013.segment.1,274" starttime="2130.66" endtime="2131.03" participant="fe008" timing-provenance="dialogueact">
      <nite:child href="Bmr013.B.words.xml#id(Bmr013.w.9,314)..id(Bmr013.w.9,315)"/>
   </segment>
   <segment nite:id="Bmr013.segment.1,275" starttime="2131.37" endtime="2135.74" participant="fe008" timing-provenance="dialogueact">
      <nite:child href="Bmr013.B.words.xml#id(Bmr013.w.9,316)..id(Bmr013.w.9,333)"/>
   </segment>
   <segment nite:id="Bmr013.segment.1,276" starttime="2136.18" endtime="2137.1" participant="fe008" timing-provenance="dialogueact">
      <nite:child href="Bmr013.B.words.xml#id(Bmr013.w.9,334)..id(Bmr013.w.9,339)"/>
   </segment>
   <segment nite:id="Bmr013.segment.1,277" starttime="2137.4" endtime="2138.54" participant="fe008" timing-provenance="dialogueact">
      <nite:child href="Bmr013.B.words.xml#id(Bmr013.w.9,340)..id(Bmr013.w.9,343)"/>
   </segment>
   <segment nite:id="Bmr013.segment.1,278" starttime="2139.22" endtime="2139.87" participant="fe008" timing-provenance="dialogueact">
      <nite:child href="Bmr013.B.words.xml#id(Bmr013.w.9,344)..id(Bmr013.w.9,347)"/>
   </segment>
   <segment nite:id="Bmr013.segment.1,279" starttime="2141.58" endtime="2147.16" participant="fe008" timing-provenance="dialogueact">
      <nite:child href="Bmr013.B.words.xml#id(Bmr013.w.9,348)..id(Bmr013.w.9,380)"/>
   </segment>
   <segment nite:id="Bmr013.segment.1,280" starttime="2147.85" endtime="2150.23" participant="fe008" timing-provenance="dialogueact">
      <nite:child href="Bmr013.B.words.xml#id(Bmr013.w.9,381)..id(Bmr013.w.9,396)"/>
   </segment>
   <segment nite:id="Bmr013.segment.1,281" starttime="2150.56" endtime="2153.5" participant="fe008" timing-provenance="dialogueact">
      <nite:child href="Bmr013.B.words.xml#id(Bmr013.w.9,397)..id(Bmr013.w.9,408)"/>
   </segment>
   <segment nite:id="Bmr013.segment.1,283" starttime="2153.82" endtime="2154.37" participant="fe008" timing-provenance="dialogueact">
      <nite:child href="Bmr013.B.words.xml#id(Bmr013.w.9,409)..id(Bmr013.w.9,412)"/>
   </segment>
   <segment nite:id="Bmr013.segment.1,284" starttime="2154.84" endtime="2156.46" participant="fe008" timing-provenance="dialogueact">
      <nite:child href="Bmr013.B.words.xml#id(Bmr013.w.9,413)..id(Bmr013.w.9,423)"/>
   </segment>
   <segment nite:id="Bmr013.segment.1,285" starttime="2156.84" endtime="2158.98" participant="fe008" timing-provenance="dialogueact">
      <nite:child href="Bmr013.B.words.xml#id(Bmr013.w.9,424)..id(Bmr013.w.9,431)"/>
   </segment>
   <segment nite:id="Bmr013.segment.1,286" starttime="2159.55" endtime="2161.29" participant="fe008" timing-provenance="dialogueact">
      <nite:child href="Bmr013.B.words.xml#id(Bmr013.w.9,432)..id(Bmr013.w.9,440)"/>
   </segment>
   <segment nite:id="Bmr013.segment.1,287" starttime="2161.97" endtime="2162.3" participant="fe008" timing-provenance="dialogueact">
      <nite:child href="Bmr013.B.words.xml#id(Bmr013.w.9,441)..id(Bmr013.w.9,442)"/>
   </segment>
   <segment nite:id="Bmr013.segment.1,288" starttime="2162.71" endtime="2163.05" participant="fe008" timing-provenance="dialogueact">
      <nite:child href="Bmr013.B.words.xml#id(Bmr013.w.9,443)..id(Bmr013.w.9,444)"/>
   </segment>
   <segment nite:id="Bmr013.segment.1,289" starttime="2163.3" endtime="2167.09" participant="fe008" timing-provenance="dialogueact">
      <nite:child href="Bmr013.B.words.xml#id(Bmr013.w.9,445)..id(Bmr013.w.9,464)"/>
   </segment>
   <segment nite:id="Bmr013.segment.1,290" starttime="2168.2" endtime="2168.62" participant="fe008" timing-provenance="dialogueact">
      <nite:child href="Bmr013.B.words.xml#id(Bmr013.w.9,465)..id(Bmr013.w.9,466)"/>
   </segment>
   <segment nite:id="Bmr013.segment.1,291" starttime="2169.08" endtime="2169.79" participant="fe008" timing-provenance="dialogueact">
      <nite:child href="Bmr013.B.words.xml#id(Bmr013.w.9,467)..id(Bmr013.w.9,469)"/>
   </segment>
   <segment nite:id="Bmr013.segment.1,292" starttime="2169.91" endtime="2171.19" participant="fe008" timing-provenance="dialogueact">
      <nite:child href="Bmr013.B.words.xml#id(Bmr013.w.9,470)..id(Bmr013.w.9,475)"/>
   </segment>
   <segment nite:id="Bmr013.segment.1,293" starttime="2171.47" endtime="2173.1" participant="fe008" timing-provenance="dialogueact">
      <nite:child href="Bmr013.B.words.xml#id(Bmr013.w.9,476)..id(Bmr013.w.9,482)"/>
   </segment>
   <segment nite:id="Bmr013.segment.1,294" starttime="2173.62" endtime="2173.94" participant="fe008" timing-provenance="dialogueact">
      <nite:child href="Bmr013.B.words.xml#id(Bmr013.w.9,483)..id(Bmr013.w.9,484)"/>
   </segment>
   <segment nite:id="Bmr013.segment.1,295" starttime="2174.47" endtime="2176.01" participant="fe008" timing-provenance="dialogueact">
      <nite:child href="Bmr013.B.words.xml#id(Bmr013.w.9,485)..id(Bmr013.w.9,489)"/>
   </segment>
   <segment nite:id="Bmr013.segment.1,296" starttime="2176.3" endtime="2178.64" participant="fe008" timing-provenance="dialogueact">
      <nite:child href="Bmr013.B.words.xml#id(Bmr013.w.9,490)..id(Bmr013.w.9,499)"/>
   </segment>
   <segment nite:id="Bmr013.segment.1,297" starttime="2178.98" endtime="2179.95" participant="fe008" timing-provenance="dialogueact">
      <nite:child href="Bmr013.B.words.xml#id(Bmr013.w.9,500)..id(Bmr013.w.9,504)"/>
   </segment>
   <segment nite:id="Bmr013.segment.1,298" starttime="2180.49" endtime="2180.76" participant="fe008" timing-provenance="dialogueact">
      <nite:child href="Bmr013.B.words.xml#id(Bmr013.w.9,505)..id(Bmr013.w.9,506)"/>
   </segment>
   <segment nite:id="Bmr013.segment.1,299" starttime="2181.17" endtime="2182.1" participant="fe008" timing-provenance="dialogueact">
      <nite:child href="Bmr013.B.words.xml#id(Bmr013.w.9,507)..id(Bmr013.w.9,510)"/>
   </segment>
   <segment nite:id="Bmr013.segment.1,300" starttime="2182.66" endtime="2183.01" participant="fe008" timing-provenance="dialogueact">
      <nite:child href="Bmr013.B.words.xml#id(Bmr013.w.9,511)..id(Bmr013.w.9,512)"/>
   </segment>
   <segment nite:id="Bmr013.segment.1,301" starttime="2183.16" endtime="2183.51" participant="fe008" timing-provenance="dialogueact">
      <nite:child href="Bmr013.B.words.xml#id(Bmr013.w.9,513)..id(Bmr013.w.9,514)"/>
   </segment>
   <segment nite:id="Bmr013.segment.1,302" starttime="2183.551" endtime="2183.865" participant="fe008" timing-provenance="segment">
      <nite:child href="Bmr013.B.words.xml#id(Bmr013.nonvocalsound.17)"/>
   </segment>
   <segment nite:id="Bmr013.segment.1,303" starttime="2183.91" endtime="2187.14" participant="fe008" timing-provenance="dialogueact">
      <nite:child href="Bmr013.B.words.xml#id(Bmr013.w.9,515)..id(Bmr013.w.9,526)"/>
   </segment>
   <segment nite:id="Bmr013.segment.1,304" starttime="2187.42" endtime="2188.96" participant="fe008" timing-provenance="dialogueact">
      <nite:child href="Bmr013.B.words.xml#id(Bmr013.w.9,527)..id(Bmr013.w.9,534)"/>
   </segment>
   <segment nite:id="Bmr013.segment.1,305" starttime="2189.2" endtime="2191.6" participant="fe008" timing-provenance="dialogueact">
      <nite:child href="Bmr013.B.words.xml#id(Bmr013.w.9,535)..id(Bmr013.w.9,544)"/>
   </segment>
   <segment nite:id="Bmr013.segment.1,306" starttime="2191.74" endtime="2194.79" participant="fe008" timing-provenance="dialogueact">
      <nite:child href="Bmr013.B.words.xml#id(Bmr013.w.9,545)..id(Bmr013.w.9,557)"/>
   </segment>
   <segment nite:id="Bmr013.segment.1,307" starttime="2195.09" endtime="2199.2" participant="fe008" timing-provenance="dialogueact">
      <nite:child href="Bmr013.B.words.xml#id(Bmr013.w.9,558)..id(Bmr013.w.9,577)"/>
   </segment>
   <segment nite:id="Bmr013.segment.1,308" starttime="2199.66" endtime="2200.42" participant="fe008" timing-provenance="dialogueact">
      <nite:child href="Bmr013.B.words.xml#id(Bmr013.w.9,578)..id(Bmr013.w.9,583)"/>
   </segment>
   <segment nite:id="Bmr013.segment.1,309" starttime="2200.68" endtime="2202.34" participant="fe008" timing-provenance="dialogueact">
      <nite:child href="Bmr013.B.words.xml#id(Bmr013.w.9,584)..id(Bmr013.w.9,592)"/>
   </segment>
   <segment nite:id="Bmr013.segment.1,310" starttime="2202.51" endtime="2205.4" participant="fe008" timing-provenance="dialogueact">
      <nite:child href="Bmr013.B.words.xml#id(Bmr013.w.9,593)..id(Bmr013.w.9,610)"/>
   </segment>
   <segment nite:id="Bmr013.segment.1,311" starttime="2205.44" endtime="2205.91" participant="fe008" timing-provenance="dialogueact">
      <nite:child href="Bmr013.B.words.xml#id(Bmr013.w.9,611)..id(Bmr013.w.9,616)"/>
   </segment>
   <segment nite:id="Bmr013.segment.1,312" starttime="2206.22" endtime="2206.71" participant="fe008" timing-provenance="dialogueact">
      <nite:child href="Bmr013.B.words.xml#id(Bmr013.w.9,617)..id(Bmr013.w.9,619)"/>
   </segment>
   <segment nite:id="Bmr013.segment.1,314" starttime="2207.36" endtime="2207.8" participant="fe008" timing-provenance="dialogueact">
      <nite:child href="Bmr013.B.words.xml#id(Bmr013.w.9,624)..id(Bmr013.w.9,626)"/>
   </segment>
   <segment nite:id="Bmr013.segment.1,315" starttime="2207.94" endtime="2208.91" participant="fe008" timing-provenance="dialogueact">
      <nite:child href="Bmr013.B.words.xml#id(Bmr013.w.9,627)..id(Bmr013.w.9,630)"/>
   </segment>
   <segment nite:id="Bmr013.segment.1,316" starttime="2209.31" endtime="2210.5" participant="fe008" timing-provenance="dialogueact">
      <nite:child href="Bmr013.B.words.xml#id(Bmr013.w.9,631)..id(Bmr013.w.9,638)"/>
   </segment>
   <segment nite:id="Bmr013.segment.1,317" starttime="2210.82" endtime="2212.5" participant="fe008" timing-provenance="dialogueact">
      <nite:child href="Bmr013.B.words.xml#id(Bmr013.w.9,639)..id(Bmr013.w.9,651)"/>
   </segment>
   <segment nite:id="Bmr013.segment.1,318" starttime="2213.19" endtime="2213.44" participant="fe008" timing-provenance="dialogueact">
      <nite:child href="Bmr013.B.words.xml#id(Bmr013.w.9,652)..id(Bmr013.w.9,653)"/>
   </segment>
   <segment nite:id="Bmr013.segment.1,319" starttime="2213.91" endtime="2214.95" participant="fe008" timing-provenance="dialogueact">
      <nite:child href="Bmr013.B.words.xml#id(Bmr013.w.9,654)..id(Bmr013.w.9,659)"/>
   </segment>
   <segment nite:id="Bmr013.segment.1,320" starttime="2215.15" endtime="2215.89" participant="fe008" timing-provenance="dialogueact">
      <nite:child href="Bmr013.B.words.xml#id(Bmr013.w.9,660)..id(Bmr013.w.9,662)"/>
   </segment>
   <segment nite:id="Bmr013.segment.1,321" starttime="2216.04" endtime="2218.24" participant="fe008" timing-provenance="dialogueact">
      <nite:child href="Bmr013.B.words.xml#id(Bmr013.w.9,663)..id(Bmr013.w.9,673)"/>
   </segment>
   <segment nite:id="Bmr013.segment.1,322" starttime="2218.66" endtime="2222.6" participant="fe008" timing-provenance="dialogueact">
      <nite:child href="Bmr013.B.words.xml#id(Bmr013.w.9,674)..id(Bmr013.w.9,700)"/>
   </segment>
   <segment nite:id="Bmr013.segment.1,323" starttime="2223.28" endtime="2225.46" participant="fe008" timing-provenance="dialogueact">
      <nite:child href="Bmr013.B.words.xml#id(Bmr013.w.9,701)..id(Bmr013.w.9,711)"/>
   </segment>
   <segment nite:id="Bmr013.segment.1,324" starttime="2226.508" endtime="2227.219" participant="fe008" timing-provenance="segment">
      <nite:child href="Bmr013.B.words.xml#id(Bmr013.w.9,712)..id(Bmr013.disfmarker.347)"/>
   </segment>
   <segment nite:id="Bmr013.segment.1,326" starttime="2227.4" endtime="2230.24" participant="fe008" timing-provenance="dialogueact">
      <nite:child href="Bmr013.B.words.xml#id(Bmr013.w.9,720)..id(Bmr013.w.9,732)"/>
   </segment>
   <segment nite:id="Bmr013.segment.1,329" starttime="2230.284" endtime="2230.625" participant="fe008" timing-provenance="segment">
      <nite:child href="Bmr013.B.words.xml#id(Bmr013.vocalsound.170)"/>
   </segment>
   <segment nite:id="Bmr013.segment.1,330" starttime="2230.625" endtime="2231.058" participant="fe008" timing-provenance="segment">
      <nite:child href="Bmr013.B.words.xml#id(Bmr013.w.9,738)..id(Bmr013.disfmarker.350)"/>
   </segment>
   <segment nite:id="Bmr013.segment.1,331" starttime="2231.52" endtime="2233.41" participant="fe008" timing-provenance="dialogueact">
      <nite:child href="Bmr013.B.words.xml#id(Bmr013.w.9,739)..id(Bmr013.w.9,747)"/>
   </segment>
   <segment nite:id="Bmr013.segment.1,332" starttime="2233.68" endtime="2236.58" participant="fe008" timing-provenance="dialogueact">
      <nite:child href="Bmr013.B.words.xml#id(Bmr013.w.9,748)..id(Bmr013.w.9,757)"/>
   </segment>
   <segment nite:id="Bmr013.segment.1,333" starttime="2236.62" endtime="2237.59" participant="fe008" timing-provenance="dialogueact">
      <nite:child href="Bmr013.B.words.xml#id(Bmr013.w.9,758)..id(Bmr013.w.9,762)"/>
   </segment>
   <segment nite:id="Bmr013.segment.1,334" starttime="2237.99" endtime="2238.64" participant="fe008" timing-provenance="dialogueact">
      <nite:child href="Bmr013.B.words.xml#id(Bmr013.w.9,763)"/>
   </segment>
   <segment nite:id="Bmr013.segment.1,335" starttime="2239.01" endtime="2242.32" participant="fe008" timing-provenance="dialogueact">
      <nite:child href="Bmr013.B.words.xml#id(Bmr013.w.9,764)..id(Bmr013.w.9,775)"/>
   </segment>
   <segment nite:id="Bmr013.segment.1,336" starttime="2242.53" endtime="2245.45" participant="fe008" timing-provenance="dialogueact">
      <nite:child href="Bmr013.B.words.xml#id(Bmr013.w.9,776)..id(Bmr013.w.9,793)"/>
   </segment>
   <segment nite:id="Bmr013.segment.1,338" starttime="2245.63" endtime="2246.99" participant="fe008" timing-provenance="dialogueact">
      <nite:child href="Bmr013.B.words.xml#id(Bmr013.w.9,798)..id(Bmr013.w.9,803)"/>
   </segment>
   <segment nite:id="Bmr013.segment.1,339" starttime="2247.5" endtime="2247.82" participant="fe008" timing-provenance="dialogueact">
      <nite:child href="Bmr013.B.words.xml#id(Bmr013.w.9,804)..id(Bmr013.w.9,805)"/>
   </segment>
   <segment nite:id="Bmr013.segment.1,340" starttime="2248.58" endtime="2250.68" participant="fe008" timing-provenance="dialogueact">
      <nite:child href="Bmr013.B.words.xml#id(Bmr013.w.9,806)..id(Bmr013.w.9,813)"/>
   </segment>
   <segment nite:id="Bmr013.segment.1,341" starttime="2251.02" endtime="2254.21" participant="fe008" timing-provenance="dialogueact">
      <nite:child href="Bmr013.B.words.xml#id(Bmr013.w.9,814)..id(Bmr013.w.9,834)"/>
   </segment>
   <segment nite:id="Bmr013.segment.1,342" starttime="2254.54" endtime="2256.44" participant="fe008" timing-provenance="dialogueact">
      <nite:child href="Bmr013.B.words.xml#id(Bmr013.w.9,835)..id(Bmr013.w.9,847)"/>
   </segment>
   <segment nite:id="Bmr013.segment.1,343" starttime="2257.02" endtime="2261.4" participant="fe008" timing-provenance="dialogueact">
      <nite:child href="Bmr013.B.words.xml#id(Bmr013.w.9,848)..id(Bmr013.w.9,870)"/>
   </segment>
   <segment nite:id="Bmr013.segment.1,344" starttime="2262.26" endtime="2262.52" participant="fe008" timing-provenance="dialogueact">
      <nite:child href="Bmr013.B.words.xml#id(Bmr013.w.9,871)..id(Bmr013.w.9,872)"/>
   </segment>
   <segment nite:id="Bmr013.segment.1,345" starttime="2262.78" endtime="2264.04" participant="fe008" timing-provenance="dialogueact">
      <nite:child href="Bmr013.B.words.xml#id(Bmr013.w.9,873)..id(Bmr013.w.9,880)"/>
   </segment>
   <segment nite:id="Bmr013.segment.1,346" starttime="2264.78" endtime="2267.48" participant="fe008" timing-provenance="dialogueact">
      <nite:child href="Bmr013.B.words.xml#id(Bmr013.w.9,881)..id(Bmr013.w.9,892)"/>
   </segment>
   <segment nite:id="Bmr013.segment.1,347" starttime="2267.91" endtime="2270.64" participant="fe008" timing-provenance="dialogueact">
      <nite:child href="Bmr013.B.words.xml#id(Bmr013.w.9,893)..id(Bmr013.w.9,904)"/>
   </segment>
   <segment nite:id="Bmr013.segment.1,348" starttime="2270.96" endtime="2273.62" participant="fe008" timing-provenance="dialogueact">
      <nite:child href="Bmr013.B.words.xml#id(Bmr013.w.9,905)..id(Bmr013.w.9,913)"/>
   </segment>
   <segment nite:id="Bmr013.segment.1,349" starttime="2273.8" endtime="2274.69" participant="fe008" timing-provenance="dialogueact">
      <nite:child href="Bmr013.B.words.xml#id(Bmr013.w.9,914)..id(Bmr013.w.9,919)"/>
   </segment>
   <segment nite:id="Bmr013.segment.1,350" starttime="2274.83" endtime="2277.52" participant="fe008" timing-provenance="dialogueact">
      <nite:child href="Bmr013.B.words.xml#id(Bmr013.w.9,920)..id(Bmr013.w.9,937)"/>
   </segment>
   <segment nite:id="Bmr013.segment.1,351" starttime="2277.83" endtime="2278.76" participant="fe008" timing-provenance="dialogueact">
      <nite:child href="Bmr013.B.words.xml#id(Bmr013.w.9,938)..id(Bmr013.w.9,942)"/>
   </segment>
   <segment nite:id="Bmr013.segment.1,352" starttime="2279.25" endtime="2279.93" participant="fe008" timing-provenance="dialogueact">
      <nite:child href="Bmr013.B.words.xml#id(Bmr013.w.9,943)..id(Bmr013.w.9,947)"/>
   </segment>
   <segment nite:id="Bmr013.segment.1,353" starttime="2280.28" endtime="2283.84" participant="fe008" timing-provenance="dialogueact">
      <nite:child href="Bmr013.B.words.xml#id(Bmr013.w.9,948)..id(Bmr013.w.9,969)"/>
   </segment>
   <segment nite:id="Bmr013.segment.1,354" starttime="2284.77" endtime="2287.07" participant="fe008" timing-provenance="dialogueact">
      <nite:child href="Bmr013.B.words.xml#id(Bmr013.w.9,970)..id(Bmr013.w.9,981)"/>
   </segment>
   <segment nite:id="Bmr013.segment.1,355" starttime="2288.12" endtime="2288.99" participant="fe008" timing-provenance="dialogueact">
      <nite:child href="Bmr013.B.words.xml#id(Bmr013.w.9,982)..id(Bmr013.w.9,986)"/>
   </segment>
   <segment nite:id="Bmr013.segment.1,386" starttime="2354.13" endtime="2356.39" participant="fe008" timing-provenance="dialogueact">
      <nite:child href="Bmr013.B.words.xml#id(Bmr013.w.10,270)..id(Bmr013.w.10,287)"/>
   </segment>
   <segment nite:id="Bmr013.segment.1,392" starttime="2370.55" endtime="2370.7" participant="fe008" timing-provenance="dialogueact">
      <nite:child href="Bmr013.B.words.xml#id(Bmr013.w.10,364)..id(Bmr013.w.10,365)"/>
   </segment>
   <segment nite:id="Bmr013.segment.1,410" starttime="2401.427" endtime="2401.768" participant="fe008" timing-provenance="segment">
      <nite:child href="Bmr013.B.words.xml#id(Bmr013.w.10,489)..id(Bmr013.disfmarker.363)"/>
   </segment>
   <segment nite:id="Bmr013.segment.1,414" starttime="2412.08" endtime="2412.2" participant="fe008" timing-provenance="dialogueact">
      <nite:child href="Bmr013.B.words.xml#id(Bmr013.w.10,522)..id(Bmr013.w.10,525)"/>
   </segment>
   <segment nite:id="Bmr013.segment.1,415" starttime="2412.31" endtime="2417.77" participant="fe008" timing-provenance="dialogueact">
      <nite:child href="Bmr013.B.words.xml#id(Bmr013.w.10,526)..id(Bmr013.w.10,556)"/>
   </segment>
   <segment nite:id="Bmr013.segment.1,416" starttime="2417.813" endtime="2418.05" participant="fe008" timing-provenance="segment">
      <nite:child href="Bmr013.B.words.xml#id(Bmr013.nonvocalsound.19)"/>
   </segment>
   <segment nite:id="Bmr013.segment.1,417" starttime="2418.09" endtime="2420.25" participant="fe008" timing-provenance="dialogueact">
      <nite:child href="Bmr013.B.words.xml#id(Bmr013.w.10,557)..id(Bmr013.w.10,569)"/>
   </segment>
   <segment nite:id="Bmr013.segment.1,418" starttime="2420.89" endtime="2421.14" participant="fe008" timing-provenance="dialogueact">
      <nite:child href="Bmr013.B.words.xml#id(Bmr013.w.10,570)..id(Bmr013.w.10,571)"/>
   </segment>
   <segment nite:id="Bmr013.segment.1,419" starttime="2422.01" endtime="2422.73" participant="fe008" timing-provenance="dialogueact">
      <nite:child href="Bmr013.B.words.xml#id(Bmr013.w.10,572)..id(Bmr013.w.10,574)"/>
   </segment>
   <segment nite:id="Bmr013.segment.1,426" starttime="2434.43" endtime="2434.96" participant="fe008" timing-provenance="dialogueact">
      <nite:child href="Bmr013.B.words.xml#id(Bmr013.w.10,619)..id(Bmr013.w.10,620)"/>
   </segment>
   <segment nite:id="Bmr013.segment.1,428" starttime="2436.65" endtime="2440.26" participant="fe008" timing-provenance="dialogueact">
      <nite:child href="Bmr013.B.words.xml#id(Bmr013.w.10,633)..id(Bmr013.w.10,650)"/>
   </segment>
   <segment nite:id="Bmr013.segment.1,440" starttime="2457.22" endtime="2457.48" participant="fe008" timing-provenance="dialogueact">
      <nite:child href="Bmr013.B.words.xml#id(Bmr013.w.10,747)..id(Bmr013.w.10,748)"/>
   </segment>
   <segment nite:id="Bmr013.segment.1,450" starttime="2466.18" endtime="2466.88" participant="fe008" timing-provenance="dialogueact">
      <nite:child href="Bmr013.B.words.xml#id(Bmr013.w.10,820)..id(Bmr013.w.10,824)"/>
   </segment>
   <segment nite:id="Bmr013.segment.1,453" starttime="2474.96" endtime="2477.2" participant="fe008" timing-provenance="dialogueact">
      <nite:child href="Bmr013.B.words.xml#id(Bmr013.w.10,840)..id(Bmr013.w.10,857)"/>
   </segment>
   <segment nite:id="Bmr013.segment.1,457" starttime="2477.63" endtime="2477.82" participant="fe008" timing-provenance="dialogueact">
      <nite:child href="Bmr013.B.words.xml#id(Bmr013.w.10,880)..id(Bmr013.w.10,881)"/>
   </segment>
   <segment nite:id="Bmr013.segment.1,468" starttime="2500.24" endtime="2501.55" participant="fe008" timing-provenance="dialogueact">
      <nite:child href="Bmr013.B.words.xml#id(Bmr013.w.10,963)..id(Bmr013.w.10,970)"/>
   </segment>
   <segment nite:id="Bmr013.segment.1,470" starttime="2501.92" endtime="2504.05" participant="fe008" timing-provenance="dialogueact">
      <nite:child href="Bmr013.B.words.xml#id(Bmr013.w.10,973)..id(Bmr013.w.10,985)"/>
   </segment>
   <segment nite:id="Bmr013.segment.1,472" starttime="2506.01" endtime="2506.56" participant="fe008" timing-provenance="dialogueact">
      <nite:child href="Bmr013.B.words.xml#id(Bmr013.w.10,997)..id(Bmr013.w.11,000)"/>
   </segment>
   <segment nite:id="Bmr013.segment.1,473" starttime="2506.87" endtime="2506.99" participant="fe008" timing-provenance="dialogueact">
      <nite:child href="Bmr013.B.words.xml#id(Bmr013.w.11,001)..id(Bmr013.w.11,002)"/>
   </segment>
   <segment nite:id="Bmr013.segment.1,483" starttime="2515.151" endtime="2516.083" participant="fe008" timing-provenance="segment">
      <nite:child href="Bmr013.B.words.xml#id(Bmr013.vocalsound.179)"/>
   </segment>
   <segment nite:id="Bmr013.segment.1,521" starttime="2578.22" endtime="2580.57" participant="fe008" timing-provenance="dialogueact">
      <nite:child href="Bmr013.B.words.xml#id(Bmr013.w.11,335)..id(Bmr013.w.11,343)"/>
   </segment>
   <segment nite:id="Bmr013.segment.1,525" starttime="2580.94" endtime="2581.62" participant="fe008" timing-provenance="dialogueact">
      <nite:child href="Bmr013.B.words.xml#id(Bmr013.w.11,353)..id(Bmr013.w.11,357)"/>
   </segment>
   <segment nite:id="Bmr013.segment.1,526" starttime="2581.672" endtime="2583.316" participant="fe008" timing-provenance="segment">
      <nite:child href="Bmr013.B.words.xml#id(Bmr013.vocalsound.181)..id(Bmr013.nonvocalsound.21)"/>
   </segment>
   <segment nite:id="Bmr013.segment.1,534" starttime="2587.785" endtime="2589.039" participant="fe008" timing-provenance="segment">
      <nite:child href="Bmr013.B.words.xml#id(Bmr013.w.11,385)..id(Bmr013.vocalsound.186)"/>
   </segment>
   <segment nite:id="Bmr013.segment.1,539" starttime="2589.475" endtime="2589.865" participant="fe008" timing-provenance="segment">
      <nite:child href="Bmr013.B.words.xml#id(Bmr013.vocalsound.188)"/>
   </segment>
   <segment nite:id="Bmr013.segment.1,542" starttime="2591.688" endtime="2594.225" participant="fe008" timing-provenance="segment">
      <nite:child href="Bmr013.B.words.xml#id(Bmr013.vocalsound.190)"/>
   </segment>
   <segment nite:id="Bmr013.segment.1,548" starttime="2594.531" endtime="2595.205" participant="fe008" timing-provenance="segment">
      <nite:child href="Bmr013.B.words.xml#id(Bmr013.vocalsound.196)"/>
   </segment>
   <segment nite:id="Bmr013.segment.1,556" starttime="2600.041" endtime="2602.346" participant="fe008" timing-provenance="segment">
      <nite:child href="Bmr013.B.words.xml#id(Bmr013.vocalsound.198)"/>
   </segment>
   <segment nite:id="Bmr013.segment.1,561" starttime="2604.179" endtime="2605.249" participant="fe008" timing-provenance="segment">
      <nite:child href="Bmr013.B.words.xml#id(Bmr013.vocalsound.201)"/>
   </segment>
   <segment nite:id="Bmr013.segment.1,565" starttime="2605.473" endtime="2605.81" participant="fe008" timing-provenance="segment">
      <nite:child href="Bmr013.B.words.xml#id(Bmr013.vocalsound.204)"/>
   </segment>
   <segment nite:id="Bmr013.segment.1,569" starttime="2610.011" endtime="2612.529" participant="fe008" timing-provenance="segment">
      <nite:child href="Bmr013.B.words.xml#id(Bmr013.vocalsound.207)"/>
   </segment>
   <segment nite:id="Bmr013.segment.1,583" starttime="2619.061" endtime="2619.616" participant="fe008" timing-provenance="segment">
      <nite:child href="Bmr013.B.words.xml#id(Bmr013.w.11,567)..id(Bmr013.comment.33)"/>
   </segment>
   <segment nite:id="Bmr013.segment.1,681" starttime="2774.855" endtime="2777.29" participant="fe008" digittask="true" timing-provenance="segment">
      <nite:child href="Bmr013.B.words.xml#id(Bmr013.w.11,910)..id(Bmr013.comment.119)"/>
   </segment>
   <segment nite:id="Bmr013.segment.1,683" starttime="2777.927" endtime="2779.304" participant="fe008" digittask="true" timing-provenance="segment">
      <nite:child href="Bmr013.B.words.xml#id(Bmr013.w.11,920)..id(Bmr013.comment.120)"/>
   </segment>
   <segment nite:id="Bmr013.segment.1,684" starttime="2780.075" endtime="2782.238" participant="fe008" digittask="true" timing-provenance="segment">
      <nite:child href="Bmr013.B.words.xml#id(Bmr013.w.11,924)..id(Bmr013.comment.121)"/>
   </segment>
   <segment nite:id="Bmr013.segment.1,685" starttime="2782.856" endtime="2783.86" participant="fe008" digittask="true" timing-provenance="segment">
      <nite:child href="Bmr013.B.words.xml#id(Bmr013.w.11,931)..id(Bmr013.comment.122)"/>
   </segment>
   <segment nite:id="Bmr013.segment.1,686" starttime="2784.169" endtime="2785.347" participant="fe008" digittask="true" timing-provenance="segment">
      <nite:child href="Bmr013.B.words.xml#id(Bmr013.w.11,933)..id(Bmr013.comment.123)"/>
   </segment>
   <segment nite:id="Bmr013.segment.1,687" starttime="2786.004" endtime="2787.109" participant="fe008" digittask="true" timing-provenance="segment">
      <nite:child href="Bmr013.B.words.xml#id(Bmr013.w.11,936)..id(Bmr013.comment.124)"/>
   </segment>
   <segment nite:id="Bmr013.segment.1,688" starttime="2787.549" endtime="2788.128" participant="fe008" digittask="true" timing-provenance="segment">
      <nite:child href="Bmr013.B.words.xml#id(Bmr013.w.11,939)..id(Bmr013.comment.125)"/>
   </segment>
   <segment nite:id="Bmr013.segment.1,689" starttime="2788.534" endtime="2789.654" participant="fe008" digittask="true" timing-provenance="segment">
      <nite:child href="Bmr013.B.words.xml#id(Bmr013.w.11,940)..id(Bmr013.comment.126)"/>
   </segment>
   <segment nite:id="Bmr013.segment.1,690" starttime="2789.963" endtime="2791.237" participant="fe008" digittask="true" timing-provenance="segment">
      <nite:child href="Bmr013.B.words.xml#id(Bmr013.w.11,943)..id(Bmr013.comment.127)"/>
   </segment>
   <segment nite:id="Bmr013.segment.1,691" starttime="2791.643" endtime="2792.876" participant="fe008" digittask="true" timing-provenance="segment">
      <nite:child href="Bmr013.B.words.xml#id(Bmr013.w.11,947)..id(Bmr013.comment.128)"/>
   </segment>
   <segment nite:id="Bmr013.segment.1,692" starttime="2793.37" endtime="2794.996" participant="fe008" digittask="true" timing-provenance="segment">
      <nite:child href="Bmr013.B.words.xml#id(Bmr013.w.11,951)..id(Bmr013.comment.129)"/>
   </segment>
   <segment nite:id="Bmr013.segment.1,693" starttime="2795.451" endtime="2797.458" participant="fe008" digittask="true" timing-provenance="segment">
      <nite:child href="Bmr013.B.words.xml#id(Bmr013.w.11,956)..id(Bmr013.comment.130)"/>
   </segment>
   <segment nite:id="Bmr013.segment.1,694" starttime="2797.902" endtime="2798.481" participant="fe008" digittask="true" timing-provenance="segment">
      <nite:child href="Bmr013.B.words.xml#id(Bmr013.w.11,961)..id(Bmr013.comment.131)"/>
   </segment>
   <segment nite:id="Bmr013.segment.1,695" starttime="2798.81" endtime="2800.577" participant="fe008" digittask="true" timing-provenance="segment">
      <nite:child href="Bmr013.B.words.xml#id(Bmr013.w.11,962)..id(Bmr013.comment.132)"/>
   </segment>
   <segment nite:id="Bmr013.segment.1,696" starttime="2800.809" endtime="2801.427" participant="fe008" digittask="true" timing-provenance="segment">
      <nite:child href="Bmr013.B.words.xml#id(Bmr013.w.11,967)..id(Bmr013.comment.133)"/>
   </segment>
   <segment nite:id="Bmr013.segment.1,697" starttime="2801.833" endtime="2802.975" participant="fe008" digittask="true" timing-provenance="segment">
      <nite:child href="Bmr013.B.words.xml#id(Bmr013.w.11,968)..id(Bmr013.comment.134)"/>
   </segment>
   <segment nite:id="Bmr013.segment.1,698" starttime="2803.351" endtime="2804.996" participant="fe008" digittask="true" timing-provenance="segment">
      <nite:child href="Bmr013.B.words.xml#id(Bmr013.w.11,971)..id(Bmr013.comment.135)"/>
   </segment>
   <segment nite:id="Bmr013.segment.1,699" starttime="2805.44" endtime="2806.917" participant="fe008" digittask="true" timing-provenance="segment">
      <nite:child href="Bmr013.B.words.xml#id(Bmr013.w.11,976)..id(Bmr013.comment.136)"/>
   </segment>
   <segment nite:id="Bmr013.segment.1,700" starttime="2807.338" endtime="2808.231" participant="fe008" digittask="true" timing-provenance="segment">
      <nite:child href="Bmr013.B.words.xml#id(Bmr013.w.11,980)..id(Bmr013.comment.137)"/>
   </segment>
   <segment nite:id="Bmr013.segment.1,701" starttime="2808.555" endtime="2809.381" participant="fe008" digittask="true" timing-provenance="segment">
      <nite:child href="Bmr013.B.words.xml#id(Bmr013.w.11,982)..id(Bmr013.comment.138)"/>
   </segment>
   <segment nite:id="Bmr013.segment.1,702" starttime="2809.752" endtime="2810.385" participant="fe008" digittask="true" timing-provenance="segment">
      <nite:child href="Bmr013.B.words.xml#id(Bmr013.w.11,984)..id(Bmr013.comment.139)"/>
   </segment>
   <segment nite:id="Bmr013.segment.1,745" starttime="2886.663" endtime="2886.931" participant="fe008" timing-provenance="segment">
      <nite:child href="Bmr013.B.words.xml#id(Bmr013.nonvocalsound.25)"/>
   </segment>
   <segment nite:id="Bmr013.segment.1,755" starttime="2900.38" endtime="2906.436" participant="fe008" timing-provenance="segment">
      <nite:child href="Bmr013.B.words.xml#id(Bmr013.nonvocalsound.29)"/>
   </segment>
</nite:root>