<?xml version="1.0" encoding="ISO-8859-1" standalone="yes"?>
<nite:root nite:id="Bmr013.F.segs" xmlns:nite="http://nite.sourceforge.net/">
   <segment nite:id="Bmr013.segment.52" starttime="54.44" endtime="56.32" participant="me011" timing-provenance="segment">
      <nite:child href="Bmr013.F.words.xml#id(Bmr013.vocalsound.51)"/>
   </segment>
   <segment nite:id="Bmr013.segment.53" starttime="57.79" endtime="62.45" participant="me011" timing-provenance="segment">
      <nite:child href="Bmr013.F.words.xml#id(Bmr013.vocalsound.52)"/>
   </segment>
   <segment nite:id="Bmr013.segment.55" starttime="62.82" endtime="63.6" participant="me011" timing-provenance="segment">
      <nite:child href="Bmr013.F.words.xml#id(Bmr013.vocalsound.54)"/>
   </segment>
   <segment nite:id="Bmr013.segment.57" starttime="64.92" endtime="67.74" participant="me011" timing-provenance="segment">
      <nite:child href="Bmr013.F.words.xml#id(Bmr013.vocalsound.56)"/>
   </segment>
   <segment nite:id="Bmr013.segment.59" starttime="67.93" endtime="74.25" participant="me011" timing-provenance="segment">
      <nite:child href="Bmr013.F.words.xml#id(Bmr013.vocalsound.58)"/>
   </segment>
   <segment nite:id="Bmr013.segment.62" starttime="74.64" endtime="74.9" participant="me011" timing-provenance="segment">
      <nite:child href="Bmr013.F.words.xml#id(Bmr013.vocalsound.61)"/>
   </segment>
   <segment nite:id="Bmr013.segment.63" starttime="75.1" endtime="78.68" participant="me011" timing-provenance="segment">
      <nite:child href="Bmr013.F.words.xml#id(Bmr013.vocalsound.62)"/>
   </segment>
   <segment nite:id="Bmr013.segment.65" starttime="84.93" endtime="89.82" participant="me011" timing-provenance="segment">
      <nite:child href="Bmr013.F.words.xml#id(Bmr013.vocalsound.64)"/>
   </segment>
   <segment nite:id="Bmr013.segment.70" starttime="90.86" endtime="91.97" participant="me011" timing-provenance="segment">
      <nite:child href="Bmr013.F.words.xml#id(Bmr013.vocalsound.69)"/>
   </segment>
   <segment nite:id="Bmr013.segment.76" starttime="96.127" endtime="97.123" participant="me011" timing-provenance="segment">
      <nite:child href="Bmr013.F.words.xml#id(Bmr013.nonvocalsound.1)"/>
   </segment>
   <segment nite:id="Bmr013.segment.79" starttime="98.787" endtime="100.967" participant="me011" timing-provenance="dialogueact">
      <nite:child href="Bmr013.F.words.xml#id(Bmr013.w.8)..id(Bmr013.w.17)"/>
   </segment>
   <segment nite:id="Bmr013.segment.81" starttime="101.137" endtime="102.127" participant="me011" timing-provenance="dialogueact">
      <nite:child href="Bmr013.F.words.xml#id(Bmr013.w.21)..id(Bmr013.w.27)"/>
   </segment>
   <segment nite:id="Bmr013.segment.85" starttime="105.608" endtime="106.583" participant="me011" timing-provenance="segment">
      <nite:child href="Bmr013.F.words.xml#id(Bmr013.nonvocalsound.2)"/>
   </segment>
   <segment nite:id="Bmr013.segment.88" starttime="108.465" endtime="109.312" participant="me011" timing-provenance="segment">
      <nite:child href="Bmr013.F.words.xml#id(Bmr013.nonvocalsound.3)"/>
   </segment>
   <segment nite:id="Bmr013.segment.90" starttime="112.768" endtime="114.203" participant="me011" timing-provenance="segment">
      <nite:child href="Bmr013.F.words.xml#id(Bmr013.nonvocalsound.4)"/>
   </segment>
   <segment nite:id="Bmr013.segment.109" starttime="144.731" endtime="145.863" participant="me011" timing-provenance="segment">
      <nite:child href="Bmr013.F.words.xml#id(Bmr013.nonvocalsound.6)"/>
   </segment>
   <segment nite:id="Bmr013.segment.111" starttime="147.82" endtime="148.06" participant="me011" timing-provenance="dialogueact">
      <nite:child href="Bmr013.F.words.xml#id(Bmr013.w.196)..id(Bmr013.w.197)"/>
   </segment>
   <segment nite:id="Bmr013.segment.112" starttime="149.582" endtime="150.662" participant="me011" timing-provenance="dialogueact">
      <nite:child href="Bmr013.F.words.xml#id(Bmr013.w.198)..id(Bmr013.w.204)"/>
   </segment>
   <segment nite:id="Bmr013.segment.113" starttime="150.912" endtime="153.332" participant="me011" timing-provenance="dialogueact">
      <nite:child href="Bmr013.F.words.xml#id(Bmr013.w.205)..id(Bmr013.w.219)"/>
   </segment>
   <segment nite:id="Bmr013.segment.114" starttime="153.462" endtime="155.972" participant="me011" timing-provenance="dialogueact">
      <nite:child href="Bmr013.F.words.xml#id(Bmr013.w.220)..id(Bmr013.w.228)"/>
   </segment>
   <segment nite:id="Bmr013.segment.115" starttime="156.74" endtime="157.15" participant="me011" timing-provenance="dialogueact">
      <nite:child href="Bmr013.F.words.xml#id(Bmr013.w.229)..id(Bmr013.w.230)"/>
   </segment>
   <segment nite:id="Bmr013.segment.116" starttime="157.78" endtime="158.83" participant="me011" timing-provenance="dialogueact">
      <nite:child href="Bmr013.F.words.xml#id(Bmr013.w.231)..id(Bmr013.w.235)"/>
   </segment>
   <segment nite:id="Bmr013.segment.117" starttime="159.513" endtime="162.163" participant="me011" timing-provenance="dialogueact">
      <nite:child href="Bmr013.F.words.xml#id(Bmr013.w.236)..id(Bmr013.w.247)"/>
   </segment>
   <segment nite:id="Bmr013.segment.118" starttime="162.761" endtime="163.961" participant="me011" timing-provenance="dialogueact">
      <nite:child href="Bmr013.F.words.xml#id(Bmr013.w.248)..id(Bmr013.w.253)"/>
   </segment>
   <segment nite:id="Bmr013.segment.119" starttime="164.5" endtime="166.4" participant="me011" timing-provenance="dialogueact">
      <nite:child href="Bmr013.F.words.xml#id(Bmr013.w.254)..id(Bmr013.w.264)"/>
   </segment>
   <segment nite:id="Bmr013.segment.120" starttime="166.95" endtime="168.28" participant="me011" timing-provenance="dialogueact">
      <nite:child href="Bmr013.F.words.xml#id(Bmr013.w.265)..id(Bmr013.w.273)"/>
   </segment>
   <segment nite:id="Bmr013.segment.121" starttime="168.41" endtime="171.74" participant="me011" timing-provenance="dialogueact">
      <nite:child href="Bmr013.F.words.xml#id(Bmr013.w.274)..id(Bmr013.w.295)"/>
   </segment>
   <segment nite:id="Bmr013.segment.122" starttime="172.25" endtime="174.21" participant="me011" timing-provenance="dialogueact">
      <nite:child href="Bmr013.F.words.xml#id(Bmr013.w.296)..id(Bmr013.w.307)"/>
   </segment>
   <segment nite:id="Bmr013.segment.123" starttime="174.803" endtime="179.343" participant="me011" timing-provenance="dialogueact">
      <nite:child href="Bmr013.F.words.xml#id(Bmr013.w.308)..id(Bmr013.w.334)"/>
   </segment>
   <segment nite:id="Bmr013.segment.125" starttime="179.764" endtime="180.342" participant="me011" timing-provenance="segment">
      <nite:child href="Bmr013.F.words.xml#id(Bmr013.w.350)..id(Bmr013.disfmarker.10)"/>
   </segment>
   <segment nite:id="Bmr013.segment.126" starttime="182.978" endtime="184.868" participant="me011" timing-provenance="dialogueact">
      <nite:child href="Bmr013.F.words.xml#id(Bmr013.w.352)..id(Bmr013.w.360)"/>
   </segment>
   <segment nite:id="Bmr013.segment.128" starttime="185.22" endtime="186.77" participant="me011" timing-provenance="dialogueact">
      <nite:child href="Bmr013.F.words.xml#id(Bmr013.w.366)..id(Bmr013.w.371)"/>
   </segment>
   <segment nite:id="Bmr013.segment.129" starttime="187.78" endtime="191.52" participant="me011" timing-provenance="dialogueact">
      <nite:child href="Bmr013.F.words.xml#id(Bmr013.w.372)..id(Bmr013.w.389)"/>
   </segment>
   <segment nite:id="Bmr013.segment.130" starttime="191.884" endtime="195.574" participant="me011" timing-provenance="dialogueact">
      <nite:child href="Bmr013.F.words.xml#id(Bmr013.w.390)..id(Bmr013.w.408)"/>
   </segment>
   <segment nite:id="Bmr013.segment.132" starttime="195.939" endtime="197.119" participant="me011" timing-provenance="dialogueact">
      <nite:child href="Bmr013.F.words.xml#id(Bmr013.w.413)..id(Bmr013.w.417)"/>
   </segment>
   <segment nite:id="Bmr013.segment.134" starttime="197.69" endtime="198.1" participant="me011" timing-provenance="segment">
      <nite:child href="Bmr013.F.words.xml#id(Bmr013.w.420)..id(Bmr013.disfmarker.12)"/>
   </segment>
   <segment nite:id="Bmr013.segment.141" starttime="217.95" endtime="218.27" participant="me011" timing-provenance="dialogueact">
      <nite:child href="Bmr013.F.words.xml#id(Bmr013.w.503)..id(Bmr013.w.504)"/>
   </segment>
   <segment nite:id="Bmr013.segment.143" starttime="218.438" endtime="219.054" participant="me011" timing-provenance="segment">
      <nite:child href="Bmr013.F.words.xml#id(Bmr013.vocalsound.74)"/>
   </segment>
   <segment nite:id="Bmr013.segment.144" starttime="221.252" endtime="224.211" participant="me011" timing-provenance="segment">
      <nite:child href="Bmr013.F.words.xml#id(Bmr013.w.526)..id(Bmr013.vocalsound.75)"/>
   </segment>
   <segment nite:id="Bmr013.segment.149" starttime="224.51" endtime="225.307" participant="me011" timing-provenance="segment">
      <nite:child href="Bmr013.F.words.xml#id(Bmr013.vocalsound.79)"/>
   </segment>
   <segment nite:id="Bmr013.segment.151" starttime="225.357" endtime="226.087" participant="me011" timing-provenance="dialogueact">
      <nite:child href="Bmr013.F.words.xml#id(Bmr013.w.542)..id(Bmr013.w.545)"/>
   </segment>
   <segment nite:id="Bmr013.segment.152" starttime="226.564" endtime="229.314" participant="me011" timing-provenance="dialogueact">
      <nite:child href="Bmr013.F.words.xml#id(Bmr013.w.546)..id(Bmr013.w.559)"/>
   </segment>
   <segment nite:id="Bmr013.segment.154" starttime="230.001" endtime="230.421" participant="me011" timing-provenance="dialogueact">
      <nite:child href="Bmr013.F.words.xml#id(Bmr013.w.562)..id(Bmr013.w.563)"/>
   </segment>
   <segment nite:id="Bmr013.segment.155" starttime="230.761" endtime="237.311" participant="me011" timing-provenance="dialogueact">
      <nite:child href="Bmr013.F.words.xml#id(Bmr013.w.564)..id(Bmr013.w.590)"/>
   </segment>
   <segment nite:id="Bmr013.segment.156" starttime="237.651" endtime="240.601" participant="me011" timing-provenance="dialogueact">
      <nite:child href="Bmr013.F.words.xml#id(Bmr013.w.591)..id(Bmr013.w.608)"/>
   </segment>
   <segment nite:id="Bmr013.segment.157" starttime="240.891" endtime="241.471" participant="me011" timing-provenance="dialogueact">
      <nite:child href="Bmr013.F.words.xml#id(Bmr013.w.609)..id(Bmr013.w.611)"/>
   </segment>
   <segment nite:id="Bmr013.segment.158" starttime="242.002" endtime="244.182" participant="me011" timing-provenance="dialogueact">
      <nite:child href="Bmr013.F.words.xml#id(Bmr013.w.612)..id(Bmr013.w.623)"/>
   </segment>
   <segment nite:id="Bmr013.segment.159" starttime="244.312" endtime="245.282" participant="me011" timing-provenance="dialogueact">
      <nite:child href="Bmr013.F.words.xml#id(Bmr013.w.624)..id(Bmr013.w.630)"/>
   </segment>
   <segment nite:id="Bmr013.segment.160" starttime="245.372" endtime="246.912" participant="me011" timing-provenance="dialogueact">
      <nite:child href="Bmr013.F.words.xml#id(Bmr013.w.631)..id(Bmr013.w.642)"/>
   </segment>
   <segment nite:id="Bmr013.segment.161" starttime="247.063" endtime="248.388" participant="me011" timing-provenance="segment">
      <nite:child href="Bmr013.F.words.xml#id(Bmr013.w.643)..id(Bmr013.w.650)"/>
   </segment>
   <segment nite:id="Bmr013.segment.162" starttime="248.737" endtime="249.537" participant="me011" timing-provenance="dialogueact">
      <nite:child href="Bmr013.F.words.xml#id(Bmr013.w.651)..id(Bmr013.w.655)"/>
   </segment>
   <segment nite:id="Bmr013.segment.163" starttime="250.099" endtime="250.889" participant="me011" timing-provenance="dialogueact">
      <nite:child href="Bmr013.F.words.xml#id(Bmr013.w.656)..id(Bmr013.w.660)"/>
   </segment>
   <segment nite:id="Bmr013.segment.164" starttime="251.029" endtime="251.359" participant="me011" timing-provenance="dialogueact">
      <nite:child href="Bmr013.F.words.xml#id(Bmr013.w.661)..id(Bmr013.w.662)"/>
   </segment>
   <segment nite:id="Bmr013.segment.165" starttime="251.579" endtime="254.129" participant="me011" timing-provenance="dialogueact">
      <nite:child href="Bmr013.F.words.xml#id(Bmr013.w.663)..id(Bmr013.w.677)"/>
   </segment>
   <segment nite:id="Bmr013.segment.167" starttime="254.463" endtime="254.961" participant="me011" timing-provenance="segment">
      <nite:child href="Bmr013.F.words.xml#id(Bmr013.w.681)..id(Bmr013.disfmarker.17)"/>
   </segment>
   <segment nite:id="Bmr013.segment.168" starttime="255.073" endtime="258.263" participant="me011" timing-provenance="dialogueact">
      <nite:child href="Bmr013.F.words.xml#id(Bmr013.w.684)..id(Bmr013.w.701)"/>
   </segment>
   <segment nite:id="Bmr013.segment.169" starttime="258.826" endtime="260.666" participant="me011" timing-provenance="dialogueact">
      <nite:child href="Bmr013.F.words.xml#id(Bmr013.w.702)..id(Bmr013.w.715)"/>
   </segment>
   <segment nite:id="Bmr013.segment.170" starttime="261.026" endtime="262.386" participant="me011" timing-provenance="dialogueact">
      <nite:child href="Bmr013.F.words.xml#id(Bmr013.w.716)..id(Bmr013.w.722)"/>
   </segment>
   <segment nite:id="Bmr013.segment.171" starttime="262.586" endtime="263.326" participant="me011" timing-provenance="dialogueact">
      <nite:child href="Bmr013.F.words.xml#id(Bmr013.w.723)..id(Bmr013.w.726)"/>
   </segment>
   <segment nite:id="Bmr013.segment.172" starttime="264.389" endtime="265.359" participant="me011" timing-provenance="dialogueact">
      <nite:child href="Bmr013.F.words.xml#id(Bmr013.w.727)..id(Bmr013.w.731)"/>
   </segment>
   <segment nite:id="Bmr013.segment.173" starttime="267.497" endtime="268.597" participant="me011" timing-provenance="dialogueact">
      <nite:child href="Bmr013.F.words.xml#id(Bmr013.w.732)..id(Bmr013.w.738)"/>
   </segment>
   <segment nite:id="Bmr013.segment.174" starttime="268.752" endtime="269.464" participant="me011" timing-provenance="segment">
      <nite:child href="Bmr013.F.words.xml#id(Bmr013.w.739)..id(Bmr013.disfmarker.18)"/>
   </segment>
   <segment nite:id="Bmr013.segment.179" starttime="293.366" endtime="294.343" participant="me011" timing-provenance="segment">
      <nite:child href="Bmr013.F.words.xml#id(Bmr013.w.849)..id(Bmr013.disfmarker.23)"/>
   </segment>
   <segment nite:id="Bmr013.segment.183" starttime="296.562" endtime="301.442" participant="me011" timing-provenance="dialogueact">
      <nite:child href="Bmr013.F.words.xml#id(Bmr013.w.874)..id(Bmr013.w.898)"/>
   </segment>
   <segment nite:id="Bmr013.segment.185" starttime="301.622" endtime="302.482" participant="me011" timing-provenance="dialogueact">
      <nite:child href="Bmr013.F.words.xml#id(Bmr013.w.901)..id(Bmr013.w.904)"/>
   </segment>
   <segment nite:id="Bmr013.segment.186" starttime="302.898" endtime="305.788" participant="me011" timing-provenance="dialogueact">
      <nite:child href="Bmr013.F.words.xml#id(Bmr013.w.905)..id(Bmr013.w.916)"/>
   </segment>
   <segment nite:id="Bmr013.segment.188" starttime="306.156" endtime="306.716" participant="me011" timing-provenance="dialogueact">
      <nite:child href="Bmr013.F.words.xml#id(Bmr013.w.919)..id(Bmr013.w.924)"/>
   </segment>
   <segment nite:id="Bmr013.segment.189" starttime="306.916" endtime="309.756" participant="me011" timing-provenance="dialogueact">
      <nite:child href="Bmr013.F.words.xml#id(Bmr013.w.925)..id(Bmr013.w.940)"/>
   </segment>
   <segment nite:id="Bmr013.segment.190" starttime="310.412" endtime="312.322" participant="me011" timing-provenance="dialogueact">
      <nite:child href="Bmr013.F.words.xml#id(Bmr013.w.941)..id(Bmr013.w.949)"/>
   </segment>
   <segment nite:id="Bmr013.segment.191" starttime="312.697" endtime="313.477" participant="me011" timing-provenance="dialogueact">
      <nite:child href="Bmr013.F.words.xml#id(Bmr013.w.950)..id(Bmr013.w.956)"/>
   </segment>
   <segment nite:id="Bmr013.segment.192" starttime="314.022" endtime="315.022" participant="me011" timing-provenance="dialogueact">
      <nite:child href="Bmr013.F.words.xml#id(Bmr013.w.957)..id(Bmr013.w.961)"/>
   </segment>
   <segment nite:id="Bmr013.segment.194" starttime="315.731" endtime="316.121" participant="me011" timing-provenance="dialogueact">
      <nite:child href="Bmr013.F.words.xml#id(Bmr013.w.962)..id(Bmr013.w.963)"/>
   </segment>
   <segment nite:id="Bmr013.segment.195" starttime="316.491" endtime="317.211" participant="me011" timing-provenance="dialogueact">
      <nite:child href="Bmr013.F.words.xml#id(Bmr013.w.964)..id(Bmr013.w.969)"/>
   </segment>
   <segment nite:id="Bmr013.segment.196" starttime="317.842" endtime="318.732" participant="me011" timing-provenance="dialogueact">
      <nite:child href="Bmr013.F.words.xml#id(Bmr013.w.970)..id(Bmr013.w.975)"/>
   </segment>
   <segment nite:id="Bmr013.segment.207" starttime="336.302" endtime="337.304" participant="me011" timing-provenance="segment">
      <nite:child href="Bmr013.F.words.xml#id(Bmr013.w.1,070)..id(Bmr013.disfmarker.31)"/>
   </segment>
   <segment nite:id="Bmr013.segment.208" starttime="337.8" endtime="339.22" participant="me011" timing-provenance="dialogueact">
      <nite:child href="Bmr013.F.words.xml#id(Bmr013.w.1,075)..id(Bmr013.w.1,082)"/>
   </segment>
   <segment nite:id="Bmr013.segment.209" starttime="339.37" endtime="342.28" participant="me011" timing-provenance="dialogueact">
      <nite:child href="Bmr013.F.words.xml#id(Bmr013.w.1,083)..id(Bmr013.w.1,099)"/>
   </segment>
   <segment nite:id="Bmr013.segment.210" starttime="343.709" endtime="346.869" participant="me011" timing-provenance="dialogueact">
      <nite:child href="Bmr013.F.words.xml#id(Bmr013.w.1,100)..id(Bmr013.w.1,117)"/>
   </segment>
   <segment nite:id="Bmr013.segment.212" starttime="346.939" endtime="348.969" participant="me011" timing-provenance="dialogueact">
      <nite:child href="Bmr013.F.words.xml#id(Bmr013.w.1,120)..id(Bmr013.w.1,128)"/>
   </segment>
   <segment nite:id="Bmr013.segment.213" starttime="349.249" endtime="350.469" participant="me011" timing-provenance="dialogueact">
      <nite:child href="Bmr013.F.words.xml#id(Bmr013.w.1,129)..id(Bmr013.w.1,133)"/>
   </segment>
   <segment nite:id="Bmr013.segment.214" starttime="350.689" endtime="352.329" participant="me011" timing-provenance="dialogueact">
      <nite:child href="Bmr013.F.words.xml#id(Bmr013.w.1,134)..id(Bmr013.w.1,144)"/>
   </segment>
   <segment nite:id="Bmr013.segment.215" starttime="353.908" endtime="354.768" participant="me011" timing-provenance="dialogueact">
      <nite:child href="Bmr013.F.words.xml#id(Bmr013.w.1,145)..id(Bmr013.w.1,149)"/>
   </segment>
   <segment nite:id="Bmr013.segment.216" starttime="355.018" endtime="359.068" participant="me011" timing-provenance="dialogueact">
      <nite:child href="Bmr013.F.words.xml#id(Bmr013.w.1,150)..id(Bmr013.w.1,175)"/>
   </segment>
   <segment nite:id="Bmr013.segment.218" starttime="359.971" endtime="360.381" participant="me011" timing-provenance="dialogueact">
      <nite:child href="Bmr013.F.words.xml#id(Bmr013.w.1,180)..id(Bmr013.w.1,181)"/>
   </segment>
   <segment nite:id="Bmr013.segment.219" starttime="360.857" endtime="364.087" participant="me011" timing-provenance="dialogueact">
      <nite:child href="Bmr013.F.words.xml#id(Bmr013.w.1,182)..id(Bmr013.w.1,202)"/>
   </segment>
   <segment nite:id="Bmr013.segment.220" starttime="364.563" endtime="366.313" participant="me011" timing-provenance="dialogueact">
      <nite:child href="Bmr013.F.words.xml#id(Bmr013.w.1,203)..id(Bmr013.w.1,213)"/>
   </segment>
   <segment nite:id="Bmr013.segment.221" starttime="366.593" endtime="366.823" participant="me011" timing-provenance="dialogueact">
      <nite:child href="Bmr013.F.words.xml#id(Bmr013.w.1,214)..id(Bmr013.w.1,215)"/>
   </segment>
   <segment nite:id="Bmr013.segment.222" starttime="368.318" endtime="368.708" participant="me011" timing-provenance="dialogueact">
      <nite:child href="Bmr013.F.words.xml#id(Bmr013.w.1,216)..id(Bmr013.w.1,218)"/>
   </segment>
   <segment nite:id="Bmr013.segment.225" starttime="374.312" endtime="374.967" participant="me011" timing-provenance="segment">
      <nite:child href="Bmr013.F.words.xml#id(Bmr013.vocalsound.81)"/>
   </segment>
   <segment nite:id="Bmr013.segment.236" starttime="400.573" endtime="401.423" participant="me011" timing-provenance="dialogueact">
      <nite:child href="Bmr013.F.words.xml#id(Bmr013.w.1,320)..id(Bmr013.w.1,322)"/>
   </segment>
   <segment nite:id="Bmr013.segment.246" starttime="428.505" endtime="428.884" participant="me011" timing-provenance="segment">
      <nite:child href="Bmr013.F.words.xml#id(Bmr013.vocalsound.84)"/>
   </segment>
   <segment nite:id="Bmr013.segment.269" starttime="478.67" endtime="480.97" participant="me011" timing-provenance="dialogueact">
      <nite:child href="Bmr013.F.words.xml#id(Bmr013.w.1,651)..id(Bmr013.w.1,663)"/>
   </segment>
   <segment nite:id="Bmr013.segment.270" starttime="481.591" endtime="482.301" participant="me011" timing-provenance="dialogueact">
      <nite:child href="Bmr013.F.words.xml#id(Bmr013.w.1,664)..id(Bmr013.w.1,665)"/>
   </segment>
   <segment nite:id="Bmr013.segment.271" starttime="483.012" endtime="485.822" participant="me011" timing-provenance="dialogueact">
      <nite:child href="Bmr013.F.words.xml#id(Bmr013.w.1,666)..id(Bmr013.w.1,681)"/>
   </segment>
   <segment nite:id="Bmr013.segment.273" starttime="486.591" endtime="488.801" participant="me011" timing-provenance="dialogueact">
      <nite:child href="Bmr013.F.words.xml#id(Bmr013.w.1,684)..id(Bmr013.w.1,698)"/>
   </segment>
   <segment nite:id="Bmr013.segment.276" starttime="490.348" endtime="492.408" participant="me011" timing-provenance="dialogueact">
      <nite:child href="Bmr013.F.words.xml#id(Bmr013.w.1,710)..id(Bmr013.w.1,720)"/>
   </segment>
   <segment nite:id="Bmr013.segment.277" starttime="492.912" endtime="494.222" participant="me011" timing-provenance="dialogueact">
      <nite:child href="Bmr013.F.words.xml#id(Bmr013.w.1,721)..id(Bmr013.w.1,727)"/>
   </segment>
   <segment nite:id="Bmr013.segment.278" starttime="494.325" endtime="496.158" participant="me011" timing-provenance="segment">
      <nite:child href="Bmr013.F.words.xml#id(Bmr013.w.1,728)..id(Bmr013.disfmarker.52)"/>
   </segment>
   <segment nite:id="Bmr013.segment.279" starttime="496.282" endtime="497.332" participant="me011" timing-provenance="dialogueact">
      <nite:child href="Bmr013.F.words.xml#id(Bmr013.w.1,740)..id(Bmr013.w.1,743)"/>
   </segment>
   <segment nite:id="Bmr013.segment.280" starttime="498.171" endtime="500.031" participant="me011" timing-provenance="dialogueact">
      <nite:child href="Bmr013.F.words.xml#id(Bmr013.w.1,744)..id(Bmr013.w.1,754)"/>
   </segment>
   <segment nite:id="Bmr013.segment.282" starttime="502.822" endtime="503.742" participant="me011" timing-provenance="dialogueact">
      <nite:child href="Bmr013.F.words.xml#id(Bmr013.w.1,772)..id(Bmr013.w.1,776)"/>
   </segment>
   <segment nite:id="Bmr013.segment.283" starttime="504.179" endtime="505.369" participant="me011" timing-provenance="dialogueact">
      <nite:child href="Bmr013.F.words.xml#id(Bmr013.w.1,777)..id(Bmr013.w.1,785)"/>
   </segment>
   <segment nite:id="Bmr013.segment.291" starttime="511.572" endtime="511.891" participant="me011" timing-provenance="segment">
      <nite:child href="Bmr013.F.words.xml#id(Bmr013.w.1,832)..id(Bmr013.disfmarker.59)"/>
   </segment>
   <segment nite:id="Bmr013.segment.294" starttime="515.477" endtime="515.747" participant="me011" timing-provenance="dialogueact">
      <nite:child href="Bmr013.F.words.xml#id(Bmr013.w.1,850)..id(Bmr013.w.1,851)"/>
   </segment>
   <segment nite:id="Bmr013.segment.295" starttime="516.872" endtime="518.412" participant="me011" timing-provenance="dialogueact">
      <nite:child href="Bmr013.F.words.xml#id(Bmr013.w.1,852)..id(Bmr013.w.1,857)"/>
   </segment>
   <segment nite:id="Bmr013.segment.297" starttime="518.532" endtime="522.742" participant="me011" timing-provenance="dialogueact">
      <nite:child href="Bmr013.F.words.xml#id(Bmr013.w.1,859)..id(Bmr013.w.1,880)"/>
   </segment>
   <segment nite:id="Bmr013.segment.300" starttime="524.33" endtime="526.06" participant="me011" timing-provenance="dialogueact">
      <nite:child href="Bmr013.F.words.xml#id(Bmr013.w.1,892)..id(Bmr013.w.1,903)"/>
   </segment>
   <segment nite:id="Bmr013.segment.302" starttime="527.478" endtime="529.558" participant="me011" timing-provenance="dialogueact">
      <nite:child href="Bmr013.F.words.xml#id(Bmr013.w.1,913)..id(Bmr013.w.1,925)"/>
   </segment>
   <segment nite:id="Bmr013.segment.304" starttime="531.128" endtime="531.878" participant="me011" timing-provenance="dialogueact">
      <nite:child href="Bmr013.F.words.xml#id(Bmr013.w.1,949)..id(Bmr013.w.1,953)"/>
   </segment>
   <segment nite:id="Bmr013.segment.307" starttime="539.452" endtime="539.752" participant="me011" timing-provenance="dialogueact">
      <nite:child href="Bmr013.F.words.xml#id(Bmr013.w.1,983)..id(Bmr013.w.1,984)"/>
   </segment>
   <segment nite:id="Bmr013.segment.311" starttime="545.962" endtime="546.212" participant="me011" timing-provenance="dialogueact">
      <nite:child href="Bmr013.F.words.xml#id(Bmr013.w.2,033)..id(Bmr013.w.2,034)"/>
   </segment>
   <segment nite:id="Bmr013.segment.312" starttime="547.582" endtime="551.872" participant="me011" timing-provenance="dialogueact">
      <nite:child href="Bmr013.F.words.xml#id(Bmr013.w.2,035)..id(Bmr013.w.2,056)"/>
   </segment>
   <segment nite:id="Bmr013.segment.314" starttime="552.122" endtime="553.282" participant="me011" timing-provenance="dialogueact">
      <nite:child href="Bmr013.F.words.xml#id(Bmr013.w.2,057)..id(Bmr013.w.2,062)"/>
   </segment>
   <segment nite:id="Bmr013.segment.316" starttime="553.698" endtime="554.768" participant="me011" timing-provenance="dialogueact">
      <nite:child href="Bmr013.F.words.xml#id(Bmr013.w.2,065)..id(Bmr013.w.2,069)"/>
   </segment>
   <segment nite:id="Bmr013.segment.318" starttime="555.262" endtime="556.092" participant="me011" timing-provenance="dialogueact">
      <nite:child href="Bmr013.F.words.xml#id(Bmr013.w.2,080)..id(Bmr013.w.2,083)"/>
   </segment>
   <segment nite:id="Bmr013.segment.322" starttime="558.88" endtime="561.49" participant="me011" timing-provenance="dialogueact">
      <nite:child href="Bmr013.F.words.xml#id(Bmr013.w.2,086)..id(Bmr013.w.2,097)"/>
   </segment>
   <segment nite:id="Bmr013.segment.330" starttime="564.933" endtime="567.974" participant="me011" timing-provenance="segment">
      <nite:child href="Bmr013.F.words.xml#id(Bmr013.w.2,122)..id(Bmr013.comment.4)"/>
   </segment>
   <segment nite:id="Bmr013.segment.333" starttime="568.585" endtime="568.975" participant="me011" timing-provenance="dialogueact">
      <nite:child href="Bmr013.F.words.xml#id(Bmr013.w.2,141)..id(Bmr013.w.2,142)"/>
   </segment>
   <segment nite:id="Bmr013.segment.336" starttime="570.982" endtime="571.172" participant="me011" timing-provenance="dialogueact">
      <nite:child href="Bmr013.F.words.xml#id(Bmr013.w.2,152)..id(Bmr013.w.2,153)"/>
   </segment>
   <segment nite:id="Bmr013.segment.340" starttime="571.712" endtime="572.372" participant="me011" timing-provenance="dialogueact">
      <nite:child href="Bmr013.F.words.xml#id(Bmr013.w.2,163)..id(Bmr013.w.2,165)"/>
   </segment>
   <segment nite:id="Bmr013.segment.344" starttime="575.174" endtime="576.234" participant="me011" timing-provenance="dialogueact">
      <nite:child href="Bmr013.F.words.xml#id(Bmr013.w.2,170)..id(Bmr013.w.2,175)"/>
   </segment>
   <segment nite:id="Bmr013.segment.345" starttime="576.688" endtime="578.778" participant="me011" timing-provenance="dialogueact">
      <nite:child href="Bmr013.F.words.xml#id(Bmr013.w.2,176)..id(Bmr013.w.2,188)"/>
   </segment>
   <segment nite:id="Bmr013.segment.346" starttime="579.727" endtime="580.297" participant="me011" timing-provenance="dialogueact">
      <nite:child href="Bmr013.F.words.xml#id(Bmr013.w.2,189)..id(Bmr013.w.2,191)"/>
   </segment>
   <segment nite:id="Bmr013.segment.347" starttime="581.101" endtime="582.761" participant="me011" timing-provenance="dialogueact">
      <nite:child href="Bmr013.F.words.xml#id(Bmr013.w.2,192)..id(Bmr013.w.2,199)"/>
   </segment>
   <segment nite:id="Bmr013.segment.348" starttime="583.482" endtime="586.322" participant="me011" timing-provenance="dialogueact">
      <nite:child href="Bmr013.F.words.xml#id(Bmr013.w.2,200)..id(Bmr013.w.2,211)"/>
   </segment>
   <segment nite:id="Bmr013.segment.353" starttime="590.48" endtime="590.63" participant="me011" timing-provenance="dialogueact">
      <nite:child href="Bmr013.F.words.xml#id(Bmr013.w.2,235)..id(Bmr013.w.2,236)"/>
   </segment>
   <segment nite:id="Bmr013.segment.384" starttime="666.621" endtime="669.52" participant="me011" timing-provenance="segment">
      <nite:child href="Bmr013.F.words.xml#id(Bmr013.w.2,559)..id(Bmr013.disfmarker.84)"/>
   </segment>
   <segment nite:id="Bmr013.segment.390" starttime="670.928" endtime="671.347" participant="me011" timing-provenance="segment">
      <nite:child href="Bmr013.F.words.xml#id(Bmr013.w.2,595)..id(Bmr013.disfmarker.86)"/>
   </segment>
   <segment nite:id="Bmr013.segment.400" starttime="691.185" endtime="691.641" participant="me011" timing-provenance="segment">
      <nite:child href="Bmr013.F.words.xml#id(Bmr013.w.2,679)..id(Bmr013.disfmarker.87)"/>
   </segment>
   <segment nite:id="Bmr013.segment.402" starttime="693.524" endtime="693.884" participant="me011" timing-provenance="dialogueact">
      <nite:child href="Bmr013.F.words.xml#id(Bmr013.w.2,687)..id(Bmr013.w.2,688)"/>
   </segment>
   <segment nite:id="Bmr013.segment.403" starttime="694.204" endtime="696.684" participant="me011" timing-provenance="dialogueact">
      <nite:child href="Bmr013.F.words.xml#id(Bmr013.w.2,689)..id(Bmr013.w.2,701)"/>
   </segment>
   <segment nite:id="Bmr013.segment.437" starttime="742.37" endtime="743.85" participant="me011" timing-provenance="dialogueact">
      <nite:child href="Bmr013.F.words.xml#id(Bmr013.w.2,925)..id(Bmr013.w.2,934)"/>
   </segment>
   <segment nite:id="Bmr013.segment.439" starttime="744.41" endtime="745.59" participant="me011" timing-provenance="dialogueact">
      <nite:child href="Bmr013.F.words.xml#id(Bmr013.w.2,937)..id(Bmr013.w.2,943)"/>
   </segment>
   <segment nite:id="Bmr013.segment.449" starttime="759.219" endtime="759.469" participant="me011" timing-provenance="dialogueact">
      <nite:child href="Bmr013.F.words.xml#id(Bmr013.w.3,019)..id(Bmr013.w.3,020)"/>
   </segment>
   <segment nite:id="Bmr013.segment.464" starttime="776.436" endtime="776.726" participant="me011" timing-provenance="dialogueact">
      <nite:child href="Bmr013.F.words.xml#id(Bmr013.w.3,089)..id(Bmr013.w.3,090)"/>
   </segment>
   <segment nite:id="Bmr013.segment.465" starttime="776.936" endtime="778.616" participant="me011" timing-provenance="dialogueact">
      <nite:child href="Bmr013.F.words.xml#id(Bmr013.w.3,091)..id(Bmr013.w.3,100)"/>
   </segment>
   <segment nite:id="Bmr013.segment.466" starttime="778.926" endtime="779.286" participant="me011" timing-provenance="dialogueact">
      <nite:child href="Bmr013.F.words.xml#id(Bmr013.w.3,101)..id(Bmr013.w.3,103)"/>
   </segment>
   <segment nite:id="Bmr013.segment.467" starttime="782.592" endtime="784.912" participant="me011" timing-provenance="dialogueact">
      <nite:child href="Bmr013.F.words.xml#id(Bmr013.w.3,104)..id(Bmr013.w.3,115)"/>
   </segment>
   <segment nite:id="Bmr013.segment.472" starttime="795.649" endtime="795.859" participant="me011" timing-provenance="dialogueact">
      <nite:child href="Bmr013.F.words.xml#id(Bmr013.w.3,161)..id(Bmr013.w.3,162)"/>
   </segment>
   <segment nite:id="Bmr013.segment.479" starttime="805.976" endtime="806.926" participant="me011" timing-provenance="dialogueact">
      <nite:child href="Bmr013.F.words.xml#id(Bmr013.w.3,210)..id(Bmr013.w.3,211)"/>
   </segment>
   <segment nite:id="Bmr013.segment.491" starttime="813.165" endtime="813.536" participant="me011" timing-provenance="segment">
      <nite:child href="Bmr013.F.words.xml#id(Bmr013.vocalsound.104)"/>
   </segment>
   <segment nite:id="Bmr013.segment.503" starttime="827.979" endtime="828.209" participant="me011" timing-provenance="dialogueact">
      <nite:child href="Bmr013.F.words.xml#id(Bmr013.w.3,324)..id(Bmr013.w.3,325)"/>
   </segment>
   <segment nite:id="Bmr013.segment.529" starttime="892.14" endtime="892.37" participant="me011" timing-provenance="dialogueact">
      <nite:child href="Bmr013.F.words.xml#id(Bmr013.w.3,562)..id(Bmr013.w.3,563)"/>
   </segment>
   <segment nite:id="Bmr013.segment.531" starttime="895.722" endtime="897.502" participant="me011" timing-provenance="dialogueact">
      <nite:child href="Bmr013.F.words.xml#id(Bmr013.w.3,566)..id(Bmr013.w.3,576)"/>
   </segment>
   <segment nite:id="Bmr013.segment.535" starttime="897.782" endtime="898.552" participant="me011" timing-provenance="dialogueact">
      <nite:child href="Bmr013.F.words.xml#id(Bmr013.w.3,587)..id(Bmr013.w.3,590)"/>
   </segment>
   <segment nite:id="Bmr013.segment.540" starttime="901.205" endtime="901.703" participant="me011" timing-provenance="segment">
      <nite:child href="Bmr013.F.words.xml#id(Bmr013.w.3,621)..id(Bmr013.disfmarker.112)"/>
   </segment>
   <segment nite:id="Bmr013.segment.546" starttime="910.659" endtime="912.34" participant="me011" timing-provenance="segment">
      <nite:child href="Bmr013.F.words.xml#id(Bmr013.w.3,656)..id(Bmr013.vocalsound.105)"/>
   </segment>
   <segment nite:id="Bmr013.segment.564" starttime="937.645" endtime="939.845" participant="me011" timing-provenance="dialogueact">
      <nite:child href="Bmr013.F.words.xml#id(Bmr013.w.3,758)..id(Bmr013.w.3,771)"/>
   </segment>
   <segment nite:id="Bmr013.segment.578" starttime="964.904" endtime="965.203" participant="me011" timing-provenance="segment">
      <nite:child href="Bmr013.F.words.xml#id(Bmr013.w.3,883)..id(Bmr013.disfmarker.117)"/>
   </segment>
   <segment nite:id="Bmr013.segment.579" starttime="965.682" endtime="967.932" participant="me011" timing-provenance="dialogueact">
      <nite:child href="Bmr013.F.words.xml#id(Bmr013.w.3,884)..id(Bmr013.w.3,894)"/>
   </segment>
   <segment nite:id="Bmr013.segment.581" starttime="968.422" endtime="970.272" participant="me011" timing-provenance="dialogueact">
      <nite:child href="Bmr013.F.words.xml#id(Bmr013.w.3,897)..id(Bmr013.w.3,904)"/>
   </segment>
   <segment nite:id="Bmr013.segment.582" starttime="970.693" endtime="975.793" participant="me011" timing-provenance="dialogueact">
      <nite:child href="Bmr013.F.words.xml#id(Bmr013.w.3,905)..id(Bmr013.w.3,936)"/>
   </segment>
   <segment nite:id="Bmr013.segment.584" starttime="976.252" endtime="980.982" participant="me011" timing-provenance="dialogueact">
      <nite:child href="Bmr013.F.words.xml#id(Bmr013.w.3,939)..id(Bmr013.w.3,958)"/>
   </segment>
   <segment nite:id="Bmr013.segment.589" starttime="991.003" endtime="991.273" participant="me011" timing-provenance="dialogueact">
      <nite:child href="Bmr013.F.words.xml#id(Bmr013.w.4,000)..id(Bmr013.w.4,001)"/>
   </segment>
   <segment nite:id="Bmr013.segment.593" starttime="998.999" endtime="1002.53" participant="me011" timing-provenance="dialogueact">
      <nite:child href="Bmr013.F.words.xml#id(Bmr013.w.4,044)..id(Bmr013.w.4,059)"/>
   </segment>
   <segment nite:id="Bmr013.segment.595" starttime="1003.0" endtime="1003.95" participant="me011" timing-provenance="dialogueact">
      <nite:child href="Bmr013.F.words.xml#id(Bmr013.w.4,062)..id(Bmr013.w.4,066)"/>
   </segment>
   <segment nite:id="Bmr013.segment.643" starttime="1083.481" endtime="1084.26" participant="me011" timing-provenance="segment">
      <nite:child href="Bmr013.F.words.xml#id(Bmr013.w.4,435)..id(Bmr013.vocalsound.111)"/>
   </segment>
   <segment nite:id="Bmr013.segment.653" starttime="1096.698" endtime="1097.154" participant="me011" timing-provenance="segment">
      <nite:child href="Bmr013.F.words.xml#id(Bmr013.w.4,519)..id(Bmr013.disfmarker.136)"/>
   </segment>
   <segment nite:id="Bmr013.segment.671" starttime="1113.18" endtime="1115.86" participant="me011" timing-provenance="dialogueact">
      <nite:child href="Bmr013.F.words.xml#id(Bmr013.w.4,612)..id(Bmr013.w.4,621)"/>
   </segment>
   <segment nite:id="Bmr013.segment.675" starttime="1116.22" endtime="1119.51" participant="me011" timing-provenance="dialogueact">
      <nite:child href="Bmr013.F.words.xml#id(Bmr013.w.4,624)..id(Bmr013.w.4,637)"/>
   </segment>
   <segment nite:id="Bmr013.segment.678" starttime="1120.04" endtime="1121.96" participant="me011" timing-provenance="dialogueact">
      <nite:child href="Bmr013.F.words.xml#id(Bmr013.w.4,646)..id(Bmr013.w.4,656)"/>
   </segment>
   <segment nite:id="Bmr013.segment.680" starttime="1122.98" endtime="1125.01" participant="me011" timing-provenance="dialogueact">
      <nite:child href="Bmr013.F.words.xml#id(Bmr013.w.4,659)..id(Bmr013.w.4,667)"/>
   </segment>
   <segment nite:id="Bmr013.segment.684" starttime="1132.12" endtime="1135.27" participant="me011" timing-provenance="dialogueact">
      <nite:child href="Bmr013.F.words.xml#id(Bmr013.w.4,706)..id(Bmr013.w.4,719)"/>
   </segment>
   <segment nite:id="Bmr013.segment.687" starttime="1136.07" endtime="1138.37" participant="me011" timing-provenance="dialogueact">
      <nite:child href="Bmr013.F.words.xml#id(Bmr013.w.4,725)..id(Bmr013.w.4,734)"/>
   </segment>
   <segment nite:id="Bmr013.segment.692" starttime="1142.879" endtime="1143.496" participant="me011" timing-provenance="segment">
      <nite:child href="Bmr013.F.words.xml#id(Bmr013.w.4,749)..id(Bmr013.vocalsound.115)"/>
   </segment>
   <segment nite:id="Bmr013.segment.751" starttime="1271.7" endtime="1274.43" participant="me011" timing-provenance="dialogueact">
      <nite:child href="Bmr013.F.words.xml#id(Bmr013.w.5,296)..id(Bmr013.w.5,310)"/>
   </segment>
   <segment nite:id="Bmr013.segment.790" starttime="1328.15" endtime="1331.73" participant="me011" timing-provenance="dialogueact">
      <nite:child href="Bmr013.F.words.xml#id(Bmr013.w.5,634)..id(Bmr013.w.5,653)"/>
   </segment>
   <segment nite:id="Bmr013.segment.792" starttime="1332.1" endtime="1333.22" participant="me011" timing-provenance="dialogueact">
      <nite:child href="Bmr013.F.words.xml#id(Bmr013.w.5,660)..id(Bmr013.w.5,665)"/>
   </segment>
   <segment nite:id="Bmr013.segment.795" starttime="1336.29" endtime="1336.6" participant="me011" timing-provenance="dialogueact">
      <nite:child href="Bmr013.F.words.xml#id(Bmr013.w.5,676)..id(Bmr013.w.5,677)"/>
   </segment>
   <segment nite:id="Bmr013.segment.823" starttime="1385.3" endtime="1385.52" participant="me011" timing-provenance="dialogueact">
      <nite:child href="Bmr013.F.words.xml#id(Bmr013.w.5,910)..id(Bmr013.w.5,911)"/>
   </segment>
   <segment nite:id="Bmr013.segment.838" starttime="1403.53" endtime="1403.83" participant="me011" timing-provenance="dialogueact">
      <nite:child href="Bmr013.F.words.xml#id(Bmr013.w.6,009)..id(Bmr013.w.6,011)"/>
   </segment>
   <segment nite:id="Bmr013.segment.862" starttime="1443.341" endtime="1445.524" participant="me011" timing-provenance="segment">
      <nite:child href="Bmr013.F.words.xml#id(Bmr013.vocalsound.119)"/>
   </segment>
   <segment nite:id="Bmr013.segment.883" starttime="1466.08" endtime="1467.78" participant="me011" timing-provenance="dialogueact">
      <nite:child href="Bmr013.F.words.xml#id(Bmr013.w.6,305)..id(Bmr013.w.6,315)"/>
   </segment>
   <segment nite:id="Bmr013.segment.888" starttime="1470.9" endtime="1473.17" participant="me011" timing-provenance="dialogueact">
      <nite:child href="Bmr013.F.words.xml#id(Bmr013.w.6,326)..id(Bmr013.w.6,337)"/>
   </segment>
   <segment nite:id="Bmr013.segment.890" starttime="1474.3" endtime="1475.92" participant="me011" timing-provenance="dialogueact">
      <nite:child href="Bmr013.F.words.xml#id(Bmr013.w.6,338)..id(Bmr013.w.6,347)"/>
   </segment>
   <segment nite:id="Bmr013.segment.894" starttime="1476.77" endtime="1478.53" participant="me011" timing-provenance="dialogueact">
      <nite:child href="Bmr013.F.words.xml#id(Bmr013.w.6,360)..id(Bmr013.w.6,370)"/>
   </segment>
   <segment nite:id="Bmr013.segment.896" starttime="1481.02" endtime="1481.38" participant="me011" timing-provenance="dialogueact">
      <nite:child href="Bmr013.F.words.xml#id(Bmr013.w.6,377)..id(Bmr013.w.6,378)"/>
   </segment>
   <segment nite:id="Bmr013.segment.913" starttime="1506.96" endtime="1507.3" participant="me011" timing-provenance="dialogueact">
      <nite:child href="Bmr013.F.words.xml#id(Bmr013.w.6,477)..id(Bmr013.w.6,480)"/>
   </segment>
   <segment nite:id="Bmr013.segment.929" starttime="1516.856" endtime="1517.573" participant="me011" timing-provenance="segment">
      <nite:child href="Bmr013.F.words.xml#id(Bmr013.vocalsound.141)"/>
   </segment>
   <segment nite:id="Bmr013.segment.947" starttime="1555.51" endtime="1555.64" participant="me011" timing-provenance="dialogueact">
      <nite:child href="Bmr013.F.words.xml#id(Bmr013.w.6,667)..id(Bmr013.w.6,668)"/>
   </segment>
   <segment nite:id="Bmr013.segment.953" starttime="1582.282" endtime="1583.383" participant="me011" timing-provenance="segment">
      <nite:child href="Bmr013.F.words.xml#id(Bmr013.w.6,735)..id(Bmr013.vocalsound.147)"/>
   </segment>
   <segment nite:id="Bmr013.segment.956" starttime="1584.86" endtime="1585.37" participant="me011" timing-provenance="dialogueact">
      <nite:child href="Bmr013.F.words.xml#id(Bmr013.w.6,744)..id(Bmr013.w.6,748)"/>
   </segment>
   <segment nite:id="Bmr013.segment.958" starttime="1586.77" endtime="1589.05" participant="me011" timing-provenance="dialogueact">
      <nite:child href="Bmr013.F.words.xml#id(Bmr013.w.6,751)..id(Bmr013.w.6,765)"/>
   </segment>
   <segment nite:id="Bmr013.segment.960" starttime="1589.7" endtime="1590.21" participant="me011" timing-provenance="dialogueact">
      <nite:child href="Bmr013.F.words.xml#id(Bmr013.w.6,768)..id(Bmr013.w.6,769)"/>
   </segment>
   <segment nite:id="Bmr013.segment.963" starttime="1590.42" endtime="1590.95" participant="me011" timing-provenance="dialogueact">
      <nite:child href="Bmr013.F.words.xml#id(Bmr013.w.6,787)..id(Bmr013.w.6,790)"/>
   </segment>
   <segment nite:id="Bmr013.segment.964" starttime="1592.22" endtime="1594.71" participant="me011" timing-provenance="dialogueact">
      <nite:child href="Bmr013.F.words.xml#id(Bmr013.w.6,791)..id(Bmr013.w.6,799)"/>
   </segment>
   <segment nite:id="Bmr013.segment.967" starttime="1595.06" endtime="1595.48" participant="me011" timing-provenance="dialogueact">
      <nite:child href="Bmr013.F.words.xml#id(Bmr013.w.6,804)..id(Bmr013.w.6,805)"/>
   </segment>
   <segment nite:id="Bmr013.segment.990" starttime="1632.09" endtime="1633.77" participant="me011" timing-provenance="dialogueact">
      <nite:child href="Bmr013.F.words.xml#id(Bmr013.w.6,952)..id(Bmr013.w.6,961)"/>
   </segment>
   <segment nite:id="Bmr013.segment.993" starttime="1637.96" endtime="1640.47" participant="me011" timing-provenance="segment">
      <nite:child href="Bmr013.F.words.xml#id(Bmr013.vocalsound.155)"/>
   </segment>
   <segment nite:id="Bmr013.segment.997" starttime="1640.51" endtime="1640.91" participant="me011" timing-provenance="dialogueact">
      <nite:child href="Bmr013.F.words.xml#id(Bmr013.w.6,995)..id(Bmr013.w.6,996)"/>
   </segment>
   <segment nite:id="Bmr013.segment.1,002" starttime="1650.09" endtime="1651.27" participant="me011" timing-provenance="dialogueact">
      <nite:child href="Bmr013.F.words.xml#id(Bmr013.w.7,039)..id(Bmr013.w.7,047)"/>
   </segment>
   <segment nite:id="Bmr013.segment.1,011" starttime="1664.249" endtime="1666.274" participant="me011" timing-provenance="segment">
      <nite:child href="Bmr013.F.words.xml#id(Bmr013.w.7,115)..id(Bmr013.vocalsound.158)"/>
   </segment>
   <segment nite:id="Bmr013.segment.1,014" starttime="1667.15" endtime="1667.38" participant="me011" timing-provenance="dialogueact">
      <nite:child href="Bmr013.F.words.xml#id(Bmr013.w.7,136)..id(Bmr013.w.7,137)"/>
   </segment>
   <segment nite:id="Bmr013.segment.1,039" starttime="1718.17" endtime="1722.19" participant="me011" timing-provenance="dialogueact">
      <nite:child href="Bmr013.F.words.xml#id(Bmr013.w.7,381)..id(Bmr013.w.7,405)"/>
   </segment>
   <segment nite:id="Bmr013.segment.1,051" starttime="1752.574" endtime="1752.992" participant="me011" timing-provenance="segment">
      <nite:child href="Bmr013.F.words.xml#id(Bmr013.vocalsound.159)"/>
   </segment>
   <segment nite:id="Bmr013.segment.1,075" starttime="1788.8" endtime="1790.135" participant="me011" timing-provenance="segment">
      <nite:child href="Bmr013.F.words.xml#id(Bmr013.w.7,707)..id(Bmr013.comment.18)"/>
   </segment>
   <segment nite:id="Bmr013.segment.1,196" starttime="2011.32" endtime="2011.52" participant="me011" timing-provenance="dialogueact">
      <nite:child href="Bmr013.F.words.xml#id(Bmr013.w.8,744)..id(Bmr013.w.8,745)"/>
   </segment>
   <segment nite:id="Bmr013.segment.1,199" starttime="2012.73" endtime="2012.89" participant="me011" timing-provenance="dialogueact">
      <nite:child href="Bmr013.F.words.xml#id(Bmr013.w.8,758)"/>
   </segment>
   <segment nite:id="Bmr013.segment.1,369" starttime="2322.26" endtime="2322.56" participant="me011" timing-provenance="dialogueact">
      <nite:child href="Bmr013.F.words.xml#id(Bmr013.w.10,129)..id(Bmr013.w.10,130)"/>
   </segment>
   <segment nite:id="Bmr013.segment.1,380" starttime="2346.68" endtime="2346.92" participant="me011" timing-provenance="dialogueact">
      <nite:child href="Bmr013.F.words.xml#id(Bmr013.w.10,240)..id(Bmr013.w.10,241)"/>
   </segment>
   <segment nite:id="Bmr013.segment.1,384" starttime="2353.0" endtime="2353.78" participant="me011" timing-provenance="dialogueact">
      <nite:child href="Bmr013.F.words.xml#id(Bmr013.w.10,260)..id(Bmr013.w.10,263)"/>
   </segment>
   <segment nite:id="Bmr013.segment.1,437" starttime="2456.336" endtime="2457.093" participant="me011" timing-provenance="segment">
      <nite:child href="Bmr013.F.words.xml#id(Bmr013.vocalsound.177)"/>
   </segment>
   <segment nite:id="Bmr013.segment.1,471" starttime="2504.36" endtime="2505.79" participant="me011" timing-provenance="dialogueact">
      <nite:child href="Bmr013.F.words.xml#id(Bmr013.w.10,986)..id(Bmr013.w.10,996)"/>
   </segment>
   <segment nite:id="Bmr013.segment.1,476" starttime="2507.56" endtime="2507.81" participant="me011" timing-provenance="dialogueact">
      <nite:child href="Bmr013.F.words.xml#id(Bmr013.w.11,010)..id(Bmr013.w.11,013)"/>
   </segment>
   <segment nite:id="Bmr013.segment.1,480" starttime="2512.452" endtime="2513.05" participant="me011" timing-provenance="segment">
      <nite:child href="Bmr013.F.words.xml#id(Bmr013.w.11,031)..id(Bmr013.disfmarker.378)"/>
   </segment>
   <segment nite:id="Bmr013.segment.1,485" starttime="2515.64" endtime="2517.31" participant="me011" timing-provenance="dialogueact">
      <nite:child href="Bmr013.F.words.xml#id(Bmr013.w.11,041)..id(Bmr013.w.11,050)"/>
   </segment>
   <segment nite:id="Bmr013.segment.1,487" starttime="2518.5" endtime="2519.31" participant="me011" timing-provenance="dialogueact">
      <nite:child href="Bmr013.F.words.xml#id(Bmr013.w.11,060)..id(Bmr013.w.11,062)"/>
   </segment>
   <segment nite:id="Bmr013.segment.1,488" starttime="2520.17" endtime="2523.09" participant="me011" timing-provenance="dialogueact">
      <nite:child href="Bmr013.F.words.xml#id(Bmr013.w.11,063)..id(Bmr013.w.11,080)"/>
   </segment>
   <segment nite:id="Bmr013.segment.1,490" starttime="2523.46" endtime="2524.15" participant="me011" timing-provenance="dialogueact">
      <nite:child href="Bmr013.F.words.xml#id(Bmr013.w.11,083)..id(Bmr013.w.11,086)"/>
   </segment>
   <segment nite:id="Bmr013.segment.1,491" starttime="2524.47" endtime="2525.09" participant="me011" timing-provenance="dialogueact">
      <nite:child href="Bmr013.F.words.xml#id(Bmr013.w.11,087)..id(Bmr013.w.11,088)"/>
   </segment>
   <segment nite:id="Bmr013.segment.1,492" starttime="2525.45" endtime="2526.42" participant="me011" timing-provenance="dialogueact">
      <nite:child href="Bmr013.F.words.xml#id(Bmr013.w.11,089)..id(Bmr013.w.11,092)"/>
   </segment>
   <segment nite:id="Bmr013.segment.1,494" starttime="2526.97" endtime="2529.4" participant="me011" timing-provenance="dialogueact">
      <nite:child href="Bmr013.F.words.xml#id(Bmr013.w.11,098)..id(Bmr013.w.11,108)"/>
   </segment>
   <segment nite:id="Bmr013.segment.1,495" starttime="2529.79" endtime="2533.42" participant="me011" timing-provenance="dialogueact">
      <nite:child href="Bmr013.F.words.xml#id(Bmr013.w.11,109)..id(Bmr013.w.11,126)"/>
   </segment>
   <segment nite:id="Bmr013.segment.1,496" starttime="2533.66" endtime="2534.49" participant="me011" timing-provenance="dialogueact">
      <nite:child href="Bmr013.F.words.xml#id(Bmr013.w.11,127)..id(Bmr013.w.11,129)"/>
   </segment>
   <segment nite:id="Bmr013.segment.1,497" starttime="2535.23" endtime="2536.18" participant="me011" timing-provenance="dialogueact">
      <nite:child href="Bmr013.F.words.xml#id(Bmr013.w.11,130)..id(Bmr013.w.11,136)"/>
   </segment>
   <segment nite:id="Bmr013.segment.1,499" starttime="2536.74" endtime="2538.27" participant="me011" timing-provenance="dialogueact">
      <nite:child href="Bmr013.F.words.xml#id(Bmr013.w.11,141)..id(Bmr013.w.11,152)"/>
   </segment>
   <segment nite:id="Bmr013.segment.1,502" starttime="2539.41" endtime="2541.81" participant="me011" timing-provenance="dialogueact">
      <nite:child href="Bmr013.F.words.xml#id(Bmr013.w.11,157)..id(Bmr013.w.11,173)"/>
   </segment>
   <segment nite:id="Bmr013.segment.1,503" starttime="2543.06" endtime="2543.92" participant="me011" timing-provenance="dialogueact">
      <nite:child href="Bmr013.F.words.xml#id(Bmr013.w.11,174)..id(Bmr013.w.11,179)"/>
   </segment>
   <segment nite:id="Bmr013.segment.1,505" starttime="2545.04" endtime="2545.32" participant="me011" timing-provenance="dialogueact">
      <nite:child href="Bmr013.F.words.xml#id(Bmr013.w.11,190)..id(Bmr013.w.11,191)"/>
   </segment>
   <segment nite:id="Bmr013.segment.1,506" starttime="2545.98" endtime="2546.16" participant="me011" timing-provenance="dialogueact">
      <nite:child href="Bmr013.F.words.xml#id(Bmr013.w.11,192)..id(Bmr013.w.11,193)"/>
   </segment>
   <segment nite:id="Bmr013.segment.1,508" starttime="2547.33" endtime="2548.92" participant="me011" timing-provenance="dialogueact">
      <nite:child href="Bmr013.F.words.xml#id(Bmr013.w.11,196)..id(Bmr013.w.11,205)"/>
   </segment>
   <segment nite:id="Bmr013.segment.1,510" starttime="2551.07" endtime="2551.98" participant="me011" timing-provenance="dialogueact">
      <nite:child href="Bmr013.F.words.xml#id(Bmr013.w.11,217)..id(Bmr013.w.11,221)"/>
   </segment>
   <segment nite:id="Bmr013.segment.1,511" starttime="2552.47" endtime="2556.45" participant="me011" timing-provenance="dialogueact">
      <nite:child href="Bmr013.F.words.xml#id(Bmr013.w.11,222)..id(Bmr013.w.11,240)"/>
   </segment>
   <segment nite:id="Bmr013.segment.1,512" starttime="2556.99" endtime="2557.43" participant="me011" timing-provenance="dialogueact">
      <nite:child href="Bmr013.F.words.xml#id(Bmr013.w.11,241)..id(Bmr013.w.11,242)"/>
   </segment>
   <segment nite:id="Bmr013.segment.1,513" starttime="2557.72" endtime="2562.43" participant="me011" timing-provenance="dialogueact">
      <nite:child href="Bmr013.F.words.xml#id(Bmr013.w.11,243)..id(Bmr013.w.11,267)"/>
   </segment>
   <segment nite:id="Bmr013.segment.1,514" starttime="2562.79" endtime="2565.16" participant="me011" timing-provenance="dialogueact">
      <nite:child href="Bmr013.F.words.xml#id(Bmr013.w.11,268)..id(Bmr013.w.11,281)"/>
   </segment>
   <segment nite:id="Bmr013.segment.1,516" starttime="2565.62" endtime="2568.57" participant="me011" timing-provenance="dialogueact">
      <nite:child href="Bmr013.F.words.xml#id(Bmr013.w.11,284)..id(Bmr013.w.11,297)"/>
   </segment>
   <segment nite:id="Bmr013.segment.1,517" starttime="2568.92" endtime="2570.58" participant="me011" timing-provenance="dialogueact">
      <nite:child href="Bmr013.F.words.xml#id(Bmr013.w.11,298)..id(Bmr013.w.11,303)"/>
   </segment>
   <segment nite:id="Bmr013.segment.1,518" starttime="2571.15" endtime="2574.42" participant="me011" timing-provenance="dialogueact">
      <nite:child href="Bmr013.F.words.xml#id(Bmr013.w.11,304)..id(Bmr013.w.11,324)"/>
   </segment>
   <segment nite:id="Bmr013.segment.1,519" starttime="2574.96" endtime="2575.53" participant="me011" timing-provenance="dialogueact">
      <nite:child href="Bmr013.F.words.xml#id(Bmr013.w.11,325)..id(Bmr013.w.11,328)"/>
   </segment>
   <segment nite:id="Bmr013.segment.1,520" starttime="2576.52" endtime="2577.4" participant="me011" timing-provenance="dialogueact">
      <nite:child href="Bmr013.F.words.xml#id(Bmr013.w.11,329)..id(Bmr013.w.11,334)"/>
   </segment>
   <segment nite:id="Bmr013.segment.1,522" starttime="2579.97" endtime="2580.18" participant="me011" timing-provenance="dialogueact">
      <nite:child href="Bmr013.F.words.xml#id(Bmr013.w.11,344)..id(Bmr013.w.11,345)"/>
   </segment>
   <segment nite:id="Bmr013.segment.1,523" starttime="2580.552" endtime="2581.654" participant="me011" timing-provenance="segment">
      <nite:child href="Bmr013.F.words.xml#id(Bmr013.w.11,346)..id(Bmr013.disfmarker.384)"/>
   </segment>
   <segment nite:id="Bmr013.segment.1,527" starttime="2583.439" endtime="2585.89" participant="me011" timing-provenance="segment">
      <nite:child href="Bmr013.F.words.xml#id(Bmr013.w.11,358)..id(Bmr013.disfmarker.385)"/>
   </segment>
   <segment nite:id="Bmr013.segment.1,530" starttime="2586.25" endtime="2586.67" participant="me011" timing-provenance="dialogueact">
      <nite:child href="Bmr013.F.words.xml#id(Bmr013.w.11,382)..id(Bmr013.w.11,384)"/>
   </segment>
   <segment nite:id="Bmr013.segment.1,535" starttime="2588.05" endtime="2588.36" participant="me011" timing-provenance="dialogueact">
      <nite:child href="Bmr013.F.words.xml#id(Bmr013.w.11,387)..id(Bmr013.w.11,389)"/>
   </segment>
   <segment nite:id="Bmr013.segment.1,540" starttime="2589.914" endtime="2591.07" participant="me011" timing-provenance="segment">
      <nite:child href="Bmr013.F.words.xml#id(Bmr013.w.11,411)..id(Bmr013.vocalsound.189)"/>
   </segment>
   <segment nite:id="Bmr013.segment.1,543" starttime="2591.947" endtime="2594.565" participant="me011" timing-provenance="segment">
      <nite:child href="Bmr013.F.words.xml#id(Bmr013.vocalsound.191)"/>
   </segment>
   <segment nite:id="Bmr013.segment.1,550" starttime="2595.82" endtime="2598.04" participant="me011" timing-provenance="dialogueact">
      <nite:child href="Bmr013.F.words.xml#id(Bmr013.w.11,427)..id(Bmr013.w.11,442)"/>
   </segment>
   <segment nite:id="Bmr013.segment.1,554" starttime="2598.47" endtime="2599.73" participant="me011" timing-provenance="dialogueact">
      <nite:child href="Bmr013.F.words.xml#id(Bmr013.w.11,454)..id(Bmr013.w.11,463)"/>
   </segment>
   <segment nite:id="Bmr013.segment.1,557" starttime="2600.47" endtime="2601.14" participant="me011" timing-provenance="dialogueact">
      <nite:child href="Bmr013.F.words.xml#id(Bmr013.w.11,466)..id(Bmr013.w.11,472)"/>
   </segment>
   <segment nite:id="Bmr013.segment.1,560" starttime="2602.724" endtime="2605.763" participant="me011" timing-provenance="segment">
      <nite:child href="Bmr013.F.words.xml#id(Bmr013.w.11,479)..id(Bmr013.vocalsound.200)"/>
   </segment>
   <segment nite:id="Bmr013.segment.1,570" starttime="2610.094" endtime="2610.731" participant="me011" timing-provenance="segment">
      <nite:child href="Bmr013.F.words.xml#id(Bmr013.vocalsound.208)"/>
   </segment>
   <segment nite:id="Bmr013.segment.1,573" starttime="2612.007" endtime="2613.22" participant="me011" timing-provenance="segment">
      <nite:child href="Bmr013.F.words.xml#id(Bmr013.vocalsound.211)"/>
   </segment>
   <segment nite:id="Bmr013.segment.1,577" starttime="2614.437" endtime="2617.814" participant="me011" timing-provenance="segment">
      <nite:child href="Bmr013.F.words.xml#id(Bmr013.w.11,513)..id(Bmr013.vocalsound.214)"/>
   </segment>
   <segment nite:id="Bmr013.segment.1,582" starttime="2618.37" endtime="2621.38" participant="me011" timing-provenance="dialogueact">
      <nite:child href="Bmr013.F.words.xml#id(Bmr013.w.11,551)..id(Bmr013.w.11,566)"/>
   </segment>
   <segment nite:id="Bmr013.segment.1,585" starttime="2622.667" endtime="2623.69" participant="me011" timing-provenance="segment">
      <nite:child href="Bmr013.F.words.xml#id(Bmr013.w.11,581)..id(Bmr013.vocalsound.218)"/>
   </segment>
   <segment nite:id="Bmr013.segment.1,588" starttime="2623.81" endtime="2624.71" participant="me011" timing-provenance="dialogueact">
      <nite:child href="Bmr013.F.words.xml#id(Bmr013.w.11,583)..id(Bmr013.w.11,587)"/>
   </segment>
   <segment nite:id="Bmr013.segment.1,590" starttime="2626.53" endtime="2627.14" participant="me011" timing-provenance="dialogueact">
      <nite:child href="Bmr013.F.words.xml#id(Bmr013.w.11,594)..id(Bmr013.w.11,599)"/>
   </segment>
   <segment nite:id="Bmr013.segment.1,635" starttime="2709.06" endtime="2711.863" participant="me011" digittask="true" timing-provenance="segment">
      <nite:child href="Bmr013.F.words.xml#id(Bmr013.w.11,761)..id(Bmr013.comment.76)"/>
   </segment>
   <segment nite:id="Bmr013.segment.1,636" starttime="2712.622" endtime="2715.013" participant="me011" digittask="true" timing-provenance="segment">
      <nite:child href="Bmr013.F.words.xml#id(Bmr013.w.11,772)..id(Bmr013.comment.77)"/>
   </segment>
   <segment nite:id="Bmr013.segment.1,637" starttime="2715.491" endtime="2716.328" participant="me011" digittask="true" timing-provenance="segment">
      <nite:child href="Bmr013.F.words.xml#id(Bmr013.w.11,780)..id(Bmr013.comment.78)"/>
   </segment>
   <segment nite:id="Bmr013.segment.1,638" starttime="2716.842" endtime="2717.44" participant="me011" digittask="true" timing-provenance="segment">
      <nite:child href="Bmr013.F.words.xml#id(Bmr013.w.11,783)..id(Bmr013.comment.79)"/>
   </segment>
   <segment nite:id="Bmr013.segment.1,639" starttime="2717.938" endtime="2718.453" participant="me011" digittask="true" timing-provenance="segment">
      <nite:child href="Bmr013.F.words.xml#id(Bmr013.w.11,785)..id(Bmr013.comment.80)"/>
   </segment>
   <segment nite:id="Bmr013.segment.1,640" starttime="2718.872" endtime="2719.728" participant="me011" digittask="true" timing-provenance="segment">
      <nite:child href="Bmr013.F.words.xml#id(Bmr013.w.11,786)..id(Bmr013.comment.81)"/>
   </segment>
   <segment nite:id="Bmr013.segment.1,641" starttime="2720.074" endtime="2721.441" participant="me011" digittask="true" timing-provenance="segment">
      <nite:child href="Bmr013.F.words.xml#id(Bmr013.w.11,788)..id(Bmr013.comment.82)"/>
   </segment>
   <segment nite:id="Bmr013.segment.1,642" starttime="2721.926" endtime="2722.883" participant="me011" digittask="true" timing-provenance="segment">
      <nite:child href="Bmr013.F.words.xml#id(Bmr013.w.11,792)..id(Bmr013.comment.83)"/>
   </segment>
   <segment nite:id="Bmr013.segment.1,643" starttime="2723.56" endtime="2724.377" participant="me011" digittask="true" timing-provenance="segment">
      <nite:child href="Bmr013.F.words.xml#id(Bmr013.w.11,795)..id(Bmr013.comment.84)"/>
   </segment>
   <segment nite:id="Bmr013.segment.1,644" starttime="2724.855" endtime="2726.424" participant="me011" digittask="true" timing-provenance="segment">
      <nite:child href="Bmr013.F.words.xml#id(Bmr013.w.11,797)..id(Bmr013.comment.85)"/>
   </segment>
   <segment nite:id="Bmr013.segment.1,646" starttime="2726.931" endtime="2728.333" participant="me011" digittask="true" timing-provenance="segment">
      <nite:child href="Bmr013.F.words.xml#id(Bmr013.w.11,802)..id(Bmr013.comment.86)"/>
   </segment>
   <segment nite:id="Bmr013.segment.1,647" starttime="2728.851" endtime="2729.521" participant="me011" digittask="true" timing-provenance="segment">
      <nite:child href="Bmr013.F.words.xml#id(Bmr013.w.11,807)..id(Bmr013.comment.87)"/>
   </segment>
   <segment nite:id="Bmr013.segment.1,648" starttime="2730.047" endtime="2730.553" participant="me011" digittask="true" timing-provenance="segment">
      <nite:child href="Bmr013.F.words.xml#id(Bmr013.w.11,808)..id(Bmr013.comment.88)"/>
   </segment>
   <segment nite:id="Bmr013.segment.1,649" starttime="2730.972" endtime="2731.749" participant="me011" digittask="true" timing-provenance="segment">
      <nite:child href="Bmr013.F.words.xml#id(Bmr013.w.11,809)..id(Bmr013.comment.89)"/>
   </segment>
   <segment nite:id="Bmr013.segment.1,650" starttime="2732.048" endtime="2732.923" participant="me011" digittask="true" timing-provenance="segment">
      <nite:child href="Bmr013.F.words.xml#id(Bmr013.w.11,811)..id(Bmr013.comment.90)"/>
   </segment>
   <segment nite:id="Bmr013.segment.1,651" starttime="2733.302" endtime="2734.86" participant="me011" digittask="true" timing-provenance="segment">
      <nite:child href="Bmr013.F.words.xml#id(Bmr013.w.11,813)..id(Bmr013.comment.91)"/>
   </segment>
   <segment nite:id="Bmr013.segment.1,652" starttime="2735.301" endtime="2736.477" participant="me011" digittask="true" timing-provenance="segment">
      <nite:child href="Bmr013.F.words.xml#id(Bmr013.w.11,818)..id(Bmr013.comment.92)"/>
   </segment>
   <segment nite:id="Bmr013.segment.1,653" starttime="2736.93" endtime="2737.41" participant="me011" digittask="true" timing-provenance="segment">
      <nite:child href="Bmr013.F.words.xml#id(Bmr013.w.11,822)..id(Bmr013.comment.93)"/>
   </segment>
   <segment nite:id="Bmr013.segment.1,654" starttime="2737.725" endtime="2738.347" participant="me011" digittask="true" timing-provenance="segment">
      <nite:child href="Bmr013.F.words.xml#id(Bmr013.w.11,823)..id(Bmr013.comment.94)"/>
   </segment>
   <segment nite:id="Bmr013.segment.1,655" starttime="2738.851" endtime="2739.948" participant="me011" digittask="true" timing-provenance="segment">
      <nite:child href="Bmr013.F.words.xml#id(Bmr013.w.11,824)..id(Bmr013.comment.95)"/>
   </segment>
   <segment nite:id="Bmr013.segment.1,656" starttime="2740.352" endtime="2742.793" participant="me011" digittask="true" timing-provenance="segment">
      <nite:child href="Bmr013.F.words.xml#id(Bmr013.w.11,827)..id(Bmr013.comment.96)"/>
   </segment>
   <segment nite:id="Bmr013.segment.1,679" starttime="2771.582" endtime="2773.128" participant="me011" timing-provenance="segment">
      <nite:child href="Bmr013.F.words.xml#id(Bmr013.w.11,903)..id(Bmr013.comment.118)"/>
   </segment>
   <segment nite:id="Bmr013.segment.1,750" starttime="2895.386" endtime="2899.311" participant="me011" timing-provenance="segment">
      <nite:child href="Bmr013.F.words.xml#id(Bmr013.nonvocalsound.26)..id(Bmr013.nonvocalsound.27)"/>
   </segment>
</nite:root>