<?xml version="1.0" encoding="ISO-8859-1" standalone="yes"?>
<nite:root nite:id="ES2003a.D.words" xmlns:nite="http://nite.sourceforge.net/">
   <w nite:id="ES2003a.D.words0" starttime="34.34" endtime="34.65">Tarik</w>
   <w nite:id="ES2003a.D.words1" starttime="34.65" endtime="35.15">Rahman</w>
   <w nite:id="ES2003a.D.words2" starttime="35.15" endtime="35.15" punc="true">.</w>
   <w nite:id="ES2003a.D.words3" starttime="35.15" endtime="36.3">T_A_R_I_K_</w>
   <w nite:id="ES2003a.D.words4" starttime="36.3" endtime="36.3" punc="true">.</w>
   <w nite:id="ES2003a.D.words5" starttime="39.84" endtime="40.3">Industrial</w>
   <w nite:id="ES2003a.D.words6" starttime="40.3" endtime="40.86">Designer</w>
   <w nite:id="ES2003a.D.words7" starttime="40.86" endtime="40.86" punc="true">.</w>
   <vocalsound nite:id="ES2003a.D.words8" starttime="139.152" endtime="141.04" type="laugh"/>
   <vocalsound nite:id="ES2003a.D.words9" starttime="226.736" endtime="227.584" type="laugh"/>
   <gap nite:id="ES2003a.D.words10" starttime="253.364" endtime="255.136"/>
   <w nite:id="ES2003a.D.words11" starttime="255.136" endtime="255.136" punc="true">.</w>
   <w nite:id="ES2003a.D.words12" starttime="256.77" endtime="256.85">Do</w>
   <w nite:id="ES2003a.D.words13" starttime="256.85" endtime="256.93">we</w>
   <w nite:id="ES2003a.D.words14" starttime="256.93" endtime="257.15">take</w>
   <w nite:id="ES2003a.D.words15" starttime="257.15" endtime="257.26">them</w>
   <w nite:id="ES2003a.D.words16" starttime="257.26" endtime="258.29">off</w>
   <w nite:id="ES2003a.D.words17" starttime="258.29" endtime="258.29" punc="true">?</w>
   <w nite:id="ES2003a.D.words18" starttime="258.29" endtime="258.57">Oh</w>
   <w nite:id="ES2003a.D.words19" starttime="258.57" endtime="258.68">right</w>
   <w nite:id="ES2003a.D.words20" starttime="258.68" endtime="258.68" punc="true">,</w>
   <w nite:id="ES2003a.D.words21" starttime="258.68" endtime="258.96">okay</w>
   <w nite:id="ES2003a.D.words22" starttime="258.96" endtime="258.96" punc="true">.</w>
   <w nite:id="ES2003a.D.words23" starttime="263.78" endtime="264.31">Ah-ha</w>
   <w nite:id="ES2003a.D.words24" starttime="264.31" endtime="264.31" punc="true">.</w>
   <vocalsound nite:id="ES2003a.D.words25" starttime="270.224" endtime="270.571" type="laugh"/>
   <w nite:id="ES2003a.D.words26" starttime="273.26" endtime="273.52">Now</w>
   <w nite:id="ES2003a.D.words27" starttime="273.52" endtime="273.62">where</w>
   <w nite:id="ES2003a.D.words28" starttime="273.62" endtime="273.72">do</w>
   <w nite:id="ES2003a.D.words29" starttime="273.72" endtime="273.77">I</w>
   <w nite:id="ES2003a.D.words30" starttime="273.77" endtime="273.91">put</w>
   <w nite:id="ES2003a.D.words31" starttime="273.91" endtime="274.03">the</w>
   <disfmarker nite:id="ES2003a.D.words32" starttime="274.03" endtime="274.176"/>
   <w nite:id="ES2003a.D.words33" starttime="299.95" endtime="300.01">Is</w>
   <w nite:id="ES2003a.D.words34" starttime="300.01" endtime="300.11">this</w>
   <w nite:id="ES2003a.D.words35" starttime="300.11" endtime="300.32">supposed</w>
   <w nite:id="ES2003a.D.words36" starttime="300.32" endtime="300.38">to</w>
   <w nite:id="ES2003a.D.words37" starttime="300.38" endtime="300.44">be</w>
   <w nite:id="ES2003a.D.words38" starttime="300.44" endtime="300.72">clipped</w>
   <w nite:id="ES2003a.D.words39" starttime="300.72" endtime="300.84">as</w>
   <w nite:id="ES2003a.D.words40" starttime="300.84" endtime="301.08">well</w>
   <w nite:id="ES2003a.D.words41" starttime="301.08" endtime="301.08" punc="true">?</w>
   <vocalsound nite:id="ES2003a.D.words42" starttime="312.0" endtime="312.544" type="laugh"/>
   <w nite:id="ES2003a.D.words43" starttime="317.08" endtime="317.69">Uh</w>
   <w nite:id="ES2003a.D.words44" starttime="317.69" endtime="317.69" punc="true">,</w>
   <w nite:id="ES2003a.D.words45" starttime="317.69" endtime="318.18">destroying</w>
   <w nite:id="ES2003a.D.words46" starttime="318.18" endtime="318.3">your</w>
   <w nite:id="ES2003a.D.words47" starttime="318.3" endtime="318.64">elephant</w>
   <w nite:id="ES2003a.D.words48" starttime="318.64" endtime="318.81">here</w>
   <w nite:id="ES2003a.D.words49" starttime="318.81" endtime="318.81" punc="true">.</w>
   <vocalsound nite:id="ES2003a.D.words50" starttime="334.672" endtime="336.384" type="other"/>
   <vocalsound nite:id="ES2003a.D.words51" starttime="352.923" endtime="353.92" type="other"/>
   <vocalsound nite:id="ES2003a.D.words52" starttime="385.616" endtime="387.44" type="other"/>
   <w nite:id="ES2003a.D.words53" starttime="393.91" endtime="394.16">Uh</w>
   <w nite:id="ES2003a.D.words54" starttime="394.16" endtime="394.16" punc="true">,</w>
   <w nite:id="ES2003a.D.words55" starttime="394.16" endtime="394.32">here</w>
   <w nite:id="ES2003a.D.words56" starttime="394.32" endtime="394.4">we</w>
   <w nite:id="ES2003a.D.words57" starttime="394.4" endtime="394.61">have</w>
   <w nite:id="ES2003a.D.words58" starttime="394.61" endtime="394.84">a</w>
   <w nite:id="ES2003a.D.words59" starttime="394.84" endtime="395.63">tiger</w>
   <w nite:id="ES2003a.D.words60" starttime="395.63" endtime="395.63" punc="true">.</w>
   <w nite:id="ES2003a.D.words61" starttime="395.63" endtime="396.29">Uh</w>
   <disfmarker nite:id="ES2003a.D.words62" starttime="396.29" endtime="396.32"/>
   <w nite:id="ES2003a.D.words63" starttime="397.92" endtime="398.04">I&#39;ve</w>
   <w nite:id="ES2003a.D.words64" starttime="398.04" endtime="398.29">always</w>
   <w nite:id="ES2003a.D.words65" starttime="398.29" endtime="398.51">loved</w>
   <w nite:id="ES2003a.D.words66" starttime="398.51" endtime="399.52">tigers</w>
   <w nite:id="ES2003a.D.words67" starttime="399.52" endtime="399.52" punc="true">.</w>
   <w nite:id="ES2003a.D.words68" starttime="399.52" endtime="399.62">They&#39;re</w>
   <w nite:id="ES2003a.D.words69" starttime="399.62" endtime="400.02">just</w>
   <disfmarker nite:id="ES2003a.D.words70" starttime="400.02" endtime="400.02"/>
   <w nite:id="ES2003a.D.words71" starttime="400.02" endtime="400.14">they&#39;re</w>
   <w nite:id="ES2003a.D.words72" starttime="400.14" endtime="400.4">big</w>
   <w nite:id="ES2003a.D.words73" starttime="400.4" endtime="400.4" punc="true">,</w>
   <w nite:id="ES2003a.D.words74" starttime="400.4" endtime="400.52">they&#39;re</w>
   <w nite:id="ES2003a.D.words75" starttime="400.52" endtime="400.79">biggest</w>
   <w nite:id="ES2003a.D.words76" starttime="400.79" endtime="401.6">cats</w>
   <w nite:id="ES2003a.D.words77" starttime="401.6" endtime="401.6" punc="true">,</w>
   <w nite:id="ES2003a.D.words78" starttime="401.6" endtime="401.88">uh</w>
   <w nite:id="ES2003a.D.words79" starttime="401.88" endtime="401.91">I</w>
   <w nite:id="ES2003a.D.words80" starttime="401.91" endtime="402.06">did</w>
   <w nite:id="ES2003a.D.words81" starttime="402.06" endtime="402.14">a</w>
   <w nite:id="ES2003a.D.words82" starttime="402.14" endtime="402.58">project</w>
   <w nite:id="ES2003a.D.words83" starttime="402.58" endtime="402.73">on</w>
   <w nite:id="ES2003a.D.words84" starttime="402.73" endtime="403.01">cats</w>
   <w nite:id="ES2003a.D.words85" starttime="403.01" endtime="403.09">in</w>
   <w nite:id="ES2003a.D.words86" starttime="403.09" endtime="403.19">the</w>
   <w nite:id="ES2003a.D.words87" starttime="403.19" endtime="403.41">wild</w>
   <w nite:id="ES2003a.D.words88" starttime="403.41" endtime="403.5">when</w>
   <w nite:id="ES2003a.D.words89" starttime="403.5" endtime="403.53">I</w>
   <w nite:id="ES2003a.D.words90" starttime="403.53" endtime="403.63">was</w>
   <w nite:id="ES2003a.D.words91" starttime="403.63" endtime="403.73">a</w>
   <w nite:id="ES2003a.D.words92" starttime="403.73" endtime="404.54">kid</w>
   <w nite:id="ES2003a.D.words93" starttime="404.54" endtime="404.79">and</w>
   <w nite:id="ES2003a.D.words94" starttime="404.79" endtime="405.52">uh</w>
   <w nite:id="ES2003a.D.words95" starttime="405.52" endtime="405.64">it</w>
   <w nite:id="ES2003a.D.words96" starttime="405.64" endtime="405.74">was</w>
   <w nite:id="ES2003a.D.words97" starttime="405.74" endtime="405.89">my</w>
   <w nite:id="ES2003a.D.words98" starttime="405.89" endtime="406.23">favourite</w>
   <w nite:id="ES2003a.D.words99" starttime="406.23" endtime="406.54">cat</w>
   <w nite:id="ES2003a.D.words100" starttime="406.54" endtime="406.54" punc="true">,</w>
   <w nite:id="ES2003a.D.words101" starttime="406.54" endtime="406.77">just</w>
   <w nite:id="ES2003a.D.words102" starttime="406.77" endtime="406.91">&#39;cause</w>
   <w nite:id="ES2003a.D.words103" starttime="406.91" endtime="407.0">it</w>
   <w nite:id="ES2003a.D.words104" starttime="407.0" endtime="407.41">was</w>
   <disfmarker nite:id="ES2003a.D.words105" starttime="407.41" endtime="407.41"/>
   <w nite:id="ES2003a.D.words106" starttime="407.41" endtime="407.72">looks</w>
   <w nite:id="ES2003a.D.words107" starttime="407.72" endtime="407.8">the</w>
   <w nite:id="ES2003a.D.words108" starttime="407.8" endtime="408.83">best</w>
   <w nite:id="ES2003a.D.words109" starttime="408.83" endtime="408.83" punc="true">,</w>
   <w nite:id="ES2003a.D.words110" starttime="408.83" endtime="408.94">the</w>
   <w nite:id="ES2003a.D.words111" starttime="408.94" endtime="409.61">stripes</w>
   <w nite:id="ES2003a.D.words112" starttime="409.61" endtime="409.61" punc="true">,</w>
   <w nite:id="ES2003a.D.words113" starttime="409.61" endtime="410.01">orange</w>
   <w nite:id="ES2003a.D.words114" starttime="410.01" endtime="410.01" punc="true">.</w>
   <w nite:id="ES2003a.D.words115" starttime="410.01" endtime="410.15">My</w>
   <w nite:id="ES2003a.D.words116" starttime="410.15" endtime="410.38">dad</w>
   <w nite:id="ES2003a.D.words117" starttime="410.38" endtime="410.55">used</w>
   <w nite:id="ES2003a.D.words118" starttime="410.55" endtime="410.63">to</w>
   <w nite:id="ES2003a.D.words119" starttime="410.63" endtime="410.89">talk</w>
   <w nite:id="ES2003a.D.words120" starttime="410.89" endtime="411.06">about</w>
   <disfmarker nite:id="ES2003a.D.words121" starttime="411.06" endtime="411.06"/>
   <w nite:id="ES2003a.D.words122" starttime="411.06" endtime="411.24">he&#39;s</w>
   <w nite:id="ES2003a.D.words123" starttime="411.24" endtime="411.4">from</w>
   <w nite:id="ES2003a.D.words124" starttime="411.4" endtime="411.9">Bangladesh</w>
   <w nite:id="ES2003a.D.words125" starttime="411.9" endtime="411.98">so</w>
   <w nite:id="ES2003a.D.words126" starttime="411.98" endtime="412.04">he</w>
   <w nite:id="ES2003a.D.words127" starttime="412.04" endtime="412.18">used</w>
   <w nite:id="ES2003a.D.words128" starttime="412.18" endtime="412.25">to</w>
   <w nite:id="ES2003a.D.words129" starttime="412.25" endtime="412.41">tell</w>
   <w nite:id="ES2003a.D.words130" starttime="412.41" endtime="412.52">me</w>
   <w nite:id="ES2003a.D.words131" starttime="412.52" endtime="412.59">all</w>
   <w nite:id="ES2003a.D.words132" starttime="412.59" endtime="412.85">about</w>
   <w nite:id="ES2003a.D.words133" starttime="412.85" endtime="413.03">them</w>
   <w nite:id="ES2003a.D.words134" starttime="413.03" endtime="413.14">when</w>
   <w nite:id="ES2003a.D.words135" starttime="413.14" endtime="413.21">he</w>
   <w nite:id="ES2003a.D.words136" starttime="413.21" endtime="413.84">was</w>
   <disfmarker nite:id="ES2003a.D.words137" starttime="413.84" endtime="413.84"/>
   <w nite:id="ES2003a.D.words138" starttime="413.84" endtime="413.95">when</w>
   <w nite:id="ES2003a.D.words139" starttime="413.95" endtime="414.0">I</w>
   <w nite:id="ES2003a.D.words140" starttime="414.0" endtime="414.09">was</w>
   <w nite:id="ES2003a.D.words141" starttime="414.09" endtime="414.15">a</w>
   <w nite:id="ES2003a.D.words142" starttime="414.15" endtime="415.05">kid</w>
   <w nite:id="ES2003a.D.words143" starttime="415.05" endtime="415.05" punc="true">.</w>
   <w nite:id="ES2003a.D.words144" starttime="415.05" endtime="415.49">And</w>
   <w nite:id="ES2003a.D.words145" starttime="415.49" endtime="415.97">uh</w>
   <w nite:id="ES2003a.D.words146" starttime="415.97" endtime="416.11">they&#39;re</w>
   <w nite:id="ES2003a.D.words147" starttime="416.11" endtime="416.85">just</w>
   <w nite:id="ES2003a.D.words148" starttime="416.85" endtime="416.93">the</w>
   <w nite:id="ES2003a.D.words149" starttime="416.93" endtime="417.23">most</w>
   <w nite:id="ES2003a.D.words150" starttime="417.23" endtime="417.61">feared</w>
   <w nite:id="ES2003a.D.words151" starttime="417.61" endtime="418.53">of</w>
   <w nite:id="ES2003a.D.words152" starttime="418.53" endtime="418.86">of</w>
   <w nite:id="ES2003a.D.words153" starttime="418.86" endtime="419.91">uh</w>
   <w nite:id="ES2003a.D.words154" starttime="419.91" endtime="420.78">animals</w>
   <w nite:id="ES2003a.D.words155" starttime="420.78" endtime="420.94">in</w>
   <w nite:id="ES2003a.D.words156" starttime="420.94" endtime="421.02">the</w>
   <w nite:id="ES2003a.D.words157" starttime="421.02" endtime="421.56">wild</w>
   <w nite:id="ES2003a.D.words158" starttime="421.56" endtime="421.56" punc="true">.</w>
   <w nite:id="ES2003a.D.words159" starttime="421.56" endtime="421.96">So</w>
   <w nite:id="ES2003a.D.words160" starttime="421.96" endtime="422.3">uh</w>
   <w nite:id="ES2003a.D.words161" starttime="422.3" endtime="422.48">that&#39;s</w>
   <w nite:id="ES2003a.D.words162" starttime="422.48" endtime="422.61">why</w>
   <w nite:id="ES2003a.D.words163" starttime="422.61" endtime="422.66">I</w>
   <w nite:id="ES2003a.D.words164" starttime="422.66" endtime="422.8">like</w>
   <w nite:id="ES2003a.D.words165" starttime="422.8" endtime="424.13">them</w>
   <w nite:id="ES2003a.D.words166" starttime="424.13" endtime="424.13" punc="true">.</w>
   <w nite:id="ES2003a.D.words167" starttime="424.13" endtime="424.32">Didn&#39;t</w>
   <w nite:id="ES2003a.D.words168" starttime="424.32" endtime="424.43">say</w>
   <w nite:id="ES2003a.D.words169" starttime="424.43" endtime="424.66" trunc="true">an</w>
   <w nite:id="ES2003a.D.words170" starttime="424.66" endtime="424.94">anything</w>
   <w nite:id="ES2003a.D.words171" starttime="424.94" endtime="425.11">about</w>
   <w nite:id="ES2003a.D.words172" starttime="425.11" endtime="425.26">me</w>
   <w nite:id="ES2003a.D.words173" starttime="425.26" endtime="425.54">really</w>
   <w nite:id="ES2003a.D.words174" starttime="425.54" endtime="428.15">but</w>
   <vocalsound nite:id="ES2003a.D.words175" starttime="428.15" endtime="428.272" type="laugh"/>
   <vocalsound nite:id="ES2003a.D.words176" starttime="598.048" endtime="598.636" type="laugh"/>
   <w nite:id="ES2003a.D.words177" starttime="928.82" endtime="929.23">Mm</w>
   <w nite:id="ES2003a.D.words178" starttime="929.23" endtime="929.23" punc="true">.</w>
   <w nite:id="ES2003a.D.words179" starttime="953.24" endtime="953.59">&#39;Kay</w>
   <w nite:id="ES2003a.D.words180" starttime="953.59" endtime="953.59" punc="true">.</w>
   <w nite:id="ES2003a.D.words181" starttime="1002.36" endtime="1002.5">Well</w>
   <w nite:id="ES2003a.D.words182" starttime="1002.5" endtime="1002.63">when</w>
   <w nite:id="ES2003a.D.words183" starttime="1002.63" endtime="1002.73">you&#39;re</w>
   <w nite:id="ES2003a.D.words184" starttime="1002.73" endtime="1002.96">talking</w>
   <w nite:id="ES2003a.D.words185" starttime="1002.96" endtime="1003.19">about</w>
   <w nite:id="ES2003a.D.words186" starttime="1003.19" endtime="1003.54">gaming</w>
   <w nite:id="ES2003a.D.words187" starttime="1003.54" endtime="1003.63">and</w>
   <w nite:id="ES2003a.D.words188" starttime="1003.63" endtime="1003.99">stuff</w>
   <w nite:id="ES2003a.D.words189" starttime="1003.99" endtime="1003.99" punc="true">,</w>
   <w nite:id="ES2003a.D.words190" starttime="1003.99" endtime="1004.06">do</w>
   <w nite:id="ES2003a.D.words191" starttime="1004.06" endtime="1004.12">you</w>
   <w nite:id="ES2003a.D.words192" starttime="1004.12" endtime="1004.34">think</w>
   <w nite:id="ES2003a.D.words193" starttime="1004.34" endtime="1004.45">they</w>
   <w nite:id="ES2003a.D.words194" starttime="1004.45" endtime="1004.6">should</w>
   <w nite:id="ES2003a.D.words195" starttime="1004.6" endtime="1005.21">have</w>
   <w nite:id="ES2003a.D.words196" starttime="1005.21" endtime="1005.43">some</w>
   <w nite:id="ES2003a.D.words197" starttime="1005.43" endtime="1005.66">sort</w>
   <w nite:id="ES2003a.D.words198" starttime="1005.66" endtime="1005.98">of</w>
   <w nite:id="ES2003a.D.words199" starttime="1007.25" endtime="1007.65">stick</w>
   <w nite:id="ES2003a.D.words200" starttime="1007.65" endtime="1007.91">on</w>
   <w nite:id="ES2003a.D.words201" starttime="1007.91" endtime="1008.32">it</w>
   <w nite:id="ES2003a.D.words202" starttime="1008.32" endtime="1008.32" punc="true">,</w>
   <w nite:id="ES2003a.D.words203" starttime="1008.32" endtime="1008.61">rather</w>
   <w nite:id="ES2003a.D.words204" starttime="1008.61" endtime="1008.8">than</w>
   <w nite:id="ES2003a.D.words205" starttime="1008.8" endtime="1009.3">buttons</w>
   <w nite:id="ES2003a.D.words206" starttime="1009.3" endtime="1009.3" punc="true">?</w>
   <w nite:id="ES2003a.D.words207" starttime="1010.16" endtime="1011.08">Like</w>
   <w nite:id="ES2003a.D.words208" starttime="1011.08" endtime="1011.57">uh</w>
   <w nite:id="ES2003a.D.words209" starttime="1011.57" endtime="1012.07">control</w>
   <w nite:id="ES2003a.D.words210" starttime="1012.07" endtime="1012.31">pads</w>
   <w nite:id="ES2003a.D.words211" starttime="1012.31" endtime="1012.31" punc="true">,</w>
   <w nite:id="ES2003a.D.words212" starttime="1012.31" endtime="1012.41">you</w>
   <w nite:id="ES2003a.D.words213" starttime="1012.41" endtime="1012.51">know</w>
   <w nite:id="ES2003a.D.words214" starttime="1012.51" endtime="1012.63">of</w>
   <w nite:id="ES2003a.D.words215" starttime="1012.63" endtime="1012.97">games</w>
   <w nite:id="ES2003a.D.words216" starttime="1012.97" endtime="1012.97" punc="true">,</w>
   <w nite:id="ES2003a.D.words217" starttime="1012.97" endtime="1013.8">but</w>
   <disfmarker nite:id="ES2003a.D.words218" starttime="1013.8" endtime="1013.8"/>
   <w nite:id="ES2003a.D.words219" starttime="1013.8" endtime="1013.88">or</w>
   <w nite:id="ES2003a.D.words220" starttime="1013.88" endtime="1014.02">is</w>
   <w nite:id="ES2003a.D.words221" starttime="1014.02" endtime="1014.17">that</w>
   <w nite:id="ES2003a.D.words222" starttime="1014.17" endtime="1014.26">a</w>
   <w nite:id="ES2003a.D.words223" starttime="1014.26" endtime="1014.84">bit</w>
   <w nite:id="ES2003a.D.words224" starttime="1014.84" endtime="1015.55">ridiculous</w>
   <w nite:id="ES2003a.D.words225" starttime="1015.55" endtime="1015.55" punc="true">?</w>
   <vocalsound nite:id="ES2003a.D.words226" starttime="1015.55" endtime="1015.808" type="laugh"/>
   <w nite:id="ES2003a.D.words227" starttime="1026.16" endtime="1026.51">Yeah</w>
   <w nite:id="ES2003a.D.words228" starttime="1026.51" endtime="1026.51" punc="true">.</w>
   <gap nite:id="ES2003a.D.words229" starttime="1116.757" endtime="1118.131"/>
   <w nite:id="ES2003a.D.words230" starttime="1118.131" endtime="1118.131" punc="true">.</w>
</nite:root>