<?xml version="1.0" encoding="ISO-8859-1" standalone="yes"?>
<nite:root nite:id="ES2003a.B.words" xmlns:nite="http://nite.sourceforge.net/">
   <w nite:id="ES2003a.B.words0" starttime="2.13" endtime="2.49">Okay</w>
   <w nite:id="ES2003a.B.words1" starttime="2.49" endtime="2.49" punc="true">,</w>
   <w nite:id="ES2003a.B.words2" starttime="2.49" endtime="2.67">well</w>
   <w nite:id="ES2003a.B.words3" starttime="2.67" endtime="2.72">I</w>
   <w nite:id="ES2003a.B.words4" starttime="2.72" endtime="2.88">think</w>
   <w nite:id="ES2003a.B.words5" starttime="2.88" endtime="3.0">we&#39;re</w>
   <w nite:id="ES2003a.B.words6" starttime="3.0" endtime="3.22">ready</w>
   <w nite:id="ES2003a.B.words7" starttime="3.22" endtime="3.35">to</w>
   <w nite:id="ES2003a.B.words8" starttime="3.35" endtime="5.63">begin</w>
   <w nite:id="ES2003a.B.words9" starttime="5.63" endtime="5.63" punc="true">.</w>
   <w nite:id="ES2003a.B.words10" starttime="5.63" endtime="6.65">Right</w>
   <w nite:id="ES2003a.B.words11" starttime="6.65" endtime="6.65" punc="true">,</w>
   <w nite:id="ES2003a.B.words12" starttime="6.65" endtime="6.78">my</w>
   <w nite:id="ES2003a.B.words13" starttime="6.78" endtime="6.99">name&#39;s</w>
   <w nite:id="ES2003a.B.words14" starttime="6.99" endtime="7.21">Adam</w>
   <w nite:id="ES2003a.B.words15" starttime="7.21" endtime="7.55">Duguid</w>
   <w nite:id="ES2003a.B.words16" starttime="7.55" endtime="7.55" punc="true">,</w>
   <w nite:id="ES2003a.B.words17" starttime="7.55" endtime="7.68">we&#39;re</w>
   <w nite:id="ES2003a.B.words18" starttime="7.68" endtime="7.92">here</w>
   <w nite:id="ES2003a.B.words19" starttime="7.92" endtime="8.16">because</w>
   <w nite:id="ES2003a.B.words20" starttime="8.16" endtime="8.29">of</w>
   <w nite:id="ES2003a.B.words21" starttime="8.29" endtime="8.47">real</w>
   <w nite:id="ES2003a.B.words22" starttime="8.47" endtime="9.2">reaction</w>
   <w nite:id="ES2003a.B.words23" starttime="9.2" endtime="9.2" punc="true">,</w>
   <w nite:id="ES2003a.B.words24" starttime="9.2" endtime="10.47">um</w>
   <w nite:id="ES2003a.B.words25" starttime="10.47" endtime="10.47" punc="true">,</w>
   <w nite:id="ES2003a.B.words26" starttime="10.47" endtime="10.65">we</w>
   <w nite:id="ES2003a.B.words27" starttime="10.65" endtime="12.02">have</w>
   <w nite:id="ES2003a.B.words28" starttime="12.02" endtime="12.13">in</w>
   <w nite:id="ES2003a.B.words29" starttime="12.13" endtime="12.21">the</w>
   <w nite:id="ES2003a.B.words30" starttime="12.21" endtime="13.18">group</w>
   <w nite:id="ES2003a.B.words31" starttime="18.43" endtime="19.05">Um</w>
   <w nite:id="ES2003a.B.words32" starttime="19.05" endtime="19.05" punc="true">,</w>
   <w nite:id="ES2003a.B.words33" starttime="19.05" endtime="19.33">yeah</w>
   <w nite:id="ES2003a.B.words34" starttime="19.33" endtime="19.33" punc="true">,</w>
   <w nite:id="ES2003a.B.words35" starttime="19.33" endtime="19.45">go</w>
   <w nite:id="ES2003a.B.words36" starttime="19.45" endtime="19.6">for</w>
   <w nite:id="ES2003a.B.words37" starttime="19.6" endtime="19.67">it</w>
   <w nite:id="ES2003a.B.words38" starttime="19.67" endtime="20.56">mate</w>
   <w nite:id="ES2003a.B.words39" starttime="20.56" endtime="20.56" punc="true">.</w>
   <w nite:id="ES2003a.B.words40" starttime="21.97" endtime="22.1">N_</w>
   <w nite:id="ES2003a.B.words41" starttime="22.1" endtime="22.17">E_</w>
   <w nite:id="ES2003a.B.words42" starttime="22.17" endtime="24.41">Z_</w>
   <w nite:id="ES2003a.B.words43" starttime="24.41" endtime="24.41" punc="true">.</w>
   <w nite:id="ES2003a.B.words44" starttime="24.41" endtime="24.9">Ebenezer</w>
   <w nite:id="ES2003a.B.words45" starttime="24.9" endtime="24.9" punc="true">.</w>
   <w nite:id="ES2003a.B.words46" starttime="24.9" endtime="25.14">And</w>
   <w nite:id="ES2003a.B.words47" starttime="25.14" endtime="25.33">your</w>
   <w nite:id="ES2003a.B.words48" starttime="25.33" endtime="25.65">role</w>
   <w nite:id="ES2003a.B.words49" starttime="25.65" endtime="26.16">is</w>
   <w nite:id="ES2003a.B.words50" starttime="26.16" endtime="26.16" punc="true">?</w>
   <w nite:id="ES2003a.B.words51" starttime="28.5" endtime="28.65">You&#39;re</w>
   <w nite:id="ES2003a.B.words52" starttime="28.65" endtime="28.72">the</w>
   <w nite:id="ES2003a.B.words53" starttime="28.72" endtime="29.16">Marketing</w>
   <w nite:id="ES2003a.B.words54" starttime="29.16" endtime="29.61">Expert</w>
   <w nite:id="ES2003a.B.words55" starttime="29.61" endtime="29.61" punc="true">,</w>
   <w nite:id="ES2003a.B.words56" starttime="29.61" endtime="30.19">okay</w>
   <w nite:id="ES2003a.B.words57" starttime="30.19" endtime="30.19" punc="true">.</w>
   <w nite:id="ES2003a.B.words58" starttime="33.33" endtime="33.66">Next</w>
   <w nite:id="ES2003a.B.words59" starttime="33.66" endtime="33.77">we</w>
   <w nite:id="ES2003a.B.words60" starttime="33.77" endtime="34.18">have</w>
   <w nite:id="ES2003a.B.words61" starttime="34.18" endtime="34.18" punc="true">?</w>
   <w nite:id="ES2003a.B.words62" starttime="36.52" endtime="36.66">T_</w>
   <w nite:id="ES2003a.B.words63" starttime="36.66" endtime="37.03">R_</w>
   <w nite:id="ES2003a.B.words64" starttime="37.03" endtime="37.29">I_</w>
   <w nite:id="ES2003a.B.words65" starttime="37.29" endtime="38.29">K_</w>
   <w nite:id="ES2003a.B.words66" starttime="38.29" endtime="38.29" punc="true">.</w>
   <w nite:id="ES2003a.B.words67" starttime="38.29" endtime="38.63">And</w>
   <w nite:id="ES2003a.B.words68" starttime="38.63" endtime="38.84">your</w>
   <w nite:id="ES2003a.B.words69" starttime="38.84" endtime="39.09">role</w>
   <w nite:id="ES2003a.B.words70" starttime="39.09" endtime="39.16">in</w>
   <w nite:id="ES2003a.B.words71" starttime="39.16" endtime="39.41">this</w>
   <w nite:id="ES2003a.B.words72" starttime="39.41" endtime="39.75">is</w>
   <w nite:id="ES2003a.B.words73" starttime="39.75" endtime="39.75" punc="true">?</w>
   <w nite:id="ES2003a.B.words74" starttime="41.01" endtime="41.43">Industrial</w>
   <w nite:id="ES2003a.B.words75" starttime="41.43" endtime="41.95">Designer</w>
   <w nite:id="ES2003a.B.words76" starttime="41.95" endtime="41.95" punc="true">.</w>
   <w nite:id="ES2003a.B.words77" starttime="47.69" endtime="48.22">And</w>
   <w nite:id="ES2003a.B.words78" starttime="48.22" endtime="48.22" punc="true">,</w>
   <w nite:id="ES2003a.B.words79" starttime="48.22" endtime="48.56">lastly</w>
   <w nite:id="ES2003a.B.words80" starttime="48.56" endtime="48.68">we</w>
   <w nite:id="ES2003a.B.words81" starttime="48.68" endtime="49.09">have</w>
   <w nite:id="ES2003a.B.words82" starttime="49.09" endtime="49.09" punc="true">?</w>
   <w nite:id="ES2003a.B.words83" starttime="53.02" endtime="53.21">And</w>
   <w nite:id="ES2003a.B.words84" starttime="53.21" endtime="53.39">you&#39;re</w>
   <w nite:id="ES2003a.B.words85" starttime="53.39" endtime="53.55">going</w>
   <w nite:id="ES2003a.B.words86" starttime="53.55" endtime="53.61">to</w>
   <w nite:id="ES2003a.B.words87" starttime="53.61" endtime="53.72">be</w>
   <w nite:id="ES2003a.B.words88" starttime="53.72" endtime="53.81">the</w>
   <w nite:id="ES2003a.B.words89" starttime="53.81" endtime="54.12">User</w>
   <w nite:id="ES2003a.B.words90" starttime="54.12" endtime="54.55">Interface</w>
   <w nite:id="ES2003a.B.words91" starttime="54.55" endtime="54.55" punc="true">,</w>
   <w nite:id="ES2003a.B.words92" starttime="54.55" endtime="54.65">is</w>
   <w nite:id="ES2003a.B.words93" starttime="54.65" endtime="55.07">it</w>
   <w nite:id="ES2003a.B.words94" starttime="55.07" endtime="55.07" punc="true">?</w>
   <w nite:id="ES2003a.B.words95" starttime="55.07" endtime="55.62">Designer</w>
   <w nite:id="ES2003a.B.words96" starttime="55.62" endtime="55.62" punc="true">.</w>
   <w nite:id="ES2003a.B.words97" starttime="55.62" endtime="57.21">Okay</w>
   <w nite:id="ES2003a.B.words98" starttime="57.21" endtime="57.21" punc="true">.</w>
   <w nite:id="ES2003a.B.words99" starttime="62.12" endtime="63.0">Right</w>
   <w nite:id="ES2003a.B.words100" starttime="63.0" endtime="63.0" punc="true">.</w>
   <w nite:id="ES2003a.B.words101" starttime="63.0" endtime="63.15">This</w>
   <w nite:id="ES2003a.B.words102" starttime="63.15" endtime="63.27">is</w>
   <w nite:id="ES2003a.B.words103" starttime="63.27" endtime="63.37">the</w>
   <w nite:id="ES2003a.B.words104" starttime="63.37" endtime="63.71">agenda</w>
   <w nite:id="ES2003a.B.words105" starttime="63.71" endtime="63.82">for</w>
   <w nite:id="ES2003a.B.words106" starttime="63.82" endtime="64.16">today&#39;s</w>
   <w nite:id="ES2003a.B.words107" starttime="64.16" endtime="64.62">meeting</w>
   <w nite:id="ES2003a.B.words108" starttime="64.62" endtime="64.62" punc="true">.</w>
   <w nite:id="ES2003a.B.words109" starttime="64.62" endtime="64.75">As</w>
   <w nite:id="ES2003a.B.words110" starttime="64.75" endtime="64.84">you</w>
   <w nite:id="ES2003a.B.words111" starttime="64.84" endtime="64.95">can</w>
   <w nite:id="ES2003a.B.words112" starttime="64.95" endtime="65.2">see</w>
   <w nite:id="ES2003a.B.words113" starttime="65.2" endtime="65.2" punc="true">,</w>
   <w nite:id="ES2003a.B.words114" starttime="65.2" endtime="65.35" trunc="true">w</w>
   <w nite:id="ES2003a.B.words115" starttime="65.35" endtime="65.75">opening</w>
   <w nite:id="ES2003a.B.words116" starttime="65.75" endtime="65.75" punc="true">,</w>
   <w nite:id="ES2003a.B.words117" starttime="65.75" endtime="66.39">acquaintance</w>
   <w nite:id="ES2003a.B.words118" starttime="66.39" endtime="66.39" punc="true">,</w>
   <w nite:id="ES2003a.B.words119" starttime="66.39" endtime="66.62">tool</w>
   <w nite:id="ES2003a.B.words120" starttime="66.62" endtime="67.13">training</w>
   <w nite:id="ES2003a.B.words121" starttime="67.13" endtime="67.13" punc="true">,</w>
   <w nite:id="ES2003a.B.words122" starttime="67.13" endtime="67.52">project</w>
   <w nite:id="ES2003a.B.words123" starttime="67.52" endtime="67.76">plan</w>
   <w nite:id="ES2003a.B.words124" starttime="67.76" endtime="68.45">discussion</w>
   <w nite:id="ES2003a.B.words125" starttime="68.45" endtime="68.45" punc="true">,</w>
   <w nite:id="ES2003a.B.words126" starttime="68.45" endtime="68.75">and</w>
   <w nite:id="ES2003a.B.words127" starttime="68.75" endtime="70.17">closing</w>
   <w nite:id="ES2003a.B.words128" starttime="70.17" endtime="70.17" punc="true">.</w>
   <w nite:id="ES2003a.B.words129" starttime="70.17" endtime="71.52">Um</w>
   <w nite:id="ES2003a.B.words130" starttime="71.52" endtime="71.52" punc="true">,</w>
   <w nite:id="ES2003a.B.words131" starttime="71.52" endtime="71.63">we</w>
   <w nite:id="ES2003a.B.words132" starttime="71.63" endtime="71.97">already</w>
   <w nite:id="ES2003a.B.words133" starttime="71.97" endtime="72.14">got</w>
   <w nite:id="ES2003a.B.words134" starttime="72.14" endtime="72.19" trunc="true">n</w>
   <w nite:id="ES2003a.B.words135" starttime="72.19" endtime="72.4">through</w>
   <w nite:id="ES2003a.B.words136" starttime="72.4" endtime="72.82">opening</w>
   <w nite:id="ES2003a.B.words137" starttime="72.82" endtime="72.82" punc="true">,</w>
   <w nite:id="ES2003a.B.words138" starttime="72.82" endtime="73.27">and</w>
   <w nite:id="ES2003a.B.words139" starttime="73.27" endtime="73.72">partially</w>
   <w nite:id="ES2003a.B.words140" starttime="73.72" endtime="73.92">through</w>
   <w nite:id="ES2003a.B.words141" starttime="73.92" endtime="75.83">acquaintance</w>
   <w nite:id="ES2003a.B.words142" starttime="75.83" endtime="75.83" punc="true">.</w>
   <w nite:id="ES2003a.B.words143" starttime="75.83" endtime="76.26">So</w>
   <w nite:id="ES2003a.B.words144" starttime="76.26" endtime="76.26" punc="true">,</w>
   <w nite:id="ES2003a.B.words145" starttime="76.26" endtime="76.48">the</w>
   <w nite:id="ES2003a.B.words146" starttime="76.48" endtime="76.81">reason</w>
   <w nite:id="ES2003a.B.words147" starttime="76.81" endtime="76.96">we&#39;re</w>
   <w nite:id="ES2003a.B.words148" starttime="76.96" endtime="77.51">here</w>
   <w nite:id="ES2003a.B.words149" starttime="77.51" endtime="77.51" punc="true">,</w>
   <w nite:id="ES2003a.B.words150" starttime="77.51" endtime="77.61">we&#39;re</w>
   <w nite:id="ES2003a.B.words151" starttime="77.61" endtime="77.77">gonna</w>
   <w nite:id="ES2003a.B.words152" starttime="77.77" endtime="78.07">design</w>
   <w nite:id="ES2003a.B.words153" starttime="78.07" endtime="78.11">a</w>
   <w nite:id="ES2003a.B.words154" starttime="78.11" endtime="78.2">new</w>
   <w nite:id="ES2003a.B.words155" starttime="78.2" endtime="78.48">remote</w>
   <w nite:id="ES2003a.B.words156" starttime="78.48" endtime="78.87">control</w>
   <w nite:id="ES2003a.B.words157" starttime="78.87" endtime="78.87" punc="true">,</w>
   <w nite:id="ES2003a.B.words158" starttime="78.87" endtime="78.94">as</w>
   <w nite:id="ES2003a.B.words159" starttime="78.94" endtime="79.02">you</w>
   <w nite:id="ES2003a.B.words160" starttime="79.02" endtime="79.32">probably</w>
   <w nite:id="ES2003a.B.words161" starttime="79.32" endtime="79.52">all</w>
   <w nite:id="ES2003a.B.words162" starttime="79.52" endtime="81.4">know</w>
   <w nite:id="ES2003a.B.words163" starttime="81.4" endtime="81.4" punc="true">.</w>
   <w nite:id="ES2003a.B.words164" starttime="81.4" endtime="81.67">The</w>
   <w nite:id="ES2003a.B.words165" starttime="81.67" endtime="81.93">very</w>
   <w nite:id="ES2003a.B.words166" starttime="81.93" endtime="82.22">broad</w>
   <w nite:id="ES2003a.B.words167" starttime="82.22" endtime="82.65">overview</w>
   <w nite:id="ES2003a.B.words168" starttime="82.65" endtime="82.77">is</w>
   <w nite:id="ES2003a.B.words169" starttime="82.77" endtime="83.23">original</w>
   <w nite:id="ES2003a.B.words170" starttime="83.23" endtime="83.23" punc="true">,</w>
   <w nite:id="ES2003a.B.words171" starttime="83.23" endtime="83.84">trendy</w>
   <w nite:id="ES2003a.B.words172" starttime="83.84" endtime="83.84" punc="true">,</w>
   <w nite:id="ES2003a.B.words173" starttime="83.84" endtime="83.98">and</w>
   <w nite:id="ES2003a.B.words174" starttime="83.98" endtime="85.24">user-friendly</w>
   <w nite:id="ES2003a.B.words175" starttime="85.24" endtime="85.24" punc="true">.</w>
   <w nite:id="ES2003a.B.words176" starttime="85.24" endtime="85.48">Course</w>
   <w nite:id="ES2003a.B.words177" starttime="85.48" endtime="85.48" punc="true">,</w>
   <w nite:id="ES2003a.B.words178" starttime="85.48" endtime="85.57">we&#39;ll</w>
   <w nite:id="ES2003a.B.words179" starttime="85.57" endtime="85.68">have</w>
   <w nite:id="ES2003a.B.words180" starttime="85.68" endtime="85.76">to</w>
   <w nite:id="ES2003a.B.words181" starttime="85.76" endtime="85.87">go</w>
   <w nite:id="ES2003a.B.words182" starttime="85.87" endtime="86.04">into</w>
   <w nite:id="ES2003a.B.words183" starttime="86.04" endtime="86.09">a</w>
   <w nite:id="ES2003a.B.words184" starttime="86.09" endtime="86.22">bit</w>
   <w nite:id="ES2003a.B.words185" starttime="86.22" endtime="86.53">more</w>
   <w nite:id="ES2003a.B.words186" starttime="86.53" endtime="87.44">um</w>
   <w nite:id="ES2003a.B.words187" starttime="87.44" endtime="87.91">detail</w>
   <w nite:id="ES2003a.B.words188" starttime="87.91" endtime="88.09">than</w>
   <w nite:id="ES2003a.B.words189" starttime="88.09" endtime="89.05">that</w>
   <w nite:id="ES2003a.B.words190" starttime="89.05" endtime="89.05" punc="true">,</w>
   <w nite:id="ES2003a.B.words191" starttime="89.05" endtime="89.43">but</w>
   <w nite:id="ES2003a.B.words192" starttime="89.43" endtime="90.46">uh</w>
   <vocalsound nite:id="ES2003a.B.words193" starttime="90.46" endtime="90.46" type="other"/>
   <w nite:id="ES2003a.B.words194" starttime="90.46" endtime="90.88">personally</w>
   <w nite:id="ES2003a.B.words195" starttime="90.88" endtime="90.92">I</w>
   <w nite:id="ES2003a.B.words196" starttime="90.92" endtime="91.13">think</w>
   <w nite:id="ES2003a.B.words197" starttime="91.13" endtime="91.3">that</w>
   <w nite:id="ES2003a.B.words198" starttime="91.3" endtime="91.41">the</w>
   <w nite:id="ES2003a.B.words199" starttime="91.41" endtime="92.01">original</w>
   <w nite:id="ES2003a.B.words200" starttime="92.01" endtime="92.15">is</w>
   <w nite:id="ES2003a.B.words201" starttime="92.15" endtime="92.72">gonna</w>
   <w nite:id="ES2003a.B.words202" starttime="92.72" endtime="92.9">be</w>
   <w nite:id="ES2003a.B.words203" starttime="92.9" endtime="92.95">a</w>
   <w nite:id="ES2003a.B.words204" starttime="92.95" endtime="93.61">very</w>
   <w nite:id="ES2003a.B.words205" starttime="93.61" endtime="93.97">key</w>
   <w nite:id="ES2003a.B.words206" starttime="93.97" endtime="94.46">aspect</w>
   <w nite:id="ES2003a.B.words207" starttime="94.46" endtime="94.55">to</w>
   <w nite:id="ES2003a.B.words208" starttime="94.55" endtime="94.71">this</w>
   <w nite:id="ES2003a.B.words209" starttime="94.71" endtime="95.87">design</w>
   <w nite:id="ES2003a.B.words210" starttime="95.87" endtime="95.87" punc="true">.</w>
   <w nite:id="ES2003a.B.words211" starttime="95.87" endtime="96.2">Um</w>
   <w nite:id="ES2003a.B.words212" starttime="96.2" endtime="96.2" punc="true">,</w>
   <w nite:id="ES2003a.B.words213" starttime="96.2" endtime="96.34">there&#39;s</w>
   <w nite:id="ES2003a.B.words214" starttime="96.34" endtime="96.39">a</w>
   <w nite:id="ES2003a.B.words215" starttime="96.39" endtime="96.53">lot</w>
   <w nite:id="ES2003a.B.words216" starttime="96.53" endtime="96.6">of</w>
   <w nite:id="ES2003a.B.words217" starttime="96.6" endtime="96.82">remote</w>
   <w nite:id="ES2003a.B.words218" starttime="96.82" endtime="97.17">controls</w>
   <w nite:id="ES2003a.B.words219" starttime="97.17" endtime="97.32">out</w>
   <w nite:id="ES2003a.B.words220" starttime="97.32" endtime="97.52">there</w>
   <w nite:id="ES2003a.B.words221" starttime="97.52" endtime="98.0">anyway</w>
   <w nite:id="ES2003a.B.words222" starttime="98.0" endtime="98.0" punc="true">,</w>
   <w nite:id="ES2003a.B.words223" starttime="98.0" endtime="98.19">so</w>
   <w nite:id="ES2003a.B.words224" starttime="98.19" endtime="98.28">we&#39;re</w>
   <w nite:id="ES2003a.B.words225" starttime="98.28" endtime="98.41">gonna</w>
   <w nite:id="ES2003a.B.words226" starttime="98.41" endtime="98.6">need</w>
   <w nite:id="ES2003a.B.words227" starttime="98.6" endtime="98.92">something</w>
   <w nite:id="ES2003a.B.words228" starttime="98.92" endtime="99.06">that&#39;s</w>
   <w nite:id="ES2003a.B.words229" starttime="99.06" endtime="99.25">really</w>
   <w nite:id="ES2003a.B.words230" starttime="99.25" endtime="99.41">gonna</w>
   <w nite:id="ES2003a.B.words231" starttime="99.41" endtime="99.58">set</w>
   <w nite:id="ES2003a.B.words232" starttime="99.58" endtime="99.71">it</w>
   <w nite:id="ES2003a.B.words233" starttime="99.71" endtime="100.18">apart</w>
   <w nite:id="ES2003a.B.words234" starttime="100.18" endtime="100.18" punc="true">.</w>
   <w nite:id="ES2003a.B.words235" starttime="105.69" endtime="105.94">This</w>
   <w nite:id="ES2003a.B.words236" starttime="105.94" endtime="106.05">is</w>
   <w nite:id="ES2003a.B.words237" starttime="106.05" endtime="106.22">how</w>
   <w nite:id="ES2003a.B.words238" starttime="106.22" endtime="106.45">today</w>
   <w nite:id="ES2003a.B.words239" starttime="106.45" endtime="106.78">seems</w>
   <w nite:id="ES2003a.B.words240" starttime="106.78" endtime="106.9">to</w>
   <w nite:id="ES2003a.B.words241" starttime="106.9" endtime="107.15">be</w>
   <w nite:id="ES2003a.B.words242" starttime="107.15" endtime="107.36">going</w>
   <w nite:id="ES2003a.B.words243" starttime="107.36" endtime="107.46">to</w>
   <w nite:id="ES2003a.B.words244" starttime="107.46" endtime="107.73">work</w>
   <w nite:id="ES2003a.B.words245" starttime="107.73" endtime="107.73" punc="true">.</w>
   <w nite:id="ES2003a.B.words246" starttime="107.73" endtime="107.82">We&#39;re</w>
   <w nite:id="ES2003a.B.words247" starttime="107.82" endtime="107.96">gonna</w>
   <w nite:id="ES2003a.B.words248" starttime="107.96" endtime="108.05">have</w>
   <w nite:id="ES2003a.B.words249" starttime="108.05" endtime="108.11">the</w>
   <w nite:id="ES2003a.B.words250" starttime="108.11" endtime="108.24">three</w>
   <w nite:id="ES2003a.B.words251" starttime="108.24" endtime="108.71" trunc="true">kay</w>
   <w nite:id="ES2003a.B.words252" starttime="108.71" endtime="109.27">phases</w>
   <w nite:id="ES2003a.B.words253" starttime="109.27" endtime="109.27" punc="true">,</w>
   <w nite:id="ES2003a.B.words254" starttime="109.27" endtime="109.59">as</w>
   <w nite:id="ES2003a.B.words255" starttime="109.59" endtime="109.81">you&#39;ve</w>
   <w nite:id="ES2003a.B.words256" starttime="109.81" endtime="110.08">probably</w>
   <w nite:id="ES2003a.B.words257" starttime="110.08" endtime="110.36">already</w>
   <w nite:id="ES2003a.B.words258" starttime="110.36" endtime="110.48">been</w>
   <w nite:id="ES2003a.B.words259" starttime="110.48" endtime="110.87">told</w>
   <w nite:id="ES2003a.B.words260" starttime="110.87" endtime="110.87" punc="true">,</w>
   <w nite:id="ES2003a.B.words261" starttime="110.87" endtime="110.94">the</w>
   <w nite:id="ES2003a.B.words262" starttime="110.94" endtime="111.37">functional</w>
   <w nite:id="ES2003a.B.words263" starttime="111.37" endtime="111.37" punc="true">,</w>
   <w nite:id="ES2003a.B.words264" starttime="111.37" endtime="111.85">architectural</w>
   <w nite:id="ES2003a.B.words265" starttime="111.85" endtime="111.85" punc="true">,</w>
   <w nite:id="ES2003a.B.words266" starttime="111.85" endtime="111.96">and</w>
   <w nite:id="ES2003a.B.words267" starttime="111.96" endtime="112.04">the</w>
   <w nite:id="ES2003a.B.words268" starttime="112.04" endtime="112.43">detailed</w>
   <w nite:id="ES2003a.B.words269" starttime="112.43" endtime="113.81">design</w>
   <w nite:id="ES2003a.B.words270" starttime="113.81" endtime="113.81" punc="true">.</w>
   <w nite:id="ES2003a.B.words271" starttime="113.81" endtime="114.5">Um</w>
   <disfmarker nite:id="ES2003a.B.words272" starttime="114.5" endtime="115.0"/>
   <w nite:id="ES2003a.B.words273" starttime="119.1" endtime="119.36">First</w>
   <w nite:id="ES2003a.B.words274" starttime="119.36" endtime="119.51">one&#39;s</w>
   <w nite:id="ES2003a.B.words275" starttime="119.51" endtime="119.69">gonna</w>
   <w nite:id="ES2003a.B.words276" starttime="119.69" endtime="119.79">be</w>
   <w nite:id="ES2003a.B.words277" starttime="119.79" endtime="120.09">covering</w>
   <w nite:id="ES2003a.B.words278" starttime="120.09" endtime="120.16">the</w>
   <w nite:id="ES2003a.B.words279" starttime="120.16" endtime="120.4">user</w>
   <w nite:id="ES2003a.B.words280" starttime="120.4" endtime="120.87">requirement</w>
   <w nite:id="ES2003a.B.words281" starttime="120.87" endtime="121.18">spec</w>
   <w nite:id="ES2003a.B.words282" starttime="121.18" endtime="121.18" punc="true">,</w>
   <w nite:id="ES2003a.B.words283" starttime="121.18" endtime="121.67">technical</w>
   <w nite:id="ES2003a.B.words284" starttime="121.67" endtime="122.21">functions</w>
   <w nite:id="ES2003a.B.words285" starttime="122.21" endtime="122.21" punc="true">,</w>
   <w nite:id="ES2003a.B.words286" starttime="122.21" endtime="122.49">working</w>
   <w nite:id="ES2003a.B.words287" starttime="122.49" endtime="123.67">design</w>
   <w nite:id="ES2003a.B.words288" starttime="123.67" endtime="123.67" punc="true">.</w>
   <w nite:id="ES2003a.B.words289" starttime="123.67" endtime="124.13">Second</w>
   <w nite:id="ES2003a.B.words290" starttime="124.13" endtime="124.36">seems</w>
   <w nite:id="ES2003a.B.words291" starttime="124.36" endtime="124.5">to</w>
   <w nite:id="ES2003a.B.words292" starttime="124.5" endtime="124.82">be</w>
   <w nite:id="ES2003a.B.words293" starttime="124.82" endtime="125.41">conceptual</w>
   <w nite:id="ES2003a.B.words294" starttime="125.41" endtime="125.9">components</w>
   <w nite:id="ES2003a.B.words295" starttime="125.9" endtime="125.9" punc="true">,</w>
   <w nite:id="ES2003a.B.words296" starttime="125.9" endtime="126.33">properties</w>
   <w nite:id="ES2003a.B.words297" starttime="126.33" endtime="126.33" punc="true">,</w>
   <w nite:id="ES2003a.B.words298" starttime="126.33" endtime="126.98">materials</w>
   <w nite:id="ES2003a.B.words299" starttime="126.98" endtime="126.98" punc="true">,</w>
   <w nite:id="ES2003a.B.words300" starttime="126.98" endtime="127.12">and</w>
   <w nite:id="ES2003a.B.words301" starttime="127.12" endtime="127.18">the</w>
   <w nite:id="ES2003a.B.words302" starttime="127.18" endtime="127.49">last</w>
   <w nite:id="ES2003a.B.words303" starttime="127.49" endtime="127.71">one</w>
   <w nite:id="ES2003a.B.words304" starttime="127.71" endtime="127.92">is</w>
   <w nite:id="ES2003a.B.words305" starttime="127.92" endtime="129.52">a</w>
   <w nite:id="ES2003a.B.words306" starttime="129.52" endtime="129.97">detailed</w>
   <w nite:id="ES2003a.B.words307" starttime="129.97" endtime="130.53">analysis</w>
   <w nite:id="ES2003a.B.words308" starttime="130.53" endtime="130.73">of</w>
   <w nite:id="ES2003a.B.words309" starttime="130.73" endtime="130.92">our</w>
   <w nite:id="ES2003a.B.words310" starttime="130.92" endtime="131.28">design</w>
   <w nite:id="ES2003a.B.words311" starttime="131.28" endtime="131.43">so</w>
   <w nite:id="ES2003a.B.words312" starttime="131.43" endtime="131.85">far</w>
   <w nite:id="ES2003a.B.words313" starttime="131.85" endtime="131.85" punc="true">.</w>
   <w nite:id="ES2003a.B.words314" starttime="131.85" endtime="131.97">Of</w>
   <w nite:id="ES2003a.B.words315" starttime="131.97" endtime="132.17">course</w>
   <w nite:id="ES2003a.B.words316" starttime="132.17" endtime="132.17" punc="true">,</w>
   <w nite:id="ES2003a.B.words317" starttime="132.17" endtime="132.31">you&#39;ve</w>
   <w nite:id="ES2003a.B.words318" starttime="132.31" endtime="132.62">all</w>
   <w nite:id="ES2003a.B.words319" starttime="132.62" endtime="132.81">got</w>
   <w nite:id="ES2003a.B.words320" starttime="132.81" endtime="132.93">the</w>
   <w nite:id="ES2003a.B.words321" starttime="132.93" endtime="133.32">similar</w>
   <w nite:id="ES2003a.B.words322" starttime="133.32" endtime="133.73">emails</w>
   <w nite:id="ES2003a.B.words323" starttime="133.73" endtime="133.73" punc="true">,</w>
   <w nite:id="ES2003a.B.words324" starttime="133.73" endtime="133.78">I</w>
   <w nite:id="ES2003a.B.words325" starttime="133.78" endtime="134.72">believe</w>
   <w nite:id="ES2003a.B.words326" starttime="134.72" endtime="134.72" punc="true">,</w>
   <w nite:id="ES2003a.B.words327" starttime="134.72" endtime="135.0">right</w>
   <w nite:id="ES2003a.B.words328" starttime="135.0" endtime="135.0" punc="true">.</w>
   <vocalsound nite:id="ES2003a.B.words329" starttime="136.32" endtime="136.32" type="other"/>
   <w nite:id="ES2003a.B.words330" starttime="138.15" endtime="138.29">What</w>
   <w nite:id="ES2003a.B.words331" starttime="138.29" endtime="138.4">can</w>
   <w nite:id="ES2003a.B.words332" starttime="138.4" endtime="138.45">I</w>
   <w nite:id="ES2003a.B.words333" starttime="138.45" endtime="139.33">say</w>
   <w nite:id="ES2003a.B.words334" starttime="139.33" endtime="139.33" punc="true">?</w>
   <w nite:id="ES2003a.B.words335" starttime="139.33" endtime="140.1">Ebenezer</w>
   <w nite:id="ES2003a.B.words336" starttime="140.1" endtime="140.1" punc="true">,</w>
   <w nite:id="ES2003a.B.words337" starttime="140.1" endtime="140.18">you</w>
   <w nite:id="ES2003a.B.words338" starttime="140.18" endtime="140.32">wanna</w>
   <w nite:id="ES2003a.B.words339" starttime="140.32" endtime="140.45">have</w>
   <w nite:id="ES2003a.B.words340" starttime="140.45" endtime="141.24">a</w>
   <disfmarker nite:id="ES2003a.B.words341" starttime="141.24" endtime="141.24"/>
   <w nite:id="ES2003a.B.words342" starttime="141.24" endtime="141.34">you</w>
   <w nite:id="ES2003a.B.words343" starttime="141.34" endtime="141.51">wanna</w>
   <w nite:id="ES2003a.B.words344" starttime="141.51" endtime="141.75">draw</w>
   <w nite:id="ES2003a.B.words345" starttime="141.75" endtime="141.88">your</w>
   <w nite:id="ES2003a.B.words346" starttime="141.88" endtime="142.26">favourite</w>
   <w nite:id="ES2003a.B.words347" starttime="142.26" endtime="143.48">animal</w>
   <vocalsound nite:id="ES2003a.B.words348" starttime="143.48" endtime="143.48" type="laugh"/>
   <w nite:id="ES2003a.B.words349" starttime="143.48" endtime="143.48" punc="true">?</w>
   <vocalsound nite:id="ES2003a.B.words350" starttime="215.232" endtime="216.757" type="laugh"/>
   <w nite:id="ES2003a.B.words351" starttime="243.68" endtime="244.19">Brilliantly</w>
   <w nite:id="ES2003a.B.words352" starttime="244.19" endtime="244.76">done</w>
   <w nite:id="ES2003a.B.words353" starttime="244.76" endtime="244.76" punc="true">.</w>
   <w nite:id="ES2003a.B.words354" starttime="244.76" endtime="244.98">Thank</w>
   <w nite:id="ES2003a.B.words355" starttime="244.98" endtime="247.45">you</w>
   <w nite:id="ES2003a.B.words356" starttime="247.45" endtime="247.45" punc="true">.</w>
   <vocalsound nite:id="ES2003a.B.words357" starttime="247.45" endtime="247.45" type="laugh"/>
   <w nite:id="ES2003a.B.words358" starttime="247.45" endtime="247.7">Tarik</w>
   <w nite:id="ES2003a.B.words359" starttime="247.7" endtime="247.7" punc="true">,</w>
   <w nite:id="ES2003a.B.words360" starttime="247.7" endtime="247.79">would</w>
   <w nite:id="ES2003a.B.words361" starttime="247.79" endtime="247.89">you</w>
   <w nite:id="ES2003a.B.words362" starttime="247.89" endtime="248.03">like</w>
   <w nite:id="ES2003a.B.words363" starttime="248.03" endtime="248.11">to</w>
   <w nite:id="ES2003a.B.words364" starttime="248.11" endtime="248.24">have</w>
   <w nite:id="ES2003a.B.words365" starttime="248.24" endtime="248.28">a</w>
   <w nite:id="ES2003a.B.words366" starttime="248.28" endtime="248.61">shot</w>
   <w nite:id="ES2003a.B.words367" starttime="248.61" endtime="248.83">at</w>
   <w nite:id="ES2003a.B.words368" starttime="248.83" endtime="251.58">a</w>
   <w nite:id="ES2003a.B.words369" starttime="251.58" endtime="251.67">bit</w>
   <w nite:id="ES2003a.B.words370" starttime="251.67" endtime="251.76">of</w>
   <w nite:id="ES2003a.B.words371" starttime="251.76" endtime="252.65">artistry</w>
   <w nite:id="ES2003a.B.words372" starttime="252.65" endtime="252.65" punc="true">?</w>
   <w nite:id="ES2003a.B.words373" starttime="256.21" endtime="256.47">Oh</w>
   <w nite:id="ES2003a.B.words374" starttime="256.47" endtime="256.47" punc="true">,</w>
   <w nite:id="ES2003a.B.words375" starttime="256.47" endtime="256.72">um</w>
   <w nite:id="ES2003a.B.words376" starttime="256.72" endtime="256.72" punc="true">,</w>
   <w nite:id="ES2003a.B.words377" starttime="256.72" endtime="256.84">you</w>
   <w nite:id="ES2003a.B.words378" starttime="256.84" endtime="256.98">can</w>
   <w nite:id="ES2003a.B.words379" starttime="256.98" endtime="257.2">clip</w>
   <w nite:id="ES2003a.B.words380" starttime="257.2" endtime="257.32">them</w>
   <w nite:id="ES2003a.B.words381" starttime="257.32" endtime="257.46">to</w>
   <w nite:id="ES2003a.B.words382" starttime="257.46" endtime="257.59">your</w>
   <w nite:id="ES2003a.B.words383" starttime="257.59" endtime="257.93">belt</w>
   <w nite:id="ES2003a.B.words384" starttime="257.93" endtime="257.93" punc="true">.</w>
   <w nite:id="ES2003a.B.words385" starttime="259.01" endtime="259.11">You</w>
   <w nite:id="ES2003a.B.words386" starttime="259.11" endtime="259.28">should</w>
   <w nite:id="ES2003a.B.words387" starttime="259.28" endtime="259.69">also</w>
   <w nite:id="ES2003a.B.words388" starttime="259.69" endtime="260.0" trunc="true">l</w>
   <w nite:id="ES2003a.B.words389" starttime="260.0" endtime="260.26">um</w>
   <w nite:id="ES2003a.B.words390" starttime="260.26" endtime="260.55">have</w>
   <w nite:id="ES2003a.B.words391" starttime="260.55" endtime="261.22">your</w>
   <disfmarker nite:id="ES2003a.B.words392" starttime="261.22" endtime="261.22"/>
   <w nite:id="ES2003a.B.words393" starttime="261.22" endtime="261.31">the</w>
   <w nite:id="ES2003a.B.words394" starttime="261.31" endtime="261.72">lapel</w>
   <w nite:id="ES2003a.B.words395" starttime="261.72" endtime="261.98">mic</w>
   <w nite:id="ES2003a.B.words396" starttime="261.98" endtime="262.16">on</w>
   <w nite:id="ES2003a.B.words397" starttime="262.16" endtime="262.28">as</w>
   <w nite:id="ES2003a.B.words398" starttime="262.28" endtime="262.62">well</w>
   <w nite:id="ES2003a.B.words399" starttime="262.62" endtime="262.62" punc="true">.</w>
   <w nite:id="ES2003a.B.words400" starttime="284.51" endtime="284.71">Yep</w>
   <w nite:id="ES2003a.B.words401" starttime="284.71" endtime="284.71" punc="true">,</w>
   <w nite:id="ES2003a.B.words402" starttime="284.71" endtime="285.49">the</w>
   <gap nite:id="ES2003a.B.words403" starttime="285.49" endtime="285.49"/>
   <w nite:id="ES2003a.B.words404" starttime="285.49" endtime="285.49" punc="true">,</w>
   <w nite:id="ES2003a.B.words405" starttime="285.49" endtime="285.67">it&#39;s</w>
   <w nite:id="ES2003a.B.words406" starttime="285.67" endtime="285.82">just</w>
   <w nite:id="ES2003a.B.words407" starttime="285.82" endtime="286.14">across</w>
   <w nite:id="ES2003a.B.words408" starttime="286.14" endtime="286.4">there</w>
   <w nite:id="ES2003a.B.words409" starttime="286.4" endtime="286.4" punc="true">,</w>
   <w nite:id="ES2003a.B.words410" starttime="286.4" endtime="286.57">that&#39;s</w>
   <w nite:id="ES2003a.B.words411" starttime="286.57" endtime="286.65">it</w>
   <w nite:id="ES2003a.B.words412" starttime="286.65" endtime="286.65" punc="true">.</w>
   <w nite:id="ES2003a.B.words413" starttime="291.13" endtime="291.32">Yep</w>
   <w nite:id="ES2003a.B.words414" starttime="291.32" endtime="291.32" punc="true">.</w>
   <w nite:id="ES2003a.B.words415" starttime="301.67" endtime="301.96">Yeah</w>
   <w nite:id="ES2003a.B.words416" starttime="301.96" endtime="301.96" punc="true">.</w>
   <w nite:id="ES2003a.B.words417" starttime="301.96" endtime="302.18">It&#39;ll</w>
   <w nite:id="ES2003a.B.words418" starttime="302.18" endtime="302.53">follow</w>
   <w nite:id="ES2003a.B.words419" starttime="302.53" endtime="302.62">you</w>
   <w nite:id="ES2003a.B.words420" starttime="302.62" endtime="302.74">if</w>
   <w nite:id="ES2003a.B.words421" starttime="302.74" endtime="303.25">you</w>
   <disfmarker nite:id="ES2003a.B.words422" starttime="303.25" endtime="303.92"/>
   <w nite:id="ES2003a.B.words423" starttime="308.26" endtime="308.32">You</w>
   <w nite:id="ES2003a.B.words424" starttime="308.32" endtime="308.41">can</w>
   <w nite:id="ES2003a.B.words425" starttime="308.41" endtime="308.66">probably</w>
   <w nite:id="ES2003a.B.words426" starttime="308.66" endtime="308.79">just</w>
   <w nite:id="ES2003a.B.words427" starttime="308.79" endtime="308.99">stick</w>
   <w nite:id="ES2003a.B.words428" starttime="308.99" endtime="309.05">it</w>
   <w nite:id="ES2003a.B.words429" starttime="309.05" endtime="309.11">in</w>
   <w nite:id="ES2003a.B.words430" starttime="309.11" endtime="309.23">your</w>
   <w nite:id="ES2003a.B.words431" starttime="309.23" endtime="309.56">pocket</w>
   <w nite:id="ES2003a.B.words432" starttime="309.56" endtime="309.71">for</w>
   <w nite:id="ES2003a.B.words433" starttime="309.71" endtime="309.94">now</w>
   <w nite:id="ES2003a.B.words434" starttime="309.94" endtime="309.94" punc="true">,</w>
   <w nite:id="ES2003a.B.words435" starttime="309.94" endtime="310.02">I</w>
   <w nite:id="ES2003a.B.words436" starttime="310.02" endtime="310.23">wouldn&#39;t</w>
   <w nite:id="ES2003a.B.words437" starttime="310.23" endtime="310.42">worry</w>
   <w nite:id="ES2003a.B.words438" starttime="310.42" endtime="310.56">too</w>
   <w nite:id="ES2003a.B.words439" starttime="310.56" endtime="311.23">much</w>
   <w nite:id="ES2003a.B.words440" starttime="311.23" endtime="311.23" punc="true">.</w>
   <w nite:id="ES2003a.B.words441" starttime="311.23" endtime="311.38">Should</w>
   <w nite:id="ES2003a.B.words442" starttime="311.38" endtime="311.5">have</w>
   <w nite:id="ES2003a.B.words443" starttime="311.5" endtime="311.67">good</w>
   <w nite:id="ES2003a.B.words444" starttime="311.67" endtime="312.85">range</w>
   <w nite:id="ES2003a.B.words445" starttime="312.85" endtime="312.85" punc="true">.</w>
   <vocalsound nite:id="ES2003a.B.words446" starttime="318.944" endtime="319.312" type="laugh"/>
   <vocalsound nite:id="ES2003a.B.words447" starttime="426.304" endtime="426.304" type="laugh"/>
   <w nite:id="ES2003a.B.words448" starttime="428.23" endtime="428.63">Excellent</w>
   <w nite:id="ES2003a.B.words449" starttime="428.63" endtime="428.63" punc="true">,</w>
   <w nite:id="ES2003a.B.words450" starttime="428.63" endtime="428.77">thank</w>
   <w nite:id="ES2003a.B.words451" starttime="428.77" endtime="428.83">you</w>
   <w nite:id="ES2003a.B.words452" starttime="428.83" endtime="428.95">very</w>
   <w nite:id="ES2003a.B.words453" starttime="428.95" endtime="429.69">much</w>
   <w nite:id="ES2003a.B.words454" starttime="429.69" endtime="429.69" punc="true">.</w>
   <w nite:id="ES2003a.B.words455" starttime="429.69" endtime="430.0">Dave</w>
   <w nite:id="ES2003a.B.words456" starttime="430.0" endtime="430.0" punc="true">,</w>
   <w nite:id="ES2003a.B.words457" starttime="430.0" endtime="430.06">if</w>
   <w nite:id="ES2003a.B.words458" starttime="430.06" endtime="430.16">you&#39;d</w>
   <w nite:id="ES2003a.B.words459" starttime="430.16" endtime="430.31">like</w>
   <w nite:id="ES2003a.B.words460" starttime="430.31" endtime="430.5">to</w>
   <w nite:id="ES2003a.B.words461" starttime="430.5" endtime="430.75">uh</w>
   <w nite:id="ES2003a.B.words462" starttime="432.76" endtime="432.93">have</w>
   <w nite:id="ES2003a.B.words463" starttime="432.93" endtime="432.98">a</w>
   <w nite:id="ES2003a.B.words464" starttime="432.98" endtime="433.99">dash</w>
   <w nite:id="ES2003a.B.words465" starttime="433.99" endtime="433.99" punc="true">.</w>
   <w nite:id="ES2003a.B.words466" starttime="606.19" endtime="606.62">Cheers</w>
   <w nite:id="ES2003a.B.words467" starttime="606.62" endtime="606.62" punc="true">.</w>
   <w nite:id="ES2003a.B.words468" starttime="656.53" endtime="656.83">Hardly</w>
   <w nite:id="ES2003a.B.words469" starttime="656.83" endtime="656.97">what</w>
   <w nite:id="ES2003a.B.words470" starttime="656.97" endtime="657.04">I&#39;d</w>
   <w nite:id="ES2003a.B.words471" starttime="657.04" endtime="657.24">call</w>
   <w nite:id="ES2003a.B.words472" starttime="657.24" endtime="657.31">the</w>
   <w nite:id="ES2003a.B.words473" starttime="657.31" endtime="657.52">best</w>
   <w nite:id="ES2003a.B.words474" starttime="657.52" endtime="657.74">drawing</w>
   <w nite:id="ES2003a.B.words475" starttime="657.74" endtime="657.8">in</w>
   <w nite:id="ES2003a.B.words476" starttime="657.8" endtime="657.87">the</w>
   <w nite:id="ES2003a.B.words477" starttime="657.87" endtime="658.11">world</w>
   <w nite:id="ES2003a.B.words478" starttime="658.11" endtime="658.22">but</w>
   <w nite:id="ES2003a.B.words479" starttime="658.22" endtime="658.38">it&#39;ll</w>
   <w nite:id="ES2003a.B.words480" starttime="658.38" endtime="658.51">do</w>
   <w nite:id="ES2003a.B.words481" starttime="658.51" endtime="658.66">for</w>
   <w nite:id="ES2003a.B.words482" starttime="658.66" endtime="659.64">now</w>
   <w nite:id="ES2003a.B.words483" starttime="659.64" endtime="659.64" punc="true">.</w>
   <w nite:id="ES2003a.B.words484" starttime="659.64" endtime="659.9">Also</w>
   <w nite:id="ES2003a.B.words485" starttime="659.9" endtime="660.13">not</w>
   <w nite:id="ES2003a.B.words486" starttime="660.13" endtime="660.39">quite</w>
   <w nite:id="ES2003a.B.words487" starttime="660.39" endtime="660.51">as</w>
   <w nite:id="ES2003a.B.words488" starttime="660.51" endtime="660.79">feared</w>
   <w nite:id="ES2003a.B.words489" starttime="660.79" endtime="660.87">as</w>
   <w nite:id="ES2003a.B.words490" starttime="660.87" endtime="661.01">your</w>
   <w nite:id="ES2003a.B.words491" starttime="661.01" endtime="661.38">average</w>
   <w nite:id="ES2003a.B.words492" starttime="661.38" endtime="662.03">tiger</w>
   <w nite:id="ES2003a.B.words493" starttime="662.03" endtime="662.03" punc="true">,</w>
   <w nite:id="ES2003a.B.words494" starttime="662.03" endtime="662.39">but</w>
   <w nite:id="ES2003a.B.words495" starttime="662.39" endtime="663.32">uh</w>
   <w nite:id="ES2003a.B.words496" starttime="663.32" endtime="663.63">cats</w>
   <w nite:id="ES2003a.B.words497" starttime="663.63" endtime="663.76">are</w>
   <w nite:id="ES2003a.B.words498" starttime="663.76" endtime="663.89">one</w>
   <w nite:id="ES2003a.B.words499" starttime="663.89" endtime="663.96">of</w>
   <w nite:id="ES2003a.B.words500" starttime="663.96" endtime="664.07">my</w>
   <w nite:id="ES2003a.B.words501" starttime="664.07" endtime="664.43">favourite</w>
   <w nite:id="ES2003a.B.words502" starttime="664.43" endtime="664.87">animals</w>
   <w nite:id="ES2003a.B.words503" starttime="664.87" endtime="664.87" punc="true">,</w>
   <w nite:id="ES2003a.B.words504" starttime="664.87" endtime="665.67">they&#39;re</w>
   <w nite:id="ES2003a.B.words505" starttime="665.67" endtime="665.88">very</w>
   <w nite:id="ES2003a.B.words506" starttime="665.88" endtime="666.76">independent</w>
   <w nite:id="ES2003a.B.words507" starttime="666.76" endtime="666.76" punc="true">,</w>
   <w nite:id="ES2003a.B.words508" starttime="666.76" endtime="667.14">they&#39;re</w>
   <w nite:id="ES2003a.B.words509" starttime="667.14" endtime="667.59">snotty</w>
   <w nite:id="ES2003a.B.words510" starttime="667.59" endtime="667.72">as</w>
   <w nite:id="ES2003a.B.words511" starttime="667.72" endtime="667.95">hell</w>
   <w nite:id="ES2003a.B.words512" starttime="667.95" endtime="668.01">at</w>
   <w nite:id="ES2003a.B.words513" starttime="668.01" endtime="668.07">the</w>
   <w nite:id="ES2003a.B.words514" starttime="668.07" endtime="668.34">best</w>
   <w nite:id="ES2003a.B.words515" starttime="668.34" endtime="668.43">of</w>
   <w nite:id="ES2003a.B.words516" starttime="668.43" endtime="670.15">times</w>
   <w nite:id="ES2003a.B.words517" starttime="670.15" endtime="670.15" punc="true">,</w>
   <w nite:id="ES2003a.B.words518" starttime="670.15" endtime="670.7">and</w>
   <w nite:id="ES2003a.B.words519" starttime="670.7" endtime="671.91">uh</w>
   <w nite:id="ES2003a.B.words520" starttime="671.91" endtime="671.91" punc="true">,</w>
   <w nite:id="ES2003a.B.words521" starttime="671.91" endtime="672.04">what</w>
   <w nite:id="ES2003a.B.words522" starttime="672.04" endtime="672.15">can</w>
   <w nite:id="ES2003a.B.words523" starttime="672.15" endtime="672.25">you</w>
   <w nite:id="ES2003a.B.words524" starttime="672.25" endtime="672.41">say</w>
   <w nite:id="ES2003a.B.words525" starttime="672.41" endtime="672.41" punc="true">,</w>
   <w nite:id="ES2003a.B.words526" starttime="672.41" endtime="672.49">you</w>
   <w nite:id="ES2003a.B.words527" starttime="672.49" endtime="672.6">got</w>
   <w nite:id="ES2003a.B.words528" starttime="672.6" endtime="672.66">to</w>
   <w nite:id="ES2003a.B.words529" starttime="672.66" endtime="672.82">love</w>
   <w nite:id="ES2003a.B.words530" starttime="672.82" endtime="672.99">those</w>
   <w nite:id="ES2003a.B.words531" starttime="672.99" endtime="673.43">qualities</w>
   <w nite:id="ES2003a.B.words532" starttime="673.43" endtime="673.53">in</w>
   <w nite:id="ES2003a.B.words533" starttime="673.53" endtime="673.63">an</w>
   <w nite:id="ES2003a.B.words534" starttime="673.63" endtime="674.43">animal</w>
   <w nite:id="ES2003a.B.words535" starttime="674.43" endtime="674.43" punc="true">.</w>
   <w nite:id="ES2003a.B.words536" starttime="680.46" endtime="681.47">Right</w>
   <w nite:id="ES2003a.B.words537" starttime="681.47" endtime="681.47" punc="true">.</w>
   <w nite:id="ES2003a.B.words538" starttime="681.47" endtime="681.58">I</w>
   <w nite:id="ES2003a.B.words539" starttime="681.58" endtime="681.73">think</w>
   <w nite:id="ES2003a.B.words540" starttime="681.73" endtime="681.88">we&#39;ve</w>
   <w nite:id="ES2003a.B.words541" starttime="681.88" endtime="682.0">all</w>
   <w nite:id="ES2003a.B.words542" starttime="682.0" endtime="682.32">managed</w>
   <w nite:id="ES2003a.B.words543" starttime="682.32" endtime="682.4">to</w>
   <w nite:id="ES2003a.B.words544" starttime="682.4" endtime="682.75">master</w>
   <w nite:id="ES2003a.B.words545" starttime="682.75" endtime="682.89">the</w>
   <w nite:id="ES2003a.B.words546" starttime="682.89" endtime="683.41">whiteboard</w>
   <w nite:id="ES2003a.B.words547" starttime="683.41" endtime="683.58">there</w>
   <w nite:id="ES2003a.B.words548" starttime="683.58" endtime="683.69">by</w>
   <w nite:id="ES2003a.B.words549" starttime="683.69" endtime="683.93">looks</w>
   <w nite:id="ES2003a.B.words550" starttime="683.93" endtime="684.02">of</w>
   <w nite:id="ES2003a.B.words551" starttime="684.02" endtime="685.28">it</w>
   <w nite:id="ES2003a.B.words552" starttime="685.28" endtime="685.28" punc="true">,</w>
   <w nite:id="ES2003a.B.words553" starttime="685.28" endtime="685.98">so</w>
   <w nite:id="ES2003a.B.words554" starttime="685.98" endtime="685.98" punc="true">,</w>
   <w nite:id="ES2003a.B.words555" starttime="685.98" endtime="686.16">on</w>
   <w nite:id="ES2003a.B.words556" starttime="686.16" endtime="686.29">to</w>
   <w nite:id="ES2003a.B.words557" starttime="686.29" endtime="687.11">it</w>
   <w nite:id="ES2003a.B.words558" starttime="687.11" endtime="687.11" punc="true">.</w>
   <w nite:id="ES2003a.B.words559" starttime="687.11" endtime="687.44">Project</w>
   <w nite:id="ES2003a.B.words560" starttime="687.44" endtime="688.44">finance</w>
   <w nite:id="ES2003a.B.words561" starttime="688.44" endtime="688.44" punc="true">.</w>
   <w nite:id="ES2003a.B.words562" starttime="688.44" endtime="688.62">As</w>
   <w nite:id="ES2003a.B.words563" starttime="688.62" endtime="688.72">you</w>
   <w nite:id="ES2003a.B.words564" starttime="688.72" endtime="688.85">can</w>
   <w nite:id="ES2003a.B.words565" starttime="688.85" endtime="690.43">see</w>
   <w nite:id="ES2003a.B.words566" starttime="690.43" endtime="690.43" punc="true">,</w>
   <w nite:id="ES2003a.B.words567" starttime="690.43" endtime="690.66">twelve</w>
   <w nite:id="ES2003a.B.words568" starttime="690.66" endtime="690.87">point</w>
   <w nite:id="ES2003a.B.words569" starttime="690.87" endtime="691.16">five</w>
   <w nite:id="ES2003a.B.words570" starttime="691.16" endtime="692.03">Euros</w>
   <w nite:id="ES2003a.B.words571" starttime="692.03" endtime="692.19">per</w>
   <w nite:id="ES2003a.B.words572" starttime="692.19" endtime="693.12">unit</w>
   <w nite:id="ES2003a.B.words573" starttime="693.12" endtime="693.12" punc="true">.</w>
   <w nite:id="ES2003a.B.words574" starttime="693.12" endtime="693.78">That&#39;s</w>
   <w nite:id="ES2003a.B.words575" starttime="693.78" endtime="694.24">not</w>
   <w nite:id="ES2003a.B.words576" starttime="694.24" endtime="694.41">a</w>
   <w nite:id="ES2003a.B.words577" starttime="694.41" endtime="694.84">terrible</w>
   <w nite:id="ES2003a.B.words578" starttime="694.84" endtime="695.02">lot</w>
   <w nite:id="ES2003a.B.words579" starttime="695.02" endtime="695.08">as</w>
   <w nite:id="ES2003a.B.words580" starttime="695.08" endtime="695.34">far</w>
   <w nite:id="ES2003a.B.words581" starttime="695.34" endtime="695.42">as</w>
   <w nite:id="ES2003a.B.words582" starttime="695.42" endtime="695.52">I&#39;m</w>
   <w nite:id="ES2003a.B.words583" starttime="695.52" endtime="696.46">aware</w>
   <w nite:id="ES2003a.B.words584" starttime="696.46" endtime="696.46" punc="true">,</w>
   <w nite:id="ES2003a.B.words585" starttime="696.46" endtime="696.66">and</w>
   <w nite:id="ES2003a.B.words586" starttime="696.66" endtime="696.76">we&#39;re</w>
   <w nite:id="ES2003a.B.words587" starttime="696.76" endtime="696.93">hoping</w>
   <w nite:id="ES2003a.B.words588" starttime="696.93" endtime="696.99">to</w>
   <w nite:id="ES2003a.B.words589" starttime="696.99" endtime="697.18">sell</w>
   <w nite:id="ES2003a.B.words590" starttime="697.18" endtime="697.27">them</w>
   <w nite:id="ES2003a.B.words591" starttime="697.27" endtime="697.39">for</w>
   <w nite:id="ES2003a.B.words592" starttime="697.39" endtime="697.64">twenty</w>
   <w nite:id="ES2003a.B.words593" starttime="697.64" endtime="699.14">five</w>
   <w nite:id="ES2003a.B.words594" starttime="699.14" endtime="699.14" punc="true">.</w>
   <w nite:id="ES2003a.B.words595" starttime="699.14" endtime="699.28">If</w>
   <w nite:id="ES2003a.B.words596" starttime="699.28" endtime="699.43">we&#39;re</w>
   <w nite:id="ES2003a.B.words597" starttime="699.43" endtime="699.6">aiming</w>
   <w nite:id="ES2003a.B.words598" starttime="699.6" endtime="699.73">for</w>
   <w nite:id="ES2003a.B.words599" starttime="699.73" endtime="700.05">fifty</w>
   <w nite:id="ES2003a.B.words600" starttime="700.05" endtime="700.33">million</w>
   <w nite:id="ES2003a.B.words601" starttime="700.33" endtime="700.64">Euros</w>
   <w nite:id="ES2003a.B.words602" starttime="700.64" endtime="700.73">we&#39;re</w>
   <w nite:id="ES2003a.B.words603" starttime="700.73" endtime="700.85">gonna</w>
   <w nite:id="ES2003a.B.words604" starttime="700.85" endtime="700.94">have</w>
   <w nite:id="ES2003a.B.words605" starttime="700.94" endtime="701.01">to</w>
   <w nite:id="ES2003a.B.words606" starttime="701.01" endtime="701.08">be</w>
   <w nite:id="ES2003a.B.words607" starttime="701.08" endtime="701.38">selling</w>
   <w nite:id="ES2003a.B.words608" starttime="701.38" endtime="701.44">an</w>
   <w nite:id="ES2003a.B.words609" starttime="701.44" endtime="701.7">awful</w>
   <w nite:id="ES2003a.B.words610" starttime="701.7" endtime="701.85">lot</w>
   <w nite:id="ES2003a.B.words611" starttime="701.85" endtime="701.92">of</w>
   <w nite:id="ES2003a.B.words612" starttime="701.92" endtime="702.35">them</w>
   <w nite:id="ES2003a.B.words613" starttime="702.35" endtime="702.35" punc="true">.</w>
   <w nite:id="ES2003a.B.words614" starttime="710.0" endtime="711.12">Yep</w>
   <w nite:id="ES2003a.B.words615" starttime="711.12" endtime="711.12" punc="true">.</w>
   <w nite:id="ES2003a.B.words616" starttime="711.12" endtime="711.74">Well</w>
   <w nite:id="ES2003a.B.words617" starttime="711.74" endtime="711.74" punc="true">,</w>
   <w nite:id="ES2003a.B.words618" starttime="711.74" endtime="712.0">fifty</w>
   <w nite:id="ES2003a.B.words619" starttime="712.0" endtime="712.51">million</w>
   <w nite:id="ES2003a.B.words620" starttime="712.51" endtime="712.51" punc="true">,</w>
   <w nite:id="ES2003a.B.words621" starttime="712.51" endtime="712.84">and</w>
   <w nite:id="ES2003a.B.words622" starttime="712.84" endtime="712.94">if</w>
   <w nite:id="ES2003a.B.words623" starttime="712.94" endtime="713.05">you&#39;re</w>
   <w nite:id="ES2003a.B.words624" starttime="713.05" endtime="713.4">making</w>
   <w nite:id="ES2003a.B.words625" starttime="713.4" endtime="713.63">twelve</w>
   <w nite:id="ES2003a.B.words626" starttime="713.63" endtime="713.84">point</w>
   <w nite:id="ES2003a.B.words627" starttime="713.84" endtime="715.34">five</w>
   <w nite:id="ES2003a.B.words628" starttime="715.34" endtime="715.81">Euros</w>
   <w nite:id="ES2003a.B.words629" starttime="715.81" endtime="715.9">on</w>
   <w nite:id="ES2003a.B.words630" starttime="715.9" endtime="716.02">each</w>
   <w nite:id="ES2003a.B.words631" starttime="716.02" endtime="716.33">one</w>
   <w nite:id="ES2003a.B.words632" starttime="716.33" endtime="716.33" punc="true">,</w>
   <w nite:id="ES2003a.B.words633" starttime="716.33" endtime="717.62">then</w>
   <w nite:id="ES2003a.B.words634" starttime="717.62" endtime="717.62" punc="true">,</w>
   <w nite:id="ES2003a.B.words635" starttime="717.62" endtime="717.92">awful</w>
   <w nite:id="ES2003a.B.words636" starttime="717.92" endtime="718.12">lot</w>
   <w nite:id="ES2003a.B.words637" starttime="718.12" endtime="718.28">need</w>
   <w nite:id="ES2003a.B.words638" starttime="718.28" endtime="718.37">to</w>
   <w nite:id="ES2003a.B.words639" starttime="718.37" endtime="718.47">be</w>
   <w nite:id="ES2003a.B.words640" starttime="718.47" endtime="718.87">sold</w>
   <w nite:id="ES2003a.B.words641" starttime="718.87" endtime="718.87" punc="true">.</w>
   <w nite:id="ES2003a.B.words642" starttime="721.12" endtime="722.26">Okay</w>
   <w nite:id="ES2003a.B.words643" starttime="722.26" endtime="722.26" punc="true">.</w>
   <w nite:id="ES2003a.B.words644" starttime="722.26" endtime="722.4">Now</w>
   <w nite:id="ES2003a.B.words645" starttime="722.4" endtime="722.5">we</w>
   <w nite:id="ES2003a.B.words646" starttime="722.5" endtime="722.73">better</w>
   <w nite:id="ES2003a.B.words647" starttime="722.73" endtime="723.0">actually</w>
   <w nite:id="ES2003a.B.words648" starttime="723.0" endtime="723.16">just</w>
   <w nite:id="ES2003a.B.words649" starttime="723.16" endtime="723.28">get</w>
   <w nite:id="ES2003a.B.words650" starttime="723.28" endtime="723.42">on</w>
   <w nite:id="ES2003a.B.words651" starttime="723.42" endtime="723.59">with</w>
   <w nite:id="ES2003a.B.words652" starttime="723.59" endtime="723.87">the</w>
   <w nite:id="ES2003a.B.words653" starttime="723.87" endtime="724.01">uh</w>
   <w nite:id="ES2003a.B.words654" starttime="724.01" endtime="724.11">the</w>
   <w nite:id="ES2003a.B.words655" starttime="724.11" endtime="724.32">meat</w>
   <w nite:id="ES2003a.B.words656" starttime="724.32" endtime="724.38">of</w>
   <w nite:id="ES2003a.B.words657" starttime="724.38" endtime="724.48">the</w>
   <w nite:id="ES2003a.B.words658" starttime="724.48" endtime="725.84">project</w>
   <w nite:id="ES2003a.B.words659" starttime="725.84" endtime="725.84" punc="true">.</w>
   <w nite:id="ES2003a.B.words660" starttime="725.84" endtime="726.5">So</w>
   <w nite:id="ES2003a.B.words661" starttime="726.5" endtime="726.63">I&#39;m</w>
   <w nite:id="ES2003a.B.words662" starttime="726.63" endtime="726.8">gonna</w>
   <w nite:id="ES2003a.B.words663" starttime="726.8" endtime="727.03">guess</w>
   <w nite:id="ES2003a.B.words664" starttime="727.03" endtime="727.12">that</w>
   <w nite:id="ES2003a.B.words665" starttime="727.12" endtime="727.28">we&#39;ve</w>
   <w nite:id="ES2003a.B.words666" starttime="727.28" endtime="727.43">all</w>
   <w nite:id="ES2003a.B.words667" starttime="727.43" endtime="727.64">used</w>
   <w nite:id="ES2003a.B.words668" starttime="727.64" endtime="727.89">remote</w>
   <w nite:id="ES2003a.B.words669" starttime="727.89" endtime="728.59">controls</w>
   <w nite:id="ES2003a.B.words670" starttime="728.59" endtime="728.59" punc="true">.</w>
   <w nite:id="ES2003a.B.words671" starttime="730.78" endtime="731.07">Any</w>
   <w nite:id="ES2003a.B.words672" starttime="731.07" endtime="731.66">ideas</w>
   <w nite:id="ES2003a.B.words673" starttime="731.66" endtime="732.07">of</w>
   <w nite:id="ES2003a.B.words674" starttime="732.07" endtime="732.42">where</w>
   <w nite:id="ES2003a.B.words675" starttime="732.42" endtime="732.65">you</w>
   <w nite:id="ES2003a.B.words676" starttime="732.65" endtime="732.85">think</w>
   <w nite:id="ES2003a.B.words677" starttime="732.85" endtime="732.93">a</w>
   <w nite:id="ES2003a.B.words678" starttime="732.93" endtime="733.13">new</w>
   <w nite:id="ES2003a.B.words679" starttime="733.13" endtime="733.39">remote</w>
   <w nite:id="ES2003a.B.words680" starttime="733.39" endtime="733.74">control</w>
   <w nite:id="ES2003a.B.words681" starttime="733.74" endtime="733.93">could</w>
   <w nite:id="ES2003a.B.words682" starttime="733.93" endtime="734.1">go</w>
   <w nite:id="ES2003a.B.words683" starttime="734.1" endtime="734.27">into</w>
   <w nite:id="ES2003a.B.words684" starttime="734.27" endtime="734.45">this</w>
   <w nite:id="ES2003a.B.words685" starttime="734.45" endtime="735.08">market</w>
   <w nite:id="ES2003a.B.words686" starttime="735.08" endtime="735.08" punc="true">?</w>
   <w nite:id="ES2003a.B.words687" starttime="790.07" endtime="790.66">Okay</w>
   <w nite:id="ES2003a.B.words688" starttime="790.66" endtime="790.66" punc="true">.</w>
   <w nite:id="ES2003a.B.words689" starttime="812.69" endtime="813.44">Okay</w>
   <w nite:id="ES2003a.B.words690" starttime="813.44" endtime="813.44" punc="true">,</w>
   <w nite:id="ES2003a.B.words691" starttime="813.44" endtime="813.63">yeah</w>
   <w nite:id="ES2003a.B.words692" starttime="813.63" endtime="813.63" punc="true">,</w>
   <w nite:id="ES2003a.B.words693" starttime="813.63" endtime="813.73" trunc="true">tha</w>
   <w nite:id="ES2003a.B.words694" starttime="813.73" endtime="814.05">that&#39;s</w>
   <w nite:id="ES2003a.B.words695" starttime="814.05" endtime="814.47">true</w>
   <w nite:id="ES2003a.B.words696" starttime="814.47" endtime="814.47" punc="true">,</w>
   <w nite:id="ES2003a.B.words697" starttime="814.47" endtime="814.7">with</w>
   <w nite:id="ES2003a.B.words698" starttime="814.7" endtime="815.25">the</w>
   <w nite:id="ES2003a.B.words699" starttime="815.25" endtime="815.53">price</w>
   <w nite:id="ES2003a.B.words700" starttime="815.53" endtime="815.7">range</w>
   <w nite:id="ES2003a.B.words701" starttime="815.7" endtime="815.83">we&#39;re</w>
   <w nite:id="ES2003a.B.words702" starttime="815.83" endtime="816.09">looking</w>
   <w nite:id="ES2003a.B.words703" starttime="816.09" endtime="816.94">at</w>
   <w nite:id="ES2003a.B.words704" starttime="816.94" endtime="816.94" punc="true">,</w>
   <w nite:id="ES2003a.B.words705" starttime="816.94" endtime="817.15">going</w>
   <w nite:id="ES2003a.B.words706" starttime="817.15" endtime="817.27">for</w>
   <w nite:id="ES2003a.B.words707" starttime="817.27" endtime="817.33">a</w>
   <w nite:id="ES2003a.B.words708" starttime="817.33" endtime="817.63">touch</w>
   <w nite:id="ES2003a.B.words709" starttime="817.63" endtime="817.91">screen</w>
   <w nite:id="ES2003a.B.words710" starttime="817.91" endtime="818.07">would</w>
   <w nite:id="ES2003a.B.words711" starttime="818.07" endtime="818.37">probably</w>
   <w nite:id="ES2003a.B.words712" starttime="818.37" endtime="818.93">be</w>
   <w nite:id="ES2003a.B.words713" starttime="818.93" endtime="819.38">possibly</w>
   <w nite:id="ES2003a.B.words714" starttime="819.38" endtime="819.49">out</w>
   <w nite:id="ES2003a.B.words715" starttime="819.49" endtime="819.61">of</w>
   <w nite:id="ES2003a.B.words716" starttime="819.61" endtime="819.89">our</w>
   <disfmarker nite:id="ES2003a.B.words717" starttime="819.89" endtime="819.89"/>
   <w nite:id="ES2003a.B.words718" starttime="819.89" endtime="821.2">yeah</w>
   <w nite:id="ES2003a.B.words719" starttime="821.2" endtime="821.2" punc="true">.</w>
   <w nite:id="ES2003a.B.words720" starttime="821.2" endtime="821.44">But</w>
   <w nite:id="ES2003a.B.words721" starttime="821.44" endtime="821.54">you</w>
   <w nite:id="ES2003a.B.words722" starttime="821.54" endtime="821.91">think</w>
   <w nite:id="ES2003a.B.words723" starttime="821.91" endtime="822.12">uh</w>
   <w nite:id="ES2003a.B.words724" starttime="822.12" endtime="822.73">again</w>
   <w nite:id="ES2003a.B.words725" starttime="822.73" endtime="823.05">something</w>
   <w nite:id="ES2003a.B.words726" starttime="823.05" endtime="823.15">to</w>
   <w nite:id="ES2003a.B.words727" starttime="823.15" endtime="823.48">control</w>
   <w nite:id="ES2003a.B.words728" starttime="823.48" endtime="823.94">multiple</w>
   <w nite:id="ES2003a.B.words729" starttime="823.94" endtime="824.35">units</w>
   <w nite:id="ES2003a.B.words730" starttime="824.35" endtime="824.44">in</w>
   <w nite:id="ES2003a.B.words731" starttime="824.44" endtime="824.76">uh</w>
   <w nite:id="ES2003a.B.words732" starttime="824.76" endtime="824.84">a</w>
   <w nite:id="ES2003a.B.words733" starttime="824.84" endtime="825.18">simple</w>
   <w nite:id="ES2003a.B.words734" starttime="825.18" endtime="825.7">fashion</w>
   <w nite:id="ES2003a.B.words735" starttime="825.7" endtime="825.7" punc="true">.</w>
   <w nite:id="ES2003a.B.words736" starttime="845.65" endtime="845.83">Would</w>
   <w nite:id="ES2003a.B.words737" starttime="845.83" endtime="845.94">the</w>
   <w nite:id="ES2003a.B.words738" starttime="845.94" endtime="846.1">the</w>
   <w nite:id="ES2003a.B.words739" starttime="846.1" endtime="846.4">idea</w>
   <w nite:id="ES2003a.B.words740" starttime="846.4" endtime="846.73">something</w>
   <w nite:id="ES2003a.B.words741" starttime="846.73" endtime="846.92">along</w>
   <w nite:id="ES2003a.B.words742" starttime="846.92" endtime="847.04">the</w>
   <w nite:id="ES2003a.B.words743" starttime="847.04" endtime="847.32">lines</w>
   <w nite:id="ES2003a.B.words744" starttime="847.32" endtime="847.8">of</w>
   <w nite:id="ES2003a.B.words745" starttime="847.8" endtime="847.8" punc="true">,</w>
   <w nite:id="ES2003a.B.words746" starttime="847.8" endtime="848.08">one</w>
   <w nite:id="ES2003a.B.words747" starttime="848.08" endtime="848.33">on</w>
   <w nite:id="ES2003a.B.words748" starttime="848.33" endtime="848.64">button</w>
   <w nite:id="ES2003a.B.words749" starttime="848.64" endtime="848.77">would</w>
   <w nite:id="ES2003a.B.words750" starttime="848.77" endtime="849.01">turn</w>
   <w nite:id="ES2003a.B.words751" starttime="849.01" endtime="849.2">on</w>
   <w nite:id="ES2003a.B.words752" starttime="849.2" endtime="849.53">say</w>
   <w nite:id="ES2003a.B.words753" starttime="849.53" endtime="849.64">the</w>
   <w nite:id="ES2003a.B.words754" starttime="849.64" endtime="849.96">video</w>
   <w nite:id="ES2003a.B.words755" starttime="849.96" endtime="850.38">recorder</w>
   <w nite:id="ES2003a.B.words756" starttime="850.38" endtime="850.38" punc="true">,</w>
   <w nite:id="ES2003a.B.words757" starttime="850.38" endtime="850.49">the</w>
   <w nite:id="ES2003a.B.words758" starttime="850.49" endtime="851.42">T_V_</w>
   <w nite:id="ES2003a.B.words759" starttime="851.42" endtime="851.42" punc="true">,</w>
   <w nite:id="ES2003a.B.words760" starttime="851.42" endtime="851.6">maybe</w>
   <w nite:id="ES2003a.B.words761" starttime="851.6" endtime="851.7">the</w>
   <w nite:id="ES2003a.B.words762" starttime="851.7" endtime="851.98">sound</w>
   <w nite:id="ES2003a.B.words763" starttime="851.98" endtime="852.34">system</w>
   <w nite:id="ES2003a.B.words764" starttime="852.34" endtime="852.43">as</w>
   <w nite:id="ES2003a.B.words765" starttime="852.43" endtime="852.67">well</w>
   <w nite:id="ES2003a.B.words766" starttime="852.67" endtime="852.67" punc="true">,</w>
   <w nite:id="ES2003a.B.words767" starttime="852.67" endtime="852.86">all</w>
   <w nite:id="ES2003a.B.words768" starttime="852.86" endtime="852.92">in</w>
   <w nite:id="ES2003a.B.words769" starttime="852.92" endtime="853.09">one</w>
   <w nite:id="ES2003a.B.words770" starttime="853.09" endtime="853.42">go</w>
   <w nite:id="ES2003a.B.words771" starttime="853.42" endtime="853.42" punc="true">,</w>
   <w nite:id="ES2003a.B.words772" starttime="853.42" endtime="853.51">is</w>
   <w nite:id="ES2003a.B.words773" starttime="853.51" endtime="853.75">that</w>
   <w nite:id="ES2003a.B.words774" starttime="853.75" endtime="854.0">kind</w>
   <w nite:id="ES2003a.B.words775" starttime="854.0" endtime="854.29">of</w>
   <disfmarker nite:id="ES2003a.B.words776" starttime="854.29" endtime="854.395"/>
   <w nite:id="ES2003a.B.words777" starttime="870.89" endtime="871.53">Okay</w>
   <w nite:id="ES2003a.B.words778" starttime="871.53" endtime="871.53" punc="true">,</w>
   <w nite:id="ES2003a.B.words779" starttime="871.53" endtime="871.78">that</w>
   <w nite:id="ES2003a.B.words780" starttime="871.78" endtime="872.02">sounds</w>
   <w nite:id="ES2003a.B.words781" starttime="872.02" endtime="872.17">like</w>
   <w nite:id="ES2003a.B.words782" starttime="872.17" endtime="872.28">a</w>
   <w nite:id="ES2003a.B.words783" starttime="872.28" endtime="873.12">a</w>
   <w nite:id="ES2003a.B.words784" starttime="873.12" endtime="873.27">good</w>
   <w nite:id="ES2003a.B.words785" starttime="873.27" endtime="873.64">strong</w>
   <w nite:id="ES2003a.B.words786" starttime="873.64" endtime="874.81">idea</w>
   <w nite:id="ES2003a.B.words787" starttime="874.81" endtime="874.81" punc="true">.</w>
   <w nite:id="ES2003a.B.words788" starttime="874.81" endtime="875.32">Um</w>
   <disfmarker nite:id="ES2003a.B.words789" starttime="875.32" endtime="875.568"/>
   <vocalsound nite:id="ES2003a.B.words790" starttime="877.152" endtime="877.152" type="other"/>
   <w nite:id="ES2003a.B.words791" starttime="877.7" endtime="878.4">Any</w>
   <w nite:id="ES2003a.B.words792" starttime="878.4" endtime="878.71">takes</w>
   <w nite:id="ES2003a.B.words793" starttime="878.71" endtime="878.77">on</w>
   <w nite:id="ES2003a.B.words794" starttime="878.77" endtime="879.72">this</w>
   <w nite:id="ES2003a.B.words795" starttime="879.72" endtime="879.72" punc="true">?</w>
   <w nite:id="ES2003a.B.words796" starttime="903.32" endtime="903.67">Okay</w>
   <w nite:id="ES2003a.B.words797" starttime="903.67" endtime="903.67" punc="true">.</w>
   <w nite:id="ES2003a.B.words798" starttime="925.19" endtime="925.56">Okay</w>
   <w nite:id="ES2003a.B.words799" starttime="925.56" endtime="925.56" punc="true">.</w>
   <w nite:id="ES2003a.B.words800" starttime="927.99" endtime="928.19">Yeah</w>
   <w nite:id="ES2003a.B.words801" starttime="928.19" endtime="928.33">I&#39;ve</w>
   <w nite:id="ES2003a.B.words802" starttime="928.33" endtime="928.54">heard</w>
   <disfmarker nite:id="ES2003a.B.words803" starttime="928.54" endtime="928.54"/>
   <w nite:id="ES2003a.B.words804" starttime="928.54" endtime="928.65">I&#39;ve</w>
   <w nite:id="ES2003a.B.words805" starttime="928.65" endtime="928.81">seen</w>
   <w nite:id="ES2003a.B.words806" starttime="928.81" endtime="928.91">the</w>
   <w nite:id="ES2003a.B.words807" starttime="928.91" endtime="929.35">bar-code</w>
   <w nite:id="ES2003a.B.words808" starttime="929.35" endtime="929.67">design</w>
   <w nite:id="ES2003a.B.words809" starttime="929.67" endtime="930.05">before</w>
   <w nite:id="ES2003a.B.words810" starttime="930.05" endtime="930.05" punc="true">,</w>
   <w nite:id="ES2003a.B.words811" starttime="930.05" endtime="930.25">yeah</w>
   <w nite:id="ES2003a.B.words812" starttime="930.25" endtime="930.25" punc="true">.</w>
   <vocalsound nite:id="ES2003a.B.words813" starttime="943.216" endtime="943.936" type="laugh"/>
   <w nite:id="ES2003a.B.words814" starttime="953.03" endtime="953.54">Okay</w>
   <w nite:id="ES2003a.B.words815" starttime="953.54" endtime="953.54" punc="true">,</w>
   <w nite:id="ES2003a.B.words816" starttime="953.54" endtime="953.76">well</w>
   <w nite:id="ES2003a.B.words817" starttime="953.76" endtime="953.87">we&#39;re</w>
   <w nite:id="ES2003a.B.words818" starttime="953.87" endtime="954.17">beginning</w>
   <w nite:id="ES2003a.B.words819" starttime="954.17" endtime="954.28">to</w>
   <w nite:id="ES2003a.B.words820" starttime="954.28" endtime="954.44">run</w>
   <w nite:id="ES2003a.B.words821" starttime="954.44" endtime="954.5">out</w>
   <w nite:id="ES2003a.B.words822" starttime="954.5" endtime="954.66">of</w>
   <w nite:id="ES2003a.B.words823" starttime="954.66" endtime="954.92">time</w>
   <w nite:id="ES2003a.B.words824" starttime="954.92" endtime="955.11">now</w>
   <w nite:id="ES2003a.B.words825" starttime="955.11" endtime="955.11" punc="true">,</w>
   <w nite:id="ES2003a.B.words826" starttime="955.11" endtime="955.48">so</w>
   <w nite:id="ES2003a.B.words827" starttime="955.48" endtime="955.48" punc="true">,</w>
   <w nite:id="ES2003a.B.words828" starttime="955.48" endtime="955.64">we&#39;ve</w>
   <w nite:id="ES2003a.B.words829" starttime="955.64" endtime="955.74">got</w>
   <w nite:id="ES2003a.B.words830" starttime="955.74" endtime="955.78">a</w>
   <w nite:id="ES2003a.B.words831" starttime="955.78" endtime="956.06">couple</w>
   <w nite:id="ES2003a.B.words832" starttime="956.06" endtime="956.16">of</w>
   <w nite:id="ES2003a.B.words833" starttime="956.16" endtime="956.58">ideas</w>
   <w nite:id="ES2003a.B.words834" starttime="956.58" endtime="956.58" punc="true">,</w>
   <w nite:id="ES2003a.B.words835" starttime="956.58" endtime="956.68">we</w>
   <w nite:id="ES2003a.B.words836" starttime="956.68" endtime="958.53">can</w>
   <disfmarker nite:id="ES2003a.B.words837" starttime="958.53" endtime="958.53"/>
   <w nite:id="ES2003a.B.words838" starttime="958.53" endtime="958.66">we&#39;ll</w>
   <w nite:id="ES2003a.B.words839" starttime="958.66" endtime="958.81">have</w>
   <w nite:id="ES2003a.B.words840" starttime="958.81" endtime="958.89">to</w>
   <w nite:id="ES2003a.B.words841" starttime="958.89" endtime="959.12">work</w>
   <w nite:id="ES2003a.B.words842" starttime="959.12" endtime="961.02">fast</w>
   <w nite:id="ES2003a.B.words843" starttime="961.02" endtime="961.02" punc="true">,</w>
   <w nite:id="ES2003a.B.words844" starttime="961.02" endtime="962.44">um</w>
   <w nite:id="ES2003a.B.words845" starttime="962.44" endtime="962.44" punc="true">,</w>
   <w nite:id="ES2003a.B.words846" starttime="962.44" endtime="962.63">alright</w>
   <w nite:id="ES2003a.B.words847" starttime="962.63" endtime="962.69">as</w>
   <w nite:id="ES2003a.B.words848" starttime="962.69" endtime="962.75">you</w>
   <w nite:id="ES2003a.B.words849" starttime="962.75" endtime="962.84">can</w>
   <w nite:id="ES2003a.B.words850" starttime="962.84" endtime="962.99">see</w>
   <w nite:id="ES2003a.B.words851" starttime="962.99" endtime="963.09">we&#39;ve</w>
   <w nite:id="ES2003a.B.words852" starttime="963.09" endtime="963.23">got</w>
   <w nite:id="ES2003a.B.words853" starttime="963.23" endtime="963.56">thirty</w>
   <w nite:id="ES2003a.B.words854" starttime="963.56" endtime="963.89">minutes</w>
   <w nite:id="ES2003a.B.words855" starttime="963.89" endtime="964.15">until</w>
   <w nite:id="ES2003a.B.words856" starttime="964.15" endtime="964.21">the</w>
   <w nite:id="ES2003a.B.words857" starttime="964.21" endtime="964.48">next</w>
   <w nite:id="ES2003a.B.words858" starttime="964.48" endtime="964.75">meeting</w>
   <w nite:id="ES2003a.B.words859" starttime="964.75" endtime="964.75" punc="true">,</w>
   <w nite:id="ES2003a.B.words860" starttime="964.75" endtime="967.0">so</w>
   <vocalsound nite:id="ES2003a.B.words861" starttime="967.0" endtime="967.0" type="other"/>
   <w nite:id="ES2003a.B.words862" starttime="967.0" endtime="967.17">we&#39;ll</w>
   <w nite:id="ES2003a.B.words863" starttime="967.17" endtime="967.35">have</w>
   <w nite:id="ES2003a.B.words864" starttime="967.35" endtime="967.61">to</w>
   <w nite:id="ES2003a.B.words865" starttime="967.61" endtime="967.81">try</w>
   <w nite:id="ES2003a.B.words866" starttime="967.81" endtime="967.9">and</w>
   <w nite:id="ES2003a.B.words867" starttime="967.9" endtime="968.33">decide</w>
   <w nite:id="ES2003a.B.words868" starttime="968.33" endtime="968.56">on</w>
   <w nite:id="ES2003a.B.words869" starttime="968.56" endtime="968.67">some</w>
   <w nite:id="ES2003a.B.words870" starttime="968.67" endtime="968.73">of</w>
   <w nite:id="ES2003a.B.words871" starttime="968.73" endtime="968.83">the</w>
   <w nite:id="ES2003a.B.words872" starttime="968.83" endtime="969.13">basic</w>
   <w nite:id="ES2003a.B.words873" starttime="969.13" endtime="970.2">functionality</w>
   <w nite:id="ES2003a.B.words874" starttime="970.2" endtime="970.2" punc="true">,</w>
   <w nite:id="ES2003a.B.words875" starttime="970.2" endtime="970.92">um</w>
   <w nite:id="ES2003a.B.words876" starttime="970.92" endtime="970.92" punc="true">,</w>
   <w nite:id="ES2003a.B.words877" starttime="970.92" endtime="971.09">how</w>
   <w nite:id="ES2003a.B.words878" starttime="971.09" endtime="971.2">the</w>
   <w nite:id="ES2003a.B.words879" starttime="971.2" endtime="971.43">user</w>
   <w nite:id="ES2003a.B.words880" starttime="971.43" endtime="971.83">interface</w>
   <w nite:id="ES2003a.B.words881" starttime="971.83" endtime="972.05">might</w>
   <w nite:id="ES2003a.B.words882" starttime="972.05" endtime="972.6">work</w>
   <w nite:id="ES2003a.B.words883" starttime="972.6" endtime="972.6" punc="true">,</w>
   <w nite:id="ES2003a.B.words884" starttime="972.6" endtime="972.94">that&#39;ll</w>
   <w nite:id="ES2003a.B.words885" starttime="972.94" endtime="973.05">be</w>
   <w nite:id="ES2003a.B.words886" starttime="973.05" endtime="973.13">a</w>
   <w nite:id="ES2003a.B.words887" starttime="973.13" endtime="973.32">key</w>
   <w nite:id="ES2003a.B.words888" starttime="973.32" endtime="973.76">aspect</w>
   <w nite:id="ES2003a.B.words889" starttime="973.76" endtime="974.24">especially</w>
   <w nite:id="ES2003a.B.words890" starttime="974.24" endtime="974.44">if</w>
   <w nite:id="ES2003a.B.words891" starttime="974.44" endtime="974.57">the</w>
   <w nite:id="ES2003a.B.words892" starttime="974.57" endtime="974.82">idea</w>
   <w nite:id="ES2003a.B.words893" starttime="974.82" endtime="975.46">of</w>
   <w nite:id="ES2003a.B.words894" starttime="975.46" endtime="976.52">um</w>
   <w nite:id="ES2003a.B.words895" starttime="976.52" endtime="976.69">some</w>
   <w nite:id="ES2003a.B.words896" starttime="976.69" endtime="976.84">kind</w>
   <w nite:id="ES2003a.B.words897" starttime="976.84" endtime="976.94">of</w>
   <w nite:id="ES2003a.B.words898" starttime="976.94" endtime="977.28">macros</w>
   <w nite:id="ES2003a.B.words899" starttime="977.28" endtime="977.86">facility</w>
   <w nite:id="ES2003a.B.words900" starttime="977.86" endtime="978.07">because</w>
   <w nite:id="ES2003a.B.words901" starttime="978.07" endtime="978.22">you</w>
   <w nite:id="ES2003a.B.words902" starttime="978.22" endtime="978.37">have</w>
   <w nite:id="ES2003a.B.words903" starttime="978.37" endtime="978.62">to</w>
   <w nite:id="ES2003a.B.words904" starttime="978.62" endtime="979.05">program</w>
   <w nite:id="ES2003a.B.words905" starttime="979.05" endtime="979.4">it</w>
   <w nite:id="ES2003a.B.words906" starttime="979.4" endtime="979.4" punc="true">,</w>
   <w nite:id="ES2003a.B.words907" starttime="979.4" endtime="979.51">you</w>
   <w nite:id="ES2003a.B.words908" starttime="979.51" endtime="979.66">have</w>
   <w nite:id="ES2003a.B.words909" starttime="979.66" endtime="979.72">to</w>
   <w nite:id="ES2003a.B.words910" starttime="979.72" endtime="979.85">have</w>
   <w nite:id="ES2003a.B.words911" starttime="979.85" endtime="979.9">a</w>
   <w nite:id="ES2003a.B.words912" starttime="979.9" endtime="980.02">lot</w>
   <w nite:id="ES2003a.B.words913" starttime="980.02" endtime="980.11">of</w>
   <w nite:id="ES2003a.B.words914" starttime="980.11" endtime="980.55">response</w>
   <w nite:id="ES2003a.B.words915" starttime="980.55" endtime="981.09">back</w>
   <w nite:id="ES2003a.B.words916" starttime="981.09" endtime="981.09" punc="true">,</w>
   <w nite:id="ES2003a.B.words917" starttime="981.09" endtime="981.24">or</w>
   <w nite:id="ES2003a.B.words918" starttime="981.24" endtime="981.35">at</w>
   <w nite:id="ES2003a.B.words919" starttime="981.35" endtime="981.5">least</w>
   <w nite:id="ES2003a.B.words920" starttime="981.5" endtime="981.67">some</w>
   <w nite:id="ES2003a.B.words921" starttime="981.67" endtime="983.25">kind</w>
   <w nite:id="ES2003a.B.words922" starttime="983.25" endtime="983.25" punc="true">.</w>
   <w nite:id="ES2003a.B.words923" starttime="983.25" endtime="983.98">Um</w>
   <disfmarker nite:id="ES2003a.B.words924" starttime="983.98" endtime="984.016"/>
   <w nite:id="ES2003a.B.words925" starttime="986.88" endtime="988.33">And</w>
   <w nite:id="ES2003a.B.words926" starttime="988.33" endtime="988.42">we&#39;re</w>
   <w nite:id="ES2003a.B.words927" starttime="988.42" endtime="988.57">gonna</w>
   <w nite:id="ES2003a.B.words928" starttime="988.57" endtime="988.8">maybe</w>
   <w nite:id="ES2003a.B.words929" starttime="988.8" endtime="989.02" trunc="true">n</w>
   <w nite:id="ES2003a.B.words930" starttime="989.02" endtime="989.26">try</w>
   <w nite:id="ES2003a.B.words931" starttime="989.26" endtime="989.53">and</w>
   <w nite:id="ES2003a.B.words932" starttime="989.53" endtime="989.69">have</w>
   <w nite:id="ES2003a.B.words933" starttime="989.69" endtime="989.79">to</w>
   <w nite:id="ES2003a.B.words934" starttime="989.79" endtime="990.06">figure</w>
   <w nite:id="ES2003a.B.words935" starttime="990.06" endtime="990.5">out</w>
   <w nite:id="ES2003a.B.words936" starttime="992.08" endtime="992.28">what</w>
   <w nite:id="ES2003a.B.words937" starttime="992.28" endtime="992.36">the</w>
   <w nite:id="ES2003a.B.words938" starttime="992.36" endtime="992.7">user</w>
   <w nite:id="ES2003a.B.words939" starttime="992.7" endtime="993.0">wants</w>
   <w nite:id="ES2003a.B.words940" starttime="993.0" endtime="993.0" punc="true">,</w>
   <w nite:id="ES2003a.B.words941" starttime="993.0" endtime="994.44">yes</w>
   <w nite:id="ES2003a.B.words942" starttime="994.44" endtime="994.44" punc="true">.</w>
   <w nite:id="ES2003a.B.words943" starttime="994.44" endtime="996.15">Um</w>
   <w nite:id="ES2003a.B.words944" starttime="996.15" endtime="996.15" punc="true">,</w>
   <w nite:id="ES2003a.B.words945" starttime="996.15" endtime="996.83">right</w>
   <w nite:id="ES2003a.B.words946" starttime="996.83" endtime="996.83" punc="true">.</w>
   <w nite:id="ES2003a.B.words947" starttime="996.83" endtime="997.12">Has</w>
   <w nite:id="ES2003a.B.words948" starttime="997.12" endtime="997.41">anybody</w>
   <w nite:id="ES2003a.B.words949" starttime="997.41" endtime="997.59">got</w>
   <w nite:id="ES2003a.B.words950" starttime="997.59" endtime="997.86">anything</w>
   <w nite:id="ES2003a.B.words951" starttime="997.86" endtime="998.04">they&#39;d</w>
   <w nite:id="ES2003a.B.words952" starttime="998.04" endtime="998.22">like</w>
   <w nite:id="ES2003a.B.words953" starttime="998.22" endtime="998.39">to</w>
   <w nite:id="ES2003a.B.words954" starttime="998.39" endtime="998.6">add</w>
   <w nite:id="ES2003a.B.words955" starttime="998.6" endtime="998.67">at</w>
   <w nite:id="ES2003a.B.words956" starttime="998.67" endtime="998.85">this</w>
   <w nite:id="ES2003a.B.words957" starttime="998.85" endtime="999.32">stage</w>
   <w nite:id="ES2003a.B.words958" starttime="999.32" endtime="999.32" punc="true">,</w>
   <w nite:id="ES2003a.B.words959" starttime="999.32" endtime="999.59">anything</w>
   <w nite:id="ES2003a.B.words960" starttime="999.59" endtime="999.69">they</w>
   <w nite:id="ES2003a.B.words961" starttime="999.69" endtime="999.88">think</w>
   <w nite:id="ES2003a.B.words962" starttime="999.88" endtime="999.98">that</w>
   <w nite:id="ES2003a.B.words963" starttime="999.98" endtime="1000.11">might</w>
   <w nite:id="ES2003a.B.words964" starttime="1000.11" endtime="1000.21">have</w>
   <w nite:id="ES2003a.B.words965" starttime="1000.21" endtime="1000.37">been</w>
   <w nite:id="ES2003a.B.words966" starttime="1000.37" endtime="1000.65">missed</w>
   <w nite:id="ES2003a.B.words967" starttime="1000.65" endtime="1000.82">so</w>
   <w nite:id="ES2003a.B.words968" starttime="1000.82" endtime="1001.2">far</w>
   <w nite:id="ES2003a.B.words969" starttime="1001.2" endtime="1001.2" punc="true">?</w>
   <w nite:id="ES2003a.B.words970" starttime="1016.96" endtime="1017.19">I</w>
   <w nite:id="ES2003a.B.words971" starttime="1017.19" endtime="1017.23">I</w>
   <w nite:id="ES2003a.B.words972" starttime="1017.23" endtime="1017.47">don&#39;t</w>
   <w nite:id="ES2003a.B.words973" starttime="1017.47" endtime="1017.6">see</w>
   <w nite:id="ES2003a.B.words974" starttime="1017.6" endtime="1017.78">why</w>
   <w nite:id="ES2003a.B.words975" starttime="1017.78" endtime="1017.99">not</w>
   <w nite:id="ES2003a.B.words976" starttime="1017.99" endtime="1017.99" punc="true">,</w>
   <w nite:id="ES2003a.B.words977" starttime="1017.99" endtime="1018.32">almost</w>
   <w nite:id="ES2003a.B.words978" starttime="1018.32" endtime="1018.68">everybody</w>
   <w nite:id="ES2003a.B.words979" starttime="1018.68" endtime="1018.81">is</w>
   <w nite:id="ES2003a.B.words980" starttime="1018.81" endtime="1019.09">probably</w>
   <w nite:id="ES2003a.B.words981" starttime="1019.09" endtime="1019.32">used</w>
   <w nite:id="ES2003a.B.words982" starttime="1019.32" endtime="1019.42">to</w>
   <w nite:id="ES2003a.B.words983" starttime="1019.42" endtime="1019.49">a</w>
   <w nite:id="ES2003a.B.words984" starttime="1019.49" endtime="1019.96">console</w>
   <w nite:id="ES2003a.B.words985" starttime="1019.96" endtime="1020.12">by</w>
   <w nite:id="ES2003a.B.words986" starttime="1020.12" endtime="1020.24">now</w>
   <w nite:id="ES2003a.B.words987" starttime="1020.24" endtime="1020.24" punc="true">,</w>
   <w nite:id="ES2003a.B.words988" starttime="1020.24" endtime="1020.53">and</w>
   <w nite:id="ES2003a.B.words989" starttime="1020.53" endtime="1020.69">all</w>
   <w nite:id="ES2003a.B.words990" starttime="1020.69" endtime="1020.79">of</w>
   <w nite:id="ES2003a.B.words991" starttime="1020.79" endtime="1020.89">them</w>
   <w nite:id="ES2003a.B.words992" starttime="1020.89" endtime="1021.38">incorporate</w>
   <w nite:id="ES2003a.B.words993" starttime="1021.38" endtime="1022.26">small</w>
   <w nite:id="ES2003a.B.words994" starttime="1022.26" endtime="1022.76">keypads</w>
   <w nite:id="ES2003a.B.words995" starttime="1022.76" endtime="1022.83">on</w>
   <w nite:id="ES2003a.B.words996" starttime="1022.83" endtime="1023.29">them</w>
   <w nite:id="ES2003a.B.words997" starttime="1023.29" endtime="1023.29" punc="true">,</w>
   <w nite:id="ES2003a.B.words998" starttime="1023.29" endtime="1023.41">in</w>
   <w nite:id="ES2003a.B.words999" starttime="1023.41" endtime="1023.73">fact</w>
   <w nite:id="ES2003a.B.words1000" starttime="1023.73" endtime="1023.88">even</w>
   <w nite:id="ES2003a.B.words1001" starttime="1023.88" endtime="1023.97">the</w>
   <w nite:id="ES2003a.B.words1002" starttime="1023.97" endtime="1024.29">mobile</w>
   <w nite:id="ES2003a.B.words1003" starttime="1024.29" endtime="1024.59">phones</w>
   <w nite:id="ES2003a.B.words1004" starttime="1024.59" endtime="1024.73">these</w>
   <w nite:id="ES2003a.B.words1005" starttime="1024.73" endtime="1024.95">days</w>
   <w nite:id="ES2003a.B.words1006" starttime="1024.95" endtime="1025.01">are</w>
   <w nite:id="ES2003a.B.words1007" starttime="1025.01" endtime="1025.34">beginning</w>
   <w nite:id="ES2003a.B.words1008" starttime="1025.34" endtime="1025.46">to</w>
   <w nite:id="ES2003a.B.words1009" starttime="1025.46" endtime="1025.6">use</w>
   <w nite:id="ES2003a.B.words1010" starttime="1025.6" endtime="1025.74">them</w>
   <w nite:id="ES2003a.B.words1011" starttime="1025.74" endtime="1025.85">as</w>
   <w nite:id="ES2003a.B.words1012" starttime="1025.85" endtime="1026.12">well</w>
   <w nite:id="ES2003a.B.words1013" starttime="1026.12" endtime="1026.12" punc="true">,</w>
   <w nite:id="ES2003a.B.words1014" starttime="1026.12" endtime="1026.87">so</w>
   <w nite:id="ES2003a.B.words1015" starttime="1026.87" endtime="1027.01">it&#39;s</w>
   <w nite:id="ES2003a.B.words1016" starttime="1027.01" endtime="1027.34">probably</w>
   <w nite:id="ES2003a.B.words1017" starttime="1027.34" endtime="1027.53">an</w>
   <w nite:id="ES2003a.B.words1018" starttime="1027.53" endtime="1028.0">interface</w>
   <w nite:id="ES2003a.B.words1019" starttime="1028.0" endtime="1028.09">that</w>
   <w nite:id="ES2003a.B.words1020" starttime="1028.09" endtime="1028.3">most</w>
   <w nite:id="ES2003a.B.words1021" starttime="1028.3" endtime="1028.58">people</w>
   <w nite:id="ES2003a.B.words1022" starttime="1028.58" endtime="1028.64">are</w>
   <w nite:id="ES2003a.B.words1023" starttime="1028.64" endtime="1028.84">used</w>
   <w nite:id="ES2003a.B.words1024" starttime="1028.84" endtime="1030.74">to</w>
   <w nite:id="ES2003a.B.words1025" starttime="1030.74" endtime="1030.74" punc="true">.</w>
   <w nite:id="ES2003a.B.words1026" starttime="1030.74" endtime="1031.32">Um</w>
   <w nite:id="ES2003a.B.words1027" starttime="1033.18" endtime="1033.31">and</w>
   <w nite:id="ES2003a.B.words1028" starttime="1033.31" endtime="1033.49">that</w>
   <w nite:id="ES2003a.B.words1029" starttime="1033.49" endtime="1033.62">could</w>
   <w nite:id="ES2003a.B.words1030" starttime="1033.62" endtime="1034.58">allow</w>
   <w nite:id="ES2003a.B.words1031" starttime="1034.58" endtime="1034.88" trunc="true">n</w>
   <w nite:id="ES2003a.B.words1032" starttime="1034.88" endtime="1035.08">easy</w>
   <w nite:id="ES2003a.B.words1033" starttime="1035.08" endtime="1036.4">navigation</w>
   <w nite:id="ES2003a.B.words1034" starttime="1036.4" endtime="1036.4" punc="true">,</w>
   <w nite:id="ES2003a.B.words1035" starttime="1036.4" endtime="1036.67">used</w>
   <w nite:id="ES2003a.B.words1036" starttime="1036.67" endtime="1036.84">as</w>
   <w nite:id="ES2003a.B.words1037" starttime="1036.84" endtime="1036.88">a</w>
   <w nite:id="ES2003a.B.words1038" starttime="1036.88" endtime="1037.31">joystick</w>
   <w nite:id="ES2003a.B.words1039" starttime="1037.31" endtime="1037.42">as</w>
   <w nite:id="ES2003a.B.words1040" starttime="1037.42" endtime="1037.74">well</w>
   <w nite:id="ES2003a.B.words1041" starttime="1037.74" endtime="1037.74" punc="true">.</w>
   <w nite:id="ES2003a.B.words1042" starttime="1072.5" endtime="1072.89">Okay</w>
   <w nite:id="ES2003a.B.words1043" starttime="1072.89" endtime="1072.89" punc="true">.</w>
   <w nite:id="ES2003a.B.words1044" starttime="1075.58" endtime="1077.06">So</w>
   <w nite:id="ES2003a.B.words1045" starttime="1077.06" endtime="1077.06" punc="true">,</w>
   <w nite:id="ES2003a.B.words1046" starttime="1077.06" endtime="1077.48">small</w>
   <w nite:id="ES2003a.B.words1047" starttime="1077.48" endtime="1077.48" punc="true">,</w>
   <w nite:id="ES2003a.B.words1048" starttime="1077.48" endtime="1079.36">stylish</w>
   <w nite:id="ES2003a.B.words1049" starttime="1079.36" endtime="1079.36" punc="true">,</w>
   <w nite:id="ES2003a.B.words1050" starttime="1079.36" endtime="1079.6">and</w>
   <w nite:id="ES2003a.B.words1051" starttime="1079.6" endtime="1079.88">something</w>
   <w nite:id="ES2003a.B.words1052" starttime="1079.88" endtime="1080.22" mispronounced="true">that&#39;s</w>
   <w nite:id="ES2003a.B.words1053" starttime="1080.22" endtime="1080.42">just</w>
   <w nite:id="ES2003a.B.words1054" starttime="1080.42" endtime="1080.5">a</w>
   <w nite:id="ES2003a.B.words1055" starttime="1080.5" endtime="1080.85">little</w>
   <w nite:id="ES2003a.B.words1056" starttime="1080.85" endtime="1081.24">different</w>
   <w nite:id="ES2003a.B.words1057" starttime="1081.24" endtime="1081.24" punc="true">.</w>
   <w nite:id="ES2003a.B.words1058" starttime="1088.53" endtime="1089.74">Okay</w>
   <w nite:id="ES2003a.B.words1059" starttime="1089.74" endtime="1089.74" punc="true">.</w>
   <w nite:id="ES2003a.B.words1060" starttime="1089.74" endtime="1089.98">That&#39;s</w>
   <w nite:id="ES2003a.B.words1061" starttime="1089.98" endtime="1090.3">definitely</w>
   <w nite:id="ES2003a.B.words1062" starttime="1090.3" endtime="1090.62">something</w>
   <w nite:id="ES2003a.B.words1063" starttime="1090.62" endtime="1090.74">that</w>
   <w nite:id="ES2003a.B.words1064" starttime="1090.74" endtime="1090.82">we</w>
   <w nite:id="ES2003a.B.words1065" starttime="1090.82" endtime="1091.01">should</w>
   <w nite:id="ES2003a.B.words1066" starttime="1091.01" endtime="1091.09">be</w>
   <w nite:id="ES2003a.B.words1067" starttime="1091.09" endtime="1091.28">able</w>
   <w nite:id="ES2003a.B.words1068" starttime="1091.28" endtime="1091.4">to</w>
   <w nite:id="ES2003a.B.words1069" starttime="1091.4" endtime="1091.59">do</w>
   <w nite:id="ES2003a.B.words1070" starttime="1091.59" endtime="1091.84">quite</w>
   <w nite:id="ES2003a.B.words1071" starttime="1091.84" endtime="1092.2">easily</w>
   <w nite:id="ES2003a.B.words1072" starttime="1092.2" endtime="1092.2" punc="true">.</w>
   <w nite:id="ES2003a.B.words1073" starttime="1093.27" endtime="1093.37">I</w>
   <w nite:id="ES2003a.B.words1074" starttime="1093.37" endtime="1093.55">would</w>
   <w nite:id="ES2003a.B.words1075" starttime="1093.55" endtime="1093.59">I</w>
   <w nite:id="ES2003a.B.words1076" starttime="1093.59" endtime="1093.75">would</w>
   <w nite:id="ES2003a.B.words1077" starttime="1093.75" endtime="1093.85">have</w>
   <w nite:id="ES2003a.B.words1078" starttime="1093.85" endtime="1094.11">hoped</w>
   <w nite:id="ES2003a.B.words1079" starttime="1094.11" endtime="1094.29">so</w>
   <w nite:id="ES2003a.B.words1080" starttime="1094.29" endtime="1095.67">anyway</w>
   <w nite:id="ES2003a.B.words1081" starttime="1095.67" endtime="1095.67" punc="true">.</w>
   <w nite:id="ES2003a.B.words1082" starttime="1095.67" endtime="1096.41">Um</w>
   <w nite:id="ES2003a.B.words1083" starttime="1096.41" endtime="1096.41" punc="true">,</w>
   <w nite:id="ES2003a.B.words1084" starttime="1096.41" endtime="1096.92">right</w>
   <w nite:id="ES2003a.B.words1085" starttime="1096.92" endtime="1096.92" punc="true">.</w>
   <w nite:id="ES2003a.B.words1086" starttime="1100.31" endtime="1100.53">I&#39;d</w>
   <w nite:id="ES2003a.B.words1087" starttime="1100.53" endtime="1100.81">say</w>
   <w nite:id="ES2003a.B.words1088" starttime="1100.81" endtime="1101.77">we</w>
   <w nite:id="ES2003a.B.words1089" starttime="1101.77" endtime="1102.12">finish</w>
   <w nite:id="ES2003a.B.words1090" starttime="1102.12" endtime="1102.33">this</w>
   <w nite:id="ES2003a.B.words1091" starttime="1102.33" endtime="1102.48">one</w>
   <w nite:id="ES2003a.B.words1092" starttime="1102.48" endtime="1102.71">up</w>
   <w nite:id="ES2003a.B.words1093" starttime="1102.71" endtime="1102.71" punc="true">,</w>
   <w nite:id="ES2003a.B.words1094" starttime="1102.71" endtime="1102.77">we</w>
   <w nite:id="ES2003a.B.words1095" starttime="1102.77" endtime="1102.9">get</w>
   <w nite:id="ES2003a.B.words1096" starttime="1102.9" endtime="1103.35">started</w>
   <w nite:id="ES2003a.B.words1097" starttime="1103.35" endtime="1103.35" punc="true">,</w>
   <w nite:id="ES2003a.B.words1098" starttime="1103.35" endtime="1103.44">I&#39;ll</w>
   <w nite:id="ES2003a.B.words1099" starttime="1103.44" endtime="1103.58">get</w>
   <w nite:id="ES2003a.B.words1100" starttime="1103.58" endtime="1104.2">in</w>
   <w nite:id="ES2003a.B.words1101" starttime="1104.2" endtime="1104.2" punc="true">,</w>
   <w nite:id="ES2003a.B.words1102" starttime="1104.2" endtime="1104.44">I&#39;ll</w>
   <w nite:id="ES2003a.B.words1103" starttime="1104.44" endtime="1104.66">write</w>
   <w nite:id="ES2003a.B.words1104" starttime="1104.66" endtime="1104.72">up</w>
   <w nite:id="ES2003a.B.words1105" starttime="1104.72" endtime="1104.88">what</w>
   <w nite:id="ES2003a.B.words1106" starttime="1104.88" endtime="1105.14">we&#39;ve</w>
   <w nite:id="ES2003a.B.words1107" starttime="1105.14" endtime="1106.48">um</w>
   <w nite:id="ES2003a.B.words1108" starttime="1106.48" endtime="1106.64">kind</w>
   <w nite:id="ES2003a.B.words1109" starttime="1106.64" endtime="1106.78">of</w>
   <w nite:id="ES2003a.B.words1110" starttime="1106.78" endtime="1107.1">quickly</w>
   <w nite:id="ES2003a.B.words1111" starttime="1107.1" endtime="1107.94">done</w>
   <w nite:id="ES2003a.B.words1112" starttime="1107.94" endtime="1107.94" punc="true">,</w>
   <w nite:id="ES2003a.B.words1113" starttime="1107.94" endtime="1108.05">and</w>
   <w nite:id="ES2003a.B.words1114" starttime="1108.05" endtime="1108.15">I&#39;ll</w>
   <w nite:id="ES2003a.B.words1115" starttime="1108.15" endtime="1108.29">get</w>
   <w nite:id="ES2003a.B.words1116" starttime="1108.29" endtime="1108.41">that</w>
   <w nite:id="ES2003a.B.words1117" starttime="1108.41" endtime="1108.56">out</w>
   <w nite:id="ES2003a.B.words1118" starttime="1108.56" endtime="1108.67">to</w>
   <w nite:id="ES2003a.B.words1119" starttime="1108.67" endtime="1109.16">everybody</w>
   <w nite:id="ES2003a.B.words1120" starttime="1109.16" endtime="1109.16" punc="true">.</w>
   <w nite:id="ES2003a.B.words1121" starttime="1110.46" endtime="1111.74">Yeah</w>
   <w nite:id="ES2003a.B.words1122" starttime="1111.74" endtime="1111.74" punc="true">?</w>
   <w nite:id="ES2003a.B.words1123" starttime="1111.74" endtime="1112.12">Okay</w>
   <w nite:id="ES2003a.B.words1124" starttime="1112.12" endtime="1112.12" punc="true">.</w>
   <vocalsound nite:id="ES2003a.B.words1125" starttime="1115.712" endtime="1116.992" type="laugh"/>
   <w nite:id="ES2003a.B.words1126" starttime="1118.69" endtime="1119.13">Um</w>
   <w nite:id="ES2003a.B.words1127" starttime="1119.13" endtime="1119.13" punc="true">,</w>
   <w nite:id="ES2003a.B.words1128" starttime="1119.13" endtime="1119.34">as</w>
   <w nite:id="ES2003a.B.words1129" starttime="1119.34" endtime="1119.87">far</w>
   <w nite:id="ES2003a.B.words1130" starttime="1119.87" endtime="1119.96">as</w>
   <w nite:id="ES2003a.B.words1131" starttime="1119.96" endtime="1120.05">I&#39;m</w>
   <w nite:id="ES2003a.B.words1132" starttime="1120.05" endtime="1120.44">aware</w>
   <w nite:id="ES2003a.B.words1133" starttime="1120.44" endtime="1120.6">we</w>
   <w nite:id="ES2003a.B.words1134" starttime="1120.6" endtime="1120.85">leave</w>
   <w nite:id="ES2003a.B.words1135" starttime="1120.85" endtime="1120.92">the</w>
   <w nite:id="ES2003a.B.words1136" starttime="1120.92" endtime="1121.73">microphones</w>
   <w nite:id="ES2003a.B.words1137" starttime="1121.73" endtime="1122.64">here</w>
   <w nite:id="ES2003a.B.words1138" starttime="1122.64" endtime="1122.64" punc="true">,</w>
   <w nite:id="ES2003a.B.words1139" starttime="1122.64" endtime="1123.62">um</w>
   <w nite:id="ES2003a.B.words1140" starttime="1123.62" endtime="1123.89">unless</w>
   <w nite:id="ES2003a.B.words1141" starttime="1123.89" endtime="1123.97">we</w>
   <w nite:id="ES2003a.B.words1142" starttime="1123.97" endtime="1124.07">get</w>
   <w nite:id="ES2003a.B.words1143" starttime="1124.07" endtime="1124.3">told</w>
   <w nite:id="ES2003a.B.words1144" starttime="1124.3" endtime="1124.76">otherwise</w>
   <w nite:id="ES2003a.B.words1145" starttime="1124.76" endtime="1124.76" punc="true">,</w>
   <w nite:id="ES2003a.B.words1146" starttime="1124.76" endtime="1125.68">and</w>
   <w nite:id="ES2003a.B.words1147" starttime="1125.68" endtime="1125.84">just</w>
   <w nite:id="ES2003a.B.words1148" starttime="1125.84" endtime="1125.95">take</w>
   <w nite:id="ES2003a.B.words1149" starttime="1125.95" endtime="1126.04">the</w>
   <w nite:id="ES2003a.B.words1150" starttime="1126.04" endtime="1126.4">laptops</w>
   <w nite:id="ES2003a.B.words1151" starttime="1126.4" endtime="1126.51">with</w>
   <w nite:id="ES2003a.B.words1152" starttime="1126.51" endtime="1126.69">us</w>
   <w nite:id="ES2003a.B.words1153" starttime="1126.69" endtime="1126.69" punc="true">.</w>
</nite:root>