<?xml version="1.0" encoding="ISO-8859-1" standalone="yes"?>
<nite:root nite:id="ES2003a.A.words" xmlns:nite="http://nite.sourceforge.net/">
   <w nite:id="ES2003a.A.words0" starttime="49.38" endtime="49.98">Uh</w>
   <w nite:id="ES2003a.A.words1" starttime="49.98" endtime="49.98" punc="true">,</w>
   <w nite:id="ES2003a.A.words2" starttime="49.98" endtime="50.21">Dave</w>
   <w nite:id="ES2003a.A.words3" starttime="50.21" endtime="50.77">Cochrane</w>
   <w nite:id="ES2003a.A.words4" starttime="50.77" endtime="50.77" punc="true">.</w>
   <w nite:id="ES2003a.A.words5" starttime="54.24" endtime="54.59">User</w>
   <w nite:id="ES2003a.A.words6" starttime="54.59" endtime="54.94">Interface</w>
   <w nite:id="ES2003a.A.words7" starttime="54.94" endtime="55.31" trunc="true">Defin</w>
   <w nite:id="ES2003a.A.words8" starttime="55.31" endtime="55.69">Designer</w>
   <w nite:id="ES2003a.A.words9" starttime="55.69" endtime="55.69" punc="true">,</w>
   <w nite:id="ES2003a.A.words10" starttime="55.69" endtime="56.06">yes</w>
   <w nite:id="ES2003a.A.words11" starttime="56.06" endtime="56.06" punc="true">.</w>
   <w nite:id="ES2003a.A.words12" starttime="439.24" endtime="439.79">Um</w>
   <disfmarker nite:id="ES2003a.A.words13" starttime="439.79" endtime="440.272"/>
   <vocalsound nite:id="ES2003a.A.words14" starttime="441.233" endtime="442.112" type="other"/>
   <w nite:id="ES2003a.A.words15" starttime="561.23" endtime="561.87">Um</w>
   <w nite:id="ES2003a.A.words16" starttime="561.87" endtime="561.87" punc="true">,</w>
   <w nite:id="ES2003a.A.words17" starttime="561.87" endtime="562.0">the</w>
   <w nite:id="ES2003a.A.words18" starttime="562.0" endtime="563.3">monkey</w>
   <w nite:id="ES2003a.A.words19" starttime="563.3" endtime="563.3" punc="true">,</w>
   <w nite:id="ES2003a.A.words20" starttime="563.3" endtime="564.21">um</w>
   <w nite:id="ES2003a.A.words21" starttime="564.21" endtime="564.21" punc="true">.</w>
   <w nite:id="ES2003a.A.words22" starttime="564.21" endtime="564.28">The</w>
   <w nite:id="ES2003a.A.words23" starttime="564.28" endtime="564.4">one</w>
   <w nite:id="ES2003a.A.words24" starttime="564.4" endtime="564.46" trunc="true">f</w>
   <w nite:id="ES2003a.A.words25" starttime="564.46" endtime="565.58">uh</w>
   <disfmarker nite:id="ES2003a.A.words26" starttime="565.58" endtime="565.58"/>
   <w nite:id="ES2003a.A.words27" starttime="565.58" endtime="565.67">in</w>
   <w nite:id="ES2003a.A.words28" starttime="565.67" endtime="565.88">fact</w>
   <w nite:id="ES2003a.A.words29" starttime="565.88" endtime="566.5">this</w>
   <w nite:id="ES2003a.A.words30" starttime="566.5" endtime="566.61">is</w>
   <w nite:id="ES2003a.A.words31" starttime="566.61" endtime="567.04">a</w>
   <gap nite:id="ES2003a.A.words32" starttime="567.04" endtime="567.04"/>
   <w nite:id="ES2003a.A.words33" starttime="567.04" endtime="567.29">somewhat</w>
   <w nite:id="ES2003a.A.words34" starttime="567.29" endtime="567.56">oblique</w>
   <w nite:id="ES2003a.A.words35" starttime="567.56" endtime="567.88">reference</w>
   <w nite:id="ES2003a.A.words36" starttime="567.88" endtime="567.97">in</w>
   <w nite:id="ES2003a.A.words37" starttime="567.97" endtime="568.32">fact</w>
   <w nite:id="ES2003a.A.words38" starttime="568.32" endtime="568.6">to</w>
   <w nite:id="ES2003a.A.words39" starttime="568.6" endtime="569.2">uh</w>
   <disfmarker nite:id="ES2003a.A.words40" starttime="569.2" endtime="569.2"/>
   <w nite:id="ES2003a.A.words41" starttime="569.2" endtime="569.35">well</w>
   <w nite:id="ES2003a.A.words42" starttime="569.35" endtime="570.14">my</w>
   <disfmarker nite:id="ES2003a.A.words43" starttime="570.14" endtime="570.14"/>
   <w nite:id="ES2003a.A.words44" starttime="570.14" endtime="570.23">I</w>
   <w nite:id="ES2003a.A.words45" starttime="570.23" endtime="570.35">have</w>
   <w nite:id="ES2003a.A.words46" starttime="570.35" endtime="570.42">a</w>
   <w nite:id="ES2003a.A.words47" starttime="570.42" endtime="570.87">three</w>
   <w nite:id="ES2003a.A.words48" starttime="570.87" endtime="570.95">uh</w>
   <w nite:id="ES2003a.A.words49" starttime="570.95" endtime="571.13">three</w>
   <w nite:id="ES2003a.A.words50" starttime="571.13" endtime="571.16" trunc="true">y</w>
   <w nite:id="ES2003a.A.words51" starttime="571.16" endtime="571.35">year</w>
   <w nite:id="ES2003a.A.words52" starttime="571.35" endtime="571.57">old</w>
   <w nite:id="ES2003a.A.words53" starttime="571.57" endtime="571.9">daughter</w>
   <w nite:id="ES2003a.A.words54" starttime="571.9" endtime="572.15">who</w>
   <w nite:id="ES2003a.A.words55" starttime="572.15" endtime="572.2" trunc="true">h</w>
   <w nite:id="ES2003a.A.words56" starttime="572.2" endtime="572.4">who</w>
   <w nite:id="ES2003a.A.words57" starttime="572.4" endtime="572.79">who</w>
   <w nite:id="ES2003a.A.words58" starttime="572.79" endtime="572.89">who</w>
   <w nite:id="ES2003a.A.words59" starttime="572.89" endtime="573.21">is</w>
   <w nite:id="ES2003a.A.words60" starttime="573.21" endtime="573.79">affectionately</w>
   <w nite:id="ES2003a.A.words61" starttime="573.79" endtime="573.97">known</w>
   <w nite:id="ES2003a.A.words62" starttime="573.97" endtime="574.1">as</w>
   <w nite:id="ES2003a.A.words63" starttime="574.1" endtime="574.39">Miss</w>
   <w nite:id="ES2003a.A.words64" starttime="574.39" endtime="575.35">Monkey</w>
   <w nite:id="ES2003a.A.words65" starttime="575.35" endtime="575.35" punc="true">.</w>
   <w nite:id="ES2003a.A.words66" starttime="575.35" endtime="576.15">Um</w>
   <w nite:id="ES2003a.A.words67" starttime="576.15" endtime="576.15" punc="true">,</w>
   <w nite:id="ES2003a.A.words68" starttime="576.15" endtime="576.51">monkeys</w>
   <w nite:id="ES2003a.A.words69" starttime="576.51" endtime="576.65">have</w>
   <w nite:id="ES2003a.A.words70" starttime="576.65" endtime="577.97">attitude</w>
   <w nite:id="ES2003a.A.words71" starttime="577.97" endtime="577.97" punc="true">.</w>
   <w nite:id="ES2003a.A.words72" starttime="577.97" endtime="578.11">Which</w>
   <w nite:id="ES2003a.A.words73" starttime="578.11" endtime="578.15">I</w>
   <w nite:id="ES2003a.A.words74" starttime="578.15" endtime="578.34">think</w>
   <w nite:id="ES2003a.A.words75" starttime="578.34" endtime="578.45">is</w>
   <w nite:id="ES2003a.A.words76" starttime="578.45" endtime="578.53">a</w>
   <w nite:id="ES2003a.A.words77" starttime="578.53" endtime="578.76">good</w>
   <w nite:id="ES2003a.A.words78" starttime="578.76" endtime="579.51">thing</w>
   <w nite:id="ES2003a.A.words79" starttime="579.51" endtime="579.51" punc="true">.</w>
   <w nite:id="ES2003a.A.words80" starttime="579.51" endtime="580.85">And</w>
   <w nite:id="ES2003a.A.words81" starttime="580.85" endtime="580.97">I</w>
   <w nite:id="ES2003a.A.words82" starttime="580.97" endtime="581.07">mean</w>
   <w nite:id="ES2003a.A.words83" starttime="581.07" endtime="582.04" trunc="true">fr</w>
   <vocalsound nite:id="ES2003a.A.words84" starttime="582.04" endtime="582.04" type="other"/>
   <w nite:id="ES2003a.A.words85" starttime="582.04" endtime="582.21">and</w>
   <w nite:id="ES2003a.A.words86" starttime="582.21" endtime="582.55">from</w>
   <w nite:id="ES2003a.A.words87" starttime="582.55" endtime="582.8">uh</w>
   <w nite:id="ES2003a.A.words88" starttime="582.8" endtime="582.95">from</w>
   <w nite:id="ES2003a.A.words89" starttime="582.95" endtime="583.01">the</w>
   <w nite:id="ES2003a.A.words90" starttime="583.01" endtime="583.19">point</w>
   <w nite:id="ES2003a.A.words91" starttime="583.19" endtime="583.25">of</w>
   <w nite:id="ES2003a.A.words92" starttime="583.25" endtime="583.38">view</w>
   <w nite:id="ES2003a.A.words93" starttime="583.38" endtime="583.45">of</w>
   <w nite:id="ES2003a.A.words94" starttime="583.45" endtime="583.57">sort</w>
   <w nite:id="ES2003a.A.words95" starttime="583.57" endtime="583.64">of</w>
   <w nite:id="ES2003a.A.words96" starttime="583.64" endtime="583.7">the</w>
   <w nite:id="ES2003a.A.words97" starttime="583.7" endtime="584.0">study</w>
   <w nite:id="ES2003a.A.words98" starttime="584.0" endtime="584.37">of</w>
   <w nite:id="ES2003a.A.words99" starttime="584.37" endtime="584.75">human</w>
   <w nite:id="ES2003a.A.words100" starttime="584.75" endtime="585.6">evolution</w>
   <w nite:id="ES2003a.A.words101" starttime="585.6" endtime="585.76">they</w>
   <w nite:id="ES2003a.A.words102" starttime="585.76" endtime="585.91">and</w>
   <w nite:id="ES2003a.A.words103" starttime="585.91" endtime="586.07">other</w>
   <w nite:id="ES2003a.A.words104" starttime="586.07" endtime="586.53">primates</w>
   <w nite:id="ES2003a.A.words105" starttime="586.53" endtime="586.78">are</w>
   <w nite:id="ES2003a.A.words106" starttime="586.78" endtime="587.26">terribly</w>
   <w nite:id="ES2003a.A.words107" starttime="587.26" endtime="588.74">interesting</w>
   <w nite:id="ES2003a.A.words108" starttime="588.74" endtime="588.74" punc="true">.</w>
   <w nite:id="ES2003a.A.words109" starttime="588.74" endtime="590.31">Um</w>
   <w nite:id="ES2003a.A.words110" starttime="590.31" endtime="590.31" punc="true">,</w>
   <w nite:id="ES2003a.A.words111" starttime="590.31" endtime="590.78">so</w>
   <w nite:id="ES2003a.A.words112" starttime="590.78" endtime="590.92">I</w>
   <w nite:id="ES2003a.A.words113" starttime="590.92" endtime="591.16">like</w>
   <w nite:id="ES2003a.A.words114" starttime="591.16" endtime="592.69">monkeys</w>
   <w nite:id="ES2003a.A.words115" starttime="592.69" endtime="592.69" punc="true">.</w>
   <w nite:id="ES2003a.A.words116" starttime="592.69" endtime="593.99">And</w>
   <w nite:id="ES2003a.A.words117" starttime="593.99" endtime="594.27">and</w>
   <w nite:id="ES2003a.A.words118" starttime="594.27" endtime="594.58" trunc="true">th</w>
   <w nite:id="ES2003a.A.words119" starttime="594.58" endtime="594.78" trunc="true">th</w>
   <w nite:id="ES2003a.A.words120" starttime="594.78" endtime="594.91" trunc="true">th</w>
   <w nite:id="ES2003a.A.words121" starttime="594.91" endtime="595.03" trunc="true">th</w>
   <w nite:id="ES2003a.A.words122" starttime="595.03" endtime="595.18" trunc="true">thi</w>
   <w nite:id="ES2003a.A.words123" starttime="595.18" endtime="595.29" trunc="true">thi</w>
   <w nite:id="ES2003a.A.words124" starttime="595.29" endtime="595.45">this</w>
   <w nite:id="ES2003a.A.words125" starttime="595.45" endtime="595.57">one</w>
   <w nite:id="ES2003a.A.words126" starttime="595.57" endtime="595.79">seems</w>
   <w nite:id="ES2003a.A.words127" starttime="595.79" endtime="595.86">to</w>
   <w nite:id="ES2003a.A.words128" starttime="595.86" endtime="596.42">have</w>
   <w nite:id="ES2003a.A.words129" starttime="596.42" endtime="596.72">perhaps</w>
   <w nite:id="ES2003a.A.words130" starttime="596.72" endtime="596.92">more</w>
   <w nite:id="ES2003a.A.words131" starttime="596.92" endtime="597.33">attitude</w>
   <w nite:id="ES2003a.A.words132" starttime="597.33" endtime="597.49">than</w>
   <w nite:id="ES2003a.A.words133" starttime="597.49" endtime="597.92">most</w>
   <w nite:id="ES2003a.A.words134" starttime="597.92" endtime="597.92" punc="true">.</w>
   <w nite:id="ES2003a.A.words135" starttime="736.97" endtime="738.58">Well</w>
   <w nite:id="ES2003a.A.words136" starttime="738.58" endtime="738.58" punc="true">,</w>
   <w nite:id="ES2003a.A.words137" starttime="738.58" endtime="738.68">one</w>
   <w nite:id="ES2003a.A.words138" starttime="738.68" endtime="738.88">thing</w>
   <w nite:id="ES2003a.A.words139" starttime="738.88" endtime="739.01">I&#39;m</w>
   <w nite:id="ES2003a.A.words140" starttime="739.01" endtime="739.33">aware</w>
   <w nite:id="ES2003a.A.words141" starttime="739.33" endtime="739.42">of</w>
   <w nite:id="ES2003a.A.words142" starttime="739.42" endtime="739.64">is</w>
   <w nite:id="ES2003a.A.words143" starttime="739.64" endtime="739.64" punc="true">,</w>
   <w nite:id="ES2003a.A.words144" starttime="739.64" endtime="739.8" trunc="true">th</w>
   <w nite:id="ES2003a.A.words145" starttime="739.8" endtime="740.88">there</w>
   <w nite:id="ES2003a.A.words146" starttime="740.88" endtime="740.99">uh</w>
   <w nite:id="ES2003a.A.words147" starttime="740.99" endtime="741.67">um</w>
   <w nite:id="ES2003a.A.words148" starttime="741.67" endtime="741.78">at</w>
   <w nite:id="ES2003a.A.words149" starttime="741.78" endtime="741.86">the</w>
   <w nite:id="ES2003a.A.words150" starttime="741.86" endtime="742.14">sort</w>
   <w nite:id="ES2003a.A.words151" starttime="742.14" endtime="742.21">of</w>
   <w nite:id="ES2003a.A.words152" starttime="742.21" endtime="742.24" trunc="true">v</w>
   <w nite:id="ES2003a.A.words153" starttime="742.24" endtime="742.46">very</w>
   <w nite:id="ES2003a.A.words154" starttime="742.46" endtime="742.71">high</w>
   <w nite:id="ES2003a.A.words155" starttime="742.71" endtime="743.05">price</w>
   <w nite:id="ES2003a.A.words156" starttime="743.05" endtime="743.23">end</w>
   <w nite:id="ES2003a.A.words157" starttime="743.23" endtime="743.32">of</w>
   <w nite:id="ES2003a.A.words158" starttime="743.32" endtime="743.39">the</w>
   <w nite:id="ES2003a.A.words159" starttime="743.39" endtime="743.87">market</w>
   <w nite:id="ES2003a.A.words160" starttime="743.87" endtime="744.94">there&#39;s</w>
   <w nite:id="ES2003a.A.words161" starttime="744.94" endtime="745.1">there&#39;s</w>
   <w nite:id="ES2003a.A.words162" starttime="745.1" endtime="745.2">a</w>
   <w nite:id="ES2003a.A.words163" starttime="745.2" endtime="745.34" trunc="true">em</w>
   <w nite:id="ES2003a.A.words164" starttime="745.34" endtime="745.79">emerging</w>
   <w nite:id="ES2003a.A.words165" starttime="745.79" endtime="746.06">market</w>
   <w nite:id="ES2003a.A.words166" starttime="746.06" endtime="746.16">for</w>
   <w nite:id="ES2003a.A.words167" starttime="746.16" endtime="746.37">sort</w>
   <w nite:id="ES2003a.A.words168" starttime="746.37" endtime="746.46">of</w>
   <w nite:id="ES2003a.A.words169" starttime="746.46" endtime="746.7">touch</w>
   <w nite:id="ES2003a.A.words170" starttime="746.7" endtime="747.69">screen</w>
   <w nite:id="ES2003a.A.words171" starttime="747.69" endtime="748.28">L_C_D_</w>
   <w nite:id="ES2003a.A.words172" starttime="748.28" endtime="749.41">remotes</w>
   <w nite:id="ES2003a.A.words173" starttime="749.41" endtime="749.55">that</w>
   <w nite:id="ES2003a.A.words174" starttime="749.55" endtime="749.71">can</w>
   <w nite:id="ES2003a.A.words175" starttime="749.71" endtime="750.15">be</w>
   <w nite:id="ES2003a.A.words176" starttime="750.15" endtime="750.28">uh</w>
   <w nite:id="ES2003a.A.words177" starttime="750.28" endtime="750.88">programmed</w>
   <w nite:id="ES2003a.A.words178" starttime="750.88" endtime="751.97">in</w>
   <w nite:id="ES2003a.A.words179" starttime="751.97" endtime="752.06" trunc="true">m</w>
   <w nite:id="ES2003a.A.words180" starttime="752.06" endtime="752.42">much</w>
   <w nite:id="ES2003a.A.words181" starttime="752.42" endtime="752.57">more</w>
   <w nite:id="ES2003a.A.words182" starttime="752.57" endtime="753.19">sophisticated</w>
   <w nite:id="ES2003a.A.words183" starttime="753.19" endtime="753.4">ways</w>
   <w nite:id="ES2003a.A.words184" starttime="753.4" endtime="753.53">than</w>
   <w nite:id="ES2003a.A.words185" starttime="753.53" endtime="753.74">sort</w>
   <w nite:id="ES2003a.A.words186" starttime="753.74" endtime="753.83">of</w>
   <w nite:id="ES2003a.A.words187" starttime="753.83" endtime="754.47">conventional</w>
   <w nite:id="ES2003a.A.words188" starttime="754.47" endtime="754.72">models</w>
   <w nite:id="ES2003a.A.words189" starttime="754.72" endtime="754.72" punc="true">,</w>
   <w nite:id="ES2003a.A.words190" starttime="754.72" endtime="754.84">so</w>
   <w nite:id="ES2003a.A.words191" starttime="754.84" endtime="754.95">you</w>
   <w nite:id="ES2003a.A.words192" starttime="754.95" endtime="755.19">get</w>
   <w nite:id="ES2003a.A.words193" starttime="755.19" endtime="755.26">the</w>
   <w nite:id="ES2003a.A.words194" starttime="755.26" endtime="755.44">sort</w>
   <w nite:id="ES2003a.A.words195" starttime="755.44" endtime="755.96">of</w>
   <w nite:id="ES2003a.A.words196" starttime="755.96" endtime="756.12">you</w>
   <w nite:id="ES2003a.A.words197" starttime="756.12" endtime="756.59">get</w>
   <w nite:id="ES2003a.A.words198" starttime="756.59" endtime="757.79">um</w>
   <w nite:id="ES2003a.A.words199" starttime="757.79" endtime="757.99">you</w>
   <vocalsound nite:id="ES2003a.A.words200" starttime="757.99" endtime="757.99" type="other"/>
   <w nite:id="ES2003a.A.words201" starttime="757.99" endtime="758.74">you</w>
   <w nite:id="ES2003a.A.words202" starttime="758.74" endtime="759.32">can</w>
   <w nite:id="ES2003a.A.words203" starttime="759.32" endtime="760.07">redesign</w>
   <w nite:id="ES2003a.A.words204" starttime="760.07" endtime="760.23">the</w>
   <w nite:id="ES2003a.A.words205" starttime="760.23" endtime="760.81">interface</w>
   <w nite:id="ES2003a.A.words206" starttime="760.81" endtime="760.96">to</w>
   <w nite:id="ES2003a.A.words207" starttime="760.96" endtime="761.17">your</w>
   <w nite:id="ES2003a.A.words208" starttime="761.17" endtime="761.42">own</w>
   <w nite:id="ES2003a.A.words209" starttime="761.42" endtime="762.0">needs</w>
   <w nite:id="ES2003a.A.words210" starttime="762.0" endtime="762.0" punc="true">,</w>
   <w nite:id="ES2003a.A.words211" starttime="762.0" endtime="762.14">you</w>
   <w nite:id="ES2003a.A.words212" starttime="762.14" endtime="762.36">can</w>
   <w nite:id="ES2003a.A.words213" starttime="762.36" endtime="762.86">programme</w>
   <w nite:id="ES2003a.A.words214" starttime="762.86" endtime="763.05">in</w>
   <w nite:id="ES2003a.A.words215" starttime="763.05" endtime="764.39">macros</w>
   <w nite:id="ES2003a.A.words216" starttime="764.39" endtime="764.39" punc="true">,</w>
   <w nite:id="ES2003a.A.words217" starttime="764.39" endtime="764.77">and</w>
   <w nite:id="ES2003a.A.words218" starttime="764.77" endtime="764.92">you</w>
   <w nite:id="ES2003a.A.words219" starttime="764.92" endtime="765.21">get</w>
   <w nite:id="ES2003a.A.words220" starttime="765.21" endtime="765.32">a</w>
   <w nite:id="ES2003a.A.words221" starttime="765.32" endtime="765.51">much</w>
   <w nite:id="ES2003a.A.words222" starttime="765.51" endtime="765.78">greater</w>
   <w nite:id="ES2003a.A.words223" starttime="765.78" endtime="766.17">degree</w>
   <w nite:id="ES2003a.A.words224" starttime="766.17" endtime="766.24">um</w>
   <w nite:id="ES2003a.A.words225" starttime="766.24" endtime="766.66">um</w>
   <w nite:id="ES2003a.A.words226" starttime="766.66" endtime="766.7">I</w>
   <w nite:id="ES2003a.A.words227" starttime="766.7" endtime="766.79">mean</w>
   <w nite:id="ES2003a.A.words228" starttime="766.79" endtime="766.9">you</w>
   <w nite:id="ES2003a.A.words229" starttime="766.9" endtime="767.1">get</w>
   <w nite:id="ES2003a.A.words230" starttime="767.1" endtime="767.42">in</w>
   <w nite:id="ES2003a.A.words231" starttime="767.42" endtime="767.6">these</w>
   <w nite:id="ES2003a.A.words232" starttime="767.6" endtime="767.76">sort</w>
   <w nite:id="ES2003a.A.words233" starttime="767.76" endtime="768.34">of</w>
   <vocalsound nite:id="ES2003a.A.words234" starttime="768.34" endtime="768.34" type="other"/>
   <w nite:id="ES2003a.A.words235" starttime="768.34" endtime="768.56">three</w>
   <w nite:id="ES2003a.A.words236" starttime="768.56" endtime="768.67">in</w>
   <w nite:id="ES2003a.A.words237" starttime="768.67" endtime="768.81">one</w>
   <w nite:id="ES2003a.A.words238" starttime="768.81" endtime="768.81" punc="true">,</w>
   <w nite:id="ES2003a.A.words239" starttime="768.81" endtime="769.08">five</w>
   <w nite:id="ES2003a.A.words240" starttime="769.08" endtime="769.2">in</w>
   <w nite:id="ES2003a.A.words241" starttime="769.2" endtime="769.33">one</w>
   <w nite:id="ES2003a.A.words242" starttime="769.33" endtime="769.33" punc="true">,</w>
   <w nite:id="ES2003a.A.words243" starttime="769.33" endtime="769.66" mispronounced="true">whatevers</w>
   <w nite:id="ES2003a.A.words244" starttime="769.66" endtime="769.66" punc="true">,</w>
   <w nite:id="ES2003a.A.words245" starttime="769.66" endtime="769.98">but</w>
   <w nite:id="ES2003a.A.words246" starttime="769.98" endtime="770.14">you</w>
   <w nite:id="ES2003a.A.words247" starttime="770.14" endtime="770.28">can</w>
   <w nite:id="ES2003a.A.words248" starttime="770.28" endtime="770.49">get</w>
   <w nite:id="ES2003a.A.words249" starttime="770.49" endtime="771.13">integration</w>
   <w nite:id="ES2003a.A.words250" starttime="771.13" endtime="771.46">between</w>
   <w nite:id="ES2003a.A.words251" starttime="771.46" endtime="771.54">the</w>
   <w nite:id="ES2003a.A.words252" starttime="771.54" endtime="772.17">different</w>
   <w nite:id="ES2003a.A.words253" starttime="772.17" endtime="773.37">uh</w>
   <w nite:id="ES2003a.A.words254" starttime="773.37" endtime="773.81">the</w>
   <w nite:id="ES2003a.A.words255" starttime="773.81" endtime="774.0">the</w>
   <w nite:id="ES2003a.A.words256" starttime="774.0" endtime="774.28">the</w>
   <w nite:id="ES2003a.A.words257" starttime="774.28" endtime="774.42" trunc="true">diff</w>
   <w nite:id="ES2003a.A.words258" starttime="774.42" endtime="774.51">the</w>
   <w nite:id="ES2003a.A.words259" starttime="774.51" endtime="774.76">different</w>
   <w nite:id="ES2003a.A.words260" starttime="774.76" endtime="774.97">things</w>
   <w nite:id="ES2003a.A.words261" starttime="774.97" endtime="775.07">that</w>
   <w nite:id="ES2003a.A.words262" starttime="775.07" endtime="775.16">it&#39;s</w>
   <w nite:id="ES2003a.A.words263" starttime="775.16" endtime="775.57">designed</w>
   <w nite:id="ES2003a.A.words264" starttime="775.57" endtime="775.65">to</w>
   <w nite:id="ES2003a.A.words265" starttime="775.65" endtime="776.64">control</w>
   <w nite:id="ES2003a.A.words266" starttime="776.64" endtime="776.64" punc="true">,</w>
   <w nite:id="ES2003a.A.words267" starttime="776.64" endtime="776.74">to</w>
   <w nite:id="ES2003a.A.words268" starttime="776.74" endtime="776.77">a</w>
   <w nite:id="ES2003a.A.words269" starttime="776.77" endtime="776.94">much</w>
   <w nite:id="ES2003a.A.words270" starttime="776.94" endtime="777.23">greater</w>
   <w nite:id="ES2003a.A.words271" starttime="777.23" endtime="777.67">extent</w>
   <w nite:id="ES2003a.A.words272" starttime="777.67" endtime="777.67" punc="true">,</w>
   <w nite:id="ES2003a.A.words273" starttime="777.67" endtime="777.76">and</w>
   <w nite:id="ES2003a.A.words274" starttime="777.76" endtime="777.84">you</w>
   <w nite:id="ES2003a.A.words275" starttime="777.84" endtime="777.95">can</w>
   <w nite:id="ES2003a.A.words276" starttime="777.95" endtime="778.56">have</w>
   <w nite:id="ES2003a.A.words277" starttime="778.56" endtime="778.99">one</w>
   <w nite:id="ES2003a.A.words278" starttime="778.99" endtime="779.03">uh</w>
   <w nite:id="ES2003a.A.words279" starttime="779.03" endtime="779.29">you</w>
   <w nite:id="ES2003a.A.words280" starttime="779.29" endtime="779.42">know</w>
   <w nite:id="ES2003a.A.words281" starttime="779.42" endtime="779.7">one</w>
   <w nite:id="ES2003a.A.words282" starttime="779.7" endtime="780.08">macro</w>
   <w nite:id="ES2003a.A.words283" starttime="780.08" endtime="780.62">to</w>
   <w nite:id="ES2003a.A.words284" starttime="780.62" endtime="780.86">turn</w>
   <w nite:id="ES2003a.A.words285" starttime="780.86" endtime="781.33">the</w>
   <w nite:id="ES2003a.A.words286" starttime="781.33" endtime="781.83">uh</w>
   <w nite:id="ES2003a.A.words287" starttime="781.83" endtime="782.12">you</w>
   <w nite:id="ES2003a.A.words288" starttime="782.12" endtime="782.51">know</w>
   <w nite:id="ES2003a.A.words289" starttime="782.51" endtime="782.74">turn</w>
   <w nite:id="ES2003a.A.words290" starttime="782.74" endtime="782.84">the</w>
   <w nite:id="ES2003a.A.words291" starttime="782.84" endtime="783.35">T_V_</w>
   <w nite:id="ES2003a.A.words292" starttime="783.35" endtime="783.51">to</w>
   <w nite:id="ES2003a.A.words293" starttime="783.51" endtime="783.6">the</w>
   <w nite:id="ES2003a.A.words294" starttime="783.6" endtime="783.87">right</w>
   <w nite:id="ES2003a.A.words295" starttime="783.87" endtime="784.33">channel</w>
   <w nite:id="ES2003a.A.words296" starttime="784.33" endtime="784.33" punc="true">,</w>
   <w nite:id="ES2003a.A.words297" starttime="784.33" endtime="784.53">get</w>
   <w nite:id="ES2003a.A.words298" starttime="784.53" endtime="785.18">the</w>
   <w nite:id="ES2003a.A.words299" starttime="785.18" endtime="785.26">uh</w>
   <w nite:id="ES2003a.A.words300" starttime="785.26" endtime="785.5">re</w>
   <w nite:id="ES2003a.A.words301" starttime="785.5" endtime="785.56">uh</w>
   <w nite:id="ES2003a.A.words302" starttime="785.56" endtime="786.18">rewind</w>
   <w nite:id="ES2003a.A.words303" starttime="786.18" endtime="786.25">the</w>
   <w nite:id="ES2003a.A.words304" starttime="786.25" endtime="786.54">tape</w>
   <w nite:id="ES2003a.A.words305" starttime="786.54" endtime="786.63">in</w>
   <w nite:id="ES2003a.A.words306" starttime="786.63" endtime="786.71">the</w>
   <w nite:id="ES2003a.A.words307" starttime="786.71" endtime="787.33">V_C_R_</w>
   <w nite:id="ES2003a.A.words308" starttime="787.33" endtime="787.45">and</w>
   <w nite:id="ES2003a.A.words309" starttime="787.45" endtime="787.61">get</w>
   <w nite:id="ES2003a.A.words310" starttime="787.61" endtime="787.85">it</w>
   <w nite:id="ES2003a.A.words311" starttime="787.85" endtime="787.94">to</w>
   <w nite:id="ES2003a.A.words312" starttime="787.94" endtime="788.16">play</w>
   <w nite:id="ES2003a.A.words313" starttime="788.16" endtime="788.41">once</w>
   <w nite:id="ES2003a.A.words314" starttime="788.41" endtime="788.55">it&#39;s</w>
   <w nite:id="ES2003a.A.words315" starttime="788.55" endtime="788.96">rewound</w>
   <w nite:id="ES2003a.A.words316" starttime="788.96" endtime="788.96" punc="true">,</w>
   <w nite:id="ES2003a.A.words317" starttime="788.96" endtime="789.07">for</w>
   <w nite:id="ES2003a.A.words318" starttime="789.07" endtime="790.71">instance</w>
   <w nite:id="ES2003a.A.words319" starttime="790.71" endtime="790.71" punc="true">.</w>
   <w nite:id="ES2003a.A.words320" starttime="790.71" endtime="792.64">Um</w>
   <w nite:id="ES2003a.A.words321" starttime="792.64" endtime="793.81" trunc="true">b</w>
   <w nite:id="ES2003a.A.words322" starttime="793.81" endtime="794.02">it</w>
   <w nite:id="ES2003a.A.words323" starttime="794.02" endtime="794.26">occurs</w>
   <w nite:id="ES2003a.A.words324" starttime="794.26" endtime="794.34">to</w>
   <w nite:id="ES2003a.A.words325" starttime="794.34" endtime="794.41">me</w>
   <w nite:id="ES2003a.A.words326" starttime="794.41" endtime="794.51">there</w>
   <w nite:id="ES2003a.A.words327" starttime="794.51" endtime="794.66">might</w>
   <w nite:id="ES2003a.A.words328" starttime="794.66" endtime="794.75">be</w>
   <w nite:id="ES2003a.A.words329" starttime="794.75" endtime="794.83">a</w>
   <w nite:id="ES2003a.A.words330" starttime="794.83" endtime="795.24">niche</w>
   <w nite:id="ES2003a.A.words331" starttime="795.24" endtime="795.72">for</w>
   <w nite:id="ES2003a.A.words332" starttime="795.72" endtime="796.88">uh</w>
   <w nite:id="ES2003a.A.words333" starttime="796.88" endtime="797.04">for</w>
   <w nite:id="ES2003a.A.words334" starttime="797.04" endtime="797.15">a</w>
   <w nite:id="ES2003a.A.words335" starttime="797.15" endtime="797.79">remote</w>
   <w nite:id="ES2003a.A.words336" starttime="797.79" endtime="799.35">that</w>
   <w nite:id="ES2003a.A.words337" starttime="799.35" endtime="799.68">aimed</w>
   <w nite:id="ES2003a.A.words338" starttime="799.68" endtime="800.18">towards</w>
   <w nite:id="ES2003a.A.words339" starttime="800.18" endtime="800.49">some</w>
   <w nite:id="ES2003a.A.words340" starttime="800.49" endtime="800.94">of</w>
   <w nite:id="ES2003a.A.words341" starttime="800.94" endtime="801.86">that</w>
   <w nite:id="ES2003a.A.words342" starttime="801.86" endtime="802.21">sort</w>
   <w nite:id="ES2003a.A.words343" starttime="802.21" endtime="802.29">of</w>
   <w nite:id="ES2003a.A.words344" starttime="802.29" endtime="803.06">functionality</w>
   <w nite:id="ES2003a.A.words345" starttime="803.06" endtime="803.2">but</w>
   <w nite:id="ES2003a.A.words346" starttime="803.2" endtime="803.53">using</w>
   <w nite:id="ES2003a.A.words347" starttime="803.53" endtime="803.77">a</w>
   <w nite:id="ES2003a.A.words348" starttime="803.77" endtime="803.97">just</w>
   <w nite:id="ES2003a.A.words349" starttime="803.97" endtime="804.56">conventional</w>
   <w nite:id="ES2003a.A.words350" starttime="804.56" endtime="804.85">push</w>
   <w nite:id="ES2003a.A.words351" starttime="804.85" endtime="805.12">button</w>
   <w nite:id="ES2003a.A.words352" starttime="805.12" endtime="806.4">design</w>
   <w nite:id="ES2003a.A.words353" starttime="806.4" endtime="806.4" punc="true">.</w>
   <w nite:id="ES2003a.A.words354" starttime="806.4" endtime="807.37">And</w>
   <w nite:id="ES2003a.A.words355" starttime="807.37" endtime="807.79">therefore</w>
   <w nite:id="ES2003a.A.words356" starttime="807.79" endtime="808.11">putting</w>
   <w nite:id="ES2003a.A.words357" starttime="808.11" endtime="808.23">it</w>
   <w nite:id="ES2003a.A.words358" starttime="808.23" endtime="808.54">into</w>
   <w nite:id="ES2003a.A.words359" starttime="808.54" endtime="808.99">a</w>
   <w nite:id="ES2003a.A.words360" starttime="808.99" endtime="809.67">um</w>
   <w nite:id="ES2003a.A.words361" starttime="809.67" endtime="809.92">well</w>
   <w nite:id="ES2003a.A.words362" starttime="809.92" endtime="810.17">much</w>
   <w nite:id="ES2003a.A.words363" starttime="810.17" endtime="810.55">lower</w>
   <w nite:id="ES2003a.A.words364" starttime="810.55" endtime="810.84">price</w>
   <w nite:id="ES2003a.A.words365" starttime="810.84" endtime="811.36">bracket</w>
   <w nite:id="ES2003a.A.words366" starttime="811.36" endtime="811.36" punc="true">.</w>
   <w nite:id="ES2003a.A.words367" starttime="819.18" endtime="819.58">Absolutely</w>
   <w nite:id="ES2003a.A.words368" starttime="819.58" endtime="820.42">prohibitive</w>
   <w nite:id="ES2003a.A.words369" starttime="820.42" endtime="820.42" punc="true">,</w>
   <w nite:id="ES2003a.A.words370" starttime="820.42" endtime="821.06">yeah</w>
   <w nite:id="ES2003a.A.words371" starttime="821.06" endtime="821.06" punc="true">.</w>
   <w nite:id="ES2003a.A.words372" starttime="825.96" endtime="826.3">Yeah</w>
   <w nite:id="ES2003a.A.words373" starttime="826.3" endtime="826.3" punc="true">,</w>
   <w nite:id="ES2003a.A.words374" starttime="826.3" endtime="826.36">I</w>
   <w nite:id="ES2003a.A.words375" starttime="826.36" endtime="826.53">mean</w>
   <w nite:id="ES2003a.A.words376" starttime="826.53" endtime="826.61">I</w>
   <w nite:id="ES2003a.A.words377" starttime="826.61" endtime="826.78">wouldn&#39;t</w>
   <w nite:id="ES2003a.A.words378" starttime="826.78" endtime="826.87">like</w>
   <w nite:id="ES2003a.A.words379" starttime="826.87" endtime="826.93">to</w>
   <w nite:id="ES2003a.A.words380" starttime="826.93" endtime="826.99">say</w>
   <w nite:id="ES2003a.A.words381" starttime="826.99" endtime="827.48">you</w>
   <w nite:id="ES2003a.A.words382" starttime="827.48" endtime="827.51" trunc="true">g</w>
   <vocalsound nite:id="ES2003a.A.words383" starttime="827.51" endtime="827.51" type="other"/>
   <w nite:id="ES2003a.A.words384" starttime="827.51" endtime="827.55">I</w>
   <w nite:id="ES2003a.A.words385" starttime="827.55" endtime="827.67">mean</w>
   <w nite:id="ES2003a.A.words386" starttime="827.67" endtime="827.78">you</w>
   <w nite:id="ES2003a.A.words387" starttime="827.78" endtime="827.94">get</w>
   <w nite:id="ES2003a.A.words388" starttime="827.94" endtime="828.17">ones</w>
   <w nite:id="ES2003a.A.words389" starttime="828.17" endtime="828.26">that</w>
   <w nite:id="ES2003a.A.words390" starttime="828.26" endtime="828.33">you</w>
   <w nite:id="ES2003a.A.words391" starttime="828.33" endtime="828.51">can</w>
   <w nite:id="ES2003a.A.words392" starttime="828.51" endtime="828.9">switch</w>
   <w nite:id="ES2003a.A.words393" starttime="828.9" endtime="829.71">between</w>
   <w nite:id="ES2003a.A.words394" starttime="829.71" endtime="830.14">multiple</w>
   <w nite:id="ES2003a.A.words395" starttime="830.14" endtime="830.72">units</w>
   <w nite:id="ES2003a.A.words396" starttime="830.72" endtime="830.72" punc="true">,</w>
   <w nite:id="ES2003a.A.words397" starttime="830.72" endtime="830.84">but</w>
   <w nite:id="ES2003a.A.words398" starttime="830.84" endtime="831.2">something</w>
   <w nite:id="ES2003a.A.words399" starttime="831.2" endtime="831.31">that</w>
   <w nite:id="ES2003a.A.words400" starttime="831.31" endtime="831.81">could</w>
   <w nite:id="ES2003a.A.words401" starttime="831.81" endtime="832.28">um</w>
   <w nite:id="ES2003a.A.words402" starttime="832.28" endtime="832.66">operate</w>
   <w nite:id="ES2003a.A.words403" starttime="832.66" endtime="832.9">between</w>
   <w nite:id="ES2003a.A.words404" starttime="832.9" endtime="833.25">multiple</w>
   <w nite:id="ES2003a.A.words405" starttime="833.25" endtime="833.57">units</w>
   <w nite:id="ES2003a.A.words406" starttime="833.57" endtime="833.64">in</w>
   <w nite:id="ES2003a.A.words407" starttime="833.64" endtime="833.7">a</w>
   <w nite:id="ES2003a.A.words408" starttime="833.7" endtime="834.23">more</w>
   <w nite:id="ES2003a.A.words409" starttime="834.23" endtime="834.7">integrated</w>
   <w nite:id="ES2003a.A.words410" starttime="834.7" endtime="836.06">fashion</w>
   <w nite:id="ES2003a.A.words411" starttime="836.06" endtime="836.06" punc="true">.</w>
   <w nite:id="ES2003a.A.words412" starttime="836.06" endtime="837.06" trunc="true">Some</w>
   <gap nite:id="ES2003a.A.words413" starttime="837.06" endtime="837.06"/>
   <w nite:id="ES2003a.A.words414" starttime="837.06" endtime="837.2">and</w>
   <w nite:id="ES2003a.A.words415" starttime="837.2" endtime="837.59">ideally</w>
   <w nite:id="ES2003a.A.words416" starttime="837.59" endtime="837.89">something</w>
   <w nite:id="ES2003a.A.words417" starttime="837.89" endtime="838.16">into</w>
   <w nite:id="ES2003a.A.words418" starttime="838.16" endtime="839.03">which</w>
   <w nite:id="ES2003a.A.words419" starttime="839.03" endtime="839.09">it</w>
   <w nite:id="ES2003a.A.words420" starttime="839.09" endtime="839.21">would</w>
   <w nite:id="ES2003a.A.words421" starttime="839.21" endtime="839.36">have</w>
   <w nite:id="ES2003a.A.words422" starttime="839.36" endtime="840.77">some</w>
   <w nite:id="ES2003a.A.words423" starttime="840.77" endtime="840.92">at</w>
   <w nite:id="ES2003a.A.words424" starttime="840.92" endtime="841.15">least</w>
   <w nite:id="ES2003a.A.words425" starttime="841.15" endtime="841.6">limited</w>
   <w nite:id="ES2003a.A.words426" starttime="841.6" endtime="842.1">facility</w>
   <w nite:id="ES2003a.A.words427" starttime="842.1" endtime="843.37">for</w>
   <vocalsound nite:id="ES2003a.A.words428" starttime="843.37" endtime="843.37" type="other"/>
   <w nite:id="ES2003a.A.words429" starttime="843.37" endtime="843.77">um</w>
   <w nite:id="ES2003a.A.words430" starttime="843.77" endtime="844.07">running</w>
   <w nite:id="ES2003a.A.words431" starttime="844.07" endtime="844.61">macros</w>
   <w nite:id="ES2003a.A.words432" starttime="844.61" endtime="844.61" punc="true">.</w>
   <w nite:id="ES2003a.A.words433" starttime="853.68" endtime="853.94">For</w>
   <w nite:id="ES2003a.A.words434" starttime="853.94" endtime="855.26">instance</w>
   <w nite:id="ES2003a.A.words435" starttime="855.26" endtime="855.26" punc="true">,</w>
   <w nite:id="ES2003a.A.words436" starttime="855.26" endtime="856.65">um</w>
   <w nite:id="ES2003a.A.words437" starttime="856.65" endtime="856.79">let&#39;s</w>
   <w nite:id="ES2003a.A.words438" starttime="856.79" endtime="856.92">say</w>
   <w nite:id="ES2003a.A.words439" starttime="856.92" endtime="857.68">oh</w>
   <w nite:id="ES2003a.A.words440" starttime="857.68" endtime="858.45">oh</w>
   <w nite:id="ES2003a.A.words441" starttime="858.45" endtime="859.98">um</w>
   <w nite:id="ES2003a.A.words442" starttime="859.98" endtime="859.98" punc="true">,</w>
   <w nite:id="ES2003a.A.words443" starttime="859.98" endtime="860.42">or</w>
   <w nite:id="ES2003a.A.words444" starttime="860.42" endtime="861.19">um</w>
   <w nite:id="ES2003a.A.words445" starttime="861.19" endtime="861.31">you</w>
   <w nite:id="ES2003a.A.words446" starttime="861.31" endtime="861.37">know</w>
   <w nite:id="ES2003a.A.words447" starttime="861.37" endtime="861.49">you</w>
   <w nite:id="ES2003a.A.words448" starttime="861.49" endtime="861.64" trunc="true">pr</w>
   <w nite:id="ES2003a.A.words449" starttime="861.64" endtime="862.02">uh</w>
   <w nite:id="ES2003a.A.words450" starttime="862.02" endtime="862.6">you</w>
   <w nite:id="ES2003a.A.words451" starttime="862.6" endtime="863.06">press</w>
   <w nite:id="ES2003a.A.words452" starttime="863.06" endtime="863.94">uh</w>
   <w nite:id="ES2003a.A.words453" starttime="863.94" endtime="864.03">say</w>
   <w nite:id="ES2003a.A.words454" starttime="864.03" endtime="864.38">the</w>
   <w nite:id="ES2003a.A.words455" starttime="864.38" endtime="864.65">play</w>
   <w nite:id="ES2003a.A.words456" starttime="864.65" endtime="864.9">button</w>
   <w nite:id="ES2003a.A.words457" starttime="864.9" endtime="865.02">for</w>
   <w nite:id="ES2003a.A.words458" starttime="865.02" endtime="865.12">the</w>
   <w nite:id="ES2003a.A.words459" starttime="865.12" endtime="865.69">D_V_D_</w>
   <w nite:id="ES2003a.A.words460" starttime="865.69" endtime="866.11">player</w>
   <w nite:id="ES2003a.A.words461" starttime="866.11" endtime="866.22">and</w>
   <w nite:id="ES2003a.A.words462" starttime="866.22" endtime="866.31">it</w>
   <w nite:id="ES2003a.A.words463" starttime="866.31" endtime="866.6">turns</w>
   <w nite:id="ES2003a.A.words464" starttime="866.6" endtime="866.7">the</w>
   <w nite:id="ES2003a.A.words465" starttime="866.7" endtime="867.11">T_V_</w>
   <w nite:id="ES2003a.A.words466" starttime="867.11" endtime="867.27">on</w>
   <w nite:id="ES2003a.A.words467" starttime="867.27" endtime="867.36">and</w>
   <w nite:id="ES2003a.A.words468" starttime="867.36" endtime="867.58">onto</w>
   <w nite:id="ES2003a.A.words469" starttime="867.58" endtime="867.65">the</w>
   <w nite:id="ES2003a.A.words470" starttime="867.65" endtime="867.85">right</w>
   <w nite:id="ES2003a.A.words471" starttime="867.85" endtime="868.2">channel</w>
   <w nite:id="ES2003a.A.words472" starttime="868.2" endtime="868.29">as</w>
   <w nite:id="ES2003a.A.words473" starttime="868.29" endtime="869.17">well</w>
   <w nite:id="ES2003a.A.words474" starttime="869.17" endtime="869.17" punc="true">,</w>
   <w nite:id="ES2003a.A.words475" starttime="869.17" endtime="869.67">um</w>
   <w nite:id="ES2003a.A.words476" starttime="894.13" endtime="894.44">Mm-hmm</w>
   <w nite:id="ES2003a.A.words477" starttime="894.44" endtime="894.44" punc="true">.</w>
   <w nite:id="ES2003a.A.words478" starttime="930.23" endtime="930.51">Mm-hmm</w>
   <w nite:id="ES2003a.A.words479" starttime="930.51" endtime="930.51" punc="true">.</w>
   <w nite:id="ES2003a.A.words480" starttime="982.47" endtime="982.8">Mm-hmm</w>
   <w nite:id="ES2003a.A.words481" starttime="982.8" endtime="982.8" punc="true">.</w>
   <w nite:id="ES2003a.A.words482" starttime="1045.78" endtime="1046.04">Mm-hmm</w>
   <w nite:id="ES2003a.A.words483" starttime="1046.04" endtime="1046.04" punc="true">.</w>
   <w nite:id="ES2003a.A.words484" starttime="1046.04" endtime="1046.22">The</w>
   <w nite:id="ES2003a.A.words485" starttime="1046.22" endtime="1047.38">other</w>
   <w nite:id="ES2003a.A.words486" starttime="1047.38" endtime="1047.68">key</w>
   <w nite:id="ES2003a.A.words487" starttime="1047.68" endtime="1048.8">feature</w>
   <w nite:id="ES2003a.A.words488" starttime="1048.8" endtime="1049.33">that</w>
   <w nite:id="ES2003a.A.words489" starttime="1049.33" endtime="1050.33">uh</w>
   <w nite:id="ES2003a.A.words490" starttime="1050.33" endtime="1050.42">that</w>
   <w nite:id="ES2003a.A.words491" starttime="1050.42" endtime="1050.51">would</w>
   <w nite:id="ES2003a.A.words492" starttime="1050.51" endtime="1050.59">be</w>
   <w nite:id="ES2003a.A.words493" starttime="1050.59" endtime="1050.64">a</w>
   <w nite:id="ES2003a.A.words494" starttime="1050.64" endtime="1050.86">good</w>
   <w nite:id="ES2003a.A.words495" starttime="1050.86" endtime="1051.32">idea</w>
   <w nite:id="ES2003a.A.words496" starttime="1051.32" endtime="1051.53">built</w>
   <w nite:id="ES2003a.A.words497" starttime="1051.53" endtime="1051.7">into</w>
   <w nite:id="ES2003a.A.words498" starttime="1051.7" endtime="1051.76">it</w>
   <w nite:id="ES2003a.A.words499" starttime="1051.76" endtime="1051.82">is</w>
   <w nite:id="ES2003a.A.words500" starttime="1051.82" endtime="1051.91" trunc="true">t</w>
   <w nite:id="ES2003a.A.words501" starttime="1051.91" endtime="1052.43">is</w>
   <w nite:id="ES2003a.A.words502" starttime="1052.43" endtime="1052.56">is</w>
   <w nite:id="ES2003a.A.words503" starttime="1052.56" endtime="1052.66">to</w>
   <w nite:id="ES2003a.A.words504" starttime="1052.66" endtime="1052.81">make</w>
   <w nite:id="ES2003a.A.words505" starttime="1052.81" endtime="1053.98">something</w>
   <w nite:id="ES2003a.A.words506" starttime="1053.98" endtime="1054.13">you</w>
   <w nite:id="ES2003a.A.words507" starttime="1054.13" endtime="1054.26">know</w>
   <w nite:id="ES2003a.A.words508" starttime="1054.26" endtime="1054.54">fairly</w>
   <w nite:id="ES2003a.A.words509" starttime="1054.54" endtime="1054.72">sort</w>
   <w nite:id="ES2003a.A.words510" starttime="1054.72" endtime="1054.82">of</w>
   <w nite:id="ES2003a.A.words511" starttime="1054.82" endtime="1055.3">ergonomic</w>
   <w nite:id="ES2003a.A.words512" starttime="1055.3" endtime="1055.3" punc="true">,</w>
   <w nite:id="ES2003a.A.words513" starttime="1055.3" endtime="1055.54">something</w>
   <w nite:id="ES2003a.A.words514" starttime="1055.54" endtime="1055.65">that</w>
   <w nite:id="ES2003a.A.words515" starttime="1055.65" endtime="1056.67">just</w>
   <w nite:id="ES2003a.A.words516" starttime="1056.67" endtime="1056.99">fits</w>
   <vocalsound nite:id="ES2003a.A.words517" starttime="1056.99" endtime="1056.99" type="other"/>
   <w nite:id="ES2003a.A.words518" starttime="1056.99" endtime="1057.55">fits</w>
   <w nite:id="ES2003a.A.words519" starttime="1057.55" endtime="1057.78">as</w>
   <w nite:id="ES2003a.A.words520" starttime="1057.78" endtime="1058.32">comfortably</w>
   <w nite:id="ES2003a.A.words521" starttime="1058.32" endtime="1058.4">as</w>
   <w nite:id="ES2003a.A.words522" starttime="1058.4" endtime="1058.82">possible</w>
   <w nite:id="ES2003a.A.words523" starttime="1058.82" endtime="1059.0">into</w>
   <w nite:id="ES2003a.A.words524" starttime="1059.0" endtime="1059.11">the</w>
   <w nite:id="ES2003a.A.words525" starttime="1059.11" endtime="1060.06">hand</w>
   <w nite:id="ES2003a.A.words526" starttime="1060.06" endtime="1060.06" punc="true">.</w>
   <w nite:id="ES2003a.A.words527" starttime="1060.06" endtime="1060.15">But</w>
   <w nite:id="ES2003a.A.words528" starttime="1060.15" endtime="1060.22">of</w>
   <w nite:id="ES2003a.A.words529" starttime="1060.22" endtime="1060.45">course</w>
   <w nite:id="ES2003a.A.words530" starttime="1060.45" endtime="1060.45" punc="true">,</w>
   <w nite:id="ES2003a.A.words531" starttime="1060.45" endtime="1060.63">uh</w>
   <w nite:id="ES2003a.A.words532" starttime="1060.63" endtime="1060.71" trunc="true">al</w>
   <w nite:id="ES2003a.A.words533" starttime="1060.71" endtime="1060.94" trunc="true">al</w>
   <w nite:id="ES2003a.A.words534" starttime="1060.94" endtime="1061.3">also</w>
   <w nite:id="ES2003a.A.words535" starttime="1061.3" endtime="1061.63">allows</w>
   <w nite:id="ES2003a.A.words536" starttime="1061.63" endtime="1062.54">for</w>
   <gap nite:id="ES2003a.A.words537" starttime="1062.54" endtime="1062.54"/>
   <w nite:id="ES2003a.A.words538" starttime="1062.54" endtime="1065.34">the</w>
   <w nite:id="ES2003a.A.words539" starttime="1065.34" endtime="1065.77">possibility</w>
   <w nite:id="ES2003a.A.words540" starttime="1065.77" endtime="1065.85">of</w>
   <w nite:id="ES2003a.A.words541" starttime="1065.85" endtime="1065.91">a</w>
   <w nite:id="ES2003a.A.words542" starttime="1065.91" endtime="1066.13">more</w>
   <w nite:id="ES2003a.A.words543" starttime="1066.13" endtime="1066.26">sort</w>
   <w nite:id="ES2003a.A.words544" starttime="1066.26" endtime="1066.44">of</w>
   <w nite:id="ES2003a.A.words545" starttime="1068.07" endtime="1068.35">slightly</w>
   <w nite:id="ES2003a.A.words546" starttime="1068.35" endtime="1069.18">unconventional</w>
   <w nite:id="ES2003a.A.words547" starttime="1069.18" endtime="1069.59">or</w>
   <w nite:id="ES2003a.A.words548" starttime="1069.59" endtime="1070.42">attractive</w>
   <w nite:id="ES2003a.A.words549" starttime="1070.42" endtime="1070.68">uh</w>
   <w nite:id="ES2003a.A.words550" starttime="1072.45" endtime="1072.96" trunc="true">sha</w>
   <w nite:id="ES2003a.A.words551" starttime="1072.96" endtime="1073.33">shape</w>
   <w nite:id="ES2003a.A.words552" starttime="1073.33" endtime="1073.54">for</w>
   <w nite:id="ES2003a.A.words553" starttime="1073.54" endtime="1073.62">it</w>
   <w nite:id="ES2003a.A.words554" starttime="1073.62" endtime="1074.55">overall</w>
   <w nite:id="ES2003a.A.words555" starttime="1074.55" endtime="1074.55" punc="true">,</w>
   <vocalsound nite:id="ES2003a.A.words556" starttime="1074.55" endtime="1074.55" type="other"/>
   <w nite:id="ES2003a.A.words557" starttime="1074.55" endtime="1074.55" punc="true">.</w>
   <w nite:id="ES2003a.A.words558" starttime="1077.09" endtime="1077.59">A</w>
   <w nite:id="ES2003a.A.words559" starttime="1077.59" endtime="1079.03">curve</w>
   <w nite:id="ES2003a.A.words560" starttime="1079.03" endtime="1079.03" punc="true">,</w>
   <w nite:id="ES2003a.A.words561" starttime="1079.03" endtime="1080.04">mm-hmm</w>
   <w nite:id="ES2003a.A.words562" starttime="1080.04" endtime="1080.04" punc="true">.</w>
   <w nite:id="ES2003a.A.words563" starttime="1080.04" endtime="1080.41">Something</w>
   <w nite:id="ES2003a.A.words564" starttime="1080.41" endtime="1080.79">sort</w>
   <w nite:id="ES2003a.A.words565" starttime="1080.79" endtime="1080.98">of</w>
   <w nite:id="ES2003a.A.words566" starttime="1080.98" endtime="1081.14">sort</w>
   <w nite:id="ES2003a.A.words567" starttime="1081.14" endtime="1081.24">of</w>
   <w nite:id="ES2003a.A.words568" starttime="1081.24" endtime="1081.41" trunc="true">sl</w>
   <w nite:id="ES2003a.A.words569" starttime="1081.41" endtime="1081.73">slightly</w>
   <w nite:id="ES2003a.A.words570" starttime="1081.73" endtime="1081.87">sort</w>
   <w nite:id="ES2003a.A.words571" starttime="1081.87" endtime="1081.95">of</w>
   <w nite:id="ES2003a.A.words572" starttime="1081.95" endtime="1082.68">biomorphic</w>
   <w nite:id="ES2003a.A.words573" starttime="1082.68" endtime="1082.83">in</w>
   <w nite:id="ES2003a.A.words574" starttime="1082.83" endtime="1083.86">form</w>
   <w nite:id="ES2003a.A.words575" starttime="1083.86" endtime="1083.86" punc="true">,</w>
   <vocalsound nite:id="ES2003a.A.words576" starttime="1083.86" endtime="1083.86" type="other"/>
   <w nite:id="ES2003a.A.words577" starttime="1083.86" endtime="1084.19">uh</w>
   <w nite:id="ES2003a.A.words578" starttime="1084.19" endtime="1084.37">which</w>
   <w nite:id="ES2003a.A.words579" starttime="1084.37" endtime="1084.43">it</w>
   <w nite:id="ES2003a.A.words580" starttime="1084.43" endtime="1084.58">would</w>
   <w nite:id="ES2003a.A.words581" starttime="1084.58" endtime="1084.69">need</w>
   <w nite:id="ES2003a.A.words582" starttime="1084.69" endtime="1084.8">to</w>
   <w nite:id="ES2003a.A.words583" starttime="1084.8" endtime="1084.89">be</w>
   <w nite:id="ES2003a.A.words584" starttime="1084.89" endtime="1084.95">to</w>
   <w nite:id="ES2003a.A.words585" starttime="1084.95" endtime="1085.13">sort</w>
   <w nite:id="ES2003a.A.words586" starttime="1085.13" endtime="1085.19">of</w>
   <w nite:id="ES2003a.A.words587" starttime="1085.19" endtime="1085.67">conform</w>
   <w nite:id="ES2003a.A.words588" starttime="1085.67" endtime="1085.79">to</w>
   <w nite:id="ES2003a.A.words589" starttime="1085.79" endtime="1085.88">the</w>
   <w nite:id="ES2003a.A.words590" starttime="1085.88" endtime="1086.16">shape</w>
   <w nite:id="ES2003a.A.words591" starttime="1086.16" endtime="1086.22">of</w>
   <w nite:id="ES2003a.A.words592" starttime="1086.22" endtime="1086.33">the</w>
   <w nite:id="ES2003a.A.words593" starttime="1086.33" endtime="1086.51">hand</w>
   <w nite:id="ES2003a.A.words594" starttime="1086.51" endtime="1086.69">more</w>
   <w nite:id="ES2003a.A.words595" starttime="1086.69" endtime="1087.23">efficiently</w>
   <w nite:id="ES2003a.A.words596" starttime="1087.23" endtime="1088.16">anyway</w>
   <w nite:id="ES2003a.A.words597" starttime="1088.16" endtime="1088.16" punc="true">.</w>
</nite:root>