<?xml version="1.0" encoding="ISO-8859-1" standalone="yes"?>
<nite:root nite:id="ES2003a.C.words" xmlns:nite="http://nite.sourceforge.net/">
   <w nite:id="ES2003a.C.words0" starttime="13.24" endtime="13.6">Oh</w>
   <w nite:id="ES2003a.C.words1" starttime="13.6" endtime="13.6" punc="true">,</w>
   <w nite:id="ES2003a.C.words2" starttime="13.6" endtime="14.64">Ebenezer</w>
   <w nite:id="ES2003a.C.words3" starttime="14.64" endtime="15.21">Ademesoye</w>
   <w nite:id="ES2003a.C.words4" starttime="15.21" endtime="15.21" punc="true">.</w>
   <w nite:id="ES2003a.C.words5" starttime="15.21" endtime="15.9">Would</w>
   <w nite:id="ES2003a.C.words6" starttime="15.9" endtime="16.02">you</w>
   <w nite:id="ES2003a.C.words7" starttime="16.02" endtime="16.11">like</w>
   <w nite:id="ES2003a.C.words8" starttime="16.11" endtime="16.17">me</w>
   <w nite:id="ES2003a.C.words9" starttime="16.17" endtime="16.29">to</w>
   <w nite:id="ES2003a.C.words10" starttime="16.29" endtime="16.53">spell</w>
   <w nite:id="ES2003a.C.words11" starttime="16.53" endtime="16.81">that</w>
   <w nite:id="ES2003a.C.words12" starttime="16.81" endtime="16.81" punc="true">?</w>
   <w nite:id="ES2003a.C.words13" starttime="18.09" endtime="18.34" trunc="true">S</w>
   <w nite:id="ES2003a.C.words14" starttime="20.58" endtime="20.8">Um</w>
   <w nite:id="ES2003a.C.words15" starttime="20.8" endtime="20.8" punc="true">,</w>
   <w nite:id="ES2003a.C.words16" starttime="20.8" endtime="21.52">N_E_Z_</w>
   <w nite:id="ES2003a.C.words17" starttime="23.09" endtime="23.7">E_R_</w>
   <w nite:id="ES2003a.C.words18" starttime="23.7" endtime="23.7" punc="true">.</w>
   <w nite:id="ES2003a.C.words19" starttime="26.3" endtime="26.66">I&#39;m</w>
   <w nite:id="ES2003a.C.words20" starttime="26.66" endtime="27.24">the</w>
   <w nite:id="ES2003a.C.words21" starttime="27.24" endtime="27.76">Marketing</w>
   <w nite:id="ES2003a.C.words22" starttime="27.76" endtime="28.26">Expert</w>
   <w nite:id="ES2003a.C.words23" starttime="28.26" endtime="28.26" punc="true">.</w>
   <w nite:id="ES2003a.C.words24" starttime="143.48" endtime="144.06">Sure</w>
   <w nite:id="ES2003a.C.words25" starttime="144.06" endtime="144.06" punc="true">.</w>
   <vocalsound nite:id="ES2003a.C.words26" starttime="145.424" endtime="146.144" type="cough"/>
   <w nite:id="ES2003a.C.words27" starttime="147.95" endtime="150.92">Whiteboard</w>
   <w nite:id="ES2003a.C.words28" starttime="150.92" endtime="150.92" punc="true">.</w>
   <w nite:id="ES2003a.C.words29" starttime="150.92" endtime="152.07">&#39;Kay</w>
   <w nite:id="ES2003a.C.words30" starttime="152.07" endtime="152.07" punc="true">.</w>
   <w nite:id="ES2003a.C.words31" starttime="154.61" endtime="155.54" trunc="true">S</w>
   <w nite:id="ES2003a.C.words32" starttime="155.54" endtime="156.83">okay</w>
   <w nite:id="ES2003a.C.words33" starttime="156.83" endtime="156.83" punc="true">.</w>
   <w nite:id="ES2003a.C.words34" starttime="156.83" endtime="156.87">I</w>
   <w nite:id="ES2003a.C.words35" starttime="156.87" endtime="156.97">will</w>
   <w nite:id="ES2003a.C.words36" starttime="156.97" endtime="157.12">make</w>
   <w nite:id="ES2003a.C.words37" starttime="157.12" endtime="157.26">this</w>
   <w nite:id="ES2003a.C.words38" starttime="157.26" endtime="157.64">quick</w>
   <w nite:id="ES2003a.C.words39" starttime="157.64" endtime="157.64" punc="true">,</w>
   <w nite:id="ES2003a.C.words40" starttime="157.64" endtime="157.98">since</w>
   <w nite:id="ES2003a.C.words41" starttime="157.98" endtime="158.07">we</w>
   <w nite:id="ES2003a.C.words42" starttime="158.07" endtime="158.23">don&#39;t</w>
   <w nite:id="ES2003a.C.words43" starttime="158.23" endtime="158.38">have</w>
   <w nite:id="ES2003a.C.words44" starttime="158.38" endtime="158.54">much</w>
   <w nite:id="ES2003a.C.words45" starttime="158.54" endtime="158.9">time</w>
   <w nite:id="ES2003a.C.words46" starttime="158.9" endtime="158.9" punc="true">.</w>
   <vocalsound nite:id="ES2003a.C.words47" starttime="160.336" endtime="160.336" type="other"/>
   <w nite:id="ES2003a.C.words48" starttime="162.19" endtime="162.66">Um</w>
   <w nite:id="ES2003a.C.words49" starttime="162.66" endtime="162.66" punc="true">.</w>
   <vocalsound nite:id="ES2003a.C.words50" starttime="190.038" endtime="194.753" type="other"/>
   <w nite:id="ES2003a.C.words51" starttime="212.3" endtime="212.6">&#39;Kay</w>
   <w nite:id="ES2003a.C.words52" starttime="212.6" endtime="212.6" punc="true">,</w>
   <w nite:id="ES2003a.C.words53" starttime="212.6" endtime="213.05">so</w>
   <w nite:id="ES2003a.C.words54" starttime="213.05" endtime="213.21">it&#39;s</w>
   <w nite:id="ES2003a.C.words55" starttime="213.21" endtime="213.5">not</w>
   <w nite:id="ES2003a.C.words56" starttime="213.5" endtime="213.6">the</w>
   <w nite:id="ES2003a.C.words57" starttime="213.6" endtime="213.95">best</w>
   <w nite:id="ES2003a.C.words58" starttime="213.95" endtime="214.25">picture</w>
   <w nite:id="ES2003a.C.words59" starttime="214.25" endtime="214.31">in</w>
   <w nite:id="ES2003a.C.words60" starttime="214.31" endtime="214.38">the</w>
   <w nite:id="ES2003a.C.words61" starttime="214.38" endtime="214.73">world</w>
   <w nite:id="ES2003a.C.words62" starttime="214.73" endtime="214.73" punc="true">.</w>
   <vocalsound nite:id="ES2003a.C.words63" starttime="215.353" endtime="215.353" type="other"/>
   <w nite:id="ES2003a.C.words64" starttime="216.03" endtime="216.26">Here</w>
   <w nite:id="ES2003a.C.words65" starttime="216.26" endtime="216.36">we</w>
   <w nite:id="ES2003a.C.words66" starttime="216.36" endtime="216.51">have</w>
   <w nite:id="ES2003a.C.words67" starttime="216.51" endtime="216.64">an</w>
   <w nite:id="ES2003a.C.words68" starttime="216.64" endtime="217.16">elephant</w>
   <w nite:id="ES2003a.C.words69" starttime="217.16" endtime="217.16" punc="true">.</w>
   <w nite:id="ES2003a.C.words70" starttime="218.2" endtime="218.57">First</w>
   <w nite:id="ES2003a.C.words71" starttime="218.57" endtime="219.31">point</w>
   <w nite:id="ES2003a.C.words72" starttime="219.31" endtime="219.31" punc="true">,</w>
   <w nite:id="ES2003a.C.words73" starttime="219.31" endtime="219.58">begins</w>
   <w nite:id="ES2003a.C.words74" starttime="219.58" endtime="219.69">with</w>
   <w nite:id="ES2003a.C.words75" starttime="219.69" endtime="219.82">an</w>
   <w nite:id="ES2003a.C.words76" starttime="219.82" endtime="220.62">E_</w>
   <w nite:id="ES2003a.C.words77" starttime="220.62" endtime="220.62" punc="true">,</w>
   <w nite:id="ES2003a.C.words78" starttime="220.62" endtime="220.9">same</w>
   <w nite:id="ES2003a.C.words79" starttime="220.9" endtime="221.04">like</w>
   <w nite:id="ES2003a.C.words80" starttime="221.04" endtime="223.11">Ebenezer</w>
   <w nite:id="ES2003a.C.words81" starttime="223.11" endtime="223.11" punc="true">.</w>
   <w nite:id="ES2003a.C.words82" starttime="223.11" endtime="223.68">Also</w>
   <w nite:id="ES2003a.C.words83" starttime="223.68" endtime="223.68" punc="true">,</w>
   <w nite:id="ES2003a.C.words84" starttime="223.68" endtime="224.55">elephants</w>
   <w nite:id="ES2003a.C.words85" starttime="224.55" endtime="224.74">have</w>
   <w nite:id="ES2003a.C.words86" starttime="224.74" endtime="224.79">a</w>
   <w nite:id="ES2003a.C.words87" starttime="224.79" endtime="225.01">very</w>
   <w nite:id="ES2003a.C.words88" starttime="225.01" endtime="225.14">good</w>
   <w nite:id="ES2003a.C.words89" starttime="225.14" endtime="225.8">memory</w>
   <w nite:id="ES2003a.C.words90" starttime="225.8" endtime="225.8" punc="true">,</w>
   <w nite:id="ES2003a.C.words91" starttime="225.8" endtime="226.04">much</w>
   <w nite:id="ES2003a.C.words92" starttime="226.04" endtime="226.17">like</w>
   <w nite:id="ES2003a.C.words93" starttime="226.17" endtime="227.52">myself</w>
   <w nite:id="ES2003a.C.words94" starttime="227.52" endtime="227.52" punc="true">,</w>
   <w nite:id="ES2003a.C.words95" starttime="227.52" endtime="227.64">and</w>
   <w nite:id="ES2003a.C.words96" starttime="227.64" endtime="227.68">I</w>
   <w nite:id="ES2003a.C.words97" starttime="227.68" endtime="227.95">can&#39;t</w>
   <w nite:id="ES2003a.C.words98" starttime="227.95" endtime="228.78">remember</w>
   <w nite:id="ES2003a.C.words99" starttime="228.78" endtime="229.0">back</w>
   <w nite:id="ES2003a.C.words100" starttime="229.0" endtime="229.09">when</w>
   <w nite:id="ES2003a.C.words101" starttime="229.09" endtime="229.14">I</w>
   <w nite:id="ES2003a.C.words102" starttime="229.14" endtime="229.3">used</w>
   <w nite:id="ES2003a.C.words103" starttime="229.3" endtime="229.38">to</w>
   <w nite:id="ES2003a.C.words104" starttime="229.38" endtime="229.49">live</w>
   <w nite:id="ES2003a.C.words105" starttime="229.49" endtime="229.58">back</w>
   <w nite:id="ES2003a.C.words106" starttime="229.58" endtime="229.64">in</w>
   <w nite:id="ES2003a.C.words107" starttime="229.64" endtime="230.06">Nigeria</w>
   <w nite:id="ES2003a.C.words108" starttime="230.06" endtime="230.06" punc="true">,</w>
   <w nite:id="ES2003a.C.words109" starttime="230.06" endtime="230.45">but</w>
   <w nite:id="ES2003a.C.words110" starttime="230.45" endtime="230.53">I</w>
   <w nite:id="ES2003a.C.words111" starttime="230.53" endtime="230.77">think</w>
   <w nite:id="ES2003a.C.words112" starttime="230.77" endtime="230.83">I</w>
   <w nite:id="ES2003a.C.words113" starttime="230.83" endtime="230.99">used</w>
   <w nite:id="ES2003a.C.words114" starttime="230.99" endtime="231.08">to</w>
   <w nite:id="ES2003a.C.words115" starttime="231.08" endtime="231.72">have</w>
   <w nite:id="ES2003a.C.words116" starttime="231.72" endtime="231.81">a</w>
   <w nite:id="ES2003a.C.words117" starttime="231.81" endtime="232.38">pet</w>
   <w nite:id="ES2003a.C.words118" starttime="232.38" endtime="232.79">elephant</w>
   <w nite:id="ES2003a.C.words119" starttime="232.79" endtime="232.79" punc="true">.</w>
   <w nite:id="ES2003a.C.words120" starttime="234.6" endtime="234.76">So</w>
   <w nite:id="ES2003a.C.words121" starttime="234.76" endtime="235.1">elephants</w>
   <w nite:id="ES2003a.C.words122" starttime="235.1" endtime="235.14">are</w>
   <w nite:id="ES2003a.C.words123" starttime="235.14" endtime="235.65">big</w>
   <w nite:id="ES2003a.C.words124" starttime="235.65" endtime="235.65" punc="true">,</w>
   <w nite:id="ES2003a.C.words125" starttime="235.65" endtime="236.17">strong</w>
   <w nite:id="ES2003a.C.words126" starttime="236.17" endtime="236.33">and</w>
   <w nite:id="ES2003a.C.words127" starttime="236.33" endtime="237.11">gentle</w>
   <w nite:id="ES2003a.C.words128" starttime="237.11" endtime="237.11" punc="true">,</w>
   <w nite:id="ES2003a.C.words129" starttime="237.11" endtime="237.23">and</w>
   <w nite:id="ES2003a.C.words130" starttime="237.23" endtime="237.29">they</w>
   <w nite:id="ES2003a.C.words131" starttime="237.29" endtime="237.52">have</w>
   <w nite:id="ES2003a.C.words132" starttime="237.52" endtime="237.76">great</w>
   <w nite:id="ES2003a.C.words133" starttime="237.76" endtime="238.76">memories</w>
   <w nite:id="ES2003a.C.words134" starttime="238.76" endtime="238.76" punc="true">,</w>
   <w nite:id="ES2003a.C.words135" starttime="238.76" endtime="238.88">and</w>
   <w nite:id="ES2003a.C.words136" starttime="238.88" endtime="238.94">they</w>
   <w nite:id="ES2003a.C.words137" starttime="238.94" endtime="239.89">begin</w>
   <w nite:id="ES2003a.C.words138" starttime="239.89" endtime="240.01">with</w>
   <w nite:id="ES2003a.C.words139" starttime="240.01" endtime="240.1">the</w>
   <w nite:id="ES2003a.C.words140" starttime="240.1" endtime="240.3">letter</w>
   <w nite:id="ES2003a.C.words141" starttime="240.3" endtime="240.92">E_</w>
   <w nite:id="ES2003a.C.words142" starttime="240.92" endtime="240.92" punc="true">,</w>
   <w nite:id="ES2003a.C.words143" starttime="240.92" endtime="241.1">just</w>
   <w nite:id="ES2003a.C.words144" starttime="241.1" endtime="241.21">like</w>
   <w nite:id="ES2003a.C.words145" starttime="241.21" endtime="241.71">Ebenezer</w>
   <w nite:id="ES2003a.C.words146" starttime="241.71" endtime="241.71" punc="true">.</w>
   <w nite:id="ES2003a.C.words147" starttime="244.72" endtime="244.92">Thank</w>
   <w nite:id="ES2003a.C.words148" starttime="244.92" endtime="245.55">you</w>
   <w nite:id="ES2003a.C.words149" starttime="245.55" endtime="245.55" punc="true">.</w>
   <w nite:id="ES2003a.C.words150" starttime="255.89" endtime="256.69">Oh</w>
   <w nite:id="ES2003a.C.words151" starttime="256.69" endtime="256.69" punc="true">.</w>
   <w nite:id="ES2003a.C.words152" starttime="256.69" endtime="257.75" mispronounced="true">Oh</w>
   <vocalsound nite:id="ES2003a.C.words153" starttime="257.75" endtime="257.75" type="other"/>
   <w nite:id="ES2003a.C.words154" starttime="257.75" endtime="257.92">oh</w>
   <w nite:id="ES2003a.C.words155" starttime="257.92" endtime="257.96">I</w>
   <w nite:id="ES2003a.C.words156" starttime="257.96" endtime="258.15">think</w>
   <w nite:id="ES2003a.C.words157" starttime="258.15" endtime="258.65">you</w>
   <w nite:id="ES2003a.C.words158" starttime="258.65" endtime="259.03" trunc="true">ga</w>
   <w nite:id="ES2003a.C.words159" starttime="260.02" endtime="261.25" mispronounced="true">The</w>
   <w nite:id="ES2003a.C.words160" starttime="261.25" endtime="261.51">little</w>
   <disfmarker nite:id="ES2003a.C.words161" starttime="261.51" endtime="261.731"/>
   <w nite:id="ES2003a.C.words162" starttime="263.84" endtime="263.98">The</w>
   <w nite:id="ES2003a.C.words163" starttime="263.98" endtime="264.25">the</w>
   <disfmarker nite:id="ES2003a.C.words164" starttime="264.25" endtime="264.331"/>
   <w nite:id="ES2003a.C.words165" starttime="266.0" endtime="266.05">Oh</w>
   <w nite:id="ES2003a.C.words166" starttime="266.05" endtime="266.28">that&#39;s</w>
   <w nite:id="ES2003a.C.words167" starttime="266.28" endtime="266.48">good</w>
   <w nite:id="ES2003a.C.words168" starttime="266.48" endtime="266.48" punc="true">,</w>
   <w nite:id="ES2003a.C.words169" starttime="266.48" endtime="266.58">we</w>
   <w nite:id="ES2003a.C.words170" starttime="266.58" endtime="266.71">can</w>
   <w nite:id="ES2003a.C.words171" starttime="266.71" endtime="266.93">clip</w>
   <w nite:id="ES2003a.C.words172" starttime="266.93" endtime="267.17">them</w>
   <w nite:id="ES2003a.C.words173" starttime="267.17" endtime="267.49">on</w>
   <w nite:id="ES2003a.C.words174" starttime="267.49" endtime="267.49" punc="true">.</w>
   <w nite:id="ES2003a.C.words175" starttime="267.49" endtime="267.95">Okay</w>
   <w nite:id="ES2003a.C.words176" starttime="267.95" endtime="267.95" punc="true">.</w>
   <w nite:id="ES2003a.C.words177" starttime="267.95" endtime="268.14">Yeah</w>
   <w nite:id="ES2003a.C.words178" starttime="268.14" endtime="268.14" punc="true">,</w>
   <w nite:id="ES2003a.C.words179" starttime="268.14" endtime="268.23">there</w>
   <w nite:id="ES2003a.C.words180" starttime="268.23" endtime="268.32">was</w>
   <w nite:id="ES2003a.C.words181" starttime="268.32" endtime="268.64">this</w>
   <w nite:id="ES2003a.C.words182" starttime="268.64" endtime="269.1">microphone</w>
   <w nite:id="ES2003a.C.words183" starttime="269.1" endtime="269.21">as</w>
   <w nite:id="ES2003a.C.words184" starttime="269.21" endtime="269.37">well</w>
   <w nite:id="ES2003a.C.words185" starttime="269.37" endtime="269.53">that</w>
   <w nite:id="ES2003a.C.words186" starttime="269.53" endtime="271.26">you</w>
   <disfmarker nite:id="ES2003a.C.words187" starttime="271.26" endtime="271.346"/>
   <w nite:id="ES2003a.C.words188" starttime="274.37" endtime="274.85">Just</w>
   <w nite:id="ES2003a.C.words189" starttime="274.85" endtime="275.23">um</w>
   <w nite:id="ES2003a.C.words190" starttime="275.23" endtime="276.04">somewhere</w>
   <disfmarker nite:id="ES2003a.C.words191" starttime="276.04" endtime="276.128"/>
   <w nite:id="ES2003a.C.words192" starttime="301.31" endtime="301.35">I</w>
   <w nite:id="ES2003a.C.words193" starttime="301.35" endtime="301.52">think</w>
   <w nite:id="ES2003a.C.words194" starttime="301.52" endtime="301.69">so</w>
   <w nite:id="ES2003a.C.words195" starttime="301.69" endtime="301.69" punc="true">.</w>
   <w nite:id="ES2003a.C.words196" starttime="303.94" endtime="305.06">Yeah</w>
   <w nite:id="ES2003a.C.words197" starttime="305.06" endtime="305.06" punc="true">.</w>
   <w nite:id="ES2003a.C.words198" starttime="305.06" endtime="305.25">There</w>
   <w nite:id="ES2003a.C.words199" starttime="305.25" endtime="305.31">you</w>
   <w nite:id="ES2003a.C.words200" starttime="305.31" endtime="305.76">go</w>
   <w nite:id="ES2003a.C.words201" starttime="305.76" endtime="305.76" punc="true">.</w>
   <vocalsound nite:id="ES2003a.C.words202" starttime="317.818" endtime="320.544" type="laugh"/>
   <w nite:id="ES2003a.C.words203" starttime="705.6" endtime="705.78">Oh</w>
   <w nite:id="ES2003a.C.words204" starttime="705.78" endtime="705.78" punc="true">,</w>
   <w nite:id="ES2003a.C.words205" starttime="705.78" endtime="705.93">that</w>
   <w nite:id="ES2003a.C.words206" starttime="705.93" endtime="706.09">was</w>
   <w nite:id="ES2003a.C.words207" starttime="706.09" endtime="706.82">profiting</w>
   <w nite:id="ES2003a.C.words208" starttime="706.82" endtime="706.82" punc="true">,</w>
   <w nite:id="ES2003a.C.words209" starttime="706.82" endtime="706.95">that</w>
   <w nite:id="ES2003a.C.words210" starttime="706.95" endtime="707.1">was</w>
   <w nite:id="ES2003a.C.words211" starttime="707.1" endtime="708.12">an</w>
   <w nite:id="ES2003a.C.words212" starttime="708.12" endtime="708.45">amount</w>
   <w nite:id="ES2003a.C.words213" starttime="708.45" endtime="708.45" punc="true">,</w>
   <w nite:id="ES2003a.C.words214" starttime="708.45" endtime="708.78">so</w>
   <w nite:id="ES2003a.C.words215" starttime="708.78" endtime="709.19">that&#39;s</w>
   <w nite:id="ES2003a.C.words216" starttime="709.19" endtime="709.27">the</w>
   <w nite:id="ES2003a.C.words217" starttime="709.27" endtime="709.78">amount</w>
   <w nite:id="ES2003a.C.words218" starttime="709.78" endtime="710.55">made</w>
   <w nite:id="ES2003a.C.words219" starttime="710.55" endtime="710.55" punc="true">,</w>
   <w nite:id="ES2003a.C.words220" starttime="710.55" endtime="710.77">okay</w>
   <w nite:id="ES2003a.C.words221" starttime="710.77" endtime="710.77" punc="true">.</w>
   <w nite:id="ES2003a.C.words222" starttime="717.09" endtime="717.26">Yeah</w>
   <w nite:id="ES2003a.C.words223" starttime="717.26" endtime="717.26" punc="true">.</w>
   <w nite:id="ES2003a.C.words224" starttime="820.69" endtime="820.86">Oh</w>
   <w nite:id="ES2003a.C.words225" starttime="820.86" endtime="820.86" punc="true">.</w>
   <w nite:id="ES2003a.C.words226" starttime="871.65" endtime="871.94">&#39;Kay</w>
   <w nite:id="ES2003a.C.words227" starttime="879.52" endtime="879.99">Well</w>
   <w nite:id="ES2003a.C.words228" starttime="879.99" endtime="880.32">um</w>
   <w nite:id="ES2003a.C.words229" starttime="880.32" endtime="880.46">I&#39;ve</w>
   <w nite:id="ES2003a.C.words230" starttime="880.46" endtime="880.93">noticed</w>
   <w nite:id="ES2003a.C.words231" starttime="880.93" endtime="881.22">that</w>
   <w nite:id="ES2003a.C.words232" starttime="881.22" endtime="882.32">uh</w>
   <w nite:id="ES2003a.C.words233" starttime="882.32" endtime="882.8">gaming</w>
   <w nite:id="ES2003a.C.words234" starttime="882.8" endtime="882.9" trunc="true">c</w>
   <w nite:id="ES2003a.C.words235" starttime="882.9" endtime="883.02" mispronounced="true">is</w>
   <w nite:id="ES2003a.C.words236" starttime="883.02" endtime="883.36">becoming</w>
   <w nite:id="ES2003a.C.words237" starttime="883.36" endtime="883.56">quite</w>
   <w nite:id="ES2003a.C.words238" starttime="883.56" endtime="884.03">popular</w>
   <w nite:id="ES2003a.C.words239" starttime="884.03" endtime="884.28">with</w>
   <w nite:id="ES2003a.C.words240" starttime="884.28" endtime="885.76">television</w>
   <w nite:id="ES2003a.C.words241" starttime="885.76" endtime="885.76" punc="true">,</w>
   <w nite:id="ES2003a.C.words242" starttime="885.76" endtime="886.01">um</w>
   <w nite:id="ES2003a.C.words243" starttime="886.01" endtime="886.14">when</w>
   <w nite:id="ES2003a.C.words244" starttime="886.14" endtime="886.19">I</w>
   <w nite:id="ES2003a.C.words245" starttime="886.19" endtime="886.33">was</w>
   <w nite:id="ES2003a.C.words246" starttime="886.33" endtime="886.64">younger</w>
   <w nite:id="ES2003a.C.words247" starttime="886.64" endtime="886.8">we</w>
   <w nite:id="ES2003a.C.words248" starttime="886.8" endtime="886.94">used</w>
   <w nite:id="ES2003a.C.words249" starttime="886.94" endtime="887.02">to</w>
   <w nite:id="ES2003a.C.words250" starttime="887.02" endtime="887.37" trunc="true">e</w>
   <w nite:id="ES2003a.C.words251" starttime="887.37" endtime="887.59">play</w>
   <w nite:id="ES2003a.C.words252" starttime="887.59" endtime="888.35">games</w>
   <w nite:id="ES2003a.C.words253" starttime="888.35" endtime="888.67">using</w>
   <w nite:id="ES2003a.C.words254" starttime="888.67" endtime="888.82">our</w>
   <w nite:id="ES2003a.C.words255" starttime="888.82" endtime="889.58">cable</w>
   <w nite:id="ES2003a.C.words256" starttime="889.58" endtime="889.58" punc="true">,</w>
   <w nite:id="ES2003a.C.words257" starttime="889.58" endtime="889.82">using</w>
   <w nite:id="ES2003a.C.words258" starttime="889.82" endtime="889.93">the</w>
   <w nite:id="ES2003a.C.words259" starttime="889.93" endtime="891.24">cable</w>
   <w nite:id="ES2003a.C.words260" starttime="891.24" endtime="891.76">subscribed</w>
   <w nite:id="ES2003a.C.words261" starttime="891.76" endtime="891.85">the</w>
   <w nite:id="ES2003a.C.words262" starttime="891.85" endtime="892.91">cable</w>
   <w nite:id="ES2003a.C.words263" starttime="892.91" endtime="894.52">providers</w>
   <w nite:id="ES2003a.C.words264" starttime="894.52" endtime="894.52" punc="true">,</w>
   <w nite:id="ES2003a.C.words265" starttime="894.52" endtime="894.69">but</w>
   <w nite:id="ES2003a.C.words266" starttime="894.69" endtime="894.83">our</w>
   <w nite:id="ES2003a.C.words267" starttime="894.83" endtime="895.1">remote</w>
   <w nite:id="ES2003a.C.words268" starttime="895.1" endtime="895.42">controls</w>
   <w nite:id="ES2003a.C.words269" starttime="895.42" endtime="895.51">would</w>
   <w nite:id="ES2003a.C.words270" starttime="895.51" endtime="895.64">get</w>
   <w nite:id="ES2003a.C.words271" starttime="895.64" endtime="895.88">worn</w>
   <w nite:id="ES2003a.C.words272" starttime="895.88" endtime="896.05">out</w>
   <w nite:id="ES2003a.C.words273" starttime="896.05" endtime="896.22">really</w>
   <w nite:id="ES2003a.C.words274" starttime="896.22" endtime="897.19">easily</w>
   <w nite:id="ES2003a.C.words275" starttime="897.19" endtime="897.19" punc="true">,</w>
   <w nite:id="ES2003a.C.words276" starttime="897.19" endtime="898.2">and</w>
   <vocalsound nite:id="ES2003a.C.words277" starttime="898.2" endtime="898.2" type="other"/>
   <w nite:id="ES2003a.C.words278" starttime="898.2" endtime="898.31">the</w>
   <w nite:id="ES2003a.C.words279" starttime="898.31" endtime="898.61">remote</w>
   <w nite:id="ES2003a.C.words280" starttime="898.61" endtime="898.93">control</w>
   <w nite:id="ES2003a.C.words281" starttime="898.93" endtime="899.03">was</w>
   <w nite:id="ES2003a.C.words282" starttime="899.03" endtime="899.19">not</w>
   <w nite:id="ES2003a.C.words283" starttime="899.19" endtime="899.26">a</w>
   <w nite:id="ES2003a.C.words284" starttime="899.26" endtime="899.67">great</w>
   <w nite:id="ES2003a.C.words285" starttime="899.67" endtime="899.91">kind</w>
   <w nite:id="ES2003a.C.words286" starttime="899.91" endtime="899.98">of</w>
   <w nite:id="ES2003a.C.words287" starttime="899.98" endtime="900.64" trunc="true">keyboar</w>
   <w nite:id="ES2003a.C.words288" starttime="900.64" endtime="900.64" punc="true">,</w>
   <w nite:id="ES2003a.C.words289" starttime="900.64" endtime="901.3">um</w>
   <w nite:id="ES2003a.C.words290" starttime="901.3" endtime="902.02">keypad</w>
   <w nite:id="ES2003a.C.words291" starttime="902.02" endtime="902.02" punc="true">,</w>
   <w nite:id="ES2003a.C.words292" starttime="902.02" endtime="902.2">for</w>
   <w nite:id="ES2003a.C.words293" starttime="902.2" endtime="902.51">playing</w>
   <w nite:id="ES2003a.C.words294" starttime="902.51" endtime="903.3">games</w>
   <w nite:id="ES2003a.C.words295" starttime="903.3" endtime="903.3" punc="true">.</w>
   <w nite:id="ES2003a.C.words296" starttime="903.3" endtime="903.44">So</w>
   <w nite:id="ES2003a.C.words297" starttime="903.44" endtime="903.78">perhaps</w>
   <w nite:id="ES2003a.C.words298" starttime="903.78" endtime="903.95">one</w>
   <w nite:id="ES2003a.C.words299" starttime="903.95" endtime="904.07">that</w>
   <w nite:id="ES2003a.C.words300" starttime="904.07" endtime="904.26">was</w>
   <w nite:id="ES2003a.C.words301" starttime="904.26" endtime="904.53">more</w>
   <w nite:id="ES2003a.C.words302" starttime="904.53" endtime="904.84">um</w>
   <w nite:id="ES2003a.C.words303" starttime="906.44" endtime="907.08">specialised</w>
   <w nite:id="ES2003a.C.words304" starttime="907.08" endtime="907.32">for</w>
   <w nite:id="ES2003a.C.words305" starttime="907.32" endtime="907.6">game</w>
   <w nite:id="ES2003a.C.words306" starttime="907.6" endtime="907.95">playing</w>
   <w nite:id="ES2003a.C.words307" starttime="907.95" endtime="908.13">or</w>
   <w nite:id="ES2003a.C.words308" starttime="908.13" endtime="908.55">interactive</w>
   <w nite:id="ES2003a.C.words309" starttime="908.55" endtime="910.0">television</w>
   <w nite:id="ES2003a.C.words310" starttime="910.0" endtime="910.0" punc="true">.</w>
   <vocalsound nite:id="ES2003a.C.words311" starttime="910.0" endtime="910.0" type="other"/>
   <w nite:id="ES2003a.C.words312" starttime="910.0" endtime="910.27">They</w>
   <w nite:id="ES2003a.C.words313" starttime="910.27" endtime="910.43">they&#39;ve</w>
   <w nite:id="ES2003a.C.words314" starttime="910.43" endtime="910.75">recently</w>
   <w nite:id="ES2003a.C.words315" starttime="910.75" endtime="910.95">brought</w>
   <w nite:id="ES2003a.C.words316" starttime="910.95" endtime="911.06">out</w>
   <w nite:id="ES2003a.C.words317" starttime="911.06" endtime="911.26">this</w>
   <w nite:id="ES2003a.C.words318" starttime="911.26" endtime="911.79">new</w>
   <w nite:id="ES2003a.C.words319" starttime="911.79" endtime="912.07">remote</w>
   <w nite:id="ES2003a.C.words320" starttime="912.07" endtime="912.94">control</w>
   <w nite:id="ES2003a.C.words321" starttime="912.94" endtime="912.94" punc="true">,</w>
   <w nite:id="ES2003a.C.words322" starttime="912.94" endtime="913.04">for</w>
   <w nite:id="ES2003a.C.words323" starttime="913.04" endtime="913.23">people</w>
   <w nite:id="ES2003a.C.words324" starttime="913.23" endtime="913.39">to</w>
   <w nite:id="ES2003a.C.words325" starttime="913.39" endtime="913.97">set</w>
   <w nite:id="ES2003a.C.words326" starttime="913.97" endtime="914.56">their</w>
   <w nite:id="ES2003a.C.words327" starttime="914.56" endtime="914.87">favourite</w>
   <w nite:id="ES2003a.C.words328" starttime="914.87" endtime="915.39">channels</w>
   <w nite:id="ES2003a.C.words329" starttime="915.39" endtime="915.39" punc="true">,</w>
   <w nite:id="ES2003a.C.words330" starttime="915.39" endtime="915.7">or</w>
   <w nite:id="ES2003a.C.words331" starttime="915.7" endtime="916.38">um</w>
   <w nite:id="ES2003a.C.words332" starttime="916.38" endtime="916.5">to</w>
   <w nite:id="ES2003a.C.words333" starttime="916.5" endtime="916.88">record</w>
   <w nite:id="ES2003a.C.words334" starttime="916.88" endtime="917.64">things</w>
   <w nite:id="ES2003a.C.words335" starttime="917.64" endtime="917.64" punc="true">.</w>
   <w nite:id="ES2003a.C.words336" starttime="917.64" endtime="917.89">Instead</w>
   <w nite:id="ES2003a.C.words337" starttime="917.89" endtime="917.95">of</w>
   <w nite:id="ES2003a.C.words338" starttime="917.95" endtime="918.65">people</w>
   <w nite:id="ES2003a.C.words339" starttime="918.65" endtime="919.11">entering</w>
   <w nite:id="ES2003a.C.words340" starttime="919.11" endtime="919.33">in</w>
   <w nite:id="ES2003a.C.words341" starttime="919.33" endtime="919.5">what</w>
   <w nite:id="ES2003a.C.words342" starttime="919.5" endtime="920.2">time</w>
   <w nite:id="ES2003a.C.words343" starttime="920.2" endtime="920.4">things</w>
   <w nite:id="ES2003a.C.words344" starttime="920.4" endtime="920.95">start</w>
   <w nite:id="ES2003a.C.words345" starttime="920.95" endtime="920.95" punc="true">,</w>
   <w nite:id="ES2003a.C.words346" starttime="920.95" endtime="921.05">you</w>
   <w nite:id="ES2003a.C.words347" starttime="921.05" endtime="921.37">simply</w>
   <w nite:id="ES2003a.C.words348" starttime="921.37" endtime="922.0" trunc="true">stri</w>
   <w nite:id="ES2003a.C.words349" starttime="922.0" endtime="922.32">slide</w>
   <w nite:id="ES2003a.C.words350" starttime="922.32" endtime="922.37">a</w>
   <w nite:id="ES2003a.C.words351" starttime="922.37" endtime="922.66">bar</w>
   <w nite:id="ES2003a.C.words352" starttime="922.66" endtime="922.78">to</w>
   <w nite:id="ES2003a.C.words353" starttime="922.78" endtime="922.94">say</w>
   <w nite:id="ES2003a.C.words354" starttime="922.94" endtime="923.06">what</w>
   <w nite:id="ES2003a.C.words355" starttime="923.06" endtime="923.26">time</w>
   <w nite:id="ES2003a.C.words356" starttime="923.26" endtime="923.34">it</w>
   <w nite:id="ES2003a.C.words357" starttime="923.34" endtime="924.71">begins</w>
   <w nite:id="ES2003a.C.words358" starttime="924.71" endtime="924.71" punc="true">,</w>
   <w nite:id="ES2003a.C.words359" starttime="924.71" endtime="925.04">and</w>
   <w nite:id="ES2003a.C.words360" starttime="925.04" endtime="925.34">slide</w>
   <w nite:id="ES2003a.C.words361" starttime="925.34" endtime="925.64">another</w>
   <w nite:id="ES2003a.C.words362" starttime="925.64" endtime="925.88">bar</w>
   <w nite:id="ES2003a.C.words363" starttime="925.88" endtime="925.96">to</w>
   <w nite:id="ES2003a.C.words364" starttime="925.96" endtime="926.11">say</w>
   <w nite:id="ES2003a.C.words365" starttime="926.11" endtime="926.24">what</w>
   <w nite:id="ES2003a.C.words366" starttime="926.24" endtime="926.46">time</w>
   <w nite:id="ES2003a.C.words367" starttime="926.46" endtime="926.56">it</w>
   <w nite:id="ES2003a.C.words368" starttime="926.56" endtime="927.1">ends</w>
   <w nite:id="ES2003a.C.words369" starttime="927.1" endtime="927.1" punc="true">,</w>
   <w nite:id="ES2003a.C.words370" starttime="927.1" endtime="927.21">you</w>
   <w nite:id="ES2003a.C.words371" starttime="927.21" endtime="927.31">know</w>
   <w nite:id="ES2003a.C.words372" starttime="927.31" endtime="927.68">that&#39;s</w>
   <disfmarker nite:id="ES2003a.C.words373" starttime="927.68" endtime="927.776"/>
   <w nite:id="ES2003a.C.words374" starttime="930.48" endtime="930.7">Yeah</w>
   <w nite:id="ES2003a.C.words375" starttime="930.7" endtime="930.7" punc="true">,</w>
   <w nite:id="ES2003a.C.words376" starttime="930.7" endtime="931.04">it&#39;s</w>
   <w nite:id="ES2003a.C.words377" starttime="931.04" endtime="931.26">it&#39;s</w>
   <w nite:id="ES2003a.C.words378" starttime="931.26" endtime="931.56">taken</w>
   <w nite:id="ES2003a.C.words379" starttime="931.56" endtime="931.73">out</w>
   <w nite:id="ES2003a.C.words380" starttime="931.73" endtime="932.25">the</w>
   <disfmarker nite:id="ES2003a.C.words381" starttime="932.25" endtime="932.416"/>
   <w nite:id="ES2003a.C.words382" starttime="933.87" endtime="934.06" trunc="true">Y</w>
   <w nite:id="ES2003a.C.words383" starttime="934.06" endtime="934.15">you</w>
   <w nite:id="ES2003a.C.words384" starttime="934.15" endtime="934.33">don&#39;t</w>
   <w nite:id="ES2003a.C.words385" starttime="934.33" endtime="934.49">have</w>
   <w nite:id="ES2003a.C.words386" starttime="934.49" endtime="934.61">to</w>
   <w nite:id="ES2003a.C.words387" starttime="934.61" endtime="934.8">be</w>
   <w nite:id="ES2003a.C.words388" starttime="934.8" endtime="936.07">uh</w>
   <w nite:id="ES2003a.C.words389" starttime="936.07" endtime="936.27">really</w>
   <w nite:id="ES2003a.C.words390" starttime="936.27" endtime="936.87">clever</w>
   <w nite:id="ES2003a.C.words391" starttime="936.87" endtime="937.0">to</w>
   <w nite:id="ES2003a.C.words392" starttime="937.0" endtime="937.16">use</w>
   <w nite:id="ES2003a.C.words393" starttime="937.16" endtime="937.2">a</w>
   <w nite:id="ES2003a.C.words394" starttime="937.2" endtime="937.45">remote</w>
   <w nite:id="ES2003a.C.words395" starttime="937.45" endtime="937.79">control</w>
   <w nite:id="ES2003a.C.words396" starttime="937.79" endtime="937.79" punc="true">.</w>
   <w nite:id="ES2003a.C.words397" starttime="937.79" endtime="937.85">I</w>
   <w nite:id="ES2003a.C.words398" starttime="937.85" endtime="938.06">think</w>
   <w nite:id="ES2003a.C.words399" starttime="938.06" endtime="938.16">for</w>
   <w nite:id="ES2003a.C.words400" starttime="938.16" endtime="938.54">gaming</w>
   <w nite:id="ES2003a.C.words401" starttime="938.54" endtime="938.54" punc="true">,</w>
   <w nite:id="ES2003a.C.words402" starttime="938.54" endtime="938.68">you</w>
   <w nite:id="ES2003a.C.words403" starttime="938.68" endtime="938.78">know</w>
   <w nite:id="ES2003a.C.words404" starttime="938.78" endtime="938.89">you</w>
   <w nite:id="ES2003a.C.words405" starttime="938.89" endtime="939.43">want</w>
   <w nite:id="ES2003a.C.words406" starttime="939.43" endtime="939.53">you</w>
   <w nite:id="ES2003a.C.words407" starttime="939.53" endtime="939.67">want</w>
   <w nite:id="ES2003a.C.words408" starttime="939.67" endtime="939.81">some</w>
   <w nite:id="ES2003a.C.words409" starttime="939.81" endtime="940.08">big</w>
   <w nite:id="ES2003a.C.words410" starttime="940.08" endtime="940.42">buttons</w>
   <w nite:id="ES2003a.C.words411" starttime="940.42" endtime="940.66">for</w>
   <w nite:id="ES2003a.C.words412" starttime="940.66" endtime="940.89">up</w>
   <w nite:id="ES2003a.C.words413" starttime="940.89" endtime="940.89" punc="true">,</w>
   <w nite:id="ES2003a.C.words414" starttime="940.89" endtime="941.25">down</w>
   <w nite:id="ES2003a.C.words415" starttime="941.25" endtime="941.25" punc="true">,</w>
   <w nite:id="ES2003a.C.words416" starttime="941.25" endtime="941.45">left</w>
   <w nite:id="ES2003a.C.words417" starttime="941.45" endtime="941.63">and</w>
   <w nite:id="ES2003a.C.words418" starttime="941.63" endtime="941.96">right</w>
   <w nite:id="ES2003a.C.words419" starttime="941.96" endtime="941.96" punc="true">,</w>
   <w nite:id="ES2003a.C.words420" starttime="941.96" endtime="942.58">shoot</w>
   <w nite:id="ES2003a.C.words421" starttime="942.58" endtime="942.58" punc="true">.</w>
   <vocalsound nite:id="ES2003a.C.words422" starttime="943.086" endtime="943.787" type="other"/>
   <w nite:id="ES2003a.C.words423" starttime="944.45" endtime="944.9">Uh</w>
   <w nite:id="ES2003a.C.words424" starttime="944.9" endtime="944.9" punc="true">,</w>
   <w nite:id="ES2003a.C.words425" starttime="944.9" endtime="945.07">you</w>
   <w nite:id="ES2003a.C.words426" starttime="945.07" endtime="945.22">wanna</w>
   <w nite:id="ES2003a.C.words427" starttime="945.22" endtime="945.3">be</w>
   <w nite:id="ES2003a.C.words428" starttime="945.3" endtime="945.47">able</w>
   <w nite:id="ES2003a.C.words429" starttime="945.47" endtime="946.27">to</w>
   <w nite:id="ES2003a.C.words430" starttime="946.27" endtime="946.67">change</w>
   <w nite:id="ES2003a.C.words431" starttime="946.67" endtime="947.26">angles</w>
   <w nite:id="ES2003a.C.words432" starttime="947.26" endtime="947.41">in</w>
   <w nite:id="ES2003a.C.words433" starttime="947.41" endtime="947.88">interactive</w>
   <w nite:id="ES2003a.C.words434" starttime="947.88" endtime="948.53">television</w>
   <w nite:id="ES2003a.C.words435" starttime="948.53" endtime="948.53" punc="true">,</w>
   <w nite:id="ES2003a.C.words436" starttime="948.53" endtime="948.82">so</w>
   <w nite:id="ES2003a.C.words437" starttime="948.82" endtime="948.88">you</w>
   <w nite:id="ES2003a.C.words438" starttime="948.88" endtime="949.06">need</w>
   <w nite:id="ES2003a.C.words439" starttime="949.06" endtime="949.37">buttons</w>
   <w nite:id="ES2003a.C.words440" starttime="949.37" endtime="949.5">to</w>
   <w nite:id="ES2003a.C.words441" starttime="949.5" endtime="949.75">change</w>
   <w nite:id="ES2003a.C.words442" starttime="949.75" endtime="949.81">the</w>
   <w nite:id="ES2003a.C.words443" starttime="949.81" endtime="950.33">television</w>
   <w nite:id="ES2003a.C.words444" starttime="950.33" endtime="950.97">angle</w>
   <w nite:id="ES2003a.C.words445" starttime="950.97" endtime="950.97" punc="true">,</w>
   <w nite:id="ES2003a.C.words446" starttime="950.97" endtime="951.08">the</w>
   <w nite:id="ES2003a.C.words447" starttime="951.08" endtime="951.43">camera</w>
   <w nite:id="ES2003a.C.words448" starttime="951.43" endtime="951.76">angles</w>
   <w nite:id="ES2003a.C.words449" starttime="951.76" endtime="951.88">and</w>
   <w nite:id="ES2003a.C.words450" starttime="951.88" endtime="952.09">stuff</w>
   <w nite:id="ES2003a.C.words451" starttime="952.09" endtime="952.22">like</w>
   <w nite:id="ES2003a.C.words452" starttime="952.22" endtime="952.37">that</w>
   <w nite:id="ES2003a.C.words453" starttime="952.37" endtime="952.37" punc="true">.</w>
   <w nite:id="ES2003a.C.words454" starttime="955.24" endtime="955.5">Yeah</w>
   <w nite:id="ES2003a.C.words455" starttime="955.5" endtime="955.5" punc="true">.</w>
   <w nite:id="ES2003a.C.words456" starttime="991.23" endtime="991.36">What</w>
   <w nite:id="ES2003a.C.words457" starttime="991.36" endtime="991.43">the</w>
   <w nite:id="ES2003a.C.words458" starttime="991.43" endtime="991.69">user</w>
   <w nite:id="ES2003a.C.words459" starttime="991.69" endtime="992.27">wants</w>
   <w nite:id="ES2003a.C.words460" starttime="992.27" endtime="992.37">uh</w>
   <w nite:id="ES2003a.C.words461" starttime="992.37" endtime="992.37" punc="true">.</w>
   <w nite:id="ES2003a.C.words462" starttime="993.45" endtime="993.78">Okay</w>
   <w nite:id="ES2003a.C.words463" starttime="993.78" endtime="993.78" punc="true">.</w>
   <w nite:id="ES2003a.C.words464" starttime="1008.75" endtime="1009.44">Oh</w>
   <w nite:id="ES2003a.C.words465" starttime="1009.44" endtime="1009.44" punc="true">.</w>
   <w nite:id="ES2003a.C.words466" starttime="1009.44" endtime="1010.32">Okay</w>
   <w nite:id="ES2003a.C.words467" starttime="1010.32" endtime="1010.32" punc="true">,</w>
   <gap nite:id="ES2003a.C.words468" starttime="1010.32" endtime="1010.32"/>
   <w nite:id="ES2003a.C.words469" starttime="1010.32" endtime="1010.32" punc="true">.</w>
   <w nite:id="ES2003a.C.words470" starttime="1013.59" endtime="1013.84">Mm-hmm</w>
   <w nite:id="ES2003a.C.words471" starttime="1013.84" endtime="1013.84" punc="true">.</w>
   <w nite:id="ES2003a.C.words472" starttime="1109.99" endtime="1111.08">&#39;Kay</w>
   <w nite:id="ES2003a.C.words473" starttime="1111.08" endtime="1111.08" punc="true">.</w>
   <w nite:id="ES2003a.C.words474" starttime="1111.08" endtime="1111.28">So</w>
   <w nite:id="ES2003a.C.words475" starttime="1111.28" endtime="1111.28" punc="true">.</w>
   <gap nite:id="ES2003a.C.words476" starttime="1116.912" endtime="1118.446"/>
   <w nite:id="ES2003a.C.words477" starttime="1118.446" endtime="1118.446" punc="true">.</w>
</nite:root>