<?xml version="1.0" encoding="ISO-8859-1" standalone="yes"?>
<nite:root nite:id="ES2003d.D.words" xmlns:nite="http://nite.sourceforge.net/">
   <vocalsound nite:id="ES2003d.D.words0" starttime="89.252" endtime="90.259" type="laugh"/>
   <w nite:id="ES2003d.D.words1" starttime="245.79" endtime="246.67">Um</w>
   <w nite:id="ES2003d.D.words2" starttime="246.67" endtime="246.94">obviously</w>
   <w nite:id="ES2003d.D.words3" starttime="246.94" endtime="247.05">it&#39;s</w>
   <w nite:id="ES2003d.D.words4" starttime="247.05" endtime="247.24">gonna</w>
   <w nite:id="ES2003d.D.words5" starttime="247.24" endtime="247.33">be</w>
   <w nite:id="ES2003d.D.words6" starttime="247.33" endtime="247.82">bulkier</w>
   <w nite:id="ES2003d.D.words7" starttime="247.82" endtime="248.37">than</w>
   <w nite:id="ES2003d.D.words8" starttime="248.37" endtime="248.51">how</w>
   <w nite:id="ES2003d.D.words9" starttime="248.51" endtime="248.58">it</w>
   <w nite:id="ES2003d.D.words10" starttime="248.58" endtime="248.92">looks</w>
   <w nite:id="ES2003d.D.words11" starttime="248.92" endtime="248.92" punc="true">,</w>
   <w nite:id="ES2003d.D.words12" starttime="248.92" endtime="250.0">because</w>
   <w nite:id="ES2003d.D.words13" starttime="250.0" endtime="250.14">it&#39;s</w>
   <w nite:id="ES2003d.D.words14" starttime="250.14" endtime="250.31">gonna</w>
   <w nite:id="ES2003d.D.words15" starttime="250.31" endtime="250.43">be</w>
   <w nite:id="ES2003d.D.words16" starttime="250.43" endtime="250.68">flat</w>
   <w nite:id="ES2003d.D.words17" starttime="250.68" endtime="250.87">on</w>
   <w nite:id="ES2003d.D.words18" starttime="250.87" endtime="251.01">one</w>
   <w nite:id="ES2003d.D.words19" starttime="251.01" endtime="251.84">side</w>
   <w nite:id="ES2003d.D.words20" starttime="251.84" endtime="251.84" punc="true">,</w>
   <w nite:id="ES2003d.D.words21" starttime="251.84" endtime="251.99">so</w>
   <w nite:id="ES2003d.D.words22" starttime="251.99" endtime="252.07">the</w>
   <w nite:id="ES2003d.D.words23" starttime="252.07" endtime="252.49">L_C_D_</w>
   <w nite:id="ES2003d.D.words24" starttime="252.49" endtime="252.67">will</w>
   <w nite:id="ES2003d.D.words25" starttime="252.67" endtime="252.76">be</w>
   <w nite:id="ES2003d.D.words26" starttime="252.76" endtime="253.0" trunc="true">s</w>
   <w nite:id="ES2003d.D.words27" starttime="253.0" endtime="253.33">sticking</w>
   <w nite:id="ES2003d.D.words28" starttime="253.33" endtime="253.54">down</w>
   <w nite:id="ES2003d.D.words29" starttime="253.54" endtime="253.67">like</w>
   <w nite:id="ES2003d.D.words30" starttime="253.67" endtime="253.91">this</w>
   <w nite:id="ES2003d.D.words31" starttime="253.91" endtime="253.91" punc="true">,</w>
   <w nite:id="ES2003d.D.words32" starttime="253.91" endtime="254.09">won&#39;t</w>
   <w nite:id="ES2003d.D.words33" starttime="254.09" endtime="255.97">it</w>
   <w nite:id="ES2003d.D.words34" starttime="255.97" endtime="255.97" punc="true">?</w>
   <w nite:id="ES2003d.D.words35" starttime="255.97" endtime="256.21">&#39;Cause</w>
   <w nite:id="ES2003d.D.words36" starttime="256.21" endtime="256.59">it</w>
   <disfmarker nite:id="ES2003d.D.words37" starttime="256.59" endtime="256.59"/>
   <w nite:id="ES2003d.D.words38" starttime="256.59" endtime="256.65">you</w>
   <w nite:id="ES2003d.D.words39" starttime="256.65" endtime="256.9">can&#39;t</w>
   <w nite:id="ES2003d.D.words40" starttime="256.9" endtime="257.02">get</w>
   <w nite:id="ES2003d.D.words41" starttime="257.02" endtime="257.1">it</w>
   <w nite:id="ES2003d.D.words42" starttime="257.1" endtime="257.45">curved</w>
   <w nite:id="ES2003d.D.words43" starttime="257.45" endtime="257.45" punc="true">.</w>
   <w nite:id="ES2003d.D.words44" starttime="258.64" endtime="259.1">Uh</w>
   <w nite:id="ES2003d.D.words45" starttime="259.1" endtime="259.35">because</w>
   <w nite:id="ES2003d.D.words46" starttime="259.35" endtime="259.48">of</w>
   <w nite:id="ES2003d.D.words47" starttime="259.48" endtime="260.41">costs</w>
   <w nite:id="ES2003d.D.words48" starttime="260.41" endtime="260.41" punc="true">.</w>
   <w nite:id="ES2003d.D.words49" starttime="260.41" endtime="260.56">And</w>
   <w nite:id="ES2003d.D.words50" starttime="260.56" endtime="260.66">it&#39;s</w>
   <w nite:id="ES2003d.D.words51" starttime="260.66" endtime="261.1">plastic</w>
   <w nite:id="ES2003d.D.words52" starttime="261.1" endtime="261.24">as</w>
   <w nite:id="ES2003d.D.words53" starttime="261.24" endtime="261.52">well</w>
   <w nite:id="ES2003d.D.words54" starttime="261.52" endtime="261.52" punc="true">,</w>
   <w nite:id="ES2003d.D.words55" starttime="261.52" endtime="262.09">so</w>
   <w nite:id="ES2003d.D.words56" starttime="262.09" endtime="262.39">it</w>
   <w nite:id="ES2003d.D.words57" starttime="262.39" endtime="262.56">won&#39;t</w>
   <w nite:id="ES2003d.D.words58" starttime="262.56" endtime="262.71">be</w>
   <w nite:id="ES2003d.D.words59" starttime="262.71" endtime="263.37">as</w>
   <w nite:id="ES2003d.D.words60" starttime="263.37" endtime="263.85">comfortable</w>
   <w nite:id="ES2003d.D.words61" starttime="263.85" endtime="263.96">on</w>
   <w nite:id="ES2003d.D.words62" starttime="263.96" endtime="264.06">the</w>
   <w nite:id="ES2003d.D.words63" starttime="264.06" endtime="264.38">hand</w>
   <w nite:id="ES2003d.D.words64" starttime="264.38" endtime="264.38" punc="true">.</w>
   <w nite:id="ES2003d.D.words65" starttime="295.23" endtime="296.5">Yeah</w>
   <w nite:id="ES2003d.D.words66" starttime="296.5" endtime="296.5" punc="true">,</w>
   <gap nite:id="ES2003d.D.words67" starttime="296.5" endtime="296.5"/>
   <w nite:id="ES2003d.D.words68" starttime="296.5" endtime="296.5" punc="true">.</w>
   <vocalsound nite:id="ES2003d.D.words69" starttime="296.5" endtime="296.767" type="laugh"/>
   <w nite:id="ES2003d.D.words70" starttime="473.2" endtime="473.87">One</w>
   <w nite:id="ES2003d.D.words71" starttime="473.87" endtime="473.87" punc="true">.</w>
   <w nite:id="ES2003d.D.words72" starttime="473.87" endtime="474.09">Yeah</w>
   <w nite:id="ES2003d.D.words73" starttime="474.09" endtime="474.09" punc="true">.</w>
   <vocalsound nite:id="ES2003d.D.words74" starttime="474.796" endtime="475.765" type="cough"/>
   <w nite:id="ES2003d.D.words75" starttime="497.78" endtime="497.95">What</w>
   <w nite:id="ES2003d.D.words76" starttime="497.95" endtime="498.48">about</w>
   <disfmarker nite:id="ES2003d.D.words77" starttime="498.48" endtime="498.48"/>
   <w nite:id="ES2003d.D.words78" starttime="498.48" endtime="498.69">what</w>
   <w nite:id="ES2003d.D.words79" starttime="498.69" endtime="498.84">if</w>
   <w nite:id="ES2003d.D.words80" starttime="498.84" endtime="499.82">the</w>
   <w nite:id="ES2003d.D.words81" starttime="499.82" endtime="499.89">the</w>
   <w nite:id="ES2003d.D.words82" starttime="499.89" endtime="500.32">volume</w>
   <w nite:id="ES2003d.D.words83" starttime="500.32" endtime="500.52">on</w>
   <w nite:id="ES2003d.D.words84" starttime="500.52" endtime="500.74">the</w>
   <w nite:id="ES2003d.D.words85" starttime="500.74" endtime="501.95">T_V_&#39;s</w>
   <w nite:id="ES2003d.D.words86" starttime="501.95" endtime="502.28">turned</w>
   <w nite:id="ES2003d.D.words87" starttime="502.28" endtime="502.45">up</w>
   <w nite:id="ES2003d.D.words88" starttime="502.45" endtime="503.92">massively</w>
   <w nite:id="ES2003d.D.words89" starttime="503.92" endtime="504.24">and</w>
   <w nite:id="ES2003d.D.words90" starttime="504.24" endtime="504.93">uh</w>
   <w nite:id="ES2003d.D.words91" starttime="504.93" endtime="505.1">you</w>
   <w nite:id="ES2003d.D.words92" starttime="505.1" endtime="505.27">just</w>
   <w nite:id="ES2003d.D.words93" starttime="505.27" endtime="505.46">wanna</w>
   <w nite:id="ES2003d.D.words94" starttime="505.46" endtime="505.63">turn</w>
   <w nite:id="ES2003d.D.words95" starttime="505.63" endtime="505.8">down</w>
   <w nite:id="ES2003d.D.words96" starttime="505.8" endtime="505.87">the</w>
   <w nite:id="ES2003d.D.words97" starttime="505.87" endtime="506.21">volume</w>
   <gap nite:id="ES2003d.D.words98" starttime="506.21" endtime="506.21"/>
   <w nite:id="ES2003d.D.words99" starttime="506.21" endtime="506.57">can&#39;t</w>
   <w nite:id="ES2003d.D.words100" starttime="506.57" endtime="507.15">find</w>
   <w nite:id="ES2003d.D.words101" starttime="507.15" endtime="507.51">remote</w>
   <w nite:id="ES2003d.D.words102" starttime="507.51" endtime="507.51" punc="true">.</w>
   <w nite:id="ES2003d.D.words103" starttime="508.76" endtime="509.05">Suppose</w>
   <w nite:id="ES2003d.D.words104" starttime="509.05" endtime="509.12">you</w>
   <w nite:id="ES2003d.D.words105" starttime="509.12" endtime="509.21">have</w>
   <w nite:id="ES2003d.D.words106" starttime="509.21" endtime="509.29">to</w>
   <w nite:id="ES2003d.D.words107" starttime="509.29" endtime="509.44">go</w>
   <w nite:id="ES2003d.D.words108" starttime="509.44" endtime="509.53">to</w>
   <w nite:id="ES2003d.D.words109" starttime="509.53" endtime="509.59" mispronounced="true">the</w>
   <w nite:id="ES2003d.D.words110" starttime="509.59" endtime="509.96">T_V_</w>
   <w nite:id="ES2003d.D.words111" starttime="509.96" endtime="510.86">and</w>
   <w nite:id="ES2003d.D.words112" starttime="510.86" endtime="510.99">do</w>
   <w nite:id="ES2003d.D.words113" starttime="510.99" endtime="511.06">it</w>
   <w nite:id="ES2003d.D.words114" starttime="511.06" endtime="512.2">manually</w>
   <w nite:id="ES2003d.D.words115" starttime="512.2" endtime="512.2" punc="true">.</w>
   <w nite:id="ES2003d.D.words116" starttime="512.2" endtime="512.41">Mm</w>
   <w nite:id="ES2003d.D.words117" starttime="512.41" endtime="512.41" punc="true">.</w>
   <w nite:id="ES2003d.D.words118" starttime="513.66" endtime="513.82">Like</w>
   <w nite:id="ES2003d.D.words119" starttime="513.82" endtime="514.01" trunc="true">y</w>
   <w nite:id="ES2003d.D.words120" starttime="514.01" endtime="514.16">you</w>
   <w nite:id="ES2003d.D.words121" starttime="514.16" endtime="514.38">wouldn&#39;t</w>
   <w nite:id="ES2003d.D.words122" starttime="514.38" endtime="514.6">hear</w>
   <w nite:id="ES2003d.D.words123" starttime="514.6" endtime="514.83">the</w>
   <w nite:id="ES2003d.D.words124" starttime="514.83" endtime="515.79">speaker</w>
   <gap nite:id="ES2003d.D.words125" starttime="515.79" endtime="515.79"/>
   <w nite:id="ES2003d.D.words126" starttime="515.79" endtime="515.79" punc="true">.</w>
   <vocalsound nite:id="ES2003d.D.words127" starttime="865.936" endtime="869.304" type="laugh"/>
   <w nite:id="ES2003d.D.words128" starttime="907.05" endtime="907.49">Mm</w>
   <w nite:id="ES2003d.D.words129" starttime="907.49" endtime="907.49" punc="true">.</w>
   <vocalsound nite:id="ES2003d.D.words130" starttime="911.4" endtime="913.675" type="laugh"/>
   <w nite:id="ES2003d.D.words131" starttime="922.65" endtime="923.53">That&#39;s</w>
   <w nite:id="ES2003d.D.words132" starttime="923.53" endtime="923.67">too</w>
   <w nite:id="ES2003d.D.words133" starttime="923.67" endtime="924.88">expensive</w>
   <gap nite:id="ES2003d.D.words134" starttime="924.88" endtime="924.88"/>
   <w nite:id="ES2003d.D.words135" starttime="924.88" endtime="925.07">isn&#39;t</w>
   <w nite:id="ES2003d.D.words136" starttime="925.07" endtime="925.28">it</w>
   <w nite:id="ES2003d.D.words137" starttime="925.28" endtime="925.28" punc="true">?</w>
   <w nite:id="ES2003d.D.words138" starttime="942.2" endtime="942.62">Yeah</w>
   <w nite:id="ES2003d.D.words139" starttime="942.62" endtime="942.62" punc="true">.</w>
   <vocalsound nite:id="ES2003d.D.words140" starttime="954.016" endtime="956.162" type="laugh"/>
   <w nite:id="ES2003d.D.words141" starttime="960.08" endtime="960.71">Fashion</w>
   <w nite:id="ES2003d.D.words142" starttime="960.71" endtime="960.71" punc="true">.</w>
   <w nite:id="ES2003d.D.words143" starttime="963.97" endtime="964.06">So</w>
   <w nite:id="ES2003d.D.words144" starttime="964.06" endtime="964.42">basically</w>
   <w nite:id="ES2003d.D.words145" starttime="964.42" endtime="964.51">the</w>
   <w nite:id="ES2003d.D.words146" starttime="964.51" endtime="964.74">only</w>
   <w nite:id="ES2003d.D.words147" starttime="964.74" endtime="964.98">new</w>
   <w nite:id="ES2003d.D.words148" starttime="964.98" endtime="965.5">thing</w>
   <w nite:id="ES2003d.D.words149" starttime="965.5" endtime="965.9">is</w>
   <w nite:id="ES2003d.D.words150" starttime="965.9" endtime="966.01">the</w>
   <w nite:id="ES2003d.D.words151" starttime="966.01" endtime="967.56">L_C_D_</w>
   <w nite:id="ES2003d.D.words152" starttime="967.56" endtime="967.73">on</w>
   <w nite:id="ES2003d.D.words153" starttime="967.73" endtime="967.8">the</w>
   <w nite:id="ES2003d.D.words154" starttime="967.8" endtime="968.14">remote</w>
   <w nite:id="ES2003d.D.words155" starttime="968.14" endtime="968.71">now</w>
   <w nite:id="ES2003d.D.words156" starttime="968.71" endtime="968.71" punc="true">.</w>
   <w nite:id="ES2003d.D.words157" starttime="969.84" endtime="969.98">Oh</w>
   <w nite:id="ES2003d.D.words158" starttime="969.98" endtime="969.98" punc="true">,</w>
   <w nite:id="ES2003d.D.words159" starttime="969.98" endtime="970.12">and</w>
   <w nite:id="ES2003d.D.words160" starttime="970.12" endtime="970.61">joystick</w>
   <w nite:id="ES2003d.D.words161" starttime="970.61" endtime="970.61" punc="true">,</w>
   <w nite:id="ES2003d.D.words162" starttime="970.61" endtime="970.77">yeah</w>
   <w nite:id="ES2003d.D.words163" starttime="970.77" endtime="970.77" punc="true">.</w>
   <w nite:id="ES2003d.D.words164" starttime="995.54" endtime="995.85">So</w>
   <disfmarker nite:id="ES2003d.D.words165" starttime="995.85" endtime="995.888"/>
   <w nite:id="ES2003d.D.words166" starttime="998.47" endtime="998.56">The</w>
   <w nite:id="ES2003d.D.words167" starttime="998.56" endtime="999.06">L_C_D_</w>
   <w nite:id="ES2003d.D.words168" starttime="999.06" endtime="999.46">basically</w>
   <w nite:id="ES2003d.D.words169" starttime="999.46" endtime="999.6">is</w>
   <w nite:id="ES2003d.D.words170" starttime="999.6" endtime="999.71">the</w>
   <w nite:id="ES2003d.D.words171" starttime="999.71" endtime="1000.12">big</w>
   <w nite:id="ES2003d.D.words172" starttime="1000.12" endtime="1000.51">selling</w>
   <w nite:id="ES2003d.D.words173" starttime="1000.51" endtime="1000.83">point</w>
   <w nite:id="ES2003d.D.words174" starttime="1000.83" endtime="1001.15">of</w>
   <w nite:id="ES2003d.D.words175" starttime="1002.62" endtime="1002.84">the</w>
   <w nite:id="ES2003d.D.words176" starttime="1002.84" endtime="1003.47">remote</w>
   <w nite:id="ES2003d.D.words177" starttime="1003.47" endtime="1003.47" punc="true">.</w>
   <w nite:id="ES2003d.D.words178" starttime="1009.86" endtime="1009.95">But</w>
   <w nite:id="ES2003d.D.words179" starttime="1009.95" endtime="1010.09">that&#39;s</w>
   <w nite:id="ES2003d.D.words180" starttime="1010.09" endtime="1010.2">what</w>
   <w nite:id="ES2003d.D.words181" starttime="1010.2" endtime="1010.47">makes</w>
   <w nite:id="ES2003d.D.words182" starttime="1010.47" endtime="1010.57">it</w>
   <w nite:id="ES2003d.D.words183" starttime="1010.57" endtime="1010.75">uh</w>
   <w nite:id="ES2003d.D.words184" starttime="1010.75" endtime="1011.27">original</w>
   <w nite:id="ES2003d.D.words185" starttime="1011.27" endtime="1011.48">though</w>
   <w nite:id="ES2003d.D.words186" starttime="1011.48" endtime="1011.48" punc="true">,</w>
   <w nite:id="ES2003d.D.words187" starttime="1011.48" endtime="1011.65">isn&#39;t</w>
   <w nite:id="ES2003d.D.words188" starttime="1011.65" endtime="1012.18">it</w>
   <w nite:id="ES2003d.D.words189" starttime="1012.18" endtime="1012.18" punc="true">?</w>
   <w nite:id="ES2003d.D.words190" starttime="1110.68" endtime="1110.79">It</w>
   <w nite:id="ES2003d.D.words191" starttime="1110.79" endtime="1110.93">can</w>
   <w nite:id="ES2003d.D.words192" starttime="1110.93" endtime="1111.05">be</w>
   <w nite:id="ES2003d.D.words193" starttime="1111.05" endtime="1111.15" trunc="true">s</w>
   <w nite:id="ES2003d.D.words194" starttime="1111.15" endtime="1111.4">yeah</w>
   <w nite:id="ES2003d.D.words195" starttime="1111.4" endtime="1111.4" punc="true">,</w>
   <w nite:id="ES2003d.D.words196" starttime="1111.4" endtime="1111.5">it</w>
   <w nite:id="ES2003d.D.words197" starttime="1111.5" endtime="1111.6">can</w>
   <w nite:id="ES2003d.D.words198" starttime="1111.6" endtime="1111.85">still</w>
   <w nite:id="ES2003d.D.words199" starttime="1111.85" endtime="1111.95">be</w>
   <w nite:id="ES2003d.D.words200" starttime="1111.95" endtime="1112.27">single</w>
   <w nite:id="ES2003d.D.words201" starttime="1112.27" endtime="1112.72">curved</w>
   <w nite:id="ES2003d.D.words202" starttime="1112.72" endtime="1112.72" punc="true">,</w>
   <w nite:id="ES2003d.D.words203" starttime="1112.72" endtime="1112.88">but</w>
   <disfmarker nite:id="ES2003d.D.words204" starttime="1112.88" endtime="1112.944"/>
   <w nite:id="ES2003d.D.words205" starttime="1113.58" endtime="1113.67">You</w>
   <w nite:id="ES2003d.D.words206" starttime="1113.67" endtime="1114.57">just</w>
   <gap nite:id="ES2003d.D.words207" starttime="1114.57" endtime="1114.57"/>
   <w nite:id="ES2003d.D.words208" starttime="1114.57" endtime="1114.57" punc="true">.</w>
   <w nite:id="ES2003d.D.words209" starttime="1133.28" endtime="1133.53">That&#39;s</w>
   <w nite:id="ES2003d.D.words210" starttime="1133.53" endtime="1133.63">what</w>
   <w nite:id="ES2003d.D.words211" starttime="1133.63" endtime="1133.72">we</w>
   <w nite:id="ES2003d.D.words212" starttime="1133.72" endtime="1133.93">need</w>
   <w nite:id="ES2003d.D.words213" starttime="1133.93" endtime="1134.06">for</w>
   <w nite:id="ES2003d.D.words214" starttime="1134.06" endtime="1134.17">the</w>
   <w nite:id="ES2003d.D.words215" starttime="1134.17" endtime="1134.76">joystick</w>
   <w nite:id="ES2003d.D.words216" starttime="1134.76" endtime="1134.8">I</w>
   <w nite:id="ES2003d.D.words217" starttime="1134.8" endtime="1135.0">think</w>
   <w nite:id="ES2003d.D.words218" starttime="1135.0" endtime="1135.12">though</w>
   <w nite:id="ES2003d.D.words219" starttime="1135.12" endtime="1135.12" punc="true">.</w>
   <w nite:id="ES2003d.D.words220" starttime="1216.98" endtime="1217.23">Costs</w>
   <w nite:id="ES2003d.D.words221" starttime="1217.23" endtime="1217.65">four</w>
   <w nite:id="ES2003d.D.words222" starttime="1217.65" endtime="1217.65" punc="true">.</w>
   <w nite:id="ES2003d.D.words223" starttime="1254.98" endtime="1255.24">Yeah</w>
   <w nite:id="ES2003d.D.words224" starttime="1255.24" endtime="1255.24" punc="true">.</w>
   <w nite:id="ES2003d.D.words225" starttime="1270.85" endtime="1270.88">Are</w>
   <w nite:id="ES2003d.D.words226" starttime="1270.88" endtime="1270.97">we</w>
   <w nite:id="ES2003d.D.words227" starttime="1270.97" endtime="1271.16">going</w>
   <w nite:id="ES2003d.D.words228" starttime="1271.16" endtime="1271.48">for</w>
   <w nite:id="ES2003d.D.words229" starttime="1271.48" endtime="1271.92">a</w>
   <w nite:id="ES2003d.D.words230" starttime="1271.92" endtime="1272.39">special</w>
   <w nite:id="ES2003d.D.words231" starttime="1272.39" endtime="1272.74">colour</w>
   <w nite:id="ES2003d.D.words232" starttime="1272.74" endtime="1272.82">at</w>
   <w nite:id="ES2003d.D.words233" starttime="1272.82" endtime="1273.11">all</w>
   <w nite:id="ES2003d.D.words234" starttime="1273.11" endtime="1273.11" punc="true">?</w>
   <w nite:id="ES2003d.D.words235" starttime="1289.48" endtime="1289.98">Well</w>
   <w nite:id="ES2003d.D.words236" starttime="1289.98" endtime="1290.1">I</w>
   <w nite:id="ES2003d.D.words237" starttime="1290.1" endtime="1290.79">was</w>
   <gap nite:id="ES2003d.D.words238" starttime="1290.79" endtime="1290.79"/>
   <w nite:id="ES2003d.D.words239" starttime="1290.79" endtime="1290.95">for</w>
   <w nite:id="ES2003d.D.words240" starttime="1290.95" endtime="1291.01">a</w>
   <w nite:id="ES2003d.D.words241" starttime="1291.01" endtime="1291.5">case</w>
   <w nite:id="ES2003d.D.words242" starttime="1291.5" endtime="1291.5" punc="true">.</w>
   <w nite:id="ES2003d.D.words243" starttime="1293.51" endtime="1293.6">Or</w>
   <w nite:id="ES2003d.D.words244" starttime="1293.6" endtime="1293.75">had</w>
   <w nite:id="ES2003d.D.words245" starttime="1293.75" endtime="1293.85">you</w>
   <w nite:id="ES2003d.D.words246" starttime="1293.85" endtime="1294.3">already</w>
   <w nite:id="ES2003d.D.words247" starttime="1294.3" endtime="1295.01">incorporated</w>
   <w nite:id="ES2003d.D.words248" starttime="1295.01" endtime="1295.49">that</w>
   <w nite:id="ES2003d.D.words249" starttime="1295.49" endtime="1295.49" punc="true">?</w>
   <vocalsound nite:id="ES2003d.D.words250" starttime="1350.176" endtime="1351.248" type="cough"/>
   <w nite:id="ES2003d.D.words251" starttime="1361.82" endtime="1361.96">Think</w>
   <w nite:id="ES2003d.D.words252" starttime="1361.96" endtime="1362.14">it&#39;s</w>
   <w nite:id="ES2003d.D.words253" starttime="1362.14" endtime="1362.39">ten</w>
   <w nite:id="ES2003d.D.words254" starttime="1362.39" endtime="1362.69">minutes</w>
   <w nite:id="ES2003d.D.words255" starttime="1362.69" endtime="1363.42">left</w>
   <w nite:id="ES2003d.D.words256" starttime="1363.42" endtime="1363.42" punc="true">.</w>
   <vocalsound nite:id="ES2003d.D.words257" starttime="1363.42" endtime="1363.605" type="other"/>
   <w nite:id="ES2003d.D.words258" starttime="1370.49" endtime="1370.9">Special</w>
   <w nite:id="ES2003d.D.words259" starttime="1370.9" endtime="1371.31">colour</w>
   <w nite:id="ES2003d.D.words260" starttime="1371.31" endtime="1371.31" punc="true">.</w>
   <w nite:id="ES2003d.D.words261" starttime="1380.5" endtime="1380.91">Three</w>
   <w nite:id="ES2003d.D.words262" starttime="1380.91" endtime="1380.91" punc="true">.</w>
   <w nite:id="ES2003d.D.words263" starttime="1428.4" endtime="1428.47">Are</w>
   <w nite:id="ES2003d.D.words264" starttime="1428.47" endtime="1428.58">we</w>
   <w nite:id="ES2003d.D.words265" starttime="1428.58" endtime="1428.81">going</w>
   <w nite:id="ES2003d.D.words266" starttime="1428.81" endtime="1429.17">one</w>
   <w nite:id="ES2003d.D.words267" starttime="1429.17" endtime="1430.58">on</w>
   <gap nite:id="ES2003d.D.words268" starttime="1430.58" endtime="1430.58"/>
   <w nite:id="ES2003d.D.words269" starttime="1430.58" endtime="1430.58" punc="true">?</w>
   <w nite:id="ES2003d.D.words270" starttime="1430.58" endtime="1430.79">I&#39;d</w>
   <w nite:id="ES2003d.D.words271" starttime="1430.79" endtime="1430.96">say</w>
   <w nite:id="ES2003d.D.words272" starttime="1430.96" endtime="1431.09">we</w>
   <w nite:id="ES2003d.D.words273" starttime="1431.09" endtime="1431.24">go</w>
   <w nite:id="ES2003d.D.words274" starttime="1431.24" endtime="1431.67">two</w>
   <w nite:id="ES2003d.D.words275" starttime="1431.67" endtime="1431.67" punc="true">,</w>
   <w nite:id="ES2003d.D.words276" starttime="1431.67" endtime="1432.3">&#39;cause</w>
   <w nite:id="ES2003d.D.words277" starttime="1432.3" endtime="1432.55">like</w>
   <w nite:id="ES2003d.D.words278" starttime="1432.55" endtime="1432.74" trunc="true">f</w>
   <w nite:id="ES2003d.D.words279" starttime="1432.74" endtime="1432.91">the</w>
   <w nite:id="ES2003d.D.words280" starttime="1432.91" endtime="1433.6">fanciest</w>
   <w nite:id="ES2003d.D.words281" starttime="1433.6" endtime="1433.77">would</w>
   <w nite:id="ES2003d.D.words282" starttime="1433.77" endtime="1434.23">be</w>
   <w nite:id="ES2003d.D.words283" starttime="1434.23" endtime="1434.31">the</w>
   <w nite:id="ES2003d.D.words284" starttime="1434.31" endtime="1434.6">double</w>
   <w nite:id="ES2003d.D.words285" starttime="1434.6" endtime="1435.05">curved</w>
   <w nite:id="ES2003d.D.words286" starttime="1435.05" endtime="1435.05" punc="true">.</w>
   <w nite:id="ES2003d.D.words287" starttime="1436.13" endtime="1436.34">Wouldn&#39;t</w>
   <w nite:id="ES2003d.D.words288" starttime="1436.34" endtime="1436.66">it</w>
   <w nite:id="ES2003d.D.words289" starttime="1436.66" endtime="1436.66" punc="true">?</w>
   <w nite:id="ES2003d.D.words290" starttime="1437.88" endtime="1438.13">With</w>
   <w nite:id="ES2003d.D.words291" starttime="1438.13" endtime="1438.27">the</w>
   <w nite:id="ES2003d.D.words292" starttime="1438.27" endtime="1439.27">articulators</w>
   <w nite:id="ES2003d.D.words293" starttime="1439.27" endtime="1439.27" punc="true">.</w>
   <w nite:id="ES2003d.D.words294" starttime="1440.03" endtime="1440.21" mispronounced="true">With</w>
   <w nite:id="ES2003d.D.words295" starttime="1440.21" endtime="1440.52">bells</w>
   <w nite:id="ES2003d.D.words296" starttime="1440.52" endtime="1440.63">on</w>
   <w nite:id="ES2003d.D.words297" starttime="1440.63" endtime="1441.67">it</w>
   <w nite:id="ES2003d.D.words298" starttime="1441.67" endtime="1441.67" punc="true">.</w>
   <w nite:id="ES2003d.D.words299" starttime="1455.7" endtime="1455.84">No</w>
   <w nite:id="ES2003d.D.words300" starttime="1455.84" endtime="1456.04">need</w>
   <w nite:id="ES2003d.D.words301" starttime="1456.04" endtime="1456.19">for</w>
   <w nite:id="ES2003d.D.words302" starttime="1456.19" endtime="1457.12">teletext</w>
   <w nite:id="ES2003d.D.words303" starttime="1457.12" endtime="1457.12" punc="true">.</w>
   <vocalsound nite:id="ES2003d.D.words304" starttime="1491.984" endtime="1493.928" type="laugh"/>
   <gap nite:id="ES2003d.D.words305" starttime="1514.4" endtime="1514.4"/>
   <w nite:id="ES2003d.D.words306" starttime="1516.03" endtime="1516.68">five</w>
   <w nite:id="ES2003d.D.words307" starttime="1516.68" endtime="1516.68" punc="true">?</w>
   <w nite:id="ES2003d.D.words308" starttime="1516.68" endtime="1517.21">Six</w>
   <w nite:id="ES2003d.D.words309" starttime="1517.21" endtime="1517.21" punc="true">?</w>
   <w nite:id="ES2003d.D.words310" starttime="1518.39" endtime="1519.04">Six</w>
   <w nite:id="ES2003d.D.words311" starttime="1519.04" endtime="1519.04" punc="true">,</w>
   <gap nite:id="ES2003d.D.words312" starttime="1519.04" endtime="1519.04"/>
   <w nite:id="ES2003d.D.words313" starttime="1519.04" endtime="1519.04" punc="true">.</w>
   <w nite:id="ES2003d.D.words314" starttime="1532.74" endtime="1532.88">Put</w>
   <w nite:id="ES2003d.D.words315" starttime="1532.88" endtime="1532.96">a</w>
   <w nite:id="ES2003d.D.words316" starttime="1532.96" endtime="1533.44">leopard</w>
   <w nite:id="ES2003d.D.words317" starttime="1533.44" endtime="1533.78">print</w>
   <w nite:id="ES2003d.D.words318" starttime="1533.78" endtime="1534.24">on</w>
   <w nite:id="ES2003d.D.words319" starttime="1534.24" endtime="1534.52">it</w>
   <w nite:id="ES2003d.D.words320" starttime="1534.52" endtime="1534.52" punc="true">.</w>
   <vocalsound nite:id="ES2003d.D.words321" starttime="1534.52" endtime="1534.736" type="laugh"/>
   <w nite:id="ES2003d.D.words322" starttime="1550.42" endtime="1550.65">Yeah</w>
   <w nite:id="ES2003d.D.words323" starttime="1550.65" endtime="1550.73">we</w>
   <w nite:id="ES2003d.D.words324" starttime="1550.73" endtime="1551.06">gotta</w>
   <gap nite:id="ES2003d.D.words325" starttime="1551.06" endtime="1551.06"/>
   <w nite:id="ES2003d.D.words326" starttime="1551.06" endtime="1551.06" punc="true">.</w>
   <w nite:id="ES2003d.D.words327" starttime="1551.06" endtime="1552.9">I&#39;d</w>
   <w nite:id="ES2003d.D.words328" starttime="1552.9" endtime="1553.11">say</w>
   <w nite:id="ES2003d.D.words329" starttime="1553.11" endtime="1553.23">the</w>
   <w nite:id="ES2003d.D.words330" starttime="1553.23" endtime="1553.49">colour</w>
   <w nite:id="ES2003d.D.words331" starttime="1553.49" endtime="1553.6">of</w>
   <w nite:id="ES2003d.D.words332" starttime="1553.6" endtime="1554.1">the</w>
   <w nite:id="ES2003d.D.words333" starttime="1554.1" endtime="1554.47">border</w>
   <w nite:id="ES2003d.D.words334" starttime="1554.47" endtime="1554.66">there</w>
   <w nite:id="ES2003d.D.words335" starttime="1554.66" endtime="1555.26">world</w>
   <disfmarker nite:id="ES2003d.D.words336" starttime="1555.26" endtime="1555.26"/>
   <w nite:id="ES2003d.D.words337" starttime="1555.26" endtime="1555.42">you&#39;d</w>
   <w nite:id="ES2003d.D.words338" starttime="1555.42" endtime="1555.74">find</w>
   <w nite:id="ES2003d.D.words339" starttime="1555.74" endtime="1556.85">that</w>
   <w nite:id="ES2003d.D.words340" starttime="1556.85" endtime="1556.85" punc="true">,</w>
   <gap nite:id="ES2003d.D.words341" starttime="1556.85" endtime="1556.85"/>
   <w nite:id="ES2003d.D.words342" starttime="1556.85" endtime="1557.29">that&#39;s</w>
   <w nite:id="ES2003d.D.words343" starttime="1557.29" endtime="1557.5">that&#39;d</w>
   <w nite:id="ES2003d.D.words344" starttime="1557.5" endtime="1557.83">stand</w>
   <w nite:id="ES2003d.D.words345" starttime="1557.83" endtime="1557.97">out</w>
   <w nite:id="ES2003d.D.words346" starttime="1557.97" endtime="1557.97" punc="true">.</w>
   <w nite:id="ES2003d.D.words347" starttime="1562.96" endtime="1564.2">Logo</w>
   <w nite:id="ES2003d.D.words348" starttime="1564.2" endtime="1564.2" punc="true">,</w>
   <w nite:id="ES2003d.D.words349" starttime="1564.2" endtime="1564.63">brand</w>
   <w nite:id="ES2003d.D.words350" starttime="1564.63" endtime="1564.63" punc="true">.</w>
   <w nite:id="ES2003d.D.words351" starttime="1565.71" endtime="1566.06">Mm</w>
   <w nite:id="ES2003d.D.words352" starttime="1566.06" endtime="1566.38">&#39;kay</w>
   <w nite:id="ES2003d.D.words353" starttime="1566.38" endtime="1566.38" punc="true">.</w>
   <w nite:id="ES2003d.D.words354" starttime="1597.81" endtime="1598.36">Yellow</w>
   <w nite:id="ES2003d.D.words355" starttime="1598.36" endtime="1598.95">courgette</w>
   <w nite:id="ES2003d.D.words356" starttime="1598.95" endtime="1598.95" punc="true">.</w>
   <vocalsound nite:id="ES2003d.D.words357" starttime="1600.473" endtime="1602.096" type="laugh"/>
   <w nite:id="ES2003d.D.words358" starttime="1631.72" endtime="1632.17">Well</w>
   <w nite:id="ES2003d.D.words359" starttime="1632.17" endtime="1632.41">this</w>
   <w nite:id="ES2003d.D.words360" starttime="1632.41" endtime="1632.64">this</w>
   <w nite:id="ES2003d.D.words361" starttime="1632.64" endtime="1632.79">what</w>
   <w nite:id="ES2003d.D.words362" starttime="1632.79" endtime="1632.88">we&#39;re</w>
   <w nite:id="ES2003d.D.words363" starttime="1632.88" endtime="1633.04">gonna</w>
   <w nite:id="ES2003d.D.words364" starttime="1633.04" endtime="1633.32" trunc="true">t</w>
   <w nite:id="ES2003d.D.words365" starttime="1633.32" endtime="1633.49">this</w>
   <w nite:id="ES2003d.D.words366" starttime="1633.49" endtime="1633.62">is</w>
   <w nite:id="ES2003d.D.words367" starttime="1633.62" endtime="1633.79">their</w>
   <w nite:id="ES2003d.D.words368" starttime="1633.79" endtime="1634.23">motto</w>
   <w nite:id="ES2003d.D.words369" starttime="1634.23" endtime="1634.23" punc="true">,</w>
   <w nite:id="ES2003d.D.words370" starttime="1634.23" endtime="1635.3">like</w>
   <w nite:id="ES2003d.D.words371" starttime="1635.3" endtime="1635.3" punc="true">.</w>
   <w nite:id="ES2003d.D.words372" starttime="1635.3" endtime="1635.47">And</w>
   <w nite:id="ES2003d.D.words373" starttime="1635.47" endtime="1635.66">we&#39;re</w>
   <w nite:id="ES2003d.D.words374" starttime="1635.66" endtime="1635.76">we&#39;re</w>
   <w nite:id="ES2003d.D.words375" starttime="1635.76" endtime="1635.92">not</w>
   <w nite:id="ES2003d.D.words376" starttime="1635.92" endtime="1636.09">doing</w>
   <w nite:id="ES2003d.D.words377" starttime="1636.09" endtime="1636.3">well</w>
   <w nite:id="ES2003d.D.words378" starttime="1636.3" endtime="1636.52">on</w>
   <w nite:id="ES2003d.D.words379" starttime="1636.52" endtime="1636.59">it</w>
   <w nite:id="ES2003d.D.words380" starttime="1636.59" endtime="1636.59" punc="true">.</w>
   <w nite:id="ES2003d.D.words381" starttime="1677.85" endtime="1678.09">Yeah</w>
   <w nite:id="ES2003d.D.words382" starttime="1678.09" endtime="1678.09" punc="true">,</w>
   <w nite:id="ES2003d.D.words383" starttime="1678.09" endtime="1678.17">I&#39;ll</w>
   <w nite:id="ES2003d.D.words384" starttime="1678.17" endtime="1678.27">go</w>
   <w nite:id="ES2003d.D.words385" starttime="1678.27" endtime="1678.37">with</w>
   <w nite:id="ES2003d.D.words386" starttime="1678.37" endtime="1678.88">five</w>
   <w nite:id="ES2003d.D.words387" starttime="1678.88" endtime="1678.88" punc="true">.</w>
   <vocalsound nite:id="ES2003d.D.words388" starttime="1719.824" endtime="1722.208" type="laugh"/>
   <w nite:id="ES2003d.D.words389" starttime="1727.39" endtime="1727.63">&#39;S</w>
   <w nite:id="ES2003d.D.words390" starttime="1727.63" endtime="1727.86">bad</w>
   <w nite:id="ES2003d.D.words391" starttime="1727.86" endtime="1728.37">design</w>
   <w nite:id="ES2003d.D.words392" starttime="1728.37" endtime="1728.37" punc="true">,</w>
   <w nite:id="ES2003d.D.words393" starttime="1728.37" endtime="1728.56">that</w>
   <w nite:id="ES2003d.D.words394" starttime="1728.56" endtime="1728.75">thing</w>
   <w nite:id="ES2003d.D.words395" starttime="1728.75" endtime="1728.75" punc="true">.</w>
   <vocalsound nite:id="ES2003d.D.words396" starttime="1729.83" endtime="1730.592" type="other"/>
   <w nite:id="ES2003d.D.words397" starttime="1754.0" endtime="1754.82">Mm</w>
   <w nite:id="ES2003d.D.words398" starttime="1754.82" endtime="1754.82" punc="true">,</w>
   <w nite:id="ES2003d.D.words399" starttime="1754.82" endtime="1755.16">yeah</w>
   <w nite:id="ES2003d.D.words400" starttime="1755.16" endtime="1755.16" punc="true">.</w>
   <w nite:id="ES2003d.D.words401" starttime="1812.54" endtime="1813.42">Well</w>
   <w nite:id="ES2003d.D.words402" starttime="1813.42" endtime="1813.42" punc="true">,</w>
   <w nite:id="ES2003d.D.words403" starttime="1813.42" endtime="1813.5">it</w>
   <w nite:id="ES2003d.D.words404" starttime="1813.5" endtime="1813.81">depends</w>
   <w nite:id="ES2003d.D.words405" starttime="1813.81" endtime="1813.91">who</w>
   <w nite:id="ES2003d.D.words406" starttime="1813.91" endtime="1814.46">your</w>
   <disfmarker nite:id="ES2003d.D.words407" starttime="1814.46" endtime="1814.46"/>
   <w nite:id="ES2003d.D.words408" starttime="1814.46" endtime="1815.39">who&#39;s</w>
   <disfmarker nite:id="ES2003d.D.words409" starttime="1815.39" endtime="1815.39"/>
   <w nite:id="ES2003d.D.words410" starttime="1815.39" endtime="1815.57">what</w>
   <w nite:id="ES2003d.D.words411" starttime="1815.57" endtime="1815.66">the</w>
   <w nite:id="ES2003d.D.words412" starttime="1815.66" endtime="1816.65">target</w>
   <w nite:id="ES2003d.D.words413" starttime="1816.65" endtime="1817.05">people</w>
   <w nite:id="ES2003d.D.words414" starttime="1817.05" endtime="1817.28">are</w>
   <w nite:id="ES2003d.D.words415" starttime="1817.28" endtime="1817.28" punc="true">,</w>
   <w nite:id="ES2003d.D.words416" starttime="1817.28" endtime="1817.5">like</w>
   <w nite:id="ES2003d.D.words417" starttime="1817.5" endtime="1817.6">you&#39;d</w>
   <w nite:id="ES2003d.D.words418" starttime="1817.6" endtime="1817.98">say</w>
   <w nite:id="ES2003d.D.words419" starttime="1820.31" endtime="1821.15">maybe</w>
   <w nite:id="ES2003d.D.words420" starttime="1821.15" endtime="1821.24">the</w>
   <w nite:id="ES2003d.D.words421" starttime="1821.24" endtime="1821.74">fashion</w>
   <w nite:id="ES2003d.D.words422" starttime="1821.74" endtime="1823.44">conscious</w>
   <w nite:id="ES2003d.D.words423" starttime="1824.58" endtime="1825.07">women</w>
   <w nite:id="ES2003d.D.words424" starttime="1825.07" endtime="1825.19">would</w>
   <w nite:id="ES2003d.D.words425" starttime="1825.19" endtime="1825.28">be</w>
   <w nite:id="ES2003d.D.words426" starttime="1825.28" endtime="1825.54">going</w>
   <w nite:id="ES2003d.D.words427" starttime="1825.54" endtime="1825.54" punc="true">,</w>
   <w nite:id="ES2003d.D.words428" starttime="1825.54" endtime="1825.76">oh</w>
   <w nite:id="ES2003d.D.words429" starttime="1825.76" endtime="1825.94">look</w>
   <w nite:id="ES2003d.D.words430" starttime="1825.94" endtime="1826.02">at</w>
   <w nite:id="ES2003d.D.words431" starttime="1826.02" endtime="1826.33">that</w>
   <w nite:id="ES2003d.D.words432" starttime="1826.33" endtime="1826.33" punc="true">,</w>
   <w nite:id="ES2003d.D.words433" starttime="1826.33" endtime="1826.49">&#39;s</w>
   <w nite:id="ES2003d.D.words434" starttime="1826.49" endtime="1826.8">cool</w>
   <w nite:id="ES2003d.D.words435" starttime="1826.8" endtime="1826.8" punc="true">,</w>
   <w nite:id="ES2003d.D.words436" starttime="1826.8" endtime="1826.93">it</w>
   <w nite:id="ES2003d.D.words437" starttime="1826.93" endtime="1827.16">looks</w>
   <w nite:id="ES2003d.D.words438" starttime="1827.16" endtime="1827.31">like</w>
   <w nite:id="ES2003d.D.words439" starttime="1827.31" endtime="1828.45">a</w>
   <disfmarker nite:id="ES2003d.D.words440" starttime="1828.45" endtime="1828.45"/>
   <w nite:id="ES2003d.D.words441" starttime="1828.45" endtime="1828.77">it&#39;s</w>
   <w nite:id="ES2003d.D.words442" starttime="1829.71" endtime="1830.25">yellow</w>
   <w nite:id="ES2003d.D.words443" starttime="1830.25" endtime="1830.25" punc="true">,</w>
   <w nite:id="ES2003d.D.words444" starttime="1830.25" endtime="1830.41">looks</w>
   <w nite:id="ES2003d.D.words445" starttime="1830.41" endtime="1830.52">like</w>
   <w nite:id="ES2003d.D.words446" starttime="1830.52" endtime="1830.57">a</w>
   <w nite:id="ES2003d.D.words447" starttime="1830.57" endtime="1830.92">banana</w>
   <w nite:id="ES2003d.D.words448" starttime="1830.92" endtime="1830.92" punc="true">,</w>
   <w nite:id="ES2003d.D.words449" starttime="1830.92" endtime="1831.06">it&#39;s</w>
   <w nite:id="ES2003d.D.words450" starttime="1831.06" endtime="1831.3">cool</w>
   <w nite:id="ES2003d.D.words451" starttime="1831.3" endtime="1831.41">it&#39;s</w>
   <w nite:id="ES2003d.D.words452" starttime="1831.41" endtime="1831.74">gotta</w>
   <disfmarker nite:id="ES2003d.D.words453" starttime="1831.74" endtime="1831.74"/>
   <w nite:id="ES2003d.D.words454" starttime="1831.74" endtime="1831.97">look</w>
   <w nite:id="ES2003d.D.words455" starttime="1831.97" endtime="1832.13">good</w>
   <w nite:id="ES2003d.D.words456" starttime="1832.13" endtime="1832.19">in</w>
   <w nite:id="ES2003d.D.words457" starttime="1832.19" endtime="1832.28">the</w>
   <w nite:id="ES2003d.D.words458" starttime="1832.28" endtime="1832.47">sitting</w>
   <w nite:id="ES2003d.D.words459" starttime="1832.47" endtime="1832.73">room</w>
   <w nite:id="ES2003d.D.words460" starttime="1832.73" endtime="1832.73" punc="true">.</w>
   <w nite:id="ES2003d.D.words461" starttime="1835.06" endtime="1835.33">Rather</w>
   <w nite:id="ES2003d.D.words462" starttime="1835.33" endtime="1835.52">than</w>
   <w nite:id="ES2003d.D.words463" starttime="1835.52" endtime="1835.6">the</w>
   <w nite:id="ES2003d.D.words464" starttime="1835.6" endtime="1836.53">L_C_D_</w>
   <w nite:id="ES2003d.D.words465" starttime="1836.53" endtime="1838.03">whereas</w>
   <w nite:id="ES2003d.D.words466" starttime="1838.03" endtime="1838.42">uh</w>
   <w nite:id="ES2003d.D.words467" starttime="1838.42" endtime="1838.63">more</w>
   <w nite:id="ES2003d.D.words468" starttime="1838.63" endtime="1839.14">technical</w>
   <w nite:id="ES2003d.D.words469" starttime="1839.14" endtime="1839.62">like</w>
   <w nite:id="ES2003d.D.words470" starttime="1839.62" endtime="1839.9">like</w>
   <w nite:id="ES2003d.D.words471" starttime="1839.9" endtime="1841.43">more</w>
   <w nite:id="ES2003d.D.words472" starttime="1841.43" endtime="1841.98">uh</w>
   <w nite:id="ES2003d.D.words473" starttime="1841.98" endtime="1842.53">people</w>
   <w nite:id="ES2003d.D.words474" starttime="1842.53" endtime="1842.7">in</w>
   <w nite:id="ES2003d.D.words475" starttime="1842.7" endtime="1842.79">with</w>
   <w nite:id="ES2003d.D.words476" starttime="1842.79" endtime="1842.88">the</w>
   <w nite:id="ES2003d.D.words477" starttime="1842.88" endtime="1843.16">latest</w>
   <w nite:id="ES2003d.D.words478" starttime="1843.16" endtime="1843.95">technology</w>
   <gap nite:id="ES2003d.D.words479" starttime="1843.95" endtime="1843.95"/>
   <w nite:id="ES2003d.D.words480" starttime="1843.95" endtime="1844.54">it&#39;s</w>
   <w nite:id="ES2003d.D.words481" starttime="1844.54" endtime="1844.75">good</w>
   <w nite:id="ES2003d.D.words482" starttime="1844.75" endtime="1844.75" punc="true">,</w>
   <w nite:id="ES2003d.D.words483" starttime="1844.75" endtime="1844.85">it&#39;s</w>
   <w nite:id="ES2003d.D.words484" starttime="1844.85" endtime="1844.98">got</w>
   <w nite:id="ES2003d.D.words485" starttime="1844.98" endtime="1845.04">an</w>
   <w nite:id="ES2003d.D.words486" starttime="1845.04" endtime="1845.47">L_C_D_</w>
   <w nite:id="ES2003d.D.words487" starttime="1845.47" endtime="1845.83">screen</w>
   <w nite:id="ES2003d.D.words488" starttime="1845.83" endtime="1846.92">&#39;s</w>
   <w nite:id="ES2003d.D.words489" starttime="1846.92" endtime="1847.12">only</w>
   <w nite:id="ES2003d.D.words490" starttime="1847.12" endtime="1847.27">got</w>
   <w nite:id="ES2003d.D.words491" starttime="1847.27" endtime="1847.43">two</w>
   <w nite:id="ES2003d.D.words492" starttime="1847.43" endtime="1847.73">buttons</w>
   <w nite:id="ES2003d.D.words493" starttime="1847.73" endtime="1847.86">and</w>
   <w nite:id="ES2003d.D.words494" starttime="1847.86" endtime="1847.91">a</w>
   <w nite:id="ES2003d.D.words495" starttime="1847.91" endtime="1849.02" mispronounced="true">joystick</w>
   <w nite:id="ES2003d.D.words496" starttime="1849.02" endtime="1849.02" punc="true">.</w>
   <w nite:id="ES2003d.D.words497" starttime="1850.07" endtime="1850.62">So</w>
   <w nite:id="ES2003d.D.words498" starttime="1850.62" endtime="1850.62" punc="true">,</w>
   <w nite:id="ES2003d.D.words499" starttime="1852.34" endtime="1852.54">which</w>
   <w nite:id="ES2003d.D.words500" starttime="1852.54" endtime="1852.76">which</w>
   <w nite:id="ES2003d.D.words501" starttime="1852.76" endtime="1852.95">kind</w>
   <w nite:id="ES2003d.D.words502" starttime="1852.95" endtime="1853.03">of</w>
   <w nite:id="ES2003d.D.words503" starttime="1853.03" endtime="1853.26">people</w>
   <w nite:id="ES2003d.D.words504" starttime="1853.26" endtime="1853.36">would</w>
   <w nite:id="ES2003d.D.words505" starttime="1853.36" endtime="1853.48">be</w>
   <w nite:id="ES2003d.D.words506" starttime="1853.48" endtime="1853.93">more</w>
   <w nite:id="ES2003d.D.words507" starttime="1854.87" endtime="1855.2">likely</w>
   <w nite:id="ES2003d.D.words508" starttime="1855.2" endtime="1855.34">to</w>
   <w nite:id="ES2003d.D.words509" starttime="1855.34" endtime="1855.56">buy</w>
   <w nite:id="ES2003d.D.words510" starttime="1855.56" endtime="1855.66">it</w>
   <w nite:id="ES2003d.D.words511" starttime="1855.66" endtime="1855.66" punc="true">?</w>
   <vocalsound nite:id="ES2003d.D.words512" starttime="1861.081" endtime="1862.615" type="laugh"/>
   <gap nite:id="ES2003d.D.words513" starttime="1871.584" endtime="1872.697"/>
   <w nite:id="ES2003d.D.words514" starttime="1872.697" endtime="1872.697" punc="true">.</w>
   <w nite:id="ES2003d.D.words515" starttime="1912.62" endtime="1913.08">Yeah</w>
   <w nite:id="ES2003d.D.words516" starttime="1913.08" endtime="1913.08" punc="true">.</w>
   <w nite:id="ES2003d.D.words517" starttime="1914.31" endtime="1914.45">Yeah</w>
   <w nite:id="ES2003d.D.words518" starttime="1914.45" endtime="1914.45" punc="true">.</w>
   <w nite:id="ES2003d.D.words519" starttime="1965.57" endtime="1965.73">Yeah</w>
   <w nite:id="ES2003d.D.words520" starttime="1965.73" endtime="1965.73" punc="true">.</w>
   <w nite:id="ES2003d.D.words521" starttime="2012.83" endtime="2013.02">Good</w>
   <w nite:id="ES2003d.D.words522" starttime="2013.02" endtime="2013.02" punc="true">.</w>
   <w nite:id="ES2003d.D.words523" starttime="2023.56" endtime="2023.69">Very</w>
   <w nite:id="ES2003d.D.words524" starttime="2023.69" endtime="2023.87">good</w>
   <w nite:id="ES2003d.D.words525" starttime="2023.87" endtime="2023.87" punc="true">.</w>
   <w nite:id="ES2003d.D.words526" starttime="2036.24" endtime="2036.49">We&#39;re</w>
   <w nite:id="ES2003d.D.words527" starttime="2036.49" endtime="2037.06" trunc="true">burs</w>
   <w nite:id="ES2003d.D.words528" starttime="2037.06" endtime="2037.46">bursting</w>
   <w nite:id="ES2003d.D.words529" starttime="2037.46" endtime="2037.6">with</w>
   <w nite:id="ES2003d.D.words530" starttime="2037.6" endtime="2039.03">creativity</w>
   <w nite:id="ES2003d.D.words531" starttime="2039.03" endtime="2039.03" punc="true">.</w>
   <w nite:id="ES2003d.D.words532" starttime="2096.37" endtime="2096.57">And</w>
   <w nite:id="ES2003d.D.words533" starttime="2096.57" endtime="2096.64">the</w>
   <w nite:id="ES2003d.D.words534" starttime="2096.64" endtime="2096.95">price</w>
   <w nite:id="ES2003d.D.words535" starttime="2096.95" endtime="2097.11">was</w>
   <w nite:id="ES2003d.D.words536" starttime="2097.11" endtime="2097.79">like</w>
   <disfmarker nite:id="ES2003d.D.words537" starttime="2097.79" endtime="2097.79"/>
   <w nite:id="ES2003d.D.words538" starttime="2097.79" endtime="2097.89">it</w>
   <w nite:id="ES2003d.D.words539" starttime="2097.89" endtime="2098.1">was</w>
   <w nite:id="ES2003d.D.words540" starttime="2098.1" endtime="2098.63">twice</w>
   <w nite:id="ES2003d.D.words541" starttime="2098.63" endtime="2098.88">the</w>
   <w nite:id="ES2003d.D.words542" starttime="2100.23" endtime="2100.5" trunc="true">w</w>
   <w nite:id="ES2003d.D.words543" starttime="2100.5" endtime="2100.99">assembly</w>
   <w nite:id="ES2003d.D.words544" starttime="2100.99" endtime="2102.56">cost</w>
   <w nite:id="ES2003d.D.words545" starttime="2102.56" endtime="2102.56" punc="true">.</w>
   <w nite:id="ES2003d.D.words546" starttime="2102.56" endtime="2104.16">And</w>
   <w nite:id="ES2003d.D.words547" starttime="2104.16" endtime="2104.45">would</w>
   <w nite:id="ES2003d.D.words548" starttime="2104.45" endtime="2104.53">it</w>
   <w nite:id="ES2003d.D.words549" starttime="2104.53" endtime="2104.76">have</w>
   <w nite:id="ES2003d.D.words550" starttime="2104.76" endtime="2104.88">to</w>
   <w nite:id="ES2003d.D.words551" starttime="2104.88" endtime="2105.04">be</w>
   <w nite:id="ES2003d.D.words552" starttime="2105.04" endtime="2105.4">twice</w>
   <w nite:id="ES2003d.D.words553" starttime="2105.4" endtime="2105.75">that</w>
   <w nite:id="ES2003d.D.words554" starttime="2105.75" endtime="2105.75" punc="true">?</w>
   <w nite:id="ES2003d.D.words555" starttime="2105.75" endtime="2105.89">It</w>
   <w nite:id="ES2003d.D.words556" starttime="2105.89" endtime="2106.0">could</w>
   <w nite:id="ES2003d.D.words557" starttime="2106.0" endtime="2106.17">be</w>
   <w nite:id="ES2003d.D.words558" starttime="2106.17" endtime="2107.35">like</w>
   <w nite:id="ES2003d.D.words559" starttime="2107.35" endtime="2107.59">coulda</w>
   <w nite:id="ES2003d.D.words560" starttime="2107.59" endtime="2107.73">had</w>
   <w nite:id="ES2003d.D.words561" starttime="2107.73" endtime="2107.79">the</w>
   <w nite:id="ES2003d.D.words562" starttime="2107.79" endtime="2108.45">assembly</w>
   <gap nite:id="ES2003d.D.words563" starttime="2108.45" endtime="2108.45"/>
   <w nite:id="ES2003d.D.words564" starttime="2108.45" endtime="2109.05">like</w>
   <w nite:id="ES2003d.D.words565" starttime="2109.05" endtime="2110.09">maybe</w>
   <w nite:id="ES2003d.D.words566" starttime="2110.09" endtime="2110.61">fifteen</w>
   <w nite:id="ES2003d.D.words567" starttime="2110.61" endtime="2110.96">Euro</w>
   <w nite:id="ES2003d.D.words568" starttime="2110.96" endtime="2110.96" punc="true">.</w>
   <w nite:id="ES2003d.D.words569" starttime="2112.2" endtime="2112.29">We&#39;ll</w>
   <w nite:id="ES2003d.D.words570" starttime="2112.29" endtime="2112.52">still</w>
   <w nite:id="ES2003d.D.words571" starttime="2112.52" endtime="2112.78">settle</w>
   <w nite:id="ES2003d.D.words572" starttime="2112.78" endtime="2112.89">for</w>
   <w nite:id="ES2003d.D.words573" starttime="2112.89" endtime="2113.16">twenty</w>
   <w nite:id="ES2003d.D.words574" starttime="2113.16" endtime="2113.55">five</w>
   <vocalsound nite:id="ES2003d.D.words575" starttime="2113.55" endtime="2113.55" type="other"/>
   <w nite:id="ES2003d.D.words576" starttime="2113.55" endtime="2113.55" punc="true">.</w>
   <w nite:id="ES2003d.D.words577" starttime="2115.31" endtime="2115.69">Maybe</w>
   <w nite:id="ES2003d.D.words578" starttime="2115.69" endtime="2115.69" punc="true">.</w>
   <vocalsound nite:id="ES2003d.D.words579" starttime="2122.528" endtime="2123.216" type="cough"/>
   <w nite:id="ES2003d.D.words580" starttime="2149.89" endtime="2150.01">In</w>
   <w nite:id="ES2003d.D.words581" starttime="2150.01" endtime="2150.1">the</w>
   <w nite:id="ES2003d.D.words582" starttime="2150.1" endtime="2150.59">beginning</w>
   <w nite:id="ES2003d.D.words583" starttime="2150.59" endtime="2150.59" punc="true">,</w>
   <w nite:id="ES2003d.D.words584" starttime="2150.59" endtime="2150.8">yeah</w>
   <w nite:id="ES2003d.D.words585" starttime="2150.8" endtime="2150.8" punc="true">.</w>
   <vocalsound nite:id="ES2003d.D.words586" starttime="2179.28" endtime="2180.224" type="cough"/>
</nite:root>