<?xml version="1.0" encoding="ISO-8859-1" standalone="yes"?>
<nite:root nite:id="Bmr011.H.segs" xmlns:nite="http://nite.sourceforge.net/">
   <segment nite:id="Bmr011.segment.14" starttime="12.469" endtime="13.602" participant="me011" timing-provenance="segment">
      <nite:child href="Bmr011.H.words.xml#id(Bmr011.vocalsound.6)"/>
   </segment>
   <segment nite:id="Bmr011.segment.17" starttime="16.77" endtime="19.04" participant="me011" timing-provenance="segment">
      <nite:child href="Bmr011.H.words.xml#id(Bmr011.vocalsound.7)"/>
   </segment>
   <segment nite:id="Bmr011.segment.20" starttime="19.08" endtime="21.17" participant="me011" timing-provenance="dialogueact">
      <nite:child href="Bmr011.H.words.xml#id(Bmr011.w.76)..id(Bmr011.w.82)"/>
   </segment>
   <segment nite:id="Bmr011.segment.22" starttime="22.12" endtime="22.73" participant="me011" timing-provenance="dialogueact">
      <nite:child href="Bmr011.H.words.xml#id(Bmr011.w.85)..id(Bmr011.w.88)"/>
   </segment>
   <segment nite:id="Bmr011.segment.40" starttime="43.21" endtime="44.7" participant="me011" timing-provenance="segment">
      <nite:child href="Bmr011.H.words.xml#id(Bmr011.vocalsound.17)"/>
   </segment>
   <segment nite:id="Bmr011.segment.63" starttime="105.88" endtime="108.24" participant="me011" timing-provenance="segment">
      <nite:child href="Bmr011.H.words.xml#id(Bmr011.vocalsound.22)"/>
   </segment>
   <segment nite:id="Bmr011.segment.72" starttime="121.481" endtime="123.341" participant="me011" timing-provenance="dialogueact">
      <nite:child href="Bmr011.H.words.xml#id(Bmr011.w.483)..id(Bmr011.w.493)"/>
   </segment>
   <segment nite:id="Bmr011.segment.99" starttime="208.63" endtime="208.86" participant="me011" timing-provenance="dialogueact">
      <nite:child href="Bmr011.H.words.xml#id(Bmr011.w.805)..id(Bmr011.w.806)"/>
   </segment>
   <segment nite:id="Bmr011.segment.105" starttime="219.44" endtime="220.506" participant="me011" timing-provenance="segment">
      <nite:child href="Bmr011.H.words.xml#id(Bmr011.w.861)..id(Bmr011.disfmarker.30)"/>
   </segment>
   <segment nite:id="Bmr011.segment.113" starttime="242.316" endtime="250.319" participant="me011" timing-provenance="segment">
      <nite:child href="Bmr011.H.words.xml#id(Bmr011.w.938)..id(Bmr011.disfmarker.32)"/>
   </segment>
   <segment nite:id="Bmr011.segment.121" starttime="251.36" endtime="257.2" participant="me011" timing-provenance="dialogueact">
      <nite:child href="Bmr011.H.words.xml#id(Bmr011.w.980)..id(Bmr011.w.1,009)"/>
   </segment>
   <segment nite:id="Bmr011.segment.129" starttime="257.74" endtime="261.74" participant="me011" timing-provenance="dialogueact">
      <nite:child href="Bmr011.H.words.xml#id(Bmr011.w.1,020)..id(Bmr011.w.1,038)"/>
   </segment>
   <segment nite:id="Bmr011.segment.138" starttime="266.61" endtime="270.38" participant="me011" timing-provenance="dialogueact">
      <nite:child href="Bmr011.H.words.xml#id(Bmr011.w.1,069)..id(Bmr011.w.1,091)"/>
   </segment>
   <segment nite:id="Bmr011.segment.149" starttime="277.81" endtime="278.14" participant="me011" timing-provenance="dialogueact">
      <nite:child href="Bmr011.H.words.xml#id(Bmr011.w.1,137)..id(Bmr011.w.1,140)"/>
   </segment>
   <segment nite:id="Bmr011.segment.152" starttime="286.86" endtime="287.228" participant="me011" timing-provenance="segment">
      <nite:child href="Bmr011.H.words.xml#id(Bmr011.vocalsound.45)..id(Bmr011.comment.6)"/>
   </segment>
   <segment nite:id="Bmr011.segment.154" starttime="288.287" endtime="293.157" participant="me011" timing-provenance="dialogueact">
      <nite:child href="Bmr011.H.words.xml#id(Bmr011.w.1,193)..id(Bmr011.w.1,213)"/>
   </segment>
   <segment nite:id="Bmr011.segment.155" starttime="294.292" endtime="296.72" participant="me011" timing-provenance="segment">
      <nite:child href="Bmr011.H.words.xml#id(Bmr011.w.1,214)..id(Bmr011.comment.7)"/>
   </segment>
   <segment nite:id="Bmr011.segment.157" starttime="297.11" endtime="300.42" participant="me011" timing-provenance="dialogueact">
      <nite:child href="Bmr011.H.words.xml#id(Bmr011.w.1,224)..id(Bmr011.w.1,242)"/>
   </segment>
   <segment nite:id="Bmr011.segment.161" starttime="302.55" endtime="303.15" participant="me011" timing-provenance="segment">
      <nite:child href="Bmr011.H.words.xml#id(Bmr011.w.1,252)..id(Bmr011.disfmarker.42)"/>
   </segment>
   <segment nite:id="Bmr011.segment.165" starttime="310.01" endtime="311.6" participant="me011" timing-provenance="dialogueact">
      <nite:child href="Bmr011.H.words.xml#id(Bmr011.w.1,282)..id(Bmr011.w.1,294)"/>
   </segment>
   <segment nite:id="Bmr011.segment.169" starttime="320.291" endtime="320.971" participant="me011" timing-provenance="dialogueact">
      <nite:child href="Bmr011.H.words.xml#id(Bmr011.w.1,324)..id(Bmr011.w.1,328)"/>
   </segment>
   <segment nite:id="Bmr011.segment.172" starttime="324.341" endtime="324.621" participant="me011" timing-provenance="dialogueact">
      <nite:child href="Bmr011.H.words.xml#id(Bmr011.w.1,368)..id(Bmr011.w.1,369)"/>
   </segment>
   <segment nite:id="Bmr011.segment.174" starttime="329.52" endtime="329.74" participant="me011" timing-provenance="dialogueact">
      <nite:child href="Bmr011.H.words.xml#id(Bmr011.w.1,374)..id(Bmr011.w.1,375)"/>
   </segment>
   <segment nite:id="Bmr011.segment.176" starttime="333.17" endtime="333.75" participant="me011" timing-provenance="dialogueact">
      <nite:child href="Bmr011.H.words.xml#id(Bmr011.w.1,389)..id(Bmr011.w.1,392)"/>
   </segment>
   <segment nite:id="Bmr011.segment.188" starttime="355.47" endtime="357.039" participant="me011" timing-provenance="segment">
      <nite:child href="Bmr011.H.words.xml#id(Bmr011.w.1,481)..id(Bmr011.comment.12)"/>
   </segment>
   <segment nite:id="Bmr011.segment.194" starttime="360.4" endtime="361.21" participant="me011" timing-provenance="segment">
      <nite:child href="Bmr011.H.words.xml#id(Bmr011.vocalsound.54)"/>
   </segment>
   <segment nite:id="Bmr011.segment.196" starttime="361.99" endtime="362.341" participant="me011" timing-provenance="segment">
      <nite:child href="Bmr011.H.words.xml#id(Bmr011.w.1,524)..id(Bmr011.disfmarker.53)"/>
   </segment>
   <segment nite:id="Bmr011.segment.197" starttime="363.297" endtime="363.467" participant="me011" timing-provenance="dialogueact">
      <nite:child href="Bmr011.H.words.xml#id(Bmr011.w.1,525)..id(Bmr011.w.1,526)"/>
   </segment>
   <segment nite:id="Bmr011.segment.203" starttime="376.65" endtime="376.77" participant="me011" timing-provenance="dialogueact">
      <nite:child href="Bmr011.H.words.xml#id(Bmr011.w.1,587)..id(Bmr011.w.1,588)"/>
   </segment>
   <segment nite:id="Bmr011.segment.204" starttime="377.396" endtime="377.936" participant="me011" timing-provenance="dialogueact">
      <nite:child href="Bmr011.H.words.xml#id(Bmr011.w.1,589)..id(Bmr011.w.1,591)"/>
   </segment>
   <segment nite:id="Bmr011.segment.212" starttime="391.136" endtime="392.316" participant="me011" timing-provenance="segment">
      <nite:child href="Bmr011.H.words.xml#id(Bmr011.w.1,659)..id(Bmr011.vocalsound.59)"/>
   </segment>
   <segment nite:id="Bmr011.segment.219" starttime="393.314" endtime="393.971" participant="me011" timing-provenance="segment">
      <nite:child href="Bmr011.H.words.xml#id(Bmr011.vocalsound.66)"/>
   </segment>
   <segment nite:id="Bmr011.segment.222" starttime="394.64" endtime="399.679" participant="me011" timing-provenance="segment">
      <nite:child href="Bmr011.H.words.xml#id(Bmr011.w.1,674)..id(Bmr011.vocalsound.68)"/>
   </segment>
   <segment nite:id="Bmr011.segment.232" starttime="401.183" endtime="402.761" participant="me011" timing-provenance="segment">
      <nite:child href="Bmr011.H.words.xml#id(Bmr011.vocalsound.74)"/>
   </segment>
   <segment nite:id="Bmr011.segment.236" starttime="404.54" endtime="406.34" participant="me011" timing-provenance="dialogueact">
      <nite:child href="Bmr011.H.words.xml#id(Bmr011.w.1,779)..id(Bmr011.w.1,789)"/>
   </segment>
   <segment nite:id="Bmr011.segment.238" starttime="409.12" endtime="414.74" participant="me011" timing-provenance="dialogueact">
      <nite:child href="Bmr011.H.words.xml#id(Bmr011.w.1,790)..id(Bmr011.w.1,820)"/>
   </segment>
   <segment nite:id="Bmr011.segment.242" starttime="415.01" endtime="416.78" participant="me011" timing-provenance="dialogueact">
      <nite:child href="Bmr011.H.words.xml#id(Bmr011.w.1,829)..id(Bmr011.w.1,841)"/>
   </segment>
   <segment nite:id="Bmr011.segment.248" starttime="422.12" endtime="422.36" participant="me011" timing-provenance="dialogueact">
      <nite:child href="Bmr011.H.words.xml#id(Bmr011.w.1,877)..id(Bmr011.w.1,878)"/>
   </segment>
   <segment nite:id="Bmr011.segment.253" starttime="429.35" endtime="431.55" participant="me011" timing-provenance="dialogueact">
      <nite:child href="Bmr011.H.words.xml#id(Bmr011.w.1,905)..id(Bmr011.w.1,916)"/>
   </segment>
   <segment nite:id="Bmr011.segment.255" starttime="433.84" endtime="434.0" participant="me011" timing-provenance="dialogueact">
      <nite:child href="Bmr011.H.words.xml#id(Bmr011.w.1,930)..id(Bmr011.w.1,931)"/>
   </segment>
   <segment nite:id="Bmr011.segment.258" starttime="438.71" endtime="438.85" participant="me011" timing-provenance="dialogueact">
      <nite:child href="Bmr011.H.words.xml#id(Bmr011.w.1,952)..id(Bmr011.w.1,953)"/>
   </segment>
   <segment nite:id="Bmr011.segment.259" starttime="439.35" endtime="446.71" participant="me011" timing-provenance="dialogueact">
      <nite:child href="Bmr011.H.words.xml#id(Bmr011.w.1,954)..id(Bmr011.w.1,992)"/>
   </segment>
   <segment nite:id="Bmr011.segment.261" starttime="446.798" endtime="446.88" participant="me011" timing-provenance="segment">
      <nite:child href="Bmr011.H.words.xml#id(Bmr011.vocalsound.78)"/>
   </segment>
   <segment nite:id="Bmr011.segment.262" starttime="446.88" endtime="448.269" participant="me011" timing-provenance="segment">
      <nite:child href="Bmr011.H.words.xml#id(Bmr011.vocalsound.79)..id(Bmr011.w.1,996)"/>
   </segment>
   <segment nite:id="Bmr011.segment.269" starttime="452.59" endtime="455.24" participant="me011" timing-provenance="dialogueact">
      <nite:child href="Bmr011.H.words.xml#id(Bmr011.w.2,024)..id(Bmr011.w.2,039)"/>
   </segment>
   <segment nite:id="Bmr011.segment.288" starttime="489.813" endtime="490.243" participant="me011" timing-provenance="dialogueact">
      <nite:child href="Bmr011.H.words.xml#id(Bmr011.w.2,166)..id(Bmr011.w.2,169)"/>
   </segment>
   <segment nite:id="Bmr011.segment.294" starttime="511.08" endtime="511.943" participant="me011" timing-provenance="segment">
      <nite:child href="Bmr011.H.words.xml#id(Bmr011.w.2,267)..id(Bmr011.disfmarker.83)"/>
   </segment>
   <segment nite:id="Bmr011.segment.295" starttime="514.03" endtime="516.58" participant="me011" timing-provenance="dialogueact">
      <nite:child href="Bmr011.H.words.xml#id(Bmr011.w.2,272)..id(Bmr011.w.2,290)"/>
   </segment>
   <segment nite:id="Bmr011.segment.297" starttime="518.382" endtime="518.482" participant="me011" timing-provenance="dialogueact">
      <nite:child href="Bmr011.H.words.xml#id(Bmr011.w.2,295)..id(Bmr011.w.2,296)"/>
   </segment>
   <segment nite:id="Bmr011.segment.299" starttime="520.1" endtime="520.38" participant="me011" timing-provenance="dialogueact">
      <nite:child href="Bmr011.H.words.xml#id(Bmr011.w.2,299)..id(Bmr011.w.2,300)"/>
   </segment>
   <segment nite:id="Bmr011.segment.302" starttime="521.656" endtime="523.446" participant="me011" timing-provenance="segment">
      <nite:child href="Bmr011.H.words.xml#id(Bmr011.vocalsound.93)"/>
   </segment>
   <segment nite:id="Bmr011.segment.334" starttime="629.894" endtime="630.654" participant="me011" timing-provenance="dialogueact">
      <nite:child href="Bmr011.H.words.xml#id(Bmr011.w.2,703)..id(Bmr011.w.2,704)"/>
   </segment>
   <segment nite:id="Bmr011.segment.336" starttime="632.54" endtime="635.859" participant="me011" timing-provenance="segment">
      <nite:child href="Bmr011.H.words.xml#id(Bmr011.w.2,714)..id(Bmr011.vocalsound.97)"/>
   </segment>
   <segment nite:id="Bmr011.segment.342" starttime="642.3" endtime="643.06" participant="me011" timing-provenance="dialogueact">
      <nite:child href="Bmr011.H.words.xml#id(Bmr011.w.2,760)..id(Bmr011.w.2,766)"/>
   </segment>
   <segment nite:id="Bmr011.segment.352" starttime="692.206" endtime="692.793" participant="me011" timing-provenance="segment">
      <nite:child href="Bmr011.H.words.xml#id(Bmr011.vocalsound.101)"/>
   </segment>
   <segment nite:id="Bmr011.segment.365" starttime="727.16" endtime="729.26" participant="me011" timing-provenance="dialogueact">
      <nite:child href="Bmr011.H.words.xml#id(Bmr011.w.3,114)..id(Bmr011.w.3,126)"/>
   </segment>
   <segment nite:id="Bmr011.segment.370" starttime="730.33" endtime="732.793" participant="me011" timing-provenance="segment">
      <nite:child href="Bmr011.H.words.xml#id(Bmr011.w.3,146)..id(Bmr011.disfmarker.124)"/>
   </segment>
   <segment nite:id="Bmr011.segment.372" starttime="733.39" endtime="734.64" participant="me011" timing-provenance="dialogueact">
      <nite:child href="Bmr011.H.words.xml#id(Bmr011.w.3,159)..id(Bmr011.w.3,165)"/>
   </segment>
   <segment nite:id="Bmr011.segment.377" starttime="738.23" endtime="739.45" participant="me011" timing-provenance="dialogueact">
      <nite:child href="Bmr011.H.words.xml#id(Bmr011.w.3,204)..id(Bmr011.w.3,211)"/>
   </segment>
   <segment nite:id="Bmr011.segment.380" starttime="742.701" endtime="742.971" participant="me011" timing-provenance="dialogueact">
      <nite:child href="Bmr011.H.words.xml#id(Bmr011.w.3,233)..id(Bmr011.w.3,236)"/>
   </segment>
   <segment nite:id="Bmr011.segment.395" starttime="778.11" endtime="779.81" participant="me011" timing-provenance="dialogueact">
      <nite:child href="Bmr011.H.words.xml#id(Bmr011.w.3,413)..id(Bmr011.w.3,424)"/>
   </segment>
   <segment nite:id="Bmr011.segment.404" starttime="785.93" endtime="788.497" participant="me011" timing-provenance="segment">
      <nite:child href="Bmr011.H.words.xml#id(Bmr011.w.3,462)..id(Bmr011.vocalsound.109)"/>
   </segment>
   <segment nite:id="Bmr011.segment.414" starttime="792.35" endtime="792.53" participant="me011" timing-provenance="dialogueact">
      <nite:child href="Bmr011.H.words.xml#id(Bmr011.w.3,492)..id(Bmr011.w.3,493)"/>
   </segment>
   <segment nite:id="Bmr011.segment.417" starttime="794.92" endtime="795.685" participant="me011" timing-provenance="segment">
      <nite:child href="Bmr011.H.words.xml#id(Bmr011.vocalsound.119)"/>
   </segment>
   <segment nite:id="Bmr011.segment.421" starttime="798.035" endtime="802.49" participant="me011" timing-provenance="segment">
      <nite:child href="Bmr011.H.words.xml#id(Bmr011.vocalsound.123)"/>
   </segment>
   <segment nite:id="Bmr011.segment.436" starttime="824.91" endtime="825.73" participant="me011" timing-provenance="dialogueact">
      <nite:child href="Bmr011.H.words.xml#id(Bmr011.w.3,612)..id(Bmr011.w.3,617)"/>
   </segment>
   <segment nite:id="Bmr011.segment.447" starttime="848.75" endtime="851.91" participant="me011" timing-provenance="dialogueact">
      <nite:child href="Bmr011.H.words.xml#id(Bmr011.w.3,734)..id(Bmr011.w.3,749)"/>
   </segment>
   <segment nite:id="Bmr011.segment.448" starttime="852.379" endtime="857.829" participant="me011" timing-provenance="dialogueact">
      <nite:child href="Bmr011.H.words.xml#id(Bmr011.w.3,750)..id(Bmr011.w.3,767)"/>
   </segment>
   <segment nite:id="Bmr011.segment.449" starttime="858.292" endtime="860.942" participant="me011" timing-provenance="dialogueact">
      <nite:child href="Bmr011.H.words.xml#id(Bmr011.w.3,768)..id(Bmr011.w.3,780)"/>
   </segment>
   <segment nite:id="Bmr011.segment.451" starttime="861.74" endtime="861.93" participant="me011" timing-provenance="dialogueact">
      <nite:child href="Bmr011.H.words.xml#id(Bmr011.w.3,790)..id(Bmr011.w.3,791)"/>
   </segment>
   <segment nite:id="Bmr011.segment.453" starttime="867.03" endtime="870.41" participant="me011" timing-provenance="dialogueact">
      <nite:child href="Bmr011.H.words.xml#id(Bmr011.w.3,814)..id(Bmr011.w.3,830)"/>
   </segment>
   <segment nite:id="Bmr011.segment.457" starttime="879.477" endtime="879.767" participant="me011" timing-provenance="dialogueact">
      <nite:child href="Bmr011.H.words.xml#id(Bmr011.w.3,879)..id(Bmr011.w.3,880)"/>
   </segment>
   <segment nite:id="Bmr011.segment.461" starttime="882.655" endtime="885.375" participant="me011" timing-provenance="dialogueact">
      <nite:child href="Bmr011.H.words.xml#id(Bmr011.w.3,893)..id(Bmr011.w.3,908)"/>
   </segment>
   <segment nite:id="Bmr011.segment.462" starttime="885.83" endtime="889.34" participant="me011" timing-provenance="dialogueact">
      <nite:child href="Bmr011.H.words.xml#id(Bmr011.w.3,909)..id(Bmr011.w.3,920)"/>
   </segment>
   <segment nite:id="Bmr011.segment.463" starttime="889.775" endtime="897.095" participant="me011" timing-provenance="dialogueact">
      <nite:child href="Bmr011.H.words.xml#id(Bmr011.w.3,921)..id(Bmr011.w.3,951)"/>
   </segment>
   <segment nite:id="Bmr011.segment.465" starttime="898.067" endtime="898.317" participant="me011" timing-provenance="dialogueact">
      <nite:child href="Bmr011.H.words.xml#id(Bmr011.w.3,985)..id(Bmr011.w.3,986)"/>
   </segment>
   <segment nite:id="Bmr011.segment.466" starttime="902.352" endtime="903.52" participant="me011" timing-provenance="segment">
      <nite:child href="Bmr011.H.words.xml#id(Bmr011.w.3,987)..id(Bmr011.disfmarker.172)"/>
   </segment>
   <segment nite:id="Bmr011.segment.468" starttime="910.49" endtime="910.72" participant="me011" timing-provenance="dialogueact">
      <nite:child href="Bmr011.H.words.xml#id(Bmr011.w.4,030)..id(Bmr011.w.4,031)"/>
   </segment>
   <segment nite:id="Bmr011.segment.490" starttime="983.75" endtime="984.386" participant="me011" timing-provenance="segment">
      <nite:child href="Bmr011.H.words.xml#id(Bmr011.vocalsound.136)"/>
   </segment>
   <segment nite:id="Bmr011.segment.496" starttime="997.722" endtime="998.282" participant="me011" timing-provenance="dialogueact">
      <nite:child href="Bmr011.H.words.xml#id(Bmr011.w.4,390)..id(Bmr011.w.4,391)"/>
   </segment>
   <segment nite:id="Bmr011.segment.509" starttime="1024.04" endtime="1024.71" participant="me011" timing-provenance="segment">
      <nite:child href="Bmr011.H.words.xml#id(Bmr011.vocalsound.144)"/>
   </segment>
   <segment nite:id="Bmr011.segment.511" starttime="1025.38" endtime="1030.16" participant="me011" timing-provenance="dialogueact">
      <nite:child href="Bmr011.H.words.xml#id(Bmr011.w.4,507)..id(Bmr011.w.4,527)"/>
   </segment>
   <segment nite:id="Bmr011.segment.516" starttime="1031.82" endtime="1034.796" participant="me011" timing-provenance="segment">
      <nite:child href="Bmr011.H.words.xml#id(Bmr011.vocalsound.149)"/>
   </segment>
   <segment nite:id="Bmr011.segment.528" starttime="1062.73" endtime="1063.245" participant="me011" timing-provenance="segment">
      <nite:child href="Bmr011.H.words.xml#id(Bmr011.vocalsound.154)"/>
   </segment>
   <segment nite:id="Bmr011.segment.542" starttime="1103.33" endtime="1105.36" participant="me011" timing-provenance="dialogueact">
      <nite:child href="Bmr011.H.words.xml#id(Bmr011.w.4,851)..id(Bmr011.w.4,860)"/>
   </segment>
   <segment nite:id="Bmr011.segment.544" starttime="1105.95" endtime="1108.39" participant="me011" timing-provenance="dialogueact">
      <nite:child href="Bmr011.H.words.xml#id(Bmr011.w.4,866)..id(Bmr011.w.4,878)"/>
   </segment>
   <segment nite:id="Bmr011.segment.554" starttime="1116.592" endtime="1119.68" participant="me011" timing-provenance="segment">
      <nite:child href="Bmr011.H.words.xml#id(Bmr011.w.4,935)..id(Bmr011.comment.40)"/>
   </segment>
   <segment nite:id="Bmr011.segment.556" starttime="1120.11" endtime="1123.875" participant="me011" timing-provenance="segment">
      <nite:child href="Bmr011.H.words.xml#id(Bmr011.w.4,958)..id(Bmr011.vocalsound.166)"/>
   </segment>
   <segment nite:id="Bmr011.segment.562" starttime="1127.83" endtime="1128.83" participant="me011" timing-provenance="dialogueact">
      <nite:child href="Bmr011.H.words.xml#id(Bmr011.w.5,016)..id(Bmr011.w.5,021)"/>
   </segment>
   <segment nite:id="Bmr011.segment.569" starttime="1143.47" endtime="1150.51" participant="me011" timing-provenance="dialogueact">
      <nite:child href="Bmr011.H.words.xml#id(Bmr011.w.5,093)..id(Bmr011.w.5,115)"/>
   </segment>
   <segment nite:id="Bmr011.segment.570" starttime="1151.12" endtime="1154.88" participant="me011" timing-provenance="dialogueact">
      <nite:child href="Bmr011.H.words.xml#id(Bmr011.w.5,116)..id(Bmr011.w.5,132)"/>
   </segment>
   <segment nite:id="Bmr011.segment.574" starttime="1156.167" endtime="1157.011" participant="me011" timing-provenance="segment">
      <nite:child href="Bmr011.H.words.xml#id(Bmr011.w.5,139)..id(Bmr011.disfmarker.220)"/>
   </segment>
   <segment nite:id="Bmr011.segment.597" starttime="1226.63" endtime="1229.01" participant="me011" timing-provenance="dialogueact">
      <nite:child href="Bmr011.H.words.xml#id(Bmr011.w.5,404)..id(Bmr011.w.5,413)"/>
   </segment>
   <segment nite:id="Bmr011.segment.600" starttime="1229.57" endtime="1232.018" participant="me011" timing-provenance="segment">
      <nite:child href="Bmr011.H.words.xml#id(Bmr011.w.5,420)..id(Bmr011.comment.41)"/>
   </segment>
   <segment nite:id="Bmr011.segment.607" starttime="1245.6" endtime="1248.28" participant="me011" timing-provenance="dialogueact">
      <nite:child href="Bmr011.H.words.xml#id(Bmr011.w.5,488)..id(Bmr011.w.5,503)"/>
   </segment>
   <segment nite:id="Bmr011.segment.610" starttime="1248.84" endtime="1249.54" participant="me011" timing-provenance="dialogueact">
      <nite:child href="Bmr011.H.words.xml#id(Bmr011.w.5,505)..id(Bmr011.w.5,509)"/>
   </segment>
   <segment nite:id="Bmr011.segment.627" starttime="1309.91" endtime="1312.11" participant="me011" timing-provenance="segment">
      <nite:child href="Bmr011.H.words.xml#id(Bmr011.w.5,725)..id(Bmr011.disfmarker.249)"/>
   </segment>
   <segment nite:id="Bmr011.segment.631" starttime="1313.052" endtime="1316.22" participant="me011" timing-provenance="segment">
      <nite:child href="Bmr011.H.words.xml#id(Bmr011.w.5,739)..id(Bmr011.vocalsound.177)"/>
   </segment>
   <segment nite:id="Bmr011.segment.646" starttime="1350.2" endtime="1351.43" participant="me011" timing-provenance="dialogueact">
      <nite:child href="Bmr011.H.words.xml#id(Bmr011.w.5,902)..id(Bmr011.w.5,909)"/>
   </segment>
   <segment nite:id="Bmr011.segment.651" starttime="1363.629" endtime="1364.131" participant="me011" timing-provenance="segment">
      <nite:child href="Bmr011.H.words.xml#id(Bmr011.w.5,988)..id(Bmr011.disfmarker.260)"/>
   </segment>
   <segment nite:id="Bmr011.segment.661" starttime="1397.302" endtime="1399.478" participant="me011" timing-provenance="segment">
      <nite:child href="Bmr011.H.words.xml#id(Bmr011.w.6,128)..id(Bmr011.comment.46)"/>
   </segment>
   <segment nite:id="Bmr011.segment.688" starttime="1444.19" endtime="1446.83" participant="me011" timing-provenance="dialogueact">
      <nite:child href="Bmr011.H.words.xml#id(Bmr011.w.6,369)..id(Bmr011.w.6,380)"/>
   </segment>
   <segment nite:id="Bmr011.segment.690" starttime="1447.99" endtime="1448.2" participant="me011" timing-provenance="dialogueact">
      <nite:child href="Bmr011.H.words.xml#id(Bmr011.w.6,381)"/>
   </segment>
   <segment nite:id="Bmr011.segment.691" starttime="1448.91" endtime="1456.98" participant="me011" timing-provenance="dialogueact">
      <nite:child href="Bmr011.H.words.xml#id(Bmr011.w.6,382)..id(Bmr011.w.6,422)"/>
   </segment>
   <segment nite:id="Bmr011.segment.695" starttime="1459.07" endtime="1459.56" participant="me011" timing-provenance="dialogueact">
      <nite:child href="Bmr011.H.words.xml#id(Bmr011.w.6,435)..id(Bmr011.w.6,438)"/>
   </segment>
   <segment nite:id="Bmr011.segment.721" starttime="1504.44" endtime="1505.08" participant="me011" timing-provenance="dialogueact">
      <nite:child href="Bmr011.H.words.xml#id(Bmr011.w.6,643)..id(Bmr011.w.6,647)"/>
   </segment>
   <segment nite:id="Bmr011.segment.728" starttime="1523.13" endtime="1527.53" participant="me011" timing-provenance="dialogueact">
      <nite:child href="Bmr011.H.words.xml#id(Bmr011.w.6,723)..id(Bmr011.w.6,748)"/>
   </segment>
   <segment nite:id="Bmr011.segment.735" starttime="1531.29" endtime="1532.46" participant="me011" timing-provenance="dialogueact">
      <nite:child href="Bmr011.H.words.xml#id(Bmr011.w.6,786)..id(Bmr011.w.6,795)"/>
   </segment>
   <segment nite:id="Bmr011.segment.739" starttime="1533.79" endtime="1536.64" participant="me011" timing-provenance="dialogueact">
      <nite:child href="Bmr011.H.words.xml#id(Bmr011.w.6,817)..id(Bmr011.w.6,839)"/>
   </segment>
   <segment nite:id="Bmr011.segment.750" starttime="1539.25" endtime="1540.54" participant="me011" timing-provenance="dialogueact">
      <nite:child href="Bmr011.H.words.xml#id(Bmr011.w.6,870)..id(Bmr011.w.6,878)"/>
   </segment>
   <segment nite:id="Bmr011.segment.756" starttime="1541.48" endtime="1542.73" participant="me011" timing-provenance="segment">
      <nite:child href="Bmr011.H.words.xml#id(Bmr011.vocalsound.211)"/>
   </segment>
   <segment nite:id="Bmr011.segment.773" starttime="1557.885" endtime="1558.443" participant="me011" timing-provenance="segment">
      <nite:child href="Bmr011.H.words.xml#id(Bmr011.vocalsound.219)"/>
   </segment>
   <segment nite:id="Bmr011.segment.799" starttime="1635.01" endtime="1636.47" participant="me011" timing-provenance="dialogueact">
      <nite:child href="Bmr011.H.words.xml#id(Bmr011.w.7,322)..id(Bmr011.w.7,329)"/>
   </segment>
   <segment nite:id="Bmr011.segment.804" starttime="1653.42" endtime="1653.72" participant="me011" timing-provenance="dialogueact">
      <nite:child href="Bmr011.H.words.xml#id(Bmr011.w.7,415)..id(Bmr011.w.7,416)"/>
   </segment>
   <segment nite:id="Bmr011.segment.812" starttime="1679.95" endtime="1680.29" participant="me011" timing-provenance="dialogueact">
      <nite:child href="Bmr011.H.words.xml#id(Bmr011.w.7,537)..id(Bmr011.w.7,540)"/>
   </segment>
   <segment nite:id="Bmr011.segment.830" starttime="1761.88" endtime="1762.661" participant="me011" timing-provenance="segment">
      <nite:child href="Bmr011.H.words.xml#id(Bmr011.w.7,859)..id(Bmr011.disfmarker.347)"/>
   </segment>
   <segment nite:id="Bmr011.segment.831" starttime="1764.34" endtime="1767.2" participant="me011" timing-provenance="dialogueact">
      <nite:child href="Bmr011.H.words.xml#id(Bmr011.w.7,861)..id(Bmr011.w.7,866)"/>
   </segment>
   <segment nite:id="Bmr011.segment.832" starttime="1767.51" endtime="1768.61" participant="me011" timing-provenance="dialogueact">
      <nite:child href="Bmr011.H.words.xml#id(Bmr011.w.7,867)..id(Bmr011.w.7,869)"/>
   </segment>
   <segment nite:id="Bmr011.segment.834" starttime="1769.39" endtime="1777.22" participant="me011" timing-provenance="dialogueact">
      <nite:child href="Bmr011.H.words.xml#id(Bmr011.w.7,870)..id(Bmr011.w.7,900)"/>
   </segment>
   <segment nite:id="Bmr011.segment.836" starttime="1777.427" endtime="1780.335" participant="me011" timing-provenance="segment">
      <nite:child href="Bmr011.H.words.xml#id(Bmr011.w.7,903)..id(Bmr011.disfmarker.353)"/>
   </segment>
   <segment nite:id="Bmr011.segment.838" starttime="1780.54" endtime="1787.91" participant="me011" timing-provenance="dialogueact">
      <nite:child href="Bmr011.H.words.xml#id(Bmr011.w.7,919)..id(Bmr011.w.7,950)"/>
   </segment>
   <segment nite:id="Bmr011.segment.840" starttime="1788.56" endtime="1794.18" participant="me011" timing-provenance="dialogueact">
      <nite:child href="Bmr011.H.words.xml#id(Bmr011.w.7,951)..id(Bmr011.w.7,965)"/>
   </segment>
   <segment nite:id="Bmr011.segment.844" starttime="1802.35" endtime="1802.57" participant="me011" timing-provenance="dialogueact">
      <nite:child href="Bmr011.H.words.xml#id(Bmr011.w.8,006)..id(Bmr011.w.8,007)"/>
   </segment>
   <segment nite:id="Bmr011.segment.851" starttime="1820.09" endtime="1820.37" participant="me011" timing-provenance="dialogueact">
      <nite:child href="Bmr011.H.words.xml#id(Bmr011.w.8,097)..id(Bmr011.w.8,098)"/>
   </segment>
   <segment nite:id="Bmr011.segment.873" starttime="1883.35" endtime="1885.91" participant="me011" timing-provenance="dialogueact">
      <nite:child href="Bmr011.H.words.xml#id(Bmr011.w.8,419)..id(Bmr011.w.8,429)"/>
   </segment>
   <segment nite:id="Bmr011.segment.875" starttime="1886.28" endtime="1886.78" participant="me011" timing-provenance="dialogueact">
      <nite:child href="Bmr011.H.words.xml#id(Bmr011.w.8,430)..id(Bmr011.w.8,431)"/>
   </segment>
   <segment nite:id="Bmr011.segment.877" starttime="1887.36" endtime="1888.7" participant="me011" timing-provenance="dialogueact">
      <nite:child href="Bmr011.H.words.xml#id(Bmr011.w.8,434)..id(Bmr011.w.8,442)"/>
   </segment>
   <segment nite:id="Bmr011.segment.880" starttime="1892.34" endtime="1898.62" participant="me011" timing-provenance="dialogueact">
      <nite:child href="Bmr011.H.words.xml#id(Bmr011.w.8,471)..id(Bmr011.w.8,497)"/>
   </segment>
   <segment nite:id="Bmr011.segment.884" starttime="1898.87" endtime="1902.89" participant="me011" timing-provenance="dialogueact">
      <nite:child href="Bmr011.H.words.xml#id(Bmr011.w.8,507)..id(Bmr011.w.8,521)"/>
   </segment>
   <segment nite:id="Bmr011.segment.889" starttime="1904.86" endtime="1906.32" participant="me011" timing-provenance="dialogueact">
      <nite:child href="Bmr011.H.words.xml#id(Bmr011.w.8,558)..id(Bmr011.w.8,563)"/>
   </segment>
   <segment nite:id="Bmr011.segment.899" starttime="1924.25" endtime="1924.45" participant="me011" timing-provenance="dialogueact">
      <nite:child href="Bmr011.H.words.xml#id(Bmr011.w.8,642)..id(Bmr011.w.8,643)"/>
   </segment>
   <segment nite:id="Bmr011.segment.906" starttime="1936.76" endtime="1937.0" participant="me011" timing-provenance="dialogueact">
      <nite:child href="Bmr011.H.words.xml#id(Bmr011.w.8,690)..id(Bmr011.w.8,691)"/>
   </segment>
   <segment nite:id="Bmr011.segment.909" starttime="1942.9" endtime="1945.94" participant="me011" timing-provenance="dialogueact">
      <nite:child href="Bmr011.H.words.xml#id(Bmr011.w.8,708)..id(Bmr011.w.8,729)"/>
   </segment>
   <segment nite:id="Bmr011.segment.917" starttime="1953.74" endtime="1956.81" participant="me011" timing-provenance="dialogueact">
      <nite:child href="Bmr011.H.words.xml#id(Bmr011.w.8,790)..id(Bmr011.w.8,806)"/>
   </segment>
   <segment nite:id="Bmr011.segment.922" starttime="1957.82" endtime="1960.35" participant="me011" timing-provenance="dialogueact">
      <nite:child href="Bmr011.H.words.xml#id(Bmr011.w.8,819)..id(Bmr011.w.8,832)"/>
   </segment>
   <segment nite:id="Bmr011.segment.932" starttime="1976.121" endtime="1976.921" participant="me011" timing-provenance="segment">
      <nite:child href="Bmr011.H.words.xml#id(Bmr011.w.8,915)..id(Bmr011.comment.57)"/>
   </segment>
   <segment nite:id="Bmr011.segment.940" starttime="1986.05" endtime="1991.58" participant="me011" timing-provenance="dialogueact">
      <nite:child href="Bmr011.H.words.xml#id(Bmr011.w.8,970)..id(Bmr011.w.9,000)"/>
   </segment>
   <segment nite:id="Bmr011.segment.943" starttime="1991.85" endtime="1993.03" participant="me011" timing-provenance="segment">
      <nite:child href="Bmr011.H.words.xml#id(Bmr011.vocalsound.239)..id(Bmr011.w.9,021)"/>
   </segment>
   <segment nite:id="Bmr011.segment.944" starttime="1995.07" endtime="1995.46" participant="me011" timing-provenance="dialogueact">
      <nite:child href="Bmr011.H.words.xml#id(Bmr011.w.9,022)..id(Bmr011.w.9,025)"/>
   </segment>
   <segment nite:id="Bmr011.segment.950" starttime="2003.48" endtime="2003.73" participant="me011" timing-provenance="dialogueact">
      <nite:child href="Bmr011.H.words.xml#id(Bmr011.w.9,077)..id(Bmr011.w.9,078)"/>
   </segment>
   <segment nite:id="Bmr011.segment.951" starttime="2004.46" endtime="2008.06" participant="me011" timing-provenance="dialogueact">
      <nite:child href="Bmr011.H.words.xml#id(Bmr011.w.9,079)..id(Bmr011.w.9,093)"/>
   </segment>
   <segment nite:id="Bmr011.segment.954" starttime="2008.99" endtime="2009.25" participant="me011" timing-provenance="dialogueact">
      <nite:child href="Bmr011.H.words.xml#id(Bmr011.w.9,103)..id(Bmr011.w.9,104)"/>
   </segment>
   <segment nite:id="Bmr011.segment.956" starttime="2011.25" endtime="2011.49" participant="me011" timing-provenance="dialogueact">
      <nite:child href="Bmr011.H.words.xml#id(Bmr011.w.9,116)..id(Bmr011.w.9,117)"/>
   </segment>
   <segment nite:id="Bmr011.segment.969" starttime="2036.183" endtime="2038.506" participant="me011" timing-provenance="segment">
      <nite:child href="Bmr011.H.words.xml#id(Bmr011.vocalsound.248)"/>
   </segment>
   <segment nite:id="Bmr011.segment.973" starttime="2041.27" endtime="2043.01" participant="me011" timing-provenance="dialogueact">
      <nite:child href="Bmr011.H.words.xml#id(Bmr011.w.9,273)..id(Bmr011.w.9,284)"/>
   </segment>
   <segment nite:id="Bmr011.segment.976" starttime="2044.28" endtime="2048.09" participant="me011" timing-provenance="segment">
      <nite:child href="Bmr011.H.words.xml#id(Bmr011.w.9,292)..id(Bmr011.disfmarker.423)"/>
   </segment>
   <segment nite:id="Bmr011.segment.983" starttime="2051.67" endtime="2052.35" participant="me011" timing-provenance="segment">
      <nite:child href="Bmr011.H.words.xml#id(Bmr011.vocalsound.254)"/>
   </segment>
   <segment nite:id="Bmr011.segment.987" starttime="2055.106" endtime="2056.171" participant="me011" timing-provenance="segment">
      <nite:child href="Bmr011.H.words.xml#id(Bmr011.vocalsound.257)"/>
   </segment>
   <segment nite:id="Bmr011.segment.993" starttime="2062.687" endtime="2063.122" participant="me011" timing-provenance="segment">
      <nite:child href="Bmr011.H.words.xml#id(Bmr011.vocalsound.260)"/>
   </segment>
   <segment nite:id="Bmr011.segment.1,003" starttime="2079.41" endtime="2081.52" participant="me011" timing-provenance="dialogueact">
      <nite:child href="Bmr011.H.words.xml#id(Bmr011.w.9,488)..id(Bmr011.w.9,496)"/>
   </segment>
   <segment nite:id="Bmr011.segment.1,006" starttime="2081.761" endtime="2083.34" participant="me011" timing-provenance="segment">
      <nite:child href="Bmr011.H.words.xml#id(Bmr011.vocalsound.263)"/>
   </segment>
   <segment nite:id="Bmr011.segment.1,009" starttime="2083.34" endtime="2084.05" participant="me011" timing-provenance="segment">
      <nite:child href="Bmr011.H.words.xml#id(Bmr011.vocalsound.264)"/>
   </segment>
   <segment nite:id="Bmr011.segment.1,016" starttime="2097.48" endtime="2097.67" participant="me011" timing-provenance="dialogueact">
      <nite:child href="Bmr011.H.words.xml#id(Bmr011.w.9,601)..id(Bmr011.w.9,602)"/>
   </segment>
   <segment nite:id="Bmr011.segment.1,019" starttime="2102.14" endtime="2107.19" participant="me011" timing-provenance="dialogueact">
      <nite:child href="Bmr011.H.words.xml#id(Bmr011.w.9,609)..id(Bmr011.w.9,625)"/>
   </segment>
   <segment nite:id="Bmr011.segment.1,020" starttime="2107.59" endtime="2108.9" participant="me011" timing-provenance="dialogueact">
      <nite:child href="Bmr011.H.words.xml#id(Bmr011.w.9,626)..id(Bmr011.w.9,629)"/>
   </segment>
   <segment nite:id="Bmr011.segment.1,022" starttime="2109.68" endtime="2111.48" participant="me011" timing-provenance="dialogueact">
      <nite:child href="Bmr011.H.words.xml#id(Bmr011.w.9,639)..id(Bmr011.w.9,648)"/>
   </segment>
   <segment nite:id="Bmr011.segment.1,026" starttime="2122.94" endtime="2123.68" participant="me011" timing-provenance="segment">
      <nite:child href="Bmr011.H.words.xml#id(Bmr011.nonvocalsound.23)"/>
   </segment>
   <segment nite:id="Bmr011.segment.1,046" starttime="2171.14" endtime="2172.09" participant="me011" timing-provenance="dialogueact">
      <nite:child href="Bmr011.H.words.xml#id(Bmr011.w.9,882)..id(Bmr011.w.9,885)"/>
   </segment>
   <segment nite:id="Bmr011.segment.1,060" starttime="2197.93" endtime="2199.9" participant="me011" timing-provenance="dialogueact">
      <nite:child href="Bmr011.H.words.xml#id(Bmr011.w.10,001)..id(Bmr011.w.10,008)"/>
   </segment>
   <segment nite:id="Bmr011.segment.1,065" starttime="2210.65" endtime="2212.1" participant="me011" timing-provenance="dialogueact">
      <nite:child href="Bmr011.H.words.xml#id(Bmr011.w.10,044)..id(Bmr011.w.10,057)"/>
   </segment>
   <segment nite:id="Bmr011.segment.1,068" starttime="2221.75" endtime="2222.26" participant="me011" timing-provenance="dialogueact">
      <nite:child href="Bmr011.H.words.xml#id(Bmr011.w.10,104)..id(Bmr011.w.10,106)"/>
   </segment>
   <segment nite:id="Bmr011.segment.1,075" starttime="2232.978" endtime="2234.037" participant="me011" timing-provenance="segment">
      <nite:child href="Bmr011.H.words.xml#id(Bmr011.w.10,164)..id(Bmr011.comment.68)"/>
   </segment>
   <segment nite:id="Bmr011.segment.1,080" starttime="2249.96" endtime="2252.55" participant="me011" timing-provenance="dialogueact">
      <nite:child href="Bmr011.H.words.xml#id(Bmr011.w.10,235)..id(Bmr011.w.10,247)"/>
   </segment>
   <segment nite:id="Bmr011.segment.1,086" starttime="2271.38" endtime="2271.72" participant="me011" timing-provenance="dialogueact">
      <nite:child href="Bmr011.H.words.xml#id(Bmr011.w.10,333)..id(Bmr011.w.10,334)"/>
   </segment>
   <segment nite:id="Bmr011.segment.1,090" starttime="2277.27" endtime="2278.71" participant="me011" timing-provenance="dialogueact">
      <nite:child href="Bmr011.H.words.xml#id(Bmr011.w.10,347)..id(Bmr011.w.10,358)"/>
   </segment>
   <segment nite:id="Bmr011.segment.1,092" starttime="2279.776" endtime="2282.41" participant="me011" timing-provenance="segment">
      <nite:child href="Bmr011.H.words.xml#id(Bmr011.w.10,382)..id(Bmr011.disfmarker.469)"/>
   </segment>
   <segment nite:id="Bmr011.segment.1,096" starttime="2295.75" endtime="2296.555" participant="me011" timing-provenance="segment">
      <nite:child href="Bmr011.H.words.xml#id(Bmr011.w.10,436)..id(Bmr011.disfmarker.473)"/>
   </segment>
   <segment nite:id="Bmr011.segment.1,098" starttime="2297.53" endtime="2298.42" participant="me011" timing-provenance="dialogueact">
      <nite:child href="Bmr011.H.words.xml#id(Bmr011.w.10,448)..id(Bmr011.w.10,455)"/>
   </segment>
   <segment nite:id="Bmr011.segment.1,117" starttime="2347.69" endtime="2349.02" participant="me011" timing-provenance="dialogueact">
      <nite:child href="Bmr011.H.words.xml#id(Bmr011.w.10,740)..id(Bmr011.w.10,744)"/>
   </segment>
   <segment nite:id="Bmr011.segment.1,118" starttime="2351.963" endtime="2353.11" participant="me011" timing-provenance="segment">
      <nite:child href="Bmr011.H.words.xml#id(Bmr011.w.10,745)..id(Bmr011.vocalsound.283)"/>
   </segment>
   <segment nite:id="Bmr011.segment.1,154" starttime="2455.932" endtime="2457.744" participant="me011" timing-provenance="segment">
      <nite:child href="Bmr011.H.words.xml#id(Bmr011.w.11,177)..id(Bmr011.comment.77)"/>
   </segment>
   <segment nite:id="Bmr011.segment.1,172" starttime="2530.301" endtime="2531.52" participant="me011" timing-provenance="segment">
      <nite:child href="Bmr011.H.words.xml#id(Bmr011.vocalsound.296)"/>
   </segment>
   <segment nite:id="Bmr011.segment.1,175" starttime="2542.018" endtime="2542.454" participant="me011" timing-provenance="segment">
      <nite:child href="Bmr011.H.words.xml#id(Bmr011.w.11,540)..id(Bmr011.w.11,541)"/>
   </segment>
   <segment nite:id="Bmr011.segment.1,178" starttime="2550.472" endtime="2551.4" participant="me011" timing-provenance="segment">
      <nite:child href="Bmr011.H.words.xml#id(Bmr011.vocalsound.298)"/>
   </segment>
   <segment nite:id="Bmr011.segment.1,184" starttime="2574.81" endtime="2575.26" participant="me011" timing-provenance="dialogueact">
      <nite:child href="Bmr011.H.words.xml#id(Bmr011.w.11,658)..id(Bmr011.w.11,660)"/>
   </segment>
   <segment nite:id="Bmr011.segment.1,194" starttime="2594.827" endtime="2596.99" participant="me011" timing-provenance="segment">
      <nite:child href="Bmr011.H.words.xml#id(Bmr011.w.11,757)..id(Bmr011.disfmarker.548)"/>
   </segment>
   <segment nite:id="Bmr011.segment.1,199" starttime="2603.72" endtime="2604.91" participant="me011" timing-provenance="dialogueact">
      <nite:child href="Bmr011.H.words.xml#id(Bmr011.w.11,808)..id(Bmr011.w.11,812)"/>
   </segment>
   <segment nite:id="Bmr011.segment.1,213" starttime="2626.117" endtime="2627.79" participant="me011" timing-provenance="segment">
      <nite:child href="Bmr011.H.words.xml#id(Bmr011.vocalsound.302)"/>
   </segment>
   <segment nite:id="Bmr011.segment.1,215" starttime="2629.905" endtime="2632.484" participant="me011" timing-provenance="segment">
      <nite:child href="Bmr011.H.words.xml#id(Bmr011.vocalsound.303)"/>
   </segment>
   <segment nite:id="Bmr011.segment.1,224" starttime="2648.71" endtime="2648.88" participant="me011" timing-provenance="dialogueact">
      <nite:child href="Bmr011.H.words.xml#id(Bmr011.w.12,035)..id(Bmr011.w.12,036)"/>
   </segment>
   <segment nite:id="Bmr011.segment.1,243" starttime="2689.38" endtime="2690.16" participant="me011" timing-provenance="segment">
      <nite:child href="Bmr011.H.words.xml#id(Bmr011.vocalsound.307)"/>
   </segment>
   <segment nite:id="Bmr011.segment.1,251" starttime="2712.19" endtime="2712.57" participant="me011" timing-provenance="dialogueact">
      <nite:child href="Bmr011.H.words.xml#id(Bmr011.w.12,331)..id(Bmr011.w.12,332)"/>
   </segment>
   <segment nite:id="Bmr011.segment.1,259" starttime="2728.43" endtime="2728.62" participant="me011" timing-provenance="dialogueact">
      <nite:child href="Bmr011.H.words.xml#id(Bmr011.w.12,429)..id(Bmr011.w.12,430)"/>
   </segment>
   <segment nite:id="Bmr011.segment.1,301" starttime="2791.18" endtime="2792.08" participant="me011" timing-provenance="dialogueact">
      <nite:child href="Bmr011.H.words.xml#id(Bmr011.w.12,707)..id(Bmr011.w.12,712)"/>
   </segment>
   <segment nite:id="Bmr011.segment.1,305" starttime="2793.19" endtime="2795.448" participant="me011" timing-provenance="segment">
      <nite:child href="Bmr011.H.words.xml#id(Bmr011.w.12,736)..id(Bmr011.disfmarker.586)"/>
   </segment>
   <segment nite:id="Bmr011.segment.1,307" starttime="2796.28" endtime="2798.64" participant="me011" timing-provenance="dialogueact">
      <nite:child href="Bmr011.H.words.xml#id(Bmr011.w.12,745)..id(Bmr011.w.12,755)"/>
   </segment>
   <segment nite:id="Bmr011.segment.1,308" starttime="2798.74" endtime="2800.14" participant="me011" timing-provenance="dialogueact">
      <nite:child href="Bmr011.H.words.xml#id(Bmr011.w.12,756)..id(Bmr011.w.12,763)"/>
   </segment>
   <segment nite:id="Bmr011.segment.1,315" starttime="2804.77" endtime="2805.78" participant="me011" timing-provenance="dialogueact">
      <nite:child href="Bmr011.H.words.xml#id(Bmr011.w.12,820)..id(Bmr011.w.12,829)"/>
   </segment>
   <segment nite:id="Bmr011.segment.1,322" starttime="2819.552" endtime="2821.445" participant="me011" timing-provenance="segment">
      <nite:child href="Bmr011.H.words.xml#id(Bmr011.w.12,875)..id(Bmr011.disfmarker.591)"/>
   </segment>
   <segment nite:id="Bmr011.segment.1,331" starttime="2837.09" endtime="2837.28" participant="me011" timing-provenance="dialogueact">
      <nite:child href="Bmr011.H.words.xml#id(Bmr011.w.12,960)..id(Bmr011.w.12,961)"/>
   </segment>
   <segment nite:id="Bmr011.segment.1,334" starttime="2838.27" endtime="2839.56" participant="me011" timing-provenance="dialogueact">
      <nite:child href="Bmr011.H.words.xml#id(Bmr011.w.12,966)..id(Bmr011.w.12,977)"/>
   </segment>
   <segment nite:id="Bmr011.segment.1,336" starttime="2840.36" endtime="2845.99" participant="me011" timing-provenance="dialogueact">
      <nite:child href="Bmr011.H.words.xml#id(Bmr011.w.12,986)..id(Bmr011.w.13,014)"/>
   </segment>
   <segment nite:id="Bmr011.segment.1,340" starttime="2846.52" endtime="2847.18" participant="me011" timing-provenance="dialogueact">
      <nite:child href="Bmr011.H.words.xml#id(Bmr011.w.13,020)..id(Bmr011.w.13,024)"/>
   </segment>
   <segment nite:id="Bmr011.segment.1,349" starttime="2851.29" endtime="2853.34" participant="me011" timing-provenance="dialogueact">
      <nite:child href="Bmr011.H.words.xml#id(Bmr011.w.13,057)..id(Bmr011.w.13,068)"/>
   </segment>
   <segment nite:id="Bmr011.segment.1,356" starttime="2858.37" endtime="2858.91" participant="me011" timing-provenance="dialogueact">
      <nite:child href="Bmr011.H.words.xml#id(Bmr011.w.13,106)..id(Bmr011.w.13,111)"/>
   </segment>
   <segment nite:id="Bmr011.segment.1,395" starttime="2946.31" endtime="2946.66" participant="me011" timing-provenance="dialogueact">
      <nite:child href="Bmr011.H.words.xml#id(Bmr011.w.13,551)..id(Bmr011.w.13,552)"/>
   </segment>
   <segment nite:id="Bmr011.segment.1,412" starttime="2970.148" endtime="2974.83" participant="me011" timing-provenance="segment">
      <nite:child href="Bmr011.H.words.xml#id(Bmr011.w.13,675)..id(Bmr011.vocalsound.349)"/>
   </segment>
   <segment nite:id="Bmr011.segment.1,414" starttime="2976.71" endtime="2979.14" participant="me011" timing-provenance="dialogueact">
      <nite:child href="Bmr011.H.words.xml#id(Bmr011.w.13,709)..id(Bmr011.w.13,717)"/>
   </segment>
   <segment nite:id="Bmr011.segment.1,417" starttime="2980.78" endtime="2981.02" participant="me011" timing-provenance="dialogueact">
      <nite:child href="Bmr011.H.words.xml#id(Bmr011.w.13,725)..id(Bmr011.w.13,726)"/>
   </segment>
   <segment nite:id="Bmr011.segment.1,419" starttime="2981.83" endtime="2983.32" participant="me011" timing-provenance="dialogueact">
      <nite:child href="Bmr011.H.words.xml#id(Bmr011.w.13,729)..id(Bmr011.w.13,733)"/>
   </segment>
   <segment nite:id="Bmr011.segment.1,420" starttime="2983.81" endtime="2986.596" participant="me011" timing-provenance="segment">
      <nite:child href="Bmr011.H.words.xml#id(Bmr011.w.13,734)..id(Bmr011.disfmarker.630)"/>
   </segment>
   <segment nite:id="Bmr011.segment.1,422" starttime="2987.24" endtime="2987.5" participant="me011" timing-provenance="dialogueact">
      <nite:child href="Bmr011.H.words.xml#id(Bmr011.w.13,765)..id(Bmr011.w.13,766)"/>
   </segment>
   <segment nite:id="Bmr011.segment.1,424" starttime="2989.51" endtime="2989.69" participant="me011" timing-provenance="dialogueact">
      <nite:child href="Bmr011.H.words.xml#id(Bmr011.w.13,771)..id(Bmr011.w.13,772)"/>
   </segment>
   <segment nite:id="Bmr011.segment.1,426" starttime="2991.01" endtime="2994.7" participant="me011" timing-provenance="dialogueact">
      <nite:child href="Bmr011.H.words.xml#id(Bmr011.w.13,781)..id(Bmr011.w.13,803)"/>
   </segment>
   <segment nite:id="Bmr011.segment.1,436" starttime="3015.08" endtime="3015.95" participant="me011" timing-provenance="segment">
      <nite:child href="Bmr011.H.words.xml#id(Bmr011.vocalsound.357)"/>
   </segment>
   <segment nite:id="Bmr011.segment.1,438" starttime="3016.88" endtime="3018.83" participant="me011" timing-provenance="dialogueact">
      <nite:child href="Bmr011.H.words.xml#id(Bmr011.w.13,906)..id(Bmr011.w.13,914)"/>
   </segment>
   <segment nite:id="Bmr011.segment.1,446" starttime="3023.553" endtime="3025.184" participant="me011" timing-provenance="segment">
      <nite:child href="Bmr011.H.words.xml#id(Bmr011.w.13,982)..id(Bmr011.vocalsound.365)"/>
   </segment>
   <segment nite:id="Bmr011.segment.1,457" starttime="3035.41" endtime="3036.47" participant="me011" timing-provenance="dialogueact">
      <nite:child href="Bmr011.H.words.xml#id(Bmr011.w.14,035)..id(Bmr011.w.14,039)"/>
   </segment>
   <segment nite:id="Bmr011.segment.1,463" starttime="3036.964" endtime="3038.573" participant="me011" timing-provenance="segment">
      <nite:child href="Bmr011.H.words.xml#id(Bmr011.vocalsound.372)"/>
   </segment>
   <segment nite:id="Bmr011.segment.1,475" starttime="3050.78" endtime="3051.541" participant="me011" timing-provenance="segment">
      <nite:child href="Bmr011.H.words.xml#id(Bmr011.w.14,122)..id(Bmr011.disfmarker.646)"/>
   </segment>
   <segment nite:id="Bmr011.segment.1,478" starttime="3055.9" endtime="3056.22" participant="me011" timing-provenance="dialogueact">
      <nite:child href="Bmr011.H.words.xml#id(Bmr011.w.14,142)..id(Bmr011.w.14,143)"/>
   </segment>
   <segment nite:id="Bmr011.segment.1,491" starttime="3086.311" endtime="3087.018" participant="me011" timing-provenance="segment">
      <nite:child href="Bmr011.H.words.xml#id(Bmr011.w.14,290)..id(Bmr011.disfmarker.656)"/>
   </segment>
   <segment nite:id="Bmr011.segment.1,494" starttime="3088.83" endtime="3090.83" participant="me011" timing-provenance="dialogueact">
      <nite:child href="Bmr011.H.words.xml#id(Bmr011.w.14,303)..id(Bmr011.w.14,316)"/>
   </segment>
   <segment nite:id="Bmr011.segment.1,503" starttime="3093.95" endtime="3096.159" participant="me011" timing-provenance="segment">
      <nite:child href="Bmr011.H.words.xml#id(Bmr011.w.14,347)..id(Bmr011.vocalsound.387)"/>
   </segment>
   <segment nite:id="Bmr011.segment.1,513" starttime="3100.43" endtime="3102.14" participant="me011" timing-provenance="dialogueact">
      <nite:child href="Bmr011.H.words.xml#id(Bmr011.w.14,383)..id(Bmr011.w.14,390)"/>
   </segment>
   <segment nite:id="Bmr011.segment.1,519" starttime="3104.7" endtime="3105.39" participant="me011" timing-provenance="dialogueact">
      <nite:child href="Bmr011.H.words.xml#id(Bmr011.w.14,405)..id(Bmr011.w.14,411)"/>
   </segment>
   <segment nite:id="Bmr011.segment.1,530" starttime="3129.36" endtime="3132.527" participant="me011" timing-provenance="segment">
      <nite:child href="Bmr011.H.words.xml#id(Bmr011.vocalsound.400)"/>
   </segment>
   <segment nite:id="Bmr011.segment.1,544" starttime="3134.197" endtime="3134.645" participant="me011" timing-provenance="segment">
      <nite:child href="Bmr011.H.words.xml#id(Bmr011.vocalsound.414)"/>
   </segment>
   <segment nite:id="Bmr011.segment.1,546" starttime="3135.844" endtime="3137.229" participant="me011" timing-provenance="segment">
      <nite:child href="Bmr011.H.words.xml#id(Bmr011.vocalsound.416)"/>
   </segment>
   <segment nite:id="Bmr011.segment.1,551" starttime="3144.2" endtime="3145.27" participant="me011" timing-provenance="dialogueact">
      <nite:child href="Bmr011.H.words.xml#id(Bmr011.w.14,612)..id(Bmr011.w.14,618)"/>
   </segment>
   <segment nite:id="Bmr011.segment.1,555" starttime="3151.78" endtime="3152.75" participant="me011" timing-provenance="dialogueact">
      <nite:child href="Bmr011.H.words.xml#id(Bmr011.w.14,651)..id(Bmr011.w.14,654)"/>
   </segment>
   <segment nite:id="Bmr011.segment.1,560" starttime="3153.67" endtime="3159.558" participant="me011" timing-provenance="segment">
      <nite:child href="Bmr011.H.words.xml#id(Bmr011.w.14,671)..id(Bmr011.disfmarker.682)"/>
   </segment>
   <segment nite:id="Bmr011.segment.1,568" starttime="3161.46" endtime="3161.72" participant="me011" timing-provenance="dialogueact">
      <nite:child href="Bmr011.H.words.xml#id(Bmr011.w.14,750)..id(Bmr011.w.14,751)"/>
   </segment>
   <segment nite:id="Bmr011.segment.1,575" starttime="3176.17" endtime="3177.17" participant="me011" timing-provenance="segment">
      <nite:child href="Bmr011.H.words.xml#id(Bmr011.vocalsound.427)"/>
   </segment>
   <segment nite:id="Bmr011.segment.1,580" starttime="3177.278" endtime="3180.673" participant="me011" timing-provenance="segment">
      <nite:child href="Bmr011.H.words.xml#id(Bmr011.w.14,810)..id(Bmr011.vocalsound.430)"/>
   </segment>
   <segment nite:id="Bmr011.segment.1,591" starttime="3183.323" endtime="3185.57" participant="me011" timing-provenance="segment">
      <nite:child href="Bmr011.H.words.xml#id(Bmr011.vocalsound.438)..id(Bmr011.vocalsound.439)"/>
   </segment>
   <segment nite:id="Bmr011.segment.1,598" starttime="3187.659" endtime="3188.801" participant="me011" timing-provenance="segment">
      <nite:child href="Bmr011.H.words.xml#id(Bmr011.w.14,875)..id(Bmr011.disfmarker.693)"/>
   </segment>
   <segment nite:id="Bmr011.segment.1,603" starttime="3189.858" endtime="3190.679" participant="me011" timing-provenance="segment">
      <nite:child href="Bmr011.H.words.xml#id(Bmr011.w.14,901)..id(Bmr011.comment.113)"/>
   </segment>
   <segment nite:id="Bmr011.segment.1,605" starttime="3194.14" endtime="3195.23" participant="me011" timing-provenance="segment">
      <nite:child href="Bmr011.H.words.xml#id(Bmr011.vocalsound.448)"/>
   </segment>
   <segment nite:id="Bmr011.segment.1,611" starttime="3200.24" endtime="3204.125" participant="me011" timing-provenance="segment">
      <nite:child href="Bmr011.H.words.xml#id(Bmr011.w.14,944)..id(Bmr011.disfmarker.698)"/>
   </segment>
   <segment nite:id="Bmr011.segment.1,621" starttime="3207.646" endtime="3208.056" participant="me011" timing-provenance="segment">
      <nite:child href="Bmr011.H.words.xml#id(Bmr011.vocalsound.456)"/>
   </segment>
   <segment nite:id="Bmr011.segment.1,623" starttime="3208.74" endtime="3209.51" participant="me011" timing-provenance="dialogueact">
      <nite:child href="Bmr011.H.words.xml#id(Bmr011.w.15,006)..id(Bmr011.w.15,009)"/>
   </segment>
   <segment nite:id="Bmr011.segment.1,625" starttime="3211.53" endtime="3219.69" participant="me011" timing-provenance="dialogueact">
      <nite:child href="Bmr011.H.words.xml#id(Bmr011.w.15,010)..id(Bmr011.w.15,045)"/>
   </segment>
   <segment nite:id="Bmr011.segment.1,631" starttime="3220.46" endtime="3223.04" participant="me011" timing-provenance="dialogueact">
      <nite:child href="Bmr011.H.words.xml#id(Bmr011.w.15,052)..id(Bmr011.pause.37)"/>
   </segment>
   <segment nite:id="Bmr011.segment.1,633" starttime="3223.0" endtime="3226.83" participant="me011" timing-provenance="segment">
      <nite:child href="Bmr011.H.words.xml#id(Bmr011.w.15,061)..id(Bmr011.vocalsound.462)"/>
   </segment>
   <segment nite:id="Bmr011.segment.1,639" starttime="3227.03" endtime="3230.935" participant="me011" timing-provenance="segment">
      <nite:child href="Bmr011.H.words.xml#id(Bmr011.w.15,087)..id(Bmr011.vocalsound.464)"/>
   </segment>
   <segment nite:id="Bmr011.segment.1,645" starttime="3236.2" endtime="3237.08" participant="me011" timing-provenance="segment">
      <nite:child href="Bmr011.H.words.xml#id(Bmr011.vocalsound.468)"/>
   </segment>
   <segment nite:id="Bmr011.segment.1,650" starttime="3239.11" endtime="3240.29" participant="me011" timing-provenance="dialogueact">
      <nite:child href="Bmr011.H.words.xml#id(Bmr011.w.15,154)..id(Bmr011.w.15,162)"/>
   </segment>
   <segment nite:id="Bmr011.segment.1,661" starttime="3244.144" endtime="3245.495" participant="me011" timing-provenance="segment">
      <nite:child href="Bmr011.H.words.xml#id(Bmr011.vocalsound.479)"/>
   </segment>
   <segment nite:id="Bmr011.segment.1,664" starttime="3245.87" endtime="3246.881" participant="me011" timing-provenance="segment">
      <nite:child href="Bmr011.H.words.xml#id(Bmr011.vocalsound.482)..id(Bmr011.comment.117)"/>
   </segment>
   <segment nite:id="Bmr011.segment.1,670" starttime="3247.085" endtime="3249.02" participant="me011" timing-provenance="segment">
      <nite:child href="Bmr011.H.words.xml#id(Bmr011.w.15,222)..id(Bmr011.w.15,230)"/>
   </segment>
   <segment nite:id="Bmr011.segment.1,674" starttime="3250.726" endtime="3251.759" participant="me011" timing-provenance="segment">
      <nite:child href="Bmr011.H.words.xml#id(Bmr011.w.15,237)..id(Bmr011.comment.118)"/>
   </segment>
   <segment nite:id="Bmr011.segment.1,677" starttime="3253.93" endtime="3260.07" participant="me011" timing-provenance="dialogueact">
      <nite:child href="Bmr011.H.words.xml#id(Bmr011.w.15,253)..id(Bmr011.w.15,281)"/>
   </segment>
   <segment nite:id="Bmr011.segment.1,681" starttime="3260.97" endtime="3261.69" participant="me011" timing-provenance="dialogueact">
      <nite:child href="Bmr011.H.words.xml#id(Bmr011.w.15,284)..id(Bmr011.w.15,287)"/>
   </segment>
   <segment nite:id="Bmr011.segment.1,685" starttime="3265.82" endtime="3267.53" participant="me011" timing-provenance="dialogueact">
      <nite:child href="Bmr011.H.words.xml#id(Bmr011.w.15,313)..id(Bmr011.w.15,319)"/>
   </segment>
   <segment nite:id="Bmr011.segment.1,687" starttime="3268.27" endtime="3271.21" participant="me011" timing-provenance="dialogueact">
      <nite:child href="Bmr011.H.words.xml#id(Bmr011.w.15,324)..id(Bmr011.w.15,333)"/>
   </segment>
   <segment nite:id="Bmr011.segment.1,697" starttime="3295.69" endtime="3295.9" participant="me011" timing-provenance="dialogueact">
      <nite:child href="Bmr011.H.words.xml#id(Bmr011.w.15,443)..id(Bmr011.w.15,444)"/>
   </segment>
   <segment nite:id="Bmr011.segment.1,705" starttime="3305.24" endtime="3306.59" participant="me011" timing-provenance="dialogueact">
      <nite:child href="Bmr011.H.words.xml#id(Bmr011.w.15,492)..id(Bmr011.w.15,499)"/>
   </segment>
   <segment nite:id="Bmr011.segment.1,706" starttime="3307.933" endtime="3310.661" participant="me011" timing-provenance="segment">
      <nite:child href="Bmr011.H.words.xml#id(Bmr011.w.15,500)..id(Bmr011.comment.119)"/>
   </segment>
   <segment nite:id="Bmr011.segment.1,712" starttime="3317.228" endtime="3319.51" participant="me011" timing-provenance="segment">
      <nite:child href="Bmr011.H.words.xml#id(Bmr011.vocalsound.497)"/>
   </segment>
   <segment nite:id="Bmr011.segment.1,715" starttime="3322.75" endtime="3323.03" participant="me011" timing-provenance="dialogueact">
      <nite:child href="Bmr011.H.words.xml#id(Bmr011.w.15,571)..id(Bmr011.w.15,572)"/>
   </segment>
   <segment nite:id="Bmr011.segment.1,721" starttime="3341.53" endtime="3344.73" participant="me011" timing-provenance="dialogueact">
      <nite:child href="Bmr011.H.words.xml#id(Bmr011.w.15,644)..id(Bmr011.w.15,660)"/>
   </segment>
   <segment nite:id="Bmr011.segment.1,724" starttime="3345.44" endtime="3346.76" participant="me011" timing-provenance="dialogueact">
      <nite:child href="Bmr011.H.words.xml#id(Bmr011.w.15,688)..id(Bmr011.w.15,696)"/>
   </segment>
   <segment nite:id="Bmr011.segment.1,725" starttime="3347.71" endtime="3347.88" participant="me011" timing-provenance="dialogueact">
      <nite:child href="Bmr011.H.words.xml#id(Bmr011.w.15,697)..id(Bmr011.w.15,698)"/>
   </segment>
   <segment nite:id="Bmr011.segment.1,727" starttime="3350.85" endtime="3351.65" participant="me011" timing-provenance="dialogueact">
      <nite:child href="Bmr011.H.words.xml#id(Bmr011.w.15,701)..id(Bmr011.w.15,708)"/>
   </segment>
   <segment nite:id="Bmr011.segment.1,729" starttime="3352.48" endtime="3353.89" participant="me011" timing-provenance="dialogueact">
      <nite:child href="Bmr011.H.words.xml#id(Bmr011.w.15,715)..id(Bmr011.w.15,724)"/>
   </segment>
   <segment nite:id="Bmr011.segment.1,734" starttime="3361.72" endtime="3362.09" participant="me011" timing-provenance="dialogueact">
      <nite:child href="Bmr011.H.words.xml#id(Bmr011.w.15,766)..id(Bmr011.w.15,769)"/>
   </segment>
   <segment nite:id="Bmr011.segment.1,778" starttime="3498.59" endtime="3499.2" participant="me011" timing-provenance="segment">
      <nite:child href="Bmr011.H.words.xml#id(Bmr011.vocalsound.510)"/>
   </segment>
   <segment nite:id="Bmr011.segment.1,784" starttime="3516.61" endtime="3517.26" participant="me011" timing-provenance="segment">
      <nite:child href="Bmr011.H.words.xml#id(Bmr011.vocalsound.511)"/>
   </segment>
   <segment nite:id="Bmr011.segment.1,848" starttime="3678.12" endtime="3680.1" participant="me011" timing-provenance="segment">
      <nite:child href="Bmr011.H.words.xml#id(Bmr011.vocalsound.529)"/>
   </segment>
   <segment nite:id="Bmr011.segment.1,877" starttime="3726.887" endtime="3729.929" participant="me011" digittask="true" timing-provenance="segment">
      <nite:child href="Bmr011.H.words.xml#id(Bmr011.w.17,125)..id(Bmr011.comment.154)"/>
   </segment>
   <segment nite:id="Bmr011.segment.1,878" starttime="3730.691" endtime="3731.991" participant="me011" digittask="true" timing-provenance="segment">
      <nite:child href="Bmr011.H.words.xml#id(Bmr011.w.17,135)..id(Bmr011.comment.155)"/>
   </segment>
   <segment nite:id="Bmr011.segment.1,879" starttime="3732.268" endtime="3733.345" participant="me011" digittask="true" timing-provenance="segment">
      <nite:child href="Bmr011.H.words.xml#id(Bmr011.w.17,138)..id(Bmr011.comment.156)"/>
   </segment>
   <segment nite:id="Bmr011.segment.1,880" starttime="3733.662" endtime="3734.664" participant="me011" digittask="true" timing-provenance="segment">
      <nite:child href="Bmr011.H.words.xml#id(Bmr011.w.17,141)..id(Bmr011.comment.157)"/>
   </segment>
   <segment nite:id="Bmr011.segment.1,881" starttime="3735.104" endtime="3736.536" participant="me011" digittask="true" timing-provenance="segment">
      <nite:child href="Bmr011.H.words.xml#id(Bmr011.w.17,144)..id(Bmr011.comment.158)"/>
   </segment>
   <segment nite:id="Bmr011.segment.1,882" starttime="3737.165" endtime="3739.859" participant="me011" digittask="true" timing-provenance="segment">
      <nite:child href="Bmr011.H.words.xml#id(Bmr011.w.17,148)..id(Bmr011.comment.159)"/>
   </segment>
   <segment nite:id="Bmr011.segment.1,883" starttime="3740.048" endtime="3740.766" participant="me011" digittask="true" timing-provenance="segment">
      <nite:child href="Bmr011.H.words.xml#id(Bmr011.w.17,155)..id(Bmr011.comment.160)"/>
   </segment>
   <segment nite:id="Bmr011.segment.1,884" starttime="3741.056" endtime="3742.938" participant="me011" digittask="true" timing-provenance="segment">
      <nite:child href="Bmr011.H.words.xml#id(Bmr011.w.17,156)..id(Bmr011.comment.161)"/>
   </segment>
   <segment nite:id="Bmr011.segment.1,885" starttime="3743.247" endtime="3743.776" participant="me011" digittask="true" timing-provenance="segment">
      <nite:child href="Bmr011.H.words.xml#id(Bmr011.w.17,161)..id(Bmr011.comment.162)"/>
   </segment>
   <segment nite:id="Bmr011.segment.1,886" starttime="3744.029" endtime="3745.014" participant="me011" digittask="true" timing-provenance="segment">
      <nite:child href="Bmr011.H.words.xml#id(Bmr011.w.17,162)..id(Bmr011.comment.163)"/>
   </segment>
   <segment nite:id="Bmr011.segment.1,887" starttime="3745.467" endtime="3746.515" participant="me011" digittask="true" timing-provenance="segment">
      <nite:child href="Bmr011.H.words.xml#id(Bmr011.w.17,165)..id(Bmr011.comment.164)"/>
   </segment>
   <segment nite:id="Bmr011.segment.1,888" starttime="3746.856" endtime="3748.588" participant="me011" digittask="true" timing-provenance="segment">
      <nite:child href="Bmr011.H.words.xml#id(Bmr011.w.17,167)..id(Bmr011.comment.165)"/>
   </segment>
   <segment nite:id="Bmr011.segment.1,889" starttime="3748.747" endtime="3749.336" participant="me011" digittask="true" timing-provenance="segment">
      <nite:child href="Bmr011.H.words.xml#id(Bmr011.w.17,171)..id(Bmr011.comment.166)"/>
   </segment>
   <segment nite:id="Bmr011.segment.1,890" starttime="3749.898" endtime="3751.051" participant="me011" digittask="true" timing-provenance="segment">
      <nite:child href="Bmr011.H.words.xml#id(Bmr011.w.17,172)..id(Bmr011.comment.167)"/>
   </segment>
   <segment nite:id="Bmr011.segment.1,891" starttime="3751.239" endtime="3751.905" participant="me011" digittask="true" timing-provenance="segment">
      <nite:child href="Bmr011.H.words.xml#id(Bmr011.w.17,175)..id(Bmr011.comment.168)"/>
   </segment>
   <segment nite:id="Bmr011.segment.1,892" starttime="3752.408" endtime="3753.855" participant="me011" digittask="true" timing-provenance="segment">
      <nite:child href="Bmr011.H.words.xml#id(Bmr011.w.17,176)..id(Bmr011.comment.169)"/>
   </segment>
   <segment nite:id="Bmr011.segment.1,893" starttime="3754.257" endtime="3757.177" participant="me011" digittask="true" timing-provenance="segment">
      <nite:child href="Bmr011.H.words.xml#id(Bmr011.w.17,180)..id(Bmr011.comment.170)"/>
   </segment>
   <segment nite:id="Bmr011.segment.1,894" starttime="3757.742" endtime="3760.05" participant="me011" digittask="true" timing-provenance="segment">
      <nite:child href="Bmr011.H.words.xml#id(Bmr011.w.17,187)..id(Bmr011.comment.171)"/>
   </segment>
   <segment nite:id="Bmr011.segment.1,895" starttime="3760.65" endtime="3763.04" participant="me011" digittask="true" timing-provenance="segment">
      <nite:child href="Bmr011.H.words.xml#id(Bmr011.w.17,194)..id(Bmr011.comment.172)"/>
   </segment>
   <segment nite:id="Bmr011.segment.1,896" starttime="3763.24" endtime="3764.347" participant="me011" digittask="true" timing-provenance="segment">
      <nite:child href="Bmr011.H.words.xml#id(Bmr011.w.17,201)..id(Bmr011.comment.173)"/>
   </segment>
   <segment nite:id="Bmr011.segment.1,897" starttime="3764.53" endtime="3765.655" participant="me011" digittask="true" timing-provenance="segment">
      <nite:child href="Bmr011.H.words.xml#id(Bmr011.w.17,204)..id(Bmr011.comment.174)"/>
   </segment>
   <segment nite:id="Bmr011.segment.2,028" starttime="4007.74" endtime="4008.44" participant="me011" timing-provenance="segment">
      <nite:child href="Bmr011.H.words.xml#id(Bmr011.vocalsound.544)"/>
   </segment>
   <segment nite:id="Bmr011.segment.2,030" starttime="4011.84" endtime="4014.26" participant="me011" timing-provenance="segment">
      <nite:child href="Bmr011.H.words.xml#id(Bmr011.nonvocalsound.41)"/>
   </segment>
</nite:root>