<?xml version="1.0" encoding="ISO-8859-1" standalone="yes"?>
<nite:root nite:id="Bmr011.D.words" xmlns:nite="http://nite.sourceforge.net/">
   <w nite:id="Bmr011.w.15" starttime="4.882" endtime="5.132" c="W">Yeah</w>
   <w nite:id="Bmr011.w.16" starttime="5.132" endtime="5.132" c=".">.</w>
   <w nite:id="Bmr011.w.34" starttime="7.664" endtime="7.904" c="W">One</w>
   <w nite:id="Bmr011.w.35" starttime="7.904" endtime="7.904" c="CM">,</w>
   <w nite:id="Bmr011.w.36" starttime="7.904" endtime="8.104" c="W">two</w>
   <disfmarker nite:id="Bmr011.disfmarker.1" starttime="" endtime=""/>
   <w nite:id="Bmr011.w.37" starttime="8.104" endtime="9.814" c="TRUNCW">u</w>
   <w nite:id="Bmr011.w.38" starttime="9.814" endtime="9.904" t="PLET" c="W">OK</w>
   <w nite:id="Bmr011.w.39" starttime="9.904" endtime="9.904" c=".">.</w>
   <vocalsound nite:id="Bmr011.vocalsound.5" starttime="" endtime="" description="laugh"/>
   <w nite:id="Bmr011.w.89" starttime="22.409" endtime="22.669" c="W">Yeah</w>
   <w nite:id="Bmr011.w.90" starttime="22.669" endtime="22.669" c=".">.</w>
   <w nite:id="Bmr011.w.101" starttime="23.253" endtime="23.553" c="W">Yeah</w>
   <w nite:id="Bmr011.w.102" starttime="23.553" endtime="23.553" c=".">.</w>
   <w nite:id="Bmr011.w.121" starttime="24.276" endtime="24.426" c="W">We</w>
   <w nite:id="Bmr011.w.122" starttime="24.426" endtime="24.916" c="W">went</w>
   <disfmarker nite:id="Bmr011.disfmarker.4" starttime="" endtime=""/>
   <vocalsound nite:id="Bmr011.vocalsound.12" starttime="" endtime="" description="laugh"/>
   <vocalsound nite:id="Bmr011.vocalsound.15" starttime="" endtime="" description="breath"/>
   <vocalsound nite:id="Bmr011.vocalsound.16" starttime="" endtime="" description="breath"/>
   <vocalsound nite:id="Bmr011.vocalsound.25" starttime="" endtime="" description="laugh"/>
   <vocalsound nite:id="Bmr011.vocalsound.33" starttime="" endtime="" description="cough"/>
   <vocalsound nite:id="Bmr011.vocalsound.36" starttime="" endtime="" description="laugh"/>
   <w nite:id="Bmr011.w.964" starttime="245.41" endtime="245.65" c="W">Yeah</w>
   <w nite:id="Bmr011.w.965" starttime="245.65" endtime="245.65" c=".">.</w>
   <w nite:id="Bmr011.w.966" starttime="247.812" endtime="247.942" c="W">Is</w>
   <disfmarker nite:id="Bmr011.disfmarker.33" starttime="" endtime=""/>
   <vocalsound nite:id="Bmr011.vocalsound.38" starttime="" endtime="" description="laugh"/>
   <w nite:id="Bmr011.w.969" starttime="249.944" endtime="250.014" c="TRUNCW">I</w>
   <w nite:id="Bmr011.w.970" starttime="250.014" endtime="" c="W">it</w>
   <w nite:id="Bmr011.w.971" starttime="" endtime="250.154" c="APOSS">'s</w>
   <w nite:id="Bmr011.w.972" starttime="250.154" endtime="250.344" c="W">not</w>
   <w nite:id="Bmr011.w.973" starttime="250.344" endtime="250.684" c="TRUNCW">cor</w>
   <w nite:id="Bmr011.w.974" starttime="250.684" endtime="" c="W">it</w>
   <w nite:id="Bmr011.w.975" starttime="" endtime="250.864" c="APOSS">'s</w>
   <w nite:id="Bmr011.w.976" starttime="250.864" endtime="251.284" c="W">correct</w>
   <w nite:id="Bmr011.w.977" starttime="251.284" endtime="251.284" c=".">?</w>
   <w nite:id="Bmr011.w.1,010" starttime="251.985" endtime="252.195" c="W">Yeah</w>
   <w nite:id="Bmr011.w.1,011" starttime="252.195" endtime="252.195" c=".">.</w>
   <w nite:id="Bmr011.w.1,014" starttime="252.975" endtime="253.105" c="W">Yeah</w>
   <w nite:id="Bmr011.w.1,015" starttime="253.105" endtime="253.105" c=".">.</w>
   <vocalsound nite:id="Bmr011.vocalsound.41" starttime="" endtime="" description="cough"/>
   <w nite:id="Bmr011.w.1,016" starttime="254.968" endtime="255.438" c="W">Yeah</w>
   <w nite:id="Bmr011.w.1,017" starttime="255.438" endtime="255.438" c=".">.</w>
   <w nite:id="Bmr011.w.1,018" starttime="257.433" endtime="257.823" c="W">Yeah</w>
   <w nite:id="Bmr011.w.1,019" starttime="257.823" endtime="257.823" c=".">.</w>
   <w nite:id="Bmr011.w.1,039" starttime="260.652" endtime="260.882" c="W">Yeah</w>
   <w nite:id="Bmr011.w.1,040" starttime="260.882" endtime="260.882" c=".">.</w>
   <w nite:id="Bmr011.w.1,041" starttime="261.544" endtime="261.644" c="W">Uh</w>
   <w nite:id="Bmr011.w.1,042" starttime="261.644" endtime="261.644" c="CM">,</w>
   <w nite:id="Bmr011.w.1,043" starttime="261.644" endtime="262.084" c="W">yeah</w>
   <w nite:id="Bmr011.w.1,044" starttime="262.084" endtime="262.084" c=".">.</w>
   <w nite:id="Bmr011.w.1,092" starttime="268.31" endtime="268.59" c="W">Yeah</w>
   <w nite:id="Bmr011.w.1,093" starttime="268.59" endtime="268.59" c=".">.</w>
   <w nite:id="Bmr011.w.1,096" starttime="269.342" endtime="269.622" c="W">Yeah</w>
   <w nite:id="Bmr011.w.1,097" starttime="269.622" endtime="269.622" c=".">.</w>
   <w nite:id="Bmr011.w.1,098" starttime="270.12" endtime="270.19" c="W">Is</w>
   <w nite:id="Bmr011.w.1,099" starttime="270.19" endtime="270.56" c="W">fixed</w>
   <w nite:id="Bmr011.w.1,100" starttime="270.56" endtime="270.56" c=".">.</w>
   <w nite:id="Bmr011.w.1,101" starttime="270.56" endtime="270.68" c="W">Yeah</w>
   <w nite:id="Bmr011.w.1,102" starttime="270.68" endtime="270.68" c=".">.</w>
   <w nite:id="Bmr011.w.1,135" starttime="276.364" endtime="276.714" c="W">Yeah</w>
   <w nite:id="Bmr011.w.1,136" starttime="276.714" endtime="276.714" c=".">.</w>
   <w nite:id="Bmr011.w.1,178" starttime="278.716" endtime="278.906" c="W">Yeah</w>
   <w nite:id="Bmr011.w.1,179" starttime="278.906" endtime="278.906" c=".">.</w>
   <w nite:id="Bmr011.w.1,370" starttime="325.357" endtime="" c="W">Mm</w>
   <w nite:id="Bmr011.w.1,371" starttime="" endtime="" c="HYPH">-</w>
   <w nite:id="Bmr011.w.1,372" starttime="" endtime="325.717" c="W">yeah</w>
   <w nite:id="Bmr011.w.1,373" starttime="325.717" endtime="325.717" c=".">.</w>
   <w nite:id="Bmr011.w.1,393" starttime="333.88" endtime="" c="W">Mm</w>
   <w nite:id="Bmr011.w.1,394" starttime="" endtime="" c="HYPH">-</w>
   <w nite:id="Bmr011.w.1,395" starttime="" endtime="334.11" c="W">hmm</w>
   <w nite:id="Bmr011.w.1,396" starttime="334.11" endtime="334.11" c=".">.</w>
   <vocalsound nite:id="Bmr011.vocalsound.50" starttime="" endtime="" description="laugh"/>
   <w nite:id="Bmr011.w.1,486" starttime="356.379" endtime="356.539" c="W">Right</w>
   <w nite:id="Bmr011.w.1,487" starttime="356.539" endtime="356.539" c=".">.</w>
   <vocalsound nite:id="Bmr011.vocalsound.51" starttime="" endtime="" description="laugh"/>
   <vocalsound nite:id="Bmr011.vocalsound.57" starttime="" endtime="" description="laugh"/>
   <vocalsound nite:id="Bmr011.vocalsound.62" starttime="" endtime="" description="laugh"/>
   <vocalsound nite:id="Bmr011.vocalsound.70" starttime="" endtime="" description="laugh"/>
   <vocalsound nite:id="Bmr011.vocalsound.77" starttime="" endtime="" description="laugh"/>
   <vocalsound nite:id="Bmr011.vocalsound.82" starttime="" endtime="" description="laugh"/>
   <vocalsound nite:id="Bmr011.vocalsound.83" starttime="" endtime="" description="laugh"/>
   <vocalsound nite:id="Bmr011.vocalsound.84" starttime="" endtime="" description="breath"/>
   <vocalsound nite:id="Bmr011.vocalsound.92" starttime="" endtime="" description="laugh"/>
   <w nite:id="Bmr011.w.2,767" starttime="643.037" endtime="643.377" c="W">Yeah</w>
   <w nite:id="Bmr011.w.2,768" starttime="643.377" endtime="643.377" c=".">.</w>
   <w nite:id="Bmr011.w.3,037" starttime="711.024" endtime="" c="W">Mm</w>
   <w nite:id="Bmr011.w.3,038" starttime="" endtime="" c="HYPH">-</w>
   <w nite:id="Bmr011.w.3,039" starttime="" endtime="711.524" c="W">hmm</w>
   <w nite:id="Bmr011.w.3,040" starttime="711.524" endtime="711.524" c=".">.</w>
   <w nite:id="Bmr011.w.3,080" starttime="721.387" endtime="" c="W">Mm</w>
   <w nite:id="Bmr011.w.3,081" starttime="" endtime="" c="HYPH">-</w>
   <w nite:id="Bmr011.w.3,082" starttime="" endtime="721.667" c="W">hmm</w>
   <w nite:id="Bmr011.w.3,083" starttime="721.667" endtime="721.667" c=".">.</w>
   <w nite:id="Bmr011.w.3,110" starttime="726.86" endtime="" c="W">Uh</w>
   <w nite:id="Bmr011.w.3,111" starttime="" endtime="" c="HYPH">-</w>
   <w nite:id="Bmr011.w.3,112" starttime="" endtime="727.36" c="W">huh</w>
   <w nite:id="Bmr011.w.3,113" starttime="727.36" endtime="727.36" c=".">.</w>
   <w nite:id="Bmr011.w.3,131" starttime="728.038" endtime="" c="W">Uh</w>
   <w nite:id="Bmr011.w.3,132" starttime="" endtime="" c="HYPH">-</w>
   <w nite:id="Bmr011.w.3,133" starttime="" endtime="728.348" c="W">huh</w>
   <w nite:id="Bmr011.w.3,134" starttime="728.348" endtime="728.348" c=".">.</w>
   <w nite:id="Bmr011.w.3,157" starttime="733.111" endtime="733.331" c="W">Yeah</w>
   <w nite:id="Bmr011.w.3,158" starttime="733.331" endtime="733.331" c=".">.</w>
   <w nite:id="Bmr011.w.3,200" starttime="736.42" endtime="736.71" c="W">Yeah</w>
   <w nite:id="Bmr011.w.3,201" starttime="736.71" endtime="736.71" c="CM">,</w>
   <w nite:id="Bmr011.w.3,202" starttime="736.71" endtime="736.77" c="W">yeah</w>
   <w nite:id="Bmr011.w.3,203" starttime="736.77" endtime="736.77" c=".">.</w>
   <vocalsound nite:id="Bmr011.vocalsound.106" starttime="" endtime="" description="laugh"/>
   <vocalsound nite:id="Bmr011.vocalsound.107" starttime="" endtime="" description="laugh"/>
   <w nite:id="Bmr011.w.3,270" starttime="747.69" endtime="747.93" c="W">Yeah</w>
   <w nite:id="Bmr011.w.3,271" starttime="747.93" endtime="747.93" c=".">.</w>
   <vocalsound nite:id="Bmr011.vocalsound.108" starttime="" endtime="" description="breath"/>
   <w nite:id="Bmr011.w.3,411" starttime="777.904" endtime="778.264" c="W">Yeah</w>
   <w nite:id="Bmr011.w.3,412" starttime="778.264" endtime="778.264" c=".">.</w>
   <w nite:id="Bmr011.w.3,425" starttime="779.528" endtime="779.798" c="W">Yeah</w>
   <w nite:id="Bmr011.w.3,426" starttime="779.798" endtime="779.798" c=".">.</w>
   <w nite:id="Bmr011.w.3,449" starttime="780.184" endtime="780.424" c="W">Yeah</w>
   <w nite:id="Bmr011.w.3,450" starttime="780.424" endtime="780.424" c=".">.</w>
   <w nite:id="Bmr011.w.3,455" starttime="783.314" endtime="783.664" c="W">Yeah</w>
   <w nite:id="Bmr011.w.3,456" starttime="783.664" endtime="783.664" c=".">.</w>
   <w nite:id="Bmr011.w.3,459" starttime="784.618" endtime="784.798" c="W">Yeah</w>
   <w nite:id="Bmr011.w.3,460" starttime="784.798" endtime="784.798" c=".">.</w>
   <vocalsound nite:id="Bmr011.vocalsound.111" starttime="" endtime="" description="laugh"/>
   <w nite:id="Bmr011.w.3,468" starttime="788.18" endtime="788.24" c="W">Yeah</w>
   <w nite:id="Bmr011.w.3,469" starttime="788.24" endtime="788.24" c=".">.</w>
   <vocalsound nite:id="Bmr011.vocalsound.115" starttime="" endtime="" description="laugh"/>
   <w nite:id="Bmr011.w.3,517" starttime="" endtime="" c="W">Yeah</w>
   <w nite:id="Bmr011.w.3,518" starttime="" endtime="" c=".">.</w>
   <vocalsound nite:id="Bmr011.vocalsound.124" starttime="" endtime="" description="laugh"/>
   <vocalsound nite:id="Bmr011.vocalsound.127" starttime="" endtime="" description="breath"/>
   <w nite:id="Bmr011.w.4,177" starttime="945.633" endtime="945.843" c="W">Hmm</w>
   <w nite:id="Bmr011.w.4,178" starttime="945.843" endtime="945.843" c=".">.</w>
   <w nite:id="Bmr011.w.4,301" starttime="979.508" endtime="979.878" c="W">Hmm</w>
   <w nite:id="Bmr011.w.4,302" starttime="979.878" endtime="979.878" c=".">.</w>
   <vocalsound nite:id="Bmr011.vocalsound.135" starttime="" endtime="" description="laugh"/>
   <vocalsound nite:id="Bmr011.vocalsound.142" starttime="" endtime="" description="laugh"/>
   <w nite:id="Bmr011.w.4,563" starttime="1030.81" endtime="1031.05" c="W">Yeah</w>
   <w nite:id="Bmr011.w.4,564" starttime="1031.05" endtime="1031.05" c=".">.</w>
   <vocalsound nite:id="Bmr011.vocalsound.150" starttime="" endtime="" description="laugh"/>
   <vocalsound nite:id="Bmr011.vocalsound.155" starttime="" endtime="" description="laugh"/>
   <vocalsound nite:id="Bmr011.vocalsound.161" starttime="" endtime="" description="laugh"/>
   <vocalsound nite:id="Bmr011.vocalsound.167" starttime="" endtime="" description="laugh"/>
   <w nite:id="Bmr011.w.5,144" starttime="1156.75" endtime="1156.96" c="W">Yeah</w>
   <w nite:id="Bmr011.w.5,145" starttime="1156.96" endtime="1156.96" c=".">.</w>
   <w nite:id="Bmr011.w.5,226" starttime="1177.14" endtime="1177.42" c="W">Yeah</w>
   <w nite:id="Bmr011.w.5,227" starttime="1177.42" endtime="1177.42" c=".">.</w>
   <vocalsound nite:id="Bmr011.vocalsound.174" starttime="" endtime="" description="breath"/>
   <vocalsound nite:id="Bmr011.vocalsound.175" starttime="" endtime="" description="laugh"/>
   <w nite:id="Bmr011.w.5,737" starttime="1312.85" endtime="1312.99" c="W">Yeah</w>
   <w nite:id="Bmr011.w.5,738" starttime="1312.99" endtime="1312.99" c=".">.</w>
   <vocalsound nite:id="Bmr011.vocalsound.181" starttime="" endtime="" description="laugh"/>
   <vocalsound nite:id="Bmr011.vocalsound.185" starttime="" endtime="" description="laugh"/>
   <vocalsound nite:id="Bmr011.vocalsound.186" starttime="" endtime="" description="breath"/>
   <vocalsound nite:id="Bmr011.vocalsound.190" starttime="" endtime="" description="mouth"/>
   <vocalsound nite:id="Bmr011.vocalsound.191" starttime="" endtime="" description="breath"/>
   <vocalsound nite:id="Bmr011.vocalsound.194" starttime="" endtime="" description="laugh"/>
   <vocalsound nite:id="Bmr011.vocalsound.209" starttime="" endtime="" description="laugh"/>
   <vocalsound nite:id="Bmr011.vocalsound.213" starttime="" endtime="" description="laugh"/>
   <vocalsound nite:id="Bmr011.vocalsound.218" starttime="" endtime="" description="breath"/>
   <nonvocalsound nite:id="Bmr011.nonvocalsound.21" starttime="" endtime="" description="mike noise"/>
   <vocalsound nite:id="Bmr011.vocalsound.231" starttime="" endtime="" description="breath"/>
   <w nite:id="Bmr011.w.8,809" starttime="1955.02" endtime="1955.12" c="W">No</w>
   <w nite:id="Bmr011.w.8,810" starttime="1955.12" endtime="1955.12" c="CM">,</w>
   <w nite:id="Bmr011.w.8,811" starttime="1955.12" endtime="1955.53" c="W">close</w>
   <w nite:id="Bmr011.w.8,812" starttime="1955.53" endtime="1955.66" c="W">talk</w>
   <w nite:id="Bmr011.w.8,813" starttime="1955.66" endtime="1955.66" c=".">.</w>
   <vocalsound nite:id="Bmr011.vocalsound.236" starttime="" endtime="" description="laugh"/>
   <vocalsound nite:id="Bmr011.vocalsound.238" starttime="" endtime="" description="laugh"/>
   <w nite:id="Bmr011.w.8,968" starttime="1984.55" endtime="1984.83" c="W">Yeah</w>
   <w nite:id="Bmr011.w.8,969" starttime="1984.83" endtime="1984.83" c=".">.</w>
   <vocalsound nite:id="Bmr011.vocalsound.243" starttime="" endtime="" description="laugh"/>
   <vocalsound nite:id="Bmr011.vocalsound.253" starttime="" endtime="" description="laugh"/>
   <w nite:id="Bmr011.w.9,310" starttime="2046.96" endtime="2047.2" c="W">Yeah</w>
   <w nite:id="Bmr011.w.9,311" starttime="2047.2" endtime="2047.2" c=".">.</w>
   <vocalsound nite:id="Bmr011.vocalsound.256" starttime="" endtime="" description="laugh"/>
   <w nite:id="Bmr011.w.9,359" starttime="2055.92" endtime="2055.98" c="W">No</w>
   <w nite:id="Bmr011.w.9,360" starttime="2055.98" endtime="2055.98" c="CM">,</w>
   <w nite:id="Bmr011.w.9,361" starttime="2055.98" endtime="2056.14" c="W">just</w>
   <disfmarker nite:id="Bmr011.disfmarker.424" starttime="" endtime=""/>
   <vocalsound nite:id="Bmr011.vocalsound.261" starttime="" endtime="" description="laugh"/>
   <vocalsound nite:id="Bmr011.vocalsound.262" starttime="" endtime="" description="laugh"/>
   <vocalsound nite:id="Bmr011.vocalsound.265" starttime="" endtime="" description="laugh"/>
   <vocalsound nite:id="Bmr011.vocalsound.278" starttime="" endtime="" description="breath"/>
   <vocalsound nite:id="Bmr011.vocalsound.280" starttime="" endtime="" description="laugh"/>
   <vocalsound nite:id="Bmr011.vocalsound.304" starttime="" endtime="" description="breath"/>
   <w nite:id="Bmr011.w.12,202" starttime="2683.73" endtime="2683.98" c="W">Yeah</w>
   <w nite:id="Bmr011.w.12,203" starttime="2683.98" endtime="2683.98" c=".">.</w>
   <w nite:id="Bmr011.w.12,206" starttime="2685.6" endtime="2685.88" c="W">Yeah</w>
   <w nite:id="Bmr011.w.12,207" starttime="2685.88" endtime="2685.88" c=".">.</w>
   <vocalsound nite:id="Bmr011.vocalsound.311" starttime="" endtime="" description="breath"/>
   <w nite:id="Bmr011.w.12,592" starttime="2765.34" endtime="2765.6" c="W">Talk</w>
   <disfmarker nite:id="Bmr011.disfmarker.580" starttime="" endtime=""/>
   <vocalsound nite:id="Bmr011.vocalsound.323" starttime="" endtime="" description="laugh"/>
   <vocalsound nite:id="Bmr011.vocalsound.324" starttime="" endtime="" description="laugh"/>
   <vocalsound nite:id="Bmr011.vocalsound.325" starttime="" endtime="" description="laugh"/>
   <w nite:id="Bmr011.w.12,766" starttime="2799.19" endtime="2799.7" c="W">Yeah</w>
   <w nite:id="Bmr011.w.12,767" starttime="2799.7" endtime="2799.7" c=".">.</w>
   <w nite:id="Bmr011.w.12,811" starttime="2800.85" endtime="2801.18" c="W">Yeah</w>
   <w nite:id="Bmr011.w.12,812" starttime="2801.18" endtime="2801.18" c=".">.</w>
   <vocalsound nite:id="Bmr011.vocalsound.326" starttime="" endtime="" description="laugh"/>
   <vocalsound nite:id="Bmr011.vocalsound.333" starttime="" endtime="" description="laugh"/>
   <vocalsound nite:id="Bmr011.vocalsound.335" starttime="" endtime="" description="laugh"/>
   <w nite:id="Bmr011.w.13,069" starttime="2852.54" endtime="2852.72" c="W">Yeah</w>
   <w nite:id="Bmr011.w.13,070" starttime="2852.72" endtime="2852.72" c=".">.</w>
   <vocalsound nite:id="Bmr011.vocalsound.337" starttime="" endtime="" description="laugh"/>
   <vocalsound nite:id="Bmr011.vocalsound.338" starttime="" endtime="" description="breath"/>
   <nonvocalsound nite:id="Bmr011.nonvocalsound.31" starttime="" endtime="" description="mike noise"/>
   <vocalsound nite:id="Bmr011.vocalsound.342" starttime="" endtime="" description="breath"/>
   <vocalsound nite:id="Bmr011.vocalsound.352" starttime="" endtime="" description="laugh"/>
   <vocalsound nite:id="Bmr011.vocalsound.353" starttime="" endtime="" description="laugh"/>
   <vocalsound nite:id="Bmr011.vocalsound.359" starttime="" endtime="" description="laugh"/>
   <w nite:id="Bmr011.w.13,952" starttime="3021.18" endtime="3021.44" c="W">Yeah</w>
   <w nite:id="Bmr011.w.13,953" starttime="3021.44" endtime="3021.44" c=".">.</w>
   <vocalsound nite:id="Bmr011.vocalsound.364" starttime="" endtime="" description="laugh"/>
   <vocalsound nite:id="Bmr011.vocalsound.368" starttime="" endtime="" description="laugh"/>
   <w nite:id="Bmr011.w.13,992" starttime="3027.72" endtime="3027.97" c="W">Yeah</w>
   <w nite:id="Bmr011.w.13,993" starttime="3027.97" endtime="3027.97" c=".">.</w>
   <w nite:id="Bmr011.w.14,029" starttime="3030.27" endtime="" c="W">Film</w>
   <w nite:id="Bmr011.w.14,030" starttime="" endtime="" c="HYPH">-</w>
   <w nite:id="Bmr011.w.14,031" starttime="" endtime="3030.72" c="W">maker</w>
   <w nite:id="Bmr011.w.14,032" starttime="3030.72" endtime="3030.72" c=".">.</w>
   <w nite:id="Bmr011.w.14,049" starttime="3036.97" endtime="3037.16" c="W">Is</w>
   <disfmarker nite:id="Bmr011.disfmarker.644" starttime="" endtime=""/>
   <vocalsound nite:id="Bmr011.vocalsound.384" starttime="" endtime="" description="laugh"/>
   <vocalsound nite:id="Bmr011.vocalsound.390" starttime="" endtime="" description="laugh"/>
   <vocalsound nite:id="Bmr011.vocalsound.391" starttime="" endtime="" description="laugh"/>
   <vocalsound nite:id="Bmr011.vocalsound.397" starttime="" endtime="" description="laugh"/>
   <w nite:id="Bmr011.w.14,425" starttime="" endtime="" c="W">English</w>
   <w nite:id="Bmr011.w.14,426" starttime="" endtime="" c="CM">,</w>
   <vocalsound nite:id="Bmr011.vocalsound.398" starttime="" endtime="" description="laugh"/>
   <vocalsound nite:id="Bmr011.vocalsound.406" starttime="" endtime="" description="laugh"/>
   <vocalsound nite:id="Bmr011.vocalsound.407" starttime="" endtime="" description="laugh"/>
   <vocalsound nite:id="Bmr011.vocalsound.415" starttime="" endtime="" description="laugh"/>
   <vocalsound nite:id="Bmr011.vocalsound.417" starttime="" endtime="" description="laugh"/>
   <w nite:id="Bmr011.w.14,669" starttime="3153.64" endtime="3153.94" c="W">Mmm</w>
   <w nite:id="Bmr011.w.14,670" starttime="3153.94" endtime="3153.94" c=".">.</w>
   <w nite:id="Bmr011.w.14,700" starttime="3158.79" endtime="3159.12" c="W">Yeah</w>
   <w nite:id="Bmr011.w.14,701" starttime="3159.12" endtime="3159.12" c=".">.</w>
   <vocalsound nite:id="Bmr011.vocalsound.422" starttime="" endtime="" description="laugh"/>
   <w nite:id="Bmr011.w.14,754" starttime="3162.71" endtime="3162.99" c="W">Yeah</w>
   <w nite:id="Bmr011.w.14,755" starttime="3162.99" endtime="3162.99" c=".">.</w>
   <vocalsound nite:id="Bmr011.vocalsound.426" starttime="" endtime="" description="laugh"/>
   <w nite:id="Bmr011.w.14,756" starttime="3168.84" endtime="3168.88" c="W">A</w>
   <w nite:id="Bmr011.w.14,757" starttime="3168.88" endtime="" c="W">film</w>
   <w nite:id="Bmr011.w.14,758" starttime="" endtime="" c="HYPH">-</w>
   <w nite:id="Bmr011.w.14,759" starttime="" endtime="3169.14" c="W">maker</w>
   <w nite:id="Bmr011.w.14,760" starttime="3169.14" endtime="3169.14" c=".">.</w>
   <w nite:id="Bmr011.w.14,832" starttime="3178.96" endtime="3179.26" c="W">Yes</w>
   <w nite:id="Bmr011.w.14,833" starttime="3179.26" endtime="3179.26" c=".">.</w>
   <vocalsound nite:id="Bmr011.vocalsound.432" starttime="" endtime="" description="laugh"/>
   <vocalsound nite:id="Bmr011.vocalsound.435" starttime="" endtime="" description="breath"/>
   <vocalsound nite:id="Bmr011.vocalsound.437" starttime="" endtime="" description="laugh"/>
   <w nite:id="Bmr011.w.14,846" starttime="3182.92" endtime="3183.53" c="W">Department</w>
   <w nite:id="Bmr011.w.14,847" starttime="3183.53" endtime="3183.53" c=".">.</w>
   <w nite:id="Bmr011.w.14,848" starttime="3183.67" endtime="3183.84" c="W">Yeah</w>
   <w nite:id="Bmr011.w.14,849" starttime="3183.84" endtime="3183.84" c=".">.</w>
   <w nite:id="Bmr011.w.14,864" starttime="3184.85" endtime="3185.13" c="W">Computer</w>
   <w nite:id="Bmr011.w.14,865" starttime="3185.13" endtime="3185.37" c="TRUNCW">sci</w>
   <vocalsound nite:id="Bmr011.vocalsound.441" starttime="" endtime="" description="laugh"/>
   <vocalsound nite:id="Bmr011.vocalsound.443" starttime="" endtime="" description="breath"/>
   <vocalsound nite:id="Bmr011.vocalsound.447" starttime="" endtime="" description="laugh"/>
   <w nite:id="Bmr011.w.14,929" starttime="3198.58" endtime="3198.9" c="W">Yeah</w>
   <w nite:id="Bmr011.w.14,930" starttime="3198.9" endtime="3198.9" c=".">.</w>
   <w nite:id="Bmr011.w.14,960" starttime="3201.23" endtime="3201.6" c="W">Yeah</w>
   <w nite:id="Bmr011.w.14,961" starttime="3201.6" endtime="3201.6" c=".">.</w>
   <vocalsound nite:id="Bmr011.vocalsound.455" starttime="" endtime="" description="laugh"/>
   <vocalsound nite:id="Bmr011.vocalsound.459" starttime="" endtime="" description="laugh"/>
   <w nite:id="Bmr011.w.15,071" starttime="3225.82" endtime="3226.17" c="W">Hmm</w>
   <w nite:id="Bmr011.w.15,072" starttime="3226.17" endtime="3226.17" c=".">.</w>
   <vocalsound nite:id="Bmr011.vocalsound.470" starttime="" endtime="" description="laugh"/>
   <vocalsound nite:id="Bmr011.vocalsound.474" starttime="" endtime="" description="laugh"/>
   <vocalsound nite:id="Bmr011.vocalsound.476" starttime="" endtime="" description="laugh"/>
   <vocalsound nite:id="Bmr011.vocalsound.480" starttime="" endtime="" description="laugh"/>
   <w nite:id="Bmr011.w.15,220" starttime="3246.77" endtime="3246.91" c="W">The</w>
   <w nite:id="Bmr011.w.15,221" starttime="3246.91" endtime="3247.16" c="TRUNCW">fa</w>
   <w nite:id="Bmr011.w.15,231" starttime="" endtime="" c="TRUNCW">b</w>
   <w nite:id="Bmr011.w.15,232" starttime="" endtime="" c="TRUNCW">b</w>
   <vocalsound nite:id="Bmr011.vocalsound.489" starttime="" endtime="" description="breath"/>
   <w nite:id="Bmr011.w.15,482" starttime="3298.62" endtime="3299.04" c="W">Yeah</w>
   <w nite:id="Bmr011.w.15,483" starttime="3299.04" endtime="3299.04" c=".">.</w>
   <vocalsound nite:id="Bmr011.vocalsound.496" starttime="" endtime="" description="laugh"/>
   <w nite:id="Bmr011.w.15,947" starttime="3401.3" endtime="3401.62" c="W">Yeah</w>
   <w nite:id="Bmr011.w.15,948" starttime="3401.62" endtime="3401.62" c=".">.</w>
   <w nite:id="Bmr011.w.15,956" starttime="3403.29" endtime="3403.57" c="W">Yeah</w>
   <w nite:id="Bmr011.w.15,957" starttime="3403.57" endtime="3403.57" c="CM">,</w>
   <w nite:id="Bmr011.w.15,958" starttime="3404.11" endtime="3404.43" c="W">energy</w>
   <w nite:id="Bmr011.w.15,959" starttime="3404.43" endtime="3404.43" c=".">.</w>
   <w nite:id="Bmr011.w.15,999" starttime="3412.64" endtime="3412.92" c="W">Yeah</w>
   <w nite:id="Bmr011.w.16,000" starttime="3412.92" endtime="3412.92" c="CM">,</w>
   <w nite:id="Bmr011.w.16,001" starttime="3413.24" endtime="3413.45" c="TRUNCW">c</w>
   <w nite:id="Bmr011.w.16,002" starttime="3413.45" endtime="3413.74" c="W">Yeah</w>
   <w nite:id="Bmr011.w.16,003" starttime="3413.74" endtime="3413.74" c=".">.</w>
   <w nite:id="Bmr011.w.16,004" starttime="3414.18" endtime="3414.35" c="W">May</w>
   <disfmarker nite:id="Bmr011.disfmarker.742" starttime="" endtime=""/>
   <w nite:id="Bmr011.w.16,005" starttime="3414.35" endtime="3414.64" c="W">I</w>
   <disfmarker nite:id="Bmr011.disfmarker.743" starttime="" endtime=""/>
   <w nite:id="Bmr011.w.16,006" starttime="3414.64" endtime="3415.05" c="W">I</w>
   <w nite:id="Bmr011.w.16,007" starttime="3415.05" endtime="3415.24" c="W">only</w>
   <w nite:id="Bmr011.w.16,008" starttime="3415.24" endtime="3415.81" c="W">display</w>
   <w nite:id="Bmr011.w.16,009" starttime="3415.81" endtime="3416.08" c="W">the</w>
   <w nite:id="Bmr011.w.16,010" starttime="3416.24" endtime="3416.62" c="W">different</w>
   <w nite:id="Bmr011.w.16,011" starttime="3416.62" endtime="3416.87" c="W">colors</w>
   <w nite:id="Bmr011.w.16,012" starttime="3417.47" endtime="3417.55" c="W">for</w>
   <w nite:id="Bmr011.w.16,013" starttime="3417.55" endtime="3417.74" c="W">the</w>
   <w nite:id="Bmr011.w.16,014" starttime="3417.74" endtime="3417.96" c="W">different</w>
   <w nite:id="Bmr011.w.16,015" starttime="3417.96" endtime="3418.6" c="W">situation</w>
   <w nite:id="Bmr011.w.16,016" starttime="3418.6" endtime="3418.6" c=".">.</w>
   <vocalsound nite:id="Bmr011.vocalsound.505" starttime="" endtime="" description="breath"/>
   <w nite:id="Bmr011.w.16,017" starttime="3419.08" endtime="3419.44" c="W">But</w>
   <w nite:id="Bmr011.w.16,018" starttime="3419.44" endtime="3419.44" c="CM">,</w>
   <w nite:id="Bmr011.w.16,019" starttime="3419.44" endtime="3419.73" c="W">eh</w>
   <w nite:id="Bmr011.w.16,020" starttime="3419.73" endtime="3419.73" c="CM">,</w>
   <w nite:id="Bmr011.w.16,021" starttime="3419.73" endtime="3419.99" c="W">for</w>
   <w nite:id="Bmr011.w.16,022" starttime="3419.99" endtime="3420.16" c="W">me</w>
   <w nite:id="Bmr011.w.16,023" starttime="3420.16" endtime="3420.25" c="W">and</w>
   <w nite:id="Bmr011.w.16,024" starttime="3420.25" endtime="3420.37" c="W">for</w>
   <w nite:id="Bmr011.w.16,025" starttime="3420.37" endtime="3420.53" c="W">my</w>
   <w nite:id="Bmr011.w.16,026" starttime="3420.53" endtime="3421.09" c="W">problems</w>
   <w nite:id="Bmr011.w.16,027" starttime="3421.09" endtime="3421.09" c="CM">,</w>
   <w nite:id="Bmr011.w.16,028" starttime="3421.09" endtime="3421.21" c="W">is</w>
   <w nite:id="Bmr011.w.16,029" starttime="3421.21" endtime="3421.26" c="W">uh</w>
   <disfmarker nite:id="Bmr011.disfmarker.744" starttime="" endtime=""/>
   <w nite:id="Bmr011.w.16,030" starttime="3421.26" endtime="3421.49" c="W">is</w>
   <w nite:id="Bmr011.w.16,031" starttime="3421.49" endtime="3421.88" c="W">enough</w>
   <w nite:id="Bmr011.w.16,032" starttime="3421.88" endtime="3421.88" c=".">.</w>
   <w nite:id="Bmr011.w.16,033" starttime="3422.35" endtime="3422.82" c="W">Because</w>
   <w nite:id="Bmr011.w.16,034" starttime="3422.82" endtime="3422.82" c="CM">,</w>
   <w nite:id="Bmr011.w.16,035" starttime="3422.82" endtime="3422.85" c="W">eh</w>
   <w nite:id="Bmr011.w.16,036" starttime="3422.85" endtime="3422.85" c="CM">,</w>
   <w nite:id="Bmr011.w.16,037" starttime="3422.85" endtime="" c="W">it</w>
   <w nite:id="Bmr011.w.16,038" starttime="" endtime="3423.33" c="APOSS">'s</w>
   <w nite:id="Bmr011.w.16,039" starttime="3423.53" endtime="3424.07" c="W">possible</w>
   <w nite:id="Bmr011.w.16,040" starttime="3424.07" endtime="3424.07" c="CM">,</w>
   <w nite:id="Bmr011.w.16,041" starttime="3424.07" endtime="3424.41" c="W">eh</w>
   <w nite:id="Bmr011.w.16,042" starttime="3424.41" endtime="3424.41" c="CM">,</w>
   <w nite:id="Bmr011.w.16,043" starttime="3424.74" endtime="3424.77" c="W">eh</w>
   <w nite:id="Bmr011.w.16,044" starttime="3424.77" endtime="3424.77" c="CM">,</w>
   <w nite:id="Bmr011.w.16,045" starttime="3424.77" endtime="3425.16" c="W">in</w>
   <w nite:id="Bmr011.w.16,046" starttime="3425.16" endtime="3425.2" c="W">a</w>
   <w nite:id="Bmr011.w.16,047" starttime="3425.2" endtime="3425.46" c="TRUNCW">simp</w>
   <w nite:id="Bmr011.w.16,048" starttime="3425.46" endtime="3425.84" c="W">sample</w>
   <w nite:id="Bmr011.w.16,049" starttime="3425.84" endtime="3426.41" c="W">view</w>
   <w nite:id="Bmr011.w.16,050" starttime="3426.41" endtime="3426.41" c="CM">,</w>
   <w nite:id="Bmr011.w.16,051" starttime="3426.41" endtime="3426.44" c="W">uh</w>
   <w nite:id="Bmr011.w.16,052" starttime="3426.44" endtime="3426.44" c="CM">,</w>
   <w nite:id="Bmr011.w.16,053" starttime="3426.44" endtime="3426.75" c="W">to</w>
   <w nite:id="Bmr011.w.16,054" starttime="3426.75" endtime="3426.75" c="CM">,</w>
   <w nite:id="Bmr011.w.16,055" starttime="3426.99" endtime="3427.24" c="W">nnn</w>
   <w nite:id="Bmr011.w.16,056" starttime="3427.24" endtime="3427.24" c="CM">,</w>
   <w nite:id="Bmr011.w.16,057" starttime="3427.51" endtime="3427.63" c="W">to</w>
   <w nite:id="Bmr011.w.16,058" starttime="3427.63" endtime="3428.15" c="W">compare</w>
   <w nite:id="Bmr011.w.16,059" starttime="3428.15" endtime="3428.39" c="W">with</w>
   <w nite:id="Bmr011.w.16,060" starttime="3428.39" endtime="3428.68" c="TRUNCW">c</w>
   <w nite:id="Bmr011.w.16,061" starttime="3428.68" endtime="3428.85" c="W">with</w>
   <w nite:id="Bmr011.w.16,062" starttime="3428.85" endtime="3429.4" c="W">the</w>
   <w nite:id="Bmr011.w.16,063" starttime="3429.4" endtime="3430.04" c="W">segment</w>
   <w nite:id="Bmr011.w.16,064" starttime="3430.04" endtime="3430.04" c="CM">,</w>
   <w nite:id="Bmr011.w.16,065" starttime="3430.04" endtime="3430.2" c="W">the</w>
   <disfmarker nite:id="Bmr011.disfmarker.745" starttime="" endtime=""/>
   <w nite:id="Bmr011.w.16,066" starttime="3430.2" endtime="3430.32" c="W">the</w>
   <w nite:id="Bmr011.w.16,067" starttime="3430.32" endtime="3430.54" c="W">kind</w>
   <w nite:id="Bmr011.w.16,068" starttime="3430.54" endtime="3430.63" c="W">of</w>
   <w nite:id="Bmr011.w.16,069" starttime="3430.63" endtime="3431.17" c="W">assessment</w>
   <w nite:id="Bmr011.w.16,070" starttime="3431.57" endtime="3431.79" c="W">what</w>
   <w nite:id="Bmr011.w.16,071" starttime="3431.86" endtime="3432.21" c="W">happened</w>
   <w nite:id="Bmr011.w.16,072" starttime="3432.21" endtime="3432.36" c="W">with</w>
   <w nite:id="Bmr011.w.16,073" starttime="3432.52" endtime="3432.73" c="W">the</w>
   <disfmarker nite:id="Bmr011.disfmarker.746" starttime="" endtime=""/>
   <w nite:id="Bmr011.w.16,074" starttime="3432.73" endtime="3432.84" c="W">the</w>
   <w nite:id="Bmr011.w.16,075" starttime="3432.84" endtime="3433.26" c="W">different</w>
   <w nite:id="Bmr011.w.16,076" starttime="3433.26" endtime="3433.88" c="W">parameters</w>
   <w nite:id="Bmr011.w.16,077" starttime="3433.88" endtime="3433.88" c=".">.</w>
   <w nite:id="Bmr011.w.16,078" starttime="3434.31" endtime="3434.62" c="W">And</w>
   <w nite:id="Bmr011.w.16,079" starttime="3435.15" endtime="3435.42" c="W">only</w>
   <w nite:id="Bmr011.w.16,080" starttime="3435.42" endtime="3435.71" c="W">with</w>
   <w nite:id="Bmr011.w.16,081" starttime="3435.71" endtime="3435.74" c="W">a</w>
   <w nite:id="Bmr011.w.16,082" starttime="3435.74" endtime="3436.27" c="W">different</w>
   <w nite:id="Bmr011.w.16,083" starttime="3436.27" endtime="3436.72" c="W">bands</w>
   <w nite:id="Bmr011.w.16,084" starttime="3436.72" endtime="3436.82" c="W">of</w>
   <w nite:id="Bmr011.w.16,085" starttime="3436.82" endtime="3437.17" c="W">color</w>
   <w nite:id="Bmr011.w.16,086" starttime="3437.64" endtime="3437.92" c="W">for</w>
   <w nite:id="Bmr011.w.16,087" starttime="3437.92" endtime="3438.11" c="W">the</w>
   <w nite:id="Bmr011.w.16,088" starttime="3438.11" endtime="3438.11" c="CM">,</w>
   <w nite:id="Bmr011.w.16,089" starttime="3438.59" endtime="3439.0" c="W">uh</w>
   <w nite:id="Bmr011.w.16,090" starttime="3439.0" endtime="3439.0" c="CM">,</w>
   <w nite:id="Bmr011.w.16,091" starttime="3439.12" endtime="3439.35" c="W">few</w>
   <w nite:id="Bmr011.w.16,092" starttime="3439.35" endtime="3440.04" c="W">situation</w>
   <w nite:id="Bmr011.w.16,093" starttime="3440.04" endtime="3440.04" c="CM">,</w>
   <w nite:id="Bmr011.w.16,094" starttime="3440.04" endtime="3440.07" c="W">eh</w>
   <w nite:id="Bmr011.w.16,095" starttime="3440.07" endtime="3440.07" c="CM">,</w>
   <w nite:id="Bmr011.w.16,096" starttime="3440.07" endtime="3440.44" c="W">I</w>
   <w nite:id="Bmr011.w.16,097" starttime="3440.44" endtime="3440.96" c="W">consider</w>
   <w nite:id="Bmr011.w.16,098" starttime="3440.96" endtime="3441.02" c="W">for</w>
   <w nite:id="Bmr011.w.16,099" starttime="3441.55" endtime="3442.06" c="W">acoustic</w>
   <w nite:id="Bmr011.w.16,100" starttime="3442.06" endtime="3442.44" c="W">event</w>
   <w nite:id="Bmr011.w.16,101" starttime="3442.58" endtime="3442.78" c="W">is</w>
   <w nite:id="Bmr011.w.16,102" starttime="3442.78" endtime="3443.25" c="W">enough</w>
   <w nite:id="Bmr011.w.16,103" starttime="3443.38" endtime="3443.78" c="W">to</w>
   <w nite:id="Bmr011.w.16,104" starttime="" endtime="" c="SYM">@</w>
   <w nite:id="Bmr011.w.16,105" starttime="" endtime="" c="SYM">@</w>
   <w nite:id="Bmr011.w.16,106" starttime="3443.78" endtime="3443.78" c=".">.</w>
   <w nite:id="Bmr011.w.16,107" starttime="3444.65" endtime="3444.95" c="W">I</w>
   <disfmarker nite:id="Bmr011.disfmarker.747" starttime="" endtime=""/>
   <w nite:id="Bmr011.w.16,112" starttime="3445.5" endtime="3445.53" c="W">I</w>
   <disfmarker nite:id="Bmr011.disfmarker.748" starttime="" endtime=""/>
   <vocalsound nite:id="Bmr011.vocalsound.507" starttime="" endtime="" description="mouth"/>
   <w nite:id="Bmr011.w.16,113" starttime="3445.59" endtime="3445.67" c="W">I</w>
   <w nite:id="Bmr011.w.16,114" starttime="3445.67" endtime="3446.3" c="W">see</w>
   <w nite:id="Bmr011.w.16,115" starttime="3447.48" endtime="3447.79" c="W">that</w>
   <w nite:id="Bmr011.w.16,116" starttime="3447.79" endtime="3447.79" c="CM">,</w>
   <w nite:id="Bmr011.w.16,117" starttime="3447.79" endtime="3448.16" c="W">eh</w>
   <w nite:id="Bmr011.w.16,118" starttime="3448.16" endtime="3448.16" c="CM">,</w>
   <w nite:id="Bmr011.w.16,119" starttime="3448.51" endtime="3448.6" c="W">you</w>
   <w nite:id="Bmr011.w.16,120" starttime="3448.6" endtime="3448.67" c="W">are</w>
   <w nite:id="Bmr011.w.16,121" starttime="3448.67" endtime="3449.29" c="W">considering</w>
   <w nite:id="Bmr011.w.16,122" starttime="3449.29" endtime="3449.7" c="W">now</w>
   <w nite:id="Bmr011.w.16,123" starttime="3449.7" endtime="3449.7" c="CM">,</w>
   <w nite:id="Bmr011.w.16,124" starttime="3449.7" endtime="3449.97" c="W">eh</w>
   <w nite:id="Bmr011.w.16,125" starttime="3449.97" endtime="3449.97" c="CM">,</w>
   <w nite:id="Bmr011.w.16,126" starttime="3449.97" endtime="3450.03" c="W">a</w>
   <w nite:id="Bmr011.w.16,127" starttime="3450.03" endtime="3450.21" c="W">very</w>
   <w nite:id="Bmr011.w.16,128" starttime="3450.21" endtime="3451.09" c="W">sophisticated</w>
   <w nite:id="Bmr011.w.16,129" starttime="3451.09" endtime="3451.09" c="CM">,</w>
   <w nite:id="Bmr011.w.16,130" starttime="3451.09" endtime="3451.6" c="W">eh</w>
   <w nite:id="Bmr011.w.16,131" starttime="3451.6" endtime="3451.6" c="CM">,</w>
   <w nite:id="Bmr011.w.16,132" starttime="3452.41" endtime="3452.68" c="W">ehm</w>
   <w nite:id="Bmr011.w.16,133" starttime="3452.68" endtime="3452.68" c="CM">,</w>
   <w nite:id="Bmr011.w.16,134" starttime="3452.68" endtime="3452.82" c="W">eh</w>
   <w nite:id="Bmr011.w.16,135" starttime="3452.82" endtime="3452.82" c="CM">,</w>
   <w nite:id="Bmr011.w.16,136" starttime="" endtime="" c="SYM">@</w>
   <w nite:id="Bmr011.w.16,137" starttime="" endtime="" c="SYM">@</w>
   <comment nite:id="Bmr011.comment.126" starttime="" endtime="" description="uncodeable vocal fragment"/>
   <w nite:id="Bmr011.w.16,138" starttime="3454.6" endtime="3454.98" c="W">set</w>
   <w nite:id="Bmr011.w.16,139" starttime="3454.98" endtime="3455.4" c="W">of</w>
   <w nite:id="Bmr011.w.16,140" starttime="3455.4" endtime="3455.4" c="CM">,</w>
   <w nite:id="Bmr011.w.16,141" starttime="3455.4" endtime="3455.5" c="W">eh</w>
   <w nite:id="Bmr011.w.16,142" starttime="3455.5" endtime="3455.5" c="CM">,</w>
   <w nite:id="Bmr011.w.16,143" starttime="3455.5" endtime="3455.98" c="W">graphic</w>
   <w nite:id="Bmr011.w.16,144" starttime="3456.09" endtime="3456.2" c="TRUNCW">s</w>
   <w nite:id="Bmr011.w.16,145" starttime="3456.2" endtime="3456.24" c="W">eh</w>
   <w nite:id="Bmr011.w.16,146" starttime="3456.24" endtime="3456.24" c="CM">,</w>
   <w nite:id="Bmr011.w.16,147" starttime="3456.24" endtime="3456.33" c="W">eh</w>
   <w nite:id="Bmr011.w.16,148" starttime="3456.33" endtime="3456.33" c="CM">,</w>
   <w nite:id="Bmr011.w.16,149" starttime="3456.33" endtime="3456.46" c="W">ehm</w>
   <w nite:id="Bmr011.w.16,150" starttime="3456.46" endtime="3456.46" c="CM">,</w>
   <w nite:id="Bmr011.w.16,151" starttime="3457.03" endtime="3457.87" c="TRUNCW">si</w>
   <w nite:id="Bmr011.w.16,152" starttime="3458.63" endtime="3459.59" c="W">symbols</w>
   <w nite:id="Bmr011.w.16,153" starttime="3459.59" endtime="3460.03" c="W">to</w>
   <disfmarker nite:id="Bmr011.disfmarker.749" starttime="" endtime=""/>
   <w nite:id="Bmr011.w.16,154" starttime="3460.16" endtime="3460.65" c="W">to</w>
   <w nite:id="Bmr011.w.16,155" starttime="3461.09" endtime="3461.64" c="W">transcribe</w>
   <w nite:id="Bmr011.w.16,156" starttime="3461.64" endtime="3461.64" c=".">.</w>
   <w nite:id="Bmr011.w.16,157" starttime="3461.91" endtime="3462.11" c="W">No</w>
   <w nite:id="Bmr011.w.16,158" starttime="3462.11" endtime="3462.11" c=".">?</w>
   <w nite:id="Bmr011.w.16,167" starttime="3463.4" endtime="3463.95" c="W">Because</w>
   <w nite:id="Bmr011.w.16,168" starttime="3463.95" endtime="3463.95" c="CM">,</w>
   <w nite:id="Bmr011.w.16,169" starttime="3464.12" endtime="3464.15" c="W">uh</w>
   <w nite:id="Bmr011.w.16,170" starttime="3464.15" endtime="3464.15" c="CM">,</w>
   <w nite:id="Bmr011.w.16,171" starttime="3464.15" endtime="3464.48" c="W">before</w>
   <w nite:id="Bmr011.w.16,172" starttime="3464.48" endtime="3464.48" c="CM">,</w>
   <w nite:id="Bmr011.w.16,173" starttime="3464.48" endtime="3464.66" c="W">you</w>
   <disfmarker nite:id="Bmr011.disfmarker.750" starttime="" endtime=""/>
   <w nite:id="Bmr011.w.16,174" starttime="3464.66" endtime="3464.81" c="W">you</w>
   <w nite:id="Bmr011.w.16,175" starttime="3464.81" endtime="3464.88" c="W">are</w>
   <w nite:id="Bmr011.w.16,176" starttime="3464.88" endtime="3465.25" c="W">talking</w>
   <w nite:id="Bmr011.w.16,177" starttime="3465.25" endtime="3465.5" c="W">about</w>
   <w nite:id="Bmr011.w.16,178" starttime="3465.5" endtime="3465.74" c="W">the</w>
   <disfmarker nite:id="Bmr011.disfmarker.751" starttime="" endtime=""/>
   <w nite:id="Bmr011.w.16,179" starttime="3466.01" endtime="3466.09" c="W">the</w>
   <w nite:id="Bmr011.w.16,180" starttime="3466.09" endtime="3466.54" c="W">possibility</w>
   <w nite:id="Bmr011.w.16,181" starttime="3466.54" endtime="3466.75" c="W">to</w>
   <w nite:id="Bmr011.w.16,182" starttime="3466.75" endtime="3467.11" c="W">include</w>
   <w nite:id="Bmr011.w.16,183" starttime="3467.11" endtime="3467.31" c="W">in</w>
   <w nite:id="Bmr011.w.16,184" starttime="3467.31" endtime="3467.41" c="W">the</w>
   <w nite:id="Bmr011.w.16,185" starttime="3467.41" endtime="3468.01" c="W">Transcriber</w>
   <w nite:id="Bmr011.w.16,186" starttime="3468.01" endtime="3468.56" c="W">program</w>
   <w nite:id="Bmr011.w.16,187" starttime="3468.93" endtime="3469.17" c="W">eh</w>
   <w nite:id="Bmr011.w.16,188" starttime="3469.17" endtime="3469.17" c="CM">,</w>
   <w nite:id="Bmr011.w.16,189" starttime="3469.17" endtime="3469.46" c="W">um</w>
   <w nite:id="Bmr011.w.16,190" starttime="3469.46" endtime="3469.46" c="CM">,</w>
   <w nite:id="Bmr011.w.16,191" starttime="3469.46" endtime="3469.55" c="W">a</w>
   <w nite:id="Bmr011.w.16,192" starttime="3469.77" endtime="3470.03" c="W">set</w>
   <w nite:id="Bmr011.w.16,193" starttime="3470.03" endtime="3470.11" c="W">of</w>
   <w nite:id="Bmr011.w.16,194" starttime="3470.11" endtime="3470.5" c="W">symbols</w>
   <w nite:id="Bmr011.w.16,195" starttime="3470.5" endtime="3470.5" c="CM">,</w>
   <w nite:id="Bmr011.w.16,196" starttime="3470.5" endtime="3470.58" c="W">of</w>
   <w nite:id="Bmr011.w.16,197" starttime="3470.58" endtime="3470.86" c="W">graphic</w>
   <w nite:id="Bmr011.w.16,198" starttime="3470.86" endtime="3471.21" c="W">symbol</w>
   <w nite:id="Bmr011.w.16,199" starttime="3471.21" endtime="3471.41" c="W">to</w>
   <disfmarker nite:id="Bmr011.disfmarker.752" starttime="" endtime=""/>
   <w nite:id="Bmr011.w.16,200" starttime="3471.41" endtime="3471.71" c="TRUNCW">t</w>
   <w nite:id="Bmr011.w.16,201" starttime="3471.95" endtime="3472.05" c="W">to</w>
   <w nite:id="Bmr011.w.16,202" starttime="3472.05" endtime="3472.47" c="W">mark</w>
   <w nite:id="Bmr011.w.16,203" starttime="3472.47" endtime="3472.69" c="W">the</w>
   <w nite:id="Bmr011.w.16,204" starttime="3472.69" endtime="3473.0" c="W">different</w>
   <w nite:id="Bmr011.w.16,205" starttime="3473.0" endtime="3473.77" c="W">situations</w>
   <w nite:id="Bmr011.w.16,206" starttime="3473.77" endtime="3473.95" c="W">during</w>
   <w nite:id="Bmr011.w.16,207" starttime="3473.95" endtime="3474.13" c="W">the</w>
   <w nite:id="Bmr011.w.16,208" starttime="3474.13" endtime="3474.79" c="W">transcription</w>
   <w nite:id="Bmr011.w.16,209" starttime="" endtime="" c="SYM">-</w>
   <w nite:id="Bmr011.w.16,210" starttime="3475.14" endtime="3475.41" c="W">during</w>
   <w nite:id="Bmr011.w.16,211" starttime="3475.41" endtime="3475.47" c="W">the</w>
   <w nite:id="Bmr011.w.16,212" starttime="3475.47" endtime="3476.06" c="W">transcription</w>
   <w nite:id="Bmr011.w.16,213" starttime="3476.06" endtime="3476.06" c=".">.</w>
   <w nite:id="Bmr011.w.16,214" starttime="3476.77" endtime="3476.97" c="W">No</w>
   <w nite:id="Bmr011.w.16,215" starttime="3476.97" endtime="3476.97" c=".">?</w>
   <w nite:id="Bmr011.w.16,250" starttime="3482.0" endtime="3482.26" c="W">Yeah</w>
   <w nite:id="Bmr011.w.16,251" starttime="3482.26" endtime="3482.26" c=".">.</w>
   <vocalsound nite:id="Bmr011.vocalsound.508" starttime="" endtime="" description="inbreath"/>
   <w nite:id="Bmr011.w.16,252" starttime="3484.3" endtime="3484.53" c="W">Yeah</w>
   <w nite:id="Bmr011.w.16,253" starttime="3484.53" endtime="3484.53" c="CM">,</w>
   <w nite:id="Bmr011.w.16,254" starttime="3484.53" endtime="3484.67" c="W">yeah</w>
   <w nite:id="Bmr011.w.16,255" starttime="3484.67" endtime="3484.67" c=".">.</w>
   <w nite:id="Bmr011.w.16,256" starttime="3484.67" endtime="3484.83" c="W">The</w>
   <w nite:id="Bmr011.w.16,257" starttime="3484.83" endtime="3485.09" c="TRUNCW">s</w>
   <w nite:id="Bmr011.w.16,258" starttime="3485.09" endtime="3485.24" c="W">the</w>
   <w nite:id="Bmr011.w.16,259" starttime="3485.24" endtime="3485.63" c="W">symbols</w>
   <w nite:id="Bmr011.w.16,260" starttime="3485.63" endtime="3485.63" c="CM">,</w>
   <w nite:id="Bmr011.w.16,261" starttime="3485.63" endtime="3485.83" c="W">you</w>
   <disfmarker nite:id="Bmr011.disfmarker.756" starttime="" endtime=""/>
   <w nite:id="Bmr011.w.16,262" starttime="3485.83" endtime="3485.93" c="W">you</w>
   <w nite:id="Bmr011.w.16,263" starttime="3485.93" endtime="3486.17" c="W">talk</w>
   <w nite:id="Bmr011.w.16,264" starttime="3486.17" endtime="3486.23" c="W">of</w>
   <w nite:id="Bmr011.w.16,265" starttime="3486.23" endtime="3486.67" c="W">before</w>
   <w nite:id="Bmr011.w.16,266" starttime="3486.67" endtime="3486.67" c=".">.</w>
   <w nite:id="Bmr011.w.16,267" starttime="3486.74" endtime="3487.02" c="W">No</w>
   <w nite:id="Bmr011.w.16,268" starttime="3487.02" endtime="3487.02" c=".">?</w>
   <w nite:id="Bmr011.w.16,269" starttime="3487.02" endtime="3487.48" c="W">To</w>
   <disfmarker nite:id="Bmr011.disfmarker.757" starttime="" endtime=""/>
   <w nite:id="Bmr011.w.16,270" starttime="3487.94" endtime="3488.03" c="W">to</w>
   <w nite:id="Bmr011.w.16,271" starttime="3488.03" endtime="3488.36" c="W">mark</w>
   <disfmarker nite:id="Bmr011.disfmarker.758" starttime="" endtime=""/>
   <w nite:id="Bmr011.w.16,307" starttime="3495.65" endtime="3495.94" c="W">Yeah</w>
   <w nite:id="Bmr011.w.16,308" starttime="3495.94" endtime="3495.94" c=".">.</w>
   <w nite:id="Bmr011.w.16,340" starttime="3497.37" endtime="3497.56" c="W">Yeah</w>
   <w nite:id="Bmr011.w.16,341" starttime="3497.56" endtime="3497.56" c=".">.</w>
   <w nite:id="Bmr011.w.16,425" starttime="3513.33" endtime="3513.5" c="W">Yeah</w>
   <w nite:id="Bmr011.w.16,426" starttime="3513.5" endtime="3513.5" c=".">.</w>
   <w nite:id="Bmr011.w.16,957" starttime="3649.91" endtime="3650.08" c="W">Yeah</w>
   <w nite:id="Bmr011.w.16,958" starttime="3650.08" endtime="3650.08" c=".">.</w>
   <w nite:id="Bmr011.w.17,008" starttime="3663.53" endtime="3663.67" c="W">Yeah</w>
   <w nite:id="Bmr011.w.17,009" starttime="3663.67" endtime="3663.67" c=".">.</w>
   <vocalsound nite:id="Bmr011.vocalsound.526" starttime="" endtime="" description="laugh"/>
   <vocalsound nite:id="Bmr011.vocalsound.533" starttime="" endtime="" description="breath"/>
   <vocalsound nite:id="Bmr011.vocalsound.541" starttime="" endtime="" description="breath"/>
   <w nite:id="Bmr011.w.17,518" starttime="" endtime="" c="W">Transcript</w>
   <w nite:id="Bmr011.w.17,519" starttime="" endtime="" c="W">two</w>
   <w nite:id="Bmr011.w.17,520" starttime="" endtime="" c="W">nine</w>
   <w nite:id="Bmr011.w.17,521" starttime="" endtime="" c="W">three</w>
   <w nite:id="Bmr011.w.17,522" starttime="" endtime="" c="W">one</w>
   <w nite:id="Bmr011.w.17,523" starttime="" endtime="" c="W">dash</w>
   <w nite:id="Bmr011.w.17,524" starttime="" endtime="" c="W">two</w>
   <w nite:id="Bmr011.w.17,525" starttime="" endtime="" c="W">nine</w>
   <w nite:id="Bmr011.w.17,526" starttime="" endtime="" c="W">five</w>
   <w nite:id="Bmr011.w.17,527" starttime="" endtime="" c="W">zero</w>
   <w nite:id="Bmr011.w.17,528" starttime="" endtime="" c=".">.</w>
   <comment nite:id="Bmr011.comment.259" starttime="" endtime="" description="Digits"/>
   <w nite:id="Bmr011.w.17,529" starttime="" endtime="" c="W">five</w>
   <w nite:id="Bmr011.w.17,530" starttime="" endtime="" c="W">zero</w>
   <w nite:id="Bmr011.w.17,531" starttime="" endtime="" c="W">three</w>
   <comment nite:id="Bmr011.comment.260" starttime="" endtime="" description="Digits"/>
   <w nite:id="Bmr011.w.17,532" starttime="" endtime="" c="W">six</w>
   <comment nite:id="Bmr011.comment.261" starttime="" endtime="" description="Digits"/>
   <w nite:id="Bmr011.w.17,533" starttime="" endtime="" c="W">eight</w>
   <w nite:id="Bmr011.w.17,534" starttime="" endtime="" c="W">one</w>
   <w nite:id="Bmr011.w.17,535" starttime="" endtime="" c="W">six</w>
   <w nite:id="Bmr011.w.17,536" starttime="" endtime="" c="W">nine</w>
   <w nite:id="Bmr011.w.17,537" starttime="" endtime="" c="W">zero</w>
   <w nite:id="Bmr011.w.17,538" starttime="" endtime="" c="W">zero</w>
   <w nite:id="Bmr011.w.17,539" starttime="" endtime="" c="W">eight</w>
   <comment nite:id="Bmr011.comment.262" starttime="" endtime="" description="Digits"/>
   <w nite:id="Bmr011.w.17,540" starttime="" endtime="" c="W">nine</w>
   <w nite:id="Bmr011.w.17,541" starttime="" endtime="" c="W">one</w>
   <w nite:id="Bmr011.w.17,542" starttime="" endtime="" c="W">nine</w>
   <w nite:id="Bmr011.w.17,543" starttime="" endtime="" c="W">eight</w>
   <w nite:id="Bmr011.w.17,544" starttime="" endtime="" c="W">seven</w>
   <comment nite:id="Bmr011.comment.263" starttime="" endtime="" description="Digits"/>
   <w nite:id="Bmr011.w.17,545" starttime="" endtime="" c="LET">O</w>
   <w nite:id="Bmr011.w.17,546" starttime="" endtime="" c="W">six</w>
   <w nite:id="Bmr011.w.17,547" starttime="" endtime="" c="LET">O</w>
   <w nite:id="Bmr011.w.17,548" starttime="" endtime="" c="W">five</w>
   <comment nite:id="Bmr011.comment.264" starttime="" endtime="" description="Digits"/>
   <w nite:id="Bmr011.w.17,549" starttime="" endtime="" c="W">zero</w>
   <w nite:id="Bmr011.w.17,550" starttime="" endtime="" c="W">four</w>
   <w nite:id="Bmr011.w.17,551" starttime="" endtime="" c="W">eight</w>
   <w nite:id="Bmr011.w.17,552" starttime="" endtime="" c="W">zero</w>
   <w nite:id="Bmr011.w.17,553" starttime="" endtime="" c="W">two</w>
   <w nite:id="Bmr011.w.17,554" starttime="" endtime="" c="W">eight</w>
   <w nite:id="Bmr011.w.17,555" starttime="" endtime="" c="W">four</w>
   <comment nite:id="Bmr011.comment.265" starttime="" endtime="" description="Digits"/>
   <w nite:id="Bmr011.w.17,556" starttime="" endtime="" c="W">one</w>
   <comment nite:id="Bmr011.comment.266" starttime="" endtime="" description="Digits"/>
   <w nite:id="Bmr011.w.17,557" starttime="" endtime="" c="W">two</w>
   <comment nite:id="Bmr011.comment.267" starttime="" endtime="" description="Digits"/>
   <w nite:id="Bmr011.w.17,558" starttime="" endtime="" c="W">three</w>
   <w nite:id="Bmr011.w.17,559" starttime="" endtime="" c="LET">O</w>
   <comment nite:id="Bmr011.comment.268" starttime="" endtime="" description="Digits"/>
   <w nite:id="Bmr011.w.17,560" starttime="" endtime="" c="W">five</w>
   <pause nite:id="Bmr011.pause.44" starttime="" endtime=""/>
   <w nite:id="Bmr011.w.17,561" starttime="" endtime="" c="W">three</w>
   <w nite:id="Bmr011.w.17,562" starttime="" endtime="" c="W">one</w>
   <w nite:id="Bmr011.w.17,563" starttime="" endtime="" c="W">eight</w>
   <w nite:id="Bmr011.w.17,564" starttime="" endtime="" c="W">five</w>
   <w nite:id="Bmr011.w.17,565" starttime="" endtime="" c="W">two</w>
   <w nite:id="Bmr011.w.17,566" starttime="" endtime="" c="W">one</w>
   <comment nite:id="Bmr011.comment.269" starttime="" endtime="" description="Digits"/>
   <w nite:id="Bmr011.w.17,567" starttime="" endtime="" c="W">six</w>
   <w nite:id="Bmr011.w.17,568" starttime="" endtime="" c="W">five</w>
   <w nite:id="Bmr011.w.17,569" starttime="" endtime="" c="W">six</w>
   <comment nite:id="Bmr011.comment.270" starttime="" endtime="" description="Digits"/>
   <w nite:id="Bmr011.w.17,570" starttime="" endtime="" c="W">seven</w>
   <w nite:id="Bmr011.w.17,571" starttime="" endtime="" c="W">four</w>
   <w nite:id="Bmr011.w.17,572" starttime="" endtime="" c="W">zero</w>
   <comment nite:id="Bmr011.comment.271" starttime="" endtime="" description="Digits"/>
   <w nite:id="Bmr011.w.17,573" starttime="" endtime="" c="W">eight</w>
   <w nite:id="Bmr011.w.17,574" starttime="" endtime="" c="W">nine</w>
   <w nite:id="Bmr011.w.17,575" starttime="" endtime="" c="W">three</w>
   <w nite:id="Bmr011.w.17,576" starttime="" endtime="" c="W">zero</w>
   <w nite:id="Bmr011.w.17,577" starttime="" endtime="" c="W">nine</w>
   <comment nite:id="Bmr011.comment.272" starttime="" endtime="" description="Digits"/>
   <w nite:id="Bmr011.w.17,578" starttime="" endtime="" c="W">nine</w>
   <w nite:id="Bmr011.w.17,579" starttime="" endtime="" c="W">nine</w>
   <w nite:id="Bmr011.w.17,580" starttime="" endtime="" c="W">six</w>
   <w nite:id="Bmr011.w.17,581" starttime="" endtime="" c="W">four</w>
   <w nite:id="Bmr011.w.17,582" starttime="" endtime="" c="W">four</w>
   <comment nite:id="Bmr011.comment.273" starttime="" endtime="" description="Digits"/>
   <w nite:id="Bmr011.w.17,583" starttime="" endtime="" c="LET">O</w>
   <comment nite:id="Bmr011.comment.274" starttime="" endtime="" description="Digits"/>
   <w nite:id="Bmr011.w.17,584" starttime="" endtime="" c="W">zero</w>
   <w nite:id="Bmr011.w.17,585" starttime="" endtime="" c="W">zero</w>
   <w nite:id="Bmr011.w.17,586" starttime="" endtime="" c="W">three</w>
   <w nite:id="Bmr011.w.17,587" starttime="" endtime="" c="W">seven</w>
   <w nite:id="Bmr011.w.17,588" starttime="" endtime="" c="W">five</w>
   <comment nite:id="Bmr011.comment.275" starttime="" endtime="" description="Digits"/>
   <w nite:id="Bmr011.w.17,589" starttime="" endtime="" c="W">two</w>
   <w nite:id="Bmr011.w.17,590" starttime="" endtime="" c="W">one</w>
   <w nite:id="Bmr011.w.17,591" starttime="" endtime="" c="W">one</w>
   <w nite:id="Bmr011.w.17,592" starttime="" endtime="" c="LET">O</w>
   <w nite:id="Bmr011.w.17,593" starttime="" endtime="" c="W">eight</w>
   <w nite:id="Bmr011.w.17,594" starttime="" endtime="" c="W">eight</w>
   <w nite:id="Bmr011.w.17,595" starttime="" endtime="" c="W">nine</w>
   <w nite:id="Bmr011.w.17,596" starttime="" endtime="" c=".">.</w>
   <comment nite:id="Bmr011.comment.276" starttime="" endtime="" description="Digits"/>
   <w nite:id="Bmr011.w.17,597" starttime="" endtime="" c="W">three</w>
   <w nite:id="Bmr011.w.17,598" starttime="" endtime="" c="W">one</w>
   <comment nite:id="Bmr011.comment.277" starttime="" endtime="" description="Digits"/>
   <w nite:id="Bmr011.w.17,599" starttime="" endtime="" c="W">four</w>
   <w nite:id="Bmr011.w.17,600" starttime="" endtime="" c="W">five</w>
   <w nite:id="Bmr011.w.17,601" starttime="" endtime="" c="W">zero</w>
   <w nite:id="Bmr011.w.17,602" starttime="" endtime="" c="W">seven</w>
   <w nite:id="Bmr011.w.17,603" starttime="" endtime="" c="W">four</w>
   <comment nite:id="Bmr011.comment.278" starttime="" endtime="" description="Digits"/>
   <w nite:id="Bmr011.w.17,604" starttime="" endtime="" c="W">five</w>
   <w nite:id="Bmr011.w.17,605" starttime="" endtime="" c="W">six</w>
   <w nite:id="Bmr011.w.17,606" starttime="" endtime="" c="W">six</w>
   <w nite:id="Bmr011.w.17,607" starttime="" endtime="" c="W">three</w>
   <w nite:id="Bmr011.w.17,608" starttime="" endtime="" c=".">.</w>
   <comment nite:id="Bmr011.comment.279" starttime="" endtime="" description="Digits"/>
</nite:root>