<?xml version="1.0" encoding="UTF-8"?>
<nite:root xmlns:nite="http://nite.sourceforge.net/" nite:id="EN2001a.E.segs">
   <segment nite:id="EN2001a.sync.1,296" channel="4" transcriber_start="3.168" transcriber_end="3.968">
      <nite:child href="EN2001a.E.words.xml#id(EN2001a.E.words0)..id(EN2001a.E.words1)"/>
   </segment>
   <segment nite:id="EN2001a.sync.1,298" channel="4" transcriber_start="5.463" transcriber_end="6.103">
      <nite:child href="EN2001a.E.words.xml#id(EN2001a.E.words2)..id(EN2001a.E.words3)"/>
   </segment>
   <segment nite:id="EN2001a.sync.1,300" channel="4" transcriber_start="10.454" transcriber_end="10.953">
      <nite:child href="EN2001a.E.words.xml#id(EN2001a.E.words4)..id(EN2001a.E.words5)"/>
   </segment>
   <segment nite:id="EN2001a.sync.1,302" channel="4" transcriber_start="16.736" transcriber_end="18.146">
      <nite:child href="EN2001a.E.words.xml#id(EN2001a.E.words6)..id(EN2001a.E.words14)"/>
   </segment>
   <segment nite:id="EN2001a.sync.1,304" channel="4" transcriber_start="18.985" transcriber_end="20.816">
      <nite:child href="EN2001a.E.words.xml#id(EN2001a.E.words15)..id(EN2001a.E.words25)"/>
   </segment>
   <segment nite:id="EN2001a.sync.1,306" channel="4" transcriber_start="22.928" transcriber_end="23.312">
      <nite:child href="EN2001a.E.words.xml#id(EN2001a.E.words26)..id(EN2001a.E.words27)"/>
   </segment>
   <segment nite:id="EN2001a.sync.1,308" channel="4" transcriber_start="25.001" transcriber_end="27.472">
      <nite:child href="EN2001a.E.words.xml#id(EN2001a.E.words28)..id(EN2001a.E.words31)"/>
   </segment>
   <segment nite:id="EN2001a.sync.1,310" channel="4" transcriber_start="46.352" transcriber_end="85.233">
      <nite:child href="EN2001a.E.words.xml#id(EN2001a.E.words32)..id(EN2001a.E.words173)"/>
   </segment>
   <segment nite:id="EN2001a.sync.1,312" channel="4" transcriber_start="92.885" transcriber_end="112.977">
      <nite:child href="EN2001a.E.words.xml#id(EN2001a.E.words174)..id(EN2001a.E.words261)"/>
   </segment>
   <segment nite:id="EN2001a.sync.1,314" channel="4" transcriber_start="114.576" transcriber_end="126.784">
      <nite:child href="EN2001a.E.words.xml#id(EN2001a.E.words262)..id(EN2001a.E.words306)"/>
   </segment>
   <segment nite:id="EN2001a.sync.1,316" channel="4" transcriber_start="128.992" transcriber_end="157.422">
      <nite:child href="EN2001a.E.words.xml#id(EN2001a.E.words307)..id(EN2001a.E.words419)"/>
   </segment>
   <segment nite:id="EN2001a.sync.1,318" channel="4" transcriber_start="159.725" transcriber_end="160.349">
      <nite:child href="EN2001a.E.words.xml#id(EN2001a.E.words420)..id(EN2001a.E.words421)"/>
   </segment>
   <segment nite:id="EN2001a.sync.1,320" channel="4" transcriber_start="161.552" transcriber_end="198.046">
      <nite:child href="EN2001a.E.words.xml#id(EN2001a.E.words422)..id(EN2001a.E.words553)"/>
   </segment>
   <segment nite:id="EN2001a.sync.1,322" channel="4" transcriber_start="210.56" transcriber_end="210.882">
      <nite:child href="EN2001a.E.words.xml#id(EN2001a.E.words554)..id(EN2001a.E.words555)"/>
   </segment>
   <segment nite:id="EN2001a.sync.1,324" channel="4" transcriber_start="213.136" transcriber_end="213.689">
      <nite:child href="EN2001a.E.words.xml#id(EN2001a.E.words556)..id(EN2001a.E.words557)"/>
   </segment>
   <segment nite:id="EN2001a.sync.1,326" channel="4" transcriber_start="218.33" transcriber_end="218.954">
      <nite:child href="EN2001a.E.words.xml#id(EN2001a.E.words558)..id(EN2001a.E.words559)"/>
   </segment>
   <segment nite:id="EN2001a.sync.1,328" channel="4" transcriber_start="220.946" transcriber_end="221.611">
      <nite:child href="EN2001a.E.words.xml#id(EN2001a.E.words560)..id(EN2001a.E.words561)"/>
   </segment>
   <segment nite:id="EN2001a.sync.1,330" channel="4" transcriber_start="228.896" transcriber_end="229.353">
      <nite:child href="EN2001a.E.words.xml#id(EN2001a.E.words562)..id(EN2001a.E.words563)"/>
   </segment>
   <segment nite:id="EN2001a.sync.1,332" channel="4" transcriber_start="231.608" transcriber_end="250.619">
      <nite:child href="EN2001a.E.words.xml#id(EN2001a.E.words564)..id(EN2001a.E.words622)"/>
   </segment>
   <segment nite:id="EN2001a.sync.1,334" channel="4" transcriber_start="252.215" transcriber_end="252.895">
      <nite:child href="EN2001a.E.words.xml#id(EN2001a.E.words623)..id(EN2001a.E.words625)"/>
   </segment>
   <segment nite:id="EN2001a.sync.1,336" channel="4" transcriber_start="257.617" transcriber_end="293.184">
      <nite:child href="EN2001a.E.words.xml#id(EN2001a.E.words626)..id(EN2001a.E.words756)"/>
   </segment>
   <segment nite:id="EN2001a.sync.1,338" channel="4" transcriber_start="295.632" transcriber_end="306.24">
      <nite:child href="EN2001a.E.words.xml#id(EN2001a.E.words757)..id(EN2001a.E.words798)"/>
   </segment>
   <segment nite:id="EN2001a.sync.1,340" channel="4" transcriber_start="313.376" transcriber_end="313.69">
      <nite:child href="EN2001a.E.words.xml#id(EN2001a.E.words799)..id(EN2001a.E.words800)"/>
   </segment>
   <segment nite:id="EN2001a.sync.1,342" channel="4" transcriber_start="316.096" transcriber_end="319.873">
      <nite:child href="EN2001a.E.words.xml#id(EN2001a.E.words801)..id(EN2001a.E.words814)"/>
   </segment>
   <segment nite:id="EN2001a.sync.1,344" channel="4" transcriber_start="325.808" transcriber_end="326.147">
      <nite:child href="EN2001a.E.words.xml#id(EN2001a.E.words815)..id(EN2001a.E.words816)"/>
   </segment>
   <segment nite:id="EN2001a.sync.1,346" channel="4" transcriber_start="343.288" transcriber_end="347.204">
      <nite:child href="EN2001a.E.words.xml#id(EN2001a.E.words817)..id(EN2001a.E.words835)"/>
   </segment>
   <segment nite:id="EN2001a.sync.1,348" channel="4" transcriber_start="348.8" transcriber_end="392.893">
      <nite:child href="EN2001a.E.words.xml#id(EN2001a.E.words836)..id(EN2001a.E.words1002)"/>
   </segment>
   <segment nite:id="EN2001a.sync.1,350" channel="4" transcriber_start="400.096" transcriber_end="408.332">
      <nite:child href="EN2001a.E.words.xml#id(EN2001a.E.words1003)..id(EN2001a.E.words1036)"/>
   </segment>
   <segment nite:id="EN2001a.sync.1,352" channel="4" transcriber_start="411.664" transcriber_end="442.479">
      <nite:child href="EN2001a.E.words.xml#id(EN2001a.E.words1037)..id(EN2001a.E.words1141)"/>
   </segment>
   <segment nite:id="EN2001a.sync.1,354" channel="4" transcriber_start="443.826" transcriber_end="484.793">
      <nite:child href="EN2001a.E.words.xml#id(EN2001a.E.words1142)..id(EN2001a.E.words1323)"/>
   </segment>
   <segment nite:id="EN2001a.sync.1,356" channel="4" transcriber_start="486.498" transcriber_end="494.792">
      <nite:child href="EN2001a.E.words.xml#id(EN2001a.E.words1324)..id(EN2001a.E.words1351)"/>
   </segment>
   <segment nite:id="EN2001a.sync.1,358" channel="4" transcriber_start="510.907" transcriber_end="511.248">
      <nite:child href="EN2001a.E.words.xml#id(EN2001a.E.words1352)"/>
   </segment>
   <segment nite:id="EN2001a.sync.1,360" channel="4" transcriber_start="528.864" transcriber_end="531.578">
      <nite:child href="EN2001a.E.words.xml#id(EN2001a.E.words1353)..id(EN2001a.E.words1365)"/>
   </segment>
   <segment nite:id="EN2001a.sync.1,362" channel="4" transcriber_start="538.656" transcriber_end="542.237">
      <nite:child href="EN2001a.E.words.xml#id(EN2001a.E.words1366)..id(EN2001a.E.words1375)"/>
   </segment>
   <segment nite:id="EN2001a.sync.1,364" channel="4" transcriber_start="548.261" transcriber_end="548.82">
      <nite:child href="EN2001a.E.words.xml#id(EN2001a.E.words1376)..id(EN2001a.E.words1377)"/>
   </segment>
   <segment nite:id="EN2001a.sync.1,366" channel="4" transcriber_start="551.776" transcriber_end="565.699">
      <nite:child href="EN2001a.E.words.xml#id(EN2001a.E.words1378)..id(EN2001a.E.words1433)"/>
   </segment>
   <segment nite:id="EN2001a.sync.1,368" channel="4" transcriber_start="568.044" transcriber_end="574.184">
      <nite:child href="EN2001a.E.words.xml#id(EN2001a.E.words1434)..id(EN2001a.E.words1462)"/>
   </segment>
   <segment nite:id="EN2001a.sync.1,370" channel="4" transcriber_start="576.032" transcriber_end="577.264">
      <nite:child href="EN2001a.E.words.xml#id(EN2001a.E.words1463)..id(EN2001a.E.words1471)"/>
   </segment>
   <segment nite:id="EN2001a.sync.1,372" channel="4" transcriber_start="596.448" transcriber_end="599.108">
      <nite:child href="EN2001a.E.words.xml#id(EN2001a.E.words1472)..id(EN2001a.E.words1484)"/>
   </segment>
   <segment nite:id="EN2001a.sync.1,374" channel="4" transcriber_start="605.088" transcriber_end="606.921">
      <nite:child href="EN2001a.E.words.xml#id(EN2001a.E.words1485)..id(EN2001a.E.words1488)"/>
   </segment>
   <segment nite:id="EN2001a.sync.1,376" channel="4" transcriber_start="613.824" transcriber_end="614.268">
      <nite:child href="EN2001a.E.words.xml#id(EN2001a.E.words1489)..id(EN2001a.E.words1490)"/>
   </segment>
   <segment nite:id="EN2001a.sync.1,378" channel="4" transcriber_start="617.856" transcriber_end="618.257">
      <nite:child href="EN2001a.E.words.xml#id(EN2001a.E.words1491)..id(EN2001a.E.words1492)"/>
   </segment>
   <segment nite:id="EN2001a.sync.1,380" channel="4" transcriber_start="620.752" transcriber_end="621.178">
      <nite:child href="EN2001a.E.words.xml#id(EN2001a.E.words1493)..id(EN2001a.E.words1494)"/>
   </segment>
   <segment nite:id="EN2001a.sync.1,382" channel="4" transcriber_start="622.624" transcriber_end="623.459">
      <nite:child href="EN2001a.E.words.xml#id(EN2001a.E.words1495)..id(EN2001a.E.words1496)"/>
   </segment>
   <segment nite:id="EN2001a.sync.1,384" channel="4" transcriber_start="626.62" transcriber_end="640.359">
      <nite:child href="EN2001a.E.words.xml#id(EN2001a.E.words1497)..id(EN2001a.E.words1554)"/>
   </segment>
   <segment nite:id="EN2001a.sync.1,386" channel="4" transcriber_start="651.727" transcriber_end="660.648">
      <nite:child href="EN2001a.E.words.xml#id(EN2001a.E.words1555)..id(EN2001a.E.words1578)"/>
   </segment>
   <segment nite:id="EN2001a.sync.1,388" channel="4" transcriber_start="662.304" transcriber_end="686.548">
      <nite:child href="EN2001a.E.words.xml#id(EN2001a.E.words1579)..id(EN2001a.E.words1667)"/>
   </segment>
   <segment nite:id="EN2001a.sync.1,390" channel="4" transcriber_start="688.288" transcriber_end="689.987">
      <nite:child href="EN2001a.E.words.xml#id(EN2001a.E.words1668)..id(EN2001a.E.words1672)"/>
   </segment>
   <segment nite:id="EN2001a.sync.1,392" channel="4" transcriber_start="692.005" transcriber_end="696.778">
      <nite:child href="EN2001a.E.words.xml#id(EN2001a.E.words1673)..id(EN2001a.E.words1701)"/>
   </segment>
   <segment nite:id="EN2001a.sync.1,394" channel="4" transcriber_start="703.872" transcriber_end="718.305">
      <nite:child href="EN2001a.E.words.xml#id(EN2001a.E.words1702)..id(EN2001a.E.words1775)"/>
   </segment>
   <segment nite:id="EN2001a.sync.1,396" channel="4" transcriber_start="720.261" transcriber_end="720.685">
      <nite:child href="EN2001a.E.words.xml#id(EN2001a.E.words1776)..id(EN2001a.E.words1777)"/>
   </segment>
   <segment nite:id="EN2001a.sync.1,398" channel="4" transcriber_start="736.63" transcriber_end="737.113">
      <nite:child href="EN2001a.E.words.xml#id(EN2001a.E.words1778)..id(EN2001a.E.words1779)"/>
   </segment>
   <segment nite:id="EN2001a.sync.1,400" channel="4" transcriber_start="746.684" transcriber_end="764.714">
      <nite:child href="EN2001a.E.words.xml#id(EN2001a.E.words1780)..id(EN2001a.E.words1848)"/>
   </segment>
   <segment nite:id="EN2001a.sync.1,402" channel="4" transcriber_start="766.464" transcriber_end="767.012">
      <nite:child href="EN2001a.E.words.xml#id(EN2001a.E.words1849)..id(EN2001a.E.words1851)"/>
   </segment>
   <segment nite:id="EN2001a.sync.1,404" channel="4" transcriber_start="768.543" transcriber_end="768.859">
      <nite:child href="EN2001a.E.words.xml#id(EN2001a.E.words1852)..id(EN2001a.E.words1853)"/>
   </segment>
   <segment nite:id="EN2001a.sync.1,406" channel="4" transcriber_start="769.911" transcriber_end="774.515">
      <nite:child href="EN2001a.E.words.xml#id(EN2001a.E.words1854)..id(EN2001a.E.words1870)"/>
   </segment>
   <segment nite:id="EN2001a.sync.1,408" channel="4" transcriber_start="777.04" transcriber_end="792.798">
      <nite:child href="EN2001a.E.words.xml#id(EN2001a.E.words1871)..id(EN2001a.E.words1928)"/>
   </segment>
   <segment nite:id="EN2001a.sync.1,410" channel="4" transcriber_start="795.61" transcriber_end="795.959">
      <nite:child href="EN2001a.E.words.xml#id(EN2001a.E.words1929)..id(EN2001a.E.words1930)"/>
   </segment>
   <segment nite:id="EN2001a.sync.1,412" channel="4" transcriber_start="797.216" transcriber_end="797.864">
      <nite:child href="EN2001a.E.words.xml#id(EN2001a.E.words1931)..id(EN2001a.E.words1932)"/>
   </segment>
   <segment nite:id="EN2001a.sync.1,414" channel="4" transcriber_start="799.208" transcriber_end="811.183">
      <nite:child href="EN2001a.E.words.xml#id(EN2001a.E.words1933)..id(EN2001a.E.words2000)"/>
   </segment>
   <segment nite:id="EN2001a.sync.1,416" channel="4" transcriber_start="812.723" transcriber_end="814.727">
      <nite:child href="EN2001a.E.words.xml#id(EN2001a.E.words2001)..id(EN2001a.E.words2004)"/>
   </segment>
   <segment nite:id="EN2001a.sync.1,418" channel="4" transcriber_start="816.773" transcriber_end="822.544">
      <nite:child href="EN2001a.E.words.xml#id(EN2001a.E.words2005)..id(EN2001a.E.words2032)"/>
   </segment>
   <segment nite:id="EN2001a.sync.1,420" channel="4" transcriber_start="824.586" transcriber_end="830.024">
      <nite:child href="EN2001a.E.words.xml#id(EN2001a.E.words2033)..id(EN2001a.E.words2047)"/>
   </segment>
   <segment nite:id="EN2001a.sync.1,422" channel="4" transcriber_start="832.176" transcriber_end="856.055">
      <nite:child href="EN2001a.E.words.xml#id(EN2001a.E.words2048)..id(EN2001a.E.words2159)"/>
   </segment>
   <segment nite:id="EN2001a.sync.1,424" channel="4" transcriber_start="865.099" transcriber_end="865.973">
      <nite:child href="EN2001a.E.words.xml#id(EN2001a.E.words2160)..id(EN2001a.E.words2163)"/>
   </segment>
   <segment nite:id="EN2001a.sync.1,426" channel="4" transcriber_start="869.328" transcriber_end="873.273">
      <nite:child href="EN2001a.E.words.xml#id(EN2001a.E.words2164)..id(EN2001a.E.words2188)"/>
   </segment>
   <segment nite:id="EN2001a.sync.1,428" channel="4" transcriber_start="879.424" transcriber_end="891.241">
      <nite:child href="EN2001a.E.words.xml#id(EN2001a.E.words2189)..id(EN2001a.E.words2242)"/>
   </segment>
   <segment nite:id="EN2001a.sync.1,430" channel="4" transcriber_start="900.894" transcriber_end="901.692">
      <nite:child href="EN2001a.E.words.xml#id(EN2001a.E.words2243)..id(EN2001a.E.words2245)"/>
   </segment>
   <segment nite:id="EN2001a.sync.1,432" channel="4" transcriber_start="906.56" transcriber_end="906.982">
      <nite:child href="EN2001a.E.words.xml#id(EN2001a.E.words2246)..id(EN2001a.E.words2247)"/>
   </segment>
   <segment nite:id="EN2001a.sync.1,434" channel="4" transcriber_start="931.248" transcriber_end="944.543">
      <nite:child href="EN2001a.E.words.xml#id(EN2001a.E.words2248)..id(EN2001a.E.words2310)"/>
   </segment>
   <segment nite:id="EN2001a.sync.1,436" channel="4" transcriber_start="948.725" transcriber_end="958.115">
      <nite:child href="EN2001a.E.words.xml#id(EN2001a.E.words2311)..id(EN2001a.E.words2346)"/>
   </segment>
   <segment nite:id="EN2001a.sync.1,438" channel="4" transcriber_start="960.304" transcriber_end="960.868">
      <nite:child href="EN2001a.E.words.xml#id(EN2001a.E.words2347)..id(EN2001a.E.words2348)"/>
   </segment>
   <segment nite:id="EN2001a.sync.1,440" channel="4" transcriber_start="964.448" transcriber_end="967.376">
      <nite:child href="EN2001a.E.words.xml#id(EN2001a.E.words2349)..id(EN2001a.E.words2362)"/>
   </segment>
   <segment nite:id="EN2001a.sync.1,442" channel="4" transcriber_start="971.168" transcriber_end="976.881">
      <nite:child href="EN2001a.E.words.xml#id(EN2001a.E.words2363)..id(EN2001a.E.words2387)"/>
   </segment>
   <segment nite:id="EN2001a.sync.1,444" channel="4" transcriber_start="982.579" transcriber_end="989.969">
      <nite:child href="EN2001a.E.words.xml#id(EN2001a.E.words2388)..id(EN2001a.E.words2415)"/>
   </segment>
   <segment nite:id="EN2001a.sync.1,446" channel="4" transcriber_start="995.717" transcriber_end="1016.557">
      <nite:child href="EN2001a.E.words.xml#id(EN2001a.E.words2416)..id(EN2001a.E.words2506)"/>
   </segment>
   <segment nite:id="EN2001a.sync.1,448" channel="4" transcriber_start="1032.073" transcriber_end="1071.811">
      <nite:child href="EN2001a.E.words.xml#id(EN2001a.E.words2507)..id(EN2001a.E.words2678)"/>
   </segment>
   <segment nite:id="EN2001a.sync.1,450" channel="4" transcriber_start="1073.513" transcriber_end="1075.888">
      <nite:child href="EN2001a.E.words.xml#id(EN2001a.E.words2679)..id(EN2001a.E.words2690)"/>
   </segment>
   <segment nite:id="EN2001a.sync.1,452" channel="4" transcriber_start="1080.176" transcriber_end="1080.773">
      <nite:child href="EN2001a.E.words.xml#id(EN2001a.E.words2691)..id(EN2001a.E.words2692)"/>
   </segment>
   <segment nite:id="EN2001a.sync.1,454" channel="4" transcriber_start="1083.392" transcriber_end="1093.311">
      <nite:child href="EN2001a.E.words.xml#id(EN2001a.E.words2693)..id(EN2001a.E.words2728)"/>
   </segment>
   <segment nite:id="EN2001a.sync.1,456" channel="4" transcriber_start="1100.122" transcriber_end="1107.706">
      <nite:child href="EN2001a.E.words.xml#id(EN2001a.E.words2729)..id(EN2001a.E.words2767)"/>
   </segment>
   <segment nite:id="EN2001a.sync.1,458" channel="4" transcriber_start="1115.968" transcriber_end="1118.441">
      <nite:child href="EN2001a.E.words.xml#id(EN2001a.E.words2768)..id(EN2001a.E.words2774)"/>
   </segment>
   <segment nite:id="EN2001a.sync.1,460" channel="4" transcriber_start="1120.096" transcriber_end="1134.94">
      <nite:child href="EN2001a.E.words.xml#id(EN2001a.E.words2775)..id(EN2001a.E.words2829)"/>
   </segment>
   <segment nite:id="EN2001a.sync.1,462" channel="4" transcriber_start="1141.976" transcriber_end="1160.252">
      <nite:child href="EN2001a.E.words.xml#id(EN2001a.E.words2830)..id(EN2001a.E.words2904)"/>
   </segment>
   <segment nite:id="EN2001a.sync.1,464" channel="4" transcriber_start="1163.354" transcriber_end="1167.369">
      <nite:child href="EN2001a.E.words.xml#id(EN2001a.E.words2905)..id(EN2001a.E.words2927)"/>
   </segment>
   <segment nite:id="EN2001a.sync.1,466" channel="4" transcriber_start="1169.395" transcriber_end="1177.178">
      <nite:child href="EN2001a.E.words.xml#id(EN2001a.E.words2928)..id(EN2001a.E.words2957)"/>
   </segment>
   <segment nite:id="EN2001a.sync.1,468" channel="4" transcriber_start="1192.448" transcriber_end="1193.001">
      <nite:child href="EN2001a.E.words.xml#id(EN2001a.E.words2958)..id(EN2001a.E.words2959)"/>
   </segment>
   <segment nite:id="EN2001a.sync.1,470" channel="4" transcriber_start="1203.936" transcriber_end="1219.954">
      <nite:child href="EN2001a.E.words.xml#id(EN2001a.E.words2960)..id(EN2001a.E.words3015)"/>
   </segment>
   <segment nite:id="EN2001a.sync.1,472" channel="4" transcriber_start="1221.509" transcriber_end="1225.824">
      <nite:child href="EN2001a.E.words.xml#id(EN2001a.E.words3016)..id(EN2001a.E.words3022)"/>
   </segment>
   <segment nite:id="EN2001a.sync.1,474" channel="4" transcriber_start="1227.593" transcriber_end="1251.568">
      <nite:child href="EN2001a.E.words.xml#id(EN2001a.E.words3023)..id(EN2001a.E.words3093)"/>
   </segment>
   <segment nite:id="EN2001a.sync.1,476" channel="4" transcriber_start="1253.28" transcriber_end="1255.436">
      <nite:child href="EN2001a.E.words.xml#id(EN2001a.E.words3094)..id(EN2001a.E.words3104)"/>
   </segment>
   <segment nite:id="EN2001a.sync.1,478" channel="4" transcriber_start="1262.368" transcriber_end="1263.459">
      <nite:child href="EN2001a.E.words.xml#id(EN2001a.E.words3105)..id(EN2001a.E.words3110)"/>
   </segment>
   <segment nite:id="EN2001a.sync.1,480" channel="4" transcriber_start="1272.118" transcriber_end="1278.072">
      <nite:child href="EN2001a.E.words.xml#id(EN2001a.E.words3111)..id(EN2001a.E.words3136)"/>
   </segment>
   <segment nite:id="EN2001a.sync.1,482" channel="4" transcriber_start="1281.696" transcriber_end="1322.272">
      <nite:child href="EN2001a.E.words.xml#id(EN2001a.E.words3137)..id(EN2001a.E.words3290)"/>
   </segment>
   <segment nite:id="EN2001a.sync.1,484" channel="4" transcriber_start="1324.56" transcriber_end="1336.272">
      <nite:child href="EN2001a.E.words.xml#id(EN2001a.E.words3291)..id(EN2001a.E.words3329)"/>
   </segment>
   <segment nite:id="EN2001a.sync.1,486" channel="4" transcriber_start="1363.776" transcriber_end="1384.179">
      <nite:child href="EN2001a.E.words.xml#id(EN2001a.E.words3330)..id(EN2001a.E.words3399)"/>
   </segment>
   <segment nite:id="EN2001a.sync.1,488" channel="4" transcriber_start="1389.328" transcriber_end="1402.121">
      <nite:child href="EN2001a.E.words.xml#id(EN2001a.E.words3400)..id(EN2001a.E.words3452)"/>
   </segment>
   <segment nite:id="EN2001a.sync.1,490" channel="4" transcriber_start="1405.424" transcriber_end="1410.0">
      <nite:child href="EN2001a.E.words.xml#id(EN2001a.E.words3453)..id(EN2001a.E.words3468)"/>
   </segment>
   <segment nite:id="EN2001a.sync.1,492" channel="4" transcriber_start="1411.653" transcriber_end="1413.17">
      <nite:child href="EN2001a.E.words.xml#id(EN2001a.E.words3469)..id(EN2001a.E.words3474)"/>
   </segment>
   <segment nite:id="EN2001a.sync.1,494" channel="4" transcriber_start="1415.392" transcriber_end="1426.899">
      <nite:child href="EN2001a.E.words.xml#id(EN2001a.E.words3475)..id(EN2001a.E.words3512)"/>
   </segment>
   <segment nite:id="EN2001a.sync.1,496" channel="4" transcriber_start="1430.768" transcriber_end="1436.497">
      <nite:child href="EN2001a.E.words.xml#id(EN2001a.E.words3513)..id(EN2001a.E.words3539)"/>
   </segment>
   <segment nite:id="EN2001a.sync.1,498" channel="4" transcriber_start="1438.32" transcriber_end="1438.726">
      <nite:child href="EN2001a.E.words.xml#id(EN2001a.E.words3540)..id(EN2001a.E.words3541)"/>
   </segment>
   <segment nite:id="EN2001a.sync.1,500" channel="4" transcriber_start="1440.16" transcriber_end="1441.131">
      <nite:child href="EN2001a.E.words.xml#id(EN2001a.E.words3542)"/>
   </segment>
   <segment nite:id="EN2001a.sync.1,502" channel="4" transcriber_start="1442.368" transcriber_end="1449.099">
      <nite:child href="EN2001a.E.words.xml#id(EN2001a.E.words3543)..id(EN2001a.E.words3567)"/>
   </segment>
   <segment nite:id="EN2001a.sync.1,504" channel="4" transcriber_start="1454.208" transcriber_end="1462.064">
      <nite:child href="EN2001a.E.words.xml#id(EN2001a.E.words3568)..id(EN2001a.E.words3593)"/>
   </segment>
   <segment nite:id="EN2001a.sync.1,506" channel="4" transcriber_start="1463.456" transcriber_end="1491.424">
      <nite:child href="EN2001a.E.words.xml#id(EN2001a.E.words3594)..id(EN2001a.E.words3698)"/>
   </segment>
   <segment nite:id="EN2001a.sync.1,508" channel="4" transcriber_start="1495.81" transcriber_end="1502.66">
      <nite:child href="EN2001a.E.words.xml#id(EN2001a.E.words3699)..id(EN2001a.E.words3728)"/>
   </segment>
   <segment nite:id="EN2001a.sync.1,510" channel="4" transcriber_start="1505.168" transcriber_end="1537.95">
      <nite:child href="EN2001a.E.words.xml#id(EN2001a.E.words3729)..id(EN2001a.E.words3873)"/>
   </segment>
   <segment nite:id="EN2001a.sync.1,512" channel="4" transcriber_start="1540.08" transcriber_end="1556.646">
      <nite:child href="EN2001a.E.words.xml#id(EN2001a.E.words3874)..id(EN2001a.E.words3935)"/>
   </segment>
   <segment nite:id="EN2001a.sync.1,514" channel="4" transcriber_start="1576.99" transcriber_end="1580.233">
      <nite:child href="EN2001a.E.words.xml#id(EN2001a.E.words3936)..id(EN2001a.E.words3952)"/>
   </segment>
   <segment nite:id="EN2001a.sync.1,516" channel="4" transcriber_start="1582.672" transcriber_end="1585.122">
      <nite:child href="EN2001a.E.words.xml#id(EN2001a.E.words3953)..id(EN2001a.E.words3962)"/>
   </segment>
   <segment nite:id="EN2001a.sync.1,518" channel="4" transcriber_start="1588.291" transcriber_end="1619.529">
      <nite:child href="EN2001a.E.words.xml#id(EN2001a.E.words3963)..id(EN2001a.E.words4082)"/>
   </segment>
   <segment nite:id="EN2001a.sync.1,520" channel="4" transcriber_start="1646.711" transcriber_end="1665.356">
      <nite:child href="EN2001a.E.words.xml#id(EN2001a.E.words4083)..id(EN2001a.E.words4148)"/>
   </segment>
   <segment nite:id="EN2001a.sync.1,522" channel="4" transcriber_start="1670.462" transcriber_end="1673.536">
      <nite:child href="EN2001a.E.words.xml#id(EN2001a.E.words4149)..id(EN2001a.E.words4164)"/>
   </segment>
   <segment nite:id="EN2001a.sync.1,524" channel="4" transcriber_start="1675.807" transcriber_end="1682.935">
      <nite:child href="EN2001a.E.words.xml#id(EN2001a.E.words4165)..id(EN2001a.E.words4182)"/>
   </segment>
   <segment nite:id="EN2001a.sync.1,526" channel="4" transcriber_start="1687.008" transcriber_end="1687.44">
      <nite:child href="EN2001a.E.words.xml#id(EN2001a.E.words4183)..id(EN2001a.E.words4184)"/>
   </segment>
   <segment nite:id="EN2001a.sync.1,528" channel="4" transcriber_start="1693.806" transcriber_end="1694.213">
      <nite:child href="EN2001a.E.words.xml#id(EN2001a.E.words4185)..id(EN2001a.E.words4186)"/>
   </segment>
   <segment nite:id="EN2001a.sync.1,530" channel="4" transcriber_start="1700.536" transcriber_end="1701.201">
      <nite:child href="EN2001a.E.words.xml#id(EN2001a.E.words4187)..id(EN2001a.E.words4188)"/>
   </segment>
   <segment nite:id="EN2001a.sync.1,532" channel="4" transcriber_start="1702.69" transcriber_end="1703.43">
      <nite:child href="EN2001a.E.words.xml#id(EN2001a.E.words4189)..id(EN2001a.E.words4190)"/>
   </segment>
   <segment nite:id="EN2001a.sync.1,534" channel="4" transcriber_start="1706.704" transcriber_end="1708.369">
      <nite:child href="EN2001a.E.words.xml#id(EN2001a.E.words4191)..id(EN2001a.E.words4198)"/>
   </segment>
   <segment nite:id="EN2001a.sync.1,536" channel="4" transcriber_start="1711.271" transcriber_end="1717.691">
      <nite:child href="EN2001a.E.words.xml#id(EN2001a.E.words4199)..id(EN2001a.E.words4226)"/>
   </segment>
   <segment nite:id="EN2001a.sync.1,538" channel="4" transcriber_start="1719.392" transcriber_end="1744.572">
      <nite:child href="EN2001a.E.words.xml#id(EN2001a.E.words4227)..id(EN2001a.E.words4291)"/>
   </segment>
   <segment nite:id="EN2001a.sync.1,540" channel="4" transcriber_start="1747.327" transcriber_end="1755.328">
      <nite:child href="EN2001a.E.words.xml#id(EN2001a.E.words4292)..id(EN2001a.E.words4324)"/>
   </segment>
   <segment nite:id="EN2001a.sync.1,542" channel="4" transcriber_start="1761.674" transcriber_end="1768.967">
      <nite:child href="EN2001a.E.words.xml#id(EN2001a.E.words4325)..id(EN2001a.E.words4350)"/>
   </segment>
   <segment nite:id="EN2001a.sync.1,544" channel="4" transcriber_start="1774.352" transcriber_end="1775.851">
      <nite:child href="EN2001a.E.words.xml#id(EN2001a.E.words4351)..id(EN2001a.E.words4355)"/>
   </segment>
   <segment nite:id="EN2001a.sync.1,546" channel="4" transcriber_start="1781.951" transcriber_end="1788.985">
      <nite:child href="EN2001a.E.words.xml#id(EN2001a.E.words4356)..id(EN2001a.E.words4377)"/>
   </segment>
   <segment nite:id="EN2001a.sync.1,548" channel="4" transcriber_start="1798.146" transcriber_end="1800.075">
      <nite:child href="EN2001a.E.words.xml#id(EN2001a.E.words4378)..id(EN2001a.E.words4381)"/>
   </segment>
   <segment nite:id="EN2001a.sync.1,550" channel="4" transcriber_start="1812.45" transcriber_end="1819.626">
      <nite:child href="EN2001a.E.words.xml#id(EN2001a.E.words4382)..id(EN2001a.E.words4402)"/>
   </segment>
   <segment nite:id="EN2001a.sync.1,552" channel="4" transcriber_start="1823.619" transcriber_end="1824.104">
      <nite:child href="EN2001a.E.words.xml#id(EN2001a.E.words4403)..id(EN2001a.E.words4404)"/>
   </segment>
   <segment nite:id="EN2001a.sync.1,554" channel="4" transcriber_start="1826.976" transcriber_end="1840.108">
      <nite:child href="EN2001a.E.words.xml#id(EN2001a.E.words4405)..id(EN2001a.E.words4453)"/>
   </segment>
   <segment nite:id="EN2001a.sync.1,556" channel="4" transcriber_start="1841.856" transcriber_end="1847.152">
      <nite:child href="EN2001a.E.words.xml#id(EN2001a.E.words4454)..id(EN2001a.E.words4476)"/>
   </segment>
   <segment nite:id="EN2001a.sync.1,558" channel="4" transcriber_start="1848.672" transcriber_end="1849.824">
      <nite:child href="EN2001a.E.words.xml#id(EN2001a.E.words4477)..id(EN2001a.E.words4478)"/>
   </segment>
   <segment nite:id="EN2001a.sync.1,560" channel="4" transcriber_start="1851.168" transcriber_end="1870.521">
      <nite:child href="EN2001a.E.words.xml#id(EN2001a.E.words4479)..id(EN2001a.E.words4556)"/>
   </segment>
   <segment nite:id="EN2001a.sync.1,562" channel="4" transcriber_start="1884.304" transcriber_end="1892.094">
      <nite:child href="EN2001a.E.words.xml#id(EN2001a.E.words4557)..id(EN2001a.E.words4593)"/>
   </segment>
   <segment nite:id="EN2001a.sync.1,564" channel="4" transcriber_start="1893.856" transcriber_end="1894.314">
      <nite:child href="EN2001a.E.words.xml#id(EN2001a.E.words4594)..id(EN2001a.E.words4595)"/>
   </segment>
   <segment nite:id="EN2001a.sync.1,566" channel="4" transcriber_start="1896.0" transcriber_end="1914.576">
      <nite:child href="EN2001a.E.words.xml#id(EN2001a.E.words4596)..id(EN2001a.E.words4658)"/>
   </segment>
   <segment nite:id="EN2001a.sync.1,568" channel="4" transcriber_start="1916.128" transcriber_end="1931.357">
      <nite:child href="EN2001a.E.words.xml#id(EN2001a.E.words4659)..id(EN2001a.E.words4728)"/>
   </segment>
   <segment nite:id="EN2001a.sync.1,570" channel="4" transcriber_start="1943.888" transcriber_end="1949.554">
      <nite:child href="EN2001a.E.words.xml#id(EN2001a.E.words4729)..id(EN2001a.E.words4759)"/>
   </segment>
   <segment nite:id="EN2001a.sync.1,572" channel="4" transcriber_start="1952.08" transcriber_end="1964.736">
      <nite:child href="EN2001a.E.words.xml#id(EN2001a.E.words4760)..id(EN2001a.E.words4819)"/>
   </segment>
   <segment nite:id="EN2001a.sync.1,574" channel="4" transcriber_start="1966.192" transcriber_end="1980.621">
      <nite:child href="EN2001a.E.words.xml#id(EN2001a.E.words4820)..id(EN2001a.E.words4866)"/>
   </segment>
   <segment nite:id="EN2001a.sync.1,576" channel="4" transcriber_start="1986.724" transcriber_end="1987.14">
      <nite:child href="EN2001a.E.words.xml#id(EN2001a.E.words4867)..id(EN2001a.E.words4868)"/>
   </segment>
   <segment nite:id="EN2001a.sync.1,578" channel="4" transcriber_start="1990.272" transcriber_end="2028.069">
      <nite:child href="EN2001a.E.words.xml#id(EN2001a.E.words4869)..id(EN2001a.E.words5023)"/>
   </segment>
   <segment nite:id="EN2001a.sync.1,580" channel="4" transcriber_start="2030.016" transcriber_end="2050.126">
      <nite:child href="EN2001a.E.words.xml#id(EN2001a.E.words5024)..id(EN2001a.E.words5110)"/>
   </segment>
   <segment nite:id="EN2001a.sync.1,582" channel="4" transcriber_start="2054.109" transcriber_end="2054.483">
      <nite:child href="EN2001a.E.words.xml#id(EN2001a.E.words5111)..id(EN2001a.E.words5112)"/>
   </segment>
   <segment nite:id="EN2001a.sync.1,584" channel="4" transcriber_start="2057.126" transcriber_end="2083.395">
      <nite:child href="EN2001a.E.words.xml#id(EN2001a.E.words5113)..id(EN2001a.E.words5216)"/>
   </segment>
   <segment nite:id="EN2001a.sync.1,586" channel="4" transcriber_start="2108.6" transcriber_end="2110.505">
      <nite:child href="EN2001a.E.words.xml#id(EN2001a.E.words5217)..id(EN2001a.E.words5225)"/>
   </segment>
   <segment nite:id="EN2001a.sync.1,588" channel="4" transcriber_start="2113.168" transcriber_end="2144.633">
      <nite:child href="EN2001a.E.words.xml#id(EN2001a.E.words5226)..id(EN2001a.E.words5339)"/>
   </segment>
   <segment nite:id="EN2001a.sync.1,590" channel="4" transcriber_start="2153.68" transcriber_end="2154.105">
      <nite:child href="EN2001a.E.words.xml#id(EN2001a.E.words5340)..id(EN2001a.E.words5341)"/>
   </segment>
   <segment nite:id="EN2001a.sync.1,592" channel="4" transcriber_start="2158.032" transcriber_end="2171.987">
      <nite:child href="EN2001a.E.words.xml#id(EN2001a.E.words5342)..id(EN2001a.E.words5394)"/>
   </segment>
   <segment nite:id="EN2001a.sync.1,594" channel="4" transcriber_start="2176.512" transcriber_end="2177.192">
      <nite:child href="EN2001a.E.words.xml#id(EN2001a.E.words5395)..id(EN2001a.E.words5396)"/>
   </segment>
   <segment nite:id="EN2001a.sync.1,596" channel="4" transcriber_start="2179.024" transcriber_end="2207.978">
      <nite:child href="EN2001a.E.words.xml#id(EN2001a.E.words5397)..id(EN2001a.E.words5507)"/>
   </segment>
   <segment nite:id="EN2001a.sync.1,598" channel="4" transcriber_start="2211.605" transcriber_end="2236.182">
      <nite:child href="EN2001a.E.words.xml#id(EN2001a.E.words5508)..id(EN2001a.E.words5596)"/>
   </segment>
   <segment nite:id="EN2001a.sync.1,600" channel="4" transcriber_start="2259.584" transcriber_end="2261.86">
      <nite:child href="EN2001a.E.words.xml#id(EN2001a.E.words5597)..id(EN2001a.E.words5608)"/>
   </segment>
   <segment nite:id="EN2001a.sync.1,602" channel="4" transcriber_start="2263.824" transcriber_end="2264.355">
      <nite:child href="EN2001a.E.words.xml#id(EN2001a.E.words5609)..id(EN2001a.E.words5610)"/>
   </segment>
   <segment nite:id="EN2001a.sync.1,604" channel="4" transcriber_start="2266.317" transcriber_end="2267.016">
      <nite:child href="EN2001a.E.words.xml#id(EN2001a.E.words5611)..id(EN2001a.E.words5612)"/>
   </segment>
   <segment nite:id="EN2001a.sync.1,606" channel="4" transcriber_start="2274.4" transcriber_end="2277.488">
      <nite:child href="EN2001a.E.words.xml#id(EN2001a.E.words5613)..id(EN2001a.E.words5630)"/>
   </segment>
   <segment nite:id="EN2001a.sync.1,608" channel="4" transcriber_start="2282.32" transcriber_end="2305.472">
      <nite:child href="EN2001a.E.words.xml#id(EN2001a.E.words5631)..id(EN2001a.E.words5714)"/>
   </segment>
   <segment nite:id="EN2001a.sync.1,610" channel="4" transcriber_start="2312.39" transcriber_end="2326.45">
      <nite:child href="EN2001a.E.words.xml#id(EN2001a.E.words5715)..id(EN2001a.E.words5771)"/>
   </segment>
   <segment nite:id="EN2001a.sync.1,612" channel="4" transcriber_start="2332.287" transcriber_end="2332.769">
      <nite:child href="EN2001a.E.words.xml#id(EN2001a.E.words5772)..id(EN2001a.E.words5773)"/>
   </segment>
   <segment nite:id="EN2001a.sync.1,614" channel="4" transcriber_start="2344.56" transcriber_end="2345.041">
      <nite:child href="EN2001a.E.words.xml#id(EN2001a.E.words5774)..id(EN2001a.E.words5775)"/>
   </segment>
   <segment nite:id="EN2001a.sync.1,616" channel="4" transcriber_start="2355.232" transcriber_end="2358.122">
      <nite:child href="EN2001a.E.words.xml#id(EN2001a.E.words5776)..id(EN2001a.E.words5789)"/>
   </segment>
   <segment nite:id="EN2001a.sync.1,618" channel="4" transcriber_start="2362.07" transcriber_end="2362.56">
      <nite:child href="EN2001a.E.words.xml#id(EN2001a.E.words5790)..id(EN2001a.E.words5791)"/>
   </segment>
   <segment nite:id="EN2001a.sync.1,620" channel="4" transcriber_start="2365.52" transcriber_end="2365.969">
      <nite:child href="EN2001a.E.words.xml#id(EN2001a.E.words5792)..id(EN2001a.E.words5793)"/>
   </segment>
   <segment nite:id="EN2001a.sync.1,622" channel="4" transcriber_start="2371.296" transcriber_end="2380.528">
      <nite:child href="EN2001a.E.words.xml#id(EN2001a.E.words5794)..id(EN2001a.E.words5813)"/>
   </segment>
   <segment nite:id="EN2001a.sync.1,624" channel="4" transcriber_start="2382.0" transcriber_end="2382.338">
      <nite:child href="EN2001a.E.words.xml#id(EN2001a.E.words5814)..id(EN2001a.E.words5815)"/>
   </segment>
   <segment nite:id="EN2001a.sync.1,626" channel="4" transcriber_start="2383.533" transcriber_end="2389.936">
      <nite:child href="EN2001a.E.words.xml#id(EN2001a.E.words5816)..id(EN2001a.E.words5844)"/>
   </segment>
   <segment nite:id="EN2001a.sync.1,628" channel="4" transcriber_start="2393.96" transcriber_end="2402.225">
      <nite:child href="EN2001a.E.words.xml#id(EN2001a.E.words5845)..id(EN2001a.E.words5872)"/>
   </segment>
   <segment nite:id="EN2001a.sync.1,630" channel="4" transcriber_start="2407.328" transcriber_end="2420.272">
      <nite:child href="EN2001a.E.words.xml#id(EN2001a.E.words5873)..id(EN2001a.E.words5916)"/>
   </segment>
   <segment nite:id="EN2001a.sync.1,632" channel="4" transcriber_start="2425.344" transcriber_end="2426.335">
      <nite:child href="EN2001a.E.words.xml#id(EN2001a.E.words5917)..id(EN2001a.E.words5919)"/>
   </segment>
   <segment nite:id="EN2001a.sync.1,634" channel="4" transcriber_start="2430.528" transcriber_end="2432.172">
      <nite:child href="EN2001a.E.words.xml#id(EN2001a.E.words5920)..id(EN2001a.E.words5925)"/>
   </segment>
   <segment nite:id="EN2001a.sync.1,636" channel="4" transcriber_start="2433.6" transcriber_end="2434.309">
      <nite:child href="EN2001a.E.words.xml#id(EN2001a.E.words5926)..id(EN2001a.E.words5927)"/>
   </segment>
   <segment nite:id="EN2001a.sync.1,638" channel="4" transcriber_start="2436.112" transcriber_end="2447.28">
      <nite:child href="EN2001a.E.words.xml#id(EN2001a.E.words5928)..id(EN2001a.E.words5975)"/>
   </segment>
   <segment nite:id="EN2001a.sync.1,640" channel="4" transcriber_start="2457.488" transcriber_end="2460.497">
      <nite:child href="EN2001a.E.words.xml#id(EN2001a.E.words5976)..id(EN2001a.E.words5988)"/>
   </segment>
   <segment nite:id="EN2001a.sync.1,642" channel="4" transcriber_start="2468.56" transcriber_end="2504.115">
      <nite:child href="EN2001a.E.words.xml#id(EN2001a.E.words5989)..id(EN2001a.E.words6145)"/>
   </segment>
   <segment nite:id="EN2001a.sync.1,644" channel="4" transcriber_start="2514.672" transcriber_end="2520.592">
      <nite:child href="EN2001a.E.words.xml#id(EN2001a.E.words6146)..id(EN2001a.E.words6171)"/>
   </segment>
   <segment nite:id="EN2001a.sync.1,646" channel="4" transcriber_start="2522.464" transcriber_end="2524.832">
      <nite:child href="EN2001a.E.words.xml#id(EN2001a.E.words6172)..id(EN2001a.E.words6180)"/>
   </segment>
   <segment nite:id="EN2001a.sync.1,648" channel="4" transcriber_start="2526.064" transcriber_end="2526.672">
      <nite:child href="EN2001a.E.words.xml#id(EN2001a.E.words6181)..id(EN2001a.E.words6182)"/>
   </segment>
   <segment nite:id="EN2001a.sync.1,650" channel="4" transcriber_start="2530.768" transcriber_end="2536.416">
      <nite:child href="EN2001a.E.words.xml#id(EN2001a.E.words6183)..id(EN2001a.E.words6204)"/>
   </segment>
   <segment nite:id="EN2001a.sync.1,652" channel="4" transcriber_start="2540.79" transcriber_end="2547.608">
      <nite:child href="EN2001a.E.words.xml#id(EN2001a.E.words6205)..id(EN2001a.E.words6231)"/>
   </segment>
   <segment nite:id="EN2001a.sync.1,654" channel="4" transcriber_start="2550.352" transcriber_end="2552.36">
      <nite:child href="EN2001a.E.words.xml#id(EN2001a.E.words6232)..id(EN2001a.E.words6243)"/>
   </segment>
   <segment nite:id="EN2001a.sync.1,656" channel="4" transcriber_start="2558.048" transcriber_end="2558.496">
      <nite:child href="EN2001a.E.words.xml#id(EN2001a.E.words6244)..id(EN2001a.E.words6245)"/>
   </segment>
   <segment nite:id="EN2001a.sync.1,658" channel="4" transcriber_start="2559.631" transcriber_end="2561.751">
      <nite:child href="EN2001a.E.words.xml#id(EN2001a.E.words6246)..id(EN2001a.E.words6257)"/>
   </segment>
   <segment nite:id="EN2001a.sync.1,660" channel="4" transcriber_start="2562.864" transcriber_end="2563.137">
      <nite:child href="EN2001a.E.words.xml#id(EN2001a.E.words6258)..id(EN2001a.E.words6259)"/>
   </segment>
   <segment nite:id="EN2001a.sync.1,662" channel="4" transcriber_start="2565.04" transcriber_end="2567.121">
      <nite:child href="EN2001a.E.words.xml#id(EN2001a.E.words6260)..id(EN2001a.E.words6269)"/>
   </segment>
   <segment nite:id="EN2001a.sync.1,664" channel="4" transcriber_start="2573.179" transcriber_end="2576.737">
      <nite:child href="EN2001a.E.words.xml#id(EN2001a.E.words6270)..id(EN2001a.E.words6285)"/>
   </segment>
   <segment nite:id="EN2001a.sync.1,666" channel="4" transcriber_start="2578.32" transcriber_end="2579.05">
      <nite:child href="EN2001a.E.words.xml#id(EN2001a.E.words6286)..id(EN2001a.E.words6289)"/>
   </segment>
   <segment nite:id="EN2001a.sync.1,668" channel="4" transcriber_start="2580.256" transcriber_end="2581.888">
      <nite:child href="EN2001a.E.words.xml#id(EN2001a.E.words6290)..id(EN2001a.E.words6298)"/>
   </segment>
   <segment nite:id="EN2001a.sync.1,670" channel="4" transcriber_start="2590.48" transcriber_end="2593.5">
      <nite:child href="EN2001a.E.words.xml#id(EN2001a.E.words6299)..id(EN2001a.E.words6313)"/>
   </segment>
   <segment nite:id="EN2001a.sync.1,672" channel="4" transcriber_start="2608.88" transcriber_end="2627.415">
      <nite:child href="EN2001a.E.words.xml#id(EN2001a.E.words6314)..id(EN2001a.E.words6376)"/>
   </segment>
   <segment nite:id="EN2001a.sync.1,674" channel="4" transcriber_start="2639.264" transcriber_end="2649.996">
      <nite:child href="EN2001a.E.words.xml#id(EN2001a.E.words6377)..id(EN2001a.E.words6432)"/>
   </segment>
   <segment nite:id="EN2001a.sync.1,676" channel="4" transcriber_start="2710.458" transcriber_end="2711.281">
      <nite:child href="EN2001a.E.words.xml#id(EN2001a.E.words6433)"/>
   </segment>
   <segment nite:id="EN2001a.sync.1,678" channel="4" transcriber_start="2745.088" transcriber_end="2747.136">
      <nite:child href="EN2001a.E.words.xml#id(EN2001a.E.words6434)..id(EN2001a.E.words6440)"/>
   </segment>
   <segment nite:id="EN2001a.sync.1,680" channel="4" transcriber_start="2753.824" transcriber_end="2761.072">
      <nite:child href="EN2001a.E.words.xml#id(EN2001a.E.words6441)..id(EN2001a.E.words6472)"/>
   </segment>
   <segment nite:id="EN2001a.sync.1,682" channel="4" transcriber_start="2762.472" transcriber_end="2763.153">
      <nite:child href="EN2001a.E.words.xml#id(EN2001a.E.words6473)..id(EN2001a.E.words6474)"/>
   </segment>
   <segment nite:id="EN2001a.sync.1,684" channel="4" transcriber_start="2768.448" transcriber_end="2789.909">
      <nite:child href="EN2001a.E.words.xml#id(EN2001a.E.words6475)..id(EN2001a.E.words6540)"/>
   </segment>
   <segment nite:id="EN2001a.sync.1,686" channel="4" transcriber_start="2794.221" transcriber_end="2811.155">
      <nite:child href="EN2001a.E.words.xml#id(EN2001a.E.words6541)..id(EN2001a.E.words6598)"/>
   </segment>
   <segment nite:id="EN2001a.sync.1,688" channel="4" transcriber_start="2813.136" transcriber_end="2813.75">
      <nite:child href="EN2001a.E.words.xml#id(EN2001a.E.words6599)..id(EN2001a.E.words6601)"/>
   </segment>
   <segment nite:id="EN2001a.sync.1,690" channel="4" transcriber_start="2816.491" transcriber_end="2819.918">
      <nite:child href="EN2001a.E.words.xml#id(EN2001a.E.words6602)..id(EN2001a.E.words6617)"/>
   </segment>
   <segment nite:id="EN2001a.sync.1,692" channel="4" transcriber_start="2823.02" transcriber_end="2843.275">
      <nite:child href="EN2001a.E.words.xml#id(EN2001a.E.words6618)..id(EN2001a.E.words6692)"/>
   </segment>
   <segment nite:id="EN2001a.sync.1,694" channel="4" transcriber_start="2862.593" transcriber_end="2890.279">
      <nite:child href="EN2001a.E.words.xml#id(EN2001a.E.words6693)..id(EN2001a.E.words6797)"/>
   </segment>
   <segment nite:id="EN2001a.sync.1,696" channel="4" transcriber_start="2896.8" transcriber_end="2897.214">
      <nite:child href="EN2001a.E.words.xml#id(EN2001a.E.words6798)..id(EN2001a.E.words6799)"/>
   </segment>
   <segment nite:id="EN2001a.sync.1,698" channel="4" transcriber_start="2900.024" transcriber_end="2900.473">
      <nite:child href="EN2001a.E.words.xml#id(EN2001a.E.words6800)..id(EN2001a.E.words6801)"/>
   </segment>
   <segment nite:id="EN2001a.sync.1,700" channel="4" transcriber_start="2904.176" transcriber_end="2906.476">
      <nite:child href="EN2001a.E.words.xml#id(EN2001a.E.words6802)..id(EN2001a.E.words6811)"/>
   </segment>
   <segment nite:id="EN2001a.sync.1,702" channel="4" transcriber_start="2909.616" transcriber_end="2918.703">
      <nite:child href="EN2001a.E.words.xml#id(EN2001a.E.words6812)..id(EN2001a.E.words6849)"/>
   </segment>
   <segment nite:id="EN2001a.sync.1,704" channel="4" transcriber_start="2924.4" transcriber_end="2937.008">
      <nite:child href="EN2001a.E.words.xml#id(EN2001a.E.words6850)..id(EN2001a.E.words6889)"/>
   </segment>
   <segment nite:id="EN2001a.sync.1,706" channel="4" transcriber_start="2990.582" transcriber_end="2990.917">
      <nite:child href="EN2001a.E.words.xml#id(EN2001a.E.words6890)"/>
   </segment>
   <segment nite:id="EN2001a.sync.1,708" channel="4" transcriber_start="2996.992" transcriber_end="2998.851">
      <nite:child href="EN2001a.E.words.xml#id(EN2001a.E.words6891)..id(EN2001a.E.words6899)"/>
   </segment>
   <segment nite:id="EN2001a.sync.1,710" channel="4" transcriber_start="3000.928" transcriber_end="3025.45">
      <nite:child href="EN2001a.E.words.xml#id(EN2001a.E.words6900)..id(EN2001a.E.words6991)"/>
   </segment>
   <segment nite:id="EN2001a.sync.1,712" channel="4" transcriber_start="3030.524" transcriber_end="3044.807">
      <nite:child href="EN2001a.E.words.xml#id(EN2001a.E.words6992)..id(EN2001a.E.words7052)"/>
   </segment>
   <segment nite:id="EN2001a.sync.1,714" channel="4" transcriber_start="3064.413" transcriber_end="3065.02">
      <nite:child href="EN2001a.E.words.xml#id(EN2001a.E.words7053)..id(EN2001a.E.words7054)"/>
   </segment>
   <segment nite:id="EN2001a.sync.1,716" channel="4" transcriber_start="3073.984" transcriber_end="3082.56">
      <nite:child href="EN2001a.E.words.xml#id(EN2001a.E.words7055)..id(EN2001a.E.words7084)"/>
   </segment>
   <segment nite:id="EN2001a.sync.1,718" channel="4" transcriber_start="3086.477" transcriber_end="3092.132">
      <nite:child href="EN2001a.E.words.xml#id(EN2001a.E.words7085)..id(EN2001a.E.words7107)"/>
   </segment>
   <segment nite:id="EN2001a.sync.1,720" channel="4" transcriber_start="3094.192" transcriber_end="3096.402">
      <nite:child href="EN2001a.E.words.xml#id(EN2001a.E.words7108)..id(EN2001a.E.words7120)"/>
   </segment>
   <segment nite:id="EN2001a.sync.1,722" channel="4" transcriber_start="3099.567" transcriber_end="3116.372">
      <nite:child href="EN2001a.E.words.xml#id(EN2001a.E.words7121)..id(EN2001a.E.words7203)"/>
   </segment>
   <segment nite:id="EN2001a.sync.1,724" channel="4" transcriber_start="3127.792" transcriber_end="3150.4">
      <nite:child href="EN2001a.E.words.xml#id(EN2001a.E.words7204)..id(EN2001a.E.words7291)"/>
   </segment>
   <segment nite:id="EN2001a.sync.1,726" channel="4" transcriber_start="3151.856" transcriber_end="3169.886">
      <nite:child href="EN2001a.E.words.xml#id(EN2001a.E.words7292)..id(EN2001a.E.words7380)"/>
   </segment>
   <segment nite:id="EN2001a.sync.1,728" channel="4" transcriber_start="3174.094" transcriber_end="3177.68">
      <nite:child href="EN2001a.E.words.xml#id(EN2001a.E.words7381)..id(EN2001a.E.words7396)"/>
   </segment>
   <segment nite:id="EN2001a.sync.1,730" channel="4" transcriber_start="3185.628" transcriber_end="3191.744">
      <nite:child href="EN2001a.E.words.xml#id(EN2001a.E.words7397)..id(EN2001a.E.words7426)"/>
   </segment>
   <segment nite:id="EN2001a.sync.1,732" channel="4" transcriber_start="3193.594" transcriber_end="3194.317">
      <nite:child href="EN2001a.E.words.xml#id(EN2001a.E.words7427)..id(EN2001a.E.words7428)"/>
   </segment>
   <segment nite:id="EN2001a.sync.1,734" channel="4" transcriber_start="3197.408" transcriber_end="3212.902">
      <nite:child href="EN2001a.E.words.xml#id(EN2001a.E.words7429)..id(EN2001a.E.words7495)"/>
   </segment>
   <segment nite:id="EN2001a.sync.1,736" channel="4" transcriber_start="3218.624" transcriber_end="3220.752">
      <nite:child href="EN2001a.E.words.xml#id(EN2001a.E.words7496)..id(EN2001a.E.words7504)"/>
   </segment>
   <segment nite:id="EN2001a.sync.1,738" channel="4" transcriber_start="3223.024" transcriber_end="3225.058">
      <nite:child href="EN2001a.E.words.xml#id(EN2001a.E.words7505)..id(EN2001a.E.words7515)"/>
   </segment>
   <segment nite:id="EN2001a.sync.1,740" channel="4" transcriber_start="3226.784" transcriber_end="3234.962">
      <nite:child href="EN2001a.E.words.xml#id(EN2001a.E.words7516)..id(EN2001a.E.words7553)"/>
   </segment>
   <segment nite:id="EN2001a.sync.1,742" channel="4" transcriber_start="3236.352" transcriber_end="3247.859">
      <nite:child href="EN2001a.E.words.xml#id(EN2001a.E.words7554)..id(EN2001a.E.words7600)"/>
   </segment>
   <segment nite:id="EN2001a.sync.1,744" channel="4" transcriber_start="3249.815" transcriber_end="3261.919">
      <nite:child href="EN2001a.E.words.xml#id(EN2001a.E.words7601)..id(EN2001a.E.words7643)"/>
   </segment>
   <segment nite:id="EN2001a.sync.1,746" channel="4" transcriber_start="3266.064" transcriber_end="3272.432">
      <nite:child href="EN2001a.E.words.xml#id(EN2001a.E.words7644)..id(EN2001a.E.words7666)"/>
   </segment>
   <segment nite:id="EN2001a.sync.1,748" channel="4" transcriber_start="3282.464" transcriber_end="3286.081">
      <nite:child href="EN2001a.E.words.xml#id(EN2001a.E.words7667)..id(EN2001a.E.words7681)"/>
   </segment>
   <segment nite:id="EN2001a.sync.1,750" channel="4" transcriber_start="3289.584" transcriber_end="3299.437">
      <nite:child href="EN2001a.E.words.xml#id(EN2001a.E.words7682)..id(EN2001a.E.words7713)"/>
   </segment>
   <segment nite:id="EN2001a.sync.1,752" channel="4" transcriber_start="3301.472" transcriber_end="3307.29">
      <nite:child href="EN2001a.E.words.xml#id(EN2001a.E.words7714)..id(EN2001a.E.words7747)"/>
   </segment>
   <segment nite:id="EN2001a.sync.1,754" channel="4" transcriber_start="3310.336" transcriber_end="3310.733">
      <nite:child href="EN2001a.E.words.xml#id(EN2001a.E.words7748)..id(EN2001a.E.words7749)"/>
   </segment>
   <segment nite:id="EN2001a.sync.1,756" channel="4" transcriber_start="3315.776" transcriber_end="3316.849">
      <nite:child href="EN2001a.E.words.xml#id(EN2001a.E.words7750)..id(EN2001a.E.words7754)"/>
   </segment>
   <segment nite:id="EN2001a.sync.1,758" channel="4" transcriber_start="3318.468" transcriber_end="3337.057">
      <nite:child href="EN2001a.E.words.xml#id(EN2001a.E.words7755)..id(EN2001a.E.words7830)"/>
   </segment>
   <segment nite:id="EN2001a.sync.1,760" channel="4" transcriber_start="3361.476" transcriber_end="3362.073">
      <nite:child href="EN2001a.E.words.xml#id(EN2001a.E.words7831)..id(EN2001a.E.words7833)"/>
   </segment>
   <segment nite:id="EN2001a.sync.1,762" channel="4" transcriber_start="3367.968" transcriber_end="3368.459">
      <nite:child href="EN2001a.E.words.xml#id(EN2001a.E.words7834)..id(EN2001a.E.words7835)"/>
   </segment>
   <segment nite:id="EN2001a.sync.1,764" channel="4" transcriber_start="3384.648" transcriber_end="3386.319">
      <nite:child href="EN2001a.E.words.xml#id(EN2001a.E.words7836)..id(EN2001a.E.words7839)"/>
   </segment>
   <segment nite:id="EN2001a.sync.1,766" channel="4" transcriber_start="3388.832" transcriber_end="3399.5">
      <nite:child href="EN2001a.E.words.xml#id(EN2001a.E.words7840)..id(EN2001a.E.words7871)"/>
   </segment>
   <segment nite:id="EN2001a.sync.1,768" channel="4" transcriber_start="3403.707" transcriber_end="3406.929">
      <nite:child href="EN2001a.E.words.xml#id(EN2001a.E.words7872)..id(EN2001a.E.words7890)"/>
   </segment>
   <segment nite:id="EN2001a.sync.1,770" channel="4" transcriber_start="3419.845" transcriber_end="3421.042">
      <nite:child href="EN2001a.E.words.xml#id(EN2001a.E.words7891)..id(EN2001a.E.words7895)"/>
   </segment>
   <segment nite:id="EN2001a.sync.1,772" channel="4" transcriber_start="3421.795" transcriber_end="3422.019">
      <nite:child href="EN2001a.E.words.xml#id(EN2001a.E.words7896)"/>
   </segment>
   <segment nite:id="EN2001a.sync.1,774" channel="4" transcriber_start="3422.58" transcriber_end="3424.617">
      <nite:child href="EN2001a.E.words.xml#id(EN2001a.E.words7897)..id(EN2001a.E.words7907)"/>
   </segment>
   <segment nite:id="EN2001a.sync.1,776" channel="4" transcriber_start="3469.072" transcriber_end="3493.169">
      <nite:child href="EN2001a.E.words.xml#id(EN2001a.E.words7908)..id(EN2001a.E.words7999)"/>
   </segment>
   <segment nite:id="EN2001a.sync.1,778" channel="4" transcriber_start="3498.384" transcriber_end="3517.462">
      <nite:child href="EN2001a.E.words.xml#id(EN2001a.E.words8000)..id(EN2001a.E.words8082)"/>
   </segment>
   <segment nite:id="EN2001a.sync.1,780" channel="4" transcriber_start="3537.088" transcriber_end="3539.177">
      <nite:child href="EN2001a.E.words.xml#id(EN2001a.E.words8083)..id(EN2001a.E.words8091)"/>
   </segment>
   <segment nite:id="EN2001a.sync.1,782" channel="4" transcriber_start="3552.608" transcriber_end="3563.328">
      <nite:child href="EN2001a.E.words.xml#id(EN2001a.E.words8092)..id(EN2001a.E.words8132)"/>
   </segment>
   <segment nite:id="EN2001a.sync.1,784" channel="4" transcriber_start="3572.112" transcriber_end="3574.521">
      <nite:child href="EN2001a.E.words.xml#id(EN2001a.E.words8133)..id(EN2001a.E.words8141)"/>
   </segment>
   <segment nite:id="EN2001a.sync.1,786" channel="4" transcriber_start="3578.944" transcriber_end="3579.616">
      <nite:child href="EN2001a.E.words.xml#id(EN2001a.E.words8142)..id(EN2001a.E.words8143)"/>
   </segment>
   <segment nite:id="EN2001a.sync.1,788" channel="4" transcriber_start="3582.32" transcriber_end="3594.833">
      <nite:child href="EN2001a.E.words.xml#id(EN2001a.E.words8144)..id(EN2001a.E.words8207)"/>
   </segment>
   <segment nite:id="EN2001a.sync.1,790" channel="4" transcriber_start="3596.537" transcriber_end="3602.869">
      <nite:child href="EN2001a.E.words.xml#id(EN2001a.E.words8208)..id(EN2001a.E.words8235)"/>
   </segment>
   <segment nite:id="EN2001a.sync.1,792" channel="4" transcriber_start="3639.504" transcriber_end="3658.72">
      <nite:child href="EN2001a.E.words.xml#id(EN2001a.E.words8236)..id(EN2001a.E.words8286)"/>
   </segment>
   <segment nite:id="EN2001a.sync.1,794" channel="4" transcriber_start="3698.528" transcriber_end="3709.443">
      <nite:child href="EN2001a.E.words.xml#id(EN2001a.E.words8287)..id(EN2001a.E.words8316)"/>
   </segment>
   <segment nite:id="EN2001a.sync.1,796" channel="4" transcriber_start="3720.449" transcriber_end="3729.562">
      <nite:child href="EN2001a.E.words.xml#id(EN2001a.E.words8317)..id(EN2001a.E.words8349)"/>
   </segment>
   <segment nite:id="EN2001a.sync.1,798" channel="4" transcriber_start="3739.104" transcriber_end="3747.152">
      <nite:child href="EN2001a.E.words.xml#id(EN2001a.E.words8350)..id(EN2001a.E.words8385)"/>
   </segment>
   <segment nite:id="EN2001a.sync.1,800" channel="4" transcriber_start="3749.648" transcriber_end="3764.325">
      <nite:child href="EN2001a.E.words.xml#id(EN2001a.E.words8386)..id(EN2001a.E.words8425)"/>
   </segment>
   <segment nite:id="EN2001a.sync.1,802" channel="4" transcriber_start="3771.536" transcriber_end="3781.246">
      <nite:child href="EN2001a.E.words.xml#id(EN2001a.E.words8426)..id(EN2001a.E.words8461)"/>
   </segment>
   <segment nite:id="EN2001a.sync.1,804" channel="4" transcriber_start="3783.376" transcriber_end="3784.131">
      <nite:child href="EN2001a.E.words.xml#id(EN2001a.E.words8462)..id(EN2001a.E.words8465)"/>
   </segment>
   <segment nite:id="EN2001a.sync.1,806" channel="4" transcriber_start="3785.392" transcriber_end="3785.834">
      <nite:child href="EN2001a.E.words.xml#id(EN2001a.E.words8466)..id(EN2001a.E.words8467)"/>
   </segment>
   <segment nite:id="EN2001a.sync.1,808" channel="4" transcriber_start="3792.208" transcriber_end="3794.112">
      <nite:child href="EN2001a.E.words.xml#id(EN2001a.E.words8468)..id(EN2001a.E.words8471)"/>
   </segment>
   <segment nite:id="EN2001a.sync.1,810" channel="4" transcriber_start="3803.984" transcriber_end="3814.804">
      <nite:child href="EN2001a.E.words.xml#id(EN2001a.E.words8472)..id(EN2001a.E.words8507)"/>
   </segment>
   <segment nite:id="EN2001a.sync.1,812" channel="4" transcriber_start="3826.064" transcriber_end="3831.872">
      <nite:child href="EN2001a.E.words.xml#id(EN2001a.E.words8508)..id(EN2001a.E.words8528)"/>
   </segment>
   <segment nite:id="EN2001a.sync.1,814" channel="4" transcriber_start="3842.208" transcriber_end="3842.824">
      <nite:child href="EN2001a.E.words.xml#id(EN2001a.E.words8529)..id(EN2001a.E.words8530)"/>
   </segment>
   <segment nite:id="EN2001a.sync.1,816" channel="4" transcriber_start="3848.224" transcriber_end="3851.152">
      <nite:child href="EN2001a.E.words.xml#id(EN2001a.E.words8531)..id(EN2001a.E.words8550)"/>
   </segment>
   <segment nite:id="EN2001a.sync.1,818" channel="4" transcriber_start="3853.376" transcriber_end="3855.328">
      <nite:child href="EN2001a.E.words.xml#id(EN2001a.E.words8551)..id(EN2001a.E.words8558)"/>
   </segment>
   <segment nite:id="EN2001a.sync.1,820" channel="4" transcriber_start="3869.568" transcriber_end="3870.157">
      <nite:child href="EN2001a.E.words.xml#id(EN2001a.E.words8559)..id(EN2001a.E.words8560)"/>
   </segment>
   <segment nite:id="EN2001a.sync.1,822" channel="4" transcriber_start="3872.224" transcriber_end="3904.336">
      <nite:child href="EN2001a.E.words.xml#id(EN2001a.E.words8561)..id(EN2001a.E.words8669)"/>
   </segment>
   <segment nite:id="EN2001a.sync.1,824" channel="4" transcriber_start="3934.048" transcriber_end="3934.457">
      <nite:child href="EN2001a.E.words.xml#id(EN2001a.E.words8670)..id(EN2001a.E.words8671)"/>
   </segment>
   <segment nite:id="EN2001a.sync.1,826" channel="4" transcriber_start="3937.488" transcriber_end="3940.523">
      <nite:child href="EN2001a.E.words.xml#id(EN2001a.E.words8672)..id(EN2001a.E.words8680)"/>
   </segment>
   <segment nite:id="EN2001a.sync.1,828" channel="4" transcriber_start="3947.296" transcriber_end="3949.401">
      <nite:child href="EN2001a.E.words.xml#id(EN2001a.E.words8681)..id(EN2001a.E.words8691)"/>
   </segment>
   <segment nite:id="EN2001a.sync.1,830" channel="4" transcriber_start="3964.764" transcriber_end="3965.297">
      <nite:child href="EN2001a.E.words.xml#id(EN2001a.E.words8692)..id(EN2001a.E.words8693)"/>
   </segment>
   <segment nite:id="EN2001a.sync.1,832" channel="4" transcriber_start="3968.24" transcriber_end="3968.658">
      <nite:child href="EN2001a.E.words.xml#id(EN2001a.E.words8694)..id(EN2001a.E.words8695)"/>
   </segment>
   <segment nite:id="EN2001a.sync.1,834" channel="4" transcriber_start="3991.328" transcriber_end="3991.753">
      <nite:child href="EN2001a.E.words.xml#id(EN2001a.E.words8696)..id(EN2001a.E.words8697)"/>
   </segment>
   <segment nite:id="EN2001a.sync.1,836" channel="4" transcriber_start="4015.856" transcriber_end="4021.12">
      <nite:child href="EN2001a.E.words.xml#id(EN2001a.E.words8698)..id(EN2001a.E.words8717)"/>
   </segment>
   <segment nite:id="EN2001a.sync.1,838" channel="4" transcriber_start="4023.392" transcriber_end="4029.657">
      <nite:child href="EN2001a.E.words.xml#id(EN2001a.E.words8718)..id(EN2001a.E.words8748)"/>
   </segment>
   <segment nite:id="EN2001a.sync.1,840" channel="4" transcriber_start="4035.728" transcriber_end="4036.134">
      <nite:child href="EN2001a.E.words.xml#id(EN2001a.E.words8749)..id(EN2001a.E.words8750)"/>
   </segment>
   <segment nite:id="EN2001a.sync.1,842" channel="4" transcriber_start="4040.528" transcriber_end="4051.261">
      <nite:child href="EN2001a.E.words.xml#id(EN2001a.E.words8751)..id(EN2001a.E.words8783)"/>
   </segment>
   <segment nite:id="EN2001a.sync.1,844" channel="4" transcriber_start="4072.624" transcriber_end="4081.709">
      <nite:child href="EN2001a.E.words.xml#id(EN2001a.E.words8784)..id(EN2001a.E.words8821)"/>
   </segment>
   <segment nite:id="EN2001a.sync.1,846" channel="4" transcriber_start="4086.608" transcriber_end="4092.189">
      <nite:child href="EN2001a.E.words.xml#id(EN2001a.E.words8822)..id(EN2001a.E.words8836)"/>
   </segment>
   <segment nite:id="EN2001a.sync.1,848" channel="4" transcriber_start="4095.031" transcriber_end="4096.335">
      <nite:child href="EN2001a.E.words.xml#id(EN2001a.E.words8837)"/>
   </segment>
   <segment nite:id="EN2001a.sync.1,850" channel="4" transcriber_start="4102.928" transcriber_end="4114.984">
      <nite:child href="EN2001a.E.words.xml#id(EN2001a.E.words8838)..id(EN2001a.E.words8874)"/>
   </segment>
   <segment nite:id="EN2001a.sync.1,852" channel="4" transcriber_start="4120.372" transcriber_end="4126.608">
      <nite:child href="EN2001a.E.words.xml#id(EN2001a.E.words8875)..id(EN2001a.E.words8902)"/>
   </segment>
   <segment nite:id="EN2001a.sync.1,854" channel="4" transcriber_start="4138.528" transcriber_end="4144.272">
      <nite:child href="EN2001a.E.words.xml#id(EN2001a.E.words8903)..id(EN2001a.E.words8922)"/>
   </segment>
   <segment nite:id="EN2001a.sync.1,856" channel="4" transcriber_start="4146.24" transcriber_end="4148.505">
      <nite:child href="EN2001a.E.words.xml#id(EN2001a.E.words8923)..id(EN2001a.E.words8932)"/>
   </segment>
   <segment nite:id="EN2001a.sync.1,858" channel="4" transcriber_start="4151.856" transcriber_end="4152.849">
      <nite:child href="EN2001a.E.words.xml#id(EN2001a.E.words8933)..id(EN2001a.E.words8936)"/>
   </segment>
   <segment nite:id="EN2001a.sync.1,860" channel="4" transcriber_start="4163.184" transcriber_end="4171.942">
      <nite:child href="EN2001a.E.words.xml#id(EN2001a.E.words8937)..id(EN2001a.E.words8968)"/>
   </segment>
   <segment nite:id="EN2001a.sync.1,862" channel="4" transcriber_start="4174.272" transcriber_end="4175.746">
      <nite:child href="EN2001a.E.words.xml#id(EN2001a.E.words8969)..id(EN2001a.E.words8973)"/>
   </segment>
   <segment nite:id="EN2001a.sync.1,864" channel="4" transcriber_start="4180.416" transcriber_end="4180.864">
      <nite:child href="EN2001a.E.words.xml#id(EN2001a.E.words8974)..id(EN2001a.E.words8975)"/>
   </segment>
   <segment nite:id="EN2001a.sync.1,866" channel="4" transcriber_start="4186.061" transcriber_end="4193.336">
      <nite:child href="EN2001a.E.words.xml#id(EN2001a.E.words8976)..id(EN2001a.E.words9001)"/>
   </segment>
   <segment nite:id="EN2001a.sync.1,868" channel="4" transcriber_start="4201.984" transcriber_end="4202.457">
      <nite:child href="EN2001a.E.words.xml#id(EN2001a.E.words9002)..id(EN2001a.E.words9003)"/>
   </segment>
   <segment nite:id="EN2001a.sync.1,870" channel="4" transcriber_start="4212.368" transcriber_end="4233.611">
      <nite:child href="EN2001a.E.words.xml#id(EN2001a.E.words9004)..id(EN2001a.E.words9094)"/>
   </segment>
   <segment nite:id="EN2001a.sync.1,872" channel="4" transcriber_start="4236.016" transcriber_end="4245.154">
      <nite:child href="EN2001a.E.words.xml#id(EN2001a.E.words9095)..id(EN2001a.E.words9145)"/>
   </segment>
   <segment nite:id="EN2001a.sync.1,874" channel="4" transcriber_start="4247.168" transcriber_end="4252.034">
      <nite:child href="EN2001a.E.words.xml#id(EN2001a.E.words9146)..id(EN2001a.E.words9160)"/>
   </segment>
   <segment nite:id="EN2001a.sync.1,876" channel="4" transcriber_start="4351.099" transcriber_end="4351.465">
      <nite:child href="EN2001a.E.words.xml#id(EN2001a.E.words9161)..id(EN2001a.E.words9162)"/>
   </segment>
   <segment nite:id="EN2001a.sync.1,878" channel="4" transcriber_start="4361.657" transcriber_end="4364.627">
      <nite:child href="EN2001a.E.words.xml#id(EN2001a.E.words9163)..id(EN2001a.E.words9176)"/>
   </segment>
   <segment nite:id="EN2001a.sync.1,880" channel="4" transcriber_start="4371.815" transcriber_end="4381.376">
      <nite:child href="EN2001a.E.words.xml#id(EN2001a.E.words9177)..id(EN2001a.E.words9203)"/>
   </segment>
   <segment nite:id="EN2001a.sync.1,882" channel="4" transcriber_start="4382.774" transcriber_end="4392.114">
      <nite:child href="EN2001a.E.words.xml#id(EN2001a.E.words9204)..id(EN2001a.E.words9227)"/>
   </segment>
   <segment nite:id="EN2001a.sync.1,884" channel="4" transcriber_start="4400.021" transcriber_end="4401.136">
      <nite:child href="EN2001a.E.words.xml#id(EN2001a.E.words9228)..id(EN2001a.E.words9231)"/>
   </segment>
   <segment nite:id="EN2001a.sync.1,886" channel="4" transcriber_start="4402.297" transcriber_end="4402.633">
      <nite:child href="EN2001a.E.words.xml#id(EN2001a.E.words9232)..id(EN2001a.E.words9233)"/>
   </segment>
   <segment nite:id="EN2001a.sync.1,888" channel="4" transcriber_start="4403.254" transcriber_end="4411.611">
      <nite:child href="EN2001a.E.words.xml#id(EN2001a.E.words9234)..id(EN2001a.E.words9268)"/>
   </segment>
   <segment nite:id="EN2001a.sync.1,890" channel="4" transcriber_start="4415.968" transcriber_end="4434.627">
      <nite:child href="EN2001a.E.words.xml#id(EN2001a.E.words9269)..id(EN2001a.E.words9331)"/>
   </segment>
   <segment nite:id="EN2001a.sync.1,892" channel="4" transcriber_start="4437.255" transcriber_end="4438.304">
      <nite:child href="EN2001a.E.words.xml#id(EN2001a.E.words9332)..id(EN2001a.E.words9338)"/>
   </segment>
   <segment nite:id="EN2001a.sync.1,894" channel="4" transcriber_start="4442.031" transcriber_end="4446.272">
      <nite:child href="EN2001a.E.words.xml#id(EN2001a.E.words9339)..id(EN2001a.E.words9361)"/>
   </segment>
   <segment nite:id="EN2001a.sync.1,896" channel="4" transcriber_start="4451.411" transcriber_end="4452.138">
      <nite:child href="EN2001a.E.words.xml#id(EN2001a.E.words9362)..id(EN2001a.E.words9363)"/>
   </segment>
   <segment nite:id="EN2001a.sync.1,898" channel="4" transcriber_start="4453.693" transcriber_end="4454.366">
      <nite:child href="EN2001a.E.words.xml#id(EN2001a.E.words9364)..id(EN2001a.E.words9365)"/>
   </segment>
   <segment nite:id="EN2001a.sync.1,900" channel="4" transcriber_start="4455.963" transcriber_end="4456.653">
      <nite:child href="EN2001a.E.words.xml#id(EN2001a.E.words9366)..id(EN2001a.E.words9367)"/>
   </segment>
   <segment nite:id="EN2001a.sync.1,902" channel="4" transcriber_start="4461.118" transcriber_end="4491.617">
      <nite:child href="EN2001a.E.words.xml#id(EN2001a.E.words9368)..id(EN2001a.E.words9485)"/>
   </segment>
   <segment nite:id="EN2001a.sync.1,904" channel="4" transcriber_start="4497.855" transcriber_end="4498.371">
      <nite:child href="EN2001a.E.words.xml#id(EN2001a.E.words9486)..id(EN2001a.E.words9487)"/>
   </segment>
   <segment nite:id="EN2001a.sync.1,906" channel="4" transcriber_start="4512.239" transcriber_end="4513.129">
      <nite:child href="EN2001a.E.words.xml#id(EN2001a.E.words9488)..id(EN2001a.E.words9489)"/>
   </segment>
   <segment nite:id="EN2001a.sync.1,908" channel="4" transcriber_start="4526.581" transcriber_end="4534.505">
      <nite:child href="EN2001a.E.words.xml#id(EN2001a.E.words9490)..id(EN2001a.E.words9515)"/>
   </segment>
   <segment nite:id="EN2001a.sync.1,910" channel="4" transcriber_start="4537.456" transcriber_end="4539.266">
      <nite:child href="EN2001a.E.words.xml#id(EN2001a.E.words9516)..id(EN2001a.E.words9527)"/>
   </segment>
   <segment nite:id="EN2001a.sync.1,912" channel="4" transcriber_start="4544.505" transcriber_end="4551.382">
      <nite:child href="EN2001a.E.words.xml#id(EN2001a.E.words9528)..id(EN2001a.E.words9569)"/>
   </segment>
   <segment nite:id="EN2001a.sync.1,914" channel="4" transcriber_start="4556.56" transcriber_end="4558.88">
      <nite:child href="EN2001a.E.words.xml#id(EN2001a.E.words9570)..id(EN2001a.E.words9581)"/>
   </segment>
   <segment nite:id="EN2001a.sync.1,916" channel="4" transcriber_start="4563.584" transcriber_end="4564.214">
      <nite:child href="EN2001a.E.words.xml#id(EN2001a.E.words9582)..id(EN2001a.E.words9583)"/>
   </segment>
   <segment nite:id="EN2001a.sync.1,918" channel="4" transcriber_start="4565.568" transcriber_end="4588.033">
      <nite:child href="EN2001a.E.words.xml#id(EN2001a.E.words9584)..id(EN2001a.E.words9671)"/>
   </segment>
   <segment nite:id="EN2001a.sync.1,920" channel="4" transcriber_start="4591.984" transcriber_end="4606.166">
      <nite:child href="EN2001a.E.words.xml#id(EN2001a.E.words9672)..id(EN2001a.E.words9729)"/>
   </segment>
   <segment nite:id="EN2001a.sync.1,922" channel="4" transcriber_start="4612.096" transcriber_end="4620.536">
      <nite:child href="EN2001a.E.words.xml#id(EN2001a.E.words9730)..id(EN2001a.E.words9772)"/>
   </segment>
   <segment nite:id="EN2001a.sync.1,924" channel="4" transcriber_start="4622.432" transcriber_end="4625.893">
      <nite:child href="EN2001a.E.words.xml#id(EN2001a.E.words9773)..id(EN2001a.E.words9791)"/>
   </segment>
   <segment nite:id="EN2001a.sync.1,926" channel="4" transcriber_start="4632.24" transcriber_end="4637.184">
      <nite:child href="EN2001a.E.words.xml#id(EN2001a.E.words9792)..id(EN2001a.E.words9813)"/>
   </segment>
   <segment nite:id="EN2001a.sync.1,928" channel="4" transcriber_start="4639.616" transcriber_end="4649.924">
      <nite:child href="EN2001a.E.words.xml#id(EN2001a.E.words9814)..id(EN2001a.E.words9862)"/>
   </segment>
   <segment nite:id="EN2001a.sync.1,930" channel="4" transcriber_start="4656.627" transcriber_end="4663.442">
      <nite:child href="EN2001a.E.words.xml#id(EN2001a.E.words9863)..id(EN2001a.E.words9888)"/>
   </segment>
   <segment nite:id="EN2001a.sync.1,932" channel="4" transcriber_start="4667.067" transcriber_end="4669.316">
      <nite:child href="EN2001a.E.words.xml#id(EN2001a.E.words9889)..id(EN2001a.E.words9894)"/>
   </segment>
   <segment nite:id="EN2001a.sync.1,934" channel="4" transcriber_start="4677.28" transcriber_end="4678.24">
      <nite:child href="EN2001a.E.words.xml#id(EN2001a.E.words9895)..id(EN2001a.E.words9899)"/>
   </segment>
   <segment nite:id="EN2001a.sync.1,936" channel="4" transcriber_start="4680.322" transcriber_end="4684.276">
      <nite:child href="EN2001a.E.words.xml#id(EN2001a.E.words9900)..id(EN2001a.E.words9909)"/>
   </segment>
   <segment nite:id="EN2001a.sync.1,938" channel="4" transcriber_start="4707.888" transcriber_end="4714.947">
      <nite:child href="EN2001a.E.words.xml#id(EN2001a.E.words9910)..id(EN2001a.E.words9931)"/>
   </segment>
   <segment nite:id="EN2001a.sync.1,940" channel="4" transcriber_start="4719.408" transcriber_end="4719.972">
      <nite:child href="EN2001a.E.words.xml#id(EN2001a.E.words9932)..id(EN2001a.E.words9933)"/>
   </segment>
   <segment nite:id="EN2001a.sync.1,942" channel="4" transcriber_start="4721.68" transcriber_end="4724.794">
      <nite:child href="EN2001a.E.words.xml#id(EN2001a.E.words9934)..id(EN2001a.E.words9946)"/>
   </segment>
   <segment nite:id="EN2001a.sync.1,944" channel="4" transcriber_start="4726.912" transcriber_end="4727.409">
      <nite:child href="EN2001a.E.words.xml#id(EN2001a.E.words9947)..id(EN2001a.E.words9948)"/>
   </segment>
   <segment nite:id="EN2001a.sync.1,946" channel="4" transcriber_start="4734.336" transcriber_end="4734.745">
      <nite:child href="EN2001a.E.words.xml#id(EN2001a.E.words9949)..id(EN2001a.E.words9950)"/>
   </segment>
   <segment nite:id="EN2001a.sync.1,948" channel="4" transcriber_start="4740.592" transcriber_end="4742.522">
      <nite:child href="EN2001a.E.words.xml#id(EN2001a.E.words9951)..id(EN2001a.E.words9958)"/>
   </segment>
   <segment nite:id="EN2001a.sync.1,950" channel="4" transcriber_start="4747.104" transcriber_end="4753.234">
      <nite:child href="EN2001a.E.words.xml#id(EN2001a.E.words9959)..id(EN2001a.E.words9971)"/>
   </segment>
   <segment nite:id="EN2001a.sync.1,952" channel="4" transcriber_start="4759.221" transcriber_end="4766.537">
      <nite:child href="EN2001a.E.words.xml#id(EN2001a.E.words9972)..id(EN2001a.E.words9993)"/>
   </segment>
   <segment nite:id="EN2001a.sync.1,954" channel="4" transcriber_start="4769.728" transcriber_end="4770.092">
      <nite:child href="EN2001a.E.words.xml#id(EN2001a.E.words9994)..id(EN2001a.E.words9995)"/>
   </segment>
   <segment nite:id="EN2001a.sync.1,956" channel="4" transcriber_start="4773.76" transcriber_end="4774.811">
      <nite:child href="EN2001a.E.words.xml#id(EN2001a.E.words9996)..id(EN2001a.E.words9997)"/>
   </segment>
   <segment nite:id="EN2001a.sync.1,958" channel="4" transcriber_start="4775.872" transcriber_end="4792.375">
      <nite:child href="EN2001a.E.words.xml#id(EN2001a.E.words9998)..id(EN2001a.E.words10053)"/>
   </segment>
   <segment nite:id="EN2001a.sync.1,960" channel="4" transcriber_start="4795.744" transcriber_end="4796.21">
      <nite:child href="EN2001a.E.words.xml#id(EN2001a.E.words10054)..id(EN2001a.E.words10055)"/>
   </segment>
   <segment nite:id="EN2001a.sync.1,962" channel="4" transcriber_start="4798.771" transcriber_end="4814.844">
      <nite:child href="EN2001a.E.words.xml#id(EN2001a.E.words10056)..id(EN2001a.E.words10109)"/>
   </segment>
   <segment nite:id="EN2001a.sync.1,964" channel="4" transcriber_start="4826.613" transcriber_end="4828.032">
      <nite:child href="EN2001a.E.words.xml#id(EN2001a.E.words10110)..id(EN2001a.E.words10115)"/>
   </segment>
   <segment nite:id="EN2001a.sync.1,966" channel="4" transcriber_start="4838.374" transcriber_end="4844.327">
      <nite:child href="EN2001a.E.words.xml#id(EN2001a.E.words10116)..id(EN2001a.E.words10141)"/>
   </segment>
   <segment nite:id="EN2001a.sync.1,968" channel="4" transcriber_start="4847.168" transcriber_end="4852.916">
      <nite:child href="EN2001a.E.words.xml#id(EN2001a.E.words10142)..id(EN2001a.E.words10169)"/>
   </segment>
   <segment nite:id="EN2001a.sync.1,970" channel="4" transcriber_start="4855.328" transcriber_end="4855.761">
      <nite:child href="EN2001a.E.words.xml#id(EN2001a.E.words10170)..id(EN2001a.E.words10171)"/>
   </segment>
   <segment nite:id="EN2001a.sync.1,972" channel="4" transcriber_start="4863.36" transcriber_end="4871.253">
      <nite:child href="EN2001a.E.words.xml#id(EN2001a.E.words10172)..id(EN2001a.E.words10208)"/>
   </segment>
   <segment nite:id="EN2001a.sync.1,974" channel="4" transcriber_start="4873.696" transcriber_end="4890.154">
      <nite:child href="EN2001a.E.words.xml#id(EN2001a.E.words10209)..id(EN2001a.E.words10280)"/>
   </segment>
   <segment nite:id="EN2001a.sync.1,976" channel="4" transcriber_start="4897.232" transcriber_end="4898.512">
      <nite:child href="EN2001a.E.words.xml#id(EN2001a.E.words10281)..id(EN2001a.E.words10288)"/>
   </segment>
   <segment nite:id="EN2001a.sync.1,978" channel="4" transcriber_start="4900.64" transcriber_end="4907.017">
      <nite:child href="EN2001a.E.words.xml#id(EN2001a.E.words10289)..id(EN2001a.E.words10319)"/>
   </segment>
   <segment nite:id="EN2001a.sync.1,980" channel="4" transcriber_start="4909.247" transcriber_end="4922.094">
      <nite:child href="EN2001a.E.words.xml#id(EN2001a.E.words10320)..id(EN2001a.E.words10364)"/>
   </segment>
   <segment nite:id="EN2001a.sync.1,982" channel="4" transcriber_start="4927.264" transcriber_end="4927.819">
      <nite:child href="EN2001a.E.words.xml#id(EN2001a.E.words10365)..id(EN2001a.E.words10366)"/>
   </segment>
   <segment nite:id="EN2001a.sync.1,984" channel="4" transcriber_start="4931.696" transcriber_end="4932.754">
      <nite:child href="EN2001a.E.words.xml#id(EN2001a.E.words10367)..id(EN2001a.E.words10370)"/>
   </segment>
   <segment nite:id="EN2001a.sync.1,986" channel="4" transcriber_start="4934.976" transcriber_end="4937.071">
      <nite:child href="EN2001a.E.words.xml#id(EN2001a.E.words10371)..id(EN2001a.E.words10376)"/>
   </segment>
   <segment nite:id="EN2001a.sync.1,988" channel="4" transcriber_start="4938.624" transcriber_end="4940.562">
      <nite:child href="EN2001a.E.words.xml#id(EN2001a.E.words10377)..id(EN2001a.E.words10383)"/>
   </segment>
   <segment nite:id="EN2001a.sync.1,990" channel="4" transcriber_start="4944.304" transcriber_end="4951.925">
      <nite:child href="EN2001a.E.words.xml#id(EN2001a.E.words10384)..id(EN2001a.E.words10413)"/>
   </segment>
   <segment nite:id="EN2001a.sync.1,992" channel="4" transcriber_start="4954.253" transcriber_end="4954.646">
      <nite:child href="EN2001a.E.words.xml#id(EN2001a.E.words10414)..id(EN2001a.E.words10415)"/>
   </segment>
   <segment nite:id="EN2001a.sync.1,994" channel="4" transcriber_start="4961.616" transcriber_end="4972.299">
      <nite:child href="EN2001a.E.words.xml#id(EN2001a.E.words10416)..id(EN2001a.E.words10466)"/>
   </segment>
   <segment nite:id="EN2001a.sync.1,996" channel="4" transcriber_start="4977.024" transcriber_end="4977.658">
      <nite:child href="EN2001a.E.words.xml#id(EN2001a.E.words10467)..id(EN2001a.E.words10468)"/>
   </segment>
   <segment nite:id="EN2001a.sync.1,998" channel="4" transcriber_start="4982.592" transcriber_end="4988.101">
      <nite:child href="EN2001a.E.words.xml#id(EN2001a.E.words10469)..id(EN2001a.E.words10495)"/>
   </segment>
   <segment nite:id="EN2001a.sync.2,000" channel="4" transcriber_start="4994.688" transcriber_end="4998.365">
      <nite:child href="EN2001a.E.words.xml#id(EN2001a.E.words10496)..id(EN2001a.E.words10518)"/>
   </segment>
   <segment nite:id="EN2001a.sync.2,002" channel="4" transcriber_start="5000.384" transcriber_end="5002.336">
      <nite:child href="EN2001a.E.words.xml#id(EN2001a.E.words10519)..id(EN2001a.E.words10524)"/>
   </segment>
   <segment nite:id="EN2001a.sync.2,004" channel="4" transcriber_start="5004.656" transcriber_end="5005.572">
      <nite:child href="EN2001a.E.words.xml#id(EN2001a.E.words10525)..id(EN2001a.E.words10528)"/>
   </segment>
   <segment nite:id="EN2001a.sync.2,006" channel="4" transcriber_start="5008.48" transcriber_end="5013.601">
      <nite:child href="EN2001a.E.words.xml#id(EN2001a.E.words10529)..id(EN2001a.E.words10541)"/>
   </segment>
   <segment nite:id="EN2001a.sync.2,008" channel="4" transcriber_start="5021.872" transcriber_end="5022.298">
      <nite:child href="EN2001a.E.words.xml#id(EN2001a.E.words10542)..id(EN2001a.E.words10543)"/>
   </segment>
   <segment nite:id="EN2001a.sync.2,010" channel="4" transcriber_start="5025.872" transcriber_end="5029.216">
      <nite:child href="EN2001a.E.words.xml#id(EN2001a.E.words10544)..id(EN2001a.E.words10555)"/>
   </segment>
   <segment nite:id="EN2001a.sync.2,012" channel="4" transcriber_start="5031.808" transcriber_end="5033.031">
      <nite:child href="EN2001a.E.words.xml#id(EN2001a.E.words10556)..id(EN2001a.E.words10561)"/>
   </segment>
   <segment nite:id="EN2001a.sync.2,014" channel="4" transcriber_start="5035.271" transcriber_end="5038.208">
      <nite:child href="EN2001a.E.words.xml#id(EN2001a.E.words10562)..id(EN2001a.E.words10572)"/>
   </segment>
   <segment nite:id="EN2001a.sync.2,016" channel="4" transcriber_start="5044.24" transcriber_end="5047.406">
      <nite:child href="EN2001a.E.words.xml#id(EN2001a.E.words10573)..id(EN2001a.E.words10585)"/>
   </segment>
   <segment nite:id="EN2001a.sync.2,018" channel="4" transcriber_start="5050.756" transcriber_end="5060.16">
      <nite:child href="EN2001a.E.words.xml#id(EN2001a.E.words10586)..id(EN2001a.E.words10624)"/>
   </segment>
   <segment nite:id="EN2001a.sync.2,020" channel="4" transcriber_start="5063.703" transcriber_end="5067.071">
      <nite:child href="EN2001a.E.words.xml#id(EN2001a.E.words10625)..id(EN2001a.E.words10632)"/>
   </segment>
   <segment nite:id="EN2001a.sync.2,022" channel="4" transcriber_start="5071.808" transcriber_end="5072.209">
      <nite:child href="EN2001a.E.words.xml#id(EN2001a.E.words10633)"/>
   </segment>
   <segment nite:id="EN2001a.sync.2,024" channel="4" transcriber_start="5074.816" transcriber_end="5080.984">
      <nite:child href="EN2001a.E.words.xml#id(EN2001a.E.words10634)..id(EN2001a.E.words10645)"/>
   </segment>
   <segment nite:id="EN2001a.sync.2,026" channel="4" transcriber_start="5082.996" transcriber_end="5084.71">
      <nite:child href="EN2001a.E.words.xml#id(EN2001a.E.words10646)"/>
   </segment>
   <segment nite:id="EN2001a.sync.2,028" channel="4" transcriber_start="5084.968" transcriber_end="5095.431">
      <nite:child href="EN2001a.E.words.xml#id(EN2001a.E.words10647)..id(EN2001a.E.words10681)"/>
   </segment>
   <segment nite:id="EN2001a.sync.2,030" channel="4" transcriber_start="5106.902" transcriber_end="5115.558">
      <nite:child href="EN2001a.E.words.xml#id(EN2001a.E.words10682)..id(EN2001a.E.words10719)"/>
   </segment>
   <segment nite:id="EN2001a.sync.2,032" channel="4" transcriber_start="5119.482" transcriber_end="5126.403">
      <nite:child href="EN2001a.E.words.xml#id(EN2001a.E.words10720)..id(EN2001a.E.words10742)"/>
   </segment>
   <segment nite:id="EN2001a.sync.2,034" channel="4" transcriber_start="5132.104" transcriber_end="5132.67">
      <nite:child href="EN2001a.E.words.xml#id(EN2001a.E.words10743)..id(EN2001a.E.words10744)"/>
   </segment>
</nite:root>
