<?xml version="1.0" encoding="ISO-8859-1" standalone="yes"?>
<nite:root nite:id="EN2001a.C.words" xmlns:nite="http://nite.sourceforge.net/">
   <w nite:id="EN2001a.C.words0" starttime="211.33" endtime="211.41">The</w>
   <w nite:id="EN2001a.C.words1" starttime="211.41" endtime="212.08">basic</w>
   <w nite:id="EN2001a.C.words2" starttime="212.08" endtime="212.33">word</w>
   <w nite:id="EN2001a.C.words3" starttime="212.33" endtime="212.92">importance</w>
   <w nite:id="EN2001a.C.words4" starttime="212.92" endtime="213.06">is</w>
   <w nite:id="EN2001a.C.words5" starttime="213.06" endtime="213.43">off-line</w>
   <w nite:id="EN2001a.C.words6" starttime="213.43" endtime="213.59">as</w>
   <w nite:id="EN2001a.C.words7" starttime="213.59" endtime="214.42">well</w>
   <w nite:id="EN2001a.C.words8" starttime="214.42" endtime="214.42" punc="true">.</w>
   <w nite:id="EN2001a.C.words9" starttime="214.42" endtime="215.16">The</w>
   <w nite:id="EN2001a.C.words10" starttime="215.16" endtime="215.64">combined</w>
   <w nite:id="EN2001a.C.words11" starttime="215.64" endtime="215.92">measure</w>
   <w nite:id="EN2001a.C.words12" starttime="215.92" endtime="216.15">might</w>
   <w nite:id="EN2001a.C.words13" starttime="216.15" endtime="216.42">not</w>
   <w nite:id="EN2001a.C.words14" starttime="216.42" endtime="216.68">be</w>
   <w nite:id="EN2001a.C.words15" starttime="216.68" endtime="216.86">if</w>
   <w nite:id="EN2001a.C.words16" starttime="216.86" endtime="217.05">we</w>
   <w nite:id="EN2001a.C.words17" starttime="217.05" endtime="217.32">want</w>
   <w nite:id="EN2001a.C.words18" starttime="217.32" endtime="217.49">to</w>
   <w nite:id="EN2001a.C.words19" starttime="217.49" endtime="218.34">wait</w>
   <w nite:id="EN2001a.C.words20" starttime="218.34" endtime="218.47">what</w>
   <w nite:id="EN2001a.C.words21" starttime="218.47" endtime="218.58">the</w>
   <w nite:id="EN2001a.C.words22" starttime="218.58" endtime="218.96">user</w>
   <w nite:id="EN2001a.C.words23" starttime="218.96" endtime="219.26">has</w>
   <w nite:id="EN2001a.C.words24" starttime="219.26" endtime="219.58">typed</w>
   <w nite:id="EN2001a.C.words25" starttime="219.58" endtime="219.64">in</w>
   <w nite:id="EN2001a.C.words26" starttime="219.64" endtime="219.95">into</w>
   <w nite:id="EN2001a.C.words27" starttime="219.95" endtime="220.12">the</w>
   <w nite:id="EN2001a.C.words28" starttime="220.12" endtime="220.58">search</w>
   <w nite:id="EN2001a.C.words29" starttime="220.58" endtime="220.58" punc="true">.</w>
   <w nite:id="EN2001a.C.words30" starttime="707.16" endtime="707.48">Yeah</w>
   <w nite:id="EN2001a.C.words31" starttime="707.48" endtime="707.48" punc="true">.</w>
   <vocalsound nite:id="EN2001a.C.words32" starttime="719.101" endtime="719.907" type="cough"/>
   <vocalsound nite:id="EN2001a.C.words33" starttime="804.074" endtime="804.832" type="cough"/>
   <w nite:id="EN2001a.C.words34" starttime="811.59" endtime="811.69">I&#39;m</w>
   <w nite:id="EN2001a.C.words35" starttime="811.69" endtime="811.93">not</w>
   <w nite:id="EN2001a.C.words36" starttime="811.93" endtime="812.58">quite</w>
   <disfmarker nite:id="EN2001a.C.words37" starttime="812.58" endtime="812.58"/>
   <w nite:id="EN2001a.C.words38" starttime="812.58" endtime="813.05">so</w>
   <w nite:id="EN2001a.C.words39" starttime="813.05" endtime="813.26">what</w>
   <w nite:id="EN2001a.C.words40" starttime="813.26" endtime="813.54">it</w>
   <disfmarker nite:id="EN2001a.C.words41" starttime="813.54" endtime="813.54"/>
   <w nite:id="EN2001a.C.words42" starttime="813.54" endtime="813.66">did</w>
   <w nite:id="EN2001a.C.words43" starttime="813.66" endtime="813.75">you</w>
   <w nite:id="EN2001a.C.words44" starttime="813.75" endtime="813.92">want</w>
   <w nite:id="EN2001a.C.words45" starttime="813.92" endtime="814.01">to</w>
   <w nite:id="EN2001a.C.words46" starttime="814.01" endtime="814.12">do</w>
   <w nite:id="EN2001a.C.words47" starttime="814.12" endtime="814.26">it</w>
   <w nite:id="EN2001a.C.words48" starttime="814.26" endtime="814.26" punc="true">,</w>
   <w nite:id="EN2001a.C.words49" starttime="814.26" endtime="814.37" trunc="true">i</w>
   <w nite:id="EN2001a.C.words50" starttime="814.37" endtime="814.49">you</w>
   <w nite:id="EN2001a.C.words51" starttime="814.49" endtime="815.33">just</w>
   <w nite:id="EN2001a.C.words52" starttime="815.33" endtime="815.59">wanted</w>
   <w nite:id="EN2001a.C.words53" starttime="815.59" endtime="815.72">to</w>
   <w nite:id="EN2001a.C.words54" starttime="815.72" endtime="816.31">assign</w>
   <disfmarker nite:id="EN2001a.C.words55" starttime="816.31" endtime="816.31"/>
   <w nite:id="EN2001a.C.words56" starttime="822.9" endtime="823.29">Uh</w>
   <w nite:id="EN2001a.C.words57" starttime="823.29" endtime="823.49">I</w>
   <w nite:id="EN2001a.C.words58" starttime="823.49" endtime="823.74">thought</w>
   <w nite:id="EN2001a.C.words59" starttime="823.74" endtime="824.0">about</w>
   <w nite:id="EN2001a.C.words60" starttime="824.0" endtime="824.36">words</w>
   <w nite:id="EN2001a.C.words61" starttime="824.36" endtime="824.36" punc="true">.</w>
   <w nite:id="EN2001a.C.words62" starttime="833.96" endtime="834.38">Mm</w>
   <w nite:id="EN2001a.C.words63" starttime="834.38" endtime="834.38" punc="true">.</w>
   <w nite:id="EN2001a.C.words64" starttime="855.53" endtime="855.71">Mm</w>
   <w nite:id="EN2001a.C.words65" starttime="855.71" endtime="856.12">okay</w>
   <w nite:id="EN2001a.C.words66" starttime="856.12" endtime="856.12" punc="true">.</w>
   <w nite:id="EN2001a.C.words67" starttime="891.04" endtime="891.82">Yeah</w>
   <w nite:id="EN2001a.C.words68" starttime="891.82" endtime="891.82" punc="true">,</w>
   <w nite:id="EN2001a.C.words69" starttime="891.82" endtime="892.09">but</w>
   <w nite:id="EN2001a.C.words70" starttime="892.09" endtime="892.34">how</w>
   <w nite:id="EN2001a.C.words71" starttime="892.34" endtime="892.81">about</w>
   <w nite:id="EN2001a.C.words72" starttime="892.81" endtime="893.36">those</w>
   <w nite:id="EN2001a.C.words73" starttime="893.36" endtime="894.16">words</w>
   <w nite:id="EN2001a.C.words74" starttime="894.16" endtime="894.56">which</w>
   <w nite:id="EN2001a.C.words75" starttime="894.56" endtime="894.84">don&#39;t</w>
   <w nite:id="EN2001a.C.words76" starttime="894.84" endtime="895.13">carry</w>
   <w nite:id="EN2001a.C.words77" starttime="895.13" endtime="895.33">any</w>
   <w nite:id="EN2001a.C.words78" starttime="895.33" endtime="895.66">meaning</w>
   <w nite:id="EN2001a.C.words79" starttime="895.66" endtime="895.84">at</w>
   <w nite:id="EN2001a.C.words80" starttime="895.84" endtime="896.09">all</w>
   <w nite:id="EN2001a.C.words81" starttime="896.09" endtime="896.09" punc="true">,</w>
   <w nite:id="EN2001a.C.words82" starttime="896.09" endtime="896.31">the</w>
   <w nite:id="EN2001a.C.words83" starttime="896.31" endtime="897.03">um</w>
   <w nite:id="EN2001a.C.words84" starttime="897.03" endtime="897.35">and</w>
   <w nite:id="EN2001a.C.words85" starttime="897.35" endtime="897.53" mispronounced="true">uhs</w>
   <w nite:id="EN2001a.C.words86" starttime="897.53" endtime="897.82">and</w>
   <w nite:id="EN2001a.C.words87" starttime="897.82" endtime="898.18">something</w>
   <w nite:id="EN2001a.C.words88" starttime="898.18" endtime="898.35">like</w>
   <w nite:id="EN2001a.C.words89" starttime="898.35" endtime="898.75">that</w>
   <w nite:id="EN2001a.C.words90" starttime="898.75" endtime="898.75" punc="true">.</w>
   <w nite:id="EN2001a.C.words91" starttime="901.3" endtime="901.72">Because</w>
   <w nite:id="EN2001a.C.words92" starttime="901.72" endtime="901.91">if</w>
   <w nite:id="EN2001a.C.words93" starttime="901.91" endtime="902.28">we</w>
   <w nite:id="EN2001a.C.words94" starttime="902.28" endtime="902.56">if</w>
   <w nite:id="EN2001a.C.words95" starttime="902.56" endtime="902.77">we</w>
   <w nite:id="EN2001a.C.words96" starttime="902.77" endtime="903.58">average</w>
   <w nite:id="EN2001a.C.words97" starttime="903.58" endtime="904.17">average</w>
   <w nite:id="EN2001a.C.words98" starttime="904.17" endtime="904.9">over</w>
   <w nite:id="EN2001a.C.words99" starttime="904.9" endtime="905.16">over</w>
   <w nite:id="EN2001a.C.words100" starttime="905.16" endtime="905.32">a</w>
   <w nite:id="EN2001a.C.words101" starttime="905.32" endtime="905.58">whole</w>
   <w nite:id="EN2001a.C.words102" starttime="905.58" endtime="906.61">utterance</w>
   <w nite:id="EN2001a.C.words103" starttime="906.61" endtime="906.79">all</w>
   <w nite:id="EN2001a.C.words104" starttime="906.79" endtime="906.91">the</w>
   <w nite:id="EN2001a.C.words105" starttime="906.91" endtime="907.75">words</w>
   <w nite:id="EN2001a.C.words106" starttime="907.75" endtime="907.75" punc="true">,</w>
   <w nite:id="EN2001a.C.words107" starttime="907.75" endtime="907.9">and</w>
   <w nite:id="EN2001a.C.words108" starttime="907.9" endtime="908.05">there</w>
   <w nite:id="EN2001a.C.words109" starttime="908.05" endtime="908.17">are</w>
   <w nite:id="EN2001a.C.words110" starttime="908.17" endtime="909.25">quite</w>
   <w nite:id="EN2001a.C.words111" starttime="909.25" endtime="909.88">unimportant</w>
   <w nite:id="EN2001a.C.words112" starttime="909.88" endtime="910.12">words</w>
   <w nite:id="EN2001a.C.words113" starttime="910.12" endtime="910.3">in</w>
   <w nite:id="EN2001a.C.words114" starttime="910.3" endtime="910.54">there</w>
   <w nite:id="EN2001a.C.words115" starttime="910.54" endtime="910.54" punc="true">,</w>
   <w nite:id="EN2001a.C.words116" starttime="910.54" endtime="910.77">but</w>
   <w nite:id="EN2001a.C.words117" starttime="910.77" endtime="910.99">quite</w>
   <w nite:id="EN2001a.C.words118" starttime="910.99" endtime="911.56">important</w>
   <w nite:id="EN2001a.C.words119" starttime="911.56" endtime="911.85">words</w>
   <w nite:id="EN2001a.C.words120" starttime="911.85" endtime="912.03">as</w>
   <w nite:id="EN2001a.C.words121" starttime="912.03" endtime="912.97">well</w>
   <w nite:id="EN2001a.C.words122" starttime="912.97" endtime="912.97" punc="true">,</w>
   <w nite:id="EN2001a.C.words123" starttime="912.97" endtime="913.08">I</w>
   <w nite:id="EN2001a.C.words124" starttime="913.08" endtime="913.31">think</w>
   <w nite:id="EN2001a.C.words125" starttime="913.31" endtime="913.52">we</w>
   <w nite:id="EN2001a.C.words126" starttime="913.52" endtime="914.88">should</w>
   <w nite:id="EN2001a.C.words127" starttime="914.88" endtime="915.59">just</w>
   <w nite:id="EN2001a.C.words128" starttime="915.59" endtime="916.35">disregard</w>
   <w nite:id="EN2001a.C.words129" starttime="916.35" endtime="916.72">the</w>
   <w nite:id="EN2001a.C.words130" starttime="916.72" endtime="916.88">the</w>
   <disfmarker nite:id="EN2001a.C.words131" starttime="916.88" endtime="916.88"/>
   <vocalsound nite:id="EN2001a.C.words132" starttime="925.287" endtime="925.287" type="other"/>
   <w nite:id="EN2001a.C.words133" starttime="925.47" endtime="925.95">Okay</w>
   <w nite:id="EN2001a.C.words134" starttime="925.95" endtime="925.95" punc="true">.</w>
   <w nite:id="EN2001a.C.words135" starttime="931.05" endtime="931.28">Alright</w>
   <w nite:id="EN2001a.C.words136" starttime="931.28" endtime="931.28" punc="true">.</w>
   <vocalsound nite:id="EN2001a.C.words137" starttime="933.509" endtime="934.340" type="cough"/>
   <vocalsound nite:id="EN2001a.C.words138" starttime="973.567" endtime="974.517" type="cough"/>
   <vocalsound nite:id="EN2001a.C.words139" starttime="1558.189" endtime="1558.679" type="cough"/>
   <w nite:id="EN2001a.C.words140" starttime="1604.0" endtime="1605.26">Yeah</w>
   <w nite:id="EN2001a.C.words141" starttime="1605.26" endtime="1605.26" punc="true">.</w>
   <vocalsound nite:id="EN2001a.C.words142" endtime="1605.817" starttime="1605.26" type="cough"/>
   <w nite:id="EN2001a.C.words143" starttime="1620.71" endtime="1620.87">But</w>
   <w nite:id="EN2001a.C.words144" starttime="1620.87" endtime="1621.08">there</w>
   <w nite:id="EN2001a.C.words145" starttime="1621.08" endtime="1621.16">is</w>
   <w nite:id="EN2001a.C.words146" starttime="1621.16" endtime="1621.39">no</w>
   <w nite:id="EN2001a.C.words147" starttime="1621.39" endtime="1621.65">I_D_</w>
   <w nite:id="EN2001a.C.words148" starttime="1621.65" endtime="1621.92">for</w>
   <w nite:id="EN2001a.C.words149" starttime="1621.92" endtime="1622.07">an</w>
   <w nite:id="EN2001a.C.words150" starttime="1622.07" endtime="1622.56">utterance</w>
   <w nite:id="EN2001a.C.words151" starttime="1622.56" endtime="1622.69">I</w>
   <w nite:id="EN2001a.C.words152" starttime="1622.69" endtime="1622.92">think</w>
   <w nite:id="EN2001a.C.words153" starttime="1622.92" endtime="1622.92" punc="true">.</w>
   <w nite:id="EN2001a.C.words154" starttime="1622.92" endtime="1623.17">It&#39;s</w>
   <w nite:id="EN2001a.C.words155" starttime="1623.17" endtime="1623.43">just</w>
   <w nite:id="EN2001a.C.words156" starttime="1623.43" endtime="1623.59">for</w>
   <w nite:id="EN2001a.C.words157" starttime="1623.59" endtime="1624.56">individual</w>
   <w nite:id="EN2001a.C.words158" starttime="1624.56" endtime="1625.41">words</w>
   <w nite:id="EN2001a.C.words159" starttime="1625.41" endtime="1625.41" punc="true">.</w>
   <w nite:id="EN2001a.C.words160" starttime="1625.41" endtime="1625.68">So</w>
   <w nite:id="EN2001a.C.words161" starttime="1625.68" endtime="1625.92">how</w>
   <w nite:id="EN2001a.C.words162" starttime="1625.92" endtime="1626.08">do</w>
   <w nite:id="EN2001a.C.words163" starttime="1626.08" endtime="1626.25">we</w>
   <w nite:id="EN2001a.C.words164" starttime="1626.25" endtime="1626.46">do</w>
   <w nite:id="EN2001a.C.words165" starttime="1626.46" endtime="1626.67">that</w>
   <w nite:id="EN2001a.C.words166" starttime="1626.67" endtime="1628.02">then</w>
   <w nite:id="EN2001a.C.words167" starttime="1628.02" endtime="1628.02" punc="true">?</w>
   <w nite:id="EN2001a.C.words168" starttime="1628.02" endtime="1629.43">We</w>
   <disfmarker nite:id="EN2001a.C.words169" starttime="1629.43" endtime="1629.43"/>
   <w nite:id="EN2001a.C.words170" starttime="1629.43" endtime="1629.57">for</w>
   <w nite:id="EN2001a.C.words171" starttime="1629.57" endtime="1630.13">utterances</w>
   <w nite:id="EN2001a.C.words172" starttime="1630.13" endtime="1630.23">as</w>
   <w nite:id="EN2001a.C.words173" starttime="1630.23" endtime="1630.92">well</w>
   <w nite:id="EN2001a.C.words174" starttime="1630.92" endtime="1630.92" punc="true">.</w>
   <w nite:id="EN2001a.C.words175" starttime="1633.84" endtime="1633.87">I</w>
   <w nite:id="EN2001a.C.words176" starttime="1633.87" endtime="1634.09">think</w>
   <w nite:id="EN2001a.C.words177" starttime="1634.09" endtime="1634.42">it&#39;s</w>
   <w nite:id="EN2001a.C.words178" starttime="1634.42" endtime="1634.72">just</w>
   <w nite:id="EN2001a.C.words179" starttime="1634.72" endtime="1635.4">for</w>
   <w nite:id="EN2001a.C.words180" starttime="1635.4" endtime="1636.15">one</w>
   <w nite:id="EN2001a.C.words181" starttime="1638.76" endtime="1639.22">word</w>
   <w nite:id="EN2001a.C.words182" starttime="1639.22" endtime="1639.22" punc="true">.</w>
   <w nite:id="EN2001a.C.words183" starttime="1639.22" endtime="1639.55">So</w>
   <w nite:id="EN2001a.C.words184" starttime="1639.55" endtime="1639.71">we</w>
   <w nite:id="EN2001a.C.words185" starttime="1639.71" endtime="1639.95">have</w>
   <w nite:id="EN2001a.C.words186" starttime="1639.95" endtime="1640.32">to</w>
   <disfmarker nite:id="EN2001a.C.words187" starttime="1640.32" endtime="1640.32"/>
   <w nite:id="EN2001a.C.words188" starttime="1643.27" endtime="1643.62">Yeah</w>
   <w nite:id="EN2001a.C.words189" starttime="1643.62" endtime="1643.62" punc="true">.</w>
   <w nite:id="EN2001a.C.words190" starttime="1674.71" endtime="1674.9">Uh</w>
   <w nite:id="EN2001a.C.words191" starttime="1674.9" endtime="1675.05">I&#39;m</w>
   <w nite:id="EN2001a.C.words192" starttime="1675.05" endtime="1675.25">not</w>
   <w nite:id="EN2001a.C.words193" starttime="1675.25" endtime="1675.48">quite</w>
   <w nite:id="EN2001a.C.words194" starttime="1675.48" endtime="1675.64">sure</w>
   <w nite:id="EN2001a.C.words195" starttime="1675.64" endtime="1675.64" punc="true">,</w>
   <w nite:id="EN2001a.C.words196" starttime="1675.64" endtime="1675.81">I</w>
   <w nite:id="EN2001a.C.words197" starttime="1675.81" endtime="1676.07">have</w>
   <w nite:id="EN2001a.C.words198" starttime="1676.07" endtime="1676.4">only</w>
   <w nite:id="EN2001a.C.words199" starttime="1676.4" endtime="1676.67">seen</w>
   <w nite:id="EN2001a.C.words200" starttime="1676.67" endtime="1676.99">that</w>
   <w nite:id="EN2001a.C.words201" starttime="1676.99" endtime="1677.37">the</w>
   <w nite:id="EN2001a.C.words202" starttime="1677.37" endtime="1677.73">uh</w>
   <w nite:id="EN2001a.C.words203" starttime="1677.73" endtime="1677.85">the</w>
   <w nite:id="EN2001a.C.words204" starttime="1677.85" endtime="1678.5">individual</w>
   <w nite:id="EN2001a.C.words205" starttime="1678.5" endtime="1678.85">words</w>
   <w nite:id="EN2001a.C.words206" starttime="1678.85" endtime="1679.09">have</w>
   <w nite:id="EN2001a.C.words207" starttime="1679.09" endtime="1679.3">got</w>
   <w nite:id="EN2001a.C.words208" starttime="1679.3" endtime="1679.49">an</w>
   <w nite:id="EN2001a.C.words209" starttime="1679.49" endtime="1680.0">I_D_</w>
   <w nite:id="EN2001a.C.words210" starttime="1680.0" endtime="1680.0" punc="true">.</w>
   <w nite:id="EN2001a.C.words211" starttime="1683.32" endtime="1683.96">Yeah</w>
   <w nite:id="EN2001a.C.words212" starttime="1683.96" endtime="1683.96" punc="true">.</w>
   <w nite:id="EN2001a.C.words213" starttime="1683.96" endtime="1684.1">You</w>
   <w nite:id="EN2001a.C.words214" starttime="1684.1" endtime="1684.4">always</w>
   <w nite:id="EN2001a.C.words215" starttime="1684.4" endtime="1684.72">could</w>
   <w nite:id="EN2001a.C.words216" starttime="1684.72" endtime="1684.96">have</w>
   <w nite:id="EN2001a.C.words217" starttime="1684.96" endtime="1685.03">a</w>
   <w nite:id="EN2001a.C.words218" starttime="1685.03" endtime="1685.21">look</w>
   <w nite:id="EN2001a.C.words219" starttime="1685.21" endtime="1685.34">at</w>
   <w nite:id="EN2001a.C.words220" starttime="1685.34" endtime="1685.42">the</w>
   <w nite:id="EN2001a.C.words221" starttime="1685.42" endtime="1685.78">time</w>
   <w nite:id="EN2001a.C.words222" starttime="1685.78" endtime="1686.32">stamps</w>
   <w nite:id="EN2001a.C.words223" starttime="1686.32" endtime="1686.51">and</w>
   <w nite:id="EN2001a.C.words224" starttime="1686.51" endtime="1687.01">then</w>
   <w nite:id="EN2001a.C.words225" starttime="1687.01" endtime="1687.72">take</w>
   <w nite:id="EN2001a.C.words226" starttime="1687.72" endtime="1688.65">the</w>
   <w nite:id="EN2001a.C.words227" starttime="1688.65" endtime="1689.09">ones</w>
   <w nite:id="EN2001a.C.words228" starttime="1689.09" endtime="1689.56">that</w>
   <w nite:id="EN2001a.C.words229" starttime="1689.56" endtime="1689.62">uh</w>
   <w nite:id="EN2001a.C.words230" starttime="1689.62" endtime="1689.96">belong</w>
   <w nite:id="EN2001a.C.words231" starttime="1689.96" endtime="1691.42">together</w>
   <w nite:id="EN2001a.C.words232" starttime="1691.42" endtime="1691.51">to</w>
   <w nite:id="EN2001a.C.words233" starttime="1691.51" endtime="1691.78">form</w>
   <w nite:id="EN2001a.C.words234" starttime="1691.78" endtime="1691.88">an</w>
   <w nite:id="EN2001a.C.words235" starttime="1691.88" endtime="1692.41">utterance</w>
   <w nite:id="EN2001a.C.words236" starttime="1692.41" endtime="1692.41" punc="true">.</w>
   <w nite:id="EN2001a.C.words237" starttime="1698.21" endtime="1698.36">Yeah</w>
   <w nite:id="EN2001a.C.words238" starttime="1698.36" endtime="1698.36" punc="true">,</w>
   <w nite:id="EN2001a.C.words239" starttime="1698.36" endtime="1698.52">if</w>
   <w nite:id="EN2001a.C.words240" starttime="1698.52" endtime="1698.59">they</w>
   <w nite:id="EN2001a.C.words241" starttime="1698.59" endtime="1698.84">are</w>
   <w nite:id="EN2001a.C.words242" starttime="1698.84" endtime="1699.61">already</w>
   <w nite:id="EN2001a.C.words243" starttime="1699.61" endtime="1699.61" punc="true">,</w>
   <w nite:id="EN2001a.C.words244" starttime="1699.61" endtime="1699.88">there&#39;s</w>
   <disfmarker nite:id="EN2001a.C.words245" starttime="1699.88" endtime="1699.88"/>
   <w nite:id="EN2001a.C.words246" starttime="1699.88" endtime="1700.12">it&#39;s</w>
   <w nite:id="EN2001a.C.words247" starttime="1700.12" endtime="1700.46">easy</w>
   <w nite:id="EN2001a.C.words248" starttime="1700.46" endtime="1700.66">but</w>
   <w nite:id="EN2001a.C.words249" starttime="1700.66" endtime="1700.94">it</w>
   <w nite:id="EN2001a.C.words250" starttime="1700.94" endtime="1701.19">would</w>
   <w nite:id="EN2001a.C.words251" starttime="1701.19" endtime="1701.3">be</w>
   <w nite:id="EN2001a.C.words252" starttime="1701.3" endtime="1701.81">possible</w>
   <w nite:id="EN2001a.C.words253" starttime="1701.81" endtime="1701.81" punc="true">.</w>
   <w nite:id="EN2001a.C.words254" starttime="1703.34" endtime="1703.88">Uh</w>
   <w nite:id="EN2001a.C.words255" starttime="1703.88" endtime="1704.9">yeah</w>
   <w nite:id="EN2001a.C.words256" starttime="1704.9" endtime="1704.9" punc="true">.</w>
   <w nite:id="EN2001a.C.words257" starttime="1704.9" endtime="1705.23">Okay</w>
   <w nite:id="EN2001a.C.words258" starttime="1705.23" endtime="1705.23" punc="true">.</w>
   <vocalsound nite:id="EN2001a.C.words259" starttime="1708.224" endtime="1708.881" type="cough"/>
   <vocalsound nite:id="EN2001a.C.words260" starttime="1731.387" endtime="1732.169" type="cough"/>
   <vocalsound nite:id="EN2001a.C.words261" starttime="2106.052" endtime="2106.825" type="cough"/>
   <w nite:id="EN2001a.C.words262" starttime="2234.77" endtime="2234.91">You</w>
   <w nite:id="EN2001a.C.words263" starttime="2234.91" endtime="2235.31" trunc="true">s</w>
   <w nite:id="EN2001a.C.words264" starttime="2235.31" endtime="2236.27">uh</w>
   <w nite:id="EN2001a.C.words265" starttime="2236.27" endtime="2236.49">you</w>
   <w nite:id="EN2001a.C.words266" starttime="2236.49" endtime="2236.72">said</w>
   <w nite:id="EN2001a.C.words267" starttime="2236.72" endtime="2236.84">you</w>
   <w nite:id="EN2001a.C.words268" starttime="2236.84" endtime="2237.54">are</w>
   <vocalsound nite:id="EN2001a.C.words269" starttime="2237.54" endtime="2237.54" type="cough"/>
   <w nite:id="EN2001a.C.words270" starttime="2237.54" endtime="2238.05">currently</w>
   <w nite:id="EN2001a.C.words271" starttime="2238.05" endtime="2238.41" trunc="true">in</w>
   <w nite:id="EN2001a.C.words272" starttime="2238.41" endtime="2238.49">uh</w>
   <w nite:id="EN2001a.C.words273" starttime="2238.49" endtime="2239.17">implementing</w>
   <w nite:id="EN2001a.C.words274" starttime="2239.17" endtime="2239.48">the</w>
   <w nite:id="EN2001a.C.words275" starttime="2239.48" endtime="2240.47">idea</w>
   <w nite:id="EN2001a.C.words276" starttime="2240.47" endtime="2240.47" punc="true">.</w>
   <w nite:id="EN2001a.C.words277" starttime="2240.47" endtime="2240.69">What</w>
   <w nite:id="EN2001a.C.words278" starttime="2240.69" endtime="2241.21">exactly</w>
   <w nite:id="EN2001a.C.words279" starttime="2241.21" endtime="2241.34">are</w>
   <w nite:id="EN2001a.C.words280" starttime="2241.34" endtime="2242.37">you</w>
   <w nite:id="EN2001a.C.words281" starttime="2242.37" endtime="2243.0">computing</w>
   <w nite:id="EN2001a.C.words282" starttime="2243.0" endtime="2243.0" punc="true">?</w>
   <w nite:id="EN2001a.C.words283" starttime="2244.66" endtime="2245.26">Okay</w>
   <w nite:id="EN2001a.C.words284" starttime="2245.26" endtime="2245.26" punc="true">.</w>
   <w nite:id="EN2001a.C.words285" starttime="2248.36" endtime="2248.75">Okay</w>
   <w nite:id="EN2001a.C.words286" starttime="2248.75" endtime="2248.75" punc="true">.</w>
   <w nite:id="EN2001a.C.words287" starttime="2251.36" endtime="2251.69">Mm-hmm</w>
   <w nite:id="EN2001a.C.words288" starttime="2251.69" endtime="2251.69" punc="true">.</w>
   <vocalsound nite:id="EN2001a.C.words289" starttime="2393.861" endtime="2394.905" type="laugh"/>
   <w nite:id="EN2001a.C.words290" starttime="2430.03" endtime="2430.46">Mm-hmm</w>
   <w nite:id="EN2001a.C.words291" starttime="2430.46" endtime="2430.46" punc="true">.</w>
   <vocalsound nite:id="EN2001a.C.words292" starttime="2621.316" endtime="2623.885" type="cough"/>
   <w nite:id="EN2001a.C.words293" starttime="2627.85" endtime="2628.05">Yeah</w>
   <w nite:id="EN2001a.C.words294" starttime="2628.05" endtime="2628.05" punc="true">,</w>
   <w nite:id="EN2001a.C.words295" starttime="2628.05" endtime="2628.22">I</w>
   <w nite:id="EN2001a.C.words296" starttime="2628.22" endtime="2628.3" trunc="true">w</w>
   <w nite:id="EN2001a.C.words297" starttime="2628.3" endtime="2628.43">I</w>
   <w nite:id="EN2001a.C.words298" starttime="2628.43" endtime="2629.18" trunc="true">w</w>
   <vocalsound nite:id="EN2001a.C.words299" starttime="2629.18" endtime="2629.18" type="cough"/>
   <w nite:id="EN2001a.C.words300" starttime="2629.18" endtime="2629.3">I</w>
   <w nite:id="EN2001a.C.words301" starttime="2629.3" endtime="2629.49">would</w>
   <w nite:id="EN2001a.C.words302" starttime="2629.49" endtime="2629.7">need</w>
   <w nite:id="EN2001a.C.words303" starttime="2629.7" endtime="2629.83">the</w>
   <w nite:id="EN2001a.C.words304" starttime="2629.83" endtime="2630.04">raw</w>
   <w nite:id="EN2001a.C.words305" starttime="2630.04" endtime="2630.89">text</w>
   <w nite:id="EN2001a.C.words306" starttime="2630.89" endtime="2631.15">pretty</w>
   <w nite:id="EN2001a.C.words307" starttime="2631.15" endtime="2631.47">soon</w>
   <w nite:id="EN2001a.C.words308" starttime="2631.47" endtime="2631.8">because</w>
   <w nite:id="EN2001a.C.words309" starttime="2631.8" endtime="2632.1">I</w>
   <w nite:id="EN2001a.C.words310" starttime="2632.1" endtime="2632.34">have</w>
   <w nite:id="EN2001a.C.words311" starttime="2632.34" endtime="2633.15">to</w>
   <w nite:id="EN2001a.C.words312" starttime="2633.15" endtime="2633.48">find</w>
   <w nite:id="EN2001a.C.words313" starttime="2633.48" endtime="2634.09">out</w>
   <w nite:id="EN2001a.C.words314" starttime="2634.09" endtime="2635.4">um</w>
   <w nite:id="EN2001a.C.words315" starttime="2635.4" endtime="2636.01">how</w>
   <w nite:id="EN2001a.C.words316" starttime="2636.01" endtime="2636.21">I</w>
   <w nite:id="EN2001a.C.words317" starttime="2636.21" endtime="2636.54">have</w>
   <w nite:id="EN2001a.C.words318" starttime="2636.54" endtime="2637.63">to</w>
   <w nite:id="EN2001a.C.words319" starttime="2637.63" endtime="2637.87">put</w>
   <w nite:id="EN2001a.C.words320" starttime="2637.87" endtime="2638.32">the</w>
   <w nite:id="EN2001a.C.words321" starttime="2638.32" endtime="2638.79">segments</w>
   <w nite:id="EN2001a.C.words322" starttime="2638.79" endtime="2639.03">into</w>
   <w nite:id="EN2001a.C.words323" starttime="2639.03" endtime="2639.72">bins</w>
   <w nite:id="EN2001a.C.words324" starttime="2639.72" endtime="2639.72" punc="true">.</w>
   <w nite:id="EN2001a.C.words325" starttime="2639.72" endtime="2639.93">And</w>
   <w nite:id="EN2001a.C.words326" starttime="2639.93" endtime="2640.99">then</w>
   <disfmarker nite:id="EN2001a.C.words327" starttime="2640.99" endtime="2640.99"/>
   <w nite:id="EN2001a.C.words328" starttime="2640.99" endtime="2641.45">yeah</w>
   <w nite:id="EN2001a.C.words329" starttime="2641.45" endtime="2641.45" punc="true">.</w>
   <w nite:id="EN2001a.C.words330" starttime="2644.41" endtime="2645.18">No</w>
   <w nite:id="EN2001a.C.words331" starttime="2645.18" endtime="2645.18" punc="true">,</w>
   <vocalsound nite:id="EN2001a.C.words332" starttime="2645.18" endtime="2645.18" type="other"/>
   <w nite:id="EN2001a.C.words333" starttime="2645.18" endtime="2645.51">that&#39;s</w>
   <w nite:id="EN2001a.C.words334" starttime="2645.51" endtime="2645.67">not</w>
   <w nite:id="EN2001a.C.words335" starttime="2645.67" endtime="2646.33">necessary</w>
   <w nite:id="EN2001a.C.words336" starttime="2646.33" endtime="2646.33" punc="true">.</w>
   <w nite:id="EN2001a.C.words337" starttime="2654.98" endtime="2655.38">Yes</w>
   <w nite:id="EN2001a.C.words338" starttime="2655.38" endtime="2655.38" punc="true">,</w>
   <w nite:id="EN2001a.C.words339" starttime="2655.38" endtime="2655.42">I</w>
   <w nite:id="EN2001a.C.words340" starttime="2655.42" endtime="2656.29">did</w>
   <w nite:id="EN2001a.C.words341" starttime="2656.29" endtime="2656.29" punc="true">.</w>
   <w nite:id="EN2001a.C.words342" starttime="2656.29" endtime="2656.61">But</w>
   <w nite:id="EN2001a.C.words343" starttime="2656.61" endtime="2657.41">um</w>
   <w nite:id="EN2001a.C.words344" starttime="2657.41" endtime="2657.62">I&#39;ve</w>
   <w nite:id="EN2001a.C.words345" starttime="2657.62" endtime="2658.04">only</w>
   <w nite:id="EN2001a.C.words346" starttime="2658.04" endtime="2658.39">just</w>
   <w nite:id="EN2001a.C.words347" starttime="2658.39" endtime="2658.59">got</w>
   <w nite:id="EN2001a.C.words348" starttime="2658.59" endtime="2658.7">the</w>
   <w nite:id="EN2001a.C.words349" starttime="2658.7" endtime="2659.1">notes</w>
   <w nite:id="EN2001a.C.words350" starttime="2659.1" endtime="2659.1" punc="true">.</w>
   <w nite:id="EN2001a.C.words351" starttime="2659.1" endtime="2659.19">I</w>
   <w nite:id="EN2001a.C.words352" starttime="2659.19" endtime="2659.39">have</w>
   <w nite:id="EN2001a.C.words353" starttime="2659.39" endtime="2659.63">to</w>
   <w nite:id="EN2001a.C.words354" starttime="2659.63" endtime="2660.11">still</w>
   <w nite:id="EN2001a.C.words355" starttime="2660.11" endtime="2660.59">have</w>
   <w nite:id="EN2001a.C.words356" starttime="2660.59" endtime="2660.8">uh</w>
   <w nite:id="EN2001a.C.words357" starttime="2660.8" endtime="2660.93">to</w>
   <w nite:id="EN2001a.C.words358" starttime="2660.93" endtime="2661.49">order</w>
   <w nite:id="EN2001a.C.words359" starttime="2661.49" endtime="2662.46">everything</w>
   <w nite:id="EN2001a.C.words360" starttime="2662.46" endtime="2662.67">by</w>
   <w nite:id="EN2001a.C.words361" starttime="2662.67" endtime="2662.8">the</w>
   <w nite:id="EN2001a.C.words362" starttime="2662.8" endtime="2664.43">time</w>
   <w nite:id="EN2001a.C.words363" starttime="2664.43" endtime="2665.03">and</w>
   <disfmarker nite:id="EN2001a.C.words364" starttime="2665.03" endtime="2665.03"/>
   <w nite:id="EN2001a.C.words365" starttime="2667.14" endtime="2667.41">Yeah</w>
   <w nite:id="EN2001a.C.words366" starttime="2667.41" endtime="2667.41" punc="true">,</w>
   <w nite:id="EN2001a.C.words367" starttime="2667.41" endtime="2667.56">I</w>
   <w nite:id="EN2001a.C.words368" starttime="2667.56" endtime="2667.75">think</w>
   <w nite:id="EN2001a.C.words369" starttime="2667.75" endtime="2667.93">it&#39;s</w>
   <w nite:id="EN2001a.C.words370" starttime="2667.93" endtime="2668.21">quite</w>
   <w nite:id="EN2001a.C.words371" starttime="2668.21" endtime="2668.89">easy</w>
   <w nite:id="EN2001a.C.words372" starttime="2668.89" endtime="2669.05">after</w>
   <w nite:id="EN2001a.C.words373" starttime="2669.05" endtime="2669.35">the</w>
   <disfmarker nite:id="EN2001a.C.words374" starttime="2669.35" endtime="2669.35"/>
   <w nite:id="EN2001a.C.words375" starttime="2671.37" endtime="2672.19">Yeah</w>
   <w nite:id="EN2001a.C.words376" starttime="2672.19" endtime="2672.19" punc="true">.</w>
   <w nite:id="EN2001a.C.words377" starttime="2672.19" endtime="2672.67">Yeah</w>
   <w nite:id="EN2001a.C.words378" starttime="2672.67" endtime="2672.67" punc="true">.</w>
   <w nite:id="EN2001a.C.words379" starttime="2673.76" endtime="2673.88">So</w>
   <w nite:id="EN2001a.C.words380" starttime="2673.88" endtime="2674.33">uh</w>
   <disfmarker nite:id="EN2001a.C.words381" starttime="2674.33" endtime="2674.33"/>
   <w nite:id="EN2001a.C.words382" starttime="2678.73" endtime="2678.98">Mm-hmm</w>
   <w nite:id="EN2001a.C.words383" starttime="2678.98" endtime="2678.98" punc="true">.</w>
   <w nite:id="EN2001a.C.words384" starttime="2686.71" endtime="2687.27">Yeah</w>
   <w nite:id="EN2001a.C.words385" starttime="2687.27" endtime="2687.27" punc="true">,</w>
   <w nite:id="EN2001a.C.words386" starttime="2687.27" endtime="2687.35" trunc="true">b</w>
   <w nite:id="EN2001a.C.words387" starttime="2687.35" endtime="2687.53">I</w>
   <w nite:id="EN2001a.C.words388" starttime="2687.53" endtime="2687.82">uh</w>
   <w nite:id="EN2001a.C.words389" starttime="2687.82" endtime="2687.85" trunc="true">w</w>
   <w nite:id="EN2001a.C.words390" starttime="2687.85" endtime="2688.05">that&#39;s</w>
   <w nite:id="EN2001a.C.words391" starttime="2688.05" endtime="2688.24">what</w>
   <w nite:id="EN2001a.C.words392" starttime="2688.24" endtime="2688.28">I</w>
   <w nite:id="EN2001a.C.words393" starttime="2688.28" endtime="2688.64">was</w>
   <disfmarker nite:id="EN2001a.C.words394" starttime="2688.64" endtime="2688.64"/>
   <w nite:id="EN2001a.C.words395" starttime="2688.64" endtime="2688.78">uh</w>
   <w nite:id="EN2001a.C.words396" starttime="2688.78" endtime="2689.66">thought</w>
   <w nite:id="EN2001a.C.words397" starttime="2689.66" endtime="2689.66" punc="true">.</w>
   <w nite:id="EN2001a.C.words398" starttime="2689.66" endtime="2689.82">That</w>
   <w nite:id="EN2001a.C.words399" starttime="2689.82" endtime="2689.95">you</w>
   <w nite:id="EN2001a.C.words400" starttime="2689.95" endtime="2690.39">just</w>
   <w nite:id="EN2001a.C.words401" starttime="2690.39" endtime="2690.91">combine</w>
   <w nite:id="EN2001a.C.words402" starttime="2690.91" endtime="2691.17">them</w>
   <w nite:id="EN2001a.C.words403" starttime="2691.17" endtime="2691.31">and</w>
   <w nite:id="EN2001a.C.words404" starttime="2691.31" endtime="2691.47">then</w>
   <w nite:id="EN2001a.C.words405" starttime="2691.47" endtime="2691.84">order</w>
   <w nite:id="EN2001a.C.words406" starttime="2691.84" endtime="2692.46">the</w>
   <w nite:id="EN2001a.C.words407" starttime="2692.46" endtime="2692.73">time</w>
   <w nite:id="EN2001a.C.words408" starttime="2692.73" endtime="2693.25">stamps</w>
   <w nite:id="EN2001a.C.words409" starttime="2693.25" endtime="2693.91">accordingly</w>
   <w nite:id="EN2001a.C.words410" starttime="2693.91" endtime="2693.91" punc="true">.</w>
   <w nite:id="EN2001a.C.words411" starttime="2699.91" endtime="2701.15">Okay</w>
   <w nite:id="EN2001a.C.words412" starttime="2701.15" endtime="2701.15" punc="true">.</w>
   <w nite:id="EN2001a.C.words413" starttime="2701.15" endtime="2701.5">Um</w>
   <w nite:id="EN2001a.C.words414" starttime="2701.5" endtime="2701.77">what</w>
   <w nite:id="EN2001a.C.words415" starttime="2701.77" endtime="2701.88">I</w>
   <w nite:id="EN2001a.C.words416" starttime="2701.88" endtime="2702.15">found</w>
   <w nite:id="EN2001a.C.words417" starttime="2702.15" endtime="2702.33">out</w>
   <w nite:id="EN2001a.C.words418" starttime="2702.33" endtime="2703.25">was</w>
   <vocalsound nite:id="EN2001a.C.words419" starttime="2703.25" endtime="2703.25" type="cough"/>
   <w nite:id="EN2001a.C.words420" starttime="2703.25" endtime="2703.44">that</w>
   <w nite:id="EN2001a.C.words421" starttime="2703.44" endtime="2703.67">there</w>
   <w nite:id="EN2001a.C.words422" starttime="2703.67" endtime="2703.71">are</w>
   <w nite:id="EN2001a.C.words423" starttime="2703.71" endtime="2704.04">quite</w>
   <w nite:id="EN2001a.C.words424" starttime="2704.04" endtime="2704.08">a</w>
   <w nite:id="EN2001a.C.words425" starttime="2704.08" endtime="2704.26">lot</w>
   <w nite:id="EN2001a.C.words426" starttime="2704.26" endtime="2704.49">of</w>
   <w nite:id="EN2001a.C.words427" starttime="2704.49" endtime="2705.02">things</w>
   <w nite:id="EN2001a.C.words428" starttime="2705.02" endtime="2705.59">without</w>
   <w nite:id="EN2001a.C.words429" starttime="2705.59" endtime="2706.03">without</w>
   <w nite:id="EN2001a.C.words430" starttime="2706.03" endtime="2706.22" trunc="true">s</w>
   <w nite:id="EN2001a.C.words431" starttime="2706.22" endtime="2706.5">time</w>
   <w nite:id="EN2001a.C.words432" starttime="2706.5" endtime="2707.33">stamps</w>
   <w nite:id="EN2001a.C.words433" starttime="2707.33" endtime="2707.72">in</w>
   <w nite:id="EN2001a.C.words434" starttime="2707.72" endtime="2707.84">the</w>
   <w nite:id="EN2001a.C.words435" starttime="2707.84" endtime="2708.37">beginning</w>
   <w nite:id="EN2001a.C.words436" starttime="2708.37" endtime="2708.37" punc="true">.</w>
   <w nite:id="EN2001a.C.words437" starttime="2709.98" endtime="2710.72">Yeah</w>
   <w nite:id="EN2001a.C.words438" starttime="2710.72" endtime="2710.72" punc="true">,</w>
   <w nite:id="EN2001a.C.words439" starttime="2710.72" endtime="2710.96">and</w>
   <w nite:id="EN2001a.C.words440" starttime="2710.96" endtime="2711.06">uh</w>
   <w nite:id="EN2001a.C.words441" starttime="2711.06" endtime="2711.62">X_M_L_</w>
   <w nite:id="EN2001a.C.words442" starttime="2711.62" endtime="2712.24">files</w>
   <w nite:id="EN2001a.C.words443" starttime="2712.24" endtime="2712.24" punc="true">.</w>
   <w nite:id="EN2001a.C.words444" starttime="2712.24" endtime="2712.42">Yeah</w>
   <w nite:id="EN2001a.C.words445" starttime="2712.42" endtime="2712.42" punc="true">,</w>
   <w nite:id="EN2001a.C.words446" starttime="2712.42" endtime="2712.72">that&#39;s</w>
   <w nite:id="EN2001a.C.words447" starttime="2712.72" endtime="2713.03">just</w>
   <w nite:id="EN2001a.C.words448" starttime="2713.03" endtime="2713.14">an</w>
   <w nite:id="EN2001a.C.words449" starttime="2713.14" endtime="2713.67">I_D_</w>
   <w nite:id="EN2001a.C.words450" starttime="2713.67" endtime="2713.8">or</w>
   <w nite:id="EN2001a.C.words451" starttime="2713.8" endtime="2714.27">something</w>
   <w nite:id="EN2001a.C.words452" starttime="2714.27" endtime="2714.27" punc="true">.</w>
   <w nite:id="EN2001a.C.words453" starttime="2714.27" endtime="2714.33">I</w>
   <w nite:id="EN2001a.C.words454" starttime="2714.33" endtime="2714.52">don&#39;t</w>
   <w nite:id="EN2001a.C.words455" starttime="2714.52" endtime="2714.64">know</w>
   <w nite:id="EN2001a.C.words456" starttime="2714.64" endtime="2714.64" punc="true">.</w>
   <w nite:id="EN2001a.C.words457" starttime="2714.64" endtime="2714.91">Just</w>
   <w nite:id="EN2001a.C.words458" starttime="2714.91" endtime="2715.54">numbers</w>
   <w nite:id="EN2001a.C.words459" starttime="2715.54" endtime="2715.54" punc="true">.</w>
   <w nite:id="EN2001a.C.words460" starttime="2718.67" endtime="2719.14">Yes</w>
   <w nite:id="EN2001a.C.words461" starttime="2719.14" endtime="2719.14" punc="true">,</w>
   <w nite:id="EN2001a.C.words462" starttime="2719.14" endtime="2719.41">but</w>
   <w nite:id="EN2001a.C.words463" starttime="2719.41" endtime="2719.64">what</w>
   <w nite:id="EN2001a.C.words464" starttime="2719.64" endtime="2719.8">are</w>
   <w nite:id="EN2001a.C.words465" starttime="2719.8" endtime="2719.93">the</w>
   <w nite:id="EN2001a.C.words466" starttime="2719.93" endtime="2720.17">other</w>
   <w nite:id="EN2001a.C.words467" starttime="2720.17" endtime="2720.95">things</w>
   <w nite:id="EN2001a.C.words468" starttime="2720.95" endtime="2721.44">that&#39;s</w>
   <w nite:id="EN2001a.C.words469" starttime="2721.44" endtime="2721.5">uh</w>
   <w nite:id="EN2001a.C.words470" starttime="2721.5" endtime="2721.86">some</w>
   <w nite:id="EN2001a.C.words471" starttime="2721.86" endtime="2722.12">kind</w>
   <w nite:id="EN2001a.C.words472" starttime="2722.12" endtime="2722.25">of</w>
   <w nite:id="EN2001a.C.words473" starttime="2722.25" endtime="2723.05">number</w>
   <w nite:id="EN2001a.C.words474" starttime="2723.05" endtime="2723.05" punc="true">?</w>
   <w nite:id="EN2001a.C.words475" starttime="2723.05" endtime="2723.19" trunc="true">F</w>
   <w nite:id="EN2001a.C.words476" starttime="2723.19" endtime="2723.73">maybe</w>
   <w nite:id="EN2001a.C.words477" starttime="2723.73" endtime="2724.08">the</w>
   <w nite:id="EN2001a.C.words478" starttime="2724.08" endtime="2724.41">file</w>
   <w nite:id="EN2001a.C.words479" starttime="2724.41" endtime="2724.77">number</w>
   <w nite:id="EN2001a.C.words480" starttime="2724.77" endtime="2724.83">or</w>
   <w nite:id="EN2001a.C.words481" starttime="2724.83" endtime="2725.43">something</w>
   <w nite:id="EN2001a.C.words482" starttime="2725.43" endtime="2725.61">that</w>
   <w nite:id="EN2001a.C.words483" starttime="2725.61" endtime="2725.95">is</w>
   <w nite:id="EN2001a.C.words484" starttime="2725.95" endtime="2726.07">in</w>
   <w nite:id="EN2001a.C.words485" starttime="2726.07" endtime="2726.15">the</w>
   <w nite:id="EN2001a.C.words486" starttime="2726.15" endtime="2726.71">beginning</w>
   <w nite:id="EN2001a.C.words487" starttime="2726.71" endtime="2726.71" punc="true">.</w>
   <w nite:id="EN2001a.C.words488" starttime="2726.71" endtime="2726.9">What</w>
   <w nite:id="EN2001a.C.words489" starttime="2726.9" endtime="2727.07">is</w>
   <w nite:id="EN2001a.C.words490" starttime="2727.07" endtime="2727.29">that</w>
   <w nite:id="EN2001a.C.words491" starttime="2727.29" endtime="2727.29" punc="true">?</w>
   <w nite:id="EN2001a.C.words492" starttime="2728.92" endtime="2729.01">Do</w>
   <w nite:id="EN2001a.C.words493" starttime="2729.01" endtime="2729.19">you</w>
   <w nite:id="EN2001a.C.words494" starttime="2729.19" endtime="2729.58">know</w>
   <gap nite:id="EN2001a.C.words495" starttime="2729.58" endtime="2729.58"/>
   <w nite:id="EN2001a.C.words496" starttime="2729.58" endtime="2729.58" punc="true">?</w>
   <w nite:id="EN2001a.C.words497" starttime="2730.79" endtime="2731.05">Um</w>
   <w nite:id="EN2001a.C.words498" starttime="2731.05" endtime="2731.16">I</w>
   <w nite:id="EN2001a.C.words499" starttime="2731.16" endtime="2731.42">think</w>
   <w nite:id="EN2001a.C.words500" starttime="2731.42" endtime="2731.64">there</w>
   <w nite:id="EN2001a.C.words501" starttime="2731.64" endtime="2731.69">are</w>
   <w nite:id="EN2001a.C.words502" starttime="2731.69" endtime="2731.95">quite</w>
   <w nite:id="EN2001a.C.words503" starttime="2731.95" endtime="2731.99">a</w>
   <w nite:id="EN2001a.C.words504" starttime="2731.99" endtime="2732.13">lot</w>
   <w nite:id="EN2001a.C.words505" starttime="2732.13" endtime="2732.23">of</w>
   <w nite:id="EN2001a.C.words506" starttime="2732.23" endtime="2733.06">numbers</w>
   <w nite:id="EN2001a.C.words507" starttime="2733.06" endtime="2733.25">in</w>
   <w nite:id="EN2001a.C.words508" starttime="2733.25" endtime="2733.34">the</w>
   <w nite:id="EN2001a.C.words509" starttime="2733.34" endtime="2733.79">beginning</w>
   <w nite:id="EN2001a.C.words510" starttime="2733.79" endtime="2734.04">where</w>
   <w nite:id="EN2001a.C.words511" starttime="2734.04" endtime="2734.22" trunc="true">n</w>
   <w nite:id="EN2001a.C.words512" starttime="2734.22" endtime="2734.42">there</w>
   <w nite:id="EN2001a.C.words513" starttime="2734.42" endtime="2734.54">is</w>
   <w nite:id="EN2001a.C.words514" starttime="2734.54" endtime="2734.73">no</w>
   <w nite:id="EN2001a.C.words515" starttime="2734.73" endtime="2735.08">time</w>
   <w nite:id="EN2001a.C.words516" starttime="2735.08" endtime="2735.46">stamp</w>
   <w nite:id="EN2001a.C.words517" starttime="2735.46" endtime="2735.67">for</w>
   <w nite:id="EN2001a.C.words518" starttime="2735.67" endtime="2735.76">the</w>
   <w nite:id="EN2001a.C.words519" starttime="2735.76" endtime="2736.29">numbers</w>
   <w nite:id="EN2001a.C.words520" starttime="2736.29" endtime="2736.29" punc="true">.</w>
   <w nite:id="EN2001a.C.words521" starttime="2737.75" endtime="2737.99">It&#39;s</w>
   <disfmarker nite:id="EN2001a.C.words522" starttime="2737.99" endtime="2737.99"/>
   <w nite:id="EN2001a.C.words523" starttime="2739.89" endtime="2740.08">Think</w>
   <w nite:id="EN2001a.C.words524" starttime="2740.08" endtime="2740.21">they</w>
   <w nite:id="EN2001a.C.words525" starttime="2740.21" endtime="2740.71">say</w>
   <w nite:id="EN2001a.C.words526" starttime="2740.71" endtime="2741.9">um</w>
   <w nite:id="EN2001a.C.words527" starttime="2741.9" endtime="2742.12">quite</w>
   <w nite:id="EN2001a.C.words528" starttime="2742.12" endtime="2742.18">a</w>
   <w nite:id="EN2001a.C.words529" starttime="2742.18" endtime="2742.32">lot</w>
   <w nite:id="EN2001a.C.words530" starttime="2742.32" endtime="2742.41">of</w>
   <w nite:id="EN2001a.C.words531" starttime="2742.41" endtime="2742.81">numbers</w>
   <w nite:id="EN2001a.C.words532" starttime="2742.81" endtime="2742.96">and</w>
   <w nite:id="EN2001a.C.words533" starttime="2742.96" endtime="2743.26">before</w>
   <w nite:id="EN2001a.C.words534" starttime="2743.26" endtime="2743.47">that</w>
   <w nite:id="EN2001a.C.words535" starttime="2743.47" endtime="2743.47" punc="true">,</w>
   <w nite:id="EN2001a.C.words536" starttime="2743.47" endtime="2743.64">uh</w>
   <w nite:id="EN2001a.C.words537" starttime="2743.64" endtime="2743.99">um</w>
   <w nite:id="EN2001a.C.words538" starttime="2743.99" endtime="2744.2">there&#39;s</w>
   <w nite:id="EN2001a.C.words539" starttime="2744.2" endtime="2744.37">this</w>
   <w nite:id="EN2001a.C.words540" starttime="2744.37" endtime="2744.76">number</w>
   <w nite:id="EN2001a.C.words541" starttime="2744.76" endtime="2744.76" punc="true">.</w>
   <w nite:id="EN2001a.C.words542" starttime="2744.76" endtime="2745.14">Was</w>
   <w nite:id="EN2001a.C.words543" starttime="2745.14" endtime="2745.2">it</w>
   <disfmarker nite:id="EN2001a.C.words544" starttime="2745.2" endtime="2745.2"/>
   <w nite:id="EN2001a.C.words545" starttime="2747.28" endtime="2747.55">Yeah</w>
   <w nite:id="EN2001a.C.words546" starttime="2747.55" endtime="2747.55" punc="true">,</w>
   <w nite:id="EN2001a.C.words547" starttime="2747.55" endtime="2748.1">there</w>
   <w nite:id="EN2001a.C.words548" starttime="2748.1" endtime="2748.23" trunc="true">i</w>
   <w nite:id="EN2001a.C.words549" starttime="2748.23" endtime="2748.27">are</w>
   <w nite:id="EN2001a.C.words550" starttime="2748.27" endtime="2749.88">numbers</w>
   <vocalsound nite:id="EN2001a.C.words551" starttime="2749.88" endtime="2749.88" type="cough"/>
   <w nite:id="EN2001a.C.words552" starttime="2749.88" endtime="2749.97">in</w>
   <w nite:id="EN2001a.C.words553" starttime="2749.97" endtime="2750.38">the</w>
   <w nite:id="EN2001a.C.words554" starttime="2750.38" endtime="2750.61">um</w>
   <w nite:id="EN2001a.C.words555" starttime="2750.61" endtime="2750.72">the</w>
   <w nite:id="EN2001a.C.words556" starttime="2750.72" endtime="2751.2">W_</w>
   <w nite:id="EN2001a.C.words557" starttime="2751.2" endtime="2751.58">tag</w>
   <w nite:id="EN2001a.C.words558" starttime="2751.58" endtime="2751.58" punc="true">,</w>
   <w nite:id="EN2001a.C.words559" starttime="2751.58" endtime="2751.73">but</w>
   <w nite:id="EN2001a.C.words560" starttime="2751.73" endtime="2751.9">there</w>
   <w nite:id="EN2001a.C.words561" starttime="2751.9" endtime="2751.93">are</w>
   <w nite:id="EN2001a.C.words562" starttime="2751.93" endtime="2752.13">no</w>
   <w nite:id="EN2001a.C.words563" starttime="2752.13" endtime="2752.47">time</w>
   <w nite:id="EN2001a.C.words564" starttime="2752.47" endtime="2753.13">stamps</w>
   <w nite:id="EN2001a.C.words565" starttime="2753.13" endtime="2753.13" punc="true">.</w>
   <w nite:id="EN2001a.C.words566" starttime="2756.88" endtime="2757.4">Yeah</w>
   <w nite:id="EN2001a.C.words567" starttime="2757.4" endtime="2757.4" punc="true">.</w>
   <w nite:id="EN2001a.C.words568" starttime="2763.03" endtime="2763.19">Yeah</w>
   <w nite:id="EN2001a.C.words569" starttime="2763.19" endtime="2763.19" punc="true">,</w>
   <w nite:id="EN2001a.C.words570" starttime="2763.19" endtime="2763.29">in</w>
   <w nite:id="EN2001a.C.words571" starttime="2763.29" endtime="2763.39">the</w>
   <w nite:id="EN2001a.C.words572" starttime="2763.39" endtime="2763.76">beginning</w>
   <w nite:id="EN2001a.C.words573" starttime="2763.76" endtime="2763.92">as</w>
   <w nite:id="EN2001a.C.words574" starttime="2763.92" endtime="2764.18">well</w>
   <w nite:id="EN2001a.C.words575" starttime="2764.18" endtime="2764.65">sometimes</w>
   <w nite:id="EN2001a.C.words576" starttime="2764.65" endtime="2764.65" punc="true">,</w>
   <w nite:id="EN2001a.C.words577" starttime="2764.65" endtime="2764.76">I</w>
   <w nite:id="EN2001a.C.words578" starttime="2764.76" endtime="2766.1">think</w>
   <w nite:id="EN2001a.C.words579" starttime="2766.1" endtime="2766.1" punc="true">.</w>
   <w nite:id="EN2001a.C.words580" starttime="2766.1" endtime="2766.29">At</w>
   <w nite:id="EN2001a.C.words581" starttime="2766.29" endtime="2766.56">least</w>
   <w nite:id="EN2001a.C.words582" starttime="2766.56" endtime="2766.64">I</w>
   <w nite:id="EN2001a.C.words583" starttime="2766.64" endtime="2766.9">saw</w>
   <w nite:id="EN2001a.C.words584" starttime="2766.9" endtime="2767.56">some</w>
   <gap nite:id="EN2001a.C.words585" starttime="2767.56" endtime="2767.56"/>
   <w nite:id="EN2001a.C.words586" starttime="2767.56" endtime="2767.56" punc="true">.</w>
   <w nite:id="EN2001a.C.words587" starttime="2769.33" endtime="2769.7">Yeah</w>
   <w nite:id="EN2001a.C.words588" starttime="2769.7" endtime="2769.7" punc="true">.</w>
   <w nite:id="EN2001a.C.words589" starttime="2775.29" endtime="2775.56">Yeah</w>
   <w nite:id="EN2001a.C.words590" starttime="2775.56" endtime="2775.56" punc="true">.</w>
   <vocalsound nite:id="EN2001a.C.words591" starttime="2800.261" endtime="2801.184" type="laugh"/>
   <w nite:id="EN2001a.C.words592" starttime="2808.36" endtime="2808.51">But</w>
   <w nite:id="EN2001a.C.words593" starttime="2808.51" endtime="2808.66">what</w>
   <w nite:id="EN2001a.C.words594" starttime="2808.66" endtime="2808.84">it</w>
   <disfmarker nite:id="EN2001a.C.words595" starttime="2808.84" endtime="2808.84"/>
   <w nite:id="EN2001a.C.words596" starttime="2808.84" endtime="2809.07">is</w>
   <w nite:id="EN2001a.C.words597" starttime="2809.07" endtime="2809.2">it</w>
   <w nite:id="EN2001a.C.words598" starttime="2809.2" endtime="2809.81">actually</w>
   <w nite:id="EN2001a.C.words599" starttime="2809.81" endtime="2809.97">that</w>
   <w nite:id="EN2001a.C.words600" starttime="2809.97" endtime="2810.81">numbers</w>
   <w nite:id="EN2001a.C.words601" starttime="2810.81" endtime="2810.81" punc="true">?</w>
   <w nite:id="EN2001a.C.words602" starttime="2813.41" endtime="2813.72">Okay</w>
   <w nite:id="EN2001a.C.words603" starttime="2813.72" endtime="2813.72" punc="true">,</w>
   <w nite:id="EN2001a.C.words604" starttime="2813.72" endtime="2813.98">so</w>
   <w nite:id="EN2001a.C.words605" starttime="2813.98" endtime="2814.18">but</w>
   <w nite:id="EN2001a.C.words606" starttime="2814.18" endtime="2814.44">there</w>
   <w nite:id="EN2001a.C.words607" starttime="2814.44" endtime="2814.48">are</w>
   <w nite:id="EN2001a.C.words608" starttime="2814.48" endtime="2814.63">no</w>
   <w nite:id="EN2001a.C.words609" starttime="2814.63" endtime="2814.92">time</w>
   <w nite:id="EN2001a.C.words610" starttime="2814.92" endtime="2816.52">stamps</w>
   <w nite:id="EN2001a.C.words611" starttime="2816.52" endtime="2817.09">annotated</w>
   <w nite:id="EN2001a.C.words612" starttime="2817.09" endtime="2817.22">to</w>
   <w nite:id="EN2001a.C.words613" starttime="2817.22" endtime="2817.56">that</w>
   <w nite:id="EN2001a.C.words614" starttime="2817.56" endtime="2817.56" punc="true">.</w>
   <w nite:id="EN2001a.C.words615" starttime="2817.56" endtime="2817.88">It&#39;s</w>
   <w nite:id="EN2001a.C.words616" starttime="2817.88" endtime="2818.05">it&#39;s</w>
   <w nite:id="EN2001a.C.words617" starttime="2818.05" endtime="2818.34">quite</w>
   <w nite:id="EN2001a.C.words618" starttime="2818.34" endtime="2818.82">strange</w>
   <w nite:id="EN2001a.C.words619" starttime="2818.82" endtime="2818.82" punc="true">.</w>
   <w nite:id="EN2001a.C.words620" starttime="2844.45" endtime="2844.56">And</w>
   <w nite:id="EN2001a.C.words621" starttime="2844.56" endtime="2844.98">also</w>
   <w nite:id="EN2001a.C.words622" starttime="2844.98" endtime="2845.35">um</w>
   <w nite:id="EN2001a.C.words623" starttime="2845.35" endtime="2845.55">there</w>
   <w nite:id="EN2001a.C.words624" starttime="2845.55" endtime="2845.59">are</w>
   <w nite:id="EN2001a.C.words625" starttime="2845.59" endtime="2846.94">different</w>
   <w nite:id="EN2001a.C.words626" starttime="2846.94" endtime="2848.49">um</w>
   <w nite:id="EN2001a.C.words627" starttime="2848.49" endtime="2849.26">combinations</w>
   <w nite:id="EN2001a.C.words628" starttime="2849.26" endtime="2849.74">of</w>
   <w nite:id="EN2001a.C.words629" starttime="2849.74" endtime="2850.42">letters</w>
   <w nite:id="EN2001a.C.words630" starttime="2850.42" endtime="2850.42" punc="true">.</w>
   <w nite:id="EN2001a.C.words631" starttime="2850.42" endtime="2850.9">B_R_E_</w>
   <w nite:id="EN2001a.C.words632" starttime="2850.9" endtime="2851.1">and</w>
   <w nite:id="EN2001a.C.words633" starttime="2851.1" endtime="2851.43">something</w>
   <w nite:id="EN2001a.C.words634" starttime="2851.43" endtime="2851.58">like</w>
   <w nite:id="EN2001a.C.words635" starttime="2851.58" endtime="2852.31">that</w>
   <w nite:id="EN2001a.C.words636" starttime="2852.31" endtime="2852.31" punc="true">.</w>
   <w nite:id="EN2001a.C.words637" starttime="2852.31" endtime="2852.51">Is</w>
   <w nite:id="EN2001a.C.words638" starttime="2852.51" endtime="2852.66">it</w>
   <w nite:id="EN2001a.C.words639" starttime="2852.66" endtime="2853.26">everything</w>
   <w nite:id="EN2001a.C.words640" starttime="2853.26" endtime="2854.56">ordered</w>
   <disfmarker nite:id="EN2001a.C.words641" starttime="2854.56" endtime="2854.56"/>
   <w nite:id="EN2001a.C.words642" starttime="2854.56" endtime="2854.7">are</w>
   <w nite:id="EN2001a.C.words643" starttime="2854.7" endtime="2854.81">the</w>
   <w nite:id="EN2001a.C.words644" starttime="2854.81" endtime="2855.08">time</w>
   <w nite:id="EN2001a.C.words645" starttime="2855.08" endtime="2855.55">stamps</w>
   <w nite:id="EN2001a.C.words646" starttime="2855.55" endtime="2856.23">global</w>
   <w nite:id="EN2001a.C.words647" starttime="2856.23" endtime="2856.3">or</w>
   <w nite:id="EN2001a.C.words648" starttime="2856.3" endtime="2856.5">uh</w>
   <w nite:id="EN2001a.C.words649" starttime="2856.5" endtime="2856.57">are</w>
   <w nite:id="EN2001a.C.words650" starttime="2856.57" endtime="2856.73">they</w>
   <w nite:id="EN2001a.C.words651" starttime="2856.73" endtime="2857.88">local</w>
   <w nite:id="EN2001a.C.words652" starttime="2857.88" endtime="2857.96">at</w>
   <w nite:id="EN2001a.C.words653" starttime="2857.96" endtime="2858.15">any</w>
   <w nite:id="EN2001a.C.words654" starttime="2858.15" endtime="2858.58">point</w>
   <w nite:id="EN2001a.C.words655" starttime="2858.58" endtime="2858.58" punc="true">?</w>
   <w nite:id="EN2001a.C.words656" starttime="2862.65" endtime="2863.03">Okay</w>
   <w nite:id="EN2001a.C.words657" starttime="2863.03" endtime="2863.03" punc="true">.</w>
   <vocalsound nite:id="EN2001a.C.words658" starttime="2864.813" endtime="2866.309" type="cough"/>
   <w nite:id="EN2001a.C.words659" starttime="2918.23" endtime="2918.52">Yeah</w>
   <w nite:id="EN2001a.C.words660" starttime="2918.52" endtime="2918.52" punc="true">,</w>
   <w nite:id="EN2001a.C.words661" starttime="2918.52" endtime="2918.77">it&#39;s</w>
   <w nite:id="EN2001a.C.words662" starttime="2918.77" endtime="2919.51">Rainbow</w>
   <w nite:id="EN2001a.C.words663" starttime="2919.51" endtime="2919.51" punc="true">.</w>
   <w nite:id="EN2001a.C.words664" starttime="2919.51" endtime="2919.9">It&#39;s</w>
   <w nite:id="EN2001a.C.words665" starttime="2919.9" endtime="2920.76">um</w>
   <disfmarker nite:id="EN2001a.C.words666" starttime="2920.76" endtime="2920.76"/>
   <w nite:id="EN2001a.C.words667" starttime="2920.76" endtime="2920.87">I</w>
   <w nite:id="EN2001a.C.words668" starttime="2920.87" endtime="2921.1">think</w>
   <w nite:id="EN2001a.C.words669" starttime="2921.1" endtime="2921.33">it&#39;s</w>
   <w nite:id="EN2001a.C.words670" starttime="2921.33" endtime="2921.56">just</w>
   <w nite:id="EN2001a.C.words671" starttime="2921.56" endtime="2921.63">the</w>
   <w nite:id="EN2001a.C.words672" starttime="2921.63" endtime="2922.4">dictionary</w>
   <w nite:id="EN2001a.C.words673" starttime="2922.4" endtime="2922.53">in</w>
   <w nite:id="EN2001a.C.words674" starttime="2922.53" endtime="2922.98">the</w>
   <w nite:id="EN2001a.C.words675" starttime="2922.98" endtime="2923.27">first</w>
   <w nite:id="EN2001a.C.words676" starttime="2923.27" endtime="2923.65">place</w>
   <w nite:id="EN2001a.C.words677" starttime="2923.65" endtime="2923.65" punc="true">.</w>
   <w nite:id="EN2001a.C.words678" starttime="2923.65" endtime="2923.85">But</w>
   <disfmarker nite:id="EN2001a.C.words679" starttime="2923.85" endtime="2923.85"/>
   <vocalsound nite:id="EN2001a.C.words680" starttime="2924.992" endtime="2925.673" type="cough"/>
   <w nite:id="EN2001a.C.words681" starttime="2935.89" endtime="2936.78">Um</w>
   <w nite:id="EN2001a.C.words682" starttime="2936.78" endtime="2937.05">no</w>
   <w nite:id="EN2001a.C.words683" starttime="2937.05" endtime="2937.05" punc="true">,</w>
   <w nite:id="EN2001a.C.words684" starttime="2937.05" endtime="2937.1">I</w>
   <w nite:id="EN2001a.C.words685" starttime="2937.1" endtime="2937.28">have</w>
   <w nite:id="EN2001a.C.words686" starttime="2937.28" endtime="2937.89">to</w>
   <w nite:id="EN2001a.C.words687" starttime="2937.89" endtime="2938.12">bin</w>
   <w nite:id="EN2001a.C.words688" starttime="2938.12" endtime="2938.26">it</w>
   <w nite:id="EN2001a.C.words689" starttime="2938.26" endtime="2939.04">up</w>
   <w nite:id="EN2001a.C.words690" starttime="2939.04" endtime="2939.35">and</w>
   <w nite:id="EN2001a.C.words691" starttime="2939.35" endtime="2939.69">so</w>
   <w nite:id="EN2001a.C.words692" starttime="2939.69" endtime="2939.79">I</w>
   <w nite:id="EN2001a.C.words693" starttime="2939.79" endtime="2940.1">will</w>
   <w nite:id="EN2001a.C.words694" starttime="2940.1" endtime="2940.3">only</w>
   <w nite:id="EN2001a.C.words695" starttime="2940.3" endtime="2940.47">have</w>
   <w nite:id="EN2001a.C.words696" starttime="2940.47" endtime="2940.81">counts</w>
   <w nite:id="EN2001a.C.words697" starttime="2940.81" endtime="2941.05">for</w>
   <w nite:id="EN2001a.C.words698" starttime="2941.05" endtime="2941.72">each</w>
   <w nite:id="EN2001a.C.words699" starttime="2941.72" endtime="2942.7">each</w>
   <w nite:id="EN2001a.C.words700" starttime="2942.7" endtime="2943.07">bin</w>
   <w nite:id="EN2001a.C.words701" starttime="2943.07" endtime="2943.16">or</w>
   <w nite:id="EN2001a.C.words702" starttime="2943.16" endtime="2943.73">something</w>
   <w nite:id="EN2001a.C.words703" starttime="2943.73" endtime="2943.73" punc="true">.</w>
   <w nite:id="EN2001a.C.words704" starttime="2947.73" endtime="2947.96">It&#39;s</w>
   <w nite:id="EN2001a.C.words705" starttime="2947.96" endtime="2948.61">because</w>
   <w nite:id="EN2001a.C.words706" starttime="2948.61" endtime="2948.83">um</w>
   <w nite:id="EN2001a.C.words707" starttime="2948.83" endtime="2949.08">Rainbow</w>
   <w nite:id="EN2001a.C.words708" starttime="2949.08" endtime="2949.25">is</w>
   <w nite:id="EN2001a.C.words709" starttime="2949.25" endtime="2949.3">a</w>
   <w nite:id="EN2001a.C.words710" starttime="2949.3" endtime="2949.64">text</w>
   <w nite:id="EN2001a.C.words711" starttime="2949.64" endtime="2950.44">classification</w>
   <w nite:id="EN2001a.C.words712" starttime="2950.44" endtime="2951.05">system</w>
   <w nite:id="EN2001a.C.words713" starttime="2951.05" endtime="2951.05" punc="true">.</w>
   <w nite:id="EN2001a.C.words714" starttime="2951.05" endtime="2951.22">And</w>
   <w nite:id="EN2001a.C.words715" starttime="2951.22" endtime="2951.37">I</w>
   <w nite:id="EN2001a.C.words716" starttime="2951.37" endtime="2952.43">think</w>
   <vocalsound nite:id="EN2001a.C.words717" starttime="2952.43" endtime="2952.43" type="cough"/>
   <w nite:id="EN2001a.C.words718" starttime="2952.43" endtime="2952.69">it&#39;s</w>
   <w nite:id="EN2001a.C.words719" starttime="2952.69" endtime="2952.87">not</w>
   <w nite:id="EN2001a.C.words720" starttime="2952.87" endtime="2954.55">possible</w>
   <vocalsound nite:id="EN2001a.C.words721" starttime="2954.55" endtime="2954.55" type="other"/>
   <w nite:id="EN2001a.C.words722" starttime="2954.55" endtime="2954.72">to</w>
   <w nite:id="EN2001a.C.words723" starttime="2954.72" endtime="2955.5">have</w>
   <w nite:id="EN2001a.C.words724" starttime="2955.5" endtime="2955.76">just</w>
   <w nite:id="EN2001a.C.words725" starttime="2955.76" endtime="2955.94">one</w>
   <w nite:id="EN2001a.C.words726" starttime="2955.94" endtime="2956.59">class</w>
   <w nite:id="EN2001a.C.words727" starttime="2956.59" endtime="2956.59" punc="true">.</w>
   <w nite:id="EN2001a.C.words728" starttime="2956.59" endtime="2956.82">That&#39;s</w>
   <w nite:id="EN2001a.C.words729" starttime="2956.82" endtime="2956.91">the</w>
   <w nite:id="EN2001a.C.words730" starttime="2956.91" endtime="2957.6">problem</w>
   <w nite:id="EN2001a.C.words731" starttime="2957.6" endtime="2957.6" punc="true">.</w>
   <w nite:id="EN2001a.C.words732" starttime="2961.25" endtime="2961.92">Maybe</w>
   <w nite:id="EN2001a.C.words733" starttime="2961.92" endtime="2962.07">we</w>
   <w nite:id="EN2001a.C.words734" starttime="2962.07" endtime="2962.49">could</w>
   <disfmarker nite:id="EN2001a.C.words735" starttime="2962.49" endtime="2962.49"/>
   <w nite:id="EN2001a.C.words736" starttime="2965.8" endtime="2965.93">Yeah</w>
   <w nite:id="EN2001a.C.words737" starttime="2965.93" endtime="2966.25">sure</w>
   <w nite:id="EN2001a.C.words738" starttime="2966.25" endtime="2966.25" punc="true">,</w>
   <w nite:id="EN2001a.C.words739" starttime="2966.25" endtime="2966.37">you</w>
   <disfmarker nite:id="EN2001a.C.words740" starttime="2966.37" endtime="2966.37"/>
   <w nite:id="EN2001a.C.words741" starttime="2966.37" endtime="2966.59">sure</w>
   <w nite:id="EN2001a.C.words742" starttime="2966.59" endtime="2966.59" punc="true">,</w>
   <w nite:id="EN2001a.C.words743" starttime="2966.59" endtime="2966.72">we</w>
   <w nite:id="EN2001a.C.words744" starttime="2966.72" endtime="2966.89">could</w>
   <w nite:id="EN2001a.C.words745" starttime="2966.89" endtime="2967.07">do</w>
   <w nite:id="EN2001a.C.words746" starttime="2967.07" endtime="2967.27">that</w>
   <w nite:id="EN2001a.C.words747" starttime="2967.27" endtime="2967.27" punc="true">,</w>
   <w nite:id="EN2001a.C.words748" starttime="2967.27" endtime="2967.41">but</w>
   <w nite:id="EN2001a.C.words749" starttime="2967.41" endtime="2967.48">I</w>
   <w nite:id="EN2001a.C.words750" starttime="2967.48" endtime="2967.96">don&#39;t</w>
   <w nite:id="EN2001a.C.words751" starttime="2967.96" endtime="2968.14">that</w>
   <w nite:id="EN2001a.C.words752" starttime="2968.14" endtime="2968.4">makes</w>
   <w nite:id="EN2001a.C.words753" starttime="2968.4" endtime="2969.37">sense</w>
   <w nite:id="EN2001a.C.words754" starttime="2969.37" endtime="2969.37" punc="true">.</w>
   <vocalsound nite:id="EN2001a.C.words755" starttime="2978.128" endtime="2978.128" type="cough"/>
   <w nite:id="EN2001a.C.words756" starttime="2978.15" endtime="2978.87">If</w>
   <w nite:id="EN2001a.C.words757" starttime="2978.87" endtime="2979.39">we</w>
   <w nite:id="EN2001a.C.words758" starttime="2979.39" endtime="2979.9">need</w>
   <w nite:id="EN2001a.C.words759" starttime="2979.9" endtime="2980.22">just</w>
   <w nite:id="EN2001a.C.words760" starttime="2980.22" endtime="2981.1">frequencies</w>
   <w nite:id="EN2001a.C.words761" starttime="2981.1" endtime="2981.1" punc="true">,</w>
   <w nite:id="EN2001a.C.words762" starttime="2981.1" endtime="2981.43">maybe</w>
   <w nite:id="EN2001a.C.words763" starttime="2981.43" endtime="2981.6">we</w>
   <w nite:id="EN2001a.C.words764" starttime="2981.6" endtime="2981.87">should</w>
   <w nite:id="EN2001a.C.words765" starttime="2981.87" endtime="2983.26">just</w>
   <w nite:id="EN2001a.C.words766" starttime="2983.26" endtime="2983.8">calculate</w>
   <w nite:id="EN2001a.C.words767" starttime="2983.8" endtime="2984.18">them</w>
   <w nite:id="EN2001a.C.words768" starttime="2984.18" endtime="2985.37">by</w>
   <w nite:id="EN2001a.C.words769" starttime="2985.37" endtime="2985.7">using</w>
   <w nite:id="EN2001a.C.words770" starttime="2985.7" endtime="2985.99">Perl</w>
   <w nite:id="EN2001a.C.words771" starttime="2985.99" endtime="2986.04">or</w>
   <w nite:id="EN2001a.C.words772" starttime="2986.04" endtime="2986.77">something</w>
   <w nite:id="EN2001a.C.words773" starttime="2986.77" endtime="2986.77" punc="true">.</w>
   <w nite:id="EN2001a.C.words774" starttime="2986.77" endtime="2986.91">I</w>
   <w nite:id="EN2001a.C.words775" starttime="2986.91" endtime="2987.03">don&#39;t</w>
   <w nite:id="EN2001a.C.words776" starttime="2987.03" endtime="2987.18">know</w>
   <w nite:id="EN2001a.C.words777" starttime="2987.18" endtime="2987.18" punc="true">.</w>
   <w nite:id="EN2001a.C.words778" starttime="2991.38" endtime="2991.49">Yeah</w>
   <w nite:id="EN2001a.C.words779" starttime="2991.49" endtime="2991.49" punc="true">,</w>
   <w nite:id="EN2001a.C.words780" starttime="2991.49" endtime="2991.62">it&#39;s</w>
   <w nite:id="EN2001a.C.words781" starttime="2991.62" endtime="2991.83">quite</w>
   <w nite:id="EN2001a.C.words782" starttime="2991.83" endtime="2992.13">easy</w>
   <w nite:id="EN2001a.C.words783" starttime="2992.13" endtime="2992.55">to</w>
   <w nite:id="EN2001a.C.words784" starttime="2992.55" endtime="2992.85">just</w>
   <w nite:id="EN2001a.C.words785" starttime="2992.85" endtime="2993.28">count</w>
   <w nite:id="EN2001a.C.words786" starttime="2993.28" endtime="2993.58">and</w>
   <w nite:id="EN2001a.C.words787" starttime="2993.58" endtime="2993.74" trunc="true">s</w>
   <w nite:id="EN2001a.C.words788" starttime="2993.74" endtime="2994.15">or</w>
   <w nite:id="EN2001a.C.words789" starttime="2994.15" endtime="2994.62">sort</w>
   <w nite:id="EN2001a.C.words790" starttime="2994.62" endtime="2994.85">them</w>
   <w nite:id="EN2001a.C.words791" starttime="2994.85" endtime="2995.02">by</w>
   <gap nite:id="EN2001a.C.words792" starttime="2995.02" endtime="2995.02"/>
   <disfmarker nite:id="EN2001a.C.words793" starttime="2995.02" endtime="2995.02"/>
   <w nite:id="EN2001a.C.words794" starttime="2995.02" endtime="2995.88">um</w>
   <w nite:id="EN2001a.C.words795" starttime="2995.88" endtime="2996.56">frequency</w>
   <w nite:id="EN2001a.C.words796" starttime="2996.56" endtime="2996.56" punc="true">.</w>
   <w nite:id="EN2001a.C.words797" starttime="2998.61" endtime="2999.19">Just</w>
   <w nite:id="EN2001a.C.words798" starttime="2999.19" endtime="2999.6">using</w>
   <w nite:id="EN2001a.C.words799" starttime="2999.6" endtime="2999.66">a</w>
   <w nite:id="EN2001a.C.words800" starttime="2999.66" endtime="3000.2">Perl</w>
   <w nite:id="EN2001a.C.words801" starttime="3000.2" endtime="3000.69">script</w>
   <w nite:id="EN2001a.C.words802" starttime="3000.69" endtime="3000.69" punc="true">.</w>
   <w nite:id="EN2001a.C.words803" starttime="3005.49" endtime="3005.63">Is</w>
   <w nite:id="EN2001a.C.words804" starttime="3005.63" endtime="3005.74">it</w>
   <w nite:id="EN2001a.C.words805" starttime="3005.74" endtime="3005.89">too</w>
   <w nite:id="EN2001a.C.words806" starttime="3005.89" endtime="3006.25">big</w>
   <w nite:id="EN2001a.C.words807" starttime="3006.25" endtime="3006.25" punc="true">?</w>
   <w nite:id="EN2001a.C.words808" starttime="3010.52" endtime="3011.1">Yeah</w>
   <w nite:id="EN2001a.C.words809" starttime="3011.1" endtime="3011.1" punc="true">.</w>
   <w nite:id="EN2001a.C.words810" starttime="3019.58" endtime="3020.02">Hmm</w>
   <w nite:id="EN2001a.C.words811" starttime="3020.02" endtime="3020.02" punc="true">.</w>
   <w nite:id="EN2001a.C.words812" starttime="3026.14" endtime="3026.28">I</w>
   <w nite:id="EN2001a.C.words813" starttime="3026.28" endtime="3026.48">don&#39;t</w>
   <w nite:id="EN2001a.C.words814" starttime="3026.48" endtime="3026.6">know</w>
   <w nite:id="EN2001a.C.words815" starttime="3026.6" endtime="3026.78">how</w>
   <w nite:id="EN2001a.C.words816" starttime="3026.78" endtime="3027.05">you</w>
   <disfmarker nite:id="EN2001a.C.words817" starttime="3027.05" endtime="3027.05"/>
   <w nite:id="EN2001a.C.words818" starttime="3027.05" endtime="3027.17">how</w>
   <w nite:id="EN2001a.C.words819" starttime="3027.17" endtime="3028.89">many</w>
   <w nite:id="EN2001a.C.words820" starttime="3028.89" endtime="3029.26">terms</w>
   <w nite:id="EN2001a.C.words821" starttime="3029.26" endtime="3029.38">you</w>
   <w nite:id="EN2001a.C.words822" starttime="3029.38" endtime="3029.57">can</w>
   <w nite:id="EN2001a.C.words823" starttime="3029.57" endtime="3030.16">handle</w>
   <w nite:id="EN2001a.C.words824" starttime="3030.16" endtime="3030.31">in</w>
   <w nite:id="EN2001a.C.words825" starttime="3030.31" endtime="3030.46">Perl</w>
   <w nite:id="EN2001a.C.words826" starttime="3030.46" endtime="3030.46" punc="true">.</w>
   <w nite:id="EN2001a.C.words827" starttime="3037.74" endtime="3037.86">Mm</w>
   <w nite:id="EN2001a.C.words828" starttime="3037.86" endtime="3038.08">yeah</w>
   <w nite:id="EN2001a.C.words829" starttime="3038.08" endtime="3038.08" punc="true">.</w>
   <w nite:id="EN2001a.C.words830" starttime="3493.64" endtime="3494.33">Uh</w>
   <vocalsound nite:id="EN2001a.C.words831" starttime="3494.33" endtime="3494.33" type="cough"/>
   <w nite:id="EN2001a.C.words832" starttime="3494.33" endtime="3494.45">I</w>
   <w nite:id="EN2001a.C.words833" starttime="3494.45" endtime="3494.62">can</w>
   <w nite:id="EN2001a.C.words834" starttime="3494.62" endtime="3494.82">get</w>
   <w nite:id="EN2001a.C.words835" starttime="3494.82" endtime="3494.95">all</w>
   <w nite:id="EN2001a.C.words836" starttime="3494.95" endtime="3495.06">the</w>
   <w nite:id="EN2001a.C.words837" starttime="3495.06" endtime="3495.2">raw</w>
   <w nite:id="EN2001a.C.words838" starttime="3495.2" endtime="3495.56">text</w>
   <w nite:id="EN2001a.C.words839" starttime="3495.56" endtime="3495.56" punc="true">,</w>
   <w nite:id="EN2001a.C.words840" starttime="3495.56" endtime="3495.68">but</w>
   <w nite:id="EN2001a.C.words841" starttime="3495.68" endtime="3495.79">it</w>
   <w nite:id="EN2001a.C.words842" starttime="3495.79" endtime="3495.97">has</w>
   <w nite:id="EN2001a.C.words843" starttime="3495.97" endtime="3496.09">to</w>
   <w nite:id="EN2001a.C.words844" starttime="3496.09" endtime="3496.18">be</w>
   <w nite:id="EN2001a.C.words845" starttime="3496.18" endtime="3496.5">ordered</w>
   <w nite:id="EN2001a.C.words846" starttime="3496.5" endtime="3497.21">still</w>
   <w nite:id="EN2001a.C.words847" starttime="3497.21" endtime="3497.21" punc="true">.</w>
   <w nite:id="EN2001a.C.words848" starttime="3497.21" endtime="3497.49">So</w>
   <disfmarker nite:id="EN2001a.C.words849" starttime="3497.49" endtime="3497.49"/>
   <w nite:id="EN2001a.C.words850" starttime="3502.32" endtime="3502.4">No</w>
   <w nite:id="EN2001a.C.words851" starttime="3502.4" endtime="3502.4" punc="true">,</w>
   <w nite:id="EN2001a.C.words852" starttime="3502.4" endtime="3502.6">it</w>
   <w nite:id="EN2001a.C.words853" starttime="3502.6" endtime="3502.97">isn&#39;t</w>
   <w nite:id="EN2001a.C.words854" starttime="3502.97" endtime="3502.97" punc="true">.</w>
   <w nite:id="EN2001a.C.words855" starttime="3523.39" endtime="3524.15">Um</w>
   <w nite:id="EN2001a.C.words856" starttime="3524.15" endtime="3524.74">it&#39;s</w>
   <w nite:id="EN2001a.C.words857" starttime="3524.74" endtime="3525.03">in</w>
   <disfmarker nite:id="EN2001a.C.words858" starttime="3525.03" endtime="3525.03"/>
   <w nite:id="EN2001a.C.words859" starttime="3525.03" endtime="3525.32">what</w>
   <w nite:id="EN2001a.C.words860" starttime="3525.32" endtime="3525.43">is</w>
   <w nite:id="EN2001a.C.words861" starttime="3525.43" endtime="3526.0">implemented</w>
   <w nite:id="EN2001a.C.words862" starttime="3526.0" endtime="3526.14">in</w>
   <w nite:id="EN2001a.C.words863" starttime="3526.14" endtime="3526.43">Rainbow</w>
   <w nite:id="EN2001a.C.words864" starttime="3526.43" endtime="3526.59">is</w>
   <w nite:id="EN2001a.C.words865" starttime="3526.59" endtime="3527.3">information</w>
   <w nite:id="EN2001a.C.words866" starttime="3527.3" endtime="3527.74">gain</w>
   <w nite:id="EN2001a.C.words867" starttime="3527.74" endtime="3527.74" punc="true">,</w>
   <w nite:id="EN2001a.C.words868" starttime="3527.74" endtime="3527.94">and</w>
   <w nite:id="EN2001a.C.words869" starttime="3527.94" endtime="3528.18">I&#39;m</w>
   <w nite:id="EN2001a.C.words870" starttime="3528.18" endtime="3528.35">not</w>
   <w nite:id="EN2001a.C.words871" starttime="3528.35" endtime="3528.58">quite</w>
   <w nite:id="EN2001a.C.words872" starttime="3528.58" endtime="3528.95">sure</w>
   <w nite:id="EN2001a.C.words873" starttime="3528.95" endtime="3529.23">how</w>
   <w nite:id="EN2001a.C.words874" starttime="3529.23" endtime="3530.23">they</w>
   <w nite:id="EN2001a.C.words875" starttime="3530.23" endtime="3530.82">calculate</w>
   <w nite:id="EN2001a.C.words876" starttime="3530.82" endtime="3530.97">that</w>
   <w nite:id="EN2001a.C.words877" starttime="3530.97" endtime="3530.97" punc="true">.</w>
   <w nite:id="EN2001a.C.words878" starttime="3537.2" endtime="3537.62">Yeah</w>
   <w nite:id="EN2001a.C.words879" starttime="3537.62" endtime="3537.62" punc="true">.</w>
   <w nite:id="EN2001a.C.words880" starttime="3563.4" endtime="3563.44">Uh</w>
   <w nite:id="EN2001a.C.words881" starttime="3563.44" endtime="3563.67">that&#39;s</w>
   <w nite:id="EN2001a.C.words882" starttime="3563.67" endtime="3563.82">what</w>
   <w nite:id="EN2001a.C.words883" starttime="3563.82" endtime="3564.19">Rainbow</w>
   <w nite:id="EN2001a.C.words884" starttime="3564.19" endtime="3564.61">does</w>
   <w nite:id="EN2001a.C.words885" starttime="3564.61" endtime="3564.61" punc="true">.</w>
   <w nite:id="EN2001a.C.words886" starttime="3564.61" endtime="3564.76">I</w>
   <w nite:id="EN2001a.C.words887" starttime="3564.76" endtime="3565.83">think</w>
   <w nite:id="EN2001a.C.words888" starttime="3565.83" endtime="3565.93">you</w>
   <w nite:id="EN2001a.C.words889" starttime="3565.93" endtime="3566.01" trunc="true">j</w>
   <w nite:id="EN2001a.C.words890" starttime="3566.01" endtime="3566.2">can</w>
   <w nite:id="EN2001a.C.words891" starttime="3566.2" endtime="3566.57">just</w>
   <w nite:id="EN2001a.C.words892" starttime="3566.57" endtime="3566.89">get</w>
   <w nite:id="EN2001a.C.words893" starttime="3566.89" endtime="3567.64">probabilities</w>
   <w nite:id="EN2001a.C.words894" starttime="3567.64" endtime="3567.89">for</w>
   <w nite:id="EN2001a.C.words895" starttime="3567.89" endtime="3568.04">a</w>
   <disfmarker nite:id="EN2001a.C.words896" starttime="3568.04" endtime="3568.04"/>
   <w nite:id="EN2001a.C.words897" starttime="3568.04" endtime="3568.42">certain</w>
   <w nite:id="EN2001a.C.words898" starttime="3568.42" endtime="3569.0">words</w>
   <disfmarker nite:id="EN2001a.C.words899" starttime="3569.0" endtime="3569.0"/>
   <w nite:id="EN2001a.C.words900" starttime="3569.0" endtime="3569.41">for</w>
   <w nite:id="EN2001a.C.words901" starttime="3569.41" endtime="3570.17">each</w>
   <w nite:id="EN2001a.C.words902" starttime="3570.17" endtime="3570.77">document</w>
   <w nite:id="EN2001a.C.words903" starttime="3570.77" endtime="3570.77" punc="true">.</w>
   <w nite:id="EN2001a.C.words904" starttime="3572.06" endtime="3572.52">Certain</w>
   <disfmarker nite:id="EN2001a.C.words905" starttime="3572.52" endtime="3572.52"/>
   <w nite:id="EN2001a.C.words906" starttime="3575.35" endtime="3577.58">Um</w>
   <w nite:id="EN2001a.C.words907" starttime="3577.58" endtime="3577.76">we</w>
   <w nite:id="EN2001a.C.words908" starttime="3577.76" endtime="3578.01">would</w>
   <w nite:id="EN2001a.C.words909" starttime="3578.01" endtime="3578.16">have</w>
   <w nite:id="EN2001a.C.words910" starttime="3578.16" endtime="3578.29">to</w>
   <w nite:id="EN2001a.C.words911" starttime="3578.29" endtime="3578.46">look</w>
   <w nite:id="EN2001a.C.words912" starttime="3578.46" endtime="3578.55">at</w>
   <w nite:id="EN2001a.C.words913" starttime="3578.55" endtime="3578.9">that</w>
   <w nite:id="EN2001a.C.words914" starttime="3578.9" endtime="3578.9" punc="true">.</w>
   <w nite:id="EN2001a.C.words915" starttime="3585.58" endtime="3586.02">Mm-hmm</w>
   <w nite:id="EN2001a.C.words916" starttime="3586.02" endtime="3586.02" punc="true">.</w>
   <w nite:id="EN2001a.C.words917" starttime="3587.79" endtime="3588.1">Oh</w>
   <w nite:id="EN2001a.C.words918" starttime="3588.1" endtime="3588.1" punc="true">.</w>
   <vocalsound nite:id="EN2001a.C.words919" starttime="3741.137" endtime="3742.544" type="cough"/>
   <w nite:id="EN2001a.C.words920" starttime="3783.48" endtime="3783.65">Yeah</w>
   <w nite:id="EN2001a.C.words921" starttime="3783.65" endtime="3783.65" punc="true">,</w>
   <w nite:id="EN2001a.C.words922" starttime="3783.65" endtime="3783.9">that&#39;s</w>
   <w nite:id="EN2001a.C.words923" starttime="3783.9" endtime="3784.14">what</w>
   <w nite:id="EN2001a.C.words924" starttime="3784.14" endtime="3784.27">I</w>
   <w nite:id="EN2001a.C.words925" starttime="3784.27" endtime="3784.55">thought</w>
   <w nite:id="EN2001a.C.words926" starttime="3784.55" endtime="3784.69">as</w>
   <w nite:id="EN2001a.C.words927" starttime="3784.69" endtime="3785.17">well</w>
   <w nite:id="EN2001a.C.words928" starttime="3785.17" endtime="3785.17" punc="true">,</w>
   <w nite:id="EN2001a.C.words929" starttime="3785.17" endtime="3785.35">that</w>
   <w nite:id="EN2001a.C.words930" starttime="3785.35" endtime="3786.03">you</w>
   <disfmarker nite:id="EN2001a.C.words931" starttime="3786.03" endtime="3786.03"/>
   <w nite:id="EN2001a.C.words932" starttime="3786.03" endtime="3786.2">that</w>
   <w nite:id="EN2001a.C.words933" starttime="3786.2" endtime="3786.72">probably</w>
   <w nite:id="EN2001a.C.words934" starttime="3786.72" endtime="3787.06">the</w>
   <w nite:id="EN2001a.C.words935" starttime="3787.06" endtime="3787.2">the</w>
   <w nite:id="EN2001a.C.words936" starttime="3787.2" endtime="3787.63">topic</w>
   <w nite:id="EN2001a.C.words937" starttime="3787.63" endtime="3789.09">segment</w>
   <w nite:id="EN2001a.C.words938" starttime="3789.09" endtime="3789.47">level</w>
   <w nite:id="EN2001a.C.words939" starttime="3789.47" endtime="3790.09">is</w>
   <w nite:id="EN2001a.C.words940" starttime="3790.09" endtime="3790.18">the</w>
   <w nite:id="EN2001a.C.words941" starttime="3790.18" endtime="3790.98">most</w>
   <w nite:id="EN2001a.C.words942" starttime="3790.98" endtime="3791.26">um</w>
   <w nite:id="EN2001a.C.words943" starttime="3791.26" endtime="3792.22">informative</w>
   <w nite:id="EN2001a.C.words944" starttime="3792.22" endtime="3792.54">for</w>
   <w nite:id="EN2001a.C.words945" starttime="3792.54" endtime="3792.86">the</w>
   <w nite:id="EN2001a.C.words946" starttime="3792.86" endtime="3793.52">words</w>
   <w nite:id="EN2001a.C.words947" starttime="3793.52" endtime="3793.52" punc="true">.</w>
   <w nite:id="EN2001a.C.words948" starttime="3796.3" endtime="3796.49">Yeah</w>
   <w nite:id="EN2001a.C.words949" starttime="3796.49" endtime="3796.49" punc="true">,</w>
   <w nite:id="EN2001a.C.words950" starttime="3796.49" endtime="3796.84">that&#39;s</w>
   <w nite:id="EN2001a.C.words951" starttime="3796.84" endtime="3796.93">the</w>
   <w nite:id="EN2001a.C.words952" starttime="3796.93" endtime="3797.62">problem</w>
   <w nite:id="EN2001a.C.words953" starttime="3797.62" endtime="3797.62" punc="true">.</w>
   <w nite:id="EN2001a.C.words954" starttime="3797.62" endtime="3797.65">I</w>
   <w nite:id="EN2001a.C.words955" starttime="3797.65" endtime="3797.93">don&#39;t</w>
   <w nite:id="EN2001a.C.words956" starttime="3797.93" endtime="3798.23">know</w>
   <w nite:id="EN2001a.C.words957" starttime="3798.23" endtime="3798.23" punc="true">.</w>
   <vocalsound nite:id="EN2001a.C.words958" starttime="4108.675" endtime="4109.864" type="cough"/>
   <w nite:id="EN2001a.C.words959" starttime="4149.49" endtime="4149.96">Mm-hmm</w>
   <w nite:id="EN2001a.C.words960" starttime="4149.96" endtime="4149.96" punc="true">.</w>
   <vocalsound nite:id="EN2001a.C.words961" starttime="4174.796" endtime="4175.786" type="laugh"/>
   <vocalsound nite:id="EN2001a.C.words962" starttime="4196.528" endtime="4197.293" type="cough"/>
   <vocalsound nite:id="EN2001a.C.words963" starttime="4245.888" endtime="4247.230" type="laugh"/>
   <vocalsound nite:id="EN2001a.C.words964" starttime="4249.219" endtime="4249.219" type="laugh"/>
   <w nite:id="EN2001a.C.words965" starttime="4252.22" endtime="4252.39">So</w>
   <w nite:id="EN2001a.C.words966" starttime="4252.39" endtime="4252.64">shall</w>
   <w nite:id="EN2001a.C.words967" starttime="4252.64" endtime="4252.75">we</w>
   <w nite:id="EN2001a.C.words968" starttime="4252.75" endtime="4252.94">sit</w>
   <w nite:id="EN2001a.C.words969" starttime="4252.94" endtime="4253.33">together</w>
   <w nite:id="EN2001a.C.words970" starttime="4253.33" endtime="4253.79">tomorrow</w>
   <w nite:id="EN2001a.C.words971" starttime="4253.79" endtime="4254.06">then</w>
   <w nite:id="EN2001a.C.words972" starttime="4254.06" endtime="4254.23">as</w>
   <w nite:id="EN2001a.C.words973" starttime="4254.23" endtime="4254.35">well</w>
   <w nite:id="EN2001a.C.words974" starttime="4254.35" endtime="4254.35" punc="true">?</w>
   <w nite:id="EN2001a.C.words975" starttime="4254.35" endtime="4255.38">Uh</w>
   <disfmarker nite:id="EN2001a.C.words976" starttime="4255.38" endtime="4255.38"/>
   <w nite:id="EN2001a.C.words977" starttime="4255.38" endtime="4255.76">Okay</w>
   <w nite:id="EN2001a.C.words978" starttime="4255.76" endtime="4255.76" punc="true">.</w>
   <w nite:id="EN2001a.C.words979" starttime="4265.08" endtime="4265.63">Um</w>
   <w nite:id="EN2001a.C.words980" starttime="4265.63" endtime="4265.63" punc="true">,</w>
   <w nite:id="EN2001a.C.words981" starttime="4265.63" endtime="4265.75">yeah</w>
   <w nite:id="EN2001a.C.words982" starttime="4265.75" endtime="4265.75" punc="true">,</w>
   <w nite:id="EN2001a.C.words983" starttime="4265.75" endtime="4265.94" trunc="true">w</w>
   <w nite:id="EN2001a.C.words984" starttime="4265.94" endtime="4266.08">would</w>
   <w nite:id="EN2001a.C.words985" starttime="4266.08" endtime="4266.15">it</w>
   <w nite:id="EN2001a.C.words986" starttime="4266.15" endtime="4266.29">be</w>
   <w nite:id="EN2001a.C.words987" starttime="4266.29" endtime="4267.6">best</w>
   <w nite:id="EN2001a.C.words988" starttime="4267.6" endtime="4267.6" punc="true">?</w>
   <w nite:id="EN2001a.C.words989" starttime="4267.6" endtime="4267.75">At</w>
   <w nite:id="EN2001a.C.words990" starttime="4267.75" endtime="4267.83">the</w>
   <w nite:id="EN2001a.C.words991" starttime="4267.83" endtime="4268.16">moment</w>
   <w nite:id="EN2001a.C.words992" starttime="4268.16" endtime="4268.47">it&#39;s</w>
   <w nite:id="EN2001a.C.words993" starttime="4268.47" endtime="4268.71">it&#39;s</w>
   <w nite:id="EN2001a.C.words994" starttime="4268.71" endtime="4269.0">just</w>
   <w nite:id="EN2001a.C.words995" starttime="4269.0" endtime="4269.5">lines</w>
   <w nite:id="EN2001a.C.words996" starttime="4269.5" endtime="4270.28">of</w>
   <disfmarker nite:id="EN2001a.C.words997" starttime="4270.28" endtime="4270.28"/>
   <vocalsound nite:id="EN2001a.C.words998" endtime="4270.740" starttime="4270.28" type="cough"/>
   <w nite:id="EN2001a.C.words999" starttime="4273.03" endtime="4273.4">Mm-hmm</w>
   <w nite:id="EN2001a.C.words1000" starttime="4273.4" endtime="4273.4" punc="true">.</w>
   <w nite:id="EN2001a.C.words1001" starttime="4296.13" endtime="4296.7">Um</w>
   <disfmarker nite:id="EN2001a.C.words1002" starttime="4296.7" endtime="4296.7"/>
   <w nite:id="EN2001a.C.words1003" starttime="4303.07" endtime="4303.6">Okay</w>
   <w nite:id="EN2001a.C.words1004" starttime="4303.6" endtime="4303.6" punc="true">.</w>
   <w nite:id="EN2001a.C.words1005" starttime="4303.6" endtime="4304.02">So</w>
   <w nite:id="EN2001a.C.words1006" starttime="4304.02" endtime="4304.82">um</w>
   <w nite:id="EN2001a.C.words1007" starttime="4304.82" endtime="4305.37">you&#39;d</w>
   <disfmarker nite:id="EN2001a.C.words1008" starttime="4305.37" endtime="4305.37"/>
   <w nite:id="EN2001a.C.words1009" starttime="4305.37" endtime="4305.51">do</w>
   <w nite:id="EN2001a.C.words1010" starttime="4305.51" endtime="4305.67">you</w>
   <w nite:id="EN2001a.C.words1011" starttime="4305.67" endtime="4306.15">extract</w>
   <w nite:id="EN2001a.C.words1012" starttime="4306.15" endtime="4306.26">the</w>
   <w nite:id="EN2001a.C.words1013" starttime="4306.26" endtime="4306.78">words</w>
   <w nite:id="EN2001a.C.words1014" starttime="4306.78" endtime="4306.78" punc="true">,</w>
   <w nite:id="EN2001a.C.words1015" starttime="4306.78" endtime="4306.9">the</w>
   <w nite:id="EN2001a.C.words1016" starttime="4306.9" endtime="4307.12">raw</w>
   <w nite:id="EN2001a.C.words1017" starttime="4307.12" endtime="4307.58">text</w>
   <w nite:id="EN2001a.C.words1018" starttime="4307.58" endtime="4307.58" punc="true">,</w>
   <w nite:id="EN2001a.C.words1019" starttime="4307.58" endtime="4307.72">as</w>
   <w nite:id="EN2001a.C.words1020" starttime="4307.72" endtime="4307.95">well</w>
   <w nite:id="EN2001a.C.words1021" starttime="4307.95" endtime="4307.95" punc="true">?</w>
   <w nite:id="EN2001a.C.words1022" starttime="4307.95" endtime="4308.23">Uh</w>
   <disfmarker nite:id="EN2001a.C.words1023" starttime="4308.23" endtime="4308.23"/>
   <w nite:id="EN2001a.C.words1024" starttime="4312.5" endtime="4312.81">Okay</w>
   <w nite:id="EN2001a.C.words1025" starttime="4312.81" endtime="4312.81" punc="true">.</w>
   <w nite:id="EN2001a.C.words1026" starttime="4315.22" endtime="4315.57">Mm-hmm</w>
   <w nite:id="EN2001a.C.words1027" starttime="4315.57" endtime="4315.57" punc="true">.</w>
   <w nite:id="EN2001a.C.words1028" starttime="4317.96" endtime="4318.23">Print</w>
   <w nite:id="EN2001a.C.words1029" starttime="4318.23" endtime="4318.53">out</w>
   <w nite:id="EN2001a.C.words1030" starttime="4318.53" endtime="4318.53" punc="true">.</w>
   <vocalsound nite:id="EN2001a.C.words1031" starttime="4327.975" endtime="4328.832" type="laugh"/>
   <w nite:id="EN2001a.C.words1032" starttime="4336.68" endtime="4337.34">Okay</w>
   <w nite:id="EN2001a.C.words1033" starttime="4337.34" endtime="4337.34" punc="true">.</w>
   <w nite:id="EN2001a.C.words1034" starttime="4337.34" endtime="4337.76">Okay</w>
   <w nite:id="EN2001a.C.words1035" starttime="4337.76" endtime="4337.76" punc="true">,</w>
   <w nite:id="EN2001a.C.words1036" starttime="4337.76" endtime="4337.87">that</w>
   <disfmarker nite:id="EN2001a.C.words1037" starttime="4337.87" endtime="4337.87"/>
   <w nite:id="EN2001a.C.words1038" starttime="4342.8" endtime="4343.17">Okay</w>
   <w nite:id="EN2001a.C.words1039" starttime="4343.17" endtime="4343.17" punc="true">.</w>
   <vocalsound nite:id="EN2001a.C.words1040" starttime="4344.559" endtime="4345.267" type="laugh"/>
   <w nite:id="EN2001a.C.words1041" starttime="4351.34" endtime="4351.46">So</w>
   <w nite:id="EN2001a.C.words1042" starttime="4351.46" endtime="4351.56">have</w>
   <w nite:id="EN2001a.C.words1043" starttime="4351.56" endtime="4351.64">we</w>
   <w nite:id="EN2001a.C.words1044" starttime="4351.64" endtime="4352.15">already</w>
   <w nite:id="EN2001a.C.words1045" starttime="4352.15" endtime="4352.58">extracted</w>
   <w nite:id="EN2001a.C.words1046" starttime="4352.58" endtime="4352.88">from</w>
   <w nite:id="EN2001a.C.words1047" starttime="4352.88" endtime="4353.08">all</w>
   <w nite:id="EN2001a.C.words1048" starttime="4353.08" endtime="4353.17">the</w>
   <w nite:id="EN2001a.C.words1049" starttime="4353.17" endtime="4353.82">files</w>
   <w nite:id="EN2001a.C.words1050" starttime="4353.82" endtime="4353.82" punc="true">?</w>
   <w nite:id="EN2001a.C.words1051" starttime="4356.06" endtime="4356.39">Yeah</w>
   <w nite:id="EN2001a.C.words1052" starttime="4356.39" endtime="4356.39" punc="true">.</w>
   <w nite:id="EN2001a.C.words1053" starttime="4358.74" endtime="4358.97">Did</w>
   <w nite:id="EN2001a.C.words1054" starttime="4358.97" endtime="4359.15">you</w>
   <w nite:id="EN2001a.C.words1055" starttime="4359.15" endtime="4359.53">also</w>
   <w nite:id="EN2001a.C.words1056" starttime="4359.53" endtime="4360.21">order</w>
   <disfmarker nite:id="EN2001a.C.words1057" starttime="4360.21" endtime="4360.21"/>
   <w nite:id="EN2001a.C.words1058" starttime="4361.59" endtime="4361.81">Mm-hmm</w>
   <w nite:id="EN2001a.C.words1059" starttime="4361.81" endtime="4361.81" punc="true">.</w>
   <w nite:id="EN2001a.C.words1060" starttime="4369.2" endtime="4369.57">Hmm</w>
   <w nite:id="EN2001a.C.words1061" starttime="4369.57" endtime="4369.57" punc="true">.</w>
   <w nite:id="EN2001a.C.words1062" starttime="4411.8" endtime="4412.07">Hmm</w>
   <w nite:id="EN2001a.C.words1063" starttime="4412.07" endtime="4412.07" punc="true">.</w>
   <vocalsound nite:id="EN2001a.C.words1064" starttime="4415.35" endtime="4416.57" type="laugh"/>
   <vocalsound nite:id="EN2001a.C.words1065" starttime="4416.57" endtime="4419.235" type="cough"/>
   <vocalsound nite:id="EN2001a.C.words1066" starttime="4420.691" endtime="4421.805" type="cough"/>
   <vocalsound nite:id="EN2001a.C.words1067" starttime="4435.351" endtime="4436.32" type="cough"/>
   <w nite:id="EN2001a.C.words1068" starttime="4545.55" endtime="4545.94">Okay</w>
   <w nite:id="EN2001a.C.words1069" starttime="4545.94" endtime="4545.94" punc="true">.</w>
   <w nite:id="EN2001a.C.words1070" starttime="4672.23" endtime="4672.28">Uh</w>
   <w nite:id="EN2001a.C.words1071" starttime="4672.28" endtime="4672.47">I</w>
   <w nite:id="EN2001a.C.words1072" starttime="4672.47" endtime="4672.73">don&#39;t</w>
   <w nite:id="EN2001a.C.words1073" starttime="4672.73" endtime="4672.91">need</w>
   <w nite:id="EN2001a.C.words1074" starttime="4672.91" endtime="4672.98">the</w>
   <w nite:id="EN2001a.C.words1075" starttime="4672.98" endtime="4673.4">times</w>
   <w nite:id="EN2001a.C.words1076" starttime="4673.4" endtime="4673.4" punc="true">,</w>
   <w nite:id="EN2001a.C.words1077" starttime="4673.4" endtime="4673.44">I</w>
   <w nite:id="EN2001a.C.words1078" starttime="4673.44" endtime="4674.82">just</w>
   <w nite:id="EN2001a.C.words1079" starttime="4674.82" endtime="4675.07">need</w>
   <w nite:id="EN2001a.C.words1080" starttime="4675.07" endtime="4675.14">the</w>
   <w nite:id="EN2001a.C.words1081" starttime="4675.14" endtime="4675.46">words</w>
   <w nite:id="EN2001a.C.words1082" starttime="4675.46" endtime="4675.46" punc="true">.</w>
   <w nite:id="EN2001a.C.words1083" starttime="4675.46" endtime="4675.72">But</w>
   <w nite:id="EN2001a.C.words1084" starttime="4675.72" endtime="4676.96">um</w>
   <disfmarker nite:id="EN2001a.C.words1085" starttime="4676.96" endtime="4676.96"/>
   <w nite:id="EN2001a.C.words1086" starttime="4678.19" endtime="4678.4">Yeah</w>
   <w nite:id="EN2001a.C.words1087" starttime="4678.4" endtime="4678.4" punc="true">,</w>
   <w nite:id="EN2001a.C.words1088" starttime="4678.4" endtime="4678.5">in</w>
   <w nite:id="EN2001a.C.words1089" starttime="4678.5" endtime="4678.62">the</w>
   <w nite:id="EN2001a.C.words1090" starttime="4678.62" endtime="4678.86">right</w>
   <w nite:id="EN2001a.C.words1091" starttime="4678.86" endtime="4679.19">order</w>
   <w nite:id="EN2001a.C.words1092" starttime="4679.19" endtime="4679.19" punc="true">.</w>
   <w nite:id="EN2001a.C.words1093" starttime="4679.19" endtime="4682.45">Yes</w>
   <w nite:id="EN2001a.C.words1094" starttime="4682.45" endtime="4682.45" punc="true">.</w>
   <vocalsound nite:id="EN2001a.C.words1095" endtime="4682.656" starttime="4682.45" type="laugh"/>
   <w nite:id="EN2001a.C.words1096" starttime="4694.87" endtime="4695.11">Yeah</w>
   <w nite:id="EN2001a.C.words1097" starttime="4695.11" endtime="4695.11" punc="true">,</w>
   <w nite:id="EN2001a.C.words1098" starttime="4695.11" endtime="4695.27">that</w>
   <w nite:id="EN2001a.C.words1099" starttime="4695.27" endtime="4695.73">doesn&#39;t</w>
   <w nite:id="EN2001a.C.words1100" starttime="4695.73" endtime="4696.08">matter</w>
   <w nite:id="EN2001a.C.words1101" starttime="4696.08" endtime="4696.25">too</w>
   <w nite:id="EN2001a.C.words1102" starttime="4696.25" endtime="4696.56">much</w>
   <w nite:id="EN2001a.C.words1103" starttime="4696.56" endtime="4696.56" punc="true">,</w>
   <w nite:id="EN2001a.C.words1104" starttime="4696.56" endtime="4696.61">I</w>
   <w nite:id="EN2001a.C.words1105" starttime="4696.61" endtime="4697.1">think</w>
   <w nite:id="EN2001a.C.words1106" starttime="4697.1" endtime="4697.1" punc="true">.</w>
   <vocalsound nite:id="EN2001a.C.words1107" starttime="4719.065" endtime="4719.773" type="laugh"/>
   <vocalsound nite:id="EN2001a.C.words1108" starttime="4751.712" endtime="4752.469" type="cough"/>
   <vocalsound nite:id="EN2001a.C.words1109" starttime="4817.273" endtime="4817.87" type="laugh"/>
   <w nite:id="EN2001a.C.words1110" starttime="4825.34" endtime="4825.59">Hmm</w>
   <w nite:id="EN2001a.C.words1111" starttime="4825.59" endtime="4825.59" punc="true">.</w>
   <w nite:id="EN2001a.C.words1112" starttime="4839.91" endtime="4840.27">Mm-hmm</w>
   <w nite:id="EN2001a.C.words1113" starttime="4840.27" endtime="4840.27" punc="true">.</w>
   <w nite:id="EN2001a.C.words1114" starttime="4856.57" endtime="4856.72">How</w>
   <w nite:id="EN2001a.C.words1115" starttime="4856.72" endtime="4856.92">long</w>
   <w nite:id="EN2001a.C.words1116" starttime="4856.92" endtime="4857.06">would</w>
   <w nite:id="EN2001a.C.words1117" starttime="4857.06" endtime="4857.17">it</w>
   <w nite:id="EN2001a.C.words1118" starttime="4857.17" endtime="4857.42">take</w>
   <w nite:id="EN2001a.C.words1119" starttime="4857.42" endtime="4857.85">to</w>
   <w nite:id="EN2001a.C.words1120" starttime="4857.85" endtime="4858.21">make</w>
   <w nite:id="EN2001a.C.words1121" starttime="4858.21" endtime="4859.15">the</w>
   <w nite:id="EN2001a.C.words1122" starttime="4859.15" endtime="4859.76">frequency</w>
   <w nite:id="EN2001a.C.words1123" starttime="4859.76" endtime="4861.76">counts</w>
   <w nite:id="EN2001a.C.words1124" starttime="4861.76" endtime="4861.9">with</w>
   <w nite:id="EN2001a.C.words1125" starttime="4861.9" endtime="4861.98">a</w>
   <w nite:id="EN2001a.C.words1126" starttime="4861.98" endtime="4862.38">Java</w>
   <w nite:id="EN2001a.C.words1127" starttime="4862.38" endtime="4862.56">hash</w>
   <w nite:id="EN2001a.C.words1128" starttime="4862.56" endtime="4863.09">table</w>
   <w nite:id="EN2001a.C.words1129" starttime="4863.09" endtime="4863.09" punc="true">?</w>
   <w nite:id="EN2001a.C.words1130" starttime="4868.2" endtime="4868.82">Yeah</w>
   <w nite:id="EN2001a.C.words1131" starttime="4868.82" endtime="4868.82" punc="true">.</w>
   <w nite:id="EN2001a.C.words1132" starttime="4871.04" endtime="4871.27">No</w>
   <w nite:id="EN2001a.C.words1133" starttime="4871.27" endtime="4871.27" punc="true">,</w>
   <w nite:id="EN2001a.C.words1134" starttime="4871.27" endtime="4871.44">how</w>
   <w nite:id="EN2001a.C.words1135" starttime="4871.44" endtime="4871.66">long</w>
   <w nite:id="EN2001a.C.words1136" starttime="4871.66" endtime="4871.88">you</w>
   <w nite:id="EN2001a.C.words1137" starttime="4871.88" endtime="4872.15">would</w>
   <w nite:id="EN2001a.C.words1138" starttime="4872.15" endtime="4872.49">have</w>
   <w nite:id="EN2001a.C.words1139" starttime="4872.49" endtime="4872.87">to</w>
   <w nite:id="EN2001a.C.words1140" starttime="4872.87" endtime="4873.46">program</w>
   <w nite:id="EN2001a.C.words1141" starttime="4873.46" endtime="4873.98">something</w>
   <w nite:id="EN2001a.C.words1142" starttime="4873.98" endtime="4873.98" punc="true">.</w>
   <w nite:id="EN2001a.C.words1143" starttime="4879.8" endtime="4880.1">Okay</w>
   <w nite:id="EN2001a.C.words1144" starttime="4880.1" endtime="4880.1" punc="true">.</w>
   <w nite:id="EN2001a.C.words1145" starttime="4886.37" endtime="4886.73">Mm</w>
   <w nite:id="EN2001a.C.words1146" starttime="4886.73" endtime="4886.73" punc="true">.</w>
   <w nite:id="EN2001a.C.words1147" starttime="4891.18" endtime="4891.46">Because</w>
   <w nite:id="EN2001a.C.words1148" starttime="4891.46" endtime="4891.64">it&#39;s</w>
   <w nite:id="EN2001a.C.words1149" starttime="4891.64" endtime="4891.88">quite</w>
   <w nite:id="EN2001a.C.words1150" starttime="4891.88" endtime="4892.1">easy</w>
   <w nite:id="EN2001a.C.words1151" starttime="4892.1" endtime="4892.21">in</w>
   <w nite:id="EN2001a.C.words1152" starttime="4892.21" endtime="4892.5">Perl</w>
   <w nite:id="EN2001a.C.words1153" starttime="4892.5" endtime="4892.66">as</w>
   <w nite:id="EN2001a.C.words1154" starttime="4892.66" endtime="4893.03">well</w>
   <w nite:id="EN2001a.C.words1155" starttime="4893.03" endtime="4893.03" punc="true">,</w>
   <w nite:id="EN2001a.C.words1156" starttime="4893.03" endtime="4893.32">it&#39;s</w>
   <w nite:id="EN2001a.C.words1157" starttime="4893.32" endtime="4893.76">just</w>
   <w nite:id="EN2001a.C.words1158" starttime="4893.76" endtime="4893.87">a</w>
   <w nite:id="EN2001a.C.words1159" starttime="4893.87" endtime="4894.12">line</w>
   <w nite:id="EN2001a.C.words1160" starttime="4894.12" endtime="4894.27">of</w>
   <w nite:id="EN2001a.C.words1161" starttime="4894.27" endtime="4894.49">code</w>
   <w nite:id="EN2001a.C.words1162" starttime="4894.49" endtime="4894.64">for</w>
   <w nite:id="EN2001a.C.words1163" starttime="4894.64" endtime="4895.27">counting</w>
   <w nite:id="EN2001a.C.words1164" starttime="4895.27" endtime="4895.6">all</w>
   <w nite:id="EN2001a.C.words1165" starttime="4895.6" endtime="4895.72">the</w>
   <w nite:id="EN2001a.C.words1166" starttime="4895.72" endtime="4896.23">words</w>
   <w nite:id="EN2001a.C.words1167" starttime="4896.23" endtime="4897.77">and</w>
   <disfmarker nite:id="EN2001a.C.words1168" starttime="4897.77" endtime="4897.77"/>
   <w nite:id="EN2001a.C.words1169" starttime="4897.77" endtime="4898.19">yeah</w>
   <w nite:id="EN2001a.C.words1170" starttime="4898.19" endtime="4898.19" punc="true">,</w>
   <w nite:id="EN2001a.C.words1171" starttime="4898.19" endtime="4898.46">it&#39;s</w>
   <w nite:id="EN2001a.C.words1172" starttime="4898.46" endtime="4898.91">it&#39;s</w>
   <w nite:id="EN2001a.C.words1173" starttime="4898.91" endtime="4899.09">by</w>
   <w nite:id="EN2001a.C.words1174" starttime="4899.09" endtime="4899.73">hashes</w>
   <w nite:id="EN2001a.C.words1175" starttime="4899.73" endtime="4899.73" punc="true">.</w>
   <w nite:id="EN2001a.C.words1176" starttime="4901.68" endtime="4902.05">Yeah</w>
   <w nite:id="EN2001a.C.words1177" starttime="4902.05" endtime="4902.05" punc="true">.</w>
   <w nite:id="EN2001a.C.words1178" starttime="4905.03" endtime="4905.27">Yeah</w>
   <w nite:id="EN2001a.C.words1179" starttime="4905.27" endtime="4905.27" punc="true">.</w>
   <vocalsound nite:id="EN2001a.C.words1180" endtime="4906.016" starttime="4905.27" type="laugh"/>
   <w nite:id="EN2001a.C.words1181" starttime="4915.12" endtime="4915.39">&#39;Kay</w>
   <w nite:id="EN2001a.C.words1182" starttime="4915.39" endtime="4915.39" punc="true">.</w>
   <vocalsound nite:id="EN2001a.C.words1183" starttime="4938.202" endtime="4938.873" type="laugh"/>
   <vocalsound nite:id="EN2001a.C.words1184" starttime="5055.637" endtime="5056.585" type="cough"/>
   <vocalsound nite:id="EN2001a.C.words1185" starttime="5063.72" endtime="5064.204" type="laugh"/>
</nite:root>
