<?xml version="1.0" encoding="ISO-8859-1" standalone="yes"?>
<nite:root nite:id="ES2002d.D.words" xmlns:nite="http://nite.sourceforge.net/">
   <w nite:id="ES2002d.D.words0" starttime="70.11" endtime="70.86">Uh-oh</w>
   <w nite:id="ES2002d.D.words1" starttime="70.86" endtime="70.86" punc="true">.</w>
   <w nite:id="ES2002d.D.words2" starttime="70.86" endtime="70.98">This</w>
   <w nite:id="ES2002d.D.words3" starttime="70.98" endtime="71.05">is</w>
   <w nite:id="ES2002d.D.words4" starttime="71.05" endtime="74.7">it</w>
   <w nite:id="ES2002d.D.words5" starttime="74.7" endtime="74.7" punc="true">?</w>
   <vocalsound nite:id="ES2002d.D.words6" starttime="74.7" endtime="74.7" type="laugh"/>
   <w nite:id="ES2002d.D.words7" starttime="74.7" endtime="75.46">Um</w>
   <w nite:id="ES2002d.D.words8" starttime="75.46" endtime="75.46" punc="true">,</w>
   <w nite:id="ES2002d.D.words9" starttime="75.46" endtime="75.57">there</w>
   <w nite:id="ES2002d.D.words10" starttime="75.57" endtime="75.62">are</w>
   <w nite:id="ES2002d.D.words11" starttime="75.62" endtime="75.67">a</w>
   <w nite:id="ES2002d.D.words12" starttime="75.67" endtime="75.79">few</w>
   <w nite:id="ES2002d.D.words13" starttime="75.79" endtime="76.1">changes</w>
   <w nite:id="ES2002d.D.words14" starttime="76.1" endtime="76.2">we&#39;ve</w>
   <w nite:id="ES2002d.D.words15" starttime="76.2" endtime="76.8">made</w>
   <w nite:id="ES2002d.D.words16" starttime="76.8" endtime="76.8" punc="true">.</w>
   <w nite:id="ES2002d.D.words17" starttime="76.8" endtime="77.73">Um</w>
   <w nite:id="ES2002d.D.words18" starttime="77.73" endtime="77.73" punc="true">,</w>
   <w nite:id="ES2002d.D.words19" starttime="77.73" endtime="77.96">well</w>
   <w nite:id="ES2002d.D.words20" starttime="77.96" endtime="78.07">look</w>
   <w nite:id="ES2002d.D.words21" starttime="78.07" endtime="78.13">at</w>
   <w nite:id="ES2002d.D.words22" starttime="78.13" endtime="78.23">the</w>
   <w nite:id="ES2002d.D.words23" starttime="78.23" endtime="78.6">expense</w>
   <w nite:id="ES2002d.D.words24" starttime="78.6" endtime="78.99">sheet</w>
   <w nite:id="ES2002d.D.words25" starttime="78.99" endtime="78.99" punc="true">,</w>
   <w nite:id="ES2002d.D.words26" starttime="78.99" endtime="79.51">and</w>
   <w nite:id="ES2002d.D.words27" starttime="79.51" endtime="80.9">uh</w>
   <w nite:id="ES2002d.D.words28" starttime="80.9" endtime="81.32">it</w>
   <w nite:id="ES2002d.D.words29" starttime="81.32" endtime="81.48">turned</w>
   <w nite:id="ES2002d.D.words30" starttime="81.48" endtime="81.54">to</w>
   <w nite:id="ES2002d.D.words31" starttime="81.54" endtime="81.62">be</w>
   <w nite:id="ES2002d.D.words32" starttime="81.62" endtime="81.75">quite</w>
   <w nite:id="ES2002d.D.words33" starttime="81.75" endtime="81.78">a</w>
   <w nite:id="ES2002d.D.words34" starttime="81.78" endtime="81.87">lot</w>
   <w nite:id="ES2002d.D.words35" starttime="81.87" endtime="82.46">expensive</w>
   <w nite:id="ES2002d.D.words36" starttime="82.46" endtime="82.8">to</w>
   <w nite:id="ES2002d.D.words37" starttime="82.8" endtime="82.94">have</w>
   <w nite:id="ES2002d.D.words38" starttime="82.94" endtime="83.2">open</w>
   <w nite:id="ES2002d.D.words39" starttime="83.2" endtime="83.39">up</w>
   <w nite:id="ES2002d.D.words40" starttime="83.39" endtime="83.48">and</w>
   <w nite:id="ES2002d.D.words41" starttime="83.48" endtime="83.58">have</w>
   <w nite:id="ES2002d.D.words42" starttime="83.58" endtime="83.72">lots</w>
   <w nite:id="ES2002d.D.words43" starttime="83.72" endtime="83.78">of</w>
   <w nite:id="ES2002d.D.words44" starttime="83.78" endtime="84.04">buttons</w>
   <w nite:id="ES2002d.D.words45" starttime="84.04" endtime="84.13">and</w>
   <w nite:id="ES2002d.D.words46" starttime="84.13" endtime="84.31">stuff</w>
   <w nite:id="ES2002d.D.words47" starttime="84.31" endtime="85.19">inside</w>
   <w nite:id="ES2002d.D.words48" starttime="85.19" endtime="85.19" punc="true">,</w>
   <w nite:id="ES2002d.D.words49" starttime="85.19" endtime="85.3">so</w>
   <w nite:id="ES2002d.D.words50" starttime="85.3" endtime="85.71">instead</w>
   <w nite:id="ES2002d.D.words51" starttime="85.71" endtime="85.97">we&#39;ve</w>
   <w nite:id="ES2002d.D.words52" starttime="85.97" endtime="86.57">um</w>
   <disfmarker nite:id="ES2002d.D.words53" starttime="86.57" endtime="86.57"/>
   <w nite:id="ES2002d.D.words54" starttime="86.57" endtime="86.67">this</w>
   <w nite:id="ES2002d.D.words55" starttime="86.67" endtime="86.74">is</w>
   <w nite:id="ES2002d.D.words56" starttime="86.74" endtime="86.9">gonna</w>
   <w nite:id="ES2002d.D.words57" starttime="86.9" endtime="86.98">be</w>
   <w nite:id="ES2002d.D.words58" starttime="86.98" endtime="87.04">an</w>
   <w nite:id="ES2002d.D.words59" starttime="87.04" endtime="87.4">L_C_D_</w>
   <w nite:id="ES2002d.D.words60" starttime="87.4" endtime="88.56">screen</w>
   <w nite:id="ES2002d.D.words61" starttime="88.56" endtime="88.56" punc="true">,</w>
   <w nite:id="ES2002d.D.words62" starttime="88.56" endtime="89.12">um</w>
   <w nite:id="ES2002d.D.words63" starttime="89.12" endtime="89.33">just</w>
   <w nite:id="ES2002d.D.words64" starttime="89.33" endtime="89.57">a</w>
   <w nite:id="ES2002d.D.words65" starttime="89.57" endtime="89.65">a</w>
   <w nite:id="ES2002d.D.words66" starttime="89.65" endtime="89.83">very</w>
   <w nite:id="ES2002d.D.words67" starttime="89.83" endtime="90.03">very</w>
   <w nite:id="ES2002d.D.words68" starttime="90.03" endtime="90.25">basic</w>
   <w nite:id="ES2002d.D.words69" starttime="90.25" endtime="90.37">one</w>
   <w nite:id="ES2002d.D.words70" starttime="90.37" endtime="90.37" punc="true">,</w>
   <w nite:id="ES2002d.D.words71" starttime="90.37" endtime="90.52">very</w>
   <w nite:id="ES2002d.D.words72" starttime="90.52" endtime="91.53">small</w>
   <w nite:id="ES2002d.D.words73" starttime="91.53" endtime="92.03">um</w>
   <w nite:id="ES2002d.D.words74" starttime="92.03" endtime="92.15">with</w>
   <w nite:id="ES2002d.D.words75" starttime="92.15" endtime="92.4">access</w>
   <w nite:id="ES2002d.D.words76" starttime="92.4" endtime="92.47">to</w>
   <w nite:id="ES2002d.D.words77" starttime="92.47" endtime="92.55">the</w>
   <w nite:id="ES2002d.D.words78" starttime="92.55" endtime="92.87">menu</w>
   <w nite:id="ES2002d.D.words79" starttime="92.87" endtime="93.06">through</w>
   <w nite:id="ES2002d.D.words80" starttime="93.06" endtime="93.13">the</w>
   <w nite:id="ES2002d.D.words81" starttime="93.13" endtime="93.44">the</w>
   <w nite:id="ES2002d.D.words82" starttime="93.44" endtime="93.7">scroll</w>
   <w nite:id="ES2002d.D.words83" starttime="93.7" endtime="93.95">wheel</w>
   <w nite:id="ES2002d.D.words84" starttime="93.95" endtime="94.22">and</w>
   <w nite:id="ES2002d.D.words85" starttime="94.22" endtime="94.7">uh</w>
   <w nite:id="ES2002d.D.words86" starttime="94.7" endtime="95.42">confirm</w>
   <w nite:id="ES2002d.D.words87" starttime="96.64" endtime="96.84">um</w>
   <w nite:id="ES2002d.D.words88" starttime="96.84" endtime="98.63">button</w>
   <w nite:id="ES2002d.D.words89" starttime="98.63" endtime="98.63" punc="true">.</w>
   <w nite:id="ES2002d.D.words90" starttime="98.63" endtime="99.71">Uh</w>
   <w nite:id="ES2002d.D.words91" starttime="99.71" endtime="99.71" punc="true">,</w>
   <w nite:id="ES2002d.D.words92" starttime="99.71" endtime="99.89">apart</w>
   <w nite:id="ES2002d.D.words93" starttime="99.89" endtime="100.01">from</w>
   <w nite:id="ES2002d.D.words94" starttime="100.01" endtime="100.16">that</w>
   <w nite:id="ES2002d.D.words95" starttime="100.16" endtime="100.16" punc="true">,</w>
   <w nite:id="ES2002d.D.words96" starttime="100.16" endtime="100.27">it&#39;s</w>
   <w nite:id="ES2002d.D.words97" starttime="100.27" endtime="100.39">just</w>
   <w nite:id="ES2002d.D.words98" starttime="100.39" endtime="100.54">pretty</w>
   <w nite:id="ES2002d.D.words99" starttime="100.54" endtime="100.65">much</w>
   <w nite:id="ES2002d.D.words100" starttime="100.65" endtime="100.72">the</w>
   <w nite:id="ES2002d.D.words101" starttime="100.72" endtime="100.84">same</w>
   <w nite:id="ES2002d.D.words102" starttime="100.84" endtime="100.94">as</w>
   <w nite:id="ES2002d.D.words103" starttime="100.94" endtime="101.0">we</w>
   <w nite:id="ES2002d.D.words104" starttime="101.0" endtime="101.32">discussed</w>
   <w nite:id="ES2002d.D.words105" starttime="101.32" endtime="101.5">last</w>
   <w nite:id="ES2002d.D.words106" starttime="101.5" endtime="101.71">time</w>
   <w nite:id="ES2002d.D.words107" starttime="101.71" endtime="101.71" punc="true">.</w>
   <vocalsound nite:id="ES2002d.D.words108" starttime="116.111" endtime="116.522" type="other"/>
   <w nite:id="ES2002d.D.words109" starttime="154.79" endtime="154.89">You</w>
   <w nite:id="ES2002d.D.words110" starttime="154.89" endtime="155.02">know</w>
   <w nite:id="ES2002d.D.words111" starttime="155.02" endtime="155.02" punc="true">,</w>
   <w nite:id="ES2002d.D.words112" starttime="155.02" endtime="155.24">just</w>
   <w nite:id="ES2002d.D.words113" starttime="155.24" endtime="155.92">like</w>
   <w nite:id="ES2002d.D.words114" starttime="155.92" endtime="156.04">right</w>
   <w nite:id="ES2002d.D.words115" starttime="156.04" endtime="156.34">inside</w>
   <w nite:id="ES2002d.D.words116" starttime="156.34" endtime="156.65">there</w>
   <w nite:id="ES2002d.D.words117" starttime="156.65" endtime="156.65" punc="true">.</w>
   <vocalsound nite:id="ES2002d.D.words118" starttime="181.841" endtime="181.841" type="other"/>
   <w nite:id="ES2002d.D.words119" starttime="182.85" endtime="183.57">Well</w>
   <vocalsound nite:id="ES2002d.D.words120" starttime="183.57" endtime="183.57" type="other"/>
   <w nite:id="ES2002d.D.words121" starttime="183.57" endtime="183.66">we</w>
   <w nite:id="ES2002d.D.words122" starttime="183.66" endtime="183.89">want</w>
   <w nite:id="ES2002d.D.words123" starttime="183.89" endtime="183.95">the</w>
   <w nite:id="ES2002d.D.words124" starttime="183.95" endtime="184.09">other</w>
   <w nite:id="ES2002d.D.words125" starttime="184.09" endtime="184.32">buttons</w>
   <w nite:id="ES2002d.D.words126" starttime="184.32" endtime="184.38">to</w>
   <w nite:id="ES2002d.D.words127" starttime="184.38" endtime="184.45">be</w>
   <w nite:id="ES2002d.D.words128" starttime="184.45" endtime="184.59">big</w>
   <w nite:id="ES2002d.D.words129" starttime="184.59" endtime="184.76">enough</w>
   <w nite:id="ES2002d.D.words130" starttime="184.76" endtime="184.84">to</w>
   <w nite:id="ES2002d.D.words131" starttime="184.84" endtime="185.31">push</w>
   <w nite:id="ES2002d.D.words132" starttime="185.31" endtime="185.58">easily</w>
   <w nite:id="ES2002d.D.words133" starttime="185.58" endtime="185.68">with</w>
   <w nite:id="ES2002d.D.words134" starttime="185.68" endtime="185.75">a</w>
   <w nite:id="ES2002d.D.words135" starttime="185.75" endtime="186.05">finger</w>
   <w nite:id="ES2002d.D.words136" starttime="186.05" endtime="186.16">so</w>
   <w nite:id="ES2002d.D.words137" starttime="186.16" endtime="186.25">we</w>
   <w nite:id="ES2002d.D.words138" starttime="186.25" endtime="187.3">reckon</w>
   <w nite:id="ES2002d.D.words139" starttime="187.3" endtime="187.56">maybe</w>
   <w nite:id="ES2002d.D.words140" starttime="187.56" endtime="187.77">that&#39;ll</w>
   <w nite:id="ES2002d.D.words141" starttime="187.77" endtime="187.86">be</w>
   <w nite:id="ES2002d.D.words142" starttime="187.86" endtime="188.03">about</w>
   <w nite:id="ES2002d.D.words143" starttime="188.03" endtime="188.11">the</w>
   <w nite:id="ES2002d.D.words144" starttime="188.11" endtime="188.3">same</w>
   <w nite:id="ES2002d.D.words145" starttime="188.3" endtime="188.53">size</w>
   <w nite:id="ES2002d.D.words146" starttime="188.53" endtime="189.23">as</w>
   <w nite:id="ES2002d.D.words147" starttime="189.23" endtime="189.3">the</w>
   <w nite:id="ES2002d.D.words148" starttime="189.3" endtime="189.45">palm</w>
   <w nite:id="ES2002d.D.words149" starttime="189.45" endtime="189.51">of</w>
   <w nite:id="ES2002d.D.words150" starttime="189.51" endtime="189.6">your</w>
   <w nite:id="ES2002d.D.words151" starttime="189.6" endtime="190.84">hand</w>
   <w nite:id="ES2002d.D.words152" starttime="190.84" endtime="190.84" punc="true">.</w>
   <gap nite:id="ES2002d.D.words153" starttime="190.84" endtime="190.9"/>
   <w nite:id="ES2002d.D.words154" starttime="232.43" endtime="232.63">Well</w>
   <w nite:id="ES2002d.D.words155" starttime="232.63" endtime="233.24">I&#39;m</w>
   <disfmarker nite:id="ES2002d.D.words156" starttime="233.24" endtime="233.33"/>
   <w nite:id="ES2002d.D.words157" starttime="234.44" endtime="234.57">We&#39;re</w>
   <w nite:id="ES2002d.D.words158" starttime="234.57" endtime="234.8">gonna</w>
   <w nite:id="ES2002d.D.words159" starttime="234.8" endtime="234.92">have</w>
   <w nite:id="ES2002d.D.words160" starttime="234.92" endtime="235.19">again</w>
   <w nite:id="ES2002d.D.words161" starttime="235.19" endtime="235.37">the</w>
   <w nite:id="ES2002d.D.words162" starttime="235.37" endtime="235.5">the</w>
   <w nite:id="ES2002d.D.words163" starttime="235.5" endtime="235.63">sort</w>
   <w nite:id="ES2002d.D.words164" starttime="235.63" endtime="235.9">of</w>
   <w nite:id="ES2002d.D.words165" starttime="235.9" endtime="236.0">the</w>
   <w nite:id="ES2002d.D.words166" starttime="236.0" endtime="236.71">foggy</w>
   <w nite:id="ES2002d.D.words167" starttime="236.71" endtime="237.43">um</w>
   <w nite:id="ES2002d.D.words168" starttime="237.43" endtime="237.72">yellow</w>
   <w nite:id="ES2002d.D.words169" starttime="237.72" endtime="237.89">from</w>
   <w nite:id="ES2002d.D.words170" starttime="237.89" endtime="238.09">last</w>
   <w nite:id="ES2002d.D.words171" starttime="238.09" endtime="238.26">time</w>
   <w nite:id="ES2002d.D.words172" starttime="238.26" endtime="238.42">that</w>
   <w nite:id="ES2002d.D.words173" starttime="238.42" endtime="238.53">lit</w>
   <w nite:id="ES2002d.D.words174" starttime="238.53" endtime="238.81">up</w>
   <w nite:id="ES2002d.D.words175" starttime="238.81" endtime="238.93">when</w>
   <w nite:id="ES2002d.D.words176" starttime="238.93" endtime="239.5">you</w>
   <w nite:id="ES2002d.D.words177" starttime="239.5" endtime="239.63">pushed</w>
   <w nite:id="ES2002d.D.words178" starttime="239.63" endtime="239.69">the</w>
   <w nite:id="ES2002d.D.words179" starttime="239.69" endtime="240.07">button</w>
   <w nite:id="ES2002d.D.words180" starttime="240.07" endtime="240.07" punc="true">.</w>
   <w nite:id="ES2002d.D.words181" starttime="240.86" endtime="242.6">Um</w>
   <disfmarker nite:id="ES2002d.D.words182" starttime="242.6" endtime="242.672"/>
   <w nite:id="ES2002d.D.words183" starttime="245.88" endtime="246.1">But</w>
   <w nite:id="ES2002d.D.words184" starttime="246.1" endtime="249.16">um</w>
   <vocalsound nite:id="ES2002d.D.words185" starttime="249.16" endtime="249.16" type="other"/>
   <w nite:id="ES2002d.D.words186" starttime="249.16" endtime="249.3">this</w>
   <w nite:id="ES2002d.D.words187" starttime="249.3" endtime="249.83">button</w>
   <w nite:id="ES2002d.D.words188" starttime="249.83" endtime="250.37">um</w>
   <w nite:id="ES2002d.D.words189" starttime="250.37" endtime="250.37" punc="true">,</w>
   <w nite:id="ES2002d.D.words190" starttime="250.37" endtime="250.62">because</w>
   <w nite:id="ES2002d.D.words191" starttime="250.62" endtime="250.74">it&#39;s</w>
   <w nite:id="ES2002d.D.words192" starttime="250.74" endtime="251.07">red</w>
   <w nite:id="ES2002d.D.words193" starttime="251.07" endtime="251.25">it&#39;s</w>
   <w nite:id="ES2002d.D.words194" starttime="251.25" endtime="251.39">sort</w>
   <w nite:id="ES2002d.D.words195" starttime="251.39" endtime="251.45">of</w>
   <w nite:id="ES2002d.D.words196" starttime="251.45" endtime="251.58">very</w>
   <w nite:id="ES2002d.D.words197" starttime="251.58" endtime="251.87">prominent</w>
   <w nite:id="ES2002d.D.words198" starttime="251.87" endtime="251.87" punc="true">,</w>
   <w nite:id="ES2002d.D.words199" starttime="251.87" endtime="251.96">we&#39;re</w>
   <w nite:id="ES2002d.D.words200" starttime="251.96" endtime="252.09">gonna</w>
   <w nite:id="ES2002d.D.words201" starttime="252.09" endtime="252.23">use</w>
   <w nite:id="ES2002d.D.words202" starttime="252.23" endtime="252.38">it</w>
   <w nite:id="ES2002d.D.words203" starttime="252.38" endtime="252.67">as</w>
   <w nite:id="ES2002d.D.words204" starttime="252.67" endtime="253.54">uh</w>
   <disfmarker nite:id="ES2002d.D.words205" starttime="253.54" endtime="253.54"/>
   <w nite:id="ES2002d.D.words206" starttime="253.54" endtime="253.62">it</w>
   <w nite:id="ES2002d.D.words207" starttime="253.62" endtime="253.71">can</w>
   <w nite:id="ES2002d.D.words208" starttime="253.71" endtime="253.77">be</w>
   <w nite:id="ES2002d.D.words209" starttime="253.77" endtime="253.84">the</w>
   <w nite:id="ES2002d.D.words210" starttime="253.84" endtime="254.05">power</w>
   <w nite:id="ES2002d.D.words211" starttime="254.05" endtime="254.23">button</w>
   <w nite:id="ES2002d.D.words212" starttime="254.23" endtime="254.32">if</w>
   <w nite:id="ES2002d.D.words213" starttime="254.32" endtime="254.38">you</w>
   <w nite:id="ES2002d.D.words214" starttime="254.38" endtime="254.55">hold</w>
   <w nite:id="ES2002d.D.words215" starttime="254.55" endtime="254.61">it</w>
   <w nite:id="ES2002d.D.words216" starttime="254.61" endtime="254.79">for</w>
   <w nite:id="ES2002d.D.words217" starttime="254.79" endtime="254.98">maybe</w>
   <w nite:id="ES2002d.D.words218" starttime="254.98" endtime="255.16">two</w>
   <w nite:id="ES2002d.D.words219" starttime="255.16" endtime="256.14">seconds</w>
   <w nite:id="ES2002d.D.words220" starttime="256.14" endtime="256.71">it&#39;ll</w>
   <w nite:id="ES2002d.D.words221" starttime="256.71" endtime="256.91">send</w>
   <w nite:id="ES2002d.D.words222" starttime="256.91" endtime="256.95">a</w>
   <w nite:id="ES2002d.D.words223" starttime="256.95" endtime="257.33">stand-by</w>
   <w nite:id="ES2002d.D.words224" starttime="257.33" endtime="258.68">signal</w>
   <w nite:id="ES2002d.D.words225" starttime="258.68" endtime="258.68" punc="true">.</w>
   <w nite:id="ES2002d.D.words226" starttime="258.68" endtime="258.97">Um</w>
   <w nite:id="ES2002d.D.words227" starttime="258.97" endtime="259.26">apart</w>
   <w nite:id="ES2002d.D.words228" starttime="259.26" endtime="259.39">from</w>
   <w nite:id="ES2002d.D.words229" starttime="259.39" endtime="259.61">that</w>
   <w nite:id="ES2002d.D.words230" starttime="259.61" endtime="259.79">it&#39;s</w>
   <w nite:id="ES2002d.D.words231" starttime="259.79" endtime="259.99">gonna</w>
   <w nite:id="ES2002d.D.words232" starttime="259.99" endtime="260.07">be</w>
   <w nite:id="ES2002d.D.words233" starttime="260.07" endtime="260.4">used</w>
   <w nite:id="ES2002d.D.words234" starttime="260.4" endtime="260.57">as</w>
   <w nite:id="ES2002d.D.words235" starttime="260.57" endtime="260.72">a</w>
   <w nite:id="ES2002d.D.words236" starttime="260.72" endtime="261.14">confirm</w>
   <w nite:id="ES2002d.D.words237" starttime="261.14" endtime="261.36">button</w>
   <w nite:id="ES2002d.D.words238" starttime="261.36" endtime="261.48">for</w>
   <w nite:id="ES2002d.D.words239" starttime="261.48" endtime="261.55">the</w>
   <w nite:id="ES2002d.D.words240" starttime="261.55" endtime="261.88">L_C_D_</w>
   <w nite:id="ES2002d.D.words241" starttime="261.88" endtime="262.53">screen</w>
   <w nite:id="ES2002d.D.words242" starttime="262.53" endtime="262.92">and</w>
   <w nite:id="ES2002d.D.words243" starttime="262.92" endtime="262.98">you</w>
   <w nite:id="ES2002d.D.words244" starttime="262.98" endtime="263.24">use</w>
   <w nite:id="ES2002d.D.words245" starttime="263.24" endtime="263.45">this</w>
   <w nite:id="ES2002d.D.words246" starttime="263.45" endtime="263.52">as</w>
   <w nite:id="ES2002d.D.words247" starttime="263.52" endtime="263.6">a</w>
   <w nite:id="ES2002d.D.words248" starttime="263.6" endtime="264.13">jog-dial</w>
   <w nite:id="ES2002d.D.words249" starttime="264.13" endtime="264.13" punc="true">.</w>
   <w nite:id="ES2002d.D.words250" starttime="268.67" endtime="268.78">I</w>
   <w nite:id="ES2002d.D.words251" starttime="268.78" endtime="268.97">don&#39;t</w>
   <w nite:id="ES2002d.D.words252" starttime="268.97" endtime="269.26">know</w>
   <w nite:id="ES2002d.D.words253" starttime="269.26" endtime="269.26" punc="true">.</w>
   <vocalsound nite:id="ES2002d.D.words254" starttime="271.776" endtime="272.976" type="other"/>
   <w nite:id="ES2002d.D.words255" starttime="277.25" endtime="277.54">Didn&#39;t</w>
   <w nite:id="ES2002d.D.words256" starttime="277.54" endtime="277.74">put</w>
   <w nite:id="ES2002d.D.words257" starttime="277.74" endtime="278.02">five</w>
   <w nite:id="ES2002d.D.words258" starttime="278.02" endtime="278.72">centimetres</w>
   <w nite:id="ES2002d.D.words259" starttime="278.72" endtime="278.72" punc="true">.</w>
   <w nite:id="ES2002d.D.words260" starttime="280.24" endtime="280.87">Um</w>
   <w nite:id="ES2002d.D.words261" starttime="280.87" endtime="280.87" punc="true">.</w>
   <w nite:id="ES2002d.D.words262" starttime="284.26" endtime="284.48">Something</w>
   <w nite:id="ES2002d.D.words263" starttime="284.48" endtime="284.57">by</w>
   <w nite:id="ES2002d.D.words264" starttime="284.57" endtime="284.83">there</w>
   <w nite:id="ES2002d.D.words265" starttime="284.83" endtime="284.83" punc="true">.</w>
   <w nite:id="ES2002d.D.words266" starttime="291.94" endtime="292.35">Um</w>
   <w nite:id="ES2002d.D.words267" starttime="292.35" endtime="292.44">you</w>
   <w nite:id="ES2002d.D.words268" starttime="292.44" endtime="292.56">can</w>
   <w nite:id="ES2002d.D.words269" starttime="292.56" endtime="292.8">skip</w>
   <w nite:id="ES2002d.D.words270" starttime="292.8" endtime="293.02">straight</w>
   <w nite:id="ES2002d.D.words271" starttime="293.02" endtime="293.09">to</w>
   <w nite:id="ES2002d.D.words272" starttime="293.09" endtime="293.13">a</w>
   <w nite:id="ES2002d.D.words273" starttime="293.13" endtime="293.41">channel</w>
   <w nite:id="ES2002d.D.words274" starttime="293.41" endtime="293.63">using</w>
   <w nite:id="ES2002d.D.words275" starttime="293.63" endtime="293.76">these</w>
   <w nite:id="ES2002d.D.words276" starttime="293.76" endtime="294.51">buttons</w>
   <w nite:id="ES2002d.D.words277" starttime="294.51" endtime="294.51" punc="true">.</w>
   <w nite:id="ES2002d.D.words278" starttime="300.99" endtime="301.67">Um</w>
   <w nite:id="ES2002d.D.words279" starttime="301.67" endtime="301.67" punc="true">,</w>
   <w nite:id="ES2002d.D.words280" starttime="301.67" endtime="301.84">were</w>
   <w nite:id="ES2002d.D.words281" starttime="301.84" endtime="302.01">gonna</w>
   <w nite:id="ES2002d.D.words282" starttime="302.01" endtime="302.11">have</w>
   <w nite:id="ES2002d.D.words283" starttime="302.11" endtime="302.17">the</w>
   <w nite:id="ES2002d.D.words284" starttime="302.17" endtime="302.42">volume</w>
   <w nite:id="ES2002d.D.words285" starttime="302.42" endtime="302.68">control</w>
   <w nite:id="ES2002d.D.words286" starttime="302.68" endtime="303.33">here</w>
   <w nite:id="ES2002d.D.words287" starttime="303.33" endtime="303.33" punc="true">,</w>
   <w nite:id="ES2002d.D.words288" starttime="303.33" endtime="303.54">but</w>
   <w nite:id="ES2002d.D.words289" starttime="303.54" endtime="303.84">um</w>
   <w nite:id="ES2002d.D.words290" starttime="303.84" endtime="304.09">because</w>
   <w nite:id="ES2002d.D.words291" starttime="304.09" endtime="304.21">we&#39;ve</w>
   <w nite:id="ES2002d.D.words292" starttime="304.21" endtime="304.38">got</w>
   <w nite:id="ES2002d.D.words293" starttime="304.38" endtime="304.54">the</w>
   <w nite:id="ES2002d.D.words294" starttime="304.54" endtime="304.62">the</w>
   <w nite:id="ES2002d.D.words295" starttime="304.62" endtime="304.95">L_C_D_</w>
   <w nite:id="ES2002d.D.words296" starttime="304.95" endtime="305.05">and</w>
   <w nite:id="ES2002d.D.words297" starttime="305.05" endtime="305.11">the</w>
   <w nite:id="ES2002d.D.words298" starttime="305.11" endtime="305.62">jog-dial</w>
   <w nite:id="ES2002d.D.words299" starttime="305.62" endtime="305.7">we</w>
   <w nite:id="ES2002d.D.words300" starttime="305.7" endtime="305.9">just</w>
   <w nite:id="ES2002d.D.words301" starttime="305.9" endtime="306.1">thought</w>
   <w nite:id="ES2002d.D.words302" starttime="306.1" endtime="306.6">we&#39;d</w>
   <w nite:id="ES2002d.D.words303" starttime="306.6" endtime="306.69">um</w>
   <w nite:id="ES2002d.D.words304" starttime="306.69" endtime="306.84">use</w>
   <w nite:id="ES2002d.D.words305" starttime="306.84" endtime="307.09">that</w>
   <w nite:id="ES2002d.D.words306" starttime="307.09" endtime="307.16">as</w>
   <w nite:id="ES2002d.D.words307" starttime="307.16" endtime="307.26">the</w>
   <w nite:id="ES2002d.D.words308" starttime="307.26" endtime="307.61">volume</w>
   <w nite:id="ES2002d.D.words309" starttime="307.61" endtime="307.61" punc="true">.</w>
   <w nite:id="ES2002d.D.words310" starttime="314.2" endtime="314.45">Um</w>
   <w nite:id="ES2002d.D.words311" starttime="314.45" endtime="314.58">you</w>
   <w nite:id="ES2002d.D.words312" starttime="314.58" endtime="314.68">can</w>
   <w nite:id="ES2002d.D.words313" starttime="314.68" endtime="314.86">use</w>
   <w nite:id="ES2002d.D.words314" starttime="314.86" endtime="315.02">it</w>
   <w nite:id="ES2002d.D.words315" starttime="315.02" endtime="315.32">for</w>
   <w nite:id="ES2002d.D.words316" starttime="315.32" endtime="315.77">um</w>
   <w nite:id="ES2002d.D.words317" starttime="315.77" endtime="315.88">more</w>
   <w nite:id="ES2002d.D.words318" starttime="315.88" endtime="316.15">advanced</w>
   <w nite:id="ES2002d.D.words319" starttime="316.15" endtime="316.53">functions</w>
   <w nite:id="ES2002d.D.words320" starttime="316.53" endtime="316.94">like</w>
   <w nite:id="ES2002d.D.words321" starttime="316.94" endtime="317.41">contrast</w>
   <w nite:id="ES2002d.D.words322" starttime="317.41" endtime="317.41" punc="true">,</w>
   <w nite:id="ES2002d.D.words323" starttime="317.41" endtime="317.79">colour</w>
   <w nite:id="ES2002d.D.words324" starttime="317.79" endtime="318.23">and</w>
   <disfmarker nite:id="ES2002d.D.words325" starttime="318.23" endtime="318.336"/>
   <w nite:id="ES2002d.D.words326" starttime="320.89" endtime="321.59">Um</w>
   <w nite:id="ES2002d.D.words327" starttime="321.59" endtime="321.85">yeah</w>
   <w nite:id="ES2002d.D.words328" starttime="321.85" endtime="321.85" punc="true">.</w>
   <w nite:id="ES2002d.D.words329" starttime="324.79" endtime="325.26">Um</w>
   <w nite:id="ES2002d.D.words330" starttime="325.26" endtime="325.41">just</w>
   <w nite:id="ES2002d.D.words331" starttime="325.41" endtime="325.71">whatever</w>
   <w nite:id="ES2002d.D.words332" starttime="325.71" endtime="325.98">else</w>
   <w nite:id="ES2002d.D.words333" starttime="325.98" endtime="326.08">we</w>
   <w nite:id="ES2002d.D.words334" starttime="326.08" endtime="326.36">wanted</w>
   <w nite:id="ES2002d.D.words335" starttime="326.36" endtime="326.53">to</w>
   <w nite:id="ES2002d.D.words336" starttime="326.53" endtime="326.79">include</w>
   <w nite:id="ES2002d.D.words337" starttime="326.79" endtime="326.87">as</w>
   <w nite:id="ES2002d.D.words338" starttime="326.87" endtime="326.94">the</w>
   <w nite:id="ES2002d.D.words339" starttime="326.94" endtime="327.24">advanced</w>
   <w nite:id="ES2002d.D.words340" starttime="327.24" endtime="328.21">functions</w>
   <w nite:id="ES2002d.D.words341" starttime="328.21" endtime="328.21" punc="true">,</w>
   <w nite:id="ES2002d.D.words342" starttime="328.21" endtime="328.5">um</w>
   <w nite:id="ES2002d.D.words343" starttime="328.5" endtime="328.57">we</w>
   <w nite:id="ES2002d.D.words344" starttime="328.57" endtime="328.72">didn&#39;t</w>
   <w nite:id="ES2002d.D.words345" starttime="328.72" endtime="328.94">actually</w>
   <w nite:id="ES2002d.D.words346" starttime="328.94" endtime="329.01">go</w>
   <w nite:id="ES2002d.D.words347" starttime="329.01" endtime="329.14">through</w>
   <w nite:id="ES2002d.D.words348" starttime="329.14" endtime="329.23">and</w>
   <w nite:id="ES2002d.D.words349" starttime="329.23" endtime="329.61">specify</w>
   <w nite:id="ES2002d.D.words350" starttime="329.61" endtime="329.95">the</w>
   <disfmarker nite:id="ES2002d.D.words351" starttime="329.95" endtime="330.064"/>
   <w nite:id="ES2002d.D.words352" starttime="332.96" endtime="333.63">Uh</w>
   <w nite:id="ES2002d.D.words353" starttime="333.63" endtime="333.74">what</w>
   <w nite:id="ES2002d.D.words354" starttime="333.74" endtime="333.84">can</w>
   <w nite:id="ES2002d.D.words355" starttime="333.84" endtime="333.9">a</w>
   <w nite:id="ES2002d.D.words356" starttime="333.9" endtime="334.18">T_V_</w>
   <w nite:id="ES2002d.D.words357" starttime="334.18" endtime="334.97">do</w>
   <w nite:id="ES2002d.D.words358" starttime="334.97" endtime="334.97" punc="true">?</w>
   <w nite:id="ES2002d.D.words359" starttime="366.83" endtime="367.56">Um</w>
   <w nite:id="ES2002d.D.words360" starttime="367.56" endtime="367.56" punc="true">.</w>
   <gap nite:id="ES2002d.D.words361" starttime="371.021" endtime="371.021"/>
   <w nite:id="ES2002d.D.words362" starttime="371.92" endtime="372.15">the</w>
   <w nite:id="ES2002d.D.words363" starttime="372.15" endtime="372.22">the</w>
   <w nite:id="ES2002d.D.words364" starttime="372.22" endtime="373.07">balance</w>
   <w nite:id="ES2002d.D.words365" starttime="373.07" endtime="373.22">hmm</w>
   <w nite:id="ES2002d.D.words366" starttime="373.22" endtime="373.22" punc="true">.</w>
   <w nite:id="ES2002d.D.words367" starttime="413.42" endtime="413.82">Mm-hmm</w>
   <w nite:id="ES2002d.D.words368" starttime="413.82" endtime="413.82" punc="true">.</w>
   <w nite:id="ES2002d.D.words369" starttime="432.69" endtime="433.07">Yeah</w>
   <w nite:id="ES2002d.D.words370" starttime="433.07" endtime="433.07" punc="true">.</w>
   <w nite:id="ES2002d.D.words371" starttime="452.96" endtime="453.31">Um</w>
   <w nite:id="ES2002d.D.words372" starttime="453.31" endtime="453.39">I</w>
   <w nite:id="ES2002d.D.words373" starttime="453.39" endtime="453.54">think</w>
   <w nite:id="ES2002d.D.words374" starttime="453.54" endtime="453.78">single</w>
   <w nite:id="ES2002d.D.words375" starttime="453.78" endtime="453.87">would</w>
   <w nite:id="ES2002d.D.words376" starttime="453.87" endtime="454.0">just</w>
   <w nite:id="ES2002d.D.words377" starttime="454.0" endtime="454.11">be</w>
   <w nite:id="ES2002d.D.words378" starttime="454.11" endtime="454.27">sort</w>
   <w nite:id="ES2002d.D.words379" starttime="454.27" endtime="454.73">of</w>
   <w nite:id="ES2002d.D.words380" starttime="454.73" endtime="455.02">one</w>
   <w nite:id="ES2002d.D.words381" starttime="455.02" endtime="455.14">sort</w>
   <w nite:id="ES2002d.D.words382" starttime="455.14" endtime="455.22">of</w>
   <w nite:id="ES2002d.D.words383" starttime="455.22" endtime="455.53">oval</w>
   <w nite:id="ES2002d.D.words384" starttime="455.53" endtime="455.7">whereas</w>
   <w nite:id="ES2002d.D.words385" starttime="455.7" endtime="455.97">double</w>
   <w nite:id="ES2002d.D.words386" starttime="455.97" endtime="456.15">is</w>
   <w nite:id="ES2002d.D.words387" starttime="456.15" endtime="456.29">this</w>
   <w nite:id="ES2002d.D.words388" starttime="456.29" endtime="456.42">sort</w>
   <w nite:id="ES2002d.D.words389" starttime="456.42" endtime="456.48">of</w>
   <w nite:id="ES2002d.D.words390" starttime="456.48" endtime="456.68">thing</w>
   <w nite:id="ES2002d.D.words391" starttime="456.68" endtime="456.68" punc="true">.</w>
   <w nite:id="ES2002d.D.words392" starttime="494.84" endtime="495.36">Um</w>
   <w nite:id="ES2002d.D.words393" starttime="495.36" endtime="495.49">we</w>
   <w nite:id="ES2002d.D.words394" starttime="495.49" endtime="495.69">have</w>
   <w nite:id="ES2002d.D.words395" starttime="495.69" endtime="496.76">um</w>
   <w nite:id="ES2002d.D.words396" starttime="496.76" endtime="497.05">got</w>
   <w nite:id="ES2002d.D.words397" starttime="497.05" endtime="497.29">some</w>
   <w nite:id="ES2002d.D.words398" starttime="497.29" endtime="497.44">push</w>
   <w nite:id="ES2002d.D.words399" starttime="497.44" endtime="497.69">buttons</w>
   <w nite:id="ES2002d.D.words400" starttime="497.69" endtime="497.78">as</w>
   <w nite:id="ES2002d.D.words401" starttime="497.78" endtime="498.38">well</w>
   <w nite:id="ES2002d.D.words402" starttime="498.38" endtime="498.38" punc="true">.</w>
   <w nite:id="ES2002d.D.words403" starttime="503.47" endtime="503.67">&#39;Kay</w>
   <w nite:id="ES2002d.D.words404" starttime="503.67" endtime="503.67" punc="true">.</w>
   <w nite:id="ES2002d.D.words405" starttime="506.6" endtime="506.66">So</w>
   <w nite:id="ES2002d.D.words406" starttime="506.66" endtime="506.69">I</w>
   <w nite:id="ES2002d.D.words407" starttime="506.69" endtime="506.89">reckon</w>
   <w nite:id="ES2002d.D.words408" starttime="506.89" endtime="506.98">we&#39;ve</w>
   <w nite:id="ES2002d.D.words409" starttime="506.98" endtime="507.11">got</w>
   <w nite:id="ES2002d.D.words410" starttime="507.11" endtime="507.38">one</w>
   <w nite:id="ES2002d.D.words411" starttime="507.38" endtime="507.58">button</w>
   <w nite:id="ES2002d.D.words412" starttime="507.58" endtime="507.68">for</w>
   <w nite:id="ES2002d.D.words413" starttime="507.68" endtime="507.88">this</w>
   <w nite:id="ES2002d.D.words414" starttime="507.88" endtime="508.05">thing</w>
   <w nite:id="ES2002d.D.words415" starttime="508.05" endtime="508.15">&#39;cause</w>
   <w nite:id="ES2002d.D.words416" starttime="508.15" endtime="508.24">it&#39;s</w>
   <w nite:id="ES2002d.D.words417" starttime="508.24" endtime="508.42">just</w>
   <w nite:id="ES2002d.D.words418" starttime="508.42" endtime="508.56">one</w>
   <w nite:id="ES2002d.D.words419" starttime="508.56" endtime="508.69">big</w>
   <w nite:id="ES2002d.D.words420" starttime="508.69" endtime="508.86">sheet</w>
   <w nite:id="ES2002d.D.words421" starttime="508.86" endtime="508.92">of</w>
   <w nite:id="ES2002d.D.words422" starttime="508.92" endtime="509.18">rubber</w>
   <w nite:id="ES2002d.D.words423" starttime="509.18" endtime="509.18" punc="true">.</w>
   <w nite:id="ES2002d.D.words424" starttime="510.63" endtime="511.07">I&#39;m</w>
   <w nite:id="ES2002d.D.words425" starttime="511.07" endtime="511.22">not</w>
   <w nite:id="ES2002d.D.words426" starttime="511.22" endtime="511.35">sure</w>
   <w nite:id="ES2002d.D.words427" starttime="511.35" endtime="511.51">if</w>
   <w nite:id="ES2002d.D.words428" starttime="511.51" endtime="511.78">that</w>
   <w nite:id="ES2002d.D.words429" starttime="511.78" endtime="512.19">counts</w>
   <w nite:id="ES2002d.D.words430" starttime="512.19" endtime="512.43">but</w>
   <disfmarker nite:id="ES2002d.D.words431" starttime="512.43" endtime="513.12"/>
   <w nite:id="ES2002d.D.words432" starttime="523.66" endtime="523.77">You</w>
   <w nite:id="ES2002d.D.words433" starttime="523.77" endtime="523.94">can</w>
   <w nite:id="ES2002d.D.words434" starttime="523.94" endtime="524.09">see</w>
   <w nite:id="ES2002d.D.words435" starttime="524.09" endtime="524.39">we&#39;re</w>
   <w nite:id="ES2002d.D.words436" starttime="524.39" endtime="524.52">we&#39;re</w>
   <w nite:id="ES2002d.D.words437" starttime="524.52" endtime="524.59">all</w>
   <w nite:id="ES2002d.D.words438" starttime="524.59" endtime="524.84">very</w>
   <w nite:id="ES2002d.D.words439" starttime="524.84" endtime="525.07">far</w>
   <w nite:id="ES2002d.D.words440" starttime="525.07" endtime="525.37">beyond</w>
   <w nite:id="ES2002d.D.words441" starttime="525.37" endtime="525.53">the</w>
   <disfmarker nite:id="ES2002d.D.words442" starttime="525.53" endtime="525.699"/>
   <vocalsound nite:id="ES2002d.D.words443" starttime="547.488" endtime="548.718" type="laugh"/>
   <w nite:id="ES2002d.D.words444" starttime="573.89" endtime="574.04">Well</w>
   <w nite:id="ES2002d.D.words445" starttime="574.04" endtime="574.13">we</w>
   <w nite:id="ES2002d.D.words446" starttime="574.13" endtime="574.3">could</w>
   <w nite:id="ES2002d.D.words447" starttime="574.3" endtime="574.46">take</w>
   <w nite:id="ES2002d.D.words448" starttime="574.46" endtime="574.58">out</w>
   <w nite:id="ES2002d.D.words449" starttime="574.58" endtime="574.84">ones</w>
   <w nite:id="ES2002d.D.words450" starttime="574.84" endtime="574.94">by</w>
   <w nite:id="ES2002d.D.words451" starttime="574.94" endtime="575.17">making</w>
   <w nite:id="ES2002d.D.words452" starttime="575.17" endtime="575.27">it</w>
   <w nite:id="ES2002d.D.words453" starttime="575.27" endtime="575.55">single</w>
   <w nite:id="ES2002d.D.words454" starttime="575.55" endtime="575.89">curved</w>
   <w nite:id="ES2002d.D.words455" starttime="575.89" endtime="575.89" punc="true">,</w>
   <w nite:id="ES2002d.D.words456" starttime="575.89" endtime="576.52">just</w>
   <w nite:id="ES2002d.D.words457" starttime="576.52" endtime="576.81">fill</w>
   <w nite:id="ES2002d.D.words458" starttime="576.81" endtime="576.87">in</w>
   <w nite:id="ES2002d.D.words459" starttime="576.87" endtime="577.02">those</w>
   <w nite:id="ES2002d.D.words460" starttime="577.02" endtime="577.36">bits</w>
   <w nite:id="ES2002d.D.words461" starttime="577.36" endtime="577.36" punc="true">.</w>
   <w nite:id="ES2002d.D.words462" starttime="581.75" endtime="582.07">That</w>
   <w nite:id="ES2002d.D.words463" starttime="582.07" endtime="582.15">is</w>
   <w nite:id="ES2002d.D.words464" starttime="582.15" endtime="582.63">one</w>
   <w nite:id="ES2002d.D.words465" starttime="582.63" endtime="582.63" punc="true">.</w>
   <w nite:id="ES2002d.D.words466" starttime="597.14" endtime="597.36">That&#39;s</w>
   <w nite:id="ES2002d.D.words467" starttime="597.36" endtime="597.54">fair</w>
   <w nite:id="ES2002d.D.words468" starttime="597.54" endtime="597.76">enough</w>
   <w nite:id="ES2002d.D.words469" starttime="597.76" endtime="597.76" punc="true">,</w>
   <w nite:id="ES2002d.D.words470" starttime="597.76" endtime="598.11">yeah</w>
   <w nite:id="ES2002d.D.words471" starttime="598.11" endtime="598.11" punc="true">.</w>
   <w nite:id="ES2002d.D.words472" starttime="635.3" endtime="635.5">That&#39;s</w>
   <w nite:id="ES2002d.D.words473" starttime="635.5" endtime="635.72">um</w>
   <w nite:id="ES2002d.D.words474" starttime="635.72" endtime="635.84">one</w>
   <w nite:id="ES2002d.D.words475" starttime="635.84" endtime="635.98">piece</w>
   <w nite:id="ES2002d.D.words476" starttime="635.98" endtime="636.05">of</w>
   <w nite:id="ES2002d.D.words477" starttime="636.05" endtime="636.29">rubber</w>
   <w nite:id="ES2002d.D.words478" starttime="636.29" endtime="636.39">but</w>
   <w nite:id="ES2002d.D.words479" starttime="636.39" endtime="636.48">it&#39;s</w>
   <w nite:id="ES2002d.D.words480" starttime="636.48" endtime="636.66">gonna</w>
   <w nite:id="ES2002d.D.words481" starttime="636.66" endtime="636.82">have</w>
   <w nite:id="ES2002d.D.words482" starttime="636.82" endtime="637.5">twelve</w>
   <w nite:id="ES2002d.D.words483" starttime="637.5" endtime="637.73">button</w>
   <w nite:id="ES2002d.D.words484" starttime="637.73" endtime="637.9">things</w>
   <w nite:id="ES2002d.D.words485" starttime="637.9" endtime="638.46">underneath</w>
   <w nite:id="ES2002d.D.words486" starttime="638.46" endtime="638.92">so</w>
   <disfmarker nite:id="ES2002d.D.words487" starttime="638.92" endtime="639.041"/>
   <w nite:id="ES2002d.D.words488" starttime="675.73" endtime="675.97">Yeah</w>
   <w nite:id="ES2002d.D.words489" starttime="675.97" endtime="676.3" trunc="true">w</w>
   <w nite:id="ES2002d.D.words490" starttime="682.24" endtime="682.85">Um</w>
   <disfmarker nite:id="ES2002d.D.words491" starttime="682.85" endtime="682.888"/>
   <vocalsound nite:id="ES2002d.D.words492" starttime="690.8" endtime="692.064" type="laugh"/>
   <vocalsound nite:id="ES2002d.D.words493" starttime="714.601" endtime="714.601" type="other"/>
   <w nite:id="ES2002d.D.words494" starttime="716.1" endtime="716.19">So</w>
   <w nite:id="ES2002d.D.words495" starttime="716.19" endtime="716.22">I</w>
   <w nite:id="ES2002d.D.words496" starttime="716.22" endtime="716.59">reckon</w>
   <disfmarker nite:id="ES2002d.D.words497" starttime="716.59" endtime="716.624"/>
   <w nite:id="ES2002d.D.words498" starttime="721.67" endtime="721.83">Reckon</w>
   <w nite:id="ES2002d.D.words499" starttime="721.83" endtime="721.94">that</w>
   <w nite:id="ES2002d.D.words500" starttime="721.94" endtime="722.18">probably</w>
   <w nite:id="ES2002d.D.words501" starttime="722.18" endtime="722.5">counts</w>
   <w nite:id="ES2002d.D.words502" starttime="722.5" endtime="722.62">as</w>
   <w nite:id="ES2002d.D.words503" starttime="722.62" endtime="722.74">a</w>
   <w nite:id="ES2002d.D.words504" starttime="722.74" endtime="723.1">special</w>
   <w nite:id="ES2002d.D.words505" starttime="723.1" endtime="723.5">form</w>
   <w nite:id="ES2002d.D.words506" starttime="723.5" endtime="723.59">for</w>
   <w nite:id="ES2002d.D.words507" starttime="723.59" endtime="723.68">the</w>
   <w nite:id="ES2002d.D.words508" starttime="723.68" endtime="724.14">buttons</w>
   <w nite:id="ES2002d.D.words509" starttime="724.14" endtime="724.14" punc="true">.</w>
   <w nite:id="ES2002d.D.words510" starttime="734.0" endtime="734.06">I</w>
   <w nite:id="ES2002d.D.words511" starttime="734.06" endtime="734.38">think</w>
   <gap nite:id="ES2002d.D.words512" starttime="734.38" endtime="734.38"/>
   <w nite:id="ES2002d.D.words513" starttime="734.38" endtime="734.58">there&#39;s</w>
   <w nite:id="ES2002d.D.words514" starttime="734.58" endtime="734.75">just</w>
   <w nite:id="ES2002d.D.words515" starttime="734.75" endtime="734.89">one</w>
   <w nite:id="ES2002d.D.words516" starttime="734.89" endtime="735.25">button</w>
   <w nite:id="ES2002d.D.words517" starttime="735.25" endtime="735.72">so</w>
   <w nite:id="ES2002d.D.words518" starttime="735.72" endtime="737.8">handy</w>
   <vocalsound nite:id="ES2002d.D.words519" starttime="737.8" endtime="737.8" type="laugh"/>
   <w nite:id="ES2002d.D.words520" starttime="737.8" endtime="737.8" punc="true">.</w>
   <w nite:id="ES2002d.D.words521" starttime="762.65" endtime="763.2">Yeah</w>
   <w nite:id="ES2002d.D.words522" starttime="763.2" endtime="763.2" punc="true">.</w>
   <w nite:id="ES2002d.D.words523" starttime="766.17" endtime="766.26">You</w>
   <w nite:id="ES2002d.D.words524" starttime="766.26" endtime="766.35">see</w>
   <w nite:id="ES2002d.D.words525" starttime="766.35" endtime="766.41">I</w>
   <w nite:id="ES2002d.D.words526" starttime="766.41" endtime="766.73">envision</w>
   <w nite:id="ES2002d.D.words527" starttime="766.73" endtime="766.79">it</w>
   <w nite:id="ES2002d.D.words528" starttime="766.79" endtime="767.03">as</w>
   <w nite:id="ES2002d.D.words529" starttime="767.03" endtime="767.33">being</w>
   <w nite:id="ES2002d.D.words530" starttime="767.33" endtime="767.74">um</w>
   <w nite:id="ES2002d.D.words531" starttime="767.74" endtime="768.02">quite</w>
   <w nite:id="ES2002d.D.words532" starttime="768.02" endtime="768.37">deep</w>
   <w nite:id="ES2002d.D.words533" starttime="768.37" endtime="768.52">sort</w>
   <w nite:id="ES2002d.D.words534" starttime="768.52" endtime="769.07">of</w>
   <vocalsound nite:id="ES2002d.D.words535" starttime="769.07" endtime="769.07" type="other"/>
   <w nite:id="ES2002d.D.words536" starttime="769.07" endtime="769.29">deep</w>
   <w nite:id="ES2002d.D.words537" starttime="769.29" endtime="769.42">enough</w>
   <w nite:id="ES2002d.D.words538" starttime="769.42" endtime="769.5">to</w>
   <w nite:id="ES2002d.D.words539" starttime="769.5" endtime="769.57">be</w>
   <w nite:id="ES2002d.D.words540" starttime="769.57" endtime="769.91">comfy</w>
   <w nite:id="ES2002d.D.words541" starttime="769.91" endtime="770.15">to</w>
   <w nite:id="ES2002d.D.words542" starttime="770.15" endtime="770.28">hold</w>
   <w nite:id="ES2002d.D.words543" starttime="770.28" endtime="770.34">in</w>
   <w nite:id="ES2002d.D.words544" starttime="770.34" endtime="770.43">your</w>
   <w nite:id="ES2002d.D.words545" starttime="770.43" endtime="770.87">hands</w>
   <w nite:id="ES2002d.D.words546" starttime="770.87" endtime="771.07">rather</w>
   <w nite:id="ES2002d.D.words547" starttime="771.07" endtime="771.17">than</w>
   <w nite:id="ES2002d.D.words548" starttime="771.17" endtime="771.51">being</w>
   <w nite:id="ES2002d.D.words549" starttime="771.51" endtime="771.66">wide</w>
   <w nite:id="ES2002d.D.words550" starttime="771.66" endtime="771.77">and</w>
   <w nite:id="ES2002d.D.words551" starttime="771.77" endtime="772.07">flat</w>
   <w nite:id="ES2002d.D.words552" starttime="772.07" endtime="772.07" punc="true">.</w>
   <vocalsound nite:id="ES2002d.D.words553" starttime="773.904" endtime="776.12" type="laugh"/>
   <w nite:id="ES2002d.D.words554" starttime="804.05" endtime="804.22">Yeah</w>
   <w nite:id="ES2002d.D.words555" starttime="804.22" endtime="804.28">it</w>
   <w nite:id="ES2002d.D.words556" starttime="804.28" endtime="804.51">works</w>
   <w nite:id="ES2002d.D.words557" starttime="804.51" endtime="804.51" punc="true">,</w>
   <w nite:id="ES2002d.D.words558" starttime="804.51" endtime="805.0">yeah</w>
   <w nite:id="ES2002d.D.words559" starttime="805.0" endtime="805.0" punc="true">.</w>
   <w nite:id="ES2002d.D.words560" starttime="813.63" endtime="814.27">See</w>
   <w nite:id="ES2002d.D.words561" starttime="814.27" endtime="814.27" punc="true">,</w>
   <w nite:id="ES2002d.D.words562" starttime="814.27" endtime="814.5">about</w>
   <w nite:id="ES2002d.D.words563" starttime="814.5" endtime="814.66">that</w>
   <w nite:id="ES2002d.D.words564" starttime="814.66" endtime="815.4">thick</w>
   <w nite:id="ES2002d.D.words565" starttime="815.4" endtime="815.4" punc="true">.</w>
   <vocalsound nite:id="ES2002d.D.words566" starttime="892.036" endtime="892.036" type="other"/>
   <w nite:id="ES2002d.D.words567" starttime="892.25" endtime="892.59">Yeah</w>
   <w nite:id="ES2002d.D.words568" starttime="892.59" endtime="892.59" punc="true">.</w>
   <vocalsound nite:id="ES2002d.D.words569" starttime="972.464" endtime="973.535" type="other"/>
   <vocalsound nite:id="ES2002d.D.words570" starttime="973.535" endtime="973.535" type="laugh"/>
   <w nite:id="ES2002d.D.words571" starttime="974.77" endtime="974.86">Is</w>
   <w nite:id="ES2002d.D.words572" starttime="974.86" endtime="975.26">it</w>
   <w nite:id="ES2002d.D.words573" starttime="975.26" endtime="975.26" punc="true">?</w>
   <vocalsound nite:id="ES2002d.D.words574" starttime="978.082" endtime="978.864" type="laugh"/>
   <w nite:id="ES2002d.D.words575" starttime="1053.91" endtime="1054.43">Yeah</w>
   <w nite:id="ES2002d.D.words576" starttime="1054.43" endtime="1054.43" punc="true">.</w>
   <w nite:id="ES2002d.D.words577" starttime="1071.49" endtime="1071.59">I&#39;m</w>
   <w nite:id="ES2002d.D.words578" starttime="1071.59" endtime="1071.84">seeing</w>
   <w nite:id="ES2002d.D.words579" starttime="1071.84" endtime="1072.09">five</w>
   <w nite:id="ES2002d.D.words580" starttime="1072.09" endtime="1073.08">then</w>
   <w nite:id="ES2002d.D.words581" starttime="1073.08" endtime="1073.08" punc="true">.</w>
   <w nite:id="ES2002d.D.words582" starttime="1089.81" endtime="1090.09">One&#39;s</w>
   <w nite:id="ES2002d.D.words583" starttime="1090.09" endtime="1090.41">high-ish</w>
   <w nite:id="ES2002d.D.words584" starttime="1090.41" endtime="1090.56">isn&#39;t</w>
   <w nite:id="ES2002d.D.words585" starttime="1090.56" endtime="1090.68">it</w>
   <w nite:id="ES2002d.D.words586" starttime="1090.68" endtime="1090.68" punc="true">?</w>
   <w nite:id="ES2002d.D.words587" starttime="1092.03" endtime="1092.96">Ah</w>
   <w nite:id="ES2002d.D.words588" starttime="1092.96" endtime="1092.96" punc="true">,</w>
   <w nite:id="ES2002d.D.words589" starttime="1092.96" endtime="1093.2">okay</w>
   <w nite:id="ES2002d.D.words590" starttime="1093.2" endtime="1093.27">so</w>
   <w nite:id="ES2002d.D.words591" starttime="1093.27" endtime="1093.43">yeah</w>
   <w nite:id="ES2002d.D.words592" starttime="1093.43" endtime="1093.43" punc="true">,</w>
   <w nite:id="ES2002d.D.words593" starttime="1093.43" endtime="1093.55">two</w>
   <w nite:id="ES2002d.D.words594" starttime="1093.55" endtime="1093.61">or</w>
   <w nite:id="ES2002d.D.words595" starttime="1093.61" endtime="1094.93">three</w>
   <w nite:id="ES2002d.D.words596" starttime="1094.93" endtime="1094.93" punc="true">.</w>
   <vocalsound nite:id="ES2002d.D.words597" starttime="1097.496" endtime="1098.84" type="laugh"/>
   <w nite:id="ES2002d.D.words598" starttime="1112.05" endtime="1112.48">Eight</w>
   <w nite:id="ES2002d.D.words599" starttime="1112.48" endtime="1113.01">three</w>
   <w nite:id="ES2002d.D.words600" starttime="1113.01" endtime="1113.01" punc="true">.</w>
   <w nite:id="ES2002d.D.words601" starttime="1128.52" endtime="1129.11">Yeah</w>
   <w nite:id="ES2002d.D.words602" starttime="1129.11" endtime="1129.11" punc="true">.</w>
   <vocalsound nite:id="ES2002d.D.words603" starttime="1143.006" endtime="1143.524" type="other"/>
   <w nite:id="ES2002d.D.words604" starttime="1157.86" endtime="1158.26">Yeah</w>
   <gap nite:id="ES2002d.D.words605" starttime="1158.26" endtime="1158.26"/>
   <w nite:id="ES2002d.D.words606" starttime="1158.26" endtime="1158.73">one</w>
   <w nite:id="ES2002d.D.words607" starttime="1158.73" endtime="1158.73" punc="true">.</w>
   <w nite:id="ES2002d.D.words608" starttime="1169.41" endtime="1169.68">Yeah</w>
   <w nite:id="ES2002d.D.words609" starttime="1169.68" endtime="1169.8">I</w>
   <w nite:id="ES2002d.D.words610" starttime="1169.8" endtime="1170.11">think</w>
   <w nite:id="ES2002d.D.words611" starttime="1170.11" endtime="1170.23">it&#39;s</w>
   <w nite:id="ES2002d.D.words612" starttime="1170.23" endtime="1170.35">about</w>
   <w nite:id="ES2002d.D.words613" starttime="1170.35" endtime="1170.74">five</w>
   <w nite:id="ES2002d.D.words614" starttime="1170.74" endtime="1170.74" punc="true">.</w>
   <vocalsound nite:id="ES2002d.D.words615" starttime="1174.704" endtime="1174.704" type="other"/>
   <w nite:id="ES2002d.D.words616" starttime="1175.22" endtime="1176.34">Yeah</w>
   <w nite:id="ES2002d.D.words617" starttime="1176.34" endtime="1176.45">well</w>
   <w nite:id="ES2002d.D.words618" starttime="1176.45" endtime="1176.51">we</w>
   <w nite:id="ES2002d.D.words619" starttime="1176.51" endtime="1176.62">have</w>
   <w nite:id="ES2002d.D.words620" starttime="1176.62" endtime="1176.72">to</w>
   <w nite:id="ES2002d.D.words621" starttime="1176.72" endtime="1176.86">use</w>
   <w nite:id="ES2002d.D.words622" starttime="1176.86" endtime="1177.05">uh</w>
   <w nite:id="ES2002d.D.words623" starttime="1177.05" endtime="1177.5">plastic</w>
   <w nite:id="ES2002d.D.words624" starttime="1177.5" endtime="1177.56">so</w>
   <w nite:id="ES2002d.D.words625" starttime="1177.56" endtime="1177.65">it&#39;s</w>
   <w nite:id="ES2002d.D.words626" starttime="1177.65" endtime="1177.95">probably</w>
   <w nite:id="ES2002d.D.words627" starttime="1177.95" endtime="1178.09">gonna</w>
   <w nite:id="ES2002d.D.words628" starttime="1178.09" endtime="1178.33">be</w>
   <disfmarker nite:id="ES2002d.D.words629" starttime="1178.33" endtime="1178.672"/>
   <w nite:id="ES2002d.D.words630" starttime="1186.45" endtime="1186.48">I</w>
   <w nite:id="ES2002d.D.words631" starttime="1186.48" endtime="1186.6">think</w>
   <w nite:id="ES2002d.D.words632" starttime="1186.6" endtime="1186.66">I&#39;d</w>
   <w nite:id="ES2002d.D.words633" starttime="1186.66" endtime="1186.9">probably</w>
   <w nite:id="ES2002d.D.words634" starttime="1186.9" endtime="1187.15">increase</w>
   <w nite:id="ES2002d.D.words635" starttime="1187.15" endtime="1187.24">the</w>
   <w nite:id="ES2002d.D.words636" starttime="1187.24" endtime="1187.76">cost</w>
   <w nite:id="ES2002d.D.words637" starttime="1187.76" endtime="1187.76" punc="true">.</w>
   <w nite:id="ES2002d.D.words638" starttime="1187.76" endtime="1187.87">We&#39;ve</w>
   <w nite:id="ES2002d.D.words639" starttime="1187.87" endtime="1188.03">only</w>
   <w nite:id="ES2002d.D.words640" starttime="1188.03" endtime="1189.07">got</w>
   <vocalsound nite:id="ES2002d.D.words641" starttime="1189.07" endtime="1189.07" type="other"/>
   <w nite:id="ES2002d.D.words642" starttime="1189.07" endtime="1189.33">like</w>
   <w nite:id="ES2002d.D.words643" starttime="1189.33" endtime="1189.91">what</w>
   <w nite:id="ES2002d.D.words644" starttime="1189.91" endtime="1189.91" punc="true">,</w>
   <w nite:id="ES2002d.D.words645" starttime="1189.91" endtime="1190.39">ten</w>
   <w nite:id="ES2002d.D.words646" starttime="1190.39" endtime="1190.72">cents</w>
   <w nite:id="ES2002d.D.words647" starttime="1190.72" endtime="1191.01">left</w>
   <w nite:id="ES2002d.D.words648" starttime="1191.01" endtime="1191.17">so</w>
   <disfmarker nite:id="ES2002d.D.words649" starttime="1191.17" endtime="1191.368"/>
   <w nite:id="ES2002d.D.words650" starttime="1202.02" endtime="1202.3">Yeah</w>
   <w nite:id="ES2002d.D.words651" starttime="1202.3" endtime="1202.3" punc="true">.</w>
   <vocalsound nite:id="ES2002d.D.words652" starttime="1267.488" endtime="1269.408" type="laugh"/>
   <vocalsound nite:id="ES2002d.D.words653" starttime="1346.176" endtime="1346.72" type="laugh"/>
   <vocalsound nite:id="ES2002d.D.words654" starttime="1363.664" endtime="1364.336" type="laugh"/>
   <vocalsound nite:id="ES2002d.D.words655" starttime="1366.464" endtime="1366.944" type="laugh"/>
   <vocalsound nite:id="ES2002d.D.words656" starttime="1387.485" endtime="1388.339" type="laugh"/>
   <w nite:id="ES2002d.D.words657" starttime="1390.63" endtime="1390.74">My</w>
   <w nite:id="ES2002d.D.words658" starttime="1390.74" endtime="1392.2">leg</w>
   <w nite:id="ES2002d.D.words659" starttime="1392.2" endtime="1392.2" punc="true">.</w>
   <vocalsound nite:id="ES2002d.D.words660" starttime="1392.2" endtime="1392.416" type="laugh"/>
   <w nite:id="ES2002d.D.words661" starttime="1584.55" endtime="1585.52">Um</w>
   <w nite:id="ES2002d.D.words662" starttime="1585.52" endtime="1585.62">I</w>
   <w nite:id="ES2002d.D.words663" starttime="1585.62" endtime="1585.78">agree</w>
   <w nite:id="ES2002d.D.words664" starttime="1585.78" endtime="1585.87">with</w>
   <w nite:id="ES2002d.D.words665" starttime="1585.87" endtime="1585.97">his</w>
   <w nite:id="ES2002d.D.words666" starttime="1585.97" endtime="1586.29">point</w>
   <w nite:id="ES2002d.D.words667" starttime="1586.29" endtime="1586.43">it&#39;s</w>
   <w nite:id="ES2002d.D.words668" starttime="1586.43" endtime="1587.43">um</w>
   <w nite:id="ES2002d.D.words669" starttime="1587.43" endtime="1587.68">it</w>
   <w nite:id="ES2002d.D.words670" starttime="1587.68" endtime="1587.78">is</w>
   <w nite:id="ES2002d.D.words671" starttime="1587.78" endtime="1587.93">quite</w>
   <w nite:id="ES2002d.D.words672" starttime="1587.93" endtime="1587.96">a</w>
   <w nite:id="ES2002d.D.words673" starttime="1587.96" endtime="1588.05">lot</w>
   <w nite:id="ES2002d.D.words674" starttime="1588.05" endtime="1588.12">of</w>
   <w nite:id="ES2002d.D.words675" starttime="1588.12" endtime="1588.45">fun</w>
   <w nite:id="ES2002d.D.words676" starttime="1588.45" endtime="1588.57" trunc="true">t</w>
   <w nite:id="ES2002d.D.words677" starttime="1588.57" endtime="1588.88">to</w>
   <w nite:id="ES2002d.D.words678" starttime="1588.88" endtime="1589.13">go</w>
   <w nite:id="ES2002d.D.words679" starttime="1589.13" endtime="1589.28">and</w>
   <w nite:id="ES2002d.D.words680" starttime="1589.28" endtime="1589.42">then</w>
   <w nite:id="ES2002d.D.words681" starttime="1589.42" endtime="1589.5">you</w>
   <w nite:id="ES2002d.D.words682" starttime="1589.5" endtime="1589.59">have</w>
   <w nite:id="ES2002d.D.words683" starttime="1589.59" endtime="1589.75">sort</w>
   <w nite:id="ES2002d.D.words684" starttime="1589.75" endtime="1590.1">of</w>
   <w nite:id="ES2002d.D.words685" starttime="1590.1" endtime="1590.21">hit</w>
   <w nite:id="ES2002d.D.words686" starttime="1590.21" endtime="1590.3">the</w>
   <w nite:id="ES2002d.D.words687" starttime="1590.3" endtime="1590.61">end</w>
   <w nite:id="ES2002d.D.words688" starttime="1590.61" endtime="1590.71">then</w>
   <w nite:id="ES2002d.D.words689" starttime="1590.71" endtime="1590.86">go</w>
   <w nite:id="ES2002d.D.words690" starttime="1590.86" endtime="1591.17">right</w>
   <w nite:id="ES2002d.D.words691" starttime="1591.17" endtime="1591.17" punc="true">,</w>
   <w nite:id="ES2002d.D.words692" starttime="1591.17" endtime="1591.32">gotta</w>
   <w nite:id="ES2002d.D.words693" starttime="1591.32" endtime="1591.46">cut</w>
   <w nite:id="ES2002d.D.words694" starttime="1591.46" endtime="1591.73">everything</w>
   <w nite:id="ES2002d.D.words695" starttime="1591.73" endtime="1591.93">out</w>
   <w nite:id="ES2002d.D.words696" starttime="1591.93" endtime="1592.18">&#39;cause</w>
   <w nite:id="ES2002d.D.words697" starttime="1592.18" endtime="1592.27">we</w>
   <w nite:id="ES2002d.D.words698" starttime="1592.27" endtime="1592.39">don&#39;t</w>
   <w nite:id="ES2002d.D.words699" starttime="1592.39" endtime="1592.48">have</w>
   <w nite:id="ES2002d.D.words700" starttime="1592.48" endtime="1592.61">enough</w>
   <w nite:id="ES2002d.D.words701" starttime="1592.61" endtime="1592.87">money</w>
   <w nite:id="ES2002d.D.words702" starttime="1592.87" endtime="1592.87" punc="true">.</w>
   <w nite:id="ES2002d.D.words703" starttime="1770.93" endtime="1771.32">Uh</w>
   <w nite:id="ES2002d.D.words704" starttime="1771.32" endtime="1771.32" punc="true">,</w>
   <w nite:id="ES2002d.D.words705" starttime="1771.32" endtime="1771.63">reckon</w>
   <w nite:id="ES2002d.D.words706" starttime="1771.63" endtime="1771.77">that</w>
   <w nite:id="ES2002d.D.words707" starttime="1771.77" endtime="1771.92">was</w>
   <w nite:id="ES2002d.D.words708" starttime="1771.92" endtime="1771.99">a</w>
   <w nite:id="ES2002d.D.words709" starttime="1771.99" endtime="1772.14">bit</w>
   <w nite:id="ES2002d.D.words710" starttime="1772.14" endtime="1772.61">hard</w>
   <w nite:id="ES2002d.D.words711" starttime="1772.61" endtime="1772.88">because</w>
   <w nite:id="ES2002d.D.words712" starttime="1772.88" endtime="1772.97">we</w>
   <w nite:id="ES2002d.D.words713" starttime="1772.97" endtime="1773.09">could</w>
   <w nite:id="ES2002d.D.words714" starttime="1773.09" endtime="1773.49">only</w>
   <w nite:id="ES2002d.D.words715" starttime="1773.49" endtime="1773.88">discuss</w>
   <w nite:id="ES2002d.D.words716" starttime="1773.88" endtime="1774.08">things</w>
   <w nite:id="ES2002d.D.words717" starttime="1774.08" endtime="1774.17">in</w>
   <w nite:id="ES2002d.D.words718" starttime="1774.17" endtime="1774.24">the</w>
   <w nite:id="ES2002d.D.words719" starttime="1774.24" endtime="1774.53">meeting</w>
   <w nite:id="ES2002d.D.words720" starttime="1774.53" endtime="1774.53" punc="true">.</w>
   <w nite:id="ES2002d.D.words721" starttime="1775.97" endtime="1776.11">If</w>
   <w nite:id="ES2002d.D.words722" starttime="1776.11" endtime="1776.17">we</w>
   <w nite:id="ES2002d.D.words723" starttime="1776.17" endtime="1776.27">could</w>
   <w nite:id="ES2002d.D.words724" starttime="1776.27" endtime="1776.4">just</w>
   <w nite:id="ES2002d.D.words725" starttime="1776.4" endtime="1776.49">go</w>
   <w nite:id="ES2002d.D.words726" starttime="1776.49" endtime="1776.57">up</w>
   <w nite:id="ES2002d.D.words727" starttime="1776.57" endtime="1776.65">to</w>
   <w nite:id="ES2002d.D.words728" starttime="1776.65" endtime="1776.93">somebody</w>
   <w nite:id="ES2002d.D.words729" starttime="1776.93" endtime="1777.19">outside</w>
   <w nite:id="ES2002d.D.words730" starttime="1777.19" endtime="1777.26">the</w>
   <w nite:id="ES2002d.D.words731" starttime="1777.26" endtime="1777.43">meeting</w>
   <w nite:id="ES2002d.D.words732" starttime="1777.43" endtime="1777.52">and</w>
   <w nite:id="ES2002d.D.words733" starttime="1777.52" endtime="1777.64">have</w>
   <w nite:id="ES2002d.D.words734" starttime="1777.64" endtime="1777.67">a</w>
   <w nite:id="ES2002d.D.words735" starttime="1777.67" endtime="1777.86">quick</w>
   <w nite:id="ES2002d.D.words736" starttime="1777.86" endtime="1778.02">talk</w>
   <w nite:id="ES2002d.D.words737" starttime="1778.02" endtime="1778.11">with</w>
   <w nite:id="ES2002d.D.words738" starttime="1778.11" endtime="1778.21">them</w>
   <w nite:id="ES2002d.D.words739" starttime="1778.21" endtime="1778.21" punc="true">,</w>
   <w nite:id="ES2002d.D.words740" starttime="1778.21" endtime="1778.3">that</w>
   <w nite:id="ES2002d.D.words741" starttime="1778.3" endtime="1778.45">would&#39;ve</w>
   <w nite:id="ES2002d.D.words742" starttime="1778.45" endtime="1778.54">been</w>
   <w nite:id="ES2002d.D.words743" starttime="1778.54" endtime="1778.61">a</w>
   <w nite:id="ES2002d.D.words744" starttime="1778.61" endtime="1778.79">lot</w>
   <w nite:id="ES2002d.D.words745" starttime="1778.79" endtime="1779.1">easier</w>
   <w nite:id="ES2002d.D.words746" starttime="1779.1" endtime="1779.1" punc="true">.</w>
   <w nite:id="ES2002d.D.words747" starttime="1797.91" endtime="1798.01">Not</w>
   <w nite:id="ES2002d.D.words748" starttime="1798.01" endtime="1798.13">just</w>
   <w nite:id="ES2002d.D.words749" starttime="1798.13" endtime="1798.26">yet</w>
   <w nite:id="ES2002d.D.words750" starttime="1798.26" endtime="1798.26" punc="true">.</w>
   <w nite:id="ES2002d.D.words751" starttime="2014.11" endtime="2014.46">Yeah</w>
   <w nite:id="ES2002d.D.words752" starttime="2014.46" endtime="2014.46" punc="true">.</w>
   <w nite:id="ES2002d.D.words753" starttime="2032.68" endtime="2032.95">Oh</w>
   <w nite:id="ES2002d.D.words754" starttime="2032.95" endtime="2033.04">they&#39;re</w>
   <w nite:id="ES2002d.D.words755" starttime="2033.04" endtime="2033.07">a</w>
   <w nite:id="ES2002d.D.words756" starttime="2033.07" endtime="2033.26">bit</w>
   <w nite:id="ES2002d.D.words757" starttime="2033.26" endtime="2033.63">clunky</w>
   <w nite:id="ES2002d.D.words758" starttime="2033.63" endtime="2033.63" punc="true">.</w>
   <vocalsound nite:id="ES2002d.D.words759" starttime="2073.732" endtime="2076.654" type="laugh"/>
   <w nite:id="ES2002d.D.words760" starttime="2088.37" endtime="2088.51">Good</w>
   <w nite:id="ES2002d.D.words761" starttime="2088.51" endtime="2088.75">point</w>
   <w nite:id="ES2002d.D.words762" starttime="2088.75" endtime="2088.75" punc="true">.</w>
   <w nite:id="ES2002d.D.words763" starttime="2106.32" endtime="2106.66">Yeah</w>
   <w nite:id="ES2002d.D.words764" starttime="2106.66" endtime="2106.66" punc="true">.</w>
   <w nite:id="ES2002d.D.words765" starttime="2134.92" endtime="2135.0">Is</w>
   <w nite:id="ES2002d.D.words766" starttime="2135.0" endtime="2135.17">this</w>
   <w nite:id="ES2002d.D.words767" starttime="2135.17" endtime="2135.35">for</w>
   <w nite:id="ES2002d.D.words768" starttime="2135.35" endtime="2135.46">the</w>
   <w nite:id="ES2002d.D.words769" starttime="2135.46" endtime="2136.23">project</w>
   <w nite:id="ES2002d.D.words770" starttime="2136.23" endtime="2136.58">or</w>
   <disfmarker nite:id="ES2002d.D.words771" starttime="2136.58" endtime="2136.687"/>
   <vocalsound nite:id="ES2002d.D.words772" starttime="2224.64" endtime="2226.317" type="laugh"/>
   <vocalsound nite:id="ES2002d.D.words773" starttime="2234.529" endtime="2235.786" type="laugh"/>
   <w nite:id="ES2002d.D.words774" starttime="2237.59" endtime="2237.71">Oh</w>
   <w nite:id="ES2002d.D.words775" starttime="2237.71" endtime="2237.95">yeah</w>
   <w nite:id="ES2002d.D.words776" starttime="2237.95" endtime="2237.95" punc="true">.</w>
   <w nite:id="ES2002d.D.words777" starttime="2240.59" endtime="2240.66">Do</w>
   <w nite:id="ES2002d.D.words778" starttime="2240.66" endtime="2240.72">we</w>
   <w nite:id="ES2002d.D.words779" starttime="2240.72" endtime="2240.8">know</w>
   <w nite:id="ES2002d.D.words780" starttime="2240.8" endtime="2240.93">what</w>
   <w nite:id="ES2002d.D.words781" starttime="2240.93" endtime="2240.99">the</w>
   <w nite:id="ES2002d.D.words782" starttime="2240.99" endtime="2241.11">other</w>
   <w nite:id="ES2002d.D.words783" starttime="2241.11" endtime="2241.32">ones</w>
   <w nite:id="ES2002d.D.words784" starttime="2241.32" endtime="2241.45">are</w>
   <w nite:id="ES2002d.D.words785" starttime="2241.45" endtime="2241.45" punc="true">?</w>
   <w nite:id="ES2002d.D.words786" starttime="2243.24" endtime="2243.32">Oh</w>
   <w nite:id="ES2002d.D.words787" starttime="2243.32" endtime="2245.22">wow</w>
   <w nite:id="ES2002d.D.words788" starttime="2245.22" endtime="2245.22" punc="true">.</w>
   <vocalsound nite:id="ES2002d.D.words789" starttime="2245.22" endtime="2245.6" type="laugh"/>
   <w nite:id="ES2002d.D.words790" starttime="2247.22" endtime="2248.08">Hey</w>
   <w nite:id="ES2002d.D.words791" starttime="2248.08" endtime="2248.58">yeah</w>
   <w nite:id="ES2002d.D.words792" starttime="2248.58" endtime="2248.58" punc="true">,</w>
   <w nite:id="ES2002d.D.words793" starttime="2248.58" endtime="2248.64">I</w>
   <w nite:id="ES2002d.D.words794" starttime="2248.64" endtime="2248.82">said</w>
   <w nite:id="ES2002d.D.words795" starttime="2248.82" endtime="2249.07">Ninja</w>
   <w nite:id="ES2002d.D.words796" starttime="2249.07" endtime="2250.11">Homer</w>
   <w nite:id="ES2002d.D.words797" starttime="2250.11" endtime="2250.11" punc="true">.</w>
   <vocalsound nite:id="ES2002d.D.words798" starttime="2250.11" endtime="2250.832" type="laugh"/>
   <vocalsound nite:id="ES2002d.D.words799" starttime="2257.002" endtime="2258.866" type="laugh"/>
   <vocalsound nite:id="ES2002d.D.words800" starttime="2276.992" endtime="2278.848" type="laugh"/>
   <w nite:id="ES2002d.D.words801" starttime="2314.66" endtime="2314.81">Guess</w>
   <w nite:id="ES2002d.D.words802" starttime="2314.81" endtime="2314.87">I&#39;d</w>
   <w nite:id="ES2002d.D.words803" starttime="2314.87" endtime="2315.06">forgot</w>
   <w nite:id="ES2002d.D.words804" starttime="2315.06" endtime="2315.18">how</w>
   <w nite:id="ES2002d.D.words805" starttime="2315.18" endtime="2315.29">good</w>
   <w nite:id="ES2002d.D.words806" starttime="2315.29" endtime="2315.52" trunc="true">s</w>
   <w nite:id="ES2002d.D.words807" starttime="2315.52" endtime="2315.7">Play-Doh</w>
   <w nite:id="ES2002d.D.words808" starttime="2315.7" endtime="2316.24">smells</w>
   <w nite:id="ES2002d.D.words809" starttime="2316.24" endtime="2316.24" punc="true">.</w>
   <w nite:id="ES2002d.D.words810" starttime="2321.71" endtime="2321.78">I</w>
   <w nite:id="ES2002d.D.words811" starttime="2321.78" endtime="2321.95">think</w>
   <w nite:id="ES2002d.D.words812" starttime="2321.95" endtime="2322.04">they&#39;re</w>
   <w nite:id="ES2002d.D.words813" starttime="2322.04" endtime="2322.16">all</w>
   <w nite:id="ES2002d.D.words814" starttime="2322.16" endtime="2322.7">non-toxic</w>
   <w nite:id="ES2002d.D.words815" starttime="2322.7" endtime="2322.82">&#39;cause</w>
   <w nite:id="ES2002d.D.words816" starttime="2322.82" endtime="2322.93">it&#39;s</w>
   <w nite:id="ES2002d.D.words817" starttime="2322.93" endtime="2323.04">aimed</w>
   <w nite:id="ES2002d.D.words818" starttime="2323.04" endtime="2323.12">for</w>
   <w nite:id="ES2002d.D.words819" starttime="2323.12" endtime="2323.3">like</w>
   <w nite:id="ES2002d.D.words820" starttime="2323.3" endtime="2323.83">two-year-olds</w>
   <w nite:id="ES2002d.D.words821" starttime="2323.83" endtime="2323.83" punc="true">.</w>
   <vocalsound nite:id="ES2002d.D.words822" starttime="2339.465" endtime="2341.232" type="laugh"/>
   <w nite:id="ES2002d.D.words823" starttime="2352.26" endtime="2352.35">Yeah</w>
   <w nite:id="ES2002d.D.words824" starttime="2352.35" endtime="2352.44">it&#39;s</w>
   <w nite:id="ES2002d.D.words825" starttime="2352.44" endtime="2352.53">not</w>
   <w nite:id="ES2002d.D.words826" starttime="2352.53" endtime="2352.77">very</w>
   <w nite:id="ES2002d.D.words827" starttime="2352.77" endtime="2353.26">tangible</w>
   <w nite:id="ES2002d.D.words828" starttime="2353.26" endtime="2353.26" punc="true">.</w>
</nite:root>