<?xml version="1.0" encoding="ISO-8859-1" standalone="yes"?>
<nite:root nite:id="Bed012.D.segs" xmlns:nite="http://nite.sourceforge.net/">
   <segment nite:id="Bed012.segment.2" starttime="82.0" endtime="82.56" participant="fn050" timing-provenance="segment">
      <nite:child href="Bed012.D.words.xml#id(Bed012.comment.1)"/>
   </segment>
   <segment nite:id="Bed012.segment.12" starttime="97.474" endtime="99.214" participant="fn050" timing-provenance="dialogueact">
      <nite:child href="Bed012.D.words.xml#id(Bed012.w.43)..id(Bed012.w.52)"/>
   </segment>
   <segment nite:id="Bed012.segment.15" starttime="101.132" endtime="101.292" participant="fn050" timing-provenance="dialogueact">
      <nite:child href="Bed012.D.words.xml#id(Bed012.w.57)..id(Bed012.w.58)"/>
   </segment>
   <segment nite:id="Bed012.segment.17" starttime="101.922" endtime="102.352" participant="fn050" timing-provenance="dialogueact">
      <nite:child href="Bed012.D.words.xml#id(Bed012.w.59)..id(Bed012.w.62)"/>
   </segment>
   <segment nite:id="Bed012.segment.18" starttime="102.432" endtime="104.412" participant="fn050" timing-provenance="dialogueact">
      <nite:child href="Bed012.D.words.xml#id(Bed012.w.63)..id(Bed012.w.80)"/>
   </segment>
   <segment nite:id="Bed012.segment.19" starttime="104.522" endtime="106.602" participant="fn050" timing-provenance="dialogueact">
      <nite:child href="Bed012.D.words.xml#id(Bed012.w.81)..id(Bed012.w.94)"/>
   </segment>
   <segment nite:id="Bed012.segment.22" starttime="108.483" endtime="109.097" participant="fn050" timing-provenance="segment">
      <nite:child href="Bed012.D.words.xml#id(Bed012.vocalsound.4)"/>
   </segment>
   <segment nite:id="Bed012.segment.158" starttime="444.979" endtime="446.176" participant="fn050" timing-provenance="segment">
      <nite:child href="Bed012.D.words.xml#id(Bed012.vocalsound.10)"/>
   </segment>
   <segment nite:id="Bed012.segment.174" starttime="485.433" endtime="487.74" participant="fn050" timing-provenance="segment">
      <nite:child href="Bed012.D.words.xml#id(Bed012.nonvocalsound.2)"/>
   </segment>
   <segment nite:id="Bed012.segment.177" starttime="492.579" endtime="493.214" participant="fn050" timing-provenance="segment">
      <nite:child href="Bed012.D.words.xml#id(Bed012.nonvocalsound.3)"/>
   </segment>
   <segment nite:id="Bed012.segment.272" starttime="801.498" endtime="801.954" participant="fn050" timing-provenance="segment">
      <nite:child href="Bed012.D.words.xml#id(Bed012.vocalsound.17)"/>
   </segment>
   <segment nite:id="Bed012.segment.284" starttime="828.293" endtime="828.725" participant="fn050" timing-provenance="segment">
      <nite:child href="Bed012.D.words.xml#id(Bed012.vocalsound.18)"/>
   </segment>
   <segment nite:id="Bed012.segment.296" starttime="860.056" endtime="860.679" participant="fn050" timing-provenance="segment">
      <nite:child href="Bed012.D.words.xml#id(Bed012.vocalsound.19)"/>
   </segment>
   <segment nite:id="Bed012.segment.299" starttime="865.425" endtime="866.624" participant="fn050" timing-provenance="segment">
      <nite:child href="Bed012.D.words.xml#id(Bed012.vocalsound.20)"/>
   </segment>
   <segment nite:id="Bed012.segment.316" starttime="889.679" endtime="891.374" participant="fn050" timing-provenance="segment">
      <nite:child href="Bed012.D.words.xml#id(Bed012.vocalsound.23)..id(Bed012.w.2,376)"/>
   </segment>
   <segment nite:id="Bed012.segment.328" starttime="908.323" endtime="909.111" participant="fn050" timing-provenance="segment">
      <nite:child href="Bed012.D.words.xml#id(Bed012.vocalsound.26)"/>
   </segment>
   <segment nite:id="Bed012.segment.343" starttime="930.178" endtime="930.842" participant="fn050" timing-provenance="segment">
      <nite:child href="Bed012.D.words.xml#id(Bed012.vocalsound.27)"/>
   </segment>
   <segment nite:id="Bed012.segment.344" starttime="931.299" endtime="931.876" participant="fn050" timing-provenance="segment">
      <nite:child href="Bed012.D.words.xml#id(Bed012.vocalsound.28)"/>
   </segment>
   <segment nite:id="Bed012.segment.345" starttime="932.966" endtime="933.671" participant="fn050" timing-provenance="segment">
      <nite:child href="Bed012.D.words.xml#id(Bed012.vocalsound.29)"/>
   </segment>
   <segment nite:id="Bed012.segment.348" starttime="939.347" endtime="941.009" participant="fn050" timing-provenance="segment">
      <nite:child href="Bed012.D.words.xml#id(Bed012.vocalsound.30)"/>
   </segment>
   <segment nite:id="Bed012.segment.351" starttime="950.437" endtime="951.407" participant="fn050" timing-provenance="segment">
      <nite:child href="Bed012.D.words.xml#id(Bed012.vocalsound.31)"/>
   </segment>
   <segment nite:id="Bed012.segment.353" starttime="952.401" endtime="952.991" participant="fn050" timing-provenance="dialogueact">
      <nite:child href="Bed012.D.words.xml#id(Bed012.w.2,597)..id(Bed012.w.2,598)"/>
   </segment>
   <segment nite:id="Bed012.segment.367" starttime="970.799" endtime="972.051" participant="fn050" timing-provenance="segment">
      <nite:child href="Bed012.D.words.xml#id(Bed012.vocalsound.36)"/>
   </segment>
   <segment nite:id="Bed012.segment.390" starttime="1004.813" endtime="1006.027" participant="fn050" timing-provenance="segment">
      <nite:child href="Bed012.D.words.xml#id(Bed012.vocalsound.43)"/>
   </segment>
   <segment nite:id="Bed012.segment.394" starttime="1006.659" endtime="1007.878" participant="fn050" timing-provenance="segment">
      <nite:child href="Bed012.D.words.xml#id(Bed012.vocalsound.47)"/>
   </segment>
   <segment nite:id="Bed012.segment.396" starttime="1008.507" endtime="1009.572" participant="fn050" timing-provenance="segment">
      <nite:child href="Bed012.D.words.xml#id(Bed012.vocalsound.48)"/>
   </segment>
   <segment nite:id="Bed012.segment.413" starttime="1043.326" endtime="1043.817" participant="fn050" timing-provenance="segment">
      <nite:child href="Bed012.D.words.xml#id(Bed012.vocalsound.50)"/>
   </segment>
   <segment nite:id="Bed012.segment.441" starttime="1101.18" endtime="1101.488" participant="fn050" timing-provenance="segment">
      <nite:child href="Bed012.D.words.xml#id(Bed012.vocalsound.53)"/>
   </segment>
   <segment nite:id="Bed012.segment.444" starttime="1106.504" endtime="1106.939" participant="fn050" timing-provenance="segment">
      <nite:child href="Bed012.D.words.xml#id(Bed012.vocalsound.55)"/>
   </segment>
   <segment nite:id="Bed012.segment.447" starttime="1111.62" endtime="1111.93" participant="fn050" timing-provenance="dialogueact">
      <nite:child href="Bed012.D.words.xml#id(Bed012.w.3,236)..id(Bed012.w.3,237)"/>
   </segment>
   <segment nite:id="Bed012.segment.472" starttime="1164.608" endtime="1165.687" participant="fn050" timing-provenance="segment">
      <nite:child href="Bed012.D.words.xml#id(Bed012.vocalsound.56)"/>
   </segment>
   <segment nite:id="Bed012.segment.482" starttime="1186.427" endtime="1187.151" participant="fn050" timing-provenance="segment">
      <nite:child href="Bed012.D.words.xml#id(Bed012.vocalsound.61)"/>
   </segment>
   <segment nite:id="Bed012.segment.490" starttime="1204.219" endtime="1206.623" participant="fn050" timing-provenance="segment">
      <nite:child href="Bed012.D.words.xml#id(Bed012.nonvocalsound.25)..id(Bed012.comment.43)"/>
   </segment>
   <segment nite:id="Bed012.segment.493" starttime="1206.623" endtime="1207.632" participant="fn050" timing-provenance="segment">
      <nite:child href="Bed012.D.words.xml#id(Bed012.vocalsound.62)"/>
   </segment>
   <segment nite:id="Bed012.segment.494" starttime="1207.632" endtime="1270.457" participant="fn050" timing-provenance="segment">
      <nite:child href="Bed012.D.words.xml#id(Bed012.nonvocalsound.26)..id(Bed012.comment.44)"/>
   </segment>
   <segment nite:id="Bed012.segment.658" starttime="1613.742" endtime="1614.809" participant="fn050" timing-provenance="segment">
      <nite:child href="Bed012.D.words.xml#id(Bed012.vocalsound.72)"/>
   </segment>
   <segment nite:id="Bed012.segment.703" starttime="1712.61" endtime="1716.74" participant="fn050" timing-provenance="dialogueact">
      <nite:child href="Bed012.D.words.xml#id(Bed012.w.5,522)..id(Bed012.w.5,549)"/>
   </segment>
   <segment nite:id="Bed012.segment.778" starttime="1886.68" endtime="1886.98" participant="fn050" timing-provenance="dialogueact">
      <nite:child href="Bed012.D.words.xml#id(Bed012.w.6,105)..id(Bed012.w.6,106)"/>
   </segment>
   <segment nite:id="Bed012.segment.792" starttime="1904.583" endtime="1906.563" participant="fn050" timing-provenance="segment">
      <nite:child href="Bed012.D.words.xml#id(Bed012.w.6,145)..id(Bed012.comment.73)"/>
   </segment>
   <segment nite:id="Bed012.segment.794" starttime="1907.71" endtime="1907.92" participant="fn050" timing-provenance="dialogueact">
      <nite:child href="Bed012.D.words.xml#id(Bed012.w.6,156)..id(Bed012.w.6,157)"/>
   </segment>
   <segment nite:id="Bed012.segment.824" starttime="1937.432" endtime="1938.773" participant="fn050" timing-provenance="segment">
      <nite:child href="Bed012.D.words.xml#id(Bed012.vocalsound.84)"/>
   </segment>
   <segment nite:id="Bed012.segment.861" starttime="2007.86" endtime="2008.89" participant="fn050" timing-provenance="dialogueact">
      <nite:child href="Bed012.D.words.xml#id(Bed012.w.6,470)..id(Bed012.w.6,474)"/>
   </segment>
   <segment nite:id="Bed012.segment.872" starttime="2022.963" endtime="2023.986" participant="fn050" timing-provenance="segment">
      <nite:child href="Bed012.D.words.xml#id(Bed012.vocalsound.89)"/>
   </segment>
   <segment nite:id="Bed012.segment.892" starttime="2050.784" endtime="2052.35" participant="fn050" timing-provenance="segment">
      <nite:child href="Bed012.D.words.xml#id(Bed012.vocalsound.93)"/>
   </segment>
   <segment nite:id="Bed012.segment.912" starttime="2096.63" endtime="2096.8" participant="fn050" timing-provenance="dialogueact">
      <nite:child href="Bed012.D.words.xml#id(Bed012.w.6,792)..id(Bed012.w.6,793)"/>
   </segment>
   <segment nite:id="Bed012.segment.929" starttime="2123.082" endtime="2123.529" participant="fn050" timing-provenance="segment">
      <nite:child href="Bed012.D.words.xml#id(Bed012.vocalsound.101)"/>
   </segment>
   <segment nite:id="Bed012.segment.932" starttime="2124.75" endtime="2125.317" participant="fn050" timing-provenance="segment">
      <nite:child href="Bed012.D.words.xml#id(Bed012.vocalsound.104)"/>
   </segment>
   <segment nite:id="Bed012.segment.937" starttime="2130.38" endtime="2133.73" participant="fn050" timing-provenance="dialogueact">
      <nite:child href="Bed012.D.words.xml#id(Bed012.w.6,878)..id(Bed012.w.6,896)"/>
   </segment>
   <segment nite:id="Bed012.segment.939" starttime="2134.3" endtime="2136.633" participant="fn050" timing-provenance="segment">
      <nite:child href="Bed012.D.words.xml#id(Bed012.w.6,899)..id(Bed012.comment.93)"/>
   </segment>
   <segment nite:id="Bed012.segment.943" starttime="2139.97" endtime="2140.21" participant="fn050" timing-provenance="dialogueact">
      <nite:child href="Bed012.D.words.xml#id(Bed012.w.6,921)..id(Bed012.w.6,922)"/>
   </segment>
   <segment nite:id="Bed012.segment.945" starttime="2141.27" endtime="2143.62" participant="fn050" timing-provenance="dialogueact">
      <nite:child href="Bed012.D.words.xml#id(Bed012.w.6,924)..id(Bed012.w.6,937)"/>
   </segment>
   <segment nite:id="Bed012.segment.947" starttime="2144.32" endtime="2145.542" participant="fn050" timing-provenance="segment">
      <nite:child href="Bed012.D.words.xml#id(Bed012.w.6,938)..id(Bed012.disfmarker.241)"/>
   </segment>
   <segment nite:id="Bed012.segment.950" starttime="2146.532" endtime="2148.85" participant="fn050" timing-provenance="segment">
      <nite:child href="Bed012.D.words.xml#id(Bed012.w.6,944)..id(Bed012.comment.94)"/>
   </segment>
   <segment nite:id="Bed012.segment.953" starttime="2150.27" endtime="2150.77" participant="fn050" timing-provenance="dialogueact">
      <nite:child href="Bed012.D.words.xml#id(Bed012.w.6,965)..id(Bed012.w.6,967)"/>
   </segment>
   <segment nite:id="Bed012.segment.955" starttime="2151.83" endtime="2152.06" participant="fn050" timing-provenance="dialogueact">
      <nite:child href="Bed012.D.words.xml#id(Bed012.w.6,975)..id(Bed012.w.6,976)"/>
   </segment>
   <segment nite:id="Bed012.segment.991" starttime="2229.37" endtime="2230.04" participant="fn050" timing-provenance="dialogueact">
      <nite:child href="Bed012.D.words.xml#id(Bed012.w.7,254)..id(Bed012.w.7,258)"/>
   </segment>
   <segment nite:id="Bed012.segment.1,001" starttime="2253.64" endtime="2255.068" participant="fn050" timing-provenance="segment">
      <nite:child href="Bed012.D.words.xml#id(Bed012.w.7,356)..id(Bed012.disfmarker.257)"/>
   </segment>
   <segment nite:id="Bed012.segment.1,002" starttime="2255.8" endtime="2256.97" participant="fn050" timing-provenance="dialogueact">
      <nite:child href="Bed012.D.words.xml#id(Bed012.w.7,362)..id(Bed012.w.7,369)"/>
   </segment>
   <segment nite:id="Bed012.segment.1,005" starttime="2257.636" endtime="2260.596" participant="fn050" timing-provenance="segment">
      <nite:child href="Bed012.D.words.xml#id(Bed012.w.7,372)..id(Bed012.comment.98)"/>
   </segment>
   <segment nite:id="Bed012.segment.1,009" starttime="2263.709" endtime="2264.948" participant="fn050" timing-provenance="segment">
      <nite:child href="Bed012.D.words.xml#id(Bed012.w.7,404)..id(Bed012.disfmarker.261)"/>
   </segment>
   <segment nite:id="Bed012.segment.1,012" starttime="2269.459" endtime="2271.342" participant="fn050" timing-provenance="segment">
      <nite:child href="Bed012.D.words.xml#id(Bed012.vocalsound.112)"/>
   </segment>
   <segment nite:id="Bed012.segment.1,015" starttime="2273.965" endtime="2275.13" participant="fn050" timing-provenance="segment">
      <nite:child href="Bed012.D.words.xml#id(Bed012.vocalsound.115)"/>
   </segment>
   <segment nite:id="Bed012.segment.1,026" starttime="2286.3" endtime="2287.407" participant="fn050" timing-provenance="segment">
      <nite:child href="Bed012.D.words.xml#id(Bed012.vocalsound.118)"/>
   </segment>
   <segment nite:id="Bed012.segment.1,039" starttime="2306.668" endtime="2308.1" participant="fn050" timing-provenance="segment">
      <nite:child href="Bed012.D.words.xml#id(Bed012.vocalsound.121)"/>
   </segment>
   <segment nite:id="Bed012.segment.1,046" starttime="2312.429" endtime="2313.569" participant="fn050" timing-provenance="segment">
      <nite:child href="Bed012.D.words.xml#id(Bed012.vocalsound.124)"/>
   </segment>
   <segment nite:id="Bed012.segment.1,049" starttime="2314.383" endtime="2315.401" participant="fn050" timing-provenance="segment">
      <nite:child href="Bed012.D.words.xml#id(Bed012.vocalsound.126)"/>
   </segment>
   <segment nite:id="Bed012.segment.1,053" starttime="2323.368" endtime="2324.86" participant="fn050" timing-provenance="segment">
      <nite:child href="Bed012.D.words.xml#id(Bed012.vocalsound.128)"/>
   </segment>
   <segment nite:id="Bed012.segment.1,059" starttime="2328.549" endtime="2329.172" participant="fn050" timing-provenance="segment">
      <nite:child href="Bed012.D.words.xml#id(Bed012.vocalsound.133)"/>
   </segment>
   <segment nite:id="Bed012.segment.1,063" starttime="2332.265" endtime="2332.696" participant="fn050" timing-provenance="segment">
      <nite:child href="Bed012.D.words.xml#id(Bed012.w.7,653)..id(Bed012.comment.108)"/>
   </segment>
   <segment nite:id="Bed012.segment.1,065" starttime="2333.69" endtime="2333.78" participant="fn050" timing-provenance="dialogueact">
      <nite:child href="Bed012.D.words.xml#id(Bed012.w.7,657)..id(Bed012.w.7,658)"/>
   </segment>
   <segment nite:id="Bed012.segment.1,068" starttime="2337.9" endtime="2339.26" participant="fn050" timing-provenance="dialogueact">
      <nite:child href="Bed012.D.words.xml#id(Bed012.w.7,675)..id(Bed012.w.7,682)"/>
   </segment>
   <segment nite:id="Bed012.segment.1,070" starttime="2339.79" endtime="2342.1" participant="fn050" timing-provenance="dialogueact">
      <nite:child href="Bed012.D.words.xml#id(Bed012.w.7,685)..id(Bed012.w.7,697)"/>
   </segment>
   <segment nite:id="Bed012.segment.1,072" starttime="2345.221" endtime="2345.636" participant="fn050" timing-provenance="segment">
      <nite:child href="Bed012.D.words.xml#id(Bed012.vocalsound.134)"/>
   </segment>
   <segment nite:id="Bed012.segment.1,076" starttime="2351.95" endtime="2353.54" participant="fn050" timing-provenance="dialogueact">
      <nite:child href="Bed012.D.words.xml#id(Bed012.w.7,730)..id(Bed012.w.7,735)"/>
   </segment>
   <segment nite:id="Bed012.segment.1,078" starttime="2355.88" endtime="2356.01" participant="fn050" timing-provenance="dialogueact">
      <nite:child href="Bed012.D.words.xml#id(Bed012.w.7,738)..id(Bed012.w.7,739)"/>
   </segment>
   <segment nite:id="Bed012.segment.1,080" starttime="2357.02" endtime="2357.443" participant="fn050" timing-provenance="segment">
      <nite:child href="Bed012.D.words.xml#id(Bed012.w.7,758)..id(Bed012.disfmarker.266)"/>
   </segment>
   <segment nite:id="Bed012.segment.1,081" starttime="2358.32" endtime="2358.64" participant="fn050" timing-provenance="dialogueact">
      <nite:child href="Bed012.D.words.xml#id(Bed012.w.7,759)..id(Bed012.w.7,760)"/>
   </segment>
   <segment nite:id="Bed012.segment.1,083" starttime="2361.35" endtime="2361.69" participant="fn050" timing-provenance="dialogueact">
      <nite:child href="Bed012.D.words.xml#id(Bed012.w.7,773)..id(Bed012.w.7,774)"/>
   </segment>
   <segment nite:id="Bed012.segment.1,085" starttime="2365.383" endtime="2366.6" participant="fn050" timing-provenance="segment">
      <nite:child href="Bed012.D.words.xml#id(Bed012.vocalsound.135)"/>
   </segment>
   <segment nite:id="Bed012.segment.1,087" starttime="2368.82" endtime="2369.52" participant="fn050" timing-provenance="dialogueact">
      <nite:child href="Bed012.D.words.xml#id(Bed012.w.7,804)..id(Bed012.w.7,805)"/>
   </segment>
   <segment nite:id="Bed012.segment.1,088" starttime="2371.812" endtime="2373.429" participant="fn050" timing-provenance="segment">
      <nite:child href="Bed012.D.words.xml#id(Bed012.w.7,806)..id(Bed012.vocalsound.136)"/>
   </segment>
   <segment nite:id="Bed012.segment.1,120" starttime="2454.533" endtime="2454.982" participant="fn050" timing-provenance="segment">
      <nite:child href="Bed012.D.words.xml#id(Bed012.vocalsound.138)"/>
   </segment>
   <segment nite:id="Bed012.segment.1,164" starttime="2526.231" endtime="2526.868" participant="fn050" timing-provenance="segment">
      <nite:child href="Bed012.D.words.xml#id(Bed012.vocalsound.144)"/>
   </segment>
   <segment nite:id="Bed012.segment.1,176" starttime="2543.279" endtime="2544.036" participant="fn050" timing-provenance="segment">
      <nite:child href="Bed012.D.words.xml#id(Bed012.vocalsound.148)"/>
   </segment>
   <segment nite:id="Bed012.segment.1,182" starttime="2555.156" endtime="2557.14" participant="fn050" timing-provenance="segment">
      <nite:child href="Bed012.D.words.xml#id(Bed012.vocalsound.149)"/>
   </segment>
   <segment nite:id="Bed012.segment.1,189" starttime="2568.848" endtime="2569.437" participant="fn050" timing-provenance="segment">
      <nite:child href="Bed012.D.words.xml#id(Bed012.vocalsound.151)"/>
   </segment>
   <segment nite:id="Bed012.segment.1,207" starttime="2602.236" endtime="2602.911" participant="fn050" timing-provenance="segment">
      <nite:child href="Bed012.D.words.xml#id(Bed012.comment.123)"/>
   </segment>
</nite:root>