<?xml version="1.0" encoding="ISO-8859-1" standalone="yes"?>
<nite:root nite:id="Bed012.C.segs" xmlns:nite="http://nite.sourceforge.net/">
   <segment nite:id="Bed012.segment.5" starttime="82.0" endtime="82.56" participant="me003" timing-provenance="segment">
      <nite:child href="Bed012.C.words.xml#id(Bed012.comment.4)"/>
   </segment>
   <segment nite:id="Bed012.segment.6" starttime="86.579" endtime="87.48" participant="me003" timing-provenance="segment">
      <nite:child href="Bed012.C.words.xml#id(Bed012.vocalsound.1)"/>
   </segment>
   <segment nite:id="Bed012.segment.8" starttime="89.335" endtime="90.235" participant="me003" timing-provenance="dialogueact">
      <nite:child href="Bed012.C.words.xml#id(Bed012.w.26)..id(Bed012.w.32)"/>
   </segment>
   <segment nite:id="Bed012.segment.16" starttime="101.453" endtime="105.94" participant="me003" timing-provenance="segment">
      <nite:child href="Bed012.C.words.xml#id(Bed012.nonvocalsound.1)"/>
   </segment>
   <segment nite:id="Bed012.segment.20" starttime="105.94" endtime="154.605" participant="me003" timing-provenance="segment">
      <nite:child href="Bed012.C.words.xml#id(Bed012.vocalsound.3)"/>
   </segment>
   <segment nite:id="Bed012.segment.45" starttime="157.17" endtime="160.32" participant="me003" timing-provenance="dialogueact">
      <nite:child href="Bed012.C.words.xml#id(Bed012.w.215)..id(Bed012.w.232)"/>
   </segment>
   <segment nite:id="Bed012.segment.46" starttime="161.49" endtime="163.02" participant="me003" timing-provenance="dialogueact">
      <nite:child href="Bed012.C.words.xml#id(Bed012.w.233)..id(Bed012.w.238)"/>
   </segment>
   <segment nite:id="Bed012.segment.47" starttime="163.79" endtime="163.98" participant="me003" timing-provenance="dialogueact">
      <nite:child href="Bed012.C.words.xml#id(Bed012.w.239)..id(Bed012.w.240)"/>
   </segment>
   <segment nite:id="Bed012.segment.49" starttime="172.02" endtime="174.1" participant="me003" timing-provenance="dialogueact">
      <nite:child href="Bed012.C.words.xml#id(Bed012.w.254)..id(Bed012.w.266)"/>
   </segment>
   <segment nite:id="Bed012.segment.53" starttime="181.809" endtime="182.109" participant="me003" timing-provenance="dialogueact">
      <nite:child href="Bed012.C.words.xml#id(Bed012.w.282)..id(Bed012.w.283)"/>
   </segment>
   <segment nite:id="Bed012.segment.57" starttime="189.61" endtime="193.72" participant="me003" timing-provenance="dialogueact">
      <nite:child href="Bed012.C.words.xml#id(Bed012.w.317)..id(Bed012.w.341)"/>
   </segment>
   <segment nite:id="Bed012.segment.59" starttime="194.6" endtime="195.22" participant="me003" timing-provenance="dialogueact">
      <nite:child href="Bed012.C.words.xml#id(Bed012.w.349)..id(Bed012.w.353)"/>
   </segment>
   <segment nite:id="Bed012.segment.67" starttime="216.36" endtime="220.65" participant="me003" timing-provenance="dialogueact">
      <nite:child href="Bed012.C.words.xml#id(Bed012.w.416)..id(Bed012.w.438)"/>
   </segment>
   <segment nite:id="Bed012.segment.69" starttime="222.12" endtime="222.25" participant="me003" timing-provenance="dialogueact">
      <nite:child href="Bed012.C.words.xml#id(Bed012.w.441)..id(Bed012.w.442)"/>
   </segment>
   <segment nite:id="Bed012.segment.72" starttime="226.297" endtime="229.124" participant="me003" timing-provenance="segment">
      <nite:child href="Bed012.C.words.xml#id(Bed012.vocalsound.8)"/>
   </segment>
   <segment nite:id="Bed012.segment.76" starttime="238.79" endtime="240.08" participant="me003" timing-provenance="dialogueact">
      <nite:child href="Bed012.C.words.xml#id(Bed012.w.480)..id(Bed012.w.485)"/>
   </segment>
   <segment nite:id="Bed012.segment.77" starttime="240.956" endtime="242.486" participant="me003" timing-provenance="dialogueact">
      <nite:child href="Bed012.C.words.xml#id(Bed012.w.486)..id(Bed012.w.491)"/>
   </segment>
   <segment nite:id="Bed012.segment.78" starttime="243.243" endtime="244.053" participant="me003" timing-provenance="dialogueact">
      <nite:child href="Bed012.C.words.xml#id(Bed012.w.492)..id(Bed012.w.493)"/>
   </segment>
   <segment nite:id="Bed012.segment.79" starttime="244.363" endtime="247.513" participant="me003" timing-provenance="dialogueact">
      <nite:child href="Bed012.C.words.xml#id(Bed012.w.494)..id(Bed012.w.510)"/>
   </segment>
   <segment nite:id="Bed012.segment.81" starttime="252.63" endtime="253.33" participant="me003" timing-provenance="segment">
      <nite:child href="Bed012.C.words.xml#id(Bed012.w.524)..id(Bed012.disfmarker.21)"/>
   </segment>
   <segment nite:id="Bed012.segment.83" starttime="254.43" endtime="255.46" participant="me003" timing-provenance="dialogueact">
      <nite:child href="Bed012.C.words.xml#id(Bed012.w.534)..id(Bed012.pause.7)"/>
   </segment>
   <segment nite:id="Bed012.segment.84" starttime="255.461" endtime="257.408" participant="me003" timing-provenance="segment">
      <nite:child href="Bed012.C.words.xml#id(Bed012.w.539)..id(Bed012.comment.9)"/>
   </segment>
   <segment nite:id="Bed012.segment.86" starttime="258.14" endtime="259.43" participant="me003" timing-provenance="dialogueact">
      <nite:child href="Bed012.C.words.xml#id(Bed012.w.551)..id(Bed012.w.558)"/>
   </segment>
   <segment nite:id="Bed012.segment.87" starttime="260.2" endtime="261.42" participant="me003" timing-provenance="dialogueact">
      <nite:child href="Bed012.C.words.xml#id(Bed012.w.559)..id(Bed012.w.565)"/>
   </segment>
   <segment nite:id="Bed012.segment.88" starttime="261.88" endtime="262.56" participant="me003" timing-provenance="dialogueact">
      <nite:child href="Bed012.C.words.xml#id(Bed012.w.566)..id(Bed012.w.570)"/>
   </segment>
   <segment nite:id="Bed012.segment.91" starttime="265.26" endtime="267.39" participant="me003" timing-provenance="segment">
      <nite:child href="Bed012.C.words.xml#id(Bed012.w.581)..id(Bed012.disfmarker.24)"/>
   </segment>
   <segment nite:id="Bed012.segment.93" starttime="268.52" endtime="269.131" participant="me003" timing-provenance="segment">
      <nite:child href="Bed012.C.words.xml#id(Bed012.w.594)..id(Bed012.comment.12)"/>
   </segment>
   <segment nite:id="Bed012.segment.94" starttime="269.518" endtime="271.488" participant="me003" timing-provenance="dialogueact">
      <nite:child href="Bed012.C.words.xml#id(Bed012.w.596)..id(Bed012.w.605)"/>
   </segment>
   <segment nite:id="Bed012.segment.96" starttime="272.556" endtime="272.766" participant="me003" timing-provenance="dialogueact">
      <nite:child href="Bed012.C.words.xml#id(Bed012.w.608)..id(Bed012.w.609)"/>
   </segment>
   <segment nite:id="Bed012.segment.110" starttime="314.629" endtime="317.029" participant="me003" timing-provenance="dialogueact">
      <nite:child href="Bed012.C.words.xml#id(Bed012.w.736)..id(Bed012.w.747)"/>
   </segment>
   <segment nite:id="Bed012.segment.114" starttime="323.42" endtime="323.67" participant="me003" timing-provenance="dialogueact">
      <nite:child href="Bed012.C.words.xml#id(Bed012.w.759)..id(Bed012.w.760)"/>
   </segment>
   <segment nite:id="Bed012.segment.123" starttime="351.552" endtime="357.294" participant="me003" timing-provenance="segment">
      <nite:child href="Bed012.C.words.xml#id(Bed012.w.829)..id(Bed012.disfmarker.37)"/>
   </segment>
   <segment nite:id="Bed012.segment.124" starttime="358.59" endtime="360.58" participant="me003" timing-provenance="dialogueact">
      <nite:child href="Bed012.C.words.xml#id(Bed012.w.859)..id(Bed012.w.873)"/>
   </segment>
   <segment nite:id="Bed012.segment.125" starttime="361.82" endtime="364.04" participant="me003" timing-provenance="dialogueact">
      <nite:child href="Bed012.C.words.xml#id(Bed012.w.874)..id(Bed012.w.883)"/>
   </segment>
   <segment nite:id="Bed012.segment.126" starttime="364.84" endtime="367.35" participant="me003" timing-provenance="dialogueact">
      <nite:child href="Bed012.C.words.xml#id(Bed012.w.884)..id(Bed012.w.894)"/>
   </segment>
   <segment nite:id="Bed012.segment.129" starttime="371.779" endtime="375.923" participant="me003" timing-provenance="segment">
      <nite:child href="Bed012.C.words.xml#id(Bed012.vocalsound.9)"/>
   </segment>
   <segment nite:id="Bed012.segment.135" starttime="394.44" endtime="394.67" participant="me003" timing-provenance="dialogueact">
      <nite:child href="Bed012.C.words.xml#id(Bed012.w.961)..id(Bed012.w.962)"/>
   </segment>
   <segment nite:id="Bed012.segment.138" starttime="400.627" endtime="402.907" participant="me003" timing-provenance="dialogueact">
      <nite:child href="Bed012.C.words.xml#id(Bed012.w.981)..id(Bed012.w.998)"/>
   </segment>
   <segment nite:id="Bed012.segment.148" starttime="426.412" endtime="428.392" participant="me003" timing-provenance="dialogueact">
      <nite:child href="Bed012.C.words.xml#id(Bed012.w.1,070)..id(Bed012.w.1,079)"/>
   </segment>
   <segment nite:id="Bed012.segment.152" starttime="434.507" endtime="437.217" participant="me003" timing-provenance="dialogueact">
      <nite:child href="Bed012.C.words.xml#id(Bed012.w.1,104)..id(Bed012.w.1,120)"/>
   </segment>
   <segment nite:id="Bed012.segment.156" starttime="442.08" endtime="443.57" participant="me003" timing-provenance="dialogueact">
      <nite:child href="Bed012.C.words.xml#id(Bed012.w.1,141)..id(Bed012.w.1,150)"/>
   </segment>
   <segment nite:id="Bed012.segment.157" starttime="444.07" endtime="445.4" participant="me003" timing-provenance="dialogueact">
      <nite:child href="Bed012.C.words.xml#id(Bed012.w.1,151)..id(Bed012.w.1,157)"/>
   </segment>
   <segment nite:id="Bed012.segment.159" starttime="446.23" endtime="447.09" participant="me003" timing-provenance="dialogueact">
      <nite:child href="Bed012.C.words.xml#id(Bed012.w.1,158)..id(Bed012.w.1,162)"/>
   </segment>
   <segment nite:id="Bed012.segment.162" starttime="450.2" endtime="452.56" participant="me003" timing-provenance="dialogueact">
      <nite:child href="Bed012.C.words.xml#id(Bed012.w.1,172)..id(Bed012.w.1,188)"/>
   </segment>
   <segment nite:id="Bed012.segment.172" starttime="477.68" endtime="480.42" participant="me003" timing-provenance="dialogueact">
      <nite:child href="Bed012.C.words.xml#id(Bed012.w.1,242)..id(Bed012.w.1,253)"/>
   </segment>
   <segment nite:id="Bed012.segment.173" starttime="481.35" endtime="484.69" participant="me003" timing-provenance="dialogueact">
      <nite:child href="Bed012.C.words.xml#id(Bed012.w.1,254)..id(Bed012.w.1,272)"/>
   </segment>
   <segment nite:id="Bed012.segment.179" starttime="495.581" endtime="498.56" participant="me003" timing-provenance="segment">
      <nite:child href="Bed012.C.words.xml#id(Bed012.w.1,288)..id(Bed012.disfmarker.52)"/>
   </segment>
   <segment nite:id="Bed012.segment.197" starttime="537.41" endtime="537.73" participant="me003" timing-provenance="dialogueact">
      <nite:child href="Bed012.C.words.xml#id(Bed012.w.1,420)..id(Bed012.w.1,421)"/>
   </segment>
   <segment nite:id="Bed012.segment.203" starttime="562.78" endtime="566.323" participant="me003" timing-provenance="segment">
      <nite:child href="Bed012.C.words.xml#id(Bed012.vocalsound.14)"/>
   </segment>
   <segment nite:id="Bed012.segment.216" starttime="653.88" endtime="654.78" participant="me003" timing-provenance="dialogueact">
      <nite:child href="Bed012.C.words.xml#id(Bed012.w.1,539)..id(Bed012.w.1,546)"/>
   </segment>
   <segment nite:id="Bed012.segment.217" starttime="656.5" endtime="658.626" participant="me003" timing-provenance="segment">
      <nite:child href="Bed012.C.words.xml#id(Bed012.vocalsound.15)"/>
   </segment>
   <segment nite:id="Bed012.segment.221" starttime="662.83" endtime="664.77" participant="me003" timing-provenance="segment">
      <nite:child href="Bed012.C.words.xml#id(Bed012.w.1,561)..id(Bed012.disfmarker.64)"/>
   </segment>
   <segment nite:id="Bed012.segment.232" starttime="691.11" endtime="693.69" participant="me003" timing-provenance="dialogueact">
      <nite:child href="Bed012.C.words.xml#id(Bed012.w.1,619)..id(Bed012.w.1,631)"/>
   </segment>
   <segment nite:id="Bed012.segment.233" starttime="694.88" endtime="695.64" participant="me003" timing-provenance="dialogueact">
      <nite:child href="Bed012.C.words.xml#id(Bed012.w.1,632)"/>
   </segment>
   <segment nite:id="Bed012.segment.234" starttime="697.304" endtime="698.294" participant="me003" timing-provenance="dialogueact">
      <nite:child href="Bed012.C.words.xml#id(Bed012.w.1,633)..id(Bed012.w.1,636)"/>
   </segment>
   <segment nite:id="Bed012.segment.235" starttime="699.04" endtime="701.27" participant="me003" timing-provenance="dialogueact">
      <nite:child href="Bed012.C.words.xml#id(Bed012.w.1,637)..id(Bed012.pause.13)"/>
   </segment>
   <segment nite:id="Bed012.segment.236" starttime="701.27" endtime="701.74" participant="me003" timing-provenance="dialogueact">
      <nite:child href="Bed012.C.words.xml#id(Bed012.w.1,642)..id(Bed012.w.1,644)"/>
   </segment>
   <segment nite:id="Bed012.segment.237" starttime="702.74" endtime="704.65" participant="me003" timing-provenance="dialogueact">
      <nite:child href="Bed012.C.words.xml#id(Bed012.w.1,645)..id(Bed012.pause.14)"/>
   </segment>
   <segment nite:id="Bed012.segment.238" starttime="704.65" endtime="709.34" participant="me003" timing-provenance="dialogueact">
      <nite:child href="Bed012.C.words.xml#id(Bed012.w.1,647)..id(Bed012.w.1,673)"/>
   </segment>
   <segment nite:id="Bed012.segment.239" starttime="709.99" endtime="710.888" participant="me003" timing-provenance="segment">
      <nite:child href="Bed012.C.words.xml#id(Bed012.w.1,674)..id(Bed012.disfmarker.69)"/>
   </segment>
   <segment nite:id="Bed012.segment.245" starttime="726.99" endtime="729.36" participant="me003" timing-provenance="dialogueact">
      <nite:child href="Bed012.C.words.xml#id(Bed012.w.1,763)..id(Bed012.w.1,775)"/>
   </segment>
   <segment nite:id="Bed012.segment.246" starttime="730.05" endtime="734.91" participant="me003" timing-provenance="dialogueact">
      <nite:child href="Bed012.C.words.xml#id(Bed012.w.1,776)..id(Bed012.w.1,793)"/>
   </segment>
   <segment nite:id="Bed012.segment.262" starttime="779.392" endtime="779.681" participant="me003" timing-provenance="segment">
      <nite:child href="Bed012.C.words.xml#id(Bed012.w.1,915)..id(Bed012.w.1,916)"/>
   </segment>
   <segment nite:id="Bed012.segment.263" starttime="781.812" endtime="785.902" participant="me003" timing-provenance="dialogueact">
      <nite:child href="Bed012.C.words.xml#id(Bed012.w.1,917)..id(Bed012.w.1,946)"/>
   </segment>
   <segment nite:id="Bed012.segment.265" starttime="787.089" endtime="787.569" participant="me003" timing-provenance="dialogueact">
      <nite:child href="Bed012.C.words.xml#id(Bed012.w.1,949)..id(Bed012.w.1,950)"/>
   </segment>
   <segment nite:id="Bed012.segment.266" starttime="788.163" endtime="792.693" participant="me003" timing-provenance="dialogueact">
      <nite:child href="Bed012.C.words.xml#id(Bed012.w.1,951)..id(Bed012.w.1,975)"/>
   </segment>
   <segment nite:id="Bed012.segment.267" starttime="793.408" endtime="794.078" participant="me003" timing-provenance="dialogueact">
      <nite:child href="Bed012.C.words.xml#id(Bed012.w.1,976)..id(Bed012.w.1,979)"/>
   </segment>
   <segment nite:id="Bed012.segment.268" starttime="795.208" endtime="797.468" participant="me003" timing-provenance="dialogueact">
      <nite:child href="Bed012.C.words.xml#id(Bed012.w.1,980)..id(Bed012.w.1,993)"/>
   </segment>
   <segment nite:id="Bed012.segment.270" starttime="798.13" endtime="800.473" participant="me003" timing-provenance="segment">
      <nite:child href="Bed012.C.words.xml#id(Bed012.w.1,996)..id(Bed012.w.2,012)"/>
   </segment>
   <segment nite:id="Bed012.segment.271" starttime="800.838" endtime="803.568" participant="me003" timing-provenance="dialogueact">
      <nite:child href="Bed012.C.words.xml#id(Bed012.w.2,013)..id(Bed012.w.2,031)"/>
   </segment>
   <segment nite:id="Bed012.segment.273" starttime="804.108" endtime="805.758" participant="me003" timing-provenance="dialogueact">
      <nite:child href="Bed012.C.words.xml#id(Bed012.w.2,032)..id(Bed012.w.2,037)"/>
   </segment>
   <segment nite:id="Bed012.segment.275" starttime="806.54" endtime="812.14" participant="me003" timing-provenance="dialogueact">
      <nite:child href="Bed012.C.words.xml#id(Bed012.w.2,042)..id(Bed012.w.2,073)"/>
   </segment>
   <segment nite:id="Bed012.segment.277" starttime="814.311" endtime="817.571" participant="me003" timing-provenance="dialogueact">
      <nite:child href="Bed012.C.words.xml#id(Bed012.w.2,076)..id(Bed012.w.2,097)"/>
   </segment>
   <segment nite:id="Bed012.segment.279" starttime="818.091" endtime="820.951" participant="me003" timing-provenance="dialogueact">
      <nite:child href="Bed012.C.words.xml#id(Bed012.w.2,102)..id(Bed012.w.2,115)"/>
   </segment>
   <segment nite:id="Bed012.segment.281" starttime="821.65" endtime="823.667" participant="me003" timing-provenance="segment">
      <nite:child href="Bed012.C.words.xml#id(Bed012.w.2,120)..id(Bed012.comment.21)"/>
   </segment>
   <segment nite:id="Bed012.segment.286" starttime="830.79" endtime="833.56" participant="me003" timing-provenance="dialogueact">
      <nite:child href="Bed012.C.words.xml#id(Bed012.w.2,156)..id(Bed012.w.2,173)"/>
   </segment>
   <segment nite:id="Bed012.segment.288" starttime="836.193" endtime="837.903" participant="me003" timing-provenance="dialogueact">
      <nite:child href="Bed012.C.words.xml#id(Bed012.w.2,187)..id(Bed012.w.2,199)"/>
   </segment>
   <segment nite:id="Bed012.segment.289" starttime="838.183" endtime="839.793" participant="me003" timing-provenance="dialogueact">
      <nite:child href="Bed012.C.words.xml#id(Bed012.w.2,200)..id(Bed012.w.2,212)"/>
   </segment>
   <segment nite:id="Bed012.segment.294" starttime="856.4" endtime="857.18" participant="me003" timing-provenance="dialogueact">
      <nite:child href="Bed012.C.words.xml#id(Bed012.w.2,262)..id(Bed012.w.2,269)"/>
   </segment>
   <segment nite:id="Bed012.segment.297" starttime="860.347" endtime="862.837" participant="me003" timing-provenance="dialogueact">
      <nite:child href="Bed012.C.words.xml#id(Bed012.w.2,276)..id(Bed012.w.2,289)"/>
   </segment>
   <segment nite:id="Bed012.segment.300" starttime="865.53" endtime="866.463" participant="me003" timing-provenance="segment">
      <nite:child href="Bed012.C.words.xml#id(Bed012.vocalsound.21)"/>
   </segment>
   <segment nite:id="Bed012.segment.303" starttime="869.69" endtime="873.05" participant="me003" timing-provenance="dialogueact">
      <nite:child href="Bed012.C.words.xml#id(Bed012.w.2,301)..id(Bed012.w.2,326)"/>
   </segment>
   <segment nite:id="Bed012.segment.307" starttime="875.015" endtime="880.615" participant="me003" timing-provenance="dialogueact">
      <nite:child href="Bed012.C.words.xml#id(Bed012.w.2,327)..id(Bed012.pause.16)"/>
   </segment>
   <segment nite:id="Bed012.segment.308" starttime="880.615" endtime="882.585" participant="me003" timing-provenance="dialogueact">
      <nite:child href="Bed012.C.words.xml#id(Bed012.w.2,356)..id(Bed012.w.2,362)"/>
   </segment>
   <segment nite:id="Bed012.segment.311" starttime="885.17" endtime="885.44" participant="me003" timing-provenance="dialogueact">
      <nite:child href="Bed012.C.words.xml#id(Bed012.w.2,369)"/>
   </segment>
   <segment nite:id="Bed012.segment.312" starttime="885.991" endtime="886.241" participant="me003" timing-provenance="dialogueact">
      <nite:child href="Bed012.C.words.xml#id(Bed012.w.2,370)"/>
   </segment>
   <segment nite:id="Bed012.segment.313" starttime="887.013" endtime="887.303" participant="me003" timing-provenance="dialogueact">
      <nite:child href="Bed012.C.words.xml#id(Bed012.w.2,371)..id(Bed012.w.2,372)"/>
   </segment>
   <segment nite:id="Bed012.segment.314" starttime="887.95" endtime="888.884" participant="me003" timing-provenance="segment">
      <nite:child href="Bed012.C.words.xml#id(Bed012.w.2,373)..id(Bed012.disfmarker.94)"/>
   </segment>
   <segment nite:id="Bed012.segment.320" starttime="896.866" endtime="897.379" participant="me003" timing-provenance="segment">
      <nite:child href="Bed012.C.words.xml#id(Bed012.nonvocalsound.13)"/>
   </segment>
   <segment nite:id="Bed012.segment.321" starttime="900.061" endtime="900.908" participant="me003" timing-provenance="segment">
      <nite:child href="Bed012.C.words.xml#id(Bed012.vocalsound.24)"/>
   </segment>
   <segment nite:id="Bed012.segment.324" starttime="904.339" endtime="904.711" participant="me003" timing-provenance="segment">
      <nite:child href="Bed012.C.words.xml#id(Bed012.nonvocalsound.14)"/>
   </segment>
   <segment nite:id="Bed012.segment.325" starttime="905.084" endtime="905.687" participant="me003" timing-provenance="segment">
      <nite:child href="Bed012.C.words.xml#id(Bed012.vocalsound.25)"/>
   </segment>
   <segment nite:id="Bed012.segment.329" starttime="909.522" endtime="909.872" participant="me003" timing-provenance="dialogueact">
      <nite:child href="Bed012.C.words.xml#id(Bed012.w.2,421)..id(Bed012.w.2,422)"/>
   </segment>
   <segment nite:id="Bed012.segment.331" starttime="910.66" endtime="913.66" participant="me003" timing-provenance="segment">
      <nite:child href="Bed012.C.words.xml#id(Bed012.w.2,428)..id(Bed012.disfmarker.97)"/>
   </segment>
   <segment nite:id="Bed012.segment.332" starttime="913.97" endtime="915.82" participant="me003" timing-provenance="dialogueact">
      <nite:child href="Bed012.C.words.xml#id(Bed012.w.2,446)..id(Bed012.w.2,464)"/>
   </segment>
   <segment nite:id="Bed012.segment.334" starttime="917.792" endtime="918.092" participant="me003" timing-provenance="dialogueact">
      <nite:child href="Bed012.C.words.xml#id(Bed012.w.2,469)..id(Bed012.w.2,472)"/>
   </segment>
   <segment nite:id="Bed012.segment.335" starttime="918.989" endtime="919.203" participant="me003" timing-provenance="segment">
      <nite:child href="Bed012.C.words.xml#id(Bed012.nonvocalsound.15)"/>
   </segment>
   <segment nite:id="Bed012.segment.336" starttime="919.586" endtime="919.87" participant="me003" timing-provenance="segment">
      <nite:child href="Bed012.C.words.xml#id(Bed012.w.2,473)..id(Bed012.comment.28)"/>
   </segment>
   <segment nite:id="Bed012.segment.337" starttime="920.208" endtime="921.588" participant="me003" timing-provenance="dialogueact">
      <nite:child href="Bed012.C.words.xml#id(Bed012.w.2,475)..id(Bed012.w.2,485)"/>
   </segment>
   <segment nite:id="Bed012.segment.338" starttime="922.77" endtime="923.84" participant="me003" timing-provenance="dialogueact">
      <nite:child href="Bed012.C.words.xml#id(Bed012.w.2,486)..id(Bed012.w.2,494)"/>
   </segment>
   <segment nite:id="Bed012.segment.339" starttime="924.541" endtime="925.991" participant="me003" timing-provenance="dialogueact">
      <nite:child href="Bed012.C.words.xml#id(Bed012.w.2,495)..id(Bed012.w.2,507)"/>
   </segment>
   <segment nite:id="Bed012.segment.341" starttime="927.549" endtime="928.249" participant="me003" timing-provenance="dialogueact">
      <nite:child href="Bed012.C.words.xml#id(Bed012.w.2,514)..id(Bed012.w.2,519)"/>
   </segment>
   <segment nite:id="Bed012.segment.342" starttime="929.124" endtime="932.104" participant="me003" timing-provenance="dialogueact">
      <nite:child href="Bed012.C.words.xml#id(Bed012.w.2,520)..id(Bed012.w.2,535)"/>
   </segment>
   <segment nite:id="Bed012.segment.346" starttime="935.86" endtime="937.36" participant="me003" timing-provenance="dialogueact">
      <nite:child href="Bed012.C.words.xml#id(Bed012.w.2,536)..id(Bed012.w.2,547)"/>
   </segment>
   <segment nite:id="Bed012.segment.347" starttime="938.3" endtime="944.61" participant="me003" timing-provenance="dialogueact">
      <nite:child href="Bed012.C.words.xml#id(Bed012.w.2,548)..id(Bed012.w.2,574)"/>
   </segment>
   <segment nite:id="Bed012.segment.349" starttime="945.256" endtime="946.926" participant="me003" timing-provenance="dialogueact">
      <nite:child href="Bed012.C.words.xml#id(Bed012.w.2,575)..id(Bed012.w.2,582)"/>
   </segment>
   <segment nite:id="Bed012.segment.352" starttime="951.83" endtime="954.286" participant="me003" timing-provenance="segment">
      <nite:child href="Bed012.C.words.xml#id(Bed012.vocalsound.32)..id(Bed012.vocalsound.33)"/>
   </segment>
   <segment nite:id="Bed012.segment.355" starttime="954.8" endtime="955.493" participant="me003" timing-provenance="segment">
      <nite:child href="Bed012.C.words.xml#id(Bed012.vocalsound.34)"/>
   </segment>
   <segment nite:id="Bed012.segment.361" starttime="962.48" endtime="963.62" participant="me003" timing-provenance="dialogueact">
      <nite:child href="Bed012.C.words.xml#id(Bed012.w.2,625)..id(Bed012.w.2,632)"/>
   </segment>
   <segment nite:id="Bed012.segment.363" starttime="964.94" endtime="966.07" participant="me003" timing-provenance="dialogueact">
      <nite:child href="Bed012.C.words.xml#id(Bed012.w.2,635)..id(Bed012.w.2,646)"/>
   </segment>
   <segment nite:id="Bed012.segment.364" starttime="967.34" endtime="968.41" participant="me003" timing-provenance="dialogueact">
      <nite:child href="Bed012.C.words.xml#id(Bed012.w.2,647)..id(Bed012.w.2,655)"/>
   </segment>
   <segment nite:id="Bed012.segment.365" starttime="969.11" endtime="970.06" participant="me003" timing-provenance="dialogueact">
      <nite:child href="Bed012.C.words.xml#id(Bed012.w.2,656)..id(Bed012.w.2,660)"/>
   </segment>
   <segment nite:id="Bed012.segment.370" starttime="973.61" endtime="975.5" participant="me003" timing-provenance="dialogueact">
      <nite:child href="Bed012.C.words.xml#id(Bed012.w.2,669)..id(Bed012.w.2,681)"/>
   </segment>
   <segment nite:id="Bed012.segment.372" starttime="977.1" endtime="979.0" participant="me003" timing-provenance="dialogueact">
      <nite:child href="Bed012.C.words.xml#id(Bed012.w.2,684)..id(Bed012.w.2,699)"/>
   </segment>
   <segment nite:id="Bed012.segment.374" starttime="980.638" endtime="983.14" participant="me003" timing-provenance="segment">
      <nite:child href="Bed012.C.words.xml#id(Bed012.vocalsound.37)"/>
   </segment>
   <segment nite:id="Bed012.segment.377" starttime="983.14" endtime="984.744" participant="me003" timing-provenance="segment">
      <nite:child href="Bed012.C.words.xml#id(Bed012.w.2,720)..id(Bed012.comment.30)"/>
   </segment>
   <segment nite:id="Bed012.segment.380" starttime="988.29" endtime="989.821" participant="me003" timing-provenance="segment">
      <nite:child href="Bed012.C.words.xml#id(Bed012.vocalsound.38)"/>
   </segment>
   <segment nite:id="Bed012.segment.384" starttime="992.542" endtime="997.016" participant="me003" timing-provenance="segment">
      <nite:child href="Bed012.C.words.xml#id(Bed012.vocalsound.40)"/>
   </segment>
   <segment nite:id="Bed012.segment.387" starttime="1001.509" endtime="1002.752" participant="me003" timing-provenance="segment">
      <nite:child href="Bed012.C.words.xml#id(Bed012.vocalsound.42)"/>
   </segment>
   <segment nite:id="Bed012.segment.389" starttime="1002.79" endtime="1005.93" participant="me003" timing-provenance="dialogueact">
      <nite:child href="Bed012.C.words.xml#id(Bed012.w.2,785)..id(Bed012.w.2,803)"/>
   </segment>
   <segment nite:id="Bed012.segment.393" starttime="1005.982" endtime="1008.488" participant="me003" timing-provenance="segment">
      <nite:child href="Bed012.C.words.xml#id(Bed012.vocalsound.46)"/>
   </segment>
   <segment nite:id="Bed012.segment.398" starttime="1011.81" endtime="1012.49" participant="me003" timing-provenance="dialogueact">
      <nite:child href="Bed012.C.words.xml#id(Bed012.w.2,822)..id(Bed012.w.2,827)"/>
   </segment>
   <segment nite:id="Bed012.segment.402" starttime="1022.31" endtime="1025.8" participant="me003" timing-provenance="dialogueact">
      <nite:child href="Bed012.C.words.xml#id(Bed012.w.2,871)..id(Bed012.w.2,890)"/>
   </segment>
   <segment nite:id="Bed012.segment.403" starttime="1026.47" endtime="1026.72" participant="me003" timing-provenance="dialogueact">
      <nite:child href="Bed012.C.words.xml#id(Bed012.w.2,891)..id(Bed012.w.2,892)"/>
   </segment>
   <segment nite:id="Bed012.segment.405" starttime="1028.36" endtime="1031.12" participant="me003" timing-provenance="dialogueact">
      <nite:child href="Bed012.C.words.xml#id(Bed012.w.2,893)..id(Bed012.w.2,910)"/>
   </segment>
   <segment nite:id="Bed012.segment.406" starttime="1031.227" endtime="1034.248" participant="me003" timing-provenance="segment">
      <nite:child href="Bed012.C.words.xml#id(Bed012.w.2,911)..id(Bed012.w.2,927)"/>
   </segment>
   <segment nite:id="Bed012.segment.411" starttime="1037.12" endtime="1041.01" participant="me003" timing-provenance="dialogueact">
      <nite:child href="Bed012.C.words.xml#id(Bed012.w.2,959)..id(Bed012.w.2,988)"/>
   </segment>
   <segment nite:id="Bed012.segment.412" starttime="1041.274" endtime="1043.738" participant="me003" timing-provenance="segment">
      <nite:child href="Bed012.C.words.xml#id(Bed012.w.2,989)..id(Bed012.w.3,003)"/>
   </segment>
   <segment nite:id="Bed012.segment.425" starttime="1069.71" endtime="1070.9" participant="me003" timing-provenance="dialogueact">
      <nite:child href="Bed012.C.words.xml#id(Bed012.w.3,096)..id(Bed012.w.3,105)"/>
   </segment>
   <segment nite:id="Bed012.segment.438" starttime="1098.67" endtime="1099.53" participant="me003" timing-provenance="dialogueact">
      <nite:child href="Bed012.C.words.xml#id(Bed012.w.3,177)..id(Bed012.w.3,179)"/>
   </segment>
   <segment nite:id="Bed012.segment.446" starttime="1111.22" endtime="1113.24" participant="me003" timing-provenance="dialogueact">
      <nite:child href="Bed012.C.words.xml#id(Bed012.w.3,222)..id(Bed012.w.3,235)"/>
   </segment>
   <segment nite:id="Bed012.segment.448" starttime="1114.047" endtime="1114.7" participant="me003" timing-provenance="segment">
      <nite:child href="Bed012.C.words.xml#id(Bed012.w.3,238)..id(Bed012.disfmarker.116)"/>
   </segment>
   <segment nite:id="Bed012.segment.449" starttime="1116.21" endtime="1117.33" participant="me003" timing-provenance="dialogueact">
      <nite:child href="Bed012.C.words.xml#id(Bed012.w.3,239)..id(Bed012.w.3,245)"/>
   </segment>
   <segment nite:id="Bed012.segment.451" starttime="1119.54" endtime="1121.66" participant="me003" timing-provenance="dialogueact">
      <nite:child href="Bed012.C.words.xml#id(Bed012.w.3,254)..id(Bed012.w.3,269)"/>
   </segment>
   <segment nite:id="Bed012.segment.454" starttime="1127.011" endtime="1127.584" participant="me003" timing-provenance="segment">
      <nite:child href="Bed012.C.words.xml#id(Bed012.w.3,283)..id(Bed012.disfmarker.117)"/>
   </segment>
   <segment nite:id="Bed012.segment.456" starttime="1130.45" endtime="1131.39" participant="me003" timing-provenance="dialogueact">
      <nite:child href="Bed012.C.words.xml#id(Bed012.w.3,302)..id(Bed012.w.3,304)"/>
   </segment>
   <segment nite:id="Bed012.segment.459" starttime="1132.642" endtime="1133.32" participant="me003" timing-provenance="segment">
      <nite:child href="Bed012.C.words.xml#id(Bed012.w.3,314)..id(Bed012.w.3,315)"/>
   </segment>
   <segment nite:id="Bed012.segment.464" starttime="1146.476" endtime="1148.427" participant="me003" timing-provenance="segment">
      <nite:child href="Bed012.C.words.xml#id(Bed012.w.3,372)..id(Bed012.disfmarker.119)"/>
   </segment>
   <segment nite:id="Bed012.segment.466" starttime="1149.02" endtime="1152.12" participant="me003" timing-provenance="dialogueact">
      <nite:child href="Bed012.C.words.xml#id(Bed012.w.3,382)..id(Bed012.w.3,394)"/>
   </segment>
   <segment nite:id="Bed012.segment.467" starttime="1152.607" endtime="1153.025" participant="me003" timing-provenance="segment">
      <nite:child href="Bed012.C.words.xml#id(Bed012.w.3,395)..id(Bed012.disfmarker.121)"/>
   </segment>
   <segment nite:id="Bed012.segment.468" starttime="1153.17" endtime="1156.43" participant="me003" timing-provenance="dialogueact">
      <nite:child href="Bed012.C.words.xml#id(Bed012.w.3,396)..id(Bed012.w.3,411)"/>
   </segment>
   <segment nite:id="Bed012.segment.470" starttime="1163.29" endtime="1164.093" participant="me003" timing-provenance="segment">
      <nite:child href="Bed012.C.words.xml#id(Bed012.w.3,439)..id(Bed012.comment.38)"/>
   </segment>
   <segment nite:id="Bed012.segment.473" starttime="1165.946" endtime="1169.938" participant="me003" timing-provenance="segment">
      <nite:child href="Bed012.C.words.xml#id(Bed012.w.3,447)..id(Bed012.disfmarker.126)"/>
   </segment>
   <segment nite:id="Bed012.segment.475" starttime="1171.83" endtime="1177.17" participant="me003" timing-provenance="dialogueact">
      <nite:child href="Bed012.C.words.xml#id(Bed012.w.3,467)..id(Bed012.w.3,496)"/>
   </segment>
   <segment nite:id="Bed012.segment.476" starttime="1177.31" endtime="1182.37" participant="me003" timing-provenance="dialogueact">
      <nite:child href="Bed012.C.words.xml#id(Bed012.w.3,497)..id(Bed012.w.3,520)"/>
   </segment>
   <segment nite:id="Bed012.segment.484" starttime="1188.66" endtime="1190.14" participant="me003" timing-provenance="dialogueact">
      <nite:child href="Bed012.C.words.xml#id(Bed012.w.3,532)..id(Bed012.w.3,542)"/>
   </segment>
   <segment nite:id="Bed012.segment.485" starttime="1190.47" endtime="1195.02" participant="me003" timing-provenance="dialogueact">
      <nite:child href="Bed012.C.words.xml#id(Bed012.w.3,543)..id(Bed012.w.3,566)"/>
   </segment>
   <segment nite:id="Bed012.segment.486" starttime="1195.63" endtime="1199.77" participant="me003" timing-provenance="dialogueact">
      <nite:child href="Bed012.C.words.xml#id(Bed012.w.3,567)..id(Bed012.w.3,592)"/>
   </segment>
   <segment nite:id="Bed012.segment.488" starttime="1201.0" endtime="1204.83" participant="me003" timing-provenance="dialogueact">
      <nite:child href="Bed012.C.words.xml#id(Bed012.w.3,595)..id(Bed012.w.3,611)"/>
   </segment>
   <segment nite:id="Bed012.segment.492" starttime="1205.42" endtime="1209.27" participant="me003" timing-provenance="dialogueact">
      <nite:child href="Bed012.C.words.xml#id(Bed012.w.3,616)..id(Bed012.w.3,636)"/>
   </segment>
   <segment nite:id="Bed012.segment.498" starttime="1210.55" endtime="1212.12" participant="me003" timing-provenance="dialogueact">
      <nite:child href="Bed012.C.words.xml#id(Bed012.w.3,641)..id(Bed012.w.3,651)"/>
   </segment>
   <segment nite:id="Bed012.segment.516" starttime="1252.17" endtime="1253.31" participant="me003" timing-provenance="dialogueact">
      <nite:child href="Bed012.C.words.xml#id(Bed012.w.3,783)..id(Bed012.w.3,785)"/>
   </segment>
   <segment nite:id="Bed012.segment.517" starttime="1253.31" endtime="1255.58" participant="me003" timing-provenance="dialogueact">
      <nite:child href="Bed012.C.words.xml#id(Bed012.w.3,786)..id(Bed012.w.3,796)"/>
   </segment>
   <segment nite:id="Bed012.segment.518" starttime="1256.1" endtime="1261.93" participant="me003" timing-provenance="dialogueact">
      <nite:child href="Bed012.C.words.xml#id(Bed012.w.3,797)..id(Bed012.w.3,823)"/>
   </segment>
   <segment nite:id="Bed012.segment.520" starttime="1274.69" endtime="1276.61" participant="me003" timing-provenance="dialogueact">
      <nite:child href="Bed012.C.words.xml#id(Bed012.w.3,860)..id(Bed012.w.3,873)"/>
   </segment>
   <segment nite:id="Bed012.segment.521" starttime="1279.05" endtime="1280.56" participant="me003" timing-provenance="dialogueact">
      <nite:child href="Bed012.C.words.xml#id(Bed012.w.3,874)..id(Bed012.w.3,883)"/>
   </segment>
   <segment nite:id="Bed012.segment.522" starttime="1285.965" endtime="1289.364" participant="me003" timing-provenance="segment">
      <nite:child href="Bed012.C.words.xml#id(Bed012.w.3,884)..id(Bed012.disfmarker.141)"/>
   </segment>
   <segment nite:id="Bed012.segment.524" starttime="1289.84" endtime="1291.66" participant="me003" timing-provenance="dialogueact">
      <nite:child href="Bed012.C.words.xml#id(Bed012.w.3,907)..id(Bed012.w.3,917)"/>
   </segment>
   <segment nite:id="Bed012.segment.525" starttime="1292.53" endtime="1295.53" participant="me003" timing-provenance="dialogueact">
      <nite:child href="Bed012.C.words.xml#id(Bed012.w.3,918)..id(Bed012.w.3,932)"/>
   </segment>
   <segment nite:id="Bed012.segment.527" starttime="1298.35" endtime="1299.03" participant="me003" timing-provenance="dialogueact">
      <nite:child href="Bed012.C.words.xml#id(Bed012.w.3,937)..id(Bed012.w.3,941)"/>
   </segment>
   <segment nite:id="Bed012.segment.528" starttime="1300.11" endtime="1300.74" participant="me003" timing-provenance="dialogueact">
      <nite:child href="Bed012.C.words.xml#id(Bed012.w.3,942)..id(Bed012.w.3,945)"/>
   </segment>
   <segment nite:id="Bed012.segment.530" starttime="1301.33" endtime="1301.758" participant="me003" timing-provenance="segment">
      <nite:child href="Bed012.C.words.xml#id(Bed012.w.3,978)..id(Bed012.disfmarker.142)"/>
   </segment>
   <segment nite:id="Bed012.segment.532" starttime="1309.37" endtime="1310.83" participant="me003" timing-provenance="dialogueact">
      <nite:child href="Bed012.C.words.xml#id(Bed012.w.3,984)..id(Bed012.w.3,994)"/>
   </segment>
   <segment nite:id="Bed012.segment.533" starttime="1311.38" endtime="1314.11" participant="me003" timing-provenance="dialogueact">
      <nite:child href="Bed012.C.words.xml#id(Bed012.w.3,995)..id(Bed012.w.4,010)"/>
   </segment>
   <segment nite:id="Bed012.segment.534" starttime="1314.552" endtime="1318.61" participant="me003" timing-provenance="segment">
      <nite:child href="Bed012.C.words.xml#id(Bed012.w.4,011)..id(Bed012.comment.45)"/>
   </segment>
   <segment nite:id="Bed012.segment.536" starttime="1320.01" endtime="1320.81" participant="me003" timing-provenance="dialogueact">
      <nite:child href="Bed012.C.words.xml#id(Bed012.w.4,041)..id(Bed012.w.4,043)"/>
   </segment>
   <segment nite:id="Bed012.segment.539" starttime="1332.813" endtime="1333.647" participant="me003" timing-provenance="segment">
      <nite:child href="Bed012.C.words.xml#id(Bed012.w.4,101)..id(Bed012.w.4,102)"/>
   </segment>
   <segment nite:id="Bed012.segment.540" starttime="1335.1" endtime="1335.55" participant="me003" timing-provenance="dialogueact">
      <nite:child href="Bed012.C.words.xml#id(Bed012.w.4,103)..id(Bed012.w.4,105)"/>
   </segment>
   <segment nite:id="Bed012.segment.541" starttime="1336.73" endtime="1338.08" participant="me003" timing-provenance="dialogueact">
      <nite:child href="Bed012.C.words.xml#id(Bed012.w.4,106)..id(Bed012.w.4,112)"/>
   </segment>
   <segment nite:id="Bed012.segment.543" starttime="1339.0" endtime="1339.91" participant="me003" timing-provenance="dialogueact">
      <nite:child href="Bed012.C.words.xml#id(Bed012.w.4,115)..id(Bed012.w.4,118)"/>
   </segment>
   <segment nite:id="Bed012.segment.544" starttime="1340.37" endtime="1341.1" participant="me003" timing-provenance="dialogueact">
      <nite:child href="Bed012.C.words.xml#id(Bed012.w.4,119)..id(Bed012.w.4,123)"/>
   </segment>
   <segment nite:id="Bed012.segment.557" starttime="1371.137" endtime="1371.994" participant="me003" timing-provenance="segment">
      <nite:child href="Bed012.C.words.xml#id(Bed012.w.4,210)..id(Bed012.comment.49)"/>
   </segment>
   <segment nite:id="Bed012.segment.561" starttime="1377.031" endtime="1380.644" participant="me003" timing-provenance="segment">
      <nite:child href="Bed012.C.words.xml#id(Bed012.w.4,230)..id(Bed012.disfmarker.155)"/>
   </segment>
   <segment nite:id="Bed012.segment.571" starttime="1406.351" endtime="1408.388" participant="me003" timing-provenance="segment">
      <nite:child href="Bed012.C.words.xml#id(Bed012.nonvocalsound.32)..id(Bed012.vocalsound.65)"/>
   </segment>
   <segment nite:id="Bed012.segment.574" starttime="1418.465" endtime="1419.252" participant="me003" timing-provenance="segment">
      <nite:child href="Bed012.C.words.xml#id(Bed012.w.4,387)..id(Bed012.w.4,388)"/>
   </segment>
   <segment nite:id="Bed012.segment.576" starttime="1419.706" endtime="1422.986" participant="me003" timing-provenance="segment">
      <nite:child href="Bed012.C.words.xml#id(Bed012.w.4,389)..id(Bed012.disfmarker.165)"/>
   </segment>
   <segment nite:id="Bed012.segment.578" starttime="1423.56" endtime="1424.75" participant="me003" timing-provenance="dialogueact">
      <nite:child href="Bed012.C.words.xml#id(Bed012.w.4,413)..id(Bed012.w.4,418)"/>
   </segment>
   <segment nite:id="Bed012.segment.579" starttime="1425.24" endtime="1426.81" participant="me003" timing-provenance="dialogueact">
      <nite:child href="Bed012.C.words.xml#id(Bed012.w.4,419)..id(Bed012.w.4,428)"/>
   </segment>
   <segment nite:id="Bed012.segment.582" starttime="1434.85" endtime="1439.2" participant="me003" timing-provenance="dialogueact">
      <nite:child href="Bed012.C.words.xml#id(Bed012.w.4,443)..id(Bed012.w.4,467)"/>
   </segment>
   <segment nite:id="Bed012.segment.586" starttime="1447.464" endtime="1448.269" participant="me003" timing-provenance="segment">
      <nite:child href="Bed012.C.words.xml#id(Bed012.w.4,486)..id(Bed012.vocalsound.66)"/>
   </segment>
   <segment nite:id="Bed012.segment.589" starttime="1452.103" endtime="1454.691" participant="me003" timing-provenance="segment">
      <nite:child href="Bed012.C.words.xml#id(Bed012.w.4,505)..id(Bed012.disfmarker.167)"/>
   </segment>
   <segment nite:id="Bed012.segment.591" starttime="1454.86" endtime="1457.5" participant="me003" timing-provenance="dialogueact">
      <nite:child href="Bed012.C.words.xml#id(Bed012.w.4,525)..id(Bed012.w.4,540)"/>
   </segment>
   <segment nite:id="Bed012.segment.594" starttime="1459.52" endtime="1462.74" participant="me003" timing-provenance="dialogueact">
      <nite:child href="Bed012.C.words.xml#id(Bed012.w.4,552)..id(Bed012.w.4,576)"/>
   </segment>
   <segment nite:id="Bed012.segment.597" starttime="1471.63" endtime="1476.18" participant="me003" timing-provenance="dialogueact">
      <nite:child href="Bed012.C.words.xml#id(Bed012.w.4,581)..id(Bed012.w.4,609)"/>
   </segment>
   <segment nite:id="Bed012.segment.601" starttime="1478.64" endtime="1479.12" participant="me003" timing-provenance="dialogueact">
      <nite:child href="Bed012.C.words.xml#id(Bed012.w.4,614)..id(Bed012.w.4,616)"/>
   </segment>
   <segment nite:id="Bed012.segment.603" starttime="1480.02" endtime="1480.67" participant="me003" timing-provenance="dialogueact">
      <nite:child href="Bed012.C.words.xml#id(Bed012.w.4,617)..id(Bed012.w.4,618)"/>
   </segment>
   <segment nite:id="Bed012.segment.604" starttime="1481.58" endtime="1482.78" participant="me003" timing-provenance="dialogueact">
      <nite:child href="Bed012.C.words.xml#id(Bed012.w.4,619)..id(Bed012.w.4,626)"/>
   </segment>
   <segment nite:id="Bed012.segment.605" starttime="1483.4" endtime="1483.81" participant="me003" timing-provenance="dialogueact">
      <nite:child href="Bed012.C.words.xml#id(Bed012.w.4,627)..id(Bed012.w.4,629)"/>
   </segment>
   <segment nite:id="Bed012.segment.606" starttime="1484.15" endtime="1488.04" participant="me003" timing-provenance="dialogueact">
      <nite:child href="Bed012.C.words.xml#id(Bed012.w.4,630)..id(Bed012.pause.23)"/>
   </segment>
   <segment nite:id="Bed012.segment.607" starttime="1488.04" endtime="1489.71" participant="me003" timing-provenance="dialogueact">
      <nite:child href="Bed012.C.words.xml#id(Bed012.w.4,650)..id(Bed012.w.4,657)"/>
   </segment>
   <segment nite:id="Bed012.segment.608" starttime="1490.87" endtime="1492.17" participant="me003" timing-provenance="dialogueact">
      <nite:child href="Bed012.C.words.xml#id(Bed012.w.4,658)..id(Bed012.w.4,663)"/>
   </segment>
   <segment nite:id="Bed012.segment.611" starttime="1496.64" endtime="1504.33" participant="me003" timing-provenance="dialogueact">
      <nite:child href="Bed012.C.words.xml#id(Bed012.w.4,672)..id(Bed012.w.4,718)"/>
   </segment>
   <segment nite:id="Bed012.segment.612" starttime="1504.63" endtime="1505.96" participant="me003" timing-provenance="dialogueact">
      <nite:child href="Bed012.C.words.xml#id(Bed012.w.4,719)..id(Bed012.w.4,723)"/>
   </segment>
   <segment nite:id="Bed012.segment.614" starttime="1506.39" endtime="1509.06" participant="me003" timing-provenance="dialogueact">
      <nite:child href="Bed012.C.words.xml#id(Bed012.w.4,728)..id(Bed012.w.4,743)"/>
   </segment>
   <segment nite:id="Bed012.segment.615" starttime="1511.62" endtime="1514.38" participant="me003" timing-provenance="dialogueact">
      <nite:child href="Bed012.C.words.xml#id(Bed012.w.4,744)..id(Bed012.w.4,762)"/>
   </segment>
   <segment nite:id="Bed012.segment.618" starttime="1515.03" endtime="1515.89" participant="me003" timing-provenance="dialogueact">
      <nite:child href="Bed012.C.words.xml#id(Bed012.w.4,769)..id(Bed012.w.4,775)"/>
   </segment>
   <segment nite:id="Bed012.segment.619" starttime="1516.18" endtime="1517.85" participant="me003" timing-provenance="dialogueact">
      <nite:child href="Bed012.C.words.xml#id(Bed012.w.4,776)..id(Bed012.w.4,788)"/>
   </segment>
   <segment nite:id="Bed012.segment.621" starttime="1518.29" endtime="1519.24" participant="me003" timing-provenance="dialogueact">
      <nite:child href="Bed012.C.words.xml#id(Bed012.w.4,793)..id(Bed012.w.4,799)"/>
   </segment>
   <segment nite:id="Bed012.segment.653" starttime="1606.637" endtime="1607.14" participant="me003" timing-provenance="segment">
      <nite:child href="Bed012.C.words.xml#id(Bed012.w.5,061)..id(Bed012.disfmarker.181)"/>
   </segment>
   <segment nite:id="Bed012.segment.654" starttime="1607.14" endtime="1609.443" participant="me003" timing-provenance="segment">
      <nite:child href="Bed012.C.words.xml#id(Bed012.w.5,062)..id(Bed012.disfmarker.182)"/>
   </segment>
   <segment nite:id="Bed012.segment.657" starttime="1611.021" endtime="1615.001" participant="me003" timing-provenance="segment">
      <nite:child href="Bed012.C.words.xml#id(Bed012.w.5,073)..id(Bed012.vocalsound.71)"/>
   </segment>
   <segment nite:id="Bed012.segment.660" starttime="1615.05" endtime="1615.65" participant="me003" timing-provenance="dialogueact">
      <nite:child href="Bed012.C.words.xml#id(Bed012.w.5,095)..id(Bed012.w.5,097)"/>
   </segment>
   <segment nite:id="Bed012.segment.661" starttime="1616.35" endtime="1617.69" participant="me003" timing-provenance="dialogueact">
      <nite:child href="Bed012.C.words.xml#id(Bed012.w.5,098)..id(Bed012.w.5,104)"/>
   </segment>
   <segment nite:id="Bed012.segment.662" starttime="1618.13" endtime="1621.27" participant="me003" timing-provenance="dialogueact">
      <nite:child href="Bed012.C.words.xml#id(Bed012.w.5,105)..id(Bed012.w.5,123)"/>
   </segment>
   <segment nite:id="Bed012.segment.663" starttime="1621.93" endtime="1626.99" participant="me003" timing-provenance="dialogueact">
      <nite:child href="Bed012.C.words.xml#id(Bed012.w.5,124)..id(Bed012.w.5,153)"/>
   </segment>
   <segment nite:id="Bed012.segment.666" starttime="1629.04" endtime="1630.27" participant="me003" timing-provenance="dialogueact">
      <nite:child href="Bed012.C.words.xml#id(Bed012.w.5,156)..id(Bed012.w.5,160)"/>
   </segment>
   <segment nite:id="Bed012.segment.668" starttime="1630.87" endtime="1631.61" participant="me003" timing-provenance="dialogueact">
      <nite:child href="Bed012.C.words.xml#id(Bed012.w.5,163)..id(Bed012.w.5,167)"/>
   </segment>
   <segment nite:id="Bed012.segment.672" starttime="1638.38" endtime="1639.13" participant="me003" timing-provenance="dialogueact">
      <nite:child href="Bed012.C.words.xml#id(Bed012.w.5,204)..id(Bed012.w.5,206)"/>
   </segment>
   <segment nite:id="Bed012.segment.673" starttime="1640.24" endtime="1642.35" participant="me003" timing-provenance="dialogueact">
      <nite:child href="Bed012.C.words.xml#id(Bed012.w.5,207)..id(Bed012.w.5,218)"/>
   </segment>
   <segment nite:id="Bed012.segment.674" starttime="1642.67" endtime="1647.59" participant="me003" timing-provenance="dialogueact">
      <nite:child href="Bed012.C.words.xml#id(Bed012.w.5,219)..id(Bed012.w.5,253)"/>
   </segment>
   <segment nite:id="Bed012.segment.675" starttime="1647.88" endtime="1649.05" participant="me003" timing-provenance="dialogueact">
      <nite:child href="Bed012.C.words.xml#id(Bed012.w.5,254)..id(Bed012.w.5,258)"/>
   </segment>
   <segment nite:id="Bed012.segment.677" starttime="1651.54" endtime="1652.76" participant="me003" timing-provenance="dialogueact">
      <nite:child href="Bed012.C.words.xml#id(Bed012.w.5,259)..id(Bed012.w.5,261)"/>
   </segment>
   <segment nite:id="Bed012.segment.678" starttime="1653.21" endtime="1657.91" participant="me003" timing-provenance="dialogueact">
      <nite:child href="Bed012.C.words.xml#id(Bed012.w.5,262)..id(Bed012.w.5,287)"/>
   </segment>
   <segment nite:id="Bed012.segment.682" starttime="1663.89" endtime="1664.79" participant="me003" timing-provenance="dialogueact">
      <nite:child href="Bed012.C.words.xml#id(Bed012.w.5,294)..id(Bed012.w.5,300)"/>
   </segment>
   <segment nite:id="Bed012.segment.720" starttime="1749.157" endtime="1749.789" participant="me003" timing-provenance="segment">
      <nite:child href="Bed012.C.words.xml#id(Bed012.vocalsound.73)"/>
   </segment>
   <segment nite:id="Bed012.segment.721" starttime="1760.19" endtime="1763.74" participant="me003" timing-provenance="dialogueact">
      <nite:child href="Bed012.C.words.xml#id(Bed012.w.5,642)..id(Bed012.w.5,656)"/>
   </segment>
   <segment nite:id="Bed012.segment.723" starttime="1763.82" endtime="1768.966" participant="me003" timing-provenance="segment">
      <nite:child href="Bed012.C.words.xml#id(Bed012.w.5,657)..id(Bed012.comment.61)"/>
   </segment>
   <segment nite:id="Bed012.segment.726" starttime="1775.46" endtime="1780.63" participant="me003" timing-provenance="dialogueact">
      <nite:child href="Bed012.C.words.xml#id(Bed012.w.5,709)..id(Bed012.w.5,745)"/>
   </segment>
   <segment nite:id="Bed012.segment.727" starttime="1780.63" endtime="1782.5" participant="me003" timing-provenance="dialogueact">
      <nite:child href="Bed012.C.words.xml#id(Bed012.w.5,746)..id(Bed012.w.5,759)"/>
   </segment>
   <segment nite:id="Bed012.segment.728" starttime="1782.66" endtime="1784.4" participant="me003" timing-provenance="dialogueact">
      <nite:child href="Bed012.C.words.xml#id(Bed012.w.5,760)..id(Bed012.w.5,769)"/>
   </segment>
   <segment nite:id="Bed012.segment.731" starttime="1800.23" endtime="1802.58" participant="me003" timing-provenance="dialogueact">
      <nite:child href="Bed012.C.words.xml#id(Bed012.w.5,791)..id(Bed012.w.5,801)"/>
   </segment>
   <segment nite:id="Bed012.segment.733" starttime="1804.35" endtime="1806.0" participant="me003" timing-provenance="dialogueact">
      <nite:child href="Bed012.C.words.xml#id(Bed012.w.5,808)..id(Bed012.w.5,815)"/>
   </segment>
   <segment nite:id="Bed012.segment.734" starttime="1807.03" endtime="1808.15" participant="me003" timing-provenance="dialogueact">
      <nite:child href="Bed012.C.words.xml#id(Bed012.w.5,816)..id(Bed012.w.5,819)"/>
   </segment>
   <segment nite:id="Bed012.segment.735" starttime="1808.469" endtime="1809.74" participant="me003" timing-provenance="segment">
      <nite:child href="Bed012.C.words.xml#id(Bed012.w.5,820)..id(Bed012.disfmarker.198)"/>
   </segment>
   <segment nite:id="Bed012.segment.737" starttime="1810.63" endtime="1811.94" participant="me003" timing-provenance="dialogueact">
      <nite:child href="Bed012.C.words.xml#id(Bed012.w.5,830)..id(Bed012.w.5,837)"/>
   </segment>
   <segment nite:id="Bed012.segment.741" starttime="1816.587" endtime="1816.777" participant="me003" timing-provenance="segment">
      <nite:child href="Bed012.C.words.xml#id(Bed012.w.5,849)..id(Bed012.w.5,850)"/>
   </segment>
   <segment nite:id="Bed012.segment.743" starttime="1817.45" endtime="1818.95" participant="me003" timing-provenance="dialogueact">
      <nite:child href="Bed012.C.words.xml#id(Bed012.w.5,851)..id(Bed012.w.5,862)"/>
   </segment>
   <segment nite:id="Bed012.segment.746" starttime="1819.67" endtime="1823.73" participant="me003" timing-provenance="dialogueact">
      <nite:child href="Bed012.C.words.xml#id(Bed012.w.5,868)..id(Bed012.w.5,883)"/>
   </segment>
   <segment nite:id="Bed012.segment.754" starttime="1834.487" endtime="1836.205" participant="me003" timing-provenance="segment">
      <nite:child href="Bed012.C.words.xml#id(Bed012.w.5,930)..id(Bed012.comment.66)"/>
   </segment>
   <segment nite:id="Bed012.segment.759" starttime="1846.76" endtime="1847.49" participant="me003" timing-provenance="dialogueact">
      <nite:child href="Bed012.C.words.xml#id(Bed012.w.5,992)..id(Bed012.w.5,997)"/>
   </segment>
   <segment nite:id="Bed012.segment.765" starttime="1866.06" endtime="1867.15" participant="me003" timing-provenance="dialogueact">
      <nite:child href="Bed012.C.words.xml#id(Bed012.w.6,057)..id(Bed012.w.6,065)"/>
   </segment>
   <segment nite:id="Bed012.segment.775" starttime="1883.334" endtime="1884.432" participant="me003" timing-provenance="segment">
      <nite:child href="Bed012.C.words.xml#id(Bed012.vocalsound.79)"/>
   </segment>
   <segment nite:id="Bed012.segment.776" starttime="1884.432" endtime="1887.387" participant="me003" timing-provenance="segment">
      <nite:child href="Bed012.C.words.xml#id(Bed012.nonvocalsound.48)..id(Bed012.comment.70)"/>
   </segment>
   <segment nite:id="Bed012.segment.781" starttime="1888.375" endtime="1890.328" participant="me003" timing-provenance="segment">
      <nite:child href="Bed012.C.words.xml#id(Bed012.nonvocalsound.50)"/>
   </segment>
   <segment nite:id="Bed012.segment.790" starttime="1903.39" endtime="1903.72" participant="me003" timing-provenance="segment">
      <nite:child href="Bed012.C.words.xml#id(Bed012.vocalsound.81)"/>
   </segment>
   <segment nite:id="Bed012.segment.791" starttime="1903.94" endtime="1904.908" participant="me003" timing-provenance="segment">
      <nite:child href="Bed012.C.words.xml#id(Bed012.w.6,142)..id(Bed012.disfmarker.208)"/>
   </segment>
   <segment nite:id="Bed012.segment.797" starttime="1912.58" endtime="1913.79" participant="me003" timing-provenance="dialogueact">
      <nite:child href="Bed012.C.words.xml#id(Bed012.w.6,170)..id(Bed012.w.6,177)"/>
   </segment>
   <segment nite:id="Bed012.segment.799" starttime="1914.23" endtime="1914.81" participant="me003" timing-provenance="dialogueact">
      <nite:child href="Bed012.C.words.xml#id(Bed012.w.6,180)"/>
   </segment>
   <segment nite:id="Bed012.segment.801" starttime="1915.51" endtime="1916.871" participant="me003" timing-provenance="segment">
      <nite:child href="Bed012.C.words.xml#id(Bed012.w.6,183)..id(Bed012.disfmarker.215)"/>
   </segment>
   <segment nite:id="Bed012.segment.802" starttime="1916.85" endtime="1918.7" participant="me003" timing-provenance="dialogueact">
      <nite:child href="Bed012.C.words.xml#id(Bed012.w.6,189)..id(Bed012.w.6,199)"/>
   </segment>
   <segment nite:id="Bed012.segment.803" starttime="1918.868" endtime="1919.467" participant="me003" timing-provenance="segment">
      <nite:child href="Bed012.C.words.xml#id(Bed012.w.6,200)..id(Bed012.disfmarker.216)"/>
   </segment>
   <segment nite:id="Bed012.segment.808" starttime="1922.198" endtime="1923.766" participant="me003" timing-provenance="segment">
      <nite:child href="Bed012.C.words.xml#id(Bed012.vocalsound.82)..id(Bed012.w.6,224)"/>
   </segment>
   <segment nite:id="Bed012.segment.811" starttime="1925.82" endtime="1926.29" participant="me003" timing-provenance="dialogueact">
      <nite:child href="Bed012.C.words.xml#id(Bed012.w.6,227)..id(Bed012.w.6,230)"/>
   </segment>
   <segment nite:id="Bed012.segment.812" starttime="1926.29" endtime="1926.64" participant="me003" timing-provenance="dialogueact">
      <nite:child href="Bed012.C.words.xml#id(Bed012.w.6,231)..id(Bed012.w.6,232)"/>
   </segment>
   <segment nite:id="Bed012.segment.814" starttime="1926.82" endtime="1927.9" participant="me003" timing-provenance="dialogueact">
      <nite:child href="Bed012.C.words.xml#id(Bed012.w.6,233)..id(Bed012.w.6,242)"/>
   </segment>
   <segment nite:id="Bed012.segment.816" starttime="1928.71" endtime="1929.84" participant="me003" timing-provenance="dialogueact">
      <nite:child href="Bed012.C.words.xml#id(Bed012.w.6,245)..id(Bed012.w.6,252)"/>
   </segment>
   <segment nite:id="Bed012.segment.817" starttime="1930.26" endtime="1930.8" participant="me003" timing-provenance="dialogueact">
      <nite:child href="Bed012.C.words.xml#id(Bed012.w.6,253)..id(Bed012.w.6,254)"/>
   </segment>
   <segment nite:id="Bed012.segment.818" starttime="1931.84" endtime="1932.84" participant="me003" timing-provenance="dialogueact">
      <nite:child href="Bed012.C.words.xml#id(Bed012.w.6,255)..id(Bed012.w.6,259)"/>
   </segment>
   <segment nite:id="Bed012.segment.819" starttime="1933.162" endtime="1934.235" participant="me003" timing-provenance="segment">
      <nite:child href="Bed012.C.words.xml#id(Bed012.w.6,260)..id(Bed012.disfmarker.218)"/>
   </segment>
   <segment nite:id="Bed012.segment.821" starttime="1935.19" endtime="1935.65" participant="me003" timing-provenance="dialogueact">
      <nite:child href="Bed012.C.words.xml#id(Bed012.w.6,269)..id(Bed012.w.6,271)"/>
   </segment>
   <segment nite:id="Bed012.segment.823" starttime="1936.06" endtime="1937.19" participant="me003" timing-provenance="dialogueact">
      <nite:child href="Bed012.C.words.xml#id(Bed012.w.6,274)..id(Bed012.w.6,280)"/>
   </segment>
   <segment nite:id="Bed012.segment.826" starttime="1939.26" endtime="1941.32" participant="me003" timing-provenance="dialogueact">
      <nite:child href="Bed012.C.words.xml#id(Bed012.w.6,290)..id(Bed012.w.6,309)"/>
   </segment>
   <segment nite:id="Bed012.segment.829" starttime="1942.79" endtime="1943.54" participant="me003" timing-provenance="dialogueact">
      <nite:child href="Bed012.C.words.xml#id(Bed012.w.6,314)..id(Bed012.w.6,318)"/>
   </segment>
   <segment nite:id="Bed012.segment.830" starttime="1943.81" endtime="1945.4" participant="me003" timing-provenance="dialogueact">
      <nite:child href="Bed012.C.words.xml#id(Bed012.w.6,319)..id(Bed012.w.6,326)"/>
   </segment>
   <segment nite:id="Bed012.segment.851" starttime="1998.22" endtime="1999.16" participant="me003" timing-provenance="dialogueact">
      <nite:child href="Bed012.C.words.xml#id(Bed012.w.6,432)..id(Bed012.w.6,436)"/>
   </segment>
   <segment nite:id="Bed012.segment.855" starttime="2002.843" endtime="2004.065" participant="me003" timing-provenance="segment">
      <nite:child href="Bed012.C.words.xml#id(Bed012.w.6,450)..id(Bed012.disfmarker.220)"/>
   </segment>
   <segment nite:id="Bed012.segment.856" starttime="2004.295" endtime="2005.093" participant="me003" timing-provenance="segment">
      <nite:child href="Bed012.C.words.xml#id(Bed012.w.6,455)..id(Bed012.comment.83)"/>
   </segment>
   <segment nite:id="Bed012.segment.862" starttime="2008.497" endtime="2008.912" participant="me003" timing-provenance="segment">
      <nite:child href="Bed012.C.words.xml#id(Bed012.w.6,475)..id(Bed012.comment.85)"/>
   </segment>
   <segment nite:id="Bed012.segment.864" starttime="2009.26" endtime="2010.12" participant="me003" timing-provenance="dialogueact">
      <nite:child href="Bed012.C.words.xml#id(Bed012.w.6,480)..id(Bed012.w.6,485)"/>
   </segment>
   <segment nite:id="Bed012.segment.866" starttime="2011.81" endtime="2012.33" participant="me003" timing-provenance="dialogueact">
      <nite:child href="Bed012.C.words.xml#id(Bed012.w.6,488)..id(Bed012.w.6,492)"/>
   </segment>
   <segment nite:id="Bed012.segment.871" starttime="2022.662" endtime="2024.265" participant="me003" timing-provenance="segment">
      <nite:child href="Bed012.C.words.xml#id(Bed012.vocalsound.88)"/>
   </segment>
   <segment nite:id="Bed012.segment.877" starttime="2028.05" endtime="2030.0" participant="me003" timing-provenance="dialogueact">
      <nite:child href="Bed012.C.words.xml#id(Bed012.w.6,528)..id(Bed012.w.6,541)"/>
   </segment>
   <segment nite:id="Bed012.segment.884" starttime="2036.429" endtime="2038.516" participant="me003" timing-provenance="segment">
      <nite:child href="Bed012.C.words.xml#id(Bed012.vocalsound.91)"/>
   </segment>
   <segment nite:id="Bed012.segment.886" starttime="2038.905" endtime="2040.003" participant="me003" timing-provenance="segment">
      <nite:child href="Bed012.C.words.xml#id(Bed012.vocalsound.92)"/>
   </segment>
   <segment nite:id="Bed012.segment.890" starttime="2049.13" endtime="2050.55" participant="me003" timing-provenance="dialogueact">
      <nite:child href="Bed012.C.words.xml#id(Bed012.w.6,608)..id(Bed012.w.6,616)"/>
   </segment>
   <segment nite:id="Bed012.segment.894" starttime="2056.671" endtime="2058.304" participant="me003" timing-provenance="segment">
      <nite:child href="Bed012.C.words.xml#id(Bed012.w.6,635)..id(Bed012.comment.88)"/>
   </segment>
   <segment nite:id="Bed012.segment.895" starttime="2058.66" endtime="2060.3" participant="me003" timing-provenance="dialogueact">
      <nite:child href="Bed012.C.words.xml#id(Bed012.w.6,640)..id(Bed012.w.6,648)"/>
   </segment>
   <segment nite:id="Bed012.segment.897" starttime="2060.91" endtime="2062.41" participant="me003" timing-provenance="dialogueact">
      <nite:child href="Bed012.C.words.xml#id(Bed012.w.6,649)..id(Bed012.w.6,657)"/>
   </segment>
   <segment nite:id="Bed012.segment.899" starttime="2063.77" endtime="2065.1" participant="me003" timing-provenance="segment">
      <nite:child href="Bed012.C.words.xml#id(Bed012.vocalsound.97)"/>
   </segment>
   <segment nite:id="Bed012.segment.901" starttime="2070.55" endtime="2071.35" participant="me003" timing-provenance="dialogueact">
      <nite:child href="Bed012.C.words.xml#id(Bed012.w.6,702)..id(Bed012.w.6,711)"/>
   </segment>
   <segment nite:id="Bed012.segment.908" starttime="2090.1" endtime="2092.009" participant="me003" timing-provenance="segment">
      <nite:child href="Bed012.C.words.xml#id(Bed012.w.6,761)..id(Bed012.comment.89)"/>
   </segment>
   <segment nite:id="Bed012.segment.915" starttime="2102.263" endtime="2109.275" participant="me003" timing-provenance="segment">
      <nite:child href="Bed012.C.words.xml#id(Bed012.vocalsound.99)"/>
   </segment>
   <segment nite:id="Bed012.segment.926" starttime="2121.702" endtime="2122.731" participant="me003" timing-provenance="segment">
      <nite:child href="Bed012.C.words.xml#id(Bed012.vocalsound.100)"/>
   </segment>
   <segment nite:id="Bed012.segment.928" starttime="2122.731" endtime="2124.284" participant="me003" timing-provenance="segment">
      <nite:child href="Bed012.C.words.xml#id(Bed012.w.6,858)..id(Bed012.comment.92)"/>
   </segment>
   <segment nite:id="Bed012.segment.936" starttime="2128.5" endtime="2130.55" participant="me003" timing-provenance="dialogueact">
      <nite:child href="Bed012.C.words.xml#id(Bed012.w.6,869)..id(Bed012.w.6,877)"/>
   </segment>
   <segment nite:id="Bed012.segment.946" starttime="2142.734" endtime="2144.268" participant="me003" timing-provenance="segment">
      <nite:child href="Bed012.C.words.xml#id(Bed012.vocalsound.105)..id(Bed012.nonvocalsound.55)"/>
   </segment>
   <segment nite:id="Bed012.segment.948" starttime="2144.801" endtime="2146.136" participant="me003" timing-provenance="segment">
      <nite:child href="Bed012.C.words.xml#id(Bed012.vocalsound.106)..id(Bed012.nonvocalsound.56)"/>
   </segment>
   <segment nite:id="Bed012.segment.956" starttime="2151.89" endtime="2154.36" participant="me003" timing-provenance="dialogueact">
      <nite:child href="Bed012.C.words.xml#id(Bed012.w.6,977)..id(Bed012.pause.35)"/>
   </segment>
   <segment nite:id="Bed012.segment.957" starttime="2154.36" endtime="2155.64" participant="me003" timing-provenance="dialogueact">
      <nite:child href="Bed012.C.words.xml#id(Bed012.w.6,989)..id(Bed012.w.6,996)"/>
   </segment>
   <segment nite:id="Bed012.segment.960" starttime="2157.63" endtime="2160.45" participant="me003" timing-provenance="dialogueact">
      <nite:child href="Bed012.C.words.xml#id(Bed012.w.7,002)..id(Bed012.w.7,016)"/>
   </segment>
   <segment nite:id="Bed012.segment.962" starttime="2166.99" endtime="2167.44" participant="me003" timing-provenance="dialogueact">
      <nite:child href="Bed012.C.words.xml#id(Bed012.w.7,019)..id(Bed012.w.7,020)"/>
   </segment>
   <segment nite:id="Bed012.segment.963" starttime="2168.17" endtime="2168.5" participant="me003" timing-provenance="dialogueact">
      <nite:child href="Bed012.C.words.xml#id(Bed012.w.7,021)..id(Bed012.w.7,022)"/>
   </segment>
   <segment nite:id="Bed012.segment.966" starttime="2172.33" endtime="2173.17" participant="me003" timing-provenance="dialogueact">
      <nite:child href="Bed012.C.words.xml#id(Bed012.w.7,037)..id(Bed012.w.7,042)"/>
   </segment>
   <segment nite:id="Bed012.segment.967" starttime="2173.17" endtime="2175.58" participant="me003" timing-provenance="dialogueact">
      <nite:child href="Bed012.C.words.xml#id(Bed012.w.7,043)..id(Bed012.w.7,060)"/>
   </segment>
   <segment nite:id="Bed012.segment.968" starttime="2176.57" endtime="2176.76" participant="me003" timing-provenance="dialogueact">
      <nite:child href="Bed012.C.words.xml#id(Bed012.w.7,061)..id(Bed012.w.7,063)"/>
   </segment>
   <segment nite:id="Bed012.segment.969" starttime="2179.83" endtime="2181.928" participant="me003" timing-provenance="segment">
      <nite:child href="Bed012.C.words.xml#id(Bed012.vocalsound.108)"/>
   </segment>
   <segment nite:id="Bed012.segment.977" starttime="2196.27" endtime="2197.54" participant="me003" timing-provenance="dialogueact">
      <nite:child href="Bed012.C.words.xml#id(Bed012.w.7,116)..id(Bed012.w.7,121)"/>
   </segment>
   <segment nite:id="Bed012.segment.978" starttime="2197.75" endtime="2198.94" participant="me003" timing-provenance="dialogueact">
      <nite:child href="Bed012.C.words.xml#id(Bed012.w.7,122)..id(Bed012.w.7,128)"/>
   </segment>
   <segment nite:id="Bed012.segment.982" starttime="2201.23" endtime="2203.12" participant="me003" timing-provenance="dialogueact">
      <nite:child href="Bed012.C.words.xml#id(Bed012.w.7,135)..id(Bed012.w.7,145)"/>
   </segment>
   <segment nite:id="Bed012.segment.1,016" starttime="2274.07" endtime="2275.13" participant="me003" timing-provenance="segment">
      <nite:child href="Bed012.C.words.xml#id(Bed012.vocalsound.116)"/>
   </segment>
   <segment nite:id="Bed012.segment.1,022" starttime="2281.19" endtime="2281.61" participant="me003" timing-provenance="dialogueact">
      <nite:child href="Bed012.C.words.xml#id(Bed012.w.7,449)..id(Bed012.w.7,452)"/>
   </segment>
   <segment nite:id="Bed012.segment.1,029" starttime="2288.289" endtime="2291.36" participant="me003" timing-provenance="segment">
      <nite:child href="Bed012.C.words.xml#id(Bed012.w.7,472)..id(Bed012.comment.103)"/>
   </segment>
   <segment nite:id="Bed012.segment.1,031" starttime="2292.62" endtime="2292.88" participant="me003" timing-provenance="dialogueact">
      <nite:child href="Bed012.C.words.xml#id(Bed012.w.7,498)..id(Bed012.w.7,499)"/>
   </segment>
   <segment nite:id="Bed012.segment.1,032" starttime="2293.92" endtime="2295.249" participant="me003" timing-provenance="segment">
      <nite:child href="Bed012.C.words.xml#id(Bed012.w.7,500)..id(Bed012.vocalsound.120)"/>
   </segment>
   <segment nite:id="Bed012.segment.1,033" starttime="2295.29" endtime="2299.25" participant="me003" timing-provenance="dialogueact">
      <nite:child href="Bed012.C.words.xml#id(Bed012.w.7,504)..id(Bed012.w.7,529)"/>
   </segment>
   <segment nite:id="Bed012.segment.1,035" starttime="2299.67" endtime="2299.97" participant="me003" timing-provenance="dialogueact">
      <nite:child href="Bed012.C.words.xml#id(Bed012.w.7,539)..id(Bed012.w.7,540)"/>
   </segment>
   <segment nite:id="Bed012.segment.1,036" starttime="2301.36" endtime="2302.08" participant="me003" timing-provenance="dialogueact">
      <nite:child href="Bed012.C.words.xml#id(Bed012.w.7,541)..id(Bed012.w.7,546)"/>
   </segment>
   <segment nite:id="Bed012.segment.1,037" starttime="2302.305" endtime="2303.861" participant="me003" timing-provenance="segment">
      <nite:child href="Bed012.C.words.xml#id(Bed012.w.7,547)..id(Bed012.comment.104)"/>
   </segment>
   <segment nite:id="Bed012.segment.1,038" starttime="2303.9" endtime="2306.4" participant="me003" timing-provenance="dialogueact">
      <nite:child href="Bed012.C.words.xml#id(Bed012.w.7,556)..id(Bed012.w.7,571)"/>
   </segment>
   <segment nite:id="Bed012.segment.1,042" starttime="2309.39" endtime="2310.02" participant="me003" timing-provenance="dialogueact">
      <nite:child href="Bed012.C.words.xml#id(Bed012.w.7,578)..id(Bed012.w.7,582)"/>
   </segment>
   <segment nite:id="Bed012.segment.1,045" starttime="2312.414" endtime="2314.436" participant="me003" timing-provenance="segment">
      <nite:child href="Bed012.C.words.xml#id(Bed012.vocalsound.123)"/>
   </segment>
   <segment nite:id="Bed012.segment.1,052" starttime="2323.208" endtime="2325.378" participant="me003" timing-provenance="segment">
      <nite:child href="Bed012.C.words.xml#id(Bed012.vocalsound.127)"/>
   </segment>
   <segment nite:id="Bed012.segment.1,054" starttime="2325.67" endtime="2326.43" participant="me003" timing-provenance="dialogueact">
      <nite:child href="Bed012.C.words.xml#id(Bed012.w.7,629)..id(Bed012.w.7,633)"/>
   </segment>
   <segment nite:id="Bed012.segment.1,055" starttime="2326.465" endtime="2327.704" participant="me003" timing-provenance="segment">
      <nite:child href="Bed012.C.words.xml#id(Bed012.vocalsound.129)"/>
   </segment>
   <segment nite:id="Bed012.segment.1,056" starttime="2327.704" endtime="2329.72" participant="me003" timing-provenance="segment">
      <nite:child href="Bed012.C.words.xml#id(Bed012.w.7,634)..id(Bed012.vocalsound.130)"/>
   </segment>
   <segment nite:id="Bed012.segment.1,060" starttime="2330.47" endtime="2330.94" participant="me003" timing-provenance="dialogueact">
      <nite:child href="Bed012.C.words.xml#id(Bed012.w.7,640)..id(Bed012.w.7,643)"/>
   </segment>
   <segment nite:id="Bed012.segment.1,062" starttime="2331.23" endtime="2332.16" participant="me003" timing-provenance="dialogueact">
      <nite:child href="Bed012.C.words.xml#id(Bed012.w.7,646)..id(Bed012.w.7,652)"/>
   </segment>
   <segment nite:id="Bed012.segment.1,064" starttime="2332.97" endtime="2333.65" participant="me003" timing-provenance="segment">
      <nite:child href="Bed012.C.words.xml#id(Bed012.w.7,655)..id(Bed012.comment.109)"/>
   </segment>
   <segment nite:id="Bed012.segment.1,067" starttime="2334.99" endtime="2336.63" participant="me003" timing-provenance="dialogueact">
      <nite:child href="Bed012.C.words.xml#id(Bed012.w.7,662)..id(Bed012.w.7,674)"/>
   </segment>
   <segment nite:id="Bed012.segment.1,069" starttime="2339.621" endtime="2340.621" participant="me003" timing-provenance="segment">
      <nite:child href="Bed012.C.words.xml#id(Bed012.w.7,683)..id(Bed012.comment.110)"/>
   </segment>
   <segment nite:id="Bed012.segment.1,071" starttime="2342.67" endtime="2345.05" participant="me003" timing-provenance="dialogueact">
      <nite:child href="Bed012.C.words.xml#id(Bed012.w.7,698)..id(Bed012.w.7,709)"/>
   </segment>
   <segment nite:id="Bed012.segment.1,073" starttime="2345.29" endtime="2348.23" participant="me003" timing-provenance="dialogueact">
      <nite:child href="Bed012.C.words.xml#id(Bed012.w.7,710)..id(Bed012.w.7,723)"/>
   </segment>
   <segment nite:id="Bed012.segment.1,075" starttime="2350.67" endtime="2350.96" participant="me003" timing-provenance="dialogueact">
      <nite:child href="Bed012.C.words.xml#id(Bed012.w.7,728)..id(Bed012.w.7,729)"/>
   </segment>
   <segment nite:id="Bed012.segment.1,079" starttime="2356.641" endtime="2359.823" participant="me003" timing-provenance="segment">
      <nite:child href="Bed012.C.words.xml#id(Bed012.w.7,740)..id(Bed012.disfmarker.265)"/>
   </segment>
   <segment nite:id="Bed012.segment.1,084" starttime="2361.32" endtime="2361.66" participant="me003" timing-provenance="dialogueact">
      <nite:child href="Bed012.C.words.xml#id(Bed012.w.7,775)..id(Bed012.w.7,776)"/>
   </segment>
   <segment nite:id="Bed012.segment.1,086" starttime="2368.68" endtime="2372.27" participant="me003" timing-provenance="dialogueact">
      <nite:child href="Bed012.C.words.xml#id(Bed012.w.7,777)..id(Bed012.w.7,803)"/>
   </segment>
   <segment nite:id="Bed012.segment.1,092" starttime="2379.964" endtime="2387.235" participant="me003" timing-provenance="segment">
      <nite:child href="Bed012.C.words.xml#id(Bed012.vocalsound.137)"/>
   </segment>
   <segment nite:id="Bed012.segment.1,106" starttime="2417.456" endtime="2418.974" participant="me003" timing-provenance="segment">
      <nite:child href="Bed012.C.words.xml#id(Bed012.w.7,898)..id(Bed012.disfmarker.269)"/>
   </segment>
   <segment nite:id="Bed012.segment.1,107" starttime="2419.02" endtime="2421.63" participant="me003" timing-provenance="dialogueact">
      <nite:child href="Bed012.C.words.xml#id(Bed012.w.7,907)..id(Bed012.w.7,918)"/>
   </segment>
   <segment nite:id="Bed012.segment.1,108" starttime="2422.03" endtime="2426.5" participant="me003" timing-provenance="dialogueact">
      <nite:child href="Bed012.C.words.xml#id(Bed012.w.7,919)..id(Bed012.w.7,943)"/>
   </segment>
   <segment nite:id="Bed012.segment.1,110" starttime="2432.58" endtime="2437.14" participant="me003" timing-provenance="dialogueact">
      <nite:child href="Bed012.C.words.xml#id(Bed012.w.7,959)..id(Bed012.w.7,998)"/>
   </segment>
   <segment nite:id="Bed012.segment.1,112" starttime="2437.225" endtime="2442.052" participant="me003" timing-provenance="segment">
      <nite:child href="Bed012.C.words.xml#id(Bed012.w.8,003)..id(Bed012.disfmarker.274)"/>
   </segment>
   <segment nite:id="Bed012.segment.1,114" starttime="2442.36" endtime="2444.92" participant="me003" timing-provenance="dialogueact">
      <nite:child href="Bed012.C.words.xml#id(Bed012.w.8,027)..id(Bed012.w.8,039)"/>
   </segment>
   <segment nite:id="Bed012.segment.1,115" starttime="2445.59" endtime="2447.55" participant="me003" timing-provenance="dialogueact">
      <nite:child href="Bed012.C.words.xml#id(Bed012.w.8,040)..id(Bed012.w.8,051)"/>
   </segment>
   <segment nite:id="Bed012.segment.1,117" starttime="2448.89" endtime="2450.71" participant="me003" timing-provenance="dialogueact">
      <nite:child href="Bed012.C.words.xml#id(Bed012.w.8,056)..id(Bed012.w.8,066)"/>
   </segment>
   <segment nite:id="Bed012.segment.1,118" starttime="2451.59" endtime="2452.66" participant="me003" timing-provenance="dialogueact">
      <nite:child href="Bed012.C.words.xml#id(Bed012.w.8,067)..id(Bed012.w.8,069)"/>
   </segment>
   <segment nite:id="Bed012.segment.1,121" starttime="2454.68" endtime="2455.82" participant="me003" timing-provenance="dialogueact">
      <nite:child href="Bed012.C.words.xml#id(Bed012.w.8,080)..id(Bed012.w.8,087)"/>
   </segment>
   <segment nite:id="Bed012.segment.1,122" starttime="2456.86" endtime="2458.33" participant="me003" timing-provenance="dialogueact">
      <nite:child href="Bed012.C.words.xml#id(Bed012.w.8,088)..id(Bed012.w.8,096)"/>
   </segment>
   <segment nite:id="Bed012.segment.1,123" starttime="2462.22" endtime="2463.28" participant="me003" timing-provenance="dialogueact">
      <nite:child href="Bed012.C.words.xml#id(Bed012.w.8,097)..id(Bed012.w.8,105)"/>
   </segment>
   <segment nite:id="Bed012.segment.1,124" starttime="2463.575" endtime="2466.27" participant="me003" timing-provenance="segment">
      <nite:child href="Bed012.C.words.xml#id(Bed012.vocalsound.139)"/>
   </segment>
   <segment nite:id="Bed012.segment.1,129" starttime="2473.14" endtime="2474.29" participant="me003" timing-provenance="dialogueact">
      <nite:child href="Bed012.C.words.xml#id(Bed012.w.8,121)..id(Bed012.w.8,127)"/>
   </segment>
   <segment nite:id="Bed012.segment.1,131" starttime="2476.38" endtime="2478.18" participant="me003" timing-provenance="dialogueact">
      <nite:child href="Bed012.C.words.xml#id(Bed012.w.8,142)..id(Bed012.w.8,152)"/>
   </segment>
   <segment nite:id="Bed012.segment.1,133" starttime="2478.783" endtime="2480.93" participant="me003" timing-provenance="segment">
      <nite:child href="Bed012.C.words.xml#id(Bed012.w.8,155)..id(Bed012.vocalsound.140)"/>
   </segment>
   <segment nite:id="Bed012.segment.1,135" starttime="2483.84" endtime="2485.31" participant="me003" timing-provenance="dialogueact">
      <nite:child href="Bed012.C.words.xml#id(Bed012.w.8,185)..id(Bed012.w.8,190)"/>
   </segment>
   <segment nite:id="Bed012.segment.1,137" starttime="2486.36" endtime="2487.32" participant="me003" timing-provenance="segment">
      <nite:child href="Bed012.C.words.xml#id(Bed012.w.8,201)..id(Bed012.vocalsound.141)"/>
   </segment>
   <segment nite:id="Bed012.segment.1,138" starttime="2487.85" endtime="2490.41" participant="me003" timing-provenance="dialogueact">
      <nite:child href="Bed012.C.words.xml#id(Bed012.w.8,204)..id(Bed012.w.8,218)"/>
   </segment>
   <segment nite:id="Bed012.segment.1,141" starttime="2491.65" endtime="2496.22" participant="me003" timing-provenance="dialogueact">
      <nite:child href="Bed012.C.words.xml#id(Bed012.w.8,223)..id(Bed012.w.8,240)"/>
   </segment>
   <segment nite:id="Bed012.segment.1,143" starttime="2496.85" endtime="2497.82" participant="me003" timing-provenance="dialogueact">
      <nite:child href="Bed012.C.words.xml#id(Bed012.w.8,245)..id(Bed012.w.8,247)"/>
   </segment>
   <segment nite:id="Bed012.segment.1,144" starttime="2499.08" endtime="2499.77" participant="me003" timing-provenance="dialogueact">
      <nite:child href="Bed012.C.words.xml#id(Bed012.w.8,248)..id(Bed012.w.8,250)"/>
   </segment>
   <segment nite:id="Bed012.segment.1,145" starttime="2500.03" endtime="2501.74" participant="me003" timing-provenance="dialogueact">
      <nite:child href="Bed012.C.words.xml#id(Bed012.w.8,251)..id(Bed012.w.8,254)"/>
   </segment>
   <segment nite:id="Bed012.segment.1,146" starttime="2501.749" endtime="2503.784" participant="me003" timing-provenance="segment">
      <nite:child href="Bed012.C.words.xml#id(Bed012.w.8,255)..id(Bed012.disfmarker.282)"/>
   </segment>
   <segment nite:id="Bed012.segment.1,148" starttime="2503.77" endtime="2505.21" participant="me003" timing-provenance="dialogueact">
      <nite:child href="Bed012.C.words.xml#id(Bed012.w.8,272)..id(Bed012.w.8,278)"/>
   </segment>
   <segment nite:id="Bed012.segment.1,150" starttime="2505.462" endtime="2507.185" participant="me003" timing-provenance="segment">
      <nite:child href="Bed012.C.words.xml#id(Bed012.w.8,282)..id(Bed012.vocalsound.142)"/>
   </segment>
   <segment nite:id="Bed012.segment.1,152" starttime="2507.23" endtime="2509.0" participant="me003" timing-provenance="dialogueact">
      <nite:child href="Bed012.C.words.xml#id(Bed012.w.8,286)..id(Bed012.w.8,293)"/>
   </segment>
   <segment nite:id="Bed012.segment.1,161" starttime="2523.7" endtime="2525.37" participant="me003" timing-provenance="dialogueact">
      <nite:child href="Bed012.C.words.xml#id(Bed012.w.8,320)..id(Bed012.w.8,333)"/>
   </segment>
   <segment nite:id="Bed012.segment.1,163" starttime="2525.87" endtime="2529.91" participant="me003" timing-provenance="dialogueact">
      <nite:child href="Bed012.C.words.xml#id(Bed012.w.8,336)..id(Bed012.w.8,356)"/>
   </segment>
   <segment nite:id="Bed012.segment.1,169" starttime="2534.45" endtime="2536.23" participant="me003" timing-provenance="dialogueact">
      <nite:child href="Bed012.C.words.xml#id(Bed012.w.8,369)..id(Bed012.w.8,381)"/>
   </segment>
   <segment nite:id="Bed012.segment.1,171" starttime="2536.407" endtime="2538.27" participant="me003" timing-provenance="segment">
      <nite:child href="Bed012.C.words.xml#id(Bed012.vocalsound.147)"/>
   </segment>
   <segment nite:id="Bed012.segment.1,173" starttime="2539.627" endtime="2540.772" participant="me003" timing-provenance="segment">
      <nite:child href="Bed012.C.words.xml#id(Bed012.w.8,392)..id(Bed012.comment.115)"/>
   </segment>
   <segment nite:id="Bed012.segment.1,174" starttime="2540.81" endtime="2542.89" participant="me003" timing-provenance="dialogueact">
      <nite:child href="Bed012.C.words.xml#id(Bed012.w.8,394)..id(Bed012.w.8,406)"/>
   </segment>
   <segment nite:id="Bed012.segment.1,177" starttime="2544.18" endtime="2545.9" participant="me003" timing-provenance="dialogueact">
      <nite:child href="Bed012.C.words.xml#id(Bed012.w.8,407)..id(Bed012.w.8,417)"/>
   </segment>
   <segment nite:id="Bed012.segment.1,178" starttime="2546.78" endtime="2548.91" participant="me003" timing-provenance="dialogueact">
      <nite:child href="Bed012.C.words.xml#id(Bed012.w.8,418)..id(Bed012.w.8,431)"/>
   </segment>
   <segment nite:id="Bed012.segment.1,180" starttime="2552.75" endtime="2554.79" participant="me003" timing-provenance="segment">
      <nite:child href="Bed012.C.words.xml#id(Bed012.w.8,446)..id(Bed012.comment.116)"/>
   </segment>
   <segment nite:id="Bed012.segment.1,183" starttime="2555.29" endtime="2556.53" participant="me003" timing-provenance="segment">
      <nite:child href="Bed012.C.words.xml#id(Bed012.vocalsound.150)"/>
   </segment>
   <segment nite:id="Bed012.segment.1,184" starttime="2559.03" endtime="2564.11" participant="me003" timing-provenance="dialogueact">
      <nite:child href="Bed012.C.words.xml#id(Bed012.w.8,460)..id(Bed012.w.8,489)"/>
   </segment>
   <segment nite:id="Bed012.segment.1,186" starttime="2565.76" endtime="2566.04" participant="me003" timing-provenance="dialogueact">
      <nite:child href="Bed012.C.words.xml#id(Bed012.w.8,502)..id(Bed012.w.8,503)"/>
   </segment>
   <segment nite:id="Bed012.segment.1,187" starttime="2567.32" endtime="2567.82" participant="me003" timing-provenance="dialogueact">
      <nite:child href="Bed012.C.words.xml#id(Bed012.w.8,504)..id(Bed012.w.8,505)"/>
   </segment>
   <segment nite:id="Bed012.segment.1,188" starttime="2568.15" endtime="2568.53" participant="me003" timing-provenance="dialogueact">
      <nite:child href="Bed012.C.words.xml#id(Bed012.w.8,506)..id(Bed012.w.8,507)"/>
   </segment>
   <segment nite:id="Bed012.segment.1,192" starttime="2577.21" endtime="2578.37" participant="me003" timing-provenance="dialogueact">
      <nite:child href="Bed012.C.words.xml#id(Bed012.w.8,510)..id(Bed012.w.8,519)"/>
   </segment>
   <segment nite:id="Bed012.segment.1,193" starttime="2578.467" endtime="2579.918" participant="me003" timing-provenance="segment">
      <nite:child href="Bed012.C.words.xml#id(Bed012.w.8,520)..id(Bed012.disfmarker.288)"/>
   </segment>
   <segment nite:id="Bed012.segment.1,194" starttime="2580.13" endtime="2583.157" participant="me003" timing-provenance="segment">
      <nite:child href="Bed012.C.words.xml#id(Bed012.vocalsound.152)..id(Bed012.w.8,537)"/>
   </segment>
   <segment nite:id="Bed012.segment.1,195" starttime="2583.157" endtime="2584.301" participant="me003" timing-provenance="segment">
      <nite:child href="Bed012.C.words.xml#id(Bed012.w.8,538)..id(Bed012.disfmarker.289)"/>
   </segment>
   <segment nite:id="Bed012.segment.1,197" starttime="2585.3" endtime="2587.82" participant="me003" timing-provenance="dialogueact">
      <nite:child href="Bed012.C.words.xml#id(Bed012.w.8,545)..id(Bed012.w.8,554)"/>
   </segment>
   <segment nite:id="Bed012.segment.1,201" starttime="2593.1" endtime="2594.95" participant="me003" timing-provenance="dialogueact">
      <nite:child href="Bed012.C.words.xml#id(Bed012.w.8,569)..id(Bed012.w.8,578)"/>
   </segment>
   <segment nite:id="Bed012.segment.1,205" starttime="2600.15" endtime="2600.611" participant="me003" timing-provenance="segment">
      <nite:child href="Bed012.C.words.xml#id(Bed012.comment.121)"/>
   </segment>
</nite:root>