<?xml version="1.0" encoding="ISO-8859-1" standalone="yes"?>
<nite:root nite:id="EN2004a.D.words" xmlns:nite="http://nite.sourceforge.net/">
   <w nite:id="EN2004a.D.words0" starttime="1.5" endtime="2.08">Mm</w>
   <w nite:id="EN2004a.D.words1" starttime="2.08" endtime="2.08" punc="true">.</w>
   <vocalsound nite:id="EN2004a.D.words2" starttime="8.496" endtime="9.280" type="laugh"/>
   <w nite:id="EN2004a.D.words3" starttime="30.39" endtime="30.74">Okay</w>
   <w nite:id="EN2004a.D.words4" starttime="30.74" endtime="30.74" punc="true">.</w>
   <w nite:id="EN2004a.D.words5" starttime="135.93" endtime="136.38">Mm-hmm</w>
   <w nite:id="EN2004a.D.words6" starttime="136.38" endtime="136.38" punc="true">.</w>
   <w nite:id="EN2004a.D.words7" starttime="138.61" endtime="138.69">In</w>
   <w nite:id="EN2004a.D.words8" starttime="138.69" endtime="139.06">between</w>
   <w nite:id="EN2004a.D.words9" starttime="139.06" endtime="139.06" punc="true">.</w>
   <vocalsound nite:id="EN2004a.D.words10" starttime="141.071" endtime="141.071" type="laugh"/>
   <w nite:id="EN2004a.D.words11" starttime="141.55" endtime="142.15">Yeah</w>
   <w nite:id="EN2004a.D.words12" starttime="142.15" endtime="142.15" punc="true">.</w>
   <vocalsound nite:id="EN2004a.D.words13" starttime="142.15" endtime="142.202" type="laugh"/>
   <w nite:id="EN2004a.D.words14" starttime="147.27" endtime="147.42">So</w>
   <w nite:id="EN2004a.D.words15" starttime="147.42" endtime="148.02">we</w>
   <disfmarker nite:id="EN2004a.D.words16" starttime="148.02" endtime="148.02"/>
   <w nite:id="EN2004a.D.words17" starttime="148.02" endtime="148.2">so</w>
   <w nite:id="EN2004a.D.words18" starttime="148.2" endtime="148.28">are</w>
   <w nite:id="EN2004a.D.words19" starttime="148.28" endtime="148.4">we</w>
   <w nite:id="EN2004a.D.words20" starttime="148.4" endtime="148.69">checking</w>
   <w nite:id="EN2004a.D.words21" starttime="148.69" endtime="148.89">what&#39;s</w>
   <w nite:id="EN2004a.D.words22" starttime="148.89" endtime="149.15">actually</w>
   <w nite:id="EN2004a.D.words23" starttime="149.15" endtime="149.52">been</w>
   <w nite:id="EN2004a.D.words24" starttime="149.52" endtime="150.13">transcribed</w>
   <w nite:id="EN2004a.D.words25" starttime="150.13" endtime="150.79">already</w>
   <w nite:id="EN2004a.D.words26" starttime="150.79" endtime="151.0">as</w>
   <w nite:id="EN2004a.D.words27" starttime="151.0" endtime="151.21">well</w>
   <w nite:id="EN2004a.D.words28" starttime="151.21" endtime="151.35">as</w>
   <w nite:id="EN2004a.D.words29" starttime="151.35" endtime="151.43">the</w>
   <w nite:id="EN2004a.D.words30" starttime="151.43" endtime="152.48">silences</w>
   <w nite:id="EN2004a.D.words31" starttime="152.48" endtime="152.48" punc="true">?</w>
   <w nite:id="EN2004a.D.words32" starttime="152.48" endtime="152.71">Yeah</w>
   <w nite:id="EN2004a.D.words33" starttime="152.71" endtime="152.71" punc="true">.</w>
   <w nite:id="EN2004a.D.words34" starttime="156.27" endtime="156.57">Mm-hmm</w>
   <w nite:id="EN2004a.D.words35" starttime="156.57" endtime="156.57" punc="true">.</w>
   <w nite:id="EN2004a.D.words36" starttime="161.56" endtime="161.81">Oh</w>
   <w nite:id="EN2004a.D.words37" starttime="161.81" endtime="162.06">okay</w>
   <w nite:id="EN2004a.D.words38" starttime="162.06" endtime="162.06" punc="true">.</w>
   <vocalsound nite:id="EN2004a.D.words39" starttime="169.472" endtime="171.368" type="laugh"/>
   <gap nite:id="EN2004a.D.words40" starttime="197.5" endtime="198.382"/>
   <w nite:id="EN2004a.D.words41" starttime="198.382" endtime="198.382" punc="true">.</w>
   <vocalsound nite:id="EN2004a.D.words42" starttime="199.216" endtime="200.127" type="laugh"/>
   <w nite:id="EN2004a.D.words43" starttime="239.09" endtime="239.46">Oh</w>
   <w nite:id="EN2004a.D.words44" starttime="239.46" endtime="239.46" punc="true">,</w>
   <w nite:id="EN2004a.D.words45" starttime="239.46" endtime="239.7">alright</w>
   <w nite:id="EN2004a.D.words46" starttime="239.7" endtime="239.96">&#39;kay</w>
   <w nite:id="EN2004a.D.words47" starttime="239.96" endtime="239.96" punc="true">.</w>
   <w nite:id="EN2004a.D.words48" starttime="313.65" endtime="313.82">Mm</w>
   <w nite:id="EN2004a.D.words49" starttime="313.82" endtime="314.08">yeah</w>
   <w nite:id="EN2004a.D.words50" starttime="314.08" endtime="314.08" punc="true">.</w>
   <w nite:id="EN2004a.D.words51" starttime="351.21" endtime="351.69">Yeah</w>
   <w nite:id="EN2004a.D.words52" starttime="351.69" endtime="351.69" punc="true">.</w>
   <w nite:id="EN2004a.D.words53" starttime="358.77" endtime="359.04">Yeah</w>
   <w nite:id="EN2004a.D.words54" starttime="359.04" endtime="359.04" punc="true">,</w>
   <w nite:id="EN2004a.D.words55" starttime="359.04" endtime="359.14">it</w>
   <w nite:id="EN2004a.D.words56" starttime="359.14" endtime="359.36">does</w>
   <w nite:id="EN2004a.D.words57" starttime="359.36" endtime="359.55">tend</w>
   <w nite:id="EN2004a.D.words58" starttime="359.55" endtime="359.62">to</w>
   <w nite:id="EN2004a.D.words59" starttime="359.62" endtime="360.13">help</w>
   <w nite:id="EN2004a.D.words60" starttime="360.13" endtime="360.13" punc="true">.</w>
   <w nite:id="EN2004a.D.words61" starttime="360.13" endtime="361.07">Yeah</w>
   <w nite:id="EN2004a.D.words62" starttime="361.07" endtime="361.07" punc="true">.</w>
   <w nite:id="EN2004a.D.words63" starttime="361.07" endtime="361.23">Once</w>
   <w nite:id="EN2004a.D.words64" starttime="361.23" endtime="361.32">you&#39;ve</w>
   <w nite:id="EN2004a.D.words65" starttime="361.32" endtime="361.45">been</w>
   <w nite:id="EN2004a.D.words66" starttime="361.45" endtime="361.57">through</w>
   <w nite:id="EN2004a.D.words67" starttime="361.57" endtime="361.63">the</w>
   <w nite:id="EN2004a.D.words68" starttime="361.63" endtime="361.97">passage</w>
   <w nite:id="EN2004a.D.words69" starttime="361.97" endtime="361.97" punc="true">,</w>
   <w nite:id="EN2004a.D.words70" starttime="361.97" endtime="362.18">you&#39;ve</w>
   <w nite:id="EN2004a.D.words71" starttime="362.18" endtime="362.36">worked</w>
   <w nite:id="EN2004a.D.words72" starttime="362.36" endtime="362.44">out</w>
   <w nite:id="EN2004a.D.words73" starttime="362.44" endtime="362.59">what</w>
   <w nite:id="EN2004a.D.words74" starttime="362.59" endtime="362.69">they&#39;re</w>
   <w nite:id="EN2004a.D.words75" starttime="362.69" endtime="363.1">talking</w>
   <w nite:id="EN2004a.D.words76" starttime="363.1" endtime="363.42">about</w>
   <w nite:id="EN2004a.D.words77" starttime="363.42" endtime="363.42" punc="true">,</w>
   <w nite:id="EN2004a.D.words78" starttime="363.42" endtime="363.51">you</w>
   <w nite:id="EN2004a.D.words79" starttime="363.51" endtime="365.87">know</w>
   <w nite:id="EN2004a.D.words80" starttime="365.87" endtime="365.87" punc="true">.</w>
   <vocalsound nite:id="EN2004a.D.words81" starttime="365.87" endtime="365.87" type="laugh"/>
   <w nite:id="EN2004a.D.words82" starttime="365.87" endtime="366.38">Yeah</w>
   <w nite:id="EN2004a.D.words83" starttime="366.38" endtime="366.38" punc="true">.</w>
   <vocalsound nite:id="EN2004a.D.words84" starttime="366.38" endtime="366.575" type="laugh"/>
   <vocalsound nite:id="EN2004a.D.words85" starttime="366.575" endtime="366.575" type="laugh"/>
   <vocalsound nite:id="EN2004a.D.words86" starttime="370.441" endtime="372.323" type="laugh"/>
   <vocalsound nite:id="EN2004a.D.words87" starttime="401.956" endtime="403.012" type="laugh"/>
   <vocalsound nite:id="EN2004a.D.words88" starttime="414.949" endtime="415.471" type="laugh"/>
   <vocalsound nite:id="EN2004a.D.words89" starttime="417.142" endtime="418.048" type="laugh"/>
   <vocalsound nite:id="EN2004a.D.words90" starttime="425.218" endtime="425.866" type="laugh"/>
   <vocalsound nite:id="EN2004a.D.words91" starttime="436.404" endtime="436.961" type="laugh"/>
   <vocalsound nite:id="EN2004a.D.words92" starttime="438.990" endtime="439.880" type="laugh"/>
   <vocalsound nite:id="EN2004a.D.words93" starttime="441.495" endtime="442.816" type="laugh"/>
   <w nite:id="EN2004a.D.words94" starttime="456.64" endtime="456.83">Mm-hmm</w>
   <w nite:id="EN2004a.D.words95" starttime="456.83" endtime="456.83" punc="true">.</w>
   <w nite:id="EN2004a.D.words96" starttime="472.16" endtime="472.27">You</w>
   <w nite:id="EN2004a.D.words97" starttime="472.27" endtime="472.44">know</w>
   <w nite:id="EN2004a.D.words98" starttime="472.44" endtime="472.44" punc="true">,</w>
   <w nite:id="EN2004a.D.words99" starttime="472.44" endtime="472.56">when</w>
   <w nite:id="EN2004a.D.words100" starttime="472.56" endtime="472.69">you</w>
   <w nite:id="EN2004a.D.words101" starttime="472.69" endtime="473.06">get</w>
   <w nite:id="EN2004a.D.words102" starttime="473.06" endtime="473.53">like</w>
   <w nite:id="EN2004a.D.words103" starttime="473.53" endtime="473.89">um</w>
   <w nite:id="EN2004a.D.words104" starttime="473.89" endtime="474.23">someone&#39;s</w>
   <w nite:id="EN2004a.D.words105" starttime="474.23" endtime="474.8">talking</w>
   <w nite:id="EN2004a.D.words106" starttime="474.8" endtime="474.94">and</w>
   <w nite:id="EN2004a.D.words107" starttime="474.94" endtime="475.44">there&#39;s</w>
   <disfmarker nite:id="EN2004a.D.words108" starttime="475.44" endtime="475.44"/>
   <w nite:id="EN2004a.D.words109" starttime="475.44" endtime="475.56">they</w>
   <w nite:id="EN2004a.D.words110" starttime="475.56" endtime="475.75">sort</w>
   <w nite:id="EN2004a.D.words111" starttime="475.75" endtime="475.81">of</w>
   <w nite:id="EN2004a.D.words112" starttime="475.81" endtime="476.18">pause</w>
   <w nite:id="EN2004a.D.words113" starttime="476.18" endtime="476.25">in</w>
   <w nite:id="EN2004a.D.words114" starttime="476.25" endtime="476.32">the</w>
   <w nite:id="EN2004a.D.words115" starttime="476.32" endtime="476.46">middle</w>
   <w nite:id="EN2004a.D.words116" starttime="476.46" endtime="476.53">of</w>
   <w nite:id="EN2004a.D.words117" starttime="476.53" endtime="476.59">a</w>
   <w nite:id="EN2004a.D.words118" starttime="476.59" endtime="477.05">sentence</w>
   <w nite:id="EN2004a.D.words119" starttime="477.05" endtime="477.3">that&#39;s</w>
   <w nite:id="EN2004a.D.words120" starttime="477.3" endtime="477.51">long</w>
   <w nite:id="EN2004a.D.words121" starttime="477.51" endtime="478.16">enough</w>
   <w nite:id="EN2004a.D.words122" starttime="478.16" endtime="478.32">for</w>
   <w nite:id="EN2004a.D.words123" starttime="478.32" endtime="478.42">it</w>
   <w nite:id="EN2004a.D.words124" starttime="478.42" endtime="478.54">to</w>
   <w nite:id="EN2004a.D.words125" starttime="478.54" endtime="478.72">put</w>
   <w nite:id="EN2004a.D.words126" starttime="478.72" endtime="478.77">a</w>
   <w nite:id="EN2004a.D.words127" starttime="478.77" endtime="479.16">break</w>
   <w nite:id="EN2004a.D.words128" starttime="479.16" endtime="479.96">in</w>
   <w nite:id="EN2004a.D.words129" starttime="479.96" endtime="479.96" punc="true">,</w>
   <w nite:id="EN2004a.D.words130" starttime="479.96" endtime="480.21">but</w>
   <w nite:id="EN2004a.D.words131" starttime="480.21" endtime="480.35">they&#39;re</w>
   <w nite:id="EN2004a.D.words132" starttime="480.35" endtime="480.62">actually</w>
   <w nite:id="EN2004a.D.words133" starttime="480.62" endtime="480.77">sort</w>
   <w nite:id="EN2004a.D.words134" starttime="480.77" endtime="480.83">of</w>
   <w nite:id="EN2004a.D.words135" starttime="480.83" endtime="481.14">carrying</w>
   <w nite:id="EN2004a.D.words136" starttime="481.14" endtime="481.22">on</w>
   <w nite:id="EN2004a.D.words137" starttime="481.22" endtime="481.3">the</w>
   <w nite:id="EN2004a.D.words138" starttime="481.3" endtime="481.7">sentence</w>
   <w nite:id="EN2004a.D.words139" starttime="481.7" endtime="481.7" punc="true">,</w>
   <w nite:id="EN2004a.D.words140" starttime="481.7" endtime="481.79">do</w>
   <w nite:id="EN2004a.D.words141" starttime="481.79" endtime="481.85">you</w>
   <w nite:id="EN2004a.D.words142" starttime="481.85" endtime="481.94">have</w>
   <w nite:id="EN2004a.D.words143" starttime="481.94" endtime="482.04">to</w>
   <w nite:id="EN2004a.D.words144" starttime="482.04" endtime="482.78">capitalise</w>
   <w nite:id="EN2004a.D.words145" starttime="482.78" endtime="482.98">each</w>
   <w nite:id="EN2004a.D.words146" starttime="482.98" endtime="483.22">time</w>
   <w nite:id="EN2004a.D.words147" starttime="483.22" endtime="483.97">you</w>
   <w nite:id="EN2004a.D.words148" starttime="483.97" endtime="484.53">transcribe</w>
   <w nite:id="EN2004a.D.words149" starttime="484.53" endtime="484.63">a</w>
   <w nite:id="EN2004a.D.words150" starttime="484.63" endtime="484.88">bit</w>
   <w nite:id="EN2004a.D.words151" starttime="484.88" endtime="485.01">if</w>
   <w nite:id="EN2004a.D.words152" starttime="485.01" endtime="485.23">it&#39;s</w>
   <w nite:id="EN2004a.D.words153" starttime="485.23" endtime="485.38" trunc="true">mid</w>
   <w nite:id="EN2004a.D.words154" starttime="486.43" endtime="486.58">No</w>
   <w nite:id="EN2004a.D.words155" starttime="486.58" endtime="486.79">no</w>
   <w nite:id="EN2004a.D.words156" starttime="486.79" endtime="486.9">no</w>
   <w nite:id="EN2004a.D.words157" starttime="486.9" endtime="487.01">no</w>
   <w nite:id="EN2004a.D.words158" starttime="487.01" endtime="487.01" punc="true">.</w>
   <w nite:id="EN2004a.D.words159" starttime="487.01" endtime="487.23">Yeah</w>
   <w nite:id="EN2004a.D.words160" starttime="487.23" endtime="487.23" punc="true">.</w>
   <w nite:id="EN2004a.D.words161" starttime="489.2" endtime="489.56">Okay</w>
   <w nite:id="EN2004a.D.words162" starttime="489.56" endtime="489.56" punc="true">.</w>
   <w nite:id="EN2004a.D.words163" starttime="491.87" endtime="493.01">Yeah</w>
   <w nite:id="EN2004a.D.words164" starttime="493.01" endtime="493.01" punc="true">.</w>
   <w nite:id="EN2004a.D.words165" starttime="493.01" endtime="493.66">Just</w>
   <gap nite:id="EN2004a.D.words166" starttime="493.66" endtime="493.66"/>
   <disfmarker nite:id="EN2004a.D.words167" starttime="493.66" endtime="493.66"/>
   <w nite:id="EN2004a.D.words168" starttime="493.66" endtime="494.37">okay</w>
   <w nite:id="EN2004a.D.words169" starttime="494.37" endtime="494.37" punc="true">.</w>
   <w nite:id="EN2004a.D.words170" starttime="494.37" endtime="494.6">So</w>
   <w nite:id="EN2004a.D.words171" starttime="494.6" endtime="494.9">it&#39;s</w>
   <w nite:id="EN2004a.D.words172" starttime="494.9" endtime="495.06">put</w>
   <w nite:id="EN2004a.D.words173" starttime="495.06" endtime="495.15">the</w>
   <w nite:id="EN2004a.D.words174" starttime="495.15" endtime="495.69">hyphen</w>
   <w nite:id="EN2004a.D.words175" starttime="495.69" endtime="495.8">and</w>
   <w nite:id="EN2004a.D.words176" starttime="495.8" endtime="496.14">then</w>
   <disfmarker nite:id="EN2004a.D.words177" starttime="496.14" endtime="496.176"/>
   <w nite:id="EN2004a.D.words178" starttime="500.58" endtime="500.88">Right</w>
   <w nite:id="EN2004a.D.words179" starttime="500.88" endtime="500.88" punc="true">.</w>
   <w nite:id="EN2004a.D.words180" starttime="510.22" endtime="510.71">Okay</w>
   <w nite:id="EN2004a.D.words181" starttime="510.71" endtime="510.71" punc="true">.</w>
   <w nite:id="EN2004a.D.words182" starttime="514.8" endtime="515.23">Oh</w>
   <w nite:id="EN2004a.D.words183" starttime="515.23" endtime="515.54">right</w>
   <w nite:id="EN2004a.D.words184" starttime="515.54" endtime="515.54" punc="true">,</w>
   <w nite:id="EN2004a.D.words185" starttime="515.54" endtime="516.11">okay</w>
   <w nite:id="EN2004a.D.words186" starttime="516.11" endtime="516.11" punc="true">.</w>
   <w nite:id="EN2004a.D.words187" starttime="516.11" endtime="516.28">I&#39;ve</w>
   <w nite:id="EN2004a.D.words188" starttime="516.28" endtime="516.45">done</w>
   <w nite:id="EN2004a.D.words189" starttime="516.45" endtime="516.5">a</w>
   <w nite:id="EN2004a.D.words190" starttime="516.5" endtime="516.65">few</w>
   <w nite:id="EN2004a.D.words191" starttime="516.65" endtime="516.73">of</w>
   <w nite:id="EN2004a.D.words192" starttime="516.73" endtime="516.94">those</w>
   <w nite:id="EN2004a.D.words193" starttime="516.94" endtime="517.11">wrong</w>
   <w nite:id="EN2004a.D.words194" starttime="517.11" endtime="517.84">then</w>
   <vocalsound nite:id="EN2004a.D.words195" starttime="517.84" endtime="517.84" type="laugh"/>
   <w nite:id="EN2004a.D.words196" starttime="517.84" endtime="518.02">when</w>
   <w nite:id="EN2004a.D.words197" starttime="518.02" endtime="518.25">someone</w>
   <w nite:id="EN2004a.D.words198" starttime="518.25" endtime="518.49">comes</w>
   <w nite:id="EN2004a.D.words199" starttime="518.49" endtime="518.61">to</w>
   <w nite:id="EN2004a.D.words200" starttime="518.61" endtime="521.48">check</w>
   <w nite:id="EN2004a.D.words201" starttime="521.48" endtime="521.77">it</w>
   <w nite:id="EN2004a.D.words202" starttime="521.77" endtime="521.77" punc="true">.</w>
   <vocalsound nite:id="EN2004a.D.words203" starttime="521.77" endtime="521.895" type="laugh"/>
   <w nite:id="EN2004a.D.words204" starttime="534.55" endtime="534.91">Okay</w>
   <w nite:id="EN2004a.D.words205" starttime="534.91" endtime="534.91" punc="true">.</w>
   <vocalsound nite:id="EN2004a.D.words206" starttime="534.91" endtime="534.91" type="laugh"/>
   <w nite:id="EN2004a.D.words207" starttime="567.17" endtime="567.46">Okay</w>
   <w nite:id="EN2004a.D.words208" starttime="567.46" endtime="567.46" punc="true">.</w>
   <vocalsound nite:id="EN2004a.D.words209" starttime="582.469" endtime="583.408" type="laugh"/>
   <w nite:id="EN2004a.D.words210" starttime="587.43" endtime="588.25">Yeah</w>
   <w nite:id="EN2004a.D.words211" starttime="588.25" endtime="588.25" punc="true">.</w>
   <w nite:id="EN2004a.D.words212" starttime="593.45" endtime="594.02">Yeah</w>
   <w nite:id="EN2004a.D.words213" starttime="594.02" endtime="594.02" punc="true">.</w>
   <vocalsound nite:id="EN2004a.D.words214" starttime="594.02" endtime="594.02" type="laugh"/>
   <w nite:id="EN2004a.D.words215" starttime="638.16" endtime="638.46">Okay</w>
   <w nite:id="EN2004a.D.words216" starttime="638.46" endtime="638.46" punc="true">.</w>
   <vocalsound nite:id="EN2004a.D.words217" starttime="638.46" endtime="638.46" type="laugh"/>
   <w nite:id="EN2004a.D.words218" starttime="691.91" endtime="693.32">Yeah</w>
   <w nite:id="EN2004a.D.words219" starttime="693.32" endtime="693.32" punc="true">.</w>
   <vocalsound nite:id="EN2004a.D.words220" starttime="693.32" endtime="693.32" type="laugh"/>
   <w nite:id="EN2004a.D.words221" starttime="693.32" endtime="694.77">Yeah</w>
   <w nite:id="EN2004a.D.words222" starttime="694.77" endtime="694.77" punc="true">.</w>
   <vocalsound nite:id="EN2004a.D.words223" starttime="694.77" endtime="695.106" type="laugh"/>
   <vocalsound nite:id="EN2004a.D.words224" starttime="695.106" endtime="695.106" type="laugh"/>
   <vocalsound nite:id="EN2004a.D.words225" starttime="695.106" endtime="695.106" type="laugh"/>
   <vocalsound nite:id="EN2004a.D.words226" starttime="697.052" endtime="697.917" type="laugh"/>
   <w nite:id="EN2004a.D.words227" starttime="765.05" endtime="765.38">Yeah</w>
   <w nite:id="EN2004a.D.words228" starttime="765.38" endtime="765.38" punc="true">.</w>
   <vocalsound nite:id="EN2004a.D.words229" starttime="817.264" endtime="818.281" type="laugh"/>
   <vocalsound nite:id="EN2004a.D.words230" starttime="866.223" endtime="866.931" type="laugh"/>
   <vocalsound nite:id="EN2004a.D.words231" starttime="894.649" endtime="894.649" type="other"/>
   <w nite:id="EN2004a.D.words232" starttime="894.88" endtime="895.61">Oh</w>
   <w nite:id="EN2004a.D.words233" starttime="895.61" endtime="895.61" punc="true">.</w>
   <w nite:id="EN2004a.D.words234" starttime="897.76" endtime="898.25">Mm</w>
   <w nite:id="EN2004a.D.words235" starttime="898.25" endtime="898.25" punc="true">.</w>
   <vocalsound nite:id="EN2004a.D.words236" starttime="907.684" endtime="908.382" type="laugh"/>
   <vocalsound nite:id="EN2004a.D.words237" starttime="920.995" endtime="921.834" type="laugh"/>
   <vocalsound nite:id="EN2004a.D.words238" starttime="934.288" endtime="934.288" type="laugh"/>
   <w nite:id="EN2004a.D.words239" starttime="934.86" endtime="935.12">Yeah</w>
   <w nite:id="EN2004a.D.words240" starttime="935.12" endtime="935.12" punc="true">.</w>
   <vocalsound nite:id="EN2004a.D.words241" starttime="938.328" endtime="939.077" type="laugh"/>
   <vocalsound nite:id="EN2004a.D.words242" starttime="951.631" endtime="952.638" type="laugh"/>
   <vocalsound nite:id="EN2004a.D.words243" starttime="955.744" endtime="956.655" type="laugh"/>
   <vocalsound nite:id="EN2004a.D.words244" starttime="958.064" endtime="959.376" type="laugh"/>
   <vocalsound nite:id="EN2004a.D.words245" starttime="969.568" endtime="970.058" type="laugh"/>
   <vocalsound nite:id="EN2004a.D.words246" starttime="971.248" endtime="971.248" type="laugh"/>
   <w nite:id="EN2004a.D.words247" starttime="971.81" endtime="972.21">Yeah</w>
   <w nite:id="EN2004a.D.words248" starttime="972.21" endtime="972.21" punc="true">.</w>
   <vocalsound nite:id="EN2004a.D.words249" starttime="972.21" endtime="972.21" type="laugh"/>
   <vocalsound nite:id="EN2004a.D.words250" starttime="972.21" endtime="972.297" type="laugh"/>
   <w nite:id="EN2004a.D.words251" starttime="1013.31" endtime="1013.86">Mm</w>
   <w nite:id="EN2004a.D.words252" starttime="1013.86" endtime="1013.86" punc="true">.</w>
   <vocalsound nite:id="EN2004a.D.words253" starttime="1020.378" endtime="1021.542" type="laugh"/>
   <w nite:id="EN2004a.D.words254" starttime="1047.81" endtime="1047.95">You</w>
   <w nite:id="EN2004a.D.words255" starttime="1047.95" endtime="1048.45">know</w>
   <w nite:id="EN2004a.D.words256" starttime="1048.45" endtime="1048.45" punc="true">,</w>
   <w nite:id="EN2004a.D.words257" starttime="1048.45" endtime="1048.98">um</w>
   <w nite:id="EN2004a.D.words258" starttime="1048.98" endtime="1049.09">you</w>
   <w nite:id="EN2004a.D.words259" starttime="1049.09" endtime="1049.81">standardised</w>
   <w nite:id="EN2004a.D.words260" starttime="1049.81" endtime="1049.89">all</w>
   <w nite:id="EN2004a.D.words261" starttime="1049.89" endtime="1050.35">the</w>
   <w nite:id="EN2004a.D.words262" starttime="1050.35" endtime="1050.46">the</w>
   <w nite:id="EN2004a.D.words263" starttime="1050.46" endtime="1050.66">filled</w>
   <w nite:id="EN2004a.D.words264" starttime="1050.66" endtime="1050.95">pauses</w>
   <w nite:id="EN2004a.D.words265" starttime="1050.95" endtime="1050.95" punc="true">,</w>
   <w nite:id="EN2004a.D.words266" starttime="1050.95" endtime="1051.15">the</w>
   <w nite:id="EN2004a.D.words267" starttime="1051.15" endtime="1051.4">uh</w>
   <w nite:id="EN2004a.D.words268" starttime="1051.4" endtime="1051.76">and</w>
   <disfmarker nite:id="EN2004a.D.words269" starttime="1051.76" endtime="1051.76"/>
   <w nite:id="EN2004a.D.words270" starttime="1051.76" endtime="1051.95">do</w>
   <w nite:id="EN2004a.D.words271" starttime="1051.95" endtime="1052.04">we</w>
   <w nite:id="EN2004a.D.words272" starttime="1052.04" endtime="1052.17">need</w>
   <w nite:id="EN2004a.D.words273" starttime="1052.17" endtime="1052.24">to</w>
   <w nite:id="EN2004a.D.words274" starttime="1052.24" endtime="1052.4">go</w>
   <w nite:id="EN2004a.D.words275" starttime="1052.4" endtime="1052.6">through</w>
   <w nite:id="EN2004a.D.words276" starttime="1052.6" endtime="1052.75">and</w>
   <w nite:id="EN2004a.D.words277" starttime="1052.75" endtime="1053.46">change</w>
   <w nite:id="EN2004a.D.words278" starttime="1053.46" endtime="1053.71">ones</w>
   <w nite:id="EN2004a.D.words279" starttime="1053.71" endtime="1053.86">that</w>
   <w nite:id="EN2004a.D.words280" starttime="1053.86" endtime="1054.71">people</w>
   <w nite:id="EN2004a.D.words281" starttime="1054.71" endtime="1054.99">did</w>
   <w nite:id="EN2004a.D.words282" starttime="1054.99" endtime="1055.37">differently</w>
   <w nite:id="EN2004a.D.words283" starttime="1055.37" endtime="1055.37" punc="true">.</w>
   <w nite:id="EN2004a.D.words284" starttime="1055.37" endtime="1055.51">Like</w>
   <w nite:id="EN2004a.D.words285" starttime="1055.51" endtime="1055.66">if</w>
   <w nite:id="EN2004a.D.words286" starttime="1055.66" endtime="1055.77">I</w>
   <disfmarker nite:id="EN2004a.D.words287" starttime="1055.77" endtime="1055.77"/>
   <w nite:id="EN2004a.D.words288" starttime="1055.77" endtime="1056.0">where</w>
   <w nite:id="EN2004a.D.words289" starttime="1056.0" endtime="1056.12">I&#39;ve</w>
   <w nite:id="EN2004a.D.words290" starttime="1056.12" endtime="1056.32">written</w>
   <w nite:id="EN2004a.D.words291" starttime="1056.32" endtime="1056.71">E_R_</w>
   <w nite:id="EN2004a.D.words292" starttime="1056.71" endtime="1056.87">for</w>
   <w nite:id="EN2004a.D.words293" starttime="1056.87" endtime="1057.42">uh</w>
   <w nite:id="EN2004a.D.words294" starttime="1057.42" endtime="1057.42" punc="true">,</w>
   <w nite:id="EN2004a.D.words295" starttime="1057.42" endtime="1057.64">change</w>
   <w nite:id="EN2004a.D.words296" starttime="1057.64" endtime="1057.7">it</w>
   <w nite:id="EN2004a.D.words297" starttime="1057.7" endtime="1057.81">all</w>
   <w nite:id="EN2004a.D.words298" starttime="1057.81" endtime="1057.93">to</w>
   <w nite:id="EN2004a.D.words299" starttime="1057.93" endtime="1058.13">U_</w>
   <w nite:id="EN2004a.D.words300" starttime="1058.13" endtime="1058.46">H_</w>
   <w nite:id="EN2004a.D.words301" starttime="1058.46" endtime="1058.46" punc="true">,</w>
   <w nite:id="EN2004a.D.words302" starttime="1058.46" endtime="1058.59">that</w>
   <w nite:id="EN2004a.D.words303" starttime="1058.59" endtime="1058.73">sort</w>
   <w nite:id="EN2004a.D.words304" starttime="1058.73" endtime="1058.79">of</w>
   <w nite:id="EN2004a.D.words305" starttime="1058.79" endtime="1059.06">thing</w>
   <w nite:id="EN2004a.D.words306" starttime="1059.06" endtime="1059.06" punc="true">?</w>
   <w nite:id="EN2004a.D.words307" starttime="1067.06" endtime="1067.37">Mm-hmm</w>
   <w nite:id="EN2004a.D.words308" starttime="1067.37" endtime="1067.37" punc="true">.</w>
   <w nite:id="EN2004a.D.words309" starttime="1076.48" endtime="1076.99">Yeah</w>
   <w nite:id="EN2004a.D.words310" starttime="1076.99" endtime="1076.99" punc="true">.</w>
   <w nite:id="EN2004a.D.words311" starttime="1078.14" endtime="1078.63">Okay</w>
   <w nite:id="EN2004a.D.words312" starttime="1078.63" endtime="1078.63" punc="true">.</w>
   <w nite:id="EN2004a.D.words313" starttime="1085.99" endtime="1086.65">Yeah</w>
   <w nite:id="EN2004a.D.words314" starttime="1086.65" endtime="1086.65" punc="true">,</w>
   <w nite:id="EN2004a.D.words315" starttime="1086.65" endtime="1086.89">just</w>
   <w nite:id="EN2004a.D.words316" starttime="1086.89" endtime="1087.1">change</w>
   <w nite:id="EN2004a.D.words317" starttime="1087.1" endtime="1087.19">it</w>
   <w nite:id="EN2004a.D.words318" starttime="1087.19" endtime="1087.56">to</w>
   <w nite:id="EN2004a.D.words319" starttime="1087.56" endtime="1087.85">um</w>
   <w nite:id="EN2004a.D.words320" starttime="1087.85" endtime="1087.85" punc="true">.</w>
   <w nite:id="EN2004a.D.words321" starttime="1089.13" endtime="1089.48">Okay</w>
   <w nite:id="EN2004a.D.words322" starttime="1089.48" endtime="1089.48" punc="true">.</w>
   <w nite:id="EN2004a.D.words323" starttime="1094.87" endtime="1095.3">Yeah</w>
   <w nite:id="EN2004a.D.words324" starttime="1095.3" endtime="1095.3" punc="true">.</w>
   <vocalsound nite:id="EN2004a.D.words325" starttime="1096.544" endtime="1097.040" type="laugh"/>
   <w nite:id="EN2004a.D.words326" starttime="1133.38" endtime="1133.91">Yeah</w>
   <w nite:id="EN2004a.D.words327" starttime="1133.91" endtime="1133.91" punc="true">.</w>
   <w nite:id="EN2004a.D.words328" starttime="1134.93" endtime="1135.05">We</w>
   <w nite:id="EN2004a.D.words329" starttime="1135.05" endtime="1135.14">do</w>
   <w nite:id="EN2004a.D.words330" starttime="1135.14" endtime="1135.21">the</w>
   <w nite:id="EN2004a.D.words331" starttime="1135.21" endtime="1135.88">meeting</w>
   <w nite:id="EN2004a.D.words332" starttime="1135.88" endtime="1135.88" punc="true">.</w>
   <w nite:id="EN2004a.D.words333" starttime="1135.88" endtime="1135.95">The</w>
   <w nite:id="EN2004a.D.words334" starttime="1135.95" endtime="1136.92">minutes</w>
   <w nite:id="EN2004a.D.words335" starttime="1136.92" endtime="1136.92" punc="true">,</w>
   <w nite:id="EN2004a.D.words336" starttime="1136.92" endtime="1137.44">yeah</w>
   <w nite:id="EN2004a.D.words337" starttime="1137.44" endtime="1137.44" punc="true">.</w>
   <w nite:id="EN2004a.D.words338" starttime="1149.96" endtime="1150.36">Mm-hmm</w>
   <w nite:id="EN2004a.D.words339" starttime="1150.36" endtime="1150.36" punc="true">.</w>
   <vocalsound nite:id="EN2004a.D.words340" starttime="1152.456" endtime="1154.618" type="laugh"/>
   <vocalsound nite:id="EN2004a.D.words341" starttime="1165.516" endtime="1166.488" type="laugh"/>
   <w nite:id="EN2004a.D.words342" starttime="1212.77" endtime="1213.09">Mm-hmm</w>
   <w nite:id="EN2004a.D.words343" starttime="1213.09" endtime="1213.09" punc="true">.</w>
   <w nite:id="EN2004a.D.words344" starttime="1218.83" endtime="1219.08">Okay</w>
   <w nite:id="EN2004a.D.words345" starttime="1219.08" endtime="1219.08" punc="true">.</w>
   <w nite:id="EN2004a.D.words346" starttime="1239.54" endtime="1239.72">Where</w>
   <w nite:id="EN2004a.D.words347" starttime="1239.72" endtime="1239.92">you&#39;ve</w>
   <w nite:id="EN2004a.D.words348" starttime="1239.92" endtime="1240.15">written</w>
   <w nite:id="EN2004a.D.words349" starttime="1240.15" endtime="1240.49">at</w>
   <w nite:id="EN2004a.D.words350" starttime="1240.49" endtime="1240.64">et</w>
   <w nite:id="EN2004a.D.words351" starttime="1240.64" endtime="1241.02">cetera</w>
   <w nite:id="EN2004a.D.words352" starttime="1241.02" endtime="1241.02" punc="true">,</w>
   <w nite:id="EN2004a.D.words353" starttime="1241.02" endtime="1241.11">is</w>
   <w nite:id="EN2004a.D.words354" starttime="1241.11" endtime="1241.24">that</w>
   <w nite:id="EN2004a.D.words355" starttime="1241.24" endtime="1241.4">how</w>
   <w nite:id="EN2004a.D.words356" starttime="1241.4" endtime="1241.54">we&#39;re</w>
   <w nite:id="EN2004a.D.words357" starttime="1241.54" endtime="1241.81">supposed</w>
   <w nite:id="EN2004a.D.words358" starttime="1241.81" endtime="1241.88">to</w>
   <w nite:id="EN2004a.D.words359" starttime="1241.88" endtime="1242.06">be</w>
   <w nite:id="EN2004a.D.words360" starttime="1242.06" endtime="1242.48">writing</w>
   <w nite:id="EN2004a.D.words361" starttime="1242.48" endtime="1243.3">it</w>
   <w nite:id="EN2004a.D.words362" starttime="1243.3" endtime="1243.3" punc="true">?</w>
   <w nite:id="EN2004a.D.words363" starttime="1243.3" endtime="1243.65">Okay</w>
   <w nite:id="EN2004a.D.words364" starttime="1243.65" endtime="1243.65" punc="true">.</w>
   <w nite:id="EN2004a.D.words365" starttime="1247.52" endtime="1247.81">Yeah</w>
   <w nite:id="EN2004a.D.words366" starttime="1247.81" endtime="1247.81" punc="true">.</w>
   <vocalsound nite:id="EN2004a.D.words367" starttime="1259.184" endtime="1259.825" type="laugh"/>
   <vocalsound nite:id="EN2004a.D.words368" starttime="1262.464" endtime="1263.445" type="laugh"/>
   <w nite:id="EN2004a.D.words369" starttime="1267.6" endtime="1267.82">Et</w>
   <w nite:id="EN2004a.D.words370" starttime="1267.82" endtime="1268.35">cetera</w>
   <w nite:id="EN2004a.D.words371" starttime="1268.35" endtime="1268.35" punc="true">.</w>
   <vocalsound nite:id="EN2004a.D.words372" starttime="1277.404" endtime="1277.814" type="laugh"/>
   <w nite:id="EN2004a.D.words373" starttime="1298.68" endtime="1299.21">Okay</w>
   <w nite:id="EN2004a.D.words374" starttime="1299.21" endtime="1299.21" punc="true">.</w>
   <w nite:id="EN2004a.D.words375" starttime="1317.93" endtime="1318.53">Mm</w>
   <w nite:id="EN2004a.D.words376" starttime="1318.53" endtime="1318.53" punc="true">.</w>
   <vocalsound nite:id="EN2004a.D.words377" starttime="1364.972" endtime="1365.994" type="laugh"/>
   <gap nite:id="EN2004a.D.words378" starttime="1374.731" endtime="1375.456"/>
   <w nite:id="EN2004a.D.words379" starttime="1375.456" endtime="1375.456" punc="true">.</w>
   <w nite:id="EN2004a.D.words380" starttime="1383.04" endtime="1383.39">Okay</w>
   <w nite:id="EN2004a.D.words381" starttime="1383.39" endtime="1383.39" punc="true">.</w>
   <vocalsound nite:id="EN2004a.D.words382" starttime="1414.889" endtime="1416.510" type="laugh"/>
   <vocalsound nite:id="EN2004a.D.words383" starttime="1445.838" endtime="1445.838" type="other"/>
   <w nite:id="EN2004a.D.words384" starttime="1446.19" endtime="1446.64">Okay</w>
   <w nite:id="EN2004a.D.words385" starttime="1446.64" endtime="1446.64" punc="true">.</w>
   <w nite:id="EN2004a.D.words386" starttime="1452.77" endtime="1452.88">That</w>
   <w nite:id="EN2004a.D.words387" starttime="1452.88" endtime="1453.01">one</w>
   <w nite:id="EN2004a.D.words388" starttime="1453.01" endtime="1453.15">was</w>
   <w nite:id="EN2004a.D.words389" starttime="1453.15" endtime="1453.42">clear</w>
   <w nite:id="EN2004a.D.words390" starttime="1453.42" endtime="1453.42" punc="true">.</w>
   <vocalsound nite:id="EN2004a.D.words391" starttime="1461.298" endtime="1462.039" type="laugh"/>
   <vocalsound nite:id="EN2004a.D.words392" starttime="1517.409" endtime="1518.608" type="laugh"/>
   <w nite:id="EN2004a.D.words393" starttime="1520.37" endtime="1520.52">Okay</w>
   <w nite:id="EN2004a.D.words394" starttime="1520.52" endtime="1520.52" punc="true">.</w>
   <w nite:id="EN2004a.D.words395" starttime="1526.16" endtime="1526.78">Yeah</w>
   <w nite:id="EN2004a.D.words396" starttime="1526.78" endtime="1526.78" punc="true">.</w>
   <vocalsound nite:id="EN2004a.D.words397" starttime="1526.78" endtime="1526.78" type="laugh"/>
   <vocalsound nite:id="EN2004a.D.words398" starttime="1565.264" endtime="1566.480" type="laugh"/>
   <vocalsound nite:id="EN2004a.D.words399" starttime="1568.824" endtime="1570.030" type="laugh"/>
   <w nite:id="EN2004a.D.words400" starttime="1690.02" endtime="1690.11">How</w>
   <w nite:id="EN2004a.D.words401" starttime="1690.11" endtime="1690.19">do</w>
   <w nite:id="EN2004a.D.words402" starttime="1690.19" endtime="1690.31">you</w>
   <w nite:id="EN2004a.D.words403" starttime="1690.31" endtime="1690.47">know</w>
   <w nite:id="EN2004a.D.words404" starttime="1690.47" endtime="1690.67">it&#39;s</w>
   <w nite:id="EN2004a.D.words405" starttime="1690.67" endtime="1690.76">that</w>
   <w nite:id="EN2004a.D.words406" starttime="1690.76" endtime="1690.76" punc="true">?</w>
   <w nite:id="EN2004a.D.words407" starttime="1700.83" endtime="1701.45" trunc="true">Cir</w>
   <w nite:id="EN2004a.D.words408" starttime="1701.45" endtime="1701.95">circuit</w>
   <w nite:id="EN2004a.D.words409" starttime="1701.95" endtime="1701.95" punc="true">.</w>
   <vocalsound nite:id="EN2004a.D.words410" starttime="1704.848" endtime="1705.528" type="laugh"/>
   <vocalsound nite:id="EN2004a.D.words411" starttime="1716.294" endtime="1716.778" type="other"/>
   <w nite:id="EN2004a.D.words412" starttime="1736.53" endtime="1736.83">Oops</w>
   <w nite:id="EN2004a.D.words413" starttime="1736.83" endtime="1736.83" punc="true">.</w>
   <vocalsound nite:id="EN2004a.D.words414" starttime="1746.339" endtime="1747.187" type="laugh"/>
   <vocalsound nite:id="EN2004a.D.words415" starttime="1754.521" endtime="1755.057" type="laugh"/>
   <w nite:id="EN2004a.D.words416" starttime="1778.39" endtime="1778.8">Yeah</w>
   <w nite:id="EN2004a.D.words417" starttime="1778.8" endtime="1778.8" punc="true">.</w>
   <vocalsound nite:id="EN2004a.D.words418" starttime="1785.296" endtime="1785.296" type="laugh"/>
   <w nite:id="EN2004a.D.words419" starttime="1785.98" endtime="1786.27">Yeah</w>
   <w nite:id="EN2004a.D.words420" starttime="1786.27" endtime="1786.27" punc="true">.</w>
   <w nite:id="EN2004a.D.words421" starttime="1836.29" endtime="1836.84">Yeah</w>
   <w nite:id="EN2004a.D.words422" starttime="1836.84" endtime="1836.84" punc="true">.</w>
   <w nite:id="EN2004a.D.words423" starttime="1840.04" endtime="1840.43">Okay</w>
   <w nite:id="EN2004a.D.words424" starttime="1840.43" endtime="1840.43" punc="true">.</w>
   <w nite:id="EN2004a.D.words425" starttime="1862.44" endtime="1862.71">Right</w>
   <w nite:id="EN2004a.D.words426" starttime="1862.71" endtime="1862.71" punc="true">.</w>
   <vocalsound nite:id="EN2004a.D.words427" starttime="1899.584" endtime="1900.549" type="laugh"/>
   <w nite:id="EN2004a.D.words428" starttime="1923.13" endtime="1923.42">Someone&#39;s</w>
   <w nite:id="EN2004a.D.words429" starttime="1923.42" endtime="1923.59">gonna</w>
   <w nite:id="EN2004a.D.words430" starttime="1923.59" endtime="1923.73">have</w>
   <w nite:id="EN2004a.D.words431" starttime="1923.73" endtime="1923.95">fun</w>
   <w nite:id="EN2004a.D.words432" starttime="1923.95" endtime="1924.61">transcribing</w>
   <w nite:id="EN2004a.D.words433" starttime="1924.61" endtime="1924.79">that</w>
   <w nite:id="EN2004a.D.words434" starttime="1924.79" endtime="1927.11">now</w>
   <w nite:id="EN2004a.D.words435" starttime="1927.11" endtime="1927.11" punc="true">.</w>
   <vocalsound nite:id="EN2004a.D.words436" starttime="1927.11" endtime="1927.287" type="laugh"/>
   <vocalsound nite:id="EN2004a.D.words437" starttime="1927.287" endtime="1927.287" type="laugh"/>
   <vocalsound nite:id="EN2004a.D.words438" starttime="1933.652" endtime="1933.652" type="laugh"/>
   <w nite:id="EN2004a.D.words439" starttime="1934.21" endtime="1934.47">Yeah</w>
   <w nite:id="EN2004a.D.words440" starttime="1934.47" endtime="1934.47" punc="true">.</w>
   <vocalsound nite:id="EN2004a.D.words441" starttime="1934.47" endtime="1934.672" type="laugh"/>
   <w nite:id="EN2004a.D.words442" starttime="1955.78" endtime="1956.11">Mm-hmm</w>
   <w nite:id="EN2004a.D.words443" starttime="1956.11" endtime="1956.11" punc="true">.</w>
   <w nite:id="EN2004a.D.words444" starttime="1960.25" endtime="1960.52">Okay</w>
   <w nite:id="EN2004a.D.words445" starttime="1960.52" endtime="1960.52" punc="true">.</w>
   <w nite:id="EN2004a.D.words446" starttime="2017.88" endtime="2018.9">Actually</w>
   <w nite:id="EN2004a.D.words447" starttime="2018.9" endtime="2018.9" punc="true">,</w>
   <gap nite:id="EN2004a.D.words448" starttime="2018.9" endtime="2018.9"/>
   <w nite:id="EN2004a.D.words449" starttime="2018.9" endtime="2019.31">um</w>
   <w nite:id="EN2004a.D.words450" starttime="2019.31" endtime="2019.37">a</w>
   <w nite:id="EN2004a.D.words451" starttime="2019.37" endtime="2019.53">couple</w>
   <w nite:id="EN2004a.D.words452" starttime="2019.53" endtime="2019.59">of</w>
   <w nite:id="EN2004a.D.words453" starttime="2019.59" endtime="2019.82">times</w>
   <w nite:id="EN2004a.D.words454" starttime="2019.82" endtime="2019.91">where</w>
   <w nite:id="EN2004a.D.words455" starttime="2019.91" endtime="2020.18">they&#39;ve</w>
   <w nite:id="EN2004a.D.words456" starttime="2020.18" endtime="2020.77">repeated</w>
   <w nite:id="EN2004a.D.words457" starttime="2020.77" endtime="2020.85">a</w>
   <w nite:id="EN2004a.D.words458" starttime="2020.85" endtime="2021.27">word</w>
   <w nite:id="EN2004a.D.words459" starttime="2021.27" endtime="2021.27" punc="true">,</w>
   <w nite:id="EN2004a.D.words460" starttime="2021.27" endtime="2021.43">I&#39;ve</w>
   <w nite:id="EN2004a.D.words461" starttime="2021.43" endtime="2021.61">put</w>
   <w nite:id="EN2004a.D.words462" starttime="2021.61" endtime="2021.65">a</w>
   <w nite:id="EN2004a.D.words463" starttime="2021.65" endtime="2021.98">comma</w>
   <w nite:id="EN2004a.D.words464" starttime="2021.98" endtime="2022.38">between</w>
   <w nite:id="EN2004a.D.words465" starttime="2022.38" endtime="2022.56">them</w>
   <w nite:id="EN2004a.D.words466" starttime="2022.56" endtime="2022.56" punc="true">.</w>
   <w nite:id="EN2004a.D.words467" starttime="2022.56" endtime="2022.79">Should</w>
   <w nite:id="EN2004a.D.words468" starttime="2022.79" endtime="2022.99">that</w>
   <w nite:id="EN2004a.D.words469" starttime="2022.99" endtime="2023.44">be</w>
   <w nite:id="EN2004a.D.words470" starttime="2023.44" endtime="2023.82">no</w>
   <w nite:id="EN2004a.D.words471" starttime="2023.82" endtime="2024.44">comma</w>
   <w nite:id="EN2004a.D.words472" starttime="2024.44" endtime="2024.44" punc="true">?</w>
   <w nite:id="EN2004a.D.words473" starttime="2024.44" endtime="2025.43">Oh</w>
   <w nite:id="EN2004a.D.words474" starttime="2025.43" endtime="2025.43" punc="true">,</w>
   <w nite:id="EN2004a.D.words475" starttime="2025.43" endtime="2025.55" trunc="true">r</w>
   <w nite:id="EN2004a.D.words476" starttime="2025.55" endtime="2025.83">okay</w>
   <w nite:id="EN2004a.D.words477" starttime="2025.83" endtime="2025.83" punc="true">.</w>
   <vocalsound nite:id="EN2004a.D.words478" starttime="2026.092" endtime="2026.352" type="other"/>
   <w nite:id="EN2004a.D.words479" starttime="2027.85" endtime="2028.12">Right</w>
   <w nite:id="EN2004a.D.words480" starttime="2028.12" endtime="2028.12" punc="true">.</w>
   <vocalsound nite:id="EN2004a.D.words481" starttime="2029.168" endtime="2029.168" type="other"/>
   <w nite:id="EN2004a.D.words482" starttime="2029.28" endtime="2029.55">Oh</w>
   <w nite:id="EN2004a.D.words483" starttime="2029.55" endtime="2029.81">right</w>
   <w nite:id="EN2004a.D.words484" starttime="2029.81" endtime="2029.81" punc="true">,</w>
   <w nite:id="EN2004a.D.words485" starttime="2029.81" endtime="2030.22">okay</w>
   <w nite:id="EN2004a.D.words486" starttime="2030.22" endtime="2030.22" punc="true">.</w>
   <vocalsound nite:id="EN2004a.D.words487" starttime="2032.95" endtime="2032.95" type="laugh"/>
   <w nite:id="EN2004a.D.words488" starttime="2033.46" endtime="2034.98">Okay</w>
   <w nite:id="EN2004a.D.words489" starttime="2034.98" endtime="2034.98" punc="true">.</w>
   <w nite:id="EN2004a.D.words490" starttime="2034.98" endtime="2035.11">&#39;Cause</w>
   <w nite:id="EN2004a.D.words491" starttime="2035.11" endtime="2035.2">I</w>
   <w nite:id="EN2004a.D.words492" starttime="2035.2" endtime="2035.43">get</w>
   <w nite:id="EN2004a.D.words493" starttime="2035.43" endtime="2035.52">I</w>
   <w nite:id="EN2004a.D.words494" starttime="2035.52" endtime="2035.7">get</w>
   <w nite:id="EN2004a.D.words495" starttime="2035.7" endtime="2035.97">quite</w>
   <w nite:id="EN2004a.D.words496" starttime="2035.97" endtime="2036.36">prolific</w>
   <w nite:id="EN2004a.D.words497" starttime="2036.36" endtime="2036.49">with</w>
   <w nite:id="EN2004a.D.words498" starttime="2036.49" endtime="2036.58">my</w>
   <w nite:id="EN2004a.D.words499" starttime="2036.58" endtime="2036.96">commas</w>
   <w nite:id="EN2004a.D.words500" starttime="2036.96" endtime="2037.06">at</w>
   <w nite:id="EN2004a.D.words501" starttime="2037.06" endtime="2037.65">times</w>
   <w nite:id="EN2004a.D.words502" starttime="2037.65" endtime="2037.65" punc="true">.</w>
   <vocalsound nite:id="EN2004a.D.words503" starttime="2037.65" endtime="2037.65" type="laugh"/>
   <w nite:id="EN2004a.D.words504" starttime="2037.65" endtime="2039.63">So</w>
   <w nite:id="EN2004a.D.words505" starttime="2039.63" endtime="2039.77">um</w>
   <disfmarker nite:id="EN2004a.D.words506" starttime="2039.77" endtime="2039.77"/>
   <vocalsound nite:id="EN2004a.D.words507" starttime="2039.77" endtime="2039.983" type="laugh"/>
   <vocalsound nite:id="EN2004a.D.words508" starttime="2044.975" endtime="2044.975" type="laugh"/>
   <w nite:id="EN2004a.D.words509" starttime="2045.65" endtime="2046.06">Okay</w>
   <w nite:id="EN2004a.D.words510" starttime="2046.06" endtime="2046.06" punc="true">.</w>
   <vocalsound nite:id="EN2004a.D.words511" starttime="2047.696" endtime="2048.892" type="laugh"/>
   <w nite:id="EN2004a.D.words512" starttime="2051.3" endtime="2051.76">Okay</w>
   <w nite:id="EN2004a.D.words513" starttime="2051.76" endtime="2051.76" punc="true">,</w>
   <w nite:id="EN2004a.D.words514" starttime="2051.76" endtime="2052.05">cool</w>
   <w nite:id="EN2004a.D.words515" starttime="2052.05" endtime="2052.05" punc="true">.</w>
   <w nite:id="EN2004a.D.words516" starttime="2059.66" endtime="2060.37">Yeah</w>
   <w nite:id="EN2004a.D.words517" starttime="2060.37" endtime="2060.37" punc="true">.</w>
   <w nite:id="EN2004a.D.words518" starttime="2065.31" endtime="2065.75">Yeah</w>
   <w nite:id="EN2004a.D.words519" starttime="2065.75" endtime="2065.75" punc="true">.</w>
   <vocalsound nite:id="EN2004a.D.words520" starttime="2067.936" endtime="2068.605" type="laugh"/>
   <vocalsound nite:id="EN2004a.D.words521" starttime="2076.835" endtime="2077.850" type="laugh"/>
   <w nite:id="EN2004a.D.words522" starttime="2083.46" endtime="2084.1">Oh</w>
   <w nite:id="EN2004a.D.words523" starttime="2084.1" endtime="2084.25">yeah</w>
   <w nite:id="EN2004a.D.words524" starttime="2084.25" endtime="2084.25" punc="true">.</w>
   <vocalsound nite:id="EN2004a.D.words525" starttime="2084.25" endtime="2084.387" type="laugh"/>
   <vocalsound nite:id="EN2004a.D.words526" starttime="2089.064" endtime="2089.064" type="other"/>
   <w nite:id="EN2004a.D.words527" starttime="2089.56" endtime="2089.84">E_</w>
   <w nite:id="EN2004a.D.words528" starttime="2089.84" endtime="2090.0">S_</w>
   <w nite:id="EN2004a.D.words529" starttime="2090.0" endtime="2090.31">T_</w>
   <w nite:id="EN2004a.D.words530" starttime="2090.31" endtime="2090.31" punc="true">.</w>
   <vocalsound nite:id="EN2004a.D.words531" starttime="2091.212" endtime="2092.742" type="laugh"/>
   <vocalsound nite:id="EN2004a.D.words532" starttime="2095.136" endtime="2096.096" type="laugh"/>
   <vocalsound nite:id="EN2004a.D.words533" starttime="2097.984" endtime="2098.512" type="laugh"/>
   <w nite:id="EN2004a.D.words534" starttime="2102.8" endtime="2103.2">Oh</w>
   <w nite:id="EN2004a.D.words535" starttime="2103.2" endtime="2103.36">okay</w>
   <w nite:id="EN2004a.D.words536" starttime="2103.36" endtime="2103.36" punc="true">.</w>
   <vocalsound nite:id="EN2004a.D.words537" starttime="2105.564" endtime="2105.862" type="other"/>
   <w nite:id="EN2004a.D.words538" starttime="2109.61" endtime="2110.47">Yeah</w>
   <w nite:id="EN2004a.D.words539" starttime="2110.47" endtime="2110.47" punc="true">.</w>
   <vocalsound nite:id="EN2004a.D.words540" starttime="2113.553" endtime="2114.226" type="laugh"/>
   <w nite:id="EN2004a.D.words541" starttime="2116.71" endtime="2117.16">Sometimes</w>
   <w nite:id="EN2004a.D.words542" starttime="2117.16" endtime="2117.25">you</w>
   <w nite:id="EN2004a.D.words543" starttime="2117.25" endtime="2117.53">get</w>
   <w nite:id="EN2004a.D.words544" starttime="2117.53" endtime="2118.43">like</w>
   <w nite:id="EN2004a.D.words545" starttime="2118.43" endtime="2118.89">an</w>
   <w nite:id="EN2004a.D.words546" starttime="2118.89" endtime="2119.37">uh</w>
   <w nite:id="EN2004a.D.words547" starttime="2119.37" endtime="2119.51">and</w>
   <w nite:id="EN2004a.D.words548" starttime="2119.51" endtime="2119.6">it</w>
   <w nite:id="EN2004a.D.words549" starttime="2119.6" endtime="2119.66" trunc="true">g</w>
   <w nite:id="EN2004a.D.words550" starttime="2119.66" endtime="2119.81">you&#39;re</w>
   <w nite:id="EN2004a.D.words551" starttime="2119.81" endtime="2119.97">not</w>
   <w nite:id="EN2004a.D.words552" starttime="2119.97" endtime="2120.07">sure</w>
   <w nite:id="EN2004a.D.words553" starttime="2120.07" endtime="2120.14">if</w>
   <w nite:id="EN2004a.D.words554" starttime="2120.14" endtime="2120.27">it&#39;s</w>
   <w nite:id="EN2004a.D.words555" starttime="2120.27" endtime="2120.74">an</w>
   <vocalsound nite:id="EN2004a.D.words556" starttime="2120.74" endtime="2120.74" type="phonetic sound for a"/>
   <w nite:id="EN2004a.D.words557" starttime="2120.74" endtime="2120.74" punc="true">,</w>
   <w nite:id="EN2004a.D.words558" starttime="2120.74" endtime="2121.38">an</w>
   <w nite:id="EN2004a.D.words559" starttime="2121.38" endtime="2121.68">A_</w>
   <w nite:id="EN2004a.D.words560" starttime="2121.68" endtime="2121.68" punc="true">,</w>
   <w nite:id="EN2004a.D.words561" starttime="2121.68" endtime="2121.86">yeah</w>
   <w nite:id="EN2004a.D.words562" starttime="2121.86" endtime="2121.86" punc="true">,</w>
   <w nite:id="EN2004a.D.words563" starttime="2121.86" endtime="2122.26">or</w>
   <w nite:id="EN2004a.D.words564" starttime="2122.26" endtime="2122.91">an</w>
   <vocalsound nite:id="EN2004a.D.words565" starttime="2122.91" endtime="2123.74" type="phonetic sound for schwa"/>
   <transformerror nite:id="EN2004a.D.words566" starttime="2123.74" endtime="2123.74" errortype="multiple vocal sound error" w="sound"/>
   <transformerror nite:id="EN2004a.D.words567" starttime="2123.74" endtime="2123.74" errortype="multiple vocal sound error" w="for"/>
   <transformerror nite:id="EN2004a.D.words568" starttime="2123.74" endtime="2123.74" errortype="multiple vocal sound error" w="schwa]"/>
   <w nite:id="EN2004a.D.words569" starttime="2123.74" endtime="2123.78" trunc="true">m</w>
   <w nite:id="EN2004a.D.words570" starttime="2123.78" endtime="2123.84">it</w>
   <disfmarker nite:id="EN2004a.D.words571" starttime="2123.84" endtime="2123.84"/>
   <vocalsound nite:id="EN2004a.D.words572" starttime="2123.84" endtime="2123.84" type="other"/>
   <w nite:id="EN2004a.D.words573" starttime="2123.84" endtime="2124.37">Yeah</w>
   <w nite:id="EN2004a.D.words574" starttime="2124.37" endtime="2124.37" punc="true">.</w>
   <w nite:id="EN2004a.D.words575" starttime="2126.2" endtime="2126.29">As</w>
   <w nite:id="EN2004a.D.words576" starttime="2126.29" endtime="2126.72">an</w>
   <vocalsound nite:id="EN2004a.D.words577" starttime="2126.72" endtime="2126.72" type="phonetic sound for a"/>
   <w nite:id="EN2004a.D.words578" starttime="2126.72" endtime="2126.72" punc="true">.</w>
   <w nite:id="EN2004a.D.words579" starttime="2128.2" endtime="2128.58">Yeah</w>
   <w nite:id="EN2004a.D.words580" starttime="2128.58" endtime="2128.58" punc="true">,</w>
   <w nite:id="EN2004a.D.words581" starttime="2128.58" endtime="2128.75">do</w>
   <w nite:id="EN2004a.D.words582" starttime="2128.75" endtime="2128.84">it</w>
   <w nite:id="EN2004a.D.words583" starttime="2128.84" endtime="2129.9">as</w>
   <disfmarker nite:id="EN2004a.D.words584" starttime="2129.9" endtime="2129.9"/>
   <w nite:id="EN2004a.D.words585" starttime="2129.9" endtime="2130.31">Okay</w>
   <w nite:id="EN2004a.D.words586" starttime="2130.31" endtime="2130.31" punc="true">.</w>
   <vocalsound nite:id="EN2004a.D.words587" starttime="2143.696" endtime="2144.315" type="laugh"/>
   <w nite:id="EN2004a.D.words588" starttime="2145.64" endtime="2145.97">Several</w>
   <w nite:id="EN2004a.D.words589" starttime="2145.97" endtime="2146.4">vowels</w>
   <w nite:id="EN2004a.D.words590" starttime="2146.4" endtime="2146.53">in</w>
   <w nite:id="EN2004a.D.words591" starttime="2146.53" endtime="2147.34">there</w>
   <w nite:id="EN2004a.D.words592" starttime="2147.34" endtime="2147.34" punc="true">.</w>
   <vocalsound nite:id="EN2004a.D.words593" starttime="2147.34" endtime="2147.623" type="laugh"/>
   <w nite:id="EN2004a.D.words594" starttime="2164.27" endtime="2164.68">Yeah</w>
   <w nite:id="EN2004a.D.words595" starttime="2164.68" endtime="2164.68" punc="true">.</w>
   <w nite:id="EN2004a.D.words596" starttime="2181.69" endtime="2182.1">That&#39;s</w>
   <w nite:id="EN2004a.D.words597" starttime="2182.1" endtime="2182.33">harsh</w>
   <w nite:id="EN2004a.D.words598" starttime="2182.33" endtime="2182.33" punc="true">.</w>
   <vocalsound nite:id="EN2004a.D.words599" starttime="2184.522" endtime="2185.62" type="laugh"/>
   <w nite:id="EN2004a.D.words600" starttime="2195.8" endtime="2195.85">Oh</w>
   <w nite:id="EN2004a.D.words601" starttime="2195.85" endtime="2196.32">okay</w>
   <w nite:id="EN2004a.D.words602" starttime="2196.32" endtime="2196.32" punc="true">.</w>
   <vocalsound nite:id="EN2004a.D.words603" starttime="2202.856" endtime="2203.563" type="laugh"/>
   <w nite:id="EN2004a.D.words604" starttime="2206.82" endtime="2207.12">Right</w>
   <w nite:id="EN2004a.D.words605" starttime="2207.12" endtime="2207.12" punc="true">.</w>
   <vocalsound nite:id="EN2004a.D.words606" starttime="2207.12" endtime="2207.12" type="laugh"/>
   <vocalsound nite:id="EN2004a.D.words607" starttime="2210.090" endtime="2210.838" type="laugh"/>
   <w nite:id="EN2004a.D.words608" starttime="2266.65" endtime="2267.15">Mm</w>
   <w nite:id="EN2004a.D.words609" starttime="2267.15" endtime="2267.15" punc="true">.</w>
   <w nite:id="EN2004a.D.words610" starttime="2288.63" endtime="2289.0">Mister</w>
   <w nite:id="EN2004a.D.words611" starttime="2289.0" endtime="2289.3">Ed</w>
   <w nite:id="EN2004a.D.words612" starttime="2289.3" endtime="2289.3" punc="true">?</w>
   <vocalsound nite:id="EN2004a.D.words613" starttime="2291.296" endtime="2292.16" type="laugh"/>
   <w nite:id="EN2004a.D.words614" starttime="2294.63" endtime="2295.09">Yeah</w>
   <w nite:id="EN2004a.D.words615" starttime="2295.09" endtime="2295.09" punc="true">.</w>
   <w nite:id="EN2004a.D.words616" starttime="2295.09" endtime="2295.42">Or</w>
   <w nite:id="EN2004a.D.words617" starttime="2295.42" endtime="2295.93" trunc="true">myst</w>
   <w nite:id="EN2004a.D.words618" starttime="2295.93" endtime="2296.8">mystery</w>
   <w nite:id="EN2004a.D.words619" starttime="2296.8" endtime="2297.07">Ed</w>
   <w nite:id="EN2004a.D.words620" starttime="2297.07" endtime="2297.14">or</w>
   <w nite:id="EN2004a.D.words621" starttime="2297.14" endtime="2298.67">something</w>
   <w nite:id="EN2004a.D.words622" starttime="2298.67" endtime="2298.67" punc="true">.</w>
   <vocalsound nite:id="EN2004a.D.words623" starttime="2298.67" endtime="2298.76" type="laugh"/>
   <w nite:id="EN2004a.D.words624" starttime="2301.27" endtime="2301.77">Yeah</w>
   <w nite:id="EN2004a.D.words625" starttime="2301.77" endtime="2301.77" punc="true">.</w>
   <w nite:id="EN2004a.D.words626" starttime="2303.09" endtime="2305.01">Mm-hmm</w>
   <w nite:id="EN2004a.D.words627" starttime="2305.01" endtime="2305.01" punc="true">.</w>
   <vocalsound nite:id="EN2004a.D.words628" starttime="2305.01" endtime="2305.072" type="laugh"/>
   <vocalsound nite:id="EN2004a.D.words629" starttime="2305.072" endtime="2305.072" type="laugh"/>
   <w nite:id="EN2004a.D.words630" starttime="2372.43" endtime="2372.65">M_</w>
   <w nite:id="EN2004a.D.words631" starttime="2372.65" endtime="2372.84">I_</w>
   <w nite:id="EN2004a.D.words632" starttime="2372.84" endtime="2373.2">S_</w>
   <w nite:id="EN2004a.D.words633" starttime="2373.2" endtime="2373.62">T_</w>
   <w nite:id="EN2004a.D.words634" starttime="2373.62" endtime="2373.66">E_</w>
   <w nite:id="EN2004a.D.words635" starttime="2373.66" endtime="2373.99">R_</w>
   <w nite:id="EN2004a.D.words636" starttime="2373.99" endtime="2373.99" punc="true">.</w>
   <w nite:id="EN2004a.D.words637" starttime="2377.53" endtime="2378.0">Okay</w>
   <w nite:id="EN2004a.D.words638" starttime="2378.0" endtime="2378.0" punc="true">,</w>
   <w nite:id="EN2004a.D.words639" starttime="2378.0" endtime="2381.91">Missus</w>
   <w nite:id="EN2004a.D.words640" starttime="2381.91" endtime="2381.91" punc="true">.</w>
   <vocalsound nite:id="EN2004a.D.words641" starttime="2381.91" endtime="2381.91" type="laugh"/>
   <w nite:id="EN2004a.D.words642" starttime="2381.91" endtime="2382.45">Missus</w>
   <w nite:id="EN2004a.D.words643" starttime="2382.45" endtime="2382.45" punc="true">.</w>
   <w nite:id="EN2004a.D.words644" starttime="2383.38" endtime="2383.72">Yeah</w>
   <w nite:id="EN2004a.D.words645" starttime="2383.72" endtime="2383.72" punc="true">.</w>
   <w nite:id="EN2004a.D.words646" starttime="2390.0" endtime="2390.29">M_</w>
   <w nite:id="EN2004a.D.words647" starttime="2390.29" endtime="2390.38">I_</w>
   <w nite:id="EN2004a.D.words648" starttime="2390.38" endtime="2391.27">Z_</w>
   <w nite:id="EN2004a.D.words649" starttime="2391.27" endtime="2391.27" punc="true">?</w>
   <vocalsound nite:id="EN2004a.D.words650" starttime="2391.27" endtime="2391.605" type="laugh"/>
   <w nite:id="EN2004a.D.words651" starttime="2392.9" endtime="2394.21">Yeah</w>
   <w nite:id="EN2004a.D.words652" starttime="2394.21" endtime="2394.21" punc="true">.</w>
   <w nite:id="EN2004a.D.words653" starttime="2394.21" endtime="2394.5">So</w>
   <w nite:id="EN2004a.D.words654" starttime="2394.5" endtime="2394.74">um</w>
   <w nite:id="EN2004a.D.words655" starttime="2394.74" endtime="2395.17">about</w>
   <w nite:id="EN2004a.D.words656" starttime="2395.17" endtime="2395.65">um</w>
   <w nite:id="EN2004a.D.words657" starttime="2395.65" endtime="2396.05">foreign</w>
   <w nite:id="EN2004a.D.words658" starttime="2396.05" endtime="2397.23">words</w>
   <w nite:id="EN2004a.D.words659" starttime="2397.23" endtime="2397.23" punc="true">,</w>
   <w nite:id="EN2004a.D.words660" starttime="2397.23" endtime="2397.43">what</w>
   <w nite:id="EN2004a.D.words661" starttime="2397.43" endtime="2397.73">do</w>
   <w nite:id="EN2004a.D.words662" starttime="2397.73" endtime="2398.02">we</w>
   <w nite:id="EN2004a.D.words663" starttime="2398.02" endtime="2398.14">when</w>
   <w nite:id="EN2004a.D.words664" starttime="2398.14" endtime="2398.25">we&#39;re</w>
   <w nite:id="EN2004a.D.words665" starttime="2398.25" endtime="2399.08">checking</w>
   <disfmarker nite:id="EN2004a.D.words666" starttime="2399.08" endtime="2399.08"/>
   <w nite:id="EN2004a.D.words667" starttime="2399.08" endtime="2399.22">um</w>
   <w nite:id="EN2004a.D.words668" starttime="2399.22" endtime="2399.36">if</w>
   <w nite:id="EN2004a.D.words669" starttime="2399.36" endtime="2399.42">we</w>
   <w nite:id="EN2004a.D.words670" starttime="2399.42" endtime="2399.61">come</w>
   <w nite:id="EN2004a.D.words671" starttime="2399.61" endtime="2399.76">up</w>
   <w nite:id="EN2004a.D.words672" starttime="2399.76" endtime="2401.06">something</w>
   <disfmarker nite:id="EN2004a.D.words673" starttime="2401.06" endtime="2401.06"/>
   <w nite:id="EN2004a.D.words674" starttime="2401.06" endtime="2401.16">so</w>
   <w nite:id="EN2004a.D.words675" starttime="2401.16" endtime="2401.23">we</w>
   <w nite:id="EN2004a.D.words676" starttime="2401.23" endtime="2401.45">just</w>
   <w nite:id="EN2004a.D.words677" starttime="2401.45" endtime="2401.7">leave</w>
   <w nite:id="EN2004a.D.words678" starttime="2401.7" endtime="2401.9">it</w>
   <w nite:id="EN2004a.D.words679" starttime="2401.9" endtime="2402.05">as</w>
   <disfmarker nite:id="EN2004a.D.words680" starttime="2402.05" endtime="2402.142"/>
   <w nite:id="EN2004a.D.words681" starttime="2404.71" endtime="2405.17">Yeah</w>
   <w nite:id="EN2004a.D.words682" starttime="2405.17" endtime="2405.17" punc="true">.</w>
   <w nite:id="EN2004a.D.words683" starttime="2407.4" endtime="2407.54">I</w>
   <w nite:id="EN2004a.D.words684" starttime="2407.54" endtime="2407.82">got</w>
   <w nite:id="EN2004a.D.words685" starttime="2407.82" endtime="2408.93">one</w>
   <w nite:id="EN2004a.D.words686" starttime="2408.93" endtime="2408.93" punc="true">,</w>
   <w nite:id="EN2004a.D.words687" starttime="2408.93" endtime="2409.08">which</w>
   <w nite:id="EN2004a.D.words688" starttime="2409.08" endtime="2409.36">I</w>
   <disfmarker nite:id="EN2004a.D.words689" starttime="2409.36" endtime="2409.36"/>
   <w nite:id="EN2004a.D.words690" starttime="2409.36" endtime="2409.44">it</w>
   <w nite:id="EN2004a.D.words691" starttime="2409.44" endtime="2409.56">was</w>
   <w nite:id="EN2004a.D.words692" starttime="2409.56" endtime="2409.9">French</w>
   <w nite:id="EN2004a.D.words693" starttime="2409.9" endtime="2409.9" punc="true">,</w>
   <w nite:id="EN2004a.D.words694" starttime="2409.9" endtime="2410.01">so</w>
   <w nite:id="EN2004a.D.words695" starttime="2410.01" endtime="2410.06">I</w>
   <w nite:id="EN2004a.D.words696" starttime="2410.06" endtime="2410.25">knew</w>
   <w nite:id="EN2004a.D.words697" starttime="2410.25" endtime="2410.38">how</w>
   <w nite:id="EN2004a.D.words698" starttime="2410.38" endtime="2410.53">to</w>
   <w nite:id="EN2004a.D.words699" starttime="2410.53" endtime="2411.16" trunc="true">ex</w>
   <vocalsound nite:id="EN2004a.D.words700" starttime="2411.16" endtime="2411.16" type="laugh"/>
   <w nite:id="EN2004a.D.words701" starttime="2411.16" endtime="2411.59">spell</w>
   <w nite:id="EN2004a.D.words702" starttime="2411.59" endtime="2412.48">it</w>
   <w nite:id="EN2004a.D.words703" starttime="2412.48" endtime="2412.48" punc="true">.</w>
   <vocalsound nite:id="EN2004a.D.words704" starttime="2412.48" endtime="2412.587" type="laugh"/>
   <w nite:id="EN2004a.D.words705" starttime="2415.21" endtime="2415.7">Yeah</w>
   <w nite:id="EN2004a.D.words706" starttime="2415.7" endtime="2415.7" punc="true">.</w>
   <w nite:id="EN2004a.D.words707" starttime="2417.8" endtime="2417.87">I</w>
   <w nite:id="EN2004a.D.words708" starttime="2417.87" endtime="2418.03">mean</w>
   <w nite:id="EN2004a.D.words709" starttime="2418.03" endtime="2418.16">if</w>
   <w nite:id="EN2004a.D.words710" starttime="2418.16" endtime="2418.31">it&#39;s</w>
   <w nite:id="EN2004a.D.words711" starttime="2418.31" endtime="2418.47">in</w>
   <w nite:id="EN2004a.D.words712" starttime="2418.47" endtime="2419.39">carets</w>
   <w nite:id="EN2004a.D.words713" starttime="2419.39" endtime="2419.53">and</w>
   <w nite:id="EN2004a.D.words714" starttime="2419.53" endtime="2419.61">they</w>
   <w nite:id="EN2004a.D.words715" starttime="2419.61" endtime="2419.79">know</w>
   <w nite:id="EN2004a.D.words716" starttime="2419.79" endtime="2419.98">it&#39;s</w>
   <w nite:id="EN2004a.D.words717" starttime="2419.98" endtime="2420.39">foreign</w>
   <w nite:id="EN2004a.D.words718" starttime="2420.39" endtime="2420.39" punc="true">,</w>
   <w nite:id="EN2004a.D.words719" starttime="2420.39" endtime="2420.57">does</w>
   <w nite:id="EN2004a.D.words720" starttime="2420.57" endtime="2420.71">that</w>
   <w nite:id="EN2004a.D.words721" starttime="2420.71" endtime="2420.85">matter</w>
   <w nite:id="EN2004a.D.words722" starttime="2420.85" endtime="2420.85" punc="true">?</w>
   <w nite:id="EN2004a.D.words723" starttime="2428.41" endtime="2429.08">Yeah</w>
   <w nite:id="EN2004a.D.words724" starttime="2429.08" endtime="2429.08" punc="true">,</w>
   <w nite:id="EN2004a.D.words725" starttime="2429.08" endtime="2429.21">and</w>
   <w nite:id="EN2004a.D.words726" starttime="2429.21" endtime="2429.29">the</w>
   <w nite:id="EN2004a.D.words727" starttime="2429.29" endtime="2429.55">at</w>
   <w nite:id="EN2004a.D.words728" starttime="2429.55" endtime="2430.13">symbol</w>
   <w nite:id="EN2004a.D.words729" starttime="2430.13" endtime="2430.13" punc="true">.</w>
   <w nite:id="EN2004a.D.words730" starttime="2437.52" endtime="2437.6">Or</w>
   <w nite:id="EN2004a.D.words731" starttime="2437.6" endtime="2437.78">could</w>
   <w nite:id="EN2004a.D.words732" starttime="2437.78" endtime="2437.87">we</w>
   <w nite:id="EN2004a.D.words733" starttime="2437.87" endtime="2438.04">just</w>
   <w nite:id="EN2004a.D.words734" starttime="2438.04" endtime="2438.31">change</w>
   <w nite:id="EN2004a.D.words735" starttime="2438.31" endtime="2438.37">it</w>
   <w nite:id="EN2004a.D.words736" starttime="2438.37" endtime="2438.48">to</w>
   <w nite:id="EN2004a.D.words737" starttime="2438.48" endtime="2438.59">an</w>
   <w nite:id="EN2004a.D.words738" starttime="2438.59" endtime="2438.81">at</w>
   <w nite:id="EN2004a.D.words739" starttime="2438.81" endtime="2439.11">between</w>
   <w nite:id="EN2004a.D.words740" starttime="2439.11" endtime="2439.2">the</w>
   <w nite:id="EN2004a.D.words741" starttime="2439.2" endtime="2440.6">carets</w>
   <w nite:id="EN2004a.D.words742" starttime="2440.6" endtime="2440.6" punc="true">?</w>
   <vocalsound nite:id="EN2004a.D.words743" starttime="2440.6" endtime="2440.6" type="laugh"/>
   <w nite:id="EN2004a.D.words744" starttime="2440.6" endtime="2440.76">&#39;Cause</w>
   <w nite:id="EN2004a.D.words745" starttime="2440.76" endtime="2441.0">it&#39;s</w>
   <w nite:id="EN2004a.D.words746" starttime="2441.0" endtime="2441.24">only</w>
   <w nite:id="EN2004a.D.words747" starttime="2441.24" endtime="2441.88">intelligible</w>
   <w nite:id="EN2004a.D.words748" starttime="2441.88" endtime="2442.71">theoretically</w>
   <w nite:id="EN2004a.D.words749" starttime="2442.71" endtime="2442.71" punc="true">.</w>
   <w nite:id="EN2004a.D.words750" starttime="2445.01" endtime="2445.51">Yeah</w>
   <w nite:id="EN2004a.D.words751" starttime="2445.51" endtime="2445.51" punc="true">.</w>
   <vocalsound nite:id="EN2004a.D.words752" starttime="2447.584" endtime="2447.584" type="laugh"/>
   <w nite:id="EN2004a.D.words753" starttime="2448.63" endtime="2449.34">Yeah</w>
   <w nite:id="EN2004a.D.words754" starttime="2449.34" endtime="2449.34" punc="true">.</w>
   <vocalsound nite:id="EN2004a.D.words755" starttime="2449.34" endtime="2449.947" type="laugh"/>
   <w nite:id="EN2004a.D.words756" starttime="2469.27" endtime="2469.59">Mm-hmm</w>
   <w nite:id="EN2004a.D.words757" starttime="2469.59" endtime="2469.59" punc="true">.</w>
   <w nite:id="EN2004a.D.words758" starttime="2474.4" endtime="2474.7">Okay</w>
   <w nite:id="EN2004a.D.words759" starttime="2474.7" endtime="2474.7" punc="true">.</w>
   <vocalsound nite:id="EN2004a.D.words760" starttime="2480.345" endtime="2481.043" type="laugh"/>
   <w nite:id="EN2004a.D.words761" starttime="2496.26" endtime="2496.72">Yeah</w>
   <w nite:id="EN2004a.D.words762" starttime="2496.72" endtime="2496.72" punc="true">.</w>
   <w nite:id="EN2004a.D.words763" starttime="2498.98" endtime="2499.05">Are</w>
   <w nite:id="EN2004a.D.words764" starttime="2499.05" endtime="2499.17">we</w>
   <w nite:id="EN2004a.D.words765" starttime="2499.17" endtime="2499.41">doing</w>
   <w nite:id="EN2004a.D.words766" starttime="2499.41" endtime="2499.74">okay</w>
   <w nite:id="EN2004a.D.words767" starttime="2499.74" endtime="2500.0">just</w>
   <w nite:id="EN2004a.D.words768" starttime="2500.0" endtime="2500.42">as</w>
   <w nite:id="EN2004a.D.words769" starttime="2500.42" endtime="2501.45">O_</w>
   <w nite:id="EN2004a.D.words770" starttime="2501.45" endtime="2501.97">K_</w>
   <w nite:id="EN2004a.D.words771" starttime="2501.97" endtime="2501.97" punc="true">,</w>
   <w nite:id="EN2004a.D.words772" starttime="2501.97" endtime="2502.16">not</w>
   <w nite:id="EN2004a.D.words773" starttime="2502.16" endtime="2502.34">as</w>
   <w nite:id="EN2004a.D.words774" starttime="2502.34" endtime="2502.52">a</w>
   <w nite:id="EN2004a.D.words775" starttime="2502.52" endtime="2503.82">O_K_A_Y_</w>
   <w nite:id="EN2004a.D.words776" starttime="2503.82" endtime="2503.82" punc="true">?</w>
   <w nite:id="EN2004a.D.words777" starttime="2505.53" endtime="2505.69">A_</w>
   <w nite:id="EN2004a.D.words778" starttime="2505.69" endtime="2506.01">Y_</w>
   <w nite:id="EN2004a.D.words779" starttime="2506.01" endtime="2506.01" punc="true">,</w>
   <w nite:id="EN2004a.D.words780" starttime="2506.01" endtime="2506.55">alright</w>
   <w nite:id="EN2004a.D.words781" starttime="2506.55" endtime="2506.55" punc="true">,</w>
   <w nite:id="EN2004a.D.words782" starttime="2506.55" endtime="2511.73">oops</w>
   <w nite:id="EN2004a.D.words783" starttime="2511.73" endtime="2511.73" punc="true">.</w>
   <vocalsound nite:id="EN2004a.D.words784" starttime="2511.73" endtime="2511.924" type="laugh"/>
   <vocalsound nite:id="EN2004a.D.words785" starttime="2513.182" endtime="2513.182" type="laugh"/>
   <w nite:id="EN2004a.D.words786" starttime="2514.65" endtime="2514.91">Someone&#39;s</w>
   <w nite:id="EN2004a.D.words787" starttime="2514.91" endtime="2515.12">gonna</w>
   <w nite:id="EN2004a.D.words788" starttime="2515.12" endtime="2515.4">find</w>
   <w nite:id="EN2004a.D.words789" starttime="2515.4" endtime="2515.52">some</w>
   <w nite:id="EN2004a.D.words790" starttime="2515.52" endtime="2515.6">of</w>
   <w nite:id="EN2004a.D.words791" starttime="2515.6" endtime="2516.49">those</w>
   <w nite:id="EN2004a.D.words792" starttime="2516.49" endtime="2516.49" punc="true">.</w>
   <vocalsound nite:id="EN2004a.D.words793" starttime="2516.49" endtime="2516.626" type="laugh"/>
   <vocalsound nite:id="EN2004a.D.words794" starttime="2518.348" endtime="2518.348" type="laugh"/>
   <w nite:id="EN2004a.D.words795" starttime="2518.68" endtime="2519.11">Yeah</w>
   <w nite:id="EN2004a.D.words796" starttime="2519.11" endtime="2519.11" punc="true">.</w>
   <vocalsound nite:id="EN2004a.D.words797" starttime="2519.11" endtime="2519.313" type="laugh"/>
   <w nite:id="EN2004a.D.words798" starttime="2523.71" endtime="2524.0">Checking</w>
   <w nite:id="EN2004a.D.words799" starttime="2524.0" endtime="2524.27">their</w>
   <w nite:id="EN2004a.D.words800" starttime="2524.27" endtime="2524.96">own</w>
   <w nite:id="EN2004a.D.words801" starttime="2524.96" endtime="2525.05">work</w>
   <w nite:id="EN2004a.D.words802" starttime="2525.05" endtime="2525.05" punc="true">.</w>
   <w nite:id="EN2004a.D.words803" starttime="2526.04" endtime="2526.18">Right</w>
   <w nite:id="EN2004a.D.words804" starttime="2526.18" endtime="2526.18" punc="true">.</w>
   <w nite:id="EN2004a.D.words805" starttime="2530.76" endtime="2530.91">Have</w>
   <w nite:id="EN2004a.D.words806" starttime="2530.91" endtime="2531.04">to</w>
   <w nite:id="EN2004a.D.words807" starttime="2531.04" endtime="2531.36">remember</w>
   <w nite:id="EN2004a.D.words808" starttime="2531.36" endtime="2531.52">that</w>
   <w nite:id="EN2004a.D.words809" starttime="2531.52" endtime="2531.69">one</w>
   <w nite:id="EN2004a.D.words810" starttime="2531.69" endtime="2531.99">now</w>
   <w nite:id="EN2004a.D.words811" starttime="2531.99" endtime="2531.99" punc="true">.</w>
   <vocalsound nite:id="EN2004a.D.words812" starttime="2539.517" endtime="2540.263" type="laugh"/>
   <w nite:id="EN2004a.D.words813" starttime="2545.37" endtime="2545.45" trunc="true">D</w>
   <w nite:id="EN2004a.D.words814" starttime="2545.45" endtime="2547.0">Yeah</w>
   <w nite:id="EN2004a.D.words815" starttime="2547.0" endtime="2547.0" punc="true">.</w>
   <w nite:id="EN2004a.D.words816" starttime="2547.0" endtime="2547.58">Wrestling</w>
   <w nite:id="EN2004a.D.words817" starttime="2547.58" endtime="2547.66">to</w>
   <w nite:id="EN2004a.D.words818" starttime="2547.66" endtime="2547.78">the</w>
   <w nite:id="EN2004a.D.words819" starttime="2547.78" endtime="2548.42">white-board</w>
   <w nite:id="EN2004a.D.words820" starttime="2548.42" endtime="2548.42" punc="true">.</w>
   <vocalsound nite:id="EN2004a.D.words821" starttime="2571.83" endtime="2572.554" type="laugh"/>
   <w nite:id="EN2004a.D.words822" starttime="2573.31" endtime="2573.87">Wow</w>
   <w nite:id="EN2004a.D.words823" starttime="2573.87" endtime="2573.87" punc="true">.</w>
   <w nite:id="EN2004a.D.words824" starttime="2663.64" endtime="2664.03">Okay</w>
   <w nite:id="EN2004a.D.words825" starttime="2664.03" endtime="2664.03" punc="true">.</w>
   <vocalsound nite:id="EN2004a.D.words826" starttime="2718.982" endtime="2720.280" type="laugh"/>
   <vocalsound nite:id="EN2004a.D.words827" starttime="2773.792" endtime="2773.792" type="laugh"/>
   <w nite:id="EN2004a.D.words828" starttime="2774.89" endtime="2775.06" trunc="true">W</w>
   <vocalsound nite:id="EN2004a.D.words829" starttime="2779.079" endtime="2780.256" type="laugh"/>
   <vocalsound nite:id="EN2004a.D.words830" starttime="2784.448" endtime="2787.907" type="laugh"/>
   <vocalsound nite:id="EN2004a.D.words831" starttime="2792.796" endtime="2793.536" type="laugh"/>
   <w nite:id="EN2004a.D.words832" starttime="2814.18" endtime="2814.78">Okay</w>
   <w nite:id="EN2004a.D.words833" starttime="2814.78" endtime="2814.78" punc="true">.</w>
   <vocalsound nite:id="EN2004a.D.words834" starttime="2849.424" endtime="2850.465" type="laugh"/>
   <w nite:id="EN2004a.D.words835" starttime="2864.04" endtime="2864.33">Yeah</w>
   <w nite:id="EN2004a.D.words836" starttime="2864.33" endtime="2864.33" punc="true">,</w>
   <w nite:id="EN2004a.D.words837" starttime="2864.33" endtime="2864.52" trunc="true">b</w>
   <vocalsound nite:id="EN2004a.D.words838" starttime="2891.173" endtime="2891.173" type="other"/>
   <w nite:id="EN2004a.D.words839" starttime="2891.3" endtime="2892.53">Oh</w>
   <w nite:id="EN2004a.D.words840" starttime="2892.53" endtime="2892.53" punc="true">.</w>
   <w nite:id="EN2004a.D.words841" starttime="2892.53" endtime="2892.59">Is</w>
   <w nite:id="EN2004a.D.words842" starttime="2892.59" endtime="2892.72">that</w>
   <w nite:id="EN2004a.D.words843" starttime="2892.72" endtime="2893.06">zoom</w>
   <w nite:id="EN2004a.D.words844" starttime="2893.06" endtime="2893.34">in</w>
   <w nite:id="EN2004a.D.words845" starttime="2893.34" endtime="2893.34" punc="true">?</w>
   <w nite:id="EN2004a.D.words846" starttime="2897.04" endtime="2897.39">Wow</w>
   <w nite:id="EN2004a.D.words847" starttime="2897.39" endtime="2897.39" punc="true">.</w>
   <vocalsound nite:id="EN2004a.D.words848" starttime="2927.1" endtime="2928.1" type="laugh"/>
   <vocalsound nite:id="EN2004a.D.words849" starttime="2928.1" endtime="2929.1"  type="figurative ooh sound"/>
   <vocalsound nite:id="EN2004a.D.words850" starttime="2929.1" endtime="2930.624"  type="laugh"/>
   <vocalsound nite:id="EN2004a.D.words851" starttime="2930.624" endtime="2930.624" type="laugh"/>
   <vocalsound nite:id="EN2004a.D.words852" starttime="2938.048" endtime="2939.040" type="laugh"/>
   <vocalsound nite:id="EN2004a.D.words853" starttime="3037.538" endtime="3038.457" type="laugh"/>
   <vocalsound nite:id="EN2004a.D.words854" starttime="3040.991" endtime="3040.991" type="other"/>
   <vocalsound nite:id="EN2004a.D.words855" starttime="3040.991" endtime="3040.991" type="loud exhale"/>
   <w nite:id="EN2004a.D.words856" starttime="3042.71" endtime="3042.77">I</w>
   <w nite:id="EN2004a.D.words857" starttime="3042.77" endtime="3043.1">turned</w>
   <w nite:id="EN2004a.D.words858" starttime="3043.1" endtime="3043.17">the</w>
   <w nite:id="EN2004a.D.words859" starttime="3043.17" endtime="3044.35">page</w>
   <w nite:id="EN2004a.D.words860" starttime="3044.35" endtime="3044.35" punc="true">.</w>
   <vocalsound nite:id="EN2004a.D.words861" starttime="3044.35" endtime="3044.773" type="laugh"/>
   <w nite:id="EN2004a.D.words862" starttime="3047.25" endtime="3047.71">Okay</w>
   <w nite:id="EN2004a.D.words863" starttime="3055.19" endtime="3055.35">So</w>
   <w nite:id="EN2004a.D.words864" starttime="3055.35" endtime="3055.47">is</w>
   <w nite:id="EN2004a.D.words865" starttime="3055.47" endtime="3055.65">this</w>
   <w nite:id="EN2004a.D.words866" starttime="3055.65" endtime="3055.74">the</w>
   <w nite:id="EN2004a.D.words867" starttime="3055.74" endtime="3056.27">priority</w>
   <w nite:id="EN2004a.D.words868" starttime="3056.27" endtime="3056.62">then</w>
   <w nite:id="EN2004a.D.words869" starttime="3056.62" endtime="3056.62" punc="true">?</w>
   <w nite:id="EN2004a.D.words870" starttime="3064.26" endtime="3066.04" trunc="true">Transcri</w>
   <w nite:id="EN2004a.D.words871" starttime="3066.04" endtime="3066.42">yeah</w>
   <w nite:id="EN2004a.D.words872" starttime="3066.42" endtime="3066.42" punc="true">.</w>
   <w nite:id="EN2004a.D.words873" starttime="3093.64" endtime="3094.01">Mm-hmm</w>
   <w nite:id="EN2004a.D.words874" starttime="3094.01" endtime="3094.01" punc="true">.</w>
   <vocalsound nite:id="EN2004a.D.words875" starttime="3103.12" endtime="3103.12" type="laugh"/>
   <w nite:id="EN2004a.D.words876" starttime="3104.76" endtime="3104.97">Turn</w>
   <w nite:id="EN2004a.D.words877" starttime="3104.97" endtime="3105.06">the</w>
   <w nite:id="EN2004a.D.words878" starttime="3105.06" endtime="3105.84">page</w>
   <w nite:id="EN2004a.D.words879" starttime="3105.84" endtime="3105.84" punc="true">.</w>
   <vocalsound nite:id="EN2004a.D.words880" starttime="3105.84" endtime="3105.84" type="laugh"/>
   <w nite:id="EN2004a.D.words881" starttime="3105.84" endtime="3106.51">Did</w>
   <w nite:id="EN2004a.D.words882" starttime="3106.51" endtime="3106.58">you</w>
   <w nite:id="EN2004a.D.words883" starttime="3106.58" endtime="3106.73">get</w>
   <w nite:id="EN2004a.D.words884" starttime="3106.73" endtime="3106.81">the</w>
   <w nite:id="EN2004a.D.words885" starttime="3106.81" endtime="3107.11">little</w>
   <w nite:id="EN2004a.D.words886" starttime="3107.11" endtime="3107.31">buzz</w>
   <w nite:id="EN2004a.D.words887" starttime="3107.31" endtime="3109.27">buzz</w>
   <w nite:id="EN2004a.D.words888" starttime="3109.27" endtime="3109.27" punc="true">?</w>
   <vocalsound nite:id="EN2004a.D.words889" starttime="3109.27" endtime="3109.454" type="laugh"/>
   <w nite:id="EN2004a.D.words890" starttime="3132.2" endtime="3132.36">So</w>
   <w nite:id="EN2004a.D.words891" starttime="3132.36" endtime="3132.51">do</w>
   <w nite:id="EN2004a.D.words892" starttime="3132.51" endtime="3132.6">we</w>
   <w nite:id="EN2004a.D.words893" starttime="3132.6" endtime="3133.04">just</w>
   <w nite:id="EN2004a.D.words894" starttime="3133.04" endtime="3133.22">open</w>
   <w nite:id="EN2004a.D.words895" starttime="3133.22" endtime="3133.3">the</w>
   <w nite:id="EN2004a.D.words896" starttime="3133.3" endtime="3133.62">file</w>
   <w nite:id="EN2004a.D.words897" starttime="3133.62" endtime="3133.74">as</w>
   <w nite:id="EN2004a.D.words898" starttime="3133.74" endtime="3133.86">we</w>
   <w nite:id="EN2004a.D.words899" starttime="3133.86" endtime="3134.44">open</w>
   <w nite:id="EN2004a.D.words900" starttime="3134.44" endtime="3134.53">the</w>
   <w nite:id="EN2004a.D.words901" starttime="3134.53" endtime="3134.81">files</w>
   <w nite:id="EN2004a.D.words902" starttime="3134.81" endtime="3134.89">for</w>
   <w nite:id="EN2004a.D.words903" starttime="3134.89" endtime="3134.98">the</w>
   <w nite:id="EN2004a.D.words904" starttime="3134.98" endtime="3135.23">first</w>
   <w nite:id="EN2004a.D.words905" starttime="3135.23" endtime="3135.47">pass</w>
   <w nite:id="EN2004a.D.words906" starttime="3135.47" endtime="3135.47" punc="true">,</w>
   <w nite:id="EN2004a.D.words907" starttime="3135.47" endtime="3135.84">like</w>
   <w nite:id="EN2004a.D.words908" starttime="3135.84" endtime="3136.1">open</w>
   <w nite:id="EN2004a.D.words909" starttime="3136.1" endtime="3136.18">up</w>
   <w nite:id="EN2004a.D.words910" starttime="3136.18" endtime="3136.24">the</w>
   <w nite:id="EN2004a.D.words911" starttime="3136.24" endtime="3136.52">sound</w>
   <w nite:id="EN2004a.D.words912" starttime="3136.52" endtime="3136.74">file</w>
   <w nite:id="EN2004a.D.words913" starttime="3136.74" endtime="3136.9">and</w>
   <w nite:id="EN2004a.D.words914" starttime="3136.9" endtime="3137.96">then</w>
   <w nite:id="EN2004a.D.words915" starttime="3137.96" endtime="3138.11">it</w>
   <w nite:id="EN2004a.D.words916" starttime="3138.11" endtime="3138.5" trunc="true">sh</w>
   <w nite:id="EN2004a.D.words917" starttime="3145.3" endtime="3145.41">In</w>
   <w nite:id="EN2004a.D.words918" starttime="3145.41" endtime="3145.52">your</w>
   <w nite:id="EN2004a.D.words919" starttime="3145.52" endtime="3145.91">home</w>
   <w nite:id="EN2004a.D.words920" starttime="3145.91" endtime="3146.41">directory</w>
   <w nite:id="EN2004a.D.words921" starttime="3146.41" endtime="3146.41" punc="true">.</w>
   <vocalsound nite:id="EN2004a.D.words922" starttime="3150.672" endtime="3150.672" type="other"/>
   <w nite:id="EN2004a.D.words923" starttime="3150.75" endtime="3151.22">Okay</w>
   <w nite:id="EN2004a.D.words924" starttime="3151.22" endtime="3151.22" punc="true">.</w>
   <w nite:id="EN2004a.D.words925" starttime="3152.23" endtime="3152.58">Yep</w>
   <w nite:id="EN2004a.D.words926" starttime="3152.58" endtime="3152.58" punc="true">.</w>
   <vocalsound nite:id="EN2004a.D.words927" starttime="3175.704" endtime="3175.704" type="other"/>
   <w nite:id="EN2004a.D.words928" starttime="3176.0" endtime="3176.62">Okay</w>
   <w nite:id="EN2004a.D.words929" starttime="3176.62" endtime="3176.62" punc="true">.</w>
   <w nite:id="EN2004a.D.words930" starttime="3184.79" endtime="3184.92">Then</w>
   <w nite:id="EN2004a.D.words931" starttime="3184.92" endtime="3185.03">you&#39;ll</w>
   <w nite:id="EN2004a.D.words932" starttime="3185.03" endtime="3185.31">lose</w>
   <w nite:id="EN2004a.D.words933" starttime="3185.31" endtime="3185.44">it</w>
   <w nite:id="EN2004a.D.words934" starttime="3185.44" endtime="3185.44" punc="true">,</w>
   <w nite:id="EN2004a.D.words935" starttime="3185.44" endtime="3186.08">yeah</w>
   <w nite:id="EN2004a.D.words936" starttime="3186.08" endtime="3186.08" punc="true">.</w>
   <w nite:id="EN2004a.D.words937" starttime="3203.24" endtime="3203.59">Okay</w>
   <w nite:id="EN2004a.D.words938" starttime="3203.59" endtime="3203.59" punc="true">.</w>
   <vocalsound nite:id="EN2004a.D.words939" starttime="3211.296" endtime="3213.152" type="laugh"/>
   <vocalsound nite:id="EN2004a.D.words940" starttime="3226.008" endtime="3226.84" type="laugh"/>
   <w nite:id="EN2004a.D.words941" starttime="3228.98" endtime="3229.06" trunc="true">Sh</w>
   <w nite:id="EN2004a.D.words942" starttime="3229.06" endtime="3229.75">Yeah</w>
   <w nite:id="EN2004a.D.words943" starttime="3229.75" endtime="3229.75" punc="true">,</w>
   <w nite:id="EN2004a.D.words944" starttime="3229.75" endtime="3230.01">someone</w>
   <w nite:id="EN2004a.D.words945" starttime="3230.01" endtime="3230.19">said</w>
   <w nite:id="EN2004a.D.words946" starttime="3230.19" endtime="3230.41">three</w>
   <w nite:id="EN2004a.D.words947" starttime="3230.41" endtime="3232.07">months</w>
   <w nite:id="EN2004a.D.words948" starttime="3232.07" endtime="3232.07" punc="true">.</w>
   <w nite:id="EN2004a.D.words949" starttime="3232.07" endtime="3232.46">Yeah</w>
   <w nite:id="EN2004a.D.words950" starttime="3232.46" endtime="3232.46" punc="true">.</w>
   <w nite:id="EN2004a.D.words951" starttime="3242.83" endtime="3243.43">Oh</w>
   <w nite:id="EN2004a.D.words952" starttime="3243.43" endtime="3243.43" punc="true">,</w>
   <w nite:id="EN2004a.D.words953" starttime="3243.43" endtime="3244.12">okay</w>
   <w nite:id="EN2004a.D.words954" starttime="3244.12" endtime="3244.12" punc="true">.</w>
   <w nite:id="EN2004a.D.words955" starttime="3250.81" endtime="3251.25">Mm</w>
   <w nite:id="EN2004a.D.words956" starttime="3251.25" endtime="3251.25" punc="true">.</w>
   <w nite:id="EN2004a.D.words957" starttime="3260.42" endtime="3260.96">Okay</w>
   <w nite:id="EN2004a.D.words958" starttime="3260.96" endtime="3260.96" punc="true">.</w>
   <w nite:id="EN2004a.D.words959" starttime="3260.96" endtime="3261.22">Once</w>
   <w nite:id="EN2004a.D.words960" starttime="3261.22" endtime="3261.3">we</w>
   <w nite:id="EN2004a.D.words961" starttime="3261.3" endtime="3261.52">actually</w>
   <w nite:id="EN2004a.D.words962" starttime="3261.52" endtime="3261.66">get</w>
   <w nite:id="EN2004a.D.words963" starttime="3261.66" endtime="3261.91">into</w>
   <w nite:id="EN2004a.D.words964" starttime="3261.91" endtime="3262.33">the</w>
   <w nite:id="EN2004a.D.words965" starttime="3262.33" endtime="3262.79">like</w>
   <w nite:id="EN2004a.D.words966" starttime="3262.79" endtime="3263.11">um</w>
   <w nite:id="EN2004a.D.words967" starttime="3263.11" endtime="3263.37">Easter</w>
   <w nite:id="EN2004a.D.words968" starttime="3263.37" endtime="3263.76">holidays</w>
   <w nite:id="EN2004a.D.words969" starttime="3263.76" endtime="3263.76" punc="true">,</w>
   <w nite:id="EN2004a.D.words970" starttime="3263.76" endtime="3264.21">&#39;cause</w>
   <w nite:id="EN2004a.D.words971" starttime="3264.21" endtime="3264.35">we&#39;re</w>
   <w nite:id="EN2004a.D.words972" starttime="3264.35" endtime="3264.52">at</w>
   <disfmarker nite:id="EN2004a.D.words973" starttime="3264.52" endtime="3264.52"/>
   <w nite:id="EN2004a.D.words974" starttime="3264.52" endtime="3264.81">having</w>
   <w nite:id="EN2004a.D.words975" starttime="3264.81" endtime="3265.22">lectures</w>
   <w nite:id="EN2004a.D.words976" starttime="3265.22" endtime="3265.32">at</w>
   <w nite:id="EN2004a.D.words977" starttime="3265.32" endtime="3265.38">the</w>
   <w nite:id="EN2004a.D.words978" starttime="3265.38" endtime="3266.19">moment</w>
   <w nite:id="EN2004a.D.words979" starttime="3266.19" endtime="3266.19" punc="true">,</w>
   <w nite:id="EN2004a.D.words980" starttime="3266.19" endtime="3266.33">can</w>
   <w nite:id="EN2004a.D.words981" starttime="3266.33" endtime="3266.43">we</w>
   <w nite:id="EN2004a.D.words982" starttime="3266.43" endtime="3266.54">be</w>
   <w nite:id="EN2004a.D.words983" starttime="3266.54" endtime="3266.68">more</w>
   <w nite:id="EN2004a.D.words984" starttime="3266.68" endtime="3267.03">flexible</w>
   <w nite:id="EN2004a.D.words985" starttime="3267.03" endtime="3267.17">with</w>
   <w nite:id="EN2004a.D.words986" starttime="3267.17" endtime="3267.34">our</w>
   <w nite:id="EN2004a.D.words987" starttime="3267.34" endtime="3267.74">hours</w>
   <w nite:id="EN2004a.D.words988" starttime="3267.74" endtime="3267.88">if</w>
   <w nite:id="EN2004a.D.words989" starttime="3267.88" endtime="3267.95">we</w>
   <w nite:id="EN2004a.D.words990" starttime="3267.95" endtime="3268.18">wanna</w>
   <w nite:id="EN2004a.D.words991" starttime="3268.18" endtime="3268.36">sort</w>
   <w nite:id="EN2004a.D.words992" starttime="3268.36" endtime="3269.48">of</w>
   <disfmarker nite:id="EN2004a.D.words993" starttime="3269.48" endtime="3269.48"/>
   <w nite:id="EN2004a.D.words994" starttime="3269.48" endtime="3269.54">I</w>
   <w nite:id="EN2004a.D.words995" starttime="3269.54" endtime="3269.69">mean</w>
   <w nite:id="EN2004a.D.words996" starttime="3269.69" endtime="3270.05">depending</w>
   <w nite:id="EN2004a.D.words997" starttime="3270.05" endtime="3270.15">on</w>
   <w nite:id="EN2004a.D.words998" starttime="3270.15" endtime="3270.4">who&#39;s</w>
   <w nite:id="EN2004a.D.words999" starttime="3270.4" endtime="3270.68">using</w>
   <w nite:id="EN2004a.D.words1000" starttime="3270.68" endtime="3270.75">the</w>
   <w nite:id="EN2004a.D.words1001" starttime="3270.75" endtime="3271.53">computers</w>
   <w nite:id="EN2004a.D.words1002" starttime="3271.53" endtime="3271.53" punc="true">.</w>
   <w nite:id="EN2004a.D.words1003" starttime="3276.23" endtime="3276.83">Yeah</w>
   <w nite:id="EN2004a.D.words1004" starttime="3276.83" endtime="3276.83" punc="true">.</w>
   <w nite:id="EN2004a.D.words1005" starttime="3278.0" endtime="3278.48">Okay</w>
   <w nite:id="EN2004a.D.words1006" starttime="3278.48" endtime="3278.48" punc="true">.</w>
   <w nite:id="EN2004a.D.words1007" starttime="3283.62" endtime="3284.3">Yeah</w>
   <w nite:id="EN2004a.D.words1008" starttime="3284.3" endtime="3284.3" punc="true">,</w>
   <w nite:id="EN2004a.D.words1009" starttime="3284.3" endtime="3284.71">sure</w>
   <w nite:id="EN2004a.D.words1010" starttime="3284.71" endtime="3284.71" punc="true">.</w>
   <vocalsound nite:id="EN2004a.D.words1011" starttime="3286.157" endtime="3286.157" type="other"/>
   <w nite:id="EN2004a.D.words1012" starttime="3286.35" endtime="3287.1">Yes</w>
   <w nite:id="EN2004a.D.words1013" starttime="3287.1" endtime="3287.1" punc="true">.</w>
   <w nite:id="EN2004a.D.words1014" starttime="3287.1" endtime="3287.22">Yep</w>
   <w nite:id="EN2004a.D.words1015" starttime="3287.22" endtime="3287.22" punc="true">.</w>
   <w nite:id="EN2004a.D.words1016" starttime="3290.72" endtime="3291.06">If</w>
   <w nite:id="EN2004a.D.words1017" starttime="3291.06" endtime="3291.23">want</w>
   <disfmarker nite:id="EN2004a.D.words1018" starttime="3291.23" endtime="3291.289"/>
   <w nite:id="EN2004a.D.words1019" starttime="3296.17" endtime="3296.65">Okay</w>
   <w nite:id="EN2004a.D.words1020" starttime="3296.65" endtime="3296.65" punc="true">.</w>
   <w nite:id="EN2004a.D.words1021" starttime="3298.49" endtime="3298.66">Know</w>
   <w nite:id="EN2004a.D.words1022" starttime="3298.66" endtime="3298.76">what</w>
   <w nite:id="EN2004a.D.words1023" starttime="3298.76" endtime="3298.85">you&#39;re</w>
   <w nite:id="EN2004a.D.words1024" starttime="3298.85" endtime="3299.27">doing</w>
   <w nite:id="EN2004a.D.words1025" starttime="3299.27" endtime="3299.27" punc="true">.</w>
   <vocalsound nite:id="EN2004a.D.words1026" starttime="3301.165" endtime="3303.893" type="laugh"/>
   <vocalsound nite:id="EN2004a.D.words1027" starttime="3310.144" endtime="3310.144" type="laugh"/>
   <w nite:id="EN2004a.D.words1028" starttime="3311.13" endtime="3312.08">Phew</w>
   <w nite:id="EN2004a.D.words1029" starttime="3312.08" endtime="3312.08" punc="true">.</w>
   <vocalsound nite:id="EN2004a.D.words1030" starttime="3312.08" endtime="3312.975" type="laugh"/>
   <vocalsound nite:id="EN2004a.D.words1031" starttime="3318.233" endtime="3318.233" type="other"/>
   <w nite:id="EN2004a.D.words1032" starttime="3318.6" endtime="3319.26">Oh</w>
   <w nite:id="EN2004a.D.words1033" starttime="3319.26" endtime="3319.26" punc="true">.</w>
   <w nite:id="EN2004a.D.words1034" starttime="3321.97" endtime="3322.45">Yeah</w>
   <w nite:id="EN2004a.D.words1035" starttime="3322.45" endtime="3322.45" punc="true">.</w>
   <vocalsound nite:id="EN2004a.D.words1036" starttime="3342.592" endtime="3345.185" type="laugh"/>
   <gap nite:id="EN2004a.D.words1037" starttime="3353.235" endtime="3354.067"/>
   <w nite:id="EN2004a.D.words1038" starttime="3354.067" endtime="3354.067" punc="true">.</w>
   <w nite:id="EN2004a.D.words1039" starttime="3363.34" endtime="3363.84">Yeah</w>
   <w nite:id="EN2004a.D.words1040" starttime="3363.84" endtime="3363.84" punc="true">.</w>
   <w nite:id="EN2004a.D.words1041" starttime="3375.48" endtime="3375.97">Yeah</w>
   <w nite:id="EN2004a.D.words1042" starttime="3375.97" endtime="3375.97" punc="true">.</w>
   <w nite:id="EN2004a.D.words1043" starttime="3387.08" endtime="3387.43">Oh</w>
   <w nite:id="EN2004a.D.words1044" starttime="3387.43" endtime="3387.43" punc="true">.</w>
   <vocalsound nite:id="EN2004a.D.words1045" starttime="3401.782" endtime="3402.563" type="laugh"/>
   <w nite:id="EN2004a.D.words1046" starttime="3408.76" endtime="3409.24">Wow</w>
   <w nite:id="EN2004a.D.words1047" starttime="3409.24" endtime="3409.24" punc="true">.</w>
   <vocalsound nite:id="EN2004a.D.words1048" starttime="3411.059" endtime="3412.073" type="laugh"/>
   <vocalsound nite:id="EN2004a.D.words1049" starttime="3414.079" endtime="3414.927" type="laugh"/>
   <vocalsound nite:id="EN2004a.D.words1050" starttime="3420.320" endtime="3421.071" type="laugh"/>
   <vocalsound nite:id="EN2004a.D.words1051" starttime="3434.429" endtime="3435.651" type="laugh"/>
   <w nite:id="EN2004a.D.words1052" starttime="3436.78" endtime="3437.13">Okay</w>
   <w nite:id="EN2004a.D.words1053" starttime="3437.13" endtime="3437.13" punc="true">.</w>
   <w nite:id="EN2004a.D.words1054" starttime="3442.88" endtime="3443.06">Oh</w>
   <w nite:id="EN2004a.D.words1055" starttime="3443.06" endtime="3443.84">yeah</w>
   <w nite:id="EN2004a.D.words1056" starttime="3443.84" endtime="3443.84" punc="true">.</w>
   <w nite:id="EN2004a.D.words1057" starttime="3443.84" endtime="3444.44">Absolutely</w>
   <w nite:id="EN2004a.D.words1058" starttime="3444.44" endtime="3444.44" punc="true">.</w>
</nite:root>
