<?xml version="1.0" encoding="ISO-8859-1" standalone="yes"?>
<nite:root nite:id="ES2011b.B.words" xmlns:nite="http://nite.sourceforge.net/">
   <w nite:id="ES2011b.B.words0" starttime="95.3" endtime="95.59">Just</w>
   <w nite:id="ES2011b.B.words1" starttime="95.59" endtime="95.82">uh</w>
   <disfmarker nite:id="ES2011b.B.words2" starttime="95.82" endtime="95.888"/>
   <w nite:id="ES2011b.B.words3" starttime="124.99" endtime="125.07">You</w>
   <w nite:id="ES2011b.B.words4" starttime="125.07" endtime="125.21">may</w>
   <w nite:id="ES2011b.B.words5" starttime="125.21" endtime="125.48">need</w>
   <w nite:id="ES2011b.B.words6" starttime="125.48" endtime="125.84">to</w>
   <disfmarker nite:id="ES2011b.B.words7" starttime="125.84" endtime="125.888"/>
   <w nite:id="ES2011b.B.words8" starttime="135.74" endtime="135.83">But</w>
   <w nite:id="ES2011b.B.words9" starttime="135.83" endtime="136.19">sometimes</w>
   <w nite:id="ES2011b.B.words10" starttime="136.19" endtime="136.29">you</w>
   <w nite:id="ES2011b.B.words11" starttime="136.29" endtime="136.41">have</w>
   <w nite:id="ES2011b.B.words12" starttime="136.41" endtime="136.51">to</w>
   <w nite:id="ES2011b.B.words13" starttime="136.51" endtime="136.71">do</w>
   <w nite:id="ES2011b.B.words14" starttime="136.71" endtime="136.78">it</w>
   <disfmarker nite:id="ES2011b.B.words15" starttime="136.78" endtime="136.78"/>
   <w nite:id="ES2011b.B.words16" starttime="136.78" endtime="136.92">it&#39;s</w>
   <w nite:id="ES2011b.B.words17" starttime="136.92" endtime="137.04">like</w>
   <w nite:id="ES2011b.B.words18" starttime="137.04" endtime="137.11">a</w>
   <w nite:id="ES2011b.B.words19" starttime="137.11" endtime="137.61">three</w>
   <w nite:id="ES2011b.B.words20" starttime="137.61" endtime="138.18" trunc="true">set</w>
   <w nite:id="ES2011b.B.words21" starttime="138.18" endtime="138.53">setting</w>
   <w nite:id="ES2011b.B.words22" starttime="138.53" endtime="139.48">cycle</w>
   <w nite:id="ES2011b.B.words23" starttime="139.48" endtime="139.48" punc="true">,</w>
   <w nite:id="ES2011b.B.words24" starttime="139.48" endtime="139.63">so</w>
   <w nite:id="ES2011b.B.words25" starttime="139.63" endtime="139.88">press</w>
   <w nite:id="ES2011b.B.words26" starttime="139.88" endtime="139.95">it</w>
   <w nite:id="ES2011b.B.words27" starttime="139.95" endtime="139.99">a</w>
   <w nite:id="ES2011b.B.words28" starttime="139.99" endtime="140.25">couple</w>
   <w nite:id="ES2011b.B.words29" starttime="140.25" endtime="141.25">times</w>
   <w nite:id="ES2011b.B.words30" starttime="141.25" endtime="141.25" punc="true">,</w>
   <w nite:id="ES2011b.B.words31" starttime="141.25" endtime="141.39">hold</w>
   <w nite:id="ES2011b.B.words32" starttime="141.39" endtime="141.59">down</w>
   <w nite:id="ES2011b.B.words33" starttime="141.59" endtime="141.94">function</w>
   <w nite:id="ES2011b.B.words34" starttime="141.94" endtime="142.07">and</w>
   <w nite:id="ES2011b.B.words35" starttime="142.07" endtime="142.19">then</w>
   <w nite:id="ES2011b.B.words36" starttime="142.19" endtime="142.44">press</w>
   <w nite:id="ES2011b.B.words37" starttime="142.44" endtime="142.6">F_</w>
   <w nite:id="ES2011b.B.words38" starttime="142.6" endtime="142.77">eight</w>
   <w nite:id="ES2011b.B.words39" starttime="142.77" endtime="142.77" punc="true">.</w>
   <w nite:id="ES2011b.B.words40" starttime="160.55" endtime="161.12">Adjusting</w>
   <w nite:id="ES2011b.B.words41" starttime="161.12" endtime="161.12" punc="true">.</w>
   <w nite:id="ES2011b.B.words42" starttime="165.76" endtime="165.97">The</w>
   <w nite:id="ES2011b.B.words43" starttime="165.97" endtime="166.32">cable</w>
   <w nite:id="ES2011b.B.words44" starttime="166.32" endtime="166.52">might</w>
   <w nite:id="ES2011b.B.words45" starttime="166.52" endtime="166.62">be</w>
   <w nite:id="ES2011b.B.words46" starttime="166.62" endtime="166.69">a</w>
   <w nite:id="ES2011b.B.words47" starttime="166.69" endtime="166.91">little</w>
   <w nite:id="ES2011b.B.words48" starttime="166.91" endtime="167.21">loose</w>
   <w nite:id="ES2011b.B.words49" starttime="167.21" endtime="167.28">or</w>
   <w nite:id="ES2011b.B.words50" starttime="167.28" endtime="167.99">something</w>
   <w nite:id="ES2011b.B.words51" starttime="167.99" endtime="167.99" punc="true">.</w>
   <w nite:id="ES2011b.B.words52" starttime="167.99" endtime="168.22">Oh</w>
   <w nite:id="ES2011b.B.words53" starttime="168.22" endtime="168.22" punc="true">,</w>
   <w nite:id="ES2011b.B.words54" starttime="168.22" endtime="168.3">you</w>
   <w nite:id="ES2011b.B.words55" starttime="168.3" endtime="168.46">got</w>
   <w nite:id="ES2011b.B.words56" starttime="168.46" endtime="168.56">it</w>
   <w nite:id="ES2011b.B.words57" starttime="168.56" endtime="168.56" punc="true">.</w>
   <w nite:id="ES2011b.B.words58" starttime="593.58" endtime="593.64">How</w>
   <w nite:id="ES2011b.B.words59" starttime="593.64" endtime="593.74">do</w>
   <w nite:id="ES2011b.B.words60" starttime="593.74" endtime="593.79">I</w>
   <w nite:id="ES2011b.B.words61" starttime="593.79" endtime="595.47">um</w>
   <disfmarker nite:id="ES2011b.B.words62" starttime="595.47" endtime="595.533"/>
   <w nite:id="ES2011b.B.words63" starttime="611.4" endtime="611.67">Right</w>
   <w nite:id="ES2011b.B.words64" starttime="611.67" endtime="611.67" punc="true">.</w>
   <w nite:id="ES2011b.B.words65" starttime="614.36" endtime="614.58">Okay</w>
   <w nite:id="ES2011b.B.words66" starttime="614.58" endtime="614.77">so</w>
   <w nite:id="ES2011b.B.words67" starttime="614.77" endtime="614.98">this</w>
   <w nite:id="ES2011b.B.words68" starttime="614.98" endtime="615.1">is</w>
   <w nite:id="ES2011b.B.words69" starttime="615.1" endtime="615.21">on</w>
   <w nite:id="ES2011b.B.words70" starttime="615.21" endtime="615.34">the</w>
   <w nite:id="ES2011b.B.words71" starttime="615.34" endtime="615.67">working</w>
   <w nite:id="ES2011b.B.words72" starttime="615.67" endtime="616.12">design</w>
   <w nite:id="ES2011b.B.words73" starttime="616.12" endtime="616.12" punc="true">,</w>
   <w nite:id="ES2011b.B.words74" starttime="616.12" endtime="616.25">which</w>
   <w nite:id="ES2011b.B.words75" starttime="616.25" endtime="616.34">is</w>
   <w nite:id="ES2011b.B.words76" starttime="616.34" endtime="616.5">sort</w>
   <w nite:id="ES2011b.B.words77" starttime="616.5" endtime="616.61">of</w>
   <w nite:id="ES2011b.B.words78" starttime="616.61" endtime="617.67">the</w>
   <w nite:id="ES2011b.B.words79" starttime="617.67" endtime="618.17">uh</w>
   <w nite:id="ES2011b.B.words80" starttime="618.17" endtime="618.76">mechanical</w>
   <w nite:id="ES2011b.B.words81" starttime="618.76" endtime="619.37">functions</w>
   <w nite:id="ES2011b.B.words82" starttime="619.37" endtime="619.5">of</w>
   <w nite:id="ES2011b.B.words83" starttime="619.5" endtime="619.58">the</w>
   <w nite:id="ES2011b.B.words84" starttime="619.58" endtime="621.09">remote</w>
   <w nite:id="ES2011b.B.words85" starttime="621.09" endtime="621.09" punc="true">,</w>
   <w nite:id="ES2011b.B.words86" starttime="621.09" endtime="621.33">um</w>
   <w nite:id="ES2011b.B.words87" starttime="621.33" endtime="621.42">and</w>
   <w nite:id="ES2011b.B.words88" starttime="621.42" endtime="621.48">the</w>
   <w nite:id="ES2011b.B.words89" starttime="621.48" endtime="621.81">method</w>
   <w nite:id="ES2011b.B.words90" starttime="621.81" endtime="621.88">I</w>
   <w nite:id="ES2011b.B.words91" starttime="621.88" endtime="622.28">used</w>
   <w nite:id="ES2011b.B.words92" starttime="622.28" endtime="622.62">was</w>
   <w nite:id="ES2011b.B.words93" starttime="622.62" endtime="623.89">to</w>
   <w nite:id="ES2011b.B.words94" starttime="623.89" endtime="624.33">basically</w>
   <w nite:id="ES2011b.B.words95" starttime="624.33" endtime="624.49">look</w>
   <w nite:id="ES2011b.B.words96" starttime="624.49" endtime="624.62">at</w>
   <w nite:id="ES2011b.B.words97" starttime="624.62" endtime="625.06">existing</w>
   <w nite:id="ES2011b.B.words98" starttime="625.06" endtime="625.39">designs</w>
   <w nite:id="ES2011b.B.words99" starttime="625.39" endtime="625.48">and</w>
   <w nite:id="ES2011b.B.words100" starttime="625.48" endtime="625.85">incorporate</w>
   <w nite:id="ES2011b.B.words101" starttime="625.85" endtime="626.16">ideas</w>
   <w nite:id="ES2011b.B.words102" starttime="626.16" endtime="626.32">from</w>
   <w nite:id="ES2011b.B.words103" starttime="626.32" endtime="626.42">our</w>
   <w nite:id="ES2011b.B.words104" starttime="626.42" endtime="626.72">last</w>
   <w nite:id="ES2011b.B.words105" starttime="626.72" endtime="627.04">meeting</w>
   <w nite:id="ES2011b.B.words106" starttime="627.04" endtime="627.04" punc="true">.</w>
   <w nite:id="ES2011b.B.words107" starttime="628.1" endtime="628.57">Um</w>
   <w nite:id="ES2011b.B.words108" starttime="628.57" endtime="629.03">so</w>
   <w nite:id="ES2011b.B.words109" starttime="629.03" endtime="629.17">I</w>
   <w nite:id="ES2011b.B.words110" starttime="629.17" endtime="629.35">think</w>
   <w nite:id="ES2011b.B.words111" starttime="629.35" endtime="629.44">we</w>
   <w nite:id="ES2011b.B.words112" starttime="629.44" endtime="629.62">need</w>
   <w nite:id="ES2011b.B.words113" starttime="629.62" endtime="629.87">two</w>
   <w nite:id="ES2011b.B.words114" starttime="629.87" endtime="630.27">basic</w>
   <w nite:id="ES2011b.B.words115" starttime="630.27" endtime="630.97">functions</w>
   <w nite:id="ES2011b.B.words116" starttime="630.97" endtime="631.71">which</w>
   <w nite:id="ES2011b.B.words117" starttime="631.71" endtime="632.0">is</w>
   <w nite:id="ES2011b.B.words118" starttime="632.0" endtime="632.21">just</w>
   <w nite:id="ES2011b.B.words119" starttime="632.21" endtime="632.29">the</w>
   <w nite:id="ES2011b.B.words120" starttime="632.29" endtime="632.57">basic</w>
   <w nite:id="ES2011b.B.words121" starttime="632.57" endtime="632.83">remote</w>
   <w nite:id="ES2011b.B.words122" starttime="632.83" endtime="633.93">functions</w>
   <w nite:id="ES2011b.B.words123" starttime="633.93" endtime="633.93" punc="true">,</w>
   <w nite:id="ES2011b.B.words124" starttime="633.93" endtime="634.0">the</w>
   <w nite:id="ES2011b.B.words125" starttime="634.0" endtime="634.25">user</w>
   <w nite:id="ES2011b.B.words126" starttime="634.25" endtime="634.39">can</w>
   <w nite:id="ES2011b.B.words127" starttime="634.39" endtime="635.15">input</w>
   <w nite:id="ES2011b.B.words128" starttime="635.15" endtime="635.23">a</w>
   <w nite:id="ES2011b.B.words129" starttime="635.23" endtime="635.77">channel</w>
   <w nite:id="ES2011b.B.words130" starttime="635.77" endtime="635.93">or</w>
   <w nite:id="ES2011b.B.words131" starttime="635.93" endtime="636.3">volume</w>
   <w nite:id="ES2011b.B.words132" starttime="636.3" endtime="636.66">setting</w>
   <w nite:id="ES2011b.B.words133" starttime="636.66" endtime="636.77">and</w>
   <w nite:id="ES2011b.B.words134" starttime="636.77" endtime="636.85">it</w>
   <w nite:id="ES2011b.B.words135" starttime="636.85" endtime="636.94">will</w>
   <w nite:id="ES2011b.B.words136" starttime="636.94" endtime="637.05">be</w>
   <w nite:id="ES2011b.B.words137" starttime="637.05" endtime="637.34">output</w>
   <w nite:id="ES2011b.B.words138" starttime="637.34" endtime="637.43">to</w>
   <w nite:id="ES2011b.B.words139" starttime="637.43" endtime="637.5">the</w>
   <w nite:id="ES2011b.B.words140" starttime="637.5" endtime="638.81">T_V_</w>
   <w nite:id="ES2011b.B.words141" starttime="638.81" endtime="638.81" punc="true">.</w>
   <w nite:id="ES2011b.B.words142" starttime="638.81" endtime="639.05">And</w>
   <w nite:id="ES2011b.B.words143" starttime="639.05" endtime="639.3">also</w>
   <w nite:id="ES2011b.B.words144" starttime="639.3" endtime="639.4">we</w>
   <w nite:id="ES2011b.B.words145" starttime="639.4" endtime="639.65">talked</w>
   <w nite:id="ES2011b.B.words146" starttime="639.65" endtime="640.07">about</w>
   <w nite:id="ES2011b.B.words147" starttime="640.07" endtime="640.36">um</w>
   <w nite:id="ES2011b.B.words148" starttime="640.36" endtime="640.44">a</w>
   <w nite:id="ES2011b.B.words149" starttime="640.44" endtime="640.98">location</w>
   <w nite:id="ES2011b.B.words150" starttime="640.98" endtime="641.44">function</w>
   <w nite:id="ES2011b.B.words151" starttime="641.44" endtime="642.27">where</w>
   <w nite:id="ES2011b.B.words152" starttime="642.27" endtime="642.44">maybe</w>
   <w nite:id="ES2011b.B.words153" starttime="642.44" endtime="642.51">you</w>
   <w nite:id="ES2011b.B.words154" starttime="642.51" endtime="642.63">could</w>
   <w nite:id="ES2011b.B.words155" starttime="642.63" endtime="642.85">press</w>
   <w nite:id="ES2011b.B.words156" starttime="642.85" endtime="642.91">a</w>
   <w nite:id="ES2011b.B.words157" starttime="642.91" endtime="643.16">button</w>
   <w nite:id="ES2011b.B.words158" starttime="643.16" endtime="643.26">on</w>
   <w nite:id="ES2011b.B.words159" starttime="643.26" endtime="643.35">the</w>
   <w nite:id="ES2011b.B.words160" starttime="643.35" endtime="643.91">T_V_</w>
   <w nite:id="ES2011b.B.words161" starttime="643.91" endtime="644.03">and</w>
   <w nite:id="ES2011b.B.words162" starttime="644.03" endtime="644.09">it</w>
   <w nite:id="ES2011b.B.words163" starttime="644.09" endtime="644.21">would</w>
   <w nite:id="ES2011b.B.words164" starttime="644.21" endtime="644.42">send</w>
   <w nite:id="ES2011b.B.words165" starttime="644.42" endtime="644.58">sort</w>
   <w nite:id="ES2011b.B.words166" starttime="644.58" endtime="644.65">of</w>
   <w nite:id="ES2011b.B.words167" starttime="644.65" endtime="645.41">signal</w>
   <w nite:id="ES2011b.B.words168" starttime="645.41" endtime="645.53">to</w>
   <w nite:id="ES2011b.B.words169" starttime="645.53" endtime="645.62">the</w>
   <w nite:id="ES2011b.B.words170" starttime="645.62" endtime="646.85">remote</w>
   <w nite:id="ES2011b.B.words171" starttime="646.85" endtime="646.94">where</w>
   <w nite:id="ES2011b.B.words172" starttime="646.94" endtime="647.0">it</w>
   <w nite:id="ES2011b.B.words173" starttime="647.0" endtime="647.13">would</w>
   <w nite:id="ES2011b.B.words174" starttime="647.13" endtime="647.38">beep</w>
   <w nite:id="ES2011b.B.words175" starttime="647.38" endtime="647.45">or</w>
   <w nite:id="ES2011b.B.words176" starttime="647.45" endtime="647.88">flash</w>
   <w nite:id="ES2011b.B.words177" starttime="647.88" endtime="647.96">or</w>
   <w nite:id="ES2011b.B.words178" starttime="647.96" endtime="648.45">vibrate</w>
   <w nite:id="ES2011b.B.words179" starttime="648.45" endtime="648.54">or</w>
   <w nite:id="ES2011b.B.words180" starttime="648.54" endtime="648.93">whatever</w>
   <w nite:id="ES2011b.B.words181" starttime="648.93" endtime="649.03">to</w>
   <w nite:id="ES2011b.B.words182" starttime="649.03" endtime="649.19">tell</w>
   <w nite:id="ES2011b.B.words183" starttime="649.19" endtime="649.26">you</w>
   <w nite:id="ES2011b.B.words184" starttime="649.26" endtime="649.39">where</w>
   <w nite:id="ES2011b.B.words185" starttime="649.39" endtime="649.46">the</w>
   <w nite:id="ES2011b.B.words186" starttime="649.46" endtime="649.76">remote</w>
   <w nite:id="ES2011b.B.words187" starttime="649.76" endtime="650.24">is</w>
   <w nite:id="ES2011b.B.words188" starttime="650.24" endtime="650.24" punc="true">.</w>
   <w nite:id="ES2011b.B.words189" starttime="652.0" endtime="652.23">So</w>
   <w nite:id="ES2011b.B.words190" starttime="652.23" endtime="652.32">the</w>
   <w nite:id="ES2011b.B.words191" starttime="652.32" endtime="652.77">components</w>
   <w nite:id="ES2011b.B.words192" starttime="652.77" endtime="652.87">we</w>
   <w nite:id="ES2011b.B.words193" starttime="652.87" endtime="653.09">need</w>
   <w nite:id="ES2011b.B.words194" starttime="653.09" endtime="653.17">are</w>
   <w nite:id="ES2011b.B.words195" starttime="653.17" endtime="653.24">an</w>
   <w nite:id="ES2011b.B.words196" starttime="653.24" endtime="653.59">energy</w>
   <w nite:id="ES2011b.B.words197" starttime="653.59" endtime="653.89">source</w>
   <w nite:id="ES2011b.B.words198" starttime="653.89" endtime="653.98">to</w>
   <w nite:id="ES2011b.B.words199" starttime="653.98" endtime="654.55">power</w>
   <w nite:id="ES2011b.B.words200" starttime="654.55" endtime="654.63">the</w>
   <w nite:id="ES2011b.B.words201" starttime="654.63" endtime="655.33">remote</w>
   <w nite:id="ES2011b.B.words202" starttime="655.33" endtime="655.33" punc="true">,</w>
   <w nite:id="ES2011b.B.words203" starttime="655.33" endtime="656.3">um</w>
   <w nite:id="ES2011b.B.words204" starttime="656.3" endtime="656.7">input</w>
   <w nite:id="ES2011b.B.words205" starttime="656.7" endtime="656.85">which</w>
   <w nite:id="ES2011b.B.words206" starttime="656.85" endtime="657.06">would</w>
   <w nite:id="ES2011b.B.words207" starttime="657.06" endtime="657.51">probably</w>
   <w nite:id="ES2011b.B.words208" starttime="657.51" endtime="657.67">be</w>
   <w nite:id="ES2011b.B.words209" starttime="657.67" endtime="658.3">buttons</w>
   <w nite:id="ES2011b.B.words210" starttime="658.3" endtime="658.3" punc="true">,</w>
   <w nite:id="ES2011b.B.words211" starttime="658.3" endtime="658.83">although</w>
   <w nite:id="ES2011b.B.words212" starttime="658.83" endtime="659.18">um</w>
   <w nite:id="ES2011b.B.words213" starttime="659.18" endtime="659.28">we</w>
   <w nite:id="ES2011b.B.words214" starttime="659.28" endtime="659.43">just</w>
   <w nite:id="ES2011b.B.words215" starttime="659.43" endtime="659.63">talked</w>
   <w nite:id="ES2011b.B.words216" starttime="659.63" endtime="659.81">about</w>
   <w nite:id="ES2011b.B.words217" starttime="659.81" endtime="660.06">voice</w>
   <w nite:id="ES2011b.B.words218" starttime="660.06" endtime="661.39">recognition</w>
   <w nite:id="ES2011b.B.words219" starttime="661.39" endtime="661.39" punc="true">,</w>
   <w nite:id="ES2011b.B.words220" starttime="661.39" endtime="662.12">processor</w>
   <w nite:id="ES2011b.B.words221" starttime="662.12" endtime="662.22">to</w>
   <w nite:id="ES2011b.B.words222" starttime="662.22" endtime="662.4">take</w>
   <w nite:id="ES2011b.B.words223" starttime="662.4" endtime="662.47">the</w>
   <w nite:id="ES2011b.B.words224" starttime="662.47" endtime="664.06">information</w>
   <w nite:id="ES2011b.B.words225" starttime="664.06" endtime="664.06" punc="true">,</w>
   <w nite:id="ES2011b.B.words226" starttime="664.06" endtime="664.31">um</w>
   <w nite:id="ES2011b.B.words227" starttime="664.31" endtime="664.57">something</w>
   <w nite:id="ES2011b.B.words228" starttime="664.57" endtime="664.66">to</w>
   <w nite:id="ES2011b.B.words229" starttime="664.66" endtime="665.05">transmit</w>
   <w nite:id="ES2011b.B.words230" starttime="665.05" endtime="665.13">it</w>
   <w nite:id="ES2011b.B.words231" starttime="665.13" endtime="665.21">to</w>
   <w nite:id="ES2011b.B.words232" starttime="665.21" endtime="665.28">the</w>
   <w nite:id="ES2011b.B.words233" starttime="665.28" endtime="666.8">T_V_</w>
   <w nite:id="ES2011b.B.words234" starttime="666.8" endtime="666.8" punc="true">,</w>
   <w nite:id="ES2011b.B.words235" starttime="666.8" endtime="667.0">and</w>
   <w nite:id="ES2011b.B.words236" starttime="667.0" endtime="667.07">we</w>
   <w nite:id="ES2011b.B.words237" starttime="667.07" endtime="667.26">also</w>
   <w nite:id="ES2011b.B.words238" starttime="667.26" endtime="667.59">need</w>
   <w nite:id="ES2011b.B.words239" starttime="667.59" endtime="667.99">something</w>
   <w nite:id="ES2011b.B.words240" starttime="667.99" endtime="668.13">on</w>
   <w nite:id="ES2011b.B.words241" starttime="668.13" endtime="668.43">the</w>
   <w nite:id="ES2011b.B.words242" starttime="668.43" endtime="668.86">remote</w>
   <w nite:id="ES2011b.B.words243" starttime="668.86" endtime="668.98">that</w>
   <w nite:id="ES2011b.B.words244" starttime="668.98" endtime="669.09">would</w>
   <w nite:id="ES2011b.B.words245" starttime="669.09" endtime="669.48">receive</w>
   <w nite:id="ES2011b.B.words246" starttime="669.48" endtime="669.58">the</w>
   <w nite:id="ES2011b.B.words247" starttime="669.58" endtime="670.13">location</w>
   <w nite:id="ES2011b.B.words248" starttime="670.13" endtime="670.99">signal</w>
   <w nite:id="ES2011b.B.words249" starttime="670.99" endtime="671.09">and</w>
   <w nite:id="ES2011b.B.words250" starttime="671.09" endtime="671.22">have</w>
   <w nite:id="ES2011b.B.words251" starttime="671.22" endtime="671.32">an</w>
   <w nite:id="ES2011b.B.words252" starttime="671.32" endtime="672.25">output</w>
   <w nite:id="ES2011b.B.words253" starttime="672.25" endtime="672.25" punc="true">,</w>
   <w nite:id="ES2011b.B.words254" starttime="672.25" endtime="672.41">like</w>
   <w nite:id="ES2011b.B.words255" starttime="672.41" endtime="672.92">possibly</w>
   <w nite:id="ES2011b.B.words256" starttime="672.92" endtime="673.04">a</w>
   <w nite:id="ES2011b.B.words257" starttime="673.04" endtime="673.41">beep</w>
   <w nite:id="ES2011b.B.words258" starttime="673.41" endtime="674.01">or</w>
   <w nite:id="ES2011b.B.words259" starttime="674.01" endtime="674.09">a</w>
   <w nite:id="ES2011b.B.words260" starttime="674.09" endtime="675.74">vibration</w>
   <w nite:id="ES2011b.B.words261" starttime="675.74" endtime="675.74" punc="true">.</w>
   <w nite:id="ES2011b.B.words262" starttime="675.74" endtime="675.96">And</w>
   <w nite:id="ES2011b.B.words263" starttime="675.96" endtime="676.28">also</w>
   <w nite:id="ES2011b.B.words264" starttime="676.28" endtime="676.4">you</w>
   <w nite:id="ES2011b.B.words265" starttime="676.4" endtime="676.57">need</w>
   <w nite:id="ES2011b.B.words266" starttime="676.57" endtime="676.63">a</w>
   <w nite:id="ES2011b.B.words267" starttime="676.63" endtime="677.04">sender</w>
   <w nite:id="ES2011b.B.words268" starttime="677.04" endtime="677.18">for</w>
   <w nite:id="ES2011b.B.words269" starttime="677.18" endtime="677.73">location</w>
   <w nite:id="ES2011b.B.words270" starttime="677.73" endtime="678.01">signal</w>
   <w nite:id="ES2011b.B.words271" starttime="678.01" endtime="678.01" punc="true">,</w>
   <w nite:id="ES2011b.B.words272" starttime="678.01" endtime="678.13">which</w>
   <w nite:id="ES2011b.B.words273" starttime="678.13" endtime="678.22">would</w>
   <w nite:id="ES2011b.B.words274" starttime="678.22" endtime="678.46">probably</w>
   <w nite:id="ES2011b.B.words275" starttime="678.46" endtime="678.53">be</w>
   <w nite:id="ES2011b.B.words276" starttime="678.53" endtime="678.59">a</w>
   <w nite:id="ES2011b.B.words277" starttime="678.59" endtime="679.75">separate</w>
   <w nite:id="ES2011b.B.words278" starttime="679.75" endtime="680.11">um</w>
   <w nite:id="ES2011b.B.words279" starttime="680.11" endtime="680.29">thing</w>
   <w nite:id="ES2011b.B.words280" starttime="680.29" endtime="680.38">that</w>
   <w nite:id="ES2011b.B.words281" starttime="680.38" endtime="680.48">we&#39;d</w>
   <w nite:id="ES2011b.B.words282" starttime="680.48" endtime="680.65">have</w>
   <w nite:id="ES2011b.B.words283" starttime="680.65" endtime="680.72">to</w>
   <w nite:id="ES2011b.B.words284" starttime="680.72" endtime="681.22">sell</w>
   <w nite:id="ES2011b.B.words285" starttime="681.22" endtime="681.39">with</w>
   <w nite:id="ES2011b.B.words286" starttime="681.39" endtime="681.47">the</w>
   <w nite:id="ES2011b.B.words287" starttime="681.47" endtime="681.84">remote</w>
   <w nite:id="ES2011b.B.words288" starttime="681.84" endtime="681.93">and</w>
   <w nite:id="ES2011b.B.words289" starttime="681.93" endtime="682.12">people</w>
   <w nite:id="ES2011b.B.words290" starttime="682.12" endtime="682.43">could</w>
   <w nite:id="ES2011b.B.words291" starttime="682.43" endtime="682.72">stick</w>
   <w nite:id="ES2011b.B.words292" starttime="682.72" endtime="682.8">it</w>
   <w nite:id="ES2011b.B.words293" starttime="682.8" endtime="682.9">on</w>
   <w nite:id="ES2011b.B.words294" starttime="682.9" endtime="683.02">their</w>
   <w nite:id="ES2011b.B.words295" starttime="683.02" endtime="683.4">T_V_</w>
   <w nite:id="ES2011b.B.words296" starttime="683.4" endtime="683.5">or</w>
   <w nite:id="ES2011b.B.words297" starttime="683.5" endtime="683.68">stick</w>
   <w nite:id="ES2011b.B.words298" starttime="683.68" endtime="683.76">it</w>
   <w nite:id="ES2011b.B.words299" starttime="683.76" endtime="683.85">on</w>
   <w nite:id="ES2011b.B.words300" starttime="683.85" endtime="683.98">their</w>
   <w nite:id="ES2011b.B.words301" starttime="683.98" endtime="684.32">wall</w>
   <w nite:id="ES2011b.B.words302" starttime="684.32" endtime="684.32" punc="true">.</w>
   <w nite:id="ES2011b.B.words303" starttime="686.77" endtime="686.96">And</w>
   <w nite:id="ES2011b.B.words304" starttime="686.96" endtime="687.2">this</w>
   <w nite:id="ES2011b.B.words305" starttime="687.2" endtime="687.36">is</w>
   <w nite:id="ES2011b.B.words306" starttime="687.36" endtime="687.55">just</w>
   <w nite:id="ES2011b.B.words307" starttime="687.55" endtime="687.72">sort</w>
   <w nite:id="ES2011b.B.words308" starttime="687.72" endtime="687.8">of</w>
   <w nite:id="ES2011b.B.words309" starttime="687.8" endtime="687.89">an</w>
   <w nite:id="ES2011b.B.words310" starttime="687.89" endtime="688.41">overview</w>
   <w nite:id="ES2011b.B.words311" starttime="688.41" endtime="688.5">of</w>
   <w nite:id="ES2011b.B.words312" starttime="688.5" endtime="688.67">how</w>
   <w nite:id="ES2011b.B.words313" starttime="688.67" endtime="688.76">the</w>
   <w nite:id="ES2011b.B.words314" starttime="688.76" endtime="689.07">remote</w>
   <w nite:id="ES2011b.B.words315" starttime="689.07" endtime="690.35">works</w>
   <w nite:id="ES2011b.B.words316" starttime="690.35" endtime="690.35" punc="true">.</w>
   <w nite:id="ES2011b.B.words317" starttime="690.35" endtime="690.6">Power</w>
   <w nite:id="ES2011b.B.words318" starttime="690.6" endtime="690.82">comes</w>
   <w nite:id="ES2011b.B.words319" starttime="690.82" endtime="690.94">from</w>
   <w nite:id="ES2011b.B.words320" starttime="690.94" endtime="691.03">the</w>
   <w nite:id="ES2011b.B.words321" starttime="691.03" endtime="691.77">battery</w>
   <w nite:id="ES2011b.B.words322" starttime="691.77" endtime="691.77" punc="true">,</w>
   <w nite:id="ES2011b.B.words323" starttime="691.77" endtime="692.01">goes</w>
   <w nite:id="ES2011b.B.words324" starttime="692.01" endtime="692.11">to</w>
   <w nite:id="ES2011b.B.words325" starttime="692.11" endtime="692.21">the</w>
   <w nite:id="ES2011b.B.words326" starttime="692.21" endtime="692.86">chip</w>
   <w nite:id="ES2011b.B.words327" starttime="692.86" endtime="692.86" punc="true">,</w>
   <w nite:id="ES2011b.B.words328" starttime="693.92" endtime="694.83">um</w>
   <w nite:id="ES2011b.B.words329" starttime="694.83" endtime="694.99">and</w>
   <w nite:id="ES2011b.B.words330" starttime="694.99" endtime="695.12">then</w>
   <w nite:id="ES2011b.B.words331" starttime="695.12" endtime="695.24">it</w>
   <w nite:id="ES2011b.B.words332" starttime="695.24" endtime="695.86">is</w>
   <w nite:id="ES2011b.B.words333" starttime="695.86" endtime="696.11">sent</w>
   <w nite:id="ES2011b.B.words334" starttime="696.11" endtime="696.27">from</w>
   <w nite:id="ES2011b.B.words335" starttime="696.27" endtime="696.54">there</w>
   <w nite:id="ES2011b.B.words336" starttime="696.54" endtime="696.62">to</w>
   <w nite:id="ES2011b.B.words337" starttime="696.62" endtime="696.71">an</w>
   <w nite:id="ES2011b.B.words338" starttime="696.71" endtime="697.15">infrared</w>
   <w nite:id="ES2011b.B.words339" starttime="697.15" endtime="697.4">bulb</w>
   <w nite:id="ES2011b.B.words340" starttime="697.4" endtime="697.55">which</w>
   <w nite:id="ES2011b.B.words341" starttime="697.55" endtime="697.64">is</w>
   <w nite:id="ES2011b.B.words342" starttime="697.64" endtime="697.92">probably</w>
   <w nite:id="ES2011b.B.words343" starttime="697.92" endtime="698.01">the</w>
   <w nite:id="ES2011b.B.words344" starttime="698.01" endtime="698.4">easiest</w>
   <w nite:id="ES2011b.B.words345" starttime="698.4" endtime="698.52">way</w>
   <w nite:id="ES2011b.B.words346" starttime="698.52" endtime="698.63">to</w>
   <w nite:id="ES2011b.B.words347" starttime="698.63" endtime="698.83">send</w>
   <w nite:id="ES2011b.B.words348" starttime="698.83" endtime="698.89">to</w>
   <w nite:id="ES2011b.B.words349" starttime="698.89" endtime="699.04">the</w>
   <w nite:id="ES2011b.B.words350" starttime="699.04" endtime="700.59">T_V_</w>
   <w nite:id="ES2011b.B.words351" starttime="700.59" endtime="700.59" punc="true">.</w>
   <w nite:id="ES2011b.B.words352" starttime="700.59" endtime="700.87">And</w>
   <w nite:id="ES2011b.B.words353" starttime="700.87" endtime="701.41">then</w>
   <w nite:id="ES2011b.B.words354" starttime="701.41" endtime="701.53">for</w>
   <w nite:id="ES2011b.B.words355" starttime="701.53" endtime="701.59">the</w>
   <w nite:id="ES2011b.B.words356" starttime="701.59" endtime="702.15">location</w>
   <w nite:id="ES2011b.B.words357" starttime="702.15" endtime="702.5">function</w>
   <w nite:id="ES2011b.B.words358" starttime="702.5" endtime="702.5" punc="true">,</w>
   <w nite:id="ES2011b.B.words359" starttime="702.5" endtime="702.59">you</w>
   <w nite:id="ES2011b.B.words360" starttime="702.59" endtime="702.71">would</w>
   <w nite:id="ES2011b.B.words361" starttime="702.71" endtime="702.87">have</w>
   <w nite:id="ES2011b.B.words362" starttime="702.87" endtime="702.92">a</w>
   <w nite:id="ES2011b.B.words363" starttime="702.92" endtime="703.25">sender</w>
   <w nite:id="ES2011b.B.words364" starttime="703.25" endtime="703.35">on</w>
   <w nite:id="ES2011b.B.words365" starttime="703.35" endtime="703.44">the</w>
   <w nite:id="ES2011b.B.words366" starttime="703.44" endtime="704.72">T_V_</w>
   <w nite:id="ES2011b.B.words367" starttime="704.72" endtime="704.87">which</w>
   <w nite:id="ES2011b.B.words368" starttime="704.87" endtime="705.07">would</w>
   <w nite:id="ES2011b.B.words369" starttime="705.07" endtime="705.42">output</w>
   <w nite:id="ES2011b.B.words370" starttime="705.42" endtime="705.64">some</w>
   <w nite:id="ES2011b.B.words371" starttime="705.64" endtime="705.85">sort</w>
   <w nite:id="ES2011b.B.words372" starttime="705.85" endtime="705.94">of</w>
   <w nite:id="ES2011b.B.words373" starttime="705.94" endtime="707.14">signal</w>
   <w nite:id="ES2011b.B.words374" starttime="707.14" endtime="707.14" punc="true">,</w>
   <w nite:id="ES2011b.B.words375" starttime="707.14" endtime="707.3">um</w>
   <w nite:id="ES2011b.B.words376" starttime="707.3" endtime="707.4">we</w>
   <w nite:id="ES2011b.B.words377" starttime="707.4" endtime="707.53">could</w>
   <w nite:id="ES2011b.B.words378" starttime="707.53" endtime="707.74">use</w>
   <w nite:id="ES2011b.B.words379" starttime="707.74" endtime="708.4">I_R_</w>
   <w nite:id="ES2011b.B.words380" starttime="708.4" endtime="708.63">but</w>
   <w nite:id="ES2011b.B.words381" starttime="708.63" endtime="708.73">we&#39;d</w>
   <w nite:id="ES2011b.B.words382" starttime="708.73" endtime="708.98">probably</w>
   <w nite:id="ES2011b.B.words383" starttime="708.98" endtime="709.12">wanna</w>
   <w nite:id="ES2011b.B.words384" starttime="709.12" endtime="709.33">use</w>
   <w nite:id="ES2011b.B.words385" starttime="709.33" endtime="709.69">radio</w>
   <w nite:id="ES2011b.B.words386" starttime="709.69" endtime="711.32">instead</w>
   <w nite:id="ES2011b.B.words387" starttime="711.32" endtime="711.32" punc="true">.</w>
   <w nite:id="ES2011b.B.words388" starttime="711.32" endtime="711.47">That</w>
   <w nite:id="ES2011b.B.words389" starttime="711.47" endtime="711.75">signal</w>
   <w nite:id="ES2011b.B.words390" starttime="711.75" endtime="711.89">would</w>
   <w nite:id="ES2011b.B.words391" starttime="711.89" endtime="712.01">go</w>
   <w nite:id="ES2011b.B.words392" starttime="712.01" endtime="712.17">to</w>
   <w nite:id="ES2011b.B.words393" starttime="712.17" endtime="712.21">a</w>
   <w nite:id="ES2011b.B.words394" starttime="712.21" endtime="713.66">receiver</w>
   <w nite:id="ES2011b.B.words395" starttime="713.66" endtime="713.79">which</w>
   <w nite:id="ES2011b.B.words396" starttime="713.79" endtime="713.92">it</w>
   <w nite:id="ES2011b.B.words397" starttime="713.92" endtime="714.02">would</w>
   <w nite:id="ES2011b.B.words398" starttime="714.02" endtime="714.49">process</w>
   <w nite:id="ES2011b.B.words399" starttime="714.49" endtime="714.67">it</w>
   <w nite:id="ES2011b.B.words400" starttime="714.67" endtime="714.67" punc="true">,</w>
   <w nite:id="ES2011b.B.words401" starttime="714.67" endtime="714.8">and</w>
   <w nite:id="ES2011b.B.words402" starttime="714.8" endtime="714.86">it</w>
   <w nite:id="ES2011b.B.words403" starttime="714.86" endtime="714.98">would</w>
   <w nite:id="ES2011b.B.words404" starttime="714.98" endtime="715.08">be</w>
   <w nite:id="ES2011b.B.words405" starttime="715.08" endtime="715.69">output</w>
   <w nite:id="ES2011b.B.words406" starttime="715.69" endtime="715.77">in</w>
   <w nite:id="ES2011b.B.words407" starttime="715.77" endtime="715.84">the</w>
   <w nite:id="ES2011b.B.words408" starttime="715.84" endtime="716.12">form</w>
   <w nite:id="ES2011b.B.words409" starttime="716.12" endtime="716.24">of</w>
   <w nite:id="ES2011b.B.words410" starttime="716.24" endtime="716.3">a</w>
   <w nite:id="ES2011b.B.words411" starttime="716.3" endtime="716.76">buzzer</w>
   <w nite:id="ES2011b.B.words412" starttime="716.76" endtime="717.12">or</w>
   <w nite:id="ES2011b.B.words413" starttime="717.12" endtime="717.19">a</w>
   <w nite:id="ES2011b.B.words414" starttime="717.19" endtime="717.49">light</w>
   <w nite:id="ES2011b.B.words415" starttime="717.49" endtime="717.8">lighting</w>
   <w nite:id="ES2011b.B.words416" starttime="717.8" endtime="718.58">up</w>
   <w nite:id="ES2011b.B.words417" starttime="718.58" endtime="718.58" punc="true">.</w>
   <w nite:id="ES2011b.B.words418" starttime="721.77" endtime="722.19">Um</w>
   <w nite:id="ES2011b.B.words419" starttime="722.19" endtime="722.45">so</w>
   <w nite:id="ES2011b.B.words420" starttime="722.45" endtime="722.63">my</w>
   <w nite:id="ES2011b.B.words421" starttime="722.63" endtime="723.05">personal</w>
   <w nite:id="ES2011b.B.words422" starttime="723.05" endtime="723.71">preferences</w>
   <w nite:id="ES2011b.B.words423" starttime="723.71" endtime="723.85">for</w>
   <w nite:id="ES2011b.B.words424" starttime="723.85" endtime="723.95">how</w>
   <w nite:id="ES2011b.B.words425" starttime="723.95" endtime="724.12">to</w>
   <w nite:id="ES2011b.B.words426" starttime="724.12" endtime="724.32">build</w>
   <w nite:id="ES2011b.B.words427" starttime="724.32" endtime="724.41">the</w>
   <w nite:id="ES2011b.B.words428" starttime="724.41" endtime="724.71">remote</w>
   <w nite:id="ES2011b.B.words429" starttime="724.71" endtime="724.84">would</w>
   <w nite:id="ES2011b.B.words430" starttime="724.84" endtime="725.13">probably</w>
   <w nite:id="ES2011b.B.words431" starttime="725.13" endtime="726.05">be</w>
   <w nite:id="ES2011b.B.words432" starttime="726.05" endtime="726.18">uh</w>
   <w nite:id="ES2011b.B.words433" starttime="726.18" endtime="726.18" punc="true">,</w>
   <w nite:id="ES2011b.B.words434" starttime="726.18" endtime="726.6">battery</w>
   <w nite:id="ES2011b.B.words435" starttime="726.6" endtime="726.72">for</w>
   <w nite:id="ES2011b.B.words436" starttime="726.72" endtime="726.79">the</w>
   <w nite:id="ES2011b.B.words437" starttime="726.79" endtime="727.12">energy</w>
   <w nite:id="ES2011b.B.words438" starttime="727.12" endtime="727.43">source</w>
   <w nite:id="ES2011b.B.words439" starttime="727.43" endtime="727.43" punc="true">,</w>
   <w nite:id="ES2011b.B.words440" starttime="727.43" endtime="727.52">that</w>
   <w nite:id="ES2011b.B.words441" starttime="727.52" endtime="727.61">way</w>
   <w nite:id="ES2011b.B.words442" starttime="727.61" endtime="727.68">you</w>
   <w nite:id="ES2011b.B.words443" starttime="727.68" endtime="727.84">wouldn&#39;t</w>
   <w nite:id="ES2011b.B.words444" starttime="727.84" endtime="727.93">have</w>
   <w nite:id="ES2011b.B.words445" starttime="727.93" endtime="728.01">to</w>
   <w nite:id="ES2011b.B.words446" starttime="728.01" endtime="728.27">plug</w>
   <w nite:id="ES2011b.B.words447" starttime="728.27" endtime="728.34">it</w>
   <w nite:id="ES2011b.B.words448" starttime="728.34" endtime="729.53">in</w>
   <w nite:id="ES2011b.B.words449" starttime="729.53" endtime="729.53" punc="true">,</w>
   <w nite:id="ES2011b.B.words450" starttime="729.53" endtime="730.2">um</w>
   <w nite:id="ES2011b.B.words451" starttime="730.2" endtime="730.27">a</w>
   <w nite:id="ES2011b.B.words452" starttime="730.27" endtime="730.5">button</w>
   <w nite:id="ES2011b.B.words453" starttime="730.5" endtime="730.78">pad</w>
   <w nite:id="ES2011b.B.words454" starttime="730.78" endtime="730.87">for</w>
   <w nite:id="ES2011b.B.words455" starttime="730.87" endtime="732.67">input</w>
   <w nite:id="ES2011b.B.words456" starttime="732.67" endtime="732.67" punc="true">,</w>
   <w nite:id="ES2011b.B.words457" starttime="732.67" endtime="732.92">um</w>
   <w nite:id="ES2011b.B.words458" starttime="732.92" endtime="733.01">we</w>
   <w nite:id="ES2011b.B.words459" starttime="733.01" endtime="733.13">can</w>
   <w nite:id="ES2011b.B.words460" starttime="733.13" endtime="733.7">purchase</w>
   <w nite:id="ES2011b.B.words461" starttime="733.7" endtime="733.84">a</w>
   <w nite:id="ES2011b.B.words462" starttime="733.84" endtime="734.27">pre-made</w>
   <w nite:id="ES2011b.B.words463" starttime="734.27" endtime="734.59">chip</w>
   <w nite:id="ES2011b.B.words464" starttime="734.59" endtime="734.75">which</w>
   <w nite:id="ES2011b.B.words465" starttime="734.75" endtime="734.84">will</w>
   <w nite:id="ES2011b.B.words466" starttime="734.84" endtime="735.07">handle</w>
   <w nite:id="ES2011b.B.words467" starttime="735.07" endtime="735.18">all</w>
   <w nite:id="ES2011b.B.words468" starttime="735.18" endtime="735.25">the</w>
   <w nite:id="ES2011b.B.words469" starttime="735.25" endtime="735.85">processing</w>
   <w nite:id="ES2011b.B.words470" starttime="735.85" endtime="736.82">stuff</w>
   <w nite:id="ES2011b.B.words471" starttime="736.82" endtime="736.82" punc="true">,</w>
   <w nite:id="ES2011b.B.words472" starttime="736.82" endtime="737.08">I_R_</w>
   <w nite:id="ES2011b.B.words473" starttime="737.08" endtime="737.8">transmitter</w>
   <w nite:id="ES2011b.B.words474" starttime="737.8" endtime="737.9">to</w>
   <w nite:id="ES2011b.B.words475" starttime="737.9" endtime="738.36">communicate</w>
   <w nite:id="ES2011b.B.words476" starttime="738.36" endtime="738.48">to</w>
   <w nite:id="ES2011b.B.words477" starttime="738.48" endtime="738.56">the</w>
   <w nite:id="ES2011b.B.words478" starttime="738.56" endtime="738.9">T_V_</w>
   <w nite:id="ES2011b.B.words479" starttime="738.9" endtime="738.9" punc="true">,</w>
   <w nite:id="ES2011b.B.words480" starttime="738.9" endtime="739.08">that&#39;s</w>
   <w nite:id="ES2011b.B.words481" starttime="739.08" endtime="739.22">just</w>
   <w nite:id="ES2011b.B.words482" starttime="739.22" endtime="739.36">sort</w>
   <w nite:id="ES2011b.B.words483" starttime="739.36" endtime="739.44">of</w>
   <w nite:id="ES2011b.B.words484" starttime="739.44" endtime="740.57">standard</w>
   <w nite:id="ES2011b.B.words485" starttime="740.57" endtime="740.57" punc="true">,</w>
   <w nite:id="ES2011b.B.words486" starttime="740.57" endtime="740.77">um</w>
   <w nite:id="ES2011b.B.words487" starttime="740.77" endtime="740.85">so</w>
   <w nite:id="ES2011b.B.words488" starttime="740.85" endtime="741.09">most</w>
   <w nite:id="ES2011b.B.words489" starttime="741.09" endtime="741.38">T_V_s</w>
   <w nite:id="ES2011b.B.words490" starttime="741.38" endtime="741.62">have</w>
   <w nite:id="ES2011b.B.words491" starttime="741.62" endtime="741.71">an</w>
   <w nite:id="ES2011b.B.words492" starttime="741.71" endtime="741.97">I_R_</w>
   <w nite:id="ES2011b.B.words493" starttime="741.97" endtime="743.2">receiver</w>
   <w nite:id="ES2011b.B.words494" starttime="743.2" endtime="743.2" punc="true">.</w>
   <w nite:id="ES2011b.B.words495" starttime="743.2" endtime="743.61">Probably</w>
   <w nite:id="ES2011b.B.words496" starttime="743.61" endtime="743.71">a</w>
   <w nite:id="ES2011b.B.words497" starttime="743.71" endtime="744.04">radio</w>
   <w nite:id="ES2011b.B.words498" starttime="744.04" endtime="744.48">receiver</w>
   <w nite:id="ES2011b.B.words499" starttime="744.48" endtime="744.54">to</w>
   <w nite:id="ES2011b.B.words500" starttime="744.54" endtime="744.8">send</w>
   <w nite:id="ES2011b.B.words501" starttime="744.8" endtime="744.91">out</w>
   <w nite:id="ES2011b.B.words502" starttime="744.91" endtime="745.49">location</w>
   <w nite:id="ES2011b.B.words503" starttime="745.49" endtime="746.0">function</w>
   <w nite:id="ES2011b.B.words504" starttime="746.0" endtime="746.14">and</w>
   <w nite:id="ES2011b.B.words505" starttime="746.14" endtime="746.22">to</w>
   <w nite:id="ES2011b.B.words506" starttime="746.22" endtime="746.58">receive</w>
   <w nite:id="ES2011b.B.words507" starttime="746.58" endtime="747.27">it</w>
   <w nite:id="ES2011b.B.words508" starttime="747.27" endtime="748.23">and</w>
   <w nite:id="ES2011b.B.words509" starttime="748.23" endtime="748.35">I&#39;d</w>
   <w nite:id="ES2011b.B.words510" starttime="748.35" endtime="748.59">probably</w>
   <w nite:id="ES2011b.B.words511" starttime="748.59" endtime="748.74">say</w>
   <w nite:id="ES2011b.B.words512" starttime="748.74" endtime="748.83">a</w>
   <w nite:id="ES2011b.B.words513" starttime="748.83" endtime="749.69">buzzer</w>
   <w nite:id="ES2011b.B.words514" starttime="749.69" endtime="749.86">for</w>
   <w nite:id="ES2011b.B.words515" starttime="749.86" endtime="749.92">the</w>
   <w nite:id="ES2011b.B.words516" starttime="749.92" endtime="750.38">location</w>
   <w nite:id="ES2011b.B.words517" starttime="750.38" endtime="750.84">function</w>
   <w nite:id="ES2011b.B.words518" starttime="750.84" endtime="751.02">on</w>
   <w nite:id="ES2011b.B.words519" starttime="751.02" endtime="751.34">the</w>
   <w nite:id="ES2011b.B.words520" starttime="751.34" endtime="751.58">remote</w>
   <w nite:id="ES2011b.B.words521" starttime="751.58" endtime="752.83">itself</w>
   <w nite:id="ES2011b.B.words522" starttime="752.83" endtime="752.83" punc="true">.</w>
   <w nite:id="ES2011b.B.words523" starttime="752.83" endtime="753.02">So</w>
   <w nite:id="ES2011b.B.words524" starttime="753.02" endtime="753.16">that</w>
   <w nite:id="ES2011b.B.words525" starttime="753.16" endtime="753.5">concludes</w>
   <w nite:id="ES2011b.B.words526" starttime="753.5" endtime="753.61">my</w>
   <w nite:id="ES2011b.B.words527" starttime="753.61" endtime="754.22">presentation</w>
   <w nite:id="ES2011b.B.words528" starttime="754.22" endtime="754.22" punc="true">.</w>
   <w nite:id="ES2011b.B.words529" starttime="758.19" endtime="758.33">Mm</w>
   <w nite:id="ES2011b.B.words530" starttime="758.33" endtime="758.33" punc="true">?</w>
   <w nite:id="ES2011b.B.words531" starttime="760.21" endtime="760.44">Yeah</w>
   <w nite:id="ES2011b.B.words532" starttime="760.44" endtime="760.44" punc="true">,</w>
   <w nite:id="ES2011b.B.words533" starttime="760.44" endtime="760.59">uh</w>
   <w nite:id="ES2011b.B.words534" starttime="760.59" endtime="760.74">I</w>
   <w nite:id="ES2011b.B.words535" starttime="760.74" endtime="761.06" trunc="true">d</w>
   <w nite:id="ES2011b.B.words536" starttime="761.06" endtime="761.12">I</w>
   <w nite:id="ES2011b.B.words537" starttime="761.12" endtime="761.28">was</w>
   <w nite:id="ES2011b.B.words538" starttime="761.28" endtime="761.36">an</w>
   <w nite:id="ES2011b.B.words539" starttime="761.36" endtime="762.3">engineer</w>
   <w nite:id="ES2011b.B.words540" starttime="762.3" endtime="762.51">before</w>
   <w nite:id="ES2011b.B.words541" starttime="762.51" endtime="762.55">I</w>
   <w nite:id="ES2011b.B.words542" starttime="762.55" endtime="762.81">came</w>
   <w nite:id="ES2011b.B.words543" starttime="762.81" endtime="763.03">here</w>
   <w nite:id="ES2011b.B.words544" starttime="763.03" endtime="763.03" punc="true">.</w>
   <vocalsound nite:id="ES2011b.B.words545" starttime="783.344" endtime="784.896" type="laugh"/>
   <vocalsound nite:id="ES2011b.B.words546" starttime="789.892" endtime="791.697" type="laugh"/>
   <vocalsound nite:id="ES2011b.B.words547" starttime="847.296" endtime="848.304" type="laugh"/>
   <w nite:id="ES2011b.B.words548" starttime="888.87" endtime="889.14">It&#39;s</w>
   <w nite:id="ES2011b.B.words549" starttime="889.14" endtime="889.43">easy</w>
   <w nite:id="ES2011b.B.words550" starttime="889.43" endtime="889.53">to</w>
   <w nite:id="ES2011b.B.words551" starttime="889.53" endtime="890.07">implement</w>
   <w nite:id="ES2011b.B.words552" starttime="890.07" endtime="890.07" punc="true">.</w>
   <w nite:id="ES2011b.B.words553" starttime="893.58" endtime="894.13">Locator</w>
   <w nite:id="ES2011b.B.words554" starttime="894.13" endtime="894.13" punc="true">.</w>
   <w nite:id="ES2011b.B.words555" starttime="902.79" endtime="903.18">Well</w>
   <disfmarker nite:id="ES2011b.B.words556" starttime="903.18" endtime="903.218"/>
   <w nite:id="ES2011b.B.words557" starttime="904.93" endtime="905.02">I</w>
   <w nite:id="ES2011b.B.words558" starttime="905.02" endtime="905.23">was</w>
   <w nite:id="ES2011b.B.words559" starttime="905.23" endtime="905.61">thinking</w>
   <w nite:id="ES2011b.B.words560" starttime="905.61" endtime="905.96">about</w>
   <w nite:id="ES2011b.B.words561" starttime="905.96" endtime="906.31">that</w>
   <w nite:id="ES2011b.B.words562" starttime="906.31" endtime="907.01">but</w>
   <w nite:id="ES2011b.B.words563" starttime="907.01" endtime="907.31">uh</w>
   <w nite:id="ES2011b.B.words564" starttime="907.31" endtime="907.94">I</w>
   <w nite:id="ES2011b.B.words565" starttime="907.94" endtime="908.06">mean</w>
   <w nite:id="ES2011b.B.words566" starttime="908.06" endtime="908.31">speech</w>
   <w nite:id="ES2011b.B.words567" starttime="908.31" endtime="908.86">recognition</w>
   <w nite:id="ES2011b.B.words568" starttime="908.86" endtime="908.96">is</w>
   <w nite:id="ES2011b.B.words569" starttime="908.96" endtime="909.25">really</w>
   <w nite:id="ES2011b.B.words570" starttime="909.25" endtime="909.41">hard</w>
   <w nite:id="ES2011b.B.words571" starttime="909.41" endtime="909.48">to</w>
   <w nite:id="ES2011b.B.words572" starttime="909.48" endtime="909.89">programme</w>
   <w nite:id="ES2011b.B.words573" starttime="909.89" endtime="909.89" punc="true">,</w>
   <w nite:id="ES2011b.B.words574" starttime="909.89" endtime="909.98">and</w>
   <w nite:id="ES2011b.B.words575" starttime="909.98" endtime="910.75">also</w>
   <w nite:id="ES2011b.B.words576" starttime="910.75" endtime="910.75" punc="true">,</w>
   <w nite:id="ES2011b.B.words577" starttime="910.75" endtime="910.88">if</w>
   <w nite:id="ES2011b.B.words578" starttime="910.88" endtime="910.94">the</w>
   <w nite:id="ES2011b.B.words579" starttime="910.94" endtime="911.2">T_V_</w>
   <w nite:id="ES2011b.B.words580" starttime="911.2" endtime="911.35">is</w>
   <w nite:id="ES2011b.B.words581" starttime="911.35" endtime="911.62">on</w>
   <w nite:id="ES2011b.B.words582" starttime="911.62" endtime="911.77">it&#39;s</w>
   <w nite:id="ES2011b.B.words583" starttime="911.77" endtime="912.03">making</w>
   <w nite:id="ES2011b.B.words584" starttime="912.03" endtime="912.47">sound</w>
   <w nite:id="ES2011b.B.words585" starttime="912.47" endtime="912.56">and</w>
   <w nite:id="ES2011b.B.words586" starttime="912.56" endtime="912.62">the</w>
   <w nite:id="ES2011b.B.words587" starttime="912.62" endtime="912.9">people</w>
   <w nite:id="ES2011b.B.words588" starttime="912.9" endtime="912.96">on</w>
   <w nite:id="ES2011b.B.words589" starttime="912.96" endtime="913.05">the</w>
   <w nite:id="ES2011b.B.words590" starttime="913.05" endtime="913.37">T_V_</w>
   <w nite:id="ES2011b.B.words591" starttime="913.37" endtime="913.46">are</w>
   <w nite:id="ES2011b.B.words592" starttime="913.46" endtime="913.97">talking</w>
   <w nite:id="ES2011b.B.words593" starttime="913.97" endtime="913.97" punc="true">,</w>
   <w nite:id="ES2011b.B.words594" starttime="913.97" endtime="914.06">and</w>
   <w nite:id="ES2011b.B.words595" starttime="914.06" endtime="914.16">if</w>
   <w nite:id="ES2011b.B.words596" starttime="914.16" endtime="914.41">somebody</w>
   <w nite:id="ES2011b.B.words597" starttime="914.41" endtime="914.58">says</w>
   <w nite:id="ES2011b.B.words598" starttime="914.58" endtime="914.71">like</w>
   <w nite:id="ES2011b.B.words599" starttime="914.71" endtime="915.0">one</w>
   <w nite:id="ES2011b.B.words600" starttime="915.0" endtime="915.0" punc="true">,</w>
   <w nite:id="ES2011b.B.words601" starttime="915.0" endtime="915.11">then</w>
   <w nite:id="ES2011b.B.words602" starttime="915.11" endtime="915.21">the</w>
   <w nite:id="ES2011b.B.words603" starttime="915.21" endtime="915.47">T_V_&#39;s</w>
   <w nite:id="ES2011b.B.words604" starttime="915.47" endtime="915.62">gonna</w>
   <w nite:id="ES2011b.B.words605" starttime="915.62" endtime="915.88">switch</w>
   <w nite:id="ES2011b.B.words606" starttime="915.88" endtime="916.21">itself</w>
   <w nite:id="ES2011b.B.words607" starttime="916.21" endtime="916.33">to</w>
   <w nite:id="ES2011b.B.words608" starttime="916.33" endtime="916.67">channel</w>
   <w nite:id="ES2011b.B.words609" starttime="916.67" endtime="917.03">one</w>
   <w nite:id="ES2011b.B.words610" starttime="917.03" endtime="917.03" punc="true">,</w>
   <w nite:id="ES2011b.B.words611" starttime="917.03" endtime="917.76">or</w>
   <disfmarker nite:id="ES2011b.B.words612" starttime="917.76" endtime="917.76"/>
   <w nite:id="ES2011b.B.words613" starttime="917.76" endtime="917.87">it</w>
   <w nite:id="ES2011b.B.words614" starttime="917.87" endtime="918.09">seems</w>
   <w nite:id="ES2011b.B.words615" starttime="918.09" endtime="918.22">like</w>
   <w nite:id="ES2011b.B.words616" starttime="918.22" endtime="918.29">a</w>
   <w nite:id="ES2011b.B.words617" starttime="918.29" endtime="918.91">silly</w>
   <w nite:id="ES2011b.B.words618" starttime="918.91" endtime="918.91" punc="true">,</w>
   <w nite:id="ES2011b.B.words619" starttime="918.91" endtime="919.07">I&#39;m</w>
   <w nite:id="ES2011b.B.words620" starttime="919.07" endtime="919.25">not</w>
   <w nite:id="ES2011b.B.words621" starttime="919.25" endtime="919.76">sure</w>
   <w nite:id="ES2011b.B.words622" starttime="919.76" endtime="919.94">how</w>
   <w nite:id="ES2011b.B.words623" starttime="919.94" endtime="920.02">you</w>
   <w nite:id="ES2011b.B.words624" starttime="920.02" endtime="920.13">would</w>
   <w nite:id="ES2011b.B.words625" starttime="920.13" endtime="920.54">implement</w>
   <w nite:id="ES2011b.B.words626" starttime="920.54" endtime="920.67">it</w>
   <w nite:id="ES2011b.B.words627" starttime="920.67" endtime="920.67" punc="true">.</w>
   <vocalsound nite:id="ES2011b.B.words628" starttime="922.112" endtime="922.784" type="laugh"/>
   <w nite:id="ES2011b.B.words629" starttime="924.81" endtime="924.93">It&#39;s</w>
   <w nite:id="ES2011b.B.words630" starttime="924.93" endtime="924.98">a</w>
   <w nite:id="ES2011b.B.words631" starttime="924.98" endtime="925.24">cool</w>
   <w nite:id="ES2011b.B.words632" starttime="925.24" endtime="926.0">idea</w>
   <w nite:id="ES2011b.B.words633" starttime="926.0" endtime="927.59">but</w>
   <disfmarker nite:id="ES2011b.B.words634" starttime="927.59" endtime="927.59"/>
   <vocalsound nite:id="ES2011b.B.words635" starttime="927.59" endtime="927.905" type="laugh"/>
   <vocalsound nite:id="ES2011b.B.words636" starttime="933.328" endtime="934.722" type="laugh"/>
   <w nite:id="ES2011b.B.words637" starttime="944.41" endtime="944.5">Well</w>
   <w nite:id="ES2011b.B.words638" starttime="944.5" endtime="944.56">you</w>
   <w nite:id="ES2011b.B.words639" starttime="944.56" endtime="944.65">would</w>
   <w nite:id="ES2011b.B.words640" starttime="944.65" endtime="944.77">have</w>
   <w nite:id="ES2011b.B.words641" starttime="944.77" endtime="944.83">to</w>
   <w nite:id="ES2011b.B.words642" starttime="944.83" endtime="944.94">have</w>
   <w nite:id="ES2011b.B.words643" starttime="944.94" endtime="945.01">a</w>
   <w nite:id="ES2011b.B.words644" starttime="945.01" endtime="945.29">button</w>
   <w nite:id="ES2011b.B.words645" starttime="945.29" endtime="945.4">on</w>
   <w nite:id="ES2011b.B.words646" starttime="945.4" endtime="945.45">a</w>
   <w nite:id="ES2011b.B.words647" starttime="945.45" endtime="946.3">T_V_</w>
   <w nite:id="ES2011b.B.words648" starttime="946.3" endtime="946.59">or</w>
   <w nite:id="ES2011b.B.words649" starttime="946.59" endtime="946.7">on</w>
   <w nite:id="ES2011b.B.words650" starttime="946.7" endtime="946.82">your</w>
   <w nite:id="ES2011b.B.words651" starttime="946.82" endtime="947.13">wall</w>
   <w nite:id="ES2011b.B.words652" starttime="947.13" endtime="947.19">or</w>
   <w nite:id="ES2011b.B.words653" starttime="947.19" endtime="947.33">some</w>
   <w nite:id="ES2011b.B.words654" starttime="947.33" endtime="947.96">place</w>
   <gap nite:id="ES2011b.B.words655" starttime="947.96" endtime="947.96"/>
   <w nite:id="ES2011b.B.words656" starttime="947.96" endtime="948.18">since</w>
   <w nite:id="ES2011b.B.words657" starttime="948.18" endtime="948.25">the</w>
   <w nite:id="ES2011b.B.words658" starttime="948.25" endtime="948.52">T_V_</w>
   <w nite:id="ES2011b.B.words659" starttime="948.52" endtime="948.77">already</w>
   <w nite:id="ES2011b.B.words660" starttime="948.77" endtime="948.96">has</w>
   <w nite:id="ES2011b.B.words661" starttime="948.96" endtime="950.47">power</w>
   <w nite:id="ES2011b.B.words662" starttime="950.47" endtime="950.47" punc="true">.</w>
   <w nite:id="ES2011b.B.words663" starttime="950.47" endtime="950.79">Yeah</w>
   <w nite:id="ES2011b.B.words664" starttime="950.79" endtime="950.88">you</w>
   <w nite:id="ES2011b.B.words665" starttime="950.88" endtime="951.1">click</w>
   <w nite:id="ES2011b.B.words666" starttime="951.1" endtime="951.19">the</w>
   <w nite:id="ES2011b.B.words667" starttime="951.19" endtime="951.59">button</w>
   <w nite:id="ES2011b.B.words668" starttime="951.59" endtime="951.59" punc="true">,</w>
   <w nite:id="ES2011b.B.words669" starttime="951.59" endtime="951.73">it&#39;s</w>
   <w nite:id="ES2011b.B.words670" starttime="951.73" endtime="951.88">gonna</w>
   <w nite:id="ES2011b.B.words671" starttime="951.88" endtime="952.1">send</w>
   <w nite:id="ES2011b.B.words672" starttime="952.1" endtime="952.21">out</w>
   <w nite:id="ES2011b.B.words673" starttime="952.21" endtime="952.27">a</w>
   <w nite:id="ES2011b.B.words674" starttime="952.27" endtime="953.66">signal</w>
   <w nite:id="ES2011b.B.words675" starttime="953.66" endtime="953.66" punc="true">,</w>
   <w nite:id="ES2011b.B.words676" starttime="953.66" endtime="953.75">and</w>
   <w nite:id="ES2011b.B.words677" starttime="953.75" endtime="953.78">I</w>
   <w nite:id="ES2011b.B.words678" starttime="953.78" endtime="953.89">was</w>
   <w nite:id="ES2011b.B.words679" starttime="953.89" endtime="954.28">thinking</w>
   <w nite:id="ES2011b.B.words680" starttime="954.28" endtime="954.28" punc="true">,</w>
   <w nite:id="ES2011b.B.words681" starttime="954.28" endtime="954.72">I_R_</w>
   <w nite:id="ES2011b.B.words682" starttime="954.72" endtime="955.22">is</w>
   <w nite:id="ES2011b.B.words683" starttime="955.22" endtime="955.44">line</w>
   <w nite:id="ES2011b.B.words684" starttime="955.44" endtime="955.52">of</w>
   <w nite:id="ES2011b.B.words685" starttime="955.52" endtime="956.0">sight</w>
   <w nite:id="ES2011b.B.words686" starttime="956.0" endtime="956.0" punc="true">,</w>
   <w nite:id="ES2011b.B.words687" starttime="956.0" endtime="956.19">so</w>
   <w nite:id="ES2011b.B.words688" starttime="956.19" endtime="956.44">unless</w>
   <w nite:id="ES2011b.B.words689" starttime="956.44" endtime="956.5">the</w>
   <w nite:id="ES2011b.B.words690" starttime="956.5" endtime="956.74">remote</w>
   <w nite:id="ES2011b.B.words691" starttime="956.74" endtime="956.85">is</w>
   <w nite:id="ES2011b.B.words692" starttime="956.85" endtime="957.04">like</w>
   <w nite:id="ES2011b.B.words693" starttime="957.04" endtime="957.63">actually</w>
   <w nite:id="ES2011b.B.words694" starttime="957.63" endtime="957.71">in</w>
   <w nite:id="ES2011b.B.words695" starttime="957.71" endtime="957.94">front</w>
   <w nite:id="ES2011b.B.words696" starttime="957.94" endtime="958.0">of</w>
   <w nite:id="ES2011b.B.words697" starttime="958.0" endtime="958.07">the</w>
   <w nite:id="ES2011b.B.words698" starttime="958.07" endtime="958.43">T_V_</w>
   <w nite:id="ES2011b.B.words699" starttime="958.43" endtime="958.58">it&#39;s</w>
   <w nite:id="ES2011b.B.words700" starttime="958.58" endtime="958.72">not</w>
   <w nite:id="ES2011b.B.words701" starttime="958.72" endtime="958.9">gonna</w>
   <w nite:id="ES2011b.B.words702" starttime="958.9" endtime="959.85">work</w>
   <w nite:id="ES2011b.B.words703" starttime="959.85" endtime="959.85" punc="true">,</w>
   <w nite:id="ES2011b.B.words704" starttime="959.85" endtime="960.12">um</w>
   <w nite:id="ES2011b.B.words705" starttime="960.12" endtime="960.22">so</w>
   <w nite:id="ES2011b.B.words706" starttime="960.22" endtime="960.48">probably</w>
   <w nite:id="ES2011b.B.words707" starttime="960.48" endtime="960.62">like</w>
   <w nite:id="ES2011b.B.words708" starttime="960.62" endtime="960.69">a</w>
   <w nite:id="ES2011b.B.words709" starttime="960.69" endtime="960.97">radio</w>
   <w nite:id="ES2011b.B.words710" starttime="960.97" endtime="961.3">signal</w>
   <w nite:id="ES2011b.B.words711" starttime="961.3" endtime="961.45">like</w>
   <w nite:id="ES2011b.B.words712" starttime="961.45" endtime="961.55">on</w>
   <w nite:id="ES2011b.B.words713" starttime="961.55" endtime="962.12">a</w>
   <w nite:id="ES2011b.B.words714" starttime="962.12" endtime="962.24">on</w>
   <w nite:id="ES2011b.B.words715" starttime="962.24" endtime="962.3">a</w>
   <w nite:id="ES2011b.B.words716" starttime="962.3" endtime="962.5">cell</w>
   <w nite:id="ES2011b.B.words717" starttime="962.5" endtime="963.26">phone</w>
   <w nite:id="ES2011b.B.words718" starttime="963.26" endtime="963.26" punc="true">.</w>
   <w nite:id="ES2011b.B.words719" starttime="963.26" endtime="963.49">Sends</w>
   <w nite:id="ES2011b.B.words720" starttime="963.49" endtime="963.61">out</w>
   <w nite:id="ES2011b.B.words721" starttime="963.61" endtime="963.64">a</w>
   <w nite:id="ES2011b.B.words722" starttime="963.64" endtime="964.02">signal</w>
   <w nite:id="ES2011b.B.words723" starttime="964.02" endtime="964.13">and</w>
   <w nite:id="ES2011b.B.words724" starttime="964.13" endtime="964.74">then</w>
   <w nite:id="ES2011b.B.words725" starttime="964.74" endtime="965.45">the</w>
   <w nite:id="ES2011b.B.words726" starttime="965.45" endtime="965.56">the</w>
   <w nite:id="ES2011b.B.words727" starttime="965.56" endtime="966.35">remote</w>
   <w nite:id="ES2011b.B.words728" starttime="966.35" endtime="966.57">hears</w>
   <w nite:id="ES2011b.B.words729" starttime="966.57" endtime="966.66">the</w>
   <w nite:id="ES2011b.B.words730" starttime="966.66" endtime="967.02">signal</w>
   <w nite:id="ES2011b.B.words731" starttime="967.02" endtime="967.18">and</w>
   <w nite:id="ES2011b.B.words732" starttime="967.18" endtime="967.3">so</w>
   <w nite:id="ES2011b.B.words733" starttime="967.3" endtime="967.42">it</w>
   <w nite:id="ES2011b.B.words734" starttime="967.42" endtime="967.77">beeps</w>
   <w nite:id="ES2011b.B.words735" starttime="967.77" endtime="968.27">probably</w>
   <w nite:id="ES2011b.B.words736" starttime="968.27" endtime="968.27" punc="true">.</w>
   <w nite:id="ES2011b.B.words737" starttime="972.15" endtime="972.21">It</w>
   <w nite:id="ES2011b.B.words738" starttime="972.21" endtime="972.3">would</w>
   <w nite:id="ES2011b.B.words739" starttime="972.3" endtime="972.42">have</w>
   <w nite:id="ES2011b.B.words740" starttime="972.42" endtime="972.48">to</w>
   <w nite:id="ES2011b.B.words741" starttime="972.48" endtime="972.59">be</w>
   <w nite:id="ES2011b.B.words742" starttime="972.59" endtime="972.85">sold</w>
   <w nite:id="ES2011b.B.words743" starttime="972.85" endtime="973.36">separately</w>
   <w nite:id="ES2011b.B.words744" starttime="973.36" endtime="973.83">because</w>
   <w nite:id="ES2011b.B.words745" starttime="973.83" endtime="973.98">if</w>
   <w nite:id="ES2011b.B.words746" starttime="973.98" endtime="974.06">the</w>
   <w nite:id="ES2011b.B.words747" starttime="974.06" endtime="974.41">sender&#39;s</w>
   <w nite:id="ES2011b.B.words748" starttime="974.41" endtime="974.51">on</w>
   <w nite:id="ES2011b.B.words749" starttime="974.51" endtime="974.58">the</w>
   <w nite:id="ES2011b.B.words750" starttime="974.58" endtime="975.29">remote</w>
   <w nite:id="ES2011b.B.words751" starttime="975.29" endtime="975.38">then</w>
   <w nite:id="ES2011b.B.words752" starttime="975.38" endtime="975.47">you&#39;d</w>
   <w nite:id="ES2011b.B.words753" starttime="975.47" endtime="975.6">have</w>
   <w nite:id="ES2011b.B.words754" starttime="975.6" endtime="975.68">to</w>
   <w nite:id="ES2011b.B.words755" starttime="975.68" endtime="975.89">find</w>
   <w nite:id="ES2011b.B.words756" starttime="975.89" endtime="975.95">the</w>
   <w nite:id="ES2011b.B.words757" starttime="975.95" endtime="976.2">remote</w>
   <w nite:id="ES2011b.B.words758" starttime="976.2" endtime="976.62">first</w>
   <w nite:id="ES2011b.B.words759" starttime="976.62" endtime="976.7">to</w>
   <w nite:id="ES2011b.B.words760" starttime="976.7" endtime="976.9">click</w>
   <w nite:id="ES2011b.B.words761" starttime="976.9" endtime="976.97">the</w>
   <w nite:id="ES2011b.B.words762" starttime="976.97" endtime="977.21">button</w>
   <w nite:id="ES2011b.B.words763" starttime="977.21" endtime="977.28">to</w>
   <w nite:id="ES2011b.B.words764" starttime="977.28" endtime="977.48">find</w>
   <w nite:id="ES2011b.B.words765" starttime="977.48" endtime="977.54">the</w>
   <w nite:id="ES2011b.B.words766" starttime="977.54" endtime="978.41">remote</w>
   <vocalsound nite:id="ES2011b.B.words767" starttime="978.41" endtime="978.41" type="laugh"/>
   <w nite:id="ES2011b.B.words768" starttime="978.41" endtime="978.41" punc="true">.</w>
   <w nite:id="ES2011b.B.words769" starttime="982.93" endtime="983.05">Yeah</w>
   <w nite:id="ES2011b.B.words770" starttime="983.05" endtime="983.05" punc="true">,</w>
   <w nite:id="ES2011b.B.words771" starttime="983.05" endtime="983.17">it&#39;d</w>
   <w nite:id="ES2011b.B.words772" starttime="983.17" endtime="983.41">probably</w>
   <w nite:id="ES2011b.B.words773" starttime="983.41" endtime="983.53">just</w>
   <w nite:id="ES2011b.B.words774" starttime="983.53" endtime="983.69">stick</w>
   <w nite:id="ES2011b.B.words775" starttime="983.69" endtime="983.76">it</w>
   <w nite:id="ES2011b.B.words776" starttime="983.76" endtime="983.83">on</w>
   <w nite:id="ES2011b.B.words777" starttime="983.83" endtime="983.93">your</w>
   <w nite:id="ES2011b.B.words778" starttime="983.93" endtime="984.38">T_V_</w>
   <w nite:id="ES2011b.B.words779" starttime="984.38" endtime="984.58">so</w>
   <w nite:id="ES2011b.B.words780" starttime="984.58" endtime="984.68">if</w>
   <w nite:id="ES2011b.B.words781" starttime="984.68" endtime="984.74">you</w>
   <w nite:id="ES2011b.B.words782" starttime="984.74" endtime="984.88">need</w>
   <w nite:id="ES2011b.B.words783" starttime="984.88" endtime="984.95">to</w>
   <w nite:id="ES2011b.B.words784" starttime="984.95" endtime="985.14">find</w>
   <w nite:id="ES2011b.B.words785" starttime="985.14" endtime="985.2">the</w>
   <w nite:id="ES2011b.B.words786" starttime="985.2" endtime="985.52">remote</w>
   <w nite:id="ES2011b.B.words787" starttime="985.52" endtime="985.52" punc="true">,</w>
   <w nite:id="ES2011b.B.words788" starttime="985.52" endtime="985.74">click</w>
   <w nite:id="ES2011b.B.words789" starttime="985.74" endtime="985.82">the</w>
   <w nite:id="ES2011b.B.words790" starttime="985.82" endtime="986.2">button</w>
   <w nite:id="ES2011b.B.words791" starttime="986.2" endtime="986.2" punc="true">.</w>
   <w nite:id="ES2011b.B.words792" starttime="988.0" endtime="988.28">Yeah</w>
   <w nite:id="ES2011b.B.words793" starttime="988.28" endtime="988.28" punc="true">,</w>
   <w nite:id="ES2011b.B.words794" starttime="988.28" endtime="988.37">so</w>
   <w nite:id="ES2011b.B.words795" starttime="988.37" endtime="988.44">it</w>
   <w nite:id="ES2011b.B.words796" starttime="988.44" endtime="988.57">would</w>
   <w nite:id="ES2011b.B.words797" starttime="988.57" endtime="988.65">be</w>
   <w nite:id="ES2011b.B.words798" starttime="988.65" endtime="988.69">a</w>
   <w nite:id="ES2011b.B.words799" starttime="988.69" endtime="988.83">two</w>
   <w nite:id="ES2011b.B.words800" starttime="988.83" endtime="989.05">part</w>
   <w nite:id="ES2011b.B.words801" starttime="989.05" endtime="989.66">package</w>
   <w nite:id="ES2011b.B.words802" starttime="989.66" endtime="989.66" punc="true">.</w>
   <vocalsound nite:id="ES2011b.B.words803" starttime="992.352" endtime="993.203" type="laugh"/>
   <w nite:id="ES2011b.B.words804" starttime="1004.91" endtime="1005.18">Yeah</w>
   <w nite:id="ES2011b.B.words805" starttime="1005.18" endtime="1005.27">I</w>
   <w nite:id="ES2011b.B.words806" starttime="1005.27" endtime="1005.45">think</w>
   <w nite:id="ES2011b.B.words807" starttime="1005.45" endtime="1005.64">so</w>
   <w nite:id="ES2011b.B.words808" starttime="1005.64" endtime="1005.64" punc="true">.</w>
   <vocalsound nite:id="ES2011b.B.words809" starttime="1031.818" endtime="1033.184" type="laugh"/>
   <w nite:id="ES2011b.B.words810" starttime="1041.85" endtime="1042.16">Um</w>
   <w nite:id="ES2011b.B.words811" starttime="1042.16" endtime="1042.27">on</w>
   <w nite:id="ES2011b.B.words812" starttime="1042.27" endtime="1042.35">the</w>
   <w nite:id="ES2011b.B.words813" starttime="1042.35" endtime="1042.71">T_V_</w>
   <w nite:id="ES2011b.B.words814" starttime="1042.71" endtime="1042.81">or</w>
   <w nite:id="ES2011b.B.words815" starttime="1042.81" endtime="1042.92">on</w>
   <w nite:id="ES2011b.B.words816" starttime="1042.92" endtime="1043.0">the</w>
   <w nite:id="ES2011b.B.words817" starttime="1043.0" endtime="1044.65">phone</w>
   <w nite:id="ES2011b.B.words818" starttime="1044.65" endtime="1044.65" punc="true">?</w>
   <w nite:id="ES2011b.B.words819" starttime="1044.65" endtime="1046.22">Um</w>
   <w nite:id="ES2011b.B.words820" starttime="1046.22" endtime="1046.28">it</w>
   <w nite:id="ES2011b.B.words821" starttime="1046.28" endtime="1046.49">seemed</w>
   <w nite:id="ES2011b.B.words822" starttime="1046.49" endtime="1046.61">like</w>
   <w nite:id="ES2011b.B.words823" starttime="1046.61" endtime="1047.0">a</w>
   <disfmarker nite:id="ES2011b.B.words824" starttime="1047.0" endtime="1047.0"/>
   <w nite:id="ES2011b.B.words825" starttime="1047.0" endtime="1047.11">a</w>
   <w nite:id="ES2011b.B.words826" starttime="1047.11" endtime="1047.34">beep</w>
   <w nite:id="ES2011b.B.words827" starttime="1047.34" endtime="1047.59">seemed</w>
   <w nite:id="ES2011b.B.words828" starttime="1047.59" endtime="1047.68">the</w>
   <w nite:id="ES2011b.B.words829" starttime="1047.68" endtime="1047.9">most</w>
   <w nite:id="ES2011b.B.words830" starttime="1047.9" endtime="1048.23">reasonable</w>
   <w nite:id="ES2011b.B.words831" starttime="1048.23" endtime="1048.29">to</w>
   <w nite:id="ES2011b.B.words832" starttime="1048.29" endtime="1048.4">me</w>
   <w nite:id="ES2011b.B.words833" starttime="1048.4" endtime="1048.4" punc="true">,</w>
   <w nite:id="ES2011b.B.words834" starttime="1048.4" endtime="1048.5">I</w>
   <w nite:id="ES2011b.B.words835" starttime="1048.5" endtime="1048.67">think</w>
   <w nite:id="ES2011b.B.words836" starttime="1048.67" endtime="1048.86">that&#39;s</w>
   <w nite:id="ES2011b.B.words837" starttime="1048.86" endtime="1048.98">what</w>
   <w nite:id="ES2011b.B.words838" starttime="1048.98" endtime="1049.06">the</w>
   <w nite:id="ES2011b.B.words839" starttime="1049.06" endtime="1049.38">phone</w>
   <w nite:id="ES2011b.B.words840" starttime="1049.38" endtime="1050.45">has</w>
   <w nite:id="ES2011b.B.words841" starttime="1050.45" endtime="1050.45" punc="true">,</w>
   <w nite:id="ES2011b.B.words842" starttime="1050.45" endtime="1050.52">I</w>
   <w nite:id="ES2011b.B.words843" starttime="1050.52" endtime="1050.62">mean</w>
   <w nite:id="ES2011b.B.words844" starttime="1050.62" endtime="1050.71">when</w>
   <w nite:id="ES2011b.B.words845" starttime="1050.71" endtime="1050.8">you</w>
   <w nite:id="ES2011b.B.words846" starttime="1050.8" endtime="1050.94">need</w>
   <w nite:id="ES2011b.B.words847" starttime="1050.94" endtime="1051.01">to</w>
   <w nite:id="ES2011b.B.words848" starttime="1051.01" endtime="1051.18">find</w>
   <w nite:id="ES2011b.B.words849" starttime="1051.18" endtime="1051.28">your</w>
   <w nite:id="ES2011b.B.words850" starttime="1051.28" endtime="1051.48">phone</w>
   <w nite:id="ES2011b.B.words851" starttime="1051.48" endtime="1051.48" punc="true">,</w>
   <w nite:id="ES2011b.B.words852" starttime="1051.48" endtime="1051.55">you</w>
   <w nite:id="ES2011b.B.words853" starttime="1051.55" endtime="1051.67">just</w>
   <w nite:id="ES2011b.B.words854" starttime="1051.67" endtime="1051.77">have</w>
   <w nite:id="ES2011b.B.words855" starttime="1051.77" endtime="1051.98">someone</w>
   <w nite:id="ES2011b.B.words856" starttime="1051.98" endtime="1052.28">call</w>
   <w nite:id="ES2011b.B.words857" starttime="1052.28" endtime="1052.55">it</w>
   <vocalsound nite:id="ES2011b.B.words858" starttime="1052.55" endtime="1052.55" type="laugh"/>
   <w nite:id="ES2011b.B.words859" starttime="1052.55" endtime="1052.67">and</w>
   <w nite:id="ES2011b.B.words860" starttime="1052.67" endtime="1052.8">it</w>
   <w nite:id="ES2011b.B.words861" starttime="1052.8" endtime="1053.12">starts</w>
   <w nite:id="ES2011b.B.words862" starttime="1053.12" endtime="1053.42">ringing</w>
   <w nite:id="ES2011b.B.words863" starttime="1053.42" endtime="1053.76">somewhere</w>
   <w nite:id="ES2011b.B.words864" starttime="1053.76" endtime="1053.86">and</w>
   <w nite:id="ES2011b.B.words865" starttime="1053.86" endtime="1053.95">then</w>
   <w nite:id="ES2011b.B.words866" starttime="1053.95" endtime="1054.04">you</w>
   <w nite:id="ES2011b.B.words867" starttime="1054.04" endtime="1054.5">can</w>
   <w nite:id="ES2011b.B.words868" starttime="1054.5" endtime="1054.72">figure</w>
   <w nite:id="ES2011b.B.words869" starttime="1054.72" endtime="1054.83">out</w>
   <w nite:id="ES2011b.B.words870" starttime="1054.83" endtime="1054.92">that</w>
   <w nite:id="ES2011b.B.words871" starttime="1054.92" endtime="1055.02">it&#39;s</w>
   <w nite:id="ES2011b.B.words872" starttime="1055.02" endtime="1055.09">in</w>
   <w nite:id="ES2011b.B.words873" starttime="1055.09" endtime="1055.17">the</w>
   <w nite:id="ES2011b.B.words874" starttime="1055.17" endtime="1055.56">couch</w>
   <w nite:id="ES2011b.B.words875" starttime="1055.56" endtime="1055.65">or</w>
   <w nite:id="ES2011b.B.words876" starttime="1055.65" endtime="1055.93">wherever</w>
   <w nite:id="ES2011b.B.words877" starttime="1055.93" endtime="1055.93" punc="true">.</w>
   <vocalsound nite:id="ES2011b.B.words878" starttime="1075.699" endtime="1077.192" type="laugh"/>
   <w nite:id="ES2011b.B.words879" starttime="1095.43" endtime="1095.57">Does</w>
   <w nite:id="ES2011b.B.words880" starttime="1095.57" endtime="1095.91">anyone</w>
   <w nite:id="ES2011b.B.words881" starttime="1095.91" endtime="1096.07">know</w>
   <w nite:id="ES2011b.B.words882" starttime="1096.07" endtime="1096.23">if</w>
   <w nite:id="ES2011b.B.words883" starttime="1096.23" endtime="1096.81">V_C_R_s</w>
   <w nite:id="ES2011b.B.words884" starttime="1096.81" endtime="1096.89">are</w>
   <w nite:id="ES2011b.B.words885" starttime="1096.89" endtime="1097.0">the</w>
   <w nite:id="ES2011b.B.words886" starttime="1097.0" endtime="1097.69">same</w>
   <w nite:id="ES2011b.B.words887" starttime="1097.69" endtime="1098.59">across</w>
   <disfmarker nite:id="ES2011b.B.words888" starttime="1098.59" endtime="1098.59"/>
   <w nite:id="ES2011b.B.words889" starttime="1098.59" endtime="1099.4">international</w>
   <w nite:id="ES2011b.B.words890" starttime="1099.4" endtime="1099.4" punc="true">?</w>
   <w nite:id="ES2011b.B.words891" starttime="1101.41" endtime="1101.62">Okay</w>
   <w nite:id="ES2011b.B.words892" starttime="1101.62" endtime="1101.62" punc="true">,</w>
   <w nite:id="ES2011b.B.words893" starttime="1101.62" endtime="1101.72">so</w>
   <w nite:id="ES2011b.B.words894" starttime="1101.72" endtime="1101.81">you&#39;d</w>
   <w nite:id="ES2011b.B.words895" starttime="1101.81" endtime="1102.0">need</w>
   <w nite:id="ES2011b.B.words896" starttime="1102.0" endtime="1102.16">like</w>
   <w nite:id="ES2011b.B.words897" starttime="1102.16" endtime="1102.2">a</w>
   <w nite:id="ES2011b.B.words898" starttime="1102.2" endtime="1102.63">whole</w>
   <w nite:id="ES2011b.B.words899" starttime="1102.63" endtime="1103.0">different</w>
   <w nite:id="ES2011b.B.words900" starttime="1103.0" endtime="1103.19">set</w>
   <w nite:id="ES2011b.B.words901" starttime="1103.19" endtime="1103.28">of</w>
   <w nite:id="ES2011b.B.words902" starttime="1103.28" endtime="1103.62">buttons</w>
   <w nite:id="ES2011b.B.words903" starttime="1103.62" endtime="1103.77">for</w>
   <w nite:id="ES2011b.B.words904" starttime="1103.77" endtime="1104.28">everybody&#39;s</w>
   <w nite:id="ES2011b.B.words905" starttime="1104.28" endtime="1105.2">V_C_R_s</w>
   <w nite:id="ES2011b.B.words906" starttime="1105.2" endtime="1105.2" punc="true">.</w>
   <w nite:id="ES2011b.B.words907" starttime="1107.46" endtime="1107.71">Yeah</w>
   <w nite:id="ES2011b.B.words908" starttime="1107.71" endtime="1107.71" punc="true">,</w>
   <w nite:id="ES2011b.B.words909" starttime="1107.71" endtime="1107.87">other</w>
   <w nite:id="ES2011b.B.words910" starttime="1107.87" endtime="1108.01">than</w>
   <w nite:id="ES2011b.B.words911" starttime="1108.01" endtime="1108.22">that</w>
   <w nite:id="ES2011b.B.words912" starttime="1108.22" endtime="1108.56">region</w>
   <w nite:id="ES2011b.B.words913" starttime="1108.56" endtime="1108.68">and</w>
   <w nite:id="ES2011b.B.words914" starttime="1108.68" endtime="1109.06">coding</w>
   <w nite:id="ES2011b.B.words915" starttime="1109.06" endtime="1109.33">thing</w>
   <w nite:id="ES2011b.B.words916" starttime="1109.33" endtime="1109.33" punc="true">.</w>
   <w nite:id="ES2011b.B.words917" starttime="1117.83" endtime="1118.31">Mm-hmm</w>
   <w nite:id="ES2011b.B.words918" starttime="1118.31" endtime="1118.31" punc="true">.</w>
   <w nite:id="ES2011b.B.words919" starttime="1147.84" endtime="1148.1">Mm-hmm</w>
   <w nite:id="ES2011b.B.words920" starttime="1148.1" endtime="1148.1" punc="true">.</w>
   <w nite:id="ES2011b.B.words921" starttime="1178.12" endtime="1178.3">Yeah</w>
   <w nite:id="ES2011b.B.words922" starttime="1178.3" endtime="1178.3" punc="true">,</w>
   <w nite:id="ES2011b.B.words923" starttime="1178.3" endtime="1178.33">I</w>
   <w nite:id="ES2011b.B.words924" starttime="1178.33" endtime="1178.54">never</w>
   <w nite:id="ES2011b.B.words925" starttime="1178.54" endtime="1178.71">think</w>
   <w nite:id="ES2011b.B.words926" starttime="1178.71" endtime="1178.82">to</w>
   <w nite:id="ES2011b.B.words927" starttime="1178.82" endtime="1179.11">hold</w>
   <w nite:id="ES2011b.B.words928" starttime="1179.11" endtime="1179.49">something</w>
   <w nite:id="ES2011b.B.words929" starttime="1179.49" endtime="1181.36">down</w>
   <w nite:id="ES2011b.B.words930" starttime="1181.36" endtime="1181.36" punc="true">.</w>
   <vocalsound nite:id="ES2011b.B.words931" starttime="1181.36" endtime="1181.621" type="laugh"/>
   <vocalsound nite:id="ES2011b.B.words932" starttime="1204.018" endtime="1205.278" type="laugh"/>
   <w nite:id="ES2011b.B.words933" starttime="1237.83" endtime="1238.13">Yeah</w>
   <w nite:id="ES2011b.B.words934" starttime="1238.13" endtime="1238.13" punc="true">,</w>
   <w nite:id="ES2011b.B.words935" starttime="1238.13" endtime="1238.25">you</w>
   <w nite:id="ES2011b.B.words936" starttime="1238.25" endtime="1238.36">can</w>
   <w nite:id="ES2011b.B.words937" starttime="1238.36" endtime="1238.5">have</w>
   <w nite:id="ES2011b.B.words938" starttime="1238.5" endtime="1238.56">the</w>
   <w nite:id="ES2011b.B.words939" starttime="1238.56" endtime="1239.01">number</w>
   <w nite:id="ES2011b.B.words940" starttime="1239.01" endtime="1239.3">going</w>
   <w nite:id="ES2011b.B.words941" starttime="1239.3" endtime="1239.6">around</w>
   <w nite:id="ES2011b.B.words942" starttime="1239.6" endtime="1239.66">in</w>
   <w nite:id="ES2011b.B.words943" starttime="1239.66" endtime="1239.74">the</w>
   <w nite:id="ES2011b.B.words944" starttime="1239.74" endtime="1240.36">corner</w>
   <w nite:id="ES2011b.B.words945" starttime="1240.36" endtime="1240.36" punc="true">.</w>
   <w nite:id="ES2011b.B.words946" starttime="1294.88" endtime="1295.12">Doesn&#39;t</w>
   <w nite:id="ES2011b.B.words947" starttime="1295.12" endtime="1295.24">it</w>
   <w nite:id="ES2011b.B.words948" starttime="1295.24" endtime="1295.63">rotate</w>
   <w nite:id="ES2011b.B.words949" starttime="1295.63" endtime="1295.81">though</w>
   <w nite:id="ES2011b.B.words950" starttime="1295.81" endtime="1295.81" punc="true">,</w>
   <w nite:id="ES2011b.B.words951" starttime="1295.81" endtime="1296.01">so</w>
   <w nite:id="ES2011b.B.words952" starttime="1296.01" endtime="1296.14">it&#39;ll</w>
   <w nite:id="ES2011b.B.words953" starttime="1296.14" endtime="1296.85">be</w>
   <w nite:id="ES2011b.B.words954" starttime="1296.85" endtime="1297.18">moving</w>
   <w nite:id="ES2011b.B.words955" starttime="1297.18" endtime="1297.63">around</w>
   <w nite:id="ES2011b.B.words956" starttime="1297.63" endtime="1297.63" punc="true">.</w>
   <w nite:id="ES2011b.B.words957" starttime="1317.44" endtime="1317.68">Mm-hmm</w>
   <w nite:id="ES2011b.B.words958" starttime="1317.68" endtime="1317.68" punc="true">.</w>
   <vocalsound nite:id="ES2011b.B.words959" starttime="1335.216" endtime="1335.216" type="laugh"/>
   <w nite:id="ES2011b.B.words960" starttime="1336.24" endtime="1336.39">If</w>
   <w nite:id="ES2011b.B.words961" starttime="1336.39" endtime="1336.49">it</w>
   <w nite:id="ES2011b.B.words962" starttime="1336.49" endtime="1336.7">works</w>
   <w nite:id="ES2011b.B.words963" starttime="1336.7" endtime="1336.83">on</w>
   <w nite:id="ES2011b.B.words964" starttime="1336.83" endtime="1336.94">an</w>
   <w nite:id="ES2011b.B.words965" starttime="1336.94" endtime="1337.31">iPod</w>
   <w nite:id="ES2011b.B.words966" starttime="1337.31" endtime="1337.42">then</w>
   <w nite:id="ES2011b.B.words967" starttime="1337.42" endtime="1337.53">it</w>
   <w nite:id="ES2011b.B.words968" starttime="1337.53" endtime="1337.87">works</w>
   <w nite:id="ES2011b.B.words969" starttime="1337.87" endtime="1337.87" punc="true">.</w>
   <w nite:id="ES2011b.B.words970" starttime="1339.42" endtime="1339.45">I</w>
   <w nite:id="ES2011b.B.words971" starttime="1339.45" endtime="1339.67">don&#39;t</w>
   <w nite:id="ES2011b.B.words972" starttime="1339.67" endtime="1339.85">have</w>
   <w nite:id="ES2011b.B.words973" starttime="1339.85" endtime="1340.31">one</w>
   <w nite:id="ES2011b.B.words974" starttime="1340.31" endtime="1340.31" punc="true">.</w>
   <w nite:id="ES2011b.B.words975" starttime="1348.05" endtime="1348.46">Oh</w>
   <w nite:id="ES2011b.B.words976" starttime="1348.46" endtime="1348.46" punc="true">.</w>
   <w nite:id="ES2011b.B.words977" starttime="1398.45" endtime="1398.98">Yeah</w>
   <vocalsound nite:id="ES2011b.B.words978" starttime="1398.98" endtime="1398.98" type="laugh"/>
   <w nite:id="ES2011b.B.words979" starttime="1398.98" endtime="1398.98" punc="true">.</w>
   <vocalsound nite:id="ES2011b.B.words980" starttime="1404.096" endtime="1404.096" type="laugh"/>
   <w nite:id="ES2011b.B.words981" starttime="1405.27" endtime="1405.31">I</w>
   <w nite:id="ES2011b.B.words982" starttime="1405.31" endtime="1405.5">don&#39;t</w>
   <w nite:id="ES2011b.B.words983" starttime="1405.5" endtime="1405.68">think</w>
   <w nite:id="ES2011b.B.words984" starttime="1405.68" endtime="1406.04">so</w>
   <w nite:id="ES2011b.B.words985" starttime="1406.04" endtime="1406.04" punc="true">.</w>
   <w nite:id="ES2011b.B.words986" starttime="1407.03" endtime="1407.1">I</w>
   <w nite:id="ES2011b.B.words987" starttime="1407.1" endtime="1407.32">don&#39;t</w>
   <w nite:id="ES2011b.B.words988" starttime="1407.32" endtime="1407.49">think</w>
   <w nite:id="ES2011b.B.words989" starttime="1407.49" endtime="1407.75">it&#39;s</w>
   <w nite:id="ES2011b.B.words990" starttime="1407.75" endtime="1408.34">the</w>
   <w nite:id="ES2011b.B.words991" starttime="1408.34" endtime="1408.53">wheel</w>
   <w nite:id="ES2011b.B.words992" starttime="1408.53" endtime="1409.33" mispronounced="true">dealy</w>
   <w nite:id="ES2011b.B.words993" starttime="1409.33" endtime="1409.33" punc="true">.</w>
   <w nite:id="ES2011b.B.words994" starttime="1414.39" endtime="1414.71">Yeah</w>
   <w nite:id="ES2011b.B.words995" starttime="1414.71" endtime="1414.71" punc="true">.</w>
   <vocalsound nite:id="ES2011b.B.words996" starttime="1414.943" endtime="1414.943" type="other"/>
   <w nite:id="ES2011b.B.words997" starttime="1414.943" endtime="1414.943" punc="true">.</w>
   <w nite:id="ES2011b.B.words998" starttime="1417.98" endtime="1418.08">And</w>
   <w nite:id="ES2011b.B.words999" starttime="1418.08" endtime="1418.2">they&#39;re</w>
   <w nite:id="ES2011b.B.words1000" starttime="1418.2" endtime="1419.06">re-programmable</w>
   <w nite:id="ES2011b.B.words1001" starttime="1419.06" endtime="1419.3">aren&#39;t</w>
   <w nite:id="ES2011b.B.words1002" starttime="1419.3" endtime="1419.47">they</w>
   <w nite:id="ES2011b.B.words1003" starttime="1419.47" endtime="1419.47" punc="true">?</w>
   <w nite:id="ES2011b.B.words1004" starttime="1419.47" endtime="1419.61">You</w>
   <w nite:id="ES2011b.B.words1005" starttime="1419.61" endtime="1419.75">can</w>
   <w nite:id="ES2011b.B.words1006" starttime="1419.75" endtime="1419.9">put</w>
   <w nite:id="ES2011b.B.words1007" starttime="1419.9" endtime="1420.0">on</w>
   <w nite:id="ES2011b.B.words1008" starttime="1420.0" endtime="1420.13">your</w>
   <w nite:id="ES2011b.B.words1009" starttime="1420.13" endtime="1420.43">songs</w>
   <w nite:id="ES2011b.B.words1010" starttime="1420.43" endtime="1420.52">and</w>
   <w nite:id="ES2011b.B.words1011" starttime="1420.52" endtime="1420.61">then</w>
   <w nite:id="ES2011b.B.words1012" starttime="1420.61" endtime="1420.73">put</w>
   <w nite:id="ES2011b.B.words1013" starttime="1420.73" endtime="1420.8">on</w>
   <w nite:id="ES2011b.B.words1014" starttime="1420.8" endtime="1420.85">a</w>
   <w nite:id="ES2011b.B.words1015" starttime="1420.85" endtime="1421.14">different</w>
   <w nite:id="ES2011b.B.words1016" starttime="1421.14" endtime="1421.35">set</w>
   <w nite:id="ES2011b.B.words1017" starttime="1421.35" endtime="1421.35" punc="true">,</w>
   <w nite:id="ES2011b.B.words1018" starttime="1421.35" endtime="1421.54">that&#39;s</w>
   <w nite:id="ES2011b.B.words1019" starttime="1421.54" endtime="1421.78">probably</w>
   <w nite:id="ES2011b.B.words1020" starttime="1421.78" endtime="1421.91">why</w>
   <w nite:id="ES2011b.B.words1021" starttime="1421.91" endtime="1422.03">they&#39;re</w>
   <w nite:id="ES2011b.B.words1022" starttime="1422.03" endtime="1423.07">expensive</w>
   <w nite:id="ES2011b.B.words1023" starttime="1423.07" endtime="1423.07" punc="true">,</w>
   <w nite:id="ES2011b.B.words1024" starttime="1423.07" endtime="1423.17">they&#39;re</w>
   <w nite:id="ES2011b.B.words1025" starttime="1423.17" endtime="1423.34">like</w>
   <w nite:id="ES2011b.B.words1026" starttime="1423.34" endtime="1423.52">little</w>
   <w nite:id="ES2011b.B.words1027" starttime="1423.52" endtime="1424.13">computers</w>
   <w nite:id="ES2011b.B.words1028" starttime="1424.13" endtime="1424.13" punc="true">.</w>
   <w nite:id="ES2011b.B.words1029" starttime="1431.4" endtime="1431.66">Mm-hmm</w>
   <w nite:id="ES2011b.B.words1030" starttime="1431.66" endtime="1431.66" punc="true">.</w>
   <vocalsound nite:id="ES2011b.B.words1031" starttime="1434.456" endtime="1435.591" type="laugh"/>
   <w nite:id="ES2011b.B.words1032" starttime="1469.1" endtime="1469.26">I</w>
   <disfmarker nite:id="ES2011b.B.words1033" starttime="1469.26" endtime="1469.495"/>
   <w nite:id="ES2011b.B.words1034" starttime="1470.6" endtime="1470.69">A</w>
   <w nite:id="ES2011b.B.words1035" starttime="1470.69" endtime="1471.05">D_V_D_</w>
   <w nite:id="ES2011b.B.words1036" starttime="1471.05" endtime="1471.19">is</w>
   <w nite:id="ES2011b.B.words1037" starttime="1471.19" endtime="1471.52">simple</w>
   <w nite:id="ES2011b.B.words1038" starttime="1471.52" endtime="1471.52" punc="true">,</w>
   <w nite:id="ES2011b.B.words1039" starttime="1471.52" endtime="1471.58">you</w>
   <w nite:id="ES2011b.B.words1040" starttime="1471.58" endtime="1471.7">just</w>
   <w nite:id="ES2011b.B.words1041" starttime="1471.7" endtime="1471.9">have</w>
   <w nite:id="ES2011b.B.words1042" starttime="1471.9" endtime="1472.78">play</w>
   <w nite:id="ES2011b.B.words1043" starttime="1472.78" endtime="1472.78" punc="true">,</w>
   <w nite:id="ES2011b.B.words1044" starttime="1472.78" endtime="1474.07">pause</w>
   <w nite:id="ES2011b.B.words1045" starttime="1474.07" endtime="1474.07" punc="true">,</w>
   <w nite:id="ES2011b.B.words1046" starttime="1474.07" endtime="1474.59">eject</w>
   <w nite:id="ES2011b.B.words1047" starttime="1474.59" endtime="1474.59" punc="true">,</w>
   <w nite:id="ES2011b.B.words1048" starttime="1476.44" endtime="1476.6">and</w>
   <w nite:id="ES2011b.B.words1049" starttime="1476.6" endtime="1476.98">menu</w>
   <w nite:id="ES2011b.B.words1050" starttime="1476.98" endtime="1477.29">maybe</w>
   <w nite:id="ES2011b.B.words1051" starttime="1477.29" endtime="1477.29" punc="true">.</w>
   <w nite:id="ES2011b.B.words1052" starttime="1482.52" endtime="1482.73">Oh</w>
   <w nite:id="ES2011b.B.words1053" starttime="1482.73" endtime="1483.13">yeah</w>
   <w nite:id="ES2011b.B.words1054" starttime="1483.13" endtime="1483.13" punc="true">.</w>
   <w nite:id="ES2011b.B.words1055" starttime="1496.22" endtime="1496.34">But</w>
   <w nite:id="ES2011b.B.words1056" starttime="1496.34" endtime="1496.46">it&#39;s</w>
   <w nite:id="ES2011b.B.words1057" starttime="1496.46" endtime="1496.65">cool</w>
   <w nite:id="ES2011b.B.words1058" starttime="1496.65" endtime="1496.75">to</w>
   <w nite:id="ES2011b.B.words1059" starttime="1496.75" endtime="1496.93">have</w>
   <w nite:id="ES2011b.B.words1060" starttime="1496.93" endtime="1496.99">it</w>
   <w nite:id="ES2011b.B.words1061" starttime="1496.99" endtime="1497.13">all</w>
   <w nite:id="ES2011b.B.words1062" starttime="1497.13" endtime="1497.28">on</w>
   <w nite:id="ES2011b.B.words1063" starttime="1497.28" endtime="1497.48">one</w>
   <w nite:id="ES2011b.B.words1064" starttime="1497.48" endtime="1497.48" punc="true">,</w>
   <w nite:id="ES2011b.B.words1065" starttime="1497.48" endtime="1497.76">because</w>
   <w nite:id="ES2011b.B.words1066" starttime="1497.76" endtime="1497.89">you</w>
   <w nite:id="ES2011b.B.words1067" starttime="1497.89" endtime="1498.11">wanna</w>
   <w nite:id="ES2011b.B.words1068" starttime="1498.11" endtime="1498.3">turn</w>
   <w nite:id="ES2011b.B.words1069" starttime="1498.3" endtime="1498.4">it</w>
   <w nite:id="ES2011b.B.words1070" starttime="1498.4" endtime="1498.62">on</w>
   <w nite:id="ES2011b.B.words1071" starttime="1498.62" endtime="1498.74">then</w>
   <w nite:id="ES2011b.B.words1072" starttime="1498.74" endtime="1498.8">you</w>
   <w nite:id="ES2011b.B.words1073" starttime="1498.8" endtime="1498.98">wanna</w>
   <w nite:id="ES2011b.B.words1074" starttime="1498.98" endtime="1499.14">turn</w>
   <w nite:id="ES2011b.B.words1075" starttime="1499.14" endtime="1499.23">up</w>
   <w nite:id="ES2011b.B.words1076" starttime="1499.23" endtime="1499.31">the</w>
   <w nite:id="ES2011b.B.words1077" starttime="1499.31" endtime="1499.79">volume</w>
   <w nite:id="ES2011b.B.words1078" starttime="1499.79" endtime="1499.79" punc="true">,</w>
   <w nite:id="ES2011b.B.words1079" starttime="1499.79" endtime="1499.92">and</w>
   <w nite:id="ES2011b.B.words1080" starttime="1499.92" endtime="1500.08">then</w>
   <w nite:id="ES2011b.B.words1081" starttime="1500.08" endtime="1500.16">you</w>
   <w nite:id="ES2011b.B.words1082" starttime="1500.16" endtime="1500.31">wanna</w>
   <w nite:id="ES2011b.B.words1083" starttime="1500.31" endtime="1500.4">go</w>
   <w nite:id="ES2011b.B.words1084" starttime="1500.4" endtime="1500.49">to</w>
   <w nite:id="ES2011b.B.words1085" starttime="1500.49" endtime="1500.58">the</w>
   <w nite:id="ES2011b.B.words1086" starttime="1500.58" endtime="1501.01">menu</w>
   <w nite:id="ES2011b.B.words1087" starttime="1501.01" endtime="1501.01" punc="true">,</w>
   <w nite:id="ES2011b.B.words1088" starttime="1501.01" endtime="1501.69">so</w>
   <w nite:id="ES2011b.B.words1089" starttime="1501.69" endtime="1501.76">you</w>
   <w nite:id="ES2011b.B.words1090" starttime="1501.76" endtime="1501.88">don&#39;t</w>
   <w nite:id="ES2011b.B.words1091" starttime="1501.88" endtime="1502.01">wanna</w>
   <w nite:id="ES2011b.B.words1092" starttime="1502.01" endtime="1502.63">switch</w>
   <w nite:id="ES2011b.B.words1093" starttime="1502.63" endtime="1502.63" punc="true">.</w>
   <w nite:id="ES2011b.B.words1094" starttime="1510.24" endtime="1510.34">Well</w>
   <w nite:id="ES2011b.B.words1095" starttime="1510.34" endtime="1510.45">but</w>
   <w nite:id="ES2011b.B.words1096" starttime="1510.45" endtime="1510.81">D_V_D_</w>
   <w nite:id="ES2011b.B.words1097" starttime="1510.81" endtime="1510.95">is</w>
   <w nite:id="ES2011b.B.words1098" starttime="1510.95" endtime="1511.09">only</w>
   <w nite:id="ES2011b.B.words1099" starttime="1511.09" endtime="1511.28">like</w>
   <w nite:id="ES2011b.B.words1100" starttime="1511.28" endtime="1511.72">four</w>
   <w nite:id="ES2011b.B.words1101" starttime="1511.72" endtime="1512.39">buttons</w>
   <w nite:id="ES2011b.B.words1102" starttime="1512.39" endtime="1512.39" punc="true">.</w>
   <w nite:id="ES2011b.B.words1103" starttime="1518.49" endtime="1518.82">Oh</w>
   <w nite:id="ES2011b.B.words1104" starttime="1518.82" endtime="1518.82" punc="true">.</w>
   <w nite:id="ES2011b.B.words1105" starttime="1518.82" endtime="1518.94">But</w>
   <w nite:id="ES2011b.B.words1106" starttime="1518.94" endtime="1518.99">I</w>
   <w nite:id="ES2011b.B.words1107" starttime="1518.99" endtime="1519.3">think</w>
   <w nite:id="ES2011b.B.words1108" starttime="1519.3" endtime="1519.36">the</w>
   <w nite:id="ES2011b.B.words1109" starttime="1519.36" endtime="1519.73">circle</w>
   <w nite:id="ES2011b.B.words1110" starttime="1519.73" endtime="1519.91">only</w>
   <w nite:id="ES2011b.B.words1111" starttime="1519.91" endtime="1520.37">does</w>
   <disfmarker nite:id="ES2011b.B.words1112" starttime="1520.37" endtime="1520.37"/>
   <w nite:id="ES2011b.B.words1113" starttime="1520.37" endtime="1520.76">channel</w>
   <w nite:id="ES2011b.B.words1114" starttime="1520.76" endtime="1520.97">isn&#39;t</w>
   <w nite:id="ES2011b.B.words1115" starttime="1520.97" endtime="1521.56">applicable</w>
   <w nite:id="ES2011b.B.words1116" starttime="1521.56" endtime="1521.66">to</w>
   <w nite:id="ES2011b.B.words1117" starttime="1521.66" endtime="1522.07">D_V_D_</w>
   <w nite:id="ES2011b.B.words1118" starttime="1522.07" endtime="1522.41">really</w>
   <w nite:id="ES2011b.B.words1119" starttime="1522.41" endtime="1522.57">&#39;cause</w>
   <w nite:id="ES2011b.B.words1120" starttime="1522.57" endtime="1522.67">you</w>
   <w nite:id="ES2011b.B.words1121" starttime="1522.67" endtime="1522.84">don&#39;t</w>
   <w nite:id="ES2011b.B.words1122" starttime="1522.84" endtime="1524.22">wanna</w>
   <disfmarker nite:id="ES2011b.B.words1123" starttime="1524.22" endtime="1524.22"/>
   <w nite:id="ES2011b.B.words1124" starttime="1524.22" endtime="1524.36">but</w>
   <w nite:id="ES2011b.B.words1125" starttime="1524.36" endtime="1524.76">volume</w>
   <w nite:id="ES2011b.B.words1126" starttime="1524.76" endtime="1525.0">is</w>
   <w nite:id="ES2011b.B.words1127" starttime="1525.0" endtime="1525.09">and</w>
   <w nite:id="ES2011b.B.words1128" starttime="1525.09" endtime="1525.38">volume</w>
   <w nite:id="ES2011b.B.words1129" starttime="1525.38" endtime="1525.48">is</w>
   <w nite:id="ES2011b.B.words1130" starttime="1525.48" endtime="1525.75">actually</w>
   <w nite:id="ES2011b.B.words1131" starttime="1525.75" endtime="1526.05">controlled</w>
   <w nite:id="ES2011b.B.words1132" starttime="1526.05" endtime="1526.14">on</w>
   <w nite:id="ES2011b.B.words1133" starttime="1526.14" endtime="1526.22">the</w>
   <w nite:id="ES2011b.B.words1134" starttime="1526.22" endtime="1526.58">T_V_</w>
   <w nite:id="ES2011b.B.words1135" starttime="1526.58" endtime="1526.7">so</w>
   <w nite:id="ES2011b.B.words1136" starttime="1526.7" endtime="1526.76">you</w>
   <w nite:id="ES2011b.B.words1137" starttime="1526.76" endtime="1526.91">don&#39;t</w>
   <w nite:id="ES2011b.B.words1138" starttime="1526.91" endtime="1527.0">have</w>
   <w nite:id="ES2011b.B.words1139" starttime="1527.0" endtime="1527.08">to</w>
   <w nite:id="ES2011b.B.words1140" starttime="1527.08" endtime="1527.48">switch</w>
   <w nite:id="ES2011b.B.words1141" starttime="1527.48" endtime="1527.48" punc="true">.</w>
   <w nite:id="ES2011b.B.words1142" starttime="1548.29" endtime="1548.48">Yes</w>
   <w nite:id="ES2011b.B.words1143" starttime="1548.48" endtime="1548.55">we</w>
   <w nite:id="ES2011b.B.words1144" starttime="1548.55" endtime="1548.7">can</w>
   <w nite:id="ES2011b.B.words1145" starttime="1548.7" endtime="1548.89">try</w>
   <w nite:id="ES2011b.B.words1146" starttime="1548.89" endtime="1549.23">that</w>
   <w nite:id="ES2011b.B.words1147" starttime="1549.23" endtime="1549.23" punc="true">.</w>
</nite:root>