<?xml version="1.0" encoding="ISO-8859-1" standalone="yes"?>
<nite:root nite:id="ES2003b.D.words" xmlns:nite="http://nite.sourceforge.net/">
   <vocalsound nite:id="ES2003b.D.words0" starttime="535.287" endtime="535.287" type="other"/>
   <w nite:id="ES2003b.D.words1" starttime="535.46" endtime="535.56">How</w>
   <w nite:id="ES2003b.D.words2" starttime="535.56" endtime="535.72">did</w>
   <disfmarker nite:id="ES2003b.D.words3" starttime="535.72" endtime="535.72"/>
   <w nite:id="ES2003b.D.words4" starttime="535.72" endtime="536.06">where</w>
   <w nite:id="ES2003b.D.words5" starttime="536.06" endtime="538.16">did</w>
   <disfmarker nite:id="ES2003b.D.words6" starttime="538.16" endtime="538.16"/>
   <w nite:id="ES2003b.D.words7" starttime="538.16" endtime="538.79">where</w>
   <w nite:id="ES2003b.D.words8" starttime="538.79" endtime="538.9">did</w>
   <w nite:id="ES2003b.D.words9" starttime="538.9" endtime="539.09">you</w>
   <w nite:id="ES2003b.D.words10" starttime="539.09" endtime="539.18">get</w>
   <w nite:id="ES2003b.D.words11" starttime="539.18" endtime="539.27">all</w>
   <w nite:id="ES2003b.D.words12" starttime="539.27" endtime="539.43">your</w>
   <w nite:id="ES2003b.D.words13" starttime="539.43" endtime="539.58" trunc="true">in</w>
   <w nite:id="ES2003b.D.words14" starttime="539.58" endtime="540.77">information</w>
   <gap nite:id="ES2003b.D.words15" starttime="540.77" endtime="540.77"/>
   <w nite:id="ES2003b.D.words16" starttime="540.77" endtime="540.77" punc="true">?</w>
   <w nite:id="ES2003b.D.words17" starttime="542.72" endtime="543.11">Oh</w>
   <w nite:id="ES2003b.D.words18" starttime="543.11" endtime="543.11" punc="true">.</w>
   <w nite:id="ES2003b.D.words19" starttime="545.28" endtime="545.51">Ah</w>
   <w nite:id="ES2003b.D.words20" starttime="545.51" endtime="545.51" punc="true">,</w>
   <w nite:id="ES2003b.D.words21" starttime="545.51" endtime="545.76">okay</w>
   <w nite:id="ES2003b.D.words22" starttime="545.76" endtime="545.76" punc="true">.</w>
   <w nite:id="ES2003b.D.words23" starttime="800.37" endtime="801.0">Yeah</w>
   <w nite:id="ES2003b.D.words24" starttime="801.0" endtime="801.0" punc="true">.</w>
   <w nite:id="ES2003b.D.words25" starttime="801.68" endtime="802.08">Uh</w>
   <w nite:id="ES2003b.D.words26" starttime="802.08" endtime="802.08" punc="true">,</w>
   <w nite:id="ES2003b.D.words27" starttime="802.08" endtime="802.12">I</w>
   <w nite:id="ES2003b.D.words28" starttime="802.12" endtime="802.21">was</w>
   <w nite:id="ES2003b.D.words29" starttime="802.21" endtime="802.48">still</w>
   <w nite:id="ES2003b.D.words30" starttime="802.48" endtime="802.76">working</w>
   <w nite:id="ES2003b.D.words31" starttime="802.76" endtime="802.86">on</w>
   <w nite:id="ES2003b.D.words32" starttime="802.86" endtime="803.1">stuff</w>
   <w nite:id="ES2003b.D.words33" starttime="803.1" endtime="803.1" punc="true">,</w>
   <w nite:id="ES2003b.D.words34" starttime="803.1" endtime="803.15">I</w>
   <w nite:id="ES2003b.D.words35" starttime="803.15" endtime="803.33">hadn&#39;t</w>
   <w nite:id="ES2003b.D.words36" starttime="803.33" endtime="803.44">got</w>
   <w nite:id="ES2003b.D.words37" starttime="803.44" endtime="803.5">it</w>
   <w nite:id="ES2003b.D.words38" starttime="803.5" endtime="804.42">finished</w>
   <w nite:id="ES2003b.D.words39" starttime="804.42" endtime="804.42" punc="true">.</w>
   <w nite:id="ES2003b.D.words40" starttime="804.42" endtime="805.37">Um</w>
   <w nite:id="ES2003b.D.words41" starttime="805.37" endtime="805.37" punc="true">,</w>
   <vocalsound nite:id="ES2003b.D.words42" starttime="805.37" endtime="805.37" type="other"/>
   <w nite:id="ES2003b.D.words43" starttime="805.37" endtime="805.93">alright</w>
   <w nite:id="ES2003b.D.words44" starttime="805.93" endtime="805.93" punc="true">.</w>
   <w nite:id="ES2003b.D.words45" starttime="807.14" endtime="807.37">Click</w>
   <w nite:id="ES2003b.D.words46" starttime="807.37" endtime="807.47">to</w>
   <w nite:id="ES2003b.D.words47" starttime="807.47" endtime="807.91">save</w>
   <w nite:id="ES2003b.D.words48" starttime="807.91" endtime="809.07">in</w>
   <disfmarker nite:id="ES2003b.D.words49" starttime="809.07" endtime="809.07"/>
   <w nite:id="ES2003b.D.words50" starttime="809.07" endtime="809.21">where</w>
   <w nite:id="ES2003b.D.words51" starttime="809.21" endtime="809.28">do</w>
   <w nite:id="ES2003b.D.words52" starttime="809.28" endtime="809.31">I</w>
   <w nite:id="ES2003b.D.words53" starttime="809.31" endtime="809.4">have</w>
   <w nite:id="ES2003b.D.words54" starttime="809.4" endtime="809.53">to</w>
   <w nite:id="ES2003b.D.words55" starttime="809.53" endtime="809.79">save</w>
   <w nite:id="ES2003b.D.words56" starttime="809.79" endtime="809.98">it</w>
   <w nite:id="ES2003b.D.words57" starttime="809.98" endtime="809.98" punc="true">?</w>
   <vocalsound nite:id="ES2003b.D.words58" starttime="820.683" endtime="821.363" type="other"/>
   <w nite:id="ES2003b.D.words59" starttime="823.87" endtime="824.62">Um</w>
   <w nite:id="ES2003b.D.words60" starttime="824.62" endtime="824.62" punc="true">,</w>
   <w nite:id="ES2003b.D.words61" starttime="824.62" endtime="824.72">what</w>
   <w nite:id="ES2003b.D.words62" starttime="824.72" endtime="824.79">I&#39;ve</w>
   <w nite:id="ES2003b.D.words63" starttime="824.79" endtime="824.95">done</w>
   <w nite:id="ES2003b.D.words64" starttime="824.95" endtime="825.04">with</w>
   <w nite:id="ES2003b.D.words65" starttime="825.04" endtime="825.12">it</w>
   <w nite:id="ES2003b.D.words66" starttime="825.12" endtime="825.12" punc="true">,</w>
   <w nite:id="ES2003b.D.words67" starttime="825.12" endtime="825.24">I&#39;m</w>
   <w nite:id="ES2003b.D.words68" starttime="825.24" endtime="825.73">sorry</w>
   <w nite:id="ES2003b.D.words69" starttime="825.73" endtime="825.73" punc="true">.</w>
   <w nite:id="ES2003b.D.words70" starttime="836.13" endtime="836.5">Shit</w>
   <w nite:id="ES2003b.D.words71" starttime="836.5" endtime="836.5" punc="true">.</w>
   <w nite:id="ES2003b.D.words72" starttime="843.19" endtime="845.02">Um</w>
   <vocalsound nite:id="ES2003b.D.words73" starttime="845.02" endtime="845.02" type="other"/>
   <disfmarker nite:id="ES2003b.D.words74" starttime="845.02" endtime="845.072"/>
   <w nite:id="ES2003b.D.words75" starttime="857.79" endtime="857.91">I&#39;m</w>
   <w nite:id="ES2003b.D.words76" starttime="857.91" endtime="858.37">just</w>
   <gap nite:id="ES2003b.D.words77" starttime="858.37" endtime="858.37"/>
   <w nite:id="ES2003b.D.words78" starttime="858.37" endtime="858.94">closing</w>
   <w nite:id="ES2003b.D.words79" starttime="858.94" endtime="859.03">it</w>
   <w nite:id="ES2003b.D.words80" starttime="859.03" endtime="859.67">now</w>
   <w nite:id="ES2003b.D.words81" starttime="859.67" endtime="859.67" punc="true">.</w>
   <gap nite:id="ES2003b.D.words82" starttime="859.67" endtime="859.67"/>
   <w nite:id="ES2003b.D.words83" starttime="859.67" endtime="859.92">where</w>
   <w nite:id="ES2003b.D.words84" starttime="859.92" endtime="859.99">I&#39;ve</w>
   <w nite:id="ES2003b.D.words85" starttime="859.99" endtime="860.35">saved</w>
   <w nite:id="ES2003b.D.words86" starttime="860.35" endtime="860.53">it</w>
   <w nite:id="ES2003b.D.words87" starttime="860.53" endtime="860.53" punc="true">.</w>
   <gap nite:id="ES2003b.D.words88" starttime="864.402" endtime="864.402"/>
   <w nite:id="ES2003b.D.words89" starttime="865.05" endtime="865.25">that&#39;s</w>
   <w nite:id="ES2003b.D.words90" starttime="865.25" endtime="865.34">it</w>
   <w nite:id="ES2003b.D.words91" starttime="865.34" endtime="865.6">there</w>
   <w nite:id="ES2003b.D.words92" starttime="865.6" endtime="865.6" punc="true">,</w>
   <w nite:id="ES2003b.D.words93" starttime="865.6" endtime="865.82">yeah</w>
   <w nite:id="ES2003b.D.words94" starttime="865.82" endtime="865.82" punc="true">.</w>
   <w nite:id="ES2003b.D.words95" starttime="876.52" endtime="876.62">Oh</w>
   <w nite:id="ES2003b.D.words96" starttime="876.62" endtime="877.77">right</w>
   <w nite:id="ES2003b.D.words97" starttime="877.77" endtime="877.77" punc="true">.</w>
   <vocalsound nite:id="ES2003b.D.words98" starttime="877.77" endtime="877.969" type="other"/>
   <w nite:id="ES2003b.D.words99" starttime="886.28" endtime="887.36">Uh</w>
   <w nite:id="ES2003b.D.words100" starttime="887.36" endtime="887.36" punc="true">,</w>
   <w nite:id="ES2003b.D.words101" starttime="887.36" endtime="887.48">right</w>
   <w nite:id="ES2003b.D.words102" starttime="887.48" endtime="887.6">I&#39;m</w>
   <w nite:id="ES2003b.D.words103" starttime="887.6" endtime="888.04">responsible</w>
   <w nite:id="ES2003b.D.words104" starttime="888.04" endtime="888.28">for</w>
   <w nite:id="ES2003b.D.words105" starttime="888.28" endtime="888.55">working</w>
   <w nite:id="ES2003b.D.words106" starttime="888.55" endtime="889.5">design</w>
   <w nite:id="ES2003b.D.words107" starttime="889.5" endtime="889.5" punc="true">,</w>
   <w nite:id="ES2003b.D.words108" starttime="889.5" endtime="889.79">uh</w>
   <w nite:id="ES2003b.D.words109" starttime="889.79" endtime="889.79" punc="true">,</w>
   <w nite:id="ES2003b.D.words110" starttime="889.79" endtime="890.07">this</w>
   <w nite:id="ES2003b.D.words111" starttime="890.07" endtime="890.6">is</w>
   <w nite:id="ES2003b.D.words112" starttime="890.6" endtime="891.08">basically</w>
   <w nite:id="ES2003b.D.words113" starttime="891.08" endtime="891.86">the</w>
   <w nite:id="ES2003b.D.words114" starttime="891.86" endtime="892.46">inside</w>
   <w nite:id="ES2003b.D.words115" starttime="892.46" endtime="892.7">going</w>
   <w nite:id="ES2003b.D.words116" starttime="892.7" endtime="892.88">on</w>
   <w nite:id="ES2003b.D.words117" starttime="892.88" endtime="893.04">of</w>
   <w nite:id="ES2003b.D.words118" starttime="893.04" endtime="893.39">the</w>
   <w nite:id="ES2003b.D.words119" starttime="894.66" endtime="894.91">the</w>
   <w nite:id="ES2003b.D.words120" starttime="894.91" endtime="895.37">uh</w>
   <w nite:id="ES2003b.D.words121" starttime="895.37" endtime="895.62">remote</w>
   <w nite:id="ES2003b.D.words122" starttime="895.62" endtime="896.0">control</w>
   <w nite:id="ES2003b.D.words123" starttime="896.0" endtime="896.0" punc="true">.</w>
   <w nite:id="ES2003b.D.words124" starttime="896.0" endtime="896.14">So</w>
   <w nite:id="ES2003b.D.words125" starttime="896.14" endtime="896.24">we</w>
   <w nite:id="ES2003b.D.words126" starttime="896.24" endtime="896.35">have</w>
   <w nite:id="ES2003b.D.words127" starttime="896.35" endtime="896.43">the</w>
   <w nite:id="ES2003b.D.words128" starttime="896.43" endtime="896.75">energy</w>
   <w nite:id="ES2003b.D.words129" starttime="896.75" endtime="897.86">source</w>
   <w nite:id="ES2003b.D.words130" starttime="897.86" endtime="897.86" punc="true">,</w>
   <w nite:id="ES2003b.D.words131" starttime="897.86" endtime="897.93">we</w>
   <w nite:id="ES2003b.D.words132" starttime="897.93" endtime="898.05">have</w>
   <w nite:id="ES2003b.D.words133" starttime="898.05" endtime="898.12">the</w>
   <w nite:id="ES2003b.D.words134" starttime="898.12" endtime="898.36">user</w>
   <w nite:id="ES2003b.D.words135" starttime="898.36" endtime="899.04">interface</w>
   <w nite:id="ES2003b.D.words136" starttime="899.04" endtime="899.04" punc="true">,</w>
   <w nite:id="ES2003b.D.words137" starttime="899.04" endtime="899.37">this</w>
   <w nite:id="ES2003b.D.words138" starttime="899.37" endtime="899.52">this</w>
   <w nite:id="ES2003b.D.words139" starttime="899.52" endtime="899.65">is</w>
   <w nite:id="ES2003b.D.words140" starttime="899.65" endtime="899.84">what</w>
   <w nite:id="ES2003b.D.words141" starttime="899.84" endtime="900.17">I&#39;ve</w>
   <w nite:id="ES2003b.D.words142" starttime="900.17" endtime="900.7">seen</w>
   <w nite:id="ES2003b.D.words143" starttime="900.7" endtime="900.7" punc="true">.</w>
   <w nite:id="ES2003b.D.words144" starttime="900.7" endtime="900.82">Uh</w>
   <w nite:id="ES2003b.D.words145" starttime="900.82" endtime="902.25">the</w>
   <w nite:id="ES2003b.D.words146" starttime="902.25" endtime="902.63">sender</w>
   <w nite:id="ES2003b.D.words147" starttime="902.63" endtime="902.85">will</w>
   <w nite:id="ES2003b.D.words148" starttime="902.85" endtime="903.06">push</w>
   <w nite:id="ES2003b.D.words149" starttime="903.06" endtime="903.14">the</w>
   <w nite:id="ES2003b.D.words150" starttime="903.14" endtime="903.89">button</w>
   <w nite:id="ES2003b.D.words151" starttime="903.89" endtime="903.89" punc="true">,</w>
   <w nite:id="ES2003b.D.words152" starttime="903.89" endtime="904.03">the</w>
   <w nite:id="ES2003b.D.words153" starttime="904.03" endtime="904.3">chip</w>
   <w nite:id="ES2003b.D.words154" starttime="904.3" endtime="904.41">will</w>
   <w nite:id="ES2003b.D.words155" starttime="904.41" endtime="905.82">respond</w>
   <w nite:id="ES2003b.D.words156" starttime="905.82" endtime="905.82" punc="true">,</w>
   <w nite:id="ES2003b.D.words157" starttime="905.82" endtime="906.34">uh</w>
   <w nite:id="ES2003b.D.words158" starttime="906.34" endtime="906.49">and</w>
   <w nite:id="ES2003b.D.words159" starttime="906.49" endtime="907.12">then</w>
   <w nite:id="ES2003b.D.words160" starttime="907.12" endtime="907.2">the</w>
   <w nite:id="ES2003b.D.words161" starttime="907.2" endtime="907.4" trunc="true">dig</w>
   <w nite:id="ES2003b.D.words162" starttime="907.4" endtime="907.81">digital</w>
   <w nite:id="ES2003b.D.words163" starttime="907.81" endtime="908.16">signal</w>
   <w nite:id="ES2003b.D.words164" starttime="908.16" endtime="908.25">is</w>
   <w nite:id="ES2003b.D.words165" starttime="908.25" endtime="908.48">sent</w>
   <w nite:id="ES2003b.D.words166" starttime="908.48" endtime="908.59">to</w>
   <w nite:id="ES2003b.D.words167" starttime="908.59" endtime="908.81">the</w>
   <w nite:id="ES2003b.D.words168" starttime="908.81" endtime="909.49">T_V_</w>
   <w nite:id="ES2003b.D.words169" starttime="909.49" endtime="909.49" punc="true">.</w>
   <w nite:id="ES2003b.D.words170" starttime="909.49" endtime="909.87">So</w>
   <w nite:id="ES2003b.D.words171" starttime="909.87" endtime="910.34">uh</w>
   <w nite:id="ES2003b.D.words172" starttime="912.0" endtime="912.11">uh</w>
   <w nite:id="ES2003b.D.words173" starttime="912.11" endtime="912.11" punc="true">,</w>
   <w nite:id="ES2003b.D.words174" starttime="912.11" endtime="912.23">if</w>
   <w nite:id="ES2003b.D.words175" starttime="912.23" endtime="912.32">you</w>
   <w nite:id="ES2003b.D.words176" starttime="912.32" endtime="912.45">go</w>
   <w nite:id="ES2003b.D.words177" starttime="912.45" endtime="912.58">to</w>
   <w nite:id="ES2003b.D.words178" starttime="912.58" endtime="912.83">next</w>
   <w nite:id="ES2003b.D.words179" starttime="912.83" endtime="913.13">slide</w>
   <w nite:id="ES2003b.D.words180" starttime="913.13" endtime="913.13" punc="true">,</w>
   <w nite:id="ES2003b.D.words181" starttime="913.13" endtime="913.29">you&#39;ll</w>
   <w nite:id="ES2003b.D.words182" starttime="913.29" endtime="914.3">see</w>
   <w nite:id="ES2003b.D.words183" starttime="914.3" endtime="914.51">you&#39;ll</w>
   <w nite:id="ES2003b.D.words184" starttime="914.51" endtime="914.89">see</w>
   <w nite:id="ES2003b.D.words185" starttime="914.89" endtime="915.51">uh</w>
   <w nite:id="ES2003b.D.words186" starttime="915.51" endtime="915.62">what</w>
   <w nite:id="ES2003b.D.words187" starttime="915.62" endtime="915.73">do</w>
   <w nite:id="ES2003b.D.words188" starttime="915.73" endtime="915.85">we</w>
   <w nite:id="ES2003b.D.words189" starttime="915.85" endtime="916.16">need</w>
   <w nite:id="ES2003b.D.words190" starttime="916.16" endtime="916.37">on</w>
   <w nite:id="ES2003b.D.words191" starttime="916.37" endtime="917.63">the</w>
   <w nite:id="ES2003b.D.words192" starttime="917.63" endtime="918.1">user</w>
   <w nite:id="ES2003b.D.words193" starttime="918.1" endtime="918.67">interface</w>
   <w nite:id="ES2003b.D.words194" starttime="918.67" endtime="918.67" punc="true">.</w>
   <w nite:id="ES2003b.D.words195" starttime="918.67" endtime="918.75">Do</w>
   <w nite:id="ES2003b.D.words196" starttime="918.75" endtime="918.83">we</w>
   <w nite:id="ES2003b.D.words197" starttime="918.83" endtime="919.64">need</w>
   <w nite:id="ES2003b.D.words198" starttime="919.64" endtime="920.18">uh</w>
   <w nite:id="ES2003b.D.words199" starttime="920.18" endtime="920.46">many</w>
   <w nite:id="ES2003b.D.words200" starttime="920.46" endtime="921.53">buttons</w>
   <w nite:id="ES2003b.D.words201" starttime="921.53" endtime="921.53" punc="true">,</w>
   <w nite:id="ES2003b.D.words202" starttime="921.53" endtime="921.81">or</w>
   <w nite:id="ES2003b.D.words203" starttime="921.81" endtime="921.94">do</w>
   <w nite:id="ES2003b.D.words204" starttime="921.94" endtime="922.01">we</w>
   <w nite:id="ES2003b.D.words205" starttime="922.01" endtime="922.24">need</w>
   <w nite:id="ES2003b.D.words206" starttime="922.24" endtime="922.45" trunc="true">l</w>
   <w nite:id="ES2003b.D.words207" starttime="922.45" endtime="922.69">many</w>
   <w nite:id="ES2003b.D.words208" starttime="922.69" endtime="922.96">light</w>
   <w nite:id="ES2003b.D.words209" starttime="922.96" endtime="923.22">bulbs</w>
   <w nite:id="ES2003b.D.words210" starttime="923.22" endtime="923.38">that</w>
   <w nite:id="ES2003b.D.words211" starttime="923.38" endtime="923.52">could</w>
   <w nite:id="ES2003b.D.words212" starttime="923.52" endtime="923.6">be</w>
   <w nite:id="ES2003b.D.words213" starttime="923.6" endtime="923.91">easier</w>
   <w nite:id="ES2003b.D.words214" starttime="923.91" endtime="924.9">to</w>
   <w nite:id="ES2003b.D.words215" starttime="924.9" endtime="926.02">uh</w>
   <w nite:id="ES2003b.D.words216" starttime="926.02" endtime="926.65">to</w>
   <w nite:id="ES2003b.D.words217" starttime="926.65" endtime="927.07">realise</w>
   <w nite:id="ES2003b.D.words218" starttime="927.07" endtime="927.41">which</w>
   <w nite:id="ES2003b.D.words219" starttime="927.41" endtime="927.89">appliances</w>
   <w nite:id="ES2003b.D.words220" starttime="927.89" endtime="928.03">are</w>
   <w nite:id="ES2003b.D.words221" starttime="928.03" endtime="928.17">on</w>
   <w nite:id="ES2003b.D.words222" starttime="928.17" endtime="928.24">or</w>
   <w nite:id="ES2003b.D.words223" starttime="928.24" endtime="929.12">not</w>
   <w nite:id="ES2003b.D.words224" starttime="929.12" endtime="929.12" punc="true">.</w>
   <w nite:id="ES2003b.D.words225" starttime="929.12" endtime="930.32">Um</w>
   <w nite:id="ES2003b.D.words226" starttime="930.32" endtime="930.32" punc="true">,</w>
   <vocalsound nite:id="ES2003b.D.words227" starttime="930.32" endtime="930.32" type="other"/>
   <w nite:id="ES2003b.D.words228" starttime="930.32" endtime="930.32" punc="true">,</w>
   <w nite:id="ES2003b.D.words229" starttime="930.32" endtime="930.45">or</w>
   <w nite:id="ES2003b.D.words230" starttime="930.45" endtime="930.55">would</w>
   <w nite:id="ES2003b.D.words231" starttime="930.55" endtime="930.67">that</w>
   <w nite:id="ES2003b.D.words232" starttime="930.67" endtime="930.87">take</w>
   <w nite:id="ES2003b.D.words233" starttime="930.87" endtime="930.98">too</w>
   <w nite:id="ES2003b.D.words234" starttime="930.98" endtime="931.18">much</w>
   <w nite:id="ES2003b.D.words235" starttime="931.18" endtime="931.74">power</w>
   <w nite:id="ES2003b.D.words236" starttime="931.74" endtime="931.74" punc="true">,</w>
   <w nite:id="ES2003b.D.words237" starttime="931.74" endtime="931.87">would</w>
   <w nite:id="ES2003b.D.words238" starttime="931.87" endtime="931.94">we</w>
   <w nite:id="ES2003b.D.words239" starttime="931.94" endtime="932.13">need</w>
   <w nite:id="ES2003b.D.words240" starttime="932.13" endtime="933.35">more</w>
   <w nite:id="ES2003b.D.words241" starttime="933.35" endtime="934.31">um</w>
   <w nite:id="ES2003b.D.words242" starttime="934.31" endtime="934.94">components</w>
   <w nite:id="ES2003b.D.words243" starttime="934.94" endtime="935.05">in</w>
   <w nite:id="ES2003b.D.words244" starttime="935.05" endtime="935.28">there</w>
   <w nite:id="ES2003b.D.words245" starttime="935.28" endtime="935.63">to</w>
   <w nite:id="ES2003b.D.words246" starttime="935.63" endtime="935.92">supply</w>
   <w nite:id="ES2003b.D.words247" starttime="935.92" endtime="936.02">the</w>
   <w nite:id="ES2003b.D.words248" starttime="936.02" endtime="936.85">power</w>
   <w nite:id="ES2003b.D.words249" starttime="936.85" endtime="936.85" punc="true">?</w>
   <w nite:id="ES2003b.D.words250" starttime="936.85" endtime="938.73">Um</w>
   <w nite:id="ES2003b.D.words251" starttime="938.73" endtime="938.73" punc="true">,</w>
   <w nite:id="ES2003b.D.words252" starttime="938.73" endtime="938.83">the</w>
   <w nite:id="ES2003b.D.words253" starttime="938.83" endtime="939.38">joystick</w>
   <w nite:id="ES2003b.D.words254" starttime="939.38" endtime="939.52">is</w>
   <w nite:id="ES2003b.D.words255" starttime="939.52" endtime="939.83">another</w>
   <w nite:id="ES2003b.D.words256" starttime="939.83" endtime="940.12">thing</w>
   <w nite:id="ES2003b.D.words257" starttime="940.12" endtime="940.12" punc="true">,</w>
   <w nite:id="ES2003b.D.words258" starttime="940.12" endtime="940.34">if</w>
   <w nite:id="ES2003b.D.words259" starttime="940.34" endtime="940.41">we</w>
   <w nite:id="ES2003b.D.words260" starttime="940.41" endtime="940.48">were</w>
   <w nite:id="ES2003b.D.words261" starttime="940.48" endtime="940.73">gonna</w>
   <w nite:id="ES2003b.D.words262" starttime="940.73" endtime="941.73">add</w>
   <w nite:id="ES2003b.D.words263" starttime="941.73" endtime="942.04">that</w>
   <w nite:id="ES2003b.D.words264" starttime="942.04" endtime="942.04" punc="true">,</w>
   <w nite:id="ES2003b.D.words265" starttime="942.04" endtime="942.72">um</w>
   <w nite:id="ES2003b.D.words266" starttime="942.72" endtime="942.72" punc="true">,</w>
   <w nite:id="ES2003b.D.words267" starttime="942.72" endtime="942.88">there&#39;d</w>
   <w nite:id="ES2003b.D.words268" starttime="942.88" endtime="943.0">be</w>
   <w nite:id="ES2003b.D.words269" starttime="943.0" endtime="943.64">more</w>
   <w nite:id="ES2003b.D.words270" starttime="943.64" endtime="944.16">components</w>
   <w nite:id="ES2003b.D.words271" starttime="944.16" endtime="944.28">to</w>
   <w nite:id="ES2003b.D.words272" starttime="944.28" endtime="944.45">deal</w>
   <w nite:id="ES2003b.D.words273" starttime="944.45" endtime="944.55">with</w>
   <w nite:id="ES2003b.D.words274" starttime="944.55" endtime="945.64">that</w>
   <w nite:id="ES2003b.D.words275" starttime="945.64" endtime="945.64" punc="true">.</w>
   <w nite:id="ES2003b.D.words276" starttime="945.64" endtime="947.25">Um</w>
   <vocalsound nite:id="ES2003b.D.words277" starttime="947.25" endtime="947.25" type="other"/>
   <w nite:id="ES2003b.D.words278" starttime="947.25" endtime="947.25" punc="true">,</w>
   <w nite:id="ES2003b.D.words279" starttime="947.25" endtime="948.85">so</w>
   <w nite:id="ES2003b.D.words280" starttime="948.85" endtime="949.06">uh</w>
   <w nite:id="ES2003b.D.words281" starttime="949.06" endtime="949.19">we</w>
   <w nite:id="ES2003b.D.words282" starttime="949.19" endtime="949.38">need</w>
   <w nite:id="ES2003b.D.words283" starttime="949.38" endtime="951.82">to</w>
   <disfmarker nite:id="ES2003b.D.words284" starttime="951.82" endtime="951.82"/>
   <w nite:id="ES2003b.D.words285" starttime="951.82" endtime="951.9">I</w>
   <w nite:id="ES2003b.D.words286" starttime="951.9" endtime="952.19">dunno</w>
   <w nite:id="ES2003b.D.words287" starttime="952.19" endtime="952.57">exactly</w>
   <w nite:id="ES2003b.D.words288" starttime="952.57" endtime="953.16">what</w>
   <disfmarker nite:id="ES2003b.D.words289" starttime="953.16" endtime="953.296"/>
   <w nite:id="ES2003b.D.words290" starttime="955.78" endtime="955.99">That&#39;s</w>
   <w nite:id="ES2003b.D.words291" starttime="955.99" endtime="956.1">the</w>
   <w nite:id="ES2003b.D.words292" starttime="956.1" endtime="956.53">design</w>
   <w nite:id="ES2003b.D.words293" starttime="956.53" endtime="956.69">of</w>
   <w nite:id="ES2003b.D.words294" starttime="956.69" endtime="957.22">the</w>
   <w nite:id="ES2003b.D.words295" starttime="957.22" endtime="957.47">the</w>
   <w nite:id="ES2003b.D.words296" starttime="957.47" endtime="957.61">the</w>
   <w nite:id="ES2003b.D.words297" starttime="957.61" endtime="958.06">layout</w>
   <w nite:id="ES2003b.D.words298" starttime="958.06" endtime="958.57">of</w>
   <w nite:id="ES2003b.D.words299" starttime="958.57" endtime="958.84">the</w>
   <w nite:id="ES2003b.D.words300" starttime="958.84" endtime="960.0">uh</w>
   <w nite:id="ES2003b.D.words301" starttime="960.0" endtime="960.52">electronic</w>
   <w nite:id="ES2003b.D.words302" starttime="960.52" endtime="961.35">design</w>
   <w nite:id="ES2003b.D.words303" starttime="961.35" endtime="961.35" punc="true">,</w>
   <w nite:id="ES2003b.D.words304" starttime="961.35" endtime="961.62">but</w>
   <w nite:id="ES2003b.D.words305" starttime="961.62" endtime="962.76">um</w>
   <w nite:id="ES2003b.D.words306" starttime="962.76" endtime="963.12">obviously</w>
   <w nite:id="ES2003b.D.words307" starttime="963.12" endtime="963.25">there&#39;ll</w>
   <w nite:id="ES2003b.D.words308" starttime="963.25" endtime="963.36">be</w>
   <w nite:id="ES2003b.D.words309" starttime="963.36" endtime="963.56">more</w>
   <w nite:id="ES2003b.D.words310" starttime="963.56" endtime="964.05">details</w>
   <w nite:id="ES2003b.D.words311" starttime="964.05" endtime="964.28">once</w>
   <w nite:id="ES2003b.D.words312" starttime="964.28" endtime="964.38">we&#39;ve</w>
   <w nite:id="ES2003b.D.words313" starttime="964.38" endtime="964.74">decided</w>
   <w nite:id="ES2003b.D.words314" starttime="964.74" endtime="964.85">what</w>
   <w nite:id="ES2003b.D.words315" starttime="964.85" endtime="964.94">we&#39;re</w>
   <w nite:id="ES2003b.D.words316" starttime="964.94" endtime="965.14">putting</w>
   <w nite:id="ES2003b.D.words317" starttime="965.14" endtime="965.31">on</w>
   <w nite:id="ES2003b.D.words318" starttime="965.31" endtime="965.41" mispronounced="true">the</w>
   <w nite:id="ES2003b.D.words319" starttime="965.41" endtime="965.66">user</w>
   <w nite:id="ES2003b.D.words320" starttime="965.66" endtime="967.27">interface</w>
   <w nite:id="ES2003b.D.words321" starttime="967.27" endtime="967.27" punc="true">.</w>
   <w nite:id="ES2003b.D.words322" starttime="967.27" endtime="968.05">So</w>
   <w nite:id="ES2003b.D.words323" starttime="968.05" endtime="968.05" punc="true">,</w>
   <w nite:id="ES2003b.D.words324" starttime="968.05" endtime="968.26">that&#39;ll</w>
   <w nite:id="ES2003b.D.words325" starttime="968.26" endtime="968.36">be</w>
   <w nite:id="ES2003b.D.words326" starttime="968.36" endtime="969.34">decided</w>
   <w nite:id="ES2003b.D.words327" starttime="969.34" endtime="969.34" punc="true">,</w>
   <w nite:id="ES2003b.D.words328" starttime="969.34" endtime="969.43">I</w>
   <w nite:id="ES2003b.D.words329" starttime="969.43" endtime="969.81">guess</w>
   <w nite:id="ES2003b.D.words330" starttime="969.81" endtime="969.81" punc="true">.</w>
   <vocalsound nite:id="ES2003b.D.words331" starttime="971.584" endtime="971.584" type="other"/>
   <w nite:id="ES2003b.D.words332" starttime="971.74" endtime="972.26">Uh</w>
   <w nite:id="ES2003b.D.words333" starttime="972.26" endtime="972.26" punc="true">,</w>
   <w nite:id="ES2003b.D.words334" starttime="972.26" endtime="972.41">and</w>
   <w nite:id="ES2003b.D.words335" starttime="972.41" endtime="972.49">the</w>
   <w nite:id="ES2003b.D.words336" starttime="972.49" endtime="972.81">next</w>
   <w nite:id="ES2003b.D.words337" starttime="972.81" endtime="973.2">slide</w>
   <w nite:id="ES2003b.D.words338" starttime="973.2" endtime="973.2" punc="true">.</w>
   <w nite:id="ES2003b.D.words339" starttime="974.47" endtime="974.72">Oh</w>
   <w nite:id="ES2003b.D.words340" starttime="974.72" endtime="974.72" punc="true">,</w>
   <w nite:id="ES2003b.D.words341" starttime="974.72" endtime="975.05">yeah</w>
   <disfmarker nite:id="ES2003b.D.words342" starttime="975.05" endtime="975.232"/>
   <w nite:id="ES2003b.D.words343" starttime="977.09" endtime="978.04">Um</w>
   <w nite:id="ES2003b.D.words344" starttime="978.04" endtime="978.04" punc="true">,</w>
   <w nite:id="ES2003b.D.words345" starttime="978.04" endtime="978.14">if</w>
   <w nite:id="ES2003b.D.words346" starttime="978.14" endtime="978.2">you</w>
   <w nite:id="ES2003b.D.words347" starttime="978.2" endtime="978.27">go</w>
   <w nite:id="ES2003b.D.words348" starttime="978.27" endtime="978.33">to</w>
   <w nite:id="ES2003b.D.words349" starttime="978.33" endtime="978.41">the</w>
   <w nite:id="ES2003b.D.words350" starttime="978.41" endtime="978.64">next</w>
   <w nite:id="ES2003b.D.words351" starttime="978.64" endtime="978.89">slide</w>
   <w nite:id="ES2003b.D.words352" starttime="978.89" endtime="979.51">then</w>
   <w nite:id="ES2003b.D.words353" starttime="979.51" endtime="979.51" punc="true">.</w>
   <w nite:id="ES2003b.D.words354" starttime="979.51" endtime="979.64">I</w>
   <w nite:id="ES2003b.D.words355" starttime="979.64" endtime="979.85">just</w>
   <w nite:id="ES2003b.D.words356" starttime="979.85" endtime="980.28">used</w>
   <w nite:id="ES2003b.D.words357" starttime="980.28" endtime="981.45">the</w>
   <vocalsound nite:id="ES2003b.D.words358" starttime="981.45" endtime="981.45" type="laugh"/>
   <w nite:id="ES2003b.D.words359" starttime="981.45" endtime="981.61">it</w>
   <w nite:id="ES2003b.D.words360" starttime="981.61" endtime="981.75">was</w>
   <w nite:id="ES2003b.D.words361" starttime="981.75" endtime="981.81">a</w>
   <w nite:id="ES2003b.D.words362" starttime="981.81" endtime="982.26">mess</w>
   <w nite:id="ES2003b.D.words363" starttime="982.26" endtime="982.26" punc="true">,</w>
   <w nite:id="ES2003b.D.words364" starttime="982.26" endtime="982.55">uh</w>
   <w nite:id="ES2003b.D.words365" starttime="982.55" endtime="982.58">I</w>
   <w nite:id="ES2003b.D.words366" starttime="982.58" endtime="982.74">was</w>
   <w nite:id="ES2003b.D.words367" starttime="982.74" endtime="983.17">just</w>
   <w nite:id="ES2003b.D.words368" starttime="983.17" endtime="984.18">putting</w>
   <w nite:id="ES2003b.D.words369" starttime="984.18" endtime="984.44">adding</w>
   <w nite:id="ES2003b.D.words370" starttime="984.44" endtime="984.52">it</w>
   <w nite:id="ES2003b.D.words371" starttime="984.52" endtime="984.79">together</w>
   <w nite:id="ES2003b.D.words372" starttime="984.79" endtime="984.87">at</w>
   <w nite:id="ES2003b.D.words373" starttime="984.87" endtime="984.98">the</w>
   <w nite:id="ES2003b.D.words374" starttime="984.98" endtime="985.18">end</w>
   <w nite:id="ES2003b.D.words375" starttime="985.18" endtime="985.83">there</w>
   <w nite:id="ES2003b.D.words376" starttime="985.83" endtime="985.83" punc="true">.</w>
   <w nite:id="ES2003b.D.words377" starttime="985.83" endtime="986.06">Uh</w>
   <disfmarker nite:id="ES2003b.D.words378" starttime="986.06" endtime="986.48"/>
   <w nite:id="ES2003b.D.words379" starttime="987.28" endtime="988.06">Uh</w>
   <w nite:id="ES2003b.D.words380" starttime="988.06" endtime="988.43">so</w>
   <w nite:id="ES2003b.D.words381" starttime="988.43" endtime="988.53">you</w>
   <w nite:id="ES2003b.D.words382" starttime="988.53" endtime="988.73">have</w>
   <w nite:id="ES2003b.D.words383" starttime="988.73" endtime="989.56">the</w>
   <w nite:id="ES2003b.D.words384" starttime="989.56" endtime="989.82">energy</w>
   <w nite:id="ES2003b.D.words385" starttime="989.82" endtime="990.33">source</w>
   <w nite:id="ES2003b.D.words386" starttime="990.33" endtime="990.66">obviously</w>
   <w nite:id="ES2003b.D.words387" starttime="990.66" endtime="991.04">connected</w>
   <w nite:id="ES2003b.D.words388" starttime="991.04" endtime="991.15">to</w>
   <w nite:id="ES2003b.D.words389" starttime="991.15" endtime="991.25">the</w>
   <w nite:id="ES2003b.D.words390" starttime="991.25" endtime="991.92">chip</w>
   <w nite:id="ES2003b.D.words391" starttime="991.92" endtime="991.92" punc="true">,</w>
   <w nite:id="ES2003b.D.words392" starttime="991.92" endtime="992.34">and</w>
   <w nite:id="ES2003b.D.words393" starttime="992.34" endtime="992.43">the</w>
   <w nite:id="ES2003b.D.words394" starttime="992.43" endtime="992.71">user</w>
   <w nite:id="ES2003b.D.words395" starttime="992.71" endtime="993.55">interface</w>
   <w nite:id="ES2003b.D.words396" starttime="993.55" endtime="993.88">obviously</w>
   <w nite:id="ES2003b.D.words397" starttime="993.88" endtime="994.37">contains</w>
   <w nite:id="ES2003b.D.words398" starttime="994.37" endtime="994.78">everything</w>
   <w nite:id="ES2003b.D.words399" starttime="994.78" endtime="994.78" punc="true">.</w>
   <w nite:id="ES2003b.D.words400" starttime="995.08" endtime="995.16">You</w>
   <w nite:id="ES2003b.D.words401" starttime="995.16" endtime="995.25">have</w>
   <w nite:id="ES2003b.D.words402" starttime="995.25" endtime="995.33">the</w>
   <w nite:id="ES2003b.D.words403" starttime="995.33" endtime="995.64">switch</w>
   <w nite:id="ES2003b.D.words404" starttime="995.64" endtime="995.83">turn</w>
   <w nite:id="ES2003b.D.words405" starttime="995.83" endtime="995.98">it</w>
   <w nite:id="ES2003b.D.words406" starttime="995.98" endtime="996.38">on</w>
   <w nite:id="ES2003b.D.words407" starttime="996.38" endtime="996.38" punc="true">,</w>
   <w nite:id="ES2003b.D.words408" starttime="996.38" endtime="996.86">infrared</w>
   <w nite:id="ES2003b.D.words409" starttime="996.86" endtime="997.8">bulb</w>
   <w nite:id="ES2003b.D.words410" starttime="997.8" endtime="997.8" punc="true">,</w>
   <w nite:id="ES2003b.D.words411" starttime="997.8" endtime="999.1">uh</w>
   <w nite:id="ES2003b.D.words412" starttime="999.1" endtime="999.63">will</w>
   <w nite:id="ES2003b.D.words413" starttime="999.63" endtime="1000.05">contact</w>
   <w nite:id="ES2003b.D.words414" starttime="1000.05" endtime="1000.13">the</w>
   <w nite:id="ES2003b.D.words415" starttime="1000.13" endtime="1000.68">T_V_</w>
   <w nite:id="ES2003b.D.words416" starttime="1000.68" endtime="1002.29">and</w>
   <w nite:id="ES2003b.D.words417" starttime="1002.29" endtime="1002.38">will</w>
   <w nite:id="ES2003b.D.words418" starttime="1002.38" endtime="1002.58">have</w>
   <w nite:id="ES2003b.D.words419" starttime="1002.58" endtime="1003.06">whatever</w>
   <w nite:id="ES2003b.D.words420" starttime="1003.06" endtime="1003.51">device</w>
   <w nite:id="ES2003b.D.words421" starttime="1003.51" endtime="1004.07">or</w>
   <w nite:id="ES2003b.D.words422" starttime="1004.07" endtime="1004.38">D_V_D_</w>
   <w nite:id="ES2003b.D.words423" starttime="1004.38" endtime="1004.75">player</w>
   <w nite:id="ES2003b.D.words424" starttime="1004.75" endtime="1004.75" punc="true">,</w>
   <w nite:id="ES2003b.D.words425" starttime="1004.75" endtime="1004.88">the</w>
   <w nite:id="ES2003b.D.words426" starttime="1004.88" endtime="1005.13">bulb</w>
   <w nite:id="ES2003b.D.words427" starttime="1005.13" endtime="1005.39">will</w>
   <w nite:id="ES2003b.D.words428" starttime="1005.39" endtime="1005.64">turn</w>
   <w nite:id="ES2003b.D.words429" starttime="1005.64" endtime="1005.83">on</w>
   <w nite:id="ES2003b.D.words430" starttime="1005.83" endtime="1005.89">to</w>
   <w nite:id="ES2003b.D.words431" starttime="1005.89" endtime="1006.03">say</w>
   <w nite:id="ES2003b.D.words432" starttime="1006.03" endtime="1006.4">it&#39;s</w>
   <w nite:id="ES2003b.D.words433" starttime="1006.4" endtime="1006.59">on</w>
   <w nite:id="ES2003b.D.words434" starttime="1006.59" endtime="1006.59" punc="true">.</w>
   <w nite:id="ES2003b.D.words435" starttime="1007.4" endtime="1007.69">Uh</w>
   <w nite:id="ES2003b.D.words436" starttime="1007.69" endtime="1007.69" punc="true">,</w>
   <w nite:id="ES2003b.D.words437" starttime="1007.69" endtime="1007.94">so</w>
   <w nite:id="ES2003b.D.words438" starttime="1007.94" endtime="1008.05">do</w>
   <w nite:id="ES2003b.D.words439" starttime="1008.05" endtime="1008.15">we</w>
   <w nite:id="ES2003b.D.words440" starttime="1008.15" endtime="1009.08">need</w>
   <w nite:id="ES2003b.D.words441" starttime="1009.08" endtime="1009.31">on</w>
   <w nite:id="ES2003b.D.words442" starttime="1009.31" endtime="1009.38">the</w>
   <w nite:id="ES2003b.D.words443" starttime="1009.38" endtime="1010.62">control</w>
   <w nite:id="ES2003b.D.words444" starttime="1010.62" endtime="1011.08">uh</w>
   <w nite:id="ES2003b.D.words445" starttime="1011.08" endtime="1011.36">different</w>
   <w nite:id="ES2003b.D.words446" starttime="1011.36" endtime="1011.8">buttons</w>
   <w nite:id="ES2003b.D.words447" starttime="1011.8" endtime="1011.93">to</w>
   <w nite:id="ES2003b.D.words448" starttime="1011.93" endtime="1012.33">decide</w>
   <w nite:id="ES2003b.D.words449" starttime="1012.33" endtime="1012.33" punc="true">,</w>
   <w nite:id="ES2003b.D.words450" starttime="1012.33" endtime="1012.5">or</w>
   <w nite:id="ES2003b.D.words451" starttime="1012.5" endtime="1012.8">different</w>
   <w nite:id="ES2003b.D.words452" starttime="1012.8" endtime="1012.95">light</w>
   <w nite:id="ES2003b.D.words453" starttime="1012.95" endtime="1013.38">bulbs</w>
   <w nite:id="ES2003b.D.words454" starttime="1013.38" endtime="1013.38" punc="true">,</w>
   <w nite:id="ES2003b.D.words455" starttime="1013.38" endtime="1013.59">would</w>
   <w nite:id="ES2003b.D.words456" starttime="1013.59" endtime="1013.68">it</w>
   <w nite:id="ES2003b.D.words457" starttime="1013.68" endtime="1013.82">be</w>
   <w nite:id="ES2003b.D.words458" starttime="1013.82" endtime="1015.09">easier</w>
   <w nite:id="ES2003b.D.words459" starttime="1015.09" endtime="1015.09" punc="true">?</w>
   <w nite:id="ES2003b.D.words460" starttime="1015.09" endtime="1016.25">Um</w>
   <w nite:id="ES2003b.D.words461" starttime="1016.25" endtime="1016.25" punc="true">,</w>
   <w nite:id="ES2003b.D.words462" starttime="1016.25" endtime="1016.35">I</w>
   <w nite:id="ES2003b.D.words463" starttime="1016.35" endtime="1016.63">dunno</w>
   <w nite:id="ES2003b.D.words464" starttime="1016.63" endtime="1016.75">what</w>
   <w nite:id="ES2003b.D.words465" starttime="1016.75" endtime="1016.84">we</w>
   <w nite:id="ES2003b.D.words466" starttime="1016.84" endtime="1016.98">should</w>
   <w nite:id="ES2003b.D.words467" starttime="1016.98" endtime="1017.29">decide</w>
   <w nite:id="ES2003b.D.words468" starttime="1017.29" endtime="1017.38">on</w>
   <w nite:id="ES2003b.D.words469" starttime="1017.38" endtime="1017.56">that</w>
   <w nite:id="ES2003b.D.words470" starttime="1017.56" endtime="1017.56" punc="true">.</w>
   <w nite:id="ES2003b.D.words471" starttime="1021.73" endtime="1021.91">No</w>
   <w nite:id="ES2003b.D.words472" starttime="1021.91" endtime="1021.91" punc="true">,</w>
   <w nite:id="ES2003b.D.words473" starttime="1021.91" endtime="1022.11">it&#39;s</w>
   <w nite:id="ES2003b.D.words474" starttime="1022.11" endtime="1022.57">finished</w>
   <w nite:id="ES2003b.D.words475" starttime="1022.57" endtime="1022.57" punc="true">,</w>
   <w nite:id="ES2003b.D.words476" starttime="1022.57" endtime="1022.74">yeah</w>
   <w nite:id="ES2003b.D.words477" starttime="1022.74" endtime="1022.74" punc="true">.</w>
   <w nite:id="ES2003b.D.words478" starttime="1063.32" endtime="1063.98">Cost</w>
   <w nite:id="ES2003b.D.words479" starttime="1063.98" endtime="1063.98" punc="true">.</w>
   <w nite:id="ES2003b.D.words480" starttime="1063.98" endtime="1065.39">Mm</w>
   <w nite:id="ES2003b.D.words481" starttime="1065.39" endtime="1065.39" punc="true">.</w>
   <w nite:id="ES2003b.D.words482" starttime="1124.34" endtime="1124.81">L_C_D_</w>
   <w nite:id="ES2003b.D.words483" starttime="1124.81" endtime="1124.97">on</w>
   <w nite:id="ES2003b.D.words484" starttime="1124.97" endtime="1125.07">the</w>
   <w nite:id="ES2003b.D.words485" starttime="1125.07" endtime="1125.49">remote</w>
   <w nite:id="ES2003b.D.words486" starttime="1125.49" endtime="1125.77">just</w>
   <w nite:id="ES2003b.D.words487" starttime="1125.77" endtime="1126.05">telling</w>
   <w nite:id="ES2003b.D.words488" starttime="1126.05" endtime="1126.39">you</w>
   <w nite:id="ES2003b.D.words489" starttime="1126.39" endtime="1126.65">what&#39;s</w>
   <w nite:id="ES2003b.D.words490" starttime="1126.65" endtime="1126.94">on</w>
   <w nite:id="ES2003b.D.words491" starttime="1126.94" endtime="1126.94" punc="true">,</w>
   <w nite:id="ES2003b.D.words492" starttime="1126.94" endtime="1127.95">or</w>
   <vocalsound nite:id="ES2003b.D.words493" starttime="1127.95" endtime="1127.95" type="other"/>
   <w nite:id="ES2003b.D.words494" starttime="1127.95" endtime="1129.36">uh</w>
   <w nite:id="ES2003b.D.words495" starttime="1129.36" endtime="1129.36" punc="true">,</w>
   <w nite:id="ES2003b.D.words496" starttime="1129.36" endtime="1129.89">interactive</w>
   <w nite:id="ES2003b.D.words497" starttime="1129.89" endtime="1130.3">L_C_D_</w>
   <w nite:id="ES2003b.D.words498" starttime="1130.3" endtime="1130.49">or</w>
   <disfmarker nite:id="ES2003b.D.words499" starttime="1130.49" endtime="1130.544"/>
   <w nite:id="ES2003b.D.words500" starttime="1173.47" endtime="1173.56">Do</w>
   <w nite:id="ES2003b.D.words501" starttime="1173.56" endtime="1173.63">you</w>
   <w nite:id="ES2003b.D.words502" starttime="1173.63" endtime="1173.78">think</w>
   <w nite:id="ES2003b.D.words503" starttime="1173.78" endtime="1173.91">that</w>
   <w nite:id="ES2003b.D.words504" starttime="1173.91" endtime="1174.16">people</w>
   <w nite:id="ES2003b.D.words505" starttime="1174.16" endtime="1174.25">will</w>
   <w nite:id="ES2003b.D.words506" starttime="1174.25" endtime="1174.42">get</w>
   <w nite:id="ES2003b.D.words507" starttime="1174.42" endtime="1174.77">mixed</w>
   <w nite:id="ES2003b.D.words508" starttime="1174.77" endtime="1175.18">up</w>
   <w nite:id="ES2003b.D.words509" starttime="1175.18" endtime="1175.18" punc="true">,</w>
   <w nite:id="ES2003b.D.words510" starttime="1175.18" endtime="1175.98">like</w>
   <w nite:id="ES2003b.D.words511" starttime="1175.98" endtime="1175.98" punc="true">,</w>
   <w nite:id="ES2003b.D.words512" starttime="1175.98" endtime="1176.14">they&#39;ll</w>
   <w nite:id="ES2003b.D.words513" starttime="1176.14" endtime="1176.28">be</w>
   <w nite:id="ES2003b.D.words514" starttime="1176.28" endtime="1176.51">looking</w>
   <w nite:id="ES2003b.D.words515" starttime="1176.51" endtime="1176.62">at</w>
   <w nite:id="ES2003b.D.words516" starttime="1176.62" endtime="1176.78">this</w>
   <w nite:id="ES2003b.D.words517" starttime="1176.78" endtime="1177.1">screen</w>
   <w nite:id="ES2003b.D.words518" starttime="1177.1" endtime="1177.21">and</w>
   <w nite:id="ES2003b.D.words519" starttime="1177.21" endtime="1177.37">that</w>
   <w nite:id="ES2003b.D.words520" starttime="1177.37" endtime="1177.64">screen</w>
   <w nite:id="ES2003b.D.words521" starttime="1177.64" endtime="1177.84">and</w>
   <w nite:id="ES2003b.D.words522" starttime="1177.84" endtime="1178.99">then</w>
   <w nite:id="ES2003b.D.words523" starttime="1178.99" endtime="1178.99" punc="true">,</w>
   <w nite:id="ES2003b.D.words524" starttime="1178.99" endtime="1179.13">you</w>
   <w nite:id="ES2003b.D.words525" starttime="1179.13" endtime="1179.3">know</w>
   <w nite:id="ES2003b.D.words526" starttime="1179.3" endtime="1179.3" punc="true">,</w>
   <w nite:id="ES2003b.D.words527" starttime="1179.3" endtime="1179.59">trying</w>
   <w nite:id="ES2003b.D.words528" starttime="1179.59" endtime="1180.67">to</w>
   <w nite:id="ES2003b.D.words529" starttime="1180.67" endtime="1180.8">get</w>
   <w nite:id="ES2003b.D.words530" starttime="1180.8" endtime="1181.11">everything</w>
   <w nite:id="ES2003b.D.words531" starttime="1181.11" endtime="1181.66">working</w>
   <w nite:id="ES2003b.D.words532" starttime="1181.66" endtime="1181.66" punc="true">,</w>
   <w nite:id="ES2003b.D.words533" starttime="1181.66" endtime="1181.76">would</w>
   <w nite:id="ES2003b.D.words534" starttime="1181.76" endtime="1181.82">it</w>
   <w nite:id="ES2003b.D.words535" starttime="1181.82" endtime="1181.91">be</w>
   <w nite:id="ES2003b.D.words536" starttime="1181.91" endtime="1181.94">a</w>
   <w nite:id="ES2003b.D.words537" starttime="1181.94" endtime="1182.07">bit</w>
   <w nite:id="ES2003b.D.words538" starttime="1182.07" endtime="1182.74">confusing</w>
   <w nite:id="ES2003b.D.words539" starttime="1182.74" endtime="1182.74" punc="true">?</w>
   <w nite:id="ES2003b.D.words540" starttime="1187.97" endtime="1188.19">Yeah</w>
   <w nite:id="ES2003b.D.words541" starttime="1188.19" endtime="1188.19" punc="true">.</w>
   <w nite:id="ES2003b.D.words542" starttime="1652.19" endtime="1652.87">Yeah</w>
   <vocalsound nite:id="ES2003b.D.words543" starttime="1652.87" endtime="1653.046" type="laugh"/>
   <vocalsound nite:id="ES2003b.D.words544" starttime="1658.212" endtime="1660.688" type="cough"/>
   <w nite:id="ES2003b.D.words545" starttime="1697.67" endtime="1697.82">We&#39;re</w>
   <w nite:id="ES2003b.D.words546" starttime="1697.82" endtime="1697.95">just</w>
   <w nite:id="ES2003b.D.words547" starttime="1697.95" endtime="1698.12">saying</w>
   <w nite:id="ES2003b.D.words548" starttime="1698.12" endtime="1699.28">volume</w>
   <w nite:id="ES2003b.D.words549" starttime="1699.28" endtime="1699.28" punc="true">.</w>
   <w nite:id="ES2003b.D.words550" starttime="1699.28" endtime="1699.66">Should</w>
   <w nite:id="ES2003b.D.words551" starttime="1699.66" endtime="1699.94">volume</w>
   <w nite:id="ES2003b.D.words552" starttime="1699.94" endtime="1700.01">be</w>
   <w nite:id="ES2003b.D.words553" starttime="1700.01" endtime="1700.41">important</w>
   <w nite:id="ES2003b.D.words554" starttime="1700.41" endtime="1700.5">in</w>
   <w nite:id="ES2003b.D.words555" starttime="1700.5" endtime="1700.62">the</w>
   <w nite:id="ES2003b.D.words556" starttime="1700.62" endtime="1701.07">joystick</w>
   <w nite:id="ES2003b.D.words557" starttime="1701.07" endtime="1701.07" punc="true">,</w>
   <w nite:id="ES2003b.D.words558" starttime="1701.07" endtime="1701.3">do</w>
   <w nite:id="ES2003b.D.words559" starttime="1701.3" endtime="1701.43">you</w>
   <w nite:id="ES2003b.D.words560" starttime="1701.43" endtime="1701.77">think</w>
   <w nite:id="ES2003b.D.words561" starttime="1701.77" endtime="1701.77" punc="true">?</w>
   <w nite:id="ES2003b.D.words562" starttime="1707.32" endtime="1707.45">Yep</w>
   <w nite:id="ES2003b.D.words563" starttime="1707.45" endtime="1707.45" punc="true">.</w>
   <w nite:id="ES2003b.D.words564" starttime="1714.53" endtime="1714.67" trunc="true">I</w>
   <w nite:id="ES2003b.D.words565" starttime="1822.04" endtime="1822.47">Yeah</w>
   <w nite:id="ES2003b.D.words566" starttime="1822.47" endtime="1822.47" punc="true">,</w>
   <w nite:id="ES2003b.D.words567" starttime="1822.47" endtime="1822.7">think</w>
   <w nite:id="ES2003b.D.words568" starttime="1822.7" endtime="1822.89">so</w>
   <w nite:id="ES2003b.D.words569" starttime="1822.89" endtime="1822.89" punc="true">.</w>
   <w nite:id="ES2003b.D.words570" starttime="1847.75" endtime="1848.07">Light</w>
   <w nite:id="ES2003b.D.words571" starttime="1848.07" endtime="1848.27">bulb</w>
   <w nite:id="ES2003b.D.words572" starttime="1848.27" endtime="1848.39">as</w>
   <w nite:id="ES2003b.D.words573" starttime="1848.39" endtime="1848.63">well</w>
   <w nite:id="ES2003b.D.words574" starttime="1848.63" endtime="1848.63" punc="true">,</w>
   <w nite:id="ES2003b.D.words575" starttime="1848.63" endtime="1848.85">no</w>
   <w nite:id="ES2003b.D.words576" starttime="1848.85" endtime="1848.85" punc="true">?</w>
   <w nite:id="ES2003b.D.words577" starttime="1852.8" endtime="1853.03">And</w>
   <w nite:id="ES2003b.D.words578" starttime="1853.03" endtime="1853.06">a</w>
   <w nite:id="ES2003b.D.words579" starttime="1853.06" endtime="1853.25">light</w>
   <w nite:id="ES2003b.D.words580" starttime="1853.25" endtime="1853.56">bulb</w>
   <w nite:id="ES2003b.D.words581" starttime="1853.56" endtime="1853.56" punc="true">?</w>
   <w nite:id="ES2003b.D.words582" starttime="1853.56" endtime="1854.14">No</w>
   <w nite:id="ES2003b.D.words583" starttime="1854.14" endtime="1854.14" punc="true">.</w>
   <w nite:id="ES2003b.D.words584" starttime="1854.14" endtime="1854.24">To</w>
   <w nite:id="ES2003b.D.words585" starttime="1854.24" endtime="1854.74">flash</w>
   <w nite:id="ES2003b.D.words586" starttime="1854.74" endtime="1854.74" punc="true">.</w>
   <w nite:id="ES2003b.D.words587" starttime="1854.74" endtime="1854.98">No</w>
   <w nite:id="ES2003b.D.words588" starttime="1854.98" endtime="1854.98" punc="true">.</w>
   <w nite:id="ES2003b.D.words589" starttime="1856.65" endtime="1856.84">Nah</w>
   <w nite:id="ES2003b.D.words590" starttime="1856.84" endtime="1856.84" punc="true">,</w>
   <w nite:id="ES2003b.D.words591" starttime="1856.84" endtime="1856.99">you&#39;d</w>
   <w nite:id="ES2003b.D.words592" starttime="1856.99" endtime="1857.17">see</w>
   <w nite:id="ES2003b.D.words593" starttime="1857.17" endtime="1857.24">it</w>
   <w nite:id="ES2003b.D.words594" starttime="1857.24" endtime="1857.77">anyway</w>
   <w nite:id="ES2003b.D.words595" starttime="1857.77" endtime="1857.77" punc="true">,</w>
   <w nite:id="ES2003b.D.words596" starttime="1857.77" endtime="1858.0">if</w>
   <w nite:id="ES2003b.D.words597" starttime="1858.0" endtime="1858.1">you</w>
   <w nite:id="ES2003b.D.words598" starttime="1858.1" endtime="1858.48">hear</w>
   <w nite:id="ES2003b.D.words599" starttime="1858.48" endtime="1858.54">it</w>
   <w nite:id="ES2003b.D.words600" starttime="1858.54" endtime="1858.54" punc="true">.</w>
   <w nite:id="ES2003b.D.words601" starttime="1861.91" endtime="1862.3">Yeah</w>
   <w nite:id="ES2003b.D.words602" starttime="1862.3" endtime="1862.3" punc="true">.</w>
   <w nite:id="ES2003b.D.words603" starttime="1872.68" endtime="1872.89">Mm-hmm</w>
   <w nite:id="ES2003b.D.words604" starttime="1872.89" endtime="1872.89" punc="true">.</w>
   <w nite:id="ES2003b.D.words605" starttime="1975.74" endtime="1975.92">So</w>
   <w nite:id="ES2003b.D.words606" starttime="1975.92" endtime="1975.97">I</w>
   <w nite:id="ES2003b.D.words607" starttime="1975.97" endtime="1976.15">should</w>
   <w nite:id="ES2003b.D.words608" starttime="1976.15" endtime="1976.39">just</w>
   <w nite:id="ES2003b.D.words609" starttime="1976.39" endtime="1976.59">look</w>
   <w nite:id="ES2003b.D.words610" starttime="1976.59" endtime="1977.05">at</w>
   <w nite:id="ES2003b.D.words611" starttime="1977.05" endtime="1977.84">um</w>
   <w nite:id="ES2003b.D.words612" starttime="1977.84" endtime="1977.97">the</w>
   <w nite:id="ES2003b.D.words613" starttime="1977.97" endtime="1978.76">speaker</w>
   <w nite:id="ES2003b.D.words614" starttime="1978.76" endtime="1978.76" punc="true">,</w>
   <gap nite:id="ES2003b.D.words615" starttime="1978.76" endtime="1978.76"/>
   <w nite:id="ES2003b.D.words616" starttime="1978.76" endtime="1978.94">the</w>
   <w nite:id="ES2003b.D.words617" starttime="1978.94" endtime="1979.31">speaker</w>
   <w nite:id="ES2003b.D.words618" starttime="1979.31" endtime="1979.43">and</w>
   <w nite:id="ES2003b.D.words619" starttime="1979.43" endtime="1979.53">an</w>
   <w nite:id="ES2003b.D.words620" starttime="1979.53" endtime="1980.76">L_E_D_</w>
   <w nite:id="ES2003b.D.words621" starttime="1980.76" endtime="1980.76" punc="true">.</w>
   <w nite:id="ES2003b.D.words622" starttime="1980.76" endtime="1981.12">And</w>
   <disfmarker nite:id="ES2003b.D.words623" starttime="1981.12" endtime="1981.202"/>
   <w nite:id="ES2003b.D.words624" starttime="1982.98" endtime="1983.98">Yeah</w>
   <w nite:id="ES2003b.D.words625" starttime="1983.98" endtime="1983.98" punc="true">,</w>
   <w nite:id="ES2003b.D.words626" starttime="1983.98" endtime="1984.17">and</w>
   <w nite:id="ES2003b.D.words627" starttime="1984.17" endtime="1984.2">a</w>
   <w nite:id="ES2003b.D.words628" starttime="1984.2" endtime="1984.85">transmitter</w>
   <w nite:id="ES2003b.D.words629" starttime="1984.85" endtime="1984.85" punc="true">.</w>
   <w nite:id="ES2003b.D.words630" starttime="2026.57" endtime="2026.91" trunc="true">P</w>
   <w nite:id="ES2003b.D.words631" starttime="2047.56" endtime="2047.98">Fashion</w>
   <w nite:id="ES2003b.D.words632" starttime="2047.98" endtime="2047.98" punc="true">.</w>
   <w nite:id="ES2003b.D.words633" starttime="2057.23" endtime="2057.3">The</w>
   <w nite:id="ES2003b.D.words634" starttime="2057.3" endtime="2057.58">slogan</w>
   <w nite:id="ES2003b.D.words635" starttime="2057.58" endtime="2058.28">is</w>
   <disfmarker nite:id="ES2003b.D.words636" starttime="2058.28" endtime="2058.28"/>
   <w nite:id="ES2003b.D.words637" starttime="2058.28" endtime="2058.47">yeah</w>
   <w nite:id="ES2003b.D.words638" starttime="2058.47" endtime="2058.47" punc="true">,</w>
   <w nite:id="ES2003b.D.words639" starttime="2058.47" endtime="2058.56">the</w>
   <w nite:id="ES2003b.D.words640" starttime="2058.56" endtime="2058.94">slogan&#39;s</w>
   <w nite:id="ES2003b.D.words641" starttime="2058.94" endtime="2059.01">we</w>
   <w nite:id="ES2003b.D.words642" starttime="2059.01" endtime="2059.18">put</w>
   <w nite:id="ES2003b.D.words643" starttime="2059.18" endtime="2059.27">the</w>
   <w nite:id="ES2003b.D.words644" starttime="2059.27" endtime="2059.62">fashion</w>
   <w nite:id="ES2003b.D.words645" starttime="2059.62" endtime="2059.71">in</w>
   <w nite:id="ES2003b.D.words646" starttime="2059.71" endtime="2060.56">electronics</w>
   <w nite:id="ES2003b.D.words647" starttime="2060.56" endtime="2060.56" punc="true">,</w>
   <w nite:id="ES2003b.D.words648" starttime="2060.56" endtime="2060.74">isn&#39;t</w>
   <w nite:id="ES2003b.D.words649" starttime="2060.74" endtime="2061.22">it</w>
   <w nite:id="ES2003b.D.words650" starttime="2061.22" endtime="2061.22" punc="true">?</w>
   <w nite:id="ES2003b.D.words651" starttime="2065.58" endtime="2065.65">&#39;S</w>
   <w nite:id="ES2003b.D.words652" starttime="2065.65" endtime="2065.9">also</w>
   <w nite:id="ES2003b.D.words653" starttime="2065.9" endtime="2066.12">look</w>
   <w nite:id="ES2003b.D.words654" starttime="2066.12" endtime="2066.59">cool</w>
   <w nite:id="ES2003b.D.words655" starttime="2066.59" endtime="2066.59" punc="true">.</w>
</nite:root>