<?xml version="1.0" encoding="ISO-8859-1" standalone="yes"?>
<nite:root nite:id="ES2010d.D.words" xmlns:nite="http://nite.sourceforge.net/">
   <w nite:id="ES2010d.D.words0" starttime="8.11" endtime="8.16">I</w>
   <w nite:id="ES2010d.D.words1" starttime="8.16" endtime="8.32">wanna</w>
   <w nite:id="ES2010d.D.words2" starttime="8.32" endtime="8.56">find</w>
   <w nite:id="ES2010d.D.words3" starttime="8.56" endtime="8.63">our</w>
   <w nite:id="ES2010d.D.words4" starttime="8.63" endtime="8.78">if</w>
   <w nite:id="ES2010d.D.words5" starttime="8.78" endtime="8.93">our</w>
   <w nite:id="ES2010d.D.words6" starttime="8.93" endtime="9.21">remote</w>
   <w nite:id="ES2010d.D.words7" starttime="9.21" endtime="9.85">works</w>
   <w nite:id="ES2010d.D.words8" starttime="9.85" endtime="9.85" punc="true">.</w>
   <w nite:id="ES2010d.D.words9" starttime="11.22" endtime="12.93">Oh</w>
   <w nite:id="ES2010d.D.words10" starttime="12.93" endtime="12.93" punc="true">.</w>
   <vocalsound nite:id="ES2010d.D.words11" starttime="12.93" endtime="13.016" type="laugh"/>
   <w nite:id="ES2010d.D.words12" starttime="19.64" endtime="19.97">Whoohoo</w>
   <w nite:id="ES2010d.D.words13" starttime="19.97" endtime="19.97" punc="true">.</w>
   <w nite:id="ES2010d.D.words14" starttime="86.49" endtime="86.76">That&#39;s</w>
   <w nite:id="ES2010d.D.words15" starttime="86.76" endtime="87.3">nice</w>
   <w nite:id="ES2010d.D.words16" starttime="87.3" endtime="87.3" punc="true">.</w>
   <w nite:id="ES2010d.D.words17" starttime="91.86" endtime="92.07">Good</w>
   <w nite:id="ES2010d.D.words18" starttime="92.07" endtime="92.07" punc="true">.</w>
   <w nite:id="ES2010d.D.words19" starttime="128.62" endtime="128.86">Yeah</w>
   <w nite:id="ES2010d.D.words20" starttime="128.86" endtime="128.86" punc="true">.</w>
   <w nite:id="ES2010d.D.words21" starttime="139.03" endtime="139.42">Yeah</w>
   <w nite:id="ES2010d.D.words22" starttime="139.42" endtime="139.42" punc="true">.</w>
   <w nite:id="ES2010d.D.words23" starttime="170.13" endtime="170.54">Yeah</w>
   <w nite:id="ES2010d.D.words24" starttime="170.54" endtime="170.54" punc="true">.</w>
   <w nite:id="ES2010d.D.words25" starttime="176.92" endtime="177.13">Yeah</w>
   <w nite:id="ES2010d.D.words26" starttime="177.13" endtime="177.13" punc="true">,</w>
   <w nite:id="ES2010d.D.words27" starttime="177.13" endtime="177.23">I</w>
   <w nite:id="ES2010d.D.words28" starttime="177.23" endtime="177.38">think</w>
   <w nite:id="ES2010d.D.words29" starttime="177.38" endtime="177.5">it&#39;s</w>
   <w nite:id="ES2010d.D.words30" starttime="177.5" endtime="177.55">a</w>
   <w nite:id="ES2010d.D.words31" starttime="177.55" endtime="178.45">beautiful</w>
   <disfmarker nite:id="ES2010d.D.words32" starttime="178.45" endtime="178.541"/>
   <w nite:id="ES2010d.D.words33" starttime="179.92" endtime="180.36">Yeah</w>
   <w nite:id="ES2010d.D.words34" starttime="180.36" endtime="180.36" punc="true">.</w>
   <w nite:id="ES2010d.D.words35" starttime="181.27" endtime="181.37">Good</w>
   <w nite:id="ES2010d.D.words36" starttime="181.37" endtime="181.6">job</w>
   <w nite:id="ES2010d.D.words37" starttime="181.6" endtime="181.6" punc="true">,</w>
   <w nite:id="ES2010d.D.words38" starttime="181.6" endtime="181.67">you</w>
   <w nite:id="ES2010d.D.words39" starttime="181.67" endtime="182.51">guys</w>
   <w nite:id="ES2010d.D.words40" starttime="182.51" endtime="182.51" punc="true">.</w>
   <w nite:id="ES2010d.D.words41" starttime="182.51" endtime="182.67">Those</w>
   <w nite:id="ES2010d.D.words42" starttime="182.67" endtime="182.71">are</w>
   <w nite:id="ES2010d.D.words43" starttime="182.71" endtime="182.92">really</w>
   <w nite:id="ES2010d.D.words44" starttime="182.92" endtime="183.23">good</w>
   <w nite:id="ES2010d.D.words45" starttime="183.23" endtime="183.23" punc="true">.</w>
   <w nite:id="ES2010d.D.words46" starttime="196.61" endtime="197.26">Okay</w>
   <w nite:id="ES2010d.D.words47" starttime="197.26" endtime="197.26" punc="true">,</w>
   <w nite:id="ES2010d.D.words48" starttime="197.26" endtime="197.61">it&#39;s</w>
   <w nite:id="ES2010d.D.words49" starttime="197.61" endtime="197.82">a</w>
   <w nite:id="ES2010d.D.words50" starttime="197.82" endtime="198.23">PowerPoint</w>
   <w nite:id="ES2010d.D.words51" starttime="198.23" endtime="199.96">presentation</w>
   <w nite:id="ES2010d.D.words52" starttime="199.96" endtime="199.96" punc="true">.</w>
   <w nite:id="ES2010d.D.words53" starttime="199.96" endtime="200.03">I</w>
   <w nite:id="ES2010d.D.words54" starttime="200.03" endtime="200.15">don&#39;t</w>
   <w nite:id="ES2010d.D.words55" starttime="200.15" endtime="200.35">really</w>
   <w nite:id="ES2010d.D.words56" starttime="200.35" endtime="200.57">know</w>
   <w nite:id="ES2010d.D.words57" starttime="200.57" endtime="200.96">exactly</w>
   <w nite:id="ES2010d.D.words58" starttime="200.96" endtime="201.12">what</w>
   <w nite:id="ES2010d.D.words59" starttime="201.12" endtime="201.24">we</w>
   <w nite:id="ES2010d.D.words60" starttime="201.24" endtime="201.48">should</w>
   <w nite:id="ES2010d.D.words61" starttime="201.48" endtime="202.37">uh</w>
   <w nite:id="ES2010d.D.words62" starttime="202.37" endtime="202.52">talk</w>
   <w nite:id="ES2010d.D.words63" starttime="202.52" endtime="202.71">about</w>
   <w nite:id="ES2010d.D.words64" starttime="202.71" endtime="202.71" punc="true">.</w>
   <w nite:id="ES2010d.D.words65" starttime="202.71" endtime="203.04">It&#39;s</w>
   <w nite:id="ES2010d.D.words66" starttime="203.04" endtime="203.27">under</w>
   <w nite:id="ES2010d.D.words67" starttime="203.27" endtime="203.87">evaluation</w>
   <w nite:id="ES2010d.D.words68" starttime="203.87" endtime="203.87" punc="true">.</w>
   <w nite:id="ES2010d.D.words69" starttime="210.63" endtime="212.43">Alright</w>
   <w nite:id="ES2010d.D.words70" starttime="212.43" endtime="212.43" punc="true">.</w>
   <w nite:id="ES2010d.D.words71" starttime="212.43" endtime="213.54">Um</w>
   <w nite:id="ES2010d.D.words72" starttime="213.54" endtime="213.86">so</w>
   <w nite:id="ES2010d.D.words73" starttime="213.86" endtime="214.08">these</w>
   <w nite:id="ES2010d.D.words74" starttime="214.08" endtime="214.19">are</w>
   <w nite:id="ES2010d.D.words75" starttime="214.19" endtime="214.75">the</w>
   <w nite:id="ES2010d.D.words76" starttime="214.75" endtime="215.16">criteria</w>
   <w nite:id="ES2010d.D.words77" starttime="215.16" endtime="215.26">we&#39;re</w>
   <w nite:id="ES2010d.D.words78" starttime="215.26" endtime="215.42">gonna</w>
   <w nite:id="ES2010d.D.words79" starttime="215.42" endtime="215.79">ask</w>
   <w nite:id="ES2010d.D.words80" starttime="215.79" endtime="215.79" punc="true">,</w>
   <w nite:id="ES2010d.D.words81" starttime="215.79" endtime="215.9">is</w>
   <w nite:id="ES2010d.D.words82" starttime="215.9" endtime="216.05">it</w>
   <w nite:id="ES2010d.D.words83" starttime="216.05" endtime="216.34">easy</w>
   <w nite:id="ES2010d.D.words84" starttime="216.34" endtime="216.43">to</w>
   <w nite:id="ES2010d.D.words85" starttime="216.43" endtime="216.89">use</w>
   <w nite:id="ES2010d.D.words86" starttime="216.89" endtime="216.89" punc="true">,</w>
   <w nite:id="ES2010d.D.words87" starttime="216.89" endtime="216.98">is</w>
   <w nite:id="ES2010d.D.words88" starttime="216.98" endtime="217.19">it</w>
   <w nite:id="ES2010d.D.words89" starttime="217.19" endtime="218.8">fashionable</w>
   <w nite:id="ES2010d.D.words90" starttime="218.8" endtime="219.22">uh</w>
   <disfmarker nite:id="ES2010d.D.words91" starttime="219.22" endtime="219.22"/>
   <w nite:id="ES2010d.D.words92" starttime="219.22" endtime="219.39">yeah</w>
   <w nite:id="ES2010d.D.words93" starttime="219.39" endtime="219.39" punc="true">,</w>
   <w nite:id="ES2010d.D.words94" starttime="219.39" endtime="219.46">I</w>
   <w nite:id="ES2010d.D.words95" starttime="219.46" endtime="219.67">guess</w>
   <w nite:id="ES2010d.D.words96" starttime="219.67" endtime="219.74">we</w>
   <w nite:id="ES2010d.D.words97" starttime="219.74" endtime="219.87">should</w>
   <w nite:id="ES2010d.D.words98" starttime="219.87" endtime="220.01">write</w>
   <w nite:id="ES2010d.D.words99" starttime="220.01" endtime="220.17">these</w>
   <w nite:id="ES2010d.D.words100" starttime="220.17" endtime="220.52">down</w>
   <w nite:id="ES2010d.D.words101" starttime="220.52" endtime="220.65">so</w>
   <w nite:id="ES2010d.D.words102" starttime="220.65" endtime="220.72">we</w>
   <w nite:id="ES2010d.D.words103" starttime="220.72" endtime="220.84">can</w>
   <w nite:id="ES2010d.D.words104" starttime="220.84" endtime="221.21">reference</w>
   <w nite:id="ES2010d.D.words105" starttime="221.21" endtime="221.56">them</w>
   <w nite:id="ES2010d.D.words106" starttime="221.56" endtime="221.56" punc="true">.</w>
   <w nite:id="ES2010d.D.words107" starttime="231.83" endtime="232.68">Like</w>
   <w nite:id="ES2010d.D.words108" starttime="232.68" endtime="232.86">does</w>
   <w nite:id="ES2010d.D.words109" starttime="232.86" endtime="232.95">it</w>
   <w nite:id="ES2010d.D.words110" starttime="232.95" endtime="233.24">feel</w>
   <w nite:id="ES2010d.D.words111" starttime="233.24" endtime="233.69">good</w>
   <w nite:id="ES2010d.D.words112" starttime="233.69" endtime="233.69" punc="true">,</w>
   <w nite:id="ES2010d.D.words113" starttime="233.69" endtime="234.03">like</w>
   <disfmarker nite:id="ES2010d.D.words114" starttime="234.03" endtime="234.03"/>
   <w nite:id="ES2010d.D.words115" starttime="234.03" endtime="234.27">yeah</w>
   <w nite:id="ES2010d.D.words116" starttime="234.27" endtime="234.27" punc="true">,</w>
   <w nite:id="ES2010d.D.words117" starttime="234.27" endtime="234.78">physically</w>
   <w nite:id="ES2010d.D.words118" starttime="234.78" endtime="234.78" punc="true">.</w>
   <vocalsound nite:id="ES2010d.D.words119" starttime="245.024" endtime="246.096" type="laugh"/>
   <vocalsound nite:id="ES2010d.D.words120" starttime="247.552" endtime="248.617" type="laugh"/>
   <w nite:id="ES2010d.D.words121" starttime="250.77" endtime="250.98">That&#39;s</w>
   <w nite:id="ES2010d.D.words122" starttime="250.98" endtime="251.18">just</w>
   <w nite:id="ES2010d.D.words123" starttime="251.18" endtime="251.31">for</w>
   <w nite:id="ES2010d.D.words124" starttime="251.31" endtime="251.62">current</w>
   <w nite:id="ES2010d.D.words125" starttime="251.62" endtime="252.91">trend</w>
   <w nite:id="ES2010d.D.words126" starttime="252.91" endtime="252.91" punc="true">.</w>
   <w nite:id="ES2010d.D.words127" starttime="252.91" endtime="252.99">It</w>
   <w nite:id="ES2010d.D.words128" starttime="252.99" endtime="253.21">doesn&#39;t</w>
   <w nite:id="ES2010d.D.words129" starttime="253.21" endtime="253.46">really</w>
   <w nite:id="ES2010d.D.words130" starttime="253.46" endtime="253.67">count</w>
   <w nite:id="ES2010d.D.words131" starttime="253.67" endtime="253.67" punc="true">,</w>
   <w nite:id="ES2010d.D.words132" starttime="253.67" endtime="253.89">you</w>
   <w nite:id="ES2010d.D.words133" starttime="253.89" endtime="254.48">guys</w>
   <w nite:id="ES2010d.D.words134" starttime="254.48" endtime="254.48" punc="true">.</w>
   <w nite:id="ES2010d.D.words135" starttime="262.07" endtime="262.43">Yeah</w>
   <w nite:id="ES2010d.D.words136" starttime="262.43" endtime="262.43" punc="true">.</w>
   <w nite:id="ES2010d.D.words137" starttime="263.49" endtime="263.64">But</w>
   <w nite:id="ES2010d.D.words138" starttime="263.64" endtime="263.79">it&#39;s</w>
   <disfmarker nite:id="ES2010d.D.words139" starttime="263.79" endtime="263.79"/>
   <w nite:id="ES2010d.D.words140" starttime="263.79" endtime="263.9">so</w>
   <w nite:id="ES2010d.D.words141" starttime="263.9" endtime="264.01">we</w>
   <w nite:id="ES2010d.D.words142" starttime="264.01" endtime="264.14">do</w>
   <w nite:id="ES2010d.D.words143" starttime="264.14" endtime="264.36">have</w>
   <w nite:id="ES2010d.D.words144" starttime="264.36" endtime="264.8">removable</w>
   <w nite:id="ES2010d.D.words145" starttime="264.8" endtime="265.16">covers</w>
   <w nite:id="ES2010d.D.words146" starttime="265.16" endtime="265.16" punc="true">,</w>
   <w nite:id="ES2010d.D.words147" starttime="265.16" endtime="265.93">right</w>
   <w nite:id="ES2010d.D.words148" starttime="265.93" endtime="265.93" punc="true">?</w>
   <w nite:id="ES2010d.D.words149" starttime="265.93" endtime="266.26">Yeah</w>
   <w nite:id="ES2010d.D.words150" starttime="266.26" endtime="266.26" punc="true">,</w>
   <w nite:id="ES2010d.D.words151" starttime="266.26" endtime="266.4">well</w>
   <w nite:id="ES2010d.D.words152" starttime="266.4" endtime="266.71">then</w>
   <w nite:id="ES2010d.D.words153" starttime="266.71" endtime="266.94">that&#39;s</w>
   <w nite:id="ES2010d.D.words154" starttime="266.94" endtime="267.76">covered</w>
   <w nite:id="ES2010d.D.words155" starttime="267.76" endtime="267.76" punc="true">.</w>
   <w nite:id="ES2010d.D.words156" starttime="267.76" endtime="267.89">And</w>
   <w nite:id="ES2010d.D.words157" starttime="267.89" endtime="267.96">so</w>
   <w nite:id="ES2010d.D.words158" starttime="267.96" endtime="268.07">we</w>
   <w nite:id="ES2010d.D.words159" starttime="268.07" endtime="268.36" trunc="true">n</w>
   <w nite:id="ES2010d.D.words160" starttime="268.36" endtime="268.63" trunc="true">k</w>
   <w nite:id="ES2010d.D.words161" starttime="268.63" endtime="268.93">everybody</w>
   <w nite:id="ES2010d.D.words162" starttime="268.93" endtime="269.05">have</w>
   <w nite:id="ES2010d.D.words163" starttime="269.05" endtime="269.23">that</w>
   <w nite:id="ES2010d.D.words164" starttime="269.23" endtime="269.23" punc="true">?</w>
   <w nite:id="ES2010d.D.words165" starttime="275.46" endtime="275.6">Yeah</w>
   <w nite:id="ES2010d.D.words166" starttime="275.6" endtime="275.6" punc="true">,</w>
   <w nite:id="ES2010d.D.words167" starttime="275.6" endtime="275.79">she&#39;s</w>
   <w nite:id="ES2010d.D.words168" starttime="275.79" endtime="275.98">got</w>
   <w nite:id="ES2010d.D.words169" starttime="275.98" endtime="276.21">it</w>
   <w nite:id="ES2010d.D.words170" starttime="276.21" endtime="276.21" punc="true">.</w>
   <w nite:id="ES2010d.D.words171" starttime="277.15" endtime="277.48">It&#39;s</w>
   <w nite:id="ES2010d.D.words172" starttime="277.48" endtime="278.05">good</w>
   <w nite:id="ES2010d.D.words173" starttime="278.05" endtime="278.05" punc="true">.</w>
   <w nite:id="ES2010d.D.words174" starttime="278.05" endtime="278.72">Yeah</w>
   <w nite:id="ES2010d.D.words175" starttime="278.72" endtime="278.72" punc="true">.</w>
   <w nite:id="ES2010d.D.words176" starttime="278.72" endtime="279.03">Okay</w>
   <w nite:id="ES2010d.D.words177" starttime="279.03" endtime="279.64">so</w>
   <w nite:id="ES2010d.D.words178" starttime="279.64" endtime="279.64" punc="true">,</w>
   <w nite:id="ES2010d.D.words179" starttime="279.64" endtime="279.76">we&#39;re</w>
   <w nite:id="ES2010d.D.words180" starttime="279.76" endtime="280.09">using</w>
   <w nite:id="ES2010d.D.words181" starttime="280.09" endtime="280.63">the</w>
   <w nite:id="ES2010d.D.words182" starttime="280.63" endtime="281.52">criteria</w>
   <w nite:id="ES2010d.D.words183" starttime="281.52" endtime="282.11">uh</w>
   <w nite:id="ES2010d.D.words184" starttime="282.11" endtime="282.36">for</w>
   <w nite:id="ES2010d.D.words185" starttime="282.36" endtime="282.41">a</w>
   <w nite:id="ES2010d.D.words186" starttime="282.41" endtime="282.63">seven</w>
   <w nite:id="ES2010d.D.words187" starttime="282.63" endtime="282.81">point</w>
   <w nite:id="ES2010d.D.words188" starttime="282.81" endtime="283.87">scale</w>
   <w nite:id="ES2010d.D.words189" starttime="283.87" endtime="283.87" punc="true">,</w>
   <w nite:id="ES2010d.D.words190" starttime="283.87" endtime="285.28">and</w>
   <w nite:id="ES2010d.D.words191" starttime="285.28" endtime="286.12">so</w>
   <w nite:id="ES2010d.D.words192" starttime="286.12" endtime="286.48">we</w>
   <w nite:id="ES2010d.D.words193" starttime="286.48" endtime="286.61">need</w>
   <w nite:id="ES2010d.D.words194" starttime="286.61" endtime="286.67">to</w>
   <w nite:id="ES2010d.D.words195" starttime="286.67" endtime="287.22">discuss</w>
   <w nite:id="ES2010d.D.words196" starttime="287.22" endtime="287.37">how</w>
   <w nite:id="ES2010d.D.words197" starttime="287.37" endtime="287.52">we</w>
   <w nite:id="ES2010d.D.words198" starttime="287.52" endtime="288.71">feel</w>
   <w nite:id="ES2010d.D.words199" starttime="288.71" endtime="288.71" punc="true">.</w>
   <w nite:id="ES2010d.D.words200" starttime="288.71" endtime="288.83">It</w>
   <w nite:id="ES2010d.D.words201" starttime="288.83" endtime="289.08">falls</w>
   <w nite:id="ES2010d.D.words202" starttime="289.08" endtime="289.32">within</w>
   <w nite:id="ES2010d.D.words203" starttime="289.32" endtime="289.47">this</w>
   <w nite:id="ES2010d.D.words204" starttime="289.47" endtime="289.76">range</w>
   <w nite:id="ES2010d.D.words205" starttime="289.76" endtime="289.76" punc="true">,</w>
   <w nite:id="ES2010d.D.words206" starttime="289.76" endtime="290.09">so</w>
   <w nite:id="ES2010d.D.words207" starttime="290.09" endtime="290.49">for</w>
   <w nite:id="ES2010d.D.words208" starttime="290.49" endtime="290.77">easy</w>
   <w nite:id="ES2010d.D.words209" starttime="290.77" endtime="290.86">to</w>
   <w nite:id="ES2010d.D.words210" starttime="290.86" endtime="291.46">use</w>
   <w nite:id="ES2010d.D.words211" starttime="291.46" endtime="291.46" punc="true">,</w>
   <w nite:id="ES2010d.D.words212" starttime="293.12" endtime="293.2">do</w>
   <w nite:id="ES2010d.D.words213" starttime="293.2" endtime="293.29">we</w>
   <w nite:id="ES2010d.D.words214" starttime="293.29" endtime="293.44">feel</w>
   <w nite:id="ES2010d.D.words215" starttime="293.44" endtime="293.55">it&#39;s</w>
   <w nite:id="ES2010d.D.words216" starttime="293.55" endtime="293.75">very</w>
   <w nite:id="ES2010d.D.words217" starttime="293.75" endtime="293.94">easy</w>
   <w nite:id="ES2010d.D.words218" starttime="293.94" endtime="294.03">to</w>
   <w nite:id="ES2010d.D.words219" starttime="294.03" endtime="294.48">use</w>
   <w nite:id="ES2010d.D.words220" starttime="294.48" endtime="294.48" punc="true">?</w>
   <w nite:id="ES2010d.D.words221" starttime="297.05" endtime="297.17">You</w>
   <w nite:id="ES2010d.D.words222" starttime="297.17" endtime="297.48">guys</w>
   <disfmarker nite:id="ES2010d.D.words223" starttime="297.48" endtime="297.674"/>
   <w nite:id="ES2010d.D.words224" starttime="299.99" endtime="300.21">Okay</w>
   <w nite:id="ES2010d.D.words225" starttime="300.21" endtime="300.21" punc="true">.</w>
   <w nite:id="ES2010d.D.words226" starttime="305.18" endtime="305.24">Oh</w>
   <w nite:id="ES2010d.D.words227" starttime="305.24" endtime="305.43">wait</w>
   <w nite:id="ES2010d.D.words228" starttime="305.43" endtime="305.43" punc="true">,</w>
   <w nite:id="ES2010d.D.words229" starttime="305.43" endtime="305.61">that&#39;s</w>
   <w nite:id="ES2010d.D.words230" starttime="305.61" endtime="306.13">false</w>
   <w nite:id="ES2010d.D.words231" starttime="306.13" endtime="306.13" punc="true">.</w>
   <w nite:id="ES2010d.D.words232" starttime="307.96" endtime="308.35">Okay</w>
   <w nite:id="ES2010d.D.words233" starttime="308.35" endtime="308.35" punc="true">.</w>
   <w nite:id="ES2010d.D.words234" starttime="310.93" endtime="311.8">Two</w>
   <w nite:id="ES2010d.D.words235" starttime="311.8" endtime="311.8" punc="true">.</w>
   <w nite:id="ES2010d.D.words236" starttime="311.8" endtime="312.04">That&#39;s</w>
   <w nite:id="ES2010d.D.words237" starttime="312.04" endtime="312.13">what</w>
   <w nite:id="ES2010d.D.words238" starttime="312.13" endtime="312.19">I</w>
   <w nite:id="ES2010d.D.words239" starttime="312.19" endtime="312.39">say</w>
   <w nite:id="ES2010d.D.words240" starttime="312.39" endtime="312.39" punc="true">.</w>
   <w nite:id="ES2010d.D.words241" starttime="313.66" endtime="314.04">Okay</w>
   <w nite:id="ES2010d.D.words242" starttime="314.04" endtime="314.04" punc="true">,</w>
   <w nite:id="ES2010d.D.words243" starttime="314.04" endtime="314.85">fashionable</w>
   <w nite:id="ES2010d.D.words244" starttime="314.85" endtime="314.85" punc="true">?</w>
   <w nite:id="ES2010d.D.words245" starttime="317.49" endtime="317.67">No</w>
   <w nite:id="ES2010d.D.words246" starttime="317.67" endtime="317.67" punc="true">.</w>
   <w nite:id="ES2010d.D.words247" starttime="317.67" endtime="317.78">I</w>
   <w nite:id="ES2010d.D.words248" starttime="317.78" endtime="317.93">mean</w>
   <w nite:id="ES2010d.D.words249" starttime="317.93" endtime="318.19">like</w>
   <w nite:id="ES2010d.D.words250" starttime="318.19" endtime="318.43">no</w>
   <w nite:id="ES2010d.D.words251" starttime="318.43" endtime="318.43" punc="true">,</w>
   <w nite:id="ES2010d.D.words252" starttime="318.43" endtime="318.53">I</w>
   <w nite:id="ES2010d.D.words253" starttime="318.53" endtime="318.75">think</w>
   <w nite:id="ES2010d.D.words254" starttime="318.75" endtime="318.87">it&#39;s</w>
   <w nite:id="ES2010d.D.words255" starttime="318.87" endtime="319.18">very</w>
   <w nite:id="ES2010d.D.words256" starttime="319.18" endtime="319.76">fashionable</w>
   <w nite:id="ES2010d.D.words257" starttime="319.76" endtime="319.76" punc="true">.</w>
   <w nite:id="ES2010d.D.words258" starttime="320.67" endtime="320.81">I</w>
   <w nite:id="ES2010d.D.words259" starttime="320.81" endtime="320.95" trunc="true">thi</w>
   <w nite:id="ES2010d.D.words260" starttime="320.95" endtime="321.08">I</w>
   <w nite:id="ES2010d.D.words261" starttime="321.08" endtime="321.21">would</w>
   <w nite:id="ES2010d.D.words262" starttime="321.21" endtime="321.33">give</w>
   <w nite:id="ES2010d.D.words263" starttime="321.33" endtime="321.39">it</w>
   <w nite:id="ES2010d.D.words264" starttime="321.39" endtime="321.45">a</w>
   <w nite:id="ES2010d.D.words265" starttime="321.45" endtime="321.81">one</w>
   <w nite:id="ES2010d.D.words266" starttime="321.81" endtime="321.81" punc="true">.</w>
   <w nite:id="ES2010d.D.words267" starttime="325.98" endtime="326.31">Well</w>
   <w nite:id="ES2010d.D.words268" starttime="326.31" endtime="326.31" punc="true">,</w>
   <w nite:id="ES2010d.D.words269" starttime="326.31" endtime="326.6">that&#39;s</w>
   <w nite:id="ES2010d.D.words270" starttime="326.6" endtime="326.86">that&#39;s</w>
   <w nite:id="ES2010d.D.words271" starttime="326.86" endtime="327.1">just</w>
   <w nite:id="ES2010d.D.words272" starttime="327.1" endtime="327.52">like</w>
   <disfmarker nite:id="ES2010d.D.words273" starttime="327.52" endtime="327.52"/>
   <w nite:id="ES2010d.D.words274" starttime="327.52" endtime="327.7">that&#39;s</w>
   <w nite:id="ES2010d.D.words275" starttime="327.7" endtime="327.8">a</w>
   <w nite:id="ES2010d.D.words276" starttime="327.8" endtime="328.16">clay</w>
   <w nite:id="ES2010d.D.words277" starttime="328.16" endtime="328.16" punc="true">,</w>
   <w nite:id="ES2010d.D.words278" starttime="328.16" endtime="328.36">it&#39;s</w>
   <w nite:id="ES2010d.D.words279" starttime="328.36" endtime="328.4">a</w>
   <w nite:id="ES2010d.D.words280" starttime="328.4" endtime="329.21">prototype</w>
   <w nite:id="ES2010d.D.words281" starttime="329.21" endtime="329.21" punc="true">.</w>
   <w nite:id="ES2010d.D.words282" starttime="329.21" endtime="329.31">What</w>
   <w nite:id="ES2010d.D.words283" starttime="329.31" endtime="329.37">do</w>
   <w nite:id="ES2010d.D.words284" starttime="329.37" endtime="329.43">you</w>
   <w nite:id="ES2010d.D.words285" starttime="329.43" endtime="329.67">think</w>
   <w nite:id="ES2010d.D.words286" starttime="329.67" endtime="329.67" punc="true">?</w>
   <w nite:id="ES2010d.D.words287" starttime="333.56" endtime="333.93">Okay</w>
   <w nite:id="ES2010d.D.words288" starttime="333.93" endtime="333.93" punc="true">.</w>
   <w nite:id="ES2010d.D.words289" starttime="336.94" endtime="337.2">Yeah</w>
   <w nite:id="ES2010d.D.words290" starttime="337.2" endtime="337.2" punc="true">,</w>
   <w nite:id="ES2010d.D.words291" starttime="337.2" endtime="337.3">it&#39;s</w>
   <w nite:id="ES2010d.D.words292" starttime="337.3" endtime="337.35">a</w>
   <w nite:id="ES2010d.D.words293" starttime="337.35" endtime="337.47">two</w>
   <w nite:id="ES2010d.D.words294" starttime="337.47" endtime="337.47" punc="true">.</w>
   <w nite:id="ES2010d.D.words295" starttime="340.56" endtime="340.78">That&#39;s</w>
   <w nite:id="ES2010d.D.words296" starttime="340.78" endtime="341.21">okay</w>
   <w nite:id="ES2010d.D.words297" starttime="341.21" endtime="341.21" punc="true">.</w>
   <w nite:id="ES2010d.D.words298" starttime="341.21" endtime="342.77">Yeah</w>
   <w nite:id="ES2010d.D.words299" starttime="342.77" endtime="342.77" punc="true">.</w>
   <vocalsound nite:id="ES2010d.D.words300" starttime="342.77" endtime="342.77" type="other"/>
   <w nite:id="ES2010d.D.words301" starttime="342.77" endtime="343.0">Um</w>
   <w nite:id="ES2010d.D.words302" starttime="344.74" endtime="344.92">does</w>
   <w nite:id="ES2010d.D.words303" starttime="344.92" endtime="345.0">it</w>
   <w nite:id="ES2010d.D.words304" starttime="345.0" endtime="345.39">feel</w>
   <w nite:id="ES2010d.D.words305" starttime="345.39" endtime="345.63">good</w>
   <w nite:id="ES2010d.D.words306" starttime="345.63" endtime="345.63" punc="true">?</w>
   <w nite:id="ES2010d.D.words307" starttime="347.68" endtime="347.87">I</w>
   <w nite:id="ES2010d.D.words308" starttime="347.87" endtime="348.07">feel</w>
   <w nite:id="ES2010d.D.words309" starttime="348.07" endtime="348.46">like</w>
   <disfmarker nite:id="ES2010d.D.words310" starttime="348.46" endtime="348.525"/>
   <w nite:id="ES2010d.D.words311" starttime="358.28" endtime="358.39">I</w>
   <w nite:id="ES2010d.D.words312" starttime="358.39" endtime="358.57">think</w>
   <w nite:id="ES2010d.D.words313" starttime="358.57" endtime="358.65">it</w>
   <w nite:id="ES2010d.D.words314" starttime="358.65" endtime="358.89">feels</w>
   <w nite:id="ES2010d.D.words315" starttime="358.89" endtime="359.17">good</w>
   <w nite:id="ES2010d.D.words316" starttime="359.17" endtime="359.17" punc="true">.</w>
   <w nite:id="ES2010d.D.words317" starttime="360.28" endtime="360.37">I&#39;ll</w>
   <w nite:id="ES2010d.D.words318" starttime="360.37" endtime="360.48">give</w>
   <w nite:id="ES2010d.D.words319" starttime="360.48" endtime="360.54">it</w>
   <w nite:id="ES2010d.D.words320" starttime="360.54" endtime="360.59">a</w>
   <w nite:id="ES2010d.D.words321" starttime="360.59" endtime="360.82">two</w>
   <w nite:id="ES2010d.D.words322" starttime="360.82" endtime="360.82" punc="true">.</w>
   <w nite:id="ES2010d.D.words323" starttime="366.07" endtime="366.16">What</w>
   <w nite:id="ES2010d.D.words324" starttime="366.16" endtime="366.22">do</w>
   <w nite:id="ES2010d.D.words325" starttime="366.22" endtime="366.28">you</w>
   <w nite:id="ES2010d.D.words326" starttime="366.28" endtime="366.42">say</w>
   <w nite:id="ES2010d.D.words327" starttime="366.42" endtime="366.42" punc="true">?</w>
   <w nite:id="ES2010d.D.words328" starttime="367.96" endtime="368.29">Okay</w>
   <w nite:id="ES2010d.D.words329" starttime="368.29" endtime="368.29" punc="true">.</w>
   <w nite:id="ES2010d.D.words330" starttime="373.4" endtime="373.54">Oh</w>
   <w nite:id="ES2010d.D.words331" starttime="373.54" endtime="373.9">no</w>
   <w nite:id="ES2010d.D.words332" starttime="373.9" endtime="373.9" punc="true">,</w>
   <w nite:id="ES2010d.D.words333" starttime="373.9" endtime="374.07">it&#39;s</w>
   <w nite:id="ES2010d.D.words334" starttime="374.07" endtime="374.47">fine</w>
   <w nite:id="ES2010d.D.words335" starttime="374.47" endtime="374.47" punc="true">,</w>
   <w nite:id="ES2010d.D.words336" starttime="374.47" endtime="374.79">you&#39;re</w>
   <disfmarker nite:id="ES2010d.D.words337" starttime="374.79" endtime="374.79"/>
   <w nite:id="ES2010d.D.words338" starttime="374.79" endtime="374.82">I</w>
   <w nite:id="ES2010d.D.words339" starttime="374.82" endtime="375.02">mean</w>
   <w nite:id="ES2010d.D.words340" starttime="375.02" endtime="375.16">you&#39;re</w>
   <w nite:id="ES2010d.D.words341" starttime="375.16" endtime="375.54">Project</w>
   <w nite:id="ES2010d.D.words342" starttime="375.54" endtime="376.43">Manager</w>
   <w nite:id="ES2010d.D.words343" starttime="376.43" endtime="376.43" punc="true">.</w>
   <w nite:id="ES2010d.D.words344" starttime="376.43" endtime="377.8">Um</w>
   <w nite:id="ES2010d.D.words345" starttime="377.8" endtime="377.96">yeah</w>
   <w nite:id="ES2010d.D.words346" starttime="377.96" endtime="377.96" punc="true">,</w>
   <w nite:id="ES2010d.D.words347" starttime="377.96" endtime="378.31">I</w>
   <w nite:id="ES2010d.D.words348" starttime="378.31" endtime="378.68">mean</w>
   <w nite:id="ES2010d.D.words349" starttime="378.68" endtime="378.84">and</w>
   <w nite:id="ES2010d.D.words350" starttime="378.84" endtime="379.05">it</w>
   <disfmarker nite:id="ES2010d.D.words351" starttime="379.05" endtime="379.05"/>
   <w nite:id="ES2010d.D.words352" starttime="379.05" endtime="379.19">does</w>
   <w nite:id="ES2010d.D.words353" starttime="379.19" endtime="379.27">it</w>
   <w nite:id="ES2010d.D.words354" starttime="379.27" endtime="379.43">have</w>
   <w nite:id="ES2010d.D.words355" starttime="379.43" endtime="379.97">voice</w>
   <disfmarker nite:id="ES2010d.D.words356" starttime="379.97" endtime="379.97"/>
   <w nite:id="ES2010d.D.words357" starttime="379.97" endtime="380.07">I</w>
   <w nite:id="ES2010d.D.words358" starttime="380.07" endtime="380.28">mean</w>
   <w nite:id="ES2010d.D.words359" starttime="380.28" endtime="380.46">the</w>
   <w nite:id="ES2010d.D.words360" starttime="380.46" endtime="380.8">phrase</w>
   <w nite:id="ES2010d.D.words361" starttime="380.8" endtime="381.34">recognition</w>
   <w nite:id="ES2010d.D.words362" starttime="381.34" endtime="381.53">on</w>
   <w nite:id="ES2010d.D.words363" starttime="381.53" endtime="381.59">it</w>
   <w nite:id="ES2010d.D.words364" starttime="381.59" endtime="381.59" punc="true">?</w>
   <w nite:id="ES2010d.D.words365" starttime="391.84" endtime="391.93">And</w>
   <w nite:id="ES2010d.D.words366" starttime="391.93" endtime="392.07">there&#39;s</w>
   <w nite:id="ES2010d.D.words367" starttime="392.07" endtime="392.17">no</w>
   <w nite:id="ES2010d.D.words368" starttime="392.17" endtime="392.23">way</w>
   <w nite:id="ES2010d.D.words369" starttime="392.23" endtime="392.31">you</w>
   <w nite:id="ES2010d.D.words370" starttime="392.31" endtime="392.46">can</w>
   <w nite:id="ES2010d.D.words371" starttime="392.46" endtime="392.93">represent</w>
   <w nite:id="ES2010d.D.words372" starttime="392.93" endtime="393.0">it</w>
   <w nite:id="ES2010d.D.words373" starttime="393.0" endtime="393.23">on</w>
   <w nite:id="ES2010d.D.words374" starttime="393.23" endtime="394.38">here</w>
   <w nite:id="ES2010d.D.words375" starttime="394.38" endtime="394.38" punc="true">.</w>
   <w nite:id="ES2010d.D.words376" starttime="394.38" endtime="394.7" trunc="true">Y</w>
   <vocalsound nite:id="ES2010d.D.words377" starttime="396.404" endtime="396.404" type="other"/>
   <w nite:id="ES2010d.D.words378" starttime="397.54" endtime="398.1">Yeah</w>
   <w nite:id="ES2010d.D.words379" starttime="398.1" endtime="398.1" punc="true">,</w>
   <w nite:id="ES2010d.D.words380" starttime="398.1" endtime="399.32">so</w>
   <w nite:id="ES2010d.D.words381" starttime="399.32" endtime="399.32" punc="true">.</w>
   <w nite:id="ES2010d.D.words382" starttime="399.32" endtime="399.59">Then</w>
   <w nite:id="ES2010d.D.words383" starttime="399.59" endtime="399.86">yes</w>
   <w nite:id="ES2010d.D.words384" starttime="399.86" endtime="399.86" punc="true">,</w>
   <w nite:id="ES2010d.D.words385" starttime="399.86" endtime="400.02">then</w>
   <w nite:id="ES2010d.D.words386" starttime="400.02" endtime="400.18">I</w>
   <w nite:id="ES2010d.D.words387" starttime="400.18" endtime="400.51">would</w>
   <disfmarker nite:id="ES2010d.D.words388" starttime="400.51" endtime="400.51"/>
   <w nite:id="ES2010d.D.words389" starttime="400.51" endtime="400.92">well</w>
   <w nite:id="ES2010d.D.words390" starttime="400.92" endtime="401.76">it</w>
   <w nite:id="ES2010d.D.words391" starttime="401.76" endtime="402.95">isn&#39;t</w>
   <disfmarker nite:id="ES2010d.D.words392" starttime="402.95" endtime="402.95"/>
   <w nite:id="ES2010d.D.words393" starttime="402.95" endtime="403.11">what</w>
   <w nite:id="ES2010d.D.words394" starttime="403.11" endtime="403.31">else</w>
   <w nite:id="ES2010d.D.words395" starttime="403.31" endtime="403.45">would</w>
   <w nite:id="ES2010d.D.words396" starttime="403.45" endtime="403.57">it</w>
   <w nite:id="ES2010d.D.words397" starttime="403.57" endtime="403.78">need</w>
   <w nite:id="ES2010d.D.words398" starttime="403.78" endtime="403.97">for</w>
   <w nite:id="ES2010d.D.words399" starttime="403.97" endtime="404.06">it</w>
   <w nite:id="ES2010d.D.words400" starttime="404.06" endtime="404.16">to</w>
   <w nite:id="ES2010d.D.words401" starttime="404.16" endtime="404.33">be</w>
   <w nite:id="ES2010d.D.words402" starttime="404.33" endtime="405.02">technologically</w>
   <w nite:id="ES2010d.D.words403" starttime="405.02" endtime="405.45">innovative</w>
   <w nite:id="ES2010d.D.words404" starttime="405.45" endtime="405.45" punc="true">?</w>
   <w nite:id="ES2010d.D.words405" starttime="408.48" endtime="408.59">And</w>
   <w nite:id="ES2010d.D.words406" starttime="408.59" endtime="408.71">it</w>
   <w nite:id="ES2010d.D.words407" starttime="408.71" endtime="409.39">doesn&#39;t</w>
   <w nite:id="ES2010d.D.words408" starttime="409.39" endtime="409.76">cover</w>
   <w nite:id="ES2010d.D.words409" starttime="409.76" endtime="410.05">anything</w>
   <w nite:id="ES2010d.D.words410" starttime="410.05" endtime="410.24">other</w>
   <w nite:id="ES2010d.D.words411" starttime="410.24" endtime="410.39">then</w>
   <w nite:id="ES2010d.D.words412" starttime="410.39" endtime="410.99">T_V_</w>
   <w nite:id="ES2010d.D.words413" starttime="410.99" endtime="410.99" punc="true">,</w>
   <w nite:id="ES2010d.D.words414" starttime="410.99" endtime="411.35">so</w>
   <w nite:id="ES2010d.D.words415" starttime="411.35" endtime="411.67">I&#39;d</w>
   <w nite:id="ES2010d.D.words416" starttime="411.67" endtime="411.92">probably</w>
   <w nite:id="ES2010d.D.words417" starttime="411.92" endtime="412.03">give</w>
   <w nite:id="ES2010d.D.words418" starttime="412.03" endtime="412.12">it</w>
   <w nite:id="ES2010d.D.words419" starttime="412.12" endtime="412.17">a</w>
   <w nite:id="ES2010d.D.words420" starttime="412.17" endtime="412.62">three</w>
   <w nite:id="ES2010d.D.words421" starttime="412.62" endtime="412.62" punc="true">.</w>
   <w nite:id="ES2010d.D.words422" starttime="414.52" endtime="414.72">Even</w>
   <w nite:id="ES2010d.D.words423" starttime="414.72" endtime="414.85">though</w>
   <w nite:id="ES2010d.D.words424" starttime="414.85" endtime="415.07">it</w>
   <w nite:id="ES2010d.D.words425" starttime="415.07" endtime="415.22">is</w>
   <disfmarker nite:id="ES2010d.D.words426" starttime="415.22" endtime="415.22"/>
   <w nite:id="ES2010d.D.words427" starttime="415.22" endtime="415.36">for</w>
   <w nite:id="ES2010d.D.words428" starttime="415.36" endtime="415.6">just</w>
   <w nite:id="ES2010d.D.words429" starttime="415.6" endtime="415.65">a</w>
   <w nite:id="ES2010d.D.words430" starttime="415.65" endtime="415.91">T_V_</w>
   <w nite:id="ES2010d.D.words431" starttime="415.91" endtime="416.2">remote</w>
   <w nite:id="ES2010d.D.words432" starttime="416.2" endtime="416.38">it&#39;s</w>
   <w nite:id="ES2010d.D.words433" starttime="416.38" endtime="416.45">uh</w>
   <w nite:id="ES2010d.D.words434" starttime="416.45" endtime="416.78">very</w>
   <w nite:id="ES2010d.D.words435" starttime="416.78" endtime="418.23">advanced</w>
   <w nite:id="ES2010d.D.words436" starttime="418.23" endtime="418.23" punc="true">.</w>
   <w nite:id="ES2010d.D.words437" starttime="418.23" endtime="418.37">But</w>
   <w nite:id="ES2010d.D.words438" starttime="418.37" endtime="418.46">it</w>
   <w nite:id="ES2010d.D.words439" starttime="418.46" endtime="418.64">is</w>
   <w nite:id="ES2010d.D.words440" starttime="418.64" endtime="418.89">just</w>
   <w nite:id="ES2010d.D.words441" starttime="418.89" endtime="418.95">a</w>
   <w nite:id="ES2010d.D.words442" starttime="418.95" endtime="419.35">T_V_</w>
   <w nite:id="ES2010d.D.words443" starttime="419.35" endtime="419.74">remote</w>
   <w nite:id="ES2010d.D.words444" starttime="419.74" endtime="419.74" punc="true">.</w>
   <vocalsound nite:id="ES2010d.D.words445" starttime="433.114" endtime="433.114" type="other"/>
   <w nite:id="ES2010d.D.words446" starttime="433.68" endtime="436.13">Well</w>
   <w nite:id="ES2010d.D.words447" starttime="436.13" endtime="436.85">yeah</w>
   <w nite:id="ES2010d.D.words448" starttime="436.85" endtime="436.85" punc="true">,</w>
   <w nite:id="ES2010d.D.words449" starttime="436.85" endtime="437.81">so</w>
   <w nite:id="ES2010d.D.words450" starttime="437.81" endtime="438.03">I&#39;d</w>
   <w nite:id="ES2010d.D.words451" starttime="438.03" endtime="438.15">give</w>
   <w nite:id="ES2010d.D.words452" starttime="438.15" endtime="438.21">it</w>
   <w nite:id="ES2010d.D.words453" starttime="438.21" endtime="438.26">a</w>
   <w nite:id="ES2010d.D.words454" starttime="438.26" endtime="438.58">two</w>
   <w nite:id="ES2010d.D.words455" starttime="438.58" endtime="438.58" punc="true">.</w>
   <w nite:id="ES2010d.D.words456" starttime="441.27" endtime="441.44">Oh</w>
   <w nite:id="ES2010d.D.words457" starttime="441.44" endtime="441.44" punc="true">,</w>
   <w nite:id="ES2010d.D.words458" starttime="441.44" endtime="441.67">it&#39;s</w>
   <w nite:id="ES2010d.D.words459" starttime="441.67" endtime="442.1">very</w>
   <w nite:id="ES2010d.D.words460" starttime="442.1" endtime="442.53">capable</w>
   <w nite:id="ES2010d.D.words461" starttime="442.53" endtime="442.68">of</w>
   <w nite:id="ES2010d.D.words462" starttime="442.68" endtime="442.86">being</w>
   <w nite:id="ES2010d.D.words463" starttime="442.86" endtime="443.19">squishy</w>
   <w nite:id="ES2010d.D.words464" starttime="443.19" endtime="443.32">and</w>
   <w nite:id="ES2010d.D.words465" starttime="443.32" endtime="443.83">fruity</w>
   <w nite:id="ES2010d.D.words466" starttime="443.83" endtime="443.83" punc="true">.</w>
   <w nite:id="ES2010d.D.words467" starttime="447.12" endtime="447.32">Yeah</w>
   <w nite:id="ES2010d.D.words468" starttime="447.32" endtime="447.32" punc="true">.</w>
   <w nite:id="ES2010d.D.words469" starttime="449.11" endtime="450.31">Okay</w>
   <w nite:id="ES2010d.D.words470" starttime="450.31" endtime="450.31" punc="true">,</w>
   <w nite:id="ES2010d.D.words471" starttime="450.31" endtime="450.87">next</w>
   <w nite:id="ES2010d.D.words472" starttime="450.87" endtime="450.87" punc="true">.</w>
   <vocalsound nite:id="ES2010d.D.words473" starttime="452.016" endtime="452.016" type="laugh"/>
   <w nite:id="ES2010d.D.words474" starttime="453.0" endtime="453.39">So</w>
   <w nite:id="ES2010d.D.words475" starttime="453.39" endtime="453.62">um</w>
   <w nite:id="ES2010d.D.words476" starttime="453.62" endtime="453.77">our</w>
   <w nite:id="ES2010d.D.words477" starttime="453.77" endtime="453.87" trunc="true">re</w>
   <w nite:id="ES2010d.D.words478" starttime="453.87" endtime="454.24">model</w>
   <w nite:id="ES2010d.D.words479" starttime="454.24" endtime="454.66">slightly</w>
   <w nite:id="ES2010d.D.words480" starttime="454.66" endtime="455.08">resembling</w>
   <w nite:id="ES2010d.D.words481" starttime="455.08" endtime="455.13">a</w>
   <w nite:id="ES2010d.D.words482" starttime="455.13" endtime="455.45">giant</w>
   <w nite:id="ES2010d.D.words483" starttime="455.45" endtime="455.77">delicious</w>
   <w nite:id="ES2010d.D.words484" starttime="455.77" endtime="456.18">cookie</w>
   <w nite:id="ES2010d.D.words485" starttime="456.18" endtime="456.52">appears</w>
   <w nite:id="ES2010d.D.words486" starttime="456.52" endtime="456.6">to</w>
   <w nite:id="ES2010d.D.words487" starttime="456.6" endtime="456.68">be</w>
   <w nite:id="ES2010d.D.words488" starttime="456.68" endtime="456.75">a</w>
   <w nite:id="ES2010d.D.words489" starttime="456.75" endtime="457.39">winner</w>
   <w nite:id="ES2010d.D.words490" starttime="457.39" endtime="457.39" punc="true">,</w>
   <w nite:id="ES2010d.D.words491" starttime="457.39" endtime="457.7">and</w>
   <w nite:id="ES2010d.D.words492" starttime="457.7" endtime="457.91">uh</w>
   <w nite:id="ES2010d.D.words493" starttime="457.91" endtime="458.2">hopefully</w>
   <w nite:id="ES2010d.D.words494" starttime="458.2" endtime="458.3">we&#39;ll</w>
   <w nite:id="ES2010d.D.words495" starttime="458.3" endtime="458.5">sell</w>
   <w nite:id="ES2010d.D.words496" starttime="458.5" endtime="459.62">millions</w>
   <w nite:id="ES2010d.D.words497" starttime="459.62" endtime="459.62" punc="true">.</w>
   <w nite:id="ES2010d.D.words498" starttime="459.62" endtime="459.75">Good</w>
   <w nite:id="ES2010d.D.words499" starttime="459.75" endtime="459.96">job</w>
   <w nite:id="ES2010d.D.words500" starttime="459.96" endtime="459.96" punc="true">,</w>
   <w nite:id="ES2010d.D.words501" starttime="459.96" endtime="460.42">team</w>
   <w nite:id="ES2010d.D.words502" starttime="460.42" endtime="460.42" punc="true">.</w>
   <vocalsound nite:id="ES2010d.D.words503" starttime="460.42" endtime="460.608" type="laugh"/>
   <vocalsound nite:id="ES2010d.D.words504" starttime="461.321" endtime="461.92" type="other"/>
   <vocalsound nite:id="ES2010d.D.words505" starttime="462.752" endtime="462.752" type="other"/>
   <w nite:id="ES2010d.D.words506" starttime="463.01" endtime="463.43">What</w>
   <w nite:id="ES2010d.D.words507" starttime="463.43" endtime="463.43" punc="true">?</w>
   <w nite:id="ES2010d.D.words508" starttime="466.4" endtime="466.85">It</w>
   <vocalsound nite:id="ES2010d.D.words509" starttime="466.85" endtime="466.85" type="laugh"/>
   <w nite:id="ES2010d.D.words510" starttime="466.85" endtime="466.96">it</w>
   <w nite:id="ES2010d.D.words511" starttime="466.96" endtime="468.09">does</w>
   <w nite:id="ES2010d.D.words512" starttime="468.09" endtime="468.09" punc="true">.</w>
   <vocalsound nite:id="ES2010d.D.words513" starttime="468.09" endtime="468.3" type="laugh"/>
   <w nite:id="ES2010d.D.words514" starttime="469.34" endtime="469.62">Thanks</w>
   <w nite:id="ES2010d.D.words515" starttime="469.62" endtime="469.62" punc="true">.</w>
   <w nite:id="ES2010d.D.words516" starttime="518.77" endtime="519.16">Two</w>
   <w nite:id="ES2010d.D.words517" starttime="519.16" endtime="519.16" punc="true">.</w>
   <w nite:id="ES2010d.D.words518" starttime="526.18" endtime="526.54">Yeah</w>
   <w nite:id="ES2010d.D.words519" starttime="526.54" endtime="526.54" punc="true">.</w>
   <w nite:id="ES2010d.D.words520" starttime="537.59" endtime="538.09">Yeah</w>
   <w nite:id="ES2010d.D.words521" starttime="538.09" endtime="538.09" punc="true">,</w>
   <w nite:id="ES2010d.D.words522" starttime="538.09" endtime="538.61">let&#39;s</w>
   <w nite:id="ES2010d.D.words523" starttime="538.61" endtime="538.73">let&#39;s</w>
   <w nite:id="ES2010d.D.words524" starttime="538.73" endtime="538.84">do</w>
   <w nite:id="ES2010d.D.words525" starttime="538.84" endtime="538.88">a</w>
   <w nite:id="ES2010d.D.words526" starttime="538.88" endtime="539.33">lithium</w>
   <w nite:id="ES2010d.D.words527" starttime="539.33" endtime="539.33" punc="true">.</w>
   <w nite:id="ES2010d.D.words528" starttime="540.47" endtime="540.65">We&#39;re</w>
   <w nite:id="ES2010d.D.words529" starttime="540.65" endtime="540.84" trunc="true">gon</w>
   <w nite:id="ES2010d.D.words530" starttime="540.84" endtime="541.07">that&#39;s</w>
   <w nite:id="ES2010d.D.words531" starttime="541.07" endtime="541.19" trunc="true">gon</w>
   <w nite:id="ES2010d.D.words532" starttime="542.93" endtime="543.44" mispronounced="true">Nologically</w>
   <w nite:id="ES2010d.D.words533" starttime="543.44" endtime="544.22">advanced</w>
   <w nite:id="ES2010d.D.words534" starttime="544.22" endtime="544.22" punc="true">,</w>
   <w nite:id="ES2010d.D.words535" starttime="544.22" endtime="544.55">yeah</w>
   <w nite:id="ES2010d.D.words536" starttime="544.55" endtime="544.55" punc="true">.</w>
   <w nite:id="ES2010d.D.words537" starttime="550.56" endtime="550.88">Yeah</w>
   <w nite:id="ES2010d.D.words538" starttime="550.88" endtime="550.88" punc="true">.</w>
   <w nite:id="ES2010d.D.words539" starttime="558.23" endtime="559.14">Uh</w>
   <gap nite:id="ES2010d.D.words540" starttime="559.14" endtime="559.14"/>
   <w nite:id="ES2010d.D.words541" starttime="559.14" endtime="559.14" punc="true">.</w>
   <w nite:id="ES2010d.D.words542" starttime="560.85" endtime="561.26">Yeah</w>
   <w nite:id="ES2010d.D.words543" starttime="561.26" endtime="561.26" punc="true">.</w>
   <w nite:id="ES2010d.D.words544" starttime="562.88" endtime="563.99">We</w>
   <disfmarker nite:id="ES2010d.D.words545" starttime="563.99" endtime="563.99"/>
   <w nite:id="ES2010d.D.words546" starttime="563.99" endtime="564.74">plastic</w>
   <w nite:id="ES2010d.D.words547" starttime="564.74" endtime="564.74" punc="true">.</w>
   <w nite:id="ES2010d.D.words548" starttime="566.3" endtime="566.69">And</w>
   <w nite:id="ES2010d.D.words549" starttime="566.69" endtime="567.08">special</w>
   <w nite:id="ES2010d.D.words550" starttime="567.08" endtime="567.35">colour</w>
   <w nite:id="ES2010d.D.words551" starttime="567.35" endtime="567.35" punc="true">.</w>
   <w nite:id="ES2010d.D.words552" starttime="575.45" endtime="575.56">But</w>
   <w nite:id="ES2010d.D.words553" starttime="575.56" endtime="575.98">it&#39;s</w>
   <disfmarker nite:id="ES2010d.D.words554" starttime="575.98" endtime="576.173"/>
   <w nite:id="ES2010d.D.words555" starttime="577.88" endtime="578.14">Yeah</w>
   <w nite:id="ES2010d.D.words556" starttime="578.14" endtime="578.14" punc="true">,</w>
   <w nite:id="ES2010d.D.words557" starttime="578.14" endtime="578.3">but</w>
   <w nite:id="ES2010d.D.words558" starttime="578.3" endtime="578.67" trunc="true">i</w>
   <w nite:id="ES2010d.D.words559" starttime="578.67" endtime="579.94">so</w>
   <w nite:id="ES2010d.D.words560" starttime="579.94" endtime="580.39" trunc="true">i</w>
   <w nite:id="ES2010d.D.words561" starttime="587.36" endtime="587.78">But</w>
   <w nite:id="ES2010d.D.words562" starttime="587.78" endtime="588.0">will</w>
   <w nite:id="ES2010d.D.words563" starttime="588.0" endtime="589.17">we</w>
   <w nite:id="ES2010d.D.words564" starttime="589.17" endtime="589.45" trunc="true">w</w>
   <w nite:id="ES2010d.D.words565" starttime="589.45" endtime="589.83">actually</w>
   <w nite:id="ES2010d.D.words566" starttime="589.83" endtime="589.96">we&#39;ll</w>
   <w nite:id="ES2010d.D.words567" starttime="589.96" endtime="590.18">need</w>
   <w nite:id="ES2010d.D.words568" starttime="590.18" endtime="590.34">two</w>
   <w nite:id="ES2010d.D.words569" starttime="590.34" endtime="590.34" punc="true">,</w>
   <w nite:id="ES2010d.D.words570" starttime="590.34" endtime="590.54">won&#39;t</w>
   <w nite:id="ES2010d.D.words571" starttime="590.54" endtime="590.62">we</w>
   <w nite:id="ES2010d.D.words572" starttime="590.62" endtime="590.62" punc="true">?</w>
   <w nite:id="ES2010d.D.words573" starttime="590.62" endtime="590.79">One</w>
   <w nite:id="ES2010d.D.words574" starttime="590.79" endtime="590.93">for</w>
   <w nite:id="ES2010d.D.words575" starttime="590.93" endtime="590.99">the</w>
   <w nite:id="ES2010d.D.words576" starttime="590.99" endtime="591.19">top</w>
   <w nite:id="ES2010d.D.words577" starttime="591.19" endtime="591.29">and</w>
   <w nite:id="ES2010d.D.words578" starttime="591.29" endtime="591.39">then</w>
   <w nite:id="ES2010d.D.words579" starttime="591.39" endtime="591.55">one</w>
   <w nite:id="ES2010d.D.words580" starttime="591.55" endtime="591.72">for</w>
   <w nite:id="ES2010d.D.words581" starttime="591.72" endtime="591.82">the</w>
   <w nite:id="ES2010d.D.words582" starttime="591.82" endtime="592.05" trunc="true">s</w>
   <w nite:id="ES2010d.D.words583" starttime="592.05" endtime="592.31">one</w>
   <w nite:id="ES2010d.D.words584" starttime="592.31" endtime="592.48" trunc="true">e</w>
   <w nite:id="ES2010d.D.words585" starttime="592.48" endtime="592.66">for</w>
   <w nite:id="ES2010d.D.words586" starttime="592.66" endtime="592.86">each</w>
   <w nite:id="ES2010d.D.words587" starttime="592.86" endtime="593.51">side</w>
   <w nite:id="ES2010d.D.words588" starttime="593.51" endtime="593.51" punc="true">.</w>
   <w nite:id="ES2010d.D.words589" starttime="604.44" endtime="604.97">Okay</w>
   <w nite:id="ES2010d.D.words590" starttime="604.97" endtime="604.97" punc="true">.</w>
   <w nite:id="ES2010d.D.words591" starttime="607.69" endtime="608.06">Like</w>
   <w nite:id="ES2010d.D.words592" starttime="608.06" endtime="608.41">because</w>
   <w nite:id="ES2010d.D.words593" starttime="608.41" endtime="608.66">there&#39;s</w>
   <w nite:id="ES2010d.D.words594" starttime="608.66" endtime="608.94">like</w>
   <w nite:id="ES2010d.D.words595" starttime="608.94" endtime="609.15">one</w>
   <w nite:id="ES2010d.D.words596" starttime="609.15" endtime="609.6">interface</w>
   <w nite:id="ES2010d.D.words597" starttime="609.6" endtime="609.72">right</w>
   <w nite:id="ES2010d.D.words598" starttime="609.72" endtime="609.99">here</w>
   <w nite:id="ES2010d.D.words599" starttime="609.99" endtime="610.12">and</w>
   <w nite:id="ES2010d.D.words600" starttime="610.12" endtime="610.47">then</w>
   <disfmarker nite:id="ES2010d.D.words601" starttime="610.47" endtime="610.47"/>
   <w nite:id="ES2010d.D.words602" starttime="610.47" endtime="610.74">because</w>
   <w nite:id="ES2010d.D.words603" starttime="610.74" endtime="610.87">it&#39;s</w>
   <w nite:id="ES2010d.D.words604" starttime="610.87" endtime="611.0">not</w>
   <w nite:id="ES2010d.D.words605" starttime="611.0" endtime="611.15">gonna</w>
   <w nite:id="ES2010d.D.words606" starttime="611.15" endtime="611.25">be</w>
   <w nite:id="ES2010d.D.words607" starttime="611.25" endtime="611.35">on</w>
   <w nite:id="ES2010d.D.words608" starttime="611.35" endtime="611.43">the</w>
   <w nite:id="ES2010d.D.words609" starttime="611.43" endtime="612.33">same</w>
   <w nite:id="ES2010d.D.words610" starttime="612.33" endtime="612.73">plane</w>
   <w nite:id="ES2010d.D.words611" starttime="612.73" endtime="612.83">when</w>
   <w nite:id="ES2010d.D.words612" starttime="612.83" endtime="612.91">you</w>
   <w nite:id="ES2010d.D.words613" starttime="612.91" endtime="613.19">press</w>
   <w nite:id="ES2010d.D.words614" starttime="613.19" endtime="613.31">the</w>
   <w nite:id="ES2010d.D.words615" starttime="613.31" endtime="613.87">button</w>
   <w nite:id="ES2010d.D.words616" starttime="613.87" endtime="613.87" punc="true">.</w>
   <w nite:id="ES2010d.D.words617" starttime="613.87" endtime="614.09">There&#39;s</w>
   <w nite:id="ES2010d.D.words618" starttime="614.09" endtime="614.25">gonna</w>
   <w nite:id="ES2010d.D.words619" starttime="614.25" endtime="614.4">have</w>
   <w nite:id="ES2010d.D.words620" starttime="614.4" endtime="614.51">to</w>
   <w nite:id="ES2010d.D.words621" starttime="614.51" endtime="615.32">be</w>
   <w nite:id="ES2010d.D.words622" starttime="615.32" endtime="615.66">additional</w>
   <w nite:id="ES2010d.D.words623" starttime="615.66" endtime="615.99">signals</w>
   <w nite:id="ES2010d.D.words624" starttime="615.99" endtime="616.1">on</w>
   <w nite:id="ES2010d.D.words625" starttime="616.1" endtime="616.17">the</w>
   <w nite:id="ES2010d.D.words626" starttime="616.17" endtime="616.66">sides</w>
   <w nite:id="ES2010d.D.words627" starttime="616.66" endtime="616.66" punc="true">.</w>
   <w nite:id="ES2010d.D.words628" starttime="616.66" endtime="616.91">So</w>
   <w nite:id="ES2010d.D.words629" starttime="616.91" endtime="617.02">is</w>
   <w nite:id="ES2010d.D.words630" starttime="617.02" endtime="617.13">that</w>
   <w nite:id="ES2010d.D.words631" starttime="617.13" endtime="617.28">gonna</w>
   <w nite:id="ES2010d.D.words632" starttime="617.28" endtime="617.94">be</w>
   <w nite:id="ES2010d.D.words633" starttime="617.94" endtime="618.04">an</w>
   <w nite:id="ES2010d.D.words634" starttime="618.04" endtime="618.38">extra</w>
   <w nite:id="ES2010d.D.words635" starttime="618.38" endtime="618.76">one</w>
   <w nite:id="ES2010d.D.words636" starttime="618.76" endtime="618.94">on</w>
   <w nite:id="ES2010d.D.words637" starttime="618.94" endtime="619.11">each</w>
   <w nite:id="ES2010d.D.words638" starttime="619.11" endtime="619.6">side</w>
   <w nite:id="ES2010d.D.words639" starttime="619.6" endtime="619.6" punc="true">?</w>
   <w nite:id="ES2010d.D.words640" starttime="624.47" endtime="624.6">Or</w>
   <w nite:id="ES2010d.D.words641" starttime="624.6" endtime="625.05">three</w>
   <w nite:id="ES2010d.D.words642" starttime="625.05" endtime="625.05" punc="true">,</w>
   <w nite:id="ES2010d.D.words643" starttime="625.05" endtime="625.33">because</w>
   <w nite:id="ES2010d.D.words644" starttime="625.33" endtime="625.41">of</w>
   <w nite:id="ES2010d.D.words645" starttime="625.41" endtime="625.54">one</w>
   <w nite:id="ES2010d.D.words646" starttime="625.54" endtime="625.62">on</w>
   <w nite:id="ES2010d.D.words647" starttime="625.62" endtime="625.72">each</w>
   <w nite:id="ES2010d.D.words648" starttime="625.72" endtime="625.92">side</w>
   <w nite:id="ES2010d.D.words649" starttime="625.92" endtime="626.01">and</w>
   <w nite:id="ES2010d.D.words650" starttime="626.01" endtime="626.12">one</w>
   <w nite:id="ES2010d.D.words651" starttime="626.12" endtime="626.23">on</w>
   <w nite:id="ES2010d.D.words652" starttime="626.23" endtime="626.77">top</w>
   <w nite:id="ES2010d.D.words653" starttime="626.77" endtime="626.77" punc="true">.</w>
   <w nite:id="ES2010d.D.words654" starttime="626.77" endtime="626.86">I</w>
   <w nite:id="ES2010d.D.words655" starttime="626.86" endtime="626.99">mean</w>
   <w nite:id="ES2010d.D.words656" starttime="626.99" endtime="627.1">it&#39;s</w>
   <w nite:id="ES2010d.D.words657" starttime="627.1" endtime="627.35">fine</w>
   <w nite:id="ES2010d.D.words658" starttime="627.35" endtime="627.48">&#39;cause</w>
   <w nite:id="ES2010d.D.words659" starttime="627.48" endtime="628.01">it</w>
   <w nite:id="ES2010d.D.words660" starttime="628.01" endtime="628.25">comes</w>
   <w nite:id="ES2010d.D.words661" starttime="628.25" endtime="628.35">out</w>
   <w nite:id="ES2010d.D.words662" starttime="628.35" endtime="628.42">the</w>
   <w nite:id="ES2010d.D.words663" starttime="628.42" endtime="628.67">same</w>
   <w nite:id="ES2010d.D.words664" starttime="628.67" endtime="628.78">as</w>
   <w nite:id="ES2010d.D.words665" starttime="628.78" endtime="629.04">twenty</w>
   <w nite:id="ES2010d.D.words666" starttime="629.04" endtime="629.61">nine</w>
   <w nite:id="ES2010d.D.words667" starttime="629.61" endtime="629.61" punc="true">.</w>
   <w nite:id="ES2010d.D.words668" starttime="629.61" endtime="629.77">Well</w>
   <w nite:id="ES2010d.D.words669" starttime="629.77" endtime="629.97">less</w>
   <w nite:id="ES2010d.D.words670" starttime="629.97" endtime="630.06">than</w>
   <w nite:id="ES2010d.D.words671" starttime="630.06" endtime="630.26">twenty</w>
   <w nite:id="ES2010d.D.words672" starttime="630.26" endtime="630.5">nine</w>
   <w nite:id="ES2010d.D.words673" starttime="630.5" endtime="630.69">even</w>
   <w nite:id="ES2010d.D.words674" starttime="630.69" endtime="630.69" punc="true">.</w>
   <w nite:id="ES2010d.D.words675" starttime="634.51" endtime="634.66">They&#39;re</w>
   <w nite:id="ES2010d.D.words676" starttime="634.66" endtime="634.7">a</w>
   <w nite:id="ES2010d.D.words677" starttime="634.7" endtime="634.99">special</w>
   <w nite:id="ES2010d.D.words678" starttime="634.99" endtime="635.47">colour</w>
   <w nite:id="ES2010d.D.words679" starttime="635.47" endtime="635.47" punc="true">.</w>
   <w nite:id="ES2010d.D.words680" starttime="636.61" endtime="637.05">Um</w>
   <w nite:id="ES2010d.D.words681" starttime="637.05" endtime="637.3">they&#39;re</w>
   <w nite:id="ES2010d.D.words682" starttime="637.3" endtime="637.46">uh</w>
   <w nite:id="ES2010d.D.words683" starttime="637.46" endtime="637.59">they&#39;re</w>
   <w nite:id="ES2010d.D.words684" starttime="637.59" endtime="637.64">a</w>
   <w nite:id="ES2010d.D.words685" starttime="637.64" endtime="637.93">special</w>
   <w nite:id="ES2010d.D.words686" starttime="637.93" endtime="638.52">form</w>
   <w nite:id="ES2010d.D.words687" starttime="638.52" endtime="638.52" punc="true">,</w>
   <w nite:id="ES2010d.D.words688" starttime="638.52" endtime="638.7">&#39;cause</w>
   <w nite:id="ES2010d.D.words689" starttime="638.7" endtime="638.84">they&#39;re</w>
   <w nite:id="ES2010d.D.words690" starttime="638.84" endtime="639.4">indented</w>
   <w nite:id="ES2010d.D.words691" starttime="639.4" endtime="639.4" punc="true">.</w>
   <w nite:id="ES2010d.D.words692" starttime="640.94" endtime="641.75">And</w>
   <w nite:id="ES2010d.D.words693" starttime="641.75" endtime="641.75" punc="true">,</w>
   <w nite:id="ES2010d.D.words694" starttime="641.75" endtime="641.86">they&#39;re</w>
   <w nite:id="ES2010d.D.words695" starttime="641.86" endtime="641.93">a</w>
   <w nite:id="ES2010d.D.words696" starttime="641.93" endtime="642.18">special</w>
   <w nite:id="ES2010d.D.words697" starttime="642.18" endtime="642.67">material</w>
   <w nite:id="ES2010d.D.words698" starttime="642.67" endtime="642.67" punc="true">.</w>
   <w nite:id="ES2010d.D.words699" starttime="648.64" endtime="648.87">We&#39;re</w>
   <w nite:id="ES2010d.D.words700" starttime="648.87" endtime="649.33">under</w>
   <w nite:id="ES2010d.D.words701" starttime="649.33" endtime="649.33" punc="true">.</w>
   <vocalsound nite:id="ES2010d.D.words702" starttime="701.808" endtime="701.808" type="other"/>
   <w nite:id="ES2010d.D.words703" starttime="701.84" endtime="701.94">I</w>
   <w nite:id="ES2010d.D.words704" starttime="701.94" endtime="702.09">think</w>
   <w nite:id="ES2010d.D.words705" starttime="702.09" endtime="702.18">we</w>
   <w nite:id="ES2010d.D.words706" starttime="702.18" endtime="702.38">just</w>
   <w nite:id="ES2010d.D.words707" starttime="702.38" endtime="702.72">discuss</w>
   <w nite:id="ES2010d.D.words708" starttime="702.72" endtime="702.85">it</w>
   <w nite:id="ES2010d.D.words709" starttime="702.85" endtime="702.85" punc="true">.</w>
   <w nite:id="ES2010d.D.words710" starttime="718.35" endtime="718.53">Oh</w>
   <w nite:id="ES2010d.D.words711" starttime="718.53" endtime="718.75">that&#39;s</w>
   <w nite:id="ES2010d.D.words712" starttime="718.75" endtime="719.17">true</w>
   <w nite:id="ES2010d.D.words713" starttime="719.17" endtime="719.17" punc="true">.</w>
   <w nite:id="ES2010d.D.words714" starttime="721.2" endtime="721.58">Yeah</w>
   <w nite:id="ES2010d.D.words715" starttime="721.58" endtime="721.58" punc="true">.</w>
   <vocalsound nite:id="ES2010d.D.words716" starttime="722.896" endtime="722.896" type="laugh"/>
   <w nite:id="ES2010d.D.words717" starttime="724.48" endtime="724.73">No</w>
   <w nite:id="ES2010d.D.words718" starttime="724.73" endtime="724.73" punc="true">,</w>
   <w nite:id="ES2010d.D.words719" starttime="724.73" endtime="725.18">yeah</w>
   <w nite:id="ES2010d.D.words720" starttime="725.18" endtime="725.18" punc="true">,</w>
   <w nite:id="ES2010d.D.words721" starttime="725.18" endtime="725.37">that&#39;s</w>
   <w nite:id="ES2010d.D.words722" starttime="725.37" endtime="725.42">a</w>
   <w nite:id="ES2010d.D.words723" starttime="725.42" endtime="725.58">good</w>
   <w nite:id="ES2010d.D.words724" starttime="725.58" endtime="726.58">point</w>
   <w nite:id="ES2010d.D.words725" starttime="726.58" endtime="726.58" punc="true">.</w>
   <w nite:id="ES2010d.D.words726" starttime="726.58" endtime="726.73">&#39;Cause</w>
   <w nite:id="ES2010d.D.words727" starttime="726.73" endtime="727.23">I&#39;d</w>
   <w nite:id="ES2010d.D.words728" starttime="727.23" endtime="727.76">forgotten</w>
   <w nite:id="ES2010d.D.words729" starttime="727.76" endtime="728.97">that</w>
   <w nite:id="ES2010d.D.words730" starttime="728.97" endtime="729.1">that</w>
   <w nite:id="ES2010d.D.words731" starttime="729.1" endtime="729.42">wasn&#39;t</w>
   <w nite:id="ES2010d.D.words732" starttime="729.42" endtime="729.53">our</w>
   <w nite:id="ES2010d.D.words733" starttime="729.53" endtime="730.25">decision</w>
   <w nite:id="ES2010d.D.words734" starttime="730.25" endtime="730.25" punc="true">,</w>
   <w nite:id="ES2010d.D.words735" starttime="730.25" endtime="730.64">yeah</w>
   <w nite:id="ES2010d.D.words736" starttime="730.64" endtime="730.64" punc="true">.</w>
   <w nite:id="ES2010d.D.words737" starttime="734.09" endtime="734.23">Oh</w>
   <w nite:id="ES2010d.D.words738" starttime="734.23" endtime="734.23" punc="true">,</w>
   <w nite:id="ES2010d.D.words739" starttime="734.23" endtime="734.7">overall</w>
   <w nite:id="ES2010d.D.words740" starttime="734.7" endtime="734.76">I</w>
   <w nite:id="ES2010d.D.words741" starttime="734.76" endtime="734.97">mean</w>
   <w nite:id="ES2010d.D.words742" starttime="734.97" endtime="735.01">I</w>
   <w nite:id="ES2010d.D.words743" starttime="735.01" endtime="735.19">thought</w>
   <w nite:id="ES2010d.D.words744" starttime="735.19" endtime="735.27">we</w>
   <w nite:id="ES2010d.D.words745" starttime="735.27" endtime="735.45">did</w>
   <w nite:id="ES2010d.D.words746" starttime="735.45" endtime="735.5">a</w>
   <w nite:id="ES2010d.D.words747" starttime="735.5" endtime="735.65">good</w>
   <w nite:id="ES2010d.D.words748" starttime="735.65" endtime="736.01">job</w>
   <w nite:id="ES2010d.D.words749" starttime="736.01" endtime="736.17">like</w>
   <disfmarker nite:id="ES2010d.D.words750" starttime="736.17" endtime="736.272"/>
   <w nite:id="ES2010d.D.words751" starttime="737.15" endtime="737.24">We</w>
   <w nite:id="ES2010d.D.words752" starttime="737.24" endtime="737.4">got</w>
   <w nite:id="ES2010d.D.words753" starttime="737.4" endtime="737.51">to</w>
   <w nite:id="ES2010d.D.words754" starttime="737.51" endtime="738.02">choose</w>
   <disfmarker nite:id="ES2010d.D.words755" starttime="738.02" endtime="738.02"/>
   <w nite:id="ES2010d.D.words756" starttime="738.02" endtime="738.31">basically</w>
   <w nite:id="ES2010d.D.words757" starttime="738.31" endtime="738.41">we</w>
   <w nite:id="ES2010d.D.words758" starttime="738.41" endtime="738.5">had</w>
   <w nite:id="ES2010d.D.words759" starttime="738.5" endtime="738.84">control</w>
   <w nite:id="ES2010d.D.words760" starttime="738.84" endtime="739.44">over</w>
   <disfmarker nite:id="ES2010d.D.words761" starttime="739.44" endtime="739.44"/>
   <w nite:id="ES2010d.D.words762" starttime="739.44" endtime="739.75">minus</w>
   <w nite:id="ES2010d.D.words763" starttime="739.75" endtime="739.82">it</w>
   <w nite:id="ES2010d.D.words764" starttime="739.82" endtime="739.99">being</w>
   <w nite:id="ES2010d.D.words765" starttime="739.99" endtime="740.19">just</w>
   <w nite:id="ES2010d.D.words766" starttime="740.19" endtime="740.46">merely</w>
   <w nite:id="ES2010d.D.words767" starttime="740.46" endtime="740.52">a</w>
   <w nite:id="ES2010d.D.words768" starttime="740.52" endtime="740.88">T_V_</w>
   <w nite:id="ES2010d.D.words769" starttime="740.88" endtime="741.16">remote</w>
   <w nite:id="ES2010d.D.words770" starttime="741.16" endtime="741.25">we</w>
   <w nite:id="ES2010d.D.words771" starttime="741.25" endtime="741.4">got</w>
   <w nite:id="ES2010d.D.words772" starttime="741.4" endtime="741.49">to</w>
   <w nite:id="ES2010d.D.words773" starttime="741.49" endtime="742.31">choose</w>
   <w nite:id="ES2010d.D.words774" starttime="742.31" endtime="742.43">what</w>
   <w nite:id="ES2010d.D.words775" starttime="742.43" endtime="742.53">we</w>
   <w nite:id="ES2010d.D.words776" starttime="742.53" endtime="742.76">wanted</w>
   <w nite:id="ES2010d.D.words777" starttime="742.76" endtime="742.86">to</w>
   <w nite:id="ES2010d.D.words778" starttime="742.86" endtime="742.98">do</w>
   <w nite:id="ES2010d.D.words779" starttime="742.98" endtime="743.12">with</w>
   <w nite:id="ES2010d.D.words780" starttime="743.12" endtime="743.27">it</w>
   <w nite:id="ES2010d.D.words781" starttime="743.27" endtime="743.27" punc="true">.</w>
   <w nite:id="ES2010d.D.words782" starttime="751.74" endtime="751.91">And</w>
   <w nite:id="ES2010d.D.words783" starttime="751.91" endtime="752.01">we&#39;re</w>
   <w nite:id="ES2010d.D.words784" starttime="752.01" endtime="752.05">a</w>
   <w nite:id="ES2010d.D.words785" starttime="752.05" endtime="752.37">fashion</w>
   <w nite:id="ES2010d.D.words786" starttime="752.37" endtime="752.81">forward</w>
   <w nite:id="ES2010d.D.words787" starttime="752.81" endtime="753.37">technology</w>
   <w nite:id="ES2010d.D.words788" starttime="753.37" endtime="753.68">company</w>
   <w nite:id="ES2010d.D.words789" starttime="753.68" endtime="753.68" punc="true">.</w>
   <vocalsound nite:id="ES2010d.D.words790" starttime="761.945" endtime="762.67" type="other"/>
   <w nite:id="ES2010d.D.words791" starttime="767.67" endtime="767.95">Minus</w>
   <w nite:id="ES2010d.D.words792" starttime="767.95" endtime="768.04">that</w>
   <w nite:id="ES2010d.D.words793" starttime="768.04" endtime="768.18">one</w>
   <w nite:id="ES2010d.D.words794" starttime="768.18" endtime="769.05">fight</w>
   <w nite:id="ES2010d.D.words795" starttime="769.05" endtime="769.05" punc="true">.</w>
   <w nite:id="ES2010d.D.words796" starttime="769.05" endtime="769.73" mispronounced="true">Yeah</w>
   <w nite:id="ES2010d.D.words797" starttime="769.73" endtime="769.73" punc="true">.</w>
   <w nite:id="ES2010d.D.words798" starttime="773.57" endtime="773.8">Yeah</w>
   <w nite:id="ES2010d.D.words799" starttime="773.8" endtime="773.8" punc="true">.</w>
   <w nite:id="ES2010d.D.words800" starttime="773.8" endtime="774.42">I</w>
   <w nite:id="ES2010d.D.words801" starttime="774.42" endtime="774.63">mean</w>
   <w nite:id="ES2010d.D.words802" starttime="774.63" endtime="774.95">minus</w>
   <w nite:id="ES2010d.D.words803" starttime="774.95" endtime="775.05">you</w>
   <w nite:id="ES2010d.D.words804" starttime="775.05" endtime="775.31">guys</w>
   <w nite:id="ES2010d.D.words805" starttime="775.31" endtime="775.48">being</w>
   <w nite:id="ES2010d.D.words806" starttime="775.48" endtime="775.62" trunc="true">wha</w>
   <w nite:id="ES2010d.D.words807" starttime="775.62" endtime="775.75">what</w>
   <w nite:id="ES2010d.D.words808" starttime="775.75" endtime="775.87">is</w>
   <w nite:id="ES2010d.D.words809" starttime="775.87" endtime="776.1">it</w>
   <w nite:id="ES2010d.D.words810" starttime="776.1" endtime="776.1" punc="true">,</w>
   <w nite:id="ES2010d.D.words811" starttime="776.1" endtime="776.32">the</w>
   <w nite:id="ES2010d.D.words812" starttime="776.32" endtime="776.7">survey</w>
   <w nite:id="ES2010d.D.words813" starttime="776.7" endtime="776.7" punc="true">,</w>
   <w nite:id="ES2010d.D.words814" starttime="776.7" endtime="777.34">annoying</w>
   <w nite:id="ES2010d.D.words815" starttime="777.34" endtime="777.5">or</w>
   <w nite:id="ES2010d.D.words816" starttime="777.5" endtime="777.66">what</w>
   <w nite:id="ES2010d.D.words817" starttime="777.66" endtime="777.81">is</w>
   <w nite:id="ES2010d.D.words818" starttime="777.81" endtime="778.05">it</w>
   <w nite:id="ES2010d.D.words819" starttime="778.05" endtime="778.05" punc="true">?</w>
   <w nite:id="ES2010d.D.words820" starttime="778.05" endtime="778.66">Irritating</w>
   <w nite:id="ES2010d.D.words821" starttime="778.66" endtime="778.66" punc="true">,</w>
   <w nite:id="ES2010d.D.words822" starttime="778.66" endtime="779.59">yeah</w>
   <w nite:id="ES2010d.D.words823" starttime="779.59" endtime="779.59" punc="true">.</w>
   <w nite:id="ES2010d.D.words824" starttime="779.59" endtime="780.02">Wow</w>
   <w nite:id="ES2010d.D.words825" starttime="780.02" endtime="780.24">that&#39;s</w>
   <w nite:id="ES2010d.D.words826" starttime="780.24" endtime="780.95">a</w>
   <disfmarker nite:id="ES2010d.D.words827" starttime="780.95" endtime="780.95"/>
   <w nite:id="ES2010d.D.words828" starttime="780.95" endtime="781.07">it&#39;s</w>
   <w nite:id="ES2010d.D.words829" starttime="781.07" endtime="781.61">definitely</w>
   <w nite:id="ES2010d.D.words830" starttime="781.61" endtime="781.81">a</w>
   <w nite:id="ES2010d.D.words831" starttime="781.81" endtime="782.27">strong</w>
   <w nite:id="ES2010d.D.words832" starttime="782.27" endtime="782.41">one</w>
   <w nite:id="ES2010d.D.words833" starttime="782.41" endtime="782.41" punc="true">.</w>
   <w nite:id="ES2010d.D.words834" starttime="785.77" endtime="786.1">Yeah</w>
   <w nite:id="ES2010d.D.words835" starttime="786.1" endtime="786.1" punc="true">.</w>
   <w nite:id="ES2010d.D.words836" starttime="787.81" endtime="788.01">Yeah</w>
   <w nite:id="ES2010d.D.words837" starttime="788.01" endtime="788.01" punc="true">,</w>
   <w nite:id="ES2010d.D.words838" starttime="788.01" endtime="788.13">and</w>
   <w nite:id="ES2010d.D.words839" starttime="788.13" endtime="788.29">no</w>
   <w nite:id="ES2010d.D.words840" starttime="788.29" endtime="788.92">internet</w>
   <w nite:id="ES2010d.D.words841" starttime="788.92" endtime="788.92" punc="true">.</w>
   <w nite:id="ES2010d.D.words842" starttime="792.94" endtime="793.09">And</w>
   <w nite:id="ES2010d.D.words843" starttime="793.09" endtime="793.16">the</w>
   <w nite:id="ES2010d.D.words844" starttime="793.16" endtime="794.57">digital</w>
   <w nite:id="ES2010d.D.words845" starttime="794.57" endtime="794.67">the</w>
   <w nite:id="ES2010d.D.words846" starttime="794.67" endtime="795.08">digital</w>
   <w nite:id="ES2010d.D.words847" starttime="795.08" endtime="796.88">pens</w>
   <w nite:id="ES2010d.D.words848" starttime="796.88" endtime="797.23">were</w>
   <disfmarker nite:id="ES2010d.D.words849" starttime="797.23" endtime="797.23"/>
   <w nite:id="ES2010d.D.words850" starttime="797.23" endtime="797.32">they</w>
   <w nite:id="ES2010d.D.words851" starttime="797.32" endtime="797.38">were</w>
   <w nite:id="ES2010d.D.words852" starttime="797.38" endtime="797.59">pretty</w>
   <w nite:id="ES2010d.D.words853" starttime="797.59" endtime="798.67">cool</w>
   <w nite:id="ES2010d.D.words854" starttime="798.67" endtime="798.67" punc="true">.</w>
   <w nite:id="ES2010d.D.words855" starttime="798.67" endtime="799.22">Yeah</w>
   <w nite:id="ES2010d.D.words856" starttime="799.22" endtime="799.3">they</w>
   <w nite:id="ES2010d.D.words857" starttime="799.3" endtime="799.38">were</w>
   <w nite:id="ES2010d.D.words858" starttime="799.38" endtime="800.0">fun</w>
   <w nite:id="ES2010d.D.words859" starttime="800.0" endtime="800.0" punc="true">,</w>
   <w nite:id="ES2010d.D.words860" starttime="800.0" endtime="800.15">even</w>
   <w nite:id="ES2010d.D.words861" starttime="800.15" endtime="800.3">though</w>
   <w nite:id="ES2010d.D.words862" starttime="800.3" endtime="800.54">I&#39;m</w>
   <w nite:id="ES2010d.D.words863" starttime="800.54" endtime="800.69">not</w>
   <w nite:id="ES2010d.D.words864" starttime="800.69" endtime="800.87">really</w>
   <w nite:id="ES2010d.D.words865" starttime="800.87" endtime="801.41">sure</w>
   <w nite:id="ES2010d.D.words866" starttime="801.41" endtime="801.57">what</w>
   <w nite:id="ES2010d.D.words867" starttime="801.57" endtime="801.71">I</w>
   <w nite:id="ES2010d.D.words868" starttime="801.71" endtime="801.82">could</w>
   <w nite:id="ES2010d.D.words869" starttime="801.82" endtime="801.89">do</w>
   <w nite:id="ES2010d.D.words870" starttime="801.89" endtime="802.03">with</w>
   <w nite:id="ES2010d.D.words871" starttime="802.03" endtime="802.26">them</w>
   <w nite:id="ES2010d.D.words872" starttime="802.26" endtime="802.26" punc="true">,</w>
   <w nite:id="ES2010d.D.words873" starttime="802.26" endtime="802.96">but</w>
   <w nite:id="ES2010d.D.words874" starttime="802.96" endtime="803.21">they</w>
   <w nite:id="ES2010d.D.words875" starttime="803.21" endtime="803.48">are</w>
   <w nite:id="ES2010d.D.words876" starttime="803.48" endtime="804.54">awesome</w>
   <w nite:id="ES2010d.D.words877" starttime="804.54" endtime="804.54" punc="true">.</w>
   <vocalsound nite:id="ES2010d.D.words878" starttime="804.54" endtime="804.613" type="laugh"/>
   <w nite:id="ES2010d.D.words879" starttime="807.04" endtime="807.5">Yeah</w>
   <w nite:id="ES2010d.D.words880" starttime="807.5" endtime="807.5" punc="true">.</w>
   <w nite:id="ES2010d.D.words881" starttime="809.89" endtime="810.08">And</w>
   <w nite:id="ES2010d.D.words882" starttime="810.08" endtime="810.23">these</w>
   <w nite:id="ES2010d.D.words883" starttime="810.23" endtime="810.65">things</w>
   <w nite:id="ES2010d.D.words884" starttime="810.65" endtime="810.75">whoa</w>
   <w nite:id="ES2010d.D.words885" starttime="810.75" endtime="810.75" punc="true">.</w>
   <w nite:id="ES2010d.D.words886" starttime="817.29" endtime="818.33">Yeah</w>
   <w nite:id="ES2010d.D.words887" starttime="818.33" endtime="818.33" punc="true">.</w>
   <w nite:id="ES2010d.D.words888" starttime="818.33" endtime="818.5">And</w>
   <w nite:id="ES2010d.D.words889" starttime="818.5" endtime="818.62">Big</w>
   <w nite:id="ES2010d.D.words890" starttime="818.62" endtime="818.98">Brother</w>
   <w nite:id="ES2010d.D.words891" starttime="818.98" endtime="818.98" punc="true">.</w>
   <vocalsound nite:id="ES2010d.D.words892" starttime="820.277" endtime="820.277" type="other"/>
   <w nite:id="ES2010d.D.words893" starttime="821.3" endtime="821.76">Yeah</w>
   <w nite:id="ES2010d.D.words894" starttime="821.76" endtime="821.76" punc="true">.</w>
   <vocalsound nite:id="ES2010d.D.words895" starttime="821.76" endtime="821.809" type="laugh"/>
   <w nite:id="ES2010d.D.words896" starttime="827.0" endtime="827.26">Um</w>
   <w nite:id="ES2010d.D.words897" starttime="827.26" endtime="827.55">we</w>
   <w nite:id="ES2010d.D.words898" starttime="827.55" endtime="827.65">are</w>
   <w nite:id="ES2010d.D.words899" starttime="827.65" endtime="827.88">really</w>
   <w nite:id="ES2010d.D.words900" starttime="827.88" endtime="828.06">gonna</w>
   <w nite:id="ES2010d.D.words901" starttime="828.06" endtime="828.31">sell</w>
   <w nite:id="ES2010d.D.words902" starttime="828.31" endtime="829.53">this</w>
   <w nite:id="ES2010d.D.words903" starttime="829.53" endtime="829.53" punc="true">.</w>
   <vocalsound nite:id="ES2010d.D.words904" starttime="829.53" endtime="829.53" type="laugh"/>
   <w nite:id="ES2010d.D.words905" starttime="829.53" endtime="829.9">Ta-da</w>
   <w nite:id="ES2010d.D.words906" starttime="829.9" endtime="829.9" punc="true">.</w>
   <w nite:id="ES2010d.D.words907" starttime="854.4" endtime="854.61">Mm-hmm</w>
   <w nite:id="ES2010d.D.words908" starttime="854.61" endtime="854.61" punc="true">.</w>
   <w nite:id="ES2010d.D.words909" starttime="867.77" endtime="868.14">Yeah</w>
   <w nite:id="ES2010d.D.words910" starttime="868.14" endtime="868.14" punc="true">.</w>
   <w nite:id="ES2010d.D.words911" starttime="869.67" endtime="869.88">Yeah</w>
   <w nite:id="ES2010d.D.words912" starttime="869.88" endtime="869.88" punc="true">,</w>
   <w nite:id="ES2010d.D.words913" starttime="869.88" endtime="870.04">&#39;cause</w>
   <w nite:id="ES2010d.D.words914" starttime="870.04" endtime="870.32">they&#39;re</w>
   <w nite:id="ES2010d.D.words915" starttime="870.32" endtime="870.83">pretty</w>
   <w nite:id="ES2010d.D.words916" starttime="870.83" endtime="870.98">and</w>
   <w nite:id="ES2010d.D.words917" starttime="870.98" endtime="871.19">just</w>
   <w nite:id="ES2010d.D.words918" starttime="871.19" endtime="871.82">like</w>
   <disfmarker nite:id="ES2010d.D.words919" starttime="871.82" endtime="871.871"/>
   <w nite:id="ES2010d.D.words920" starttime="879.88" endtime="880.08">Uh</w>
   <w nite:id="ES2010d.D.words921" starttime="880.08" endtime="880.48">yeah</w>
   <w nite:id="ES2010d.D.words922" starttime="880.48" endtime="880.48" punc="true">.</w>
   <w nite:id="ES2010d.D.words923" starttime="882.9" endtime="883.08">Yeah</w>
   <w nite:id="ES2010d.D.words924" starttime="883.08" endtime="883.08" punc="true">,</w>
   <w nite:id="ES2010d.D.words925" starttime="883.08" endtime="883.23">no</w>
   <w nite:id="ES2010d.D.words926" starttime="883.23" endtime="883.23" punc="true">,</w>
   <w nite:id="ES2010d.D.words927" starttime="883.23" endtime="883.85">iPods</w>
   <vocalsound nite:id="ES2010d.D.words928" starttime="883.85" endtime="883.85" type="other"/>
   <disfmarker nite:id="ES2010d.D.words929" starttime="883.85" endtime="883.85"/>
   <w nite:id="ES2010d.D.words930" starttime="883.85" endtime="883.95">They</w>
   <w nite:id="ES2010d.D.words931" starttime="883.95" endtime="884.16">want</w>
   <w nite:id="ES2010d.D.words932" starttime="884.16" endtime="884.24">all</w>
   <w nite:id="ES2010d.D.words933" starttime="884.24" endtime="884.37">those</w>
   <w nite:id="ES2010d.D.words934" starttime="884.37" endtime="884.76">words</w>
   <w nite:id="ES2010d.D.words935" starttime="884.76" endtime="885.14">for</w>
   <w nite:id="ES2010d.D.words936" starttime="885.14" endtime="885.63">presentation</w>
   <w nite:id="ES2010d.D.words937" starttime="885.63" endtime="885.63" punc="true">,</w>
   <w nite:id="ES2010d.D.words938" starttime="885.63" endtime="885.76">even</w>
   <w nite:id="ES2010d.D.words939" starttime="885.76" endtime="885.86">the</w>
   <w nite:id="ES2010d.D.words940" starttime="885.86" endtime="886.52">plugs</w>
   <w nite:id="ES2010d.D.words941" starttime="886.52" endtime="886.52" punc="true">.</w>
   <w nite:id="ES2010d.D.words942" starttime="896.48" endtime="896.66">Oh</w>
   <w nite:id="ES2010d.D.words943" starttime="896.66" endtime="897.14">yeah</w>
   <w nite:id="ES2010d.D.words944" starttime="897.14" endtime="897.14" punc="true">,</w>
   <w nite:id="ES2010d.D.words945" starttime="897.14" endtime="897.6">everybody</w>
   <w nite:id="ES2010d.D.words946" starttime="897.6" endtime="897.6" punc="true">.</w>
   <vocalsound nite:id="ES2010d.D.words947" starttime="898.907" endtime="898.907" type="other"/>
   <w nite:id="ES2010d.D.words948" starttime="899.7" endtime="899.93">Mine</w>
   <w nite:id="ES2010d.D.words949" starttime="899.93" endtime="900.55">is</w>
   <w nite:id="ES2010d.D.words950" starttime="900.55" endtime="901.52">amber</w>
   <w nite:id="ES2010d.D.words951" starttime="901.52" endtime="901.52" punc="true">.</w>
   <w nite:id="ES2010d.D.words952" starttime="901.52" endtime="902.0">Oh</w>
   <w nite:id="ES2010d.D.words953" starttime="902.0" endtime="902.0" punc="true">.</w>
   <w nite:id="ES2010d.D.words954" starttime="909.62" endtime="909.79">Look</w>
   <w nite:id="ES2010d.D.words955" starttime="909.79" endtime="909.96">at</w>
   <w nite:id="ES2010d.D.words956" starttime="909.96" endtime="910.91">it</w>
   <w nite:id="ES2010d.D.words957" starttime="910.91" endtime="910.91" punc="true">.</w>
   <vocalsound nite:id="ES2010d.D.words958" starttime="910.91" endtime="910.91" type="other"/>
   <w nite:id="ES2010d.D.words959" starttime="910.91" endtime="911.09">That</w>
   <w nite:id="ES2010d.D.words960" starttime="911.09" endtime="911.2">is</w>
   <w nite:id="ES2010d.D.words961" starttime="911.2" endtime="911.27">a</w>
   <w nite:id="ES2010d.D.words962" starttime="911.27" endtime="911.86">piece</w>
   <w nite:id="ES2010d.D.words963" starttime="911.86" endtime="912.23">of</w>
   <w nite:id="ES2010d.D.words964" starttime="912.23" endtime="913.34">work</w>
   <w nite:id="ES2010d.D.words965" starttime="913.34" endtime="913.34" punc="true">.</w>
   <vocalsound nite:id="ES2010d.D.words966" starttime="913.34" endtime="913.34" type="laugh"/>
   <w nite:id="ES2010d.D.words967" starttime="913.34" endtime="914.34">Wow</w>
   <w nite:id="ES2010d.D.words968" starttime="914.34" endtime="914.34" punc="true">.</w>
   <w nite:id="ES2010d.D.words969" starttime="914.34" endtime="914.68">Marketing</w>
   <w nite:id="ES2010d.D.words970" starttime="914.68" endtime="915.0">Director</w>
   <w nite:id="ES2010d.D.words971" starttime="915.0" endtime="915.8">says</w>
   <w nite:id="ES2010d.D.words972" starttime="915.8" endtime="916.25">yeah</w>
   <w nite:id="ES2010d.D.words973" starttime="916.25" endtime="916.25" punc="true">.</w>
   <w nite:id="ES2010d.D.words974" starttime="917.37" endtime="917.78">Fashionable</w>
   <w nite:id="ES2010d.D.words975" starttime="917.78" endtime="917.98">people</w>
   <w nite:id="ES2010d.D.words976" starttime="917.98" endtime="918.16">will</w>
   <w nite:id="ES2010d.D.words977" starttime="918.16" endtime="918.33">buy</w>
   <w nite:id="ES2010d.D.words978" starttime="918.33" endtime="918.59">it</w>
   <w nite:id="ES2010d.D.words979" starttime="918.59" endtime="918.59" punc="true">.</w>
   <w nite:id="ES2010d.D.words980" starttime="920.79" endtime="921.04">Oh</w>
   <w nite:id="ES2010d.D.words981" starttime="921.04" endtime="921.04" punc="true">,</w>
   <w nite:id="ES2010d.D.words982" starttime="921.04" endtime="921.22">I</w>
   <w nite:id="ES2010d.D.words983" starttime="921.22" endtime="921.38">will</w>
   <w nite:id="ES2010d.D.words984" starttime="921.38" endtime="921.98">create</w>
   <w nite:id="ES2010d.D.words985" starttime="921.98" endtime="923.14">desire</w>
   <w nite:id="ES2010d.D.words986" starttime="923.14" endtime="923.14" punc="true">.</w>
   <vocalsound nite:id="ES2010d.D.words987" starttime="923.14" endtime="923.775" type="laugh"/>
   <w nite:id="ES2010d.D.words988" starttime="928.39" endtime="928.52">We</w>
   <w nite:id="ES2010d.D.words989" starttime="928.52" endtime="928.64">could</w>
   <w nite:id="ES2010d.D.words990" starttime="928.64" endtime="928.8">have</w>
   <w nite:id="ES2010d.D.words991" starttime="928.8" endtime="928.98">like</w>
   <w nite:id="ES2010d.D.words992" starttime="928.98" endtime="929.16">an</w>
   <w nite:id="ES2010d.D.words993" starttime="929.16" endtime="929.46">Adam</w>
   <w nite:id="ES2010d.D.words994" starttime="929.46" endtime="929.69">and</w>
   <w nite:id="ES2010d.D.words995" starttime="929.69" endtime="929.94">Eve</w>
   <w nite:id="ES2010d.D.words996" starttime="929.94" endtime="930.17">type</w>
   <w nite:id="ES2010d.D.words997" starttime="930.17" endtime="930.59">commercial</w>
   <w nite:id="ES2010d.D.words998" starttime="930.59" endtime="930.59" punc="true">,</w>
   <w nite:id="ES2010d.D.words999" starttime="930.59" endtime="930.7">and</w>
   <w nite:id="ES2010d.D.words1000" starttime="930.7" endtime="930.9">that&#39;s</w>
   <w nite:id="ES2010d.D.words1001" starttime="930.9" endtime="930.98">the</w>
   <w nite:id="ES2010d.D.words1002" starttime="930.98" endtime="932.04">fig-leaf</w>
   <w nite:id="ES2010d.D.words1003" starttime="932.04" endtime="932.04" punc="true">.</w>
   <w nite:id="ES2010d.D.words1004" starttime="932.04" endtime="933.16">Mm</w>
   <w nite:id="ES2010d.D.words1005" starttime="933.16" endtime="933.16" punc="true">.</w>
   <vocalsound nite:id="ES2010d.D.words1006" starttime="933.16" endtime="933.16" type="other"/>
   <w nite:id="ES2010d.D.words1007" starttime="933.16" endtime="933.4">That&#39;ll</w>
   <w nite:id="ES2010d.D.words1008" starttime="933.4" endtime="933.76">sell</w>
   <w nite:id="ES2010d.D.words1009" starttime="933.76" endtime="933.76" punc="true">.</w>
   <w nite:id="ES2010d.D.words1010" starttime="937.87" endtime="938.33">Yeah</w>
   <w nite:id="ES2010d.D.words1011" starttime="938.33" endtime="938.33" punc="true">.</w>
   <w nite:id="ES2010d.D.words1012" starttime="939.49" endtime="939.71">Yeah</w>
   <w nite:id="ES2010d.D.words1013" starttime="939.71" endtime="939.71" punc="true">.</w>
   <vocalsound nite:id="ES2010d.D.words1014" starttime="940.8" endtime="941.434" type="laugh"/>
   <w nite:id="ES2010d.D.words1015" starttime="960.71" endtime="960.85">You</w>
   <w nite:id="ES2010d.D.words1016" starttime="960.85" endtime="961.13">too</w>
   <w nite:id="ES2010d.D.words1017" starttime="961.13" endtime="961.13" punc="true">.</w>
</nite:root>