<?xml version="1.0" encoding="ISO-8859-1" standalone="yes"?>
<nite:root nite:id="EN2001b.A.segs" xmlns:nite="http://nite.sourceforge.net/">
   <segment nite:id="EN2001b.sync.4" channel="0" transcriber_start="2.977" transcriber_end="3.368">
      <nite:child href="EN2001b.A.words.xml#id(EN2001b.A.words0)"/>
   </segment>
   <segment nite:id="EN2001b.sync.6" channel="0" transcriber_start="28.593" transcriber_end="34.663">
      <nite:child href="EN2001b.A.words.xml#id(EN2001b.A.words1)..id(EN2001b.A.words6)"/>
   </segment>
   <segment nite:id="EN2001b.sync.8" channel="0" transcriber_start="35.633" transcriber_end="38.84">
      <nite:child href="EN2001b.A.words.xml#id(EN2001b.A.words7)..id(EN2001b.A.words17)"/>
   </segment>
   <segment nite:id="EN2001b.sync.10" channel="0" transcriber_start="49.606" transcriber_end="52.352">
      <nite:child href="EN2001b.A.words.xml#id(EN2001b.A.words18)..id(EN2001b.A.words21)"/>
   </segment>
   <segment nite:id="EN2001b.sync.12" channel="0" transcriber_start="78.38" transcriber_end="78.716">
      <nite:child href="EN2001b.A.words.xml#id(EN2001b.A.words22)"/>
   </segment>
   <segment nite:id="EN2001b.sync.14" channel="0" transcriber_start="282.422" transcriber_end="283.178">
      <nite:child href="EN2001b.A.words.xml#id(EN2001b.A.words23)..id(EN2001b.A.words25)"/>
   </segment>
   <segment nite:id="EN2001b.sync.16" channel="0" transcriber_start="299.904" transcriber_end="310.947">
      <nite:child href="EN2001b.A.words.xml#id(EN2001b.A.words26)..id(EN2001b.A.words56)"/>
   </segment>
   <segment nite:id="EN2001b.sync.18" channel="0" transcriber_start="312.063" transcriber_end="312.479">
      <nite:child href="EN2001b.A.words.xml#id(EN2001b.A.words57)..id(EN2001b.A.words58)"/>
   </segment>
   <segment nite:id="EN2001b.sync.20" channel="0" transcriber_start="336.64" transcriber_end="337.573">
      <nite:child href="EN2001b.A.words.xml#id(EN2001b.A.words59)..id(EN2001b.A.words61)"/>
   </segment>
   <segment nite:id="EN2001b.sync.22" channel="0" transcriber_start="370.4" transcriber_end="376.043">
      <nite:child href="EN2001b.A.words.xml#id(EN2001b.A.words62)..id(EN2001b.A.words83)"/>
   </segment>
   <segment nite:id="EN2001b.sync.24" channel="0" transcriber_start="377.232" transcriber_end="383.296">
      <nite:child href="EN2001b.A.words.xml#id(EN2001b.A.words84)..id(EN2001b.A.words95)"/>
   </segment>
   <segment nite:id="EN2001b.sync.26" channel="0" transcriber_start="384.832" transcriber_end="388.32">
      <nite:child href="EN2001b.A.words.xml#id(EN2001b.A.words96)..id(EN2001b.A.words106)"/>
   </segment>
   <segment nite:id="EN2001b.sync.28" channel="0" transcriber_start="389.712" transcriber_end="394.16">
      <nite:child href="EN2001b.A.words.xml#id(EN2001b.A.words107)..id(EN2001b.A.words117)"/>
   </segment>
   <segment nite:id="EN2001b.sync.30" channel="0" transcriber_start="395.415" transcriber_end="395.713">
      <nite:child href="EN2001b.A.words.xml#id(EN2001b.A.words118)..id(EN2001b.A.words119)"/>
   </segment>
   <segment nite:id="EN2001b.sync.32" channel="0" transcriber_start="424.006" transcriber_end="431.107">
      <nite:child href="EN2001b.A.words.xml#id(EN2001b.A.words120)..id(EN2001b.A.words140)"/>
   </segment>
   <segment nite:id="EN2001b.sync.34" channel="0" transcriber_start="438.416" transcriber_end="439.136">
      <nite:child href="EN2001b.A.words.xml#id(EN2001b.A.words141)..id(EN2001b.A.words144)"/>
   </segment>
   <segment nite:id="EN2001b.sync.36" channel="0" transcriber_start="444.016" transcriber_end="453.888">
      <nite:child href="EN2001b.A.words.xml#id(EN2001b.A.words145)..id(EN2001b.A.words168)"/>
   </segment>
   <segment nite:id="EN2001b.sync.38" channel="0" transcriber_start="455.312" transcriber_end="456.544">
      <nite:child href="EN2001b.A.words.xml#id(EN2001b.A.words169)..id(EN2001b.A.words174)"/>
   </segment>
   <segment nite:id="EN2001b.sync.40" channel="0" transcriber_start="460.976" transcriber_end="466.773">
      <nite:child href="EN2001b.A.words.xml#id(EN2001b.A.words175)..id(EN2001b.A.words191)"/>
   </segment>
   <segment nite:id="EN2001b.sync.42" channel="0" transcriber_start="468.136" transcriber_end="469.159">
      <nite:child href="EN2001b.A.words.xml#id(EN2001b.A.words192)..id(EN2001b.A.words195)"/>
   </segment>
   <segment nite:id="EN2001b.sync.44" channel="0" transcriber_start="474.812" transcriber_end="475.785">
      <nite:child href="EN2001b.A.words.xml#id(EN2001b.A.words196)..id(EN2001b.A.words197)"/>
   </segment>
   <segment nite:id="EN2001b.sync.46" channel="0" transcriber_start="476.844" transcriber_end="477.441">
      <nite:child href="EN2001b.A.words.xml#id(EN2001b.A.words198)..id(EN2001b.A.words199)"/>
   </segment>
   <segment nite:id="EN2001b.sync.48" channel="0" transcriber_start="478.816" transcriber_end="487.607">
      <nite:child href="EN2001b.A.words.xml#id(EN2001b.A.words200)..id(EN2001b.A.words218)"/>
   </segment>
   <segment nite:id="EN2001b.sync.50" channel="0" transcriber_start="492.432" transcriber_end="496.745">
      <nite:child href="EN2001b.A.words.xml#id(EN2001b.A.words219)..id(EN2001b.A.words233)"/>
   </segment>
   <segment nite:id="EN2001b.sync.52" channel="0" transcriber_start="520.464" transcriber_end="522.033">
      <nite:child href="EN2001b.A.words.xml#id(EN2001b.A.words234)..id(EN2001b.A.words240)"/>
   </segment>
   <segment nite:id="EN2001b.sync.54" channel="0" transcriber_start="532.13" transcriber_end="532.615">
      <nite:child href="EN2001b.A.words.xml#id(EN2001b.A.words241)"/>
   </segment>
   <segment nite:id="EN2001b.sync.56" channel="0" transcriber_start="541.312" transcriber_end="554.4">
      <nite:child href="EN2001b.A.words.xml#id(EN2001b.A.words242)..id(EN2001b.A.words276)"/>
   </segment>
   <segment nite:id="EN2001b.sync.58" channel="0" transcriber_start="556.304" transcriber_end="564.608">
      <nite:child href="EN2001b.A.words.xml#id(EN2001b.A.words277)..id(EN2001b.A.words296)"/>
   </segment>
   <segment nite:id="EN2001b.sync.60" channel="0" transcriber_start="573.424" transcriber_end="575.184">
      <nite:child href="EN2001b.A.words.xml#id(EN2001b.A.words297)..id(EN2001b.A.words303)"/>
   </segment>
   <segment nite:id="EN2001b.sync.62" channel="0" transcriber_start="583.312" transcriber_end="596.843">
      <nite:child href="EN2001b.A.words.xml#id(EN2001b.A.words304)..id(EN2001b.A.words341)"/>
   </segment>
   <segment nite:id="EN2001b.sync.64" channel="0" transcriber_start="599.632" transcriber_end="600.194">
      <nite:child href="EN2001b.A.words.xml#id(EN2001b.A.words342)"/>
   </segment>
   <segment nite:id="EN2001b.sync.66" channel="0" transcriber_start="601.472" transcriber_end="604.784">
      <nite:child href="EN2001b.A.words.xml#id(EN2001b.A.words343)..id(EN2001b.A.words353)"/>
   </segment>
   <segment nite:id="EN2001b.sync.68" channel="0" transcriber_start="611.575" transcriber_end="616.198">
      <nite:child href="EN2001b.A.words.xml#id(EN2001b.A.words354)..id(EN2001b.A.words367)"/>
   </segment>
   <segment nite:id="EN2001b.sync.70" channel="0" transcriber_start="624.12" transcriber_end="631.487">
      <nite:child href="EN2001b.A.words.xml#id(EN2001b.A.words368)..id(EN2001b.A.words390)"/>
   </segment>
   <segment nite:id="EN2001b.sync.72" channel="0" transcriber_start="632.448" transcriber_end="636.675">
      <nite:child href="EN2001b.A.words.xml#id(EN2001b.A.words391)..id(EN2001b.A.words403)"/>
   </segment>
   <segment nite:id="EN2001b.sync.74" channel="0" transcriber_start="638.464" transcriber_end="638.865">
      <nite:child href="EN2001b.A.words.xml#id(EN2001b.A.words404)..id(EN2001b.A.words405)"/>
   </segment>
   <segment nite:id="EN2001b.sync.76" channel="0" transcriber_start="641.296" transcriber_end="654.051">
      <nite:child href="EN2001b.A.words.xml#id(EN2001b.A.words406)..id(EN2001b.A.words444)"/>
   </segment>
   <segment nite:id="EN2001b.sync.78" channel="0" transcriber_start="655.384" transcriber_end="656.191">
      <nite:child href="EN2001b.A.words.xml#id(EN2001b.A.words445)..id(EN2001b.A.words447)"/>
   </segment>
   <segment nite:id="EN2001b.sync.80" channel="0" transcriber_start="668.086" transcriber_end="669.191">
      <nite:child href="EN2001b.A.words.xml#id(EN2001b.A.words448)..id(EN2001b.A.words453)"/>
   </segment>
   <segment nite:id="EN2001b.sync.82" channel="0" transcriber_start="671.472" transcriber_end="671.856">
      <nite:child href="EN2001b.A.words.xml#id(EN2001b.A.words454)..id(EN2001b.A.words455)"/>
   </segment>
   <segment nite:id="EN2001b.sync.84" channel="0" transcriber_start="677.631" transcriber_end="679.168">
      <nite:child href="EN2001b.A.words.xml#id(EN2001b.A.words456)..id(EN2001b.A.words459)"/>
   </segment>
   <segment nite:id="EN2001b.sync.86" channel="0" transcriber_start="730.368" transcriber_end="738.096">
      <nite:child href="EN2001b.A.words.xml#id(EN2001b.A.words460)..id(EN2001b.A.words486)"/>
   </segment>
   <segment nite:id="EN2001b.sync.88" channel="0" transcriber_start="739.434" transcriber_end="745.545">
      <nite:child href="EN2001b.A.words.xml#id(EN2001b.A.words487)..id(EN2001b.A.words510)"/>
   </segment>
   <segment nite:id="EN2001b.sync.90" channel="0" transcriber_start="746.528" transcriber_end="747.136">
      <nite:child href="EN2001b.A.words.xml#id(EN2001b.A.words511)..id(EN2001b.A.words513)"/>
   </segment>
   <segment nite:id="EN2001b.sync.92" channel="0" transcriber_start="783.424" transcriber_end="783.933">
      <nite:child href="EN2001b.A.words.xml#id(EN2001b.A.words514)..id(EN2001b.A.words515)"/>
   </segment>
   <segment nite:id="EN2001b.sync.94" channel="0" transcriber_start="791.963" transcriber_end="792.886">
      <nite:child href="EN2001b.A.words.xml#id(EN2001b.A.words516)..id(EN2001b.A.words520)"/>
   </segment>
   <segment nite:id="EN2001b.sync.96" channel="0" transcriber_start="798.944" transcriber_end="803.696">
      <nite:child href="EN2001b.A.words.xml#id(EN2001b.A.words521)..id(EN2001b.A.words532)"/>
   </segment>
   <segment nite:id="EN2001b.sync.98" channel="0" transcriber_start="805.36" transcriber_end="809.776">
      <nite:child href="EN2001b.A.words.xml#id(EN2001b.A.words533)..id(EN2001b.A.words550)"/>
   </segment>
   <segment nite:id="EN2001b.sync.100" channel="0" transcriber_start="822.897" transcriber_end="824.568">
      <nite:child href="EN2001b.A.words.xml#id(EN2001b.A.words551)..id(EN2001b.A.words559)"/>
   </segment>
   <segment nite:id="EN2001b.sync.102" channel="0" transcriber_start="826.11" transcriber_end="827.466">
      <nite:child href="EN2001b.A.words.xml#id(EN2001b.A.words560)..id(EN2001b.A.words565)"/>
   </segment>
   <segment nite:id="EN2001b.sync.104" channel="0" transcriber_start="842.141" transcriber_end="859.026">
      <nite:child href="EN2001b.A.words.xml#id(EN2001b.A.words566)..id(EN2001b.A.words619)"/>
   </segment>
   <segment nite:id="EN2001b.sync.106" channel="0" transcriber_start="876.592" transcriber_end="879.184">
      <nite:child href="EN2001b.A.words.xml#id(EN2001b.A.words620)..id(EN2001b.A.words631)"/>
   </segment>
   <segment nite:id="EN2001b.sync.108" channel="0" transcriber_start="881.104" transcriber_end="893.129">
      <nite:child href="EN2001b.A.words.xml#id(EN2001b.A.words632)..id(EN2001b.A.words670)"/>
   </segment>
   <segment nite:id="EN2001b.sync.110" channel="0" transcriber_start="897.427" transcriber_end="903.591">
      <nite:child href="EN2001b.A.words.xml#id(EN2001b.A.words671)..id(EN2001b.A.words686)"/>
   </segment>
   <segment nite:id="EN2001b.sync.112" channel="0" transcriber_start="907.376" transcriber_end="910.892">
      <nite:child href="EN2001b.A.words.xml#id(EN2001b.A.words687)..id(EN2001b.A.words702)"/>
   </segment>
   <segment nite:id="EN2001b.sync.114" channel="0" transcriber_start="913.4" transcriber_end="916.044">
      <nite:child href="EN2001b.A.words.xml#id(EN2001b.A.words703)..id(EN2001b.A.words710)"/>
   </segment>
   <segment nite:id="EN2001b.sync.116" channel="0" transcriber_start="917.264" transcriber_end="919.168">
      <nite:child href="EN2001b.A.words.xml#id(EN2001b.A.words711)..id(EN2001b.A.words719)"/>
   </segment>
   <segment nite:id="EN2001b.sync.118" channel="0" transcriber_start="944.663" transcriber_end="947.898">
      <nite:child href="EN2001b.A.words.xml#id(EN2001b.A.words720)..id(EN2001b.A.words732)"/>
   </segment>
   <segment nite:id="EN2001b.sync.120" channel="0" transcriber_start="978.768" transcriber_end="982.062">
      <nite:child href="EN2001b.A.words.xml#id(EN2001b.A.words733)..id(EN2001b.A.words743)"/>
   </segment>
   <segment nite:id="EN2001b.sync.122" channel="0" transcriber_start="1007.12" transcriber_end="1007.537">
      <nite:child href="EN2001b.A.words.xml#id(EN2001b.A.words744)..id(EN2001b.A.words745)"/>
   </segment>
   <segment nite:id="EN2001b.sync.124" channel="0" transcriber_start="1042.495" transcriber_end="1043.318">
      <nite:child href="EN2001b.A.words.xml#id(EN2001b.A.words746)..id(EN2001b.A.words747)"/>
   </segment>
   <segment nite:id="EN2001b.sync.126" channel="0" transcriber_start="1058.72" transcriber_end="1079.187">
      <nite:child href="EN2001b.A.words.xml#id(EN2001b.A.words748)..id(EN2001b.A.words812)"/>
   </segment>
   <segment nite:id="EN2001b.sync.128" channel="0" transcriber_start="1080.068" transcriber_end="1086.08">
      <nite:child href="EN2001b.A.words.xml#id(EN2001b.A.words813)..id(EN2001b.A.words832)"/>
   </segment>
   <segment nite:id="EN2001b.sync.130" channel="0" transcriber_start="1092.16" transcriber_end="1106.213">
      <nite:child href="EN2001b.A.words.xml#id(EN2001b.A.words833)..id(EN2001b.A.words878)"/>
   </segment>
   <segment nite:id="EN2001b.sync.132" channel="0" transcriber_start="1108.177" transcriber_end="1109.424">
      <nite:child href="EN2001b.A.words.xml#id(EN2001b.A.words879)..id(EN2001b.A.words881)"/>
   </segment>
   <segment nite:id="EN2001b.sync.134" channel="0" transcriber_start="1112.4" transcriber_end="1112.964">
      <nite:child href="EN2001b.A.words.xml#id(EN2001b.A.words882)..id(EN2001b.A.words885)"/>
   </segment>
   <segment nite:id="EN2001b.sync.136" channel="0" transcriber_start="1114.384" transcriber_end="1115.504">
      <nite:child href="EN2001b.A.words.xml#id(EN2001b.A.words886)..id(EN2001b.A.words891)"/>
   </segment>
   <segment nite:id="EN2001b.sync.138" channel="0" transcriber_start="1117.744" transcriber_end="1125.296">
      <nite:child href="EN2001b.A.words.xml#id(EN2001b.A.words892)..id(EN2001b.A.words914)"/>
   </segment>
   <segment nite:id="EN2001b.sync.140" channel="0" transcriber_start="1126.432" transcriber_end="1132.848">
      <nite:child href="EN2001b.A.words.xml#id(EN2001b.A.words915)..id(EN2001b.A.words932)"/>
   </segment>
   <segment nite:id="EN2001b.sync.142" channel="0" transcriber_start="1147.392" transcriber_end="1148.067">
      <nite:child href="EN2001b.A.words.xml#id(EN2001b.A.words933)..id(EN2001b.A.words934)"/>
   </segment>
   <segment nite:id="EN2001b.sync.144" channel="0" transcriber_start="1160.568" transcriber_end="1160.895">
      <nite:child href="EN2001b.A.words.xml#id(EN2001b.A.words935)"/>
   </segment>
   <segment nite:id="EN2001b.sync.146" channel="0" transcriber_start="1187.504" transcriber_end="1196.551">
      <nite:child href="EN2001b.A.words.xml#id(EN2001b.A.words936)..id(EN2001b.A.words966)"/>
   </segment>
   <segment nite:id="EN2001b.sync.148" channel="0" transcriber_start="1211.047" transcriber_end="1233.388">
      <nite:child href="EN2001b.A.words.xml#id(EN2001b.A.words967)..id(EN2001b.A.words1030)"/>
   </segment>
   <segment nite:id="EN2001b.sync.150" channel="0" transcriber_start="1237.896" transcriber_end="1238.704">
      <nite:child href="EN2001b.A.words.xml#id(EN2001b.A.words1031)..id(EN2001b.A.words1035)"/>
   </segment>
   <segment nite:id="EN2001b.sync.152" channel="0" transcriber_start="1257.088" transcriber_end="1269.032">
      <nite:child href="EN2001b.A.words.xml#id(EN2001b.A.words1036)..id(EN2001b.A.words1065)"/>
   </segment>
   <segment nite:id="EN2001b.sync.154" channel="0" transcriber_start="1271.28" transcriber_end="1277.744">
      <nite:child href="EN2001b.A.words.xml#id(EN2001b.A.words1066)..id(EN2001b.A.words1092)"/>
   </segment>
   <segment nite:id="EN2001b.sync.156" channel="0" transcriber_start="1370.055" transcriber_end="1395.955">
      <nite:child href="EN2001b.A.words.xml#id(EN2001b.A.words1093)..id(EN2001b.A.words1176)"/>
   </segment>
   <segment nite:id="EN2001b.sync.158" channel="0" transcriber_start="1397.244" transcriber_end="1399.123">
      <nite:child href="EN2001b.A.words.xml#id(EN2001b.A.words1177)..id(EN2001b.A.words1184)"/>
   </segment>
   <segment nite:id="EN2001b.sync.160" channel="0" transcriber_start="1401.28" transcriber_end="1401.824">
      <nite:child href="EN2001b.A.words.xml#id(EN2001b.A.words1185)..id(EN2001b.A.words1188)"/>
   </segment>
   <segment nite:id="EN2001b.sync.162" channel="0" transcriber_start="1425.982" transcriber_end="1426.504">
      <nite:child href="EN2001b.A.words.xml#id(EN2001b.A.words1189)..id(EN2001b.A.words1191)"/>
   </segment>
   <segment nite:id="EN2001b.sync.164" channel="0" transcriber_start="1457.495" transcriber_end="1462.95">
      <nite:child href="EN2001b.A.words.xml#id(EN2001b.A.words1192)..id(EN2001b.A.words1208)"/>
   </segment>
   <segment nite:id="EN2001b.sync.166" channel="0" transcriber_start="1467.233" transcriber_end="1471.283">
      <nite:child href="EN2001b.A.words.xml#id(EN2001b.A.words1209)..id(EN2001b.A.words1221)"/>
   </segment>
   <segment nite:id="EN2001b.sync.168" channel="0" transcriber_start="1481.584" transcriber_end="1481.968">
      <nite:child href="EN2001b.A.words.xml#id(EN2001b.A.words1222)..id(EN2001b.A.words1223)"/>
   </segment>
   <segment nite:id="EN2001b.sync.170" channel="0" transcriber_start="1486.864" transcriber_end="1490.002">
      <nite:child href="EN2001b.A.words.xml#id(EN2001b.A.words1224)..id(EN2001b.A.words1234)"/>
   </segment>
   <segment nite:id="EN2001b.sync.172" channel="0" transcriber_start="1530.352" transcriber_end="1533.28">
      <nite:child href="EN2001b.A.words.xml#id(EN2001b.A.words1235)..id(EN2001b.A.words1247)"/>
   </segment>
   <segment nite:id="EN2001b.sync.174" channel="0" transcriber_start="1613.696" transcriber_end="1617.264">
      <nite:child href="EN2001b.A.words.xml#id(EN2001b.A.words1248)..id(EN2001b.A.words1261)"/>
   </segment>
   <segment nite:id="EN2001b.sync.176" channel="0" transcriber_start="1726.928" transcriber_end="1727.387">
      <nite:child href="EN2001b.A.words.xml#id(EN2001b.A.words1262)..id(EN2001b.A.words1263)"/>
   </segment>
   <segment nite:id="EN2001b.sync.178" channel="0" transcriber_start="1731.496" transcriber_end="1732.009">
      <nite:child href="EN2001b.A.words.xml#id(EN2001b.A.words1264)..id(EN2001b.A.words1265)"/>
   </segment>
   <segment nite:id="EN2001b.sync.180" channel="0" transcriber_start="1742.064" transcriber_end="1749.092">
      <nite:child href="EN2001b.A.words.xml#id(EN2001b.A.words1266)..id(EN2001b.A.words1286)"/>
   </segment>
   <segment nite:id="EN2001b.sync.182" channel="0" transcriber_start="1758.816" transcriber_end="1759.159">
      <nite:child href="EN2001b.A.words.xml#id(EN2001b.A.words1287)..id(EN2001b.A.words1288)"/>
   </segment>
   <segment nite:id="EN2001b.sync.184" channel="0" transcriber_start="1786.624" transcriber_end="1809.412">
      <nite:child href="EN2001b.A.words.xml#id(EN2001b.A.words1289)..id(EN2001b.A.words1355)"/>
   </segment>
   <segment nite:id="EN2001b.sync.186" channel="0" transcriber_start="1823.437" transcriber_end="1824.726">
      <nite:child href="EN2001b.A.words.xml#id(EN2001b.A.words1356)..id(EN2001b.A.words1361)"/>
   </segment>
   <segment nite:id="EN2001b.sync.188" channel="0" transcriber_start="1862.855" transcriber_end="1863.495">
      <nite:child href="EN2001b.A.words.xml#id(EN2001b.A.words1362)..id(EN2001b.A.words1365)"/>
   </segment>
   <segment nite:id="EN2001b.sync.190" channel="0" transcriber_start="1867.232" transcriber_end="1867.689">
      <nite:child href="EN2001b.A.words.xml#id(EN2001b.A.words1366)..id(EN2001b.A.words1367)"/>
   </segment>
   <segment nite:id="EN2001b.sync.192" channel="0" transcriber_start="1868.752" transcriber_end="1882.39">
      <nite:child href="EN2001b.A.words.xml#id(EN2001b.A.words1368)..id(EN2001b.A.words1404)"/>
   </segment>
   <segment nite:id="EN2001b.sync.194" channel="0" transcriber_start="1905.92" transcriber_end="1915.225">
      <nite:child href="EN2001b.A.words.xml#id(EN2001b.A.words1405)..id(EN2001b.A.words1435)"/>
   </segment>
   <segment nite:id="EN2001b.sync.196" channel="0" transcriber_start="1978.655" transcriber_end="1979.196">
      <nite:child href="EN2001b.A.words.xml#id(EN2001b.A.words1436)..id(EN2001b.A.words1437)"/>
   </segment>
   <segment nite:id="EN2001b.sync.198" channel="0" transcriber_start="1993.742" transcriber_end="2001.891">
      <nite:child href="EN2001b.A.words.xml#id(EN2001b.A.words1438)..id(EN2001b.A.words1460)"/>
   </segment>
   <segment nite:id="EN2001b.sync.200" channel="0" transcriber_start="2005.968" transcriber_end="2010.529">
      <nite:child href="EN2001b.A.words.xml#id(EN2001b.A.words1461)..id(EN2001b.A.words1474)"/>
   </segment>
   <segment nite:id="EN2001b.sync.202" channel="0" transcriber_start="2020.368" transcriber_end="2020.927">
      <nite:child href="EN2001b.A.words.xml#id(EN2001b.A.words1475)..id(EN2001b.A.words1476)"/>
   </segment>
   <segment nite:id="EN2001b.sync.204" channel="0" transcriber_start="2025.164" transcriber_end="2029.872">
      <nite:child href="EN2001b.A.words.xml#id(EN2001b.A.words1477)..id(EN2001b.A.words1487)"/>
   </segment>
   <segment nite:id="EN2001b.sync.206" channel="0" transcriber_start="2030.992" transcriber_end="2031.5">
      <nite:child href="EN2001b.A.words.xml#id(EN2001b.A.words1488)"/>
   </segment>
   <segment nite:id="EN2001b.sync.208" channel="0" transcriber_start="2032.352" transcriber_end="2036.128">
      <nite:child href="EN2001b.A.words.xml#id(EN2001b.A.words1489)..id(EN2001b.A.words1496)"/>
   </segment>
   <segment nite:id="EN2001b.sync.210" channel="0" transcriber_start="2040.695" transcriber_end="2053.461">
      <nite:child href="EN2001b.A.words.xml#id(EN2001b.A.words1497)..id(EN2001b.A.words1536)"/>
   </segment>
   <segment nite:id="EN2001b.sync.212" channel="0" transcriber_start="2062.208" transcriber_end="2067.568">
      <nite:child href="EN2001b.A.words.xml#id(EN2001b.A.words1537)..id(EN2001b.A.words1551)"/>
   </segment>
   <segment nite:id="EN2001b.sync.214" channel="0" transcriber_start="2071.436" transcriber_end="2075.627">
      <nite:child href="EN2001b.A.words.xml#id(EN2001b.A.words1552)..id(EN2001b.A.words1566)"/>
   </segment>
   <segment nite:id="EN2001b.sync.216" channel="0" transcriber_start="2082.608" transcriber_end="2083.433">
      <nite:child href="EN2001b.A.words.xml#id(EN2001b.A.words1567)..id(EN2001b.A.words1571)"/>
   </segment>
   <segment nite:id="EN2001b.sync.218" channel="0" transcriber_start="2085.247" transcriber_end="2090.344">
      <nite:child href="EN2001b.A.words.xml#id(EN2001b.A.words1572)..id(EN2001b.A.words1592)"/>
   </segment>
   <segment nite:id="EN2001b.sync.220" channel="0" transcriber_start="2105.594" transcriber_end="2109.76">
      <nite:child href="EN2001b.A.words.xml#id(EN2001b.A.words1593)..id(EN2001b.A.words1605)"/>
   </segment>
   <segment nite:id="EN2001b.sync.222" channel="0" transcriber_start="2111.94" transcriber_end="2114.135">
      <nite:child href="EN2001b.A.words.xml#id(EN2001b.A.words1606)..id(EN2001b.A.words1610)"/>
   </segment>
   <segment nite:id="EN2001b.sync.224" channel="0" transcriber_start="2121.467" transcriber_end="2122.249">
      <nite:child href="EN2001b.A.words.xml#id(EN2001b.A.words1611)..id(EN2001b.A.words1614)"/>
   </segment>
   <segment nite:id="EN2001b.sync.226" channel="0" transcriber_start="2123.227" transcriber_end="2124.592">
      <nite:child href="EN2001b.A.words.xml#id(EN2001b.A.words1615)..id(EN2001b.A.words1619)"/>
   </segment>
   <segment nite:id="EN2001b.sync.228" channel="0" transcriber_start="2128.096" transcriber_end="2131.056">
      <nite:child href="EN2001b.A.words.xml#id(EN2001b.A.words1620)..id(EN2001b.A.words1631)"/>
   </segment>
   <segment nite:id="EN2001b.sync.230" channel="0" transcriber_start="2132.544" transcriber_end="2136.112">
      <nite:child href="EN2001b.A.words.xml#id(EN2001b.A.words1632)..id(EN2001b.A.words1644)"/>
   </segment>
   <segment nite:id="EN2001b.sync.232" channel="0" transcriber_start="2137.184" transcriber_end="2150.808">
      <nite:child href="EN2001b.A.words.xml#id(EN2001b.A.words1645)..id(EN2001b.A.words1672)"/>
   </segment>
   <segment nite:id="EN2001b.sync.234" channel="0" transcriber_start="2152.351" transcriber_end="2152.866">
      <nite:child href="EN2001b.A.words.xml#id(EN2001b.A.words1673)..id(EN2001b.A.words1674)"/>
   </segment>
   <segment nite:id="EN2001b.sync.236" channel="0" transcriber_start="2168.047" transcriber_end="2170.208">
      <nite:child href="EN2001b.A.words.xml#id(EN2001b.A.words1675)..id(EN2001b.A.words1684)"/>
   </segment>
   <segment nite:id="EN2001b.sync.238" channel="0" transcriber_start="2173.383" transcriber_end="2173.718">
      <nite:child href="EN2001b.A.words.xml#id(EN2001b.A.words1685)"/>
   </segment>
   <segment nite:id="EN2001b.sync.240" channel="0" transcriber_start="2211.936" transcriber_end="2212.384">
      <nite:child href="EN2001b.A.words.xml#id(EN2001b.A.words1686)..id(EN2001b.A.words1687)"/>
   </segment>
   <segment nite:id="EN2001b.sync.242" channel="0" transcriber_start="2240.384" transcriber_end="2240.792">
      <nite:child href="EN2001b.A.words.xml#id(EN2001b.A.words1688)..id(EN2001b.A.words1689)"/>
   </segment>
   <segment nite:id="EN2001b.sync.244" channel="0" transcriber_start="2252.183" transcriber_end="2252.699">
      <nite:child href="EN2001b.A.words.xml#id(EN2001b.A.words1690)..id(EN2001b.A.words1691)"/>
   </segment>
   <segment nite:id="EN2001b.sync.246" channel="0" transcriber_start="2270.212" transcriber_end="2270.659">
      <nite:child href="EN2001b.A.words.xml#id(EN2001b.A.words1692)..id(EN2001b.A.words1693)"/>
   </segment>
   <segment nite:id="EN2001b.sync.248" channel="0" transcriber_start="2342.753" transcriber_end="2344.1">
      <nite:child href="EN2001b.A.words.xml#id(EN2001b.A.words1694)..id(EN2001b.A.words1698)"/>
   </segment>
   <segment nite:id="EN2001b.sync.250" channel="0" transcriber_start="2475.821" transcriber_end="2502.352">
      <nite:child href="EN2001b.A.words.xml#id(EN2001b.A.words1699)..id(EN2001b.A.words1763)"/>
   </segment>
   <segment nite:id="EN2001b.sync.252" channel="0" transcriber_start="2619.68" transcriber_end="2641.441">
      <nite:child href="EN2001b.A.words.xml#id(EN2001b.A.words1764)..id(EN2001b.A.words1817)"/>
   </segment>
   <segment nite:id="EN2001b.sync.254" channel="0" transcriber_start="2645.384" transcriber_end="2652.395">
      <nite:child href="EN2001b.A.words.xml#id(EN2001b.A.words1818)..id(EN2001b.A.words1844)"/>
   </segment>
   <segment nite:id="EN2001b.sync.256" channel="0" transcriber_start="2653.888" transcriber_end="2657.477">
      <nite:child href="EN2001b.A.words.xml#id(EN2001b.A.words1845)..id(EN2001b.A.words1853)"/>
   </segment>
   <segment nite:id="EN2001b.sync.258" channel="0" transcriber_start="2662.592" transcriber_end="2663.059">
      <nite:child href="EN2001b.A.words.xml#id(EN2001b.A.words1854)..id(EN2001b.A.words1855)"/>
   </segment>
   <segment nite:id="EN2001b.sync.260" channel="0" transcriber_start="2672.143" transcriber_end="2672.694">
      <nite:child href="EN2001b.A.words.xml#id(EN2001b.A.words1856)..id(EN2001b.A.words1857)"/>
   </segment>
   <segment nite:id="EN2001b.sync.262" channel="0" transcriber_start="2677.984" transcriber_end="2681.073">
      <nite:child href="EN2001b.A.words.xml#id(EN2001b.A.words1858)..id(EN2001b.A.words1872)"/>
   </segment>
   <segment nite:id="EN2001b.sync.264" channel="0" transcriber_start="2682.096" transcriber_end="2685.306">
      <nite:child href="EN2001b.A.words.xml#id(EN2001b.A.words1873)..id(EN2001b.A.words1888)"/>
   </segment>
   <segment nite:id="EN2001b.sync.266" channel="0" transcriber_start="2690.404" transcriber_end="2691.12">
      <nite:child href="EN2001b.A.words.xml#id(EN2001b.A.words1889)..id(EN2001b.A.words1892)"/>
   </segment>
   <segment nite:id="EN2001b.sync.268" channel="0" transcriber_start="2711.845" transcriber_end="2714.848">
      <nite:child href="EN2001b.A.words.xml#id(EN2001b.A.words1893)..id(EN2001b.A.words1902)"/>
   </segment>
   <segment nite:id="EN2001b.sync.270" channel="0" transcriber_start="2726.224" transcriber_end="2736.769">
      <nite:child href="EN2001b.A.words.xml#id(EN2001b.A.words1903)..id(EN2001b.A.words1942)"/>
   </segment>
   <segment nite:id="EN2001b.sync.272" channel="0" transcriber_start="2744.121" transcriber_end="2744.587">
      <nite:child href="EN2001b.A.words.xml#id(EN2001b.A.words1943)..id(EN2001b.A.words1944)"/>
   </segment>
   <segment nite:id="EN2001b.sync.274" channel="0" transcriber_start="2748.22" transcriber_end="2761.664">
      <nite:child href="EN2001b.A.words.xml#id(EN2001b.A.words1945)..id(EN2001b.A.words1986)"/>
   </segment>
   <segment nite:id="EN2001b.sync.276" channel="0" transcriber_start="2765.185" transcriber_end="2767.604">
      <nite:child href="EN2001b.A.words.xml#id(EN2001b.A.words1987)..id(EN2001b.A.words1996)"/>
   </segment>
   <segment nite:id="EN2001b.sync.278" channel="0" transcriber_start="2769.344" transcriber_end="2769.824">
      <nite:child href="EN2001b.A.words.xml#id(EN2001b.A.words1997)"/>
   </segment>
   <segment nite:id="EN2001b.sync.280" channel="0" transcriber_start="2771.088" transcriber_end="2787.741">
      <nite:child href="EN2001b.A.words.xml#id(EN2001b.A.words1998)..id(EN2001b.A.words2043)"/>
   </segment>
   <segment nite:id="EN2001b.sync.282" channel="0" transcriber_start="2791.235" transcriber_end="2792.824">
      <nite:child href="EN2001b.A.words.xml#id(EN2001b.A.words2044)..id(EN2001b.A.words2051)"/>
   </segment>
   <segment nite:id="EN2001b.sync.284" channel="0" transcriber_start="2846.017" transcriber_end="2847.359">
      <nite:child href="EN2001b.A.words.xml#id(EN2001b.A.words2052)..id(EN2001b.A.words2055)"/>
   </segment>
   <segment nite:id="EN2001b.sync.286" channel="0" transcriber_start="2849.325" transcriber_end="2851.903">
      <nite:child href="EN2001b.A.words.xml#id(EN2001b.A.words2056)..id(EN2001b.A.words2065)"/>
   </segment>
   <segment nite:id="EN2001b.sync.288" channel="0" transcriber_start="2870.501" transcriber_end="2874.792">
      <nite:child href="EN2001b.A.words.xml#id(EN2001b.A.words2066)..id(EN2001b.A.words2080)"/>
   </segment>
   <segment nite:id="EN2001b.sync.290" channel="0" transcriber_start="2901.371" transcriber_end="2904.149">
      <nite:child href="EN2001b.A.words.xml#id(EN2001b.A.words2081)..id(EN2001b.A.words2092)"/>
   </segment>
   <segment nite:id="EN2001b.sync.292" channel="0" transcriber_start="2906.432" transcriber_end="2906.805">
      <nite:child href="EN2001b.A.words.xml#id(EN2001b.A.words2093)"/>
   </segment>
   <segment nite:id="EN2001b.sync.294" channel="0" transcriber_start="3001.424" transcriber_end="3004.093">
      <nite:child href="EN2001b.A.words.xml#id(EN2001b.A.words2094)..id(EN2001b.A.words2099)"/>
   </segment>
   <segment nite:id="EN2001b.sync.296" channel="0" transcriber_start="3024.544" transcriber_end="3025.079">
      <nite:child href="EN2001b.A.words.xml#id(EN2001b.A.words2100)..id(EN2001b.A.words2101)"/>
   </segment>
   <segment nite:id="EN2001b.sync.298" channel="0" transcriber_start="3030.32" transcriber_end="3071.984">
      <nite:child href="EN2001b.A.words.xml#id(EN2001b.A.words2102)..id(EN2001b.A.words2217)"/>
   </segment>
   <segment nite:id="EN2001b.sync.300" channel="0" transcriber_start="3073.252" transcriber_end="3074.433">
      <nite:child href="EN2001b.A.words.xml#id(EN2001b.A.words2218)..id(EN2001b.A.words2223)"/>
   </segment>
   <segment nite:id="EN2001b.sync.302" channel="0" transcriber_start="3079.711" transcriber_end="3084.334">
      <nite:child href="EN2001b.A.words.xml#id(EN2001b.A.words2224)..id(EN2001b.A.words2239)"/>
   </segment>
   <segment nite:id="EN2001b.sync.304" channel="0" transcriber_start="3086.448" transcriber_end="3089.312">
      <nite:child href="EN2001b.A.words.xml#id(EN2001b.A.words2240)..id(EN2001b.A.words2250)"/>
   </segment>
   <segment nite:id="EN2001b.sync.306" channel="0" transcriber_start="3104.642" transcriber_end="3141.745">
      <nite:child href="EN2001b.A.words.xml#id(EN2001b.A.words2251)..id(EN2001b.A.words2361)"/>
   </segment>
   <segment nite:id="EN2001b.sync.308" channel="0" transcriber_start="3153.36" transcriber_end="3175.936">
      <nite:child href="EN2001b.A.words.xml#id(EN2001b.A.words2362)..id(EN2001b.A.words2423)"/>
   </segment>
   <segment nite:id="EN2001b.sync.310" channel="0" transcriber_start="3178.416" transcriber_end="3184.24">
      <nite:child href="EN2001b.A.words.xml#id(EN2001b.A.words2424)..id(EN2001b.A.words2438)"/>
   </segment>
   <segment nite:id="EN2001b.sync.312" channel="0" transcriber_start="3194.606" transcriber_end="3198.3">
      <nite:child href="EN2001b.A.words.xml#id(EN2001b.A.words2439)..id(EN2001b.A.words2452)"/>
   </segment>
   <segment nite:id="EN2001b.sync.314" channel="0" transcriber_start="3210.144" transcriber_end="3217.664">
      <nite:child href="EN2001b.A.words.xml#id(EN2001b.A.words2453)..id(EN2001b.A.words2474)"/>
   </segment>
   <segment nite:id="EN2001b.sync.316" channel="0" transcriber_start="3222.608" transcriber_end="3223.655">
      <nite:child href="EN2001b.A.words.xml#id(EN2001b.A.words2475)..id(EN2001b.A.words2481)"/>
   </segment>
   <segment nite:id="EN2001b.sync.318" channel="0" transcriber_start="3228.082" transcriber_end="3231.25">
      <nite:child href="EN2001b.A.words.xml#id(EN2001b.A.words2482)..id(EN2001b.A.words2490)"/>
   </segment>
   <segment nite:id="EN2001b.sync.320" channel="0" transcriber_start="3232.319" transcriber_end="3237.184">
      <nite:child href="EN2001b.A.words.xml#id(EN2001b.A.words2491)..id(EN2001b.A.words2511)"/>
   </segment>
   <segment nite:id="EN2001b.sync.322" channel="0" transcriber_start="3238.896" transcriber_end="3245.606">
      <nite:child href="EN2001b.A.words.xml#id(EN2001b.A.words2512)..id(EN2001b.A.words2531)"/>
   </segment>
   <segment nite:id="EN2001b.sync.324" channel="0" transcriber_start="3246.289" transcriber_end="3247.279">
      <nite:child href="EN2001b.A.words.xml#id(EN2001b.A.words2532)..id(EN2001b.A.words2536)"/>
   </segment>
   <segment nite:id="EN2001b.sync.326" channel="0" transcriber_start="3248.816" transcriber_end="3249.328">
      <nite:child href="EN2001b.A.words.xml#id(EN2001b.A.words2537)"/>
   </segment>
   <segment nite:id="EN2001b.sync.328" channel="0" transcriber_start="3253.559" transcriber_end="3254.158">
      <nite:child href="EN2001b.A.words.xml#id(EN2001b.A.words2538)"/>
   </segment>
   <segment nite:id="EN2001b.sync.330" channel="0" transcriber_start="3356.923" transcriber_end="3357.33">
      <nite:child href="EN2001b.A.words.xml#id(EN2001b.A.words2539)..id(EN2001b.A.words2540)"/>
   </segment>
   <segment nite:id="EN2001b.sync.332" channel="0" transcriber_start="3360.76" transcriber_end="3372.496">
      <nite:child href="EN2001b.A.words.xml#id(EN2001b.A.words2541)..id(EN2001b.A.words2575)"/>
   </segment>
   <segment nite:id="EN2001b.sync.334" channel="0" transcriber_start="3390.348" transcriber_end="3390.851">
      <nite:child href="EN2001b.A.words.xml#id(EN2001b.A.words2576)..id(EN2001b.A.words2577)"/>
   </segment>
   <segment nite:id="EN2001b.sync.336" channel="0" transcriber_start="3392.294" transcriber_end="3397.828">
      <nite:child href="EN2001b.A.words.xml#id(EN2001b.A.words2578)..id(EN2001b.A.words2598)"/>
   </segment>
   <segment nite:id="EN2001b.sync.338" channel="0" transcriber_start="3416.561" transcriber_end="3419.664">
      <nite:child href="EN2001b.A.words.xml#id(EN2001b.A.words2599)..id(EN2001b.A.words2606)"/>
   </segment>
   <segment nite:id="EN2001b.sync.340" channel="0" transcriber_start="3432.656" transcriber_end="3435.313">
      <nite:child href="EN2001b.A.words.xml#id(EN2001b.A.words2607)..id(EN2001b.A.words2620)"/>
   </segment>
   <segment nite:id="EN2001b.sync.342" channel="0" transcriber_start="3436.656" transcriber_end="3437.248">
      <nite:child href="EN2001b.A.words.xml#id(EN2001b.A.words2621)"/>
   </segment>
</nite:root>