<?xml version="1.0" encoding="ISO-8859-1" standalone="yes"?>
<nite:root nite:id="EN2001b.D.segs" xmlns:nite="http://nite.sourceforge.net/">
   <segment nite:id="EN2001b.sync.1,196" channel="3" transcriber_start="18.705" transcriber_end="19.669">
      <nite:child href="EN2001b.D.words.xml#id(EN2001b.D.words0)"/>
   </segment>
   <segment nite:id="EN2001b.sync.1,198" channel="3" transcriber_start="32.656" transcriber_end="33.065">
      <nite:child href="EN2001b.D.words.xml#id(EN2001b.D.words1)"/>
   </segment>
   <segment nite:id="EN2001b.sync.1,200" channel="3" transcriber_start="37.871" transcriber_end="38.728">
      <nite:child href="EN2001b.D.words.xml#id(EN2001b.D.words2)"/>
   </segment>
   <segment nite:id="EN2001b.sync.1,202" channel="3" transcriber_start="44.396" transcriber_end="45.418">
      <nite:child href="EN2001b.D.words.xml#id(EN2001b.D.words3)"/>
   </segment>
   <segment nite:id="EN2001b.sync.1,204" channel="3" transcriber_start="49.295" transcriber_end="53.743">
      <nite:child href="EN2001b.D.words.xml#id(EN2001b.D.words4)"/>
   </segment>
   <segment nite:id="EN2001b.sync.1,206" channel="3" transcriber_start="60.432" transcriber_end="61.312">
      <nite:child href="EN2001b.D.words.xml#id(EN2001b.D.words5)"/>
   </segment>
   <segment nite:id="EN2001b.sync.1,208" channel="3" transcriber_start="65.355" transcriber_end="68.007">
      <nite:child href="EN2001b.D.words.xml#id(EN2001b.D.words6)"/>
   </segment>
   <segment nite:id="EN2001b.sync.1,210" channel="3" transcriber_start="81.535" transcriber_end="83.115">
      <nite:child href="EN2001b.D.words.xml#id(EN2001b.D.words7)"/>
   </segment>
   <segment nite:id="EN2001b.sync.1,212" channel="3" transcriber_start="86.285" transcriber_end="88.704">
      <nite:child href="EN2001b.D.words.xml#id(EN2001b.D.words8)..id(EN2001b.D.words11)"/>
   </segment>
   <segment nite:id="EN2001b.sync.1,214" channel="3" transcriber_start="95.879" transcriber_end="96.378">
      <nite:child href="EN2001b.D.words.xml#id(EN2001b.D.words12)..id(EN2001b.D.words13)"/>
   </segment>
   <segment nite:id="EN2001b.sync.1,216" channel="3" transcriber_start="118.76" transcriber_end="119.209">
      <nite:child href="EN2001b.D.words.xml#id(EN2001b.D.words14)..id(EN2001b.D.words15)"/>
   </segment>
   <segment nite:id="EN2001b.sync.1,218" channel="3" transcriber_start="134.448" transcriber_end="135.647">
      <nite:child href="EN2001b.D.words.xml#id(EN2001b.D.words16)..id(EN2001b.D.words22)"/>
   </segment>
   <segment nite:id="EN2001b.sync.1,220" channel="3" transcriber_start="187.248" transcriber_end="187.688">
      <nite:child href="EN2001b.D.words.xml#id(EN2001b.D.words23)..id(EN2001b.D.words25)"/>
   </segment>
   <segment nite:id="EN2001b.sync.1,222" channel="3" transcriber_start="208.224" transcriber_end="208.716">
      <nite:child href="EN2001b.D.words.xml#id(EN2001b.D.words26)..id(EN2001b.D.words27)"/>
   </segment>
   <segment nite:id="EN2001b.sync.1,224" channel="3" transcriber_start="216.144" transcriber_end="218.214">
      <nite:child href="EN2001b.D.words.xml#id(EN2001b.D.words28)..id(EN2001b.D.words42)"/>
   </segment>
   <segment nite:id="EN2001b.sync.1,226" channel="3" transcriber_start="222.717" transcriber_end="223.282">
      <nite:child href="EN2001b.D.words.xml#id(EN2001b.D.words43)..id(EN2001b.D.words44)"/>
   </segment>
   <segment nite:id="EN2001b.sync.1,228" channel="3" transcriber_start="224.656" transcriber_end="225.514">
      <nite:child href="EN2001b.D.words.xml#id(EN2001b.D.words45)..id(EN2001b.D.words51)"/>
   </segment>
   <segment nite:id="EN2001b.sync.1,230" channel="3" transcriber_start="243.072" transcriber_end="243.654">
      <nite:child href="EN2001b.D.words.xml#id(EN2001b.D.words52)..id(EN2001b.D.words53)"/>
   </segment>
   <segment nite:id="EN2001b.sync.1,232" channel="3" transcriber_start="245.664" transcriber_end="250.004">
      <nite:child href="EN2001b.D.words.xml#id(EN2001b.D.words54)..id(EN2001b.D.words74)"/>
   </segment>
   <segment nite:id="EN2001b.sync.1,234" channel="3" transcriber_start="250.701" transcriber_end="263.143">
      <nite:child href="EN2001b.D.words.xml#id(EN2001b.D.words75)..id(EN2001b.D.words133)"/>
   </segment>
   <segment nite:id="EN2001b.sync.1,236" channel="3" transcriber_start="266.121" transcriber_end="269.431">
      <nite:child href="EN2001b.D.words.xml#id(EN2001b.D.words134)..id(EN2001b.D.words143)"/>
   </segment>
   <segment nite:id="EN2001b.sync.1,238" channel="3" transcriber_start="322.576" transcriber_end="323.328">
      <nite:child href="EN2001b.D.words.xml#id(EN2001b.D.words144)"/>
   </segment>
   <segment nite:id="EN2001b.sync.1,240" channel="3" transcriber_start="344.245" transcriber_end="344.543">
      <nite:child href="EN2001b.D.words.xml#id(EN2001b.D.words145)..id(EN2001b.D.words146)"/>
   </segment>
   <segment nite:id="EN2001b.sync.1,242" channel="3" transcriber_start="459.198" transcriber_end="459.73">
      <nite:child href="EN2001b.D.words.xml#id(EN2001b.D.words147)..id(EN2001b.D.words148)"/>
   </segment>
   <segment nite:id="EN2001b.sync.1,244" channel="3" transcriber_start="474.832" transcriber_end="478.896">
      <nite:child href="EN2001b.D.words.xml#id(EN2001b.D.words149)..id(EN2001b.D.words163)"/>
   </segment>
   <segment nite:id="EN2001b.sync.1,246" channel="3" transcriber_start="494.108" transcriber_end="495.313">
      <nite:child href="EN2001b.D.words.xml#id(EN2001b.D.words164)..id(EN2001b.D.words166)"/>
   </segment>
   <segment nite:id="EN2001b.sync.1,248" channel="3" transcriber_start="496.304" transcriber_end="497.44">
      <nite:child href="EN2001b.D.words.xml#id(EN2001b.D.words167)..id(EN2001b.D.words173)"/>
   </segment>
   <segment nite:id="EN2001b.sync.1,250" channel="3" transcriber_start="498.607" transcriber_end="501.168">
      <nite:child href="EN2001b.D.words.xml#id(EN2001b.D.words174)..id(EN2001b.D.words184)"/>
   </segment>
   <segment nite:id="EN2001b.sync.1,252" channel="3" transcriber_start="565.942" transcriber_end="568.561">
      <nite:child href="EN2001b.D.words.xml#id(EN2001b.D.words185)..id(EN2001b.D.words197)"/>
   </segment>
   <segment nite:id="EN2001b.sync.1,254" channel="3" transcriber_start="573.105" transcriber_end="576.024">
      <nite:child href="EN2001b.D.words.xml#id(EN2001b.D.words198)..id(EN2001b.D.words209)"/>
   </segment>
   <segment nite:id="EN2001b.sync.1,256" channel="3" transcriber_start="588.928" transcriber_end="589.936">
      <nite:child href="EN2001b.D.words.xml#id(EN2001b.D.words210)..id(EN2001b.D.words213)"/>
   </segment>
   <segment nite:id="EN2001b.sync.1,258" channel="3" transcriber_start="608.94" transcriber_end="613.091">
      <nite:child href="EN2001b.D.words.xml#id(EN2001b.D.words214)..id(EN2001b.D.words229)"/>
   </segment>
   <segment nite:id="EN2001b.sync.1,260" channel="3" transcriber_start="763.6" transcriber_end="764.832">
      <nite:child href="EN2001b.D.words.xml#id(EN2001b.D.words230)..id(EN2001b.D.words234)"/>
   </segment>
   <segment nite:id="EN2001b.sync.1,262" channel="3" transcriber_start="1026.415" transcriber_end="1026.881">
      <nite:child href="EN2001b.D.words.xml#id(EN2001b.D.words235)..id(EN2001b.D.words236)"/>
   </segment>
   <segment nite:id="EN2001b.sync.1,264" channel="3" transcriber_start="1268.512" transcriber_end="1270.368">
      <nite:child href="EN2001b.D.words.xml#id(EN2001b.D.words237)..id(EN2001b.D.words247)"/>
   </segment>
   <segment nite:id="EN2001b.sync.1,266" channel="3" transcriber_start="1276.864" transcriber_end="1278.448">
      <nite:child href="EN2001b.D.words.xml#id(EN2001b.D.words248)..id(EN2001b.D.words252)"/>
   </segment>
   <segment nite:id="EN2001b.sync.1,268" channel="3" transcriber_start="1362.738" transcriber_end="1363.295">
      <nite:child href="EN2001b.D.words.xml#id(EN2001b.D.words253)..id(EN2001b.D.words254)"/>
   </segment>
   <segment nite:id="EN2001b.sync.1,270" channel="3" transcriber_start="1395.024" transcriber_end="1401.047">
      <nite:child href="EN2001b.D.words.xml#id(EN2001b.D.words255)..id(EN2001b.D.words276)"/>
   </segment>
   <segment nite:id="EN2001b.sync.1,272" channel="3" transcriber_start="1402.128" transcriber_end="1402.545">
      <nite:child href="EN2001b.D.words.xml#id(EN2001b.D.words277)..id(EN2001b.D.words278)"/>
   </segment>
   <segment nite:id="EN2001b.sync.1,274" channel="3" transcriber_start="1420.742" transcriber_end="1421.175">
      <nite:child href="EN2001b.D.words.xml#id(EN2001b.D.words279)..id(EN2001b.D.words280)"/>
   </segment>
   <segment nite:id="EN2001b.sync.1,276" channel="3" transcriber_start="1471.182" transcriber_end="1471.592">
      <nite:child href="EN2001b.D.words.xml#id(EN2001b.D.words281)..id(EN2001b.D.words282)"/>
   </segment>
   <segment nite:id="EN2001b.sync.1,278" channel="3" transcriber_start="1520.46" transcriber_end="1520.909">
      <nite:child href="EN2001b.D.words.xml#id(EN2001b.D.words283)..id(EN2001b.D.words284)"/>
   </segment>
   <segment nite:id="EN2001b.sync.1,280" channel="3" transcriber_start="1776.463" transcriber_end="1777.993">
      <nite:child href="EN2001b.D.words.xml#id(EN2001b.D.words285)..id(EN2001b.D.words291)"/>
   </segment>
   <segment nite:id="EN2001b.sync.1,282" channel="3" transcriber_start="1783.994" transcriber_end="1784.401">
      <nite:child href="EN2001b.D.words.xml#id(EN2001b.D.words292)..id(EN2001b.D.words293)"/>
   </segment>
   <segment nite:id="EN2001b.sync.1,284" channel="3" transcriber_start="2022.802" transcriber_end="2023.212">
      <nite:child href="EN2001b.D.words.xml#id(EN2001b.D.words294)..id(EN2001b.D.words295)"/>
   </segment>
   <segment nite:id="EN2001b.sync.1,286" channel="3" transcriber_start="2075.712" transcriber_end="2084.96">
      <nite:child href="EN2001b.D.words.xml#id(EN2001b.D.words296)..id(EN2001b.D.words328)"/>
   </segment>
   <segment nite:id="EN2001b.sync.1,288" channel="3" transcriber_start="2087.182" transcriber_end="2087.706">
      <nite:child href="EN2001b.D.words.xml#id(EN2001b.D.words329)..id(EN2001b.D.words330)"/>
   </segment>
   <segment nite:id="EN2001b.sync.1,290" channel="3" transcriber_start="2091.209" transcriber_end="2091.608">
      <nite:child href="EN2001b.D.words.xml#id(EN2001b.D.words331)..id(EN2001b.D.words332)"/>
   </segment>
   <segment nite:id="EN2001b.sync.1,292" channel="3" transcriber_start="2103.494" transcriber_end="2103.985">
      <nite:child href="EN2001b.D.words.xml#id(EN2001b.D.words333)..id(EN2001b.D.words334)"/>
   </segment>
   <segment nite:id="EN2001b.sync.1,294" channel="3" transcriber_start="2105.312" transcriber_end="2107.119">
      <nite:child href="EN2001b.D.words.xml#id(EN2001b.D.words335)..id(EN2001b.D.words344)"/>
   </segment>
   <segment nite:id="EN2001b.sync.1,296" channel="3" transcriber_start="2110.274" transcriber_end="2113.716">
      <nite:child href="EN2001b.D.words.xml#id(EN2001b.D.words345)..id(EN2001b.D.words349)"/>
   </segment>
   <segment nite:id="EN2001b.sync.1,298" channel="3" transcriber_start="2164.08" transcriber_end="2164.48">
      <nite:child href="EN2001b.D.words.xml#id(EN2001b.D.words350)..id(EN2001b.D.words351)"/>
   </segment>
   <segment nite:id="EN2001b.sync.1,300" channel="3" transcriber_start="2166.814" transcriber_end="2170.489">
      <nite:child href="EN2001b.D.words.xml#id(EN2001b.D.words352)..id(EN2001b.D.words367)"/>
   </segment>
   <segment nite:id="EN2001b.sync.1,302" channel="3" transcriber_start="2212.295" transcriber_end="2212.76">
      <nite:child href="EN2001b.D.words.xml#id(EN2001b.D.words368)..id(EN2001b.D.words369)"/>
   </segment>
   <segment nite:id="EN2001b.sync.1,304" channel="3" transcriber_start="2367.656" transcriber_end="2368.141">
      <nite:child href="EN2001b.D.words.xml#id(EN2001b.D.words370)"/>
   </segment>
   <segment nite:id="EN2001b.sync.1,306" channel="3" transcriber_start="2427.104" transcriber_end="2427.945">
      <nite:child href="EN2001b.D.words.xml#id(EN2001b.D.words371)..id(EN2001b.D.words374)"/>
   </segment>
   <segment nite:id="EN2001b.sync.1,308" channel="3" transcriber_start="2458.712" transcriber_end="2459.392">
      <nite:child href="EN2001b.D.words.xml#id(EN2001b.D.words375)"/>
   </segment>
   <segment nite:id="EN2001b.sync.1,310" channel="3" transcriber_start="2608.197" transcriber_end="2608.638">
      <nite:child href="EN2001b.D.words.xml#id(EN2001b.D.words376)..id(EN2001b.D.words377)"/>
   </segment>
   <segment nite:id="EN2001b.sync.1,312" channel="3" transcriber_start="2634.337" transcriber_end="2634.736">
      <nite:child href="EN2001b.D.words.xml#id(EN2001b.D.words378)..id(EN2001b.D.words379)"/>
   </segment>
   <segment nite:id="EN2001b.sync.1,314" channel="3" transcriber_start="2732.775" transcriber_end="2733.337">
      <nite:child href="EN2001b.D.words.xml#id(EN2001b.D.words380)..id(EN2001b.D.words381)"/>
   </segment>
   <segment nite:id="EN2001b.sync.1,316" channel="3" transcriber_start="2758.16" transcriber_end="2758.709">
      <nite:child href="EN2001b.D.words.xml#id(EN2001b.D.words382)..id(EN2001b.D.words383)"/>
   </segment>
   <segment nite:id="EN2001b.sync.1,318" channel="3" transcriber_start="2911.007" transcriber_end="2911.539">
      <nite:child href="EN2001b.D.words.xml#id(EN2001b.D.words384)..id(EN2001b.D.words385)"/>
   </segment>
   <segment nite:id="EN2001b.sync.1,320" channel="3" transcriber_start="2918.013" transcriber_end="2919.834">
      <nite:child href="EN2001b.D.words.xml#id(EN2001b.D.words386)..id(EN2001b.D.words388)"/>
   </segment>
   <segment nite:id="EN2001b.sync.1,322" channel="3" transcriber_start="2924.63" transcriber_end="2933.358">
      <nite:child href="EN2001b.D.words.xml#id(EN2001b.D.words389)..id(EN2001b.D.words420)"/>
   </segment>
   <segment nite:id="EN2001b.sync.1,324" channel="3" transcriber_start="3064.707" transcriber_end="3065.191">
      <nite:child href="EN2001b.D.words.xml#id(EN2001b.D.words421)..id(EN2001b.D.words422)"/>
   </segment>
   <segment nite:id="EN2001b.sync.1,326" channel="3" transcriber_start="3224.275" transcriber_end="3225.021">
      <nite:child href="EN2001b.D.words.xml#id(EN2001b.D.words423)"/>
   </segment>
   <segment nite:id="EN2001b.sync.1,328" channel="3" transcriber_start="3246.07" transcriber_end="3246.935">
      <nite:child href="EN2001b.D.words.xml#id(EN2001b.D.words424)"/>
   </segment>
   <segment nite:id="EN2001b.sync.1,330" channel="3" transcriber_start="3315.376" transcriber_end="3317.182">
      <nite:child href="EN2001b.D.words.xml#id(EN2001b.D.words425)..id(EN2001b.D.words432)"/>
   </segment>
   <segment nite:id="EN2001b.sync.1,332" channel="3" transcriber_start="3323.344" transcriber_end="3326.64">
      <nite:child href="EN2001b.D.words.xml#id(EN2001b.D.words433)..id(EN2001b.D.words447)"/>
   </segment>
   <segment nite:id="EN2001b.sync.1,334" channel="3" transcriber_start="3441.52" transcriber_end="3442.088">
      <nite:child href="EN2001b.D.words.xml#id(EN2001b.D.words448)..id(EN2001b.D.words449)"/>
   </segment>
</nite:root>