<?xml version="1.0" encoding="ISO-8859-1" standalone="yes"?>
<nite:root nite:id="ES2006a.B.words" xmlns:nite="http://nite.sourceforge.net/">
   <w nite:id="ES2006a.B.words0" starttime="306.41" endtime="306.66">Why</w>
   <w nite:id="ES2006a.B.words1" starttime="306.66" endtime="306.69">are</w>
   <w nite:id="ES2006a.B.words2" starttime="306.69" endtime="306.8">you</w>
   <w nite:id="ES2006a.B.words3" starttime="306.8" endtime="307.09">looking</w>
   <w nite:id="ES2006a.B.words4" starttime="307.09" endtime="307.19">at</w>
   <w nite:id="ES2006a.B.words5" starttime="307.19" endtime="307.6">me</w>
   <w nite:id="ES2006a.B.words6" starttime="307.6" endtime="307.6" punc="true">?</w>
   <vocalsound nite:id="ES2006a.B.words7" starttime="309.648" endtime="310.192" type="laugh"/>
   <vocalsound nite:id="ES2006a.B.words8" starttime="312.78" endtime="312.78" type="other"/>
   <w nite:id="ES2006a.B.words9" starttime="313.0" endtime="313.24">Do</w>
   <w nite:id="ES2006a.B.words10" starttime="313.24" endtime="313.31">I</w>
   <w nite:id="ES2006a.B.words11" starttime="313.31" endtime="313.5">have</w>
   <w nite:id="ES2006a.B.words12" starttime="313.5" endtime="313.54">a</w>
   <w nite:id="ES2006a.B.words13" starttime="313.54" endtime="315.82">choice</w>
   <w nite:id="ES2006a.B.words14" starttime="315.82" endtime="315.82" punc="true">?</w>
   <vocalsound nite:id="ES2006a.B.words15" starttime="315.82" endtime="315.82" type="laugh"/>
   <w nite:id="ES2006a.B.words16" starttime="315.82" endtime="316.35">Okay</w>
   <w nite:id="ES2006a.B.words17" starttime="316.35" endtime="316.35" punc="true">.</w>
   <w nite:id="ES2006a.B.words18" starttime="316.35" endtime="316.72">Ooh</w>
   <w nite:id="ES2006a.B.words19" starttime="316.72" endtime="317.22">ooh</w>
   <w nite:id="ES2006a.B.words20" starttime="317.22" endtime="317.22" punc="true">,</w>
   <w nite:id="ES2006a.B.words21" starttime="317.22" endtime="317.46">things</w>
   <w nite:id="ES2006a.B.words22" starttime="317.46" endtime="317.76">falling</w>
   <w nite:id="ES2006a.B.words23" starttime="317.76" endtime="318.67">everywhere</w>
   <w nite:id="ES2006a.B.words24" starttime="318.67" endtime="318.67" punc="true">.</w>
   <w nite:id="ES2006a.B.words25" starttime="318.67" endtime="319.04">Right</w>
   <w nite:id="ES2006a.B.words26" starttime="319.04" endtime="319.04" punc="true">,</w>
   <w nite:id="ES2006a.B.words27" starttime="319.04" endtime="320.16">okay</w>
   <w nite:id="ES2006a.B.words28" starttime="320.16" endtime="320.16" punc="true">.</w>
   <w nite:id="ES2006a.B.words29" starttime="325.98" endtime="326.41">Cool</w>
   <w nite:id="ES2006a.B.words30" starttime="326.41" endtime="326.41" punc="true">.</w>
   <w nite:id="ES2006a.B.words31" starttime="328.23" endtime="328.68">Okay</w>
   <w nite:id="ES2006a.B.words32" starttime="328.68" endtime="328.68" punc="true">.</w>
   <w nite:id="ES2006a.B.words33" starttime="331.49" endtime="331.94">So</w>
   <w nite:id="ES2006a.B.words34" starttime="331.94" endtime="331.94" punc="true">,</w>
   <w nite:id="ES2006a.B.words35" starttime="331.94" endtime="332.1">my</w>
   <w nite:id="ES2006a.B.words36" starttime="332.1" endtime="332.35">name&#39;s</w>
   <w nite:id="ES2006a.B.words37" starttime="332.35" endtime="333.14">Cat</w>
   <w nite:id="ES2006a.B.words38" starttime="333.14" endtime="333.5">and</w>
   <w nite:id="ES2006a.B.words39" starttime="333.5" endtime="333.7">I&#39;m</w>
   <w nite:id="ES2006a.B.words40" starttime="333.7" endtime="333.89">really</w>
   <w nite:id="ES2006a.B.words41" starttime="333.89" endtime="334.05">not</w>
   <w nite:id="ES2006a.B.words42" starttime="334.05" endtime="334.2">very</w>
   <w nite:id="ES2006a.B.words43" starttime="334.2" endtime="334.41">good</w>
   <w nite:id="ES2006a.B.words44" starttime="334.41" endtime="334.5">at</w>
   <w nite:id="ES2006a.B.words45" starttime="334.5" endtime="334.64">this</w>
   <w nite:id="ES2006a.B.words46" starttime="334.64" endtime="334.81">whole</w>
   <w nite:id="ES2006a.B.words47" starttime="334.81" endtime="335.14">drawing</w>
   <w nite:id="ES2006a.B.words48" starttime="335.14" endtime="336.15">malarkey</w>
   <w nite:id="ES2006a.B.words49" starttime="336.15" endtime="337.5">so</w>
   <w nite:id="ES2006a.B.words50" starttime="337.5" endtime="338.15">um</w>
   <disfmarker nite:id="ES2006a.B.words51" starttime="338.15" endtime="338.192"/>
   <w nite:id="ES2006a.B.words52" starttime="351.08" endtime="351.45">Okay</w>
   <w nite:id="ES2006a.B.words53" starttime="351.45" endtime="351.45" punc="true">.</w>
   <w nite:id="ES2006a.B.words54" starttime="354.5" endtime="354.77">Oh</w>
   <w nite:id="ES2006a.B.words55" starttime="354.77" endtime="354.77" punc="true">,</w>
   <w nite:id="ES2006a.B.words56" starttime="354.77" endtime="354.93">good</w>
   <w nite:id="ES2006a.B.words57" starttime="354.93" endtime="355.36">point</w>
   <w nite:id="ES2006a.B.words58" starttime="355.36" endtime="355.36" punc="true">.</w>
   <w nite:id="ES2006a.B.words59" starttime="356.86" endtime="356.97">Ah</w>
   <w nite:id="ES2006a.B.words60" starttime="356.97" endtime="356.97" punc="true">,</w>
   <w nite:id="ES2006a.B.words61" starttime="356.97" endtime="357.09">the</w>
   <w nite:id="ES2006a.B.words62" starttime="357.09" endtime="357.36">eyes</w>
   <w nite:id="ES2006a.B.words63" starttime="357.36" endtime="357.63">always</w>
   <w nite:id="ES2006a.B.words64" starttime="357.63" endtime="357.97">ruin</w>
   <w nite:id="ES2006a.B.words65" starttime="357.97" endtime="358.44">it</w>
   <w nite:id="ES2006a.B.words66" starttime="358.44" endtime="358.44" punc="true">.</w>
   <w nite:id="ES2006a.B.words67" starttime="358.44" endtime="358.78">Right</w>
   <w nite:id="ES2006a.B.words68" starttime="358.78" endtime="358.78" punc="true">.</w>
   <w nite:id="ES2006a.B.words69" starttime="358.78" endtime="359.16">Okay</w>
   <w nite:id="ES2006a.B.words70" starttime="359.16" endtime="359.16" punc="true">,</w>
   <w nite:id="ES2006a.B.words71" starttime="359.16" endtime="359.36">what</w>
   <w nite:id="ES2006a.B.words72" starttime="359.36" endtime="360.06">do</w>
   <gap nite:id="ES2006a.B.words73" starttime="360.06" endtime="360.06"/>
   <w nite:id="ES2006a.B.words74" starttime="360.06" endtime="360.23">it&#39;s</w>
   <w nite:id="ES2006a.B.words75" starttime="360.23" endtime="360.51">eyes</w>
   <w nite:id="ES2006a.B.words76" starttime="360.51" endtime="360.64">like</w>
   <w nite:id="ES2006a.B.words77" starttime="360.64" endtime="360.64" punc="true">?</w>
   <w nite:id="ES2006a.B.words78" starttime="369.67" endtime="370.39">Okay</w>
   <w nite:id="ES2006a.B.words79" starttime="370.39" endtime="370.39" punc="true">,</w>
   <w nite:id="ES2006a.B.words80" starttime="370.39" endtime="371.77">cool</w>
   <w nite:id="ES2006a.B.words81" starttime="371.77" endtime="371.77" punc="true">.</w>
   <w nite:id="ES2006a.B.words82" starttime="371.77" endtime="372.41">Um</w>
   <w nite:id="ES2006a.B.words83" starttime="372.41" endtime="372.55">this</w>
   <w nite:id="ES2006a.B.words84" starttime="372.55" endtime="372.65">is</w>
   <w nite:id="ES2006a.B.words85" starttime="372.65" endtime="372.71">a</w>
   <w nite:id="ES2006a.B.words86" starttime="372.71" endtime="375.85">rabbit</w>
   <w nite:id="ES2006a.B.words87" starttime="375.85" endtime="375.85" punc="true">.</w>
   <vocalsound nite:id="ES2006a.B.words88" starttime="375.85" endtime="376.062" type="laugh"/>
   <w nite:id="ES2006a.B.words89" starttime="379.17" endtime="379.51">Yeah</w>
   <w nite:id="ES2006a.B.words90" starttime="379.51" endtime="379.51" punc="true">,</w>
   <w nite:id="ES2006a.B.words91" starttime="379.51" endtime="379.58">I</w>
   <w nite:id="ES2006a.B.words92" starttime="379.58" endtime="379.73">don&#39;t</w>
   <w nite:id="ES2006a.B.words93" starttime="379.73" endtime="379.86">think</w>
   <w nite:id="ES2006a.B.words94" starttime="379.86" endtime="379.99">it&#39;s</w>
   <w nite:id="ES2006a.B.words95" starttime="379.99" endtime="380.33">furry</w>
   <w nite:id="ES2006a.B.words96" starttime="380.33" endtime="380.61">enough</w>
   <w nite:id="ES2006a.B.words97" starttime="380.61" endtime="380.61" punc="true">,</w>
   <w nite:id="ES2006a.B.words98" starttime="380.61" endtime="380.72">so</w>
   <w nite:id="ES2006a.B.words99" starttime="380.72" endtime="380.95">we&#39;ll</w>
   <w nite:id="ES2006a.B.words100" starttime="380.95" endtime="381.24">make</w>
   <w nite:id="ES2006a.B.words101" starttime="381.24" endtime="381.3">it</w>
   <w nite:id="ES2006a.B.words102" starttime="381.3" endtime="381.33">a</w>
   <w nite:id="ES2006a.B.words103" starttime="381.33" endtime="381.62">fluffy</w>
   <w nite:id="ES2006a.B.words104" starttime="381.62" endtime="382.56">rabbit</w>
   <w nite:id="ES2006a.B.words105" starttime="382.56" endtime="382.56" punc="true">.</w>
   <w nite:id="ES2006a.B.words106" starttime="386.2" endtime="386.64">Okay</w>
   <w nite:id="ES2006a.B.words107" starttime="386.64" endtime="386.64" punc="true">,</w>
   <w nite:id="ES2006a.B.words108" starttime="386.64" endtime="386.94">right</w>
   <w nite:id="ES2006a.B.words109" starttime="386.94" endtime="386.94" punc="true">,</w>
   <w nite:id="ES2006a.B.words110" starttime="386.94" endtime="387.17">it&#39;s</w>
   <w nite:id="ES2006a.B.words111" starttime="387.17" endtime="387.22">a</w>
   <w nite:id="ES2006a.B.words112" starttime="387.22" endtime="387.56">fluffy</w>
   <w nite:id="ES2006a.B.words113" starttime="387.56" endtime="388.84">rabbit</w>
   <w nite:id="ES2006a.B.words114" starttime="388.84" endtime="388.84" punc="true">,</w>
   <w nite:id="ES2006a.B.words115" starttime="388.84" endtime="389.17">blue</w>
   <w nite:id="ES2006a.B.words116" starttime="389.17" endtime="389.17" punc="true">.</w>
   <w nite:id="ES2006a.B.words117" starttime="389.17" endtime="389.5">Rabbits</w>
   <w nite:id="ES2006a.B.words118" starttime="389.5" endtime="389.68">don&#39;t</w>
   <w nite:id="ES2006a.B.words119" starttime="389.68" endtime="389.83">come</w>
   <w nite:id="ES2006a.B.words120" starttime="389.83" endtime="389.94">in</w>
   <w nite:id="ES2006a.B.words121" starttime="389.94" endtime="390.36">blue</w>
   <w nite:id="ES2006a.B.words122" starttime="390.36" endtime="390.61">but</w>
   <w nite:id="ES2006a.B.words123" starttime="390.61" endtime="390.72">you</w>
   <w nite:id="ES2006a.B.words124" starttime="390.72" endtime="391.49">know</w>
   <w nite:id="ES2006a.B.words125" starttime="391.49" endtime="391.49" punc="true">.</w>
   <w nite:id="ES2006a.B.words126" starttime="391.49" endtime="391.84">Um</w>
   <w nite:id="ES2006a.B.words127" starttime="391.84" endtime="392.14">okay</w>
   <w nite:id="ES2006a.B.words128" starttime="392.14" endtime="392.31">and</w>
   <w nite:id="ES2006a.B.words129" starttime="392.31" endtime="392.38">I</w>
   <w nite:id="ES2006a.B.words130" starttime="392.38" endtime="392.63">like</w>
   <w nite:id="ES2006a.B.words131" starttime="392.63" endtime="392.73">it</w>
   <w nite:id="ES2006a.B.words132" starttime="392.73" endtime="393.09">because</w>
   <w nite:id="ES2006a.B.words133" starttime="393.09" endtime="393.32">it&#39;s</w>
   <w nite:id="ES2006a.B.words134" starttime="393.32" endtime="395.19">small</w>
   <vocalsound nite:id="ES2006a.B.words135" starttime="395.19" endtime="395.19" type="other"/>
   <w nite:id="ES2006a.B.words136" starttime="395.19" endtime="395.5">and</w>
   <w nite:id="ES2006a.B.words137" starttime="395.5" endtime="395.65">it&#39;s</w>
   <w nite:id="ES2006a.B.words138" starttime="395.65" endtime="396.19">fluffy</w>
   <w nite:id="ES2006a.B.words139" starttime="396.19" endtime="396.19" punc="true">.</w>
   <w nite:id="ES2006a.B.words140" starttime="397.98" endtime="398.38">And</w>
   <w nite:id="ES2006a.B.words141" starttime="398.38" endtime="398.61">one</w>
   <w nite:id="ES2006a.B.words142" starttime="398.61" endtime="398.86">day</w>
   <w nite:id="ES2006a.B.words143" starttime="398.86" endtime="398.98">you&#39;ll</w>
   <w nite:id="ES2006a.B.words144" starttime="398.98" endtime="399.09">be</w>
   <w nite:id="ES2006a.B.words145" starttime="399.09" endtime="399.26">able</w>
   <w nite:id="ES2006a.B.words146" starttime="399.26" endtime="399.37">to</w>
   <w nite:id="ES2006a.B.words147" starttime="399.37" endtime="399.84" trunc="true">getical</w>
   <w nite:id="ES2006a.B.words148" starttime="399.84" endtime="400.36">genetically</w>
   <w nite:id="ES2006a.B.words149" starttime="400.36" endtime="400.78">modify</w>
   <w nite:id="ES2006a.B.words150" starttime="400.78" endtime="401.11">them</w>
   <w nite:id="ES2006a.B.words151" starttime="401.11" endtime="401.3">and</w>
   <w nite:id="ES2006a.B.words152" starttime="401.3" endtime="401.4">they</w>
   <w nite:id="ES2006a.B.words153" starttime="401.4" endtime="401.52">will</w>
   <w nite:id="ES2006a.B.words154" starttime="401.52" endtime="401.68">come</w>
   <w nite:id="ES2006a.B.words155" starttime="401.68" endtime="401.8">in</w>
   <w nite:id="ES2006a.B.words156" starttime="401.8" endtime="402.19">pink</w>
   <w nite:id="ES2006a.B.words157" starttime="402.19" endtime="402.19" punc="true">.</w>
   <vocalsound nite:id="ES2006a.B.words158" starttime="403.552" endtime="403.552" type="laugh"/>
   <w nite:id="ES2006a.B.words159" starttime="404.78" endtime="405.16">Okay</w>
   <w nite:id="ES2006a.B.words160" starttime="405.16" endtime="405.16" punc="true">?</w>
   <w nite:id="ES2006a.B.words161" starttime="407.56" endtime="407.93">I</w>
   <w nite:id="ES2006a.B.words162" starttime="407.93" endtime="408.46">am</w>
   <w nite:id="ES2006a.B.words163" starttime="408.46" endtime="409.05">the</w>
   <w nite:id="ES2006a.B.words164" starttime="409.05" endtime="409.4">um</w>
   <disfmarker nite:id="ES2006a.B.words165" starttime="409.4" endtime="409.4"/>
   <w nite:id="ES2006a.B.words166" starttime="409.4" endtime="409.48">I</w>
   <w nite:id="ES2006a.B.words167" starttime="409.48" endtime="409.65">need</w>
   <w nite:id="ES2006a.B.words168" starttime="409.65" endtime="409.71">my</w>
   <w nite:id="ES2006a.B.words169" starttime="409.71" endtime="410.51">notebook</w>
   <w nite:id="ES2006a.B.words170" starttime="410.51" endtime="410.51" punc="true">,</w>
   <w nite:id="ES2006a.B.words171" starttime="410.51" endtime="411.13">mm</w>
   <w nite:id="ES2006a.B.words172" starttime="411.13" endtime="414.34">ooh</w>
   <vocalsound nite:id="ES2006a.B.words173" starttime="414.34" endtime="414.34" type="laugh"/>
   <w nite:id="ES2006a.B.words174" starttime="414.34" endtime="414.63">top</w>
   <w nite:id="ES2006a.B.words175" starttime="414.63" endtime="415.33">banana</w>
   <w nite:id="ES2006a.B.words176" starttime="415.33" endtime="415.33" punc="true">.</w>
   <w nite:id="ES2006a.B.words177" starttime="415.33" endtime="415.56">Thank</w>
   <w nite:id="ES2006a.B.words178" starttime="415.56" endtime="416.12">you</w>
   <w nite:id="ES2006a.B.words179" starttime="416.12" endtime="416.12" punc="true">.</w>
   <w nite:id="ES2006a.B.words180" starttime="416.12" endtime="416.52">Okay</w>
   <w nite:id="ES2006a.B.words181" starttime="416.52" endtime="416.52" punc="true">,</w>
   <w nite:id="ES2006a.B.words182" starttime="416.52" endtime="416.9">cool</w>
   <w nite:id="ES2006a.B.words183" starttime="416.9" endtime="416.9" punc="true">,</w>
   <w nite:id="ES2006a.B.words184" starttime="416.9" endtime="417.1">I</w>
   <w nite:id="ES2006a.B.words185" starttime="417.1" endtime="417.24">am</w>
   <w nite:id="ES2006a.B.words186" starttime="417.24" endtime="417.35">the</w>
   <w nite:id="ES2006a.B.words187" starttime="417.35" endtime="417.77">Marketing</w>
   <w nite:id="ES2006a.B.words188" starttime="417.77" endtime="419.17">Expert</w>
   <vocalsound nite:id="ES2006a.B.words189" starttime="419.17" endtime="419.17" type="other"/>
   <w nite:id="ES2006a.B.words190" starttime="419.17" endtime="419.86">um</w>
   <w nite:id="ES2006a.B.words191" starttime="419.86" endtime="420.54">so</w>
   <w nite:id="ES2006a.B.words192" starttime="420.54" endtime="421.26">like</w>
   <w nite:id="ES2006a.B.words193" starttime="422.37" endtime="422.78">I&#39;m</w>
   <w nite:id="ES2006a.B.words194" starttime="422.78" endtime="423.06">gonna</w>
   <w nite:id="ES2006a.B.words195" starttime="423.06" endtime="423.17">be</w>
   <w nite:id="ES2006a.B.words196" starttime="423.17" endtime="423.7">doing</w>
   <w nite:id="ES2006a.B.words197" starttime="423.7" endtime="424.12">the</w>
   <disfmarker nite:id="ES2006a.B.words198" starttime="424.12" endtime="424.12"/>
   <w nite:id="ES2006a.B.words199" starttime="424.12" endtime="424.64">apparently</w>
   <w nite:id="ES2006a.B.words200" starttime="424.64" endtime="425.18">according</w>
   <w nite:id="ES2006a.B.words201" starttime="425.18" endtime="425.34">to</w>
   <w nite:id="ES2006a.B.words202" starttime="425.34" endtime="425.72">the</w>
   <w nite:id="ES2006a.B.words203" starttime="425.72" endtime="426.22">little</w>
   <w nite:id="ES2006a.B.words204" starttime="426.22" endtime="426.39">guy</w>
   <w nite:id="ES2006a.B.words205" starttime="426.39" endtime="426.45">in</w>
   <w nite:id="ES2006a.B.words206" starttime="426.45" endtime="426.52">the</w>
   <w nite:id="ES2006a.B.words207" starttime="426.52" endtime="426.85">computer</w>
   <w nite:id="ES2006a.B.words208" starttime="426.85" endtime="426.96">that</w>
   <w nite:id="ES2006a.B.words209" starttime="426.96" endtime="427.13">knows</w>
   <w nite:id="ES2006a.B.words210" starttime="427.13" endtime="428.14">everything</w>
   <disfmarker nite:id="ES2006a.B.words211" starttime="428.14" endtime="428.14"/>
   <w nite:id="ES2006a.B.words212" starttime="428.14" endtime="428.66">the</w>
   <w nite:id="ES2006a.B.words213" starttime="428.66" endtime="428.91">user</w>
   <w nite:id="ES2006a.B.words214" starttime="428.91" endtime="429.03" trunc="true">g</w>
   <w nite:id="ES2006a.B.words215" starttime="429.03" endtime="429.66">requirements</w>
   <w nite:id="ES2006a.B.words216" starttime="429.66" endtime="430.67">specification</w>
   <w nite:id="ES2006a.B.words217" starttime="430.67" endtime="430.75">of</w>
   <w nite:id="ES2006a.B.words218" starttime="430.75" endtime="430.83">the</w>
   <w nite:id="ES2006a.B.words219" starttime="430.83" endtime="431.61">functional</w>
   <w nite:id="ES2006a.B.words220" starttime="431.61" endtime="432.23">design</w>
   <w nite:id="ES2006a.B.words221" starttime="432.23" endtime="432.23" punc="true">,</w>
   <w nite:id="ES2006a.B.words222" starttime="432.23" endtime="433.04">um</w>
   <w nite:id="ES2006a.B.words223" starttime="433.04" endtime="433.34">trend</w>
   <w nite:id="ES2006a.B.words224" starttime="433.34" endtime="433.84">watching</w>
   <w nite:id="ES2006a.B.words225" starttime="433.84" endtime="433.99">in</w>
   <w nite:id="ES2006a.B.words226" starttime="433.99" endtime="434.08">the</w>
   <w nite:id="ES2006a.B.words227" starttime="434.08" endtime="434.62">conceptual</w>
   <w nite:id="ES2006a.B.words228" starttime="434.62" endtime="435.76">design</w>
   <w nite:id="ES2006a.B.words229" starttime="435.76" endtime="436.08">and</w>
   <w nite:id="ES2006a.B.words230" starttime="436.08" endtime="436.49">product</w>
   <w nite:id="ES2006a.B.words231" starttime="436.49" endtime="437.6" mispronounced="true">evad-valuation</w>
   <w nite:id="ES2006a.B.words232" starttime="437.6" endtime="437.81">in</w>
   <w nite:id="ES2006a.B.words233" starttime="437.81" endtime="437.97">the</w>
   <w nite:id="ES2006a.B.words234" starttime="437.97" endtime="438.67">detailed</w>
   <w nite:id="ES2006a.B.words235" starttime="438.67" endtime="440.3">design</w>
   <vocalsound nite:id="ES2006a.B.words236" starttime="440.3" endtime="440.3" type="other"/>
   <w nite:id="ES2006a.B.words237" starttime="440.3" endtime="441.11">um</w>
   <w nite:id="ES2006a.B.words238" starttime="441.11" endtime="441.48">so</w>
   <w nite:id="ES2006a.B.words239" starttime="441.48" endtime="441.61">yeah</w>
   <w nite:id="ES2006a.B.words240" starttime="441.61" endtime="441.61" punc="true">.</w>
   <w nite:id="ES2006a.B.words241" starttime="444.69" endtime="445.1">Um</w>
   <w nite:id="ES2006a.B.words242" starttime="445.1" endtime="445.26">I&#39;m</w>
   <w nite:id="ES2006a.B.words243" starttime="445.26" endtime="445.39">from</w>
   <w nite:id="ES2006a.B.words244" starttime="445.39" endtime="447.14">Leicester</w>
   <w nite:id="ES2006a.B.words245" starttime="447.14" endtime="447.14" punc="true">,</w>
   <w nite:id="ES2006a.B.words246" starttime="447.14" endtime="447.72">um</w>
   <w nite:id="ES2006a.B.words247" starttime="447.72" endtime="448.09">second</w>
   <w nite:id="ES2006a.B.words248" starttime="448.09" endtime="449.51">year</w>
   <w nite:id="ES2006a.B.words249" starttime="449.51" endtime="449.51" punc="true">.</w>
   <w nite:id="ES2006a.B.words250" starttime="449.51" endtime="450.58">Um</w>
   <w nite:id="ES2006a.B.words251" starttime="450.58" endtime="450.7">what</w>
   <w nite:id="ES2006a.B.words252" starttime="450.7" endtime="450.98">else</w>
   <w nite:id="ES2006a.B.words253" starttime="450.98" endtime="451.07">do</w>
   <w nite:id="ES2006a.B.words254" starttime="451.07" endtime="451.13">you</w>
   <w nite:id="ES2006a.B.words255" starttime="451.13" endtime="451.28">want</w>
   <w nite:id="ES2006a.B.words256" starttime="451.28" endtime="451.4">to</w>
   <w nite:id="ES2006a.B.words257" starttime="451.4" endtime="451.68">know</w>
   <w nite:id="ES2006a.B.words258" starttime="451.68" endtime="451.68" punc="true">?</w>
   <w nite:id="ES2006a.B.words259" starttime="453.11" endtime="453.18">I</w>
   <w nite:id="ES2006a.B.words260" starttime="453.18" endtime="453.92">like</w>
   <w nite:id="ES2006a.B.words261" starttime="453.92" endtime="456.31">sports</w>
   <vocalsound nite:id="ES2006a.B.words262" starttime="456.31" endtime="456.31" type="laugh"/>
   <w nite:id="ES2006a.B.words263" starttime="456.31" endtime="457.06">um</w>
   <w nite:id="ES2006a.B.words264" starttime="457.06" endtime="457.45">yeah</w>
   <w nite:id="ES2006a.B.words265" starttime="457.45" endtime="457.45" punc="true">,</w>
   <w nite:id="ES2006a.B.words266" starttime="457.45" endtime="458.0">aerobics</w>
   <w nite:id="ES2006a.B.words267" starttime="458.0" endtime="458.0" punc="true">,</w>
   <w nite:id="ES2006a.B.words268" starttime="458.0" endtime="458.69">kickboxing</w>
   <w nite:id="ES2006a.B.words269" starttime="458.69" endtime="458.69" punc="true">,</w>
   <w nite:id="ES2006a.B.words270" starttime="458.69" endtime="459.68">spinning</w>
   <w nite:id="ES2006a.B.words271" starttime="459.68" endtime="461.41">um</w>
   <vocalsound nite:id="ES2006a.B.words272" starttime="461.41" endtime="461.41" type="other"/>
   <w nite:id="ES2006a.B.words273" starttime="461.41" endtime="461.87">and</w>
   <w nite:id="ES2006a.B.words274" starttime="461.87" endtime="462.16">uh</w>
   <disfmarker nite:id="ES2006a.B.words275" starttime="462.16" endtime="462.192"/>
   <w nite:id="ES2006a.B.words276" starttime="463.57" endtime="463.71">not</w>
   <w nite:id="ES2006a.B.words277" starttime="463.71" endtime="463.84">with</w>
   <w nite:id="ES2006a.B.words278" starttime="463.84" endtime="464.37">rabbits</w>
   <w nite:id="ES2006a.B.words279" starttime="464.37" endtime="464.37" punc="true">,</w>
   <w nite:id="ES2006a.B.words280" starttime="464.37" endtime="465.0">no</w>
   <w nite:id="ES2006a.B.words281" starttime="465.0" endtime="465.7">no</w>
   <w nite:id="ES2006a.B.words282" starttime="465.7" endtime="465.7" punc="true">.</w>
   <w nite:id="ES2006a.B.words283" starttime="465.7" endtime="465.88">And</w>
   <w nite:id="ES2006a.B.words284" starttime="465.88" endtime="466.31">vets</w>
   <w nite:id="ES2006a.B.words285" starttime="466.31" endtime="466.31" punc="true">,</w>
   <w nite:id="ES2006a.B.words286" starttime="466.31" endtime="466.37">I</w>
   <w nite:id="ES2006a.B.words287" starttime="466.37" endtime="466.59">like</w>
   <w nite:id="ES2006a.B.words288" starttime="466.59" endtime="466.97">vets</w>
   <w nite:id="ES2006a.B.words289" starttime="466.97" endtime="467.08">as</w>
   <w nite:id="ES2006a.B.words290" starttime="467.08" endtime="469.23">well</w>
   <w nite:id="ES2006a.B.words291" starttime="469.23" endtime="469.23" punc="true">.</w>
   <vocalsound nite:id="ES2006a.B.words292" starttime="469.23" endtime="469.23" type="laugh"/>
   <w nite:id="ES2006a.B.words293" starttime="469.23" endtime="469.88">And</w>
   <w nite:id="ES2006a.B.words294" starttime="469.88" endtime="470.34">yeah</w>
   <w nite:id="ES2006a.B.words295" starttime="470.34" endtime="470.9">um</w>
   <w nite:id="ES2006a.B.words296" starttime="470.9" endtime="471.02">and</w>
   <w nite:id="ES2006a.B.words297" starttime="471.02" endtime="471.21">I</w>
   <w nite:id="ES2006a.B.words298" starttime="471.21" endtime="471.38">like</w>
   <w nite:id="ES2006a.B.words299" starttime="471.38" endtime="472.05">cocktails</w>
   <w nite:id="ES2006a.B.words300" starttime="472.05" endtime="472.05" punc="true">,</w>
   <w nite:id="ES2006a.B.words301" starttime="472.05" endtime="472.35">especially</w>
   <w nite:id="ES2006a.B.words302" starttime="472.35" endtime="472.56">pink</w>
   <w nite:id="ES2006a.B.words303" starttime="472.56" endtime="473.41">ones</w>
   <w nite:id="ES2006a.B.words304" starttime="473.41" endtime="473.41" punc="true">.</w>
   <w nite:id="ES2006a.B.words305" starttime="473.41" endtime="474.15">Okay</w>
   <w nite:id="ES2006a.B.words306" starttime="474.15" endtime="474.15" punc="true">?</w>
   <w nite:id="ES2006a.B.words307" starttime="474.15" endtime="476.67">Cool</w>
   <w nite:id="ES2006a.B.words308" starttime="476.67" endtime="476.67" punc="true">.</w>
   <vocalsound nite:id="ES2006a.B.words309" starttime="476.67" endtime="477.823" type="laugh"/>
   <vocalsound nite:id="ES2006a.B.words310" starttime="521.827" endtime="523.002" type="laugh"/>
   <w nite:id="ES2006a.B.words311" starttime="541.91" endtime="542.12">Is</w>
   <w nite:id="ES2006a.B.words312" starttime="542.12" endtime="542.16">a</w>
   <w nite:id="ES2006a.B.words313" starttime="542.16" endtime="542.32">bit</w>
   <w nite:id="ES2006a.B.words314" starttime="542.32" endtime="542.44">more</w>
   <w nite:id="ES2006a.B.words315" starttime="542.44" endtime="542.89">impressive</w>
   <w nite:id="ES2006a.B.words316" starttime="542.89" endtime="542.98">than</w>
   <w nite:id="ES2006a.B.words317" starttime="542.98" endtime="543.11">my</w>
   <w nite:id="ES2006a.B.words318" starttime="543.11" endtime="543.64">rabbit</w>
   <w nite:id="ES2006a.B.words319" starttime="543.64" endtime="543.64" punc="true">.</w>
   <w nite:id="ES2006a.B.words320" starttime="543.64" endtime="543.76">I</w>
   <w nite:id="ES2006a.B.words321" starttime="543.76" endtime="544.0">think</w>
   <w nite:id="ES2006a.B.words322" starttime="544.0" endtime="544.07">it</w>
   <w nite:id="ES2006a.B.words323" starttime="544.07" endtime="544.29">needs</w>
   <w nite:id="ES2006a.B.words324" starttime="544.29" endtime="544.5">four</w>
   <w nite:id="ES2006a.B.words325" starttime="544.5" endtime="544.75">legs</w>
   <w nite:id="ES2006a.B.words326" starttime="544.75" endtime="544.86">if</w>
   <w nite:id="ES2006a.B.words327" starttime="544.86" endtime="544.98">it&#39;s</w>
   <w nite:id="ES2006a.B.words328" starttime="544.98" endtime="545.17">gonna</w>
   <w nite:id="ES2006a.B.words329" starttime="545.17" endtime="545.54">walk</w>
   <w nite:id="ES2006a.B.words330" starttime="545.54" endtime="545.64">though</w>
   <w nite:id="ES2006a.B.words331" starttime="545.64" endtime="545.64" punc="true">.</w>
   <vocalsound nite:id="ES2006a.B.words332" starttime="548.272" endtime="549.64" type="laugh"/>
   <vocalsound nite:id="ES2006a.B.words333" starttime="583.872" endtime="584.208" type="laugh"/>
   <vocalsound nite:id="ES2006a.B.words334" starttime="675.286" endtime="679.196" type="laugh"/>
   <w nite:id="ES2006a.B.words335" starttime="684.08" endtime="684.2">They&#39;re</w>
   <w nite:id="ES2006a.B.words336" starttime="684.2" endtime="684.37">not</w>
   <w nite:id="ES2006a.B.words337" starttime="684.37" endtime="684.58">just</w>
   <w nite:id="ES2006a.B.words338" starttime="684.58" endtime="684.78">like</w>
   <w nite:id="ES2006a.B.words339" starttime="684.78" endtime="684.83">a</w>
   <w nite:id="ES2006a.B.words340" starttime="684.83" endtime="685.1">big</w>
   <w nite:id="ES2006a.B.words341" starttime="685.1" endtime="685.34">round</w>
   <w nite:id="ES2006a.B.words342" starttime="685.34" endtime="685.73">body</w>
   <w nite:id="ES2006a.B.words343" starttime="685.73" endtime="685.86">and</w>
   <w nite:id="ES2006a.B.words344" starttime="685.86" endtime="686.02">then</w>
   <w nite:id="ES2006a.B.words345" starttime="686.02" endtime="686.2">some</w>
   <w nite:id="ES2006a.B.words346" starttime="686.2" endtime="686.43">really</w>
   <w nite:id="ES2006a.B.words347" starttime="686.43" endtime="686.76">skinny</w>
   <w nite:id="ES2006a.B.words348" starttime="686.76" endtime="687.09">legs</w>
   <w nite:id="ES2006a.B.words349" starttime="687.09" endtime="687.2">and</w>
   <w nite:id="ES2006a.B.words350" starttime="687.2" endtime="687.33">then</w>
   <w nite:id="ES2006a.B.words351" starttime="687.33" endtime="687.66">just</w>
   <w nite:id="ES2006a.B.words352" starttime="687.66" endtime="687.89">some</w>
   <w nite:id="ES2006a.B.words353" starttime="687.89" endtime="688.48">horns</w>
   <w nite:id="ES2006a.B.words354" starttime="688.48" endtime="688.48" punc="true">.</w>
   <vocalsound nite:id="ES2006a.B.words355" starttime="690.32" endtime="692.048" type="laugh"/>
   <vocalsound nite:id="ES2006a.B.words356" starttime="693.056" endtime="696.224" type="laugh"/>
   <vocalsound nite:id="ES2006a.B.words357" starttime="698.928" endtime="699.744" type="laugh"/>
   <vocalsound nite:id="ES2006a.B.words358" starttime="700.503" endtime="703.174" type="laugh"/>
   <w nite:id="ES2006a.B.words359" starttime="704.02" endtime="704.16">It</w>
   <w nite:id="ES2006a.B.words360" starttime="704.16" endtime="704.35">looks</w>
   <w nite:id="ES2006a.B.words361" starttime="704.35" endtime="704.56">like</w>
   <w nite:id="ES2006a.B.words362" starttime="704.56" endtime="705.65">Eeyore</w>
   <w nite:id="ES2006a.B.words363" starttime="705.65" endtime="705.65" punc="true">.</w>
   <vocalsound nite:id="ES2006a.B.words364" starttime="705.65" endtime="705.994" type="laugh"/>
   <vocalsound nite:id="ES2006a.B.words365" starttime="706.495" endtime="707.696" type="laugh"/>
   <vocalsound nite:id="ES2006a.B.words366" starttime="710.694" endtime="710.694" type="laugh"/>
   <w nite:id="ES2006a.B.words367" starttime="712.87" endtime="713.51">Horns</w>
   <w nite:id="ES2006a.B.words368" starttime="713.51" endtime="713.51" punc="true">,</w>
   <w nite:id="ES2006a.B.words369" starttime="713.51" endtime="713.65">draw</w>
   <w nite:id="ES2006a.B.words370" starttime="713.65" endtime="713.92">some</w>
   <w nite:id="ES2006a.B.words371" starttime="713.92" endtime="715.38">horns</w>
   <w nite:id="ES2006a.B.words372" starttime="715.38" endtime="715.38" punc="true">.</w>
   <vocalsound nite:id="ES2006a.B.words373" starttime="715.38" endtime="715.676" type="laugh"/>
   <vocalsound nite:id="ES2006a.B.words374" starttime="716.337" endtime="719.12" type="laugh"/>
   <vocalsound nite:id="ES2006a.B.words375" starttime="793.115" endtime="793.847" type="laugh"/>
   <w nite:id="ES2006a.B.words376" starttime="825.48" endtime="825.62">Is</w>
   <w nite:id="ES2006a.B.words377" starttime="825.62" endtime="825.78">that</w>
   <w nite:id="ES2006a.B.words378" starttime="825.78" endtime="825.83">a</w>
   <w nite:id="ES2006a.B.words379" starttime="825.83" endtime="826.24">lizard</w>
   <w nite:id="ES2006a.B.words380" starttime="826.24" endtime="826.24" punc="true">?</w>
   <w nite:id="ES2006a.B.words381" starttime="840.81" endtime="840.97">Is</w>
   <w nite:id="ES2006a.B.words382" starttime="840.97" endtime="841.11">there</w>
   <w nite:id="ES2006a.B.words383" starttime="841.11" endtime="841.15">a</w>
   <w nite:id="ES2006a.B.words384" starttime="841.15" endtime="841.98">difference</w>
   <w nite:id="ES2006a.B.words385" starttime="841.98" endtime="841.98" punc="true">?</w>
   <vocalsound nite:id="ES2006a.B.words386" starttime="852.554" endtime="852.992" type="laugh"/>
   <w nite:id="ES2006a.B.words387" starttime="912.88" endtime="913.11">If</w>
   <w nite:id="ES2006a.B.words388" starttime="913.11" endtime="913.39">you</w>
   <w nite:id="ES2006a.B.words389" starttime="913.39" endtime="913.68">right</w>
   <w nite:id="ES2006a.B.words390" starttime="913.68" endtime="914.0">click</w>
   <w nite:id="ES2006a.B.words391" starttime="914.0" endtime="914.14">on</w>
   <w nite:id="ES2006a.B.words392" starttime="914.14" endtime="914.32">it</w>
   <w nite:id="ES2006a.B.words393" starttime="914.32" endtime="914.48">you</w>
   <w nite:id="ES2006a.B.words394" starttime="914.48" endtime="915.03">can</w>
   <disfmarker nite:id="ES2006a.B.words395" starttime="915.03" endtime="915.299"/>
   <vocalsound nite:id="ES2006a.B.words396" starttime="918.496" endtime="920.224" type="laugh"/>
   <w nite:id="ES2006a.B.words397" starttime="1073.8" endtime="1074.15">Yeah</w>
   <w nite:id="ES2006a.B.words398" starttime="1074.15" endtime="1074.15" punc="true">,</w>
   <w nite:id="ES2006a.B.words399" starttime="1074.15" endtime="1074.18">I</w>
   <w nite:id="ES2006a.B.words400" starttime="1074.18" endtime="1074.34">was</w>
   <w nite:id="ES2006a.B.words401" starttime="1074.34" endtime="1074.64">looking</w>
   <w nite:id="ES2006a.B.words402" starttime="1074.64" endtime="1074.72">at</w>
   <w nite:id="ES2006a.B.words403" starttime="1074.72" endtime="1074.8">the</w>
   <w nite:id="ES2006a.B.words404" starttime="1074.8" endtime="1075.38">website</w>
   <w nite:id="ES2006a.B.words405" starttime="1075.38" endtime="1075.38" punc="true">,</w>
   <w nite:id="ES2006a.B.words406" starttime="1075.38" endtime="1075.51">and</w>
   <w nite:id="ES2006a.B.words407" starttime="1075.51" endtime="1075.64">the</w>
   <w nite:id="ES2006a.B.words408" starttime="1075.64" endtime="1075.8">other</w>
   <w nite:id="ES2006a.B.words409" starttime="1075.8" endtime="1076.75">things</w>
   <w nite:id="ES2006a.B.words410" starttime="1076.75" endtime="1076.95">that</w>
   <w nite:id="ES2006a.B.words411" starttime="1076.95" endtime="1077.17">they&#39;ve</w>
   <w nite:id="ES2006a.B.words412" starttime="1077.17" endtime="1077.5">made</w>
   <w nite:id="ES2006a.B.words413" starttime="1077.5" endtime="1077.7">and</w>
   <w nite:id="ES2006a.B.words414" starttime="1077.7" endtime="1077.83">I</w>
   <w nite:id="ES2006a.B.words415" starttime="1077.83" endtime="1078.12">like</w>
   <w nite:id="ES2006a.B.words416" starttime="1078.12" endtime="1078.32">put</w>
   <w nite:id="ES2006a.B.words417" starttime="1078.32" endtime="1078.66">down</w>
   <w nite:id="ES2006a.B.words418" starttime="1078.66" endtime="1078.83">some</w>
   <w nite:id="ES2006a.B.words419" starttime="1078.83" endtime="1079.57">like</w>
   <w nite:id="ES2006a.B.words420" starttime="1079.57" endtime="1080.45">inspirational</w>
   <w nite:id="ES2006a.B.words421" starttime="1080.45" endtime="1080.95">words</w>
   <w nite:id="ES2006a.B.words422" starttime="1080.95" endtime="1081.32">like</w>
   <w nite:id="ES2006a.B.words423" starttime="1081.32" endtime="1081.47">that</w>
   <w nite:id="ES2006a.B.words424" starttime="1081.47" endtime="1081.58">I</w>
   <w nite:id="ES2006a.B.words425" starttime="1081.58" endtime="1081.86">got</w>
   <w nite:id="ES2006a.B.words426" starttime="1081.86" endtime="1083.01">from</w>
   <w nite:id="ES2006a.B.words427" starttime="1083.01" endtime="1083.31">looking</w>
   <w nite:id="ES2006a.B.words428" starttime="1083.31" endtime="1083.37">at</w>
   <w nite:id="ES2006a.B.words429" starttime="1083.37" endtime="1083.44">the</w>
   <w nite:id="ES2006a.B.words430" starttime="1083.44" endtime="1084.27">pictures</w>
   <w nite:id="ES2006a.B.words431" starttime="1084.27" endtime="1084.27" punc="true">.</w>
   <w nite:id="ES2006a.B.words432" starttime="1084.27" endtime="1084.5">So</w>
   <w nite:id="ES2006a.B.words433" starttime="1084.5" endtime="1084.62">the</w>
   <w nite:id="ES2006a.B.words434" starttime="1084.62" endtime="1084.89">motto</w>
   <w nite:id="ES2006a.B.words435" starttime="1084.89" endtime="1085.61">is</w>
   <w nite:id="ES2006a.B.words436" starttime="1085.61" endtime="1086.11">um</w>
   <w nite:id="ES2006a.B.words437" starttime="1086.11" endtime="1086.28">we</w>
   <w nite:id="ES2006a.B.words438" starttime="1086.28" endtime="1086.41">put</w>
   <w nite:id="ES2006a.B.words439" starttime="1086.41" endtime="1086.5">the</w>
   <w nite:id="ES2006a.B.words440" starttime="1086.5" endtime="1086.89">fashion</w>
   <w nite:id="ES2006a.B.words441" starttime="1086.89" endtime="1087.19">in</w>
   <w nite:id="ES2006a.B.words442" starttime="1087.19" endtime="1088.48">electronics</w>
   <w nite:id="ES2006a.B.words443" starttime="1088.48" endtime="1088.9">and</w>
   <w nite:id="ES2006a.B.words444" starttime="1088.9" endtime="1089.19">um</w>
   <w nite:id="ES2006a.B.words445" starttime="1089.19" endtime="1089.33">so</w>
   <w nite:id="ES2006a.B.words446" starttime="1089.33" endtime="1089.56">it&#39;s</w>
   <w nite:id="ES2006a.B.words447" starttime="1089.56" endtime="1089.89">something</w>
   <w nite:id="ES2006a.B.words448" starttime="1089.89" endtime="1090.05">that</w>
   <w nite:id="ES2006a.B.words449" starttime="1090.05" endtime="1090.44">is</w>
   <w nite:id="ES2006a.B.words450" starttime="1090.44" endtime="1091.15">sleek</w>
   <w nite:id="ES2006a.B.words451" starttime="1091.15" endtime="1091.32">and</w>
   <w nite:id="ES2006a.B.words452" starttime="1091.32" endtime="1091.9">stylish</w>
   <w nite:id="ES2006a.B.words453" starttime="1091.9" endtime="1092.11">but</w>
   <w nite:id="ES2006a.B.words454" starttime="1092.11" endtime="1092.24">it&#39;s</w>
   <w nite:id="ES2006a.B.words455" starttime="1092.24" endtime="1092.46">still</w>
   <w nite:id="ES2006a.B.words456" starttime="1092.46" endtime="1093.8">functional</w>
   <w nite:id="ES2006a.B.words457" starttime="1093.8" endtime="1093.8" punc="true">,</w>
   <w nite:id="ES2006a.B.words458" starttime="1093.8" endtime="1093.91">you</w>
   <w nite:id="ES2006a.B.words459" starttime="1093.91" endtime="1094.18">know</w>
   <w nite:id="ES2006a.B.words460" starttime="1094.18" endtime="1094.18" punc="true">?</w>
   <w nite:id="ES2006a.B.words461" starttime="1094.18" endtime="1094.41">So</w>
   <w nite:id="ES2006a.B.words462" starttime="1094.41" endtime="1094.59">I&#39;m</w>
   <w nite:id="ES2006a.B.words463" starttime="1094.59" endtime="1094.86">kind</w>
   <w nite:id="ES2006a.B.words464" starttime="1094.86" endtime="1095.27">of</w>
   <w nite:id="ES2006a.B.words465" starttime="1095.27" endtime="1096.21">thinking</w>
   <w nite:id="ES2006a.B.words466" starttime="1096.21" endtime="1096.21" punc="true">,</w>
   <w nite:id="ES2006a.B.words467" starttime="1096.21" endtime="1096.32">you</w>
   <w nite:id="ES2006a.B.words468" starttime="1096.32" endtime="1096.84">know</w>
   <w nite:id="ES2006a.B.words469" starttime="1096.84" endtime="1097.24">like</w>
   <w nite:id="ES2006a.B.words470" starttime="1097.24" endtime="1097.54">those</w>
   <w nite:id="ES2006a.B.words471" starttime="1097.54" endtime="1098.16">phones</w>
   <w nite:id="ES2006a.B.words472" starttime="1098.16" endtime="1098.28">that</w>
   <w nite:id="ES2006a.B.words473" starttime="1098.28" endtime="1098.4">they</w>
   <w nite:id="ES2006a.B.words474" starttime="1098.4" endtime="1099.47">have</w>
   <w nite:id="ES2006a.B.words475" starttime="1099.47" endtime="1099.47" punc="true">,</w>
   <w nite:id="ES2006a.B.words476" starttime="1099.47" endtime="1100.09">the</w>
   <w nite:id="ES2006a.B.words477" starttime="1100.09" endtime="1100.4">new</w>
   <w nite:id="ES2006a.B.words478" starttime="1100.4" endtime="1101.03">generation</w>
   <w nite:id="ES2006a.B.words479" starttime="1101.03" endtime="1101.42">ones</w>
   <w nite:id="ES2006a.B.words480" starttime="1101.42" endtime="1101.42" punc="true">,</w>
   <w nite:id="ES2006a.B.words481" starttime="1101.42" endtime="1101.53">where</w>
   <w nite:id="ES2006a.B.words482" starttime="1101.53" endtime="1101.64">they</w>
   <w nite:id="ES2006a.B.words483" starttime="1101.64" endtime="1101.82">don&#39;t</w>
   <w nite:id="ES2006a.B.words484" starttime="1101.82" endtime="1102.07">actually</w>
   <w nite:id="ES2006a.B.words485" starttime="1102.07" endtime="1102.22">have</w>
   <w nite:id="ES2006a.B.words486" starttime="1102.22" endtime="1102.37">any</w>
   <w nite:id="ES2006a.B.words487" starttime="1102.37" endtime="1102.77">buttons</w>
   <w nite:id="ES2006a.B.words488" starttime="1102.77" endtime="1102.87">on</w>
   <w nite:id="ES2006a.B.words489" starttime="1102.87" endtime="1103.05">them</w>
   <w nite:id="ES2006a.B.words490" starttime="1103.05" endtime="1103.16">and</w>
   <w nite:id="ES2006a.B.words491" starttime="1103.16" endtime="1103.4">stuff</w>
   <w nite:id="ES2006a.B.words492" starttime="1103.4" endtime="1103.56">like</w>
   <w nite:id="ES2006a.B.words493" starttime="1103.56" endtime="1103.75">that</w>
   <w nite:id="ES2006a.B.words494" starttime="1103.75" endtime="1103.75" punc="true">.</w>
   <w nite:id="ES2006a.B.words495" starttime="1104.76" endtime="1104.9">You</w>
   <w nite:id="ES2006a.B.words496" starttime="1104.9" endtime="1105.18">know</w>
   <w nite:id="ES2006a.B.words497" starttime="1105.18" endtime="1105.18" punc="true">,</w>
   <w nite:id="ES2006a.B.words498" starttime="1105.18" endtime="1105.41">so</w>
   <w nite:id="ES2006a.B.words499" starttime="1105.41" endtime="1105.8">something</w>
   <w nite:id="ES2006a.B.words500" starttime="1105.8" endtime="1106.2">heading</w>
   <w nite:id="ES2006a.B.words501" starttime="1106.2" endtime="1106.63">towards</w>
   <w nite:id="ES2006a.B.words502" starttime="1106.63" endtime="1106.86">that</w>
   <w nite:id="ES2006a.B.words503" starttime="1106.86" endtime="1106.86" punc="true">,</w>
   <w nite:id="ES2006a.B.words504" starttime="1106.86" endtime="1107.08">so</w>
   <w nite:id="ES2006a.B.words505" starttime="1107.08" endtime="1107.23">it&#39;s</w>
   <w nite:id="ES2006a.B.words506" starttime="1107.23" endtime="1107.5">not</w>
   <w nite:id="ES2006a.B.words507" starttime="1107.5" endtime="1108.64">overly</w>
   <disfmarker nite:id="ES2006a.B.words508" starttime="1108.64" endtime="1108.64"/>
   <w nite:id="ES2006a.B.words509" starttime="1108.64" endtime="1108.71">I</w>
   <w nite:id="ES2006a.B.words510" starttime="1108.71" endtime="1108.86">mean</w>
   <w nite:id="ES2006a.B.words511" starttime="1108.86" endtime="1109.0">I</w>
   <w nite:id="ES2006a.B.words512" starttime="1109.0" endtime="1109.15">don&#39;t</w>
   <w nite:id="ES2006a.B.words513" starttime="1109.15" endtime="1109.26">know</w>
   <w nite:id="ES2006a.B.words514" starttime="1109.26" endtime="1109.46">what</w>
   <w nite:id="ES2006a.B.words515" starttime="1109.46" endtime="1109.55" trunc="true">h</w>
   <w nite:id="ES2006a.B.words516" starttime="1109.55" endtime="1109.76">most</w>
   <w nite:id="ES2006a.B.words517" starttime="1109.76" endtime="1109.82">of</w>
   <w nite:id="ES2006a.B.words518" starttime="1109.82" endtime="1109.9">the</w>
   <w nite:id="ES2006a.B.words519" starttime="1109.9" endtime="1110.19">buttons</w>
   <w nite:id="ES2006a.B.words520" starttime="1110.19" endtime="1110.47">do</w>
   <w nite:id="ES2006a.B.words521" starttime="1110.47" endtime="1110.59">on</w>
   <w nite:id="ES2006a.B.words522" starttime="1110.59" endtime="1110.71">my</w>
   <w nite:id="ES2006a.B.words523" starttime="1110.71" endtime="1110.98">remote</w>
   <w nite:id="ES2006a.B.words524" starttime="1110.98" endtime="1111.41">controls</w>
   <w nite:id="ES2006a.B.words525" starttime="1111.41" endtime="1111.41" punc="true">,</w>
   <w nite:id="ES2006a.B.words526" starttime="1111.41" endtime="1111.5">so</w>
   <w nite:id="ES2006a.B.words527" starttime="1111.5" endtime="1111.59">I</w>
   <w nite:id="ES2006a.B.words528" starttime="1111.59" endtime="1111.83">figure</w>
   <w nite:id="ES2006a.B.words529" starttime="1111.83" endtime="1111.95">how</w>
   <w nite:id="ES2006a.B.words530" starttime="1111.95" endtime="1112.14">many</w>
   <w nite:id="ES2006a.B.words531" starttime="1112.14" endtime="1112.26">do</w>
   <w nite:id="ES2006a.B.words532" starttime="1112.26" endtime="1112.32">you</w>
   <w nite:id="ES2006a.B.words533" starttime="1112.32" endtime="1112.65">need</w>
   <w nite:id="ES2006a.B.words534" starttime="1112.65" endtime="1112.65" punc="true">,</w>
   <w nite:id="ES2006a.B.words535" starttime="1112.65" endtime="1112.94">you</w>
   <w nite:id="ES2006a.B.words536" starttime="1112.94" endtime="1113.04">know</w>
   <w nite:id="ES2006a.B.words537" starttime="1113.04" endtime="1113.04" punc="true">?</w>
   <w nite:id="ES2006a.B.words538" starttime="1115.31" endtime="1115.75">Okay</w>
   <w nite:id="ES2006a.B.words539" starttime="1115.75" endtime="1115.75" punc="true">.</w>
   <w nite:id="ES2006a.B.words540" starttime="1119.58" endtime="1119.93">Something</w>
   <w nite:id="ES2006a.B.words541" starttime="1119.93" endtime="1120.12">that&#39;s</w>
   <w nite:id="ES2006a.B.words542" starttime="1120.12" endtime="1120.19">a</w>
   <w nite:id="ES2006a.B.words543" starttime="1120.19" endtime="1120.41">little</w>
   <w nite:id="ES2006a.B.words544" starttime="1120.41" endtime="1120.63">less</w>
   <w nite:id="ES2006a.B.words545" starttime="1120.63" endtime="1121.13">crowded</w>
   <w nite:id="ES2006a.B.words546" starttime="1121.13" endtime="1121.3">than</w>
   <w nite:id="ES2006a.B.words547" starttime="1121.3" endtime="1121.69">this</w>
   <w nite:id="ES2006a.B.words548" starttime="1121.69" endtime="1121.69" punc="true">,</w>
   <w nite:id="ES2006a.B.words549" starttime="1121.69" endtime="1122.01">like</w>
   <w nite:id="ES2006a.B.words550" starttime="1122.01" endtime="1122.08">I</w>
   <w nite:id="ES2006a.B.words551" starttime="1122.08" endtime="1122.6">mean</w>
   <w nite:id="ES2006a.B.words552" starttime="1122.6" endtime="1122.85">you</w>
   <w nite:id="ES2006a.B.words553" starttime="1122.85" endtime="1123.19">know</w>
   <w nite:id="ES2006a.B.words554" starttime="1123.19" endtime="1123.19" punc="true">,</w>
   <w nite:id="ES2006a.B.words555" starttime="1123.19" endtime="1123.84">theoretically</w>
   <w nite:id="ES2006a.B.words556" starttime="1123.84" endtime="1123.92">you</w>
   <w nite:id="ES2006a.B.words557" starttime="1123.92" endtime="1124.04">can</w>
   <w nite:id="ES2006a.B.words558" starttime="1124.04" endtime="1124.19">do</w>
   <w nite:id="ES2006a.B.words559" starttime="1124.19" endtime="1124.36">all</w>
   <w nite:id="ES2006a.B.words560" starttime="1124.36" endtime="1124.66">kinds</w>
   <w nite:id="ES2006a.B.words561" starttime="1124.66" endtime="1124.74">of</w>
   <w nite:id="ES2006a.B.words562" starttime="1124.74" endtime="1124.98">things</w>
   <w nite:id="ES2006a.B.words563" starttime="1124.98" endtime="1125.09">with</w>
   <w nite:id="ES2006a.B.words564" starttime="1125.09" endtime="1125.2">your</w>
   <w nite:id="ES2006a.B.words565" starttime="1125.2" endtime="1125.69">T_V_</w>
   <w nite:id="ES2006a.B.words566" starttime="1125.69" endtime="1125.69" punc="true">,</w>
   <w nite:id="ES2006a.B.words567" starttime="1125.69" endtime="1126.37">right</w>
   <w nite:id="ES2006a.B.words568" starttime="1126.37" endtime="1126.37" punc="true">?</w>
   <w nite:id="ES2006a.B.words569" starttime="1126.37" endtime="1126.5">But</w>
   <w nite:id="ES2006a.B.words570" starttime="1126.5" endtime="1126.69">what</w>
   <w nite:id="ES2006a.B.words571" starttime="1126.69" endtime="1126.77">do</w>
   <w nite:id="ES2006a.B.words572" starttime="1126.77" endtime="1127.02">most</w>
   <w nite:id="ES2006a.B.words573" starttime="1127.02" endtime="1127.32">people</w>
   <w nite:id="ES2006a.B.words574" starttime="1127.32" endtime="1127.54">do</w>
   <w nite:id="ES2006a.B.words575" starttime="1127.54" endtime="1127.54" punc="true">?</w>
   <w nite:id="ES2006a.B.words576" starttime="1127.54" endtime="1127.68">They</w>
   <w nite:id="ES2006a.B.words577" starttime="1127.68" endtime="1127.93">turn</w>
   <w nite:id="ES2006a.B.words578" starttime="1127.93" endtime="1127.99">it</w>
   <w nite:id="ES2006a.B.words579" starttime="1127.99" endtime="1128.41">on</w>
   <w nite:id="ES2006a.B.words580" starttime="1128.41" endtime="1128.41" punc="true">,</w>
   <w nite:id="ES2006a.B.words581" starttime="1128.41" endtime="1128.53">they</w>
   <w nite:id="ES2006a.B.words582" starttime="1128.53" endtime="1128.86">watch</w>
   <w nite:id="ES2006a.B.words583" starttime="1128.86" endtime="1129.26">certain</w>
   <w nite:id="ES2006a.B.words584" starttime="1129.26" endtime="1129.8">specified</w>
   <w nite:id="ES2006a.B.words585" starttime="1129.8" endtime="1131.04">channels</w>
   <w nite:id="ES2006a.B.words586" starttime="1131.04" endtime="1131.04" punc="true">,</w>
   <w nite:id="ES2006a.B.words587" starttime="1131.04" endtime="1131.17">you</w>
   <w nite:id="ES2006a.B.words588" starttime="1131.17" endtime="1131.45">know</w>
   <w nite:id="ES2006a.B.words589" starttime="1131.45" endtime="1131.45" punc="true">,</w>
   <w nite:id="ES2006a.B.words590" starttime="1131.45" endtime="1131.62">and</w>
   <w nite:id="ES2006a.B.words591" starttime="1131.62" endtime="1131.74">then</w>
   <w nite:id="ES2006a.B.words592" starttime="1131.74" endtime="1131.84">they</w>
   <w nite:id="ES2006a.B.words593" starttime="1131.84" endtime="1132.1">turn</w>
   <w nite:id="ES2006a.B.words594" starttime="1132.1" endtime="1132.17">it</w>
   <w nite:id="ES2006a.B.words595" starttime="1132.17" endtime="1132.34">off</w>
   <w nite:id="ES2006a.B.words596" starttime="1132.34" endtime="1133.19">again</w>
   <w nite:id="ES2006a.B.words597" starttime="1133.19" endtime="1133.19" punc="true">.</w>
   <w nite:id="ES2006a.B.words598" starttime="1133.19" endtime="1133.64">Sometimes</w>
   <w nite:id="ES2006a.B.words599" starttime="1133.64" endtime="1133.73">they</w>
   <w nite:id="ES2006a.B.words600" starttime="1133.73" endtime="1133.9">play</w>
   <w nite:id="ES2006a.B.words601" starttime="1133.9" endtime="1133.97">a</w>
   <w nite:id="ES2006a.B.words602" starttime="1133.97" endtime="1134.42">movie</w>
   <w nite:id="ES2006a.B.words603" starttime="1134.42" endtime="1134.42" punc="true">.</w>
   <w nite:id="ES2006a.B.words604" starttime="1137.15" endtime="1137.55">Yeah</w>
   <w nite:id="ES2006a.B.words605" starttime="1137.55" endtime="1137.55" punc="true">,</w>
   <w nite:id="ES2006a.B.words606" starttime="1137.55" endtime="1137.97">so</w>
   <w nite:id="ES2006a.B.words607" starttime="1139.08" endtime="1139.28">there&#39;s</w>
   <w nite:id="ES2006a.B.words608" starttime="1139.28" endtime="1139.44">no</w>
   <w nite:id="ES2006a.B.words609" starttime="1139.44" endtime="1139.67">need</w>
   <w nite:id="ES2006a.B.words610" starttime="1139.67" endtime="1139.77">to</w>
   <w nite:id="ES2006a.B.words611" starttime="1139.77" endtime="1139.99">have</w>
   <w nite:id="ES2006a.B.words612" starttime="1139.99" endtime="1140.4">buttons</w>
   <w nite:id="ES2006a.B.words613" starttime="1140.4" endtime="1140.5">on</w>
   <w nite:id="ES2006a.B.words614" starttime="1140.5" endtime="1140.73">it</w>
   <w nite:id="ES2006a.B.words615" starttime="1140.73" endtime="1140.87">to</w>
   <w nite:id="ES2006a.B.words616" starttime="1140.87" endtime="1141.04">do</w>
   <w nite:id="ES2006a.B.words617" starttime="1141.04" endtime="1141.35">that</w>
   <w nite:id="ES2006a.B.words618" starttime="1141.35" endtime="1141.35" punc="true">,</w>
   <w nite:id="ES2006a.B.words619" starttime="1141.35" endtime="1141.79">maybe</w>
   <w nite:id="ES2006a.B.words620" starttime="1141.79" endtime="1141.97">to</w>
   <w nite:id="ES2006a.B.words621" starttime="1141.97" endtime="1142.3">do</w>
   <disfmarker nite:id="ES2006a.B.words622" starttime="1142.3" endtime="1142.336"/>
   <w nite:id="ES2006a.B.words623" starttime="1144.63" endtime="1145.07">Yeah</w>
   <w nite:id="ES2006a.B.words624" starttime="1145.07" endtime="1145.07" punc="true">.</w>
   <w nite:id="ES2006a.B.words625" starttime="1145.93" endtime="1146.13">So</w>
   <w nite:id="ES2006a.B.words626" starttime="1146.13" endtime="1146.13" punc="true">,</w>
   <w nite:id="ES2006a.B.words627" starttime="1146.13" endtime="1146.34">if</w>
   <w nite:id="ES2006a.B.words628" starttime="1146.34" endtime="1146.52">you&#39;re</w>
   <w nite:id="ES2006a.B.words629" starttime="1146.52" endtime="1146.58">the</w>
   <w nite:id="ES2006a.B.words630" starttime="1146.58" endtime="1146.84">kind</w>
   <w nite:id="ES2006a.B.words631" starttime="1146.84" endtime="1146.93">of</w>
   <w nite:id="ES2006a.B.words632" starttime="1146.93" endtime="1147.16">sad</w>
   <w nite:id="ES2006a.B.words633" starttime="1147.16" endtime="1147.49">case</w>
   <w nite:id="ES2006a.B.words634" starttime="1147.49" endtime="1147.66">that</w>
   <w nite:id="ES2006a.B.words635" starttime="1147.66" endtime="1147.95">knows</w>
   <w nite:id="ES2006a.B.words636" starttime="1147.95" endtime="1148.11">how</w>
   <w nite:id="ES2006a.B.words637" starttime="1148.11" endtime="1148.23">your</w>
   <w nite:id="ES2006a.B.words638" starttime="1148.23" endtime="1148.47">remote</w>
   <w nite:id="ES2006a.B.words639" starttime="1148.47" endtime="1148.84">control</w>
   <w nite:id="ES2006a.B.words640" starttime="1148.84" endtime="1149.92">works</w>
   <w nite:id="ES2006a.B.words641" starttime="1149.92" endtime="1149.92" punc="true">,</w>
   <w nite:id="ES2006a.B.words642" starttime="1149.92" endtime="1150.33">then</w>
   <w nite:id="ES2006a.B.words643" starttime="1150.33" endtime="1150.49">you</w>
   <w nite:id="ES2006a.B.words644" starttime="1150.49" endtime="1150.67">know</w>
   <w nite:id="ES2006a.B.words645" starttime="1150.67" endtime="1150.9">that&#39;s</w>
   <w nite:id="ES2006a.B.words646" starttime="1150.9" endtime="1151.23">fine</w>
   <w nite:id="ES2006a.B.words647" starttime="1151.23" endtime="1151.36">and</w>
   <w nite:id="ES2006a.B.words648" starttime="1151.36" endtime="1151.45">you</w>
   <w nite:id="ES2006a.B.words649" starttime="1151.45" endtime="1151.64">can</w>
   <w nite:id="ES2006a.B.words650" starttime="1151.64" endtime="1151.77">do</w>
   <w nite:id="ES2006a.B.words651" starttime="1151.77" endtime="1151.83">it</w>
   <w nite:id="ES2006a.B.words652" starttime="1151.83" endtime="1151.97">on</w>
   <w nite:id="ES2006a.B.words653" starttime="1151.97" endtime="1152.06">the</w>
   <w nite:id="ES2006a.B.words654" starttime="1152.06" endtime="1152.43">screen</w>
   <w nite:id="ES2006a.B.words655" starttime="1152.43" endtime="1152.69">rather</w>
   <w nite:id="ES2006a.B.words656" starttime="1152.69" endtime="1153.26">than</w>
   <w nite:id="ES2006a.B.words657" starttime="1153.26" endtime="1153.62">everybody</w>
   <w nite:id="ES2006a.B.words658" starttime="1153.62" endtime="1153.82">else</w>
   <w nite:id="ES2006a.B.words659" starttime="1153.82" endtime="1154.04">having</w>
   <w nite:id="ES2006a.B.words660" starttime="1154.04" endtime="1154.11">to</w>
   <w nite:id="ES2006a.B.words661" starttime="1154.11" endtime="1154.25">have</w>
   <w nite:id="ES2006a.B.words662" starttime="1154.25" endtime="1154.45">those</w>
   <w nite:id="ES2006a.B.words663" starttime="1154.45" endtime="1154.79">buttons</w>
   <w nite:id="ES2006a.B.words664" starttime="1154.79" endtime="1154.79" punc="true">,</w>
   <w nite:id="ES2006a.B.words665" starttime="1154.79" endtime="1154.95">which</w>
   <w nite:id="ES2006a.B.words666" starttime="1154.95" endtime="1155.11">just</w>
   <w nite:id="ES2006a.B.words667" starttime="1155.11" endtime="1155.5">confuse</w>
   <w nite:id="ES2006a.B.words668" starttime="1155.5" endtime="1157.06">them</w>
   <w nite:id="ES2006a.B.words669" starttime="1157.06" endtime="1157.06" punc="true">.</w>
   <vocalsound nite:id="ES2006a.B.words670" starttime="1157.06" endtime="1157.06" type="other"/>
   <w nite:id="ES2006a.B.words671" starttime="1157.06" endtime="1157.26">Hmm</w>
   <w nite:id="ES2006a.B.words672" starttime="1157.26" endtime="1157.26" punc="true">.</w>
   <w nite:id="ES2006a.B.words673" starttime="1159.65" endtime="1159.76">&#39;Cause</w>
   <w nite:id="ES2006a.B.words674" starttime="1159.76" endtime="1159.97">like</w>
   <w nite:id="ES2006a.B.words675" starttime="1159.97" endtime="1160.05">if</w>
   <w nite:id="ES2006a.B.words676" starttime="1160.05" endtime="1160.14">you</w>
   <w nite:id="ES2006a.B.words677" starttime="1160.14" endtime="1160.31">look</w>
   <w nite:id="ES2006a.B.words678" starttime="1160.31" endtime="1160.39">at</w>
   <w nite:id="ES2006a.B.words679" starttime="1160.39" endtime="1160.45">the</w>
   <w nite:id="ES2006a.B.words680" starttime="1160.45" endtime="1161.08">train</w>
   <w nite:id="ES2006a.B.words681" starttime="1161.08" endtime="1161.08" punc="true">,</w>
   <w nite:id="ES2006a.B.words682" starttime="1161.08" endtime="1161.34">it&#39;s</w>
   <w nite:id="ES2006a.B.words683" starttime="1161.34" endtime="1161.75">just</w>
   <w nite:id="ES2006a.B.words684" starttime="1161.75" endtime="1162.13">very</w>
   <w nite:id="ES2006a.B.words685" starttime="1162.13" endtime="1163.27">like</w>
   <w nite:id="ES2006a.B.words686" starttime="1163.27" endtime="1163.27" punc="true">,</w>
   <w nite:id="ES2006a.B.words687" starttime="1163.27" endtime="1163.42">there&#39;s</w>
   <w nite:id="ES2006a.B.words688" starttime="1163.42" endtime="1163.52">no</w>
   <w nite:id="ES2006a.B.words689" starttime="1163.52" endtime="1163.94">extra</w>
   <w nite:id="ES2006a.B.words690" starttime="1163.94" endtime="1164.24">bits</w>
   <w nite:id="ES2006a.B.words691" starttime="1164.24" endtime="1164.36">on</w>
   <w nite:id="ES2006a.B.words692" starttime="1164.36" endtime="1164.5">it</w>
   <w nite:id="ES2006a.B.words693" starttime="1164.5" endtime="1164.5" punc="true">,</w>
   <w nite:id="ES2006a.B.words694" starttime="1164.5" endtime="1164.64">the</w>
   <w nite:id="ES2006a.B.words695" starttime="1164.64" endtime="1164.96">train</w>
   <w nite:id="ES2006a.B.words696" starttime="1164.96" endtime="1165.05">on</w>
   <w nite:id="ES2006a.B.words697" starttime="1165.05" endtime="1165.14">the</w>
   <w nite:id="ES2006a.B.words698" starttime="1165.14" endtime="1166.22">website</w>
   <w nite:id="ES2006a.B.words699" starttime="1166.22" endtime="1166.59">and</w>
   <w nite:id="ES2006a.B.words700" starttime="1166.59" endtime="1166.71">I</w>
   <w nite:id="ES2006a.B.words701" starttime="1166.71" endtime="1166.88">dunno</w>
   <w nite:id="ES2006a.B.words702" starttime="1166.88" endtime="1167.01">if</w>
   <w nite:id="ES2006a.B.words703" starttime="1167.01" endtime="1167.1">you</w>
   <w nite:id="ES2006a.B.words704" starttime="1167.1" endtime="1167.27">can</w>
   <w nite:id="ES2006a.B.words705" starttime="1167.27" endtime="1167.41">put</w>
   <w nite:id="ES2006a.B.words706" starttime="1167.41" endtime="1167.5">it</w>
   <w nite:id="ES2006a.B.words707" starttime="1167.5" endtime="1167.67">up</w>
   <w nite:id="ES2006a.B.words708" starttime="1167.67" endtime="1167.75">on</w>
   <w nite:id="ES2006a.B.words709" starttime="1167.75" endtime="1167.89">the</w>
   <w nite:id="ES2006a.B.words710" starttime="1167.89" endtime="1168.68">thing</w>
   <w nite:id="ES2006a.B.words711" starttime="1168.68" endtime="1169.2">um</w>
   <w nite:id="ES2006a.B.words712" starttime="1169.2" endtime="1169.36">but</w>
   <w nite:id="ES2006a.B.words713" starttime="1169.36" endtime="1169.44">it</w>
   <w nite:id="ES2006a.B.words714" starttime="1169.44" endtime="1169.67">is</w>
   <w nite:id="ES2006a.B.words715" starttime="1169.67" endtime="1169.92">just</w>
   <w nite:id="ES2006a.B.words716" starttime="1169.92" endtime="1170.42">like</w>
   <w nite:id="ES2006a.B.words717" starttime="1170.42" endtime="1170.51">a</w>
   <w nite:id="ES2006a.B.words718" starttime="1170.51" endtime="1171.73">long</w>
   <w nite:id="ES2006a.B.words719" starttime="1171.73" endtime="1172.1">like</w>
   <w nite:id="ES2006a.B.words720" starttime="1172.1" endtime="1172.57">thing</w>
   <w nite:id="ES2006a.B.words721" starttime="1172.57" endtime="1172.87">used</w>
   <w nite:id="ES2006a.B.words722" starttime="1172.87" endtime="1172.97">for</w>
   <w nite:id="ES2006a.B.words723" starttime="1172.97" endtime="1173.23" trunc="true">mu</w>
   <w nite:id="ES2006a.B.words724" starttime="1173.23" endtime="1173.61">moving</w>
   <w nite:id="ES2006a.B.words725" starttime="1173.61" endtime="1174.0">people</w>
   <w nite:id="ES2006a.B.words726" starttime="1174.0" endtime="1174.0" punc="true">,</w>
   <w nite:id="ES2006a.B.words727" starttime="1174.0" endtime="1174.19">but</w>
   <w nite:id="ES2006a.B.words728" starttime="1174.19" endtime="1174.3">it</w>
   <w nite:id="ES2006a.B.words729" starttime="1174.3" endtime="1174.49">looks</w>
   <w nite:id="ES2006a.B.words730" starttime="1174.49" endtime="1174.67">really</w>
   <w nite:id="ES2006a.B.words731" starttime="1174.67" endtime="1174.94">pretty</w>
   <w nite:id="ES2006a.B.words732" starttime="1174.94" endtime="1175.15">too</w>
   <w nite:id="ES2006a.B.words733" starttime="1175.15" endtime="1175.15" punc="true">.</w>
   <w nite:id="ES2006a.B.words734" starttime="1266.64" endtime="1266.86">Mm-hmm</w>
   <w nite:id="ES2006a.B.words735" starttime="1266.86" endtime="1266.86" punc="true">.</w>
</nite:root>