<?xml version="1.0" encoding="ISO-8859-1" standalone="yes"?>
<nite:root nite:id="ES2011a.B.words" xmlns:nite="http://nite.sourceforge.net/">
   <vocalsound nite:id="ES2011a.B.words0" starttime="84.791" endtime="85.572" type="laugh"/>
   <w nite:id="ES2011a.B.words1" starttime="93.94" endtime="94.08">I&#39;m</w>
   <w nite:id="ES2011a.B.words2" starttime="94.08" endtime="94.39">Krista</w>
   <w nite:id="ES2011a.B.words3" starttime="94.39" endtime="94.55">and</w>
   <w nite:id="ES2011a.B.words4" starttime="94.55" endtime="94.66">I&#39;m</w>
   <w nite:id="ES2011a.B.words5" starttime="94.66" endtime="94.75">the</w>
   <w nite:id="ES2011a.B.words6" starttime="94.75" endtime="95.23">Industrial</w>
   <w nite:id="ES2011a.B.words7" starttime="95.23" endtime="95.68">Designer</w>
   <w nite:id="ES2011a.B.words8" starttime="95.68" endtime="95.68" punc="true">.</w>
   <vocalsound nite:id="ES2011a.B.words9" starttime="184.015" endtime="185.483" type="laugh"/>
   <vocalsound nite:id="ES2011a.B.words10" starttime="193.327" endtime="195.153" type="laugh"/>
   <vocalsound nite:id="ES2011a.B.words11" starttime="267.384" endtime="270.756" type="laugh"/>
   <vocalsound nite:id="ES2011a.B.words12" starttime="282.196" endtime="282.791" type="cough"/>
   <vocalsound nite:id="ES2011a.B.words13" starttime="285.213" endtime="286.273" type="laugh"/>
   <vocalsound nite:id="ES2011a.B.words14" starttime="304.35" endtime="305.608" type="laugh"/>
   <vocalsound nite:id="ES2011a.B.words15" starttime="309.856" endtime="313.863" type="laugh"/>
   <w nite:id="ES2011a.B.words16" starttime="346.66" endtime="346.99">Suppose</w>
   <w nite:id="ES2011a.B.words17" starttime="346.99" endtime="347.02">I</w>
   <w nite:id="ES2011a.B.words18" starttime="347.02" endtime="347.15">can</w>
   <w nite:id="ES2011a.B.words19" starttime="347.15" endtime="347.36">draw</w>
   <w nite:id="ES2011a.B.words20" starttime="347.36" endtime="347.45">an</w>
   <w nite:id="ES2011a.B.words21" starttime="347.45" endtime="347.85">animal</w>
   <w nite:id="ES2011a.B.words22" starttime="347.85" endtime="347.85" punc="true">,</w>
   <w nite:id="ES2011a.B.words23" starttime="347.85" endtime="349.35">yeah</w>
   <w nite:id="ES2011a.B.words24" starttime="349.35" endtime="349.35" punc="true">.</w>
   <vocalsound nite:id="ES2011a.B.words25" starttime="377.936" endtime="377.936" type="laugh"/>
   <w nite:id="ES2011a.B.words26" starttime="379.95" endtime="380.22">Yeah</w>
   <w nite:id="ES2011a.B.words27" starttime="380.22" endtime="380.22" punc="true">.</w>
   <w nite:id="ES2011a.B.words28" starttime="386.04" endtime="386.13">I</w>
   <w nite:id="ES2011a.B.words29" starttime="386.13" endtime="386.26">don&#39;t</w>
   <w nite:id="ES2011a.B.words30" starttime="386.26" endtime="386.53">know</w>
   <w nite:id="ES2011a.B.words31" starttime="386.53" endtime="386.53" punc="true">.</w>
   <w nite:id="ES2011a.B.words32" starttime="386.53" endtime="386.72">They</w>
   <w nite:id="ES2011a.B.words33" starttime="386.72" endtime="387.03">sleep</w>
   <w nite:id="ES2011a.B.words34" starttime="387.03" endtime="387.17">all</w>
   <w nite:id="ES2011a.B.words35" starttime="387.17" endtime="388.33">day</w>
   <w nite:id="ES2011a.B.words36" starttime="388.33" endtime="388.33" punc="true">,</w>
   <vocalsound nite:id="ES2011a.B.words37" starttime="388.33" endtime="388.33" type="laugh"/>
   <w nite:id="ES2011a.B.words38" starttime="388.33" endtime="388.44">they&#39;re</w>
   <w nite:id="ES2011a.B.words39" starttime="388.44" endtime="388.68">easy</w>
   <w nite:id="ES2011a.B.words40" starttime="388.68" endtime="388.77">to</w>
   <w nite:id="ES2011a.B.words41" starttime="388.77" endtime="389.07">draw</w>
   <vocalsound nite:id="ES2011a.B.words42" starttime="389.07" endtime="389.07" type="laugh"/>
   <w nite:id="ES2011a.B.words43" starttime="389.07" endtime="389.07" punc="true">.</w>
   <w nite:id="ES2011a.B.words44" starttime="396.66" endtime="396.69">I</w>
   <w nite:id="ES2011a.B.words45" starttime="396.69" endtime="396.9">think</w>
   <w nite:id="ES2011a.B.words46" starttime="396.9" endtime="397.0">the</w>
   <w nite:id="ES2011a.B.words47" starttime="397.0" endtime="397.21">pen</w>
   <w nite:id="ES2011a.B.words48" starttime="397.21" endtime="397.43">is</w>
   <w nite:id="ES2011a.B.words49" starttime="397.43" endtime="397.68">running</w>
   <w nite:id="ES2011a.B.words50" starttime="397.68" endtime="397.81">out</w>
   <w nite:id="ES2011a.B.words51" starttime="397.81" endtime="398.04">of</w>
   <disfmarker nite:id="ES2011a.B.words52" starttime="398.04" endtime="398.816"/>
   <vocalsound nite:id="ES2011a.B.words53" starttime="401.36" endtime="402.0" type="laugh"/>
   <vocalsound nite:id="ES2011a.B.words54" starttime="420.24" endtime="420.912" type="laugh"/>
   <vocalsound nite:id="ES2011a.B.words55" starttime="422.0" endtime="422.32" type="laugh"/>
   <vocalsound nite:id="ES2011a.B.words56" starttime="487.494" endtime="490.099" type="laugh"/>
   <vocalsound nite:id="ES2011a.B.words57" starttime="503.952" endtime="506.165" type="laugh"/>
   <w nite:id="ES2011a.B.words58" starttime="577.98" endtime="578.11">Two</w>
   <w nite:id="ES2011a.B.words59" starttime="578.11" endtime="578.43">million</w>
   <w nite:id="ES2011a.B.words60" starttime="578.43" endtime="578.43" punc="true">.</w>
   <vocalsound nite:id="ES2011a.B.words61" starttime="580.825" endtime="581.717" type="cough"/>
   <w nite:id="ES2011a.B.words62" starttime="584.77" endtime="585.11">Oh</w>
   <w nite:id="ES2011a.B.words63" starttime="585.11" endtime="585.11" punc="true">,</w>
   <w nite:id="ES2011a.B.words64" starttime="585.11" endtime="585.45">yeah</w>
   <w nite:id="ES2011a.B.words65" starttime="585.45" endtime="585.45" punc="true">.</w>
   <vocalsound nite:id="ES2011a.B.words66" starttime="658.56" endtime="660.575" type="laugh"/>
   <vocalsound nite:id="ES2011a.B.words67" starttime="667.526" endtime="670.318" type="laugh"/>
   <vocalsound nite:id="ES2011a.B.words68" starttime="686.44" endtime="687.543" type="laugh"/>
   <vocalsound nite:id="ES2011a.B.words69" starttime="730.368" endtime="732.105" type="laugh"/>
   <vocalsound nite:id="ES2011a.B.words70" starttime="736.976" endtime="736.976" type="laugh"/>
   <w nite:id="ES2011a.B.words71" starttime="738.32" endtime="738.42">Well</w>
   <w nite:id="ES2011a.B.words72" starttime="738.42" endtime="738.56">that&#39;s</w>
   <w nite:id="ES2011a.B.words73" starttime="738.56" endtime="738.68">why</w>
   <w nite:id="ES2011a.B.words74" starttime="738.68" endtime="738.81">it&#39;s</w>
   <w nite:id="ES2011a.B.words75" starttime="738.81" endtime="739.02">always</w>
   <w nite:id="ES2011a.B.words76" starttime="739.02" endtime="739.09">in</w>
   <w nite:id="ES2011a.B.words77" starttime="739.09" endtime="739.17">the</w>
   <w nite:id="ES2011a.B.words78" starttime="739.17" endtime="739.66">couch</w>
   <w nite:id="ES2011a.B.words79" starttime="739.66" endtime="739.66" punc="true">.</w>
   <vocalsound nite:id="ES2011a.B.words80" starttime="747.952" endtime="748.64" type="laugh"/>
   <vocalsound nite:id="ES2011a.B.words81" starttime="749.609" endtime="753.039" type="laugh"/>
   <vocalsound nite:id="ES2011a.B.words82" starttime="777.633" endtime="779.308" type="laugh"/>
   <w nite:id="ES2011a.B.words83" starttime="785.67" endtime="785.86">No</w>
   <w nite:id="ES2011a.B.words84" starttime="785.86" endtime="785.96">it</w>
   <w nite:id="ES2011a.B.words85" starttime="785.96" endtime="786.19">really</w>
   <w nite:id="ES2011a.B.words86" starttime="786.19" endtime="786.49">wouldn&#39;t</w>
   <w nite:id="ES2011a.B.words87" starttime="786.49" endtime="786.76">be</w>
   <w nite:id="ES2011a.B.words88" starttime="786.76" endtime="786.76" punc="true">.</w>
   <vocalsound nite:id="ES2011a.B.words89" starttime="790.119" endtime="791.11" type="laugh"/>
   <vocalsound nite:id="ES2011a.B.words90" starttime="794.39" endtime="795.248" type="laugh"/>
   <vocalsound nite:id="ES2011a.B.words91" starttime="797.312" endtime="797.92" type="laugh"/>
   <vocalsound nite:id="ES2011a.B.words92" starttime="802.246" endtime="802.816" type="laugh"/>
   <w nite:id="ES2011a.B.words93" starttime="822.2" endtime="822.45">Yeah</w>
   <w nite:id="ES2011a.B.words94" starttime="822.45" endtime="822.45" punc="true">,</w>
   <w nite:id="ES2011a.B.words95" starttime="822.45" endtime="822.55">I</w>
   <w nite:id="ES2011a.B.words96" starttime="822.55" endtime="823.76">agree</w>
   <w nite:id="ES2011a.B.words97" starttime="823.76" endtime="823.76" punc="true">.</w>
   <vocalsound nite:id="ES2011a.B.words98" starttime="823.76" endtime="823.76" type="other"/>
   <w nite:id="ES2011a.B.words99" starttime="823.76" endtime="824.01">B_</w>
   <w nite:id="ES2011a.B.words100" starttime="824.01" endtime="824.32">button</w>
   <w nite:id="ES2011a.B.words101" starttime="824.32" endtime="824.42">and</w>
   <w nite:id="ES2011a.B.words102" starttime="824.42" endtime="824.54">the</w>
   <w nite:id="ES2011a.B.words103" starttime="824.54" endtime="824.8">F_</w>
   <w nite:id="ES2011a.B.words104" starttime="824.8" endtime="825.04">button</w>
   <w nite:id="ES2011a.B.words105" starttime="825.04" endtime="825.04" punc="true">,</w>
   <w nite:id="ES2011a.B.words106" starttime="825.04" endtime="825.15">they</w>
   <w nite:id="ES2011a.B.words107" starttime="825.15" endtime="825.37">don&#39;t</w>
   <w nite:id="ES2011a.B.words108" starttime="825.37" endtime="825.54">do</w>
   <w nite:id="ES2011a.B.words109" starttime="825.54" endtime="826.26">anything</w>
   <w nite:id="ES2011a.B.words110" starttime="826.26" endtime="826.26" punc="true">.</w>
   <vocalsound nite:id="ES2011a.B.words111" starttime="960.61" endtime="963.166" type="laugh"/>
   <vocalsound nite:id="ES2011a.B.words112" starttime="967.2" endtime="967.656" type="laugh"/>
   <w nite:id="ES2011a.B.words113" starttime="1021.85" endtime="1022.1">Yeah</w>
   <w nite:id="ES2011a.B.words114" starttime="1022.1" endtime="1022.15">I</w>
   <w nite:id="ES2011a.B.words115" starttime="1022.15" endtime="1022.33">think</w>
   <w nite:id="ES2011a.B.words116" starttime="1022.33" endtime="1022.62">so</w>
   <w nite:id="ES2011a.B.words117" starttime="1022.62" endtime="1022.62" punc="true">.</w>
   <w nite:id="ES2011a.B.words118" starttime="1038.69" endtime="1039.17">User</w>
   <w nite:id="ES2011a.B.words119" starttime="1039.17" endtime="1039.17" punc="true">.</w>
   <w nite:id="ES2011a.B.words120" starttime="1056.53" endtime="1056.62">The</w>
   <w nite:id="ES2011a.B.words121" starttime="1056.62" endtime="1056.91">working</w>
   <w nite:id="ES2011a.B.words122" starttime="1056.91" endtime="1057.33">design</w>
   <w nite:id="ES2011a.B.words123" starttime="1057.33" endtime="1057.89">is</w>
   <w nite:id="ES2011a.B.words124" starttime="1057.89" endtime="1058.21">the</w>
   <w nite:id="ES2011a.B.words125" starttime="1058.21" endtime="1058.91">structure</w>
   <w nite:id="ES2011a.B.words126" starttime="1058.91" endtime="1058.91" punc="true">.</w>
   <vocalsound nite:id="ES2011a.B.words127" starttime="1064.995" endtime="1065.803" type="laugh"/>
   <w nite:id="ES2011a.B.words128" starttime="1067.42" endtime="1067.84">Um</w>
   <w nite:id="ES2011a.B.words129" starttime="1067.84" endtime="1067.84" punc="true">.</w>
   <w nite:id="ES2011a.B.words130" starttime="1068.68" endtime="1068.75">It</w>
   <w nite:id="ES2011a.B.words131" starttime="1068.75" endtime="1068.88">was</w>
   <w nite:id="ES2011a.B.words132" starttime="1068.88" endtime="1068.99">in</w>
   <w nite:id="ES2011a.B.words133" starttime="1068.99" endtime="1069.07">the</w>
   <w nite:id="ES2011a.B.words134" starttime="1069.07" endtime="1070.18">email</w>
   <w nite:id="ES2011a.B.words135" starttime="1070.18" endtime="1070.18" punc="true">.</w>
   <w nite:id="ES2011a.B.words136" starttime="1070.18" endtime="1070.29">I</w>
   <w nite:id="ES2011a.B.words137" starttime="1070.29" endtime="1070.57">wrote</w>
   <w nite:id="ES2011a.B.words138" starttime="1070.57" endtime="1070.82">down</w>
   <w nite:id="ES2011a.B.words139" starttime="1070.82" endtime="1070.95">what</w>
   <w nite:id="ES2011a.B.words140" starttime="1070.95" endtime="1071.22">mine</w>
   <w nite:id="ES2011a.B.words141" starttime="1071.22" endtime="1072.03">were</w>
   <w nite:id="ES2011a.B.words142" starttime="1072.03" endtime="1072.03" punc="true">.</w>
   <w nite:id="ES2011a.B.words143" starttime="1092.1" endtime="1092.54">Marketing</w>
   <w nite:id="ES2011a.B.words144" starttime="1092.54" endtime="1092.54" punc="true">.</w>
</nite:root>