<?xml version="1.0" encoding="ISO-8859-1" standalone="yes"?>
<nite:root nite:id="ES2011a.C.words" xmlns:nite="http://nite.sourceforge.net/">
   <vocalsound nite:id="ES2011a.C.words0" starttime="85.808" endtime="86.665" type="laugh"/>
   <vocalsound nite:id="ES2011a.C.words1" starttime="88.662" endtime="88.662" type="other"/>
   <w nite:id="ES2011a.C.words2" starttime="89.02" endtime="89.19">I&#39;m</w>
   <w nite:id="ES2011a.C.words3" starttime="89.19" endtime="89.79">Stephanie</w>
   <w nite:id="ES2011a.C.words4" starttime="89.79" endtime="90.41">and</w>
   <w nite:id="ES2011a.C.words5" starttime="90.41" endtime="90.57">I</w>
   <w nite:id="ES2011a.C.words6" starttime="90.57" endtime="90.75">am</w>
   <w nite:id="ES2011a.C.words7" starttime="90.75" endtime="91.27">the</w>
   <w nite:id="ES2011a.C.words8" starttime="91.27" endtime="91.62">User</w>
   <w nite:id="ES2011a.C.words9" starttime="91.62" endtime="92.52">Interface</w>
   <w nite:id="ES2011a.C.words10" starttime="92.52" endtime="93.1">Designer</w>
   <w nite:id="ES2011a.C.words11" starttime="93.1" endtime="93.1" punc="true">.</w>
   <w nite:id="ES2011a.C.words12" starttime="166.81" endtime="166.95">So</w>
   <w nite:id="ES2011a.C.words13" starttime="166.95" endtime="167.02">you</w>
   <w nite:id="ES2011a.C.words14" starttime="167.02" endtime="167.18">want</w>
   <w nite:id="ES2011a.C.words15" starttime="167.18" endtime="167.25">us</w>
   <w nite:id="ES2011a.C.words16" starttime="167.25" endtime="167.33">to</w>
   <w nite:id="ES2011a.C.words17" starttime="167.33" endtime="167.55">draw</w>
   <w nite:id="ES2011a.C.words18" starttime="167.55" endtime="167.65">it</w>
   <w nite:id="ES2011a.C.words19" starttime="167.65" endtime="167.75">and</w>
   <w nite:id="ES2011a.C.words20" starttime="167.75" endtime="167.86">then</w>
   <w nite:id="ES2011a.C.words21" starttime="167.86" endtime="168.1">talk</w>
   <w nite:id="ES2011a.C.words22" starttime="168.1" endtime="168.35">about</w>
   <w nite:id="ES2011a.C.words23" starttime="168.35" endtime="168.51">it</w>
   <w nite:id="ES2011a.C.words24" starttime="168.51" endtime="168.51" punc="true">?</w>
   <w nite:id="ES2011a.C.words25" starttime="168.51" endtime="169.2">Or</w>
   <w nite:id="ES2011a.C.words26" starttime="169.2" endtime="169.46">just</w>
   <w nite:id="ES2011a.C.words27" starttime="169.46" endtime="169.66">draw</w>
   <w nite:id="ES2011a.C.words28" starttime="169.66" endtime="169.81">it</w>
   <w nite:id="ES2011a.C.words29" starttime="169.81" endtime="169.81" punc="true">?</w>
   <w nite:id="ES2011a.C.words30" starttime="173.16" endtime="173.91">Okay</w>
   <w nite:id="ES2011a.C.words31" starttime="173.91" endtime="173.91" punc="true">.</w>
   <w nite:id="ES2011a.C.words32" starttime="173.91" endtime="173.97">Why</w>
   <w nite:id="ES2011a.C.words33" starttime="173.97" endtime="174.09">don&#39;t</w>
   <w nite:id="ES2011a.C.words34" starttime="174.09" endtime="174.17">we</w>
   <w nite:id="ES2011a.C.words35" starttime="174.17" endtime="174.58">do</w>
   <w nite:id="ES2011a.C.words36" starttime="174.58" endtime="175.93">both</w>
   <w nite:id="ES2011a.C.words37" starttime="175.93" endtime="175.93" punc="true">.</w>
   <w nite:id="ES2011a.C.words38" starttime="175.93" endtime="176.24">Right</w>
   <w nite:id="ES2011a.C.words39" starttime="176.24" endtime="176.24" punc="true">.</w>
   <w nite:id="ES2011a.C.words40" starttime="184.17" endtime="184.61">Mm</w>
   <w nite:id="ES2011a.C.words41" starttime="184.61" endtime="184.61" punc="true">,</w>
   <w nite:id="ES2011a.C.words42" starttime="184.61" endtime="184.67">I</w>
   <w nite:id="ES2011a.C.words43" starttime="184.67" endtime="184.9">gotta</w>
   <w nite:id="ES2011a.C.words44" starttime="184.9" endtime="185.05">think</w>
   <w nite:id="ES2011a.C.words45" starttime="185.05" endtime="185.27">about</w>
   <w nite:id="ES2011a.C.words46" starttime="185.27" endtime="185.43">it</w>
   <w nite:id="ES2011a.C.words47" starttime="185.43" endtime="185.55">for</w>
   <w nite:id="ES2011a.C.words48" starttime="185.55" endtime="185.6">a</w>
   <w nite:id="ES2011a.C.words49" starttime="185.6" endtime="186.0">second</w>
   <w nite:id="ES2011a.C.words50" starttime="186.0" endtime="186.7">like</w>
   <w nite:id="ES2011a.C.words51" starttime="186.7" endtime="186.7" punc="true">.</w>
   <w nite:id="ES2011a.C.words52" starttime="186.7" endtime="187.68">Uh</w>
   <disfmarker nite:id="ES2011a.C.words53" starttime="187.68" endtime="187.728"/>
   <w nite:id="ES2011a.C.words54" starttime="190.9" endtime="191.06">Does</w>
   <w nite:id="ES2011a.C.words55" starttime="191.06" endtime="191.15">it</w>
   <w nite:id="ES2011a.C.words56" starttime="191.15" endtime="191.32">have</w>
   <w nite:id="ES2011a.C.words57" starttime="191.32" endtime="191.41">to</w>
   <w nite:id="ES2011a.C.words58" starttime="191.41" endtime="192.44">be</w>
   <vocalsound nite:id="ES2011a.C.words59" starttime="192.44" endtime="192.44" type="laugh"/>
   <w nite:id="ES2011a.C.words60" starttime="192.44" endtime="192.92">functional</w>
   <w nite:id="ES2011a.C.words61" starttime="192.92" endtime="192.92" punc="true">,</w>
   <w nite:id="ES2011a.C.words62" starttime="192.92" endtime="193.29">trendy</w>
   <w nite:id="ES2011a.C.words63" starttime="193.29" endtime="193.41">and</w>
   <w nite:id="ES2011a.C.words64" starttime="193.41" endtime="193.67">user</w>
   <w nite:id="ES2011a.C.words65" starttime="193.67" endtime="195.19">friendly</w>
   <w nite:id="ES2011a.C.words66" starttime="195.19" endtime="195.19" punc="true">?</w>
   <vocalsound nite:id="ES2011a.C.words67" starttime="195.19" endtime="195.268" type="laugh"/>
   <w nite:id="ES2011a.C.words68" starttime="196.53" endtime="197.03">Um</w>
   <w nite:id="ES2011a.C.words69" starttime="197.03" endtime="197.03" punc="true">.</w>
   <w nite:id="ES2011a.C.words70" starttime="200.05" endtime="200.28">Okay</w>
   <w nite:id="ES2011a.C.words71" starttime="200.28" endtime="200.28" punc="true">,</w>
   <w nite:id="ES2011a.C.words72" starttime="200.28" endtime="200.39">I&#39;ll</w>
   <w nite:id="ES2011a.C.words73" starttime="200.39" endtime="200.66">draw</w>
   <w nite:id="ES2011a.C.words74" starttime="200.66" endtime="200.66" punc="true">.</w>
   <w nite:id="ES2011a.C.words75" starttime="200.66" endtime="200.76">I&#39;ll</w>
   <w nite:id="ES2011a.C.words76" starttime="200.76" endtime="200.94">draw</w>
   <w nite:id="ES2011a.C.words77" starttime="200.94" endtime="201.2">one</w>
   <w nite:id="ES2011a.C.words78" starttime="201.2" endtime="201.2" punc="true">.</w>
   <w nite:id="ES2011a.C.words79" starttime="203.5" endtime="203.61">Make</w>
   <w nite:id="ES2011a.C.words80" starttime="203.61" endtime="204.31">sure</w>
   <gap nite:id="ES2011a.C.words81" starttime="204.31" endtime="204.31"/>
   <w nite:id="ES2011a.C.words82" starttime="204.31" endtime="204.65">my</w>
   <w nite:id="ES2011a.C.words83" starttime="204.65" endtime="204.92">things</w>
   <w nite:id="ES2011a.C.words84" starttime="204.92" endtime="205.25">here</w>
   <w nite:id="ES2011a.C.words85" starttime="205.25" endtime="205.25" punc="true">.</w>
   <w nite:id="ES2011a.C.words86" starttime="220.69" endtime="220.87">Uh-oh</w>
   <w nite:id="ES2011a.C.words87" starttime="220.87" endtime="220.87" punc="true">.</w>
   <w nite:id="ES2011a.C.words88" starttime="229.48" endtime="229.96">Right</w>
   <w nite:id="ES2011a.C.words89" starttime="229.96" endtime="229.96" punc="true">.</w>
   <w nite:id="ES2011a.C.words90" starttime="239.31" endtime="239.74">Okay</w>
   <w nite:id="ES2011a.C.words91" starttime="239.74" endtime="239.74" punc="true">,</w>
   <w nite:id="ES2011a.C.words92" starttime="239.74" endtime="240.0">my</w>
   <w nite:id="ES2011a.C.words93" starttime="240.0" endtime="240.43">favourite</w>
   <w nite:id="ES2011a.C.words94" starttime="240.43" endtime="240.84">animal</w>
   <w nite:id="ES2011a.C.words95" starttime="240.84" endtime="242.75">is</w>
   <disfmarker nite:id="ES2011a.C.words96" starttime="242.75" endtime="242.75"/>
   <w nite:id="ES2011a.C.words97" starttime="242.75" endtime="243.49">see</w>
   <w nite:id="ES2011a.C.words98" starttime="243.49" endtime="243.49" punc="true">.</w>
   <vocalsound nite:id="ES2011a.C.words99" starttime="247.856" endtime="249.328" type="laugh"/>
   <w nite:id="ES2011a.C.words100" starttime="261.76" endtime="262.14">Oops</w>
   <w nite:id="ES2011a.C.words101" starttime="262.14" endtime="262.14" punc="true">.</w>
   <w nite:id="ES2011a.C.words102" starttime="266.6" endtime="267.19">Yeah</w>
   <w nite:id="ES2011a.C.words103" starttime="267.19" endtime="267.19" punc="true">,</w>
   <w nite:id="ES2011a.C.words104" starttime="267.19" endtime="268.61">it&#39;s</w>
   <vocalsound nite:id="ES2011a.C.words105" starttime="268.61" endtime="268.61" type="laugh"/>
   <disfmarker nite:id="ES2011a.C.words106" starttime="268.61" endtime="268.791"/>
   <vocalsound nite:id="ES2011a.C.words107" starttime="269.587" endtime="269.587" type="other"/>
   <w nite:id="ES2011a.C.words108" starttime="270.31" endtime="270.48">Yeah</w>
   <w nite:id="ES2011a.C.words109" starttime="270.48" endtime="270.48" punc="true">,</w>
   <w nite:id="ES2011a.C.words110" starttime="270.48" endtime="270.55">I</w>
   <w nite:id="ES2011a.C.words111" starttime="270.55" endtime="270.74">guess</w>
   <w nite:id="ES2011a.C.words112" starttime="270.74" endtime="270.81">it</w>
   <w nite:id="ES2011a.C.words113" starttime="270.81" endtime="270.94">has</w>
   <w nite:id="ES2011a.C.words114" starttime="270.94" endtime="271.01">a</w>
   <w nite:id="ES2011a.C.words115" starttime="271.01" endtime="271.29">fin</w>
   <w nite:id="ES2011a.C.words116" starttime="271.29" endtime="271.41">on</w>
   <w nite:id="ES2011a.C.words117" starttime="271.41" endtime="271.72">top</w>
   <w nite:id="ES2011a.C.words118" starttime="271.72" endtime="271.88">too</w>
   <w nite:id="ES2011a.C.words119" starttime="271.88" endtime="271.88" punc="true">,</w>
   <w nite:id="ES2011a.C.words120" starttime="271.88" endtime="272.79">yeah</w>
   <w nite:id="ES2011a.C.words121" starttime="272.79" endtime="272.79" punc="true">.</w>
   <vocalsound nite:id="ES2011a.C.words122" starttime="278.816" endtime="278.816" type="laugh"/>
   <w nite:id="ES2011a.C.words123" starttime="279.83" endtime="280.0">It&#39;s</w>
   <w nite:id="ES2011a.C.words124" starttime="280.0" endtime="280.1">my</w>
   <w nite:id="ES2011a.C.words125" starttime="280.1" endtime="280.44">dolphin</w>
   <w nite:id="ES2011a.C.words126" starttime="280.44" endtime="280.44" punc="true">.</w>
   <w nite:id="ES2011a.C.words127" starttime="284.36" endtime="284.46">I</w>
   <w nite:id="ES2011a.C.words128" starttime="284.46" endtime="284.66">like</w>
   <w nite:id="ES2011a.C.words129" starttime="284.66" endtime="284.85">its</w>
   <w nite:id="ES2011a.C.words130" starttime="284.85" endtime="286.18">tail</w>
   <w nite:id="ES2011a.C.words131" starttime="286.18" endtime="286.18" punc="true">.</w>
   <vocalsound nite:id="ES2011a.C.words132" starttime="286.18" endtime="286.18" type="laugh"/>
   <w nite:id="ES2011a.C.words133" starttime="286.18" endtime="286.58">Um</w>
   <w nite:id="ES2011a.C.words134" starttime="286.58" endtime="286.58" punc="true">,</w>
   <w nite:id="ES2011a.C.words135" starttime="286.58" endtime="286.73">no</w>
   <w nite:id="ES2011a.C.words136" starttime="286.73" endtime="286.73" punc="true">,</w>
   <w nite:id="ES2011a.C.words137" starttime="286.73" endtime="286.9">I</w>
   <w nite:id="ES2011a.C.words138" starttime="286.9" endtime="287.3">think</w>
   <w nite:id="ES2011a.C.words139" starttime="287.3" endtime="287.67">dolphins</w>
   <w nite:id="ES2011a.C.words140" starttime="287.67" endtime="287.75">are</w>
   <w nite:id="ES2011a.C.words141" starttime="287.75" endtime="288.99">really</w>
   <w nite:id="ES2011a.C.words142" starttime="288.99" endtime="290.32">uh</w>
   <disfmarker nite:id="ES2011a.C.words143" starttime="290.32" endtime="290.32"/>
   <w nite:id="ES2011a.C.words144" starttime="290.32" endtime="290.41">I</w>
   <w nite:id="ES2011a.C.words145" starttime="290.41" endtime="290.6">dunno</w>
   <w nite:id="ES2011a.C.words146" starttime="290.6" endtime="290.6" punc="true">,</w>
   <w nite:id="ES2011a.C.words147" starttime="290.6" endtime="290.76">they&#39;re</w>
   <w nite:id="ES2011a.C.words148" starttime="290.76" endtime="291.26">smart</w>
   <w nite:id="ES2011a.C.words149" starttime="291.26" endtime="292.06">and</w>
   <w nite:id="ES2011a.C.words150" starttime="292.06" endtime="292.97">they</w>
   <w nite:id="ES2011a.C.words151" starttime="292.97" endtime="293.71">they&#39;re</w>
   <w nite:id="ES2011a.C.words152" starttime="293.71" endtime="294.94">cute</w>
   <w nite:id="ES2011a.C.words153" starttime="294.94" endtime="296.74">and</w>
   <w nite:id="ES2011a.C.words154" starttime="296.74" endtime="296.87">they</w>
   <w nite:id="ES2011a.C.words155" starttime="296.87" endtime="297.13">like</w>
   <w nite:id="ES2011a.C.words156" starttime="297.13" endtime="297.61">swimming</w>
   <w nite:id="ES2011a.C.words157" starttime="297.61" endtime="297.74">and</w>
   <w nite:id="ES2011a.C.words158" starttime="297.74" endtime="297.95">that&#39;s</w>
   <w nite:id="ES2011a.C.words159" starttime="297.95" endtime="298.39">cool</w>
   <w nite:id="ES2011a.C.words160" starttime="298.39" endtime="298.39" punc="true">,</w>
   <w nite:id="ES2011a.C.words161" starttime="298.39" endtime="299.44">like</w>
   <disfmarker nite:id="ES2011a.C.words162" starttime="299.44" endtime="299.44"/>
   <w nite:id="ES2011a.C.words163" starttime="299.44" endtime="299.6">they&#39;re</w>
   <w nite:id="ES2011a.C.words164" starttime="299.6" endtime="300.04">graceful</w>
   <w nite:id="ES2011a.C.words165" starttime="300.04" endtime="300.42">yeah</w>
   <w nite:id="ES2011a.C.words166" starttime="300.42" endtime="300.42" punc="true">,</w>
   <w nite:id="ES2011a.C.words167" starttime="300.42" endtime="300.53">and</w>
   <w nite:id="ES2011a.C.words168" starttime="300.53" endtime="300.7">they&#39;re</w>
   <w nite:id="ES2011a.C.words169" starttime="300.7" endtime="301.18">so</w>
   <disfmarker nite:id="ES2011a.C.words170" starttime="301.18" endtime="301.248"/>
   <vocalsound nite:id="ES2011a.C.words171" starttime="303.163" endtime="303.163" type="other"/>
   <w nite:id="ES2011a.C.words172" starttime="303.57" endtime="303.79">Yeah</w>
   <w nite:id="ES2011a.C.words173" starttime="303.79" endtime="303.93">they&#39;re</w>
   <w nite:id="ES2011a.C.words174" starttime="303.93" endtime="304.25">sleek</w>
   <w nite:id="ES2011a.C.words175" starttime="304.25" endtime="304.35">and</w>
   <w nite:id="ES2011a.C.words176" starttime="304.35" endtime="304.43">they</w>
   <w nite:id="ES2011a.C.words177" starttime="304.43" endtime="304.62">look</w>
   <w nite:id="ES2011a.C.words178" starttime="304.62" endtime="305.41">intelligent</w>
   <w nite:id="ES2011a.C.words179" starttime="305.41" endtime="306.17">and</w>
   <w nite:id="ES2011a.C.words180" starttime="306.17" endtime="306.28">I</w>
   <w nite:id="ES2011a.C.words181" starttime="306.28" endtime="306.45">don&#39;t</w>
   <w nite:id="ES2011a.C.words182" starttime="306.45" endtime="306.83">know</w>
   <w nite:id="ES2011a.C.words183" starttime="306.83" endtime="306.83" punc="true">,</w>
   <w nite:id="ES2011a.C.words184" starttime="306.83" endtime="307.59">they&#39;re</w>
   <disfmarker nite:id="ES2011a.C.words185" starttime="307.59" endtime="307.59"/>
   <w nite:id="ES2011a.C.words186" starttime="307.59" endtime="307.85">I</w>
   <w nite:id="ES2011a.C.words187" starttime="307.85" endtime="308.03">guess</w>
   <w nite:id="ES2011a.C.words188" starttime="308.03" endtime="308.17">it&#39;s</w>
   <w nite:id="ES2011a.C.words189" starttime="308.17" endtime="308.28">the</w>
   <w nite:id="ES2011a.C.words190" starttime="308.28" endtime="308.45">whole</w>
   <w nite:id="ES2011a.C.words191" starttime="308.45" endtime="308.69">like</w>
   <w nite:id="ES2011a.C.words192" starttime="308.69" endtime="309.76">binocular</w>
   <w nite:id="ES2011a.C.words193" starttime="309.76" endtime="310.06">vision</w>
   <w nite:id="ES2011a.C.words194" starttime="310.06" endtime="310.31">thing</w>
   <w nite:id="ES2011a.C.words195" starttime="310.31" endtime="310.31" punc="true">.</w>
   <w nite:id="ES2011a.C.words196" starttime="311.39" endtime="311.7">Yeah</w>
   <w nite:id="ES2011a.C.words197" starttime="311.7" endtime="311.96">he</w>
   <w nite:id="ES2011a.C.words198" starttime="311.96" endtime="312.07">he</w>
   <w nite:id="ES2011a.C.words199" starttime="312.07" endtime="312.31">doesn&#39;t</w>
   <w nite:id="ES2011a.C.words200" starttime="312.31" endtime="312.54">look</w>
   <w nite:id="ES2011a.C.words201" starttime="312.54" endtime="312.67">that</w>
   <w nite:id="ES2011a.C.words202" starttime="312.67" endtime="314.42">smart</w>
   <vocalsound nite:id="ES2011a.C.words203" starttime="314.42" endtime="314.42" type="laugh"/>
   <w nite:id="ES2011a.C.words204" starttime="314.42" endtime="314.42" punc="true">.</w>
   <w nite:id="ES2011a.C.words205" starttime="314.42" endtime="314.67">He&#39;s</w>
   <w nite:id="ES2011a.C.words206" starttime="314.67" endtime="316.07">a</w>
   <disfmarker nite:id="ES2011a.C.words207" starttime="316.07" endtime="316.07"/>
   <vocalsound nite:id="ES2011a.C.words208" starttime="316.07" endtime="316.07" type="other"/>
   <w nite:id="ES2011a.C.words209" starttime="316.07" endtime="316.14">I</w>
   <w nite:id="ES2011a.C.words210" starttime="316.14" endtime="316.75">dunno</w>
   <w nite:id="ES2011a.C.words211" starttime="316.75" endtime="317.61">um</w>
   <w nite:id="ES2011a.C.words212" starttime="317.61" endtime="318.81">they&#39;re</w>
   <disfmarker nite:id="ES2011a.C.words213" starttime="318.81" endtime="318.81"/>
   <w nite:id="ES2011a.C.words214" starttime="318.81" endtime="318.91">I</w>
   <w nite:id="ES2011a.C.words215" starttime="318.91" endtime="319.09">think</w>
   <w nite:id="ES2011a.C.words216" starttime="319.09" endtime="319.27">it&#39;s</w>
   <w nite:id="ES2011a.C.words217" starttime="319.27" endtime="319.57">cool</w>
   <w nite:id="ES2011a.C.words218" starttime="319.57" endtime="320.36">the</w>
   <w nite:id="ES2011a.C.words219" starttime="320.36" endtime="320.57">the</w>
   <w nite:id="ES2011a.C.words220" starttime="320.57" endtime="321.97">um</w>
   <vocalsound nite:id="ES2011a.C.words221" starttime="321.97" endtime="321.97" type="other"/>
   <w nite:id="ES2011a.C.words222" starttime="321.97" endtime="322.23">the</w>
   <w nite:id="ES2011a.C.words223" starttime="322.23" endtime="322.76">interaction</w>
   <w nite:id="ES2011a.C.words224" starttime="322.76" endtime="323.15">that</w>
   <w nite:id="ES2011a.C.words225" starttime="323.15" endtime="323.29">or</w>
   <w nite:id="ES2011a.C.words226" starttime="323.29" endtime="323.61">the</w>
   <w nite:id="ES2011a.C.words227" starttime="323.61" endtime="323.65" trunc="true">th</w>
   <w nite:id="ES2011a.C.words228" starttime="323.65" endtime="323.9">things</w>
   <w nite:id="ES2011a.C.words229" starttime="323.9" endtime="324.01">that</w>
   <disfmarker nite:id="ES2011a.C.words230" starttime="324.01" endtime="324.01"/>
   <w nite:id="ES2011a.C.words231" starttime="324.01" endtime="324.08">the</w>
   <w nite:id="ES2011a.C.words232" starttime="324.08" endtime="324.94">reasons</w>
   <w nite:id="ES2011a.C.words233" starttime="324.94" endtime="325.19">people</w>
   <w nite:id="ES2011a.C.words234" starttime="325.19" endtime="325.36">seem</w>
   <w nite:id="ES2011a.C.words235" starttime="325.36" endtime="325.5">to</w>
   <w nite:id="ES2011a.C.words236" starttime="325.5" endtime="325.89">like</w>
   <w nite:id="ES2011a.C.words237" starttime="325.89" endtime="326.01">you</w>
   <w nite:id="ES2011a.C.words238" starttime="326.01" endtime="326.97">know</w>
   <disfmarker nite:id="ES2011a.C.words239" starttime="326.97" endtime="326.97"/>
   <w nite:id="ES2011a.C.words240" starttime="326.97" endtime="327.09">you</w>
   <w nite:id="ES2011a.C.words241" starttime="327.09" endtime="327.21">get</w>
   <w nite:id="ES2011a.C.words242" starttime="327.21" endtime="327.39" trunc="true">ex</w>
   <w nite:id="ES2011a.C.words243" starttime="327.39" endtime="327.53">you</w>
   <w nite:id="ES2011a.C.words244" starttime="327.53" endtime="327.68">know</w>
   <w nite:id="ES2011a.C.words245" starttime="327.68" endtime="327.95">people</w>
   <w nite:id="ES2011a.C.words246" starttime="327.95" endtime="328.02">are</w>
   <w nite:id="ES2011a.C.words247" starttime="328.02" endtime="328.21">sitting</w>
   <w nite:id="ES2011a.C.words248" starttime="328.21" endtime="328.28">on</w>
   <w nite:id="ES2011a.C.words249" starttime="328.28" endtime="328.36">the</w>
   <w nite:id="ES2011a.C.words250" starttime="328.36" endtime="328.66">beach</w>
   <w nite:id="ES2011a.C.words251" starttime="328.66" endtime="328.77">and</w>
   <w nite:id="ES2011a.C.words252" starttime="328.77" endtime="328.89" trunc="true">p</w>
   <w nite:id="ES2011a.C.words253" starttime="328.89" endtime="329.16">they&#39;re</w>
   <w nite:id="ES2011a.C.words254" starttime="329.16" endtime="329.36">like</w>
   <w nite:id="ES2011a.C.words255" starttime="329.36" endtime="329.65">oh</w>
   <w nite:id="ES2011a.C.words256" starttime="329.65" endtime="329.85">look</w>
   <w nite:id="ES2011a.C.words257" starttime="329.85" endtime="330.02">there&#39;s</w>
   <w nite:id="ES2011a.C.words258" starttime="330.02" endtime="330.75">dolphins</w>
   <w nite:id="ES2011a.C.words259" starttime="330.75" endtime="330.87">and</w>
   <w nite:id="ES2011a.C.words260" starttime="330.87" endtime="330.96">it&#39;s</w>
   <w nite:id="ES2011a.C.words261" starttime="330.96" endtime="331.18">kinda</w>
   <w nite:id="ES2011a.C.words262" starttime="331.18" endtime="332.09">like</w>
   <vocalsound nite:id="ES2011a.C.words263" starttime="332.09" endtime="332.09" type="laugh"/>
   <disfmarker nite:id="ES2011a.C.words264" starttime="332.09" endtime="332.09"/>
   <w nite:id="ES2011a.C.words265" starttime="332.09" endtime="332.33">but</w>
   <w nite:id="ES2011a.C.words266" starttime="332.33" endtime="332.75">they&#39;re</w>
   <w nite:id="ES2011a.C.words267" starttime="332.75" endtime="332.83">you</w>
   <w nite:id="ES2011a.C.words268" starttime="332.83" endtime="332.94">know</w>
   <w nite:id="ES2011a.C.words269" starttime="332.94" endtime="333.04">they</w>
   <w nite:id="ES2011a.C.words270" starttime="333.04" endtime="333.28">jump</w>
   <w nite:id="ES2011a.C.words271" starttime="333.28" endtime="334.0">around</w>
   <w nite:id="ES2011a.C.words272" starttime="334.0" endtime="334.06">in</w>
   <w nite:id="ES2011a.C.words273" starttime="334.06" endtime="334.15">the</w>
   <w nite:id="ES2011a.C.words274" starttime="334.15" endtime="334.43">water</w>
   <w nite:id="ES2011a.C.words275" starttime="334.43" endtime="334.54">and</w>
   <w nite:id="ES2011a.C.words276" starttime="334.54" endtime="334.69">they&#39;re</w>
   <w nite:id="ES2011a.C.words277" starttime="334.69" endtime="335.16">happy</w>
   <w nite:id="ES2011a.C.words278" starttime="335.16" endtime="337.88">and</w>
   <w nite:id="ES2011a.C.words279" starttime="337.88" endtime="338.01">they&#39;re</w>
   <w nite:id="ES2011a.C.words280" starttime="338.01" endtime="338.64">mammals</w>
   <w nite:id="ES2011a.C.words281" starttime="338.64" endtime="338.64" punc="true">,</w>
   <w nite:id="ES2011a.C.words282" starttime="338.64" endtime="338.86">but</w>
   <w nite:id="ES2011a.C.words283" starttime="338.86" endtime="339.67">they</w>
   <w nite:id="ES2011a.C.words284" starttime="339.67" endtime="340.88">swim</w>
   <w nite:id="ES2011a.C.words285" starttime="340.88" endtime="340.88" punc="true">.</w>
   <gap nite:id="ES2011a.C.words286" starttime="340.88" endtime="340.88"/>
   <vocalsound nite:id="ES2011a.C.words287" starttime="340.88" endtime="341.232" type="laugh"/>
   <vocalsound nite:id="ES2011a.C.words288" starttime="348.835" endtime="349.425" type="laugh"/>
   <vocalsound nite:id="ES2011a.C.words289" starttime="379.924" endtime="380.522" type="other"/>
   <vocalsound nite:id="ES2011a.C.words290" starttime="398.736" endtime="399.248" type="laugh"/>
   <w nite:id="ES2011a.C.words291" starttime="408.26" endtime="408.47">And</w>
   <w nite:id="ES2011a.C.words292" starttime="408.47" endtime="408.54">the</w>
   <w nite:id="ES2011a.C.words293" starttime="408.54" endtime="408.88">pen&#39;s</w>
   <w nite:id="ES2011a.C.words294" starttime="408.88" endtime="410.71">dying</w>
   <vocalsound nite:id="ES2011a.C.words295" starttime="410.71" endtime="410.71" type="laugh"/>
   <w nite:id="ES2011a.C.words296" starttime="410.71" endtime="410.71" punc="true">.</w>
   <w nite:id="ES2011a.C.words297" starttime="414.39" endtime="415.17">Horse</w>
   <w nite:id="ES2011a.C.words298" starttime="415.17" endtime="415.17" punc="true">.</w>
   <w nite:id="ES2011a.C.words299" starttime="502.1" endtime="502.25">And</w>
   <w nite:id="ES2011a.C.words300" starttime="502.25" endtime="502.67">furry</w>
   <w nite:id="ES2011a.C.words301" starttime="502.67" endtime="502.67" punc="true">.</w>
   <w nite:id="ES2011a.C.words302" starttime="505.36" endtime="506.14">Textile</w>
   <disfmarker nite:id="ES2011a.C.words303" starttime="506.14" endtime="506.14"/>
   <w nite:id="ES2011a.C.words304" starttime="506.14" endtime="507.44">tactile</w>
   <w nite:id="ES2011a.C.words305" starttime="507.44" endtime="507.44" punc="true">,</w>
   <vocalsound nite:id="ES2011a.C.words306" starttime="507.44" endtime="507.44" type="laugh"/>
   <w nite:id="ES2011a.C.words307" starttime="507.44" endtime="508.28">tactile</w>
   <w nite:id="ES2011a.C.words308" starttime="508.28" endtime="508.54">remote</w>
   <w nite:id="ES2011a.C.words309" starttime="508.54" endtime="508.83">control</w>
   <w nite:id="ES2011a.C.words310" starttime="508.83" endtime="508.83" punc="true">.</w>
   <w nite:id="ES2011a.C.words311" starttime="515.09" endtime="515.2">You&#39;re</w>
   <w nite:id="ES2011a.C.words312" starttime="515.2" endtime="515.72">dragging</w>
   <w nite:id="ES2011a.C.words313" starttime="515.72" endtime="516.31">a</w>
   <disfmarker nite:id="ES2011a.C.words314" starttime="516.31" endtime="516.31"/>
   <w nite:id="ES2011a.C.words315" starttime="516.31" endtime="516.51">you</w>
   <w nite:id="ES2011a.C.words316" starttime="516.51" endtime="516.65">have</w>
   <w nite:id="ES2011a.C.words317" starttime="516.65" endtime="516.7">a</w>
   <w nite:id="ES2011a.C.words318" starttime="516.7" endtime="520.35">tail</w>
   <vocalsound nite:id="ES2011a.C.words319" starttime="520.35" endtime="520.35" type="laugh"/>
   <w nite:id="ES2011a.C.words320" starttime="520.35" endtime="520.35" punc="true">.</w>
   <w nite:id="ES2011a.C.words321" starttime="551.61" endtime="551.85">Sorry</w>
   <w nite:id="ES2011a.C.words322" starttime="551.85" endtime="552.0">can</w>
   <w nite:id="ES2011a.C.words323" starttime="552.0" endtime="552.12">you</w>
   <w nite:id="ES2011a.C.words324" starttime="552.12" endtime="552.26">just</w>
   <w nite:id="ES2011a.C.words325" starttime="552.26" endtime="552.41">say</w>
   <w nite:id="ES2011a.C.words326" starttime="552.41" endtime="552.69">that</w>
   <disfmarker nite:id="ES2011a.C.words327" starttime="552.69" endtime="552.69"/>
   <w nite:id="ES2011a.C.words328" starttime="552.69" endtime="553.03">what&#39;s</w>
   <w nite:id="ES2011a.C.words329" starttime="553.03" endtime="553.82">the</w>
   <disfmarker nite:id="ES2011a.C.words330" starttime="553.82" endtime="553.82"/>
   <w nite:id="ES2011a.C.words331" starttime="553.82" endtime="553.94">what</w>
   <w nite:id="ES2011a.C.words332" starttime="553.94" endtime="553.98">are</w>
   <w nite:id="ES2011a.C.words333" starttime="553.98" endtime="554.09">our</w>
   <w nite:id="ES2011a.C.words334" starttime="554.09" endtime="554.4">price</w>
   <w nite:id="ES2011a.C.words335" starttime="554.4" endtime="554.64">goals</w>
   <w nite:id="ES2011a.C.words336" starttime="554.64" endtime="554.93">again</w>
   <w nite:id="ES2011a.C.words337" starttime="554.93" endtime="554.93" punc="true">?</w>
   <w nite:id="ES2011a.C.words338" starttime="557.6" endtime="558.2">Okay</w>
   <w nite:id="ES2011a.C.words339" starttime="558.2" endtime="558.2" punc="true">.</w>
   <w nite:id="ES2011a.C.words340" starttime="658.36" endtime="658.47">I</w>
   <w nite:id="ES2011a.C.words341" starttime="658.47" endtime="658.61">was</w>
   <w nite:id="ES2011a.C.words342" starttime="658.61" endtime="658.9">thinking</w>
   <w nite:id="ES2011a.C.words343" starttime="658.9" endtime="659.11">that</w>
   <w nite:id="ES2011a.C.words344" starttime="659.11" endtime="659.66">too</w>
   <w nite:id="ES2011a.C.words345" starttime="659.66" endtime="659.66" punc="true">.</w>
   <w nite:id="ES2011a.C.words346" starttime="659.66" endtime="659.77">I</w>
   <w nite:id="ES2011a.C.words347" starttime="659.77" endtime="660.07">think</w>
   <w nite:id="ES2011a.C.words348" starttime="660.07" endtime="660.17">we</w>
   <w nite:id="ES2011a.C.words349" starttime="660.17" endtime="660.31">should</w>
   <w nite:id="ES2011a.C.words350" starttime="660.31" endtime="660.65">design</w>
   <w nite:id="ES2011a.C.words351" starttime="660.65" endtime="660.98">something</w>
   <w nite:id="ES2011a.C.words352" starttime="660.98" endtime="661.13">that</w>
   <w nite:id="ES2011a.C.words353" starttime="661.13" endtime="661.33">has</w>
   <w nite:id="ES2011a.C.words354" starttime="661.33" endtime="661.53">like</w>
   <w nite:id="ES2011a.C.words355" starttime="661.53" endtime="662.28">a</w>
   <disfmarker nite:id="ES2011a.C.words356" starttime="662.28" endtime="662.28"/>
   <w nite:id="ES2011a.C.words357" starttime="662.28" endtime="662.42">so</w>
   <w nite:id="ES2011a.C.words358" starttime="662.42" endtime="662.52">you</w>
   <w nite:id="ES2011a.C.words359" starttime="662.52" endtime="663.44">can</w>
   <disfmarker nite:id="ES2011a.C.words360" starttime="663.44" endtime="663.44"/>
   <w nite:id="ES2011a.C.words361" starttime="663.44" endtime="663.56">like</w>
   <w nite:id="ES2011a.C.words362" starttime="663.56" endtime="663.84">somehow</w>
   <w nite:id="ES2011a.C.words363" starttime="663.84" endtime="664.33">like</w>
   <w nite:id="ES2011a.C.words364" starttime="664.33" endtime="664.54">you</w>
   <disfmarker nite:id="ES2011a.C.words365" starttime="664.54" endtime="664.54"/>
   <w nite:id="ES2011a.C.words366" starttime="664.54" endtime="664.59">I</w>
   <w nite:id="ES2011a.C.words367" starttime="664.59" endtime="664.71">mean</w>
   <w nite:id="ES2011a.C.words368" starttime="664.71" endtime="664.78">you</w>
   <w nite:id="ES2011a.C.words369" starttime="664.78" endtime="664.97">always</w>
   <w nite:id="ES2011a.C.words370" starttime="664.97" endtime="665.07">know</w>
   <w nite:id="ES2011a.C.words371" starttime="665.07" endtime="665.19">where</w>
   <w nite:id="ES2011a.C.words372" starttime="665.19" endtime="665.32">your</w>
   <w nite:id="ES2011a.C.words373" starttime="665.32" endtime="665.69">T_V_</w>
   <w nite:id="ES2011a.C.words374" starttime="665.69" endtime="666.16">is</w>
   <w nite:id="ES2011a.C.words375" starttime="666.16" endtime="666.16" punc="true">,</w>
   <w nite:id="ES2011a.C.words376" starttime="666.16" endtime="666.28">so</w>
   <w nite:id="ES2011a.C.words377" starttime="666.28" endtime="666.44">just</w>
   <w nite:id="ES2011a.C.words378" starttime="666.44" endtime="666.57">have</w>
   <w nite:id="ES2011a.C.words379" starttime="666.57" endtime="666.6">a</w>
   <w nite:id="ES2011a.C.words380" starttime="666.6" endtime="666.97">call</w>
   <w nite:id="ES2011a.C.words381" starttime="666.97" endtime="667.22">button</w>
   <w nite:id="ES2011a.C.words382" starttime="667.22" endtime="667.22" punc="true">,</w>
   <w nite:id="ES2011a.C.words383" starttime="667.22" endtime="667.35">I&#39;ve</w>
   <w nite:id="ES2011a.C.words384" starttime="667.35" endtime="667.61">always</w>
   <w nite:id="ES2011a.C.words385" starttime="667.61" endtime="667.85">wanted</w>
   <w nite:id="ES2011a.C.words386" starttime="667.85" endtime="668.1">that</w>
   <w nite:id="ES2011a.C.words387" starttime="668.1" endtime="668.1" punc="true">,</w>
   <w nite:id="ES2011a.C.words388" starttime="668.1" endtime="668.37">so</w>
   <w nite:id="ES2011a.C.words389" starttime="668.37" endtime="668.82">like</w>
   <vocalsound nite:id="ES2011a.C.words390" starttime="668.82" endtime="668.82" type="laugh"/>
   <w nite:id="ES2011a.C.words391" starttime="668.82" endtime="668.88">you</w>
   <w nite:id="ES2011a.C.words392" starttime="668.88" endtime="669.03">can</w>
   <w nite:id="ES2011a.C.words393" starttime="669.03" endtime="669.24">push</w>
   <w nite:id="ES2011a.C.words394" starttime="669.24" endtime="669.32">a</w>
   <w nite:id="ES2011a.C.words395" starttime="669.32" endtime="669.58">button</w>
   <w nite:id="ES2011a.C.words396" starttime="669.58" endtime="669.68">on</w>
   <w nite:id="ES2011a.C.words397" starttime="669.68" endtime="669.81">your</w>
   <w nite:id="ES2011a.C.words398" starttime="669.81" endtime="670.63">T_V_</w>
   <disfmarker nite:id="ES2011a.C.words399" starttime="670.63" endtime="670.63"/>
   <w nite:id="ES2011a.C.words400" starttime="670.63" endtime="671.37">Yeah</w>
   <w nite:id="ES2011a.C.words401" starttime="671.37" endtime="671.37" punc="true">,</w>
   <w nite:id="ES2011a.C.words402" starttime="671.37" endtime="671.75">yeah</w>
   <w nite:id="ES2011a.C.words403" starttime="671.75" endtime="671.95">yeah</w>
   <w nite:id="ES2011a.C.words404" starttime="671.95" endtime="672.12">yeah</w>
   <w nite:id="ES2011a.C.words405" starttime="672.12" endtime="672.12" punc="true">,</w>
   <w nite:id="ES2011a.C.words406" starttime="672.12" endtime="672.23">so</w>
   <w nite:id="ES2011a.C.words407" starttime="672.23" endtime="672.29">you</w>
   <w nite:id="ES2011a.C.words408" starttime="672.29" endtime="672.41">should</w>
   <w nite:id="ES2011a.C.words409" starttime="672.41" endtime="672.58">have</w>
   <w nite:id="ES2011a.C.words410" starttime="672.58" endtime="672.88">a</w>
   <w nite:id="ES2011a.C.words411" starttime="672.88" endtime="673.15">call</w>
   <w nite:id="ES2011a.C.words412" starttime="673.15" endtime="673.42">button</w>
   <w nite:id="ES2011a.C.words413" starttime="673.42" endtime="673.57">on</w>
   <w nite:id="ES2011a.C.words414" starttime="673.57" endtime="673.68">your</w>
   <w nite:id="ES2011a.C.words415" starttime="673.68" endtime="674.57">television</w>
   <w nite:id="ES2011a.C.words416" starttime="674.57" endtime="674.67">to</w>
   <w nite:id="ES2011a.C.words417" starttime="674.67" endtime="674.73">be</w>
   <w nite:id="ES2011a.C.words418" starttime="674.73" endtime="674.88">able</w>
   <w nite:id="ES2011a.C.words419" starttime="674.88" endtime="674.98">to</w>
   <w nite:id="ES2011a.C.words420" starttime="674.98" endtime="675.3">find</w>
   <w nite:id="ES2011a.C.words421" starttime="675.3" endtime="675.39">your</w>
   <w nite:id="ES2011a.C.words422" starttime="675.39" endtime="675.64">remote</w>
   <w nite:id="ES2011a.C.words423" starttime="675.64" endtime="676.09">control</w>
   <w nite:id="ES2011a.C.words424" starttime="676.09" endtime="676.09" punc="true">.</w>
   <w nite:id="ES2011a.C.words425" starttime="687.41" endtime="688.06">Yeah</w>
   <w nite:id="ES2011a.C.words426" starttime="688.06" endtime="688.06" punc="true">.</w>
   <w nite:id="ES2011a.C.words427" starttime="688.06" endtime="688.37">Yeah</w>
   <w nite:id="ES2011a.C.words428" starttime="688.37" endtime="688.37" punc="true">.</w>
   <w nite:id="ES2011a.C.words429" starttime="692.38" endtime="693.94">Yeah</w>
   <w nite:id="ES2011a.C.words430" starttime="693.94" endtime="693.94" punc="true">.</w>
   <w nite:id="ES2011a.C.words431" starttime="693.94" endtime="694.06">I</w>
   <w nite:id="ES2011a.C.words432" starttime="694.06" endtime="694.31">don&#39;t</w>
   <disfmarker nite:id="ES2011a.C.words433" starttime="694.31" endtime="694.31"/>
   <w nite:id="ES2011a.C.words434" starttime="694.31" endtime="694.55">yeah</w>
   <w nite:id="ES2011a.C.words435" starttime="694.55" endtime="694.62">I</w>
   <w nite:id="ES2011a.C.words436" starttime="694.62" endtime="694.98">mean</w>
   <w nite:id="ES2011a.C.words437" starttime="694.98" endtime="697.21">it</w>
   <disfmarker nite:id="ES2011a.C.words438" starttime="697.21" endtime="697.21"/>
   <w nite:id="ES2011a.C.words439" starttime="697.21" endtime="697.42">but</w>
   <w nite:id="ES2011a.C.words440" starttime="697.42" endtime="697.67">like</w>
   <w nite:id="ES2011a.C.words441" starttime="697.67" endtime="697.72">I</w>
   <w nite:id="ES2011a.C.words442" starttime="697.72" endtime="699.13">mean</w>
   <disfmarker nite:id="ES2011a.C.words443" starttime="699.13" endtime="699.13"/>
   <w nite:id="ES2011a.C.words444" starttime="699.13" endtime="699.42">just</w>
   <w nite:id="ES2011a.C.words445" starttime="699.42" endtime="699.48">I</w>
   <w nite:id="ES2011a.C.words446" starttime="699.48" endtime="699.67">mean</w>
   <w nite:id="ES2011a.C.words447" starttime="699.67" endtime="699.83">like</w>
   <w nite:id="ES2011a.C.words448" starttime="699.83" endtime="699.96">your</w>
   <w nite:id="ES2011a.C.words449" starttime="699.96" endtime="700.39">phone</w>
   <w nite:id="ES2011a.C.words450" starttime="700.39" endtime="700.6">even</w>
   <w nite:id="ES2011a.C.words451" starttime="700.6" endtime="700.81">just</w>
   <w nite:id="ES2011a.C.words452" starttime="700.81" endtime="700.97">has</w>
   <w nite:id="ES2011a.C.words453" starttime="700.97" endtime="701.29">so</w>
   <disfmarker nite:id="ES2011a.C.words454" starttime="701.29" endtime="701.29"/>
   <w nite:id="ES2011a.C.words455" starttime="701.29" endtime="701.57">like</w>
   <w nite:id="ES2011a.C.words456" starttime="701.57" endtime="701.73">it</w>
   <w nite:id="ES2011a.C.words457" starttime="701.73" endtime="701.89">can</w>
   <w nite:id="ES2011a.C.words458" starttime="701.89" endtime="702.47">vibrate</w>
   <w nite:id="ES2011a.C.words459" starttime="702.47" endtime="702.47" punc="true">,</w>
   <w nite:id="ES2011a.C.words460" starttime="702.47" endtime="702.62">it</w>
   <w nite:id="ES2011a.C.words461" starttime="702.62" endtime="703.28">can</w>
   <w nite:id="ES2011a.C.words462" starttime="703.28" endtime="703.54">light</w>
   <w nite:id="ES2011a.C.words463" starttime="703.54" endtime="703.8">up</w>
   <w nite:id="ES2011a.C.words464" starttime="703.8" endtime="704.22">and</w>
   <w nite:id="ES2011a.C.words465" starttime="704.22" endtime="704.51">make</w>
   <w nite:id="ES2011a.C.words466" starttime="704.51" endtime="704.87">noise</w>
   <w nite:id="ES2011a.C.words467" starttime="704.87" endtime="705.21">and</w>
   <w nite:id="ES2011a.C.words468" starttime="705.21" endtime="705.35">I</w>
   <w nite:id="ES2011a.C.words469" starttime="705.35" endtime="705.68">dunno</w>
   <vocalsound nite:id="ES2011a.C.words470" starttime="705.68" endtime="705.68" type="laugh"/>
   <w nite:id="ES2011a.C.words471" starttime="705.68" endtime="705.68" punc="true">.</w>
   <w nite:id="ES2011a.C.words472" starttime="724.86" endtime="725.85">Yeah</w>
   <w nite:id="ES2011a.C.words473" starttime="725.85" endtime="725.85" punc="true">.</w>
   <w nite:id="ES2011a.C.words474" starttime="725.85" endtime="726.22">Yeah</w>
   <w nite:id="ES2011a.C.words475" starttime="726.22" endtime="726.22" punc="true">,</w>
   <w nite:id="ES2011a.C.words476" starttime="726.22" endtime="726.25">or</w>
   <w nite:id="ES2011a.C.words477" starttime="726.25" endtime="726.37">if</w>
   <w nite:id="ES2011a.C.words478" starttime="726.37" endtime="726.49">it</w>
   <w nite:id="ES2011a.C.words479" starttime="726.49" endtime="726.68">had</w>
   <w nite:id="ES2011a.C.words480" starttime="726.68" endtime="727.46">a</w>
   <disfmarker nite:id="ES2011a.C.words481" starttime="727.46" endtime="727.46"/>
   <w nite:id="ES2011a.C.words482" starttime="727.46" endtime="728.15">yeah</w>
   <w nite:id="ES2011a.C.words483" starttime="728.15" endtime="728.15" punc="true">.</w>
   <w nite:id="ES2011a.C.words484" starttime="731.8" endtime="732.25">Yeah</w>
   <w nite:id="ES2011a.C.words485" starttime="732.25" endtime="732.25" punc="true">,</w>
   <w nite:id="ES2011a.C.words486" starttime="732.25" endtime="732.32">I</w>
   <w nite:id="ES2011a.C.words487" starttime="732.32" endtime="732.61">mean</w>
   <disfmarker nite:id="ES2011a.C.words488" starttime="732.61" endtime="732.64"/>
   <w nite:id="ES2011a.C.words489" starttime="737.84" endtime="738.37">Yeah</w>
   <w nite:id="ES2011a.C.words490" starttime="738.37" endtime="738.37" punc="true">.</w>
   <w nite:id="ES2011a.C.words491" starttime="739.79" endtime="740.53">Yeah</w>
   <w nite:id="ES2011a.C.words492" starttime="740.53" endtime="740.53" punc="true">,</w>
   <w nite:id="ES2011a.C.words493" starttime="740.53" endtime="740.81">in</w>
   <w nite:id="ES2011a.C.words494" starttime="740.81" endtime="740.95">in</w>
   <w nite:id="ES2011a.C.words495" starttime="740.95" endtime="741.05">the</w>
   <w nite:id="ES2011a.C.words496" starttime="741.05" endtime="742.47">couch</w>
   <vocalsound nite:id="ES2011a.C.words497" starttime="742.47" endtime="742.47" type="laugh"/>
   <w nite:id="ES2011a.C.words498" starttime="742.47" endtime="742.47" punc="true">.</w>
   <w nite:id="ES2011a.C.words499" starttime="742.47" endtime="742.55">I</w>
   <w nite:id="ES2011a.C.words500" starttime="742.55" endtime="743.3">dunno</w>
   <w nite:id="ES2011a.C.words501" starttime="743.3" endtime="743.3" punc="true">,</w>
   <w nite:id="ES2011a.C.words502" starttime="743.3" endtime="743.4">it</w>
   <w nite:id="ES2011a.C.words503" starttime="743.4" endtime="743.6">seems</w>
   <w nite:id="ES2011a.C.words504" starttime="743.6" endtime="743.73">like</w>
   <w nite:id="ES2011a.C.words505" starttime="743.73" endtime="743.89">though</w>
   <w nite:id="ES2011a.C.words506" starttime="743.89" endtime="744.25">that</w>
   <w nite:id="ES2011a.C.words507" starttime="744.25" endtime="744.4">that</w>
   <w nite:id="ES2011a.C.words508" starttime="744.4" endtime="744.49">would</w>
   <w nite:id="ES2011a.C.words509" starttime="744.49" endtime="744.56">be</w>
   <w nite:id="ES2011a.C.words510" starttime="744.56" endtime="744.92">hard</w>
   <w nite:id="ES2011a.C.words511" starttime="744.92" endtime="744.92" punc="true">,</w>
   <w nite:id="ES2011a.C.words512" starttime="744.92" endtime="746.0">&#39;cause</w>
   <w nite:id="ES2011a.C.words513" starttime="746.0" endtime="746.16">you</w>
   <w nite:id="ES2011a.C.words514" starttime="746.16" endtime="746.33">not</w>
   <w nite:id="ES2011a.C.words515" starttime="746.33" endtime="746.44">you&#39;re</w>
   <w nite:id="ES2011a.C.words516" starttime="746.44" endtime="746.57">not</w>
   <w nite:id="ES2011a.C.words517" starttime="746.57" endtime="746.74">gonna</w>
   <w nite:id="ES2011a.C.words518" starttime="746.74" endtime="746.84">be</w>
   <w nite:id="ES2011a.C.words519" starttime="746.84" endtime="747.22">lazy</w>
   <w nite:id="ES2011a.C.words520" starttime="747.22" endtime="747.65">anyway</w>
   <w nite:id="ES2011a.C.words521" starttime="747.65" endtime="748.05">and</w>
   <disfmarker nite:id="ES2011a.C.words522" starttime="748.05" endtime="748.166"/>
   <w nite:id="ES2011a.C.words523" starttime="749.65" endtime="749.86">Yeah</w>
   <w nite:id="ES2011a.C.words524" starttime="749.86" endtime="750.02">so</w>
   <w nite:id="ES2011a.C.words525" starttime="750.02" endtime="750.6">we</w>
   <disfmarker nite:id="ES2011a.C.words526" starttime="750.6" endtime="750.6"/>
   <vocalsound nite:id="ES2011a.C.words527" starttime="750.6" endtime="750.6" type="laugh"/>
   <w nite:id="ES2011a.C.words528" starttime="750.6" endtime="750.69">the</w>
   <w nite:id="ES2011a.C.words529" starttime="750.69" endtime="751.02">project</w>
   <w nite:id="ES2011a.C.words530" starttime="751.02" endtime="751.14">is</w>
   <w nite:id="ES2011a.C.words531" starttime="751.14" endtime="751.35">now</w>
   <w nite:id="ES2011a.C.words532" starttime="751.35" endtime="751.77">couches</w>
   <w nite:id="ES2011a.C.words533" starttime="751.77" endtime="752.07">and</w>
   <w nite:id="ES2011a.C.words534" starttime="752.07" endtime="752.32">remote</w>
   <w nite:id="ES2011a.C.words535" starttime="752.32" endtime="753.57">controls</w>
   <w nite:id="ES2011a.C.words536" starttime="753.57" endtime="753.57" punc="true">.</w>
   <w nite:id="ES2011a.C.words537" starttime="758.47" endtime="758.94">Yeah</w>
   <w nite:id="ES2011a.C.words538" starttime="758.94" endtime="758.94" punc="true">.</w>
   <w nite:id="ES2011a.C.words539" starttime="763.74" endtime="764.14">Yeah</w>
   <w nite:id="ES2011a.C.words540" starttime="764.14" endtime="764.14" punc="true">.</w>
   <w nite:id="ES2011a.C.words541" starttime="771.01" endtime="771.57">Bigger</w>
   <w nite:id="ES2011a.C.words542" starttime="771.57" endtime="771.57" punc="true">.</w>
   <w nite:id="ES2011a.C.words543" starttime="774.43" endtime="775.47">Hand-sized</w>
   <w nite:id="ES2011a.C.words544" starttime="775.47" endtime="775.47" punc="true">.</w>
   <w nite:id="ES2011a.C.words545" starttime="781.67" endtime="781.78">It</w>
   <w nite:id="ES2011a.C.words546" starttime="781.78" endtime="782.01">can&#39;t</w>
   <w nite:id="ES2011a.C.words547" starttime="782.01" endtime="782.13">be</w>
   <w nite:id="ES2011a.C.words548" starttime="782.13" endtime="782.33">that</w>
   <w nite:id="ES2011a.C.words549" starttime="782.33" endtime="782.55">hard</w>
   <w nite:id="ES2011a.C.words550" starttime="782.55" endtime="782.65">to</w>
   <w nite:id="ES2011a.C.words551" starttime="782.65" endtime="782.84">put</w>
   <w nite:id="ES2011a.C.words552" starttime="782.84" endtime="783.03">some</w>
   <w nite:id="ES2011a.C.words553" starttime="783.03" endtime="783.22">kind</w>
   <w nite:id="ES2011a.C.words554" starttime="783.22" endtime="783.32">of</w>
   <w nite:id="ES2011a.C.words555" starttime="783.32" endtime="783.36">a</w>
   <w nite:id="ES2011a.C.words556" starttime="783.36" endtime="784.65">noise</w>
   <w nite:id="ES2011a.C.words557" starttime="784.65" endtime="784.87">on</w>
   <w nite:id="ES2011a.C.words558" starttime="784.87" endtime="784.96">it</w>
   <w nite:id="ES2011a.C.words559" starttime="784.96" endtime="784.96" punc="true">.</w>
   <w nite:id="ES2011a.C.words560" starttime="786.02" endtime="786.14">Or</w>
   <w nite:id="ES2011a.C.words561" starttime="786.14" endtime="786.93">like</w>
   <w nite:id="ES2011a.C.words562" starttime="786.93" endtime="787.05">or</w>
   <w nite:id="ES2011a.C.words563" starttime="787.05" endtime="787.28">like</w>
   <w nite:id="ES2011a.C.words564" starttime="787.28" endtime="787.36">a</w>
   <w nite:id="ES2011a.C.words565" starttime="787.36" endtime="788.28">light</w>
   <w nite:id="ES2011a.C.words566" starttime="788.28" endtime="789.06">thing</w>
   <w nite:id="ES2011a.C.words567" starttime="789.06" endtime="789.06" punc="true">.</w>
   <w nite:id="ES2011a.C.words568" starttime="789.06" endtime="789.18">You</w>
   <w nite:id="ES2011a.C.words569" starttime="789.18" endtime="790.07">know</w>
   <w nite:id="ES2011a.C.words570" starttime="790.07" endtime="790.07" punc="true">.</w>
   <w nite:id="ES2011a.C.words571" starttime="790.07" endtime="790.16">I</w>
   <w nite:id="ES2011a.C.words572" starttime="790.16" endtime="791.61">dunno</w>
   <vocalsound nite:id="ES2011a.C.words573" starttime="791.61" endtime="791.61" type="laugh"/>
   <w nite:id="ES2011a.C.words574" starttime="791.61" endtime="791.61" punc="true">.</w>
   <w nite:id="ES2011a.C.words575" starttime="791.61" endtime="793.03">Yeah</w>
   <vocalsound nite:id="ES2011a.C.words576" starttime="793.03" endtime="793.03" type="laugh"/>
   <w nite:id="ES2011a.C.words577" starttime="793.03" endtime="793.03" punc="true">.</w>
   <w nite:id="ES2011a.C.words578" starttime="793.03" endtime="793.19">Or</w>
   <w nite:id="ES2011a.C.words579" starttime="793.19" endtime="793.38">make</w>
   <w nite:id="ES2011a.C.words580" starttime="793.38" endtime="793.48">it</w>
   <w nite:id="ES2011a.C.words581" starttime="793.48" endtime="793.9">mobile</w>
   <w nite:id="ES2011a.C.words582" starttime="793.9" endtime="794.07">so</w>
   <w nite:id="ES2011a.C.words583" starttime="794.07" endtime="794.14">it</w>
   <w nite:id="ES2011a.C.words584" starttime="794.14" endtime="794.64">runs</w>
   <w nite:id="ES2011a.C.words585" starttime="794.64" endtime="794.83">around</w>
   <w nite:id="ES2011a.C.words586" starttime="794.83" endtime="794.92">and</w>
   <w nite:id="ES2011a.C.words587" starttime="794.92" endtime="795.82">comes</w>
   <w nite:id="ES2011a.C.words588" starttime="795.82" endtime="796.11">come</w>
   <w nite:id="ES2011a.C.words589" starttime="796.11" endtime="796.39">find</w>
   <w nite:id="ES2011a.C.words590" starttime="796.39" endtime="797.18">you</w>
   <w nite:id="ES2011a.C.words591" starttime="797.18" endtime="798.65">yeah</w>
   <vocalsound nite:id="ES2011a.C.words592" starttime="798.65" endtime="798.65" type="laugh"/>
   <w nite:id="ES2011a.C.words593" starttime="798.65" endtime="798.65" punc="true">.</w>
   <w nite:id="ES2011a.C.words594" starttime="798.65" endtime="798.79">That</w>
   <w nite:id="ES2011a.C.words595" starttime="798.79" endtime="798.89">would</w>
   <w nite:id="ES2011a.C.words596" starttime="798.89" endtime="799.01">be</w>
   <w nite:id="ES2011a.C.words597" starttime="799.01" endtime="799.57">really</w>
   <disfmarker nite:id="ES2011a.C.words598" starttime="799.57" endtime="799.57"/>
   <w nite:id="ES2011a.C.words599" starttime="799.57" endtime="799.96">I&#39;m</w>
   <w nite:id="ES2011a.C.words600" starttime="799.96" endtime="800.15">sure</w>
   <w nite:id="ES2011a.C.words601" starttime="800.15" endtime="800.23">we</w>
   <w nite:id="ES2011a.C.words602" starttime="800.23" endtime="800.32">could</w>
   <w nite:id="ES2011a.C.words603" starttime="800.32" endtime="800.41">do</w>
   <w nite:id="ES2011a.C.words604" starttime="800.41" endtime="800.59">that</w>
   <w nite:id="ES2011a.C.words605" starttime="800.59" endtime="800.69">for</w>
   <w nite:id="ES2011a.C.words606" starttime="800.69" endtime="800.9">twenty</w>
   <w nite:id="ES2011a.C.words607" starttime="800.9" endtime="801.11">five</w>
   <w nite:id="ES2011a.C.words608" starttime="801.11" endtime="801.38">Euros</w>
   <w nite:id="ES2011a.C.words609" starttime="801.38" endtime="801.42">a</w>
   <w nite:id="ES2011a.C.words610" starttime="801.42" endtime="802.76">pop</w>
   <w nite:id="ES2011a.C.words611" starttime="802.76" endtime="802.76" punc="true">.</w>
   <vocalsound nite:id="ES2011a.C.words612" starttime="802.76" endtime="802.76" type="laugh"/>
   <w nite:id="ES2011a.C.words613" starttime="802.76" endtime="804.01">Yeah</w>
   <vocalsound nite:id="ES2011a.C.words614" starttime="804.01" endtime="804.01" type="laugh"/>
   <w nite:id="ES2011a.C.words615" starttime="804.01" endtime="804.01" punc="true">.</w>
   <w nite:id="ES2011a.C.words616" starttime="804.01" endtime="804.86">Uh</w>
   <w nite:id="ES2011a.C.words617" starttime="804.86" endtime="804.86" punc="true">.</w>
   <w nite:id="ES2011a.C.words618" starttime="818.79" endtime="818.87">I</w>
   <w nite:id="ES2011a.C.words619" starttime="818.87" endtime="819.05">also</w>
   <w nite:id="ES2011a.C.words620" starttime="819.05" endtime="819.25">think</w>
   <w nite:id="ES2011a.C.words621" starttime="819.25" endtime="819.42">though</w>
   <w nite:id="ES2011a.C.words622" starttime="819.42" endtime="820.34">that</w>
   <w nite:id="ES2011a.C.words623" starttime="820.34" endtime="820.46">it</w>
   <w nite:id="ES2011a.C.words624" starttime="820.46" endtime="820.66">shouldn&#39;t</w>
   <w nite:id="ES2011a.C.words625" starttime="820.66" endtime="820.8">have</w>
   <w nite:id="ES2011a.C.words626" starttime="820.8" endtime="820.99">too</w>
   <w nite:id="ES2011a.C.words627" starttime="820.99" endtime="821.17">many</w>
   <w nite:id="ES2011a.C.words628" starttime="821.17" endtime="821.86">buttons</w>
   <w nite:id="ES2011a.C.words629" starttime="821.86" endtime="821.86" punc="true">,</w>
   <w nite:id="ES2011a.C.words630" starttime="821.86" endtime="822.05">&#39;cause</w>
   <w nite:id="ES2011a.C.words631" starttime="822.05" endtime="822.11">I</w>
   <w nite:id="ES2011a.C.words632" starttime="822.11" endtime="822.31">hate</w>
   <w nite:id="ES2011a.C.words633" starttime="822.31" endtime="822.47">that</w>
   <w nite:id="ES2011a.C.words634" starttime="822.47" endtime="822.59">when</w>
   <w nite:id="ES2011a.C.words635" starttime="822.59" endtime="822.68">they</w>
   <w nite:id="ES2011a.C.words636" starttime="822.68" endtime="822.82">have</w>
   <w nite:id="ES2011a.C.words637" starttime="822.82" endtime="823.0">too</w>
   <w nite:id="ES2011a.C.words638" starttime="823.0" endtime="823.19">many</w>
   <w nite:id="ES2011a.C.words639" starttime="823.19" endtime="823.65">buttons</w>
   <w nite:id="ES2011a.C.words640" starttime="823.65" endtime="824.46">and</w>
   <disfmarker nite:id="ES2011a.C.words641" starttime="824.46" endtime="824.46"/>
   <w nite:id="ES2011a.C.words642" starttime="824.46" endtime="824.55">I</w>
   <w nite:id="ES2011a.C.words643" starttime="824.55" endtime="824.68">mean</w>
   <w nite:id="ES2011a.C.words644" starttime="824.68" endtime="824.72">I</w>
   <w nite:id="ES2011a.C.words645" starttime="824.72" endtime="824.91">know</w>
   <w nite:id="ES2011a.C.words646" starttime="824.91" endtime="824.97">it</w>
   <w nite:id="ES2011a.C.words647" starttime="824.97" endtime="825.14">has</w>
   <w nite:id="ES2011a.C.words648" starttime="825.14" endtime="825.25">to</w>
   <w nite:id="ES2011a.C.words649" starttime="825.25" endtime="825.41">have</w>
   <w nite:id="ES2011a.C.words650" starttime="825.41" endtime="825.58">enough</w>
   <w nite:id="ES2011a.C.words651" starttime="825.58" endtime="826.29">functions</w>
   <w nite:id="ES2011a.C.words652" starttime="826.29" endtime="826.47">but</w>
   <w nite:id="ES2011a.C.words653" starttime="826.47" endtime="827.33">like</w>
   <w nite:id="ES2011a.C.words654" starttime="827.33" endtime="827.33" punc="true">,</w>
   <w nite:id="ES2011a.C.words655" starttime="827.33" endtime="827.47">I</w>
   <w nite:id="ES2011a.C.words656" starttime="827.47" endtime="827.69">don&#39;t</w>
   <w nite:id="ES2011a.C.words657" starttime="827.69" endtime="828.13">know</w>
   <w nite:id="ES2011a.C.words658" starttime="828.13" endtime="828.34">you</w>
   <w nite:id="ES2011a.C.words659" starttime="828.34" endtime="828.34" punc="true">,</w>
   <w nite:id="ES2011a.C.words660" starttime="828.34" endtime="828.53">just</w>
   <w nite:id="ES2011a.C.words661" starttime="828.53" endtime="828.65">have</w>
   <w nite:id="ES2011a.C.words662" starttime="828.65" endtime="828.88">like</w>
   <w nite:id="ES2011a.C.words663" starttime="828.88" endtime="829.05">eight</w>
   <w nite:id="ES2011a.C.words664" starttime="829.05" endtime="829.42">thousand</w>
   <w nite:id="ES2011a.C.words665" starttime="829.42" endtime="829.85">buttons</w>
   <w nite:id="ES2011a.C.words666" starttime="829.85" endtime="829.96">and</w>
   <w nite:id="ES2011a.C.words667" starttime="829.96" endtime="830.11">you&#39;re</w>
   <w nite:id="ES2011a.C.words668" starttime="830.11" endtime="830.57">like</w>
   <w nite:id="ES2011a.C.words669" starttime="830.57" endtime="830.57" punc="true">,</w>
   <w nite:id="ES2011a.C.words670" starttime="830.57" endtime="830.81">no</w>
   <w nite:id="ES2011a.C.words671" starttime="830.81" endtime="830.81" punc="true">,</w>
   <w nite:id="ES2011a.C.words672" starttime="830.81" endtime="830.93">you</w>
   <w nite:id="ES2011a.C.words673" starttime="830.93" endtime="831.16">never</w>
   <w nite:id="ES2011a.C.words674" starttime="831.16" endtime="831.4">use</w>
   <w nite:id="ES2011a.C.words675" starttime="831.4" endtime="831.65">half</w>
   <w nite:id="ES2011a.C.words676" starttime="831.65" endtime="831.75">of</w>
   <w nite:id="ES2011a.C.words677" starttime="831.75" endtime="832.24">them</w>
   <w nite:id="ES2011a.C.words678" starttime="832.24" endtime="832.24" punc="true">.</w>
   <w nite:id="ES2011a.C.words679" starttime="832.24" endtime="832.35">So</w>
   <w nite:id="ES2011a.C.words680" starttime="832.35" endtime="832.35" punc="true">.</w>
   <w nite:id="ES2011a.C.words681" starttime="841.87" endtime="842.02">That</w>
   <w nite:id="ES2011a.C.words682" starttime="842.02" endtime="842.11">would</w>
   <w nite:id="ES2011a.C.words683" starttime="842.11" endtime="842.22">be</w>
   <w nite:id="ES2011a.C.words684" starttime="842.22" endtime="842.72">cool</w>
   <w nite:id="ES2011a.C.words685" starttime="842.72" endtime="842.72" punc="true">.</w>
   <w nite:id="ES2011a.C.words686" starttime="844.08" endtime="845.57">Yeah</w>
   <w nite:id="ES2011a.C.words687" starttime="845.57" endtime="845.57" punc="true">.</w>
   <w nite:id="ES2011a.C.words688" starttime="845.57" endtime="845.63">I</w>
   <w nite:id="ES2011a.C.words689" starttime="845.63" endtime="845.78">mean</w>
   <w nite:id="ES2011a.C.words690" starttime="845.78" endtime="845.84">it</w>
   <w nite:id="ES2011a.C.words691" starttime="845.84" endtime="846.01">just</w>
   <w nite:id="ES2011a.C.words692" starttime="846.01" endtime="846.25">seems</w>
   <w nite:id="ES2011a.C.words693" starttime="846.25" endtime="847.41">like</w>
   <disfmarker nite:id="ES2011a.C.words694" starttime="847.41" endtime="847.41"/>
   <w nite:id="ES2011a.C.words695" starttime="847.41" endtime="847.84">yeah</w>
   <w nite:id="ES2011a.C.words696" starttime="847.84" endtime="847.84" punc="true">.</w>
   <w nite:id="ES2011a.C.words697" starttime="868.88" endtime="868.94">I</w>
   <w nite:id="ES2011a.C.words698" starttime="868.94" endtime="869.16">guess</w>
   <w nite:id="ES2011a.C.words699" starttime="869.16" endtime="869.27">they</w>
   <w nite:id="ES2011a.C.words700" starttime="869.27" endtime="869.54">would</w>
   <w nite:id="ES2011a.C.words701" starttime="869.54" endtime="869.69">go</w>
   <w nite:id="ES2011a.C.words702" starttime="869.69" endtime="870.17">together</w>
   <w nite:id="ES2011a.C.words703" starttime="870.17" endtime="870.71">somehow</w>
   <w nite:id="ES2011a.C.words704" starttime="870.71" endtime="870.71" punc="true">?</w>
   <w nite:id="ES2011a.C.words705" starttime="870.71" endtime="870.79">I</w>
   <w nite:id="ES2011a.C.words706" starttime="870.79" endtime="871.13">dunno</w>
   <w nite:id="ES2011a.C.words707" starttime="871.13" endtime="871.13" punc="true">.</w>
   <w nite:id="ES2011a.C.words708" starttime="892.85" endtime="892.91">I&#39;m</w>
   <w nite:id="ES2011a.C.words709" starttime="892.91" endtime="893.21">thinking</w>
   <w nite:id="ES2011a.C.words710" starttime="893.21" endtime="893.47">kind</w>
   <w nite:id="ES2011a.C.words711" starttime="893.47" endtime="893.66">of</w>
   <disfmarker nite:id="ES2011a.C.words712" starttime="893.66" endtime="893.803"/>
   <w nite:id="ES2011a.C.words713" starttime="901.7" endtime="901.76">Or</w>
   <w nite:id="ES2011a.C.words714" starttime="901.76" endtime="901.92">like</w>
   <w nite:id="ES2011a.C.words715" starttime="901.92" endtime="902.16">you</w>
   <w nite:id="ES2011a.C.words716" starttime="902.16" endtime="902.24" trunc="true">h</w>
   <w nite:id="ES2011a.C.words717" starttime="902.24" endtime="902.37">you</w>
   <w nite:id="ES2011a.C.words718" starttime="902.37" endtime="902.56">see</w>
   <w nite:id="ES2011a.C.words719" starttime="902.56" endtime="903.24">those</w>
   <w nite:id="ES2011a.C.words720" starttime="903.24" endtime="903.38">you</w>
   <w nite:id="ES2011a.C.words721" starttime="903.38" endtime="903.53">know</w>
   <w nite:id="ES2011a.C.words722" starttime="903.53" endtime="904.11">people</w>
   <disfmarker nite:id="ES2011a.C.words723" starttime="904.11" endtime="904.11"/>
   <w nite:id="ES2011a.C.words724" starttime="904.11" endtime="904.2">I&#39;m</w>
   <w nite:id="ES2011a.C.words725" starttime="904.2" endtime="904.48">thinking</w>
   <w nite:id="ES2011a.C.words726" starttime="904.48" endtime="904.58">of</w>
   <w nite:id="ES2011a.C.words727" starttime="904.58" endtime="904.98">like</w>
   <w nite:id="ES2011a.C.words728" starttime="904.98" endtime="905.51">celebrity</w>
   <w nite:id="ES2011a.C.words729" starttime="905.51" endtime="905.91">cribs</w>
   <w nite:id="ES2011a.C.words730" starttime="905.91" endtime="906.12">kind</w>
   <w nite:id="ES2011a.C.words731" starttime="906.12" endtime="906.19">of</w>
   <w nite:id="ES2011a.C.words732" starttime="906.19" endtime="906.53">things</w>
   <w nite:id="ES2011a.C.words733" starttime="906.53" endtime="906.7">when</w>
   <w nite:id="ES2011a.C.words734" starttime="906.7" endtime="907.25">like</w>
   <w nite:id="ES2011a.C.words735" starttime="907.25" endtime="907.34">they</w>
   <w nite:id="ES2011a.C.words736" starttime="907.34" endtime="907.52">have</w>
   <w nite:id="ES2011a.C.words737" starttime="907.52" endtime="907.69">all</w>
   <w nite:id="ES2011a.C.words738" starttime="907.69" endtime="907.93">those</w>
   <disfmarker nite:id="ES2011a.C.words739" starttime="907.93" endtime="907.93"/>
   <w nite:id="ES2011a.C.words740" starttime="907.93" endtime="908.1">these</w>
   <w nite:id="ES2011a.C.words741" starttime="908.1" endtime="908.38">things</w>
   <w nite:id="ES2011a.C.words742" starttime="908.38" endtime="908.48">that</w>
   <w nite:id="ES2011a.C.words743" starttime="908.48" endtime="908.54">at</w>
   <w nite:id="ES2011a.C.words744" starttime="908.54" endtime="909.08">their</w>
   <w nite:id="ES2011a.C.words745" starttime="909.08" endtime="909.68">house</w>
   <w nite:id="ES2011a.C.words746" starttime="909.68" endtime="909.78">you</w>
   <w nite:id="ES2011a.C.words747" starttime="909.78" endtime="909.99">know</w>
   <disfmarker nite:id="ES2011a.C.words748" starttime="909.99" endtime="909.99"/>
   <w nite:id="ES2011a.C.words749" starttime="909.99" endtime="910.34">their</w>
   <w nite:id="ES2011a.C.words750" starttime="910.34" endtime="910.44">their</w>
   <w nite:id="ES2011a.C.words751" starttime="910.44" endtime="910.7">entire</w>
   <w nite:id="ES2011a.C.words752" starttime="910.7" endtime="910.91">house</w>
   <w nite:id="ES2011a.C.words753" starttime="910.91" endtime="911.0">is</w>
   <w nite:id="ES2011a.C.words754" starttime="911.0" endtime="911.14">so</w>
   <w nite:id="ES2011a.C.words755" starttime="911.14" endtime="912.06">electronic</w>
   <w nite:id="ES2011a.C.words756" starttime="912.06" endtime="912.06" punc="true">,</w>
   <w nite:id="ES2011a.C.words757" starttime="912.06" endtime="912.47">and</w>
   <w nite:id="ES2011a.C.words758" starttime="912.47" endtime="912.59">they</w>
   <w nite:id="ES2011a.C.words759" starttime="912.59" endtime="912.76">have</w>
   <w nite:id="ES2011a.C.words760" starttime="912.76" endtime="912.92">like</w>
   <w nite:id="ES2011a.C.words761" starttime="912.92" endtime="913.06">this</w>
   <w nite:id="ES2011a.C.words762" starttime="913.06" endtime="913.26">one</w>
   <w nite:id="ES2011a.C.words763" starttime="913.26" endtime="913.61">master</w>
   <w nite:id="ES2011a.C.words764" starttime="913.61" endtime="914.0">control</w>
   <w nite:id="ES2011a.C.words765" starttime="914.0" endtime="914.58">that</w>
   <disfmarker nite:id="ES2011a.C.words766" starttime="914.58" endtime="914.58"/>
   <w nite:id="ES2011a.C.words767" starttime="914.58" endtime="914.73">and</w>
   <w nite:id="ES2011a.C.words768" starttime="914.73" endtime="914.88">it&#39;s</w>
   <w nite:id="ES2011a.C.words769" starttime="914.88" endtime="915.03">like</w>
   <w nite:id="ES2011a.C.words770" starttime="915.03" endtime="915.11">a</w>
   <w nite:id="ES2011a.C.words771" starttime="915.11" endtime="915.35">hand</w>
   <w nite:id="ES2011a.C.words772" starttime="915.35" endtime="915.52">held</w>
   <w nite:id="ES2011a.C.words773" starttime="915.52" endtime="916.18">like</w>
   <disfmarker nite:id="ES2011a.C.words774" starttime="916.18" endtime="916.18"/>
   <w nite:id="ES2011a.C.words775" starttime="916.18" endtime="916.44">turns</w>
   <w nite:id="ES2011a.C.words776" starttime="916.44" endtime="916.66">on</w>
   <w nite:id="ES2011a.C.words777" starttime="916.66" endtime="917.07">everything</w>
   <w nite:id="ES2011a.C.words778" starttime="917.07" endtime="917.28">sort</w>
   <w nite:id="ES2011a.C.words779" starttime="917.28" endtime="917.39">of</w>
   <w nite:id="ES2011a.C.words780" starttime="917.39" endtime="917.85">control</w>
   <w nite:id="ES2011a.C.words781" starttime="917.85" endtime="918.11">and</w>
   <w nite:id="ES2011a.C.words782" starttime="918.11" endtime="918.2">it</w>
   <w nite:id="ES2011a.C.words783" starttime="918.2" endtime="918.41">has</w>
   <w nite:id="ES2011a.C.words784" starttime="918.41" endtime="918.53">like</w>
   <w nite:id="ES2011a.C.words785" starttime="918.53" endtime="918.6">a</w>
   <w nite:id="ES2011a.C.words786" starttime="918.6" endtime="919.01">screen</w>
   <w nite:id="ES2011a.C.words787" starttime="919.01" endtime="919.23">and</w>
   <w nite:id="ES2011a.C.words788" starttime="919.23" endtime="920.15">like</w>
   <disfmarker nite:id="ES2011a.C.words789" starttime="920.15" endtime="920.15"/>
   <w nite:id="ES2011a.C.words790" starttime="920.15" endtime="920.3">so</w>
   <w nite:id="ES2011a.C.words791" starttime="920.3" endtime="920.35">I</w>
   <w nite:id="ES2011a.C.words792" starttime="920.35" endtime="920.61">think</w>
   <w nite:id="ES2011a.C.words793" starttime="920.61" endtime="920.79">it</w>
   <w nite:id="ES2011a.C.words794" starttime="920.79" endtime="920.99">should</w>
   <w nite:id="ES2011a.C.words795" starttime="920.99" endtime="921.1">be</w>
   <w nite:id="ES2011a.C.words796" starttime="921.1" endtime="921.5">possible</w>
   <w nite:id="ES2011a.C.words797" starttime="921.5" endtime="921.57">to</w>
   <w nite:id="ES2011a.C.words798" starttime="921.57" endtime="921.75">have</w>
   <w nite:id="ES2011a.C.words799" starttime="921.75" endtime="921.94">some</w>
   <w nite:id="ES2011a.C.words800" starttime="921.94" endtime="922.15">kind</w>
   <w nite:id="ES2011a.C.words801" starttime="922.15" endtime="922.23">of</w>
   <w nite:id="ES2011a.C.words802" starttime="922.23" endtime="922.27">a</w>
   <w nite:id="ES2011a.C.words803" starttime="922.27" endtime="922.7">screen</w>
   <w nite:id="ES2011a.C.words804" starttime="922.7" endtime="922.7" punc="true">,</w>
   <w nite:id="ES2011a.C.words805" starttime="922.7" endtime="922.8">I</w>
   <w nite:id="ES2011a.C.words806" starttime="922.8" endtime="922.98">don&#39;t</w>
   <w nite:id="ES2011a.C.words807" starttime="922.98" endtime="923.18">know</w>
   <w nite:id="ES2011a.C.words808" starttime="923.18" endtime="924.08">if</w>
   <disfmarker nite:id="ES2011a.C.words809" starttime="924.08" endtime="924.08"/>
   <w nite:id="ES2011a.C.words810" starttime="924.08" endtime="924.15">it</w>
   <w nite:id="ES2011a.C.words811" starttime="924.15" endtime="924.34">must</w>
   <w nite:id="ES2011a.C.words812" starttime="924.34" endtime="924.47">be</w>
   <disfmarker nite:id="ES2011a.C.words813" starttime="924.47" endtime="924.47"/>
   <w nite:id="ES2011a.C.words814" starttime="924.47" endtime="924.56">it</w>
   <w nite:id="ES2011a.C.words815" starttime="924.56" endtime="924.67">would</w>
   <w nite:id="ES2011a.C.words816" starttime="924.67" endtime="925.04">probably</w>
   <disfmarker nite:id="ES2011a.C.words817" starttime="925.04" endtime="925.04"/>
   <w nite:id="ES2011a.C.words818" starttime="925.04" endtime="925.27">must</w>
   <w nite:id="ES2011a.C.words819" starttime="925.27" endtime="925.36">be</w>
   <w nite:id="ES2011a.C.words820" starttime="925.36" endtime="925.5" trunc="true">ex</w>
   <w nite:id="ES2011a.C.words821" starttime="925.5" endtime="925.65">too</w>
   <w nite:id="ES2011a.C.words822" starttime="925.65" endtime="926.16">expensive</w>
   <w nite:id="ES2011a.C.words823" starttime="926.16" endtime="926.47">though</w>
   <w nite:id="ES2011a.C.words824" starttime="926.47" endtime="926.88" trunc="true">t</w>
   <w nite:id="ES2011a.C.words825" starttime="926.88" endtime="927.3">like</w>
   <w nite:id="ES2011a.C.words826" starttime="927.3" endtime="927.41">I</w>
   <w nite:id="ES2011a.C.words827" starttime="927.41" endtime="927.69">dunno</w>
   <w nite:id="ES2011a.C.words828" starttime="927.69" endtime="927.69" punc="true">.</w>
   <w nite:id="ES2011a.C.words829" starttime="929.5" endtime="930.07">Yeah</w>
   <w nite:id="ES2011a.C.words830" starttime="930.07" endtime="930.07" punc="true">,</w>
   <w nite:id="ES2011a.C.words831" starttime="930.07" endtime="930.77">yeah</w>
   <w nite:id="ES2011a.C.words832" starttime="930.77" endtime="930.77" punc="true">.</w>
   <w nite:id="ES2011a.C.words833" starttime="930.77" endtime="930.98">Yeah</w>
   <w nite:id="ES2011a.C.words834" starttime="930.98" endtime="931.26">that&#39;s</w>
   <w nite:id="ES2011a.C.words835" starttime="931.26" endtime="931.41">true</w>
   <w nite:id="ES2011a.C.words836" starttime="931.41" endtime="931.41" punc="true">.</w>
   <w nite:id="ES2011a.C.words837" starttime="938.29" endtime="938.72">Mm</w>
   <w nite:id="ES2011a.C.words838" starttime="938.72" endtime="938.72" punc="true">.</w>
   <w nite:id="ES2011a.C.words839" starttime="940.7" endtime="941.12">Well</w>
   <w nite:id="ES2011a.C.words840" starttime="941.12" endtime="941.12" punc="true">,</w>
   <w nite:id="ES2011a.C.words841" starttime="941.12" endtime="941.17">I</w>
   <w nite:id="ES2011a.C.words842" starttime="941.17" endtime="941.33">guess</w>
   <w nite:id="ES2011a.C.words843" starttime="941.33" endtime="941.39">we</w>
   <w nite:id="ES2011a.C.words844" starttime="941.39" endtime="941.5">have</w>
   <w nite:id="ES2011a.C.words845" starttime="941.5" endtime="941.58">to</w>
   <w nite:id="ES2011a.C.words846" starttime="941.58" endtime="941.72">get</w>
   <w nite:id="ES2011a.C.words847" starttime="941.72" endtime="941.82">to</w>
   <w nite:id="ES2011a.C.words848" starttime="941.82" endtime="942.0">that</w>
   <w nite:id="ES2011a.C.words849" starttime="942.0" endtime="942.29">later</w>
   <w nite:id="ES2011a.C.words850" starttime="942.29" endtime="942.29" punc="true">,</w>
   <w nite:id="ES2011a.C.words851" starttime="942.29" endtime="942.75">yeah</w>
   <w nite:id="ES2011a.C.words852" starttime="942.75" endtime="942.75" punc="true">.</w>
   <vocalsound nite:id="ES2011a.C.words853" starttime="943.653" endtime="944.576" type="cough"/>
   <w nite:id="ES2011a.C.words854" starttime="960.98" endtime="961.5">Furry</w>
   <w nite:id="ES2011a.C.words855" starttime="961.5" endtime="961.5" punc="true">.</w>
   <vocalsound nite:id="ES2011a.C.words856" starttime="962.613" endtime="964.206" type="laugh"/>
   <w nite:id="ES2011a.C.words857" starttime="974.61" endtime="975.68">Yeah</w>
   <w nite:id="ES2011a.C.words858" starttime="975.68" endtime="975.68" punc="true">.</w>
   <w nite:id="ES2011a.C.words859" starttime="975.68" endtime="975.75">Mm</w>
   <w nite:id="ES2011a.C.words860" starttime="975.75" endtime="975.75" punc="true">,</w>
   <w nite:id="ES2011a.C.words861" starttime="975.75" endtime="975.82">mm</w>
   <w nite:id="ES2011a.C.words862" starttime="975.82" endtime="975.82" punc="true">.</w>
   <w nite:id="ES2011a.C.words863" starttime="986.93" endtime="987.36">Yeah</w>
   <w nite:id="ES2011a.C.words864" starttime="987.36" endtime="987.36" punc="true">.</w>
   <w nite:id="ES2011a.C.words865" starttime="1039.55" endtime="1039.76">That&#39;s</w>
   <w nite:id="ES2011a.C.words866" starttime="1039.76" endtime="1040.03">me</w>
   <w nite:id="ES2011a.C.words867" starttime="1040.03" endtime="1040.03" punc="true">.</w>
   <w nite:id="ES2011a.C.words868" starttime="1041.22" endtime="1041.4">Uh</w>
   <w nite:id="ES2011a.C.words869" starttime="1041.4" endtime="1041.4" punc="true">,</w>
   <w nite:id="ES2011a.C.words870" starttime="1041.4" endtime="1041.76">User</w>
   <w nite:id="ES2011a.C.words871" starttime="1041.76" endtime="1042.23">Interface</w>
   <w nite:id="ES2011a.C.words872" starttime="1042.23" endtime="1043.12">design</w>
   <w nite:id="ES2011a.C.words873" starttime="1043.12" endtime="1043.12" punc="true">.</w>
   <w nite:id="ES2011a.C.words874" starttime="1055.07" endtime="1056.15">So</w>
   <w nite:id="ES2011a.C.words875" starttime="1056.15" endtime="1056.61">technical</w>
   <w nite:id="ES2011a.C.words876" starttime="1056.61" endtime="1057.2">function</w>
   <w nite:id="ES2011a.C.words877" starttime="1057.2" endtime="1057.2" punc="true">.</w>
   <w nite:id="ES2011a.C.words878" starttime="1060.88" endtime="1060.98">What</w>
   <w nite:id="ES2011a.C.words879" starttime="1060.98" endtime="1061.1">is</w>
   <w nite:id="ES2011a.C.words880" starttime="1061.1" endtime="1061.51">technical</w>
   <w nite:id="ES2011a.C.words881" starttime="1061.51" endtime="1062.16">functions</w>
   <w nite:id="ES2011a.C.words882" starttime="1062.16" endtime="1062.64" trunc="true">exactl</w>
   <w nite:id="ES2011a.C.words883" starttime="1062.64" endtime="1062.81">I</w>
   <w nite:id="ES2011a.C.words884" starttime="1062.81" endtime="1062.88">I</w>
   <w nite:id="ES2011a.C.words885" starttime="1062.88" endtime="1063.05">don&#39;t</w>
   <w nite:id="ES2011a.C.words886" starttime="1063.05" endtime="1063.25">really</w>
   <w nite:id="ES2011a.C.words887" starttime="1063.25" endtime="1063.43">know</w>
   <w nite:id="ES2011a.C.words888" starttime="1063.43" endtime="1063.74">what</w>
   <disfmarker nite:id="ES2011a.C.words889" starttime="1063.74" endtime="1063.792"/>
   <gap nite:id="ES2011a.C.words890" starttime="1065.136" endtime="1065.552"/>
   <w nite:id="ES2011a.C.words891" starttime="1068.79" endtime="1068.91">It</w>
   <w nite:id="ES2011a.C.words892" starttime="1068.91" endtime="1069.26">does</w>
   <w nite:id="ES2011a.C.words893" starttime="1069.26" endtime="1069.38">but</w>
   <w nite:id="ES2011a.C.words894" starttime="1069.38" endtime="1069.53">it</w>
   <disfmarker nite:id="ES2011a.C.words895" starttime="1069.53" endtime="1069.53"/>
   <w nite:id="ES2011a.C.words896" starttime="1069.53" endtime="1069.58">I</w>
   <w nite:id="ES2011a.C.words897" starttime="1069.58" endtime="1069.82">just</w>
   <w nite:id="ES2011a.C.words898" starttime="1069.82" endtime="1070.08">don&#39;t</w>
   <w nite:id="ES2011a.C.words899" starttime="1070.08" endtime="1070.59">really</w>
   <disfmarker nite:id="ES2011a.C.words900" starttime="1070.59" endtime="1070.672"/>
   <w nite:id="ES2011a.C.words901" starttime="1071.71" endtime="1072.32">Yeah</w>
   <w nite:id="ES2011a.C.words902" starttime="1072.32" endtime="1072.32" punc="true">.</w>
   <vocalsound nite:id="ES2011a.C.words903" starttime="1074.864" endtime="1074.864" type="other"/>
   <w nite:id="ES2011a.C.words904" starttime="1075.1" endtime="1075.34">What</w>
   <w nite:id="ES2011a.C.words905" starttime="1075.34" endtime="1075.91">effect</w>
   <w nite:id="ES2011a.C.words906" starttime="1075.91" endtime="1076.44">should</w>
   <w nite:id="ES2011a.C.words907" starttime="1076.44" endtime="1076.59">the</w>
   <w nite:id="ES2011a.C.words908" starttime="1076.59" endtime="1076.94">thing</w>
   <w nite:id="ES2011a.C.words909" starttime="1076.94" endtime="1077.31" trunc="true">ha</w>
   <w nite:id="ES2011a.C.words910" starttime="1077.31" endtime="1077.52">should</w>
   <w nite:id="ES2011a.C.words911" starttime="1077.52" endtime="1077.59">it</w>
   <w nite:id="ES2011a.C.words912" starttime="1077.59" endtime="1077.88">have</w>
   <w nite:id="ES2011a.C.words913" starttime="1077.88" endtime="1077.88" punc="true">,</w>
   <w nite:id="ES2011a.C.words914" starttime="1077.88" endtime="1078.71">okay</w>
   <w nite:id="ES2011a.C.words915" starttime="1078.71" endtime="1078.71" punc="true">.</w>
   <w nite:id="ES2011a.C.words916" starttime="1078.71" endtime="1079.64">Alright</w>
   <w nite:id="ES2011a.C.words917" starttime="1079.64" endtime="1079.64" punc="true">.</w>
   <w nite:id="ES2011a.C.words918" starttime="1079.64" endtime="1079.84">And</w>
   <w nite:id="ES2011a.C.words919" starttime="1079.84" endtime="1080.17">working</w>
   <w nite:id="ES2011a.C.words920" starttime="1080.17" endtime="1080.64">design</w>
   <w nite:id="ES2011a.C.words921" starttime="1080.64" endtime="1080.64" punc="true">.</w>
   <w nite:id="ES2011a.C.words922" starttime="1080.64" endtime="1080.96">Okay</w>
   <w nite:id="ES2011a.C.words923" starttime="1080.96" endtime="1080.96" punc="true">.</w>
   <w nite:id="ES2011a.C.words924" starttime="1083.04" endtime="1083.46">Yeah</w>
   <w nite:id="ES2011a.C.words925" starttime="1083.46" endtime="1083.46" punc="true">,</w>
   <w nite:id="ES2011a.C.words926" starttime="1083.46" endtime="1084.35">yeah</w>
   <w nite:id="ES2011a.C.words927" starttime="1084.35" endtime="1084.35" punc="true">.</w>
   <w nite:id="ES2011a.C.words928" starttime="1084.35" endtime="1085.53">Alright</w>
   <w nite:id="ES2011a.C.words929" starttime="1085.53" endtime="1085.53" punc="true">.</w>
   <w nite:id="ES2011a.C.words930" starttime="1085.53" endtime="1085.63">And</w>
   <w nite:id="ES2011a.C.words931" starttime="1085.63" endtime="1085.81">how</w>
   <w nite:id="ES2011a.C.words932" starttime="1085.81" endtime="1085.87">it</w>
   <w nite:id="ES2011a.C.words933" starttime="1085.87" endtime="1086.25">works</w>
   <w nite:id="ES2011a.C.words934" starttime="1086.25" endtime="1086.25" punc="true">,</w>
   <w nite:id="ES2011a.C.words935" starttime="1086.25" endtime="1086.74">okay</w>
   <w nite:id="ES2011a.C.words936" starttime="1086.74" endtime="1086.74" punc="true">.</w>
   <w nite:id="ES2011a.C.words937" starttime="1086.74" endtime="1087.02">Right</w>
   <w nite:id="ES2011a.C.words938" starttime="1087.02" endtime="1087.02" punc="true">.</w>
   <w nite:id="ES2011a.C.words939" starttime="1087.02" endtime="1087.21">I&#39;m</w>
   <w nite:id="ES2011a.C.words940" starttime="1087.21" endtime="1087.33">I&#39;m</w>
   <w nite:id="ES2011a.C.words941" starttime="1087.33" endtime="1087.41">on</w>
   <w nite:id="ES2011a.C.words942" starttime="1087.41" endtime="1088.29">task</w>
   <w nite:id="ES2011a.C.words943" starttime="1088.29" endtime="1088.29" punc="true">.</w>
</nite:root>