<?xml version="1.0" encoding="ISO-8859-1" standalone="yes"?>
<nite:root nite:id="ES2011a.D.words" xmlns:nite="http://nite.sourceforge.net/">
   <w nite:id="ES2011a.D.words0" starttime="65.0" endtime="65.24">Hi</w>
   <w nite:id="ES2011a.D.words1" starttime="65.24" endtime="65.45">I&#39;m</w>
   <w nite:id="ES2011a.D.words2" starttime="65.45" endtime="65.89">Chiara</w>
   <w nite:id="ES2011a.D.words3" starttime="65.89" endtime="65.89" punc="true">,</w>
   <w nite:id="ES2011a.D.words4" starttime="65.89" endtime="66.21">I&#39;m</w>
   <w nite:id="ES2011a.D.words5" starttime="66.21" endtime="67.17">the</w>
   <w nite:id="ES2011a.D.words6" starttime="67.17" endtime="67.94">um</w>
   <w nite:id="ES2011a.D.words7" starttime="67.94" endtime="68.46">Marketing</w>
   <w nite:id="ES2011a.D.words8" starttime="68.46" endtime="70.04">Expert</w>
   <w nite:id="ES2011a.D.words9" starttime="70.04" endtime="70.04" punc="true">.</w>
   <w nite:id="ES2011a.D.words10" starttime="70.04" endtime="70.72">Um</w>
   <w nite:id="ES2011a.D.words11" starttime="70.72" endtime="70.72" punc="true">,</w>
   <w nite:id="ES2011a.D.words12" starttime="70.72" endtime="70.85">would</w>
   <w nite:id="ES2011a.D.words13" starttime="70.85" endtime="70.92">you</w>
   <w nite:id="ES2011a.D.words14" starttime="70.92" endtime="71.1">like</w>
   <w nite:id="ES2011a.D.words15" starttime="71.1" endtime="71.21">me</w>
   <w nite:id="ES2011a.D.words16" starttime="71.21" endtime="71.3">to</w>
   <w nite:id="ES2011a.D.words17" starttime="71.3" endtime="71.51">talk</w>
   <w nite:id="ES2011a.D.words18" starttime="71.51" endtime="71.83">about</w>
   <w nite:id="ES2011a.D.words19" starttime="71.83" endtime="72.03">my</w>
   <w nite:id="ES2011a.D.words20" starttime="72.03" endtime="72.36">aims</w>
   <w nite:id="ES2011a.D.words21" starttime="72.36" endtime="72.48">at</w>
   <w nite:id="ES2011a.D.words22" starttime="72.48" endtime="72.54">the</w>
   <w nite:id="ES2011a.D.words23" starttime="72.54" endtime="73.0">moment</w>
   <w nite:id="ES2011a.D.words24" starttime="73.0" endtime="73.0" punc="true">,</w>
   <w nite:id="ES2011a.D.words25" starttime="73.0" endtime="73.07">or</w>
   <w nite:id="ES2011a.D.words26" starttime="73.07" endtime="73.19">would</w>
   <w nite:id="ES2011a.D.words27" starttime="73.19" endtime="73.31">you</w>
   <w nite:id="ES2011a.D.words28" starttime="73.31" endtime="73.52">like</w>
   <w nite:id="ES2011a.D.words29" starttime="73.52" endtime="73.63">me</w>
   <w nite:id="ES2011a.D.words30" starttime="73.63" endtime="73.75">to</w>
   <w nite:id="ES2011a.D.words31" starttime="73.75" endtime="74.67">just</w>
   <w nite:id="ES2011a.D.words32" starttime="74.67" endtime="74.96">say</w>
   <w nite:id="ES2011a.D.words33" starttime="74.96" endtime="75.2">my</w>
   <w nite:id="ES2011a.D.words34" starttime="75.2" endtime="75.37">name</w>
   <w nite:id="ES2011a.D.words35" starttime="75.37" endtime="75.8">and</w>
   <w nite:id="ES2011a.D.words36" starttime="75.8" endtime="75.99">then</w>
   <w nite:id="ES2011a.D.words37" starttime="75.99" endtime="76.13">we</w>
   <w nite:id="ES2011a.D.words38" starttime="76.13" endtime="76.3">can</w>
   <w nite:id="ES2011a.D.words39" starttime="76.3" endtime="76.55">talk</w>
   <w nite:id="ES2011a.D.words40" starttime="76.55" endtime="76.97">about</w>
   <w nite:id="ES2011a.D.words41" starttime="76.97" endtime="77.37">business</w>
   <w nite:id="ES2011a.D.words42" starttime="77.37" endtime="77.78">later</w>
   <w nite:id="ES2011a.D.words43" starttime="77.78" endtime="77.78" punc="true">?</w>
   <w nite:id="ES2011a.D.words44" starttime="78.93" endtime="79.03">We&#39;ll</w>
   <w nite:id="ES2011a.D.words45" starttime="79.03" endtime="79.25">get</w>
   <w nite:id="ES2011a.D.words46" starttime="79.25" endtime="79.47">round</w>
   <w nite:id="ES2011a.D.words47" starttime="79.47" endtime="79.53">to</w>
   <w nite:id="ES2011a.D.words48" starttime="79.53" endtime="79.72">that</w>
   <w nite:id="ES2011a.D.words49" starttime="79.72" endtime="80.51">later</w>
   <w nite:id="ES2011a.D.words50" starttime="80.51" endtime="80.51" punc="true">.</w>
   <w nite:id="ES2011a.D.words51" starttime="80.51" endtime="80.65">My</w>
   <w nite:id="ES2011a.D.words52" starttime="80.65" endtime="80.86">name</w>
   <w nite:id="ES2011a.D.words53" starttime="80.86" endtime="81.01">is</w>
   <w nite:id="ES2011a.D.words54" starttime="81.01" endtime="81.29">Chiara</w>
   <w nite:id="ES2011a.D.words55" starttime="81.29" endtime="81.44">and</w>
   <w nite:id="ES2011a.D.words56" starttime="81.44" endtime="81.62">I&#39;m</w>
   <w nite:id="ES2011a.D.words57" starttime="81.62" endtime="81.71">the</w>
   <w nite:id="ES2011a.D.words58" starttime="81.71" endtime="82.24">Marketing</w>
   <w nite:id="ES2011a.D.words59" starttime="82.24" endtime="82.89">Expert</w>
   <w nite:id="ES2011a.D.words60" starttime="82.89" endtime="82.89" punc="true">.</w>
   <w nite:id="ES2011a.D.words61" starttime="172.05" endtime="172.2">I</w>
   <w nite:id="ES2011a.D.words62" starttime="172.2" endtime="172.54">think</w>
   <w nite:id="ES2011a.D.words63" starttime="172.54" endtime="173.57">both</w>
   <w nite:id="ES2011a.D.words64" starttime="173.57" endtime="173.57" punc="true">.</w>
   <vocalsound nite:id="ES2011a.D.words65" starttime="173.57" endtime="173.672" type="laugh"/>
   <w nite:id="ES2011a.D.words66" starttime="175.8" endtime="175.9">Who</w>
   <w nite:id="ES2011a.D.words67" starttime="175.9" endtime="176.81">starts</w>
   <w nite:id="ES2011a.D.words68" starttime="176.81" endtime="176.81" punc="true">?</w>
   <w nite:id="ES2011a.D.words69" starttime="176.81" endtime="176.95">We</w>
   <w nite:id="ES2011a.D.words70" starttime="176.95" endtime="177.11">ought</w>
   <w nite:id="ES2011a.D.words71" starttime="177.11" endtime="177.22">to</w>
   <w nite:id="ES2011a.D.words72" starttime="177.22" endtime="177.66">decide</w>
   <w nite:id="ES2011a.D.words73" starttime="177.66" endtime="177.73">who</w>
   <w nite:id="ES2011a.D.words74" starttime="177.73" endtime="178.22">starts</w>
   <w nite:id="ES2011a.D.words75" starttime="178.22" endtime="178.31">and</w>
   <vocalsound nite:id="ES2011a.D.words76" starttime="178.31" endtime="178.31" type="laugh"/>
   <w nite:id="ES2011a.D.words77" starttime="178.31" endtime="178.49">all</w>
   <w nite:id="ES2011a.D.words78" starttime="178.49" endtime="180.01">that</w>
   <w nite:id="ES2011a.D.words79" starttime="180.01" endtime="180.01" punc="true">.</w>
   <w nite:id="ES2011a.D.words80" starttime="180.01" endtime="180.79">No</w>
   <w nite:id="ES2011a.D.words81" starttime="180.79" endtime="180.79" punc="true">?</w>
   <w nite:id="ES2011a.D.words82" starttime="180.79" endtime="181.08">Uh-huh</w>
   <w nite:id="ES2011a.D.words83" starttime="181.08" endtime="181.08" punc="true">.</w>
   <w nite:id="ES2011a.D.words84" starttime="395.22" endtime="395.58">Uh</w>
   <w nite:id="ES2011a.D.words85" starttime="395.58" endtime="396.26">yeah</w>
   <w nite:id="ES2011a.D.words86" starttime="396.26" endtime="396.26" punc="true">.</w>
   <w nite:id="ES2011a.D.words87" starttime="396.26" endtime="396.54">Well</w>
   <w nite:id="ES2011a.D.words88" starttime="396.54" endtime="396.6">I</w>
   <w nite:id="ES2011a.D.words89" starttime="396.6" endtime="396.8">had</w>
   <w nite:id="ES2011a.D.words90" starttime="396.8" endtime="396.9">the</w>
   <w nite:id="ES2011a.D.words91" starttime="396.9" endtime="397.25">cat</w>
   <w nite:id="ES2011a.D.words92" starttime="397.25" endtime="397.43">as</w>
   <w nite:id="ES2011a.D.words93" starttime="397.43" endtime="398.01">well</w>
   <w nite:id="ES2011a.D.words94" starttime="398.01" endtime="398.01" punc="true">,</w>
   <w nite:id="ES2011a.D.words95" starttime="398.01" endtime="399.21">but</w>
   <w nite:id="ES2011a.D.words96" starttime="399.21" endtime="399.47">uh</w>
   <w nite:id="ES2011a.D.words97" starttime="399.47" endtime="399.73">I&#39;ve</w>
   <w nite:id="ES2011a.D.words98" starttime="399.73" endtime="399.98">got</w>
   <w nite:id="ES2011a.D.words99" starttime="399.98" endtime="400.04">a</w>
   <w nite:id="ES2011a.D.words100" starttime="400.04" endtime="400.45">spare</w>
   <w nite:id="ES2011a.D.words101" starttime="400.45" endtime="400.82">one</w>
   <w nite:id="ES2011a.D.words102" starttime="400.82" endtime="400.82" punc="true">.</w>
   <w nite:id="ES2011a.D.words103" starttime="401.49" endtime="402.71">So</w>
   <w nite:id="ES2011a.D.words104" starttime="402.71" endtime="402.81">I&#39;ll</w>
   <w nite:id="ES2011a.D.words105" starttime="402.81" endtime="403.02">use</w>
   <w nite:id="ES2011a.D.words106" starttime="403.02" endtime="403.12">the</w>
   <w nite:id="ES2011a.D.words107" starttime="403.12" endtime="403.49">spare</w>
   <w nite:id="ES2011a.D.words108" starttime="403.49" endtime="403.74">one</w>
   <w nite:id="ES2011a.D.words109" starttime="403.74" endtime="403.74" punc="true">.</w>
   <w nite:id="ES2011a.D.words110" starttime="405.32" endtime="405.83">Um</w>
   <w nite:id="ES2011a.D.words111" starttime="405.83" endtime="406.0">but</w>
   <w nite:id="ES2011a.D.words112" starttime="406.0" endtime="406.25">it&#39;s</w>
   <w nite:id="ES2011a.D.words113" starttime="406.25" endtime="406.62">harder</w>
   <w nite:id="ES2011a.D.words114" starttime="406.62" endtime="406.75">to</w>
   <w nite:id="ES2011a.D.words115" starttime="406.75" endtime="408.43">draw</w>
   <gap nite:id="ES2011a.D.words116" starttime="408.43" endtime="408.43"/>
   <w nite:id="ES2011a.D.words117" starttime="408.43" endtime="408.73">um</w>
   <w nite:id="ES2011a.D.words118" starttime="408.73" endtime="408.73" punc="true">.</w>
   <w nite:id="ES2011a.D.words119" starttime="409.82" endtime="410.49">Um</w>
   <w nite:id="ES2011a.D.words120" starttime="410.49" endtime="410.49" punc="true">.</w>
   <w nite:id="ES2011a.D.words121" starttime="414.09" endtime="414.45">Uh</w>
   <w nite:id="ES2011a.D.words122" starttime="414.45" endtime="414.45" punc="true">.</w>
   <w nite:id="ES2011a.D.words123" starttime="419.01" endtime="419.47">Um</w>
   <w nite:id="ES2011a.D.words124" starttime="419.47" endtime="419.51">I</w>
   <w nite:id="ES2011a.D.words125" starttime="419.51" endtime="420.1">don&#39;t</w>
   <vocalsound nite:id="ES2011a.D.words126" starttime="420.1" endtime="420.1" type="laugh"/>
   <w nite:id="ES2011a.D.words127" starttime="420.1" endtime="420.51">really</w>
   <w nite:id="ES2011a.D.words128" starttime="420.51" endtime="421.29" mispronounced="true">know</w>
   <w nite:id="ES2011a.D.words129" starttime="421.29" endtime="421.43">how</w>
   <w nite:id="ES2011a.D.words130" starttime="421.43" endtime="421.56">the</w>
   <w nite:id="ES2011a.D.words131" starttime="421.56" endtime="421.97">legs</w>
   <w nite:id="ES2011a.D.words132" starttime="421.97" endtime="422.52">go</w>
   <w nite:id="ES2011a.D.words133" starttime="422.52" endtime="422.52" punc="true">,</w>
   <w nite:id="ES2011a.D.words134" starttime="422.52" endtime="422.7">but</w>
   <w nite:id="ES2011a.D.words135" starttime="422.7" endtime="423.14">anyway</w>
   <w nite:id="ES2011a.D.words136" starttime="423.14" endtime="423.99">I</w>
   <w nite:id="ES2011a.D.words137" starttime="423.99" endtime="424.19">will</w>
   <w nite:id="ES2011a.D.words138" starttime="424.19" endtime="424.34">do</w>
   <w nite:id="ES2011a.D.words139" starttime="424.34" endtime="424.67">that</w>
   <w nite:id="ES2011a.D.words140" starttime="424.67" endtime="424.67" punc="true">.</w>
   <w nite:id="ES2011a.D.words141" starttime="425.91" endtime="427.35">Um</w>
   <w nite:id="ES2011a.D.words142" starttime="427.35" endtime="427.35" punc="true">,</w>
   <w nite:id="ES2011a.D.words143" starttime="427.35" endtime="427.62">and</w>
   <w nite:id="ES2011a.D.words144" starttime="427.62" endtime="427.71">the</w>
   <w nite:id="ES2011a.D.words145" starttime="427.71" endtime="428.05">main</w>
   <w nite:id="ES2011a.D.words146" starttime="428.05" endtime="428.5">reason</w>
   <w nite:id="ES2011a.D.words147" starttime="428.5" endtime="428.81">is</w>
   <w nite:id="ES2011a.D.words148" starttime="428.81" endtime="429.03">they&#39;re</w>
   <w nite:id="ES2011a.D.words149" starttime="429.03" endtime="429.69">pretty</w>
   <w nite:id="ES2011a.D.words150" starttime="429.69" endtime="429.69" punc="true">.</w>
   <w nite:id="ES2011a.D.words151" starttime="429.69" endtime="429.8">I</w>
   <w nite:id="ES2011a.D.words152" starttime="429.8" endtime="430.02">think</w>
   <w nite:id="ES2011a.D.words153" starttime="430.02" endtime="430.15">they&#39;re</w>
   <w nite:id="ES2011a.D.words154" starttime="430.15" endtime="430.37">very</w>
   <w nite:id="ES2011a.D.words155" starttime="430.37" endtime="430.82">pretty</w>
   <w nite:id="ES2011a.D.words156" starttime="430.82" endtime="430.95">and</w>
   <w nite:id="ES2011a.D.words157" starttime="430.95" endtime="431.06">they</w>
   <w nite:id="ES2011a.D.words158" starttime="431.06" endtime="431.75">go</w>
   <w nite:id="ES2011a.D.words159" starttime="431.75" endtime="432.1">well</w>
   <w nite:id="ES2011a.D.words160" starttime="432.1" endtime="432.22">with</w>
   <w nite:id="ES2011a.D.words161" starttime="432.22" endtime="432.32">the</w>
   <w nite:id="ES2011a.D.words162" starttime="432.32" endtime="433.08">environment</w>
   <w nite:id="ES2011a.D.words163" starttime="433.08" endtime="433.08" punc="true">,</w>
   <w nite:id="ES2011a.D.words164" starttime="433.08" endtime="433.2">and</w>
   <w nite:id="ES2011a.D.words165" starttime="433.2" endtime="433.26">I</w>
   <w nite:id="ES2011a.D.words166" starttime="433.26" endtime="433.49">like</w>
   <w nite:id="ES2011a.D.words167" starttime="433.49" endtime="433.57">the</w>
   <w nite:id="ES2011a.D.words168" starttime="433.57" endtime="433.76">way</w>
   <w nite:id="ES2011a.D.words169" starttime="433.76" endtime="433.93">they</w>
   <w nite:id="ES2011a.D.words170" starttime="433.93" endtime="434.24">run</w>
   <w nite:id="ES2011a.D.words171" starttime="434.24" endtime="434.37">and</w>
   <w nite:id="ES2011a.D.words172" starttime="434.37" endtime="434.44">I</w>
   <w nite:id="ES2011a.D.words173" starttime="434.44" endtime="434.7">used</w>
   <w nite:id="ES2011a.D.words174" starttime="434.7" endtime="434.79">to</w>
   <w nite:id="ES2011a.D.words175" starttime="434.79" endtime="434.93">do</w>
   <w nite:id="ES2011a.D.words176" starttime="434.93" endtime="435.25">horse</w>
   <w nite:id="ES2011a.D.words177" starttime="435.25" endtime="435.71">riding</w>
   <w nite:id="ES2011a.D.words178" starttime="435.71" endtime="435.83">and</w>
   <w nite:id="ES2011a.D.words179" starttime="435.83" endtime="435.96">they&#39;re</w>
   <w nite:id="ES2011a.D.words180" starttime="435.96" endtime="436.22">just</w>
   <w nite:id="ES2011a.D.words181" starttime="436.22" endtime="437.0">very</w>
   <w nite:id="ES2011a.D.words182" starttime="437.0" endtime="437.21">sort</w>
   <w nite:id="ES2011a.D.words183" starttime="437.21" endtime="437.3">of</w>
   <w nite:id="ES2011a.D.words184" starttime="437.3" endtime="437.91">sturdy</w>
   <w nite:id="ES2011a.D.words185" starttime="437.91" endtime="438.06">and</w>
   <w nite:id="ES2011a.D.words186" starttime="438.06" endtime="438.4">nice</w>
   <w nite:id="ES2011a.D.words187" starttime="438.4" endtime="439.71">animals</w>
   <w nite:id="ES2011a.D.words188" starttime="439.71" endtime="439.71" punc="true">.</w>
   <w nite:id="ES2011a.D.words189" starttime="439.71" endtime="439.91">And</w>
   <w nite:id="ES2011a.D.words190" starttime="439.91" endtime="439.97">I</w>
   <w nite:id="ES2011a.D.words191" starttime="439.97" endtime="440.27">like</w>
   <w nite:id="ES2011a.D.words192" starttime="440.27" endtime="440.39">the</w>
   <w nite:id="ES2011a.D.words193" starttime="440.39" endtime="441.04">way</w>
   <w nite:id="ES2011a.D.words194" starttime="441.04" endtime="443.08">um</w>
   <w nite:id="ES2011a.D.words195" starttime="443.08" endtime="443.26">they</w>
   <w nite:id="ES2011a.D.words196" starttime="443.26" endtime="443.77">feel</w>
   <w nite:id="ES2011a.D.words197" starttime="443.77" endtime="443.77" punc="true">,</w>
   <w nite:id="ES2011a.D.words198" starttime="443.77" endtime="444.05">sort</w>
   <w nite:id="ES2011a.D.words199" starttime="444.05" endtime="444.17">of</w>
   <w nite:id="ES2011a.D.words200" starttime="444.17" endtime="445.45">under</w>
   <w nite:id="ES2011a.D.words201" starttime="445.45" endtime="445.74">under</w>
   <w nite:id="ES2011a.D.words202" starttime="445.74" endtime="445.91">the</w>
   <w nite:id="ES2011a.D.words203" starttime="445.91" endtime="446.29">hand</w>
   <w nite:id="ES2011a.D.words204" starttime="446.29" endtime="446.29" punc="true">,</w>
   <w nite:id="ES2011a.D.words205" starttime="446.29" endtime="446.48">I</w>
   <w nite:id="ES2011a.D.words206" starttime="446.48" endtime="446.68">think</w>
   <w nite:id="ES2011a.D.words207" starttime="446.68" endtime="446.91">that&#39;s</w>
   <w nite:id="ES2011a.D.words208" starttime="446.91" endtime="447.18">pretty</w>
   <w nite:id="ES2011a.D.words209" starttime="447.18" endtime="447.46">much</w>
   <w nite:id="ES2011a.D.words210" starttime="447.46" endtime="448.85">it</w>
   <w nite:id="ES2011a.D.words211" starttime="448.85" endtime="448.85" punc="true">.</w>
   <w nite:id="ES2011a.D.words212" starttime="448.85" endtime="449.27">Um</w>
   <disfmarker nite:id="ES2011a.D.words213" starttime="449.27" endtime="449.376"/>
   <vocalsound nite:id="ES2011a.D.words214" starttime="488.176" endtime="490.324" type="laugh"/>
   <vocalsound nite:id="ES2011a.D.words215" starttime="505.577" endtime="506.235" type="laugh"/>
   <w nite:id="ES2011a.D.words216" starttime="567.89" endtime="568.06">How</w>
   <w nite:id="ES2011a.D.words217" starttime="568.06" endtime="568.52">many</w>
   <w nite:id="ES2011a.D.words218" starttime="568.52" endtime="568.79">should</w>
   <w nite:id="ES2011a.D.words219" starttime="568.79" endtime="568.92">we</w>
   <w nite:id="ES2011a.D.words220" starttime="568.92" endtime="569.25">sell</w>
   <w nite:id="ES2011a.D.words221" starttime="569.25" endtime="570.62">then</w>
   <w nite:id="ES2011a.D.words222" starttime="570.62" endtime="570.62" punc="true">?</w>
   <vocalsound nite:id="ES2011a.D.words223" starttime="570.62" endtime="570.62" type="laugh"/>
   <w nite:id="ES2011a.D.words224" starttime="570.62" endtime="571.09">Um</w>
   <w nite:id="ES2011a.D.words225" starttime="571.09" endtime="571.09" punc="true">,</w>
   <w nite:id="ES2011a.D.words226" starttime="571.09" endtime="571.19">a</w>
   <w nite:id="ES2011a.D.words227" starttime="571.19" endtime="571.92">lot</w>
   <w nite:id="ES2011a.D.words228" starttime="571.92" endtime="571.92" punc="true">,</w>
   <w nite:id="ES2011a.D.words229" starttime="571.92" endtime="572.3">two</w>
   <w nite:id="ES2011a.D.words230" starttime="572.3" endtime="573.19">two</w>
   <w nite:id="ES2011a.D.words231" starttime="573.19" endtime="573.42">two</w>
   <w nite:id="ES2011a.D.words232" starttime="573.42" endtime="574.59">million</w>
   <w nite:id="ES2011a.D.words233" starttime="574.59" endtime="574.59" punc="true">,</w>
   <gap nite:id="ES2011a.D.words234" starttime="574.59" endtime="574.59"/>
   <w nite:id="ES2011a.D.words235" starttime="574.59" endtime="574.78">two</w>
   <w nite:id="ES2011a.D.words236" starttime="574.78" endtime="575.15" trunc="true">mi</w>
   <w nite:id="ES2011a.D.words237" starttime="575.15" endtime="576.25">no</w>
   <w nite:id="ES2011a.D.words238" starttime="576.25" endtime="576.25" punc="true">,</w>
   <w nite:id="ES2011a.D.words239" starttime="576.25" endtime="576.47">more</w>
   <w nite:id="ES2011a.D.words240" starttime="576.47" endtime="576.85" trunc="true">f</w>
   <w nite:id="ES2011a.D.words241" starttime="576.85" endtime="577.17">four</w>
   <w nite:id="ES2011a.D.words242" starttime="577.17" endtime="577.6">million</w>
   <w nite:id="ES2011a.D.words243" starttime="577.6" endtime="577.6" punc="true">.</w>
   <w nite:id="ES2011a.D.words244" starttime="578.64" endtime="578.78">Four</w>
   <w nite:id="ES2011a.D.words245" starttime="578.78" endtime="580.19">million</w>
   <w nite:id="ES2011a.D.words246" starttime="580.19" endtime="580.19" punc="true">.</w>
   <w nite:id="ES2011a.D.words247" starttime="580.19" endtime="580.34">And</w>
   <w nite:id="ES2011a.D.words248" starttime="580.34" endtime="580.82">it</w>
   <disfmarker nite:id="ES2011a.D.words249" starttime="580.82" endtime="580.82"/>
   <w nite:id="ES2011a.D.words250" starttime="580.82" endtime="581.05">well</w>
   <w nite:id="ES2011a.D.words251" starttime="581.05" endtime="581.22">it&#39;s</w>
   <w nite:id="ES2011a.D.words252" starttime="581.22" endtime="581.31">the</w>
   <w nite:id="ES2011a.D.words253" starttime="581.31" endtime="581.87">profit</w>
   <w nite:id="ES2011a.D.words254" starttime="581.87" endtime="583.25">so</w>
   <w nite:id="ES2011a.D.words255" starttime="583.25" endtime="583.36">if</w>
   <w nite:id="ES2011a.D.words256" starttime="583.36" endtime="583.44">a</w>
   <w nite:id="ES2011a.D.words257" starttime="583.44" endtime="583.97">profit</w>
   <w nite:id="ES2011a.D.words258" starttime="583.97" endtime="584.15">for</w>
   <w nite:id="ES2011a.D.words259" starttime="584.15" endtime="584.46">each</w>
   <w nite:id="ES2011a.D.words260" starttime="584.46" endtime="584.63">is</w>
   <w nite:id="ES2011a.D.words261" starttime="584.63" endtime="584.9">twelve</w>
   <w nite:id="ES2011a.D.words262" starttime="584.9" endtime="585.76">fifty</w>
   <w nite:id="ES2011a.D.words263" starttime="585.76" endtime="585.76" punc="true">,</w>
   <w nite:id="ES2011a.D.words264" starttime="585.76" endtime="586.01">that&#39;ll</w>
   <w nite:id="ES2011a.D.words265" starttime="586.01" endtime="586.17">do</w>
   <w nite:id="ES2011a.D.words266" starttime="586.17" endtime="586.4">four</w>
   <w nite:id="ES2011a.D.words267" starttime="586.4" endtime="586.81">million</w>
   <w nite:id="ES2011a.D.words268" starttime="586.81" endtime="586.81" punc="true">.</w>
   <vocalsound nite:id="ES2011a.D.words269" starttime="597.552" endtime="597.552" type="laugh"/>
   <w nite:id="ES2011a.D.words270" starttime="597.77" endtime="598.06">It</w>
   <w nite:id="ES2011a.D.words271" starttime="598.06" endtime="598.2">is</w>
   <w nite:id="ES2011a.D.words272" starttime="598.2" endtime="598.3">a</w>
   <w nite:id="ES2011a.D.words273" starttime="598.3" endtime="599.21">lot</w>
   <w nite:id="ES2011a.D.words274" starttime="599.21" endtime="599.21" punc="true">.</w>
   <w nite:id="ES2011a.D.words275" starttime="599.21" endtime="599.67">Uh</w>
   <w nite:id="ES2011a.D.words276" starttime="599.67" endtime="599.67" punc="true">.</w>
   <w nite:id="ES2011a.D.words277" starttime="654.15" endtime="654.89">Um</w>
   <w nite:id="ES2011a.D.words278" starttime="654.89" endtime="654.89" punc="true">,</w>
   <w nite:id="ES2011a.D.words279" starttime="654.89" endtime="655.04">I</w>
   <w nite:id="ES2011a.D.words280" starttime="655.04" endtime="655.29">think</w>
   <w nite:id="ES2011a.D.words281" starttime="655.29" endtime="655.48">one</w>
   <w nite:id="ES2011a.D.words282" starttime="655.48" endtime="655.7">thing</w>
   <w nite:id="ES2011a.D.words283" starttime="655.7" endtime="655.96">is</w>
   <w nite:id="ES2011a.D.words284" starttime="655.96" endtime="656.09">that</w>
   <w nite:id="ES2011a.D.words285" starttime="656.09" endtime="656.21">it</w>
   <w nite:id="ES2011a.D.words286" starttime="656.21" endtime="656.48">should</w>
   <w nite:id="ES2011a.D.words287" starttime="656.48" endtime="656.83">be</w>
   <w nite:id="ES2011a.D.words288" starttime="656.83" endtime="657.22">easy</w>
   <w nite:id="ES2011a.D.words289" starttime="657.22" endtime="657.38">to</w>
   <w nite:id="ES2011a.D.words290" starttime="657.38" endtime="658.49">find</w>
   <w nite:id="ES2011a.D.words291" starttime="658.49" endtime="659.15" trunc="true">bec</w>
   <w nite:id="ES2011a.D.words292" starttime="659.15" endtime="659.66">yeah</w>
   <vocalsound nite:id="ES2011a.D.words293" starttime="659.66" endtime="659.66" type="laugh"/>
   <w nite:id="ES2011a.D.words294" starttime="659.66" endtime="660.06" trunc="true">bec</w>
   <w nite:id="ES2011a.D.words295" starttime="668.04" endtime="668.3">Yeah</w>
   <w nite:id="ES2011a.D.words296" starttime="668.3" endtime="668.3" punc="true">,</w>
   <w nite:id="ES2011a.D.words297" starttime="668.3" endtime="668.51">yeah</w>
   <w nite:id="ES2011a.D.words298" starttime="668.51" endtime="668.87">yeah</w>
   <w nite:id="ES2011a.D.words299" starttime="668.87" endtime="669.21">yeah</w>
   <w nite:id="ES2011a.D.words300" starttime="669.21" endtime="669.31">yeah</w>
   <w nite:id="ES2011a.D.words301" starttime="669.31" endtime="669.31" punc="true">.</w>
   <w nite:id="ES2011a.D.words302" starttime="674.61" endtime="675.03">Yeah</w>
   <w nite:id="ES2011a.D.words303" starttime="675.03" endtime="675.03" punc="true">.</w>
   <w nite:id="ES2011a.D.words304" starttime="676.52" endtime="676.69">And</w>
   <w nite:id="ES2011a.D.words305" starttime="676.69" endtime="677.01">even</w>
   <w nite:id="ES2011a.D.words306" starttime="677.01" endtime="677.14">I</w>
   <w nite:id="ES2011a.D.words307" starttime="677.14" endtime="677.48">think</w>
   <w nite:id="ES2011a.D.words308" starttime="677.48" endtime="677.77">a</w>
   <w nite:id="ES2011a.D.words309" starttime="677.77" endtime="678.01">little</w>
   <w nite:id="ES2011a.D.words310" starttime="678.01" endtime="678.82">light</w>
   <w nite:id="ES2011a.D.words311" starttime="678.82" endtime="678.82" punc="true">.</w>
   <w nite:id="ES2011a.D.words312" starttime="678.82" endtime="679.47">Um</w>
   <w nite:id="ES2011a.D.words313" starttime="679.47" endtime="679.81">or</w>
   <w nite:id="ES2011a.D.words314" starttime="679.81" endtime="680.19">even</w>
   <w nite:id="ES2011a.D.words315" starttime="680.19" endtime="680.54">a</w>
   <disfmarker nite:id="ES2011a.D.words316" starttime="680.54" endtime="680.54"/>
   <w nite:id="ES2011a.D.words317" starttime="680.54" endtime="681.39">maybe</w>
   <w nite:id="ES2011a.D.words318" starttime="681.39" endtime="681.51">a</w>
   <w nite:id="ES2011a.D.words319" starttime="681.51" endtime="682.16" trunc="true">vib</w>
   <w nite:id="ES2011a.D.words320" starttime="682.16" endtime="682.31">a</w>
   <w nite:id="ES2011a.D.words321" starttime="682.31" endtime="683.03">vibrating</w>
   <w nite:id="ES2011a.D.words322" starttime="683.03" endtime="683.24">thing</w>
   <w nite:id="ES2011a.D.words323" starttime="683.24" endtime="683.24" punc="true">.</w>
   <w nite:id="ES2011a.D.words324" starttime="683.24" endtime="683.38">I</w>
   <w nite:id="ES2011a.D.words325" starttime="683.38" endtime="683.81">dunno</w>
   <w nite:id="ES2011a.D.words326" starttime="683.81" endtime="684.0">but</w>
   <w nite:id="ES2011a.D.words327" starttime="684.0" endtime="684.46" trunc="true">someth</w>
   <w nite:id="ES2011a.D.words328" starttime="684.46" endtime="684.82">because</w>
   <w nite:id="ES2011a.D.words329" starttime="684.82" endtime="685.02">it&#39;s</w>
   <w nite:id="ES2011a.D.words330" starttime="685.02" endtime="685.42">usually</w>
   <w nite:id="ES2011a.D.words331" starttime="685.42" endtime="685.7">under</w>
   <w nite:id="ES2011a.D.words332" starttime="685.7" endtime="685.93">the</w>
   <w nite:id="ES2011a.D.words333" starttime="685.93" endtime="686.59">sofa</w>
   <w nite:id="ES2011a.D.words334" starttime="686.59" endtime="686.59" punc="true">.</w>
   <w nite:id="ES2011a.D.words335" starttime="687.55" endtime="687.73">In</w>
   <w nite:id="ES2011a.D.words336" starttime="687.73" endtime="687.95">which</w>
   <w nite:id="ES2011a.D.words337" starttime="687.95" endtime="688.4">case</w>
   <w nite:id="ES2011a.D.words338" starttime="688.4" endtime="688.51">you&#39;re</w>
   <w nite:id="ES2011a.D.words339" starttime="688.51" endtime="688.77">going</w>
   <w nite:id="ES2011a.D.words340" starttime="688.77" endtime="688.88">to</w>
   <w nite:id="ES2011a.D.words341" starttime="688.88" endtime="689.08">be</w>
   <w nite:id="ES2011a.D.words342" starttime="689.08" endtime="689.25" trunc="true">l</w>
   <w nite:id="ES2011a.D.words343" starttime="689.25" endtime="689.44">but</w>
   <w nite:id="ES2011a.D.words344" starttime="689.44" endtime="689.57">if</w>
   <w nite:id="ES2011a.D.words345" starttime="689.57" endtime="689.83">it</w>
   <w nite:id="ES2011a.D.words346" starttime="689.83" endtime="690.08">has</w>
   <w nite:id="ES2011a.D.words347" starttime="690.08" endtime="690.15">a</w>
   <w nite:id="ES2011a.D.words348" starttime="690.15" endtime="690.4">sort</w>
   <w nite:id="ES2011a.D.words349" starttime="690.4" endtime="690.51">of</w>
   <w nite:id="ES2011a.D.words350" starttime="690.51" endtime="690.97">signal</w>
   <w nite:id="ES2011a.D.words351" starttime="690.97" endtime="691.22">which</w>
   <w nite:id="ES2011a.D.words352" starttime="691.22" endtime="691.53">isn&#39;t</w>
   <w nite:id="ES2011a.D.words353" starttime="691.53" endtime="691.78">any</w>
   <w nite:id="ES2011a.D.words354" starttime="691.78" endtime="692.04">sound</w>
   <disfmarker nite:id="ES2011a.D.words355" starttime="692.04" endtime="692.04"/>
   <w nite:id="ES2011a.D.words356" starttime="692.04" endtime="692.14">I</w>
   <w nite:id="ES2011a.D.words357" starttime="692.14" endtime="692.36">don&#39;t</w>
   <w nite:id="ES2011a.D.words358" starttime="692.36" endtime="692.47">know</w>
   <w nite:id="ES2011a.D.words359" starttime="692.47" endtime="692.57">if</w>
   <w nite:id="ES2011a.D.words360" starttime="692.57" endtime="692.79">it&#39;s</w>
   <w nite:id="ES2011a.D.words361" starttime="692.79" endtime="693.51">expensive</w>
   <w nite:id="ES2011a.D.words362" starttime="693.51" endtime="693.93">maybe</w>
   <w nite:id="ES2011a.D.words363" starttime="693.93" endtime="694.12">to</w>
   <disfmarker nite:id="ES2011a.D.words364" starttime="694.12" endtime="694.156"/>
   <w nite:id="ES2011a.D.words365" starttime="695.09" endtime="695.39">Maybe</w>
   <w nite:id="ES2011a.D.words366" starttime="695.39" endtime="695.68">call</w>
   <w nite:id="ES2011a.D.words367" starttime="695.68" endtime="695.85">is</w>
   <w nite:id="ES2011a.D.words368" starttime="695.85" endtime="696.45">enough</w>
   <w nite:id="ES2011a.D.words369" starttime="696.45" endtime="696.45" punc="true">.</w>
   <w nite:id="ES2011a.D.words370" starttime="696.45" endtime="696.71">But</w>
   <w nite:id="ES2011a.D.words371" starttime="696.71" endtime="697.04">yeah</w>
   <w nite:id="ES2011a.D.words372" starttime="697.04" endtime="697.04" punc="true">.</w>
   <w nite:id="ES2011a.D.words373" starttime="701.17" endtime="701.46">Yeah</w>
   <w nite:id="ES2011a.D.words374" starttime="701.46" endtime="701.65">yeah</w>
   <w nite:id="ES2011a.D.words375" starttime="701.65" endtime="701.99">yeah</w>
   <w nite:id="ES2011a.D.words376" starttime="701.99" endtime="701.99" punc="true">.</w>
   <w nite:id="ES2011a.D.words377" starttime="704.23" endtime="704.77">Yeah</w>
   <w nite:id="ES2011a.D.words378" starttime="704.77" endtime="704.77" punc="true">.</w>
   <w nite:id="ES2011a.D.words379" starttime="730.69" endtime="730.8">Yeah</w>
   <w nite:id="ES2011a.D.words380" starttime="730.8" endtime="731.16">yeah</w>
   <w nite:id="ES2011a.D.words381" starttime="731.16" endtime="731.36">yeah</w>
   <w nite:id="ES2011a.D.words382" starttime="731.36" endtime="731.77">yeah</w>
   <w nite:id="ES2011a.D.words383" starttime="731.77" endtime="731.77" punc="true">.</w>
   <vocalsound nite:id="ES2011a.D.words384" starttime="739.885" endtime="741.292" type="laugh"/>
   <vocalsound nite:id="ES2011a.D.words385" starttime="749.595" endtime="750.994" type="laugh"/>
   <w nite:id="ES2011a.D.words386" starttime="751.96" endtime="752.12">But</w>
   <w nite:id="ES2011a.D.words387" starttime="752.12" endtime="752.43">even</w>
   <w nite:id="ES2011a.D.words388" starttime="752.43" endtime="752.72">just</w>
   <w nite:id="ES2011a.D.words389" starttime="752.72" endtime="752.83">a</w>
   <w nite:id="ES2011a.D.words390" starttime="752.83" endtime="753.09">thing</w>
   <w nite:id="ES2011a.D.words391" starttime="753.09" endtime="753.22">to</w>
   <w nite:id="ES2011a.D.words392" starttime="753.22" endtime="753.6">attach</w>
   <w nite:id="ES2011a.D.words393" starttime="753.6" endtime="753.75">it</w>
   <w nite:id="ES2011a.D.words394" starttime="753.75" endtime="753.85">to</w>
   <w nite:id="ES2011a.D.words395" starttime="753.85" endtime="753.99">the</w>
   <w nite:id="ES2011a.D.words396" starttime="753.99" endtime="754.29" trunc="true">w</w>
   <w nite:id="ES2011a.D.words397" starttime="754.29" endtime="754.44">you</w>
   <w nite:id="ES2011a.D.words398" starttime="754.44" endtime="754.61">know</w>
   <w nite:id="ES2011a.D.words399" starttime="754.61" endtime="754.76">if</w>
   <w nite:id="ES2011a.D.words400" starttime="754.76" endtime="754.9">you</w>
   <w nite:id="ES2011a.D.words401" starttime="754.9" endtime="755.1">had</w>
   <w nite:id="ES2011a.D.words402" starttime="755.1" endtime="755.17">a</w>
   <w nite:id="ES2011a.D.words403" starttime="755.17" endtime="755.57">thing</w>
   <w nite:id="ES2011a.D.words404" starttime="755.57" endtime="755.57" punc="true">,</w>
   <w nite:id="ES2011a.D.words405" starttime="755.57" endtime="755.71">a</w>
   <w nite:id="ES2011a.D.words406" starttime="755.71" endtime="756.28">pretty</w>
   <w nite:id="ES2011a.D.words407" starttime="756.28" endtime="756.87">object</w>
   <w nite:id="ES2011a.D.words408" starttime="756.87" endtime="757.3">attached</w>
   <w nite:id="ES2011a.D.words409" starttime="757.3" endtime="757.4">to</w>
   <w nite:id="ES2011a.D.words410" starttime="757.4" endtime="757.51">the</w>
   <w nite:id="ES2011a.D.words411" starttime="757.51" endtime="757.78">wall</w>
   <w nite:id="ES2011a.D.words412" starttime="757.78" endtime="757.78" punc="true">.</w>
   <w nite:id="ES2011a.D.words413" starttime="757.78" endtime="757.88">But</w>
   <w nite:id="ES2011a.D.words414" starttime="757.88" endtime="758.06">that</w>
   <w nite:id="ES2011a.D.words415" starttime="758.06" endtime="758.36">would</w>
   <w nite:id="ES2011a.D.words416" starttime="758.36" endtime="758.69">really</w>
   <w nite:id="ES2011a.D.words417" starttime="758.69" endtime="758.96">make</w>
   <w nite:id="ES2011a.D.words418" starttime="758.96" endtime="759.09">it</w>
   <w nite:id="ES2011a.D.words419" starttime="759.09" endtime="759.28">more</w>
   <w nite:id="ES2011a.D.words420" starttime="759.28" endtime="760.21">expensive</w>
   <w nite:id="ES2011a.D.words421" starttime="760.21" endtime="760.21" punc="true">.</w>
   <w nite:id="ES2011a.D.words422" starttime="760.21" endtime="760.33">But</w>
   <w nite:id="ES2011a.D.words423" starttime="760.33" endtime="760.53">it&#39;s</w>
   <w nite:id="ES2011a.D.words424" starttime="760.53" endtime="760.78">only</w>
   <w nite:id="ES2011a.D.words425" starttime="760.78" endtime="760.85">a</w>
   <w nite:id="ES2011a.D.words426" starttime="760.85" endtime="762.04">plastic</w>
   <w nite:id="ES2011a.D.words427" starttime="762.04" endtime="762.6">thing</w>
   <w nite:id="ES2011a.D.words428" starttime="762.6" endtime="762.6" punc="true">,</w>
   <w nite:id="ES2011a.D.words429" starttime="762.6" endtime="763.9" trunc="true">r</w>
   <w nite:id="ES2011a.D.words430" starttime="763.9" endtime="764.29">really</w>
   <w nite:id="ES2011a.D.words431" starttime="764.29" endtime="764.29" punc="true">,</w>
   <w nite:id="ES2011a.D.words432" starttime="764.29" endtime="764.39">the</w>
   <w nite:id="ES2011a.D.words433" starttime="764.39" endtime="764.63">thing</w>
   <w nite:id="ES2011a.D.words434" starttime="764.63" endtime="764.72">on</w>
   <w nite:id="ES2011a.D.words435" starttime="764.72" endtime="764.79">the</w>
   <w nite:id="ES2011a.D.words436" starttime="764.79" endtime="765.42">wall</w>
   <w nite:id="ES2011a.D.words437" starttime="765.42" endtime="765.42" punc="true">.</w>
   <w nite:id="ES2011a.D.words438" starttime="765.42" endtime="765.82">Something</w>
   <w nite:id="ES2011a.D.words439" starttime="765.82" endtime="765.93">like</w>
   <w nite:id="ES2011a.D.words440" starttime="765.93" endtime="766.52">that</w>
   <w nite:id="ES2011a.D.words441" starttime="766.52" endtime="766.52" punc="true">.</w>
   <w nite:id="ES2011a.D.words442" starttime="766.52" endtime="766.68">And</w>
   <w nite:id="ES2011a.D.words443" starttime="766.68" endtime="766.74">the</w>
   <w nite:id="ES2011a.D.words444" starttime="766.74" endtime="766.84">other</w>
   <w nite:id="ES2011a.D.words445" starttime="766.84" endtime="767.08">thing</w>
   <w nite:id="ES2011a.D.words446" starttime="767.08" endtime="767.42">is</w>
   <disfmarker nite:id="ES2011a.D.words447" starttime="767.42" endtime="767.523"/>
   <w nite:id="ES2011a.D.words448" starttime="771.52" endtime="771.91">Not</w>
   <disfmarker nite:id="ES2011a.D.words449" starttime="771.91" endtime="771.91"/>
   <w nite:id="ES2011a.D.words450" starttime="771.91" endtime="772.18">well</w>
   <w nite:id="ES2011a.D.words451" starttime="772.18" endtime="772.27">it</w>
   <w nite:id="ES2011a.D.words452" starttime="772.27" endtime="772.57">needs</w>
   <w nite:id="ES2011a.D.words453" starttime="772.57" endtime="772.69">to</w>
   <w nite:id="ES2011a.D.words454" starttime="772.69" endtime="773.01">be</w>
   <w nite:id="ES2011a.D.words455" starttime="773.01" endtime="773.35">sort</w>
   <w nite:id="ES2011a.D.words456" starttime="773.35" endtime="773.85">of</w>
   <disfmarker nite:id="ES2011a.D.words457" starttime="773.85" endtime="773.888"/>
   <w nite:id="ES2011a.D.words458" starttime="775.06" endtime="776.03">Yeah</w>
   <w nite:id="ES2011a.D.words459" starttime="776.03" endtime="776.03" punc="true">.</w>
   <w nite:id="ES2011a.D.words460" starttime="776.03" endtime="776.17">I</w>
   <w nite:id="ES2011a.D.words461" starttime="776.17" endtime="776.4">don&#39;t</w>
   <w nite:id="ES2011a.D.words462" starttime="776.4" endtime="776.54">think</w>
   <w nite:id="ES2011a.D.words463" starttime="776.54" endtime="776.68">you</w>
   <w nite:id="ES2011a.D.words464" starttime="776.68" endtime="776.96">need</w>
   <w nite:id="ES2011a.D.words465" starttime="776.96" endtime="777.2">a</w>
   <disfmarker nite:id="ES2011a.D.words466" starttime="777.2" endtime="777.248"/>
   <w nite:id="ES2011a.D.words467" starttime="779.48" endtime="779.64">But</w>
   <w nite:id="ES2011a.D.words468" starttime="779.64" endtime="780.1">definitely</w>
   <w nite:id="ES2011a.D.words469" starttime="780.1" endtime="781.04">not</w>
   <disfmarker nite:id="ES2011a.D.words470" starttime="781.04" endtime="781.04"/>
   <w nite:id="ES2011a.D.words471" starttime="781.04" endtime="781.22">well</w>
   <w nite:id="ES2011a.D.words472" starttime="781.22" endtime="781.25">I</w>
   <w nite:id="ES2011a.D.words473" starttime="781.25" endtime="781.48">don&#39;t</w>
   <w nite:id="ES2011a.D.words474" starttime="781.48" endtime="781.66">know</w>
   <w nite:id="ES2011a.D.words475" starttime="781.66" endtime="781.66" punc="true">.</w>
   <w nite:id="ES2011a.D.words476" starttime="784.93" endtime="785.3">No</w>
   <w nite:id="ES2011a.D.words477" starttime="785.3" endtime="785.3" punc="true">,</w>
   <w nite:id="ES2011a.D.words478" starttime="785.3" endtime="785.38">it</w>
   <w nite:id="ES2011a.D.words479" starttime="785.38" endtime="785.66">can&#39;t</w>
   <w nite:id="ES2011a.D.words480" starttime="785.66" endtime="786.05">be</w>
   <w nite:id="ES2011a.D.words481" starttime="786.05" endtime="786.05" punc="true">,</w>
   <w nite:id="ES2011a.D.words482" starttime="786.05" endtime="786.33">uh-uh</w>
   <w nite:id="ES2011a.D.words483" starttime="786.33" endtime="786.33" punc="true">.</w>
   <vocalsound nite:id="ES2011a.D.words484" starttime="789.776" endtime="789.776" type="laugh"/>
   <w nite:id="ES2011a.D.words485" starttime="790.56" endtime="790.82">Like</w>
   <w nite:id="ES2011a.D.words486" starttime="790.82" endtime="792.11">spaceship</w>
   <w nite:id="ES2011a.D.words487" starttime="792.11" endtime="792.11" punc="true">.</w>
   <w nite:id="ES2011a.D.words488" starttime="792.11" endtime="792.88">Right</w>
   <w nite:id="ES2011a.D.words489" starttime="792.88" endtime="792.88" punc="true">.</w>
   <w nite:id="ES2011a.D.words490" starttime="792.88" endtime="793.37">Um</w>
   <disfmarker nite:id="ES2011a.D.words491" starttime="793.37" endtime="793.676"/>
   <w nite:id="ES2011a.D.words492" starttime="813.01" endtime="813.18">Oh</w>
   <w nite:id="ES2011a.D.words493" starttime="813.18" endtime="813.45">dear</w>
   <w nite:id="ES2011a.D.words494" starttime="813.45" endtime="813.45" punc="true">.</w>
   <w nite:id="ES2011a.D.words495" starttime="823.78" endtime="824.07">Yeah</w>
   <w nite:id="ES2011a.D.words496" starttime="824.07" endtime="824.07" punc="true">,</w>
   <w nite:id="ES2011a.D.words497" starttime="824.07" endtime="824.25">yeah</w>
   <w nite:id="ES2011a.D.words498" starttime="824.25" endtime="824.61">yeah</w>
   <w nite:id="ES2011a.D.words499" starttime="824.61" endtime="824.61" punc="true">.</w>
   <w nite:id="ES2011a.D.words500" starttime="842.58" endtime="843.23">Yeah</w>
   <w nite:id="ES2011a.D.words501" starttime="843.23" endtime="843.23" punc="true">.</w>
   <w nite:id="ES2011a.D.words502" starttime="855.47" endtime="856.9">Select</w>
   <w nite:id="ES2011a.D.words503" starttime="856.9" endtime="856.9" punc="true">.</w>
   <w nite:id="ES2011a.D.words504" starttime="856.9" endtime="857.15">Uh</w>
   <w nite:id="ES2011a.D.words505" starttime="857.15" endtime="857.15" punc="true">.</w>
   <w nite:id="ES2011a.D.words506" starttime="862.76" endtime="863.28">But</w>
   <w nite:id="ES2011a.D.words507" starttime="863.28" endtime="863.28" punc="true">,</w>
   <w nite:id="ES2011a.D.words508" starttime="863.28" endtime="863.46">would</w>
   <w nite:id="ES2011a.D.words509" starttime="863.46" endtime="863.57">you</w>
   <w nite:id="ES2011a.D.words510" starttime="863.57" endtime="863.72">have</w>
   <w nite:id="ES2011a.D.words511" starttime="863.72" endtime="863.8">the</w>
   <w nite:id="ES2011a.D.words512" starttime="863.8" endtime="864.12">screen</w>
   <w nite:id="ES2011a.D.words513" starttime="864.12" endtime="864.22">on</w>
   <w nite:id="ES2011a.D.words514" starttime="864.22" endtime="864.31">the</w>
   <w nite:id="ES2011a.D.words515" starttime="864.31" endtime="864.55">thing</w>
   <w nite:id="ES2011a.D.words516" starttime="864.55" endtime="864.55" punc="true">,</w>
   <w nite:id="ES2011a.D.words517" starttime="864.55" endtime="864.64">or</w>
   <w nite:id="ES2011a.D.words518" starttime="864.64" endtime="864.76">would</w>
   <w nite:id="ES2011a.D.words519" starttime="864.76" endtime="864.84">you</w>
   <w nite:id="ES2011a.D.words520" starttime="864.84" endtime="864.97">have</w>
   <w nite:id="ES2011a.D.words521" starttime="864.97" endtime="865.05">it</w>
   <w nite:id="ES2011a.D.words522" starttime="865.05" endtime="865.18">on</w>
   <w nite:id="ES2011a.D.words523" starttime="865.18" endtime="865.24">the</w>
   <w nite:id="ES2011a.D.words524" starttime="865.24" endtime="865.68">telly</w>
   <w nite:id="ES2011a.D.words525" starttime="865.68" endtime="866.31">transmitting</w>
   <w nite:id="ES2011a.D.words526" starttime="866.31" endtime="866.39">the</w>
   <w nite:id="ES2011a.D.words527" starttime="866.39" endtime="866.85">screen</w>
   <w nite:id="ES2011a.D.words528" starttime="866.85" endtime="866.85" punc="true">.</w>
   <w nite:id="ES2011a.D.words529" starttime="868.88" endtime="869.54">Because</w>
   <disfmarker nite:id="ES2011a.D.words530" starttime="869.54" endtime="869.575"/>
   <w nite:id="ES2011a.D.words531" starttime="871.4" endtime="872.27">Because</w>
   <w nite:id="ES2011a.D.words532" starttime="872.27" endtime="872.27" punc="true">,</w>
   <w nite:id="ES2011a.D.words533" starttime="872.27" endtime="872.39">I</w>
   <w nite:id="ES2011a.D.words534" starttime="872.39" endtime="872.63">don&#39;t</w>
   <w nite:id="ES2011a.D.words535" starttime="872.63" endtime="872.81">know</w>
   <w nite:id="ES2011a.D.words536" starttime="872.81" endtime="872.92">if</w>
   <w nite:id="ES2011a.D.words537" starttime="872.92" endtime="874.01">it&#39;s</w>
   <disfmarker nite:id="ES2011a.D.words538" starttime="874.01" endtime="874.01"/>
   <vocalsound nite:id="ES2011a.D.words539" starttime="874.01" endtime="874.01" type="laugh"/>
   <w nite:id="ES2011a.D.words540" starttime="874.01" endtime="874.24">I</w>
   <w nite:id="ES2011a.D.words541" starttime="874.24" endtime="874.59">think</w>
   <w nite:id="ES2011a.D.words542" starttime="874.59" endtime="874.76">it&#39;s</w>
   <w nite:id="ES2011a.D.words543" starttime="874.76" endtime="874.96" trunc="true">e</w>
   <w nite:id="ES2011a.D.words544" starttime="874.96" endtime="875.76">expensive</w>
   <w nite:id="ES2011a.D.words545" starttime="875.76" endtime="875.76" punc="true">,</w>
   <w nite:id="ES2011a.D.words546" starttime="875.76" endtime="875.89">if</w>
   <w nite:id="ES2011a.D.words547" starttime="875.89" endtime="875.98">you</w>
   <w nite:id="ES2011a.D.words548" starttime="875.98" endtime="876.22">have</w>
   <disfmarker nite:id="ES2011a.D.words549" starttime="876.22" endtime="876.22"/>
   <w nite:id="ES2011a.D.words550" starttime="876.22" endtime="876.34">if</w>
   <w nite:id="ES2011a.D.words551" starttime="876.34" endtime="876.41">you</w>
   <w nite:id="ES2011a.D.words552" starttime="876.41" endtime="876.69">use</w>
   <w nite:id="ES2011a.D.words553" starttime="876.69" endtime="876.78">the</w>
   <w nite:id="ES2011a.D.words554" starttime="876.78" endtime="877.14">telly</w>
   <w nite:id="ES2011a.D.words555" starttime="877.14" endtime="877.56">screen</w>
   <w nite:id="ES2011a.D.words556" starttime="877.56" endtime="877.56" punc="true">,</w>
   <w nite:id="ES2011a.D.words557" starttime="877.56" endtime="877.71">&#39;cause</w>
   <w nite:id="ES2011a.D.words558" starttime="877.71" endtime="877.78">the</w>
   <w nite:id="ES2011a.D.words559" starttime="877.78" endtime="878.2">telly&#39;s</w>
   <w nite:id="ES2011a.D.words560" starttime="878.2" endtime="878.56">already</w>
   <w nite:id="ES2011a.D.words561" starttime="878.56" endtime="878.63">a</w>
   <w nite:id="ES2011a.D.words562" starttime="878.63" endtime="879.67">screen</w>
   <w nite:id="ES2011a.D.words563" starttime="879.67" endtime="879.67" punc="true">,</w>
   <w nite:id="ES2011a.D.words564" starttime="879.67" endtime="879.86">then</w>
   <w nite:id="ES2011a.D.words565" starttime="879.86" endtime="880.04">you</w>
   <w nite:id="ES2011a.D.words566" starttime="880.04" endtime="880.82">can</w>
   <w nite:id="ES2011a.D.words567" starttime="880.82" endtime="881.21" trunc="true">pro</w>
   <w nite:id="ES2011a.D.words568" starttime="881.21" endtime="881.48">sort</w>
   <w nite:id="ES2011a.D.words569" starttime="881.48" endtime="881.58">of</w>
   <w nite:id="ES2011a.D.words570" starttime="881.58" endtime="881.75">have</w>
   <w nite:id="ES2011a.D.words571" starttime="881.75" endtime="881.83">a</w>
   <w nite:id="ES2011a.D.words572" starttime="881.83" endtime="882.54">programming</w>
   <w nite:id="ES2011a.D.words573" starttime="882.54" endtime="883.03">function</w>
   <w nite:id="ES2011a.D.words574" starttime="883.03" endtime="883.03" punc="true">,</w>
   <w nite:id="ES2011a.D.words575" starttime="883.03" endtime="883.3">really</w>
   <w nite:id="ES2011a.D.words576" starttime="883.3" endtime="883.65">easy</w>
   <w nite:id="ES2011a.D.words577" starttime="883.65" endtime="883.88">sort</w>
   <w nite:id="ES2011a.D.words578" starttime="883.88" endtime="883.97">of</w>
   <w nite:id="ES2011a.D.words579" starttime="883.97" endtime="884.36">arrow</w>
   <w nite:id="ES2011a.D.words580" starttime="884.36" endtime="884.53">up</w>
   <w nite:id="ES2011a.D.words581" starttime="884.53" endtime="884.72">and</w>
   <w nite:id="ES2011a.D.words582" starttime="884.72" endtime="885.46">down</w>
   <w nite:id="ES2011a.D.words583" starttime="885.46" endtime="885.46" punc="true">,</w>
   <w nite:id="ES2011a.D.words584" starttime="885.46" endtime="885.71">on</w>
   <w nite:id="ES2011a.D.words585" starttime="885.71" endtime="885.83">the</w>
   <w nite:id="ES2011a.D.words586" starttime="885.83" endtime="886.35">remote</w>
   <w nite:id="ES2011a.D.words587" starttime="886.35" endtime="886.35" punc="true">,</w>
   <w nite:id="ES2011a.D.words588" starttime="886.35" endtime="886.51">and</w>
   <w nite:id="ES2011a.D.words589" starttime="886.51" endtime="886.67">then</w>
   <w nite:id="ES2011a.D.words590" starttime="886.67" endtime="886.9">use</w>
   <w nite:id="ES2011a.D.words591" starttime="886.9" endtime="886.96">the</w>
   <w nite:id="ES2011a.D.words592" starttime="886.96" endtime="887.32">telly</w>
   <w nite:id="ES2011a.D.words593" starttime="887.32" endtime="887.47">as</w>
   <w nite:id="ES2011a.D.words594" starttime="887.47" endtime="887.54">a</w>
   <w nite:id="ES2011a.D.words595" starttime="887.54" endtime="888.14">screen</w>
   <w nite:id="ES2011a.D.words596" starttime="888.14" endtime="888.14" punc="true">.</w>
   <w nite:id="ES2011a.D.words597" starttime="889.91" endtime="890.27">But</w>
   <w nite:id="ES2011a.D.words598" starttime="890.27" endtime="890.86">um</w>
   <disfmarker nite:id="ES2011a.D.words599" starttime="890.86" endtime="890.896"/>
   <w nite:id="ES2011a.D.words600" starttime="893.12" endtime="893.25">But</w>
   <w nite:id="ES2011a.D.words601" starttime="893.25" endtime="893.46">yeah</w>
   <w nite:id="ES2011a.D.words602" starttime="893.46" endtime="893.63">for</w>
   <w nite:id="ES2011a.D.words603" starttime="893.63" endtime="894.09">sure</w>
   <w nite:id="ES2011a.D.words604" starttime="894.09" endtime="894.09" punc="true">.</w>
   <w nite:id="ES2011a.D.words605" starttime="894.09" endtime="894.55">Something</w>
   <w nite:id="ES2011a.D.words606" starttime="894.55" endtime="894.91">like</w>
   <w nite:id="ES2011a.D.words607" starttime="894.91" endtime="895.34">not</w>
   <disfmarker nite:id="ES2011a.D.words608" starttime="895.34" endtime="895.34"/>
   <w nite:id="ES2011a.D.words609" starttime="895.34" endtime="895.54">it&#39;s</w>
   <w nite:id="ES2011a.D.words610" starttime="895.54" endtime="895.74">not</w>
   <w nite:id="ES2011a.D.words611" starttime="895.74" endtime="895.83">on</w>
   <w nite:id="ES2011a.D.words612" starttime="895.83" endtime="895.96">the</w>
   <w nite:id="ES2011a.D.words613" starttime="895.96" endtime="896.36">button</w>
   <w nite:id="ES2011a.D.words614" starttime="896.36" endtime="896.51">but</w>
   <w nite:id="ES2011a.D.words615" starttime="896.51" endtime="896.76">it&#39;s</w>
   <w nite:id="ES2011a.D.words616" starttime="896.76" endtime="897.08">telling</w>
   <w nite:id="ES2011a.D.words617" starttime="897.08" endtime="897.21">you</w>
   <w nite:id="ES2011a.D.words618" starttime="897.21" endtime="897.44">what</w>
   <w nite:id="ES2011a.D.words619" starttime="897.44" endtime="897.55">to</w>
   <w nite:id="ES2011a.D.words620" starttime="897.55" endtime="897.88">do</w>
   <w nite:id="ES2011a.D.words621" starttime="897.88" endtime="897.88" punc="true">,</w>
   <w nite:id="ES2011a.D.words622" starttime="897.88" endtime="898.04">is</w>
   <w nite:id="ES2011a.D.words623" starttime="898.04" endtime="898.18">that</w>
   <w nite:id="ES2011a.D.words624" starttime="898.18" endtime="898.34">what</w>
   <w nite:id="ES2011a.D.words625" starttime="898.34" endtime="898.41">you</w>
   <w nite:id="ES2011a.D.words626" starttime="898.41" endtime="898.61">mean</w>
   <w nite:id="ES2011a.D.words627" starttime="898.61" endtime="898.61" punc="true">?</w>
   <w nite:id="ES2011a.D.words628" starttime="900.39" endtime="900.84">Right</w>
   <w nite:id="ES2011a.D.words629" starttime="900.84" endtime="900.84" punc="true">.</w>
   <w nite:id="ES2011a.D.words630" starttime="900.84" endtime="901.3">Mm</w>
   <w nite:id="ES2011a.D.words631" starttime="901.3" endtime="901.3" punc="true">.</w>
   <w nite:id="ES2011a.D.words632" starttime="923.13" endtime="923.39">Yeah</w>
   <w nite:id="ES2011a.D.words633" starttime="923.39" endtime="923.39" punc="true">.</w>
   <w nite:id="ES2011a.D.words634" starttime="927.84" endtime="927.94">But</w>
   <w nite:id="ES2011a.D.words635" starttime="927.94" endtime="928.15">like</w>
   <w nite:id="ES2011a.D.words636" starttime="928.15" endtime="928.53">mobile</w>
   <w nite:id="ES2011a.D.words637" starttime="928.53" endtime="928.88">phones</w>
   <w nite:id="ES2011a.D.words638" starttime="928.88" endtime="929.08">have</w>
   <w nite:id="ES2011a.D.words639" starttime="929.08" endtime="929.61">screens</w>
   <w nite:id="ES2011a.D.words640" starttime="929.61" endtime="929.71">and</w>
   <w nite:id="ES2011a.D.words641" starttime="929.71" endtime="929.98">they&#39;re</w>
   <w nite:id="ES2011a.D.words642" starttime="929.98" endtime="930.52">cheap</w>
   <w nite:id="ES2011a.D.words643" starttime="930.52" endtime="930.52" punc="true">.</w>
   <w nite:id="ES2011a.D.words644" starttime="935.17" endtime="935.49">Yeah</w>
   <w nite:id="ES2011a.D.words645" starttime="935.49" endtime="935.49" punc="true">.</w>
   <w nite:id="ES2011a.D.words646" starttime="945.27" endtime="945.44">Or</w>
   <w nite:id="ES2011a.D.words647" starttime="945.44" endtime="945.91">some</w>
   <disfmarker nite:id="ES2011a.D.words648" starttime="945.91" endtime="945.91"/>
   <w nite:id="ES2011a.D.words649" starttime="945.91" endtime="946.19">it</w>
   <w nite:id="ES2011a.D.words650" starttime="946.19" endtime="946.43" trunc="true">i</w>
   <w nite:id="ES2011a.D.words651" starttime="946.43" endtime="946.55">we</w>
   <w nite:id="ES2011a.D.words652" starttime="946.55" endtime="946.76">can</w>
   <w nite:id="ES2011a.D.words653" starttime="946.76" endtime="947.1">find</w>
   <w nite:id="ES2011a.D.words654" starttime="947.1" endtime="947.49">out</w>
   <w nite:id="ES2011a.D.words655" starttime="947.49" endtime="947.98">probably</w>
   <w nite:id="ES2011a.D.words656" starttime="947.98" endtime="948.55">on</w>
   <w nite:id="ES2011a.D.words657" starttime="948.55" endtime="948.65">the</w>
   <w nite:id="ES2011a.D.words658" starttime="948.65" endtime="950.06">internet</w>
   <vocalsound nite:id="ES2011a.D.words659" starttime="950.06" endtime="950.06" type="laugh"/>
   <w nite:id="ES2011a.D.words660" starttime="950.06" endtime="950.2">how</w>
   <w nite:id="ES2011a.D.words661" starttime="950.2" endtime="950.55">much</w>
   <w nite:id="ES2011a.D.words662" starttime="950.55" endtime="951.43">it&#39;s</w>
   <disfmarker nite:id="ES2011a.D.words663" starttime="951.43" endtime="951.568"/>
   <w nite:id="ES2011a.D.words664" starttime="952.89" endtime="953.93">Um</w>
   <w nite:id="ES2011a.D.words665" starttime="953.93" endtime="953.93" punc="true">.</w>
   <w nite:id="ES2011a.D.words666" starttime="953.93" endtime="954.08">Yeah</w>
   <w nite:id="ES2011a.D.words667" starttime="954.08" endtime="954.08" punc="true">,</w>
   <w nite:id="ES2011a.D.words668" starttime="954.08" endtime="954.2">and</w>
   <w nite:id="ES2011a.D.words669" starttime="954.2" endtime="954.27">the</w>
   <w nite:id="ES2011a.D.words670" starttime="954.27" endtime="954.43">other</w>
   <w nite:id="ES2011a.D.words671" starttime="954.43" endtime="954.65">thing</w>
   <w nite:id="ES2011a.D.words672" starttime="954.65" endtime="954.83">you</w>
   <w nite:id="ES2011a.D.words673" starttime="954.83" endtime="955.14">said</w>
   <w nite:id="ES2011a.D.words674" starttime="955.14" endtime="955.31">that</w>
   <w nite:id="ES2011a.D.words675" starttime="955.31" endtime="955.54">thing</w>
   <w nite:id="ES2011a.D.words676" starttime="955.54" endtime="955.96">about</w>
   <w nite:id="ES2011a.D.words677" starttime="955.96" endtime="956.76">robust</w>
   <w nite:id="ES2011a.D.words678" starttime="956.76" endtime="957.49">and</w>
   <w nite:id="ES2011a.D.words679" starttime="957.49" endtime="957.89">water</w>
   <w nite:id="ES2011a.D.words680" starttime="957.89" endtime="958.6">um</w>
   <disfmarker nite:id="ES2011a.D.words681" starttime="958.6" endtime="958.688"/>
   <w nite:id="ES2011a.D.words682" starttime="960.21" endtime="960.43">What</w>
   <w nite:id="ES2011a.D.words683" starttime="960.43" endtime="960.62">was</w>
   <w nite:id="ES2011a.D.words684" starttime="960.62" endtime="960.74">the</w>
   <w nite:id="ES2011a.D.words685" starttime="960.74" endtime="961.28">word</w>
   <w nite:id="ES2011a.D.words686" starttime="961.28" endtime="961.28" punc="true">?</w>
   <w nite:id="ES2011a.D.words687" starttime="961.28" endtime="961.64">Water</w>
   <w nite:id="ES2011a.D.words688" starttime="961.64" endtime="962.51">resistant</w>
   <w nite:id="ES2011a.D.words689" starttime="962.51" endtime="962.51" punc="true">.</w>
   <w nite:id="ES2011a.D.words690" starttime="963.79" endtime="964.06">No</w>
   <w nite:id="ES2011a.D.words691" starttime="964.06" endtime="964.23">but</w>
   <w nite:id="ES2011a.D.words692" starttime="964.23" endtime="964.54">it&#39;s</w>
   <disfmarker nite:id="ES2011a.D.words693" starttime="964.54" endtime="964.54"/>
   <w nite:id="ES2011a.D.words694" starttime="964.54" endtime="964.83">I</w>
   <w nite:id="ES2011a.D.words695" starttime="964.83" endtime="965.04">thought</w>
   <w nite:id="ES2011a.D.words696" starttime="965.04" endtime="965.04" punc="true">,</w>
   <w nite:id="ES2011a.D.words697" starttime="965.04" endtime="965.56">ah</w>
   <w nite:id="ES2011a.D.words698" starttime="965.56" endtime="965.56" punc="true">,</w>
   <w nite:id="ES2011a.D.words699" starttime="965.56" endtime="965.92">spot</w>
   <w nite:id="ES2011a.D.words700" starttime="965.92" endtime="967.04">on</w>
   <w nite:id="ES2011a.D.words701" starttime="967.04" endtime="967.04" punc="true">.</w>
   <w nite:id="ES2011a.D.words702" starttime="967.04" endtime="967.26">Good</w>
   <w nite:id="ES2011a.D.words703" starttime="967.26" endtime="967.94">feel</w>
   <w nite:id="ES2011a.D.words704" starttime="967.94" endtime="967.94" punc="true">,</w>
   <w nite:id="ES2011a.D.words705" starttime="967.94" endtime="968.55" trunc="true">tact</w>
   <w nite:id="ES2011a.D.words706" starttime="968.55" endtime="970.16">tactile</w>
   <w nite:id="ES2011a.D.words707" starttime="970.16" endtime="970.16" punc="true">,</w>
   <w nite:id="ES2011a.D.words708" starttime="970.16" endtime="970.35">good</w>
   <w nite:id="ES2011a.D.words709" starttime="970.35" endtime="970.81">tactile</w>
   <w nite:id="ES2011a.D.words710" starttime="970.81" endtime="971.58">feel</w>
   <w nite:id="ES2011a.D.words711" starttime="971.58" endtime="971.58" punc="true">,</w>
   <w nite:id="ES2011a.D.words712" starttime="971.58" endtime="971.88">maybe</w>
   <w nite:id="ES2011a.D.words713" starttime="971.88" endtime="972.29">something</w>
   <w nite:id="ES2011a.D.words714" starttime="972.29" endtime="972.55" trunc="true">didn</w>
   <w nite:id="ES2011a.D.words715" starttime="972.55" endtime="972.81">doesn&#39;t</w>
   <w nite:id="ES2011a.D.words716" starttime="972.81" endtime="973.01">make</w>
   <w nite:id="ES2011a.D.words717" starttime="973.01" endtime="973.12">your</w>
   <w nite:id="ES2011a.D.words718" starttime="973.12" endtime="973.39">hands</w>
   <w nite:id="ES2011a.D.words719" starttime="973.39" endtime="973.93">sweat</w>
   <w nite:id="ES2011a.D.words720" starttime="973.93" endtime="974.36">lot</w>
   <w nite:id="ES2011a.D.words721" starttime="974.36" endtime="974.36" punc="true">.</w>
   <w nite:id="ES2011a.D.words722" starttime="975.78" endtime="976.03">That&#39;s</w>
   <w nite:id="ES2011a.D.words723" starttime="976.03" endtime="976.32">quite</w>
   <w nite:id="ES2011a.D.words724" starttime="976.32" endtime="976.8">annoying</w>
   <w nite:id="ES2011a.D.words725" starttime="976.8" endtime="976.8" punc="true">.</w>
   <w nite:id="ES2011a.D.words726" starttime="989.2" endtime="989.61">Yeah</w>
   <w nite:id="ES2011a.D.words727" starttime="989.61" endtime="989.61" punc="true">,</w>
   <w nite:id="ES2011a.D.words728" starttime="989.61" endtime="990.05">clip</w>
   <w nite:id="ES2011a.D.words729" starttime="990.05" endtime="990.05" punc="true">.</w>
   <w nite:id="ES2011a.D.words730" starttime="991.69" endtime="992.6">Ooh</w>
   <vocalsound nite:id="ES2011a.D.words731" starttime="992.6" endtime="992.6" type="laugh"/>
   <w nite:id="ES2011a.D.words732" starttime="992.6" endtime="992.6" punc="true">.</w>
   <w nite:id="ES2011a.D.words733" starttime="993.67" endtime="994.22">Um</w>
   <w nite:id="ES2011a.D.words734" starttime="994.22" endtime="994.22" punc="true">.</w>
   <w nite:id="ES2011a.D.words735" starttime="1067.15" endtime="1067.32">It</w>
   <w nite:id="ES2011a.D.words736" starttime="1067.32" endtime="1067.69">says</w>
   <w nite:id="ES2011a.D.words737" starttime="1067.69" endtime="1067.86">on</w>
   <w nite:id="ES2011a.D.words738" starttime="1067.86" endtime="1068.16">that</w>
   <w nite:id="ES2011a.D.words739" starttime="1068.16" endtime="1068.72">email</w>
   <w nite:id="ES2011a.D.words740" starttime="1068.72" endtime="1068.91">but</w>
   <w nite:id="ES2011a.D.words741" starttime="1068.91" endtime="1069.03">it</w>
   <disfmarker nite:id="ES2011a.D.words742" starttime="1069.03" endtime="1069.322"/>
   <w nite:id="ES2011a.D.words743" starttime="1070.87" endtime="1071.08">It</w>
   <w nite:id="ES2011a.D.words744" starttime="1071.08" endtime="1071.74">said</w>
   <w nite:id="ES2011a.D.words745" starttime="1071.74" endtime="1072.38">um</w>
   <disfmarker nite:id="ES2011a.D.words746" starttime="1072.38" endtime="1072.416"/>
   <w nite:id="ES2011a.D.words747" starttime="1074.26" endtime="1074.4">It</w>
   <w nite:id="ES2011a.D.words748" starttime="1074.4" endtime="1075.12">said</w>
   <disfmarker nite:id="ES2011a.D.words749" starttime="1075.12" endtime="1075.257"/>
   <w nite:id="ES2011a.D.words750" starttime="1079.12" endtime="1079.35">Yeah</w>
   <w nite:id="ES2011a.D.words751" starttime="1079.35" endtime="1079.75">like</w>
   <disfmarker nite:id="ES2011a.D.words752" starttime="1079.75" endtime="1079.934"/>
   <w nite:id="ES2011a.D.words753" starttime="1080.93" endtime="1081.15">Be</w>
   <w nite:id="ES2011a.D.words754" starttime="1081.15" endtime="1081.21">a</w>
   <w nite:id="ES2011a.D.words755" starttime="1081.21" endtime="1081.66">medium</w>
   <w nite:id="ES2011a.D.words756" starttime="1081.66" endtime="1082.16">between</w>
   <w nite:id="ES2011a.D.words757" starttime="1082.16" endtime="1082.45">you</w>
   <w nite:id="ES2011a.D.words758" starttime="1082.45" endtime="1082.58">and</w>
   <w nite:id="ES2011a.D.words759" starttime="1082.58" endtime="1082.64">the</w>
   <w nite:id="ES2011a.D.words760" starttime="1082.64" endtime="1083.24">telly</w>
   <w nite:id="ES2011a.D.words761" starttime="1083.24" endtime="1083.35">I</w>
   <w nite:id="ES2011a.D.words762" starttime="1083.35" endtime="1083.71">think</w>
   <w nite:id="ES2011a.D.words763" starttime="1083.71" endtime="1083.71" punc="true">,</w>
   <w nite:id="ES2011a.D.words764" starttime="1083.71" endtime="1084.06">that&#39;s</w>
   <w nite:id="ES2011a.D.words765" starttime="1084.06" endtime="1084.23">uh</w>
   <disfmarker nite:id="ES2011a.D.words766" starttime="1084.23" endtime="1084.288"/>
   <w nite:id="ES2011a.D.words767" starttime="1092.84" endtime="1093.56">Marketing</w>
   <w nite:id="ES2011a.D.words768" starttime="1093.56" endtime="1093.56" punc="true">.</w>
   <w nite:id="ES2011a.D.words769" starttime="1093.56" endtime="1093.65">Oh</w>
   <w nite:id="ES2011a.D.words770" starttime="1093.65" endtime="1093.87">it&#39;s</w>
   <w nite:id="ES2011a.D.words771" starttime="1093.87" endtime="1094.2">written</w>
   <w nite:id="ES2011a.D.words772" starttime="1094.2" endtime="1095.12">here</w>
   <w nite:id="ES2011a.D.words773" starttime="1095.12" endtime="1095.12" punc="true">,</w>
   <w nite:id="ES2011a.D.words774" starttime="1095.12" endtime="1095.77">but</w>
   <w nite:id="ES2011a.D.words775" starttime="1095.77" endtime="1096.16">um</w>
   <w nite:id="ES2011a.D.words776" starttime="1096.16" endtime="1096.16" punc="true">.</w>
   <w nite:id="ES2011a.D.words777" starttime="1102.95" endtime="1103.32">Okay</w>
   <w nite:id="ES2011a.D.words778" starttime="1103.32" endtime="1103.32" punc="true">.</w>
</nite:root>