<?xml version="1.0" encoding="ISO-8859-1" standalone="yes"?>
<nite:root nite:id="Bmr009.B.segs" xmlns:nite="http://nite.sourceforge.net/">
   <segment nite:id="Bmr009.segment.566" starttime="697.8" endtime="700.21" participant="fe008" timing-provenance="dialogueact">
      <nite:child href="Bmr009.B.words.xml#id(Bmr009.w.3,094)..id(Bmr009.w.3,103)"/>
   </segment>
   <segment nite:id="Bmr009.segment.570" starttime="700.38" endtime="701.9" participant="fe008" timing-provenance="dialogueact">
      <nite:child href="Bmr009.B.words.xml#id(Bmr009.w.3,114)..id(Bmr009.w.3,123)"/>
   </segment>
   <segment nite:id="Bmr009.segment.571" starttime="702.03" endtime="703.23" participant="fe008" timing-provenance="dialogueact">
      <nite:child href="Bmr009.B.words.xml#id(Bmr009.w.3,124)..id(Bmr009.w.3,129)"/>
   </segment>
   <segment nite:id="Bmr009.segment.572" starttime="703.34" endtime="704.25" participant="fe008" timing-provenance="dialogueact">
      <nite:child href="Bmr009.B.words.xml#id(Bmr009.w.3,130)..id(Bmr009.w.3,133)"/>
   </segment>
   <segment nite:id="Bmr009.segment.574" starttime="704.25" endtime="705.26" participant="fe008" timing-provenance="dialogueact">
      <nite:child href="Bmr009.B.words.xml#id(Bmr009.pause.64)..id(Bmr009.w.3,136)"/>
   </segment>
   <segment nite:id="Bmr009.segment.575" starttime="705.26" endtime="706.31" participant="fe008" timing-provenance="dialogueact">
      <nite:child href="Bmr009.B.words.xml#id(Bmr009.pause.65)..id(Bmr009.w.3,140)"/>
   </segment>
   <segment nite:id="Bmr009.segment.576" starttime="706.31" endtime="706.68" participant="fe008" timing-provenance="dialogueact">
      <nite:child href="Bmr009.B.words.xml#id(Bmr009.w.3,141)..id(Bmr009.pause.66)"/>
   </segment>
   <segment nite:id="Bmr009.segment.577" starttime="706.68" endtime="707.2" participant="fe008" timing-provenance="dialogueact">
      <nite:child href="Bmr009.B.words.xml#id(Bmr009.w.3,142)..id(Bmr009.pause.67)"/>
   </segment>
   <segment nite:id="Bmr009.segment.578" starttime="707.159" endtime="707.884" participant="fe008" timing-provenance="segment">
      <nite:child href="Bmr009.B.words.xml#id(Bmr009.w.3,143)..id(Bmr009.disfmarker.163)"/>
   </segment>
   <segment nite:id="Bmr009.segment.583" starttime="713.095" endtime="713.535" participant="fe008" timing-provenance="dialogueact">
      <nite:child href="Bmr009.B.words.xml#id(Bmr009.w.3,169)..id(Bmr009.w.3,172)"/>
   </segment>
   <segment nite:id="Bmr009.segment.586" starttime="714.744" endtime="715.0" participant="fe008" timing-provenance="segment">
      <nite:child href="Bmr009.B.words.xml#id(Bmr009.vocalsound.95)"/>
   </segment>
   <segment nite:id="Bmr009.segment.587" starttime="715.04" endtime="717.49" participant="fe008" timing-provenance="dialogueact">
      <nite:child href="Bmr009.B.words.xml#id(Bmr009.w.3,179)..id(Bmr009.pause.68)"/>
   </segment>
   <segment nite:id="Bmr009.segment.592" starttime="717.49" endtime="718.42" participant="fe008" timing-provenance="dialogueact">
      <nite:child href="Bmr009.B.words.xml#id(Bmr009.w.3,202)..id(Bmr009.w.3,205)"/>
   </segment>
   <segment nite:id="Bmr009.segment.595" starttime="718.48" endtime="720.45" participant="fe008" timing-provenance="dialogueact">
      <nite:child href="Bmr009.B.words.xml#id(Bmr009.w.3,212)..id(Bmr009.w.3,223)"/>
   </segment>
   <segment nite:id="Bmr009.segment.608" starttime="733.238" endtime="734.96" participant="fe008" timing-provenance="segment">
      <nite:child href="Bmr009.B.words.xml#id(Bmr009.w.3,288)..id(Bmr009.disfmarker.177)"/>
   </segment>
   <segment nite:id="Bmr009.segment.610" starttime="735.008" endtime="736.358" participant="fe008" timing-provenance="dialogueact">
      <nite:child href="Bmr009.B.words.xml#id(Bmr009.w.3,301)..id(Bmr009.w.3,307)"/>
   </segment>
   <segment nite:id="Bmr009.segment.611" starttime="736.358" endtime="736.678" participant="fe008" timing-provenance="dialogueact">
      <nite:child href="Bmr009.B.words.xml#id(Bmr009.w.3,308)..id(Bmr009.w.3,310)"/>
   </segment>
   <segment nite:id="Bmr009.segment.612" starttime="736.953" endtime="737.683" participant="fe008" timing-provenance="dialogueact">
      <nite:child href="Bmr009.B.words.xml#id(Bmr009.w.3,311)..id(Bmr009.w.3,314)"/>
   </segment>
   <segment nite:id="Bmr009.segment.622" starttime="739.116" endtime="739.64" participant="fe008" timing-provenance="segment">
      <nite:child href="Bmr009.B.words.xml#id(Bmr009.w.3,333)..id(Bmr009.comment.15)"/>
   </segment>
   <segment nite:id="Bmr009.segment.625" starttime="741.289" endtime="741.789" participant="fe008" timing-provenance="dialogueact">
      <nite:child href="Bmr009.B.words.xml#id(Bmr009.w.3,348)..id(Bmr009.w.3,349)"/>
   </segment>
   <segment nite:id="Bmr009.segment.833" starttime="1024.76" endtime="1025.33" participant="fe008" timing-provenance="dialogueact">
      <nite:child href="Bmr009.B.words.xml#id(Bmr009.w.4,710)..id(Bmr009.w.4,713)"/>
   </segment>
   <segment nite:id="Bmr009.segment.843" starttime="1032.89" endtime="1036.332" participant="fe008" timing-provenance="segment">
      <nite:child href="Bmr009.B.words.xml#id(Bmr009.vocalsound.135)"/>
   </segment>
   <segment nite:id="Bmr009.segment.861" starttime="1051.18" endtime="1053.261" participant="fe008" timing-provenance="segment">
      <nite:child href="Bmr009.B.words.xml#id(Bmr009.vocalsound.139)"/>
   </segment>
   <segment nite:id="Bmr009.segment.888" starttime="1089.425" endtime="1089.937" participant="fe008" timing-provenance="segment">
      <nite:child href="Bmr009.B.words.xml#id(Bmr009.vocalsound.143)"/>
   </segment>
   <segment nite:id="Bmr009.segment.889" starttime="1089.98" endtime="1092.61" participant="fe008" timing-provenance="dialogueact">
      <nite:child href="Bmr009.B.words.xml#id(Bmr009.w.4,992)..id(Bmr009.w.5,008)"/>
   </segment>
   <segment nite:id="Bmr009.segment.890" starttime="1092.93" endtime="1097.57" participant="fe008" timing-provenance="dialogueact">
      <nite:child href="Bmr009.B.words.xml#id(Bmr009.w.5,009)..id(Bmr009.w.5,029)"/>
   </segment>
   <segment nite:id="Bmr009.segment.892" starttime="1097.81" endtime="1104.26" participant="fe008" timing-provenance="dialogueact">
      <nite:child href="Bmr009.B.words.xml#id(Bmr009.w.5,034)..id(Bmr009.w.5,068)"/>
   </segment>
   <segment nite:id="Bmr009.segment.893" starttime="1104.36" endtime="1106.14" participant="fe008" timing-provenance="dialogueact">
      <nite:child href="Bmr009.B.words.xml#id(Bmr009.w.5,069)..id(Bmr009.w.5,076)"/>
   </segment>
   <segment nite:id="Bmr009.segment.895" starttime="1106.66" endtime="1109.53" participant="fe008" timing-provenance="dialogueact">
      <nite:child href="Bmr009.B.words.xml#id(Bmr009.w.5,079)..id(Bmr009.w.5,096)"/>
   </segment>
   <segment nite:id="Bmr009.segment.898" starttime="1109.53" endtime="1114.18" participant="fe008" timing-provenance="dialogueact">
      <nite:child href="Bmr009.B.words.xml#id(Bmr009.pause.93)..id(Bmr009.w.5,124)"/>
   </segment>
   <segment nite:id="Bmr009.segment.899" starttime="1114.54" endtime="1118.88" participant="fe008" timing-provenance="dialogueact">
      <nite:child href="Bmr009.B.words.xml#id(Bmr009.w.5,125)..id(Bmr009.w.5,142)"/>
   </segment>
   <segment nite:id="Bmr009.segment.900" starttime="1119.23" endtime="1122.42" participant="fe008" timing-provenance="dialogueact">
      <nite:child href="Bmr009.B.words.xml#id(Bmr009.w.5,143)..id(Bmr009.w.5,157)"/>
   </segment>
   <segment nite:id="Bmr009.segment.903" starttime="1122.87" endtime="1123.13" participant="fe008" timing-provenance="dialogueact">
      <nite:child href="Bmr009.B.words.xml#id(Bmr009.w.5,171)..id(Bmr009.w.5,172)"/>
   </segment>
   <segment nite:id="Bmr009.segment.904" starttime="1123.31" endtime="1124.1" participant="fe008" timing-provenance="dialogueact">
      <nite:child href="Bmr009.B.words.xml#id(Bmr009.w.5,173)..id(Bmr009.w.5,179)"/>
   </segment>
   <segment nite:id="Bmr009.segment.906" starttime="1124.1" endtime="1127.23" participant="fe008" timing-provenance="dialogueact">
      <nite:child href="Bmr009.B.words.xml#id(Bmr009.w.5,182)..id(Bmr009.w.5,193)"/>
   </segment>
   <segment nite:id="Bmr009.segment.908" starttime="1127.223" endtime="1128.065" participant="fe008" timing-provenance="segment">
      <nite:child href="Bmr009.B.words.xml#id(Bmr009.w.5,194)..id(Bmr009.disfmarker.267)"/>
   </segment>
   <segment nite:id="Bmr009.segment.919" starttime="1147.954" endtime="1148.615" participant="fe008" timing-provenance="segment">
      <nite:child href="Bmr009.B.words.xml#id(Bmr009.w.5,282)..id(Bmr009.comment.22)"/>
   </segment>
   <segment nite:id="Bmr009.segment.923" starttime="1155.48" endtime="1156.3" participant="fe008" timing-provenance="dialogueact">
      <nite:child href="Bmr009.B.words.xml#id(Bmr009.w.5,324)..id(Bmr009.w.5,329)"/>
   </segment>
   <segment nite:id="Bmr009.segment.927" starttime="1158.502" endtime="1159.073" participant="fe008" timing-provenance="segment">
      <nite:child href="Bmr009.B.words.xml#id(Bmr009.w.5,359)..id(Bmr009.comment.23)"/>
   </segment>
   <segment nite:id="Bmr009.segment.930" starttime="1161.8" endtime="1162.14" participant="fe008" timing-provenance="dialogueact">
      <nite:child href="Bmr009.B.words.xml#id(Bmr009.w.5,367)..id(Bmr009.w.5,370)"/>
   </segment>
   <segment nite:id="Bmr009.segment.935" starttime="1166.984" endtime="1167.726" participant="fe008" timing-provenance="segment">
      <nite:child href="Bmr009.B.words.xml#id(Bmr009.vocalsound.147)"/>
   </segment>
   <segment nite:id="Bmr009.segment.937" starttime="1168.24" endtime="1172.35" participant="fe008" timing-provenance="dialogueact">
      <nite:child href="Bmr009.B.words.xml#id(Bmr009.w.5,410)..id(Bmr009.w.5,433)"/>
   </segment>
   <segment nite:id="Bmr009.segment.945" starttime="1173.52" endtime="1173.89" participant="fe008" timing-provenance="dialogueact">
      <nite:child href="Bmr009.B.words.xml#id(Bmr009.w.5,477)..id(Bmr009.w.5,478)"/>
   </segment>
   <segment nite:id="Bmr009.segment.946" starttime="1174.03" endtime="1174.73" participant="fe008" timing-provenance="dialogueact">
      <nite:child href="Bmr009.B.words.xml#id(Bmr009.w.5,479)..id(Bmr009.w.5,483)"/>
   </segment>
   <segment nite:id="Bmr009.segment.952" starttime="1183.23" endtime="1183.69" participant="fe008" timing-provenance="dialogueact">
      <nite:child href="Bmr009.B.words.xml#id(Bmr009.w.5,516)..id(Bmr009.w.5,519)"/>
   </segment>
   <segment nite:id="Bmr009.segment.960" starttime="1194.74" endtime="1194.92" participant="fe008" timing-provenance="dialogueact">
      <nite:child href="Bmr009.B.words.xml#id(Bmr009.w.5,566)..id(Bmr009.w.5,569)"/>
   </segment>
   <segment nite:id="Bmr009.segment.961" starttime="1195.18" endtime="1196.23" participant="fe008" timing-provenance="dialogueact">
      <nite:child href="Bmr009.B.words.xml#id(Bmr009.w.5,570)..id(Bmr009.w.5,578)"/>
   </segment>
   <segment nite:id="Bmr009.segment.963" starttime="1196.333" endtime="1197.14" participant="fe008" timing-provenance="segment">
      <nite:child href="Bmr009.B.words.xml#id(Bmr009.w.5,581)..id(Bmr009.disfmarker.286)"/>
   </segment>
   <segment nite:id="Bmr009.segment.965" starttime="1197.21" endtime="1199.54" participant="fe008" timing-provenance="dialogueact">
      <nite:child href="Bmr009.B.words.xml#id(Bmr009.w.5,588)..id(Bmr009.w.5,596)"/>
   </segment>
   <segment nite:id="Bmr009.segment.978" starttime="1215.82" endtime="1216.31" participant="fe008" timing-provenance="dialogueact">
      <nite:child href="Bmr009.B.words.xml#id(Bmr009.w.5,661)..id(Bmr009.w.5,664)"/>
   </segment>
   <segment nite:id="Bmr009.segment.981" starttime="1218.488" endtime="1219.055" participant="fe008" timing-provenance="segment">
      <nite:child href="Bmr009.B.words.xml#id(Bmr009.w.5,673)..id(Bmr009.disfmarker.292)"/>
   </segment>
   <segment nite:id="Bmr009.segment.982" starttime="1219.07" endtime="1220.06" participant="fe008" timing-provenance="dialogueact">
      <nite:child href="Bmr009.B.words.xml#id(Bmr009.w.5,676)..id(Bmr009.w.5,680)"/>
   </segment>
   <segment nite:id="Bmr009.segment.985" starttime="1221.94" endtime="1222.33" participant="fe008" timing-provenance="dialogueact">
      <nite:child href="Bmr009.B.words.xml#id(Bmr009.w.5,689)..id(Bmr009.w.5,692)"/>
   </segment>
   <segment nite:id="Bmr009.segment.1,008" starttime="1266.986" endtime="1267.678" participant="fe008" timing-provenance="segment">
      <nite:child href="Bmr009.B.words.xml#id(Bmr009.w.5,802)..id(Bmr009.comment.25)"/>
   </segment>
   <segment nite:id="Bmr009.segment.1,056" starttime="1326.02" endtime="1326.62" participant="fe008" timing-provenance="dialogueact">
      <nite:child href="Bmr009.B.words.xml#id(Bmr009.w.6,003)..id(Bmr009.w.6,006)"/>
   </segment>
   <segment nite:id="Bmr009.segment.1,080" starttime="1353.02" endtime="1353.5" participant="fe008" timing-provenance="dialogueact">
      <nite:child href="Bmr009.B.words.xml#id(Bmr009.w.6,146)..id(Bmr009.w.6,149)"/>
   </segment>
   <segment nite:id="Bmr009.segment.1,089" starttime="1357.399" endtime="1357.552" participant="fe008" timing-provenance="segment">
      <nite:child href="Bmr009.B.words.xml#id(Bmr009.vocalsound.158)"/>
   </segment>
   <segment nite:id="Bmr009.segment.1,090" starttime="1357.59" endtime="1359.33" participant="fe008" timing-provenance="dialogueact">
      <nite:child href="Bmr009.B.words.xml#id(Bmr009.w.6,180)..id(Bmr009.w.6,189)"/>
   </segment>
   <segment nite:id="Bmr009.segment.1,096" starttime="1359.85" endtime="1360.07" participant="fe008" timing-provenance="dialogueact">
      <nite:child href="Bmr009.B.words.xml#id(Bmr009.w.6,198)..id(Bmr009.w.6,199)"/>
   </segment>
   <segment nite:id="Bmr009.segment.1,111" starttime="1387.217" endtime="1387.37" participant="fe008" timing-provenance="segment">
      <nite:child href="Bmr009.B.words.xml#id(Bmr009.vocalsound.159)"/>
   </segment>
   <segment nite:id="Bmr009.segment.1,112" starttime="1387.42" endtime="1389.09" participant="fe008" timing-provenance="dialogueact">
      <nite:child href="Bmr009.B.words.xml#id(Bmr009.w.6,310)..id(Bmr009.w.6,321)"/>
   </segment>
   <segment nite:id="Bmr009.segment.1,114" starttime="1388.985" endtime="1390.734" participant="fe008" timing-provenance="segment">
      <nite:child href="Bmr009.B.words.xml#id(Bmr009.w.6,331)..id(Bmr009.w.6,335)"/>
   </segment>
   <segment nite:id="Bmr009.segment.1,132" starttime="1402.25" endtime="1402.51" participant="fe008" timing-provenance="dialogueact">
      <nite:child href="Bmr009.B.words.xml#id(Bmr009.w.6,428)..id(Bmr009.w.6,429)"/>
   </segment>
   <segment nite:id="Bmr009.segment.1,134" starttime="1405.0" endtime="1405.19" participant="fe008" timing-provenance="dialogueact">
      <nite:child href="Bmr009.B.words.xml#id(Bmr009.w.6,442)..id(Bmr009.w.6,443)"/>
   </segment>
   <segment nite:id="Bmr009.segment.1,135" starttime="1405.5" endtime="1405.7" participant="fe008" timing-provenance="dialogueact">
      <nite:child href="Bmr009.B.words.xml#id(Bmr009.w.6,444)..id(Bmr009.w.6,445)"/>
   </segment>
   <segment nite:id="Bmr009.segment.1,140" starttime="1409.17" endtime="1409.46" participant="fe008" timing-provenance="dialogueact">
      <nite:child href="Bmr009.B.words.xml#id(Bmr009.w.6,464)..id(Bmr009.w.6,467)"/>
   </segment>
   <segment nite:id="Bmr009.segment.1,141" starttime="1409.495" endtime="1411.7" participant="fe008" timing-provenance="segment">
      <nite:child href="Bmr009.B.words.xml#id(Bmr009.vocalsound.161)"/>
   </segment>
   <segment nite:id="Bmr009.segment.1,143" starttime="1411.84" endtime="1412.56" participant="fe008" timing-provenance="dialogueact">
      <nite:child href="Bmr009.B.words.xml#id(Bmr009.w.6,478)..id(Bmr009.w.6,482)"/>
   </segment>
   <segment nite:id="Bmr009.segment.1,145" starttime="1413.039" endtime="1414.717" participant="fe008" timing-provenance="segment">
      <nite:child href="Bmr009.B.words.xml#id(Bmr009.vocalsound.162)"/>
   </segment>
   <segment nite:id="Bmr009.segment.1,146" starttime="1414.76" endtime="1415.06" participant="fe008" timing-provenance="dialogueact">
      <nite:child href="Bmr009.B.words.xml#id(Bmr009.w.6,495)..id(Bmr009.w.6,498)"/>
   </segment>
   <segment nite:id="Bmr009.segment.1,153" starttime="1423.437" endtime="1424.879" participant="fe008" timing-provenance="segment">
      <nite:child href="Bmr009.B.words.xml#id(Bmr009.w.6,534)..id(Bmr009.disfmarker.336)"/>
   </segment>
   <segment nite:id="Bmr009.segment.1,155" starttime="1426.51" endtime="1427.59" participant="fe008" timing-provenance="dialogueact">
      <nite:child href="Bmr009.B.words.xml#id(Bmr009.w.6,541)..id(Bmr009.pause.127)"/>
   </segment>
   <segment nite:id="Bmr009.segment.1,157" starttime="1427.59" endtime="1429.46" participant="fe008" timing-provenance="dialogueact">
      <nite:child href="Bmr009.B.words.xml#id(Bmr009.w.6,550)..id(Bmr009.w.6,558)"/>
   </segment>
   <segment nite:id="Bmr009.segment.1,160" starttime="1429.76" endtime="1432.6" participant="fe008" timing-provenance="dialogueact">
      <nite:child href="Bmr009.B.words.xml#id(Bmr009.w.6,563)..id(Bmr009.w.6,576)"/>
   </segment>
   <segment nite:id="Bmr009.segment.1,165" starttime="1435.68" endtime="1436.05" participant="fe008" timing-provenance="dialogueact">
      <nite:child href="Bmr009.B.words.xml#id(Bmr009.w.6,610)..id(Bmr009.w.6,613)"/>
   </segment>
   <segment nite:id="Bmr009.segment.1,179" starttime="1452.92" endtime="1453.12" participant="fe008" timing-provenance="dialogueact">
      <nite:child href="Bmr009.B.words.xml#id(Bmr009.w.6,714)..id(Bmr009.w.6,715)"/>
   </segment>
   <segment nite:id="Bmr009.segment.1,181" starttime="1453.3" endtime="1453.93" participant="fe008" timing-provenance="dialogueact">
      <nite:child href="Bmr009.B.words.xml#id(Bmr009.w.6,723)..id(Bmr009.w.6,724)"/>
   </segment>
   <segment nite:id="Bmr009.segment.1,183" starttime="1456.09" endtime="1456.38" participant="fe008" timing-provenance="dialogueact">
      <nite:child href="Bmr009.B.words.xml#id(Bmr009.w.6,733)..id(Bmr009.w.6,734)"/>
   </segment>
   <segment nite:id="Bmr009.segment.1,184" starttime="1456.47" endtime="1457.17" participant="fe008" timing-provenance="dialogueact">
      <nite:child href="Bmr009.B.words.xml#id(Bmr009.w.6,735)..id(Bmr009.w.6,742)"/>
   </segment>
   <segment nite:id="Bmr009.segment.1,206" starttime="1477.16" endtime="1478.27" participant="fe008" timing-provenance="dialogueact">
      <nite:child href="Bmr009.B.words.xml#id(Bmr009.w.6,864)..id(Bmr009.w.6,869)"/>
   </segment>
   <segment nite:id="Bmr009.segment.1,208" starttime="1479.15" endtime="1479.42" participant="fe008" timing-provenance="dialogueact">
      <nite:child href="Bmr009.B.words.xml#id(Bmr009.w.6,872)..id(Bmr009.w.6,875)"/>
   </segment>
   <segment nite:id="Bmr009.segment.1,210" starttime="1481.26" endtime="1481.74" participant="fe008" timing-provenance="dialogueact">
      <nite:child href="Bmr009.B.words.xml#id(Bmr009.w.6,883)..id(Bmr009.w.6,886)"/>
   </segment>
   <segment nite:id="Bmr009.segment.1,223" starttime="1498.01" endtime="1498.6" participant="fe008" timing-provenance="dialogueact">
      <nite:child href="Bmr009.B.words.xml#id(Bmr009.w.6,929)..id(Bmr009.w.6,932)"/>
   </segment>
   <segment nite:id="Bmr009.segment.1,231" starttime="1500.39" endtime="1501.31" participant="fe008" timing-provenance="dialogueact">
      <nite:child href="Bmr009.B.words.xml#id(Bmr009.w.6,952)..id(Bmr009.w.6,959)"/>
   </segment>
   <segment nite:id="Bmr009.segment.1,233" starttime="1501.49" endtime="1501.69" participant="fe008" timing-provenance="dialogueact">
      <nite:child href="Bmr009.B.words.xml#id(Bmr009.w.6,963)..id(Bmr009.w.6,964)"/>
   </segment>
   <segment nite:id="Bmr009.segment.1,235" starttime="1502.578" endtime="1503.105" participant="fe008" timing-provenance="segment">
      <nite:child href="Bmr009.B.words.xml#id(Bmr009.vocalsound.173)"/>
   </segment>
   <segment nite:id="Bmr009.segment.1,237" starttime="1504.96" endtime="1505.14" participant="fe008" timing-provenance="dialogueact">
      <nite:child href="Bmr009.B.words.xml#id(Bmr009.w.6,972)..id(Bmr009.w.6,973)"/>
   </segment>
   <segment nite:id="Bmr009.segment.1,245" starttime="1512.89" endtime="1514.08" participant="fe008" timing-provenance="dialogueact">
      <nite:child href="Bmr009.B.words.xml#id(Bmr009.w.6,995)..id(Bmr009.w.7,001)"/>
   </segment>
   <segment nite:id="Bmr009.segment.1,248" starttime="1518.11" endtime="1519.62" participant="fe008" timing-provenance="dialogueact">
      <nite:child href="Bmr009.B.words.xml#id(Bmr009.w.7,006)..id(Bmr009.w.7,014)"/>
   </segment>
   <segment nite:id="Bmr009.segment.1,251" starttime="1522.66" endtime="1522.88" participant="fe008" timing-provenance="dialogueact">
      <nite:child href="Bmr009.B.words.xml#id(Bmr009.w.7,029)..id(Bmr009.w.7,030)"/>
   </segment>
   <segment nite:id="Bmr009.segment.1,253" starttime="1523.57" endtime="1524.21" participant="fe008" timing-provenance="dialogueact">
      <nite:child href="Bmr009.B.words.xml#id(Bmr009.w.7,047)..id(Bmr009.w.7,051)"/>
   </segment>
   <segment nite:id="Bmr009.segment.1,259" starttime="1529.13" endtime="1529.46" participant="fe008" timing-provenance="dialogueact">
      <nite:child href="Bmr009.B.words.xml#id(Bmr009.w.7,074)..id(Bmr009.w.7,075)"/>
   </segment>
   <segment nite:id="Bmr009.segment.1,262" starttime="1539.47" endtime="1540.5" participant="fe008" timing-provenance="segment">
      <nite:child href="Bmr009.B.words.xml#id(Bmr009.w.7,102)..id(Bmr009.vocalsound.178)"/>
   </segment>
   <segment nite:id="Bmr009.segment.1,263" starttime="1540.5" endtime="1540.972" participant="fe008" timing-provenance="segment">
      <nite:child href="Bmr009.B.words.xml#id(Bmr009.vocalsound.179)"/>
   </segment>
   <segment nite:id="Bmr009.segment.1,264" starttime="1541.13" endtime="1543.8" participant="fe008" timing-provenance="dialogueact">
      <nite:child href="Bmr009.B.words.xml#id(Bmr009.w.7,106)..id(Bmr009.w.7,119)"/>
   </segment>
   <segment nite:id="Bmr009.segment.1,265" starttime="1543.779" endtime="1545.393" participant="fe008" timing-provenance="segment">
      <nite:child href="Bmr009.B.words.xml#id(Bmr009.w.7,120)..id(Bmr009.vocalsound.180)"/>
   </segment>
   <segment nite:id="Bmr009.segment.1,267" starttime="1545.7" endtime="1548.1" participant="fe008" timing-provenance="dialogueact">
      <nite:child href="Bmr009.B.words.xml#id(Bmr009.w.7,133)..id(Bmr009.w.7,145)"/>
   </segment>
   <segment nite:id="Bmr009.segment.1,268" starttime="1548.476" endtime="1549.143" participant="fe008" timing-provenance="segment">
      <nite:child href="Bmr009.B.words.xml#id(Bmr009.w.7,146)..id(Bmr009.disfmarker.350)"/>
   </segment>
   <segment nite:id="Bmr009.segment.1,270" starttime="1549.839" endtime="1550.317" participant="fe008" timing-provenance="segment">
      <nite:child href="Bmr009.B.words.xml#id(Bmr009.w.7,157)..id(Bmr009.disfmarker.351)"/>
   </segment>
   <segment nite:id="Bmr009.segment.1,271" starttime="1550.317" endtime="1552.047" participant="fe008" timing-provenance="segment">
      <nite:child href="Bmr009.B.words.xml#id(Bmr009.w.7,159)..id(Bmr009.disfmarker.352)"/>
   </segment>
   <segment nite:id="Bmr009.segment.1,273" starttime="1553.01" endtime="1554.85" participant="fe008" timing-provenance="dialogueact">
      <nite:child href="Bmr009.B.words.xml#id(Bmr009.w.7,171)..id(Bmr009.w.7,180)"/>
   </segment>
   <segment nite:id="Bmr009.segment.1,275" starttime="1557.1" endtime="1557.64" participant="fe008" timing-provenance="dialogueact">
      <nite:child href="Bmr009.B.words.xml#id(Bmr009.w.7,196)..id(Bmr009.w.7,199)"/>
   </segment>
   <segment nite:id="Bmr009.segment.1,276" starttime="1558.2" endtime="1559.143" participant="fe008" timing-provenance="segment">
      <nite:child href="Bmr009.B.words.xml#id(Bmr009.w.7,200)..id(Bmr009.disfmarker.354)"/>
   </segment>
   <segment nite:id="Bmr009.segment.1,278" starttime="1560.52" endtime="1562.86" participant="fe008" timing-provenance="dialogueact">
      <nite:child href="Bmr009.B.words.xml#id(Bmr009.w.7,221)..id(Bmr009.w.7,234)"/>
   </segment>
   <segment nite:id="Bmr009.segment.1,284" starttime="1572.65" endtime="1572.99" participant="fe008" timing-provenance="dialogueact">
      <nite:child href="Bmr009.B.words.xml#id(Bmr009.w.7,296)..id(Bmr009.w.7,297)"/>
   </segment>
   <segment nite:id="Bmr009.segment.1,286" starttime="1576.262" endtime="1576.699" participant="fe008" timing-provenance="segment">
      <nite:child href="Bmr009.B.words.xml#id(Bmr009.vocalsound.182)"/>
   </segment>
   <segment nite:id="Bmr009.segment.1,287" starttime="1576.699" endtime="1577.642" participant="fe008" timing-provenance="segment">
      <nite:child href="Bmr009.B.words.xml#id(Bmr009.w.7,313)..id(Bmr009.disfmarker.355)"/>
   </segment>
   <segment nite:id="Bmr009.segment.1,288" starttime="1577.642" endtime="1580.943" participant="fe008" timing-provenance="segment">
      <nite:child href="Bmr009.B.words.xml#id(Bmr009.w.7,316)..id(Bmr009.disfmarker.356)"/>
   </segment>
   <segment nite:id="Bmr009.segment.1,290" starttime="1580.97" endtime="1581.64" participant="fe008" timing-provenance="dialogueact">
      <nite:child href="Bmr009.B.words.xml#id(Bmr009.w.7,339)..id(Bmr009.w.7,343)"/>
   </segment>
   <segment nite:id="Bmr009.segment.1,297" starttime="1583.813" endtime="1584.389" participant="fe008" timing-provenance="segment">
      <nite:child href="Bmr009.B.words.xml#id(Bmr009.vocalsound.185)"/>
   </segment>
   <segment nite:id="Bmr009.segment.1,301" starttime="1585.848" endtime="1586.706" participant="fe008" timing-provenance="segment">
      <nite:child href="Bmr009.B.words.xml#id(Bmr009.vocalsound.186)"/>
   </segment>
   <segment nite:id="Bmr009.segment.1,304" starttime="1589.9" endtime="1590.961" participant="fe008" timing-provenance="segment">
      <nite:child href="Bmr009.B.words.xml#id(Bmr009.w.7,398)..id(Bmr009.disfmarker.359)"/>
   </segment>
   <segment nite:id="Bmr009.segment.1,307" starttime="1590.95" endtime="1592.33" participant="fe008" timing-provenance="dialogueact">
      <nite:child href="Bmr009.B.words.xml#id(Bmr009.w.7,412)..id(Bmr009.w.7,419)"/>
   </segment>
   <segment nite:id="Bmr009.segment.1,310" starttime="1592.474" endtime="1594.641" participant="fe008" timing-provenance="segment">
      <nite:child href="Bmr009.B.words.xml#id(Bmr009.vocalsound.187)"/>
   </segment>
   <segment nite:id="Bmr009.segment.1,316" starttime="1595.854" endtime="1596.354" participant="fe008" timing-provenance="segment">
      <nite:child href="Bmr009.B.words.xml#id(Bmr009.vocalsound.189)"/>
   </segment>
   <segment nite:id="Bmr009.segment.1,319" starttime="1597.596" endtime="1598.044" participant="fe008" timing-provenance="segment">
      <nite:child href="Bmr009.B.words.xml#id(Bmr009.vocalsound.191)"/>
   </segment>
   <segment nite:id="Bmr009.segment.1,320" starttime="1598.09" endtime="1599.62" participant="fe008" timing-provenance="dialogueact">
      <nite:child href="Bmr009.B.words.xml#id(Bmr009.w.7,471)..id(Bmr009.w.7,483)"/>
   </segment>
   <segment nite:id="Bmr009.segment.1,322" starttime="1599.62" endtime="1601.33" participant="fe008" timing-provenance="dialogueact">
      <nite:child href="Bmr009.B.words.xml#id(Bmr009.w.7,486)..id(Bmr009.w.7,498)"/>
   </segment>
   <segment nite:id="Bmr009.segment.1,323" starttime="1601.33" endtime="1602.84" participant="fe008" timing-provenance="dialogueact">
      <nite:child href="Bmr009.B.words.xml#id(Bmr009.w.7,499)..id(Bmr009.w.7,506)"/>
   </segment>
   <segment nite:id="Bmr009.segment.1,328" starttime="1602.9" endtime="1604.07" participant="fe008" timing-provenance="dialogueact">
      <nite:child href="Bmr009.B.words.xml#id(Bmr009.w.7,519)..id(Bmr009.w.7,526)"/>
   </segment>
   <segment nite:id="Bmr009.segment.1,329" starttime="1604.094" endtime="1605.448" participant="fe008" timing-provenance="segment">
      <nite:child href="Bmr009.B.words.xml#id(Bmr009.w.7,527)..id(Bmr009.disfmarker.365)"/>
   </segment>
   <segment nite:id="Bmr009.segment.1,331" starttime="1605.489" endtime="1606.083" participant="fe008" timing-provenance="segment">
      <nite:child href="Bmr009.B.words.xml#id(Bmr009.vocalsound.193)"/>
   </segment>
   <segment nite:id="Bmr009.segment.1,335" starttime="1612.577" endtime="1614.325" participant="fe008" timing-provenance="segment">
      <nite:child href="Bmr009.B.words.xml#id(Bmr009.w.7,581)..id(Bmr009.disfmarker.366)"/>
   </segment>
   <segment nite:id="Bmr009.segment.1,338" starttime="1615.84" endtime="1617.08" participant="fe008" timing-provenance="dialogueact">
      <nite:child href="Bmr009.B.words.xml#id(Bmr009.w.7,595)..id(Bmr009.w.7,602)"/>
   </segment>
   <segment nite:id="Bmr009.segment.1,340" starttime="1617.172" endtime="1619.062" participant="fe008" timing-provenance="segment">
      <nite:child href="Bmr009.B.words.xml#id(Bmr009.w.7,605)..id(Bmr009.vocalsound.195)"/>
   </segment>
   <segment nite:id="Bmr009.segment.1,341" starttime="1619.11" endtime="1620.92" participant="fe008" timing-provenance="dialogueact">
      <nite:child href="Bmr009.B.words.xml#id(Bmr009.w.7,610)..id(Bmr009.w.7,617)"/>
   </segment>
   <segment nite:id="Bmr009.segment.1,343" starttime="1621.578" endtime="1622.523" participant="fe008" timing-provenance="segment">
      <nite:child href="Bmr009.B.words.xml#id(Bmr009.vocalsound.196)..id(Bmr009.w.7,636)"/>
   </segment>
   <segment nite:id="Bmr009.segment.1,345" starttime="1622.47" endtime="1623.19" participant="fe008" timing-provenance="dialogueact">
      <nite:child href="Bmr009.B.words.xml#id(Bmr009.pause.139)..id(Bmr009.w.7,656)"/>
   </segment>
   <segment nite:id="Bmr009.segment.1,346" starttime="1624.08" endtime="1625.22" participant="fe008" timing-provenance="dialogueact">
      <nite:child href="Bmr009.B.words.xml#id(Bmr009.w.7,657)..id(Bmr009.w.7,664)"/>
   </segment>
   <segment nite:id="Bmr009.segment.1,349" starttime="1626.48" endtime="1627.36" participant="fe008" timing-provenance="dialogueact">
      <nite:child href="Bmr009.B.words.xml#id(Bmr009.w.7,695)..id(Bmr009.w.7,700)"/>
   </segment>
   <segment nite:id="Bmr009.segment.1,351" starttime="1627.803" endtime="1628.547" participant="fe008" timing-provenance="segment">
      <nite:child href="Bmr009.B.words.xml#id(Bmr009.w.7,703)..id(Bmr009.disfmarker.368)"/>
   </segment>
   <segment nite:id="Bmr009.segment.1,354" starttime="1632.93" endtime="1633.3" participant="fe008" timing-provenance="dialogueact">
      <nite:child href="Bmr009.B.words.xml#id(Bmr009.w.7,718)..id(Bmr009.w.7,720)"/>
   </segment>
   <segment nite:id="Bmr009.segment.1,357" starttime="1639.57" endtime="1642.436" participant="fe008" timing-provenance="segment">
      <nite:child href="Bmr009.B.words.xml#id(Bmr009.w.7,732)..id(Bmr009.comment.33)"/>
   </segment>
   <segment nite:id="Bmr009.segment.1,364" starttime="1644.959" endtime="1645.345" participant="fe008" timing-provenance="segment">
      <nite:child href="Bmr009.B.words.xml#id(Bmr009.vocalsound.200)"/>
   </segment>
   <segment nite:id="Bmr009.segment.1,366" starttime="1645.345" endtime="1646.983" participant="fe008" timing-provenance="segment">
      <nite:child href="Bmr009.B.words.xml#id(Bmr009.w.7,755)..id(Bmr009.disfmarker.370)"/>
   </segment>
   <segment nite:id="Bmr009.segment.1,368" starttime="1647.01" endtime="1651.29" participant="fe008" timing-provenance="dialogueact">
      <nite:child href="Bmr009.B.words.xml#id(Bmr009.w.7,758)..id(Bmr009.w.7,778)"/>
   </segment>
   <segment nite:id="Bmr009.segment.1,370" starttime="1651.47" endtime="1653.43" participant="fe008" timing-provenance="dialogueact">
      <nite:child href="Bmr009.B.words.xml#id(Bmr009.w.7,779)..id(Bmr009.w.7,791)"/>
   </segment>
   <segment nite:id="Bmr009.segment.1,371" starttime="1654.77" endtime="1654.94" participant="fe008" timing-provenance="dialogueact">
      <nite:child href="Bmr009.B.words.xml#id(Bmr009.w.7,792)..id(Bmr009.w.7,793)"/>
   </segment>
   <segment nite:id="Bmr009.segment.1,373" starttime="1655.46" endtime="1656.8" participant="fe008" timing-provenance="dialogueact">
      <nite:child href="Bmr009.B.words.xml#id(Bmr009.w.7,796)..id(Bmr009.w.7,803)"/>
   </segment>
   <segment nite:id="Bmr009.segment.1,375" starttime="1657.361" endtime="1658.144" participant="fe008" timing-provenance="segment">
      <nite:child href="Bmr009.B.words.xml#id(Bmr009.w.7,806)..id(Bmr009.disfmarker.371)"/>
   </segment>
   <segment nite:id="Bmr009.segment.1,376" starttime="1658.98" endtime="1659.18" participant="fe008" timing-provenance="dialogueact">
      <nite:child href="Bmr009.B.words.xml#id(Bmr009.w.7,809)..id(Bmr009.w.7,810)"/>
   </segment>
   <segment nite:id="Bmr009.segment.1,377" starttime="1659.42" endtime="1662.41" participant="fe008" timing-provenance="dialogueact">
      <nite:child href="Bmr009.B.words.xml#id(Bmr009.w.7,811)..id(Bmr009.w.7,823)"/>
   </segment>
   <segment nite:id="Bmr009.segment.1,378" starttime="1662.87" endtime="1663.39" participant="fe008" timing-provenance="dialogueact">
      <nite:child href="Bmr009.B.words.xml#id(Bmr009.w.7,824)..id(Bmr009.w.7,826)"/>
   </segment>
   <segment nite:id="Bmr009.segment.1,380" starttime="1665.03" endtime="1666.55" participant="fe008" timing-provenance="dialogueact">
      <nite:child href="Bmr009.B.words.xml#id(Bmr009.w.7,835)..id(Bmr009.w.7,846)"/>
   </segment>
   <segment nite:id="Bmr009.segment.1,381" starttime="1666.55" endtime="1667.58" participant="fe008" timing-provenance="dialogueact">
      <nite:child href="Bmr009.B.words.xml#id(Bmr009.w.7,847)..id(Bmr009.w.7,852)"/>
   </segment>
   <segment nite:id="Bmr009.segment.1,387" starttime="1668.494" endtime="1669.685" participant="fe008" timing-provenance="segment">
      <nite:child href="Bmr009.B.words.xml#id(Bmr009.w.7,875)..id(Bmr009.disfmarker.375)"/>
   </segment>
   <segment nite:id="Bmr009.segment.1,389" starttime="1669.97" endtime="1670.35" participant="fe008" timing-provenance="dialogueact">
      <nite:child href="Bmr009.B.words.xml#id(Bmr009.w.7,883)..id(Bmr009.w.7,884)"/>
   </segment>
   <segment nite:id="Bmr009.segment.1,391" starttime="1670.906" endtime="1671.382" participant="fe008" timing-provenance="segment">
      <nite:child href="Bmr009.B.words.xml#id(Bmr009.w.7,907)..id(Bmr009.comment.36)"/>
   </segment>
   <segment nite:id="Bmr009.segment.1,394" starttime="1674.89" endtime="1675.57" participant="fe008" timing-provenance="dialogueact">
      <nite:child href="Bmr009.B.words.xml#id(Bmr009.w.7,924)..id(Bmr009.w.7,927)"/>
   </segment>
   <segment nite:id="Bmr009.segment.1,395" starttime="1675.919" endtime="1677.036" participant="fe008" timing-provenance="segment">
      <nite:child href="Bmr009.B.words.xml#id(Bmr009.pause.141)..id(Bmr009.w.7,929)"/>
   </segment>
   <segment nite:id="Bmr009.segment.1,397" starttime="1677.04" endtime="1677.82" participant="fe008" timing-provenance="dialogueact">
      <nite:child href="Bmr009.B.words.xml#id(Bmr009.w.7,936)..id(Bmr009.w.7,941)"/>
   </segment>
   <segment nite:id="Bmr009.segment.1,400" starttime="1680.7" endtime="1680.87" participant="fe008" timing-provenance="dialogueact">
      <nite:child href="Bmr009.B.words.xml#id(Bmr009.w.7,964)..id(Bmr009.w.7,965)"/>
   </segment>
   <segment nite:id="Bmr009.segment.1,401" starttime="1685.0" endtime="1685.24" participant="fe008" timing-provenance="dialogueact">
      <nite:child href="Bmr009.B.words.xml#id(Bmr009.w.7,966)..id(Bmr009.w.7,967)"/>
   </segment>
   <segment nite:id="Bmr009.segment.1,403" starttime="1686.07" endtime="1689.76" participant="fe008" timing-provenance="dialogueact">
      <nite:child href="Bmr009.B.words.xml#id(Bmr009.w.7,968)..id(Bmr009.w.7,990)"/>
   </segment>
   <segment nite:id="Bmr009.segment.1,406" starttime="1693.428" endtime="1695.773" participant="fe008" timing-provenance="segment">
      <nite:child href="Bmr009.B.words.xml#id(Bmr009.w.8,017)..id(Bmr009.disfmarker.380)"/>
   </segment>
   <segment nite:id="Bmr009.segment.1,407" starttime="1695.79" endtime="1699.65" participant="fe008" timing-provenance="dialogueact">
      <nite:child href="Bmr009.B.words.xml#id(Bmr009.w.8,027)..id(Bmr009.w.8,053)"/>
   </segment>
   <segment nite:id="Bmr009.segment.1,408" starttime="1699.65" endtime="1702.33" participant="fe008" timing-provenance="dialogueact">
      <nite:child href="Bmr009.B.words.xml#id(Bmr009.w.8,054)..id(Bmr009.w.8,069)"/>
   </segment>
   <segment nite:id="Bmr009.segment.1,409" starttime="1702.72" endtime="1704.13" participant="fe008" timing-provenance="dialogueact">
      <nite:child href="Bmr009.B.words.xml#id(Bmr009.w.8,070)..id(Bmr009.w.8,074)"/>
   </segment>
   <segment nite:id="Bmr009.segment.1,410" starttime="1704.52" endtime="1705.61" participant="fe008" timing-provenance="dialogueact">
      <nite:child href="Bmr009.B.words.xml#id(Bmr009.w.8,075)..id(Bmr009.w.8,078)"/>
   </segment>
   <segment nite:id="Bmr009.segment.1,422" starttime="1716.906" endtime="1717.388" participant="fe008" timing-provenance="segment">
      <nite:child href="Bmr009.B.words.xml#id(Bmr009.w.8,123)..id(Bmr009.disfmarker.382)"/>
   </segment>
   <segment nite:id="Bmr009.segment.1,423" starttime="1717.41" endtime="1719.73" participant="fe008" timing-provenance="dialogueact">
      <nite:child href="Bmr009.B.words.xml#id(Bmr009.w.8,124)..id(Bmr009.w.8,133)"/>
   </segment>
   <segment nite:id="Bmr009.segment.1,424" starttime="1719.96" endtime="1721.0" participant="fe008" timing-provenance="dialogueact">
      <nite:child href="Bmr009.B.words.xml#id(Bmr009.w.8,134)..id(Bmr009.w.8,139)"/>
   </segment>
   <segment nite:id="Bmr009.segment.1,425" starttime="1721.23" endtime="1723.22" participant="fe008" timing-provenance="dialogueact">
      <nite:child href="Bmr009.B.words.xml#id(Bmr009.w.8,140)..id(Bmr009.w.8,150)"/>
   </segment>
   <segment nite:id="Bmr009.segment.1,427" starttime="1726.24" endtime="1727.96" participant="fe008" timing-provenance="dialogueact">
      <nite:child href="Bmr009.B.words.xml#id(Bmr009.w.8,173)..id(Bmr009.w.8,187)"/>
   </segment>
   <segment nite:id="Bmr009.segment.1,429" starttime="1727.96" endtime="1729.13" participant="fe008" timing-provenance="dialogueact">
      <nite:child href="Bmr009.B.words.xml#id(Bmr009.pause.146)..id(Bmr009.w.8,199)"/>
   </segment>
   <segment nite:id="Bmr009.segment.1,430" starttime="1730.15" endtime="1730.84" participant="fe008" timing-provenance="dialogueact">
      <nite:child href="Bmr009.B.words.xml#id(Bmr009.w.8,200)..id(Bmr009.w.8,204)"/>
   </segment>
   <segment nite:id="Bmr009.segment.1,433" starttime="1734.303" endtime="1736.079" participant="fe008" timing-provenance="segment">
      <nite:child href="Bmr009.B.words.xml#id(Bmr009.w.8,212)..id(Bmr009.comment.39)"/>
   </segment>
   <segment nite:id="Bmr009.segment.1,477" starttime="1793.94" endtime="1794.18" participant="fe008" timing-provenance="dialogueact">
      <nite:child href="Bmr009.B.words.xml#id(Bmr009.w.8,476)..id(Bmr009.w.8,477)"/>
   </segment>
   <segment nite:id="Bmr009.segment.1,482" starttime="1796.69" endtime="1796.97" participant="fe008" timing-provenance="dialogueact">
      <nite:child href="Bmr009.B.words.xml#id(Bmr009.w.8,501)..id(Bmr009.w.8,502)"/>
   </segment>
   <segment nite:id="Bmr009.segment.1,501" starttime="1814.768" endtime="1815.55" participant="fe008" timing-provenance="segment">
      <nite:child href="Bmr009.B.words.xml#id(Bmr009.vocalsound.224)"/>
   </segment>
   <segment nite:id="Bmr009.segment.1,516" starttime="1835.92" endtime="1836.57" participant="fe008" timing-provenance="dialogueact">
      <nite:child href="Bmr009.B.words.xml#id(Bmr009.w.8,667)..id(Bmr009.w.8,673)"/>
   </segment>
   <segment nite:id="Bmr009.segment.1,519" starttime="1837.08" endtime="1837.29" participant="fe008" timing-provenance="dialogueact">
      <nite:child href="Bmr009.B.words.xml#id(Bmr009.w.8,678)..id(Bmr009.w.8,679)"/>
   </segment>
   <segment nite:id="Bmr009.segment.1,524" starttime="1840.711" endtime="1841.376" participant="fe008" timing-provenance="segment">
      <nite:child href="Bmr009.B.words.xml#id(Bmr009.vocalsound.231)"/>
   </segment>
   <segment nite:id="Bmr009.segment.1,530" starttime="1847.19" endtime="1849.57" participant="fe008" timing-provenance="dialogueact">
      <nite:child href="Bmr009.B.words.xml#id(Bmr009.w.8,737)..id(Bmr009.w.8,747)"/>
   </segment>
   <segment nite:id="Bmr009.segment.1,533" starttime="1849.73" endtime="1851.71" participant="fe008" timing-provenance="dialogueact">
      <nite:child href="Bmr009.B.words.xml#id(Bmr009.w.8,759)..id(Bmr009.w.8,768)"/>
   </segment>
   <segment nite:id="Bmr009.segment.1,534" starttime="1851.81" endtime="1852.47" participant="fe008" timing-provenance="dialogueact">
      <nite:child href="Bmr009.B.words.xml#id(Bmr009.w.8,769)..id(Bmr009.w.8,774)"/>
   </segment>
   <segment nite:id="Bmr009.segment.1,535" starttime="1852.47" endtime="1853.54" participant="fe008" timing-provenance="dialogueact">
      <nite:child href="Bmr009.B.words.xml#id(Bmr009.pause.157)..id(Bmr009.w.8,779)"/>
   </segment>
   <segment nite:id="Bmr009.segment.1,537" starttime="1853.54" endtime="1854.82" participant="fe008" timing-provenance="dialogueact">
      <nite:child href="Bmr009.B.words.xml#id(Bmr009.pause.158)..id(Bmr009.w.8,784)"/>
   </segment>
   <segment nite:id="Bmr009.segment.1,539" starttime="1854.82" endtime="1856.43" participant="fe008" timing-provenance="dialogueact">
      <nite:child href="Bmr009.B.words.xml#id(Bmr009.w.8,787)..id(Bmr009.w.8,798)"/>
   </segment>
   <segment nite:id="Bmr009.segment.1,556" starttime="1885.18" endtime="1885.49" participant="fe008" timing-provenance="dialogueact">
      <nite:child href="Bmr009.B.words.xml#id(Bmr009.w.8,917)..id(Bmr009.w.8,920)"/>
   </segment>
   <segment nite:id="Bmr009.segment.1,571" starttime="1908.174" endtime="1908.764" participant="fe008" timing-provenance="segment">
      <nite:child href="Bmr009.B.words.xml#id(Bmr009.w.9,013)..id(Bmr009.comment.44)"/>
   </segment>
   <segment nite:id="Bmr009.segment.1,578" starttime="1921.653" endtime="1921.97" participant="fe008" timing-provenance="segment">
      <nite:child href="Bmr009.B.words.xml#id(Bmr009.vocalsound.236)"/>
   </segment>
   <segment nite:id="Bmr009.segment.1,579" starttime="1921.98" endtime="1923.03" participant="fe008" timing-provenance="dialogueact">
      <nite:child href="Bmr009.B.words.xml#id(Bmr009.w.9,049)..id(Bmr009.w.9,056)"/>
   </segment>
   <segment nite:id="Bmr009.segment.1,590" starttime="1935.071" endtime="1935.886" participant="fe008" timing-provenance="segment">
      <nite:child href="Bmr009.B.words.xml#id(Bmr009.vocalsound.240)"/>
   </segment>
   <segment nite:id="Bmr009.segment.1,600" starttime="1946.234" endtime="1948.83" participant="fe008" timing-provenance="segment">
      <nite:child href="Bmr009.B.words.xml#id(Bmr009.w.9,159)..id(Bmr009.disfmarker.425)"/>
   </segment>
   <segment nite:id="Bmr009.segment.1,603" starttime="1948.83" endtime="1953.479" participant="fe008" timing-provenance="segment">
      <nite:child href="Bmr009.B.words.xml#id(Bmr009.w.9,176)..id(Bmr009.vocalsound.243)"/>
   </segment>
   <segment nite:id="Bmr009.segment.1,608" starttime="1953.479" endtime="1956.203" participant="fe008" timing-provenance="segment">
      <nite:child href="Bmr009.B.words.xml#id(Bmr009.vocalsound.248)"/>
   </segment>
   <segment nite:id="Bmr009.segment.1,613" starttime="1959.69" endtime="1959.97" participant="fe008" timing-provenance="dialogueact">
      <nite:child href="Bmr009.B.words.xml#id(Bmr009.w.9,214)..id(Bmr009.w.9,217)"/>
   </segment>
   <segment nite:id="Bmr009.segment.1,620" starttime="1967.225" endtime="1967.781" participant="fe008" timing-provenance="segment">
      <nite:child href="Bmr009.B.words.xml#id(Bmr009.vocalsound.252)"/>
   </segment>
   <segment nite:id="Bmr009.segment.1,624" starttime="1968.937" endtime="1969.747" participant="fe008" timing-provenance="segment">
      <nite:child href="Bmr009.B.words.xml#id(Bmr009.w.9,270)..id(Bmr009.comment.46)"/>
   </segment>
   <segment nite:id="Bmr009.segment.1,626" starttime="1970.336" endtime="1971.285" participant="fe008" timing-provenance="segment">
      <nite:child href="Bmr009.B.words.xml#id(Bmr009.vocalsound.254)"/>
   </segment>
   <segment nite:id="Bmr009.segment.1,642" starttime="1984.877" endtime="1987.72" participant="fe008" timing-provenance="segment">
      <nite:child href="Bmr009.B.words.xml#id(Bmr009.w.9,338)..id(Bmr009.w.9,353)"/>
   </segment>
   <segment nite:id="Bmr009.segment.1,645" starttime="1988.296" endtime="1989.34" participant="fe008" timing-provenance="segment">
      <nite:child href="Bmr009.B.words.xml#id(Bmr009.vocalsound.262)"/>
   </segment>
   <segment nite:id="Bmr009.segment.1,649" starttime="1990.23" endtime="1990.962" participant="fe008" timing-provenance="segment">
      <nite:child href="Bmr009.B.words.xml#id(Bmr009.vocalsound.264)"/>
   </segment>
   <segment nite:id="Bmr009.segment.1,652" starttime="1993.04" endtime="1993.55" participant="fe008" timing-provenance="dialogueact">
      <nite:child href="Bmr009.B.words.xml#id(Bmr009.w.9,382)..id(Bmr009.w.9,384)"/>
   </segment>
   <segment nite:id="Bmr009.segment.1,655" starttime="1993.63" endtime="1994.13" participant="fe008" timing-provenance="dialogueact">
      <nite:child href="Bmr009.B.words.xml#id(Bmr009.w.9,392)..id(Bmr009.w.9,394)"/>
   </segment>
   <segment nite:id="Bmr009.segment.1,657" starttime="1994.64" endtime="1995.07" participant="fe008" timing-provenance="dialogueact">
      <nite:child href="Bmr009.B.words.xml#id(Bmr009.w.9,397)..id(Bmr009.w.9,399)"/>
   </segment>
   <segment nite:id="Bmr009.segment.1,662" starttime="2000.76" endtime="2002.85" participant="fe008" timing-provenance="dialogueact">
      <nite:child href="Bmr009.B.words.xml#id(Bmr009.w.9,419)..id(Bmr009.w.9,426)"/>
   </segment>
   <segment nite:id="Bmr009.segment.1,667" starttime="2005.016" endtime="2006.409" participant="fe008" timing-provenance="segment">
      <nite:child href="Bmr009.B.words.xml#id(Bmr009.w.9,448)..id(Bmr009.w.9,454)"/>
   </segment>
   <segment nite:id="Bmr009.segment.1,674" starttime="2012.15" endtime="2012.93" participant="fe008" timing-provenance="dialogueact">
      <nite:child href="Bmr009.B.words.xml#id(Bmr009.w.9,492)..id(Bmr009.w.9,495)"/>
   </segment>
   <segment nite:id="Bmr009.segment.1,680" starttime="2018.837" endtime="2020.287" participant="fe008" timing-provenance="segment">
      <nite:child href="Bmr009.B.words.xml#id(Bmr009.vocalsound.270)..id(Bmr009.w.9,518)"/>
   </segment>
   <segment nite:id="Bmr009.segment.1,684" starttime="2022.194" endtime="2024.159" participant="fe008" timing-provenance="segment">
      <nite:child href="Bmr009.B.words.xml#id(Bmr009.vocalsound.272)"/>
   </segment>
   <segment nite:id="Bmr009.segment.1,690" starttime="2024.877" endtime="2025.621" participant="fe008" timing-provenance="segment">
      <nite:child href="Bmr009.B.words.xml#id(Bmr009.vocalsound.276)"/>
   </segment>
   <segment nite:id="Bmr009.segment.1,700" starttime="2031.49" endtime="2032.92" participant="fe008" timing-provenance="dialogueact">
      <nite:child href="Bmr009.B.words.xml#id(Bmr009.w.9,591)..id(Bmr009.w.9,598)"/>
   </segment>
   <segment nite:id="Bmr009.segment.1,706" starttime="2034.59" endtime="2035.59" participant="fe008" timing-provenance="dialogueact">
      <nite:child href="Bmr009.B.words.xml#id(Bmr009.w.9,619)..id(Bmr009.w.9,624)"/>
   </segment>
   <segment nite:id="Bmr009.segment.1,716" starttime="2046.69" endtime="2047.0" participant="fe008" timing-provenance="dialogueact">
      <nite:child href="Bmr009.B.words.xml#id(Bmr009.w.9,717)..id(Bmr009.w.9,718)"/>
   </segment>
   <segment nite:id="Bmr009.segment.1,732" starttime="2060.9" endtime="2061.34" participant="fe008" timing-provenance="dialogueact">
      <nite:child href="Bmr009.B.words.xml#id(Bmr009.w.9,788)..id(Bmr009.w.9,789)"/>
   </segment>
   <segment nite:id="Bmr009.segment.1,733" starttime="2061.523" endtime="2062.068" participant="fe008" timing-provenance="segment">
      <nite:child href="Bmr009.B.words.xml#id(Bmr009.vocalsound.285)"/>
   </segment>
   <segment nite:id="Bmr009.segment.1,735" starttime="2062.16" endtime="2064.11" participant="fe008" timing-provenance="dialogueact">
      <nite:child href="Bmr009.B.words.xml#id(Bmr009.w.9,792)..id(Bmr009.w.9,805)"/>
   </segment>
   <segment nite:id="Bmr009.segment.1,737" starttime="2065.01" endtime="2069.5" participant="fe008" timing-provenance="dialogueact">
      <nite:child href="Bmr009.B.words.xml#id(Bmr009.w.9,811)..id(Bmr009.w.9,830)"/>
   </segment>
   <segment nite:id="Bmr009.segment.1,750" starttime="2079.38" endtime="2081.668" participant="fe008" timing-provenance="segment">
      <nite:child href="Bmr009.B.words.xml#id(Bmr009.vocalsound.291)"/>
   </segment>
   <segment nite:id="Bmr009.segment.1,751" starttime="2081.668" endtime="2082.212" participant="fe008" timing-provenance="segment">
      <nite:child href="Bmr009.B.words.xml#id(Bmr009.w.9,884)..id(Bmr009.disfmarker.473)"/>
   </segment>
   <segment nite:id="Bmr009.segment.1,752" starttime="2082.212" endtime="2083.035" participant="fe008" timing-provenance="segment">
      <nite:child href="Bmr009.B.words.xml#id(Bmr009.vocalsound.292)"/>
   </segment>
   <segment nite:id="Bmr009.segment.1,757" starttime="2083.16" endtime="2083.26" participant="fe008" timing-provenance="dialogueact">
      <nite:child href="Bmr009.B.words.xml#id(Bmr009.w.9,913)..id(Bmr009.w.9,914)"/>
   </segment>
   <segment nite:id="Bmr009.segment.1,758" starttime="2084.018" endtime="2085.303" participant="fe008" timing-provenance="segment">
      <nite:child href="Bmr009.B.words.xml#id(Bmr009.w.9,915)..id(Bmr009.comment.51)"/>
   </segment>
   <segment nite:id="Bmr009.segment.1,760" starttime="2085.303" endtime="2086.038" participant="fe008" timing-provenance="segment">
      <nite:child href="Bmr009.B.words.xml#id(Bmr009.vocalsound.295)"/>
   </segment>
   <segment nite:id="Bmr009.segment.1,762" starttime="2089.291" endtime="2090.791" participant="fe008" timing-provenance="segment">
      <nite:child href="Bmr009.B.words.xml#id(Bmr009.vocalsound.296)"/>
   </segment>
   <segment nite:id="Bmr009.segment.1,775" starttime="2101.848" endtime="2102.546" participant="fe008" timing-provenance="segment">
      <nite:child href="Bmr009.B.words.xml#id(Bmr009.vocalsound.298)"/>
   </segment>
   <segment nite:id="Bmr009.segment.1,777" starttime="2102.546" endtime="2103.184" participant="fe008" timing-provenance="segment">
      <nite:child href="Bmr009.B.words.xml#id(Bmr009.w.10,014)..id(Bmr009.disfmarker.479)"/>
   </segment>
   <segment nite:id="Bmr009.segment.1,796" starttime="2123.4" endtime="2124.25" participant="fe008" timing-provenance="dialogueact">
      <nite:child href="Bmr009.B.words.xml#id(Bmr009.w.10,119)..id(Bmr009.w.10,123)"/>
   </segment>
   <segment nite:id="Bmr009.segment.1,798" starttime="2124.843" endtime="2125.937" participant="fe008" timing-provenance="segment">
      <nite:child href="Bmr009.B.words.xml#id(Bmr009.w.10,129)..id(Bmr009.disfmarker.489)"/>
   </segment>
   <segment nite:id="Bmr009.segment.1,800" starttime="2125.937" endtime="2127.659" participant="fe008" timing-provenance="segment">
      <nite:child href="Bmr009.B.words.xml#id(Bmr009.vocalsound.301)"/>
   </segment>
   <segment nite:id="Bmr009.segment.1,804" starttime="2130.5" endtime="2130.97" participant="fe008" timing-provenance="dialogueact">
      <nite:child href="Bmr009.B.words.xml#id(Bmr009.w.10,159)..id(Bmr009.w.10,163)"/>
   </segment>
   <segment nite:id="Bmr009.segment.1,806" starttime="2131.48" endtime="2132.77" participant="fe008" timing-provenance="dialogueact">
      <nite:child href="Bmr009.B.words.xml#id(Bmr009.w.10,169)..id(Bmr009.w.10,177)"/>
   </segment>
   <segment nite:id="Bmr009.segment.1,809" starttime="2133.9" endtime="2134.57" participant="fe008" timing-provenance="dialogueact">
      <nite:child href="Bmr009.B.words.xml#id(Bmr009.w.10,188)..id(Bmr009.w.10,194)"/>
   </segment>
   <segment nite:id="Bmr009.segment.1,812" starttime="2134.8" endtime="2134.97" participant="fe008" timing-provenance="dialogueact">
      <nite:child href="Bmr009.B.words.xml#id(Bmr009.w.10,197)..id(Bmr009.w.10,198)"/>
   </segment>
   <segment nite:id="Bmr009.segment.1,815" starttime="2135.5" endtime="2136.25" participant="fe008" timing-provenance="dialogueact">
      <nite:child href="Bmr009.B.words.xml#id(Bmr009.w.10,208)..id(Bmr009.w.10,212)"/>
   </segment>
   <segment nite:id="Bmr009.segment.1,825" starttime="2142.37" endtime="2142.639" participant="fe008" timing-provenance="segment">
      <nite:child href="Bmr009.B.words.xml#id(Bmr009.vocalsound.306)"/>
   </segment>
   <segment nite:id="Bmr009.segment.1,826" starttime="2142.68" endtime="2143.08" participant="fe008" timing-provenance="dialogueact">
      <nite:child href="Bmr009.B.words.xml#id(Bmr009.w.10,258)..id(Bmr009.w.10,261)"/>
   </segment>
   <segment nite:id="Bmr009.segment.1,828" starttime="2143.751" endtime="2145.482" participant="fe008" timing-provenance="segment">
      <nite:child href="Bmr009.B.words.xml#id(Bmr009.w.10,271)..id(Bmr009.disfmarker.491)"/>
   </segment>
   <segment nite:id="Bmr009.segment.1,830" starttime="2145.48" endtime="2147.27" participant="fe008" timing-provenance="dialogueact">
      <nite:child href="Bmr009.B.words.xml#id(Bmr009.w.10,280)..id(Bmr009.w.10,285)"/>
   </segment>
   <segment nite:id="Bmr009.segment.1,832" starttime="2147.7" endtime="2149.71" participant="fe008" timing-provenance="dialogueact">
      <nite:child href="Bmr009.B.words.xml#id(Bmr009.w.10,295)..id(Bmr009.w.10,307)"/>
   </segment>
   <segment nite:id="Bmr009.segment.1,834" starttime="2150.13" endtime="2150.906" participant="fe008" timing-provenance="segment">
      <nite:child href="Bmr009.B.words.xml#id(Bmr009.vocalsound.307)"/>
   </segment>
   <segment nite:id="Bmr009.segment.1,836" starttime="2150.906" endtime="2155.771" participant="fe008" timing-provenance="segment">
      <nite:child href="Bmr009.B.words.xml#id(Bmr009.w.10,319)..id(Bmr009.disfmarker.495)"/>
   </segment>
   <segment nite:id="Bmr009.segment.1,839" starttime="2155.82" endtime="2156.26" participant="fe008" timing-provenance="dialogueact">
      <nite:child href="Bmr009.B.words.xml#id(Bmr009.w.10,347)..id(Bmr009.w.10,351)"/>
   </segment>
   <segment nite:id="Bmr009.segment.1,842" starttime="2158.43" endtime="2158.69" participant="fe008" timing-provenance="dialogueact">
      <nite:child href="Bmr009.B.words.xml#id(Bmr009.w.10,370)..id(Bmr009.w.10,371)"/>
   </segment>
   <segment nite:id="Bmr009.segment.1,846" starttime="2164.22" endtime="2164.43" participant="fe008" timing-provenance="dialogueact">
      <nite:child href="Bmr009.B.words.xml#id(Bmr009.w.10,389)..id(Bmr009.w.10,390)"/>
   </segment>
   <segment nite:id="Bmr009.segment.1,853" starttime="2168.62" endtime="2168.78" participant="fe008" timing-provenance="dialogueact">
      <nite:child href="Bmr009.B.words.xml#id(Bmr009.w.10,415)..id(Bmr009.w.10,416)"/>
   </segment>
   <segment nite:id="Bmr009.segment.1,858" starttime="2175.219" endtime="2175.998" participant="fe008" timing-provenance="segment">
      <nite:child href="Bmr009.B.words.xml#id(Bmr009.vocalsound.313)"/>
   </segment>
   <segment nite:id="Bmr009.segment.1,866" starttime="2182.96" endtime="2186.54" participant="fe008" timing-provenance="dialogueact">
      <nite:child href="Bmr009.B.words.xml#id(Bmr009.w.10,470)..id(Bmr009.w.10,487)"/>
   </segment>
   <segment nite:id="Bmr009.segment.1,868" starttime="2186.96" endtime="2187.367" participant="fe008" timing-provenance="segment">
      <nite:child href="Bmr009.B.words.xml#id(Bmr009.w.10,490)..id(Bmr009.w.10,492)"/>
   </segment>
   <segment nite:id="Bmr009.segment.1,871" starttime="2190.817" endtime="2191.661" participant="fe008" timing-provenance="segment">
      <nite:child href="Bmr009.B.words.xml#id(Bmr009.vocalsound.317)"/>
   </segment>
   <segment nite:id="Bmr009.segment.1,872" starttime="2191.72" endtime="2194.94" participant="fe008" timing-provenance="dialogueact">
      <nite:child href="Bmr009.B.words.xml#id(Bmr009.w.10,507)..id(Bmr009.w.10,523)"/>
   </segment>
   <segment nite:id="Bmr009.segment.1,877" starttime="2205.159" endtime="2205.754" participant="fe008" timing-provenance="segment">
      <nite:child href="Bmr009.B.words.xml#id(Bmr009.vocalsound.318)"/>
   </segment>
   <segment nite:id="Bmr009.segment.1,879" starttime="2205.754" endtime="2206.339" participant="fe008" timing-provenance="segment">
      <nite:child href="Bmr009.B.words.xml#id(Bmr009.w.10,597)..id(Bmr009.disfmarker.504)"/>
   </segment>
   <segment nite:id="Bmr009.segment.1,880" starttime="2206.793" endtime="2208.126" participant="fe008" timing-provenance="segment">
      <nite:child href="Bmr009.B.words.xml#id(Bmr009.w.10,599)..id(Bmr009.disfmarker.506)"/>
   </segment>
   <segment nite:id="Bmr009.segment.1,882" starttime="2208.126" endtime="2211.67" participant="fe008" timing-provenance="segment">
      <nite:child href="Bmr009.B.words.xml#id(Bmr009.w.10,609)..id(Bmr009.disfmarker.507)"/>
   </segment>
   <segment nite:id="Bmr009.segment.1,888" starttime="2216.404" endtime="2217.091" participant="fe008" timing-provenance="segment">
      <nite:child href="Bmr009.B.words.xml#id(Bmr009.vocalsound.321)"/>
   </segment>
   <segment nite:id="Bmr009.segment.1,890" starttime="2217.13" endtime="2220.87" participant="fe008" timing-provenance="dialogueact">
      <nite:child href="Bmr009.B.words.xml#id(Bmr009.w.10,646)..id(Bmr009.w.10,661)"/>
   </segment>
   <segment nite:id="Bmr009.segment.1,891" starttime="2221.66" endtime="2222.32" participant="fe008" timing-provenance="segment">
      <nite:child href="Bmr009.B.words.xml#id(Bmr009.w.10,662)..id(Bmr009.disfmarker.508)"/>
   </segment>
   <segment nite:id="Bmr009.segment.1,895" starttime="2224.453" endtime="2225.251" participant="fe008" timing-provenance="segment">
      <nite:child href="Bmr009.B.words.xml#id(Bmr009.w.10,686)..id(Bmr009.disfmarker.509)"/>
   </segment>
   <segment nite:id="Bmr009.segment.1,899" starttime="2225.97" endtime="2226.5" participant="fe008" timing-provenance="dialogueact">
      <nite:child href="Bmr009.B.words.xml#id(Bmr009.w.10,701)..id(Bmr009.w.10,705)"/>
   </segment>
   <segment nite:id="Bmr009.segment.1,902" starttime="2228.22" endtime="2228.67" participant="fe008" timing-provenance="dialogueact">
      <nite:child href="Bmr009.B.words.xml#id(Bmr009.w.10,712)..id(Bmr009.w.10,715)"/>
   </segment>
   <segment nite:id="Bmr009.segment.1,910" starttime="2237.28" endtime="2237.59" participant="fe008" timing-provenance="dialogueact">
      <nite:child href="Bmr009.B.words.xml#id(Bmr009.w.10,787)..id(Bmr009.w.10,788)"/>
   </segment>
   <segment nite:id="Bmr009.segment.1,920" starttime="2253.87" endtime="2254.28" participant="fe008" timing-provenance="dialogueact">
      <nite:child href="Bmr009.B.words.xml#id(Bmr009.w.10,864)..id(Bmr009.w.10,868)"/>
   </segment>
   <segment nite:id="Bmr009.segment.1,922" starttime="2254.357" endtime="2254.624" participant="fe008" timing-provenance="segment">
      <nite:child href="Bmr009.B.words.xml#id(Bmr009.vocalsound.329)"/>
   </segment>
   <segment nite:id="Bmr009.segment.1,923" starttime="2254.67" endtime="2257.41" participant="fe008" timing-provenance="dialogueact">
      <nite:child href="Bmr009.B.words.xml#id(Bmr009.w.10,872)..id(Bmr009.w.10,887)"/>
   </segment>
   <segment nite:id="Bmr009.segment.1,927" starttime="2257.403" endtime="2258.242" participant="fe008" timing-provenance="segment">
      <nite:child href="Bmr009.B.words.xml#id(Bmr009.w.10,893)..id(Bmr009.disfmarker.520)"/>
   </segment>
   <segment nite:id="Bmr009.segment.1,928" starttime="2258.21" endtime="2259.99" participant="fe008" timing-provenance="dialogueact">
      <nite:child href="Bmr009.B.words.xml#id(Bmr009.w.10,898)..id(Bmr009.w.10,907)"/>
   </segment>
   <segment nite:id="Bmr009.segment.1,941" starttime="2278.324" endtime="2278.621" participant="fe008" timing-provenance="segment">
      <nite:child href="Bmr009.B.words.xml#id(Bmr009.vocalsound.332)"/>
   </segment>
   <segment nite:id="Bmr009.segment.1,942" starttime="2278.67" endtime="2279.47" participant="fe008" timing-provenance="dialogueact">
      <nite:child href="Bmr009.B.words.xml#id(Bmr009.w.11,004)..id(Bmr009.w.11,010)"/>
   </segment>
   <segment nite:id="Bmr009.segment.1,944" starttime="2280.31" endtime="2280.65" participant="fe008" timing-provenance="dialogueact">
      <nite:child href="Bmr009.B.words.xml#id(Bmr009.w.11,015)..id(Bmr009.w.11,018)"/>
   </segment>
   <segment nite:id="Bmr009.segment.1,945" starttime="2280.788" endtime="2282.373" participant="fe008" timing-provenance="segment">
      <nite:child href="Bmr009.B.words.xml#id(Bmr009.w.11,019)..id(Bmr009.w.11,029)"/>
   </segment>
   <segment nite:id="Bmr009.segment.1,947" starttime="2282.373" endtime="2283.051" participant="fe008" timing-provenance="segment">
      <nite:child href="Bmr009.B.words.xml#id(Bmr009.w.11,031)..id(Bmr009.disfmarker.526)"/>
   </segment>
   <segment nite:id="Bmr009.segment.1,948" starttime="2282.98" endtime="2284.59" participant="fe008" timing-provenance="dialogueact">
      <nite:child href="Bmr009.B.words.xml#id(Bmr009.w.11,035)..id(Bmr009.w.11,043)"/>
   </segment>
   <segment nite:id="Bmr009.segment.1,949" starttime="2284.59" endtime="2286.05" participant="fe008" timing-provenance="dialogueact">
      <nite:child href="Bmr009.B.words.xml#id(Bmr009.pause.178)..id(Bmr009.w.11,048)"/>
   </segment>
   <segment nite:id="Bmr009.segment.1,950" starttime="2286.34" endtime="2286.61" participant="fe008" timing-provenance="dialogueact">
      <nite:child href="Bmr009.B.words.xml#id(Bmr009.w.11,049)"/>
   </segment>
   <segment nite:id="Bmr009.segment.1,951" starttime="2287.73" endtime="2288.182" participant="fe008" timing-provenance="segment">
      <nite:child href="Bmr009.B.words.xml#id(Bmr009.w.11,050)..id(Bmr009.disfmarker.527)"/>
   </segment>
   <segment nite:id="Bmr009.segment.1,952" starttime="2288.08" endtime="2293.33" participant="fe008" timing-provenance="dialogueact">
      <nite:child href="Bmr009.B.words.xml#id(Bmr009.w.11,051)..id(Bmr009.w.11,076)"/>
   </segment>
   <segment nite:id="Bmr009.segment.1,953" starttime="2293.75" endtime="2295.17" participant="fe008" timing-provenance="dialogueact">
      <nite:child href="Bmr009.B.words.xml#id(Bmr009.w.11,077)..id(Bmr009.w.11,083)"/>
   </segment>
   <segment nite:id="Bmr009.segment.1,955" starttime="2295.6" endtime="2296.35" participant="fe008" timing-provenance="segment">
      <nite:child href="Bmr009.B.words.xml#id(Bmr009.w.11,086)..id(Bmr009.disfmarker.529)"/>
   </segment>
   <segment nite:id="Bmr009.segment.1,956" starttime="2297.3" endtime="2297.8" participant="fe008" timing-provenance="dialogueact">
      <nite:child href="Bmr009.B.words.xml#id(Bmr009.w.11,089)..id(Bmr009.w.11,091)"/>
   </segment>
   <segment nite:id="Bmr009.segment.1,959" starttime="2299.48" endtime="2300.24" participant="fe008" timing-provenance="dialogueact">
      <nite:child href="Bmr009.B.words.xml#id(Bmr009.w.11,119)..id(Bmr009.w.11,124)"/>
   </segment>
   <segment nite:id="Bmr009.segment.1,960" starttime="2304.0" endtime="2304.12" participant="fe008" timing-provenance="dialogueact">
      <nite:child href="Bmr009.B.words.xml#id(Bmr009.w.11,125)..id(Bmr009.w.11,126)"/>
   </segment>
   <segment nite:id="Bmr009.segment.1,961" starttime="2304.99" endtime="2305.24" participant="fe008" timing-provenance="dialogueact">
      <nite:child href="Bmr009.B.words.xml#id(Bmr009.w.11,127)..id(Bmr009.w.11,128)"/>
   </segment>
   <segment nite:id="Bmr009.segment.1,994" starttime="2339.323" endtime="2341.242" participant="fe008" timing-provenance="segment">
      <nite:child href="Bmr009.B.words.xml#id(Bmr009.vocalsound.341)"/>
   </segment>
   <segment nite:id="Bmr009.segment.1,998" starttime="2341.35" endtime="2342.31" participant="fe008" timing-provenance="dialogueact">
      <nite:child href="Bmr009.B.words.xml#id(Bmr009.w.11,341)..id(Bmr009.w.11,349)"/>
   </segment>
   <segment nite:id="Bmr009.segment.2,000" starttime="2342.349" endtime="2344.366" participant="fe008" timing-provenance="segment">
      <nite:child href="Bmr009.B.words.xml#id(Bmr009.vocalsound.343)"/>
   </segment>
   <segment nite:id="Bmr009.segment.2,002" starttime="2345.312" endtime="2345.74" participant="fe008" timing-provenance="segment">
      <nite:child href="Bmr009.B.words.xml#id(Bmr009.vocalsound.344)"/>
   </segment>
   <segment nite:id="Bmr009.segment.2,005" starttime="2346.501" endtime="2346.934" participant="fe008" timing-provenance="segment">
      <nite:child href="Bmr009.B.words.xml#id(Bmr009.vocalsound.345)"/>
   </segment>
   <segment nite:id="Bmr009.segment.2,012" starttime="2350.426" endtime="2351.285" participant="fe008" timing-provenance="segment">
      <nite:child href="Bmr009.B.words.xml#id(Bmr009.vocalsound.349)"/>
   </segment>
   <segment nite:id="Bmr009.segment.2,018" starttime="2352.072" endtime="2352.548" participant="fe008" timing-provenance="segment">
      <nite:child href="Bmr009.B.words.xml#id(Bmr009.vocalsound.353)"/>
   </segment>
   <segment nite:id="Bmr009.segment.2,036" starttime="2372.05" endtime="2373.25" participant="fe008" timing-provenance="dialogueact">
      <nite:child href="Bmr009.B.words.xml#id(Bmr009.w.11,526)..id(Bmr009.w.11,534)"/>
   </segment>
   <segment nite:id="Bmr009.segment.2,038" starttime="2373.281" endtime="2374.893" participant="fe008" timing-provenance="segment">
      <nite:child href="Bmr009.B.words.xml#id(Bmr009.w.11,536)..id(Bmr009.disfmarker.557)"/>
   </segment>
   <segment nite:id="Bmr009.segment.2,039" starttime="2375.15" endtime="2375.33" participant="fe008" timing-provenance="dialogueact">
      <nite:child href="Bmr009.B.words.xml#id(Bmr009.w.11,543)"/>
   </segment>
   <segment nite:id="Bmr009.segment.2,040" starttime="2375.33" endtime="2378.93" participant="fe008" timing-provenance="dialogueact">
      <nite:child href="Bmr009.B.words.xml#id(Bmr009.w.11,544)..id(Bmr009.w.11,559)"/>
   </segment>
   <segment nite:id="Bmr009.segment.2,046" starttime="2382.2" endtime="2382.51" participant="fe008" timing-provenance="dialogueact">
      <nite:child href="Bmr009.B.words.xml#id(Bmr009.w.11,577)..id(Bmr009.w.11,578)"/>
   </segment>
   <segment nite:id="Bmr009.segment.2,051" starttime="2384.31" endtime="2384.61" participant="fe008" timing-provenance="dialogueact">
      <nite:child href="Bmr009.B.words.xml#id(Bmr009.w.11,599)..id(Bmr009.w.11,600)"/>
   </segment>
   <segment nite:id="Bmr009.segment.2,064" starttime="2394.26" endtime="2394.859" participant="fe008" timing-provenance="segment">
      <nite:child href="Bmr009.B.words.xml#id(Bmr009.vocalsound.363)"/>
   </segment>
   <segment nite:id="Bmr009.segment.2,068" starttime="2396.26" endtime="2398.36" participant="fe008" timing-provenance="dialogueact">
      <nite:child href="Bmr009.B.words.xml#id(Bmr009.w.11,647)..id(Bmr009.w.11,660)"/>
   </segment>
   <segment nite:id="Bmr009.segment.2,080" starttime="2412.06" endtime="2412.64" participant="fe008" timing-provenance="dialogueact">
      <nite:child href="Bmr009.B.words.xml#id(Bmr009.w.11,745)..id(Bmr009.w.11,746)"/>
   </segment>
   <segment nite:id="Bmr009.segment.2,085" starttime="2419.9" endtime="2420.08" participant="fe008" timing-provenance="dialogueact">
      <nite:child href="Bmr009.B.words.xml#id(Bmr009.w.11,773)..id(Bmr009.w.11,774)"/>
   </segment>
   <segment nite:id="Bmr009.segment.2,089" starttime="2421.69" endtime="2422.87" participant="fe008" timing-provenance="dialogueact">
      <nite:child href="Bmr009.B.words.xml#id(Bmr009.w.11,783)..id(Bmr009.w.11,790)"/>
   </segment>
   <segment nite:id="Bmr009.segment.2,093" starttime="2422.96" endtime="2423.22" participant="fe008" timing-provenance="dialogueact">
      <nite:child href="Bmr009.B.words.xml#id(Bmr009.w.11,797)..id(Bmr009.w.11,798)"/>
   </segment>
   <segment nite:id="Bmr009.segment.2,096" starttime="2423.257" endtime="2424.121" participant="fe008" timing-provenance="segment">
      <nite:child href="Bmr009.B.words.xml#id(Bmr009.vocalsound.372)"/>
   </segment>
   <segment nite:id="Bmr009.segment.2,098" starttime="2424.16" endtime="2425.24" participant="fe008" timing-provenance="dialogueact">
      <nite:child href="Bmr009.B.words.xml#id(Bmr009.w.11,819)..id(Bmr009.w.11,824)"/>
   </segment>
   <segment nite:id="Bmr009.segment.2,102" starttime="2426.39" endtime="2426.9" participant="fe008" timing-provenance="dialogueact">
      <nite:child href="Bmr009.B.words.xml#id(Bmr009.w.11,832)..id(Bmr009.w.11,837)"/>
   </segment>
   <segment nite:id="Bmr009.segment.2,104" starttime="2427.05" endtime="2428.06" participant="fe008" timing-provenance="dialogueact">
      <nite:child href="Bmr009.B.words.xml#id(Bmr009.w.11,840)..id(Bmr009.pause.192)"/>
   </segment>
   <segment nite:id="Bmr009.segment.2,105" starttime="2428.06" endtime="2428.95" participant="fe008" timing-provenance="dialogueact">
      <nite:child href="Bmr009.B.words.xml#id(Bmr009.w.11,844)..id(Bmr009.w.11,851)"/>
   </segment>
   <segment nite:id="Bmr009.segment.2,109" starttime="2429.17" endtime="2429.59" participant="fe008" timing-provenance="dialogueact">
      <nite:child href="Bmr009.B.words.xml#id(Bmr009.w.11,858)..id(Bmr009.w.11,862)"/>
   </segment>
   <segment nite:id="Bmr009.segment.2,110" starttime="2429.7" endtime="2430.71" participant="fe008" timing-provenance="segment">
      <nite:child href="Bmr009.B.words.xml#id(Bmr009.vocalsound.377)"/>
   </segment>
   <segment nite:id="Bmr009.segment.2,117" starttime="2438.12" endtime="2438.79" participant="fe008" timing-provenance="dialogueact">
      <nite:child href="Bmr009.B.words.xml#id(Bmr009.w.11,893)..id(Bmr009.w.11,896)"/>
   </segment>
   <segment nite:id="Bmr009.segment.2,120" starttime="2439.74" endtime="2440.24" participant="fe008" timing-provenance="dialogueact">
      <nite:child href="Bmr009.B.words.xml#id(Bmr009.w.11,905)..id(Bmr009.w.11,910)"/>
   </segment>
   <segment nite:id="Bmr009.segment.2,132" starttime="2446.3" endtime="2446.49" participant="fe008" timing-provenance="dialogueact">
      <nite:child href="Bmr009.B.words.xml#id(Bmr009.w.11,927)..id(Bmr009.w.11,928)"/>
   </segment>
   <segment nite:id="Bmr009.segment.2,134" starttime="2446.96" endtime="2447.24" participant="fe008" timing-provenance="dialogueact">
      <nite:child href="Bmr009.B.words.xml#id(Bmr009.w.11,938)..id(Bmr009.w.11,939)"/>
   </segment>
   <segment nite:id="Bmr009.segment.2,136" starttime="2448.708" endtime="2450.359" participant="fe008" timing-provenance="segment">
      <nite:child href="Bmr009.B.words.xml#id(Bmr009.w.11,940)..id(Bmr009.disfmarker.574)"/>
   </segment>
   <segment nite:id="Bmr009.segment.2,139" starttime="2450.359" endtime="2451.79" participant="fe008" timing-provenance="segment">
      <nite:child href="Bmr009.B.words.xml#id(Bmr009.vocalsound.385)"/>
   </segment>
   <segment nite:id="Bmr009.segment.2,144" starttime="2459.33" endtime="2459.75" participant="fe008" timing-provenance="dialogueact">
      <nite:child href="Bmr009.B.words.xml#id(Bmr009.w.12,005)..id(Bmr009.w.12,008)"/>
   </segment>
   <segment nite:id="Bmr009.segment.2,147" starttime="2460.1" endtime="2461.05" participant="fe008" timing-provenance="dialogueact">
      <nite:child href="Bmr009.B.words.xml#id(Bmr009.w.12,013)..id(Bmr009.w.12,020)"/>
   </segment>
   <segment nite:id="Bmr009.segment.2,148" starttime="2461.084" endtime="2461.343" participant="fe008" timing-provenance="segment">
      <nite:child href="Bmr009.B.words.xml#id(Bmr009.vocalsound.386)"/>
   </segment>
   <segment nite:id="Bmr009.segment.2,150" starttime="2461.38" endtime="2462.95" participant="fe008" timing-provenance="dialogueact">
      <nite:child href="Bmr009.B.words.xml#id(Bmr009.w.12,023)..id(Bmr009.w.12,032)"/>
   </segment>
   <segment nite:id="Bmr009.segment.2,153" starttime="2463.49" endtime="2465.17" participant="fe008" timing-provenance="dialogueact">
      <nite:child href="Bmr009.B.words.xml#id(Bmr009.w.12,041)..id(Bmr009.w.12,050)"/>
   </segment>
   <segment nite:id="Bmr009.segment.2,154" starttime="2465.75" endtime="2468.16" participant="fe008" timing-provenance="dialogueact">
      <nite:child href="Bmr009.B.words.xml#id(Bmr009.w.12,051)..id(Bmr009.w.12,061)"/>
   </segment>
   <segment nite:id="Bmr009.segment.2,155" starttime="2468.79" endtime="2472.82" participant="fe008" timing-provenance="dialogueact">
      <nite:child href="Bmr009.B.words.xml#id(Bmr009.w.12,062)..id(Bmr009.w.12,079)"/>
   </segment>
   <segment nite:id="Bmr009.segment.2,156" starttime="2473.259" endtime="2474.31" participant="fe008" timing-provenance="segment">
      <nite:child href="Bmr009.B.words.xml#id(Bmr009.w.12,080)..id(Bmr009.comment.61)"/>
   </segment>
   <segment nite:id="Bmr009.segment.2,157" starttime="2474.62" endtime="2475.83" participant="fe008" timing-provenance="segment">
      <nite:child href="Bmr009.B.words.xml#id(Bmr009.w.12,082)..id(Bmr009.comment.62)"/>
   </segment>
   <segment nite:id="Bmr009.segment.2,158" starttime="2477.33" endtime="2478.844" participant="fe008" timing-provenance="segment">
      <nite:child href="Bmr009.B.words.xml#id(Bmr009.w.12,087)..id(Bmr009.disfmarker.575)"/>
   </segment>
   <segment nite:id="Bmr009.segment.2,159" starttime="2479.24" endtime="2480.762" participant="fe008" timing-provenance="segment">
      <nite:child href="Bmr009.B.words.xml#id(Bmr009.w.12,093)..id(Bmr009.disfmarker.576)"/>
   </segment>
   <segment nite:id="Bmr009.segment.2,161" starttime="2483.191" endtime="2483.54" participant="fe008" timing-provenance="segment">
      <nite:child href="Bmr009.B.words.xml#id(Bmr009.vocalsound.387)"/>
   </segment>
   <segment nite:id="Bmr009.segment.2,162" starttime="2483.59" endtime="2486.52" participant="fe008" timing-provenance="dialogueact">
      <nite:child href="Bmr009.B.words.xml#id(Bmr009.w.12,099)..id(Bmr009.w.12,115)"/>
   </segment>
   <segment nite:id="Bmr009.segment.2,163" starttime="2487.11" endtime="2487.87" participant="fe008" timing-provenance="dialogueact">
      <nite:child href="Bmr009.B.words.xml#id(Bmr009.w.12,116)..id(Bmr009.w.12,120)"/>
   </segment>
   <segment nite:id="Bmr009.segment.2,165" starttime="2489.18" endtime="2489.43" participant="fe008" timing-provenance="dialogueact">
      <nite:child href="Bmr009.B.words.xml#id(Bmr009.w.12,133)..id(Bmr009.w.12,136)"/>
   </segment>
   <segment nite:id="Bmr009.segment.2,167" starttime="2489.63" endtime="2490.7" participant="fe008" timing-provenance="dialogueact">
      <nite:child href="Bmr009.B.words.xml#id(Bmr009.w.12,141)..id(Bmr009.pause.195)"/>
   </segment>
   <segment nite:id="Bmr009.segment.2,168" starttime="2490.7" endtime="2491.06" participant="fe008" timing-provenance="dialogueact">
      <nite:child href="Bmr009.B.words.xml#id(Bmr009.w.12,146)..id(Bmr009.w.12,148)"/>
   </segment>
   <segment nite:id="Bmr009.segment.2,169" starttime="2491.513" endtime="2491.827" participant="fe008" timing-provenance="segment">
      <nite:child href="Bmr009.B.words.xml#id(Bmr009.w.12,149)..id(Bmr009.comment.64)"/>
   </segment>
   <segment nite:id="Bmr009.segment.2,170" starttime="2492.168" endtime="2493.203" participant="fe008" timing-provenance="segment">
      <nite:child href="Bmr009.B.words.xml#id(Bmr009.w.12,151)..id(Bmr009.comment.65)"/>
   </segment>
   <segment nite:id="Bmr009.segment.2,171" starttime="2494.459" endtime="2495.57" participant="fe008" timing-provenance="segment">
      <nite:child href="Bmr009.B.words.xml#id(Bmr009.vocalsound.388)"/>
   </segment>
   <segment nite:id="Bmr009.segment.2,174" starttime="2496.998" endtime="2497.512" participant="fe008" timing-provenance="segment">
      <nite:child href="Bmr009.B.words.xml#id(Bmr009.w.12,156)..id(Bmr009.comment.66)"/>
   </segment>
   <segment nite:id="Bmr009.segment.2,178" starttime="2501.21" endtime="2501.77" participant="fe008" timing-provenance="dialogueact">
      <nite:child href="Bmr009.B.words.xml#id(Bmr009.w.12,165)..id(Bmr009.w.12,170)"/>
   </segment>
   <segment nite:id="Bmr009.segment.2,187" starttime="2512.62" endtime="2513.66" participant="fe008" timing-provenance="dialogueact">
      <nite:child href="Bmr009.B.words.xml#id(Bmr009.w.12,207)..id(Bmr009.w.12,212)"/>
   </segment>
   <segment nite:id="Bmr009.segment.2,188" starttime="2513.95" endtime="2514.91" participant="fe008" timing-provenance="dialogueact">
      <nite:child href="Bmr009.B.words.xml#id(Bmr009.w.12,213)..id(Bmr009.w.12,217)"/>
   </segment>
   <segment nite:id="Bmr009.segment.2,194" starttime="2519.865" endtime="2520.07" participant="fe008" timing-provenance="segment">
      <nite:child href="Bmr009.B.words.xml#id(Bmr009.vocalsound.390)"/>
   </segment>
   <segment nite:id="Bmr009.segment.2,195" starttime="2520.11" endtime="2522.48" participant="fe008" timing-provenance="dialogueact">
      <nite:child href="Bmr009.B.words.xml#id(Bmr009.w.12,253)..id(Bmr009.w.12,266)"/>
   </segment>
   <segment nite:id="Bmr009.segment.2,198" starttime="2525.92" endtime="2526.57" participant="fe008" timing-provenance="dialogueact">
      <nite:child href="Bmr009.B.words.xml#id(Bmr009.w.12,291)..id(Bmr009.w.12,292)"/>
   </segment>
   <segment nite:id="Bmr009.segment.2,210" starttime="2547.47" endtime="2547.88" participant="fe008" timing-provenance="dialogueact">
      <nite:child href="Bmr009.B.words.xml#id(Bmr009.w.12,386)..id(Bmr009.w.12,389)"/>
   </segment>
   <segment nite:id="Bmr009.segment.2,214" starttime="2548.598" endtime="2549.688" participant="fe008" timing-provenance="segment">
      <nite:child href="Bmr009.B.words.xml#id(Bmr009.w.12,407)..id(Bmr009.comment.67)"/>
   </segment>
   <segment nite:id="Bmr009.segment.2,220" starttime="2557.326" endtime="2558.412" participant="fe008" timing-provenance="segment">
      <nite:child href="Bmr009.B.words.xml#id(Bmr009.w.12,453)..id(Bmr009.disfmarker.591)"/>
   </segment>
   <segment nite:id="Bmr009.segment.2,222" starttime="2558.992" endtime="2561.008" participant="fe008" timing-provenance="segment">
      <nite:child href="Bmr009.B.words.xml#id(Bmr009.w.12,471)..id(Bmr009.disfmarker.592)"/>
   </segment>
   <segment nite:id="Bmr009.segment.2,223" starttime="2561.03" endtime="2563.04" participant="fe008" timing-provenance="dialogueact">
      <nite:child href="Bmr009.B.words.xml#id(Bmr009.w.12,481)..id(Bmr009.w.12,489)"/>
   </segment>
   <segment nite:id="Bmr009.segment.2,225" starttime="2563.04" endtime="2563.99" participant="fe008" timing-provenance="dialogueact">
      <nite:child href="Bmr009.B.words.xml#id(Bmr009.w.12,493)..id(Bmr009.w.12,499)"/>
   </segment>
   <segment nite:id="Bmr009.segment.2,231" starttime="2569.76" endtime="2570.0" participant="fe008" timing-provenance="dialogueact">
      <nite:child href="Bmr009.B.words.xml#id(Bmr009.w.12,528)..id(Bmr009.w.12,531)"/>
   </segment>
   <segment nite:id="Bmr009.segment.2,233" starttime="2572.58" endtime="2574.92" participant="fe008" timing-provenance="dialogueact">
      <nite:child href="Bmr009.B.words.xml#id(Bmr009.w.12,541)..id(Bmr009.w.12,553)"/>
   </segment>
   <segment nite:id="Bmr009.segment.2,235" starttime="2575.434" endtime="2575.989" participant="fe008" timing-provenance="segment">
      <nite:child href="Bmr009.B.words.xml#id(Bmr009.w.12,556)..id(Bmr009.disfmarker.593)"/>
   </segment>
   <segment nite:id="Bmr009.segment.2,237" starttime="2575.989" endtime="2576.949" participant="fe008" timing-provenance="segment">
      <nite:child href="Bmr009.B.words.xml#id(Bmr009.w.12,568)..id(Bmr009.disfmarker.595)"/>
   </segment>
   <segment nite:id="Bmr009.segment.2,239" starttime="2578.12" endtime="2579.35" participant="fe008" timing-provenance="dialogueact">
      <nite:child href="Bmr009.B.words.xml#id(Bmr009.w.12,578)..id(Bmr009.w.12,589)"/>
   </segment>
   <segment nite:id="Bmr009.segment.2,242" starttime="2579.54" endtime="2579.92" participant="fe008" timing-provenance="dialogueact">
      <nite:child href="Bmr009.B.words.xml#id(Bmr009.w.12,594)..id(Bmr009.w.12,596)"/>
   </segment>
   <segment nite:id="Bmr009.segment.2,243" starttime="2580.17" endtime="2580.32" participant="fe008" timing-provenance="dialogueact">
      <nite:child href="Bmr009.B.words.xml#id(Bmr009.w.12,597)..id(Bmr009.w.12,598)"/>
   </segment>
   <segment nite:id="Bmr009.segment.2,245" starttime="2580.89" endtime="2581.06" participant="fe008" timing-provenance="dialogueact">
      <nite:child href="Bmr009.B.words.xml#id(Bmr009.w.12,607)..id(Bmr009.w.12,608)"/>
   </segment>
   <segment nite:id="Bmr009.segment.2,251" starttime="2592.46" endtime="2593.59" participant="fe008" timing-provenance="dialogueact">
      <nite:child href="Bmr009.B.words.xml#id(Bmr009.w.12,648)..id(Bmr009.w.12,656)"/>
   </segment>
   <segment nite:id="Bmr009.segment.2,254" starttime="2593.636" endtime="2595.699" participant="fe008" timing-provenance="segment">
      <nite:child href="Bmr009.B.words.xml#id(Bmr009.vocalsound.393)"/>
   </segment>
   <segment nite:id="Bmr009.segment.2,285" starttime="2630.41" endtime="2630.76" participant="fe008" timing-provenance="dialogueact">
      <nite:child href="Bmr009.B.words.xml#id(Bmr009.w.12,830)..id(Bmr009.w.12,833)"/>
   </segment>
   <segment nite:id="Bmr009.segment.2,290" starttime="2631.354" endtime="2631.896" participant="fe008" timing-provenance="segment">
      <nite:child href="Bmr009.B.words.xml#id(Bmr009.vocalsound.397)"/>
   </segment>
   <segment nite:id="Bmr009.segment.2,315" starttime="2663.968" endtime="2664.286" participant="fe008" timing-provenance="segment">
      <nite:child href="Bmr009.B.words.xml#id(Bmr009.vocalsound.401)"/>
   </segment>
   <segment nite:id="Bmr009.segment.2,316" starttime="2664.286" endtime="2664.927" participant="fe008" timing-provenance="segment">
      <nite:child href="Bmr009.B.words.xml#id(Bmr009.w.13,006)..id(Bmr009.disfmarker.616)"/>
   </segment>
   <segment nite:id="Bmr009.segment.2,319" starttime="2665.54" endtime="2669.16" participant="fe008" timing-provenance="dialogueact">
      <nite:child href="Bmr009.B.words.xml#id(Bmr009.w.13,022)..id(Bmr009.w.13,032)"/>
   </segment>
   <segment nite:id="Bmr009.segment.2,320" starttime="2669.337" endtime="2671.234" participant="fe008" timing-provenance="segment">
      <nite:child href="Bmr009.B.words.xml#id(Bmr009.pause.201)..id(Bmr009.disfmarker.619)"/>
   </segment>
   <segment nite:id="Bmr009.segment.2,321" starttime="2671.32" endtime="2673.96" participant="fe008" timing-provenance="dialogueact">
      <nite:child href="Bmr009.B.words.xml#id(Bmr009.w.13,037)..id(Bmr009.w.13,047)"/>
   </segment>
   <segment nite:id="Bmr009.segment.2,322" starttime="2674.43" endtime="2676.47" participant="fe008" timing-provenance="dialogueact">
      <nite:child href="Bmr009.B.words.xml#id(Bmr009.w.13,048)..id(Bmr009.w.13,057)"/>
   </segment>
   <segment nite:id="Bmr009.segment.2,323" starttime="2676.47" endtime="2680.01" participant="fe008" timing-provenance="dialogueact">
      <nite:child href="Bmr009.B.words.xml#id(Bmr009.w.13,058)..id(Bmr009.w.13,072)"/>
   </segment>
   <segment nite:id="Bmr009.segment.2,325" starttime="2680.26" endtime="2682.84" participant="fe008" timing-provenance="dialogueact">
      <nite:child href="Bmr009.B.words.xml#id(Bmr009.w.13,075)..id(Bmr009.w.13,087)"/>
   </segment>
   <segment nite:id="Bmr009.segment.2,326" starttime="2683.41" endtime="2685.19" participant="fe008" timing-provenance="dialogueact">
      <nite:child href="Bmr009.B.words.xml#id(Bmr009.w.13,088)..id(Bmr009.w.13,094)"/>
   </segment>
   <segment nite:id="Bmr009.segment.2,327" starttime="2685.19" endtime="2686.41" participant="fe008" timing-provenance="dialogueact">
      <nite:child href="Bmr009.B.words.xml#id(Bmr009.pause.202)..id(Bmr009.w.13,102)"/>
   </segment>
   <segment nite:id="Bmr009.segment.2,328" starttime="2687.16" endtime="2687.69" participant="fe008" timing-provenance="dialogueact">
      <nite:child href="Bmr009.B.words.xml#id(Bmr009.w.13,103)..id(Bmr009.w.13,104)"/>
   </segment>
   <segment nite:id="Bmr009.segment.2,330" starttime="2687.69" endtime="2691.3" participant="fe008" timing-provenance="dialogueact">
      <nite:child href="Bmr009.B.words.xml#id(Bmr009.pause.203)..id(Bmr009.w.13,121)"/>
   </segment>
   <segment nite:id="Bmr009.segment.2,331" starttime="2691.331" endtime="2692.314" participant="fe008" timing-provenance="segment">
      <nite:child href="Bmr009.B.words.xml#id(Bmr009.w.13,122)..id(Bmr009.w.13,124)"/>
   </segment>
   <segment nite:id="Bmr009.segment.2,334" starttime="2693.71" endtime="2694.85" participant="fe008" timing-provenance="dialogueact">
      <nite:child href="Bmr009.B.words.xml#id(Bmr009.w.13,139)..id(Bmr009.w.13,149)"/>
   </segment>
   <segment nite:id="Bmr009.segment.2,336" starttime="2695.099" endtime="2695.814" participant="fe008" timing-provenance="segment">
      <nite:child href="Bmr009.B.words.xml#id(Bmr009.w.13,152)..id(Bmr009.disfmarker.627)"/>
   </segment>
   <segment nite:id="Bmr009.segment.2,339" starttime="2695.814" endtime="2696.951" participant="fe008" timing-provenance="segment">
      <nite:child href="Bmr009.B.words.xml#id(Bmr009.pause.205)..id(Bmr009.w.13,185)"/>
   </segment>
   <segment nite:id="Bmr009.segment.2,340" starttime="2698.653" endtime="2698.961" participant="fe008" timing-provenance="segment">
      <nite:child href="Bmr009.B.words.xml#id(Bmr009.vocalsound.402)"/>
   </segment>
   <segment nite:id="Bmr009.segment.2,341" starttime="2699.0" endtime="2699.55" participant="fe008" timing-provenance="dialogueact">
      <nite:child href="Bmr009.B.words.xml#id(Bmr009.w.13,186)..id(Bmr009.w.13,189)"/>
   </segment>
   <segment nite:id="Bmr009.segment.2,343" starttime="2699.55" endtime="2702.18" participant="fe008" timing-provenance="dialogueact">
      <nite:child href="Bmr009.B.words.xml#id(Bmr009.w.13,198)..id(Bmr009.w.13,211)"/>
   </segment>
   <segment nite:id="Bmr009.segment.2,345" starttime="2702.18" endtime="2703.71" participant="fe008" timing-provenance="dialogueact">
      <nite:child href="Bmr009.B.words.xml#id(Bmr009.pause.206)..id(Bmr009.w.13,216)"/>
   </segment>
   <segment nite:id="Bmr009.segment.2,346" starttime="2704.14" endtime="2705.03" participant="fe008" timing-provenance="dialogueact">
      <nite:child href="Bmr009.B.words.xml#id(Bmr009.w.13,217)..id(Bmr009.w.13,219)"/>
   </segment>
   <segment nite:id="Bmr009.segment.2,348" starttime="2705.4" endtime="2707.0" participant="fe008" timing-provenance="dialogueact">
      <nite:child href="Bmr009.B.words.xml#id(Bmr009.w.13,224)..id(Bmr009.w.13,228)"/>
   </segment>
   <segment nite:id="Bmr009.segment.2,349" starttime="2707.0" endtime="2708.75" participant="fe008" timing-provenance="dialogueact">
      <nite:child href="Bmr009.B.words.xml#id(Bmr009.pause.207)..id(Bmr009.w.13,231)"/>
   </segment>
   <segment nite:id="Bmr009.segment.2,350" starttime="2708.95" endtime="2710.78" participant="fe008" timing-provenance="dialogueact">
      <nite:child href="Bmr009.B.words.xml#id(Bmr009.w.13,232)..id(Bmr009.w.13,240)"/>
   </segment>
   <segment nite:id="Bmr009.segment.2,353" starttime="2710.78" endtime="2712.52" participant="fe008" timing-provenance="dialogueact">
      <nite:child href="Bmr009.B.words.xml#id(Bmr009.w.13,243)..id(Bmr009.w.13,251)"/>
   </segment>
   <segment nite:id="Bmr009.segment.2,354" starttime="2713.06" endtime="2714.58" participant="fe008" timing-provenance="segment">
      <nite:child href="Bmr009.B.words.xml#id(Bmr009.w.13,252)..id(Bmr009.disfmarker.634)"/>
   </segment>
   <segment nite:id="Bmr009.segment.2,355" starttime="2715.16" endtime="2716.947" participant="fe008" timing-provenance="segment">
      <nite:child href="Bmr009.B.words.xml#id(Bmr009.w.13,259)..id(Bmr009.disfmarker.636)"/>
   </segment>
   <segment nite:id="Bmr009.segment.2,358" starttime="2717.61" endtime="2718.05" participant="fe008" timing-provenance="dialogueact">
      <nite:child href="Bmr009.B.words.xml#id(Bmr009.w.13,295)..id(Bmr009.w.13,298)"/>
   </segment>
   <segment nite:id="Bmr009.segment.2,360" starttime="2721.98" endtime="2722.24" participant="fe008" timing-provenance="dialogueact">
      <nite:child href="Bmr009.B.words.xml#id(Bmr009.w.13,311)..id(Bmr009.w.13,314)"/>
   </segment>
   <segment nite:id="Bmr009.segment.2,363" starttime="2723.95" endtime="2724.48" participant="fe008" timing-provenance="dialogueact">
      <nite:child href="Bmr009.B.words.xml#id(Bmr009.w.13,325)..id(Bmr009.w.13,330)"/>
   </segment>
   <segment nite:id="Bmr009.segment.2,364" starttime="2727.32" endtime="2729.04" participant="fe008" timing-provenance="dialogueact">
      <nite:child href="Bmr009.B.words.xml#id(Bmr009.w.13,331)..id(Bmr009.w.13,342)"/>
   </segment>
   <segment nite:id="Bmr009.segment.2,365" starttime="2729.25" endtime="2732.2" participant="fe008" timing-provenance="dialogueact">
      <nite:child href="Bmr009.B.words.xml#id(Bmr009.w.13,343)..id(Bmr009.w.13,360)"/>
   </segment>
   <segment nite:id="Bmr009.segment.2,368" starttime="2733.14" endtime="2733.36" participant="fe008" timing-provenance="dialogueact">
      <nite:child href="Bmr009.B.words.xml#id(Bmr009.w.13,363)..id(Bmr009.w.13,364)"/>
   </segment>
   <segment nite:id="Bmr009.segment.2,369" starttime="2734.44" endtime="2736.36" participant="fe008" timing-provenance="dialogueact">
      <nite:child href="Bmr009.B.words.xml#id(Bmr009.w.13,365)..id(Bmr009.w.13,373)"/>
   </segment>
   <segment nite:id="Bmr009.segment.2,372" starttime="2736.36" endtime="2739.31" participant="fe008" timing-provenance="dialogueact">
      <nite:child href="Bmr009.B.words.xml#id(Bmr009.pause.208)..id(Bmr009.w.13,387)"/>
   </segment>
   <segment nite:id="Bmr009.segment.2,373" starttime="2739.74" endtime="2740.49" participant="fe008" timing-provenance="dialogueact">
      <nite:child href="Bmr009.B.words.xml#id(Bmr009.w.13,388)..id(Bmr009.w.13,393)"/>
   </segment>
   <segment nite:id="Bmr009.segment.2,374" starttime="2740.6" endtime="2740.73" participant="fe008" timing-provenance="dialogueact">
      <nite:child href="Bmr009.B.words.xml#id(Bmr009.w.13,394)..id(Bmr009.w.13,395)"/>
   </segment>
   <segment nite:id="Bmr009.segment.2,377" starttime="2743.446" endtime="2743.885" participant="fe008" timing-provenance="segment">
      <nite:child href="Bmr009.B.words.xml#id(Bmr009.w.13,405)..id(Bmr009.comment.75)"/>
   </segment>
   <segment nite:id="Bmr009.segment.2,380" starttime="2748.63" endtime="2748.92" participant="fe008" timing-provenance="dialogueact">
      <nite:child href="Bmr009.B.words.xml#id(Bmr009.w.13,435)..id(Bmr009.w.13,436)"/>
   </segment>
   <segment nite:id="Bmr009.segment.2,388" starttime="2753.227" endtime="2754.552" participant="fe008" timing-provenance="segment">
      <nite:child href="Bmr009.B.words.xml#id(Bmr009.w.13,459)..id(Bmr009.vocalsound.412)"/>
   </segment>
   <segment nite:id="Bmr009.segment.2,399" starttime="2760.3" endtime="2762.37" participant="fe008" timing-provenance="dialogueact">
      <nite:child href="Bmr009.B.words.xml#id(Bmr009.w.13,517)..id(Bmr009.w.13,527)"/>
   </segment>
   <segment nite:id="Bmr009.segment.2,416" starttime="2776.755" endtime="2777.325" participant="fe008" timing-provenance="segment">
      <nite:child href="Bmr009.B.words.xml#id(Bmr009.vocalsound.416)"/>
   </segment>
   <segment nite:id="Bmr009.segment.2,418" starttime="2778.374" endtime="2778.892" participant="fe008" timing-provenance="segment">
      <nite:child href="Bmr009.B.words.xml#id(Bmr009.w.13,610)..id(Bmr009.w.13,611)"/>
   </segment>
   <segment nite:id="Bmr009.segment.2,524" starttime="2950.98" endtime="2955.004" participant="fe008" digittask="true" timing-provenance="segment">
      <nite:child href="Bmr009.B.words.xml#id(Bmr009.w.13,991)..id(Bmr009.comment.164)"/>
   </segment>
   <segment nite:id="Bmr009.segment.2,525" starttime="2955.459" endtime="2956.316" participant="fe008" digittask="true" timing-provenance="segment">
      <nite:child href="Bmr009.B.words.xml#id(Bmr009.w.14,002)..id(Bmr009.comment.165)"/>
   </segment>
   <segment nite:id="Bmr009.segment.2,526" starttime="2956.495" endtime="2957.084" participant="fe008" digittask="true" timing-provenance="segment">
      <nite:child href="Bmr009.B.words.xml#id(Bmr009.w.14,004)..id(Bmr009.comment.166)"/>
   </segment>
   <segment nite:id="Bmr009.segment.2,527" starttime="2957.455" endtime="2957.863" participant="fe008" digittask="true" timing-provenance="segment">
      <nite:child href="Bmr009.B.words.xml#id(Bmr009.w.14,005)..id(Bmr009.comment.167)"/>
   </segment>
   <segment nite:id="Bmr009.segment.2,528" starttime="2958.29" endtime="2959.11" participant="fe008" digittask="true" timing-provenance="segment">
      <nite:child href="Bmr009.B.words.xml#id(Bmr009.w.14,006)..id(Bmr009.comment.168)"/>
   </segment>
   <segment nite:id="Bmr009.segment.2,529" starttime="2959.611" endtime="2961.969" participant="fe008" digittask="true" timing-provenance="segment">
      <nite:child href="Bmr009.B.words.xml#id(Bmr009.w.14,008)..id(Bmr009.comment.169)"/>
   </segment>
   <segment nite:id="Bmr009.segment.2,530" starttime="2962.53" endtime="2964.068" participant="fe008" digittask="true" timing-provenance="segment">
      <nite:child href="Bmr009.B.words.xml#id(Bmr009.w.14,015)..id(Bmr009.comment.170)"/>
   </segment>
   <segment nite:id="Bmr009.segment.2,531" starttime="2964.402" endtime="2965.828" participant="fe008" digittask="true" timing-provenance="segment">
      <nite:child href="Bmr009.B.words.xml#id(Bmr009.w.14,019)..id(Bmr009.comment.171)"/>
   </segment>
   <segment nite:id="Bmr009.segment.2,532" starttime="2966.389" endtime="2966.782" participant="fe008" digittask="true" timing-provenance="segment">
      <nite:child href="Bmr009.B.words.xml#id(Bmr009.w.14,023)..id(Bmr009.comment.172)"/>
   </segment>
   <segment nite:id="Bmr009.segment.2,533" starttime="2967.577" endtime="2970.087" participant="fe008" digittask="true" timing-provenance="segment">
      <nite:child href="Bmr009.B.words.xml#id(Bmr009.w.14,024)..id(Bmr009.comment.173)"/>
   </segment>
   <segment nite:id="Bmr009.segment.2,534" starttime="2970.486" endtime="2971.066" participant="fe008" digittask="true" timing-provenance="segment">
      <nite:child href="Bmr009.B.words.xml#id(Bmr009.w.14,031)..id(Bmr009.comment.174)"/>
   </segment>
   <segment nite:id="Bmr009.segment.2,535" starttime="2971.446" endtime="2972.794" participant="fe008" digittask="true" timing-provenance="segment">
      <nite:child href="Bmr009.B.words.xml#id(Bmr009.w.14,032)..id(Bmr009.comment.175)"/>
   </segment>
   <segment nite:id="Bmr009.segment.2,536" starttime="2973.151" endtime="2974.757" participant="fe008" digittask="true" timing-provenance="segment">
      <nite:child href="Bmr009.B.words.xml#id(Bmr009.w.14,035)..id(Bmr009.comment.176)"/>
   </segment>
   <segment nite:id="Bmr009.segment.2,537" starttime="2975.309" endtime="2976.341" participant="fe008" digittask="true" timing-provenance="segment">
      <nite:child href="Bmr009.B.words.xml#id(Bmr009.w.14,040)..id(Bmr009.comment.177)"/>
   </segment>
   <segment nite:id="Bmr009.segment.2,538" starttime="2976.944" endtime="2977.932" participant="fe008" digittask="true" timing-provenance="segment">
      <nite:child href="Bmr009.B.words.xml#id(Bmr009.w.14,043)..id(Bmr009.comment.178)"/>
   </segment>
   <segment nite:id="Bmr009.segment.2,539" starttime="2978.37" endtime="2978.968" participant="fe008" digittask="true" timing-provenance="segment">
      <nite:child href="Bmr009.B.words.xml#id(Bmr009.w.14,046)..id(Bmr009.comment.179)"/>
   </segment>
   <segment nite:id="Bmr009.segment.2,540" starttime="2979.349" endtime="2979.848" participant="fe008" digittask="true" timing-provenance="segment">
      <nite:child href="Bmr009.B.words.xml#id(Bmr009.w.14,047)..id(Bmr009.comment.180)"/>
   </segment>
   <segment nite:id="Bmr009.segment.2,541" starttime="2980.309" endtime="2980.724" participant="fe008" digittask="true" timing-provenance="segment">
      <nite:child href="Bmr009.B.words.xml#id(Bmr009.w.14,048)..id(Bmr009.comment.181)"/>
   </segment>
   <segment nite:id="Bmr009.segment.2,542" starttime="2981.25" endtime="2981.706" participant="fe008" digittask="true" timing-provenance="segment">
      <nite:child href="Bmr009.B.words.xml#id(Bmr009.w.14,049)..id(Bmr009.comment.182)"/>
   </segment>
   <segment nite:id="Bmr009.segment.2,543" starttime="2982.134" endtime="2984.149" participant="fe008" digittask="true" timing-provenance="segment">
      <nite:child href="Bmr009.B.words.xml#id(Bmr009.w.14,050)..id(Bmr009.comment.183)"/>
   </segment>
   <segment nite:id="Bmr009.segment.2,544" starttime="2984.729" endtime="2987.221" participant="fe008" digittask="true" timing-provenance="segment">
      <nite:child href="Bmr009.B.words.xml#id(Bmr009.w.14,057)..id(Bmr009.comment.184)"/>
   </segment>
   <segment nite:id="Bmr009.segment.2,547" starttime="2990.62" endtime="2991.87" participant="fe008" timing-provenance="dialogueact">
      <nite:child href="Bmr009.B.words.xml#id(Bmr009.w.14,067)..id(Bmr009.w.14,070)"/>
   </segment>
   <segment nite:id="Bmr009.segment.2,549" starttime="2991.564" endtime="2992.529" participant="fe008" timing-provenance="segment">
      <nite:child href="Bmr009.B.words.xml#id(Bmr009.w.14,071)..id(Bmr009.disfmarker.650)"/>
   </segment>
   <segment nite:id="Bmr009.segment.2,550" starttime="2992.61" endtime="2992.81" participant="fe008" timing-provenance="dialogueact">
      <nite:child href="Bmr009.B.words.xml#id(Bmr009.w.14,075)..id(Bmr009.w.14,076)"/>
   </segment>
</nite:root>