<?xml version="1.0" encoding="ISO-8859-1" standalone="yes"?>
<nite:root nite:id="EN2006b.A.words" xmlns:nite="http://nite.sourceforge.net/">
   <w nite:id="EN2006b.A.words0" starttime="5.22" endtime="5.44">Great</w>
   <w nite:id="EN2006b.A.words1" starttime="5.44" endtime="5.44" punc="true">,</w>
   <w nite:id="EN2006b.A.words2" starttime="5.44" endtime="5.58">thank</w>
   <w nite:id="EN2006b.A.words3" starttime="5.58" endtime="6.4">you</w>
   <w nite:id="EN2006b.A.words4" starttime="6.4" endtime="6.4" punc="true">.</w>
   <w nite:id="EN2006b.A.words5" starttime="6.4" endtime="6.6">Yep</w>
   <w nite:id="EN2006b.A.words6" starttime="6.6" endtime="6.6" punc="true">.</w>
   <w nite:id="EN2006b.A.words7" starttime="14.95" endtime="15.4">Sorry</w>
   <w nite:id="EN2006b.A.words8" starttime="15.4" endtime="15.4" punc="true">,</w>
   <w nite:id="EN2006b.A.words9" starttime="15.4" endtime="15.68">mm</w>
   <w nite:id="EN2006b.A.words10" starttime="15.68" endtime="15.87">yep</w>
   <w nite:id="EN2006b.A.words11" starttime="15.87" endtime="15.87" punc="true">.</w>
   <vocalsound nite:id="EN2006b.A.words12" starttime="26.848" endtime="26.848" type="other"/>
   <w nite:id="EN2006b.A.words13" starttime="27.29" endtime="28.02">Yeah</w>
   <w nite:id="EN2006b.A.words14" starttime="28.02" endtime="28.02" punc="true">.</w>
   <w nite:id="EN2006b.A.words15" starttime="39.46" endtime="39.8">Uh</w>
   <w nite:id="EN2006b.A.words16" starttime="39.8" endtime="40.26">yes</w>
   <w nite:id="EN2006b.A.words17" starttime="40.26" endtime="40.26" punc="true">,</w>
   <w nite:id="EN2006b.A.words18" starttime="40.26" endtime="40.86">course</w>
   <w nite:id="EN2006b.A.words19" starttime="40.86" endtime="40.86" punc="true">,</w>
   <w nite:id="EN2006b.A.words20" starttime="40.86" endtime="40.94">of</w>
   <w nite:id="EN2006b.A.words21" starttime="40.94" endtime="41.21">course</w>
   <w nite:id="EN2006b.A.words22" starttime="41.21" endtime="41.3">it</w>
   <w nite:id="EN2006b.A.words23" starttime="41.3" endtime="41.79">is</w>
   <w nite:id="EN2006b.A.words24" starttime="41.79" endtime="41.79" punc="true">,</w>
   <w nite:id="EN2006b.A.words25" starttime="41.79" endtime="42.05">yeah</w>
   <w nite:id="EN2006b.A.words26" starttime="42.05" endtime="42.05" punc="true">.</w>
   <w nite:id="EN2006b.A.words27" starttime="47.66" endtime="48.19">Yeah</w>
   <w nite:id="EN2006b.A.words28" starttime="48.19" endtime="48.19" punc="true">.</w>
   <w nite:id="EN2006b.A.words29" starttime="125.53" endtime="125.75">Yeah</w>
   <w nite:id="EN2006b.A.words30" starttime="125.75" endtime="125.75" punc="true">,</w>
   <w nite:id="EN2006b.A.words31" starttime="125.75" endtime="125.79">I</w>
   <w nite:id="EN2006b.A.words32" starttime="125.79" endtime="125.97">think</w>
   <w nite:id="EN2006b.A.words33" starttime="125.97" endtime="126.1">it</w>
   <w nite:id="EN2006b.A.words34" starttime="126.1" endtime="126.24">all</w>
   <w nite:id="EN2006b.A.words35" starttime="126.24" endtime="126.71">is</w>
   <disfmarker nite:id="EN2006b.A.words36" starttime="126.71" endtime="126.71"/>
   <w nite:id="EN2006b.A.words37" starttime="126.71" endtime="126.86">yeah</w>
   <w nite:id="EN2006b.A.words38" starttime="126.86" endtime="126.86" punc="true">,</w>
   <w nite:id="EN2006b.A.words39" starttime="126.86" endtime="126.9">I</w>
   <w nite:id="EN2006b.A.words40" starttime="126.9" endtime="127.05">think</w>
   <w nite:id="EN2006b.A.words41" starttime="127.05" endtime="127.11">it</w>
   <w nite:id="EN2006b.A.words42" starttime="127.11" endtime="127.22">is</w>
   <w nite:id="EN2006b.A.words43" starttime="127.22" endtime="127.78">all</w>
   <w nite:id="EN2006b.A.words44" starttime="127.78" endtime="129.25" trunc="true">m</w>
   <w nite:id="EN2006b.A.words45" starttime="129.25" endtime="129.44">one</w>
   <w nite:id="EN2006b.A.words46" starttime="129.44" endtime="130.9">name</w>
   <w nite:id="EN2006b.A.words47" starttime="130.9" endtime="130.9" punc="true">.</w>
   <w nite:id="EN2006b.A.words48" starttime="130.9" endtime="131.1">Yep</w>
   <w nite:id="EN2006b.A.words49" starttime="131.1" endtime="131.1" punc="true">.</w>
   <w nite:id="EN2006b.A.words50" starttime="155.82" endtime="156.03">Yeah</w>
   <w nite:id="EN2006b.A.words51" starttime="156.03" endtime="156.03" punc="true">,</w>
   <w nite:id="EN2006b.A.words52" starttime="156.03" endtime="156.26">these</w>
   <w nite:id="EN2006b.A.words53" starttime="156.26" endtime="156.33">are</w>
   <w nite:id="EN2006b.A.words54" starttime="156.33" endtime="157.07" trunc="true">s</w>
   <w nite:id="EN2006b.A.words55" starttime="157.07" endtime="157.68" trunc="true">s</w>
   <w nite:id="EN2006b.A.words56" starttime="157.68" endtime="158.22">species</w>
   <w nite:id="EN2006b.A.words57" starttime="158.22" endtime="158.56">ions</w>
   <w nite:id="EN2006b.A.words58" starttime="158.56" endtime="158.77">again</w>
   <w nite:id="EN2006b.A.words59" starttime="158.77" endtime="158.77" punc="true">,</w>
   <w nite:id="EN2006b.A.words60" starttime="158.77" endtime="160.63">not</w>
   <w nite:id="EN2006b.A.words61" starttime="160.63" endtime="161.07">individual</w>
   <w nite:id="EN2006b.A.words62" starttime="161.07" endtime="161.74">lines</w>
   <w nite:id="EN2006b.A.words63" starttime="161.74" endtime="161.74" punc="true">.</w>
   <vocalsound nite:id="EN2006b.A.words64" starttime="176.419" endtime="177.675" type="laugh"/>
   <vocalsound nite:id="EN2006b.A.words65" starttime="190.496" endtime="190.496" type="laugh"/>
   <w nite:id="EN2006b.A.words66" starttime="191.15" endtime="191.49">It&#39;s</w>
   <w nite:id="EN2006b.A.words67" starttime="191.49" endtime="192.5">not</w>
   <w nite:id="EN2006b.A.words68" starttime="192.5" endtime="192.65">a</w>
   <w nite:id="EN2006b.A.words69" starttime="192.65" endtime="193.33">competition</w>
   <w nite:id="EN2006b.A.words70" starttime="193.33" endtime="193.33" punc="true">.</w>
   <w nite:id="EN2006b.A.words71" starttime="193.33" endtime="193.91">Uh</w>
   <disfmarker nite:id="EN2006b.A.words72" starttime="193.91" endtime="193.91"/>
   <vocalsound nite:id="EN2006b.A.words73" starttime="193.91" endtime="194.224" type="laugh"/>
   <w nite:id="EN2006b.A.words74" starttime="207.62" endtime="207.89">Yeah</w>
   <w nite:id="EN2006b.A.words75" starttime="207.89" endtime="207.89" punc="true">,</w>
   <w nite:id="EN2006b.A.words76" starttime="207.89" endtime="208.11">and</w>
   <w nite:id="EN2006b.A.words77" starttime="208.11" endtime="208.24">this</w>
   <w nite:id="EN2006b.A.words78" starttime="208.24" endtime="208.42">one</w>
   <w nite:id="EN2006b.A.words79" starttime="208.42" endtime="208.42" punc="true">.</w>
   <w nite:id="EN2006b.A.words80" starttime="216.39" endtime="217.0">Um</w>
   <disfmarker nite:id="EN2006b.A.words81" starttime="217.0" endtime="217.073"/>
   <w nite:id="EN2006b.A.words82" starttime="257.48" endtime="257.71">Mm-hmm</w>
   <w nite:id="EN2006b.A.words83" starttime="257.71" endtime="257.71" punc="true">.</w>
   <w nite:id="EN2006b.A.words84" starttime="281.97" endtime="282.24">Yeah</w>
   <w nite:id="EN2006b.A.words85" starttime="282.24" endtime="282.24" punc="true">.</w>
   <w nite:id="EN2006b.A.words86" starttime="283.99" endtime="284.14">Well</w>
   <w nite:id="EN2006b.A.words87" starttime="284.14" endtime="284.27">it&#39;s</w>
   <w nite:id="EN2006b.A.words88" starttime="284.27" endtime="284.48">one</w>
   <w nite:id="EN2006b.A.words89" starttime="284.48" endtime="284.56">of</w>
   <w nite:id="EN2006b.A.words90" starttime="284.56" endtime="285.05">them</w>
   <w nite:id="EN2006b.A.words91" starttime="285.05" endtime="285.63">out</w>
   <w nite:id="EN2006b.A.words92" starttime="285.63" endtime="285.81">um</w>
   <w nite:id="EN2006b.A.words93" starttime="285.81" endtime="286.0">over</w>
   <w nite:id="EN2006b.A.words94" starttime="286.0" endtime="286.25">here</w>
   <w nite:id="EN2006b.A.words95" starttime="286.25" endtime="286.33">I</w>
   <w nite:id="EN2006b.A.words96" starttime="286.33" endtime="286.51">think</w>
   <w nite:id="EN2006b.A.words97" starttime="286.51" endtime="286.78">actually</w>
   <w nite:id="EN2006b.A.words98" starttime="286.78" endtime="286.84">at</w>
   <w nite:id="EN2006b.A.words99" starttime="286.84" endtime="286.9">the</w>
   <w nite:id="EN2006b.A.words100" starttime="286.9" endtime="287.26">moment</w>
   <w nite:id="EN2006b.A.words101" starttime="287.26" endtime="287.26" punc="true">.</w>
   <w nite:id="EN2006b.A.words102" starttime="287.26" endtime="287.93">So</w>
   <disfmarker nite:id="EN2006b.A.words103" starttime="287.93" endtime="287.93"/>
   <w nite:id="EN2006b.A.words104" starttime="287.93" endtime="288.11">&#39;cause</w>
   <w nite:id="EN2006b.A.words105" starttime="288.11" endtime="288.24">our</w>
   <w nite:id="EN2006b.A.words106" starttime="288.24" endtime="288.85">sun</w>
   <w nite:id="EN2006b.A.words107" starttime="288.85" endtime="288.99">is</w>
   <w nite:id="EN2006b.A.words108" starttime="288.99" endtime="289.53">a</w>
   <w nite:id="EN2006b.A.words109" starttime="289.53" endtime="289.63">is</w>
   <w nite:id="EN2006b.A.words110" starttime="289.63" endtime="289.67">a</w>
   <w nite:id="EN2006b.A.words111" starttime="289.67" endtime="289.85">T_</w>
   <w nite:id="EN2006b.A.words112" starttime="289.85" endtime="290.5">dwarf</w>
   <w nite:id="EN2006b.A.words113" starttime="290.5" endtime="290.5" punc="true">.</w>
   <w nite:id="EN2006b.A.words114" starttime="331.95" endtime="332.31">Mm-hmm</w>
   <w nite:id="EN2006b.A.words115" starttime="332.31" endtime="332.31" punc="true">.</w>
   <vocalsound nite:id="EN2006b.A.words116" starttime="346.776" endtime="346.776" type="other"/>
   <w nite:id="EN2006b.A.words117" starttime="347.56" endtime="348.56">Uh</w>
   <disfmarker nite:id="EN2006b.A.words118" starttime="348.56" endtime="348.64"/>
   <w nite:id="EN2006b.A.words119" starttime="351.29" endtime="351.38">Well</w>
   <w nite:id="EN2006b.A.words120" starttime="351.38" endtime="351.51">it&#39;s</w>
   <w nite:id="EN2006b.A.words121" starttime="351.51" endtime="351.56">a</w>
   <w nite:id="EN2006b.A.words122" starttime="351.56" endtime="352.04">process</w>
   <w nite:id="EN2006b.A.words123" starttime="352.04" endtime="352.18">though</w>
   <w nite:id="EN2006b.A.words124" starttime="352.18" endtime="352.18" punc="true">,</w>
   <w nite:id="EN2006b.A.words125" starttime="352.18" endtime="352.42">isn&#39;t</w>
   <w nite:id="EN2006b.A.words126" starttime="352.42" endtime="352.68">it</w>
   <w nite:id="EN2006b.A.words127" starttime="352.68" endtime="352.68" punc="true">.</w>
   <w nite:id="EN2006b.A.words128" starttime="356.9" endtime="357.04">Isn&#39;t</w>
   <w nite:id="EN2006b.A.words129" starttime="357.04" endtime="357.1">it</w>
   <w nite:id="EN2006b.A.words130" starttime="357.1" endtime="357.13">a</w>
   <w nite:id="EN2006b.A.words131" starttime="357.13" endtime="357.68">process</w>
   <w nite:id="EN2006b.A.words132" starttime="357.68" endtime="357.68" punc="true">?</w>
   <w nite:id="EN2006b.A.words133" starttime="364.42" endtime="364.94">Yeah</w>
   <w nite:id="EN2006b.A.words134" starttime="364.94" endtime="364.94" punc="true">.</w>
   <w nite:id="EN2006b.A.words135" starttime="368.16" endtime="369.59">Yeah</w>
   <w nite:id="EN2006b.A.words136" starttime="369.59" endtime="369.59" punc="true">.</w>
   <w nite:id="EN2006b.A.words137" starttime="369.59" endtime="370.15">Yeah</w>
   <w nite:id="EN2006b.A.words138" starttime="370.15" endtime="370.15" punc="true">.</w>
   <w nite:id="EN2006b.A.words139" starttime="370.15" endtime="370.26">I</w>
   <w nite:id="EN2006b.A.words140" starttime="370.26" endtime="370.47">wouldn&#39;t</w>
   <w nite:id="EN2006b.A.words141" starttime="370.47" endtime="370.62">have</w>
   <w nite:id="EN2006b.A.words142" starttime="370.62" endtime="371.0">that</w>
   <w nite:id="EN2006b.A.words143" starttime="371.0" endtime="371.0" punc="true">.</w>
   <vocalsound nite:id="EN2006b.A.words144" starttime="408.608" endtime="408.976" type="other"/>
   <w nite:id="EN2006b.A.words145" starttime="411.97" endtime="412.17">Well</w>
   <w nite:id="EN2006b.A.words146" starttime="412.17" endtime="412.2">I</w>
   <w nite:id="EN2006b.A.words147" starttime="412.2" endtime="412.46">think</w>
   <w nite:id="EN2006b.A.words148" starttime="412.46" endtime="413.39" trunc="true">y</w>
   <w nite:id="EN2006b.A.words149" starttime="413.39" endtime="413.58" trunc="true">bu</w>
   <w nite:id="EN2006b.A.words150" starttime="413.58" endtime="413.76" trunc="true">y</w>
   <w nite:id="EN2006b.A.words151" starttime="413.76" endtime="414.11" trunc="true">y</w>
   <w nite:id="EN2006b.A.words152" starttime="414.11" endtime="414.21">you</w>
   <w nite:id="EN2006b.A.words153" starttime="414.21" endtime="414.3">can</w>
   <w nite:id="EN2006b.A.words154" starttime="414.3" endtime="414.55">actually</w>
   <w nite:id="EN2006b.A.words155" starttime="414.55" endtime="414.84">mark</w>
   <w nite:id="EN2006b.A.words156" starttime="414.84" endtime="415.38">it</w>
   <w nite:id="EN2006b.A.words157" starttime="415.38" endtime="415.53">if</w>
   <w nite:id="EN2006b.A.words158" starttime="415.53" endtime="415.62">it</w>
   <w nite:id="EN2006b.A.words159" starttime="415.62" endtime="415.9">isn&#39;t</w>
   <w nite:id="EN2006b.A.words160" starttime="415.9" endtime="416.36">altering</w>
   <w nite:id="EN2006b.A.words161" starttime="416.36" endtime="416.57">what&#39;s</w>
   <w nite:id="EN2006b.A.words162" starttime="416.57" endtime="416.65">in</w>
   <w nite:id="EN2006b.A.words163" starttime="416.65" endtime="416.72">the</w>
   <w nite:id="EN2006b.A.words164" starttime="416.72" endtime="417.24">manual</w>
   <w nite:id="EN2006b.A.words165" starttime="417.24" endtime="417.24" punc="true">.</w>
   <w nite:id="EN2006b.A.words166" starttime="417.24" endtime="418.04">Uh</w>
   <disfmarker nite:id="EN2006b.A.words167" starttime="418.04" endtime="418.04"/>
   <w nite:id="EN2006b.A.words168" starttime="418.04" endtime="418.18">um</w>
   <w nite:id="EN2006b.A.words169" starttime="418.18" endtime="418.33">it&#39;s</w>
   <w nite:id="EN2006b.A.words170" starttime="418.33" endtime="418.5">only</w>
   <w nite:id="EN2006b.A.words171" starttime="418.5" endtime="418.88">altering</w>
   <w nite:id="EN2006b.A.words172" starttime="418.88" endtime="419.12">earlier</w>
   <w nite:id="EN2006b.A.words173" starttime="419.12" endtime="419.7">rules</w>
   <w nite:id="EN2006b.A.words174" starttime="419.7" endtime="419.7" punc="true">.</w>
   <w nite:id="EN2006b.A.words175" starttime="422.24" endtime="422.33">That</w>
   <w nite:id="EN2006b.A.words176" starttime="422.33" endtime="422.53">aren&#39;t</w>
   <w nite:id="EN2006b.A.words177" starttime="422.53" endtime="423.08">allowed</w>
   <w nite:id="EN2006b.A.words178" starttime="423.08" endtime="423.08" punc="true">.</w>
   <w nite:id="EN2006b.A.words179" starttime="427.96" endtime="428.39">Yeah</w>
   <w nite:id="EN2006b.A.words180" starttime="428.39" endtime="428.39" punc="true">,</w>
   <w nite:id="EN2006b.A.words181" starttime="428.39" endtime="428.95">then</w>
   <w nite:id="EN2006b.A.words182" starttime="428.95" endtime="429.1">then</w>
   <w nite:id="EN2006b.A.words183" starttime="429.1" endtime="429.31">do</w>
   <w nite:id="EN2006b.A.words184" starttime="429.31" endtime="429.31" punc="true">,</w>
   <w nite:id="EN2006b.A.words185" starttime="429.31" endtime="429.36">I</w>
   <w nite:id="EN2006b.A.words186" starttime="429.36" endtime="429.69">think</w>
   <w nite:id="EN2006b.A.words187" starttime="429.69" endtime="429.69" punc="true">.</w>
   <w nite:id="EN2006b.A.words188" starttime="431.52" endtime="431.79">Yeah</w>
   <w nite:id="EN2006b.A.words189" starttime="431.79" endtime="431.79" punc="true">.</w>
   <w nite:id="EN2006b.A.words190" starttime="436.53" endtime="436.89">Yeah</w>
   <w nite:id="EN2006b.A.words191" starttime="436.89" endtime="436.89" punc="true">.</w>
   <w nite:id="EN2006b.A.words192" starttime="440.35" endtime="440.5" trunc="true">Y</w>
   <w nite:id="EN2006b.A.words193" starttime="440.5" endtime="441.41">yeah</w>
   <w nite:id="EN2006b.A.words194" starttime="441.41" endtime="441.41" punc="true">,</w>
   <w nite:id="EN2006b.A.words195" starttime="441.41" endtime="442.03">yeah</w>
   <w nite:id="EN2006b.A.words196" starttime="442.03" endtime="442.03" punc="true">,</w>
   <w nite:id="EN2006b.A.words197" starttime="442.03" endtime="443.58">but</w>
   <disfmarker nite:id="EN2006b.A.words198" starttime="443.58" endtime="443.58"/>
   <w nite:id="EN2006b.A.words199" starttime="443.58" endtime="443.94">yeah</w>
   <w nite:id="EN2006b.A.words200" starttime="443.94" endtime="443.94" punc="true">.</w>
   <w nite:id="EN2006b.A.words201" starttime="476.85" endtime="477.46">Yeah</w>
   <w nite:id="EN2006b.A.words202" starttime="477.46" endtime="477.46" punc="true">.</w>
   <w nite:id="EN2006b.A.words203" starttime="488.66" endtime="488.85">Just</w>
   <w nite:id="EN2006b.A.words204" starttime="488.85" endtime="488.88">a</w>
   <w nite:id="EN2006b.A.words205" starttime="488.88" endtime="488.93" trunc="true">p</w>
   <w nite:id="EN2006b.A.words206" starttime="488.93" endtime="489.02">what</w>
   <w nite:id="EN2006b.A.words207" starttime="489.02" endtime="489.05">are</w>
   <w nite:id="EN2006b.A.words208" starttime="489.05" endtime="489.11">you</w>
   <w nite:id="EN2006b.A.words209" starttime="489.11" endtime="489.23">doing</w>
   <w nite:id="EN2006b.A.words210" starttime="489.23" endtime="489.42">there</w>
   <w nite:id="EN2006b.A.words211" starttime="489.42" endtime="489.75">there</w>
   <w nite:id="EN2006b.A.words212" starttime="489.75" endtime="489.75" punc="true">,</w>
   <w nite:id="EN2006b.A.words213" starttime="489.75" endtime="489.89">sorry</w>
   <w nite:id="EN2006b.A.words214" starttime="489.89" endtime="489.89" punc="true">?</w>
   <w nite:id="EN2006b.A.words215" starttime="492.24" endtime="493.38">Yep</w>
   <w nite:id="EN2006b.A.words216" starttime="493.38" endtime="493.38" punc="true">.</w>
   <w nite:id="EN2006b.A.words217" starttime="493.38" endtime="493.78">Isn&#39;t</w>
   <w nite:id="EN2006b.A.words218" starttime="493.78" endtime="494.18">remote</w>
   <w nite:id="EN2006b.A.words219" starttime="494.18" endtime="494.18" punc="true">.</w>
   <w nite:id="EN2006b.A.words220" starttime="494.18" endtime="494.71">Yeah</w>
   <w nite:id="EN2006b.A.words221" starttime="494.71" endtime="494.71" punc="true">,</w>
   <w nite:id="EN2006b.A.words222" starttime="494.71" endtime="495.25">fine</w>
   <w nite:id="EN2006b.A.words223" starttime="495.25" endtime="495.25" punc="true">.</w>
   <w nite:id="EN2006b.A.words224" starttime="504.22" endtime="506.14">Um</w>
   <w nite:id="EN2006b.A.words225" starttime="506.14" endtime="506.37">yeah</w>
   <w nite:id="EN2006b.A.words226" starttime="506.37" endtime="506.37" punc="true">,</w>
   <w nite:id="EN2006b.A.words227" starttime="506.37" endtime="506.62">that&#39;s</w>
   <w nite:id="EN2006b.A.words228" starttime="506.62" endtime="506.88">actually</w>
   <w nite:id="EN2006b.A.words229" starttime="506.88" endtime="507.21">marked</w>
   <w nite:id="EN2006b.A.words230" starttime="507.21" endtime="507.69" trunc="true">ex</w>
   <w nite:id="EN2006b.A.words231" starttime="507.69" endtime="508.33">explicitly</w>
   <w nite:id="EN2006b.A.words232" starttime="508.33" endtime="508.42">in</w>
   <w nite:id="EN2006b.A.words233" starttime="508.42" endtime="508.63">here</w>
   <w nite:id="EN2006b.A.words234" starttime="508.63" endtime="509.05">not</w>
   <w nite:id="EN2006b.A.words235" starttime="509.05" endtime="509.14">to</w>
   <w nite:id="EN2006b.A.words236" starttime="509.14" endtime="509.34">have</w>
   <w nite:id="EN2006b.A.words237" starttime="509.34" endtime="509.41">A_</w>
   <w nite:id="EN2006b.A.words238" starttime="509.41" endtime="509.61">bar</w>
   <w nite:id="EN2006b.A.words239" starttime="509.61" endtime="510.79">clusters</w>
   <w nite:id="EN2006b.A.words240" starttime="510.79" endtime="510.79" punc="true">.</w>
   <w nite:id="EN2006b.A.words241" starttime="510.79" endtime="511.05">So</w>
   <w nite:id="EN2006b.A.words242" starttime="511.05" endtime="511.27">yeah</w>
   <w nite:id="EN2006b.A.words243" starttime="511.27" endtime="511.27" punc="true">.</w>
   <w nite:id="EN2006b.A.words244" starttime="520.72" endtime="521.01">No</w>
   <w nite:id="EN2006b.A.words245" starttime="521.01" endtime="521.01" punc="true">,</w>
   <w nite:id="EN2006b.A.words246" starttime="521.01" endtime="521.28">I</w>
   <disfmarker nite:id="EN2006b.A.words247" starttime="521.28" endtime="521.28"/>
   <w nite:id="EN2006b.A.words248" starttime="521.28" endtime="521.61">I&#39;m</w>
   <w nite:id="EN2006b.A.words249" starttime="521.61" endtime="521.72">I&#39;m</w>
   <w nite:id="EN2006b.A.words250" starttime="521.72" endtime="521.84">not</w>
   <w nite:id="EN2006b.A.words251" starttime="521.84" endtime="522.23">arguing</w>
   <w nite:id="EN2006b.A.words252" starttime="522.23" endtime="522.23" punc="true">.</w>
   <vocalsound nite:id="EN2006b.A.words253" starttime="522.23" endtime="522.23" type="laugh"/>
   <w nite:id="EN2006b.A.words254" starttime="522.23" endtime="523.22">I</w>
   <w nite:id="EN2006b.A.words255" starttime="523.22" endtime="523.56">agree</w>
   <w nite:id="EN2006b.A.words256" starttime="523.56" endtime="523.56" punc="true">,</w>
   <w nite:id="EN2006b.A.words257" starttime="523.56" endtime="524.04">yeah</w>
   <w nite:id="EN2006b.A.words258" starttime="524.04" endtime="524.04" punc="true">.</w>
   <w nite:id="EN2006b.A.words259" starttime="556.33" endtime="556.39">Do</w>
   <w nite:id="EN2006b.A.words260" starttime="556.39" endtime="556.45">you</w>
   <w nite:id="EN2006b.A.words261" starttime="556.45" endtime="556.61">want</w>
   <w nite:id="EN2006b.A.words262" starttime="556.61" endtime="556.74">this</w>
   <w nite:id="EN2006b.A.words263" starttime="556.74" endtime="556.88">one</w>
   <w nite:id="EN2006b.A.words264" starttime="556.88" endtime="557.01">here</w>
   <w nite:id="EN2006b.A.words265" starttime="557.01" endtime="557.01" punc="true">?</w>
   <w nite:id="EN2006b.A.words266" starttime="560.12" endtime="560.87">No</w>
   <w nite:id="EN2006b.A.words267" starttime="560.87" endtime="560.87" punc="true">?</w>
   <w nite:id="EN2006b.A.words268" starttime="560.87" endtime="561.84" trunc="true">Conti</w>
   <w nite:id="EN2006b.A.words269" starttime="561.84" endtime="562.4" mispronounced="true">continuum</w>
   <w nite:id="EN2006b.A.words270" starttime="562.4" endtime="562.4" punc="true">.</w>
   <w nite:id="EN2006b.A.words271" starttime="562.4" endtime="562.76">No</w>
   <w nite:id="EN2006b.A.words272" starttime="562.76" endtime="562.76" punc="true">,</w>
   <w nite:id="EN2006b.A.words273" starttime="562.76" endtime="562.95">okay</w>
   <w nite:id="EN2006b.A.words274" starttime="562.95" endtime="562.95" punc="true">.</w>
   <w nite:id="EN2006b.A.words275" starttime="571.09" endtime="571.25">I</w>
   <w nite:id="EN2006b.A.words276" starttime="571.25" endtime="571.4">think</w>
   <w nite:id="EN2006b.A.words277" starttime="571.4" endtime="571.64">that&#39;s</w>
   <w nite:id="EN2006b.A.words278" starttime="571.64" endtime="571.71">a</w>
   <w nite:id="EN2006b.A.words279" starttime="571.71" endtime="572.32" trunc="true">s</w>
   <w nite:id="EN2006b.A.words280" starttime="572.32" endtime="572.89">species</w>
   <w nite:id="EN2006b.A.words281" starttime="572.89" endtime="573.25">again</w>
   <w nite:id="EN2006b.A.words282" starttime="573.25" endtime="573.25" punc="true">.</w>
   <w nite:id="EN2006b.A.words283" starttime="661.99" endtime="662.61">Yeah</w>
   <w nite:id="EN2006b.A.words284" starttime="662.61" endtime="662.61" punc="true">,</w>
   <w nite:id="EN2006b.A.words285" starttime="662.61" endtime="662.69">I</w>
   <w nite:id="EN2006b.A.words286" starttime="662.69" endtime="662.83">think</w>
   <w nite:id="EN2006b.A.words287" starttime="662.83" endtime="662.89">you</w>
   <w nite:id="EN2006b.A.words288" starttime="662.89" endtime="663.24">have</w>
   <w nite:id="EN2006b.A.words289" starttime="663.24" endtime="663.24" punc="true">.</w>
   <w nite:id="EN2006b.A.words290" starttime="696.6" endtime="698.03">Yeah</w>
   <w nite:id="EN2006b.A.words291" starttime="698.03" endtime="698.03" punc="true">.</w>
   <w nite:id="EN2006b.A.words292" starttime="698.03" endtime="698.35">Well</w>
   <w nite:id="EN2006b.A.words293" starttime="698.35" endtime="699.39" trunc="true">n</w>
   <w nite:id="EN2006b.A.words294" starttime="699.39" endtime="699.51">I</w>
   <w nite:id="EN2006b.A.words295" starttime="699.51" endtime="699.71">think</w>
   <w nite:id="EN2006b.A.words296" starttime="699.71" endtime="699.85">I</w>
   <w nite:id="EN2006b.A.words297" starttime="699.85" endtime="699.97">would</w>
   <w nite:id="EN2006b.A.words298" starttime="699.97" endtime="700.28">actually</w>
   <w nite:id="EN2006b.A.words299" starttime="700.28" endtime="700.49">leave</w>
   <w nite:id="EN2006b.A.words300" starttime="700.49" endtime="701.41">it</w>
   <w nite:id="EN2006b.A.words301" starttime="701.41" endtime="701.52">um</w>
   <w nite:id="EN2006b.A.words302" starttime="701.52" endtime="701.61">with</w>
   <w nite:id="EN2006b.A.words303" starttime="701.61" endtime="702.03">only</w>
   <w nite:id="EN2006b.A.words304" starttime="702.03" endtime="702.28" trunc="true">th</w>
   <w nite:id="EN2006b.A.words305" starttime="702.28" endtime="702.39">on</w>
   <w nite:id="EN2006b.A.words306" starttime="702.39" endtime="702.71">those</w>
   <disfmarker nite:id="EN2006b.A.words307" starttime="702.71" endtime="702.835"/>
   <w nite:id="EN2006b.A.words308" starttime="705.3" endtime="705.81" trunc="true">Br</w>
   <w nite:id="EN2006b.A.words309" starttime="705.81" endtime="706.15">broad</w>
   <w nite:id="EN2006b.A.words310" starttime="706.15" endtime="706.38" trunc="true">l</w>
   <w nite:id="EN2006b.A.words311" starttime="709.64" endtime="709.98">Line</w>
   <w nite:id="EN2006b.A.words312" starttime="709.98" endtime="710.08">in</w>
   <w nite:id="EN2006b.A.words313" starttime="710.08" endtime="710.76">it</w>
   <w nite:id="EN2006b.A.words314" starttime="710.76" endtime="710.76" punc="true">.</w>
   <w nite:id="EN2006b.A.words315" starttime="710.76" endtime="710.83">Um</w>
   <w nite:id="EN2006b.A.words316" starttime="710.83" endtime="710.98">because</w>
   <w nite:id="EN2006b.A.words317" starttime="710.98" endtime="711.01">I</w>
   <w nite:id="EN2006b.A.words318" starttime="711.01" endtime="711.13">think</w>
   <w nite:id="EN2006b.A.words319" starttime="711.13" endtime="711.35">that&#39;s</w>
   <w nite:id="EN2006b.A.words320" starttime="711.35" endtime="711.49" trunc="true">s</w>
   <w nite:id="EN2006b.A.words321" starttime="711.49" endtime="711.62">what</w>
   <w nite:id="EN2006b.A.words322" starttime="711.62" endtime="711.69">you</w>
   <w nite:id="EN2006b.A.words323" starttime="711.69" endtime="711.81">have</w>
   <w nite:id="EN2006b.A.words324" starttime="711.81" endtime="711.91">been</w>
   <w nite:id="EN2006b.A.words325" starttime="711.91" endtime="712.2">doing</w>
   <w nite:id="EN2006b.A.words326" starttime="712.2" endtime="712.42">earlier</w>
   <w nite:id="EN2006b.A.words327" starttime="712.42" endtime="712.77">on</w>
   <w nite:id="EN2006b.A.words328" starttime="712.77" endtime="712.77" punc="true">.</w>
   <w nite:id="EN2006b.A.words329" starttime="714.37" endtime="715.85">Yeah</w>
   <w nite:id="EN2006b.A.words330" starttime="715.85" endtime="715.85" punc="true">?</w>
   <w nite:id="EN2006b.A.words331" starttime="715.85" endtime="716.08">Yeah</w>
   <w nite:id="EN2006b.A.words332" starttime="716.08" endtime="716.08" punc="true">?</w>
   <vocalsound nite:id="EN2006b.A.words333" starttime="723.247" endtime="723.247" type="other"/>
   <w nite:id="EN2006b.A.words334" starttime="723.42" endtime="723.83">No</w>
   <w nite:id="EN2006b.A.words335" starttime="723.83" endtime="723.83" punc="true">.</w>
   <w nite:id="EN2006b.A.words336" starttime="761.34" endtime="761.48">The</w>
   <w nite:id="EN2006b.A.words337" starttime="761.48" endtime="761.84">difference</w>
   <w nite:id="EN2006b.A.words338" starttime="761.84" endtime="762.02">only</w>
   <w nite:id="EN2006b.A.words339" starttime="762.02" endtime="762.24">weak</w>
   <w nite:id="EN2006b.A.words340" starttime="762.24" endtime="763.49">line</w>
   <w nite:id="EN2006b.A.words341" starttime="763.49" endtime="763.49" punc="true">,</w>
   <w nite:id="EN2006b.A.words342" starttime="763.49" endtime="763.63">isn&#39;t</w>
   <w nite:id="EN2006b.A.words343" starttime="763.63" endtime="763.78">it</w>
   <w nite:id="EN2006b.A.words344" starttime="763.78" endtime="763.78" punc="true">?</w>
   <w nite:id="EN2006b.A.words345" starttime="768.56" endtime="768.71">Oh</w>
   <w nite:id="EN2006b.A.words346" starttime="768.71" endtime="769.63">yeah</w>
   <w nite:id="EN2006b.A.words347" starttime="769.63" endtime="769.63" punc="true">.</w>
   <w nite:id="EN2006b.A.words348" starttime="769.63" endtime="769.82">There&#39;s</w>
   <w nite:id="EN2006b.A.words349" starttime="769.82" endtime="769.87">a</w>
   <w nite:id="EN2006b.A.words350" starttime="769.87" endtime="770.13">line</w>
   <w nite:id="EN2006b.A.words351" starttime="770.13" endtime="770.34">there</w>
   <w nite:id="EN2006b.A.words352" starttime="770.34" endtime="770.46">as</w>
   <w nite:id="EN2006b.A.words353" starttime="770.46" endtime="770.74">well</w>
   <w nite:id="EN2006b.A.words354" starttime="770.74" endtime="770.74" punc="true">.</w>
   <w nite:id="EN2006b.A.words355" starttime="770.74" endtime="770.84">It&#39;s</w>
   <w nite:id="EN2006b.A.words356" starttime="770.84" endtime="771.3">different</w>
   <w nite:id="EN2006b.A.words357" starttime="771.3" endtime="771.3" punc="true">.</w>
   <w nite:id="EN2006b.A.words358" starttime="772.82" endtime="772.95">And</w>
   <w nite:id="EN2006b.A.words359" starttime="772.95" endtime="773.03">an</w>
   <w nite:id="EN2006b.A.words360" starttime="773.03" endtime="774.41">and</w>
   <w nite:id="EN2006b.A.words361" starttime="774.41" endtime="774.41" punc="true">.</w>
   <w nite:id="EN2006b.A.words362" starttime="774.41" endtime="774.69">Different</w>
   <w nite:id="EN2006b.A.words363" starttime="774.69" endtime="774.8">as</w>
   <w nite:id="EN2006b.A.words364" starttime="774.8" endtime="775.03">well</w>
   <w nite:id="EN2006b.A.words365" starttime="775.03" endtime="775.03" punc="true">.</w>
   <vocalsound nite:id="EN2006b.A.words366" starttime="789.371" endtime="789.371" type="other"/>
   <w nite:id="EN2006b.A.words367" starttime="789.53" endtime="789.62">They</w>
   <w nite:id="EN2006b.A.words368" starttime="789.62" endtime="789.87">just</w>
   <w nite:id="EN2006b.A.words369" starttime="789.87" endtime="790.06">made</w>
   <w nite:id="EN2006b.A.words370" starttime="790.06" endtime="790.24">that</w>
   <w nite:id="EN2006b.A.words371" starttime="790.24" endtime="791.29">up</w>
   <w nite:id="EN2006b.A.words372" starttime="791.29" endtime="791.29" punc="true">.</w>
   <w nite:id="EN2006b.A.words373" starttime="791.29" endtime="793.28">That&#39;s</w>
   <disfmarker nite:id="EN2006b.A.words374" starttime="793.28" endtime="793.28"/>
   <w nite:id="EN2006b.A.words375" starttime="793.28" endtime="793.91">yeah</w>
   <w nite:id="EN2006b.A.words376" starttime="793.91" endtime="793.91" punc="true">,</w>
   <w nite:id="EN2006b.A.words377" starttime="793.91" endtime="795.91">exactly</w>
   <w nite:id="EN2006b.A.words378" starttime="795.91" endtime="795.91" punc="true">.</w>
   <w nite:id="EN2006b.A.words379" starttime="795.91" endtime="796.17">That&#39;s</w>
   <w nite:id="EN2006b.A.words380" starttime="796.17" endtime="796.3">not</w>
   <w nite:id="EN2006b.A.words381" starttime="796.3" endtime="796.36">a</w>
   <w nite:id="EN2006b.A.words382" starttime="796.36" endtime="796.84">source</w>
   <w nite:id="EN2006b.A.words383" starttime="796.84" endtime="797.21">type</w>
   <w nite:id="EN2006b.A.words384" starttime="797.21" endtime="797.21" punc="true">.</w>
   <w nite:id="EN2006b.A.words385" starttime="865.19" endtime="865.37">That&#39;s</w>
   <w nite:id="EN2006b.A.words386" starttime="865.37" endtime="865.52">we</w>
   <w nite:id="EN2006b.A.words387" starttime="865.52" endtime="865.67">did</w>
   <w nite:id="EN2006b.A.words388" starttime="865.67" endtime="865.96">earlier</w>
   <w nite:id="EN2006b.A.words389" starttime="865.96" endtime="866.44">anyway</w>
   <w nite:id="EN2006b.A.words390" starttime="866.44" endtime="866.44" punc="true">.</w>
   <w nite:id="EN2006b.A.words391" starttime="866.44" endtime="866.84">So</w>
   <disfmarker nite:id="EN2006b.A.words392" starttime="866.84" endtime="866.944"/>
   <w nite:id="EN2006b.A.words393" starttime="868.98" endtime="869.28">No</w>
   <w nite:id="EN2006b.A.words394" starttime="869.28" endtime="869.28" punc="true">,</w>
   <w nite:id="EN2006b.A.words395" starttime="869.28" endtime="869.35">they</w>
   <w nite:id="EN2006b.A.words396" starttime="869.35" endtime="869.52">just</w>
   <w nite:id="EN2006b.A.words397" starttime="869.52" endtime="869.67">made</w>
   <w nite:id="EN2006b.A.words398" starttime="869.67" endtime="869.81">that</w>
   <w nite:id="EN2006b.A.words399" starttime="869.81" endtime="869.93">up</w>
   <w nite:id="EN2006b.A.words400" starttime="869.93" endtime="870.07">as</w>
   <w nite:id="EN2006b.A.words401" starttime="870.07" endtime="870.93">well</w>
   <w nite:id="EN2006b.A.words402" starttime="870.93" endtime="870.93" punc="true">.</w>
   <w nite:id="EN2006b.A.words403" starttime="870.93" endtime="871.46">No</w>
   <w nite:id="EN2006b.A.words404" starttime="871.46" endtime="871.46" punc="true">.</w>
   <w nite:id="EN2006b.A.words405" starttime="884.5" endtime="884.65">That&#39;s</w>
   <w nite:id="EN2006b.A.words406" starttime="884.65" endtime="884.7">a</w>
   <w nite:id="EN2006b.A.words407" starttime="884.7" endtime="885.31">process</w>
   <w nite:id="EN2006b.A.words408" starttime="885.31" endtime="885.41">though</w>
   <w nite:id="EN2006b.A.words409" starttime="885.41" endtime="885.41" punc="true">.</w>
   <w nite:id="EN2006b.A.words410" starttime="887.53" endtime="887.71">Yeah</w>
   <w nite:id="EN2006b.A.words411" starttime="887.71" endtime="887.71" punc="true">,</w>
   <w nite:id="EN2006b.A.words412" starttime="887.71" endtime="887.87">it&#39;s</w>
   <w nite:id="EN2006b.A.words413" starttime="887.87" endtime="887.94">a</w>
   <w nite:id="EN2006b.A.words414" starttime="887.94" endtime="888.51">process</w>
   <w nite:id="EN2006b.A.words415" starttime="888.51" endtime="888.65">or</w>
   <w nite:id="EN2006b.A.words416" starttime="888.65" endtime="888.96">a</w>
   <w nite:id="EN2006b.A.words417" starttime="888.96" endtime="889.44">source</w>
   <w nite:id="EN2006b.A.words418" starttime="889.44" endtime="889.44" punc="true">.</w>
   <w nite:id="EN2006b.A.words419" starttime="892.4" endtime="892.48">I&#39;m</w>
   <w nite:id="EN2006b.A.words420" starttime="892.48" endtime="892.74">sorry</w>
   <w nite:id="EN2006b.A.words421" starttime="892.74" endtime="892.74" punc="true">.</w>
   <w nite:id="EN2006b.A.words422" starttime="943.8" endtime="944.4">Yeah</w>
   <w nite:id="EN2006b.A.words423" starttime="944.4" endtime="944.4" punc="true">.</w>
   <w nite:id="EN2006b.A.words424" starttime="980.66" endtime="980.87">Well</w>
   <w nite:id="EN2006b.A.words425" starttime="980.87" endtime="980.98">hang</w>
   <w nite:id="EN2006b.A.words426" starttime="980.98" endtime="981.1">on</w>
   <w nite:id="EN2006b.A.words427" starttime="981.1" endtime="981.23">though</w>
   <w nite:id="EN2006b.A.words428" starttime="981.23" endtime="981.23" punc="true">.</w>
   <w nite:id="EN2006b.A.words429" starttime="981.23" endtime="981.85">But</w>
   <w nite:id="EN2006b.A.words430" starttime="981.85" endtime="982.08">wasn&#39;t</w>
   <w nite:id="EN2006b.A.words431" starttime="982.08" endtime="983.28">there</w>
   <vocalsound nite:id="EN2006b.A.words432" starttime="983.28" endtime="983.28" type="other"/>
   <w nite:id="EN2006b.A.words433" starttime="983.28" endtime="983.54">one</w>
   <w nite:id="EN2006b.A.words434" starttime="983.54" endtime="983.79">just</w>
   <w nite:id="EN2006b.A.words435" starttime="983.79" endtime="983.83">a</w>
   <w nite:id="EN2006b.A.words436" starttime="983.83" endtime="984.07">minute</w>
   <w nite:id="EN2006b.A.words437" starttime="984.07" endtime="984.22">ago</w>
   <w nite:id="EN2006b.A.words438" starttime="984.22" endtime="984.33">in</w>
   <w nite:id="EN2006b.A.words439" starttime="984.33" endtime="985.83">which</w>
   <w nite:id="EN2006b.A.words440" starttime="985.83" endtime="986.03">only</w>
   <w nite:id="EN2006b.A.words441" starttime="986.03" endtime="986.18">had</w>
   <w nite:id="EN2006b.A.words442" starttime="986.18" endtime="986.26">a</w>
   <w nite:id="EN2006b.A.words443" starttime="986.26" endtime="987.13">line</w>
   <w nite:id="EN2006b.A.words444" starttime="987.13" endtime="987.13" punc="true">?</w>
   <w nite:id="EN2006b.A.words445" starttime="990.9" endtime="991.01">But</w>
   <w nite:id="EN2006b.A.words446" starttime="991.01" endtime="991.08">you</w>
   <w nite:id="EN2006b.A.words447" starttime="991.08" endtime="991.72">just</w>
   <disfmarker nite:id="EN2006b.A.words448" starttime="991.72" endtime="991.792"/>
   <w nite:id="EN2006b.A.words449" starttime="994.95" endtime="995.34">Keeping</w>
   <w nite:id="EN2006b.A.words450" starttime="995.34" endtime="996.81">lines</w>
   <w nite:id="EN2006b.A.words451" starttime="996.81" endtime="997.8">there</w>
   <w nite:id="EN2006b.A.words452" starttime="997.8" endtime="997.8" punc="true">.</w>
   <w nite:id="EN2006b.A.words453" starttime="997.8" endtime="998.42">So</w>
   <disfmarker nite:id="EN2006b.A.words454" starttime="998.42" endtime="998.53"/>
   <w nite:id="EN2006b.A.words455" starttime="1020.2" endtime="1020.94">Adjective</w>
   <w nite:id="EN2006b.A.words456" starttime="1020.94" endtime="1020.94" punc="true">.</w>
   <w nite:id="EN2006b.A.words457" starttime="1020.94" endtime="1021.41">Uh</w>
   <w nite:id="EN2006b.A.words458" starttime="1021.41" endtime="1022.87">yes</w>
   <w nite:id="EN2006b.A.words459" starttime="1022.87" endtime="1022.87" punc="true">.</w>
   <w nite:id="EN2006b.A.words460" starttime="1022.87" endtime="1024.43">Right</w>
   <w nite:id="EN2006b.A.words461" starttime="1024.43" endtime="1024.43" punc="true">.</w>
   <w nite:id="EN2006b.A.words462" starttime="1024.43" endtime="1024.99">Okay</w>
   <w nite:id="EN2006b.A.words463" starttime="1024.99" endtime="1024.99" punc="true">,</w>
   <w nite:id="EN2006b.A.words464" starttime="1024.99" endtime="1025.97">okay</w>
   <w nite:id="EN2006b.A.words465" starttime="1025.97" endtime="1025.97" punc="true">.</w>
   <w nite:id="EN2006b.A.words466" starttime="1025.97" endtime="1026.96">Okay</w>
   <w nite:id="EN2006b.A.words467" starttime="1026.96" endtime="1026.96" punc="true">.</w>
   <w nite:id="EN2006b.A.words468" starttime="1026.96" endtime="1027.23">Yeah</w>
   <w nite:id="EN2006b.A.words469" starttime="1027.23" endtime="1027.23" punc="true">,</w>
   <w nite:id="EN2006b.A.words470" starttime="1027.23" endtime="1027.58">okay</w>
   <w nite:id="EN2006b.A.words471" starttime="1027.58" endtime="1027.58" punc="true">,</w>
   <w nite:id="EN2006b.A.words472" starttime="1027.58" endtime="1027.83">fine</w>
   <w nite:id="EN2006b.A.words473" starttime="1027.83" endtime="1027.83" punc="true">.</w>
   <w nite:id="EN2006b.A.words474" starttime="1053.33" endtime="1053.76">Yeah</w>
   <w nite:id="EN2006b.A.words475" starttime="1053.76" endtime="1053.76" punc="true">.</w>
   <w nite:id="EN2006b.A.words476" starttime="1117.26" endtime="1118.85">Yeah</w>
   <w nite:id="EN2006b.A.words477" starttime="1118.85" endtime="1118.85" punc="true">.</w>
   <w nite:id="EN2006b.A.words478" starttime="1118.85" endtime="1118.99">That</w>
   <w nite:id="EN2006b.A.words479" starttime="1118.99" endtime="1119.13">has</w>
   <w nite:id="EN2006b.A.words480" starttime="1119.13" endtime="1119.23">to</w>
   <w nite:id="EN2006b.A.words481" starttime="1119.23" endtime="1119.33">go</w>
   <w nite:id="EN2006b.A.words482" starttime="1119.33" endtime="1119.45">as</w>
   <w nite:id="EN2006b.A.words483" starttime="1119.45" endtime="1119.61">well</w>
   <w nite:id="EN2006b.A.words484" starttime="1119.61" endtime="1119.74">then</w>
   <w nite:id="EN2006b.A.words485" starttime="1119.74" endtime="1119.74" punc="true">,</w>
   <w nite:id="EN2006b.A.words486" starttime="1119.74" endtime="1120.13">surely</w>
   <w nite:id="EN2006b.A.words487" starttime="1120.13" endtime="1120.13" punc="true">.</w>
   <w nite:id="EN2006b.A.words488" starttime="1121.87" endtime="1121.95">A</w>
   <w nite:id="EN2006b.A.words489" starttime="1121.95" endtime="1122.17">star</w>
   <w nite:id="EN2006b.A.words490" starttime="1122.17" endtime="1122.32">burst</w>
   <w nite:id="EN2006b.A.words491" starttime="1122.32" endtime="1122.4">is</w>
   <w nite:id="EN2006b.A.words492" starttime="1122.4" endtime="1122.46">a</w>
   <w nite:id="EN2006b.A.words493" starttime="1122.46" endtime="1122.97">class</w>
   <w nite:id="EN2006b.A.words494" starttime="1122.97" endtime="1122.97" punc="true">.</w>
   <w nite:id="EN2006b.A.words495" starttime="1126.38" endtime="1126.55">As</w>
   <w nite:id="EN2006b.A.words496" starttime="1126.55" endtime="1126.65">is</w>
   <w nite:id="EN2006b.A.words497" starttime="1126.65" endtime="1126.74">an</w>
   <w nite:id="EN2006b.A.words498" starttime="1126.74" endtime="1127.26">A_G_N_</w>
   <w nite:id="EN2006b.A.words499" starttime="1127.26" endtime="1127.26" punc="true">.</w>
   <w nite:id="EN2006b.A.words500" starttime="1168.43" endtime="1169.28">Yeah</w>
   <w nite:id="EN2006b.A.words501" starttime="1169.28" endtime="1169.28" punc="true">.</w>
   <w nite:id="EN2006b.A.words502" starttime="1169.28" endtime="1170.8">Yeah</w>
   <w nite:id="EN2006b.A.words503" starttime="1170.8" endtime="1170.8" punc="true">.</w>
   <w nite:id="EN2006b.A.words504" starttime="1170.8" endtime="1171.05">Okay</w>
   <w nite:id="EN2006b.A.words505" starttime="1171.05" endtime="1171.05" punc="true">.</w>
   <w nite:id="EN2006b.A.words506" starttime="1242.77" endtime="1243.3">Yeah</w>
   <w nite:id="EN2006b.A.words507" starttime="1243.3" endtime="1243.3" punc="true">.</w>
   <w nite:id="EN2006b.A.words508" starttime="1291.24" endtime="1293.36">Um</w>
   <disfmarker nite:id="EN2006b.A.words509" starttime="1293.36" endtime="1293.36"/>
   <w nite:id="EN2006b.A.words510" starttime="1293.36" endtime="1293.47">are</w>
   <w nite:id="EN2006b.A.words511" starttime="1293.47" endtime="1293.79">they</w>
   <w nite:id="EN2006b.A.words512" starttime="1293.79" endtime="1293.85">uh</w>
   <disfmarker nite:id="EN2006b.A.words513" starttime="1293.85" endtime="1293.85"/>
   <w nite:id="EN2006b.A.words514" starttime="1293.85" endtime="1294.8">if</w>
   <w nite:id="EN2006b.A.words515" starttime="1294.8" endtime="1294.94">you</w>
   <w nite:id="EN2006b.A.words516" starttime="1294.94" endtime="1295.14">say</w>
   <w nite:id="EN2006b.A.words517" starttime="1295.14" endtime="1296.78">so</w>
   <w nite:id="EN2006b.A.words518" starttime="1296.78" endtime="1296.78" punc="true">.</w>
   <w nite:id="EN2006b.A.words519" starttime="1296.78" endtime="1297.06">Okay</w>
   <w nite:id="EN2006b.A.words520" starttime="1297.06" endtime="1297.06" punc="true">.</w>
   <w nite:id="EN2006b.A.words521" starttime="1302.15" endtime="1302.44">Okay</w>
   <w nite:id="EN2006b.A.words522" starttime="1302.44" endtime="1302.44" punc="true">.</w>
   <w nite:id="EN2006b.A.words523" starttime="1339.84" endtime="1339.99">Well</w>
   <w nite:id="EN2006b.A.words524" starttime="1339.99" endtime="1340.05">you</w>
   <w nite:id="EN2006b.A.words525" starttime="1340.05" endtime="1340.27">haven&#39;t</w>
   <w nite:id="EN2006b.A.words526" starttime="1340.27" endtime="1340.43">been</w>
   <w nite:id="EN2006b.A.words527" starttime="1340.43" endtime="1340.67">earlier</w>
   <w nite:id="EN2006b.A.words528" starttime="1340.67" endtime="1340.67" punc="true">,</w>
   <w nite:id="EN2006b.A.words529" starttime="1340.67" endtime="1340.85">have</w>
   <w nite:id="EN2006b.A.words530" starttime="1340.85" endtime="1341.09">you</w>
   <w nite:id="EN2006b.A.words531" starttime="1341.09" endtime="1341.09" punc="true">?</w>
   <w nite:id="EN2006b.A.words532" starttime="1345.29" endtime="1345.38">I</w>
   <w nite:id="EN2006b.A.words533" starttime="1345.38" endtime="1345.55">don&#39;t</w>
   <w nite:id="EN2006b.A.words534" starttime="1345.55" endtime="1345.73">think</w>
   <w nite:id="EN2006b.A.words535" starttime="1345.73" endtime="1345.86">you</w>
   <w nite:id="EN2006b.A.words536" starttime="1345.86" endtime="1345.99">were</w>
   <w nite:id="EN2006b.A.words537" starttime="1345.99" endtime="1345.99" punc="true">.</w>
   <w nite:id="EN2006b.A.words538" starttime="1345.99" endtime="1346.38">Uh</w>
   <disfmarker nite:id="EN2006b.A.words539" starttime="1346.38" endtime="1346.551"/>
   <w nite:id="EN2006b.A.words540" starttime="1348.82" endtime="1348.94">Have</w>
   <w nite:id="EN2006b.A.words541" starttime="1348.94" endtime="1349.31">you</w>
   <w nite:id="EN2006b.A.words542" starttime="1349.31" endtime="1349.31" punc="true">?</w>
   <w nite:id="EN2006b.A.words543" starttime="1349.31" endtime="1349.4">Oh</w>
   <w nite:id="EN2006b.A.words544" starttime="1349.4" endtime="1350.06">okay</w>
   <w nite:id="EN2006b.A.words545" starttime="1350.06" endtime="1350.06" punc="true">.</w>
   <w nite:id="EN2006b.A.words546" starttime="1350.06" endtime="1350.32">Okay</w>
   <w nite:id="EN2006b.A.words547" starttime="1350.32" endtime="1350.32" punc="true">.</w>
   <w nite:id="EN2006b.A.words548" starttime="1429.47" endtime="1430.0">Yeah</w>
   <w nite:id="EN2006b.A.words549" starttime="1430.0" endtime="1430.0" punc="true">.</w>
   <w nite:id="EN2006b.A.words550" starttime="1435.75" endtime="1436.04">Okay</w>
   <w nite:id="EN2006b.A.words551" starttime="1436.04" endtime="1436.04" punc="true">.</w>
   <w nite:id="EN2006b.A.words552" starttime="1508.36" endtime="1508.97">Yeah</w>
   <w nite:id="EN2006b.A.words553" starttime="1508.97" endtime="1508.97" punc="true">.</w>
   <w nite:id="EN2006b.A.words554" starttime="1508.97" endtime="1509.09">I</w>
   <w nite:id="EN2006b.A.words555" starttime="1509.09" endtime="1509.31">think</w>
   <w nite:id="EN2006b.A.words556" starttime="1509.31" endtime="1509.63">so</w>
   <w nite:id="EN2006b.A.words557" starttime="1509.63" endtime="1509.63" punc="true">.</w>
   <w nite:id="EN2006b.A.words558" starttime="1539.63" endtime="1540.02">Uh</w>
   <disfmarker nite:id="EN2006b.A.words559" starttime="1540.02" endtime="1540.132"/>
   <w nite:id="EN2006b.A.words560" starttime="1543.0" endtime="1543.28">No</w>
   <w nite:id="EN2006b.A.words561" starttime="1543.28" endtime="1543.28" punc="true">.</w>
   <w nite:id="EN2006b.A.words562" starttime="1545.28" endtime="1545.36">High</w>
   <w nite:id="EN2006b.A.words563" starttime="1545.36" endtime="1545.71">velocity</w>
   <w nite:id="EN2006b.A.words564" starttime="1545.71" endtime="1546.55">clouds</w>
   <w nite:id="EN2006b.A.words565" starttime="1546.55" endtime="1546.55" punc="true">.</w>
   <w nite:id="EN2006b.A.words566" starttime="1546.55" endtime="1546.8">There</w>
   <w nite:id="EN2006b.A.words567" starttime="1546.8" endtime="1546.8" punc="true">.</w>
   <w nite:id="EN2006b.A.words568" starttime="1546.8" endtime="1547.09">That&#39;s</w>
   <w nite:id="EN2006b.A.words569" starttime="1547.09" endtime="1547.55">right</w>
   <w nite:id="EN2006b.A.words570" starttime="1547.55" endtime="1547.55" punc="true">.</w>
   <w nite:id="EN2006b.A.words571" starttime="1641.69" endtime="1642.16">Why</w>
   <w nite:id="EN2006b.A.words572" starttime="1642.16" endtime="1642.16" punc="true">?</w>
   <w nite:id="EN2006b.A.words573" starttime="1676.47" endtime="1676.53" trunc="true">Y</w>
   <w nite:id="EN2006b.A.words574" starttime="1676.53" endtime="1676.83">yes</w>
   <w nite:id="EN2006b.A.words575" starttime="1676.83" endtime="1676.83" punc="true">,</w>
   <w nite:id="EN2006b.A.words576" starttime="1676.83" endtime="1677.06">that&#39;s</w>
   <w nite:id="EN2006b.A.words577" starttime="1677.06" endtime="1677.42">right</w>
   <w nite:id="EN2006b.A.words578" starttime="1677.42" endtime="1677.42" punc="true">.</w>
   <w nite:id="EN2006b.A.words579" starttime="1689.16" endtime="1690.35">Yeah</w>
   <w nite:id="EN2006b.A.words580" starttime="1690.35" endtime="1690.35" punc="true">.</w>
   <w nite:id="EN2006b.A.words581" starttime="1690.35" endtime="1690.68">Yeah</w>
   <w nite:id="EN2006b.A.words582" starttime="1690.68" endtime="1690.68" punc="true">,</w>
   <w nite:id="EN2006b.A.words583" starttime="1690.68" endtime="1690.91">that&#39;s</w>
   <w nite:id="EN2006b.A.words584" starttime="1690.91" endtime="1691.33">right</w>
   <w nite:id="EN2006b.A.words585" starttime="1691.33" endtime="1691.33" punc="true">.</w>
   <w nite:id="EN2006b.A.words586" starttime="1691.33" endtime="1691.45">Uh</w>
   <disfmarker nite:id="EN2006b.A.words587" starttime="1691.45" endtime="1691.587"/>
   <w nite:id="EN2006b.A.words588" starttime="1715.49" endtime="1715.85">Really</w>
   <w nite:id="EN2006b.A.words589" starttime="1715.85" endtime="1715.85" punc="true">?</w>
   <w nite:id="EN2006b.A.words590" starttime="1718.92" endtime="1719.13">If</w>
   <w nite:id="EN2006b.A.words591" starttime="1719.13" endtime="1719.19">it</w>
   <w nite:id="EN2006b.A.words592" starttime="1719.19" endtime="1719.56">was</w>
   <disfmarker nite:id="EN2006b.A.words593" starttime="1719.56" endtime="1719.612"/>
   <w nite:id="EN2006b.A.words594" starttime="1721.76" endtime="1721.91">Are</w>
   <w nite:id="EN2006b.A.words595" starttime="1721.91" endtime="1722.25">you</w>
   <w nite:id="EN2006b.A.words596" starttime="1722.25" endtime="1722.25" punc="true">?</w>
   <w nite:id="EN2006b.A.words597" starttime="1722.25" endtime="1722.36" trunc="true">N</w>
   <w nite:id="EN2006b.A.words598" starttime="1727.75" endtime="1728.32">No</w>
   <w nite:id="EN2006b.A.words599" starttime="1728.32" endtime="1728.32" punc="true">.</w>
   <w nite:id="EN2006b.A.words600" starttime="1730.36" endtime="1730.7">No</w>
   <w nite:id="EN2006b.A.words601" starttime="1730.7" endtime="1730.7" punc="true">.</w>
   <w nite:id="EN2006b.A.words602" starttime="1732.13" endtime="1732.26">Nor</w>
   <w nite:id="EN2006b.A.words603" starttime="1732.26" endtime="1732.53">weak</w>
   <w nite:id="EN2006b.A.words604" starttime="1732.53" endtime="1732.99">emission</w>
   <w nite:id="EN2006b.A.words605" starttime="1732.99" endtime="1733.12">then</w>
   <w nite:id="EN2006b.A.words606" starttime="1733.12" endtime="1733.12" punc="true">.</w>
   <w nite:id="EN2006b.A.words607" starttime="1734.55" endtime="1734.87">No</w>
   <w nite:id="EN2006b.A.words608" starttime="1734.87" endtime="1734.87" punc="true">.</w>
   <vocalsound nite:id="EN2006b.A.words609" starttime="1748.748" endtime="1749.123" type="other"/>
   <w nite:id="EN2006b.A.words610" starttime="1750.27" endtime="1750.39">Oh</w>
   <w nite:id="EN2006b.A.words611" starttime="1750.39" endtime="1750.71">yeah</w>
   <w nite:id="EN2006b.A.words612" starttime="1750.71" endtime="1750.71" punc="true">.</w>
   <w nite:id="EN2006b.A.words613" starttime="1750.71" endtime="1751.08">Sorry</w>
   <w nite:id="EN2006b.A.words614" starttime="1751.08" endtime="1751.08" punc="true">.</w>
   <w nite:id="EN2006b.A.words615" starttime="1751.08" endtime="1751.28">Yeah</w>
   <w nite:id="EN2006b.A.words616" starttime="1751.28" endtime="1751.28" punc="true">.</w>
   <w nite:id="EN2006b.A.words617" starttime="1770.76" endtime="1771.22">No</w>
   <w nite:id="EN2006b.A.words618" starttime="1771.22" endtime="1771.22" punc="true">.</w>
   <w nite:id="EN2006b.A.words619" starttime="1772.53" endtime="1772.74">Yeah</w>
   <w nite:id="EN2006b.A.words620" starttime="1772.74" endtime="1772.74" punc="true">.</w>
   <vocalsound nite:id="EN2006b.A.words621" starttime="1810.371" endtime="1810.371" type="other"/>
   <w nite:id="EN2006b.A.words622" starttime="1810.63" endtime="1811.21">Yeah</w>
   <w nite:id="EN2006b.A.words623" starttime="1811.21" endtime="1811.21" punc="true">.</w>
   <w nite:id="EN2006b.A.words624" starttime="1817.37" endtime="1819.44">Um</w>
   <w nite:id="EN2006b.A.words625" starttime="1819.44" endtime="1819.79" trunc="true">m</w>
   <w nite:id="EN2006b.A.words626" starttime="1819.79" endtime="1820.46">uh</w>
   <w nite:id="EN2006b.A.words627" starttime="1820.46" endtime="1820.49" trunc="true">y</w>
   <w nite:id="EN2006b.A.words628" starttime="1820.49" endtime="1820.59" trunc="true">ye</w>
   <w nite:id="EN2006b.A.words629" starttime="1820.59" endtime="1820.74">well</w>
   <w nite:id="EN2006b.A.words630" starttime="1820.74" endtime="1820.74" punc="true">,</w>
   <w nite:id="EN2006b.A.words631" starttime="1820.74" endtime="1820.79">I</w>
   <w nite:id="EN2006b.A.words632" starttime="1820.79" endtime="1820.94">don&#39;t</w>
   <w nite:id="EN2006b.A.words633" starttime="1820.94" endtime="1821.34">know</w>
   <w nite:id="EN2006b.A.words634" starttime="1821.34" endtime="1821.34" punc="true">.</w>
   <w nite:id="EN2006b.A.words635" starttime="1823.52" endtime="1824.1">Yeah</w>
   <w nite:id="EN2006b.A.words636" starttime="1824.1" endtime="1824.1" punc="true">.</w>
   <w nite:id="EN2006b.A.words637" starttime="1824.1" endtime="1824.3">But</w>
   <disfmarker nite:id="EN2006b.A.words638" starttime="1824.3" endtime="1824.397"/>
   <w nite:id="EN2006b.A.words639" starttime="1837.71" endtime="1838.1">Hmm</w>
   <w nite:id="EN2006b.A.words640" starttime="1838.1" endtime="1838.1" punc="true">.</w>
   <w nite:id="EN2006b.A.words641" starttime="1838.1" endtime="1838.22">That&#39;s</w>
   <w nite:id="EN2006b.A.words642" starttime="1838.22" endtime="1838.4">the</w>
   <gap nite:id="EN2006b.A.words643" starttime="1838.4" endtime="1838.4"/>
   <w nite:id="EN2006b.A.words644" starttime="1838.4" endtime="1838.99">actually</w>
   <w nite:id="EN2006b.A.words645" starttime="1838.99" endtime="1839.82">usually</w>
   <w nite:id="EN2006b.A.words646" starttime="1839.82" endtime="1839.82" punc="true">.</w>
   <w nite:id="EN2006b.A.words647" starttime="1839.82" endtime="1840.29">But</w>
   <w nite:id="EN2006b.A.words648" starttime="1840.29" endtime="1842.43">anyway</w>
   <w nite:id="EN2006b.A.words649" starttime="1842.43" endtime="1842.43" punc="true">.</w>
   <w nite:id="EN2006b.A.words650" starttime="1842.43" endtime="1842.57">I</w>
   <w nite:id="EN2006b.A.words651" starttime="1842.57" endtime="1842.71">don&#39;t</w>
   <w nite:id="EN2006b.A.words652" starttime="1842.71" endtime="1843.38">mind</w>
   <w nite:id="EN2006b.A.words653" starttime="1843.38" endtime="1843.38" punc="true">.</w>
   <w nite:id="EN2006b.A.words654" starttime="1851.1" endtime="1851.6">Yeah</w>
   <w nite:id="EN2006b.A.words655" starttime="1851.6" endtime="1851.6" punc="true">.</w>
   <w nite:id="EN2006b.A.words656" starttime="1851.6" endtime="1851.71">I</w>
   <w nite:id="EN2006b.A.words657" starttime="1851.71" endtime="1852.63" trunc="true">gue</w>
   <w nite:id="EN2006b.A.words658" starttime="1852.63" endtime="1852.73">I</w>
   <w nite:id="EN2006b.A.words659" starttime="1852.73" endtime="1852.89">guess</w>
   <w nite:id="EN2006b.A.words660" starttime="1852.89" endtime="1853.14">keep</w>
   <w nite:id="EN2006b.A.words661" starttime="1853.14" endtime="1853.26">it</w>
   <w nite:id="EN2006b.A.words662" starttime="1853.26" endtime="1853.92">then</w>
   <w nite:id="EN2006b.A.words663" starttime="1853.92" endtime="1853.92" punc="true">.</w>
   <w nite:id="EN2006b.A.words664" starttime="1853.92" endtime="1854.75">Yeah</w>
   <w nite:id="EN2006b.A.words665" starttime="1854.75" endtime="1854.75" punc="true">,</w>
   <w nite:id="EN2006b.A.words666" starttime="1854.75" endtime="1854.82">I</w>
   <w nite:id="EN2006b.A.words667" starttime="1854.82" endtime="1855.04">think</w>
   <w nite:id="EN2006b.A.words668" starttime="1855.04" endtime="1855.17">so</w>
   <w nite:id="EN2006b.A.words669" starttime="1855.17" endtime="1855.17" punc="true">.</w>
   <w nite:id="EN2006b.A.words670" starttime="1882.96" endtime="1883.24" mispronounced="true">Blended</w>
   <w nite:id="EN2006b.A.words671" starttime="1883.24" endtime="1883.44">ion</w>
   <w nite:id="EN2006b.A.words672" starttime="1883.44" endtime="1883.88">lines</w>
   <w nite:id="EN2006b.A.words673" starttime="1883.88" endtime="1883.88" punc="true">,</w>
   <w nite:id="EN2006b.A.words674" starttime="1883.88" endtime="1885.67">yeah</w>
   <w nite:id="EN2006b.A.words675" starttime="1885.67" endtime="1885.67" punc="true">.</w>
   <w nite:id="EN2006b.A.words676" starttime="1885.67" endtime="1885.91">Yes</w>
   <w nite:id="EN2006b.A.words677" starttime="1885.91" endtime="1885.91" punc="true">,</w>
   <w nite:id="EN2006b.A.words678" starttime="1885.91" endtime="1885.99">you</w>
   <w nite:id="EN2006b.A.words679" starttime="1885.99" endtime="1886.1">do</w>
   <w nite:id="EN2006b.A.words680" starttime="1886.1" endtime="1886.25">mean</w>
   <w nite:id="EN2006b.A.words681" starttime="1886.25" endtime="1886.42" mispronounced="true">ion</w>
   <w nite:id="EN2006b.A.words682" starttime="1886.42" endtime="1887.22">lines</w>
   <w nite:id="EN2006b.A.words683" starttime="1887.22" endtime="1887.22" punc="true">.</w>
   <w nite:id="EN2006b.A.words684" starttime="1887.22" endtime="1887.47">Yeah</w>
   <w nite:id="EN2006b.A.words685" starttime="1887.47" endtime="1887.47" punc="true">.</w>
   <w nite:id="EN2006b.A.words686" starttime="1924.72" endtime="1925.25">No</w>
   <w nite:id="EN2006b.A.words687" starttime="1925.25" endtime="1925.25" punc="true">.</w>
   <w nite:id="EN2006b.A.words688" starttime="1940.57" endtime="1941.02">Yeah</w>
   <w nite:id="EN2006b.A.words689" starttime="1941.02" endtime="1941.02" punc="true">,</w>
   <w nite:id="EN2006b.A.words690" starttime="1941.02" endtime="1941.32">it&#39;s</w>
   <w nite:id="EN2006b.A.words691" starttime="1941.32" endtime="1941.44">if</w>
   <w nite:id="EN2006b.A.words692" starttime="1941.44" endtime="1941.56">it</w>
   <w nite:id="EN2006b.A.words693" starttime="1941.56" endtime="1942.21">has</w>
   <w nite:id="EN2006b.A.words694" starttime="1942.77" endtime="1943.28" trunc="true">h</w>
   <w nite:id="EN2006b.A.words695" starttime="1943.28" endtime="1943.51" trunc="true">h</w>
   <w nite:id="EN2006b.A.words696" starttime="1944.95" endtime="1945.43">Hydrogen</w>
   <w nite:id="EN2006b.A.words697" starttime="1945.43" endtime="1945.7">or</w>
   <w nite:id="EN2006b.A.words698" starttime="1945.7" endtime="1946.25" trunc="true">h</w>
   <w nite:id="EN2006b.A.words699" starttime="1946.25" endtime="1946.6">helium</w>
   <w nite:id="EN2006b.A.words700" starttime="1946.6" endtime="1946.68">in</w>
   <w nite:id="EN2006b.A.words701" starttime="1946.68" endtime="1946.74">the</w>
   <w nite:id="EN2006b.A.words702" starttime="1946.74" endtime="1947.32">atmosphere</w>
   <w nite:id="EN2006b.A.words703" starttime="1947.32" endtime="1948.52">of</w>
   <w nite:id="EN2006b.A.words704" starttime="1948.52" endtime="1948.73">white</w>
   <w nite:id="EN2006b.A.words705" starttime="1948.73" endtime="1949.29">dwarfs</w>
   <w nite:id="EN2006b.A.words706" starttime="1949.29" endtime="1949.29" punc="true">.</w>
   <w nite:id="EN2006b.A.words707" starttime="1949.29" endtime="1949.67">Yeah</w>
   <w nite:id="EN2006b.A.words708" starttime="1949.67" endtime="1949.67" punc="true">.</w>
   <w nite:id="EN2006b.A.words709" starttime="1975.54" endtime="1976.01">No</w>
   <w nite:id="EN2006b.A.words710" starttime="1976.01" endtime="1976.01" punc="true">,</w>
   <w nite:id="EN2006b.A.words711" starttime="1976.01" endtime="1976.26">that&#39;s</w>
   <w nite:id="EN2006b.A.words712" starttime="1976.26" endtime="1977.73">right</w>
   <w nite:id="EN2006b.A.words713" starttime="1977.73" endtime="1977.73" punc="true">.</w>
   <w nite:id="EN2006b.A.words714" starttime="1977.73" endtime="1977.86">That</w>
   <w nite:id="EN2006b.A.words715" starttime="1977.86" endtime="1978.01">all</w>
   <w nite:id="EN2006b.A.words716" starttime="1978.01" endtime="1978.52">goes</w>
   <w nite:id="EN2006b.A.words717" starttime="1978.52" endtime="1978.52" punc="true">.</w>
   <vocalsound nite:id="EN2006b.A.words718" starttime="1998.352" endtime="1998.352" type="other"/>
   <w nite:id="EN2006b.A.words719" starttime="1998.55" endtime="1999.94">Yeah</w>
   <w nite:id="EN2006b.A.words720" starttime="1999.94" endtime="1999.94" punc="true">.</w>
   <w nite:id="EN2006b.A.words721" starttime="1999.94" endtime="2000.04">I</w>
   <w nite:id="EN2006b.A.words722" starttime="2000.04" endtime="2000.21">guess</w>
   <w nite:id="EN2006b.A.words723" starttime="2000.21" endtime="2000.33">you</w>
   <w nite:id="EN2006b.A.words724" starttime="2000.33" endtime="2000.52">could</w>
   <w nite:id="EN2006b.A.words725" starttime="2000.52" endtime="2000.77">keep</w>
   <w nite:id="EN2006b.A.words726" starttime="2000.77" endtime="2000.86">it</w>
   <w nite:id="EN2006b.A.words727" starttime="2000.86" endtime="2001.15">then</w>
   <w nite:id="EN2006b.A.words728" starttime="2001.15" endtime="2001.15" punc="true">.</w>
   <w nite:id="EN2006b.A.words729" starttime="2009.22" endtime="2009.55">Yeah</w>
   <w nite:id="EN2006b.A.words730" starttime="2009.55" endtime="2009.55" punc="true">.</w>
   <w nite:id="EN2006b.A.words731" starttime="2066.34" endtime="2066.43">But</w>
   <w nite:id="EN2006b.A.words732" starttime="2066.43" endtime="2066.56">it&#39;s</w>
   <w nite:id="EN2006b.A.words733" starttime="2066.56" endtime="2066.66">a</w>
   <w nite:id="EN2006b.A.words734" starttime="2066.66" endtime="2067.15">region</w>
   <w nite:id="EN2006b.A.words735" starttime="2067.15" endtime="2067.25">though</w>
   <w nite:id="EN2006b.A.words736" starttime="2067.25" endtime="2067.25" punc="true">,</w>
   <w nite:id="EN2006b.A.words737" starttime="2067.25" endtime="2067.67">isn&#39;t</w>
   <w nite:id="EN2006b.A.words738" starttime="2067.67" endtime="2067.77">it</w>
   <w nite:id="EN2006b.A.words739" starttime="2067.77" endtime="2067.77" punc="true">.</w>
   <w nite:id="EN2006b.A.words740" starttime="2119.46" endtime="2119.82" trunc="true">Ye</w>
   <w nite:id="EN2006b.A.words741" starttime="2119.82" endtime="2119.93" trunc="true">ye</w>
   <gap nite:id="EN2006b.A.words742" starttime="2121.466" endtime="2121.466"/>
   <w nite:id="EN2006b.A.words743" starttime="2122.01" endtime="2122.1">the</w>
   <w nite:id="EN2006b.A.words744" starttime="2122.1" endtime="2122.28">N_</w>
   <w nite:id="EN2006b.A.words745" starttime="2122.28" endtime="2122.44">as</w>
   <w nite:id="EN2006b.A.words746" starttime="2122.44" endtime="2122.74">well</w>
   <w nite:id="EN2006b.A.words747" starttime="2122.74" endtime="2122.74" punc="true">.</w>
   <w nite:id="EN2006b.A.words748" starttime="2122.74" endtime="2123.04">Uh</w>
   <w nite:id="EN2006b.A.words749" starttime="2123.04" endtime="2123.53">yeah</w>
   <w nite:id="EN2006b.A.words750" starttime="2123.53" endtime="2123.53" punc="true">,</w>
   <vocalsound nite:id="EN2006b.A.words751" starttime="2143.072" endtime="2143.072" type="other"/>
   <w nite:id="EN2006b.A.words752" starttime="2143.21" endtime="2143.61">Right</w>
   <w nite:id="EN2006b.A.words753" starttime="2143.61" endtime="2143.61" punc="true">.</w>
   <w nite:id="EN2006b.A.words754" starttime="2175.92" endtime="2176.43">Yeah</w>
   <w nite:id="EN2006b.A.words755" starttime="2176.43" endtime="2176.43" punc="true">.</w>
   <gap nite:id="EN2006b.A.words756" starttime="2228.709" endtime="2228.8405"/>
   <disfmarker nite:id="EN2006b.A.words757" starttime="2228.8405" endtime="2228.972"/>
   <vocalsound nite:id="EN2006b.A.words758" starttime="2238.352" endtime="2238.352" type="other"/>
   <w nite:id="EN2006b.A.words759" starttime="2238.76" endtime="2240.55">Well</w>
   <w nite:id="EN2006b.A.words760" starttime="2240.55" endtime="2240.93">kind</w>
   <w nite:id="EN2006b.A.words761" starttime="2240.93" endtime="2241.08">of</w>
   <w nite:id="EN2006b.A.words762" starttime="2241.08" endtime="2241.08" punc="true">,</w>
   <w nite:id="EN2006b.A.words763" starttime="2241.08" endtime="2241.45">it</w>
   <disfmarker nite:id="EN2006b.A.words764" starttime="2241.45" endtime="2241.45"/>
   <w nite:id="EN2006b.A.words765" starttime="2241.45" endtime="2242.05">it&#39;s</w>
   <w nite:id="EN2006b.A.words766" starttime="2242.05" endtime="2242.39">uh</w>
   <w nite:id="EN2006b.A.words767" starttime="2242.39" endtime="2242.47">uh</w>
   <w nite:id="EN2006b.A.words768" starttime="2242.47" endtime="2242.51" trunc="true">d</w>
   <w nite:id="EN2006b.A.words769" starttime="2242.51" endtime="2242.57">if</w>
   <w nite:id="EN2006b.A.words770" starttime="2242.57" endtime="2242.66">you</w>
   <w nite:id="EN2006b.A.words771" starttime="2242.66" endtime="2242.84">had</w>
   <w nite:id="EN2006b.A.words772" starttime="2242.84" endtime="2242.93">a</w>
   <w nite:id="EN2006b.A.words773" starttime="2242.93" endtime="2243.74" trunc="true">s</w>
   <w nite:id="EN2006b.A.words774" starttime="2243.74" endtime="2243.87" trunc="true">sp</w>
   <w nite:id="EN2006b.A.words775" starttime="2243.87" endtime="2244.26">spectrum</w>
   <w nite:id="EN2006b.A.words776" starttime="2244.26" endtime="2244.26" punc="true">,</w>
   <w nite:id="EN2006b.A.words777" starttime="2244.26" endtime="2244.32">you</w>
   <w nite:id="EN2006b.A.words778" starttime="2244.32" endtime="2244.44">have</w>
   <w nite:id="EN2006b.A.words779" starttime="2244.44" endtime="2244.64">all</w>
   <w nite:id="EN2006b.A.words780" starttime="2244.64" endtime="2245.84">the</w>
   <w nite:id="EN2006b.A.words781" starttime="2245.84" endtime="2246.97" trunc="true">l</w>
   <w nite:id="EN2006b.A.words782" starttime="2246.97" endtime="2247.24">lines</w>
   <w nite:id="EN2006b.A.words783" starttime="2247.24" endtime="2247.3">of</w>
   <w nite:id="EN2006b.A.words784" starttime="2247.3" endtime="2247.52">actually</w>
   <w nite:id="EN2006b.A.words785" starttime="2247.52" endtime="2247.68">lots</w>
   <w nite:id="EN2006b.A.words786" starttime="2247.68" endtime="2247.75">of</w>
   <w nite:id="EN2006b.A.words787" starttime="2247.75" endtime="2248.6">different</w>
   <w nite:id="EN2006b.A.words788" starttime="2248.6" endtime="2249.58">elements</w>
   <w nite:id="EN2006b.A.words789" starttime="2249.58" endtime="2249.58" punc="true">,</w>
   <w nite:id="EN2006b.A.words790" starttime="2249.58" endtime="2250.2">and</w>
   <w nite:id="EN2006b.A.words791" starttime="2250.2" endtime="2250.28">you</w>
   <w nite:id="EN2006b.A.words792" starttime="2250.28" endtime="2250.44">have</w>
   <w nite:id="EN2006b.A.words793" starttime="2250.44" endtime="2250.53">to</w>
   <w nite:id="EN2006b.A.words794" starttime="2250.53" endtime="2250.76">work</w>
   <w nite:id="EN2006b.A.words795" starttime="2250.76" endtime="2250.89">out</w>
   <w nite:id="EN2006b.A.words796" starttime="2250.89" endtime="2252.25">at</w>
   <w nite:id="EN2006b.A.words797" starttime="2252.25" endtime="2252.48">all</w>
   <w nite:id="EN2006b.A.words798" starttime="2252.48" endtime="2252.57">the</w>
   <w nite:id="EN2006b.A.words799" starttime="2252.57" endtime="2252.95">ones</w>
   <w nite:id="EN2006b.A.words800" starttime="2252.95" endtime="2253.12" trunc="true">sp</w>
   <w nite:id="EN2006b.A.words801" starttime="2253.12" endtime="2253.28">which</w>
   <w nite:id="EN2006b.A.words802" starttime="2253.28" endtime="2253.36">are</w>
   <w nite:id="EN2006b.A.words803" starttime="2253.36" endtime="2253.63">ion</w>
   <w nite:id="EN2006b.A.words804" starttime="2253.63" endtime="2254.09">lines</w>
   <w nite:id="EN2006b.A.words805" starttime="2254.09" endtime="2254.09" punc="true">.</w>
   <w nite:id="EN2006b.A.words806" starttime="2254.09" endtime="2254.24">Then</w>
   <w nite:id="EN2006b.A.words807" starttime="2254.24" endtime="2254.54">after</w>
   <w nite:id="EN2006b.A.words808" starttime="2254.54" endtime="2254.82">that</w>
   <w nite:id="EN2006b.A.words809" starttime="2254.82" endtime="2254.94">you</w>
   <w nite:id="EN2006b.A.words810" starttime="2254.94" endtime="2255.15">look</w>
   <w nite:id="EN2006b.A.words811" starttime="2255.15" endtime="2255.29">and</w>
   <w nite:id="EN2006b.A.words812" starttime="2255.29" endtime="2256.26">say</w>
   <w nite:id="EN2006b.A.words813" starttime="2256.26" endtime="2257.29">um</w>
   <w nite:id="EN2006b.A.words814" starttime="2257.29" endtime="2258.29" trunc="true">ha</w>
   <w nite:id="EN2006b.A.words815" starttime="2258.29" endtime="2258.47">has</w>
   <w nite:id="EN2006b.A.words816" starttime="2258.47" endtime="2258.5">a</w>
   <w nite:id="EN2006b.A.words817" starttime="2258.5" endtime="2258.61">lot</w>
   <w nite:id="EN2006b.A.words818" starttime="2258.61" endtime="2258.67">of</w>
   <w nite:id="EN2006b.A.words819" starttime="2258.67" endtime="2258.92">ion</w>
   <w nite:id="EN2006b.A.words820" starttime="2258.92" endtime="2259.03">in</w>
   <w nite:id="EN2006b.A.words821" starttime="2259.03" endtime="2260.54">it</w>
   <w nite:id="EN2006b.A.words822" starttime="2260.54" endtime="2260.54" punc="true">.</w>
   <w nite:id="EN2006b.A.words823" starttime="2260.54" endtime="2261.08">Um</w>
   <disfmarker nite:id="EN2006b.A.words824" starttime="2261.08" endtime="2261.169"/>
   <w nite:id="EN2006b.A.words825" starttime="2263.72" endtime="2263.84">But</w>
   <w nite:id="EN2006b.A.words826" starttime="2263.84" endtime="2264.25" trunc="true">b</w>
   <w nite:id="EN2006b.A.words827" starttime="2264.25" endtime="2264.62">yeah</w>
   <w nite:id="EN2006b.A.words828" starttime="2264.62" endtime="2264.79" trunc="true">i</w>
   <w nite:id="EN2006b.A.words829" starttime="2267.19" endtime="2267.41">That&#39;s</w>
   <w nite:id="EN2006b.A.words830" starttime="2267.41" endtime="2267.66">right</w>
   <w nite:id="EN2006b.A.words831" starttime="2267.66" endtime="2267.66" punc="true">,</w>
   <w nite:id="EN2006b.A.words832" starttime="2267.66" endtime="2268.59">it&#39;s</w>
   <disfmarker nite:id="EN2006b.A.words833" starttime="2268.59" endtime="2268.59"/>
   <w nite:id="EN2006b.A.words834" starttime="2268.59" endtime="2269.37">it</w>
   <disfmarker nite:id="EN2006b.A.words835" starttime="2269.37" endtime="2269.37"/>
   <w nite:id="EN2006b.A.words836" starttime="2269.37" endtime="2269.72">yeah</w>
   <w nite:id="EN2006b.A.words837" starttime="2269.72" endtime="2269.72" punc="true">.</w>
   <w nite:id="EN2006b.A.words838" starttime="2271.86" endtime="2272.48">Yeah</w>
   <w nite:id="EN2006b.A.words839" starttime="2272.48" endtime="2272.48" punc="true">,</w>
   <w nite:id="EN2006b.A.words840" starttime="2272.48" endtime="2272.51">I</w>
   <w nite:id="EN2006b.A.words841" starttime="2272.51" endtime="2272.73">think</w>
   <w nite:id="EN2006b.A.words842" starttime="2272.73" endtime="2273.02">so</w>
   <w nite:id="EN2006b.A.words843" starttime="2273.02" endtime="2273.02" punc="true">.</w>
   <w nite:id="EN2006b.A.words844" starttime="2298.95" endtime="2299.26">Yeah</w>
   <w nite:id="EN2006b.A.words845" starttime="2299.26" endtime="2299.26" punc="true">,</w>
   <w nite:id="EN2006b.A.words846" starttime="2299.26" endtime="2299.34">I</w>
   <w nite:id="EN2006b.A.words847" starttime="2299.34" endtime="2299.6">think</w>
   <w nite:id="EN2006b.A.words848" starttime="2299.6" endtime="2300.02">so</w>
   <w nite:id="EN2006b.A.words849" starttime="2300.02" endtime="2300.02" punc="true">.</w>
   <w nite:id="EN2006b.A.words850" starttime="2302.69" endtime="2302.89">I</w>
   <w nite:id="EN2006b.A.words851" starttime="2302.89" endtime="2303.1">think</w>
   <w nite:id="EN2006b.A.words852" starttime="2303.1" endtime="2304.32">so</w>
   <w nite:id="EN2006b.A.words853" starttime="2304.32" endtime="2304.32" punc="true">.</w>
   <w nite:id="EN2006b.A.words854" starttime="2304.32" endtime="2304.72">Yeah</w>
   <w nite:id="EN2006b.A.words855" starttime="2304.72" endtime="2304.72" punc="true">.</w>
   <w nite:id="EN2006b.A.words856" starttime="2319.14" endtime="2320.08">Really</w>
   <w nite:id="EN2006b.A.words857" starttime="2320.08" endtime="2320.08" punc="true">?</w>
   <w nite:id="EN2006b.A.words858" starttime="2320.08" endtime="2320.72">Really</w>
   <w nite:id="EN2006b.A.words859" starttime="2320.72" endtime="2320.72" punc="true">?</w>
   <w nite:id="EN2006b.A.words860" starttime="2320.72" endtime="2320.89">You</w>
   <w nite:id="EN2006b.A.words861" starttime="2320.89" endtime="2321.2">think</w>
   <w nite:id="EN2006b.A.words862" starttime="2321.2" endtime="2321.2" punc="true">?</w>
   <gap nite:id="EN2006b.A.words863" starttime="2323.032" endtime="2323.238"/>
   <disfmarker nite:id="EN2006b.A.words864" starttime="2323.238" endtime="2323.444"/>
   <w nite:id="EN2006b.A.words865" starttime="2341.07" endtime="2341.54">Okay</w>
   <w nite:id="EN2006b.A.words866" starttime="2341.54" endtime="2341.54" punc="true">,</w>
   <w nite:id="EN2006b.A.words867" starttime="2341.54" endtime="2341.71">if</w>
   <w nite:id="EN2006b.A.words868" starttime="2341.71" endtime="2341.79">you</w>
   <w nite:id="EN2006b.A.words869" starttime="2341.79" endtime="2342.0">both</w>
   <w nite:id="EN2006b.A.words870" starttime="2342.0" endtime="2342.17">think</w>
   <w nite:id="EN2006b.A.words871" starttime="2342.17" endtime="2342.85">so</w>
   <w nite:id="EN2006b.A.words872" starttime="2342.85" endtime="2342.85" punc="true">.</w>
   <w nite:id="EN2006b.A.words873" starttime="2342.85" endtime="2343.25">Yeah</w>
   <w nite:id="EN2006b.A.words874" starttime="2343.25" endtime="2343.25" punc="true">.</w>
   <w nite:id="EN2006b.A.words875" starttime="2349.11" endtime="2349.66">Yeah</w>
   <w nite:id="EN2006b.A.words876" starttime="2349.66" endtime="2349.66" punc="true">.</w>
   <w nite:id="EN2006b.A.words877" starttime="2349.66" endtime="2350.19">Okay</w>
   <w nite:id="EN2006b.A.words878" starttime="2350.19" endtime="2350.19" punc="true">,</w>
   <w nite:id="EN2006b.A.words879" starttime="2350.19" endtime="2350.39">okay</w>
   <w nite:id="EN2006b.A.words880" starttime="2350.39" endtime="2350.39" punc="true">.</w>
   <w nite:id="EN2006b.A.words881" starttime="2387.18" endtime="2388.6">Yeah</w>
   <w nite:id="EN2006b.A.words882" starttime="2388.6" endtime="2388.6" punc="true">,</w>
   <w nite:id="EN2006b.A.words883" starttime="2388.6" endtime="2388.71">I</w>
   <w nite:id="EN2006b.A.words884" starttime="2388.71" endtime="2388.97">think</w>
   <w nite:id="EN2006b.A.words885" starttime="2388.97" endtime="2389.23">so</w>
   <w nite:id="EN2006b.A.words886" starttime="2389.23" endtime="2389.23" punc="true">.</w>
   <vocalsound nite:id="EN2006b.A.words887" starttime="2391.968" endtime="2391.968" type="other"/>
   <w nite:id="EN2006b.A.words888" starttime="2392.21" endtime="2392.55">Yeah</w>
   <w nite:id="EN2006b.A.words889" starttime="2392.55" endtime="2392.55" punc="true">.</w>
   <w nite:id="EN2006b.A.words890" starttime="2422.81" endtime="2422.98">Well</w>
   <w nite:id="EN2006b.A.words891" starttime="2422.98" endtime="2423.09">hang</w>
   <w nite:id="EN2006b.A.words892" starttime="2423.09" endtime="2423.22">on</w>
   <w nite:id="EN2006b.A.words893" starttime="2423.22" endtime="2423.41">though</w>
   <w nite:id="EN2006b.A.words894" starttime="2423.41" endtime="2423.41" punc="true">,</w>
   <w nite:id="EN2006b.A.words895" starttime="2423.41" endtime="2423.93">but</w>
   <w nite:id="EN2006b.A.words896" starttime="2423.93" endtime="2424.62">um</w>
   <disfmarker nite:id="EN2006b.A.words897" starttime="2424.62" endtime="2424.673"/>
   <w nite:id="EN2006b.A.words898" starttime="2429.13" endtime="2429.26">Is</w>
   <w nite:id="EN2006b.A.words899" starttime="2429.26" endtime="2429.35">it</w>
   <w nite:id="EN2006b.A.words900" starttime="2429.35" endtime="2429.98">just</w>
   <w nite:id="EN2006b.A.words901" starttime="2429.98" endtime="2431.36">um</w>
   <w nite:id="EN2006b.A.words902" starttime="2431.36" endtime="2431.46">to</w>
   <w nite:id="EN2006b.A.words903" starttime="2431.46" endtime="2432.8" trunc="true">s</w>
   <w nite:id="EN2006b.A.words904" starttime="2432.8" endtime="2433.3">scrub</w>
   <w nite:id="EN2006b.A.words905" starttime="2433.3" endtime="2433.43">your</w>
   <w nite:id="EN2006b.A.words906" starttime="2433.43" endtime="2433.97">mechanism</w>
   <w nite:id="EN2006b.A.words907" starttime="2433.97" endtime="2435.76">there</w>
   <w nite:id="EN2006b.A.words908" starttime="2435.76" endtime="2435.76" punc="true">?</w>
   <w nite:id="EN2006b.A.words909" starttime="2435.76" endtime="2435.87">It</w>
   <w nite:id="EN2006b.A.words910" starttime="2435.87" endtime="2436.22">isn&#39;t</w>
   <w nite:id="EN2006b.A.words911" starttime="2436.22" endtime="2436.88">uh</w>
   <w nite:id="EN2006b.A.words912" starttime="2436.88" endtime="2436.93">a</w>
   <w nite:id="EN2006b.A.words913" starttime="2436.93" endtime="2437.63">spectral</w>
   <w nite:id="EN2006b.A.words914" starttime="2437.63" endtime="2438.2">feature</w>
   <w nite:id="EN2006b.A.words915" starttime="2438.2" endtime="2438.59">such</w>
   <w nite:id="EN2006b.A.words916" starttime="2438.59" endtime="2439.71">as</w>
   <disfmarker nite:id="EN2006b.A.words917" starttime="2439.71" endtime="2439.71"/>
   <w nite:id="EN2006b.A.words918" starttime="2439.71" endtime="2439.8">oh</w>
   <w nite:id="EN2006b.A.words919" starttime="2439.8" endtime="2439.8" punc="true">,</w>
   <w nite:id="EN2006b.A.words920" starttime="2439.8" endtime="2439.91">it&#39;s</w>
   <w nite:id="EN2006b.A.words921" starttime="2439.91" endtime="2439.96">a</w>
   <w nite:id="EN2006b.A.words922" starttime="2439.96" endtime="2440.59">process</w>
   <w nite:id="EN2006b.A.words923" starttime="2440.59" endtime="2440.59" punc="true">.</w>
   <w nite:id="EN2006b.A.words924" starttime="2447.87" endtime="2448.2">Mm-hmm</w>
   <w nite:id="EN2006b.A.words925" starttime="2448.2" endtime="2448.2" punc="true">.</w>
   <w nite:id="EN2006b.A.words926" starttime="2455.32" endtime="2455.64">Mm-hmm</w>
   <w nite:id="EN2006b.A.words927" starttime="2455.64" endtime="2455.64" punc="true">.</w>
   <w nite:id="EN2006b.A.words928" starttime="2461.35" endtime="2461.42">I</w>
   <w nite:id="EN2006b.A.words929" starttime="2461.42" endtime="2461.55">think</w>
   <w nite:id="EN2006b.A.words930" starttime="2461.55" endtime="2461.64">it&#39;s</w>
   <w nite:id="EN2006b.A.words931" starttime="2461.64" endtime="2461.69">a</w>
   <w nite:id="EN2006b.A.words932" starttime="2461.69" endtime="2462.19">process</w>
   <w nite:id="EN2006b.A.words933" starttime="2462.19" endtime="2462.62">myself</w>
   <w nite:id="EN2006b.A.words934" starttime="2462.62" endtime="2462.62" punc="true">.</w>
   <w nite:id="EN2006b.A.words935" starttime="2546.13" endtime="2546.7">Yeah</w>
   <w nite:id="EN2006b.A.words936" starttime="2546.7" endtime="2546.7" punc="true">.</w>
   <w nite:id="EN2006b.A.words937" starttime="2546.7" endtime="2546.85">Well</w>
   <w nite:id="EN2006b.A.words938" starttime="2546.85" endtime="2546.99">that&#39;s</w>
   <w nite:id="EN2006b.A.words939" starttime="2546.99" endtime="2547.57">true</w>
   <w nite:id="EN2006b.A.words940" starttime="2547.57" endtime="2547.57" punc="true">.</w>
   <w nite:id="EN2006b.A.words941" starttime="2547.57" endtime="2547.68">That</w>
   <w nite:id="EN2006b.A.words942" starttime="2547.68" endtime="2547.77">is</w>
   <w nite:id="EN2006b.A.words943" starttime="2547.77" endtime="2548.09">true</w>
   <w nite:id="EN2006b.A.words944" starttime="2548.09" endtime="2548.09" punc="true">.</w>
   <w nite:id="EN2006b.A.words945" starttime="2550.17" endtime="2550.63">Yeah</w>
   <w nite:id="EN2006b.A.words946" starttime="2550.63" endtime="2550.63" punc="true">.</w>
   <w nite:id="EN2006b.A.words947" starttime="2552.76" endtime="2553.02">Yeah</w>
   <w nite:id="EN2006b.A.words948" starttime="2553.02" endtime="2553.02" punc="true">,</w>
   <w nite:id="EN2006b.A.words949" starttime="2553.02" endtime="2553.51">okay</w>
   <w nite:id="EN2006b.A.words950" starttime="2553.51" endtime="2553.51" punc="true">,</w>
   <w nite:id="EN2006b.A.words951" starttime="2553.51" endtime="2553.81">okay</w>
   <w nite:id="EN2006b.A.words952" starttime="2553.81" endtime="2553.81" punc="true">.</w>
   <w nite:id="EN2006b.A.words953" starttime="2608.02" endtime="2608.12">I</w>
   <w nite:id="EN2006b.A.words954" starttime="2608.12" endtime="2608.28">guess</w>
   <w nite:id="EN2006b.A.words955" starttime="2608.28" endtime="2608.58">keep</w>
   <w nite:id="EN2006b.A.words956" starttime="2608.58" endtime="2608.73">it</w>
   <w nite:id="EN2006b.A.words957" starttime="2608.73" endtime="2609.34">probably</w>
   <w nite:id="EN2006b.A.words958" starttime="2609.34" endtime="2609.34" punc="true">,</w>
   <w nite:id="EN2006b.A.words959" starttime="2609.34" endtime="2609.67">yeah</w>
   <w nite:id="EN2006b.A.words960" starttime="2609.67" endtime="2609.67" punc="true">.</w>
   <w nite:id="EN2006b.A.words961" starttime="2620.38" endtime="2620.45">No</w>
   <w nite:id="EN2006b.A.words962" starttime="2620.45" endtime="2620.45" punc="true">,</w>
   <w nite:id="EN2006b.A.words963" starttime="2620.45" endtime="2620.58">they&#39;ve</w>
   <w nite:id="EN2006b.A.words964" starttime="2620.58" endtime="2620.76">made</w>
   <w nite:id="EN2006b.A.words965" starttime="2620.76" endtime="2620.93">that</w>
   <w nite:id="EN2006b.A.words966" starttime="2620.93" endtime="2621.14">one</w>
   <w nite:id="EN2006b.A.words967" starttime="2621.14" endtime="2621.27">up</w>
   <w nite:id="EN2006b.A.words968" starttime="2621.27" endtime="2621.57">certainly</w>
   <w nite:id="EN2006b.A.words969" starttime="2621.57" endtime="2621.57" punc="true">.</w>
   <w nite:id="EN2006b.A.words970" starttime="2621.57" endtime="2621.66">I&#39;ve</w>
   <w nite:id="EN2006b.A.words971" starttime="2621.66" endtime="2621.9">never</w>
   <w nite:id="EN2006b.A.words972" starttime="2621.9" endtime="2622.06">heard</w>
   <w nite:id="EN2006b.A.words973" starttime="2622.06" endtime="2622.12">of</w>
   <w nite:id="EN2006b.A.words974" starttime="2622.12" endtime="2622.25">that</w>
   <w nite:id="EN2006b.A.words975" starttime="2622.25" endtime="2622.38">one</w>
   <w nite:id="EN2006b.A.words976" starttime="2622.38" endtime="2622.79">before</w>
   <w nite:id="EN2006b.A.words977" starttime="2622.79" endtime="2622.79" punc="true">.</w>
   <w nite:id="EN2006b.A.words978" starttime="2627.99" endtime="2628.44">No</w>
   <w nite:id="EN2006b.A.words979" starttime="2628.44" endtime="2628.44" punc="true">.</w>
   <w nite:id="EN2006b.A.words980" starttime="2655.84" endtime="2656.48">Yeah</w>
   <w nite:id="EN2006b.A.words981" starttime="2656.48" endtime="2656.48" punc="true">,</w>
   <w nite:id="EN2006b.A.words982" starttime="2656.48" endtime="2656.78">that&#39;s</w>
   <w nite:id="EN2006b.A.words983" starttime="2656.78" endtime="2658.15">right</w>
   <w nite:id="EN2006b.A.words984" starttime="2658.15" endtime="2658.15" punc="true">.</w>
   <w nite:id="EN2006b.A.words985" starttime="2658.15" endtime="2658.78">Yeah</w>
   <w nite:id="EN2006b.A.words986" starttime="2658.78" endtime="2658.78" punc="true">,</w>
   <w nite:id="EN2006b.A.words987" starttime="2658.78" endtime="2658.88">I</w>
   <w nite:id="EN2006b.A.words988" starttime="2658.88" endtime="2659.8">wouldn&#39;t</w>
   <w nite:id="EN2006b.A.words989" starttime="2659.8" endtime="2659.8" punc="true">,</w>
   <w nite:id="EN2006b.A.words990" starttime="2659.8" endtime="2660.14">yeah</w>
   <w nite:id="EN2006b.A.words991" starttime="2660.14" endtime="2660.14" punc="true">.</w>
   <w nite:id="EN2006b.A.words992" starttime="2693.54" endtime="2693.67">I</w>
   <w nite:id="EN2006b.A.words993" starttime="2693.67" endtime="2693.81">think</w>
   <w nite:id="EN2006b.A.words994" starttime="2693.81" endtime="2693.87">all</w>
   <w nite:id="EN2006b.A.words995" starttime="2693.87" endtime="2693.96">of</w>
   <w nite:id="EN2006b.A.words996" starttime="2693.96" endtime="2694.09">that</w>
   <w nite:id="EN2006b.A.words997" starttime="2694.09" endtime="2694.37">goes</w>
   <w nite:id="EN2006b.A.words998" starttime="2694.37" endtime="2694.51">then</w>
   <w nite:id="EN2006b.A.words999" starttime="2694.51" endtime="2694.51" punc="true">,</w>
   <w nite:id="EN2006b.A.words1000" starttime="2694.51" endtime="2694.76">doesn&#39;t</w>
   <w nite:id="EN2006b.A.words1001" starttime="2694.76" endtime="2694.86">it</w>
   <w nite:id="EN2006b.A.words1002" starttime="2694.86" endtime="2694.86" punc="true">?</w>
   <w nite:id="EN2006b.A.words1003" starttime="2700.97" endtime="2702.4">Surely</w>
   <w nite:id="EN2006b.A.words1004" starttime="2702.4" endtime="2702.4" punc="true">.</w>
   <w nite:id="EN2006b.A.words1005" starttime="2702.4" endtime="2702.79">No</w>
   <w nite:id="EN2006b.A.words1006" starttime="2702.79" endtime="2702.79" punc="true">.</w>
   <w nite:id="EN2006b.A.words1007" starttime="2709.38" endtime="2709.52">No</w>
   <w nite:id="EN2006b.A.words1008" starttime="2709.52" endtime="2709.52" punc="true">,</w>
   <w nite:id="EN2006b.A.words1009" starttime="2709.52" endtime="2709.55">I</w>
   <w nite:id="EN2006b.A.words1010" starttime="2709.55" endtime="2709.67">don&#39;t</w>
   <w nite:id="EN2006b.A.words1011" starttime="2709.67" endtime="2709.82">think</w>
   <w nite:id="EN2006b.A.words1012" starttime="2709.82" endtime="2710.15">anybody</w>
   <w nite:id="EN2006b.A.words1013" starttime="2710.15" endtime="2710.35">goes</w>
   <w nite:id="EN2006b.A.words1014" starttime="2710.35" endtime="2710.35" punc="true">.</w>
   <w nite:id="EN2006b.A.words1015" starttime="2711.83" endtime="2712.1">Yeah</w>
   <w nite:id="EN2006b.A.words1016" starttime="2712.1" endtime="2712.1" punc="true">.</w>
   <w nite:id="EN2006b.A.words1017" starttime="2748.54" endtime="2748.91">Mm</w>
   <w nite:id="EN2006b.A.words1018" starttime="2748.91" endtime="2749.29">no</w>
   <w nite:id="EN2006b.A.words1019" starttime="2749.29" endtime="2749.29" punc="true">.</w>
   <w nite:id="EN2006b.A.words1020" starttime="2777.38" endtime="2777.54">It&#39;s</w>
   <w nite:id="EN2006b.A.words1021" starttime="2777.54" endtime="2777.62">an</w>
   <w nite:id="EN2006b.A.words1022" starttime="2777.62" endtime="2778.47">instrument</w>
   <w nite:id="EN2006b.A.words1023" starttime="2778.47" endtime="2778.47" punc="true">,</w>
   <w nite:id="EN2006b.A.words1024" starttime="2778.47" endtime="2778.77">yeah</w>
   <w nite:id="EN2006b.A.words1025" starttime="2778.77" endtime="2778.77" punc="true">.</w>
   <w nite:id="EN2006b.A.words1026" starttime="2874.79" endtime="2875.19">Yeah</w>
   <w nite:id="EN2006b.A.words1027" starttime="2875.19" endtime="2875.19" punc="true">,</w>
   <w nite:id="EN2006b.A.words1028" starttime="2875.19" endtime="2875.4">that&#39;s</w>
   <w nite:id="EN2006b.A.words1029" starttime="2875.4" endtime="2875.65">right</w>
   <w nite:id="EN2006b.A.words1030" starttime="2875.65" endtime="2875.65" punc="true">.</w>
   <w nite:id="EN2006b.A.words1031" starttime="2955.23" endtime="2955.36">That&#39;s</w>
   <w nite:id="EN2006b.A.words1032" starttime="2955.36" endtime="2955.91">it</w>
   <w nite:id="EN2006b.A.words1033" starttime="2955.91" endtime="2955.91" punc="true">.</w>
   <w nite:id="EN2006b.A.words1034" starttime="2955.91" endtime="2956.66">Hurray</w>
   <w nite:id="EN2006b.A.words1035" starttime="2956.66" endtime="2956.66" punc="true">.</w>
   <w nite:id="EN2006b.A.words1036" starttime="2963.01" endtime="2963.3">Well</w>
   <w nite:id="EN2006b.A.words1037" starttime="2963.3" endtime="2963.3" punc="true">,</w>
   <w nite:id="EN2006b.A.words1038" starttime="2963.3" endtime="2963.47">very</w>
   <w nite:id="EN2006b.A.words1039" starttime="2963.47" endtime="2963.61">good</w>
   <w nite:id="EN2006b.A.words1040" starttime="2963.61" endtime="2963.61" punc="true">.</w>
   <vocalsound nite:id="EN2006b.A.words1041" starttime="2971.133" endtime="2971.133" type="other"/>
   <w nite:id="EN2006b.A.words1042" starttime="2971.45" endtime="2972.38">Yeah</w>
   <w nite:id="EN2006b.A.words1043" starttime="2972.38" endtime="2972.38" punc="true">.</w>
   <w nite:id="EN2006b.A.words1044" starttime="2972.38" endtime="2972.61">Yeah</w>
   <w nite:id="EN2006b.A.words1045" starttime="2972.61" endtime="2972.61" punc="true">.</w>
   <vocalsound nite:id="EN2006b.A.words1046" starttime="2978.163" endtime="2979.551" type="laugh"/>
   <vocalsound nite:id="EN2006b.A.words1047" starttime="2986.555" endtime="2986.555" type="other"/>
   <w nite:id="EN2006b.A.words1048" starttime="2986.93" endtime="2987.03">I</w>
   <w nite:id="EN2006b.A.words1049" starttime="2987.03" endtime="2987.3">think</w>
   <w nite:id="EN2006b.A.words1050" starttime="2987.3" endtime="2987.51">that&#39;s</w>
   <w nite:id="EN2006b.A.words1051" starttime="2987.51" endtime="2987.66">it</w>
   <w nite:id="EN2006b.A.words1052" starttime="2987.66" endtime="2987.66" punc="true">,</w>
   <w nite:id="EN2006b.A.words1053" starttime="2987.66" endtime="2988.37">isn&#39;t</w>
   <w nite:id="EN2006b.A.words1054" starttime="2988.37" endtime="2988.76">it</w>
   <w nite:id="EN2006b.A.words1055" starttime="2988.76" endtime="2988.76" punc="true">?</w>
   <w nite:id="EN2006b.A.words1056" starttime="2988.76" endtime="2988.85">We&#39;re</w>
   <w nite:id="EN2006b.A.words1057" starttime="2988.85" endtime="2989.87">done</w>
   <w nite:id="EN2006b.A.words1058" starttime="2989.87" endtime="2989.87" punc="true">?</w>
   <w nite:id="EN2006b.A.words1059" starttime="2989.87" endtime="2990.04">Right</w>
   <w nite:id="EN2006b.A.words1060" starttime="2990.04" endtime="2990.04" punc="true">.</w>
</nite:root>