<?xml version="1.0" encoding="ISO-8859-1" standalone="yes"?>
<nite:root nite:id="EN2006b.D.words" xmlns:nite="http://nite.sourceforge.net/">
   <w nite:id="EN2006b.D.words0" starttime="7.05" endtime="7.45">Cheers</w>
   <w nite:id="EN2006b.D.words1" starttime="7.45" endtime="7.45" punc="true">.</w>
   <w nite:id="EN2006b.D.words2" starttime="15.02" endtime="15.11">It</w>
   <w nite:id="EN2006b.D.words3" starttime="15.11" endtime="15.22">should</w>
   <w nite:id="EN2006b.D.words4" starttime="15.22" endtime="15.31">be</w>
   <w nite:id="EN2006b.D.words5" starttime="15.31" endtime="15.5">this</w>
   <w nite:id="EN2006b.D.words6" starttime="15.5" endtime="16.02">one</w>
   <w nite:id="EN2006b.D.words7" starttime="16.02" endtime="16.19">here</w>
   <w nite:id="EN2006b.D.words8" starttime="16.19" endtime="16.19" punc="true">.</w>
   <w nite:id="EN2006b.D.words9" starttime="46.23" endtime="46.35">Do</w>
   <w nite:id="EN2006b.D.words10" starttime="46.35" endtime="46.43">you</w>
   <w nite:id="EN2006b.D.words11" starttime="46.43" endtime="46.63">reckon</w>
   <w nite:id="EN2006b.D.words12" starttime="46.63" endtime="46.72">this</w>
   <w nite:id="EN2006b.D.words13" starttime="46.72" endtime="46.94">stands</w>
   <w nite:id="EN2006b.D.words14" starttime="46.94" endtime="47.07">for</w>
   <w nite:id="EN2006b.D.words15" starttime="47.07" endtime="47.49">lambda</w>
   <w nite:id="EN2006b.D.words16" starttime="47.49" endtime="48.13">or</w>
   <disfmarker nite:id="EN2006b.D.words17" starttime="48.13" endtime="48.13"/>
   <w nite:id="EN2006b.D.words18" starttime="48.13" endtime="48.44">yeah</w>
   <w nite:id="EN2006b.D.words19" starttime="48.44" endtime="48.44" punc="true">,</w>
   <w nite:id="EN2006b.D.words20" starttime="48.44" endtime="48.71">okay</w>
   <w nite:id="EN2006b.D.words21" starttime="48.71" endtime="48.71" punc="true">.</w>
   <vocalsound nite:id="EN2006b.D.words22" starttime="177.820" endtime="181.211" type="laugh"/>
   <w nite:id="EN2006b.D.words23" starttime="188.68" endtime="188.72">I</w>
   <w nite:id="EN2006b.D.words24" starttime="188.72" endtime="188.99">forgot</w>
   <w nite:id="EN2006b.D.words25" starttime="188.99" endtime="189.11">to</w>
   <w nite:id="EN2006b.D.words26" starttime="189.11" endtime="189.29">keep</w>
   <w nite:id="EN2006b.D.words27" starttime="189.29" endtime="189.5">track</w>
   <w nite:id="EN2006b.D.words28" starttime="189.5" endtime="189.61">of</w>
   <w nite:id="EN2006b.D.words29" starttime="189.61" endtime="189.69">the</w>
   <w nite:id="EN2006b.D.words30" starttime="189.69" endtime="190.02">overall</w>
   <w nite:id="EN2006b.D.words31" starttime="190.02" endtime="190.34">score</w>
   <w nite:id="EN2006b.D.words32" starttime="190.34" endtime="190.34" punc="true">,</w>
   <w nite:id="EN2006b.D.words33" starttime="190.34" endtime="190.48">like</w>
   <w nite:id="EN2006b.D.words34" starttime="190.48" endtime="190.68">who</w>
   <w nite:id="EN2006b.D.words35" starttime="190.68" endtime="190.87">wins</w>
   <w nite:id="EN2006b.D.words36" starttime="190.87" endtime="191.0">and</w>
   <w nite:id="EN2006b.D.words37" starttime="191.0" endtime="191.07">who</w>
   <w nite:id="EN2006b.D.words38" starttime="191.07" endtime="195.97">lose</w>
   <w nite:id="EN2006b.D.words39" starttime="195.97" endtime="195.97" punc="true">.</w>
   <vocalsound nite:id="EN2006b.D.words40" starttime="195.97" endtime="196.368" type="laugh"/>
   <w nite:id="EN2006b.D.words41" starttime="428.86" endtime="429.14">Mm-hmm</w>
   <w nite:id="EN2006b.D.words42" starttime="429.14" endtime="429.14" punc="true">.</w>
   <vocalsound nite:id="EN2006b.D.words43" starttime="441.984" endtime="441.984" type="other"/>
   <w nite:id="EN2006b.D.words44" starttime="442.35" endtime="443.07">Well</w>
   <w nite:id="EN2006b.D.words45" starttime="443.07" endtime="443.07" punc="true">,</w>
   <w nite:id="EN2006b.D.words46" starttime="443.07" endtime="443.37" trunc="true">w</w>
   <w nite:id="EN2006b.D.words47" starttime="443.37" endtime="443.69">within</w>
   <w nite:id="EN2006b.D.words48" starttime="443.69" endtime="443.81">the</w>
   <w nite:id="EN2006b.D.words49" starttime="443.81" endtime="444.17">sentence</w>
   <w nite:id="EN2006b.D.words50" starttime="444.17" endtime="444.32">that</w>
   <w nite:id="EN2006b.D.words51" starttime="444.32" endtime="444.39">you</w>
   <w nite:id="EN2006b.D.words52" starttime="444.39" endtime="444.57">sort</w>
   <w nite:id="EN2006b.D.words53" starttime="444.57" endtime="444.66">of</w>
   <w nite:id="EN2006b.D.words54" starttime="444.66" endtime="444.97">currently</w>
   <w nite:id="EN2006b.D.words55" starttime="444.97" endtime="445.26">looking</w>
   <w nite:id="EN2006b.D.words56" starttime="445.26" endtime="445.51">at</w>
   <w nite:id="EN2006b.D.words57" starttime="445.51" endtime="446.04">um</w>
   <gap nite:id="EN2006b.D.words58" starttime="446.04" endtime="446.04"/>
   <disfmarker nite:id="EN2006b.D.words59" starttime="446.04" endtime="446.04"/>
   <w nite:id="EN2006b.D.words60" starttime="446.04" endtime="446.32">feel</w>
   <w nite:id="EN2006b.D.words61" starttime="446.32" endtime="446.52">free</w>
   <w nite:id="EN2006b.D.words62" starttime="446.52" endtime="446.87">to</w>
   <w nite:id="EN2006b.D.words63" starttime="446.87" endtime="447.23">correct</w>
   <w nite:id="EN2006b.D.words64" starttime="447.23" endtime="447.37">it</w>
   <w nite:id="EN2006b.D.words65" starttime="447.37" endtime="447.53">that</w>
   <w nite:id="EN2006b.D.words66" starttime="447.53" endtime="447.7">way</w>
   <w nite:id="EN2006b.D.words67" starttime="447.7" endtime="447.91">that</w>
   <w nite:id="EN2006b.D.words68" starttime="447.91" endtime="448.63">you&#39;ll</w>
   <disfmarker nite:id="EN2006b.D.words69" starttime="448.63" endtime="448.63"/>
   <w nite:id="EN2006b.D.words70" starttime="448.63" endtime="448.69">do</w>
   <w nite:id="EN2006b.D.words71" starttime="448.69" endtime="448.77">you</w>
   <w nite:id="EN2006b.D.words72" starttime="448.77" endtime="448.83">know</w>
   <w nite:id="EN2006b.D.words73" starttime="448.83" endtime="448.95">like</w>
   <w nite:id="EN2006b.D.words74" starttime="448.95" endtime="449.18">it&#39;s</w>
   <w nite:id="EN2006b.D.words75" starttime="449.18" endtime="449.34">not</w>
   <w nite:id="EN2006b.D.words76" starttime="449.34" endtime="449.59">only</w>
   <w nite:id="EN2006b.D.words77" starttime="449.59" endtime="449.81">about</w>
   <w nite:id="EN2006b.D.words78" starttime="449.81" endtime="450.19">resolution</w>
   <w nite:id="EN2006b.D.words79" starttime="450.19" endtime="450.28">but</w>
   <w nite:id="EN2006b.D.words80" starttime="450.28" endtime="450.37">it&#39;s</w>
   <w nite:id="EN2006b.D.words81" starttime="450.37" endtime="450.52">sort</w>
   <w nite:id="EN2006b.D.words82" starttime="450.52" endtime="450.58">of</w>
   <w nite:id="EN2006b.D.words83" starttime="450.58" endtime="451.33">like</w>
   <w nite:id="EN2006b.D.words84" starttime="451.33" endtime="451.64">coming</w>
   <w nite:id="EN2006b.D.words85" starttime="451.64" endtime="451.78">up</w>
   <w nite:id="EN2006b.D.words86" starttime="451.78" endtime="451.93">with</w>
   <w nite:id="EN2006b.D.words87" starttime="451.93" endtime="451.99">a</w>
   <w nite:id="EN2006b.D.words88" starttime="451.99" endtime="452.39">corrected</w>
   <w nite:id="EN2006b.D.words89" starttime="452.39" endtime="453.35">version</w>
   <w nite:id="EN2006b.D.words90" starttime="453.35" endtime="453.63">based</w>
   <w nite:id="EN2006b.D.words91" starttime="453.63" endtime="453.75">on</w>
   <w nite:id="EN2006b.D.words92" starttime="453.75" endtime="454.43">these</w>
   <gap nite:id="EN2006b.D.words93" starttime="454.43" endtime="454.43"/>
   <w nite:id="EN2006b.D.words94" starttime="454.43" endtime="454.43" punc="true">,</w>
   <w nite:id="EN2006b.D.words95" starttime="454.43" endtime="454.63">yeah</w>
   <w nite:id="EN2006b.D.words96" starttime="454.63" endtime="454.63" punc="true">.</w>
   <w nite:id="EN2006b.D.words97" starttime="458.42" endtime="458.57">Have</w>
   <w nite:id="EN2006b.D.words98" starttime="458.57" endtime="459.33">you</w>
   <disfmarker nite:id="EN2006b.D.words99" starttime="459.33" endtime="459.33"/>
   <w nite:id="EN2006b.D.words100" starttime="459.33" endtime="459.45">do</w>
   <disfmarker nite:id="EN2006b.D.words101" starttime="459.45" endtime="459.45"/>
   <w nite:id="EN2006b.D.words102" starttime="459.45" endtime="459.62">you&#39;ve</w>
   <w nite:id="EN2006b.D.words103" starttime="459.62" endtime="459.77">seen</w>
   <w nite:id="EN2006b.D.words104" starttime="459.77" endtime="459.95">that</w>
   <w nite:id="EN2006b.D.words105" starttime="459.95" endtime="460.08">there</w>
   <w nite:id="EN2006b.D.words106" starttime="460.08" endtime="460.16">are</w>
   <disfmarker nite:id="EN2006b.D.words107" starttime="460.16" endtime="460.16"/>
   <w nite:id="EN2006b.D.words108" starttime="460.16" endtime="460.28">the</w>
   <w nite:id="EN2006b.D.words109" starttime="460.28" endtime="460.43">other</w>
   <w nite:id="EN2006b.D.words110" starttime="460.43" endtime="460.56">one</w>
   <w nite:id="EN2006b.D.words111" starttime="460.56" endtime="460.69">there</w>
   <w nite:id="EN2006b.D.words112" starttime="460.69" endtime="460.69" punc="true">,</w>
   <w nite:id="EN2006b.D.words113" starttime="460.69" endtime="460.79">the</w>
   <w nite:id="EN2006b.D.words114" starttime="460.79" endtime="461.19">quasar</w>
   <w nite:id="EN2006b.D.words115" starttime="461.19" endtime="461.19" punc="true">,</w>
   <w nite:id="EN2006b.D.words116" starttime="461.19" endtime="461.39">right</w>
   <w nite:id="EN2006b.D.words117" starttime="461.39" endtime="461.39" punc="true">?</w>
   <w nite:id="EN2006b.D.words118" starttime="461.39" endtime="461.56">The</w>
   <w nite:id="EN2006b.D.words119" starttime="461.56" endtime="462.39">uh</w>
   <disfmarker nite:id="EN2006b.D.words120" starttime="462.39" endtime="462.39"/>
   <w nite:id="EN2006b.D.words121" starttime="462.39" endtime="462.56">right</w>
   <w nite:id="EN2006b.D.words122" starttime="462.56" endtime="462.56" punc="true">,</w>
   <w nite:id="EN2006b.D.words123" starttime="462.56" endtime="462.84">sorry</w>
   <w nite:id="EN2006b.D.words124" starttime="462.84" endtime="462.84" punc="true">.</w>
   <w nite:id="EN2006b.D.words125" starttime="557.4" endtime="557.63">Mm-hmm</w>
   <w nite:id="EN2006b.D.words126" starttime="557.63" endtime="557.63" punc="true">.</w>
   <w nite:id="EN2006b.D.words127" starttime="723.66" endtime="724.16">Oops</w>
   <w nite:id="EN2006b.D.words128" starttime="724.16" endtime="724.16" punc="true">,</w>
   <w nite:id="EN2006b.D.words129" starttime="724.16" endtime="724.41">no</w>
   <w nite:id="EN2006b.D.words130" starttime="724.41" endtime="724.41" punc="true">.</w>
   <w nite:id="EN2006b.D.words131" starttime="746.64" endtime="746.79">Or</w>
   <w nite:id="EN2006b.D.words132" starttime="746.79" endtime="747.01" trunc="true">actu</w>
   <w nite:id="EN2006b.D.words133" starttime="747.01" endtime="747.24">actually</w>
   <w nite:id="EN2006b.D.words134" starttime="747.24" endtime="747.45">sorry</w>
   <w nite:id="EN2006b.D.words135" starttime="747.45" endtime="747.45" punc="true">,</w>
   <w nite:id="EN2006b.D.words136" starttime="747.45" endtime="747.5">I</w>
   <w nite:id="EN2006b.D.words137" starttime="747.5" endtime="747.8">think</w>
   <w nite:id="EN2006b.D.words138" starttime="747.8" endtime="748.01">um</w>
   <w nite:id="EN2006b.D.words139" starttime="748.01" endtime="748.36">the</w>
   <w nite:id="EN2006b.D.words140" starttime="748.36" endtime="748.88">um</w>
   <w nite:id="EN2006b.D.words141" starttime="748.88" endtime="749.06">this</w>
   <w nite:id="EN2006b.D.words142" starttime="749.06" endtime="749.25">cut</w>
   <w nite:id="EN2006b.D.words143" starttime="749.25" endtime="749.74">up</w>
   <w nite:id="EN2006b.D.words144" starttime="749.74" endtime="750.17">page</w>
   <w nite:id="EN2006b.D.words145" starttime="750.17" endtime="750.58">continues</w>
   <w nite:id="EN2006b.D.words146" starttime="750.58" endtime="750.67">in</w>
   <w nite:id="EN2006b.D.words147" starttime="750.67" endtime="750.78">the</w>
   <w nite:id="EN2006b.D.words148" starttime="750.78" endtime="752.41">next</w>
   <w nite:id="EN2006b.D.words149" starttime="752.41" endtime="754.12">side</w>
   <w nite:id="EN2006b.D.words150" starttime="754.12" endtime="754.12" punc="true">.</w>
   <w nite:id="EN2006b.D.words151" starttime="754.12" endtime="754.96">Yeah</w>
   <w nite:id="EN2006b.D.words152" starttime="754.96" endtime="754.96" punc="true">.</w>
   <w nite:id="EN2006b.D.words153" starttime="754.96" endtime="755.8">Characterised</w>
   <w nite:id="EN2006b.D.words154" starttime="755.8" endtime="756.02">by</w>
   <w nite:id="EN2006b.D.words155" starttime="756.02" endtime="756.79">unusually</w>
   <disfmarker nite:id="EN2006b.D.words156" starttime="756.79" endtime="756.856"/>
   <w nite:id="EN2006b.D.words157" starttime="759.58" endtime="759.84">No</w>
   <w nite:id="EN2006b.D.words158" starttime="759.84" endtime="759.84" punc="true">,</w>
   <w nite:id="EN2006b.D.words159" starttime="759.84" endtime="759.97">is</w>
   <w nite:id="EN2006b.D.words160" starttime="759.97" endtime="760.08">it</w>
   <w nite:id="EN2006b.D.words161" starttime="760.08" endtime="760.08" punc="true">?</w>
   <w nite:id="EN2006b.D.words162" starttime="771.46" endtime="771.89">Hmm</w>
   <w nite:id="EN2006b.D.words163" starttime="771.89" endtime="771.89" punc="true">.</w>
   <w nite:id="EN2006b.D.words164" starttime="775.12" endtime="775.3">Yeah</w>
   <w nite:id="EN2006b.D.words165" starttime="775.3" endtime="775.3" punc="true">.</w>
   <w nite:id="EN2006b.D.words166" starttime="792.26" endtime="792.4">And</w>
   <w nite:id="EN2006b.D.words167" starttime="792.4" endtime="792.58">give</w>
   <w nite:id="EN2006b.D.words168" starttime="792.58" endtime="792.66">it</w>
   <w nite:id="EN2006b.D.words169" starttime="792.66" endtime="792.77">an</w>
   <w nite:id="EN2006b.D.words170" starttime="792.77" endtime="793.36">acronym</w>
   <w nite:id="EN2006b.D.words171" starttime="793.36" endtime="793.36" punc="true">.</w>
   <w nite:id="EN2006b.D.words172" starttime="793.36" endtime="794.57">G_B_H_C_</w>
   <w nite:id="EN2006b.D.words173" starttime="794.57" endtime="794.57" punc="true">,</w>
   <w nite:id="EN2006b.D.words174" starttime="794.57" endtime="795.96">ooh</w>
   <w nite:id="EN2006b.D.words175" starttime="795.96" endtime="795.96" punc="true">.</w>
   <vocalsound nite:id="EN2006b.D.words176" starttime="795.96" endtime="796.16" type="laugh"/>
   <gap nite:id="EN2006b.D.words177" starttime="893.83" endtime="893.83"/>
   <w nite:id="EN2006b.D.words178" starttime="894.0" endtime="894.16">get</w>
   <w nite:id="EN2006b.D.words179" starttime="894.16" endtime="894.31">this</w>
   <w nite:id="EN2006b.D.words180" starttime="894.31" endtime="894.43">out</w>
   <w nite:id="EN2006b.D.words181" starttime="894.43" endtime="894.5">of</w>
   <w nite:id="EN2006b.D.words182" starttime="894.5" endtime="894.58">the</w>
   <w nite:id="EN2006b.D.words183" starttime="894.58" endtime="894.89">way</w>
   <w nite:id="EN2006b.D.words184" starttime="894.89" endtime="894.89" punc="true">.</w>
   <vocalsound nite:id="EN2006b.D.words185" starttime="1022.736" endtime="1023.072" type="other"/>
   <w nite:id="EN2006b.D.words186" starttime="1025.37" endtime="1025.76">Hmm</w>
   <w nite:id="EN2006b.D.words187" starttime="1025.76" endtime="1025.76" punc="true">.</w>
   <w nite:id="EN2006b.D.words188" starttime="1027.0" endtime="1027.43">Mm-hmm</w>
   <w nite:id="EN2006b.D.words189" starttime="1027.43" endtime="1027.43" punc="true">.</w>
   <w nite:id="EN2006b.D.words190" starttime="1154.04" endtime="1154.32">Wait</w>
   <w nite:id="EN2006b.D.words191" starttime="1154.32" endtime="1154.32" punc="true">,</w>
   <w nite:id="EN2006b.D.words192" starttime="1154.32" endtime="1154.6" trunc="true">fr</w>
   <w nite:id="EN2006b.D.words193" starttime="1154.6" endtime="1154.8">from</w>
   <w nite:id="EN2006b.D.words194" starttime="1154.8" endtime="1154.87">the</w>
   <w nite:id="EN2006b.D.words195" starttime="1154.87" endtime="1155.27">linguistic</w>
   <w nite:id="EN2006b.D.words196" starttime="1155.27" endtime="1155.6">side</w>
   <w nite:id="EN2006b.D.words197" starttime="1155.6" endtime="1155.6" punc="true">,</w>
   <w nite:id="EN2006b.D.words198" starttime="1155.6" endtime="1155.74">if</w>
   <w nite:id="EN2006b.D.words199" starttime="1155.74" endtime="1155.87">you</w>
   <w nite:id="EN2006b.D.words200" starttime="1155.87" endtime="1156.01">if</w>
   <w nite:id="EN2006b.D.words201" starttime="1156.01" endtime="1156.1">you</w>
   <w nite:id="EN2006b.D.words202" starttime="1156.1" endtime="1156.53">mark</w>
   <w nite:id="EN2006b.D.words203" starttime="1156.53" endtime="1156.86">star</w>
   <w nite:id="EN2006b.D.words204" starttime="1156.86" endtime="1157.08">burst</w>
   <w nite:id="EN2006b.D.words205" starttime="1157.08" endtime="1157.37">before</w>
   <w nite:id="EN2006b.D.words206" starttime="1157.37" endtime="1157.46">and</w>
   <w nite:id="EN2006b.D.words207" starttime="1157.46" endtime="1157.58">if</w>
   <w nite:id="EN2006b.D.words208" starttime="1157.58" endtime="1157.65">you</w>
   <w nite:id="EN2006b.D.words209" starttime="1157.65" endtime="1157.83">feel</w>
   <w nite:id="EN2006b.D.words210" starttime="1157.83" endtime="1157.99">that</w>
   <w nite:id="EN2006b.D.words211" starttime="1157.99" endtime="1158.26">star</w>
   <w nite:id="EN2006b.D.words212" starttime="1158.26" endtime="1158.53">bursts</w>
   <w nite:id="EN2006b.D.words213" starttime="1158.53" endtime="1158.69">are</w>
   <w nite:id="EN2006b.D.words214" starttime="1158.69" endtime="1158.92">like</w>
   <w nite:id="EN2006b.D.words215" starttime="1158.92" endtime="1159.93">objects</w>
   <w nite:id="EN2006b.D.words216" starttime="1159.93" endtime="1159.93" punc="true">,</w>
   <w nite:id="EN2006b.D.words217" starttime="1159.93" endtime="1160.1">then</w>
   <w nite:id="EN2006b.D.words218" starttime="1160.1" endtime="1160.14">I</w>
   <w nite:id="EN2006b.D.words219" starttime="1160.14" endtime="1160.42">think</w>
   <w nite:id="EN2006b.D.words220" starttime="1160.42" endtime="1160.54">it</w>
   <w nite:id="EN2006b.D.words221" starttime="1160.54" endtime="1160.7" trunc="true">sh</w>
   <w nite:id="EN2006b.D.words222" starttime="1160.7" endtime="1160.8">it</w>
   <w nite:id="EN2006b.D.words223" starttime="1160.8" endtime="1160.98">should</w>
   <w nite:id="EN2006b.D.words224" starttime="1160.98" endtime="1161.41">stay</w>
   <w nite:id="EN2006b.D.words225" starttime="1161.41" endtime="1161.62">in</w>
   <w nite:id="EN2006b.D.words226" starttime="1161.62" endtime="1161.71">in</w>
   <w nite:id="EN2006b.D.words227" starttime="1161.71" endtime="1161.87">this</w>
   <w nite:id="EN2006b.D.words228" starttime="1161.87" endtime="1162.07">case</w>
   <w nite:id="EN2006b.D.words229" starttime="1162.07" endtime="1162.07" punc="true">,</w>
   <w nite:id="EN2006b.D.words230" starttime="1162.07" endtime="1162.24">even</w>
   <w nite:id="EN2006b.D.words231" starttime="1162.24" endtime="1162.36">though</w>
   <w nite:id="EN2006b.D.words232" starttime="1162.36" endtime="1162.49">it&#39;s</w>
   <w nite:id="EN2006b.D.words233" starttime="1162.49" endtime="1163.0">modified</w>
   <w nite:id="EN2006b.D.words234" starttime="1163.0" endtime="1163.08">by</w>
   <w nite:id="EN2006b.D.words235" starttime="1163.08" endtime="1163.64">activity</w>
   <w nite:id="EN2006b.D.words236" starttime="1163.64" endtime="1163.64" punc="true">,</w>
   <w nite:id="EN2006b.D.words237" starttime="1163.64" endtime="1163.89">or</w>
   <w nite:id="EN2006b.D.words238" starttime="1163.89" endtime="1164.04">it&#39;s</w>
   <w nite:id="EN2006b.D.words239" starttime="1164.04" endtime="1164.29">it&#39;s</w>
   <w nite:id="EN2006b.D.words240" starttime="1164.29" endtime="1164.46" trunc="true">m</w>
   <w nite:id="EN2006b.D.words241" starttime="1164.46" endtime="1164.99">modifying</w>
   <w nite:id="EN2006b.D.words242" starttime="1164.99" endtime="1165.39">activity</w>
   <w nite:id="EN2006b.D.words243" starttime="1165.39" endtime="1165.66">actually</w>
   <w nite:id="EN2006b.D.words244" starttime="1165.66" endtime="1165.66" punc="true">.</w>
   <w nite:id="EN2006b.D.words245" starttime="1170.66" endtime="1170.89">Hmm</w>
   <w nite:id="EN2006b.D.words246" starttime="1170.89" endtime="1170.89" punc="true">.</w>
   <w nite:id="EN2006b.D.words247" starttime="1408.31" endtime="1408.51">Is</w>
   <w nite:id="EN2006b.D.words248" starttime="1408.51" endtime="1408.77">is</w>
   <w nite:id="EN2006b.D.words249" starttime="1408.77" endtime="1409.12">goo</w>
   <w nite:id="EN2006b.D.words250" starttime="1409.12" endtime="1409.37">again</w>
   <w nite:id="EN2006b.D.words251" starttime="1409.37" endtime="1409.46">or</w>
   <w nite:id="EN2006b.D.words252" starttime="1409.46" endtime="1409.56">is</w>
   <w nite:id="EN2006b.D.words253" starttime="1409.56" endtime="1409.71">it</w>
   <w nite:id="EN2006b.D.words254" starttime="1409.71" endtime="1410.12">really</w>
   <w nite:id="EN2006b.D.words255" starttime="1410.12" endtime="1410.44">Z_</w>
   <w nite:id="EN2006b.D.words256" starttime="1410.44" endtime="1410.76">equals</w>
   <w nite:id="EN2006b.D.words257" starttime="1410.76" endtime="1411.2">two</w>
   <w nite:id="EN2006b.D.words258" starttime="1411.2" endtime="1411.2" punc="true">?</w>
   <w nite:id="EN2006b.D.words259" starttime="1415.0" endtime="1415.3">Mm-hmm</w>
   <w nite:id="EN2006b.D.words260" starttime="1415.3" endtime="1415.3" punc="true">.</w>
   <w nite:id="EN2006b.D.words261" starttime="1419.9" endtime="1420.3">Alright</w>
   <w nite:id="EN2006b.D.words262" starttime="1420.3" endtime="1420.3" punc="true">.</w>
   <w nite:id="EN2006b.D.words263" starttime="1423.53" endtime="1423.86">Mm-hmm</w>
   <w nite:id="EN2006b.D.words264" starttime="1423.86" endtime="1423.86" punc="true">.</w>
   <w nite:id="EN2006b.D.words265" starttime="1426.8" endtime="1426.95">If</w>
   <w nite:id="EN2006b.D.words266" starttime="1426.95" endtime="1427.02">it</w>
   <w nite:id="EN2006b.D.words267" starttime="1427.02" endtime="1427.26">was</w>
   <w nite:id="EN2006b.D.words268" starttime="1427.26" endtime="1427.8">radio-loud</w>
   <w nite:id="EN2006b.D.words269" starttime="1427.8" endtime="1428.17">quasar</w>
   <w nite:id="EN2006b.D.words270" starttime="1428.17" endtime="1428.17" punc="true">,</w>
   <w nite:id="EN2006b.D.words271" starttime="1428.17" endtime="1428.35">then</w>
   <w nite:id="EN2006b.D.words272" starttime="1428.35" endtime="1428.45">you</w>
   <w nite:id="EN2006b.D.words273" starttime="1428.45" endtime="1428.58">would</w>
   <w nite:id="EN2006b.D.words274" starttime="1428.58" endtime="1428.78">mark</w>
   <w nite:id="EN2006b.D.words275" starttime="1428.78" endtime="1428.89">it</w>
   <w nite:id="EN2006b.D.words276" starttime="1428.89" endtime="1428.99">as</w>
   <w nite:id="EN2006b.D.words277" starttime="1428.99" endtime="1429.17">one</w>
   <w nite:id="EN2006b.D.words278" starttime="1429.17" endtime="1429.45">thing</w>
   <w nite:id="EN2006b.D.words279" starttime="1429.45" endtime="1429.45" punc="true">?</w>
   <w nite:id="EN2006b.D.words280" starttime="1431.51" endtime="1432.0" trunc="true">I</w>
   <w nite:id="EN2006b.D.words281" starttime="1432.0" endtime="1432.13">I</w>
   <w nite:id="EN2006b.D.words282" starttime="1432.13" endtime="1432.39">think</w>
   <w nite:id="EN2006b.D.words283" starttime="1432.39" endtime="1432.49">it</w>
   <w nite:id="EN2006b.D.words284" starttime="1432.49" endtime="1432.69">makes</w>
   <w nite:id="EN2006b.D.words285" starttime="1432.69" endtime="1432.93">sense</w>
   <w nite:id="EN2006b.D.words286" starttime="1432.93" endtime="1433.01">to</w>
   <w nite:id="EN2006b.D.words287" starttime="1433.01" endtime="1433.28">um</w>
   <w nite:id="EN2006b.D.words288" starttime="1433.28" endtime="1433.45">mark</w>
   <w nite:id="EN2006b.D.words289" starttime="1433.45" endtime="1433.53">the</w>
   <w nite:id="EN2006b.D.words290" starttime="1433.53" endtime="1433.67">whole</w>
   <w nite:id="EN2006b.D.words291" starttime="1433.67" endtime="1433.89">thing</w>
   <w nite:id="EN2006b.D.words292" starttime="1433.89" endtime="1434.03">then</w>
   <w nite:id="EN2006b.D.words293" starttime="1434.03" endtime="1434.15">as</w>
   <w nite:id="EN2006b.D.words294" starttime="1434.15" endtime="1434.98">one</w>
   <w nite:id="EN2006b.D.words295" starttime="1434.98" endtime="1434.98" punc="true">.</w>
   <w nite:id="EN2006b.D.words296" starttime="1434.98" endtime="1435.08">I</w>
   <w nite:id="EN2006b.D.words297" starttime="1435.08" endtime="1435.23">don&#39;t</w>
   <w nite:id="EN2006b.D.words298" starttime="1435.23" endtime="1435.31">know</w>
   <w nite:id="EN2006b.D.words299" starttime="1435.31" endtime="1435.43">what</w>
   <w nite:id="EN2006b.D.words300" starttime="1435.43" endtime="1435.84">you</w>
   <w nite:id="EN2006b.D.words301" starttime="1435.84" endtime="1436.03">feel</w>
   <w nite:id="EN2006b.D.words302" starttime="1436.03" endtime="1436.03" punc="true">.</w>
   <w nite:id="EN2006b.D.words303" starttime="1436.03" endtime="1436.37">But</w>
   <disfmarker nite:id="EN2006b.D.words304" starttime="1436.37" endtime="1436.421"/>
   <w nite:id="EN2006b.D.words305" starttime="1665.05" endtime="1665.57">Um</w>
   <w nite:id="EN2006b.D.words306" starttime="1665.57" endtime="1665.83">so</w>
   <w nite:id="EN2006b.D.words307" starttime="1665.83" endtime="1666.1">sorry</w>
   <w nite:id="EN2006b.D.words308" starttime="1666.1" endtime="1666.1" punc="true">,</w>
   <w nite:id="EN2006b.D.words309" starttime="1666.1" endtime="1666.2">and</w>
   <w nite:id="EN2006b.D.words310" starttime="1666.2" endtime="1666.44">the</w>
   <w nite:id="EN2006b.D.words311" starttime="1666.44" endtime="1666.58">the</w>
   <w nite:id="EN2006b.D.words312" starttime="1666.58" endtime="1667.07">A_G_N_</w>
   <w nite:id="EN2006b.D.words313" starttime="1667.07" endtime="1667.07" punc="true">,</w>
   <w nite:id="EN2006b.D.words314" starttime="1667.07" endtime="1667.14">I</w>
   <w nite:id="EN2006b.D.words315" starttime="1667.14" endtime="1667.3">think</w>
   <w nite:id="EN2006b.D.words316" starttime="1667.3" endtime="1667.45">that</w>
   <w nite:id="EN2006b.D.words317" starttime="1667.45" endtime="1667.63">should</w>
   <w nite:id="EN2006b.D.words318" starttime="1667.63" endtime="1667.77">be</w>
   <w nite:id="EN2006b.D.words319" starttime="1667.77" endtime="1668.37">one</w>
   <w nite:id="EN2006b.D.words320" starttime="1668.37" endtime="1668.76">entity</w>
   <w nite:id="EN2006b.D.words321" starttime="1668.76" endtime="1668.76" punc="true">,</w>
   <w nite:id="EN2006b.D.words322" starttime="1668.76" endtime="1668.98">right</w>
   <w nite:id="EN2006b.D.words323" starttime="1668.98" endtime="1668.98" punc="true">?</w>
   <w nite:id="EN2006b.D.words324" starttime="1668.98" endtime="1669.27">The</w>
   <w nite:id="EN2006b.D.words325" starttime="1669.27" endtime="1669.45">the</w>
   <w nite:id="EN2006b.D.words326" starttime="1669.45" endtime="1670.27">uh</w>
   <disfmarker nite:id="EN2006b.D.words327" starttime="1670.27" endtime="1670.27"/>
   <w nite:id="EN2006b.D.words328" starttime="1670.27" endtime="1670.39" trunc="true">w</w>
   <w nite:id="EN2006b.D.words329" starttime="1670.39" endtime="1670.62">wasn&#39;t</w>
   <w nite:id="EN2006b.D.words330" starttime="1670.62" endtime="1670.75">it</w>
   <w nite:id="EN2006b.D.words331" starttime="1670.75" endtime="1670.87">that</w>
   <w nite:id="EN2006b.D.words332" starttime="1670.87" endtime="1671.23">according</w>
   <w nite:id="EN2006b.D.words333" starttime="1671.23" endtime="1671.37">to</w>
   <w nite:id="EN2006b.D.words334" starttime="1671.37" endtime="1671.55">the</w>
   <w nite:id="EN2006b.D.words335" starttime="1671.55" endtime="1672.38">uh</w>
   <w nite:id="EN2006b.D.words336" starttime="1672.38" endtime="1672.8">acronym</w>
   <w nite:id="EN2006b.D.words337" starttime="1672.8" endtime="1673.15">rule</w>
   <w nite:id="EN2006b.D.words338" starttime="1673.15" endtime="1673.15" punc="true">,</w>
   <w nite:id="EN2006b.D.words339" starttime="1673.15" endtime="1673.27">the</w>
   <w nite:id="EN2006b.D.words340" starttime="1673.27" endtime="1673.86">first</w>
   <w nite:id="EN2006b.D.words341" starttime="1673.86" endtime="1674.24">one</w>
   <w nite:id="EN2006b.D.words342" starttime="1674.24" endtime="1674.24" punc="true">?</w>
   <w nite:id="EN2006b.D.words343" starttime="1679.36" endtime="1679.68">Mark</w>
   <w nite:id="EN2006b.D.words344" starttime="1679.68" endtime="1679.91">the</w>
   <disfmarker nite:id="EN2006b.D.words345" starttime="1679.91" endtime="1679.91"/>
   <w nite:id="EN2006b.D.words346" starttime="1679.91" endtime="1680.12">la</w>
   <w nite:id="EN2006b.D.words347" starttime="1680.12" endtime="1680.29">la</w>
   <w nite:id="EN2006b.D.words348" starttime="1680.29" endtime="1680.29" punc="true">.</w>
   <w nite:id="EN2006b.D.words349" starttime="1680.29" endtime="1680.57">Mark</w>
   <w nite:id="EN2006b.D.words350" starttime="1680.57" endtime="1680.66">the</w>
   <w nite:id="EN2006b.D.words351" starttime="1680.66" endtime="1680.84">whole</w>
   <w nite:id="EN2006b.D.words352" starttime="1680.84" endtime="1681.12">string</w>
   <w nite:id="EN2006b.D.words353" starttime="1681.12" endtime="1681.24">as</w>
   <w nite:id="EN2006b.D.words354" starttime="1681.24" endtime="1681.4">one</w>
   <w nite:id="EN2006b.D.words355" starttime="1681.4" endtime="1681.89">entity</w>
   <w nite:id="EN2006b.D.words356" starttime="1681.89" endtime="1681.89" punc="true">.</w>
   <w nite:id="EN2006b.D.words357" starttime="1681.89" endtime="1682.0">One</w>
   <w nite:id="EN2006b.D.words358" starttime="1682.0" endtime="1682.57">acronym</w>
   <w nite:id="EN2006b.D.words359" starttime="1682.57" endtime="1682.57" punc="true">.</w>
   <w nite:id="EN2006b.D.words360" starttime="1690.73" endtime="1690.98">Mm-hmm</w>
   <w nite:id="EN2006b.D.words361" starttime="1690.98" endtime="1690.98" punc="true">.</w>
   <w nite:id="EN2006b.D.words362" starttime="1701.0" endtime="1702.39">Mm-hmm</w>
   <w nite:id="EN2006b.D.words363" starttime="1702.39" endtime="1702.39" punc="true">.</w>
   <w nite:id="EN2006b.D.words364" starttime="1702.39" endtime="1702.59">Mm</w>
   <w nite:id="EN2006b.D.words365" starttime="1702.59" endtime="1702.59" punc="true">.</w>
   <w nite:id="EN2006b.D.words366" starttime="2046.91" endtime="2047.2">Mm-hmm</w>
   <w nite:id="EN2006b.D.words367" starttime="2047.2" endtime="2047.2" punc="true">.</w>
   <w nite:id="EN2006b.D.words368" starttime="2108.57" endtime="2108.74">What</w>
   <disfmarker nite:id="EN2006b.D.words369" starttime="2108.74" endtime="2108.74"/>
   <w nite:id="EN2006b.D.words370" starttime="2108.74" endtime="2108.95">what&#39;s</w>
   <w nite:id="EN2006b.D.words371" starttime="2108.95" endtime="2109.22">this</w>
   <w nite:id="EN2006b.D.words372" starttime="2109.22" endtime="2109.43">N_</w>
   <w nite:id="EN2006b.D.words373" starttime="2109.43" endtime="2109.69">thing</w>
   <w nite:id="EN2006b.D.words374" starttime="2109.69" endtime="2109.69" punc="true">?</w>
   <w nite:id="EN2006b.D.words375" starttime="2109.69" endtime="2110.28">Because</w>
   <w nite:id="EN2006b.D.words376" starttime="2110.28" endtime="2110.49">that</w>
   <w nite:id="EN2006b.D.words377" starttime="2110.49" endtime="2110.61">is</w>
   <w nite:id="EN2006b.D.words378" starttime="2110.61" endtime="2110.76">not</w>
   <w nite:id="EN2006b.D.words379" starttime="2110.76" endtime="2111.03">marked</w>
   <w nite:id="EN2006b.D.words380" starttime="2111.03" endtime="2111.15">in</w>
   <w nite:id="EN2006b.D.words381" starttime="2111.15" endtime="2111.5">the</w>
   <disfmarker nite:id="EN2006b.D.words382" starttime="2111.5" endtime="2111.552"/>
   <w nite:id="EN2006b.D.words383" starttime="2119.83" endtime="2119.95">No</w>
   <w nite:id="EN2006b.D.words384" starttime="2119.95" endtime="2119.95" punc="true">,</w>
   <w nite:id="EN2006b.D.words385" starttime="2119.95" endtime="2120.22">sorry</w>
   <w nite:id="EN2006b.D.words386" starttime="2120.22" endtime="2120.22" punc="true">,</w>
   <w nite:id="EN2006b.D.words387" starttime="2120.22" endtime="2120.26">I</w>
   <w nite:id="EN2006b.D.words388" starttime="2120.26" endtime="2120.43">mean</w>
   <w nite:id="EN2006b.D.words389" starttime="2120.43" endtime="2120.57">the</w>
   <w nite:id="EN2006b.D.words390" starttime="2120.57" endtime="2120.95">um</w>
   <disfmarker nite:id="EN2006b.D.words391" starttime="2120.95" endtime="2120.95"/>
   <w nite:id="EN2006b.D.words392" starttime="2120.95" endtime="2121.31">so</w>
   <w nite:id="EN2006b.D.words393" starttime="2121.31" endtime="2121.45">so</w>
   <w nite:id="EN2006b.D.words394" starttime="2121.45" endtime="2122.34">most</w>
   <disfmarker nite:id="EN2006b.D.words395" starttime="2122.34" endtime="2122.34"/>
   <w nite:id="EN2006b.D.words396" starttime="2122.34" endtime="2122.52">the</w>
   <disfmarker nite:id="EN2006b.D.words397" starttime="2122.52" endtime="2122.571"/>
   <w nite:id="EN2006b.D.words398" starttime="2125.8" endtime="2126.04">Right</w>
   <w nite:id="EN2006b.D.words399" starttime="2126.04" endtime="2126.04" punc="true">.</w>
   <w nite:id="EN2006b.D.words400" starttime="2138.73" endtime="2140.55">Hmm</w>
   <w nite:id="EN2006b.D.words401" starttime="2140.55" endtime="2140.55" punc="true">.</w>
   <w nite:id="EN2006b.D.words402" starttime="2140.55" endtime="2140.89">Yeah</w>
   <w nite:id="EN2006b.D.words403" starttime="2140.89" endtime="2140.89" punc="true">.</w>
   <w nite:id="EN2006b.D.words404" starttime="2143.86" endtime="2145.02">But</w>
   <disfmarker nite:id="EN2006b.D.words405" starttime="2145.02" endtime="2145.02"/>
   <w nite:id="EN2006b.D.words406" starttime="2145.02" endtime="2145.58">Yeah</w>
   <w nite:id="EN2006b.D.words407" starttime="2145.58" endtime="2145.58" punc="true">.</w>
   <w nite:id="EN2006b.D.words408" starttime="2145.58" endtime="2145.69">But</w>
   <w nite:id="EN2006b.D.words409" starttime="2145.69" endtime="2146.03">it&#39;s</w>
   <disfmarker nite:id="EN2006b.D.words410" starttime="2146.03" endtime="2146.03"/>
   <w nite:id="EN2006b.D.words411" starttime="2146.03" endtime="2146.13" trunc="true">s</w>
   <w nite:id="EN2006b.D.words412" starttime="2146.13" endtime="2146.21">so</w>
   <w nite:id="EN2006b.D.words413" starttime="2146.21" endtime="2146.3">you&#39;re</w>
   <w nite:id="EN2006b.D.words414" starttime="2146.3" endtime="2146.6">mostly</w>
   <w nite:id="EN2006b.D.words415" starttime="2146.6" endtime="2147.19">settling</w>
   <w nite:id="EN2006b.D.words416" starttime="2147.19" endtime="2147.28">uh</w>
   <w nite:id="EN2006b.D.words417" starttime="2147.28" endtime="2147.58">settling</w>
   <w nite:id="EN2006b.D.words418" starttime="2147.58" endtime="2147.84">for</w>
   <w nite:id="EN2006b.D.words419" starttime="2147.84" endtime="2147.98">for</w>
   <w nite:id="EN2006b.D.words420" starttime="2147.98" endtime="2148.19">the</w>
   <w nite:id="EN2006b.D.words421" starttime="2148.19" endtime="2148.35">uh</w>
   <w nite:id="EN2006b.D.words422" starttime="2148.35" endtime="2148.71">solution</w>
   <w nite:id="EN2006b.D.words423" starttime="2148.71" endtime="2148.82">where</w>
   <w nite:id="EN2006b.D.words424" starttime="2148.82" endtime="2149.0">you</w>
   <w nite:id="EN2006b.D.words425" starttime="2149.0" endtime="2149.36">mark</w>
   <w nite:id="EN2006b.D.words426" starttime="2149.36" endtime="2149.64">all</w>
   <w nite:id="EN2006b.D.words427" starttime="2149.64" endtime="2150.04">contacts</w>
   <w nite:id="EN2006b.D.words428" starttime="2150.04" endtime="2150.74">individually</w>
   <w nite:id="EN2006b.D.words429" starttime="2150.74" endtime="2150.74" punc="true">.</w>
   <w nite:id="EN2006b.D.words430" starttime="2154.04" endtime="2154.23">Right</w>
   <w nite:id="EN2006b.D.words431" starttime="2154.23" endtime="2154.23" punc="true">.</w>
   <w nite:id="EN2006b.D.words432" starttime="2236.8" endtime="2237.12">Something</w>
   <w nite:id="EN2006b.D.words433" starttime="2237.12" endtime="2237.24">that</w>
   <w nite:id="EN2006b.D.words434" starttime="2237.24" endtime="2237.3">you</w>
   <w nite:id="EN2006b.D.words435" starttime="2237.3" endtime="2237.43">can</w>
   <w nite:id="EN2006b.D.words436" starttime="2237.43" endtime="2237.7">point</w>
   <w nite:id="EN2006b.D.words437" starttime="2237.7" endtime="2237.81">to</w>
   <w nite:id="EN2006b.D.words438" starttime="2237.81" endtime="2237.81" punc="true">,</w>
   <w nite:id="EN2006b.D.words439" starttime="2237.81" endtime="2238.06">right</w>
   <w nite:id="EN2006b.D.words440" starttime="2238.06" endtime="2238.06" punc="true">?</w>
   <w nite:id="EN2006b.D.words441" starttime="2238.06" endtime="2238.32">Or</w>
   <disfmarker nite:id="EN2006b.D.words442" starttime="2238.32" endtime="2238.4"/>
   <w nite:id="EN2006b.D.words443" starttime="2249.32" endtime="2249.6">Mm-hmm</w>
   <w nite:id="EN2006b.D.words444" starttime="2249.6" endtime="2249.6" punc="true">.</w>
   <w nite:id="EN2006b.D.words445" starttime="2254.13" endtime="2254.58">Mm-hmm</w>
   <w nite:id="EN2006b.D.words446" starttime="2254.58" endtime="2254.58" punc="true">.</w>
   <w nite:id="EN2006b.D.words447" starttime="2259.56" endtime="2259.85">Mm-hmm</w>
   <w nite:id="EN2006b.D.words448" starttime="2259.85" endtime="2259.85" punc="true">.</w>
   <w nite:id="EN2006b.D.words449" starttime="2267.11" endtime="2267.27">Oh</w>
   <w nite:id="EN2006b.D.words450" starttime="2267.27" endtime="2267.27" punc="true">,</w>
   <w nite:id="EN2006b.D.words451" starttime="2267.27" endtime="2267.31">I</w>
   <w nite:id="EN2006b.D.words452" starttime="2267.31" endtime="2267.58">see</w>
   <w nite:id="EN2006b.D.words453" starttime="2267.58" endtime="2267.58" punc="true">.</w>
   <w nite:id="EN2006b.D.words454" starttime="2269.6" endtime="2269.74">So</w>
   <w nite:id="EN2006b.D.words455" starttime="2269.74" endtime="2269.8">in</w>
   <w nite:id="EN2006b.D.words456" starttime="2269.8" endtime="2269.93">that</w>
   <w nite:id="EN2006b.D.words457" starttime="2269.93" endtime="2270.15">sense</w>
   <w nite:id="EN2006b.D.words458" starttime="2270.15" endtime="2270.39">it&#39;s</w>
   <w nite:id="EN2006b.D.words459" starttime="2270.39" endtime="2270.58">like</w>
   <w nite:id="EN2006b.D.words460" starttime="2270.58" endtime="2270.77">like</w>
   <w nite:id="EN2006b.D.words461" starttime="2270.77" endtime="2270.82">a</w>
   <w nite:id="EN2006b.D.words462" starttime="2270.82" endtime="2271.44">derived</w>
   <w nite:id="EN2006b.D.words463" starttime="2271.44" endtime="2272.37">property</w>
   <gap nite:id="EN2006b.D.words464" starttime="2272.37" endtime="2272.37"/>
   <w nite:id="EN2006b.D.words465" starttime="2272.37" endtime="2272.37" punc="true">.</w>
   <w nite:id="EN2006b.D.words466" starttime="2272.37" endtime="2272.68">Yeah</w>
   <w nite:id="EN2006b.D.words467" starttime="2272.68" endtime="2272.68" punc="true">,</w>
   <w nite:id="EN2006b.D.words468" starttime="2272.68" endtime="2272.73">I</w>
   <w nite:id="EN2006b.D.words469" starttime="2272.73" endtime="2273.01">see</w>
   <w nite:id="EN2006b.D.words470" starttime="2273.01" endtime="2273.01" punc="true">,</w>
   <w nite:id="EN2006b.D.words471" starttime="2273.01" endtime="2273.3">uh-huh</w>
   <w nite:id="EN2006b.D.words472" starttime="2273.3" endtime="2273.3" punc="true">.</w>
   <w nite:id="EN2006b.D.words473" starttime="2274.72" endtime="2275.52">Mm-hmm</w>
   <w nite:id="EN2006b.D.words474" starttime="2275.52" endtime="2275.52" punc="true">.</w>
   <w nite:id="EN2006b.D.words475" starttime="2275.52" endtime="2275.88">Mm-hmm</w>
   <w nite:id="EN2006b.D.words476" starttime="2275.88" endtime="2275.88" punc="true">.</w>
   <w nite:id="EN2006b.D.words477" starttime="2277.58" endtime="2277.82">Mm</w>
   <w nite:id="EN2006b.D.words478" starttime="2277.82" endtime="2277.82" punc="true">.</w>
   <w nite:id="EN2006b.D.words479" starttime="2350.67" endtime="2350.84">Hmm</w>
   <w nite:id="EN2006b.D.words480" starttime="2350.84" endtime="2350.84" punc="true">.</w>
   <vocalsound nite:id="EN2006b.D.words481" starttime="2626.473" endtime="2627.405" type="laugh"/>
   <w nite:id="EN2006b.D.words482" starttime="2663.87" endtime="2664.09">Sorry</w>
   <w nite:id="EN2006b.D.words483" starttime="2664.09" endtime="2664.09" punc="true">,</w>
   <w nite:id="EN2006b.D.words484" starttime="2664.09" endtime="2664.31">what</w>
   <w nite:id="EN2006b.D.words485" starttime="2664.31" endtime="2664.46">what</w>
   <w nite:id="EN2006b.D.words486" starttime="2664.46" endtime="2664.71">happened</w>
   <w nite:id="EN2006b.D.words487" starttime="2664.71" endtime="2664.8">now</w>
   <w nite:id="EN2006b.D.words488" starttime="2664.8" endtime="2664.8" punc="true">?</w>
   <w nite:id="EN2006b.D.words489" starttime="2664.8" endtime="2665.02">So</w>
   <w nite:id="EN2006b.D.words490" starttime="2665.02" endtime="2665.18">you</w>
   <w nite:id="EN2006b.D.words491" starttime="2665.18" endtime="2665.3">you</w>
   <w nite:id="EN2006b.D.words492" starttime="2665.3" endtime="2665.43" trunc="true">f</w>
   <w nite:id="EN2006b.D.words493" starttime="2665.43" endtime="2665.53">you</w>
   <w nite:id="EN2006b.D.words494" starttime="2665.53" endtime="2665.72">found</w>
   <w nite:id="EN2006b.D.words495" starttime="2665.72" endtime="2665.91">that</w>
   <w nite:id="EN2006b.D.words496" starttime="2665.91" endtime="2666.18">dwarf</w>
   <w nite:id="EN2006b.D.words497" starttime="2666.18" endtime="2667.32">amorphous</w>
   <w nite:id="EN2006b.D.words498" starttime="2667.32" endtime="2667.43">blah</w>
   <w nite:id="EN2006b.D.words499" starttime="2667.43" endtime="2667.98">blah</w>
   <w nite:id="EN2006b.D.words500" starttime="2667.98" endtime="2668.45">galaxies</w>
   <w nite:id="EN2006b.D.words501" starttime="2668.45" endtime="2668.45" punc="true">,</w>
   <w nite:id="EN2006b.D.words502" starttime="2668.45" endtime="2668.68">that</w>
   <disfmarker nite:id="EN2006b.D.words503" starttime="2668.68" endtime="2668.68"/>
   <w nite:id="EN2006b.D.words504" starttime="2668.68" endtime="2668.87">that&#39;s</w>
   <w nite:id="EN2006b.D.words505" starttime="2668.87" endtime="2668.97">not</w>
   <w nite:id="EN2006b.D.words506" starttime="2668.97" endtime="2669.01">a</w>
   <w nite:id="EN2006b.D.words507" starttime="2669.01" endtime="2669.29">proper</w>
   <w nite:id="EN2006b.D.words508" starttime="2669.29" endtime="2669.93">name</w>
   <w nite:id="EN2006b.D.words509" starttime="2669.93" endtime="2669.93" punc="true">?</w>
   <w nite:id="EN2006b.D.words510" starttime="2669.93" endtime="2670.04">But</w>
   <w nite:id="EN2006b.D.words511" starttime="2670.04" endtime="2670.1">you</w>
   <w nite:id="EN2006b.D.words512" starttime="2670.1" endtime="2670.31">still</w>
   <w nite:id="EN2006b.D.words513" starttime="2670.31" endtime="2670.58">include</w>
   <w nite:id="EN2006b.D.words514" starttime="2670.58" endtime="2670.67">the</w>
   <w nite:id="EN2006b.D.words515" starttime="2670.67" endtime="2671.17">acronym</w>
   <w nite:id="EN2006b.D.words516" starttime="2671.17" endtime="2671.17" punc="true">?</w>
   <w nite:id="EN2006b.D.words517" starttime="2671.17" endtime="2671.58">Or</w>
   <disfmarker nite:id="EN2006b.D.words518" starttime="2671.58" endtime="2671.691"/>
   <w nite:id="EN2006b.D.words519" starttime="2676.14" endtime="2676.28">Oh</w>
   <w nite:id="EN2006b.D.words520" starttime="2676.28" endtime="2678.17">okay</w>
   <w nite:id="EN2006b.D.words521" starttime="2678.17" endtime="2678.17" punc="true">.</w>
   <w nite:id="EN2006b.D.words522" starttime="2678.17" endtime="2678.61">Alright</w>
   <w nite:id="EN2006b.D.words523" starttime="2678.61" endtime="2678.61" punc="true">,</w>
   <w nite:id="EN2006b.D.words524" starttime="2678.61" endtime="2679.83">okay</w>
   <w nite:id="EN2006b.D.words525" starttime="2679.83" endtime="2679.83" punc="true">.</w>
   <w nite:id="EN2006b.D.words526" starttime="2679.83" endtime="2679.91">I</w>
   <w nite:id="EN2006b.D.words527" starttime="2679.91" endtime="2680.26">see</w>
   <w nite:id="EN2006b.D.words528" starttime="2680.26" endtime="2680.26" punc="true">,</w>
   <w nite:id="EN2006b.D.words529" starttime="2680.26" endtime="2680.56">mm-hmm</w>
   <w nite:id="EN2006b.D.words530" starttime="2680.56" endtime="2680.56" punc="true">.</w>
   <w nite:id="EN2006b.D.words531" starttime="2957.01" endtime="2957.22">Hey</w>
   <w nite:id="EN2006b.D.words532" starttime="2957.22" endtime="2957.22" punc="true">,</w>
   <w nite:id="EN2006b.D.words533" starttime="2957.22" endtime="2958.66">wow</w>
   <w nite:id="EN2006b.D.words534" starttime="2958.66" endtime="2958.66" punc="true">.</w>
   <vocalsound nite:id="EN2006b.D.words535" starttime="2958.66" endtime="2958.919" type="laugh"/>
   <vocalsound nite:id="EN2006b.D.words536" starttime="2962.511" endtime="2962.883" type="other"/>
   <w nite:id="EN2006b.D.words537" starttime="2965.37" endtime="2965.64">Under</w>
   <w nite:id="EN2006b.D.words538" starttime="2965.64" endtime="2965.8">two</w>
   <w nite:id="EN2006b.D.words539" starttime="2965.8" endtime="2967.67">hours</w>
   <w nite:id="EN2006b.D.words540" starttime="2967.67" endtime="2967.67" punc="true">.</w>
   <w nite:id="EN2006b.D.words541" starttime="2967.67" endtime="2968.09">Amazing</w>
   <w nite:id="EN2006b.D.words542" starttime="2968.09" endtime="2968.09" punc="true">.</w>
   <w nite:id="EN2006b.D.words543" starttime="2972.55" endtime="2972.97">Yeah</w>
   <w nite:id="EN2006b.D.words544" starttime="2972.97" endtime="2972.97" punc="true">.</w>
   <vocalsound nite:id="EN2006b.D.words545" starttime="2980.449" endtime="2982.303" type="laugh"/>
   <w nite:id="EN2006b.D.words546" starttime="2987.35" endtime="2987.47">I</w>
   <w nite:id="EN2006b.D.words547" starttime="2987.47" endtime="2988.2" trunc="true">th</w>
   <w nite:id="EN2006b.D.words548" starttime="2988.2" endtime="2988.31">I</w>
   <w nite:id="EN2006b.D.words549" starttime="2988.31" endtime="2988.52">think</w>
   <w nite:id="EN2006b.D.words550" starttime="2988.52" endtime="2988.7">so</w>
   <w nite:id="EN2006b.D.words551" starttime="2988.7" endtime="2988.7" punc="true">,</w>
   <w nite:id="EN2006b.D.words552" starttime="2988.7" endtime="2988.87">yeah</w>
   <w nite:id="EN2006b.D.words553" starttime="2988.87" endtime="2988.87" punc="true">.</w>
</nite:root>