<?xml version="1.0" encoding="ISO-8859-1" standalone="yes"?>
<nite:root nite:id="Bed003.E.words" xmlns:nite="http://nite.sourceforge.net/">
   <w nite:id="Bed003.w.43" starttime="" endtime="" c="W">You</w>
   <w nite:id="Bed003.w.44" starttime="" endtime="" c="W">don't</w>
   <w nite:id="Bed003.w.45" starttime="" endtime="" c="W">need</w>
   <w nite:id="Bed003.w.46" starttime="" endtime="" c="W">to</w>
   <w nite:id="Bed003.w.47" starttime="" endtime="" c="W">read</w>
   <w nite:id="Bed003.w.48" starttime="" endtime="" c="W">the</w>
   <w nite:id="Bed003.w.49" starttime="" endtime="" c="W">digits</w>
   <w nite:id="Bed003.w.50" starttime="" endtime="" c="W">if</w>
   <w nite:id="Bed003.w.51" starttime="" endtime="" c="W">we</w>
   <w nite:id="Bed003.w.52" starttime="" endtime="" c="W">think</w>
   <w nite:id="Bed003.w.53" starttime="" endtime="" c="W">that</w>
   <w nite:id="Bed003.w.54" starttime="" endtime="" c="W">that</w>
   <w nite:id="Bed003.w.55" starttime="" endtime="" c="APOSS">'s</w>
   <w nite:id="Bed003.w.56" starttime="" endtime="" c="W">torture</w>
   <w nite:id="Bed003.w.57" starttime="" endtime="" c="W">but</w>
   <w nite:id="Bed003.w.58" starttime="" endtime="" c="W">the</w>
   <w nite:id="Bed003.w.59" starttime="" endtime="" c="W">reason</w>
   <w nite:id="Bed003.w.60" starttime="" endtime="" c="W">these</w>
   <w nite:id="Bed003.w.61" starttime="" endtime="" c="W">are</w>
   <w nite:id="Bed003.w.62" starttime="" endtime="" c="W">out</w>
   <w nite:id="Bed003.w.63" starttime="" endtime="" c="W">there</w>
   <w nite:id="Bed003.w.64" starttime="" endtime="" c="W">is</w>
   <w nite:id="Bed003.w.65" starttime="" endtime="" c="W">do</w>
   <w nite:id="Bed003.w.66" starttime="" endtime="" c="W">put</w>
   <w nite:id="Bed003.w.67" starttime="" endtime="" c="W">your</w>
   <w nite:id="Bed003.w.68" starttime="" endtime="" c="W">name</w>
   <w nite:id="Bed003.w.69" starttime="" endtime="" c="W">on</w>
   <w nite:id="Bed003.w.70" starttime="" endtime="" c="W">it</w>
   <w nite:id="Bed003.w.71" starttime="" endtime="" c="W">because</w>
   <w nite:id="Bed003.w.72" starttime="" endtime="" c="W">it</w>
   <w nite:id="Bed003.w.73" starttime="" endtime="" c="APOSS">'s</w>
   <w nite:id="Bed003.w.74" starttime="" endtime="" c="W">the</w>
   <w nite:id="Bed003.w.75" starttime="" endtime="" c="W">only</w>
   <w nite:id="Bed003.w.76" starttime="" endtime="" c="W">record</w>
   <w nite:id="Bed003.w.77" starttime="" endtime="" c="W">I</w>
   <w nite:id="Bed003.w.78" starttime="" endtime="" c="W">have</w>
   <w nite:id="Bed003.w.79" starttime="" endtime="" c="W">of</w>
   <w nite:id="Bed003.w.80" starttime="" endtime="" c="W">actually</w>
   <w nite:id="Bed003.w.81" starttime="" endtime="" c="W">who</w>
   <w nite:id="Bed003.w.82" starttime="" endtime="" c="W">was</w>
   <w nite:id="Bed003.w.83" starttime="" endtime="" c="W">sitting</w>
   <w nite:id="Bed003.w.84" starttime="" endtime="" c="W">there</w>
   <w nite:id="Bed003.w.85" starttime="" endtime="" c=".">.</w>
   <w nite:id="Bed003.w.90" starttime="" endtime="" c="W">Um</w>
   <w nite:id="Bed003.w.91" starttime="" endtime="" c="CM">,</w>
   <w nite:id="Bed003.w.92" starttime="" endtime="" c="W">your</w>
   <w nite:id="Bed003.w.93" starttime="" endtime="" c="W">name</w>
   <w nite:id="Bed003.w.94" starttime="" endtime="" c="W">and</w>
   <w nite:id="Bed003.w.95" starttime="" endtime="" c="W">some</w>
   <w nite:id="Bed003.w.96" starttime="" endtime="" c="W">but</w>
   <w nite:id="Bed003.w.97" starttime="" endtime="" c="W">it</w>
   <w nite:id="Bed003.w.98" starttime="" endtime="" c=".">.</w>
   <w nite:id="Bed003.w.99" starttime="" endtime="" t="PLET" c="W">OK</w>
   <w nite:id="Bed003.w.100" starttime="" endtime="" c=".">.</w>
   <w nite:id="Bed003.w.101" starttime="" endtime="" c="W">You</w>
   <w nite:id="Bed003.w.102" starttime="" endtime="" c="W">should</w>
   <w nite:id="Bed003.w.103" starttime="" endtime="" c="W">be</w>
   <w nite:id="Bed003.w.104" starttime="" endtime="" c="W">in</w>
   <w nite:id="Bed003.w.105" starttime="" endtime="" c="W">play</w>
   <w nite:id="Bed003.w.106" starttime="" endtime="" c=".">.</w>
   <w nite:id="Bed003.w.107" starttime="" endtime="" c="W">And</w>
   <w nite:id="Bed003.w.108" starttime="" endtime="" c="W">we</w>
   <w nite:id="Bed003.w.109" starttime="" endtime="" c="W">can</w>
   <disfmarker nite:id="Bed003.disfmarker.2" starttime="" endtime=""/>
   <w nite:id="Bed003.w.110" starttime="" endtime="" c="W">you</w>
   <w nite:id="Bed003.w.111" starttime="" endtime="" c="W">can</w>
   <w nite:id="Bed003.w.112" starttime="" endtime="" c="W">flip</w>
   <w nite:id="Bed003.w.113" starttime="" endtime="" c="W">this</w>
   <w nite:id="Bed003.w.114" starttime="" endtime="" c="W">and</w>
   <w nite:id="Bed003.w.115" starttime="" endtime="" c="W">uh</w>
   <w nite:id="Bed003.w.116" starttime="" endtime="" c="W">get</w>
   <w nite:id="Bed003.w.117" starttime="" endtime="" c="W">rid</w>
   <w nite:id="Bed003.w.118" starttime="" endtime="" c="W">of</w>
   <w nite:id="Bed003.w.119" starttime="" endtime="" c="W">the</w>
   <w nite:id="Bed003.w.120" starttime="" endtime="" c="W">screen</w>
   <w nite:id="Bed003.w.121" starttime="" endtime="" c="W">but</w>
   <w nite:id="Bed003.w.122" starttime="" endtime="" c="SYM">@</w>
   <w nite:id="Bed003.w.123" starttime="" endtime="" c="SYM">@</w>
   <w nite:id="Bed003.w.137" starttime="" endtime="" c="W">The</w>
   <w nite:id="Bed003.w.138" starttime="" endtime="" c="W">uh</w>
   <disfmarker nite:id="Bed003.disfmarker.5" starttime="" endtime=""/>
   <w nite:id="Bed003.w.139" starttime="" endtime="" c="W">the</w>
   <disfmarker nite:id="Bed003.disfmarker.6" starttime="" endtime=""/>
   <w nite:id="Bed003.w.140" starttime="" endtime="" c="W">the</w>
   <w nite:id="Bed003.w.141" starttime="" endtime="" c="W">remote</w>
   <w nite:id="Bed003.w.142" starttime="" endtime="" c="SYM">@</w>
   <w nite:id="Bed003.w.143" starttime="" endtime="" c="SYM">@</w>
   <w nite:id="Bed003.w.174" starttime="" endtime="" t="PLET" c="W">OK</w>
   <w nite:id="Bed003.w.175" starttime="" endtime="" c=".">.</w>
   <w nite:id="Bed003.w.176" starttime="" endtime="" c="W">Have</w>
   <w nite:id="Bed003.w.177" starttime="" endtime="" c="W">a</w>
   <w nite:id="Bed003.w.178" starttime="" endtime="" c="W">great</w>
   <w nite:id="Bed003.w.179" starttime="" endtime="" c="W">meeting</w>
   <w nite:id="Bed003.w.180" starttime="" endtime="" c=".">.</w>
   <w nite:id="Bed003.w.181" starttime="" endtime="" c="W">I</w>
   <w nite:id="Bed003.w.182" starttime="" endtime="" c="W">'ll</w>
   <disfmarker nite:id="Bed003.disfmarker.7" starttime="" endtime=""/>
   <w nite:id="Bed003.w.183" starttime="" endtime="" c="W">I</w>
   <w nite:id="Bed003.w.184" starttime="" endtime="" c="W">'ll</w>
   <w nite:id="Bed003.w.185" starttime="" endtime="" c="W">come</w>
   <w nite:id="Bed003.w.186" starttime="" endtime="" c="W">back</w>
   <w nite:id="Bed003.w.187" starttime="" endtime="" c="W">up</w>
   <w nite:id="Bed003.w.188" starttime="" endtime="" c="W">in</w>
   <w nite:id="Bed003.w.189" starttime="" endtime="" c="W">about</w>
   <w nite:id="Bed003.w.190" starttime="" endtime="" c="W">an</w>
   <w nite:id="Bed003.w.191" starttime="" endtime="" c="W">hour</w>
   <w nite:id="Bed003.w.192" starttime="" endtime="" c="W">and</w>
   <w nite:id="Bed003.w.193" starttime="" endtime="" c="W">check</w>
   <w nite:id="Bed003.w.194" starttime="" endtime="" c="W">and</w>
   <w nite:id="Bed003.w.195" starttime="" endtime="" c="W">see</w>
   <w nite:id="Bed003.w.196" starttime="" endtime="" c="W">if</w>
   <w nite:id="Bed003.w.197" starttime="" endtime="" c="W">you</w>
   <w nite:id="Bed003.w.198" starttime="" endtime="" c="W">'re</w>
   <w nite:id="Bed003.w.199" starttime="" endtime="" c="W">still</w>
   <w nite:id="Bed003.w.200" starttime="" endtime="" c="W">meeting</w>
   <w nite:id="Bed003.w.201" starttime="" endtime="" c=".">.</w>
</nite:root>