<?xml version="1.0" encoding="ISO-8859-1" standalone="yes"?>
<nite:root nite:id="ES2009b.C.words" xmlns:nite="http://nite.sourceforge.net/">
   <vocalsound nite:id="ES2009b.C.words0" starttime="301.264" endtime="302.775" type="cough"/>
   <w nite:id="ES2009b.C.words1" starttime="342.76" endtime="343.25" trunc="true">Th</w>
   <w nite:id="ES2009b.C.words2" starttime="349.58" endtime="349.84">Well</w>
   <w nite:id="ES2009b.C.words3" starttime="349.84" endtime="350.85">so</w>
   <w nite:id="ES2009b.C.words4" starttime="350.85" endtime="350.85" punc="true">.</w>
   <w nite:id="ES2009b.C.words5" starttime="350.85" endtime="351.0">Here</w>
   <w nite:id="ES2009b.C.words6" starttime="351.0" endtime="351.1">we</w>
   <w nite:id="ES2009b.C.words7" starttime="351.1" endtime="351.39">have</w>
   <w nite:id="ES2009b.C.words8" starttime="351.39" endtime="351.59">a</w>
   <w nite:id="ES2009b.C.words9" starttime="351.59" endtime="351.96">uh</w>
   <w nite:id="ES2009b.C.words10" starttime="351.96" endtime="352.27">my</w>
   <w nite:id="ES2009b.C.words11" starttime="352.27" endtime="352.79">technical</w>
   <w nite:id="ES2009b.C.words12" starttime="352.79" endtime="353.55">functions</w>
   <w nite:id="ES2009b.C.words13" starttime="353.55" endtime="354.27">design</w>
   <w nite:id="ES2009b.C.words14" starttime="354.27" endtime="356.76">presentation</w>
   <w nite:id="ES2009b.C.words15" starttime="356.76" endtime="356.76" punc="true">.</w>
   <w nite:id="ES2009b.C.words16" starttime="356.76" endtime="357.38">Um</w>
   <w nite:id="ES2009b.C.words17" starttime="357.38" endtime="359.21">so</w>
   <w nite:id="ES2009b.C.words18" starttime="359.21" endtime="359.25">a</w>
   <w nite:id="ES2009b.C.words19" starttime="359.25" endtime="359.42">few</w>
   <w nite:id="ES2009b.C.words20" starttime="359.42" endtime="359.48">of</w>
   <w nite:id="ES2009b.C.words21" starttime="359.48" endtime="359.56">the</w>
   <w nite:id="ES2009b.C.words22" starttime="359.56" endtime="360.12">requirements</w>
   <w nite:id="ES2009b.C.words23" starttime="360.12" endtime="360.24">we</w>
   <w nite:id="ES2009b.C.words24" starttime="360.24" endtime="360.49">need</w>
   <w nite:id="ES2009b.C.words25" starttime="360.49" endtime="360.8">here</w>
   <w nite:id="ES2009b.C.words26" starttime="360.8" endtime="360.8" punc="true">.</w>
   <w nite:id="ES2009b.C.words27" starttime="360.8" endtime="361.24">Uh</w>
   <w nite:id="ES2009b.C.words28" starttime="361.24" endtime="361.38">we</w>
   <w nite:id="ES2009b.C.words29" starttime="361.38" endtime="361.99" trunc="true">n</w>
   <w nite:id="ES2009b.C.words30" starttime="361.99" endtime="362.47">basically</w>
   <w nite:id="ES2009b.C.words31" starttime="362.47" endtime="362.63">need</w>
   <w nite:id="ES2009b.C.words32" starttime="362.63" endtime="362.7">to</w>
   <w nite:id="ES2009b.C.words33" starttime="362.7" endtime="362.99">operate</w>
   <w nite:id="ES2009b.C.words34" starttime="362.99" endtime="363.05">an</w>
   <w nite:id="ES2009b.C.words35" starttime="363.05" endtime="363.49">electronic</w>
   <w nite:id="ES2009b.C.words36" starttime="363.49" endtime="363.95">device</w>
   <w nite:id="ES2009b.C.words37" starttime="363.95" endtime="363.95" punc="true">,</w>
   <w nite:id="ES2009b.C.words38" starttime="363.95" endtime="364.16">it</w>
   <w nite:id="ES2009b.C.words39" starttime="364.16" endtime="364.42">needs</w>
   <w nite:id="ES2009b.C.words40" starttime="364.42" endtime="364.5">to</w>
   <w nite:id="ES2009b.C.words41" starttime="364.5" endtime="364.59">be</w>
   <w nite:id="ES2009b.C.words42" starttime="364.59" endtime="365.72">universal</w>
   <w nite:id="ES2009b.C.words43" starttime="365.72" endtime="366.08">um</w>
   <w nite:id="ES2009b.C.words44" starttime="366.08" endtime="366.43">and</w>
   <w nite:id="ES2009b.C.words45" starttime="366.43" endtime="367.1">possibly</w>
   <w nite:id="ES2009b.C.words46" starttime="367.1" endtime="367.3">uh</w>
   <w nite:id="ES2009b.C.words47" starttime="367.3" endtime="367.77">operate</w>
   <w nite:id="ES2009b.C.words48" starttime="367.77" endtime="368.1">several</w>
   <w nite:id="ES2009b.C.words49" starttime="368.1" endtime="368.43">different</w>
   <w nite:id="ES2009b.C.words50" starttime="368.43" endtime="368.67">types</w>
   <w nite:id="ES2009b.C.words51" starttime="368.67" endtime="368.77">of</w>
   <w nite:id="ES2009b.C.words52" starttime="368.77" endtime="369.26">devices</w>
   <w nite:id="ES2009b.C.words53" starttime="369.26" endtime="369.61">although</w>
   <w nite:id="ES2009b.C.words54" starttime="369.61" endtime="369.81">we</w>
   <w nite:id="ES2009b.C.words55" starttime="369.81" endtime="370.21">now</w>
   <w nite:id="ES2009b.C.words56" starttime="370.21" endtime="370.4">uh</w>
   <w nite:id="ES2009b.C.words57" starttime="370.4" endtime="370.81">find</w>
   <w nite:id="ES2009b.C.words58" starttime="370.81" endtime="371.07">that</w>
   <w nite:id="ES2009b.C.words59" starttime="371.07" endtime="371.43">uh</w>
   <w nite:id="ES2009b.C.words60" starttime="371.43" endtime="372.73">that</w>
   <w nite:id="ES2009b.C.words61" starttime="372.73" endtime="373.03">that&#39;s</w>
   <w nite:id="ES2009b.C.words62" starttime="373.03" endtime="373.2">no</w>
   <w nite:id="ES2009b.C.words63" starttime="373.2" endtime="374.14">problem</w>
   <w nite:id="ES2009b.C.words64" starttime="374.14" endtime="374.14" punc="true">.</w>
   <w nite:id="ES2009b.C.words65" starttime="374.14" endtime="375.49">Um</w>
   <w nite:id="ES2009b.C.words66" starttime="375.49" endtime="376.81">so</w>
   <w nite:id="ES2009b.C.words67" starttime="376.81" endtime="377.02">some</w>
   <w nite:id="ES2009b.C.words68" starttime="377.02" endtime="377.08">of</w>
   <w nite:id="ES2009b.C.words69" starttime="377.08" endtime="377.22">my</w>
   <w nite:id="ES2009b.C.words70" starttime="377.22" endtime="377.82">findings</w>
   <w nite:id="ES2009b.C.words71" starttime="377.82" endtime="377.82" punc="true">.</w>
   <w nite:id="ES2009b.C.words72" starttime="377.82" endtime="378.01">Um</w>
   <w nite:id="ES2009b.C.words73" starttime="378.01" endtime="378.5">basically</w>
   <w nite:id="ES2009b.C.words74" starttime="378.5" endtime="378.76">wanna</w>
   <w nite:id="ES2009b.C.words75" starttime="378.76" endtime="379.06">send</w>
   <w nite:id="ES2009b.C.words76" starttime="379.06" endtime="379.76">messages</w>
   <w nite:id="ES2009b.C.words77" starttime="379.76" endtime="380.0">uh</w>
   <w nite:id="ES2009b.C.words78" starttime="380.0" endtime="380.34">to</w>
   <w nite:id="ES2009b.C.words79" starttime="380.34" endtime="380.44">a</w>
   <w nite:id="ES2009b.C.words80" starttime="380.44" endtime="380.99">television</w>
   <w nite:id="ES2009b.C.words81" starttime="380.99" endtime="381.76">set</w>
   <w nite:id="ES2009b.C.words82" starttime="381.76" endtime="381.76" punc="true">.</w>
   <w nite:id="ES2009b.C.words83" starttime="381.76" endtime="382.66">Um</w>
   <w nite:id="ES2009b.C.words84" starttime="382.66" endtime="382.82">that</w>
   <w nite:id="ES2009b.C.words85" starttime="382.82" endtime="382.99">would</w>
   <w nite:id="ES2009b.C.words86" starttime="382.99" endtime="383.2">be</w>
   <w nite:id="ES2009b.C.words87" starttime="383.2" endtime="383.42">any</w>
   <w nite:id="ES2009b.C.words88" starttime="383.42" endtime="383.71">number</w>
   <w nite:id="ES2009b.C.words89" starttime="383.71" endtime="383.85">of</w>
   <w nite:id="ES2009b.C.words90" starttime="383.85" endtime="384.17">different</w>
   <w nite:id="ES2009b.C.words91" starttime="384.17" endtime="384.56">things</w>
   <w nite:id="ES2009b.C.words92" starttime="384.56" endtime="385.23">uh</w>
   <w nite:id="ES2009b.C.words93" starttime="385.23" endtime="385.51">such</w>
   <w nite:id="ES2009b.C.words94" starttime="385.51" endtime="385.67">as</w>
   <w nite:id="ES2009b.C.words95" starttime="385.67" endtime="386.08">switch</w>
   <w nite:id="ES2009b.C.words96" starttime="386.08" endtime="386.34">on</w>
   <w nite:id="ES2009b.C.words97" starttime="386.34" endtime="386.44">the</w>
   <w nite:id="ES2009b.C.words98" starttime="386.44" endtime="387.5">television</w>
   <w nite:id="ES2009b.C.words99" starttime="387.5" endtime="387.5" punc="true">,</w>
   <w nite:id="ES2009b.C.words100" starttime="387.5" endtime="387.68">uh</w>
   <w nite:id="ES2009b.C.words101" starttime="387.68" endtime="387.96">switch</w>
   <w nite:id="ES2009b.C.words102" starttime="387.96" endtime="388.02">to</w>
   <w nite:id="ES2009b.C.words103" starttime="388.02" endtime="388.08">the</w>
   <w nite:id="ES2009b.C.words104" starttime="388.08" endtime="388.35">next</w>
   <w nite:id="ES2009b.C.words105" starttime="388.35" endtime="388.68">channel</w>
   <w nite:id="ES2009b.C.words106" starttime="388.68" endtime="388.68" punc="true">,</w>
   <w nite:id="ES2009b.C.words107" starttime="388.68" endtime="388.87">that</w>
   <w nite:id="ES2009b.C.words108" starttime="388.87" endtime="389.04">sort</w>
   <w nite:id="ES2009b.C.words109" starttime="389.04" endtime="389.1">of</w>
   <w nite:id="ES2009b.C.words110" starttime="389.1" endtime="389.32">thing</w>
   <w nite:id="ES2009b.C.words111" starttime="389.32" endtime="389.32" punc="true">,</w>
   <w nite:id="ES2009b.C.words112" starttime="389.32" endtime="389.35">I</w>
   <w nite:id="ES2009b.C.words113" starttime="389.35" endtime="389.59">think</w>
   <w nite:id="ES2009b.C.words114" starttime="389.59" endtime="389.68">we&#39;re</w>
   <w nite:id="ES2009b.C.words115" starttime="389.68" endtime="389.84">all</w>
   <w nite:id="ES2009b.C.words116" starttime="389.84" endtime="390.26">quite</w>
   <w nite:id="ES2009b.C.words117" starttime="390.26" endtime="391.38">uh</w>
   <w nite:id="ES2009b.C.words118" starttime="391.46" endtime="391.99">quite</w>
   <w nite:id="ES2009b.C.words119" starttime="391.99" endtime="392.08">uh</w>
   <w nite:id="ES2009b.C.words120" starttime="392.08" endtime="392.86">intelligent</w>
   <w nite:id="ES2009b.C.words121" starttime="392.86" endtime="392.99">and</w>
   <w nite:id="ES2009b.C.words122" starttime="392.99" endtime="393.62">know</w>
   <w nite:id="ES2009b.C.words123" starttime="393.62" endtime="393.94">know</w>
   <w nite:id="ES2009b.C.words124" starttime="393.94" endtime="394.24">what</w>
   <w nite:id="ES2009b.C.words125" starttime="394.24" endtime="394.8">a</w>
   <w nite:id="ES2009b.C.words126" starttime="394.8" endtime="395.2">normal</w>
   <w nite:id="ES2009b.C.words127" starttime="395.2" endtime="395.46">remote</w>
   <w nite:id="ES2009b.C.words128" starttime="395.46" endtime="395.84">control</w>
   <w nite:id="ES2009b.C.words129" starttime="395.84" endtime="396.81">does</w>
   <w nite:id="ES2009b.C.words130" starttime="396.81" endtime="396.81" punc="true">.</w>
   <w nite:id="ES2009b.C.words131" starttime="396.81" endtime="398.25">Um</w>
   <vocalsound nite:id="ES2009b.C.words132" starttime="398.25" endtime="398.25" type="other"/>
   <w nite:id="ES2009b.C.words133" starttime="398.25" endtime="399.33">now</w>
   <w nite:id="ES2009b.C.words134" starttime="399.33" endtime="399.53">some</w>
   <w nite:id="ES2009b.C.words135" starttime="399.53" endtime="399.59">of</w>
   <w nite:id="ES2009b.C.words136" starttime="399.59" endtime="399.78">the</w>
   <w nite:id="ES2009b.C.words137" starttime="399.78" endtime="399.99">other</w>
   <w nite:id="ES2009b.C.words138" starttime="399.99" endtime="400.3">things</w>
   <w nite:id="ES2009b.C.words139" starttime="400.3" endtime="400.38">I</w>
   <w nite:id="ES2009b.C.words140" starttime="400.38" endtime="400.83">found</w>
   <w nite:id="ES2009b.C.words141" starttime="400.83" endtime="401.14">is</w>
   <w nite:id="ES2009b.C.words142" starttime="401.14" endtime="401.38">a</w>
   <w nite:id="ES2009b.C.words143" starttime="401.38" endtime="401.45">a</w>
   <w nite:id="ES2009b.C.words144" starttime="401.45" endtime="402.31">complicated</w>
   <w nite:id="ES2009b.C.words145" starttime="402.31" endtime="402.56">remote</w>
   <w nite:id="ES2009b.C.words146" starttime="402.56" endtime="402.96">control</w>
   <w nite:id="ES2009b.C.words147" starttime="402.96" endtime="403.27">sorry</w>
   <w nite:id="ES2009b.C.words148" starttime="403.27" endtime="403.41">that</w>
   <w nite:id="ES2009b.C.words149" starttime="403.41" endtime="403.51">we</w>
   <w nite:id="ES2009b.C.words150" starttime="403.51" endtime="403.78">can&#39;t</w>
   <w nite:id="ES2009b.C.words151" starttime="403.78" endtime="404.19">quite</w>
   <w nite:id="ES2009b.C.words152" starttime="404.19" endtime="404.38">see</w>
   <w nite:id="ES2009b.C.words153" starttime="404.38" endtime="404.54">my</w>
   <w nite:id="ES2009b.C.words154" starttime="404.54" endtime="404.92">red</w>
   <w nite:id="ES2009b.C.words155" starttime="404.92" endtime="405.31">there</w>
   <w nite:id="ES2009b.C.words156" starttime="405.31" endtime="405.58">very</w>
   <w nite:id="ES2009b.C.words157" starttime="405.58" endtime="405.83">well</w>
   <w nite:id="ES2009b.C.words158" starttime="405.83" endtime="406.13">but</w>
   <w nite:id="ES2009b.C.words159" starttime="406.13" endtime="407.04">uh</w>
   <w nite:id="ES2009b.C.words160" starttime="407.04" endtime="407.62">this</w>
   <w nite:id="ES2009b.C.words161" starttime="407.62" endtime="407.9">remote</w>
   <w nite:id="ES2009b.C.words162" starttime="407.9" endtime="408.28">control</w>
   <w nite:id="ES2009b.C.words163" starttime="408.28" endtime="408.49">has</w>
   <w nite:id="ES2009b.C.words164" starttime="408.49" endtime="408.76">many</w>
   <w nite:id="ES2009b.C.words165" starttime="408.76" endtime="409.81">functions</w>
   <w nite:id="ES2009b.C.words166" starttime="409.81" endtime="410.48">um</w>
   <w nite:id="ES2009b.C.words167" starttime="410.48" endtime="410.64">so</w>
   <w nite:id="ES2009b.C.words168" starttime="410.64" endtime="410.71">it</w>
   <w nite:id="ES2009b.C.words169" starttime="410.71" endtime="410.83">can</w>
   <w nite:id="ES2009b.C.words170" starttime="410.83" endtime="411.01">do</w>
   <w nite:id="ES2009b.C.words171" starttime="411.01" endtime="411.08">a</w>
   <w nite:id="ES2009b.C.words172" starttime="411.08" endtime="411.29">lot</w>
   <w nite:id="ES2009b.C.words173" starttime="411.29" endtime="411.37">of</w>
   <w nite:id="ES2009b.C.words174" starttime="411.37" endtime="411.72">things</w>
   <w nite:id="ES2009b.C.words175" starttime="411.72" endtime="411.91">but</w>
   <w nite:id="ES2009b.C.words176" starttime="411.91" endtime="412.14">it</w>
   <w nite:id="ES2009b.C.words177" starttime="412.14" endtime="412.44">uh</w>
   <w nite:id="ES2009b.C.words178" starttime="412.44" endtime="412.61">it</w>
   <w nite:id="ES2009b.C.words179" starttime="412.61" endtime="412.88">is</w>
   <w nite:id="ES2009b.C.words180" starttime="412.88" endtime="413.21">quite</w>
   <w nite:id="ES2009b.C.words181" starttime="413.21" endtime="413.79">complicated</w>
   <w nite:id="ES2009b.C.words182" starttime="413.79" endtime="414.0">and</w>
   <w nite:id="ES2009b.C.words183" starttime="414.0" endtime="414.25">most</w>
   <w nite:id="ES2009b.C.words184" starttime="414.25" endtime="414.72">users</w>
   <w nite:id="ES2009b.C.words185" starttime="414.72" endtime="414.84">will</w>
   <w nite:id="ES2009b.C.words186" starttime="414.84" endtime="415.14">find</w>
   <w nite:id="ES2009b.C.words187" starttime="415.14" endtime="415.31">it</w>
   <w nite:id="ES2009b.C.words188" starttime="415.31" endtime="416.35">uh</w>
   <w nite:id="ES2009b.C.words189" starttime="416.35" endtime="416.68">find</w>
   <w nite:id="ES2009b.C.words190" starttime="416.68" endtime="416.8">that</w>
   <w nite:id="ES2009b.C.words191" starttime="416.8" endtime="416.9">they</w>
   <w nite:id="ES2009b.C.words192" starttime="416.9" endtime="417.18">won&#39;t</w>
   <w nite:id="ES2009b.C.words193" starttime="417.18" endtime="417.44">use</w>
   <w nite:id="ES2009b.C.words194" starttime="417.44" endtime="417.7">most</w>
   <w nite:id="ES2009b.C.words195" starttime="417.7" endtime="417.79">of</w>
   <w nite:id="ES2009b.C.words196" starttime="417.79" endtime="417.88">the</w>
   <w nite:id="ES2009b.C.words197" starttime="417.88" endtime="418.33">functions</w>
   <w nite:id="ES2009b.C.words198" starttime="418.33" endtime="418.63">because</w>
   <w nite:id="ES2009b.C.words199" starttime="418.63" endtime="418.72">they</w>
   <w nite:id="ES2009b.C.words200" starttime="418.72" endtime="418.94">don&#39;t</w>
   <w nite:id="ES2009b.C.words201" starttime="418.94" endtime="419.0">know</w>
   <w nite:id="ES2009b.C.words202" starttime="419.0" endtime="419.1">how</w>
   <w nite:id="ES2009b.C.words203" starttime="419.1" endtime="419.2">to</w>
   <w nite:id="ES2009b.C.words204" starttime="419.2" endtime="419.41">use</w>
   <w nite:id="ES2009b.C.words205" starttime="419.41" endtime="419.56">them</w>
   <w nite:id="ES2009b.C.words206" starttime="419.56" endtime="419.86">and</w>
   <w nite:id="ES2009b.C.words207" starttime="419.86" endtime="420.04">don&#39;t</w>
   <w nite:id="ES2009b.C.words208" starttime="420.04" endtime="420.27">wanna</w>
   <w nite:id="ES2009b.C.words209" starttime="420.27" endtime="420.49">take</w>
   <w nite:id="ES2009b.C.words210" starttime="420.49" endtime="420.58">the</w>
   <w nite:id="ES2009b.C.words211" starttime="420.58" endtime="421.34">time</w>
   <w nite:id="ES2009b.C.words212" starttime="421.34" endtime="421.52">to</w>
   <w nite:id="ES2009b.C.words213" starttime="421.52" endtime="421.74">learn</w>
   <w nite:id="ES2009b.C.words214" starttime="421.74" endtime="421.9">how</w>
   <w nite:id="ES2009b.C.words215" starttime="421.9" endtime="422.05">to</w>
   <w nite:id="ES2009b.C.words216" starttime="422.05" endtime="422.18">do</w>
   <w nite:id="ES2009b.C.words217" starttime="422.18" endtime="422.25">it</w>
   <w nite:id="ES2009b.C.words218" starttime="422.25" endtime="422.25" punc="true">.</w>
   <w nite:id="ES2009b.C.words219" starttime="423.3" endtime="423.45">As</w>
   <w nite:id="ES2009b.C.words220" starttime="423.45" endtime="423.54">you</w>
   <w nite:id="ES2009b.C.words221" starttime="423.54" endtime="423.82">also</w>
   <w nite:id="ES2009b.C.words222" starttime="423.82" endtime="424.12">notice</w>
   <w nite:id="ES2009b.C.words223" starttime="424.12" endtime="424.25">it&#39;s</w>
   <w nite:id="ES2009b.C.words224" starttime="424.25" endtime="424.47">quite</w>
   <w nite:id="ES2009b.C.words225" starttime="424.47" endtime="424.6">a</w>
   <w nite:id="ES2009b.C.words226" starttime="424.6" endtime="424.9">boring</w>
   <w nite:id="ES2009b.C.words227" starttime="424.9" endtime="427.18">design</w>
   <w nite:id="ES2009b.C.words228" starttime="427.18" endtime="427.18" punc="true">.</w>
   <w nite:id="ES2009b.C.words229" starttime="427.18" endtime="428.64">Um</w>
   <w nite:id="ES2009b.C.words230" starttime="428.64" endtime="428.64" punc="true">.</w>
   <w nite:id="ES2009b.C.words231" starttime="428.64" endtime="428.96">Another</w>
   <w nite:id="ES2009b.C.words232" starttime="428.96" endtime="429.2">remote</w>
   <w nite:id="ES2009b.C.words233" starttime="429.2" endtime="429.99">control</w>
   <w nite:id="ES2009b.C.words234" starttime="429.99" endtime="429.99" punc="true">,</w>
   <w nite:id="ES2009b.C.words235" starttime="429.99" endtime="430.45">slightly</w>
   <w nite:id="ES2009b.C.words236" starttime="430.45" endtime="430.76">different</w>
   <w nite:id="ES2009b.C.words237" starttime="430.76" endtime="430.76" punc="true">,</w>
   <w nite:id="ES2009b.C.words238" starttime="430.76" endtime="430.92">it&#39;s</w>
   <w nite:id="ES2009b.C.words239" starttime="430.92" endtime="431.03">a</w>
   <w nite:id="ES2009b.C.words240" starttime="431.03" endtime="431.46">simpler</w>
   <w nite:id="ES2009b.C.words241" starttime="431.46" endtime="431.69">remote</w>
   <w nite:id="ES2009b.C.words242" starttime="431.69" endtime="432.49">control</w>
   <w nite:id="ES2009b.C.words243" starttime="432.49" endtime="433.19">uh</w>
   <w nite:id="ES2009b.C.words244" starttime="433.19" endtime="433.6">many</w>
   <w nite:id="ES2009b.C.words245" starttime="433.6" endtime="433.89">less</w>
   <w nite:id="ES2009b.C.words246" starttime="433.89" endtime="434.4">buttons</w>
   <w nite:id="ES2009b.C.words247" starttime="434.4" endtime="434.7">but</w>
   <w nite:id="ES2009b.C.words248" starttime="434.7" endtime="435.75">uh</w>
   <w nite:id="ES2009b.C.words249" starttime="435.75" endtime="436.21">has</w>
   <w nite:id="ES2009b.C.words250" starttime="436.21" endtime="436.54">many</w>
   <w nite:id="ES2009b.C.words251" starttime="436.54" endtime="436.85">fewer</w>
   <w nite:id="ES2009b.C.words252" starttime="436.85" endtime="437.81">functions</w>
   <w nite:id="ES2009b.C.words253" starttime="437.81" endtime="437.81" punc="true">,</w>
   <w nite:id="ES2009b.C.words254" starttime="437.81" endtime="438.45">um</w>
   <w nite:id="ES2009b.C.words255" starttime="438.45" endtime="438.61" trunc="true">m</w>
   <w nite:id="ES2009b.C.words256" starttime="438.61" endtime="438.93">much</w>
   <w nite:id="ES2009b.C.words257" starttime="438.93" endtime="439.29">easier</w>
   <w nite:id="ES2009b.C.words258" starttime="439.29" endtime="439.43">for</w>
   <w nite:id="ES2009b.C.words259" starttime="439.43" endtime="439.63">the</w>
   <w nite:id="ES2009b.C.words260" starttime="439.63" endtime="439.96">user</w>
   <w nite:id="ES2009b.C.words261" starttime="439.96" endtime="440.06">to</w>
   <w nite:id="ES2009b.C.words262" starttime="440.06" endtime="440.67">manipulate</w>
   <w nite:id="ES2009b.C.words263" starttime="440.67" endtime="440.82">and</w>
   <w nite:id="ES2009b.C.words264" starttime="440.82" endtime="441.76">use</w>
   <w nite:id="ES2009b.C.words265" starttime="441.76" endtime="441.76" punc="true">.</w>
   <w nite:id="ES2009b.C.words266" starttime="441.76" endtime="442.61">Um</w>
   <w nite:id="ES2009b.C.words267" starttime="442.61" endtime="442.7">it</w>
   <w nite:id="ES2009b.C.words268" starttime="442.7" endtime="442.95">also</w>
   <w nite:id="ES2009b.C.words269" starttime="442.95" endtime="443.09">has</w>
   <w nite:id="ES2009b.C.words270" starttime="443.09" endtime="443.21">a</w>
   <w nite:id="ES2009b.C.words271" starttime="443.21" endtime="443.42">bit</w>
   <w nite:id="ES2009b.C.words272" starttime="443.42" endtime="443.49">of</w>
   <w nite:id="ES2009b.C.words273" starttime="443.49" endtime="443.59">a</w>
   <w nite:id="ES2009b.C.words274" starttime="443.59" endtime="443.95">cheap</w>
   <w nite:id="ES2009b.C.words275" starttime="443.95" endtime="444.5">look</w>
   <w nite:id="ES2009b.C.words276" starttime="444.5" endtime="444.74">and</w>
   <w nite:id="ES2009b.C.words277" starttime="444.74" endtime="444.88">it&#39;s</w>
   <w nite:id="ES2009b.C.words278" starttime="444.88" endtime="445.21">also</w>
   <w nite:id="ES2009b.C.words279" starttime="445.21" endtime="445.52">quite</w>
   <w nite:id="ES2009b.C.words280" starttime="445.52" endtime="445.87">boring</w>
   <w nite:id="ES2009b.C.words281" starttime="445.87" endtime="445.87" punc="true">.</w>
   <w nite:id="ES2009b.C.words282" starttime="447.47" endtime="447.83">So</w>
   <w nite:id="ES2009b.C.words283" starttime="447.83" endtime="447.96">my</w>
   <w nite:id="ES2009b.C.words284" starttime="447.96" endtime="448.36">personal</w>
   <w nite:id="ES2009b.C.words285" starttime="448.36" endtime="450.35">preferences</w>
   <w nite:id="ES2009b.C.words286" starttime="450.35" endtime="450.35" punc="true">.</w>
   <vocalsound nite:id="ES2009b.C.words287" starttime="450.35" endtime="450.35" type="laugh"/>
   <w nite:id="ES2009b.C.words288" starttime="450.35" endtime="451.49">Revolutionise</w>
   <w nite:id="ES2009b.C.words289" starttime="451.49" endtime="451.68">the</w>
   <w nite:id="ES2009b.C.words290" starttime="451.68" endtime="452.21">idea</w>
   <w nite:id="ES2009b.C.words291" starttime="452.21" endtime="452.57">of</w>
   <w nite:id="ES2009b.C.words292" starttime="452.57" endtime="452.96">uh</w>
   <w nite:id="ES2009b.C.words293" starttime="452.96" endtime="453.05">a</w>
   <w nite:id="ES2009b.C.words294" starttime="453.05" endtime="453.34">remote</w>
   <w nite:id="ES2009b.C.words295" starttime="453.34" endtime="454.39">control</w>
   <w nite:id="ES2009b.C.words296" starttime="454.39" endtime="454.39" punc="true">.</w>
   <w nite:id="ES2009b.C.words297" starttime="454.39" endtime="454.71">Um</w>
   <w nite:id="ES2009b.C.words298" starttime="454.71" endtime="455.14">so</w>
   <w nite:id="ES2009b.C.words299" starttime="455.14" endtime="455.54">attain</w>
   <w nite:id="ES2009b.C.words300" starttime="455.54" endtime="455.65">the</w>
   <w nite:id="ES2009b.C.words301" starttime="455.65" endtime="456.33">functionality</w>
   <w nite:id="ES2009b.C.words302" starttime="456.33" endtime="456.46">of</w>
   <w nite:id="ES2009b.C.words303" starttime="456.46" endtime="456.52">a</w>
   <w nite:id="ES2009b.C.words304" starttime="456.52" endtime="457.09">complicated</w>
   <w nite:id="ES2009b.C.words305" starttime="457.09" endtime="457.54">device</w>
   <w nite:id="ES2009b.C.words306" starttime="457.54" endtime="457.72">but</w>
   <w nite:id="ES2009b.C.words307" starttime="457.72" endtime="457.98">use</w>
   <w nite:id="ES2009b.C.words308" starttime="457.98" endtime="458.06">a</w>
   <w nite:id="ES2009b.C.words309" starttime="458.06" endtime="458.69">simple</w>
   <w nite:id="ES2009b.C.words310" starttime="458.69" endtime="459.35">formatted</w>
   <w nite:id="ES2009b.C.words311" starttime="459.35" endtime="460.35">display</w>
   <w nite:id="ES2009b.C.words312" starttime="460.35" endtime="460.53">uh</w>
   <w nite:id="ES2009b.C.words313" starttime="460.53" endtime="460.72">for</w>
   <w nite:id="ES2009b.C.words314" starttime="460.72" endtime="460.78">the</w>
   <w nite:id="ES2009b.C.words315" starttime="460.78" endtime="461.15">user</w>
   <w nite:id="ES2009b.C.words316" starttime="461.15" endtime="461.56">to</w>
   <w nite:id="ES2009b.C.words317" starttime="461.56" endtime="461.71">to</w>
   <w nite:id="ES2009b.C.words318" starttime="461.71" endtime="462.01">work</w>
   <w nite:id="ES2009b.C.words319" starttime="462.01" endtime="462.71">with</w>
   <w nite:id="ES2009b.C.words320" starttime="462.71" endtime="462.71" punc="true">.</w>
   <w nite:id="ES2009b.C.words321" starttime="462.71" endtime="462.8">And</w>
   <w nite:id="ES2009b.C.words322" starttime="462.8" endtime="462.83">I</w>
   <w nite:id="ES2009b.C.words323" starttime="462.83" endtime="462.97">was</w>
   <w nite:id="ES2009b.C.words324" starttime="462.97" endtime="463.19">gonna</w>
   <w nite:id="ES2009b.C.words325" starttime="463.19" endtime="463.36">add</w>
   <w nite:id="ES2009b.C.words326" starttime="463.36" endtime="463.8">another</w>
   <w nite:id="ES2009b.C.words327" starttime="463.8" endtime="464.0">uh</w>
   <w nite:id="ES2009b.C.words328" starttime="464.0" endtime="464.37">slide</w>
   <w nite:id="ES2009b.C.words329" starttime="464.37" endtime="464.6">here</w>
   <w nite:id="ES2009b.C.words330" starttime="464.6" endtime="464.96">but</w>
   <w nite:id="ES2009b.C.words331" starttime="464.96" endtime="465.09">I</w>
   <w nite:id="ES2009b.C.words332" starttime="465.09" endtime="465.35">didn&#39;t</w>
   <w nite:id="ES2009b.C.words333" starttime="465.35" endtime="465.56">quite</w>
   <w nite:id="ES2009b.C.words334" starttime="465.56" endtime="465.8">have</w>
   <w nite:id="ES2009b.C.words335" starttime="465.8" endtime="466.08">time</w>
   <w nite:id="ES2009b.C.words336" starttime="466.08" endtime="466.6">there</w>
   <w nite:id="ES2009b.C.words337" starttime="466.6" endtime="466.6" punc="true">.</w>
   <w nite:id="ES2009b.C.words338" starttime="466.6" endtime="467.31">Um</w>
   <w nite:id="ES2009b.C.words339" starttime="467.31" endtime="467.31" punc="true">.</w>
   <w nite:id="ES2009b.C.words340" starttime="467.31" endtime="467.51">Just</w>
   <w nite:id="ES2009b.C.words341" starttime="467.51" endtime="468.01">incorporating</w>
   <w nite:id="ES2009b.C.words342" starttime="468.01" endtime="468.17">some</w>
   <w nite:id="ES2009b.C.words343" starttime="468.17" endtime="468.23">of</w>
   <w nite:id="ES2009b.C.words344" starttime="468.23" endtime="468.35">the</w>
   <w nite:id="ES2009b.C.words345" starttime="468.35" endtime="468.71">ideas</w>
   <w nite:id="ES2009b.C.words346" starttime="468.71" endtime="468.81">that</w>
   <w nite:id="ES2009b.C.words347" starttime="468.81" endtime="468.92">we</w>
   <w nite:id="ES2009b.C.words348" starttime="468.92" endtime="469.16">had</w>
   <w nite:id="ES2009b.C.words349" starttime="469.16" endtime="470.07">previously</w>
   <w nite:id="ES2009b.C.words350" starttime="470.07" endtime="470.57">like</w>
   <w nite:id="ES2009b.C.words351" starttime="470.57" endtime="471.16">uh</w>
   <w nite:id="ES2009b.C.words352" starttime="471.16" endtime="471.7">having</w>
   <w nite:id="ES2009b.C.words353" starttime="471.7" endtime="472.16">multiple</w>
   <w nite:id="ES2009b.C.words354" starttime="472.16" endtime="472.49">face</w>
   <w nite:id="ES2009b.C.words355" starttime="472.49" endtime="472.69">but</w>
   <w nite:id="ES2009b.C.words356" starttime="472.69" endtime="473.93">it&#39;s</w>
   <w nite:id="ES2009b.C.words357" starttime="473.93" endtime="474.1">uh</w>
   <gap nite:id="ES2009b.C.words358" starttime="474.1" endtime="474.1"/>
   <w nite:id="ES2009b.C.words359" starttime="474.1" endtime="474.1" punc="true">.</w>
   <w nite:id="ES2009b.C.words360" starttime="482.44" endtime="482.56">I</w>
   <w nite:id="ES2009b.C.words361" starttime="482.56" endtime="482.73">can</w>
   <w nite:id="ES2009b.C.words362" starttime="482.73" endtime="482.94">plug</w>
   <w nite:id="ES2009b.C.words363" starttime="482.94" endtime="483.03">you</w>
   <w nite:id="ES2009b.C.words364" starttime="483.03" endtime="483.12">in</w>
   <w nite:id="ES2009b.C.words365" starttime="483.12" endtime="483.12" punc="true">.</w>
   <vocalsound nite:id="ES2009b.C.words366" starttime="684.304" endtime="686.182" type="laugh"/>
   <w nite:id="ES2009b.C.words367" starttime="762.33" endtime="762.65">Sounds</w>
   <w nite:id="ES2009b.C.words368" starttime="762.65" endtime="762.8">good</w>
   <w nite:id="ES2009b.C.words369" starttime="762.8" endtime="762.8" punc="true">.</w>
   <w nite:id="ES2009b.C.words370" starttime="789.32" endtime="789.43">A</w>
   <w nite:id="ES2009b.C.words371" starttime="789.43" endtime="789.69">little</w>
   <w nite:id="ES2009b.C.words372" starttime="789.69" endtime="790.04">sticky</w>
   <w nite:id="ES2009b.C.words373" starttime="790.04" endtime="790.33">pad</w>
   <w nite:id="ES2009b.C.words374" starttime="790.33" endtime="790.44">to</w>
   <w nite:id="ES2009b.C.words375" starttime="790.44" endtime="790.69">stick</w>
   <w nite:id="ES2009b.C.words376" starttime="790.69" endtime="790.83">on</w>
   <w nite:id="ES2009b.C.words377" starttime="790.83" endtime="791.1">top</w>
   <w nite:id="ES2009b.C.words378" starttime="791.1" endtime="791.24">of</w>
   <w nite:id="ES2009b.C.words379" starttime="791.24" endtime="791.44">your</w>
   <w nite:id="ES2009b.C.words380" starttime="791.44" endtime="791.64">uh</w>
   <w nite:id="ES2009b.C.words381" starttime="791.64" endtime="792.4">television</w>
   <w nite:id="ES2009b.C.words382" starttime="792.4" endtime="792.4" punc="true">.</w>
   <w nite:id="ES2009b.C.words383" starttime="792.4" endtime="792.51">And</w>
   <w nite:id="ES2009b.C.words384" starttime="792.51" endtime="792.6">you</w>
   <w nite:id="ES2009b.C.words385" starttime="792.6" endtime="792.8">just</w>
   <w nite:id="ES2009b.C.words386" starttime="792.8" endtime="792.94">say</w>
   <w nite:id="ES2009b.C.words387" starttime="792.94" endtime="793.24">something</w>
   <w nite:id="ES2009b.C.words388" starttime="793.24" endtime="793.38">to</w>
   <disfmarker nite:id="ES2009b.C.words389" starttime="793.38" endtime="793.38"/>
   <w nite:id="ES2009b.C.words390" starttime="793.38" endtime="793.59">into</w>
   <w nite:id="ES2009b.C.words391" starttime="793.59" endtime="793.81">that</w>
   <w nite:id="ES2009b.C.words392" starttime="793.81" endtime="793.95">and</w>
   <w nite:id="ES2009b.C.words393" starttime="793.95" endtime="794.01">it</w>
   <w nite:id="ES2009b.C.words394" starttime="795.47" endtime="795.78">finds</w>
   <w nite:id="ES2009b.C.words395" starttime="795.78" endtime="796.04">your</w>
   <disfmarker nite:id="ES2009b.C.words396" starttime="796.04" endtime="796.192"/>
   <vocalsound nite:id="ES2009b.C.words397" starttime="805.072" endtime="805.072" type="cough"/>
   <w nite:id="ES2009b.C.words398" starttime="806.75" endtime="806.82">The</w>
   <w nite:id="ES2009b.C.words399" starttime="806.82" endtime="806.96">other</w>
   <w nite:id="ES2009b.C.words400" starttime="806.96" endtime="807.17">thing</w>
   <w nite:id="ES2009b.C.words401" starttime="807.17" endtime="807.3">is</w>
   <w nite:id="ES2009b.C.words402" starttime="807.3" endtime="807.44">we</w>
   <w nite:id="ES2009b.C.words403" starttime="807.44" endtime="807.68">might</w>
   <w nite:id="ES2009b.C.words404" starttime="807.68" endtime="807.78">be</w>
   <w nite:id="ES2009b.C.words405" starttime="807.78" endtime="808.0">able</w>
   <w nite:id="ES2009b.C.words406" starttime="808.0" endtime="808.16">to</w>
   <w nite:id="ES2009b.C.words407" starttime="808.16" endtime="808.61">handle</w>
   <w nite:id="ES2009b.C.words408" starttime="808.61" endtime="808.73">the</w>
   <w nite:id="ES2009b.C.words409" starttime="808.73" endtime="810.2">simplicity</w>
   <w nite:id="ES2009b.C.words410" starttime="810.2" endtime="810.53">of</w>
   <w nite:id="ES2009b.C.words411" starttime="810.53" endtime="810.74">a</w>
   <w nite:id="ES2009b.C.words412" starttime="810.74" endtime="810.97">remote</w>
   <w nite:id="ES2009b.C.words413" starttime="810.97" endtime="811.37">control</w>
   <w nite:id="ES2009b.C.words414" starttime="811.37" endtime="811.57">and</w>
   <w nite:id="ES2009b.C.words415" starttime="811.57" endtime="811.77">kind</w>
   <w nite:id="ES2009b.C.words416" starttime="811.77" endtime="811.86">of</w>
   <w nite:id="ES2009b.C.words417" starttime="811.86" endtime="812.26">put</w>
   <w nite:id="ES2009b.C.words418" starttime="812.26" endtime="812.43">the</w>
   <w nite:id="ES2009b.C.words419" starttime="812.43" endtime="812.65">more</w>
   <w nite:id="ES2009b.C.words420" starttime="812.65" endtime="813.22">complicated</w>
   <w nite:id="ES2009b.C.words421" starttime="813.22" endtime="813.49">things</w>
   <w nite:id="ES2009b.C.words422" starttime="813.49" endtime="813.7">into</w>
   <w nite:id="ES2009b.C.words423" starttime="813.7" endtime="813.78">a</w>
   <w nite:id="ES2009b.C.words424" starttime="813.78" endtime="814.07">voice</w>
   <w nite:id="ES2009b.C.words425" starttime="814.07" endtime="814.83">control</w>
   <w nite:id="ES2009b.C.words426" starttime="814.83" endtime="814.83" punc="true">.</w>
   <w nite:id="ES2009b.C.words427" starttime="814.83" endtime="815.03">So</w>
   <w nite:id="ES2009b.C.words428" starttime="815.03" endtime="815.11">it</w>
   <w nite:id="ES2009b.C.words429" starttime="815.11" endtime="815.33">could</w>
   <w nite:id="ES2009b.C.words430" starttime="815.33" endtime="815.44">be</w>
   <w nite:id="ES2009b.C.words431" starttime="815.44" endtime="815.78">sold</w>
   <w nite:id="ES2009b.C.words432" starttime="815.78" endtime="815.92">to</w>
   <w nite:id="ES2009b.C.words433" starttime="815.92" endtime="816.23">both</w>
   <w nite:id="ES2009b.C.words434" starttime="816.23" endtime="816.47">the</w>
   <w nite:id="ES2009b.C.words435" starttime="816.47" endtime="816.91">younger</w>
   <w nite:id="ES2009b.C.words436" starttime="816.91" endtime="817.24">market</w>
   <w nite:id="ES2009b.C.words437" starttime="817.24" endtime="817.35">and</w>
   <w nite:id="ES2009b.C.words438" starttime="817.35" endtime="817.42">the</w>
   <w nite:id="ES2009b.C.words439" starttime="817.42" endtime="817.69">older</w>
   <w nite:id="ES2009b.C.words440" starttime="817.69" endtime="817.99">market</w>
   <w nite:id="ES2009b.C.words441" starttime="817.99" endtime="817.99" punc="true">.</w>
   <w nite:id="ES2009b.C.words442" starttime="817.99" endtime="818.44">And</w>
   <w nite:id="ES2009b.C.words443" starttime="818.44" endtime="818.56">the</w>
   <w nite:id="ES2009b.C.words444" starttime="818.56" endtime="818.87">younger</w>
   <w nite:id="ES2009b.C.words445" starttime="818.87" endtime="819.23">market</w>
   <w nite:id="ES2009b.C.words446" starttime="819.23" endtime="819.36">could</w>
   <w nite:id="ES2009b.C.words447" starttime="819.36" endtime="819.7">use</w>
   <w nite:id="ES2009b.C.words448" starttime="819.7" endtime="819.92">kind</w>
   <w nite:id="ES2009b.C.words449" starttime="819.92" endtime="819.99">of</w>
   <w nite:id="ES2009b.C.words450" starttime="819.99" endtime="820.08">the</w>
   <w nite:id="ES2009b.C.words451" starttime="820.08" endtime="820.46" trunc="true">voi</w>
   <w nite:id="ES2009b.C.words452" starttime="820.46" endtime="820.71">voice</w>
   <w nite:id="ES2009b.C.words453" starttime="820.71" endtime="821.23">control</w>
   <w nite:id="ES2009b.C.words454" starttime="821.23" endtime="821.59">method</w>
   <w nite:id="ES2009b.C.words455" starttime="821.59" endtime="822.15">and</w>
   <w nite:id="ES2009b.C.words456" starttime="822.15" endtime="822.26">the</w>
   <w nite:id="ES2009b.C.words457" starttime="822.26" endtime="822.49">older</w>
   <w nite:id="ES2009b.C.words458" starttime="822.49" endtime="822.8">market</w>
   <w nite:id="ES2009b.C.words459" starttime="822.8" endtime="823.26">might</w>
   <w nite:id="ES2009b.C.words460" starttime="823.26" endtime="823.58">might</w>
   <w nite:id="ES2009b.C.words461" starttime="823.58" endtime="824.07" trunc="true">k</w>
   <w nite:id="ES2009b.C.words462" starttime="824.07" endtime="824.6">exactly</w>
   <w nite:id="ES2009b.C.words463" starttime="824.6" endtime="824.78">and</w>
   <w nite:id="ES2009b.C.words464" starttime="824.78" endtime="824.94">might</w>
   <w nite:id="ES2009b.C.words465" starttime="824.94" endtime="825.46">consider</w>
   <w nite:id="ES2009b.C.words466" starttime="825.46" endtime="825.52">the</w>
   <w nite:id="ES2009b.C.words467" starttime="825.52" endtime="825.8">older</w>
   <w nite:id="ES2009b.C.words468" starttime="825.8" endtime="826.37">market</w>
   <w nite:id="ES2009b.C.words469" starttime="826.37" endtime="826.87">could</w>
   <w nite:id="ES2009b.C.words470" starttime="826.87" endtime="827.12">use</w>
   <w nite:id="ES2009b.C.words471" starttime="827.12" endtime="827.29">the</w>
   <w nite:id="ES2009b.C.words472" starttime="827.29" endtime="827.71">simpler</w>
   <w nite:id="ES2009b.C.words473" starttime="827.71" endtime="828.16">design</w>
   <w nite:id="ES2009b.C.words474" starttime="828.16" endtime="828.33">with</w>
   <w nite:id="ES2009b.C.words475" starttime="828.33" endtime="828.87">the</w>
   <w nite:id="ES2009b.C.words476" starttime="828.87" endtime="829.75">traditional</w>
   <w nite:id="ES2009b.C.words477" starttime="829.75" endtime="830.08">buttons</w>
   <w nite:id="ES2009b.C.words478" starttime="830.08" endtime="830.24">and</w>
   <w nite:id="ES2009b.C.words479" starttime="830.24" endtime="830.38">what</w>
   <w nite:id="ES2009b.C.words480" starttime="830.38" endtime="830.56">not</w>
   <w nite:id="ES2009b.C.words481" starttime="830.56" endtime="830.56" punc="true">.</w>
   <w nite:id="ES2009b.C.words482" starttime="840.36" endtime="840.59">&#39;S</w>
   <w nite:id="ES2009b.C.words483" starttime="840.59" endtime="841.19">definitely</w>
   <w nite:id="ES2009b.C.words484" starttime="841.19" endtime="841.3">an</w>
   <w nite:id="ES2009b.C.words485" starttime="841.3" endtime="841.67">option</w>
   <w nite:id="ES2009b.C.words486" starttime="841.67" endtime="842.16">technically</w>
   <w nite:id="ES2009b.C.words487" starttime="842.16" endtime="842.16" punc="true">.</w>
   <w nite:id="ES2009b.C.words488" starttime="842.16" endtime="842.32">I&#39;ve</w>
   <w nite:id="ES2009b.C.words489" starttime="842.32" endtime="842.69">looked</w>
   <w nite:id="ES2009b.C.words490" starttime="842.69" endtime="843.19">into</w>
   <w nite:id="ES2009b.C.words491" starttime="843.19" endtime="843.37">uh</w>
   <w nite:id="ES2009b.C.words492" starttime="843.37" endtime="843.99">costs</w>
   <w nite:id="ES2009b.C.words493" starttime="843.99" endtime="844.27">of</w>
   <w nite:id="ES2009b.C.words494" starttime="844.27" endtime="844.76">uh</w>
   <w nite:id="ES2009b.C.words495" starttime="844.76" endtime="845.02">touch</w>
   <w nite:id="ES2009b.C.words496" starttime="845.02" endtime="845.35">screen</w>
   <w nite:id="ES2009b.C.words497" starttime="845.35" endtime="845.82">methods</w>
   <w nite:id="ES2009b.C.words498" starttime="845.82" endtime="845.95">and</w>
   <w nite:id="ES2009b.C.words499" starttime="845.95" endtime="846.11">what</w>
   <w nite:id="ES2009b.C.words500" starttime="846.11" endtime="846.37">not</w>
   <w nite:id="ES2009b.C.words501" starttime="846.37" endtime="846.37" punc="true">,</w>
   <w nite:id="ES2009b.C.words502" starttime="846.37" endtime="846.48">they</w>
   <w nite:id="ES2009b.C.words503" starttime="846.48" endtime="846.73">seem</w>
   <w nite:id="ES2009b.C.words504" starttime="846.73" endtime="846.84">to</w>
   <w nite:id="ES2009b.C.words505" starttime="846.84" endtime="847.15">be</w>
   <w nite:id="ES2009b.C.words506" starttime="847.15" endtime="848.44">uh</w>
   <w nite:id="ES2009b.C.words507" starttime="848.44" endtime="848.53">you</w>
   <w nite:id="ES2009b.C.words508" starttime="848.53" endtime="848.71">know</w>
   <w nite:id="ES2009b.C.words509" starttime="848.71" endtime="849.06">almost</w>
   <w nite:id="ES2009b.C.words510" starttime="849.06" endtime="849.17">as</w>
   <w nite:id="ES2009b.C.words511" starttime="849.17" endtime="849.48">cheap</w>
   <w nite:id="ES2009b.C.words512" starttime="849.48" endtime="849.71">as</w>
   <w nite:id="ES2009b.C.words513" starttime="849.71" endtime="849.84">a</w>
   <w nite:id="ES2009b.C.words514" starttime="849.84" endtime="850.18">button</w>
   <w nite:id="ES2009b.C.words515" starttime="850.18" endtime="850.56">method</w>
   <w nite:id="ES2009b.C.words516" starttime="850.56" endtime="850.64">at</w>
   <w nite:id="ES2009b.C.words517" starttime="850.64" endtime="850.81">this</w>
   <w nite:id="ES2009b.C.words518" starttime="850.81" endtime="851.09">point</w>
   <w nite:id="ES2009b.C.words519" starttime="851.09" endtime="851.09" punc="true">.</w>
   <vocalsound nite:id="ES2009b.C.words520" starttime="884.011" endtime="884.768" type="laugh"/>
   <vocalsound nite:id="ES2009b.C.words521" starttime="971.885" endtime="971.885" type="other"/>
   <w nite:id="ES2009b.C.words522" starttime="972.94" endtime="973.4">Um</w>
   <w nite:id="ES2009b.C.words523" starttime="973.4" endtime="973.51">I&#39;m</w>
   <w nite:id="ES2009b.C.words524" starttime="973.51" endtime="973.73">not</w>
   <w nite:id="ES2009b.C.words525" starttime="973.73" endtime="973.94">sure</w>
   <w nite:id="ES2009b.C.words526" starttime="973.94" endtime="974.19">that&#39;s</w>
   <w nite:id="ES2009b.C.words527" starttime="974.19" endtime="974.74">sincerely</w>
   <w nite:id="ES2009b.C.words528" starttime="974.74" endtime="975.13">correct</w>
   <w nite:id="ES2009b.C.words529" starttime="975.13" endtime="975.13" punc="true">,</w>
   <w nite:id="ES2009b.C.words530" starttime="975.13" endtime="975.2">I</w>
   <w nite:id="ES2009b.C.words531" starttime="975.2" endtime="975.45">think</w>
   <w nite:id="ES2009b.C.words532" starttime="975.45" endtime="975.59">if</w>
   <w nite:id="ES2009b.C.words533" starttime="975.59" endtime="975.76">you</w>
   <w nite:id="ES2009b.C.words534" starttime="975.76" endtime="975.96">kind</w>
   <w nite:id="ES2009b.C.words535" starttime="975.96" endtime="976.38">of</w>
   <w nite:id="ES2009b.C.words536" starttime="976.38" endtime="976.61">take</w>
   <w nite:id="ES2009b.C.words537" starttime="976.61" endtime="976.74">the</w>
   <w nite:id="ES2009b.C.words538" starttime="976.74" endtime="977.28">example</w>
   <w nite:id="ES2009b.C.words539" starttime="977.28" endtime="977.4">of</w>
   <w nite:id="ES2009b.C.words540" starttime="977.4" endtime="977.46">a</w>
   <w nite:id="ES2009b.C.words541" starttime="977.46" endtime="977.86">mobile</w>
   <w nite:id="ES2009b.C.words542" starttime="977.86" endtime="978.21">phone</w>
   <w nite:id="ES2009b.C.words543" starttime="978.21" endtime="978.76">that</w>
   <w nite:id="ES2009b.C.words544" starttime="978.76" endtime="979.56">uh</w>
   <w nite:id="ES2009b.C.words545" starttime="979.56" endtime="979.75">trying</w>
   <w nite:id="ES2009b.C.words546" starttime="979.75" endtime="979.81">to</w>
   <w nite:id="ES2009b.C.words547" starttime="979.81" endtime="980.11" mispronounced="true">pass</w>
   <w nite:id="ES2009b.C.words548" starttime="980.11" endtime="980.22">a</w>
   <w nite:id="ES2009b.C.words549" starttime="980.22" endtime="980.7">portion</w>
   <w nite:id="ES2009b.C.words550" starttime="980.7" endtime="980.87">of</w>
   <w nite:id="ES2009b.C.words551" starttime="980.87" endtime="981.13">the</w>
   <w nite:id="ES2009b.C.words552" starttime="981.13" endtime="981.65">device</w>
   <w nite:id="ES2009b.C.words553" starttime="981.65" endtime="981.84">is</w>
   <w nite:id="ES2009b.C.words554" starttime="981.84" endtime="982.17">not</w>
   <w nite:id="ES2009b.C.words555" starttime="982.17" endtime="982.94">interchangeable</w>
   <w nite:id="ES2009b.C.words556" starttime="982.94" endtime="983.34">whereas</w>
   <w nite:id="ES2009b.C.words557" starttime="983.34" endtime="983.51">the</w>
   <w nite:id="ES2009b.C.words558" starttime="983.51" endtime="984.05">surrounding</w>
   <w nite:id="ES2009b.C.words559" starttime="984.05" endtime="984.52">portions</w>
   <w nite:id="ES2009b.C.words560" starttime="984.52" endtime="984.65">are</w>
   <w nite:id="ES2009b.C.words561" starttime="984.65" endtime="986.0">interchangeable</w>
   <w nite:id="ES2009b.C.words562" starttime="986.0" endtime="986.0" punc="true">.</w>
   <w nite:id="ES2009b.C.words563" starttime="986.0" endtime="986.13">We</w>
   <w nite:id="ES2009b.C.words564" starttime="986.13" endtime="986.28">could</w>
   <w nite:id="ES2009b.C.words565" starttime="986.28" endtime="986.52">have</w>
   <w nite:id="ES2009b.C.words566" starttime="986.52" endtime="986.62">the</w>
   <w nite:id="ES2009b.C.words567" starttime="986.62" endtime="987.41">casing</w>
   <w nite:id="ES2009b.C.words568" starttime="987.41" endtime="987.41" punc="true">,</w>
   <w nite:id="ES2009b.C.words569" starttime="987.41" endtime="987.76">the</w>
   <w nite:id="ES2009b.C.words570" starttime="987.76" endtime="987.89">the</w>
   <w nite:id="ES2009b.C.words571" starttime="987.89" endtime="988.2">face</w>
   <w nite:id="ES2009b.C.words572" starttime="988.2" endtime="988.74">plates</w>
   <w nite:id="ES2009b.C.words573" starttime="988.74" endtime="988.74" punc="true">.</w>
   <w nite:id="ES2009b.C.words574" starttime="1040.95" endtime="1041.1">Well</w>
   <w nite:id="ES2009b.C.words575" starttime="1041.1" endtime="1041.51">hopefully</w>
   <w nite:id="ES2009b.C.words576" starttime="1041.51" endtime="1041.72">some</w>
   <w nite:id="ES2009b.C.words577" starttime="1041.72" endtime="1042.0">people</w>
   <w nite:id="ES2009b.C.words578" starttime="1042.0" endtime="1042.23">have</w>
   <w nite:id="ES2009b.C.words579" starttime="1042.23" endtime="1042.52">people</w>
   <w nite:id="ES2009b.C.words580" starttime="1042.52" endtime="1042.82">coming</w>
   <w nite:id="ES2009b.C.words581" starttime="1042.82" endtime="1042.85" trunc="true">t</w>
   <w nite:id="ES2009b.C.words582" starttime="1042.85" endtime="1043.14">over</w>
   <w nite:id="ES2009b.C.words583" starttime="1043.14" endtime="1043.21">to</w>
   <w nite:id="ES2009b.C.words584" starttime="1043.21" endtime="1043.71" trunc="true">w</w>
   <w nite:id="ES2009b.C.words585" starttime="1043.71" endtime="1043.88">to</w>
   <w nite:id="ES2009b.C.words586" starttime="1043.88" endtime="1044.09">hang</w>
   <w nite:id="ES2009b.C.words587" starttime="1044.09" endtime="1044.25">out</w>
   <w nite:id="ES2009b.C.words588" starttime="1044.25" endtime="1044.32">at</w>
   <w nite:id="ES2009b.C.words589" starttime="1044.32" endtime="1044.42">your</w>
   <w nite:id="ES2009b.C.words590" starttime="1044.42" endtime="1044.71">house</w>
   <w nite:id="ES2009b.C.words591" starttime="1044.71" endtime="1044.81">and</w>
   <w nite:id="ES2009b.C.words592" starttime="1044.81" endtime="1045.09">most</w>
   <w nite:id="ES2009b.C.words593" starttime="1045.09" endtime="1045.37">people</w>
   <w nite:id="ES2009b.C.words594" starttime="1045.37" endtime="1045.59">have</w>
   <w nite:id="ES2009b.C.words595" starttime="1045.59" endtime="1045.72">their</w>
   <w nite:id="ES2009b.C.words596" starttime="1045.72" endtime="1046.27">televisions</w>
   <w nite:id="ES2009b.C.words597" starttime="1046.27" endtime="1046.41">in</w>
   <w nite:id="ES2009b.C.words598" starttime="1046.41" endtime="1046.48">the</w>
   <w nite:id="ES2009b.C.words599" starttime="1046.48" endtime="1046.77">living</w>
   <w nite:id="ES2009b.C.words600" starttime="1046.77" endtime="1047.43">room</w>
   <w nite:id="ES2009b.C.words601" starttime="1047.43" endtime="1047.43" punc="true">.</w>
   <w nite:id="ES2009b.C.words602" starttime="1047.43" endtime="1050.28">Uh</w>
   <w nite:id="ES2009b.C.words603" starttime="1050.28" endtime="1050.28" punc="true">.</w>
   <vocalsound nite:id="ES2009b.C.words604" starttime="1050.28" endtime="1050.736" type="laugh"/>
   <w nite:id="ES2009b.C.words605" starttime="1055.16" endtime="1055.37">Sure</w>
   <w nite:id="ES2009b.C.words606" starttime="1055.37" endtime="1055.37" punc="true">.</w>
   <w nite:id="ES2009b.C.words607" starttime="1075.76" endtime="1075.91">Well</w>
   <w nite:id="ES2009b.C.words608" starttime="1075.91" endtime="1076.07">have</w>
   <w nite:id="ES2009b.C.words609" starttime="1076.07" endtime="1076.19">we</w>
   <w nite:id="ES2009b.C.words610" starttime="1076.19" endtime="1076.64">confirmed</w>
   <w nite:id="ES2009b.C.words611" starttime="1076.64" endtime="1076.75">that</w>
   <w nite:id="ES2009b.C.words612" starttime="1076.75" endtime="1076.88">we&#39;re</w>
   <w nite:id="ES2009b.C.words613" starttime="1076.88" endtime="1077.19">gonna</w>
   <w nite:id="ES2009b.C.words614" starttime="1077.19" endtime="1077.34">go</w>
   <w nite:id="ES2009b.C.words615" starttime="1077.34" endtime="1077.62">ahead</w>
   <w nite:id="ES2009b.C.words616" starttime="1077.62" endtime="1077.87">with</w>
   <w nite:id="ES2009b.C.words617" starttime="1077.87" endtime="1078.06">a</w>
   <w nite:id="ES2009b.C.words618" starttime="1078.06" endtime="1078.27">uh</w>
   <w nite:id="ES2009b.C.words619" starttime="1078.27" endtime="1078.52">touch</w>
   <w nite:id="ES2009b.C.words620" starttime="1078.52" endtime="1079.67">screen</w>
   <w nite:id="ES2009b.C.words621" starttime="1079.67" endtime="1079.95">um</w>
   <disfmarker nite:id="ES2009b.C.words622" starttime="1079.95" endtime="1080.08"/>
   <w nite:id="ES2009b.C.words623" starttime="1081.1" endtime="1081.71">Interface</w>
   <w nite:id="ES2009b.C.words624" starttime="1081.71" endtime="1081.71" punc="true">?</w>
   <w nite:id="ES2009b.C.words625" starttime="1151.46" endtime="1151.56">So</w>
   <w nite:id="ES2009b.C.words626" starttime="1151.56" endtime="1151.7">these</w>
   <w nite:id="ES2009b.C.words627" starttime="1151.7" endtime="1151.9">new</w>
   <w nite:id="ES2009b.C.words628" starttime="1151.9" endtime="1152.29">lithium</w>
   <w nite:id="ES2009b.C.words629" starttime="1152.29" endtime="1152.82">batteries</w>
   <w nite:id="ES2009b.C.words630" starttime="1152.82" endtime="1152.96">they</w>
   <w nite:id="ES2009b.C.words631" starttime="1152.96" endtime="1153.31">last</w>
   <w nite:id="ES2009b.C.words632" starttime="1153.31" endtime="1153.56">twenty</w>
   <w nite:id="ES2009b.C.words633" starttime="1153.56" endtime="1154.02">years</w>
   <vocalsound nite:id="ES2009b.C.words634" starttime="1154.02" endtime="1154.02" type="other"/>
   <w nite:id="ES2009b.C.words635" starttime="1154.02" endtime="1154.28">even</w>
   <w nite:id="ES2009b.C.words636" starttime="1154.28" endtime="1154.4">with</w>
   <w nite:id="ES2009b.C.words637" starttime="1154.4" endtime="1154.5">the</w>
   <w nite:id="ES2009b.C.words638" starttime="1154.5" endtime="1154.74">touch</w>
   <w nite:id="ES2009b.C.words639" starttime="1154.74" endtime="1155.08">screen</w>
   <w nite:id="ES2009b.C.words640" starttime="1155.08" endtime="1155.08" punc="true">?</w>
   <w nite:id="ES2009b.C.words641" starttime="1156.37" endtime="1156.61">Those</w>
   <w nite:id="ES2009b.C.words642" starttime="1156.61" endtime="1156.79">new</w>
   <w nite:id="ES2009b.C.words643" starttime="1156.79" endtime="1157.2">ones</w>
   <w nite:id="ES2009b.C.words644" starttime="1157.2" endtime="1157.2" punc="true">.</w>
   <vocalsound nite:id="ES2009b.C.words645" starttime="1159.648" endtime="1160.661" type="laugh"/>
   <vocalsound nite:id="ES2009b.C.words646" starttime="1183.248" endtime="1184.651" type="laugh"/>
   <w nite:id="ES2009b.C.words647" starttime="1271.01" endtime="1271.07">Be</w>
   <w nite:id="ES2009b.C.words648" starttime="1271.07" endtime="1271.58">interesting</w>
   <w nite:id="ES2009b.C.words649" starttime="1271.58" endtime="1271.58" punc="true">.</w>
   <w nite:id="ES2009b.C.words650" starttime="1282.88" endtime="1283.01">We</w>
   <w nite:id="ES2009b.C.words651" starttime="1283.01" endtime="1283.28">put</w>
   <w nite:id="ES2009b.C.words652" starttime="1283.28" endtime="1283.81">fashion</w>
   <w nite:id="ES2009b.C.words653" starttime="1283.81" endtime="1284.16">into</w>
   <w nite:id="ES2009b.C.words654" starttime="1284.16" endtime="1285.14">electronics</w>
   <w nite:id="ES2009b.C.words655" starttime="1285.14" endtime="1285.14" punc="true">.</w>
   <w nite:id="ES2009b.C.words656" starttime="1328.28" endtime="1328.64">Yeah</w>
   <w nite:id="ES2009b.C.words657" starttime="1328.64" endtime="1328.64" punc="true">.</w>
   <w nite:id="ES2009b.C.words658" starttime="1328.64" endtime="1328.72">Uh</w>
   <w nite:id="ES2009b.C.words659" starttime="1328.72" endtime="1328.96">I</w>
   <w nite:id="ES2009b.C.words660" starttime="1328.96" endtime="1329.35">I&#39;m</w>
   <w nite:id="ES2009b.C.words661" starttime="1329.35" endtime="1329.67">I&#39;m</w>
   <w nite:id="ES2009b.C.words662" starttime="1329.67" endtime="1329.88">in</w>
   <w nite:id="ES2009b.C.words663" starttime="1329.88" endtime="1330.29">agreement</w>
   <w nite:id="ES2009b.C.words664" starttime="1330.29" endtime="1330.44">with</w>
   <w nite:id="ES2009b.C.words665" starttime="1330.44" endtime="1330.63">that</w>
   <w nite:id="ES2009b.C.words666" starttime="1330.63" endtime="1330.63" punc="true">,</w>
   <w nite:id="ES2009b.C.words667" starttime="1330.63" endtime="1330.73">I&#39;m</w>
   <w nite:id="ES2009b.C.words668" starttime="1330.73" endtime="1331.07">wondering</w>
   <w nite:id="ES2009b.C.words669" starttime="1331.07" endtime="1331.22">how</w>
   <w nite:id="ES2009b.C.words670" starttime="1331.22" endtime="1331.4">we&#39;re</w>
   <w nite:id="ES2009b.C.words671" starttime="1331.4" endtime="1331.7">gonna</w>
   <w nite:id="ES2009b.C.words672" starttime="1331.7" endtime="1332.0">get</w>
   <w nite:id="ES2009b.C.words673" starttime="1332.0" endtime="1332.66">uh</w>
   <w nite:id="ES2009b.C.words674" starttime="1332.66" endtime="1332.78">we</w>
   <w nite:id="ES2009b.C.words675" starttime="1332.78" endtime="1333.03">put</w>
   <w nite:id="ES2009b.C.words676" starttime="1333.03" endtime="1333.73">fashion</w>
   <w nite:id="ES2009b.C.words677" starttime="1333.73" endtime="1334.06">into</w>
   <w nite:id="ES2009b.C.words678" starttime="1334.06" endtime="1334.83">electronics</w>
   <w nite:id="ES2009b.C.words679" starttime="1334.83" endtime="1335.21">onto</w>
   <w nite:id="ES2009b.C.words680" starttime="1335.21" endtime="1335.42">this</w>
   <w nite:id="ES2009b.C.words681" starttime="1335.42" endtime="1335.97">device</w>
   <w nite:id="ES2009b.C.words682" starttime="1335.97" endtime="1335.97" punc="true">.</w>
   <vocalsound nite:id="ES2009b.C.words683" starttime="1349.568" endtime="1350.098" type="laugh"/>
   <vocalsound nite:id="ES2009b.C.words684" starttime="1351.872" endtime="1351.872" type="laugh"/>
   <w nite:id="ES2009b.C.words685" starttime="1352.4" endtime="1352.57">I&#39;m</w>
   <w nite:id="ES2009b.C.words686" starttime="1352.57" endtime="1352.93">hoping</w>
   <w nite:id="ES2009b.C.words687" starttime="1352.93" endtime="1353.09">for</w>
   <w nite:id="ES2009b.C.words688" starttime="1353.09" endtime="1353.18">a</w>
   <w nite:id="ES2009b.C.words689" starttime="1353.18" endtime="1353.95">subliminal</w>
   <w nite:id="ES2009b.C.words690" starttime="1353.95" endtime="1354.3">maybe</w>
   <w nite:id="ES2009b.C.words691" starttime="1354.3" endtime="1354.59">half</w>
   <w nite:id="ES2009b.C.words692" starttime="1354.59" endtime="1354.67">a</w>
   <w nite:id="ES2009b.C.words693" starttime="1354.67" endtime="1355.41">millisecond</w>
   <w nite:id="ES2009b.C.words694" starttime="1355.41" endtime="1355.58">as</w>
   <w nite:id="ES2009b.C.words695" starttime="1355.58" endtime="1355.68">it</w>
   <w nite:id="ES2009b.C.words696" starttime="1355.68" endtime="1356.18">turns</w>
   <w nite:id="ES2009b.C.words697" starttime="1356.18" endtime="1358.33">on</w>
   <w nite:id="ES2009b.C.words698" starttime="1358.33" endtime="1358.33" punc="true">.</w>
   <vocalsound nite:id="ES2009b.C.words699" starttime="1358.33" endtime="1358.441" type="laugh"/>
   <vocalsound nite:id="ES2009b.C.words700" starttime="1359.952" endtime="1360.256" type="laugh"/>
   <w nite:id="ES2009b.C.words701" starttime="1362.36" endtime="1362.56">Mm-hmm</w>
   <w nite:id="ES2009b.C.words702" starttime="1362.56" endtime="1362.56" punc="true">.</w>
   <vocalsound nite:id="ES2009b.C.words703" starttime="1369.545" endtime="1371.778" type="laugh"/>
   <w nite:id="ES2009b.C.words704" starttime="1385.95" endtime="1386.13">Well</w>
   <w nite:id="ES2009b.C.words705" starttime="1386.13" endtime="1386.29">all</w>
   <w nite:id="ES2009b.C.words706" starttime="1386.29" endtime="1386.37">you</w>
   <w nite:id="ES2009b.C.words707" starttime="1386.37" endtime="1386.46">have</w>
   <w nite:id="ES2009b.C.words708" starttime="1386.46" endtime="1386.58">to</w>
   <w nite:id="ES2009b.C.words709" starttime="1386.58" endtime="1386.69">do</w>
   <w nite:id="ES2009b.C.words710" starttime="1386.69" endtime="1386.82">is</w>
   <w nite:id="ES2009b.C.words711" starttime="1386.82" endtime="1387.07">touch</w>
   <w nite:id="ES2009b.C.words712" starttime="1387.07" endtime="1387.2">the</w>
   <w nite:id="ES2009b.C.words713" starttime="1387.2" endtime="1387.52">screen</w>
   <w nite:id="ES2009b.C.words714" starttime="1387.52" endtime="1387.62">and</w>
   <w nite:id="ES2009b.C.words715" starttime="1387.62" endtime="1387.69">it</w>
   <w nite:id="ES2009b.C.words716" starttime="1387.69" endtime="1388.27">automatically</w>
   <w nite:id="ES2009b.C.words717" starttime="1388.27" endtime="1388.5">goes</w>
   <w nite:id="ES2009b.C.words718" starttime="1388.5" endtime="1389.05">on</w>
   <w nite:id="ES2009b.C.words719" starttime="1389.05" endtime="1389.05" punc="true">.</w>
   <w nite:id="ES2009b.C.words720" starttime="1389.05" endtime="1389.73">Yep</w>
   <w nite:id="ES2009b.C.words721" starttime="1389.73" endtime="1389.73" punc="true">.</w>
   <w nite:id="ES2009b.C.words722" starttime="1389.73" endtime="1389.99">Goes</w>
   <w nite:id="ES2009b.C.words723" starttime="1389.99" endtime="1390.17">into</w>
   <w nite:id="ES2009b.C.words724" starttime="1390.17" endtime="1390.28">a</w>
   <w nite:id="ES2009b.C.words725" starttime="1390.28" endtime="1390.59">sleep</w>
   <w nite:id="ES2009b.C.words726" starttime="1390.59" endtime="1390.93">mode</w>
   <w nite:id="ES2009b.C.words727" starttime="1390.93" endtime="1390.93" punc="true">.</w>
   <w nite:id="ES2009b.C.words728" starttime="1420.56" endtime="1420.74">I&#39;ve</w>
   <w nite:id="ES2009b.C.words729" starttime="1420.74" endtime="1420.92">put</w>
   <w nite:id="ES2009b.C.words730" starttime="1420.92" endtime="1421.09">my</w>
   <w nite:id="ES2009b.C.words731" starttime="1421.09" endtime="1421.45">files</w>
   <w nite:id="ES2009b.C.words732" starttime="1421.45" endtime="1421.56">in</w>
   <w nite:id="ES2009b.C.words733" starttime="1421.56" endtime="1421.67">the</w>
   <w nite:id="ES2009b.C.words734" starttime="1421.67" endtime="1422.01">shared</w>
   <w nite:id="ES2009b.C.words735" starttime="1422.01" endtime="1422.34">folder</w>
   <w nite:id="ES2009b.C.words736" starttime="1422.34" endtime="1422.49">as</w>
   <w nite:id="ES2009b.C.words737" starttime="1422.49" endtime="1422.63">well</w>
   <w nite:id="ES2009b.C.words738" starttime="1422.63" endtime="1422.63" punc="true">.</w>
</nite:root>