<?xml version="1.0" encoding="ISO-8859-1" standalone="yes"?>
<nite:root nite:id="ES2009b.B.words" xmlns:nite="http://nite.sourceforge.net/">
   <vocalsound nite:id="ES2009b.B.words0" starttime="37.792" endtime="38.352" type="laugh"/>
   <w nite:id="ES2009b.B.words1" starttime="85.48" endtime="87.59">Okay</w>
   <w nite:id="ES2009b.B.words2" starttime="87.59" endtime="87.59" punc="true">.</w>
   <w nite:id="ES2009b.B.words3" starttime="87.59" endtime="87.77">So</w>
   <w nite:id="ES2009b.B.words4" starttime="87.77" endtime="87.88">do</w>
   <w nite:id="ES2009b.B.words5" starttime="87.88" endtime="88.03">I</w>
   <w nite:id="ES2009b.B.words6" starttime="88.03" endtime="89.11">unplug</w>
   <w nite:id="ES2009b.B.words7" starttime="89.11" endtime="89.63">this</w>
   <w nite:id="ES2009b.B.words8" starttime="89.63" endtime="89.9">bit</w>
   <w nite:id="ES2009b.B.words9" starttime="89.9" endtime="90.59">here</w>
   <w nite:id="ES2009b.B.words10" starttime="90.59" endtime="90.59" punc="true">?</w>
   <w nite:id="ES2009b.B.words11" starttime="108.05" endtime="110.24">Okay</w>
   <w nite:id="ES2009b.B.words12" starttime="110.24" endtime="110.24" punc="true">.</w>
   <w nite:id="ES2009b.B.words13" starttime="110.24" endtime="112.29">Right</w>
   <w nite:id="ES2009b.B.words14" starttime="112.29" endtime="112.29" punc="true">.</w>
   <w nite:id="ES2009b.B.words15" starttime="112.29" endtime="112.93">That&#39;s</w>
   <w nite:id="ES2009b.B.words16" starttime="112.93" endtime="113.21">page</w>
   <w nite:id="ES2009b.B.words17" starttime="113.21" endtime="113.68">one</w>
   <w nite:id="ES2009b.B.words18" starttime="113.68" endtime="113.78">of</w>
   <w nite:id="ES2009b.B.words19" starttime="113.78" endtime="113.86">my</w>
   <w nite:id="ES2009b.B.words20" starttime="113.86" endtime="117.12">presentation</w>
   <w nite:id="ES2009b.B.words21" starttime="117.12" endtime="117.12" punc="true">.</w>
   <w nite:id="ES2009b.B.words22" starttime="117.12" endtime="117.61">So</w>
   <w nite:id="ES2009b.B.words23" starttime="117.61" endtime="117.83">the</w>
   <w nite:id="ES2009b.B.words24" starttime="117.83" endtime="118.05">uh</w>
   <w nite:id="ES2009b.B.words25" starttime="118.05" endtime="118.92">method</w>
   <w nite:id="ES2009b.B.words26" starttime="118.92" endtime="118.92" punc="true">.</w>
   <w nite:id="ES2009b.B.words27" starttime="118.92" endtime="119.01">We&#39;re</w>
   <w nite:id="ES2009b.B.words28" starttime="119.01" endtime="119.14">gonna</w>
   <w nite:id="ES2009b.B.words29" starttime="119.14" endtime="119.35">have</w>
   <w nite:id="ES2009b.B.words30" starttime="119.35" endtime="119.48">to</w>
   <w nite:id="ES2009b.B.words31" starttime="119.48" endtime="120.04">understand</w>
   <w nite:id="ES2009b.B.words32" starttime="120.04" endtime="120.22">how</w>
   <w nite:id="ES2009b.B.words33" starttime="120.22" endtime="120.48">remote</w>
   <w nite:id="ES2009b.B.words34" starttime="120.48" endtime="120.94">controls</w>
   <w nite:id="ES2009b.B.words35" starttime="120.94" endtime="121.24">work</w>
   <w nite:id="ES2009b.B.words36" starttime="121.24" endtime="121.37">and</w>
   <w nite:id="ES2009b.B.words37" starttime="121.37" endtime="121.61" trunc="true">res</w>
   <w nite:id="ES2009b.B.words38" starttime="121.61" endtime="122.31">uh</w>
   <w nite:id="ES2009b.B.words39" starttime="122.31" endtime="122.9">successfully</w>
   <w nite:id="ES2009b.B.words40" starttime="122.9" endtime="123.25">complete</w>
   <w nite:id="ES2009b.B.words41" starttime="123.25" endtime="123.41">this</w>
   <w nite:id="ES2009b.B.words42" starttime="123.41" endtime="124.06">project</w>
   <w nite:id="ES2009b.B.words43" starttime="124.06" endtime="124.06" punc="true">.</w>
   <w nite:id="ES2009b.B.words44" starttime="124.06" endtime="125.18">Um</w>
   <w nite:id="ES2009b.B.words45" starttime="125.18" endtime="125.4">remote</w>
   <w nite:id="ES2009b.B.words46" starttime="125.4" endtime="125.71">control</w>
   <w nite:id="ES2009b.B.words47" starttime="125.71" endtime="125.92">works</w>
   <w nite:id="ES2009b.B.words48" starttime="125.92" endtime="126.02">as</w>
   <w nite:id="ES2009b.B.words49" starttime="126.02" endtime="126.82">follows</w>
   <w nite:id="ES2009b.B.words50" starttime="126.82" endtime="126.82" punc="true">.</w>
   <w nite:id="ES2009b.B.words51" starttime="126.82" endtime="126.99">This</w>
   <w nite:id="ES2009b.B.words52" starttime="126.99" endtime="127.05">is</w>
   <w nite:id="ES2009b.B.words53" starttime="127.05" endtime="127.19">all</w>
   <w nite:id="ES2009b.B.words54" starttime="127.19" endtime="127.44">pretty</w>
   <w nite:id="ES2009b.B.words55" starttime="127.44" endtime="127.74">basic</w>
   <w nite:id="ES2009b.B.words56" starttime="127.74" endtime="128.08">stuff</w>
   <w nite:id="ES2009b.B.words57" starttime="128.08" endtime="128.18">you</w>
   <w nite:id="ES2009b.B.words58" starttime="128.18" endtime="129.07">guys</w>
   <w nite:id="ES2009b.B.words59" starttime="129.07" endtime="129.07" punc="true">.</w>
   <w nite:id="ES2009b.B.words60" starttime="129.07" endtime="130.59">Um</w>
   <w nite:id="ES2009b.B.words61" starttime="130.59" endtime="130.88">sends</w>
   <w nite:id="ES2009b.B.words62" starttime="130.88" endtime="131.21">message</w>
   <w nite:id="ES2009b.B.words63" starttime="131.21" endtime="131.32">to</w>
   <w nite:id="ES2009b.B.words64" starttime="131.32" endtime="131.57">another</w>
   <w nite:id="ES2009b.B.words65" starttime="131.57" endtime="132.7">system</w>
   <w nite:id="ES2009b.B.words66" starttime="132.7" endtime="132.7" punc="true">,</w>
   <w nite:id="ES2009b.B.words67" starttime="132.7" endtime="133.54">so</w>
   <w nite:id="ES2009b.B.words68" starttime="133.54" endtime="133.71">there&#39;s</w>
   <w nite:id="ES2009b.B.words69" starttime="133.71" endtime="133.77">an</w>
   <w nite:id="ES2009b.B.words70" starttime="133.77" endtime="134.12">energy</w>
   <w nite:id="ES2009b.B.words71" starttime="134.12" endtime="134.44">source</w>
   <w nite:id="ES2009b.B.words72" starttime="134.44" endtime="134.79">involved</w>
   <w nite:id="ES2009b.B.words73" starttime="134.79" endtime="134.86">in</w>
   <w nite:id="ES2009b.B.words74" starttime="134.86" endtime="135.12">that</w>
   <w nite:id="ES2009b.B.words75" starttime="135.12" endtime="135.44">like</w>
   <w nite:id="ES2009b.B.words76" starttime="135.44" endtime="135.52">a</w>
   <w nite:id="ES2009b.B.words77" starttime="135.52" endtime="136.03">battery</w>
   <w nite:id="ES2009b.B.words78" starttime="136.03" endtime="136.16">or</w>
   <w nite:id="ES2009b.B.words79" starttime="136.16" endtime="136.46">solar</w>
   <w nite:id="ES2009b.B.words80" starttime="136.46" endtime="137.4">power</w>
   <w nite:id="ES2009b.B.words81" starttime="137.4" endtime="137.4" punc="true">,</w>
   <w nite:id="ES2009b.B.words82" starttime="137.4" endtime="137.68">something</w>
   <w nite:id="ES2009b.B.words83" starttime="137.68" endtime="137.87">along</w>
   <w nite:id="ES2009b.B.words84" starttime="137.87" endtime="138.08">those</w>
   <w nite:id="ES2009b.B.words85" starttime="138.08" endtime="139.05">lines</w>
   <w nite:id="ES2009b.B.words86" starttime="139.05" endtime="139.05" punc="true">,</w>
   <w nite:id="ES2009b.B.words87" starttime="139.05" endtime="139.21">there&#39;s</w>
   <w nite:id="ES2009b.B.words88" starttime="139.21" endtime="139.28">an</w>
   <w nite:id="ES2009b.B.words89" starttime="139.28" endtime="139.7">integrated</w>
   <w nite:id="ES2009b.B.words90" starttime="139.7" endtime="140.34">circuit</w>
   <w nite:id="ES2009b.B.words91" starttime="140.34" endtime="140.34" punc="true">,</w>
   <w nite:id="ES2009b.B.words92" starttime="140.34" endtime="140.46">which</w>
   <w nite:id="ES2009b.B.words93" starttime="140.46" endtime="140.65">is</w>
   <w nite:id="ES2009b.B.words94" starttime="140.65" endtime="140.74">the</w>
   <w nite:id="ES2009b.B.words95" starttime="140.74" endtime="142.08">microchip</w>
   <w nite:id="ES2009b.B.words96" starttime="142.08" endtime="142.08" punc="true">,</w>
   <w nite:id="ES2009b.B.words97" starttime="142.08" endtime="142.67">um</w>
   <w nite:id="ES2009b.B.words98" starttime="142.67" endtime="142.77">and</w>
   <w nite:id="ES2009b.B.words99" starttime="142.77" endtime="142.91">that</w>
   <w nite:id="ES2009b.B.words100" starttime="142.91" endtime="143.2">actually</w>
   <w nite:id="ES2009b.B.words101" starttime="143.2" endtime="143.66">compose</w>
   <w nite:id="ES2009b.B.words102" starttime="143.66" endtime="143.74">the</w>
   <w nite:id="ES2009b.B.words103" starttime="143.74" endtime="144.95">messages</w>
   <w nite:id="ES2009b.B.words104" starttime="144.95" endtime="145.51">and</w>
   <w nite:id="ES2009b.B.words105" starttime="145.51" endtime="145.99">usually</w>
   <w nite:id="ES2009b.B.words106" starttime="145.99" endtime="146.08">the</w>
   <w nite:id="ES2009b.B.words107" starttime="146.08" endtime="146.26">way</w>
   <w nite:id="ES2009b.B.words108" starttime="146.26" endtime="146.34">a</w>
   <w nite:id="ES2009b.B.words109" starttime="146.34" endtime="146.61">a</w>
   <w nite:id="ES2009b.B.words110" starttime="146.61" endtime="146.88">remote</w>
   <w nite:id="ES2009b.B.words111" starttime="146.88" endtime="147.15">control</w>
   <w nite:id="ES2009b.B.words112" starttime="147.15" endtime="147.43">works</w>
   <w nite:id="ES2009b.B.words113" starttime="147.43" endtime="147.57">is</w>
   <w nite:id="ES2009b.B.words114" starttime="147.57" endtime="147.66">it</w>
   <w nite:id="ES2009b.B.words115" starttime="147.66" endtime="148.07">sends</w>
   <w nite:id="ES2009b.B.words116" starttime="148.07" endtime="148.65">infrared</w>
   <w nite:id="ES2009b.B.words117" starttime="148.65" endtime="149.07">bits</w>
   <w nite:id="ES2009b.B.words118" starttime="149.07" endtime="149.94">to</w>
   <w nite:id="ES2009b.B.words119" starttime="149.94" endtime="150.25">another</w>
   <w nite:id="ES2009b.B.words120" starttime="150.25" endtime="151.82">system</w>
   <w nite:id="ES2009b.B.words121" starttime="151.82" endtime="151.82" punc="true">.</w>
   <w nite:id="ES2009b.B.words122" starttime="151.82" endtime="151.98">A</w>
   <w nite:id="ES2009b.B.words123" starttime="151.98" endtime="152.3">user</w>
   <w nite:id="ES2009b.B.words124" starttime="152.3" endtime="152.69">interface</w>
   <w nite:id="ES2009b.B.words125" starttime="152.69" endtime="153.12">controls</w>
   <w nite:id="ES2009b.B.words126" starttime="153.12" endtime="153.21">the</w>
   <w nite:id="ES2009b.B.words127" starttime="153.21" endtime="154.16">chip</w>
   <w nite:id="ES2009b.B.words128" starttime="154.16" endtime="154.16" punc="true">,</w>
   <w nite:id="ES2009b.B.words129" starttime="154.16" endtime="154.54">basically</w>
   <w nite:id="ES2009b.B.words130" starttime="154.54" endtime="155.09">that&#39;s</w>
   <w nite:id="ES2009b.B.words131" starttime="155.09" endtime="155.18">the</w>
   <w nite:id="ES2009b.B.words132" starttime="155.18" endtime="155.71">casing</w>
   <w nite:id="ES2009b.B.words133" starttime="155.71" endtime="155.81">and</w>
   <w nite:id="ES2009b.B.words134" starttime="155.81" endtime="155.88">the</w>
   <w nite:id="ES2009b.B.words135" starttime="155.88" endtime="157.19">buttons</w>
   <w nite:id="ES2009b.B.words136" starttime="157.19" endtime="157.55">and</w>
   <w nite:id="ES2009b.B.words137" starttime="157.55" endtime="158.19">um</w>
   <w nite:id="ES2009b.B.words138" starttime="158.19" endtime="158.78">accordingly</w>
   <w nite:id="ES2009b.B.words139" starttime="158.78" endtime="158.87">the</w>
   <w nite:id="ES2009b.B.words140" starttime="158.87" endtime="159.31">messages</w>
   <w nite:id="ES2009b.B.words141" starttime="159.31" endtime="159.44">as</w>
   <w nite:id="ES2009b.B.words142" starttime="159.44" endtime="160.76">well</w>
   <w nite:id="ES2009b.B.words143" starttime="160.76" endtime="160.76" punc="true">.</w>
   <w nite:id="ES2009b.B.words144" starttime="161.7" endtime="161.96">So</w>
   <w nite:id="ES2009b.B.words145" starttime="161.96" endtime="162.12">my</w>
   <w nite:id="ES2009b.B.words146" starttime="162.12" endtime="162.82">findings</w>
   <w nite:id="ES2009b.B.words147" starttime="162.82" endtime="162.82" punc="true">,</w>
   <w nite:id="ES2009b.B.words148" starttime="162.82" endtime="163.56">um</w>
   <w nite:id="ES2009b.B.words149" starttime="163.56" endtime="163.61">I</w>
   <w nite:id="ES2009b.B.words150" starttime="163.61" endtime="163.83">just</w>
   <w nite:id="ES2009b.B.words151" starttime="163.83" endtime="164.01">did</w>
   <w nite:id="ES2009b.B.words152" starttime="164.01" endtime="164.26">a</w>
   <w nite:id="ES2009b.B.words153" starttime="164.26" endtime="164.75">preliminary</w>
   <w nite:id="ES2009b.B.words154" starttime="164.75" endtime="165.2">study</w>
   <w nite:id="ES2009b.B.words155" starttime="165.2" endtime="165.59">here</w>
   <w nite:id="ES2009b.B.words156" starttime="165.59" endtime="165.84">and</w>
   <w nite:id="ES2009b.B.words157" starttime="165.84" endtime="165.98">uh</w>
   <w nite:id="ES2009b.B.words158" starttime="165.98" endtime="166.07">I</w>
   <w nite:id="ES2009b.B.words159" starttime="166.07" endtime="166.44">found</w>
   <w nite:id="ES2009b.B.words160" starttime="166.44" endtime="167.11">that</w>
   <w nite:id="ES2009b.B.words161" starttime="167.11" endtime="167.28">too</w>
   <w nite:id="ES2009b.B.words162" starttime="167.28" endtime="167.5">much</w>
   <w nite:id="ES2009b.B.words163" starttime="167.5" endtime="167.83">metal</w>
   <w nite:id="ES2009b.B.words164" starttime="167.83" endtime="167.89">in</w>
   <w nite:id="ES2009b.B.words165" starttime="167.89" endtime="168.17">remote</w>
   <w nite:id="ES2009b.B.words166" starttime="168.17" endtime="168.57">design</w>
   <w nite:id="ES2009b.B.words167" starttime="168.57" endtime="168.77">could</w>
   <w nite:id="ES2009b.B.words168" starttime="168.77" endtime="169.3">potentially</w>
   <w nite:id="ES2009b.B.words169" starttime="169.3" endtime="169.65">cause</w>
   <w nite:id="ES2009b.B.words170" starttime="169.65" endtime="170.87">interference</w>
   <w nite:id="ES2009b.B.words171" starttime="170.87" endtime="170.96">with</w>
   <w nite:id="ES2009b.B.words172" starttime="170.96" endtime="171.04">the</w>
   <w nite:id="ES2009b.B.words173" starttime="171.04" endtime="171.38">ability</w>
   <w nite:id="ES2009b.B.words174" starttime="171.38" endtime="171.45">of</w>
   <w nite:id="ES2009b.B.words175" starttime="171.45" endtime="171.51">the</w>
   <w nite:id="ES2009b.B.words176" starttime="171.51" endtime="171.78">remote</w>
   <w nite:id="ES2009b.B.words177" starttime="171.78" endtime="171.89">to</w>
   <w nite:id="ES2009b.B.words178" starttime="171.89" endtime="172.12">send</w>
   <w nite:id="ES2009b.B.words179" starttime="172.12" endtime="173.35">commands</w>
   <w nite:id="ES2009b.B.words180" starttime="173.35" endtime="173.35" punc="true">.</w>
   <w nite:id="ES2009b.B.words181" starttime="173.35" endtime="173.95">And</w>
   <w nite:id="ES2009b.B.words182" starttime="173.95" endtime="174.09">too</w>
   <w nite:id="ES2009b.B.words183" starttime="174.09" endtime="174.27">much</w>
   <w nite:id="ES2009b.B.words184" starttime="174.27" endtime="174.51">metal</w>
   <w nite:id="ES2009b.B.words185" starttime="174.51" endtime="174.64">can</w>
   <w nite:id="ES2009b.B.words186" starttime="174.64" endtime="174.97">cause</w>
   <w nite:id="ES2009b.B.words187" starttime="174.97" endtime="175.32">remotes</w>
   <w nite:id="ES2009b.B.words188" starttime="175.32" endtime="175.38">to</w>
   <w nite:id="ES2009b.B.words189" starttime="175.38" endtime="175.75">behave</w>
   <w nite:id="ES2009b.B.words190" starttime="175.75" endtime="176.65">unexpectedly</w>
   <w nite:id="ES2009b.B.words191" starttime="176.65" endtime="176.75">by</w>
   <w nite:id="ES2009b.B.words192" starttime="176.75" endtime="177.23">receiving</w>
   <w nite:id="ES2009b.B.words193" starttime="177.23" endtime="177.56">false</w>
   <w nite:id="ES2009b.B.words194" starttime="177.56" endtime="178.76">signals</w>
   <w nite:id="ES2009b.B.words195" starttime="178.76" endtime="178.76" punc="true">.</w>
   <w nite:id="ES2009b.B.words196" starttime="178.76" endtime="179.25">Um</w>
   <w nite:id="ES2009b.B.words197" starttime="179.25" endtime="179.37">too</w>
   <w nite:id="ES2009b.B.words198" starttime="179.37" endtime="179.51">much</w>
   <w nite:id="ES2009b.B.words199" starttime="179.51" endtime="179.69">metal</w>
   <w nite:id="ES2009b.B.words200" starttime="179.69" endtime="179.78">is</w>
   <w nite:id="ES2009b.B.words201" starttime="179.78" endtime="179.94">used</w>
   <w nite:id="ES2009b.B.words202" starttime="179.94" endtime="180.23">sometimes</w>
   <w nite:id="ES2009b.B.words203" starttime="180.23" endtime="180.32">and</w>
   <w nite:id="ES2009b.B.words204" starttime="180.32" endtime="180.57">people</w>
   <w nite:id="ES2009b.B.words205" starttime="180.57" endtime="180.79">pick</w>
   <w nite:id="ES2009b.B.words206" starttime="180.79" endtime="180.99">up</w>
   <w nite:id="ES2009b.B.words207" starttime="180.99" endtime="181.25">radio</w>
   <w nite:id="ES2009b.B.words208" starttime="181.25" endtime="181.7">signals</w>
   <w nite:id="ES2009b.B.words209" starttime="181.7" endtime="181.79">and</w>
   <w nite:id="ES2009b.B.words210" starttime="181.79" endtime="181.85">the</w>
   <w nite:id="ES2009b.B.words211" starttime="181.85" endtime="182.76">like</w>
   <w nite:id="ES2009b.B.words212" starttime="182.76" endtime="182.76" punc="true">,</w>
   <w nite:id="ES2009b.B.words213" starttime="182.76" endtime="183.02">and</w>
   <w nite:id="ES2009b.B.words214" starttime="183.02" endtime="183.15">there&#39;s</w>
   <w nite:id="ES2009b.B.words215" starttime="183.15" endtime="183.4">also</w>
   <w nite:id="ES2009b.B.words216" starttime="183.4" endtime="183.48">the</w>
   <w nite:id="ES2009b.B.words217" starttime="183.48" endtime="184.04">possibility</w>
   <w nite:id="ES2009b.B.words218" starttime="184.04" endtime="184.1">of</w>
   <w nite:id="ES2009b.B.words219" starttime="184.1" endtime="184.16">the</w>
   <w nite:id="ES2009b.B.words220" starttime="184.16" endtime="184.39">remote</w>
   <w nite:id="ES2009b.B.words221" starttime="184.39" endtime="184.74">catching</w>
   <w nite:id="ES2009b.B.words222" starttime="184.74" endtime="184.85">on</w>
   <w nite:id="ES2009b.B.words223" starttime="184.85" endtime="185.69">fire</w>
   <w nite:id="ES2009b.B.words224" starttime="185.69" endtime="185.85">and</w>
   <w nite:id="ES2009b.B.words225" starttime="185.85" endtime="186.23">injuring</w>
   <w nite:id="ES2009b.B.words226" starttime="186.23" endtime="186.3">the</w>
   <w nite:id="ES2009b.B.words227" starttime="186.3" endtime="188.11">customer</w>
   <w nite:id="ES2009b.B.words228" starttime="188.11" endtime="188.11" punc="true">,</w>
   <w nite:id="ES2009b.B.words229" starttime="188.11" endtime="188.35">just</w>
   <w nite:id="ES2009b.B.words230" starttime="188.35" endtime="188.56">think</w>
   <w nite:id="ES2009b.B.words231" starttime="188.56" endtime="188.63">of</w>
   <w nite:id="ES2009b.B.words232" starttime="188.63" endtime="188.86">those</w>
   <w nite:id="ES2009b.B.words233" starttime="188.86" endtime="189.52">lawsuits</w>
   <w nite:id="ES2009b.B.words234" starttime="189.52" endtime="189.52" punc="true">,</w>
   <w nite:id="ES2009b.B.words235" starttime="189.52" endtime="189.73">that&#39;d</w>
   <w nite:id="ES2009b.B.words236" starttime="189.73" endtime="189.91">be</w>
   <w nite:id="ES2009b.B.words237" starttime="189.91" endtime="190.17">really</w>
   <w nite:id="ES2009b.B.words238" starttime="190.17" endtime="191.12">bad</w>
   <w nite:id="ES2009b.B.words239" starttime="191.12" endtime="191.12" punc="true">.</w>
   <w nite:id="ES2009b.B.words240" starttime="191.12" endtime="191.54">Therefore</w>
   <w nite:id="ES2009b.B.words241" starttime="191.54" endtime="191.61">I</w>
   <w nite:id="ES2009b.B.words242" starttime="191.61" endtime="192.2">suggest</w>
   <w nite:id="ES2009b.B.words243" starttime="192.2" endtime="192.67">primarily</w>
   <w nite:id="ES2009b.B.words244" starttime="192.67" endtime="193.09">plastic</w>
   <w nite:id="ES2009b.B.words245" starttime="193.09" endtime="194.06">construction</w>
   <w nite:id="ES2009b.B.words246" starttime="194.06" endtime="194.06" punc="true">.</w>
   <w nite:id="ES2009b.B.words247" starttime="194.98" endtime="196.06">Um</w>
   <w nite:id="ES2009b.B.words248" starttime="196.06" endtime="196.06" punc="true">,</w>
   <w nite:id="ES2009b.B.words249" starttime="196.06" endtime="196.82">components</w>
   <w nite:id="ES2009b.B.words250" starttime="196.82" endtime="196.82" punc="true">.</w>
   <w nite:id="ES2009b.B.words251" starttime="196.82" endtime="197.01">Just</w>
   <w nite:id="ES2009b.B.words252" starttime="197.01" endtime="197.27">some</w>
   <w nite:id="ES2009b.B.words253" starttime="197.27" endtime="197.74">ideas</w>
   <w nite:id="ES2009b.B.words254" starttime="197.74" endtime="197.86">that</w>
   <w nite:id="ES2009b.B.words255" starttime="197.86" endtime="197.94">I</w>
   <w nite:id="ES2009b.B.words256" starttime="197.94" endtime="198.46">had</w>
   <w nite:id="ES2009b.B.words257" starttime="198.46" endtime="198.46" punc="true">,</w>
   <w nite:id="ES2009b.B.words258" starttime="198.46" endtime="198.96">um</w>
   <w nite:id="ES2009b.B.words259" starttime="198.96" endtime="198.96" punc="true">,</w>
   <w nite:id="ES2009b.B.words260" starttime="198.96" endtime="199.24">energy</w>
   <w nite:id="ES2009b.B.words261" starttime="199.24" endtime="200.27">source</w>
   <w nite:id="ES2009b.B.words262" starttime="200.27" endtime="200.27" punc="true">,</w>
   <w nite:id="ES2009b.B.words263" starttime="200.27" endtime="200.39">it&#39;s</w>
   <w nite:id="ES2009b.B.words264" starttime="200.39" endtime="200.6">kinda</w>
   <w nite:id="ES2009b.B.words265" starttime="200.6" endtime="200.81">hip</w>
   <w nite:id="ES2009b.B.words266" starttime="200.81" endtime="200.92">to</w>
   <w nite:id="ES2009b.B.words267" starttime="200.92" endtime="201.04">be</w>
   <w nite:id="ES2009b.B.words268" starttime="201.04" endtime="201.35">eco</w>
   <w nite:id="ES2009b.B.words269" starttime="201.35" endtime="201.87">friendly</w>
   <w nite:id="ES2009b.B.words270" starttime="201.87" endtime="202.17">so</w>
   <w nite:id="ES2009b.B.words271" starttime="202.17" endtime="202.27">I</w>
   <w nite:id="ES2009b.B.words272" starttime="202.27" endtime="202.51">thought</w>
   <w nite:id="ES2009b.B.words273" starttime="202.51" endtime="203.35">maybe</w>
   <w nite:id="ES2009b.B.words274" starttime="203.35" endtime="203.42">we</w>
   <w nite:id="ES2009b.B.words275" starttime="203.42" endtime="203.53">could</w>
   <w nite:id="ES2009b.B.words276" starttime="203.53" endtime="203.67">do</w>
   <w nite:id="ES2009b.B.words277" starttime="203.67" endtime="204.0">something</w>
   <w nite:id="ES2009b.B.words278" starttime="204.0" endtime="204.11">with</w>
   <w nite:id="ES2009b.B.words279" starttime="204.11" endtime="204.45">solar</w>
   <w nite:id="ES2009b.B.words280" starttime="204.45" endtime="205.41">power</w>
   <w nite:id="ES2009b.B.words281" starttime="205.41" endtime="205.61">with</w>
   <w nite:id="ES2009b.B.words282" starttime="205.61" endtime="205.68">an</w>
   <w nite:id="ES2009b.B.words283" starttime="205.68" endtime="206.3">alkaline</w>
   <w nite:id="ES2009b.B.words284" starttime="206.3" endtime="206.66">battery</w>
   <w nite:id="ES2009b.B.words285" starttime="206.66" endtime="207.68">backup</w>
   <w nite:id="ES2009b.B.words286" starttime="207.68" endtime="207.68" punc="true">.</w>
   <w nite:id="ES2009b.B.words287" starttime="207.68" endtime="208.63">Um</w>
   <w nite:id="ES2009b.B.words288" starttime="208.63" endtime="208.71">the</w>
   <w nite:id="ES2009b.B.words289" starttime="208.71" endtime="208.92">user</w>
   <w nite:id="ES2009b.B.words290" starttime="208.92" endtime="209.52">interface</w>
   <w nite:id="ES2009b.B.words291" starttime="209.52" endtime="209.52" punc="true">,</w>
   <w nite:id="ES2009b.B.words292" starttime="209.52" endtime="209.57">I</w>
   <w nite:id="ES2009b.B.words293" starttime="209.57" endtime="210.38">was</w>
   <disfmarker nite:id="ES2009b.B.words294" starttime="210.38" endtime="210.38"/>
   <w nite:id="ES2009b.B.words295" starttime="210.38" endtime="210.53">since</w>
   <w nite:id="ES2009b.B.words296" starttime="210.53" endtime="210.59">we</w>
   <w nite:id="ES2009b.B.words297" starttime="210.59" endtime="210.79">can&#39;t</w>
   <w nite:id="ES2009b.B.words298" starttime="210.79" endtime="210.97">use</w>
   <w nite:id="ES2009b.B.words299" starttime="210.97" endtime="211.6">metal</w>
   <w nite:id="ES2009b.B.words300" starttime="211.6" endtime="211.7">I</w>
   <w nite:id="ES2009b.B.words301" starttime="211.7" endtime="211.84">was</w>
   <w nite:id="ES2009b.B.words302" starttime="211.84" endtime="212.13">thinking</w>
   <w nite:id="ES2009b.B.words303" starttime="212.13" endtime="212.35">maybe</w>
   <w nite:id="ES2009b.B.words304" starttime="212.35" endtime="212.42">a</w>
   <w nite:id="ES2009b.B.words305" starttime="212.42" endtime="212.67">high</w>
   <w nite:id="ES2009b.B.words306" starttime="212.67" endtime="213.43">grade</w>
   <w nite:id="ES2009b.B.words307" starttime="213.43" endtime="213.94">recycled</w>
   <w nite:id="ES2009b.B.words308" starttime="213.94" endtime="215.52">plastic</w>
   <w nite:id="ES2009b.B.words309" starttime="215.52" endtime="215.52" punc="true">.</w>
   <w nite:id="ES2009b.B.words310" starttime="215.52" endtime="215.62">The</w>
   <w nite:id="ES2009b.B.words311" starttime="215.62" endtime="216.47">chip</w>
   <w nite:id="ES2009b.B.words312" starttime="216.47" endtime="216.47" punc="true">,</w>
   <w nite:id="ES2009b.B.words313" starttime="216.47" endtime="217.14">um</w>
   <w nite:id="ES2009b.B.words314" starttime="217.14" endtime="217.14" punc="true">,</w>
   <w nite:id="ES2009b.B.words315" starttime="217.14" endtime="217.56">silicon</w>
   <w nite:id="ES2009b.B.words316" starttime="217.56" endtime="217.82">based</w>
   <w nite:id="ES2009b.B.words317" starttime="217.82" endtime="218.1">chip</w>
   <w nite:id="ES2009b.B.words318" starttime="218.1" endtime="218.15">I</w>
   <w nite:id="ES2009b.B.words319" starttime="218.15" endtime="218.27">don&#39;t</w>
   <w nite:id="ES2009b.B.words320" starttime="218.27" endtime="218.44">really</w>
   <w nite:id="ES2009b.B.words321" starttime="218.44" endtime="218.58">see</w>
   <w nite:id="ES2009b.B.words322" starttime="218.58" endtime="218.69">any</w>
   <w nite:id="ES2009b.B.words323" starttime="218.69" endtime="219.29">way</w>
   <w nite:id="ES2009b.B.words324" starttime="219.29" endtime="219.61">around</w>
   <w nite:id="ES2009b.B.words325" starttime="219.61" endtime="219.83">that</w>
   <w nite:id="ES2009b.B.words326" starttime="219.83" endtime="219.83" punc="true">,</w>
   <w nite:id="ES2009b.B.words327" starttime="219.83" endtime="219.9">we</w>
   <w nite:id="ES2009b.B.words328" starttime="219.9" endtime="220.1">can&#39;t</w>
   <w nite:id="ES2009b.B.words329" starttime="220.1" endtime="220.3">really</w>
   <w nite:id="ES2009b.B.words330" starttime="220.3" endtime="220.43">be</w>
   <w nite:id="ES2009b.B.words331" starttime="220.43" endtime="220.88">different</w>
   <w nite:id="ES2009b.B.words332" starttime="220.88" endtime="221.0">in</w>
   <w nite:id="ES2009b.B.words333" starttime="221.0" endtime="221.26">that</w>
   <w nite:id="ES2009b.B.words334" starttime="221.26" endtime="222.9">respect</w>
   <w nite:id="ES2009b.B.words335" starttime="222.9" endtime="222.9" punc="true">.</w>
   <w nite:id="ES2009b.B.words336" starttime="222.9" endtime="223.51">Um</w>
   <w nite:id="ES2009b.B.words337" starttime="223.51" endtime="223.51" punc="true">,</w>
   <w nite:id="ES2009b.B.words338" starttime="223.51" endtime="223.63">the</w>
   <w nite:id="ES2009b.B.words339" starttime="223.63" endtime="224.79">sender</w>
   <w nite:id="ES2009b.B.words340" starttime="224.79" endtime="225.04">well</w>
   <w nite:id="ES2009b.B.words341" starttime="225.04" endtime="225.13">I&#39;m</w>
   <w nite:id="ES2009b.B.words342" starttime="225.13" endtime="225.47">thinking</w>
   <w nite:id="ES2009b.B.words343" starttime="225.47" endtime="226.04">infrared</w>
   <w nite:id="ES2009b.B.words344" starttime="226.04" endtime="226.22">&#39;cause</w>
   <w nite:id="ES2009b.B.words345" starttime="226.22" endtime="226.32">it</w>
   <w nite:id="ES2009b.B.words346" starttime="226.32" endtime="226.59">is</w>
   <w nite:id="ES2009b.B.words347" starttime="226.59" endtime="226.71">the</w>
   <w nite:id="ES2009b.B.words348" starttime="226.71" endtime="227.11">industry</w>
   <w nite:id="ES2009b.B.words349" starttime="227.11" endtime="227.66">standard</w>
   <w nite:id="ES2009b.B.words350" starttime="227.66" endtime="227.66" punc="true">,</w>
   <w nite:id="ES2009b.B.words351" starttime="227.66" endtime="227.95">multi</w>
   <w nite:id="ES2009b.B.words352" starttime="227.95" endtime="228.91">channel</w>
   <w nite:id="ES2009b.B.words353" starttime="228.91" endtime="228.91" punc="true">,</w>
   <w nite:id="ES2009b.B.words354" starttime="228.91" endtime="229.14">that&#39;s</w>
   <w nite:id="ES2009b.B.words355" starttime="229.14" endtime="229.22">a</w>
   <w nite:id="ES2009b.B.words356" starttime="229.22" endtime="229.39">word</w>
   <w nite:id="ES2009b.B.words357" starttime="229.39" endtime="229.48">I</w>
   <w nite:id="ES2009b.B.words358" starttime="229.48" endtime="229.7">made</w>
   <w nite:id="ES2009b.B.words359" starttime="229.7" endtime="229.9">up</w>
   <w nite:id="ES2009b.B.words360" starttime="229.9" endtime="229.9" punc="true">,</w>
   <w nite:id="ES2009b.B.words361" starttime="229.9" endtime="229.93">I</w>
   <w nite:id="ES2009b.B.words362" starttime="229.93" endtime="230.14">don&#39;t</w>
   <w nite:id="ES2009b.B.words363" starttime="230.14" endtime="230.38">really</w>
   <w nite:id="ES2009b.B.words364" starttime="230.38" endtime="230.46">know</w>
   <w nite:id="ES2009b.B.words365" starttime="230.46" endtime="230.56">what</w>
   <w nite:id="ES2009b.B.words366" starttime="230.56" endtime="230.64">it</w>
   <w nite:id="ES2009b.B.words367" starttime="230.64" endtime="231.46">means</w>
   <w nite:id="ES2009b.B.words368" starttime="231.46" endtime="231.46" punc="true">.</w>
   <w nite:id="ES2009b.B.words369" starttime="231.46" endtime="231.61">Uh</w>
   <w nite:id="ES2009b.B.words370" starttime="231.61" endtime="231.94">PAL</w>
   <w nite:id="ES2009b.B.words371" starttime="231.94" endtime="232.03">and</w>
   <w nite:id="ES2009b.B.words372" starttime="232.03" endtime="232.68">N_T_S_C_</w>
   <w nite:id="ES2009b.B.words373" starttime="232.68" endtime="233.56">compatible</w>
   <w nite:id="ES2009b.B.words374" starttime="233.56" endtime="233.83">and</w>
   <w nite:id="ES2009b.B.words375" starttime="233.83" endtime="234.61">uh</w>
   <w nite:id="ES2009b.B.words376" starttime="234.61" endtime="234.87">probably</w>
   <w nite:id="ES2009b.B.words377" starttime="234.87" endtime="234.92">a</w>
   <w nite:id="ES2009b.B.words378" starttime="234.92" endtime="235.1">two</w>
   <w nite:id="ES2009b.B.words379" starttime="235.1" endtime="235.32">hundred</w>
   <w nite:id="ES2009b.B.words380" starttime="235.32" endtime="235.52">foot</w>
   <w nite:id="ES2009b.B.words381" starttime="235.52" endtime="236.73">range</w>
   <w nite:id="ES2009b.B.words382" starttime="236.73" endtime="236.73" punc="true">.</w>
   <w nite:id="ES2009b.B.words383" starttime="236.73" endtime="237.7">Uh</w>
   <w nite:id="ES2009b.B.words384" starttime="237.7" endtime="237.87">and</w>
   <w nite:id="ES2009b.B.words385" starttime="237.87" endtime="237.93">the</w>
   <w nite:id="ES2009b.B.words386" starttime="237.93" endtime="238.34">receiver</w>
   <w nite:id="ES2009b.B.words387" starttime="238.34" endtime="238.47">of</w>
   <w nite:id="ES2009b.B.words388" starttime="238.47" endtime="238.76">course</w>
   <w nite:id="ES2009b.B.words389" starttime="238.76" endtime="238.84">is</w>
   <w nite:id="ES2009b.B.words390" starttime="238.84" endtime="238.98">any</w>
   <w nite:id="ES2009b.B.words391" starttime="238.98" endtime="239.39">number</w>
   <w nite:id="ES2009b.B.words392" starttime="239.39" endtime="239.74">of</w>
   <w nite:id="ES2009b.B.words393" starttime="239.74" endtime="240.22">electronic</w>
   <w nite:id="ES2009b.B.words394" starttime="240.22" endtime="241.53">devices</w>
   <w nite:id="ES2009b.B.words395" starttime="241.53" endtime="241.53" punc="true">.</w>
   <w nite:id="ES2009b.B.words396" starttime="241.53" endtime="241.87">Um</w>
   <w nite:id="ES2009b.B.words397" starttime="241.87" endtime="241.99">but</w>
   <w nite:id="ES2009b.B.words398" starttime="241.99" endtime="242.05">in</w>
   <w nite:id="ES2009b.B.words399" starttime="242.05" endtime="242.18">this</w>
   <w nite:id="ES2009b.B.words400" starttime="242.18" endtime="242.41">case</w>
   <w nite:id="ES2009b.B.words401" starttime="242.41" endtime="242.5">it&#39;ll</w>
   <w nite:id="ES2009b.B.words402" starttime="242.5" endtime="242.62">only</w>
   <w nite:id="ES2009b.B.words403" starttime="242.62" endtime="242.71">be</w>
   <w nite:id="ES2009b.B.words404" starttime="242.71" endtime="244.5">T_V_s</w>
   <w nite:id="ES2009b.B.words405" starttime="244.5" endtime="244.5" punc="true">.</w>
   <w nite:id="ES2009b.B.words406" starttime="244.5" endtime="245.21">Um</w>
   <w nite:id="ES2009b.B.words407" starttime="245.21" endtime="245.53">personal</w>
   <w nite:id="ES2009b.B.words408" starttime="245.53" endtime="246.97">preferences</w>
   <w nite:id="ES2009b.B.words409" starttime="246.97" endtime="246.97" punc="true">,</w>
   <w nite:id="ES2009b.B.words410" starttime="246.97" endtime="247.11">I</w>
   <w nite:id="ES2009b.B.words411" starttime="247.11" endtime="247.45">really</w>
   <w nite:id="ES2009b.B.words412" starttime="247.45" endtime="247.66">think</w>
   <w nite:id="ES2009b.B.words413" starttime="247.66" endtime="247.79">that</w>
   <w nite:id="ES2009b.B.words414" starttime="247.79" endtime="247.88">we</w>
   <w nite:id="ES2009b.B.words415" starttime="247.88" endtime="248.01">should</w>
   <w nite:id="ES2009b.B.words416" starttime="248.01" endtime="248.18">use</w>
   <w nite:id="ES2009b.B.words417" starttime="248.18" endtime="248.75">plastic</w>
   <w nite:id="ES2009b.B.words418" starttime="248.75" endtime="248.83">as</w>
   <w nite:id="ES2009b.B.words419" starttime="248.83" endtime="249.16">opposed</w>
   <w nite:id="ES2009b.B.words420" starttime="249.16" endtime="249.24">to</w>
   <w nite:id="ES2009b.B.words421" starttime="249.24" endtime="249.78">metal</w>
   <w nite:id="ES2009b.B.words422" starttime="249.78" endtime="249.78" punc="true">,</w>
   <w nite:id="ES2009b.B.words423" starttime="249.78" endtime="250.54">um</w>
   <w nite:id="ES2009b.B.words424" starttime="250.54" endtime="250.54" punc="true">,</w>
   <w nite:id="ES2009b.B.words425" starttime="250.54" endtime="250.65">the</w>
   <w nite:id="ES2009b.B.words426" starttime="250.65" endtime="250.95">company</w>
   <w nite:id="ES2009b.B.words427" starttime="250.95" endtime="251.31">simply</w>
   <w nite:id="ES2009b.B.words428" starttime="251.31" endtime="251.62">can&#39;t</w>
   <w nite:id="ES2009b.B.words429" starttime="251.62" endtime="252.63">afford</w>
   <w nite:id="ES2009b.B.words430" starttime="252.63" endtime="252.79">this</w>
   <w nite:id="ES2009b.B.words431" starttime="252.79" endtime="253.07">kinds</w>
   <w nite:id="ES2009b.B.words432" starttime="253.07" endtime="253.18">of</w>
   <w nite:id="ES2009b.B.words433" starttime="253.18" endtime="253.63">lawsuits</w>
   <w nite:id="ES2009b.B.words434" starttime="253.63" endtime="253.84">which</w>
   <w nite:id="ES2009b.B.words435" starttime="253.84" endtime="254.54" trunc="true">adm</w>
   <w nite:id="ES2009b.B.words436" starttime="254.54" endtime="254.91">admittedly</w>
   <w nite:id="ES2009b.B.words437" starttime="254.91" endtime="255.03">is</w>
   <w nite:id="ES2009b.B.words438" starttime="255.03" endtime="255.49">gonna</w>
   <w nite:id="ES2009b.B.words439" starttime="255.49" endtime="255.68">come</w>
   <w nite:id="ES2009b.B.words440" starttime="255.68" endtime="255.78">at</w>
   <w nite:id="ES2009b.B.words441" starttime="255.78" endtime="255.89">the</w>
   <w nite:id="ES2009b.B.words442" starttime="255.89" endtime="256.34">cost</w>
   <w nite:id="ES2009b.B.words443" starttime="256.34" endtime="256.78">of</w>
   <w nite:id="ES2009b.B.words444" starttime="256.78" endtime="256.86">a</w>
   <w nite:id="ES2009b.B.words445" starttime="256.86" endtime="257.15">certain</w>
   <w nite:id="ES2009b.B.words446" starttime="257.15" endtime="257.58">aesthetic</w>
   <w nite:id="ES2009b.B.words447" starttime="257.58" endtime="258.06">value</w>
   <w nite:id="ES2009b.B.words448" starttime="258.06" endtime="258.06" punc="true">,</w>
   <w nite:id="ES2009b.B.words449" starttime="258.06" endtime="258.23">&#39;cause</w>
   <w nite:id="ES2009b.B.words450" starttime="258.23" endtime="258.29">we</w>
   <w nite:id="ES2009b.B.words451" starttime="258.29" endtime="258.44">were</w>
   <w nite:id="ES2009b.B.words452" starttime="258.44" endtime="259.27">thinking</w>
   <disfmarker nite:id="ES2009b.B.words453" starttime="259.27" endtime="259.632"/>
   <w nite:id="ES2009b.B.words454" starttime="272.51" endtime="272.84">Right</w>
   <w nite:id="ES2009b.B.words455" starttime="272.84" endtime="272.84" punc="true">.</w>
   <w nite:id="ES2009b.B.words456" starttime="279.17" endtime="279.46">Yeah</w>
   <w nite:id="ES2009b.B.words457" starttime="279.46" endtime="279.58">that</w>
   <w nite:id="ES2009b.B.words458" starttime="279.58" endtime="279.83">shouldn&#39;t</w>
   <w nite:id="ES2009b.B.words459" starttime="279.83" endtime="279.89">be</w>
   <w nite:id="ES2009b.B.words460" starttime="279.89" endtime="279.93">a</w>
   <w nite:id="ES2009b.B.words461" starttime="279.93" endtime="280.51">problem</w>
   <w nite:id="ES2009b.B.words462" starttime="280.51" endtime="280.51" punc="true">.</w>
   <w nite:id="ES2009b.B.words463" starttime="280.51" endtime="281.16">Um</w>
   <w nite:id="ES2009b.B.words464" starttime="281.16" endtime="281.26">for</w>
   <w nite:id="ES2009b.B.words465" starttime="281.26" endtime="281.84">example</w>
   <w nite:id="ES2009b.B.words466" starttime="281.84" endtime="281.99">the</w>
   <w nite:id="ES2009b.B.words467" starttime="281.99" endtime="282.4">plastic</w>
   <w nite:id="ES2009b.B.words468" starttime="282.4" endtime="282.52">they</w>
   <w nite:id="ES2009b.B.words469" starttime="282.52" endtime="282.7">have</w>
   <w nite:id="ES2009b.B.words470" starttime="282.7" endtime="282.76">on</w>
   <w nite:id="ES2009b.B.words471" starttime="282.76" endtime="282.85">your</w>
   <w nite:id="ES2009b.B.words472" starttime="282.85" endtime="283.28">laptop</w>
   <w nite:id="ES2009b.B.words473" starttime="283.28" endtime="283.51">there</w>
   <w nite:id="ES2009b.B.words474" starttime="283.51" endtime="283.85">is</w>
   <w nite:id="ES2009b.B.words475" starttime="283.85" endtime="284.23">something</w>
   <w nite:id="ES2009b.B.words476" starttime="284.23" endtime="284.73">that&#39;s</w>
   <w nite:id="ES2009b.B.words477" starttime="284.73" endtime="285.12">perfectly</w>
   <w nite:id="ES2009b.B.words478" starttime="285.12" endtime="285.57">possible</w>
   <w nite:id="ES2009b.B.words479" starttime="285.57" endtime="285.73">for</w>
   <w nite:id="ES2009b.B.words480" starttime="285.73" endtime="285.87">us</w>
   <w nite:id="ES2009b.B.words481" starttime="285.87" endtime="286.02">to</w>
   <w nite:id="ES2009b.B.words482" starttime="286.02" endtime="286.44">do</w>
   <w nite:id="ES2009b.B.words483" starttime="286.44" endtime="286.44" punc="true">.</w>
   <vocalsound nite:id="ES2009b.B.words484" starttime="289.744" endtime="289.744" type="other"/>
   <w nite:id="ES2009b.B.words485" starttime="290.45" endtime="290.7">That&#39;s</w>
   <w nite:id="ES2009b.B.words486" starttime="290.7" endtime="290.77">the</w>
   <w nite:id="ES2009b.B.words487" starttime="290.77" endtime="290.87">end</w>
   <w nite:id="ES2009b.B.words488" starttime="290.87" endtime="290.93">of</w>
   <w nite:id="ES2009b.B.words489" starttime="290.93" endtime="291.03">my</w>
   <w nite:id="ES2009b.B.words490" starttime="291.03" endtime="291.78">presentation</w>
   <w nite:id="ES2009b.B.words491" starttime="291.78" endtime="291.78" punc="true">.</w>
   <vocalsound nite:id="ES2009b.B.words492" starttime="334.48" endtime="335.328" type="laugh"/>
   <w nite:id="ES2009b.B.words493" starttime="336.6" endtime="336.72">Is</w>
   <w nite:id="ES2009b.B.words494" starttime="336.72" endtime="336.8">it</w>
   <w nite:id="ES2009b.B.words495" starttime="336.8" endtime="337.07">plugged</w>
   <w nite:id="ES2009b.B.words496" starttime="337.07" endtime="337.19">in</w>
   <w nite:id="ES2009b.B.words497" starttime="337.19" endtime="337.51">well</w>
   <w nite:id="ES2009b.B.words498" starttime="337.51" endtime="337.51" punc="true">?</w>
   <w nite:id="ES2009b.B.words499" starttime="340.73" endtime="340.83">There</w>
   <w nite:id="ES2009b.B.words500" starttime="340.83" endtime="340.91">it</w>
   <w nite:id="ES2009b.B.words501" starttime="340.91" endtime="342.59">goes</w>
   <w nite:id="ES2009b.B.words502" starttime="342.59" endtime="342.59" punc="true">.</w>
   <w nite:id="ES2009b.B.words503" starttime="342.59" endtime="342.98">Computer</w>
   <w nite:id="ES2009b.B.words504" starttime="342.98" endtime="343.57">adjusting</w>
   <w nite:id="ES2009b.B.words505" starttime="343.57" endtime="343.57" punc="true">.</w>
   <w nite:id="ES2009b.B.words506" starttime="404.82" endtime="406.81">Mm</w>
   <w nite:id="ES2009b.B.words507" starttime="406.81" endtime="406.81" punc="true">.</w>
   <vocalsound nite:id="ES2009b.B.words508" starttime="406.81" endtime="407.088" type="other"/>
   <vocalsound nite:id="ES2009b.B.words509" starttime="447.984" endtime="450.256" type="laugh"/>
   <vocalsound nite:id="ES2009b.B.words510" starttime="577.808" endtime="578.384" type="laugh"/>
   <vocalsound nite:id="ES2009b.B.words511" starttime="682.928" endtime="685.994" type="laugh"/>
   <w nite:id="ES2009b.B.words512" starttime="732.7" endtime="733.12">Mm</w>
   <w nite:id="ES2009b.B.words513" starttime="733.12" endtime="733.12" punc="true">.</w>
   <vocalsound nite:id="ES2009b.B.words514" starttime="736.883" endtime="738.272" type="laugh"/>
   <w nite:id="ES2009b.B.words515" starttime="742.54" endtime="743.68">Right</w>
   <w nite:id="ES2009b.B.words516" starttime="743.68" endtime="743.68" punc="true">.</w>
   <w nite:id="ES2009b.B.words517" starttime="743.68" endtime="743.79">I</w>
   <w nite:id="ES2009b.B.words518" starttime="743.79" endtime="743.98">think</w>
   <w nite:id="ES2009b.B.words519" starttime="743.98" endtime="744.07">it</w>
   <w nite:id="ES2009b.B.words520" starttime="744.07" endtime="744.18">would</w>
   <w nite:id="ES2009b.B.words521" starttime="744.18" endtime="744.24">be</w>
   <w nite:id="ES2009b.B.words522" starttime="744.24" endtime="744.7">possible</w>
   <w nite:id="ES2009b.B.words523" starttime="744.7" endtime="745.03">to</w>
   <w nite:id="ES2009b.B.words524" starttime="745.03" endtime="746.01">uh</w>
   <w nite:id="ES2009b.B.words525" starttime="746.01" endtime="746.72">combine</w>
   <w nite:id="ES2009b.B.words526" starttime="746.72" endtime="747.91">the</w>
   <w nite:id="ES2009b.B.words527" starttime="747.91" endtime="748.31">locator</w>
   <w nite:id="ES2009b.B.words528" starttime="748.31" endtime="748.77">device</w>
   <w nite:id="ES2009b.B.words529" starttime="748.77" endtime="748.94">and</w>
   <w nite:id="ES2009b.B.words530" starttime="748.94" endtime="749.0">the</w>
   <w nite:id="ES2009b.B.words531" starttime="749.0" endtime="749.26">voice</w>
   <w nite:id="ES2009b.B.words532" starttime="749.26" endtime="749.82">recognition</w>
   <w nite:id="ES2009b.B.words533" starttime="749.82" endtime="750.59">technology</w>
   <w nite:id="ES2009b.B.words534" starttime="750.59" endtime="750.59" punc="true">.</w>
   <w nite:id="ES2009b.B.words535" starttime="754.45" endtime="754.56">With</w>
   <w nite:id="ES2009b.B.words536" starttime="754.56" endtime="754.62">a</w>
   <w nite:id="ES2009b.B.words537" starttime="754.62" endtime="754.9">simple</w>
   <w nite:id="ES2009b.B.words538" starttime="754.9" endtime="755.26">command</w>
   <w nite:id="ES2009b.B.words539" starttime="755.26" endtime="755.68">like</w>
   <w nite:id="ES2009b.B.words540" starttime="755.68" endtime="756.88">locate</w>
   <w nite:id="ES2009b.B.words541" starttime="756.88" endtime="756.88" punc="true">.</w>
   <w nite:id="ES2009b.B.words542" starttime="756.88" endtime="757.1">And</w>
   <w nite:id="ES2009b.B.words543" starttime="757.1" endtime="758.26">then</w>
   <w nite:id="ES2009b.B.words544" starttime="758.26" endtime="758.33">it</w>
   <w nite:id="ES2009b.B.words545" starttime="758.33" endtime="758.43">could</w>
   <w nite:id="ES2009b.B.words546" starttime="758.43" endtime="758.66">start</w>
   <w nite:id="ES2009b.B.words547" starttime="758.66" endtime="758.76">to</w>
   <w nite:id="ES2009b.B.words548" starttime="758.76" endtime="759.49">beep</w>
   <w nite:id="ES2009b.B.words549" starttime="759.49" endtime="760.02">and</w>
   <w nite:id="ES2009b.B.words550" starttime="761.26" endtime="761.65">therefore</w>
   <w nite:id="ES2009b.B.words551" starttime="761.65" endtime="761.78">be</w>
   <w nite:id="ES2009b.B.words552" starttime="761.78" endtime="762.23">found</w>
   <w nite:id="ES2009b.B.words553" starttime="762.23" endtime="762.23" punc="true">.</w>
   <w nite:id="ES2009b.B.words554" starttime="764.68" endtime="764.98">Oh</w>
   <w nite:id="ES2009b.B.words555" starttime="764.98" endtime="765.18">yeah</w>
   <w nite:id="ES2009b.B.words556" starttime="765.18" endtime="765.28">I</w>
   <w nite:id="ES2009b.B.words557" starttime="765.28" endtime="765.49">think</w>
   <w nite:id="ES2009b.B.words558" starttime="765.49" endtime="765.65">that&#39;s</w>
   <w nite:id="ES2009b.B.words559" starttime="765.65" endtime="765.89">very</w>
   <w nite:id="ES2009b.B.words560" starttime="765.89" endtime="766.73">doable</w>
   <w nite:id="ES2009b.B.words561" starttime="766.73" endtime="766.73" punc="true">.</w>
   <w nite:id="ES2009b.B.words562" starttime="778.3" endtime="778.83">Mm</w>
   <w nite:id="ES2009b.B.words563" starttime="778.83" endtime="778.83" punc="true">.</w>
   <w nite:id="ES2009b.B.words564" starttime="780.31" endtime="780.53">It&#39;s</w>
   <w nite:id="ES2009b.B.words565" starttime="780.53" endtime="780.57">a</w>
   <w nite:id="ES2009b.B.words566" starttime="780.57" endtime="780.75">good</w>
   <w nite:id="ES2009b.B.words567" starttime="780.75" endtime="781.28">point</w>
   <w nite:id="ES2009b.B.words568" starttime="781.28" endtime="781.28" punc="true">.</w>
   <w nite:id="ES2009b.B.words569" starttime="794.63" endtime="795.06">Yeah</w>
   <w nite:id="ES2009b.B.words570" starttime="795.06" endtime="795.06" punc="true">.</w>
   <w nite:id="ES2009b.B.words571" starttime="823.97" endtime="824.65">Mm</w>
   <w nite:id="ES2009b.B.words572" starttime="824.65" endtime="824.65" punc="true">.</w>
   <w nite:id="ES2009b.B.words573" starttime="831.2" endtime="831.41">I</w>
   <w nite:id="ES2009b.B.words574" starttime="831.41" endtime="831.61">was</w>
   <w nite:id="ES2009b.B.words575" starttime="831.61" endtime="832.05">thinking</w>
   <w nite:id="ES2009b.B.words576" starttime="832.05" endtime="832.49">uh</w>
   <disfmarker nite:id="ES2009b.B.words577" starttime="832.49" endtime="832.528"/>
   <w nite:id="ES2009b.B.words578" starttime="833.81" endtime="833.96">Oh</w>
   <w nite:id="ES2009b.B.words579" starttime="833.96" endtime="834.08">go</w>
   <w nite:id="ES2009b.B.words580" starttime="834.08" endtime="834.37">ahead</w>
   <w nite:id="ES2009b.B.words581" starttime="834.37" endtime="834.37" punc="true">.</w>
   <w nite:id="ES2009b.B.words582" starttime="858.69" endtime="859.03">Yeah</w>
   <w nite:id="ES2009b.B.words583" starttime="859.03" endtime="859.03" punc="true">.</w>
   <w nite:id="ES2009b.B.words584" starttime="873.83" endtime="874.03">Gotta</w>
   <w nite:id="ES2009b.B.words585" starttime="874.03" endtime="874.31">wonder</w>
   <w nite:id="ES2009b.B.words586" starttime="874.31" endtime="874.56">though</w>
   <w nite:id="ES2009b.B.words587" starttime="874.56" endtime="874.56" punc="true">,</w>
   <w nite:id="ES2009b.B.words588" starttime="874.56" endtime="874.7">if</w>
   <w nite:id="ES2009b.B.words589" starttime="874.7" endtime="874.8">we&#39;re</w>
   <w nite:id="ES2009b.B.words590" starttime="874.8" endtime="875.34">adding</w>
   <w nite:id="ES2009b.B.words591" starttime="875.34" endtime="875.66">so</w>
   <w nite:id="ES2009b.B.words592" starttime="875.66" endtime="875.89">much</w>
   <w nite:id="ES2009b.B.words593" starttime="875.89" endtime="876.47">technology</w>
   <w nite:id="ES2009b.B.words594" starttime="876.47" endtime="876.65">to</w>
   <w nite:id="ES2009b.B.words595" starttime="876.65" endtime="877.18">this</w>
   <w nite:id="ES2009b.B.words596" starttime="877.18" endtime="877.34">one</w>
   <w nite:id="ES2009b.B.words597" starttime="877.34" endtime="877.78">remote</w>
   <w nite:id="ES2009b.B.words598" starttime="877.78" endtime="877.78" punc="true">,</w>
   <w nite:id="ES2009b.B.words599" starttime="877.78" endtime="877.88">are</w>
   <w nite:id="ES2009b.B.words600" starttime="877.88" endtime="877.95">we</w>
   <w nite:id="ES2009b.B.words601" starttime="877.95" endtime="878.16">still</w>
   <w nite:id="ES2009b.B.words602" starttime="878.16" endtime="878.39">gonna</w>
   <w nite:id="ES2009b.B.words603" starttime="878.39" endtime="878.46">be</w>
   <w nite:id="ES2009b.B.words604" starttime="878.46" endtime="878.63">able</w>
   <w nite:id="ES2009b.B.words605" starttime="878.63" endtime="878.78">to</w>
   <w nite:id="ES2009b.B.words606" starttime="878.78" endtime="878.98">meet</w>
   <w nite:id="ES2009b.B.words607" starttime="878.98" endtime="879.47">out</w>
   <w nite:id="ES2009b.B.words608" starttime="879.47" endtime="879.79">twelve</w>
   <w nite:id="ES2009b.B.words609" starttime="879.79" endtime="880.09" trunc="true">pou</w>
   <w nite:id="ES2009b.B.words610" starttime="880.09" endtime="880.22">our</w>
   <w nite:id="ES2009b.B.words611" starttime="880.22" endtime="880.58">twelve</w>
   <w nite:id="ES2009b.B.words612" starttime="880.58" endtime="881.01">fifty</w>
   <w nite:id="ES2009b.B.words613" starttime="881.01" endtime="882.21">Euro</w>
   <w nite:id="ES2009b.B.words614" starttime="882.21" endtime="882.36">you</w>
   <w nite:id="ES2009b.B.words615" starttime="882.36" endtime="882.75">know</w>
   <w nite:id="ES2009b.B.words616" starttime="882.75" endtime="883.05">goal</w>
   <w nite:id="ES2009b.B.words617" starttime="883.05" endtime="883.34">for</w>
   <w nite:id="ES2009b.B.words618" starttime="883.34" endtime="883.67">selling</w>
   <w nite:id="ES2009b.B.words619" starttime="883.67" endtime="883.84">these</w>
   <w nite:id="ES2009b.B.words620" starttime="883.84" endtime="884.79">things</w>
   <w nite:id="ES2009b.B.words621" starttime="884.79" endtime="884.79" punc="true">.</w>
   <w nite:id="ES2009b.B.words622" starttime="884.79" endtime="884.89">It</w>
   <w nite:id="ES2009b.B.words623" starttime="884.89" endtime="885.19">seems</w>
   <w nite:id="ES2009b.B.words624" starttime="885.19" endtime="885.57">like</w>
   <w nite:id="ES2009b.B.words625" starttime="885.57" endtime="885.57" punc="true">,</w>
   <w nite:id="ES2009b.B.words626" starttime="885.57" endtime="886.36">we&#39;re</w>
   <w nite:id="ES2009b.B.words627" starttime="886.36" endtime="886.55">not</w>
   <w nite:id="ES2009b.B.words628" starttime="886.55" endtime="886.68">gonna</w>
   <w nite:id="ES2009b.B.words629" starttime="886.68" endtime="886.74">be</w>
   <w nite:id="ES2009b.B.words630" starttime="886.74" endtime="886.85">able</w>
   <w nite:id="ES2009b.B.words631" starttime="886.85" endtime="886.92">to</w>
   <w nite:id="ES2009b.B.words632" starttime="886.92" endtime="887.19">handle</w>
   <w nite:id="ES2009b.B.words633" starttime="887.19" endtime="887.41">all</w>
   <w nite:id="ES2009b.B.words634" starttime="887.41" endtime="887.75">these</w>
   <w nite:id="ES2009b.B.words635" starttime="887.75" endtime="888.25">functions</w>
   <w nite:id="ES2009b.B.words636" starttime="888.25" endtime="888.41">with</w>
   <w nite:id="ES2009b.B.words637" starttime="888.41" endtime="888.66">just</w>
   <w nite:id="ES2009b.B.words638" starttime="888.66" endtime="888.78">one</w>
   <w nite:id="ES2009b.B.words639" starttime="888.78" endtime="889.82">microchip</w>
   <w nite:id="ES2009b.B.words640" starttime="889.82" endtime="889.82" punc="true">.</w>
   <w nite:id="ES2009b.B.words641" starttime="889.82" endtime="889.9">The</w>
   <w nite:id="ES2009b.B.words642" starttime="889.9" endtime="890.29">microchip</w>
   <w nite:id="ES2009b.B.words643" starttime="890.29" endtime="890.39">is</w>
   <w nite:id="ES2009b.B.words644" starttime="890.39" endtime="890.65">probably</w>
   <w nite:id="ES2009b.B.words645" starttime="890.65" endtime="890.71">the</w>
   <w nite:id="ES2009b.B.words646" starttime="890.71" endtime="890.89">most</w>
   <w nite:id="ES2009b.B.words647" starttime="890.89" endtime="891.35">expensive</w>
   <w nite:id="ES2009b.B.words648" starttime="891.35" endtime="891.62">part</w>
   <w nite:id="ES2009b.B.words649" starttime="891.62" endtime="892.06">of</w>
   <w nite:id="ES2009b.B.words650" starttime="892.06" endtime="893.16">the</w>
   <w nite:id="ES2009b.B.words651" starttime="893.16" endtime="893.26">the</w>
   <w nite:id="ES2009b.B.words652" starttime="893.26" endtime="893.89">whole</w>
   <w nite:id="ES2009b.B.words653" starttime="893.89" endtime="895.64">mechanism</w>
   <w nite:id="ES2009b.B.words654" starttime="895.64" endtime="895.64" punc="true">.</w>
   <w nite:id="ES2009b.B.words655" starttime="895.64" endtime="895.9">So</w>
   <w nite:id="ES2009b.B.words656" starttime="895.9" endtime="896.02">it&#39;s</w>
   <w nite:id="ES2009b.B.words657" starttime="896.02" endtime="896.19">just</w>
   <w nite:id="ES2009b.B.words658" starttime="896.19" endtime="896.47">something</w>
   <w nite:id="ES2009b.B.words659" starttime="896.47" endtime="896.57">to</w>
   <w nite:id="ES2009b.B.words660" starttime="896.57" endtime="897.95">consider</w>
   <w nite:id="ES2009b.B.words661" starttime="897.95" endtime="897.95" punc="true">.</w>
   <w nite:id="ES2009b.B.words662" starttime="989.96" endtime="990.18">Back</w>
   <w nite:id="ES2009b.B.words663" starttime="990.18" endtime="990.51">to</w>
   <w nite:id="ES2009b.B.words664" starttime="990.51" endtime="990.66">the</w>
   <w nite:id="ES2009b.B.words665" starttime="990.66" endtime="991.2">uh</w>
   <w nite:id="ES2009b.B.words666" starttime="991.2" endtime="991.31">the</w>
   <w nite:id="ES2009b.B.words667" starttime="991.31" endtime="991.81">cost</w>
   <disfmarker nite:id="ES2009b.B.words668" starttime="991.81" endtime="991.81"/>
   <w nite:id="ES2009b.B.words669" starttime="991.81" endtime="991.87">the</w>
   <w nite:id="ES2009b.B.words670" starttime="991.87" endtime="993.32">material</w>
   <w nite:id="ES2009b.B.words671" starttime="993.32" endtime="993.32" punc="true">.</w>
   <vocalsound nite:id="ES2009b.B.words672" starttime="993.32" endtime="993.32" type="other"/>
   <w nite:id="ES2009b.B.words673" starttime="993.32" endtime="993.43">We</w>
   <w nite:id="ES2009b.B.words674" starttime="993.43" endtime="993.58">have</w>
   <w nite:id="ES2009b.B.words675" starttime="993.58" endtime="993.79">to</w>
   <w nite:id="ES2009b.B.words676" starttime="993.79" endtime="994.07">ask</w>
   <w nite:id="ES2009b.B.words677" starttime="994.07" endtime="994.3">whether</w>
   <w nite:id="ES2009b.B.words678" starttime="994.3" endtime="994.4">we&#39;re</w>
   <w nite:id="ES2009b.B.words679" starttime="994.4" endtime="994.66">going</w>
   <w nite:id="ES2009b.B.words680" starttime="994.66" endtime="994.95">to</w>
   <w nite:id="ES2009b.B.words681" starttime="994.95" endtime="995.81">include</w>
   <w nite:id="ES2009b.B.words682" starttime="995.81" endtime="995.9">a</w>
   <w nite:id="ES2009b.B.words683" starttime="995.9" endtime="996.16">certain</w>
   <w nite:id="ES2009b.B.words684" starttime="996.16" endtime="996.36">number</w>
   <w nite:id="ES2009b.B.words685" starttime="996.36" endtime="996.48">of</w>
   <w nite:id="ES2009b.B.words686" starttime="996.48" endtime="996.73">face</w>
   <w nite:id="ES2009b.B.words687" starttime="996.73" endtime="997.45">plates</w>
   <w nite:id="ES2009b.B.words688" starttime="997.45" endtime="997.66">with</w>
   <w nite:id="ES2009b.B.words689" starttime="997.66" endtime="997.76">the</w>
   <w nite:id="ES2009b.B.words690" starttime="997.76" endtime="998.99">package</w>
   <w nite:id="ES2009b.B.words691" starttime="998.99" endtime="998.99" punc="true">?</w>
   <w nite:id="ES2009b.B.words692" starttime="998.99" endtime="999.17">That&#39;s</w>
   <w nite:id="ES2009b.B.words693" starttime="999.17" endtime="999.43">something</w>
   <w nite:id="ES2009b.B.words694" starttime="999.43" endtime="999.5">I</w>
   <w nite:id="ES2009b.B.words695" starttime="999.5" endtime="999.67" trunc="true">w</w>
   <w nite:id="ES2009b.B.words696" starttime="999.67" endtime="1000.03">for</w>
   <disfmarker nite:id="ES2009b.B.words697" starttime="1000.03" endtime="1000.03"/>
   <w nite:id="ES2009b.B.words698" starttime="1000.03" endtime="1000.25">say</w>
   <w nite:id="ES2009b.B.words699" starttime="1000.25" endtime="1000.38">we&#39;re</w>
   <w nite:id="ES2009b.B.words700" starttime="1000.38" endtime="1001.43">including</w>
   <w nite:id="ES2009b.B.words701" starttime="1001.43" endtime="1001.63">three</w>
   <w nite:id="ES2009b.B.words702" starttime="1001.63" endtime="1001.69">or</w>
   <w nite:id="ES2009b.B.words703" starttime="1001.69" endtime="1001.91">four</w>
   <w nite:id="ES2009b.B.words704" starttime="1001.91" endtime="1002.16">face</w>
   <w nite:id="ES2009b.B.words705" starttime="1002.16" endtime="1002.36">plates</w>
   <w nite:id="ES2009b.B.words706" starttime="1002.36" endtime="1002.36" punc="true">,</w>
   <w nite:id="ES2009b.B.words707" starttime="1002.36" endtime="1002.46">it&#39;s</w>
   <w nite:id="ES2009b.B.words708" starttime="1002.46" endtime="1002.59">gonna</w>
   <w nite:id="ES2009b.B.words709" starttime="1002.59" endtime="1002.82">drive</w>
   <w nite:id="ES2009b.B.words710" starttime="1002.82" endtime="1002.89">the</w>
   <w nite:id="ES2009b.B.words711" starttime="1002.89" endtime="1003.43">cost</w>
   <w nite:id="ES2009b.B.words712" starttime="1003.43" endtime="1004.25">up</w>
   <w nite:id="ES2009b.B.words713" starttime="1004.25" endtime="1004.25" punc="true">.</w>
   <w nite:id="ES2009b.B.words714" starttime="1004.25" endtime="1004.81">And</w>
   <w nite:id="ES2009b.B.words715" starttime="1004.81" endtime="1004.92">the</w>
   <w nite:id="ES2009b.B.words716" starttime="1004.92" endtime="1005.06">other</w>
   <w nite:id="ES2009b.B.words717" starttime="1005.06" endtime="1005.35">question</w>
   <w nite:id="ES2009b.B.words718" starttime="1005.35" endtime="1005.44">is</w>
   <w nite:id="ES2009b.B.words719" starttime="1005.44" endtime="1005.44" punc="true">,</w>
   <w nite:id="ES2009b.B.words720" starttime="1005.44" endtime="1005.56">if</w>
   <w nite:id="ES2009b.B.words721" starttime="1005.56" endtime="1005.64">we</w>
   <w nite:id="ES2009b.B.words722" starttime="1005.64" endtime="1005.76">do</w>
   <w nite:id="ES2009b.B.words723" starttime="1005.76" endtime="1006.1">include</w>
   <w nite:id="ES2009b.B.words724" starttime="1006.1" endtime="1006.23">them</w>
   <w nite:id="ES2009b.B.words725" starttime="1006.23" endtime="1006.31">are</w>
   <w nite:id="ES2009b.B.words726" starttime="1006.31" endtime="1006.39">we</w>
   <w nite:id="ES2009b.B.words727" starttime="1006.39" endtime="1006.63">really</w>
   <w nite:id="ES2009b.B.words728" starttime="1006.63" endtime="1006.7">in</w>
   <w nite:id="ES2009b.B.words729" starttime="1006.7" endtime="1006.75">a</w>
   <w nite:id="ES2009b.B.words730" starttime="1006.75" endtime="1007.22">position</w>
   <w nite:id="ES2009b.B.words731" starttime="1007.22" endtime="1007.47">to</w>
   <w nite:id="ES2009b.B.words732" starttime="1007.47" endtime="1008.5">evaluate</w>
   <w nite:id="ES2009b.B.words733" starttime="1008.5" endtime="1008.69">that</w>
   <w nite:id="ES2009b.B.words734" starttime="1008.69" endtime="1009.31">market</w>
   <w nite:id="ES2009b.B.words735" starttime="1009.31" endtime="1009.31" punc="true">?</w>
   <w nite:id="ES2009b.B.words736" starttime="1009.31" endtime="1009.41">We</w>
   <w nite:id="ES2009b.B.words737" starttime="1009.41" endtime="1009.6">haven&#39;t</w>
   <w nite:id="ES2009b.B.words738" starttime="1009.6" endtime="1009.86">done</w>
   <w nite:id="ES2009b.B.words739" starttime="1009.86" endtime="1009.97">any</w>
   <w nite:id="ES2009b.B.words740" starttime="1009.97" endtime="1010.39">tests</w>
   <w nite:id="ES2009b.B.words741" starttime="1010.39" endtime="1011.27">on</w>
   <w nite:id="ES2009b.B.words742" starttime="1011.27" endtime="1011.55">face</w>
   <w nite:id="ES2009b.B.words743" starttime="1011.55" endtime="1011.93">plates</w>
   <w nite:id="ES2009b.B.words744" starttime="1011.93" endtime="1012.02">and</w>
   <w nite:id="ES2009b.B.words745" starttime="1012.02" endtime="1012.38">whether</w>
   <disfmarker nite:id="ES2009b.B.words746" starttime="1012.38" endtime="1012.496"/>
   <w nite:id="ES2009b.B.words747" starttime="1013.73" endtime="1013.96">See</w>
   <w nite:id="ES2009b.B.words748" starttime="1013.96" endtime="1014.07">if</w>
   <w nite:id="ES2009b.B.words749" starttime="1014.07" endtime="1014.3">there</w>
   <disfmarker nite:id="ES2009b.B.words750" starttime="1014.3" endtime="1014.3"/>
   <w nite:id="ES2009b.B.words751" starttime="1014.3" endtime="1014.45">if</w>
   <w nite:id="ES2009b.B.words752" starttime="1014.45" endtime="1014.64">there&#39;s</w>
   <w nite:id="ES2009b.B.words753" starttime="1014.64" endtime="1014.82">even</w>
   <w nite:id="ES2009b.B.words754" starttime="1014.82" endtime="1015.19">interest</w>
   <w nite:id="ES2009b.B.words755" starttime="1015.19" endtime="1015.35">out</w>
   <w nite:id="ES2009b.B.words756" starttime="1015.35" endtime="1016.43">there</w>
   <w nite:id="ES2009b.B.words757" starttime="1016.43" endtime="1016.43" punc="true">.</w>
   <w nite:id="ES2009b.B.words758" starttime="1016.43" endtime="1016.64">Off</w>
   <w nite:id="ES2009b.B.words759" starttime="1016.64" endtime="1016.7">the</w>
   <w nite:id="ES2009b.B.words760" starttime="1016.7" endtime="1016.82">top</w>
   <w nite:id="ES2009b.B.words761" starttime="1016.82" endtime="1016.88">of</w>
   <w nite:id="ES2009b.B.words762" starttime="1016.88" endtime="1016.95">my</w>
   <w nite:id="ES2009b.B.words763" starttime="1016.95" endtime="1017.15">head</w>
   <w nite:id="ES2009b.B.words764" starttime="1017.15" endtime="1017.23">it</w>
   <w nite:id="ES2009b.B.words765" starttime="1017.23" endtime="1017.55">sounds</w>
   <w nite:id="ES2009b.B.words766" starttime="1017.55" endtime="1017.76">kind</w>
   <w nite:id="ES2009b.B.words767" starttime="1017.76" endtime="1017.88">of</w>
   <w nite:id="ES2009b.B.words768" starttime="1017.88" endtime="1018.45">like</w>
   <w nite:id="ES2009b.B.words769" starttime="1018.45" endtime="1018.57">a</w>
   <w nite:id="ES2009b.B.words770" starttime="1018.57" endtime="1018.93">gimmick</w>
   <w nite:id="ES2009b.B.words771" starttime="1018.93" endtime="1019.2">that</w>
   <w nite:id="ES2009b.B.words772" starttime="1019.2" endtime="1019.92">wouldn&#39;t</w>
   <w nite:id="ES2009b.B.words773" starttime="1019.92" endtime="1020.43">really</w>
   <w nite:id="ES2009b.B.words774" starttime="1020.43" endtime="1020.59">go</w>
   <w nite:id="ES2009b.B.words775" starttime="1020.59" endtime="1020.98">anywhere</w>
   <w nite:id="ES2009b.B.words776" starttime="1020.98" endtime="1020.98" punc="true">.</w>
   <w nite:id="ES2009b.B.words777" starttime="1029.49" endtime="1029.87">Yeah</w>
   <w nite:id="ES2009b.B.words778" starttime="1029.87" endtime="1029.87" punc="true">.</w>
   <vocalsound nite:id="ES2009b.B.words779" starttime="1043.39" endtime="1044.944" type="laugh"/>
   <vocalsound nite:id="ES2009b.B.words780" starttime="1151.616" endtime="1153.152" type="laugh"/>
   <w nite:id="ES2009b.B.words781" starttime="1157.7" endtime="1157.79">Can</w>
   <w nite:id="ES2009b.B.words782" starttime="1157.79" endtime="1157.88">we</w>
   <w nite:id="ES2009b.B.words783" starttime="1157.88" endtime="1158.21">afford</w>
   <w nite:id="ES2009b.B.words784" starttime="1158.21" endtime="1158.35">to</w>
   <w nite:id="ES2009b.B.words785" starttime="1158.35" endtime="1158.69">include</w>
   <w nite:id="ES2009b.B.words786" starttime="1158.69" endtime="1158.81">one</w>
   <w nite:id="ES2009b.B.words787" starttime="1158.81" endtime="1158.93">of</w>
   <w nite:id="ES2009b.B.words788" starttime="1158.93" endtime="1159.64">those</w>
   <w nite:id="ES2009b.B.words789" starttime="1159.64" endtime="1159.64" punc="true">?</w>
   <vocalsound nite:id="ES2009b.B.words790" starttime="1161.2" endtime="1163.229" type="laugh"/>
   <vocalsound nite:id="ES2009b.B.words791" starttime="1189.653" endtime="1191.008" type="laugh"/>
   <w nite:id="ES2009b.B.words792" starttime="1226.98" endtime="1227.53">Right</w>
   <w nite:id="ES2009b.B.words793" starttime="1227.53" endtime="1227.53" punc="true">.</w>
   <w nite:id="ES2009b.B.words794" starttime="1243.87" endtime="1244.44">Okay</w>
   <w nite:id="ES2009b.B.words795" starttime="1244.44" endtime="1244.44" punc="true">.</w>
   <w nite:id="ES2009b.B.words796" starttime="1255.84" endtime="1256.15">Since</w>
   <w nite:id="ES2009b.B.words797" starttime="1256.15" endtime="1256.25">we&#39;re</w>
   <w nite:id="ES2009b.B.words798" starttime="1256.25" endtime="1256.75">doing</w>
   <w nite:id="ES2009b.B.words799" starttime="1256.75" endtime="1257.31">uh</w>
   <w nite:id="ES2009b.B.words800" starttime="1257.31" endtime="1257.61">touch</w>
   <w nite:id="ES2009b.B.words801" starttime="1257.61" endtime="1257.88">screen</w>
   <w nite:id="ES2009b.B.words802" starttime="1257.88" endtime="1257.88" punc="true">,</w>
   <w nite:id="ES2009b.B.words803" starttime="1257.88" endtime="1257.95">do</w>
   <w nite:id="ES2009b.B.words804" starttime="1257.95" endtime="1258.01">we</w>
   <w nite:id="ES2009b.B.words805" starttime="1258.01" endtime="1258.15">wanna</w>
   <w nite:id="ES2009b.B.words806" starttime="1258.15" endtime="1258.31">look</w>
   <w nite:id="ES2009b.B.words807" starttime="1258.31" endtime="1258.53">into</w>
   <w nite:id="ES2009b.B.words808" starttime="1258.53" endtime="1258.63">the</w>
   <w nite:id="ES2009b.B.words809" starttime="1258.63" endtime="1259.23">possibility</w>
   <w nite:id="ES2009b.B.words810" starttime="1259.23" endtime="1259.71">of</w>
   <w nite:id="ES2009b.B.words811" starttime="1259.71" endtime="1259.98">people</w>
   <w nite:id="ES2009b.B.words812" starttime="1259.98" endtime="1260.12">being</w>
   <w nite:id="ES2009b.B.words813" starttime="1260.12" endtime="1260.29">able</w>
   <w nite:id="ES2009b.B.words814" starttime="1260.29" endtime="1261.24">to</w>
   <w nite:id="ES2009b.B.words815" starttime="1261.24" endtime="1261.57">input</w>
   <w nite:id="ES2009b.B.words816" starttime="1261.57" endtime="1261.86">different</w>
   <w nite:id="ES2009b.B.words817" starttime="1261.86" endtime="1262.17">types</w>
   <w nite:id="ES2009b.B.words818" starttime="1262.17" endtime="1262.4">of</w>
   <w nite:id="ES2009b.B.words819" starttime="1262.4" endtime="1262.95">skins</w>
   <w nite:id="ES2009b.B.words820" starttime="1262.95" endtime="1263.15">for</w>
   <w nite:id="ES2009b.B.words821" starttime="1263.15" endtime="1263.94">the</w>
   <w nite:id="ES2009b.B.words822" starttime="1263.94" endtime="1264.05">you</w>
   <w nite:id="ES2009b.B.words823" starttime="1264.05" endtime="1264.12">know</w>
   <w nite:id="ES2009b.B.words824" starttime="1264.12" endtime="1264.2">the</w>
   <w nite:id="ES2009b.B.words825" starttime="1264.2" endtime="1264.77">actual</w>
   <w nite:id="ES2009b.B.words826" starttime="1264.77" endtime="1265.31">interface</w>
   <w nite:id="ES2009b.B.words827" starttime="1265.31" endtime="1265.52">part</w>
   <w nite:id="ES2009b.B.words828" starttime="1265.52" endtime="1265.62">of</w>
   <w nite:id="ES2009b.B.words829" starttime="1265.62" endtime="1266.19">it</w>
   <w nite:id="ES2009b.B.words830" starttime="1266.19" endtime="1266.33">and</w>
   <w nite:id="ES2009b.B.words831" starttime="1266.33" endtime="1266.58">things</w>
   <w nite:id="ES2009b.B.words832" starttime="1266.58" endtime="1266.76">like</w>
   <w nite:id="ES2009b.B.words833" starttime="1266.76" endtime="1267.03">that</w>
   <w nite:id="ES2009b.B.words834" starttime="1267.03" endtime="1267.03" punc="true">?</w>
   <w nite:id="ES2009b.B.words835" starttime="1267.03" endtime="1267.09">Or</w>
   <w nite:id="ES2009b.B.words836" starttime="1267.09" endtime="1267.2">is</w>
   <w nite:id="ES2009b.B.words837" starttime="1267.2" endtime="1267.26">it</w>
   <w nite:id="ES2009b.B.words838" starttime="1267.26" endtime="1267.44">just</w>
   <w nite:id="ES2009b.B.words839" starttime="1267.44" endtime="1267.62">gonna</w>
   <w nite:id="ES2009b.B.words840" starttime="1267.62" endtime="1269.0">be</w>
   <w nite:id="ES2009b.B.words841" starttime="1269.0" endtime="1269.56">one</w>
   <w nite:id="ES2009b.B.words842" starttime="1269.56" endtime="1269.8">touch</w>
   <w nite:id="ES2009b.B.words843" starttime="1269.8" endtime="1270.06">screen</w>
   <w nite:id="ES2009b.B.words844" starttime="1270.06" endtime="1270.17">for</w>
   <w nite:id="ES2009b.B.words845" starttime="1270.17" endtime="1270.69">everybody</w>
   <w nite:id="ES2009b.B.words846" starttime="1270.69" endtime="1270.69" punc="true">.</w>
   <w nite:id="ES2009b.B.words847" starttime="1272.6" endtime="1272.91">What</w>
   <w nite:id="ES2009b.B.words848" starttime="1272.91" endtime="1273.07">what</w>
   <w nite:id="ES2009b.B.words849" starttime="1273.07" endtime="1273.2">would</w>
   <w nite:id="ES2009b.B.words850" starttime="1273.2" endtime="1273.31">be</w>
   <w nite:id="ES2009b.B.words851" starttime="1273.31" endtime="1273.41">on</w>
   <w nite:id="ES2009b.B.words852" starttime="1273.41" endtime="1273.54">that</w>
   <w nite:id="ES2009b.B.words853" starttime="1273.54" endtime="1273.75">touch</w>
   <w nite:id="ES2009b.B.words854" starttime="1273.75" endtime="1273.92">screen</w>
   <w nite:id="ES2009b.B.words855" starttime="1273.92" endtime="1273.92" punc="true">?</w>
   <w nite:id="ES2009b.B.words856" starttime="1273.92" endtime="1274.13">&#39;Cause</w>
   <w nite:id="ES2009b.B.words857" starttime="1274.13" endtime="1274.23">you</w>
   <w nite:id="ES2009b.B.words858" starttime="1274.23" endtime="1274.45">said</w>
   <w nite:id="ES2009b.B.words859" starttime="1274.45" endtime="1274.67">earlier</w>
   <w nite:id="ES2009b.B.words860" starttime="1274.67" endtime="1274.78">that</w>
   <w nite:id="ES2009b.B.words861" starttime="1274.78" endtime="1274.88">we</w>
   <w nite:id="ES2009b.B.words862" starttime="1274.88" endtime="1275.06">have</w>
   <w nite:id="ES2009b.B.words863" starttime="1275.06" endtime="1276.01">to</w>
   <w nite:id="ES2009b.B.words864" starttime="1276.01" endtime="1276.19">think</w>
   <w nite:id="ES2009b.B.words865" starttime="1276.19" endtime="1276.38">about</w>
   <w nite:id="ES2009b.B.words866" starttime="1276.38" endtime="1276.71">company</w>
   <w nite:id="ES2009b.B.words867" starttime="1276.71" endtime="1277.32">colours</w>
   <w nite:id="ES2009b.B.words868" starttime="1277.32" endtime="1277.79">and</w>
   <w nite:id="ES2009b.B.words869" starttime="1277.79" endtime="1278.45">um</w>
   <w nite:id="ES2009b.B.words870" starttime="1279.67" endtime="1280.19">logo</w>
   <w nite:id="ES2009b.B.words871" starttime="1280.19" endtime="1280.39">or</w>
   <w nite:id="ES2009b.B.words872" starttime="1280.39" endtime="1280.75">something</w>
   <w nite:id="ES2009b.B.words873" starttime="1280.75" endtime="1280.82">or</w>
   <w nite:id="ES2009b.B.words874" starttime="1280.82" endtime="1281.32">motto</w>
   <w nite:id="ES2009b.B.words875" starttime="1281.32" endtime="1281.32" punc="true">,</w>
   <w nite:id="ES2009b.B.words876" starttime="1281.32" endtime="1281.4">I</w>
   <w nite:id="ES2009b.B.words877" starttime="1281.4" endtime="1281.56">can&#39;t</w>
   <w nite:id="ES2009b.B.words878" starttime="1281.56" endtime="1281.8">remember</w>
   <w nite:id="ES2009b.B.words879" starttime="1281.8" endtime="1282.16">exactly</w>
   <w nite:id="ES2009b.B.words880" starttime="1282.16" endtime="1282.27">what</w>
   <w nite:id="ES2009b.B.words881" starttime="1282.27" endtime="1282.34">you</w>
   <w nite:id="ES2009b.B.words882" starttime="1282.34" endtime="1282.92">said</w>
   <w nite:id="ES2009b.B.words883" starttime="1282.92" endtime="1282.92" punc="true">.</w>
   <w nite:id="ES2009b.B.words884" starttime="1300.7" endtime="1300.88">&#39;S</w>
   <w nite:id="ES2009b.B.words885" starttime="1300.88" endtime="1301.07">too</w>
   <w nite:id="ES2009b.B.words886" starttime="1301.07" endtime="1301.48">much</w>
   <w nite:id="ES2009b.B.words887" starttime="1301.48" endtime="1301.48" punc="true">.</w>
   <w nite:id="ES2009b.B.words888" starttime="1323.05" endtime="1323.26">Think</w>
   <w nite:id="ES2009b.B.words889" starttime="1323.26" endtime="1323.33">we</w>
   <w nite:id="ES2009b.B.words890" starttime="1323.33" endtime="1323.48">just</w>
   <w nite:id="ES2009b.B.words891" starttime="1323.48" endtime="1323.57">need</w>
   <w nite:id="ES2009b.B.words892" starttime="1323.57" endtime="1323.64">to</w>
   <w nite:id="ES2009b.B.words893" starttime="1323.64" endtime="1323.75">come</w>
   <w nite:id="ES2009b.B.words894" starttime="1323.75" endtime="1323.88">up</w>
   <w nite:id="ES2009b.B.words895" starttime="1323.88" endtime="1324.04">with</w>
   <w nite:id="ES2009b.B.words896" starttime="1324.04" endtime="1324.07">a</w>
   <w nite:id="ES2009b.B.words897" starttime="1324.07" endtime="1324.59">nice</w>
   <w nite:id="ES2009b.B.words898" starttime="1324.59" endtime="1325.04">black</w>
   <w nite:id="ES2009b.B.words899" starttime="1325.04" endtime="1325.18">and</w>
   <w nite:id="ES2009b.B.words900" starttime="1325.18" endtime="1325.92">red</w>
   <w nite:id="ES2009b.B.words901" starttime="1325.92" endtime="1326.61">interface</w>
   <w nite:id="ES2009b.B.words902" starttime="1326.61" endtime="1326.7">on</w>
   <w nite:id="ES2009b.B.words903" starttime="1326.7" endtime="1326.78">the</w>
   <w nite:id="ES2009b.B.words904" starttime="1326.78" endtime="1327.03">touch</w>
   <w nite:id="ES2009b.B.words905" starttime="1327.03" endtime="1327.46">screen</w>
   <w nite:id="ES2009b.B.words906" starttime="1327.46" endtime="1327.46" punc="true">.</w>
   <w nite:id="ES2009b.B.words907" starttime="1327.46" endtime="1328.48" mispronounced="true">That&#39;d</w>
   <w nite:id="ES2009b.B.words908" starttime="1328.48" endtime="1328.59">be</w>
   <w nite:id="ES2009b.B.words909" starttime="1328.59" endtime="1329.04">okay</w>
   <w nite:id="ES2009b.B.words910" starttime="1329.04" endtime="1329.04" punc="true">.</w>
   <w nite:id="ES2009b.B.words911" starttime="1350.03" endtime="1351.35">Mm</w>
   <w nite:id="ES2009b.B.words912" starttime="1351.35" endtime="1351.35" punc="true">.</w>
   <w nite:id="ES2009b.B.words913" starttime="1351.35" endtime="1351.94">True</w>
   <w nite:id="ES2009b.B.words914" starttime="1351.94" endtime="1351.94" punc="true">.</w>
   <vocalsound nite:id="ES2009b.B.words915" starttime="1356.64" endtime="1357.408" type="laugh"/>
   <w nite:id="ES2009b.B.words916" starttime="1366.08" endtime="1366.36">People</w>
   <w nite:id="ES2009b.B.words917" starttime="1366.36" endtime="1366.49">aren&#39;t</w>
   <w nite:id="ES2009b.B.words918" starttime="1366.49" endtime="1366.7">gonna</w>
   <w nite:id="ES2009b.B.words919" starttime="1366.7" endtime="1366.94">want</w>
   <w nite:id="ES2009b.B.words920" starttime="1366.94" endtime="1367.33">their</w>
   <w nite:id="ES2009b.B.words921" starttime="1367.33" endtime="1367.68">remote</w>
   <w nite:id="ES2009b.B.words922" starttime="1367.68" endtime="1367.92">to</w>
   <w nite:id="ES2009b.B.words923" starttime="1367.92" endtime="1368.12">boot</w>
   <w nite:id="ES2009b.B.words924" starttime="1368.12" endtime="1368.41">up</w>
   <w nite:id="ES2009b.B.words925" starttime="1368.41" endtime="1368.72">and</w>
   <w nite:id="ES2009b.B.words926" starttime="1368.72" endtime="1368.84">to</w>
   <w nite:id="ES2009b.B.words927" starttime="1368.84" endtime="1369.76">see</w>
   <w nite:id="ES2009b.B.words928" starttime="1369.76" endtime="1370.35">flashing</w>
   <w nite:id="ES2009b.B.words929" starttime="1370.35" endtime="1370.64">things</w>
   <w nite:id="ES2009b.B.words930" starttime="1370.64" endtime="1370.79">come</w>
   <w nite:id="ES2009b.B.words931" starttime="1370.79" endtime="1370.93">on</w>
   <w nite:id="ES2009b.B.words932" starttime="1370.93" endtime="1370.93" punc="true">.</w>
   <w nite:id="ES2009b.B.words933" starttime="1370.93" endtime="1371.0">They</w>
   <w nite:id="ES2009b.B.words934" starttime="1371.0" endtime="1371.18">just</w>
   <w nite:id="ES2009b.B.words935" starttime="1371.18" endtime="1371.32">want</w>
   <w nite:id="ES2009b.B.words936" starttime="1371.32" endtime="1371.41">it</w>
   <w nite:id="ES2009b.B.words937" starttime="1371.41" endtime="1371.88">to</w>
   <w nite:id="ES2009b.B.words938" starttime="1371.88" endtime="1372.0">be</w>
   <w nite:id="ES2009b.B.words939" starttime="1372.0" endtime="1372.25">on</w>
   <w nite:id="ES2009b.B.words940" starttime="1372.25" endtime="1372.34">and</w>
   <w nite:id="ES2009b.B.words941" starttime="1372.34" endtime="1372.56">ready</w>
   <w nite:id="ES2009b.B.words942" starttime="1372.56" endtime="1372.7">to</w>
   <w nite:id="ES2009b.B.words943" starttime="1372.7" endtime="1373.32">go</w>
   <w nite:id="ES2009b.B.words944" starttime="1373.32" endtime="1373.32" punc="true">.</w>
</nite:root>