<?xml version="1.0" encoding="ISO-8859-1" standalone="yes"?>
<nite:root nite:id="ES2004a.C.words" xmlns:nite="http://nite.sourceforge.net/">
   <vocalsound nite:id="ES2004a.C.words0" starttime="315.696" endtime="315.696" type="laugh"/>
   <w nite:id="ES2004a.C.words1" starttime="316.65" endtime="316.86">It&#39;s</w>
   <w nite:id="ES2004a.C.words2" starttime="316.86" endtime="317.18">sitting</w>
   <w nite:id="ES2004a.C.words3" starttime="317.18" endtime="317.4">down</w>
   <w nite:id="ES2004a.C.words4" starttime="317.4" endtime="317.4" punc="true">.</w>
   <w nite:id="ES2004a.C.words5" starttime="353.48" endtime="354.01">Yeah</w>
   <w nite:id="ES2004a.C.words6" starttime="354.01" endtime="354.15">I&#39;ll</w>
   <w nite:id="ES2004a.C.words7" starttime="354.15" endtime="354.31">have</w>
   <w nite:id="ES2004a.C.words8" starttime="354.31" endtime="354.36">a</w>
   <w nite:id="ES2004a.C.words9" starttime="354.36" endtime="355.55">go</w>
   <w nite:id="ES2004a.C.words10" starttime="355.55" endtime="355.55" punc="true">.</w>
   <w nite:id="ES2004a.C.words11" starttime="356.98" endtime="357.37">Thanks</w>
   <w nite:id="ES2004a.C.words12" starttime="357.37" endtime="357.37" punc="true">.</w>
   <w nite:id="ES2004a.C.words13" starttime="359.11" endtime="359.55">Alright</w>
   <w nite:id="ES2004a.C.words14" starttime="359.55" endtime="359.55" punc="true">,</w>
   <w nite:id="ES2004a.C.words15" starttime="359.55" endtime="361.74">okay</w>
   <w nite:id="ES2004a.C.words16" starttime="361.74" endtime="361.74" punc="true">.</w>
   <w nite:id="ES2004a.C.words17" starttime="361.74" endtime="361.98">Well</w>
   <w nite:id="ES2004a.C.words18" starttime="361.98" endtime="362.29">since</w>
   <w nite:id="ES2004a.C.words19" starttime="362.29" endtime="362.41">you</w>
   <w nite:id="ES2004a.C.words20" starttime="362.41" endtime="362.63">guys</w>
   <w nite:id="ES2004a.C.words21" starttime="362.63" endtime="362.76">have</w>
   <w nite:id="ES2004a.C.words22" starttime="362.76" endtime="363.18">chosen</w>
   <w nite:id="ES2004a.C.words23" starttime="363.18" endtime="363.41">the</w>
   <w nite:id="ES2004a.C.words24" starttime="363.41" endtime="363.7">ones</w>
   <w nite:id="ES2004a.C.words25" starttime="363.7" endtime="363.78">I</w>
   <w nite:id="ES2004a.C.words26" starttime="363.78" endtime="364.16">wanted</w>
   <w nite:id="ES2004a.C.words27" starttime="364.16" endtime="364.39">to</w>
   <w nite:id="ES2004a.C.words28" starttime="364.39" endtime="364.48">do</w>
   <w nite:id="ES2004a.C.words29" starttime="364.48" endtime="364.48" punc="true">,</w>
   <w nite:id="ES2004a.C.words30" starttime="364.48" endtime="364.66">I&#39;ll</w>
   <w nite:id="ES2004a.C.words31" starttime="364.66" endtime="364.89">have</w>
   <w nite:id="ES2004a.C.words32" starttime="364.89" endtime="365.72">to</w>
   <w nite:id="ES2004a.C.words33" starttime="365.72" endtime="365.89">have</w>
   <w nite:id="ES2004a.C.words34" starttime="365.89" endtime="365.98">to</w>
   <w nite:id="ES2004a.C.words35" starttime="365.98" endtime="366.17">go</w>
   <w nite:id="ES2004a.C.words36" starttime="366.17" endtime="366.29">for</w>
   <w nite:id="ES2004a.C.words37" starttime="366.29" endtime="366.64">something</w>
   <w nite:id="ES2004a.C.words38" starttime="366.64" endtime="366.69">a</w>
   <w nite:id="ES2004a.C.words39" starttime="366.69" endtime="366.9">bit</w>
   <w nite:id="ES2004a.C.words40" starttime="366.9" endtime="367.65">random</w>
   <w nite:id="ES2004a.C.words41" starttime="367.65" endtime="367.65" punc="true">.</w>
   <w nite:id="ES2004a.C.words42" starttime="371.43" endtime="371.76">And</w>
   <w nite:id="ES2004a.C.words43" starttime="371.76" endtime="372.17">also</w>
   <w nite:id="ES2004a.C.words44" starttime="372.17" endtime="372.17" punc="true">,</w>
   <w nite:id="ES2004a.C.words45" starttime="372.17" endtime="372.32">my</w>
   <w nite:id="ES2004a.C.words46" starttime="372.32" endtime="372.73">drawing</w>
   <w nite:id="ES2004a.C.words47" starttime="372.73" endtime="373.1">skill</w>
   <w nite:id="ES2004a.C.words48" starttime="373.1" endtime="373.33">isn&#39;t</w>
   <w nite:id="ES2004a.C.words49" starttime="373.33" endtime="373.5">that</w>
   <w nite:id="ES2004a.C.words50" starttime="373.5" endtime="373.87">great</w>
   <w nite:id="ES2004a.C.words51" starttime="373.87" endtime="375.0">so</w>
   <w nite:id="ES2004a.C.words52" starttime="375.0" endtime="375.0" punc="true">,</w>
   <w nite:id="ES2004a.C.words53" starttime="375.0" endtime="375.29">yeah</w>
   <w nite:id="ES2004a.C.words54" starttime="375.29" endtime="375.29" punc="true">.</w>
   <w nite:id="ES2004a.C.words55" starttime="379.6" endtime="379.86">Okay</w>
   <w nite:id="ES2004a.C.words56" starttime="379.86" endtime="379.86" punc="true">,</w>
   <w nite:id="ES2004a.C.words57" starttime="379.86" endtime="380.08">now</w>
   <w nite:id="ES2004a.C.words58" starttime="380.08" endtime="380.14">I&#39;m</w>
   <w nite:id="ES2004a.C.words59" starttime="380.14" endtime="380.29">gonna</w>
   <w nite:id="ES2004a.C.words60" starttime="380.29" endtime="380.41">have</w>
   <w nite:id="ES2004a.C.words61" starttime="380.41" endtime="380.52">to</w>
   <w nite:id="ES2004a.C.words62" starttime="380.52" endtime="380.97">change</w>
   <w nite:id="ES2004a.C.words63" starttime="380.97" endtime="381.15">what</w>
   <w nite:id="ES2004a.C.words64" starttime="381.15" endtime="381.33">is</w>
   <w nite:id="ES2004a.C.words65" starttime="381.33" endtime="381.6">was</w>
   <w nite:id="ES2004a.C.words66" starttime="381.6" endtime="382.08">originally</w>
   <w nite:id="ES2004a.C.words67" starttime="382.08" endtime="382.32">gonna</w>
   <w nite:id="ES2004a.C.words68" starttime="382.32" endtime="382.51">be</w>
   <w nite:id="ES2004a.C.words69" starttime="382.51" endtime="382.75">because</w>
   <w nite:id="ES2004a.C.words70" starttime="382.75" endtime="382.96">that</w>
   <w nite:id="ES2004a.C.words71" starttime="382.96" endtime="383.15">looks</w>
   <w nite:id="ES2004a.C.words72" starttime="383.15" endtime="383.32">like</w>
   <w nite:id="ES2004a.C.words73" starttime="383.32" endtime="383.44">a</w>
   <w nite:id="ES2004a.C.words74" starttime="383.44" endtime="383.78">beak</w>
   <w nite:id="ES2004a.C.words75" starttime="383.78" endtime="384.05">now</w>
   <w nite:id="ES2004a.C.words76" starttime="384.05" endtime="384.05" punc="true">,</w>
   <w nite:id="ES2004a.C.words77" starttime="384.05" endtime="384.48">so</w>
   <w nite:id="ES2004a.C.words78" starttime="384.48" endtime="384.48" punc="true">.</w>
   <vocalsound nite:id="ES2004a.C.words79" starttime="390.412" endtime="390.412" type="cough"/>
   <w nite:id="ES2004a.C.words80" starttime="394.38" endtime="394.65">Yeah</w>
   <w nite:id="ES2004a.C.words81" starttime="394.65" endtime="394.65" punc="true">,</w>
   <w nite:id="ES2004a.C.words82" starttime="394.65" endtime="394.74">it</w>
   <w nite:id="ES2004a.C.words83" starttime="394.74" endtime="394.84">can</w>
   <w nite:id="ES2004a.C.words84" starttime="394.84" endtime="394.93">be</w>
   <w nite:id="ES2004a.C.words85" starttime="394.93" endtime="395.0">a</w>
   <w nite:id="ES2004a.C.words86" starttime="395.0" endtime="395.89">crocodile</w>
   <w nite:id="ES2004a.C.words87" starttime="395.89" endtime="395.89" punc="true">,</w>
   <w nite:id="ES2004a.C.words88" starttime="395.89" endtime="396.05">it</w>
   <w nite:id="ES2004a.C.words89" starttime="396.05" endtime="396.27">can</w>
   <w nite:id="ES2004a.C.words90" starttime="396.27" endtime="396.36">be</w>
   <w nite:id="ES2004a.C.words91" starttime="396.36" endtime="396.44">a</w>
   <w nite:id="ES2004a.C.words92" starttime="396.44" endtime="397.95">crocodile</w>
   <w nite:id="ES2004a.C.words93" starttime="397.95" endtime="397.95" punc="true">.</w>
   <vocalsound nite:id="ES2004a.C.words94" starttime="397.95" endtime="397.95" type="laugh"/>
   <w nite:id="ES2004a.C.words95" starttime="397.95" endtime="398.18">Well</w>
   <w nite:id="ES2004a.C.words96" starttime="398.18" endtime="398.33">it</w>
   <w nite:id="ES2004a.C.words97" starttime="398.33" endtime="398.59">was</w>
   <w nite:id="ES2004a.C.words98" starttime="398.59" endtime="398.72">it</w>
   <w nite:id="ES2004a.C.words99" starttime="398.72" endtime="398.9">was</w>
   <w nite:id="ES2004a.C.words100" starttime="398.9" endtime="399.04">an</w>
   <disfmarker nite:id="ES2004a.C.words101" starttime="399.04" endtime="399.04"/>
   <w nite:id="ES2004a.C.words102" starttime="399.04" endtime="399.23">at</w>
   <w nite:id="ES2004a.C.words103" starttime="399.23" endtime="399.76">first</w>
   <disfmarker nite:id="ES2004a.C.words104" starttime="399.76" endtime="399.76"/>
   <w nite:id="ES2004a.C.words105" starttime="399.76" endtime="400.21">firstly</w>
   <w nite:id="ES2004a.C.words106" starttime="400.21" endtime="400.28">it</w>
   <w nite:id="ES2004a.C.words107" starttime="400.28" endtime="400.42">was</w>
   <w nite:id="ES2004a.C.words108" starttime="400.42" endtime="400.54">an</w>
   <w nite:id="ES2004a.C.words109" starttime="400.54" endtime="400.95">attempt</w>
   <w nite:id="ES2004a.C.words110" starttime="400.95" endtime="401.25">at</w>
   <w nite:id="ES2004a.C.words111" starttime="401.25" endtime="401.28">a</w>
   <w nite:id="ES2004a.C.words112" starttime="401.28" endtime="401.37">T_</w>
   <w nite:id="ES2004a.C.words113" starttime="401.37" endtime="402.05">Rex</w>
   <w nite:id="ES2004a.C.words114" starttime="402.05" endtime="402.22">and</w>
   <w nite:id="ES2004a.C.words115" starttime="402.22" endtime="402.66">then</w>
   <w nite:id="ES2004a.C.words116" starttime="402.66" endtime="403.03">it</w>
   <w nite:id="ES2004a.C.words117" starttime="403.03" endtime="403.28">sort</w>
   <w nite:id="ES2004a.C.words118" starttime="403.28" endtime="403.4">of</w>
   <w nite:id="ES2004a.C.words119" starttime="403.4" endtime="403.73">changed</w>
   <w nite:id="ES2004a.C.words120" starttime="403.73" endtime="403.92">into</w>
   <w nite:id="ES2004a.C.words121" starttime="403.92" endtime="403.99">a</w>
   <w nite:id="ES2004a.C.words122" starttime="403.99" endtime="404.53">pelican</w>
   <w nite:id="ES2004a.C.words123" starttime="404.53" endtime="404.68">but</w>
   <w nite:id="ES2004a.C.words124" starttime="404.68" endtime="404.78">it</w>
   <w nite:id="ES2004a.C.words125" starttime="404.78" endtime="404.92">can</w>
   <w nite:id="ES2004a.C.words126" starttime="404.92" endtime="404.99">be</w>
   <w nite:id="ES2004a.C.words127" starttime="404.99" endtime="405.06">a</w>
   <w nite:id="ES2004a.C.words128" starttime="405.06" endtime="405.63">crocodile</w>
   <w nite:id="ES2004a.C.words129" starttime="405.63" endtime="405.88">now</w>
   <w nite:id="ES2004a.C.words130" starttime="405.88" endtime="406.27">actually</w>
   <vocalsound nite:id="ES2004a.C.words131" starttime="406.27" endtime="406.27" type="laugh"/>
   <w nite:id="ES2004a.C.words132" starttime="406.27" endtime="406.27" punc="true">.</w>
   <w nite:id="ES2004a.C.words133" starttime="421.2" endtime="421.54">Yeah</w>
   <w nite:id="ES2004a.C.words134" starttime="421.54" endtime="421.92">and</w>
   <w nite:id="ES2004a.C.words135" starttime="421.92" endtime="422.59">uh</w>
   <w nite:id="ES2004a.C.words136" starttime="422.59" endtime="422.86">I&#39;ll</w>
   <w nite:id="ES2004a.C.words137" starttime="422.86" endtime="422.99">have</w>
   <w nite:id="ES2004a.C.words138" starttime="422.99" endtime="423.1">to</w>
   <w nite:id="ES2004a.C.words139" starttime="423.1" endtime="423.35">think</w>
   <w nite:id="ES2004a.C.words140" starttime="423.35" endtime="423.47">on</w>
   <w nite:id="ES2004a.C.words141" starttime="423.47" endtime="423.54">the</w>
   <w nite:id="ES2004a.C.words142" starttime="423.54" endtime="423.82">spot</w>
   <w nite:id="ES2004a.C.words143" starttime="423.82" endtime="424.15">of</w>
   <w nite:id="ES2004a.C.words144" starttime="424.15" endtime="424.38">uh</w>
   <w nite:id="ES2004a.C.words145" starttime="424.38" endtime="424.76">things</w>
   <w nite:id="ES2004a.C.words146" starttime="424.76" endtime="424.87">that</w>
   <w nite:id="ES2004a.C.words147" starttime="424.87" endtime="425.05">it</w>
   <w nite:id="ES2004a.C.words148" starttime="425.05" endtime="425.97">is</w>
   <w nite:id="ES2004a.C.words149" starttime="425.97" endtime="425.97" punc="true">.</w>
   <w nite:id="ES2004a.C.words150" starttime="425.97" endtime="426.55">Um</w>
   <w nite:id="ES2004a.C.words151" starttime="428.12" endtime="429.02">uh</w>
   <w nite:id="ES2004a.C.words152" starttime="429.02" endtime="430.22">scary</w>
   <w nite:id="ES2004a.C.words153" starttime="430.22" endtime="430.22" punc="true">,</w>
   <w nite:id="ES2004a.C.words154" starttime="432.48" endtime="432.75">uh</w>
   <w nite:id="ES2004a.C.words155" starttime="432.75" endtime="434.37">strong</w>
   <w nite:id="ES2004a.C.words156" starttime="434.37" endtime="434.37" punc="true">,</w>
   <w nite:id="ES2004a.C.words157" starttime="438.74" endtime="438.96">yeah</w>
   <w nite:id="ES2004a.C.words158" starttime="438.96" endtime="439.18">that&#39;s</w>
   <w nite:id="ES2004a.C.words159" starttime="439.18" endtime="439.42">about</w>
   <w nite:id="ES2004a.C.words160" starttime="439.42" endtime="439.6">it</w>
   <w nite:id="ES2004a.C.words161" starttime="439.6" endtime="439.69">I</w>
   <w nite:id="ES2004a.C.words162" starttime="439.69" endtime="441.99">think</w>
   <vocalsound nite:id="ES2004a.C.words163" starttime="441.99" endtime="441.99" type="laugh"/>
   <w nite:id="ES2004a.C.words164" starttime="441.99" endtime="441.99" punc="true">.</w>
   <w nite:id="ES2004a.C.words165" starttime="445.23" endtime="446.17">Uh</w>
   <w nite:id="ES2004a.C.words166" starttime="446.17" endtime="446.45">uh</w>
   <disfmarker nite:id="ES2004a.C.words167" starttime="446.45" endtime="446.682"/>
   <w nite:id="ES2004a.C.words168" starttime="450.45" endtime="451.69" trunc="true">Wo</w>
   <vocalsound nite:id="ES2004a.C.words169" starttime="451.69" endtime="451.744" type="laugh"/>
   <vocalsound nite:id="ES2004a.C.words170" starttime="456.505" endtime="456.992" type="laugh"/>
   <w nite:id="ES2004a.C.words171" starttime="465.48" endtime="465.99">Hmm</w>
   <w nite:id="ES2004a.C.words172" starttime="465.99" endtime="465.99" punc="true">.</w>
   <w nite:id="ES2004a.C.words173" starttime="467.94" endtime="468.7">Okay</w>
   <w nite:id="ES2004a.C.words174" starttime="468.7" endtime="468.7" punc="true">.</w>
   <w nite:id="ES2004a.C.words175" starttime="476.71" endtime="477.64">Uh</w>
   <disfmarker nite:id="ES2004a.C.words176" starttime="477.64" endtime="477.792"/>
   <w nite:id="ES2004a.C.words177" starttime="484.48" endtime="484.72" trunc="true">S</w>
   <w nite:id="ES2004a.C.words178" starttime="487.43" endtime="487.82">Uh</w>
   <disfmarker nite:id="ES2004a.C.words179" starttime="487.82" endtime="487.92"/>
   <gap nite:id="ES2004a.C.words180" starttime="488.812" endtime="491.385"/>
   <w nite:id="ES2004a.C.words181" starttime="497.4" endtime="497.87">Okay</w>
   <w nite:id="ES2004a.C.words182" starttime="497.87" endtime="497.87" punc="true">,</w>
   <w nite:id="ES2004a.C.words183" starttime="497.87" endtime="498.27">some</w>
   <w nite:id="ES2004a.C.words184" starttime="498.27" endtime="498.67">sort</w>
   <w nite:id="ES2004a.C.words185" starttime="498.67" endtime="499.87">of</w>
   <w nite:id="ES2004a.C.words186" starttime="499.87" endtime="499.98">bird</w>
   <vocalsound nite:id="ES2004a.C.words187" starttime="499.98" endtime="499.98" type="laugh"/>
   <w nite:id="ES2004a.C.words188" starttime="499.98" endtime="499.98" punc="true">.</w>
   <w nite:id="ES2004a.C.words189" starttime="501.76" endtime="501.96">Ah</w>
   <w nite:id="ES2004a.C.words190" starttime="501.96" endtime="502.49">eagle</w>
   <w nite:id="ES2004a.C.words191" starttime="502.49" endtime="502.49" punc="true">,</w>
   <w nite:id="ES2004a.C.words192" starttime="502.49" endtime="502.83">right</w>
   <w nite:id="ES2004a.C.words193" starttime="502.83" endtime="503.22">okay</w>
   <w nite:id="ES2004a.C.words194" starttime="503.22" endtime="503.22" punc="true">.</w>
   <w nite:id="ES2004a.C.words195" starttime="519.87" endtime="519.96">They&#39;re</w>
   <w nite:id="ES2004a.C.words196" starttime="519.96" endtime="520.12">good</w>
   <w nite:id="ES2004a.C.words197" starttime="520.12" endtime="520.21">at</w>
   <w nite:id="ES2004a.C.words198" starttime="520.21" endtime="520.95">golf</w>
   <w nite:id="ES2004a.C.words199" starttime="520.95" endtime="520.95" punc="true">.</w>
   <w nite:id="ES2004a.C.words200" starttime="524.31" endtime="525.16">Yeah</w>
   <w nite:id="ES2004a.C.words201" starttime="525.16" endtime="525.16" punc="true">,</w>
   <w nite:id="ES2004a.C.words202" starttime="525.16" endtime="525.4">no</w>
   <w nite:id="ES2004a.C.words203" starttime="525.4" endtime="526.26">yeah</w>
   <w nite:id="ES2004a.C.words204" starttime="526.26" endtime="526.26" punc="true">,</w>
   <w nite:id="ES2004a.C.words205" starttime="526.26" endtime="526.44">an</w>
   <w nite:id="ES2004a.C.words206" starttime="526.44" endtime="528.63">eagle</w>
   <w nite:id="ES2004a.C.words207" starttime="528.63" endtime="528.63" punc="true">.</w>
   <gap nite:id="ES2004a.C.words208" starttime="528.63" endtime="528.63"/>
   <vocalsound nite:id="ES2004a.C.words209" starttime="528.63" endtime="529.024" type="laugh"/>
   <vocalsound nite:id="ES2004a.C.words210" starttime="559.504" endtime="559.872" type="laugh"/>
   <w nite:id="ES2004a.C.words211" starttime="575.11" endtime="575.31">It&#39;s</w>
   <w nite:id="ES2004a.C.words212" starttime="575.31" endtime="576.63">about</w>
   <disfmarker nite:id="ES2004a.C.words213" starttime="576.63" endtime="576.63"/>
   <w nite:id="ES2004a.C.words214" starttime="576.63" endtime="577.22">mm</w>
   <w nite:id="ES2004a.C.words215" starttime="577.22" endtime="577.22" punc="true">,</w>
   <w nite:id="ES2004a.C.words216" starttime="577.22" endtime="577.32">mm</w>
   <w nite:id="ES2004a.C.words217" starttime="577.32" endtime="577.66">yeah</w>
   <w nite:id="ES2004a.C.words218" starttime="577.66" endtime="577.66" punc="true">.</w>
   <w nite:id="ES2004a.C.words219" starttime="580.85" endtime="581.31">Yeah</w>
   <w nite:id="ES2004a.C.words220" starttime="581.31" endtime="581.31" punc="true">,</w>
   <w nite:id="ES2004a.C.words221" starttime="581.31" endtime="581.55">yeah</w>
   <w nite:id="ES2004a.C.words222" starttime="581.55" endtime="581.55" punc="true">,</w>
   <w nite:id="ES2004a.C.words223" starttime="581.55" endtime="582.01">something</w>
   <w nite:id="ES2004a.C.words224" starttime="582.01" endtime="582.15">like</w>
   <w nite:id="ES2004a.C.words225" starttime="582.15" endtime="582.43">that</w>
   <w nite:id="ES2004a.C.words226" starttime="582.43" endtime="582.43" punc="true">,</w>
   <w nite:id="ES2004a.C.words227" starttime="582.43" endtime="582.73">so</w>
   <w nite:id="ES2004a.C.words228" starttime="582.73" endtime="583.98">that</w>
   <disfmarker nite:id="ES2004a.C.words229" starttime="583.98" endtime="583.98"/>
   <w nite:id="ES2004a.C.words230" starttime="583.98" endtime="584.14">yeah</w>
   <w nite:id="ES2004a.C.words231" starttime="584.14" endtime="584.34">about</w>
   <w nite:id="ES2004a.C.words232" starttime="584.34" endtime="585.24">seventeen</w>
   <w nite:id="ES2004a.C.words233" starttime="585.24" endtime="585.24" punc="true">,</w>
   <w nite:id="ES2004a.C.words234" starttime="585.24" endtime="585.74">seventeen</w>
   <w nite:id="ES2004a.C.words235" starttime="585.74" endtime="586.47">Pounds</w>
   <w nite:id="ES2004a.C.words236" starttime="586.47" endtime="586.47" punc="true">,</w>
   <w nite:id="ES2004a.C.words237" starttime="586.47" endtime="586.9">something</w>
   <w nite:id="ES2004a.C.words238" starttime="586.9" endtime="587.01">like</w>
   <w nite:id="ES2004a.C.words239" starttime="587.01" endtime="587.57">that</w>
   <w nite:id="ES2004a.C.words240" starttime="587.57" endtime="587.57" punc="true">.</w>
   <w nite:id="ES2004a.C.words241" starttime="590.86" endtime="591.19">But</w>
   <disfmarker nite:id="ES2004a.C.words242" starttime="591.19" endtime="591.37"/>
   <w nite:id="ES2004a.C.words243" starttime="594.19" endtime="595.19" trunc="true">Havi</w>
   <w nite:id="ES2004a.C.words244" starttime="595.19" endtime="595.54">having</w>
   <w nite:id="ES2004a.C.words245" starttime="595.54" endtime="595.78">said</w>
   <w nite:id="ES2004a.C.words246" starttime="595.78" endtime="595.94">that</w>
   <w nite:id="ES2004a.C.words247" starttime="595.94" endtime="596.32">though</w>
   <w nite:id="ES2004a.C.words248" starttime="596.32" endtime="596.32" punc="true">,</w>
   <w nite:id="ES2004a.C.words249" starttime="596.32" endtime="596.54">if</w>
   <w nite:id="ES2004a.C.words250" starttime="596.54" endtime="596.67">you</w>
   <w nite:id="ES2004a.C.words251" starttime="596.67" endtime="596.87">wanna</w>
   <w nite:id="ES2004a.C.words252" starttime="596.87" endtime="597.05">get</w>
   <w nite:id="ES2004a.C.words253" starttime="597.05" endtime="597.18">one</w>
   <w nite:id="ES2004a.C.words254" starttime="597.18" endtime="597.24">of</w>
   <w nite:id="ES2004a.C.words255" starttime="597.24" endtime="598.06">those</w>
   <disfmarker nite:id="ES2004a.C.words256" starttime="598.06" endtime="598.06"/>
   <w nite:id="ES2004a.C.words257" starttime="598.06" endtime="598.36">the</w>
   <w nite:id="ES2004a.C.words258" starttime="598.36" endtime="598.49">the</w>
   <w nite:id="ES2004a.C.words259" starttime="598.49" endtime="598.77">ones</w>
   <w nite:id="ES2004a.C.words260" starttime="598.77" endtime="598.85">on</w>
   <w nite:id="ES2004a.C.words261" starttime="598.85" endtime="598.91">the</w>
   <w nite:id="ES2004a.C.words262" starttime="598.91" endtime="599.25">market</w>
   <w nite:id="ES2004a.C.words263" starttime="599.25" endtime="599.32">at</w>
   <w nite:id="ES2004a.C.words264" starttime="599.32" endtime="599.38">the</w>
   <w nite:id="ES2004a.C.words265" starttime="599.38" endtime="599.78">moment</w>
   <w nite:id="ES2004a.C.words266" starttime="599.78" endtime="599.89">they&#39;re</w>
   <w nite:id="ES2004a.C.words267" starttime="599.89" endtime="600.26" trunc="true">s</w>
   <w nite:id="ES2004a.C.words268" starttime="600.26" endtime="600.39">they&#39;re</w>
   <w nite:id="ES2004a.C.words269" starttime="600.39" endtime="600.99">about</w>
   <w nite:id="ES2004a.C.words270" starttime="600.99" endtime="601.27">twenty</w>
   <w nite:id="ES2004a.C.words271" starttime="601.27" endtime="601.61">pounds</w>
   <w nite:id="ES2004a.C.words272" starttime="601.61" endtime="603.21">anyway</w>
   <w nite:id="ES2004a.C.words273" starttime="603.21" endtime="603.21" punc="true">.</w>
   <w nite:id="ES2004a.C.words274" starttime="603.21" endtime="603.89">So</w>
   <w nite:id="ES2004a.C.words275" starttime="603.89" endtime="603.89" punc="true">,</w>
   <w nite:id="ES2004a.C.words276" starttime="603.89" endtime="604.07">it&#39;d</w>
   <w nite:id="ES2004a.C.words277" starttime="604.07" endtime="604.35">still</w>
   <w nite:id="ES2004a.C.words278" starttime="604.35" endtime="604.55">be</w>
   <disfmarker nite:id="ES2004a.C.words279" starttime="604.55" endtime="604.55"/>
   <w nite:id="ES2004a.C.words280" starttime="604.55" endtime="605.56">yeah</w>
   <w nite:id="ES2004a.C.words281" starttime="605.56" endtime="605.56" punc="true">,</w>
   <w nite:id="ES2004a.C.words282" starttime="605.56" endtime="605.72">we</w>
   <w nite:id="ES2004a.C.words283" starttime="605.72" endtime="605.82">had</w>
   <w nite:id="ES2004a.C.words284" starttime="605.82" endtime="605.92">to</w>
   <w nite:id="ES2004a.C.words285" starttime="605.92" endtime="606.09">buy</w>
   <w nite:id="ES2004a.C.words286" starttime="606.09" endtime="608.09">one</w>
   <vocalsound nite:id="ES2004a.C.words287" starttime="608.09" endtime="608.09" type="laugh"/>
   <w nite:id="ES2004a.C.words288" starttime="608.09" endtime="608.09" punc="true">.</w>
   <w nite:id="ES2004a.C.words289" starttime="614.07" endtime="614.89">Hmm</w>
   <w nite:id="ES2004a.C.words290" starttime="614.89" endtime="614.89" punc="true">.</w>
   <w nite:id="ES2004a.C.words291" starttime="621.46" endtime="622.16">Yeah</w>
   <w nite:id="ES2004a.C.words292" starttime="622.16" endtime="622.16" punc="true">.</w>
   <w nite:id="ES2004a.C.words293" starttime="688.13" endtime="688.44">Yeah</w>
   <w nite:id="ES2004a.C.words294" starttime="688.44" endtime="688.44" punc="true">.</w>
   <w nite:id="ES2004a.C.words295" starttime="691.23" endtime="692.13">Yeah</w>
   <w nite:id="ES2004a.C.words296" starttime="692.13" endtime="692.13" punc="true">.</w>
   <w nite:id="ES2004a.C.words297" starttime="701.1" endtime="701.42">Yeah</w>
   <w nite:id="ES2004a.C.words298" starttime="701.42" endtime="701.88">uh</w>
   <w nite:id="ES2004a.C.words299" starttime="701.88" endtime="701.88" punc="true">.</w>
   <w nite:id="ES2004a.C.words300" starttime="705.18" endtime="705.56">Use</w>
   <w nite:id="ES2004a.C.words301" starttime="705.56" endtime="705.74">all</w>
   <w nite:id="ES2004a.C.words302" starttime="705.74" endtime="705.84">the</w>
   <w nite:id="ES2004a.C.words303" starttime="705.84" endtime="706.12">ones</w>
   <w nite:id="ES2004a.C.words304" starttime="706.12" endtime="706.18">at</w>
   <w nite:id="ES2004a.C.words305" starttime="706.18" endtime="706.25">the</w>
   <w nite:id="ES2004a.C.words306" starttime="706.25" endtime="706.48">same</w>
   <w nite:id="ES2004a.C.words307" starttime="706.48" endtime="706.72">time</w>
   <w nite:id="ES2004a.C.words308" starttime="706.72" endtime="706.72" punc="true">.</w>
   <w nite:id="ES2004a.C.words309" starttime="711.24" endtime="712.85">Yeah</w>
   <w nite:id="ES2004a.C.words310" starttime="712.85" endtime="712.85" punc="true">,</w>
   <w nite:id="ES2004a.C.words311" starttime="712.85" endtime="713.07">&#39;cause</w>
   <w nite:id="ES2004a.C.words312" starttime="713.07" endtime="713.24">you</w>
   <disfmarker nite:id="ES2004a.C.words313" starttime="713.24" endtime="713.328"/>
   <w nite:id="ES2004a.C.words314" starttime="747.66" endtime="747.95">Yeah</w>
   <w nite:id="ES2004a.C.words315" starttime="747.95" endtime="747.95" punc="true">.</w>
   <w nite:id="ES2004a.C.words316" starttime="777.92" endtime="778.66">Mm</w>
   <w nite:id="ES2004a.C.words317" starttime="778.66" endtime="778.66" punc="true">.</w>
   <w nite:id="ES2004a.C.words318" starttime="792.17" endtime="792.62">Yeah</w>
   <w nite:id="ES2004a.C.words319" starttime="792.62" endtime="792.62" punc="true">.</w>
   <w nite:id="ES2004a.C.words320" starttime="819.96" endtime="820.26">Yeah</w>
   <w nite:id="ES2004a.C.words321" starttime="820.26" endtime="820.26" punc="true">.</w>
   <w nite:id="ES2004a.C.words322" starttime="829.37" endtime="830.38">Yeah</w>
   <w nite:id="ES2004a.C.words323" starttime="830.38" endtime="830.38" punc="true">,</w>
   <w nite:id="ES2004a.C.words324" starttime="830.38" endtime="830.54">my</w>
   <w nite:id="ES2004a.C.words325" starttime="830.54" endtime="830.95">grandad&#39;s</w>
   <w nite:id="ES2004a.C.words326" starttime="830.95" endtime="831.2">actually</w>
   <w nite:id="ES2004a.C.words327" starttime="831.2" endtime="831.4">better</w>
   <w nite:id="ES2004a.C.words328" starttime="831.4" endtime="831.53">than</w>
   <w nite:id="ES2004a.C.words329" starttime="831.53" endtime="831.74">me</w>
   <w nite:id="ES2004a.C.words330" starttime="831.74" endtime="831.86">at</w>
   <w nite:id="ES2004a.C.words331" starttime="831.86" endtime="832.18">using</w>
   <w nite:id="ES2004a.C.words332" starttime="832.18" endtime="832.84">teletext</w>
   <w nite:id="ES2004a.C.words333" starttime="832.84" endtime="832.84" punc="true">,</w>
   <w nite:id="ES2004a.C.words334" starttime="832.84" endtime="834.05">so</w>
   <vocalsound nite:id="ES2004a.C.words335" starttime="834.05" endtime="834.05" type="laugh"/>
   <w nite:id="ES2004a.C.words336" starttime="834.05" endtime="834.05" punc="true">.</w>
   <w nite:id="ES2004a.C.words337" starttime="838.64" endtime="839.0">Yeah</w>
   <w nite:id="ES2004a.C.words338" starttime="839.0" endtime="839.0" punc="true">.</w>
   <w nite:id="ES2004a.C.words339" starttime="843.73" endtime="844.63">Yeah</w>
   <w nite:id="ES2004a.C.words340" starttime="844.63" endtime="844.63" punc="true">,</w>
   <w nite:id="ES2004a.C.words341" starttime="844.63" endtime="844.88">what</w>
   <w nite:id="ES2004a.C.words342" starttime="844.88" endtime="844.98">it</w>
   <w nite:id="ES2004a.C.words343" starttime="844.98" endtime="845.24">just</w>
   <w nite:id="ES2004a.C.words344" starttime="845.24" endtime="845.43">needs</w>
   <w nite:id="ES2004a.C.words345" starttime="845.43" endtime="845.58">to</w>
   <w nite:id="ES2004a.C.words346" starttime="845.58" endtime="845.85">be</w>
   <disfmarker nite:id="ES2004a.C.words347" starttime="845.85" endtime="845.85"/>
   <w nite:id="ES2004a.C.words348" starttime="845.85" endtime="846.02">as</w>
   <w nite:id="ES2004a.C.words349" starttime="846.02" endtime="846.14">long</w>
   <w nite:id="ES2004a.C.words350" starttime="846.14" endtime="846.24">as</w>
   <w nite:id="ES2004a.C.words351" starttime="846.24" endtime="846.4">it&#39;s</w>
   <w nite:id="ES2004a.C.words352" starttime="846.4" endtime="846.56">sort</w>
   <w nite:id="ES2004a.C.words353" starttime="846.56" endtime="846.63">of</w>
   <w nite:id="ES2004a.C.words354" starttime="846.63" endtime="847.69">self-intuitive</w>
   <w nite:id="ES2004a.C.words355" starttime="847.69" endtime="847.82">and</w>
   <w nite:id="ES2004a.C.words356" starttime="847.82" endtime="847.92">you</w>
   <w nite:id="ES2004a.C.words357" starttime="847.92" endtime="848.84">can</w>
   <w nite:id="ES2004a.C.words358" starttime="848.84" endtime="848.99">can</w>
   <w nite:id="ES2004a.C.words359" starttime="848.99" endtime="849.34">work</w>
   <w nite:id="ES2004a.C.words360" starttime="849.34" endtime="849.58">out</w>
   <w nite:id="ES2004a.C.words361" starttime="850.98" endtime="851.17">what</w>
   <w nite:id="ES2004a.C.words362" starttime="851.17" endtime="851.61">everything&#39;s</w>
   <w nite:id="ES2004a.C.words363" starttime="851.61" endtime="852.17">doing</w>
   <w nite:id="ES2004a.C.words364" starttime="852.17" endtime="852.17" punc="true">,</w>
   <w nite:id="ES2004a.C.words365" starttime="852.17" endtime="852.37">&#39;cause</w>
   <w nite:id="ES2004a.C.words366" starttime="852.37" endtime="852.45">I</w>
   <w nite:id="ES2004a.C.words367" starttime="852.45" endtime="852.79">mean</w>
   <w nite:id="ES2004a.C.words368" starttime="852.79" endtime="852.79" punc="true">,</w>
   <w nite:id="ES2004a.C.words369" starttime="852.79" endtime="854.35">menus</w>
   <w nite:id="ES2004a.C.words370" starttime="854.35" endtime="855.2">on</w>
   <w nite:id="ES2004a.C.words371" starttime="855.2" endtime="855.46">sort</w>
   <w nite:id="ES2004a.C.words372" starttime="855.46" endtime="855.52">of</w>
   <w nite:id="ES2004a.C.words373" starttime="855.52" endtime="856.16">new</w>
   <w nite:id="ES2004a.C.words374" starttime="856.16" endtime="856.86">phones</w>
   <w nite:id="ES2004a.C.words375" starttime="856.86" endtime="857.19">now</w>
   <w nite:id="ES2004a.C.words376" starttime="857.19" endtime="857.69">they&#39;ve</w>
   <w nite:id="ES2004a.C.words377" starttime="857.69" endtime="857.88">sort</w>
   <w nite:id="ES2004a.C.words378" starttime="857.88" endtime="857.94">of</w>
   <w nite:id="ES2004a.C.words379" starttime="857.94" endtime="858.07">got</w>
   <w nite:id="ES2004a.C.words380" starttime="858.07" endtime="858.22">all</w>
   <w nite:id="ES2004a.C.words381" starttime="858.22" endtime="858.81">these</w>
   <w nite:id="ES2004a.C.words382" starttime="858.81" endtime="859.24">pictures</w>
   <w nite:id="ES2004a.C.words383" starttime="859.24" endtime="859.39">and</w>
   <w nite:id="ES2004a.C.words384" starttime="859.39" endtime="859.74">stuff</w>
   <w nite:id="ES2004a.C.words385" starttime="859.74" endtime="860.05">which</w>
   <w nite:id="ES2004a.C.words386" starttime="860.05" endtime="860.4">makes</w>
   <w nite:id="ES2004a.C.words387" starttime="860.4" endtime="860.5">it</w>
   <w nite:id="ES2004a.C.words388" starttime="860.5" endtime="860.8">fairly</w>
   <w nite:id="ES2004a.C.words389" starttime="860.8" endtime="861.16">obvious</w>
   <w nite:id="ES2004a.C.words390" starttime="861.16" endtime="861.3">what</w>
   <w nite:id="ES2004a.C.words391" starttime="861.3" endtime="861.4">you&#39;re</w>
   <w nite:id="ES2004a.C.words392" starttime="861.4" endtime="861.64">trying</w>
   <w nite:id="ES2004a.C.words393" starttime="861.64" endtime="861.73">to</w>
   <w nite:id="ES2004a.C.words394" starttime="861.73" endtime="861.94">do</w>
   <w nite:id="ES2004a.C.words395" starttime="861.94" endtime="861.94" punc="true">.</w>
   <w nite:id="ES2004a.C.words396" starttime="864.43" endtime="864.66">But</w>
   <w nite:id="ES2004a.C.words397" starttime="864.66" endtime="864.84">I</w>
   <w nite:id="ES2004a.C.words398" starttime="864.84" endtime="865.05">don&#39;t</w>
   <w nite:id="ES2004a.C.words399" starttime="865.05" endtime="865.17">know</w>
   <w nite:id="ES2004a.C.words400" starttime="865.17" endtime="865.77">how</w>
   <disfmarker nite:id="ES2004a.C.words401" starttime="865.77" endtime="865.885"/>
   <w nite:id="ES2004a.C.words402" starttime="870.18" endtime="870.37">Oh</w>
   <w nite:id="ES2004a.C.words403" starttime="870.37" endtime="870.69">yeah</w>
   <w nite:id="ES2004a.C.words404" starttime="870.69" endtime="870.69" punc="true">.</w>
   <w nite:id="ES2004a.C.words405" starttime="885.18" endtime="885.52">Yeah</w>
   <w nite:id="ES2004a.C.words406" starttime="885.52" endtime="885.52" punc="true">,</w>
   <w nite:id="ES2004a.C.words407" starttime="885.52" endtime="885.67">I</w>
   <w nite:id="ES2004a.C.words408" starttime="885.67" endtime="885.95">don&#39;t</w>
   <w nite:id="ES2004a.C.words409" starttime="885.95" endtime="886.0">I</w>
   <w nite:id="ES2004a.C.words410" starttime="886.0" endtime="886.28">don&#39;t</w>
   <w nite:id="ES2004a.C.words411" starttime="886.28" endtime="886.67">know</w>
   <w nite:id="ES2004a.C.words412" starttime="886.67" endtime="887.56">how</w>
   <w nite:id="ES2004a.C.words413" starttime="887.56" endtime="888.55">for</w>
   <w nite:id="ES2004a.C.words414" starttime="888.55" endtime="888.89">twenty</w>
   <w nite:id="ES2004a.C.words415" starttime="888.89" endtime="889.01" trunc="true">fi</w>
   <w nite:id="ES2004a.C.words416" starttime="889.01" endtime="889.01" punc="true">,</w>
   <w nite:id="ES2004a.C.words417" starttime="889.01" endtime="889.53">or</w>
   <w nite:id="ES2004a.C.words418" starttime="889.53" endtime="889.86">twelve</w>
   <w nite:id="ES2004a.C.words419" starttime="889.86" endtime="890.29">Euros</w>
   <w nite:id="ES2004a.C.words420" starttime="890.29" endtime="890.78">fifty</w>
   <w nite:id="ES2004a.C.words421" starttime="890.78" endtime="890.99">how</w>
   <w nite:id="ES2004a.C.words422" starttime="890.99" endtime="891.26">much</w>
   <w nite:id="ES2004a.C.words423" starttime="891.26" endtime="891.38">of</w>
   <w nite:id="ES2004a.C.words424" starttime="891.38" endtime="892.24">a</w>
   <w nite:id="ES2004a.C.words425" starttime="892.24" endtime="892.75">excellent</w>
   <w nite:id="ES2004a.C.words426" starttime="892.75" endtime="893.09">screen</w>
   <w nite:id="ES2004a.C.words427" starttime="893.09" endtime="893.21">you</w>
   <w nite:id="ES2004a.C.words428" starttime="893.21" endtime="893.4">could</w>
   <w nite:id="ES2004a.C.words429" starttime="893.4" endtime="893.7">get</w>
   <w nite:id="ES2004a.C.words430" starttime="893.7" endtime="893.7" punc="true">,</w>
   <w nite:id="ES2004a.C.words431" starttime="893.7" endtime="894.13">you&#39;d</w>
   <w nite:id="ES2004a.C.words432" starttime="894.13" endtime="894.39">you&#39;d</w>
   <w nite:id="ES2004a.C.words433" starttime="894.39" endtime="894.56">have</w>
   <w nite:id="ES2004a.C.words434" starttime="894.56" endtime="894.7">to</w>
   <w nite:id="ES2004a.C.words435" starttime="894.7" endtime="894.88">sort</w>
   <w nite:id="ES2004a.C.words436" starttime="894.88" endtime="895.34">of</w>
   <w nite:id="ES2004a.C.words437" starttime="895.34" endtime="895.55">keep</w>
   <w nite:id="ES2004a.C.words438" starttime="895.55" endtime="895.68">it</w>
   <w nite:id="ES2004a.C.words439" starttime="895.68" endtime="895.9">down</w>
   <w nite:id="ES2004a.C.words440" starttime="895.9" endtime="896.09">to</w>
   <w nite:id="ES2004a.C.words441" starttime="896.09" endtime="896.79">a</w>
   <w nite:id="ES2004a.C.words442" starttime="896.79" endtime="897.08">black</w>
   <w nite:id="ES2004a.C.words443" starttime="897.08" endtime="897.2">and</w>
   <w nite:id="ES2004a.C.words444" starttime="897.2" endtime="897.35">white</w>
   <w nite:id="ES2004a.C.words445" starttime="897.35" endtime="898.16">L_C_D_</w>
   <w nite:id="ES2004a.C.words446" starttime="898.16" endtime="898.36">thing</w>
   <w nite:id="ES2004a.C.words447" starttime="898.36" endtime="898.77">anyway</w>
   <w nite:id="ES2004a.C.words448" starttime="898.77" endtime="898.77" punc="true">,</w>
   <w nite:id="ES2004a.C.words449" starttime="898.77" endtime="899.01">I&#39;d</w>
   <w nite:id="ES2004a.C.words450" starttime="899.01" endtime="899.31">assume</w>
   <w nite:id="ES2004a.C.words451" starttime="899.31" endtime="899.31" punc="true">.</w>
   <w nite:id="ES2004a.C.words452" starttime="949.9" endtime="950.21" trunc="true">Y</w>
   <w nite:id="ES2004a.C.words453" starttime="957.25" endtime="957.6">Yeah</w>
   <w nite:id="ES2004a.C.words454" starttime="957.6" endtime="957.6" punc="true">.</w>
   <w nite:id="ES2004a.C.words455" starttime="970.68" endtime="971.12">No</w>
   <w nite:id="ES2004a.C.words456" starttime="971.12" endtime="971.46">uh</w>
   <w nite:id="ES2004a.C.words457" starttime="971.46" endtime="971.68">uh</w>
   <disfmarker nite:id="ES2004a.C.words458" starttime="971.68" endtime="971.79"/>
   <w nite:id="ES2004a.C.words459" starttime="985.49" endtime="988.8">Yeah</w>
   <w nite:id="ES2004a.C.words460" starttime="988.8" endtime="988.8" punc="true">.</w>
   <w nite:id="ES2004a.C.words461" starttime="988.8" endtime="989.74">Just</w>
   <w nite:id="ES2004a.C.words462" starttime="989.74" endtime="990.08">just</w>
   <w nite:id="ES2004a.C.words463" starttime="990.08" endtime="990.46">a</w>
   <w nite:id="ES2004a.C.words464" starttime="990.46" endtime="990.76">quick</w>
   <w nite:id="ES2004a.C.words465" starttime="990.76" endtime="990.97">thing</w>
   <w nite:id="ES2004a.C.words466" starttime="990.97" endtime="991.27">about</w>
   <w nite:id="ES2004a.C.words467" starttime="991.27" endtime="991.65">the</w>
   <w nite:id="ES2004a.C.words468" starttime="991.65" endtime="992.96">um</w>
   <vocalsound nite:id="ES2004a.C.words469" starttime="992.96" endtime="992.96" type="other"/>
   <w nite:id="ES2004a.C.words470" starttime="992.96" endtime="993.2">about</w>
   <w nite:id="ES2004a.C.words471" starttime="993.2" endtime="993.36">what</w>
   <w nite:id="ES2004a.C.words472" starttime="993.36" endtime="993.56">you&#39;re</w>
   <w nite:id="ES2004a.C.words473" starttime="993.56" endtime="993.84">saying</w>
   <w nite:id="ES2004a.C.words474" starttime="993.84" endtime="994.13">about</w>
   <w nite:id="ES2004a.C.words475" starttime="994.13" endtime="994.61">the</w>
   <w nite:id="ES2004a.C.words476" starttime="994.61" endtime="994.99">uh</w>
   <disfmarker nite:id="ES2004a.C.words477" starttime="994.99" endtime="994.99"/>
   <w nite:id="ES2004a.C.words478" starttime="994.99" endtime="995.31">does</w>
   <w nite:id="ES2004a.C.words479" starttime="995.31" endtime="995.54">does</w>
   <w nite:id="ES2004a.C.words480" starttime="995.54" endtime="995.62">it</w>
   <w nite:id="ES2004a.C.words481" starttime="995.62" endtime="995.81">need</w>
   <w nite:id="ES2004a.C.words482" starttime="995.81" endtime="995.9">to</w>
   <w nite:id="ES2004a.C.words483" starttime="995.9" endtime="996.08">be</w>
   <w nite:id="ES2004a.C.words484" starttime="996.08" endtime="996.66">fashionable</w>
   <w nite:id="ES2004a.C.words485" starttime="996.66" endtime="996.66" punc="true">?</w>
   <w nite:id="ES2004a.C.words486" starttime="996.66" endtime="997.27">The</w>
   <w nite:id="ES2004a.C.words487" starttime="997.27" endtime="997.55">sort</w>
   <w nite:id="ES2004a.C.words488" starttime="997.55" endtime="997.63">of</w>
   <disfmarker nite:id="ES2004a.C.words489" starttime="997.63" endtime="997.63"/>
   <w nite:id="ES2004a.C.words490" starttime="997.63" endtime="997.86">I</w>
   <w nite:id="ES2004a.C.words491" starttime="997.86" endtime="997.95">I</w>
   <w nite:id="ES2004a.C.words492" starttime="997.95" endtime="998.18">had</w>
   <w nite:id="ES2004a.C.words493" starttime="998.18" endtime="998.24">a</w>
   <w nite:id="ES2004a.C.words494" starttime="998.24" endtime="998.55">quick</w>
   <w nite:id="ES2004a.C.words495" starttime="998.55" endtime="998.71">look</w>
   <w nite:id="ES2004a.C.words496" starttime="998.71" endtime="998.87">at</w>
   <w nite:id="ES2004a.C.words497" starttime="998.87" endtime="999.15">the</w>
   <w nite:id="ES2004a.C.words498" starttime="999.15" endtime="999.6">company</w>
   <w nite:id="ES2004a.C.words499" starttime="999.6" endtime="1000.17">website</w>
   <w nite:id="ES2004a.C.words500" starttime="1000.17" endtime="1000.41">and</w>
   <w nite:id="ES2004a.C.words501" starttime="1000.41" endtime="1000.68">it&#39;s</w>
   <w nite:id="ES2004a.C.words502" starttime="1000.68" endtime="1001.02">like</w>
   <w nite:id="ES2004a.C.words503" starttime="1001.02" endtime="1002.07">the</w>
   <w nite:id="ES2004a.C.words504" starttime="1002.07" endtime="1002.41">the</w>
   <w nite:id="ES2004a.C.words505" starttime="1002.41" endtime="1002.78">uh</w>
   <disfmarker nite:id="ES2004a.C.words506" starttime="1002.78" endtime="1002.78"/>
   <w nite:id="ES2004a.C.words507" starttime="1002.78" endtime="1002.95">we</w>
   <w nite:id="ES2004a.C.words508" starttime="1002.95" endtime="1003.16">put</w>
   <w nite:id="ES2004a.C.words509" starttime="1003.16" endtime="1003.28">the</w>
   <w nite:id="ES2004a.C.words510" starttime="1003.28" endtime="1003.8">fashion</w>
   <w nite:id="ES2004a.C.words511" starttime="1003.8" endtime="1004.27">into</w>
   <w nite:id="ES2004a.C.words512" starttime="1004.27" endtime="1005.24">electronics</w>
   <w nite:id="ES2004a.C.words513" starttime="1005.24" endtime="1005.24" punc="true">,</w>
   <w nite:id="ES2004a.C.words514" starttime="1005.24" endtime="1005.47">so</w>
   <w nite:id="ES2004a.C.words515" starttime="1005.47" endtime="1005.72">I</w>
   <w nite:id="ES2004a.C.words516" starttime="1005.72" endtime="1006.5">think</w>
   <w nite:id="ES2004a.C.words517" starttime="1006.5" endtime="1006.87">think</w>
   <w nite:id="ES2004a.C.words518" starttime="1006.87" endtime="1007.31">the</w>
   <w nite:id="ES2004a.C.words519" starttime="1007.31" endtime="1007.51">whole</w>
   <w nite:id="ES2004a.C.words520" starttime="1007.51" endtime="1007.97">design</w>
   <w nite:id="ES2004a.C.words521" starttime="1007.97" endtime="1008.31">thing</w>
   <w nite:id="ES2004a.C.words522" starttime="1008.31" endtime="1008.52">might</w>
   <w nite:id="ES2004a.C.words523" starttime="1008.52" endtime="1008.83">be</w>
   <w nite:id="ES2004a.C.words524" starttime="1008.83" endtime="1009.49" trunc="true">qui</w>
   <w nite:id="ES2004a.C.words525" starttime="1009.49" endtime="1009.68">I</w>
   <w nite:id="ES2004a.C.words526" starttime="1009.68" endtime="1009.93">mean</w>
   <w nite:id="ES2004a.C.words527" starttime="1009.93" endtime="1010.05">you</w>
   <w nite:id="ES2004a.C.words528" starttime="1010.05" endtime="1010.36">don&#39;t</w>
   <disfmarker nite:id="ES2004a.C.words529" starttime="1010.36" endtime="1010.36"/>
   <w nite:id="ES2004a.C.words530" starttime="1010.36" endtime="1011.1">you</w>
   <w nite:id="ES2004a.C.words531" starttime="1011.1" endtime="1011.27">you</w>
   <w nite:id="ES2004a.C.words532" starttime="1011.27" endtime="1011.41">can</w>
   <w nite:id="ES2004a.C.words533" starttime="1011.41" endtime="1011.67">still</w>
   <w nite:id="ES2004a.C.words534" starttime="1011.67" endtime="1011.86">have</w>
   <w nite:id="ES2004a.C.words535" starttime="1011.86" endtime="1012.35">plastic</w>
   <w nite:id="ES2004a.C.words536" starttime="1012.35" endtime="1012.47">and</w>
   <w nite:id="ES2004a.C.words537" starttime="1012.47" endtime="1012.61">it&#39;d</w>
   <w nite:id="ES2004a.C.words538" starttime="1012.61" endtime="1013.58">look</w>
   <w nite:id="ES2004a.C.words539" starttime="1013.58" endtime="1013.89">quite</w>
   <w nite:id="ES2004a.C.words540" starttime="1013.89" endtime="1014.38">good</w>
   <w nite:id="ES2004a.C.words541" starttime="1014.38" endtime="1014.64">but</w>
   <disfmarker nite:id="ES2004a.C.words542" starttime="1014.64" endtime="1014.848"/>
   <w nite:id="ES2004a.C.words543" starttime="1018.54" endtime="1018.91">Yeah</w>
   <w nite:id="ES2004a.C.words544" starttime="1018.91" endtime="1018.91" punc="true">.</w>
   <w nite:id="ES2004a.C.words545" starttime="1022.0" endtime="1022.74">Yeah</w>
   <w nite:id="ES2004a.C.words546" starttime="1022.74" endtime="1022.74" punc="true">.</w>
   <w nite:id="ES2004a.C.words547" starttime="1022.74" endtime="1022.96">Yeah</w>
   <w nite:id="ES2004a.C.words548" starttime="1022.96" endtime="1022.96" punc="true">.</w>
   <w nite:id="ES2004a.C.words549" starttime="1042.58" endtime="1043.43">Okay</w>
   <w nite:id="ES2004a.C.words550" starttime="1043.43" endtime="1043.43" punc="true">.</w>
</nite:root>