<?xml version="1.0" encoding="ISO-8859-1" standalone="yes"?>
<nite:root nite:id="ES2004a.D.words" xmlns:nite="http://nite.sourceforge.net/">
   <w nite:id="ES2004a.D.words0" starttime="25.15" endtime="25.23">So</w>
   <w nite:id="ES2004a.D.words1" starttime="25.23" endtime="25.33">we&#39;ve</w>
   <w nite:id="ES2004a.D.words2" starttime="25.33" endtime="25.46">got</w>
   <w nite:id="ES2004a.D.words3" starttime="25.46" endtime="25.74">both</w>
   <w nite:id="ES2004a.D.words4" starttime="25.74" endtime="25.81">of</w>
   <w nite:id="ES2004a.D.words5" starttime="25.81" endtime="25.99">these</w>
   <w nite:id="ES2004a.D.words6" starttime="25.99" endtime="26.32">clipped</w>
   <w nite:id="ES2004a.D.words7" starttime="26.32" endtime="26.83">on</w>
   <w nite:id="ES2004a.D.words8" starttime="26.83" endtime="26.83" punc="true">?</w>
   <w nite:id="ES2004a.D.words9" starttime="29.12" endtime="29.27">She</w>
   <w nite:id="ES2004a.D.words10" starttime="29.27" endtime="29.43">gonna</w>
   <w nite:id="ES2004a.D.words11" starttime="29.43" endtime="29.82">answer</w>
   <w nite:id="ES2004a.D.words12" starttime="29.82" endtime="29.96">me</w>
   <w nite:id="ES2004a.D.words13" starttime="29.96" endtime="30.04">or</w>
   <w nite:id="ES2004a.D.words14" starttime="30.04" endtime="30.48">not</w>
   <w nite:id="ES2004a.D.words15" starttime="30.48" endtime="30.48" punc="true">?</w>
   <w nite:id="ES2004a.D.words16" starttime="31.3" endtime="31.69">Right</w>
   <w nite:id="ES2004a.D.words17" starttime="31.69" endtime="31.69" punc="true">,</w>
   <w nite:id="ES2004a.D.words18" starttime="31.69" endtime="31.96">both</w>
   <w nite:id="ES2004a.D.words19" starttime="31.96" endtime="32.12">of</w>
   <w nite:id="ES2004a.D.words20" starttime="32.12" endtime="32.48">them</w>
   <w nite:id="ES2004a.D.words21" starttime="32.48" endtime="32.48" punc="true">,</w>
   <w nite:id="ES2004a.D.words22" starttime="32.48" endtime="33.39">okay</w>
   <w nite:id="ES2004a.D.words23" starttime="33.39" endtime="33.39" punc="true">.</w>
   <w nite:id="ES2004a.D.words24" starttime="42.63" endtime="43.29">God</w>
   <w nite:id="ES2004a.D.words25" starttime="43.29" endtime="43.29" punc="true">.</w>
   <w nite:id="ES2004a.D.words26" starttime="49.75" endtime="50.44">Jesus</w>
   <w nite:id="ES2004a.D.words27" starttime="50.44" endtime="50.44" punc="true">,</w>
   <w nite:id="ES2004a.D.words28" starttime="50.44" endtime="50.58">it&#39;s</w>
   <w nite:id="ES2004a.D.words29" starttime="50.58" endtime="50.8">gonna</w>
   <w nite:id="ES2004a.D.words30" starttime="50.8" endtime="52.46">fall</w>
   <w nite:id="ES2004a.D.words31" starttime="52.46" endtime="53.18">off</w>
   <gap nite:id="ES2004a.D.words32" starttime="53.18" endtime="53.18"/>
   <w nite:id="ES2004a.D.words33" starttime="53.18" endtime="53.18" punc="true">.</w>
   <vocalsound nite:id="ES2004a.D.words34" starttime="180.288" endtime="180.8" type="laugh"/>
   <vocalsound nite:id="ES2004a.D.words35" starttime="275.76" endtime="276.624" type="laugh"/>
   <w nite:id="ES2004a.D.words36" starttime="306.38" endtime="306.46">A</w>
   <w nite:id="ES2004a.D.words37" starttime="306.46" endtime="306.73">kind</w>
   <w nite:id="ES2004a.D.words38" starttime="306.73" endtime="306.87">of</w>
   <w nite:id="ES2004a.D.words39" starttime="306.87" endtime="307.2">dog</w>
   <w nite:id="ES2004a.D.words40" starttime="307.2" endtime="307.2" punc="true">?</w>
   <w nite:id="ES2004a.D.words41" starttime="315.85" endtime="316.3">Sorry</w>
   <w nite:id="ES2004a.D.words42" starttime="316.3" endtime="316.3" punc="true">?</w>
   <w nite:id="ES2004a.D.words43" starttime="317.9" endtime="318.62">Uh</w>
   <w nite:id="ES2004a.D.words44" starttime="318.62" endtime="318.62" punc="true">.</w>
   <w nite:id="ES2004a.D.words45" starttime="344.91" endtime="345.36">Mm-hmm</w>
   <w nite:id="ES2004a.D.words46" starttime="345.36" endtime="345.36" punc="true">.</w>
   <w nite:id="ES2004a.D.words47" starttime="356.51" endtime="356.83">Please</w>
   <w nite:id="ES2004a.D.words48" starttime="356.83" endtime="356.83" punc="true">,</w>
   <w nite:id="ES2004a.D.words49" starttime="356.83" endtime="357.06">please</w>
   <w nite:id="ES2004a.D.words50" starttime="357.06" endtime="357.22">leave</w>
   <w nite:id="ES2004a.D.words51" starttime="357.22" endtime="357.31">me</w>
   <w nite:id="ES2004a.D.words52" starttime="357.31" endtime="357.37">a</w>
   <w nite:id="ES2004a.D.words53" starttime="357.37" endtime="357.68">space</w>
   <w nite:id="ES2004a.D.words54" starttime="357.68" endtime="357.78">at</w>
   <w nite:id="ES2004a.D.words55" starttime="357.78" endtime="357.85">the</w>
   <w nite:id="ES2004a.D.words56" starttime="357.85" endtime="358.3">bottom</w>
   <w nite:id="ES2004a.D.words57" starttime="358.3" endtime="358.3" punc="true">,</w>
   <w nite:id="ES2004a.D.words58" starttime="358.3" endtime="358.41">I&#39;m</w>
   <w nite:id="ES2004a.D.words59" starttime="358.41" endtime="359.11">little</w>
   <w nite:id="ES2004a.D.words60" starttime="359.11" endtime="359.11" punc="true">,</w>
   <w nite:id="ES2004a.D.words61" starttime="359.11" endtime="359.2">you</w>
   <w nite:id="ES2004a.D.words62" starttime="359.2" endtime="359.34">can</w>
   <w nite:id="ES2004a.D.words63" starttime="359.34" endtime="359.54">get</w>
   <w nite:id="ES2004a.D.words64" starttime="359.54" endtime="359.63">to</w>
   <w nite:id="ES2004a.D.words65" starttime="359.63" endtime="359.71">the</w>
   <w nite:id="ES2004a.D.words66" starttime="359.71" endtime="360.48">top</w>
   <w nite:id="ES2004a.D.words67" starttime="360.48" endtime="360.48" punc="true">,</w>
   <w nite:id="ES2004a.D.words68" starttime="360.48" endtime="360.87">with</w>
   <w nite:id="ES2004a.D.words69" starttime="360.87" endtime="361.23">standing</w>
   <w nite:id="ES2004a.D.words70" starttime="361.23" endtime="361.33">on</w>
   <w nite:id="ES2004a.D.words71" starttime="361.33" endtime="361.39">a</w>
   <w nite:id="ES2004a.D.words72" starttime="361.39" endtime="362.14">chair</w>
   <w nite:id="ES2004a.D.words73" starttime="362.14" endtime="362.14" punc="true">.</w>
   <vocalsound nite:id="ES2004a.D.words74" starttime="373.52" endtime="374.626" type="laugh"/>
   <w nite:id="ES2004a.D.words75" starttime="376.8" endtime="376.88">I</w>
   <w nite:id="ES2004a.D.words76" starttime="376.88" endtime="377.06">think</w>
   <w nite:id="ES2004a.D.words77" starttime="377.06" endtime="377.22">it&#39;s</w>
   <w nite:id="ES2004a.D.words78" starttime="377.22" endtime="377.9">outstandingly</w>
   <w nite:id="ES2004a.D.words79" starttime="377.9" endtime="378.94">good</w>
   <w nite:id="ES2004a.D.words80" starttime="378.94" endtime="378.94" punc="true">.</w>
   <vocalsound nite:id="ES2004a.D.words81" starttime="378.94" endtime="379.584" type="laugh"/>
   <w nite:id="ES2004a.D.words82" starttime="391.13" endtime="391.74">Crocodile</w>
   <w nite:id="ES2004a.D.words83" starttime="391.74" endtime="391.74" punc="true">?</w>
   <vocalsound nite:id="ES2004a.D.words84" starttime="397.008" endtime="398.565" type="laugh"/>
   <w nite:id="ES2004a.D.words85" starttime="403.24" endtime="403.35" trunc="true">O</w>
   <vocalsound nite:id="ES2004a.D.words86" starttime="405.28" endtime="407.376" type="laugh"/>
   <w nite:id="ES2004a.D.words87" starttime="421.44" endtime="421.77" trunc="true">Beauti</w>
   <w nite:id="ES2004a.D.words88" starttime="421.77" endtime="422.26">that&#39;s</w>
   <disfmarker nite:id="ES2004a.D.words89" starttime="422.26" endtime="422.34"/>
   <vocalsound nite:id="ES2004a.D.words90" starttime="440.149" endtime="440.149" type="laugh"/>
   <w nite:id="ES2004a.D.words91" starttime="441.59" endtime="442.12">Okay</w>
   <w nite:id="ES2004a.D.words92" starttime="442.12" endtime="442.12" punc="true">.</w>
   <w nite:id="ES2004a.D.words93" starttime="443.16" endtime="443.34">Um</w>
   <w nite:id="ES2004a.D.words94" starttime="443.34" endtime="443.34" punc="true">,</w>
   <w nite:id="ES2004a.D.words95" starttime="443.34" endtime="443.51">I&#39;m</w>
   <w nite:id="ES2004a.D.words96" starttime="443.51" endtime="443.73">very</w>
   <w nite:id="ES2004a.D.words97" starttime="443.73" endtime="444.19">impressed</w>
   <w nite:id="ES2004a.D.words98" starttime="444.19" endtime="444.28">with</w>
   <w nite:id="ES2004a.D.words99" starttime="444.28" endtime="444.48">your</w>
   <w nite:id="ES2004a.D.words100" starttime="444.48" endtime="445.04">artistic</w>
   <w nite:id="ES2004a.D.words101" starttime="445.04" endtime="445.32">skills</w>
   <w nite:id="ES2004a.D.words102" starttime="445.32" endtime="445.32" punc="true">,</w>
   <w nite:id="ES2004a.D.words103" starttime="445.32" endtime="445.64">mine&#39;s</w>
   <disfmarker nite:id="ES2004a.D.words104" starttime="445.64" endtime="445.64"/>
   <w nite:id="ES2004a.D.words105" starttime="445.64" endtime="445.88">are</w>
   <w nite:id="ES2004a.D.words106" starttime="445.88" endtime="447.95">dreadful</w>
   <w nite:id="ES2004a.D.words107" starttime="447.95" endtime="447.95" punc="true">.</w>
   <w nite:id="ES2004a.D.words108" starttime="447.95" endtime="448.2">Oops</w>
   <w nite:id="ES2004a.D.words109" starttime="448.2" endtime="448.34">this</w>
   <w nite:id="ES2004a.D.words110" starttime="448.34" endtime="448.45">is</w>
   <w nite:id="ES2004a.D.words111" starttime="448.45" endtime="448.57">now</w>
   <w nite:id="ES2004a.D.words112" starttime="448.57" endtime="448.88">coming</w>
   <w nite:id="ES2004a.D.words113" starttime="448.88" endtime="449.61">apart</w>
   <w nite:id="ES2004a.D.words114" starttime="449.61" endtime="449.61" punc="true">,</w>
   <w nite:id="ES2004a.D.words115" starttime="449.61" endtime="449.7">let</w>
   <w nite:id="ES2004a.D.words116" starttime="449.7" endtime="449.76">me</w>
   <w nite:id="ES2004a.D.words117" starttime="449.76" endtime="449.97">just</w>
   <w nite:id="ES2004a.D.words118" starttime="449.97" endtime="450.1">put</w>
   <w nite:id="ES2004a.D.words119" starttime="450.1" endtime="450.17">the</w>
   <w nite:id="ES2004a.D.words120" starttime="450.17" endtime="450.44">top</w>
   <w nite:id="ES2004a.D.words121" starttime="450.44" endtime="450.85">in</w>
   <w nite:id="ES2004a.D.words122" starttime="450.85" endtime="450.85" punc="true">.</w>
   <w nite:id="ES2004a.D.words123" starttime="454.0" endtime="454.08">I</w>
   <w nite:id="ES2004a.D.words124" starttime="454.08" endtime="454.28">hope</w>
   <w nite:id="ES2004a.D.words125" starttime="454.28" endtime="454.47">that</w>
   <w nite:id="ES2004a.D.words126" starttime="454.47" endtime="454.81">clicks</w>
   <w nite:id="ES2004a.D.words127" starttime="454.81" endtime="455.25">in</w>
   <w nite:id="ES2004a.D.words128" starttime="455.25" endtime="455.25" punc="true">,</w>
   <w nite:id="ES2004a.D.words129" starttime="455.25" endtime="455.31">I&#39;ll</w>
   <w nite:id="ES2004a.D.words130" starttime="455.31" endtime="455.47">just</w>
   <disfmarker nite:id="ES2004a.D.words131" starttime="455.47" endtime="455.47"/>
   <w nite:id="ES2004a.D.words132" starttime="455.47" endtime="455.56">I&#39;ll</w>
   <w nite:id="ES2004a.D.words133" starttime="455.56" endtime="455.82">hold</w>
   <w nite:id="ES2004a.D.words134" starttime="455.82" endtime="455.93">it</w>
   <w nite:id="ES2004a.D.words135" starttime="455.93" endtime="456.46">on</w>
   <w nite:id="ES2004a.D.words136" starttime="456.46" endtime="456.46" punc="true">,</w>
   <w nite:id="ES2004a.D.words137" starttime="456.46" endtime="456.94">okay</w>
   <w nite:id="ES2004a.D.words138" starttime="456.94" endtime="456.94" punc="true">.</w>
   <w nite:id="ES2004a.D.words139" starttime="457.97" endtime="458.48">Oops</w>
   <w nite:id="ES2004a.D.words140" starttime="458.48" endtime="458.48" punc="true">,</w>
   <w nite:id="ES2004a.D.words141" starttime="458.48" endtime="458.67">oh</w>
   <w nite:id="ES2004a.D.words142" starttime="458.67" endtime="459.83">dear</w>
   <w nite:id="ES2004a.D.words143" starttime="459.83" endtime="459.83" punc="true">,</w>
   <w nite:id="ES2004a.D.words144" starttime="459.83" endtime="459.97">what</w>
   <w nite:id="ES2004a.D.words145" starttime="459.97" endtime="460.34">happened</w>
   <w nite:id="ES2004a.D.words146" starttime="460.34" endtime="460.57">there</w>
   <w nite:id="ES2004a.D.words147" starttime="460.57" endtime="460.57" punc="true">?</w>
   <w nite:id="ES2004a.D.words148" starttime="465.38" endtime="465.79">Hopefully</w>
   <w nite:id="ES2004a.D.words149" starttime="465.79" endtime="466.14">that&#39;ll</w>
   <w nite:id="ES2004a.D.words150" starttime="466.14" endtime="466.4">stay</w>
   <w nite:id="ES2004a.D.words151" starttime="466.4" endtime="466.73">on</w>
   <w nite:id="ES2004a.D.words152" starttime="466.73" endtime="466.73" punc="true">,</w>
   <w nite:id="ES2004a.D.words153" starttime="466.73" endtime="467.31">two-handed</w>
   <w nite:id="ES2004a.D.words154" starttime="467.31" endtime="468.51">version</w>
   <w nite:id="ES2004a.D.words155" starttime="468.51" endtime="468.51" punc="true">.</w>
   <w nite:id="ES2004a.D.words156" starttime="468.51" endtime="469.58">Okay</w>
   <w nite:id="ES2004a.D.words157" starttime="469.58" endtime="469.58" punc="true">,</w>
   <w nite:id="ES2004a.D.words158" starttime="469.58" endtime="470.42">uh</w>
   <disfmarker nite:id="ES2004a.D.words159" starttime="470.42" endtime="470.88"/>
   <w nite:id="ES2004a.D.words160" starttime="474.41" endtime="474.72">Again</w>
   <w nite:id="ES2004a.D.words161" starttime="474.72" endtime="474.85">this</w>
   <w nite:id="ES2004a.D.words162" starttime="474.85" endtime="474.99">is</w>
   <w nite:id="ES2004a.D.words163" starttime="474.99" endtime="475.13">off</w>
   <w nite:id="ES2004a.D.words164" starttime="475.13" endtime="475.2">the</w>
   <w nite:id="ES2004a.D.words165" starttime="475.2" endtime="475.44">top</w>
   <w nite:id="ES2004a.D.words166" starttime="475.44" endtime="475.58">of</w>
   <w nite:id="ES2004a.D.words167" starttime="475.58" endtime="475.72">my</w>
   <w nite:id="ES2004a.D.words168" starttime="475.72" endtime="475.91">head</w>
   <w nite:id="ES2004a.D.words169" starttime="475.91" endtime="475.91" punc="true">,</w>
   <w nite:id="ES2004a.D.words170" starttime="475.91" endtime="475.95">I</w>
   <w nite:id="ES2004a.D.words171" starttime="475.95" endtime="476.07">was</w>
   <w nite:id="ES2004a.D.words172" starttime="476.07" endtime="476.28">gonna</w>
   <w nite:id="ES2004a.D.words173" starttime="476.28" endtime="476.38">do</w>
   <w nite:id="ES2004a.D.words174" starttime="476.38" endtime="476.48">a</w>
   <w nite:id="ES2004a.D.words175" starttime="476.48" endtime="476.71">big</w>
   <w nite:id="ES2004a.D.words176" starttime="476.71" endtime="477.06">cat</w>
   <w nite:id="ES2004a.D.words177" starttime="477.06" endtime="478.11">too</w>
   <w nite:id="ES2004a.D.words178" starttime="478.11" endtime="478.11" punc="true">,</w>
   <w nite:id="ES2004a.D.words179" starttime="478.11" endtime="479.35">um</w>
   <w nite:id="ES2004a.D.words180" starttime="479.35" endtime="479.35" punc="true">.</w>
   <w nite:id="ES2004a.D.words181" starttime="481.26" endtime="481.38">Oh</w>
   <w nite:id="ES2004a.D.words182" starttime="481.38" endtime="481.55">dear</w>
   <w nite:id="ES2004a.D.words183" starttime="481.55" endtime="481.55" punc="true">,</w>
   <w nite:id="ES2004a.D.words184" starttime="481.55" endtime="481.62">it</w>
   <w nite:id="ES2004a.D.words185" starttime="481.62" endtime="481.87">doesn&#39;t</w>
   <w nite:id="ES2004a.D.words186" starttime="481.87" endtime="482.08">look</w>
   <w nite:id="ES2004a.D.words187" starttime="482.08" endtime="482.19">what</w>
   <w nite:id="ES2004a.D.words188" starttime="482.19" endtime="482.37">like</w>
   <w nite:id="ES2004a.D.words189" starttime="482.37" endtime="482.48">what</w>
   <w nite:id="ES2004a.D.words190" starttime="482.48" endtime="482.52">I</w>
   <w nite:id="ES2004a.D.words191" starttime="482.52" endtime="482.81">want</w>
   <w nite:id="ES2004a.D.words192" starttime="482.81" endtime="482.89">it</w>
   <w nite:id="ES2004a.D.words193" starttime="482.89" endtime="483.02">to</w>
   <w nite:id="ES2004a.D.words194" starttime="483.02" endtime="484.68">be</w>
   <vocalsound nite:id="ES2004a.D.words195" starttime="484.68" endtime="484.68" type="laugh"/>
   <w nite:id="ES2004a.D.words196" starttime="484.68" endtime="484.68" punc="true">.</w>
   <w nite:id="ES2004a.D.words197" starttime="487.1" endtime="487.71">Uh</w>
   <w nite:id="ES2004a.D.words198" starttime="487.71" endtime="487.71" punc="true">.</w>
   <w nite:id="ES2004a.D.words199" starttime="488.77" endtime="488.87">It&#39;s</w>
   <w nite:id="ES2004a.D.words200" starttime="488.87" endtime="489.03">not</w>
   <w nite:id="ES2004a.D.words201" starttime="489.03" endtime="489.06">a</w>
   <w nite:id="ES2004a.D.words202" starttime="489.06" endtime="489.52">vampire</w>
   <w nite:id="ES2004a.D.words203" starttime="489.52" endtime="489.7">bat</w>
   <w nite:id="ES2004a.D.words204" starttime="489.7" endtime="491.41">honestly</w>
   <vocalsound nite:id="ES2004a.D.words205" starttime="491.41" endtime="491.41" type="laugh"/>
   <w nite:id="ES2004a.D.words206" starttime="491.41" endtime="491.41" punc="true">.</w>
   <w nite:id="ES2004a.D.words207" starttime="492.9" endtime="493.23">Uh</w>
   <w nite:id="ES2004a.D.words208" starttime="493.23" endtime="493.35">and</w>
   <w nite:id="ES2004a.D.words209" starttime="493.35" endtime="493.72">somewhere</w>
   <w nite:id="ES2004a.D.words210" starttime="493.72" endtime="493.87">there&#39;s</w>
   <w nite:id="ES2004a.D.words211" starttime="493.87" endtime="493.95">a</w>
   <w nite:id="ES2004a.D.words212" starttime="493.95" endtime="494.25">body</w>
   <w nite:id="ES2004a.D.words213" starttime="494.25" endtime="497.78">behind</w>
   <w nite:id="ES2004a.D.words214" starttime="497.78" endtime="497.78" punc="true">.</w>
   <w nite:id="ES2004a.D.words215" starttime="497.78" endtime="497.96">That&#39;s</w>
   <w nite:id="ES2004a.D.words216" starttime="497.96" endtime="498.09">my</w>
   <w nite:id="ES2004a.D.words217" starttime="498.09" endtime="498.69">dreadful</w>
   <disfmarker nite:id="ES2004a.D.words218" starttime="498.69" endtime="498.69"/>
   <w nite:id="ES2004a.D.words219" starttime="498.69" endtime="498.94">that&#39;s</w>
   <w nite:id="ES2004a.D.words220" starttime="498.94" endtime="499.07">the</w>
   <w nite:id="ES2004a.D.words221" starttime="499.07" endtime="499.62">worst</w>
   <w nite:id="ES2004a.D.words222" starttime="499.62" endtime="499.96">yet</w>
   <w nite:id="ES2004a.D.words223" starttime="499.96" endtime="499.96" punc="true">,</w>
   <w nite:id="ES2004a.D.words224" starttime="499.96" endtime="500.47">that&#39;s</w>
   <disfmarker nite:id="ES2004a.D.words225" starttime="500.47" endtime="500.47"/>
   <w nite:id="ES2004a.D.words226" starttime="500.47" endtime="500.57">it&#39;s</w>
   <w nite:id="ES2004a.D.words227" starttime="500.57" endtime="500.79">meant</w>
   <w nite:id="ES2004a.D.words228" starttime="500.79" endtime="500.91">to</w>
   <w nite:id="ES2004a.D.words229" starttime="500.91" endtime="501.0">be</w>
   <w nite:id="ES2004a.D.words230" starttime="501.0" endtime="501.16">an</w>
   <w nite:id="ES2004a.D.words231" starttime="501.16" endtime="502.82">eagle</w>
   <vocalsound nite:id="ES2004a.D.words232" starttime="502.82" endtime="502.82" type="laugh"/>
   <w nite:id="ES2004a.D.words233" starttime="502.82" endtime="502.91">you</w>
   <w nite:id="ES2004a.D.words234" starttime="502.91" endtime="503.11">can</w>
   <w nite:id="ES2004a.D.words235" starttime="503.11" endtime="503.33">tell</w>
   <w nite:id="ES2004a.D.words236" starttime="503.33" endtime="503.5">it&#39;s</w>
   <w nite:id="ES2004a.D.words237" starttime="503.5" endtime="503.69">a</w>
   <w nite:id="ES2004a.D.words238" starttime="503.69" endtime="504.1">flying</w>
   <w nite:id="ES2004a.D.words239" starttime="504.1" endtime="504.65">animal</w>
   <vocalsound nite:id="ES2004a.D.words240" starttime="504.65" endtime="504.65" type="laugh"/>
   <w nite:id="ES2004a.D.words241" starttime="504.65" endtime="505.0">could</w>
   <w nite:id="ES2004a.D.words242" starttime="505.0" endtime="505.92">have</w>
   <w nite:id="ES2004a.D.words243" starttime="505.92" endtime="506.06">been</w>
   <w nite:id="ES2004a.D.words244" starttime="506.06" endtime="506.23">a</w>
   <w nite:id="ES2004a.D.words245" starttime="506.23" endtime="506.56">seagull</w>
   <w nite:id="ES2004a.D.words246" starttime="506.56" endtime="506.56" punc="true">,</w>
   <w nite:id="ES2004a.D.words247" starttime="506.56" endtime="506.59">I</w>
   <w nite:id="ES2004a.D.words248" starttime="506.59" endtime="506.81">never</w>
   <w nite:id="ES2004a.D.words249" starttime="506.81" endtime="506.99">thought</w>
   <w nite:id="ES2004a.D.words250" starttime="506.99" endtime="507.12">of</w>
   <w nite:id="ES2004a.D.words251" starttime="507.12" endtime="507.15">a</w>
   <w nite:id="ES2004a.D.words252" starttime="507.15" endtime="508.09">seagull</w>
   <w nite:id="ES2004a.D.words253" starttime="508.09" endtime="508.09" punc="true">.</w>
   <w nite:id="ES2004a.D.words254" starttime="508.09" endtime="508.25">An</w>
   <w nite:id="ES2004a.D.words255" starttime="508.25" endtime="508.7">eagle</w>
   <w nite:id="ES2004a.D.words256" starttime="508.7" endtime="508.7" punc="true">,</w>
   <w nite:id="ES2004a.D.words257" starttime="508.7" endtime="509.13">um</w>
   <w nite:id="ES2004a.D.words258" starttime="509.13" endtime="509.41">again</w>
   <w nite:id="ES2004a.D.words259" starttime="509.41" endtime="509.51">I&#39;m</w>
   <w nite:id="ES2004a.D.words260" starttime="509.51" endtime="509.85">thinking</w>
   <w nite:id="ES2004a.D.words261" starttime="509.85" endtime="509.94">on</w>
   <w nite:id="ES2004a.D.words262" starttime="509.94" endtime="510.18">my</w>
   <w nite:id="ES2004a.D.words263" starttime="510.18" endtime="510.42">feet</w>
   <w nite:id="ES2004a.D.words264" starttime="510.42" endtime="511.49">goodness</w>
   <w nite:id="ES2004a.D.words265" starttime="511.49" endtime="511.49" punc="true">.</w>
   <w nite:id="ES2004a.D.words266" starttime="511.49" endtime="511.55">I</w>
   <w nite:id="ES2004a.D.words267" starttime="511.55" endtime="511.75">suppose</w>
   <w nite:id="ES2004a.D.words268" starttime="511.75" endtime="511.88">they&#39;re</w>
   <w nite:id="ES2004a.D.words269" starttime="511.88" endtime="512.0">all</w>
   <w nite:id="ES2004a.D.words270" starttime="512.0" endtime="512.17">so</w>
   <w nite:id="ES2004a.D.words271" starttime="512.17" endtime="512.85">independent</w>
   <w nite:id="ES2004a.D.words272" starttime="512.85" endtime="512.85" punc="true">,</w>
   <w nite:id="ES2004a.D.words273" starttime="512.85" endtime="512.96">I&#39;d</w>
   <w nite:id="ES2004a.D.words274" starttime="512.96" endtime="513.16">put</w>
   <w nite:id="ES2004a.D.words275" starttime="513.16" endtime="513.34">that</w>
   <w nite:id="ES2004a.D.words276" starttime="513.34" endtime="513.47">one</w>
   <w nite:id="ES2004a.D.words277" starttime="513.47" endtime="513.74">down</w>
   <w nite:id="ES2004a.D.words278" starttime="513.74" endtime="516.12">again</w>
   <w nite:id="ES2004a.D.words279" starttime="516.12" endtime="516.12" punc="true">.</w>
   <vocalsound nite:id="ES2004a.D.words280" starttime="516.12" endtime="516.12" type="other"/>
   <w nite:id="ES2004a.D.words281" starttime="516.12" endtime="516.25">Da</w>
   <w nite:id="ES2004a.D.words282" starttime="516.25" endtime="517.9">dum</w>
   <w nite:id="ES2004a.D.words283" starttime="517.9" endtime="518.66">um</w>
   <w nite:id="ES2004a.D.words284" starttime="518.66" endtime="518.66" punc="true">.</w>
   <w nite:id="ES2004a.D.words285" starttime="520.28" endtime="521.37" trunc="true">Indepen</w>
   <w nite:id="ES2004a.D.words286" starttime="521.37" endtime="522.56">independent</w>
   <w nite:id="ES2004a.D.words287" starttime="522.56" endtime="522.56" punc="true">,</w>
   <w nite:id="ES2004a.D.words288" starttime="522.56" endtime="523.19">right</w>
   <w nite:id="ES2004a.D.words289" starttime="523.19" endtime="523.19" punc="true">,</w>
   <w nite:id="ES2004a.D.words290" starttime="523.19" endtime="523.28">did</w>
   <w nite:id="ES2004a.D.words291" starttime="523.28" endtime="523.38">you</w>
   <w nite:id="ES2004a.D.words292" starttime="523.38" endtime="523.51">say</w>
   <w nite:id="ES2004a.D.words293" starttime="523.51" endtime="523.6">they&#39;re</w>
   <w nite:id="ES2004a.D.words294" starttime="523.6" endtime="523.75">good</w>
   <w nite:id="ES2004a.D.words295" starttime="523.75" endtime="523.84">at</w>
   <w nite:id="ES2004a.D.words296" starttime="523.84" endtime="524.93">golf</w>
   <w nite:id="ES2004a.D.words297" starttime="524.93" endtime="524.93" punc="true">?</w>
   <w nite:id="ES2004a.D.words298" starttime="524.93" endtime="525.04">Are</w>
   <w nite:id="ES2004a.D.words299" starttime="525.04" endtime="526.24">they</w>
   <w nite:id="ES2004a.D.words300" starttime="526.24" endtime="526.24" punc="true">?</w>
   <w nite:id="ES2004a.D.words301" starttime="526.24" endtime="526.91">Oh</w>
   <w nite:id="ES2004a.D.words302" starttime="526.91" endtime="526.91" punc="true">.</w>
   <w nite:id="ES2004a.D.words303" starttime="526.91" endtime="527.14">Oh</w>
   <w nite:id="ES2004a.D.words304" starttime="527.14" endtime="527.6">right</w>
   <w nite:id="ES2004a.D.words305" starttime="527.6" endtime="527.6" punc="true">,</w>
   <w nite:id="ES2004a.D.words306" starttime="527.6" endtime="527.94">okay</w>
   <w nite:id="ES2004a.D.words307" starttime="527.94" endtime="527.94" punc="true">,</w>
   <w nite:id="ES2004a.D.words308" starttime="527.94" endtime="528.04">I&#39;m</w>
   <w nite:id="ES2004a.D.words309" starttime="528.04" endtime="528.2">not</w>
   <w nite:id="ES2004a.D.words310" starttime="528.2" endtime="528.4">good</w>
   <w nite:id="ES2004a.D.words311" starttime="528.4" endtime="528.49">at</w>
   <w nite:id="ES2004a.D.words312" starttime="528.49" endtime="529.2">golf</w>
   <w nite:id="ES2004a.D.words313" starttime="529.2" endtime="529.2" punc="true">.</w>
   <w nite:id="ES2004a.D.words314" starttime="529.2" endtime="529.36">I&#39;d</w>
   <w nite:id="ES2004a.D.words315" starttime="529.36" endtime="529.44">say</w>
   <w nite:id="ES2004a.D.words316" starttime="529.44" endtime="529.55">they&#39;re</w>
   <w nite:id="ES2004a.D.words317" starttime="529.55" endtime="529.82">quite</w>
   <w nite:id="ES2004a.D.words318" starttime="529.82" endtime="531.84">free-spirited</w>
   <w nite:id="ES2004a.D.words319" starttime="531.84" endtime="531.84" punc="true">,</w>
   <w nite:id="ES2004a.D.words320" starttime="531.84" endtime="532.41">flying</w>
   <w nite:id="ES2004a.D.words321" starttime="532.41" endtime="532.75">around</w>
   <w nite:id="ES2004a.D.words322" starttime="532.75" endtime="535.57">everywhere</w>
   <w nite:id="ES2004a.D.words323" starttime="535.57" endtime="535.57" punc="true">,</w>
   <w nite:id="ES2004a.D.words324" starttime="535.57" endtime="535.85">doing</w>
   <w nite:id="ES2004a.D.words325" starttime="535.85" endtime="536.06">their</w>
   <w nite:id="ES2004a.D.words326" starttime="536.06" endtime="536.23">own</w>
   <w nite:id="ES2004a.D.words327" starttime="536.23" endtime="536.6">thing</w>
   <w nite:id="ES2004a.D.words328" starttime="536.6" endtime="536.6" punc="true">.</w>
   <w nite:id="ES2004a.D.words329" starttime="541.43" endtime="541.94">And</w>
   <w nite:id="ES2004a.D.words330" starttime="541.94" endtime="543.75">uh</w>
   <w nite:id="ES2004a.D.words331" starttime="543.75" endtime="543.75" punc="true">,</w>
   <w nite:id="ES2004a.D.words332" starttime="543.75" endtime="543.99">birds</w>
   <w nite:id="ES2004a.D.words333" starttime="543.99" endtime="544.1">of</w>
   <w nite:id="ES2004a.D.words334" starttime="544.1" endtime="544.38">prey</w>
   <w nite:id="ES2004a.D.words335" starttime="544.38" endtime="544.62">aren&#39;t</w>
   <w nite:id="ES2004a.D.words336" starttime="544.62" endtime="544.95">they</w>
   <w nite:id="ES2004a.D.words337" starttime="544.95" endtime="544.95" punc="true">,</w>
   <w nite:id="ES2004a.D.words338" starttime="544.95" endtime="545.06">oh</w>
   <w nite:id="ES2004a.D.words339" starttime="545.06" endtime="546.05">dear</w>
   <w nite:id="ES2004a.D.words340" starttime="546.05" endtime="546.05" punc="true">,</w>
   <w nite:id="ES2004a.D.words341" starttime="546.05" endtime="547.15">intrepid</w>
   <w nite:id="ES2004a.D.words342" starttime="547.15" endtime="547.15" punc="true">.</w>
   <w nite:id="ES2004a.D.words343" starttime="547.15" endtime="547.27">I&#39;ll</w>
   <w nite:id="ES2004a.D.words344" starttime="547.27" endtime="547.4">put</w>
   <w nite:id="ES2004a.D.words345" starttime="547.4" endtime="547.88">that</w>
   <w nite:id="ES2004a.D.words346" starttime="547.88" endtime="547.88" punc="true">,</w>
   <w nite:id="ES2004a.D.words347" starttime="547.88" endtime="549.53">intrepid</w>
   <w nite:id="ES2004a.D.words348" starttime="549.53" endtime="549.53" punc="true">.</w>
   <w nite:id="ES2004a.D.words349" starttime="553.66" endtime="553.83">There</w>
   <w nite:id="ES2004a.D.words350" starttime="553.83" endtime="553.96">we</w>
   <w nite:id="ES2004a.D.words351" starttime="553.96" endtime="554.68">go</w>
   <w nite:id="ES2004a.D.words352" starttime="554.68" endtime="554.68" punc="true">,</w>
   <w nite:id="ES2004a.D.words353" starttime="554.68" endtime="555.02">hope</w>
   <w nite:id="ES2004a.D.words354" starttime="555.02" endtime="555.23">that</w>
   <w nite:id="ES2004a.D.words355" starttime="555.23" endtime="555.58">pen&#39;s</w>
   <w nite:id="ES2004a.D.words356" starttime="555.58" endtime="555.78">gonna</w>
   <w nite:id="ES2004a.D.words357" starttime="555.78" endtime="555.91">be</w>
   <w nite:id="ES2004a.D.words358" starttime="555.91" endtime="556.77">okay</w>
   <w nite:id="ES2004a.D.words359" starttime="556.77" endtime="556.77" punc="true">.</w>
   <w nite:id="ES2004a.D.words360" starttime="558.67" endtime="559.33">Whoops</w>
   <w nite:id="ES2004a.D.words361" starttime="559.33" endtime="559.33" punc="true">.</w>
   <w nite:id="ES2004a.D.words362" starttime="576.51" endtime="577.21">Seventeen</w>
   <w nite:id="ES2004a.D.words363" starttime="577.21" endtime="577.21" punc="true">.</w>
   <w nite:id="ES2004a.D.words364" starttime="584.88" endtime="585.35">Seventeen</w>
   <w nite:id="ES2004a.D.words365" starttime="585.35" endtime="585.97">Pounds</w>
   <w nite:id="ES2004a.D.words366" starttime="585.97" endtime="585.97" punc="true">.</w>
   <w nite:id="ES2004a.D.words367" starttime="588.37" endtime="588.57">Should</w>
   <w nite:id="ES2004a.D.words368" starttime="588.57" endtime="588.68">we</w>
   <w nite:id="ES2004a.D.words369" starttime="588.68" endtime="588.76">be</w>
   <w nite:id="ES2004a.D.words370" starttime="588.76" endtime="589.08">making</w>
   <w nite:id="ES2004a.D.words371" starttime="589.08" endtime="589.32">notes</w>
   <w nite:id="ES2004a.D.words372" starttime="589.32" endtime="589.38">of</w>
   <w nite:id="ES2004a.D.words373" starttime="589.38" endtime="589.55">this</w>
   <w nite:id="ES2004a.D.words374" starttime="589.55" endtime="589.55" punc="true">?</w>
   <w nite:id="ES2004a.D.words375" starttime="589.55" endtime="589.64">We</w>
   <w nite:id="ES2004a.D.words376" starttime="589.64" endtime="589.75">can</w>
   <w nite:id="ES2004a.D.words377" starttime="589.75" endtime="589.89">just</w>
   <w nite:id="ES2004a.D.words378" starttime="589.89" endtime="590.15">refer</w>
   <w nite:id="ES2004a.D.words379" starttime="590.15" endtime="590.28">to</w>
   <w nite:id="ES2004a.D.words380" starttime="590.28" endtime="590.44">this</w>
   <w nite:id="ES2004a.D.words381" starttime="590.44" endtime="590.76">later</w>
   <w nite:id="ES2004a.D.words382" starttime="590.76" endtime="591.0">can&#39;t</w>
   <w nite:id="ES2004a.D.words383" starttime="591.0" endtime="591.74">we</w>
   <w nite:id="ES2004a.D.words384" starttime="591.74" endtime="591.74" punc="true">?</w>
   <w nite:id="ES2004a.D.words385" starttime="591.74" endtime="591.93">Yeah</w>
   <w nite:id="ES2004a.D.words386" starttime="591.93" endtime="591.93" punc="true">,</w>
   <w nite:id="ES2004a.D.words387" starttime="591.93" endtime="592.28">okay</w>
   <w nite:id="ES2004a.D.words388" starttime="592.28" endtime="592.28" punc="true">.</w>
   <w nite:id="ES2004a.D.words389" starttime="593.81" endtime="594.27">Okay</w>
   <w nite:id="ES2004a.D.words390" starttime="594.27" endtime="594.27" punc="true">.</w>
   <w nite:id="ES2004a.D.words391" starttime="603.51" endtime="604.22">Right</w>
   <w nite:id="ES2004a.D.words392" starttime="604.22" endtime="604.22" punc="true">.</w>
   <w nite:id="ES2004a.D.words393" starttime="605.84" endtime="606.02">So</w>
   <w nite:id="ES2004a.D.words394" starttime="608.09" endtime="608.2">so</w>
   <w nite:id="ES2004a.D.words395" starttime="608.2" endtime="608.23">I</w>
   <w nite:id="ES2004a.D.words396" starttime="608.23" endtime="608.5">suppose</w>
   <w nite:id="ES2004a.D.words397" starttime="608.5" endtime="608.85">later</w>
   <w nite:id="ES2004a.D.words398" starttime="608.85" endtime="608.92">it</w>
   <w nite:id="ES2004a.D.words399" starttime="608.92" endtime="609.26">depends</w>
   <w nite:id="ES2004a.D.words400" starttime="609.26" endtime="609.36">if</w>
   <w nite:id="ES2004a.D.words401" starttime="609.36" endtime="609.46">we</w>
   <w nite:id="ES2004a.D.words402" starttime="609.46" endtime="609.62">want</w>
   <w nite:id="ES2004a.D.words403" starttime="609.62" endtime="609.72">to</w>
   <w nite:id="ES2004a.D.words404" starttime="609.72" endtime="610.12">undercut</w>
   <w nite:id="ES2004a.D.words405" starttime="610.12" endtime="610.22">the</w>
   <w nite:id="ES2004a.D.words406" starttime="610.22" endtime="610.65">price</w>
   <w nite:id="ES2004a.D.words407" starttime="610.65" endtime="610.65" punc="true">,</w>
   <w nite:id="ES2004a.D.words408" starttime="610.65" endtime="610.72">we</w>
   <w nite:id="ES2004a.D.words409" starttime="610.72" endtime="610.85" trunc="true">d</w>
   <w nite:id="ES2004a.D.words410" starttime="610.85" endtime="611.15">or</w>
   <w nite:id="ES2004a.D.words411" starttime="611.15" endtime="611.35">or</w>
   <w nite:id="ES2004a.D.words412" starttime="611.35" endtime="611.46">is</w>
   <w nite:id="ES2004a.D.words413" starttime="611.46" endtime="611.54">it</w>
   <w nite:id="ES2004a.D.words414" starttime="611.54" endtime="611.69">going</w>
   <w nite:id="ES2004a.D.words415" starttime="611.69" endtime="611.81">to</w>
   <w nite:id="ES2004a.D.words416" starttime="611.81" endtime="612.02">make</w>
   <w nite:id="ES2004a.D.words417" starttime="612.02" endtime="612.13">our</w>
   <w nite:id="ES2004a.D.words418" starttime="612.13" endtime="612.49">product</w>
   <w nite:id="ES2004a.D.words419" starttime="612.49" endtime="612.68">look</w>
   <w nite:id="ES2004a.D.words420" starttime="612.68" endtime="612.76">a</w>
   <w nite:id="ES2004a.D.words421" starttime="612.76" endtime="613.39">cheapie-cheapie</w>
   <w nite:id="ES2004a.D.words422" starttime="613.39" endtime="613.93">option</w>
   <w nite:id="ES2004a.D.words423" starttime="613.93" endtime="613.93" punc="true">?</w>
   <w nite:id="ES2004a.D.words424" starttime="622.02" endtime="622.23">Mm</w>
   <w nite:id="ES2004a.D.words425" starttime="622.23" endtime="622.23" punc="true">.</w>
   <w nite:id="ES2004a.D.words426" starttime="623.85" endtime="624.23">Mm-hmm</w>
   <w nite:id="ES2004a.D.words427" starttime="624.23" endtime="624.23" punc="true">.</w>
   <w nite:id="ES2004a.D.words428" starttime="630.37" endtime="630.53">In</w>
   <w nite:id="ES2004a.D.words429" starttime="630.53" endtime="630.6">our</w>
   <w nite:id="ES2004a.D.words430" starttime="630.6" endtime="630.92">first</w>
   <w nite:id="ES2004a.D.words431" starttime="630.92" endtime="631.2">year</w>
   <w nite:id="ES2004a.D.words432" starttime="631.2" endtime="631.2" punc="true">?</w>
   <w nite:id="ES2004a.D.words433" starttime="635.54" endtime="635.88">Mm-hmm</w>
   <w nite:id="ES2004a.D.words434" starttime="635.88" endtime="635.88" punc="true">.</w>
   <w nite:id="ES2004a.D.words435" starttime="638.1" endtime="638.21">You&#39;ve</w>
   <w nite:id="ES2004a.D.words436" starttime="638.21" endtime="638.32">got</w>
   <w nite:id="ES2004a.D.words437" starttime="638.32" endtime="638.7">market</w>
   <w nite:id="ES2004a.D.words438" starttime="638.7" endtime="638.94">range</w>
   <w nite:id="ES2004a.D.words439" starttime="638.94" endtime="639.7">international</w>
   <w nite:id="ES2004a.D.words440" starttime="639.7" endtime="639.83">and</w>
   <w nite:id="ES2004a.D.words441" starttime="639.83" endtime="639.9">you</w>
   <w nite:id="ES2004a.D.words442" starttime="639.9" endtime="640.04">did</w>
   <w nite:id="ES2004a.D.words443" starttime="640.04" endtime="640.39">say</w>
   <w nite:id="ES2004a.D.words444" starttime="640.39" endtime="640.77">earlier</w>
   <w nite:id="ES2004a.D.words445" starttime="640.77" endtime="640.96">it&#39;s</w>
   <w nite:id="ES2004a.D.words446" starttime="640.96" endtime="641.13">got</w>
   <w nite:id="ES2004a.D.words447" starttime="641.13" endtime="641.29">to</w>
   <w nite:id="ES2004a.D.words448" starttime="641.29" endtime="641.59">be</w>
   <w nite:id="ES2004a.D.words449" starttime="641.59" endtime="641.76">a</w>
   <disfmarker nite:id="ES2004a.D.words450" starttime="641.76" endtime="641.76"/>
   <w nite:id="ES2004a.D.words451" starttime="641.76" endtime="642.07">um</w>
   <w nite:id="ES2004a.D.words452" starttime="642.07" endtime="642.63">accessible</w>
   <w nite:id="ES2004a.D.words453" starttime="642.63" endtime="642.75">and</w>
   <w nite:id="ES2004a.D.words454" starttime="642.75" endtime="643.68">usable</w>
   <w nite:id="ES2004a.D.words455" starttime="643.68" endtime="643.91">by</w>
   <w nite:id="ES2004a.D.words456" starttime="643.91" endtime="644.06">sort</w>
   <w nite:id="ES2004a.D.words457" starttime="644.06" endtime="644.14">of</w>
   <w nite:id="ES2004a.D.words458" starttime="644.14" endtime="644.39">all</w>
   <w nite:id="ES2004a.D.words459" starttime="644.39" endtime="644.61">age</w>
   <w nite:id="ES2004a.D.words460" starttime="644.61" endtime="645.22">groups</w>
   <w nite:id="ES2004a.D.words461" starttime="645.22" endtime="645.46">just</w>
   <w nite:id="ES2004a.D.words462" starttime="645.46" endtime="646.17" trunc="true">t</w>
   <w nite:id="ES2004a.D.words463" starttime="646.17" endtime="646.28">we&#39;re</w>
   <w nite:id="ES2004a.D.words464" starttime="646.28" endtime="646.48">not</w>
   <w nite:id="ES2004a.D.words465" starttime="646.48" endtime="647.04">focusing</w>
   <w nite:id="ES2004a.D.words466" starttime="647.04" endtime="647.53">on</w>
   <w nite:id="ES2004a.D.words467" starttime="647.53" endtime="647.84">business</w>
   <w nite:id="ES2004a.D.words468" starttime="647.84" endtime="648.23">market</w>
   <w nite:id="ES2004a.D.words469" starttime="648.23" endtime="648.23" punc="true">,</w>
   <w nite:id="ES2004a.D.words470" starttime="648.23" endtime="648.39">any</w>
   <w nite:id="ES2004a.D.words471" starttime="648.39" endtime="648.85">particular</w>
   <w nite:id="ES2004a.D.words472" starttime="648.85" endtime="649.02">thing</w>
   <w nite:id="ES2004a.D.words473" starttime="649.02" endtime="649.02" punc="true">,</w>
   <w nite:id="ES2004a.D.words474" starttime="649.02" endtime="649.18">it&#39;s</w>
   <w nite:id="ES2004a.D.words475" starttime="649.18" endtime="649.69">everyone</w>
   <disfmarker nite:id="ES2004a.D.words476" starttime="649.69" endtime="649.69"/>
   <w nite:id="ES2004a.D.words477" starttime="649.69" endtime="650.2">user-friendly</w>
   <w nite:id="ES2004a.D.words478" starttime="650.2" endtime="650.34">to</w>
   <w nite:id="ES2004a.D.words479" starttime="650.34" endtime="651.11">everyone</w>
   <w nite:id="ES2004a.D.words480" starttime="651.11" endtime="651.11" punc="true">.</w>
   <w nite:id="ES2004a.D.words481" starttime="651.11" endtime="651.49">Okay</w>
   <w nite:id="ES2004a.D.words482" starttime="651.49" endtime="651.49" punc="true">.</w>
   <w nite:id="ES2004a.D.words483" starttime="653.41" endtime="653.59">Big</w>
   <w nite:id="ES2004a.D.words484" starttime="653.59" endtime="653.98">target</w>
   <w nite:id="ES2004a.D.words485" starttime="653.98" endtime="655.4">group</w>
   <vocalsound nite:id="ES2004a.D.words486" starttime="655.4" endtime="655.4" type="laugh"/>
   <w nite:id="ES2004a.D.words487" starttime="655.4" endtime="655.4" punc="true">.</w>
   <w nite:id="ES2004a.D.words488" starttime="661.85" endtime="662.2">No</w>
   <w nite:id="ES2004a.D.words489" starttime="662.2" endtime="662.2" punc="true">.</w>
   <w nite:id="ES2004a.D.words490" starttime="666.69" endtime="666.94">Mm</w>
   <w nite:id="ES2004a.D.words491" starttime="666.94" endtime="666.94" punc="true">.</w>
   <w nite:id="ES2004a.D.words492" starttime="691.12" endtime="691.89">Alright</w>
   <w nite:id="ES2004a.D.words493" starttime="691.89" endtime="691.89" punc="true">.</w>
   <w nite:id="ES2004a.D.words494" starttime="701.09" endtime="701.69">Mm-hmm</w>
   <w nite:id="ES2004a.D.words495" starttime="701.69" endtime="701.69" punc="true">.</w>
   <w nite:id="ES2004a.D.words496" starttime="708.07" endtime="708.55">Right</w>
   <w nite:id="ES2004a.D.words497" starttime="708.55" endtime="708.55" punc="true">.</w>
   <w nite:id="ES2004a.D.words498" starttime="711.88" endtime="712.92">Mm-hmm</w>
   <w nite:id="ES2004a.D.words499" starttime="712.92" endtime="712.92" punc="true">.</w>
   <w nite:id="ES2004a.D.words500" starttime="712.92" endtime="713.1">My</w>
   <w nite:id="ES2004a.D.words501" starttime="713.1" endtime="713.61">experience</w>
   <w nite:id="ES2004a.D.words502" starttime="713.61" endtime="713.72">has</w>
   <w nite:id="ES2004a.D.words503" starttime="713.72" endtime="714.01">only</w>
   <w nite:id="ES2004a.D.words504" starttime="714.01" endtime="714.22">been</w>
   <w nite:id="ES2004a.D.words505" starttime="714.22" endtime="714.46">being</w>
   <w nite:id="ES2004a.D.words506" starttime="714.46" endtime="714.76">given</w>
   <w nite:id="ES2004a.D.words507" starttime="714.76" endtime="714.85">the</w>
   <w nite:id="ES2004a.D.words508" starttime="714.85" endtime="715.16">remote</w>
   <w nite:id="ES2004a.D.words509" starttime="715.16" endtime="715.56">control</w>
   <w nite:id="ES2004a.D.words510" starttime="715.56" endtime="715.77">with</w>
   <w nite:id="ES2004a.D.words511" starttime="715.77" endtime="715.88">the</w>
   <w nite:id="ES2004a.D.words512" starttime="715.88" endtime="716.31">object</w>
   <w nite:id="ES2004a.D.words513" starttime="716.31" endtime="716.45">I</w>
   <w nite:id="ES2004a.D.words514" starttime="716.45" endtime="717.17">buy</w>
   <w nite:id="ES2004a.D.words515" starttime="717.17" endtime="717.17" punc="true">,</w>
   <w nite:id="ES2004a.D.words516" starttime="717.17" endtime="717.5">not</w>
   <w nite:id="ES2004a.D.words517" starttime="717.5" endtime="717.73">doing</w>
   <w nite:id="ES2004a.D.words518" starttime="717.73" endtime="717.91">any</w>
   <w nite:id="ES2004a.D.words519" starttime="717.91" endtime="718.3">tampering</w>
   <w nite:id="ES2004a.D.words520" starttime="718.3" endtime="718.44">with</w>
   <w nite:id="ES2004a.D.words521" starttime="718.44" endtime="718.51">it</w>
   <w nite:id="ES2004a.D.words522" starttime="718.51" endtime="718.62">and</w>
   <w nite:id="ES2004a.D.words523" starttime="718.62" endtime="719.26">programming</w>
   <w nite:id="ES2004a.D.words524" starttime="719.26" endtime="719.26" punc="true">,</w>
   <w nite:id="ES2004a.D.words525" starttime="719.26" endtime="719.55">using</w>
   <w nite:id="ES2004a.D.words526" starttime="719.55" endtime="719.64">it</w>
   <w nite:id="ES2004a.D.words527" starttime="719.64" endtime="719.73">to</w>
   <w nite:id="ES2004a.D.words528" starttime="719.73" endtime="720.35">programme</w>
   <w nite:id="ES2004a.D.words529" starttime="720.35" endtime="720.66">T_V_</w>
   <w nite:id="ES2004a.D.words530" starttime="720.66" endtime="720.81">and</w>
   <w nite:id="ES2004a.D.words531" starttime="720.81" endtime="720.95">uh</w>
   <w nite:id="ES2004a.D.words532" starttime="720.95" endtime="721.13">uh</w>
   <w nite:id="ES2004a.D.words533" starttime="721.13" endtime="721.51">videos</w>
   <w nite:id="ES2004a.D.words534" starttime="721.51" endtime="721.62">and</w>
   <w nite:id="ES2004a.D.words535" starttime="721.62" endtime="722.44">things</w>
   <w nite:id="ES2004a.D.words536" starttime="722.44" endtime="722.44" punc="true">.</w>
   <w nite:id="ES2004a.D.words537" starttime="722.44" endtime="722.59">But</w>
   <w nite:id="ES2004a.D.words538" starttime="722.59" endtime="723.1">basically</w>
   <w nite:id="ES2004a.D.words539" starttime="723.1" endtime="723.37">on</w>
   <w nite:id="ES2004a.D.words540" starttime="723.37" endtime="723.37" punc="true">,</w>
   <w nite:id="ES2004a.D.words541" starttime="723.37" endtime="723.71">off</w>
   <w nite:id="ES2004a.D.words542" starttime="723.71" endtime="723.71" punc="true">,</w>
   <w nite:id="ES2004a.D.words543" starttime="723.71" endtime="724.08">volume</w>
   <w nite:id="ES2004a.D.words544" starttime="724.08" endtime="724.29">up</w>
   <w nite:id="ES2004a.D.words545" starttime="724.29" endtime="724.42">and</w>
   <w nite:id="ES2004a.D.words546" starttime="724.42" endtime="725.21">down</w>
   <w nite:id="ES2004a.D.words547" starttime="725.21" endtime="725.21" punc="true">,</w>
   <w nite:id="ES2004a.D.words548" starttime="725.21" endtime="725.56">channel</w>
   <w nite:id="ES2004a.D.words549" starttime="725.56" endtime="725.76">one</w>
   <w nite:id="ES2004a.D.words550" starttime="725.76" endtime="725.76" punc="true">,</w>
   <w nite:id="ES2004a.D.words551" starttime="725.76" endtime="725.99">two</w>
   <w nite:id="ES2004a.D.words552" starttime="725.99" endtime="725.99" punc="true">,</w>
   <w nite:id="ES2004a.D.words553" starttime="725.99" endtime="726.08" trunc="true">th</w>
   <w nite:id="ES2004a.D.words554" starttime="726.08" endtime="726.49">that</w>
   <w nite:id="ES2004a.D.words555" starttime="726.49" endtime="726.98">basic</w>
   <w nite:id="ES2004a.D.words556" starttime="726.98" endtime="727.68">functions</w>
   <w nite:id="ES2004a.D.words557" starttime="727.68" endtime="727.68" punc="true">,</w>
   <w nite:id="ES2004a.D.words558" starttime="727.68" endtime="727.73">I</w>
   <w nite:id="ES2004a.D.words559" starttime="727.73" endtime="727.85">don&#39;t</w>
   <w nite:id="ES2004a.D.words560" starttime="727.85" endtime="728.11">think</w>
   <w nite:id="ES2004a.D.words561" starttime="728.11" endtime="728.17">I</w>
   <w nite:id="ES2004a.D.words562" starttime="728.17" endtime="728.33">could</w>
   <w nite:id="ES2004a.D.words563" starttime="728.33" endtime="728.46">go</w>
   <w nite:id="ES2004a.D.words564" starttime="728.46" endtime="728.62">any</w>
   <w nite:id="ES2004a.D.words565" starttime="728.62" endtime="729.01">further</w>
   <w nite:id="ES2004a.D.words566" starttime="729.01" endtime="729.17">with</w>
   <w nite:id="ES2004a.D.words567" starttime="729.17" endtime="730.5">it</w>
   <w nite:id="ES2004a.D.words568" starttime="730.5" endtime="730.65">than</w>
   <w nite:id="ES2004a.D.words569" starttime="730.65" endtime="731.34">that</w>
   <w nite:id="ES2004a.D.words570" starttime="731.34" endtime="731.34" punc="true">,</w>
   <w nite:id="ES2004a.D.words571" starttime="731.34" endtime="731.43">so</w>
   <w nite:id="ES2004a.D.words572" starttime="731.43" endtime="731.43" punc="true">,</w>
   <w nite:id="ES2004a.D.words573" starttime="731.43" endtime="732.38">I</w>
   <w nite:id="ES2004a.D.words574" starttime="732.38" endtime="732.55">suppose</w>
   <w nite:id="ES2004a.D.words575" starttime="732.55" endtime="732.66">it&#39;s</w>
   <w nite:id="ES2004a.D.words576" starttime="732.66" endtime="732.75">got</w>
   <w nite:id="ES2004a.D.words577" starttime="732.75" endtime="732.86">to</w>
   <w nite:id="ES2004a.D.words578" starttime="732.86" endtime="733.23">be</w>
   <w nite:id="ES2004a.D.words579" starttime="733.23" endtime="733.52">something</w>
   <w nite:id="ES2004a.D.words580" starttime="733.52" endtime="733.84">usable</w>
   <w nite:id="ES2004a.D.words581" starttime="733.84" endtime="733.97">by</w>
   <w nite:id="ES2004a.D.words582" starttime="733.97" endtime="734.3">someone</w>
   <w nite:id="ES2004a.D.words583" starttime="734.3" endtime="734.44">like</w>
   <w nite:id="ES2004a.D.words584" starttime="734.44" endtime="734.58">me</w>
   <w nite:id="ES2004a.D.words585" starttime="734.58" endtime="734.72">as</w>
   <w nite:id="ES2004a.D.words586" starttime="734.72" endtime="736.05">well</w>
   <w nite:id="ES2004a.D.words587" starttime="736.05" endtime="736.05" punc="true">.</w>
   <w nite:id="ES2004a.D.words588" starttime="737.29" endtime="737.67">Mm-hmm</w>
   <w nite:id="ES2004a.D.words589" starttime="737.67" endtime="737.67" punc="true">.</w>
   <w nite:id="ES2004a.D.words590" starttime="746.42" endtime="746.84">Mm</w>
   <w nite:id="ES2004a.D.words591" starttime="746.84" endtime="746.84" punc="true">.</w>
   <w nite:id="ES2004a.D.words592" starttime="749.82" endtime="750.81">Mm</w>
   <w nite:id="ES2004a.D.words593" starttime="750.81" endtime="750.81" punc="true">.</w>
   <w nite:id="ES2004a.D.words594" starttime="750.81" endtime="751.16">And</w>
   <w nite:id="ES2004a.D.words595" starttime="751.16" endtime="751.7">symbols</w>
   <w nite:id="ES2004a.D.words596" starttime="751.7" endtime="751.8">that</w>
   <w nite:id="ES2004a.D.words597" starttime="751.8" endtime="751.9">you</w>
   <w nite:id="ES2004a.D.words598" starttime="751.9" endtime="752.11">don&#39;t</w>
   <w nite:id="ES2004a.D.words599" starttime="752.11" endtime="752.69">necessarily</w>
   <w nite:id="ES2004a.D.words600" starttime="752.69" endtime="753.44">understand</w>
   <w nite:id="ES2004a.D.words601" starttime="753.44" endtime="753.44" punc="true">,</w>
   <w nite:id="ES2004a.D.words602" starttime="753.44" endtime="753.85">symbols</w>
   <w nite:id="ES2004a.D.words603" starttime="753.85" endtime="753.96">you&#39;re</w>
   <w nite:id="ES2004a.D.words604" starttime="753.96" endtime="754.17">meant</w>
   <w nite:id="ES2004a.D.words605" starttime="754.17" endtime="754.3">to</w>
   <w nite:id="ES2004a.D.words606" starttime="754.3" endtime="754.82">understand</w>
   <w nite:id="ES2004a.D.words607" starttime="754.82" endtime="754.93">that</w>
   <w nite:id="ES2004a.D.words608" starttime="754.93" endtime="755.01">you</w>
   <w nite:id="ES2004a.D.words609" starttime="755.01" endtime="755.29">don&#39;t</w>
   <w nite:id="ES2004a.D.words610" starttime="755.29" endtime="755.29" punc="true">.</w>
   <w nite:id="ES2004a.D.words611" starttime="768.52" endtime="768.61">Oh</w>
   <w nite:id="ES2004a.D.words612" starttime="768.61" endtime="768.98">yeah</w>
   <w nite:id="ES2004a.D.words613" starttime="768.98" endtime="768.98" punc="true">.</w>
   <w nite:id="ES2004a.D.words614" starttime="772.32" endtime="772.69">Mm-hmm</w>
   <w nite:id="ES2004a.D.words615" starttime="772.69" endtime="772.69" punc="true">.</w>
   <w nite:id="ES2004a.D.words616" starttime="775.6" endtime="775.84">Mm</w>
   <w nite:id="ES2004a.D.words617" starttime="775.84" endtime="775.84" punc="true">.</w>
   <w nite:id="ES2004a.D.words618" starttime="777.34" endtime="777.65">Mm-hmm</w>
   <w nite:id="ES2004a.D.words619" starttime="777.65" endtime="777.65" punc="true">.</w>
   <w nite:id="ES2004a.D.words620" starttime="779.78" endtime="780.11">Actually</w>
   <w nite:id="ES2004a.D.words621" starttime="780.11" endtime="780.2">that</w>
   <w nite:id="ES2004a.D.words622" starttime="780.2" endtime="780.36">just</w>
   <w nite:id="ES2004a.D.words623" starttime="780.36" endtime="780.71">raises</w>
   <w nite:id="ES2004a.D.words624" starttime="780.71" endtime="780.8">a</w>
   <w nite:id="ES2004a.D.words625" starttime="780.8" endtime="781.1">point</w>
   <w nite:id="ES2004a.D.words626" starttime="781.1" endtime="781.1" punc="true">,</w>
   <w nite:id="ES2004a.D.words627" starttime="781.1" endtime="781.13">I</w>
   <w nite:id="ES2004a.D.words628" starttime="781.13" endtime="781.43">wonder</w>
   <w nite:id="ES2004a.D.words629" starttime="781.43" endtime="781.55">what</w>
   <w nite:id="ES2004a.D.words630" starttime="781.55" endtime="781.63">our</w>
   <w nite:id="ES2004a.D.words631" starttime="781.63" endtime="782.05">design</w>
   <w nite:id="ES2004a.D.words632" starttime="782.05" endtime="782.46">people</w>
   <w nite:id="ES2004a.D.words633" starttime="782.46" endtime="783.26">think</w>
   <w nite:id="ES2004a.D.words634" starttime="783.26" endtime="783.26" punc="true">,</w>
   <w nite:id="ES2004a.D.words635" starttime="783.26" endtime="783.39">but</w>
   <w nite:id="ES2004a.D.words636" starttime="783.39" endtime="783.49">you</w>
   <w nite:id="ES2004a.D.words637" starttime="783.49" endtime="783.58">know</w>
   <w nite:id="ES2004a.D.words638" starttime="783.58" endtime="783.71">on</w>
   <w nite:id="ES2004a.D.words639" starttime="783.71" endtime="783.76">a</w>
   <w nite:id="ES2004a.D.words640" starttime="783.76" endtime="784.16">mobile</w>
   <w nite:id="ES2004a.D.words641" starttime="784.16" endtime="785.16">phone</w>
   <w nite:id="ES2004a.D.words642" starttime="785.16" endtime="785.16" punc="true">,</w>
   <w nite:id="ES2004a.D.words643" starttime="785.16" endtime="785.29">you</w>
   <w nite:id="ES2004a.D.words644" starttime="785.29" endtime="785.46">can</w>
   <w nite:id="ES2004a.D.words645" starttime="785.46" endtime="785.8">press</w>
   <w nite:id="ES2004a.D.words646" starttime="785.8" endtime="785.86">a</w>
   <w nite:id="ES2004a.D.words647" starttime="785.86" endtime="786.08">key</w>
   <w nite:id="ES2004a.D.words648" starttime="786.08" endtime="786.18">and</w>
   <w nite:id="ES2004a.D.words649" starttime="786.18" endtime="786.26">it</w>
   <w nite:id="ES2004a.D.words650" starttime="786.26" endtime="786.43">gives</w>
   <w nite:id="ES2004a.D.words651" starttime="786.43" endtime="786.56">you</w>
   <w nite:id="ES2004a.D.words652" starttime="786.56" endtime="786.59">a</w>
   <w nite:id="ES2004a.D.words653" starttime="786.59" endtime="787.04">menu</w>
   <w nite:id="ES2004a.D.words654" starttime="787.04" endtime="787.04" punc="true">,</w>
   <w nite:id="ES2004a.D.words655" starttime="787.04" endtime="787.17">it&#39;s</w>
   <w nite:id="ES2004a.D.words656" starttime="787.17" endtime="787.29">got</w>
   <w nite:id="ES2004a.D.words657" starttime="787.29" endtime="787.32">a</w>
   <w nite:id="ES2004a.D.words658" starttime="787.32" endtime="787.68">menu</w>
   <w nite:id="ES2004a.D.words659" starttime="787.68" endtime="788.22">display</w>
   <w nite:id="ES2004a.D.words660" starttime="788.22" endtime="788.22" punc="true">,</w>
   <w nite:id="ES2004a.D.words661" starttime="788.22" endtime="788.26">I</w>
   <w nite:id="ES2004a.D.words662" starttime="788.26" endtime="788.52">wonder</w>
   <w nite:id="ES2004a.D.words663" starttime="788.52" endtime="788.61">if</w>
   <w nite:id="ES2004a.D.words664" starttime="788.61" endtime="789.31">incorporating</w>
   <w nite:id="ES2004a.D.words665" starttime="789.31" endtime="789.5">that</w>
   <w nite:id="ES2004a.D.words666" starttime="789.5" endtime="789.72">into</w>
   <w nite:id="ES2004a.D.words667" starttime="789.72" endtime="789.82">the</w>
   <w nite:id="ES2004a.D.words668" starttime="789.82" endtime="790.83">design</w>
   <w nite:id="ES2004a.D.words669" starttime="790.83" endtime="790.95">of</w>
   <w nite:id="ES2004a.D.words670" starttime="790.95" endtime="790.98">a</w>
   <w nite:id="ES2004a.D.words671" starttime="790.98" endtime="791.29">remote</w>
   <w nite:id="ES2004a.D.words672" starttime="791.29" endtime="791.86">control</w>
   <w nite:id="ES2004a.D.words673" starttime="791.86" endtime="792.04">might</w>
   <w nite:id="ES2004a.D.words674" starttime="792.04" endtime="792.14">be</w>
   <w nite:id="ES2004a.D.words675" starttime="792.14" endtime="792.52">useful</w>
   <w nite:id="ES2004a.D.words676" starttime="792.52" endtime="792.52" punc="true">,</w>
   <w nite:id="ES2004a.D.words677" starttime="792.52" endtime="792.62">so</w>
   <w nite:id="ES2004a.D.words678" starttime="792.62" endtime="792.73">you&#39;ve</w>
   <w nite:id="ES2004a.D.words679" starttime="792.73" endtime="792.85">got</w>
   <w nite:id="ES2004a.D.words680" starttime="792.85" endtime="792.88">a</w>
   <w nite:id="ES2004a.D.words681" starttime="792.88" endtime="793.37">little</w>
   <w nite:id="ES2004a.D.words682" starttime="793.37" endtime="793.92">L_C_D_</w>
   <w nite:id="ES2004a.D.words683" starttime="793.92" endtime="794.48">display</w>
   <w nite:id="ES2004a.D.words684" starttime="794.48" endtime="794.48" punc="true">.</w>
   <w nite:id="ES2004a.D.words685" starttime="803.8" endtime="803.99">With</w>
   <w nite:id="ES2004a.D.words686" starttime="803.99" endtime="804.82">menus</w>
   <w nite:id="ES2004a.D.words687" starttime="804.82" endtime="804.82" punc="true">,</w>
   <w nite:id="ES2004a.D.words688" starttime="804.82" endtime="805.55">yeah</w>
   <w nite:id="ES2004a.D.words689" starttime="805.55" endtime="805.55" punc="true">,</w>
   <w nite:id="ES2004a.D.words690" starttime="805.55" endtime="805.92">yeah</w>
   <w nite:id="ES2004a.D.words691" starttime="805.92" endtime="805.92" punc="true">.</w>
   <w nite:id="ES2004a.D.words692" starttime="811.15" endtime="811.49">Yeah</w>
   <w nite:id="ES2004a.D.words693" starttime="811.49" endtime="811.49" punc="true">.</w>
   <w nite:id="ES2004a.D.words694" starttime="821.35" endtime="822.52">Mm-hmm</w>
   <w nite:id="ES2004a.D.words695" starttime="822.52" endtime="822.52" punc="true">.</w>
   <w nite:id="ES2004a.D.words696" starttime="822.52" endtime="823.79">Mm-hmm</w>
   <w nite:id="ES2004a.D.words697" starttime="823.79" endtime="823.79" punc="true">.</w>
   <w nite:id="ES2004a.D.words698" starttime="823.79" endtime="824.04">Can</w>
   <w nite:id="ES2004a.D.words699" starttime="824.04" endtime="824.24">he</w>
   <w nite:id="ES2004a.D.words700" starttime="824.24" endtime="824.85">programme</w>
   <w nite:id="ES2004a.D.words701" starttime="824.85" endtime="825.01">his</w>
   <w nite:id="ES2004a.D.words702" starttime="825.01" endtime="825.29">remote</w>
   <w nite:id="ES2004a.D.words703" starttime="825.29" endtime="825.74">control</w>
   <w nite:id="ES2004a.D.words704" starttime="825.74" endtime="825.79">or</w>
   <w nite:id="ES2004a.D.words705" starttime="825.79" endtime="825.88">is</w>
   <w nite:id="ES2004a.D.words706" starttime="825.88" endtime="825.96">it</w>
   <w nite:id="ES2004a.D.words707" starttime="825.96" endtime="826.32">basic</w>
   <w nite:id="ES2004a.D.words708" starttime="826.32" endtime="826.45">with</w>
   <w nite:id="ES2004a.D.words709" starttime="826.45" endtime="826.65">that</w>
   <w nite:id="ES2004a.D.words710" starttime="826.65" endtime="827.97">too</w>
   <w nite:id="ES2004a.D.words711" starttime="827.97" endtime="827.97" punc="true">?</w>
   <w nite:id="ES2004a.D.words712" starttime="830.05" endtime="830.6">Right</w>
   <w nite:id="ES2004a.D.words713" starttime="830.6" endtime="830.6" punc="true">.</w>
   <w nite:id="ES2004a.D.words714" starttime="833.26" endtime="833.8">Right</w>
   <w nite:id="ES2004a.D.words715" starttime="833.8" endtime="833.8" punc="true">.</w>
   <w nite:id="ES2004a.D.words716" starttime="834.64" endtime="834.77">So</w>
   <w nite:id="ES2004a.D.words717" starttime="834.77" endtime="835.04">that&#39;s</w>
   <w nite:id="ES2004a.D.words718" starttime="835.04" endtime="835.1">a</w>
   <w nite:id="ES2004a.D.words719" starttime="835.1" endtime="835.5">problem</w>
   <w nite:id="ES2004a.D.words720" starttime="835.5" endtime="836.0">regardless</w>
   <w nite:id="ES2004a.D.words721" starttime="836.0" endtime="836.12">of</w>
   <w nite:id="ES2004a.D.words722" starttime="836.12" endtime="836.23">of</w>
   <w nite:id="ES2004a.D.words723" starttime="836.23" endtime="836.41">any</w>
   <w nite:id="ES2004a.D.words724" starttime="836.41" endtime="836.79">design</w>
   <w nite:id="ES2004a.D.words725" starttime="836.79" endtime="837.59">modifications</w>
   <w nite:id="ES2004a.D.words726" starttime="837.59" endtime="837.89">you</w>
   <w nite:id="ES2004a.D.words727" starttime="837.89" endtime="838.04">you</w>
   <w nite:id="ES2004a.D.words728" starttime="838.04" endtime="838.23">come</w>
   <w nite:id="ES2004a.D.words729" starttime="838.23" endtime="838.39">up</w>
   <w nite:id="ES2004a.D.words730" starttime="838.39" endtime="839.27">with</w>
   <w nite:id="ES2004a.D.words731" starttime="839.27" endtime="839.27" punc="true">,</w>
   <w nite:id="ES2004a.D.words732" starttime="839.27" endtime="839.51">that&#39;s</w>
   <w nite:id="ES2004a.D.words733" starttime="839.51" endtime="839.67">gonna</w>
   <w nite:id="ES2004a.D.words734" starttime="839.67" endtime="839.75">be</w>
   <w nite:id="ES2004a.D.words735" starttime="839.75" endtime="839.83">a</w>
   <w nite:id="ES2004a.D.words736" starttime="839.83" endtime="840.11">problem</w>
   <w nite:id="ES2004a.D.words737" starttime="840.11" endtime="840.4">anyway</w>
   <w nite:id="ES2004a.D.words738" starttime="840.4" endtime="840.53">with</w>
   <w nite:id="ES2004a.D.words739" starttime="840.53" endtime="840.63">the</w>
   <w nite:id="ES2004a.D.words740" starttime="840.63" endtime="840.83">older</w>
   <w nite:id="ES2004a.D.words741" starttime="840.83" endtime="841.36">generation</w>
   <w nite:id="ES2004a.D.words742" starttime="841.36" endtime="842.48">perhaps</w>
   <w nite:id="ES2004a.D.words743" starttime="842.48" endtime="842.48" punc="true">,</w>
   <w nite:id="ES2004a.D.words744" starttime="842.48" endtime="842.59">and</w>
   <w nite:id="ES2004a.D.words745" starttime="842.59" endtime="842.81">that&#39;s</w>
   <w nite:id="ES2004a.D.words746" starttime="842.81" endtime="843.43">another</w>
   <w nite:id="ES2004a.D.words747" starttime="843.43" endtime="843.83">issue</w>
   <w nite:id="ES2004a.D.words748" starttime="843.83" endtime="843.97">how</w>
   <w nite:id="ES2004a.D.words749" starttime="843.97" endtime="844.04">we</w>
   <w nite:id="ES2004a.D.words750" starttime="844.04" endtime="844.44">tackle</w>
   <w nite:id="ES2004a.D.words751" starttime="844.44" endtime="844.64">that</w>
   <w nite:id="ES2004a.D.words752" starttime="844.64" endtime="844.64" punc="true">.</w>
   <w nite:id="ES2004a.D.words753" starttime="872.2" endtime="872.59">Mm-hmm</w>
   <w nite:id="ES2004a.D.words754" starttime="872.59" endtime="872.59" punc="true">.</w>
   <w nite:id="ES2004a.D.words755" starttime="878.36" endtime="878.8">Right</w>
   <w nite:id="ES2004a.D.words756" starttime="878.8" endtime="878.8" punc="true">.</w>
   <vocalsound nite:id="ES2004a.D.words757" starttime="885.286" endtime="885.89" type="laugh"/>
   <w nite:id="ES2004a.D.words758" starttime="895.43" endtime="895.75">Mm-hmm</w>
   <w nite:id="ES2004a.D.words759" starttime="895.75" endtime="895.75" punc="true">.</w>
   <w nite:id="ES2004a.D.words760" starttime="898.71" endtime="898.82">Is</w>
   <w nite:id="ES2004a.D.words761" starttime="898.82" endtime="898.93">it</w>
   <w nite:id="ES2004a.D.words762" starttime="898.93" endtime="899.41">possible</w>
   <w nite:id="ES2004a.D.words763" starttime="899.41" endtime="899.67">that</w>
   <w nite:id="ES2004a.D.words764" starttime="899.67" endtime="899.92">that</w>
   <w nite:id="ES2004a.D.words765" starttime="899.92" endtime="900.07">for</w>
   <w nite:id="ES2004a.D.words766" starttime="900.07" endtime="900.18">the</w>
   <w nite:id="ES2004a.D.words767" starttime="900.18" endtime="900.39">older</w>
   <w nite:id="ES2004a.D.words768" starttime="900.39" endtime="900.91">generation</w>
   <w nite:id="ES2004a.D.words769" starttime="900.91" endtime="901.01">you</w>
   <w nite:id="ES2004a.D.words770" starttime="901.01" endtime="901.14">could</w>
   <w nite:id="ES2004a.D.words771" starttime="901.14" endtime="901.33">have</w>
   <w nite:id="ES2004a.D.words772" starttime="901.33" endtime="901.47">like</w>
   <w nite:id="ES2004a.D.words773" starttime="901.47" endtime="901.59">an</w>
   <w nite:id="ES2004a.D.words774" starttime="901.59" endtime="902.13">extra</w>
   <w nite:id="ES2004a.D.words775" starttime="902.13" endtime="902.4">button</w>
   <w nite:id="ES2004a.D.words776" starttime="902.4" endtime="902.51">that</w>
   <w nite:id="ES2004a.D.words777" starttime="902.51" endtime="902.58">you</w>
   <w nite:id="ES2004a.D.words778" starttime="902.58" endtime="902.84">press</w>
   <w nite:id="ES2004a.D.words779" starttime="902.84" endtime="902.96">for</w>
   <w nite:id="ES2004a.D.words780" starttime="902.96" endtime="903.24">large</w>
   <w nite:id="ES2004a.D.words781" starttime="903.24" endtime="903.5">print</w>
   <w nite:id="ES2004a.D.words782" starttime="903.5" endtime="903.67">like</w>
   <w nite:id="ES2004a.D.words783" starttime="903.67" endtime="903.74">you</w>
   <w nite:id="ES2004a.D.words784" starttime="903.74" endtime="903.86">do</w>
   <w nite:id="ES2004a.D.words785" starttime="903.86" endtime="903.95">in</w>
   <w nite:id="ES2004a.D.words786" starttime="903.95" endtime="904.18">large</w>
   <w nite:id="ES2004a.D.words787" starttime="904.18" endtime="904.41">print</w>
   <w nite:id="ES2004a.D.words788" starttime="904.41" endtime="905.64">books</w>
   <w nite:id="ES2004a.D.words789" starttime="905.64" endtime="905.64" punc="true">?</w>
   <w nite:id="ES2004a.D.words790" starttime="905.64" endtime="905.98">Obviously</w>
   <w nite:id="ES2004a.D.words791" starttime="905.98" endtime="906.05">it</w>
   <w nite:id="ES2004a.D.words792" starttime="906.05" endtime="906.59">displays</w>
   <w nite:id="ES2004a.D.words793" starttime="906.59" endtime="906.9" mispronounced="true">less</w>
   <w nite:id="ES2004a.D.words794" starttime="906.9" endtime="907.01">on</w>
   <w nite:id="ES2004a.D.words795" starttime="907.01" endtime="907.09">the</w>
   <w nite:id="ES2004a.D.words796" starttime="907.09" endtime="908.27">screen</w>
   <w nite:id="ES2004a.D.words797" starttime="908.27" endtime="908.27" punc="true">,</w>
   <w nite:id="ES2004a.D.words798" starttime="908.27" endtime="908.36">it</w>
   <w nite:id="ES2004a.D.words799" starttime="908.36" endtime="908.71">displays</w>
   <w nite:id="ES2004a.D.words800" starttime="908.71" endtime="908.94">less</w>
   <w nite:id="ES2004a.D.words801" starttime="908.94" endtime="909.03">on</w>
   <w nite:id="ES2004a.D.words802" starttime="909.03" endtime="909.11">the</w>
   <w nite:id="ES2004a.D.words803" starttime="909.11" endtime="909.49">screen</w>
   <w nite:id="ES2004a.D.words804" starttime="909.49" endtime="909.85">but</w>
   <w nite:id="ES2004a.D.words805" starttime="909.85" endtime="909.95">as</w>
   <w nite:id="ES2004a.D.words806" starttime="909.95" endtime="910.1">long</w>
   <w nite:id="ES2004a.D.words807" starttime="910.1" endtime="910.19">as</w>
   <w nite:id="ES2004a.D.words808" starttime="910.19" endtime="910.3">they</w>
   <w nite:id="ES2004a.D.words809" starttime="910.3" endtime="910.48">can</w>
   <w nite:id="ES2004a.D.words810" starttime="910.48" endtime="910.67">read</w>
   <w nite:id="ES2004a.D.words811" starttime="910.67" endtime="910.78">it</w>
   <w nite:id="ES2004a.D.words812" starttime="910.78" endtime="910.99">that&#39;s</w>
   <w nite:id="ES2004a.D.words813" starttime="910.99" endtime="911.08">the</w>
   <w nite:id="ES2004a.D.words814" starttime="911.08" endtime="911.3">main</w>
   <w nite:id="ES2004a.D.words815" starttime="911.3" endtime="911.78">thing</w>
   <w nite:id="ES2004a.D.words816" starttime="911.78" endtime="911.78" punc="true">.</w>
   <w nite:id="ES2004a.D.words817" starttime="923.65" endtime="924.04">Mm-hmm</w>
   <w nite:id="ES2004a.D.words818" starttime="924.04" endtime="924.04" punc="true">.</w>
   <vocalsound nite:id="ES2004a.D.words819" starttime="930.704" endtime="930.704" type="other"/>
   <w nite:id="ES2004a.D.words820" starttime="930.83" endtime="931.44">Yeah</w>
   <w nite:id="ES2004a.D.words821" starttime="931.44" endtime="931.44" punc="true">.</w>
   <w nite:id="ES2004a.D.words822" starttime="932.99" endtime="933.37">Mm-hmm</w>
   <w nite:id="ES2004a.D.words823" starttime="933.37" endtime="933.37" punc="true">.</w>
   <w nite:id="ES2004a.D.words824" starttime="934.74" endtime="935.18">Mm</w>
   <w nite:id="ES2004a.D.words825" starttime="935.18" endtime="935.18" punc="true">.</w>
   <w nite:id="ES2004a.D.words826" starttime="935.18" endtime="935.29">The</w>
   <w nite:id="ES2004a.D.words827" starttime="935.29" endtime="935.51">other</w>
   <w nite:id="ES2004a.D.words828" starttime="935.51" endtime="935.78">thing</w>
   <w nite:id="ES2004a.D.words829" starttime="935.78" endtime="936.21">is</w>
   <w nite:id="ES2004a.D.words830" starttime="936.21" endtime="936.21" punc="true">,</w>
   <w nite:id="ES2004a.D.words831" starttime="936.21" endtime="936.7">just</w>
   <w nite:id="ES2004a.D.words832" starttime="936.7" endtime="936.91" trunc="true">ch</w>
   <w nite:id="ES2004a.D.words833" starttime="936.91" endtime="937.24">chucking</w>
   <w nite:id="ES2004a.D.words834" starttime="937.24" endtime="937.46">into</w>
   <w nite:id="ES2004a.D.words835" starttime="937.46" endtime="937.89">mobile</w>
   <w nite:id="ES2004a.D.words836" starttime="937.89" endtime="938.29">phone</w>
   <w nite:id="ES2004a.D.words837" starttime="938.29" endtime="938.49" trunc="true">f</w>
   <w nite:id="ES2004a.D.words838" starttime="938.49" endtime="938.82">design</w>
   <w nite:id="ES2004a.D.words839" starttime="938.82" endtime="939.25">features</w>
   <w nite:id="ES2004a.D.words840" starttime="939.25" endtime="940.12">again</w>
   <w nite:id="ES2004a.D.words841" starttime="940.12" endtime="940.12" punc="true">,</w>
   <w nite:id="ES2004a.D.words842" starttime="940.12" endtime="940.18">it</w>
   <w nite:id="ES2004a.D.words843" starttime="940.18" endtime="940.27">could</w>
   <w nite:id="ES2004a.D.words844" starttime="940.27" endtime="940.37">have</w>
   <w nite:id="ES2004a.D.words845" starttime="940.37" endtime="940.42">a</w>
   <w nite:id="ES2004a.D.words846" starttime="940.42" endtime="940.75">flip</w>
   <w nite:id="ES2004a.D.words847" starttime="940.75" endtime="940.94">top</w>
   <w nite:id="ES2004a.D.words848" starttime="940.94" endtime="941.21">remote</w>
   <w nite:id="ES2004a.D.words849" starttime="941.21" endtime="941.85">control</w>
   <w nite:id="ES2004a.D.words850" starttime="941.85" endtime="941.94">so</w>
   <w nite:id="ES2004a.D.words851" starttime="941.94" endtime="942.03">that</w>
   <w nite:id="ES2004a.D.words852" starttime="942.03" endtime="942.14">when</w>
   <w nite:id="ES2004a.D.words853" starttime="942.14" endtime="942.26">you</w>
   <w nite:id="ES2004a.D.words854" starttime="942.26" endtime="942.52">flip</w>
   <w nite:id="ES2004a.D.words855" starttime="942.52" endtime="942.72">over</w>
   <w nite:id="ES2004a.D.words856" starttime="942.72" endtime="942.81">the</w>
   <w nite:id="ES2004a.D.words857" starttime="942.81" endtime="943.53">top</w>
   <w nite:id="ES2004a.D.words858" starttime="943.53" endtime="943.53" punc="true">,</w>
   <w nite:id="ES2004a.D.words859" starttime="943.53" endtime="943.69">your</w>
   <w nite:id="ES2004a.D.words860" starttime="943.69" endtime="944.01">screen</w>
   <w nite:id="ES2004a.D.words861" starttime="944.01" endtime="944.26">is</w>
   <disfmarker nite:id="ES2004a.D.words862" starttime="944.26" endtime="944.26"/>
   <w nite:id="ES2004a.D.words863" starttime="944.26" endtime="944.37">you</w>
   <w nite:id="ES2004a.D.words864" starttime="944.37" endtime="944.48">can</w>
   <w nite:id="ES2004a.D.words865" starttime="944.48" endtime="944.58">have</w>
   <w nite:id="ES2004a.D.words866" starttime="944.58" endtime="944.63">a</w>
   <w nite:id="ES2004a.D.words867" starttime="944.63" endtime="944.87">bigger</w>
   <w nite:id="ES2004a.D.words868" starttime="944.87" endtime="945.4">screen</w>
   <w nite:id="ES2004a.D.words869" starttime="945.4" endtime="945.61">in</w>
   <w nite:id="ES2004a.D.words870" starttime="945.61" endtime="946.37">the</w>
   <w nite:id="ES2004a.D.words871" starttime="946.37" endtime="946.44">the</w>
   <w nite:id="ES2004a.D.words872" starttime="946.44" endtime="946.72">flip</w>
   <w nite:id="ES2004a.D.words873" starttime="946.72" endtime="947.56">over</w>
   <w nite:id="ES2004a.D.words874" starttime="947.56" endtime="947.56" punc="true">.</w>
   <w nite:id="ES2004a.D.words875" starttime="951.06" endtime="951.41">Yeah</w>
   <w nite:id="ES2004a.D.words876" starttime="951.41" endtime="951.41" punc="true">?</w>
   <w nite:id="ES2004a.D.words877" starttime="954.93" endtime="955.27">Mm-hmm</w>
   <w nite:id="ES2004a.D.words878" starttime="955.27" endtime="955.27" punc="true">.</w>
   <w nite:id="ES2004a.D.words879" starttime="956.78" endtime="958.05">Yeah</w>
   <w nite:id="ES2004a.D.words880" starttime="958.05" endtime="958.05" punc="true">,</w>
   <w nite:id="ES2004a.D.words881" starttime="958.05" endtime="958.17">like</w>
   <w nite:id="ES2004a.D.words882" starttime="958.17" endtime="958.6">smaller</w>
   <w nite:id="ES2004a.D.words883" starttime="958.6" endtime="958.6" punc="true">.</w>
   <w nite:id="ES2004a.D.words884" starttime="959.69" endtime="959.81">And</w>
   <w nite:id="ES2004a.D.words885" starttime="959.81" endtime="959.95">there&#39;s</w>
   <w nite:id="ES2004a.D.words886" starttime="959.95" endtime="960.14">no</w>
   <w nite:id="ES2004a.D.words887" starttime="960.14" endtime="960.42">reason</w>
   <w nite:id="ES2004a.D.words888" starttime="960.42" endtime="960.51">we</w>
   <w nite:id="ES2004a.D.words889" starttime="960.51" endtime="960.66">need</w>
   <w nite:id="ES2004a.D.words890" starttime="960.66" endtime="960.79">to</w>
   <w nite:id="ES2004a.D.words891" starttime="960.79" endtime="961.04">make</w>
   <w nite:id="ES2004a.D.words892" starttime="961.04" endtime="961.16">it</w>
   <w nite:id="ES2004a.D.words893" starttime="961.16" endtime="961.61">look</w>
   <w nite:id="ES2004a.D.words894" starttime="961.61" endtime="962.17">as</w>
   <w nite:id="ES2004a.D.words895" starttime="962.17" endtime="962.6">fashionable</w>
   <w nite:id="ES2004a.D.words896" starttime="962.6" endtime="962.72">and</w>
   <w nite:id="ES2004a.D.words897" starttime="962.72" endtime="963.09">stylish</w>
   <w nite:id="ES2004a.D.words898" starttime="963.09" endtime="963.17">as</w>
   <w nite:id="ES2004a.D.words899" starttime="963.17" endtime="963.23">a</w>
   <w nite:id="ES2004a.D.words900" starttime="963.23" endtime="963.53">mobile</w>
   <w nite:id="ES2004a.D.words901" starttime="963.53" endtime="963.7">phone</w>
   <w nite:id="ES2004a.D.words902" starttime="963.7" endtime="963.7" punc="true">,</w>
   <w nite:id="ES2004a.D.words903" starttime="963.7" endtime="963.78">it</w>
   <w nite:id="ES2004a.D.words904" starttime="963.78" endtime="963.89">can</w>
   <w nite:id="ES2004a.D.words905" starttime="963.89" endtime="964.08">still</w>
   <w nite:id="ES2004a.D.words906" starttime="964.08" endtime="964.17">be</w>
   <w nite:id="ES2004a.D.words907" starttime="964.17" endtime="964.54">lightweight</w>
   <w nite:id="ES2004a.D.words908" starttime="964.54" endtime="965.6">plastic</w>
   <w nite:id="ES2004a.D.words909" starttime="965.6" endtime="965.6" punc="true">,</w>
   <w nite:id="ES2004a.D.words910" starttime="965.6" endtime="965.74">you</w>
   <w nite:id="ES2004a.D.words911" starttime="965.74" endtime="966.35">know</w>
   <w nite:id="ES2004a.D.words912" starttime="966.35" endtime="966.35" punc="true">?</w>
   <w nite:id="ES2004a.D.words913" starttime="966.35" endtime="966.63">Something</w>
   <w nite:id="ES2004a.D.words914" starttime="966.63" endtime="966.8">that&#39;s</w>
   <w nite:id="ES2004a.D.words915" starttime="966.8" endtime="967.02">easily</w>
   <w nite:id="ES2004a.D.words916" starttime="967.02" endtime="967.52">moulded</w>
   <w nite:id="ES2004a.D.words917" starttime="967.52" endtime="968.32">and</w>
   <w nite:id="ES2004a.D.words918" starttime="968.32" endtime="969.16">produced</w>
   <w nite:id="ES2004a.D.words919" starttime="969.16" endtime="969.16" punc="true">.</w>
   <w nite:id="ES2004a.D.words920" starttime="969.16" endtime="969.5">Sorry</w>
   <w nite:id="ES2004a.D.words921" starttime="969.5" endtime="969.58">I&#39;m</w>
   <w nite:id="ES2004a.D.words922" starttime="969.58" endtime="969.88">treading</w>
   <w nite:id="ES2004a.D.words923" starttime="969.88" endtime="969.96">on</w>
   <w nite:id="ES2004a.D.words924" starttime="969.96" endtime="970.08">your</w>
   <w nite:id="ES2004a.D.words925" starttime="970.08" endtime="970.54">territory</w>
   <w nite:id="ES2004a.D.words926" starttime="970.54" endtime="972.45">guys</w>
   <w nite:id="ES2004a.D.words927" starttime="972.45" endtime="972.45" punc="true">.</w>
   <vocalsound nite:id="ES2004a.D.words928" starttime="972.45" endtime="972.975" type="laugh"/>
   <w nite:id="ES2004a.D.words929" starttime="1005.06" endtime="1005.26">Ah</w>
   <w nite:id="ES2004a.D.words930" starttime="1005.26" endtime="1005.74">right</w>
   <w nite:id="ES2004a.D.words931" starttime="1005.74" endtime="1005.74" punc="true">.</w>
   <w nite:id="ES2004a.D.words932" starttime="1006.9" endtime="1007.5">Okay</w>
   <w nite:id="ES2004a.D.words933" starttime="1007.5" endtime="1007.5" punc="true">.</w>
   <w nite:id="ES2004a.D.words934" starttime="1009.16" endtime="1009.74">Sure</w>
   <w nite:id="ES2004a.D.words935" starttime="1009.74" endtime="1010.6" trunc="true">b</w>
   <w nite:id="ES2004a.D.words936" starttime="1010.6" endtime="1010.69" trunc="true">y</w>
   <w nite:id="ES2004a.D.words937" starttime="1010.69" endtime="1011.3">yeah</w>
   <w nite:id="ES2004a.D.words938" starttime="1011.3" endtime="1011.3" punc="true">.</w>
   <w nite:id="ES2004a.D.words939" starttime="1013.7" endtime="1014.73">But</w>
   <disfmarker nite:id="ES2004a.D.words940" starttime="1014.73" endtime="1014.73"/>
   <w nite:id="ES2004a.D.words941" starttime="1014.73" endtime="1015.32">yeah</w>
   <w nite:id="ES2004a.D.words942" starttime="1015.32" endtime="1015.32" punc="true">,</w>
   <w nite:id="ES2004a.D.words943" starttime="1015.32" endtime="1015.38">I</w>
   <w nite:id="ES2004a.D.words944" starttime="1015.38" endtime="1015.49">mean</w>
   <w nite:id="ES2004a.D.words945" starttime="1015.49" endtime="1015.57">it</w>
   <w nite:id="ES2004a.D.words946" starttime="1015.57" endtime="1015.84">doesn&#39;t</w>
   <w nite:id="ES2004a.D.words947" starttime="1015.84" endtime="1016.08">have</w>
   <w nite:id="ES2004a.D.words948" starttime="1016.08" endtime="1016.2">to</w>
   <w nite:id="ES2004a.D.words949" starttime="1016.2" endtime="1016.91">be</w>
   <w nite:id="ES2004a.D.words950" starttime="1016.91" endtime="1017.2">that</w>
   <w nite:id="ES2004a.D.words951" starttime="1017.2" endtime="1017.2" punc="true">,</w>
   <w nite:id="ES2004a.D.words952" starttime="1017.2" endtime="1017.29">you</w>
   <w nite:id="ES2004a.D.words953" starttime="1017.29" endtime="1017.7">know</w>
   <vocalsound nite:id="ES2004a.D.words954" starttime="1017.7" endtime="1017.7" type="other"/>
   <w nite:id="ES2004a.D.words955" starttime="1017.7" endtime="1017.8" trunc="true">th</w>
   <w nite:id="ES2004a.D.words956" starttime="1017.8" endtime="1017.93">that</w>
   <w nite:id="ES2004a.D.words957" starttime="1017.93" endtime="1018.07">was</w>
   <w nite:id="ES2004a.D.words958" starttime="1018.07" endtime="1018.19">my</w>
   <w nite:id="ES2004a.D.words959" starttime="1018.19" endtime="1018.43">main</w>
   <w nite:id="ES2004a.D.words960" starttime="1018.43" endtime="1018.62">point</w>
   <w nite:id="ES2004a.D.words961" starttime="1018.62" endtime="1018.62" punc="true">,</w>
   <w nite:id="ES2004a.D.words962" starttime="1018.62" endtime="1018.7">we</w>
   <w nite:id="ES2004a.D.words963" starttime="1018.7" endtime="1018.86">don&#39;t</w>
   <w nite:id="ES2004a.D.words964" starttime="1018.86" endtime="1018.97">have</w>
   <w nite:id="ES2004a.D.words965" starttime="1018.97" endtime="1019.04">to</w>
   <w nite:id="ES2004a.D.words966" starttime="1019.04" endtime="1019.23">use</w>
   <w nite:id="ES2004a.D.words967" starttime="1019.23" endtime="1019.45">metal</w>
   <w nite:id="ES2004a.D.words968" starttime="1019.45" endtime="1019.45" punc="true">,</w>
   <w nite:id="ES2004a.D.words969" starttime="1019.45" endtime="1019.5">I</w>
   <w nite:id="ES2004a.D.words970" starttime="1019.5" endtime="1019.76">don&#39;t</w>
   <w nite:id="ES2004a.D.words971" starttime="1019.76" endtime="1019.87">know</w>
   <w nite:id="ES2004a.D.words972" starttime="1019.87" endtime="1019.96">if</w>
   <w nite:id="ES2004a.D.words973" starttime="1019.96" endtime="1020.17">using</w>
   <w nite:id="ES2004a.D.words974" starttime="1020.17" endtime="1020.54">plastic</w>
   <w nite:id="ES2004a.D.words975" starttime="1020.54" endtime="1020.7">does</w>
   <w nite:id="ES2004a.D.words976" starttime="1020.7" endtime="1020.91">make</w>
   <w nite:id="ES2004a.D.words977" starttime="1020.91" endtime="1021.01">it</w>
   <w nite:id="ES2004a.D.words978" starttime="1021.01" endtime="1021.36">cheaper</w>
   <w nite:id="ES2004a.D.words979" starttime="1021.36" endtime="1021.36" punc="true">,</w>
   <w nite:id="ES2004a.D.words980" starttime="1021.36" endtime="1021.39">I</w>
   <w nite:id="ES2004a.D.words981" starttime="1021.39" endtime="1021.69">presume</w>
   <w nite:id="ES2004a.D.words982" starttime="1021.69" endtime="1021.8">it</w>
   <w nite:id="ES2004a.D.words983" starttime="1021.8" endtime="1022.1">would</w>
   <w nite:id="ES2004a.D.words984" starttime="1022.1" endtime="1022.1" punc="true">.</w>
   <w nite:id="ES2004a.D.words985" starttime="1022.1" endtime="1022.93">Yeah</w>
   <w nite:id="ES2004a.D.words986" starttime="1022.93" endtime="1022.93" punc="true">,</w>
   <w nite:id="ES2004a.D.words987" starttime="1022.93" endtime="1024.1">yeah</w>
   <w nite:id="ES2004a.D.words988" starttime="1024.1" endtime="1024.1" punc="true">,</w>
   <w nite:id="ES2004a.D.words989" starttime="1024.1" endtime="1024.41">yeah</w>
   <w nite:id="ES2004a.D.words990" starttime="1024.41" endtime="1024.41" punc="true">.</w>
   <w nite:id="ES2004a.D.words991" starttime="1032.93" endtime="1033.35">Right</w>
   <w nite:id="ES2004a.D.words992" starttime="1033.35" endtime="1033.35" punc="true">.</w>
   <w nite:id="ES2004a.D.words993" starttime="1037.32" endtime="1037.95">Okay</w>
   <w nite:id="ES2004a.D.words994" starttime="1037.95" endtime="1037.95" punc="true">.</w>
   <w nite:id="ES2004a.D.words995" starttime="1042.19" endtime="1042.3">&#39;Kay</w>
   <w nite:id="ES2004a.D.words996" starttime="1042.3" endtime="1042.3" punc="true">.</w>
   <w nite:id="ES2004a.D.words997" starttime="1046.42" endtime="1046.49">Do</w>
   <w nite:id="ES2004a.D.words998" starttime="1046.49" endtime="1046.64">we</w>
   <w nite:id="ES2004a.D.words999" starttime="1046.64" endtime="1046.79">go</w>
   <w nite:id="ES2004a.D.words1000" starttime="1046.79" endtime="1047.0">back</w>
   <w nite:id="ES2004a.D.words1001" starttime="1047.0" endtime="1047.22">to</w>
   <w nite:id="ES2004a.D.words1002" starttime="1047.22" endtime="1047.69">our</w>
   <w nite:id="ES2004a.D.words1003" starttime="1047.69" endtime="1048.29">room</w>
   <w nite:id="ES2004a.D.words1004" starttime="1048.29" endtime="1048.29" punc="true">?</w>
   <w nite:id="ES2004a.D.words1005" starttime="1048.29" endtime="1048.48">Yep</w>
   <w nite:id="ES2004a.D.words1006" starttime="1048.48" endtime="1048.48" punc="true">?</w>
</nite:root>