<?xml version="1.0" encoding="ISO-8859-1" standalone="yes"?>
<nite:root nite:id="ES2004a.A.words" xmlns:nite="http://nite.sourceforge.net/">
   <w nite:id="ES2004a.A.words0" starttime="0.37" endtime="0.95">Hmm</w>
   <w nite:id="ES2004a.A.words1" starttime="0.95" endtime="1.53">hmm</w>
   <w nite:id="ES2004a.A.words2" starttime="1.53" endtime="1.76">hmm</w>
   <w nite:id="ES2004a.A.words3" starttime="1.76" endtime="1.76" punc="true">.</w>
   <w nite:id="ES2004a.A.words4" starttime="17.88" endtime="18.15">Yeah</w>
   <w nite:id="ES2004a.A.words5" starttime="18.15" endtime="18.15" punc="true">.</w>
   <w nite:id="ES2004a.A.words6" starttime="63.81" endtime="64.2">Okay</w>
   <w nite:id="ES2004a.A.words7" starttime="64.2" endtime="64.2" punc="true">.</w>
   <w nite:id="ES2004a.A.words8" starttime="64.2" endtime="66.04">Yep</w>
   <w nite:id="ES2004a.A.words9" starttime="66.04" endtime="66.04" punc="true">,</w>
   <w nite:id="ES2004a.A.words10" starttime="66.04" endtime="66.33">yep</w>
   <w nite:id="ES2004a.A.words11" starttime="66.33" endtime="66.33" punc="true">.</w>
   <vocalsound nite:id="ES2004a.A.words12" starttime="66.33" endtime="66.416" type="cough"/>
   <w nite:id="ES2004a.A.words13" starttime="71.95" endtime="72.06">Okay</w>
   <w nite:id="ES2004a.A.words14" starttime="72.06" endtime="72.06" punc="true">.</w>
   <w nite:id="ES2004a.A.words15" starttime="80.5" endtime="80.65" trunc="true">Tu</w>
   <w nite:id="ES2004a.A.words16" starttime="80.65" endtime="80.79" trunc="true">tu</w>
   <w nite:id="ES2004a.A.words17" starttime="80.79" endtime="81.02" trunc="true">tu</w>
   <w nite:id="ES2004a.A.words18" starttime="81.02" endtime="81.66" trunc="true">tu</w>
   <w nite:id="ES2004a.A.words19" starttime="83.22" endtime="83.56">Hi</w>
   <w nite:id="ES2004a.A.words20" starttime="83.56" endtime="83.56" punc="true">,</w>
   <w nite:id="ES2004a.A.words21" starttime="83.56" endtime="83.71">good</w>
   <w nite:id="ES2004a.A.words22" starttime="83.71" endtime="84.03">morning</w>
   <w nite:id="ES2004a.A.words23" starttime="84.03" endtime="84.03" punc="true">.</w>
   <w nite:id="ES2004a.A.words24" starttime="168.79" endtime="168.88">&#39;Kay</w>
   <w nite:id="ES2004a.A.words25" starttime="168.88" endtime="168.88" punc="true">.</w>
   <vocalsound nite:id="ES2004a.A.words26" starttime="180.246" endtime="181.722" type="laugh"/>
   <w nite:id="ES2004a.A.words27" starttime="188.28" endtime="188.43">Oops</w>
   <w nite:id="ES2004a.A.words28" starttime="188.43" endtime="188.43" punc="true">.</w>
   <w nite:id="ES2004a.A.words29" starttime="252.48" endtime="252.56">Mm</w>
   <w nite:id="ES2004a.A.words30" starttime="252.56" endtime="252.56" punc="true">.</w>
   <w nite:id="ES2004a.A.words31" starttime="255.91" endtime="256.04">Oh</w>
   <w nite:id="ES2004a.A.words32" starttime="256.04" endtime="256.25">sorry</w>
   <w nite:id="ES2004a.A.words33" starttime="256.25" endtime="256.25" punc="true">.</w>
   <w nite:id="ES2004a.A.words34" starttime="258.31" endtime="258.64">Mm-hmm</w>
   <w nite:id="ES2004a.A.words35" starttime="258.64" endtime="258.64" punc="true">.</w>
   <w nite:id="ES2004a.A.words36" starttime="275.09" endtime="275.21">Yeah</w>
   <w nite:id="ES2004a.A.words37" starttime="275.21" endtime="275.21" punc="true">,</w>
   <w nite:id="ES2004a.A.words38" starttime="275.21" endtime="275.45">me</w>
   <w nite:id="ES2004a.A.words39" starttime="275.45" endtime="275.45" punc="true">.</w>
   <gap nite:id="ES2004a.A.words40" starttime="277.312" endtime="277.312"/>
   <w nite:id="ES2004a.A.words41" starttime="279.18" endtime="279.75">Cat</w>
   <w nite:id="ES2004a.A.words42" starttime="279.75" endtime="279.75" punc="true">.</w>
   <w nite:id="ES2004a.A.words43" starttime="285.15" endtime="285.26">Where</w>
   <w nite:id="ES2004a.A.words44" starttime="285.26" endtime="285.47">did</w>
   <w nite:id="ES2004a.A.words45" starttime="285.47" endtime="285.7">this</w>
   <w nite:id="ES2004a.A.words46" starttime="285.7" endtime="285.93">come</w>
   <w nite:id="ES2004a.A.words47" starttime="285.93" endtime="286.61">from</w>
   <w nite:id="ES2004a.A.words48" starttime="286.61" endtime="286.61" punc="true">?</w>
   <w nite:id="ES2004a.A.words49" starttime="289.09" endtime="290.03">Uh</w>
   <w nite:id="ES2004a.A.words50" starttime="290.03" endtime="290.03" punc="true">,</w>
   <w nite:id="ES2004a.A.words51" starttime="290.03" endtime="290.68">yep</w>
   <w nite:id="ES2004a.A.words52" starttime="290.68" endtime="290.68" punc="true">.</w>
   <w nite:id="ES2004a.A.words53" starttime="290.68" endtime="290.91">Thank</w>
   <w nite:id="ES2004a.A.words54" starttime="290.91" endtime="293.32">you</w>
   <w nite:id="ES2004a.A.words55" starttime="293.32" endtime="293.32" punc="true">.</w>
   <w nite:id="ES2004a.A.words56" starttime="293.32" endtime="294.05">Uh</w>
   <w nite:id="ES2004a.A.words57" starttime="294.05" endtime="294.05" punc="true">,</w>
   <w nite:id="ES2004a.A.words58" starttime="294.05" endtime="294.33">maybe</w>
   <w nite:id="ES2004a.A.words59" starttime="294.33" endtime="294.44">you</w>
   <w nite:id="ES2004a.A.words60" starttime="294.44" endtime="294.92">can</w>
   <w nite:id="ES2004a.A.words61" starttime="294.92" endtime="295.16">guess</w>
   <w nite:id="ES2004a.A.words62" starttime="295.16" endtime="295.3">what</w>
   <w nite:id="ES2004a.A.words63" starttime="295.3" endtime="295.43">I&#39;m</w>
   <w nite:id="ES2004a.A.words64" starttime="295.43" endtime="295.64">trying</w>
   <w nite:id="ES2004a.A.words65" starttime="295.64" endtime="295.74">to</w>
   <w nite:id="ES2004a.A.words66" starttime="295.74" endtime="296.02">make</w>
   <w nite:id="ES2004a.A.words67" starttime="296.02" endtime="296.02" punc="true">?</w>
   <w nite:id="ES2004a.A.words68" starttime="309.22" endtime="310.08">Yep</w>
   <w nite:id="ES2004a.A.words69" starttime="310.08" endtime="310.08" punc="true">.</w>
   <w nite:id="ES2004a.A.words70" starttime="313.47" endtime="313.66">It&#39;s</w>
   <w nite:id="ES2004a.A.words71" starttime="313.66" endtime="314.0">actually</w>
   <w nite:id="ES2004a.A.words72" starttime="314.0" endtime="314.78">sitting</w>
   <w nite:id="ES2004a.A.words73" starttime="314.78" endtime="314.78" punc="true">,</w>
   <w nite:id="ES2004a.A.words74" starttime="314.78" endtime="316.97">so</w>
   <vocalsound nite:id="ES2004a.A.words75" starttime="316.97" endtime="316.97" type="laugh"/>
   <w nite:id="ES2004a.A.words76" starttime="316.97" endtime="317.14">it&#39;s</w>
   <w nite:id="ES2004a.A.words77" starttime="317.14" endtime="317.59">sitting</w>
   <w nite:id="ES2004a.A.words78" starttime="317.59" endtime="317.59" punc="true">,</w>
   <w nite:id="ES2004a.A.words79" starttime="317.59" endtime="317.79">it&#39;s</w>
   <w nite:id="ES2004a.A.words80" starttime="317.79" endtime="317.9">not</w>
   <w nite:id="ES2004a.A.words81" starttime="317.9" endtime="319.15">standing</w>
   <w nite:id="ES2004a.A.words82" starttime="319.15" endtime="319.15" punc="true">.</w>
   <w nite:id="ES2004a.A.words83" starttime="319.15" endtime="319.52">Okay</w>
   <w nite:id="ES2004a.A.words84" starttime="319.52" endtime="319.52" punc="true">,</w>
   <w nite:id="ES2004a.A.words85" starttime="319.52" endtime="319.83">I</w>
   <w nite:id="ES2004a.A.words86" starttime="319.83" endtime="320.03">see</w>
   <w nite:id="ES2004a.A.words87" starttime="320.03" endtime="320.14">it</w>
   <w nite:id="ES2004a.A.words88" starttime="320.14" endtime="320.35">as</w>
   <w nite:id="ES2004a.A.words89" starttime="320.35" endtime="320.53">one</w>
   <w nite:id="ES2004a.A.words90" starttime="320.53" endtime="320.69">thing</w>
   <w nite:id="ES2004a.A.words91" starttime="320.69" endtime="320.89">it&#39;s</w>
   <w nite:id="ES2004a.A.words92" starttime="320.89" endtime="321.1">very</w>
   <w nite:id="ES2004a.A.words93" starttime="321.1" endtime="321.86">supportive</w>
   <w nite:id="ES2004a.A.words94" starttime="321.86" endtime="321.86" punc="true">.</w>
   <w nite:id="ES2004a.A.words95" starttime="324.13" endtime="324.33">It&#39;s</w>
   <w nite:id="ES2004a.A.words96" starttime="324.33" endtime="324.47">your</w>
   <w nite:id="ES2004a.A.words97" starttime="324.47" endtime="324.8">best</w>
   <w nite:id="ES2004a.A.words98" starttime="324.8" endtime="325.01">friend</w>
   <w nite:id="ES2004a.A.words99" starttime="325.01" endtime="325.12">and</w>
   <w nite:id="ES2004a.A.words100" starttime="325.12" endtime="326.15">your</w>
   <disfmarker nite:id="ES2004a.A.words101" starttime="326.15" endtime="326.15"/>
   <w nite:id="ES2004a.A.words102" starttime="326.15" endtime="326.29">you</w>
   <w nite:id="ES2004a.A.words103" starttime="326.29" endtime="326.43">can</w>
   <w nite:id="ES2004a.A.words104" starttime="326.43" endtime="326.6">talk</w>
   <w nite:id="ES2004a.A.words105" starttime="326.6" endtime="326.73">to</w>
   <w nite:id="ES2004a.A.words106" starttime="326.73" endtime="326.8">a</w>
   <w nite:id="ES2004a.A.words107" starttime="326.8" endtime="327.01">dog</w>
   <w nite:id="ES2004a.A.words108" starttime="327.01" endtime="327.01" punc="true">,</w>
   <w nite:id="ES2004a.A.words109" starttime="327.01" endtime="327.08">it</w>
   <w nite:id="ES2004a.A.words110" starttime="327.08" endtime="327.2">can</w>
   <w nite:id="ES2004a.A.words111" starttime="327.2" endtime="327.26">be</w>
   <w nite:id="ES2004a.A.words112" starttime="327.26" endtime="327.38">your</w>
   <w nite:id="ES2004a.A.words113" starttime="327.38" endtime="327.54">best</w>
   <w nite:id="ES2004a.A.words114" starttime="327.54" endtime="327.73">friend</w>
   <w nite:id="ES2004a.A.words115" starttime="327.73" endtime="327.73" punc="true">,</w>
   <w nite:id="ES2004a.A.words116" starttime="327.73" endtime="327.84">it</w>
   <w nite:id="ES2004a.A.words117" starttime="327.84" endtime="328.07">doesn&#39;t</w>
   <w nite:id="ES2004a.A.words118" starttime="328.07" endtime="328.54">discriminate</w>
   <w nite:id="ES2004a.A.words119" starttime="328.54" endtime="328.79">between</w>
   <w nite:id="ES2004a.A.words120" starttime="328.79" endtime="329.71">you</w>
   <w nite:id="ES2004a.A.words121" starttime="329.71" endtime="329.71" punc="true">,</w>
   <w nite:id="ES2004a.A.words122" starttime="329.71" endtime="329.98">based</w>
   <w nite:id="ES2004a.A.words123" starttime="329.98" endtime="330.07">on</w>
   <w nite:id="ES2004a.A.words124" starttime="330.07" endtime="330.22">what</w>
   <w nite:id="ES2004a.A.words125" starttime="330.22" endtime="330.34">you</w>
   <w nite:id="ES2004a.A.words126" starttime="330.34" endtime="331.36">are</w>
   <w nite:id="ES2004a.A.words127" starttime="331.36" endtime="331.36" punc="true">.</w>
   <w nite:id="ES2004a.A.words128" starttime="331.36" endtime="331.76">Second</w>
   <w nite:id="ES2004a.A.words129" starttime="331.76" endtime="333.4">it&#39;s</w>
   <w nite:id="ES2004a.A.words130" starttime="333.4" endtime="335.54">loyal</w>
   <w nite:id="ES2004a.A.words131" starttime="335.54" endtime="335.93">and</w>
   <w nite:id="ES2004a.A.words132" starttime="335.93" endtime="336.14">third</w>
   <w nite:id="ES2004a.A.words133" starttime="336.14" endtime="336.73">thing</w>
   <w nite:id="ES2004a.A.words134" starttime="336.73" endtime="337.02">it&#39;s</w>
   <w nite:id="ES2004a.A.words135" starttime="337.02" endtime="337.43">got</w>
   <w nite:id="ES2004a.A.words136" starttime="337.43" endtime="340.96">intuition</w>
   <w nite:id="ES2004a.A.words137" starttime="340.96" endtime="340.96" punc="true">.</w>
   <gap nite:id="ES2004a.A.words138" starttime="340.96" endtime="340.96"/>
   <w nite:id="ES2004a.A.words139" starttime="340.96" endtime="341.24">dogs</w>
   <w nite:id="ES2004a.A.words140" starttime="341.24" endtime="341.38">can</w>
   <w nite:id="ES2004a.A.words141" starttime="341.38" endtime="341.68" trunc="true">som</w>
   <w nite:id="ES2004a.A.words142" starttime="341.68" endtime="342.03">sometimes</w>
   <w nite:id="ES2004a.A.words143" starttime="342.03" endtime="342.12">can</w>
   <w nite:id="ES2004a.A.words144" starttime="342.12" endtime="342.25">make</w>
   <w nite:id="ES2004a.A.words145" starttime="342.25" endtime="342.4">out</w>
   <w nite:id="ES2004a.A.words146" starttime="342.4" endtime="343.05">between</w>
   <w nite:id="ES2004a.A.words147" starttime="343.05" endtime="343.28">a</w>
   <w nite:id="ES2004a.A.words148" starttime="343.28" endtime="343.54">thief</w>
   <w nite:id="ES2004a.A.words149" starttime="343.54" endtime="343.67">and</w>
   <w nite:id="ES2004a.A.words150" starttime="343.67" endtime="345.16">a</w>
   <w nite:id="ES2004a.A.words151" starttime="345.16" endtime="345.49">person</w>
   <w nite:id="ES2004a.A.words152" starttime="345.49" endtime="345.69">so</w>
   <w nite:id="ES2004a.A.words153" starttime="345.69" endtime="346.35">basically</w>
   <w nite:id="ES2004a.A.words154" starttime="346.35" endtime="346.58">these</w>
   <w nite:id="ES2004a.A.words155" starttime="346.58" endtime="346.65">are</w>
   <w nite:id="ES2004a.A.words156" starttime="346.65" endtime="346.76">the</w>
   <w nite:id="ES2004a.A.words157" starttime="346.76" endtime="346.93">three</w>
   <w nite:id="ES2004a.A.words158" starttime="346.93" endtime="347.22">unique</w>
   <w nite:id="ES2004a.A.words159" starttime="347.22" endtime="347.56">features</w>
   <w nite:id="ES2004a.A.words160" starttime="347.56" endtime="347.76">I</w>
   <w nite:id="ES2004a.A.words161" starttime="347.76" endtime="348.69">think</w>
   <w nite:id="ES2004a.A.words162" starttime="348.69" endtime="348.91">belong</w>
   <w nite:id="ES2004a.A.words163" starttime="348.91" endtime="349.02">to</w>
   <w nite:id="ES2004a.A.words164" starttime="349.02" endtime="349.08">a</w>
   <w nite:id="ES2004a.A.words165" starttime="349.08" endtime="351.06">dog</w>
   <w nite:id="ES2004a.A.words166" starttime="351.06" endtime="351.06" punc="true">.</w>
   <w nite:id="ES2004a.A.words167" starttime="351.06" endtime="351.33">Thank</w>
   <w nite:id="ES2004a.A.words168" starttime="351.33" endtime="351.47">you</w>
   <w nite:id="ES2004a.A.words169" starttime="351.47" endtime="351.47" punc="true">.</w>
   <w nite:id="ES2004a.A.words170" starttime="354.11" endtime="354.82">Okay</w>
   <w nite:id="ES2004a.A.words171" starttime="354.82" endtime="354.82" punc="true">.</w>
   <w nite:id="ES2004a.A.words172" starttime="356.33" endtime="356.9">Sorry</w>
   <w nite:id="ES2004a.A.words173" starttime="356.9" endtime="356.9" punc="true">.</w>
   <vocalsound nite:id="ES2004a.A.words174" starttime="364.336" endtime="364.336" type="laugh"/>
   <w nite:id="ES2004a.A.words175" starttime="365.93" endtime="366.13">Does</w>
   <w nite:id="ES2004a.A.words176" starttime="366.13" endtime="366.23">it</w>
   <w nite:id="ES2004a.A.words177" starttime="366.23" endtime="366.34">look</w>
   <w nite:id="ES2004a.A.words178" starttime="366.34" endtime="366.51">like</w>
   <w nite:id="ES2004a.A.words179" starttime="366.51" endtime="366.61">a</w>
   <w nite:id="ES2004a.A.words180" starttime="366.61" endtime="366.84">dog</w>
   <w nite:id="ES2004a.A.words181" starttime="366.84" endtime="367.84">actually</w>
   <w nite:id="ES2004a.A.words182" starttime="367.84" endtime="367.84" punc="true">?</w>
   <w nite:id="ES2004a.A.words183" starttime="375.08" endtime="375.43">Mm</w>
   <w nite:id="ES2004a.A.words184" starttime="375.43" endtime="375.43" punc="true">.</w>
   <vocalsound nite:id="ES2004a.A.words185" starttime="397.65" endtime="399.178" type="laugh"/>
   <w nite:id="ES2004a.A.words186" starttime="501.78" endtime="502.0">Eagle</w>
   <w nite:id="ES2004a.A.words187" starttime="502.0" endtime="502.0" punc="true">,</w>
   <w nite:id="ES2004a.A.words188" starttime="502.0" endtime="502.67">okay</w>
   <w nite:id="ES2004a.A.words189" starttime="502.67" endtime="502.67" punc="true">.</w>
   <w nite:id="ES2004a.A.words190" starttime="576.76" endtime="576.96">One</w>
   <w nite:id="ES2004a.A.words191" starttime="576.96" endtime="577.22">point</w>
   <w nite:id="ES2004a.A.words192" starttime="577.22" endtime="577.66">four</w>
   <w nite:id="ES2004a.A.words193" starttime="577.66" endtime="577.69">or</w>
   <w nite:id="ES2004a.A.words194" starttime="577.69" endtime="577.96">something</w>
   <w nite:id="ES2004a.A.words195" starttime="577.96" endtime="578.08">like</w>
   <w nite:id="ES2004a.A.words196" starttime="578.08" endtime="578.71">that</w>
   <w nite:id="ES2004a.A.words197" starttime="578.71" endtime="578.71" punc="true">.</w>
   <w nite:id="ES2004a.A.words198" starttime="578.71" endtime="578.84">One</w>
   <w nite:id="ES2004a.A.words199" starttime="578.84" endtime="579.07">point</w>
   <w nite:id="ES2004a.A.words200" starttime="579.07" endtime="579.37">four</w>
   <w nite:id="ES2004a.A.words201" starttime="579.37" endtime="579.65">Euro</w>
   <w nite:id="ES2004a.A.words202" starttime="579.65" endtime="579.89">would</w>
   <w nite:id="ES2004a.A.words203" starttime="579.89" endtime="580.08">make</w>
   <w nite:id="ES2004a.A.words204" starttime="580.08" endtime="580.29">a</w>
   <w nite:id="ES2004a.A.words205" starttime="580.29" endtime="580.6">Pound</w>
   <w nite:id="ES2004a.A.words206" starttime="580.6" endtime="580.65">or</w>
   <w nite:id="ES2004a.A.words207" starttime="580.65" endtime="580.92">something</w>
   <w nite:id="ES2004a.A.words208" starttime="580.92" endtime="581.05">like</w>
   <w nite:id="ES2004a.A.words209" starttime="581.05" endtime="581.5">that</w>
   <w nite:id="ES2004a.A.words210" starttime="581.5" endtime="581.5" punc="true">.</w>
   <w nite:id="ES2004a.A.words211" starttime="582.6" endtime="582.92">Yeah</w>
   <w nite:id="ES2004a.A.words212" starttime="582.92" endtime="582.92" punc="true">.</w>
   <w nite:id="ES2004a.A.words213" starttime="617.54" endtime="618.36">Okay</w>
   <w nite:id="ES2004a.A.words214" starttime="618.36" endtime="618.36" punc="true">,</w>
   <w nite:id="ES2004a.A.words215" starttime="618.36" endtime="618.55">pretty</w>
   <w nite:id="ES2004a.A.words216" starttime="618.55" endtime="618.77">huge</w>
   <w nite:id="ES2004a.A.words217" starttime="618.77" endtime="619.59">margin</w>
   <w nite:id="ES2004a.A.words218" starttime="619.59" endtime="619.59" punc="true">.</w>
   <w nite:id="ES2004a.A.words219" starttime="636.39" endtime="636.75">So</w>
   <w nite:id="ES2004a.A.words220" starttime="636.75" endtime="637.0">then</w>
   <disfmarker nite:id="ES2004a.A.words221" starttime="637.0" endtime="637.104"/>
   <w nite:id="ES2004a.A.words222" starttime="687.25" endtime="687.56">Mm-hmm</w>
   <w nite:id="ES2004a.A.words223" starttime="687.56" endtime="687.56" punc="true">.</w>
   <w nite:id="ES2004a.A.words224" starttime="691.49" endtime="691.81">Yeah</w>
   <w nite:id="ES2004a.A.words225" starttime="691.81" endtime="691.81" punc="true">,</w>
   <w nite:id="ES2004a.A.words226" starttime="691.81" endtime="691.96">that</w>
   <w nite:id="ES2004a.A.words227" starttime="691.96" endtime="692.22" trunc="true">c</w>
   <w nite:id="ES2004a.A.words228" starttime="708.61" endtime="709.16">Okay</w>
   <w nite:id="ES2004a.A.words229" starttime="709.16" endtime="709.16" punc="true">,</w>
   <w nite:id="ES2004a.A.words230" starttime="709.16" endtime="709.27">you</w>
   <w nite:id="ES2004a.A.words231" starttime="709.27" endtime="709.46">wanna</w>
   <w nite:id="ES2004a.A.words232" starttime="709.46" endtime="709.83">integrate</w>
   <w nite:id="ES2004a.A.words233" starttime="709.83" endtime="710.15">everything</w>
   <w nite:id="ES2004a.A.words234" starttime="710.15" endtime="710.35">into</w>
   <w nite:id="ES2004a.A.words235" starttime="710.35" endtime="710.65">one</w>
   <w nite:id="ES2004a.A.words236" starttime="710.65" endtime="710.93">like</w>
   <disfmarker nite:id="ES2004a.A.words237" starttime="710.93" endtime="711.04"/>
   <w nite:id="ES2004a.A.words238" starttime="712.33" endtime="712.72">Okay</w>
   <w nite:id="ES2004a.A.words239" starttime="712.72" endtime="712.72" punc="true">.</w>
   <w nite:id="ES2004a.A.words240" starttime="755.18" endtime="755.36">So</w>
   <w nite:id="ES2004a.A.words241" starttime="755.36" endtime="756.2">simplification</w>
   <w nite:id="ES2004a.A.words242" starttime="756.2" endtime="756.29">of</w>
   <w nite:id="ES2004a.A.words243" starttime="756.29" endtime="756.68">symbols</w>
   <w nite:id="ES2004a.A.words244" starttime="756.68" endtime="756.83">you</w>
   <w nite:id="ES2004a.A.words245" starttime="756.83" endtime="757.04">could</w>
   <w nite:id="ES2004a.A.words246" starttime="757.04" endtime="757.52">think</w>
   <w nite:id="ES2004a.A.words247" starttime="757.52" endtime="758.06">of</w>
   <w nite:id="ES2004a.A.words248" starttime="758.06" endtime="758.06" punc="true">.</w>
   <w nite:id="ES2004a.A.words249" starttime="784.99" endtime="785.28">Mm-hmm</w>
   <w nite:id="ES2004a.A.words250" starttime="785.28" endtime="785.28" punc="true">.</w>
   <w nite:id="ES2004a.A.words251" starttime="787.08" endtime="787.47">Menu</w>
   <w nite:id="ES2004a.A.words252" starttime="787.47" endtime="787.47" punc="true">,</w>
   <w nite:id="ES2004a.A.words253" starttime="787.47" endtime="787.74">alright</w>
   <w nite:id="ES2004a.A.words254" starttime="787.74" endtime="787.74" punc="true">.</w>
   <w nite:id="ES2004a.A.words255" starttime="792.89" endtime="793.41">Uh</w>
   <w nite:id="ES2004a.A.words256" starttime="793.41" endtime="793.44">uh</w>
   <disfmarker nite:id="ES2004a.A.words257" starttime="793.44" endtime="793.601"/>
   <w nite:id="ES2004a.A.words258" starttime="794.46" endtime="794.85">Right</w>
   <w nite:id="ES2004a.A.words259" starttime="794.85" endtime="794.85" punc="true">,</w>
   <w nite:id="ES2004a.A.words260" starttime="794.85" endtime="794.94">I</w>
   <w nite:id="ES2004a.A.words261" starttime="794.94" endtime="795.06">was</w>
   <w nite:id="ES2004a.A.words262" starttime="795.06" endtime="795.33">thinking</w>
   <w nite:id="ES2004a.A.words263" starttime="795.33" endtime="795.39">on</w>
   <w nite:id="ES2004a.A.words264" starttime="795.39" endtime="795.48">the</w>
   <w nite:id="ES2004a.A.words265" starttime="795.48" endtime="795.76">same</w>
   <w nite:id="ES2004a.A.words266" starttime="795.76" endtime="795.99">lines</w>
   <w nite:id="ES2004a.A.words267" starttime="795.99" endtime="796.74">you</w>
   <w nite:id="ES2004a.A.words268" starttime="796.74" endtime="796.74" punc="true">,</w>
   <w nite:id="ES2004a.A.words269" starttime="796.74" endtime="796.97">instead</w>
   <w nite:id="ES2004a.A.words270" starttime="796.97" endtime="797.03">of</w>
   <w nite:id="ES2004a.A.words271" starttime="797.03" endtime="797.32">having</w>
   <w nite:id="ES2004a.A.words272" starttime="797.32" endtime="797.44">too</w>
   <w nite:id="ES2004a.A.words273" starttime="797.44" endtime="797.71">many</w>
   <w nite:id="ES2004a.A.words274" starttime="797.71" endtime="797.98" trunc="true">b</w>
   <w nite:id="ES2004a.A.words275" starttime="797.98" endtime="798.32">buttons</w>
   <w nite:id="ES2004a.A.words276" starttime="798.32" endtime="798.65">and</w>
   <w nite:id="ES2004a.A.words277" starttime="798.65" endtime="798.81">make</w>
   <w nite:id="ES2004a.A.words278" starttime="798.81" endtime="798.93">it</w>
   <w nite:id="ES2004a.A.words279" starttime="798.93" endtime="799.45">complicated</w>
   <w nite:id="ES2004a.A.words280" starttime="799.45" endtime="799.55">for</w>
   <w nite:id="ES2004a.A.words281" starttime="799.55" endtime="799.64">the</w>
   <w nite:id="ES2004a.A.words282" starttime="799.64" endtime="800.57">user</w>
   <w nite:id="ES2004a.A.words283" starttime="800.57" endtime="800.57" punc="true">,</w>
   <w nite:id="ES2004a.A.words284" starttime="800.57" endtime="800.7">may</w>
   <w nite:id="ES2004a.A.words285" starttime="800.7" endtime="800.83" trunc="true">h</w>
   <w nite:id="ES2004a.A.words286" starttime="800.83" endtime="801.09">maybe</w>
   <w nite:id="ES2004a.A.words287" starttime="801.09" endtime="801.24">have</w>
   <w nite:id="ES2004a.A.words288" starttime="801.24" endtime="801.38">an</w>
   <w nite:id="ES2004a.A.words289" starttime="801.38" endtime="801.72">L_C_D_</w>
   <w nite:id="ES2004a.A.words290" starttime="801.72" endtime="801.92" trunc="true">di</w>
   <w nite:id="ES2004a.A.words291" starttime="801.92" endtime="802.24">display</w>
   <w nite:id="ES2004a.A.words292" starttime="802.24" endtime="802.3">or</w>
   <w nite:id="ES2004a.A.words293" starttime="802.3" endtime="802.57">something</w>
   <w nite:id="ES2004a.A.words294" starttime="802.57" endtime="802.68">like</w>
   <w nite:id="ES2004a.A.words295" starttime="802.68" endtime="802.9">that</w>
   <w nite:id="ES2004a.A.words296" starttime="802.9" endtime="802.9" punc="true">,</w>
   <w nite:id="ES2004a.A.words297" starttime="802.9" endtime="803.02">like</w>
   <w nite:id="ES2004a.A.words298" starttime="803.02" endtime="803.07">a</w>
   <w nite:id="ES2004a.A.words299" starttime="803.07" endtime="804.35">mobile</w>
   <w nite:id="ES2004a.A.words300" starttime="804.35" endtime="804.35" punc="true">,</w>
   <w nite:id="ES2004a.A.words301" starttime="804.35" endtime="804.48">yeah</w>
   <w nite:id="ES2004a.A.words302" starttime="804.48" endtime="804.82">and</w>
   <w nite:id="ES2004a.A.words303" starttime="804.82" endtime="804.97">with</w>
   <w nite:id="ES2004a.A.words304" starttime="804.97" endtime="806.03">menus</w>
   <w nite:id="ES2004a.A.words305" starttime="806.03" endtime="806.03" punc="true">.</w>
   <w nite:id="ES2004a.A.words306" starttime="806.03" endtime="806.2">And</w>
   <w nite:id="ES2004a.A.words307" starttime="806.2" endtime="806.31">if</w>
   <w nite:id="ES2004a.A.words308" starttime="806.31" endtime="806.49">it&#39;s</w>
   <w nite:id="ES2004a.A.words309" starttime="806.49" endtime="806.68" trunc="true">s</w>
   <w nite:id="ES2004a.A.words310" starttime="806.68" endtime="806.96">somewhat</w>
   <w nite:id="ES2004a.A.words311" starttime="806.96" endtime="807.31">similar</w>
   <w nite:id="ES2004a.A.words312" starttime="807.31" endtime="807.4">to</w>
   <w nite:id="ES2004a.A.words313" starttime="807.4" endtime="807.57">what</w>
   <w nite:id="ES2004a.A.words314" starttime="807.57" endtime="807.68">you</w>
   <w nite:id="ES2004a.A.words315" starttime="807.68" endtime="807.81">have</w>
   <w nite:id="ES2004a.A.words316" starttime="807.81" endtime="807.89">on</w>
   <w nite:id="ES2004a.A.words317" starttime="807.89" endtime="808.19">mobile</w>
   <w nite:id="ES2004a.A.words318" starttime="808.19" endtime="808.4">phone</w>
   <w nite:id="ES2004a.A.words319" starttime="808.4" endtime="808.4" punc="true">,</w>
   <w nite:id="ES2004a.A.words320" starttime="808.4" endtime="808.64">people</w>
   <w nite:id="ES2004a.A.words321" starttime="808.64" endtime="808.83">might</w>
   <w nite:id="ES2004a.A.words322" starttime="808.83" endtime="809.08">find</w>
   <w nite:id="ES2004a.A.words323" starttime="809.08" endtime="809.2">it</w>
   <w nite:id="ES2004a.A.words324" starttime="809.2" endtime="809.5">easier</w>
   <w nite:id="ES2004a.A.words325" starttime="809.5" endtime="809.64">to</w>
   <w nite:id="ES2004a.A.words326" starttime="809.64" endtime="809.95">browse</w>
   <w nite:id="ES2004a.A.words327" starttime="809.95" endtime="810.2">and</w>
   <w nite:id="ES2004a.A.words328" starttime="810.2" endtime="810.65">navigate</w>
   <w nite:id="ES2004a.A.words329" starttime="810.65" endtime="811.8">also</w>
   <w nite:id="ES2004a.A.words330" starttime="811.8" endtime="812.03">maybe</w>
   <w nite:id="ES2004a.A.words331" starttime="812.03" endtime="812.03" punc="true">.</w>
   <vocalsound nite:id="ES2004a.A.words332" starttime="815.216" endtime="815.216" type="laugh"/>
   <w nite:id="ES2004a.A.words333" starttime="816.27" endtime="816.41">You</w>
   <w nite:id="ES2004a.A.words334" starttime="816.41" endtime="816.52">mean</w>
   <w nite:id="ES2004a.A.words335" starttime="816.52" endtime="816.59">to</w>
   <w nite:id="ES2004a.A.words336" starttime="816.59" endtime="816.84">save</w>
   <w nite:id="ES2004a.A.words337" starttime="816.84" endtime="817.31">it</w>
   <w nite:id="ES2004a.A.words338" starttime="817.31" endtime="817.92">lesser</w>
   <w nite:id="ES2004a.A.words339" starttime="817.92" endtime="818.96">number</w>
   <w nite:id="ES2004a.A.words340" starttime="818.96" endtime="818.96" punc="true">.</w>
   <w nite:id="ES2004a.A.words341" starttime="826.06" endtime="826.35">Right</w>
   <w nite:id="ES2004a.A.words342" starttime="826.35" endtime="826.35" punc="true">.</w>
   <w nite:id="ES2004a.A.words343" starttime="863.21" endtime="863.53">Mm-hmm</w>
   <w nite:id="ES2004a.A.words344" starttime="863.53" endtime="863.53" punc="true">.</w>
   <w nite:id="ES2004a.A.words345" starttime="905.32" endtime="905.7">Okay</w>
   <w nite:id="ES2004a.A.words346" starttime="905.7" endtime="905.7" punc="true">.</w>
   <w nite:id="ES2004a.A.words347" starttime="946.04" endtime="946.16">Mm</w>
   <w nite:id="ES2004a.A.words348" starttime="946.16" endtime="946.16" punc="true">,</w>
   <w nite:id="ES2004a.A.words349" starttime="946.16" endtime="946.66">okay</w>
   <w nite:id="ES2004a.A.words350" starttime="946.66" endtime="946.66" punc="true">.</w>
   <w nite:id="ES2004a.A.words351" starttime="948.6" endtime="949.09" trunc="true">S</w>
   <w nite:id="ES2004a.A.words352" starttime="950.91" endtime="951.11">It</w>
   <w nite:id="ES2004a.A.words353" starttime="951.11" endtime="952.68">might</w>
   <w nite:id="ES2004a.A.words354" starttime="952.68" endtime="952.85">it</w>
   <w nite:id="ES2004a.A.words355" starttime="952.85" endtime="953.06">might</w>
   <w nite:id="ES2004a.A.words356" starttime="953.06" endtime="953.35">save</w>
   <w nite:id="ES2004a.A.words357" starttime="953.35" endtime="953.52">a</w>
   <w nite:id="ES2004a.A.words358" starttime="953.52" endtime="953.83" trunc="true">b</w>
   <w nite:id="ES2004a.A.words359" starttime="953.83" endtime="953.96">bit</w>
   <w nite:id="ES2004a.A.words360" starttime="953.96" endtime="954.04">of</w>
   <w nite:id="ES2004a.A.words361" starttime="954.04" endtime="954.37">space</w>
   <w nite:id="ES2004a.A.words362" starttime="954.37" endtime="954.37" punc="true">,</w>
   <w nite:id="ES2004a.A.words363" starttime="954.37" endtime="954.54">it&#39;s</w>
   <w nite:id="ES2004a.A.words364" starttime="954.54" endtime="954.75" trunc="true">i</w>
   <w nite:id="ES2004a.A.words365" starttime="954.75" endtime="955.05">instead</w>
   <w nite:id="ES2004a.A.words366" starttime="955.05" endtime="955.11">of</w>
   <w nite:id="ES2004a.A.words367" starttime="955.11" endtime="955.34">looking</w>
   <w nite:id="ES2004a.A.words368" starttime="955.34" endtime="955.74">bulky</w>
   <w nite:id="ES2004a.A.words369" starttime="955.74" endtime="955.74" punc="true">,</w>
   <w nite:id="ES2004a.A.words370" starttime="955.74" endtime="955.85">it</w>
   <w nite:id="ES2004a.A.words371" starttime="955.85" endtime="956.02">might</w>
   <w nite:id="ES2004a.A.words372" starttime="956.02" endtime="956.14">look</w>
   <w nite:id="ES2004a.A.words373" starttime="956.14" endtime="957.38">small</w>
   <w nite:id="ES2004a.A.words374" starttime="957.38" endtime="957.38" punc="true">.</w>
   <w nite:id="ES2004a.A.words375" starttime="957.38" endtime="957.64">But</w>
   <w nite:id="ES2004a.A.words376" starttime="957.64" endtime="957.8">it</w>
   <w nite:id="ES2004a.A.words377" starttime="957.8" endtime="957.95">might</w>
   <w nite:id="ES2004a.A.words378" starttime="957.95" endtime="958.12">have</w>
   <w nite:id="ES2004a.A.words379" starttime="958.12" endtime="958.42">its</w>
   <w nite:id="ES2004a.A.words380" starttime="958.42" endtime="958.65">cost</w>
   <w nite:id="ES2004a.A.words381" starttime="958.65" endtime="959.24">implications</w>
   <w nite:id="ES2004a.A.words382" starttime="959.24" endtime="959.24" punc="true">.</w>
   <w nite:id="ES2004a.A.words383" starttime="966.22" endtime="966.48">Right</w>
   <w nite:id="ES2004a.A.words384" starttime="966.48" endtime="966.48" punc="true">.</w>
   <w nite:id="ES2004a.A.words385" starttime="1005.79" endtime="1006.25">Okay</w>
   <w nite:id="ES2004a.A.words386" starttime="1006.25" endtime="1006.25" punc="true">.</w>
   <w nite:id="ES2004a.A.words387" starttime="1048.05" endtime="1048.15">Mm</w>
   <w nite:id="ES2004a.A.words388" starttime="1048.15" endtime="1048.15" punc="true">,</w>
   <w nite:id="ES2004a.A.words389" starttime="1048.15" endtime="1048.38">yeah</w>
   <w nite:id="ES2004a.A.words390" starttime="1048.38" endtime="1048.38" punc="true">.</w>
</nite:root>