<?xml version="1.0" encoding="ISO-8859-1" standalone="yes"?>
<nite:root nite:id="ES2012c.D.words" xmlns:nite="http://nite.sourceforge.net/">
   <vocalsound nite:id="ES2012c.D.words0" starttime="652.075" endtime="652.075" type="other"/>
   <w nite:id="ES2012c.D.words1" starttime="652.36" endtime="652.62">Also</w>
   <w nite:id="ES2012c.D.words2" starttime="652.62" endtime="652.86">lots</w>
   <w nite:id="ES2012c.D.words3" starttime="652.86" endtime="652.92">of</w>
   <w nite:id="ES2012c.D.words4" starttime="652.92" endtime="653.11">mobile</w>
   <w nite:id="ES2012c.D.words5" starttime="653.11" endtime="653.31">phones</w>
   <w nite:id="ES2012c.D.words6" starttime="653.31" endtime="653.43">have</w>
   <w nite:id="ES2012c.D.words7" starttime="653.43" endtime="653.52">got</w>
   <w nite:id="ES2012c.D.words8" starttime="653.52" endtime="653.56">a</w>
   <w nite:id="ES2012c.D.words9" starttime="653.56" endtime="653.79">lot</w>
   <w nite:id="ES2012c.D.words10" starttime="653.79" endtime="653.85">of</w>
   <w nite:id="ES2012c.D.words11" starttime="653.85" endtime="654.3">technology</w>
   <w nite:id="ES2012c.D.words12" starttime="654.3" endtime="654.38">in</w>
   <w nite:id="ES2012c.D.words13" starttime="654.38" endtime="654.68">them</w>
   <w nite:id="ES2012c.D.words14" starttime="654.68" endtime="654.68" punc="true">,</w>
   <w nite:id="ES2012c.D.words15" starttime="654.68" endtime="654.86">not</w>
   <w nite:id="ES2012c.D.words16" starttime="654.86" endtime="655.22">just</w>
   <w nite:id="ES2012c.D.words17" starttime="655.22" endtime="655.45">that</w>
   <w nite:id="ES2012c.D.words18" starttime="655.45" endtime="655.45" punc="true">,</w>
   <w nite:id="ES2012c.D.words19" starttime="655.45" endtime="656.15">so</w>
   <w nite:id="ES2012c.D.words20" starttime="656.15" endtime="656.15" punc="true">.</w>
   <w nite:id="ES2012c.D.words21" starttime="702.09" endtime="702.4">Would</w>
   <disfmarker nite:id="ES2012c.D.words22" starttime="702.4" endtime="702.484"/>
   <w nite:id="ES2012c.D.words23" starttime="704.37" endtime="704.61">Oh</w>
   <w nite:id="ES2012c.D.words24" starttime="704.61" endtime="704.64">I</w>
   <w nite:id="ES2012c.D.words25" starttime="704.64" endtime="704.74">was</w>
   <w nite:id="ES2012c.D.words26" starttime="704.74" endtime="704.87">just</w>
   <w nite:id="ES2012c.D.words27" starttime="704.87" endtime="705.01">gonna</w>
   <w nite:id="ES2012c.D.words28" starttime="705.01" endtime="705.13">say</w>
   <w nite:id="ES2012c.D.words29" starttime="705.13" endtime="705.36" trunc="true">mayb</w>
   <w nite:id="ES2012c.D.words30" starttime="705.36" endtime="705.64">maybe</w>
   <w nite:id="ES2012c.D.words31" starttime="705.64" endtime="705.79">it</w>
   <w nite:id="ES2012c.D.words32" starttime="705.79" endtime="705.85" trunc="true">sh</w>
   <w nite:id="ES2012c.D.words33" starttime="706.82" endtime="707.17">like</w>
   <w nite:id="ES2012c.D.words34" starttime="707.17" endtime="707.37">um</w>
   <disfmarker nite:id="ES2012c.D.words35" starttime="707.37" endtime="707.408"/>
   <w nite:id="ES2012c.D.words36" starttime="708.93" endtime="709.09">maybe</w>
   <w nite:id="ES2012c.D.words37" starttime="709.09" endtime="709.17">we</w>
   <w nite:id="ES2012c.D.words38" starttime="709.17" endtime="709.32">can</w>
   <w nite:id="ES2012c.D.words39" starttime="709.32" endtime="709.61">like</w>
   <w nite:id="ES2012c.D.words40" starttime="709.61" endtime="709.81">cut</w>
   <w nite:id="ES2012c.D.words41" starttime="709.81" endtime="710.16">corners</w>
   <w nite:id="ES2012c.D.words42" starttime="710.16" endtime="710.38">somewhere</w>
   <w nite:id="ES2012c.D.words43" starttime="710.38" endtime="710.53">else</w>
   <w nite:id="ES2012c.D.words44" starttime="710.53" endtime="710.63">to</w>
   <w nite:id="ES2012c.D.words45" starttime="710.63" endtime="710.83">bring</w>
   <w nite:id="ES2012c.D.words46" starttime="710.83" endtime="711.14">in</w>
   <w nite:id="ES2012c.D.words47" starttime="711.14" endtime="711.38">over</w>
   <w nite:id="ES2012c.D.words48" starttime="711.38" endtime="711.76">cost</w>
   <w nite:id="ES2012c.D.words49" starttime="711.76" endtime="711.76" punc="true">.</w>
   <w nite:id="ES2012c.D.words50" starttime="863.9" endtime="864.1">Uh</w>
   <w nite:id="ES2012c.D.words51" starttime="864.1" endtime="864.3">yeah</w>
   <w nite:id="ES2012c.D.words52" starttime="864.3" endtime="864.3" punc="true">,</w>
   <gap nite:id="ES2012c.D.words53" starttime="864.3" endtime="864.3"/>
   <w nite:id="ES2012c.D.words54" starttime="864.3" endtime="864.48">it&#39;s</w>
   <w nite:id="ES2012c.D.words55" starttime="864.48" endtime="865.51">the</w>
   <w nite:id="ES2012c.D.words56" starttime="865.51" endtime="865.97">second</w>
   <w nite:id="ES2012c.D.words57" starttime="865.97" endtime="866.14">most</w>
   <w nite:id="ES2012c.D.words58" starttime="866.14" endtime="866.49">important</w>
   <w nite:id="ES2012c.D.words59" starttime="866.49" endtime="866.84">aspect</w>
   <w nite:id="ES2012c.D.words60" starttime="866.84" endtime="866.96">to</w>
   <w nite:id="ES2012c.D.words61" starttime="866.96" endtime="867.43">users</w>
   <w nite:id="ES2012c.D.words62" starttime="867.43" endtime="868.0">that</w>
   <w nite:id="ES2012c.D.words63" starttime="868.0" endtime="868.16">the</w>
   <w nite:id="ES2012c.D.words64" starttime="868.16" endtime="868.52">device</w>
   <w nite:id="ES2012c.D.words65" starttime="868.52" endtime="868.69">should</w>
   <w nite:id="ES2012c.D.words66" starttime="868.69" endtime="868.79">be</w>
   <w nite:id="ES2012c.D.words67" starttime="868.79" endtime="869.65">technologically</w>
   <w nite:id="ES2012c.D.words68" starttime="869.65" endtime="870.05">innovative</w>
   <w nite:id="ES2012c.D.words69" starttime="870.05" endtime="870.05" punc="true">.</w>
   <w nite:id="ES2012c.D.words70" starttime="871.99" endtime="872.24">From</w>
   <w nite:id="ES2012c.D.words71" starttime="872.24" endtime="872.48">uh</w>
   <w nite:id="ES2012c.D.words72" starttime="872.48" endtime="872.62">my</w>
   <w nite:id="ES2012c.D.words73" starttime="872.62" endtime="873.19">presentation</w>
   <w nite:id="ES2012c.D.words74" starttime="873.19" endtime="873.66">show</w>
   <w nite:id="ES2012c.D.words75" starttime="873.66" endtime="873.66" punc="true">,</w>
   <w nite:id="ES2012c.D.words76" starttime="873.66" endtime="874.74">so</w>
   <w nite:id="ES2012c.D.words77" starttime="874.74" endtime="874.74" punc="true">.</w>
   <w nite:id="ES2012c.D.words78" starttime="874.74" endtime="875.03">Uh</w>
   <w nite:id="ES2012c.D.words79" starttime="875.03" endtime="875.76">technologically</w>
   <w nite:id="ES2012c.D.words80" starttime="875.76" endtime="876.27">innovative</w>
   <w nite:id="ES2012c.D.words81" starttime="876.27" endtime="876.27" punc="true">.</w>
   <w nite:id="ES2012c.D.words82" starttime="1018.94" endtime="1019.16">Mm</w>
   <w nite:id="ES2012c.D.words83" starttime="1019.16" endtime="1019.16" punc="true">.</w>
   <w nite:id="ES2012c.D.words84" starttime="1065.75" endtime="1066.3">Well</w>
   <w nite:id="ES2012c.D.words85" starttime="1066.3" endtime="1066.3" punc="true">,</w>
   <w nite:id="ES2012c.D.words86" starttime="1066.3" endtime="1066.46">if</w>
   <w nite:id="ES2012c.D.words87" starttime="1066.46" endtime="1066.54">you</w>
   <w nite:id="ES2012c.D.words88" starttime="1066.54" endtime="1066.65" trunc="true">g</w>
   <w nite:id="ES2012c.D.words89" starttime="1066.65" endtime="1066.75">if</w>
   <w nite:id="ES2012c.D.words90" starttime="1066.75" endtime="1066.97">you</w>
   <w nite:id="ES2012c.D.words91" starttime="1066.97" endtime="1067.09">if</w>
   <w nite:id="ES2012c.D.words92" starttime="1067.09" endtime="1067.16">you</w>
   <w nite:id="ES2012c.D.words93" starttime="1067.16" endtime="1067.3">got</w>
   <w nite:id="ES2012c.D.words94" starttime="1067.3" endtime="1067.37">a</w>
   <w nite:id="ES2012c.D.words95" starttime="1067.37" endtime="1067.74">channel</w>
   <w nite:id="ES2012c.D.words96" starttime="1067.74" endtime="1067.93">up</w>
   <w nite:id="ES2012c.D.words97" starttime="1067.93" endtime="1068.22">down</w>
   <w nite:id="ES2012c.D.words98" starttime="1068.22" endtime="1068.22" punc="true">,</w>
   <w nite:id="ES2012c.D.words99" starttime="1068.22" endtime="1068.3">we</w>
   <w nite:id="ES2012c.D.words100" starttime="1068.3" endtime="1068.39">can</w>
   <w nite:id="ES2012c.D.words101" starttime="1068.39" endtime="1068.48">have</w>
   <w nite:id="ES2012c.D.words102" starttime="1068.48" endtime="1068.54">a</w>
   <w nite:id="ES2012c.D.words103" starttime="1068.54" endtime="1068.92">slider</w>
   <w nite:id="ES2012c.D.words104" starttime="1068.92" endtime="1069.0">in</w>
   <w nite:id="ES2012c.D.words105" starttime="1069.0" endtime="1069.17">that</w>
   <w nite:id="ES2012c.D.words106" starttime="1069.17" endtime="1069.32">as</w>
   <w nite:id="ES2012c.D.words107" starttime="1069.32" endtime="1069.97">well</w>
   <w nite:id="ES2012c.D.words108" starttime="1069.97" endtime="1069.97" punc="true">.</w>
   <w nite:id="ES2012c.D.words109" starttime="1069.97" endtime="1070.26">Because</w>
   <w nite:id="ES2012c.D.words110" starttime="1070.26" endtime="1070.34">if</w>
   <w nite:id="ES2012c.D.words111" starttime="1070.34" endtime="1070.45">it</w>
   <disfmarker nite:id="ES2012c.D.words112" starttime="1070.45" endtime="1070.45"/>
   <w nite:id="ES2012c.D.words113" starttime="1070.45" endtime="1070.66">if</w>
   <w nite:id="ES2012c.D.words114" starttime="1070.66" endtime="1070.87">you</w>
   <w nite:id="ES2012c.D.words115" starttime="1070.87" endtime="1071.14" trunc="true">no</w>
   <w nite:id="ES2012c.D.words116" starttime="1071.14" endtime="1071.26">if</w>
   <w nite:id="ES2012c.D.words117" starttime="1071.26" endtime="1071.32">you</w>
   <w nite:id="ES2012c.D.words118" starttime="1071.32" endtime="1071.57">notice</w>
   <w nite:id="ES2012c.D.words119" starttime="1071.57" endtime="1071.63">on</w>
   <w nite:id="ES2012c.D.words120" starttime="1071.63" endtime="1071.72">the</w>
   <w nite:id="ES2012c.D.words121" starttime="1071.72" endtime="1071.86">thing</w>
   <w nite:id="ES2012c.D.words122" starttime="1071.86" endtime="1071.97">it</w>
   <w nite:id="ES2012c.D.words123" starttime="1071.97" endtime="1072.29">it</w>
   <w nite:id="ES2012c.D.words124" starttime="1072.29" endtime="1072.48">kind</w>
   <w nite:id="ES2012c.D.words125" starttime="1072.48" endtime="1072.6">of</w>
   <w nite:id="ES2012c.D.words126" starttime="1072.6" endtime="1072.75">like</w>
   <w nite:id="ES2012c.D.words127" starttime="1072.75" endtime="1072.89">has</w>
   <w nite:id="ES2012c.D.words128" starttime="1072.89" endtime="1073.1">got</w>
   <w nite:id="ES2012c.D.words129" starttime="1073.1" endtime="1073.25">kind</w>
   <w nite:id="ES2012c.D.words130" starttime="1073.25" endtime="1074.28">of</w>
   <disfmarker nite:id="ES2012c.D.words131" starttime="1074.28" endtime="1074.28"/>
   <w nite:id="ES2012c.D.words132" starttime="1074.28" endtime="1074.4">if</w>
   <w nite:id="ES2012c.D.words133" starttime="1074.4" endtime="1075.39">you</w>
   <w nite:id="ES2012c.D.words134" starttime="1075.39" endtime="1075.5">you</w>
   <w nite:id="ES2012c.D.words135" starttime="1075.5" endtime="1075.6">know</w>
   <w nite:id="ES2012c.D.words136" starttime="1075.6" endtime="1075.69">it</w>
   <w nite:id="ES2012c.D.words137" starttime="1075.69" endtime="1075.97" trunc="true">s</w>
   <w nite:id="ES2012c.D.words138" starttime="1075.97" endtime="1076.19">kind</w>
   <w nite:id="ES2012c.D.words139" starttime="1076.19" endtime="1076.29">of</w>
   <w nite:id="ES2012c.D.words140" starttime="1076.29" endtime="1076.52">like</w>
   <w nite:id="ES2012c.D.words141" starttime="1076.52" endtime="1077.46">sticks</w>
   <w nite:id="ES2012c.D.words142" starttime="1077.46" endtime="1077.46" punc="true">,</w>
   <w nite:id="ES2012c.D.words143" starttime="1077.46" endtime="1077.52">if</w>
   <w nite:id="ES2012c.D.words144" starttime="1077.52" endtime="1077.63">you</w>
   <w nite:id="ES2012c.D.words145" starttime="1077.63" endtime="1077.7">know</w>
   <w nite:id="ES2012c.D.words146" starttime="1077.7" endtime="1077.79">what</w>
   <w nite:id="ES2012c.D.words147" starttime="1077.79" endtime="1077.82">I</w>
   <w nite:id="ES2012c.D.words148" starttime="1077.82" endtime="1078.12">mean</w>
   <w nite:id="ES2012c.D.words149" starttime="1078.12" endtime="1078.12" punc="true">,</w>
   <w nite:id="ES2012c.D.words150" starttime="1078.12" endtime="1078.39">up</w>
   <w nite:id="ES2012c.D.words151" starttime="1078.39" endtime="1078.63">like</w>
   <w nite:id="ES2012c.D.words152" starttime="1078.63" endtime="1079.1">one</w>
   <w nite:id="ES2012c.D.words153" starttime="1079.1" endtime="1079.43">unit</w>
   <w nite:id="ES2012c.D.words154" starttime="1079.43" endtime="1079.43" punc="true">,</w>
   <w nite:id="ES2012c.D.words155" starttime="1079.43" endtime="1079.49">if</w>
   <w nite:id="ES2012c.D.words156" starttime="1079.49" endtime="1079.62">you</w>
   <w nite:id="ES2012c.D.words157" starttime="1079.62" endtime="1079.75">see</w>
   <w nite:id="ES2012c.D.words158" starttime="1079.75" endtime="1080.08">what</w>
   <w nite:id="ES2012c.D.words159" starttime="1080.08" endtime="1080.2">I</w>
   <w nite:id="ES2012c.D.words160" starttime="1080.2" endtime="1080.72">mean</w>
   <w nite:id="ES2012c.D.words161" starttime="1080.72" endtime="1080.72" punc="true">.</w>
   <w nite:id="ES2012c.D.words162" starttime="1080.72" endtime="1080.82">So</w>
   <w nite:id="ES2012c.D.words163" starttime="1080.82" endtime="1080.88">it</w>
   <w nite:id="ES2012c.D.words164" starttime="1080.88" endtime="1081.03">kinda</w>
   <w nite:id="ES2012c.D.words165" starttime="1081.03" endtime="1081.19">goes</w>
   <w nite:id="ES2012c.D.words166" starttime="1081.19" endtime="1081.42">up</w>
   <w nite:id="ES2012c.D.words167" starttime="1081.42" endtime="1081.61">one</w>
   <w nite:id="ES2012c.D.words168" starttime="1081.61" endtime="1081.61" punc="true">,</w>
   <w nite:id="ES2012c.D.words169" starttime="1081.61" endtime="1081.75">then</w>
   <w nite:id="ES2012c.D.words170" starttime="1081.75" endtime="1081.9" trunc="true">y</w>
   <w nite:id="ES2012c.D.words171" starttime="1081.9" endtime="1082.04">like</w>
   <w nite:id="ES2012c.D.words172" starttime="1082.04" endtime="1082.13">you</w>
   <w nite:id="ES2012c.D.words173" starttime="1082.13" endtime="1082.28">can</w>
   <w nite:id="ES2012c.D.words174" starttime="1082.28" endtime="1082.5">keep</w>
   <w nite:id="ES2012c.D.words175" starttime="1082.5" endtime="1082.69">rolling</w>
   <w nite:id="ES2012c.D.words176" starttime="1082.69" endtime="1082.75">it</w>
   <w nite:id="ES2012c.D.words177" starttime="1082.75" endtime="1083.02">up</w>
   <w nite:id="ES2012c.D.words178" starttime="1083.02" endtime="1083.02" punc="true">,</w>
   <w nite:id="ES2012c.D.words179" starttime="1083.02" endtime="1083.25">but</w>
   <w nite:id="ES2012c.D.words180" starttime="1083.25" endtime="1083.42">it&#39;s</w>
   <w nite:id="ES2012c.D.words181" starttime="1083.42" endtime="1083.59">like</w>
   <w nite:id="ES2012c.D.words182" starttime="1083.59" endtime="1083.79">like</w>
   <w nite:id="ES2012c.D.words183" starttime="1083.79" endtime="1083.91">like</w>
   <w nite:id="ES2012c.D.words184" starttime="1083.91" endtime="1084.03">like</w>
   <w nite:id="ES2012c.D.words185" starttime="1084.03" endtime="1084.11">a</w>
   <w nite:id="ES2012c.D.words186" starttime="1084.11" endtime="1084.27">cog</w>
   <w nite:id="ES2012c.D.words187" starttime="1084.27" endtime="1084.54">or</w>
   <w nite:id="ES2012c.D.words188" starttime="1084.54" endtime="1085.37">something</w>
   <w nite:id="ES2012c.D.words189" starttime="1085.37" endtime="1085.37" punc="true">.</w>
   <w nite:id="ES2012c.D.words190" starttime="1085.37" endtime="1085.5">So</w>
   <w nite:id="ES2012c.D.words191" starttime="1085.5" endtime="1085.58">you</w>
   <w nite:id="ES2012c.D.words192" starttime="1085.58" endtime="1085.79">kinda</w>
   <w nite:id="ES2012c.D.words193" starttime="1085.79" endtime="1085.98">take</w>
   <w nite:id="ES2012c.D.words194" starttime="1085.98" endtime="1086.05">it</w>
   <w nite:id="ES2012c.D.words195" starttime="1086.05" endtime="1086.23">up</w>
   <w nite:id="ES2012c.D.words196" starttime="1086.23" endtime="1086.38">one</w>
   <w nite:id="ES2012c.D.words197" starttime="1086.38" endtime="1086.45">at</w>
   <w nite:id="ES2012c.D.words198" starttime="1086.45" endtime="1086.48">a</w>
   <w nite:id="ES2012c.D.words199" starttime="1086.48" endtime="1086.79">time</w>
   <w nite:id="ES2012c.D.words200" starttime="1086.79" endtime="1086.79" punc="true">.</w>
   <w nite:id="ES2012c.D.words201" starttime="1089.11" endtime="1089.21" trunc="true">D</w>
   <vocalsound nite:id="ES2012c.D.words202" starttime="1098.147" endtime="1098.147" type="other"/>
   <w nite:id="ES2012c.D.words203" starttime="1098.57" endtime="1098.9">Oh</w>
   <w nite:id="ES2012c.D.words204" starttime="1098.9" endtime="1098.9" punc="true">.</w>
   <vocalsound nite:id="ES2012c.D.words205" starttime="1100.513" endtime="1100.513" type="other"/>
   <w nite:id="ES2012c.D.words206" starttime="1100.79" endtime="1101.35">Uh</w>
   <w nite:id="ES2012c.D.words207" starttime="1101.35" endtime="1101.45">you</w>
   <w nite:id="ES2012c.D.words208" starttime="1101.45" endtime="1101.93">could</w>
   <w nite:id="ES2012c.D.words209" starttime="1101.93" endtime="1102.04">you</w>
   <w nite:id="ES2012c.D.words210" starttime="1102.04" endtime="1102.77">could</w>
   <vocalsound nite:id="ES2012c.D.words211" starttime="1102.77" endtime="1102.77" type="other"/>
   <w nite:id="ES2012c.D.words212" starttime="1102.77" endtime="1102.93">as</w>
   <w nite:id="ES2012c.D.words213" starttime="1102.93" endtime="1102.99" trunc="true">l</w>
   <w nite:id="ES2012c.D.words214" starttime="1102.99" endtime="1103.2">as</w>
   <w nite:id="ES2012c.D.words215" starttime="1103.2" endtime="1103.33">like</w>
   <w nite:id="ES2012c.D.words216" starttime="1103.33" endtime="1103.4">a</w>
   <w nite:id="ES2012c.D.words217" starttime="1103.4" endtime="1103.74">mouse</w>
   <w nite:id="ES2012c.D.words218" starttime="1103.74" endtime="1103.9">you</w>
   <w nite:id="ES2012c.D.words219" starttime="1103.9" endtime="1104.14">could</w>
   <disfmarker nite:id="ES2012c.D.words220" starttime="1104.14" endtime="1104.272"/>
   <w nite:id="ES2012c.D.words221" starttime="1111.08" endtime="1111.26">Yeah</w>
   <w nite:id="ES2012c.D.words222" starttime="1111.26" endtime="1111.26" punc="true">,</w>
   <w nite:id="ES2012c.D.words223" starttime="1111.26" endtime="1111.39">like</w>
   <w nite:id="ES2012c.D.words224" starttime="1111.39" endtime="1111.45">the</w>
   <w nite:id="ES2012c.D.words225" starttime="1111.45" endtime="1111.73">shape</w>
   <w nite:id="ES2012c.D.words226" starttime="1111.73" endtime="1111.82">of</w>
   <w nite:id="ES2012c.D.words227" starttime="1111.82" endtime="1111.9">it</w>
   <w nite:id="ES2012c.D.words228" starttime="1111.9" endtime="1112.3">almost</w>
   <w nite:id="ES2012c.D.words229" starttime="1112.3" endtime="1112.43">like</w>
   <w nite:id="ES2012c.D.words230" starttime="1112.43" endtime="1112.48">a</w>
   <w nite:id="ES2012c.D.words231" starttime="1112.48" endtime="1112.71">mouse</w>
   <w nite:id="ES2012c.D.words232" starttime="1112.71" endtime="1112.71" punc="true">,</w>
   <w nite:id="ES2012c.D.words233" starttime="1112.71" endtime="1112.89">with</w>
   <w nite:id="ES2012c.D.words234" starttime="1112.89" endtime="1113.62">a</w>
   <disfmarker nite:id="ES2012c.D.words235" starttime="1113.62" endtime="1113.664"/>
   <w nite:id="ES2012c.D.words236" starttime="1133.44" endtime="1133.55" trunc="true">Dep</w>
   <w nite:id="ES2012c.D.words237" starttime="1134.72" endtime="1134.77">I</w>
   <w nite:id="ES2012c.D.words238" starttime="1134.77" endtime="1135.16">dunno</w>
   <w nite:id="ES2012c.D.words239" starttime="1135.16" endtime="1135.25">if</w>
   <w nite:id="ES2012c.D.words240" starttime="1135.25" endtime="1135.33">it</w>
   <disfmarker nite:id="ES2012c.D.words241" starttime="1135.33" endtime="1135.33"/>
   <w nite:id="ES2012c.D.words242" starttime="1135.33" endtime="1135.64">depending</w>
   <w nite:id="ES2012c.D.words243" starttime="1135.64" endtime="1135.7">on</w>
   <w nite:id="ES2012c.D.words244" starttime="1135.7" endtime="1135.76">the</w>
   <w nite:id="ES2012c.D.words245" starttime="1135.76" endtime="1136.05">final</w>
   <w nite:id="ES2012c.D.words246" starttime="1136.05" endtime="1136.33">shape</w>
   <w nite:id="ES2012c.D.words247" starttime="1136.33" endtime="1136.44">of</w>
   <w nite:id="ES2012c.D.words248" starttime="1136.44" endtime="1137.04">it</w>
   <w nite:id="ES2012c.D.words249" starttime="1137.04" endtime="1137.04" punc="true">,</w>
   <w nite:id="ES2012c.D.words250" starttime="1137.04" endtime="1138.02">&#39;cause</w>
   <w nite:id="ES2012c.D.words251" starttime="1138.02" endtime="1138.16">you</w>
   <w nite:id="ES2012c.D.words252" starttime="1138.16" endtime="1138.3">could</w>
   <w nite:id="ES2012c.D.words253" starttime="1138.3" endtime="1138.46">have</w>
   <w nite:id="ES2012c.D.words254" starttime="1138.46" endtime="1138.91">like</w>
   <w nite:id="ES2012c.D.words255" starttime="1138.91" endtime="1138.91" punc="true">,</w>
   <w nite:id="ES2012c.D.words256" starttime="1138.91" endtime="1138.98">I</w>
   <w nite:id="ES2012c.D.words257" starttime="1138.98" endtime="1139.96">dunno</w>
   <w nite:id="ES2012c.D.words258" starttime="1139.96" endtime="1139.96" punc="true">,</w>
   <gap nite:id="ES2012c.D.words259" starttime="1139.96" endtime="1139.96"/>
   <w nite:id="ES2012c.D.words260" starttime="1139.96" endtime="1140.16">it</w>
   <w nite:id="ES2012c.D.words261" starttime="1140.16" endtime="1140.34">looks</w>
   <w nite:id="ES2012c.D.words262" starttime="1140.34" endtime="1140.45">like</w>
   <w nite:id="ES2012c.D.words263" starttime="1140.45" endtime="1140.55">you</w>
   <w nite:id="ES2012c.D.words264" starttime="1140.55" endtime="1140.67">can</w>
   <w nite:id="ES2012c.D.words265" starttime="1140.67" endtime="1140.78" trunc="true">c</w>
   <w nite:id="ES2012c.D.words266" starttime="1140.78" endtime="1141.1">control</w>
   <w nite:id="ES2012c.D.words267" starttime="1141.1" endtime="1141.26">the</w>
   <w nite:id="ES2012c.D.words268" starttime="1141.26" endtime="1141.5">volume</w>
   <w nite:id="ES2012c.D.words269" starttime="1141.5" endtime="1141.59">with</w>
   <w nite:id="ES2012c.D.words270" starttime="1141.59" endtime="1141.69">your</w>
   <w nite:id="ES2012c.D.words271" starttime="1141.69" endtime="1142.12">thumb</w>
   <w nite:id="ES2012c.D.words272" starttime="1142.12" endtime="1142.12" punc="true">,</w>
   <w nite:id="ES2012c.D.words273" starttime="1142.12" endtime="1142.24">and</w>
   <w nite:id="ES2012c.D.words274" starttime="1142.24" endtime="1142.33">then</w>
   <w nite:id="ES2012c.D.words275" starttime="1142.33" endtime="1142.39">you</w>
   <w nite:id="ES2012c.D.words276" starttime="1142.39" endtime="1142.55">could</w>
   <w nite:id="ES2012c.D.words277" starttime="1142.55" endtime="1142.85">control</w>
   <w nite:id="ES2012c.D.words278" starttime="1142.85" endtime="1142.93">the</w>
   <w nite:id="ES2012c.D.words279" starttime="1142.93" endtime="1143.19">buttons</w>
   <w nite:id="ES2012c.D.words280" starttime="1143.19" endtime="1143.28">with</w>
   <w nite:id="ES2012c.D.words281" starttime="1143.28" endtime="1143.38">your</w>
   <w nite:id="ES2012c.D.words282" starttime="1143.38" endtime="1143.94">fingers</w>
   <w nite:id="ES2012c.D.words283" starttime="1143.94" endtime="1143.94" punc="true">.</w>
   <w nite:id="ES2012c.D.words284" starttime="1154.07" endtime="1154.21">Oh</w>
   <w nite:id="ES2012c.D.words285" starttime="1154.21" endtime="1154.58">yeah</w>
   <w nite:id="ES2012c.D.words286" starttime="1154.58" endtime="1154.58" punc="true">,</w>
   <w nite:id="ES2012c.D.words287" starttime="1154.58" endtime="1154.89">yeah</w>
   <w nite:id="ES2012c.D.words288" starttime="1154.89" endtime="1154.89" punc="true">.</w>
   <vocalsound nite:id="ES2012c.D.words289" starttime="1197.361" endtime="1198.472" type="laugh"/>
   <gap nite:id="ES2012c.D.words290" starttime="1203.76" endtime="1205.808"/>
   <w nite:id="ES2012c.D.words291" starttime="1206.96" endtime="1207.05">Here</w>
   <w nite:id="ES2012c.D.words292" starttime="1207.05" endtime="1207.11">we</w>
   <w nite:id="ES2012c.D.words293" starttime="1207.11" endtime="1208.97">go</w>
   <w nite:id="ES2012c.D.words294" starttime="1208.97" endtime="1208.97" punc="true">.</w>
   <vocalsound nite:id="ES2012c.D.words295" starttime="1208.97" endtime="1208.97" type="other"/>
   <w nite:id="ES2012c.D.words296" starttime="1208.97" endtime="1209.17">Uh</w>
   <w nite:id="ES2012c.D.words297" starttime="1209.17" endtime="1209.52">yeah</w>
   <w nite:id="ES2012c.D.words298" starttime="1209.52" endtime="1209.52" punc="true">,</w>
   <w nite:id="ES2012c.D.words299" starttime="1209.52" endtime="1209.61">this</w>
   <w nite:id="ES2012c.D.words300" starttime="1209.61" endtime="1209.67">is</w>
   <w nite:id="ES2012c.D.words301" starttime="1209.67" endtime="1209.78">my</w>
   <w nite:id="ES2012c.D.words302" starttime="1209.78" endtime="1210.04">report</w>
   <w nite:id="ES2012c.D.words303" starttime="1210.04" endtime="1210.13">on</w>
   <w nite:id="ES2012c.D.words304" starttime="1210.13" endtime="1210.54">trend</w>
   <w nite:id="ES2012c.D.words305" starttime="1210.54" endtime="1212.44">watching</w>
   <w nite:id="ES2012c.D.words306" starttime="1212.44" endtime="1212.44" punc="true">.</w>
   <w nite:id="ES2012c.D.words307" starttime="1212.44" endtime="1213.1">The</w>
   <w nite:id="ES2012c.D.words308" starttime="1213.1" endtime="1213.67">data&#39;s</w>
   <w nite:id="ES2012c.D.words309" starttime="1213.67" endtime="1213.84">come</w>
   <w nite:id="ES2012c.D.words310" starttime="1213.84" endtime="1213.97">off</w>
   <w nite:id="ES2012c.D.words311" starttime="1213.97" endtime="1215.19">internet</w>
   <w nite:id="ES2012c.D.words312" starttime="1215.19" endtime="1216.23">uh</w>
   <w nite:id="ES2012c.D.words313" starttime="1216.23" endtime="1216.37">from</w>
   <w nite:id="ES2012c.D.words314" starttime="1216.37" endtime="1216.81">executive</w>
   <w nite:id="ES2012c.D.words315" starttime="1216.81" endtime="1217.57">summary</w>
   <w nite:id="ES2012c.D.words316" starttime="1217.57" endtime="1217.77">for</w>
   <w nite:id="ES2012c.D.words317" starttime="1217.77" endtime="1218.27">us</w>
   <w nite:id="ES2012c.D.words318" starttime="1218.27" endtime="1218.6">on</w>
   <w nite:id="ES2012c.D.words319" starttime="1218.6" endtime="1218.7">the</w>
   <w nite:id="ES2012c.D.words320" starttime="1218.7" endtime="1219.02">top</w>
   <w nite:id="ES2012c.D.words321" starttime="1219.02" endtime="1219.3">three</w>
   <w nite:id="ES2012c.D.words322" starttime="1219.3" endtime="1219.66">things</w>
   <w nite:id="ES2012c.D.words323" starttime="1219.66" endtime="1219.96">wanted</w>
   <w nite:id="ES2012c.D.words324" starttime="1219.96" endtime="1220.06">by</w>
   <w nite:id="ES2012c.D.words325" starttime="1220.06" endtime="1220.19">the</w>
   <w nite:id="ES2012c.D.words326" starttime="1220.19" endtime="1221.03">consumer</w>
   <w nite:id="ES2012c.D.words327" starttime="1221.03" endtime="1221.03" punc="true">.</w>
   <w nite:id="ES2012c.D.words328" starttime="1221.03" endtime="1221.13">And</w>
   <w nite:id="ES2012c.D.words329" starttime="1221.13" endtime="1221.21">we</w>
   <w nite:id="ES2012c.D.words330" starttime="1221.21" endtime="1221.33">got</w>
   <w nite:id="ES2012c.D.words331" starttime="1221.33" endtime="1221.61">reports</w>
   <w nite:id="ES2012c.D.words332" starttime="1221.61" endtime="1221.85">from</w>
   <w nite:id="ES2012c.D.words333" starttime="1221.85" endtime="1222.11">Paris</w>
   <w nite:id="ES2012c.D.words334" starttime="1222.11" endtime="1222.11" punc="true">,</w>
   <w nite:id="ES2012c.D.words335" starttime="1222.11" endtime="1222.38">Milan</w>
   <w nite:id="ES2012c.D.words336" starttime="1222.38" endtime="1223.48">on</w>
   <w nite:id="ES2012c.D.words337" starttime="1223.48" endtime="1223.66">new</w>
   <w nite:id="ES2012c.D.words338" starttime="1223.66" endtime="1224.29">fashions</w>
   <w nite:id="ES2012c.D.words339" starttime="1224.29" endtime="1224.29" punc="true">.</w>
   <w nite:id="ES2012c.D.words340" starttime="1227.88" endtime="1228.17">And</w>
   <w nite:id="ES2012c.D.words341" starttime="1228.17" endtime="1228.88">uh</w>
   <w nite:id="ES2012c.D.words342" starttime="1230.12" endtime="1230.33">the</w>
   <w nite:id="ES2012c.D.words343" starttime="1230.33" endtime="1230.52">most</w>
   <w nite:id="ES2012c.D.words344" starttime="1230.52" endtime="1230.9">important</w>
   <w nite:id="ES2012c.D.words345" starttime="1230.9" endtime="1231.4">aspect</w>
   <w nite:id="ES2012c.D.words346" starttime="1231.4" endtime="1232.34">is</w>
   <w nite:id="ES2012c.D.words347" starttime="1232.34" endtime="1232.53">the</w>
   <w nite:id="ES2012c.D.words348" starttime="1232.53" endtime="1232.59" trunc="true">l</w>
   <w nite:id="ES2012c.D.words349" starttime="1232.59" endtime="1233.11">the</w>
   <w nite:id="ES2012c.D.words350" starttime="1233.11" endtime="1233.31">look</w>
   <disfmarker nite:id="ES2012c.D.words351" starttime="1233.31" endtime="1233.31"/>
   <w nite:id="ES2012c.D.words352" starttime="1233.31" endtime="1233.44">it</w>
   <w nite:id="ES2012c.D.words353" starttime="1233.44" endtime="1233.62">has</w>
   <w nite:id="ES2012c.D.words354" starttime="1233.62" endtime="1233.74">to</w>
   <w nite:id="ES2012c.D.words355" starttime="1233.74" endtime="1233.87">look</w>
   <w nite:id="ES2012c.D.words356" starttime="1233.87" endtime="1234.25">fancy</w>
   <w nite:id="ES2012c.D.words357" starttime="1234.25" endtime="1234.25" punc="true">,</w>
   <w nite:id="ES2012c.D.words358" starttime="1234.25" endtime="1234.43">look</w>
   <w nite:id="ES2012c.D.words359" starttime="1234.43" endtime="1234.54">and</w>
   <w nite:id="ES2012c.D.words360" starttime="1234.54" endtime="1234.83">feel</w>
   <w nite:id="ES2012c.D.words361" starttime="1236.56" endtime="1236.84">uh</w>
   <w nite:id="ES2012c.D.words362" starttime="1236.84" endtime="1237.16">instead</w>
   <w nite:id="ES2012c.D.words363" starttime="1237.16" endtime="1237.23">of</w>
   <w nite:id="ES2012c.D.words364" starttime="1237.23" endtime="1237.31">the</w>
   <w nite:id="ES2012c.D.words365" starttime="1237.31" endtime="1237.67">current</w>
   <w nite:id="ES2012c.D.words366" starttime="1237.67" endtime="1238.19">functional</w>
   <w nite:id="ES2012c.D.words367" starttime="1238.19" endtime="1238.35">look</w>
   <w nite:id="ES2012c.D.words368" starttime="1238.35" endtime="1238.45">and</w>
   <w nite:id="ES2012c.D.words369" starttime="1238.45" endtime="1239.35">feel</w>
   <w nite:id="ES2012c.D.words370" starttime="1239.35" endtime="1239.35" punc="true">.</w>
   <w nite:id="ES2012c.D.words371" starttime="1239.35" endtime="1239.6">This</w>
   <w nite:id="ES2012c.D.words372" starttime="1239.6" endtime="1239.73">is</w>
   <w nite:id="ES2012c.D.words373" starttime="1239.73" endtime="1239.8">a</w>
   <w nite:id="ES2012c.D.words374" starttime="1239.8" endtime="1240.68" trunc="true">st</w>
   <w nite:id="ES2012c.D.words375" starttime="1240.68" endtime="1240.8">well</w>
   <w nite:id="ES2012c.D.words376" starttime="1240.8" endtime="1240.83">I</w>
   <w nite:id="ES2012c.D.words377" starttime="1240.83" endtime="1240.96">was</w>
   <w nite:id="ES2012c.D.words378" starttime="1240.96" endtime="1241.08">gonna</w>
   <w nite:id="ES2012c.D.words379" starttime="1241.08" endtime="1241.2">say</w>
   <w nite:id="ES2012c.D.words380" starttime="1241.2" endtime="1242.12">yeah</w>
   <w nite:id="ES2012c.D.words381" starttime="1242.12" endtime="1242.43">twice</w>
   <w nite:id="ES2012c.D.words382" starttime="1242.43" endtime="1242.54">as</w>
   <w nite:id="ES2012c.D.words383" starttime="1242.54" endtime="1242.95">important</w>
   <w nite:id="ES2012c.D.words384" starttime="1242.95" endtime="1243.04">as</w>
   <w nite:id="ES2012c.D.words385" starttime="1243.04" endtime="1243.1">the</w>
   <w nite:id="ES2012c.D.words386" starttime="1243.1" endtime="1243.4">second</w>
   <w nite:id="ES2012c.D.words387" starttime="1243.4" endtime="1243.76">aspect</w>
   <w nite:id="ES2012c.D.words388" starttime="1243.76" endtime="1243.76" punc="true">,</w>
   <w nite:id="ES2012c.D.words389" starttime="1243.76" endtime="1243.89">which</w>
   <w nite:id="ES2012c.D.words390" starttime="1243.89" endtime="1244.05">is</w>
   <w nite:id="ES2012c.D.words391" starttime="1244.05" endtime="1244.12">the</w>
   <w nite:id="ES2012c.D.words392" starttime="1244.12" endtime="1245.17">technologically</w>
   <w nite:id="ES2012c.D.words393" starttime="1245.17" endtime="1245.59" trunc="true">innov</w>
   <w nite:id="ES2012c.D.words394" starttime="1245.59" endtime="1247.34">innovative</w>
   <w nite:id="ES2012c.D.words395" starttime="1247.34" endtime="1247.63">um</w>
   <w nite:id="ES2012c.D.words396" starttime="1247.63" endtime="1247.95">side</w>
   <w nite:id="ES2012c.D.words397" starttime="1247.95" endtime="1248.02">of</w>
   <w nite:id="ES2012c.D.words398" starttime="1248.02" endtime="1249.58">it</w>
   <w nite:id="ES2012c.D.words399" starttime="1249.58" endtime="1249.58" punc="true">.</w>
   <w nite:id="ES2012c.D.words400" starttime="1249.58" endtime="1249.9">So</w>
   <w nite:id="ES2012c.D.words401" starttime="1249.9" endtime="1251.14">uh</w>
   <w nite:id="ES2012c.D.words402" starttime="1251.14" endtime="1251.24">and</w>
   <w nite:id="ES2012c.D.words403" starttime="1251.24" endtime="1251.34">the</w>
   <w nite:id="ES2012c.D.words404" starttime="1251.34" endtime="1251.56">third</w>
   <w nite:id="ES2012c.D.words405" starttime="1251.56" endtime="1251.78">being</w>
   <w nite:id="ES2012c.D.words406" starttime="1251.78" endtime="1251.97">easy</w>
   <w nite:id="ES2012c.D.words407" starttime="1251.97" endtime="1252.08">to</w>
   <w nite:id="ES2012c.D.words408" starttime="1252.08" endtime="1252.59">use</w>
   <w nite:id="ES2012c.D.words409" starttime="1252.59" endtime="1252.7">is</w>
   <w nite:id="ES2012c.D.words410" starttime="1252.7" endtime="1253.01">probably</w>
   <w nite:id="ES2012c.D.words411" starttime="1253.01" endtime="1253.09">a</w>
   <w nite:id="ES2012c.D.words412" starttime="1253.09" endtime="1254.38">given</w>
   <w nite:id="ES2012c.D.words413" starttime="1254.38" endtime="1254.38" punc="true">,</w>
   <w nite:id="ES2012c.D.words414" starttime="1254.38" endtime="1254.53">we</w>
   <w nite:id="ES2012c.D.words415" starttime="1254.53" endtime="1254.74">have</w>
   <w nite:id="ES2012c.D.words416" starttime="1254.74" endtime="1254.8">to</w>
   <w nite:id="ES2012c.D.words417" starttime="1254.8" endtime="1254.95">try</w>
   <w nite:id="ES2012c.D.words418" starttime="1254.95" endtime="1255.04">and</w>
   <w nite:id="ES2012c.D.words419" starttime="1255.04" endtime="1256.42">incorporate</w>
   <w nite:id="ES2012c.D.words420" starttime="1256.42" endtime="1256.42" punc="true">,</w>
   <w nite:id="ES2012c.D.words421" starttime="1256.42" endtime="1256.68">so</w>
   <w nite:id="ES2012c.D.words422" starttime="1256.68" endtime="1256.88">uh</w>
   <disfmarker nite:id="ES2012c.D.words423" starttime="1256.88" endtime="1257.008"/>
   <vocalsound nite:id="ES2012c.D.words424" starttime="1263.741" endtime="1263.741" type="other"/>
   <w nite:id="ES2012c.D.words425" starttime="1264.0" endtime="1264.17">Uh</w>
   <w nite:id="ES2012c.D.words426" starttime="1264.17" endtime="1264.69">exactly</w>
   <w nite:id="ES2012c.D.words427" starttime="1264.69" endtime="1264.69" punc="true">,</w>
   <w nite:id="ES2012c.D.words428" starttime="1264.69" endtime="1264.94">yeah</w>
   <w nite:id="ES2012c.D.words429" starttime="1264.94" endtime="1264.94" punc="true">.</w>
   <vocalsound nite:id="ES2012c.D.words430" starttime="1269.669" endtime="1269.669" type="other"/>
   <w nite:id="ES2012c.D.words431" starttime="1270.37" endtime="1270.46">I</w>
   <w nite:id="ES2012c.D.words432" starttime="1270.46" endtime="1270.95" trunc="true">s</w>
   <w nite:id="ES2012c.D.words433" starttime="1270.95" endtime="1271.16">that</w>
   <w nite:id="ES2012c.D.words434" starttime="1271.16" endtime="1271.22">out</w>
   <w nite:id="ES2012c.D.words435" starttime="1271.22" endtime="1271.4">of</w>
   <w nite:id="ES2012c.D.words436" starttime="1271.4" endtime="1271.98">sequence</w>
   <w nite:id="ES2012c.D.words437" starttime="1271.98" endtime="1271.98" punc="true">?</w>
   <w nite:id="ES2012c.D.words438" starttime="1271.98" endtime="1272.5">Uh</w>
   <w nite:id="ES2012c.D.words439" starttime="1272.5" endtime="1272.69">yeah</w>
   <w nite:id="ES2012c.D.words440" starttime="1272.69" endtime="1272.69" punc="true">,</w>
   <w nite:id="ES2012c.D.words441" starttime="1272.69" endtime="1273.19">sorry</w>
   <w nite:id="ES2012c.D.words442" starttime="1273.19" endtime="1273.19" punc="true">.</w>
   <w nite:id="ES2012c.D.words443" starttime="1273.19" endtime="1273.43">Uh</w>
   <w nite:id="ES2012c.D.words444" starttime="1273.43" endtime="1273.89">yeah</w>
   <w nite:id="ES2012c.D.words445" starttime="1273.89" endtime="1273.89" punc="true">,</w>
   <w nite:id="ES2012c.D.words446" starttime="1273.89" endtime="1274.16">and</w>
   <w nite:id="ES2012c.D.words447" starttime="1274.16" endtime="1274.35">uh</w>
   <w nite:id="ES2012c.D.words448" starttime="1274.35" endtime="1274.58">from</w>
   <w nite:id="ES2012c.D.words449" starttime="1274.58" endtime="1274.67">the</w>
   <w nite:id="ES2012c.D.words450" starttime="1274.67" endtime="1274.95">fashion</w>
   <w nite:id="ES2012c.D.words451" starttime="1274.95" endtime="1275.17">watchers</w>
   <w nite:id="ES2012c.D.words452" starttime="1275.17" endtime="1275.29">from</w>
   <w nite:id="ES2012c.D.words453" starttime="1275.29" endtime="1275.49">Milan</w>
   <w nite:id="ES2012c.D.words454" starttime="1275.49" endtime="1275.65">and</w>
   <w nite:id="ES2012c.D.words455" starttime="1275.65" endtime="1276.03">Paris</w>
   <w nite:id="ES2012c.D.words456" starttime="1276.03" endtime="1276.33">have</w>
   <w nite:id="ES2012c.D.words457" starttime="1276.33" endtime="1276.65">said</w>
   <w nite:id="ES2012c.D.words458" starttime="1276.65" endtime="1276.82">fruit</w>
   <w nite:id="ES2012c.D.words459" starttime="1276.82" endtime="1276.91">and</w>
   <w nite:id="ES2012c.D.words460" starttime="1276.91" endtime="1277.85">vegetables</w>
   <w nite:id="ES2012c.D.words461" starttime="1277.85" endtime="1278.5">are</w>
   <w nite:id="ES2012c.D.words462" starttime="1278.5" endtime="1278.59">an</w>
   <w nite:id="ES2012c.D.words463" starttime="1278.59" endtime="1278.89">important</w>
   <w nite:id="ES2012c.D.words464" starttime="1278.89" endtime="1279.13">theme</w>
   <w nite:id="ES2012c.D.words465" starttime="1279.13" endtime="1279.26">for</w>
   <w nite:id="ES2012c.D.words466" starttime="1279.26" endtime="1279.8">clothes</w>
   <w nite:id="ES2012c.D.words467" starttime="1279.8" endtime="1279.89">and</w>
   <w nite:id="ES2012c.D.words468" starttime="1279.89" endtime="1280.67">furniture</w>
   <w nite:id="ES2012c.D.words469" starttime="1280.67" endtime="1280.91">and</w>
   <w nite:id="ES2012c.D.words470" starttime="1280.91" endtime="1281.2">shoes</w>
   <w nite:id="ES2012c.D.words471" starttime="1281.2" endtime="1281.2" punc="true">,</w>
   <w nite:id="ES2012c.D.words472" starttime="1281.2" endtime="1281.23">et</w>
   <w nite:id="ES2012c.D.words473" starttime="1281.23" endtime="1282.62">cetera</w>
   <w nite:id="ES2012c.D.words474" starttime="1282.62" endtime="1282.62" punc="true">.</w>
   <w nite:id="ES2012c.D.words475" starttime="1282.62" endtime="1282.75">Uh</w>
   <w nite:id="ES2012c.D.words476" starttime="1282.75" endtime="1282.96">sorry</w>
   <w nite:id="ES2012c.D.words477" starttime="1282.96" endtime="1282.96" punc="true">,</w>
   <w nite:id="ES2012c.D.words478" starttime="1282.96" endtime="1283.38">clothes</w>
   <w nite:id="ES2012c.D.words479" starttime="1283.38" endtime="1283.38" punc="true">,</w>
   <w nite:id="ES2012c.D.words480" starttime="1283.38" endtime="1283.69">shoes</w>
   <w nite:id="ES2012c.D.words481" starttime="1283.69" endtime="1283.89">and</w>
   <w nite:id="ES2012c.D.words482" starttime="1283.89" endtime="1284.3">furniture</w>
   <w nite:id="ES2012c.D.words483" starttime="1285.63" endtime="1285.93">and</w>
   <w nite:id="ES2012c.D.words484" starttime="1285.93" endtime="1286.28">uh</w>
   <w nite:id="ES2012c.D.words485" starttime="1287.54" endtime="1287.57">a</w>
   <w nite:id="ES2012c.D.words486" starttime="1287.57" endtime="1287.99">spongy</w>
   <w nite:id="ES2012c.D.words487" starttime="1287.99" endtime="1289.05">material</w>
   <w nite:id="ES2012c.D.words488" starttime="1289.05" endtime="1289.12">to</w>
   <w nite:id="ES2012c.D.words489" starttime="1289.12" endtime="1289.23">be</w>
   <w nite:id="ES2012c.D.words490" starttime="1289.23" endtime="1289.5">used</w>
   <w nite:id="ES2012c.D.words491" starttime="1289.5" endtime="1289.56">on</w>
   <w nite:id="ES2012c.D.words492" starttime="1289.56" endtime="1289.74">the</w>
   <vocalsound nite:id="ES2012c.D.words493" starttime="1289.74" endtime="1289.74" type="laugh"/>
   <w nite:id="ES2012c.D.words494" starttime="1289.74" endtime="1289.85">on</w>
   <w nite:id="ES2012c.D.words495" starttime="1289.85" endtime="1289.96">the</w>
   <w nite:id="ES2012c.D.words496" starttime="1289.96" endtime="1290.46">outside</w>
   <w nite:id="ES2012c.D.words497" starttime="1290.46" endtime="1290.46" punc="true">.</w>
   <vocalsound nite:id="ES2012c.D.words498" starttime="1292.408" endtime="1292.408" type="other"/>
   <w nite:id="ES2012c.D.words499" starttime="1292.99" endtime="1294.16">Yeah</w>
   <w nite:id="ES2012c.D.words500" starttime="1294.16" endtime="1294.16" punc="true">.</w>
   <w nite:id="ES2012c.D.words501" starttime="1294.16" endtime="1294.43">But</w>
   <w nite:id="ES2012c.D.words502" starttime="1294.43" endtime="1294.96">uh</w>
   <w nite:id="ES2012c.D.words503" starttime="1294.96" endtime="1295.04">I</w>
   <w nite:id="ES2012c.D.words504" starttime="1295.04" endtime="1295.14">was</w>
   <w nite:id="ES2012c.D.words505" starttime="1295.14" endtime="1295.32">gonna</w>
   <w nite:id="ES2012c.D.words506" starttime="1295.32" endtime="1295.68">say</w>
   <w nite:id="ES2012c.D.words507" starttime="1295.68" endtime="1296.16">um</w>
   <w nite:id="ES2012c.D.words508" starttime="1296.16" endtime="1296.59">yeah</w>
   <w nite:id="ES2012c.D.words509" starttime="1296.59" endtime="1296.59" punc="true">,</w>
   <w nite:id="ES2012c.D.words510" starttime="1296.59" endtime="1296.8">fruit</w>
   <w nite:id="ES2012c.D.words511" starttime="1296.8" endtime="1296.89">and</w>
   <w nite:id="ES2012c.D.words512" starttime="1296.89" endtime="1297.48">vegetables</w>
   <w nite:id="ES2012c.D.words513" starttime="1297.48" endtime="1297.48" punc="true">,</w>
   <w nite:id="ES2012c.D.words514" starttime="1297.48" endtime="1297.71">uh</w>
   <w nite:id="ES2012c.D.words515" starttime="1297.71" endtime="1298.5">important</w>
   <w nite:id="ES2012c.D.words516" starttime="1298.5" endtime="1299.7">to</w>
   <disfmarker nite:id="ES2012c.D.words517" starttime="1299.7" endtime="1299.7"/>
   <w nite:id="ES2012c.D.words518" starttime="1299.7" endtime="1299.93">this</w>
   <w nite:id="ES2012c.D.words519" starttime="1299.93" endtime="1301.16">year</w>
   <w nite:id="ES2012c.D.words520" starttime="1301.16" endtime="1301.93">um</w>
   <w nite:id="ES2012c.D.words521" starttime="1301.93" endtime="1302.25">important</w>
   <w nite:id="ES2012c.D.words522" starttime="1302.25" endtime="1302.35">to</w>
   <w nite:id="ES2012c.D.words523" starttime="1302.35" endtime="1303.09">furniture</w>
   <w nite:id="ES2012c.D.words524" starttime="1303.09" endtime="1303.09" punc="true">,</w>
   <w nite:id="ES2012c.D.words525" starttime="1303.09" endtime="1303.53">I&#39;m</w>
   <w nite:id="ES2012c.D.words526" starttime="1303.53" endtime="1303.67">just</w>
   <w nite:id="ES2012c.D.words527" starttime="1303.67" endtime="1303.85">gonna</w>
   <w nite:id="ES2012c.D.words528" starttime="1303.85" endtime="1304.21">say</w>
   <w nite:id="ES2012c.D.words529" starttime="1305.61" endtime="1306.53">uh</w>
   <vocalsound nite:id="ES2012c.D.words530" starttime="1306.53" endtime="1306.53" type="other"/>
   <w nite:id="ES2012c.D.words531" starttime="1306.53" endtime="1306.8" trunc="true">f</w>
   <w nite:id="ES2012c.D.words532" starttime="1306.8" endtime="1307.01">like</w>
   <w nite:id="ES2012c.D.words533" starttime="1307.01" endtime="1307.2">it&#39;s</w>
   <w nite:id="ES2012c.D.words534" starttime="1307.2" endtime="1307.35">in</w>
   <disfmarker nite:id="ES2012c.D.words535" starttime="1307.35" endtime="1307.35"/>
   <w nite:id="ES2012c.D.words536" starttime="1307.35" endtime="1307.65">if</w>
   <w nite:id="ES2012c.D.words537" starttime="1307.65" endtime="1307.93">if</w>
   <w nite:id="ES2012c.D.words538" starttime="1307.93" endtime="1308.47">fashion</w>
   <disfmarker nite:id="ES2012c.D.words539" starttime="1308.47" endtime="1308.47"/>
   <w nite:id="ES2012c.D.words540" starttime="1308.47" endtime="1308.71">if</w>
   <w nite:id="ES2012c.D.words541" starttime="1308.71" endtime="1308.8">we&#39;re</w>
   <w nite:id="ES2012c.D.words542" starttime="1308.8" endtime="1308.96">going</w>
   <w nite:id="ES2012c.D.words543" starttime="1308.96" endtime="1309.06">for</w>
   <w nite:id="ES2012c.D.words544" starttime="1309.06" endtime="1309.35">the</w>
   <w nite:id="ES2012c.D.words545" starttime="1309.35" endtime="1309.5">it</w>
   <w nite:id="ES2012c.D.words546" starttime="1309.5" endtime="1309.69">looks</w>
   <w nite:id="ES2012c.D.words547" starttime="1309.69" endtime="1310.05">fancy</w>
   <w nite:id="ES2012c.D.words548" starttime="1310.05" endtime="1310.05" punc="true">,</w>
   <w nite:id="ES2012c.D.words549" starttime="1310.05" endtime="1310.17">then</w>
   <w nite:id="ES2012c.D.words550" starttime="1310.17" endtime="1310.55">fashion</w>
   <w nite:id="ES2012c.D.words551" starttime="1310.55" endtime="1310.66">is</w>
   <w nite:id="ES2012c.D.words552" starttime="1310.66" endtime="1310.92">obviously</w>
   <w nite:id="ES2012c.D.words553" starttime="1310.92" endtime="1310.98">the</w>
   <w nite:id="ES2012c.D.words554" starttime="1310.98" endtime="1311.13">line</w>
   <w nite:id="ES2012c.D.words555" starttime="1311.13" endtime="1311.19">we</w>
   <w nite:id="ES2012c.D.words556" starttime="1311.19" endtime="1311.37">gotta</w>
   <w nite:id="ES2012c.D.words557" starttime="1311.37" endtime="1311.44">be</w>
   <w nite:id="ES2012c.D.words558" starttime="1311.44" endtime="1311.63">going</w>
   <w nite:id="ES2012c.D.words559" starttime="1311.63" endtime="1312.95">through</w>
   <w nite:id="ES2012c.D.words560" starttime="1312.95" endtime="1312.95" punc="true">.</w>
   <w nite:id="ES2012c.D.words561" starttime="1312.95" endtime="1313.06">But</w>
   <w nite:id="ES2012c.D.words562" starttime="1313.06" endtime="1313.52">fashions</w>
   <w nite:id="ES2012c.D.words563" starttime="1313.52" endtime="1313.77" trunc="true">do</w>
   <w nite:id="ES2012c.D.words564" starttime="1313.77" endtime="1314.15">don&#39;t</w>
   <w nite:id="ES2012c.D.words565" starttime="1314.15" endtime="1314.48">last</w>
   <w nite:id="ES2012c.D.words566" starttime="1314.48" endtime="1314.67">very</w>
   <w nite:id="ES2012c.D.words567" starttime="1314.67" endtime="1315.14">long</w>
   <w nite:id="ES2012c.D.words568" starttime="1315.14" endtime="1315.14" punc="true">.</w>
   <w nite:id="ES2012c.D.words569" starttime="1318.49" endtime="1318.6">Mm</w>
   <w nite:id="ES2012c.D.words570" starttime="1318.6" endtime="1318.6" punc="true">.</w>
   <vocalsound nite:id="ES2012c.D.words571" starttime="1319.916" endtime="1319.916" type="other"/>
   <w nite:id="ES2012c.D.words572" starttime="1320.01" endtime="1320.39">Yeah</w>
   <w nite:id="ES2012c.D.words573" starttime="1320.39" endtime="1320.39" punc="true">.</w>
   <w nite:id="ES2012c.D.words574" starttime="1321.92" endtime="1322.2">Yeah</w>
   <w nite:id="ES2012c.D.words575" starttime="1322.2" endtime="1322.2" punc="true">,</w>
   <w nite:id="ES2012c.D.words576" starttime="1322.2" endtime="1322.27">we</w>
   <w nite:id="ES2012c.D.words577" starttime="1322.27" endtime="1322.38">can</w>
   <w nite:id="ES2012c.D.words578" starttime="1322.38" endtime="1322.5">have</w>
   <w nite:id="ES2012c.D.words579" starttime="1322.5" endtime="1322.57">a</w>
   <w nite:id="ES2012c.D.words580" starttime="1322.57" endtime="1323.13" trunc="true">sp</w>
   <w nite:id="ES2012c.D.words581" starttime="1323.13" endtime="1323.29">like</w>
   <w nite:id="ES2012c.D.words582" starttime="1323.29" endtime="1323.42">a</w>
   <w nite:id="ES2012c.D.words583" starttime="1323.42" endtime="1323.88">spongy</w>
   <w nite:id="ES2012c.D.words584" starttime="1323.88" endtime="1324.15">skin</w>
   <w nite:id="ES2012c.D.words585" starttime="1324.15" endtime="1324.25">on</w>
   <w nite:id="ES2012c.D.words586" starttime="1324.25" endtime="1324.34">it</w>
   <w nite:id="ES2012c.D.words587" starttime="1324.34" endtime="1324.48">and</w>
   <w nite:id="ES2012c.D.words588" starttime="1324.48" endtime="1324.57">then</w>
   <w nite:id="ES2012c.D.words589" starttime="1324.57" endtime="1324.72">we</w>
   <w nite:id="ES2012c.D.words590" starttime="1324.72" endtime="1324.91">can</w>
   <w nite:id="ES2012c.D.words591" starttime="1324.91" endtime="1325.16">just</w>
   <w nite:id="ES2012c.D.words592" starttime="1325.16" endtime="1325.28">whip</w>
   <w nite:id="ES2012c.D.words593" starttime="1325.28" endtime="1325.37">that</w>
   <w nite:id="ES2012c.D.words594" starttime="1325.37" endtime="1325.62">off</w>
   <w nite:id="ES2012c.D.words595" starttime="1325.62" endtime="1325.8">and</w>
   <disfmarker nite:id="ES2012c.D.words596" starttime="1325.8" endtime="1325.961"/>
   <w nite:id="ES2012c.D.words597" starttime="1332.18" endtime="1332.27">A</w>
   <w nite:id="ES2012c.D.words598" starttime="1332.27" endtime="1332.49">kind</w>
   <w nite:id="ES2012c.D.words599" starttime="1332.49" endtime="1332.6">of</w>
   <disfmarker nite:id="ES2012c.D.words600" starttime="1332.6" endtime="1332.6"/>
   <w nite:id="ES2012c.D.words601" starttime="1332.6" endtime="1334.18">yeah</w>
   <w nite:id="ES2012c.D.words602" starttime="1334.18" endtime="1334.18" punc="true">.</w>
   <vocalsound nite:id="ES2012c.D.words603" starttime="1334.18" endtime="1334.18" type="cough"/>
   <w nite:id="ES2012c.D.words604" starttime="1334.18" endtime="1334.27">Oh</w>
   <disfmarker nite:id="ES2012c.D.words605" starttime="1334.27" endtime="1334.525"/>
   <w nite:id="ES2012c.D.words606" starttime="1336.2" endtime="1336.54">Yeah</w>
   <w nite:id="ES2012c.D.words607" starttime="1336.54" endtime="1336.54" punc="true">.</w>
   <vocalsound nite:id="ES2012c.D.words608" starttime="1336.54" endtime="1336.54" type="laugh"/>
   <w nite:id="ES2012c.D.words609" starttime="1336.54" endtime="1336.69">That&#39;s</w>
   <disfmarker nite:id="ES2012c.D.words610" starttime="1336.69" endtime="1336.69"/>
   <w nite:id="ES2012c.D.words611" starttime="1336.69" endtime="1337.02" trunc="true">c</w>
   <w nite:id="ES2012c.D.words612" starttime="1337.02" endtime="1337.36">cool</w>
   <w nite:id="ES2012c.D.words613" starttime="1337.36" endtime="1337.36" punc="true">.</w>
   <w nite:id="ES2012c.D.words614" starttime="1338.86" endtime="1339.9">Um</w>
   <vocalsound nite:id="ES2012c.D.words615" starttime="1339.9" endtime="1339.9" type="other"/>
   <w nite:id="ES2012c.D.words616" starttime="1339.9" endtime="1340.04">you</w>
   <w nite:id="ES2012c.D.words617" starttime="1340.04" endtime="1340.37">have</w>
   <disfmarker nite:id="ES2012c.D.words618" starttime="1340.37" endtime="1340.37"/>
   <w nite:id="ES2012c.D.words619" starttime="1340.37" endtime="1340.46">we</w>
   <w nite:id="ES2012c.D.words620" starttime="1340.46" endtime="1340.63">could</w>
   <disfmarker nite:id="ES2012c.D.words621" starttime="1340.63" endtime="1340.72"/>
   <w nite:id="ES2012c.D.words622" starttime="1341.93" endtime="1342.11">if</w>
   <w nite:id="ES2012c.D.words623" starttime="1342.11" endtime="1342.19">we</w>
   <w nite:id="ES2012c.D.words624" starttime="1342.19" endtime="1342.34">could</w>
   <w nite:id="ES2012c.D.words625" starttime="1342.34" endtime="1343.07">save</w>
   <disfmarker nite:id="ES2012c.D.words626" starttime="1343.07" endtime="1343.07"/>
   <w nite:id="ES2012c.D.words627" starttime="1343.07" endtime="1343.47">depending</w>
   <w nite:id="ES2012c.D.words628" starttime="1343.47" endtime="1343.55">on</w>
   <w nite:id="ES2012c.D.words629" starttime="1343.55" endtime="1343.62">the</w>
   <w nite:id="ES2012c.D.words630" starttime="1343.62" endtime="1343.94">cost</w>
   <w nite:id="ES2012c.D.words631" starttime="1343.94" endtime="1344.0">of</w>
   <w nite:id="ES2012c.D.words632" starttime="1344.0" endtime="1344.1">the</w>
   <w nite:id="ES2012c.D.words633" starttime="1344.1" endtime="1344.54">product</w>
   <w nite:id="ES2012c.D.words634" starttime="1344.54" endtime="1345.45">itself</w>
   <w nite:id="ES2012c.D.words635" starttime="1345.45" endtime="1345.45" punc="true">,</w>
   <w nite:id="ES2012c.D.words636" starttime="1345.45" endtime="1345.56">you</w>
   <w nite:id="ES2012c.D.words637" starttime="1345.56" endtime="1345.67">know</w>
   <w nite:id="ES2012c.D.words638" starttime="1345.67" endtime="1345.67" punc="true">,</w>
   <w nite:id="ES2012c.D.words639" starttime="1345.67" endtime="1345.82">could</w>
   <w nite:id="ES2012c.D.words640" starttime="1345.82" endtime="1346.95">we</w>
   <w nite:id="ES2012c.D.words641" starttime="1346.95" endtime="1347.13">have</w>
   <w nite:id="ES2012c.D.words642" starttime="1347.13" endtime="1347.22">uh</w>
   <w nite:id="ES2012c.D.words643" starttime="1347.22" endtime="1347.62">a</w>
   <w nite:id="ES2012c.D.words644" starttime="1347.62" endtime="1347.9">cheaper</w>
   <w nite:id="ES2012c.D.words645" starttime="1347.9" endtime="1348.21" trunc="true">b</w>
   <w nite:id="ES2012c.D.words646" starttime="1348.21" endtime="1348.44">cheaper</w>
   <w nite:id="ES2012c.D.words647" starttime="1348.44" endtime="1348.72">power</w>
   <w nite:id="ES2012c.D.words648" starttime="1348.72" endtime="1349.06">source</w>
   <w nite:id="ES2012c.D.words649" starttime="1349.06" endtime="1349.16">and</w>
   <w nite:id="ES2012c.D.words650" starttime="1349.16" endtime="1349.29">then</w>
   <w nite:id="ES2012c.D.words651" starttime="1349.29" endtime="1349.55">just</w>
   <w nite:id="ES2012c.D.words652" starttime="1349.55" endtime="1349.75">have</w>
   <w nite:id="ES2012c.D.words653" starttime="1349.75" endtime="1350.37">it</w>
   <w nite:id="ES2012c.D.words654" starttime="1350.37" endtime="1350.77">annually</w>
   <w nite:id="ES2012c.D.words655" starttime="1350.77" endtime="1351.21">renewed</w>
   <w nite:id="ES2012c.D.words656" starttime="1351.21" endtime="1351.21" punc="true">?</w>
   <w nite:id="ES2012c.D.words657" starttime="1352.75" endtime="1353.11">Instead</w>
   <w nite:id="ES2012c.D.words658" starttime="1353.11" endtime="1353.28">of</w>
   <w nite:id="ES2012c.D.words659" starttime="1353.28" endtime="1353.54">having</w>
   <w nite:id="ES2012c.D.words660" starttime="1353.54" endtime="1354.26">a</w>
   <w nite:id="ES2012c.D.words661" starttime="1354.26" endtime="1354.43">ten</w>
   <w nite:id="ES2012c.D.words662" starttime="1354.43" endtime="1354.55">year</w>
   <w nite:id="ES2012c.D.words663" starttime="1354.55" endtime="1355.44">guarantee</w>
   <w nite:id="ES2012c.D.words664" starttime="1355.44" endtime="1355.44" punc="true">?</w>
   <w nite:id="ES2012c.D.words665" starttime="1355.44" endtime="1355.58">With</w>
   <w nite:id="ES2012c.D.words666" starttime="1355.58" endtime="1356.13" mispronounced="true">interchangeable</w>
   <w nite:id="ES2012c.D.words667" starttime="1356.13" endtime="1356.53">covers</w>
   <w nite:id="ES2012c.D.words668" starttime="1356.53" endtime="1356.53" punc="true">,</w>
   <w nite:id="ES2012c.D.words669" starttime="1356.53" endtime="1356.66">could</w>
   <w nite:id="ES2012c.D.words670" starttime="1356.66" endtime="1356.79">just</w>
   <w nite:id="ES2012c.D.words671" starttime="1356.79" endtime="1357.23">buy</w>
   <w nite:id="ES2012c.D.words672" starttime="1357.23" endtime="1357.31">a</w>
   <w nite:id="ES2012c.D.words673" starttime="1357.31" endtime="1357.58">new</w>
   <w nite:id="ES2012c.D.words674" starttime="1357.58" endtime="1357.78">one</w>
   <w nite:id="ES2012c.D.words675" starttime="1357.78" endtime="1357.96">every</w>
   <w nite:id="ES2012c.D.words676" starttime="1357.96" endtime="1358.97">year</w>
   <w nite:id="ES2012c.D.words677" starttime="1358.97" endtime="1358.97" punc="true">,</w>
   <w nite:id="ES2012c.D.words678" starttime="1358.97" endtime="1359.09">a</w>
   <w nite:id="ES2012c.D.words679" starttime="1359.09" endtime="1359.28">new</w>
   <w nite:id="ES2012c.D.words680" starttime="1359.28" endtime="1359.41">one</w>
   <w nite:id="ES2012c.D.words681" starttime="1359.41" endtime="1359.54">when</w>
   <w nite:id="ES2012c.D.words682" starttime="1359.54" endtime="1359.61">new</w>
   <w nite:id="ES2012c.D.words683" starttime="1359.61" endtime="1359.99">fashions</w>
   <w nite:id="ES2012c.D.words684" starttime="1359.99" endtime="1360.14">come</w>
   <w nite:id="ES2012c.D.words685" starttime="1360.14" endtime="1360.27">out</w>
   <w nite:id="ES2012c.D.words686" starttime="1360.27" endtime="1360.27" punc="true">.</w>
   <w nite:id="ES2012c.D.words687" starttime="1378.27" endtime="1378.63">Yeah</w>
   <w nite:id="ES2012c.D.words688" starttime="1378.63" endtime="1378.63" punc="true">.</w>
   <w nite:id="ES2012c.D.words689" starttime="1410.47" endtime="1410.92">Mm-hmm</w>
   <w nite:id="ES2012c.D.words690" starttime="1410.92" endtime="1410.92" punc="true">.</w>
   <w nite:id="ES2012c.D.words691" starttime="1448.06" endtime="1449.18">Or</w>
   <disfmarker nite:id="ES2012c.D.words692" starttime="1449.18" endtime="1449.18"/>
   <w nite:id="ES2012c.D.words693" starttime="1449.18" endtime="1449.35">well</w>
   <w nite:id="ES2012c.D.words694" starttime="1449.35" endtime="1449.35" punc="true">,</w>
   <w nite:id="ES2012c.D.words695" starttime="1449.35" endtime="1449.46">but</w>
   <w nite:id="ES2012c.D.words696" starttime="1449.46" endtime="1449.61">like</w>
   <w nite:id="ES2012c.D.words697" starttime="1449.61" endtime="1450.38">uh</w>
   <w nite:id="ES2012c.D.words698" starttime="1450.38" endtime="1450.92">like</w>
   <w nite:id="ES2012c.D.words699" starttime="1450.92" endtime="1451.18">more</w>
   <w nite:id="ES2012c.D.words700" starttime="1451.18" endtime="1451.34">than</w>
   <w nite:id="ES2012c.D.words701" starttime="1451.34" endtime="1451.99">just</w>
   <w nite:id="ES2012c.D.words702" starttime="1451.99" endtime="1452.08">the</w>
   <w nite:id="ES2012c.D.words703" starttime="1452.08" endtime="1452.87">battery</w>
   <w nite:id="ES2012c.D.words704" starttime="1452.87" endtime="1452.87" punc="true">,</w>
   <w nite:id="ES2012c.D.words705" starttime="1452.87" endtime="1453.14">like</w>
   <w nite:id="ES2012c.D.words706" starttime="1453.14" endtime="1453.19">a</w>
   <w nite:id="ES2012c.D.words707" starttime="1453.19" endtime="1453.6">complete</w>
   <w nite:id="ES2012c.D.words708" starttime="1453.6" endtime="1453.97">different</w>
   <disfmarker nite:id="ES2012c.D.words709" starttime="1453.97" endtime="1453.97"/>
   <w nite:id="ES2012c.D.words710" starttime="1453.97" endtime="1454.4">like</w>
   <w nite:id="ES2012c.D.words711" starttime="1454.4" endtime="1454.53">you&#39;ve</w>
   <w nite:id="ES2012c.D.words712" starttime="1454.53" endtime="1454.68">only</w>
   <w nite:id="ES2012c.D.words713" starttime="1454.68" endtime="1454.83">got</w>
   <w nite:id="ES2012c.D.words714" starttime="1454.83" endtime="1455.68">like</w>
   <w nite:id="ES2012c.D.words715" starttime="1455.68" endtime="1455.68" punc="true">,</w>
   <w nite:id="ES2012c.D.words716" starttime="1455.68" endtime="1455.78">you</w>
   <w nite:id="ES2012c.D.words717" starttime="1455.78" endtime="1455.84">know</w>
   <w nite:id="ES2012c.D.words718" starttime="1455.84" endtime="1456.08">like</w>
   <w nite:id="ES2012c.D.words719" starttime="1456.08" endtime="1456.35" trunc="true">th</w>
   <w nite:id="ES2012c.D.words720" starttime="1456.35" endtime="1457.33">uh</w>
   <w nite:id="ES2012c.D.words721" starttime="1457.33" endtime="1457.52">this</w>
   <w nite:id="ES2012c.D.words722" starttime="1457.52" endtime="1457.75">bit&#39;s</w>
   <w nite:id="ES2012c.D.words723" starttime="1457.75" endtime="1457.83">the</w>
   <w nite:id="ES2012c.D.words724" starttime="1457.83" endtime="1457.94">bit</w>
   <w nite:id="ES2012c.D.words725" starttime="1457.94" endtime="1458.02">you</w>
   <w nite:id="ES2012c.D.words726" starttime="1458.02" endtime="1458.49">keep</w>
   <w nite:id="ES2012c.D.words727" starttime="1458.49" endtime="1458.49" punc="true">,</w>
   <w nite:id="ES2012c.D.words728" starttime="1458.49" endtime="1458.58">and</w>
   <w nite:id="ES2012c.D.words729" starttime="1458.58" endtime="1458.7">this</w>
   <w nite:id="ES2012c.D.words730" starttime="1458.7" endtime="1458.8">is</w>
   <w nite:id="ES2012c.D.words731" starttime="1458.8" endtime="1458.86">the</w>
   <w nite:id="ES2012c.D.words732" starttime="1458.86" endtime="1459.3">expensive</w>
   <w nite:id="ES2012c.D.words733" starttime="1459.3" endtime="1459.46">bit</w>
   <w nite:id="ES2012c.D.words734" starttime="1459.46" endtime="1459.46" punc="true">,</w>
   <w nite:id="ES2012c.D.words735" starttime="1459.46" endtime="1459.62">this</w>
   <w nite:id="ES2012c.D.words736" starttime="1459.62" endtime="1459.73">is</w>
   <w nite:id="ES2012c.D.words737" starttime="1459.73" endtime="1459.88">like</w>
   <w nite:id="ES2012c.D.words738" starttime="1459.88" endtime="1459.94">the</w>
   <w nite:id="ES2012c.D.words739" starttime="1459.94" endtime="1460.33">chip</w>
   <w nite:id="ES2012c.D.words740" starttime="1460.33" endtime="1460.47">and</w>
   <w nite:id="ES2012c.D.words741" starttime="1460.47" endtime="1460.61">this</w>
   <w nite:id="ES2012c.D.words742" starttime="1460.61" endtime="1460.7">is</w>
   <w nite:id="ES2012c.D.words743" starttime="1460.7" endtime="1460.78">the</w>
   <w nite:id="ES2012c.D.words744" starttime="1460.78" endtime="1461.37">microphone</w>
   <w nite:id="ES2012c.D.words745" starttime="1461.37" endtime="1461.37" punc="true">.</w>
   <w nite:id="ES2012c.D.words746" starttime="1461.37" endtime="1461.55">And</w>
   <w nite:id="ES2012c.D.words747" starttime="1461.55" endtime="1461.7">then</w>
   <w nite:id="ES2012c.D.words748" starttime="1461.7" endtime="1461.84">this</w>
   <w nite:id="ES2012c.D.words749" starttime="1461.84" endtime="1461.92">is</w>
   <w nite:id="ES2012c.D.words750" starttime="1461.92" endtime="1461.99">the</w>
   <w nite:id="ES2012c.D.words751" starttime="1461.99" endtime="1462.22">power</w>
   <w nite:id="ES2012c.D.words752" starttime="1462.22" endtime="1462.48">source</w>
   <w nite:id="ES2012c.D.words753" starttime="1462.48" endtime="1462.58">and</w>
   <w nite:id="ES2012c.D.words754" starttime="1462.58" endtime="1463.32">the</w>
   <w nite:id="ES2012c.D.words755" starttime="1463.32" endtime="1463.46">bit</w>
   <w nite:id="ES2012c.D.words756" starttime="1463.46" endtime="1463.7">everyone</w>
   <w nite:id="ES2012c.D.words757" starttime="1463.7" endtime="1464.91">sees</w>
   <w nite:id="ES2012c.D.words758" starttime="1464.91" endtime="1464.91" punc="true">.</w>
   <w nite:id="ES2012c.D.words759" starttime="1464.91" endtime="1465.06">And</w>
   <w nite:id="ES2012c.D.words760" starttime="1465.06" endtime="1465.52">then</w>
   <disfmarker nite:id="ES2012c.D.words761" starttime="1465.52" endtime="1465.664"/>
   <vocalsound nite:id="ES2012c.D.words762" starttime="1473.476" endtime="1473.476" type="other"/>
   <w nite:id="ES2012c.D.words763" starttime="1473.95" endtime="1474.28">Yeah</w>
   <w nite:id="ES2012c.D.words764" starttime="1474.28" endtime="1474.28" punc="true">,</w>
   <w nite:id="ES2012c.D.words765" starttime="1474.28" endtime="1474.36">you</w>
   <w nite:id="ES2012c.D.words766" starttime="1474.36" endtime="1474.7">probably</w>
   <w nite:id="ES2012c.D.words767" starttime="1474.7" endtime="1474.75">are</w>
   <w nite:id="ES2012c.D.words768" starttime="1474.75" endtime="1475.06">right</w>
   <w nite:id="ES2012c.D.words769" starttime="1475.06" endtime="1475.06" punc="true">.</w>
   <w nite:id="ES2012c.D.words770" starttime="1542.9" endtime="1544.17">Um</w>
   <disfmarker nite:id="ES2012c.D.words771" starttime="1544.17" endtime="1544.17"/>
   <w nite:id="ES2012c.D.words772" starttime="1544.17" endtime="1544.35">oh</w>
   <w nite:id="ES2012c.D.words773" starttime="1544.35" endtime="1544.35" punc="true">,</w>
   <w nite:id="ES2012c.D.words774" starttime="1544.35" endtime="1544.5">don&#39;t</w>
   <w nite:id="ES2012c.D.words775" starttime="1544.5" endtime="1544.61">worry</w>
   <w nite:id="ES2012c.D.words776" starttime="1544.61" endtime="1544.73">it&#39;s</w>
   <w nite:id="ES2012c.D.words777" starttime="1544.73" endtime="1544.8">all</w>
   <w nite:id="ES2012c.D.words778" starttime="1544.8" endtime="1544.97">said</w>
   <w nite:id="ES2012c.D.words779" starttime="1544.97" endtime="1544.97" punc="true">,</w>
   <w nite:id="ES2012c.D.words780" starttime="1544.97" endtime="1545.0">I</w>
   <w nite:id="ES2012c.D.words781" starttime="1545.0" endtime="1545.17">was</w>
   <w nite:id="ES2012c.D.words782" starttime="1545.17" endtime="1545.38">just</w>
   <w nite:id="ES2012c.D.words783" starttime="1545.38" endtime="1545.55">gonna</w>
   <w nite:id="ES2012c.D.words784" starttime="1545.55" endtime="1545.61">say</w>
   <w nite:id="ES2012c.D.words785" starttime="1545.61" endtime="1546.59">uh</w>
   <disfmarker nite:id="ES2012c.D.words786" starttime="1546.59" endtime="1546.59"/>
   <w nite:id="ES2012c.D.words787" starttime="1546.59" endtime="1546.86">yeah</w>
   <w nite:id="ES2012c.D.words788" starttime="1546.86" endtime="1546.86" punc="true">,</w>
   <w nite:id="ES2012c.D.words789" starttime="1546.86" endtime="1547.0">are</w>
   <w nite:id="ES2012c.D.words790" starttime="1547.0" endtime="1547.08">we</w>
   <w nite:id="ES2012c.D.words791" starttime="1547.08" endtime="1547.24">gonna</w>
   <w nite:id="ES2012c.D.words792" starttime="1547.24" endtime="1547.42">make</w>
   <w nite:id="ES2012c.D.words793" starttime="1547.42" endtime="1547.6">this</w>
   <w nite:id="ES2012c.D.words794" starttime="1547.6" endtime="1547.67">as</w>
   <w nite:id="ES2012c.D.words795" starttime="1547.67" endtime="1547.96">part</w>
   <w nite:id="ES2012c.D.words796" starttime="1547.96" endtime="1548.1">of</w>
   <w nite:id="ES2012c.D.words797" starttime="1548.1" endtime="1548.39">like</w>
   <w nite:id="ES2012c.D.words798" starttime="1548.39" endtime="1548.61">like</w>
   <w nite:id="ES2012c.D.words799" starttime="1548.61" endtime="1549.33">uh</w>
   <disfmarker nite:id="ES2012c.D.words800" starttime="1549.33" endtime="1549.33"/>
   <w nite:id="ES2012c.D.words801" starttime="1549.33" endtime="1549.36">a</w>
   <w nite:id="ES2012c.D.words802" starttime="1549.36" endtime="1549.63">part</w>
   <w nite:id="ES2012c.D.words803" starttime="1549.63" endtime="1549.76">of</w>
   <w nite:id="ES2012c.D.words804" starttime="1549.76" endtime="1549.83">the</w>
   <w nite:id="ES2012c.D.words805" starttime="1549.83" endtime="1549.88" trunc="true">f</w>
   <w nite:id="ES2012c.D.words806" starttime="1549.88" endtime="1550.05">like</w>
   <w nite:id="ES2012c.D.words807" starttime="1550.05" endtime="1550.2">it</w>
   <w nite:id="ES2012c.D.words808" starttime="1550.2" endtime="1550.45">it</w>
   <disfmarker nite:id="ES2012c.D.words809" starttime="1550.45" endtime="1550.45"/>
   <w nite:id="ES2012c.D.words810" starttime="1550.45" endtime="1550.65">the</w>
   <w nite:id="ES2012c.D.words811" starttime="1550.65" endtime="1551.05">fashions</w>
   <w nite:id="ES2012c.D.words812" starttime="1551.05" endtime="1551.33">apply</w>
   <w nite:id="ES2012c.D.words813" starttime="1551.33" endtime="1551.39">to</w>
   <w nite:id="ES2012c.D.words814" starttime="1551.39" endtime="1551.85">furniture</w>
   <w nite:id="ES2012c.D.words815" starttime="1551.85" endtime="1551.85" punc="true">,</w>
   <w nite:id="ES2012c.D.words816" starttime="1551.85" endtime="1551.91">so</w>
   <w nite:id="ES2012c.D.words817" starttime="1551.91" endtime="1551.94">are</w>
   <w nite:id="ES2012c.D.words818" starttime="1551.94" endtime="1552.0">we</w>
   <w nite:id="ES2012c.D.words819" starttime="1552.0" endtime="1552.12">gonna</w>
   <w nite:id="ES2012c.D.words820" starttime="1552.12" endtime="1552.28">make</w>
   <w nite:id="ES2012c.D.words821" starttime="1552.28" endtime="1552.41">this</w>
   <w nite:id="ES2012c.D.words822" starttime="1552.41" endtime="1552.62">part</w>
   <w nite:id="ES2012c.D.words823" starttime="1552.62" endtime="1552.68">of</w>
   <w nite:id="ES2012c.D.words824" starttime="1552.68" endtime="1552.76">the</w>
   <w nite:id="ES2012c.D.words825" starttime="1552.76" endtime="1553.23">furniture</w>
   <w nite:id="ES2012c.D.words826" starttime="1553.23" endtime="1553.23" punc="true">?</w>
   <w nite:id="ES2012c.D.words827" starttime="1563.35" endtime="1564.26">Yeah</w>
   <w nite:id="ES2012c.D.words828" starttime="1564.26" endtime="1564.26" punc="true">.</w>
   <w nite:id="ES2012c.D.words829" starttime="1564.26" endtime="1564.46">This</w>
   <w nite:id="ES2012c.D.words830" starttime="1564.46" endtime="1564.58">is</w>
   <w nite:id="ES2012c.D.words831" starttime="1564.58" endtime="1565.17">fashionable</w>
   <w nite:id="ES2012c.D.words832" starttime="1565.17" endtime="1565.71">with</w>
   <disfmarker nite:id="ES2012c.D.words833" starttime="1565.71" endtime="1565.8"/>
   <vocalsound nite:id="ES2012c.D.words834" starttime="1610.025" endtime="1610.939" type="laugh"/>
   <w nite:id="ES2012c.D.words835" starttime="1615.09" endtime="1615.3">Oh</w>
   <w nite:id="ES2012c.D.words836" starttime="1615.3" endtime="1615.73">yeah</w>
   <w nite:id="ES2012c.D.words837" starttime="1615.73" endtime="1615.73" punc="true">.</w>
   <w nite:id="ES2012c.D.words838" starttime="1663.19" endtime="1663.31">And</w>
   <w nite:id="ES2012c.D.words839" starttime="1663.31" endtime="1663.5">make</w>
   <w nite:id="ES2012c.D.words840" starttime="1663.5" endtime="1663.7">that</w>
   <w nite:id="ES2012c.D.words841" starttime="1663.7" endtime="1663.76">a</w>
   <w nite:id="ES2012c.D.words842" starttime="1663.76" endtime="1664.09">fashion</w>
   <w nite:id="ES2012c.D.words843" starttime="1664.09" endtime="1664.52">symbol</w>
   <w nite:id="ES2012c.D.words844" starttime="1664.52" endtime="1664.61">as</w>
   <w nite:id="ES2012c.D.words845" starttime="1664.61" endtime="1665.25">well</w>
   <w nite:id="ES2012c.D.words846" starttime="1665.25" endtime="1665.25" punc="true">.</w>
   <vocalsound nite:id="ES2012c.D.words847" starttime="1665.25" endtime="1665.376" type="laugh"/>
   <vocalsound nite:id="ES2012c.D.words848" starttime="1674.809" endtime="1675.649" type="laugh"/>
   <w nite:id="ES2012c.D.words849" starttime="1756.21" endtime="1756.32">Yeah</w>
   <w nite:id="ES2012c.D.words850" starttime="1756.32" endtime="1756.32" punc="true">,</w>
   <w nite:id="ES2012c.D.words851" starttime="1756.32" endtime="1756.41">that</w>
   <w nite:id="ES2012c.D.words852" starttime="1756.41" endtime="1756.78">sounds</w>
   <disfmarker nite:id="ES2012c.D.words853" starttime="1756.78" endtime="1756.816"/>
   <w nite:id="ES2012c.D.words854" starttime="1757.71" endtime="1757.9">Um</w>
   <w nite:id="ES2012c.D.words855" starttime="1757.9" endtime="1758.02">I&#39;m</w>
   <w nite:id="ES2012c.D.words856" starttime="1758.02" endtime="1758.3">just</w>
   <disfmarker nite:id="ES2012c.D.words857" starttime="1758.3" endtime="1758.3"/>
   <w nite:id="ES2012c.D.words858" starttime="1758.3" endtime="1758.44">I&#39;m</w>
   <w nite:id="ES2012c.D.words859" starttime="1758.44" endtime="1758.76">suddenly</w>
   <w nite:id="ES2012c.D.words860" starttime="1758.76" endtime="1759.17">realising</w>
   <w nite:id="ES2012c.D.words861" starttime="1759.17" endtime="1759.32">that</w>
   <w nite:id="ES2012c.D.words862" starttime="1759.32" endtime="1759.5">yeah</w>
   <w nite:id="ES2012c.D.words863" starttime="1759.5" endtime="1759.66">we&#39;re</w>
   <w nite:id="ES2012c.D.words864" starttime="1759.66" endtime="1760.06">discussing</w>
   <w nite:id="ES2012c.D.words865" starttime="1760.06" endtime="1760.17">how</w>
   <w nite:id="ES2012c.D.words866" starttime="1760.17" endtime="1760.45">much</w>
   <disfmarker nite:id="ES2012c.D.words867" starttime="1760.45" endtime="1760.45"/>
   <w nite:id="ES2012c.D.words868" starttime="1760.45" endtime="1760.58">how</w>
   <w nite:id="ES2012c.D.words869" starttime="1760.58" endtime="1760.76">good</w>
   <w nite:id="ES2012c.D.words870" starttime="1760.76" endtime="1760.85">it&#39;s</w>
   <w nite:id="ES2012c.D.words871" starttime="1760.85" endtime="1761.03">gonna</w>
   <w nite:id="ES2012c.D.words872" starttime="1761.03" endtime="1761.17">be</w>
   <w nite:id="ES2012c.D.words873" starttime="1761.17" endtime="1761.29">to</w>
   <w nite:id="ES2012c.D.words874" starttime="1761.29" endtime="1761.55">change</w>
   <w nite:id="ES2012c.D.words875" starttime="1761.55" endtime="1761.92">channels</w>
   <w nite:id="ES2012c.D.words876" starttime="1761.92" endtime="1762.46" trunc="true">t</w>
   <w nite:id="ES2012c.D.words877" starttime="1762.46" endtime="1762.55">we</w>
   <w nite:id="ES2012c.D.words878" starttime="1762.55" endtime="1762.85">still</w>
   <w nite:id="ES2012c.D.words879" starttime="1762.85" endtime="1763.14">can</w>
   <w nite:id="ES2012c.D.words880" starttime="1763.14" endtime="1763.36">just</w>
   <w nite:id="ES2012c.D.words881" starttime="1763.36" endtime="1763.58">tell</w>
   <w nite:id="ES2012c.D.words882" starttime="1763.58" endtime="1763.66">it</w>
   <w nite:id="ES2012c.D.words883" starttime="1763.66" endtime="1764.77">to</w>
   <w nite:id="ES2012c.D.words884" starttime="1764.77" endtime="1764.77" punc="true">.</w>
   <w nite:id="ES2012c.D.words885" starttime="1764.77" endtime="1764.87">I</w>
   <w nite:id="ES2012c.D.words886" starttime="1764.87" endtime="1764.96">mean</w>
   <w nite:id="ES2012c.D.words887" starttime="1764.96" endtime="1765.02">are</w>
   <w nite:id="ES2012c.D.words888" starttime="1765.02" endtime="1765.17">we</w>
   <w nite:id="ES2012c.D.words889" starttime="1765.17" endtime="1765.23">are</w>
   <w nite:id="ES2012c.D.words890" starttime="1765.23" endtime="1765.33">we</w>
   <w nite:id="ES2012c.D.words891" starttime="1765.33" endtime="1765.58">starting</w>
   <w nite:id="ES2012c.D.words892" starttime="1765.58" endtime="1765.66">to</w>
   <w nite:id="ES2012c.D.words893" starttime="1765.66" endtime="1765.81">get</w>
   <w nite:id="ES2012c.D.words894" starttime="1765.81" endtime="1766.05">away</w>
   <w nite:id="ES2012c.D.words895" starttime="1766.05" endtime="1766.28">from</w>
   <w nite:id="ES2012c.D.words896" starttime="1766.28" endtime="1767.09">the</w>
   <w nite:id="ES2012c.D.words897" starttime="1767.09" endtime="1767.18">the</w>
   <w nite:id="ES2012c.D.words898" starttime="1767.18" endtime="1767.52">voice</w>
   <w nite:id="ES2012c.D.words899" starttime="1767.52" endtime="1768.13">functionality</w>
   <w nite:id="ES2012c.D.words900" starttime="1768.13" endtime="1768.26">of</w>
   <w nite:id="ES2012c.D.words901" starttime="1768.26" endtime="1768.32">it</w>
   <w nite:id="ES2012c.D.words902" starttime="1768.32" endtime="1768.32" punc="true">?</w>
   <vocalsound nite:id="ES2012c.D.words903" starttime="1771.84" endtime="1772.751" type="laugh"/>
   <w nite:id="ES2012c.D.words904" starttime="1799.15" endtime="1799.35">Yeah</w>
   <w nite:id="ES2012c.D.words905" starttime="1799.35" endtime="1799.35" punc="true">,</w>
   <w nite:id="ES2012c.D.words906" starttime="1799.35" endtime="1799.55">maybe</w>
   <w nite:id="ES2012c.D.words907" starttime="1799.55" endtime="1799.61">we</w>
   <w nite:id="ES2012c.D.words908" starttime="1799.61" endtime="1799.94" trunc="true">cou</w>
   <w nite:id="ES2012c.D.words909" starttime="1799.94" endtime="1800.53">like</w>
   <w nite:id="ES2012c.D.words910" starttime="1800.53" endtime="1800.79" trunc="true">w</w>
   <w nite:id="ES2012c.D.words911" starttime="1800.79" endtime="1800.98">like</w>
   <w nite:id="ES2012c.D.words912" starttime="1800.98" endtime="1801.21">we&#39;re</w>
   <w nite:id="ES2012c.D.words913" starttime="1801.21" endtime="1801.52">leaving</w>
   <w nite:id="ES2012c.D.words914" starttime="1801.52" endtime="1801.71">out</w>
   <w nite:id="ES2012c.D.words915" starttime="1801.71" endtime="1801.78">the</w>
   <w nite:id="ES2012c.D.words916" starttime="1801.78" endtime="1802.16">buttons</w>
   <w nite:id="ES2012c.D.words917" starttime="1802.16" endtime="1802.58">for</w>
   <w nite:id="ES2012c.D.words918" starttime="1802.58" endtime="1803.47">the</w>
   <w nite:id="ES2012c.D.words919" starttime="1803.47" endtime="1803.58">the</w>
   <w nite:id="ES2012c.D.words920" starttime="1803.58" endtime="1803.67" trunc="true">f</w>
   <w nite:id="ES2012c.D.words921" starttime="1803.67" endtime="1803.86">less</w>
   <w nite:id="ES2012c.D.words922" starttime="1803.86" endtime="1804.19">frequently</w>
   <w nite:id="ES2012c.D.words923" starttime="1804.19" endtime="1804.36">used</w>
   <w nite:id="ES2012c.D.words924" starttime="1804.36" endtime="1804.74">stuff</w>
   <w nite:id="ES2012c.D.words925" starttime="1804.74" endtime="1804.74" punc="true">,</w>
   <w nite:id="ES2012c.D.words926" starttime="1804.74" endtime="1804.86">but</w>
   <w nite:id="ES2012c.D.words927" starttime="1804.86" endtime="1804.99">maybe</w>
   <w nite:id="ES2012c.D.words928" starttime="1804.99" endtime="1805.05">we</w>
   <w nite:id="ES2012c.D.words929" starttime="1805.05" endtime="1805.21">could</w>
   <w nite:id="ES2012c.D.words930" starttime="1805.21" endtime="1805.71">incorporate</w>
   <w nite:id="ES2012c.D.words931" starttime="1805.71" endtime="1805.92">that</w>
   <w nite:id="ES2012c.D.words932" starttime="1805.92" endtime="1806.18">into</w>
   <w nite:id="ES2012c.D.words933" starttime="1806.18" endtime="1806.27">the</w>
   <w nite:id="ES2012c.D.words934" starttime="1806.27" endtime="1806.8">voice</w>
   <w nite:id="ES2012c.D.words935" starttime="1806.8" endtime="1806.8" punc="true">.</w>
   <w nite:id="ES2012c.D.words936" starttime="1813.56" endtime="1813.64">Mm</w>
   <w nite:id="ES2012c.D.words937" starttime="1813.64" endtime="1813.75">I</w>
   <w nite:id="ES2012c.D.words938" starttime="1813.75" endtime="1814.11">suppose</w>
   <w nite:id="ES2012c.D.words939" starttime="1814.11" endtime="1814.11" punc="true">,</w>
   <w nite:id="ES2012c.D.words940" starttime="1814.11" endtime="1814.93">but</w>
   <w nite:id="ES2012c.D.words941" starttime="1814.93" endtime="1815.23" trunc="true">t</w>
   <w nite:id="ES2012c.D.words942" starttime="1815.23" endtime="1815.44">there</w>
   <w nite:id="ES2012c.D.words943" starttime="1815.44" endtime="1815.58">is</w>
   <w nite:id="ES2012c.D.words944" starttime="1815.58" endtime="1815.69">the</w>
   <w nite:id="ES2012c.D.words945" starttime="1815.69" endtime="1815.82">off</w>
   <w nite:id="ES2012c.D.words946" starttime="1815.82" endtime="1816.11">chance</w>
   <w nite:id="ES2012c.D.words947" starttime="1816.11" endtime="1816.2">that</w>
   <w nite:id="ES2012c.D.words948" starttime="1816.2" endtime="1816.2" punc="true">,</w>
   <w nite:id="ES2012c.D.words949" starttime="1816.2" endtime="1816.26">you</w>
   <w nite:id="ES2012c.D.words950" starttime="1816.26" endtime="1816.36">know</w>
   <w nite:id="ES2012c.D.words951" starttime="1816.36" endtime="1816.36" punc="true">,</w>
   <w nite:id="ES2012c.D.words952" starttime="1816.36" endtime="1816.44" trunc="true">th</w>
   <w nite:id="ES2012c.D.words953" starttime="1816.44" endtime="1816.6">the</w>
   <w nite:id="ES2012c.D.words954" starttime="1816.6" endtime="1816.97">brightness</w>
   <w nite:id="ES2012c.D.words955" starttime="1816.97" endtime="1817.41">is</w>
   <w nite:id="ES2012c.D.words956" starttime="1817.41" endtime="1817.71">wrong</w>
   <w nite:id="ES2012c.D.words957" starttime="1817.71" endtime="1817.87">on</w>
   <w nite:id="ES2012c.D.words958" starttime="1817.87" endtime="1817.96">your</w>
   <w nite:id="ES2012c.D.words959" starttime="1817.96" endtime="1818.23">T_V_</w>
   <w nite:id="ES2012c.D.words960" starttime="1818.23" endtime="1818.34">or</w>
   <w nite:id="ES2012c.D.words961" starttime="1818.34" endtime="1818.44">the</w>
   <w nite:id="ES2012c.D.words962" starttime="1818.44" endtime="1819.05">contrast</w>
   <w nite:id="ES2012c.D.words963" starttime="1819.05" endtime="1819.17">needs</w>
   <w nite:id="ES2012c.D.words964" starttime="1819.17" endtime="1819.61">changing</w>
   <w nite:id="ES2012c.D.words965" starttime="1819.61" endtime="1819.61" punc="true">.</w>
   <w nite:id="ES2012c.D.words966" starttime="1831.32" endtime="1831.69">Hmm</w>
   <w nite:id="ES2012c.D.words967" starttime="1831.69" endtime="1832.08">yeah</w>
   <w nite:id="ES2012c.D.words968" starttime="1832.08" endtime="1832.08" punc="true">.</w>
   <w nite:id="ES2012c.D.words969" starttime="1845.92" endtime="1846.21">Yeah</w>
   <w nite:id="ES2012c.D.words970" starttime="1846.21" endtime="1846.21" punc="true">,</w>
   <w nite:id="ES2012c.D.words971" starttime="1846.21" endtime="1846.38">that&#39;s</w>
   <w nite:id="ES2012c.D.words972" starttime="1846.38" endtime="1846.45">a</w>
   <w nite:id="ES2012c.D.words973" starttime="1846.45" endtime="1846.57">good</w>
   <w nite:id="ES2012c.D.words974" starttime="1846.57" endtime="1846.87">idea</w>
   <w nite:id="ES2012c.D.words975" starttime="1846.87" endtime="1846.87" punc="true">.</w>
   <w nite:id="ES2012c.D.words976" starttime="1851.72" endtime="1852.14">Yeah</w>
   <w nite:id="ES2012c.D.words977" starttime="1852.14" endtime="1852.14" punc="true">.</w>
   <vocalsound nite:id="ES2012c.D.words978" starttime="1867.573" endtime="1868.248" type="other"/>
   <w nite:id="ES2012c.D.words979" starttime="1882.94" endtime="1883.65">Well</w>
   <w nite:id="ES2012c.D.words980" starttime="1883.65" endtime="1883.72">I</w>
   <w nite:id="ES2012c.D.words981" starttime="1883.72" endtime="1884.11">mean</w>
   <w nite:id="ES2012c.D.words982" starttime="1884.11" endtime="1884.29">on</w>
   <w nite:id="ES2012c.D.words983" starttime="1884.29" endtime="1884.5">a</w>
   <disfmarker nite:id="ES2012c.D.words984" starttime="1884.5" endtime="1884.5"/>
   <w nite:id="ES2012c.D.words985" starttime="1884.5" endtime="1884.76">onto</w>
   <w nite:id="ES2012c.D.words986" starttime="1884.76" endtime="1884.92">like</w>
   <w nite:id="ES2012c.D.words987" starttime="1884.92" endtime="1884.98">a</w>
   <w nite:id="ES2012c.D.words988" starttime="1884.98" endtime="1885.36">mouse</w>
   <w nite:id="ES2012c.D.words989" starttime="1885.36" endtime="1885.36" punc="true">,</w>
   <w nite:id="ES2012c.D.words990" starttime="1885.36" endtime="1885.48">the</w>
   <w nite:id="ES2012c.D.words991" starttime="1885.48" endtime="1885.7" trunc="true">ru</w>
   <w nite:id="ES2012c.D.words992" starttime="1885.7" endtime="1886.03">the</w>
   <w nite:id="ES2012c.D.words993" starttime="1886.03" endtime="1886.5">scrolling</w>
   <w nite:id="ES2012c.D.words994" starttime="1886.5" endtime="1886.89">button</w>
   <w nite:id="ES2012c.D.words995" starttime="1886.89" endtime="1886.89" punc="true">,</w>
   <w nite:id="ES2012c.D.words996" starttime="1886.89" endtime="1887.05">is</w>
   <w nite:id="ES2012c.D.words997" starttime="1887.05" endtime="1887.36">actually</w>
   <w nite:id="ES2012c.D.words998" starttime="1887.36" endtime="1887.4">a</w>
   <w nite:id="ES2012c.D.words999" starttime="1887.4" endtime="1887.73">button</w>
   <w nite:id="ES2012c.D.words1000" starttime="1887.73" endtime="1887.83">as</w>
   <w nite:id="ES2012c.D.words1001" starttime="1887.83" endtime="1888.03">well</w>
   <w nite:id="ES2012c.D.words1002" starttime="1888.03" endtime="1888.03" punc="true">,</w>
   <w nite:id="ES2012c.D.words1003" starttime="1888.03" endtime="1888.1">you</w>
   <w nite:id="ES2012c.D.words1004" starttime="1888.1" endtime="1888.28">could</w>
   <w nite:id="ES2012c.D.words1005" starttime="1888.28" endtime="1888.59">press</w>
   <w nite:id="ES2012c.D.words1006" starttime="1888.59" endtime="1888.67">it</w>
   <w nite:id="ES2012c.D.words1007" starttime="1888.67" endtime="1888.67" punc="true">,</w>
   <w nite:id="ES2012c.D.words1008" starttime="1888.67" endtime="1888.79">you</w>
   <w nite:id="ES2012c.D.words1009" starttime="1888.79" endtime="1888.98">could</w>
   <w nite:id="ES2012c.D.words1010" starttime="1888.98" endtime="1889.33">press</w>
   <w nite:id="ES2012c.D.words1011" starttime="1889.33" endtime="1890.02">that</w>
   <w nite:id="ES2012c.D.words1012" starttime="1890.02" endtime="1890.16">and</w>
   <w nite:id="ES2012c.D.words1013" starttime="1890.16" endtime="1890.33">have</w>
   <w nite:id="ES2012c.D.words1014" starttime="1890.33" endtime="1890.39">it</w>
   <w nite:id="ES2012c.D.words1015" starttime="1890.39" endtime="1890.47">as</w>
   <w nite:id="ES2012c.D.words1016" starttime="1890.47" endtime="1890.53">a</w>
   <w nite:id="ES2012c.D.words1017" starttime="1890.53" endtime="1890.76">menu</w>
   <w nite:id="ES2012c.D.words1018" starttime="1890.76" endtime="1891.11">button</w>
   <w nite:id="ES2012c.D.words1019" starttime="1891.11" endtime="1891.11" punc="true">.</w>
   <w nite:id="ES2012c.D.words1020" starttime="1907.54" endtime="1907.62">Uh</w>
   <w nite:id="ES2012c.D.words1021" starttime="1907.62" endtime="1908.04">yeah</w>
   <w nite:id="ES2012c.D.words1022" starttime="1908.04" endtime="1908.04" punc="true">.</w>
   <w nite:id="ES2012c.D.words1023" starttime="1938.86" endtime="1938.95">Hmm</w>
   <w nite:id="ES2012c.D.words1024" starttime="1938.95" endtime="1938.95" punc="true">.</w>
   <vocalsound nite:id="ES2012c.D.words1025" starttime="1966.168" endtime="1966.168" type="other"/>
   <w nite:id="ES2012c.D.words1026" starttime="1966.35" endtime="1966.48">Uh</w>
   <w nite:id="ES2012c.D.words1027" starttime="1966.48" endtime="1966.65">can</w>
   <w nite:id="ES2012c.D.words1028" starttime="1966.65" endtime="1966.69">I</w>
   <w nite:id="ES2012c.D.words1029" starttime="1966.69" endtime="1966.82">just</w>
   <w nite:id="ES2012c.D.words1030" starttime="1966.82" endtime="1966.96">get</w>
   <w nite:id="ES2012c.D.words1031" starttime="1966.96" endtime="1967.16">some</w>
   <w nite:id="ES2012c.D.words1032" starttime="1967.16" endtime="1967.42">things</w>
   <w nite:id="ES2012c.D.words1033" starttime="1967.42" endtime="1967.6">clear</w>
   <w nite:id="ES2012c.D.words1034" starttime="1967.6" endtime="1967.73">just</w>
   <w nite:id="ES2012c.D.words1035" starttime="1967.73" endtime="1968.08">for</w>
   <vocalsound nite:id="ES2012c.D.words1036" starttime="1968.08" endtime="1968.08" type="laugh"/>
   <w nite:id="ES2012c.D.words1037" starttime="1968.08" endtime="1968.24">my</w>
   <w nite:id="ES2012c.D.words1038" starttime="1968.24" endtime="1968.86">sake</w>
   <w nite:id="ES2012c.D.words1039" starttime="1968.86" endtime="1968.86" punc="true">.</w>
   <w nite:id="ES2012c.D.words1040" starttime="1968.86" endtime="1969.16">Our</w>
   <w nite:id="ES2012c.D.words1041" starttime="1969.16" endtime="1969.51">energy</w>
   <w nite:id="ES2012c.D.words1042" starttime="1969.51" endtime="1969.91">source</w>
   <w nite:id="ES2012c.D.words1043" starttime="1969.91" endtime="1970.07">is</w>
   <w nite:id="ES2012c.D.words1044" starttime="1970.07" endtime="1970.26">gonna</w>
   <w nite:id="ES2012c.D.words1045" starttime="1970.26" endtime="1970.75">be</w>
   <w nite:id="ES2012c.D.words1046" starttime="1971.57" endtime="1971.82">long</w>
   <w nite:id="ES2012c.D.words1047" starttime="1971.82" endtime="1972.18">term</w>
   <w nite:id="ES2012c.D.words1048" starttime="1972.18" endtime="1972.18" punc="true">.</w>
   <w nite:id="ES2012c.D.words1049" starttime="1983.05" endtime="1983.9">Cool</w>
   <w nite:id="ES2012c.D.words1050" starttime="1983.9" endtime="1983.9" punc="true">.</w>
   <w nite:id="ES2012c.D.words1051" starttime="1983.9" endtime="1984.3">Uh</w>
   <disfmarker nite:id="ES2012c.D.words1052" starttime="1984.3" endtime="1984.402"/>
   <vocalsound nite:id="ES2012c.D.words1053" starttime="1995.625" endtime="1995.975" type="other"/>
   <w nite:id="ES2012c.D.words1054" starttime="2011.19" endtime="2011.36">And</w>
   <w nite:id="ES2012c.D.words1055" starttime="2011.36" endtime="2011.45">we&#39;re</w>
   <w nite:id="ES2012c.D.words1056" starttime="2011.45" endtime="2011.65">having</w>
   <w nite:id="ES2012c.D.words1057" starttime="2011.65" endtime="2011.72">a</w>
   <w nite:id="ES2012c.D.words1058" starttime="2011.72" endtime="2012.11">custom</w>
   <w nite:id="ES2012c.D.words1059" starttime="2012.11" endtime="2012.46">chip</w>
   <w nite:id="ES2012c.D.words1060" starttime="2012.46" endtime="2012.46" punc="true">?</w>
   <vocalsound nite:id="ES2012c.D.words1061" starttime="2035.569" endtime="2036.668" type="laugh"/>
   <w nite:id="ES2012c.D.words1062" starttime="2046.87" endtime="2047.34">And</w>
   <w nite:id="ES2012c.D.words1063" starttime="2047.34" endtime="2048.2">interchangeable</w>
   <w nite:id="ES2012c.D.words1064" starttime="2048.2" endtime="2048.7">case</w>
   <w nite:id="ES2012c.D.words1065" starttime="2048.7" endtime="2048.7" punc="true">?</w>
   <w nite:id="ES2012c.D.words1066" starttime="2067.43" endtime="2067.5">Mm</w>
   <w nite:id="ES2012c.D.words1067" starttime="2067.5" endtime="2067.5" punc="true">,</w>
   <w nite:id="ES2012c.D.words1068" starttime="2067.5" endtime="2067.77">mm-hmm</w>
   <w nite:id="ES2012c.D.words1069" starttime="2067.77" endtime="2067.77" punc="true">.</w>
   <vocalsound nite:id="ES2012c.D.words1070" starttime="2093.183" endtime="2095.686" type="laugh"/>
   <w nite:id="ES2012c.D.words1071" starttime="2102.45" endtime="2102.78">And</w>
   <w nite:id="ES2012c.D.words1072" starttime="2102.78" endtime="2102.91">uh</w>
   <w nite:id="ES2012c.D.words1073" starttime="2102.91" endtime="2102.99">are</w>
   <w nite:id="ES2012c.D.words1074" starttime="2102.99" endtime="2103.09">we</w>
   <w nite:id="ES2012c.D.words1075" starttime="2103.09" endtime="2103.23">gonna</w>
   <w nite:id="ES2012c.D.words1076" starttime="2103.23" endtime="2103.34">have</w>
   <w nite:id="ES2012c.D.words1077" starttime="2103.34" endtime="2103.4">it</w>
   <w nite:id="ES2012c.D.words1078" starttime="2103.4" endtime="2103.82" trunc="true">il</w>
   <w nite:id="ES2012c.D.words1079" starttime="2103.82" endtime="2104.15">being</w>
   <w nite:id="ES2012c.D.words1080" starttime="2104.15" endtime="2104.7">illuminated</w>
   <w nite:id="ES2012c.D.words1081" starttime="2104.7" endtime="2104.87">from</w>
   <w nite:id="ES2012c.D.words1082" starttime="2104.87" endtime="2105.87">inside</w>
   <w nite:id="ES2012c.D.words1083" starttime="2105.87" endtime="2106.14">onto</w>
   <w nite:id="ES2012c.D.words1084" starttime="2106.14" endtime="2106.21">the</w>
   <w nite:id="ES2012c.D.words1085" starttime="2106.21" endtime="2106.71">buttons</w>
   <w nite:id="ES2012c.D.words1086" starttime="2106.71" endtime="2106.89">or</w>
   <disfmarker nite:id="ES2012c.D.words1087" starttime="2106.89" endtime="2106.928"/>
   <w nite:id="ES2012c.D.words1088" starttime="2115.92" endtime="2116.18">Cool</w>
   <w nite:id="ES2012c.D.words1089" starttime="2116.18" endtime="2116.18" punc="true">.</w>
   <w nite:id="ES2012c.D.words1090" starttime="2132.41" endtime="2132.59">Are</w>
   <w nite:id="ES2012c.D.words1091" starttime="2132.59" endtime="2132.66">we</w>
   <w nite:id="ES2012c.D.words1092" starttime="2132.66" endtime="2132.88">having</w>
   <w nite:id="ES2012c.D.words1093" starttime="2132.88" endtime="2133.25">it</w>
   <w nite:id="ES2012c.D.words1094" starttime="2133.25" endtime="2133.53">that</w>
   <w nite:id="ES2012c.D.words1095" starttime="2133.53" endtime="2134.29">it&#39;s</w>
   <w nite:id="ES2012c.D.words1096" starttime="2134.29" endtime="2134.54">any</w>
   <w nite:id="ES2012c.D.words1097" starttime="2134.54" endtime="2135.63">angle</w>
   <w nite:id="ES2012c.D.words1098" starttime="2135.63" endtime="2135.63" punc="true">,</w>
   <w nite:id="ES2012c.D.words1099" starttime="2135.63" endtime="2135.85">or</w>
   <w nite:id="ES2012c.D.words1100" starttime="2135.85" endtime="2135.94">is</w>
   <w nite:id="ES2012c.D.words1101" starttime="2135.94" endtime="2136.08">it</w>
   <w nite:id="ES2012c.D.words1102" starttime="2136.08" endtime="2136.64">just</w>
   <disfmarker nite:id="ES2012c.D.words1103" starttime="2136.64" endtime="2136.753"/>
   <w nite:id="ES2012c.D.words1104" starttime="2138.96" endtime="2139.12">As</w>
   <w nite:id="ES2012c.D.words1105" starttime="2139.12" endtime="2139.29">wide</w>
   <w nite:id="ES2012c.D.words1106" starttime="2139.29" endtime="2139.37">as</w>
   <w nite:id="ES2012c.D.words1107" starttime="2139.37" endtime="2139.91">possible</w>
   <w nite:id="ES2012c.D.words1108" starttime="2139.91" endtime="2139.91" punc="true">.</w>
   <w nite:id="ES2012c.D.words1109" starttime="2199.12" endtime="2199.52">Mm-hmm</w>
   <w nite:id="ES2012c.D.words1110" starttime="2199.52" endtime="2199.52" punc="true">.</w>
</nite:root>