<?xml version="1.0" encoding="ISO-8859-1" standalone="yes"?>
<nite:root nite:id="Bed015.D.segs" xmlns:nite="http://nite.sourceforge.net/">
   <segment nite:id="Bed015.segment.4" starttime="1.128" endtime="1.9" participant="fn050" timing-provenance="segment">
      <nite:child href="Bed015.D.words.xml#id(Bed015.vocalsound.2)"/>
   </segment>
   <segment nite:id="Bed015.segment.9" starttime="4.612" endtime="5.497" participant="fn050" timing-provenance="segment">
      <nite:child href="Bed015.D.words.xml#id(Bed015.vocalsound.6)"/>
   </segment>
   <segment nite:id="Bed015.segment.14" starttime="9.968" endtime="10.838" participant="fn050" timing-provenance="dialogueact">
      <nite:child href="Bed015.D.words.xml#id(Bed015.w.40)..id(Bed015.w.43)"/>
   </segment>
   <segment nite:id="Bed015.segment.19" starttime="16.096" endtime="17.24" participant="fn050" timing-provenance="segment">
      <nite:child href="Bed015.D.words.xml#id(Bed015.vocalsound.9)"/>
   </segment>
   <segment nite:id="Bed015.segment.34" starttime="46.045" endtime="47.809" participant="fn050" timing-provenance="segment">
      <nite:child href="Bed015.D.words.xml#id(Bed015.w.192)..id(Bed015.disfmarker.4)"/>
   </segment>
   <segment nite:id="Bed015.segment.37" starttime="51.12" endtime="51.44" participant="fn050" timing-provenance="dialogueact">
      <nite:child href="Bed015.D.words.xml#id(Bed015.w.193)..id(Bed015.w.195)"/>
   </segment>
   <segment nite:id="Bed015.segment.40" starttime="54.832" endtime="56.022" participant="fn050" timing-provenance="dialogueact">
      <nite:child href="Bed015.D.words.xml#id(Bed015.w.204)..id(Bed015.w.211)"/>
   </segment>
   <segment nite:id="Bed015.segment.43" starttime="56.911" endtime="57.231" participant="fn050" timing-provenance="dialogueact">
      <nite:child href="Bed015.D.words.xml#id(Bed015.w.221)..id(Bed015.w.224)"/>
   </segment>
   <segment nite:id="Bed015.segment.217" starttime="450.12" endtime="450.96" participant="fn050" timing-provenance="segment">
      <nite:child href="Bed015.D.words.xml#id(Bed015.nonvocalsound.3)"/>
   </segment>
   <segment nite:id="Bed015.segment.240" starttime="490.916" endtime="492.37" participant="fn050" timing-provenance="segment">
      <nite:child href="Bed015.D.words.xml#id(Bed015.vocalsound.94)"/>
   </segment>
   <segment nite:id="Bed015.segment.362" starttime="804.505" endtime="805.952" participant="fn050" timing-provenance="segment">
      <nite:child href="Bed015.D.words.xml#id(Bed015.vocalsound.114)"/>
   </segment>
   <segment nite:id="Bed015.segment.441" starttime="960.57" endtime="961.51" participant="fn050" timing-provenance="segment">
      <nite:child href="Bed015.D.words.xml#id(Bed015.vocalsound.134)"/>
   </segment>
   <segment nite:id="Bed015.segment.449" starttime="966.565" endtime="967.414" participant="fn050" timing-provenance="segment">
      <nite:child href="Bed015.D.words.xml#id(Bed015.vocalsound.139)"/>
   </segment>
   <segment nite:id="Bed015.segment.460" starttime="976.032" endtime="977.567" participant="fn050" timing-provenance="segment">
      <nite:child href="Bed015.D.words.xml#id(Bed015.vocalsound.144)"/>
   </segment>
   <segment nite:id="Bed015.segment.567" starttime="1285.579" endtime="1287.53" participant="fn050" timing-provenance="segment">
      <nite:child href="Bed015.D.words.xml#id(Bed015.vocalsound.157)"/>
   </segment>
   <segment nite:id="Bed015.segment.652" starttime="1505.678" endtime="1506.733" participant="fn050" timing-provenance="segment">
      <nite:child href="Bed015.D.words.xml#id(Bed015.vocalsound.166)"/>
   </segment>
   <segment nite:id="Bed015.segment.723" starttime="1751.14" endtime="1751.89" participant="fn050" timing-provenance="segment">
      <nite:child href="Bed015.D.words.xml#id(Bed015.nonvocalsound.7)"/>
   </segment>
   <segment nite:id="Bed015.segment.875" starttime="2166.46" endtime="2167.3" participant="fn050" timing-provenance="segment">
      <nite:child href="Bed015.D.words.xml#id(Bed015.nonvocalsound.10)"/>
   </segment>
   <segment nite:id="Bed015.segment.941" starttime="2453.991" endtime="2455.339" participant="fn050" timing-provenance="segment">
      <nite:child href="Bed015.D.words.xml#id(Bed015.vocalsound.199)"/>
   </segment>
   <segment nite:id="Bed015.segment.951" starttime="2495.97" endtime="2496.67" participant="fn050" timing-provenance="segment">
      <nite:child href="Bed015.D.words.xml#id(Bed015.nonvocalsound.13)"/>
   </segment>
   <segment nite:id="Bed015.segment.963" starttime="2526.3" endtime="2527.27" participant="fn050" timing-provenance="segment">
      <nite:child href="Bed015.D.words.xml#id(Bed015.vocalsound.203)"/>
   </segment>
   <segment nite:id="Bed015.segment.970" starttime="2538.36" endtime="2539.09" participant="fn050" timing-provenance="segment">
      <nite:child href="Bed015.D.words.xml#id(Bed015.nonvocalsound.15)"/>
   </segment>
   <segment nite:id="Bed015.segment.994" starttime="2633.19" endtime="2633.86" participant="fn050" timing-provenance="segment">
      <nite:child href="Bed015.D.words.xml#id(Bed015.vocalsound.213)"/>
   </segment>
   <segment nite:id="Bed015.segment.1,039" starttime="2779.26" endtime="2780.12" participant="fn050" timing-provenance="segment">
      <nite:child href="Bed015.D.words.xml#id(Bed015.vocalsound.223)"/>
   </segment>
   <segment nite:id="Bed015.segment.1,095" starttime="2940.76" endtime="2941.56" participant="fn050" timing-provenance="segment">
      <nite:child href="Bed015.D.words.xml#id(Bed015.vocalsound.232)"/>
   </segment>
   <segment nite:id="Bed015.segment.1,117" starttime="3008.26" endtime="3008.98" participant="fn050" timing-provenance="segment">
      <nite:child href="Bed015.D.words.xml#id(Bed015.vocalsound.234)"/>
   </segment>
   <segment nite:id="Bed015.segment.1,136" starttime="3036.48" endtime="3037.62" participant="fn050" timing-provenance="segment">
      <nite:child href="Bed015.D.words.xml#id(Bed015.vocalsound.239)"/>
   </segment>
   <segment nite:id="Bed015.segment.1,201" starttime="3203.28" endtime="3204.76" participant="fn050" timing-provenance="segment">
      <nite:child href="Bed015.D.words.xml#id(Bed015.vocalsound.251)"/>
   </segment>
   <segment nite:id="Bed015.segment.1,306" starttime="3483.215" endtime="3484.068" participant="fn050" timing-provenance="segment">
      <nite:child href="Bed015.D.words.xml#id(Bed015.vocalsound.266)"/>
   </segment>
   <segment nite:id="Bed015.segment.1,499" starttime="3881.665" endtime="3882.426" participant="fn050" timing-provenance="segment">
      <nite:child href="Bed015.D.words.xml#id(Bed015.vocalsound.326)"/>
   </segment>
   <segment nite:id="Bed015.segment.1,551" starttime="3975.508" endtime="3976.515" participant="fn050" timing-provenance="segment">
      <nite:child href="Bed015.D.words.xml#id(Bed015.vocalsound.348)"/>
   </segment>
   <segment nite:id="Bed015.segment.1,589" starttime="4082.428" endtime="4084.272" participant="fn050" timing-provenance="segment">
      <nite:child href="Bed015.D.words.xml#id(Bed015.vocalsound.363)"/>
   </segment>
   <segment nite:id="Bed015.segment.1,731" starttime="4360.49" endtime="4360.75" participant="fn050" timing-provenance="dialogueact">
      <nite:child href="Bed015.D.words.xml#id(Bed015.w.19,697)..id(Bed015.w.19,700)"/>
   </segment>
   <segment nite:id="Bed015.segment.1,735" starttime="4373.66" endtime="4376.37" participant="fn050" timing-provenance="dialogueact">
      <nite:child href="Bed015.D.words.xml#id(Bed015.w.19,734)..id(Bed015.w.19,745)"/>
   </segment>
   <segment nite:id="Bed015.segment.1,736" starttime="4377.572" endtime="4380.516" participant="fn050" timing-provenance="segment">
      <nite:child href="Bed015.D.words.xml#id(Bed015.w.19,746)..id(Bed015.comment.78)"/>
   </segment>
   <segment nite:id="Bed015.segment.1,737" starttime="4380.94" endtime="4387.04" participant="fn050" timing-provenance="dialogueact">
      <nite:child href="Bed015.D.words.xml#id(Bed015.w.19,756)..id(Bed015.w.19,789)"/>
   </segment>
   <segment nite:id="Bed015.segment.1,740" starttime="4387.762" endtime="4388.442" participant="fn050" timing-provenance="segment">
      <nite:child href="Bed015.D.words.xml#id(Bed015.w.19,804)..id(Bed015.disfmarker.713)"/>
   </segment>
   <segment nite:id="Bed015.segment.1,741" starttime="4389.18" endtime="4389.4" participant="fn050" timing-provenance="dialogueact">
      <nite:child href="Bed015.D.words.xml#id(Bed015.w.19,805)..id(Bed015.w.19,806)"/>
   </segment>
   <segment nite:id="Bed015.segment.1,744" starttime="4393.63" endtime="4397.0" participant="fn050" timing-provenance="dialogueact">
      <nite:child href="Bed015.D.words.xml#id(Bed015.w.19,821)..id(Bed015.w.19,839)"/>
   </segment>
   <segment nite:id="Bed015.segment.1,748" starttime="4398.22" endtime="4400.28" participant="fn050" timing-provenance="dialogueact">
      <nite:child href="Bed015.D.words.xml#id(Bed015.w.19,863)..id(Bed015.w.19,866)"/>
   </segment>
   <segment nite:id="Bed015.segment.1,758" starttime="4440.98" endtime="4441.736" participant="fn050" timing-provenance="segment">
      <nite:child href="Bed015.D.words.xml#id(Bed015.vocalsound.410)"/>
   </segment>
   <segment nite:id="Bed015.segment.1,811" starttime="4640.55" endtime="4641.369" participant="fn050" timing-provenance="segment">
      <nite:child href="Bed015.D.words.xml#id(Bed015.vocalsound.427)"/>
   </segment>
   <segment nite:id="Bed015.segment.1,835" starttime="4706.158" endtime="4706.548" participant="fn050" timing-provenance="segment">
      <nite:child href="Bed015.D.words.xml#id(Bed015.w.20,872)..id(Bed015.w.20,873)"/>
   </segment>
   <segment nite:id="Bed015.segment.1,848" starttime="4749.09" endtime="4749.4" participant="fn050" timing-provenance="dialogueact">
      <nite:child href="Bed015.D.words.xml#id(Bed015.w.20,995)..id(Bed015.w.20,996)"/>
   </segment>
   <segment nite:id="Bed015.segment.1,855" starttime="4768.857" endtime="4770.008" participant="fn050" timing-provenance="segment">
      <nite:child href="Bed015.D.words.xml#id(Bed015.vocalsound.432)"/>
   </segment>
   <segment nite:id="Bed015.segment.1,873" starttime="4794.131" endtime="4795.023" participant="fn050" timing-provenance="segment">
      <nite:child href="Bed015.D.words.xml#id(Bed015.vocalsound.440)"/>
   </segment>
   <segment nite:id="Bed015.segment.1,885" starttime="4809.739" endtime="4812.612" participant="fn050" timing-provenance="segment">
      <nite:child href="Bed015.D.words.xml#id(Bed015.vocalsound.446)"/>
   </segment>
   <segment nite:id="Bed015.segment.1,887" starttime="4813.691" endtime="4813.932" participant="fn050" timing-provenance="segment">
      <nite:child href="Bed015.D.words.xml#id(Bed015.comment.85)"/>
   </segment>
</nite:root>