<?xml version="1.0" encoding="ISO-8859-1" standalone="yes"?>
<nite:root nite:id="Bed015.B.words" xmlns:nite="http://nite.sourceforge.net/">
   <disfmarker nite:id="Bed015.disfmarker.1" starttime="" endtime=""/>
   <w nite:id="Bed015.w.1" starttime="0.1" endtime="0.19" c="W">what</w>
   <w nite:id="Bed015.w.2" starttime="0.19" endtime="0.33" c="W">things</w>
   <w nite:id="Bed015.w.3" starttime="0.33" endtime="0.39" c="W">to</w>
   <w nite:id="Bed015.w.4" starttime="0.39" endtime="0.55" c="W">talk</w>
   <w nite:id="Bed015.w.5" starttime="0.55" endtime="0.84" c="W">about</w>
   <w nite:id="Bed015.w.6" starttime="0.84" endtime="0.84" c=".">.</w>
   <vocalsound nite:id="Bed015.vocalsound.4" starttime="" endtime="" description="laugh"/>
   <w nite:id="Bed015.w.35" starttime="9.749" endtime="10.029" c="W">Check</w>
   <w nite:id="Bed015.w.36" starttime="10.329" endtime="10.459" c="W">check</w>
   <pause nite:id="Bed015.pause.1" starttime="10.459" endtime="11.029"/>
   <w nite:id="Bed015.w.37" starttime="11.029" endtime="11.209" c="W">check</w>
   <w nite:id="Bed015.w.38" starttime="11.209" endtime="11.329" c="W">check</w>
   <w nite:id="Bed015.w.39" starttime="11.329" endtime="11.329" c=".">.</w>
   <comment nite:id="Bed015.comment.1" starttime="" endtime="" description="whispered"/>
   <w nite:id="Bed015.w.47" starttime="12.653" endtime="12.933" c="W">Alright</w>
   <w nite:id="Bed015.w.48" starttime="12.933" endtime="12.933" c=".">.</w>
   <w nite:id="Bed015.w.49" starttime="12.933" endtime="13.203" c="W">Good</w>
   <w nite:id="Bed015.w.50" starttime="13.203" endtime="13.203" c=".">.</w>
   <nonvocalsound nite:id="Bed015.nonvocalsound.1" starttime="" endtime="" description="mike noise"/>
   <vocalsound nite:id="Bed015.vocalsound.48" starttime="" endtime="" description="breath-laugh"/>
   <nonvocalsound nite:id="Bed015.nonvocalsound.2" starttime="" endtime="" description="mike noise"/>
   <w nite:id="Bed015.w.1,750" starttime="404.21" endtime="404.53" c="W">Well</w>
   <disfmarker nite:id="Bed015.disfmarker.47" starttime="" endtime=""/>
   <w nite:id="Bed015.w.1,772" starttime="405.449" endtime="406.139" c="W">Th</w>
   <w nite:id="Bed015.w.1,773" starttime="" endtime="" c="SYM">-</w>
   <vocalsound nite:id="Bed015.vocalsound.87" starttime="" endtime="" description="laugh"/>
   <w nite:id="Bed015.w.2,071" starttime="466.792" endtime="467.202" c="W">But</w>
   <disfmarker nite:id="Bed015.disfmarker.58" starttime="" endtime=""/>
   <w nite:id="Bed015.w.2,182" starttime="492.241" endtime="492.421" c="W">So</w>
   <w nite:id="Bed015.w.2,183" starttime="492.421" endtime="" c="W">that</w>
   <w nite:id="Bed015.w.2,184" starttime="" endtime="492.761" c="APOSS">'s</w>
   <w nite:id="Bed015.w.2,185" starttime="492.761" endtime="492.891" c="W">why</w>
   <w nite:id="Bed015.w.2,186" starttime="492.891" endtime="493.011" c="W">you</w>
   <w nite:id="Bed015.w.2,187" starttime="493.011" endtime="493.231" c="W">put</w>
   <w nite:id="Bed015.w.2,188" starttime="493.231" endtime="493.661" c="W">semantic</w>
   <w nite:id="Bed015.w.2,189" starttime="493.771" endtime="494.181" c="W">constraints</w>
   <w nite:id="Bed015.w.2,190" starttime="494.181" endtime="494.261" c="W">up</w>
   <w nite:id="Bed015.w.2,191" starttime="494.261" endtime="494.521" c="W">top</w>
   <w nite:id="Bed015.w.2,192" starttime="494.521" endtime="494.621" c="W">and</w>
   <w nite:id="Bed015.w.2,193" starttime="494.621" endtime="494.881" c="W">meaning</w>
   <w nite:id="Bed015.w.2,194" starttime="494.881" endtime="495.221" c="W">bindings</w>
   <w nite:id="Bed015.w.2,195" starttime="495.221" endtime="495.431" c="W">down</w>
   <disfmarker nite:id="Bed015.disfmarker.62" starttime="" endtime=""/>
   <w nite:id="Bed015.w.2,196" starttime="495.621" endtime="495.781" c="W">down</w>
   <w nite:id="Bed015.w.2,197" starttime="495.781" endtime="495.941" c="W">here</w>
   <w nite:id="Bed015.w.2,198" starttime="495.941" endtime="495.941" c=".">?</w>
   <vocalsound nite:id="Bed015.vocalsound.95" starttime="" endtime="" description="laugh"/>
   <w nite:id="Bed015.w.2,238" starttime="499.703" endtime="500.113" t="PLET" c="W">OK</w>
   <w nite:id="Bed015.w.2,239" starttime="500.113" endtime="500.113" c=".">.</w>
   <vocalsound nite:id="Bed015.vocalsound.96" starttime="" endtime="" description="laugh"/>
   <w nite:id="Bed015.w.2,242" starttime="503.69" endtime="503.75" c="W">So</w>
   <w nite:id="Bed015.w.2,243" starttime="503.75" endtime="503.89" c="W">this</w>
   <w nite:id="Bed015.w.2,244" starttime="503.89" endtime="504.04" c="W">should</w>
   <w nite:id="Bed015.w.2,245" starttime="504.04" endtime="504.21" c="W">be</w>
   <w nite:id="Bed015.w.2,246" starttime="504.21" endtime="504.62" c="W">semantic</w>
   <w nite:id="Bed015.w.2,247" starttime="504.62" endtime="504.91" c="W">and</w>
   <disfmarker nite:id="Bed015.disfmarker.64" starttime="" endtime=""/>
   <w nite:id="Bed015.w.2,270" starttime="" endtime="" c="SYM">@</w>
   <w nite:id="Bed015.w.2,271" starttime="" endtime="" c="SYM">@</w>
   <comment nite:id="Bed015.comment.13" starttime="" endtime="" description="uncodeable vocal sounds"/>
   <w nite:id="Bed015.w.2,272" starttime="508.135" endtime="508.195" c="W">Th</w>
   <w nite:id="Bed015.w.2,273" starttime="" endtime="" c="SYM">-</w>
   <w nite:id="Bed015.w.2,274" starttime="508.195" endtime="508.305" c="W">so</w>
   <w nite:id="Bed015.w.2,275" starttime="508.595" endtime="508.885" c="W">this</w>
   <w nite:id="Bed015.w.2,276" starttime="508.885" endtime="509.195" c="W">definitely</w>
   <w nite:id="Bed015.w.2,277" starttime="509.195" endtime="509.285" c="W">should</w>
   <w nite:id="Bed015.w.2,278" starttime="509.285" endtime="509.405" c="W">be</w>
   <w nite:id="Bed015.w.2,279" starttime="" endtime="" c="LQUOTE" qut="D">"</w>
   <w nite:id="Bed015.w.2,280" starttime="509.405" endtime="509.695" c="W">semantic</w>
   <w nite:id="Bed015.w.2,281" starttime="509.695" endtime="510.015" c="W">constraints</w>
   <w nite:id="Bed015.w.2,282" starttime="510.015" endtime="510.015" c="RQUOTE" qut="D">"</w>
   <w nite:id="Bed015.w.2,283" starttime="510.015" endtime="510.115" c="W">down</w>
   <w nite:id="Bed015.w.2,284" starttime="510.115" endtime="510.175" c="W">at</w>
   <w nite:id="Bed015.w.2,285" starttime="510.175" endtime="510.245" c="W">the</w>
   <w nite:id="Bed015.w.2,286" starttime="510.245" endtime="510.485" c="W">bottom</w>
   <w nite:id="Bed015.w.2,287" starttime="510.485" endtime="510.485" c=".">?</w>
   <w nite:id="Bed015.w.2,292" starttime="511.546" endtime="511.706" t="PLET" c="W">OK</w>
   <w nite:id="Bed015.w.2,293" starttime="511.706" endtime="511.706" c=".">.</w>
   <w nite:id="Bed015.w.2,325" starttime="514.4" endtime="514.87" c="W">Or</w>
   <disfmarker nite:id="Bed015.disfmarker.66" starttime="" endtime=""/>
   <vocalsound nite:id="Bed015.vocalsound.99" starttime="" endtime="" description="breath"/>
   <vocalsound nite:id="Bed015.vocalsound.113" starttime="" endtime="" description="laugh"/>
   <w nite:id="Bed015.w.4,331" starttime="957.067" endtime="957.157" c="W">Well</w>
   <w nite:id="Bed015.w.4,332" starttime="957.157" endtime="957.317" c="W">he</w>
   <w nite:id="Bed015.w.4,333" starttime="957.317" endtime="957.587" c="TRUNCW">w</w>
   <w nite:id="Bed015.w.4,334" starttime="957.587" endtime="957.667" c="W">he</w>
   <w nite:id="Bed015.w.4,335" starttime="957.667" endtime="957.817" c="W">went</w>
   <w nite:id="Bed015.w.4,336" starttime="957.817" endtime="957.877" c="W">to</w>
   <w nite:id="Bed015.w.4,337" starttime="957.877" endtime="958.297" c="W">college</w>
   <w nite:id="Bed015.w.4,338" starttime="958.297" endtime="958.537" c="W">here</w>
   <w nite:id="Bed015.w.4,339" starttime="958.537" endtime="958.537" c=".">.</w>
   <vocalsound nite:id="Bed015.vocalsound.133" starttime="" endtime="" description="laugh"/>
   <vocalsound nite:id="Bed015.vocalsound.136" starttime="" endtime="" description="laugh"/>
   <vocalsound nite:id="Bed015.vocalsound.143" starttime="" endtime="" description="laugh"/>
   <vocalsound nite:id="Bed015.vocalsound.156" starttime="" endtime="" description="laugh"/>
   <nonvocalsound nite:id="Bed015.nonvocalsound.6" starttime="" endtime="" description="mike noise"/>
   <vocalsound nite:id="Bed015.vocalsound.168" starttime="" endtime="" description="laugh"/>
   <vocalsound nite:id="Bed015.vocalsound.177" starttime="" endtime="" description="laugh"/>
   <vocalsound nite:id="Bed015.vocalsound.186" starttime="" endtime="" description="laugh"/>
   <vocalsound nite:id="Bed015.vocalsound.201" starttime="" endtime="" description="laugh"/>
   <nonvocalsound nite:id="Bed015.nonvocalsound.14" starttime="" endtime="" description="mike noise"/>
   <vocalsound nite:id="Bed015.vocalsound.209" starttime="" endtime="" description="laugh"/>
   <w nite:id="Bed015.w.12,301" starttime="2651.82" endtime="2652.53" c="W">Mmm</w>
   <w nite:id="Bed015.w.12,302" starttime="2652.53" endtime="2652.53" c=".">.</w>
   <vocalsound nite:id="Bed015.vocalsound.219" starttime="" endtime="" description="laugh"/>
   <w nite:id="Bed015.w.13,967" starttime="3023.14" endtime="3024.04" c="W">Hmm</w>
   <w nite:id="Bed015.w.13,968" starttime="3024.04" endtime="3024.04" c=".">.</w>
   <comment nite:id="Bed015.comment.55" starttime="" endtime="" description="while exhaling"/>
   <vocalsound nite:id="Bed015.vocalsound.248" starttime="" endtime="" description="laugh"/>
   <vocalsound nite:id="Bed015.vocalsound.254" starttime="" endtime="" description="breath"/>
   <vocalsound nite:id="Bed015.vocalsound.261" starttime="" endtime="" description="laugh"/>
   <w nite:id="Bed015.w.15,923" starttime="3481.03" endtime="3481.13" c="W">So</w>
   <w nite:id="Bed015.w.15,924" starttime="3481.13" endtime="" c="W">we</w>
   <w nite:id="Bed015.w.15,925" starttime="" endtime="3481.19" c="W">'re</w>
   <w nite:id="Bed015.w.15,926" starttime="3481.19" endtime="3481.46" c="W">building</w>
   <w nite:id="Bed015.w.15,927" starttime="3481.46" endtime="3481.49" c="W">a</w>
   <w nite:id="Bed015.w.15,928" starttime="3481.49" endtime="3481.71" c="W">mental</w>
   <w nite:id="Bed015.w.15,929" starttime="3481.71" endtime="3482.01" c="W">space</w>
   <w nite:id="Bed015.w.15,930" starttime="3482.01" endtime="3482.01" c="CM">,</w>
   <w nite:id="Bed015.w.15,931" starttime="3482.01" endtime="3482.19" c="W">good</w>
   <w nite:id="Bed015.w.15,932" starttime="3482.19" endtime="3482.19" c=".">.</w>
   <vocalsound nite:id="Bed015.vocalsound.265" starttime="" endtime="" description="breath"/>
   <w nite:id="Bed015.w.16,063" starttime="3520.54" endtime="3520.63" c="W">I</w>
   <w nite:id="Bed015.w.16,064" starttime="3520.8" endtime="3521.16" c="W">see</w>
   <w nite:id="Bed015.w.16,065" starttime="3521.16" endtime="3521.16" c=".">.</w>
   <w nite:id="Bed015.w.16,343" starttime="3585.88" endtime="3586.16" c="W">Right</w>
   <w nite:id="Bed015.w.16,344" starttime="3586.16" endtime="3586.16" c=".">.</w>
   <vocalsound nite:id="Bed015.vocalsound.287" starttime="" endtime="" description="laugh"/>
   <vocalsound nite:id="Bed015.vocalsound.292" starttime="" endtime="" description="breath"/>
   <vocalsound nite:id="Bed015.vocalsound.297" starttime="" endtime="" description="laugh"/>
   <w nite:id="Bed015.w.17,062" starttime="3718.11" endtime="3718.2" c="W">Well</w>
   <w nite:id="Bed015.w.17,063" starttime="3718.2" endtime="3718.38" c="W">every</w>
   <w nite:id="Bed015.w.17,064" starttime="3718.38" endtime="3718.59" c="W">time</w>
   <w nite:id="Bed015.w.17,065" starttime="3718.59" endtime="3718.92" c="W">Nancy</w>
   <w nite:id="Bed015.w.17,066" starttime="3718.92" endtime="3719.39" c="W">giggles</w>
   <w nite:id="Bed015.w.17,067" starttime="3719.39" endtime="3719.52" c="W">it</w>
   <w nite:id="Bed015.w.17,068" starttime="3719.52" endtime="3720.06" c="W">means</w>
   <disfmarker nite:id="Bed015.disfmarker.602" starttime="" endtime=""/>
   <w nite:id="Bed015.w.17,069" starttime="3720.28" endtime="3720.51" c="W">it</w>
   <w nite:id="Bed015.w.17,070" starttime="3720.51" endtime="3720.8" c="W">means</w>
   <w nite:id="Bed015.w.17,071" starttime="3720.8" endtime="3720.99" c="W">that</w>
   <w nite:id="Bed015.w.17,072" starttime="3720.99" endtime="" c="W">it</w>
   <w nite:id="Bed015.w.17,073" starttime="" endtime="3721.17" c="APOSS">'s</w>
   <w nite:id="Bed015.w.17,074" starttime="3721.17" endtime="3721.31" c="W">your</w>
   <w nite:id="Bed015.w.17,075" starttime="3721.31" endtime="3721.62" c="W">job</w>
   <w nite:id="Bed015.w.17,076" starttime="3721.62" endtime="3721.62" c=".">.</w>
   <vocalsound nite:id="Bed015.vocalsound.306" starttime="" endtime="" description="laugh"/>
   <vocalsound nite:id="Bed015.vocalsound.309" starttime="" endtime="" description="laugh"/>
   <w nite:id="Bed015.w.17,670" starttime="3850.68" endtime="3850.82" c="W">I</w>
   <w nite:id="Bed015.w.17,671" starttime="3850.82" endtime="3850.9" c="TRUNCW">r</w>
   <w nite:id="Bed015.w.17,672" starttime="3850.9" endtime="3851.03" c="W">I</w>
   <w nite:id="Bed015.w.17,673" starttime="3851.03" endtime="3851.2" c="W">read</w>
   <w nite:id="Bed015.w.17,674" starttime="3851.2" endtime="3851.34" c="W">that</w>
   <w nite:id="Bed015.w.17,675" starttime="3851.34" endtime="3851.62" c="W">paper</w>
   <w nite:id="Bed015.w.17,676" starttime="3851.62" endtime="3851.62" c="CM">,</w>
   <w nite:id="Bed015.w.17,677" starttime="3851.62" endtime="3851.72" c="W">the</w>
   <w nite:id="Bed015.w.17,678" starttime="3851.72" endtime="3852.01" c="W">hedges</w>
   <w nite:id="Bed015.w.17,679" starttime="3852.01" endtime="3852.35" c="W">paper</w>
   <w nite:id="Bed015.w.17,680" starttime="3852.35" endtime="3852.35" c=".">?</w>
   <w nite:id="Bed015.w.17,681" starttime="3852.69" endtime="3852.77" c="W">I</w>
   <w nite:id="Bed015.w.17,682" starttime="3852.77" endtime="3852.96" c="W">read</w>
   <w nite:id="Bed015.w.17,683" starttime="3852.96" endtime="3853.12" c="W">some</w>
   <w nite:id="Bed015.w.17,684" starttime="3853.12" endtime="3853.21" c="W">of</w>
   <w nite:id="Bed015.w.17,685" starttime="3853.21" endtime="3853.35" c="W">that</w>
   <w nite:id="Bed015.w.17,686" starttime="3853.35" endtime="3853.61" c="W">paper</w>
   <w nite:id="Bed015.w.17,687" starttime="3853.61" endtime="3853.99" c="W">actually</w>
   <w nite:id="Bed015.w.17,688" starttime="3853.99" endtime="3853.99" c=".">.</w>
   <vocalsound nite:id="Bed015.vocalsound.313" starttime="" endtime="" description="laugh"/>
   <vocalsound nite:id="Bed015.vocalsound.316" starttime="" endtime="" description="laugh"/>
   <vocalsound nite:id="Bed015.vocalsound.321" starttime="" endtime="" description="laugh"/>
   <w nite:id="Bed015.w.17,740" starttime="3871.06" endtime="3871.28" c="W">Oh</w>
   <w nite:id="Bed015.w.17,741" starttime="3871.28" endtime="3871.28" c="CM">,</w>
   <w nite:id="Bed015.w.17,742" starttime="3871.28" endtime="3871.96" c="W">man</w>
   <w nite:id="Bed015.w.17,743" starttime="3871.96" endtime="3871.96" c=".">.</w>
   <vocalsound nite:id="Bed015.vocalsound.325" starttime="" endtime="" description="laugh"/>
   <vocalsound nite:id="Bed015.vocalsound.329" starttime="" endtime="" description="laugh"/>
   <vocalsound nite:id="Bed015.vocalsound.335" starttime="" endtime="" description="laugh"/>
   <vocalsound nite:id="Bed015.vocalsound.345" starttime="" endtime="" description="laugh"/>
   <vocalsound nite:id="Bed015.vocalsound.353" starttime="" endtime="" description="laugh"/>
   <nonvocalsound nite:id="Bed015.nonvocalsound.17" starttime="" endtime="" description="mike noise"/>
   <vocalsound nite:id="Bed015.vocalsound.364" starttime="" endtime="" description="laugh"/>
   <w nite:id="Bed015.w.18,676" starttime="4112.98" endtime="4113.61" c="W">Mmm</w>
   <w nite:id="Bed015.w.18,677" starttime="4113.61" endtime="4113.61" c=".">.</w>
   <vocalsound nite:id="Bed015.vocalsound.372" starttime="" endtime="" description="laugh"/>
   <vocalsound nite:id="Bed015.vocalsound.375" starttime="" endtime="" description="laugh"/>
   <vocalsound nite:id="Bed015.vocalsound.376" starttime="" endtime="" description="laugh"/>
   <w nite:id="Bed015.w.18,926" starttime="4188.75" endtime="" c="W">There</w>
   <w nite:id="Bed015.w.18,927" starttime="" endtime="4188.87" c="APOSS">'s</w>
   <w nite:id="Bed015.w.18,928" starttime="4188.87" endtime="4188.98" c="W">that</w>
   <w nite:id="Bed015.w.18,929" starttime="4188.98" endtime="4189.25" c="W">quote</w>
   <w nite:id="Bed015.w.18,930" starttime="4189.25" endtime="4189.31" c="W">in</w>
   <w nite:id="Bed015.w.18,931" starttime="4189.31" endtime="4189.63" c="W">Jurafsky</w>
   <w nite:id="Bed015.w.18,932" starttime="4189.63" endtime="4189.72" c="W">and</w>
   <w nite:id="Bed015.w.18,933" starttime="4189.72" endtime="4189.93" c="W">Martin</w>
   <w nite:id="Bed015.w.18,934" starttime="4189.93" endtime="4190.15" c="W">where</w>
   <disfmarker nite:id="Bed015.disfmarker.681" starttime="" endtime=""/>
   <w nite:id="Bed015.w.18,935" starttime="4190.15" endtime="4190.48" c="W">where</w>
   <w nite:id="Bed015.w.18,936" starttime="4190.72" endtime="4190.82" c="W">it</w>
   <w nite:id="Bed015.w.18,937" starttime="4190.82" endtime="4191.25" c="W">goes</w>
   <disfmarker nite:id="Bed015.disfmarker.682" starttime="" endtime=""/>
   <w nite:id="Bed015.w.18,938" starttime="4191.55" endtime="4191.64" c="W">where</w>
   <w nite:id="Bed015.w.18,939" starttime="4191.64" endtime="4191.84" c="W">some</w>
   <w nite:id="Bed015.w.18,940" starttime="4191.84" endtime="4192.04" c="W">guy</w>
   <w nite:id="Bed015.w.18,941" starttime="4192.04" endtime="4192.21" c="W">goes</w>
   <w nite:id="Bed015.w.18,942" starttime="4192.21" endtime="4192.21" c="CM">,</w>
   <w nite:id="Bed015.w.18,943" starttime="" endtime="" c="LQUOTE" qut="D">"</w>
   <w nite:id="Bed015.w.18,944" starttime="4192.21" endtime="4192.38" c="W">every</w>
   <w nite:id="Bed015.w.18,945" starttime="4192.38" endtime="4192.51" c="W">time</w>
   <w nite:id="Bed015.w.18,946" starttime="4192.51" endtime="4192.62" c="W">I</w>
   <w nite:id="Bed015.w.18,947" starttime="4192.62" endtime="4192.91" c="W">fire</w>
   <w nite:id="Bed015.w.18,948" starttime="4192.91" endtime="4192.94" c="W">a</w>
   <w nite:id="Bed015.w.18,949" starttime="4192.94" endtime="4193.33" c="W">linguist</w>
   <w nite:id="Bed015.w.18,950" starttime="4193.33" endtime="4193.39" c="W">the</w>
   <w nite:id="Bed015.w.18,951" starttime="4193.39" endtime="4193.9" c="W">performance</w>
   <w nite:id="Bed015.w.18,952" starttime="4193.9" endtime="4193.96" c="W">of</w>
   <w nite:id="Bed015.w.18,953" starttime="4193.96" endtime="4194.02" c="W">the</w>
   <w nite:id="Bed015.w.18,954" starttime="4194.02" endtime="4194.49" c="W">recognizer</w>
   <w nite:id="Bed015.w.18,955" starttime="4194.49" endtime="4194.73" c="W">goes</w>
   <w nite:id="Bed015.w.18,956" starttime="4194.73" endtime="4194.95" c="W">up</w>
   <w nite:id="Bed015.w.18,957" starttime="4194.95" endtime="4194.95" c=".">.</w>
   <w nite:id="Bed015.w.18,958" starttime="" endtime="" c="RQUOTE" qut="D">"</w>
   <vocalsound nite:id="Bed015.vocalsound.383" starttime="" endtime="" description="laugh"/>
   <vocalsound nite:id="Bed015.vocalsound.387" starttime="" endtime="" description="laugh"/>
   <vocalsound nite:id="Bed015.vocalsound.389" starttime="" endtime="" description="laugh"/>
   <w nite:id="Bed015.w.19,051" starttime="4218.6" endtime="4218.7" c="W">Ooo</w>
   <w nite:id="Bed015.w.19,052" starttime="4218.7" endtime="4218.7" c="CM">,</w>
   <w nite:id="Bed015.w.19,053" starttime="4218.7" endtime="4218.85" c="W">can</w>
   <w nite:id="Bed015.w.19,054" starttime="4218.85" endtime="4218.88" c="W">I</w>
   <w nite:id="Bed015.w.19,055" starttime="4218.88" endtime="4219.17" c="W">ask</w>
   <w nite:id="Bed015.w.19,056" starttime="4219.17" endtime="4219.36" c="W">a</w>
   <disfmarker nite:id="Bed015.disfmarker.687" starttime="" endtime=""/>
   <w nite:id="Bed015.w.19,065" starttime="4220.67" endtime="4220.76" c="W">Can</w>
   <w nite:id="Bed015.w.19,066" starttime="4220.76" endtime="4220.79" c="W">I</w>
   <w nite:id="Bed015.w.19,067" starttime="4220.79" endtime="4220.98" c="W">ask</w>
   <w nite:id="Bed015.w.19,068" starttime="4220.98" endtime="4221.01" c="W">a</w>
   <w nite:id="Bed015.w.19,069" starttime="4221.01" endtime="4221.18" c="W">quick</w>
   <w nite:id="Bed015.w.19,070" starttime="4221.18" endtime="4221.45" c="W">question</w>
   <w nite:id="Bed015.w.19,071" starttime="4221.45" endtime="4221.73" c="W">about</w>
   <w nite:id="Bed015.w.19,072" starttime="4221.73" endtime="4221.92" c="W">this</w>
   <w nite:id="Bed015.w.19,073" starttime="4221.92" endtime="4222.44" c="W">side</w>
   <w nite:id="Bed015.w.19,074" starttime="4222.44" endtime="4222.44" c=".">?</w>
   <w nite:id="Bed015.w.19,079" starttime="4222.84" endtime="4222.99" c="W">Is</w>
   <w nite:id="Bed015.w.19,080" starttime="4222.99" endtime="4223.34" c="W">this</w>
   <w nite:id="Bed015.w.19,081" starttime="4223.34" endtime="4223.34" c="CM">,</w>
   <w nite:id="Bed015.w.19,082" starttime="4223.5" endtime="4223.97" c="W">uh</w>
   <disfmarker nite:id="Bed015.disfmarker.688" starttime="" endtime=""/>
   <w nite:id="Bed015.w.19,083" starttime="4224.69" endtime="4224.87" c="W">was</w>
   <w nite:id="Bed015.w.19,084" starttime="4224.87" endtime="4224.94" c="W">it</w>
   <w nite:id="Bed015.w.19,085" starttime="4224.94" endtime="4225.32" c="W">intentional</w>
   <w nite:id="Bed015.w.19,086" starttime="4225.32" endtime="4225.38" c="W">to</w>
   <w nite:id="Bed015.w.19,087" starttime="4225.38" endtime="4225.57" c="W">leave</w>
   <w nite:id="Bed015.w.19,088" starttime="4225.57" endtime="4225.81" c="W">off</w>
   <w nite:id="Bed015.w.19,089" starttime="4225.81" endtime="4226.01" c="W">things</w>
   <w nite:id="Bed015.w.19,090" starttime="4226.01" endtime="4226.18" c="W">like</w>
   <w nite:id="Bed015.w.19,091" starttime="" endtime="" c="LQUOTE" qut="D">"</w>
   <w nite:id="Bed015.w.19,092" starttime="4226.18" endtime="4226.66" c="W">inherits</w>
   <w nite:id="Bed015.w.19,093" starttime="4226.66" endtime="4226.66" c="RQUOTE" qut="D">"</w>
   <w nite:id="Bed015.w.19,094" starttime="4226.66" endtime="4227.2" c="W">and</w>
   <disfmarker nite:id="Bed015.disfmarker.689" starttime="" endtime=""/>
   <w nite:id="Bed015.w.19,110" starttime="4232.79" endtime="4233.01" c="W">Yeah</w>
   <w nite:id="Bed015.w.19,111" starttime="4233.01" endtime="4233.01" c="CM">,</w>
   <w nite:id="Bed015.w.19,112" starttime="4233.46" endtime="4233.65" c="W">like</w>
   <w nite:id="Bed015.w.19,113" starttime="4233.65" endtime="4234.04" c="W">constructions</w>
   <w nite:id="Bed015.w.19,114" starttime="4234.04" endtime="4234.16" c="W">can</w>
   <w nite:id="Bed015.w.19,115" starttime="4234.16" endtime="4234.39" c="W">inherit</w>
   <w nite:id="Bed015.w.19,116" starttime="4234.39" endtime="4234.67" c="W">from</w>
   <w nite:id="Bed015.w.19,117" starttime="4234.67" endtime="4234.83" c="W">other</w>
   <w nite:id="Bed015.w.19,118" starttime="4234.83" endtime="4235.02" c="W">things</w>
   <w nite:id="Bed015.w.19,119" starttime="4235.02" endtime="4235.02" c="CM">,</w>
   <w nite:id="Bed015.w.19,120" starttime="4235.02" endtime="4235.12" c="W">am</w>
   <w nite:id="Bed015.w.19,121" starttime="4235.12" endtime="4235.18" c="W">I</w>
   <w nite:id="Bed015.w.19,122" starttime="4235.18" endtime="4235.4" c="W">right</w>
   <w nite:id="Bed015.w.19,123" starttime="4235.4" endtime="4235.4" c=".">?</w>
   <w nite:id="Bed015.w.19,124" starttime="4235.67" endtime="4235.9" c="W">Yeah</w>
   <w nite:id="Bed015.w.19,125" starttime="4235.9" endtime="4235.9" c=".">.</w>
   <w nite:id="Bed015.w.19,143" starttime="4239.39" endtime="4239.65" t="PLET" c="W">OK</w>
   <w nite:id="Bed015.w.19,144" starttime="4239.65" endtime="4239.65" c=".">.</w>
   <vocalsound nite:id="Bed015.vocalsound.397" starttime="" endtime="" description="laugh"/>
   <vocalsound nite:id="Bed015.vocalsound.400" starttime="" endtime="" description="laugh"/>
   <w nite:id="Bed015.w.19,701" starttime="4363.45" endtime="4364.05" c="W">Mmm</w>
   <w nite:id="Bed015.w.19,702" starttime="4364.05" endtime="4364.05" c=".">.</w>
   <vocalsound nite:id="Bed015.vocalsound.431" starttime="" endtime="" description="laugh"/>
   <w nite:id="Bed015.w.21,043" starttime="4766.52" endtime="4766.58" c="W">You</w>
   <w nite:id="Bed015.w.21,044" starttime="4766.58" endtime="4766.67" c="W">can</w>
   <w nite:id="Bed015.w.21,045" starttime="4766.67" endtime="4766.81" c="W">just</w>
   <w nite:id="Bed015.w.21,046" starttime="4766.81" endtime="4766.95" c="W">give</w>
   <w nite:id="Bed015.w.21,047" starttime="4766.95" endtime="4767.06" c="W">him</w>
   <w nite:id="Bed015.w.21,048" starttime="4767.06" endtime="4767.14" c="W">the</w>
   <w nite:id="Bed015.w.21,049" starttime="4767.14" endtime="4767.53" c="W">abstract</w>
   <w nite:id="Bed015.w.21,050" starttime="4767.53" endtime="4767.62" c="W">that</w>
   <w nite:id="Bed015.w.21,051" starttime="4767.62" endtime="4767.7" c="W">we</w>
   <w nite:id="Bed015.w.21,052" starttime="4767.7" endtime="4767.91" c="W">wrote</w>
   <w nite:id="Bed015.w.21,053" starttime="4767.91" endtime="4768.02" c="W">for</w>
   <w nite:id="Bed015.w.21,054" starttime="4768.02" endtime="4768.13" c="W">the</w>
   <w nite:id="Bed015.w.21,055" starttime="4768.13" endtime="4768.45" c="W">paper</w>
   <w nite:id="Bed015.w.21,056" starttime="4768.45" endtime="4768.45" c=".">.</w>
   <vocalsound nite:id="Bed015.vocalsound.435" starttime="" endtime="" description="laugh"/>
   <vocalsound nite:id="Bed015.vocalsound.439" starttime="" endtime="" description="breath"/>
   <w nite:id="Bed015.w.21,194" starttime="4798.15" endtime="4798.23" c="W">The</w>
   <w nite:id="Bed015.w.21,195" starttime="4798.23" endtime="" c="W">pressure</w>
   <w nite:id="Bed015.w.21,196" starttime="" endtime="4798.56" c="APOSS">'s</w>
   <w nite:id="Bed015.w.21,197" starttime="4798.56" endtime="4798.68" c="W">on</w>
   <w nite:id="Bed015.w.21,198" starttime="4798.68" endtime="4798.82" c="W">you</w>
   <w nite:id="Bed015.w.21,199" starttime="4798.82" endtime="4799.31" c="W">Nancy</w>
   <w nite:id="Bed015.w.21,200" starttime="4799.31" endtime="4799.31" c=".">.</w>
   <vocalsound nite:id="Bed015.vocalsound.442" starttime="" endtime="" description="laugh"/>
   <vocalsound nite:id="Bed015.vocalsound.443" starttime="" endtime="" description="laugh"/>
   <vocalsound nite:id="Bed015.vocalsound.444" starttime="" endtime="" description="sigh"/>
</nite:root>