<?xml version="1.0" encoding="ISO-8859-1" standalone="yes"?>
<nite:root nite:id="Bed015.B.segs" xmlns:nite="http://nite.sourceforge.net/">
   <segment nite:id="Bed015.segment.1" starttime="0.0" endtime="1.29" participant="me003" timing-provenance="segment">
      <nite:child href="Bed015.B.words.xml#id(Bed015.disfmarker.1)..id(Bed015.w.6)"/>
   </segment>
   <segment nite:id="Bed015.segment.7" starttime="4.28" endtime="5.787" participant="me003" timing-provenance="segment">
      <nite:child href="Bed015.B.words.xml#id(Bed015.vocalsound.4)"/>
   </segment>
   <segment nite:id="Bed015.segment.13" starttime="9.529" endtime="11.869" participant="me003" timing-provenance="segment">
      <nite:child href="Bed015.B.words.xml#id(Bed015.w.35)..id(Bed015.comment.1)"/>
   </segment>
   <segment nite:id="Bed015.segment.16" starttime="12.653" endtime="13.203" participant="me003" timing-provenance="dialogueact">
      <nite:child href="Bed015.B.words.xml#id(Bed015.w.47)..id(Bed015.w.50)"/>
   </segment>
   <segment nite:id="Bed015.segment.21" starttime="18.107" endtime="18.626" participant="me003" timing-provenance="segment">
      <nite:child href="Bed015.B.words.xml#id(Bed015.nonvocalsound.1)"/>
   </segment>
   <segment nite:id="Bed015.segment.91" starttime="131.61" endtime="132.505" participant="me003" timing-provenance="segment">
      <nite:child href="Bed015.B.words.xml#id(Bed015.vocalsound.48)"/>
   </segment>
   <segment nite:id="Bed015.segment.123" starttime="203.945" endtime="205.49" participant="me003" timing-provenance="segment">
      <nite:child href="Bed015.B.words.xml#id(Bed015.nonvocalsound.2)"/>
   </segment>
   <segment nite:id="Bed015.segment.198" starttime="404.17" endtime="404.9" participant="me003" timing-provenance="segment">
      <nite:child href="Bed015.B.words.xml#id(Bed015.w.1,750)..id(Bed015.disfmarker.47)"/>
   </segment>
   <segment nite:id="Bed015.segment.200" starttime="405.409" endtime="406.309" participant="me003" timing-provenance="segment">
      <nite:child href="Bed015.B.words.xml#id(Bed015.w.1,772)..id(Bed015.w.1,773)"/>
   </segment>
   <segment nite:id="Bed015.segment.220" starttime="459.49" endtime="460.265" participant="me003" timing-provenance="segment">
      <nite:child href="Bed015.B.words.xml#id(Bed015.vocalsound.87)"/>
   </segment>
   <segment nite:id="Bed015.segment.225" starttime="466.682" endtime="467.468" participant="me003" timing-provenance="segment">
      <nite:child href="Bed015.B.words.xml#id(Bed015.w.2,071)..id(Bed015.disfmarker.58)"/>
   </segment>
   <segment nite:id="Bed015.segment.241" starttime="492.241" endtime="495.941" participant="me003" timing-provenance="dialogueact">
      <nite:child href="Bed015.B.words.xml#id(Bed015.w.2,182)..id(Bed015.w.2,198)"/>
   </segment>
   <segment nite:id="Bed015.segment.243" starttime="497.723" endtime="503.001" participant="me003" timing-provenance="segment">
      <nite:child href="Bed015.B.words.xml#id(Bed015.vocalsound.95)..id(Bed015.vocalsound.96)"/>
   </segment>
   <segment nite:id="Bed015.segment.245" starttime="503.65" endtime="505.193" participant="me003" timing-provenance="segment">
      <nite:child href="Bed015.B.words.xml#id(Bed015.w.2,242)..id(Bed015.disfmarker.64)"/>
   </segment>
   <segment nite:id="Bed015.segment.247" starttime="505.428" endtime="506.495" participant="me003" timing-provenance="segment">
      <nite:child href="Bed015.B.words.xml#id(Bed015.w.2,270)..id(Bed015.comment.13)"/>
   </segment>
   <segment nite:id="Bed015.segment.248" starttime="508.135" endtime="510.485" participant="me003" timing-provenance="dialogueact">
      <nite:child href="Bed015.B.words.xml#id(Bed015.w.2,272)..id(Bed015.w.2,287)"/>
   </segment>
   <segment nite:id="Bed015.segment.251" starttime="511.546" endtime="511.706" participant="me003" timing-provenance="dialogueact">
      <nite:child href="Bed015.B.words.xml#id(Bed015.w.2,292)..id(Bed015.w.2,293)"/>
   </segment>
   <segment nite:id="Bed015.segment.253" starttime="514.36" endtime="515.08" participant="me003" timing-provenance="segment">
      <nite:child href="Bed015.B.words.xml#id(Bed015.w.2,325)..id(Bed015.disfmarker.66)"/>
   </segment>
   <segment nite:id="Bed015.segment.281" starttime="600.11" endtime="601.833" participant="me003" timing-provenance="segment">
      <nite:child href="Bed015.B.words.xml#id(Bed015.vocalsound.99)"/>
   </segment>
   <segment nite:id="Bed015.segment.360" starttime="802.558" endtime="805.651" participant="me003" timing-provenance="segment">
      <nite:child href="Bed015.B.words.xml#id(Bed015.vocalsound.113)"/>
   </segment>
   <segment nite:id="Bed015.segment.437" starttime="957.067" endtime="958.537" participant="me003" timing-provenance="dialogueact">
      <nite:child href="Bed015.B.words.xml#id(Bed015.w.4,331)..id(Bed015.w.4,339)"/>
   </segment>
   <segment nite:id="Bed015.segment.439" starttime="959.091" endtime="960.224" participant="me003" timing-provenance="segment">
      <nite:child href="Bed015.B.words.xml#id(Bed015.vocalsound.133)"/>
   </segment>
   <segment nite:id="Bed015.segment.446" starttime="963.497" endtime="965.041" participant="me003" timing-provenance="segment">
      <nite:child href="Bed015.B.words.xml#id(Bed015.vocalsound.136)"/>
   </segment>
   <segment nite:id="Bed015.segment.459" starttime="975.81" endtime="977.348" participant="me003" timing-provenance="segment">
      <nite:child href="Bed015.B.words.xml#id(Bed015.vocalsound.143)"/>
   </segment>
   <segment nite:id="Bed015.segment.566" starttime="1285.165" endtime="1287.467" participant="me003" timing-provenance="segment">
      <nite:child href="Bed015.B.words.xml#id(Bed015.vocalsound.156)"/>
   </segment>
   <segment nite:id="Bed015.segment.639" starttime="1473.91" endtime="1474.61" participant="me003" timing-provenance="segment">
      <nite:child href="Bed015.B.words.xml#id(Bed015.nonvocalsound.6)"/>
   </segment>
   <segment nite:id="Bed015.segment.654" starttime="1507.171" endtime="1508.685" participant="me003" timing-provenance="segment">
      <nite:child href="Bed015.B.words.xml#id(Bed015.vocalsound.168)"/>
   </segment>
   <segment nite:id="Bed015.segment.742" starttime="1799.858" endtime="1800.703" participant="me003" timing-provenance="segment">
      <nite:child href="Bed015.B.words.xml#id(Bed015.vocalsound.177)"/>
   </segment>
   <segment nite:id="Bed015.segment.782" starttime="1890.72" endtime="1891.574" participant="me003" timing-provenance="segment">
      <nite:child href="Bed015.B.words.xml#id(Bed015.vocalsound.186)"/>
   </segment>
   <segment nite:id="Bed015.segment.957" starttime="2502.906" endtime="2503.676" participant="me003" timing-provenance="segment">
      <nite:child href="Bed015.B.words.xml#id(Bed015.vocalsound.201)"/>
   </segment>
   <segment nite:id="Bed015.segment.968" starttime="2535.355" endtime="2537.885" participant="me003" timing-provenance="segment">
      <nite:child href="Bed015.B.words.xml#id(Bed015.nonvocalsound.14)"/>
   </segment>
   <segment nite:id="Bed015.segment.983" starttime="2599.311" endtime="2600.105" participant="me003" timing-provenance="segment">
      <nite:child href="Bed015.B.words.xml#id(Bed015.vocalsound.209)"/>
   </segment>
   <segment nite:id="Bed015.segment.1,001" starttime="2651.82" endtime="2652.53" participant="me003" timing-provenance="dialogueact">
      <nite:child href="Bed015.B.words.xml#id(Bed015.w.12,301)..id(Bed015.w.12,302)"/>
   </segment>
   <segment nite:id="Bed015.segment.1,005" starttime="2660.502" endtime="2661.341" participant="me003" timing-provenance="segment">
      <nite:child href="Bed015.B.words.xml#id(Bed015.vocalsound.219)"/>
   </segment>
   <segment nite:id="Bed015.segment.1,128" starttime="3023.031" endtime="3024.144" participant="me003" timing-provenance="segment">
      <nite:child href="Bed015.B.words.xml#id(Bed015.w.13,967)..id(Bed015.comment.55)"/>
   </segment>
   <segment nite:id="Bed015.segment.1,165" starttime="3130.441" endtime="3131.313" participant="me003" timing-provenance="segment">
      <nite:child href="Bed015.B.words.xml#id(Bed015.vocalsound.248)"/>
   </segment>
   <segment nite:id="Bed015.segment.1,267" starttime="3408.506" endtime="3410.833" participant="me003" timing-provenance="segment">
      <nite:child href="Bed015.B.words.xml#id(Bed015.vocalsound.254)"/>
   </segment>
   <segment nite:id="Bed015.segment.1,294" starttime="3476.381" endtime="3477.63" participant="me003" timing-provenance="segment">
      <nite:child href="Bed015.B.words.xml#id(Bed015.vocalsound.261)"/>
   </segment>
   <segment nite:id="Bed015.segment.1,301" starttime="3481.03" endtime="3482.19" participant="me003" timing-provenance="dialogueact">
      <nite:child href="Bed015.B.words.xml#id(Bed015.w.15,923)..id(Bed015.w.15,932)"/>
   </segment>
   <segment nite:id="Bed015.segment.1,305" starttime="3483.02" endtime="3484.286" participant="me003" timing-provenance="segment">
      <nite:child href="Bed015.B.words.xml#id(Bed015.vocalsound.265)"/>
   </segment>
   <segment nite:id="Bed015.segment.1,318" starttime="3520.54" endtime="3521.16" participant="me003" timing-provenance="dialogueact">
      <nite:child href="Bed015.B.words.xml#id(Bed015.w.16,063)..id(Bed015.w.16,065)"/>
   </segment>
   <segment nite:id="Bed015.segment.1,342" starttime="3585.88" endtime="3586.16" participant="me003" timing-provenance="dialogueact">
      <nite:child href="Bed015.B.words.xml#id(Bed015.w.16,343)..id(Bed015.w.16,344)"/>
   </segment>
   <segment nite:id="Bed015.segment.1,394" starttime="3694.876" endtime="3696.92" participant="me003" timing-provenance="segment">
      <nite:child href="Bed015.B.words.xml#id(Bed015.vocalsound.287)"/>
   </segment>
   <segment nite:id="Bed015.segment.1,402" starttime="3701.784" endtime="3703.458" participant="me003" timing-provenance="segment">
      <nite:child href="Bed015.B.words.xml#id(Bed015.vocalsound.292)"/>
   </segment>
   <segment nite:id="Bed015.segment.1,410" starttime="3716.566" endtime="3717.963" participant="me003" timing-provenance="segment">
      <nite:child href="Bed015.B.words.xml#id(Bed015.vocalsound.297)"/>
   </segment>
   <segment nite:id="Bed015.segment.1,412" starttime="3718.11" endtime="3721.62" participant="me003" timing-provenance="dialogueact">
      <nite:child href="Bed015.B.words.xml#id(Bed015.w.17,062)..id(Bed015.w.17,076)"/>
   </segment>
   <segment nite:id="Bed015.segment.1,455" starttime="3825.853" endtime="3826.71" participant="me003" timing-provenance="segment">
      <nite:child href="Bed015.B.words.xml#id(Bed015.vocalsound.306)"/>
   </segment>
   <segment nite:id="Bed015.segment.1,469" starttime="3847.243" endtime="3848.67" participant="me003" timing-provenance="segment">
      <nite:child href="Bed015.B.words.xml#id(Bed015.vocalsound.309)"/>
   </segment>
   <segment nite:id="Bed015.segment.1,473" starttime="3850.623" endtime="3855.035" participant="me003" timing-provenance="segment">
      <nite:child href="Bed015.B.words.xml#id(Bed015.w.17,670)..id(Bed015.vocalsound.313)"/>
   </segment>
   <segment nite:id="Bed015.segment.1,479" starttime="3858.48" endtime="3861.14" participant="me003" timing-provenance="segment">
      <nite:child href="Bed015.B.words.xml#id(Bed015.vocalsound.316)"/>
   </segment>
   <segment nite:id="Bed015.segment.1,486" starttime="3863.41" endtime="3869.74" participant="me003" timing-provenance="segment">
      <nite:child href="Bed015.B.words.xml#id(Bed015.vocalsound.321)"/>
   </segment>
   <segment nite:id="Bed015.segment.1,491" starttime="3871.06" endtime="3871.96" participant="me003" timing-provenance="dialogueact">
      <nite:child href="Bed015.B.words.xml#id(Bed015.w.17,740)..id(Bed015.w.17,743)"/>
   </segment>
   <segment nite:id="Bed015.segment.1,492" starttime="3872.446" endtime="3874.118" participant="me003" timing-provenance="segment">
      <nite:child href="Bed015.B.words.xml#id(Bed015.vocalsound.325)"/>
   </segment>
   <segment nite:id="Bed015.segment.1,510" starttime="3902.295" endtime="3903.645" participant="me003" timing-provenance="segment">
      <nite:child href="Bed015.B.words.xml#id(Bed015.vocalsound.329)"/>
   </segment>
   <segment nite:id="Bed015.segment.1,520" starttime="3915.944" endtime="3917.789" participant="me003" timing-provenance="segment">
      <nite:child href="Bed015.B.words.xml#id(Bed015.vocalsound.335)"/>
   </segment>
   <segment nite:id="Bed015.segment.1,545" starttime="3972.792" endtime="3974.393" participant="me003" timing-provenance="segment">
      <nite:child href="Bed015.B.words.xml#id(Bed015.vocalsound.345)"/>
   </segment>
   <segment nite:id="Bed015.segment.1,566" starttime="4003.249" endtime="4004.486" participant="me003" timing-provenance="segment">
      <nite:child href="Bed015.B.words.xml#id(Bed015.vocalsound.353)"/>
   </segment>
   <segment nite:id="Bed015.segment.1,583" starttime="4073.58" endtime="4074.27" participant="me003" timing-provenance="segment">
      <nite:child href="Bed015.B.words.xml#id(Bed015.nonvocalsound.17)"/>
   </segment>
   <segment nite:id="Bed015.segment.1,590" starttime="4083.868" endtime="4084.926" participant="me003" timing-provenance="segment">
      <nite:child href="Bed015.B.words.xml#id(Bed015.vocalsound.364)"/>
   </segment>
   <segment nite:id="Bed015.segment.1,599" starttime="4112.98" endtime="4113.61" participant="me003" timing-provenance="dialogueact">
      <nite:child href="Bed015.B.words.xml#id(Bed015.w.18,676)..id(Bed015.w.18,677)"/>
   </segment>
   <segment nite:id="Bed015.segment.1,623" starttime="4179.821" endtime="4181.51" participant="me003" timing-provenance="segment">
      <nite:child href="Bed015.B.words.xml#id(Bed015.vocalsound.372)"/>
   </segment>
   <segment nite:id="Bed015.segment.1,627" starttime="4182.567" endtime="4183.498" participant="me003" timing-provenance="segment">
      <nite:child href="Bed015.B.words.xml#id(Bed015.vocalsound.375)"/>
   </segment>
   <segment nite:id="Bed015.segment.1,629" starttime="4184.072" endtime="4185.04" participant="me003" timing-provenance="segment">
      <nite:child href="Bed015.B.words.xml#id(Bed015.vocalsound.376)"/>
   </segment>
   <segment nite:id="Bed015.segment.1,636" starttime="4188.677" endtime="4196.218" participant="me003" timing-provenance="segment">
      <nite:child href="Bed015.B.words.xml#id(Bed015.w.18,926)..id(Bed015.vocalsound.383)"/>
   </segment>
   <segment nite:id="Bed015.segment.1,641" starttime="4197.502" endtime="4198.988" participant="me003" timing-provenance="segment">
      <nite:child href="Bed015.B.words.xml#id(Bed015.vocalsound.387)"/>
   </segment>
   <segment nite:id="Bed015.segment.1,646" starttime="4200.246" endtime="4201.892" participant="me003" timing-provenance="segment">
      <nite:child href="Bed015.B.words.xml#id(Bed015.vocalsound.389)"/>
   </segment>
   <segment nite:id="Bed015.segment.1,656" starttime="4218.543" endtime="4219.747" participant="me003" timing-provenance="segment">
      <nite:child href="Bed015.B.words.xml#id(Bed015.w.19,051)..id(Bed015.disfmarker.687)"/>
   </segment>
   <segment nite:id="Bed015.segment.1,659" starttime="4220.67" endtime="4222.44" participant="me003" timing-provenance="dialogueact">
      <nite:child href="Bed015.B.words.xml#id(Bed015.w.19,065)..id(Bed015.w.19,074)"/>
   </segment>
   <segment nite:id="Bed015.segment.1,662" starttime="4222.773" endtime="4227.42" participant="me003" timing-provenance="segment">
      <nite:child href="Bed015.B.words.xml#id(Bed015.w.19,079)..id(Bed015.disfmarker.689)"/>
   </segment>
   <segment nite:id="Bed015.segment.1,667" starttime="4232.79" endtime="4235.9" participant="me003" timing-provenance="dialogueact">
      <nite:child href="Bed015.B.words.xml#id(Bed015.w.19,110)..id(Bed015.w.19,125)"/>
   </segment>
   <segment nite:id="Bed015.segment.1,671" starttime="4239.39" endtime="4239.65" participant="me003" timing-provenance="dialogueact">
      <nite:child href="Bed015.B.words.xml#id(Bed015.w.19,143)..id(Bed015.w.19,144)"/>
   </segment>
   <segment nite:id="Bed015.segment.1,680" starttime="4253.602" endtime="4254.507" participant="me003" timing-provenance="segment">
      <nite:child href="Bed015.B.words.xml#id(Bed015.vocalsound.397)"/>
   </segment>
   <segment nite:id="Bed015.segment.1,703" starttime="4292.606" endtime="4293.98" participant="me003" timing-provenance="segment">
      <nite:child href="Bed015.B.words.xml#id(Bed015.vocalsound.400)"/>
   </segment>
   <segment nite:id="Bed015.segment.1,732" starttime="4363.45" endtime="4364.05" participant="me003" timing-provenance="dialogueact">
      <nite:child href="Bed015.B.words.xml#id(Bed015.w.19,701)..id(Bed015.w.19,702)"/>
   </segment>
   <segment nite:id="Bed015.segment.1,852" starttime="4762.457" endtime="4763.383" participant="me003" timing-provenance="segment">
      <nite:child href="Bed015.B.words.xml#id(Bed015.vocalsound.431)"/>
   </segment>
   <segment nite:id="Bed015.segment.1,854" starttime="4766.52" endtime="4768.45" participant="me003" timing-provenance="dialogueact">
      <nite:child href="Bed015.B.words.xml#id(Bed015.w.21,043)..id(Bed015.w.21,056)"/>
   </segment>
   <segment nite:id="Bed015.segment.1,858" starttime="4770.1" endtime="4772.162" participant="me003" timing-provenance="segment">
      <nite:child href="Bed015.B.words.xml#id(Bed015.vocalsound.435)"/>
   </segment>
   <segment nite:id="Bed015.segment.1,872" starttime="4791.48" endtime="4792.67" participant="me003" timing-provenance="segment">
      <nite:child href="Bed015.B.words.xml#id(Bed015.vocalsound.439)"/>
   </segment>
   <segment nite:id="Bed015.segment.1,876" starttime="4798.15" endtime="4799.31" participant="me003" timing-provenance="dialogueact">
      <nite:child href="Bed015.B.words.xml#id(Bed015.w.21,194)..id(Bed015.w.21,200)"/>
   </segment>
   <segment nite:id="Bed015.segment.1,878" starttime="4800.045" endtime="4800.96" participant="me003" timing-provenance="segment">
      <nite:child href="Bed015.B.words.xml#id(Bed015.vocalsound.442)"/>
   </segment>
   <segment nite:id="Bed015.segment.1,883" starttime="4808.416" endtime="4812.541" participant="me003" timing-provenance="segment">
      <nite:child href="Bed015.B.words.xml#id(Bed015.vocalsound.443)..id(Bed015.vocalsound.444)"/>
   </segment>
</nite:root>