<?xml version="1.0" encoding="ISO-8859-1" standalone="yes"?>
<nite:root nite:id="Bed008.C.words" xmlns:nite="http://nite.sourceforge.net/">
   <vocalsound nite:id="Bed008.vocalsound.1" starttime="" endtime="" description="laugh"/>
   <w nite:id="Bed008.w.433" starttime="" endtime="" c="W">Transcript</w>
   <w nite:id="Bed008.w.434" starttime="" endtime="" c="LET">L</w>
   <w nite:id="Bed008.w.435" starttime="" endtime="" c="W">eighty</w>
   <w nite:id="Bed008.w.436" starttime="" endtime="" c="HYPH">-</w>
   <w nite:id="Bed008.w.437" starttime="" endtime="" c="W">three</w>
   <w nite:id="Bed008.w.438" starttime="" endtime="" c=".">.</w>
   <comment nite:id="Bed008.comment.39" starttime="" endtime="" description="Digits"/>
   <w nite:id="Bed008.w.439" starttime="" endtime="" c="W">nine</w>
   <w nite:id="Bed008.w.440" starttime="" endtime="" c="W">two</w>
   <w nite:id="Bed008.w.441" starttime="" endtime="" c="W">four</w>
   <w nite:id="Bed008.w.442" starttime="" endtime="" c="W">seven</w>
   <w nite:id="Bed008.w.443" starttime="" endtime="" c="CM">,</w>
   <w nite:id="Bed008.w.444" starttime="" endtime="" c="W">six</w>
   <w nite:id="Bed008.w.445" starttime="" endtime="" c="W">nine</w>
   <w nite:id="Bed008.w.446" starttime="" endtime="" c="W">four</w>
   <w nite:id="Bed008.w.447" starttime="" endtime="" c="W">five</w>
   <w nite:id="Bed008.w.448" starttime="" endtime="" c="CM">,</w>
   <w nite:id="Bed008.w.449" starttime="" endtime="" c="W">five</w>
   <w nite:id="Bed008.w.450" starttime="" endtime="" c="W">seven</w>
   <w nite:id="Bed008.w.451" starttime="" endtime="" c="W">eight</w>
   <w nite:id="Bed008.w.452" starttime="" endtime="" c="W">seven</w>
   <comment nite:id="Bed008.comment.40" starttime="" endtime="" description="Digits"/>
   <w nite:id="Bed008.w.453" starttime="" endtime="" c="W">zero</w>
   <w nite:id="Bed008.w.454" starttime="" endtime="" c="W">nine</w>
   <w nite:id="Bed008.w.455" starttime="" endtime="" c="W">nine</w>
   <w nite:id="Bed008.w.456" starttime="" endtime="" c="CM">,</w>
   <w nite:id="Bed008.w.457" starttime="" endtime="" c="W">eight</w>
   <w nite:id="Bed008.w.458" starttime="" endtime="" c="W">eight</w>
   <w nite:id="Bed008.w.459" starttime="" endtime="" c="W">two</w>
   <w nite:id="Bed008.w.460" starttime="" endtime="" c="CM">,</w>
   <w nite:id="Bed008.w.461" starttime="" endtime="" c="W">nine</w>
   <w nite:id="Bed008.w.462" starttime="" endtime="" c="W">four</w>
   <w nite:id="Bed008.w.463" starttime="" endtime="" c="W">five</w>
   <w nite:id="Bed008.w.464" starttime="" endtime="" c="W">three</w>
   <comment nite:id="Bed008.comment.41" starttime="" endtime="" description="Digits"/>
   <w nite:id="Bed008.w.465" starttime="" endtime="" c="W">zero</w>
   <w nite:id="Bed008.w.466" starttime="" endtime="" c="CM">,</w>
   <w nite:id="Bed008.w.467" starttime="" endtime="" c="W">nine</w>
   <w nite:id="Bed008.w.468" starttime="" endtime="" c="W">seven</w>
   <w nite:id="Bed008.w.469" starttime="" endtime="" c="W">one</w>
   <w nite:id="Bed008.w.470" starttime="" endtime="" c="CM">,</w>
   <w nite:id="Bed008.w.471" starttime="" endtime="" c="W">five</w>
   <w nite:id="Bed008.w.472" starttime="" endtime="" c="W">four</w>
   <w nite:id="Bed008.w.473" starttime="" endtime="" c="CM">,</w>
   <w nite:id="Bed008.w.474" starttime="" endtime="" c="W">one</w>
   <w nite:id="Bed008.w.475" starttime="" endtime="" c="W">four</w>
   <w nite:id="Bed008.w.476" starttime="" endtime="" c="W">two</w>
   <w nite:id="Bed008.w.477" starttime="" endtime="" c="CM">,</w>
   <w nite:id="Bed008.w.478" starttime="" endtime="" c="W">seven</w>
   <comment nite:id="Bed008.comment.42" starttime="" endtime="" description="Digits"/>
   <w nite:id="Bed008.w.479" starttime="" endtime="" c="W">six</w>
   <w nite:id="Bed008.w.480" starttime="" endtime="" c="W">six</w>
   <w nite:id="Bed008.w.481" starttime="" endtime="" c="W">eight</w>
   <w nite:id="Bed008.w.482" starttime="" endtime="" c="CM">,</w>
   <w nite:id="Bed008.w.483" starttime="" endtime="" c="W">six</w>
   <w nite:id="Bed008.w.484" starttime="" endtime="" c="W">one</w>
   <w nite:id="Bed008.w.485" starttime="" endtime="" c="W">eight</w>
   <w nite:id="Bed008.w.486" starttime="" endtime="" c="CM">,</w>
   <w nite:id="Bed008.w.487" starttime="" endtime="" c="W">seven</w>
   <w nite:id="Bed008.w.488" starttime="" endtime="" c="W">six</w>
   <w nite:id="Bed008.w.489" starttime="" endtime="" c="W">eight</w>
   <comment nite:id="Bed008.comment.43" starttime="" endtime="" description="Digits"/>
   <w nite:id="Bed008.w.490" starttime="" endtime="" c="W">zero</w>
   <w nite:id="Bed008.w.491" starttime="" endtime="" c="W">seven</w>
   <w nite:id="Bed008.w.492" starttime="" endtime="" c="W">two</w>
   <w nite:id="Bed008.w.493" starttime="" endtime="" c="CM">,</w>
   <w nite:id="Bed008.w.494" starttime="" endtime="" c="W">seven</w>
   <w nite:id="Bed008.w.495" starttime="" endtime="" c="W">four</w>
   <w nite:id="Bed008.w.496" starttime="" endtime="" c="W">two</w>
   <w nite:id="Bed008.w.497" starttime="" endtime="" c="CM">,</w>
   <w nite:id="Bed008.w.498" starttime="" endtime="" c="W">four</w>
   <w nite:id="Bed008.w.499" starttime="" endtime="" c="W">nine</w>
   <w nite:id="Bed008.w.500" starttime="" endtime="" c="W">nine</w>
   <w nite:id="Bed008.w.501" starttime="" endtime="" c="W">four</w>
   <comment nite:id="Bed008.comment.44" starttime="" endtime="" description="Digits"/>
   <w nite:id="Bed008.w.502" starttime="" endtime="" c="W">six</w>
   <w nite:id="Bed008.w.503" starttime="" endtime="" c="CM">,</w>
   <w nite:id="Bed008.w.504" starttime="" endtime="" c="W">nine</w>
   <w nite:id="Bed008.w.505" starttime="" endtime="" c="W">six</w>
   <w nite:id="Bed008.w.506" starttime="" endtime="" c="W">seven</w>
   <w nite:id="Bed008.w.507" starttime="" endtime="" c="CM">,</w>
   <w nite:id="Bed008.w.508" starttime="" endtime="" c="W">zero</w>
   <w nite:id="Bed008.w.509" starttime="" endtime="" c="W">seven</w>
   <w nite:id="Bed008.w.510" starttime="" endtime="" c="CM">,</w>
   <w nite:id="Bed008.w.511" starttime="" endtime="" c="W">four</w>
   <w nite:id="Bed008.w.512" starttime="" endtime="" c="W">two</w>
   <w nite:id="Bed008.w.513" starttime="" endtime="" c="W">nine</w>
   <w nite:id="Bed008.w.514" starttime="" endtime="" c="CM">,</w>
   <w nite:id="Bed008.w.515" starttime="" endtime="" c="W">four</w>
   <comment nite:id="Bed008.comment.45" starttime="" endtime="" description="Digits"/>
   <w nite:id="Bed008.w.516" starttime="" endtime="" c="W">two</w>
   <w nite:id="Bed008.w.517" starttime="" endtime="" c="W">one</w>
   <w nite:id="Bed008.w.518" starttime="" endtime="" c="W">four</w>
   <w nite:id="Bed008.w.519" starttime="" endtime="" c="W">two</w>
   <w nite:id="Bed008.w.520" starttime="" endtime="" c="CM">,</w>
   <w nite:id="Bed008.w.521" starttime="" endtime="" c="W">two</w>
   <w nite:id="Bed008.w.522" starttime="" endtime="" c="CM">,</w>
   <w nite:id="Bed008.w.523" starttime="" endtime="" c="W">five</w>
   <w nite:id="Bed008.w.524" starttime="" endtime="" c="W">five</w>
   <w nite:id="Bed008.w.525" starttime="" endtime="" c="W">zero</w>
   <comment nite:id="Bed008.comment.46" starttime="" endtime="" description="Digits"/>
   <w nite:id="Bed008.w.526" starttime="" endtime="" c="W">zero</w>
   <w nite:id="Bed008.w.527" starttime="" endtime="" c="W">six</w>
   <w nite:id="Bed008.w.528" starttime="" endtime="" c="CM">,</w>
   <w nite:id="Bed008.w.529" starttime="" endtime="" c="W">four</w>
   <w nite:id="Bed008.w.530" starttime="" endtime="" c="W">six</w>
   <w nite:id="Bed008.w.531" starttime="" endtime="" c="CM">,</w>
   <w nite:id="Bed008.w.532" starttime="" endtime="" c="W">eighty</w>
   <w nite:id="Bed008.w.533" starttime="" endtime="" c="HYPH">-</w>
   <w nite:id="Bed008.w.534" starttime="" endtime="" c="W">two</w>
   <disfmarker nite:id="Bed008.disfmarker.1" starttime="" endtime=""/>
   <comment nite:id="Bed008.comment.47" starttime="" endtime="" description="Digits"/>
   <w nite:id="Bed008.w.535" starttime="" endtime="" c="W">Oh</w>
   <w nite:id="Bed008.w.536" starttime="" endtime="" c="CM">,</w>
   <w nite:id="Bed008.w.537" starttime="" endtime="" c="W">excuse</w>
   <w nite:id="Bed008.w.538" starttime="" endtime="" c="W">me</w>
   <w nite:id="Bed008.w.539" starttime="" endtime="" c=".">.</w>
   <comment nite:id="Bed008.comment.48" starttime="" endtime="" description="correction sequence"/>
   <comment nite:id="Bed008.comment.49" starttime="" endtime="" description="Digits"/>
   <w nite:id="Bed008.w.540" starttime="" endtime="" c="W">eight</w>
   <w nite:id="Bed008.w.541" starttime="" endtime="" c="W">two</w>
   <w nite:id="Bed008.w.542" starttime="" endtime="" c="CM">,</w>
   <w nite:id="Bed008.w.543" starttime="" endtime="" c="W">four</w>
   <w nite:id="Bed008.w.544" starttime="" endtime="" c="W">five</w>
   <w nite:id="Bed008.w.545" starttime="" endtime="" c="CM">,</w>
   <w nite:id="Bed008.w.546" starttime="" endtime="" c="W">four</w>
   <w nite:id="Bed008.w.547" starttime="" endtime="" c="W">six</w>
   <w nite:id="Bed008.w.548" starttime="" endtime="" c=".">.</w>
   <comment nite:id="Bed008.comment.50" starttime="" endtime="" description="Digits"/>
   <w nite:id="Bed008.w.588" starttime="279.257" endtime="" c="W">Nancy</w>
   <w nite:id="Bed008.w.589" starttime="" endtime="279.597" c="APOSS">'s</w>
   <w nite:id="Bed008.w.590" starttime="279.597" endtime="279.787" c="W">still</w>
   <w nite:id="Bed008.w.591" starttime="279.787" endtime="280.157" c="W">stick</w>
   <w nite:id="Bed008.w.592" starttime="280.157" endtime="280.157" c=".">?</w>
   <comment nite:id="Bed008.comment.51" starttime="" endtime="" description="probably speech error, meaning &quot;sick&quot;"/>
   <w nite:id="Bed008.w.715" starttime="337.807" endtime="337.867" c="W">Is</w>
   <w nite:id="Bed008.w.716" starttime="337.867" endtime="337.977" c="W">your</w>
   <w nite:id="Bed008.w.717" starttime="337.977" endtime="338.247" c="W">mike</w>
   <w nite:id="Bed008.w.718" starttime="338.247" endtime="338.877" c="W">on</w>
   <w nite:id="Bed008.w.719" starttime="338.877" endtime="338.877" c=".">?</w>
   <vocalsound nite:id="Bed008.vocalsound.4" starttime="" endtime="" description="laugh"/>
   <w nite:id="Bed008.w.1,475" starttime="591.36" endtime="591.62" c="W">Yes</w>
   <w nite:id="Bed008.w.1,476" starttime="591.62" endtime="591.62" c=".">.</w>
   <w nite:id="Bed008.w.2,397" starttime="892.02" endtime="" c="W">What</w>
   <w nite:id="Bed008.w.2,398" starttime="" endtime="892.14" c="APOSS">'s</w>
   <w nite:id="Bed008.w.2,399" starttime="892.14" endtime="892.2" c="W">the</w>
   <w nite:id="Bed008.w.2,400" starttime="892.2" endtime="892.46" c="W">difference</w>
   <w nite:id="Bed008.w.2,401" starttime="892.46" endtime="892.65" c="W">between</w>
   <w nite:id="Bed008.w.2,402" starttime="892.65" endtime="893.27" c="W">mode</w>
   <w nite:id="Bed008.w.2,409" starttime="894.02" endtime="894.11" c="W">and</w>
   <w nite:id="Bed008.w.2,410" starttime="894.11" endtime="894.58" c="W">endpoint</w>
   <w nite:id="Bed008.w.2,411" starttime="894.58" endtime="894.58" c=".">?</w>
   <w nite:id="Bed008.w.2,532" starttime="937.79" endtime="937.82" c="W">Uh</w>
   <vocalsound nite:id="Bed008.vocalsound.24" starttime="" endtime="" description="laugh"/>
   <w nite:id="Bed008.w.2,542" starttime="939.79" endtime="939.88" c="W">Would</w>
   <w nite:id="Bed008.w.2,543" starttime="939.88" endtime="939.99" c="W">it</w>
   <w nite:id="Bed008.w.2,544" starttime="939.99" endtime="940.11" c="W">be</w>
   <w nite:id="Bed008.w.2,545" starttime="940.11" endtime="940.21" c="W">an</w>
   <w nite:id="Bed008.w.2,546" starttime="940.21" endtime="940.6" c="W">endpoint</w>
   <w nite:id="Bed008.w.2,547" starttime="940.6" endtime="940.68" c="W">if</w>
   <w nite:id="Bed008.w.2,548" starttime="940.68" endtime="940.78" c="W">you</w>
   <w nite:id="Bed008.w.2,549" starttime="940.78" endtime="940.89" c="W">were</w>
   <w nite:id="Bed008.w.2,550" starttime="940.89" endtime="941.24" c="W">crossing</w>
   <w nite:id="Bed008.w.2,551" starttime="941.24" endtime="941.53" c="W">over</w>
   <w nite:id="Bed008.w.2,552" starttime="941.53" endtime="941.62" c="W">it</w>
   <w nite:id="Bed008.w.2,553" starttime="941.62" endtime="941.62" c=".">?</w>
   <w nite:id="Bed008.w.2,584" starttime="949.66" endtime="949.75" c="W">Well</w>
   <w nite:id="Bed008.w.2,585" starttime="949.75" endtime="949.93" c="W">I</w>
   <w nite:id="Bed008.w.2,586" starttime="951.33" endtime="951.54" c="W">eh</w>
   <vocalsound nite:id="Bed008.vocalsound.25" starttime="" endtime="" description="laugh"/>
   <w nite:id="Bed008.w.3,104" starttime="1122.2" endtime="1122.55" c="W">Right</w>
   <w nite:id="Bed008.w.3,105" starttime="1122.55" endtime="1122.55" c=".">.</w>
   <vocalsound nite:id="Bed008.vocalsound.31" starttime="" endtime="" description="laugh"/>
   <w nite:id="Bed008.w.3,198" starttime="1174.32" endtime="1174.46" c="W">If</w>
   <w nite:id="Bed008.w.3,199" starttime="1174.46" endtime="1174.8" c="W">the</w>
   <disfmarker nite:id="Bed008.disfmarker.58" starttime="" endtime=""/>
   <w nite:id="Bed008.w.3,200" starttime="1175.09" endtime="1175.28" c="W">if</w>
   <w nite:id="Bed008.w.3,201" starttime="1175.52" endtime="1175.62" c="W">the</w>
   <w nite:id="Bed008.w.3,202" starttime="1175.62" endtime="1176.05" c="W">person</w>
   <w nite:id="Bed008.w.3,203" starttime="1176.05" endtime="1176.55" c="W">talking</w>
   <w nite:id="Bed008.w.3,204" starttime="1176.55" endtime="1176.7" c="W">is</w>
   <w nite:id="Bed008.w.3,205" starttime="1176.7" endtime="1177.27" c="W">angry</w>
   <w nite:id="Bed008.w.3,206" starttime="1177.27" endtime="1177.48" c="W">or</w>
   <w nite:id="Bed008.w.3,207" starttime="1177.48" endtime="1177.84" c="W">slurs</w>
   <w nite:id="Bed008.w.3,208" starttime="1177.84" endtime="1177.98" c="W">their</w>
   <w nite:id="Bed008.w.3,209" starttime="1177.98" endtime="1178.46" c="W">speech</w>
   <w nite:id="Bed008.w.3,214" starttime="1178.82" endtime="1178.88" c="W">they</w>
   <w nite:id="Bed008.w.3,215" starttime="1178.88" endtime="1179.05" c="W">might</w>
   <w nite:id="Bed008.w.3,216" starttime="1179.05" endtime="1179.16" c="W">be</w>
   <w nite:id="Bed008.w.3,217" starttime="1179.16" endtime="1179.66" c="W">tired</w>
   <w nite:id="Bed008.w.3,218" starttime="1179.66" endtime="1179.9" c="W">or</w>
   <w nite:id="Bed008.w.3,219" starttime="1179.9" endtime="1179.9" c="CM">,</w>
   <w nite:id="Bed008.w.3,220" starttime="1179.9" endtime="1180.04" c="W">you</w>
   <w nite:id="Bed008.w.3,221" starttime="1180.04" endtime="1180.25" c="W">know</w>
   <w nite:id="Bed008.w.3,227" starttime="1183.24" endtime="1183.54" c="W">And</w>
   <w nite:id="Bed008.w.3,228" starttime="1183.54" endtime="1183.54" c="CM">,</w>
   <w nite:id="Bed008.w.3,229" starttime="1183.77" endtime="1183.88" c="W">you</w>
   <w nite:id="Bed008.w.3,230" starttime="1183.88" endtime="1184.1" c="W">know</w>
   <w nite:id="Bed008.w.3,231" starttime="1184.1" endtime="1184.1" c="CM">,</w>
   <w nite:id="Bed008.w.3,232" starttime="1184.22" endtime="1184.84" c="W">possibly</w>
   <w nite:id="Bed008.w.3,233" starttime="1184.84" endtime="1185.24" c="W">uh</w>
   <w nite:id="Bed008.w.3,241" starttime="1187.21" endtime="1187.55" c="W">some</w>
   <w nite:id="Bed008.w.3,242" starttime="1187.55" endtime="1187.55" c="CM">,</w>
   <w nite:id="Bed008.w.3,243" starttime="1187.73" endtime="1188.05" c="W">yeah</w>
   <w nite:id="Bed008.w.3,244" starttime="1188.05" endtime="1188.05" c=".">.</w>
   <w nite:id="Bed008.w.3,852" starttime="1403.08" endtime="1403.3" c="W">Basic</w>
   <w nite:id="Bed008.w.3,853" starttime="" endtime="" c="SYM">-</w>
   <w nite:id="Bed008.w.3,854" starttime="1403.3" endtime="" c="W">you</w>
   <w nite:id="Bed008.w.3,855" starttime="" endtime="1403.43" c="W">'re</w>
   <w nite:id="Bed008.w.3,856" starttime="1403.88" endtime="1404.21" c="W">basically</w>
   <w nite:id="Bed008.w.3,857" starttime="1404.21" endtime="1404.4" c="W">just</w>
   <w nite:id="Bed008.w.3,858" starttime="1404.4" endtime="1404.74" c="W">merging</w>
   <w nite:id="Bed008.w.3,859" starttime="1404.74" endtime="1405.05" c="W">those</w>
   <w nite:id="Bed008.w.3,860" starttime="1405.05" endtime="1405.36" c="W">for</w>
   <w nite:id="Bed008.w.3,861" starttime="1405.36" endtime="1405.63" c="W">just</w>
   <w nite:id="Bed008.w.3,862" starttime="1405.63" endtime="1405.78" c="W">the</w>
   <w nite:id="Bed008.w.3,863" starttime="1405.78" endtime="1405.99" c="W">sake</w>
   <w nite:id="Bed008.w.3,864" starttime="1405.99" endtime="1406.09" c="W">of</w>
   <w nite:id="Bed008.w.3,865" starttime="1406.09" endtime="1406.64" c="W">endpoint</w>
   <w nite:id="Bed008.w.3,866" starttime="1406.64" endtime="1407.09" c="W">decision</w>
   <w nite:id="Bed008.w.3,867" starttime="1407.09" endtime="1407.09" c=".">?</w>
   <w nite:id="Bed008.w.3,868" starttime="1407.09" endtime="1407.22" c="W">Yeah</w>
   <w nite:id="Bed008.w.3,869" starttime="1407.22" endtime="1407.22" c=".">.</w>
   <w nite:id="Bed008.w.4,258" starttime="1538.25" endtime="1538.4" c="W">What</w>
   <w nite:id="Bed008.w.4,259" starttime="1538.4" endtime="1538.49" c="W">would</w>
   <w nite:id="Bed008.w.4,260" starttime="1538.49" endtime="1538.52" c="W">a</w>
   <w nite:id="Bed008.w.4,261" starttime="1538.52" endtime="1538.85" c="W">hotel</w>
   <w nite:id="Bed008.w.4,262" starttime="1538.85" endtime="1539.09" c="W">fall</w>
   <w nite:id="Bed008.w.4,263" starttime="1539.09" endtime="1539.37" c="W">under</w>
   <w nite:id="Bed008.w.4,264" starttime="1539.37" endtime="1539.37" c=".">?</w>
   <w nite:id="Bed008.w.4,278" starttime="1544.15" endtime="1544.24" c="W">Well</w>
   <w nite:id="Bed008.w.4,279" starttime="1544.24" endtime="1544.27" c="W">I</w>
   <w nite:id="Bed008.w.4,280" starttime="1544.27" endtime="1544.39" c="W">mean</w>
   <w nite:id="Bed008.w.4,281" starttime="1544.39" endtime="1544.49" c="W">in</w>
   <w nite:id="Bed008.w.4,282" starttime="1544.49" endtime="1544.74" c="W">terms</w>
   <w nite:id="Bed008.w.4,283" starttime="1544.74" endtime="1544.82" c="W">of</w>
   <w nite:id="Bed008.w.4,284" starttime="1544.82" endtime="1545.15" c="W">entity</w>
   <w nite:id="Bed008.w.4,285" starttime="1545.15" endtime="1545.37" c="W">type</w>
   <w nite:id="Bed008.w.4,286" starttime="1545.37" endtime="1545.37" c=".">?</w>
   <w nite:id="Bed008.w.4,322" starttime="1554.69" endtime="1554.91" t="PLET" c="W">OK</w>
   <w nite:id="Bed008.w.4,323" starttime="1554.91" endtime="1554.91" c=".">.</w>
   <w nite:id="Bed008.w.4,877" starttime="1721.93" endtime="1722.09" c="W">Just</w>
   <w nite:id="Bed008.w.4,878" starttime="1722.09" endtime="1722.21" c="W">as</w>
   <w nite:id="Bed008.w.4,879" starttime="1722.21" endtime="1722.26" c="W">a</w>
   <w nite:id="Bed008.w.4,880" starttime="1722.26" endtime="1722.65" c="W">suggestion</w>
   <w nite:id="Bed008.w.4,881" starttime="1722.65" endtime="1722.83" c="W">maybe</w>
   <w nite:id="Bed008.w.4,882" starttime="1722.83" endtime="1722.89" c="W">you</w>
   <w nite:id="Bed008.w.4,883" starttime="1722.89" endtime="1723.06" c="W">could</w>
   <w nite:id="Bed008.w.4,884" starttime="" endtime="" c="LQUOTE" qut="D">"</w>
   <w nite:id="Bed008.w.4,885" starttime="1723.06" endtime="1723.44" c="W">save</w>
   <w nite:id="Bed008.w.4,886" starttime="1723.44" endtime="1723.82" c="W">as</w>
   <w nite:id="Bed008.w.4,887" starttime="1723.82" endtime="1723.82" c="RQUOTE" qut="D">"</w>
   <w nite:id="Bed008.w.4,888" starttime="1723.82" endtime="1724.11" c="W">to</w>
   <w nite:id="Bed008.w.4,889" starttime="1724.46" endtime="1724.69" c="W">keep</w>
   <w nite:id="Bed008.w.4,890" starttime="1724.69" endtime="1724.83" c="W">your</w>
   <w nite:id="Bed008.w.4,891" starttime="1724.83" endtime="1725.07" c="W">old</w>
   <w nite:id="Bed008.w.4,892" starttime="1725.07" endtime="1725.51" c="W">one</w>
   <w nite:id="Bed008.w.4,893" starttime="1725.51" endtime="1725.84" c="W">nice</w>
   <w nite:id="Bed008.w.4,894" starttime="1725.84" endtime="1725.98" c="W">and</w>
   <w nite:id="Bed008.w.4,895" starttime="1725.98" endtime="1726.21" c="W">clean</w>
   <w nite:id="Bed008.w.4,896" starttime="1726.21" endtime="1726.46" c="W">and</w>
   <w nite:id="Bed008.w.4,897" starttime="1727.8" endtime="1727.87" c="W">so</w>
   <w nite:id="Bed008.w.4,898" starttime="1727.87" endtime="1727.93" c="W">you</w>
   <w nite:id="Bed008.w.4,899" starttime="1727.93" endtime="1728.03" c="W">can</w>
   <w nite:id="Bed008.w.4,900" starttime="1728.03" endtime="1728.23" c="W">mess</w>
   <w nite:id="Bed008.w.4,901" starttime="1728.23" endtime="1728.32" c="W">with</w>
   <w nite:id="Bed008.w.4,902" starttime="1728.32" endtime="1728.5" c="W">this</w>
   <w nite:id="Bed008.w.4,903" starttime="1728.5" endtime="1728.83" c="W">one</w>
   <w nite:id="Bed008.w.4,904" starttime="1728.83" endtime="1728.83" c=".">.</w>
   <w nite:id="Bed008.w.4,920" starttime="1734.76" endtime="1735.07" t="PLET" c="W">OK</w>
   <w nite:id="Bed008.w.4,921" starttime="1735.07" endtime="1735.07" c="CM">,</w>
   <w nite:id="Bed008.w.4,922" starttime="1735.24" endtime="1735.51" c="W">well</w>
   <w nite:id="Bed008.w.4,923" starttime="1735.51" endtime="1735.51" c="CM">,</w>
   <w nite:id="Bed008.w.4,924" starttime="1735.9" endtime="1736.05" c="W">not</w>
   <w nite:id="Bed008.w.4,925" starttime="1736.05" endtime="1736.09" c="W">a</w>
   <w nite:id="Bed008.w.4,926" starttime="1736.09" endtime="1736.24" c="W">big</w>
   <w nite:id="Bed008.w.4,927" starttime="1736.24" endtime="1736.44" c="W">deal</w>
   <w nite:id="Bed008.w.4,928" starttime="1736.44" endtime="1736.68" c="W">then</w>
   <w nite:id="Bed008.w.4,929" starttime="1736.68" endtime="1736.68" c=".">.</w>
   <w nite:id="Bed008.w.4,936" starttime="1740.8" endtime="1740.9" c="W">Well</w>
   <w nite:id="Bed008.w.4,937" starttime="1740.9" endtime="1740.98" c="W">the</w>
   <disfmarker nite:id="Bed008.disfmarker.98" starttime="" endtime=""/>
   <w nite:id="Bed008.w.4,938" starttime="1742.08" endtime="1742.23" c="W">Isn't</w>
   <w nite:id="Bed008.w.4,939" starttime="1742.23" endtime="1742.38" c="W">there</w>
   <w nite:id="Bed008.w.4,940" starttime="1742.38" endtime="1742.42" c="W">a</w>
   <w nite:id="Bed008.w.4,941" starttime="" endtime="" c="LQUOTE" qut="D">"</w>
   <w nite:id="Bed008.w.4,942" starttime="1742.42" endtime="1742.67" c="W">save</w>
   <w nite:id="Bed008.w.4,943" starttime="1742.67" endtime="1742.94" c="W">as</w>
   <w nite:id="Bed008.w.4,944" starttime="1742.94" endtime="1742.94" c="RQUOTE" qut="D">"</w>
   <w nite:id="Bed008.w.4,945" starttime="1742.94" endtime="1743.22" c="W">inside</w>
   <w nite:id="Bed008.w.4,946" starttime="1743.22" endtime="1743.28" c="W">of</w>
   <w nite:id="Bed008.w.4,947" starttime="1743.28" endtime="1743.57" c="W">java</w>
   <w nite:id="Bed008.w.4,948" starttime="1743.57" endtime="1743.91" c="W">base</w>
   <w nite:id="Bed008.w.4,949" starttime="1743.91" endtime="1743.91" c=".">?</w>
   <w nite:id="Bed008.w.4,956" starttime="1747.37" endtime="1747.75" t="PLET" c="W">OK</w>
   <w nite:id="Bed008.w.4,957" starttime="1747.75" endtime="1747.75" c=".">.</w>
   <w nite:id="Bed008.w.5,026" starttime="1782.14" endtime="1782.27" c="W">As</w>
   <w nite:id="Bed008.w.5,027" starttime="1782.27" endtime="1782.64" c="W">related</w>
   <w nite:id="Bed008.w.5,028" starttime="1782.64" endtime="1782.79" c="W">from</w>
   <w nite:id="Bed008.w.5,029" starttime="1782.79" endtime="1782.86" c="W">the</w>
   <w nite:id="Bed008.w.5,030" starttime="1782.86" endtime="1783.09" c="W">user</w>
   <w nite:id="Bed008.w.5,031" starttime="1783.09" endtime="1783.57" c="W">model</w>
   <w nite:id="Bed008.w.5,032" starttime="1783.57" endtime="1783.57" c=".">.</w>
   <w nite:id="Bed008.w.5,160" starttime="1831.49" endtime="1831.52" c="W">I</w>
   <w nite:id="Bed008.w.5,161" starttime="1831.52" endtime="1831.72" c="W">think</w>
   <w nite:id="Bed008.w.5,162" starttime="1831.72" endtime="1831.8" c="W">you</w>
   <w nite:id="Bed008.w.5,163" starttime="1831.8" endtime="1831.9" c="W">have</w>
   <w nite:id="Bed008.w.5,164" starttime="1831.9" endtime="1832.01" c="W">to</w>
   <w nite:id="Bed008.w.5,165" starttime="1832.01" endtime="1832.12" c="W">be</w>
   <w nite:id="Bed008.w.5,166" starttime="1832.12" endtime="1832.24" c="W">in</w>
   <w nite:id="Bed008.w.5,167" starttime="1832.24" endtime="1832.49" c="W">move</w>
   <w nite:id="Bed008.w.5,168" starttime="1832.49" endtime="1832.74" c="W">mode</w>
   <w nite:id="Bed008.w.5,169" starttime="1832.74" endtime="1833.14" c="W">before</w>
   <w nite:id="Bed008.w.5,315" starttime="1897.28" endtime="1897.34" c="W">The</w>
   <w nite:id="Bed008.w.5,316" starttime="1897.34" endtime="1897.54" c="W">user</w>
   <w nite:id="Bed008.w.5,317" starttime="1897.54" endtime="1897.92" c="W">thrift</w>
   <w nite:id="Bed008.w.5,318" starttime="1897.92" endtime="1897.92" c="CM">,</w>
   <w nite:id="Bed008.w.5,319" starttime="1897.92" endtime="1897.99" c="W">the</w>
   <w nite:id="Bed008.w.5,320" starttime="1897.99" endtime="1898.24" c="W">user</w>
   <w nite:id="Bed008.w.5,321" starttime="1898.24" endtime="1898.67" c="W">budget</w>
   <w nite:id="Bed008.w.5,322" starttime="1898.67" endtime="1898.67" c=".">.</w>
   <w nite:id="Bed008.w.5,352" starttime="1903.42" endtime="1903.51" c="W">Well</w>
   <w nite:id="Bed008.w.5,353" starttime="1903.51" endtime="1904.02" c="W">is</w>
   <disfmarker nite:id="Bed008.disfmarker.110" starttime="" endtime=""/>
   <vocalsound nite:id="Bed008.vocalsound.44" starttime="" endtime="" description="laugh"/>
   <w nite:id="Bed008.w.5,713" starttime="2012.56" endtime="2012.64" c="W">It</w>
   <w nite:id="Bed008.w.5,714" starttime="2012.64" endtime="2012.87" c="W">seems</w>
   <w nite:id="Bed008.w.5,715" starttime="2012.87" endtime="2013.02" c="W">like</w>
   <w nite:id="Bed008.w.5,716" starttime="2013.02" endtime="2013.33" c="W">everything</w>
   <w nite:id="Bed008.w.5,717" starttime="2013.33" endtime="2013.39" c="W">in</w>
   <w nite:id="Bed008.w.5,718" starttime="2013.39" endtime="2013.42" c="W">a</w>
   <w nite:id="Bed008.w.5,719" starttime="2013.42" endtime="2013.62" c="W">user</w>
   <w nite:id="Bed008.w.5,720" starttime="2013.62" endtime="2014.03" c="W">model</w>
   <w nite:id="Bed008.w.5,721" starttime="2014.03" endtime="2014.2" c="TRUNCW">a</w>
   <w nite:id="Bed008.w.5,722" starttime="2014.2" endtime="2014.86" c="W">affects</w>
   <disfmarker nite:id="Bed008.disfmarker.121" starttime="" endtime=""/>
   <w nite:id="Bed008.w.5,746" starttime="2017.34" endtime="2017.61" c="W">Yeah</w>
   <w nite:id="Bed008.w.5,747" starttime="2017.61" endtime="2017.61" c=".">.</w>
   <w nite:id="Bed008.w.5,753" starttime="2022.09" endtime="2022.24" c="W">Cuz</w>
   <w nite:id="Bed008.w.5,754" starttime="2022.24" endtime="2022.3" c="W">if</w>
   <w nite:id="Bed008.w.5,755" starttime="2022.3" endtime="2022.53" c="W">the</w>
   <w nite:id="Bed008.w.5,756" starttime="2022.53" endtime="2022.53" c="CM">,</w>
   <w nite:id="Bed008.w.5,757" starttime="2022.65" endtime="2022.68" c="W">I</w>
   <w nite:id="Bed008.w.5,758" starttime="2022.68" endtime="2022.84" c="W">mean</w>
   <w nite:id="Bed008.w.5,759" starttime="2022.84" endtime="2022.84" c="CM">,</w>
   <w nite:id="Bed008.w.5,760" starttime="2022.84" endtime="2023.01" c="W">and</w>
   <w nite:id="Bed008.w.5,761" starttime="2023.01" endtime="2023.11" c="W">if</w>
   <w nite:id="Bed008.w.5,762" starttime="2023.11" endtime="2023.17" c="W">the</w>
   <w nite:id="Bed008.w.5,763" starttime="2023.17" endtime="2023.5" c="W">user</w>
   <w nite:id="Bed008.w.5,764" starttime="2023.5" endtime="2023.58" c="W">is</w>
   <w nite:id="Bed008.w.5,765" starttime="2023.58" endtime="2024.05" c="W">tired</w>
   <w nite:id="Bed008.w.5,766" starttime="2024.05" endtime="2024.05" c="CM">,</w>
   <w nite:id="Bed008.w.5,767" starttime="2024.17" endtime="2024.26" c="W">the</w>
   <w nite:id="Bed008.w.5,768" starttime="2024.26" endtime="2024.48" c="W">user</w>
   <w nite:id="Bed008.w.5,769" starttime="2024.48" endtime="2024.83" c="W">state</w>
   <w nite:id="Bed008.w.5,770" starttime="2024.83" endtime="2024.83" c="CM">,</w>
   <w nite:id="Bed008.w.5,771" starttime="2025.05" endtime="2025.36" c="W">right</w>
   <w nite:id="Bed008.w.5,772" starttime="2025.36" endtime="2025.36" c="CM">,</w>
   <w nite:id="Bed008.w.5,773" starttime="2025.36" endtime="2025.47" c="W">it</w>
   <w nite:id="Bed008.w.5,774" starttime="2025.47" endtime="2025.61" c="W">would</w>
   <w nite:id="Bed008.w.5,775" starttime="2025.61" endtime="2026.03" c="W">affect</w>
   <w nite:id="Bed008.w.5,777" starttime="2026.66" endtime="2026.95" c="W">stuff</w>
   <w nite:id="Bed008.w.5,778" starttime="2026.95" endtime="2026.95" c="CM">,</w>
   <w nite:id="Bed008.w.5,779" starttime="2027.32" endtime="2027.58" c="W">but</w>
   <w nite:id="Bed008.w.5,783" starttime="2028.2" endtime="2028.5" c="W">I</w>
   <w nite:id="Bed008.w.5,784" starttime="2028.5" endtime="2028.72" c="W">can't</w>
   <w nite:id="Bed008.w.5,785" starttime="2028.72" endtime="2028.85" c="W">see</w>
   <w nite:id="Bed008.w.5,786" starttime="2028.85" endtime="2029.23" c="W">why</w>
   <w nite:id="Bed008.w.5,787" starttime="2029.23" endtime="2029.44" c="TRUNCW">e</w>
   <w nite:id="Bed008.w.5,788" starttime="2029.56" endtime="2030.0" c="W">anything</w>
   <w nite:id="Bed008.w.5,789" starttime="2030.0" endtime="2030.1" c="TRUNCW">w</w>
   <w nite:id="Bed008.w.5,790" starttime="2030.1" endtime="2030.49" c="W">everything</w>
   <w nite:id="Bed008.w.5,791" starttime="2030.49" endtime="2030.57" c="W">in</w>
   <w nite:id="Bed008.w.5,792" starttime="2030.57" endtime="2030.63" c="W">the</w>
   <w nite:id="Bed008.w.5,793" starttime="2030.63" endtime="2030.91" c="W">model</w>
   <w nite:id="Bed008.w.5,794" starttime="2030.91" endtime="2031.13" c="W">wouldn't</w>
   <w nite:id="Bed008.w.5,795" starttime="2031.13" endtime="2031.29" c="W">be</w>
   <w nite:id="Bed008.w.5,815" starttime="2033.33" endtime="2033.42" c="W">Yeah</w>
   <w nite:id="Bed008.w.5,816" starttime="2033.42" endtime="2033.42" c=".">.</w>
   <vocalsound nite:id="Bed008.vocalsound.48" starttime="" endtime="" description="laugh"/>
   <w nite:id="Bed008.w.5,927" starttime="2073.79" endtime="2073.95" c="W">Yeah</w>
   <w nite:id="Bed008.w.5,928" starttime="2073.95" endtime="2073.95" c="CM">,</w>
   <w nite:id="Bed008.w.5,929" starttime="2073.95" endtime="2074.14" c="W">just</w>
   <w nite:id="Bed008.w.5,930" starttime="2074.14" endtime="2074.27" c="W">seems</w>
   <w nite:id="Bed008.w.5,931" starttime="2074.27" endtime="2074.4" c="W">like</w>
   <w nite:id="Bed008.w.5,932" starttime="2074.4" endtime="" c="W">it</w>
   <w nite:id="Bed008.w.5,933" starttime="" endtime="2074.62" c="W">'d</w>
   <w nite:id="Bed008.w.5,934" starttime="2074.67" endtime="2074.87" c="W">push</w>
   <w nite:id="Bed008.w.5,935" starttime="2074.87" endtime="2074.95" c="W">the</w>
   <w nite:id="Bed008.w.5,936" starttime="2074.95" endtime="2075.31" c="W">problem</w>
   <w nite:id="Bed008.w.5,937" starttime="2075.31" endtime="2075.59" c="W">back</w>
   <w nite:id="Bed008.w.5,938" starttime="2075.59" endtime="2075.62" c="W">a</w>
   <w nite:id="Bed008.w.5,939" starttime="2075.62" endtime="2076.01" c="W">level</w>
   <w nite:id="Bed008.w.5,940" starttime="2076.01" endtime="2076.01" c=".">.</w>
   <w nite:id="Bed008.w.5,941" starttime="2076.22" endtime="2076.53" c="W">Yeah</w>
   <w nite:id="Bed008.w.5,942" starttime="2076.53" endtime="2076.53" c="CM">,</w>
   <w nite:id="Bed008.w.5,943" starttime="2076.91" endtime="2077.22" c="W">but</w>
   <w nite:id="Bed008.w.6,022" starttime="2089.19" endtime="2089.46" c="W">Sh</w>
   <w nite:id="Bed008.w.6,023" starttime="" endtime="" c="SYM">-</w>
   <w nite:id="Bed008.w.6,024" starttime="2089.66" endtime="2089.91" c="TRUNCW">sh</w>
   <w nite:id="Bed008.w.6,025" starttime="2089.91" endtime="2090.31" c="W">yeah</w>
   <w nite:id="Bed008.w.6,026" starttime="2090.31" endtime="2090.31" c="CM">,</w>
   <disfmarker nite:id="Bed008.disfmarker.128" starttime="" endtime=""/>
   <w nite:id="Bed008.w.6,035" starttime="2091.12" endtime="2091.39" c="TRUNCW">S</w>
   <w nite:id="Bed008.w.6,036" starttime="2091.39" endtime="2091.5" c="W">so</w>
   <w nite:id="Bed008.w.6,037" starttime="2091.5" endtime="" c="W">we</w>
   <w nite:id="Bed008.w.6,038" starttime="" endtime="2091.63" c="W">'d</w>
   <w nite:id="Bed008.w.6,039" starttime="2091.63" endtime="2091.94" c="W">basically</w>
   <w nite:id="Bed008.w.6,040" starttime="2091.94" endtime="2092.04" c="W">be</w>
   <w nite:id="Bed008.w.6,041" starttime="2092.04" endtime="2092.27" c="W">doing</w>
   <w nite:id="Bed008.w.6,042" starttime="2092.35" endtime="2093.1" c="W">subgrouping</w>
   <w nite:id="Bed008.w.6,043" starttime="2093.1" endtime="2093.1" c=".">?</w>
   <w nite:id="Bed008.w.6,044" starttime="2095.29" endtime="2095.81" c="W">Subgrouping</w>
   <w nite:id="Bed008.w.6,045" starttime="2095.81" endtime="2095.81" c="CM">,</w>
   <w nite:id="Bed008.w.6,046" starttime="2095.81" endtime="2096.31" c="W">basically</w>
   <w nite:id="Bed008.w.6,047" starttime="2096.76" endtime="2097.09" c="W">into</w>
   <w nite:id="Bed008.w.6,048" starttime="2097.09" endtime="2097.74" c="TRUNCW">mo</w>
   <w nite:id="Bed008.w.6,051" starttime="2098.03" endtime="2098.17" c="W">so</w>
   <w nite:id="Bed008.w.6,052" starttime="2098.17" endtime="2098.46" c="W">basically</w>
   <w nite:id="Bed008.w.6,053" starttime="2098.46" endtime="2098.65" c="W">make</w>
   <w nite:id="Bed008.w.6,054" starttime="2098.65" endtime="2098.71" c="W">it</w>
   <w nite:id="Bed008.w.6,055" starttime="2098.71" endtime="2098.86" c="W">more</w>
   <w nite:id="Bed008.w.6,056" starttime="2098.86" endtime="2099.09" c="W">tree</w>
   <w nite:id="Bed008.w.6,057" starttime="2099.09" endtime="2099.4" c="W">like</w>
   <w nite:id="Bed008.w.6,058" starttime="2099.4" endtime="2099.61" c="W">going</w>
   <w nite:id="Bed008.w.6,059" starttime="2099.61" endtime="2100.13" c="W">backwards</w>
   <w nite:id="Bed008.w.6,060" starttime="2100.13" endtime="2100.13" c=".">?</w>
   <w nite:id="Bed008.w.6,292" starttime="2184.05" endtime="2184.08" c="W">I</w>
   <w nite:id="Bed008.w.6,293" starttime="2184.08" endtime="2184.32" c="W">guess</w>
   <w nite:id="Bed008.w.6,294" starttime="2184.32" endtime="2184.51" c="W">the</w>
   <disfmarker nite:id="Bed008.disfmarker.132" starttime="" endtime=""/>
   <w nite:id="Bed008.w.6,295" starttime="2184.51" endtime="2184.77" c="W">the</w>
   <w nite:id="Bed008.w.6,296" starttime="2184.77" endtime="2185.14" c="W">question</w>
   <w nite:id="Bed008.w.6,297" starttime="2185.14" endtime="2185.33" c="W">uh</w>
   <w nite:id="Bed008.w.6,298" starttime="2185.33" endtime="2185.54" c="W">is</w>
   <w nite:id="Bed008.w.6,299" starttime="2186.39" endtime="" c="W">It</w>
   <w nite:id="Bed008.w.6,300" starttime="" endtime="2186.48" c="APOSS">'s</w>
   <w nite:id="Bed008.w.6,301" starttime="2186.48" endtime="2186.65" c="W">hard</w>
   <w nite:id="Bed008.w.6,302" starttime="2186.65" endtime="2186.76" c="W">for</w>
   <w nite:id="Bed008.w.6,303" starttime="2186.76" endtime="2186.89" c="W">me</w>
   <w nite:id="Bed008.w.6,304" starttime="2186.89" endtime="2187.22" c="W">to</w>
   <w nite:id="Bed008.w.6,305" starttime="2187.22" endtime="2187.7" c="W">imagine</w>
   <w nite:id="Bed008.w.6,306" starttime="2187.7" endtime="2188.05" c="W">how</w>
   <w nite:id="Bed008.w.6,307" starttime="2188.25" endtime="2188.61" c="W">everything</w>
   <w nite:id="Bed008.w.6,308" starttime="2188.61" endtime="2188.85" c="W">wouldn't</w>
   <w nite:id="Bed008.w.6,309" starttime="2188.85" endtime="2188.99" c="W">just</w>
   <w nite:id="Bed008.w.6,310" starttime="2188.99" endtime="2189.39" c="W">contribute</w>
   <w nite:id="Bed008.w.6,311" starttime="2189.39" endtime="2189.45" c="W">to</w>
   <w nite:id="Bed008.w.6,312" starttime="2189.45" endtime="2189.69" c="W">user</w>
   <w nite:id="Bed008.w.6,313" starttime="2189.69" endtime="2189.94" c="W">state</w>
   <w nite:id="Bed008.w.6,314" starttime="2189.94" endtime="2190.53" c="W">again</w>
   <w nite:id="Bed008.w.6,315" starttime="2190.53" endtime="2190.53" c=".">.</w>
   <w nite:id="Bed008.w.6,316" starttime="2191.77" endtime="2191.82" c="W">Or</w>
   <w nite:id="Bed008.w.6,317" starttime="2191.82" endtime="2192.06" c="W">user</w>
   <w nite:id="Bed008.w.6,318" starttime="2192.06" endtime="2192.81" c="W">compatibility</w>
   <w nite:id="Bed008.w.6,319" starttime="2192.81" endtime="2192.81" c=".">.</w>
   <w nite:id="Bed008.w.6,363" starttime="2213.85" endtime="2214.21" c="W">Sure</w>
   <w nite:id="Bed008.w.6,364" starttime="2214.21" endtime="2214.21" c="CM">,</w>
   <w nite:id="Bed008.w.6,365" starttime="2214.21" endtime="2214.58" c="W">but</w>
   <w nite:id="Bed008.w.6,366" starttime="2214.58" endtime="2215.04" c="W">other</w>
   <disfmarker nite:id="Bed008.disfmarker.135" starttime="" endtime=""/>
   <w nite:id="Bed008.w.6,367" starttime="2215.04" endtime="2215.07" c="W">I</w>
   <w nite:id="Bed008.w.6,368" starttime="2215.07" endtime="2215.23" c="W">thought</w>
   <w nite:id="Bed008.w.6,369" starttime="2215.32" endtime="2215.55" c="W">though</w>
   <w nite:id="Bed008.w.6,370" starttime="2215.55" endtime="2215.64" c="W">the</w>
   <w nite:id="Bed008.w.6,371" starttime="2215.64" endtime="2215.81" c="W">node</w>
   <w nite:id="Bed008.w.6,372" starttime="2215.81" endtime="" c="W">we</w>
   <w nite:id="Bed008.w.6,373" starttime="" endtime="2215.9" c="W">'re</w>
   <w nite:id="Bed008.w.6,374" starttime="2215.9" endtime="2216.19" c="W">creating</w>
   <w nite:id="Bed008.w.6,375" starttime="2216.19" endtime="2216.29" c="W">right</w>
   <w nite:id="Bed008.w.6,376" starttime="2216.29" endtime="2216.42" c="W">now</w>
   <w nite:id="Bed008.w.6,377" starttime="2216.42" endtime="2216.5" c="W">is</w>
   <w nite:id="Bed008.w.6,378" starttime="2216.5" endtime="2216.72" c="W">user</w>
   <w nite:id="Bed008.w.6,379" starttime="2216.72" endtime="2217.45" c="W">compatibility</w>
   <w nite:id="Bed008.w.6,380" starttime="2217.45" endtime="2217.59" c="W">to</w>
   <w nite:id="Bed008.w.6,381" starttime="2217.59" endtime="2217.67" c="W">the</w>
   <w nite:id="Bed008.w.6,382" starttime="2217.67" endtime="2218.01" c="W">current</w>
   <w nite:id="Bed008.w.6,383" starttime="2218.13" endtime="2218.55" c="W">action</w>
   <w nite:id="Bed008.w.6,384" starttime="2218.55" endtime="2218.55" c="CM">,</w>
   <w nite:id="Bed008.w.6,385" starttime="2218.55" endtime="2218.85" c="W">right</w>
   <w nite:id="Bed008.w.6,386" starttime="2218.85" endtime="2218.85" c=".">?</w>
   <w nite:id="Bed008.w.6,389" starttime="2220.39" endtime="2220.57" c="W">Seems</w>
   <w nite:id="Bed008.w.6,390" starttime="2220.57" endtime="2220.75" c="W">like</w>
   <w nite:id="Bed008.w.6,391" starttime="2220.75" endtime="2221.37" c="W">everything</w>
   <w nite:id="Bed008.w.6,392" starttime="2221.37" endtime="2221.51" c="W">in</w>
   <w nite:id="Bed008.w.6,393" starttime="2221.51" endtime="2221.58" c="W">the</w>
   <w nite:id="Bed008.w.6,394" starttime="2221.58" endtime="2221.75" c="W">user</w>
   <w nite:id="Bed008.w.6,395" starttime="2221.75" endtime="2222.02" c="W">model</w>
   <w nite:id="Bed008.w.6,396" starttime="2222.02" endtime="2222.14" c="W">would</w>
   <w nite:id="Bed008.w.6,397" starttime="2222.14" endtime="2222.6" c="W">contribute</w>
   <w nite:id="Bed008.w.6,398" starttime="2222.6" endtime="2222.74" c="W">to</w>
   <w nite:id="Bed008.w.6,399" starttime="2222.74" endtime="2223.04" c="W">whether</w>
   <w nite:id="Bed008.w.6,400" starttime="2223.04" endtime="2223.14" c="W">or</w>
   <w nite:id="Bed008.w.6,401" starttime="2223.14" endtime="2223.43" c="W">not</w>
   <w nite:id="Bed008.w.6,402" starttime="2223.43" endtime="2223.52" c="W">the</w>
   <w nite:id="Bed008.w.6,403" starttime="2223.52" endtime="2223.73" c="W">user</w>
   <w nite:id="Bed008.w.6,404" starttime="2223.73" endtime="2223.85" c="W">was</w>
   <w nite:id="Bed008.w.6,405" starttime="2223.85" endtime="2224.33" c="W">compatible</w>
   <w nite:id="Bed008.w.6,406" starttime="2224.33" endtime="2224.47" c="W">with</w>
   <w nite:id="Bed008.w.6,407" starttime="2224.47" endtime="2224.9" c="W">something</w>
   <w nite:id="Bed008.w.6,408" starttime="2224.9" endtime="2224.9" c=".">.</w>
   <w nite:id="Bed008.w.6,575" starttime="2287.48" endtime="2287.57" c="W">Well</w>
   <w nite:id="Bed008.w.6,576" starttime="2287.57" endtime="2287.57" c="CM">,</w>
   <w nite:id="Bed008.w.6,577" starttime="2287.57" endtime="2287.66" c="W">with</w>
   <w nite:id="Bed008.w.6,578" starttime="2287.66" endtime="2287.72" c="W">the</w>
   <w nite:id="Bed008.w.6,579" starttime="2287.72" endtime="2287.86" c="W">way</w>
   <w nite:id="Bed008.w.6,580" starttime="2287.86" endtime="" c="W">we</w>
   <w nite:id="Bed008.w.6,581" starttime="" endtime="2287.99" c="W">'re</w>
   <w nite:id="Bed008.w.6,582" starttime="2287.99" endtime="2288.48" c="W">defining</w>
   <w nite:id="Bed008.w.6,583" starttime="2288.48" endtime="2288.56" c="W">it</w>
   <w nite:id="Bed008.w.6,584" starttime="2288.56" endtime="2288.64" c="W">I</w>
   <w nite:id="Bed008.w.6,585" starttime="2288.64" endtime="2288.91" c="W">think</w>
   <w nite:id="Bed008.w.6,586" starttime="2288.91" endtime="2289.17" c="W">yeah</w>
   <w nite:id="Bed008.w.6,587" starttime="2289.17" endtime="2289.17" c=".">.</w>
   <nonvocalsound nite:id="Bed008.nonvocalsound.10" starttime="" endtime="" description="mike sounds"/>
   <w nite:id="Bed008.w.6,754" starttime="2335.71" endtime="2335.77" c="W">So</w>
   <w nite:id="Bed008.w.6,755" starttime="2335.77" endtime="2335.85" c="W">you</w>
   <w nite:id="Bed008.w.6,756" starttime="2335.85" endtime="2335.97" c="W">can</w>
   <w nite:id="Bed008.w.6,757" starttime="2335.97" endtime="2336.23" c="W">save</w>
   <w nite:id="Bed008.w.6,758" starttime="2336.65" endtime="2336.84" c="W">this</w>
   <w nite:id="Bed008.w.6,759" starttime="2336.84" endtime="2337.0" c="W">one</w>
   <w nite:id="Bed008.w.6,760" starttime="2337.0" endtime="2337.28" c="W">as</w>
   <w nite:id="Bed008.w.6,761" starttime="2337.28" endtime="2337.47" c="W">and</w>
   <w nite:id="Bed008.w.6,762" starttime="2337.47" endtime="2337.74" c="W">open</w>
   <w nite:id="Bed008.w.6,763" starttime="2337.74" endtime="2337.83" c="W">up</w>
   <w nite:id="Bed008.w.6,764" starttime="2337.83" endtime="2337.94" c="W">the</w>
   <w nite:id="Bed008.w.6,765" starttime="2337.94" endtime="2338.12" c="W">old</w>
   <w nite:id="Bed008.w.6,766" starttime="2338.12" endtime="2338.27" c="W">one</w>
   <w nite:id="Bed008.w.6,767" starttime="2338.27" endtime="2338.27" c="CM">,</w>
   <w nite:id="Bed008.w.6,768" starttime="2338.27" endtime="2338.49" c="W">right</w>
   <w nite:id="Bed008.w.6,769" starttime="2338.49" endtime="2338.87" c="W">and</w>
   <disfmarker nite:id="Bed008.disfmarker.143" starttime="" endtime=""/>
   <w nite:id="Bed008.w.6,770" starttime="2340.69" endtime="2340.78" c="W">and</w>
   <w nite:id="Bed008.w.6,771" starttime="2340.78" endtime="2340.88" c="W">then</w>
   <w nite:id="Bed008.w.6,772" starttime="2340.88" endtime="2341.13" c="W">everything</w>
   <w nite:id="Bed008.w.6,773" starttime="2341.13" endtime="2341.23" c="W">would</w>
   <w nite:id="Bed008.w.6,774" starttime="2341.23" endtime="2341.38" c="W">be</w>
   <w nite:id="Bed008.w.6,775" starttime="2341.38" endtime="2342.1" c="W">clean</w>
   <w nite:id="Bed008.w.6,776" starttime="2342.1" endtime="2342.1" c=".">.</w>
   <w nite:id="Bed008.w.6,777" starttime="2342.46" endtime="2342.52" c="W">You</w>
   <w nite:id="Bed008.w.6,778" starttime="2342.52" endtime="2342.67" c="W">could</w>
   <w nite:id="Bed008.w.6,779" starttime="2342.79" endtime="2342.92" c="W">do</w>
   <w nite:id="Bed008.w.6,780" starttime="2342.92" endtime="2342.98" c="W">it</w>
   <w nite:id="Bed008.w.6,781" starttime="2342.98" endtime="2343.41" c="W">again</w>
   <w nite:id="Bed008.w.6,782" starttime="2343.41" endtime="2343.41" c=".">.</w>
   <w nite:id="Bed008.w.6,822" starttime="2349.19" endtime="" c="W">Mm</w>
   <w nite:id="Bed008.w.6,823" starttime="" endtime="" c="HYPH">-</w>
   <w nite:id="Bed008.w.6,824" starttime="" endtime="2349.71" c="W">hmm</w>
   <w nite:id="Bed008.w.6,825" starttime="2349.71" endtime="2349.71" c=".">.</w>
   <w nite:id="Bed008.w.7,579" starttime="2632.9" endtime="2632.96" c="W">It</w>
   <w nite:id="Bed008.w.7,580" starttime="2632.96" endtime="2633.14" c="W">does</w>
   <w nite:id="Bed008.w.7,581" starttime="2633.14" endtime="2633.32" c="W">matter</w>
   <w nite:id="Bed008.w.7,582" starttime="2633.32" endtime="2633.49" c="W">though</w>
   <w nite:id="Bed008.w.7,583" starttime="2633.49" endtime="2633.59" c="W">if</w>
   <w nite:id="Bed008.w.7,584" starttime="2633.59" endtime="" c="W">there</w>
   <w nite:id="Bed008.w.7,585" starttime="" endtime="2633.77" c="APOSS">'s</w>
   <w nite:id="Bed008.w.7,586" starttime="2633.77" endtime="2634.0" c="W">like</w>
   <w nite:id="Bed008.w.7,587" starttime="2634.0" endtime="2634.12" c="W">a</w>
   <w nite:id="Bed008.w.7,588" starttime="2634.38" endtime="2634.8" c="W">strike</w>
   <w nite:id="Bed008.w.7,589" starttime="2634.8" endtime="2635.01" c="W">or</w>
   <w nite:id="Bed008.w.7,590" starttime="2635.01" endtime="2635.35" c="W">riot</w>
   <w nite:id="Bed008.w.7,591" starttime="2635.35" endtime="2635.42" c="W">or</w>
   <w nite:id="Bed008.w.7,592" starttime="2635.42" endtime="2635.79" c="W">something</w>
   <w nite:id="Bed008.w.7,593" starttime="2635.79" endtime="2635.79" c=".">.</w>
   <vocalsound nite:id="Bed008.vocalsound.60" starttime="" endtime="" description="laugh"/>
   <vocalsound nite:id="Bed008.vocalsound.62" starttime="" endtime="" description="laugh"/>
   <w nite:id="Bed008.w.8,355" starttime="2840.68" endtime="2840.74" c="W">Wh</w>
   <w nite:id="Bed008.w.8,356" starttime="" endtime="" c="SYM">-</w>
   <w nite:id="Bed008.w.8,357" starttime="2840.74" endtime="2841.21" c="W">ah</w>
   <w nite:id="Bed008.w.8,358" starttime="2841.21" endtime="2841.21" c=".">.</w>
   <vocalsound nite:id="Bed008.vocalsound.68" starttime="" endtime="" description="laugh"/>
   <w nite:id="Bed008.w.9,421" starttime="3155.58" endtime="3155.65" c="W">Two</w>
   <w nite:id="Bed008.w.9,422" starttime="3155.65" endtime="" c="W">fifty</w>
   <w nite:id="Bed008.w.9,423" starttime="" endtime="" c="HYPH">-</w>
   <w nite:id="Bed008.w.9,424" starttime="" endtime="3156.25" c="W">six</w>
   <w nite:id="Bed008.w.9,425" starttime="3156.25" endtime="3156.25" c="CM">,</w>
   <w nite:id="Bed008.w.9,426" starttime="3156.25" endtime="3156.33" c="W">is</w>
   <w nite:id="Bed008.w.9,427" starttime="3156.33" endtime="3156.45" c="W">that</w>
   <w nite:id="Bed008.w.9,428" starttime="3156.45" endtime="3156.54" c="W">what</w>
   <w nite:id="Bed008.w.9,429" starttime="3156.54" endtime="3156.73" c="W">that</w>
   <w nite:id="Bed008.w.9,513" starttime="3171.0" endtime="3171.32" c="W">Yeah</w>
   <w nite:id="Bed008.w.9,514" starttime="3171.32" endtime="3171.32" c=".">.</w>
   <w nite:id="Bed008.w.9,545" starttime="3182.89" endtime="3183.18" c="W">Right</w>
   <w nite:id="Bed008.w.9,546" starttime="3183.18" endtime="3183.18" c=".">.</w>
   <w nite:id="Bed008.w.10,051" starttime="3329.87" endtime="3330.29" c="W">Uh</w>
   <w nite:id="Bed008.w.10,052" starttime="3330.29" endtime="3330.63" c="TRUNCW">d</w>
   <w nite:id="Bed008.w.10,053" starttime="3330.63" endtime="3330.75" c="W">I</w>
   <w nite:id="Bed008.w.10,054" starttime="3330.75" endtime="3330.84" c="W">would</w>
   <w nite:id="Bed008.w.10,055" starttime="3330.84" endtime="3331.07" c="W">almost</w>
   <w nite:id="Bed008.w.10,056" starttime="3331.07" endtime="3331.13" c="W">say</w>
   <w nite:id="Bed008.w.10,057" starttime="3331.13" endtime="3331.25" c="W">the</w>
   <w nite:id="Bed008.w.10,058" starttime="3331.25" endtime="3331.36" c="W">other</w>
   <w nite:id="Bed008.w.10,059" starttime="3331.36" endtime="3331.51" c="W">way</w>
   <w nite:id="Bed008.w.10,060" starttime="3331.51" endtime="3331.61" c="W">to</w>
   <w nite:id="Bed008.w.10,061" starttime="3331.61" endtime="3331.83" c="W">do</w>
   <w nite:id="Bed008.w.10,062" starttime="3331.83" endtime="3331.97" c="W">that</w>
   <w nite:id="Bed008.w.10,063" starttime="3331.97" endtime="3332.11" c="W">would</w>
   <w nite:id="Bed008.w.10,064" starttime="3332.11" endtime="3332.21" c="W">be</w>
   <w nite:id="Bed008.w.10,065" starttime="3332.21" endtime="3332.29" c="W">to</w>
   <w nite:id="Bed008.w.10,066" starttime="3332.29" endtime="3332.62" c="W">open</w>
   <w nite:id="Bed008.w.10,067" starttime="3332.62" endtime="3332.75" c="TRUNCW">u</w>
   <w nite:id="Bed008.w.10,068" starttime="3332.75" endtime="3333.02" c="W">or</w>
   <w nite:id="Bed008.w.10,069" starttime="3333.09" endtime="3333.46" c="W">make</w>
   <w nite:id="Bed008.w.10,070" starttime="3334.02" endtime="3334.13" c="W">you</w>
   <w nite:id="Bed008.w.10,071" starttime="3334.13" endtime="3334.3" c="W">know</w>
   <w nite:id="Bed008.w.10,072" starttime="3334.3" endtime="" c="LET">N</w>
   <w nite:id="Bed008.w.10,073" starttime="" endtime="" c="HYPH">-</w>
   <w nite:id="Bed008.w.10,074" starttime="" endtime="3335.03" c="W">many</w>
   <w nite:id="Bed008.w.10,075" starttime="3335.11" endtime="" c="W">belief</w>
   <w nite:id="Bed008.w.10,076" starttime="" endtime="" c="HYPH">-</w>
   <w nite:id="Bed008.w.10,077" starttime="" endtime="3335.69" c="W">nets</w>
   <w nite:id="Bed008.w.10,078" starttime="3335.69" endtime="3335.78" c="W">and</w>
   <w nite:id="Bed008.w.10,079" starttime="3335.78" endtime="3335.91" c="W">then</w>
   <w nite:id="Bed008.w.10,080" starttime="3335.91" endtime="3336.19" c="W">open</w>
   <w nite:id="Bed008.w.10,081" starttime="3336.19" endtime="3336.53" c="W">them</w>
   <w nite:id="Bed008.w.10,086" starttime="3337.5" endtime="3337.66" c="W">every</w>
   <w nite:id="Bed008.w.10,087" starttime="3337.66" endtime="3337.92" c="W">time</w>
   <w nite:id="Bed008.w.10,088" starttime="3337.92" endtime="3338.02" c="W">you</w>
   <w nite:id="Bed008.w.10,089" starttime="3338.02" endtime="3338.25" c="W">wanted</w>
   <w nite:id="Bed008.w.10,090" starttime="3338.25" endtime="3338.31" c="W">to</w>
   <w nite:id="Bed008.w.10,091" starttime="3338.31" endtime="3338.53" c="W">look</w>
   <w nite:id="Bed008.w.10,092" starttime="3338.53" endtime="3338.59" c="W">at</w>
   <w nite:id="Bed008.w.10,093" starttime="3338.59" endtime="3338.62" c="W">a</w>
   <w nite:id="Bed008.w.10,094" starttime="3338.62" endtime="3338.93" c="W">different</w>
   <w nite:id="Bed008.w.10,095" starttime="3338.93" endtime="3339.11" c="W">one</w>
   <w nite:id="Bed008.w.10,096" starttime="3339.11" endtime="3339.69" c="TRUNCW">vers</w>
   <w nite:id="Bed008.w.10,097" starttime="3339.69" endtime="3339.93" c="W">cuz</w>
   <w nite:id="Bed008.w.10,098" starttime="3339.93" endtime="3340.08" c="W">uh</w>
   <w nite:id="Bed008.w.10,113" starttime="3343.96" endtime="3344.13" c="W">Yeah</w>
   <w nite:id="Bed008.w.10,114" starttime="3344.13" endtime="3344.13" c="CM">,</w>
   <w nite:id="Bed008.w.10,115" starttime="3344.13" endtime="3344.32" c="W">but</w>
   <vocalsound nite:id="Bed008.vocalsound.80" starttime="" endtime="" description="laugh"/>
   <w nite:id="Bed008.w.10,187" starttime="3364.46" endtime="3364.68" c="W">Yeah</w>
   <w nite:id="Bed008.w.10,188" starttime="3364.68" endtime="3364.68" c=".">.</w>
   <w nite:id="Bed008.w.10,265" starttime="3389.46" endtime="3389.49" c="W">I</w>
   <w nite:id="Bed008.w.10,266" starttime="3389.49" endtime="3389.72" c="W">don't</w>
   <w nite:id="Bed008.w.10,267" starttime="3389.72" endtime="3389.72" c="CM">,</w>
   <w nite:id="Bed008.w.10,268" starttime="3389.79" endtime="3389.97" c="W">yeah</w>
   <w nite:id="Bed008.w.10,269" starttime="3389.97" endtime="3390.02" c="W">I</w>
   <w nite:id="Bed008.w.10,270" starttime="3390.02" endtime="3390.17" c="W">just</w>
   <w nite:id="Bed008.w.10,271" starttime="3390.17" endtime="3390.3" c="W">don't</w>
   <w nite:id="Bed008.w.10,272" starttime="3390.3" endtime="3390.42" c="W">think</w>
   <w nite:id="Bed008.w.10,273" starttime="3390.42" endtime="3390.55" c="W">this</w>
   <w nite:id="Bed008.w.10,274" starttime="3390.55" endtime="3390.69" c="W">has</w>
   <w nite:id="Bed008.w.10,275" starttime="3390.69" endtime="3391.02" c="W">been</w>
   <w nite:id="Bed008.w.10,276" starttime="3391.02" endtime="3391.37" c="W">designed</w>
   <w nite:id="Bed008.w.10,277" starttime="3391.37" endtime="3391.51" c="W">to</w>
   <w nite:id="Bed008.w.10,278" starttime="3391.51" endtime="3391.88" c="W">support</w>
   <w nite:id="Bed008.w.10,279" starttime="3393.01" endtime="3393.27" c="W">something</w>
   <w nite:id="Bed008.w.10,280" starttime="3393.27" endtime="3393.44" c="W">like</w>
   <w nite:id="Bed008.w.10,281" starttime="3393.44" endtime="3393.64" c="W">that</w>
   <w nite:id="Bed008.w.10,282" starttime="3393.64" endtime="3393.64" c=".">.</w>
   <w nite:id="Bed008.w.10,385" starttime="3439.12" endtime="3439.19" c="W">You</w>
   <w nite:id="Bed008.w.10,386" starttime="3439.19" endtime="3439.28" c="W">can</w>
   <w nite:id="Bed008.w.10,387" starttime="3439.28" endtime="3439.64" c="W">technically</w>
   <w nite:id="Bed008.w.10,388" starttime="3439.64" endtime="3439.82" c="W">wear</w>
   <w nite:id="Bed008.w.10,389" starttime="3439.82" endtime="3440.0" c="W">that</w>
   <w nite:id="Bed008.w.10,390" starttime="3440.0" endtime="3440.11" c="W">as</w>
   <w nite:id="Bed008.w.10,391" starttime="3440.11" endtime="" c="W">you</w>
   <w nite:id="Bed008.w.10,392" starttime="" endtime="3440.2" c="W">'re</w>
   <w nite:id="Bed008.w.10,393" starttime="3440.2" endtime="3440.72" c="W">talking</w>
   <w nite:id="Bed008.w.10,394" starttime="3440.72" endtime="3440.72" c=".">.</w>
   <vocalsound nite:id="Bed008.vocalsound.84" starttime="" endtime="" description="laugh"/>
   <vocalsound nite:id="Bed008.vocalsound.86" starttime="" endtime="" description="coughs twice"/>
   <vocalsound nite:id="Bed008.vocalsound.89" starttime="" endtime="" description="laugh"/>
   <w nite:id="Bed008.w.11,242" starttime="3730.27" endtime="" c="LET">X</w>
   <w nite:id="Bed008.w.11,243" starttime="" endtime="" c="HYPH">-</w>
   <w nite:id="Bed008.w.11,244" starttime="" endtime="3730.67" c="W">one</w>
   <w nite:id="Bed008.w.11,245" starttime="3730.67" endtime="3730.99" c="W">matters</w>
   <w nite:id="Bed008.w.11,246" starttime="3730.99" endtime="3731.34" c="W">more</w>
   <w nite:id="Bed008.w.11,247" starttime="3731.34" endtime="3731.52" c="TRUNCW">i</w>
   <w nite:id="Bed008.w.11,248" starttime="3731.52" endtime="3731.76" c="W">than</w>
   <w nite:id="Bed008.w.11,249" starttime="3731.76" endtime="" c="LET">X</w>
   <w nite:id="Bed008.w.11,250" starttime="" endtime="" c="HYPH">-</w>
   <w nite:id="Bed008.w.11,251" starttime="" endtime="3732.11" c="W">two</w>
   <w nite:id="Bed008.w.11,252" starttime="3732.11" endtime="3732.31" c="W">or</w>
   <w nite:id="Bed008.w.11,383" starttime="3768.98" endtime="3769.07" c="W">So</w>
   <w nite:id="Bed008.w.11,384" starttime="3769.07" endtime="3769.12" c="W">I</w>
   <w nite:id="Bed008.w.11,385" starttime="3769.12" endtime="3769.35" c="TRUNCW">jus</w>
   <w nite:id="Bed008.w.11,386" starttime="3769.44" endtime="3769.62" c="W">just</w>
   <w nite:id="Bed008.w.11,387" starttime="3769.62" endtime="3769.68" c="W">to</w>
   <w nite:id="Bed008.w.11,388" starttime="3769.68" endtime="3769.9" c="W">make</w>
   <w nite:id="Bed008.w.11,389" starttime="3769.9" endtime="3770.07" c="W">sure</w>
   <w nite:id="Bed008.w.11,390" starttime="3770.07" endtime="3770.26" c="W">I</w>
   <w nite:id="Bed008.w.11,391" starttime="3770.26" endtime="3770.57" c="W">understand</w>
   <w nite:id="Bed008.w.11,392" starttime="3770.57" endtime="3770.67" c="W">this</w>
   <w nite:id="Bed008.w.11,393" starttime="3770.67" endtime="3770.67" c="CM">,</w>
   <w nite:id="Bed008.w.11,394" starttime="3770.67" endtime="3770.79" c="W">so</w>
   <w nite:id="Bed008.w.11,395" starttime="3770.79" endtime="3770.85" c="W">in</w>
   <w nite:id="Bed008.w.11,396" starttime="3770.85" endtime="3770.99" c="W">this</w>
   <w nite:id="Bed008.w.11,397" starttime="3770.99" endtime="3771.52" c="W">case</w>
   <w nite:id="Bed008.w.11,398" starttime="3773.04" endtime="3773.63" c="W">um</w>
   <w nite:id="Bed008.w.11,399" starttime="3773.63" endtime="3773.83" c="W">we</w>
   <w nite:id="Bed008.w.11,400" starttime="3773.83" endtime="3774.0" c="W">would</w>
   <w nite:id="Bed008.w.11,401" starttime="3774.0" endtime="3774.53" c="W">still</w>
   <w nite:id="Bed008.w.11,402" starttime="3775.54" endtime="3775.85" c="W">compute</w>
   <w nite:id="Bed008.w.11,403" starttime="3775.85" endtime="3775.99" c="W">the</w>
   <w nite:id="Bed008.w.11,404" starttime="3775.99" endtime="3776.55" c="W">average</w>
   <w nite:id="Bed008.w.11,405" starttime="3776.55" endtime="3776.55" c=".">?</w>
   <w nite:id="Bed008.w.11,414" starttime="3778.72" endtime="3778.98" t="PLET" c="W">OK</w>
   <w nite:id="Bed008.w.11,415" starttime="3778.98" endtime="3778.98" c="CM">,</w>
   <w nite:id="Bed008.w.11,416" starttime="3778.98" endtime="3779.37" c="W">so</w>
   <disfmarker nite:id="Bed008.disfmarker.245" starttime="" endtime=""/>
   <w nite:id="Bed008.w.11,424" starttime="3780.78" endtime="3780.91" c="W">so</w>
   <w nite:id="Bed008.w.11,425" starttime="3780.91" endtime="" c="W">it</w>
   <w nite:id="Bed008.w.11,426" starttime="" endtime="3781.06" c="W">'d</w>
   <w nite:id="Bed008.w.11,427" starttime="3781.06" endtime="3781.41" c="W">be</w>
   <w nite:id="Bed008.w.11,428" starttime="3781.76" endtime="3781.92" c="W">so</w>
   <w nite:id="Bed008.w.11,429" starttime="3781.92" endtime="3781.99" c="W">in</w>
   <w nite:id="Bed008.w.11,430" starttime="3781.99" endtime="3782.1" c="W">this</w>
   <w nite:id="Bed008.w.11,431" starttime="3782.1" endtime="3782.42" c="W">case</w>
   <w nite:id="Bed008.w.11,432" starttime="3782.42" endtime="3782.56" c="W">the</w>
   <w nite:id="Bed008.w.11,433" starttime="3782.56" endtime="3783.09" c="W">probability</w>
   <w nite:id="Bed008.w.11,434" starttime="3783.09" endtime="3783.35" c="W">that</w>
   <w nite:id="Bed008.w.11,435" starttime="3783.35" endtime="3783.64" c="LET">Y</w>
   <w nite:id="Bed008.w.11,436" starttime="3783.64" endtime="3783.94" c="W">equals</w>
   <w nite:id="Bed008.w.11,437" starttime="3783.94" endtime="3784.21" c="LET">A</w>
   <w nite:id="Bed008.w.11,438" starttime="3784.21" endtime="3784.4" c="W">would</w>
   <w nite:id="Bed008.w.11,439" starttime="3784.4" endtime="3784.82" c="W">be</w>
   <w nite:id="Bed008.w.11,440" starttime="3785.52" endtime="3786.3" c="W">uh</w>
   <comment nite:id="Bed008.comment.72" starttime="" endtime="" description="lengthened"/>
   <w nite:id="Bed008.w.11,444" starttime="3788.21" endtime="3788.5" c="LET">W</w>
   <w nite:id="Bed008.w.11,445" starttime="3788.5" endtime="3788.75" c="W">one</w>
   <w nite:id="Bed008.w.11,446" starttime="3788.75" endtime="3789.19" c="W">times</w>
   <disfmarker nite:id="Bed008.disfmarker.246" starttime="" endtime=""/>
   <w nite:id="Bed008.w.11,447" starttime="3789.19" endtime="3789.37" c="W">or</w>
   <w nite:id="Bed008.w.11,448" starttime="3789.37" endtime="3789.68" c="LET">A</w>
   <w nite:id="Bed008.w.11,449" starttime="3789.68" endtime="3789.93" c="W">or</w>
   <disfmarker nite:id="Bed008.disfmarker.247" starttime="" endtime=""/>
   <w nite:id="Bed008.w.11,450" starttime="3789.98" endtime="" c="W">let</w>
   <w nite:id="Bed008.w.11,451" starttime="" endtime="3790.11" c="APOSS">'s</w>
   <w nite:id="Bed008.w.11,452" starttime="3790.11" endtime="3790.26" c="W">see</w>
   <w nite:id="Bed008.w.11,453" starttime="3790.26" endtime="3790.26" c="CM">,</w>
   <w nite:id="Bed008.w.11,454" starttime="3790.26" endtime="3790.48" c="W">one</w>
   <w nite:id="Bed008.w.11,455" starttime="3790.48" endtime="3790.67" c="W">full</w>
   <w nite:id="Bed008.w.11,456" starttime="3790.67" endtime="3790.96" c="W">quarter</w>
   <w nite:id="Bed008.w.11,457" starttime="3790.96" endtime="3791.2" c="W">times</w>
   <w nite:id="Bed008.w.11,458" starttime="3791.2" endtime="3791.44" c="W">point</w>
   <w nite:id="Bed008.w.11,459" starttime="3791.44" endtime="3791.8" c="W">one</w>
   <w nite:id="Bed008.w.11,460" starttime="" endtime="" c="TRUNCW">e</w>
   <w nite:id="Bed008.w.11,534" starttime="3792.55" endtime="" t="PLET" c="W">OK</w>
   <w nite:id="Bed008.w.11,535" starttime="" endtime="3792.92" c=".">.</w>
   <w nite:id="Bed008.w.11,556" starttime="3808.82" endtime="3809.03" t="PLET" c="W">OK</w>
   <w nite:id="Bed008.w.11,557" starttime="3809.03" endtime="3809.03" c=".">.</w>
   <w nite:id="Bed008.w.12,159" starttime="3978.71" endtime="3978.84" c="W">So</w>
   <w nite:id="Bed008.w.12,160" starttime="3978.84" endtime="3979.07" c="LET">H</w>
   <w nite:id="Bed008.w.12,161" starttime="3979.07" endtime="3979.45" c="W">passes</w>
   <w nite:id="Bed008.w.12,162" starttime="3979.45" endtime="3979.5" c="W">a</w>
   <w nite:id="Bed008.w.12,163" starttime="3979.5" endtime="3979.95" c="W">vector</w>
   <w nite:id="Bed008.w.12,164" starttime="3979.95" endtime="3980.15" c="W">on</w>
   <w nite:id="Bed008.w.12,165" starttime="3980.25" endtime="3980.42" c="W">to</w>
   <w nite:id="Bed008.w.12,166" starttime="3980.42" endtime="3980.53" c="W">the</w>
   <w nite:id="Bed008.w.12,167" starttime="3980.53" endtime="3980.9" c="W">next</w>
   <w nite:id="Bed008.w.12,168" starttime="3980.9" endtime="3981.64" c="W">node</w>
   <w nite:id="Bed008.w.12,169" starttime="3981.64" endtime="3981.64" c=".">?</w>
   <w nite:id="Bed008.w.12,190" starttime="3981.86" endtime="3982.18" c="W">It</w>
   <w nite:id="Bed008.w.12,191" starttime="3982.18" endtime="3982.78" c="W">could</w>
   <w nite:id="Bed008.w.12,192" starttime="3982.78" endtime="3982.78" c=".">?</w>
   <w nite:id="Bed008.w.12,193" starttime="3984.17" endtime="3984.23" c="W">A</w>
   <w nite:id="Bed008.w.12,194" starttime="3984.23" endtime="3984.58" c="W">vector</w>
   <w nite:id="Bed008.w.12,195" starttime="3984.58" endtime="3984.69" c="W">of</w>
   <w nite:id="Bed008.w.12,196" starttime="3984.69" endtime="3984.77" c="W">the</w>
   <w nite:id="Bed008.w.12,197" starttime="3984.77" endtime="3985.07" c="W">weights</w>
   <w nite:id="Bed008.w.12,198" starttime="3985.07" endtime="3985.33" c="W">as</w>
   <w nite:id="Bed008.w.12,199" starttime="3985.39" endtime="3985.49" c="W">the</w>
   <w nite:id="Bed008.w.12,200" starttime="3985.49" endtime="3986.42" c="TRUNCW">se</w>
   <w nite:id="Bed008.w.12,201" starttime="3986.42" endtime="3986.5" c="W">oh</w>
   <w nite:id="Bed008.w.12,202" starttime="3986.5" endtime="3986.5" c=".">.</w>
   <w nite:id="Bed008.w.12,280" starttime="4001.96" endtime="4002.14" c="W">Oh</w>
   <w nite:id="Bed008.w.12,281" starttime="4002.14" endtime="" c="W">it</w>
   <w nite:id="Bed008.w.12,282" starttime="" endtime="4002.34" c="APOSS">'s</w>
   <w nite:id="Bed008.w.12,283" starttime="4002.34" endtime="4002.66" c="W">basically</w>
   <w nite:id="Bed008.w.12,284" starttime="4002.66" endtime="4002.72" c="W">to</w>
   <w nite:id="Bed008.w.12,285" starttime="4002.72" endtime="4002.88" c="W">tell</w>
   <w nite:id="Bed008.w.12,286" starttime="4002.88" endtime="4002.95" c="W">the</w>
   <w nite:id="Bed008.w.12,287" starttime="4002.95" endtime="4003.29" c="W">bottom</w>
   <w nite:id="Bed008.w.12,288" starttime="4003.29" endtime="4003.56" c="W">node</w>
   <w nite:id="Bed008.w.12,289" starttime="4003.56" endtime="4003.84" c="W">which</w>
   <w nite:id="Bed008.w.12,290" starttime="4003.84" endtime="4003.97" c="W">one</w>
   <w nite:id="Bed008.w.12,291" starttime="4003.97" endtime="4004.03" c="W">of</w>
   <w nite:id="Bed008.w.12,292" starttime="4004.03" endtime="4004.09" c="W">the</w>
   <w nite:id="Bed008.w.12,293" starttime="4004.09" endtime="4004.59" c="W">situations</w>
   <w nite:id="Bed008.w.12,294" starttime="4004.59" endtime="4004.77" c="W">that</w>
   <w nite:id="Bed008.w.12,295" starttime="4004.77" endtime="" c="W">it</w>
   <w nite:id="Bed008.w.12,296" starttime="" endtime="4004.89" c="APOSS">'s</w>
   <w nite:id="Bed008.w.12,297" starttime="4004.89" endtime="4005.19" c="W">in</w>
   <w nite:id="Bed008.w.12,319" starttime="4005.53" endtime="4005.88" c="W">or</w>
   <w nite:id="Bed008.w.12,320" starttime="4005.88" endtime="4006.17" c="W">which</w>
   <w nite:id="Bed008.w.12,321" starttime="4006.17" endtime="4006.29" c="W">one</w>
   <w nite:id="Bed008.w.12,322" starttime="4006.29" endtime="4006.35" c="W">of</w>
   <w nite:id="Bed008.w.12,323" starttime="4006.35" endtime="4006.41" c="W">the</w>
   <w nite:id="Bed008.w.12,324" starttime="4006.41" endtime="4006.77" c="W">weighting</w>
   <w nite:id="Bed008.w.12,325" starttime="4006.98" endtime="4007.6" c="W">systems</w>
   <w nite:id="Bed008.w.12,329" starttime="4009.43" endtime="4009.49" c="TRUNCW">W</w>
   <w nite:id="Bed008.w.12,330" starttime="4009.49" endtime="4009.54" c="W">I</w>
   <w nite:id="Bed008.w.12,331" starttime="4009.54" endtime="4009.64" c="W">was</w>
   <w nite:id="Bed008.w.12,332" starttime="4009.64" endtime="4009.91" c="W">just</w>
   <w nite:id="Bed008.w.12,333" starttime="4009.91" endtime="4009.91" c="CM">,</w>
   <w nite:id="Bed008.w.12,334" starttime="4009.91" endtime="4010.14" c="W">if</w>
   <w nite:id="Bed008.w.12,335" starttime="4010.14" endtime="4010.29" c="W">you</w>
   <w nite:id="Bed008.w.12,336" starttime="4010.29" endtime="4010.52" c="W">wanted</w>
   <w nite:id="Bed008.w.12,337" starttime="4010.52" endtime="4010.58" c="W">to</w>
   <w nite:id="Bed008.w.12,338" starttime="4010.58" endtime="4010.77" c="W">pay</w>
   <w nite:id="Bed008.w.12,339" starttime="4010.77" endtime="4011.02" c="W">attention</w>
   <w nite:id="Bed008.w.12,340" starttime="4011.02" endtime="4011.08" c="W">to</w>
   <w nite:id="Bed008.w.12,341" starttime="4011.08" endtime="4011.26" c="W">more</w>
   <w nite:id="Bed008.w.12,342" starttime="4011.26" endtime="4011.37" c="W">than</w>
   <w nite:id="Bed008.w.12,343" starttime="4011.37" endtime="4011.64" c="W">one</w>
   <w nite:id="Bed008.w.12,344" starttime="4011.64" endtime="4011.71" c="W">you</w>
   <w nite:id="Bed008.w.12,345" starttime="4011.71" endtime="4011.92" c="W">could</w>
   <w nite:id="Bed008.w.12,346" starttime="4012.02" endtime="4012.29" c="W">pass</w>
   <w nite:id="Bed008.w.12,347" starttime="4012.29" endtime="4012.37" c="W">a</w>
   <w nite:id="Bed008.w.12,348" starttime="4012.37" endtime="4012.55" c="TRUNCW">w</w>
   <w nite:id="Bed008.w.12,349" starttime="4012.55" endtime="4012.69" c="W">a</w>
   <w nite:id="Bed008.w.12,350" starttime="4012.69" endtime="4013.1" c="W">weighting</w>
   <w nite:id="Bed008.w.12,351" starttime="4013.1" endtime="4013.28" c="TRUNCW">s</w>
   <w nite:id="Bed008.w.12,352" starttime="4013.28" endtime="4013.58" c="W">system</w>
   <w nite:id="Bed008.w.12,353" starttime="4013.58" endtime="4013.74" c="W">though</w>
   <w nite:id="Bed008.w.12,354" starttime="4013.74" endtime="4013.98" c="W">too</w>
   <w nite:id="Bed008.w.12,355" starttime="4013.98" endtime="4013.98" c="CM">,</w>
   <w nite:id="Bed008.w.12,356" starttime="4013.98" endtime="4014.21" c="W">couldn't</w>
   <w nite:id="Bed008.w.12,357" starttime="4014.21" endtime="4014.32" c="W">you</w>
   <w nite:id="Bed008.w.12,358" starttime="4014.32" endtime="4014.32" c=".">?</w>
   <w nite:id="Bed008.w.12,414" starttime="4024.07" endtime="4024.39" t="PLET" c="W">OK</w>
   <w nite:id="Bed008.w.12,415" starttime="4024.39" endtime="4024.39" c=".">.</w>
   <w nite:id="Bed008.w.12,663" starttime="4079.35" endtime="4079.78" c="W">Oh</w>
   <w nite:id="Bed008.w.12,664" starttime="4081.37" endtime="4081.86" c="W">The</w>
   <w nite:id="Bed008.w.12,665" starttime="4081.86" endtime="4082.56" c="W">situations</w>
   <w nite:id="Bed008.w.12,666" starttime="4082.56" endtime="4082.67" c="W">that</w>
   <w nite:id="Bed008.w.12,667" starttime="4082.67" endtime="4082.91" c="LET">H</w>
   <w nite:id="Bed008.w.12,668" starttime="4082.91" endtime="4083.19" c="W">has</w>
   <w nite:id="Bed008.w.12,669" starttime="4083.19" endtime="4083.19" c="CM">,</w>
   <w nite:id="Bed008.w.12,670" starttime="4083.19" endtime="4083.22" c="W">are</w>
   <w nite:id="Bed008.w.12,671" starttime="4083.22" endtime="4083.36" c="W">they</w>
   <w nite:id="Bed008.w.12,672" starttime="4083.36" endtime="4083.71" c="W">built</w>
   <w nite:id="Bed008.w.12,673" starttime="4083.71" endtime="4084.18" c="W">into</w>
   <w nite:id="Bed008.w.12,674" starttime="4084.18" endtime="4084.55" c="W">the</w>
   <w nite:id="Bed008.w.12,675" starttime="4084.62" endtime="4085.08" c="W">net</w>
   <w nite:id="Bed008.w.12,676" starttime="4085.08" endtime="4085.64" c="W">or</w>
   <w nite:id="Bed008.w.12,683" starttime="4087.37" endtime="4087.75" t="PLET" c="W">OK</w>
   <w nite:id="Bed008.w.12,684" starttime="4087.75" endtime="4087.75" c="CM">,</w>
   <w nite:id="Bed008.w.12,685" starttime="4087.9" endtime="4088.07" c="W">so</w>
   <w nite:id="Bed008.w.12,686" starttime="4088.07" endtime="4088.22" c="W">they</w>
   <disfmarker nite:id="Bed008.disfmarker.289" starttime="" endtime=""/>
   <w nite:id="Bed008.w.12,687" starttime="4088.22" endtime="4088.41" c="W">they</w>
   <w nite:id="Bed008.w.12,688" starttime="4088.41" endtime="4088.52" c="W">could</w>
   <w nite:id="Bed008.w.12,689" starttime="4088.52" endtime="4088.67" c="W">either</w>
   <w nite:id="Bed008.w.12,690" starttime="4088.67" endtime="4088.8" c="W">be</w>
   <w nite:id="Bed008.w.12,691" starttime="4088.8" endtime="4089.0" c="W">hand</w>
   <w nite:id="Bed008.w.12,692" starttime="4089.0" endtime="4089.3" c="W">coded</w>
   <w nite:id="Bed008.w.12,693" starttime="4089.3" endtime="4089.49" c="W">or</w>
   <w nite:id="Bed008.w.12,694" starttime="4089.49" endtime="4089.88" c="W">learned</w>
   <w nite:id="Bed008.w.12,695" starttime="4089.88" endtime="4090.09" c="W">or</w>
   <w nite:id="Bed008.w.12,698" starttime="4090.09" endtime="4090.22" t="PLET" c="W">OK</w>
   <w nite:id="Bed008.w.12,699" starttime="4090.22" endtime="4090.22" c=".">.</w>
   <w nite:id="Bed008.w.12,717" starttime="4095.08" endtime="4095.22" c="W">Based</w>
   <w nite:id="Bed008.w.12,718" starttime="4095.22" endtime="4095.36" c="W">on</w>
   <w nite:id="Bed008.w.12,719" starttime="4095.36" endtime="4095.65" c="W">training</w>
   <w nite:id="Bed008.w.12,720" starttime="4095.65" endtime="4095.89" c="W">data</w>
   <w nite:id="Bed008.w.12,721" starttime="4095.89" endtime="4095.89" c="CM">,</w>
   <w nite:id="Bed008.w.12,722" starttime="4095.95" endtime="4096.21" t="PLET" c="W">OK</w>
   <w nite:id="Bed008.w.12,723" starttime="4096.21" endtime="4096.21" c=".">.</w>
   <w nite:id="Bed008.w.12,926" starttime="4160.18" endtime="4160.24" c="W">So</w>
   <w nite:id="Bed008.w.12,927" starttime="4160.24" endtime="4160.31" c="W">you</w>
   <w nite:id="Bed008.w.12,928" starttime="4160.31" endtime="4160.78" c="W">specify</w>
   <w nite:id="Bed008.w.12,929" starttime="4160.78" endtime="4160.94" c="W">one</w>
   <w nite:id="Bed008.w.12,930" starttime="4160.94" endtime="4161.0" c="W">of</w>
   <w nite:id="Bed008.w.12,931" starttime="4161.0" endtime="4161.11" c="W">these</w>
   <w nite:id="Bed008.w.12,932" starttime="4161.11" endtime="4161.28" c="W">things</w>
   <w nite:id="Bed008.w.12,933" starttime="4161.28" endtime="4161.38" c="W">for</w>
   <w nite:id="Bed008.w.12,934" starttime="4161.38" endtime="4161.54" c="W">every</w>
   <w nite:id="Bed008.w.12,935" starttime="4161.54" endtime="4161.68" c="W">one</w>
   <w nite:id="Bed008.w.12,936" starttime="4161.68" endtime="4161.74" c="W">of</w>
   <w nite:id="Bed008.w.12,937" starttime="4161.74" endtime="4161.93" c="W">those</w>
   <w nite:id="Bed008.w.12,938" starttime="4161.93" endtime="4162.32" c="TRUNCW">possi</w>
   <w nite:id="Bed008.w.12,939" starttime="4162.62" endtime="4162.95" c="W">possible</w>
   <w nite:id="Bed008.w.12,940" starttime="4162.95" endtime="4163.62" c="W">situations</w>
   <w nite:id="Bed008.w.12,941" starttime="4163.62" endtime="4163.62" c=".">.</w>
   <w nite:id="Bed008.w.12,942" starttime="4169.23" endtime="4169.32" c="W">Oh</w>
   <w nite:id="Bed008.w.12,943" starttime="4169.32" endtime="4169.57" c="W">yeah</w>
   <w nite:id="Bed008.w.12,944" starttime="4169.57" endtime="4169.57" c=".">.</w>
   <w nite:id="Bed008.w.13,094" starttime="4332.84" endtime="4332.95" c="W">Well</w>
   <w nite:id="Bed008.w.13,095" starttime="4332.95" endtime="4332.95" c="CM">,</w>
   <w nite:id="Bed008.w.13,096" starttime="4332.95" endtime="4333.19" c="W">basically</w>
   <w nite:id="Bed008.w.13,097" starttime="4333.19" endtime="4333.32" c="W">you</w>
   <w nite:id="Bed008.w.13,098" starttime="4333.32" endtime="4333.44" c="W">would</w>
   <w nite:id="Bed008.w.13,099" starttime="4333.44" endtime="4333.79" c="W">say</w>
   <w nite:id="Bed008.w.13,100" starttime="4333.79" endtime="4333.79" c="CM">,</w>
   <w nite:id="Bed008.w.13,101" starttime="4333.84" endtime="4334.18" c="W">based</w>
   <w nite:id="Bed008.w.13,102" starttime="4334.18" endtime="4334.24" c="W">on</w>
   <disfmarker nite:id="Bed008.disfmarker.295" starttime="" endtime=""/>
   <w nite:id="Bed008.w.13,103" starttime="4334.24" endtime="4334.43" c="W">in</w>
   <w nite:id="Bed008.w.13,104" starttime="4334.43" endtime="4334.67" c="W">this</w>
   <w nite:id="Bed008.w.13,105" starttime="4334.67" endtime="4334.99" c="W">dialogue</w>
   <w nite:id="Bed008.w.13,106" starttime="4334.99" endtime="4335.08" c="W">that</w>
   <w nite:id="Bed008.w.13,107" starttime="4335.08" endtime="4335.17" c="W">we</w>
   <w nite:id="Bed008.w.13,108" starttime="4335.17" endtime="4335.68" c="W">have</w>
   <w nite:id="Bed008.w.13,111" starttime="4335.86" endtime="4336.14" c="W">which</w>
   <w nite:id="Bed008.w.13,112" starttime="4336.14" endtime="4336.41" c="W">one</w>
   <w nite:id="Bed008.w.13,113" starttime="4336.41" endtime="4336.47" c="W">of</w>
   <w nite:id="Bed008.w.13,114" starttime="4336.47" endtime="4336.56" c="W">the</w>
   <w nite:id="Bed008.w.13,115" starttime="4336.56" endtime="4336.72" c="W">things</w>
   <w nite:id="Bed008.w.13,116" starttime="4336.72" endtime="4336.81" c="W">that</w>
   <w nite:id="Bed008.w.13,117" starttime="4336.81" endtime="4336.95" c="W">they</w>
   <w nite:id="Bed008.w.13,118" starttime="4336.95" endtime="4337.35" c="W">said</w>
   <w nite:id="Bed008.w.13,119" starttime="4337.35" endtime="4337.55" c="W">eh</w>
   <w nite:id="Bed008.w.13,120" starttime="4337.55" endtime="4337.82" c="W">whether</w>
   <w nite:id="Bed008.w.13,121" starttime="4337.82" endtime="4337.88" c="W">it</w>
   <w nite:id="Bed008.w.13,122" starttime="4337.88" endtime="4338.12" c="W">was</w>
   <w nite:id="Bed008.w.13,123" starttime="4338.12" endtime="4338.29" c="W">the</w>
   <w nite:id="Bed008.w.13,124" starttime="4338.29" endtime="4338.77" c="W">entity</w>
   <w nite:id="Bed008.w.13,125" starttime="4338.77" endtime="4339.19" c="W">relations</w>
   <w nite:id="Bed008.w.13,126" starttime="4339.19" endtime="4339.27" c="W">or</w>
   <w nite:id="Bed008.w.13,127" starttime="4339.27" endtime="4339.69" c="W">whatever</w>
   <w nite:id="Bed008.w.13,130" starttime="4339.93" endtime="4340.11" c="W">was</w>
   <w nite:id="Bed008.w.13,131" starttime="4340.11" endtime="4340.35" c="W">the</w>
   <w nite:id="Bed008.w.13,132" starttime="4340.35" endtime="4340.57" c="W">thing</w>
   <w nite:id="Bed008.w.13,133" starttime="4340.57" endtime="4340.66" c="W">that</w>
   <w nite:id="Bed008.w.13,134" starttime="4340.66" endtime="4341.08" c="W">determined</w>
   <w nite:id="Bed008.w.13,135" starttime="4341.08" endtime="4341.36" c="W">what</w>
   <w nite:id="Bed008.w.13,136" starttime="4341.36" endtime="4341.59" c="W">mode</w>
   <w nite:id="Bed008.w.13,137" starttime="4341.59" endtime="4341.67" c="W">it</w>
   <w nite:id="Bed008.w.13,138" starttime="4341.67" endtime="4342.02" c="W">was</w>
   <w nite:id="Bed008.w.13,139" starttime="4342.02" endtime="4342.02" c="CM">,</w>
   <w nite:id="Bed008.w.13,140" starttime="4342.34" endtime="4342.62" c="W">right</w>
   <w nite:id="Bed008.w.13,141" starttime="4342.62" endtime="4342.62" c=".">?</w>
   <w nite:id="Bed008.w.13,186" starttime="4585.09" endtime="" c="W">That</w>
   <w nite:id="Bed008.w.13,187" starttime="" endtime="4585.23" c="APOSS">'s</w>
   <w nite:id="Bed008.w.13,188" starttime="4585.23" endtime="4585.37" c="W">on</w>
   <w nite:id="Bed008.w.13,189" starttime="4585.37" endtime="4585.88" c="W">the</w>
   <w nite:id="Bed008.w.13,190" starttime="4585.88" endtime="4586.33" c="W">added</w>
   <w nite:id="Bed008.w.13,191" starttime="4586.33" endtime="4586.86" c="W">variable</w>
   <w nite:id="Bed008.w.13,192" starttime="4586.86" endtime="4586.86" c="CM">,</w>
   <w nite:id="Bed008.w.13,193" starttime="4586.86" endtime="4587.2" c="W">isn't</w>
   <w nite:id="Bed008.w.13,194" starttime="4587.44" endtime="4587.5" c="W">it</w>
   <w nite:id="Bed008.w.13,195" starttime="4587.5" endtime="4587.5" c=".">?</w>
   <w nite:id="Bed008.w.13,321" starttime="4734.07" endtime="4734.39" c="W">Ah</w>
   <w nite:id="Bed008.w.13,322" starttime="4734.39" endtime="4734.39" c=".">.</w>
   <w nite:id="Bed008.w.13,323" starttime="4735.61" endtime="4735.7" c="W">Well</w>
   <w nite:id="Bed008.w.13,324" starttime="4735.7" endtime="4735.77" c="W">in</w>
   <w nite:id="Bed008.w.13,325" starttime="4735.77" endtime="4735.97" c="W">terms</w>
   <w nite:id="Bed008.w.13,326" starttime="4735.97" endtime="4736.03" c="W">of</w>
   <w nite:id="Bed008.w.13,327" starttime="4736.03" endtime="4736.27" c="W">java</w>
   <w nite:id="Bed008.w.13,328" starttime="4736.27" endtime="4736.45" c="W">base</w>
   <w nite:id="Bed008.w.13,329" starttime="4736.45" endtime="4736.55" c="W">I</w>
   <w nite:id="Bed008.w.13,330" starttime="4736.55" endtime="4736.82" c="W">think</w>
   <w nite:id="Bed008.w.13,331" starttime="4736.82" endtime="" c="W">it</w>
   <w nite:id="Bed008.w.13,332" starttime="" endtime="4736.98" c="APOSS">'s</w>
   <w nite:id="Bed008.w.13,333" starttime="4736.98" endtime="4737.3" c="W">basically</w>
   <w nite:id="Bed008.w.13,334" starttime="4737.3" endtime="4737.46" c="W">what</w>
   <w nite:id="Bed008.w.13,335" starttime="4737.46" endtime="4737.58" c="W">you</w>
   <w nite:id="Bed008.w.13,336" starttime="4737.58" endtime="4737.77" c="W">see</w>
   <w nite:id="Bed008.w.13,337" starttime="4737.77" endtime="4737.89" c="W">is</w>
   <w nite:id="Bed008.w.13,338" starttime="4737.89" endtime="4738.02" c="W">what</w>
   <w nite:id="Bed008.w.13,339" starttime="4738.02" endtime="4738.15" c="W">you</w>
   <w nite:id="Bed008.w.13,340" starttime="4738.15" endtime="4738.48" c="W">get</w>
   <w nite:id="Bed008.w.13,341" starttime="4738.48" endtime="4738.74" c="W">in</w>
   <w nite:id="Bed008.w.13,342" starttime="4740.18" endtime="4740.34" c="W">I</w>
   <w nite:id="Bed008.w.13,343" starttime="4740.34" endtime="4740.7" c="W">don't</w>
   <w nite:id="Bed008.w.13,344" starttime="4743.02" endtime="4743.3" c="W">yeah</w>
   <w nite:id="Bed008.w.13,345" starttime="4743.3" endtime="4743.3" c="CM">,</w>
   <w nite:id="Bed008.w.13,346" starttime="4743.38" endtime="4743.52" c="W">I</w>
   <w nite:id="Bed008.w.13,347" starttime="4743.52" endtime="4743.66" c="W">would</w>
   <w nite:id="Bed008.w.13,348" starttime="4743.66" endtime="4743.76" c="W">be</w>
   <w nite:id="Bed008.w.13,349" starttime="4743.76" endtime="4744.25" c="W">surprised</w>
   <w nite:id="Bed008.w.13,350" starttime="4744.25" endtime="4744.33" c="W">if</w>
   <w nite:id="Bed008.w.13,351" starttime="4744.33" endtime="4744.41" c="W">it</w>
   <w nite:id="Bed008.w.13,352" starttime="4744.41" endtime="4744.75" c="W">supports</w>
   <w nite:id="Bed008.w.13,353" starttime="4744.75" endtime="4745.02" c="W">anything</w>
   <w nite:id="Bed008.w.13,354" starttime="4745.02" endtime="4745.19" c="W">more</w>
   <w nite:id="Bed008.w.13,355" starttime="4745.19" endtime="4745.3" c="W">than</w>
   <w nite:id="Bed008.w.13,356" starttime="4745.3" endtime="4745.45" c="W">what</w>
   <w nite:id="Bed008.w.13,357" starttime="4745.45" endtime="4745.74" c="W">we</w>
   <w nite:id="Bed008.w.13,358" starttime="4745.74" endtime="4745.92" c="W">have</w>
   <w nite:id="Bed008.w.13,359" starttime="4745.92" endtime="4746.09" c="W">right</w>
   <w nite:id="Bed008.w.13,360" starttime="4746.09" endtime="4746.33" c="W">here</w>
   <w nite:id="Bed008.w.13,361" starttime="4746.33" endtime="4746.33" c=".">.</w>
   <vocalsound nite:id="Bed008.vocalsound.108" starttime="" endtime="" description="laugh"/>
</nite:root>