<?xml version="1.0" encoding="ISO-8859-1" standalone="yes"?>
<nite:root nite:id="Bed013.B.segs" xmlns:nite="http://nite.sourceforge.net/">
   <segment nite:id="Bed013.segment.3" starttime="1.23" endtime="1.54" participant="me003" timing-provenance="dialogueact">
      <nite:child href="Bed013.B.words.xml#id(Bed013.w.4)..id(Bed013.w.5)"/>
   </segment>
   <segment nite:id="Bed013.segment.6" starttime="5.349" endtime="6.515" participant="me003" timing-provenance="segment">
      <nite:child href="Bed013.B.words.xml#id(Bed013.w.6)..id(Bed013.comment.1)"/>
   </segment>
   <segment nite:id="Bed013.segment.7" starttime="7.517" endtime="9.758" participant="me003" timing-provenance="segment">
      <nite:child href="Bed013.B.words.xml#id(Bed013.vocalsound.2)"/>
   </segment>
   <segment nite:id="Bed013.segment.9" starttime="9.758" endtime="13.16" participant="me003" timing-provenance="segment">
      <nite:child href="Bed013.B.words.xml#id(Bed013.vocalsound.4)..id(Bed013.comment.3)"/>
   </segment>
   <segment nite:id="Bed013.segment.12" starttime="14.626" endtime="16.746" participant="me003" timing-provenance="dialogueact">
      <nite:child href="Bed013.B.words.xml#id(Bed013.w.15)..id(Bed013.w.23)"/>
   </segment>
   <segment nite:id="Bed013.segment.16" starttime="17.526" endtime="18.276" participant="me003" timing-provenance="dialogueact">
      <nite:child href="Bed013.B.words.xml#id(Bed013.w.26)..id(Bed013.w.30)"/>
   </segment>
   <segment nite:id="Bed013.segment.17" starttime="18.437" endtime="20.72" participant="me003" timing-provenance="segment">
      <nite:child href="Bed013.B.words.xml#id(Bed013.vocalsound.8)"/>
   </segment>
   <segment nite:id="Bed013.segment.23" starttime="23.82" endtime="25.38" participant="me003" timing-provenance="segment">
      <nite:child href="Bed013.B.words.xml#id(Bed013.vocalsound.11)"/>
   </segment>
   <segment nite:id="Bed013.segment.25" starttime="25.9" endtime="26.85" participant="me003" timing-provenance="dialogueact">
      <nite:child href="Bed013.B.words.xml#id(Bed013.w.49)..id(Bed013.w.51)"/>
   </segment>
   <segment nite:id="Bed013.segment.30" starttime="38.454" endtime="39.14" participant="me003" timing-provenance="segment">
      <nite:child href="Bed013.B.words.xml#id(Bed013.vocalsound.13)"/>
   </segment>
   <segment nite:id="Bed013.segment.32" starttime="39.18" endtime="39.5" participant="me003" timing-provenance="dialogueact">
      <nite:child href="Bed013.B.words.xml#id(Bed013.w.69)..id(Bed013.w.70)"/>
   </segment>
   <segment nite:id="Bed013.segment.37" starttime="49.011" endtime="50.393" participant="me003" timing-provenance="segment">
      <nite:child href="Bed013.B.words.xml#id(Bed013.vocalsound.14)"/>
   </segment>
   <segment nite:id="Bed013.segment.39" starttime="51.06" endtime="52.37" participant="me003" timing-provenance="dialogueact">
      <nite:child href="Bed013.B.words.xml#id(Bed013.w.95)..id(Bed013.w.107)"/>
   </segment>
   <segment nite:id="Bed013.segment.43" starttime="71.89" endtime="72.18" participant="me003" timing-provenance="dialogueact">
      <nite:child href="Bed013.B.words.xml#id(Bed013.w.154)..id(Bed013.w.155)"/>
   </segment>
   <segment nite:id="Bed013.segment.59" starttime="106.73" endtime="107.71" participant="me003" timing-provenance="segment">
      <nite:child href="Bed013.B.words.xml#id(Bed013.vocalsound.18)"/>
   </segment>
   <segment nite:id="Bed013.segment.63" starttime="116.9" endtime="118.197" participant="me003" timing-provenance="segment">
      <nite:child href="Bed013.B.words.xml#id(Bed013.vocalsound.19)"/>
   </segment>
   <segment nite:id="Bed013.segment.66" starttime="118.287" endtime="119.287" participant="me003" timing-provenance="dialogueact">
      <nite:child href="Bed013.B.words.xml#id(Bed013.w.255)..id(Bed013.w.258)"/>
   </segment>
   <segment nite:id="Bed013.segment.69" starttime="119.444" endtime="120.33" participant="me003" timing-provenance="segment">
      <nite:child href="Bed013.B.words.xml#id(Bed013.vocalsound.23)"/>
   </segment>
   <segment nite:id="Bed013.segment.74" starttime="126.92" endtime="127.83" participant="me003" timing-provenance="segment">
      <nite:child href="Bed013.B.words.xml#id(Bed013.vocalsound.27)"/>
   </segment>
   <segment nite:id="Bed013.segment.77" starttime="130.148" endtime="131.618" participant="me003" timing-provenance="dialogueact">
      <nite:child href="Bed013.B.words.xml#id(Bed013.w.307)..id(Bed013.w.315)"/>
   </segment>
   <segment nite:id="Bed013.segment.79" starttime="133.04" endtime="135.66" participant="me003" timing-provenance="segment">
      <nite:child href="Bed013.B.words.xml#id(Bed013.w.318)..id(Bed013.vocalsound.28)"/>
   </segment>
   <segment nite:id="Bed013.segment.82" starttime="136.09" endtime="138.31" participant="me003" timing-provenance="dialogueact">
      <nite:child href="Bed013.B.words.xml#id(Bed013.w.333)..id(Bed013.w.346)"/>
   </segment>
   <segment nite:id="Bed013.segment.92" starttime="166.41" endtime="167.6" participant="me003" timing-provenance="dialogueact">
      <nite:child href="Bed013.B.words.xml#id(Bed013.w.418)..id(Bed013.w.421)"/>
   </segment>
   <segment nite:id="Bed013.segment.115" starttime="208.53" endtime="209.0" participant="me003" timing-provenance="dialogueact">
      <nite:child href="Bed013.B.words.xml#id(Bed013.w.534)..id(Bed013.w.537)"/>
   </segment>
   <segment nite:id="Bed013.segment.138" starttime="262.32" endtime="263.99" participant="me003" timing-provenance="dialogueact">
      <nite:child href="Bed013.B.words.xml#id(Bed013.w.654)..id(Bed013.w.657)"/>
   </segment>
   <segment nite:id="Bed013.segment.139" starttime="264.73" endtime="266.04" participant="me003" timing-provenance="dialogueact">
      <nite:child href="Bed013.B.words.xml#id(Bed013.w.658)..id(Bed013.w.662)"/>
   </segment>
   <segment nite:id="Bed013.segment.140" starttime="266.98" endtime="270.55" participant="me003" timing-provenance="dialogueact">
      <nite:child href="Bed013.B.words.xml#id(Bed013.w.663)..id(Bed013.w.679)"/>
   </segment>
   <segment nite:id="Bed013.segment.141" starttime="271.54" endtime="272.23" participant="me003" timing-provenance="dialogueact">
      <nite:child href="Bed013.B.words.xml#id(Bed013.w.680)..id(Bed013.w.682)"/>
   </segment>
   <segment nite:id="Bed013.segment.142" starttime="273.53" endtime="274.7" participant="me003" timing-provenance="dialogueact">
      <nite:child href="Bed013.B.words.xml#id(Bed013.w.683)..id(Bed013.w.689)"/>
   </segment>
   <segment nite:id="Bed013.segment.143" starttime="275.73" endtime="281.85" participant="me003" timing-provenance="dialogueact">
      <nite:child href="Bed013.B.words.xml#id(Bed013.w.690)..id(Bed013.w.722)"/>
   </segment>
   <segment nite:id="Bed013.segment.145" starttime="282.694" endtime="282.924" participant="me003" timing-provenance="dialogueact">
      <nite:child href="Bed013.B.words.xml#id(Bed013.w.725)..id(Bed013.w.726)"/>
   </segment>
   <segment nite:id="Bed013.segment.189" starttime="382.67" endtime="385.2" participant="me003" timing-provenance="dialogueact">
      <nite:child href="Bed013.B.words.xml#id(Bed013.w.995)..id(Bed013.w.1,008)"/>
   </segment>
   <segment nite:id="Bed013.segment.191" starttime="385.355" endtime="386.9" participant="me003" timing-provenance="segment">
      <nite:child href="Bed013.B.words.xml#id(Bed013.vocalsound.46)"/>
   </segment>
   <segment nite:id="Bed013.segment.195" starttime="396.83" endtime="399.28" participant="me003" timing-provenance="segment">
      <nite:child href="Bed013.B.words.xml#id(Bed013.w.1,032)..id(Bed013.comment.12)"/>
   </segment>
   <segment nite:id="Bed013.segment.197" starttime="399.32" endtime="400.77" participant="me003" timing-provenance="segment">
      <nite:child href="Bed013.B.words.xml#id(Bed013.vocalsound.47)"/>
   </segment>
   <segment nite:id="Bed013.segment.199" starttime="400.77" endtime="401.385" participant="me003" timing-provenance="segment">
      <nite:child href="Bed013.B.words.xml#id(Bed013.w.1,045)..id(Bed013.disfmarker.20)"/>
   </segment>
   <segment nite:id="Bed013.segment.200" starttime="401.48" endtime="404.69" participant="me003" timing-provenance="dialogueact">
      <nite:child href="Bed013.B.words.xml#id(Bed013.w.1,049)..id(Bed013.w.1,064)"/>
   </segment>
   <segment nite:id="Bed013.segment.226" starttime="475.19" endtime="479.37" participant="me003" timing-provenance="dialogueact">
      <nite:child href="Bed013.B.words.xml#id(Bed013.w.1,324)..id(Bed013.w.1,341)"/>
   </segment>
   <segment nite:id="Bed013.segment.227" starttime="479.75" endtime="482.59" participant="me003" timing-provenance="dialogueact">
      <nite:child href="Bed013.B.words.xml#id(Bed013.w.1,342)..id(Bed013.w.1,356)"/>
   </segment>
   <segment nite:id="Bed013.segment.232" starttime="490.62" endtime="492.17" participant="me003" timing-provenance="dialogueact">
      <nite:child href="Bed013.B.words.xml#id(Bed013.w.1,390)..id(Bed013.w.1,400)"/>
   </segment>
   <segment nite:id="Bed013.segment.236" starttime="503.296" endtime="504.088" participant="me003" timing-provenance="segment">
      <nite:child href="Bed013.B.words.xml#id(Bed013.w.1,436)..id(Bed013.comment.14)"/>
   </segment>
   <segment nite:id="Bed013.segment.238" starttime="504.863" endtime="507.74" participant="me003" timing-provenance="segment">
      <nite:child href="Bed013.B.words.xml#id(Bed013.w.1,443)..id(Bed013.comment.15)"/>
   </segment>
   <segment nite:id="Bed013.segment.240" starttime="508.52" endtime="511.27" participant="me003" timing-provenance="dialogueact">
      <nite:child href="Bed013.B.words.xml#id(Bed013.w.1,455)..id(Bed013.w.1,471)"/>
   </segment>
   <segment nite:id="Bed013.segment.242" starttime="511.27" endtime="513.72" participant="me003" timing-provenance="dialogueact">
      <nite:child href="Bed013.B.words.xml#id(Bed013.w.1,474)..id(Bed013.w.1,486)"/>
   </segment>
   <segment nite:id="Bed013.segment.245" starttime="514.52" endtime="517.47" participant="me003" timing-provenance="dialogueact">
      <nite:child href="Bed013.B.words.xml#id(Bed013.w.1,493)..id(Bed013.w.1,508)"/>
   </segment>
   <segment nite:id="Bed013.segment.246" starttime="518.03" endtime="518.28" participant="me003" timing-provenance="dialogueact">
      <nite:child href="Bed013.B.words.xml#id(Bed013.w.1,509)..id(Bed013.w.1,510)"/>
   </segment>
   <segment nite:id="Bed013.segment.247" starttime="518.323" endtime="519.115" participant="me003" timing-provenance="segment">
      <nite:child href="Bed013.B.words.xml#id(Bed013.vocalsound.50)"/>
   </segment>
   <segment nite:id="Bed013.segment.248" starttime="519.265" endtime="521.775" participant="me003" timing-provenance="dialogueact">
      <nite:child href="Bed013.B.words.xml#id(Bed013.w.1,511)..id(Bed013.w.1,529)"/>
   </segment>
   <segment nite:id="Bed013.segment.254" starttime="527.24" endtime="528.268" participant="me003" timing-provenance="segment">
      <nite:child href="Bed013.B.words.xml#id(Bed013.vocalsound.52)"/>
   </segment>
   <segment nite:id="Bed013.segment.255" starttime="528.268" endtime="531.43" participant="me003" timing-provenance="segment">
      <nite:child href="Bed013.B.words.xml#id(Bed013.w.1,547)..id(Bed013.vocalsound.53)"/>
   </segment>
   <segment nite:id="Bed013.segment.267" starttime="558.11" endtime="559.53" participant="me003" timing-provenance="segment">
      <nite:child href="Bed013.B.words.xml#id(Bed013.w.1,650)..id(Bed013.comment.17)"/>
   </segment>
   <segment nite:id="Bed013.segment.282" starttime="604.49" endtime="605.19" participant="me003" timing-provenance="dialogueact">
      <nite:child href="Bed013.B.words.xml#id(Bed013.w.1,822)..id(Bed013.w.1,826)"/>
   </segment>
   <segment nite:id="Bed013.segment.284" starttime="605.472" endtime="605.632" participant="me003" timing-provenance="dialogueact">
      <nite:child href="Bed013.B.words.xml#id(Bed013.w.1,828)"/>
   </segment>
   <segment nite:id="Bed013.segment.285" starttime="606.343" endtime="609.99" participant="me003" timing-provenance="segment">
      <nite:child href="Bed013.B.words.xml#id(Bed013.w.1,829)..id(Bed013.comment.18)"/>
   </segment>
   <segment nite:id="Bed013.segment.300" starttime="652.79" endtime="653.56" participant="me003" timing-provenance="segment">
      <nite:child href="Bed013.B.words.xml#id(Bed013.w.1,976)..id(Bed013.disfmarker.56)"/>
   </segment>
   <segment nite:id="Bed013.segment.301" starttime="654.32" endtime="655.91" participant="me003" timing-provenance="dialogueact">
      <nite:child href="Bed013.B.words.xml#id(Bed013.w.1,979)..id(Bed013.w.1,990)"/>
   </segment>
   <segment nite:id="Bed013.segment.302" starttime="656.231" endtime="658.163" participant="me003" timing-provenance="segment">
      <nite:child href="Bed013.B.words.xml#id(Bed013.w.1,991)..id(Bed013.comment.20)"/>
   </segment>
   <segment nite:id="Bed013.segment.304" starttime="658.203" endtime="659.883" participant="me003" timing-provenance="dialogueact">
      <nite:child href="Bed013.B.words.xml#id(Bed013.w.1,999)..id(Bed013.w.2,009)"/>
   </segment>
   <segment nite:id="Bed013.segment.305" starttime="661.35" endtime="663.43" participant="me003" timing-provenance="dialogueact">
      <nite:child href="Bed013.B.words.xml#id(Bed013.w.2,010)..id(Bed013.w.2,018)"/>
   </segment>
   <segment nite:id="Bed013.segment.308" starttime="663.486" endtime="664.84" participant="me003" timing-provenance="segment">
      <nite:child href="Bed013.B.words.xml#id(Bed013.vocalsound.60)"/>
   </segment>
   <segment nite:id="Bed013.segment.313" starttime="674.145" endtime="681.245" participant="me003" timing-provenance="dialogueact">
      <nite:child href="Bed013.B.words.xml#id(Bed013.w.2,068)..id(Bed013.w.2,107)"/>
   </segment>
   <segment nite:id="Bed013.segment.316" starttime="682.07" endtime="685.75" participant="me003" timing-provenance="segment">
      <nite:child href="Bed013.B.words.xml#id(Bed013.w.2,110)..id(Bed013.comment.22)"/>
   </segment>
   <segment nite:id="Bed013.segment.318" starttime="686.09" endtime="687.577" participant="me003" timing-provenance="segment">
      <nite:child href="Bed013.B.words.xml#id(Bed013.w.2,124)..id(Bed013.comment.23)"/>
   </segment>
   <segment nite:id="Bed013.segment.319" starttime="688.39" endtime="690.38" participant="me003" timing-provenance="dialogueact">
      <nite:child href="Bed013.B.words.xml#id(Bed013.w.2,128)..id(Bed013.w.2,134)"/>
   </segment>
   <segment nite:id="Bed013.segment.320" starttime="691.43" endtime="692.99" participant="me003" timing-provenance="segment">
      <nite:child href="Bed013.B.words.xml#id(Bed013.w.2,135)..id(Bed013.disfmarker.66)"/>
   </segment>
   <segment nite:id="Bed013.segment.321" starttime="693.68" endtime="698.17" participant="me003" timing-provenance="segment">
      <nite:child href="Bed013.B.words.xml#id(Bed013.w.2,140)..id(Bed013.vocalsound.64)"/>
   </segment>
   <segment nite:id="Bed013.segment.323" starttime="699.37" endtime="700.76" participant="me003" timing-provenance="dialogueact">
      <nite:child href="Bed013.B.words.xml#id(Bed013.w.2,157)..id(Bed013.w.2,163)"/>
   </segment>
   <segment nite:id="Bed013.segment.329" starttime="703.66" endtime="705.73" participant="me003" timing-provenance="segment">
      <nite:child href="Bed013.B.words.xml#id(Bed013.vocalsound.69)"/>
   </segment>
   <segment nite:id="Bed013.segment.332" starttime="706.064" endtime="708.804" participant="me003" timing-provenance="segment">
      <nite:child href="Bed013.B.words.xml#id(Bed013.nonvocalsound.19)..id(Bed013.comment.25)"/>
   </segment>
   <segment nite:id="Bed013.segment.333" starttime="709.13" endtime="710.43" participant="me003" timing-provenance="segment">
      <nite:child href="Bed013.B.words.xml#id(Bed013.w.2,195)..id(Bed013.comment.26)"/>
   </segment>
   <segment nite:id="Bed013.segment.334" starttime="710.71" endtime="712.63" participant="me003" timing-provenance="segment">
      <nite:child href="Bed013.B.words.xml#id(Bed013.w.2,201)..id(Bed013.comment.27)"/>
   </segment>
   <segment nite:id="Bed013.segment.336" starttime="712.63" endtime="714.98" participant="me003" timing-provenance="segment">
      <nite:child href="Bed013.B.words.xml#id(Bed013.vocalsound.72)"/>
   </segment>
   <segment nite:id="Bed013.segment.337" starttime="714.98" endtime="718.32" participant="me003" timing-provenance="segment">
      <nite:child href="Bed013.B.words.xml#id(Bed013.w.2,213)..id(Bed013.comment.28)"/>
   </segment>
   <segment nite:id="Bed013.segment.338" starttime="718.54" endtime="720.14" participant="me003" timing-provenance="dialogueact">
      <nite:child href="Bed013.B.words.xml#id(Bed013.w.2,223)..id(Bed013.w.2,229)"/>
   </segment>
   <segment nite:id="Bed013.segment.339" starttime="720.83" endtime="721.3" participant="me003" timing-provenance="dialogueact">
      <nite:child href="Bed013.B.words.xml#id(Bed013.w.2,230)..id(Bed013.w.2,231)"/>
   </segment>
   <segment nite:id="Bed013.segment.340" starttime="721.24" endtime="725.76" participant="me003" timing-provenance="segment">
      <nite:child href="Bed013.B.words.xml#id(Bed013.w.2,232)..id(Bed013.comment.29)"/>
   </segment>
   <segment nite:id="Bed013.segment.344" starttime="728.14" endtime="728.89" participant="me003" timing-provenance="dialogueact">
      <nite:child href="Bed013.B.words.xml#id(Bed013.w.2,265)..id(Bed013.w.2,267)"/>
   </segment>
   <segment nite:id="Bed013.segment.346" starttime="729.52" endtime="731.54" participant="me003" timing-provenance="segment">
      <nite:child href="Bed013.B.words.xml#id(Bed013.vocalsound.77)"/>
   </segment>
   <segment nite:id="Bed013.segment.349" starttime="736.01" endtime="736.62" participant="me003" timing-provenance="dialogueact">
      <nite:child href="Bed013.B.words.xml#id(Bed013.w.2,287)..id(Bed013.w.2,291)"/>
   </segment>
   <segment nite:id="Bed013.segment.350" starttime="737.74" endtime="741.31" participant="me003" timing-provenance="dialogueact">
      <nite:child href="Bed013.B.words.xml#id(Bed013.w.2,292)..id(Bed013.w.2,314)"/>
   </segment>
   <segment nite:id="Bed013.segment.353" starttime="742.81" endtime="744.54" participant="me003" timing-provenance="dialogueact">
      <nite:child href="Bed013.B.words.xml#id(Bed013.w.2,319)..id(Bed013.w.2,327)"/>
   </segment>
   <segment nite:id="Bed013.segment.355" starttime="747.33" endtime="749.14" participant="me003" timing-provenance="dialogueact">
      <nite:child href="Bed013.B.words.xml#id(Bed013.w.2,340)..id(Bed013.w.2,350)"/>
   </segment>
   <segment nite:id="Bed013.segment.358" starttime="750.37" endtime="751.91" participant="me003" timing-provenance="dialogueact">
      <nite:child href="Bed013.B.words.xml#id(Bed013.w.2,355)..id(Bed013.w.2,360)"/>
   </segment>
   <segment nite:id="Bed013.segment.359" starttime="752.484" endtime="753.334" participant="me003" timing-provenance="dialogueact">
      <nite:child href="Bed013.B.words.xml#id(Bed013.w.2,361)..id(Bed013.w.2,366)"/>
   </segment>
   <segment nite:id="Bed013.segment.360" starttime="753.85" endtime="755.71" participant="me003" timing-provenance="segment">
      <nite:child href="Bed013.B.words.xml#id(Bed013.w.2,367)..id(Bed013.comment.30)"/>
   </segment>
   <segment nite:id="Bed013.segment.362" starttime="758.75" endtime="759.16" participant="me003" timing-provenance="dialogueact">
      <nite:child href="Bed013.B.words.xml#id(Bed013.w.2,392)..id(Bed013.w.2,393)"/>
   </segment>
   <segment nite:id="Bed013.segment.364" starttime="760.27" endtime="764.17" participant="me003" timing-provenance="dialogueact">
      <nite:child href="Bed013.B.words.xml#id(Bed013.w.2,401)..id(Bed013.w.2,427)"/>
   </segment>
   <segment nite:id="Bed013.segment.373" starttime="782.43" endtime="786.008" participant="me003" timing-provenance="segment">
      <nite:child href="Bed013.B.words.xml#id(Bed013.w.2,518)..id(Bed013.comment.31)"/>
   </segment>
   <segment nite:id="Bed013.segment.374" starttime="786.008" endtime="788.33" participant="me003" timing-provenance="segment">
      <nite:child href="Bed013.B.words.xml#id(Bed013.w.2,540)..id(Bed013.disfmarker.75)"/>
   </segment>
   <segment nite:id="Bed013.segment.376" starttime="788.57" endtime="789.31" participant="me003" timing-provenance="dialogueact">
      <nite:child href="Bed013.B.words.xml#id(Bed013.w.2,551)..id(Bed013.w.2,556)"/>
   </segment>
   <segment nite:id="Bed013.segment.381" starttime="791.392" endtime="792.587" participant="me003" timing-provenance="segment">
      <nite:child href="Bed013.B.words.xml#id(Bed013.vocalsound.85)"/>
   </segment>
   <segment nite:id="Bed013.segment.383" starttime="792.657" endtime="793.997" participant="me003" timing-provenance="dialogueact">
      <nite:child href="Bed013.B.words.xml#id(Bed013.w.2,563)..id(Bed013.w.2,570)"/>
   </segment>
   <segment nite:id="Bed013.segment.384" starttime="797.83" endtime="799.43" participant="me003" timing-provenance="dialogueact">
      <nite:child href="Bed013.B.words.xml#id(Bed013.w.2,571)..id(Bed013.w.2,577)"/>
   </segment>
   <segment nite:id="Bed013.segment.385" starttime="799.844" endtime="802.42" participant="me003" timing-provenance="segment">
      <nite:child href="Bed013.B.words.xml#id(Bed013.vocalsound.86)"/>
   </segment>
   <segment nite:id="Bed013.segment.388" starttime="803.59" endtime="805.36" participant="me003" timing-provenance="dialogueact">
      <nite:child href="Bed013.B.words.xml#id(Bed013.w.2,582)..id(Bed013.w.2,588)"/>
   </segment>
   <segment nite:id="Bed013.segment.402" starttime="827.25" endtime="828.12" participant="me003" timing-provenance="segment">
      <nite:child href="Bed013.B.words.xml#id(Bed013.w.2,664)..id(Bed013.comment.39)"/>
   </segment>
   <segment nite:id="Bed013.segment.405" starttime="830.01" endtime="830.78" participant="me003" timing-provenance="dialogueact">
      <nite:child href="Bed013.B.words.xml#id(Bed013.w.2,679)..id(Bed013.w.2,683)"/>
   </segment>
   <segment nite:id="Bed013.segment.409" starttime="830.851" endtime="831.39" participant="me003" timing-provenance="segment">
      <nite:child href="Bed013.B.words.xml#id(Bed013.vocalsound.93)"/>
   </segment>
   <segment nite:id="Bed013.segment.422" starttime="863.32" endtime="865.03" participant="me003" timing-provenance="dialogueact">
      <nite:child href="Bed013.B.words.xml#id(Bed013.w.2,766)..id(Bed013.w.2,775)"/>
   </segment>
   <segment nite:id="Bed013.segment.424" starttime="868.53" endtime="869.95" participant="me003" timing-provenance="dialogueact">
      <nite:child href="Bed013.B.words.xml#id(Bed013.w.2,793)..id(Bed013.w.2,802)"/>
   </segment>
   <segment nite:id="Bed013.segment.426" starttime="871.84" endtime="875.82" participant="me003" timing-provenance="dialogueact">
      <nite:child href="Bed013.B.words.xml#id(Bed013.w.2,805)..id(Bed013.w.2,832)"/>
   </segment>
   <segment nite:id="Bed013.segment.428" starttime="876.884" endtime="878.214" participant="me003" timing-provenance="dialogueact">
      <nite:child href="Bed013.B.words.xml#id(Bed013.w.2,833)..id(Bed013.w.2,838)"/>
   </segment>
   <segment nite:id="Bed013.segment.430" starttime="878.784" endtime="880.424" participant="me003" timing-provenance="dialogueact">
      <nite:child href="Bed013.B.words.xml#id(Bed013.w.2,839)..id(Bed013.w.2,850)"/>
   </segment>
   <segment nite:id="Bed013.segment.431" starttime="881.134" endtime="881.754" participant="me003" timing-provenance="dialogueact">
      <nite:child href="Bed013.B.words.xml#id(Bed013.w.2,851)..id(Bed013.w.2,854)"/>
   </segment>
   <segment nite:id="Bed013.segment.434" starttime="882.73" endtime="884.91" participant="me003" timing-provenance="segment">
      <nite:child href="Bed013.B.words.xml#id(Bed013.w.2,855)..id(Bed013.disfmarker.82)"/>
   </segment>
   <segment nite:id="Bed013.segment.437" starttime="886.19" endtime="887.381" participant="me003" timing-provenance="segment">
      <nite:child href="Bed013.B.words.xml#id(Bed013.w.2,870)..id(Bed013.comment.43)"/>
   </segment>
   <segment nite:id="Bed013.segment.439" starttime="887.441" endtime="891.321" participant="me003" timing-provenance="dialogueact">
      <nite:child href="Bed013.B.words.xml#id(Bed013.w.2,872)..id(Bed013.w.2,899)"/>
   </segment>
   <segment nite:id="Bed013.segment.441" starttime="892.17" endtime="893.53" participant="me003" timing-provenance="dialogueact">
      <nite:child href="Bed013.B.words.xml#id(Bed013.w.2,902)..id(Bed013.w.2,910)"/>
   </segment>
   <segment nite:id="Bed013.segment.444" starttime="895.83" endtime="896.0" participant="me003" timing-provenance="dialogueact">
      <nite:child href="Bed013.B.words.xml#id(Bed013.w.2,915)..id(Bed013.w.2,916)"/>
   </segment>
   <segment nite:id="Bed013.segment.446" starttime="896.852" endtime="900.101" participant="me003" timing-provenance="segment">
      <nite:child href="Bed013.B.words.xml#id(Bed013.w.2,917)..id(Bed013.vocalsound.106)"/>
   </segment>
   <segment nite:id="Bed013.segment.447" starttime="900.191" endtime="901.421" participant="me003" timing-provenance="dialogueact">
      <nite:child href="Bed013.B.words.xml#id(Bed013.w.2,924)..id(Bed013.w.2,928)"/>
   </segment>
   <segment nite:id="Bed013.segment.449" starttime="901.891" endtime="903.246" participant="me003" timing-provenance="segment">
      <nite:child href="Bed013.B.words.xml#id(Bed013.w.2,929)..id(Bed013.w.2,932)"/>
   </segment>
   <segment nite:id="Bed013.segment.450" starttime="902.811" endtime="904.291" participant="me003" timing-provenance="dialogueact">
      <nite:child href="Bed013.B.words.xml#id(Bed013.w.2,933)..id(Bed013.w.2,940)"/>
   </segment>
   <segment nite:id="Bed013.segment.451" starttime="904.431" endtime="906.161" participant="me003" timing-provenance="dialogueact">
      <nite:child href="Bed013.B.words.xml#id(Bed013.w.2,941)..id(Bed013.w.2,954)"/>
   </segment>
   <segment nite:id="Bed013.segment.452" starttime="906.351" endtime="908.061" participant="me003" timing-provenance="dialogueact">
      <nite:child href="Bed013.B.words.xml#id(Bed013.w.2,955)..id(Bed013.w.2,965)"/>
   </segment>
   <segment nite:id="Bed013.segment.454" starttime="909.25" endtime="910.0" participant="me003" timing-provenance="segment">
      <nite:child href="Bed013.B.words.xml#id(Bed013.vocalsound.109)"/>
   </segment>
   <segment nite:id="Bed013.segment.456" starttime="911.06" endtime="914.55" participant="me003" timing-provenance="dialogueact">
      <nite:child href="Bed013.B.words.xml#id(Bed013.w.2,968)..id(Bed013.w.2,989)"/>
   </segment>
   <segment nite:id="Bed013.segment.459" starttime="917.85" endtime="918.01" participant="me003" timing-provenance="dialogueact">
      <nite:child href="Bed013.B.words.xml#id(Bed013.w.3,004)..id(Bed013.w.3,005)"/>
   </segment>
   <segment nite:id="Bed013.segment.460" starttime="918.36" endtime="922.73" participant="me003" timing-provenance="dialogueact">
      <nite:child href="Bed013.B.words.xml#id(Bed013.w.3,006)..id(Bed013.w.3,031)"/>
   </segment>
   <segment nite:id="Bed013.segment.463" starttime="925.3" endtime="925.65" participant="me003" timing-provenance="dialogueact">
      <nite:child href="Bed013.B.words.xml#id(Bed013.w.3,037)..id(Bed013.w.3,038)"/>
   </segment>
   <segment nite:id="Bed013.segment.465" starttime="927.23" endtime="928.12" participant="me003" timing-provenance="dialogueact">
      <nite:child href="Bed013.B.words.xml#id(Bed013.w.3,041)..id(Bed013.w.3,049)"/>
   </segment>
   <segment nite:id="Bed013.segment.472" starttime="938.88" endtime="940.03" participant="me003" timing-provenance="dialogueact">
      <nite:child href="Bed013.B.words.xml#id(Bed013.w.3,065)..id(Bed013.w.3,072)"/>
   </segment>
   <segment nite:id="Bed013.segment.473" starttime="943.92" endtime="946.0" participant="me003" timing-provenance="segment">
      <nite:child href="Bed013.B.words.xml#id(Bed013.w.3,073)..id(Bed013.comment.45)"/>
   </segment>
   <segment nite:id="Bed013.segment.474" starttime="946.16" endtime="948.691" participant="me003" timing-provenance="segment">
      <nite:child href="Bed013.B.words.xml#id(Bed013.w.3,082)..id(Bed013.comment.46)"/>
   </segment>
   <segment nite:id="Bed013.segment.475" starttime="948.731" endtime="949.271" participant="me003" timing-provenance="dialogueact">
      <nite:child href="Bed013.B.words.xml#id(Bed013.w.3,100)..id(Bed013.w.3,105)"/>
   </segment>
   <segment nite:id="Bed013.segment.476" starttime="949.421" endtime="951.801" participant="me003" timing-provenance="dialogueact">
      <nite:child href="Bed013.B.words.xml#id(Bed013.w.3,106)..id(Bed013.w.3,119)"/>
   </segment>
   <segment nite:id="Bed013.segment.479" starttime="952.654" endtime="953.043" participant="me003" timing-provenance="segment">
      <nite:child href="Bed013.B.words.xml#id(Bed013.w.3,128)..id(Bed013.disfmarker.87)"/>
   </segment>
   <segment nite:id="Bed013.segment.482" starttime="958.09" endtime="965.93" participant="me003" timing-provenance="dialogueact">
      <nite:child href="Bed013.B.words.xml#id(Bed013.w.3,133)..id(Bed013.w.3,182)"/>
   </segment>
   <segment nite:id="Bed013.segment.486" starttime="968.2" endtime="970.4" participant="me003" timing-provenance="dialogueact">
      <nite:child href="Bed013.B.words.xml#id(Bed013.w.3,186)..id(Bed013.w.3,202)"/>
   </segment>
   <segment nite:id="Bed013.segment.503" starttime="1009.93" endtime="1012.54" participant="me003" timing-provenance="segment">
      <nite:child href="Bed013.B.words.xml#id(Bed013.w.3,378)..id(Bed013.comment.47)"/>
   </segment>
   <segment nite:id="Bed013.segment.509" starttime="1031.949" endtime="1032.838" participant="me003" timing-provenance="segment">
      <nite:child href="Bed013.B.words.xml#id(Bed013.vocalsound.113)"/>
   </segment>
   <segment nite:id="Bed013.segment.516" starttime="1054.12" endtime="1056.62" participant="me003" timing-provenance="dialogueact">
      <nite:child href="Bed013.B.words.xml#id(Bed013.w.3,502)..id(Bed013.w.3,513)"/>
   </segment>
   <segment nite:id="Bed013.segment.542" starttime="1112.994" endtime="1114.154" participant="me003" timing-provenance="segment">
      <nite:child href="Bed013.B.words.xml#id(Bed013.vocalsound.120)"/>
   </segment>
   <segment nite:id="Bed013.segment.545" starttime="1115.097" endtime="1116.68" participant="me003" timing-provenance="segment">
      <nite:child href="Bed013.B.words.xml#id(Bed013.vocalsound.121)"/>
   </segment>
   <segment nite:id="Bed013.segment.549" starttime="1117.26" endtime="1118.15" participant="me003" timing-provenance="dialogueact">
      <nite:child href="Bed013.B.words.xml#id(Bed013.w.3,703)..id(Bed013.w.3,707)"/>
   </segment>
   <segment nite:id="Bed013.segment.552" starttime="1119.0" endtime="1119.26" participant="me003" timing-provenance="dialogueact">
      <nite:child href="Bed013.B.words.xml#id(Bed013.w.3,712)..id(Bed013.w.3,713)"/>
   </segment>
   <segment nite:id="Bed013.segment.554" starttime="1121.76" endtime="1122.09" participant="me003" timing-provenance="dialogueact">
      <nite:child href="Bed013.B.words.xml#id(Bed013.w.3,721)..id(Bed013.w.3,722)"/>
   </segment>
   <segment nite:id="Bed013.segment.558" starttime="1124.33" endtime="1124.58" participant="me003" timing-provenance="dialogueact">
      <nite:child href="Bed013.B.words.xml#id(Bed013.w.3,740)..id(Bed013.w.3,741)"/>
   </segment>
   <segment nite:id="Bed013.segment.569" starttime="1131.93" endtime="1136.12" participant="me003" timing-provenance="segment">
      <nite:child href="Bed013.B.words.xml#id(Bed013.w.3,786)..id(Bed013.comment.58)"/>
   </segment>
   <segment nite:id="Bed013.segment.572" starttime="1137.58" endtime="1140.17" participant="me003" timing-provenance="dialogueact">
      <nite:child href="Bed013.B.words.xml#id(Bed013.w.3,814)..id(Bed013.w.3,830)"/>
   </segment>
   <segment nite:id="Bed013.segment.575" starttime="1143.29" endtime="1144.46" participant="me003" timing-provenance="dialogueact">
      <nite:child href="Bed013.B.words.xml#id(Bed013.w.3,836)..id(Bed013.w.3,843)"/>
   </segment>
   <segment nite:id="Bed013.segment.581" starttime="1148.082" endtime="1149.89" participant="me003" timing-provenance="segment">
      <nite:child href="Bed013.B.words.xml#id(Bed013.vocalsound.128)"/>
   </segment>
   <segment nite:id="Bed013.segment.587" starttime="1153.52" endtime="1154.29" participant="me003" timing-provenance="dialogueact">
      <nite:child href="Bed013.B.words.xml#id(Bed013.w.3,892)..id(Bed013.w.3,896)"/>
   </segment>
   <segment nite:id="Bed013.segment.592" starttime="1155.19" endtime="1155.46" participant="me003" timing-provenance="dialogueact">
      <nite:child href="Bed013.B.words.xml#id(Bed013.w.3,906)..id(Bed013.w.3,907)"/>
   </segment>
   <segment nite:id="Bed013.segment.609" starttime="1180.46" endtime="1181.56" participant="me003" timing-provenance="segment">
      <nite:child href="Bed013.B.words.xml#id(Bed013.vocalsound.135)"/>
   </segment>
   <segment nite:id="Bed013.segment.617" starttime="1185.49" endtime="1187.94" participant="me003" timing-provenance="segment">
      <nite:child href="Bed013.B.words.xml#id(Bed013.vocalsound.141)"/>
   </segment>
   <segment nite:id="Bed013.segment.622" starttime="1189.93" endtime="1192.67" participant="me003" timing-provenance="segment">
      <nite:child href="Bed013.B.words.xml#id(Bed013.vocalsound.148)"/>
   </segment>
   <segment nite:id="Bed013.segment.632" starttime="1209.46" endtime="1210.29" participant="me003" timing-provenance="segment">
      <nite:child href="Bed013.B.words.xml#id(Bed013.vocalsound.152)"/>
   </segment>
   <segment nite:id="Bed013.segment.696" starttime="1318.06" endtime="1318.33" participant="me003" timing-provenance="dialogueact">
      <nite:child href="Bed013.B.words.xml#id(Bed013.w.4,541)..id(Bed013.w.4,543)"/>
   </segment>
   <segment nite:id="Bed013.segment.727" starttime="1384.99" endtime="1386.387" participant="me003" timing-provenance="segment">
      <nite:child href="Bed013.B.words.xml#id(Bed013.w.4,814)..id(Bed013.disfmarker.142)"/>
   </segment>
   <segment nite:id="Bed013.segment.729" starttime="1386.387" endtime="1389.75" participant="me003" timing-provenance="segment">
      <nite:child href="Bed013.B.words.xml#id(Bed013.w.4,820)..id(Bed013.vocalsound.170)"/>
   </segment>
   <segment nite:id="Bed013.segment.736" starttime="1392.36" endtime="1394.91" participant="me003" timing-provenance="dialogueact">
      <nite:child href="Bed013.B.words.xml#id(Bed013.w.4,865)..id(Bed013.w.4,879)"/>
   </segment>
   <segment nite:id="Bed013.segment.763" starttime="1436.23" endtime="1439.48" participant="me003" timing-provenance="dialogueact">
      <nite:child href="Bed013.B.words.xml#id(Bed013.w.5,100)..id(Bed013.w.5,116)"/>
   </segment>
   <segment nite:id="Bed013.segment.771" starttime="1451.5" endtime="1454.99" participant="me003" timing-provenance="segment">
      <nite:child href="Bed013.B.words.xml#id(Bed013.w.5,162)..id(Bed013.vocalsound.176)"/>
   </segment>
   <segment nite:id="Bed013.segment.785" starttime="1474.75" endtime="1475.28" participant="me003" timing-provenance="dialogueact">
      <nite:child href="Bed013.B.words.xml#id(Bed013.w.5,271)..id(Bed013.w.5,275)"/>
   </segment>
   <segment nite:id="Bed013.segment.787" starttime="1477.0" endtime="1479.3" participant="me003" timing-provenance="dialogueact">
      <nite:child href="Bed013.B.words.xml#id(Bed013.w.5,278)..id(Bed013.w.5,293)"/>
   </segment>
   <segment nite:id="Bed013.segment.792" starttime="1481.6" endtime="1482.33" participant="me003" timing-provenance="segment">
      <nite:child href="Bed013.B.words.xml#id(Bed013.vocalsound.182)"/>
   </segment>
   <segment nite:id="Bed013.segment.794" starttime="1483.71" endtime="1487.28" participant="me003" timing-provenance="segment">
      <nite:child href="Bed013.B.words.xml#id(Bed013.vocalsound.184)"/>
   </segment>
   <segment nite:id="Bed013.segment.804" starttime="1496.68" endtime="1498.7" participant="me003" timing-provenance="segment">
      <nite:child href="Bed013.B.words.xml#id(Bed013.vocalsound.191)"/>
   </segment>
   <segment nite:id="Bed013.segment.816" starttime="1515.08" endtime="1516.05" participant="me003" timing-provenance="segment">
      <nite:child href="Bed013.B.words.xml#id(Bed013.vocalsound.196)"/>
   </segment>
   <segment nite:id="Bed013.segment.828" starttime="1527.66" endtime="1528.63" participant="me003" timing-provenance="segment">
      <nite:child href="Bed013.B.words.xml#id(Bed013.vocalsound.203)"/>
   </segment>
   <segment nite:id="Bed013.segment.829" starttime="1528.87" endtime="1530.6" participant="me003" timing-provenance="segment">
      <nite:child href="Bed013.B.words.xml#id(Bed013.vocalsound.204)"/>
   </segment>
   <segment nite:id="Bed013.segment.843" starttime="1547.92" endtime="1549.01" participant="me003" timing-provenance="segment">
      <nite:child href="Bed013.B.words.xml#id(Bed013.vocalsound.213)"/>
   </segment>
   <segment nite:id="Bed013.segment.853" starttime="1557.23" endtime="1558.69" participant="me003" timing-provenance="segment">
      <nite:child href="Bed013.B.words.xml#id(Bed013.vocalsound.222)"/>
   </segment>
   <segment nite:id="Bed013.segment.869" starttime="1575.51" endtime="1576.44" participant="me003" timing-provenance="dialogueact">
      <nite:child href="Bed013.B.words.xml#id(Bed013.w.5,630)..id(Bed013.w.5,638)"/>
   </segment>
   <segment nite:id="Bed013.segment.872" starttime="1580.02" endtime="1581.76" participant="me003" timing-provenance="segment">
      <nite:child href="Bed013.B.words.xml#id(Bed013.vocalsound.227)"/>
   </segment>
   <segment nite:id="Bed013.segment.876" starttime="1583.99" endtime="1585.87" participant="me003" timing-provenance="segment">
      <nite:child href="Bed013.B.words.xml#id(Bed013.vocalsound.229)"/>
   </segment>
   <segment nite:id="Bed013.segment.899" starttime="1616.3" endtime="1617.0" participant="me003" timing-provenance="dialogueact">
      <nite:child href="Bed013.B.words.xml#id(Bed013.w.5,768)..id(Bed013.w.5,769)"/>
   </segment>
   <segment nite:id="Bed013.segment.900" starttime="1617.61" endtime="1619.82" participant="me003" timing-provenance="segment">
      <nite:child href="Bed013.B.words.xml#id(Bed013.w.5,770)..id(Bed013.vocalsound.241)"/>
   </segment>
   <segment nite:id="Bed013.segment.916" starttime="1649.9" endtime="1651.49" participant="me003" timing-provenance="segment">
      <nite:child href="Bed013.B.words.xml#id(Bed013.vocalsound.250)"/>
   </segment>
   <segment nite:id="Bed013.segment.919" starttime="1651.66" endtime="1652.39" participant="me003" timing-provenance="segment">
      <nite:child href="Bed013.B.words.xml#id(Bed013.vocalsound.251)"/>
   </segment>
   <segment nite:id="Bed013.segment.926" starttime="1657.28" endtime="1658.3" participant="me003" timing-provenance="dialogueact">
      <nite:child href="Bed013.B.words.xml#id(Bed013.w.5,963)..id(Bed013.w.5,972)"/>
   </segment>
   <segment nite:id="Bed013.segment.929" starttime="1662.821" endtime="1663.87" participant="me003" timing-provenance="segment">
      <nite:child href="Bed013.B.words.xml#id(Bed013.vocalsound.252)"/>
   </segment>
   <segment nite:id="Bed013.segment.930" starttime="1664.15" endtime="1665.72" participant="me003" timing-provenance="segment">
      <nite:child href="Bed013.B.words.xml#id(Bed013.vocalsound.253)"/>
   </segment>
   <segment nite:id="Bed013.segment.934" starttime="1666.07" endtime="1667.72" participant="me003" timing-provenance="segment">
      <nite:child href="Bed013.B.words.xml#id(Bed013.vocalsound.255)"/>
   </segment>
   <segment nite:id="Bed013.segment.953" starttime="1692.53" endtime="1696.34" participant="me003" timing-provenance="segment">
      <nite:child href="Bed013.B.words.xml#id(Bed013.w.6,112)..id(Bed013.disfmarker.188)"/>
   </segment>
   <segment nite:id="Bed013.segment.954" starttime="1696.6" endtime="1701.27" participant="me003" timing-provenance="segment">
      <nite:child href="Bed013.B.words.xml#id(Bed013.w.6,132)..id(Bed013.disfmarker.189)"/>
   </segment>
   <segment nite:id="Bed013.segment.967" starttime="1719.408" endtime="1721.01" participant="me003" timing-provenance="segment">
      <nite:child href="Bed013.B.words.xml#id(Bed013.vocalsound.261)"/>
   </segment>
   <segment nite:id="Bed013.segment.1,010" starttime="1813.502" endtime="1816.05" participant="me003" timing-provenance="segment">
      <nite:child href="Bed013.B.words.xml#id(Bed013.w.6,595)..id(Bed013.vocalsound.271)"/>
   </segment>
   <segment nite:id="Bed013.segment.1,023" starttime="1841.98" endtime="1847.04" participant="me003" timing-provenance="dialogueact">
      <nite:child href="Bed013.B.words.xml#id(Bed013.w.6,695)..id(Bed013.w.6,718)"/>
   </segment>
   <segment nite:id="Bed013.segment.1,028" starttime="1851.51" endtime="1855.44" participant="me003" timing-provenance="segment">
      <nite:child href="Bed013.B.words.xml#id(Bed013.vocalsound.277)..id(Bed013.comment.90)"/>
   </segment>
   <segment nite:id="Bed013.segment.1,035" starttime="1858.203" endtime="1863.468" participant="me003" timing-provenance="segment">
      <nite:child href="Bed013.B.words.xml#id(Bed013.w.6,754)..id(Bed013.disfmarker.208)"/>
   </segment>
   <segment nite:id="Bed013.segment.1,036" starttime="1862.47" endtime="1870.48" participant="me003" timing-provenance="dialogueact">
      <nite:child href="Bed013.B.words.xml#id(Bed013.w.6,780)..id(Bed013.w.6,816)"/>
   </segment>
   <segment nite:id="Bed013.segment.1,039" starttime="1872.009" endtime="1874.4" participant="me003" timing-provenance="segment">
      <nite:child href="Bed013.B.words.xml#id(Bed013.w.6,825)..id(Bed013.disfmarker.210)"/>
   </segment>
   <segment nite:id="Bed013.segment.1,044" starttime="1877.53" endtime="1880.03" participant="me003" timing-provenance="dialogueact">
      <nite:child href="Bed013.B.words.xml#id(Bed013.w.6,845)..id(Bed013.w.6,855)"/>
   </segment>
   <segment nite:id="Bed013.segment.1,052" starttime="1884.38" endtime="1887.63" participant="me003" timing-provenance="segment">
      <nite:child href="Bed013.B.words.xml#id(Bed013.vocalsound.289)..id(Bed013.vocalsound.290)"/>
   </segment>
   <segment nite:id="Bed013.segment.1,054" starttime="1888.82" endtime="1891.34" participant="me003" timing-provenance="segment">
      <nite:child href="Bed013.B.words.xml#id(Bed013.vocalsound.291)"/>
   </segment>
   <segment nite:id="Bed013.segment.1,058" starttime="1892.5" endtime="1894.48" participant="me003" timing-provenance="segment">
      <nite:child href="Bed013.B.words.xml#id(Bed013.vocalsound.293)"/>
   </segment>
   <segment nite:id="Bed013.segment.1,069" starttime="1904.898" endtime="1905.58" participant="me003" timing-provenance="segment">
      <nite:child href="Bed013.B.words.xml#id(Bed013.vocalsound.300)"/>
   </segment>
   <segment nite:id="Bed013.segment.1,074" starttime="1908.52" endtime="1909.53" participant="me003" timing-provenance="segment">
      <nite:child href="Bed013.B.words.xml#id(Bed013.vocalsound.303)"/>
   </segment>
   <segment nite:id="Bed013.segment.1,080" starttime="1915.01" endtime="1916.42" participant="me003" timing-provenance="segment">
      <nite:child href="Bed013.B.words.xml#id(Bed013.vocalsound.307)"/>
   </segment>
   <segment nite:id="Bed013.segment.1,088" starttime="1927.04" endtime="1928.75" participant="me003" timing-provenance="segment">
      <nite:child href="Bed013.B.words.xml#id(Bed013.w.6,974)..id(Bed013.vocalsound.312)"/>
   </segment>
   <segment nite:id="Bed013.segment.1,092" starttime="1930.2" endtime="1931.34" participant="me003" timing-provenance="dialogueact">
      <nite:child href="Bed013.B.words.xml#id(Bed013.w.7,006)..id(Bed013.w.7,013)"/>
   </segment>
   <segment nite:id="Bed013.segment.1,095" starttime="1932.52" endtime="1934.96" participant="me003" timing-provenance="dialogueact">
      <nite:child href="Bed013.B.words.xml#id(Bed013.w.7,023)..id(Bed013.w.7,035)"/>
   </segment>
   <segment nite:id="Bed013.segment.1,105" starttime="1938.16" endtime="1939.98" participant="me003" timing-provenance="segment">
      <nite:child href="Bed013.B.words.xml#id(Bed013.vocalsound.318)"/>
   </segment>
   <segment nite:id="Bed013.segment.1,107" starttime="1940.95" endtime="1941.74" participant="me003" timing-provenance="segment">
      <nite:child href="Bed013.B.words.xml#id(Bed013.vocalsound.320)"/>
   </segment>
   <segment nite:id="Bed013.segment.1,117" starttime="1952.438" endtime="1955.5" participant="me003" timing-provenance="segment">
      <nite:child href="Bed013.B.words.xml#id(Bed013.vocalsound.325)"/>
   </segment>
   <segment nite:id="Bed013.segment.1,133" starttime="1969.6" endtime="1971.62" participant="me003" timing-provenance="dialogueact">
      <nite:child href="Bed013.B.words.xml#id(Bed013.w.7,169)..id(Bed013.w.7,183)"/>
   </segment>
   <segment nite:id="Bed013.segment.1,144" starttime="1981.12" endtime="1981.65" participant="me003" timing-provenance="dialogueact">
      <nite:child href="Bed013.B.words.xml#id(Bed013.w.7,217)..id(Bed013.w.7,220)"/>
   </segment>
   <segment nite:id="Bed013.segment.1,170" starttime="2020.69" endtime="2022.14" participant="me003" timing-provenance="dialogueact">
      <nite:child href="Bed013.B.words.xml#id(Bed013.w.7,361)..id(Bed013.w.7,370)"/>
   </segment>
   <segment nite:id="Bed013.segment.1,180" starttime="2028.15" endtime="2029.9" participant="me003" timing-provenance="segment">
      <nite:child href="Bed013.B.words.xml#id(Bed013.vocalsound.359)"/>
   </segment>
   <segment nite:id="Bed013.segment.1,185" starttime="2031.14" endtime="2032.91" participant="me003" timing-provenance="segment">
      <nite:child href="Bed013.B.words.xml#id(Bed013.vocalsound.363)"/>
   </segment>
   <segment nite:id="Bed013.segment.1,192" starttime="2038.17" endtime="2038.96" participant="me003" timing-provenance="segment">
      <nite:child href="Bed013.B.words.xml#id(Bed013.vocalsound.366)"/>
   </segment>
   <segment nite:id="Bed013.segment.1,254" starttime="2162.57" endtime="2164.58" participant="me003" timing-provenance="dialogueact">
      <nite:child href="Bed013.B.words.xml#id(Bed013.w.7,880)..id(Bed013.w.7,888)"/>
   </segment>
   <segment nite:id="Bed013.segment.1,258" starttime="2166.08" endtime="2167.3" participant="me003" timing-provenance="dialogueact">
      <nite:child href="Bed013.B.words.xml#id(Bed013.w.7,923)..id(Bed013.w.7,928)"/>
   </segment>
   <segment nite:id="Bed013.segment.1,395" starttime="2504.24" endtime="2505.5" participant="me003" timing-provenance="dialogueact">
      <nite:child href="Bed013.B.words.xml#id(Bed013.w.9,133)..id(Bed013.w.9,141)"/>
   </segment>
   <segment nite:id="Bed013.segment.1,400" starttime="2510.528" endtime="2511.93" participant="me003" timing-provenance="segment">
      <nite:child href="Bed013.B.words.xml#id(Bed013.w.9,152)..id(Bed013.disfmarker.274)"/>
   </segment>
   <segment nite:id="Bed013.segment.1,416" starttime="2576.95" endtime="2578.8" participant="me003" timing-provenance="segment">
      <nite:child href="Bed013.B.words.xml#id(Bed013.vocalsound.400)"/>
   </segment>
   <segment nite:id="Bed013.segment.1,422" starttime="2596.56" endtime="2597.37" participant="me003" timing-provenance="segment">
      <nite:child href="Bed013.B.words.xml#id(Bed013.w.9,373)..id(Bed013.w.9,374)"/>
   </segment>
   <segment nite:id="Bed013.segment.1,425" starttime="2600.74" endtime="2603.46" participant="me003" timing-provenance="segment">
      <nite:child href="Bed013.B.words.xml#id(Bed013.vocalsound.401)"/>
   </segment>
   <segment nite:id="Bed013.segment.1,429" starttime="2607.0" endtime="2607.79" participant="me003" timing-provenance="segment">
      <nite:child href="Bed013.B.words.xml#id(Bed013.w.9,401)..id(Bed013.disfmarker.284)"/>
   </segment>
   <segment nite:id="Bed013.segment.1,430" starttime="2608.04" endtime="2608.692" participant="me003" timing-provenance="segment">
      <nite:child href="Bed013.B.words.xml#id(Bed013.w.9,403)..id(Bed013.comment.108)"/>
   </segment>
   <segment nite:id="Bed013.segment.1,432" starttime="2608.692" endtime="2610.04" participant="me003" timing-provenance="segment">
      <nite:child href="Bed013.B.words.xml#id(Bed013.w.9,416)..id(Bed013.disfmarker.286)"/>
   </segment>
   <segment nite:id="Bed013.segment.1,433" starttime="2610.26" endtime="2614.48" participant="me003" timing-provenance="dialogueact">
      <nite:child href="Bed013.B.words.xml#id(Bed013.w.9,421)..id(Bed013.w.9,443)"/>
   </segment>
   <segment nite:id="Bed013.segment.1,434" starttime="2614.48" endtime="2618.32" participant="me003" timing-provenance="dialogueact">
      <nite:child href="Bed013.B.words.xml#id(Bed013.w.9,444)..id(Bed013.w.9,466)"/>
   </segment>
   <segment nite:id="Bed013.segment.1,437" starttime="2620.14" endtime="2621.74" participant="me003" timing-provenance="segment">
      <nite:child href="Bed013.B.words.xml#id(Bed013.w.9,480)..id(Bed013.comment.109)"/>
   </segment>
   <segment nite:id="Bed013.segment.1,440" starttime="2622.24" endtime="2627.79" participant="me003" timing-provenance="dialogueact">
      <nite:child href="Bed013.B.words.xml#id(Bed013.w.9,492)..id(Bed013.w.9,518)"/>
   </segment>
   <segment nite:id="Bed013.segment.1,442" starttime="2628.67" endtime="2629.21" participant="me003" timing-provenance="dialogueact">
      <nite:child href="Bed013.B.words.xml#id(Bed013.w.9,521)..id(Bed013.w.9,523)"/>
   </segment>
   <segment nite:id="Bed013.segment.1,447" starttime="2634.71" endtime="2640.44" participant="me003" timing-provenance="segment">
      <nite:child href="Bed013.B.words.xml#id(Bed013.w.9,538)..id(Bed013.disfmarker.295)"/>
   </segment>
   <segment nite:id="Bed013.segment.1,449" starttime="2640.989" endtime="2645.29" participant="me003" timing-provenance="segment">
      <nite:child href="Bed013.B.words.xml#id(Bed013.w.9,557)..id(Bed013.disfmarker.296)"/>
   </segment>
   <segment nite:id="Bed013.segment.1,453" starttime="2650.085" endtime="2650.702" participant="me003" timing-provenance="segment">
      <nite:child href="Bed013.B.words.xml#id(Bed013.vocalsound.407)"/>
   </segment>
   <segment nite:id="Bed013.segment.1,467" starttime="2681.78" endtime="2682.86" participant="me003" timing-provenance="segment">
      <nite:child href="Bed013.B.words.xml#id(Bed013.vocalsound.408)"/>
   </segment>
   <segment nite:id="Bed013.segment.1,538" starttime="2821.31" endtime="2825.59" participant="me003" timing-provenance="dialogueact">
      <nite:child href="Bed013.B.words.xml#id(Bed013.w.10,133)..id(Bed013.w.10,148)"/>
   </segment>
   <segment nite:id="Bed013.segment.1,539" starttime="2825.922" endtime="2828.437" participant="me003" timing-provenance="segment">
      <nite:child href="Bed013.B.words.xml#id(Bed013.w.10,149)..id(Bed013.disfmarker.320)"/>
   </segment>
   <segment nite:id="Bed013.segment.1,540" starttime="2829.14" endtime="2830.87" participant="me003" timing-provenance="dialogueact">
      <nite:child href="Bed013.B.words.xml#id(Bed013.w.10,159)..id(Bed013.w.10,168)"/>
   </segment>
   <segment nite:id="Bed013.segment.1,543" starttime="2832.167" endtime="2836.907" participant="me003" timing-provenance="segment">
      <nite:child href="Bed013.B.words.xml#id(Bed013.w.10,172)..id(Bed013.comment.115)"/>
   </segment>
   <segment nite:id="Bed013.segment.1,544" starttime="2837.44" endtime="2840.62" participant="me003" timing-provenance="dialogueact">
      <nite:child href="Bed013.B.words.xml#id(Bed013.w.10,199)..id(Bed013.w.10,215)"/>
   </segment>
   <segment nite:id="Bed013.segment.1,545" starttime="2841.31" endtime="2842.85" participant="me003" timing-provenance="dialogueact">
      <nite:child href="Bed013.B.words.xml#id(Bed013.w.10,216)..id(Bed013.w.10,225)"/>
   </segment>
   <segment nite:id="Bed013.segment.1,546" starttime="2844.22" endtime="2844.82" participant="me003" timing-provenance="dialogueact">
      <nite:child href="Bed013.B.words.xml#id(Bed013.w.10,226)"/>
   </segment>
   <segment nite:id="Bed013.segment.1,547" starttime="2846.28" endtime="2846.8" participant="me003" timing-provenance="dialogueact">
      <nite:child href="Bed013.B.words.xml#id(Bed013.w.10,227)..id(Bed013.w.10,228)"/>
   </segment>
   <segment nite:id="Bed013.segment.1,549" starttime="2848.07" endtime="2851.1" participant="me003" timing-provenance="dialogueact">
      <nite:child href="Bed013.B.words.xml#id(Bed013.w.10,229)..id(Bed013.w.10,239)"/>
   </segment>
   <segment nite:id="Bed013.segment.1,550" starttime="2852.66" endtime="2856.1" participant="me003" timing-provenance="dialogueact">
      <nite:child href="Bed013.B.words.xml#id(Bed013.w.10,240)..id(Bed013.w.10,263)"/>
   </segment>
   <segment nite:id="Bed013.segment.1,552" starttime="2863.37" endtime="2863.73" participant="me003" timing-provenance="dialogueact">
      <nite:child href="Bed013.B.words.xml#id(Bed013.w.10,269)..id(Bed013.w.10,270)"/>
   </segment>
   <segment nite:id="Bed013.segment.1,554" starttime="2864.52" endtime="2865.26" participant="me003" timing-provenance="dialogueact">
      <nite:child href="Bed013.B.words.xml#id(Bed013.w.10,271)..id(Bed013.w.10,272)"/>
   </segment>
   <segment nite:id="Bed013.segment.1,559" starttime="2868.19" endtime="2868.59" participant="me003" timing-provenance="dialogueact">
      <nite:child href="Bed013.B.words.xml#id(Bed013.w.10,303)..id(Bed013.w.10,304)"/>
   </segment>
   <segment nite:id="Bed013.segment.1,575" starttime="2900.96" endtime="2901.59" participant="me003" timing-provenance="dialogueact">
      <nite:child href="Bed013.B.words.xml#id(Bed013.w.10,412)..id(Bed013.w.10,415)"/>
   </segment>
   <segment nite:id="Bed013.segment.1,588" starttime="2933.17" endtime="2933.65" participant="me003" timing-provenance="dialogueact">
      <nite:child href="Bed013.B.words.xml#id(Bed013.w.10,555)..id(Bed013.w.10,558)"/>
   </segment>
   <segment nite:id="Bed013.segment.1,591" starttime="2934.98" endtime="2936.2" participant="me003" timing-provenance="dialogueact">
      <nite:child href="Bed013.B.words.xml#id(Bed013.w.10,563)..id(Bed013.w.10,570)"/>
   </segment>
   <segment nite:id="Bed013.segment.1,784" starttime="3356.79" endtime="3359.47" participant="me003" timing-provenance="segment">
      <nite:child href="Bed013.B.words.xml#id(Bed013.vocalsound.456)"/>
   </segment>
   <segment nite:id="Bed013.segment.1,787" starttime="3359.92" endtime="3361.52" participant="me003" timing-provenance="segment">
      <nite:child href="Bed013.B.words.xml#id(Bed013.w.12,280)..id(Bed013.comment.123)"/>
   </segment>
   <segment nite:id="Bed013.segment.1,791" starttime="3361.55" endtime="3364.67" participant="me003" timing-provenance="segment">
      <nite:child href="Bed013.B.words.xml#id(Bed013.vocalsound.461)"/>
   </segment>
   <segment nite:id="Bed013.segment.1,814" starttime="3420.16" endtime="3422.08" participant="me003" timing-provenance="segment">
      <nite:child href="Bed013.B.words.xml#id(Bed013.w.12,428)..id(Bed013.vocalsound.466)"/>
   </segment>
   <segment nite:id="Bed013.segment.1,820" starttime="3430.26" endtime="3431.6" participant="me003" timing-provenance="segment">
      <nite:child href="Bed013.B.words.xml#id(Bed013.vocalsound.467)"/>
   </segment>
   <segment nite:id="Bed013.segment.1,821" starttime="3433.1" endtime="3433.63" participant="me003" timing-provenance="dialogueact">
      <nite:child href="Bed013.B.words.xml#id(Bed013.w.12,495)..id(Bed013.w.12,496)"/>
   </segment>
   <segment nite:id="Bed013.segment.1,878" starttime="3536.377" endtime="3537.55" participant="me003" timing-provenance="segment">
      <nite:child href="Bed013.B.words.xml#id(Bed013.vocalsound.478)"/>
   </segment>
</nite:root>