<?xml version="1.0" encoding="ISO-8859-1" standalone="yes"?>
<nite:root nite:id="Bed010.E.segs" xmlns:nite="http://nite.sourceforge.net/">
   <segment nite:id="Bed010.segment.19" starttime="48.04" endtime="48.71" participant="mn015" timing-provenance="dialogueact">
      <nite:child href="Bed010.E.words.xml#id(Bed010.w.110)..id(Bed010.w.116)"/>
   </segment>
   <segment nite:id="Bed010.segment.20" starttime="49.7" endtime="50.42" participant="mn015" timing-provenance="dialogueact">
      <nite:child href="Bed010.E.words.xml#id(Bed010.w.117)..id(Bed010.w.118)"/>
   </segment>
   <segment nite:id="Bed010.segment.21" starttime="51.9" endtime="57.25" participant="mn015" timing-provenance="dialogueact">
      <nite:child href="Bed010.E.words.xml#id(Bed010.w.119)..id(Bed010.w.137)"/>
   </segment>
   <segment nite:id="Bed010.segment.22" starttime="58.17" endtime="63.61" participant="mn015" timing-provenance="dialogueact">
      <nite:child href="Bed010.E.words.xml#id(Bed010.w.138)..id(Bed010.w.152)"/>
   </segment>
   <segment nite:id="Bed010.segment.23" starttime="63.84" endtime="65.689" participant="mn015" timing-provenance="segment">
      <nite:child href="Bed010.E.words.xml#id(Bed010.w.153)..id(Bed010.w.156)"/>
   </segment>
   <segment nite:id="Bed010.segment.25" starttime="65.739" endtime="72.669" participant="mn015" timing-provenance="dialogueact">
      <nite:child href="Bed010.E.words.xml#id(Bed010.w.157)..id(Bed010.w.179)"/>
   </segment>
   <segment nite:id="Bed010.segment.27" starttime="73.737" endtime="76.877" participant="mn015" timing-provenance="dialogueact">
      <nite:child href="Bed010.E.words.xml#id(Bed010.w.182)..id(Bed010.w.187)"/>
   </segment>
   <segment nite:id="Bed010.segment.30" starttime="77.17" endtime="77.84" participant="mn015" timing-provenance="segment">
      <nite:child href="Bed010.E.words.xml#id(Bed010.nonvocalsound.3)"/>
   </segment>
   <segment nite:id="Bed010.segment.32" starttime="78.68" endtime="80.306" participant="mn015" timing-provenance="segment">
      <nite:child href="Bed010.E.words.xml#id(Bed010.vocalsound.6)..id(Bed010.w.200)"/>
   </segment>
   <segment nite:id="Bed010.segment.34" starttime="80.823" endtime="81.473" participant="mn015" timing-provenance="dialogueact">
      <nite:child href="Bed010.E.words.xml#id(Bed010.w.201)..id(Bed010.w.202)"/>
   </segment>
   <segment nite:id="Bed010.segment.37" starttime="82.038" endtime="83.11" participant="mn015" timing-provenance="segment">
      <nite:child href="Bed010.E.words.xml#id(Bed010.nonvocalsound.4)"/>
   </segment>
   <segment nite:id="Bed010.segment.39" starttime="84.518" endtime="88.908" participant="mn015" timing-provenance="dialogueact">
      <nite:child href="Bed010.E.words.xml#id(Bed010.w.233)..id(Bed010.w.242)"/>
   </segment>
   <segment nite:id="Bed010.segment.42" starttime="89.08" endtime="90.21" participant="mn015" timing-provenance="dialogueact">
      <nite:child href="Bed010.E.words.xml#id(Bed010.w.243)..id(Bed010.w.249)"/>
   </segment>
   <segment nite:id="Bed010.segment.43" starttime="90.842" endtime="93.632" participant="mn015" timing-provenance="dialogueact">
      <nite:child href="Bed010.E.words.xml#id(Bed010.w.250)..id(Bed010.w.260)"/>
   </segment>
   <segment nite:id="Bed010.segment.44" starttime="94.19" endtime="100.47" participant="mn015" timing-provenance="dialogueact">
      <nite:child href="Bed010.E.words.xml#id(Bed010.w.261)..id(Bed010.w.285)"/>
   </segment>
   <segment nite:id="Bed010.segment.45" starttime="100.944" endtime="103.504" participant="mn015" timing-provenance="dialogueact">
      <nite:child href="Bed010.E.words.xml#id(Bed010.w.286)..id(Bed010.w.299)"/>
   </segment>
   <segment nite:id="Bed010.segment.46" starttime="104.01" endtime="108.015" participant="mn015" timing-provenance="segment">
      <nite:child href="Bed010.E.words.xml#id(Bed010.w.300)..id(Bed010.w.315)"/>
   </segment>
   <segment nite:id="Bed010.segment.47" starttime="108.253" endtime="113.113" participant="mn015" timing-provenance="dialogueact">
      <nite:child href="Bed010.E.words.xml#id(Bed010.w.316)..id(Bed010.w.335)"/>
   </segment>
   <segment nite:id="Bed010.segment.48" starttime="113.487" endtime="116.857" participant="mn015" timing-provenance="dialogueact">
      <nite:child href="Bed010.E.words.xml#id(Bed010.w.336)..id(Bed010.w.347)"/>
   </segment>
   <segment nite:id="Bed010.segment.49" starttime="117.501" endtime="119.721" participant="mn015" timing-provenance="dialogueact">
      <nite:child href="Bed010.E.words.xml#id(Bed010.w.348)..id(Bed010.w.357)"/>
   </segment>
   <segment nite:id="Bed010.segment.51" starttime="120.623" endtime="123.673" participant="mn015" timing-provenance="dialogueact">
      <nite:child href="Bed010.E.words.xml#id(Bed010.w.362)..id(Bed010.w.370)"/>
   </segment>
   <segment nite:id="Bed010.segment.52" starttime="124.494" endtime="125.334" participant="mn015" timing-provenance="dialogueact">
      <nite:child href="Bed010.E.words.xml#id(Bed010.w.371)..id(Bed010.w.373)"/>
   </segment>
   <segment nite:id="Bed010.segment.53" starttime="126.51" endtime="127.98" participant="mn015" timing-provenance="dialogueact">
      <nite:child href="Bed010.E.words.xml#id(Bed010.w.374)..id(Bed010.w.377)"/>
   </segment>
   <segment nite:id="Bed010.segment.54" starttime="128.45" endtime="134.35" participant="mn015" timing-provenance="segment">
      <nite:child href="Bed010.E.words.xml#id(Bed010.w.378)..id(Bed010.disfmarker.6)"/>
   </segment>
   <segment nite:id="Bed010.segment.69" starttime="188.13" endtime="189.89" participant="mn015" timing-provenance="dialogueact">
      <nite:child href="Bed010.E.words.xml#id(Bed010.w.603)..id(Bed010.w.613)"/>
   </segment>
   <segment nite:id="Bed010.segment.70" starttime="190.41" endtime="193.96" participant="mn015" timing-provenance="dialogueact">
      <nite:child href="Bed010.E.words.xml#id(Bed010.w.614)..id(Bed010.w.623)"/>
   </segment>
   <segment nite:id="Bed010.segment.72" starttime="194.57" endtime="196.38" participant="mn015" timing-provenance="segment">
      <nite:child href="Bed010.E.words.xml#id(Bed010.w.624)..id(Bed010.disfmarker.11)"/>
   </segment>
   <segment nite:id="Bed010.segment.73" starttime="196.7" endtime="198.28" participant="mn015" timing-provenance="dialogueact">
      <nite:child href="Bed010.E.words.xml#id(Bed010.w.629)..id(Bed010.w.632)"/>
   </segment>
   <segment nite:id="Bed010.segment.75" starttime="198.67" endtime="199.4" participant="mn015" timing-provenance="dialogueact">
      <nite:child href="Bed010.E.words.xml#id(Bed010.w.657)..id(Bed010.w.660)"/>
   </segment>
   <segment nite:id="Bed010.segment.93" starttime="242.77" endtime="247.34" participant="mn015" timing-provenance="dialogueact">
      <nite:child href="Bed010.E.words.xml#id(Bed010.w.821)..id(Bed010.w.841)"/>
   </segment>
   <segment nite:id="Bed010.segment.94" starttime="248.604" endtime="249.524" participant="mn015" timing-provenance="dialogueact">
      <nite:child href="Bed010.E.words.xml#id(Bed010.w.842)..id(Bed010.w.846)"/>
   </segment>
   <segment nite:id="Bed010.segment.95" starttime="249.924" endtime="256.434" participant="mn015" timing-provenance="dialogueact">
      <nite:child href="Bed010.E.words.xml#id(Bed010.w.847)..id(Bed010.w.876)"/>
   </segment>
   <segment nite:id="Bed010.segment.96" starttime="257.361" endtime="259.091" participant="mn015" timing-provenance="dialogueact">
      <nite:child href="Bed010.E.words.xml#id(Bed010.w.877)..id(Bed010.w.884)"/>
   </segment>
   <segment nite:id="Bed010.segment.97" starttime="259.593" endtime="266.723" participant="mn015" timing-provenance="dialogueact">
      <nite:child href="Bed010.E.words.xml#id(Bed010.w.885)..id(Bed010.w.918)"/>
   </segment>
   <segment nite:id="Bed010.segment.98" starttime="267.083" endtime="269.573" participant="mn015" timing-provenance="dialogueact">
      <nite:child href="Bed010.E.words.xml#id(Bed010.w.919)..id(Bed010.w.932)"/>
   </segment>
   <segment nite:id="Bed010.segment.99" starttime="270.13" endtime="273.16" participant="mn015" timing-provenance="dialogueact">
      <nite:child href="Bed010.E.words.xml#id(Bed010.w.933)..id(Bed010.w.942)"/>
   </segment>
   <segment nite:id="Bed010.segment.100" starttime="273.756" endtime="277.72" participant="mn015" timing-provenance="segment">
      <nite:child href="Bed010.E.words.xml#id(Bed010.w.943)..id(Bed010.disfmarker.18)"/>
   </segment>
   <segment nite:id="Bed010.segment.101" starttime="277.75" endtime="281.93" participant="mn015" timing-provenance="dialogueact">
      <nite:child href="Bed010.E.words.xml#id(Bed010.w.955)..id(Bed010.w.966)"/>
   </segment>
   <segment nite:id="Bed010.segment.103" starttime="283.05" endtime="288.99" participant="mn015" timing-provenance="dialogueact">
      <nite:child href="Bed010.E.words.xml#id(Bed010.w.967)..id(Bed010.w.988)"/>
   </segment>
   <segment nite:id="Bed010.segment.104" starttime="290.01" endtime="295.8" participant="mn015" timing-provenance="dialogueact">
      <nite:child href="Bed010.E.words.xml#id(Bed010.w.989)..id(Bed010.w.1,004)"/>
   </segment>
   <segment nite:id="Bed010.segment.106" starttime="296.39" endtime="299.84" participant="mn015" timing-provenance="dialogueact">
      <nite:child href="Bed010.E.words.xml#id(Bed010.w.1,009)..id(Bed010.w.1,023)"/>
   </segment>
   <segment nite:id="Bed010.segment.107" starttime="300.736" endtime="306.706" participant="mn015" timing-provenance="dialogueact">
      <nite:child href="Bed010.E.words.xml#id(Bed010.w.1,024)..id(Bed010.w.1,051)"/>
   </segment>
   <segment nite:id="Bed010.segment.108" starttime="307.556" endtime="308.476" participant="mn015" timing-provenance="dialogueact">
      <nite:child href="Bed010.E.words.xml#id(Bed010.w.1,052)..id(Bed010.w.1,054)"/>
   </segment>
   <segment nite:id="Bed010.segment.109" starttime="309.288" endtime="313.368" participant="mn015" timing-provenance="dialogueact">
      <nite:child href="Bed010.E.words.xml#id(Bed010.w.1,055)..id(Bed010.w.1,069)"/>
   </segment>
   <segment nite:id="Bed010.segment.110" starttime="313.96" endtime="319.37" participant="mn015" timing-provenance="dialogueact">
      <nite:child href="Bed010.E.words.xml#id(Bed010.w.1,070)..id(Bed010.w.1,093)"/>
   </segment>
   <segment nite:id="Bed010.segment.113" starttime="328.883" endtime="330.572" participant="mn015" timing-provenance="segment">
      <nite:child href="Bed010.E.words.xml#id(Bed010.w.1,133)..id(Bed010.comment.2)"/>
   </segment>
   <segment nite:id="Bed010.segment.147" starttime="396.302" endtime="396.622" participant="mn015" timing-provenance="dialogueact">
      <nite:child href="Bed010.E.words.xml#id(Bed010.w.1,449)..id(Bed010.w.1,450)"/>
   </segment>
   <segment nite:id="Bed010.segment.170" starttime="448.346" endtime="449.28" participant="mn015" timing-provenance="segment">
      <nite:child href="Bed010.E.words.xml#id(Bed010.nonvocalsound.7)"/>
   </segment>
   <segment nite:id="Bed010.segment.205" starttime="526.451" endtime="526.731" participant="mn015" timing-provenance="dialogueact">
      <nite:child href="Bed010.E.words.xml#id(Bed010.w.1,954)..id(Bed010.w.1,955)"/>
   </segment>
   <segment nite:id="Bed010.segment.254" starttime="625.96" endtime="626.81" participant="mn015" timing-provenance="segment">
      <nite:child href="Bed010.E.words.xml#id(Bed010.w.2,291)..id(Bed010.disfmarker.51)"/>
   </segment>
   <segment nite:id="Bed010.segment.257" starttime="628.586" endtime="637.276" participant="mn015" timing-provenance="dialogueact">
      <nite:child href="Bed010.E.words.xml#id(Bed010.w.2,300)..id(Bed010.w.2,340)"/>
   </segment>
   <segment nite:id="Bed010.segment.259" starttime="637.826" endtime="638.456" participant="mn015" timing-provenance="dialogueact">
      <nite:child href="Bed010.E.words.xml#id(Bed010.w.2,343)..id(Bed010.w.2,346)"/>
   </segment>
   <segment nite:id="Bed010.segment.261" starttime="638.996" endtime="640.746" participant="mn015" timing-provenance="dialogueact">
      <nite:child href="Bed010.E.words.xml#id(Bed010.w.2,351)..id(Bed010.w.2,360)"/>
   </segment>
   <segment nite:id="Bed010.segment.263" starttime="641.326" endtime="646.246" participant="mn015" timing-provenance="dialogueact">
      <nite:child href="Bed010.E.words.xml#id(Bed010.w.2,363)..id(Bed010.w.2,390)"/>
   </segment>
   <segment nite:id="Bed010.segment.267" starttime="647.1" endtime="653.06" participant="mn015" timing-provenance="dialogueact">
      <nite:child href="Bed010.E.words.xml#id(Bed010.w.2,393)..id(Bed010.w.2,423)"/>
   </segment>
   <segment nite:id="Bed010.segment.274" starttime="664.59" endtime="665.46" participant="mn015" timing-provenance="dialogueact">
      <nite:child href="Bed010.E.words.xml#id(Bed010.w.2,469)..id(Bed010.w.2,470)"/>
   </segment>
   <segment nite:id="Bed010.segment.280" starttime="674.53" endtime="675.6" participant="mn015" timing-provenance="segment">
      <nite:child href="Bed010.E.words.xml#id(Bed010.w.2,524)..id(Bed010.vocalsound.33)"/>
   </segment>
   <segment nite:id="Bed010.segment.281" starttime="675.82" endtime="678.79" participant="mn015" timing-provenance="dialogueact">
      <nite:child href="Bed010.E.words.xml#id(Bed010.w.2,526)..id(Bed010.w.2,543)"/>
   </segment>
   <segment nite:id="Bed010.segment.282" starttime="678.84" endtime="682.85" participant="mn015" timing-provenance="segment">
      <nite:child href="Bed010.E.words.xml#id(Bed010.w.2,544)..id(Bed010.comment.9)"/>
   </segment>
   <segment nite:id="Bed010.segment.285" starttime="683.477" endtime="683.647" participant="mn015" timing-provenance="dialogueact">
      <nite:child href="Bed010.E.words.xml#id(Bed010.w.2,562)..id(Bed010.w.2,563)"/>
   </segment>
   <segment nite:id="Bed010.segment.286" starttime="685.295" endtime="686.305" participant="mn015" timing-provenance="dialogueact">
      <nite:child href="Bed010.E.words.xml#id(Bed010.w.2,564)..id(Bed010.w.2,568)"/>
   </segment>
   <segment nite:id="Bed010.segment.321" starttime="766.18" endtime="767.596" participant="mn015" timing-provenance="segment">
      <nite:child href="Bed010.E.words.xml#id(Bed010.w.2,843)..id(Bed010.vocalsound.39)"/>
   </segment>
   <segment nite:id="Bed010.segment.323" starttime="769.12" endtime="769.6" participant="mn015" timing-provenance="dialogueact">
      <nite:child href="Bed010.E.words.xml#id(Bed010.w.2,852)..id(Bed010.w.2,854)"/>
   </segment>
   <segment nite:id="Bed010.segment.325" starttime="771.05" endtime="772.91" participant="mn015" timing-provenance="dialogueact">
      <nite:child href="Bed010.E.words.xml#id(Bed010.w.2,855)..id(Bed010.w.2,860)"/>
   </segment>
   <segment nite:id="Bed010.segment.326" starttime="774.035" endtime="777.97" participant="mn015" timing-provenance="segment">
      <nite:child href="Bed010.E.words.xml#id(Bed010.w.2,861)..id(Bed010.disfmarker.76)"/>
   </segment>
   <segment nite:id="Bed010.segment.327" starttime="778.526" endtime="780.046" participant="mn015" timing-provenance="dialogueact">
      <nite:child href="Bed010.E.words.xml#id(Bed010.w.2,875)..id(Bed010.w.2,882)"/>
   </segment>
   <segment nite:id="Bed010.segment.329" starttime="780.64" endtime="786.63" participant="mn015" timing-provenance="dialogueact">
      <nite:child href="Bed010.E.words.xml#id(Bed010.w.2,883)..id(Bed010.w.2,906)"/>
   </segment>
   <segment nite:id="Bed010.segment.330" starttime="787.513" endtime="791.673" participant="mn015" timing-provenance="dialogueact">
      <nite:child href="Bed010.E.words.xml#id(Bed010.w.2,907)..id(Bed010.w.2,925)"/>
   </segment>
   <segment nite:id="Bed010.segment.331" starttime="792.756" endtime="794.176" participant="mn015" timing-provenance="dialogueact">
      <nite:child href="Bed010.E.words.xml#id(Bed010.w.2,926)..id(Bed010.w.2,933)"/>
   </segment>
   <segment nite:id="Bed010.segment.332" starttime="795.08" endtime="798.39" participant="mn015" timing-provenance="segment">
      <nite:child href="Bed010.E.words.xml#id(Bed010.w.2,934)..id(Bed010.disfmarker.78)"/>
   </segment>
   <segment nite:id="Bed010.segment.333" starttime="798.71" endtime="800.42" participant="mn015" timing-provenance="dialogueact">
      <nite:child href="Bed010.E.words.xml#id(Bed010.w.2,944)..id(Bed010.w.2,953)"/>
   </segment>
   <segment nite:id="Bed010.segment.334" starttime="801.36" endtime="803.78" participant="mn015" timing-provenance="dialogueact">
      <nite:child href="Bed010.E.words.xml#id(Bed010.w.2,954)..id(Bed010.w.2,962)"/>
   </segment>
   <segment nite:id="Bed010.segment.335" starttime="804.87" endtime="811.46" participant="mn015" timing-provenance="dialogueact">
      <nite:child href="Bed010.E.words.xml#id(Bed010.w.2,963)..id(Bed010.w.2,995)"/>
   </segment>
   <segment nite:id="Bed010.segment.337" starttime="812.57" endtime="814.11" participant="mn015" timing-provenance="dialogueact">
      <nite:child href="Bed010.E.words.xml#id(Bed010.w.2,996)..id(Bed010.w.3,001)"/>
   </segment>
   <segment nite:id="Bed010.segment.338" starttime="815.19" endtime="819.23" participant="mn015" timing-provenance="dialogueact">
      <nite:child href="Bed010.E.words.xml#id(Bed010.w.3,002)..id(Bed010.w.3,016)"/>
   </segment>
   <segment nite:id="Bed010.segment.339" starttime="819.67" endtime="826.05" participant="mn015" timing-provenance="segment">
      <nite:child href="Bed010.E.words.xml#id(Bed010.w.3,017)..id(Bed010.disfmarker.81)"/>
   </segment>
   <segment nite:id="Bed010.segment.340" starttime="826.24" endtime="827.76" participant="mn015" timing-provenance="dialogueact">
      <nite:child href="Bed010.E.words.xml#id(Bed010.w.3,034)..id(Bed010.w.3,043)"/>
   </segment>
   <segment nite:id="Bed010.segment.341" starttime="828.208" endtime="831.668" participant="mn015" timing-provenance="dialogueact">
      <nite:child href="Bed010.E.words.xml#id(Bed010.w.3,044)..id(Bed010.w.3,061)"/>
   </segment>
   <segment nite:id="Bed010.segment.342" starttime="832.151" endtime="833.691" participant="mn015" timing-provenance="dialogueact">
      <nite:child href="Bed010.E.words.xml#id(Bed010.w.3,062)..id(Bed010.w.3,069)"/>
   </segment>
   <segment nite:id="Bed010.segment.343" starttime="834.33" endtime="836.15" participant="mn015" timing-provenance="dialogueact">
      <nite:child href="Bed010.E.words.xml#id(Bed010.w.3,070)..id(Bed010.w.3,077)"/>
   </segment>
   <segment nite:id="Bed010.segment.344" starttime="837.02" endtime="838.83" participant="mn015" timing-provenance="dialogueact">
      <nite:child href="Bed010.E.words.xml#id(Bed010.w.3,078)..id(Bed010.w.3,085)"/>
   </segment>
   <segment nite:id="Bed010.segment.345" starttime="839.726" endtime="844.396" participant="mn015" timing-provenance="dialogueact">
      <nite:child href="Bed010.E.words.xml#id(Bed010.w.3,086)..id(Bed010.w.3,103)"/>
   </segment>
   <segment nite:id="Bed010.segment.346" starttime="845.262" endtime="848.422" participant="mn015" timing-provenance="dialogueact">
      <nite:child href="Bed010.E.words.xml#id(Bed010.w.3,104)..id(Bed010.w.3,117)"/>
   </segment>
   <segment nite:id="Bed010.segment.347" starttime="848.792" endtime="853.172" participant="mn015" timing-provenance="dialogueact">
      <nite:child href="Bed010.E.words.xml#id(Bed010.w.3,118)..id(Bed010.w.3,132)"/>
   </segment>
   <segment nite:id="Bed010.segment.348" starttime="853.832" endtime="856.982" participant="mn015" timing-provenance="dialogueact">
      <nite:child href="Bed010.E.words.xml#id(Bed010.w.3,133)..id(Bed010.w.3,149)"/>
   </segment>
   <segment nite:id="Bed010.segment.349" starttime="857.494" endtime="858.784" participant="mn015" timing-provenance="dialogueact">
      <nite:child href="Bed010.E.words.xml#id(Bed010.w.3,150)..id(Bed010.w.3,154)"/>
   </segment>
   <segment nite:id="Bed010.segment.351" starttime="859.9" endtime="860.22" participant="mn015" timing-provenance="dialogueact">
      <nite:child href="Bed010.E.words.xml#id(Bed010.w.3,155)..id(Bed010.w.3,156)"/>
   </segment>
   <segment nite:id="Bed010.segment.352" starttime="861.471" endtime="863.691" participant="mn015" timing-provenance="dialogueact">
      <nite:child href="Bed010.E.words.xml#id(Bed010.w.3,157)..id(Bed010.w.3,167)"/>
   </segment>
   <segment nite:id="Bed010.segment.353" starttime="864.44" endtime="865.92" participant="mn015" timing-provenance="dialogueact">
      <nite:child href="Bed010.E.words.xml#id(Bed010.w.3,168)..id(Bed010.w.3,170)"/>
   </segment>
   <segment nite:id="Bed010.segment.354" starttime="866.72" endtime="873.46" participant="mn015" timing-provenance="segment">
      <nite:child href="Bed010.E.words.xml#id(Bed010.w.3,171)..id(Bed010.disfmarker.89)"/>
   </segment>
   <segment nite:id="Bed010.segment.356" starttime="873.36" endtime="880.7" participant="mn015" timing-provenance="dialogueact">
      <nite:child href="Bed010.E.words.xml#id(Bed010.w.3,189)..id(Bed010.w.3,214)"/>
   </segment>
   <segment nite:id="Bed010.segment.357" starttime="881.02" endtime="885.96" participant="mn015" timing-provenance="dialogueact">
      <nite:child href="Bed010.E.words.xml#id(Bed010.w.3,215)..id(Bed010.w.3,238)"/>
   </segment>
   <segment nite:id="Bed010.segment.361" starttime="887.28" endtime="888.68" participant="mn015" timing-provenance="dialogueact">
      <nite:child href="Bed010.E.words.xml#id(Bed010.w.3,239)..id(Bed010.w.3,252)"/>
   </segment>
   <segment nite:id="Bed010.segment.362" starttime="889.47" endtime="893.99" participant="mn015" timing-provenance="dialogueact">
      <nite:child href="Bed010.E.words.xml#id(Bed010.w.3,253)..id(Bed010.w.3,265)"/>
   </segment>
   <segment nite:id="Bed010.segment.363" starttime="894.469" endtime="898.219" participant="mn015" timing-provenance="dialogueact">
      <nite:child href="Bed010.E.words.xml#id(Bed010.w.3,266)..id(Bed010.w.3,282)"/>
   </segment>
   <segment nite:id="Bed010.segment.364" starttime="898.719" endtime="900.349" participant="mn015" timing-provenance="dialogueact">
      <nite:child href="Bed010.E.words.xml#id(Bed010.w.3,283)..id(Bed010.w.3,287)"/>
   </segment>
   <segment nite:id="Bed010.segment.365" starttime="901.342" endtime="902.322" participant="mn015" timing-provenance="dialogueact">
      <nite:child href="Bed010.E.words.xml#id(Bed010.w.3,288)..id(Bed010.w.3,291)"/>
   </segment>
   <segment nite:id="Bed010.segment.373" starttime="916.46" endtime="1015.91" participant="mn015" timing-provenance="segment">
      <nite:child href="Bed010.E.words.xml#id(Bed010.comment.17)"/>
   </segment>
   <segment nite:id="Bed010.segment.427" starttime="1186.54" endtime="1187.02" participant="mn015" timing-provenance="dialogueact">
      <nite:child href="Bed010.E.words.xml#id(Bed010.w.3,826)..id(Bed010.w.3,827)"/>
   </segment>
   <segment nite:id="Bed010.segment.431" starttime="1196.4" endtime="1198.58" participant="mn015" timing-provenance="segment">
      <nite:child href="Bed010.E.words.xml#id(Bed010.w.3,853)..id(Bed010.disfmarker.104)"/>
   </segment>
   <segment nite:id="Bed010.segment.434" starttime="1199.1" endtime="1199.61" participant="mn015" timing-provenance="dialogueact">
      <nite:child href="Bed010.E.words.xml#id(Bed010.w.3,858)..id(Bed010.w.3,859)"/>
   </segment>
   <segment nite:id="Bed010.segment.435" starttime="1200.5" endtime="1203.1" participant="mn015" timing-provenance="dialogueact">
      <nite:child href="Bed010.E.words.xml#id(Bed010.w.3,860)..id(Bed010.w.3,873)"/>
   </segment>
   <segment nite:id="Bed010.segment.436" starttime="1203.7" endtime="1206.47" participant="mn015" timing-provenance="dialogueact">
      <nite:child href="Bed010.E.words.xml#id(Bed010.w.3,874)..id(Bed010.w.3,886)"/>
   </segment>
   <segment nite:id="Bed010.segment.437" starttime="1207.05" endtime="1208.93" participant="mn015" timing-provenance="dialogueact">
      <nite:child href="Bed010.E.words.xml#id(Bed010.w.3,887)..id(Bed010.w.3,893)"/>
   </segment>
   <segment nite:id="Bed010.segment.438" starttime="1209.76" endtime="1212.76" participant="mn015" timing-provenance="dialogueact">
      <nite:child href="Bed010.E.words.xml#id(Bed010.w.3,894)..id(Bed010.w.3,904)"/>
   </segment>
   <segment nite:id="Bed010.segment.440" starttime="1213.43" endtime="1214.52" participant="mn015" timing-provenance="dialogueact">
      <nite:child href="Bed010.E.words.xml#id(Bed010.w.3,909)..id(Bed010.w.3,913)"/>
   </segment>
   <segment nite:id="Bed010.segment.442" starttime="1215.23" endtime="1215.98" participant="mn015" timing-provenance="dialogueact">
      <nite:child href="Bed010.E.words.xml#id(Bed010.w.3,921)..id(Bed010.w.3,924)"/>
   </segment>
   <segment nite:id="Bed010.segment.445" starttime="1219.49" endtime="1219.81" participant="mn015" timing-provenance="dialogueact">
      <nite:child href="Bed010.E.words.xml#id(Bed010.w.3,953)..id(Bed010.w.3,954)"/>
   </segment>
   <segment nite:id="Bed010.segment.467" starttime="1259.596" endtime="1260.426" participant="mn015" timing-provenance="segment">
      <nite:child href="Bed010.E.words.xml#id(Bed010.w.4,141)..id(Bed010.disfmarker.113)"/>
   </segment>
   <segment nite:id="Bed010.segment.470" starttime="1261.167" endtime="1262.771" participant="mn015" timing-provenance="segment">
      <nite:child href="Bed010.E.words.xml#id(Bed010.w.4,184)..id(Bed010.disfmarker.117)"/>
   </segment>
   <segment nite:id="Bed010.segment.487" starttime="1302.77" endtime="1310.37" participant="mn015" timing-provenance="dialogueact">
      <nite:child href="Bed010.E.words.xml#id(Bed010.w.4,327)..id(Bed010.w.4,358)"/>
   </segment>
   <segment nite:id="Bed010.segment.494" starttime="1310.51" endtime="1313.21" participant="mn015" timing-provenance="dialogueact">
      <nite:child href="Bed010.E.words.xml#id(Bed010.w.4,372)..id(Bed010.w.4,392)"/>
   </segment>
   <segment nite:id="Bed010.segment.495" starttime="1313.21" endtime="1318.85" participant="mn015" timing-provenance="dialogueact">
      <nite:child href="Bed010.E.words.xml#id(Bed010.w.4,393)..id(Bed010.w.4,422)"/>
   </segment>
   <segment nite:id="Bed010.segment.499" starttime="1319.41" endtime="1321.65" participant="mn015" timing-provenance="dialogueact">
      <nite:child href="Bed010.E.words.xml#id(Bed010.w.4,425)..id(Bed010.w.4,436)"/>
   </segment>
   <segment nite:id="Bed010.segment.500" starttime="1322.11" endtime="1322.93" participant="mn015" timing-provenance="dialogueact">
      <nite:child href="Bed010.E.words.xml#id(Bed010.w.4,437)..id(Bed010.w.4,441)"/>
   </segment>
   <segment nite:id="Bed010.segment.501" starttime="1323.58" endtime="1325.66" participant="mn015" timing-provenance="dialogueact">
      <nite:child href="Bed010.E.words.xml#id(Bed010.w.4,442)..id(Bed010.w.4,454)"/>
   </segment>
   <segment nite:id="Bed010.segment.502" starttime="1326.01" endtime="1328.82" participant="mn015" timing-provenance="dialogueact">
      <nite:child href="Bed010.E.words.xml#id(Bed010.w.4,455)..id(Bed010.w.4,467)"/>
   </segment>
   <segment nite:id="Bed010.segment.503" starttime="1329.42" endtime="1330.71" participant="mn015" timing-provenance="dialogueact">
      <nite:child href="Bed010.E.words.xml#id(Bed010.w.4,468)..id(Bed010.w.4,471)"/>
   </segment>
   <segment nite:id="Bed010.segment.504" starttime="1331.24" endtime="1331.91" participant="mn015" timing-provenance="dialogueact">
      <nite:child href="Bed010.E.words.xml#id(Bed010.w.4,472)..id(Bed010.w.4,475)"/>
   </segment>
   <segment nite:id="Bed010.segment.505" starttime="1332.45" endtime="1338.35" participant="mn015" timing-provenance="segment">
      <nite:child href="Bed010.E.words.xml#id(Bed010.w.4,476)..id(Bed010.disfmarker.131)"/>
   </segment>
   <segment nite:id="Bed010.segment.510" starttime="1343.6" endtime="1343.85" participant="mn015" timing-provenance="dialogueact">
      <nite:child href="Bed010.E.words.xml#id(Bed010.w.4,524)..id(Bed010.w.4,525)"/>
   </segment>
   <segment nite:id="Bed010.segment.511" starttime="1344.56" endtime="1345.34" participant="mn015" timing-provenance="dialogueact">
      <nite:child href="Bed010.E.words.xml#id(Bed010.w.4,526)..id(Bed010.w.4,527)"/>
   </segment>
   <segment nite:id="Bed010.segment.512" starttime="1346.25" endtime="1346.8" participant="mn015" timing-provenance="dialogueact">
      <nite:child href="Bed010.E.words.xml#id(Bed010.w.4,528)..id(Bed010.w.4,533)"/>
   </segment>
   <segment nite:id="Bed010.segment.513" starttime="1347.34" endtime="1349.88" participant="mn015" timing-provenance="dialogueact">
      <nite:child href="Bed010.E.words.xml#id(Bed010.w.4,534)..id(Bed010.w.4,544)"/>
   </segment>
   <segment nite:id="Bed010.segment.514" starttime="1350.48" endtime="1351.06" participant="mn015" timing-provenance="dialogueact">
      <nite:child href="Bed010.E.words.xml#id(Bed010.w.4,545)..id(Bed010.w.4,547)"/>
   </segment>
   <segment nite:id="Bed010.segment.516" starttime="1352.2" endtime="1353.1" participant="mn015" timing-provenance="dialogueact">
      <nite:child href="Bed010.E.words.xml#id(Bed010.w.4,549)..id(Bed010.w.4,553)"/>
   </segment>
   <segment nite:id="Bed010.segment.519" starttime="1365.14" endtime="1366.18" participant="mn015" timing-provenance="dialogueact">
      <nite:child href="Bed010.E.words.xml#id(Bed010.w.4,621)..id(Bed010.w.4,624)"/>
   </segment>
   <segment nite:id="Bed010.segment.524" starttime="1374.881" endtime="1375.808" participant="mn015" timing-provenance="segment">
      <nite:child href="Bed010.E.words.xml#id(Bed010.w.4,675)..id(Bed010.disfmarker.142)"/>
   </segment>
   <segment nite:id="Bed010.segment.525" starttime="1377.43" endtime="1377.55" participant="mn015" timing-provenance="dialogueact">
      <nite:child href="Bed010.E.words.xml#id(Bed010.w.4,679)..id(Bed010.w.4,680)"/>
   </segment>
   <segment nite:id="Bed010.segment.526" starttime="1378.08" endtime="1378.35" participant="mn015" timing-provenance="dialogueact">
      <nite:child href="Bed010.E.words.xml#id(Bed010.w.4,681)..id(Bed010.w.4,682)"/>
   </segment>
   <segment nite:id="Bed010.segment.527" starttime="1378.99" endtime="1382.52" participant="mn015" timing-provenance="dialogueact">
      <nite:child href="Bed010.E.words.xml#id(Bed010.w.4,683)..id(Bed010.w.4,704)"/>
   </segment>
   <segment nite:id="Bed010.segment.534" starttime="1394.499" endtime="1395.064" participant="mn015" timing-provenance="segment">
      <nite:child href="Bed010.E.words.xml#id(Bed010.w.4,762)..id(Bed010.disfmarker.146)"/>
   </segment>
   <segment nite:id="Bed010.segment.557" starttime="1441.14" endtime="1441.29" participant="mn015" timing-provenance="dialogueact">
      <nite:child href="Bed010.E.words.xml#id(Bed010.w.4,921)..id(Bed010.w.4,922)"/>
   </segment>
   <segment nite:id="Bed010.segment.558" starttime="1441.639" endtime="1442.106" participant="mn015" timing-provenance="segment">
      <nite:child href="Bed010.E.words.xml#id(Bed010.w.4,923)..id(Bed010.w.4,924)"/>
   </segment>
   <segment nite:id="Bed010.segment.559" starttime="1442.11" endtime="1447.0" participant="mn015" timing-provenance="dialogueact">
      <nite:child href="Bed010.E.words.xml#id(Bed010.w.4,925)..id(Bed010.w.4,938)"/>
   </segment>
   <segment nite:id="Bed010.segment.561" starttime="1448.16" endtime="1449.76" participant="mn015" timing-provenance="dialogueact">
      <nite:child href="Bed010.E.words.xml#id(Bed010.w.4,941)..id(Bed010.w.4,948)"/>
   </segment>
   <segment nite:id="Bed010.segment.562" starttime="1449.76" endtime="1453.31" participant="mn015" timing-provenance="dialogueact">
      <nite:child href="Bed010.E.words.xml#id(Bed010.w.4,949)..id(Bed010.w.4,956)"/>
   </segment>
   <segment nite:id="Bed010.segment.564" starttime="1453.86" endtime="1458.1" participant="mn015" timing-provenance="dialogueact">
      <nite:child href="Bed010.E.words.xml#id(Bed010.w.4,959)..id(Bed010.w.4,976)"/>
   </segment>
   <segment nite:id="Bed010.segment.574" starttime="1482.54" endtime="1484.43" participant="mn015" timing-provenance="segment">
      <nite:child href="Bed010.E.words.xml#id(Bed010.vocalsound.70)..id(Bed010.w.5,110)"/>
   </segment>
   <segment nite:id="Bed010.segment.575" starttime="1485.15" endtime="1486.54" participant="mn015" timing-provenance="dialogueact">
      <nite:child href="Bed010.E.words.xml#id(Bed010.w.5,111)..id(Bed010.w.5,120)"/>
   </segment>
   <segment nite:id="Bed010.segment.578" starttime="1488.06" endtime="1488.75" participant="mn015" timing-provenance="segment">
      <nite:child href="Bed010.E.words.xml#id(Bed010.vocalsound.72)"/>
   </segment>
   <segment nite:id="Bed010.segment.580" starttime="1489.1" endtime="1490.59" participant="mn015" timing-provenance="segment">
      <nite:child href="Bed010.E.words.xml#id(Bed010.vocalsound.74)..id(Bed010.w.5,137)"/>
   </segment>
   <segment nite:id="Bed010.segment.581" starttime="1491.16" endtime="1491.97" participant="mn015" timing-provenance="dialogueact">
      <nite:child href="Bed010.E.words.xml#id(Bed010.w.5,138)..id(Bed010.w.5,143)"/>
   </segment>
   <segment nite:id="Bed010.segment.590" starttime="1501.51" endtime="1501.83" participant="mn015" timing-provenance="dialogueact">
      <nite:child href="Bed010.E.words.xml#id(Bed010.w.5,181)..id(Bed010.w.5,182)"/>
   </segment>
   <segment nite:id="Bed010.segment.595" starttime="1508.07" endtime="1511.87" participant="mn015" timing-provenance="dialogueact">
      <nite:child href="Bed010.E.words.xml#id(Bed010.w.5,208)..id(Bed010.w.5,221)"/>
   </segment>
   <segment nite:id="Bed010.segment.597" starttime="1512.74" endtime="1514.52" participant="mn015" timing-provenance="dialogueact">
      <nite:child href="Bed010.E.words.xml#id(Bed010.w.5,227)..id(Bed010.w.5,233)"/>
   </segment>
   <segment nite:id="Bed010.segment.598" starttime="1515.47" endtime="1519.73" participant="mn015" timing-provenance="dialogueact">
      <nite:child href="Bed010.E.words.xml#id(Bed010.w.5,234)..id(Bed010.w.5,253)"/>
   </segment>
   <segment nite:id="Bed010.segment.600" starttime="1523.09" endtime="1523.32" participant="mn015" timing-provenance="dialogueact">
      <nite:child href="Bed010.E.words.xml#id(Bed010.w.5,261)..id(Bed010.w.5,262)"/>
   </segment>
   <segment nite:id="Bed010.segment.605" starttime="1553.17" endtime="1554.16" participant="mn015" timing-provenance="dialogueact">
      <nite:child href="Bed010.E.words.xml#id(Bed010.w.5,286)..id(Bed010.w.5,290)"/>
   </segment>
   <segment nite:id="Bed010.segment.606" starttime="1555.21" endtime="1555.51" participant="mn015" timing-provenance="dialogueact">
      <nite:child href="Bed010.E.words.xml#id(Bed010.w.5,291)..id(Bed010.w.5,292)"/>
   </segment>
   <segment nite:id="Bed010.segment.608" starttime="1557.253" endtime="1621.991" participant="mn015" timing-provenance="segment">
      <nite:child href="Bed010.E.words.xml#id(Bed010.comment.28)"/>
   </segment>
   <segment nite:id="Bed010.segment.641" starttime="1716.07" endtime="1716.54" participant="mn015" timing-provenance="dialogueact">
      <nite:child href="Bed010.E.words.xml#id(Bed010.w.5,726)..id(Bed010.w.5,727)"/>
   </segment>
   <segment nite:id="Bed010.segment.642" starttime="1718.35" endtime="1719.717" participant="mn015" timing-provenance="segment">
      <nite:child href="Bed010.E.words.xml#id(Bed010.w.5,728)..id(Bed010.disfmarker.170)"/>
   </segment>
   <segment nite:id="Bed010.segment.643" starttime="1719.87" endtime="1722.66" participant="mn015" timing-provenance="dialogueact">
      <nite:child href="Bed010.E.words.xml#id(Bed010.w.5,731)..id(Bed010.w.5,747)"/>
   </segment>
   <segment nite:id="Bed010.segment.645" starttime="1723.23" endtime="1727.89" participant="mn015" timing-provenance="dialogueact">
      <nite:child href="Bed010.E.words.xml#id(Bed010.w.5,752)..id(Bed010.w.5,767)"/>
   </segment>
   <segment nite:id="Bed010.segment.647" starttime="1727.89" endtime="1731.26" participant="mn015" timing-provenance="dialogueact">
      <nite:child href="Bed010.E.words.xml#id(Bed010.w.5,768)..id(Bed010.w.5,782)"/>
   </segment>
   <segment nite:id="Bed010.segment.649" starttime="1731.93" endtime="1732.69" participant="mn015" timing-provenance="dialogueact">
      <nite:child href="Bed010.E.words.xml#id(Bed010.w.5,785)..id(Bed010.w.5,787)"/>
   </segment>
   <segment nite:id="Bed010.segment.650" starttime="1733.188" endtime="1735.232" participant="mn015" timing-provenance="segment">
      <nite:child href="Bed010.E.words.xml#id(Bed010.w.5,788)..id(Bed010.disfmarker.176)"/>
   </segment>
   <segment nite:id="Bed010.segment.651" starttime="1735.22" endtime="1740.37" participant="mn015" timing-provenance="dialogueact">
      <nite:child href="Bed010.E.words.xml#id(Bed010.w.5,794)..id(Bed010.w.5,809)"/>
   </segment>
   <segment nite:id="Bed010.segment.652" starttime="1740.85" endtime="1746.12" participant="mn015" timing-provenance="dialogueact">
      <nite:child href="Bed010.E.words.xml#id(Bed010.w.5,810)..id(Bed010.w.5,831)"/>
   </segment>
   <segment nite:id="Bed010.segment.654" starttime="1746.56" endtime="1755.86" participant="mn015" timing-provenance="dialogueact">
      <nite:child href="Bed010.E.words.xml#id(Bed010.w.5,836)..id(Bed010.w.5,865)"/>
   </segment>
   <segment nite:id="Bed010.segment.655" starttime="1756.48" endtime="1758.06" participant="mn015" timing-provenance="dialogueact">
      <nite:child href="Bed010.E.words.xml#id(Bed010.w.5,866)..id(Bed010.w.5,876)"/>
   </segment>
   <segment nite:id="Bed010.segment.656" starttime="1758.57" endtime="1763.65" participant="mn015" timing-provenance="dialogueact">
      <nite:child href="Bed010.E.words.xml#id(Bed010.w.5,877)..id(Bed010.w.5,902)"/>
   </segment>
   <segment nite:id="Bed010.segment.659" starttime="1764.68" endtime="1765.3" participant="mn015" timing-provenance="dialogueact">
      <nite:child href="Bed010.E.words.xml#id(Bed010.w.5,905)..id(Bed010.w.5,906)"/>
   </segment>
   <segment nite:id="Bed010.segment.661" starttime="1767.42" endtime="1769.86" participant="mn015" timing-provenance="dialogueact">
      <nite:child href="Bed010.E.words.xml#id(Bed010.w.5,915)..id(Bed010.w.5,923)"/>
   </segment>
   <segment nite:id="Bed010.segment.663" starttime="1771.11" endtime="1772.54" participant="mn015" timing-provenance="dialogueact">
      <nite:child href="Bed010.E.words.xml#id(Bed010.w.5,928)..id(Bed010.w.5,930)"/>
   </segment>
   <segment nite:id="Bed010.segment.665" starttime="1773.05" endtime="1774.59" participant="mn015" timing-provenance="dialogueact">
      <nite:child href="Bed010.E.words.xml#id(Bed010.w.5,931)..id(Bed010.w.5,935)"/>
   </segment>
   <segment nite:id="Bed010.segment.666" starttime="1775.689" endtime="1777.006" participant="mn015" timing-provenance="segment">
      <nite:child href="Bed010.E.words.xml#id(Bed010.w.5,936)..id(Bed010.w.5,937)"/>
   </segment>
   <segment nite:id="Bed010.segment.669" starttime="1779.16" endtime="1784.33" participant="mn015" timing-provenance="dialogueact">
      <nite:child href="Bed010.E.words.xml#id(Bed010.w.5,954)..id(Bed010.w.5,975)"/>
   </segment>
   <segment nite:id="Bed010.segment.672" starttime="1784.57" endtime="1786.3" participant="mn015" timing-provenance="dialogueact">
      <nite:child href="Bed010.E.words.xml#id(Bed010.w.5,978)..id(Bed010.w.5,985)"/>
   </segment>
   <segment nite:id="Bed010.segment.674" starttime="1786.42" endtime="1786.85" participant="mn015" timing-provenance="dialogueact">
      <nite:child href="Bed010.E.words.xml#id(Bed010.w.5,990)"/>
   </segment>
   <segment nite:id="Bed010.segment.675" starttime="1788.11" endtime="1788.77" participant="mn015" timing-provenance="dialogueact">
      <nite:child href="Bed010.E.words.xml#id(Bed010.w.5,991)..id(Bed010.w.5,994)"/>
   </segment>
   <segment nite:id="Bed010.segment.687" starttime="1810.24" endtime="1810.46" participant="mn015" timing-provenance="dialogueact">
      <nite:child href="Bed010.E.words.xml#id(Bed010.w.6,075)..id(Bed010.w.6,078)"/>
   </segment>
   <segment nite:id="Bed010.segment.688" starttime="1810.89" endtime="1811.84" participant="mn015" timing-provenance="dialogueact">
      <nite:child href="Bed010.E.words.xml#id(Bed010.w.6,079)..id(Bed010.w.6,082)"/>
   </segment>
   <segment nite:id="Bed010.segment.696" starttime="1821.15" endtime="1821.49" participant="mn015" timing-provenance="dialogueact">
      <nite:child href="Bed010.E.words.xml#id(Bed010.w.6,130)..id(Bed010.w.6,133)"/>
   </segment>
   <segment nite:id="Bed010.segment.700" starttime="1827.46" endtime="1829.07" participant="mn015" timing-provenance="segment">
      <nite:child href="Bed010.E.words.xml#id(Bed010.w.6,170)..id(Bed010.disfmarker.191)"/>
   </segment>
   <segment nite:id="Bed010.segment.705" starttime="1829.79" endtime="1830.19" participant="mn015" timing-provenance="dialogueact">
      <nite:child href="Bed010.E.words.xml#id(Bed010.w.6,187)..id(Bed010.w.6,188)"/>
   </segment>
   <segment nite:id="Bed010.segment.707" starttime="1831.23" endtime="1837.09" participant="mn015" timing-provenance="dialogueact">
      <nite:child href="Bed010.E.words.xml#id(Bed010.w.6,191)..id(Bed010.w.6,215)"/>
   </segment>
   <segment nite:id="Bed010.segment.709" starttime="1837.721" endtime="1839.81" participant="mn015" timing-provenance="segment">
      <nite:child href="Bed010.E.words.xml#id(Bed010.w.6,216)..id(Bed010.comment.37)"/>
   </segment>
   <segment nite:id="Bed010.segment.710" starttime="1840.05" endtime="1840.64" participant="mn015" timing-provenance="dialogueact">
      <nite:child href="Bed010.E.words.xml#id(Bed010.w.6,222)..id(Bed010.w.6,223)"/>
   </segment>
   <segment nite:id="Bed010.segment.711" starttime="1841.1" endtime="1843.54" participant="mn015" timing-provenance="dialogueact">
      <nite:child href="Bed010.E.words.xml#id(Bed010.w.6,224)..id(Bed010.w.6,229)"/>
   </segment>
   <segment nite:id="Bed010.segment.712" starttime="1844.23" endtime="1847.09" participant="mn015" timing-provenance="dialogueact">
      <nite:child href="Bed010.E.words.xml#id(Bed010.w.6,230)..id(Bed010.w.6,239)"/>
   </segment>
   <segment nite:id="Bed010.segment.713" starttime="1847.69" endtime="1848.11" participant="mn015" timing-provenance="dialogueact">
      <nite:child href="Bed010.E.words.xml#id(Bed010.w.6,240)..id(Bed010.w.6,241)"/>
   </segment>
   <segment nite:id="Bed010.segment.715" starttime="1848.315" endtime="1852.54" participant="mn015" timing-provenance="segment">
      <nite:child href="Bed010.E.words.xml#id(Bed010.w.6,244)..id(Bed010.w.6,264)"/>
   </segment>
   <segment nite:id="Bed010.segment.717" starttime="1852.6" endtime="1856.6" participant="mn015" timing-provenance="dialogueact">
      <nite:child href="Bed010.E.words.xml#id(Bed010.w.6,269)..id(Bed010.w.6,283)"/>
   </segment>
   <segment nite:id="Bed010.segment.718" starttime="1856.7" endtime="1861.52" participant="mn015" timing-provenance="segment">
      <nite:child href="Bed010.E.words.xml#id(Bed010.w.6,284)..id(Bed010.disfmarker.201)"/>
   </segment>
   <segment nite:id="Bed010.segment.719" starttime="1861.59" endtime="1863.65" participant="mn015" timing-provenance="dialogueact">
      <nite:child href="Bed010.E.words.xml#id(Bed010.w.6,306)..id(Bed010.w.6,316)"/>
   </segment>
   <segment nite:id="Bed010.segment.721" starttime="1864.11" endtime="1867.83" participant="mn015" timing-provenance="dialogueact">
      <nite:child href="Bed010.E.words.xml#id(Bed010.w.6,319)..id(Bed010.w.6,331)"/>
   </segment>
   <segment nite:id="Bed010.segment.723" starttime="1869.42" endtime="1873.89" participant="mn015" timing-provenance="dialogueact">
      <nite:child href="Bed010.E.words.xml#id(Bed010.w.6,337)..id(Bed010.w.6,354)"/>
   </segment>
   <segment nite:id="Bed010.segment.727" starttime="1874.67" endtime="1874.83" participant="mn015" timing-provenance="dialogueact">
      <nite:child href="Bed010.E.words.xml#id(Bed010.w.6,363)..id(Bed010.w.6,365)"/>
   </segment>
   <segment nite:id="Bed010.segment.728" starttime="1875.24" endtime="1881.57" participant="mn015" timing-provenance="dialogueact">
      <nite:child href="Bed010.E.words.xml#id(Bed010.w.6,366)..id(Bed010.w.6,382)"/>
   </segment>
   <segment nite:id="Bed010.segment.734" starttime="1900.69" endtime="1911.06" participant="mn015" timing-provenance="dialogueact">
      <nite:child href="Bed010.E.words.xml#id(Bed010.w.6,483)..id(Bed010.w.6,523)"/>
   </segment>
   <segment nite:id="Bed010.segment.739" starttime="1912.35" endtime="1912.86" participant="mn015" timing-provenance="dialogueact">
      <nite:child href="Bed010.E.words.xml#id(Bed010.w.6,532)..id(Bed010.w.6,534)"/>
   </segment>
   <segment nite:id="Bed010.segment.741" starttime="1916.289" endtime="1917.049" participant="mn015" timing-provenance="segment">
      <nite:child href="Bed010.E.words.xml#id(Bed010.w.6,545)..id(Bed010.disfmarker.212)"/>
   </segment>
   <segment nite:id="Bed010.segment.744" starttime="1918.96" endtime="1922.72" participant="mn015" timing-provenance="segment">
      <nite:child href="Bed010.E.words.xml#id(Bed010.w.6,561)..id(Bed010.disfmarker.214)"/>
   </segment>
   <segment nite:id="Bed010.segment.747" starttime="1922.96" endtime="1923.45" participant="mn015" timing-provenance="dialogueact">
      <nite:child href="Bed010.E.words.xml#id(Bed010.w.6,575)..id(Bed010.w.6,576)"/>
   </segment>
   <segment nite:id="Bed010.segment.748" starttime="1925.28" endtime="1926.58" participant="mn015" timing-provenance="segment">
      <nite:child href="Bed010.E.words.xml#id(Bed010.w.6,577)..id(Bed010.disfmarker.215)"/>
   </segment>
   <segment nite:id="Bed010.segment.749" starttime="1926.58" endtime="1928.68" participant="mn015" timing-provenance="segment">
      <nite:child href="Bed010.E.words.xml#id(Bed010.w.6,582)..id(Bed010.disfmarker.216)"/>
   </segment>
   <segment nite:id="Bed010.segment.750" starttime="1929.15" endtime="1930.52" participant="mn015" timing-provenance="dialogueact">
      <nite:child href="Bed010.E.words.xml#id(Bed010.w.6,586)..id(Bed010.w.6,597)"/>
   </segment>
   <segment nite:id="Bed010.segment.751" starttime="1931.94" endtime="1935.33" participant="mn015" timing-provenance="dialogueact">
      <nite:child href="Bed010.E.words.xml#id(Bed010.w.6,598)..id(Bed010.w.6,614)"/>
   </segment>
   <segment nite:id="Bed010.segment.752" starttime="1936.12" endtime="1936.97" participant="mn015" timing-provenance="dialogueact">
      <nite:child href="Bed010.E.words.xml#id(Bed010.w.6,615)..id(Bed010.w.6,619)"/>
   </segment>
   <segment nite:id="Bed010.segment.753" starttime="1938.33" endtime="1939.08" participant="mn015" timing-provenance="dialogueact">
      <nite:child href="Bed010.E.words.xml#id(Bed010.w.6,620)..id(Bed010.w.6,622)"/>
   </segment>
   <segment nite:id="Bed010.segment.754" starttime="1939.46" endtime="1942.12" participant="mn015" timing-provenance="dialogueact">
      <nite:child href="Bed010.E.words.xml#id(Bed010.w.6,623)..id(Bed010.w.6,633)"/>
   </segment>
   <segment nite:id="Bed010.segment.756" starttime="1942.35" endtime="1947.21" participant="mn015" timing-provenance="dialogueact">
      <nite:child href="Bed010.E.words.xml#id(Bed010.w.6,634)..id(Bed010.w.6,656)"/>
   </segment>
   <segment nite:id="Bed010.segment.758" starttime="1947.88" endtime="1951.27" participant="mn015" timing-provenance="dialogueact">
      <nite:child href="Bed010.E.words.xml#id(Bed010.w.6,659)..id(Bed010.w.6,667)"/>
   </segment>
   <segment nite:id="Bed010.segment.760" starttime="1952.78" endtime="1955.14" participant="mn015" timing-provenance="dialogueact">
      <nite:child href="Bed010.E.words.xml#id(Bed010.w.6,670)..id(Bed010.w.6,676)"/>
   </segment>
   <segment nite:id="Bed010.segment.762" starttime="1955.59" endtime="1955.89" participant="mn015" timing-provenance="dialogueact">
      <nite:child href="Bed010.E.words.xml#id(Bed010.w.6,681)"/>
   </segment>
   <segment nite:id="Bed010.segment.763" starttime="1957.17" endtime="1957.68" participant="mn015" timing-provenance="dialogueact">
      <nite:child href="Bed010.E.words.xml#id(Bed010.w.6,682)..id(Bed010.w.6,683)"/>
   </segment>
   <segment nite:id="Bed010.segment.764" starttime="1958.4" endtime="1960.13" participant="mn015" timing-provenance="dialogueact">
      <nite:child href="Bed010.E.words.xml#id(Bed010.w.6,684)..id(Bed010.w.6,688)"/>
   </segment>
   <segment nite:id="Bed010.segment.769" starttime="1964.33" endtime="1966.54" participant="mn015" timing-provenance="dialogueact">
      <nite:child href="Bed010.E.words.xml#id(Bed010.w.6,710)..id(Bed010.w.6,721)"/>
   </segment>
   <segment nite:id="Bed010.segment.771" starttime="1966.555" endtime="1969.21" participant="mn015" timing-provenance="segment">
      <nite:child href="Bed010.E.words.xml#id(Bed010.w.6,722)..id(Bed010.w.6,734)"/>
   </segment>
   <segment nite:id="Bed010.segment.775" starttime="1971.5" endtime="1972.38" participant="mn015" timing-provenance="dialogueact">
      <nite:child href="Bed010.E.words.xml#id(Bed010.w.6,750)..id(Bed010.w.6,752)"/>
   </segment>
   <segment nite:id="Bed010.segment.776" starttime="1973.29" endtime="1973.77" participant="mn015" timing-provenance="dialogueact">
      <nite:child href="Bed010.E.words.xml#id(Bed010.w.6,753)..id(Bed010.w.6,754)"/>
   </segment>
   <segment nite:id="Bed010.segment.777" starttime="1974.52" endtime="1979.65" participant="mn015" timing-provenance="dialogueact">
      <nite:child href="Bed010.E.words.xml#id(Bed010.w.6,755)..id(Bed010.w.6,781)"/>
   </segment>
   <segment nite:id="Bed010.segment.782" starttime="1980.99" endtime="1987.13" participant="mn015" timing-provenance="dialogueact">
      <nite:child href="Bed010.E.words.xml#id(Bed010.w.6,796)..id(Bed010.w.6,814)"/>
   </segment>
   <segment nite:id="Bed010.segment.784" starttime="1987.62" endtime="1988.74" participant="mn015" timing-provenance="dialogueact">
      <nite:child href="Bed010.E.words.xml#id(Bed010.w.6,817)..id(Bed010.w.6,822)"/>
   </segment>
   <segment nite:id="Bed010.segment.786" starttime="1990.34" endtime="1990.68" participant="mn015" timing-provenance="dialogueact">
      <nite:child href="Bed010.E.words.xml#id(Bed010.w.6,827)..id(Bed010.w.6,828)"/>
   </segment>
   <segment nite:id="Bed010.segment.787" starttime="1991.13" endtime="1993.07" participant="mn015" timing-provenance="dialogueact">
      <nite:child href="Bed010.E.words.xml#id(Bed010.w.6,829)..id(Bed010.w.6,833)"/>
   </segment>
   <segment nite:id="Bed010.segment.788" starttime="1993.16" endtime="1995.47" participant="mn015" timing-provenance="dialogueact">
      <nite:child href="Bed010.E.words.xml#id(Bed010.w.6,834)..id(Bed010.w.6,844)"/>
   </segment>
   <segment nite:id="Bed010.segment.792" starttime="1996.18" endtime="1996.93" participant="mn015" timing-provenance="dialogueact">
      <nite:child href="Bed010.E.words.xml#id(Bed010.w.6,847)..id(Bed010.w.6,851)"/>
   </segment>
   <segment nite:id="Bed010.segment.795" starttime="2004.59" endtime="2004.75" participant="mn015" timing-provenance="dialogueact">
      <nite:child href="Bed010.E.words.xml#id(Bed010.w.6,903)..id(Bed010.w.6,904)"/>
   </segment>
   <segment nite:id="Bed010.segment.796" starttime="2007.15" endtime="2007.37" participant="mn015" timing-provenance="dialogueact">
      <nite:child href="Bed010.E.words.xml#id(Bed010.w.6,905)..id(Bed010.w.6,906)"/>
   </segment>
   <segment nite:id="Bed010.segment.797" starttime="2008.65" endtime="2009.0" participant="mn015" timing-provenance="dialogueact">
      <nite:child href="Bed010.E.words.xml#id(Bed010.w.6,907)..id(Bed010.w.6,908)"/>
   </segment>
   <segment nite:id="Bed010.segment.802" starttime="2013.16" endtime="2018.0" participant="mn015" timing-provenance="dialogueact">
      <nite:child href="Bed010.E.words.xml#id(Bed010.w.6,941)..id(Bed010.w.6,956)"/>
   </segment>
   <segment nite:id="Bed010.segment.804" starttime="2018.6" endtime="2019.77" participant="mn015" timing-provenance="dialogueact">
      <nite:child href="Bed010.E.words.xml#id(Bed010.w.6,957)..id(Bed010.w.6,959)"/>
   </segment>
   <segment nite:id="Bed010.segment.806" starttime="2022.04" endtime="2023.75" participant="mn015" timing-provenance="dialogueact">
      <nite:child href="Bed010.E.words.xml#id(Bed010.w.6,964)..id(Bed010.w.6,969)"/>
   </segment>
   <segment nite:id="Bed010.segment.807" starttime="2025.08" endtime="2029.7" participant="mn015" timing-provenance="dialogueact">
      <nite:child href="Bed010.E.words.xml#id(Bed010.w.6,970)..id(Bed010.w.6,989)"/>
   </segment>
   <segment nite:id="Bed010.segment.808" starttime="2030.17" endtime="2034.51" participant="mn015" timing-provenance="dialogueact">
      <nite:child href="Bed010.E.words.xml#id(Bed010.w.6,990)..id(Bed010.w.7,005)"/>
   </segment>
   <segment nite:id="Bed010.segment.810" starttime="2035.16" endtime="2036.05" participant="mn015" timing-provenance="dialogueact">
      <nite:child href="Bed010.E.words.xml#id(Bed010.w.7,010)..id(Bed010.w.7,015)"/>
   </segment>
   <segment nite:id="Bed010.segment.811" starttime="2036.068" endtime="2036.98" participant="mn015" timing-provenance="segment">
      <nite:child href="Bed010.E.words.xml#id(Bed010.w.7,016)..id(Bed010.comment.39)"/>
   </segment>
   <segment nite:id="Bed010.segment.812" starttime="2037.3" endtime="2038.82" participant="mn015" timing-provenance="dialogueact">
      <nite:child href="Bed010.E.words.xml#id(Bed010.w.7,019)..id(Bed010.w.7,027)"/>
   </segment>
   <segment nite:id="Bed010.segment.820" starttime="2044.35" endtime="2044.6" participant="mn015" timing-provenance="dialogueact">
      <nite:child href="Bed010.E.words.xml#id(Bed010.w.7,076)..id(Bed010.w.7,077)"/>
   </segment>
   <segment nite:id="Bed010.segment.823" starttime="2049.32" endtime="2056.55" participant="mn015" timing-provenance="dialogueact">
      <nite:child href="Bed010.E.words.xml#id(Bed010.w.7,106)..id(Bed010.w.7,144)"/>
   </segment>
   <segment nite:id="Bed010.segment.828" starttime="2057.67" endtime="2058.29" participant="mn015" timing-provenance="dialogueact">
      <nite:child href="Bed010.E.words.xml#id(Bed010.w.7,177)..id(Bed010.w.7,180)"/>
   </segment>
   <segment nite:id="Bed010.segment.930" starttime="2269.88" endtime="2271.87" participant="mn015" timing-provenance="dialogueact">
      <nite:child href="Bed010.E.words.xml#id(Bed010.w.8,038)..id(Bed010.w.8,044)"/>
   </segment>
   <segment nite:id="Bed010.segment.935" starttime="2285.04" endtime="2289.3" participant="mn015" timing-provenance="dialogueact">
      <nite:child href="Bed010.E.words.xml#id(Bed010.w.8,082)..id(Bed010.w.8,098)"/>
   </segment>
   <segment nite:id="Bed010.segment.936" starttime="2289.61" endtime="2291.09" participant="mn015" timing-provenance="dialogueact">
      <nite:child href="Bed010.E.words.xml#id(Bed010.w.8,099)..id(Bed010.w.8,105)"/>
   </segment>
   <segment nite:id="Bed010.segment.938" starttime="2291.85" endtime="2294.42" participant="mn015" timing-provenance="segment">
      <nite:child href="Bed010.E.words.xml#id(Bed010.w.8,106)..id(Bed010.disfmarker.280)"/>
   </segment>
   <segment nite:id="Bed010.segment.939" starttime="2294.49" endtime="2303.8" participant="mn015" timing-provenance="dialogueact">
      <nite:child href="Bed010.E.words.xml#id(Bed010.w.8,113)..id(Bed010.w.8,143)"/>
   </segment>
   <segment nite:id="Bed010.segment.983" starttime="2448.004" endtime="2483.817" participant="mn015" timing-provenance="segment">
      <nite:child href="Bed010.E.words.xml#id(Bed010.comment.44)"/>
   </segment>
   <segment nite:id="Bed010.segment.1,021" starttime="2537.047" endtime="2548.458" participant="mn015" timing-provenance="segment">
      <nite:child href="Bed010.E.words.xml#id(Bed010.comment.57)"/>
   </segment>
   <segment nite:id="Bed010.segment.1,074" starttime="2622.948" endtime="2624.606" participant="mn015" timing-provenance="segment">
      <nite:child href="Bed010.E.words.xml#id(Bed010.vocalsound.127)"/>
   </segment>
   <segment nite:id="Bed010.segment.1,128" starttime="2684.91" endtime="2685.9" participant="mn015" timing-provenance="dialogueact">
      <nite:child href="Bed010.E.words.xml#id(Bed010.w.9,283)..id(Bed010.w.9,285)"/>
   </segment>
   <segment nite:id="Bed010.segment.1,130" starttime="2686.43" endtime="2692.21" participant="mn015" timing-provenance="dialogueact">
      <nite:child href="Bed010.E.words.xml#id(Bed010.w.9,286)..id(Bed010.w.9,300)"/>
   </segment>
   <segment nite:id="Bed010.segment.1,173" starttime="2759.42" endtime="2760.06" participant="mn015" timing-provenance="dialogueact">
      <nite:child href="Bed010.E.words.xml#id(Bed010.w.9,547)..id(Bed010.w.9,548)"/>
   </segment>
   <segment nite:id="Bed010.segment.1,279" starttime="2975.47" endtime="2980.5" participant="mn015" timing-provenance="dialogueact">
      <nite:child href="Bed010.E.words.xml#id(Bed010.w.10,215)..id(Bed010.w.10,240)"/>
   </segment>
   <segment nite:id="Bed010.segment.1,298" starttime="3016.79" endtime="3019.2" participant="mn015" timing-provenance="dialogueact">
      <nite:child href="Bed010.E.words.xml#id(Bed010.w.10,361)..id(Bed010.w.10,370)"/>
   </segment>
   <segment nite:id="Bed010.segment.1,299" starttime="3019.92" endtime="3021.74" participant="mn015" timing-provenance="dialogueact">
      <nite:child href="Bed010.E.words.xml#id(Bed010.w.10,371)..id(Bed010.w.10,374)"/>
   </segment>
   <segment nite:id="Bed010.segment.1,300" starttime="3022.49" endtime="3023.08" participant="mn015" timing-provenance="dialogueact">
      <nite:child href="Bed010.E.words.xml#id(Bed010.w.10,375)"/>
   </segment>
   <segment nite:id="Bed010.segment.1,301" starttime="3024.24" endtime="3025.48" participant="mn015" timing-provenance="dialogueact">
      <nite:child href="Bed010.E.words.xml#id(Bed010.w.10,376)..id(Bed010.w.10,379)"/>
   </segment>
   <segment nite:id="Bed010.segment.1,304" starttime="3026.18" endtime="3026.96" participant="mn015" timing-provenance="dialogueact">
      <nite:child href="Bed010.E.words.xml#id(Bed010.w.10,395)..id(Bed010.w.10,398)"/>
   </segment>
   <segment nite:id="Bed010.segment.1,319" starttime="3065.49" endtime="3068.36" participant="mn015" timing-provenance="dialogueact">
      <nite:child href="Bed010.E.words.xml#id(Bed010.w.10,535)..id(Bed010.w.10,544)"/>
   </segment>
   <segment nite:id="Bed010.segment.1,320" starttime="3069.11" endtime="3071.0" participant="mn015" timing-provenance="dialogueact">
      <nite:child href="Bed010.E.words.xml#id(Bed010.w.10,545)..id(Bed010.w.10,551)"/>
   </segment>
   <segment nite:id="Bed010.segment.1,321" starttime="3071.55" endtime="3072.95" participant="mn015" timing-provenance="dialogueact">
      <nite:child href="Bed010.E.words.xml#id(Bed010.w.10,552)..id(Bed010.w.10,558)"/>
   </segment>
   <segment nite:id="Bed010.segment.1,323" starttime="3077.4" endtime="3078.23" participant="mn015" timing-provenance="dialogueact">
      <nite:child href="Bed010.E.words.xml#id(Bed010.w.10,579)..id(Bed010.w.10,584)"/>
   </segment>
   <segment nite:id="Bed010.segment.1,340" starttime="3099.877" endtime="3100.456" participant="mn015" timing-provenance="segment">
      <nite:child href="Bed010.E.words.xml#id(Bed010.w.10,689)..id(Bed010.comment.69)"/>
   </segment>
   <segment nite:id="Bed010.segment.1,357" starttime="3122.99" endtime="3123.33" participant="mn015" timing-provenance="dialogueact">
      <nite:child href="Bed010.E.words.xml#id(Bed010.w.10,795)..id(Bed010.w.10,796)"/>
   </segment>
</nite:root>