<?xml version="1.0" encoding="ISO-8859-1" standalone="yes"?>
<nite:root nite:id="Bed010.A.segs" xmlns:nite="http://nite.sourceforge.net/">
   <segment nite:id="Bed010.segment.6" starttime="10.55" endtime="10.9" participant="mn036" timing-provenance="dialogueact">
      <nite:child href="Bed010.A.words.xml#id(Bed010.w.18)..id(Bed010.w.19)"/>
   </segment>
   <segment nite:id="Bed010.segment.38" starttime="83.15" endtime="83.34" participant="mn036" timing-provenance="dialogueact">
      <nite:child href="Bed010.A.words.xml#id(Bed010.w.231)..id(Bed010.w.232)"/>
   </segment>
   <segment nite:id="Bed010.segment.154" starttime="414.17" endtime="416.25" participant="mn036" timing-provenance="segment">
      <nite:child href="Bed010.A.words.xml#id(Bed010.nonvocalsound.6)"/>
   </segment>
   <segment nite:id="Bed010.segment.372" starttime="916.46" endtime="1015.91" participant="mn036" timing-provenance="segment">
      <nite:child href="Bed010.A.words.xml#id(Bed010.comment.16)"/>
   </segment>
   <segment nite:id="Bed010.segment.392" starttime="1061.63" endtime="1062.321" participant="mn036" timing-provenance="segment">
      <nite:child href="Bed010.A.words.xml#id(Bed010.nonvocalsound.11)"/>
   </segment>
   <segment nite:id="Bed010.segment.477" starttime="1273.26" endtime="1274.43" participant="mn036" timing-provenance="segment">
      <nite:child href="Bed010.A.words.xml#id(Bed010.nonvocalsound.13)"/>
   </segment>
   <segment nite:id="Bed010.segment.579" starttime="1488.146" endtime="1490.17" participant="mn036" timing-provenance="segment">
      <nite:child href="Bed010.A.words.xml#id(Bed010.vocalsound.73)"/>
   </segment>
   <segment nite:id="Bed010.segment.611" starttime="1557.259" endtime="1621.989" participant="mn036" timing-provenance="segment">
      <nite:child href="Bed010.A.words.xml#id(Bed010.comment.31)"/>
   </segment>
   <segment nite:id="Bed010.segment.620" starttime="1636.298" endtime="1636.934" participant="mn036" timing-provenance="segment">
      <nite:child href="Bed010.A.words.xml#id(Bed010.nonvocalsound.20)"/>
   </segment>
   <segment nite:id="Bed010.segment.657" starttime="1761.822" endtime="1762.316" participant="mn036" timing-provenance="segment">
      <nite:child href="Bed010.A.words.xml#id(Bed010.nonvocalsound.22)"/>
   </segment>
   <segment nite:id="Bed010.segment.664" starttime="1771.314" endtime="1771.714" participant="mn036" timing-provenance="segment">
      <nite:child href="Bed010.A.words.xml#id(Bed010.nonvocalsound.23)"/>
   </segment>
   <segment nite:id="Bed010.segment.676" starttime="1789.53" endtime="1791.6" participant="mn036" timing-provenance="dialogueact">
      <nite:child href="Bed010.A.words.xml#id(Bed010.w.5,995)..id(Bed010.w.6,004)"/>
   </segment>
   <segment nite:id="Bed010.segment.677" starttime="1791.99" endtime="1794.278" participant="mn036" timing-provenance="segment">
      <nite:child href="Bed010.A.words.xml#id(Bed010.w.6,005)..id(Bed010.disfmarker.185)"/>
   </segment>
   <segment nite:id="Bed010.segment.678" starttime="1794.9" endtime="1797.53" participant="mn036" timing-provenance="dialogueact">
      <nite:child href="Bed010.A.words.xml#id(Bed010.w.6,008)..id(Bed010.w.6,017)"/>
   </segment>
   <segment nite:id="Bed010.segment.679" starttime="1797.53" endtime="1799.92" participant="mn036" timing-provenance="dialogueact">
      <nite:child href="Bed010.A.words.xml#id(Bed010.w.6,018)..id(Bed010.w.6,029)"/>
   </segment>
   <segment nite:id="Bed010.segment.680" starttime="1800.4" endtime="1800.86" participant="mn036" timing-provenance="dialogueact">
      <nite:child href="Bed010.A.words.xml#id(Bed010.w.6,030)..id(Bed010.w.6,032)"/>
   </segment>
   <segment nite:id="Bed010.segment.681" starttime="1801.4" endtime="1801.68" participant="mn036" timing-provenance="dialogueact">
      <nite:child href="Bed010.A.words.xml#id(Bed010.w.6,033)"/>
   </segment>
   <segment nite:id="Bed010.segment.682" starttime="1802.08" endtime="1803.66" participant="mn036" timing-provenance="segment">
      <nite:child href="Bed010.A.words.xml#id(Bed010.w.6,034)..id(Bed010.w.6,041)"/>
   </segment>
   <segment nite:id="Bed010.segment.683" starttime="1804.02" endtime="1806.49" participant="mn036" timing-provenance="dialogueact">
      <nite:child href="Bed010.A.words.xml#id(Bed010.w.6,042)..id(Bed010.w.6,051)"/>
   </segment>
   <segment nite:id="Bed010.segment.685" starttime="1806.94" endtime="1807.79" participant="mn036" timing-provenance="dialogueact">
      <nite:child href="Bed010.A.words.xml#id(Bed010.w.6,052)..id(Bed010.w.6,055)"/>
   </segment>
   <segment nite:id="Bed010.segment.686" starttime="1808.51" endtime="1811.867" participant="mn036" timing-provenance="segment">
      <nite:child href="Bed010.A.words.xml#id(Bed010.w.6,056)..id(Bed010.w.6,074)"/>
   </segment>
   <segment nite:id="Bed010.segment.689" starttime="1812.42" endtime="1815.1" participant="mn036" timing-provenance="dialogueact">
      <nite:child href="Bed010.A.words.xml#id(Bed010.w.6,083)..id(Bed010.w.6,098)"/>
   </segment>
   <segment nite:id="Bed010.segment.692" starttime="1816.1" endtime="1816.44" participant="mn036" timing-provenance="dialogueact">
      <nite:child href="Bed010.A.words.xml#id(Bed010.w.6,117)..id(Bed010.w.6,118)"/>
   </segment>
   <segment nite:id="Bed010.segment.693" starttime="1817.72" endtime="1817.99" participant="mn036" timing-provenance="dialogueact">
      <nite:child href="Bed010.A.words.xml#id(Bed010.w.6,119)..id(Bed010.w.6,120)"/>
   </segment>
   <segment nite:id="Bed010.segment.694" starttime="1818.78" endtime="1819.02" participant="mn036" timing-provenance="dialogueact">
      <nite:child href="Bed010.A.words.xml#id(Bed010.w.6,121)..id(Bed010.w.6,122)"/>
   </segment>
   <segment nite:id="Bed010.segment.695" starttime="1820.37" endtime="1821.85" participant="mn036" timing-provenance="dialogueact">
      <nite:child href="Bed010.A.words.xml#id(Bed010.w.6,123)..id(Bed010.w.6,129)"/>
   </segment>
   <segment nite:id="Bed010.segment.697" starttime="1821.96" endtime="1822.53" participant="mn036" timing-provenance="dialogueact">
      <nite:child href="Bed010.A.words.xml#id(Bed010.w.6,134)"/>
   </segment>
   <segment nite:id="Bed010.segment.698" starttime="1822.59" endtime="1824.91" participant="mn036" timing-provenance="dialogueact">
      <nite:child href="Bed010.A.words.xml#id(Bed010.w.6,135)..id(Bed010.w.6,150)"/>
   </segment>
   <segment nite:id="Bed010.segment.699" starttime="1825.22" endtime="1828.72" participant="mn036" timing-provenance="dialogueact">
      <nite:child href="Bed010.A.words.xml#id(Bed010.w.6,151)..id(Bed010.w.6,169)"/>
   </segment>
   <segment nite:id="Bed010.segment.704" starttime="1829.51" endtime="1829.67" participant="mn036" timing-provenance="dialogueact">
      <nite:child href="Bed010.A.words.xml#id(Bed010.w.6,185)..id(Bed010.w.6,186)"/>
   </segment>
   <segment nite:id="Bed010.segment.714" starttime="1847.76" endtime="1848.33" participant="mn036" timing-provenance="dialogueact">
      <nite:child href="Bed010.A.words.xml#id(Bed010.w.6,242)..id(Bed010.w.6,243)"/>
   </segment>
   <segment nite:id="Bed010.segment.722" starttime="1868.309" endtime="1870.34" participant="mn036" timing-provenance="segment">
      <nite:child href="Bed010.A.words.xml#id(Bed010.w.6,332)..id(Bed010.disfmarker.204)"/>
   </segment>
   <segment nite:id="Bed010.segment.724" starttime="1870.6" endtime="1870.8" participant="mn036" timing-provenance="dialogueact">
      <nite:child href="Bed010.A.words.xml#id(Bed010.w.6,355)..id(Bed010.w.6,356)"/>
   </segment>
   <segment nite:id="Bed010.segment.725" starttime="1871.08" endtime="1871.28" participant="mn036" timing-provenance="dialogueact">
      <nite:child href="Bed010.A.words.xml#id(Bed010.w.6,357)..id(Bed010.w.6,360)"/>
   </segment>
   <segment nite:id="Bed010.segment.726" starttime="1872.56" endtime="1872.76" participant="mn036" timing-provenance="dialogueact">
      <nite:child href="Bed010.A.words.xml#id(Bed010.w.6,361)..id(Bed010.w.6,362)"/>
   </segment>
   <segment nite:id="Bed010.segment.742" starttime="1916.5" endtime="1917.24" participant="mn036" timing-provenance="dialogueact">
      <nite:child href="Bed010.A.words.xml#id(Bed010.w.6,549)..id(Bed010.w.6,555)"/>
   </segment>
   <segment nite:id="Bed010.segment.743" starttime="1917.66" endtime="1919.038" participant="mn036" timing-provenance="segment">
      <nite:child href="Bed010.A.words.xml#id(Bed010.w.6,556)..id(Bed010.w.6,560)"/>
   </segment>
   <segment nite:id="Bed010.segment.745" starttime="1918.49" endtime="1918.92" participant="mn036" timing-provenance="dialogueact">
      <nite:child href="Bed010.A.words.xml#id(Bed010.w.6,573)"/>
   </segment>
   <segment nite:id="Bed010.segment.746" starttime="1921.46" endtime="1921.55" participant="mn036" timing-provenance="dialogueact">
      <nite:child href="Bed010.A.words.xml#id(Bed010.w.6,574)"/>
   </segment>
   <segment nite:id="Bed010.segment.761" starttime="1953.13" endtime="1953.6" participant="mn036" timing-provenance="dialogueact">
      <nite:child href="Bed010.A.words.xml#id(Bed010.w.6,677)..id(Bed010.w.6,680)"/>
   </segment>
   <segment nite:id="Bed010.segment.768" starttime="1963.27" endtime="1963.5" participant="mn036" timing-provenance="dialogueact">
      <nite:child href="Bed010.A.words.xml#id(Bed010.w.6,709)"/>
   </segment>
   <segment nite:id="Bed010.segment.774" starttime="1970.86" endtime="1971.07" participant="mn036" timing-provenance="dialogueact">
      <nite:child href="Bed010.A.words.xml#id(Bed010.w.6,748)..id(Bed010.w.6,749)"/>
   </segment>
   <segment nite:id="Bed010.segment.780" starttime="1978.98" endtime="1979.14" participant="mn036" timing-provenance="dialogueact">
      <nite:child href="Bed010.A.words.xml#id(Bed010.w.6,790)..id(Bed010.w.6,791)"/>
   </segment>
   <segment nite:id="Bed010.segment.813" starttime="2038.29" endtime="2040.34" participant="mn036" timing-provenance="dialogueact">
      <nite:child href="Bed010.A.words.xml#id(Bed010.w.7,028)..id(Bed010.w.7,045)"/>
   </segment>
   <segment nite:id="Bed010.segment.819" starttime="2043.38" endtime="2043.66" participant="mn036" timing-provenance="dialogueact">
      <nite:child href="Bed010.A.words.xml#id(Bed010.w.7,075)"/>
   </segment>
   <segment nite:id="Bed010.segment.826" starttime="2056.8" endtime="2057.05" participant="mn036" timing-provenance="dialogueact">
      <nite:child href="Bed010.A.words.xml#id(Bed010.w.7,152)..id(Bed010.w.7,155)"/>
   </segment>
   <segment nite:id="Bed010.segment.857" starttime="2140.338" endtime="2140.755" participant="mn036" timing-provenance="segment">
      <nite:child href="Bed010.A.words.xml#id(Bed010.nonvocalsound.29)"/>
   </segment>
   <segment nite:id="Bed010.segment.858" starttime="2141.68" endtime="2141.86" participant="mn036" timing-provenance="dialogueact">
      <nite:child href="Bed010.A.words.xml#id(Bed010.w.7,482)..id(Bed010.w.7,483)"/>
   </segment>
   <segment nite:id="Bed010.segment.859" starttime="2142.93" endtime="2145.924" participant="mn036" timing-provenance="segment">
      <nite:child href="Bed010.A.words.xml#id(Bed010.w.7,484)..id(Bed010.disfmarker.252)"/>
   </segment>
   <segment nite:id="Bed010.segment.867" starttime="2150.03" endtime="2150.61" participant="mn036" timing-provenance="dialogueact">
      <nite:child href="Bed010.A.words.xml#id(Bed010.w.7,539)..id(Bed010.w.7,540)"/>
   </segment>
   <segment nite:id="Bed010.segment.885" starttime="2191.36" endtime="2194.05" participant="mn036" timing-provenance="dialogueact">
      <nite:child href="Bed010.A.words.xml#id(Bed010.w.7,695)..id(Bed010.w.7,703)"/>
   </segment>
   <segment nite:id="Bed010.segment.889" starttime="2194.89" endtime="2196.5" participant="mn036" timing-provenance="dialogueact">
      <nite:child href="Bed010.A.words.xml#id(Bed010.w.7,725)..id(Bed010.w.7,733)"/>
   </segment>
   <segment nite:id="Bed010.segment.891" starttime="2197.164" endtime="2197.811" participant="mn036" timing-provenance="segment">
      <nite:child href="Bed010.A.words.xml#id(Bed010.w.7,746)..id(Bed010.disfmarker.259)"/>
   </segment>
   <segment nite:id="Bed010.segment.892" starttime="2198.78" endtime="2201.42" participant="mn036" timing-provenance="dialogueact">
      <nite:child href="Bed010.A.words.xml#id(Bed010.w.7,747)..id(Bed010.w.7,759)"/>
   </segment>
   <segment nite:id="Bed010.segment.893" starttime="2201.53" endtime="2204.44" participant="mn036" timing-provenance="dialogueact">
      <nite:child href="Bed010.A.words.xml#id(Bed010.w.7,760)..id(Bed010.w.7,776)"/>
   </segment>
   <segment nite:id="Bed010.segment.900" starttime="2219.82" endtime="2220.36" participant="mn036" timing-provenance="segment">
      <nite:child href="Bed010.A.words.xml#id(Bed010.vocalsound.91)"/>
   </segment>
   <segment nite:id="Bed010.segment.901" starttime="2220.59" endtime="2221.284" participant="mn036" timing-provenance="segment">
      <nite:child href="Bed010.A.words.xml#id(Bed010.w.7,823)..id(Bed010.disfmarker.266)"/>
   </segment>
   <segment nite:id="Bed010.segment.902" starttime="2221.25" endtime="2223.32" participant="mn036" timing-provenance="dialogueact">
      <nite:child href="Bed010.A.words.xml#id(Bed010.w.7,825)..id(Bed010.w.7,833)"/>
   </segment>
   <segment nite:id="Bed010.segment.903" starttime="2224.17" endtime="2228.11" participant="mn036" timing-provenance="dialogueact">
      <nite:child href="Bed010.A.words.xml#id(Bed010.w.7,834)..id(Bed010.w.7,849)"/>
   </segment>
   <segment nite:id="Bed010.segment.906" starttime="2228.28" endtime="2229.98" participant="mn036" timing-provenance="dialogueact">
      <nite:child href="Bed010.A.words.xml#id(Bed010.w.7,862)..id(Bed010.w.7,868)"/>
   </segment>
   <segment nite:id="Bed010.segment.907" starttime="2230.106" endtime="2232.081" participant="mn036" timing-provenance="segment">
      <nite:child href="Bed010.A.words.xml#id(Bed010.w.7,869)..id(Bed010.disfmarker.270)"/>
   </segment>
   <segment nite:id="Bed010.segment.909" starttime="2232.28" endtime="2233.86" participant="mn036" timing-provenance="dialogueact">
      <nite:child href="Bed010.A.words.xml#id(Bed010.w.7,877)..id(Bed010.w.7,886)"/>
   </segment>
   <segment nite:id="Bed010.segment.910" starttime="2234.28" endtime="2235.56" participant="mn036" timing-provenance="dialogueact">
      <nite:child href="Bed010.A.words.xml#id(Bed010.w.7,887)..id(Bed010.w.7,893)"/>
   </segment>
   <segment nite:id="Bed010.segment.913" starttime="2235.816" endtime="2236.789" participant="mn036" timing-provenance="segment">
      <nite:child href="Bed010.A.words.xml#id(Bed010.w.7,898)..id(Bed010.disfmarker.272)"/>
   </segment>
   <segment nite:id="Bed010.segment.915" starttime="2237.54" endtime="2238.97" participant="mn036" timing-provenance="dialogueact">
      <nite:child href="Bed010.A.words.xml#id(Bed010.w.7,909)..id(Bed010.w.7,914)"/>
   </segment>
   <segment nite:id="Bed010.segment.916" starttime="2239.33" endtime="2240.6" participant="mn036" timing-provenance="dialogueact">
      <nite:child href="Bed010.A.words.xml#id(Bed010.w.7,915)..id(Bed010.w.7,919)"/>
   </segment>
   <segment nite:id="Bed010.segment.918" starttime="2240.6" endtime="2241.69" participant="mn036" timing-provenance="dialogueact">
      <nite:child href="Bed010.A.words.xml#id(Bed010.w.7,922)..id(Bed010.w.7,929)"/>
   </segment>
   <segment nite:id="Bed010.segment.920" starttime="2242.08" endtime="2243.19" participant="mn036" timing-provenance="dialogueact">
      <nite:child href="Bed010.A.words.xml#id(Bed010.w.7,934)..id(Bed010.w.7,940)"/>
   </segment>
   <segment nite:id="Bed010.segment.987" starttime="2448.01" endtime="2483.819" participant="mn036" timing-provenance="segment">
      <nite:child href="Bed010.A.words.xml#id(Bed010.comment.48)"/>
   </segment>
   <segment nite:id="Bed010.segment.1,011" starttime="2529.71" endtime="2530.47" participant="mn036" timing-provenance="segment">
      <nite:child href="Bed010.A.words.xml#id(Bed010.nonvocalsound.33)"/>
   </segment>
   <segment nite:id="Bed010.segment.1,016" starttime="2537.042" endtime="2548.454" participant="mn036" timing-provenance="segment">
      <nite:child href="Bed010.A.words.xml#id(Bed010.comment.52)"/>
   </segment>
   <segment nite:id="Bed010.segment.1,056" starttime="2606.91" endtime="2608.71" participant="mn036" timing-provenance="segment">
      <nite:child href="Bed010.A.words.xml#id(Bed010.vocalsound.116)"/>
   </segment>
   <segment nite:id="Bed010.segment.1,070" starttime="2620.284" endtime="2621.417" participant="mn036" timing-provenance="segment">
      <nite:child href="Bed010.A.words.xml#id(Bed010.vocalsound.123)"/>
   </segment>
   <segment nite:id="Bed010.segment.1,072" starttime="2622.472" endtime="2624.701" participant="mn036" timing-provenance="segment">
      <nite:child href="Bed010.A.words.xml#id(Bed010.vocalsound.125)"/>
   </segment>
   <segment nite:id="Bed010.segment.1,085" starttime="2631.377" endtime="2634.36" participant="mn036" timing-provenance="segment">
      <nite:child href="Bed010.A.words.xml#id(Bed010.vocalsound.132)"/>
   </segment>
   <segment nite:id="Bed010.segment.1,091" starttime="2636.28" endtime="2636.58" participant="mn036" timing-provenance="dialogueact">
      <nite:child href="Bed010.A.words.xml#id(Bed010.w.9,091)..id(Bed010.w.9,092)"/>
   </segment>
   <segment nite:id="Bed010.segment.1,099" starttime="2650.298" endtime="2651.445" participant="mn036" timing-provenance="segment">
      <nite:child href="Bed010.A.words.xml#id(Bed010.vocalsound.139)"/>
   </segment>
   <segment nite:id="Bed010.segment.1,109" starttime="2664.21" endtime="2667.02" participant="mn036" timing-provenance="segment">
      <nite:child href="Bed010.A.words.xml#id(Bed010.vocalsound.144)"/>
   </segment>
   <segment nite:id="Bed010.segment.1,112" starttime="2667.03" endtime="2668.17" participant="mn036" timing-provenance="segment">
      <nite:child href="Bed010.A.words.xml#id(Bed010.w.9,210)..id(Bed010.w.9,216)"/>
   </segment>
   <segment nite:id="Bed010.segment.1,125" starttime="2683.88" endtime="2684.17" participant="mn036" timing-provenance="dialogueact">
      <nite:child href="Bed010.A.words.xml#id(Bed010.w.9,277)"/>
   </segment>
   <segment nite:id="Bed010.segment.1,133" starttime="2689.19" endtime="2695.49" participant="mn036" timing-provenance="segment">
      <nite:child href="Bed010.A.words.xml#id(Bed010.vocalsound.154)"/>
   </segment>
   <segment nite:id="Bed010.segment.1,156" starttime="2735.86" endtime="2736.93" participant="mn036" timing-provenance="segment">
      <nite:child href="Bed010.A.words.xml#id(Bed010.vocalsound.164)"/>
   </segment>
   <segment nite:id="Bed010.segment.1,159" starttime="2737.87" endtime="2739.3" participant="mn036" timing-provenance="segment">
      <nite:child href="Bed010.A.words.xml#id(Bed010.vocalsound.166)"/>
   </segment>
   <segment nite:id="Bed010.segment.1,220" starttime="2851.16" endtime="2851.85" participant="mn036" timing-provenance="segment">
      <nite:child href="Bed010.A.words.xml#id(Bed010.nonvocalsound.36)"/>
   </segment>
   <segment nite:id="Bed010.segment.1,221" starttime="2855.21" endtime="2855.42" participant="mn036" timing-provenance="dialogueact">
      <nite:child href="Bed010.A.words.xml#id(Bed010.w.9,833)..id(Bed010.w.9,834)"/>
   </segment>
   <segment nite:id="Bed010.segment.1,224" starttime="2858.85" endtime="2859.02" participant="mn036" timing-provenance="dialogueact">
      <nite:child href="Bed010.A.words.xml#id(Bed010.w.9,846)"/>
   </segment>
   <segment nite:id="Bed010.segment.1,240" starttime="2894.08" endtime="2897.75" participant="mn036" timing-provenance="dialogueact">
      <nite:child href="Bed010.A.words.xml#id(Bed010.w.9,925)..id(Bed010.w.9,940)"/>
   </segment>
   <segment nite:id="Bed010.segment.1,242" starttime="2899.35" endtime="2900.87" participant="mn036" timing-provenance="dialogueact">
      <nite:child href="Bed010.A.words.xml#id(Bed010.w.9,941)..id(Bed010.w.9,950)"/>
   </segment>
   <segment nite:id="Bed010.segment.1,243" starttime="2902.27" endtime="2903.19" participant="mn036" timing-provenance="dialogueact">
      <nite:child href="Bed010.A.words.xml#id(Bed010.w.9,951)..id(Bed010.w.9,956)"/>
   </segment>
   <segment nite:id="Bed010.segment.1,249" starttime="2915.23" endtime="2915.42" participant="mn036" timing-provenance="dialogueact">
      <nite:child href="Bed010.A.words.xml#id(Bed010.w.9,998)..id(Bed010.w.9,999)"/>
   </segment>
   <segment nite:id="Bed010.segment.1,250" starttime="2916.99" endtime="2918.26" participant="mn036" timing-provenance="dialogueact">
      <nite:child href="Bed010.A.words.xml#id(Bed010.w.10,000)..id(Bed010.w.10,004)"/>
   </segment>
   <segment nite:id="Bed010.segment.1,251" starttime="2918.97" endtime="2923.56" participant="mn036" timing-provenance="dialogueact">
      <nite:child href="Bed010.A.words.xml#id(Bed010.w.10,005)..id(Bed010.w.10,018)"/>
   </segment>
   <segment nite:id="Bed010.segment.1,253" starttime="2924.19" endtime="2928.07" participant="mn036" timing-provenance="dialogueact">
      <nite:child href="Bed010.A.words.xml#id(Bed010.w.10,023)..id(Bed010.w.10,038)"/>
   </segment>
   <segment nite:id="Bed010.segment.1,255" starttime="2929.26" endtime="2929.42" participant="mn036" timing-provenance="dialogueact">
      <nite:child href="Bed010.A.words.xml#id(Bed010.w.10,050)..id(Bed010.w.10,051)"/>
   </segment>
   <segment nite:id="Bed010.segment.1,257" starttime="2937.35" endtime="2937.63" participant="mn036" timing-provenance="dialogueact">
      <nite:child href="Bed010.A.words.xml#id(Bed010.w.10,072)..id(Bed010.w.10,073)"/>
   </segment>
   <segment nite:id="Bed010.segment.1,264" starttime="2950.65" endtime="2951.09" participant="mn036" timing-provenance="dialogueact">
      <nite:child href="Bed010.A.words.xml#id(Bed010.w.10,105)..id(Bed010.w.10,108)"/>
   </segment>
   <segment nite:id="Bed010.segment.1,270" starttime="2959.8" endtime="2960.43" participant="mn036" timing-provenance="dialogueact">
      <nite:child href="Bed010.A.words.xml#id(Bed010.w.10,161)..id(Bed010.w.10,162)"/>
   </segment>
   <segment nite:id="Bed010.segment.1,271" starttime="2961.84" endtime="2962.02" participant="mn036" timing-provenance="dialogueact">
      <nite:child href="Bed010.A.words.xml#id(Bed010.w.10,163)..id(Bed010.w.10,164)"/>
   </segment>
   <segment nite:id="Bed010.segment.1,272" starttime="2963.32" endtime="2964.22" participant="mn036" timing-provenance="dialogueact">
      <nite:child href="Bed010.A.words.xml#id(Bed010.w.10,165)..id(Bed010.w.10,172)"/>
   </segment>
   <segment nite:id="Bed010.segment.1,275" starttime="2964.5" endtime="2965.23" participant="mn036" timing-provenance="dialogueact">
      <nite:child href="Bed010.A.words.xml#id(Bed010.w.10,175)..id(Bed010.w.10,181)"/>
   </segment>
   <segment nite:id="Bed010.segment.1,281" starttime="2980.08" endtime="2980.96" participant="mn036" timing-provenance="dialogueact">
      <nite:child href="Bed010.A.words.xml#id(Bed010.w.10,241)..id(Bed010.w.10,244)"/>
   </segment>
   <segment nite:id="Bed010.segment.1,284" starttime="2985.52" endtime="2986.06" participant="mn036" timing-provenance="dialogueact">
      <nite:child href="Bed010.A.words.xml#id(Bed010.w.10,276)..id(Bed010.w.10,277)"/>
   </segment>
   <segment nite:id="Bed010.segment.1,285" starttime="2988.61" endtime="2988.85" participant="mn036" timing-provenance="dialogueact">
      <nite:child href="Bed010.A.words.xml#id(Bed010.w.10,278)..id(Bed010.w.10,279)"/>
   </segment>
   <segment nite:id="Bed010.segment.1,287" starttime="2991.14" endtime="2991.88" participant="mn036" timing-provenance="dialogueact">
      <nite:child href="Bed010.A.words.xml#id(Bed010.w.10,298)..id(Bed010.w.10,301)"/>
   </segment>
   <segment nite:id="Bed010.segment.1,292" starttime="3000.64" endtime="3000.83" participant="mn036" timing-provenance="dialogueact">
      <nite:child href="Bed010.A.words.xml#id(Bed010.w.10,328)..id(Bed010.w.10,329)"/>
   </segment>
   <segment nite:id="Bed010.segment.1,387" starttime="3175.27" endtime="3179.44" participant="mn036" timing-provenance="segment">
      <nite:child href="Bed010.A.words.xml#id(Bed010.vocalsound.219)"/>
   </segment>
</nite:root>