<?xml version="1.0" encoding="ISO-8859-1" standalone="yes"?>
<nite:root nite:id="Bed010.D.segs" xmlns:nite="http://nite.sourceforge.net/">
   <segment nite:id="Bed010.segment.2" starttime="0.51" endtime="1.83" participant="me003" timing-provenance="dialogueact">
      <nite:child href="Bed010.D.words.xml#id(Bed010.w.3)..id(Bed010.w.10)"/>
   </segment>
   <segment nite:id="Bed010.segment.36" starttime="81.468" endtime="84.71" participant="me003" timing-provenance="segment">
      <nite:child href="Bed010.D.words.xml#id(Bed010.w.214)..id(Bed010.vocalsound.9)"/>
   </segment>
   <segment nite:id="Bed010.segment.55" starttime="133.55" endtime="140.87" participant="me003" timing-provenance="dialogueact">
      <nite:child href="Bed010.D.words.xml#id(Bed010.w.397)..id(Bed010.w.433)"/>
   </segment>
   <segment nite:id="Bed010.segment.56" starttime="141.525" endtime="143.465" participant="me003" timing-provenance="dialogueact">
      <nite:child href="Bed010.D.words.xml#id(Bed010.w.434)..id(Bed010.w.438)"/>
   </segment>
   <segment nite:id="Bed010.segment.57" starttime="144.02" endtime="146.27" participant="me003" timing-provenance="dialogueact">
      <nite:child href="Bed010.D.words.xml#id(Bed010.w.439)..id(Bed010.w.446)"/>
   </segment>
   <segment nite:id="Bed010.segment.58" starttime="146.91" endtime="150.49" participant="me003" timing-provenance="dialogueact">
      <nite:child href="Bed010.D.words.xml#id(Bed010.w.447)..id(Bed010.w.463)"/>
   </segment>
   <segment nite:id="Bed010.segment.59" starttime="150.915" endtime="151.865" participant="me003" timing-provenance="dialogueact">
      <nite:child href="Bed010.D.words.xml#id(Bed010.w.464)..id(Bed010.w.467)"/>
   </segment>
   <segment nite:id="Bed010.segment.60" starttime="152.56" endtime="157.99" participant="me003" timing-provenance="dialogueact">
      <nite:child href="Bed010.D.words.xml#id(Bed010.w.468)..id(Bed010.w.480)"/>
   </segment>
   <segment nite:id="Bed010.segment.61" starttime="158.85" endtime="164.83" participant="me003" timing-provenance="dialogueact">
      <nite:child href="Bed010.D.words.xml#id(Bed010.w.481)..id(Bed010.w.507)"/>
   </segment>
   <segment nite:id="Bed010.segment.62" starttime="165.76" endtime="166.94" participant="me003" timing-provenance="dialogueact">
      <nite:child href="Bed010.D.words.xml#id(Bed010.w.508)..id(Bed010.w.512)"/>
   </segment>
   <segment nite:id="Bed010.segment.63" starttime="167.71" endtime="173.02" participant="me003" timing-provenance="dialogueact">
      <nite:child href="Bed010.D.words.xml#id(Bed010.w.513)..id(Bed010.w.539)"/>
   </segment>
   <segment nite:id="Bed010.segment.64" starttime="173.282" endtime="181.865" participant="me003" timing-provenance="segment">
      <nite:child href="Bed010.D.words.xml#id(Bed010.w.540)..id(Bed010.w.580)"/>
   </segment>
   <segment nite:id="Bed010.segment.67" starttime="182.271" endtime="184.201" participant="me003" timing-provenance="dialogueact">
      <nite:child href="Bed010.D.words.xml#id(Bed010.w.587)..id(Bed010.w.596)"/>
   </segment>
   <segment nite:id="Bed010.segment.68" starttime="185.04" endtime="186.59" participant="me003" timing-provenance="dialogueact">
      <nite:child href="Bed010.D.words.xml#id(Bed010.w.597)..id(Bed010.w.602)"/>
   </segment>
   <segment nite:id="Bed010.segment.74" starttime="198.68" endtime="202.98" participant="me003" timing-provenance="dialogueact">
      <nite:child href="Bed010.D.words.xml#id(Bed010.w.633)..id(Bed010.w.656)"/>
   </segment>
   <segment nite:id="Bed010.segment.77" starttime="203.713" endtime="211.723" participant="me003" timing-provenance="dialogueact">
      <nite:child href="Bed010.D.words.xml#id(Bed010.w.665)..id(Bed010.w.709)"/>
   </segment>
   <segment nite:id="Bed010.segment.78" starttime="212.252" endtime="213.322" participant="me003" timing-provenance="dialogueact">
      <nite:child href="Bed010.D.words.xml#id(Bed010.w.710)..id(Bed010.w.715)"/>
   </segment>
   <segment nite:id="Bed010.segment.79" starttime="214.02" endtime="217.2" participant="me003" timing-provenance="dialogueact">
      <nite:child href="Bed010.D.words.xml#id(Bed010.w.716)..id(Bed010.w.729)"/>
   </segment>
   <segment nite:id="Bed010.segment.81" starttime="217.75" endtime="220.27" participant="me003" timing-provenance="dialogueact">
      <nite:child href="Bed010.D.words.xml#id(Bed010.w.730)..id(Bed010.w.738)"/>
   </segment>
   <segment nite:id="Bed010.segment.82" starttime="220.86" endtime="221.37" participant="me003" timing-provenance="dialogueact">
      <nite:child href="Bed010.D.words.xml#id(Bed010.w.739)..id(Bed010.w.740)"/>
   </segment>
   <segment nite:id="Bed010.segment.83" starttime="222.28" endtime="223.46" participant="me003" timing-provenance="dialogueact">
      <nite:child href="Bed010.D.words.xml#id(Bed010.w.741)..id(Bed010.w.742)"/>
   </segment>
   <segment nite:id="Bed010.segment.84" starttime="224.29" endtime="225.37" participant="me003" timing-provenance="dialogueact">
      <nite:child href="Bed010.D.words.xml#id(Bed010.w.743)..id(Bed010.w.747)"/>
   </segment>
   <segment nite:id="Bed010.segment.85" starttime="225.94" endtime="226.83" participant="me003" timing-provenance="dialogueact">
      <nite:child href="Bed010.D.words.xml#id(Bed010.w.748)..id(Bed010.w.753)"/>
   </segment>
   <segment nite:id="Bed010.segment.86" starttime="227.55" endtime="229.04" participant="me003" timing-provenance="dialogueact">
      <nite:child href="Bed010.D.words.xml#id(Bed010.w.754)..id(Bed010.w.763)"/>
   </segment>
   <segment nite:id="Bed010.segment.87" starttime="229.94" endtime="232.04" participant="me003" timing-provenance="segment">
      <nite:child href="Bed010.D.words.xml#id(Bed010.w.764)..id(Bed010.w.772)"/>
   </segment>
   <segment nite:id="Bed010.segment.88" starttime="232.55" endtime="238.28" participant="me003" timing-provenance="dialogueact">
      <nite:child href="Bed010.D.words.xml#id(Bed010.w.773)..id(Bed010.w.799)"/>
   </segment>
   <segment nite:id="Bed010.segment.91" starttime="238.817" endtime="240.637" participant="me003" timing-provenance="dialogueact">
      <nite:child href="Bed010.D.words.xml#id(Bed010.w.809)..id(Bed010.w.818)"/>
   </segment>
   <segment nite:id="Bed010.segment.111" starttime="319.66" endtime="324.38" participant="me003" timing-provenance="dialogueact">
      <nite:child href="Bed010.D.words.xml#id(Bed010.w.1,094)..id(Bed010.w.1,114)"/>
   </segment>
   <segment nite:id="Bed010.segment.112" starttime="325.28" endtime="329.38" participant="me003" timing-provenance="dialogueact">
      <nite:child href="Bed010.D.words.xml#id(Bed010.w.1,115)..id(Bed010.w.1,132)"/>
   </segment>
   <segment nite:id="Bed010.segment.115" starttime="329.858" endtime="333.088" participant="me003" timing-provenance="dialogueact">
      <nite:child href="Bed010.D.words.xml#id(Bed010.w.1,144)..id(Bed010.w.1,170)"/>
   </segment>
   <segment nite:id="Bed010.segment.118" starttime="334.03" endtime="335.14" participant="me003" timing-provenance="dialogueact">
      <nite:child href="Bed010.D.words.xml#id(Bed010.w.1,175)..id(Bed010.w.1,182)"/>
   </segment>
   <segment nite:id="Bed010.segment.123" starttime="345.13" endtime="345.39" participant="me003" timing-provenance="dialogueact">
      <nite:child href="Bed010.D.words.xml#id(Bed010.w.1,227)..id(Bed010.w.1,228)"/>
   </segment>
   <segment nite:id="Bed010.segment.127" starttime="351.01" endtime="352.34" participant="me003" timing-provenance="dialogueact">
      <nite:child href="Bed010.D.words.xml#id(Bed010.w.1,245)..id(Bed010.w.1,247)"/>
   </segment>
   <segment nite:id="Bed010.segment.152" starttime="407.17" endtime="408.67" participant="me003" timing-provenance="segment">
      <nite:child href="Bed010.D.words.xml#id(Bed010.w.1,489)..id(Bed010.comment.4)"/>
   </segment>
   <segment nite:id="Bed010.segment.176" starttime="458.881" endtime="461.49" participant="me003" timing-provenance="segment">
      <nite:child href="Bed010.D.words.xml#id(Bed010.w.1,685)..id(Bed010.comment.6)"/>
   </segment>
   <segment nite:id="Bed010.segment.179" starttime="462.34" endtime="465.13" participant="me003" timing-provenance="segment">
      <nite:child href="Bed010.D.words.xml#id(Bed010.w.1,714)..id(Bed010.comment.7)"/>
   </segment>
   <segment nite:id="Bed010.segment.182" starttime="466.422" endtime="467.813" participant="me003" timing-provenance="segment">
      <nite:child href="Bed010.D.words.xml#id(Bed010.vocalsound.19)"/>
   </segment>
   <segment nite:id="Bed010.segment.244" starttime="615.12" endtime="616.36" participant="me003" timing-provenance="segment">
      <nite:child href="Bed010.D.words.xml#id(Bed010.vocalsound.25)"/>
   </segment>
   <segment nite:id="Bed010.segment.312" starttime="746.467" endtime="747.48" participant="me003" timing-provenance="segment">
      <nite:child href="Bed010.D.words.xml#id(Bed010.w.2,765)..id(Bed010.disfmarker.68)"/>
   </segment>
   <segment nite:id="Bed010.segment.315" starttime="751.91" endtime="754.54" participant="me003" timing-provenance="dialogueact">
      <nite:child href="Bed010.D.words.xml#id(Bed010.w.2,782)..id(Bed010.w.2,794)"/>
   </segment>
   <segment nite:id="Bed010.segment.317" starttime="755.23" endtime="755.75" participant="me003" timing-provenance="dialogueact">
      <nite:child href="Bed010.D.words.xml#id(Bed010.w.2,804)..id(Bed010.w.2,807)"/>
   </segment>
   <segment nite:id="Bed010.segment.374" starttime="916.46" endtime="1015.91" participant="me003" timing-provenance="segment">
      <nite:child href="Bed010.D.words.xml#id(Bed010.comment.18)"/>
   </segment>
   <segment nite:id="Bed010.segment.412" starttime="1141.49" endtime="1142.15" participant="me003" timing-provenance="segment">
      <nite:child href="Bed010.D.words.xml#id(Bed010.vocalsound.52)"/>
   </segment>
   <segment nite:id="Bed010.segment.444" starttime="1215.9" endtime="1216.81" participant="me003" timing-provenance="segment">
      <nite:child href="Bed010.D.words.xml#id(Bed010.w.3,950)..id(Bed010.disfmarker.106)"/>
   </segment>
   <segment nite:id="Bed010.segment.447" starttime="1221.16" endtime="1225.4" participant="me003" timing-provenance="dialogueact">
      <nite:child href="Bed010.D.words.xml#id(Bed010.w.3,961)..id(Bed010.w.3,981)"/>
   </segment>
   <segment nite:id="Bed010.segment.450" starttime="1226.07" endtime="1227.46" participant="me003" timing-provenance="dialogueact">
      <nite:child href="Bed010.D.words.xml#id(Bed010.w.3,986)..id(Bed010.w.3,991)"/>
   </segment>
   <segment nite:id="Bed010.segment.451" starttime="1227.65" endtime="1228.54" participant="me003" timing-provenance="dialogueact">
      <nite:child href="Bed010.D.words.xml#id(Bed010.w.3,992)..id(Bed010.w.3,993)"/>
   </segment>
   <segment nite:id="Bed010.segment.452" starttime="1228.82" endtime="1231.69" participant="me003" timing-provenance="dialogueact">
      <nite:child href="Bed010.D.words.xml#id(Bed010.w.3,994)..id(Bed010.w.4,005)"/>
   </segment>
   <segment nite:id="Bed010.segment.453" starttime="1232.16" endtime="1235.02" participant="me003" timing-provenance="dialogueact">
      <nite:child href="Bed010.D.words.xml#id(Bed010.w.4,006)..id(Bed010.w.4,021)"/>
   </segment>
   <segment nite:id="Bed010.segment.456" starttime="1235.49" endtime="1239.74" participant="me003" timing-provenance="dialogueact">
      <nite:child href="Bed010.D.words.xml#id(Bed010.w.4,028)..id(Bed010.w.4,046)"/>
   </segment>
   <segment nite:id="Bed010.segment.458" starttime="1240.43" endtime="1245.58" participant="me003" timing-provenance="dialogueact">
      <nite:child href="Bed010.D.words.xml#id(Bed010.w.4,049)..id(Bed010.w.4,056)"/>
   </segment>
   <segment nite:id="Bed010.segment.460" starttime="1246.09" endtime="1248.43" participant="me003" timing-provenance="dialogueact">
      <nite:child href="Bed010.D.words.xml#id(Bed010.w.4,057)..id(Bed010.w.4,068)"/>
   </segment>
   <segment nite:id="Bed010.segment.463" starttime="1252.94" endtime="1253.23" participant="me003" timing-provenance="dialogueact">
      <nite:child href="Bed010.D.words.xml#id(Bed010.w.4,112)..id(Bed010.w.4,113)"/>
   </segment>
   <segment nite:id="Bed010.segment.464" starttime="1257.44" endtime="1260.73" participant="me003" timing-provenance="segment">
      <nite:child href="Bed010.D.words.xml#id(Bed010.w.4,114)..id(Bed010.disfmarker.112)"/>
   </segment>
   <segment nite:id="Bed010.segment.469" starttime="1261.16" endtime="1261.65" participant="me003" timing-provenance="dialogueact">
      <nite:child href="Bed010.D.words.xml#id(Bed010.w.4,182)..id(Bed010.w.4,183)"/>
   </segment>
   <segment nite:id="Bed010.segment.481" starttime="1283.45" endtime="1284.14" participant="me003" timing-provenance="dialogueact">
      <nite:child href="Bed010.D.words.xml#id(Bed010.w.4,246)..id(Bed010.w.4,251)"/>
   </segment>
   <segment nite:id="Bed010.segment.490" starttime="1307.85" endtime="1308.1" participant="me003" timing-provenance="dialogueact">
      <nite:child href="Bed010.D.words.xml#id(Bed010.w.4,370)..id(Bed010.w.4,371)"/>
   </segment>
   <segment nite:id="Bed010.segment.496" starttime="1315.45" endtime="1315.99" participant="me003" timing-provenance="dialogueact">
      <nite:child href="Bed010.D.words.xml#id(Bed010.w.4,423)..id(Bed010.w.4,424)"/>
   </segment>
   <segment nite:id="Bed010.segment.612" starttime="1557.261" endtime="1622.003" participant="me003" timing-provenance="segment">
      <nite:child href="Bed010.D.words.xml#id(Bed010.comment.32)"/>
   </segment>
   <segment nite:id="Bed010.segment.791" starttime="1995.78" endtime="1996.55" participant="me003" timing-provenance="segment">
      <nite:child href="Bed010.D.words.xml#id(Bed010.vocalsound.83)"/>
   </segment>
   <segment nite:id="Bed010.segment.988" starttime="2448.011" endtime="2483.811" participant="me003" timing-provenance="segment">
      <nite:child href="Bed010.D.words.xml#id(Bed010.comment.49)"/>
   </segment>
   <segment nite:id="Bed010.segment.1,015" starttime="2537.039" endtime="2548.451" participant="me003" timing-provenance="segment">
      <nite:child href="Bed010.D.words.xml#id(Bed010.comment.51)"/>
   </segment>
   <segment nite:id="Bed010.segment.1,033" starttime="2568.44" endtime="2569.21" participant="me003" timing-provenance="segment">
      <nite:child href="Bed010.D.words.xml#id(Bed010.vocalsound.106)"/>
   </segment>
   <segment nite:id="Bed010.segment.1,058" starttime="2608.81" endtime="2609.15" participant="me003" timing-provenance="dialogueact">
      <nite:child href="Bed010.D.words.xml#id(Bed010.w.8,957)..id(Bed010.w.8,958)"/>
   </segment>
   <segment nite:id="Bed010.segment.1,062" starttime="2611.71" endtime="2612.7" participant="me003" timing-provenance="segment">
      <nite:child href="Bed010.D.words.xml#id(Bed010.vocalsound.119)"/>
   </segment>
   <segment nite:id="Bed010.segment.1,067" starttime="2618.94" endtime="2619.44" participant="me003" timing-provenance="dialogueact">
      <nite:child href="Bed010.D.words.xml#id(Bed010.w.8,999)..id(Bed010.w.9,001)"/>
   </segment>
   <segment nite:id="Bed010.segment.1,075" starttime="2623.0" endtime="2623.6" participant="me003" timing-provenance="dialogueact">
      <nite:child href="Bed010.D.words.xml#id(Bed010.w.9,023)..id(Bed010.w.9,025)"/>
   </segment>
   <segment nite:id="Bed010.segment.1,129" starttime="2685.83" endtime="2686.87" participant="me003" timing-provenance="segment">
      <nite:child href="Bed010.D.words.xml#id(Bed010.vocalsound.150)"/>
   </segment>
   <segment nite:id="Bed010.segment.1,164" starttime="2741.68" endtime="2742.95" participant="me003" timing-provenance="segment">
      <nite:child href="Bed010.D.words.xml#id(Bed010.vocalsound.169)"/>
   </segment>
   <segment nite:id="Bed010.segment.1,166" starttime="2743.22" endtime="2744.17" participant="me003" timing-provenance="segment">
      <nite:child href="Bed010.D.words.xml#id(Bed010.vocalsound.171)"/>
   </segment>
   <segment nite:id="Bed010.segment.1,324" starttime="3079.31" endtime="3085.05" participant="me003" timing-provenance="dialogueact">
      <nite:child href="Bed010.D.words.xml#id(Bed010.w.10,585)..id(Bed010.w.10,611)"/>
   </segment>
   <segment nite:id="Bed010.segment.1,326" starttime="3085.62" endtime="3088.32" participant="me003" timing-provenance="dialogueact">
      <nite:child href="Bed010.D.words.xml#id(Bed010.w.10,612)..id(Bed010.w.10,629)"/>
   </segment>
   <segment nite:id="Bed010.segment.1,327" starttime="3088.586" endtime="3091.0" participant="me003" timing-provenance="segment">
      <nite:child href="Bed010.D.words.xml#id(Bed010.w.10,630)..id(Bed010.vocalsound.193)"/>
   </segment>
   <segment nite:id="Bed010.segment.1,332" starttime="3091.16" endtime="3093.18" participant="me003" timing-provenance="dialogueact">
      <nite:child href="Bed010.D.words.xml#id(Bed010.w.10,655)..id(Bed010.w.10,662)"/>
   </segment>
   <segment nite:id="Bed010.segment.1,342" starttime="3100.98" endtime="3106.57" participant="me003" timing-provenance="segment">
      <nite:child href="Bed010.D.words.xml#id(Bed010.w.10,698)..id(Bed010.vocalsound.199)"/>
   </segment>
   <segment nite:id="Bed010.segment.1,373" starttime="3160.73" endtime="3161.49" participant="me003" timing-provenance="segment">
      <nite:child href="Bed010.D.words.xml#id(Bed010.w.10,932)..id(Bed010.comment.71)"/>
   </segment>
   <segment nite:id="Bed010.segment.1,376" starttime="3162.44" endtime="3164.46" participant="me003" timing-provenance="segment">
      <nite:child href="Bed010.D.words.xml#id(Bed010.vocalsound.212)"/>
   </segment>
   <segment nite:id="Bed010.segment.1,379" starttime="3166.77" endtime="3169.01" participant="me003" timing-provenance="segment">
      <nite:child href="Bed010.D.words.xml#id(Bed010.w.10,974)..id(Bed010.vocalsound.213)"/>
   </segment>
   <segment nite:id="Bed010.segment.1,382" starttime="3170.69" endtime="3172.81" participant="me003" timing-provenance="segment">
      <nite:child href="Bed010.D.words.xml#id(Bed010.w.10,993)..id(Bed010.comment.72)"/>
   </segment>
   <segment nite:id="Bed010.segment.1,388" starttime="3177.73" endtime="3179.44" participant="me003" timing-provenance="segment">
      <nite:child href="Bed010.D.words.xml#id(Bed010.w.11,031)..id(Bed010.comment.73)"/>
   </segment>
   <segment nite:id="Bed010.segment.1,389" starttime="3180.31" endtime="3181.37" participant="me003" timing-provenance="segment">
      <nite:child href="Bed010.D.words.xml#id(Bed010.vocalsound.220)"/>
   </segment>
</nite:root>