<?xml version="1.0" encoding="ISO-8859-1" standalone="yes"?>
<nite:root nite:id="Bed010.F.segs" xmlns:nite="http://nite.sourceforge.net/">
   <segment nite:id="Bed010.segment.199" starttime="516.75" endtime="517.8" participant="fe004" timing-provenance="segment">
      <nite:child href="Bed010.F.words.xml#id(Bed010.vocalsound.21)"/>
   </segment>
   <segment nite:id="Bed010.segment.241" starttime="609.86" endtime="610.58" participant="fe004" timing-provenance="segment">
      <nite:child href="Bed010.F.words.xml#id(Bed010.vocalsound.23)"/>
   </segment>
   <segment nite:id="Bed010.segment.265" starttime="645.65" endtime="646.34" participant="fe004" timing-provenance="segment">
      <nite:child href="Bed010.F.words.xml#id(Bed010.vocalsound.28)"/>
   </segment>
   <segment nite:id="Bed010.segment.273" starttime="659.34" endtime="660.18" participant="fe004" timing-provenance="segment">
      <nite:child href="Bed010.F.words.xml#id(Bed010.vocalsound.30)"/>
   </segment>
   <segment nite:id="Bed010.segment.277" starttime="670.85" endtime="671.64" participant="fe004" timing-provenance="segment">
      <nite:child href="Bed010.F.words.xml#id(Bed010.vocalsound.31)"/>
   </segment>
   <segment nite:id="Bed010.segment.278" starttime="671.86" endtime="672.62" participant="fe004" timing-provenance="segment">
      <nite:child href="Bed010.F.words.xml#id(Bed010.vocalsound.32)"/>
   </segment>
   <segment nite:id="Bed010.segment.287" starttime="686.62" endtime="687.019" participant="fe004" timing-provenance="segment">
      <nite:child href="Bed010.F.words.xml#id(Bed010.vocalsound.34)"/>
   </segment>
   <segment nite:id="Bed010.segment.289" starttime="688.12" endtime="689.14" participant="fe004" timing-provenance="segment">
      <nite:child href="Bed010.F.words.xml#id(Bed010.vocalsound.35)"/>
   </segment>
   <segment nite:id="Bed010.segment.291" starttime="692.08" endtime="692.42" participant="fe004" timing-provenance="segment">
      <nite:child href="Bed010.F.words.xml#id(Bed010.nonvocalsound.9)"/>
   </segment>
   <segment nite:id="Bed010.segment.300" starttime="717.0" endtime="717.78" participant="fe004" timing-provenance="segment">
      <nite:child href="Bed010.F.words.xml#id(Bed010.vocalsound.36)"/>
   </segment>
   <segment nite:id="Bed010.segment.314" starttime="748.34" endtime="749.11" participant="fe004" timing-provenance="segment">
      <nite:child href="Bed010.F.words.xml#id(Bed010.vocalsound.38)"/>
   </segment>
   <segment nite:id="Bed010.segment.324" starttime="769.29" endtime="770.01" participant="fe004" timing-provenance="segment">
      <nite:child href="Bed010.F.words.xml#id(Bed010.vocalsound.40)"/>
   </segment>
   <segment nite:id="Bed010.segment.336" starttime="808.48" endtime="809.24" participant="fe004" timing-provenance="segment">
      <nite:child href="Bed010.F.words.xml#id(Bed010.vocalsound.42)"/>
   </segment>
   <segment nite:id="Bed010.segment.350" starttime="859.76" endtime="861.0" participant="fe004" timing-provenance="segment">
      <nite:child href="Bed010.F.words.xml#id(Bed010.vocalsound.43)"/>
   </segment>
   <segment nite:id="Bed010.segment.355" starttime="872.59" endtime="873.46" participant="fe004" timing-provenance="segment">
      <nite:child href="Bed010.F.words.xml#id(Bed010.vocalsound.44)"/>
   </segment>
   <segment nite:id="Bed010.segment.358" starttime="882.81" endtime="883.54" participant="fe004" timing-provenance="segment">
      <nite:child href="Bed010.F.words.xml#id(Bed010.vocalsound.45)"/>
   </segment>
   <segment nite:id="Bed010.segment.360" starttime="884.27" endtime="884.94" participant="fe004" timing-provenance="segment">
      <nite:child href="Bed010.F.words.xml#id(Bed010.vocalsound.47)"/>
   </segment>
   <segment nite:id="Bed010.segment.376" starttime="916.46" endtime="1015.91" participant="fe004" timing-provenance="segment">
      <nite:child href="Bed010.F.words.xml#id(Bed010.comment.20)"/>
   </segment>
   <segment nite:id="Bed010.segment.394" starttime="1065.63" endtime="1066.38" participant="fe004" timing-provenance="segment">
      <nite:child href="Bed010.F.words.xml#id(Bed010.vocalsound.49)"/>
   </segment>
   <segment nite:id="Bed010.segment.404" starttime="1109.61" endtime="1110.4" participant="fe004" timing-provenance="segment">
      <nite:child href="Bed010.F.words.xml#id(Bed010.vocalsound.51)"/>
   </segment>
   <segment nite:id="Bed010.segment.421" starttime="1169.77" endtime="1170.54" participant="fe004" timing-provenance="segment">
      <nite:child href="Bed010.F.words.xml#id(Bed010.vocalsound.53)"/>
   </segment>
   <segment nite:id="Bed010.segment.433" starttime="1198.29" endtime="1198.75" participant="fe004" timing-provenance="segment">
      <nite:child href="Bed010.F.words.xml#id(Bed010.vocalsound.54)"/>
   </segment>
   <segment nite:id="Bed010.segment.473" starttime="1270.5" endtime="1271.27" participant="fe004" timing-provenance="segment">
      <nite:child href="Bed010.F.words.xml#id(Bed010.vocalsound.56)"/>
   </segment>
   <segment nite:id="Bed010.segment.476" starttime="1272.5" endtime="1275.05" participant="fe004" timing-provenance="segment">
      <nite:child href="Bed010.F.words.xml#id(Bed010.vocalsound.58)"/>
   </segment>
   <segment nite:id="Bed010.segment.482" starttime="1284.01" endtime="1285.21" participant="fe004" timing-provenance="segment">
      <nite:child href="Bed010.F.words.xml#id(Bed010.w.4,252)..id(Bed010.comment.25)"/>
   </segment>
   <segment nite:id="Bed010.segment.491" starttime="1307.88" endtime="1308.65" participant="fe004" timing-provenance="segment">
      <nite:child href="Bed010.F.words.xml#id(Bed010.vocalsound.59)"/>
   </segment>
   <segment nite:id="Bed010.segment.493" starttime="1308.73" endtime="1309.44" participant="fe004" timing-provenance="segment">
      <nite:child href="Bed010.F.words.xml#id(Bed010.vocalsound.60)"/>
   </segment>
   <segment nite:id="Bed010.segment.497" starttime="1316.66" endtime="1317.44" participant="fe004" timing-provenance="segment">
      <nite:child href="Bed010.F.words.xml#id(Bed010.vocalsound.61)"/>
   </segment>
   <segment nite:id="Bed010.segment.498" starttime="1317.52" endtime="1318.25" participant="fe004" timing-provenance="segment">
      <nite:child href="Bed010.F.words.xml#id(Bed010.vocalsound.62)"/>
   </segment>
   <segment nite:id="Bed010.segment.523" starttime="1374.12" endtime="1374.97" participant="fe004" timing-provenance="segment">
      <nite:child href="Bed010.F.words.xml#id(Bed010.vocalsound.64)"/>
   </segment>
   <segment nite:id="Bed010.segment.530" starttime="1387.36" endtime="1388.94" participant="fe004" timing-provenance="segment">
      <nite:child href="Bed010.F.words.xml#id(Bed010.vocalsound.65)"/>
   </segment>
   <segment nite:id="Bed010.segment.536" starttime="1395.53" endtime="1396.39" participant="fe004" timing-provenance="segment">
      <nite:child href="Bed010.F.words.xml#id(Bed010.vocalsound.66)"/>
   </segment>
   <segment nite:id="Bed010.segment.540" starttime="1405.54" endtime="1406.55" participant="fe004" timing-provenance="segment">
      <nite:child href="Bed010.F.words.xml#id(Bed010.vocalsound.67)"/>
   </segment>
   <segment nite:id="Bed010.segment.545" starttime="1412.63" endtime="1413.98" participant="fe004" timing-provenance="segment">
      <nite:child href="Bed010.F.words.xml#id(Bed010.vocalsound.68)"/>
   </segment>
   <segment nite:id="Bed010.segment.610" starttime="1557.256" endtime="1621.993" participant="fe004" timing-provenance="segment">
      <nite:child href="Bed010.F.words.xml#id(Bed010.comment.30)"/>
   </segment>
   <segment nite:id="Bed010.segment.684" starttime="1806.21" endtime="1807.45" participant="fe004" timing-provenance="segment">
      <nite:child href="Bed010.F.words.xml#id(Bed010.vocalsound.77)"/>
   </segment>
   <segment nite:id="Bed010.segment.765" starttime="1961.01" endtime="1962.18" participant="fe004" timing-provenance="segment">
      <nite:child href="Bed010.F.words.xml#id(Bed010.w.6,689)..id(Bed010.disfmarker.220)"/>
   </segment>
   <segment nite:id="Bed010.segment.770" starttime="1965.21" endtime="1966.2" participant="fe004" timing-provenance="segment">
      <nite:child href="Bed010.F.words.xml#id(Bed010.vocalsound.82)"/>
   </segment>
   <segment nite:id="Bed010.segment.798" starttime="2008.7" endtime="2010.65" participant="fe004" timing-provenance="dialogueact">
      <nite:child href="Bed010.F.words.xml#id(Bed010.w.6,909)..id(Bed010.w.6,917)"/>
   </segment>
   <segment nite:id="Bed010.segment.800" starttime="2012.15" endtime="2013.83" participant="fe004" timing-provenance="dialogueact">
      <nite:child href="Bed010.F.words.xml#id(Bed010.w.6,930)..id(Bed010.w.6,938)"/>
   </segment>
   <segment nite:id="Bed010.segment.860" starttime="2143.75" endtime="2144.88" participant="fe004" timing-provenance="dialogueact">
      <nite:child href="Bed010.F.words.xml#id(Bed010.w.7,494)..id(Bed010.w.7,500)"/>
   </segment>
   <segment nite:id="Bed010.segment.863" starttime="2146.13" endtime="2148.34" participant="fe004" timing-provenance="segment">
      <nite:child href="Bed010.F.words.xml#id(Bed010.w.7,517)..id(Bed010.vocalsound.85)"/>
   </segment>
   <segment nite:id="Bed010.segment.866" starttime="2148.9" endtime="2151.37" participant="fe004" timing-provenance="segment">
      <nite:child href="Bed010.F.words.xml#id(Bed010.vocalsound.87)"/>
   </segment>
   <segment nite:id="Bed010.segment.894" starttime="2204.04" endtime="2205.4" participant="fe004" timing-provenance="dialogueact">
      <nite:child href="Bed010.F.words.xml#id(Bed010.w.7,777)..id(Bed010.w.7,783)"/>
   </segment>
   <segment nite:id="Bed010.segment.899" starttime="2212.69" endtime="2213.72" participant="fe004" timing-provenance="segment">
      <nite:child href="Bed010.F.words.xml#id(Bed010.nonvocalsound.30)"/>
   </segment>
   <segment nite:id="Bed010.segment.911" starttime="2234.74" endtime="2236.43" participant="fe004" timing-provenance="segment">
      <nite:child href="Bed010.F.words.xml#id(Bed010.vocalsound.92)"/>
   </segment>
   <segment nite:id="Bed010.segment.937" starttime="2290.21" endtime="2292.8" participant="fe004" timing-provenance="segment">
      <nite:child href="Bed010.F.words.xml#id(Bed010.vocalsound.94)"/>
   </segment>
   <segment nite:id="Bed010.segment.962" starttime="2391.92" endtime="2392.88" participant="fe004" timing-provenance="segment">
      <nite:child href="Bed010.F.words.xml#id(Bed010.vocalsound.97)"/>
   </segment>
   <segment nite:id="Bed010.segment.966" starttime="2404.73" endtime="2405.78" participant="fe004" timing-provenance="segment">
      <nite:child href="Bed010.F.words.xml#id(Bed010.vocalsound.98)"/>
   </segment>
   <segment nite:id="Bed010.segment.967" starttime="2406.04" endtime="2406.77" participant="fe004" timing-provenance="segment">
      <nite:child href="Bed010.F.words.xml#id(Bed010.vocalsound.99)"/>
   </segment>
   <segment nite:id="Bed010.segment.984" starttime="2448.006" endtime="2483.818" participant="fe004" timing-provenance="segment">
      <nite:child href="Bed010.F.words.xml#id(Bed010.comment.45)"/>
   </segment>
   <segment nite:id="Bed010.segment.1,022" starttime="2537.051" endtime="2548.463" participant="fe004" timing-provenance="segment">
      <nite:child href="Bed010.F.words.xml#id(Bed010.comment.58)"/>
   </segment>
   <segment nite:id="Bed010.segment.1,024" starttime="2550.59" endtime="2551.28" participant="fe004" timing-provenance="segment">
      <nite:child href="Bed010.F.words.xml#id(Bed010.vocalsound.103)"/>
   </segment>
   <segment nite:id="Bed010.segment.1,028" starttime="2559.56" endtime="2562.56" participant="fe004" timing-provenance="segment">
      <nite:child href="Bed010.F.words.xml#id(Bed010.vocalsound.105)"/>
   </segment>
   <segment nite:id="Bed010.segment.1,051" starttime="2605.75" endtime="2608.77" participant="fe004" timing-provenance="segment">
      <nite:child href="Bed010.F.words.xml#id(Bed010.vocalsound.112)"/>
   </segment>
   <segment nite:id="Bed010.segment.1,059" starttime="2609.17" endtime="2612.58" participant="fe004" timing-provenance="segment">
      <nite:child href="Bed010.F.words.xml#id(Bed010.vocalsound.117)"/>
   </segment>
   <segment nite:id="Bed010.segment.1,065" starttime="2617.05" endtime="2618.63" participant="fe004" timing-provenance="dialogueact">
      <nite:child href="Bed010.F.words.xml#id(Bed010.w.8,991)..id(Bed010.w.8,998)"/>
   </segment>
   <segment nite:id="Bed010.segment.1,068" starttime="2619.247" endtime="2621.93" participant="fe004" timing-provenance="segment">
      <nite:child href="Bed010.F.words.xml#id(Bed010.w.9,002)..id(Bed010.vocalsound.121)"/>
   </segment>
   <segment nite:id="Bed010.segment.1,071" starttime="2622.41" endtime="2626.81" participant="fe004" timing-provenance="segment">
      <nite:child href="Bed010.F.words.xml#id(Bed010.vocalsound.124)"/>
   </segment>
   <segment nite:id="Bed010.segment.1,086" starttime="2632.1" endtime="2635.124" participant="fe004" timing-provenance="segment">
      <nite:child href="Bed010.F.words.xml#id(Bed010.w.9,057)..id(Bed010.vocalsound.133)"/>
   </segment>
   <segment nite:id="Bed010.segment.1,090" starttime="2635.16" endtime="2639.57" participant="fe004" timing-provenance="dialogueact">
      <nite:child href="Bed010.F.words.xml#id(Bed010.w.9,066)..id(Bed010.w.9,090)"/>
   </segment>
   <segment nite:id="Bed010.segment.1,096" starttime="2647.1" endtime="2651.2" participant="fe004" timing-provenance="segment">
      <nite:child href="Bed010.F.words.xml#id(Bed010.w.9,128)..id(Bed010.vocalsound.137)"/>
   </segment>
   <segment nite:id="Bed010.segment.1,101" starttime="2651.39" endtime="2652.71" participant="fe004" timing-provenance="segment">
      <nite:child href="Bed010.F.words.xml#id(Bed010.vocalsound.141)"/>
   </segment>
   <segment nite:id="Bed010.segment.1,103" starttime="2655.71" endtime="2656.32" participant="fe004" timing-provenance="dialogueact">
      <nite:child href="Bed010.F.words.xml#id(Bed010.w.9,177)..id(Bed010.w.9,178)"/>
   </segment>
   <segment nite:id="Bed010.segment.1,110" starttime="2664.4" endtime="2665.24" participant="fe004" timing-provenance="segment">
      <nite:child href="Bed010.F.words.xml#id(Bed010.vocalsound.145)"/>
   </segment>
   <segment nite:id="Bed010.segment.1,123" starttime="2682.49" endtime="2686.48" participant="fe004" timing-provenance="segment">
      <nite:child href="Bed010.F.words.xml#id(Bed010.vocalsound.148)"/>
   </segment>
   <segment nite:id="Bed010.segment.1,136" starttime="2692.51" endtime="2694.58" participant="fe004" timing-provenance="segment">
      <nite:child href="Bed010.F.words.xml#id(Bed010.vocalsound.157)..id(Bed010.vocalsound.158)"/>
   </segment>
   <segment nite:id="Bed010.segment.1,138" starttime="2695.07" endtime="2696.72" participant="fe004" timing-provenance="segment">
      <nite:child href="Bed010.F.words.xml#id(Bed010.vocalsound.160)"/>
   </segment>
   <segment nite:id="Bed010.segment.1,151" starttime="2732.76" endtime="2733.54" participant="fe004" timing-provenance="segment">
      <nite:child href="Bed010.F.words.xml#id(Bed010.vocalsound.162)"/>
   </segment>
   <segment nite:id="Bed010.segment.1,154" starttime="2735.66" endtime="2737.62" participant="fe004" timing-provenance="segment">
      <nite:child href="Bed010.F.words.xml#id(Bed010.vocalsound.163)"/>
   </segment>
   <segment nite:id="Bed010.segment.1,158" starttime="2738.18" endtime="2739.78" participant="fe004" timing-provenance="dialogueact">
      <nite:child href="Bed010.F.words.xml#id(Bed010.w.9,441)..id(Bed010.w.9,451)"/>
   </segment>
   <segment nite:id="Bed010.segment.1,161" starttime="2740.46" endtime="2744.22" participant="fe004" timing-provenance="segment">
      <nite:child href="Bed010.F.words.xml#id(Bed010.w.9,452)..id(Bed010.comment.65)"/>
   </segment>
   <segment nite:id="Bed010.segment.1,177" starttime="2761.91" endtime="2763.43" participant="fe004" timing-provenance="segment">
      <nite:child href="Bed010.F.words.xml#id(Bed010.vocalsound.174)"/>
   </segment>
   <segment nite:id="Bed010.segment.1,184" starttime="2773.7" endtime="2774.61" participant="fe004" timing-provenance="dialogueact">
      <nite:child href="Bed010.F.words.xml#id(Bed010.w.9,579)..id(Bed010.w.9,583)"/>
   </segment>
   <segment nite:id="Bed010.segment.1,186" starttime="2776.63" endtime="2779.37" participant="fe004" timing-provenance="dialogueact">
      <nite:child href="Bed010.F.words.xml#id(Bed010.w.9,589)..id(Bed010.w.9,605)"/>
   </segment>
   <segment nite:id="Bed010.segment.1,200" starttime="2805.06" endtime="2805.31" participant="fe004" timing-provenance="segment">
      <nite:child href="Bed010.F.words.xml#id(Bed010.vocalsound.180)"/>
   </segment>
   <segment nite:id="Bed010.segment.1,204" starttime="2812.26" endtime="2813.23" participant="fe004" timing-provenance="segment">
      <nite:child href="Bed010.F.words.xml#id(Bed010.vocalsound.181)"/>
   </segment>
   <segment nite:id="Bed010.segment.1,219" starttime="2850.99" endtime="2852.4" participant="fe004" timing-provenance="segment">
      <nite:child href="Bed010.F.words.xml#id(Bed010.nonvocalsound.35)"/>
   </segment>
   <segment nite:id="Bed010.segment.1,273" starttime="2964.35" endtime="2968.96" participant="fe004" timing-provenance="segment">
      <nite:child href="Bed010.F.words.xml#id(Bed010.vocalsound.186)"/>
   </segment>
   <segment nite:id="Bed010.segment.1,328" starttime="3089.45" endtime="3090.4" participant="fe004" timing-provenance="segment">
      <nite:child href="Bed010.F.words.xml#id(Bed010.vocalsound.194)"/>
   </segment>
   <segment nite:id="Bed010.segment.1,348" starttime="3106.59" endtime="3108.41" participant="fe004" timing-provenance="segment">
      <nite:child href="Bed010.F.words.xml#id(Bed010.vocalsound.203)..id(Bed010.vocalsound.204)"/>
   </segment>
</nite:root>