<?xml version="1.0" encoding="ISO-8859-1" standalone="yes"?>
<nite:root nite:id="ES2007a.B.words" xmlns:nite="http://nite.sourceforge.net/">
   <w nite:id="ES2007a.B.words0" starttime="36.25" endtime="36.41">So</w>
   <w nite:id="ES2007a.B.words1" starttime="36.41" endtime="36.5">we&#39;re</w>
   <w nite:id="ES2007a.B.words2" starttime="36.5" endtime="36.84">&#39;kay</w>
   <w nite:id="ES2007a.B.words3" starttime="36.84" endtime="36.84" punc="true">?</w>
   <w nite:id="ES2007a.B.words4" starttime="36.84" endtime="37.01">On</w>
   <w nite:id="ES2007a.B.words5" starttime="37.01" endtime="38.53">the</w>
   <gap nite:id="ES2007a.B.words6" starttime="38.53" endtime="38.53"/>
   <w nite:id="ES2007a.B.words7" starttime="38.53" endtime="38.92">or</w>
   <disfmarker nite:id="ES2007a.B.words8" starttime="38.92" endtime="39.34"/>
   <w nite:id="ES2007a.B.words9" starttime="40.1" endtime="40.55">No</w>
   <w nite:id="ES2007a.B.words10" starttime="40.55" endtime="40.55" punc="true">.</w>
   <w nite:id="ES2007a.B.words11" starttime="40.55" endtime="40.66">I</w>
   <w nite:id="ES2007a.B.words12" starttime="40.66" endtime="40.92">dunno</w>
   <w nite:id="ES2007a.B.words13" starttime="40.92" endtime="41.06">where</w>
   <w nite:id="ES2007a.B.words14" starttime="41.06" endtime="41.17">to</w>
   <w nite:id="ES2007a.B.words15" starttime="41.17" endtime="41.29">put</w>
   <w nite:id="ES2007a.B.words16" starttime="41.29" endtime="41.44">it</w>
   <w nite:id="ES2007a.B.words17" starttime="41.44" endtime="41.62">&#39;cause</w>
   <w nite:id="ES2007a.B.words18" starttime="41.62" endtime="41.93">the</w>
   <disfmarker nite:id="ES2007a.B.words19" starttime="41.93" endtime="42.126"/>
   <w nite:id="ES2007a.B.words20" starttime="43.91" endtime="44.64">Okay</w>
   <w nite:id="ES2007a.B.words21" starttime="44.64" endtime="44.64" punc="true">.</w>
   <w nite:id="ES2007a.B.words22" starttime="44.64" endtime="44.79">Could</w>
   <w nite:id="ES2007a.B.words23" starttime="44.79" endtime="44.9">you</w>
   <w nite:id="ES2007a.B.words24" starttime="44.9" endtime="45.7" trunc="true">s</w>
   <w nite:id="ES2007a.B.words25" starttime="45.7" endtime="45.92">take</w>
   <w nite:id="ES2007a.B.words26" starttime="45.92" endtime="46.01">it</w>
   <w nite:id="ES2007a.B.words27" starttime="46.01" endtime="46.74">off</w>
   <w nite:id="ES2007a.B.words28" starttime="46.74" endtime="46.74" punc="true">?</w>
   <gap nite:id="ES2007a.B.words29" starttime="46.74" endtime="46.74"/>
   <w nite:id="ES2007a.B.words30" starttime="46.74" endtime="46.74" punc="true">.</w>
   <w nite:id="ES2007a.B.words31" starttime="64.59" endtime="64.99">Okay</w>
   <w nite:id="ES2007a.B.words32" starttime="64.99" endtime="64.99" punc="true">.</w>
   <vocalsound nite:id="ES2007a.B.words33" starttime="107.096" endtime="107.925" type="other"/>
   <w nite:id="ES2007a.B.words34" starttime="112.84" endtime="112.99">Are</w>
   <w nite:id="ES2007a.B.words35" starttime="112.99" endtime="113.12">we</w>
   <w nite:id="ES2007a.B.words36" starttime="113.12" endtime="113.46">free</w>
   <w nite:id="ES2007a.B.words37" starttime="113.46" endtime="113.62">to</w>
   <w nite:id="ES2007a.B.words38" starttime="113.62" endtime="113.92">take</w>
   <w nite:id="ES2007a.B.words39" starttime="113.92" endtime="114.7">notes</w>
   <w nite:id="ES2007a.B.words40" starttime="114.7" endtime="115.24">uh</w>
   <disfmarker nite:id="ES2007a.B.words41" starttime="115.24" endtime="115.594"/>
   <w nite:id="ES2007a.B.words42" starttime="117.22" endtime="117.52">Okay</w>
   <w nite:id="ES2007a.B.words43" starttime="117.52" endtime="117.52" punc="true">.</w>
   <w nite:id="ES2007a.B.words44" starttime="230.52" endtime="231.02">Okay</w>
   <w nite:id="ES2007a.B.words45" starttime="231.02" endtime="231.02" punc="true">.</w>
   <w nite:id="ES2007a.B.words46" starttime="232.11" endtime="232.29">So</w>
   <w nite:id="ES2007a.B.words47" starttime="232.29" endtime="232.35">are</w>
   <w nite:id="ES2007a.B.words48" starttime="232.35" endtime="232.46">we</w>
   <w nite:id="ES2007a.B.words49" starttime="232.46" endtime="232.91">supposed</w>
   <w nite:id="ES2007a.B.words50" starttime="232.91" endtime="233.05">to</w>
   <w nite:id="ES2007a.B.words51" starttime="233.05" endtime="233.38">bring</w>
   <w nite:id="ES2007a.B.words52" starttime="233.38" endtime="233.5">the</w>
   <w nite:id="ES2007a.B.words53" starttime="233.5" endtime="234.44">little</w>
   <w nite:id="ES2007a.B.words54" starttime="234.44" endtime="234.83">things</w>
   <w nite:id="ES2007a.B.words55" starttime="234.83" endtime="235.04">for</w>
   <w nite:id="ES2007a.B.words56" starttime="235.04" endtime="235.37">the</w>
   <disfmarker nite:id="ES2007a.B.words57" starttime="235.37" endtime="235.488"/>
   <w nite:id="ES2007a.B.words58" starttime="240.09" endtime="240.36">Mm</w>
   <w nite:id="ES2007a.B.words59" starttime="240.36" endtime="240.36" punc="true">.</w>
   <w nite:id="ES2007a.B.words60" starttime="241.74" endtime="245.63">Yeah</w>
   <w nite:id="ES2007a.B.words61" starttime="245.63" endtime="245.63" punc="true">.</w>
   <vocalsound nite:id="ES2007a.B.words62" starttime="245.63" endtime="245.63" type="laugh"/>
   <gap nite:id="ES2007a.B.words63" starttime="245.63" endtime="245.63"/>
   <w nite:id="ES2007a.B.words64" starttime="245.63" endtime="246.75">okay</w>
   <w nite:id="ES2007a.B.words65" starttime="246.75" endtime="246.75" punc="true">.</w>
   <w nite:id="ES2007a.B.words66" starttime="246.75" endtime="246.92">So</w>
   <w nite:id="ES2007a.B.words67" starttime="246.92" endtime="247.06">my</w>
   <w nite:id="ES2007a.B.words68" starttime="247.06" endtime="247.41">favourite</w>
   <w nite:id="ES2007a.B.words69" starttime="247.41" endtime="248.2">animal</w>
   <disfmarker nite:id="ES2007a.B.words70" starttime="248.2" endtime="248.24"/>
   <w nite:id="ES2007a.B.words71" starttime="252.92" endtime="253.39">&#39;Kay</w>
   <w nite:id="ES2007a.B.words72" starttime="253.39" endtime="253.93">um</w>
   <disfmarker nite:id="ES2007a.B.words73" starttime="253.93" endtime="254.219"/>
   <w nite:id="ES2007a.B.words74" starttime="280.43" endtime="282.34">Um</w>
   <vocalsound nite:id="ES2007a.B.words75" starttime="282.34" endtime="282.34" type="other"/>
   <w nite:id="ES2007a.B.words76" starttime="282.34" endtime="282.93">okay</w>
   <w nite:id="ES2007a.B.words77" starttime="282.93" endtime="282.93" punc="true">,</w>
   <w nite:id="ES2007a.B.words78" starttime="282.93" endtime="283.4">it&#39;s</w>
   <w nite:id="ES2007a.B.words79" starttime="283.4" endtime="284.77">big</w>
   <w nite:id="ES2007a.B.words80" starttime="284.77" endtime="284.77" punc="true">,</w>
   <w nite:id="ES2007a.B.words81" starttime="284.77" endtime="284.93">it&#39;s</w>
   <w nite:id="ES2007a.B.words82" starttime="284.93" endtime="285.17">got</w>
   <w nite:id="ES2007a.B.words83" starttime="285.17" endtime="285.24">a</w>
   <w nite:id="ES2007a.B.words84" starttime="285.24" endtime="285.61">great</w>
   <w nite:id="ES2007a.B.words85" starttime="285.61" endtime="286.3">memory</w>
   <w nite:id="ES2007a.B.words86" starttime="286.3" endtime="286.3" punc="true">.</w>
   <w nite:id="ES2007a.B.words87" starttime="289.7" endtime="290.09">Supposed</w>
   <w nite:id="ES2007a.B.words88" starttime="290.09" endtime="290.24">to</w>
   <w nite:id="ES2007a.B.words89" starttime="290.24" endtime="290.4">have</w>
   <w nite:id="ES2007a.B.words90" starttime="290.4" endtime="290.46">a</w>
   <w nite:id="ES2007a.B.words91" starttime="290.46" endtime="290.72">great</w>
   <w nite:id="ES2007a.B.words92" starttime="290.72" endtime="291.51">memory</w>
   <w nite:id="ES2007a.B.words93" starttime="291.51" endtime="291.51" punc="true">,</w>
   <w nite:id="ES2007a.B.words94" starttime="291.51" endtime="291.59">we</w>
   <w nite:id="ES2007a.B.words95" starttime="291.59" endtime="291.75">say</w>
   <w nite:id="ES2007a.B.words96" starttime="291.75" endtime="291.87">an</w>
   <w nite:id="ES2007a.B.words97" starttime="291.87" endtime="292.22">elephant</w>
   <w nite:id="ES2007a.B.words98" starttime="292.22" endtime="292.46">never</w>
   <w nite:id="ES2007a.B.words99" starttime="292.46" endtime="294.62">forgets</w>
   <w nite:id="ES2007a.B.words100" starttime="294.62" endtime="294.62" punc="true">.</w>
   <w nite:id="ES2007a.B.words101" starttime="294.62" endtime="295.03">And</w>
   <w nite:id="ES2007a.B.words102" starttime="295.03" endtime="295.32">uh</w>
   <w nite:id="ES2007a.B.words103" starttime="295.32" endtime="295.5">dunno</w>
   <w nite:id="ES2007a.B.words104" starttime="295.5" endtime="295.62">know</w>
   <w nite:id="ES2007a.B.words105" starttime="295.62" endtime="295.92">why</w>
   <w nite:id="ES2007a.B.words106" starttime="295.92" endtime="296.49">but</w>
   <vocalsound nite:id="ES2007a.B.words107" starttime="296.49" endtime="296.49" type="other"/>
   <w nite:id="ES2007a.B.words108" starttime="296.49" endtime="296.86">looks</w>
   <w nite:id="ES2007a.B.words109" starttime="296.86" endtime="297.97">like</w>
   <w nite:id="ES2007a.B.words110" starttime="297.97" endtime="299.24">nice</w>
   <w nite:id="ES2007a.B.words111" starttime="299.24" endtime="299.42">to</w>
   <w nite:id="ES2007a.B.words112" starttime="299.42" endtime="300.26">me</w>
   <w nite:id="ES2007a.B.words113" starttime="300.26" endtime="300.26" punc="true">.</w>
   <w nite:id="ES2007a.B.words114" starttime="300.26" endtime="300.61">Nice</w>
   <w nite:id="ES2007a.B.words115" starttime="300.61" endtime="300.97">animal</w>
   <w nite:id="ES2007a.B.words116" starttime="300.97" endtime="300.97" punc="true">.</w>
   <w nite:id="ES2007a.B.words117" starttime="304.96" endtime="305.33">Okay</w>
   <w nite:id="ES2007a.B.words118" starttime="305.33" endtime="305.33" punc="true">.</w>
   <vocalsound nite:id="ES2007a.B.words119" starttime="347.504" endtime="348.624" type="laugh"/>
   <w nite:id="ES2007a.B.words120" starttime="350.61" endtime="351.06">No</w>
   <w nite:id="ES2007a.B.words121" starttime="351.06" endtime="351.06" punc="true">.</w>
   <vocalsound nite:id="ES2007a.B.words122" starttime="456.864" endtime="458.012" type="laugh"/>
   <vocalsound nite:id="ES2007a.B.words123" starttime="510.112" endtime="510.112" type="laugh"/>
   <w nite:id="ES2007a.B.words124" starttime="511.56" endtime="512.32">Really</w>
   <w nite:id="ES2007a.B.words125" starttime="512.32" endtime="512.32" punc="true">?</w>
   <w nite:id="ES2007a.B.words126" starttime="512.32" endtime="513.23">Oh</w>
   <w nite:id="ES2007a.B.words127" starttime="513.23" endtime="513.52">that&#39;s</w>
   <w nite:id="ES2007a.B.words128" starttime="513.52" endtime="513.61">a</w>
   <disfmarker nite:id="ES2007a.B.words129" starttime="513.61" endtime="513.68"/>
   <vocalsound nite:id="ES2007a.B.words130" starttime="517.696" endtime="518.515" type="laugh"/>
   <w nite:id="ES2007a.B.words131" starttime="531.4" endtime="531.69">Not</w>
   <w nite:id="ES2007a.B.words132" starttime="531.69" endtime="531.98">bad</w>
   <w nite:id="ES2007a.B.words133" starttime="531.98" endtime="532.02">I</w>
   <w nite:id="ES2007a.B.words134" starttime="532.02" endtime="532.18">would</w>
   <w nite:id="ES2007a.B.words135" starttime="532.18" endtime="532.43">say</w>
   <w nite:id="ES2007a.B.words136" starttime="532.43" endtime="532.43" punc="true">.</w>
   <w nite:id="ES2007a.B.words137" starttime="551.24" endtime="551.51">Very</w>
   <w nite:id="ES2007a.B.words138" starttime="551.51" endtime="551.7">good</w>
   <w nite:id="ES2007a.B.words139" starttime="551.7" endtime="551.7" punc="true">.</w>
   <w nite:id="ES2007a.B.words140" starttime="653.82" endtime="654.07">Mm</w>
   <w nite:id="ES2007a.B.words141" starttime="654.07" endtime="654.07" punc="true">.</w>
   <vocalsound nite:id="ES2007a.B.words142" starttime="678.577" endtime="678.577" type="other"/>
   <w nite:id="ES2007a.B.words143" starttime="679.37" endtime="680.01">Yeah</w>
   <w nite:id="ES2007a.B.words144" starttime="680.01" endtime="680.01" punc="true">.</w>
   <w nite:id="ES2007a.B.words145" starttime="683.49" endtime="683.6">Is</w>
   <w nite:id="ES2007a.B.words146" starttime="683.6" endtime="683.78">this</w>
   <w nite:id="ES2007a.B.words147" starttime="683.78" endtime="684.12">a</w>
   <w nite:id="ES2007a.B.words148" starttime="684.12" endtime="684.52">T_V_</w>
   <w nite:id="ES2007a.B.words149" starttime="684.52" endtime="684.76">one</w>
   <w nite:id="ES2007a.B.words150" starttime="684.76" endtime="684.85">we</w>
   <w nite:id="ES2007a.B.words151" starttime="684.85" endtime="684.89">are</w>
   <w nite:id="ES2007a.B.words152" starttime="684.89" endtime="685.25">supposed</w>
   <w nite:id="ES2007a.B.words153" starttime="685.25" endtime="685.32">to</w>
   <w nite:id="ES2007a.B.words154" starttime="685.32" endtime="685.56">make</w>
   <w nite:id="ES2007a.B.words155" starttime="685.56" endtime="685.56" punc="true">?</w>
   <w nite:id="ES2007a.B.words156" starttime="688.4" endtime="688.76">Okay</w>
   <w nite:id="ES2007a.B.words157" starttime="688.76" endtime="688.76" punc="true">.</w>
   <w nite:id="ES2007a.B.words158" starttime="692.89" endtime="693.0" trunc="true">T</w>
   <w nite:id="ES2007a.B.words159" starttime="756.85" endtime="756.99">But</w>
   <w nite:id="ES2007a.B.words160" starttime="756.99" endtime="757.14">how</w>
   <w nite:id="ES2007a.B.words161" starttime="757.14" endtime="757.3">do</w>
   <w nite:id="ES2007a.B.words162" starttime="757.3" endtime="757.4">we</w>
   <w nite:id="ES2007a.B.words163" starttime="757.4" endtime="758.38">know</w>
   <w nite:id="ES2007a.B.words164" starttime="758.38" endtime="758.57">how</w>
   <w nite:id="ES2007a.B.words165" starttime="758.57" endtime="759.53">much</w>
   <w nite:id="ES2007a.B.words166" starttime="759.53" endtime="761.07">uh</w>
   <w nite:id="ES2007a.B.words167" starttime="761.07" endtime="761.07" punc="true">,</w>
   <w nite:id="ES2007a.B.words168" starttime="761.07" endtime="761.16">I</w>
   <w nite:id="ES2007a.B.words169" starttime="761.16" endtime="762.31">mean</w>
   <w nite:id="ES2007a.B.words170" starttime="762.31" endtime="762.31" punc="true">,</w>
   <w nite:id="ES2007a.B.words171" starttime="762.31" endtime="762.49">how</w>
   <w nite:id="ES2007a.B.words172" starttime="762.49" endtime="762.67">much</w>
   <w nite:id="ES2007a.B.words173" starttime="762.67" endtime="762.77">do</w>
   <w nite:id="ES2007a.B.words174" starttime="762.77" endtime="762.89">we</w>
   <w nite:id="ES2007a.B.words175" starttime="762.89" endtime="763.3">have</w>
   <w nite:id="ES2007a.B.words176" starttime="763.3" endtime="764.19">per</w>
   <disfmarker nite:id="ES2007a.B.words177" starttime="764.19" endtime="764.19"/>
   <w nite:id="ES2007a.B.words178" starttime="764.19" endtime="764.37">how</w>
   <w nite:id="ES2007a.B.words179" starttime="764.37" endtime="765.35">much</w>
   <w nite:id="ES2007a.B.words180" starttime="765.35" endtime="765.35" punc="true">?</w>
   <w nite:id="ES2007a.B.words181" starttime="765.35" endtime="765.75">Twelve</w>
   <w nite:id="ES2007a.B.words182" starttime="765.75" endtime="766.81">fifty</w>
   <w nite:id="ES2007a.B.words183" starttime="766.81" endtime="766.81" punc="true">.</w>
   <vocalsound nite:id="ES2007a.B.words184" starttime="766.81" endtime="766.912" type="other"/>
   <w nite:id="ES2007a.B.words185" starttime="770.31" endtime="770.45">So</w>
   <w nite:id="ES2007a.B.words186" starttime="770.45" endtime="770.61">do</w>
   <w nite:id="ES2007a.B.words187" starttime="770.61" endtime="770.73">we</w>
   <w nite:id="ES2007a.B.words188" starttime="770.73" endtime="770.92">have</w>
   <w nite:id="ES2007a.B.words189" starttime="770.92" endtime="771.05">to</w>
   <w nite:id="ES2007a.B.words190" starttime="771.05" endtime="771.14">be</w>
   <w nite:id="ES2007a.B.words191" starttime="771.14" endtime="771.88">realistic</w>
   <w nite:id="ES2007a.B.words192" starttime="771.88" endtime="772.17">within</w>
   <w nite:id="ES2007a.B.words193" starttime="772.17" endtime="772.26">the</w>
   <w nite:id="ES2007a.B.words194" starttime="772.26" endtime="772.77">budget</w>
   <w nite:id="ES2007a.B.words195" starttime="772.77" endtime="773.07" mispronounced="true">or</w>
   <disfmarker nite:id="ES2007a.B.words196" starttime="773.07" endtime="773.104"/>
   <w nite:id="ES2007a.B.words197" starttime="773.9" endtime="774.17">Close</w>
   <w nite:id="ES2007a.B.words198" starttime="774.17" endtime="774.47" trunc="true">pr</w>
   <w nite:id="ES2007a.B.words199" starttime="774.47" endtime="774.62">I</w>
   <w nite:id="ES2007a.B.words200" starttime="774.62" endtime="774.8">don&#39;t</w>
   <w nite:id="ES2007a.B.words201" starttime="774.8" endtime="774.94">know</w>
   <w nite:id="ES2007a.B.words202" starttime="774.94" endtime="775.1">how</w>
   <w nite:id="ES2007a.B.words203" starttime="775.1" endtime="775.33">much</w>
   <w nite:id="ES2007a.B.words204" starttime="775.33" endtime="775.42">it</w>
   <w nite:id="ES2007a.B.words205" starttime="775.42" endtime="775.54">would</w>
   <w nite:id="ES2007a.B.words206" starttime="775.54" endtime="775.95">cost</w>
   <w nite:id="ES2007a.B.words207" starttime="775.95" endtime="775.95" punc="true">.</w>
   <w nite:id="ES2007a.B.words208" starttime="775.95" endtime="776.43">Yeah</w>
   <w nite:id="ES2007a.B.words209" starttime="776.43" endtime="776.43" punc="true">.</w>
   <w nite:id="ES2007a.B.words210" starttime="787.82" endtime="788.06">Right</w>
   <w nite:id="ES2007a.B.words211" starttime="788.06" endtime="788.06" punc="true">.</w>
   <w nite:id="ES2007a.B.words212" starttime="803.49" endtime="803.8">Yeah</w>
   <w nite:id="ES2007a.B.words213" starttime="803.8" endtime="803.8" punc="true">.</w>
   <w nite:id="ES2007a.B.words214" starttime="831.25" endtime="831.93">Um</w>
   <gap nite:id="ES2007a.B.words215" starttime="831.93" endtime="831.93"/>
   <w nite:id="ES2007a.B.words216" starttime="831.93" endtime="832.33">have</w>
   <w nite:id="ES2007a.B.words217" starttime="832.33" endtime="832.62">uh</w>
   <w nite:id="ES2007a.B.words218" starttime="832.62" endtime="833.24">one</w>
   <w nite:id="ES2007a.B.words219" starttime="833.24" endtime="833.46">very</w>
   <w nite:id="ES2007a.B.words220" starttime="833.46" endtime="834.27">complicated</w>
   <w nite:id="ES2007a.B.words221" starttime="834.27" endtime="834.59">one</w>
   <w nite:id="ES2007a.B.words222" starttime="834.59" endtime="834.84">on</w>
   <w nite:id="ES2007a.B.words223" starttime="834.84" endtime="835.08">one</w>
   <w nite:id="ES2007a.B.words224" starttime="835.08" endtime="835.45">side</w>
   <w nite:id="ES2007a.B.words225" starttime="835.45" endtime="836.09">with</w>
   <vocalsound nite:id="ES2007a.B.words226" starttime="836.09" endtime="836.09" type="other"/>
   <w nite:id="ES2007a.B.words227" starttime="836.09" endtime="836.32">all</w>
   <w nite:id="ES2007a.B.words228" starttime="836.32" endtime="836.81">the</w>
   <w nite:id="ES2007a.B.words229" starttime="836.81" endtime="837.14">D_V_D_</w>
   <w nite:id="ES2007a.B.words230" starttime="837.14" endtime="837.28">and</w>
   <w nite:id="ES2007a.B.words231" starttime="837.28" endtime="838.07">V_C_R_</w>
   <w nite:id="ES2007a.B.words232" starttime="838.07" endtime="838.5">access</w>
   <w nite:id="ES2007a.B.words233" starttime="838.5" endtime="838.63">and</w>
   <w nite:id="ES2007a.B.words234" starttime="838.63" endtime="839.49">stuff</w>
   <w nite:id="ES2007a.B.words235" starttime="839.49" endtime="839.49" punc="true">,</w>
   <w nite:id="ES2007a.B.words236" starttime="839.49" endtime="839.81">and</w>
   <w nite:id="ES2007a.B.words237" starttime="839.81" endtime="840.16">then</w>
   <w nite:id="ES2007a.B.words238" starttime="840.16" endtime="840.34">on</w>
   <w nite:id="ES2007a.B.words239" starttime="840.34" endtime="840.42">the</w>
   <w nite:id="ES2007a.B.words240" starttime="840.42" endtime="840.61">other</w>
   <w nite:id="ES2007a.B.words241" starttime="840.61" endtime="840.95" mispronounced="true">side</w>
   <w nite:id="ES2007a.B.words242" starttime="840.95" endtime="840.98" trunc="true">o</w>
   <vocalsound nite:id="ES2007a.B.words243" starttime="840.98" endtime="840.98" type="other"/>
   <w nite:id="ES2007a.B.words244" starttime="840.98" endtime="842.26">one</w>
   <w nite:id="ES2007a.B.words245" starttime="842.26" endtime="842.54">uh</w>
   <w nite:id="ES2007a.B.words246" starttime="842.54" endtime="842.61">a</w>
   <w nite:id="ES2007a.B.words247" starttime="842.61" endtime="842.9">remote</w>
   <w nite:id="ES2007a.B.words248" starttime="842.9" endtime="843.26">control</w>
   <w nite:id="ES2007a.B.words249" starttime="843.26" endtime="843.37">that</w>
   <w nite:id="ES2007a.B.words250" starttime="843.37" endtime="843.46">would</w>
   <w nite:id="ES2007a.B.words251" starttime="843.46" endtime="843.57">be</w>
   <w nite:id="ES2007a.B.words252" starttime="843.57" endtime="843.93">very</w>
   <w nite:id="ES2007a.B.words253" starttime="843.93" endtime="844.17">very</w>
   <w nite:id="ES2007a.B.words254" starttime="844.17" endtime="844.55">simple</w>
   <w nite:id="ES2007a.B.words255" starttime="844.55" endtime="844.76">with</w>
   <w nite:id="ES2007a.B.words256" starttime="844.76" endtime="845.13">just</w>
   <w nite:id="ES2007a.B.words257" starttime="845.13" endtime="845.25">the</w>
   <w nite:id="ES2007a.B.words258" starttime="845.25" endtime="845.69">channel</w>
   <w nite:id="ES2007a.B.words259" starttime="845.69" endtime="845.69" punc="true">,</w>
   <w nite:id="ES2007a.B.words260" starttime="845.69" endtime="846.11">program</w>
   <w nite:id="ES2007a.B.words261" starttime="846.11" endtime="846.39">plus</w>
   <w nite:id="ES2007a.B.words262" starttime="846.39" endtime="847.21">and</w>
   <vocalsound nite:id="ES2007a.B.words263" starttime="847.21" endtime="847.21" type="other"/>
   <w nite:id="ES2007a.B.words264" starttime="847.21" endtime="847.61">minus</w>
   <w nite:id="ES2007a.B.words265" starttime="847.61" endtime="847.61" punc="true">,</w>
   <w nite:id="ES2007a.B.words266" starttime="847.61" endtime="847.73">and</w>
   <w nite:id="ES2007a.B.words267" starttime="847.73" endtime="847.95">the</w>
   <w nite:id="ES2007a.B.words268" starttime="847.95" endtime="848.2">just</w>
   <w nite:id="ES2007a.B.words269" starttime="848.2" endtime="848.29">the</w>
   <w nite:id="ES2007a.B.words270" starttime="848.29" endtime="848.87">mute</w>
   <w nite:id="ES2007a.B.words271" starttime="848.87" endtime="849.16">button</w>
   <w nite:id="ES2007a.B.words272" starttime="849.16" endtime="849.16" punc="true">,</w>
   <w nite:id="ES2007a.B.words273" starttime="849.16" endtime="849.3">for</w>
   <w nite:id="ES2007a.B.words274" starttime="849.3" endtime="850.08">example</w>
   <w nite:id="ES2007a.B.words275" starttime="850.08" endtime="850.08" punc="true">.</w>
   <w nite:id="ES2007a.B.words276" starttime="850.08" endtime="850.18">I</w>
   <w nite:id="ES2007a.B.words277" starttime="850.18" endtime="850.32">can</w>
   <w nite:id="ES2007a.B.words278" starttime="850.32" endtime="850.61" trunc="true">real</w>
   <w nite:id="ES2007a.B.words279" starttime="850.61" endtime="850.81">keep</w>
   <w nite:id="ES2007a.B.words280" starttime="850.81" endtime="850.97">it</w>
   <w nite:id="ES2007a.B.words281" starttime="850.97" endtime="851.31">really</w>
   <w nite:id="ES2007a.B.words282" starttime="851.31" endtime="851.51">really</w>
   <w nite:id="ES2007a.B.words283" starttime="851.51" endtime="851.86">simple</w>
   <w nite:id="ES2007a.B.words284" starttime="851.86" endtime="852.0">on</w>
   <w nite:id="ES2007a.B.words285" starttime="852.0" endtime="852.18">one</w>
   <w nite:id="ES2007a.B.words286" starttime="852.18" endtime="852.46">side</w>
   <w nite:id="ES2007a.B.words287" starttime="852.46" endtime="852.59">and</w>
   <w nite:id="ES2007a.B.words288" starttime="852.59" endtime="852.66">the</w>
   <w nite:id="ES2007a.B.words289" starttime="852.66" endtime="852.86">other</w>
   <w nite:id="ES2007a.B.words290" starttime="852.86" endtime="853.17">side</w>
   <w nite:id="ES2007a.B.words291" starttime="853.17" endtime="853.3">be</w>
   <w nite:id="ES2007a.B.words292" starttime="853.3" endtime="853.55">very</w>
   <w nite:id="ES2007a.B.words293" starttime="853.55" endtime="854.21">complicated</w>
   <w nite:id="ES2007a.B.words294" starttime="854.21" endtime="854.21" punc="true">.</w>
   <w nite:id="ES2007a.B.words295" starttime="856.44" endtime="857.33">Yeah</w>
   <w nite:id="ES2007a.B.words296" starttime="857.33" endtime="857.33" punc="true">.</w>
   <w nite:id="ES2007a.B.words297" starttime="857.33" endtime="857.44">Or</w>
   <w nite:id="ES2007a.B.words298" starttime="857.44" endtime="857.87">grandma</w>
   <w nite:id="ES2007a.B.words299" starttime="857.87" endtime="858.1">as</w>
   <w nite:id="ES2007a.B.words300" starttime="858.1" endtime="858.36">well</w>
   <w nite:id="ES2007a.B.words301" starttime="858.36" endtime="858.36" punc="true">,</w>
   <w nite:id="ES2007a.B.words302" starttime="858.36" endtime="858.48">you</w>
   <w nite:id="ES2007a.B.words303" starttime="858.48" endtime="858.58">know</w>
   <w nite:id="ES2007a.B.words304" starttime="858.58" endtime="858.83">it&#39;s</w>
   <w nite:id="ES2007a.B.words305" starttime="858.83" endtime="859.3">like</w>
   <vocalsound nite:id="ES2007a.B.words306" starttime="859.3" endtime="859.3" type="laugh"/>
   <w nite:id="ES2007a.B.words307" starttime="859.3" endtime="859.44">what</w>
   <w nite:id="ES2007a.B.words308" starttime="859.44" endtime="859.56">is</w>
   <w nite:id="ES2007a.B.words309" starttime="859.56" endtime="859.68">the</w>
   <w nite:id="ES2007a.B.words310" starttime="859.68" endtime="859.96">mute</w>
   <w nite:id="ES2007a.B.words311" starttime="859.96" endtime="860.19">button</w>
   <w nite:id="ES2007a.B.words312" starttime="860.19" endtime="860.19" punc="true">.</w>
   <w nite:id="ES2007a.B.words313" starttime="864.42" endtime="864.54">No</w>
   <w nite:id="ES2007a.B.words314" starttime="864.54" endtime="864.54" punc="true">,</w>
   <w nite:id="ES2007a.B.words315" starttime="864.54" endtime="864.68">but</w>
   <w nite:id="ES2007a.B.words316" starttime="864.68" endtime="864.79">you</w>
   <w nite:id="ES2007a.B.words317" starttime="864.79" endtime="864.91">would</w>
   <w nite:id="ES2007a.B.words318" starttime="864.91" endtime="865.35">slide</w>
   <w nite:id="ES2007a.B.words319" starttime="865.35" endtime="865.47">it</w>
   <w nite:id="ES2007a.B.words320" starttime="865.47" endtime="865.97">into</w>
   <w nite:id="ES2007a.B.words321" starttime="865.97" endtime="866.34">uh</w>
   <w nite:id="ES2007a.B.words322" starttime="866.34" endtime="866.87" trunc="true">someth</w>
   <w nite:id="ES2007a.B.words323" starttime="866.87" endtime="867.07">like</w>
   <w nite:id="ES2007a.B.words324" starttime="867.07" endtime="867.41">something</w>
   <w nite:id="ES2007a.B.words325" starttime="867.41" endtime="867.52">on</w>
   <w nite:id="ES2007a.B.words326" starttime="867.52" endtime="867.62">the</w>
   <w nite:id="ES2007a.B.words327" starttime="867.62" endtime="867.87">back</w>
   <w nite:id="ES2007a.B.words328" starttime="867.87" endtime="868.05">would</w>
   <w nite:id="ES2007a.B.words329" starttime="868.05" endtime="868.65">hold</w>
   <disfmarker nite:id="ES2007a.B.words330" starttime="868.65" endtime="868.65"/>
   <w nite:id="ES2007a.B.words331" starttime="868.65" endtime="868.97">like</w>
   <w nite:id="ES2007a.B.words332" starttime="868.97" endtime="869.09">you</w>
   <w nite:id="ES2007a.B.words333" starttime="869.09" endtime="869.38">wouldn&#39;t</w>
   <w nite:id="ES2007a.B.words334" starttime="869.38" endtime="869.46">be</w>
   <w nite:id="ES2007a.B.words335" starttime="869.46" endtime="869.68">able</w>
   <w nite:id="ES2007a.B.words336" starttime="869.68" endtime="869.83">to</w>
   <w nite:id="ES2007a.B.words337" starttime="869.83" endtime="870.13">press</w>
   <w nite:id="ES2007a.B.words338" starttime="870.13" endtime="870.24">the</w>
   <w nite:id="ES2007a.B.words339" starttime="870.24" endtime="870.99">buttons</w>
   <w nite:id="ES2007a.B.words340" starttime="870.99" endtime="870.99" punc="true">,</w>
   <w nite:id="ES2007a.B.words341" starttime="870.99" endtime="871.23">but</w>
   <disfmarker nite:id="ES2007a.B.words342" starttime="871.23" endtime="871.36"/>
   <w nite:id="ES2007a.B.words343" starttime="890.57" endtime="891.07">Start</w>
   <w nite:id="ES2007a.B.words344" starttime="891.07" endtime="891.45">breaking</w>
   <w nite:id="ES2007a.B.words345" starttime="891.45" endtime="891.85">up</w>
   <w nite:id="ES2007a.B.words346" starttime="891.85" endtime="891.85" punc="true">.</w>
   <w nite:id="ES2007a.B.words347" starttime="943.01" endtime="943.3" mispronounced="true">Yeah</w>
   <w nite:id="ES2007a.B.words348" starttime="943.3" endtime="943.3" punc="true">.</w>
   <w nite:id="ES2007a.B.words349" starttime="992.34" endtime="992.75">Yeah</w>
   <w nite:id="ES2007a.B.words350" starttime="992.75" endtime="992.75" punc="true">.</w>
   <vocalsound nite:id="ES2007a.B.words351" starttime="997.536" endtime="999.018" type="laugh"/>
   <vocalsound nite:id="ES2007a.B.words352" starttime="1003.722" endtime="1003.722" type="other"/>
   <w nite:id="ES2007a.B.words353" starttime="1004.12" endtime="1004.28">Could</w>
   <w nite:id="ES2007a.B.words354" starttime="1004.28" endtime="1004.48">be</w>
   <w nite:id="ES2007a.B.words355" starttime="1004.48" endtime="1004.88">really</w>
   <w nite:id="ES2007a.B.words356" starttime="1004.88" endtime="1005.42">light</w>
   <w nite:id="ES2007a.B.words357" starttime="1005.42" endtime="1005.86">or</w>
   <w nite:id="ES2007a.B.words358" starttime="1005.86" endtime="1005.86" punc="true">,</w>
   <w nite:id="ES2007a.B.words359" starttime="1005.86" endtime="1005.96">I</w>
   <w nite:id="ES2007a.B.words360" starttime="1005.96" endtime="1006.29">dunno</w>
   <w nite:id="ES2007a.B.words361" starttime="1006.29" endtime="1006.29" punc="true">,</w>
   <w nite:id="ES2007a.B.words362" starttime="1006.29" endtime="1006.71">something</w>
   <w nite:id="ES2007a.B.words363" starttime="1006.71" endtime="1007.17">special</w>
   <w nite:id="ES2007a.B.words364" starttime="1007.17" endtime="1007.17" punc="true">.</w>
   <w nite:id="ES2007a.B.words365" starttime="1015.84" endtime="1015.97">Yeah</w>
   <w nite:id="ES2007a.B.words366" starttime="1015.97" endtime="1015.97" punc="true">,</w>
   <w nite:id="ES2007a.B.words367" starttime="1015.97" endtime="1016.1">&#39;cause</w>
   <w nite:id="ES2007a.B.words368" starttime="1016.1" endtime="1016.21">at</w>
   <w nite:id="ES2007a.B.words369" starttime="1016.21" endtime="1016.29">the</w>
   <w nite:id="ES2007a.B.words370" starttime="1016.29" endtime="1016.43">end</w>
   <w nite:id="ES2007a.B.words371" starttime="1016.43" endtime="1016.52">of</w>
   <w nite:id="ES2007a.B.words372" starttime="1016.52" endtime="1016.6">the</w>
   <w nite:id="ES2007a.B.words373" starttime="1016.6" endtime="1016.72">day</w>
   <w nite:id="ES2007a.B.words374" starttime="1016.72" endtime="1016.84">if</w>
   <w nite:id="ES2007a.B.words375" starttime="1016.84" endtime="1016.92">it</w>
   <w nite:id="ES2007a.B.words376" starttime="1016.92" endtime="1017.24">says</w>
   <w nite:id="ES2007a.B.words377" starttime="1017.24" endtime="1017.56">just</w>
   <w nite:id="ES2007a.B.words378" starttime="1017.56" endtime="1017.83">T_V_</w>
   <w nite:id="ES2007a.B.words379" starttime="1017.83" endtime="1018.34">remote</w>
   <w nite:id="ES2007a.B.words380" starttime="1018.34" endtime="1018.34" punc="true">,</w>
   <w nite:id="ES2007a.B.words381" starttime="1018.34" endtime="1018.61">doesn&#39;t</w>
   <w nite:id="ES2007a.B.words382" starttime="1018.61" endtime="1018.89">say</w>
   <w nite:id="ES2007a.B.words383" starttime="1018.89" endtime="1019.48" trunc="true">com</w>
   <w nite:id="ES2007a.B.words384" starttime="1019.48" endtime="1020.09">combination</w>
   <w nite:id="ES2007a.B.words385" starttime="1020.09" endtime="1020.25">with</w>
   <w nite:id="ES2007a.B.words386" starttime="1020.25" endtime="1020.73">all</w>
   <w nite:id="ES2007a.B.words387" starttime="1020.73" endtime="1020.93">all</w>
   <w nite:id="ES2007a.B.words388" starttime="1020.93" endtime="1021.04">the</w>
   <w nite:id="ES2007a.B.words389" starttime="1021.04" endtime="1021.57" trunc="true">r</w>
   <vocalsound nite:id="ES2007a.B.words390" starttime="1021.57" endtime="1021.735" type="other"/>
   <vocalsound nite:id="ES2007a.B.words391" starttime="1026.867" endtime="1027.815" type="laugh"/>
   <vocalsound nite:id="ES2007a.B.words392" starttime="1030.336" endtime="1031.632" type="laugh"/>
   <vocalsound nite:id="ES2007a.B.words393" starttime="1036.896" endtime="1037.962" type="laugh"/>
   <w nite:id="ES2007a.B.words394" starttime="1075.97" endtime="1076.16">Mm</w>
   <w nite:id="ES2007a.B.words395" starttime="1076.16" endtime="1076.16" punc="true">.</w>
   <vocalsound nite:id="ES2007a.B.words396" starttime="1089.833" endtime="1091.056" type="laugh"/>
   <vocalsound nite:id="ES2007a.B.words397" starttime="1091.867" endtime="1092.556" type="other"/>
   <w nite:id="ES2007a.B.words398" starttime="1093.6" endtime="1093.72" mispronounced="true">Okay</w>
   <w nite:id="ES2007a.B.words399" starttime="1093.72" endtime="1093.72" punc="true">.</w>
   <w nite:id="ES2007a.B.words400" starttime="1115.99" endtime="1116.42">That&#39;s</w>
   <disfmarker nite:id="ES2007a.B.words401" starttime="1116.42" endtime="1116.602"/>
   <w nite:id="ES2007a.B.words402" starttime="1118.08" endtime="1118.29">Mm</w>
   <w nite:id="ES2007a.B.words403" starttime="1118.29" endtime="1118.29" punc="true">.</w>
   <w nite:id="ES2007a.B.words404" starttime="1153.99" endtime="1154.54">Mm</w>
   <w nite:id="ES2007a.B.words405" starttime="1154.54" endtime="1154.54" punc="true">.</w>
   <w nite:id="ES2007a.B.words406" starttime="1154.54" endtime="1154.96" trunc="true">Har</w>
   <w nite:id="ES2007a.B.words407" starttime="1154.96" endtime="1155.12">how</w>
   <w nite:id="ES2007a.B.words408" starttime="1155.12" endtime="1155.26">it</w>
   <w nite:id="ES2007a.B.words409" starttime="1155.26" endtime="1155.66">works</w>
   <w nite:id="ES2007a.B.words410" starttime="1155.66" endtime="1155.77" trunc="true">an</w>
   <w nite:id="ES2007a.B.words411" starttime="1158.97" endtime="1159.19" trunc="true">Bu</w>
   <w nite:id="ES2007a.B.words412" starttime="1164.78" endtime="1164.87">Do</w>
   <w nite:id="ES2007a.B.words413" starttime="1164.87" endtime="1164.96">you</w>
   <w nite:id="ES2007a.B.words414" starttime="1164.96" endtime="1165.22">think</w>
   <w nite:id="ES2007a.B.words415" starttime="1165.22" endtime="1165.45" mispronounced="true">our</w>
   <w nite:id="ES2007a.B.words416" starttime="1165.45" endtime="1165.75">two</w>
   <w nite:id="ES2007a.B.words417" starttime="1165.75" endtime="1165.98">kind</w>
   <w nite:id="ES2007a.B.words418" starttime="1165.98" endtime="1166.29">of</w>
   <w nite:id="ES2007a.B.words419" starttime="1166.29" endtime="1167.38">overlap</w>
   <w nite:id="ES2007a.B.words420" starttime="1167.38" endtime="1167.38" punc="true">,</w>
   <w nite:id="ES2007a.B.words421" starttime="1167.38" endtime="1167.8">because</w>
   <disfmarker nite:id="ES2007a.B.words422" starttime="1167.8" endtime="1167.84"/>
   <w nite:id="ES2007a.B.words423" starttime="1173.33" endtime="1173.8">Yeah</w>
   <w nite:id="ES2007a.B.words424" starttime="1173.8" endtime="1173.8" punc="true">.</w>
   <vocalsound nite:id="ES2007a.B.words425" starttime="1200.567" endtime="1201.2" type="laugh"/>
   <w nite:id="ES2007a.B.words426" starttime="1205.84" endtime="1205.95">I</w>
   <w nite:id="ES2007a.B.words427" starttime="1205.95" endtime="1206.24">don&#39;t</w>
   <disfmarker nite:id="ES2007a.B.words428" starttime="1206.24" endtime="1205.95"/>
</nite:root>