<?xml version="1.0" encoding="ISO-8859-1" standalone="yes"?>
<nite:root nite:id="ES2007a.C.words" xmlns:nite="http://nite.sourceforge.net/">
   <gap nite:id="ES2007a.C.words0" starttime="35.437" endtime="37.224"/>
   <w nite:id="ES2007a.C.words1" starttime="167.82" endtime="168.11">Yeah</w>
   <w nite:id="ES2007a.C.words2" starttime="168.11" endtime="168.11" punc="true">.</w>
   <vocalsound nite:id="ES2007a.C.words3" starttime="267.763" endtime="268.776" type="laugh"/>
   <w nite:id="ES2007a.C.words4" starttime="270.3" endtime="270.38">The</w>
   <w nite:id="ES2007a.C.words5" starttime="270.38" endtime="270.62">back</w>
   <w nite:id="ES2007a.C.words6" starttime="270.62" endtime="270.82">end</w>
   <w nite:id="ES2007a.C.words7" starttime="270.82" endtime="270.91">of</w>
   <w nite:id="ES2007a.C.words8" starttime="270.91" endtime="270.98">an</w>
   <w nite:id="ES2007a.C.words9" starttime="270.98" endtime="271.62">elephant</w>
   <w nite:id="ES2007a.C.words10" starttime="271.62" endtime="271.62" punc="true">.</w>
   <vocalsound nite:id="ES2007a.C.words11" starttime="316.224" endtime="316.224" type="laugh"/>
   <w nite:id="ES2007a.C.words12" starttime="316.95" endtime="317.47">Aesthetic</w>
   <w nite:id="ES2007a.C.words13" starttime="317.47" endtime="318.31">yep</w>
   <w nite:id="ES2007a.C.words14" starttime="318.31" endtime="318.31" punc="true">,</w>
   <w nite:id="ES2007a.C.words15" starttime="318.31" endtime="318.71">sure</w>
   <w nite:id="ES2007a.C.words16" starttime="318.71" endtime="318.71" punc="true">.</w>
   <w nite:id="ES2007a.C.words17" starttime="320.73" endtime="320.96">&#39;Kay</w>
   <w nite:id="ES2007a.C.words18" starttime="320.96" endtime="320.96" punc="true">,</w>
   <w nite:id="ES2007a.C.words19" starttime="320.96" endtime="321.13">my</w>
   <w nite:id="ES2007a.C.words20" starttime="321.13" endtime="321.58">favourite</w>
   <w nite:id="ES2007a.C.words21" starttime="321.58" endtime="323.74">animal</w>
   <w nite:id="ES2007a.C.words22" starttime="323.74" endtime="323.74" punc="true">,</w>
   <w nite:id="ES2007a.C.words23" starttime="323.74" endtime="324.29">uh</w>
   <w nite:id="ES2007a.C.words24" starttime="324.29" endtime="324.54">let&#39;s</w>
   <w nite:id="ES2007a.C.words25" starttime="324.54" endtime="325.15">see</w>
   <w nite:id="ES2007a.C.words26" starttime="325.15" endtime="325.15" punc="true">.</w>
   <w nite:id="ES2007a.C.words27" starttime="336.34" endtime="336.49">Dunno</w>
   <w nite:id="ES2007a.C.words28" starttime="336.49" endtime="336.58">if</w>
   <w nite:id="ES2007a.C.words29" starttime="336.58" endtime="336.82">any</w>
   <w nite:id="ES2007a.C.words30" starttime="336.82" endtime="336.91">of</w>
   <w nite:id="ES2007a.C.words31" starttime="336.91" endtime="337.03">you</w>
   <w nite:id="ES2007a.C.words32" starttime="337.03" endtime="337.14">have</w>
   <w nite:id="ES2007a.C.words33" starttime="337.14" endtime="337.34">seen</w>
   <w nite:id="ES2007a.C.words34" starttime="337.34" endtime="337.88">Napoleon</w>
   <w nite:id="ES2007a.C.words35" starttime="337.88" endtime="338.35">Dynamite</w>
   <w nite:id="ES2007a.C.words36" starttime="338.35" endtime="339.61">before</w>
   <w nite:id="ES2007a.C.words37" starttime="339.61" endtime="339.61" punc="true">.</w>
   <w nite:id="ES2007a.C.words38" starttime="339.61" endtime="339.86">It&#39;s</w>
   <w nite:id="ES2007a.C.words39" starttime="339.86" endtime="339.97">a</w>
   <w nite:id="ES2007a.C.words40" starttime="339.97" endtime="344.08" mispronounced="true">liger</w>
   <vocalsound nite:id="ES2007a.C.words41" starttime="344.08" endtime="344.08" type="laugh"/>
   <w nite:id="ES2007a.C.words42" starttime="344.08" endtime="344.08" punc="true">,</w>
   <w nite:id="ES2007a.C.words43" starttime="344.08" endtime="344.14">a</w>
   <w nite:id="ES2007a.C.words44" starttime="344.14" endtime="344.75">combination</w>
   <w nite:id="ES2007a.C.words45" starttime="344.75" endtime="344.86">of</w>
   <w nite:id="ES2007a.C.words46" starttime="344.86" endtime="344.94">a</w>
   <w nite:id="ES2007a.C.words47" starttime="344.94" endtime="345.25">lion</w>
   <w nite:id="ES2007a.C.words48" starttime="345.25" endtime="345.36">and</w>
   <w nite:id="ES2007a.C.words49" starttime="345.36" endtime="348.63">tiger</w>
   <vocalsound nite:id="ES2007a.C.words50" starttime="348.63" endtime="348.63" type="laugh"/>
   <w nite:id="ES2007a.C.words51" starttime="348.63" endtime="348.63" punc="true">.</w>
   <w nite:id="ES2007a.C.words52" starttime="348.63" endtime="348.73">Have</w>
   <w nite:id="ES2007a.C.words53" starttime="348.73" endtime="348.81">you</w>
   <w nite:id="ES2007a.C.words54" starttime="348.81" endtime="348.99">not</w>
   <w nite:id="ES2007a.C.words55" starttime="348.99" endtime="349.15">seen</w>
   <w nite:id="ES2007a.C.words56" starttime="349.15" endtime="349.55">Napoleon</w>
   <w nite:id="ES2007a.C.words57" starttime="349.55" endtime="350.68">Dynamite</w>
   <w nite:id="ES2007a.C.words58" starttime="350.68" endtime="350.68" punc="true">?</w>
   <w nite:id="ES2007a.C.words59" starttime="350.68" endtime="350.85">Oh</w>
   <w nite:id="ES2007a.C.words60" starttime="350.85" endtime="350.99">it&#39;s</w>
   <w nite:id="ES2007a.C.words61" starttime="350.99" endtime="351.06">a</w>
   <w nite:id="ES2007a.C.words62" starttime="351.06" endtime="351.44">hilarious</w>
   <w nite:id="ES2007a.C.words63" starttime="351.44" endtime="351.63">movie</w>
   <w nite:id="ES2007a.C.words64" starttime="351.63" endtime="351.63" punc="true">.</w>
   <w nite:id="ES2007a.C.words65" starttime="351.63" endtime="351.71">You</w>
   <w nite:id="ES2007a.C.words66" starttime="351.71" endtime="351.82">have</w>
   <w nite:id="ES2007a.C.words67" starttime="351.82" endtime="351.89">to</w>
   <w nite:id="ES2007a.C.words68" starttime="351.89" endtime="352.05">see</w>
   <w nite:id="ES2007a.C.words69" starttime="352.05" endtime="352.35">it</w>
   <w nite:id="ES2007a.C.words70" starttime="352.35" endtime="352.35" punc="true">.</w>
   <w nite:id="ES2007a.C.words71" starttime="352.35" endtime="352.64">And</w>
   <w nite:id="ES2007a.C.words72" starttime="354.05" endtime="354.61">and</w>
   <w nite:id="ES2007a.C.words73" starttime="354.61" endtime="354.81">it&#39;s</w>
   <w nite:id="ES2007a.C.words74" starttime="354.81" endtime="355.12">best</w>
   <w nite:id="ES2007a.C.words75" starttime="355.12" endtime="355.85">characteristic</w>
   <w nite:id="ES2007a.C.words76" starttime="355.85" endtime="357.04">is</w>
   <w nite:id="ES2007a.C.words77" starttime="357.04" endtime="357.3">it&#39;s</w>
   <w nite:id="ES2007a.C.words78" starttime="357.3" endtime="357.63">pretty</w>
   <w nite:id="ES2007a.C.words79" starttime="357.63" endtime="358.83">much</w>
   <w nite:id="ES2007a.C.words80" starttime="360.2" endtime="360.29">the</w>
   <w nite:id="ES2007a.C.words81" starttime="360.29" endtime="361.17" mispronounced="true">awesomest</w>
   <w nite:id="ES2007a.C.words82" starttime="363.59" endtime="363.96">animal</w>
   <w nite:id="ES2007a.C.words83" starttime="363.96" endtime="363.96" punc="true">.</w>
   <w nite:id="ES2007a.C.words84" starttime="367.06" endtime="367.17">But</w>
   <w nite:id="ES2007a.C.words85" starttime="367.17" endtime="367.23">you</w>
   <w nite:id="ES2007a.C.words86" starttime="367.23" endtime="367.36">have</w>
   <w nite:id="ES2007a.C.words87" starttime="367.36" endtime="367.44">to</w>
   <w nite:id="ES2007a.C.words88" starttime="367.44" endtime="367.61">see</w>
   <w nite:id="ES2007a.C.words89" starttime="367.61" endtime="367.71">the</w>
   <w nite:id="ES2007a.C.words90" starttime="367.71" endtime="367.93">movie</w>
   <w nite:id="ES2007a.C.words91" starttime="367.93" endtime="368.04">to</w>
   <w nite:id="ES2007a.C.words92" starttime="368.04" endtime="368.31">fully</w>
   <w nite:id="ES2007a.C.words93" starttime="368.31" endtime="368.81">appreciate</w>
   <w nite:id="ES2007a.C.words94" starttime="368.81" endtime="371.94">it</w>
   <w nite:id="ES2007a.C.words95" starttime="371.94" endtime="371.94" punc="true">.</w>
   <vocalsound nite:id="ES2007a.C.words96" starttime="371.94" endtime="372.085" type="laugh"/>
   <w nite:id="ES2007a.C.words97" starttime="384.48" endtime="384.7">There</w>
   <gap nite:id="ES2007a.C.words98" starttime="384.7" endtime="384.7"/>
   <w nite:id="ES2007a.C.words99" starttime="384.7" endtime="384.89">go</w>
   <w nite:id="ES2007a.C.words100" starttime="384.89" endtime="384.89" punc="true">.</w>
   <vocalsound nite:id="ES2007a.C.words101" starttime="509.472" endtime="510.08" type="laugh"/>
   <vocalsound nite:id="ES2007a.C.words102" starttime="515.331" endtime="515.865" type="other"/>
   <w nite:id="ES2007a.C.words103" starttime="518.01" endtime="518.07">A</w>
   <w nite:id="ES2007a.C.words104" starttime="518.07" endtime="518.39">prairie</w>
   <w nite:id="ES2007a.C.words105" starttime="518.39" endtime="522.9">dog</w>
   <w nite:id="ES2007a.C.words106" starttime="522.9" endtime="522.9" punc="true">?</w>
   <vocalsound nite:id="ES2007a.C.words107" starttime="522.9" endtime="522.9" type="laugh"/>
   <w nite:id="ES2007a.C.words108" starttime="522.9" endtime="523.02">Oh</w>
   <w nite:id="ES2007a.C.words109" starttime="523.02" endtime="523.07">a</w>
   <w nite:id="ES2007a.C.words110" starttime="523.07" endtime="523.57">squirrel</w>
   <w nite:id="ES2007a.C.words111" starttime="523.57" endtime="523.57" punc="true">?</w>
   <vocalsound nite:id="ES2007a.C.words112" starttime="525.403" endtime="526.047" type="laugh"/>
   <w nite:id="ES2007a.C.words113" starttime="532.89" endtime="533.06">Yeah</w>
   <w nite:id="ES2007a.C.words114" starttime="533.06" endtime="533.06" punc="true">,</w>
   <w nite:id="ES2007a.C.words115" starttime="533.06" endtime="533.24">that&#39;s</w>
   <w nite:id="ES2007a.C.words116" starttime="533.24" endtime="533.48">pretty</w>
   <w nite:id="ES2007a.C.words117" starttime="533.48" endtime="533.67">good</w>
   <w nite:id="ES2007a.C.words118" starttime="533.67" endtime="533.67" punc="true">.</w>
   <vocalsound nite:id="ES2007a.C.words119" starttime="550.48" endtime="551.453" type="laugh"/>
   <w nite:id="ES2007a.C.words120" starttime="554.5" endtime="555.38">Alright</w>
   <w nite:id="ES2007a.C.words121" starttime="555.38" endtime="555.38" punc="true">.</w>
   <w nite:id="ES2007a.C.words122" starttime="632.63" endtime="632.74">So</w>
   <w nite:id="ES2007a.C.words123" starttime="632.74" endtime="632.77">I</w>
   <w nite:id="ES2007a.C.words124" starttime="632.77" endtime="632.97">think</w>
   <w nite:id="ES2007a.C.words125" starttime="632.97" endtime="633.26">before</w>
   <w nite:id="ES2007a.C.words126" starttime="633.26" endtime="633.39">we</w>
   <w nite:id="ES2007a.C.words127" starttime="633.39" endtime="633.87">close</w>
   <w nite:id="ES2007a.C.words128" starttime="633.87" endtime="634.36">uh</w>
   <w nite:id="ES2007a.C.words129" starttime="634.36" endtime="634.36" punc="true">,</w>
   <w nite:id="ES2007a.C.words130" starttime="634.36" endtime="634.47">we</w>
   <w nite:id="ES2007a.C.words131" starttime="634.47" endtime="634.51">are</w>
   <w nite:id="ES2007a.C.words132" starttime="634.51" endtime="635.11">expected</w>
   <disfmarker nite:id="ES2007a.C.words133" starttime="635.11" endtime="635.11"/>
   <w nite:id="ES2007a.C.words134" starttime="635.11" endtime="635.34">I</w>
   <w nite:id="ES2007a.C.words135" starttime="635.34" endtime="635.46">mean</w>
   <w nite:id="ES2007a.C.words136" starttime="635.46" endtime="635.54">the</w>
   <w nite:id="ES2007a.C.words137" starttime="635.54" endtime="635.84">last</w>
   <w nite:id="ES2007a.C.words138" starttime="635.84" endtime="636.15">slide</w>
   <w nite:id="ES2007a.C.words139" starttime="636.15" endtime="636.37">wanted</w>
   <w nite:id="ES2007a.C.words140" starttime="636.37" endtime="636.53">us</w>
   <w nite:id="ES2007a.C.words141" starttime="636.53" endtime="636.83">to</w>
   <w nite:id="ES2007a.C.words142" starttime="636.83" endtime="637.04">maybe</w>
   <w nite:id="ES2007a.C.words143" starttime="637.04" endtime="637.49">discuss</w>
   <w nite:id="ES2007a.C.words144" starttime="637.49" endtime="637.83">longer</w>
   <w nite:id="ES2007a.C.words145" starttime="637.83" endtime="637.99">what</w>
   <w nite:id="ES2007a.C.words146" starttime="637.99" endtime="638.24">our</w>
   <w nite:id="ES2007a.C.words147" starttime="639.94" endtime="640.16">what</w>
   <w nite:id="ES2007a.C.words148" starttime="640.16" endtime="640.25">our</w>
   <w nite:id="ES2007a.C.words149" starttime="640.25" endtime="640.61">ideas</w>
   <w nite:id="ES2007a.C.words150" starttime="640.61" endtime="640.91">where</w>
   <w nite:id="ES2007a.C.words151" starttime="640.91" endtime="640.91" punc="true">.</w>
   <w nite:id="ES2007a.C.words152" starttime="640.91" endtime="640.99">I</w>
   <w nite:id="ES2007a.C.words153" starttime="640.99" endtime="641.1">mean</w>
   <w nite:id="ES2007a.C.words154" starttime="641.1" endtime="641.19">if</w>
   <w nite:id="ES2007a.C.words155" starttime="641.19" endtime="641.25">you</w>
   <w nite:id="ES2007a.C.words156" starttime="641.25" endtime="641.5">wanna</w>
   <w nite:id="ES2007a.C.words157" starttime="641.5" endtime="641.64">go</w>
   <w nite:id="ES2007a.C.words158" starttime="641.64" endtime="641.83">back</w>
   <w nite:id="ES2007a.C.words159" starttime="641.83" endtime="641.9">to</w>
   <w nite:id="ES2007a.C.words160" starttime="641.9" endtime="642.0">the</w>
   <w nite:id="ES2007a.C.words161" starttime="642.0" endtime="642.25">last</w>
   <w nite:id="ES2007a.C.words162" starttime="642.25" endtime="643.61">slide</w>
   <w nite:id="ES2007a.C.words163" starttime="643.61" endtime="643.61" punc="true">.</w>
   <w nite:id="ES2007a.C.words164" starttime="643.61" endtime="643.97">Uh</w>
   <disfmarker nite:id="ES2007a.C.words165" starttime="643.97" endtime="644.025"/>
   <w nite:id="ES2007a.C.words166" starttime="644.93" endtime="645.13" trunc="true">S</w>
   <w nite:id="ES2007a.C.words167" starttime="646.02" endtime="646.12">Yeah</w>
   <w nite:id="ES2007a.C.words168" starttime="646.12" endtime="646.12" punc="true">,</w>
   <w nite:id="ES2007a.C.words169" starttime="646.12" endtime="646.16">I</w>
   <w nite:id="ES2007a.C.words170" starttime="646.16" endtime="646.32">think</w>
   <w nite:id="ES2007a.C.words171" starttime="646.32" endtime="646.57">we&#39;re</w>
   <disfmarker nite:id="ES2007a.C.words172" starttime="646.57" endtime="646.57"/>
   <w nite:id="ES2007a.C.words173" starttime="646.57" endtime="646.62">I</w>
   <w nite:id="ES2007a.C.words174" starttime="646.62" endtime="646.75">mean</w>
   <w nite:id="ES2007a.C.words175" starttime="646.75" endtime="647.0">before</w>
   <w nite:id="ES2007a.C.words176" starttime="647.0" endtime="647.1">we</w>
   <w nite:id="ES2007a.C.words177" starttime="647.1" endtime="647.35">close</w>
   <w nite:id="ES2007a.C.words178" starttime="647.35" endtime="647.44">the</w>
   <w nite:id="ES2007a.C.words179" starttime="647.44" endtime="647.67">meeting</w>
   <w nite:id="ES2007a.C.words180" starttime="647.67" endtime="647.67" punc="true">,</w>
   <w nite:id="ES2007a.C.words181" starttime="647.67" endtime="647.78">we&#39;re</w>
   <w nite:id="ES2007a.C.words182" starttime="647.78" endtime="648.05">supposed</w>
   <w nite:id="ES2007a.C.words183" starttime="648.05" endtime="648.13">to</w>
   <w nite:id="ES2007a.C.words184" starttime="648.13" endtime="648.26">come</w>
   <w nite:id="ES2007a.C.words185" starttime="648.26" endtime="648.37">up</w>
   <w nite:id="ES2007a.C.words186" starttime="648.37" endtime="648.52">with</w>
   <w nite:id="ES2007a.C.words187" starttime="648.52" endtime="648.74">some</w>
   <w nite:id="ES2007a.C.words188" starttime="648.74" endtime="649.1">ideas</w>
   <w nite:id="ES2007a.C.words189" starttime="649.1" endtime="649.55">for</w>
   <disfmarker nite:id="ES2007a.C.words190" starttime="649.55" endtime="649.792"/>
   <w nite:id="ES2007a.C.words191" starttime="653.45" endtime="653.82">Yeah</w>
   <w nite:id="ES2007a.C.words192" starttime="653.82" endtime="653.82" punc="true">.</w>
   <w nite:id="ES2007a.C.words193" starttime="655.04" endtime="655.26">Yeah</w>
   <w nite:id="ES2007a.C.words194" starttime="655.26" endtime="655.26" punc="true">.</w>
   <w nite:id="ES2007a.C.words195" starttime="660.79" endtime="660.92">Yeah</w>
   <w nite:id="ES2007a.C.words196" starttime="660.92" endtime="660.92" punc="true">,</w>
   <w nite:id="ES2007a.C.words197" starttime="660.92" endtime="660.99">I</w>
   <w nite:id="ES2007a.C.words198" starttime="660.99" endtime="661.15">think</w>
   <w nite:id="ES2007a.C.words199" starttime="661.15" endtime="661.33">this</w>
   <w nite:id="ES2007a.C.words200" starttime="661.33" endtime="661.44">is</w>
   <w nite:id="ES2007a.C.words201" starttime="661.44" endtime="661.66" mispronounced="true">just</w>
   <w nite:id="ES2007a.C.words202" starttime="661.66" endtime="661.75">the</w>
   <w nite:id="ES2007a.C.words203" starttime="661.75" endtime="662.84">preliminary</w>
   <w nite:id="ES2007a.C.words204" starttime="662.84" endtime="662.84" punc="true">,</w>
   <w nite:id="ES2007a.C.words205" starttime="662.84" endtime="663.1">get</w>
   <w nite:id="ES2007a.C.words206" starttime="663.1" endtime="663.28">some</w>
   <w nite:id="ES2007a.C.words207" starttime="663.28" endtime="663.48">rough</w>
   <w nite:id="ES2007a.C.words208" starttime="663.48" endtime="663.86">ideas</w>
   <w nite:id="ES2007a.C.words209" starttime="663.86" endtime="664.89">for</w>
   <w nite:id="ES2007a.C.words210" starttime="664.89" endtime="665.02">what</w>
   <w nite:id="ES2007a.C.words211" starttime="665.02" endtime="665.14">our</w>
   <w nite:id="ES2007a.C.words212" starttime="665.14" endtime="665.82">experiences</w>
   <w nite:id="ES2007a.C.words213" starttime="665.82" endtime="665.98">with</w>
   <w nite:id="ES2007a.C.words214" starttime="665.98" endtime="666.34">remote</w>
   <w nite:id="ES2007a.C.words215" starttime="666.34" endtime="666.81">controls</w>
   <w nite:id="ES2007a.C.words216" starttime="666.81" endtime="666.96">have</w>
   <w nite:id="ES2007a.C.words217" starttime="666.96" endtime="667.23">been</w>
   <w nite:id="ES2007a.C.words218" starttime="667.23" endtime="667.56">and</w>
   <w nite:id="ES2007a.C.words219" starttime="667.56" endtime="667.76">and</w>
   <w nite:id="ES2007a.C.words220" starttime="667.76" endtime="667.9">what</w>
   <w nite:id="ES2007a.C.words221" starttime="667.9" endtime="668.04">we</w>
   <w nite:id="ES2007a.C.words222" starttime="668.04" endtime="668.29">would</w>
   <disfmarker nite:id="ES2007a.C.words223" starttime="668.29" endtime="668.336"/>
   <w nite:id="ES2007a.C.words224" starttime="669.64" endtime="669.96">roughly</w>
   <w nite:id="ES2007a.C.words225" starttime="669.96" endtime="670.14">what</w>
   <w nite:id="ES2007a.C.words226" starttime="670.14" endtime="670.23">we</w>
   <w nite:id="ES2007a.C.words227" starttime="670.23" endtime="670.37">would</w>
   <w nite:id="ES2007a.C.words228" starttime="670.37" endtime="670.89">incorporate</w>
   <w nite:id="ES2007a.C.words229" starttime="670.89" endtime="671.14">into</w>
   <w nite:id="ES2007a.C.words230" starttime="671.14" endtime="671.19">a</w>
   <w nite:id="ES2007a.C.words231" starttime="671.19" endtime="671.3">new</w>
   <w nite:id="ES2007a.C.words232" starttime="671.3" endtime="671.47">one</w>
   <w nite:id="ES2007a.C.words233" starttime="671.47" endtime="672.36">maybe</w>
   <w nite:id="ES2007a.C.words234" starttime="672.36" endtime="672.36" punc="true">.</w>
   <w nite:id="ES2007a.C.words235" starttime="679.46" endtime="679.55">Yeah</w>
   <w nite:id="ES2007a.C.words236" starttime="679.55" endtime="679.55" punc="true">,</w>
   <w nite:id="ES2007a.C.words237" starttime="679.55" endtime="679.61">I</w>
   <w nite:id="ES2007a.C.words238" starttime="679.61" endtime="679.81">think</w>
   <w nite:id="ES2007a.C.words239" starttime="679.81" endtime="679.98">we&#39;ve</w>
   <w nite:id="ES2007a.C.words240" starttime="679.98" endtime="680.15">all</w>
   <w nite:id="ES2007a.C.words241" starttime="680.15" endtime="680.33">got</w>
   <disfmarker nite:id="ES2007a.C.words242" starttime="680.33" endtime="680.639"/>
   <w nite:id="ES2007a.C.words243" starttime="713.16" endtime="713.3">Mm</w>
   <w nite:id="ES2007a.C.words244" starttime="713.3" endtime="713.3" punc="true">.</w>
   <w nite:id="ES2007a.C.words245" starttime="715.69" endtime="715.78" mispronounced="true">Yeah</w>
   <w nite:id="ES2007a.C.words246" starttime="715.78" endtime="715.85">it</w>
   <w nite:id="ES2007a.C.words247" starttime="715.85" endtime="716.06">seems</w>
   <w nite:id="ES2007a.C.words248" starttime="716.06" endtime="716.22">like</w>
   <w nite:id="ES2007a.C.words249" starttime="716.22" endtime="716.4">there&#39;s</w>
   <w nite:id="ES2007a.C.words250" starttime="716.4" endtime="716.77">like</w>
   <disfmarker nite:id="ES2007a.C.words251" starttime="716.77" endtime="716.77"/>
   <w nite:id="ES2007a.C.words252" starttime="716.77" endtime="717.0">there&#39;s</w>
   <w nite:id="ES2007a.C.words253" starttime="717.0" endtime="717.2">sort</w>
   <w nite:id="ES2007a.C.words254" starttime="717.2" endtime="717.39">of</w>
   <w nite:id="ES2007a.C.words255" starttime="717.39" endtime="718.37">a</w>
   <w nite:id="ES2007a.C.words256" starttime="718.37" endtime="718.7">tension</w>
   <w nite:id="ES2007a.C.words257" starttime="718.7" endtime="719.0">between</w>
   <w nite:id="ES2007a.C.words258" starttime="719.0" endtime="719.14">two</w>
   <w nite:id="ES2007a.C.words259" starttime="719.14" endtime="719.5">ideas</w>
   <w nite:id="ES2007a.C.words260" starttime="719.5" endtime="719.5" punc="true">,</w>
   <w nite:id="ES2007a.C.words261" starttime="719.5" endtime="719.53">I</w>
   <w nite:id="ES2007a.C.words262" starttime="719.53" endtime="719.7">mean</w>
   <w nite:id="ES2007a.C.words263" starttime="719.7" endtime="719.7" punc="true">,</w>
   <w nite:id="ES2007a.C.words264" starttime="719.7" endtime="719.8">you</w>
   <w nite:id="ES2007a.C.words265" starttime="719.8" endtime="720.61">want</w>
   <w nite:id="ES2007a.C.words266" starttime="720.61" endtime="720.69">you</w>
   <w nite:id="ES2007a.C.words267" starttime="720.69" endtime="720.94">want</w>
   <w nite:id="ES2007a.C.words268" starttime="720.94" endtime="721.07">one</w>
   <w nite:id="ES2007a.C.words269" starttime="721.07" endtime="721.69">remote</w>
   <w nite:id="ES2007a.C.words270" starttime="721.69" endtime="721.85">that</w>
   <w nite:id="ES2007a.C.words271" starttime="721.85" endtime="722.07">maybe</w>
   <w nite:id="ES2007a.C.words272" starttime="722.07" endtime="722.21">can</w>
   <w nite:id="ES2007a.C.words273" starttime="722.21" endtime="722.68">work</w>
   <w nite:id="ES2007a.C.words274" starttime="722.68" endtime="723.1">uh</w>
   <w nite:id="ES2007a.C.words275" starttime="723.1" endtime="723.34">all</w>
   <w nite:id="ES2007a.C.words276" starttime="723.34" endtime="723.51">all</w>
   <w nite:id="ES2007a.C.words277" starttime="723.51" endtime="723.58">of</w>
   <w nite:id="ES2007a.C.words278" starttime="723.58" endtime="723.66">the</w>
   <w nite:id="ES2007a.C.words279" starttime="723.66" endtime="724.05">functions</w>
   <w nite:id="ES2007a.C.words280" starttime="724.05" endtime="724.17">of</w>
   <w nite:id="ES2007a.C.words281" starttime="724.17" endtime="724.47">T_V_</w>
   <w nite:id="ES2007a.C.words282" starttime="724.47" endtime="724.61">and</w>
   <w nite:id="ES2007a.C.words283" starttime="724.61" endtime="724.72">if</w>
   <w nite:id="ES2007a.C.words284" starttime="724.72" endtime="724.8">you</w>
   <w nite:id="ES2007a.C.words285" starttime="724.8" endtime="725.68">have</w>
   <w nite:id="ES2007a.C.words286" starttime="725.68" endtime="726.15">whatever</w>
   <w nite:id="ES2007a.C.words287" starttime="726.15" endtime="726.66">associated</w>
   <w nite:id="ES2007a.C.words288" starttime="726.66" endtime="726.86">with</w>
   <w nite:id="ES2007a.C.words289" starttime="726.86" endtime="727.18">T_V_</w>
   <w nite:id="ES2007a.C.words290" starttime="727.18" endtime="727.33">the</w>
   <w nite:id="ES2007a.C.words291" starttime="727.33" endtime="727.73">D_V_D_</w>
   <w nite:id="ES2007a.C.words292" starttime="727.73" endtime="728.01">player</w>
   <w nite:id="ES2007a.C.words293" starttime="728.01" endtime="728.01" punc="true">,</w>
   <w nite:id="ES2007a.C.words294" starttime="728.01" endtime="728.09">or</w>
   <w nite:id="ES2007a.C.words295" starttime="728.09" endtime="728.37">something</w>
   <w nite:id="ES2007a.C.words296" starttime="728.37" endtime="728.56">like</w>
   <w nite:id="ES2007a.C.words297" starttime="728.56" endtime="729.68">that</w>
   <w nite:id="ES2007a.C.words298" starttime="729.68" endtime="729.68" punc="true">,</w>
   <w nite:id="ES2007a.C.words299" starttime="729.68" endtime="730.02">but</w>
   <w nite:id="ES2007a.C.words300" starttime="730.02" endtime="730.21">like</w>
   <w nite:id="ES2007a.C.words301" starttime="730.21" endtime="730.28">at</w>
   <w nite:id="ES2007a.C.words302" starttime="730.28" endtime="730.39">the</w>
   <w nite:id="ES2007a.C.words303" starttime="730.39" endtime="730.61">same</w>
   <w nite:id="ES2007a.C.words304" starttime="730.61" endtime="730.84">time</w>
   <w nite:id="ES2007a.C.words305" starttime="730.84" endtime="730.92">you</w>
   <w nite:id="ES2007a.C.words306" starttime="730.92" endtime="731.07">don&#39;t</w>
   <w nite:id="ES2007a.C.words307" starttime="731.07" endtime="731.53">wanna</w>
   <w nite:id="ES2007a.C.words308" starttime="731.53" endtime="731.77">really</w>
   <w nite:id="ES2007a.C.words309" starttime="731.77" endtime="732.81">busy</w>
   <w nite:id="ES2007a.C.words310" starttime="732.81" endtime="733.15">remote</w>
   <w nite:id="ES2007a.C.words311" starttime="733.15" endtime="734.06">with</w>
   <w nite:id="ES2007a.C.words312" starttime="734.06" endtime="734.14">a</w>
   <w nite:id="ES2007a.C.words313" starttime="734.14" endtime="734.49">thousand</w>
   <w nite:id="ES2007a.C.words314" starttime="734.49" endtime="734.82">buttons</w>
   <w nite:id="ES2007a.C.words315" starttime="734.82" endtime="734.99">on</w>
   <w nite:id="ES2007a.C.words316" starttime="734.99" endtime="735.1">it</w>
   <w nite:id="ES2007a.C.words317" starttime="735.1" endtime="735.17">or</w>
   <w nite:id="ES2007a.C.words318" starttime="735.17" endtime="735.65">something</w>
   <w nite:id="ES2007a.C.words319" starttime="735.65" endtime="735.65" punc="true">.</w>
   <w nite:id="ES2007a.C.words320" starttime="736.64" endtime="736.88">Mm</w>
   <w nite:id="ES2007a.C.words321" starttime="736.88" endtime="736.88" punc="true">.</w>
   <w nite:id="ES2007a.C.words322" starttime="740.53" endtime="741.07">Yeah</w>
   <w nite:id="ES2007a.C.words323" starttime="741.07" endtime="741.07" punc="true">.</w>
   <w nite:id="ES2007a.C.words324" starttime="765.6" endtime="765.86">It</w>
   <w nite:id="ES2007a.C.words325" starttime="765.86" endtime="765.92" trunc="true">g</w>
   <w nite:id="ES2007a.C.words326" starttime="765.92" endtime="766.16">can&#39;t</w>
   <w nite:id="ES2007a.C.words327" starttime="766.16" endtime="766.24">be</w>
   <w nite:id="ES2007a.C.words328" starttime="766.24" endtime="766.42">more</w>
   <w nite:id="ES2007a.C.words329" starttime="766.42" endtime="766.56">than</w>
   <w nite:id="ES2007a.C.words330" starttime="766.56" endtime="766.83">twelve</w>
   <w nite:id="ES2007a.C.words331" starttime="766.83" endtime="767.46">fifty</w>
   <w nite:id="ES2007a.C.words332" starttime="767.46" endtime="767.58">per</w>
   <w nite:id="ES2007a.C.words333" starttime="767.58" endtime="767.92">unit</w>
   <w nite:id="ES2007a.C.words334" starttime="767.92" endtime="767.92" punc="true">.</w>
   <w nite:id="ES2007a.C.words335" starttime="769.35" endtime="769.78">Cost</w>
   <w nite:id="ES2007a.C.words336" starttime="769.78" endtime="769.78" punc="true">.</w>
   <w nite:id="ES2007a.C.words337" starttime="794.44" endtime="794.71">Yeah</w>
   <w nite:id="ES2007a.C.words338" starttime="794.71" endtime="794.71" punc="true">.</w>
   <vocalsound nite:id="ES2007a.C.words339" starttime="823.568" endtime="823.776" type="other"/>
   <w nite:id="ES2007a.C.words340" starttime="827.51" endtime="827.77">Yeah</w>
   <w nite:id="ES2007a.C.words341" starttime="827.77" endtime="827.77" punc="true">.</w>
   <vocalsound nite:id="ES2007a.C.words342" starttime="856.256" endtime="856.256" type="laugh"/>
   <w nite:id="ES2007a.C.words343" starttime="857.08" endtime="857.18">I&#39;m</w>
   <w nite:id="ES2007a.C.words344" starttime="857.18" endtime="857.32">not</w>
   <w nite:id="ES2007a.C.words345" starttime="857.32" endtime="857.44">sure</w>
   <w nite:id="ES2007a.C.words346" starttime="857.44" endtime="857.5">if</w>
   <w nite:id="ES2007a.C.words347" starttime="857.5" endtime="857.66">that&#39;s</w>
   <w nite:id="ES2007a.C.words348" starttime="857.66" endtime="857.76">like</w>
   <disfmarker nite:id="ES2007a.C.words349" starttime="857.76" endtime="858.041"/>
   <w nite:id="ES2007a.C.words350" starttime="859.44" endtime="859.56">I&#39;m</w>
   <w nite:id="ES2007a.C.words351" starttime="859.56" endtime="859.77">not</w>
   <w nite:id="ES2007a.C.words352" starttime="859.77" endtime="859.93">sure</w>
   <w nite:id="ES2007a.C.words353" starttime="859.93" endtime="860.03">if</w>
   <w nite:id="ES2007a.C.words354" starttime="860.03" endtime="860.16">it&#39;s</w>
   <w nite:id="ES2007a.C.words355" starttime="860.16" endtime="860.24">a</w>
   <w nite:id="ES2007a.C.words356" starttime="860.24" endtime="860.4">good</w>
   <w nite:id="ES2007a.C.words357" starttime="860.4" endtime="860.62">idea</w>
   <w nite:id="ES2007a.C.words358" starttime="860.62" endtime="860.7">to</w>
   <w nite:id="ES2007a.C.words359" starttime="860.7" endtime="860.84">have</w>
   <w nite:id="ES2007a.C.words360" starttime="860.84" endtime="860.89">a</w>
   <w nite:id="ES2007a.C.words361" starttime="860.89" endtime="861.07">two</w>
   <w nite:id="ES2007a.C.words362" starttime="861.07" endtime="861.38">sided</w>
   <w nite:id="ES2007a.C.words363" starttime="861.38" endtime="861.69">remote</w>
   <w nite:id="ES2007a.C.words364" starttime="861.69" endtime="861.82">though</w>
   <w nite:id="ES2007a.C.words365" starttime="861.82" endtime="861.82" punc="true">,</w>
   <w nite:id="ES2007a.C.words366" starttime="861.82" endtime="862.06">&#39;cause</w>
   <w nite:id="ES2007a.C.words367" starttime="862.06" endtime="862.13">it</w>
   <w nite:id="ES2007a.C.words368" starttime="862.13" endtime="862.29">would</w>
   <w nite:id="ES2007a.C.words369" starttime="862.29" endtime="862.35">be</w>
   <w nite:id="ES2007a.C.words370" starttime="862.35" endtime="863.17">very</w>
   <w nite:id="ES2007a.C.words371" starttime="863.17" endtime="863.4">hard</w>
   <w nite:id="ES2007a.C.words372" starttime="863.4" endtime="863.47">to</w>
   <w nite:id="ES2007a.C.words373" starttime="863.47" endtime="863.75">use</w>
   <w nite:id="ES2007a.C.words374" starttime="863.75" endtime="863.9">in</w>
   <w nite:id="ES2007a.C.words375" starttime="863.9" endtime="863.97">the</w>
   <w nite:id="ES2007a.C.words376" starttime="863.97" endtime="864.11">way</w>
   <w nite:id="ES2007a.C.words377" starttime="864.11" endtime="864.21">that</w>
   <w nite:id="ES2007a.C.words378" starttime="864.21" endtime="864.78">you</w>
   <w nite:id="ES2007a.C.words379" starttime="864.78" endtime="864.99" trunc="true">mani</w>
   <w nite:id="ES2007a.C.words380" starttime="864.99" endtime="865.46">manipulate</w>
   <w nite:id="ES2007a.C.words381" starttime="865.46" endtime="865.55">it</w>
   <w nite:id="ES2007a.C.words382" starttime="865.55" endtime="865.55" punc="true">.</w>
   <w nite:id="ES2007a.C.words383" starttime="869.11" endtime="869.35">Oh</w>
   <w nite:id="ES2007a.C.words384" starttime="869.35" endtime="869.35" punc="true">.</w>
   <w nite:id="ES2007a.C.words385" starttime="870.58" endtime="870.79">Oh</w>
   <w nite:id="ES2007a.C.words386" starttime="870.79" endtime="871.01">okay</w>
   <w nite:id="ES2007a.C.words387" starttime="871.01" endtime="871.01" punc="true">.</w>
   <w nite:id="ES2007a.C.words388" starttime="871.48" endtime="871.7">Yeah</w>
   <w nite:id="ES2007a.C.words389" starttime="871.7" endtime="871.7" punc="true">.</w>
   <w nite:id="ES2007a.C.words390" starttime="875.28" endtime="875.6">Okay</w>
   <w nite:id="ES2007a.C.words391" starttime="875.6" endtime="875.6" punc="true">.</w>
   <w nite:id="ES2007a.C.words392" starttime="885.58" endtime="885.81">Mm-hmm</w>
   <w nite:id="ES2007a.C.words393" starttime="885.81" endtime="885.81" punc="true">.</w>
   <w nite:id="ES2007a.C.words394" starttime="899.43" endtime="899.59">Yeah</w>
   <w nite:id="ES2007a.C.words395" starttime="899.59" endtime="899.59" punc="true">,</w>
   <w nite:id="ES2007a.C.words396" starttime="899.59" endtime="899.68">we</w>
   <w nite:id="ES2007a.C.words397" starttime="899.68" endtime="900.87">should</w>
   <w nite:id="ES2007a.C.words398" starttime="900.87" endtime="901.29">uh</w>
   <disfmarker nite:id="ES2007a.C.words399" starttime="901.29" endtime="901.29"/>
   <w nite:id="ES2007a.C.words400" starttime="901.29" endtime="901.41">I</w>
   <w nite:id="ES2007a.C.words401" starttime="901.41" endtime="901.61">guess</w>
   <w nite:id="ES2007a.C.words402" starttime="901.61" endtime="901.7">by</w>
   <w nite:id="ES2007a.C.words403" starttime="901.7" endtime="901.78">the</w>
   <w nite:id="ES2007a.C.words404" starttime="901.78" endtime="901.92">end</w>
   <w nite:id="ES2007a.C.words405" starttime="901.92" endtime="902.0">of</w>
   <w nite:id="ES2007a.C.words406" starttime="902.0" endtime="902.14">this</w>
   <w nite:id="ES2007a.C.words407" starttime="902.14" endtime="902.38">meeting</w>
   <w nite:id="ES2007a.C.words408" starttime="902.38" endtime="902.5">we</w>
   <w nite:id="ES2007a.C.words409" starttime="902.5" endtime="902.64">should</w>
   <w nite:id="ES2007a.C.words410" starttime="902.64" endtime="902.83">have</w>
   <w nite:id="ES2007a.C.words411" starttime="902.83" endtime="902.91">at</w>
   <w nite:id="ES2007a.C.words412" starttime="902.91" endtime="903.17">least</w>
   <w nite:id="ES2007a.C.words413" starttime="903.17" endtime="904.34">a</w>
   <w nite:id="ES2007a.C.words414" starttime="904.34" endtime="904.44">a</w>
   <w nite:id="ES2007a.C.words415" starttime="904.44" endtime="904.63">rough</w>
   <w nite:id="ES2007a.C.words416" starttime="904.63" endtime="905.31" mispronounced="true">conception</w>
   <disfmarker nite:id="ES2007a.C.words417" starttime="905.31" endtime="905.31"/>
   <w nite:id="ES2007a.C.words418" starttime="905.31" endtime="905.37">you</w>
   <w nite:id="ES2007a.C.words419" starttime="905.37" endtime="905.62">know</w>
   <gap nite:id="ES2007a.C.words420" starttime="905.62" endtime="905.62"/>
   <w nite:id="ES2007a.C.words421" starttime="905.62" endtime="906.08">stage</w>
   <w nite:id="ES2007a.C.words422" starttime="906.08" endtime="906.33">one</w>
   <w nite:id="ES2007a.C.words423" starttime="906.33" endtime="907.09">was</w>
   <w nite:id="ES2007a.C.words424" starttime="907.09" endtime="907.54">technical</w>
   <w nite:id="ES2007a.C.words425" starttime="907.54" endtime="907.98">functions</w>
   <w nite:id="ES2007a.C.words426" starttime="907.98" endtime="908.45">design</w>
   <w nite:id="ES2007a.C.words427" starttime="908.45" endtime="908.45" punc="true">,</w>
   <w nite:id="ES2007a.C.words428" starttime="908.45" endtime="908.61">what</w>
   <w nite:id="ES2007a.C.words429" starttime="908.61" endtime="908.92">effect</w>
   <w nite:id="ES2007a.C.words430" starttime="908.92" endtime="908.99">the</w>
   <w nite:id="ES2007a.C.words431" starttime="908.99" endtime="909.43">apparatus</w>
   <w nite:id="ES2007a.C.words432" starttime="909.43" endtime="909.62">should</w>
   <w nite:id="ES2007a.C.words433" starttime="909.62" endtime="910.36">have</w>
   <w nite:id="ES2007a.C.words434" starttime="910.36" endtime="910.36" punc="true">.</w>
   <w nite:id="ES2007a.C.words435" starttime="910.36" endtime="910.9">Okay</w>
   <w nite:id="ES2007a.C.words436" starttime="910.9" endtime="910.9" punc="true">.</w>
   <w nite:id="ES2007a.C.words437" starttime="910.9" endtime="912.08">Um</w>
   <w nite:id="ES2007a.C.words438" starttime="912.08" endtime="912.19">so</w>
   <w nite:id="ES2007a.C.words439" starttime="912.19" endtime="912.22">I</w>
   <w nite:id="ES2007a.C.words440" starttime="912.22" endtime="912.32">mean</w>
   <w nite:id="ES2007a.C.words441" starttime="912.32" endtime="912.41">we</w>
   <w nite:id="ES2007a.C.words442" starttime="912.41" endtime="912.58">still</w>
   <w nite:id="ES2007a.C.words443" starttime="912.58" endtime="912.7">have</w>
   <w nite:id="ES2007a.C.words444" starttime="912.7" endtime="913.11">time</w>
   <w nite:id="ES2007a.C.words445" starttime="913.11" endtime="913.2">in</w>
   <w nite:id="ES2007a.C.words446" starttime="913.2" endtime="913.28">our</w>
   <w nite:id="ES2007a.C.words447" starttime="913.28" endtime="913.55">next</w>
   <w nite:id="ES2007a.C.words448" starttime="913.55" endtime="913.78">meeting</w>
   <w nite:id="ES2007a.C.words449" starttime="913.78" endtime="913.86">to</w>
   <w nite:id="ES2007a.C.words450" starttime="913.86" endtime="914.02">come</w>
   <w nite:id="ES2007a.C.words451" starttime="914.02" endtime="914.14">up</w>
   <w nite:id="ES2007a.C.words452" starttime="914.14" endtime="914.23">with</w>
   <w nite:id="ES2007a.C.words453" starttime="914.23" endtime="914.31">the</w>
   <w nite:id="ES2007a.C.words454" starttime="914.31" endtime="914.6">actual</w>
   <w nite:id="ES2007a.C.words455" starttime="914.6" endtime="915.03">concept</w>
   <w nite:id="ES2007a.C.words456" starttime="915.03" endtime="915.15">for</w>
   <w nite:id="ES2007a.C.words457" starttime="915.15" endtime="915.23">the</w>
   <w nite:id="ES2007a.C.words458" starttime="915.23" endtime="915.48">user</w>
   <w nite:id="ES2007a.C.words459" starttime="915.48" endtime="916.47">interface</w>
   <w nite:id="ES2007a.C.words460" starttime="916.47" endtime="916.47" punc="true">,</w>
   <w nite:id="ES2007a.C.words461" starttime="916.47" endtime="916.63">but</w>
   <w nite:id="ES2007a.C.words462" starttime="916.63" endtime="916.76">the</w>
   <w nite:id="ES2007a.C.words463" starttime="916.76" endtime="916.88">the</w>
   <w nite:id="ES2007a.C.words464" starttime="916.88" endtime="917.37">functions</w>
   <w nite:id="ES2007a.C.words465" starttime="917.37" endtime="917.47">that</w>
   <w nite:id="ES2007a.C.words466" starttime="917.47" endtime="917.6">we&#39;re</w>
   <w nite:id="ES2007a.C.words467" starttime="917.6" endtime="917.82">sure</w>
   <w nite:id="ES2007a.C.words468" starttime="917.82" endtime="917.92">that</w>
   <w nite:id="ES2007a.C.words469" starttime="917.92" endtime="918.01">we</w>
   <w nite:id="ES2007a.C.words470" starttime="918.01" endtime="918.3">want</w>
   <w nite:id="ES2007a.C.words471" starttime="918.3" endtime="918.4">are</w>
   <w nite:id="ES2007a.C.words472" starttime="918.4" endtime="918.55">that</w>
   <w nite:id="ES2007a.C.words473" starttime="918.55" endtime="918.7">it</w>
   <w nite:id="ES2007a.C.words474" starttime="918.7" endtime="919.53">can</w>
   <w nite:id="ES2007a.C.words475" starttime="919.53" endtime="919.84">control</w>
   <w nite:id="ES2007a.C.words476" starttime="919.84" endtime="919.92">the</w>
   <w nite:id="ES2007a.C.words477" starttime="919.92" endtime="920.26">T_V_</w>
   <w nite:id="ES2007a.C.words478" starttime="920.26" endtime="920.26" punc="true">,</w>
   <w nite:id="ES2007a.C.words479" starttime="920.26" endtime="920.51">but</w>
   <w nite:id="ES2007a.C.words480" starttime="920.51" endtime="920.79">also</w>
   <w nite:id="ES2007a.C.words481" starttime="920.79" endtime="921.27">devices</w>
   <w nite:id="ES2007a.C.words482" starttime="921.27" endtime="921.65">connected</w>
   <w nite:id="ES2007a.C.words483" starttime="921.65" endtime="921.78">to</w>
   <w nite:id="ES2007a.C.words484" starttime="921.78" endtime="922.94">the</w>
   <w nite:id="ES2007a.C.words485" starttime="922.94" endtime="923.05">to</w>
   <w nite:id="ES2007a.C.words486" starttime="923.05" endtime="923.13">the</w>
   <w nite:id="ES2007a.C.words487" starttime="923.13" endtime="923.48">T_V_</w>
   <w nite:id="ES2007a.C.words488" starttime="923.48" endtime="923.48" punc="true">,</w>
   <w nite:id="ES2007a.C.words489" starttime="923.48" endtime="923.51">I</w>
   <w nite:id="ES2007a.C.words490" starttime="923.51" endtime="924.26">mean</w>
   <w nite:id="ES2007a.C.words491" starttime="924.26" endtime="924.26" punc="true">,</w>
   <w nite:id="ES2007a.C.words492" starttime="924.26" endtime="924.35">be</w>
   <w nite:id="ES2007a.C.words493" starttime="924.35" endtime="924.48">able</w>
   <w nite:id="ES2007a.C.words494" starttime="924.48" endtime="924.56">to</w>
   <w nite:id="ES2007a.C.words495" starttime="924.56" endtime="924.94">operate</w>
   <w nite:id="ES2007a.C.words496" starttime="926.29" endtime="926.62">D_V_D_</w>
   <w nite:id="ES2007a.C.words497" starttime="926.62" endtime="927.98">players</w>
   <w nite:id="ES2007a.C.words498" starttime="927.98" endtime="927.98" punc="true">,</w>
   <w nite:id="ES2007a.C.words499" starttime="927.98" endtime="928.2">things</w>
   <w nite:id="ES2007a.C.words500" starttime="928.2" endtime="928.34">like</w>
   <w nite:id="ES2007a.C.words501" starttime="928.34" endtime="928.55">that</w>
   <w nite:id="ES2007a.C.words502" starttime="928.55" endtime="928.55" punc="true">.</w>
   <w nite:id="ES2007a.C.words503" starttime="942.16" endtime="942.46">Yeah</w>
   <w nite:id="ES2007a.C.words504" starttime="942.46" endtime="942.46" punc="true">.</w>
   <w nite:id="ES2007a.C.words505" starttime="947.22" endtime="947.45">Okay</w>
   <w nite:id="ES2007a.C.words506" starttime="947.45" endtime="947.45" punc="true">.</w>
   <w nite:id="ES2007a.C.words507" starttime="951.67" endtime="951.85">Right</w>
   <w nite:id="ES2007a.C.words508" starttime="951.85" endtime="951.85" punc="true">.</w>
   <w nite:id="ES2007a.C.words509" starttime="955.81" endtime="956.17">Yeah</w>
   <w nite:id="ES2007a.C.words510" starttime="956.17" endtime="956.17" punc="true">,</w>
   <w nite:id="ES2007a.C.words511" starttime="956.17" endtime="956.21">I</w>
   <w nite:id="ES2007a.C.words512" starttime="956.21" endtime="956.37">mean</w>
   <gap nite:id="ES2007a.C.words513" starttime="956.37" endtime="956.37"/>
   <w nite:id="ES2007a.C.words514" starttime="956.37" endtime="956.37" punc="true">.</w>
   <w nite:id="ES2007a.C.words515" starttime="961.3" endtime="961.52">Yeah</w>
   <w nite:id="ES2007a.C.words516" starttime="961.52" endtime="961.52" punc="true">,</w>
   <w nite:id="ES2007a.C.words517" starttime="961.52" endtime="961.7">that&#39;s</w>
   <w nite:id="ES2007a.C.words518" starttime="961.7" endtime="961.94">true</w>
   <w nite:id="ES2007a.C.words519" starttime="961.94" endtime="961.94" punc="true">,</w>
   <w nite:id="ES2007a.C.words520" starttime="961.94" endtime="962.1">maybe</w>
   <w nite:id="ES2007a.C.words521" starttime="962.1" endtime="962.18">we</w>
   <w nite:id="ES2007a.C.words522" starttime="962.18" endtime="962.34">should</w>
   <w nite:id="ES2007a.C.words523" starttime="962.34" endtime="962.49">just</w>
   <w nite:id="ES2007a.C.words524" starttime="962.49" endtime="962.98">concentrate</w>
   <w nite:id="ES2007a.C.words525" starttime="962.98" endtime="963.08">on</w>
   <w nite:id="ES2007a.C.words526" starttime="963.08" endtime="963.37">having</w>
   <w nite:id="ES2007a.C.words527" starttime="963.37" endtime="963.56">a</w>
   <w nite:id="ES2007a.C.words528" starttime="963.56" endtime="963.67">a</w>
   <w nite:id="ES2007a.C.words529" starttime="963.67" endtime="963.82">good</w>
   <w nite:id="ES2007a.C.words530" starttime="963.82" endtime="964.09">T_V_</w>
   <w nite:id="ES2007a.C.words531" starttime="964.09" endtime="964.5">remote</w>
   <w nite:id="ES2007a.C.words532" starttime="964.5" endtime="964.5" punc="true">,</w>
   <w nite:id="ES2007a.C.words533" starttime="964.5" endtime="964.61">and</w>
   <w nite:id="ES2007a.C.words534" starttime="964.61" endtime="964.76">have</w>
   <w nite:id="ES2007a.C.words535" starttime="964.76" endtime="964.9">it</w>
   <w nite:id="ES2007a.C.words536" starttime="964.9" endtime="966.21">be</w>
   <w nite:id="ES2007a.C.words537" starttime="966.21" endtime="966.7">um</w>
   <w nite:id="ES2007a.C.words538" starttime="969.3" endtime="969.45">have</w>
   <w nite:id="ES2007a.C.words539" starttime="969.45" endtime="969.55">it</w>
   <w nite:id="ES2007a.C.words540" starttime="969.55" endtime="969.66">be</w>
   <w nite:id="ES2007a.C.words541" starttime="969.66" endtime="969.87">like</w>
   <w nite:id="ES2007a.C.words542" starttime="969.87" endtime="970.65">ergonomic</w>
   <w nite:id="ES2007a.C.words543" starttime="970.65" endtime="970.81">so</w>
   <w nite:id="ES2007a.C.words544" starttime="970.81" endtime="970.93">it&#39;s</w>
   <w nite:id="ES2007a.C.words545" starttime="970.93" endtime="971.35">comfortable</w>
   <w nite:id="ES2007a.C.words546" starttime="971.35" endtime="971.42">to</w>
   <w nite:id="ES2007a.C.words547" starttime="971.42" endtime="971.98">use</w>
   <w nite:id="ES2007a.C.words548" starttime="971.98" endtime="971.98" punc="true">,</w>
   <w nite:id="ES2007a.C.words549" starttime="971.98" endtime="972.21">uh</w>
   <w nite:id="ES2007a.C.words550" starttime="972.21" endtime="972.54">simple</w>
   <w nite:id="ES2007a.C.words551" starttime="972.54" endtime="972.69">to</w>
   <w nite:id="ES2007a.C.words552" starttime="972.69" endtime="973.28">use</w>
   <w nite:id="ES2007a.C.words553" starttime="973.28" endtime="973.28" punc="true">,</w>
   <w nite:id="ES2007a.C.words554" starttime="973.28" endtime="973.98">and</w>
   <w nite:id="ES2007a.C.words555" starttime="973.98" endtime="974.63">looks</w>
   <w nite:id="ES2007a.C.words556" starttime="974.63" endtime="975.23">decent</w>
   <w nite:id="ES2007a.C.words557" starttime="975.23" endtime="975.56">and</w>
   <disfmarker nite:id="ES2007a.C.words558" starttime="975.56" endtime="975.745"/>
   <w nite:id="ES2007a.C.words559" starttime="988.93" endtime="989.15">Sorta</w>
   <w nite:id="ES2007a.C.words560" starttime="989.15" endtime="989.39">find</w>
   <w nite:id="ES2007a.C.words561" starttime="989.39" endtime="989.43">a</w>
   <w nite:id="ES2007a.C.words562" starttime="989.43" endtime="989.71" mispronounced="true">niche</w>
   <w nite:id="ES2007a.C.words563" starttime="989.71" endtime="989.92">for</w>
   <w nite:id="ES2007a.C.words564" starttime="989.92" endtime="990.1">our</w>
   <w nite:id="ES2007a.C.words565" starttime="990.1" endtime="990.54">remote</w>
   <w nite:id="ES2007a.C.words566" starttime="990.54" endtime="990.54" punc="true">,</w>
   <w nite:id="ES2007a.C.words567" starttime="990.54" endtime="990.75">like</w>
   <w nite:id="ES2007a.C.words568" starttime="990.75" endtime="991.03">market</w>
   <w nite:id="ES2007a.C.words569" starttime="991.03" endtime="991.12">it</w>
   <w nite:id="ES2007a.C.words570" starttime="991.12" endtime="991.23">to</w>
   <w nite:id="ES2007a.C.words571" starttime="991.23" endtime="991.29">a</w>
   <w nite:id="ES2007a.C.words572" starttime="991.29" endtime="992.22">certain</w>
   <w nite:id="ES2007a.C.words573" starttime="992.22" endtime="992.44">kind</w>
   <w nite:id="ES2007a.C.words574" starttime="992.44" endtime="992.53">of</w>
   <w nite:id="ES2007a.C.words575" starttime="992.53" endtime="992.83" trunc="true">p</w>
   <w nite:id="ES2007a.C.words576" starttime="992.83" endtime="993.0">kind</w>
   <w nite:id="ES2007a.C.words577" starttime="993.0" endtime="993.1">of</w>
   <w nite:id="ES2007a.C.words578" starttime="993.1" endtime="993.41">people</w>
   <w nite:id="ES2007a.C.words579" starttime="993.41" endtime="993.41" punc="true">,</w>
   <w nite:id="ES2007a.C.words580" starttime="994.52" endtime="995.13">certain</w>
   <w nite:id="ES2007a.C.words581" starttime="995.13" endtime="995.38">certain</w>
   <w nite:id="ES2007a.C.words582" starttime="995.38" endtime="996.14">demographic</w>
   <disfmarker nite:id="ES2007a.C.words583" starttime="996.14" endtime="996.178"/>
   <vocalsound nite:id="ES2007a.C.words584" starttime="997.328" endtime="998.873" type="laugh"/>
   <w nite:id="ES2007a.C.words585" starttime="1003.7" endtime="1004.01">Yeah</w>
   <w nite:id="ES2007a.C.words586" starttime="1004.01" endtime="1004.01" punc="true">,</w>
   <w nite:id="ES2007a.C.words587" starttime="1004.01" endtime="1004.19">no</w>
   <w nite:id="ES2007a.C.words588" starttime="1004.19" endtime="1004.24">I</w>
   <w nite:id="ES2007a.C.words589" starttime="1004.24" endtime="1004.42">think</w>
   <w nite:id="ES2007a.C.words590" starttime="1004.42" endtime="1004.52">you&#39;re</w>
   <w nite:id="ES2007a.C.words591" starttime="1004.52" endtime="1004.67">right</w>
   <w nite:id="ES2007a.C.words592" starttime="1004.67" endtime="1004.67" punc="true">.</w>
   <w nite:id="ES2007a.C.words593" starttime="1007.52" endtime="1007.76">Yeah</w>
   <w nite:id="ES2007a.C.words594" starttime="1007.76" endtime="1007.76" punc="true">,</w>
   <w nite:id="ES2007a.C.words595" starttime="1007.76" endtime="1008.06" trunc="true">rathe</w>
   <w nite:id="ES2007a.C.words596" starttime="1008.06" endtime="1008.32">rather</w>
   <w nite:id="ES2007a.C.words597" starttime="1008.32" endtime="1008.53">than</w>
   <w nite:id="ES2007a.C.words598" starttime="1008.53" endtime="1008.92">focus</w>
   <w nite:id="ES2007a.C.words599" starttime="1008.92" endtime="1009.33">on</w>
   <disfmarker nite:id="ES2007a.C.words600" starttime="1009.33" endtime="1009.36"/>
   <w nite:id="ES2007a.C.words601" starttime="1009.99" endtime="1010.79" trunc="true">Y</w>
   <vocalsound nite:id="ES2007a.C.words602" starttime="1010.79" endtime="1010.86" type="other"/>
   <w nite:id="ES2007a.C.words603" starttime="1013.42" endtime="1013.78">Yeah</w>
   <w nite:id="ES2007a.C.words604" starttime="1013.78" endtime="1013.78" punc="true">.</w>
   <w nite:id="ES2007a.C.words605" starttime="1019.48" endtime="1019.74">Yeah</w>
   <w nite:id="ES2007a.C.words606" starttime="1019.74" endtime="1019.74" punc="true">.</w>
   <vocalsound nite:id="ES2007a.C.words607" starttime="1026.334" endtime="1026.334" type="laugh"/>
   <w nite:id="ES2007a.C.words608" starttime="1028.75" endtime="1029.14">Remotes</w>
   <w nite:id="ES2007a.C.words609" starttime="1029.14" endtime="1029.42">spinning</w>
   <w nite:id="ES2007a.C.words610" starttime="1029.42" endtime="1029.55">out</w>
   <w nite:id="ES2007a.C.words611" starttime="1029.55" endtime="1029.7">from</w>
   <w nite:id="ES2007a.C.words612" starttime="1029.7" endtime="1029.87">other</w>
   <w nite:id="ES2007a.C.words613" starttime="1029.87" endtime="1030.39">remotes</w>
   <w nite:id="ES2007a.C.words614" starttime="1030.39" endtime="1031.01">and</w>
   <w nite:id="ES2007a.C.words615" starttime="1031.01" endtime="1031.25">having</w>
   <w nite:id="ES2007a.C.words616" starttime="1031.25" endtime="1031.44">little</w>
   <w nite:id="ES2007a.C.words617" starttime="1031.44" endtime="1031.78">nested</w>
   <w nite:id="ES2007a.C.words618" starttime="1031.78" endtime="1032.21">remotes</w>
   <w nite:id="ES2007a.C.words619" starttime="1032.21" endtime="1034.51">inside</w>
   <w nite:id="ES2007a.C.words620" starttime="1034.51" endtime="1034.51" punc="true">.</w>
   <vocalsound nite:id="ES2007a.C.words621" starttime="1034.51" endtime="1035.414" type="laugh"/>
   <w nite:id="ES2007a.C.words622" starttime="1071.67" endtime="1071.76">Yeah</w>
   <w nite:id="ES2007a.C.words623" starttime="1071.76" endtime="1071.76" punc="true">,</w>
   <w nite:id="ES2007a.C.words624" starttime="1071.76" endtime="1071.94">that&#39;s</w>
   <w nite:id="ES2007a.C.words625" starttime="1071.94" endtime="1072.13">true</w>
   <w nite:id="ES2007a.C.words626" starttime="1072.13" endtime="1072.26">what</w>
   <w nite:id="ES2007a.C.words627" starttime="1072.26" endtime="1072.32">you</w>
   <w nite:id="ES2007a.C.words628" starttime="1072.32" endtime="1072.38">were</w>
   <w nite:id="ES2007a.C.words629" starttime="1072.38" endtime="1072.64">saying</w>
   <w nite:id="ES2007a.C.words630" starttime="1072.64" endtime="1072.64" punc="true">,</w>
   <w nite:id="ES2007a.C.words631" starttime="1072.64" endtime="1072.67">I</w>
   <w nite:id="ES2007a.C.words632" starttime="1072.67" endtime="1072.77">mean</w>
   <w nite:id="ES2007a.C.words633" starttime="1072.77" endtime="1072.83">it</w>
   <w nite:id="ES2007a.C.words634" starttime="1072.83" endtime="1073.02">doesn&#39;t</w>
   <w nite:id="ES2007a.C.words635" starttime="1073.02" endtime="1073.17">have</w>
   <w nite:id="ES2007a.C.words636" starttime="1073.17" endtime="1073.24">to</w>
   <w nite:id="ES2007a.C.words637" starttime="1073.24" endtime="1073.37">have</w>
   <w nite:id="ES2007a.C.words638" starttime="1073.37" endtime="1073.46">a</w>
   <w nite:id="ES2007a.C.words639" starttime="1073.46" endtime="1073.68">flip</w>
   <w nite:id="ES2007a.C.words640" starttime="1073.68" endtime="1074.04">function</w>
   <w nite:id="ES2007a.C.words641" starttime="1074.04" endtime="1074.04" punc="true">,</w>
   <w nite:id="ES2007a.C.words642" starttime="1074.04" endtime="1074.15">it</w>
   <w nite:id="ES2007a.C.words643" starttime="1074.15" endtime="1074.24">can</w>
   <w nite:id="ES2007a.C.words644" starttime="1074.24" endtime="1074.38">just</w>
   <w nite:id="ES2007a.C.words645" starttime="1074.38" endtime="1074.49">have</w>
   <w nite:id="ES2007a.C.words646" starttime="1074.49" endtime="1074.55">a</w>
   <w nite:id="ES2007a.C.words647" starttime="1074.55" endtime="1074.77">lock</w>
   <w nite:id="ES2007a.C.words648" starttime="1074.77" endtime="1075.2">function</w>
   <w nite:id="ES2007a.C.words649" starttime="1075.2" endtime="1075.2" punc="true">,</w>
   <w nite:id="ES2007a.C.words650" starttime="1075.2" endtime="1075.39">so</w>
   <w nite:id="ES2007a.C.words651" starttime="1075.39" endtime="1075.53">that</w>
   <w nite:id="ES2007a.C.words652" starttime="1075.53" endtime="1076.13">it&#39;s</w>
   <w nite:id="ES2007a.C.words653" starttime="1076.13" endtime="1076.6">not</w>
   <w nite:id="ES2007a.C.words654" starttime="1076.6" endtime="1077.48">uh</w>
   <w nite:id="ES2007a.C.words655" starttime="1077.48" endtime="1077.63">not</w>
   <w nite:id="ES2007a.C.words656" starttime="1077.63" endtime="1077.95">usable</w>
   <w nite:id="ES2007a.C.words657" starttime="1077.95" endtime="1078.06">when</w>
   <w nite:id="ES2007a.C.words658" starttime="1078.06" endtime="1078.13">you</w>
   <w nite:id="ES2007a.C.words659" starttime="1078.13" endtime="1078.28">don&#39;t</w>
   <w nite:id="ES2007a.C.words660" starttime="1078.28" endtime="1078.41">want</w>
   <w nite:id="ES2007a.C.words661" starttime="1078.41" endtime="1078.49">it</w>
   <w nite:id="ES2007a.C.words662" starttime="1078.49" endtime="1078.58">to</w>
   <w nite:id="ES2007a.C.words663" starttime="1078.58" endtime="1078.64">be</w>
   <w nite:id="ES2007a.C.words664" starttime="1078.64" endtime="1079.05">usable</w>
   <w nite:id="ES2007a.C.words665" starttime="1079.05" endtime="1079.05" punc="true">.</w>
   <vocalsound nite:id="ES2007a.C.words666" starttime="1090.494" endtime="1092.055" type="laugh"/>
   <w nite:id="ES2007a.C.words667" starttime="1099.68" endtime="1099.8" mispronounced="true">I</w>
   <w nite:id="ES2007a.C.words668" starttime="1099.8" endtime="1100.02">guess</w>
   <w nite:id="ES2007a.C.words669" starttime="1100.02" endtime="1101.23">that&#39;s</w>
   <w nite:id="ES2007a.C.words670" starttime="1101.23" endtime="1101.41">good</w>
   <w nite:id="ES2007a.C.words671" starttime="1101.41" endtime="1101.56">good</w>
   <w nite:id="ES2007a.C.words672" starttime="1101.56" endtime="1101.71">for</w>
   <w nite:id="ES2007a.C.words673" starttime="1101.71" endtime="1102.02">now</w>
   <w nite:id="ES2007a.C.words674" starttime="1102.02" endtime="1102.02" punc="true">.</w>
   <w nite:id="ES2007a.C.words675" starttime="1126.94" endtime="1127.1">That&#39;s</w>
   <w nite:id="ES2007a.C.words676" starttime="1127.1" endtime="1128.23">me</w>
   <w nite:id="ES2007a.C.words677" starttime="1128.23" endtime="1128.23" punc="true">.</w>
   <w nite:id="ES2007a.C.words678" starttime="1128.23" endtime="1128.49">Okay</w>
   <w nite:id="ES2007a.C.words679" starttime="1128.49" endtime="1128.49" punc="true">.</w>
   <w nite:id="ES2007a.C.words680" starttime="1133.87" endtime="1134.76">Right</w>
   <w nite:id="ES2007a.C.words681" starttime="1134.76" endtime="1134.76" punc="true">.</w>
   <w nite:id="ES2007a.C.words682" starttime="1134.76" endtime="1134.99">Right</w>
   <w nite:id="ES2007a.C.words683" starttime="1134.99" endtime="1134.99" punc="true">.</w>
   <w nite:id="ES2007a.C.words684" starttime="1167.89" endtime="1168.06">Yeah</w>
   <w nite:id="ES2007a.C.words685" starttime="1168.06" endtime="1168.06" punc="true">,</w>
   <w nite:id="ES2007a.C.words686" starttime="1168.06" endtime="1168.12">it</w>
   <w nite:id="ES2007a.C.words687" starttime="1168.12" endtime="1168.3">does</w>
   <w nite:id="ES2007a.C.words688" starttime="1168.3" endtime="1168.52">seem</w>
   <w nite:id="ES2007a.C.words689" starttime="1168.52" endtime="1168.73">like</w>
   <w nite:id="ES2007a.C.words690" starttime="1168.73" endtime="1169.04">our</w>
   <w nite:id="ES2007a.C.words691" starttime="1169.04" endtime="1169.16">our</w>
   <w nite:id="ES2007a.C.words692" starttime="1169.16" endtime="1170.08">responsibilities</w>
   <w nite:id="ES2007a.C.words693" starttime="1170.08" endtime="1171.36">have</w>
   <w nite:id="ES2007a.C.words694" starttime="1171.36" endtime="1171.55">some</w>
   <w nite:id="ES2007a.C.words695" starttime="1171.55" endtime="1171.96">overlap</w>
   <w nite:id="ES2007a.C.words696" starttime="1171.96" endtime="1171.96" punc="true">.</w>
   <w nite:id="ES2007a.C.words697" starttime="1174.09" endtime="1174.42">Yeah</w>
   <w nite:id="ES2007a.C.words698" starttime="1174.42" endtime="1174.42" punc="true">.</w>
   <vocalsound nite:id="ES2007a.C.words699" starttime="1195.968" endtime="1196.304" type="other"/>
   <w nite:id="ES2007a.C.words700" starttime="1198.08" endtime="1198.41">Alright</w>
   <w nite:id="ES2007a.C.words701" starttime="1198.41" endtime="1198.41" punc="true">,</w>
   <w nite:id="ES2007a.C.words702" starttime="1198.41" endtime="1198.63">see</w>
   <w nite:id="ES2007a.C.words703" starttime="1198.63" endtime="1198.74">you</w>
   <w nite:id="ES2007a.C.words704" starttime="1198.74" endtime="1198.85">in</w>
   <w nite:id="ES2007a.C.words705" starttime="1198.85" endtime="1199.1">thirty</w>
   <w nite:id="ES2007a.C.words706" starttime="1199.1" endtime="1199.6">minutes</w>
   <w nite:id="ES2007a.C.words707" starttime="1199.6" endtime="1199.6" punc="true">.</w>
   <vocalsound nite:id="ES2007a.C.words708" starttime="1200.209" endtime="1201.826" type="laugh"/>
</nite:root>