<?xml version="1.0" encoding="ISO-8859-1" standalone="yes"?>
<nite:root nite:id="ES2007a.D.words" xmlns:nite="http://nite.sourceforge.net/">
   <w nite:id="ES2007a.D.words0" starttime="49.96" endtime="50.02">Is</w>
   <w nite:id="ES2007a.D.words1" starttime="50.02" endtime="50.15">that</w>
   <w nite:id="ES2007a.D.words2" starttime="50.15" endtime="51.48">alright</w>
   <w nite:id="ES2007a.D.words3" starttime="51.48" endtime="51.48" punc="true">?</w>
   <vocalsound nite:id="ES2007a.D.words4" starttime="51.48" endtime="51.607" type="laugh"/>
   <gap nite:id="ES2007a.D.words5" starttime="54.254" endtime="54.254"/>
   <w nite:id="ES2007a.D.words6" starttime="55.67" endtime="56.13">or</w>
   <disfmarker nite:id="ES2007a.D.words7" starttime="56.13" endtime="56.531"/>
   <w nite:id="ES2007a.D.words8" starttime="60.35" endtime="60.96">Okay</w>
   <w nite:id="ES2007a.D.words9" starttime="60.96" endtime="60.96" punc="true">.</w>
   <w nite:id="ES2007a.D.words10" starttime="69.39" endtime="69.6">Keeps</w>
   <w nite:id="ES2007a.D.words11" starttime="69.6" endtime="69.93">coming</w>
   <w nite:id="ES2007a.D.words12" starttime="69.93" endtime="70.39">off</w>
   <w nite:id="ES2007a.D.words13" starttime="70.39" endtime="70.39" punc="true">.</w>
   <w nite:id="ES2007a.D.words14" starttime="70.39" endtime="70.51">&#39;S</w>
   <w nite:id="ES2007a.D.words15" starttime="70.51" endtime="71.19">fiddly</w>
   <w nite:id="ES2007a.D.words16" starttime="71.19" endtime="71.19" punc="true">.</w>
   <vocalsound nite:id="ES2007a.D.words17" starttime="85.599" endtime="87.661" type="other"/>
   <w nite:id="ES2007a.D.words18" starttime="89.47" endtime="90.07">Right</w>
   <w nite:id="ES2007a.D.words19" starttime="90.07" endtime="90.07" punc="true">.</w>
   <w nite:id="ES2007a.D.words20" starttime="96.87" endtime="97.05">Oh</w>
   <w nite:id="ES2007a.D.words21" starttime="97.05" endtime="97.05" punc="true">,</w>
   <w nite:id="ES2007a.D.words22" starttime="97.05" endtime="97.3">another</w>
   <w nite:id="ES2007a.D.words23" starttime="97.3" endtime="97.68">one</w>
   <w nite:id="ES2007a.D.words24" starttime="97.68" endtime="97.68" punc="true">.</w>
   <vocalsound nite:id="ES2007a.D.words25" starttime="153.899" endtime="153.899" type="cough"/>
   <w nite:id="ES2007a.D.words26" starttime="156.27" endtime="156.56">Ah</w>
   <w nite:id="ES2007a.D.words27" starttime="156.56" endtime="156.56" punc="true">.</w>
   <w nite:id="ES2007a.D.words28" starttime="158.91" endtime="159.09">Very</w>
   <w nite:id="ES2007a.D.words29" starttime="159.09" endtime="159.24">nice</w>
   <w nite:id="ES2007a.D.words30" starttime="159.24" endtime="159.24" punc="true">.</w>
   <w nite:id="ES2007a.D.words31" starttime="193.63" endtime="194.22">&#39;Kay</w>
   <w nite:id="ES2007a.D.words32" starttime="194.22" endtime="194.22" punc="true">.</w>
   <w nite:id="ES2007a.D.words33" starttime="222.96" endtime="223.83">Okay</w>
   <w nite:id="ES2007a.D.words34" starttime="223.83" endtime="223.83" punc="true">.</w>
   <vocalsound nite:id="ES2007a.D.words35" starttime="237.59" endtime="238.628" type="cough"/>
   <w nite:id="ES2007a.D.words36" starttime="239.98" endtime="241.64">Clip</w>
   <gap nite:id="ES2007a.D.words37" starttime="241.64" endtime="241.64"/>
   <w nite:id="ES2007a.D.words38" starttime="241.64" endtime="241.64" punc="true">.</w>
   <w nite:id="ES2007a.D.words39" starttime="259.83" endtime="260.01">Ah</w>
   <w nite:id="ES2007a.D.words40" starttime="260.01" endtime="260.01" punc="true">.</w>
   <w nite:id="ES2007a.D.words41" starttime="265.89" endtime="266.03">It&#39;s</w>
   <w nite:id="ES2007a.D.words42" starttime="266.03" endtime="266.17">an</w>
   <w nite:id="ES2007a.D.words43" starttime="266.17" endtime="267.87">elephant</w>
   <w nite:id="ES2007a.D.words44" starttime="267.87" endtime="267.87" punc="true">.</w>
   <vocalsound nite:id="ES2007a.D.words45" starttime="267.87" endtime="268.512" type="laugh"/>
   <w nite:id="ES2007a.D.words46" starttime="271.52" endtime="271.59">Oh</w>
   <w nite:id="ES2007a.D.words47" starttime="271.59" endtime="271.77">my</w>
   <w nite:id="ES2007a.D.words48" starttime="271.77" endtime="272.58" mispronounced="true">gosh</w>
   <w nite:id="ES2007a.D.words49" starttime="272.58" endtime="272.58" punc="true">,</w>
   <w nite:id="ES2007a.D.words50" starttime="272.58" endtime="272.72">I&#39;m</w>
   <w nite:id="ES2007a.D.words51" starttime="272.72" endtime="272.94">never</w>
   <w nite:id="ES2007a.D.words52" starttime="272.94" endtime="273.19">gonna</w>
   <w nite:id="ES2007a.D.words53" starttime="273.19" endtime="273.25">be</w>
   <w nite:id="ES2007a.D.words54" starttime="273.25" endtime="273.38">able</w>
   <w nite:id="ES2007a.D.words55" starttime="273.38" endtime="273.5">to</w>
   <w nite:id="ES2007a.D.words56" starttime="273.5" endtime="273.73">draw</w>
   <w nite:id="ES2007a.D.words57" starttime="273.73" endtime="273.92">that</w>
   <w nite:id="ES2007a.D.words58" starttime="273.92" endtime="277.05">well</w>
   <w nite:id="ES2007a.D.words59" starttime="277.05" endtime="277.05" punc="true">.</w>
   <vocalsound nite:id="ES2007a.D.words60" starttime="277.05" endtime="277.136" type="laugh"/>
   <w nite:id="ES2007a.D.words61" starttime="286.96" endtime="287.11">Does</w>
   <w nite:id="ES2007a.D.words62" starttime="287.11" endtime="288.68">it</w>
   <w nite:id="ES2007a.D.words63" starttime="288.68" endtime="288.68" punc="true">?</w>
   <w nite:id="ES2007a.D.words64" starttime="288.68" endtime="288.83">Oh</w>
   <w nite:id="ES2007a.D.words65" starttime="288.83" endtime="288.83" punc="true">.</w>
   <w nite:id="ES2007a.D.words66" starttime="293.24" endtime="293.51">Mm</w>
   <w nite:id="ES2007a.D.words67" starttime="293.51" endtime="293.51" punc="true">.</w>
   <w nite:id="ES2007a.D.words68" starttime="317.92" endtime="318.11">I</w>
   <w nite:id="ES2007a.D.words69" starttime="318.11" endtime="318.22">have</w>
   <w nite:id="ES2007a.D.words70" starttime="318.22" endtime="318.31">no</w>
   <w nite:id="ES2007a.D.words71" starttime="318.31" endtime="318.56">idea</w>
   <w nite:id="ES2007a.D.words72" starttime="318.56" endtime="318.67">what</w>
   <w nite:id="ES2007a.D.words73" starttime="318.67" endtime="318.77">my</w>
   <w nite:id="ES2007a.D.words74" starttime="318.77" endtime="319.07">favourite</w>
   <w nite:id="ES2007a.D.words75" starttime="319.07" endtime="319.38">animal</w>
   <w nite:id="ES2007a.D.words76" starttime="319.38" endtime="319.48">is</w>
   <w nite:id="ES2007a.D.words77" starttime="319.48" endtime="319.48" punc="true">.</w>
   <vocalsound nite:id="ES2007a.D.words78" starttime="321.952" endtime="322.457" type="laugh"/>
   <w nite:id="ES2007a.D.words79" starttime="333.67" endtime="334.14">Oh</w>
   <w nite:id="ES2007a.D.words80" starttime="334.14" endtime="334.14" punc="true">.</w>
   <w nite:id="ES2007a.D.words81" starttime="336.19" endtime="336.51">It&#39;s</w>
   <disfmarker nite:id="ES2007a.D.words82" starttime="336.51" endtime="336.766"/>
   <w nite:id="ES2007a.D.words83" starttime="342.09" endtime="342.18">A</w>
   <w nite:id="ES2007a.D.words84" starttime="342.18" endtime="342.73">what</w>
   <w nite:id="ES2007a.D.words85" starttime="342.73" endtime="342.73" punc="true">?</w>
   <w nite:id="ES2007a.D.words86" starttime="346.34" endtime="346.95">Alright</w>
   <w nite:id="ES2007a.D.words87" starttime="346.95" endtime="346.95" punc="true">.</w>
   <w nite:id="ES2007a.D.words88" starttime="348.65" endtime="348.79">How</w>
   <gap nite:id="ES2007a.D.words89" starttime="348.79" endtime="348.79"/>
   <w nite:id="ES2007a.D.words90" starttime="348.79" endtime="348.79" punc="true">.</w>
   <w nite:id="ES2007a.D.words91" starttime="350.63" endtime="351.09">No</w>
   <w nite:id="ES2007a.D.words92" starttime="351.09" endtime="351.09" punc="true">.</w>
   <w nite:id="ES2007a.D.words93" starttime="371.65" endtime="371.98">Great</w>
   <w nite:id="ES2007a.D.words94" starttime="371.98" endtime="371.98" punc="true">.</w>
   <w nite:id="ES2007a.D.words95" starttime="374.39" endtime="374.66">Me</w>
   <w nite:id="ES2007a.D.words96" starttime="374.66" endtime="374.66" punc="true">?</w>
   <w nite:id="ES2007a.D.words97" starttime="380.43" endtime="380.76">Okay</w>
   <w nite:id="ES2007a.D.words98" starttime="380.76" endtime="380.76" punc="true">.</w>
   <w nite:id="ES2007a.D.words99" starttime="382.98" endtime="383.1" mispronounced="true">Not</w>
   <w nite:id="ES2007a.D.words100" starttime="383.1" endtime="383.26">quite</w>
   <w nite:id="ES2007a.D.words101" starttime="383.26" endtime="383.44">sure</w>
   <w nite:id="ES2007a.D.words102" starttime="383.44" endtime="383.5">how</w>
   <w nite:id="ES2007a.D.words103" starttime="383.5" endtime="383.69">this</w>
   <w nite:id="ES2007a.D.words104" starttime="383.69" endtime="383.79">is</w>
   <w nite:id="ES2007a.D.words105" starttime="383.79" endtime="384.06">gonna</w>
   <w nite:id="ES2007a.D.words106" starttime="384.06" endtime="384.37">work</w>
   <w nite:id="ES2007a.D.words107" starttime="384.37" endtime="384.37" punc="true">.</w>
   <vocalsound nite:id="ES2007a.D.words108" starttime="386.128" endtime="386.128" type="laugh"/>
   <w nite:id="ES2007a.D.words109" starttime="387.26" endtime="388.27">Cool</w>
   <w nite:id="ES2007a.D.words110" starttime="388.27" endtime="388.27" punc="true">.</w>
   <vocalsound nite:id="ES2007a.D.words111" starttime="388.27" endtime="388.27" type="other"/>
   <w nite:id="ES2007a.D.words112" starttime="388.27" endtime="389.22">Uh</w>
   <vocalsound nite:id="ES2007a.D.words113" starttime="389.22" endtime="389.22" type="other"/>
   <w nite:id="ES2007a.D.words114" starttime="389.22" endtime="390.57">well</w>
   <w nite:id="ES2007a.D.words115" starttime="390.57" endtime="390.71">I&#39;ll</w>
   <w nite:id="ES2007a.D.words116" starttime="390.71" endtime="390.92">try</w>
   <w nite:id="ES2007a.D.words117" starttime="390.92" endtime="391.05">my</w>
   <w nite:id="ES2007a.D.words118" starttime="391.05" endtime="393.4">best</w>
   <vocalsound nite:id="ES2007a.D.words119" starttime="393.4" endtime="393.4" type="laugh"/>
   <w nite:id="ES2007a.D.words120" starttime="393.4" endtime="393.54">to</w>
   <w nite:id="ES2007a.D.words121" starttime="393.54" endtime="394.01">draw</w>
   <w nite:id="ES2007a.D.words122" starttime="394.01" endtime="394.01" punc="true">.</w>
   <w nite:id="ES2007a.D.words123" starttime="401.6" endtime="401.77">Can</w>
   <w nite:id="ES2007a.D.words124" starttime="401.77" endtime="401.85">I</w>
   <w nite:id="ES2007a.D.words125" starttime="401.85" endtime="402.09">just</w>
   <w nite:id="ES2007a.D.words126" starttime="402.09" endtime="402.22">draw</w>
   <w nite:id="ES2007a.D.words127" starttime="402.22" endtime="402.34">the</w>
   <w nite:id="ES2007a.D.words128" starttime="402.34" endtime="403.07">face</w>
   <w nite:id="ES2007a.D.words129" starttime="403.07" endtime="403.07" punc="true">?</w>
   <w nite:id="ES2007a.D.words130" starttime="414.59" endtime="414.68">Ooh</w>
   <w nite:id="ES2007a.D.words131" starttime="414.68" endtime="414.68" punc="true">.</w>
   <w nite:id="ES2007a.D.words132" starttime="419.76" endtime="419.9">It&#39;s</w>
   <w nite:id="ES2007a.D.words133" starttime="419.9" endtime="420.04">a</w>
   <w nite:id="ES2007a.D.words134" starttime="420.04" endtime="422.17">cat</w>
   <w nite:id="ES2007a.D.words135" starttime="422.17" endtime="422.17" punc="true">.</w>
   <vocalsound nite:id="ES2007a.D.words136" starttime="422.17" endtime="422.17" type="laugh"/>
   <w nite:id="ES2007a.D.words137" starttime="422.17" endtime="422.4">Which</w>
   <w nite:id="ES2007a.D.words138" starttime="422.4" endtime="422.75">also</w>
   <w nite:id="ES2007a.D.words139" starttime="422.75" endtime="423.07">has</w>
   <w nite:id="ES2007a.D.words140" starttime="423.07" endtime="423.81">what</w>
   <w nite:id="ES2007a.D.words141" starttime="423.81" endtime="423.81" punc="true">?</w>
   <w nite:id="ES2007a.D.words142" starttime="423.81" endtime="424.02">A</w>
   <w nite:id="ES2007a.D.words143" starttime="424.02" endtime="424.59">big</w>
   <w nite:id="ES2007a.D.words144" starttime="424.59" endtime="425.1">fat</w>
   <w nite:id="ES2007a.D.words145" starttime="425.1" endtime="425.52">body</w>
   <w nite:id="ES2007a.D.words146" starttime="425.52" endtime="426.15">and</w>
   <w nite:id="ES2007a.D.words147" starttime="427.61" endtime="428.02">big</w>
   <disfmarker nite:id="ES2007a.D.words148" starttime="428.02" endtime="428.02"/>
   <w nite:id="ES2007a.D.words149" starttime="428.02" endtime="428.43">and</w>
   <w nite:id="ES2007a.D.words150" starttime="428.43" endtime="428.52">a</w>
   <w nite:id="ES2007a.D.words151" starttime="428.52" endtime="428.75">long</w>
   <w nite:id="ES2007a.D.words152" starttime="428.75" endtime="429.12">tail</w>
   <w nite:id="ES2007a.D.words153" starttime="429.12" endtime="429.12" punc="true">.</w>
   <vocalsound nite:id="ES2007a.D.words154" starttime="430.144" endtime="430.144" type="laugh"/>
   <w nite:id="ES2007a.D.words155" starttime="434.15" endtime="434.83">Why</w>
   <w nite:id="ES2007a.D.words156" starttime="434.83" endtime="434.83" punc="true">?</w>
   <w nite:id="ES2007a.D.words157" starttime="434.83" endtime="436.4">Because</w>
   <w nite:id="ES2007a.D.words158" starttime="436.4" endtime="437.23">um</w>
   <w nite:id="ES2007a.D.words159" starttime="437.23" endtime="437.71">cuddly</w>
   <w nite:id="ES2007a.D.words160" starttime="437.71" endtime="437.71" punc="true">.</w>
   <w nite:id="ES2007a.D.words161" starttime="440.08" endtime="440.98">And</w>
   <w nite:id="ES2007a.D.words162" starttime="440.98" endtime="441.61">usually</w>
   <w nite:id="ES2007a.D.words163" starttime="441.61" endtime="442.0">cats</w>
   <w nite:id="ES2007a.D.words164" starttime="442.0" endtime="442.03">are</w>
   <w nite:id="ES2007a.D.words165" starttime="442.03" endtime="442.21">very</w>
   <w nite:id="ES2007a.D.words166" starttime="442.21" endtime="442.9">friendly</w>
   <w nite:id="ES2007a.D.words167" starttime="442.9" endtime="442.9" punc="true">.</w>
   <w nite:id="ES2007a.D.words168" starttime="442.9" endtime="443.45">Usually</w>
   <w nite:id="ES2007a.D.words169" starttime="443.45" endtime="443.45" punc="true">.</w>
   <w nite:id="ES2007a.D.words170" starttime="447.63" endtime="448.04">And</w>
   <w nite:id="ES2007a.D.words171" starttime="448.04" endtime="448.17">they&#39;re</w>
   <w nite:id="ES2007a.D.words172" starttime="448.17" endtime="448.65">healing</w>
   <w nite:id="ES2007a.D.words173" starttime="448.65" endtime="448.74">as</w>
   <w nite:id="ES2007a.D.words174" starttime="448.74" endtime="449.53">well</w>
   <w nite:id="ES2007a.D.words175" starttime="449.53" endtime="449.53" punc="true">.</w>
   <w nite:id="ES2007a.D.words176" starttime="449.53" endtime="449.68">They</w>
   <w nite:id="ES2007a.D.words177" starttime="449.68" endtime="450.82">heal</w>
   <w nite:id="ES2007a.D.words178" starttime="450.82" endtime="450.82" punc="true">.</w>
   <w nite:id="ES2007a.D.words179" starttime="450.82" endtime="450.95">And</w>
   <w nite:id="ES2007a.D.words180" starttime="450.95" endtime="451.03">they</w>
   <w nite:id="ES2007a.D.words181" starttime="451.03" endtime="451.19">can</w>
   <w nite:id="ES2007a.D.words182" starttime="451.19" endtime="451.54">feel</w>
   <w nite:id="ES2007a.D.words183" starttime="451.54" endtime="451.73">when</w>
   <w nite:id="ES2007a.D.words184" starttime="451.73" endtime="451.79">a</w>
   <w nite:id="ES2007a.D.words185" starttime="451.79" endtime="453.65">human&#39;s</w>
   <w nite:id="ES2007a.D.words186" starttime="453.65" endtime="454.04">got</w>
   <w nite:id="ES2007a.D.words187" starttime="454.04" endtime="454.51">problems</w>
   <w nite:id="ES2007a.D.words188" starttime="454.51" endtime="454.76">so</w>
   <disfmarker nite:id="ES2007a.D.words189" starttime="454.76" endtime="454.832"/>
   <w nite:id="ES2007a.D.words190" starttime="458.13" endtime="458.45">So</w>
   <w nite:id="ES2007a.D.words191" starttime="458.45" endtime="458.45" punc="true">,</w>
   <w nite:id="ES2007a.D.words192" starttime="458.45" endtime="458.65">that&#39;s</w>
   <w nite:id="ES2007a.D.words193" starttime="458.65" endtime="458.73">why</w>
   <w nite:id="ES2007a.D.words194" starttime="458.73" endtime="458.79">I</w>
   <w nite:id="ES2007a.D.words195" starttime="458.79" endtime="458.97">like</w>
   <w nite:id="ES2007a.D.words196" starttime="458.97" endtime="459.41">cats</w>
   <w nite:id="ES2007a.D.words197" starttime="459.41" endtime="459.41" punc="true">.</w>
   <w nite:id="ES2007a.D.words198" starttime="461.73" endtime="461.84">There</w>
   <w nite:id="ES2007a.D.words199" starttime="461.84" endtime="461.94">we</w>
   <w nite:id="ES2007a.D.words200" starttime="461.94" endtime="462.4">are</w>
   <w nite:id="ES2007a.D.words201" starttime="462.4" endtime="462.4" punc="true">,</w>
   <w nite:id="ES2007a.D.words202" starttime="462.4" endtime="462.52" mispronounced="true">that&#39;s</w>
   <w nite:id="ES2007a.D.words203" starttime="462.52" endtime="462.76">me</w>
   <w nite:id="ES2007a.D.words204" starttime="462.76" endtime="462.76" punc="true">.</w>
   <vocalsound nite:id="ES2007a.D.words205" starttime="468.184" endtime="469.222" type="Imitates background typing sound"/>
   <vocalsound nite:id="ES2007a.D.words206" starttime="476.208" endtime="476.944" type="other"/>
   <w nite:id="ES2007a.D.words207" starttime="481.02" endtime="481.22">Mm</w>
   <w nite:id="ES2007a.D.words208" starttime="481.22" endtime="481.22" punc="true">.</w>
   <vocalsound nite:id="ES2007a.D.words209" starttime="485.784" endtime="486.818" type="cough"/>
   <w nite:id="ES2007a.D.words210" starttime="502.16" endtime="503.46">Mm-hmm</w>
   <w nite:id="ES2007a.D.words211" starttime="503.46" endtime="503.46" punc="true">.</w>
   <vocalsound nite:id="ES2007a.D.words212" starttime="510.304" endtime="513.296" type="laugh"/>
   <w nite:id="ES2007a.D.words213" starttime="553.77" endtime="554.11">Ah</w>
   <w nite:id="ES2007a.D.words214" starttime="554.11" endtime="554.11" punc="true">.</w>
   <vocalsound nite:id="ES2007a.D.words215" starttime="568.528" endtime="568.896" type="cough"/>
   <w nite:id="ES2007a.D.words216" starttime="591.64" endtime="592.01">Market</w>
   <w nite:id="ES2007a.D.words217" starttime="592.01" endtime="592.3">range</w>
   <w nite:id="ES2007a.D.words218" starttime="592.3" endtime="594.0">internationally</w>
   <w nite:id="ES2007a.D.words219" starttime="594.0" endtime="594.35">sold</w>
   <w nite:id="ES2007a.D.words220" starttime="594.35" endtime="594.35" punc="true">.</w>
   <w nite:id="ES2007a.D.words221" starttime="598.7" endtime="598.93">Ah</w>
   <w nite:id="ES2007a.D.words222" starttime="598.93" endtime="599.1">right</w>
   <w nite:id="ES2007a.D.words223" starttime="599.1" endtime="599.24">okay</w>
   <w nite:id="ES2007a.D.words224" starttime="599.24" endtime="599.24" punc="true">.</w>
   <w nite:id="ES2007a.D.words225" starttime="644.82" endtime="645.24">Yeah</w>
   <w nite:id="ES2007a.D.words226" starttime="645.24" endtime="645.24" punc="true">.</w>
   <w nite:id="ES2007a.D.words227" starttime="653.01" endtime="653.3">Yeah</w>
   <w nite:id="ES2007a.D.words228" starttime="653.3" endtime="653.3" punc="true">.</w>
   <w nite:id="ES2007a.D.words229" starttime="680.78" endtime="680.81">Uh</w>
   <w nite:id="ES2007a.D.words230" starttime="680.81" endtime="680.81" punc="true">.</w>
   <vocalsound nite:id="ES2007a.D.words231" starttime="680.81" endtime="680.96" type="other"/>
   <w nite:id="ES2007a.D.words232" starttime="685.65" endtime="687.15">Yeah</w>
   <w nite:id="ES2007a.D.words233" starttime="687.15" endtime="687.15" punc="true">.</w>
   <w nite:id="ES2007a.D.words234" starttime="687.15" endtime="687.28">Yeah</w>
   <w nite:id="ES2007a.D.words235" starttime="687.28" endtime="687.39">it&#39;s</w>
   <w nite:id="ES2007a.D.words236" starttime="687.39" endtime="687.45">a</w>
   <w nite:id="ES2007a.D.words237" starttime="687.45" endtime="687.72">T_V_</w>
   <w nite:id="ES2007a.D.words238" starttime="687.72" endtime="687.96">remote</w>
   <w nite:id="ES2007a.D.words239" starttime="687.96" endtime="688.84">control</w>
   <w nite:id="ES2007a.D.words240" starttime="688.84" endtime="688.84" punc="true">.</w>
   <w nite:id="ES2007a.D.words241" starttime="691.24" endtime="692.37">Well</w>
   <w nite:id="ES2007a.D.words242" starttime="692.37" endtime="692.37" punc="true">.</w>
   <vocalsound nite:id="ES2007a.D.words243" starttime="692.37" endtime="692.502" type="other"/>
   <w nite:id="ES2007a.D.words244" starttime="693.64" endtime="693.72">A</w>
   <w nite:id="ES2007a.D.words245" starttime="693.72" endtime="693.98">new</w>
   <w nite:id="ES2007a.D.words246" starttime="693.98" endtime="694.25">remote</w>
   <w nite:id="ES2007a.D.words247" starttime="694.25" endtime="694.56">control</w>
   <w nite:id="ES2007a.D.words248" starttime="694.56" endtime="694.68">for</w>
   <w nite:id="ES2007a.D.words249" starttime="694.68" endtime="695.16">T_V_</w>
   <w nite:id="ES2007a.D.words250" starttime="695.16" endtime="695.16" punc="true">.</w>
   <w nite:id="ES2007a.D.words251" starttime="696.44" endtime="696.56">What</w>
   <w nite:id="ES2007a.D.words252" starttime="696.56" endtime="696.73">would</w>
   <w nite:id="ES2007a.D.words253" starttime="696.73" endtime="696.79">I</w>
   <w nite:id="ES2007a.D.words254" starttime="696.79" endtime="700.05">like</w>
   <w nite:id="ES2007a.D.words255" starttime="700.05" endtime="700.05" punc="true">?</w>
   <vocalsound nite:id="ES2007a.D.words256" starttime="700.05" endtime="700.05" type="other"/>
   <w nite:id="ES2007a.D.words257" starttime="700.05" endtime="701.12">Um</w>
   <w nite:id="ES2007a.D.words258" starttime="701.12" endtime="701.12" punc="true">.</w>
   <w nite:id="ES2007a.D.words259" starttime="706.82" endtime="707.28">Medium</w>
   <w nite:id="ES2007a.D.words260" starttime="707.28" endtime="707.28" punc="true">.</w>
   <vocalsound nite:id="ES2007a.D.words261" starttime="743.712" endtime="744.873" type="other"/>
   <w nite:id="ES2007a.D.words262" starttime="754.01" endtime="754.32">Mm</w>
   <w nite:id="ES2007a.D.words263" starttime="754.32" endtime="754.32" punc="true">.</w>
   <w nite:id="ES2007a.D.words264" starttime="764.27" endtime="764.64">Twelve</w>
   <w nite:id="ES2007a.D.words265" starttime="764.64" endtime="765.27">fifty</w>
   <w nite:id="ES2007a.D.words266" starttime="765.27" endtime="765.27" punc="true">.</w>
   <w nite:id="ES2007a.D.words267" starttime="766.36" endtime="766.85">Each</w>
   <w nite:id="ES2007a.D.words268" starttime="766.85" endtime="766.85" punc="true">.</w>
   <w nite:id="ES2007a.D.words269" starttime="774.13" endtime="774.51">Guess</w>
   <disfmarker nite:id="ES2007a.D.words270" starttime="774.51" endtime="774.768"/>
   <w nite:id="ES2007a.D.words271" starttime="795.6" endtime="795.76">Couldn&#39;t</w>
   <w nite:id="ES2007a.D.words272" starttime="795.76" endtime="795.83">we</w>
   <w nite:id="ES2007a.D.words273" starttime="795.83" endtime="796.08">have</w>
   <w nite:id="ES2007a.D.words274" starttime="796.08" endtime="797.39">like</w>
   <w nite:id="ES2007a.D.words275" starttime="797.39" endtime="797.69">one</w>
   <w nite:id="ES2007a.D.words276" starttime="797.69" endtime="797.89">that</w>
   <w nite:id="ES2007a.D.words277" starttime="797.89" endtime="798.22">comes</w>
   <w nite:id="ES2007a.D.words278" starttime="798.22" endtime="798.39">out</w>
   <w nite:id="ES2007a.D.words279" starttime="798.39" endtime="798.39" punc="true">?</w>
   <vocalsound nite:id="ES2007a.D.words280" starttime="800.08" endtime="800.08" type="laugh"/>
   <w nite:id="ES2007a.D.words281" starttime="801.22" endtime="801.41">Like</w>
   <w nite:id="ES2007a.D.words282" starttime="801.41" endtime="801.54">so</w>
   <w nite:id="ES2007a.D.words283" starttime="801.54" endtime="801.6">you</w>
   <w nite:id="ES2007a.D.words284" starttime="801.6" endtime="802.01">have</w>
   <w nite:id="ES2007a.D.words285" starttime="802.01" endtime="802.5">one</w>
   <w nite:id="ES2007a.D.words286" starttime="802.5" endtime="802.93">in</w>
   <w nite:id="ES2007a.D.words287" starttime="802.93" endtime="804.05">like</w>
   <disfmarker nite:id="ES2007a.D.words288" starttime="804.05" endtime="804.05"/>
   <w nite:id="ES2007a.D.words289" starttime="804.05" endtime="804.31">mm</w>
   <w nite:id="ES2007a.D.words290" starttime="804.31" endtime="804.44">it</w>
   <w nite:id="ES2007a.D.words291" starttime="804.44" endtime="804.66">doesn&#39;t</w>
   <w nite:id="ES2007a.D.words292" starttime="804.66" endtime="804.78">have</w>
   <w nite:id="ES2007a.D.words293" starttime="804.78" endtime="804.86">to</w>
   <w nite:id="ES2007a.D.words294" starttime="804.86" endtime="805.01">be</w>
   <w nite:id="ES2007a.D.words295" starttime="805.01" endtime="805.26">really</w>
   <w nite:id="ES2007a.D.words296" starttime="805.26" endtime="805.61">thick</w>
   <w nite:id="ES2007a.D.words297" starttime="805.61" endtime="805.61" punc="true">.</w>
   <w nite:id="ES2007a.D.words298" starttime="805.61" endtime="805.64">I</w>
   <w nite:id="ES2007a.D.words299" starttime="805.64" endtime="805.8">mean</w>
   <w nite:id="ES2007a.D.words300" starttime="805.8" endtime="805.98">remote</w>
   <w nite:id="ES2007a.D.words301" starttime="805.98" endtime="806.35">controls</w>
   <w nite:id="ES2007a.D.words302" starttime="806.35" endtime="806.5">can</w>
   <w nite:id="ES2007a.D.words303" starttime="806.5" endtime="807.01">be</w>
   <w nite:id="ES2007a.D.words304" starttime="807.01" endtime="807.22">thin</w>
   <w nite:id="ES2007a.D.words305" starttime="807.22" endtime="807.9">bits</w>
   <w nite:id="ES2007a.D.words306" starttime="807.9" endtime="807.9" punc="true">.</w>
   <w nite:id="ES2007a.D.words307" starttime="807.9" endtime="808.05">And</w>
   <w nite:id="ES2007a.D.words308" starttime="808.05" endtime="808.92">then</w>
   <w nite:id="ES2007a.D.words309" starttime="808.92" endtime="809.06">you</w>
   <w nite:id="ES2007a.D.words310" starttime="809.06" endtime="809.31">have</w>
   <w nite:id="ES2007a.D.words311" starttime="809.31" endtime="809.49">one</w>
   <w nite:id="ES2007a.D.words312" starttime="809.49" endtime="809.58">for</w>
   <w nite:id="ES2007a.D.words313" starttime="809.58" endtime="809.69">your</w>
   <w nite:id="ES2007a.D.words314" starttime="809.69" endtime="810.11">D_V_D_</w>
   <w nite:id="ES2007a.D.words315" starttime="810.11" endtime="810.22">and</w>
   <w nite:id="ES2007a.D.words316" starttime="810.22" endtime="810.28">you</w>
   <w nite:id="ES2007a.D.words317" starttime="810.28" endtime="810.45">sort</w>
   <w nite:id="ES2007a.D.words318" starttime="810.45" endtime="810.54">of</w>
   <w nite:id="ES2007a.D.words319" starttime="810.54" endtime="810.95">slide</w>
   <w nite:id="ES2007a.D.words320" starttime="810.95" endtime="811.05">it</w>
   <w nite:id="ES2007a.D.words321" starttime="811.05" endtime="811.41">out</w>
   <w nite:id="ES2007a.D.words322" starttime="811.41" endtime="811.41" punc="true">,</w>
   <w nite:id="ES2007a.D.words323" starttime="811.41" endtime="811.5">and</w>
   <w nite:id="ES2007a.D.words324" starttime="811.5" endtime="811.68">then</w>
   <w nite:id="ES2007a.D.words325" starttime="811.68" endtime="811.78">you</w>
   <w nite:id="ES2007a.D.words326" starttime="811.78" endtime="811.89">have</w>
   <w nite:id="ES2007a.D.words327" starttime="811.89" endtime="812.14">another</w>
   <w nite:id="ES2007a.D.words328" starttime="812.14" endtime="812.36">one</w>
   <w nite:id="ES2007a.D.words329" starttime="812.36" endtime="812.36" punc="true">,</w>
   <w nite:id="ES2007a.D.words330" starttime="812.36" endtime="812.54">you</w>
   <w nite:id="ES2007a.D.words331" starttime="812.54" endtime="812.81">slide</w>
   <w nite:id="ES2007a.D.words332" starttime="812.81" endtime="812.93">it</w>
   <w nite:id="ES2007a.D.words333" starttime="812.93" endtime="813.8">out</w>
   <w nite:id="ES2007a.D.words334" starttime="813.8" endtime="813.8" punc="true">.</w>
   <gap nite:id="ES2007a.D.words335" starttime="813.8" endtime="813.8"/>
   <w nite:id="ES2007a.D.words336" starttime="813.8" endtime="814.03">have</w>
   <w nite:id="ES2007a.D.words337" starttime="814.03" endtime="814.69">slides</w>
   <w nite:id="ES2007a.D.words338" starttime="814.69" endtime="814.69" punc="true">.</w>
   <w nite:id="ES2007a.D.words339" starttime="814.69" endtime="814.83">And</w>
   <w nite:id="ES2007a.D.words340" starttime="814.83" endtime="815.0">then</w>
   <w nite:id="ES2007a.D.words341" starttime="815.0" endtime="815.15">it</w>
   <w nite:id="ES2007a.D.words342" starttime="815.15" endtime="815.3" mispronounced="true">all</w>
   <w nite:id="ES2007a.D.words343" starttime="815.3" endtime="815.68">comes</w>
   <w nite:id="ES2007a.D.words344" starttime="815.68" endtime="816.34">compact</w>
   <w nite:id="ES2007a.D.words345" starttime="817.48" endtime="817.75">into</w>
   <w nite:id="ES2007a.D.words346" starttime="817.75" endtime="818.37">one</w>
   <w nite:id="ES2007a.D.words347" starttime="818.37" endtime="818.37" punc="true">.</w>
   <w nite:id="ES2007a.D.words348" starttime="818.37" endtime="818.56">So</w>
   <w nite:id="ES2007a.D.words349" starttime="818.56" endtime="818.72">it&#39;s</w>
   <w nite:id="ES2007a.D.words350" starttime="818.72" endtime="818.92">not</w>
   <disfmarker nite:id="ES2007a.D.words351" starttime="818.92" endtime="818.92"/>
   <w nite:id="ES2007a.D.words352" starttime="818.92" endtime="819.05">you</w>
   <w nite:id="ES2007a.D.words353" starttime="819.05" endtime="819.54">actually</w>
   <w nite:id="ES2007a.D.words354" starttime="819.54" endtime="819.8">just</w>
   <w nite:id="ES2007a.D.words355" starttime="819.8" endtime="820.59">putting</w>
   <w nite:id="ES2007a.D.words356" starttime="820.59" endtime="820.79">three</w>
   <w nite:id="ES2007a.D.words357" starttime="820.79" endtime="820.88">or</w>
   <w nite:id="ES2007a.D.words358" starttime="820.88" endtime="821.14">four</w>
   <w nite:id="ES2007a.D.words359" starttime="821.14" endtime="821.4">different</w>
   <w nite:id="ES2007a.D.words360" starttime="821.4" endtime="821.75">remotes</w>
   <w nite:id="ES2007a.D.words361" starttime="821.75" endtime="822.26">together</w>
   <w nite:id="ES2007a.D.words362" starttime="822.26" endtime="822.4">but</w>
   <w nite:id="ES2007a.D.words363" starttime="822.4" endtime="822.69">making</w>
   <w nite:id="ES2007a.D.words364" starttime="822.69" endtime="822.83">them</w>
   <w nite:id="ES2007a.D.words365" starttime="822.83" endtime="824.1">thinner</w>
   <w nite:id="ES2007a.D.words366" starttime="824.1" endtime="824.1" punc="true">,</w>
   <w nite:id="ES2007a.D.words367" starttime="824.1" endtime="824.49">and</w>
   <w nite:id="ES2007a.D.words368" starttime="824.49" endtime="825.13">um</w>
   <w nite:id="ES2007a.D.words369" starttime="825.13" endtime="825.39">into</w>
   <w nite:id="ES2007a.D.words370" starttime="825.39" endtime="825.91">one</w>
   <w nite:id="ES2007a.D.words371" starttime="825.91" endtime="826.34">basically</w>
   <w nite:id="ES2007a.D.words372" starttime="826.34" endtime="826.34" punc="true">.</w>
   <w nite:id="ES2007a.D.words373" starttime="827.56" endtime="827.68">So</w>
   <w nite:id="ES2007a.D.words374" starttime="827.68" endtime="827.77">you</w>
   <w nite:id="ES2007a.D.words375" starttime="827.77" endtime="828.05">just</w>
   <w nite:id="ES2007a.D.words376" starttime="828.05" endtime="828.23">flip</w>
   <w nite:id="ES2007a.D.words377" starttime="828.23" endtime="828.41">them</w>
   <w nite:id="ES2007a.D.words378" starttime="828.41" endtime="828.69">out</w>
   <w nite:id="ES2007a.D.words379" starttime="828.69" endtime="828.69" punc="true">.</w>
   <w nite:id="ES2007a.D.words380" starttime="876.31" endtime="876.43">That</w>
   <w nite:id="ES2007a.D.words381" starttime="876.43" endtime="876.55">would</w>
   <w nite:id="ES2007a.D.words382" starttime="876.55" endtime="876.65">be</w>
   <w nite:id="ES2007a.D.words383" starttime="876.65" endtime="877.49">cool</w>
   <w nite:id="ES2007a.D.words384" starttime="877.49" endtime="877.49" punc="true">.</w>
   <w nite:id="ES2007a.D.words385" starttime="877.49" endtime="877.56">I</w>
   <w nite:id="ES2007a.D.words386" starttime="877.56" endtime="877.69">was</w>
   <w nite:id="ES2007a.D.words387" starttime="877.69" endtime="878.24">thinking</w>
   <w nite:id="ES2007a.D.words388" starttime="878.24" endtime="878.57">that</w>
   <w nite:id="ES2007a.D.words389" starttime="878.57" endtime="878.74" mispronounced="true">like</w>
   <w nite:id="ES2007a.D.words390" starttime="878.74" endtime="878.96" mispronounced="true">a</w>
   <w nite:id="ES2007a.D.words391" starttime="878.96" endtime="879.98" mispronounced="true">flip</w>
   <w nite:id="ES2007a.D.words392" starttime="879.98" endtime="879.98" punc="true">.</w>
   <w nite:id="ES2007a.D.words393" starttime="893.8" endtime="895.91">Okay</w>
   <w nite:id="ES2007a.D.words394" starttime="895.91" endtime="895.91" punc="true">.</w>
   <w nite:id="ES2007a.D.words395" starttime="895.91" endtime="896.98">Um</w>
   <w nite:id="ES2007a.D.words396" starttime="896.98" endtime="896.98" punc="true">.</w>
   <gap nite:id="ES2007a.D.words397" starttime="899.358" endtime="900.656"/>
   <w nite:id="ES2007a.D.words398" starttime="900.656" endtime="900.656" punc="true">.</w>
   <w nite:id="ES2007a.D.words399" starttime="975.56" endtime="975.67">But</w>
   <w nite:id="ES2007a.D.words400" starttime="975.67" endtime="976.01">what&#39;ll</w>
   <w nite:id="ES2007a.D.words401" starttime="976.01" endtime="976.27">make</w>
   <w nite:id="ES2007a.D.words402" starttime="976.27" endtime="976.63">it</w>
   <w nite:id="ES2007a.D.words403" starttime="976.63" endtime="976.98">what&#39;ll</w>
   <w nite:id="ES2007a.D.words404" starttime="976.98" endtime="977.22">make</w>
   <w nite:id="ES2007a.D.words405" starttime="977.22" endtime="977.3">it</w>
   <w nite:id="ES2007a.D.words406" starttime="977.3" endtime="977.79">interesting</w>
   <w nite:id="ES2007a.D.words407" starttime="977.79" endtime="977.89">for</w>
   <w nite:id="ES2007a.D.words408" starttime="977.89" endtime="978.15">people</w>
   <w nite:id="ES2007a.D.words409" starttime="978.15" endtime="978.29">to</w>
   <w nite:id="ES2007a.D.words410" starttime="978.29" endtime="978.57">buy</w>
   <w nite:id="ES2007a.D.words411" starttime="978.57" endtime="979.04">though</w>
   <w nite:id="ES2007a.D.words412" starttime="979.04" endtime="979.04" punc="true">?</w>
   <w nite:id="ES2007a.D.words413" starttime="979.04" endtime="979.13">I</w>
   <w nite:id="ES2007a.D.words414" starttime="979.13" endtime="979.31">mean</w>
   <w nite:id="ES2007a.D.words415" starttime="979.31" endtime="979.45">if</w>
   <w nite:id="ES2007a.D.words416" starttime="979.45" endtime="979.72">it&#39;s</w>
   <w nite:id="ES2007a.D.words417" starttime="979.72" endtime="979.89">if</w>
   <w nite:id="ES2007a.D.words418" starttime="979.89" endtime="980.1">it&#39;s</w>
   <w nite:id="ES2007a.D.words419" starttime="980.1" endtime="980.38">just</w>
   <w nite:id="ES2007a.D.words420" starttime="980.38" endtime="981.53">like</w>
   <disfmarker nite:id="ES2007a.D.words421" starttime="981.53" endtime="981.758"/>
   <w nite:id="ES2007a.D.words422" starttime="998.78" endtime="999.41">Mm-hmm</w>
   <w nite:id="ES2007a.D.words423" starttime="999.41" endtime="999.41" punc="true">.</w>
   <vocalsound nite:id="ES2007a.D.words424" starttime="1026.624" endtime="1027.456" type="laugh"/>
   <w nite:id="ES2007a.D.words425" starttime="1030.88" endtime="1031.24">Mm</w>
   <w nite:id="ES2007a.D.words426" starttime="1031.24" endtime="1031.24" punc="true">.</w>
   <vocalsound nite:id="ES2007a.D.words427" starttime="1036.72" endtime="1036.72" type="laugh"/>
   <w nite:id="ES2007a.D.words428" starttime="1038.73" endtime="1038.95">I</w>
   <w nite:id="ES2007a.D.words429" starttime="1038.95" endtime="1039.15">think</w>
   <w nite:id="ES2007a.D.words430" starttime="1039.15" endtime="1039.23">a</w>
   <w nite:id="ES2007a.D.words431" starttime="1039.23" endtime="1039.56">flip</w>
   <w nite:id="ES2007a.D.words432" starttime="1039.56" endtime="1039.78">up</w>
   <w nite:id="ES2007a.D.words433" starttime="1039.78" endtime="1040.02">thing</w>
   <w nite:id="ES2007a.D.words434" starttime="1040.02" endtime="1040.02" punc="true">,</w>
   <w nite:id="ES2007a.D.words435" starttime="1040.02" endtime="1040.26">&#39;cause</w>
   <w nite:id="ES2007a.D.words436" starttime="1040.26" endtime="1040.41">you</w>
   <w nite:id="ES2007a.D.words437" starttime="1040.41" endtime="1040.72">always</w>
   <w nite:id="ES2007a.D.words438" starttime="1040.72" endtime="1040.9">have</w>
   <w nite:id="ES2007a.D.words439" starttime="1040.9" endtime="1041.08">this</w>
   <w nite:id="ES2007a.D.words440" starttime="1041.08" endtime="1041.57">problem</w>
   <w nite:id="ES2007a.D.words441" starttime="1041.57" endtime="1041.76">of</w>
   <w nite:id="ES2007a.D.words442" starttime="1041.76" endtime="1042.03">like</w>
   <w nite:id="ES2007a.D.words443" starttime="1042.03" endtime="1042.17">if</w>
   <w nite:id="ES2007a.D.words444" starttime="1042.17" endtime="1042.37">it&#39;s</w>
   <w nite:id="ES2007a.D.words445" starttime="1042.37" endtime="1042.64">on</w>
   <w nite:id="ES2007a.D.words446" starttime="1042.64" endtime="1043.12">this</w>
   <disfmarker nite:id="ES2007a.D.words447" starttime="1043.12" endtime="1043.12"/>
   <w nite:id="ES2007a.D.words448" starttime="1043.12" endtime="1043.33">well</w>
   <w nite:id="ES2007a.D.words449" starttime="1043.33" endtime="1043.48">I</w>
   <w nite:id="ES2007a.D.words450" starttime="1043.48" endtime="1043.75">did</w>
   <w nite:id="ES2007a.D.words451" starttime="1043.75" endtime="1044.18">anyway</w>
   <w nite:id="ES2007a.D.words452" starttime="1044.18" endtime="1044.18" punc="true">,</w>
   <w nite:id="ES2007a.D.words453" starttime="1044.18" endtime="1044.4">like</w>
   <w nite:id="ES2007a.D.words454" starttime="1044.4" endtime="1044.5">we</w>
   <w nite:id="ES2007a.D.words455" starttime="1044.5" endtime="1044.6">had</w>
   <w nite:id="ES2007a.D.words456" starttime="1044.6" endtime="1044.96">five</w>
   <w nite:id="ES2007a.D.words457" starttime="1044.96" endtime="1045.0">or</w>
   <w nite:id="ES2007a.D.words458" starttime="1045.0" endtime="1045.3">six</w>
   <w nite:id="ES2007a.D.words459" starttime="1045.3" endtime="1045.78">remotes</w>
   <w nite:id="ES2007a.D.words460" starttime="1045.78" endtime="1045.87">and</w>
   <w nite:id="ES2007a.D.words461" starttime="1045.87" endtime="1045.93">they</w>
   <w nite:id="ES2007a.D.words462" starttime="1045.93" endtime="1046.04">would</w>
   <w nite:id="ES2007a.D.words463" starttime="1046.04" endtime="1046.12">be</w>
   <w nite:id="ES2007a.D.words464" starttime="1046.12" endtime="1046.47">lying</w>
   <w nite:id="ES2007a.D.words465" starttime="1046.47" endtime="1046.65">on</w>
   <w nite:id="ES2007a.D.words466" starttime="1046.65" endtime="1046.78">the</w>
   <w nite:id="ES2007a.D.words467" starttime="1046.78" endtime="1047.0" trunc="true">c</w>
   <w nite:id="ES2007a.D.words468" starttime="1047.0" endtime="1047.13">on</w>
   <w nite:id="ES2007a.D.words469" starttime="1047.13" endtime="1047.21">the</w>
   <w nite:id="ES2007a.D.words470" starttime="1047.21" endtime="1047.31">coach</w>
   <w nite:id="ES2007a.D.words471" starttime="1047.31" endtime="1047.31" punc="true">,</w>
   <w nite:id="ES2007a.D.words472" starttime="1047.31" endtime="1047.97">and</w>
   <w nite:id="ES2007a.D.words473" starttime="1047.97" endtime="1048.13">you&#39;d</w>
   <w nite:id="ES2007a.D.words474" starttime="1048.13" endtime="1048.33">come</w>
   <w nite:id="ES2007a.D.words475" starttime="1048.33" endtime="1048.42">and</w>
   <w nite:id="ES2007a.D.words476" starttime="1048.42" endtime="1048.62">sit</w>
   <w nite:id="ES2007a.D.words477" starttime="1048.62" endtime="1048.94">down</w>
   <w nite:id="ES2007a.D.words478" starttime="1048.94" endtime="1049.16">and</w>
   <disfmarker nite:id="ES2007a.D.words479" starttime="1049.16" endtime="1049.16"/>
   <w nite:id="ES2007a.D.words480" starttime="1049.16" endtime="1049.42">ooh</w>
   <w nite:id="ES2007a.D.words481" starttime="1049.42" endtime="1049.42" punc="true">,</w>
   <w nite:id="ES2007a.D.words482" starttime="1049.42" endtime="1049.51">the</w>
   <w nite:id="ES2007a.D.words483" starttime="1049.51" endtime="1050.19">telephone&#39;s</w>
   <disfmarker nite:id="ES2007a.D.words484" starttime="1050.19" endtime="1050.19"/>
   <w nite:id="ES2007a.D.words485" starttime="1050.19" endtime="1050.33">the</w>
   <w nite:id="ES2007a.D.words486" starttime="1050.33" endtime="1050.82">television</w>
   <w nite:id="ES2007a.D.words487" starttime="1050.82" endtime="1051.12">switched</w>
   <w nite:id="ES2007a.D.words488" starttime="1051.12" endtime="1051.33">on</w>
   <w nite:id="ES2007a.D.words489" starttime="1051.33" endtime="1051.88">or</w>
   <w nite:id="ES2007a.D.words490" starttime="1051.88" endtime="1052.32">something</w>
   <w nite:id="ES2007a.D.words491" starttime="1052.32" endtime="1052.32" punc="true">.</w>
   <w nite:id="ES2007a.D.words492" starttime="1052.32" endtime="1052.61">So</w>
   <w nite:id="ES2007a.D.words493" starttime="1052.61" endtime="1053.38">maybe</w>
   <w nite:id="ES2007a.D.words494" starttime="1053.38" endtime="1053.84">something</w>
   <w nite:id="ES2007a.D.words495" starttime="1053.84" endtime="1053.98">that</w>
   <w nite:id="ES2007a.D.words496" starttime="1053.98" endtime="1054.37">like</w>
   <w nite:id="ES2007a.D.words497" starttime="1055.92" endtime="1056.13">does</w>
   <w nite:id="ES2007a.D.words498" starttime="1056.13" endtime="1056.33">have</w>
   <w nite:id="ES2007a.D.words499" starttime="1056.33" endtime="1056.38">a</w>
   <w nite:id="ES2007a.D.words500" starttime="1056.38" endtime="1056.87">lid</w>
   <w nite:id="ES2007a.D.words501" starttime="1056.87" endtime="1058.18">or</w>
   <w nite:id="ES2007a.D.words502" starttime="1058.18" endtime="1058.63">closes</w>
   <w nite:id="ES2007a.D.words503" starttime="1058.63" endtime="1058.63" punc="true">,</w>
   <w nite:id="ES2007a.D.words504" starttime="1058.63" endtime="1058.77">so</w>
   <w nite:id="ES2007a.D.words505" starttime="1058.77" endtime="1058.86">you</w>
   <w nite:id="ES2007a.D.words506" starttime="1058.86" endtime="1059.12">don&#39;t</w>
   <w nite:id="ES2007a.D.words507" starttime="1059.12" endtime="1059.62">accidentally</w>
   <w nite:id="ES2007a.D.words508" starttime="1059.62" endtime="1059.89">press</w>
   <w nite:id="ES2007a.D.words509" starttime="1059.89" endtime="1059.95">a</w>
   <w nite:id="ES2007a.D.words510" starttime="1059.95" endtime="1060.4">button</w>
   <w nite:id="ES2007a.D.words511" starttime="1060.4" endtime="1061.03">or</w>
   <w nite:id="ES2007a.D.words512" starttime="1061.03" endtime="1061.47">record</w>
   <w nite:id="ES2007a.D.words513" starttime="1061.47" endtime="1061.79">button</w>
   <w nite:id="ES2007a.D.words514" starttime="1061.79" endtime="1061.91">for</w>
   <w nite:id="ES2007a.D.words515" starttime="1061.91" endtime="1062.4">something</w>
   <w nite:id="ES2007a.D.words516" starttime="1062.4" endtime="1062.4" punc="true">.</w>
   <w nite:id="ES2007a.D.words517" starttime="1064.44" endtime="1064.76">Yeah</w>
   <w nite:id="ES2007a.D.words518" starttime="1064.76" endtime="1064.76" punc="true">.</w>
   <w nite:id="ES2007a.D.words519" starttime="1065.91" endtime="1066.04">But</w>
   <w nite:id="ES2007a.D.words520" starttime="1066.04" endtime="1066.22">make</w>
   <w nite:id="ES2007a.D.words521" starttime="1066.22" endtime="1066.3">it</w>
   <w nite:id="ES2007a.D.words522" starttime="1066.3" endtime="1066.5">like</w>
   <w nite:id="ES2007a.D.words523" starttime="1066.5" endtime="1066.93">really</w>
   <w nite:id="ES2007a.D.words524" starttime="1066.93" endtime="1067.42">snazzy</w>
   <w nite:id="ES2007a.D.words525" starttime="1067.42" endtime="1067.6">and</w>
   <w nite:id="ES2007a.D.words526" starttime="1067.6" endtime="1067.9">cool</w>
   <gap nite:id="ES2007a.D.words527" starttime="1067.9" endtime="1067.9"/>
   <w nite:id="ES2007a.D.words528" starttime="1067.9" endtime="1068.19">people</w>
   <w nite:id="ES2007a.D.words529" starttime="1068.19" endtime="1068.31">will</w>
   <w nite:id="ES2007a.D.words530" starttime="1068.31" endtime="1068.52">want</w>
   <w nite:id="ES2007a.D.words531" starttime="1068.52" endtime="1068.63">it</w>
   <w nite:id="ES2007a.D.words532" starttime="1068.63" endtime="1068.63" punc="true">.</w>
   <w nite:id="ES2007a.D.words533" starttime="1068.63" endtime="1068.76">So</w>
   <w nite:id="ES2007a.D.words534" starttime="1068.76" endtime="1069.01">make</w>
   <w nite:id="ES2007a.D.words535" starttime="1069.01" endtime="1069.2">it</w>
   <disfmarker nite:id="ES2007a.D.words536" starttime="1069.2" endtime="1069.2"/>
   <w nite:id="ES2007a.D.words537" starttime="1069.2" endtime="1069.47">Yeah</w>
   <w nite:id="ES2007a.D.words538" starttime="1069.47" endtime="1069.47" punc="true">.</w>
   <w nite:id="ES2007a.D.words539" starttime="1071.1" endtime="1071.45">Yeah</w>
   <w nite:id="ES2007a.D.words540" starttime="1071.45" endtime="1071.45" punc="true">.</w>
   <w nite:id="ES2007a.D.words541" starttime="1075.29" endtime="1075.62">Mm</w>
   <w nite:id="ES2007a.D.words542" starttime="1075.62" endtime="1075.62" punc="true">.</w>
   <w nite:id="ES2007a.D.words543" starttime="1079.25" endtime="1079.59">Yeah</w>
   <w nite:id="ES2007a.D.words544" starttime="1079.59" endtime="1079.59" punc="true">.</w>
   <w nite:id="ES2007a.D.words545" starttime="1080.79" endtime="1080.92">And</w>
   <w nite:id="ES2007a.D.words546" starttime="1080.92" endtime="1081.11">even</w>
   <w nite:id="ES2007a.D.words547" starttime="1081.11" endtime="1081.23">for</w>
   <w nite:id="ES2007a.D.words548" starttime="1081.23" endtime="1081.51">kids</w>
   <w nite:id="ES2007a.D.words549" starttime="1081.51" endtime="1081.62">as</w>
   <w nite:id="ES2007a.D.words550" starttime="1081.62" endtime="1081.87">well</w>
   <w nite:id="ES2007a.D.words551" starttime="1081.87" endtime="1081.87" punc="true">.</w>
   <w nite:id="ES2007a.D.words552" starttime="1081.87" endtime="1082.15">It&#39;s</w>
   <w nite:id="ES2007a.D.words553" starttime="1082.15" endtime="1082.56">um</w>
   <w nite:id="ES2007a.D.words554" starttime="1082.56" endtime="1082.77">it&#39;s</w>
   <w nite:id="ES2007a.D.words555" starttime="1082.77" endtime="1083.09">safer</w>
   <w nite:id="ES2007a.D.words556" starttime="1083.09" endtime="1083.2">for</w>
   <w nite:id="ES2007a.D.words557" starttime="1083.2" endtime="1083.52">them</w>
   <w nite:id="ES2007a.D.words558" starttime="1083.52" endtime="1083.52" punc="true">,</w>
   <w nite:id="ES2007a.D.words559" starttime="1083.52" endtime="1083.57">I</w>
   <w nite:id="ES2007a.D.words560" starttime="1083.57" endtime="1083.96">guess</w>
   <w nite:id="ES2007a.D.words561" starttime="1083.96" endtime="1083.96" punc="true">.</w>
   <w nite:id="ES2007a.D.words562" starttime="1083.96" endtime="1084.92">Like</w>
   <w nite:id="ES2007a.D.words563" starttime="1084.92" endtime="1085.04">they</w>
   <w nite:id="ES2007a.D.words564" starttime="1085.04" endtime="1085.21">don&#39;t</w>
   <w nite:id="ES2007a.D.words565" starttime="1085.21" endtime="1085.46">flick</w>
   <w nite:id="ES2007a.D.words566" starttime="1085.46" endtime="1085.77">onto</w>
   <w nite:id="ES2007a.D.words567" starttime="1087.1" endtime="1087.42">channels</w>
   <w nite:id="ES2007a.D.words568" starttime="1087.42" endtime="1087.54">and</w>
   <w nite:id="ES2007a.D.words569" starttime="1087.54" endtime="1087.67">all</w>
   <w nite:id="ES2007a.D.words570" starttime="1087.67" endtime="1087.84">that</w>
   <w nite:id="ES2007a.D.words571" starttime="1087.84" endtime="1088.14" trunc="true">sl</w>
   <w nite:id="ES2007a.D.words572" starttime="1088.14" endtime="1088.42">flick</w>
   <w nite:id="ES2007a.D.words573" starttime="1088.42" endtime="1090.74">onto</w>
   <w nite:id="ES2007a.D.words574" starttime="1090.74" endtime="1090.74" punc="true">.</w>
   <vocalsound nite:id="ES2007a.D.words575" starttime="1090.74" endtime="1090.74" type="other"/>
   <vocalsound nite:id="ES2007a.D.words576" starttime="1090.74" endtime="1091.24" type="laugh"/>
   <vocalsound nite:id="ES2007a.D.words577" starttime="1093.248" endtime="1095.699" type="laugh"/>
   <w nite:id="ES2007a.D.words578" starttime="1102.48" endtime="1102.79">Mm</w>
   <w nite:id="ES2007a.D.words579" starttime="1102.79" endtime="1102.79" punc="true">.</w>
   <w nite:id="ES2007a.D.words580" starttime="1107.89" endtime="1108.26" trunc="true">W</w>
   <w nite:id="ES2007a.D.words581" starttime="1108.26" endtime="1108.45">What</w>
   <w nite:id="ES2007a.D.words582" starttime="1108.45" endtime="1108.62">does</w>
   <w nite:id="ES2007a.D.words583" starttime="1108.62" endtime="1110.46">I_D_V_I_D_N_M_E_</w>
   <w nite:id="ES2007a.D.words584" starttime="1110.46" endtime="1110.74">stand</w>
   <w nite:id="ES2007a.D.words585" starttime="1110.74" endtime="1110.88">for</w>
   <w nite:id="ES2007a.D.words586" starttime="1110.88" endtime="1110.88" punc="true">?</w>
   <w nite:id="ES2007a.D.words587" starttime="1113.52" endtime="1113.69">Ah</w>
   <w nite:id="ES2007a.D.words588" starttime="1113.69" endtime="1113.8" trunc="true">ri</w>
   <w nite:id="ES2007a.D.words589" starttime="1113.8" endtime="1114.94">okay</w>
   <w nite:id="ES2007a.D.words590" starttime="1114.94" endtime="1114.94" punc="true">.</w>
   <gap nite:id="ES2007a.D.words591" starttime="1114.94" endtime="1114.94"/>
   <w nite:id="ES2007a.D.words592" starttime="1114.94" endtime="1115.19">these</w>
   <w nite:id="ES2007a.D.words593" starttime="1115.19" endtime="1115.23">are</w>
   <w nite:id="ES2007a.D.words594" starttime="1115.23" endtime="1115.57">requirement</w>
   <w nite:id="ES2007a.D.words595" starttime="1115.57" endtime="1116.17">specification</w>
   <w nite:id="ES2007a.D.words596" starttime="1116.17" endtime="1116.17" punc="true">.</w>
   <w nite:id="ES2007a.D.words597" starttime="1117.65" endtime="1117.79">And</w>
   <w nite:id="ES2007a.D.words598" starttime="1117.79" endtime="1117.87">I&#39;m</w>
   <w nite:id="ES2007a.D.words599" starttime="1117.87" endtime="1118.33">marketing</w>
   <w nite:id="ES2007a.D.words600" starttime="1118.33" endtime="1118.33" punc="true">.</w>
   <vocalsound nite:id="ES2007a.D.words601" starttime="1158.635" endtime="1158.635" type="other"/>
   <w nite:id="ES2007a.D.words602" starttime="1158.93" endtime="1159.24">These</w>
   <w nite:id="ES2007a.D.words603" starttime="1159.24" endtime="1159.29">are</w>
   <w nite:id="ES2007a.D.words604" starttime="1159.29" endtime="1159.72">requirement</w>
   <w nite:id="ES2007a.D.words605" starttime="1159.72" endtime="1160.28">specification</w>
   <w nite:id="ES2007a.D.words606" starttime="1160.28" endtime="1160.28" punc="true">.</w>
   <w nite:id="ES2007a.D.words607" starttime="1162.22" endtime="1162.41">So</w>
   <w nite:id="ES2007a.D.words608" starttime="1162.41" endtime="1162.55">what</w>
   <w nite:id="ES2007a.D.words609" starttime="1162.55" endtime="1162.65">the</w>
   <w nite:id="ES2007a.D.words610" starttime="1162.65" endtime="1163.05">user</w>
   <w nite:id="ES2007a.D.words611" starttime="1163.05" endtime="1163.82">requires</w>
   <w nite:id="ES2007a.D.words612" starttime="1164.97" endtime="1165.12">in</w>
   <w nite:id="ES2007a.D.words613" starttime="1165.12" endtime="1165.18">a</w>
   <w nite:id="ES2007a.D.words614" starttime="1165.18" endtime="1165.68">remote</w>
   <w nite:id="ES2007a.D.words615" starttime="1165.68" endtime="1165.68" punc="true">.</w>
   <w nite:id="ES2007a.D.words616" starttime="1168.24" endtime="1168.3">I</w>
   <w nite:id="ES2007a.D.words617" starttime="1168.3" endtime="1168.85">guess</w>
   <w nite:id="ES2007a.D.words618" starttime="1168.85" endtime="1169.07">that&#39;s</w>
   <w nite:id="ES2007a.D.words619" starttime="1169.07" endtime="1169.19">what</w>
   <w nite:id="ES2007a.D.words620" starttime="1169.19" endtime="1169.26">it</w>
   <w nite:id="ES2007a.D.words621" starttime="1169.26" endtime="1169.59">says</w>
   <w nite:id="ES2007a.D.words622" starttime="1169.59" endtime="1169.59" punc="true">.</w>
   <w nite:id="ES2007a.D.words623" starttime="1184.27" endtime="1184.59">Mm</w>
   <w nite:id="ES2007a.D.words624" starttime="1184.59" endtime="1184.59" punc="true">.</w>
   <w nite:id="ES2007a.D.words625" starttime="1202.93" endtime="1203.79">So</w>
   <vocalsound nite:id="ES2007a.D.words626" starttime="1203.79" endtime="1203.79" type="other"/>
   <w nite:id="ES2007a.D.words627" starttime="1203.79" endtime="1203.79" punc="true">,</w>
   <w nite:id="ES2007a.D.words628" starttime="1203.79" endtime="1203.89">do</w>
   <w nite:id="ES2007a.D.words629" starttime="1203.89" endtime="1203.96">we</w>
   <w nite:id="ES2007a.D.words630" starttime="1203.96" endtime="1204.16">take</w>
   <w nite:id="ES2007a.D.words631" starttime="1204.16" endtime="1204.35">these</w>
   <w nite:id="ES2007a.D.words632" starttime="1204.35" endtime="1204.79">off</w>
   <w nite:id="ES2007a.D.words633" starttime="1204.79" endtime="1204.79" punc="true">?</w>
</nite:root>