<?xml version="1.0" encoding="ISO-8859-1" standalone="yes"?>
<nite:root nite:id="Bmr012.J.segs" xmlns:nite="http://nite.sourceforge.net/">
   <segment nite:id="Bmr012.segment.1218" starttime="2140.076" endtime="2146.42" participant="mn009" timing-provenance="segment">
      <nite:child href="Bmr012.J.words.xml#id(Bmr012.comment.27)"/>
   </segment>
   <segment nite:id="Bmr012.segment.1222" starttime="2146.46" endtime="2149.04" participant="mn009" timing-provenance="dialogueact">
      <nite:child href="Bmr012.J.words.xml#id(Bmr012.w.10083)..id(Bmr012.w.10091)"/>
   </segment>
   <segment nite:id="Bmr012.segment.1223" starttime="2149.52" endtime="2150.11" participant="mn009" timing-provenance="dialogueact">
      <nite:child href="Bmr012.J.words.xml#id(Bmr012.w.10092)..id(Bmr012.w.10096)"/>
   </segment>
   <segment nite:id="Bmr012.segment.1224" starttime="2150.9" endtime="2152.97" participant="mn009" timing-provenance="dialogueact">
      <nite:child href="Bmr012.J.words.xml#id(Bmr012.w.10097)..id(Bmr012.w.10106)"/>
   </segment>
   <segment nite:id="Bmr012.segment.1225" starttime="2154.05" endtime="2155.19" participant="mn009" timing-provenance="dialogueact">
      <nite:child href="Bmr012.J.words.xml#id(Bmr012.w.10107)..id(Bmr012.w.10111)"/>
   </segment>
   <segment nite:id="Bmr012.segment.1226" starttime="2155.76" endtime="2158.43" participant="mn009" timing-provenance="dialogueact">
      <nite:child href="Bmr012.J.words.xml#id(Bmr012.w.10112)..id(Bmr012.w.10118)"/>
   </segment>
   <segment nite:id="Bmr012.segment.1227" starttime="2159.58" endtime="2160.91" participant="mn009" timing-provenance="dialogueact">
      <nite:child href="Bmr012.J.words.xml#id(Bmr012.w.10119)..id(Bmr012.w.10126)"/>
   </segment>
   <segment nite:id="Bmr012.segment.1228" starttime="2161.48" endtime="2164.71" participant="mn009" timing-provenance="segment">
      <nite:child href="Bmr012.J.words.xml#id(Bmr012.w.10127)..id(Bmr012.disfmarker.373)"/>
   </segment>
   <segment nite:id="Bmr012.segment.1229" starttime="2164.66" endtime="2165.18" participant="mn009" timing-provenance="dialogueact">
      <nite:child href="Bmr012.J.words.xml#id(Bmr012.w.10139)..id(Bmr012.w.10142)"/>
   </segment>
   <segment nite:id="Bmr012.segment.1230" starttime="2165.8" endtime="2168.92" participant="mn009" timing-provenance="dialogueact">
      <nite:child href="Bmr012.J.words.xml#id(Bmr012.w.10143)..id(Bmr012.w.10155)"/>
   </segment>
   <segment nite:id="Bmr012.segment.1231" starttime="2169.71" endtime="2172.56" participant="mn009" timing-provenance="dialogueact">
      <nite:child href="Bmr012.J.words.xml#id(Bmr012.w.10156)..id(Bmr012.w.10166)"/>
   </segment>
   <segment nite:id="Bmr012.segment.1232" starttime="2173.04" endtime="2175.21" participant="mn009" timing-provenance="dialogueact">
      <nite:child href="Bmr012.J.words.xml#id(Bmr012.w.10167)..id(Bmr012.w.10180)"/>
   </segment>
   <segment nite:id="Bmr012.segment.1233" starttime="2175.97" endtime="2178.31" participant="mn009" timing-provenance="dialogueact">
      <nite:child href="Bmr012.J.words.xml#id(Bmr012.w.10181)..id(Bmr012.w.10188)"/>
   </segment>
   <segment nite:id="Bmr012.segment.1234" starttime="2179.01" endtime="2179.54" participant="mn009" timing-provenance="dialogueact">
      <nite:child href="Bmr012.J.words.xml#id(Bmr012.w.10189)..id(Bmr012.w.10192)"/>
   </segment>
   <segment nite:id="Bmr012.segment.1235" starttime="2180.74" endtime="2182.58" participant="mn009" timing-provenance="dialogueact">
      <nite:child href="Bmr012.J.words.xml#id(Bmr012.w.10193)..id(Bmr012.w.10198)"/>
   </segment>
   <segment nite:id="Bmr012.segment.1236" starttime="2183.74" endtime="2187.31" participant="mn009" timing-provenance="dialogueact">
      <nite:child href="Bmr012.J.words.xml#id(Bmr012.w.10199)..id(Bmr012.w.10212)"/>
   </segment>
   <segment nite:id="Bmr012.segment.1237" starttime="2188.17" endtime="2188.98" participant="mn009" timing-provenance="dialogueact">
      <nite:child href="Bmr012.J.words.xml#id(Bmr012.w.10213)..id(Bmr012.w.10214)"/>
   </segment>
   <segment nite:id="Bmr012.segment.1238" starttime="2189.99" endtime="2192.11" participant="mn009" timing-provenance="dialogueact">
      <nite:child href="Bmr012.J.words.xml#id(Bmr012.w.10215)..id(Bmr012.w.10224)"/>
   </segment>
   <segment nite:id="Bmr012.segment.1239" starttime="2193.59" endtime="2195.21" participant="mn009" timing-provenance="dialogueact">
      <nite:child href="Bmr012.J.words.xml#id(Bmr012.w.10225)..id(Bmr012.w.10232)"/>
   </segment>
   <segment nite:id="Bmr012.segment.1240" starttime="2195.86" endtime="2197.21" participant="mn009" timing-provenance="dialogueact">
      <nite:child href="Bmr012.J.words.xml#id(Bmr012.w.10233)..id(Bmr012.w.10237)"/>
   </segment>
   <segment nite:id="Bmr012.segment.1241" starttime="2197.78" endtime="2199.44" participant="mn009" timing-provenance="dialogueact">
      <nite:child href="Bmr012.J.words.xml#id(Bmr012.w.10238)..id(Bmr012.w.10246)"/>
   </segment>
   <segment nite:id="Bmr012.segment.1242" starttime="2199.44" endtime="2201.87" participant="mn009" timing-provenance="dialogueact">
      <nite:child href="Bmr012.J.words.xml#id(Bmr012.w.10247)..id(Bmr012.w.10253)"/>
   </segment>
   <segment nite:id="Bmr012.segment.1243" starttime="2202.4" endtime="2203.07" participant="mn009" timing-provenance="dialogueact">
      <nite:child href="Bmr012.J.words.xml#id(Bmr012.w.10254)..id(Bmr012.w.10256)"/>
   </segment>
   <segment nite:id="Bmr012.segment.1244" starttime="2204.08" endtime="2205.14" participant="mn009" timing-provenance="dialogueact">
      <nite:child href="Bmr012.J.words.xml#id(Bmr012.w.10257)..id(Bmr012.w.10262)"/>
   </segment>
   <segment nite:id="Bmr012.segment.1245" starttime="2206.29" endtime="2209.57" participant="mn009" timing-provenance="dialogueact">
      <nite:child href="Bmr012.J.words.xml#id(Bmr012.w.10263)..id(Bmr012.w.10279)"/>
   </segment>
   <segment nite:id="Bmr012.segment.1247" starttime="2210.6" endtime="2212.14" participant="mn009" timing-provenance="dialogueact">
      <nite:child href="Bmr012.J.words.xml#id(Bmr012.w.10282)..id(Bmr012.w.10291)"/>
   </segment>
   <segment nite:id="Bmr012.segment.1248" starttime="2213.45" endtime="2214.9" participant="mn009" timing-provenance="dialogueact">
      <nite:child href="Bmr012.J.words.xml#id(Bmr012.w.10292)..id(Bmr012.w.10303)"/>
   </segment>
   <segment nite:id="Bmr012.segment.1250" starttime="2219.71" endtime="2220.98" participant="mn009" timing-provenance="dialogueact">
      <nite:child href="Bmr012.J.words.xml#id(Bmr012.w.10319)..id(Bmr012.w.10326)"/>
   </segment>
   <segment nite:id="Bmr012.segment.1252" starttime="2221.88" endtime="2222.14" participant="mn009" timing-provenance="dialogueact">
      <nite:child href="Bmr012.J.words.xml#id(Bmr012.w.10334)"/>
   </segment>
   <segment nite:id="Bmr012.segment.1255" starttime="2223.05" endtime="2223.72" participant="mn009" timing-provenance="dialogueact">
      <nite:child href="Bmr012.J.words.xml#id(Bmr012.w.10352)..id(Bmr012.w.10353)"/>
   </segment>
   <segment nite:id="Bmr012.segment.1256" starttime="2225.5" endtime="2226.92" participant="mn009" timing-provenance="dialogueact">
      <nite:child href="Bmr012.J.words.xml#id(Bmr012.w.10354)..id(Bmr012.w.10364)"/>
   </segment>
   <segment nite:id="Bmr012.segment.1261" starttime="2230.7" endtime="2230.87" participant="mn009" timing-provenance="dialogueact">
      <nite:child href="Bmr012.J.words.xml#id(Bmr012.w.10384)..id(Bmr012.w.10385)"/>
   </segment>
   <segment nite:id="Bmr012.segment.1270" starttime="2243.83" endtime="2243.96" participant="mn009" timing-provenance="dialogueact">
      <nite:child href="Bmr012.J.words.xml#id(Bmr012.w.10423)..id(Bmr012.w.10424)"/>
   </segment>
   <segment nite:id="Bmr012.segment.1302" starttime="2305.781" endtime="2313.001" participant="mn009" timing-provenance="segment">
      <nite:child href="Bmr012.J.words.xml#id(Bmr012.nonvocalsound.10)"/>
   </segment>
   <segment nite:id="Bmr012.segment.1338" starttime="2365.93" endtime="2371.41" participant="mn009" digittask="true" timing-provenance="segment">
      <nite:child href="Bmr012.J.words.xml#id(Bmr012.w.10671)..id(Bmr012.comment.91)"/>
   </segment>
   <segment nite:id="Bmr012.segment.1339" starttime="2372.319" endtime="2372.87" participant="mn009" digittask="true" timing-provenance="segment">
      <nite:child href="Bmr012.J.words.xml#id(Bmr012.w.10683)..id(Bmr012.comment.92)"/>
   </segment>
   <segment nite:id="Bmr012.segment.1340" starttime="2373.688" endtime="2376.051" participant="mn009" digittask="true" timing-provenance="segment">
      <nite:child href="Bmr012.J.words.xml#id(Bmr012.w.10684)..id(Bmr012.comment.93)"/>
   </segment>
   <segment nite:id="Bmr012.segment.1341" starttime="2376.359" endtime="2377.671" participant="mn009" digittask="true" timing-provenance="segment">
      <nite:child href="Bmr012.J.words.xml#id(Bmr012.w.10691)..id(Bmr012.comment.94)"/>
   </segment>
   <segment nite:id="Bmr012.segment.1342" starttime="2378.336" endtime="2379.059" participant="mn009" digittask="true" timing-provenance="segment">
      <nite:child href="Bmr012.J.words.xml#id(Bmr012.w.10694)..id(Bmr012.comment.95)"/>
   </segment>
   <segment nite:id="Bmr012.segment.1343" starttime="2379.496" endtime="2379.905" participant="mn009" digittask="true" timing-provenance="segment">
      <nite:child href="Bmr012.J.words.xml#id(Bmr012.w.10696)..id(Bmr012.comment.96)"/>
   </segment>
   <segment nite:id="Bmr012.segment.1344" starttime="2380.589" endtime="2382.024" participant="mn009" digittask="true" timing-provenance="segment">
      <nite:child href="Bmr012.J.words.xml#id(Bmr012.w.10697)..id(Bmr012.comment.97)"/>
   </segment>
   <segment nite:id="Bmr012.segment.1345" starttime="2382.386" endtime="2382.889" participant="mn009" digittask="true" timing-provenance="segment">
      <nite:child href="Bmr012.J.words.xml#id(Bmr012.w.10701)..id(Bmr012.comment.98)"/>
   </segment>
   <segment nite:id="Bmr012.segment.1346" starttime="2383.241" endtime="2384.097" participant="mn009" digittask="true" timing-provenance="segment">
      <nite:child href="Bmr012.J.words.xml#id(Bmr012.w.10702)..id(Bmr012.comment.99)"/>
   </segment>
   <segment nite:id="Bmr012.segment.1347" starttime="2384.752" endtime="2386.206" participant="mn009" digittask="true" timing-provenance="segment">
      <nite:child href="Bmr012.J.words.xml#id(Bmr012.w.10704)..id(Bmr012.comment.100)"/>
   </segment>
   <segment nite:id="Bmr012.segment.1348" starttime="2386.729" endtime="2388.098" participant="mn009" digittask="true" timing-provenance="segment">
      <nite:child href="Bmr012.J.words.xml#id(Bmr012.w.10708)..id(Bmr012.comment.101)"/>
   </segment>
   <segment nite:id="Bmr012.segment.1349" starttime="2388.696" endtime="2389.728" participant="mn009" digittask="true" timing-provenance="segment">
      <nite:child href="Bmr012.J.words.xml#id(Bmr012.w.10712)..id(Bmr012.comment.102)"/>
   </segment>
   <segment nite:id="Bmr012.segment.1350" starttime="2390.132" endtime="2391.475" participant="mn009" digittask="true" timing-provenance="segment">
      <nite:child href="Bmr012.J.words.xml#id(Bmr012.w.10715)..id(Bmr012.comment.103)"/>
   </segment>
   <segment nite:id="Bmr012.segment.1351" starttime="2391.862" endtime="2393.259" participant="mn009" digittask="true" timing-provenance="segment">
      <nite:child href="Bmr012.J.words.xml#id(Bmr012.w.10719)..id(Bmr012.comment.104)"/>
   </segment>
   <segment nite:id="Bmr012.segment.1352" starttime="2393.953" endtime="2394.371" participant="mn009" digittask="true" timing-provenance="segment">
      <nite:child href="Bmr012.J.words.xml#id(Bmr012.w.10722)..id(Bmr012.comment.105)"/>
   </segment>
   <segment nite:id="Bmr012.segment.1353" starttime="2394.656" endtime="2395.141" participant="mn009" digittask="true" timing-provenance="segment">
      <nite:child href="Bmr012.J.words.xml#id(Bmr012.w.10723)..id(Bmr012.comment.106)"/>
   </segment>
   <segment nite:id="Bmr012.segment.1354" starttime="2395.797" endtime="2396.843" participant="mn009" digittask="true" timing-provenance="segment">
      <nite:child href="Bmr012.J.words.xml#id(Bmr012.w.10724)..id(Bmr012.comment.107)"/>
   </segment>
   <segment nite:id="Bmr012.segment.1355" starttime="2397.47" endtime="2398.81" participant="mn009" digittask="true" timing-provenance="segment">
      <nite:child href="Bmr012.J.words.xml#id(Bmr012.w.10727)..id(Bmr012.comment.108)"/>
   </segment>
   <segment nite:id="Bmr012.segment.1356" starttime="2399.343" endtime="2400.208" participant="mn009" digittask="true" timing-provenance="segment">
      <nite:child href="Bmr012.J.words.xml#id(Bmr012.w.10730)..id(Bmr012.comment.109)"/>
   </segment>
   <segment nite:id="Bmr012.segment.1357" starttime="2400.598" endtime="2401.082" participant="mn009" digittask="true" timing-provenance="segment">
      <nite:child href="Bmr012.J.words.xml#id(Bmr012.w.10732)..id(Bmr012.comment.110)"/>
   </segment>
   <segment nite:id="Bmr012.segment.1358" starttime="2401.272" endtime="2401.769" participant="mn009" digittask="true" timing-provenance="segment">
      <nite:child href="Bmr012.J.words.xml#id(Bmr012.w.10733)..id(Bmr012.comment.111)"/>
   </segment>
</nite:root>