<?xml version="1.0" encoding="ISO-8859-1" standalone="yes"?>
<nite:root nite:id="Bmr012.A.segs" xmlns:nite="http://nite.sourceforge.net/">
   <segment nite:id="Bmr012.segment.26" starttime="46.271" endtime="57.656" participant="mn017" timing-provenance="segment">
      <nite:child href="Bmr012.A.words.xml#id(Bmr012.w.238)..id(Bmr012.vocalsound.7)"/>
   </segment>
   <segment nite:id="Bmr012.segment.30" starttime="61.473" endtime="61.803" participant="mn017" timing-provenance="dialogueact">
      <nite:child href="Bmr012.A.words.xml#id(Bmr012.w.303)..id(Bmr012.w.304)"/>
   </segment>
   <segment nite:id="Bmr012.segment.33" starttime="64.245" endtime="69.155" participant="mn017" timing-provenance="dialogueact">
      <nite:child href="Bmr012.A.words.xml#id(Bmr012.w.335)..id(Bmr012.w.351)"/>
   </segment>
   <segment nite:id="Bmr012.segment.40" starttime="72.298" endtime="74.282" participant="mn017" timing-provenance="segment">
      <nite:child href="Bmr012.A.words.xml#id(Bmr012.w.427)..id(Bmr012.w.433)"/>
   </segment>
   <segment nite:id="Bmr012.segment.52" starttime="86.041" endtime="87.471" participant="mn017" timing-provenance="dialogueact">
      <nite:child href="Bmr012.A.words.xml#id(Bmr012.w.518)..id(Bmr012.w.521)"/>
   </segment>
   <segment nite:id="Bmr012.segment.56" starttime="90.76" endtime="93.675" participant="mn017" timing-provenance="segment">
      <nite:child href="Bmr012.A.words.xml#id(Bmr012.nonvocalsound.1)"/>
   </segment>
   <segment nite:id="Bmr012.segment.62" starttime="94.98" endtime="95.58" participant="mn017" timing-provenance="dialogueact">
      <nite:child href="Bmr012.A.words.xml#id(Bmr012.w.570)..id(Bmr012.w.571)"/>
   </segment>
   <segment nite:id="Bmr012.segment.73" starttime="122.824" endtime="123.364" participant="mn017" timing-provenance="dialogueact">
      <nite:child href="Bmr012.A.words.xml#id(Bmr012.w.686)..id(Bmr012.w.687)"/>
   </segment>
   <segment nite:id="Bmr012.segment.76" starttime="124.108" endtime="124.983" participant="mn017" timing-provenance="segment">
      <nite:child href="Bmr012.A.words.xml#id(Bmr012.w.690)..id(Bmr012.disfmarker.20)"/>
   </segment>
   <segment nite:id="Bmr012.segment.79" starttime="125.038" endtime="131.208" participant="mn017" timing-provenance="dialogueact">
      <nite:child href="Bmr012.A.words.xml#id(Bmr012.w.696)..id(Bmr012.w.718)"/>
   </segment>
   <segment nite:id="Bmr012.segment.82" starttime="132.346" endtime="134.706" participant="mn017" timing-provenance="dialogueact">
      <nite:child href="Bmr012.A.words.xml#id(Bmr012.w.723)..id(Bmr012.w.737)"/>
   </segment>
   <segment nite:id="Bmr012.segment.88" starttime="137.11" endtime="140.653" participant="mn017" timing-provenance="segment">
      <nite:child href="Bmr012.A.words.xml#id(Bmr012.vocalsound.20)..id(Bmr012.vocalsound.21)"/>
   </segment>
   <segment nite:id="Bmr012.segment.93" starttime="141.542" endtime="146.34" participant="mn017" timing-provenance="segment">
      <nite:child href="Bmr012.A.words.xml#id(Bmr012.w.792)..id(Bmr012.nonvocalsound.2)"/>
   </segment>
   <segment nite:id="Bmr012.segment.98" starttime="147.813" endtime="150.673" participant="mn017" timing-provenance="dialogueact">
      <nite:child href="Bmr012.A.words.xml#id(Bmr012.w.851)..id(Bmr012.w.856)"/>
   </segment>
   <segment nite:id="Bmr012.segment.102" starttime="157.022" endtime="157.292" participant="mn017" timing-provenance="dialogueact">
      <nite:child href="Bmr012.A.words.xml#id(Bmr012.w.883)..id(Bmr012.w.884)"/>
   </segment>
   <segment nite:id="Bmr012.segment.107" starttime="162.083" endtime="162.443" participant="mn017" timing-provenance="dialogueact">
      <nite:child href="Bmr012.A.words.xml#id(Bmr012.w.910)..id(Bmr012.w.911)"/>
   </segment>
   <segment nite:id="Bmr012.segment.110" starttime="168.722" endtime="169.132" participant="mn017" timing-provenance="dialogueact">
      <nite:child href="Bmr012.A.words.xml#id(Bmr012.w.933)..id(Bmr012.w.936)"/>
   </segment>
   <segment nite:id="Bmr012.segment.138" starttime="234.984" endtime="235.214" participant="mn017" timing-provenance="dialogueact">
      <nite:child href="Bmr012.A.words.xml#id(Bmr012.w.1127)..id(Bmr012.w.1128)"/>
   </segment>
   <segment nite:id="Bmr012.segment.142" starttime="237.727" endtime="238.87" participant="mn017" timing-provenance="segment">
      <nite:child href="Bmr012.A.words.xml#id(Bmr012.w.1145)..id(Bmr012.comment.6)"/>
   </segment>
   <segment nite:id="Bmr012.segment.173" starttime="314.758" endtime="317.05" participant="mn017" timing-provenance="segment">
      <nite:child href="Bmr012.A.words.xml#id(Bmr012.w.1423)..id(Bmr012.disfmarker.49)"/>
   </segment>
   <segment nite:id="Bmr012.segment.176" starttime="317.028" endtime="320.768" participant="mn017" timing-provenance="dialogueact">
      <nite:child href="Bmr012.A.words.xml#id(Bmr012.w.1449)..id(Bmr012.w.1462)"/>
   </segment>
   <segment nite:id="Bmr012.segment.179" starttime="321.238" endtime="325.098" participant="mn017" timing-provenance="dialogueact">
      <nite:child href="Bmr012.A.words.xml#id(Bmr012.w.1463)..id(Bmr012.w.1474)"/>
   </segment>
   <segment nite:id="Bmr012.segment.180" starttime="325.428" endtime="327.918" participant="mn017" timing-provenance="dialogueact">
      <nite:child href="Bmr012.A.words.xml#id(Bmr012.w.1475)..id(Bmr012.w.1487)"/>
   </segment>
   <segment nite:id="Bmr012.segment.181" starttime="328.128" endtime="332.638" participant="mn017" timing-provenance="dialogueact">
      <nite:child href="Bmr012.A.words.xml#id(Bmr012.w.1488)..id(Bmr012.w.1499)"/>
   </segment>
   <segment nite:id="Bmr012.segment.188" starttime="333.599" endtime="333.939" participant="mn017" timing-provenance="dialogueact">
      <nite:child href="Bmr012.A.words.xml#id(Bmr012.w.1531)..id(Bmr012.w.1532)"/>
   </segment>
   <segment nite:id="Bmr012.segment.197" starttime="343.552" endtime="344.222" participant="mn017" timing-provenance="dialogueact">
      <nite:child href="Bmr012.A.words.xml#id(Bmr012.w.1600)..id(Bmr012.w.1601)"/>
   </segment>
   <segment nite:id="Bmr012.segment.201" starttime="347.112" endtime="352.692" participant="mn017" timing-provenance="dialogueact">
      <nite:child href="Bmr012.A.words.xml#id(Bmr012.w.1607)..id(Bmr012.w.1626)"/>
   </segment>
   <segment nite:id="Bmr012.segment.221" starttime="365.393" endtime="365.703" participant="mn017" timing-provenance="dialogueact">
      <nite:child href="Bmr012.A.words.xml#id(Bmr012.w.1739)..id(Bmr012.w.1740)"/>
   </segment>
   <segment nite:id="Bmr012.segment.251" starttime="394.222" endtime="396.126" participant="mn017" timing-provenance="segment">
      <nite:child href="Bmr012.A.words.xml#id(Bmr012.vocalsound.49)..id(Bmr012.disfmarker.85)"/>
   </segment>
   <segment nite:id="Bmr012.segment.257" starttime="403.62" endtime="404.496" participant="mn017" timing-provenance="segment">
      <nite:child href="Bmr012.A.words.xml#id(Bmr012.w.1961)..id(Bmr012.disfmarker.89)"/>
   </segment>
   <segment nite:id="Bmr012.segment.260" starttime="404.19" endtime="404.57" participant="mn017" timing-provenance="dialogueact">
      <nite:child href="Bmr012.A.words.xml#id(Bmr012.w.1994)..id(Bmr012.w.1995)"/>
   </segment>
   <segment nite:id="Bmr012.segment.263" starttime="406.905" endtime="407.565" participant="mn017" timing-provenance="dialogueact">
      <nite:child href="Bmr012.A.words.xml#id(Bmr012.w.2002)..id(Bmr012.w.2003)"/>
   </segment>
   <segment nite:id="Bmr012.segment.282" starttime="431.744" endtime="432.494" participant="mn017" timing-provenance="dialogueact">
      <nite:child href="Bmr012.A.words.xml#id(Bmr012.w.2137)..id(Bmr012.w.2138)"/>
   </segment>
   <segment nite:id="Bmr012.segment.298" starttime="456.397" endtime="457.899" participant="mn017" timing-provenance="segment">
      <nite:child href="Bmr012.A.words.xml#id(Bmr012.vocalsound.50)"/>
   </segment>
   <segment nite:id="Bmr012.segment.306" starttime="462.698" endtime="463.068" participant="mn017" timing-provenance="dialogueact">
      <nite:child href="Bmr012.A.words.xml#id(Bmr012.w.2299)..id(Bmr012.w.2300)"/>
   </segment>
   <segment nite:id="Bmr012.segment.318" starttime="478.157" endtime="478.907" participant="mn017" timing-provenance="dialogueact">
      <nite:child href="Bmr012.A.words.xml#id(Bmr012.w.2375)..id(Bmr012.w.2378)"/>
   </segment>
   <segment nite:id="Bmr012.segment.324" starttime="486.864" endtime="493.434" participant="mn017" timing-provenance="dialogueact">
      <nite:child href="Bmr012.A.words.xml#id(Bmr012.w.2428)..id(Bmr012.w.2453)"/>
   </segment>
   <segment nite:id="Bmr012.segment.327" starttime="494.134" endtime="495.687" participant="mn017" timing-provenance="segment">
      <nite:child href="Bmr012.A.words.xml#id(Bmr012.w.2483)..id(Bmr012.disfmarker.111)"/>
   </segment>
   <segment nite:id="Bmr012.segment.331" starttime="497.618" endtime="497.758" participant="mn017" timing-provenance="dialogueact">
      <nite:child href="Bmr012.A.words.xml#id(Bmr012.w.2500)..id(Bmr012.w.2501)"/>
   </segment>
   <segment nite:id="Bmr012.segment.333" starttime="501.292" endtime="502.492" participant="mn017" timing-provenance="dialogueact">
      <nite:child href="Bmr012.A.words.xml#id(Bmr012.w.2532)..id(Bmr012.w.2535)"/>
   </segment>
   <segment nite:id="Bmr012.segment.334" starttime="504.352" endtime="505.392" participant="mn017" timing-provenance="dialogueact">
      <nite:child href="Bmr012.A.words.xml#id(Bmr012.w.2536)..id(Bmr012.w.2539)"/>
   </segment>
   <segment nite:id="Bmr012.segment.373" starttime="563.387" endtime="565.307" participant="mn017" timing-provenance="dialogueact">
      <nite:child href="Bmr012.A.words.xml#id(Bmr012.w.2792)..id(Bmr012.w.2795)"/>
   </segment>
   <segment nite:id="Bmr012.segment.377" starttime="565.307" endtime="565.687" participant="mn017" timing-provenance="dialogueact">
      <nite:child href="Bmr012.A.words.xml#id(Bmr012.w.2817)..id(Bmr012.w.2818)"/>
   </segment>
   <segment nite:id="Bmr012.segment.379" starttime="566.066" endtime="566.836" participant="mn017" timing-provenance="dialogueact">
      <nite:child href="Bmr012.A.words.xml#id(Bmr012.w.2820)..id(Bmr012.w.2821)"/>
   </segment>
   <segment nite:id="Bmr012.segment.382" starttime="567.535" endtime="568.725" participant="mn017" timing-provenance="segment">
      <nite:child href="Bmr012.A.words.xml#id(Bmr012.w.2833)..id(Bmr012.disfmarker.121)"/>
   </segment>
   <segment nite:id="Bmr012.segment.392" starttime="575.25" endtime="576.44" participant="mn017" timing-provenance="segment">
      <nite:child href="Bmr012.A.words.xml#id(Bmr012.vocalsound.77)"/>
   </segment>
   <segment nite:id="Bmr012.segment.394" starttime="576.44" endtime="578.031" participant="mn017" timing-provenance="segment">
      <nite:child href="Bmr012.A.words.xml#id(Bmr012.w.2878)..id(Bmr012.disfmarker.123)"/>
   </segment>
   <segment nite:id="Bmr012.segment.405" starttime="605.624" endtime="605.944" participant="mn017" timing-provenance="dialogueact">
      <nite:child href="Bmr012.A.words.xml#id(Bmr012.w.2988)..id(Bmr012.w.2989)"/>
   </segment>
   <segment nite:id="Bmr012.segment.416" starttime="614.104" endtime="617.1" participant="mn017" timing-provenance="segment">
      <nite:child href="Bmr012.A.words.xml#id(Bmr012.w.3046)..id(Bmr012.comment.10)"/>
   </segment>
   <segment nite:id="Bmr012.segment.419" starttime="617.83" endtime="618.04" participant="mn017" timing-provenance="dialogueact">
      <nite:child href="Bmr012.A.words.xml#id(Bmr012.w.3092)..id(Bmr012.w.3093)"/>
   </segment>
   <segment nite:id="Bmr012.segment.426" starttime="635.265" endtime="636.735" participant="mn017" timing-provenance="dialogueact">
      <nite:child href="Bmr012.A.words.xml#id(Bmr012.w.3157)..id(Bmr012.w.3161)"/>
   </segment>
   <segment nite:id="Bmr012.segment.431" starttime="641.108" endtime="642.8" participant="mn017" timing-provenance="segment">
      <nite:child href="Bmr012.A.words.xml#id(Bmr012.w.3206)..id(Bmr012.disfmarker.136)"/>
   </segment>
   <segment nite:id="Bmr012.segment.434" starttime="642.8" endtime="646.14" participant="mn017" timing-provenance="segment">
      <nite:child href="Bmr012.A.words.xml#id(Bmr012.w.3220)..id(Bmr012.disfmarker.137)"/>
   </segment>
   <segment nite:id="Bmr012.segment.435" starttime="646.608" endtime="648.058" participant="mn017" timing-provenance="dialogueact">
      <nite:child href="Bmr012.A.words.xml#id(Bmr012.w.3230)..id(Bmr012.w.3234)"/>
   </segment>
   <segment nite:id="Bmr012.segment.436" starttime="648.548" endtime="652.058" participant="mn017" timing-provenance="dialogueact">
      <nite:child href="Bmr012.A.words.xml#id(Bmr012.w.3235)..id(Bmr012.w.3247)"/>
   </segment>
   <segment nite:id="Bmr012.segment.440" starttime="652.988" endtime="653.738" participant="mn017" timing-provenance="dialogueact">
      <nite:child href="Bmr012.A.words.xml#id(Bmr012.w.3268)..id(Bmr012.w.3269)"/>
   </segment>
   <segment nite:id="Bmr012.segment.441" starttime="654.408" endtime="654.768" participant="mn017" timing-provenance="dialogueact">
      <nite:child href="Bmr012.A.words.xml#id(Bmr012.w.3270)..id(Bmr012.w.3275)"/>
   </segment>
   <segment nite:id="Bmr012.segment.444" starttime="656.298" endtime="656.568" participant="mn017" timing-provenance="dialogueact">
      <nite:child href="Bmr012.A.words.xml#id(Bmr012.w.3276)"/>
   </segment>
   <segment nite:id="Bmr012.segment.445" starttime="657.277" endtime="658.529" participant="mn017" timing-provenance="segment">
      <nite:child href="Bmr012.A.words.xml#id(Bmr012.w.3277)..id(Bmr012.disfmarker.138)"/>
   </segment>
   <segment nite:id="Bmr012.segment.447" starttime="658.908" endtime="663.538" participant="mn017" timing-provenance="dialogueact">
      <nite:child href="Bmr012.A.words.xml#id(Bmr012.w.3284)..id(Bmr012.w.3301)"/>
   </segment>
   <segment nite:id="Bmr012.segment.449" starttime="664.328" endtime="666.388" participant="mn017" timing-provenance="dialogueact">
      <nite:child href="Bmr012.A.words.xml#id(Bmr012.w.3306)..id(Bmr012.w.3315)"/>
   </segment>
   <segment nite:id="Bmr012.segment.451" starttime="667.088" endtime="676.858" participant="mn017" timing-provenance="dialogueact">
      <nite:child href="Bmr012.A.words.xml#id(Bmr012.w.3324)..id(Bmr012.w.3347)"/>
   </segment>
   <segment nite:id="Bmr012.segment.465" starttime="682.804" endtime="683.994" participant="mn017" timing-provenance="segment">
      <nite:child href="Bmr012.A.words.xml#id(Bmr012.vocalsound.93)"/>
   </segment>
   <segment nite:id="Bmr012.segment.492" starttime="732.522" endtime="737.802" participant="mn017" timing-provenance="dialogueact">
      <nite:child href="Bmr012.A.words.xml#id(Bmr012.w.3631)..id(Bmr012.w.3644)"/>
   </segment>
   <segment nite:id="Bmr012.segment.495" starttime="738.692" endtime="744.062" participant="mn017" timing-provenance="dialogueact">
      <nite:child href="Bmr012.A.words.xml#id(Bmr012.w.3649)..id(Bmr012.w.3665)"/>
   </segment>
   <segment nite:id="Bmr012.segment.498" starttime="744.587" endtime="746.167" participant="mn017" timing-provenance="segment">
      <nite:child href="Bmr012.A.words.xml#id(Bmr012.w.3672)..id(Bmr012.disfmarker.153)"/>
   </segment>
   <segment nite:id="Bmr012.segment.501" starttime="748.169" endtime="753.131" participant="mn017" timing-provenance="segment">
      <nite:child href="Bmr012.A.words.xml#id(Bmr012.w.3684)..id(Bmr012.disfmarker.155)"/>
   </segment>
   <segment nite:id="Bmr012.segment.503" starttime="753.131" endtime="754.633" participant="mn017" timing-provenance="segment">
      <nite:child href="Bmr012.A.words.xml#id(Bmr012.w.3701)..id(Bmr012.disfmarker.156)"/>
   </segment>
   <segment nite:id="Bmr012.segment.522" starttime="803.418" endtime="804.298" participant="mn017" timing-provenance="segment">
      <nite:child href="Bmr012.A.words.xml#id(Bmr012.nonvocalsound.7)"/>
   </segment>
   <segment nite:id="Bmr012.segment.594" starttime="977.24" endtime="979.87" participant="mn017" timing-provenance="dialogueact">
      <nite:child href="Bmr012.A.words.xml#id(Bmr012.w.4649)..id(Bmr012.w.4655)"/>
   </segment>
   <segment nite:id="Bmr012.segment.595" starttime="980.57" endtime="981.79" participant="mn017" timing-provenance="dialogueact">
      <nite:child href="Bmr012.A.words.xml#id(Bmr012.w.4656)..id(Bmr012.w.4659)"/>
   </segment>
   <segment nite:id="Bmr012.segment.596" starttime="982.5" endtime="983.46" participant="mn017" timing-provenance="segment">
      <nite:child href="Bmr012.A.words.xml#id(Bmr012.w.4660)..id(Bmr012.disfmarker.178)"/>
   </segment>
   <segment nite:id="Bmr012.segment.597" starttime="983.89" endtime="985.61" participant="mn017" timing-provenance="dialogueact">
      <nite:child href="Bmr012.A.words.xml#id(Bmr012.w.4662)..id(Bmr012.w.4669)"/>
   </segment>
   <segment nite:id="Bmr012.segment.598" starttime="986.71" endtime="987.1" participant="mn017" timing-provenance="dialogueact">
      <nite:child href="Bmr012.A.words.xml#id(Bmr012.w.4670)"/>
   </segment>
   <segment nite:id="Bmr012.segment.599" starttime="987.85" endtime="989.77" participant="mn017" timing-provenance="dialogueact">
      <nite:child href="Bmr012.A.words.xml#id(Bmr012.w.4671)..id(Bmr012.w.4676)"/>
   </segment>
   <segment nite:id="Bmr012.segment.600" starttime="989.77" endtime="990.58" participant="mn017" timing-provenance="dialogueact">
      <nite:child href="Bmr012.A.words.xml#id(Bmr012.w.4677)..id(Bmr012.w.4679)"/>
   </segment>
   <segment nite:id="Bmr012.segment.601" starttime="991.529" endtime="996.909" participant="mn017" timing-provenance="dialogueact">
      <nite:child href="Bmr012.A.words.xml#id(Bmr012.w.4680)..id(Bmr012.w.4693)"/>
   </segment>
   <segment nite:id="Bmr012.segment.602" starttime="997.619" endtime="997.989" participant="mn017" timing-provenance="dialogueact">
      <nite:child href="Bmr012.A.words.xml#id(Bmr012.w.4694)..id(Bmr012.w.4695)"/>
   </segment>
   <segment nite:id="Bmr012.segment.606" starttime="1001.91" endtime="1002.17" participant="mn017" timing-provenance="dialogueact">
      <nite:child href="Bmr012.A.words.xml#id(Bmr012.w.4718)..id(Bmr012.w.4719)"/>
   </segment>
   <segment nite:id="Bmr012.segment.608" starttime="1004.47" endtime="1004.72" participant="mn017" timing-provenance="dialogueact">
      <nite:child href="Bmr012.A.words.xml#id(Bmr012.w.4727)..id(Bmr012.w.4728)"/>
   </segment>
   <segment nite:id="Bmr012.segment.615" starttime="1024.81" endtime="1025.44" participant="mn017" timing-provenance="dialogueact">
      <nite:child href="Bmr012.A.words.xml#id(Bmr012.w.4795)..id(Bmr012.w.4796)"/>
   </segment>
   <segment nite:id="Bmr012.segment.619" starttime="1031.24" endtime="1031.65" participant="mn017" timing-provenance="dialogueact">
      <nite:child href="Bmr012.A.words.xml#id(Bmr012.w.4826)..id(Bmr012.w.4827)"/>
   </segment>
   <segment nite:id="Bmr012.segment.641" starttime="1087.66" endtime="1088.35" participant="mn017" timing-provenance="segment">
      <nite:child href="Bmr012.A.words.xml#id(Bmr012.vocalsound.104)"/>
   </segment>
   <segment nite:id="Bmr012.segment.646" starttime="1101.12" endtime="1102.04" participant="mn017" timing-provenance="dialogueact">
      <nite:child href="Bmr012.A.words.xml#id(Bmr012.w.5189)..id(Bmr012.w.5190)"/>
   </segment>
   <segment nite:id="Bmr012.segment.650" starttime="1109.18" endtime="1114.51" participant="mn017" timing-provenance="dialogueact">
      <nite:child href="Bmr012.A.words.xml#id(Bmr012.w.5221)..id(Bmr012.w.5244)"/>
   </segment>
   <segment nite:id="Bmr012.segment.652" starttime="1114.9" endtime="1116.13" participant="mn017" timing-provenance="segment">
      <nite:child href="Bmr012.A.words.xml#id(Bmr012.w.5249)..id(Bmr012.disfmarker.202)"/>
   </segment>
   <segment nite:id="Bmr012.segment.653" starttime="1116.13" endtime="1118.0" participant="mn017" timing-provenance="segment">
      <nite:child href="Bmr012.A.words.xml#id(Bmr012.w.5250)..id(Bmr012.vocalsound.105)"/>
   </segment>
   <segment nite:id="Bmr012.segment.654" starttime="1118.22" endtime="1120.12" participant="mn017" timing-provenance="dialogueact">
      <nite:child href="Bmr012.A.words.xml#id(Bmr012.w.5256)..id(Bmr012.w.5262)"/>
   </segment>
   <segment nite:id="Bmr012.segment.655" starttime="1120.7" endtime="1121.52" participant="mn017" timing-provenance="dialogueact">
      <nite:child href="Bmr012.A.words.xml#id(Bmr012.w.5263)..id(Bmr012.w.5264)"/>
   </segment>
   <segment nite:id="Bmr012.segment.656" starttime="1122.77" endtime="1123.14" participant="mn017" timing-provenance="dialogueact">
      <nite:child href="Bmr012.A.words.xml#id(Bmr012.w.5265)"/>
   </segment>
   <segment nite:id="Bmr012.segment.657" starttime="1123.67" endtime="1130.25" participant="mn017" timing-provenance="dialogueact">
      <nite:child href="Bmr012.A.words.xml#id(Bmr012.w.5266)..id(Bmr012.w.5291)"/>
   </segment>
   <segment nite:id="Bmr012.segment.658" starttime="1131.19" endtime="1132.32" participant="mn017" timing-provenance="dialogueact">
      <nite:child href="Bmr012.A.words.xml#id(Bmr012.w.5292)..id(Bmr012.w.5294)"/>
   </segment>
   <segment nite:id="Bmr012.segment.659" starttime="1133.21" endtime="1137.11" participant="mn017" timing-provenance="dialogueact">
      <nite:child href="Bmr012.A.words.xml#id(Bmr012.w.5295)..id(Bmr012.w.5306)"/>
   </segment>
   <segment nite:id="Bmr012.segment.660" starttime="1137.11" endtime="1140.59" participant="mn017" timing-provenance="dialogueact">
      <nite:child href="Bmr012.A.words.xml#id(Bmr012.w.5307)..id(Bmr012.w.5324)"/>
   </segment>
   <segment nite:id="Bmr012.segment.662" starttime="1143.32" endtime="1143.66" participant="mn017" timing-provenance="dialogueact">
      <nite:child href="Bmr012.A.words.xml#id(Bmr012.w.5343)..id(Bmr012.w.5344)"/>
   </segment>
   <segment nite:id="Bmr012.segment.664" starttime="1146.04" endtime="1146.35" participant="mn017" timing-provenance="dialogueact">
      <nite:child href="Bmr012.A.words.xml#id(Bmr012.w.5354)..id(Bmr012.w.5355)"/>
   </segment>
   <segment nite:id="Bmr012.segment.665" starttime="1147.26" endtime="1147.6" participant="mn017" timing-provenance="dialogueact">
      <nite:child href="Bmr012.A.words.xml#id(Bmr012.w.5356)..id(Bmr012.w.5357)"/>
   </segment>
   <segment nite:id="Bmr012.segment.666" starttime="1148.09" endtime="1150.78" participant="mn017" timing-provenance="dialogueact">
      <nite:child href="Bmr012.A.words.xml#id(Bmr012.w.5358)..id(Bmr012.w.5361)"/>
   </segment>
   <segment nite:id="Bmr012.segment.681" starttime="1166.29" endtime="1173.01" participant="mn017" timing-provenance="dialogueact">
      <nite:child href="Bmr012.A.words.xml#id(Bmr012.w.5452)..id(Bmr012.w.5477)"/>
   </segment>
   <segment nite:id="Bmr012.segment.685" starttime="1173.77" endtime="1179.87" participant="mn017" timing-provenance="dialogueact">
      <nite:child href="Bmr012.A.words.xml#id(Bmr012.w.5498)..id(Bmr012.w.5520)"/>
   </segment>
   <segment nite:id="Bmr012.segment.692" starttime="1184.54" endtime="1185.338" participant="mn017" timing-provenance="segment">
      <nite:child href="Bmr012.A.words.xml#id(Bmr012.w.5567)..id(Bmr012.disfmarker.216)"/>
   </segment>
   <segment nite:id="Bmr012.segment.694" starttime="1186.96" endtime="1191.16" participant="mn017" timing-provenance="dialogueact">
      <nite:child href="Bmr012.A.words.xml#id(Bmr012.w.5569)..id(Bmr012.w.5579)"/>
   </segment>
   <segment nite:id="Bmr012.segment.698" starttime="1191.9" endtime="1192.83" participant="mn017" timing-provenance="dialogueact">
      <nite:child href="Bmr012.A.words.xml#id(Bmr012.w.5603)..id(Bmr012.w.5607)"/>
   </segment>
   <segment nite:id="Bmr012.segment.699" starttime="1194.57" endtime="1196.24" participant="mn017" timing-provenance="dialogueact">
      <nite:child href="Bmr012.A.words.xml#id(Bmr012.w.5608)..id(Bmr012.w.5616)"/>
   </segment>
   <segment nite:id="Bmr012.segment.705" starttime="1199.9" endtime="1200.72" participant="mn017" timing-provenance="dialogueact">
      <nite:child href="Bmr012.A.words.xml#id(Bmr012.w.5636)..id(Bmr012.w.5643)"/>
   </segment>
   <segment nite:id="Bmr012.segment.709" starttime="1207.88" endtime="1211.61" participant="mn017" timing-provenance="dialogueact">
      <nite:child href="Bmr012.A.words.xml#id(Bmr012.w.5688)..id(Bmr012.w.5703)"/>
   </segment>
   <segment nite:id="Bmr012.segment.710" starttime="1212.22" endtime="1215.31" participant="mn017" timing-provenance="dialogueact">
      <nite:child href="Bmr012.A.words.xml#id(Bmr012.w.5704)..id(Bmr012.w.5715)"/>
   </segment>
   <segment nite:id="Bmr012.segment.712" starttime="1215.7" endtime="1217.73" participant="mn017" timing-provenance="dialogueact">
      <nite:child href="Bmr012.A.words.xml#id(Bmr012.w.5718)..id(Bmr012.w.5726)"/>
   </segment>
   <segment nite:id="Bmr012.segment.716" starttime="1218.828" endtime="1220.18" participant="mn017" timing-provenance="segment">
      <nite:child href="Bmr012.A.words.xml#id(Bmr012.vocalsound.116)"/>
   </segment>
   <segment nite:id="Bmr012.segment.719" starttime="1220.18" endtime="1228.076" participant="mn017" timing-provenance="segment">
      <nite:child href="Bmr012.A.words.xml#id(Bmr012.w.5748)..id(Bmr012.disfmarker.230)"/>
   </segment>
   <segment nite:id="Bmr012.segment.721" starttime="1230.26" endtime="1231.86" participant="mn017" timing-provenance="dialogueact">
      <nite:child href="Bmr012.A.words.xml#id(Bmr012.w.5783)..id(Bmr012.w.5786)"/>
   </segment>
   <segment nite:id="Bmr012.segment.725" starttime="1235.12" endtime="1236.48" participant="mn017" timing-provenance="dialogueact">
      <nite:child href="Bmr012.A.words.xml#id(Bmr012.w.5815)..id(Bmr012.w.5818)"/>
   </segment>
   <segment nite:id="Bmr012.segment.728" starttime="1241.87" endtime="1247.45" participant="mn017" timing-provenance="dialogueact">
      <nite:child href="Bmr012.A.words.xml#id(Bmr012.w.5848)..id(Bmr012.w.5865)"/>
   </segment>
   <segment nite:id="Bmr012.segment.730" starttime="1248.18" endtime="1249.55" participant="mn017" timing-provenance="dialogueact">
      <nite:child href="Bmr012.A.words.xml#id(Bmr012.w.5868)..id(Bmr012.w.5870)"/>
   </segment>
   <segment nite:id="Bmr012.segment.731" starttime="1249.87" endtime="1251.1" participant="mn017" timing-provenance="dialogueact">
      <nite:child href="Bmr012.A.words.xml#id(Bmr012.w.5871)..id(Bmr012.w.5874)"/>
   </segment>
   <segment nite:id="Bmr012.segment.733" starttime="1251.61" endtime="1252.5" participant="mn017" timing-provenance="dialogueact">
      <nite:child href="Bmr012.A.words.xml#id(Bmr012.w.5877)..id(Bmr012.w.5879)"/>
   </segment>
   <segment nite:id="Bmr012.segment.742" starttime="1277.53" endtime="1278.16" participant="mn017" timing-provenance="dialogueact">
      <nite:child href="Bmr012.A.words.xml#id(Bmr012.w.5977)..id(Bmr012.w.5979)"/>
   </segment>
   <segment nite:id="Bmr012.segment.749" starttime="1284.55" endtime="1287.88" participant="mn017" timing-provenance="segment">
      <nite:child href="Bmr012.A.words.xml#id(Bmr012.w.6010)..id(Bmr012.vocalsound.122)"/>
   </segment>
   <segment nite:id="Bmr012.segment.754" starttime="1291.46" endtime="1292.34" participant="mn017" timing-provenance="dialogueact">
      <nite:child href="Bmr012.A.words.xml#id(Bmr012.w.6050)..id(Bmr012.w.6053)"/>
   </segment>
   <segment nite:id="Bmr012.segment.760" starttime="1310.45" endtime="1314.4" participant="mn017" timing-provenance="dialogueact">
      <nite:child href="Bmr012.A.words.xml#id(Bmr012.w.6130)..id(Bmr012.w.6142)"/>
   </segment>
   <segment nite:id="Bmr012.segment.763" starttime="1314.9" endtime="1319.21" participant="mn017" timing-provenance="dialogueact">
      <nite:child href="Bmr012.A.words.xml#id(Bmr012.w.6146)..id(Bmr012.w.6159)"/>
   </segment>
   <segment nite:id="Bmr012.segment.765" starttime="1319.5" endtime="1323.433" participant="mn017" timing-provenance="segment">
      <nite:child href="Bmr012.A.words.xml#id(Bmr012.w.6162)..id(Bmr012.w.6172)"/>
   </segment>
   <segment nite:id="Bmr012.segment.768" starttime="1323.433" endtime="1324.31" participant="mn017" timing-provenance="segment">
      <nite:child href="Bmr012.A.words.xml#id(Bmr012.w.6228)..id(Bmr012.w.6229)"/>
   </segment>
   <segment nite:id="Bmr012.segment.769" starttime="1325.41" endtime="1325.5" participant="mn017" timing-provenance="dialogueact">
      <nite:child href="Bmr012.A.words.xml#id(Bmr012.w.6230)..id(Bmr012.w.6231)"/>
   </segment>
   <segment nite:id="Bmr012.segment.770" starttime="1326.56" endtime="1327.24" participant="mn017" timing-provenance="dialogueact">
      <nite:child href="Bmr012.A.words.xml#id(Bmr012.w.6232)..id(Bmr012.w.6233)"/>
   </segment>
   <segment nite:id="Bmr012.segment.774" starttime="1332.04" endtime="1332.75" participant="mn017" timing-provenance="dialogueact">
      <nite:child href="Bmr012.A.words.xml#id(Bmr012.w.6240)..id(Bmr012.w.6241)"/>
   </segment>
   <segment nite:id="Bmr012.segment.777" starttime="1340.3" endtime="1341.18" participant="mn017" timing-provenance="dialogueact">
      <nite:child href="Bmr012.A.words.xml#id(Bmr012.w.6274)..id(Bmr012.w.6275)"/>
   </segment>
   <segment nite:id="Bmr012.segment.779" starttime="1342.37" endtime="1342.62" participant="mn017" timing-provenance="dialogueact">
      <nite:child href="Bmr012.A.words.xml#id(Bmr012.w.6291)..id(Bmr012.w.6292)"/>
   </segment>
   <segment nite:id="Bmr012.segment.780" starttime="1345.96" endtime="1346.71" participant="mn017" timing-provenance="dialogueact">
      <nite:child href="Bmr012.A.words.xml#id(Bmr012.w.6293)..id(Bmr012.w.6296)"/>
   </segment>
   <segment nite:id="Bmr012.segment.802" starttime="1368.57" endtime="1368.99" participant="mn017" timing-provenance="dialogueact">
      <nite:child href="Bmr012.A.words.xml#id(Bmr012.w.6441)..id(Bmr012.w.6442)"/>
   </segment>
   <segment nite:id="Bmr012.segment.846" starttime="1445.41" endtime="1446.16" participant="mn017" timing-provenance="dialogueact">
      <nite:child href="Bmr012.A.words.xml#id(Bmr012.w.6798)..id(Bmr012.w.6802)"/>
   </segment>
   <segment nite:id="Bmr012.segment.848" starttime="1446.37" endtime="1448.448" participant="mn017" timing-provenance="segment">
      <nite:child href="Bmr012.A.words.xml#id(Bmr012.vocalsound.134)"/>
   </segment>
   <segment nite:id="Bmr012.segment.974" starttime="1743.33" endtime="1745.58" participant="mn017" timing-provenance="segment">
      <nite:child href="Bmr012.A.words.xml#id(Bmr012.vocalsound.145)"/>
   </segment>
   <segment nite:id="Bmr012.segment.997" starttime="1783.44" endtime="1783.94" participant="mn017" timing-provenance="dialogueact">
      <nite:child href="Bmr012.A.words.xml#id(Bmr012.w.8230)..id(Bmr012.w.8231)"/>
   </segment>
   <segment nite:id="Bmr012.segment.1000" starttime="1784.157" endtime="1790.37" participant="mn017" timing-provenance="segment">
      <nite:child href="Bmr012.A.words.xml#id(Bmr012.w.8254)..id(Bmr012.vocalsound.151)"/>
   </segment>
   <segment nite:id="Bmr012.segment.1007" starttime="1791.73" endtime="1798.059" participant="mn017" timing-provenance="segment">
      <nite:child href="Bmr012.A.words.xml#id(Bmr012.w.8310)..id(Bmr012.vocalsound.154)"/>
   </segment>
   <segment nite:id="Bmr012.segment.1064" starttime="1872.62" endtime="1874.7" participant="mn017" timing-provenance="dialogueact">
      <nite:child href="Bmr012.A.words.xml#id(Bmr012.w.8747)..id(Bmr012.w.8760)"/>
   </segment>
   <segment nite:id="Bmr012.segment.1068" starttime="1875.09" endtime="1876.42" participant="mn017" timing-provenance="segment">
      <nite:child href="Bmr012.A.words.xml#id(Bmr012.w.8767)..id(Bmr012.w.8768)"/>
   </segment>
   <segment nite:id="Bmr012.segment.1076" starttime="1893.44" endtime="1893.91" participant="mn017" timing-provenance="dialogueact">
      <nite:child href="Bmr012.A.words.xml#id(Bmr012.w.8894)..id(Bmr012.w.8896)"/>
   </segment>
   <segment nite:id="Bmr012.segment.1081" starttime="1910.4" endtime="1910.8" participant="mn017" timing-provenance="dialogueact">
      <nite:child href="Bmr012.A.words.xml#id(Bmr012.w.8928)"/>
   </segment>
   <segment nite:id="Bmr012.segment.1083" starttime="1911.85" endtime="1912.18" participant="mn017" timing-provenance="dialogueact">
      <nite:child href="Bmr012.A.words.xml#id(Bmr012.w.8935)..id(Bmr012.w.8937)"/>
   </segment>
   <segment nite:id="Bmr012.segment.1084" starttime="1912.62" endtime="1928.818" participant="mn017" timing-provenance="segment">
      <nite:child href="Bmr012.A.words.xml#id(Bmr012.comment.22)"/>
   </segment>
   <segment nite:id="Bmr012.segment.1217" starttime="2140.076" endtime="2146.42" participant="mn017" timing-provenance="segment">
      <nite:child href="Bmr012.A.words.xml#id(Bmr012.comment.26)"/>
   </segment>
</nite:root>