<?xml version="1.0" encoding="ISO-8859-1" standalone="yes"?>
<nite:root nite:id="Bmr012.H.segs" xmlns:nite="http://nite.sourceforge.net/">
   <segment nite:id="Bmr012.segment.8" starttime="16.032" endtime="17.612" participant="mn005" timing-provenance="dialogueact">
      <nite:child href="Bmr012.H.words.xml#id(Bmr012.w.54)..id(Bmr012.w.58)"/>
   </segment>
   <segment nite:id="Bmr012.segment.10" starttime="21.376" endtime="23.046" participant="mn005" timing-provenance="dialogueact">
      <nite:child href="Bmr012.H.words.xml#id(Bmr012.w.64)..id(Bmr012.w.66)"/>
   </segment>
   <segment nite:id="Bmr012.segment.13" starttime="25.385" endtime="26.285" participant="mn005" timing-provenance="dialogueact">
      <nite:child href="Bmr012.H.words.xml#id(Bmr012.w.114)..id(Bmr012.w.115)"/>
   </segment>
   <segment nite:id="Bmr012.segment.17" starttime="27.626" endtime="29.116" participant="mn005" timing-provenance="dialogueact">
      <nite:child href="Bmr012.H.words.xml#id(Bmr012.w.124)..id(Bmr012.w.127)"/>
   </segment>
   <segment nite:id="Bmr012.segment.28" starttime="59.988" endtime="62.021" participant="mn005" timing-provenance="segment">
      <nite:child href="Bmr012.H.words.xml#id(Bmr012.w.280)..id(Bmr012.vocalsound.9)"/>
   </segment>
   <segment nite:id="Bmr012.segment.41" starttime="73.375" endtime="74.355" participant="mn005" timing-provenance="dialogueact">
      <nite:child href="Bmr012.H.words.xml#id(Bmr012.w.434)..id(Bmr012.w.437)"/>
   </segment>
   <segment nite:id="Bmr012.segment.46" starttime="82.566" endtime="87.586" participant="mn005" timing-provenance="dialogueact">
      <nite:child href="Bmr012.H.words.xml#id(Bmr012.w.458)..id(Bmr012.w.474)"/>
   </segment>
   <segment nite:id="Bmr012.segment.53" starttime="88.921" endtime="92.151" participant="mn005" timing-provenance="dialogueact">
      <nite:child href="Bmr012.H.words.xml#id(Bmr012.w.522)..id(Bmr012.w.534)"/>
   </segment>
   <segment nite:id="Bmr012.segment.60" starttime="93.329" endtime="94.329" participant="mn005" timing-provenance="dialogueact">
      <nite:child href="Bmr012.H.words.xml#id(Bmr012.w.566)..id(Bmr012.w.567)"/>
   </segment>
   <segment nite:id="Bmr012.segment.68" starttime="109.635" endtime="110.235" participant="mn005" timing-provenance="dialogueact">
      <nite:child href="Bmr012.H.words.xml#id(Bmr012.w.635)..id(Bmr012.w.638)"/>
   </segment>
   <segment nite:id="Bmr012.segment.74" starttime="122.683" endtime="124.269" participant="mn005" timing-provenance="segment">
      <nite:child href="Bmr012.H.words.xml#id(Bmr012.vocalsound.17)"/>
   </segment>
   <segment nite:id="Bmr012.segment.78" starttime="124.459" endtime="124.979" participant="mn005" timing-provenance="dialogueact">
      <nite:child href="Bmr012.H.words.xml#id(Bmr012.w.694)..id(Bmr012.w.695)"/>
   </segment>
   <segment nite:id="Bmr012.segment.128" starttime="215.957" endtime="218.661" participant="mn005" timing-provenance="segment">
      <nite:child href="Bmr012.H.words.xml#id(Bmr012.vocalsound.28)"/>
   </segment>
   <segment nite:id="Bmr012.segment.178" starttime="320.72" endtime="322.534" participant="mn005" timing-provenance="segment">
      <nite:child href="Bmr012.H.words.xml#id(Bmr012.vocalsound.36)"/>
   </segment>
   <segment nite:id="Bmr012.segment.241" starttime="388.593" endtime="396.756" participant="mn005" timing-provenance="segment">
      <nite:child href="Bmr012.H.words.xml#id(Bmr012.vocalsound.43)"/>
   </segment>
   <segment nite:id="Bmr012.segment.270" starttime="417.946" endtime="418.246" participant="mn005" timing-provenance="dialogueact">
      <nite:child href="Bmr012.H.words.xml#id(Bmr012.w.2067)..id(Bmr012.w.2068)"/>
   </segment>
   <segment nite:id="Bmr012.segment.275" starttime="422.743" endtime="423.063" participant="mn005" timing-provenance="dialogueact">
      <nite:child href="Bmr012.H.words.xml#id(Bmr012.w.2083)..id(Bmr012.w.2084)"/>
   </segment>
   <segment nite:id="Bmr012.segment.303" starttime="460.149" endtime="460.389" participant="mn005" timing-provenance="dialogueact">
      <nite:child href="Bmr012.H.words.xml#id(Bmr012.w.2295)..id(Bmr012.w.2296)"/>
   </segment>
   <segment nite:id="Bmr012.segment.308" starttime="466.569" endtime="470.842" participant="mn005" timing-provenance="segment">
      <nite:child href="Bmr012.H.words.xml#id(Bmr012.vocalsound.52)"/>
   </segment>
   <segment nite:id="Bmr012.segment.342" starttime="510.896" endtime="516.283" participant="mn005" timing-provenance="segment">
      <nite:child href="Bmr012.H.words.xml#id(Bmr012.vocalsound.60)"/>
   </segment>
   <segment nite:id="Bmr012.segment.347" starttime="517.988" endtime="520.26" participant="mn005" timing-provenance="segment">
      <nite:child href="Bmr012.H.words.xml#id(Bmr012.vocalsound.62)"/>
   </segment>
   <segment nite:id="Bmr012.segment.353" starttime="523.077" endtime="526.197" participant="mn005" timing-provenance="segment">
      <nite:child href="Bmr012.H.words.xml#id(Bmr012.vocalsound.65)"/>
   </segment>
   <segment nite:id="Bmr012.segment.553" starttime="867.72" endtime="870.76" participant="mn005" timing-provenance="segment">
      <nite:child href="Bmr012.H.words.xml#id(Bmr012.vocalsound.97)"/>
   </segment>
   <segment nite:id="Bmr012.segment.557" starttime="872.23" endtime="874.85" participant="mn005" timing-provenance="dialogueact">
      <nite:child href="Bmr012.H.words.xml#id(Bmr012.w.4219)..id(Bmr012.w.4226)"/>
   </segment>
   <segment nite:id="Bmr012.segment.701" starttime="1196.723" endtime="1198.661" participant="mn005" timing-provenance="segment">
      <nite:child href="Bmr012.H.words.xml#id(Bmr012.vocalsound.111)"/>
   </segment>
   <segment nite:id="Bmr012.segment.714" starttime="1218.8" endtime="1220.76" participant="mn005" timing-provenance="segment">
      <nite:child href="Bmr012.H.words.xml#id(Bmr012.vocalsound.114)"/>
   </segment>
   <segment nite:id="Bmr012.segment.851" starttime="1454.087" endtime="1456.196" participant="mn005" timing-provenance="segment">
      <nite:child href="Bmr012.H.words.xml#id(Bmr012.vocalsound.137)"/>
   </segment>
   <segment nite:id="Bmr012.segment.969" starttime="1735.867" endtime="1738.146" participant="mn005" timing-provenance="segment">
      <nite:child href="Bmr012.H.words.xml#id(Bmr012.vocalsound.144)"/>
   </segment>
   <segment nite:id="Bmr012.segment.1022" starttime="1813.24" endtime="1815.749" participant="mn005" timing-provenance="segment">
      <nite:child href="Bmr012.H.words.xml#id(Bmr012.vocalsound.159)"/>
   </segment>
   <segment nite:id="Bmr012.segment.1113" starttime="1955.577" endtime="1960.58" participant="mn005" timing-provenance="segment">
      <nite:child href="Bmr012.H.words.xml#id(Bmr012.vocalsound.169)"/>
   </segment>
   <segment nite:id="Bmr012.segment.1141" starttime="1995.082" endtime="2000.375" participant="mn005" timing-provenance="segment">
      <nite:child href="Bmr012.H.words.xml#id(Bmr012.vocalsound.173)"/>
   </segment>
   <segment nite:id="Bmr012.segment.1295" starttime="2292.277" endtime="2296.883" participant="mn005" digittask="true" timing-provenance="segment">
      <nite:child href="Bmr012.H.words.xml#id(Bmr012.w.10529)..id(Bmr012.comment.49)"/>
   </segment>
   <segment nite:id="Bmr012.segment.1296" starttime="2297.366" endtime="2297.936" participant="mn005" digittask="true" timing-provenance="segment">
      <nite:child href="Bmr012.H.words.xml#id(Bmr012.w.10541)..id(Bmr012.comment.50)"/>
   </segment>
   <segment nite:id="Bmr012.segment.1297" starttime="2297.936" endtime="2298.533" participant="mn005" digittask="true" timing-provenance="segment">
      <nite:child href="Bmr012.H.words.xml#id(Bmr012.w.10542)..id(Bmr012.comment.51)"/>
   </segment>
   <segment nite:id="Bmr012.segment.1298" starttime="2298.533" endtime="2299.521" participant="mn005" digittask="true" timing-provenance="segment">
      <nite:child href="Bmr012.H.words.xml#id(Bmr012.w.10543)..id(Bmr012.comment.52)"/>
   </segment>
   <segment nite:id="Bmr012.segment.1299" starttime="2299.572" endtime="2300.786" participant="mn005" digittask="true" timing-provenance="segment">
      <nite:child href="Bmr012.H.words.xml#id(Bmr012.w.10545)..id(Bmr012.comment.53)"/>
   </segment>
   <segment nite:id="Bmr012.segment.1300" starttime="2300.995" endtime="2302.097" participant="mn005" digittask="true" timing-provenance="segment">
      <nite:child href="Bmr012.H.words.xml#id(Bmr012.w.10548)..id(Bmr012.comment.54)"/>
   </segment>
   <segment nite:id="Bmr012.segment.1301" starttime="2302.571" endtime="2305.584" participant="mn005" digittask="true" timing-provenance="segment">
      <nite:child href="Bmr012.H.words.xml#id(Bmr012.w.10551)..id(Bmr012.comment.55)"/>
   </segment>
   <segment nite:id="Bmr012.segment.1303" starttime="2305.955" endtime="2306.697" participant="mn005" digittask="true" timing-provenance="segment">
      <nite:child href="Bmr012.H.words.xml#id(Bmr012.w.10558)..id(Bmr012.comment.56)"/>
   </segment>
   <segment nite:id="Bmr012.segment.1304" starttime="2306.744" endtime="2307.286" participant="mn005" digittask="true" timing-provenance="segment">
      <nite:child href="Bmr012.H.words.xml#id(Bmr012.w.10560)..id(Bmr012.comment.57)"/>
   </segment>
   <segment nite:id="Bmr012.segment.1305" starttime="2307.609" endtime="2308.075" participant="mn005" digittask="true" timing-provenance="segment">
      <nite:child href="Bmr012.H.words.xml#id(Bmr012.w.10561)..id(Bmr012.comment.58)"/>
   </segment>
   <segment nite:id="Bmr012.segment.1306" starttime="2308.075" endtime="2308.524" participant="mn005" digittask="true" timing-provenance="segment">
      <nite:child href="Bmr012.H.words.xml#id(Bmr012.w.10562)..id(Bmr012.comment.59)"/>
   </segment>
   <segment nite:id="Bmr012.segment.1307" starttime="2308.524" endtime="2311.311" participant="mn005" digittask="true" timing-provenance="segment">
      <nite:child href="Bmr012.H.words.xml#id(Bmr012.w.10563)..id(Bmr012.comment.60)"/>
   </segment>
   <segment nite:id="Bmr012.segment.1308" starttime="2311.722" endtime="2313.098" participant="mn005" digittask="true" timing-provenance="segment">
      <nite:child href="Bmr012.H.words.xml#id(Bmr012.w.10570)..id(Bmr012.comment.61)"/>
   </segment>
   <segment nite:id="Bmr012.segment.1309" starttime="2313.431" endtime="2315.056" participant="mn005" digittask="true" timing-provenance="segment">
      <nite:child href="Bmr012.H.words.xml#id(Bmr012.w.10573)..id(Bmr012.comment.62)"/>
   </segment>
   <segment nite:id="Bmr012.segment.1310" starttime="2315.446" endtime="2317.157" participant="mn005" digittask="true" timing-provenance="segment">
      <nite:child href="Bmr012.H.words.xml#id(Bmr012.w.10577)..id(Bmr012.comment.63)"/>
   </segment>
   <segment nite:id="Bmr012.segment.1311" starttime="2317.597" endtime="2318.478" participant="mn005" digittask="true" timing-provenance="segment">
      <nite:child href="Bmr012.H.words.xml#id(Bmr012.w.10581)..id(Bmr012.comment.64)"/>
   </segment>
   <segment nite:id="Bmr012.segment.1312" starttime="2318.811" endtime="2319.258" participant="mn005" digittask="true" timing-provenance="segment">
      <nite:child href="Bmr012.H.words.xml#id(Bmr012.w.10583)..id(Bmr012.comment.65)"/>
   </segment>
   <segment nite:id="Bmr012.segment.1313" starttime="2319.515" endtime="2319.904" participant="mn005" digittask="true" timing-provenance="segment">
      <nite:child href="Bmr012.H.words.xml#id(Bmr012.w.10584)..id(Bmr012.comment.66)"/>
   </segment>
   <segment nite:id="Bmr012.segment.1314" starttime="2320.019" endtime="2323.067" participant="mn005" digittask="true" timing-provenance="segment">
      <nite:child href="Bmr012.H.words.xml#id(Bmr012.w.10585)..id(Bmr012.comment.67)"/>
   </segment>
   <segment nite:id="Bmr012.segment.1315" starttime="2323.488" endtime="2325.365" participant="mn005" digittask="true" timing-provenance="segment">
      <nite:child href="Bmr012.H.words.xml#id(Bmr012.w.10592)..id(Bmr012.comment.68)"/>
   </segment>
   <segment nite:id="Bmr012.segment.1316" starttime="2325.425" endtime="2326.82" participant="mn005" digittask="true" timing-provenance="segment">
      <nite:child href="Bmr012.H.words.xml#id(Bmr012.w.10596)..id(Bmr012.comment.69)"/>
   </segment>
</nite:root>