<?xml version="1.0" encoding="ISO-8859-1" standalone="yes"?>
<nite:root nite:id="Bmr012.F.words" xmlns:nite="http://nite.sourceforge.net/">
   <w nite:id="Bmr012.w.1" starttime="6.106" endtime="6.406" c="W">Test</w>
   <w nite:id="Bmr012.w.2" starttime="6.406" endtime="6.406" c=".">.</w>
   <w nite:id="Bmr012.w.116" starttime="25.425" endtime="25.645" c="W">Channel</w>
   <w nite:id="Bmr012.w.117" starttime="25.645" endtime="26.305" c="W">five</w>
   <w nite:id="Bmr012.w.118" starttime="26.305" endtime="26.305" c="CM">,</w>
   <w nite:id="Bmr012.w.119" starttime="26.635" endtime="26.915" c="W">channel</w>
   <w nite:id="Bmr012.w.120" starttime="26.915" endtime="27.365" c="W">five</w>
   <w nite:id="Bmr012.w.121" starttime="27.365" endtime="27.365" c=".">.</w>
   <w nite:id="Bmr012.w.132" starttime="34.123" endtime="34.993" c="W">Test</w>
   <w nite:id="Bmr012.w.133" starttime="34.993" endtime="34.993" c="CM">,</w>
   <w nite:id="Bmr012.w.134" starttime="34.993" endtime="35.433" c="W">test</w>
   <w nite:id="Bmr012.w.135" starttime="35.433" endtime="36.023" c="W">test</w>
   <w nite:id="Bmr012.w.136" starttime="36.023" endtime="36.023" c=".">.</w>
   <w nite:id="Bmr012.w.235" starttime="45.581" endtime="46.231" c="W">Test</w>
   <w nite:id="Bmr012.w.236" starttime="46.231" endtime="46.991" c="W">test</w>
   <w nite:id="Bmr012.w.237" starttime="46.991" endtime="46.991" c=".">.</w>
   <w nite:id="Bmr012.w.354" starttime="66.341" endtime="66.581" c="W">Adam</w>
   <w nite:id="Bmr012.w.355" starttime="66.581" endtime="66.581" c="CM">,</w>
   <w nite:id="Bmr012.w.356" starttime="66.581" endtime="" c="W">I</w>
   <w nite:id="Bmr012.w.357" starttime="" endtime="66.671" c="W">'m</w>
   <w nite:id="Bmr012.w.358" starttime="66.671" endtime="66.911" c="W">not</w>
   <disfmarker nite:id="Bmr012.disfmarker.12" starttime="" endtime=""/>
   <w nite:id="Bmr012.w.359" starttime="67.251" endtime="67.761" c="W">uh</w>
   <w nite:id="Bmr012.w.360" starttime="67.761" endtime="67.761" c="CM">,</w>
   <w nite:id="Bmr012.w.361" starttime="68.501" endtime="68.651" c="W">looks</w>
   <w nite:id="Bmr012.w.362" starttime="68.651" endtime="68.921" c="W">kinda</w>
   <w nite:id="Bmr012.w.363" starttime="68.921" endtime="69.091" c="W">low</w>
   <w nite:id="Bmr012.w.364" starttime="69.091" endtime="69.281" c="W">on</w>
   <w nite:id="Bmr012.w.365" starttime="69.281" endtime="69.611" c="W">channel</w>
   <w nite:id="Bmr012.w.366" starttime="69.611" endtime="70.071" c="W">five</w>
   <disfmarker nite:id="Bmr012.disfmarker.13" starttime="" endtime=""/>
   <w nite:id="Bmr012.w.367" starttime="70.071" endtime="70.311" c="W">no</w>
   <w nite:id="Bmr012.w.368" starttime="70.311" endtime="70.311" c=".">?</w>
   <w nite:id="Bmr012.w.369" starttime="71.091" endtime="71.291" c="W">Maybe</w>
   <w nite:id="Bmr012.w.370" starttime="71.291" endtime="71.521" c="W">not</w>
   <w nite:id="Bmr012.w.371" starttime="71.521" endtime="71.521" c=".">.</w>
   <w nite:id="Bmr012.w.372" starttime="72.381" endtime="72.851" c="W">Hello</w>
   <w nite:id="Bmr012.w.373" starttime="72.851" endtime="72.851" c=".">?</w>
   <w nite:id="Bmr012.w.374" starttime="73.681" endtime="" c="W">It</w>
   <w nite:id="Bmr012.w.375" starttime="" endtime="73.821" c="APOSS">'s</w>
   <w nite:id="Bmr012.w.376" starttime="73.821" endtime="74.051" t="PLET" c="W">OK</w>
   <w nite:id="Bmr012.w.377" starttime="74.051" endtime="74.051" c=".">?</w>
   <w nite:id="Bmr012.w.378" starttime="74.051" endtime="74.121" c="W">Is</w>
   <w nite:id="Bmr012.w.379" starttime="74.751" endtime="74.991" c="W">this</w>
   <w nite:id="Bmr012.w.380" starttime="74.991" endtime="75.281" t="PLET" c="W">OK</w>
   <w nite:id="Bmr012.w.381" starttime="75.281" endtime="75.281" c=".">?</w>
   <vocalsound nite:id="Bmr012.vocalsound.12" starttime="" endtime="" description="whistles"/>
   <w nite:id="Bmr012.w.568" starttime="94.853" endtime="95.123" c="W">Oh</w>
   <w nite:id="Bmr012.w.569" starttime="95.123" endtime="95.123" c=".">.</w>
   <vocalsound nite:id="Bmr012.vocalsound.13" starttime="" endtime="" description="laugh"/>
   <vocalsound nite:id="Bmr012.vocalsound.22" starttime="" endtime="" description="laugh"/>
   <vocalsound nite:id="Bmr012.vocalsound.25" starttime="" endtime="" description="laugh"/>
   <w nite:id="Bmr012.w.1046" starttime="200.777" endtime="200.837" c="W">Do</w>
   <w nite:id="Bmr012.w.1047" starttime="201.227" endtime="201.327" c="W">you</w>
   <w nite:id="Bmr012.w.1048" starttime="201.327" endtime="201.447" c="W">want</w>
   <w nite:id="Bmr012.w.1049" starttime="201.447" endtime="201.627" c="W">this</w>
   <pause nite:id="Bmr012.pause.4" starttime="201.627" endtime="201.867"/>
   <w nite:id="Bmr012.w.1050" starttime="201.867" endtime="202.057" c="W">Adam</w>
   <w nite:id="Bmr012.w.1051" starttime="202.057" endtime="202.057" c=".">?</w>
   <w nite:id="Bmr012.w.1400" starttime="312.642" endtime="312.832" c="W">Was</w>
   <w nite:id="Bmr012.w.1401" starttime="312.832" endtime="312.952" c="W">it</w>
   <w nite:id="Bmr012.w.1402" starttime="312.992" endtime="313.282" c="W">twenty</w>
   <w nite:id="Bmr012.w.1403" starttime="313.282" endtime="313.552" c="W">minutes</w>
   <w nite:id="Bmr012.w.1404" starttime="313.552" endtime="313.722" c="W">in</w>
   <w nite:id="Bmr012.w.1405" starttime="313.722" endtime="313.722" c="CM">,</w>
   <w nite:id="Bmr012.w.1406" starttime="313.722" endtime="313.812" c="W">I</w>
   <w nite:id="Bmr012.w.1407" starttime="313.812" endtime="314.022" c="W">thought</w>
   <disfmarker nite:id="Bmr012.disfmarker.48" starttime="" endtime=""/>
   <w nite:id="Bmr012.w.1500" starttime="330.584" endtime="330.764" c="W">Yeah</w>
   <w nite:id="Bmr012.w.1501" starttime="330.764" endtime="330.764" c="CM">,</w>
   <w nite:id="Bmr012.w.1502" starttime="330.764" endtime="330.884" c="W">that</w>
   <w nite:id="Bmr012.w.1503" starttime="330.884" endtime="331.054" c="W">might</w>
   <w nite:id="Bmr012.w.1504" starttime="331.054" endtime="331.284" c="W">be</w>
   <disfmarker nite:id="Bmr012.disfmarker.54" starttime="" endtime=""/>
   <w nite:id="Bmr012.w.1505" starttime="331.284" endtime="331.434" c="W">that</w>
   <w nite:id="Bmr012.w.1506" starttime="331.434" endtime="331.674" c="W">might</w>
   <w nite:id="Bmr012.w.1507" starttime="331.674" endtime="332.064" c="W">be</w>
   <disfmarker nite:id="Bmr012.disfmarker.55" starttime="" endtime=""/>
   <w nite:id="Bmr012.w.1508" starttime="332.064" endtime="332.214" c="W">that</w>
   <w nite:id="Bmr012.w.1509" starttime="332.214" endtime="332.364" c="W">might</w>
   <w nite:id="Bmr012.w.1510" starttime="332.364" endtime="332.444" c="W">be</w>
   <w nite:id="Bmr012.w.1511" starttime="332.444" endtime="332.634" c="W">my</w>
   <w nite:id="Bmr012.w.1512" starttime="332.634" endtime="333.014" c="W">fault</w>
   <w nite:id="Bmr012.w.1513" starttime="333.014" endtime="333.014" c=".">.</w>
   <w nite:id="Bmr012.w.1514" starttime="333.014" endtime="" c="W">I</w>
   <w nite:id="Bmr012.w.1515" starttime="" endtime="333.124" c="W">'m</w>
   <w nite:id="Bmr012.w.1516" starttime="333.124" endtime="333.414" c="W">not</w>
   <disfmarker nite:id="Bmr012.disfmarker.56" starttime="" endtime=""/>
   <w nite:id="Bmr012.w.1560" starttime="340.625" endtime="340.815" c="W">yeah</w>
   <w nite:id="Bmr012.w.1561" starttime="340.815" endtime="340.815" c="CM">,</w>
   <w nite:id="Bmr012.w.1562" starttime="340.815" endtime="340.975" c="W">I</w>
   <w nite:id="Bmr012.w.1563" starttime="340.975" endtime="341.175" c="W">was</w>
   <w nite:id="Bmr012.w.1564" starttime="341.175" endtime="341.445" c="W">pretty</w>
   <w nite:id="Bmr012.w.1565" starttime="341.445" endtime="341.715" c="W">certain</w>
   <w nite:id="Bmr012.w.1566" starttime="341.715" endtime="341.835" c="W">that</w>
   <w nite:id="Bmr012.w.1567" starttime="341.835" endtime="341.915" c="W">it</w>
   <w nite:id="Bmr012.w.1568" starttime="341.915" endtime="342.215" c="W">worked</w>
   <w nite:id="Bmr012.w.1569" starttime="342.215" endtime="342.375" c="W">up</w>
   <w nite:id="Bmr012.w.1570" starttime="342.375" endtime="342.735" c="W">until</w>
   <w nite:id="Bmr012.w.1571" starttime="342.735" endtime="342.925" c="W">that</w>
   <w nite:id="Bmr012.w.1572" starttime="342.925" endtime="343.385" c="W">time</w>
   <w nite:id="Bmr012.w.1573" starttime="343.385" endtime="343.385" c="CM">,</w>
   <w nite:id="Bmr012.w.1574" starttime="343.385" endtime="343.995" c="W">so</w>
   <w nite:id="Bmr012.w.1774" starttime="373.34" endtime="373.88" c="W">Hmm</w>
   <w nite:id="Bmr012.w.1775" starttime="373.88" endtime="373.88" c=".">.</w>
   <vocalsound nite:id="Bmr012.vocalsound.44" starttime="" endtime="" description="laugh"/>
   <vocalsound nite:id="Bmr012.vocalsound.48" starttime="" endtime="" description="laugh"/>
   <w nite:id="Bmr012.w.1934" starttime="401.618" endtime="401.838" c="W">Yeah</w>
   <w nite:id="Bmr012.w.1935" starttime="401.838" endtime="401.838" c="CM">,</w>
   <w nite:id="Bmr012.w.1936" starttime="401.838" endtime="401.958" c="W">I</w>
   <w nite:id="Bmr012.w.1937" starttime="401.958" endtime="402.098" c="W">don't</w>
   <w nite:id="Bmr012.w.1938" starttime="402.098" endtime="402.328" c="W">know</w>
   <w nite:id="Bmr012.w.1939" starttime="402.328" endtime="402.728" c="W">exactly</w>
   <w nite:id="Bmr012.w.1940" starttime="402.728" endtime="402.888" c="W">what</w>
   <w nite:id="Bmr012.w.1941" starttime="402.888" endtime="403.258" c="W">affected</w>
   <w nite:id="Bmr012.w.1942" starttime="403.258" endtime="403.318" c="W">it</w>
   <w nite:id="Bmr012.w.1943" starttime="403.318" endtime="403.408" c="W">but</w>
   <w nite:id="Bmr012.w.1944" starttime="403.408" endtime="" c="W">I</w>
   <w nite:id="Bmr012.w.1945" starttime="" endtime="403.548" c="W">'ll</w>
   <disfmarker nite:id="Bmr012.disfmarker.87" starttime="" endtime=""/>
   <w nite:id="Bmr012.w.1946" starttime="403.548" endtime="" c="W">I</w>
   <w nite:id="Bmr012.w.1947" starttime="" endtime="403.708" c="W">'ll</w>
   <w nite:id="Bmr012.w.1948" starttime="403.708" endtime="403.938" c="W">talk</w>
   <w nite:id="Bmr012.w.1949" starttime="403.938" endtime="404.018" c="W">to</w>
   <w nite:id="Bmr012.w.1950" starttime="404.018" endtime="404.098" c="W">you</w>
   <w nite:id="Bmr012.w.1951" starttime="404.098" endtime="404.358" c="W">about</w>
   <w nite:id="Bmr012.w.1952" starttime="404.358" endtime="404.448" c="W">it</w>
   <w nite:id="Bmr012.w.1953" starttime="404.448" endtime="404.448" c="CM">,</w>
   <w nite:id="Bmr012.w.1954" starttime="404.448" endtime="" c="W">I</w>
   <w nite:id="Bmr012.w.1955" starttime="" endtime="404.528" c="W">'ll</w>
   <w nite:id="Bmr012.w.1956" starttime="404.528" endtime="404.738" c="W">show</w>
   <w nite:id="Bmr012.w.1957" starttime="404.738" endtime="404.828" c="W">you</w>
   <w nite:id="Bmr012.w.1958" starttime="404.828" endtime="405.108" c="W">the</w>
   <w nite:id="Bmr012.w.1959" starttime="405.698" endtime="405.958" c="W">point</w>
   <w nite:id="Bmr012.w.1960" starttime="405.958" endtime="405.958" c=".">.</w>
   <w nite:id="Bmr012.w.2030" starttime="416.604" endtime="" c="W">That</w>
   <w nite:id="Bmr012.w.2031" starttime="" endtime="416.884" c="APOSS">'s</w>
   <w nite:id="Bmr012.w.2032" starttime="416.884" endtime="417.014" c="W">what</w>
   <w nite:id="Bmr012.w.2033" starttime="417.014" endtime="417.614" c="W">happened</w>
   <w nite:id="Bmr012.w.2034" starttime="417.614" endtime="417.614" c=".">.</w>
   <w nite:id="Bmr012.w.2071" starttime="418.535" endtime="418.645" c="W">There</w>
   <w nite:id="Bmr012.w.2072" starttime="418.645" endtime="418.905" c="W">was</w>
   <disfmarker nite:id="Bmr012.disfmarker.98" starttime="" endtime=""/>
   <w nite:id="Bmr012.w.2079" starttime="420.463" endtime="420.633" c="W">yeah</w>
   <w nite:id="Bmr012.w.2080" starttime="420.633" endtime="420.633" c="CM">,</w>
   <w nite:id="Bmr012.w.2081" starttime="420.633" endtime="420.673" c="W">I</w>
   <w nite:id="Bmr012.w.2082" starttime="420.673" endtime="421.003" c="W">mean</w>
   <disfmarker nite:id="Bmr012.disfmarker.100" starttime="" endtime=""/>
   <w nite:id="Bmr012.w.2125" starttime="425.221" endtime="425.671" c="W">Hmm</w>
   <w nite:id="Bmr012.w.2126" starttime="425.671" endtime="425.671" c=".">.</w>
   <w nite:id="Bmr012.w.2158" starttime="436.618" endtime="" c="W">Non</w>
   <w nite:id="Bmr012.w.2159" starttime="" endtime="" c="HYPH">-</w>
   <w nite:id="Bmr012.w.2160" starttime="" endtime="437.378" c="W">zero</w>
   <w nite:id="Bmr012.w.2161" starttime="437.378" endtime="437.378" c=".">?</w>
   <w nite:id="Bmr012.w.2164" starttime="437.628" endtime="437.898" c="W">Um</w>
   <w nite:id="Bmr012.w.2165" starttime="437.898" endtime="438.088" c="W">there</w>
   <w nite:id="Bmr012.w.2166" starttime="438.088" endtime="438.118" c="W">are</w>
   <w nite:id="Bmr012.w.2167" starttime="438.118" endtime="438.298" c="W">like</w>
   <w nite:id="Bmr012.w.2168" starttime="438.298" endtime="438.688" c="W">more</w>
   <disfmarker nite:id="Bmr012.disfmarker.104" starttime="" endtime=""/>
   <w nite:id="Bmr012.w.2177" starttime="439.538" endtime="439.698" c="W">cuz</w>
   <w nite:id="Bmr012.w.2178" starttime="439.698" endtime="" c="W">there</w>
   <w nite:id="Bmr012.w.2179" starttime="" endtime="439.818" c="APOSS">'s</w>
   <w nite:id="Bmr012.w.2180" starttime="439.818" endtime="439.848" c="W">a</w>
   <w nite:id="Bmr012.w.2181" starttime="439.848" endtime="440.008" c="W">lot</w>
   <w nite:id="Bmr012.w.2182" starttime="440.008" endtime="440.078" c="W">of</w>
   <w nite:id="Bmr012.w.2183" starttime="440.078" endtime="440.348" c="W">zeros</w>
   <w nite:id="Bmr012.w.2184" starttime="440.348" endtime="440.438" c="W">I</w>
   <w nite:id="Bmr012.w.2185" starttime="440.438" endtime="440.818" c="W">tacked</w>
   <w nite:id="Bmr012.w.2186" starttime="440.818" endtime="441.088" c="W">on</w>
   <w nite:id="Bmr012.w.2187" starttime="441.088" endtime="441.248" c="W">just</w>
   <w nite:id="Bmr012.w.2188" starttime="441.248" endtime="441.608" c="W">because</w>
   <w nite:id="Bmr012.w.2189" starttime="441.608" endtime="441.748" c="W">of</w>
   <w nite:id="Bmr012.w.2190" starttime="441.748" endtime="441.828" c="W">the</w>
   <w nite:id="Bmr012.w.2191" starttime="441.828" endtime="442.238" c="W">way</w>
   <w nite:id="Bmr012.w.2192" starttime="442.238" endtime="442.318" c="W">the</w>
   <w nite:id="Bmr012.w.2193" starttime="442.318" endtime="442.598" c="W">script</w>
   <w nite:id="Bmr012.w.2194" starttime="442.598" endtime="442.788" c="W">ran</w>
   <w nite:id="Bmr012.w.2195" starttime="442.788" endtime="442.788" c="CM">,</w>
   <w nite:id="Bmr012.w.2196" starttime="442.788" endtime="442.818" c="W">I</w>
   <w nite:id="Bmr012.w.2197" starttime="442.818" endtime="443.068" c="W">mean</w>
   <w nite:id="Bmr012.w.2198" starttime="443.068" endtime="443.238" c="W">but</w>
   <w nite:id="Bmr012.w.2199" starttime="443.238" endtime="443.358" c="W">there</w>
   <w nite:id="Bmr012.w.2200" starttime="443.358" endtime="443.438" c="TRUNCW">were</w>
   <w nite:id="Bmr012.w.2201" starttime="443.438" endtime="443.528" c="W">there</w>
   <w nite:id="Bmr012.w.2202" starttime="443.528" endtime="443.648" c="W">was</w>
   <w nite:id="Bmr012.w.2203" starttime="443.648" endtime="443.708" c="W">a</w>
   <w nite:id="Bmr012.w.2204" starttime="443.708" endtime="444.108" c="W">point</w>
   <w nite:id="Bmr012.w.2205" starttime="444.108" endtime="444.108" c=".">.</w>
   <w nite:id="Bmr012.w.2238" starttime="447.213" endtime="447.603" t="PLET" c="W">OK</w>
   <w nite:id="Bmr012.w.2239" starttime="447.603" endtime="447.603" c=".">.</w>
   <w nite:id="Bmr012.w.2240" starttime="449.306" endtime="449.606" c="W">Uh</w>
   <w nite:id="Bmr012.w.2241" starttime="449.606" endtime="449.606" c=".">.</w>
   <w nite:id="Bmr012.w.2263" starttime="453.911" endtime="454.281" c="W">Yeah</w>
   <w nite:id="Bmr012.w.2264" starttime="454.281" endtime="454.281" c=".">.</w>
   <vocalsound nite:id="Bmr012.vocalsound.54" starttime="" endtime="" description="laugh"/>
   <vocalsound nite:id="Bmr012.vocalsound.57" starttime="" endtime="" description="laugh"/>
   <vocalsound nite:id="Bmr012.vocalsound.68" starttime="" endtime="" description="laugh"/>
   <vocalsound nite:id="Bmr012.vocalsound.76" starttime="" endtime="" description="laugh"/>
   <vocalsound nite:id="Bmr012.vocalsound.89" starttime="" endtime="" description="laugh"/>
   <vocalsound nite:id="Bmr012.vocalsound.91" starttime="" endtime="" description="laugh"/>
   <w nite:id="Bmr012.w.5325" starttime="1140.74" endtime="1140.84" c="W">There</w>
   <w nite:id="Bmr012.w.5326" starttime="1140.84" endtime="1140.91" c="W">are</w>
   <w nite:id="Bmr012.w.5327" starttime="1140.91" endtime="1141.24" c="W">lots</w>
   <w nite:id="Bmr012.w.5328" starttime="1141.24" endtime="1141.31" c="W">of</w>
   <w nite:id="Bmr012.w.5329" starttime="1141.31" endtime="1141.43" c="TRUNCW">w</w>
   <vocalsound nite:id="Bmr012.vocalsound.106" starttime="" endtime="" description="clears throat"/>
   <w nite:id="Bmr012.w.5330" starttime="1141.68" endtime="1141.79" c="W">there</w>
   <w nite:id="Bmr012.w.5331" starttime="1141.79" endtime="1141.82" c="W">are</w>
   <w nite:id="Bmr012.w.5332" starttime="1141.82" endtime="1142.03" c="W">lots</w>
   <w nite:id="Bmr012.w.5333" starttime="1142.03" endtime="1142.1" c="W">of</w>
   <w nite:id="Bmr012.w.5334" starttime="1142.1" endtime="1142.31" c="W">ways</w>
   <w nite:id="Bmr012.w.5335" starttime="1142.31" endtime="1142.4" c="W">to</w>
   <w nite:id="Bmr012.w.5336" starttime="1142.4" endtime="1142.46" c="W">do</w>
   <w nite:id="Bmr012.w.5337" starttime="1142.46" endtime="1142.54" c="W">the</w>
   <w nite:id="Bmr012.w.5338" starttime="1142.54" endtime="1143.26" c="W">downsampling</w>
   <w nite:id="Bmr012.w.5339" starttime="1143.55" endtime="1144.05" c="W">um</w>
   <w nite:id="Bmr012.w.5340" starttime="1144.3" endtime="1144.58" c="W">different</w>
   <w nite:id="Bmr012.w.5341" starttime="1144.58" endtime="1144.97" c="W">filters</w>
   <w nite:id="Bmr012.w.5342" starttime="1144.97" endtime="1145.24" c="W">to</w>
   <w nite:id="Bmr012.w.5345" starttime="1146.08" endtime="1146.29" c="W">put</w>
   <w nite:id="Bmr012.w.5346" starttime="1146.29" endtime="1146.62" c="W">on</w>
   <w nite:id="Bmr012.w.5347" starttime="1146.62" endtime="1146.62" c="CM">,</w>
   <w nite:id="Bmr012.w.5348" starttime="1147.02" endtime="1147.22" c="W">like</w>
   <w nite:id="Bmr012.w.5349" starttime="1147.22" endtime="" c="W">anti</w>
   <w nite:id="Bmr012.w.5350" starttime="" endtime="" c="HYPH">-</w>
   <w nite:id="Bmr012.w.5351" starttime="" endtime="1147.8" c="W">aliasing</w>
   <w nite:id="Bmr012.w.5352" starttime="1147.8" endtime="1148.12" c="W">stuff</w>
   <w nite:id="Bmr012.w.5353" starttime="1148.12" endtime="1148.12" c=".">.</w>
   <w nite:id="Bmr012.w.5380" starttime="1153.37" endtime="1153.48" c="W">No</w>
   <w nite:id="Bmr012.w.5381" starttime="1153.48" endtime="1153.48" c="CM">,</w>
   <w nite:id="Bmr012.w.5382" starttime="1153.48" endtime="" c="W">I</w>
   <w nite:id="Bmr012.w.5383" starttime="" endtime="1153.6" c="W">'m</w>
   <w nite:id="Bmr012.w.5384" starttime="1153.6" endtime="1154.0" c="W">using</w>
   <w nite:id="Bmr012.w.5385" starttime="1154.0" endtime="1154.38" c="W">uh</w>
   <w nite:id="Bmr012.w.5386" starttime="1154.38" endtime="1155.1" t="PLET" c="W">SN</w>
   <w nite:id="Bmr012.w.5391" starttime="1155.82" endtime="1156.5" t="PLET" c="W">SND</w>
   <w nite:id="Bmr012.w.5392" starttime="1156.5" endtime="1156.89" c="W">uh</w>
   <w nite:id="Bmr012.w.5408" starttime="1157.69" endtime="1157.86" c="W">are</w>
   <w nite:id="Bmr012.w.5409" starttime="1157.86" endtime="1158.52" c="W">resample</w>
   <w nite:id="Bmr012.w.5410" starttime="1158.52" endtime="1158.52" c=".">.</w>
   <w nite:id="Bmr012.w.5411" starttime="1159.04" endtime="1159.79" t="PLET" c="W">RSMP</w>
   <w nite:id="Bmr012.w.5412" starttime="1159.79" endtime="1159.79" c=".">.</w>
   <w nite:id="Bmr012.w.5413" starttime="1160.64" endtime="1160.98" c="W">Yeah</w>
   <w nite:id="Bmr012.w.5414" starttime="1160.98" endtime="1160.98" c="CM">,</w>
   <w nite:id="Bmr012.w.5415" starttime="1161.29" endtime="1161.39" c="W">I</w>
   <w nite:id="Bmr012.w.5416" starttime="1161.39" endtime="1161.52" c="W">don't</w>
   <w nite:id="Bmr012.w.5417" starttime="1161.52" endtime="1161.82" c="W">really</w>
   <w nite:id="Bmr012.w.5418" starttime="1161.82" endtime="1161.82" c=".">.</w>
   <w nite:id="Bmr012.w.5424" starttime="1162.93" endtime="1163.0" c="W">I</w>
   <w nite:id="Bmr012.w.5425" starttime="1163.0" endtime="1163.31" c="W">just</w>
   <disfmarker nite:id="Bmr012.disfmarker.206" starttime="" endtime=""/>
   <w nite:id="Bmr012.w.5426" starttime="1163.31" endtime="1163.58" c="W">yeah</w>
   <w nite:id="Bmr012.w.5427" starttime="1163.58" endtime="1163.73" c="W">I</w>
   <w nite:id="Bmr012.w.5428" starttime="1163.73" endtime="1164.04" c="W">found</w>
   <w nite:id="Bmr012.w.5429" starttime="1164.04" endtime="1164.19" c="W">it</w>
   <w nite:id="Bmr012.w.5430" starttime="1164.19" endtime="1164.19" c=".">.</w>
   <w nite:id="Bmr012.w.5494" starttime="1173.4" endtime="1173.5" c="W">Yeah</w>
   <w nite:id="Bmr012.w.5495" starttime="1173.5" endtime="1173.5" c="CM">,</w>
   <w nite:id="Bmr012.w.5496" starttime="1173.5" endtime="" c="W">that</w>
   <w nite:id="Bmr012.w.5497" starttime="" endtime="1173.89" c="APOSS">'s</w>
   <disfmarker nite:id="Bmr012.disfmarker.210" starttime="" endtime=""/>
   <w nite:id="Bmr012.w.5550" starttime="1184.4" endtime="1184.43" c="W">I</w>
   <w nite:id="Bmr012.w.5551" starttime="1184.43" endtime="1184.52" c="W">mean</w>
   <w nite:id="Bmr012.w.5552" starttime="1184.52" endtime="" c="W">that</w>
   <w nite:id="Bmr012.w.5553" starttime="" endtime="1184.69" c="APOSS">'s</w>
   <w nite:id="Bmr012.w.5554" starttime="1184.69" endtime="1184.87" c="W">just</w>
   <w nite:id="Bmr012.w.5555" starttime="1184.87" endtime="1185.1" c="W">one</w>
   <w nite:id="Bmr012.w.5556" starttime="1185.1" endtime="1185.42" c="W">line</w>
   <disfmarker nite:id="Bmr012.disfmarker.215" starttime="" endtime=""/>
   <w nite:id="Bmr012.w.5557" starttime="1185.42" endtime="" c="W">that</w>
   <w nite:id="Bmr012.w.5558" starttime="" endtime="1185.61" c="APOSS">'s</w>
   <w nite:id="Bmr012.w.5559" starttime="1185.61" endtime="1185.78" c="W">one</w>
   <w nite:id="Bmr012.w.5560" starttime="1185.78" endtime="1185.92" c="W">line</w>
   <w nite:id="Bmr012.w.5561" starttime="1185.92" endtime="1186.0" c="W">of</w>
   <w nite:id="Bmr012.w.5562" starttime="1186.0" endtime="1186.26" c="W">code</w>
   <w nite:id="Bmr012.w.5563" starttime="1186.26" endtime="1186.35" c="W">to</w>
   <w nite:id="Bmr012.w.5564" starttime="1186.35" endtime="1186.74" c="W">comment</w>
   <w nite:id="Bmr012.w.5565" starttime="1186.74" endtime="1186.99" c="W">at</w>
   <w nite:id="Bmr012.w.5566" starttime="1187.49" endtime="1187.73" c="W">so</w>
   <w nite:id="Bmr012.w.5584" starttime="1190.33" endtime="1190.61" c="W">Yeah</w>
   <w nite:id="Bmr012.w.5585" starttime="1190.61" endtime="1190.61" c=".">.</w>
   <w nite:id="Bmr012.w.5644" starttime="1200.8" endtime="1200.96" c="W">Although</w>
   <w nite:id="Bmr012.w.5645" starttime="1200.96" endtime="1201.11" c="W">those</w>
   <w nite:id="Bmr012.w.5646" starttime="1201.11" endtime="1201.31" c="W">eighty</w>
   <w nite:id="Bmr012.w.5647" starttime="1201.31" endtime="1201.49" c="W">meg</w>
   <w nite:id="Bmr012.w.5648" starttime="1201.49" endtime="1201.79" c="W">files</w>
   <w nite:id="Bmr012.w.5649" starttime="1201.79" endtime="1201.95" c="W">take</w>
   <w nite:id="Bmr012.w.5650" starttime="1201.95" endtime="1201.99" c="W">a</w>
   <w nite:id="Bmr012.w.5651" starttime="1201.99" endtime="1202.15" c="W">while</w>
   <w nite:id="Bmr012.w.5652" starttime="1202.15" endtime="1202.22" c="W">to</w>
   <w nite:id="Bmr012.w.5653" starttime="1202.22" endtime="1202.61" c="W">copy</w>
   <w nite:id="Bmr012.w.5654" starttime="1202.61" endtime="1202.77" c="W">into</w>
   <w nite:id="Bmr012.w.5655" starttime="1202.77" endtime="1202.95" c="W">my</w>
   <w nite:id="Bmr012.w.5656" starttime="1202.95" endtime="1203.55" c="W">directories</w>
   <w nite:id="Bmr012.w.5657" starttime="1203.55" endtime="1203.75" c="W">so</w>
   <w nite:id="Bmr012.w.5658" starttime="1203.75" endtime="1203.75" c="CM">,</w>
   <w nite:id="Bmr012.w.5659" starttime="1204.17" endtime="1204.36" c="W">but</w>
   <w nite:id="Bmr012.w.5660" starttime="1204.36" endtime="1204.58" c="W">no</w>
   <w nite:id="Bmr012.w.5661" starttime="1204.58" endtime="1204.58" c="CM">,</w>
   <w nite:id="Bmr012.w.5662" starttime="1204.58" endtime="1204.65" c="W">I</w>
   <w nite:id="Bmr012.w.5663" starttime="1204.65" endtime="1204.98" c="W">mean</w>
   <w nite:id="Bmr012.w.5664" starttime="1204.98" endtime="" c="W">it</w>
   <w nite:id="Bmr012.w.5665" starttime="" endtime="1205.26" c="APOSS">'s</w>
   <w nite:id="Bmr012.w.5666" starttime="1205.26" endtime="1205.52" c="W">not</w>
   <disfmarker nite:id="Bmr012.disfmarker.222" starttime="" endtime=""/>
   <w nite:id="Bmr012.w.5667" starttime="1205.52" endtime="1205.58" c="TRUNCW">i</w>
   <w nite:id="Bmr012.w.5668" starttime="1205.62" endtime="1205.88" c="W">it</w>
   <w nite:id="Bmr012.w.5669" starttime="1205.88" endtime="1206.09" c="W">wouldn't</w>
   <w nite:id="Bmr012.w.5670" starttime="1206.09" endtime="1206.16" c="W">be</w>
   <w nite:id="Bmr012.w.5671" starttime="1206.16" endtime="1206.2" c="W">a</w>
   <w nite:id="Bmr012.w.5672" starttime="1206.2" endtime="1206.47" c="W">problem</w>
   <w nite:id="Bmr012.w.5673" starttime="1206.47" endtime="1206.58" c="W">if</w>
   <w nite:id="Bmr012.w.5674" starttime="1206.58" endtime="" c="W">you</w>
   <w nite:id="Bmr012.w.5675" starttime="" endtime="1206.69" c="W">'re</w>
   <w nite:id="Bmr012.w.5676" starttime="1206.69" endtime="1207.07" c="W">interested</w>
   <w nite:id="Bmr012.w.5677" starttime="1207.07" endtime="1207.18" c="W">in</w>
   <w nite:id="Bmr012.w.5678" starttime="1207.18" endtime="1207.37" c="W">it</w>
   <disfmarker nite:id="Bmr012.disfmarker.223" starttime="" endtime=""/>
   <w nite:id="Bmr012.w.5679" starttime="1207.41" endtime="1207.51" c="W">it</w>
   <w nite:id="Bmr012.w.5680" starttime="1207.51" endtime="1207.68" c="W">would</w>
   <disfmarker nite:id="Bmr012.disfmarker.224" starttime="" endtime=""/>
   <w nite:id="Bmr012.w.5716" starttime="1214.04" endtime="1214.35" c="W">Yeah</w>
   <w nite:id="Bmr012.w.5717" starttime="1214.35" endtime="1214.35" c=".">.</w>
   <vocalsound nite:id="Bmr012.vocalsound.115" starttime="" endtime="" description="laugh"/>
   <w nite:id="Bmr012.w.5771" starttime="1230.2" endtime="1230.3" c="W">Mmm</w>
   <w nite:id="Bmr012.w.5772" starttime="1230.3" endtime="1230.3" c=".">.</w>
   <w nite:id="Bmr012.w.5773" starttime="1230.56" endtime="1230.7" c="W">In</w>
   <w nite:id="Bmr012.w.5774" starttime="1230.7" endtime="1230.76" c="W">the</w>
   <w nite:id="Bmr012.w.5775" starttime="1230.76" endtime="" c="W">front</w>
   <w nite:id="Bmr012.w.5776" starttime="" endtime="" c="HYPH">-</w>
   <w nite:id="Bmr012.w.5777" starttime="" endtime="1231.19" c="W">end</w>
   <w nite:id="Bmr012.w.5778" starttime="1231.35" endtime="1231.41" c="W">we</w>
   <w nite:id="Bmr012.w.5779" starttime="1231.41" endtime="1231.57" c="W">could</w>
   <w nite:id="Bmr012.w.5780" starttime="1231.57" endtime="1231.68" c="W">do</w>
   <w nite:id="Bmr012.w.5781" starttime="1231.68" endtime="1231.89" c="W">that</w>
   <w nite:id="Bmr012.w.5782" starttime="1231.89" endtime="1231.89" c=".">.</w>
   <w nite:id="Bmr012.w.5804" starttime="1232.66" endtime="1232.82" c="W">Yeah</w>
   <w nite:id="Bmr012.w.5805" starttime="1232.82" endtime="1232.82" c="CM">,</w>
   <w nite:id="Bmr012.w.5806" starttime="1232.82" endtime="1233.12" c="W">I</w>
   <disfmarker nite:id="Bmr012.disfmarker.232" starttime="" endtime=""/>
   <w nite:id="Bmr012.w.5807" starttime="1234.42" endtime="1234.57" c="W">Yeah</w>
   <w nite:id="Bmr012.w.5808" starttime="1234.57" endtime="1234.57" c="CM">,</w>
   <w nite:id="Bmr012.w.5809" starttime="1234.57" endtime="1234.63" c="W">I</w>
   <w nite:id="Bmr012.w.5810" starttime="1234.63" endtime="1234.85" c="W">can</w>
   <w nite:id="Bmr012.w.5811" starttime="1234.85" endtime="1235.2" c="W">imagine</w>
   <w nite:id="Bmr012.w.5812" starttime="1235.2" endtime="1235.27" c="W">it</w>
   <w nite:id="Bmr012.w.5813" starttime="1235.27" endtime="1235.42" c="W">would</w>
   <w nite:id="Bmr012.w.5814" starttime="1235.42" endtime="1235.69" c="W">be</w>
   <disfmarker nite:id="Bmr012.disfmarker.233" starttime="" endtime=""/>
   <w nite:id="Bmr012.w.5819" starttime="1236.8" endtime="1236.83" c="W">I</w>
   <w nite:id="Bmr012.w.5820" starttime="1236.83" endtime="1236.95" c="W">mean</w>
   <w nite:id="Bmr012.w.5821" starttime="1236.95" endtime="1236.98" c="W">I</w>
   <w nite:id="Bmr012.w.5822" starttime="1236.98" endtime="1237.21" c="W">guess</w>
   <w nite:id="Bmr012.w.5823" starttime="1237.21" endtime="" c="W">there</w>
   <w nite:id="Bmr012.w.5824" starttime="" endtime="1237.37" c="APOSS">'s</w>
   <w nite:id="Bmr012.w.5825" starttime="1237.37" endtime="1237.61" c="W">some</w>
   <disfmarker nite:id="Bmr012.disfmarker.234" starttime="" endtime=""/>
   <w nite:id="Bmr012.w.5866" starttime="1246.08" endtime="1246.33" c="W">Hmm</w>
   <w nite:id="Bmr012.w.5867" starttime="1246.33" endtime="1246.33" c=".">.</w>
   <w nite:id="Bmr012.w.5993" starttime="1282.99" endtime="" c="W">There</w>
   <w nite:id="Bmr012.w.5994" starttime="" endtime="1283.19" c="APOSS">'s</w>
   <disfmarker nite:id="Bmr012.disfmarker.237" starttime="" endtime=""/>
   <w nite:id="Bmr012.w.5995" starttime="1283.19" endtime="" c="W">there</w>
   <w nite:id="Bmr012.w.5996" starttime="" endtime="1283.36" c="APOSS">'s</w>
   <w nite:id="Bmr012.w.5997" starttime="1283.36" endtime="1283.46" c="W">your</w>
   <w nite:id="Bmr012.w.5998" starttime="1283.46" endtime="1283.65" c="W">answer</w>
   <w nite:id="Bmr012.w.5999" starttime="1283.65" endtime="1283.65" c=".">.</w>
   <vocalsound nite:id="Bmr012.vocalsound.121" starttime="" endtime="" description="laugh"/>
   <w nite:id="Bmr012.w.6119" starttime="1308.8" endtime="1308.93" c="W">Yeah</w>
   <w nite:id="Bmr012.w.6120" starttime="1308.93" endtime="1308.93" c="CM">,</w>
   <w nite:id="Bmr012.w.6121" starttime="1308.93" endtime="" c="W">it</w>
   <w nite:id="Bmr012.w.6122" starttime="" endtime="1309.29" c="APOSS">'s</w>
   <disfmarker nite:id="Bmr012.disfmarker.241" starttime="" endtime=""/>
   <w nite:id="Bmr012.w.6123" starttime="1309.29" endtime="" c="W">it</w>
   <w nite:id="Bmr012.w.6124" starttime="" endtime="1309.45" c="APOSS">'s</w>
   <w nite:id="Bmr012.w.6125" starttime="1309.45" endtime="1309.62" c="W">really</w>
   <w nite:id="Bmr012.w.6126" starttime="1309.62" endtime="1309.75" c="W">not</w>
   <w nite:id="Bmr012.w.6127" starttime="1309.75" endtime="1309.78" c="W">a</w>
   <w nite:id="Bmr012.w.6128" starttime="1309.78" endtime="1310.32" c="W">problem</w>
   <w nite:id="Bmr012.w.6129" starttime="1310.32" endtime="1310.32" c=".">.</w>
   <w nite:id="Bmr012.w.6143" starttime="1312.63" endtime="1312.81" c="W">Keep</w>
   <w nite:id="Bmr012.w.6144" starttime="1312.88" endtime="1313.11" c="W">going</w>
   <w nite:id="Bmr012.w.6145" starttime="1313.11" endtime="1313.11" c=".">.</w>
   <comment nite:id="Bmr012.comment.15" starttime="" endtime="" description="while laughing"/>
   <w nite:id="Bmr012.w.6160" starttime="1317.99" endtime="1318.23" c="W">Yeah</w>
   <w nite:id="Bmr012.w.6161" starttime="1318.23" endtime="1318.23" c=".">.</w>
   <w nite:id="Bmr012.w.6173" starttime="1322.53" endtime="1322.66" c="W">Yeah</w>
   <w nite:id="Bmr012.w.6174" starttime="1322.66" endtime="1322.66" c="CM">,</w>
   <w nite:id="Bmr012.w.6175" starttime="1322.66" endtime="1322.72" c="W">I</w>
   <w nite:id="Bmr012.w.6176" starttime="1322.72" endtime="1322.89" c="W">mean</w>
   <w nite:id="Bmr012.w.6177" starttime="1322.89" endtime="" c="W">I</w>
   <w nite:id="Bmr012.w.6178" starttime="" endtime="1323.1" c="W">'ll</w>
   <disfmarker nite:id="Bmr012.disfmarker.243" starttime="" endtime=""/>
   <w nite:id="Bmr012.w.6179" starttime="1323.1" endtime="1323.18" c="W">I</w>
   <w nite:id="Bmr012.w.6180" starttime="1323.18" endtime="1323.34" c="W">have</w>
   <w nite:id="Bmr012.w.6181" starttime="1323.34" endtime="1323.44" c="W">to</w>
   <w nite:id="Bmr012.w.6182" starttime="1323.44" endtime="1323.63" c="W">do</w>
   <w nite:id="Bmr012.w.6183" starttime="1323.63" endtime="1323.84" c="W">is</w>
   <w nite:id="Bmr012.w.6184" starttime="1323.84" endtime="1323.87" c="W">eh</w>
   <w nite:id="Bmr012.w.6185" starttime="1323.87" endtime="1324.29" c="TRUNCW">e</w>
   <w nite:id="Bmr012.w.6186" starttime="1324.29" endtime="1324.37" c="W">the</w>
   <w nite:id="Bmr012.w.6187" starttime="1324.37" endtime="1324.78" c="W">reference</w>
   <w nite:id="Bmr012.w.6188" starttime="1324.78" endtime="1325.11" c="W">file</w>
   <w nite:id="Bmr012.w.6189" starttime="1325.11" endtime="1325.21" c="W">would</w>
   <w nite:id="Bmr012.w.6190" starttime="1325.21" endtime="1325.41" c="W">stay</w>
   <w nite:id="Bmr012.w.6191" starttime="1325.41" endtime="1325.5" c="W">the</w>
   <w nite:id="Bmr012.w.6192" starttime="1325.5" endtime="1325.86" c="W">same</w>
   <w nite:id="Bmr012.w.6193" starttime="1325.86" endtime="1325.86" c="CM">,</w>
   <w nite:id="Bmr012.w.6194" starttime="1325.86" endtime="" c="W">it</w>
   <w nite:id="Bmr012.w.6195" starttime="" endtime="1325.99" c="APOSS">'s</w>
   <w nite:id="Bmr012.w.6196" starttime="1325.99" endtime="1326.41" c="W">just</w>
   <w nite:id="Bmr012.w.6197" starttime="1326.59" endtime="1326.74" c="W">the</w>
   <w nite:id="Bmr012.w.6198" starttime="1326.74" endtime="1327.19" c="W">individual</w>
   <w nite:id="Bmr012.w.6199" starttime="1327.19" endtime="1327.61" c="W">segments</w>
   <w nite:id="Bmr012.w.6200" starttime="1327.61" endtime="1327.71" c="W">would</w>
   <w nite:id="Bmr012.w.6201" starttime="1327.71" endtime="1327.89" c="W">be</w>
   <w nite:id="Bmr012.w.6202" starttime="1328.28" endtime="1328.7" c="W">approximately</w>
   <w nite:id="Bmr012.w.6203" starttime="1328.7" endtime="1328.99" c="W">twice</w>
   <w nite:id="Bmr012.w.6204" starttime="1328.99" endtime="1329.09" c="W">as</w>
   <w nite:id="Bmr012.w.6205" starttime="1329.09" endtime="1329.45" c="W">long</w>
   <w nite:id="Bmr012.w.6206" starttime="1329.45" endtime="1329.59" c="W">and</w>
   <w nite:id="Bmr012.w.6207" starttime="1329.59" endtime="1329.66" c="W">I</w>
   <w nite:id="Bmr012.w.6208" starttime="1329.66" endtime="1329.79" c="W">could</w>
   <w nite:id="Bmr012.w.6209" starttime="1329.79" endtime="1329.92" c="W">just</w>
   <w nite:id="Bmr012.w.6210" starttime="1329.92" endtime="1330.23" c="W">replace</w>
   <w nite:id="Bmr012.w.6211" starttime="1330.23" endtime="1330.36" c="W">them</w>
   <w nite:id="Bmr012.w.6212" starttime="1330.36" endtime="1330.47" c="W">with</w>
   <w nite:id="Bmr012.w.6213" starttime="1330.47" endtime="1330.54" c="W">the</w>
   <w nite:id="Bmr012.w.6214" starttime="1330.54" endtime="1330.79" c="W">bigger</w>
   <w nite:id="Bmr012.w.6215" starttime="1330.79" endtime="1330.97" c="W">ones</w>
   <w nite:id="Bmr012.w.6216" starttime="1330.97" endtime="1331.03" c="W">in</w>
   <w nite:id="Bmr012.w.6217" starttime="1331.03" endtime="1331.09" c="W">the</w>
   <w nite:id="Bmr012.w.6218" starttime="1331.09" endtime="1331.44" c="W">directory</w>
   <w nite:id="Bmr012.w.6219" starttime="1331.44" endtime="1331.44" c="CM">,</w>
   <w nite:id="Bmr012.w.6220" starttime="1331.44" endtime="" c="W">that</w>
   <w nite:id="Bmr012.w.6221" starttime="" endtime="1331.59" c="APOSS">'s</w>
   <w nite:id="Bmr012.w.6222" starttime="1331.59" endtime="1331.68" c="W">not</w>
   <w nite:id="Bmr012.w.6223" starttime="1331.68" endtime="1331.71" c="W">a</w>
   <w nite:id="Bmr012.w.6224" starttime="1331.71" endtime="1332.05" c="W">problem</w>
   <w nite:id="Bmr012.w.6225" starttime="1332.05" endtime="1332.05" c=".">.</w>
   <w nite:id="Bmr012.w.6356" starttime="1357.64" endtime="1357.83" c="W">Oh</w>
   <w nite:id="Bmr012.w.6357" starttime="1357.83" endtime="1357.83" c=".">.</w>
   <w nite:id="Bmr012.w.6403" starttime="1360.6" endtime="1360.82" c="W">Hmm</w>
   <w nite:id="Bmr012.w.6404" starttime="1360.82" endtime="1360.82" c=".">.</w>
   <w nite:id="Bmr012.w.6453" starttime="1371.19" endtime="1371.26" c="W">Is</w>
   <w nite:id="Bmr012.w.6454" starttime="1371.26" endtime="1371.41" c="W">eight</w>
   <w nite:id="Bmr012.w.6455" starttime="1371.41" endtime="1372.03" c="W">kilohertz</w>
   <disfmarker nite:id="Bmr012.disfmarker.254" starttime="" endtime=""/>
   <w nite:id="Bmr012.w.6470" starttime="1373.34" endtime="1373.46" c="W">is</w>
   <disfmarker nite:id="Bmr012.disfmarker.255" starttime="" endtime=""/>
   <w nite:id="Bmr012.w.6471" starttime="1373.46" endtime="1373.61" c="W">is</w>
   <w nite:id="Bmr012.w.6472" starttime="1373.61" endtime="1373.74" c="W">eighty</w>
   <w nite:id="Bmr012.w.6473" starttime="1373.74" endtime="1374.14" c="W">kilohertz</w>
   <w nite:id="Bmr012.w.6474" starttime="1374.14" endtime="1374.39" c="W">generally</w>
   <w nite:id="Bmr012.w.6475" starttime="1374.39" endtime="1374.74" c="W">accepted</w>
   <w nite:id="Bmr012.w.6476" starttime="1374.74" endtime="1374.85" c="W">as</w>
   <w nite:id="Bmr012.w.6477" starttime="1374.85" endtime="1375.05" c="W">like</w>
   <w nite:id="Bmr012.w.6478" starttime="1375.05" endtime="1375.52" c="W">standard</w>
   <w nite:id="Bmr012.w.6479" starttime="1375.86" endtime="1376.06" c="W">for</w>
   <w nite:id="Bmr012.w.6480" starttime="1376.06" endtime="1376.45" c="W">voice</w>
   <w nite:id="Bmr012.w.6481" starttime="1376.45" endtime="1376.45" c=".">?</w>
   <w nite:id="Bmr012.w.6490" starttime="1376.89" endtime="1377.16" c="W">Yeah</w>
   <w nite:id="Bmr012.w.6491" starttime="1377.16" endtime="" c="W">that</w>
   <w nite:id="Bmr012.w.6492" starttime="" endtime="1377.31" c="APOSS">'s</w>
   <w nite:id="Bmr012.w.6493" starttime="1377.31" endtime="1377.4" c="W">what</w>
   <w nite:id="Bmr012.w.6494" starttime="1377.4" endtime="1377.44" c="W">I</w>
   <w nite:id="Bmr012.w.6495" starttime="1377.44" endtime="1377.53" c="W">was</w>
   <w nite:id="Bmr012.w.6496" starttime="1377.53" endtime="1377.71" c="W">gonna</w>
   <w nite:id="Bmr012.w.6497" starttime="1377.71" endtime="1377.84" c="W">say</w>
   <w nite:id="Bmr012.w.6498" starttime="1377.84" endtime="1377.84" c="CM">,</w>
   <w nite:id="Bmr012.w.6499" starttime="1377.84" endtime="1377.87" c="W">I</w>
   <w nite:id="Bmr012.w.6500" starttime="1377.87" endtime="1378.02" c="W">mean</w>
   <w nite:id="Bmr012.w.6501" starttime="1378.02" endtime="1378.32" c="W">like</w>
   <disfmarker nite:id="Bmr012.disfmarker.256" starttime="" endtime=""/>
   <w nite:id="Bmr012.w.6502" starttime="1379.37" endtime="1379.9" c="W">so</w>
   <w nite:id="Bmr012.w.6531" starttime="1383.37" endtime="1383.57" c="W">Oh</w>
   <w nite:id="Bmr012.w.6532" starttime="1383.57" endtime="1383.57" c="CM">,</w>
   <w nite:id="Bmr012.w.6533" starttime="1383.57" endtime="1383.7" c="W">I</w>
   <w nite:id="Bmr012.w.6534" starttime="1383.7" endtime="1383.92" c="W">see</w>
   <w nite:id="Bmr012.w.6535" starttime="1383.92" endtime="1383.92" c="CM">,</w>
   <w nite:id="Bmr012.w.6536" starttime="1383.92" endtime="1384.35" c="W">so</w>
   <w nite:id="Bmr012.w.6537" starttime="1384.35" endtime="1384.35" c=".">.</w>
   <w nite:id="Bmr012.w.6538" starttime="1384.73" endtime="1385.09" t="PLET" c="W">OK</w>
   <w nite:id="Bmr012.w.6539" starttime="1385.09" endtime="1385.09" c=".">.</w>
   <w nite:id="Bmr012.w.6550" starttime="1388.21" endtime="1388.48" c="W">Right</w>
   <w nite:id="Bmr012.w.6551" starttime="1388.48" endtime="1388.48" c=".">.</w>
   <w nite:id="Bmr012.w.8082" starttime="1746.84" endtime="1747.34" c="W">Yeah</w>
   <w nite:id="Bmr012.w.8083" starttime="1747.34" endtime="1747.34" c=".">.</w>
   <w nite:id="Bmr012.w.8095" starttime="1750.62" endtime="" c="W">It</w>
   <w nite:id="Bmr012.w.8096" starttime="" endtime="1750.71" c="APOSS">'s</w>
   <w nite:id="Bmr012.w.8097" starttime="1750.71" endtime="1750.74" c="W">a</w>
   <w nite:id="Bmr012.w.8098" starttime="1750.74" endtime="1750.95" c="W">long</w>
   <w nite:id="Bmr012.w.8099" starttime="1750.95" endtime="1751.15" c="W">time</w>
   <w nite:id="Bmr012.w.8100" starttime="1751.15" endtime="1751.24" c="W">to</w>
   <w nite:id="Bmr012.w.8101" starttime="1751.24" endtime="1751.35" c="W">get</w>
   <w nite:id="Bmr012.w.8102" starttime="1751.35" endtime="1751.56" c="W">from</w>
   <w nite:id="Bmr012.w.8103" starttime="1751.56" endtime="1751.89" t="PLET" c="W">LA</w>
   <w nite:id="Bmr012.w.8104" starttime="1751.89" endtime="1751.89" c=".">.</w>
   <w nite:id="Bmr012.w.8244" starttime="1783.91" endtime="" c="W">That</w>
   <w nite:id="Bmr012.w.8245" starttime="" endtime="1784.05" c="APOSS">'s</w>
   <w nite:id="Bmr012.w.8246" starttime="1784.05" endtime="1784.15" c="W">like</w>
   <w nite:id="Bmr012.w.8247" starttime="1784.15" endtime="1784.23" c="W">the</w>
   <w nite:id="Bmr012.w.8248" starttime="1784.23" endtime="1784.71" c="W">Conch</w>
   <w nite:id="Bmr012.w.8249" starttime="1784.71" endtime="1784.71" c=".">.</w>
   <vocalsound nite:id="Bmr012.vocalsound.150" starttime="" endtime="" description="laugh"/>
   <w nite:id="Bmr012.w.8250" starttime="1787.46" endtime="1787.69" c="W">See</w>
   <w nite:id="Bmr012.w.8251" starttime="1787.69" endtime="1787.69" c="CM">,</w>
   <w nite:id="Bmr012.w.8252" starttime="1787.69" endtime="1787.86" c="W">look</w>
   <w nite:id="Bmr012.w.8253" starttime="1787.86" endtime="1787.86" c=".">.</w>
   <comment nite:id="Bmr012.comment.19" starttime="" endtime="" description="referring to &quot;Lord of the Flies&quot;"/>
   <vocalsound nite:id="Bmr012.vocalsound.156" starttime="" endtime="" description="laugh"/>
   <vocalsound nite:id="Bmr012.vocalsound.157" starttime="" endtime="" description="laugh"/>
   <vocalsound nite:id="Bmr012.vocalsound.162" starttime="" endtime="" description="laugh"/>
   <w nite:id="Bmr012.w.8761" starttime="1874.03" endtime="1874.24" c="W">Yeah</w>
   <w nite:id="Bmr012.w.8762" starttime="1874.24" endtime="1874.24" c=".">.</w>
   <w nite:id="Bmr012.w.9165" starttime="1949.44" endtime="1949.79" c="W">Yeah</w>
   <w nite:id="Bmr012.w.9166" starttime="1949.79" endtime="1949.79" c=".">.</w>
   <vocalsound nite:id="Bmr012.vocalsound.171" starttime="" endtime="" description="laugh"/>
   <vocalsound nite:id="Bmr012.vocalsound.176" starttime="" endtime="" description="laugh"/>
   <w nite:id="Bmr012.w.10388" starttime="2231.86" endtime="2231.92" c="W">We</w>
   <w nite:id="Bmr012.w.10389" starttime="2231.92" endtime="2231.98" c="W">were</w>
   <w nite:id="Bmr012.w.10390" starttime="2231.98" endtime="2232.11" c="W">just</w>
   <w nite:id="Bmr012.w.10391" starttime="2232.11" endtime="2232.32" c="W">talking</w>
   <w nite:id="Bmr012.w.10392" starttime="2232.32" endtime="2232.49" c="W">about</w>
   <w nite:id="Bmr012.w.10393" starttime="2232.88" endtime="2233.15" c="W">something</w>
   <w nite:id="Bmr012.w.10394" starttime="2233.15" endtime="2233.28" c="W">like</w>
   <w nite:id="Bmr012.w.10395" starttime="2233.28" endtime="2233.43" c="W">this</w>
   <w nite:id="Bmr012.w.10396" starttime="2233.43" endtime="2233.75" c="W">yesterday</w>
   <w nite:id="Bmr012.w.10397" starttime="2234.41" endtime="2234.81" c="W">or</w>
   <w nite:id="Bmr012.w.10398" starttime="2235.31" endtime="2235.43" c="W">yeah</w>
   <w nite:id="Bmr012.w.10399" starttime="2235.43" endtime="2235.85" c="W">yesterday</w>
   <w nite:id="Bmr012.w.10400" starttime="2236.36" endtime="2236.54" c="W">with</w>
   <w nite:id="Bmr012.w.10401" starttime="2236.54" endtime="2236.95" c="W">Liz</w>
   <w nite:id="Bmr012.w.10402" starttime="2236.95" endtime="2236.95" c=".">.</w>
   <w nite:id="Bmr012.w.10403" starttime="2237.51" endtime="2237.65" c="W">About</w>
   <w nite:id="Bmr012.w.10404" starttime="2237.65" endtime="2237.81" c="W">doing</w>
   <w nite:id="Bmr012.w.10405" starttime="2237.81" endtime="2237.95" c="W">some</w>
   <w nite:id="Bmr012.w.10406" starttime="2237.95" endtime="2238.01" c="W">of</w>
   <w nite:id="Bmr012.w.10407" starttime="2238.01" endtime="2238.15" c="W">the</w>
   <vocalsound nite:id="Bmr012.vocalsound.181" starttime="" endtime="" description="clears throat"/>
   <w nite:id="Bmr012.w.10408" starttime="2238.96" endtime="2239.14" c="W">echo</w>
   <w nite:id="Bmr012.w.10409" starttime="2239.14" endtime="2239.6" c="W">cancellation</w>
   <w nite:id="Bmr012.w.10410" starttime="2239.6" endtime="2239.91" c="W">stuff</w>
   <w nite:id="Bmr012.w.10411" starttime="2239.91" endtime="2239.98" c="W">or</w>
   <w nite:id="Bmr012.w.10412" starttime="2239.98" endtime="2240.32" c="W">possibly</w>
   <w nite:id="Bmr012.w.10413" starttime="2240.32" endtime="2240.39" c="W">the</w>
   <w nite:id="Bmr012.w.10414" starttime="2240.39" endtime="2241.2" c="W">spectroanalysis</w>
   <w nite:id="Bmr012.w.10415" starttime="2241.2" endtime="2241.32" c="W">over</w>
   <w nite:id="Bmr012.w.10416" starttime="2241.32" endtime="2241.41" c="W">the</w>
   <w nite:id="Bmr012.w.10417" starttime="2241.41" endtime="2241.88" c="W">overlaps</w>
   <w nite:id="Bmr012.w.10418" starttime="2241.88" endtime="2241.88" c="CM">,</w>
   <w nite:id="Bmr012.w.10419" starttime="2241.88" endtime="2242.04" c="W">so</w>
   <w nite:id="Bmr012.w.10420" starttime="2242.04" endtime="2242.04" c=".">.</w>
   <w nite:id="Bmr012.w.10421" starttime="2243.2" endtime="2243.42" c="W">Cool</w>
   <w nite:id="Bmr012.w.10422" starttime="2243.42" endtime="2243.42" c=".">.</w>
   <w nite:id="Bmr012.w.10599" starttime="" endtime="" c="W">Three</w>
   <w nite:id="Bmr012.w.10600" starttime="" endtime="" c="W">three</w>
   <w nite:id="Bmr012.w.10601" starttime="" endtime="" c="W">seven</w>
   <w nite:id="Bmr012.w.10602" starttime="" endtime="" c="W">one</w>
   <w nite:id="Bmr012.w.10603" starttime="" endtime="" c="W">dash</w>
   <w nite:id="Bmr012.w.10604" starttime="" endtime="" c="W">three</w>
   <w nite:id="Bmr012.w.10605" starttime="" endtime="" c="W">three</w>
   <w nite:id="Bmr012.w.10606" starttime="" endtime="" c="W">nine</w>
   <w nite:id="Bmr012.w.10607" starttime="" endtime="" c="W">zero</w>
   <w nite:id="Bmr012.w.10608" starttime="" endtime="" c=".">.</w>
   <comment nite:id="Bmr012.comment.70" starttime="" endtime="" description="Digits"/>
   <w nite:id="Bmr012.w.10609" starttime="" endtime="" c="W">two</w>
   <comment nite:id="Bmr012.comment.71" starttime="" endtime="" description="Digits"/>
   <w nite:id="Bmr012.w.10610" starttime="" endtime="" c="W">three</w>
   <w nite:id="Bmr012.w.10611" starttime="" endtime="" c="LET">O</w>
   <w nite:id="Bmr012.w.10612" starttime="" endtime="" c="W">nine</w>
   <comment nite:id="Bmr012.comment.72" starttime="" endtime="" description="Digits"/>
   <w nite:id="Bmr012.w.10613" starttime="" endtime="" c="W">five</w>
   <w nite:id="Bmr012.w.10614" starttime="" endtime="" c="W">two</w>
   <w nite:id="Bmr012.w.10615" starttime="" endtime="" c="W">four</w>
   <w nite:id="Bmr012.w.10616" starttime="" endtime="" c="W">zero</w>
   <w nite:id="Bmr012.w.10617" starttime="" endtime="" c="W">three</w>
   <w nite:id="Bmr012.w.10618" starttime="" endtime="" c="W">one</w>
   <w nite:id="Bmr012.w.10619" starttime="" endtime="" c="W">eight</w>
   <comment nite:id="Bmr012.comment.73" starttime="" endtime="" description="Digits"/>
   <w nite:id="Bmr012.w.10620" starttime="" endtime="" c="W">six</w>
   <w nite:id="Bmr012.w.10621" starttime="" endtime="" c="W">five</w>
   <w nite:id="Bmr012.w.10622" starttime="" endtime="" c="W">four</w>
   <w nite:id="Bmr012.w.10623" starttime="" endtime="" c="W">zero</w>
   <w nite:id="Bmr012.w.10624" starttime="" endtime="" c="W">zero</w>
   <w nite:id="Bmr012.w.10625" starttime="" endtime="" c="W">one</w>
   <w nite:id="Bmr012.w.10626" starttime="" endtime="" c="W">one</w>
   <comment nite:id="Bmr012.comment.74" starttime="" endtime="" description="Digits"/>
   <w nite:id="Bmr012.w.10627" starttime="" endtime="" c="W">seven</w>
   <w nite:id="Bmr012.w.10628" starttime="" endtime="" c="W">six</w>
   <w nite:id="Bmr012.w.10629" starttime="" endtime="" c="W">four</w>
   <w nite:id="Bmr012.w.10630" starttime="" endtime="" c="W">two</w>
   <w nite:id="Bmr012.w.10631" starttime="" endtime="" c="W">five</w>
   <w nite:id="Bmr012.w.10632" starttime="" endtime="" c="W">nine</w>
   <w nite:id="Bmr012.w.10633" starttime="" endtime="" c="W">four</w>
   <comment nite:id="Bmr012.comment.75" starttime="" endtime="" description="Digits"/>
   <w nite:id="Bmr012.w.10634" starttime="" endtime="" c="W">eight</w>
   <w nite:id="Bmr012.w.10635" starttime="" endtime="" c="W">eight</w>
   <comment nite:id="Bmr012.comment.76" starttime="" endtime="" description="Digits"/>
   <w nite:id="Bmr012.w.10636" starttime="" endtime="" c="W">nine</w>
   <comment nite:id="Bmr012.comment.77" starttime="" endtime="" description="Digits"/>
   <w nite:id="Bmr012.w.10637" starttime="" endtime="" c="LET">O</w>
   <comment nite:id="Bmr012.comment.78" starttime="" endtime="" description="Digits"/>
   <w nite:id="Bmr012.w.10638" starttime="" endtime="" c="W">zero</w>
   <comment nite:id="Bmr012.comment.79" starttime="" endtime="" description="Digits"/>
   <w nite:id="Bmr012.w.10639" starttime="" endtime="" c="W">two</w>
   <w nite:id="Bmr012.w.10640" starttime="" endtime="" c="W">five</w>
   <w nite:id="Bmr012.w.10641" starttime="" endtime="" c="W">two</w>
   <comment nite:id="Bmr012.comment.80" starttime="" endtime="" description="Digits"/>
   <w nite:id="Bmr012.w.10642" starttime="" endtime="" c="W">three</w>
   <w nite:id="Bmr012.w.10643" starttime="" endtime="" c="W">four</w>
   <w nite:id="Bmr012.w.10644" starttime="" endtime="" c="W">five</w>
   <w nite:id="Bmr012.w.10645" starttime="" endtime="" c="LET">O</w>
   <comment nite:id="Bmr012.comment.81" starttime="" endtime="" description="Digits"/>
   <w nite:id="Bmr012.w.10646" starttime="" endtime="" c="W">four</w>
   <w nite:id="Bmr012.w.10647" starttime="" endtime="" c="W">four</w>
   <w nite:id="Bmr012.w.10648" starttime="" endtime="" c="W">two</w>
   <w nite:id="Bmr012.w.10649" starttime="" endtime="" c="W">two</w>
   <w nite:id="Bmr012.w.10650" starttime="" endtime="" c="W">zero</w>
   <comment nite:id="Bmr012.comment.82" starttime="" endtime="" description="Digits"/>
   <w nite:id="Bmr012.w.10651" starttime="" endtime="" c="W">five</w>
   <w nite:id="Bmr012.w.10652" starttime="" endtime="" c="W">eight</w>
   <comment nite:id="Bmr012.comment.83" starttime="" endtime="" description="Digits"/>
   <w nite:id="Bmr012.w.10653" starttime="" endtime="" c="W">six</w>
   <comment nite:id="Bmr012.comment.84" starttime="" endtime="" description="Digits"/>
   <w nite:id="Bmr012.w.10654" starttime="" endtime="" c="W">seven</w>
   <comment nite:id="Bmr012.comment.85" starttime="" endtime="" description="Digits"/>
   <w nite:id="Bmr012.w.10655" starttime="" endtime="" c="W">eight</w>
   <w nite:id="Bmr012.w.10656" starttime="" endtime="" c="W">zero</w>
   <comment nite:id="Bmr012.comment.86" starttime="" endtime="" description="Digits"/>
   <w nite:id="Bmr012.w.10657" starttime="" endtime="" c="LET">O</w>
   <w nite:id="Bmr012.w.10658" starttime="" endtime="" c="W">one</w>
   <w nite:id="Bmr012.w.10659" starttime="" endtime="" c="W">six</w>
   <w nite:id="Bmr012.w.10660" starttime="" endtime="" c="W">five</w>
   <w nite:id="Bmr012.w.10661" starttime="" endtime="" c="LET">O</w>
   <comment nite:id="Bmr012.comment.87" starttime="" endtime="" description="Digits"/>
   <w nite:id="Bmr012.w.10662" starttime="" endtime="" c="W">zero</w>
   <w nite:id="Bmr012.w.10663" starttime="" endtime="" c="W">four</w>
   <w nite:id="Bmr012.w.10664" starttime="" endtime="" c="W">three</w>
   <w nite:id="Bmr012.w.10665" starttime="" endtime="" c="W">two</w>
   <comment nite:id="Bmr012.comment.88" starttime="" endtime="" description="Digits"/>
   <w nite:id="Bmr012.w.10666" starttime="" endtime="" c="W">one</w>
   <w nite:id="Bmr012.w.10667" starttime="" endtime="" c="W">seven</w>
   <comment nite:id="Bmr012.comment.89" starttime="" endtime="" description="Digits"/>
   <w nite:id="Bmr012.w.10668" starttime="" endtime="" c="W">two</w>
   <w nite:id="Bmr012.w.10669" starttime="" endtime="" c="W">nine</w>
   <w nite:id="Bmr012.w.10670" starttime="" endtime="" c="W">six</w>
   <comment nite:id="Bmr012.comment.90" starttime="" endtime="" description="Digits"/>
</nite:root>