<?xml version="1.0" encoding="ISO-8859-1" standalone="yes"?>
<nite:root nite:id="Bmr012.E.segs" xmlns:nite="http://nite.sourceforge.net/">
   <segment nite:id="Bmr012.segment.4" starttime="13.964" endtime="15.524" participant="me011" timing-provenance="dialogueact">
      <nite:child href="Bmr012.E.words.xml#id(Bmr012.w.12)..id(Bmr012.w.22)"/>
   </segment>
   <segment nite:id="Bmr012.segment.9" starttime="21.086" endtime="22.584" participant="me011" timing-provenance="segment">
      <nite:child href="Bmr012.E.words.xml#id(Bmr012.w.59)..id(Bmr012.disfmarker.3)"/>
   </segment>
   <segment nite:id="Bmr012.segment.12" starttime="25.054" endtime="38.414" participant="me011" timing-provenance="segment">
      <nite:child href="Bmr012.E.words.xml#id(Bmr012.w.67)..id(Bmr012.disfmarker.7)"/>
   </segment>
   <segment nite:id="Bmr012.segment.24" starttime="45.434" endtime="57.964" participant="me011" timing-provenance="dialogueact">
      <nite:child href="Bmr012.E.words.xml#id(Bmr012.w.181)..id(Bmr012.w.234)"/>
   </segment>
   <segment nite:id="Bmr012.segment.29" starttime="60.1" endtime="63.639" participant="me011" timing-provenance="segment">
      <nite:child href="Bmr012.E.words.xml#id(Bmr012.w.286)..id(Bmr012.disfmarker.10)"/>
   </segment>
   <segment nite:id="Bmr012.segment.34" starttime="64.829" endtime="65.059" participant="me011" timing-provenance="dialogueact">
      <nite:child href="Bmr012.E.words.xml#id(Bmr012.w.352)..id(Bmr012.w.353)"/>
   </segment>
   <segment nite:id="Bmr012.segment.38" starttime="70.87" endtime="76.35" participant="me011" timing-provenance="dialogueact">
      <nite:child href="Bmr012.E.words.xml#id(Bmr012.w.396)..id(Bmr012.w.424)"/>
   </segment>
   <segment nite:id="Bmr012.segment.44" starttime="77.381" endtime="78.099" participant="me011" timing-provenance="segment">
      <nite:child href="Bmr012.E.words.xml#id(Bmr012.w.449)..id(Bmr012.disfmarker.15)"/>
   </segment>
   <segment nite:id="Bmr012.segment.45" starttime="79.972" endtime="82.282" participant="me011" timing-provenance="dialogueact">
      <nite:child href="Bmr012.E.words.xml#id(Bmr012.w.450)..id(Bmr012.w.457)"/>
   </segment>
   <segment nite:id="Bmr012.segment.51" starttime="85.204" endtime="85.674" participant="me011" timing-provenance="dialogueact">
      <nite:child href="Bmr012.E.words.xml#id(Bmr012.w.515)..id(Bmr012.w.517)"/>
   </segment>
   <segment nite:id="Bmr012.segment.55" starttime="90.931" endtime="92.661" participant="me011" timing-provenance="dialogueact">
      <nite:child href="Bmr012.E.words.xml#id(Bmr012.w.535)..id(Bmr012.w.548)"/>
   </segment>
   <segment nite:id="Bmr012.segment.58" starttime="92.991" endtime="94.541" participant="me011" timing-provenance="dialogueact">
      <nite:child href="Bmr012.E.words.xml#id(Bmr012.w.557)..id(Bmr012.w.563)"/>
   </segment>
   <segment nite:id="Bmr012.segment.63" starttime="94.871" endtime="99.781" participant="me011" timing-provenance="dialogueact">
      <nite:child href="Bmr012.E.words.xml#id(Bmr012.w.572)..id(Bmr012.w.591)"/>
   </segment>
   <segment nite:id="Bmr012.segment.66" starttime="100.111" endtime="105.831" participant="me011" timing-provenance="dialogueact">
      <nite:child href="Bmr012.E.words.xml#id(Bmr012.w.592)..id(Bmr012.w.620)"/>
   </segment>
   <segment nite:id="Bmr012.segment.67" starttime="106.471" endtime="109.671" participant="me011" timing-provenance="dialogueact">
      <nite:child href="Bmr012.E.words.xml#id(Bmr012.w.621)..id(Bmr012.w.634)"/>
   </segment>
   <segment nite:id="Bmr012.segment.69" starttime="110.471" endtime="114.411" participant="me011" timing-provenance="dialogueact">
      <nite:child href="Bmr012.E.words.xml#id(Bmr012.w.639)..id(Bmr012.w.654)"/>
   </segment>
   <segment nite:id="Bmr012.segment.70" starttime="115.121" endtime="116.821" participant="me011" timing-provenance="dialogueact">
      <nite:child href="Bmr012.E.words.xml#id(Bmr012.w.655)..id(Bmr012.w.666)"/>
   </segment>
   <segment nite:id="Bmr012.segment.71" starttime="117.261" endtime="117.741" participant="me011" timing-provenance="dialogueact">
      <nite:child href="Bmr012.E.words.xml#id(Bmr012.w.667)"/>
   </segment>
   <segment nite:id="Bmr012.segment.72" starttime="118.8" endtime="124.245" participant="me011" timing-provenance="segment">
      <nite:child href="Bmr012.E.words.xml#id(Bmr012.w.668)..id(Bmr012.vocalsound.16)"/>
   </segment>
   <segment nite:id="Bmr012.segment.77" starttime="124.285" endtime="124.885" participant="me011" timing-provenance="dialogueact">
      <nite:child href="Bmr012.E.words.xml#id(Bmr012.w.692)..id(Bmr012.w.693)"/>
   </segment>
   <segment nite:id="Bmr012.segment.80" starttime="126.741" endtime="126.971" participant="me011" timing-provenance="dialogueact">
      <nite:child href="Bmr012.E.words.xml#id(Bmr012.w.719)..id(Bmr012.w.720)"/>
   </segment>
   <segment nite:id="Bmr012.segment.81" starttime="132.127" endtime="132.357" participant="me011" timing-provenance="dialogueact">
      <nite:child href="Bmr012.E.words.xml#id(Bmr012.w.721)..id(Bmr012.w.722)"/>
   </segment>
   <segment nite:id="Bmr012.segment.86" starttime="136.63" endtime="137.18" participant="me011" timing-provenance="dialogueact">
      <nite:child href="Bmr012.E.words.xml#id(Bmr012.w.755)..id(Bmr012.w.757)"/>
   </segment>
   <segment nite:id="Bmr012.segment.101" starttime="152.48" endtime="155.47" participant="me011" timing-provenance="dialogueact">
      <nite:child href="Bmr012.E.words.xml#id(Bmr012.w.867)..id(Bmr012.w.882)"/>
   </segment>
   <segment nite:id="Bmr012.segment.105" starttime="158.806" endtime="159.316" participant="me011" timing-provenance="dialogueact">
      <nite:child href="Bmr012.E.words.xml#id(Bmr012.w.898)..id(Bmr012.w.899)"/>
   </segment>
   <segment nite:id="Bmr012.segment.106" starttime="159.956" endtime="162.416" participant="me011" timing-provenance="dialogueact">
      <nite:child href="Bmr012.E.words.xml#id(Bmr012.w.900)..id(Bmr012.w.909)"/>
   </segment>
   <segment nite:id="Bmr012.segment.109" starttime="164.177" endtime="167.847" participant="me011" timing-provenance="dialogueact">
      <nite:child href="Bmr012.E.words.xml#id(Bmr012.w.920)..id(Bmr012.w.932)"/>
   </segment>
   <segment nite:id="Bmr012.segment.111" starttime="168.717" endtime="171.087" participant="me011" timing-provenance="dialogueact">
      <nite:child href="Bmr012.E.words.xml#id(Bmr012.w.937)..id(Bmr012.w.949)"/>
   </segment>
   <segment nite:id="Bmr012.segment.112" starttime="172.273" endtime="173.083" participant="me011" timing-provenance="dialogueact">
      <nite:child href="Bmr012.E.words.xml#id(Bmr012.w.950)..id(Bmr012.w.953)"/>
   </segment>
   <segment nite:id="Bmr012.segment.113" starttime="173.663" endtime="175.243" participant="me011" timing-provenance="dialogueact">
      <nite:child href="Bmr012.E.words.xml#id(Bmr012.w.954)..id(Bmr012.w.962)"/>
   </segment>
   <segment nite:id="Bmr012.segment.114" starttime="176.133" endtime="184.773" participant="me011" timing-provenance="dialogueact">
      <nite:child href="Bmr012.E.words.xml#id(Bmr012.w.963)..id(Bmr012.w.1008)"/>
   </segment>
   <segment nite:id="Bmr012.segment.115" starttime="186.667" endtime="190.997" participant="me011" timing-provenance="dialogueact">
      <nite:child href="Bmr012.E.words.xml#id(Bmr012.w.1009)..id(Bmr012.w.1030)"/>
   </segment>
   <segment nite:id="Bmr012.segment.116" starttime="192.217" endtime="194.777" participant="me011" timing-provenance="dialogueact">
      <nite:child href="Bmr012.E.words.xml#id(Bmr012.w.1031)..id(Bmr012.w.1043)"/>
   </segment>
   <segment nite:id="Bmr012.segment.117" starttime="197.649" endtime="197.839" participant="me011" timing-provenance="dialogueact">
      <nite:child href="Bmr012.E.words.xml#id(Bmr012.w.1044)..id(Bmr012.w.1045)"/>
   </segment>
   <segment nite:id="Bmr012.segment.120" starttime="203.018" endtime="203.418" participant="me011" timing-provenance="dialogueact">
      <nite:child href="Bmr012.E.words.xml#id(Bmr012.w.1052)..id(Bmr012.w.1054)"/>
   </segment>
   <segment nite:id="Bmr012.segment.121" starttime="204.928" endtime="205.798" participant="me011" timing-provenance="dialogueact">
      <nite:child href="Bmr012.E.words.xml#id(Bmr012.w.1055)..id(Bmr012.w.1057)"/>
   </segment>
   <segment nite:id="Bmr012.segment.123" starttime="209.371" endtime="210.081" participant="me011" timing-provenance="dialogueact">
      <nite:child href="Bmr012.E.words.xml#id(Bmr012.w.1060)..id(Bmr012.w.1061)"/>
   </segment>
   <segment nite:id="Bmr012.segment.124" starttime="210.511" endtime="211.791" participant="me011" timing-provenance="dialogueact">
      <nite:child href="Bmr012.E.words.xml#id(Bmr012.w.1062)..id(Bmr012.w.1067)"/>
   </segment>
   <segment nite:id="Bmr012.segment.130" starttime="219.425" endtime="223.375" participant="me011" timing-provenance="dialogueact">
      <nite:child href="Bmr012.E.words.xml#id(Bmr012.w.1082)..id(Bmr012.w.1095)"/>
   </segment>
   <segment nite:id="Bmr012.segment.133" starttime="224.842" endtime="225.472" participant="me011" timing-provenance="dialogueact">
      <nite:child href="Bmr012.E.words.xml#id(Bmr012.w.1098)..id(Bmr012.w.1101)"/>
   </segment>
   <segment nite:id="Bmr012.segment.134" starttime="226.002" endtime="228.272" participant="me011" timing-provenance="dialogueact">
      <nite:child href="Bmr012.E.words.xml#id(Bmr012.w.1102)..id(Bmr012.w.1110)"/>
   </segment>
   <segment nite:id="Bmr012.segment.135" starttime="229.845" endtime="230.355" participant="me011" timing-provenance="dialogueact">
      <nite:child href="Bmr012.E.words.xml#id(Bmr012.w.1111)..id(Bmr012.w.1113)"/>
   </segment>
   <segment nite:id="Bmr012.segment.139" starttime="235.466" endtime="236.356" participant="me011" timing-provenance="dialogueact">
      <nite:child href="Bmr012.E.words.xml#id(Bmr012.w.1129)..id(Bmr012.w.1135)"/>
   </segment>
   <segment nite:id="Bmr012.segment.149" starttime="258.603" endtime="260.305" participant="me011" timing-provenance="segment">
      <nite:child href="Bmr012.E.words.xml#id(Bmr012.vocalsound.31)"/>
   </segment>
   <segment nite:id="Bmr012.segment.159" starttime="290.309" endtime="290.779" participant="me011" timing-provenance="dialogueact">
      <nite:child href="Bmr012.E.words.xml#id(Bmr012.w.1318)..id(Bmr012.w.1320)"/>
   </segment>
   <segment nite:id="Bmr012.segment.160" starttime="291.201" endtime="292.393" participant="me011" timing-provenance="segment">
      <nite:child href="Bmr012.E.words.xml#id(Bmr012.vocalsound.34)"/>
   </segment>
   <segment nite:id="Bmr012.segment.163" starttime="301.507" endtime="301.947" participant="me011" timing-provenance="dialogueact">
      <nite:child href="Bmr012.E.words.xml#id(Bmr012.w.1352)..id(Bmr012.w.1353)"/>
   </segment>
   <segment nite:id="Bmr012.segment.164" starttime="304.176" endtime="305.117" participant="me011" timing-provenance="segment">
      <nite:child href="Bmr012.E.words.xml#id(Bmr012.w.1354)..id(Bmr012.disfmarker.41)"/>
   </segment>
   <segment nite:id="Bmr012.segment.165" starttime="305.536" endtime="308.556" participant="me011" timing-provenance="dialogueact">
      <nite:child href="Bmr012.E.words.xml#id(Bmr012.w.1355)..id(Bmr012.w.1368)"/>
   </segment>
   <segment nite:id="Bmr012.segment.175" starttime="315.925" endtime="317.125" participant="me011" timing-provenance="dialogueact">
      <nite:child href="Bmr012.E.words.xml#id(Bmr012.w.1442)..id(Bmr012.w.1448)"/>
   </segment>
   <segment nite:id="Bmr012.segment.177" starttime="320.036" endtime="321.51" participant="me011" timing-provenance="segment">
      <nite:child href="Bmr012.E.words.xml#id(Bmr012.vocalsound.35)"/>
   </segment>
   <segment nite:id="Bmr012.segment.184" starttime="330.758" endtime="331.748" participant="me011" timing-provenance="dialogueact">
      <nite:child href="Bmr012.E.words.xml#id(Bmr012.w.1517)..id(Bmr012.w.1519)"/>
   </segment>
   <segment nite:id="Bmr012.segment.187" starttime="333.021" endtime="334.261" participant="me011" timing-provenance="dialogueact">
      <nite:child href="Bmr012.E.words.xml#id(Bmr012.w.1524)..id(Bmr012.w.1530)"/>
   </segment>
   <segment nite:id="Bmr012.segment.190" starttime="335.091" endtime="335.641" participant="me011" timing-provenance="dialogueact">
      <nite:child href="Bmr012.E.words.xml#id(Bmr012.w.1537)..id(Bmr012.w.1538)"/>
   </segment>
   <segment nite:id="Bmr012.segment.198" starttime="343.723" endtime="344.143" participant="me011" timing-provenance="dialogueact">
      <nite:child href="Bmr012.E.words.xml#id(Bmr012.w.1602)..id(Bmr012.w.1603)"/>
   </segment>
   <segment nite:id="Bmr012.segment.200" starttime="346.158" endtime="346.99" participant="me011" timing-provenance="segment">
      <nite:child href="Bmr012.E.words.xml#id(Bmr012.w.1606)..id(Bmr012.disfmarker.59)"/>
   </segment>
   <segment nite:id="Bmr012.segment.203" starttime="347.822" endtime="348.562" participant="me011" timing-provenance="dialogueact">
      <nite:child href="Bmr012.E.words.xml#id(Bmr012.w.1631)..id(Bmr012.w.1632)"/>
   </segment>
   <segment nite:id="Bmr012.segment.205" starttime="348.932" endtime="349.072" participant="me011" timing-provenance="dialogueact">
      <nite:child href="Bmr012.E.words.xml#id(Bmr012.w.1635)..id(Bmr012.w.1636)"/>
   </segment>
   <segment nite:id="Bmr012.segment.209" starttime="351.963" endtime="356.083" participant="me011" timing-provenance="dialogueact">
      <nite:child href="Bmr012.E.words.xml#id(Bmr012.w.1645)..id(Bmr012.w.1647)"/>
   </segment>
   <segment nite:id="Bmr012.segment.215" starttime="356.083" endtime="356.143" participant="me011" timing-provenance="dialogueact">
      <nite:child href="Bmr012.E.words.xml#id(Bmr012.w.1708)..id(Bmr012.w.1709)"/>
   </segment>
   <segment nite:id="Bmr012.segment.217" starttime="357.526" endtime="358.557" participant="me011" timing-provenance="segment">
      <nite:child href="Bmr012.E.words.xml#id(Bmr012.w.1719)..id(Bmr012.disfmarker.72)"/>
   </segment>
   <segment nite:id="Bmr012.segment.218" starttime="359.397" endtime="365.067" participant="me011" timing-provenance="dialogueact">
      <nite:child href="Bmr012.E.words.xml#id(Bmr012.w.1720)..id(Bmr012.w.1734)"/>
   </segment>
   <segment nite:id="Bmr012.segment.223" starttime="365.377" endtime="368.287" participant="me011" timing-provenance="dialogueact">
      <nite:child href="Bmr012.E.words.xml#id(Bmr012.w.1743)..id(Bmr012.w.1754)"/>
   </segment>
   <segment nite:id="Bmr012.segment.224" starttime="368.497" endtime="374.167" participant="me011" timing-provenance="dialogueact">
      <nite:child href="Bmr012.E.words.xml#id(Bmr012.w.1755)..id(Bmr012.w.1773)"/>
   </segment>
   <segment nite:id="Bmr012.segment.227" starttime="374.897" endtime="381.037" participant="me011" timing-provenance="dialogueact">
      <nite:child href="Bmr012.E.words.xml#id(Bmr012.w.1778)..id(Bmr012.w.1808)"/>
   </segment>
   <segment nite:id="Bmr012.segment.231" starttime="382.047" endtime="382.157" participant="me011" timing-provenance="dialogueact">
      <nite:child href="Bmr012.E.words.xml#id(Bmr012.w.1819)"/>
   </segment>
   <segment nite:id="Bmr012.segment.232" starttime="383.237" endtime="384.847" participant="me011" timing-provenance="dialogueact">
      <nite:child href="Bmr012.E.words.xml#id(Bmr012.w.1820)..id(Bmr012.w.1827)"/>
   </segment>
   <segment nite:id="Bmr012.segment.239" starttime="388.202" endtime="388.492" participant="me011" timing-provenance="dialogueact">
      <nite:child href="Bmr012.E.words.xml#id(Bmr012.w.1861)"/>
   </segment>
   <segment nite:id="Bmr012.segment.244" starttime="389.594" endtime="391.184" participant="me011" timing-provenance="dialogueact">
      <nite:child href="Bmr012.E.words.xml#id(Bmr012.w.1870)..id(Bmr012.w.1874)"/>
   </segment>
   <segment nite:id="Bmr012.segment.246" starttime="391.484" endtime="396.695" participant="me011" timing-provenance="segment">
      <nite:child href="Bmr012.E.words.xml#id(Bmr012.w.1875)..id(Bmr012.vocalsound.45)"/>
   </segment>
   <segment nite:id="Bmr012.segment.254" starttime="399.851" endtime="401.701" participant="me011" timing-provenance="dialogueact">
      <nite:child href="Bmr012.E.words.xml#id(Bmr012.w.1920)..id(Bmr012.w.1927)"/>
   </segment>
   <segment nite:id="Bmr012.segment.258" starttime="404.144" endtime="404.544" participant="me011" timing-provenance="dialogueact">
      <nite:child href="Bmr012.E.words.xml#id(Bmr012.w.1964)"/>
   </segment>
   <segment nite:id="Bmr012.segment.262" starttime="406.679" endtime="408.47" participant="me011" timing-provenance="segment">
      <nite:child href="Bmr012.E.words.xml#id(Bmr012.w.1998)..id(Bmr012.disfmarker.94)"/>
   </segment>
   <segment nite:id="Bmr012.segment.265" starttime="410.053" endtime="416.943" participant="me011" timing-provenance="dialogueact">
      <nite:child href="Bmr012.E.words.xml#id(Bmr012.w.2004)..id(Bmr012.w.2024)"/>
   </segment>
   <segment nite:id="Bmr012.segment.273" starttime="418.84" endtime="420.26" participant="me011" timing-provenance="dialogueact">
      <nite:child href="Bmr012.E.words.xml#id(Bmr012.w.2073)..id(Bmr012.w.2078)"/>
   </segment>
   <segment nite:id="Bmr012.segment.277" starttime="424.852" endtime="425.592" participant="me011" timing-provenance="dialogueact">
      <nite:child href="Bmr012.E.words.xml#id(Bmr012.w.2089)..id(Bmr012.w.2093)"/>
   </segment>
   <segment nite:id="Bmr012.segment.281" starttime="431.656" endtime="432.516" participant="me011" timing-provenance="dialogueact">
      <nite:child href="Bmr012.E.words.xml#id(Bmr012.w.2131)..id(Bmr012.w.2136)"/>
   </segment>
   <segment nite:id="Bmr012.segment.287" starttime="439.257" endtime="440.517" participant="me011" timing-provenance="dialogueact">
      <nite:child href="Bmr012.E.words.xml#id(Bmr012.w.2169)..id(Bmr012.w.2176)"/>
   </segment>
   <segment nite:id="Bmr012.segment.289" starttime="442.895" endtime="443.255" participant="me011" timing-provenance="dialogueact">
      <nite:child href="Bmr012.E.words.xml#id(Bmr012.w.2206)..id(Bmr012.w.2207)"/>
   </segment>
   <segment nite:id="Bmr012.segment.291" starttime="445.801" endtime="450.701" participant="me011" timing-provenance="dialogueact">
      <nite:child href="Bmr012.E.words.xml#id(Bmr012.w.2218)..id(Bmr012.w.2237)"/>
   </segment>
   <segment nite:id="Bmr012.segment.301" starttime="458.615" endtime="460.575" participant="me011" timing-provenance="dialogueact">
      <nite:child href="Bmr012.E.words.xml#id(Bmr012.w.2275)..id(Bmr012.w.2280)"/>
   </segment>
   <segment nite:id="Bmr012.segment.313" starttime="468.758" endtime="471.709" participant="me011" timing-provenance="segment">
      <nite:child href="Bmr012.E.words.xml#id(Bmr012.vocalsound.55)"/>
   </segment>
   <segment nite:id="Bmr012.segment.317" starttime="477.389" endtime="477.729" participant="me011" timing-provenance="dialogueact">
      <nite:child href="Bmr012.E.words.xml#id(Bmr012.w.2374)"/>
   </segment>
   <segment nite:id="Bmr012.segment.319" starttime="479.128" endtime="484.438" participant="me011" timing-provenance="dialogueact">
      <nite:child href="Bmr012.E.words.xml#id(Bmr012.w.2379)..id(Bmr012.w.2407)"/>
   </segment>
   <segment nite:id="Bmr012.segment.322" starttime="484.968" endtime="485.868" participant="me011" timing-provenance="dialogueact">
      <nite:child href="Bmr012.E.words.xml#id(Bmr012.w.2421)..id(Bmr012.w.2423)"/>
   </segment>
   <segment nite:id="Bmr012.segment.326" starttime="491.723" endtime="497.693" participant="me011" timing-provenance="dialogueact">
      <nite:child href="Bmr012.E.words.xml#id(Bmr012.w.2455)..id(Bmr012.w.2482)"/>
   </segment>
   <segment nite:id="Bmr012.segment.330" starttime="497.016" endtime="499.145" participant="me011" timing-provenance="segment">
      <nite:child href="Bmr012.E.words.xml#id(Bmr012.w.2493)..id(Bmr012.w.2499)"/>
   </segment>
   <segment nite:id="Bmr012.segment.335" starttime="505.637" endtime="505.907" participant="me011" timing-provenance="dialogueact">
      <nite:child href="Bmr012.E.words.xml#id(Bmr012.w.2540)..id(Bmr012.w.2541)"/>
   </segment>
   <segment nite:id="Bmr012.segment.337" starttime="506.067" endtime="506.737" participant="me011" timing-provenance="dialogueact">
      <nite:child href="Bmr012.E.words.xml#id(Bmr012.w.2549)..id(Bmr012.w.2553)"/>
   </segment>
   <segment nite:id="Bmr012.segment.339" starttime="508.907" endtime="512.705" participant="me011" timing-provenance="segment">
      <nite:child href="Bmr012.E.words.xml#id(Bmr012.w.2556)..id(Bmr012.vocalsound.58)"/>
   </segment>
   <segment nite:id="Bmr012.segment.344" starttime="512.745" endtime="515.185" participant="me011" timing-provenance="dialogueact">
      <nite:child href="Bmr012.E.words.xml#id(Bmr012.w.2573)..id(Bmr012.w.2586)"/>
   </segment>
   <segment nite:id="Bmr012.segment.345" starttime="515.558" endtime="519.836" participant="me011" timing-provenance="segment">
      <nite:child href="Bmr012.E.words.xml#id(Bmr012.w.2587)..id(Bmr012.comment.7)"/>
   </segment>
   <segment nite:id="Bmr012.segment.349" starttime="519.836" endtime="523.201" participant="me011" timing-provenance="segment">
      <nite:child href="Bmr012.E.words.xml#id(Bmr012.w.2608)..id(Bmr012.comment.8)"/>
   </segment>
   <segment nite:id="Bmr012.segment.356" starttime="523.201" endtime="525.903" participant="me011" timing-provenance="segment">
      <nite:child href="Bmr012.E.words.xml#id(Bmr012.w.2640)..id(Bmr012.comment.9)"/>
   </segment>
   <segment nite:id="Bmr012.segment.365" starttime="544.769" endtime="545.209" participant="me011" timing-provenance="dialogueact">
      <nite:child href="Bmr012.E.words.xml#id(Bmr012.w.2716)..id(Bmr012.w.2717)"/>
   </segment>
   <segment nite:id="Bmr012.segment.366" starttime="547.572" endtime="548.072" participant="me011" timing-provenance="dialogueact">
      <nite:child href="Bmr012.E.words.xml#id(Bmr012.w.2718)..id(Bmr012.w.2719)"/>
   </segment>
   <segment nite:id="Bmr012.segment.374" starttime="563.305" endtime="565.804" participant="me011" timing-provenance="segment">
      <nite:child href="Bmr012.E.words.xml#id(Bmr012.vocalsound.70)"/>
   </segment>
   <segment nite:id="Bmr012.segment.378" starttime="566.094" endtime="566.344" participant="me011" timing-provenance="dialogueact">
      <nite:child href="Bmr012.E.words.xml#id(Bmr012.w.2819)"/>
   </segment>
   <segment nite:id="Bmr012.segment.381" starttime="567.454" endtime="569.084" participant="me011" timing-provenance="dialogueact">
      <nite:child href="Bmr012.E.words.xml#id(Bmr012.w.2824)..id(Bmr012.w.2832)"/>
   </segment>
   <segment nite:id="Bmr012.segment.386" starttime="569.475" endtime="575.566" participant="me011" timing-provenance="segment">
      <nite:child href="Bmr012.E.words.xml#id(Bmr012.w.2842)..id(Bmr012.vocalsound.73)"/>
   </segment>
   <segment nite:id="Bmr012.segment.393" starttime="575.896" endtime="578.636" participant="me011" timing-provenance="dialogueact">
      <nite:child href="Bmr012.E.words.xml#id(Bmr012.w.2871)..id(Bmr012.w.2877)"/>
   </segment>
   <segment nite:id="Bmr012.segment.409" starttime="607.218" endtime="608.198" participant="me011" timing-provenance="dialogueact">
      <nite:child href="Bmr012.E.words.xml#id(Bmr012.w.3010)..id(Bmr012.w.3016)"/>
   </segment>
   <segment nite:id="Bmr012.segment.418" starttime="616.262" endtime="616.532" participant="me011" timing-provenance="dialogueact">
      <nite:child href="Bmr012.E.words.xml#id(Bmr012.w.3090)..id(Bmr012.w.3091)"/>
   </segment>
   <segment nite:id="Bmr012.segment.429" starttime="640.27" endtime="641.68" participant="me011" timing-provenance="dialogueact">
      <nite:child href="Bmr012.E.words.xml#id(Bmr012.w.3188)..id(Bmr012.w.3196)"/>
   </segment>
   <segment nite:id="Bmr012.segment.433" starttime="642.1" endtime="643.76" participant="me011" timing-provenance="dialogueact">
      <nite:child href="Bmr012.E.words.xml#id(Bmr012.w.3214)..id(Bmr012.w.3219)"/>
   </segment>
   <segment nite:id="Bmr012.segment.442" starttime="654.57" endtime="655.28" participant="me011" timing-provenance="segment">
      <nite:child href="Bmr012.E.words.xml#id(Bmr012.vocalsound.79)"/>
   </segment>
   <segment nite:id="Bmr012.segment.450" starttime="665.39" endtime="670.363" participant="me011" timing-provenance="segment">
      <nite:child href="Bmr012.E.words.xml#id(Bmr012.w.3316)..id(Bmr012.vocalsound.82)"/>
   </segment>
   <segment nite:id="Bmr012.segment.455" starttime="671.59" endtime="672.12" participant="me011" timing-provenance="dialogueact">
      <nite:child href="Bmr012.E.words.xml#id(Bmr012.w.3350)..id(Bmr012.w.3353)"/>
   </segment>
   <segment nite:id="Bmr012.segment.459" starttime="673.77" endtime="677.49" participant="me011" timing-provenance="segment">
      <nite:child href="Bmr012.E.words.xml#id(Bmr012.w.3361)..id(Bmr012.vocalsound.90)"/>
   </segment>
   <segment nite:id="Bmr012.segment.469" starttime="694.16" endtime="694.39" participant="me011" timing-provenance="dialogueact">
      <nite:child href="Bmr012.E.words.xml#id(Bmr012.w.3434)..id(Bmr012.w.3435)"/>
   </segment>
   <segment nite:id="Bmr012.segment.476" starttime="706.48" endtime="706.8" participant="me011" timing-provenance="dialogueact">
      <nite:child href="Bmr012.E.words.xml#id(Bmr012.w.3508)..id(Bmr012.w.3509)"/>
   </segment>
   <segment nite:id="Bmr012.segment.479" starttime="710.69" endtime="712.61" participant="me011" timing-provenance="dialogueact">
      <nite:child href="Bmr012.E.words.xml#id(Bmr012.w.3535)..id(Bmr012.w.3539)"/>
   </segment>
   <segment nite:id="Bmr012.segment.497" starttime="744.41" endtime="745.24" participant="me011" timing-provenance="dialogueact">
      <nite:child href="Bmr012.E.words.xml#id(Bmr012.w.3668)..id(Bmr012.w.3671)"/>
   </segment>
   <segment nite:id="Bmr012.segment.507" starttime="756.14" endtime="758.06" participant="me011" timing-provenance="dialogueact">
      <nite:child href="Bmr012.E.words.xml#id(Bmr012.w.3719)..id(Bmr012.w.3731)"/>
   </segment>
   <segment nite:id="Bmr012.segment.525" starttime="810.39" endtime="811.97" participant="me011" timing-provenance="dialogueact">
      <nite:child href="Bmr012.E.words.xml#id(Bmr012.w.3931)..id(Bmr012.w.3939)"/>
   </segment>
   <segment nite:id="Bmr012.segment.527" starttime="815.7" endtime="820.24" participant="me011" timing-provenance="dialogueact">
      <nite:child href="Bmr012.E.words.xml#id(Bmr012.w.3944)..id(Bmr012.w.3966)"/>
   </segment>
   <segment nite:id="Bmr012.segment.533" starttime="829.68" endtime="829.97" participant="me011" timing-provenance="dialogueact">
      <nite:child href="Bmr012.E.words.xml#id(Bmr012.w.4015)..id(Bmr012.w.4016)"/>
   </segment>
   <segment nite:id="Bmr012.segment.534" starttime="831.19" endtime="835.18" participant="me011" timing-provenance="dialogueact">
      <nite:child href="Bmr012.E.words.xml#id(Bmr012.w.4017)..id(Bmr012.w.4032)"/>
   </segment>
   <segment nite:id="Bmr012.segment.535" starttime="835.74" endtime="837.33" participant="me011" timing-provenance="dialogueact">
      <nite:child href="Bmr012.E.words.xml#id(Bmr012.w.4033)..id(Bmr012.w.4039)"/>
   </segment>
   <segment nite:id="Bmr012.segment.541" starttime="851.36" endtime="852.36" participant="me011" timing-provenance="dialogueact">
      <nite:child href="Bmr012.E.words.xml#id(Bmr012.w.4094)..id(Bmr012.w.4097)"/>
   </segment>
   <segment nite:id="Bmr012.segment.549" starttime="864.88" endtime="866.04" participant="me011" timing-provenance="segment">
      <nite:child href="Bmr012.E.words.xml#id(Bmr012.w.4162)..id(Bmr012.comment.11)"/>
   </segment>
   <segment nite:id="Bmr012.segment.552" starttime="867.33" endtime="868.51" participant="me011" timing-provenance="dialogueact">
      <nite:child href="Bmr012.E.words.xml#id(Bmr012.w.4184)..id(Bmr012.w.4191)"/>
   </segment>
   <segment nite:id="Bmr012.segment.555" starttime="869.38" endtime="872.48" participant="me011" timing-provenance="dialogueact">
      <nite:child href="Bmr012.E.words.xml#id(Bmr012.w.4192)..id(Bmr012.w.4207)"/>
   </segment>
   <segment nite:id="Bmr012.segment.560" starttime="874.41" endtime="875.99" participant="me011" timing-provenance="dialogueact">
      <nite:child href="Bmr012.E.words.xml#id(Bmr012.w.4237)..id(Bmr012.w.4242)"/>
   </segment>
   <segment nite:id="Bmr012.segment.591" starttime="961.38" endtime="962.19" participant="me011" timing-provenance="dialogueact">
      <nite:child href="Bmr012.E.words.xml#id(Bmr012.w.4627)..id(Bmr012.w.4633)"/>
   </segment>
   <segment nite:id="Bmr012.segment.618" starttime="1031.02" endtime="1032.91" participant="me011" timing-provenance="dialogueact">
      <nite:child href="Bmr012.E.words.xml#id(Bmr012.w.4814)..id(Bmr012.w.4825)"/>
   </segment>
   <segment nite:id="Bmr012.segment.623" starttime="1037.65" endtime="1041.72" participant="me011" timing-provenance="dialogueact">
      <nite:child href="Bmr012.E.words.xml#id(Bmr012.w.4845)..id(Bmr012.w.4865)"/>
   </segment>
   <segment nite:id="Bmr012.segment.626" starttime="1042.81" endtime="1043.21" participant="me011" timing-provenance="dialogueact">
      <nite:child href="Bmr012.E.words.xml#id(Bmr012.w.4877)..id(Bmr012.w.4879)"/>
   </segment>
   <segment nite:id="Bmr012.segment.635" starttime="1063.0" endtime="1063.34" participant="me011" timing-provenance="dialogueact">
      <nite:child href="Bmr012.E.words.xml#id(Bmr012.w.5011)..id(Bmr012.w.5014)"/>
   </segment>
   <segment nite:id="Bmr012.segment.644" starttime="1098.96" endtime="1105.66" participant="me011" timing-provenance="dialogueact">
      <nite:child href="Bmr012.E.words.xml#id(Bmr012.w.5159)..id(Bmr012.w.5186)"/>
   </segment>
   <segment nite:id="Bmr012.segment.667" starttime="1149.85" endtime="1151.32" participant="me011" timing-provenance="dialogueact">
      <nite:child href="Bmr012.E.words.xml#id(Bmr012.w.5362)..id(Bmr012.w.5369)"/>
   </segment>
   <segment nite:id="Bmr012.segment.668" starttime="1152.07" endtime="1153.67" participant="me011" timing-provenance="dialogueact">
      <nite:child href="Bmr012.E.words.xml#id(Bmr012.w.5370)..id(Bmr012.w.5379)"/>
   </segment>
   <segment nite:id="Bmr012.segment.670" starttime="1154.04" endtime="1155.05" participant="me011" timing-provenance="dialogueact">
      <nite:child href="Bmr012.E.words.xml#id(Bmr012.w.5387)..id(Bmr012.w.5390)"/>
   </segment>
   <segment nite:id="Bmr012.segment.673" starttime="1157.29" endtime="1162.24" participant="me011" timing-provenance="segment">
      <nite:child href="Bmr012.E.words.xml#id(Bmr012.w.5399)..id(Bmr012.vocalsound.107)"/>
   </segment>
   <segment nite:id="Bmr012.segment.679" starttime="1163.48" endtime="1168.01" participant="me011" timing-provenance="segment">
      <nite:child href="Bmr012.E.words.xml#id(Bmr012.w.5431)..id(Bmr012.vocalsound.108)"/>
   </segment>
   <segment nite:id="Bmr012.segment.682" starttime="1168.06" endtime="1169.14" participant="me011" timing-provenance="dialogueact">
      <nite:child href="Bmr012.E.words.xml#id(Bmr012.w.5478)..id(Bmr012.w.5484)"/>
   </segment>
   <segment nite:id="Bmr012.segment.688" starttime="1179.11" endtime="1181.95" participant="me011" timing-provenance="dialogueact">
      <nite:child href="Bmr012.E.words.xml#id(Bmr012.w.5524)..id(Bmr012.w.5533)"/>
   </segment>
   <segment nite:id="Bmr012.segment.689" starttime="1182.57" endtime="1182.85" participant="me011" timing-provenance="dialogueact">
      <nite:child href="Bmr012.E.words.xml#id(Bmr012.w.5534)..id(Bmr012.w.5535)"/>
   </segment>
   <segment nite:id="Bmr012.segment.695" starttime="1189.73" endtime="1190.37" participant="me011" timing-provenance="dialogueact">
      <nite:child href="Bmr012.E.words.xml#id(Bmr012.w.5580)..id(Bmr012.w.5583)"/>
   </segment>
   <segment nite:id="Bmr012.segment.703" starttime="1196.93" endtime="1200.76" participant="me011" timing-provenance="segment">
      <nite:child href="Bmr012.E.words.xml#id(Bmr012.vocalsound.113)"/>
   </segment>
   <segment nite:id="Bmr012.segment.713" starttime="1217.1" endtime="1218.57" participant="me011" timing-provenance="dialogueact">
      <nite:child href="Bmr012.E.words.xml#id(Bmr012.w.5727)..id(Bmr012.w.5736)"/>
   </segment>
   <segment nite:id="Bmr012.segment.717" starttime="1219.04" endtime="1223.198" participant="me011" timing-provenance="segment">
      <nite:child href="Bmr012.E.words.xml#id(Bmr012.vocalsound.117)"/>
   </segment>
   <segment nite:id="Bmr012.segment.734" starttime="1251.78" endtime="1259.02" participant="me011" timing-provenance="dialogueact">
      <nite:child href="Bmr012.E.words.xml#id(Bmr012.w.5880)..id(Bmr012.w.5911)"/>
   </segment>
   <segment nite:id="Bmr012.segment.735" starttime="1259.27" endtime="1262.14" participant="me011" timing-provenance="dialogueact">
      <nite:child href="Bmr012.E.words.xml#id(Bmr012.w.5912)..id(Bmr012.w.5924)"/>
   </segment>
   <segment nite:id="Bmr012.segment.736" starttime="1262.314" endtime="1264.82" participant="me011" timing-provenance="segment">
      <nite:child href="Bmr012.E.words.xml#id(Bmr012.w.5925)..id(Bmr012.comment.14)"/>
   </segment>
   <segment nite:id="Bmr012.segment.738" starttime="1267.43" endtime="1267.73" participant="me011" timing-provenance="dialogueact">
      <nite:child href="Bmr012.E.words.xml#id(Bmr012.w.5961)..id(Bmr012.w.5962)"/>
   </segment>
   <segment nite:id="Bmr012.segment.745" starttime="1281.37" endtime="1284.45" participant="me011" timing-provenance="segment">
      <nite:child href="Bmr012.E.words.xml#id(Bmr012.vocalsound.119)"/>
   </segment>
   <segment nite:id="Bmr012.segment.773" starttime="1331.93" endtime="1332.82" participant="me011" timing-provenance="dialogueact">
      <nite:child href="Bmr012.E.words.xml#id(Bmr012.w.6238)..id(Bmr012.w.6239)"/>
   </segment>
   <segment nite:id="Bmr012.segment.784" starttime="1351.66" endtime="1351.89" participant="me011" timing-provenance="dialogueact">
      <nite:child href="Bmr012.E.words.xml#id(Bmr012.w.6320)..id(Bmr012.w.6321)"/>
   </segment>
   <segment nite:id="Bmr012.segment.786" starttime="1353.08" endtime="1355.71" participant="me011" timing-provenance="dialogueact">
      <nite:child href="Bmr012.E.words.xml#id(Bmr012.w.6325)..id(Bmr012.w.6335)"/>
   </segment>
   <segment nite:id="Bmr012.segment.791" starttime="1357.84" endtime="1359.88" participant="me011" timing-provenance="dialogueact">
      <nite:child href="Bmr012.E.words.xml#id(Bmr012.w.6358)..id(Bmr012.w.6366)"/>
   </segment>
   <segment nite:id="Bmr012.segment.804" starttime="1368.99" endtime="1369.82" participant="me011" timing-provenance="segment">
      <nite:child href="Bmr012.E.words.xml#id(Bmr012.w.6452)..id(Bmr012.disfmarker.253)"/>
   </segment>
   <segment nite:id="Bmr012.segment.807" starttime="1371.41" endtime="1373.36" participant="me011" timing-provenance="dialogueact">
      <nite:child href="Bmr012.E.words.xml#id(Bmr012.w.6458)..id(Bmr012.w.6469)"/>
   </segment>
   <segment nite:id="Bmr012.segment.809" starttime="1376.03" endtime="1376.85" participant="me011" timing-provenance="dialogueact">
      <nite:child href="Bmr012.E.words.xml#id(Bmr012.w.6482)..id(Bmr012.w.6483)"/>
   </segment>
   <segment nite:id="Bmr012.segment.817" starttime="1385.98" endtime="1388.18" participant="me011" timing-provenance="dialogueact">
      <nite:child href="Bmr012.E.words.xml#id(Bmr012.w.6540)..id(Bmr012.w.6547)"/>
   </segment>
   <segment nite:id="Bmr012.segment.821" starttime="1388.18" endtime="1389.36" participant="me011" timing-provenance="dialogueact">
      <nite:child href="Bmr012.E.words.xml#id(Bmr012.w.6559)..id(Bmr012.w.6564)"/>
   </segment>
   <segment nite:id="Bmr012.segment.823" starttime="1392.92" endtime="1393.62" participant="me011" timing-provenance="dialogueact">
      <nite:child href="Bmr012.E.words.xml#id(Bmr012.w.6569)..id(Bmr012.w.6572)"/>
   </segment>
   <segment nite:id="Bmr012.segment.828" starttime="1404.3" endtime="1404.73" participant="me011" timing-provenance="dialogueact">
      <nite:child href="Bmr012.E.words.xml#id(Bmr012.w.6613)..id(Bmr012.w.6616)"/>
   </segment>
   <segment nite:id="Bmr012.segment.832" starttime="1409.67" endtime="1410.7" participant="me011" timing-provenance="dialogueact">
      <nite:child href="Bmr012.E.words.xml#id(Bmr012.w.6654)..id(Bmr012.w.6661)"/>
   </segment>
   <segment nite:id="Bmr012.segment.835" starttime="1415.568" endtime="1417.358" participant="me011" timing-provenance="segment">
      <nite:child href="Bmr012.E.words.xml#id(Bmr012.w.6694)..id(Bmr012.comment.17)"/>
   </segment>
   <segment nite:id="Bmr012.segment.836" starttime="1418.14" endtime="1421.06" participant="me011" timing-provenance="dialogueact">
      <nite:child href="Bmr012.E.words.xml#id(Bmr012.w.6696)..id(Bmr012.w.6712)"/>
   </segment>
   <segment nite:id="Bmr012.segment.847" starttime="1446.28" endtime="1447.39" participant="me011" timing-provenance="segment">
      <nite:child href="Bmr012.E.words.xml#id(Bmr012.vocalsound.133)"/>
   </segment>
   <segment nite:id="Bmr012.segment.852" starttime="1454.607" endtime="1456.764" participant="me011" timing-provenance="segment">
      <nite:child href="Bmr012.E.words.xml#id(Bmr012.w.6841)..id(Bmr012.vocalsound.138)"/>
   </segment>
   <segment nite:id="Bmr012.segment.864" starttime="1490.79" endtime="1492.19" participant="me011" timing-provenance="dialogueact">
      <nite:child href="Bmr012.E.words.xml#id(Bmr012.w.6958)..id(Bmr012.w.6968)"/>
   </segment>
   <segment nite:id="Bmr012.segment.869" starttime="1516.42" endtime="1518.33" participant="me011" timing-provenance="dialogueact">
      <nite:child href="Bmr012.E.words.xml#id(Bmr012.w.7073)..id(Bmr012.w.7083)"/>
   </segment>
   <segment nite:id="Bmr012.segment.875" starttime="1528.81" endtime="1529.24" participant="me011" timing-provenance="dialogueact">
      <nite:child href="Bmr012.E.words.xml#id(Bmr012.w.7144)..id(Bmr012.w.7147)"/>
   </segment>
   <segment nite:id="Bmr012.segment.877" starttime="1529.78" endtime="1530.37" participant="me011" timing-provenance="dialogueact">
      <nite:child href="Bmr012.E.words.xml#id(Bmr012.w.7157)..id(Bmr012.w.7160)"/>
   </segment>
   <segment nite:id="Bmr012.segment.878" starttime="1531.28" endtime="1533.7" participant="me011" timing-provenance="dialogueact">
      <nite:child href="Bmr012.E.words.xml#id(Bmr012.w.7161)..id(Bmr012.w.7172)"/>
   </segment>
   <segment nite:id="Bmr012.segment.879" starttime="1534.23" endtime="1539.46" participant="me011" timing-provenance="dialogueact">
      <nite:child href="Bmr012.E.words.xml#id(Bmr012.w.7173)..id(Bmr012.w.7192)"/>
   </segment>
   <segment nite:id="Bmr012.segment.881" starttime="1539.86" endtime="1540.97" participant="me011" timing-provenance="dialogueact">
      <nite:child href="Bmr012.E.words.xml#id(Bmr012.w.7199)..id(Bmr012.w.7201)"/>
   </segment>
   <segment nite:id="Bmr012.segment.882" starttime="1541.91" endtime="1544.92" participant="me011" timing-provenance="dialogueact">
      <nite:child href="Bmr012.E.words.xml#id(Bmr012.w.7202)..id(Bmr012.w.7217)"/>
   </segment>
   <segment nite:id="Bmr012.segment.883" starttime="1545.29" endtime="1547.51" participant="me011" timing-provenance="dialogueact">
      <nite:child href="Bmr012.E.words.xml#id(Bmr012.w.7218)..id(Bmr012.w.7230)"/>
   </segment>
   <segment nite:id="Bmr012.segment.884" starttime="1547.69" endtime="1550.52" participant="me011" timing-provenance="dialogueact">
      <nite:child href="Bmr012.E.words.xml#id(Bmr012.w.7231)..id(Bmr012.w.7246)"/>
   </segment>
   <segment nite:id="Bmr012.segment.887" starttime="1560.34" endtime="1560.55" participant="me011" timing-provenance="dialogueact">
      <nite:child href="Bmr012.E.words.xml#id(Bmr012.w.7282)..id(Bmr012.w.7283)"/>
   </segment>
   <segment nite:id="Bmr012.segment.890" starttime="1566.01" endtime="1566.22" participant="me011" timing-provenance="dialogueact">
      <nite:child href="Bmr012.E.words.xml#id(Bmr012.w.7315)..id(Bmr012.w.7316)"/>
   </segment>
   <segment nite:id="Bmr012.segment.892" starttime="1568.8" endtime="1569.34" participant="me011" timing-provenance="dialogueact">
      <nite:child href="Bmr012.E.words.xml#id(Bmr012.w.7335)..id(Bmr012.w.7338)"/>
   </segment>
   <segment nite:id="Bmr012.segment.893" starttime="1570.28" endtime="1570.86" participant="me011" timing-provenance="dialogueact">
      <nite:child href="Bmr012.E.words.xml#id(Bmr012.w.7339)..id(Bmr012.w.7343)"/>
   </segment>
   <segment nite:id="Bmr012.segment.894" starttime="1572.62" endtime="1574.72" participant="me011" timing-provenance="dialogueact">
      <nite:child href="Bmr012.E.words.xml#id(Bmr012.w.7344)..id(Bmr012.w.7351)"/>
   </segment>
   <segment nite:id="Bmr012.segment.895" starttime="1575.66" endtime="1576.36" participant="me011" timing-provenance="dialogueact">
      <nite:child href="Bmr012.E.words.xml#id(Bmr012.w.7352)"/>
   </segment>
   <segment nite:id="Bmr012.segment.896" starttime="1576.81" endtime="1577.37" participant="me011" timing-provenance="dialogueact">
      <nite:child href="Bmr012.E.words.xml#id(Bmr012.w.7353)"/>
   </segment>
   <segment nite:id="Bmr012.segment.897" starttime="1578.45" endtime="1580.52" participant="me011" timing-provenance="dialogueact">
      <nite:child href="Bmr012.E.words.xml#id(Bmr012.w.7354)..id(Bmr012.w.7366)"/>
   </segment>
   <segment nite:id="Bmr012.segment.899" starttime="1582.15" endtime="1582.31" participant="me011" timing-provenance="dialogueact">
      <nite:child href="Bmr012.E.words.xml#id(Bmr012.w.7401)"/>
   </segment>
   <segment nite:id="Bmr012.segment.901" starttime="1588.94" endtime="1589.11" participant="me011" timing-provenance="dialogueact">
      <nite:child href="Bmr012.E.words.xml#id(Bmr012.w.7407)..id(Bmr012.w.7408)"/>
   </segment>
   <segment nite:id="Bmr012.segment.903" starttime="1590.37" endtime="1594.62" participant="me011" timing-provenance="dialogueact">
      <nite:child href="Bmr012.E.words.xml#id(Bmr012.w.7419)..id(Bmr012.w.7439)"/>
   </segment>
   <segment nite:id="Bmr012.segment.906" starttime="1595.77" endtime="1597.26" participant="me011" timing-provenance="dialogueact">
      <nite:child href="Bmr012.E.words.xml#id(Bmr012.w.7448)..id(Bmr012.w.7460)"/>
   </segment>
   <segment nite:id="Bmr012.segment.908" starttime="1598.3" endtime="1600.04" participant="me011" timing-provenance="dialogueact">
      <nite:child href="Bmr012.E.words.xml#id(Bmr012.w.7463)..id(Bmr012.w.7472)"/>
   </segment>
   <segment nite:id="Bmr012.segment.909" starttime="1600.04" endtime="1605.48" participant="me011" timing-provenance="dialogueact">
      <nite:child href="Bmr012.E.words.xml#id(Bmr012.w.7473)..id(Bmr012.w.7491)"/>
   </segment>
   <segment nite:id="Bmr012.segment.910" starttime="1606.33" endtime="1608.91" participant="me011" timing-provenance="dialogueact">
      <nite:child href="Bmr012.E.words.xml#id(Bmr012.w.7492)..id(Bmr012.w.7501)"/>
   </segment>
   <segment nite:id="Bmr012.segment.911" starttime="1609.36" endtime="1617.81" participant="me011" timing-provenance="dialogueact">
      <nite:child href="Bmr012.E.words.xml#id(Bmr012.w.7502)..id(Bmr012.w.7539)"/>
   </segment>
   <segment nite:id="Bmr012.segment.912" starttime="1618.71" endtime="1619.31" participant="me011" timing-provenance="dialogueact">
      <nite:child href="Bmr012.E.words.xml#id(Bmr012.w.7540)"/>
   </segment>
   <segment nite:id="Bmr012.segment.915" starttime="1619.89" endtime="1620.67" participant="me011" timing-provenance="dialogueact">
      <nite:child href="Bmr012.E.words.xml#id(Bmr012.w.7557)..id(Bmr012.w.7559)"/>
   </segment>
   <segment nite:id="Bmr012.segment.916" starttime="1623.38" endtime="1623.62" participant="me011" timing-provenance="dialogueact">
      <nite:child href="Bmr012.E.words.xml#id(Bmr012.w.7560)..id(Bmr012.w.7561)"/>
   </segment>
   <segment nite:id="Bmr012.segment.918" starttime="1624.37" endtime="1626.04" participant="me011" timing-provenance="dialogueact">
      <nite:child href="Bmr012.E.words.xml#id(Bmr012.w.7564)..id(Bmr012.w.7571)"/>
   </segment>
   <segment nite:id="Bmr012.segment.920" starttime="1627.1" endtime="1627.3" participant="me011" timing-provenance="dialogueact">
      <nite:child href="Bmr012.E.words.xml#id(Bmr012.w.7582)..id(Bmr012.w.7583)"/>
   </segment>
   <segment nite:id="Bmr012.segment.921" starttime="1628.23" endtime="1631.42" participant="me011" timing-provenance="dialogueact">
      <nite:child href="Bmr012.E.words.xml#id(Bmr012.w.7584)..id(Bmr012.w.7600)"/>
   </segment>
   <segment nite:id="Bmr012.segment.924" starttime="1631.76" endtime="1633.66" participant="me011" timing-provenance="dialogueact">
      <nite:child href="Bmr012.E.words.xml#id(Bmr012.w.7605)..id(Bmr012.w.7609)"/>
   </segment>
   <segment nite:id="Bmr012.segment.925" starttime="1634.77" endtime="1638.56" participant="me011" timing-provenance="dialogueact">
      <nite:child href="Bmr012.E.words.xml#id(Bmr012.w.7610)..id(Bmr012.w.7623)"/>
   </segment>
   <segment nite:id="Bmr012.segment.927" starttime="1639.32" endtime="1641.97" participant="me011" timing-provenance="dialogueact">
      <nite:child href="Bmr012.E.words.xml#id(Bmr012.w.7626)..id(Bmr012.w.7636)"/>
   </segment>
   <segment nite:id="Bmr012.segment.929" starttime="1643.13" endtime="1648.14" participant="me011" timing-provenance="dialogueact">
      <nite:child href="Bmr012.E.words.xml#id(Bmr012.w.7639)..id(Bmr012.w.7661)"/>
   </segment>
   <segment nite:id="Bmr012.segment.930" starttime="1648.44" endtime="1650.27" participant="me011" timing-provenance="dialogueact">
      <nite:child href="Bmr012.E.words.xml#id(Bmr012.w.7662)..id(Bmr012.w.7668)"/>
   </segment>
   <segment nite:id="Bmr012.segment.932" starttime="1650.8" endtime="1652.2" participant="me011" timing-provenance="dialogueact">
      <nite:child href="Bmr012.E.words.xml#id(Bmr012.w.7669)..id(Bmr012.w.7675)"/>
   </segment>
   <segment nite:id="Bmr012.segment.933" starttime="1652.2" endtime="1657.02" participant="me011" timing-provenance="dialogueact">
      <nite:child href="Bmr012.E.words.xml#id(Bmr012.w.7676)..id(Bmr012.w.7690)"/>
   </segment>
   <segment nite:id="Bmr012.segment.934" starttime="1657.87" endtime="1661.29" participant="me011" timing-provenance="dialogueact">
      <nite:child href="Bmr012.E.words.xml#id(Bmr012.w.7691)..id(Bmr012.w.7704)"/>
   </segment>
   <segment nite:id="Bmr012.segment.935" starttime="1661.71" endtime="1663.95" participant="me011" timing-provenance="dialogueact">
      <nite:child href="Bmr012.E.words.xml#id(Bmr012.w.7705)..id(Bmr012.w.7709)"/>
   </segment>
   <segment nite:id="Bmr012.segment.937" starttime="1664.49" endtime="1666.83" participant="me011" timing-provenance="dialogueact">
      <nite:child href="Bmr012.E.words.xml#id(Bmr012.w.7710)..id(Bmr012.w.7715)"/>
   </segment>
   <segment nite:id="Bmr012.segment.938" starttime="1667.78" endtime="1669.66" participant="me011" timing-provenance="dialogueact">
      <nite:child href="Bmr012.E.words.xml#id(Bmr012.w.7716)..id(Bmr012.w.7722)"/>
   </segment>
   <segment nite:id="Bmr012.segment.940" starttime="1674.42" endtime="1675.64" participant="me011" timing-provenance="dialogueact">
      <nite:child href="Bmr012.E.words.xml#id(Bmr012.w.7745)..id(Bmr012.w.7749)"/>
   </segment>
   <segment nite:id="Bmr012.segment.941" starttime="1676.14" endtime="1679.97" participant="me011" timing-provenance="dialogueact">
      <nite:child href="Bmr012.E.words.xml#id(Bmr012.w.7750)..id(Bmr012.w.7764)"/>
   </segment>
   <segment nite:id="Bmr012.segment.943" starttime="1680.8" endtime="1682.26" participant="me011" timing-provenance="dialogueact">
      <nite:child href="Bmr012.E.words.xml#id(Bmr012.w.7769)..id(Bmr012.w.7771)"/>
   </segment>
   <segment nite:id="Bmr012.segment.945" starttime="1683.4" endtime="1683.83" participant="me011" timing-provenance="dialogueact">
      <nite:child href="Bmr012.E.words.xml#id(Bmr012.w.7781)..id(Bmr012.w.7782)"/>
   </segment>
   <segment nite:id="Bmr012.segment.949" starttime="1695.34" endtime="1697.54" participant="me011" timing-provenance="dialogueact">
      <nite:child href="Bmr012.E.words.xml#id(Bmr012.w.7815)..id(Bmr012.w.7829)"/>
   </segment>
   <segment nite:id="Bmr012.segment.954" starttime="1702.28" endtime="1708.61" participant="me011" timing-provenance="dialogueact">
      <nite:child href="Bmr012.E.words.xml#id(Bmr012.w.7857)..id(Bmr012.w.7876)"/>
   </segment>
   <segment nite:id="Bmr012.segment.956" starttime="1712.7" endtime="1712.99" participant="me011" timing-provenance="dialogueact">
      <nite:child href="Bmr012.E.words.xml#id(Bmr012.w.7891)..id(Bmr012.w.7892)"/>
   </segment>
   <segment nite:id="Bmr012.segment.958" starttime="1716.86" endtime="1720.96" participant="me011" timing-provenance="dialogueact">
      <nite:child href="Bmr012.E.words.xml#id(Bmr012.w.7910)..id(Bmr012.w.7925)"/>
   </segment>
   <segment nite:id="Bmr012.segment.960" starttime="1722.41" endtime="1723.83" participant="me011" timing-provenance="dialogueact">
      <nite:child href="Bmr012.E.words.xml#id(Bmr012.w.7928)..id(Bmr012.w.7934)"/>
   </segment>
   <segment nite:id="Bmr012.segment.963" starttime="1726.06" endtime="1726.31" participant="me011" timing-provenance="dialogueact">
      <nite:child href="Bmr012.E.words.xml#id(Bmr012.w.7953)..id(Bmr012.w.7954)"/>
   </segment>
   <segment nite:id="Bmr012.segment.966" starttime="1731.01" endtime="1732.61" participant="me011" timing-provenance="dialogueact">
      <nite:child href="Bmr012.E.words.xml#id(Bmr012.w.7971)..id(Bmr012.w.7982)"/>
   </segment>
   <segment nite:id="Bmr012.segment.970" starttime="1735.98" endtime="1741.37" participant="me011" timing-provenance="dialogueact">
      <nite:child href="Bmr012.E.words.xml#id(Bmr012.w.7991)..id(Bmr012.w.8021)"/>
   </segment>
   <segment nite:id="Bmr012.segment.972" starttime="1742.04" endtime="1743.91" participant="me011" timing-provenance="dialogueact">
      <nite:child href="Bmr012.E.words.xml#id(Bmr012.w.8026)..id(Bmr012.w.8033)"/>
   </segment>
   <segment nite:id="Bmr012.segment.976" starttime="1745.3" endtime="1750.42" participant="me011" timing-provenance="dialogueact">
      <nite:child href="Bmr012.E.words.xml#id(Bmr012.w.8049)..id(Bmr012.w.8071)"/>
   </segment>
   <segment nite:id="Bmr012.segment.981" starttime="1751.89" endtime="1752.08" participant="me011" timing-provenance="dialogueact">
      <nite:child href="Bmr012.E.words.xml#id(Bmr012.w.8105)..id(Bmr012.w.8106)"/>
   </segment>
   <segment nite:id="Bmr012.segment.983" starttime="1755.91" endtime="1758.58" participant="me011" timing-provenance="dialogueact">
      <nite:child href="Bmr012.E.words.xml#id(Bmr012.w.8107)..id(Bmr012.w.8119)"/>
   </segment>
   <segment nite:id="Bmr012.segment.985" starttime="1759.85" endtime="1760.71" participant="me011" timing-provenance="dialogueact">
      <nite:child href="Bmr012.E.words.xml#id(Bmr012.w.8150)..id(Bmr012.w.8154)"/>
   </segment>
   <segment nite:id="Bmr012.segment.986" starttime="1764.22" endtime="1764.43" participant="me011" timing-provenance="dialogueact">
      <nite:child href="Bmr012.E.words.xml#id(Bmr012.w.8155)..id(Bmr012.w.8156)"/>
   </segment>
   <segment nite:id="Bmr012.segment.989" starttime="1767.12" endtime="1767.47" participant="me011" timing-provenance="dialogueact">
      <nite:child href="Bmr012.E.words.xml#id(Bmr012.w.8167)..id(Bmr012.w.8168)"/>
   </segment>
   <segment nite:id="Bmr012.segment.998" starttime="1783.54" endtime="1785.72" participant="me011" timing-provenance="dialogueact">
      <nite:child href="Bmr012.E.words.xml#id(Bmr012.w.8232)..id(Bmr012.w.8243)"/>
   </segment>
   <segment nite:id="Bmr012.segment.1010" starttime="1793.14" endtime="1795.04" participant="me011" timing-provenance="dialogueact">
      <nite:child href="Bmr012.E.words.xml#id(Bmr012.w.8314)..id(Bmr012.w.8324)"/>
   </segment>
   <segment nite:id="Bmr012.segment.1017" starttime="1806.86" endtime="1807.71" participant="me011" timing-provenance="dialogueact">
      <nite:child href="Bmr012.E.words.xml#id(Bmr012.w.8393)..id(Bmr012.w.8399)"/>
   </segment>
   <segment nite:id="Bmr012.segment.1026" starttime="1816.11" endtime="1817.55" participant="me011" timing-provenance="dialogueact">
      <nite:child href="Bmr012.E.words.xml#id(Bmr012.w.8430)..id(Bmr012.w.8438)"/>
   </segment>
   <segment nite:id="Bmr012.segment.1028" starttime="1819.15" endtime="1820.66" participant="me011" timing-provenance="dialogueact">
      <nite:child href="Bmr012.E.words.xml#id(Bmr012.w.8444)..id(Bmr012.w.8453)"/>
   </segment>
   <segment nite:id="Bmr012.segment.1031" starttime="1822.13" endtime="1824.18" participant="me011" timing-provenance="dialogueact">
      <nite:child href="Bmr012.E.words.xml#id(Bmr012.w.8461)..id(Bmr012.w.8474)"/>
   </segment>
   <segment nite:id="Bmr012.segment.1034" starttime="1825.09" endtime="1825.25" participant="me011" timing-provenance="dialogueact">
      <nite:child href="Bmr012.E.words.xml#id(Bmr012.w.8482)..id(Bmr012.w.8483)"/>
   </segment>
   <segment nite:id="Bmr012.segment.1038" starttime="1827.46" endtime="1827.96" participant="me011" timing-provenance="dialogueact">
      <nite:child href="Bmr012.E.words.xml#id(Bmr012.w.8500)..id(Bmr012.w.8502)"/>
   </segment>
   <segment nite:id="Bmr012.segment.1045" starttime="1841.11" endtime="1841.39" participant="me011" timing-provenance="dialogueact">
      <nite:child href="Bmr012.E.words.xml#id(Bmr012.w.8578)..id(Bmr012.w.8579)"/>
   </segment>
   <segment nite:id="Bmr012.segment.1047" starttime="1843.64" endtime="1846.09" participant="me011" timing-provenance="dialogueact">
      <nite:child href="Bmr012.E.words.xml#id(Bmr012.w.8581)..id(Bmr012.w.8592)"/>
   </segment>
   <segment nite:id="Bmr012.segment.1051" starttime="1848.16" endtime="1851.82" participant="me011" timing-provenance="dialogueact">
      <nite:child href="Bmr012.E.words.xml#id(Bmr012.w.8599)..id(Bmr012.w.8621)"/>
   </segment>
   <segment nite:id="Bmr012.segment.1054" starttime="1855.22" endtime="1855.49" participant="me011" timing-provenance="dialogueact">
      <nite:child href="Bmr012.E.words.xml#id(Bmr012.w.8657)..id(Bmr012.w.8658)"/>
   </segment>
   <segment nite:id="Bmr012.segment.1062" starttime="1867.2" endtime="1871.02" participant="me011" timing-provenance="dialogueact">
      <nite:child href="Bmr012.E.words.xml#id(Bmr012.w.8719)..id(Bmr012.w.8739)"/>
   </segment>
   <segment nite:id="Bmr012.segment.1070" starttime="1879.37" endtime="1882.47" participant="me011" timing-provenance="dialogueact">
      <nite:child href="Bmr012.E.words.xml#id(Bmr012.w.8795)..id(Bmr012.w.8810)"/>
   </segment>
   <segment nite:id="Bmr012.segment.1072" starttime="1883.51" endtime="1884.67" participant="me011" timing-provenance="dialogueact">
      <nite:child href="Bmr012.E.words.xml#id(Bmr012.w.8825)..id(Bmr012.w.8833)"/>
   </segment>
   <segment nite:id="Bmr012.segment.1085" starttime="1913.34" endtime="1917.91" participant="me011" timing-provenance="dialogueact">
      <nite:child href="Bmr012.E.words.xml#id(Bmr012.w.8938)..id(Bmr012.w.8963)"/>
   </segment>
   <segment nite:id="Bmr012.segment.1087" starttime="1919.32" endtime="1919.51" participant="me011" timing-provenance="dialogueact">
      <nite:child href="Bmr012.E.words.xml#id(Bmr012.w.8981)..id(Bmr012.w.8982)"/>
   </segment>
   <segment nite:id="Bmr012.segment.1090" starttime="1926.59" endtime="1926.79" participant="me011" timing-provenance="dialogueact">
      <nite:child href="Bmr012.E.words.xml#id(Bmr012.w.9006)"/>
   </segment>
   <segment nite:id="Bmr012.segment.1095" starttime="1934.59" endtime="1935.81" participant="me011" timing-provenance="dialogueact">
      <nite:child href="Bmr012.E.words.xml#id(Bmr012.w.9083)..id(Bmr012.w.9088)"/>
   </segment>
   <segment nite:id="Bmr012.segment.1105" starttime="1948.6" endtime="1951.61" participant="me011" timing-provenance="dialogueact">
      <nite:child href="Bmr012.E.words.xml#id(Bmr012.w.9143)..id(Bmr012.w.9161)"/>
   </segment>
   <segment nite:id="Bmr012.segment.1130" starttime="1981.32" endtime="1982.72" participant="me011" timing-provenance="dialogueact">
      <nite:child href="Bmr012.E.words.xml#id(Bmr012.w.9375)..id(Bmr012.w.9386)"/>
   </segment>
   <segment nite:id="Bmr012.segment.1137" starttime="1991.93" endtime="1992.78" participant="me011" timing-provenance="dialogueact">
      <nite:child href="Bmr012.E.words.xml#id(Bmr012.w.9443)..id(Bmr012.w.9447)"/>
   </segment>
   <segment nite:id="Bmr012.segment.1143" starttime="1995.487" endtime="1996.565" participant="me011" timing-provenance="segment">
      <nite:child href="Bmr012.E.words.xml#id(Bmr012.vocalsound.175)"/>
   </segment>
   <segment nite:id="Bmr012.segment.1147" starttime="1996.61" endtime="1997.22" participant="me011" timing-provenance="dialogueact">
      <nite:child href="Bmr012.E.words.xml#id(Bmr012.w.9491)..id(Bmr012.w.9495)"/>
   </segment>
   <segment nite:id="Bmr012.segment.1163" starttime="2023.773" endtime="2024.889" participant="me011" timing-provenance="segment">
      <nite:child href="Bmr012.E.words.xml#id(Bmr012.nonvocalsound.8)"/>
   </segment>
   <segment nite:id="Bmr012.segment.1185" starttime="2092.76" endtime="2093.84" participant="me011" timing-provenance="dialogueact">
      <nite:child href="Bmr012.E.words.xml#id(Bmr012.w.9829)..id(Bmr012.w.9836)"/>
   </segment>
   <segment nite:id="Bmr012.segment.1190" starttime="2104.35" endtime="2105.88" participant="me011" timing-provenance="dialogueact">
      <nite:child href="Bmr012.E.words.xml#id(Bmr012.w.9893)..id(Bmr012.w.9903)"/>
   </segment>
   <segment nite:id="Bmr012.segment.1193" starttime="2108.85" endtime="2109.09" participant="me011" timing-provenance="dialogueact">
      <nite:child href="Bmr012.E.words.xml#id(Bmr012.w.9920)..id(Bmr012.w.9921)"/>
   </segment>
   <segment nite:id="Bmr012.segment.1199" starttime="2114.93" endtime="2115.86" participant="me011" timing-provenance="dialogueact">
      <nite:child href="Bmr012.E.words.xml#id(Bmr012.w.9942)..id(Bmr012.w.9947)"/>
   </segment>
   <segment nite:id="Bmr012.segment.1205" starttime="2121.4" endtime="2125.39" participant="me011" timing-provenance="dialogueact">
      <nite:child href="Bmr012.E.words.xml#id(Bmr012.w.9961)..id(Bmr012.w.9978)"/>
   </segment>
   <segment nite:id="Bmr012.segment.1209" starttime="2127.24" endtime="2128.12" participant="me011" timing-provenance="segment">
      <nite:child href="Bmr012.E.words.xml#id(Bmr012.vocalsound.179)"/>
   </segment>
   <segment nite:id="Bmr012.segment.1211" starttime="2131.91" endtime="2134.97" participant="me011" timing-provenance="segment">
      <nite:child href="Bmr012.E.words.xml#id(Bmr012.w.10026)..id(Bmr012.vocalsound.180)"/>
   </segment>
   <segment nite:id="Bmr012.segment.1213" starttime="2135.11" endtime="2136.56" participant="me011" timing-provenance="dialogueact">
      <nite:child href="Bmr012.E.words.xml#id(Bmr012.w.10047)..id(Bmr012.w.10054)"/>
   </segment>
   <segment nite:id="Bmr012.segment.1220" starttime="2140.61" endtime="2141.69" participant="me011" timing-provenance="dialogueact">
      <nite:child href="Bmr012.E.words.xml#id(Bmr012.w.10071)..id(Bmr012.w.10078)"/>
   </segment>
   <segment nite:id="Bmr012.segment.1246" starttime="2210.18" endtime="2210.37" participant="me011" timing-provenance="dialogueact">
      <nite:child href="Bmr012.E.words.xml#id(Bmr012.w.10280)..id(Bmr012.w.10281)"/>
   </segment>
   <segment nite:id="Bmr012.segment.1249" starttime="2215.72" endtime="2218.91" participant="me011" timing-provenance="dialogueact">
      <nite:child href="Bmr012.E.words.xml#id(Bmr012.w.10304)..id(Bmr012.w.10318)"/>
   </segment>
   <segment nite:id="Bmr012.segment.1251" starttime="2221.62" endtime="2222.5" participant="me011" timing-provenance="dialogueact">
      <nite:child href="Bmr012.E.words.xml#id(Bmr012.w.10327)..id(Bmr012.w.10333)"/>
   </segment>
   <segment nite:id="Bmr012.segment.1258" starttime="2228.24" endtime="2228.41" participant="me011" timing-provenance="dialogueact">
      <nite:child href="Bmr012.E.words.xml#id(Bmr012.w.10369)..id(Bmr012.w.10370)"/>
   </segment>
   <segment nite:id="Bmr012.segment.1272" starttime="2246.54" endtime="2246.9" participant="me011" timing-provenance="dialogueact">
      <nite:child href="Bmr012.E.words.xml#id(Bmr012.w.10432)..id(Bmr012.w.10433)"/>
   </segment>
   <segment nite:id="Bmr012.segment.1273" starttime="2248.45" endtime="2251.885" participant="me011" digittask="true" timing-provenance="segment">
      <nite:child href="Bmr012.E.words.xml#id(Bmr012.w.10434)..id(Bmr012.comment.28)"/>
   </segment>
   <segment nite:id="Bmr012.segment.1275" starttime="2252.608" endtime="2254.352" participant="me011" digittask="true" timing-provenance="segment">
      <nite:child href="Bmr012.E.words.xml#id(Bmr012.w.10450)..id(Bmr012.comment.29)"/>
   </segment>
   <segment nite:id="Bmr012.segment.1276" starttime="2254.883" endtime="2257.659" participant="me011" digittask="true" timing-provenance="segment">
      <nite:child href="Bmr012.E.words.xml#id(Bmr012.w.10455)..id(Bmr012.comment.30)"/>
   </segment>
   <segment nite:id="Bmr012.segment.1277" starttime="2258.2" endtime="2260.434" participant="me011" digittask="true" timing-provenance="segment">
      <nite:child href="Bmr012.E.words.xml#id(Bmr012.w.10462)..id(Bmr012.comment.31)"/>
   </segment>
   <segment nite:id="Bmr012.segment.1278" starttime="2260.872" endtime="2261.292" participant="me011" digittask="true" timing-provenance="segment">
      <nite:child href="Bmr012.E.words.xml#id(Bmr012.w.10469)..id(Bmr012.comment.32)"/>
   </segment>
   <segment nite:id="Bmr012.segment.1279" starttime="2261.737" endtime="2262.461" participant="me011" digittask="true" timing-provenance="segment">
      <nite:child href="Bmr012.E.words.xml#id(Bmr012.w.10470)..id(Bmr012.comment.33)"/>
   </segment>
   <segment nite:id="Bmr012.segment.1280" starttime="2262.868" endtime="2264.853" participant="me011" digittask="true" timing-provenance="segment">
      <nite:child href="Bmr012.E.words.xml#id(Bmr012.w.10472)..id(Bmr012.comment.34)"/>
   </segment>
   <segment nite:id="Bmr012.segment.1281" starttime="2265.447" endtime="2267.692" participant="me011" digittask="true" timing-provenance="segment">
      <nite:child href="Bmr012.E.words.xml#id(Bmr012.w.10477)..id(Bmr012.comment.35)"/>
   </segment>
   <segment nite:id="Bmr012.segment.1282" starttime="2268.228" endtime="2270.68" participant="me011" digittask="true" timing-provenance="segment">
      <nite:child href="Bmr012.E.words.xml#id(Bmr012.w.10484)..id(Bmr012.comment.36)"/>
   </segment>
   <segment nite:id="Bmr012.segment.1283" starttime="2271.136" endtime="2271.619" participant="me011" digittask="true" timing-provenance="segment">
      <nite:child href="Bmr012.E.words.xml#id(Bmr012.w.10491)..id(Bmr012.comment.37)"/>
   </segment>
   <segment nite:id="Bmr012.segment.1284" starttime="2271.878" endtime="2272.402" participant="me011" digittask="true" timing-provenance="segment">
      <nite:child href="Bmr012.E.words.xml#id(Bmr012.w.10492)..id(Bmr012.comment.38)"/>
   </segment>
   <segment nite:id="Bmr012.segment.1285" starttime="2272.648" endtime="2273.264" participant="me011" digittask="true" timing-provenance="segment">
      <nite:child href="Bmr012.E.words.xml#id(Bmr012.w.10493)..id(Bmr012.comment.39)"/>
   </segment>
   <segment nite:id="Bmr012.segment.1286" starttime="2274.331" endtime="2275.921" participant="me011" digittask="true" timing-provenance="segment">
      <nite:child href="Bmr012.E.words.xml#id(Bmr012.w.10494)..id(Bmr012.comment.40)"/>
   </segment>
   <segment nite:id="Bmr012.segment.1287" starttime="2276.213" endtime="2278.207" participant="me011" digittask="true" timing-provenance="segment">
      <nite:child href="Bmr012.E.words.xml#id(Bmr012.w.10498)..id(Bmr012.comment.41)"/>
   </segment>
   <segment nite:id="Bmr012.segment.1288" starttime="2278.457" endtime="2279.236" participant="me011" digittask="true" timing-provenance="segment">
      <nite:child href="Bmr012.E.words.xml#id(Bmr012.w.10505)..id(Bmr012.comment.42)"/>
   </segment>
   <segment nite:id="Bmr012.segment.1289" starttime="2279.816" endtime="2281.991" participant="me011" digittask="true" timing-provenance="segment">
      <nite:child href="Bmr012.E.words.xml#id(Bmr012.w.10507)..id(Bmr012.comment.43)"/>
   </segment>
   <segment nite:id="Bmr012.segment.1290" starttime="2282.345" endtime="2284.135" participant="me011" digittask="true" timing-provenance="segment">
      <nite:child href="Bmr012.E.words.xml#id(Bmr012.w.10514)..id(Bmr012.comment.44)"/>
   </segment>
   <segment nite:id="Bmr012.segment.1291" starttime="2284.559" endtime="2285.495" participant="me011" digittask="true" timing-provenance="segment">
      <nite:child href="Bmr012.E.words.xml#id(Bmr012.w.10519)..id(Bmr012.comment.45)"/>
   </segment>
   <segment nite:id="Bmr012.segment.1292" starttime="2285.557" endtime="2286.154" participant="me011" digittask="true" timing-provenance="segment">
      <nite:child href="Bmr012.E.words.xml#id(Bmr012.w.10522)..id(Bmr012.comment.46)"/>
   </segment>
   <segment nite:id="Bmr012.segment.1293" starttime="2286.546" endtime="2287.306" participant="me011" digittask="true" timing-provenance="segment">
      <nite:child href="Bmr012.E.words.xml#id(Bmr012.w.10523)..id(Bmr012.comment.47)"/>
   </segment>
   <segment nite:id="Bmr012.segment.1294" starttime="2287.639" endtime="2288.773" participant="me011" digittask="true" timing-provenance="segment">
      <nite:child href="Bmr012.E.words.xml#id(Bmr012.w.10525)..id(Bmr012.comment.48)"/>
   </segment>
   <segment nite:id="Bmr012.segment.1422" starttime="2517.06" endtime="2517.97" participant="me011" timing-provenance="dialogueact">
      <nite:child href="Bmr012.E.words.xml#id(Bmr012.w.10944)..id(Bmr012.w.10946)"/>
   </segment>
</nite:root>