<?xml version="1.0" encoding="ISO-8859-1" standalone="yes"?>
<nite:root nite:id="Bmr012.J.words" xmlns:nite="http://nite.sourceforge.net/">
   <comment nite:id="Bmr012.comment.27" starttime="" endtime="" description="[mn009] puts on [mn017]'s mike"/>
   <w nite:id="Bmr012.w.10083" starttime="2146.46" endtime="2146.73" t="PLET" c="W">OK</w>
   <w nite:id="Bmr012.w.10084" starttime="2146.73" endtime="2146.73" c="CM">,</w>
   <w nite:id="Bmr012.w.10085" starttime="2147.15" endtime="2147.32" c="W">my</w>
   <w nite:id="Bmr012.w.10086" starttime="2147.32" endtime="2147.5" c="W">name</w>
   <w nite:id="Bmr012.w.10087" starttime="2147.5" endtime="2147.63" c="W">is</w>
   <w nite:id="Bmr012.w.10088" starttime="2147.72" endtime="2148.06" c="W">uh</w>
   <w nite:id="Bmr012.w.10089" starttime="2148.21" endtime="2148.6" c="W">Espen</w>
   <w nite:id="Bmr012.w.10090" starttime="2148.6" endtime="2149.04" c="W">Eriksen</w>
   <w nite:id="Bmr012.w.10091" starttime="2149.04" endtime="2149.04" c=".">.</w>
   <w nite:id="Bmr012.w.10092" starttime="2149.52" endtime="" c="W">I</w>
   <w nite:id="Bmr012.w.10093" starttime="" endtime="2149.62" c="W">'m</w>
   <w nite:id="Bmr012.w.10094" starttime="2149.62" endtime="2149.65" c="W">a</w>
   <w nite:id="Bmr012.w.10095" starttime="2149.65" endtime="2150.11" c="W">Norwegian</w>
   <w nite:id="Bmr012.w.10096" starttime="2150.11" endtime="2150.11" c=".">.</w>
   <w nite:id="Bmr012.w.10097" starttime="2150.9" endtime="2151.12" c="W">Um</w>
   <w nite:id="Bmr012.w.10098" starttime="2151.12" endtime="2151.45" c="W">uh</w>
   <w nite:id="Bmr012.w.10099" starttime="2151.45" endtime="2151.55" c="W">this</w>
   <w nite:id="Bmr012.w.10100" starttime="2151.55" endtime="2151.61" c="W">is</w>
   <w nite:id="Bmr012.w.10101" starttime="2151.61" endtime="2151.73" c="W">my</w>
   <w nite:id="Bmr012.w.10102" starttime="2151.73" endtime="2152.14" c="W">second</w>
   <w nite:id="Bmr012.w.10103" starttime="2152.14" endtime="2152.51" c="W">semester</w>
   <w nite:id="Bmr012.w.10104" starttime="2152.51" endtime="2152.62" c="W">at</w>
   <w nite:id="Bmr012.w.10105" starttime="2152.62" endtime="2152.97" c="W">Berkeley</w>
   <w nite:id="Bmr012.w.10106" starttime="2152.97" endtime="2152.97" c=".">.</w>
   <w nite:id="Bmr012.w.10107" starttime="2154.05" endtime="2154.26" c="W">Currently</w>
   <w nite:id="Bmr012.w.10108" starttime="2154.26" endtime="" c="W">I</w>
   <w nite:id="Bmr012.w.10109" starttime="" endtime="2154.37" c="W">'m</w>
   <w nite:id="Bmr012.w.10110" starttime="2154.37" endtime="2154.95" c="W">taking</w>
   <w nite:id="Bmr012.w.10111" starttime="2154.95" endtime="2155.19" c="W">uh</w>
   <w nite:id="Bmr012.w.10112" starttime="2155.76" endtime="2155.86" c="W">my</w>
   <w nite:id="Bmr012.w.10113" starttime="2155.86" endtime="2156.19" c="W">first</w>
   <w nite:id="Bmr012.w.10114" starttime="2156.19" endtime="2156.54" c="W">graduate</w>
   <w nite:id="Bmr012.w.10115" starttime="2156.54" endtime="2156.79" c="W">level</w>
   <w nite:id="Bmr012.w.10116" starttime="2156.79" endtime="2157.2" c="W">courses</w>
   <w nite:id="Bmr012.w.10117" starttime="2157.6" endtime="2157.74" c="W">in</w>
   <w nite:id="Bmr012.w.10118" starttime="2157.97" endtime="2158.43" t="PLET" c="W">DSP</w>
   <w nite:id="Bmr012.w.10119" starttime="2159.58" endtime="2159.82" c="W">and</w>
   <w nite:id="Bmr012.w.10120" starttime="2159.82" endtime="2159.99" c="W">um</w>
   <w nite:id="Bmr012.w.10121" starttime="2159.99" endtime="2160.14" c="W">when</w>
   <w nite:id="Bmr012.w.10122" starttime="2160.14" endtime="2160.18" c="W">I</w>
   <w nite:id="Bmr012.w.10123" starttime="2160.18" endtime="2160.34" c="W">come</w>
   <w nite:id="Bmr012.w.10124" starttime="2160.34" endtime="2160.51" c="W">back</w>
   <w nite:id="Bmr012.w.10125" starttime="2160.51" endtime="2160.58" c="W">to</w>
   <w nite:id="Bmr012.w.10126" starttime="2160.58" endtime="2160.91" c="W">Norway</w>
   <w nite:id="Bmr012.w.10127" starttime="2160.91" endtime="" c="W">I</w>
   <w nite:id="Bmr012.w.10128" starttime="" endtime="2160.97" c="W">'m</w>
   <w nite:id="Bmr012.w.10129" starttime="2161.63" endtime="2161.81" c="W">gonna</w>
   <w nite:id="Bmr012.w.10130" starttime="2161.81" endtime="2162.17" c="W">continue</w>
   <w nite:id="Bmr012.w.10131" starttime="2162.17" endtime="2162.38" c="W">with</w>
   <w nite:id="Bmr012.w.10132" starttime="2162.38" endtime="2162.58" c="W">the</w>
   <disfmarker nite:id="Bmr012.disfmarker.372" starttime="" endtime=""/>
   <w nite:id="Bmr012.w.10133" starttime="2162.58" endtime="2162.74" c="W">more</w>
   <w nite:id="Bmr012.w.10134" starttime="2162.74" endtime="2162.81" c="W">of</w>
   <w nite:id="Bmr012.w.10135" starttime="2162.81" endtime="2162.86" c="W">a</w>
   <w nite:id="Bmr012.w.10136" starttime="2162.86" endtime="2163.55" c="W">research</w>
   <w nite:id="Bmr012.w.10137" starttime="2163.68" endtime="2164.09" c="W">project</w>
   <w nite:id="Bmr012.w.10138" starttime="2164.09" endtime="2164.25" c="W">work</w>
   <disfmarker nite:id="Bmr012.disfmarker.373" starttime="" endtime=""/>
   <w nite:id="Bmr012.w.10139" starttime="2164.66" endtime="2164.85" c="W">kind</w>
   <w nite:id="Bmr012.w.10140" starttime="2164.85" endtime="2164.91" c="W">of</w>
   <w nite:id="Bmr012.w.10141" starttime="2164.91" endtime="2165.18" c="W">work</w>
   <w nite:id="Bmr012.w.10142" starttime="2165.18" endtime="2165.18" c=".">.</w>
   <w nite:id="Bmr012.w.10143" starttime="2165.8" endtime="2166.13" c="W">So</w>
   <w nite:id="Bmr012.w.10144" starttime="2166.34" endtime="2166.52" c="W">this</w>
   <w nite:id="Bmr012.w.10145" starttime="2166.52" endtime="2166.86" c="W">semester</w>
   <w nite:id="Bmr012.w.10146" starttime="2166.86" endtime="" c="W">I</w>
   <w nite:id="Bmr012.w.10147" starttime="" endtime="2166.96" c="W">'m</w>
   <w nite:id="Bmr012.w.10148" starttime="2166.96" endtime="2167.34" c="W">starting</w>
   <w nite:id="Bmr012.w.10149" starttime="2167.34" endtime="2167.49" c="W">up</w>
   <w nite:id="Bmr012.w.10150" starttime="2167.49" endtime="2167.64" c="W">with</w>
   <w nite:id="Bmr012.w.10151" starttime="2167.64" endtime="2167.84" c="W">a</w>
   <disfmarker nite:id="Bmr012.disfmarker.374" starttime="" endtime=""/>
   <w nite:id="Bmr012.w.10152" starttime="2167.96" endtime="2168.11" c="W">with</w>
   <w nite:id="Bmr012.w.10153" starttime="2168.11" endtime="2168.15" c="W">a</w>
   <w nite:id="Bmr012.w.10154" starttime="2168.15" endtime="2168.41" c="W">small</w>
   <w nite:id="Bmr012.w.10155" starttime="2168.41" endtime="2168.92" c="W">project</w>
   <w nite:id="Bmr012.w.10156" starttime="2169.71" endtime="2170.03" c="W">through</w>
   <w nite:id="Bmr012.w.10157" starttime="2170.03" endtime="2170.41" c="W">uh</w>
   <w nite:id="Bmr012.w.10158" starttime="2170.41" endtime="2170.66" c="W">Dave</w>
   <w nite:id="Bmr012.w.10159" starttime="2170.66" endtime="2171.21" c="W">Gelbart</w>
   <w nite:id="Bmr012.w.10160" starttime="2171.47" endtime="2171.64" c="W">which</w>
   <w nite:id="Bmr012.w.10161" starttime="2171.64" endtime="" c="W">I</w>
   <w nite:id="Bmr012.w.10162" starttime="" endtime="2171.76" c="W">'m</w>
   <w nite:id="Bmr012.w.10163" starttime="2171.76" endtime="2172.01" c="W">taking</w>
   <w nite:id="Bmr012.w.10164" starttime="2172.01" endtime="2172.04" c="W">a</w>
   <w nite:id="Bmr012.w.10165" starttime="2172.04" endtime="2172.32" c="W">course</w>
   <w nite:id="Bmr012.w.10166" starttime="2172.32" endtime="2172.56" c="W">with</w>
   <w nite:id="Bmr012.w.10167" starttime="2173.04" endtime="2173.12" c="W">I</w>
   <w nite:id="Bmr012.w.10168" starttime="2173.12" endtime="2173.23" c="W">got</w>
   <w nite:id="Bmr012.w.10169" starttime="2173.23" endtime="2173.3" c="W">in</w>
   <w nite:id="Bmr012.w.10170" starttime="2173.3" endtime="2173.5" c="W">touch</w>
   <w nite:id="Bmr012.w.10171" starttime="2173.5" endtime="2173.63" c="W">with</w>
   <w nite:id="Bmr012.w.10172" starttime="2173.63" endtime="2173.8" c="W">him</w>
   <w nite:id="Bmr012.w.10173" starttime="2173.8" endtime="2173.92" c="W">and</w>
   <w nite:id="Bmr012.w.10174" starttime="2173.92" endtime="2174.09" c="W">he</w>
   <w nite:id="Bmr012.w.10175" starttime="2174.09" endtime="2174.31" c="W">told</w>
   <w nite:id="Bmr012.w.10176" starttime="2174.31" endtime="2174.38" c="W">me</w>
   <w nite:id="Bmr012.w.10177" starttime="2174.38" endtime="2174.56" c="W">about</w>
   <w nite:id="Bmr012.w.10178" starttime="2174.56" endtime="2174.7" c="W">this</w>
   <w nite:id="Bmr012.w.10179" starttime="2174.7" endtime="2175.21" c="W">project</w>
   <w nite:id="Bmr012.w.10180" starttime="2175.21" endtime="2175.21" c=".">.</w>
   <w nite:id="Bmr012.w.10181" starttime="2175.97" endtime="2176.41" c="W">So</w>
   <w nite:id="Bmr012.w.10182" starttime="2176.67" endtime="2176.8" c="W">with</w>
   <w nite:id="Bmr012.w.10183" starttime="2176.8" endtime="2176.86" c="W">the</w>
   <w nite:id="Bmr012.w.10184" starttime="2176.86" endtime="2177.11" c="W">help</w>
   <w nite:id="Bmr012.w.10185" starttime="2177.11" endtime="2177.33" c="W">of</w>
   <w nite:id="Bmr012.w.10186" starttime="2177.33" endtime="2177.78" c="W">uh</w>
   <w nite:id="Bmr012.w.10187" starttime="2177.78" endtime="2178.01" c="W">Dan</w>
   <w nite:id="Bmr012.w.10188" starttime="2178.01" endtime="2178.31" c="W">Ellis</w>
   <w nite:id="Bmr012.w.10189" starttime="2179.01" endtime="" c="W">I</w>
   <w nite:id="Bmr012.w.10190" starttime="" endtime="2179.09" c="W">'m</w>
   <w nite:id="Bmr012.w.10191" starttime="2179.09" endtime="2179.47" c="W">gonna</w>
   <w nite:id="Bmr012.w.10192" starttime="2179.47" endtime="2179.54" c="W">do</w>
   <w nite:id="Bmr012.w.10193" starttime="2180.74" endtime="2181.06" c="W">small</w>
   <w nite:id="Bmr012.w.10194" starttime="2181.06" endtime="2181.61" c="W">project</w>
   <w nite:id="Bmr012.w.10195" starttime="2181.72" endtime="2182.27" c="W">associated</w>
   <w nite:id="Bmr012.w.10196" starttime="2182.27" endtime="2182.39" c="W">to</w>
   <w nite:id="Bmr012.w.10197" starttime="2182.39" endtime="2182.58" c="W">this</w>
   <w nite:id="Bmr012.w.10198" starttime="2182.58" endtime="2182.58" c=".">.</w>
   <w nite:id="Bmr012.w.10199" starttime="2183.74" endtime="2183.83" c="W">What</w>
   <w nite:id="Bmr012.w.10200" starttime="2183.83" endtime="" c="W">I</w>
   <w nite:id="Bmr012.w.10201" starttime="" endtime="2183.89" c="W">'m</w>
   <w nite:id="Bmr012.w.10202" starttime="2183.89" endtime="2184.07" c="W">gonna</w>
   <w nite:id="Bmr012.w.10203" starttime="2184.07" endtime="2184.18" c="W">try</w>
   <w nite:id="Bmr012.w.10204" starttime="2184.18" endtime="2184.26" c="W">to</w>
   <w nite:id="Bmr012.w.10205" starttime="2184.26" endtime="2184.48" c="W">do</w>
   <w nite:id="Bmr012.w.10206" starttime="2184.48" endtime="2184.66" c="W">is</w>
   <w nite:id="Bmr012.w.10207" starttime="2184.82" endtime="2185.16" c="W">uh</w>
   <w nite:id="Bmr012.w.10208" starttime="2185.37" endtime="2185.56" c="W">use</w>
   <disfmarker nite:id="Bmr012.disfmarker.375" starttime="" endtime=""/>
   <w nite:id="Bmr012.w.10209" starttime="2185.89" endtime="2186.08" c="W">use</w>
   <w nite:id="Bmr012.w.10210" starttime="2186.08" endtime="2186.31" c="TRUNCW">ech</w>
   <w nite:id="Bmr012.w.10211" starttime="2186.31" endtime="2186.59" c="W">echo</w>
   <w nite:id="Bmr012.w.10212" starttime="2186.59" endtime="2187.31" c="W">cancellation</w>
   <w nite:id="Bmr012.w.10213" starttime="2188.17" endtime="2188.52" c="W">to</w>
   <w nite:id="Bmr012.w.10214" starttime="2188.52" endtime="2188.98" c="W">uh</w>
   <w nite:id="Bmr012.w.10215" starttime="2189.99" endtime="2190.05" c="W">to</w>
   <w nite:id="Bmr012.w.10216" starttime="2190.05" endtime="2190.23" c="W">handle</w>
   <w nite:id="Bmr012.w.10217" starttime="2190.23" endtime="2190.29" c="W">the</w>
   <w nite:id="Bmr012.w.10218" starttime="2190.29" endtime="2190.72" c="W">periods</w>
   <w nite:id="Bmr012.w.10219" starttime="2190.72" endtime="2190.82" c="W">where</w>
   <w nite:id="Bmr012.w.10220" starttime="2190.82" endtime="2190.88" c="W">you</w>
   <w nite:id="Bmr012.w.10221" starttime="2190.88" endtime="2191.15" c="W">have</w>
   <w nite:id="Bmr012.w.10222" starttime="2191.15" endtime="2191.67" c="W">overlapping</w>
   <w nite:id="Bmr012.w.10223" starttime="2191.67" endtime="2192.11" c="W">talk</w>
   <w nite:id="Bmr012.w.10224" starttime="2192.11" endtime="2192.11" c=".">.</w>
   <w nite:id="Bmr012.w.10225" starttime="2193.59" endtime="2193.76" c="W">To</w>
   <w nite:id="Bmr012.w.10226" starttime="2194.1" endtime="2194.25" c="W">try</w>
   <w nite:id="Bmr012.w.10227" starttime="2194.25" endtime="2194.31" c="W">to</w>
   <w nite:id="Bmr012.w.10228" starttime="2194.31" endtime="2194.42" c="W">do</w>
   <w nite:id="Bmr012.w.10229" starttime="2194.42" endtime="2194.79" c="W">something</w>
   <w nite:id="Bmr012.w.10230" starttime="2194.79" endtime="2194.98" c="W">about</w>
   <w nite:id="Bmr012.w.10231" starttime="2194.98" endtime="2195.21" c="W">that</w>
   <w nite:id="Bmr012.w.10232" starttime="2195.21" endtime="2195.21" c=".">.</w>
   <w nite:id="Bmr012.w.10233" starttime="2195.86" endtime="2195.95" c="W">So</w>
   <w nite:id="Bmr012.w.10234" starttime="2195.95" endtime="2196.41" c="W">currently</w>
   <w nite:id="Bmr012.w.10235" starttime="2196.41" endtime="" c="W">I</w>
   <w nite:id="Bmr012.w.10236" starttime="" endtime="2196.79" c="W">'m</w>
   <w nite:id="Bmr012.w.10237" starttime="2196.79" endtime="2197.21" c="W">um</w>
   <w nite:id="Bmr012.w.10238" starttime="2197.78" endtime="" c="W">I</w>
   <w nite:id="Bmr012.w.10239" starttime="" endtime="2197.84" c="W">'m</w>
   <w nite:id="Bmr012.w.10240" starttime="2197.84" endtime="2197.97" c="W">just</w>
   <w nite:id="Bmr012.w.10241" starttime="2197.97" endtime="2198.25" c="W">reading</w>
   <w nite:id="Bmr012.w.10242" starttime="2198.25" endtime="2198.41" c="W">up</w>
   <w nite:id="Bmr012.w.10243" starttime="2198.41" endtime="2198.55" c="W">on</w>
   <w nite:id="Bmr012.w.10244" starttime="2198.55" endtime="2198.73" c="W">echo</w>
   <w nite:id="Bmr012.w.10245" starttime="2198.73" endtime="2199.44" c="W">cancellation</w>
   <w nite:id="Bmr012.w.10246" starttime="2199.44" endtime="2199.44" c="CM">,</w>
   <w nite:id="Bmr012.w.10247" starttime="2199.44" endtime="2199.5" c="TRUNCW">s</w>
   <w nite:id="Bmr012.w.10248" starttime="2200.49" endtime="2200.76" c="W">looking</w>
   <w nite:id="Bmr012.w.10249" starttime="2200.76" endtime="2200.91" c="W">into</w>
   <w nite:id="Bmr012.w.10250" starttime="2200.91" endtime="2201.02" c="W">the</w>
   <w nite:id="Bmr012.w.10251" starttime="2201.02" endtime="2201.33" c="W">theory</w>
   <w nite:id="Bmr012.w.10252" starttime="2201.33" endtime="2201.64" c="W">behind</w>
   <w nite:id="Bmr012.w.10253" starttime="2201.64" endtime="2201.87" c="W">that</w>
   <w nite:id="Bmr012.w.10254" starttime="2202.4" endtime="2202.51" c="W">and</w>
   <w nite:id="Bmr012.w.10255" starttime="2202.51" endtime="2202.64" c="W">then</w>
   <w nite:id="Bmr012.w.10256" starttime="2202.64" endtime="2203.07" c="W">uh</w>
   <w nite:id="Bmr012.w.10257" starttime="2204.08" endtime="2204.46" c="W">hopefully</w>
   <w nite:id="Bmr012.w.10258" starttime="2204.46" endtime="2204.49" c="W">I</w>
   <w nite:id="Bmr012.w.10259" starttime="2204.49" endtime="2204.62" c="W">get</w>
   <w nite:id="Bmr012.w.10260" starttime="2204.62" endtime="2204.77" c="W">some</w>
   <w nite:id="Bmr012.w.10261" starttime="2204.77" endtime="2205.14" c="W">results</w>
   <w nite:id="Bmr012.w.10262" starttime="2205.14" endtime="2205.14" c=".">.</w>
   <w nite:id="Bmr012.w.10263" starttime="2206.29" endtime="2206.4" c="W">So</w>
   <w nite:id="Bmr012.w.10264" starttime="2206.4" endtime="2206.66" c="W">it</w>
   <disfmarker nite:id="Bmr012.disfmarker.376" starttime="" endtime=""/>
   <w nite:id="Bmr012.w.10265" starttime="2206.66" endtime="" c="W">it</w>
   <w nite:id="Bmr012.w.10266" starttime="" endtime="2206.84" c="APOSS">'s</w>
   <w nite:id="Bmr012.w.10267" starttime="2206.84" endtime="2206.87" c="W">a</w>
   <disfmarker nite:id="Bmr012.disfmarker.377" starttime="" endtime=""/>
   <w nite:id="Bmr012.w.10268" starttime="2206.87" endtime="" c="W">it</w>
   <w nite:id="Bmr012.w.10269" starttime="" endtime="2207.0" c="APOSS">'s</w>
   <w nite:id="Bmr012.w.10270" starttime="2207.0" endtime="2207.03" c="W">a</w>
   <w nite:id="Bmr012.w.10271" starttime="2207.03" endtime="2207.7" c="W">project</w>
   <w nite:id="Bmr012.w.10272" starttime="2207.7" endtime="2208.06" c="W">goes</w>
   <w nite:id="Bmr012.w.10273" starttime="2208.06" endtime="2208.25" c="W">over</w>
   <w nite:id="Bmr012.w.10274" starttime="2208.25" endtime="2208.32" c="W">the</w>
   <w nite:id="Bmr012.w.10275" starttime="2208.32" endtime="2208.62" c="W">course</w>
   <w nite:id="Bmr012.w.10276" starttime="2208.62" endtime="2208.78" c="W">of</w>
   <w nite:id="Bmr012.w.10277" starttime="2208.78" endtime="2209.05" c="W">one</w>
   <w nite:id="Bmr012.w.10278" starttime="2209.05" endtime="2209.57" c="W">semester</w>
   <w nite:id="Bmr012.w.10279" starttime="2209.57" endtime="2209.57" c=".">.</w>
   <w nite:id="Bmr012.w.10282" starttime="2210.6" endtime="2210.66" c="W">So</w>
   <w nite:id="Bmr012.w.10283" starttime="2210.66" endtime="" c="W">I</w>
   <w nite:id="Bmr012.w.10284" starttime="" endtime="2210.72" c="W">'m</w>
   <w nite:id="Bmr012.w.10285" starttime="2210.72" endtime="2210.9" c="W">just</w>
   <w nite:id="Bmr012.w.10286" starttime="2210.9" endtime="2211.02" c="W">here</w>
   <w nite:id="Bmr012.w.10287" starttime="2211.02" endtime="2211.27" c="W">today</w>
   <w nite:id="Bmr012.w.10288" starttime="2211.27" endtime="2211.34" c="W">to</w>
   <w nite:id="Bmr012.w.10289" starttime="2211.34" endtime="2211.73" c="W">introduce</w>
   <w nite:id="Bmr012.w.10290" starttime="2211.73" endtime="2212.14" c="W">myself</w>
   <w nite:id="Bmr012.w.10291" starttime="2212.14" endtime="2212.14" c=".">.</w>
   <w nite:id="Bmr012.w.10292" starttime="2213.45" endtime="2213.6" c="W">Tell</w>
   <w nite:id="Bmr012.w.10293" starttime="2213.6" endtime="2213.8" c="W">about</w>
   <w nite:id="Bmr012.w.10294" starttime="2213.8" endtime="" c="W">I</w>
   <w nite:id="Bmr012.w.10295" starttime="" endtime="2213.93" c="W">'ll</w>
   <w nite:id="Bmr012.w.10296" starttime="2213.93" endtime="2214.1" c="W">be</w>
   <disfmarker nite:id="Bmr012.disfmarker.378" starttime="" endtime=""/>
   <w nite:id="Bmr012.w.10297" starttime="2214.1" endtime="" c="W">I</w>
   <w nite:id="Bmr012.w.10298" starttime="" endtime="2214.22" c="W">'ll</w>
   <w nite:id="Bmr012.w.10299" starttime="2214.22" endtime="2214.28" c="W">be</w>
   <w nite:id="Bmr012.w.10300" starttime="2214.28" endtime="2214.59" c="W">working</w>
   <w nite:id="Bmr012.w.10301" starttime="2214.59" endtime="2214.74" c="W">on</w>
   <w nite:id="Bmr012.w.10302" starttime="2214.74" endtime="2214.9" c="W">this</w>
   <w nite:id="Bmr012.w.10303" starttime="2214.9" endtime="2214.9" c=".">.</w>
   <w nite:id="Bmr012.w.10319" starttime="2219.71" endtime="2219.8" c="W">This</w>
   <w nite:id="Bmr012.w.10320" starttime="2219.8" endtime="2219.86" c="W">is</w>
   <w nite:id="Bmr012.w.10321" starttime="2219.86" endtime="2219.92" c="W">my</w>
   <w nite:id="Bmr012.w.10322" starttime="2219.92" endtime="2220.22" c="W">second</w>
   <w nite:id="Bmr012.w.10323" starttime="2220.22" endtime="2220.57" c="W">semester</w>
   <w nite:id="Bmr012.w.10324" starttime="2220.57" endtime="2220.74" c="W">and</w>
   <w nite:id="Bmr012.w.10325" starttime="2220.74" endtime="2220.98" c="W">last</w>
   <w nite:id="Bmr012.w.10326" starttime="2220.98" endtime="2220.98" c=".">.</w>
   <w nite:id="Bmr012.w.10334" starttime="2221.88" endtime="2222.14" c="W">So</w>
   <w nite:id="Bmr012.w.10352" starttime="2223.05" endtime="2223.08" c="W">I</w>
   <w nite:id="Bmr012.w.10353" starttime="2223.08" endtime="2223.72" c="W">leave</w>
   <w nite:id="Bmr012.w.10354" starttime="2225.5" endtime="2225.7" c="W">Yeah</w>
   <w nite:id="Bmr012.w.10355" starttime="2225.7" endtime="2225.7" c="CM">,</w>
   <w nite:id="Bmr012.w.10356" starttime="2225.98" endtime="" c="W">I</w>
   <w nite:id="Bmr012.w.10357" starttime="" endtime="2226.1" c="W">'m</w>
   <w nite:id="Bmr012.w.10358" starttime="2226.1" endtime="2226.2" c="W">in</w>
   <w nite:id="Bmr012.w.10359" starttime="2226.2" endtime="" c="W">Morgan</w>
   <w nite:id="Bmr012.w.10360" starttime="" endtime="2226.5" c="APOSS">'s</w>
   <w nite:id="Bmr012.w.10361" starttime="2226.5" endtime="2226.72" c="W">course</w>
   <w nite:id="Bmr012.w.10362" starttime="2226.72" endtime="2226.72" c="CM">,</w>
   <w nite:id="Bmr012.w.10363" starttime="2226.72" endtime="2226.92" c="W">yeah</w>
   <w nite:id="Bmr012.w.10364" starttime="2226.92" endtime="2226.92" c=".">.</w>
   <w nite:id="Bmr012.w.10384" starttime="2230.7" endtime="2230.87" c="W">Yeah</w>
   <w nite:id="Bmr012.w.10385" starttime="2230.87" endtime="2230.87" c=".">.</w>
   <w nite:id="Bmr012.w.10423" starttime="2243.83" endtime="2243.96" c="W">Yeah</w>
   <w nite:id="Bmr012.w.10424" starttime="2243.96" endtime="2243.96" c=".">.</w>
   <nonvocalsound nite:id="Bmr012.nonvocalsound.10" starttime="" endtime="" description="pages rustling"/>
   <w nite:id="Bmr012.w.10671" starttime="" endtime="" c="W">Transcript</w>
   <w nite:id="Bmr012.w.10672" starttime="" endtime="" c="W">number</w>
   <w nite:id="Bmr012.w.10673" starttime="" endtime="" c="W">three</w>
   <w nite:id="Bmr012.w.10674" starttime="" endtime="" c="W">five</w>
   <w nite:id="Bmr012.w.10675" starttime="" endtime="" c="W">one</w>
   <w nite:id="Bmr012.w.10676" starttime="" endtime="" c="W">one</w>
   <w nite:id="Bmr012.w.10677" starttime="" endtime="" c="W">dash</w>
   <w nite:id="Bmr012.w.10678" starttime="" endtime="" c="W">three</w>
   <w nite:id="Bmr012.w.10679" starttime="" endtime="" c="W">five</w>
   <w nite:id="Bmr012.w.10680" starttime="" endtime="" c="W">three</w>
   <w nite:id="Bmr012.w.10681" starttime="" endtime="" c="W">zero</w>
   <w nite:id="Bmr012.w.10682" starttime="" endtime="" c=".">.</w>
   <comment nite:id="Bmr012.comment.91" starttime="" endtime="" description="Digits"/>
   <w nite:id="Bmr012.w.10683" starttime="" endtime="" c="W">eight</w>
   <comment nite:id="Bmr012.comment.92" starttime="" endtime="" description="Digits"/>
   <w nite:id="Bmr012.w.10684" starttime="" endtime="" c="LET">O</w>
   <w nite:id="Bmr012.w.10685" starttime="" endtime="" c="W">three</w>
   <w nite:id="Bmr012.w.10686" starttime="" endtime="" c="W">two</w>
   <w nite:id="Bmr012.w.10687" starttime="" endtime="" c="W">one</w>
   <w nite:id="Bmr012.w.10688" starttime="" endtime="" c="LET">O</w>
   <w nite:id="Bmr012.w.10689" starttime="" endtime="" c="LET">O</w>
   <w nite:id="Bmr012.w.10690" starttime="" endtime="" c="W">seven</w>
   <comment nite:id="Bmr012.comment.93" starttime="" endtime="" description="Digits"/>
   <w nite:id="Bmr012.w.10691" starttime="" endtime="" c="W">zero</w>
   <w nite:id="Bmr012.w.10692" starttime="" endtime="" c="W">five</w>
   <w nite:id="Bmr012.w.10693" starttime="" endtime="" c="W">nine</w>
   <comment nite:id="Bmr012.comment.94" starttime="" endtime="" description="Digits"/>
   <w nite:id="Bmr012.w.10694" starttime="" endtime="" c="W">one</w>
   <w nite:id="Bmr012.w.10695" starttime="" endtime="" c="W">nine</w>
   <comment nite:id="Bmr012.comment.95" starttime="" endtime="" description="Digits"/>
   <w nite:id="Bmr012.w.10696" starttime="" endtime="" c="W">two</w>
   <comment nite:id="Bmr012.comment.96" starttime="" endtime="" description="Digits"/>
   <w nite:id="Bmr012.w.10697" starttime="" endtime="" c="W">three</w>
   <w nite:id="Bmr012.w.10698" starttime="" endtime="" c="W">six</w>
   <w nite:id="Bmr012.w.10699" starttime="" endtime="" c="W">five</w>
   <w nite:id="Bmr012.w.10700" starttime="" endtime="" c="W">two</w>
   <comment nite:id="Bmr012.comment.97" starttime="" endtime="" description="Digits"/>
   <w nite:id="Bmr012.w.10701" starttime="" endtime="" c="W">four</w>
   <comment nite:id="Bmr012.comment.98" starttime="" endtime="" description="Digits"/>
   <w nite:id="Bmr012.w.10702" starttime="" endtime="" c="W">five</w>
   <w nite:id="Bmr012.w.10703" starttime="" endtime="" c="W">zero</w>
   <comment nite:id="Bmr012.comment.99" starttime="" endtime="" description="Digits"/>
   <w nite:id="Bmr012.w.10704" starttime="" endtime="" c="W">seven</w>
   <w nite:id="Bmr012.w.10705" starttime="" endtime="" c="W">five</w>
   <w nite:id="Bmr012.w.10706" starttime="" endtime="" c="W">two</w>
   <w nite:id="Bmr012.w.10707" starttime="" endtime="" c="W">nine</w>
   <comment nite:id="Bmr012.comment.100" starttime="" endtime="" description="Digits"/>
   <w nite:id="Bmr012.w.10708" starttime="" endtime="" c="W">eight</w>
   <w nite:id="Bmr012.w.10709" starttime="" endtime="" c="W">three</w>
   <w nite:id="Bmr012.w.10710" starttime="" endtime="" c="W">eight</w>
   <w nite:id="Bmr012.w.10711" starttime="" endtime="" c="W">two</w>
   <comment nite:id="Bmr012.comment.101" starttime="" endtime="" description="Digits"/>
   <w nite:id="Bmr012.w.10712" starttime="" endtime="" c="W">nine</w>
   <w nite:id="Bmr012.w.10713" starttime="" endtime="" c="W">three</w>
   <w nite:id="Bmr012.w.10714" starttime="" endtime="" c="LET">O</w>
   <comment nite:id="Bmr012.comment.102" starttime="" endtime="" description="Digits"/>
   <w nite:id="Bmr012.w.10715" starttime="" endtime="" c="LET">O</w>
   <w nite:id="Bmr012.w.10716" starttime="" endtime="" c="W">eight</w>
   <w nite:id="Bmr012.w.10717" starttime="" endtime="" c="W">seven</w>
   <w nite:id="Bmr012.w.10718" starttime="" endtime="" c="W">eight</w>
   <comment nite:id="Bmr012.comment.103" starttime="" endtime="" description="Digits"/>
   <w nite:id="Bmr012.w.10719" starttime="" endtime="" c="W">zero</w>
   <w nite:id="Bmr012.w.10720" starttime="" endtime="" c="W">six</w>
   <w nite:id="Bmr012.w.10721" starttime="" endtime="" c="W">zero</w>
   <comment nite:id="Bmr012.comment.104" starttime="" endtime="" description="Digits"/>
   <w nite:id="Bmr012.w.10722" starttime="" endtime="" c="W">one</w>
   <comment nite:id="Bmr012.comment.105" starttime="" endtime="" description="Digits"/>
   <w nite:id="Bmr012.w.10723" starttime="" endtime="" c="W">two</w>
   <comment nite:id="Bmr012.comment.106" starttime="" endtime="" description="Digits"/>
   <w nite:id="Bmr012.w.10724" starttime="" endtime="" c="W">four</w>
   <w nite:id="Bmr012.w.10725" starttime="" endtime="" c="W">one</w>
   <w nite:id="Bmr012.w.10726" starttime="" endtime="" c="W">three</w>
   <comment nite:id="Bmr012.comment.107" starttime="" endtime="" description="Digits"/>
   <w nite:id="Bmr012.w.10727" starttime="" endtime="" c="W">five</w>
   <w nite:id="Bmr012.w.10728" starttime="" endtime="" c="W">three</w>
   <w nite:id="Bmr012.w.10729" starttime="" endtime="" c="W">seven</w>
   <comment nite:id="Bmr012.comment.108" starttime="" endtime="" description="Digits"/>
   <w nite:id="Bmr012.w.10730" starttime="" endtime="" c="W">six</w>
   <w nite:id="Bmr012.w.10731" starttime="" endtime="" c="W">four</w>
   <comment nite:id="Bmr012.comment.109" starttime="" endtime="" description="Digits"/>
   <w nite:id="Bmr012.w.10732" starttime="" endtime="" c="W">seven</w>
   <comment nite:id="Bmr012.comment.110" starttime="" endtime="" description="Digits"/>
   <w nite:id="Bmr012.w.10733" starttime="" endtime="" c="W">eight</w>
   <comment nite:id="Bmr012.comment.111" starttime="" endtime="" description="Digits"/>
</nite:root>