<?xml version="1.0" encoding="ISO-8859-1" standalone="yes"?>
<nite:root nite:id="ES2002c.C.words" xmlns:nite="http://nite.sourceforge.net/">
   <w nite:id="ES2002c.C.words0" starttime="640.72" endtime="640.78">Is</w>
   <w nite:id="ES2002c.C.words1" starttime="640.78" endtime="640.84">it</w>
   <w nite:id="ES2002c.C.words2" starttime="640.84" endtime="641.19">working</w>
   <w nite:id="ES2002c.C.words3" starttime="641.19" endtime="641.19" punc="true">?</w>
   <w nite:id="ES2002c.C.words4" starttime="664.93" endtime="665.11">And</w>
   <w nite:id="ES2002c.C.words5" starttime="665.11" endtime="665.4">so</w>
   <w nite:id="ES2002c.C.words6" starttime="665.4" endtime="665.54">think</w>
   <w nite:id="ES2002c.C.words7" starttime="665.54" endtime="665.6">of</w>
   <w nite:id="ES2002c.C.words8" starttime="665.6" endtime="665.72">this</w>
   <w nite:id="ES2002c.C.words9" starttime="665.72" endtime="666.49">concept</w>
   <w nite:id="ES2002c.C.words10" starttime="666.49" endtime="666.49" punc="true">.</w>
   <w nite:id="ES2002c.C.words11" starttime="668.45" endtime="669.45">Um</w>
   <w nite:id="ES2002c.C.words12" starttime="669.45" endtime="670.09">to</w>
   <w nite:id="ES2002c.C.words13" starttime="670.09" endtime="670.42">research</w>
   <w nite:id="ES2002c.C.words14" starttime="670.42" endtime="670.63">it</w>
   <w nite:id="ES2002c.C.words15" starttime="670.63" endtime="670.94">I&#39;ve</w>
   <w nite:id="ES2002c.C.words16" starttime="670.94" endtime="671.26">um</w>
   <w nite:id="ES2002c.C.words17" starttime="671.26" endtime="671.4">had</w>
   <w nite:id="ES2002c.C.words18" starttime="671.4" endtime="671.43">a</w>
   <w nite:id="ES2002c.C.words19" starttime="671.43" endtime="671.56">look</w>
   <w nite:id="ES2002c.C.words20" starttime="671.56" endtime="671.68">on</w>
   <w nite:id="ES2002c.C.words21" starttime="671.68" endtime="671.87">the</w>
   <w nite:id="ES2002c.C.words22" starttime="671.87" endtime="671.94">the</w>
   <w nite:id="ES2002c.C.words23" starttime="671.94" endtime="672.21">homepage</w>
   <w nite:id="ES2002c.C.words24" starttime="672.21" endtime="672.43">again</w>
   <w nite:id="ES2002c.C.words25" starttime="672.43" endtime="672.43" punc="true">.</w>
   <w nite:id="ES2002c.C.words26" starttime="672.43" endtime="672.67">It&#39;s</w>
   <w nite:id="ES2002c.C.words27" starttime="672.67" endtime="672.98">provided</w>
   <w nite:id="ES2002c.C.words28" starttime="672.98" endtime="673.1">me</w>
   <w nite:id="ES2002c.C.words29" starttime="673.1" endtime="673.31">with</w>
   <w nite:id="ES2002c.C.words30" starttime="673.31" endtime="673.44">more</w>
   <w nite:id="ES2002c.C.words31" starttime="673.44" endtime="673.99">examples</w>
   <w nite:id="ES2002c.C.words32" starttime="673.99" endtime="674.18">of</w>
   <w nite:id="ES2002c.C.words33" starttime="674.18" endtime="674.84">um</w>
   <w nite:id="ES2002c.C.words34" starttime="674.84" endtime="675.2">previously</w>
   <w nite:id="ES2002c.C.words35" starttime="675.2" endtime="675.49">existing</w>
   <w nite:id="ES2002c.C.words36" starttime="675.49" endtime="675.56" trunc="true">c</w>
   <w nite:id="ES2002c.C.words37" starttime="675.56" endtime="675.73">remote</w>
   <w nite:id="ES2002c.C.words38" starttime="675.73" endtime="677.19">controls</w>
   <w nite:id="ES2002c.C.words39" starttime="677.19" endtime="677.19" punc="true">.</w>
   <w nite:id="ES2002c.C.words40" starttime="677.19" endtime="678.13">Um</w>
   <w nite:id="ES2002c.C.words41" starttime="678.13" endtime="678.28">there&#39;s</w>
   <w nite:id="ES2002c.C.words42" starttime="678.28" endtime="678.33">a</w>
   <w nite:id="ES2002c.C.words43" starttime="678.33" endtime="678.44">wee</w>
   <w nite:id="ES2002c.C.words44" starttime="678.44" endtime="678.65">bit</w>
   <w nite:id="ES2002c.C.words45" starttime="678.65" endtime="678.99">of</w>
   <w nite:id="ES2002c.C.words46" starttime="678.99" endtime="679.38">discussion</w>
   <w nite:id="ES2002c.C.words47" starttime="679.38" endtime="679.64">about</w>
   <w nite:id="ES2002c.C.words48" starttime="679.64" endtime="679.75">the</w>
   <w nite:id="ES2002c.C.words49" starttime="679.75" endtime="679.86">other</w>
   <w nite:id="ES2002c.C.words50" starttime="679.86" endtime="680.21">existing</w>
   <w nite:id="ES2002c.C.words51" starttime="680.21" endtime="680.75">ones</w>
   <w nite:id="ES2002c.C.words52" starttime="680.75" endtime="681.27">there</w>
   <w nite:id="ES2002c.C.words53" starttime="681.27" endtime="681.27" punc="true">,</w>
   <w nite:id="ES2002c.C.words54" starttime="681.27" endtime="681.62">um</w>
   <w nite:id="ES2002c.C.words55" starttime="681.62" endtime="681.7">so</w>
   <w nite:id="ES2002c.C.words56" starttime="681.7" endtime="681.76">I&#39;ve</w>
   <w nite:id="ES2002c.C.words57" starttime="681.76" endtime="682.0">taken</w>
   <w nite:id="ES2002c.C.words58" starttime="682.0" endtime="682.98">the</w>
   <w nite:id="ES2002c.C.words59" starttime="682.98" endtime="683.22">um</w>
   <w nite:id="ES2002c.C.words60" starttime="683.22" endtime="683.62">suggestions</w>
   <w nite:id="ES2002c.C.words61" starttime="683.62" endtime="683.75">from</w>
   <w nite:id="ES2002c.C.words62" starttime="683.75" endtime="683.91">them</w>
   <w nite:id="ES2002c.C.words63" starttime="683.91" endtime="684.0">and</w>
   <w nite:id="ES2002c.C.words64" starttime="684.0" endtime="684.14">tried</w>
   <w nite:id="ES2002c.C.words65" starttime="684.14" endtime="684.21">to</w>
   <w nite:id="ES2002c.C.words66" starttime="684.21" endtime="684.55">incorporate</w>
   <w nite:id="ES2002c.C.words67" starttime="684.55" endtime="684.67">them</w>
   <w nite:id="ES2002c.C.words68" starttime="684.67" endtime="685.03">into</w>
   <w nite:id="ES2002c.C.words69" starttime="685.03" endtime="686.67">this</w>
   <w nite:id="ES2002c.C.words70" starttime="686.67" endtime="687.21">um</w>
   <disfmarker nite:id="ES2002c.C.words71" starttime="687.21" endtime="687.376"/>
   <w nite:id="ES2002c.C.words72" starttime="688.79" endtime="688.89">So</w>
   <w nite:id="ES2002c.C.words73" starttime="688.89" endtime="689.1">then</w>
   <w nite:id="ES2002c.C.words74" starttime="689.1" endtime="689.32">this</w>
   <disfmarker nite:id="ES2002c.C.words75" starttime="689.32" endtime="689.32"/>
   <w nite:id="ES2002c.C.words76" starttime="689.32" endtime="689.47">we&#39;re</w>
   <w nite:id="ES2002c.C.words77" starttime="689.47" endtime="689.63">looking</w>
   <w nite:id="ES2002c.C.words78" starttime="689.63" endtime="689.78">for</w>
   <w nite:id="ES2002c.C.words79" starttime="689.78" endtime="689.96">um</w>
   <w nite:id="ES2002c.C.words80" starttime="689.96" endtime="690.47">suggestions</w>
   <w nite:id="ES2002c.C.words81" starttime="690.47" endtime="691.13">on</w>
   <w nite:id="ES2002c.C.words82" starttime="691.13" endtime="691.73">size</w>
   <w nite:id="ES2002c.C.words83" starttime="691.73" endtime="692.06" trunc="true">th</w>
   <w nite:id="ES2002c.C.words84" starttime="692.06" endtime="692.4">um</w>
   <w nite:id="ES2002c.C.words85" starttime="692.4" endtime="692.62">size</w>
   <w nite:id="ES2002c.C.words86" starttime="692.62" endtime="692.68">of</w>
   <w nite:id="ES2002c.C.words87" starttime="692.68" endtime="693.22">control</w>
   <w nite:id="ES2002c.C.words88" starttime="693.22" endtime="693.46">and</w>
   <w nite:id="ES2002c.C.words89" starttime="693.46" endtime="693.52">the</w>
   <w nite:id="ES2002c.C.words90" starttime="693.52" endtime="694.26">buttons</w>
   <w nite:id="ES2002c.C.words91" starttime="694.26" endtime="694.26" punc="true">,</w>
   <w nite:id="ES2002c.C.words92" starttime="694.26" endtime="695.05">um</w>
   <w nite:id="ES2002c.C.words93" starttime="695.05" endtime="695.16">the</w>
   <w nite:id="ES2002c.C.words94" starttime="695.16" endtime="695.44">shape</w>
   <w nite:id="ES2002c.C.words95" starttime="695.44" endtime="695.54">of</w>
   <w nite:id="ES2002c.C.words96" starttime="695.54" endtime="695.62">the</w>
   <w nite:id="ES2002c.C.words97" starttime="695.62" endtime="696.25">control</w>
   <w nite:id="ES2002c.C.words98" starttime="696.25" endtime="696.25" punc="true">,</w>
   <w nite:id="ES2002c.C.words99" starttime="696.25" endtime="697.34">and</w>
   <w nite:id="ES2002c.C.words100" starttime="697.34" endtime="697.61">whereabout</w>
   <w nite:id="ES2002c.C.words101" starttime="697.61" endtime="697.67">the</w>
   <w nite:id="ES2002c.C.words102" starttime="697.67" endtime="697.88">buttons</w>
   <w nite:id="ES2002c.C.words103" starttime="697.88" endtime="697.98">should</w>
   <w nite:id="ES2002c.C.words104" starttime="697.98" endtime="698.06">be</w>
   <w nite:id="ES2002c.C.words105" starttime="698.06" endtime="698.4">located</w>
   <w nite:id="ES2002c.C.words106" starttime="698.4" endtime="698.51">on</w>
   <w nite:id="ES2002c.C.words107" starttime="698.51" endtime="698.58">the</w>
   <w nite:id="ES2002c.C.words108" starttime="698.58" endtime="698.93">control</w>
   <w nite:id="ES2002c.C.words109" starttime="698.93" endtime="698.93" punc="true">.</w>
   <w nite:id="ES2002c.C.words110" starttime="702.82" endtime="703.67">Um</w>
   <w nite:id="ES2002c.C.words111" starttime="703.67" endtime="703.76">what</w>
   <w nite:id="ES2002c.C.words112" starttime="703.76" endtime="703.81">I</w>
   <w nite:id="ES2002c.C.words113" starttime="703.81" endtime="703.96">found</w>
   <w nite:id="ES2002c.C.words114" starttime="703.96" endtime="704.08">from</w>
   <w nite:id="ES2002c.C.words115" starttime="704.08" endtime="704.14">the</w>
   <w nite:id="ES2002c.C.words116" starttime="704.14" endtime="704.63">research</w>
   <w nite:id="ES2002c.C.words117" starttime="704.63" endtime="704.83">is</w>
   <w nite:id="ES2002c.C.words118" starttime="704.83" endtime="705.06">that</w>
   <w nite:id="ES2002c.C.words119" starttime="705.06" endtime="705.27">most</w>
   <w nite:id="ES2002c.C.words120" starttime="705.27" endtime="705.34">the</w>
   <w nite:id="ES2002c.C.words121" starttime="705.34" endtime="705.56">current</w>
   <w nite:id="ES2002c.C.words122" starttime="705.56" endtime="706.04">controls</w>
   <w nite:id="ES2002c.C.words123" starttime="706.04" endtime="706.21">are</w>
   <w nite:id="ES2002c.C.words124" starttime="706.21" endtime="706.63">just</w>
   <w nite:id="ES2002c.C.words125" starttime="706.63" endtime="706.84">basically</w>
   <w nite:id="ES2002c.C.words126" starttime="706.84" endtime="707.09">big</w>
   <w nite:id="ES2002c.C.words127" starttime="707.09" endtime="707.41">bricks</w>
   <w nite:id="ES2002c.C.words128" starttime="707.41" endtime="707.58">with</w>
   <w nite:id="ES2002c.C.words129" starttime="707.58" endtime="707.76">loads</w>
   <w nite:id="ES2002c.C.words130" starttime="707.76" endtime="707.83">of</w>
   <w nite:id="ES2002c.C.words131" starttime="707.83" endtime="708.11">buttons</w>
   <w nite:id="ES2002c.C.words132" starttime="708.11" endtime="708.21">all</w>
   <w nite:id="ES2002c.C.words133" starttime="708.21" endtime="708.33">over</w>
   <w nite:id="ES2002c.C.words134" starttime="708.33" endtime="708.48">them</w>
   <w nite:id="ES2002c.C.words135" starttime="708.48" endtime="708.48" punc="true">.</w>
   <w nite:id="ES2002c.C.words136" starttime="709.61" endtime="710.5">Um</w>
   <w nite:id="ES2002c.C.words137" starttime="710.5" endtime="710.59">they&#39;re</w>
   <w nite:id="ES2002c.C.words138" starttime="710.59" endtime="710.69">not</w>
   <w nite:id="ES2002c.C.words139" starttime="710.69" endtime="710.83">very</w>
   <w nite:id="ES2002c.C.words140" starttime="710.83" endtime="711.17">attractive</w>
   <w nite:id="ES2002c.C.words141" starttime="711.17" endtime="711.28">to</w>
   <w nite:id="ES2002c.C.words142" starttime="711.28" endtime="711.43">look</w>
   <w nite:id="ES2002c.C.words143" starttime="711.43" endtime="712.2">at</w>
   <w nite:id="ES2002c.C.words144" starttime="712.2" endtime="712.2" punc="true">,</w>
   <vocalsound nite:id="ES2002c.C.words145" starttime="712.2" endtime="712.2" type="other"/>
   <w nite:id="ES2002c.C.words146" starttime="712.2" endtime="712.35">and</w>
   <w nite:id="ES2002c.C.words147" starttime="712.35" endtime="712.44">they&#39;re</w>
   <w nite:id="ES2002c.C.words148" starttime="712.44" endtime="712.54">not</w>
   <w nite:id="ES2002c.C.words149" starttime="712.54" endtime="712.71">very</w>
   <w nite:id="ES2002c.C.words150" starttime="712.71" endtime="713.08">comfortable</w>
   <w nite:id="ES2002c.C.words151" starttime="713.08" endtime="713.16">to</w>
   <w nite:id="ES2002c.C.words152" starttime="713.16" endtime="713.43">hold</w>
   <w nite:id="ES2002c.C.words153" starttime="713.43" endtime="713.43" punc="true">,</w>
   <w nite:id="ES2002c.C.words154" starttime="713.43" endtime="713.78">they&#39;re</w>
   <disfmarker nite:id="ES2002c.C.words155" starttime="713.78" endtime="713.78"/>
   <w nite:id="ES2002c.C.words156" starttime="713.78" endtime="713.93">I</w>
   <w nite:id="ES2002c.C.words157" starttime="713.93" endtime="714.06">just</w>
   <w nite:id="ES2002c.C.words158" starttime="714.06" endtime="714.21">hold</w>
   <w nite:id="ES2002c.C.words159" starttime="714.21" endtime="714.27">&#39;em</w>
   <w nite:id="ES2002c.C.words160" starttime="714.27" endtime="714.56">like</w>
   <w nite:id="ES2002c.C.words161" starttime="714.56" endtime="714.68">big</w>
   <w nite:id="ES2002c.C.words162" starttime="714.68" endtime="715.35">bricks</w>
   <w nite:id="ES2002c.C.words163" starttime="715.35" endtime="715.35" punc="true">,</w>
   <w nite:id="ES2002c.C.words164" starttime="715.35" endtime="715.63">and</w>
   <w nite:id="ES2002c.C.words165" starttime="715.63" endtime="715.72">they&#39;re</w>
   <w nite:id="ES2002c.C.words166" starttime="715.72" endtime="715.93">very</w>
   <w nite:id="ES2002c.C.words167" starttime="715.93" endtime="716.23">easily</w>
   <w nite:id="ES2002c.C.words168" starttime="716.23" endtime="716.88">lost</w>
   <w nite:id="ES2002c.C.words169" starttime="716.88" endtime="716.88" punc="true">.</w>
   <w nite:id="ES2002c.C.words170" starttime="716.88" endtime="717.42">Um</w>
   <w nite:id="ES2002c.C.words171" starttime="717.42" endtime="717.58">they</w>
   <w nite:id="ES2002c.C.words172" starttime="717.58" endtime="717.73">tend</w>
   <w nite:id="ES2002c.C.words173" starttime="717.73" endtime="717.79">to</w>
   <w nite:id="ES2002c.C.words174" starttime="717.79" endtime="717.85">be</w>
   <w nite:id="ES2002c.C.words175" starttime="717.85" endtime="718.02">very</w>
   <w nite:id="ES2002c.C.words176" starttime="718.02" endtime="718.27">dark</w>
   <w nite:id="ES2002c.C.words177" starttime="718.27" endtime="718.59">colours</w>
   <w nite:id="ES2002c.C.words178" starttime="718.59" endtime="718.59" punc="true">,</w>
   <w nite:id="ES2002c.C.words179" starttime="718.59" endtime="718.71">so</w>
   <w nite:id="ES2002c.C.words180" starttime="718.71" endtime="718.8">if</w>
   <w nite:id="ES2002c.C.words181" starttime="718.8" endtime="719.05">there</w>
   <w nite:id="ES2002c.C.words182" starttime="719.05" endtime="719.08">are</w>
   <w nite:id="ES2002c.C.words183" starttime="719.08" endtime="719.31">shadowy</w>
   <w nite:id="ES2002c.C.words184" starttime="719.31" endtime="719.65">places</w>
   <w nite:id="ES2002c.C.words185" starttime="719.65" endtime="719.8">down</w>
   <w nite:id="ES2002c.C.words186" starttime="719.8" endtime="719.88">the</w>
   <w nite:id="ES2002c.C.words187" starttime="719.88" endtime="720.03">side</w>
   <w nite:id="ES2002c.C.words188" starttime="720.03" endtime="720.09">of</w>
   <w nite:id="ES2002c.C.words189" starttime="720.09" endtime="720.72">couches</w>
   <w nite:id="ES2002c.C.words190" starttime="720.72" endtime="720.8">you</w>
   <w nite:id="ES2002c.C.words191" starttime="720.8" endtime="720.96">can&#39;t</w>
   <w nite:id="ES2002c.C.words192" starttime="720.96" endtime="721.12">really</w>
   <w nite:id="ES2002c.C.words193" starttime="721.12" endtime="721.25">see</w>
   <w nite:id="ES2002c.C.words194" starttime="721.25" endtime="721.84">them</w>
   <w nite:id="ES2002c.C.words195" starttime="721.84" endtime="721.84" punc="true">.</w>
   <vocalsound nite:id="ES2002c.C.words196" starttime="721.84" endtime="721.898" type="other"/>
   <w nite:id="ES2002c.C.words197" starttime="722.82" endtime="724.43">Um</w>
   <vocalsound nite:id="ES2002c.C.words198" starttime="724.43" endtime="724.43" type="other"/>
   <w nite:id="ES2002c.C.words199" starttime="724.43" endtime="724.58">the</w>
   <w nite:id="ES2002c.C.words200" starttime="724.58" endtime="725.99">the</w>
   <w nite:id="ES2002c.C.words201" starttime="725.99" endtime="726.31">controls</w>
   <w nite:id="ES2002c.C.words202" starttime="726.31" endtime="726.84">themselves</w>
   <w nite:id="ES2002c.C.words203" starttime="726.84" endtime="727.11">tend</w>
   <w nite:id="ES2002c.C.words204" starttime="727.11" endtime="727.19">to</w>
   <w nite:id="ES2002c.C.words205" starttime="727.19" endtime="727.41">use</w>
   <w nite:id="ES2002c.C.words206" starttime="727.41" endtime="727.47">a</w>
   <w nite:id="ES2002c.C.words207" starttime="727.47" endtime="727.66">very</w>
   <w nite:id="ES2002c.C.words208" starttime="727.66" endtime="728.12">inconsistent</w>
   <w nite:id="ES2002c.C.words209" starttime="728.12" endtime="728.34">colour</w>
   <w nite:id="ES2002c.C.words210" starttime="728.34" endtime="728.98">scheme</w>
   <w nite:id="ES2002c.C.words211" starttime="728.98" endtime="728.98" punc="true">.</w>
   <w nite:id="ES2002c.C.words212" starttime="728.98" endtime="729.98">Um</w>
   <w nite:id="ES2002c.C.words213" starttime="729.98" endtime="730.07">for</w>
   <w nite:id="ES2002c.C.words214" starttime="730.07" endtime="730.59">instance</w>
   <w nite:id="ES2002c.C.words215" starttime="730.59" endtime="730.59" punc="true">,</w>
   <w nite:id="ES2002c.C.words216" starttime="730.59" endtime="730.84">the</w>
   <w nite:id="ES2002c.C.words217" starttime="730.84" endtime="731.18">stand-by</w>
   <w nite:id="ES2002c.C.words218" starttime="731.18" endtime="731.5">button</w>
   <w nite:id="ES2002c.C.words219" starttime="731.5" endtime="731.69">isn&#39;t</w>
   <w nite:id="ES2002c.C.words220" starttime="731.69" endtime="731.91">always</w>
   <w nite:id="ES2002c.C.words221" starttime="731.91" endtime="732.37">red</w>
   <w nite:id="ES2002c.C.words222" starttime="732.37" endtime="732.37" punc="true">,</w>
   <w nite:id="ES2002c.C.words223" starttime="732.37" endtime="732.46">uh</w>
   <w nite:id="ES2002c.C.words224" starttime="732.46" endtime="732.56">it</w>
   <w nite:id="ES2002c.C.words225" starttime="732.56" endtime="732.73">really</w>
   <w nite:id="ES2002c.C.words226" starttime="732.73" endtime="732.92">should</w>
   <w nite:id="ES2002c.C.words227" starttime="732.92" endtime="733.05">be</w>
   <w nite:id="ES2002c.C.words228" starttime="733.05" endtime="733.05" punc="true">.</w>
   <w nite:id="ES2002c.C.words229" starttime="733.05" endtime="733.21">It&#39;s</w>
   <w nite:id="ES2002c.C.words230" starttime="733.21" endtime="733.24">uh</w>
   <w nite:id="ES2002c.C.words231" starttime="733.24" endtime="733.54">something</w>
   <w nite:id="ES2002c.C.words232" starttime="733.54" endtime="733.64">the</w>
   <w nite:id="ES2002c.C.words233" starttime="733.64" endtime="733.86">user</w>
   <w nite:id="ES2002c.C.words234" starttime="733.86" endtime="734.31">then</w>
   <w nite:id="ES2002c.C.words235" starttime="734.31" endtime="734.77">uh</w>
   <w nite:id="ES2002c.C.words236" starttime="734.77" endtime="735.22">identify</w>
   <w nite:id="ES2002c.C.words237" starttime="735.22" endtime="735.68">with</w>
   <w nite:id="ES2002c.C.words238" starttime="735.68" endtime="735.68" punc="true">.</w>
   <w nite:id="ES2002c.C.words239" starttime="735.68" endtime="735.93">This</w>
   <w nite:id="ES2002c.C.words240" starttime="735.93" endtime="736.08">is</w>
   <w nite:id="ES2002c.C.words241" starttime="736.08" endtime="736.26">a</w>
   <w nite:id="ES2002c.C.words242" starttime="736.26" endtime="736.49">red</w>
   <w nite:id="ES2002c.C.words243" starttime="736.49" endtime="736.76">switch</w>
   <w nite:id="ES2002c.C.words244" starttime="736.76" endtime="736.99">off</w>
   <w nite:id="ES2002c.C.words245" starttime="736.99" endtime="736.99" punc="true">,</w>
   <w nite:id="ES2002c.C.words246" starttime="736.99" endtime="737.58">that&#39;s</w>
   <w nite:id="ES2002c.C.words247" starttime="737.58" endtime="737.69">how</w>
   <w nite:id="ES2002c.C.words248" starttime="737.69" endtime="737.76">it</w>
   <w nite:id="ES2002c.C.words249" starttime="737.76" endtime="737.89">should</w>
   <w nite:id="ES2002c.C.words250" starttime="737.89" endtime="739.16">be</w>
   <w nite:id="ES2002c.C.words251" starttime="739.16" endtime="739.16" punc="true">.</w>
   <w nite:id="ES2002c.C.words252" starttime="739.16" endtime="739.55">Um</w>
   <w nite:id="ES2002c.C.words253" starttime="739.55" endtime="739.66">I&#39;m</w>
   <w nite:id="ES2002c.C.words254" starttime="739.66" endtime="739.79">not</w>
   <w nite:id="ES2002c.C.words255" starttime="739.79" endtime="739.88">sure</w>
   <w nite:id="ES2002c.C.words256" starttime="739.88" endtime="739.94">if</w>
   <w nite:id="ES2002c.C.words257" starttime="739.94" endtime="740.06">there&#39;s</w>
   <w nite:id="ES2002c.C.words258" starttime="740.06" endtime="740.26">any</w>
   <w nite:id="ES2002c.C.words259" starttime="740.26" endtime="740.41">other</w>
   <w nite:id="ES2002c.C.words260" starttime="740.41" endtime="740.79">examples</w>
   <w nite:id="ES2002c.C.words261" starttime="740.79" endtime="740.88">of</w>
   <w nite:id="ES2002c.C.words262" starttime="740.88" endtime="741.14">that</w>
   <w nite:id="ES2002c.C.words263" starttime="741.14" endtime="741.14" punc="true">,</w>
   <w nite:id="ES2002c.C.words264" starttime="741.14" endtime="742.22">but</w>
   <w nite:id="ES2002c.C.words265" starttime="742.22" endtime="742.53">something</w>
   <w nite:id="ES2002c.C.words266" starttime="742.53" endtime="742.59">to</w>
   <w nite:id="ES2002c.C.words267" starttime="742.59" endtime="742.77">look</w>
   <w nite:id="ES2002c.C.words268" starttime="742.77" endtime="742.86">out</w>
   <w nite:id="ES2002c.C.words269" starttime="742.86" endtime="742.94">for</w>
   <w nite:id="ES2002c.C.words270" starttime="742.94" endtime="742.94" punc="true">.</w>
   <w nite:id="ES2002c.C.words271" starttime="744.69" endtime="745.88">Um</w>
   <w nite:id="ES2002c.C.words272" starttime="745.88" endtime="746.0">there&#39;s</w>
   <w nite:id="ES2002c.C.words273" starttime="746.0" endtime="746.03">a</w>
   <w nite:id="ES2002c.C.words274" starttime="746.03" endtime="746.26">problem</w>
   <w nite:id="ES2002c.C.words275" starttime="746.26" endtime="746.48">that</w>
   <w nite:id="ES2002c.C.words276" starttime="746.48" endtime="747.12">I&#39;ve</w>
   <w nite:id="ES2002c.C.words277" starttime="747.12" endtime="747.29">I&#39;ve</w>
   <w nite:id="ES2002c.C.words278" starttime="747.29" endtime="747.5">got</w>
   <w nite:id="ES2002c.C.words279" starttime="747.5" endtime="747.67">couple</w>
   <w nite:id="ES2002c.C.words280" starttime="747.67" endtime="747.73">of</w>
   <w nite:id="ES2002c.C.words281" starttime="747.73" endtime="748.22">preferences</w>
   <w nite:id="ES2002c.C.words282" starttime="748.22" endtime="748.52">for</w>
   <w nite:id="ES2002c.C.words283" starttime="748.52" endtime="749.55">the</w>
   <w nite:id="ES2002c.C.words284" starttime="749.55" endtime="749.69">the</w>
   <w nite:id="ES2002c.C.words285" starttime="749.69" endtime="749.82">end</w>
   <w nite:id="ES2002c.C.words286" starttime="749.82" endtime="751.45">control</w>
   <vocalsound nite:id="ES2002c.C.words287" starttime="751.45" endtime="751.45" type="other"/>
   <w nite:id="ES2002c.C.words288" starttime="751.45" endtime="751.78">um</w>
   <w nite:id="ES2002c.C.words289" starttime="751.78" endtime="751.82">I</w>
   <w nite:id="ES2002c.C.words290" starttime="751.82" endtime="751.93">get</w>
   <w nite:id="ES2002c.C.words291" starttime="751.93" endtime="752.01">&#39;em</w>
   <w nite:id="ES2002c.C.words292" starttime="752.01" endtime="752.16">with</w>
   <w nite:id="ES2002c.C.words293" starttime="752.16" endtime="752.45">the</w>
   <w nite:id="ES2002c.C.words294" starttime="752.45" endtime="752.54">the</w>
   <w nite:id="ES2002c.C.words295" starttime="752.54" endtime="752.68">red</w>
   <w nite:id="ES2002c.C.words296" starttime="752.68" endtime="752.89">colour</w>
   <w nite:id="ES2002c.C.words297" starttime="752.89" endtime="753.08">button</w>
   <w nite:id="ES2002c.C.words298" starttime="753.08" endtime="753.15">for</w>
   <w nite:id="ES2002c.C.words299" starttime="753.15" endtime="753.63">stand-by</w>
   <w nite:id="ES2002c.C.words300" starttime="753.63" endtime="753.86">and</w>
   <w nite:id="ES2002c.C.words301" starttime="753.86" endtime="754.01" trunc="true">s</w>
   <w nite:id="ES2002c.C.words302" starttime="754.01" endtime="754.13">the</w>
   <w nite:id="ES2002c.C.words303" starttime="754.13" endtime="754.34">other</w>
   <w nite:id="ES2002c.C.words304" starttime="754.34" endtime="754.7">examples</w>
   <w nite:id="ES2002c.C.words305" starttime="754.7" endtime="754.79">of</w>
   <w nite:id="ES2002c.C.words306" starttime="754.79" endtime="755.69">that</w>
   <vocalsound nite:id="ES2002c.C.words307" starttime="755.69" endtime="755.69" type="other"/>
   <w nite:id="ES2002c.C.words308" starttime="755.69" endtime="756.15">um</w>
   <disfmarker nite:id="ES2002c.C.words309" starttime="756.15" endtime="756.304"/>
   <vocalsound nite:id="ES2002c.C.words310" starttime="757.123" endtime="757.123" type="other"/>
   <w nite:id="ES2002c.C.words311" starttime="757.47" endtime="757.56">The</w>
   <w nite:id="ES2002c.C.words312" starttime="757.56" endtime="757.8">buttons</w>
   <w nite:id="ES2002c.C.words313" starttime="757.8" endtime="757.97">should</w>
   <w nite:id="ES2002c.C.words314" starttime="757.97" endtime="758.05">be</w>
   <w nite:id="ES2002c.C.words315" starttime="758.05" endtime="758.51">large</w>
   <w nite:id="ES2002c.C.words316" starttime="758.51" endtime="758.51" punc="true">.</w>
   <w nite:id="ES2002c.C.words317" starttime="758.51" endtime="758.59">They</w>
   <w nite:id="ES2002c.C.words318" starttime="758.59" endtime="758.81">shouldn&#39;t</w>
   <w nite:id="ES2002c.C.words319" starttime="758.81" endtime="759.22">be</w>
   <w nite:id="ES2002c.C.words320" starttime="759.22" endtime="759.43">tiny</w>
   <w nite:id="ES2002c.C.words321" starttime="759.43" endtime="759.61">little</w>
   <w nite:id="ES2002c.C.words322" starttime="759.61" endtime="759.84">things</w>
   <w nite:id="ES2002c.C.words323" starttime="759.84" endtime="759.93">like</w>
   <w nite:id="ES2002c.C.words324" starttime="759.93" endtime="760.0">you</w>
   <w nite:id="ES2002c.C.words325" starttime="760.0" endtime="760.1">get</w>
   <w nite:id="ES2002c.C.words326" starttime="760.1" endtime="760.19">on</w>
   <w nite:id="ES2002c.C.words327" starttime="760.19" endtime="760.29">some</w>
   <w nite:id="ES2002c.C.words328" starttime="760.29" endtime="760.54">mobile</w>
   <w nite:id="ES2002c.C.words329" starttime="760.54" endtime="760.91">phones</w>
   <w nite:id="ES2002c.C.words330" starttime="760.91" endtime="760.91" punc="true">.</w>
   <w nite:id="ES2002c.C.words331" starttime="760.91" endtime="760.98">They</w>
   <w nite:id="ES2002c.C.words332" starttime="760.98" endtime="761.14">should</w>
   <w nite:id="ES2002c.C.words333" starttime="761.14" endtime="761.87">be</w>
   <w nite:id="ES2002c.C.words334" starttime="761.87" endtime="762.06">easy</w>
   <w nite:id="ES2002c.C.words335" starttime="762.06" endtime="762.16">to</w>
   <w nite:id="ES2002c.C.words336" starttime="762.16" endtime="762.37">press</w>
   <w nite:id="ES2002c.C.words337" starttime="762.37" endtime="762.37" punc="true">,</w>
   <w nite:id="ES2002c.C.words338" starttime="762.37" endtime="762.51">very</w>
   <w nite:id="ES2002c.C.words339" starttime="762.51" endtime="762.94">comfortable</w>
   <w nite:id="ES2002c.C.words340" starttime="762.94" endtime="762.94" punc="true">.</w>
   <vocalsound nite:id="ES2002c.C.words341" starttime="763.448" endtime="763.448" type="other"/>
   <w nite:id="ES2002c.C.words342" starttime="764.34" endtime="765.47">Um</w>
   <w nite:id="ES2002c.C.words343" starttime="765.47" endtime="765.63">one</w>
   <w nite:id="ES2002c.C.words344" starttime="765.63" endtime="765.69">of</w>
   <w nite:id="ES2002c.C.words345" starttime="765.69" endtime="765.75">the</w>
   <w nite:id="ES2002c.C.words346" starttime="765.75" endtime="766.2">examples</w>
   <w nite:id="ES2002c.C.words347" starttime="766.2" endtime="766.5">given</w>
   <w nite:id="ES2002c.C.words348" starttime="766.5" endtime="766.62">on</w>
   <w nite:id="ES2002c.C.words349" starttime="766.62" endtime="766.69">the</w>
   <w nite:id="ES2002c.C.words350" starttime="766.69" endtime="767.44">homepage</w>
   <w nite:id="ES2002c.C.words351" starttime="767.44" endtime="768.24">was</w>
   <w nite:id="ES2002c.C.words352" starttime="768.24" endtime="769.34">um</w>
   <vocalsound nite:id="ES2002c.C.words353" starttime="769.34" endtime="769.34" type="other"/>
   <w nite:id="ES2002c.C.words354" starttime="769.34" endtime="769.47">there&#39;s</w>
   <w nite:id="ES2002c.C.words355" starttime="769.47" endtime="769.57">an</w>
   <w nite:id="ES2002c.C.words356" starttime="769.57" endtime="769.72">up</w>
   <w nite:id="ES2002c.C.words357" starttime="769.72" endtime="769.82">and</w>
   <w nite:id="ES2002c.C.words358" starttime="769.82" endtime="769.98">down</w>
   <w nite:id="ES2002c.C.words359" starttime="769.98" endtime="770.27">volume</w>
   <w nite:id="ES2002c.C.words360" starttime="770.27" endtime="770.67">button</w>
   <w nite:id="ES2002c.C.words361" starttime="770.67" endtime="770.77">but</w>
   <w nite:id="ES2002c.C.words362" starttime="770.77" endtime="771.0">both</w>
   <w nite:id="ES2002c.C.words363" starttime="771.0" endtime="771.06">of</w>
   <w nite:id="ES2002c.C.words364" starttime="771.06" endtime="771.15">them</w>
   <w nite:id="ES2002c.C.words365" starttime="771.15" endtime="771.24">have</w>
   <w nite:id="ES2002c.C.words366" starttime="771.24" endtime="771.34">a</w>
   <w nite:id="ES2002c.C.words367" starttime="771.34" endtime="771.47">V_</w>
   <w nite:id="ES2002c.C.words368" starttime="771.47" endtime="771.62">on</w>
   <w nite:id="ES2002c.C.words369" starttime="771.62" endtime="772.01">them</w>
   <w nite:id="ES2002c.C.words370" starttime="772.01" endtime="772.01" punc="true">,</w>
   <w nite:id="ES2002c.C.words371" starttime="772.01" endtime="772.4">so</w>
   <w nite:id="ES2002c.C.words372" starttime="772.4" endtime="772.55">the</w>
   <w nite:id="ES2002c.C.words373" starttime="772.55" endtime="772.69">up</w>
   <w nite:id="ES2002c.C.words374" starttime="772.69" endtime="772.95">volume</w>
   <w nite:id="ES2002c.C.words375" starttime="772.95" endtime="773.14">button</w>
   <w nite:id="ES2002c.C.words376" starttime="773.14" endtime="773.27">looks</w>
   <w nite:id="ES2002c.C.words377" starttime="773.27" endtime="773.36">like</w>
   <w nite:id="ES2002c.C.words378" starttime="773.36" endtime="773.45">it</w>
   <w nite:id="ES2002c.C.words379" starttime="773.45" endtime="773.58">should</w>
   <w nite:id="ES2002c.C.words380" starttime="773.58" endtime="773.67">be</w>
   <w nite:id="ES2002c.C.words381" starttime="773.67" endtime="773.71">a</w>
   <w nite:id="ES2002c.C.words382" starttime="773.71" endtime="773.92">down</w>
   <w nite:id="ES2002c.C.words383" starttime="773.92" endtime="774.16">volume</w>
   <w nite:id="ES2002c.C.words384" starttime="774.16" endtime="774.49">button</w>
   <w nite:id="ES2002c.C.words385" starttime="774.49" endtime="774.49" punc="true">,</w>
   <w nite:id="ES2002c.C.words386" starttime="774.49" endtime="774.66">that&#39;s</w>
   <w nite:id="ES2002c.C.words387" starttime="774.66" endtime="774.85">kinda</w>
   <w nite:id="ES2002c.C.words388" starttime="774.85" endtime="776.28">confusing</w>
   <w nite:id="ES2002c.C.words389" starttime="776.28" endtime="776.28" punc="true">.</w>
   <w nite:id="ES2002c.C.words390" starttime="776.28" endtime="776.68">Um</w>
   <w nite:id="ES2002c.C.words391" starttime="776.68" endtime="776.81">should</w>
   <w nite:id="ES2002c.C.words392" starttime="776.81" endtime="777.1">avoid</w>
   <w nite:id="ES2002c.C.words393" starttime="777.1" endtime="777.27" trunc="true">s</w>
   <w nite:id="ES2002c.C.words394" starttime="777.27" endtime="777.44">things</w>
   <w nite:id="ES2002c.C.words395" starttime="777.44" endtime="777.54">like</w>
   <w nite:id="ES2002c.C.words396" starttime="777.54" endtime="778.76">that</w>
   <w nite:id="ES2002c.C.words397" starttime="778.76" endtime="778.76" punc="true">.</w>
   <w nite:id="ES2002c.C.words398" starttime="778.76" endtime="780.21">Um</w>
   <vocalsound nite:id="ES2002c.C.words399" starttime="780.21" endtime="780.21" type="other"/>
   <w nite:id="ES2002c.C.words400" starttime="780.21" endtime="780.46">if</w>
   <w nite:id="ES2002c.C.words401" starttime="780.46" endtime="780.96">the</w>
   <w nite:id="ES2002c.C.words402" starttime="780.96" endtime="781.05">the</w>
   <w nite:id="ES2002c.C.words403" starttime="781.05" endtime="781.33">corporate</w>
   <w nite:id="ES2002c.C.words404" starttime="781.33" endtime="781.5">colour</w>
   <w nite:id="ES2002c.C.words405" starttime="781.5" endtime="781.71">scheme</w>
   <w nite:id="ES2002c.C.words406" starttime="781.71" endtime="781.94">allows</w>
   <w nite:id="ES2002c.C.words407" starttime="781.94" endtime="782.24">it</w>
   <w nite:id="ES2002c.C.words408" starttime="782.24" endtime="782.33">we</w>
   <w nite:id="ES2002c.C.words409" starttime="782.33" endtime="782.47">should</w>
   <w nite:id="ES2002c.C.words410" starttime="782.47" endtime="782.61">have</w>
   <w nite:id="ES2002c.C.words411" starttime="782.61" endtime="782.85">a</w>
   <w nite:id="ES2002c.C.words412" starttime="782.85" endtime="783.14">very</w>
   <w nite:id="ES2002c.C.words413" starttime="783.14" endtime="783.48">bright</w>
   <w nite:id="ES2002c.C.words414" starttime="783.48" endtime="784.1">colour</w>
   <w nite:id="ES2002c.C.words415" starttime="784.1" endtime="784.2">so</w>
   <w nite:id="ES2002c.C.words416" starttime="784.2" endtime="784.29">that</w>
   <w nite:id="ES2002c.C.words417" starttime="784.29" endtime="784.36">it</w>
   <w nite:id="ES2002c.C.words418" starttime="784.36" endtime="784.5">can</w>
   <w nite:id="ES2002c.C.words419" starttime="784.5" endtime="784.58">be</w>
   <w nite:id="ES2002c.C.words420" starttime="784.58" endtime="784.75">easily</w>
   <w nite:id="ES2002c.C.words421" starttime="784.75" endtime="785.31">identified</w>
   <w nite:id="ES2002c.C.words422" starttime="785.31" endtime="785.69">anywhere</w>
   <w nite:id="ES2002c.C.words423" starttime="785.69" endtime="785.69" punc="true">.</w>
   <w nite:id="ES2002c.C.words424" starttime="786.99" endtime="787.87">Um</w>
   <w nite:id="ES2002c.C.words425" starttime="787.87" endtime="788.14">obviously</w>
   <w nite:id="ES2002c.C.words426" starttime="788.14" endtime="788.58">trying</w>
   <w nite:id="ES2002c.C.words427" starttime="788.58" endtime="788.75">trying</w>
   <w nite:id="ES2002c.C.words428" starttime="788.75" endtime="788.81">to</w>
   <w nite:id="ES2002c.C.words429" starttime="788.81" endtime="789.04">avoid</w>
   <w nite:id="ES2002c.C.words430" starttime="789.04" endtime="789.23">being</w>
   <w nite:id="ES2002c.C.words431" starttime="789.23" endtime="789.47">tacky</w>
   <w nite:id="ES2002c.C.words432" starttime="789.47" endtime="789.63">there</w>
   <w nite:id="ES2002c.C.words433" starttime="789.63" endtime="789.63" punc="true">,</w>
   <w nite:id="ES2002c.C.words434" starttime="789.63" endtime="789.75">but</w>
   <w nite:id="ES2002c.C.words435" starttime="789.75" endtime="789.9">it</w>
   <w nite:id="ES2002c.C.words436" starttime="789.9" endtime="790.71">could</w>
   <w nite:id="ES2002c.C.words437" starttime="790.71" endtime="791.04">um</w>
   <w nite:id="ES2002c.C.words438" starttime="791.04" endtime="791.26">tie-in</w>
   <w nite:id="ES2002c.C.words439" starttime="791.26" endtime="791.45">very</w>
   <w nite:id="ES2002c.C.words440" starttime="791.45" endtime="791.68">easily</w>
   <w nite:id="ES2002c.C.words441" starttime="791.68" endtime="791.85">with</w>
   <w nite:id="ES2002c.C.words442" starttime="791.85" endtime="792.15">your</w>
   <w nite:id="ES2002c.C.words443" starttime="792.15" endtime="792.29">your</w>
   <w nite:id="ES2002c.C.words444" starttime="792.29" endtime="792.47">lime</w>
   <w nite:id="ES2002c.C.words445" starttime="792.47" endtime="792.57">and</w>
   <w nite:id="ES2002c.C.words446" starttime="792.57" endtime="792.77">lemon</w>
   <w nite:id="ES2002c.C.words447" starttime="792.77" endtime="793.08">idea</w>
   <w nite:id="ES2002c.C.words448" starttime="793.08" endtime="793.08" punc="true">.</w>
   <w nite:id="ES2002c.C.words449" starttime="801.45" endtime="803.33">Fantastic</w>
   <w nite:id="ES2002c.C.words450" starttime="803.33" endtime="803.33" punc="true">.</w>
   <vocalsound nite:id="ES2002c.C.words451" starttime="803.33" endtime="803.568" type="laugh"/>
   <w nite:id="ES2002c.C.words452" starttime="806.51" endtime="807.07">Um</w>
   <w nite:id="ES2002c.C.words453" starttime="808.53" endtime="808.76">any</w>
   <w nite:id="ES2002c.C.words454" starttime="808.76" endtime="808.98">extra</w>
   <w nite:id="ES2002c.C.words455" starttime="808.98" endtime="809.28">features</w>
   <w nite:id="ES2002c.C.words456" starttime="809.28" endtime="809.41">we</w>
   <w nite:id="ES2002c.C.words457" starttime="809.41" endtime="809.68">add</w>
   <w nite:id="ES2002c.C.words458" starttime="809.68" endtime="809.9">beyond</w>
   <w nite:id="ES2002c.C.words459" starttime="809.9" endtime="809.96">the</w>
   <w nite:id="ES2002c.C.words460" starttime="809.96" endtime="810.23">basic</w>
   <w nite:id="ES2002c.C.words461" starttime="810.23" endtime="810.52">ones</w>
   <w nite:id="ES2002c.C.words462" starttime="810.52" endtime="810.77">should</w>
   <w nite:id="ES2002c.C.words463" starttime="810.77" endtime="811.04">be</w>
   <w nite:id="ES2002c.C.words464" starttime="811.04" endtime="811.08" trunc="true">m</w>
   <w nite:id="ES2002c.C.words465" starttime="811.08" endtime="811.43">hidden</w>
   <w nite:id="ES2002c.C.words466" starttime="811.43" endtime="811.43" punc="true">,</w>
   <w nite:id="ES2002c.C.words467" starttime="811.43" endtime="811.52">they</w>
   <w nite:id="ES2002c.C.words468" starttime="811.52" endtime="811.78">shouldn&#39;t</w>
   <w nite:id="ES2002c.C.words469" starttime="811.78" endtime="811.88">be</w>
   <w nite:id="ES2002c.C.words470" starttime="811.88" endtime="812.06">on</w>
   <w nite:id="ES2002c.C.words471" starttime="812.06" endtime="813.29">the</w>
   <vocalsound nite:id="ES2002c.C.words472" starttime="813.29" endtime="813.29" type="other"/>
   <disfmarker nite:id="ES2002c.C.words473" starttime="813.29" endtime="813.29"/>
   <w nite:id="ES2002c.C.words474" starttime="813.29" endtime="813.54">um</w>
   <w nite:id="ES2002c.C.words475" starttime="813.54" endtime="813.7">shouldn&#39;t</w>
   <w nite:id="ES2002c.C.words476" starttime="813.7" endtime="813.76">be</w>
   <w nite:id="ES2002c.C.words477" starttime="813.76" endtime="814.11">visible</w>
   <w nite:id="ES2002c.C.words478" starttime="814.11" endtime="814.61">without</w>
   <w nite:id="ES2002c.C.words479" starttime="814.61" endtime="814.85">something</w>
   <w nite:id="ES2002c.C.words480" starttime="814.85" endtime="814.95">be</w>
   <w nite:id="ES2002c.C.words481" starttime="814.95" endtime="815.51">opened</w>
   <w nite:id="ES2002c.C.words482" starttime="815.51" endtime="815.72">or</w>
   <w nite:id="ES2002c.C.words483" starttime="815.72" endtime="815.84">some</w>
   <w nite:id="ES2002c.C.words484" starttime="815.84" endtime="816.16">sort</w>
   <w nite:id="ES2002c.C.words485" starttime="816.16" endtime="816.32">of</w>
   <w nite:id="ES2002c.C.words486" starttime="816.32" endtime="816.5">special</w>
   <w nite:id="ES2002c.C.words487" starttime="816.5" endtime="817.22">extra</w>
   <w nite:id="ES2002c.C.words488" starttime="817.22" endtime="817.95">effort</w>
   <w nite:id="ES2002c.C.words489" starttime="817.95" endtime="817.95" punc="true">.</w>
   <vocalsound nite:id="ES2002c.C.words490" starttime="817.95" endtime="817.95" type="other"/>
   <w nite:id="ES2002c.C.words491" starttime="817.95" endtime="818.97">Um</w>
   <w nite:id="ES2002c.C.words492" starttime="818.97" endtime="819.1">if</w>
   <w nite:id="ES2002c.C.words493" starttime="819.1" endtime="819.17">we</w>
   <w nite:id="ES2002c.C.words494" starttime="819.17" endtime="819.27">did</w>
   <w nite:id="ES2002c.C.words495" starttime="819.27" endtime="819.51">decide</w>
   <w nite:id="ES2002c.C.words496" starttime="819.51" endtime="819.57">to</w>
   <w nite:id="ES2002c.C.words497" starttime="819.57" endtime="819.69">go</w>
   <w nite:id="ES2002c.C.words498" starttime="819.69" endtime="819.85">for</w>
   <w nite:id="ES2002c.C.words499" starttime="819.85" endtime="820.05">voice</w>
   <w nite:id="ES2002c.C.words500" starttime="820.05" endtime="821.41">activation</w>
   <vocalsound nite:id="ES2002c.C.words501" starttime="821.41" endtime="821.41" type="other"/>
   <w nite:id="ES2002c.C.words502" starttime="821.41" endtime="821.55">there</w>
   <w nite:id="ES2002c.C.words503" starttime="821.55" endtime="821.68" trunc="true">sh</w>
   <w nite:id="ES2002c.C.words504" starttime="821.68" endtime="821.83">should</w>
   <w nite:id="ES2002c.C.words505" starttime="821.83" endtime="822.0">always</w>
   <w nite:id="ES2002c.C.words506" starttime="822.0" endtime="822.09">be</w>
   <w nite:id="ES2002c.C.words507" starttime="822.09" endtime="822.15">a</w>
   <w nite:id="ES2002c.C.words508" starttime="822.15" endtime="822.36">button</w>
   <w nite:id="ES2002c.C.words509" starttime="822.36" endtime="822.42">as</w>
   <w nite:id="ES2002c.C.words510" starttime="822.42" endtime="822.89">alternative</w>
   <w nite:id="ES2002c.C.words511" starttime="822.89" endtime="822.89" punc="true">,</w>
   <w nite:id="ES2002c.C.words512" starttime="822.89" endtime="823.24">possibly</w>
   <w nite:id="ES2002c.C.words513" starttime="823.24" endtime="823.39">hidden</w>
   <w nite:id="ES2002c.C.words514" starttime="823.39" endtime="823.54">in</w>
   <w nite:id="ES2002c.C.words515" starttime="823.54" endtime="823.76">the</w>
   <w nite:id="ES2002c.C.words516" starttime="823.76" endtime="823.83">the</w>
   <w nite:id="ES2002c.C.words517" starttime="823.83" endtime="824.06">opened</w>
   <w nite:id="ES2002c.C.words518" starttime="824.06" endtime="824.18">up</w>
   <w nite:id="ES2002c.C.words519" starttime="824.18" endtime="825.1">section</w>
   <w nite:id="ES2002c.C.words520" starttime="825.1" endtime="825.44">um</w>
   <w nite:id="ES2002c.C.words521" starttime="825.44" endtime="825.66">making</w>
   <w nite:id="ES2002c.C.words522" starttime="825.66" endtime="825.75">that</w>
   <w nite:id="ES2002c.C.words523" starttime="825.75" endtime="825.99">something</w>
   <w nite:id="ES2002c.C.words524" starttime="825.99" endtime="826.08">is</w>
   <w nite:id="ES2002c.C.words525" starttime="826.08" endtime="826.25">wrong</w>
   <w nite:id="ES2002c.C.words526" starttime="826.25" endtime="826.38">with</w>
   <w nite:id="ES2002c.C.words527" starttime="826.38" endtime="826.49">it</w>
   <w nite:id="ES2002c.C.words528" starttime="826.49" endtime="826.57">or</w>
   <w nite:id="ES2002c.C.words529" starttime="826.57" endtime="826.66">with</w>
   <w nite:id="ES2002c.C.words530" starttime="826.66" endtime="826.99">somebody&#39;s</w>
   <w nite:id="ES2002c.C.words531" starttime="826.99" endtime="827.29">voice</w>
   <w nite:id="ES2002c.C.words532" starttime="827.29" endtime="827.29" punc="true">,</w>
   <w nite:id="ES2002c.C.words533" starttime="827.29" endtime="827.45">maybe</w>
   <w nite:id="ES2002c.C.words534" starttime="827.45" endtime="827.52">they</w>
   <w nite:id="ES2002c.C.words535" starttime="827.52" endtime="827.63">got</w>
   <w nite:id="ES2002c.C.words536" starttime="827.63" endtime="827.72">a</w>
   <w nite:id="ES2002c.C.words537" starttime="827.72" endtime="828.31">cold</w>
   <w nite:id="ES2002c.C.words538" starttime="828.31" endtime="828.67">or</w>
   <disfmarker nite:id="ES2002c.C.words539" starttime="828.67" endtime="828.795"/>
   <w nite:id="ES2002c.C.words540" starttime="830.01" endtime="831.44">Um</w>
   <vocalsound nite:id="ES2002c.C.words541" starttime="831.44" endtime="831.44" type="other"/>
   <w nite:id="ES2002c.C.words542" starttime="831.44" endtime="831.59">we</w>
   <w nite:id="ES2002c.C.words543" starttime="831.59" endtime="831.74">should</w>
   <w nite:id="ES2002c.C.words544" starttime="831.74" endtime="832.09">definitely</w>
   <w nite:id="ES2002c.C.words545" starttime="832.09" endtime="832.47">avoid</w>
   <w nite:id="ES2002c.C.words546" starttime="832.47" endtime="832.56">the</w>
   <w nite:id="ES2002c.C.words547" starttime="832.56" endtime="832.69">big</w>
   <w nite:id="ES2002c.C.words548" starttime="832.69" endtime="832.94">square</w>
   <w nite:id="ES2002c.C.words549" starttime="832.94" endtime="833.22">block</w>
   <w nite:id="ES2002c.C.words550" starttime="833.22" endtime="833.87">look</w>
   <w nite:id="ES2002c.C.words551" starttime="833.87" endtime="833.87" punc="true">.</w>
   <w nite:id="ES2002c.C.words552" starttime="833.87" endtime="834.0">That&#39;s</w>
   <w nite:id="ES2002c.C.words553" starttime="834.0" endtime="834.35">just</w>
   <w nite:id="ES2002c.C.words554" starttime="834.35" endtime="834.54">wrong</w>
   <w nite:id="ES2002c.C.words555" starttime="834.54" endtime="834.54" punc="true">.</w>
   <w nite:id="ES2002c.C.words556" starttime="836.44" endtime="836.89">And</w>
   <w nite:id="ES2002c.C.words557" starttime="836.89" endtime="837.9">um</w>
   <w nite:id="ES2002c.C.words558" starttime="837.9" endtime="838.03">we</w>
   <w nite:id="ES2002c.C.words559" starttime="838.03" endtime="838.16">got</w>
   <w nite:id="ES2002c.C.words560" starttime="838.16" endtime="838.24">an</w>
   <w nite:id="ES2002c.C.words561" starttime="838.24" endtime="838.79">email</w>
   <w nite:id="ES2002c.C.words562" starttime="838.79" endtime="839.59">uh</w>
   <w nite:id="ES2002c.C.words563" starttime="839.59" endtime="839.92">from</w>
   <w nite:id="ES2002c.C.words564" starttime="839.92" endtime="839.95">I</w>
   <w nite:id="ES2002c.C.words565" starttime="839.95" endtime="840.07">think</w>
   <w nite:id="ES2002c.C.words566" starttime="840.07" endtime="840.17">it&#39;s</w>
   <w nite:id="ES2002c.C.words567" starttime="840.17" endtime="840.35">the</w>
   <w nite:id="ES2002c.C.words568" starttime="840.35" endtime="840.46">the</w>
   <w nite:id="ES2002c.C.words569" starttime="840.46" endtime="840.71">research</w>
   <w nite:id="ES2002c.C.words570" starttime="840.71" endtime="841.54">department</w>
   <w nite:id="ES2002c.C.words571" starttime="841.54" endtime="841.54" punc="true">,</w>
   <vocalsound nite:id="ES2002c.C.words572" starttime="841.54" endtime="841.54" type="other"/>
   <w nite:id="ES2002c.C.words573" starttime="841.54" endtime="841.78">and</w>
   <w nite:id="ES2002c.C.words574" starttime="841.78" endtime="841.97">they&#39;ve</w>
   <w nite:id="ES2002c.C.words575" starttime="841.97" endtime="842.35">said</w>
   <w nite:id="ES2002c.C.words576" starttime="842.35" endtime="842.44" trunc="true">th</w>
   <w nite:id="ES2002c.C.words577" starttime="842.44" endtime="842.52">the</w>
   <w nite:id="ES2002c.C.words578" starttime="842.52" endtime="842.72">voice</w>
   <w nite:id="ES2002c.C.words579" starttime="842.72" endtime="843.2">control</w>
   <w nite:id="ES2002c.C.words580" starttime="843.2" endtime="843.53">um</w>
   <w nite:id="ES2002c.C.words581" starttime="843.53" endtime="843.66">can</w>
   <w nite:id="ES2002c.C.words582" starttime="843.66" endtime="843.84">now</w>
   <w nite:id="ES2002c.C.words583" starttime="843.84" endtime="844.07">talk</w>
   <w nite:id="ES2002c.C.words584" starttime="844.07" endtime="844.33">back</w>
   <w nite:id="ES2002c.C.words585" starttime="844.33" endtime="844.44">if</w>
   <w nite:id="ES2002c.C.words586" starttime="844.44" endtime="844.51">you</w>
   <w nite:id="ES2002c.C.words587" starttime="844.51" endtime="844.65">ask</w>
   <w nite:id="ES2002c.C.words588" starttime="844.65" endtime="844.71">it</w>
   <w nite:id="ES2002c.C.words589" starttime="844.71" endtime="844.75">a</w>
   <w nite:id="ES2002c.C.words590" starttime="844.75" endtime="845.97">question</w>
   <w nite:id="ES2002c.C.words591" starttime="845.97" endtime="845.97" punc="true">.</w>
   <w nite:id="ES2002c.C.words592" starttime="845.97" endtime="846.11">So</w>
   <w nite:id="ES2002c.C.words593" starttime="846.11" endtime="846.18">it</w>
   <w nite:id="ES2002c.C.words594" starttime="846.18" endtime="846.5" trunc="true">sh</w>
   <w nite:id="ES2002c.C.words595" starttime="846.5" endtime="846.63">it</w>
   <w nite:id="ES2002c.C.words596" starttime="846.63" endtime="846.76">could</w>
   <w nite:id="ES2002c.C.words597" starttime="846.76" endtime="846.85">be</w>
   <w nite:id="ES2002c.C.words598" starttime="846.85" endtime="847.03">good</w>
   <w nite:id="ES2002c.C.words599" starttime="847.03" endtime="847.1">to</w>
   <w nite:id="ES2002c.C.words600" starttime="847.1" endtime="847.3">have</w>
   <w nite:id="ES2002c.C.words601" starttime="847.3" endtime="847.57">them</w>
   <w nite:id="ES2002c.C.words602" starttime="847.57" endtime="847.73">um</w>
   <w nite:id="ES2002c.C.words603" starttime="847.73" endtime="848.11">confirm</w>
   <w nite:id="ES2002c.C.words604" starttime="848.11" endtime="848.24">any</w>
   <w nite:id="ES2002c.C.words605" starttime="848.24" endtime="848.56">action</w>
   <w nite:id="ES2002c.C.words606" starttime="848.56" endtime="848.65">you</w>
   <w nite:id="ES2002c.C.words607" starttime="848.65" endtime="848.98">take</w>
   <w nite:id="ES2002c.C.words608" starttime="849.83" endtime="850.52">and</w>
   <gap nite:id="ES2002c.C.words609" starttime="850.52" endtime="850.52"/>
   <w nite:id="ES2002c.C.words610" starttime="850.52" endtime="850.98">possibility</w>
   <w nite:id="ES2002c.C.words611" starttime="850.98" endtime="850.98" punc="true">.</w>
   <w nite:id="ES2002c.C.words612" starttime="854.06" endtime="854.17">Right</w>
   <w nite:id="ES2002c.C.words613" starttime="854.17" endtime="854.59">and</w>
   <w nite:id="ES2002c.C.words614" starttime="854.59" endtime="854.88">these</w>
   <w nite:id="ES2002c.C.words615" starttime="854.88" endtime="854.94">are</w>
   <w nite:id="ES2002c.C.words616" starttime="854.94" endtime="855.27">problems</w>
   <w nite:id="ES2002c.C.words617" starttime="855.27" endtime="855.33">I&#39;ve</w>
   <w nite:id="ES2002c.C.words618" starttime="855.33" endtime="855.48">had</w>
   <w nite:id="ES2002c.C.words619" starttime="855.48" endtime="855.6">with</w>
   <w nite:id="ES2002c.C.words620" starttime="855.6" endtime="855.99">it</w>
   <w nite:id="ES2002c.C.words621" starttime="855.99" endtime="855.99" punc="true">.</w>
   <w nite:id="ES2002c.C.words622" starttime="855.99" endtime="856.42">Um</w>
   <w nite:id="ES2002c.C.words623" starttime="856.42" endtime="856.82">I</w>
   <w nite:id="ES2002c.C.words624" starttime="856.82" endtime="857.03">don&#39;t</w>
   <w nite:id="ES2002c.C.words625" starttime="857.03" endtime="857.12">know</w>
   <w nite:id="ES2002c.C.words626" starttime="857.12" endtime="857.23">where</w>
   <w nite:id="ES2002c.C.words627" starttime="857.23" endtime="857.33">the</w>
   <w nite:id="ES2002c.C.words628" starttime="857.33" endtime="857.63">slogan</w>
   <w nite:id="ES2002c.C.words629" starttime="857.63" endtime="857.75">should</w>
   <w nite:id="ES2002c.C.words630" starttime="857.75" endtime="858.08">go</w>
   <w nite:id="ES2002c.C.words631" starttime="858.08" endtime="858.08" punc="true">,</w>
   <w nite:id="ES2002c.C.words632" starttime="858.08" endtime="858.37">or</w>
   <w nite:id="ES2002c.C.words633" starttime="858.37" endtime="858.58">really</w>
   <w nite:id="ES2002c.C.words634" starttime="858.58" endtime="858.71">what</w>
   <w nite:id="ES2002c.C.words635" starttime="858.71" endtime="858.77">the</w>
   <w nite:id="ES2002c.C.words636" starttime="858.77" endtime="859.09">slogan</w>
   <w nite:id="ES2002c.C.words637" starttime="859.09" endtime="859.31">is</w>
   <w nite:id="ES2002c.C.words638" starttime="859.31" endtime="859.31" punc="true">.</w>
   <w nite:id="ES2002c.C.words639" starttime="859.31" endtime="859.34">I</w>
   <w nite:id="ES2002c.C.words640" starttime="859.34" endtime="859.48">think</w>
   <w nite:id="ES2002c.C.words641" starttime="859.48" endtime="859.64">it&#39;s</w>
   <w nite:id="ES2002c.C.words642" starttime="859.64" endtime="860.08">um</w>
   <w nite:id="ES2002c.C.words643" starttime="860.08" endtime="860.08" punc="true">,</w>
   <w nite:id="ES2002c.C.words644" starttime="860.08" endtime="860.45">fashion</w>
   <w nite:id="ES2002c.C.words645" starttime="860.45" endtime="860.64">into</w>
   <w nite:id="ES2002c.C.words646" starttime="860.64" endtime="862.26">electronics</w>
   <w nite:id="ES2002c.C.words647" starttime="862.26" endtime="862.26" punc="true">.</w>
   <w nite:id="ES2002c.C.words648" starttime="862.26" endtime="862.76">And</w>
   <w nite:id="ES2002c.C.words649" starttime="862.76" endtime="862.83">we</w>
   <w nite:id="ES2002c.C.words650" starttime="862.83" endtime="862.97">don&#39;t</w>
   <w nite:id="ES2002c.C.words651" starttime="862.97" endtime="863.03">know</w>
   <w nite:id="ES2002c.C.words652" starttime="863.03" endtime="863.12">how</w>
   <w nite:id="ES2002c.C.words653" starttime="863.12" endtime="863.5">flexible</w>
   <w nite:id="ES2002c.C.words654" starttime="863.5" endtime="863.57">the</w>
   <w nite:id="ES2002c.C.words655" starttime="863.57" endtime="863.75">colour</w>
   <w nite:id="ES2002c.C.words656" starttime="863.75" endtime="863.92">scheme</w>
   <w nite:id="ES2002c.C.words657" starttime="863.92" endtime="864.14">is</w>
   <w nite:id="ES2002c.C.words658" starttime="864.14" endtime="864.14" punc="true">.</w>
   <w nite:id="ES2002c.C.words659" starttime="864.14" endtime="864.67">I</w>
   <w nite:id="ES2002c.C.words660" starttime="864.67" endtime="865.02">mean</w>
   <w nite:id="ES2002c.C.words661" starttime="865.02" endtime="865.09">you</w>
   <w nite:id="ES2002c.C.words662" starttime="865.09" endtime="865.2">say</w>
   <w nite:id="ES2002c.C.words663" starttime="865.2" endtime="865.29">you</w>
   <w nite:id="ES2002c.C.words664" starttime="865.29" endtime="865.77">wanted</w>
   <w nite:id="ES2002c.C.words665" starttime="865.77" endtime="866.01">the</w>
   <w nite:id="ES2002c.C.words666" starttime="866.01" endtime="866.09">the</w>
   <w nite:id="ES2002c.C.words667" starttime="866.09" endtime="866.38">corporate</w>
   <w nite:id="ES2002c.C.words668" starttime="866.38" endtime="866.81">colours</w>
   <w nite:id="ES2002c.C.words669" starttime="866.81" endtime="866.81" punc="true">,</w>
   <w nite:id="ES2002c.C.words670" starttime="866.81" endtime="866.95">but</w>
   <w nite:id="ES2002c.C.words671" starttime="866.95" endtime="867.01">they</w>
   <w nite:id="ES2002c.C.words672" starttime="867.01" endtime="867.24">don&#39;t</w>
   <w nite:id="ES2002c.C.words673" starttime="867.24" endtime="867.82">say</w>
   <w nite:id="ES2002c.C.words674" starttime="867.82" endtime="867.95">you</w>
   <w nite:id="ES2002c.C.words675" starttime="867.95" endtime="868.02">know</w>
   <w nite:id="ES2002c.C.words676" starttime="868.02" endtime="868.12">if</w>
   <w nite:id="ES2002c.C.words677" starttime="868.12" endtime="868.2">we</w>
   <w nite:id="ES2002c.C.words678" starttime="868.2" endtime="868.49">can</w>
   <w nite:id="ES2002c.C.words679" starttime="868.49" endtime="868.67">use</w>
   <w nite:id="ES2002c.C.words680" starttime="868.67" endtime="868.81">any</w>
   <w nite:id="ES2002c.C.words681" starttime="868.81" endtime="868.93">other</w>
   <w nite:id="ES2002c.C.words682" starttime="868.93" endtime="869.15">colours</w>
   <w nite:id="ES2002c.C.words683" starttime="869.15" endtime="869.28">at</w>
   <w nite:id="ES2002c.C.words684" starttime="869.28" endtime="869.62">all</w>
   <w nite:id="ES2002c.C.words685" starttime="869.62" endtime="869.84">or</w>
   <disfmarker nite:id="ES2002c.C.words686" starttime="869.84" endtime="869.872"/>
   <w nite:id="ES2002c.C.words687" starttime="874.07" endtime="874.19">That&#39;s</w>
   <w nite:id="ES2002c.C.words688" starttime="874.19" endtime="874.44">it</w>
   <w nite:id="ES2002c.C.words689" starttime="874.44" endtime="874.44" punc="true">.</w>
   <w nite:id="ES2002c.C.words690" starttime="896.32" endtime="896.37">I</w>
   <w nite:id="ES2002c.C.words691" starttime="896.37" endtime="896.51">think</w>
   <w nite:id="ES2002c.C.words692" starttime="896.51" endtime="896.69">I&#39;m</w>
   <w nite:id="ES2002c.C.words693" starttime="896.69" endtime="897.02">cool</w>
   <w nite:id="ES2002c.C.words694" starttime="897.02" endtime="897.02" punc="true">.</w>
   <vocalsound nite:id="ES2002c.C.words695" starttime="902.093" endtime="903.429" type="laugh"/>
   <w nite:id="ES2002c.C.words696" starttime="1041.23" endtime="1041.45">Right</w>
   <w nite:id="ES2002c.C.words697" starttime="1041.45" endtime="1041.45" punc="true">.</w>
   <w nite:id="ES2002c.C.words698" starttime="1058.92" endtime="1059.11">Right</w>
   <w nite:id="ES2002c.C.words699" starttime="1059.11" endtime="1059.11" punc="true">.</w>
   <vocalsound nite:id="ES2002c.C.words700" starttime="1183.395" endtime="1184.128" type="laugh"/>
   <vocalsound nite:id="ES2002c.C.words701" starttime="1189.134" endtime="1191.984" type="laugh"/>
   <vocalsound nite:id="ES2002c.C.words702" starttime="1225.749" endtime="1229.444" type="laugh"/>
   <w nite:id="ES2002c.C.words703" starttime="1469.46" endtime="1469.98">Um</w>
   <vocalsound nite:id="ES2002c.C.words704" starttime="1469.98" endtime="1469.98" type="other"/>
   <w nite:id="ES2002c.C.words705" starttime="1469.98" endtime="1470.18">I</w>
   <w nite:id="ES2002c.C.words706" starttime="1470.18" endtime="1470.34">think</w>
   <w nite:id="ES2002c.C.words707" starttime="1470.34" endtime="1470.4">we</w>
   <w nite:id="ES2002c.C.words708" starttime="1470.4" endtime="1470.53">could</w>
   <w nite:id="ES2002c.C.words709" starttime="1470.53" endtime="1470.69">go</w>
   <w nite:id="ES2002c.C.words710" starttime="1470.69" endtime="1470.87">for</w>
   <w nite:id="ES2002c.C.words711" starttime="1470.87" endtime="1471.35">like</w>
   <w nite:id="ES2002c.C.words712" starttime="1471.35" endtime="1473.04">um</w>
   <disfmarker nite:id="ES2002c.C.words713" starttime="1473.04" endtime="1473.04"/>
   <vocalsound nite:id="ES2002c.C.words714" starttime="1473.04" endtime="1473.04" type="other"/>
   <w nite:id="ES2002c.C.words715" starttime="1473.04" endtime="1473.19">maybe</w>
   <w nite:id="ES2002c.C.words716" starttime="1473.19" endtime="1473.33">not</w>
   <w nite:id="ES2002c.C.words717" starttime="1473.33" endtime="1473.47">a</w>
   <w nite:id="ES2002c.C.words718" starttime="1473.47" endtime="1473.6" trunc="true">p</w>
   <w nite:id="ES2002c.C.words719" starttime="1473.6" endtime="1473.67">a</w>
   <w nite:id="ES2002c.C.words720" starttime="1473.67" endtime="1473.86">fruit</w>
   <w nite:id="ES2002c.C.words721" starttime="1473.86" endtime="1474.22">shape</w>
   <w nite:id="ES2002c.C.words722" starttime="1474.22" endtime="1474.34">but</w>
   <w nite:id="ES2002c.C.words723" starttime="1474.34" endtime="1474.76">a</w>
   <w nite:id="ES2002c.C.words724" starttime="1474.76" endtime="1475.18">very</w>
   <w nite:id="ES2002c.C.words725" starttime="1475.18" endtime="1475.31">sort</w>
   <w nite:id="ES2002c.C.words726" starttime="1475.31" endtime="1475.67">of</w>
   <w nite:id="ES2002c.C.words727" starttime="1475.67" endtime="1475.95">curvy</w>
   <w nite:id="ES2002c.C.words728" starttime="1475.95" endtime="1476.2">type</w>
   <w nite:id="ES2002c.C.words729" starttime="1476.2" endtime="1476.63">shape</w>
   <w nite:id="ES2002c.C.words730" starttime="1476.63" endtime="1476.63" punc="true">.</w>
   <w nite:id="ES2002c.C.words731" starttime="1476.63" endtime="1477.13">Um</w>
   <w nite:id="ES2002c.C.words732" starttime="1477.13" endtime="1477.25">you</w>
   <w nite:id="ES2002c.C.words733" starttime="1477.25" endtime="1477.35">could</w>
   <w nite:id="ES2002c.C.words734" starttime="1477.35" endtime="1477.45">have</w>
   <w nite:id="ES2002c.C.words735" starttime="1477.45" endtime="1477.52">the</w>
   <w nite:id="ES2002c.C.words736" starttime="1477.52" endtime="1477.65">same</w>
   <w nite:id="ES2002c.C.words737" starttime="1477.65" endtime="1477.77">sort</w>
   <w nite:id="ES2002c.C.words738" starttime="1477.77" endtime="1477.83">of</w>
   <w nite:id="ES2002c.C.words739" starttime="1477.83" endtime="1478.13">texture</w>
   <w nite:id="ES2002c.C.words740" starttime="1478.13" endtime="1478.23">and</w>
   <w nite:id="ES2002c.C.words741" starttime="1478.23" endtime="1478.53">colour</w>
   <w nite:id="ES2002c.C.words742" starttime="1478.53" endtime="1478.75">as</w>
   <w nite:id="ES2002c.C.words743" starttime="1478.75" endtime="1478.86">a</w>
   <w nite:id="ES2002c.C.words744" starttime="1478.86" endtime="1479.09">fruit</w>
   <w nite:id="ES2002c.C.words745" starttime="1479.09" endtime="1479.09" punc="true">.</w>
   <w nite:id="ES2002c.C.words746" starttime="1486.44" endtime="1486.57">Um</w>
   <w nite:id="ES2002c.C.words747" starttime="1486.57" endtime="1486.82">probably</w>
   <w nite:id="ES2002c.C.words748" starttime="1486.82" endtime="1487.03">something</w>
   <w nite:id="ES2002c.C.words749" starttime="1487.03" endtime="1487.19">that</w>
   <w nite:id="ES2002c.C.words750" starttime="1487.19" endtime="1487.24" trunc="true">s</w>
   <w nite:id="ES2002c.C.words751" starttime="1487.24" endtime="1487.37">sits</w>
   <w nite:id="ES2002c.C.words752" starttime="1487.37" endtime="1487.43">in</w>
   <w nite:id="ES2002c.C.words753" starttime="1487.43" endtime="1487.52">your</w>
   <w nite:id="ES2002c.C.words754" starttime="1487.52" endtime="1487.67">hand</w>
   <w nite:id="ES2002c.C.words755" starttime="1487.67" endtime="1488.07">comfortably</w>
   <w nite:id="ES2002c.C.words756" starttime="1488.07" endtime="1488.07" punc="true">,</w>
   <w nite:id="ES2002c.C.words757" starttime="1488.07" endtime="1488.26">sort</w>
   <w nite:id="ES2002c.C.words758" starttime="1488.26" endtime="1488.53">of</w>
   <w nite:id="ES2002c.C.words759" starttime="1488.53" endtime="1488.75">feels</w>
   <w nite:id="ES2002c.C.words760" starttime="1488.75" endtime="1488.94">right</w>
   <w nite:id="ES2002c.C.words761" starttime="1488.94" endtime="1489.02">in</w>
   <w nite:id="ES2002c.C.words762" starttime="1489.02" endtime="1489.13">your</w>
   <w nite:id="ES2002c.C.words763" starttime="1489.13" endtime="1489.52">hand</w>
   <w nite:id="ES2002c.C.words764" starttime="1489.52" endtime="1489.52" punc="true">.</w>
   <vocalsound nite:id="ES2002c.C.words765" starttime="1501.36" endtime="1501.68" type="other"/>
   <w nite:id="ES2002c.C.words766" starttime="1596.02" endtime="1596.18">See</w>
   <w nite:id="ES2002c.C.words767" starttime="1596.18" endtime="1596.62">I&#39;m</w>
   <disfmarker nite:id="ES2002c.C.words768" starttime="1596.62" endtime="1596.654"/>
   <w nite:id="ES2002c.C.words769" starttime="1648.02" endtime="1648.1">I&#39;d</w>
   <w nite:id="ES2002c.C.words770" starttime="1648.1" endtime="1648.23">quite</w>
   <w nite:id="ES2002c.C.words771" starttime="1648.23" endtime="1648.37">like</w>
   <w nite:id="ES2002c.C.words772" starttime="1648.37" endtime="1648.41">a</w>
   <w nite:id="ES2002c.C.words773" starttime="1648.41" endtime="1648.58">sort</w>
   <w nite:id="ES2002c.C.words774" starttime="1648.58" endtime="1648.84">of</w>
   <w nite:id="ES2002c.C.words775" starttime="1648.84" endtime="1649.02">uh</w>
   <w nite:id="ES2002c.C.words776" starttime="1649.02" endtime="1649.36">snowman</w>
   <w nite:id="ES2002c.C.words777" starttime="1649.36" endtime="1649.6">type</w>
   <w nite:id="ES2002c.C.words778" starttime="1649.6" endtime="1649.89">shape</w>
   <w nite:id="ES2002c.C.words779" starttime="1649.89" endtime="1649.89" punc="true">.</w>
   <w nite:id="ES2002c.C.words780" starttime="1651.24" endtime="1651.55">Um</w>
   <w nite:id="ES2002c.C.words781" starttime="1651.55" endtime="1651.75">so</w>
   <w nite:id="ES2002c.C.words782" starttime="1651.75" endtime="1651.8">a</w>
   <w nite:id="ES2002c.C.words783" starttime="1651.8" endtime="1651.97" trunc="true">p</w>
   <w nite:id="ES2002c.C.words784" starttime="1651.97" endtime="1652.09">sort</w>
   <w nite:id="ES2002c.C.words785" starttime="1652.09" endtime="1652.15">of</w>
   <w nite:id="ES2002c.C.words786" starttime="1652.15" endtime="1652.36">larger</w>
   <w nite:id="ES2002c.C.words787" starttime="1652.36" endtime="1652.52">bit</w>
   <w nite:id="ES2002c.C.words788" starttime="1652.52" endtime="1652.67">sits</w>
   <w nite:id="ES2002c.C.words789" starttime="1652.67" endtime="1652.73">in</w>
   <w nite:id="ES2002c.C.words790" starttime="1652.73" endtime="1652.82">your</w>
   <w nite:id="ES2002c.C.words791" starttime="1652.82" endtime="1653.59">hand</w>
   <w nite:id="ES2002c.C.words792" starttime="1653.59" endtime="1653.59" punc="true">,</w>
   <w nite:id="ES2002c.C.words793" starttime="1653.59" endtime="1653.83">and</w>
   <w nite:id="ES2002c.C.words794" starttime="1653.83" endtime="1653.96">then</w>
   <w nite:id="ES2002c.C.words795" starttime="1653.96" endtime="1654.06">you</w>
   <w nite:id="ES2002c.C.words796" starttime="1654.06" endtime="1654.17">got</w>
   <w nite:id="ES2002c.C.words797" starttime="1654.17" endtime="1654.33">maybe</w>
   <w nite:id="ES2002c.C.words798" starttime="1654.33" endtime="1654.66">another</w>
   <w nite:id="ES2002c.C.words799" starttime="1654.66" endtime="1654.94">bubble</w>
   <w nite:id="ES2002c.C.words800" starttime="1654.94" endtime="1655.01">at</w>
   <w nite:id="ES2002c.C.words801" starttime="1655.01" endtime="1655.07">the</w>
   <w nite:id="ES2002c.C.words802" starttime="1655.07" endtime="1655.26">top</w>
   <w nite:id="ES2002c.C.words803" starttime="1655.26" endtime="1655.89">for</w>
   <w nite:id="ES2002c.C.words804" starttime="1655.89" endtime="1656.19">just</w>
   <w nite:id="ES2002c.C.words805" starttime="1656.19" endtime="1656.32">any</w>
   <w nite:id="ES2002c.C.words806" starttime="1656.32" endtime="1656.45">other</w>
   <w nite:id="ES2002c.C.words807" starttime="1656.45" endtime="1656.7">function</w>
   <w nite:id="ES2002c.C.words808" starttime="1656.7" endtime="1656.78">you</w>
   <w nite:id="ES2002c.C.words809" starttime="1656.78" endtime="1657.01">need</w>
   <w nite:id="ES2002c.C.words810" starttime="1657.01" endtime="1657.01" punc="true">.</w>
   <vocalsound nite:id="ES2002c.C.words811" starttime="1670.038" endtime="1672.018" type="other"/>
   <w nite:id="ES2002c.C.words812" starttime="1690.79" endtime="1690.86">Um</w>
   <w nite:id="ES2002c.C.words813" starttime="1690.86" endtime="1691.05">something</w>
   <w nite:id="ES2002c.C.words814" starttime="1691.05" endtime="1691.14">like</w>
   <w nite:id="ES2002c.C.words815" starttime="1691.14" endtime="1691.26">that</w>
   <w nite:id="ES2002c.C.words816" starttime="1691.26" endtime="1691.63">um</w>
   <w nite:id="ES2002c.C.words817" starttime="1691.63" endtime="1691.7">you</w>
   <w nite:id="ES2002c.C.words818" starttime="1691.7" endtime="1692.27">got</w>
   <w nite:id="ES2002c.C.words819" starttime="1692.27" endtime="1692.43">two</w>
   <w nite:id="ES2002c.C.words820" starttime="1692.43" endtime="1692.61">groups</w>
   <w nite:id="ES2002c.C.words821" starttime="1692.61" endtime="1692.96">there</w>
   <w nite:id="ES2002c.C.words822" starttime="1692.96" endtime="1693.93">um</w>
   <w nite:id="ES2002c.C.words823" starttime="1693.93" endtime="1694.14">maybe</w>
   <w nite:id="ES2002c.C.words824" starttime="1694.14" endtime="1694.2">it</w>
   <w nite:id="ES2002c.C.words825" starttime="1694.2" endtime="1694.55">could</w>
   <w nite:id="ES2002c.C.words826" starttime="1694.55" endtime="1694.77">fold</w>
   <w nite:id="ES2002c.C.words827" starttime="1694.77" endtime="1694.89">up</w>
   <w nite:id="ES2002c.C.words828" starttime="1694.89" endtime="1695.03">and</w>
   <w nite:id="ES2002c.C.words829" starttime="1695.03" endtime="1695.09">you</w>
   <w nite:id="ES2002c.C.words830" starttime="1695.09" endtime="1695.19">get</w>
   <w nite:id="ES2002c.C.words831" starttime="1695.19" endtime="1695.25">a</w>
   <w nite:id="ES2002c.C.words832" starttime="1695.25" endtime="1695.46">third</w>
   <w nite:id="ES2002c.C.words833" starttime="1695.46" endtime="1695.62">group</w>
   <w nite:id="ES2002c.C.words834" starttime="1695.62" endtime="1696.38">inside</w>
   <w nite:id="ES2002c.C.words835" starttime="1696.38" endtime="1697.06">or</w>
   <w nite:id="ES2002c.C.words836" starttime="1697.06" endtime="1697.95">uh</w>
   <w nite:id="ES2002c.C.words837" starttime="1697.95" endtime="1698.12">you</w>
   <w nite:id="ES2002c.C.words838" starttime="1698.12" endtime="1698.81">have</w>
   <w nite:id="ES2002c.C.words839" starttime="1698.81" endtime="1699.08">volume</w>
   <w nite:id="ES2002c.C.words840" starttime="1699.08" endtime="1699.41">controls</w>
   <w nite:id="ES2002c.C.words841" starttime="1699.41" endtime="1699.6">about</w>
   <w nite:id="ES2002c.C.words842" starttime="1699.6" endtime="1700.35">there</w>
   <w nite:id="ES2002c.C.words843" starttime="1700.35" endtime="1700.35" punc="true">.</w>
   <w nite:id="ES2002c.C.words844" starttime="1722.72" endtime="1722.91">So</w>
   <w nite:id="ES2002c.C.words845" starttime="1722.91" endtime="1723.04">I</w>
   <w nite:id="ES2002c.C.words846" starttime="1723.04" endtime="1723.35">reckon</w>
   <w nite:id="ES2002c.C.words847" starttime="1723.35" endtime="1723.82">it&#39;d</w>
   <w nite:id="ES2002c.C.words848" starttime="1723.82" endtime="1723.99">look</w>
   <w nite:id="ES2002c.C.words849" starttime="1723.99" endtime="1724.19">quite</w>
   <w nite:id="ES2002c.C.words850" starttime="1724.19" endtime="1724.32">nice</w>
   <w nite:id="ES2002c.C.words851" starttime="1724.32" endtime="1724.44">if</w>
   <w nite:id="ES2002c.C.words852" starttime="1724.44" endtime="1724.5">we</w>
   <w nite:id="ES2002c.C.words853" starttime="1724.5" endtime="1724.68">just</w>
   <w nite:id="ES2002c.C.words854" starttime="1724.68" endtime="1724.78">had</w>
   <w nite:id="ES2002c.C.words855" starttime="1724.78" endtime="1724.89">um</w>
   <w nite:id="ES2002c.C.words856" starttime="1724.89" endtime="1725.31">this</w>
   <gap nite:id="ES2002c.C.words857" starttime="1725.31" endtime="1725.31"/>
   <w nite:id="ES2002c.C.words858" starttime="1725.31" endtime="1725.43">here</w>
   <w nite:id="ES2002c.C.words859" starttime="1725.43" endtime="1725.43" punc="true">,</w>
   <w nite:id="ES2002c.C.words860" starttime="1725.43" endtime="1725.83">had</w>
   <w nite:id="ES2002c.C.words861" starttime="1725.83" endtime="1726.03">a</w>
   <w nite:id="ES2002c.C.words862" starttime="1726.03" endtime="1726.21">sorta</w>
   <w nite:id="ES2002c.C.words863" starttime="1726.21" endtime="1726.59">background</w>
   <w nite:id="ES2002c.C.words864" starttime="1726.59" endtime="1727.37">yellow</w>
   <w nite:id="ES2002c.C.words865" starttime="1727.37" endtime="1727.37" punc="true">,</w>
   <w nite:id="ES2002c.C.words866" starttime="1727.37" endtime="1727.58">and</w>
   <w nite:id="ES2002c.C.words867" starttime="1727.58" endtime="1727.72">then</w>
   <w nite:id="ES2002c.C.words868" starttime="1727.72" endtime="1728.0">have</w>
   <w nite:id="ES2002c.C.words869" starttime="1728.0" endtime="1728.13">sort</w>
   <w nite:id="ES2002c.C.words870" starttime="1728.13" endtime="1728.37">of</w>
   <w nite:id="ES2002c.C.words871" starttime="1728.37" endtime="1728.41">a</w>
   <w nite:id="ES2002c.C.words872" starttime="1728.41" endtime="1728.6">nice</w>
   <w nite:id="ES2002c.C.words873" starttime="1728.6" endtime="1728.9">bold</w>
   <w nite:id="ES2002c.C.words874" starttime="1728.9" endtime="1729.16">colour</w>
   <w nite:id="ES2002c.C.words875" starttime="1729.16" endtime="1729.32">for</w>
   <w nite:id="ES2002c.C.words876" starttime="1729.32" endtime="1729.4">the</w>
   <w nite:id="ES2002c.C.words877" starttime="1729.4" endtime="1729.8">buttons</w>
   <w nite:id="ES2002c.C.words878" starttime="1729.8" endtime="1729.8" punc="true">.</w>
   <w nite:id="ES2002c.C.words879" starttime="1747.44" endtime="1747.5">I</w>
   <w nite:id="ES2002c.C.words880" starttime="1747.5" endtime="1747.66">think</w>
   <w nite:id="ES2002c.C.words881" starttime="1747.66" endtime="1747.75">that</w>
   <w nite:id="ES2002c.C.words882" starttime="1747.75" endtime="1747.88">might</w>
   <w nite:id="ES2002c.C.words883" starttime="1747.88" endtime="1748.23">scare</w>
   <w nite:id="ES2002c.C.words884" starttime="1748.23" endtime="1748.41">me</w>
   <w nite:id="ES2002c.C.words885" starttime="1748.41" endtime="1748.41" punc="true">.</w>
   <w nite:id="ES2002c.C.words886" starttime="1755.47" endtime="1755.51">I</w>
   <w nite:id="ES2002c.C.words887" starttime="1755.51" endtime="1755.64">think</w>
   <w nite:id="ES2002c.C.words888" starttime="1755.64" endtime="1755.79">that&#39;d</w>
   <w nite:id="ES2002c.C.words889" starttime="1755.79" endtime="1756.03">probably</w>
   <w nite:id="ES2002c.C.words890" starttime="1756.03" endtime="1756.33">scare</w>
   <w nite:id="ES2002c.C.words891" starttime="1756.33" endtime="1756.46">me</w>
   <w nite:id="ES2002c.C.words892" starttime="1756.46" endtime="1756.46" punc="true">.</w>
   <w nite:id="ES2002c.C.words893" starttime="1756.46" endtime="1756.52">You</w>
   <w nite:id="ES2002c.C.words894" starttime="1756.52" endtime="1756.69">turn</w>
   <w nite:id="ES2002c.C.words895" starttime="1756.69" endtime="1756.75">it</w>
   <w nite:id="ES2002c.C.words896" starttime="1756.75" endtime="1756.87">on</w>
   <w nite:id="ES2002c.C.words897" starttime="1756.87" endtime="1757.12">your</w>
   <w nite:id="ES2002c.C.words898" starttime="1757.12" endtime="1757.42">control</w>
   <w nite:id="ES2002c.C.words899" starttime="1757.42" endtime="1758.12">possessed</w>
   <w nite:id="ES2002c.C.words900" starttime="1758.12" endtime="1758.83" trunc="true">s</w>
   <vocalsound nite:id="ES2002c.C.words901" starttime="1758.83" endtime="1758.83" type="laugh"/>
   <w nite:id="ES2002c.C.words902" starttime="1758.83" endtime="1758.83" punc="true">.</w>
   <w nite:id="ES2002c.C.words903" starttime="1772.8" endtime="1773.31">Um</w>
   <disfmarker nite:id="ES2002c.C.words904" starttime="1773.31" endtime="1773.344"/>
   <w nite:id="ES2002c.C.words905" starttime="1836.16" endtime="1836.65">Nah</w>
   <w nite:id="ES2002c.C.words906" starttime="1836.65" endtime="1836.65" punc="true">.</w>
   <vocalsound nite:id="ES2002c.C.words907" starttime="1845.408" endtime="1847.415" type="laugh"/>
   <w nite:id="ES2002c.C.words908" starttime="1864.41" endtime="1865.89">Um</w>
   <vocalsound nite:id="ES2002c.C.words909" starttime="1865.89" endtime="1865.89" type="other"/>
   <w nite:id="ES2002c.C.words910" starttime="1865.89" endtime="1866.03">well</w>
   <w nite:id="ES2002c.C.words911" starttime="1866.03" endtime="1866.06">I</w>
   <w nite:id="ES2002c.C.words912" starttime="1866.06" endtime="1866.25">think</w>
   <w nite:id="ES2002c.C.words913" starttime="1866.25" endtime="1866.31">the</w>
   <w nite:id="ES2002c.C.words914" starttime="1866.31" endtime="1866.71">advanced</w>
   <w nite:id="ES2002c.C.words915" starttime="1866.71" endtime="1867.05">ones</w>
   <w nite:id="ES2002c.C.words916" starttime="1867.05" endtime="1867.31">the</w>
   <w nite:id="ES2002c.C.words917" starttime="1867.31" endtime="1867.39">the</w>
   <w nite:id="ES2002c.C.words918" starttime="1867.39" endtime="1867.54">ones</w>
   <w nite:id="ES2002c.C.words919" starttime="1867.54" endtime="1867.62">you</w>
   <w nite:id="ES2002c.C.words920" starttime="1867.62" endtime="1867.77">don&#39;t</w>
   <w nite:id="ES2002c.C.words921" starttime="1867.77" endtime="1868.01">usually</w>
   <w nite:id="ES2002c.C.words922" starttime="1868.01" endtime="1868.2">use</w>
   <w nite:id="ES2002c.C.words923" starttime="1868.2" endtime="1868.32">could</w>
   <w nite:id="ES2002c.C.words924" starttime="1868.32" endtime="1868.39">be</w>
   <w nite:id="ES2002c.C.words925" starttime="1868.39" endtime="1868.5">hid</w>
   <w nite:id="ES2002c.C.words926" starttime="1868.5" endtime="1869.52">inside</w>
   <w nite:id="ES2002c.C.words927" starttime="1869.52" endtime="1869.52" punc="true">.</w>
   <w nite:id="ES2002c.C.words928" starttime="1869.52" endtime="1869.72" trunc="true">B</w>
   <w nite:id="ES2002c.C.words929" starttime="1869.72" endtime="1870.58">um</w>
   <w nite:id="ES2002c.C.words930" starttime="1870.58" endtime="1870.61">I</w>
   <w nite:id="ES2002c.C.words931" starttime="1870.61" endtime="1870.83">think</w>
   <w nite:id="ES2002c.C.words932" starttime="1870.83" endtime="1871.38">the</w>
   <gap nite:id="ES2002c.C.words933" starttime="1871.38" endtime="1871.38"/>
   <w nite:id="ES2002c.C.words934" starttime="1871.38" endtime="1871.49">we</w>
   <w nite:id="ES2002c.C.words935" starttime="1871.49" endtime="1871.73">had</w>
   <w nite:id="ES2002c.C.words936" starttime="1871.73" endtime="1871.88">were</w>
   <w nite:id="ES2002c.C.words937" starttime="1871.88" endtime="1872.1">fairly</w>
   <w nite:id="ES2002c.C.words938" starttime="1872.1" endtime="1872.36">basic</w>
   <w nite:id="ES2002c.C.words939" starttime="1872.36" endtime="1872.56">ones</w>
   <w nite:id="ES2002c.C.words940" starttime="1872.56" endtime="1872.56" punc="true">,</w>
   <w nite:id="ES2002c.C.words941" starttime="1872.56" endtime="1872.67">they&#39;d</w>
   <w nite:id="ES2002c.C.words942" starttime="1872.67" endtime="1872.82">have</w>
   <w nite:id="ES2002c.C.words943" starttime="1872.82" endtime="1872.89">to</w>
   <w nite:id="ES2002c.C.words944" starttime="1872.89" endtime="1873.04">go</w>
   <w nite:id="ES2002c.C.words945" starttime="1873.04" endtime="1873.21">on</w>
   <w nite:id="ES2002c.C.words946" starttime="1873.21" endtime="1873.43">the</w>
   <w nite:id="ES2002c.C.words947" starttime="1873.43" endtime="1873.52">the</w>
   <w nite:id="ES2002c.C.words948" starttime="1873.52" endtime="1873.75">front</w>
   <w nite:id="ES2002c.C.words949" starttime="1873.75" endtime="1874.06">somewhere</w>
   <w nite:id="ES2002c.C.words950" starttime="1874.06" endtime="1874.06" punc="true">.</w>
   <w nite:id="ES2002c.C.words951" starttime="1887.93" endtime="1888.41">Um</w>
   <disfmarker nite:id="ES2002c.C.words952" starttime="1888.41" endtime="1888.448"/>
   <w nite:id="ES2002c.C.words953" starttime="2005.16" endtime="2005.46">Yeah</w>
   <w nite:id="ES2002c.C.words954" starttime="2005.46" endtime="2005.57">I</w>
   <w nite:id="ES2002c.C.words955" starttime="2005.57" endtime="2005.73">think</w>
   <w nite:id="ES2002c.C.words956" starttime="2005.73" endtime="2005.84">so</w>
   <w nite:id="ES2002c.C.words957" starttime="2005.84" endtime="2006.06">yeah</w>
   <w nite:id="ES2002c.C.words958" starttime="2006.06" endtime="2006.06" punc="true">.</w>
   <vocalsound nite:id="ES2002c.C.words959" starttime="2053.84" endtime="2056.419" type="laugh"/>
   <w nite:id="ES2002c.C.words960" starttime="2113.73" endtime="2114.01">Mm</w>
   <w nite:id="ES2002c.C.words961" starttime="2114.01" endtime="2114.01" punc="true">.</w>
   <w nite:id="ES2002c.C.words962" starttime="2150.47" endtime="2150.82">Well</w>
   <w nite:id="ES2002c.C.words963" starttime="2150.82" endtime="2150.82" punc="true">,</w>
   <w nite:id="ES2002c.C.words964" starttime="2150.82" endtime="2151.81">but</w>
   <w nite:id="ES2002c.C.words965" starttime="2151.81" endtime="2152.18">then</w>
   <w nite:id="ES2002c.C.words966" starttime="2152.18" endtime="2152.38">for</w>
   <w nite:id="ES2002c.C.words967" starttime="2152.38" endtime="2152.58">um</w>
   <w nite:id="ES2002c.C.words968" starttime="2152.58" endtime="2152.69">for</w>
   <w nite:id="ES2002c.C.words969" starttime="2152.69" endtime="2152.95">skipping</w>
   <w nite:id="ES2002c.C.words970" starttime="2152.95" endtime="2152.98">a</w>
   <w nite:id="ES2002c.C.words971" starttime="2152.98" endtime="2153.15">large</w>
   <w nite:id="ES2002c.C.words972" starttime="2153.15" endtime="2153.3">amount</w>
   <w nite:id="ES2002c.C.words973" starttime="2153.3" endtime="2153.36">of</w>
   <w nite:id="ES2002c.C.words974" starttime="2153.36" endtime="2153.6">channels</w>
   <w nite:id="ES2002c.C.words975" starttime="2153.6" endtime="2153.79">you</w>
   <w nite:id="ES2002c.C.words976" starttime="2153.79" endtime="2153.9">do</w>
   <w nite:id="ES2002c.C.words977" starttime="2153.9" endtime="2154.07">have</w>
   <w nite:id="ES2002c.C.words978" starttime="2154.07" endtime="2154.39">to</w>
   <w nite:id="ES2002c.C.words979" starttime="2154.39" endtime="2154.42">uh</w>
   <w nite:id="ES2002c.C.words980" starttime="2154.42" endtime="2154.52">to</w>
   <w nite:id="ES2002c.C.words981" starttime="2154.52" endtime="2154.72">skip</w>
   <w nite:id="ES2002c.C.words982" starttime="2154.72" endtime="2154.79">the</w>
   <w nite:id="ES2002c.C.words983" starttime="2154.79" endtime="2155.03">channel</w>
   <w nite:id="ES2002c.C.words984" starttime="2155.03" endtime="2155.31">button</w>
   <w nite:id="ES2002c.C.words985" starttime="2155.31" endtime="2155.31" punc="true">,</w>
   <w nite:id="ES2002c.C.words986" starttime="2155.31" endtime="2155.78">the</w>
   <w nite:id="ES2002c.C.words987" starttime="2155.78" endtime="2155.94">number</w>
   <w nite:id="ES2002c.C.words988" starttime="2155.94" endtime="2156.13">part</w>
   <w nite:id="ES2002c.C.words989" starttime="2156.13" endtime="2156.13" punc="true">.</w>
   <w nite:id="ES2002c.C.words990" starttime="2160.69" endtime="2160.81">Uh</w>
   <w nite:id="ES2002c.C.words991" starttime="2160.81" endtime="2161.14">but</w>
   <disfmarker nite:id="ES2002c.C.words992" starttime="2161.14" endtime="2161.583"/>
   <w nite:id="ES2002c.C.words993" starttime="2167.99" endtime="2168.35">Yeah</w>
   <w nite:id="ES2002c.C.words994" starttime="2168.35" endtime="2168.35" punc="true">.</w>
   <w nite:id="ES2002c.C.words995" starttime="2243.1" endtime="2243.52">Mm</w>
   <w nite:id="ES2002c.C.words996" starttime="2243.52" endtime="2243.52" punc="true">.</w>
   <vocalsound nite:id="ES2002c.C.words997" starttime="2246.775" endtime="2250.589" type="laugh"/>
   <vocalsound nite:id="ES2002c.C.words998" starttime="2295.96" endtime="2296.679" type="other"/>
   <vocalsound nite:id="ES2002c.C.words999" starttime="2323.603" endtime="2324.853" type="laugh"/>
</nite:root>