<?xml version="1.0" encoding="ISO-8859-1" standalone="yes"?>
<nite:root nite:id="Bmr002.A.segs" xmlns:nite="http://nite.sourceforge.net/">
   <segment nite:id="Bmr002.segment.10" starttime="11.186" endtime="13.423" participant="me022" timing-provenance="segment">
      <nite:child href="Bmr002.A.words.xml#id(Bmr002.vocalsound.4)"/>
   </segment>
   <segment nite:id="Bmr002.segment.20" starttime="20.466" endtime="20.926" participant="me022" timing-provenance="dialogueact">
      <nite:child href="Bmr002.A.words.xml#id(Bmr002.w.75)..id(Bmr002.w.77)"/>
   </segment>
   <segment nite:id="Bmr002.segment.30" starttime="37.632" endtime="38.282" participant="me022" timing-provenance="dialogueact">
      <nite:child href="Bmr002.A.words.xml#id(Bmr002.w.143)..id(Bmr002.w.146)"/>
   </segment>
   <segment nite:id="Bmr002.segment.32" starttime="40.361" endtime="40.631" participant="me022" timing-provenance="dialogueact">
      <nite:child href="Bmr002.A.words.xml#id(Bmr002.w.158)..id(Bmr002.w.159)"/>
   </segment>
   <segment nite:id="Bmr002.segment.44" starttime="48.861" endtime="52.651" participant="me022" timing-provenance="segment">
      <nite:child href="Bmr002.A.words.xml#id(Bmr002.vocalsound.10)"/>
   </segment>
   <segment nite:id="Bmr002.segment.75" starttime="76.207" endtime="77.147" participant="me022" timing-provenance="dialogueact">
      <nite:child href="Bmr002.A.words.xml#id(Bmr002.w.372)..id(Bmr002.w.375)"/>
   </segment>
   <segment nite:id="Bmr002.segment.79" starttime="80.34" endtime="80.709" participant="me022" timing-provenance="segment">
      <nite:child href="Bmr002.A.words.xml#id(Bmr002.w.406)..id(Bmr002.disfmarker.10)"/>
   </segment>
   <segment nite:id="Bmr002.segment.80" starttime="80.7" endtime="81.77" participant="me022" timing-provenance="dialogueact">
      <nite:child href="Bmr002.A.words.xml#id(Bmr002.w.407)..id(Bmr002.w.415)"/>
   </segment>
   <segment nite:id="Bmr002.segment.97" starttime="100.043" endtime="101.242" participant="me022" timing-provenance="segment">
      <nite:child href="Bmr002.A.words.xml#id(Bmr002.w.506)..id(Bmr002.disfmarker.12)"/>
   </segment>
   <segment nite:id="Bmr002.segment.99" starttime="102.038" endtime="103.988" participant="me022" timing-provenance="dialogueact">
      <nite:child href="Bmr002.A.words.xml#id(Bmr002.w.513)..id(Bmr002.w.520)"/>
   </segment>
   <segment nite:id="Bmr002.segment.101" starttime="106.787" endtime="107.857" participant="me022" timing-provenance="dialogueact">
      <nite:child href="Bmr002.A.words.xml#id(Bmr002.w.529)..id(Bmr002.w.531)"/>
   </segment>
   <segment nite:id="Bmr002.segment.116" starttime="126.6" endtime="127.7" participant="me022" timing-provenance="dialogueact">
      <nite:child href="Bmr002.A.words.xml#id(Bmr002.w.601)..id(Bmr002.w.604)"/>
   </segment>
   <segment nite:id="Bmr002.segment.123" starttime="135.969" endtime="136.199" participant="me022" timing-provenance="dialogueact">
      <nite:child href="Bmr002.A.words.xml#id(Bmr002.w.632)..id(Bmr002.w.633)"/>
   </segment>
   <segment nite:id="Bmr002.segment.134" starttime="148.291" endtime="148.481" participant="me022" timing-provenance="dialogueact">
      <nite:child href="Bmr002.A.words.xml#id(Bmr002.w.687)..id(Bmr002.w.688)"/>
   </segment>
   <segment nite:id="Bmr002.segment.145" starttime="163.806" endtime="164.066" participant="me022" timing-provenance="dialogueact">
      <nite:child href="Bmr002.A.words.xml#id(Bmr002.w.739)..id(Bmr002.w.740)"/>
   </segment>
   <segment nite:id="Bmr002.segment.147" starttime="164.584" endtime="165.654" participant="me022" timing-provenance="dialogueact">
      <nite:child href="Bmr002.A.words.xml#id(Bmr002.w.747)..id(Bmr002.w.751)"/>
   </segment>
   <segment nite:id="Bmr002.segment.148" starttime="165.91" endtime="169.306" participant="me022" timing-provenance="segment">
      <nite:child href="Bmr002.A.words.xml#id(Bmr002.nonvocalsound.7)"/>
   </segment>
   <segment nite:id="Bmr002.segment.151" starttime="171.283" endtime="172.313" participant="me022" timing-provenance="dialogueact">
      <nite:child href="Bmr002.A.words.xml#id(Bmr002.w.756)..id(Bmr002.w.761)"/>
   </segment>
   <segment nite:id="Bmr002.segment.153" starttime="173.739" endtime="174.111" participant="me022" timing-provenance="segment">
      <nite:child href="Bmr002.A.words.xml#id(Bmr002.w.770)..id(Bmr002.disfmarker.16)"/>
   </segment>
   <segment nite:id="Bmr002.segment.167" starttime="188.4" endtime="188.778" participant="me022" timing-provenance="segment">
      <nite:child href="Bmr002.A.words.xml#id(Bmr002.w.842)..id(Bmr002.comment.25)"/>
   </segment>
   <segment nite:id="Bmr002.segment.170" starttime="190.196" endtime="190.426" participant="me022" timing-provenance="dialogueact">
      <nite:child href="Bmr002.A.words.xml#id(Bmr002.w.860)..id(Bmr002.w.862)"/>
   </segment>
   <segment nite:id="Bmr002.segment.182" starttime="202.345" endtime="202.555" participant="me022" timing-provenance="dialogueact">
      <nite:child href="Bmr002.A.words.xml#id(Bmr002.w.901)..id(Bmr002.w.902)"/>
   </segment>
   <segment nite:id="Bmr002.segment.193" starttime="217.574" endtime="218.034" participant="me022" timing-provenance="dialogueact">
      <nite:child href="Bmr002.A.words.xml#id(Bmr002.w.987)..id(Bmr002.w.990)"/>
   </segment>
   <segment nite:id="Bmr002.segment.197" starttime="223.26" endtime="224.691" participant="me022" timing-provenance="segment">
      <nite:child href="Bmr002.A.words.xml#id(Bmr002.w.1,027)..id(Bmr002.disfmarker.20)"/>
   </segment>
   <segment nite:id="Bmr002.segment.200" starttime="227.857" endtime="228.157" participant="me022" timing-provenance="dialogueact">
      <nite:child href="Bmr002.A.words.xml#id(Bmr002.w.1,050)..id(Bmr002.w.1,051)"/>
   </segment>
   <segment nite:id="Bmr002.segment.201" starttime="228.367" endtime="228.577" participant="me022" timing-provenance="dialogueact">
      <nite:child href="Bmr002.A.words.xml#id(Bmr002.w.1,052)..id(Bmr002.w.1,053)"/>
   </segment>
   <segment nite:id="Bmr002.segment.203" starttime="229.155" endtime="229.975" participant="me022" timing-provenance="dialogueact">
      <nite:child href="Bmr002.A.words.xml#id(Bmr002.w.1,056)..id(Bmr002.w.1,061)"/>
   </segment>
   <segment nite:id="Bmr002.segment.207" starttime="231.145" endtime="231.815" participant="me022" timing-provenance="dialogueact">
      <nite:child href="Bmr002.A.words.xml#id(Bmr002.w.1,072)..id(Bmr002.w.1,076)"/>
   </segment>
   <segment nite:id="Bmr002.segment.211" starttime="236.024" endtime="236.174" participant="me022" timing-provenance="dialogueact">
      <nite:child href="Bmr002.A.words.xml#id(Bmr002.w.1,083)..id(Bmr002.w.1,084)"/>
   </segment>
   <segment nite:id="Bmr002.segment.217" starttime="240.082" endtime="240.332" participant="me022" timing-provenance="dialogueact">
      <nite:child href="Bmr002.A.words.xml#id(Bmr002.w.1,097)..id(Bmr002.w.1,098)"/>
   </segment>
   <segment nite:id="Bmr002.segment.218" starttime="240.452" endtime="241.002" participant="me022" timing-provenance="dialogueact">
      <nite:child href="Bmr002.A.words.xml#id(Bmr002.w.1,099)..id(Bmr002.w.1,101)"/>
   </segment>
   <segment nite:id="Bmr002.segment.219" starttime="241.18" endtime="241.837" participant="me022" timing-provenance="segment">
      <nite:child href="Bmr002.A.words.xml#id(Bmr002.w.1,102)..id(Bmr002.disfmarker.21)"/>
   </segment>
   <segment nite:id="Bmr002.segment.224" starttime="242.777" endtime="243.207" participant="me022" timing-provenance="dialogueact">
      <nite:child href="Bmr002.A.words.xml#id(Bmr002.w.1,119)..id(Bmr002.w.1,121)"/>
   </segment>
   <segment nite:id="Bmr002.segment.258" starttime="302.416" endtime="303.446" participant="me022" timing-provenance="dialogueact">
      <nite:child href="Bmr002.A.words.xml#id(Bmr002.w.1,252)..id(Bmr002.w.1,260)"/>
   </segment>
   <segment nite:id="Bmr002.segment.263" starttime="305.084" endtime="305.334" participant="me022" timing-provenance="dialogueact">
      <nite:child href="Bmr002.A.words.xml#id(Bmr002.w.1,289)"/>
   </segment>
   <segment nite:id="Bmr002.segment.264" starttime="306.327" endtime="306.467" participant="me022" timing-provenance="dialogueact">
      <nite:child href="Bmr002.A.words.xml#id(Bmr002.w.1,290)..id(Bmr002.w.1,291)"/>
   </segment>
   <segment nite:id="Bmr002.segment.265" starttime="307.334" endtime="308.924" participant="me022" timing-provenance="dialogueact">
      <nite:child href="Bmr002.A.words.xml#id(Bmr002.w.1,292)..id(Bmr002.w.1,297)"/>
   </segment>
   <segment nite:id="Bmr002.segment.266" starttime="308.961" endtime="309.394" participant="me022" timing-provenance="segment">
      <nite:child href="Bmr002.A.words.xml#id(Bmr002.vocalsound.26)"/>
   </segment>
   <segment nite:id="Bmr002.segment.267" starttime="309.434" endtime="310.084" participant="me022" timing-provenance="dialogueact">
      <nite:child href="Bmr002.A.words.xml#id(Bmr002.w.1,298)..id(Bmr002.w.1,300)"/>
   </segment>
   <segment nite:id="Bmr002.segment.268" starttime="310.224" endtime="311.794" participant="me022" timing-provenance="dialogueact">
      <nite:child href="Bmr002.A.words.xml#id(Bmr002.w.1,301)..id(Bmr002.w.1,307)"/>
   </segment>
   <segment nite:id="Bmr002.segment.269" starttime="312.763" endtime="313.273" participant="me022" timing-provenance="dialogueact">
      <nite:child href="Bmr002.A.words.xml#id(Bmr002.w.1,308)..id(Bmr002.w.1,309)"/>
   </segment>
   <segment nite:id="Bmr002.segment.270" starttime="313.612" endtime="316.399" participant="me022" digittask="true" timing-provenance="segment">
      <nite:child href="Bmr002.A.words.xml#id(Bmr002.w.1,310)..id(Bmr002.comment.53)"/>
   </segment>
   <segment nite:id="Bmr002.segment.271" starttime="317.725" endtime="318.348" participant="me022" digittask="true" timing-provenance="segment">
      <nite:child href="Bmr002.A.words.xml#id(Bmr002.w.1,320)..id(Bmr002.comment.54)"/>
   </segment>
   <segment nite:id="Bmr002.segment.272" starttime="319.593" endtime="321.119" participant="me022" digittask="true" timing-provenance="segment">
      <nite:child href="Bmr002.A.words.xml#id(Bmr002.w.1,321)..id(Bmr002.comment.55)"/>
   </segment>
   <segment nite:id="Bmr002.segment.273" starttime="321.832" endtime="323.484" participant="me022" digittask="true" timing-provenance="segment">
      <nite:child href="Bmr002.A.words.xml#id(Bmr002.w.1,326)..id(Bmr002.comment.56)"/>
   </segment>
   <segment nite:id="Bmr002.segment.274" starttime="324.458" endtime="326.044" participant="me022" digittask="true" timing-provenance="segment">
      <nite:child href="Bmr002.A.words.xml#id(Bmr002.w.1,330)..id(Bmr002.comment.57)"/>
   </segment>
   <segment nite:id="Bmr002.segment.275" starttime="326.431" endtime="326.998" participant="me022" digittask="true" timing-provenance="segment">
      <nite:child href="Bmr002.A.words.xml#id(Bmr002.w.1,335)..id(Bmr002.comment.58)"/>
   </segment>
   <segment nite:id="Bmr002.segment.276" starttime="327.678" endtime="328.458" participant="me022" digittask="true" timing-provenance="segment">
      <nite:child href="Bmr002.A.words.xml#id(Bmr002.w.1,336)..id(Bmr002.comment.59)"/>
   </segment>
   <segment nite:id="Bmr002.segment.277" starttime="328.811" endtime="329.394" participant="me022" digittask="true" timing-provenance="segment">
      <nite:child href="Bmr002.A.words.xml#id(Bmr002.w.1,338)..id(Bmr002.comment.60)"/>
   </segment>
   <segment nite:id="Bmr002.segment.278" starttime="330.133" endtime="330.931" participant="me022" digittask="true" timing-provenance="segment">
      <nite:child href="Bmr002.A.words.xml#id(Bmr002.w.1,339)..id(Bmr002.comment.61)"/>
   </segment>
   <segment nite:id="Bmr002.segment.279" starttime="331.577" endtime="333.834" participant="me022" digittask="true" timing-provenance="segment">
      <nite:child href="Bmr002.A.words.xml#id(Bmr002.w.1,341)..id(Bmr002.comment.62)"/>
   </segment>
   <segment nite:id="Bmr002.segment.280" starttime="334.93" endtime="337.679" participant="me022" digittask="true" timing-provenance="segment">
      <nite:child href="Bmr002.A.words.xml#id(Bmr002.w.1,348)..id(Bmr002.comment.63)"/>
   </segment>
   <segment nite:id="Bmr002.segment.281" starttime="338.641" endtime="339.786" participant="me022" digittask="true" timing-provenance="segment">
      <nite:child href="Bmr002.A.words.xml#id(Bmr002.w.1,355)..id(Bmr002.comment.64)"/>
   </segment>
   <segment nite:id="Bmr002.segment.282" starttime="340.86" endtime="342.686" participant="me022" digittask="true" timing-provenance="segment">
      <nite:child href="Bmr002.A.words.xml#id(Bmr002.w.1,358)..id(Bmr002.comment.65)"/>
   </segment>
   <segment nite:id="Bmr002.segment.283" starttime="343.872" endtime="344.458" participant="me022" digittask="true" timing-provenance="segment">
      <nite:child href="Bmr002.A.words.xml#id(Bmr002.w.1,365)..id(Bmr002.comment.66)"/>
   </segment>
   <segment nite:id="Bmr002.segment.284" starttime="345.79" endtime="346.927" participant="me022" digittask="true" timing-provenance="segment">
      <nite:child href="Bmr002.A.words.xml#id(Bmr002.w.1,366)..id(Bmr002.comment.68)"/>
   </segment>
   <segment nite:id="Bmr002.segment.285" starttime="347.841" endtime="348.423" participant="me022" digittask="true" timing-provenance="segment">
      <nite:child href="Bmr002.A.words.xml#id(Bmr002.w.1,371)..id(Bmr002.comment.69)"/>
   </segment>
   <segment nite:id="Bmr002.segment.286" starttime="348.982" endtime="349.298" participant="me022" digittask="true" timing-provenance="segment">
      <nite:child href="Bmr002.A.words.xml#id(Bmr002.w.1,373)..id(Bmr002.comment.71)"/>
   </segment>
   <segment nite:id="Bmr002.segment.287" starttime="349.462" endtime="350.88" participant="me022" digittask="true" timing-provenance="segment">
      <nite:child href="Bmr002.A.words.xml#id(Bmr002.w.1,375)..id(Bmr002.comment.72)"/>
   </segment>
   <segment nite:id="Bmr002.segment.288" starttime="352.39" endtime="352.971" participant="me022" digittask="true" timing-provenance="segment">
      <nite:child href="Bmr002.A.words.xml#id(Bmr002.w.1,379)..id(Bmr002.comment.73)"/>
   </segment>
   <segment nite:id="Bmr002.segment.289" starttime="354.656" endtime="356.677" participant="me022" digittask="true" timing-provenance="segment">
      <nite:child href="Bmr002.A.words.xml#id(Bmr002.w.1,380)..id(Bmr002.comment.74)"/>
   </segment>
   <segment nite:id="Bmr002.segment.290" starttime="357.545" endtime="358.461" participant="me022" digittask="true" timing-provenance="segment">
      <nite:child href="Bmr002.A.words.xml#id(Bmr002.w.1,387)..id(Bmr002.comment.75)"/>
   </segment>
   <segment nite:id="Bmr002.segment.291" starttime="359.217" endtime="360.274" participant="me022" digittask="true" timing-provenance="segment">
      <nite:child href="Bmr002.A.words.xml#id(Bmr002.w.1,389)..id(Bmr002.comment.76)"/>
   </segment>
   <segment nite:id="Bmr002.segment.292" starttime="360.926" endtime="361.904" participant="me022" digittask="true" timing-provenance="segment">
      <nite:child href="Bmr002.A.words.xml#id(Bmr002.w.1,392)..id(Bmr002.comment.77)"/>
   </segment>
   <segment nite:id="Bmr002.segment.293" starttime="362.654" endtime="363.173" participant="me022" digittask="true" timing-provenance="segment">
      <nite:child href="Bmr002.A.words.xml#id(Bmr002.w.1,395)..id(Bmr002.comment.78)"/>
   </segment>
   <segment nite:id="Bmr002.segment.373" starttime="497.97" endtime="498.16" participant="me022" timing-provenance="dialogueact">
      <nite:child href="Bmr002.A.words.xml#id(Bmr002.w.1,718)..id(Bmr002.w.1,719)"/>
   </segment>
   <segment nite:id="Bmr002.segment.377" starttime="501.158" endtime="502.303" participant="me022" timing-provenance="segment">
      <nite:child href="Bmr002.A.words.xml#id(Bmr002.vocalsound.29)"/>
   </segment>
   <segment nite:id="Bmr002.segment.378" starttime="502.403" endtime="502.643" participant="me022" timing-provenance="dialogueact">
      <nite:child href="Bmr002.A.words.xml#id(Bmr002.w.1,732)..id(Bmr002.w.1,733)"/>
   </segment>
   <segment nite:id="Bmr002.segment.379" starttime="502.712" endtime="503.195" participant="me022" timing-provenance="segment">
      <nite:child href="Bmr002.A.words.xml#id(Bmr002.vocalsound.30)"/>
   </segment>
   <segment nite:id="Bmr002.segment.390" starttime="511.659" endtime="511.909" participant="me022" timing-provenance="dialogueact">
      <nite:child href="Bmr002.A.words.xml#id(Bmr002.w.1,773)..id(Bmr002.w.1,774)"/>
   </segment>
   <segment nite:id="Bmr002.segment.393" starttime="512.877" endtime="513.477" participant="me022" timing-provenance="dialogueact">
      <nite:child href="Bmr002.A.words.xml#id(Bmr002.w.1,787)..id(Bmr002.w.1,792)"/>
   </segment>
   <segment nite:id="Bmr002.segment.437" starttime="569.571" endtime="571.071" participant="me022" timing-provenance="dialogueact">
      <nite:child href="Bmr002.A.words.xml#id(Bmr002.w.2,052)..id(Bmr002.w.2,060)"/>
   </segment>
   <segment nite:id="Bmr002.segment.438" starttime="571.675" endtime="573.315" participant="me022" timing-provenance="dialogueact">
      <nite:child href="Bmr002.A.words.xml#id(Bmr002.w.2,061)..id(Bmr002.w.2,068)"/>
   </segment>
   <segment nite:id="Bmr002.segment.439" starttime="573.441" endtime="573.872" participant="me022" timing-provenance="segment">
      <nite:child href="Bmr002.A.words.xml#id(Bmr002.w.2,069)..id(Bmr002.disfmarker.38)"/>
   </segment>
   <segment nite:id="Bmr002.segment.444" starttime="579.14" endtime="579.79" participant="me022" timing-provenance="dialogueact">
      <nite:child href="Bmr002.A.words.xml#id(Bmr002.w.2,092)..id(Bmr002.w.2,095)"/>
   </segment>
   <segment nite:id="Bmr002.segment.454" starttime="589.191" endtime="589.381" participant="me022" timing-provenance="dialogueact">
      <nite:child href="Bmr002.A.words.xml#id(Bmr002.w.2,146)..id(Bmr002.w.2,147)"/>
   </segment>
   <segment nite:id="Bmr002.segment.456" starttime="589.895" endtime="590.425" participant="me022" timing-provenance="dialogueact">
      <nite:child href="Bmr002.A.words.xml#id(Bmr002.w.2,149)..id(Bmr002.w.2,154)"/>
   </segment>
   <segment nite:id="Bmr002.segment.458" starttime="590.425" endtime="591.185" participant="me022" timing-provenance="dialogueact">
      <nite:child href="Bmr002.A.words.xml#id(Bmr002.w.2,159)..id(Bmr002.w.2,164)"/>
   </segment>
   <segment nite:id="Bmr002.segment.461" starttime="594.558" endtime="594.688" participant="me022" timing-provenance="dialogueact">
      <nite:child href="Bmr002.A.words.xml#id(Bmr002.w.2,181)..id(Bmr002.w.2,182)"/>
   </segment>
   <segment nite:id="Bmr002.segment.463" starttime="595.155" endtime="595.275" participant="me022" timing-provenance="dialogueact">
      <nite:child href="Bmr002.A.words.xml#id(Bmr002.w.2,185)"/>
   </segment>
   <segment nite:id="Bmr002.segment.464" starttime="595.494" endtime="595.654" participant="me022" timing-provenance="dialogueact">
      <nite:child href="Bmr002.A.words.xml#id(Bmr002.w.2,186)..id(Bmr002.w.2,187)"/>
   </segment>
   <segment nite:id="Bmr002.segment.466" starttime="596.049" endtime="596.269" participant="me022" timing-provenance="dialogueact">
      <nite:child href="Bmr002.A.words.xml#id(Bmr002.w.2,198)..id(Bmr002.w.2,199)"/>
   </segment>
   <segment nite:id="Bmr002.segment.469" starttime="600.636" endtime="600.786" participant="me022" timing-provenance="dialogueact">
      <nite:child href="Bmr002.A.words.xml#id(Bmr002.w.2,212)..id(Bmr002.w.2,213)"/>
   </segment>
   <segment nite:id="Bmr002.segment.472" starttime="601.133" endtime="601.503" participant="me022" timing-provenance="dialogueact">
      <nite:child href="Bmr002.A.words.xml#id(Bmr002.w.2,223)..id(Bmr002.w.2,224)"/>
   </segment>
   <segment nite:id="Bmr002.segment.490" starttime="620.002" endtime="620.262" participant="me022" timing-provenance="dialogueact">
      <nite:child href="Bmr002.A.words.xml#id(Bmr002.w.2,313)..id(Bmr002.w.2,314)"/>
   </segment>
   <segment nite:id="Bmr002.segment.491" starttime="620.262" endtime="620.862" participant="me022" timing-provenance="dialogueact">
      <nite:child href="Bmr002.A.words.xml#id(Bmr002.w.2,315)..id(Bmr002.w.2,318)"/>
   </segment>
   <segment nite:id="Bmr002.segment.492" starttime="620.862" endtime="622.422" participant="me022" timing-provenance="dialogueact">
      <nite:child href="Bmr002.A.words.xml#id(Bmr002.w.2,319)..id(Bmr002.w.2,324)"/>
   </segment>
   <segment nite:id="Bmr002.segment.494" starttime="622.954" endtime="623.174" participant="me022" timing-provenance="dialogueact">
      <nite:child href="Bmr002.A.words.xml#id(Bmr002.w.2,327)..id(Bmr002.w.2,328)"/>
   </segment>
   <segment nite:id="Bmr002.segment.524" starttime="654.985" endtime="655.6" participant="me022" timing-provenance="segment">
      <nite:child href="Bmr002.A.words.xml#id(Bmr002.vocalsound.41)"/>
   </segment>
   <segment nite:id="Bmr002.segment.541" starttime="664.049" endtime="665.222" participant="me022" timing-provenance="segment">
      <nite:child href="Bmr002.A.words.xml#id(Bmr002.vocalsound.52)"/>
   </segment>
   <segment nite:id="Bmr002.segment.584" starttime="707.597" endtime="707.747" participant="me022" timing-provenance="dialogueact">
      <nite:child href="Bmr002.A.words.xml#id(Bmr002.w.2,745)..id(Bmr002.w.2,746)"/>
   </segment>
   <segment nite:id="Bmr002.segment.601" starttime="725.017" endtime="725.297" participant="me022" timing-provenance="dialogueact">
      <nite:child href="Bmr002.A.words.xml#id(Bmr002.w.2,834)..id(Bmr002.w.2,835)"/>
   </segment>
   <segment nite:id="Bmr002.segment.603" starttime="726.164" endtime="726.414" participant="me022" timing-provenance="dialogueact">
      <nite:child href="Bmr002.A.words.xml#id(Bmr002.w.2,843)..id(Bmr002.w.2,844)"/>
   </segment>
   <segment nite:id="Bmr002.segment.605" starttime="726.544" endtime="726.724" participant="me022" timing-provenance="dialogueact">
      <nite:child href="Bmr002.A.words.xml#id(Bmr002.w.2,852)..id(Bmr002.w.2,853)"/>
   </segment>
   <segment nite:id="Bmr002.segment.612" starttime="732.816" endtime="734.068" participant="me022" timing-provenance="segment">
      <nite:child href="Bmr002.A.words.xml#id(Bmr002.w.2,884)..id(Bmr002.disfmarker.74)"/>
   </segment>
   <segment nite:id="Bmr002.segment.614" starttime="734.842" endtime="734.942" participant="me022" timing-provenance="dialogueact">
      <nite:child href="Bmr002.A.words.xml#id(Bmr002.w.2,901)..id(Bmr002.w.2,902)"/>
   </segment>
   <segment nite:id="Bmr002.segment.629" starttime="749.114" endtime="750.274" participant="me022" timing-provenance="dialogueact">
      <nite:child href="Bmr002.A.words.xml#id(Bmr002.w.2,990)..id(Bmr002.w.3,000)"/>
   </segment>
   <segment nite:id="Bmr002.segment.630" starttime="750.272" endtime="753.502" participant="me022" timing-provenance="segment">
      <nite:child href="Bmr002.A.words.xml#id(Bmr002.w.3,001)..id(Bmr002.disfmarker.78)"/>
   </segment>
   <segment nite:id="Bmr002.segment.650" starttime="772.947" endtime="775.397" participant="me022" timing-provenance="dialogueact">
      <nite:child href="Bmr002.A.words.xml#id(Bmr002.w.3,119)..id(Bmr002.w.3,132)"/>
   </segment>
   <segment nite:id="Bmr002.segment.652" starttime="775.397" endtime="775.927" participant="me022" timing-provenance="dialogueact">
      <nite:child href="Bmr002.A.words.xml#id(Bmr002.w.3,138)..id(Bmr002.w.3,140)"/>
   </segment>
   <segment nite:id="Bmr002.segment.653" starttime="776.117" endtime="777.257" participant="me022" timing-provenance="dialogueact">
      <nite:child href="Bmr002.A.words.xml#id(Bmr002.w.3,141)..id(Bmr002.w.3,145)"/>
   </segment>
   <segment nite:id="Bmr002.segment.654" starttime="777.427" endtime="778.717" participant="me022" timing-provenance="dialogueact">
      <nite:child href="Bmr002.A.words.xml#id(Bmr002.w.3,146)..id(Bmr002.w.3,151)"/>
   </segment>
   <segment nite:id="Bmr002.segment.674" starttime="802.788" endtime="802.978" participant="me022" timing-provenance="dialogueact">
      <nite:child href="Bmr002.A.words.xml#id(Bmr002.w.3,286)..id(Bmr002.w.3,287)"/>
   </segment>
   <segment nite:id="Bmr002.segment.690" starttime="823.71" endtime="824.87" participant="me022" timing-provenance="dialogueact">
      <nite:child href="Bmr002.A.words.xml#id(Bmr002.w.3,391)..id(Bmr002.w.3,398)"/>
   </segment>
   <segment nite:id="Bmr002.segment.723" starttime="857.505" endtime="857.715" participant="me022" timing-provenance="dialogueact">
      <nite:child href="Bmr002.A.words.xml#id(Bmr002.w.3,575)..id(Bmr002.w.3,576)"/>
   </segment>
   <segment nite:id="Bmr002.segment.743" starttime="877.852" endtime="878.042" participant="me022" timing-provenance="dialogueact">
      <nite:child href="Bmr002.A.words.xml#id(Bmr002.w.3,725)..id(Bmr002.w.3,726)"/>
   </segment>
   <segment nite:id="Bmr002.segment.850" starttime="999.352" endtime="1001.2" participant="me022" timing-provenance="dialogueact">
      <nite:child href="Bmr002.A.words.xml#id(Bmr002.w.4,354)..id(Bmr002.w.4,362)"/>
   </segment>
   <segment nite:id="Bmr002.segment.851" starttime="1001.49" endtime="1001.83" participant="me022" timing-provenance="dialogueact">
      <nite:child href="Bmr002.A.words.xml#id(Bmr002.w.4,363)"/>
   </segment>
   <segment nite:id="Bmr002.segment.852" starttime="1002.04" endtime="1002.57" participant="me022" timing-provenance="dialogueact">
      <nite:child href="Bmr002.A.words.xml#id(Bmr002.w.4,364)..id(Bmr002.w.4,366)"/>
   </segment>
   <segment nite:id="Bmr002.segment.853" starttime="1003.02" endtime="1003.87" participant="me022" timing-provenance="dialogueact">
      <nite:child href="Bmr002.A.words.xml#id(Bmr002.w.4,367)..id(Bmr002.w.4,371)"/>
   </segment>
   <segment nite:id="Bmr002.segment.854" starttime="1004.13" endtime="1005.55" participant="me022" timing-provenance="dialogueact">
      <nite:child href="Bmr002.A.words.xml#id(Bmr002.w.4,372)..id(Bmr002.w.4,375)"/>
   </segment>
   <segment nite:id="Bmr002.segment.855" starttime="1006.07" endtime="1006.8" participant="me022" timing-provenance="dialogueact">
      <nite:child href="Bmr002.A.words.xml#id(Bmr002.w.4,376)..id(Bmr002.w.4,377)"/>
   </segment>
   <segment nite:id="Bmr002.segment.856" starttime="1007.62" endtime="1008.13" participant="me022" timing-provenance="dialogueact">
      <nite:child href="Bmr002.A.words.xml#id(Bmr002.w.4,378)..id(Bmr002.w.4,379)"/>
   </segment>
   <segment nite:id="Bmr002.segment.857" starttime="1008.45" endtime="1008.99" participant="me022" timing-provenance="dialogueact">
      <nite:child href="Bmr002.A.words.xml#id(Bmr002.w.4,380)"/>
   </segment>
   <segment nite:id="Bmr002.segment.858" starttime="1010.0" endtime="1011.51" participant="me022" timing-provenance="dialogueact">
      <nite:child href="Bmr002.A.words.xml#id(Bmr002.w.4,381)..id(Bmr002.w.4,386)"/>
   </segment>
   <segment nite:id="Bmr002.segment.859" starttime="1011.61" endtime="1013.86" participant="me022" timing-provenance="dialogueact">
      <nite:child href="Bmr002.A.words.xml#id(Bmr002.w.4,387)..id(Bmr002.w.4,399)"/>
   </segment>
   <segment nite:id="Bmr002.segment.860" starttime="1013.86" endtime="1015.12" participant="me022" timing-provenance="dialogueact">
      <nite:child href="Bmr002.A.words.xml#id(Bmr002.w.4,400)..id(Bmr002.w.4,405)"/>
   </segment>
   <segment nite:id="Bmr002.segment.861" starttime="1015.3" endtime="1017.93" participant="me022" timing-provenance="dialogueact">
      <nite:child href="Bmr002.A.words.xml#id(Bmr002.w.4,406)..id(Bmr002.w.4,423)"/>
   </segment>
   <segment nite:id="Bmr002.segment.863" starttime="1018.55" endtime="1019.33" participant="me022" timing-provenance="dialogueact">
      <nite:child href="Bmr002.A.words.xml#id(Bmr002.w.4,428)..id(Bmr002.w.4,430)"/>
   </segment>
   <segment nite:id="Bmr002.segment.864" starttime="1020.56" endtime="1020.96" participant="me022" timing-provenance="dialogueact">
      <nite:child href="Bmr002.A.words.xml#id(Bmr002.w.4,431)"/>
   </segment>
   <segment nite:id="Bmr002.segment.865" starttime="1021.15" endtime="1022.89" participant="me022" timing-provenance="dialogueact">
      <nite:child href="Bmr002.A.words.xml#id(Bmr002.w.4,432)..id(Bmr002.w.4,439)"/>
   </segment>
   <segment nite:id="Bmr002.segment.867" starttime="1023.01" endtime="1025.78" participant="me022" timing-provenance="dialogueact">
      <nite:child href="Bmr002.A.words.xml#id(Bmr002.w.4,442)..id(Bmr002.w.4,453)"/>
   </segment>
   <segment nite:id="Bmr002.segment.868" starttime="1026.48" endtime="1026.74" participant="me022" timing-provenance="dialogueact">
      <nite:child href="Bmr002.A.words.xml#id(Bmr002.w.4,454)..id(Bmr002.w.4,455)"/>
   </segment>
   <segment nite:id="Bmr002.segment.869" starttime="1027.01" endtime="1028.16" participant="me022" timing-provenance="dialogueact">
      <nite:child href="Bmr002.A.words.xml#id(Bmr002.w.4,456)..id(Bmr002.w.4,460)"/>
   </segment>
   <segment nite:id="Bmr002.segment.870" starttime="1028.44" endtime="1028.75" participant="me022" timing-provenance="dialogueact">
      <nite:child href="Bmr002.A.words.xml#id(Bmr002.w.4,461)"/>
   </segment>
   <segment nite:id="Bmr002.segment.871" starttime="1029.3" endtime="1029.68" participant="me022" timing-provenance="dialogueact">
      <nite:child href="Bmr002.A.words.xml#id(Bmr002.w.4,462)"/>
   </segment>
   <segment nite:id="Bmr002.segment.873" starttime="1030.45" endtime="1031.26" participant="me022" timing-provenance="dialogueact">
      <nite:child href="Bmr002.A.words.xml#id(Bmr002.w.4,465)..id(Bmr002.w.4,468)"/>
   </segment>
   <segment nite:id="Bmr002.segment.874" starttime="1031.66" endtime="1032.23" participant="me022" timing-provenance="dialogueact">
      <nite:child href="Bmr002.A.words.xml#id(Bmr002.w.4,469)..id(Bmr002.w.4,470)"/>
   </segment>
   <segment nite:id="Bmr002.segment.886" starttime="1047.69" endtime="1047.88" participant="me022" timing-provenance="dialogueact">
      <nite:child href="Bmr002.A.words.xml#id(Bmr002.w.4,544)..id(Bmr002.w.4,545)"/>
   </segment>
   <segment nite:id="Bmr002.segment.909" starttime="1083.51" endtime="1083.7" participant="me022" timing-provenance="dialogueact">
      <nite:child href="Bmr002.A.words.xml#id(Bmr002.w.4,723)..id(Bmr002.w.4,724)"/>
   </segment>
   <segment nite:id="Bmr002.segment.912" starttime="1085.6" endtime="1085.85" participant="me022" timing-provenance="dialogueact">
      <nite:child href="Bmr002.A.words.xml#id(Bmr002.w.4,735)..id(Bmr002.w.4,736)"/>
   </segment>
   <segment nite:id="Bmr002.segment.913" starttime="1085.887" endtime="1086.329" participant="me022" timing-provenance="segment">
      <nite:child href="Bmr002.A.words.xml#id(Bmr002.w.4,737)..id(Bmr002.disfmarker.143)"/>
   </segment>
   <segment nite:id="Bmr002.segment.926" starttime="1098.609" endtime="1101.003" participant="me022" timing-provenance="segment">
      <nite:child href="Bmr002.A.words.xml#id(Bmr002.w.4,811)..id(Bmr002.disfmarker.147)"/>
   </segment>
   <segment nite:id="Bmr002.segment.927" starttime="1101.07" endtime="1102.91" participant="me022" timing-provenance="dialogueact">
      <nite:child href="Bmr002.A.words.xml#id(Bmr002.w.4,820)..id(Bmr002.w.4,826)"/>
   </segment>
   <segment nite:id="Bmr002.segment.929" starttime="1103.98" endtime="1106.22" participant="me022" timing-provenance="dialogueact">
      <nite:child href="Bmr002.A.words.xml#id(Bmr002.w.4,829)..id(Bmr002.w.4,838)"/>
   </segment>
   <segment nite:id="Bmr002.segment.930" starttime="1107.36" endtime="1107.78" participant="me022" timing-provenance="dialogueact">
      <nite:child href="Bmr002.A.words.xml#id(Bmr002.w.4,839)"/>
   </segment>
   <segment nite:id="Bmr002.segment.931" starttime="1107.965" endtime="1108.579" participant="me022" timing-provenance="segment">
      <nite:child href="Bmr002.A.words.xml#id(Bmr002.w.4,840)..id(Bmr002.comment.139)"/>
   </segment>
   <segment nite:id="Bmr002.segment.932" starttime="1109.2" endtime="1110.17" participant="me022" timing-provenance="dialogueact">
      <nite:child href="Bmr002.A.words.xml#id(Bmr002.w.4,841)..id(Bmr002.w.4,843)"/>
   </segment>
   <segment nite:id="Bmr002.segment.934" starttime="1110.75" endtime="1111.96" participant="me022" timing-provenance="dialogueact">
      <nite:child href="Bmr002.A.words.xml#id(Bmr002.w.4,860)..id(Bmr002.w.4,865)"/>
   </segment>
   <segment nite:id="Bmr002.segment.937" starttime="1113.7" endtime="1113.85" participant="me022" timing-provenance="dialogueact">
      <nite:child href="Bmr002.A.words.xml#id(Bmr002.w.4,871)..id(Bmr002.w.4,872)"/>
   </segment>
   <segment nite:id="Bmr002.segment.948" starttime="1128.65" endtime="1128.88" participant="me022" timing-provenance="dialogueact">
      <nite:child href="Bmr002.A.words.xml#id(Bmr002.w.4,952)..id(Bmr002.w.4,953)"/>
   </segment>
   <segment nite:id="Bmr002.segment.967" starttime="1147.0" endtime="1147.12" participant="me022" timing-provenance="dialogueact">
      <nite:child href="Bmr002.A.words.xml#id(Bmr002.w.5,059)..id(Bmr002.w.5,060)"/>
   </segment>
   <segment nite:id="Bmr002.segment.970" starttime="1148.64" endtime="1148.91" participant="me022" timing-provenance="dialogueact">
      <nite:child href="Bmr002.A.words.xml#id(Bmr002.w.5,074)..id(Bmr002.w.5,075)"/>
   </segment>
   <segment nite:id="Bmr002.segment.974" starttime="1150.984" endtime="1151.153" participant="me022" timing-provenance="segment">
      <nite:child href="Bmr002.A.words.xml#id(Bmr002.vocalsound.71)"/>
   </segment>
   <segment nite:id="Bmr002.segment.1,037" starttime="1220.71" endtime="1221.0" participant="me022" timing-provenance="dialogueact">
      <nite:child href="Bmr002.A.words.xml#id(Bmr002.w.5,468)..id(Bmr002.w.5,469)"/>
   </segment>
   <segment nite:id="Bmr002.segment.1,044" starttime="1227.02" endtime="1228.66" participant="me022" timing-provenance="dialogueact">
      <nite:child href="Bmr002.A.words.xml#id(Bmr002.w.5,514)..id(Bmr002.w.5,523)"/>
   </segment>
   <segment nite:id="Bmr002.segment.1,055" starttime="1232.469" endtime="1233.122" participant="me022" timing-provenance="segment">
      <nite:child href="Bmr002.A.words.xml#id(Bmr002.vocalsound.76)"/>
   </segment>
   <segment nite:id="Bmr002.segment.1,071" starttime="1255.45" endtime="1257.83" participant="me022" timing-provenance="dialogueact">
      <nite:child href="Bmr002.A.words.xml#id(Bmr002.w.5,654)..id(Bmr002.w.5,667)"/>
   </segment>
   <segment nite:id="Bmr002.segment.1,075" starttime="1258.3" endtime="1258.73" participant="me022" timing-provenance="dialogueact">
      <nite:child href="Bmr002.A.words.xml#id(Bmr002.w.5,671)..id(Bmr002.w.5,672)"/>
   </segment>
   <segment nite:id="Bmr002.segment.1,083" starttime="1267.49" endtime="1267.75" participant="me022" timing-provenance="dialogueact">
      <nite:child href="Bmr002.A.words.xml#id(Bmr002.w.5,732)..id(Bmr002.w.5,733)"/>
   </segment>
   <segment nite:id="Bmr002.segment.1,086" starttime="1274.298" endtime="1275.063" participant="me022" timing-provenance="segment">
      <nite:child href="Bmr002.A.words.xml#id(Bmr002.w.5,749)..id(Bmr002.disfmarker.184)"/>
   </segment>
   <segment nite:id="Bmr002.segment.1,087" starttime="1275.15" endtime="1277.44" participant="me022" timing-provenance="dialogueact">
      <nite:child href="Bmr002.A.words.xml#id(Bmr002.w.5,753)..id(Bmr002.w.5,764)"/>
   </segment>
   <segment nite:id="Bmr002.segment.1,088" starttime="1277.51" endtime="1278.734" participant="me022" timing-provenance="segment">
      <nite:child href="Bmr002.A.words.xml#id(Bmr002.w.5,765)..id(Bmr002.disfmarker.185)"/>
   </segment>
   <segment nite:id="Bmr002.segment.1,090" starttime="1278.81" endtime="1279.89" participant="me022" timing-provenance="dialogueact">
      <nite:child href="Bmr002.A.words.xml#id(Bmr002.w.5,771)..id(Bmr002.w.5,776)"/>
   </segment>
   <segment nite:id="Bmr002.segment.1,092" starttime="1282.34" endtime="1282.67" participant="me022" timing-provenance="dialogueact">
      <nite:child href="Bmr002.A.words.xml#id(Bmr002.w.5,793)..id(Bmr002.w.5,794)"/>
   </segment>
   <segment nite:id="Bmr002.segment.1,112" starttime="1313.16" endtime="1313.46" participant="me022" timing-provenance="dialogueact">
      <nite:child href="Bmr002.A.words.xml#id(Bmr002.w.5,923)..id(Bmr002.w.5,924)"/>
   </segment>
   <segment nite:id="Bmr002.segment.1,121" starttime="1323.82" endtime="1324.04" participant="me022" timing-provenance="dialogueact">
      <nite:child href="Bmr002.A.words.xml#id(Bmr002.w.5,978)..id(Bmr002.w.5,979)"/>
   </segment>
   <segment nite:id="Bmr002.segment.1,124" starttime="1327.357" endtime="1328.401" participant="me022" timing-provenance="segment">
      <nite:child href="Bmr002.A.words.xml#id(Bmr002.w.5,987)..id(Bmr002.disfmarker.191)"/>
   </segment>
   <segment nite:id="Bmr002.segment.1,126" starttime="1328.39" endtime="1329.39" participant="me022" timing-provenance="dialogueact">
      <nite:child href="Bmr002.A.words.xml#id(Bmr002.w.5,996)..id(Bmr002.w.5,999)"/>
   </segment>
   <segment nite:id="Bmr002.segment.1,127" starttime="1331.18" endtime="1333.64" participant="me022" timing-provenance="dialogueact">
      <nite:child href="Bmr002.A.words.xml#id(Bmr002.w.6,000)..id(Bmr002.w.6,010)"/>
   </segment>
   <segment nite:id="Bmr002.segment.1,128" starttime="1333.64" endtime="1335.24" participant="me022" timing-provenance="dialogueact">
      <nite:child href="Bmr002.A.words.xml#id(Bmr002.w.6,011)..id(Bmr002.w.6,018)"/>
   </segment>
   <segment nite:id="Bmr002.segment.1,130" starttime="1335.97" endtime="1337.72" participant="me022" timing-provenance="dialogueact">
      <nite:child href="Bmr002.A.words.xml#id(Bmr002.w.6,021)..id(Bmr002.w.6,024)"/>
   </segment>
   <segment nite:id="Bmr002.segment.1,132" starttime="1338.76" endtime="1339.11" participant="me022" timing-provenance="dialogueact">
      <nite:child href="Bmr002.A.words.xml#id(Bmr002.w.6,025)"/>
   </segment>
   <segment nite:id="Bmr002.segment.1,133" starttime="1339.45" endtime="1341.22" participant="me022" timing-provenance="dialogueact">
      <nite:child href="Bmr002.A.words.xml#id(Bmr002.w.6,026)..id(Bmr002.w.6,030)"/>
   </segment>
   <segment nite:id="Bmr002.segment.1,134" starttime="1341.221" endtime="1342.039" participant="me022" timing-provenance="segment">
      <nite:child href="Bmr002.A.words.xml#id(Bmr002.w.6,031)..id(Bmr002.disfmarker.193)"/>
   </segment>
   <segment nite:id="Bmr002.segment.1,135" starttime="1342.039" endtime="1343.492" participant="me022" timing-provenance="segment">
      <nite:child href="Bmr002.A.words.xml#id(Bmr002.w.6,035)..id(Bmr002.disfmarker.194)"/>
   </segment>
   <segment nite:id="Bmr002.segment.1,136" starttime="1343.62" endtime="1344.01" participant="me022" timing-provenance="dialogueact">
      <nite:child href="Bmr002.A.words.xml#id(Bmr002.w.6,042)..id(Bmr002.w.6,046)"/>
   </segment>
   <segment nite:id="Bmr002.segment.1,137" starttime="1344.01" endtime="1346.92" participant="me022" timing-provenance="dialogueact">
      <nite:child href="Bmr002.A.words.xml#id(Bmr002.w.6,047)..id(Bmr002.w.6,060)"/>
   </segment>
   <segment nite:id="Bmr002.segment.1,140" starttime="1347.022" endtime="1347.461" participant="me022" timing-provenance="segment">
      <nite:child href="Bmr002.A.words.xml#id(Bmr002.w.6,065)..id(Bmr002.disfmarker.195)"/>
   </segment>
   <segment nite:id="Bmr002.segment.1,142" starttime="1348.18" endtime="1348.6" participant="me022" timing-provenance="dialogueact">
      <nite:child href="Bmr002.A.words.xml#id(Bmr002.w.6,067)"/>
   </segment>
   <segment nite:id="Bmr002.segment.1,143" starttime="1349.19" endtime="1349.91" participant="me022" timing-provenance="dialogueact">
      <nite:child href="Bmr002.A.words.xml#id(Bmr002.w.6,068)..id(Bmr002.w.6,071)"/>
   </segment>
   <segment nite:id="Bmr002.segment.1,144" starttime="1350.26" endtime="1350.91" participant="me022" timing-provenance="dialogueact">
      <nite:child href="Bmr002.A.words.xml#id(Bmr002.w.6,072)"/>
   </segment>
   <segment nite:id="Bmr002.segment.1,145" starttime="1351.298" endtime="1351.802" participant="me022" timing-provenance="segment">
      <nite:child href="Bmr002.A.words.xml#id(Bmr002.w.6,073)..id(Bmr002.disfmarker.196)"/>
   </segment>
   <segment nite:id="Bmr002.segment.1,146" starttime="1351.86" endtime="1352.1" participant="me022" timing-provenance="dialogueact">
      <nite:child href="Bmr002.A.words.xml#id(Bmr002.w.6,074)"/>
   </segment>
   <segment nite:id="Bmr002.segment.1,147" starttime="1352.55" endtime="1353.27" participant="me022" timing-provenance="dialogueact">
      <nite:child href="Bmr002.A.words.xml#id(Bmr002.w.6,075)..id(Bmr002.w.6,077)"/>
   </segment>
   <segment nite:id="Bmr002.segment.1,149" starttime="1353.71" endtime="1353.92" participant="me022" timing-provenance="dialogueact">
      <nite:child href="Bmr002.A.words.xml#id(Bmr002.w.6,080)"/>
   </segment>
   <segment nite:id="Bmr002.segment.1,150" starttime="1354.4" endtime="1354.78" participant="me022" timing-provenance="dialogueact">
      <nite:child href="Bmr002.A.words.xml#id(Bmr002.w.6,081)..id(Bmr002.w.6,082)"/>
   </segment>
   <segment nite:id="Bmr002.segment.1,151" starttime="1355.04" endtime="1355.54" participant="me022" timing-provenance="dialogueact">
      <nite:child href="Bmr002.A.words.xml#id(Bmr002.w.6,083)..id(Bmr002.w.6,085)"/>
   </segment>
   <segment nite:id="Bmr002.segment.1,152" starttime="1355.839" endtime="1356.396" participant="me022" timing-provenance="segment">
      <nite:child href="Bmr002.A.words.xml#id(Bmr002.w.6,086)..id(Bmr002.disfmarker.197)"/>
   </segment>
   <segment nite:id="Bmr002.segment.1,153" starttime="1356.58" endtime="1357.82" participant="me022" timing-provenance="dialogueact">
      <nite:child href="Bmr002.A.words.xml#id(Bmr002.w.6,089)..id(Bmr002.w.6,097)"/>
   </segment>
   <segment nite:id="Bmr002.segment.1,154" starttime="1358.1" endtime="1359.45" participant="me022" timing-provenance="dialogueact">
      <nite:child href="Bmr002.A.words.xml#id(Bmr002.w.6,098)..id(Bmr002.w.6,101)"/>
   </segment>
   <segment nite:id="Bmr002.segment.1,155" starttime="1360.27" endtime="1360.65" participant="me022" timing-provenance="dialogueact">
      <nite:child href="Bmr002.A.words.xml#id(Bmr002.w.6,102)"/>
   </segment>
   <segment nite:id="Bmr002.segment.1,157" starttime="1361.47" endtime="1362.92" participant="me022" timing-provenance="dialogueact">
      <nite:child href="Bmr002.A.words.xml#id(Bmr002.w.6,103)..id(Bmr002.w.6,108)"/>
   </segment>
   <segment nite:id="Bmr002.segment.1,158" starttime="1362.91" endtime="1364.99" participant="me022" timing-provenance="dialogueact">
      <nite:child href="Bmr002.A.words.xml#id(Bmr002.w.6,109)..id(Bmr002.w.6,121)"/>
   </segment>
   <segment nite:id="Bmr002.segment.1,159" starttime="1365.15" endtime="1366.93" participant="me022" timing-provenance="dialogueact">
      <nite:child href="Bmr002.A.words.xml#id(Bmr002.w.6,122)..id(Bmr002.w.6,130)"/>
   </segment>
   <segment nite:id="Bmr002.segment.1,166" starttime="1375.12" endtime="1375.48" participant="me022" timing-provenance="dialogueact">
      <nite:child href="Bmr002.A.words.xml#id(Bmr002.w.6,161)..id(Bmr002.w.6,164)"/>
   </segment>
   <segment nite:id="Bmr002.segment.1,172" starttime="1385.317" endtime="1385.967" participant="me022" timing-provenance="segment">
      <nite:child href="Bmr002.A.words.xml#id(Bmr002.w.6,212)..id(Bmr002.disfmarker.199)"/>
   </segment>
   <segment nite:id="Bmr002.segment.1,174" starttime="1386.2" endtime="1387.56" participant="me022" timing-provenance="dialogueact">
      <nite:child href="Bmr002.A.words.xml#id(Bmr002.w.6,219)..id(Bmr002.w.6,224)"/>
   </segment>
   <segment nite:id="Bmr002.segment.1,175" starttime="1387.86" endtime="1389.16" participant="me022" timing-provenance="dialogueact">
      <nite:child href="Bmr002.A.words.xml#id(Bmr002.w.6,225)..id(Bmr002.w.6,230)"/>
   </segment>
   <segment nite:id="Bmr002.segment.1,182" starttime="1394.04" endtime="1395.2" participant="me022" timing-provenance="dialogueact">
      <nite:child href="Bmr002.A.words.xml#id(Bmr002.w.6,265)..id(Bmr002.w.6,272)"/>
   </segment>
   <segment nite:id="Bmr002.segment.1,183" starttime="1395.93" endtime="1397.12" participant="me022" timing-provenance="dialogueact">
      <nite:child href="Bmr002.A.words.xml#id(Bmr002.w.6,273)..id(Bmr002.w.6,277)"/>
   </segment>
   <segment nite:id="Bmr002.segment.1,185" starttime="1398.3" endtime="1398.63" participant="me022" timing-provenance="dialogueact">
      <nite:child href="Bmr002.A.words.xml#id(Bmr002.w.6,280)..id(Bmr002.w.6,282)"/>
   </segment>
   <segment nite:id="Bmr002.segment.1,188" starttime="1400.36" endtime="1400.68" participant="me022" timing-provenance="dialogueact">
      <nite:child href="Bmr002.A.words.xml#id(Bmr002.w.6,289)..id(Bmr002.w.6,292)"/>
   </segment>
   <segment nite:id="Bmr002.segment.1,208" starttime="1419.1" endtime="1419.3" participant="me022" timing-provenance="dialogueact">
      <nite:child href="Bmr002.A.words.xml#id(Bmr002.w.6,410)..id(Bmr002.w.6,411)"/>
   </segment>
   <segment nite:id="Bmr002.segment.1,209" starttime="1419.46" endtime="1419.8" participant="me022" timing-provenance="dialogueact">
      <nite:child href="Bmr002.A.words.xml#id(Bmr002.w.6,412)..id(Bmr002.w.6,414)"/>
   </segment>
   <segment nite:id="Bmr002.segment.1,210" starttime="1420.11" endtime="1420.52" participant="me022" timing-provenance="dialogueact">
      <nite:child href="Bmr002.A.words.xml#id(Bmr002.w.6,415)..id(Bmr002.w.6,417)"/>
   </segment>
   <segment nite:id="Bmr002.segment.1,211" starttime="1421.545" endtime="1422.634" participant="me022" timing-provenance="segment">
      <nite:child href="Bmr002.A.words.xml#id(Bmr002.w.6,418)..id(Bmr002.disfmarker.202)"/>
   </segment>
   <segment nite:id="Bmr002.segment.1,214" starttime="1427.88" endtime="1428.19" participant="me022" timing-provenance="dialogueact">
      <nite:child href="Bmr002.A.words.xml#id(Bmr002.w.6,447)..id(Bmr002.w.6,449)"/>
   </segment>
   <segment nite:id="Bmr002.segment.1,221" starttime="1436.77" endtime="1437.2" participant="me022" timing-provenance="dialogueact">
      <nite:child href="Bmr002.A.words.xml#id(Bmr002.w.6,483)..id(Bmr002.w.6,484)"/>
   </segment>
   <segment nite:id="Bmr002.segment.1,280" starttime="1530.38" endtime="1531.26" participant="me022" timing-provenance="dialogueact">
      <nite:child href="Bmr002.A.words.xml#id(Bmr002.w.6,862)..id(Bmr002.w.6,866)"/>
   </segment>
   <segment nite:id="Bmr002.segment.1,282" starttime="1531.36" endtime="1534.07" participant="me022" timing-provenance="dialogueact">
      <nite:child href="Bmr002.A.words.xml#id(Bmr002.w.6,872)..id(Bmr002.w.6,881)"/>
   </segment>
   <segment nite:id="Bmr002.segment.1,283" starttime="1534.92" endtime="1535.24" participant="me022" timing-provenance="dialogueact">
      <nite:child href="Bmr002.A.words.xml#id(Bmr002.w.6,882)..id(Bmr002.w.6,884)"/>
   </segment>
   <segment nite:id="Bmr002.segment.1,284" starttime="1536.04" endtime="1536.73" participant="me022" timing-provenance="dialogueact">
      <nite:child href="Bmr002.A.words.xml#id(Bmr002.w.6,885)..id(Bmr002.w.6,888)"/>
   </segment>
   <segment nite:id="Bmr002.segment.1,286" starttime="1536.72" endtime="1538.83" participant="me022" timing-provenance="dialogueact">
      <nite:child href="Bmr002.A.words.xml#id(Bmr002.w.6,891)..id(Bmr002.w.6,902)"/>
   </segment>
   <segment nite:id="Bmr002.segment.1,289" starttime="1540.65" endtime="1540.89" participant="me022" timing-provenance="dialogueact">
      <nite:child href="Bmr002.A.words.xml#id(Bmr002.w.6,909)..id(Bmr002.w.6,910)"/>
   </segment>
   <segment nite:id="Bmr002.segment.1,290" starttime="1541.082" endtime="1542.407" participant="me022" timing-provenance="segment">
      <nite:child href="Bmr002.A.words.xml#id(Bmr002.w.6,911)..id(Bmr002.disfmarker.221)"/>
   </segment>
   <segment nite:id="Bmr002.segment.1,291" starttime="1542.44" endtime="1543.98" participant="me022" timing-provenance="dialogueact">
      <nite:child href="Bmr002.A.words.xml#id(Bmr002.w.6,920)..id(Bmr002.w.6,930)"/>
   </segment>
   <segment nite:id="Bmr002.segment.1,292" starttime="1544.1" endtime="1544.84" participant="me022" timing-provenance="dialogueact">
      <nite:child href="Bmr002.A.words.xml#id(Bmr002.w.6,931)..id(Bmr002.w.6,932)"/>
   </segment>
   <segment nite:id="Bmr002.segment.1,293" starttime="1545.23" endtime="1545.9" participant="me022" timing-provenance="dialogueact">
      <nite:child href="Bmr002.A.words.xml#id(Bmr002.w.6,933)..id(Bmr002.w.6,937)"/>
   </segment>
   <segment nite:id="Bmr002.segment.1,295" starttime="1547.19" endtime="1548.44" participant="me022" timing-provenance="dialogueact">
      <nite:child href="Bmr002.A.words.xml#id(Bmr002.w.6,940)..id(Bmr002.w.6,947)"/>
   </segment>
   <segment nite:id="Bmr002.segment.1,296" starttime="1548.89" endtime="1550.24" participant="me022" timing-provenance="dialogueact">
      <nite:child href="Bmr002.A.words.xml#id(Bmr002.w.6,948)..id(Bmr002.w.6,953)"/>
   </segment>
   <segment nite:id="Bmr002.segment.1,305" starttime="1558.33" endtime="1558.54" participant="me022" timing-provenance="dialogueact">
      <nite:child href="Bmr002.A.words.xml#id(Bmr002.w.7,011)..id(Bmr002.w.7,012)"/>
   </segment>
   <segment nite:id="Bmr002.segment.1,335" starttime="1592.73" endtime="1593.23" participant="me022" timing-provenance="dialogueact">
      <nite:child href="Bmr002.A.words.xml#id(Bmr002.w.7,168)..id(Bmr002.w.7,172)"/>
   </segment>
   <segment nite:id="Bmr002.segment.1,348" starttime="1609.81" endtime="1610.11" participant="me022" timing-provenance="dialogueact">
      <nite:child href="Bmr002.A.words.xml#id(Bmr002.w.7,239)..id(Bmr002.w.7,240)"/>
   </segment>
   <segment nite:id="Bmr002.segment.1,350" starttime="1610.66" endtime="1611.87" participant="me022" timing-provenance="dialogueact">
      <nite:child href="Bmr002.A.words.xml#id(Bmr002.w.7,248)..id(Bmr002.w.7,255)"/>
   </segment>
   <segment nite:id="Bmr002.segment.1,351" starttime="1611.87" endtime="1615.47" participant="me022" timing-provenance="dialogueact">
      <nite:child href="Bmr002.A.words.xml#id(Bmr002.w.7,256)..id(Bmr002.w.7,277)"/>
   </segment>
   <segment nite:id="Bmr002.segment.1,353" starttime="1616.336" endtime="1618.568" participant="me022" timing-provenance="segment">
      <nite:child href="Bmr002.A.words.xml#id(Bmr002.w.7,280)..id(Bmr002.disfmarker.233)"/>
   </segment>
   <segment nite:id="Bmr002.segment.1,354" starttime="1618.61" endtime="1620.13" participant="me022" timing-provenance="dialogueact">
      <nite:child href="Bmr002.A.words.xml#id(Bmr002.w.7,289)..id(Bmr002.w.7,295)"/>
   </segment>
   <segment nite:id="Bmr002.segment.1,356" starttime="1620.72" endtime="1621.36" participant="me022" timing-provenance="dialogueact">
      <nite:child href="Bmr002.A.words.xml#id(Bmr002.w.7,301)..id(Bmr002.w.7,306)"/>
   </segment>
   <segment nite:id="Bmr002.segment.1,358" starttime="1621.72" endtime="1622.08" participant="me022" timing-provenance="dialogueact">
      <nite:child href="Bmr002.A.words.xml#id(Bmr002.w.7,307)..id(Bmr002.w.7,308)"/>
   </segment>
   <segment nite:id="Bmr002.segment.1,360" starttime="1622.338" endtime="1622.902" participant="me022" timing-provenance="segment">
      <nite:child href="Bmr002.A.words.xml#id(Bmr002.w.7,312)..id(Bmr002.disfmarker.234)"/>
   </segment>
   <segment nite:id="Bmr002.segment.1,361" starttime="1622.87" endtime="1624.26" participant="me022" timing-provenance="dialogueact">
      <nite:child href="Bmr002.A.words.xml#id(Bmr002.w.7,315)..id(Bmr002.w.7,323)"/>
   </segment>
   <segment nite:id="Bmr002.segment.1,364" starttime="1625.64" endtime="1626.16" participant="me022" timing-provenance="dialogueact">
      <nite:child href="Bmr002.A.words.xml#id(Bmr002.w.7,332)..id(Bmr002.w.7,333)"/>
   </segment>
   <segment nite:id="Bmr002.segment.1,367" starttime="1630.02" endtime="1630.21" participant="me022" timing-provenance="dialogueact">
      <nite:child href="Bmr002.A.words.xml#id(Bmr002.w.7,347)..id(Bmr002.w.7,348)"/>
   </segment>
   <segment nite:id="Bmr002.segment.1,385" starttime="1658.19" endtime="1658.46" participant="me022" timing-provenance="dialogueact">
      <nite:child href="Bmr002.A.words.xml#id(Bmr002.w.7,483)..id(Bmr002.w.7,484)"/>
   </segment>
   <segment nite:id="Bmr002.segment.1,392" starttime="1666.02" endtime="1666.21" participant="me022" timing-provenance="dialogueact">
      <nite:child href="Bmr002.A.words.xml#id(Bmr002.w.7,519)..id(Bmr002.w.7,520)"/>
   </segment>
   <segment nite:id="Bmr002.segment.1,394" starttime="1668.16" endtime="1669.3" participant="me022" timing-provenance="dialogueact">
      <nite:child href="Bmr002.A.words.xml#id(Bmr002.w.7,525)..id(Bmr002.w.7,532)"/>
   </segment>
   <segment nite:id="Bmr002.segment.1,399" starttime="1671.38" endtime="1671.95" participant="me022" timing-provenance="dialogueact">
      <nite:child href="Bmr002.A.words.xml#id(Bmr002.w.7,551)..id(Bmr002.w.7,554)"/>
   </segment>
   <segment nite:id="Bmr002.segment.1,416" starttime="1687.51" endtime="1687.94" participant="me022" timing-provenance="dialogueact">
      <nite:child href="Bmr002.A.words.xml#id(Bmr002.w.7,633)..id(Bmr002.w.7,635)"/>
   </segment>
   <segment nite:id="Bmr002.segment.1,456" starttime="1741.17" endtime="1742.2" participant="me022" timing-provenance="dialogueact">
      <nite:child href="Bmr002.A.words.xml#id(Bmr002.w.7,887)..id(Bmr002.w.7,894)"/>
   </segment>
   <segment nite:id="Bmr002.segment.1,457" starttime="1742.69" endtime="1743.76" participant="me022" timing-provenance="dialogueact">
      <nite:child href="Bmr002.A.words.xml#id(Bmr002.w.7,895)..id(Bmr002.w.7,898)"/>
   </segment>
   <segment nite:id="Bmr002.segment.1,458" starttime="1744.44" endtime="1746.39" participant="me022" timing-provenance="dialogueact">
      <nite:child href="Bmr002.A.words.xml#id(Bmr002.w.7,899)..id(Bmr002.w.7,907)"/>
   </segment>
   <segment nite:id="Bmr002.segment.1,460" starttime="1746.51" endtime="1747.23" participant="me022" timing-provenance="dialogueact">
      <nite:child href="Bmr002.A.words.xml#id(Bmr002.w.7,910)..id(Bmr002.w.7,912)"/>
   </segment>
   <segment nite:id="Bmr002.segment.1,463" starttime="1747.843" endtime="1748.587" participant="me022" timing-provenance="segment">
      <nite:child href="Bmr002.A.words.xml#id(Bmr002.w.7,919)..id(Bmr002.disfmarker.250)"/>
   </segment>
   <segment nite:id="Bmr002.segment.1,464" starttime="1748.98" endtime="1749.4" participant="me022" timing-provenance="dialogueact">
      <nite:child href="Bmr002.A.words.xml#id(Bmr002.w.7,922)..id(Bmr002.w.7,925)"/>
   </segment>
   <segment nite:id="Bmr002.segment.1,465" starttime="1749.628" endtime="1750.75" participant="me022" timing-provenance="segment">
      <nite:child href="Bmr002.A.words.xml#id(Bmr002.w.7,926)..id(Bmr002.w.7,929)"/>
   </segment>
   <segment nite:id="Bmr002.segment.1,466" starttime="1751.21" endtime="1752.27" participant="me022" timing-provenance="dialogueact">
      <nite:child href="Bmr002.A.words.xml#id(Bmr002.w.7,930)..id(Bmr002.w.7,935)"/>
   </segment>
   <segment nite:id="Bmr002.segment.1,467" starttime="1754.27" endtime="1754.65" participant="me022" timing-provenance="dialogueact">
      <nite:child href="Bmr002.A.words.xml#id(Bmr002.w.7,936)..id(Bmr002.w.7,937)"/>
   </segment>
   <segment nite:id="Bmr002.segment.1,470" starttime="1757.187" endtime="1757.406" participant="me022" timing-provenance="segment">
      <nite:child href="Bmr002.A.words.xml#id(Bmr002.w.7,942)..id(Bmr002.disfmarker.253)"/>
   </segment>
   <segment nite:id="Bmr002.segment.1,471" starttime="1757.54" endtime="1759.33" participant="me022" timing-provenance="dialogueact">
      <nite:child href="Bmr002.A.words.xml#id(Bmr002.w.7,943)..id(Bmr002.w.7,953)"/>
   </segment>
   <segment nite:id="Bmr002.segment.1,475" starttime="1762.9" endtime="1763.14" participant="me022" timing-provenance="dialogueact">
      <nite:child href="Bmr002.A.words.xml#id(Bmr002.w.7,970)..id(Bmr002.w.7,971)"/>
   </segment>
   <segment nite:id="Bmr002.segment.1,479" starttime="1770.37" endtime="1770.72" participant="me022" timing-provenance="dialogueact">
      <nite:child href="Bmr002.A.words.xml#id(Bmr002.w.8,002)..id(Bmr002.w.8,004)"/>
   </segment>
   <segment nite:id="Bmr002.segment.1,482" starttime="1773.89" endtime="1774.17" participant="me022" timing-provenance="dialogueact">
      <nite:child href="Bmr002.A.words.xml#id(Bmr002.w.8,024)..id(Bmr002.w.8,025)"/>
   </segment>
   <segment nite:id="Bmr002.segment.1,490" starttime="1782.62" endtime="1782.83" participant="me022" timing-provenance="dialogueact">
      <nite:child href="Bmr002.A.words.xml#id(Bmr002.w.8,062)..id(Bmr002.w.8,063)"/>
   </segment>
   <segment nite:id="Bmr002.segment.1,494" starttime="1786.38" endtime="1786.59" participant="me022" timing-provenance="dialogueact">
      <nite:child href="Bmr002.A.words.xml#id(Bmr002.w.8,081)..id(Bmr002.w.8,082)"/>
   </segment>
   <segment nite:id="Bmr002.segment.1,500" starttime="1794.63" endtime="1794.99" participant="me022" timing-provenance="dialogueact">
      <nite:child href="Bmr002.A.words.xml#id(Bmr002.w.8,109)..id(Bmr002.w.8,110)"/>
   </segment>
   <segment nite:id="Bmr002.segment.1,522" starttime="1820.59" endtime="1820.8" participant="me022" timing-provenance="dialogueact">
      <nite:child href="Bmr002.A.words.xml#id(Bmr002.w.8,266)..id(Bmr002.w.8,267)"/>
   </segment>
   <segment nite:id="Bmr002.segment.1,525" starttime="1823.36" endtime="1823.59" participant="me022" timing-provenance="dialogueact">
      <nite:child href="Bmr002.A.words.xml#id(Bmr002.w.8,280)..id(Bmr002.w.8,281)"/>
   </segment>
   <segment nite:id="Bmr002.segment.1,546" starttime="1854.3" endtime="1855.09" participant="me022" timing-provenance="dialogueact">
      <nite:child href="Bmr002.A.words.xml#id(Bmr002.w.8,416)..id(Bmr002.w.8,420)"/>
   </segment>
   <segment nite:id="Bmr002.segment.1,548" starttime="1855.09" endtime="1855.87" participant="me022" timing-provenance="dialogueact">
      <nite:child href="Bmr002.A.words.xml#id(Bmr002.w.8,423)..id(Bmr002.w.8,426)"/>
   </segment>
   <segment nite:id="Bmr002.segment.1,550" starttime="1855.87" endtime="1856.42" participant="me022" timing-provenance="dialogueact">
      <nite:child href="Bmr002.A.words.xml#id(Bmr002.w.8,437)..id(Bmr002.w.8,438)"/>
   </segment>
   <segment nite:id="Bmr002.segment.1,551" starttime="1856.562" endtime="1858.794" participant="me022" timing-provenance="segment">
      <nite:child href="Bmr002.A.words.xml#id(Bmr002.w.8,439)..id(Bmr002.w.8,449)"/>
   </segment>
   <segment nite:id="Bmr002.segment.1,552" starttime="1858.794" endtime="1859.495" participant="me022" timing-provenance="segment">
      <nite:child href="Bmr002.A.words.xml#id(Bmr002.w.8,450)..id(Bmr002.disfmarker.265)"/>
   </segment>
   <segment nite:id="Bmr002.segment.1,554" starttime="1859.78" endtime="1860.55" participant="me022" timing-provenance="dialogueact">
      <nite:child href="Bmr002.A.words.xml#id(Bmr002.w.8,460)..id(Bmr002.w.8,464)"/>
   </segment>
   <segment nite:id="Bmr002.segment.1,556" starttime="1861.02" endtime="1861.21" participant="me022" timing-provenance="dialogueact">
      <nite:child href="Bmr002.A.words.xml#id(Bmr002.w.8,467)..id(Bmr002.w.8,468)"/>
   </segment>
   <segment nite:id="Bmr002.segment.1,564" starttime="1867.47" endtime="1870.19" participant="me022" timing-provenance="dialogueact">
      <nite:child href="Bmr002.A.words.xml#id(Bmr002.w.8,500)..id(Bmr002.w.8,508)"/>
   </segment>
   <segment nite:id="Bmr002.segment.1,567" starttime="1870.44" endtime="1870.7" participant="me022" timing-provenance="dialogueact">
      <nite:child href="Bmr002.A.words.xml#id(Bmr002.w.8,519)..id(Bmr002.w.8,520)"/>
   </segment>
   <segment nite:id="Bmr002.segment.1,569" starttime="1870.8" endtime="1870.95" participant="me022" timing-provenance="dialogueact">
      <nite:child href="Bmr002.A.words.xml#id(Bmr002.w.8,536)..id(Bmr002.w.8,537)"/>
   </segment>
   <segment nite:id="Bmr002.segment.1,580" starttime="1889.57" endtime="1889.86" participant="me022" timing-provenance="dialogueact">
      <nite:child href="Bmr002.A.words.xml#id(Bmr002.w.8,598)..id(Bmr002.w.8,600)"/>
   </segment>
   <segment nite:id="Bmr002.segment.1,599" starttime="1914.77" endtime="1914.96" participant="me022" timing-provenance="dialogueact">
      <nite:child href="Bmr002.A.words.xml#id(Bmr002.w.8,717)..id(Bmr002.w.8,718)"/>
   </segment>
   <segment nite:id="Bmr002.segment.1,601" starttime="1915.86" endtime="1917.32" participant="me022" timing-provenance="dialogueact">
      <nite:child href="Bmr002.A.words.xml#id(Bmr002.w.8,728)..id(Bmr002.w.8,737)"/>
   </segment>
   <segment nite:id="Bmr002.segment.1,603" starttime="1917.9" endtime="1918.687" participant="me022" timing-provenance="segment">
      <nite:child href="Bmr002.A.words.xml#id(Bmr002.w.8,740)..id(Bmr002.disfmarker.273)"/>
   </segment>
   <segment nite:id="Bmr002.segment.1,604" starttime="1919.123" endtime="1921.048" participant="me022" timing-provenance="segment">
      <nite:child href="Bmr002.A.words.xml#id(Bmr002.w.8,742)..id(Bmr002.disfmarker.275)"/>
   </segment>
   <segment nite:id="Bmr002.segment.1,605" starttime="1921.048" endtime="1922.69" participant="me022" timing-provenance="segment">
      <nite:child href="Bmr002.A.words.xml#id(Bmr002.w.8,753)..id(Bmr002.disfmarker.276)"/>
   </segment>
   <segment nite:id="Bmr002.segment.1,607" starttime="1922.8" endtime="1923.08" participant="me022" timing-provenance="dialogueact">
      <nite:child href="Bmr002.A.words.xml#id(Bmr002.w.8,777)..id(Bmr002.w.8,778)"/>
   </segment>
   <segment nite:id="Bmr002.segment.1,609" starttime="1924.799" endtime="1925.084" participant="me022" timing-provenance="segment">
      <nite:child href="Bmr002.A.words.xml#id(Bmr002.w.8,785)..id(Bmr002.w.8,786)"/>
   </segment>
   <segment nite:id="Bmr002.segment.1,613" starttime="1927.24" endtime="1927.7" participant="me022" timing-provenance="dialogueact">
      <nite:child href="Bmr002.A.words.xml#id(Bmr002.w.8,799)..id(Bmr002.w.8,802)"/>
   </segment>
   <segment nite:id="Bmr002.segment.1,615" starttime="1929.85" endtime="1930.98" participant="me022" timing-provenance="dialogueact">
      <nite:child href="Bmr002.A.words.xml#id(Bmr002.w.8,811)..id(Bmr002.pause.62)"/>
   </segment>
   <segment nite:id="Bmr002.segment.1,616" starttime="1930.98" endtime="1932.22" participant="me022" timing-provenance="dialogueact">
      <nite:child href="Bmr002.A.words.xml#id(Bmr002.w.8,813)..id(Bmr002.w.8,821)"/>
   </segment>
   <segment nite:id="Bmr002.segment.1,618" starttime="1932.89" endtime="1933.17" participant="me022" timing-provenance="dialogueact">
      <nite:child href="Bmr002.A.words.xml#id(Bmr002.w.8,826)..id(Bmr002.w.8,827)"/>
   </segment>
   <segment nite:id="Bmr002.segment.1,619" starttime="1933.17" endtime="1933.57" participant="me022" timing-provenance="dialogueact">
      <nite:child href="Bmr002.A.words.xml#id(Bmr002.w.8,828)..id(Bmr002.w.8,829)"/>
   </segment>
   <segment nite:id="Bmr002.segment.1,620" starttime="1933.92" endtime="1934.4" participant="me022" timing-provenance="dialogueact">
      <nite:child href="Bmr002.A.words.xml#id(Bmr002.w.8,830)"/>
   </segment>
   <segment nite:id="Bmr002.segment.1,621" starttime="1936.07" endtime="1937.65" participant="me022" timing-provenance="dialogueact">
      <nite:child href="Bmr002.A.words.xml#id(Bmr002.w.8,831)..id(Bmr002.w.8,839)"/>
   </segment>
   <segment nite:id="Bmr002.segment.1,622" starttime="1938.09" endtime="1938.87" participant="me022" timing-provenance="dialogueact">
      <nite:child href="Bmr002.A.words.xml#id(Bmr002.w.8,840)..id(Bmr002.w.8,842)"/>
   </segment>
   <segment nite:id="Bmr002.segment.1,624" starttime="1939.23" endtime="1939.57" participant="me022" timing-provenance="dialogueact">
      <nite:child href="Bmr002.A.words.xml#id(Bmr002.w.8,847)..id(Bmr002.w.8,849)"/>
   </segment>
   <segment nite:id="Bmr002.segment.1,625" starttime="1940.8" endtime="1941.08" participant="me022" timing-provenance="dialogueact">
      <nite:child href="Bmr002.A.words.xml#id(Bmr002.w.8,850)..id(Bmr002.w.8,851)"/>
   </segment>
   <segment nite:id="Bmr002.segment.1,626" starttime="1941.43" endtime="1942.26" participant="me022" timing-provenance="dialogueact">
      <nite:child href="Bmr002.A.words.xml#id(Bmr002.w.8,852)..id(Bmr002.w.8,856)"/>
   </segment>
   <segment nite:id="Bmr002.segment.1,627" starttime="1942.32" endtime="1944.22" participant="me022" timing-provenance="dialogueact">
      <nite:child href="Bmr002.A.words.xml#id(Bmr002.w.8,857)..id(Bmr002.w.8,868)"/>
   </segment>
   <segment nite:id="Bmr002.segment.1,628" starttime="1944.93" endtime="1945.06" participant="me022" timing-provenance="dialogueact">
      <nite:child href="Bmr002.A.words.xml#id(Bmr002.w.8,869)..id(Bmr002.w.8,870)"/>
   </segment>
   <segment nite:id="Bmr002.segment.1,632" starttime="1949.53" endtime="1949.72" participant="me022" timing-provenance="dialogueact">
      <nite:child href="Bmr002.A.words.xml#id(Bmr002.w.8,883)..id(Bmr002.w.8,884)"/>
   </segment>
   <segment nite:id="Bmr002.segment.1,649" starttime="1985.83" endtime="1985.99" participant="me022" timing-provenance="dialogueact">
      <nite:child href="Bmr002.A.words.xml#id(Bmr002.w.9,013)..id(Bmr002.w.9,014)"/>
   </segment>
   <segment nite:id="Bmr002.segment.1,659" starttime="2001.0" endtime="2001.43" participant="me022" timing-provenance="dialogueact">
      <nite:child href="Bmr002.A.words.xml#id(Bmr002.w.9,080)..id(Bmr002.w.9,081)"/>
   </segment>
   <segment nite:id="Bmr002.segment.1,660" starttime="2001.78" endtime="2002.47" participant="me022" timing-provenance="dialogueact">
      <nite:child href="Bmr002.A.words.xml#id(Bmr002.w.9,082)..id(Bmr002.w.9,087)"/>
   </segment>
   <segment nite:id="Bmr002.segment.1,661" starttime="2002.539" endtime="2002.987" participant="me022" timing-provenance="segment">
      <nite:child href="Bmr002.A.words.xml#id(Bmr002.w.9,088)..id(Bmr002.disfmarker.289)"/>
   </segment>
   <segment nite:id="Bmr002.segment.1,663" starttime="2005.35" endtime="2005.72" participant="me022" timing-provenance="dialogueact">
      <nite:child href="Bmr002.A.words.xml#id(Bmr002.w.9,099)..id(Bmr002.w.9,100)"/>
   </segment>
   <segment nite:id="Bmr002.segment.1,666" starttime="2007.54" endtime="2007.86" participant="me022" timing-provenance="dialogueact">
      <nite:child href="Bmr002.A.words.xml#id(Bmr002.w.9,118)..id(Bmr002.w.9,119)"/>
   </segment>
   <segment nite:id="Bmr002.segment.1,673" starttime="2014.47" endtime="2017.54" participant="me022" timing-provenance="dialogueact">
      <nite:child href="Bmr002.A.words.xml#id(Bmr002.w.9,152)..id(Bmr002.w.9,167)"/>
   </segment>
   <segment nite:id="Bmr002.segment.1,678" starttime="2017.92" endtime="2018.37" participant="me022" timing-provenance="dialogueact">
      <nite:child href="Bmr002.A.words.xml#id(Bmr002.w.9,189)..id(Bmr002.w.9,191)"/>
   </segment>
   <segment nite:id="Bmr002.segment.1,681" starttime="2023.4" endtime="2023.69" participant="me022" timing-provenance="dialogueact">
      <nite:child href="Bmr002.A.words.xml#id(Bmr002.w.9,206)..id(Bmr002.w.9,207)"/>
   </segment>
   <segment nite:id="Bmr002.segment.1,684" starttime="2024.29" endtime="2024.5" participant="me022" timing-provenance="dialogueact">
      <nite:child href="Bmr002.A.words.xml#id(Bmr002.w.9,212)..id(Bmr002.w.9,213)"/>
   </segment>
   <segment nite:id="Bmr002.segment.1,744" starttime="2116.89" endtime="2117.1" participant="me022" timing-provenance="dialogueact">
      <nite:child href="Bmr002.A.words.xml#id(Bmr002.w.9,564)..id(Bmr002.w.9,566)"/>
   </segment>
   <segment nite:id="Bmr002.segment.1,746" starttime="2117.34" endtime="2117.42" participant="me022" timing-provenance="dialogueact">
      <nite:child href="Bmr002.A.words.xml#id(Bmr002.w.9,571)"/>
   </segment>
   <segment nite:id="Bmr002.segment.1,756" starttime="2125.93" endtime="2126.06" participant="me022" timing-provenance="dialogueact">
      <nite:child href="Bmr002.A.words.xml#id(Bmr002.w.9,627)"/>
   </segment>
   <segment nite:id="Bmr002.segment.1,757" starttime="2126.06" endtime="2126.97" participant="me022" timing-provenance="dialogueact">
      <nite:child href="Bmr002.A.words.xml#id(Bmr002.w.9,628)..id(Bmr002.w.9,632)"/>
   </segment>
   <segment nite:id="Bmr002.segment.1,758" starttime="2127.45" endtime="2128.99" participant="me022" timing-provenance="dialogueact">
      <nite:child href="Bmr002.A.words.xml#id(Bmr002.w.9,633)..id(Bmr002.w.9,639)"/>
   </segment>
   <segment nite:id="Bmr002.segment.1,759" starttime="2128.94" endtime="2130.572" participant="me022" timing-provenance="segment">
      <nite:child href="Bmr002.A.words.xml#id(Bmr002.w.9,640)..id(Bmr002.disfmarker.325)"/>
   </segment>
   <segment nite:id="Bmr002.segment.1,760" starttime="2130.57" endtime="2131.55" participant="me022" timing-provenance="dialogueact">
      <nite:child href="Bmr002.A.words.xml#id(Bmr002.w.9,648)..id(Bmr002.w.9,650)"/>
   </segment>
   <segment nite:id="Bmr002.segment.1,761" starttime="2132.0" endtime="2133.47" participant="me022" timing-provenance="dialogueact">
      <nite:child href="Bmr002.A.words.xml#id(Bmr002.w.9,651)..id(Bmr002.w.9,654)"/>
   </segment>
   <segment nite:id="Bmr002.segment.1,762" starttime="2134.81" endtime="2134.99" participant="me022" timing-provenance="dialogueact">
      <nite:child href="Bmr002.A.words.xml#id(Bmr002.w.9,655)"/>
   </segment>
   <segment nite:id="Bmr002.segment.1,763" starttime="2135.3" endtime="2135.83" participant="me022" timing-provenance="dialogueact">
      <nite:child href="Bmr002.A.words.xml#id(Bmr002.w.9,656)..id(Bmr002.w.9,657)"/>
   </segment>
   <segment nite:id="Bmr002.segment.1,764" starttime="2135.97" endtime="2138.3" participant="me022" timing-provenance="dialogueact">
      <nite:child href="Bmr002.A.words.xml#id(Bmr002.w.9,658)..id(Bmr002.w.9,668)"/>
   </segment>
   <segment nite:id="Bmr002.segment.1,765" starttime="2138.823" endtime="2139.651" participant="me022" timing-provenance="segment">
      <nite:child href="Bmr002.A.words.xml#id(Bmr002.w.9,669)..id(Bmr002.disfmarker.326)"/>
   </segment>
   <segment nite:id="Bmr002.segment.1,766" starttime="2140.07" endtime="2141.68" participant="me022" timing-provenance="dialogueact">
      <nite:child href="Bmr002.A.words.xml#id(Bmr002.w.9,672)..id(Bmr002.w.9,679)"/>
   </segment>
   <segment nite:id="Bmr002.segment.1,767" starttime="2142.436" endtime="2143.129" participant="me022" timing-provenance="segment">
      <nite:child href="Bmr002.A.words.xml#id(Bmr002.w.9,680)..id(Bmr002.w.9,685)"/>
   </segment>
   <segment nite:id="Bmr002.segment.1,769" starttime="2145.34" endtime="2145.51" participant="me022" timing-provenance="dialogueact">
      <nite:child href="Bmr002.A.words.xml#id(Bmr002.w.9,692)..id(Bmr002.w.9,693)"/>
   </segment>
   <segment nite:id="Bmr002.segment.1,771" starttime="2146.18" endtime="2146.35" participant="me022" timing-provenance="dialogueact">
      <nite:child href="Bmr002.A.words.xml#id(Bmr002.w.9,696)..id(Bmr002.w.9,697)"/>
   </segment>
   <segment nite:id="Bmr002.segment.1,802" starttime="2182.395" endtime="2183.084" participant="me022" timing-provenance="segment">
      <nite:child href="Bmr002.A.words.xml#id(Bmr002.vocalsound.110)"/>
   </segment>
   <segment nite:id="Bmr002.segment.1,807" starttime="2187.9" endtime="2188.395" participant="me022" timing-provenance="segment">
      <nite:child href="Bmr002.A.words.xml#id(Bmr002.w.9,862)..id(Bmr002.w.9,863)"/>
   </segment>
   <segment nite:id="Bmr002.segment.1,813" starttime="2190.19" endtime="2190.52" participant="me022" timing-provenance="dialogueact">
      <nite:child href="Bmr002.A.words.xml#id(Bmr002.w.9,874)..id(Bmr002.w.9,875)"/>
   </segment>
   <segment nite:id="Bmr002.segment.1,823" starttime="2195.59" endtime="2197.05" participant="me022" timing-provenance="dialogueact">
      <nite:child href="Bmr002.A.words.xml#id(Bmr002.w.9,905)..id(Bmr002.w.9,915)"/>
   </segment>
   <segment nite:id="Bmr002.segment.1,830" starttime="2200.12" endtime="2200.42" participant="me022" timing-provenance="dialogueact">
      <nite:child href="Bmr002.A.words.xml#id(Bmr002.w.9,941)..id(Bmr002.w.9,942)"/>
   </segment>
   <segment nite:id="Bmr002.segment.1,924" starttime="2316.77" endtime="2317.28" participant="me022" timing-provenance="dialogueact">
      <nite:child href="Bmr002.A.words.xml#id(Bmr002.w.10,428)..id(Bmr002.w.10,431)"/>
   </segment>
   <segment nite:id="Bmr002.segment.2,070" starttime="2491.2" endtime="2491.87" participant="me022" timing-provenance="dialogueact">
      <nite:child href="Bmr002.A.words.xml#id(Bmr002.w.11,280)..id(Bmr002.w.11,288)"/>
   </segment>
   <segment nite:id="Bmr002.segment.2,078" starttime="2499.29" endtime="2501.3" participant="me022" timing-provenance="dialogueact">
      <nite:child href="Bmr002.A.words.xml#id(Bmr002.w.11,320)..id(Bmr002.w.11,329)"/>
   </segment>
   <segment nite:id="Bmr002.segment.2,079" starttime="2501.49" endtime="2502.56" participant="me022" timing-provenance="dialogueact">
      <nite:child href="Bmr002.A.words.xml#id(Bmr002.w.11,330)..id(Bmr002.w.11,337)"/>
   </segment>
   <segment nite:id="Bmr002.segment.2,099" starttime="2520.09" endtime="2520.63" participant="me022" timing-provenance="dialogueact">
      <nite:child href="Bmr002.A.words.xml#id(Bmr002.w.11,457)..id(Bmr002.w.11,460)"/>
   </segment>
   <segment nite:id="Bmr002.segment.2,104" starttime="2523.79" endtime="2524.01" participant="me022" timing-provenance="dialogueact">
      <nite:child href="Bmr002.A.words.xml#id(Bmr002.w.11,471)..id(Bmr002.w.11,472)"/>
   </segment>
   <segment nite:id="Bmr002.segment.2,106" starttime="2526.8" endtime="2527.04" participant="me022" timing-provenance="dialogueact">
      <nite:child href="Bmr002.A.words.xml#id(Bmr002.w.11,485)..id(Bmr002.w.11,486)"/>
   </segment>
   <segment nite:id="Bmr002.segment.2,107" starttime="2527.51" endtime="2527.85" participant="me022" timing-provenance="dialogueact">
      <nite:child href="Bmr002.A.words.xml#id(Bmr002.w.11,487)..id(Bmr002.w.11,488)"/>
   </segment>
   <segment nite:id="Bmr002.segment.2,112" starttime="2534.05" endtime="2534.28" participant="me022" timing-provenance="dialogueact">
      <nite:child href="Bmr002.A.words.xml#id(Bmr002.w.11,519)..id(Bmr002.w.11,520)"/>
   </segment>
   <segment nite:id="Bmr002.segment.2,116" starttime="2536.64" endtime="2537.79" participant="me022" timing-provenance="dialogueact">
      <nite:child href="Bmr002.A.words.xml#id(Bmr002.w.11,535)..id(Bmr002.w.11,542)"/>
   </segment>
   <segment nite:id="Bmr002.segment.2,121" starttime="2540.83" endtime="2541.22" participant="me022" timing-provenance="dialogueact">
      <nite:child href="Bmr002.A.words.xml#id(Bmr002.w.11,569)..id(Bmr002.w.11,571)"/>
   </segment>
   <segment nite:id="Bmr002.segment.2,125" starttime="2543.47" endtime="2543.64" participant="me022" timing-provenance="dialogueact">
      <nite:child href="Bmr002.A.words.xml#id(Bmr002.w.11,583)..id(Bmr002.w.11,584)"/>
   </segment>
   <segment nite:id="Bmr002.segment.2,149" starttime="2587.32" endtime="2589.35" participant="me022" timing-provenance="dialogueact">
      <nite:child href="Bmr002.A.words.xml#id(Bmr002.w.11,667)..id(Bmr002.w.11,672)"/>
   </segment>
   <segment nite:id="Bmr002.segment.2,150" starttime="2589.66" endtime="2592.12" participant="me022" timing-provenance="dialogueact">
      <nite:child href="Bmr002.A.words.xml#id(Bmr002.w.11,673)..id(Bmr002.w.11,679)"/>
   </segment>
   <segment nite:id="Bmr002.segment.2,151" starttime="2592.745" endtime="2595.74" participant="me022" digittask="true" timing-provenance="segment">
      <nite:child href="Bmr002.A.words.xml#id(Bmr002.w.11,680)..id(Bmr002.comment.203)"/>
   </segment>
   <segment nite:id="Bmr002.segment.2,152" starttime="2598.105" endtime="2599.494" participant="me022" digittask="true" timing-provenance="segment">
      <nite:child href="Bmr002.A.words.xml#id(Bmr002.w.11,689)..id(Bmr002.comment.204)"/>
   </segment>
   <segment nite:id="Bmr002.segment.2,153" starttime="2600.418" endtime="2601.183" participant="me022" digittask="true" timing-provenance="segment">
      <nite:child href="Bmr002.A.words.xml#id(Bmr002.w.11,694)..id(Bmr002.comment.205)"/>
   </segment>
   <segment nite:id="Bmr002.segment.2,154" starttime="2601.986" endtime="2604.025" participant="me022" digittask="true" timing-provenance="segment">
      <nite:child href="Bmr002.A.words.xml#id(Bmr002.w.11,695)..id(Bmr002.comment.206)"/>
   </segment>
   <segment nite:id="Bmr002.segment.2,155" starttime="2605.819" endtime="2607.095" participant="me022" digittask="true" timing-provenance="segment">
      <nite:child href="Bmr002.A.words.xml#id(Bmr002.w.11,702)..id(Bmr002.comment.207)"/>
   </segment>
   <segment nite:id="Bmr002.segment.2,156" starttime="2609.491" endtime="2610.874" participant="me022" digittask="true" timing-provenance="segment">
      <nite:child href="Bmr002.A.words.xml#id(Bmr002.w.11,706)..id(Bmr002.comment.208)"/>
   </segment>
   <segment nite:id="Bmr002.segment.2,157" starttime="2611.627" endtime="2612.595" participant="me022" digittask="true" timing-provenance="segment">
      <nite:child href="Bmr002.A.words.xml#id(Bmr002.w.11,710)..id(Bmr002.comment.209)"/>
   </segment>
   <segment nite:id="Bmr002.segment.2,158" starttime="2613.685" endtime="2614.561" participant="me022" digittask="true" timing-provenance="segment">
      <nite:child href="Bmr002.A.words.xml#id(Bmr002.w.11,712)..id(Bmr002.comment.210)"/>
   </segment>
   <segment nite:id="Bmr002.segment.2,159" starttime="2615.064" endtime="2616.25" participant="me022" digittask="true" timing-provenance="segment">
      <nite:child href="Bmr002.A.words.xml#id(Bmr002.w.11,714)..id(Bmr002.comment.211)"/>
   </segment>
   <segment nite:id="Bmr002.segment.2,160" starttime="2616.981" endtime="2617.623" participant="me022" digittask="true" timing-provenance="segment">
      <nite:child href="Bmr002.A.words.xml#id(Bmr002.w.11,717)..id(Bmr002.comment.212)"/>
   </segment>
   <segment nite:id="Bmr002.segment.2,161" starttime="2618.142" endtime="2618.867" participant="me022" digittask="true" timing-provenance="segment">
      <nite:child href="Bmr002.A.words.xml#id(Bmr002.w.11,719)..id(Bmr002.comment.213)"/>
   </segment>
   <segment nite:id="Bmr002.segment.2,162" starttime="2619.568" endtime="2620.571" participant="me022" digittask="true" timing-provenance="segment">
      <nite:child href="Bmr002.A.words.xml#id(Bmr002.w.11,720)..id(Bmr002.comment.214)"/>
   </segment>
   <segment nite:id="Bmr002.segment.2,163" starttime="2620.985" endtime="2621.848" participant="me022" digittask="true" timing-provenance="segment">
      <nite:child href="Bmr002.A.words.xml#id(Bmr002.w.11,722)..id(Bmr002.comment.215)"/>
   </segment>
   <segment nite:id="Bmr002.segment.2,164" starttime="2622.581" endtime="2623.545" participant="me022" digittask="true" timing-provenance="segment">
      <nite:child href="Bmr002.A.words.xml#id(Bmr002.w.11,724)..id(Bmr002.comment.216)"/>
   </segment>
   <segment nite:id="Bmr002.segment.2,165" starttime="2624.11" endtime="2624.82" participant="me022" digittask="true" timing-provenance="segment">
      <nite:child href="Bmr002.A.words.xml#id(Bmr002.w.11,726)..id(Bmr002.comment.217)"/>
   </segment>
   <segment nite:id="Bmr002.segment.2,166" starttime="2625.451" endtime="2626.041" participant="me022" digittask="true" timing-provenance="segment">
      <nite:child href="Bmr002.A.words.xml#id(Bmr002.w.11,727)..id(Bmr002.comment.218)"/>
   </segment>
   <segment nite:id="Bmr002.segment.2,167" starttime="2626.65" endtime="2627.426" participant="me022" digittask="true" timing-provenance="segment">
      <nite:child href="Bmr002.A.words.xml#id(Bmr002.w.11,728)..id(Bmr002.comment.219)"/>
   </segment>
   <segment nite:id="Bmr002.segment.2,168" starttime="2628.699" endtime="2631.105" participant="me022" digittask="true" timing-provenance="segment">
      <nite:child href="Bmr002.A.words.xml#id(Bmr002.w.11,729)..id(Bmr002.comment.220)"/>
   </segment>
   <segment nite:id="Bmr002.segment.2,169" starttime="2632.174" endtime="2633.661" participant="me022" digittask="true" timing-provenance="segment">
      <nite:child href="Bmr002.A.words.xml#id(Bmr002.w.11,736)..id(Bmr002.comment.221)"/>
   </segment>
   <segment nite:id="Bmr002.segment.2,170" starttime="2635.045" endtime="2636.78" participant="me022" digittask="true" timing-provenance="segment">
      <nite:child href="Bmr002.A.words.xml#id(Bmr002.w.11,741)..id(Bmr002.comment.222)"/>
   </segment>
   <segment nite:id="Bmr002.segment.2,171" starttime="2637.462" endtime="2638.243" participant="me022" digittask="true" timing-provenance="segment">
      <nite:child href="Bmr002.A.words.xml#id(Bmr002.w.11,746)..id(Bmr002.comment.223)"/>
   </segment>
   <segment nite:id="Bmr002.segment.2,220" starttime="2738.432" endtime="2740.949" participant="me022" timing-provenance="segment">
      <nite:child href="Bmr002.A.words.xml#id(Bmr002.vocalsound.130)"/>
   </segment>
</nite:root>