<?xml version="1.0" encoding="ISO-8859-1" standalone="yes"?>
<nite:root nite:id="Bmr014.F.segs" xmlns:nite="http://nite.sourceforge.net/">
   <segment nite:id="Bmr014.segment.6" starttime="12.531" endtime="12.921" participant="fe008" timing-provenance="dialogueact">
      <nite:child href="Bmr014.F.words.xml#id(Bmr014.w.21)..id(Bmr014.w.22)"/>
   </segment>
   <segment nite:id="Bmr014.segment.17" starttime="37.403" endtime="41.167" participant="fe008" timing-provenance="segment">
      <nite:child href="Bmr014.F.words.xml#id(Bmr014.w.98)..id(Bmr014.vocalsound.2)"/>
   </segment>
   <segment nite:id="Bmr014.segment.29" starttime="66.749" endtime="67.631" participant="fe008" timing-provenance="segment">
      <nite:child href="Bmr014.F.words.xml#id(Bmr014.vocalsound.4)"/>
   </segment>
   <segment nite:id="Bmr014.segment.30" starttime="67.701" endtime="68.931" participant="fe008" timing-provenance="dialogueact">
      <nite:child href="Bmr014.F.words.xml#id(Bmr014.w.192)..id(Bmr014.w.197)"/>
   </segment>
   <segment nite:id="Bmr014.segment.31" starttime="69.031" endtime="71.091" participant="fe008" timing-provenance="dialogueact">
      <nite:child href="Bmr014.F.words.xml#id(Bmr014.w.198)..id(Bmr014.w.201)"/>
   </segment>
   <segment nite:id="Bmr014.segment.32" starttime="71.171" endtime="74.691" participant="fe008" timing-provenance="dialogueact">
      <nite:child href="Bmr014.F.words.xml#id(Bmr014.w.202)..id(Bmr014.w.207)"/>
   </segment>
   <segment nite:id="Bmr014.segment.33" starttime="74.691" endtime="75.381" participant="fe008" timing-provenance="dialogueact">
      <nite:child href="Bmr014.F.words.xml#id(Bmr014.w.208)..id(Bmr014.w.212)"/>
   </segment>
   <segment nite:id="Bmr014.segment.34" starttime="75.581" endtime="77.111" participant="fe008" timing-provenance="dialogueact">
      <nite:child href="Bmr014.F.words.xml#id(Bmr014.w.213)..id(Bmr014.w.217)"/>
   </segment>
   <segment nite:id="Bmr014.segment.35" starttime="77.241" endtime="78.431" participant="fe008" timing-provenance="dialogueact">
      <nite:child href="Bmr014.F.words.xml#id(Bmr014.w.218)..id(Bmr014.w.227)"/>
   </segment>
   <segment nite:id="Bmr014.segment.38" starttime="79.274" endtime="81.394" participant="fe008" timing-provenance="dialogueact">
      <nite:child href="Bmr014.F.words.xml#id(Bmr014.w.234)..id(Bmr014.w.243)"/>
   </segment>
   <segment nite:id="Bmr014.segment.39" starttime="81.394" endtime="87.054" participant="fe008" timing-provenance="dialogueact">
      <nite:child href="Bmr014.F.words.xml#id(Bmr014.w.244)..id(Bmr014.w.264)"/>
   </segment>
   <segment nite:id="Bmr014.segment.40" starttime="87.254" endtime="91.404" participant="fe008" timing-provenance="dialogueact">
      <nite:child href="Bmr014.F.words.xml#id(Bmr014.w.265)..id(Bmr014.w.298)"/>
   </segment>
   <segment nite:id="Bmr014.segment.45" starttime="94.666" endtime="94.966" participant="fe008" timing-provenance="dialogueact">
      <nite:child href="Bmr014.F.words.xml#id(Bmr014.w.322)..id(Bmr014.w.323)"/>
   </segment>
   <segment nite:id="Bmr014.segment.47" starttime="95.985" endtime="96.215" participant="fe008" timing-provenance="dialogueact">
      <nite:child href="Bmr014.F.words.xml#id(Bmr014.w.326)..id(Bmr014.w.327)"/>
   </segment>
   <segment nite:id="Bmr014.segment.49" starttime="96.895" endtime="98.855" participant="fe008" timing-provenance="dialogueact">
      <nite:child href="Bmr014.F.words.xml#id(Bmr014.w.330)..id(Bmr014.w.340)"/>
   </segment>
   <segment nite:id="Bmr014.segment.50" starttime="99.225" endtime="99.305" participant="fe008" timing-provenance="dialogueact">
      <nite:child href="Bmr014.F.words.xml#id(Bmr014.w.341)..id(Bmr014.w.342)"/>
   </segment>
   <segment nite:id="Bmr014.segment.56" starttime="110.221" endtime="110.681" participant="fe008" timing-provenance="dialogueact">
      <nite:child href="Bmr014.F.words.xml#id(Bmr014.w.399)..id(Bmr014.w.402)"/>
   </segment>
   <segment nite:id="Bmr014.segment.57" starttime="110.715" endtime="111.569" participant="fe008" timing-provenance="segment">
      <nite:child href="Bmr014.F.words.xml#id(Bmr014.w.403)..id(Bmr014.disfmarker.12)"/>
   </segment>
   <segment nite:id="Bmr014.segment.58" starttime="111.591" endtime="114.491" participant="fe008" timing-provenance="dialogueact">
      <nite:child href="Bmr014.F.words.xml#id(Bmr014.w.405)..id(Bmr014.w.423)"/>
   </segment>
   <segment nite:id="Bmr014.segment.62" starttime="122.713" endtime="123.5" participant="fe008" timing-provenance="segment">
      <nite:child href="Bmr014.F.words.xml#id(Bmr014.w.492)..id(Bmr014.disfmarker.15)"/>
   </segment>
   <segment nite:id="Bmr014.segment.63" starttime="125.637" endtime="125.837" participant="fe008" timing-provenance="dialogueact">
      <nite:child href="Bmr014.F.words.xml#id(Bmr014.w.494)..id(Bmr014.w.495)"/>
   </segment>
   <segment nite:id="Bmr014.segment.67" starttime="128.091" endtime="128.311" participant="fe008" timing-provenance="dialogueact">
      <nite:child href="Bmr014.F.words.xml#id(Bmr014.w.504)..id(Bmr014.w.505)"/>
   </segment>
   <segment nite:id="Bmr014.segment.80" starttime="160.335" endtime="160.445" participant="fe008" timing-provenance="dialogueact">
      <nite:child href="Bmr014.F.words.xml#id(Bmr014.w.607)..id(Bmr014.w.608)"/>
   </segment>
   <segment nite:id="Bmr014.segment.85" starttime="168.877" endtime="170.604" participant="fe008" timing-provenance="segment">
      <nite:child href="Bmr014.F.words.xml#id(Bmr014.vocalsound.15)"/>
   </segment>
   <segment nite:id="Bmr014.segment.141" starttime="282.169" endtime="282.393" participant="fe008" timing-provenance="segment">
      <nite:child href="Bmr014.F.words.xml#id(Bmr014.vocalsound.24)"/>
   </segment>
   <segment nite:id="Bmr014.segment.142" starttime="282.543" endtime="286.693" participant="fe008" timing-provenance="dialogueact">
      <nite:child href="Bmr014.F.words.xml#id(Bmr014.w.1,046)..id(Bmr014.w.1,063)"/>
   </segment>
   <segment nite:id="Bmr014.segment.143" starttime="288.048" endtime="292.488" participant="fe008" timing-provenance="dialogueact">
      <nite:child href="Bmr014.F.words.xml#id(Bmr014.w.1,064)..id(Bmr014.w.1,078)"/>
   </segment>
   <segment nite:id="Bmr014.segment.280" starttime="583.548" endtime="584.208" participant="fe008" timing-provenance="dialogueact">
      <nite:child href="Bmr014.F.words.xml#id(Bmr014.w.2,280)..id(Bmr014.w.2,285)"/>
   </segment>
   <segment nite:id="Bmr014.segment.282" starttime="584.828" endtime="589.088" participant="fe008" timing-provenance="dialogueact">
      <nite:child href="Bmr014.F.words.xml#id(Bmr014.w.2,294)..id(Bmr014.w.2,314)"/>
   </segment>
   <segment nite:id="Bmr014.segment.287" starttime="610.834" endtime="610.984" participant="fe008" timing-provenance="dialogueact">
      <nite:child href="Bmr014.F.words.xml#id(Bmr014.w.2,398)..id(Bmr014.w.2,401)"/>
   </segment>
   <segment nite:id="Bmr014.segment.288" starttime="611.227" endtime="612.823" participant="fe008" timing-provenance="segment">
      <nite:child href="Bmr014.F.words.xml#id(Bmr014.w.2,402)..id(Bmr014.disfmarker.91)"/>
   </segment>
   <segment nite:id="Bmr014.segment.289" starttime="613.034" endtime="614.844" participant="fe008" timing-provenance="dialogueact">
      <nite:child href="Bmr014.F.words.xml#id(Bmr014.w.2,411)..id(Bmr014.w.2,422)"/>
   </segment>
   <segment nite:id="Bmr014.segment.297" starttime="628.021" endtime="628.822" participant="fe008" timing-provenance="segment">
      <nite:child href="Bmr014.F.words.xml#id(Bmr014.w.2,482)..id(Bmr014.comment.11)"/>
   </segment>
   <segment nite:id="Bmr014.segment.308" starttime="652.25" endtime="655.17" participant="fe008" timing-provenance="dialogueact">
      <nite:child href="Bmr014.F.words.xml#id(Bmr014.w.2,579)..id(Bmr014.w.2,590)"/>
   </segment>
   <segment nite:id="Bmr014.segment.311" starttime="657.178" endtime="657.619" participant="fe008" timing-provenance="segment">
      <nite:child href="Bmr014.F.words.xml#id(Bmr014.w.2,614)..id(Bmr014.comment.13)"/>
   </segment>
   <segment nite:id="Bmr014.segment.312" starttime="658.414" endtime="661.404" participant="fe008" timing-provenance="dialogueact">
      <nite:child href="Bmr014.F.words.xml#id(Bmr014.w.2,616)..id(Bmr014.w.2,632)"/>
   </segment>
   <segment nite:id="Bmr014.segment.314" starttime="662.682" endtime="663.862" participant="fe008" timing-provenance="dialogueact">
      <nite:child href="Bmr014.F.words.xml#id(Bmr014.w.2,637)..id(Bmr014.w.2,644)"/>
   </segment>
   <segment nite:id="Bmr014.segment.320" starttime="669.353" endtime="670.473" participant="fe008" timing-provenance="dialogueact">
      <nite:child href="Bmr014.F.words.xml#id(Bmr014.w.2,684)..id(Bmr014.w.2,688)"/>
   </segment>
   <segment nite:id="Bmr014.segment.323" starttime="672.526" endtime="672.846" participant="fe008" timing-provenance="dialogueact">
      <nite:child href="Bmr014.F.words.xml#id(Bmr014.w.2,702)..id(Bmr014.w.2,703)"/>
   </segment>
   <segment nite:id="Bmr014.segment.336" starttime="685.754" endtime="686.094" participant="fe008" timing-provenance="dialogueact">
      <nite:child href="Bmr014.F.words.xml#id(Bmr014.w.2,759)..id(Bmr014.w.2,760)"/>
   </segment>
   <segment nite:id="Bmr014.segment.341" starttime="689.237" endtime="689.567" participant="fe008" timing-provenance="dialogueact">
      <nite:child href="Bmr014.F.words.xml#id(Bmr014.w.2,783)..id(Bmr014.w.2,784)"/>
   </segment>
   <segment nite:id="Bmr014.segment.348" starttime="698.282" endtime="698.562" participant="fe008" timing-provenance="dialogueact">
      <nite:child href="Bmr014.F.words.xml#id(Bmr014.w.2,824)..id(Bmr014.w.2,825)"/>
   </segment>
   <segment nite:id="Bmr014.segment.349" starttime="698.639" endtime="699.841" participant="fe008" timing-provenance="segment">
      <nite:child href="Bmr014.F.words.xml#id(Bmr014.vocalsound.40)..id(Bmr014.disfmarker.100)"/>
   </segment>
   <segment nite:id="Bmr014.segment.352" starttime="702.4" endtime="702.57" participant="fe008" timing-provenance="dialogueact">
      <nite:child href="Bmr014.F.words.xml#id(Bmr014.w.2,841)..id(Bmr014.w.2,842)"/>
   </segment>
   <segment nite:id="Bmr014.segment.353" starttime="702.75" endtime="706.14" participant="fe008" timing-provenance="dialogueact">
      <nite:child href="Bmr014.F.words.xml#id(Bmr014.w.2,843)..id(Bmr014.w.2,859)"/>
   </segment>
   <segment nite:id="Bmr014.segment.373" starttime="737.372" endtime="737.722" participant="fe008" timing-provenance="segment">
      <nite:child href="Bmr014.F.words.xml#id(Bmr014.vocalsound.42)"/>
   </segment>
   <segment nite:id="Bmr014.segment.374" starttime="737.862" endtime="742.7" participant="fe008" timing-provenance="dialogueact">
      <nite:child href="Bmr014.F.words.xml#id(Bmr014.w.3,003)..id(Bmr014.pause.21)"/>
   </segment>
   <segment nite:id="Bmr014.segment.377" starttime="742.7" endtime="752.23" participant="fe008" timing-provenance="dialogueact">
      <nite:child href="Bmr014.F.words.xml#id(Bmr014.w.3,021)..id(Bmr014.w.3,059)"/>
   </segment>
   <segment nite:id="Bmr014.segment.380" starttime="753.142" endtime="762.452" participant="fe008" timing-provenance="dialogueact">
      <nite:child href="Bmr014.F.words.xml#id(Bmr014.w.3,060)..id(Bmr014.w.3,098)"/>
   </segment>
   <segment nite:id="Bmr014.segment.382" starttime="762.999" endtime="768.119" participant="fe008" timing-provenance="dialogueact">
      <nite:child href="Bmr014.F.words.xml#id(Bmr014.w.3,099)..id(Bmr014.w.3,115)"/>
   </segment>
   <segment nite:id="Bmr014.segment.384" starttime="768.541" endtime="772.691" participant="fe008" timing-provenance="dialogueact">
      <nite:child href="Bmr014.F.words.xml#id(Bmr014.w.3,116)..id(Bmr014.w.3,129)"/>
   </segment>
   <segment nite:id="Bmr014.segment.385" starttime="773.117" endtime="778.795" participant="fe008" timing-provenance="segment">
      <nite:child href="Bmr014.F.words.xml#id(Bmr014.w.3,130)..id(Bmr014.disfmarker.116)"/>
   </segment>
   <segment nite:id="Bmr014.segment.387" starttime="779.134" endtime="784.246" participant="fe008" timing-provenance="segment">
      <nite:child href="Bmr014.F.words.xml#id(Bmr014.w.3,159)..id(Bmr014.disfmarker.118)"/>
   </segment>
   <segment nite:id="Bmr014.segment.388" starttime="784.284" endtime="786.734" participant="fe008" timing-provenance="dialogueact">
      <nite:child href="Bmr014.F.words.xml#id(Bmr014.w.3,191)..id(Bmr014.w.3,205)"/>
   </segment>
   <segment nite:id="Bmr014.segment.389" starttime="787.197" endtime="792.947" participant="fe008" timing-provenance="dialogueact">
      <nite:child href="Bmr014.F.words.xml#id(Bmr014.w.3,206)..id(Bmr014.w.3,227)"/>
   </segment>
   <segment nite:id="Bmr014.segment.399" starttime="809.623" endtime="810.582" participant="fe008" timing-provenance="segment">
      <nite:child href="Bmr014.F.words.xml#id(Bmr014.vocalsound.43)"/>
   </segment>
   <segment nite:id="Bmr014.segment.401" starttime="810.622" endtime="813.582" participant="fe008" timing-provenance="dialogueact">
      <nite:child href="Bmr014.F.words.xml#id(Bmr014.w.3,316)..id(Bmr014.w.3,331)"/>
   </segment>
   <segment nite:id="Bmr014.segment.402" starttime="813.812" endtime="816.882" participant="fe008" timing-provenance="dialogueact">
      <nite:child href="Bmr014.F.words.xml#id(Bmr014.w.3,332)..id(Bmr014.w.3,348)"/>
   </segment>
   <segment nite:id="Bmr014.segment.403" starttime="816.882" endtime="818.792" participant="fe008" timing-provenance="dialogueact">
      <nite:child href="Bmr014.F.words.xml#id(Bmr014.w.3,349)..id(Bmr014.w.3,358)"/>
   </segment>
   <segment nite:id="Bmr014.segment.405" starttime="819.051" endtime="822.601" participant="fe008" timing-provenance="dialogueact">
      <nite:child href="Bmr014.F.words.xml#id(Bmr014.w.3,367)..id(Bmr014.w.3,388)"/>
   </segment>
   <segment nite:id="Bmr014.segment.407" starttime="822.921" endtime="825.021" participant="fe008" timing-provenance="dialogueact">
      <nite:child href="Bmr014.F.words.xml#id(Bmr014.w.3,398)..id(Bmr014.w.3,413)"/>
   </segment>
   <segment nite:id="Bmr014.segment.408" starttime="825.471" endtime="831.631" participant="fe008" timing-provenance="dialogueact">
      <nite:child href="Bmr014.F.words.xml#id(Bmr014.w.3,414)..id(Bmr014.w.3,440)"/>
   </segment>
   <segment nite:id="Bmr014.segment.409" starttime="832.042" endtime="834.102" participant="fe008" timing-provenance="dialogueact">
      <nite:child href="Bmr014.F.words.xml#id(Bmr014.w.3,441)..id(Bmr014.w.3,451)"/>
   </segment>
   <segment nite:id="Bmr014.segment.411" starttime="834.102" endtime="836.032" participant="fe008" timing-provenance="dialogueact">
      <nite:child href="Bmr014.F.words.xml#id(Bmr014.w.3,469)..id(Bmr014.w.3,480)"/>
   </segment>
   <segment nite:id="Bmr014.segment.414" starttime="839.885" endtime="840.915" participant="fe008" timing-provenance="dialogueact">
      <nite:child href="Bmr014.F.words.xml#id(Bmr014.w.3,498)..id(Bmr014.w.3,502)"/>
   </segment>
   <segment nite:id="Bmr014.segment.416" starttime="841.085" endtime="843.105" participant="fe008" timing-provenance="dialogueact">
      <nite:child href="Bmr014.F.words.xml#id(Bmr014.w.3,511)..id(Bmr014.w.3,524)"/>
   </segment>
   <segment nite:id="Bmr014.segment.417" starttime="843.577" endtime="849.675" participant="fe008" timing-provenance="segment">
      <nite:child href="Bmr014.F.words.xml#id(Bmr014.w.3,525)..id(Bmr014.disfmarker.133)"/>
   </segment>
   <segment nite:id="Bmr014.segment.418" starttime="849.836" endtime="856.821" participant="fe008" timing-provenance="segment">
      <nite:child href="Bmr014.F.words.xml#id(Bmr014.w.3,557)..id(Bmr014.disfmarker.135)"/>
   </segment>
   <segment nite:id="Bmr014.segment.419" starttime="858.136" endtime="864.766" participant="fe008" timing-provenance="dialogueact">
      <nite:child href="Bmr014.F.words.xml#id(Bmr014.w.3,582)..id(Bmr014.w.3,605)"/>
   </segment>
   <segment nite:id="Bmr014.segment.420" starttime="865.355" endtime="868.709" participant="fe008" timing-provenance="segment">
      <nite:child href="Bmr014.F.words.xml#id(Bmr014.w.3,606)..id(Bmr014.w.3,619)"/>
   </segment>
   <segment nite:id="Bmr014.segment.421" starttime="868.709" endtime="877.832" participant="fe008" timing-provenance="segment">
      <nite:child href="Bmr014.F.words.xml#id(Bmr014.w.3,620)..id(Bmr014.disfmarker.138)"/>
   </segment>
   <segment nite:id="Bmr014.segment.425" starttime="878.285" endtime="886.825" participant="fe008" timing-provenance="dialogueact">
      <nite:child href="Bmr014.F.words.xml#id(Bmr014.w.3,668)..id(Bmr014.w.3,719)"/>
   </segment>
   <segment nite:id="Bmr014.segment.427" starttime="887.161" endtime="889.871" participant="fe008" timing-provenance="dialogueact">
      <nite:child href="Bmr014.F.words.xml#id(Bmr014.w.3,720)..id(Bmr014.w.3,736)"/>
   </segment>
   <segment nite:id="Bmr014.segment.429" starttime="890.331" endtime="894.911" participant="fe008" timing-provenance="dialogueact">
      <nite:child href="Bmr014.F.words.xml#id(Bmr014.w.3,741)..id(Bmr014.w.3,761)"/>
   </segment>
   <segment nite:id="Bmr014.segment.430" starttime="895.031" endtime="899.711" participant="fe008" timing-provenance="dialogueact">
      <nite:child href="Bmr014.F.words.xml#id(Bmr014.w.3,762)..id(Bmr014.w.3,779)"/>
   </segment>
   <segment nite:id="Bmr014.segment.432" starttime="899.711" endtime="901.391" participant="fe008" timing-provenance="dialogueact">
      <nite:child href="Bmr014.F.words.xml#id(Bmr014.w.3,782)..id(Bmr014.w.3,788)"/>
   </segment>
   <segment nite:id="Bmr014.segment.435" starttime="901.928" endtime="902.558" participant="fe008" timing-provenance="dialogueact">
      <nite:child href="Bmr014.F.words.xml#id(Bmr014.w.3,793)..id(Bmr014.w.3,796)"/>
   </segment>
   <segment nite:id="Bmr014.segment.436" starttime="902.596" endtime="910.388" participant="fe008" timing-provenance="segment">
      <nite:child href="Bmr014.F.words.xml#id(Bmr014.vocalsound.44)..id(Bmr014.w.3,817)"/>
   </segment>
   <segment nite:id="Bmr014.segment.437" starttime="910.818" endtime="912.778" participant="fe008" timing-provenance="dialogueact">
      <nite:child href="Bmr014.F.words.xml#id(Bmr014.w.3,818)..id(Bmr014.w.3,830)"/>
   </segment>
   <segment nite:id="Bmr014.segment.438" starttime="913.128" endtime="926.428" participant="fe008" timing-provenance="dialogueact">
      <nite:child href="Bmr014.F.words.xml#id(Bmr014.w.3,831)..id(Bmr014.w.3,893)"/>
   </segment>
   <segment nite:id="Bmr014.segment.442" starttime="927.661" endtime="942.531" participant="fe008" timing-provenance="dialogueact">
      <nite:child href="Bmr014.F.words.xml#id(Bmr014.w.3,910)..id(Bmr014.w.3,961)"/>
   </segment>
   <segment nite:id="Bmr014.segment.445" starttime="943.848" endtime="945.408" participant="fe008" timing-provenance="dialogueact">
      <nite:child href="Bmr014.F.words.xml#id(Bmr014.w.3,970)..id(Bmr014.w.3,976)"/>
   </segment>
   <segment nite:id="Bmr014.segment.447" starttime="948.956" endtime="959.939" participant="fe008" timing-provenance="segment">
      <nite:child href="Bmr014.F.words.xml#id(Bmr014.vocalsound.46)..id(Bmr014.w.4,039)"/>
   </segment>
   <segment nite:id="Bmr014.segment.451" starttime="960.303" endtime="961.873" participant="fe008" timing-provenance="dialogueact">
      <nite:child href="Bmr014.F.words.xml#id(Bmr014.w.4,048)..id(Bmr014.w.4,059)"/>
   </segment>
   <segment nite:id="Bmr014.segment.452" starttime="961.915" endtime="966.33" participant="fe008" timing-provenance="segment">
      <nite:child href="Bmr014.F.words.xml#id(Bmr014.vocalsound.47)..id(Bmr014.w.4,074)"/>
   </segment>
   <segment nite:id="Bmr014.segment.453" starttime="966.663" endtime="973.723" participant="fe008" timing-provenance="dialogueact">
      <nite:child href="Bmr014.F.words.xml#id(Bmr014.w.4,075)..id(Bmr014.w.4,106)"/>
   </segment>
   <segment nite:id="Bmr014.segment.455" starttime="974.347" endtime="983.357" participant="fe008" timing-provenance="dialogueact">
      <nite:child href="Bmr014.F.words.xml#id(Bmr014.w.4,111)..id(Bmr014.w.4,141)"/>
   </segment>
   <segment nite:id="Bmr014.segment.457" starttime="985.29" endtime="992.47" participant="fe008" timing-provenance="dialogueact">
      <nite:child href="Bmr014.F.words.xml#id(Bmr014.w.4,149)..id(Bmr014.w.4,173)"/>
   </segment>
   <segment nite:id="Bmr014.segment.459" starttime="992.929" endtime="996.429" participant="fe008" timing-provenance="dialogueact">
      <nite:child href="Bmr014.F.words.xml#id(Bmr014.w.4,174)..id(Bmr014.w.4,188)"/>
   </segment>
   <segment nite:id="Bmr014.segment.460" starttime="996.669" endtime="1002.99" participant="fe008" timing-provenance="dialogueact">
      <nite:child href="Bmr014.F.words.xml#id(Bmr014.w.4,189)..id(Bmr014.w.4,217)"/>
   </segment>
   <segment nite:id="Bmr014.segment.463" starttime="1003.55" endtime="1008.78" participant="fe008" timing-provenance="dialogueact">
      <nite:child href="Bmr014.F.words.xml#id(Bmr014.w.4,222)..id(Bmr014.w.4,245)"/>
   </segment>
   <segment nite:id="Bmr014.segment.464" starttime="1009.31" endtime="1019.0" participant="fe008" timing-provenance="dialogueact">
      <nite:child href="Bmr014.F.words.xml#id(Bmr014.w.4,246)..id(Bmr014.w.4,287)"/>
   </segment>
   <segment nite:id="Bmr014.segment.467" starttime="1020.86" endtime="1023.3" participant="fe008" timing-provenance="dialogueact">
      <nite:child href="Bmr014.F.words.xml#id(Bmr014.w.4,301)..id(Bmr014.w.4,316)"/>
   </segment>
   <segment nite:id="Bmr014.segment.469" starttime="1023.94" endtime="1029.73" participant="fe008" timing-provenance="dialogueact">
      <nite:child href="Bmr014.F.words.xml#id(Bmr014.w.4,321)..id(Bmr014.w.4,339)"/>
   </segment>
   <segment nite:id="Bmr014.segment.471" starttime="1030.13" endtime="1039.55" participant="fe008" timing-provenance="dialogueact">
      <nite:child href="Bmr014.F.words.xml#id(Bmr014.w.4,345)..id(Bmr014.w.4,384)"/>
   </segment>
   <segment nite:id="Bmr014.segment.473" starttime="1039.99" endtime="1044.98" participant="fe008" timing-provenance="dialogueact">
      <nite:child href="Bmr014.F.words.xml#id(Bmr014.w.4,387)..id(Bmr014.w.4,403)"/>
   </segment>
   <segment nite:id="Bmr014.segment.475" starttime="1045.47" endtime="1046.26" participant="fe008" timing-provenance="dialogueact">
      <nite:child href="Bmr014.F.words.xml#id(Bmr014.w.4,408)..id(Bmr014.w.4,410)"/>
   </segment>
   <segment nite:id="Bmr014.segment.476" starttime="1047.67" endtime="1051.81" participant="fe008" timing-provenance="dialogueact">
      <nite:child href="Bmr014.F.words.xml#id(Bmr014.w.4,411)..id(Bmr014.w.4,431)"/>
   </segment>
   <segment nite:id="Bmr014.segment.478" starttime="1052.26" endtime="1063.68" participant="fe008" timing-provenance="dialogueact">
      <nite:child href="Bmr014.F.words.xml#id(Bmr014.w.4,432)..id(Bmr014.w.4,487)"/>
   </segment>
   <segment nite:id="Bmr014.segment.480" starttime="1064.08" endtime="1077.97" participant="fe008" timing-provenance="dialogueact">
      <nite:child href="Bmr014.F.words.xml#id(Bmr014.w.4,488)..id(Bmr014.w.4,547)"/>
   </segment>
   <segment nite:id="Bmr014.segment.486" starttime="1080.724" endtime="1087.448" participant="fe008" timing-provenance="segment">
      <nite:child href="Bmr014.F.words.xml#id(Bmr014.vocalsound.54)..id(Bmr014.w.4,600)"/>
   </segment>
   <segment nite:id="Bmr014.segment.490" starttime="1087.448" endtime="1089.48" participant="fe008" timing-provenance="segment">
      <nite:child href="Bmr014.F.words.xml#id(Bmr014.w.4,603)..id(Bmr014.disfmarker.169)"/>
   </segment>
   <segment nite:id="Bmr014.segment.492" starttime="1089.947" endtime="1093.108" participant="fe008" timing-provenance="segment">
      <nite:child href="Bmr014.F.words.xml#id(Bmr014.w.4,616)..id(Bmr014.disfmarker.170)"/>
   </segment>
   <segment nite:id="Bmr014.segment.494" starttime="1093.915" endtime="1101.245" participant="fe008" timing-provenance="segment">
      <nite:child href="Bmr014.F.words.xml#id(Bmr014.w.4,626)..id(Bmr014.disfmarker.175)"/>
   </segment>
   <segment nite:id="Bmr014.segment.498" starttime="1101.41" endtime="1109.4" participant="fe008" timing-provenance="dialogueact">
      <nite:child href="Bmr014.F.words.xml#id(Bmr014.w.4,671)..id(Bmr014.w.4,715)"/>
   </segment>
   <segment nite:id="Bmr014.segment.499" starttime="1109.76" endtime="1116.88" participant="fe008" timing-provenance="dialogueact">
      <nite:child href="Bmr014.F.words.xml#id(Bmr014.w.4,716)..id(Bmr014.w.4,751)"/>
   </segment>
   <segment nite:id="Bmr014.segment.502" starttime="1117.51" endtime="1119.81" participant="fe008" timing-provenance="dialogueact">
      <nite:child href="Bmr014.F.words.xml#id(Bmr014.w.4,756)..id(Bmr014.w.4,764)"/>
   </segment>
   <segment nite:id="Bmr014.segment.504" starttime="1119.896" endtime="1126.016" participant="fe008" timing-provenance="segment">
      <nite:child href="Bmr014.F.words.xml#id(Bmr014.w.4,769)..id(Bmr014.disfmarker.182)"/>
   </segment>
   <segment nite:id="Bmr014.segment.507" starttime="1129.15" endtime="1129.8" participant="fe008" timing-provenance="dialogueact">
      <nite:child href="Bmr014.F.words.xml#id(Bmr014.w.4,812)..id(Bmr014.w.4,814)"/>
   </segment>
   <segment nite:id="Bmr014.segment.509" starttime="1130.284" endtime="1131.58" participant="fe008" timing-provenance="segment">
      <nite:child href="Bmr014.F.words.xml#id(Bmr014.w.4,819)..id(Bmr014.disfmarker.184)"/>
   </segment>
   <segment nite:id="Bmr014.segment.510" starttime="1132.05" endtime="1132.8" participant="fe008" timing-provenance="dialogueact">
      <nite:child href="Bmr014.F.words.xml#id(Bmr014.w.4,825)..id(Bmr014.w.4,827)"/>
   </segment>
   <segment nite:id="Bmr014.segment.512" starttime="1135.36" endtime="1136.899" participant="fe008" timing-provenance="segment">
      <nite:child href="Bmr014.F.words.xml#id(Bmr014.w.4,836)..id(Bmr014.comment.18)"/>
   </segment>
   <segment nite:id="Bmr014.segment.516" starttime="1140.94" endtime="1146.76" participant="fe008" timing-provenance="dialogueact">
      <nite:child href="Bmr014.F.words.xml#id(Bmr014.w.4,873)..id(Bmr014.w.4,899)"/>
   </segment>
   <segment nite:id="Bmr014.segment.519" starttime="1148.04" endtime="1152.22" participant="fe008" timing-provenance="dialogueact">
      <nite:child href="Bmr014.F.words.xml#id(Bmr014.w.4,906)..id(Bmr014.w.4,921)"/>
   </segment>
   <segment nite:id="Bmr014.segment.521" starttime="1153.01" endtime="1159.18" participant="fe008" timing-provenance="dialogueact">
      <nite:child href="Bmr014.F.words.xml#id(Bmr014.w.4,927)..id(Bmr014.w.4,956)"/>
   </segment>
   <segment nite:id="Bmr014.segment.523" starttime="1161.14" endtime="1161.38" participant="fe008" timing-provenance="dialogueact">
      <nite:child href="Bmr014.F.words.xml#id(Bmr014.w.4,962)..id(Bmr014.w.4,963)"/>
   </segment>
   <segment nite:id="Bmr014.segment.525" starttime="1165.6" endtime="1167.16" participant="fe008" timing-provenance="dialogueact">
      <nite:child href="Bmr014.F.words.xml#id(Bmr014.w.4,972)..id(Bmr014.w.4,985)"/>
   </segment>
   <segment nite:id="Bmr014.segment.527" starttime="1167.16" endtime="1171.02" participant="fe008" timing-provenance="dialogueact">
      <nite:child href="Bmr014.F.words.xml#id(Bmr014.w.4,988)..id(Bmr014.w.5,004)"/>
   </segment>
   <segment nite:id="Bmr014.segment.588" starttime="1313.701" endtime="1315.053" participant="fe008" timing-provenance="segment">
      <nite:child href="Bmr014.F.words.xml#id(Bmr014.vocalsound.67)"/>
   </segment>
   <segment nite:id="Bmr014.segment.633" starttime="1506.701" endtime="1514.638" participant="fe008" timing-provenance="segment">
      <nite:child href="Bmr014.F.words.xml#id(Bmr014.vocalsound.71)..id(Bmr014.w.6,337)"/>
   </segment>
   <segment nite:id="Bmr014.segment.636" starttime="1514.638" endtime="1516.319" participant="fe008" timing-provenance="segment">
      <nite:child href="Bmr014.F.words.xml#id(Bmr014.w.6,342)..id(Bmr014.comment.25)"/>
   </segment>
   <segment nite:id="Bmr014.segment.638" starttime="1516.82" endtime="1517.11" participant="fe008" timing-provenance="dialogueact">
      <nite:child href="Bmr014.F.words.xml#id(Bmr014.w.6,371)..id(Bmr014.w.6,372)"/>
   </segment>
   <segment nite:id="Bmr014.segment.665" starttime="1619.12" endtime="1621.11" participant="fe008" timing-provenance="dialogueact">
      <nite:child href="Bmr014.F.words.xml#id(Bmr014.w.6,795)..id(Bmr014.w.6,805)"/>
   </segment>
   <segment nite:id="Bmr014.segment.677" starttime="1645.623" endtime="1646.303" participant="fe008" timing-provenance="segment">
      <nite:child href="Bmr014.F.words.xml#id(Bmr014.vocalsound.78)"/>
   </segment>
   <segment nite:id="Bmr014.segment.679" starttime="1646.303" endtime="1647.75" participant="fe008" timing-provenance="segment">
      <nite:child href="Bmr014.F.words.xml#id(Bmr014.w.6,906)..id(Bmr014.comment.27)"/>
   </segment>
   <segment nite:id="Bmr014.segment.698" starttime="1685.916" endtime="1686.687" participant="fe008" timing-provenance="segment">
      <nite:child href="Bmr014.F.words.xml#id(Bmr014.vocalsound.82)"/>
   </segment>
   <segment nite:id="Bmr014.segment.704" starttime="1700.93" endtime="1706.2" participant="fe008" timing-provenance="dialogueact">
      <nite:child href="Bmr014.F.words.xml#id(Bmr014.w.7,135)..id(Bmr014.w.7,156)"/>
   </segment>
   <segment nite:id="Bmr014.segment.705" starttime="1706.57" endtime="1713.26" participant="fe008" timing-provenance="dialogueact">
      <nite:child href="Bmr014.F.words.xml#id(Bmr014.w.7,157)..id(Bmr014.w.7,183)"/>
   </segment>
   <segment nite:id="Bmr014.segment.707" starttime="1713.78" endtime="1724.3" participant="fe008" timing-provenance="dialogueact">
      <nite:child href="Bmr014.F.words.xml#id(Bmr014.w.7,187)..id(Bmr014.w.7,240)"/>
   </segment>
   <segment nite:id="Bmr014.segment.709" starttime="1725.05" endtime="1735.3" participant="fe008" timing-provenance="dialogueact">
      <nite:child href="Bmr014.F.words.xml#id(Bmr014.w.7,252)..id(Bmr014.w.7,296)"/>
   </segment>
   <segment nite:id="Bmr014.segment.710" starttime="1735.79" endtime="1740.63" participant="fe008" timing-provenance="dialogueact">
      <nite:child href="Bmr014.F.words.xml#id(Bmr014.w.7,297)..id(Bmr014.w.7,313)"/>
   </segment>
   <segment nite:id="Bmr014.segment.711" starttime="1741.07" endtime="1749.45" participant="fe008" timing-provenance="dialogueact">
      <nite:child href="Bmr014.F.words.xml#id(Bmr014.w.7,314)..id(Bmr014.w.7,361)"/>
   </segment>
   <segment nite:id="Bmr014.segment.721" starttime="1768.31" endtime="1768.69" participant="fe008" timing-provenance="dialogueact">
      <nite:child href="Bmr014.F.words.xml#id(Bmr014.w.7,458)..id(Bmr014.w.7,461)"/>
   </segment>
   <segment nite:id="Bmr014.segment.731" starttime="1781.53" endtime="1782.19" participant="fe008" timing-provenance="dialogueact">
      <nite:child href="Bmr014.F.words.xml#id(Bmr014.w.7,505)..id(Bmr014.w.7,510)"/>
   </segment>
   <segment nite:id="Bmr014.segment.737" starttime="1793.66" endtime="1795.02" participant="fe008" timing-provenance="dialogueact">
      <nite:child href="Bmr014.F.words.xml#id(Bmr014.w.7,580)..id(Bmr014.w.7,590)"/>
   </segment>
   <segment nite:id="Bmr014.segment.740" starttime="1798.94" endtime="1801.27" participant="fe008" timing-provenance="dialogueact">
      <nite:child href="Bmr014.F.words.xml#id(Bmr014.w.7,622)..id(Bmr014.w.7,634)"/>
   </segment>
   <segment nite:id="Bmr014.segment.745" starttime="1803.265" endtime="1804.357" participant="fe008" timing-provenance="segment">
      <nite:child href="Bmr014.F.words.xml#id(Bmr014.w.7,643)..id(Bmr014.comment.29)"/>
   </segment>
   <segment nite:id="Bmr014.segment.752" starttime="1819.57" endtime="1821.69" participant="fe008" timing-provenance="dialogueact">
      <nite:child href="Bmr014.F.words.xml#id(Bmr014.w.7,732)..id(Bmr014.w.7,744)"/>
   </segment>
   <segment nite:id="Bmr014.segment.756" starttime="1823.225" endtime="1827.344" participant="fe008" timing-provenance="segment">
      <nite:child href="Bmr014.F.words.xml#id(Bmr014.w.7,750)..id(Bmr014.vocalsound.90)"/>
   </segment>
   <segment nite:id="Bmr014.segment.758" starttime="1831.28" endtime="1832.22" participant="fe008" timing-provenance="dialogueact">
      <nite:child href="Bmr014.F.words.xml#id(Bmr014.w.7,782)..id(Bmr014.w.7,786)"/>
   </segment>
   <segment nite:id="Bmr014.segment.767" starttime="1847.361" endtime="1851.876" participant="fe008" timing-provenance="segment">
      <nite:child href="Bmr014.F.words.xml#id(Bmr014.nonvocalsound.19)"/>
   </segment>
   <segment nite:id="Bmr014.segment.771" starttime="1858.698" endtime="1861.968" participant="fe008" timing-provenance="segment">
      <nite:child href="Bmr014.F.words.xml#id(Bmr014.nonvocalsound.20)"/>
   </segment>
   <segment nite:id="Bmr014.segment.783" starttime="1879.171" endtime="1879.83" participant="fe008" timing-provenance="segment">
      <nite:child href="Bmr014.F.words.xml#id(Bmr014.vocalsound.96)"/>
   </segment>
   <segment nite:id="Bmr014.segment.806" starttime="1968.539" endtime="1970.862" participant="fe008" timing-provenance="segment">
      <nite:child href="Bmr014.F.words.xml#id(Bmr014.vocalsound.102)..id(Bmr014.comment.36)"/>
   </segment>
   <segment nite:id="Bmr014.segment.809" starttime="1972.869" endtime="1978.103" participant="fe008" timing-provenance="segment">
      <nite:child href="Bmr014.F.words.xml#id(Bmr014.vocalsound.104)..id(Bmr014.nonvocalsound.21)"/>
   </segment>
   <segment nite:id="Bmr014.segment.820" starttime="1993.18" endtime="1995.283" participant="fe008" timing-provenance="segment">
      <nite:child href="Bmr014.F.words.xml#id(Bmr014.vocalsound.108)"/>
   </segment>
   <segment nite:id="Bmr014.segment.823" starttime="2001.52" endtime="2002.565" participant="fe008" timing-provenance="segment">
      <nite:child href="Bmr014.F.words.xml#id(Bmr014.w.8,572)..id(Bmr014.disfmarker.339)"/>
   </segment>
   <segment nite:id="Bmr014.segment.825" starttime="2002.63" endtime="2004.17" participant="fe008" timing-provenance="dialogueact">
      <nite:child href="Bmr014.F.words.xml#id(Bmr014.w.8,582)..id(Bmr014.w.8,585)"/>
   </segment>
   <segment nite:id="Bmr014.segment.855" starttime="2059.795" endtime="2062.004" participant="fe008" timing-provenance="segment">
      <nite:child href="Bmr014.F.words.xml#id(Bmr014.vocalsound.111)..id(Bmr014.w.8,854)"/>
   </segment>
   <segment nite:id="Bmr014.segment.861" starttime="2069.92" endtime="2071.07" participant="fe008" timing-provenance="dialogueact">
      <nite:child href="Bmr014.F.words.xml#id(Bmr014.w.8,896)..id(Bmr014.w.8,901)"/>
   </segment>
   <segment nite:id="Bmr014.segment.862" starttime="2071.07" endtime="2072.69" participant="fe008" timing-provenance="dialogueact">
      <nite:child href="Bmr014.F.words.xml#id(Bmr014.w.8,902)..id(Bmr014.w.8,909)"/>
   </segment>
   <segment nite:id="Bmr014.segment.867" starttime="2080.742" endtime="2082.708" participant="fe008" timing-provenance="segment">
      <nite:child href="Bmr014.F.words.xml#id(Bmr014.vocalsound.113)"/>
   </segment>
   <segment nite:id="Bmr014.segment.879" starttime="2142.463" endtime="2147.75" participant="fe008" timing-provenance="segment">
      <nite:child href="Bmr014.F.words.xml#id(Bmr014.vocalsound.114)..id(Bmr014.w.9,226)"/>
   </segment>
   <segment nite:id="Bmr014.segment.880" starttime="2148.48" endtime="2157.58" participant="fe008" timing-provenance="dialogueact">
      <nite:child href="Bmr014.F.words.xml#id(Bmr014.w.9,227)..id(Bmr014.w.9,259)"/>
   </segment>
   <segment nite:id="Bmr014.segment.881" starttime="2158.18" endtime="2163.87" participant="fe008" timing-provenance="dialogueact">
      <nite:child href="Bmr014.F.words.xml#id(Bmr014.w.9,260)..id(Bmr014.w.9,286)"/>
   </segment>
   <segment nite:id="Bmr014.segment.882" starttime="2164.23" endtime="2176.86" participant="fe008" timing-provenance="dialogueact">
      <nite:child href="Bmr014.F.words.xml#id(Bmr014.w.9,287)..id(Bmr014.w.9,353)"/>
   </segment>
   <segment nite:id="Bmr014.segment.884" starttime="2177.89" endtime="2178.18" participant="fe008" timing-provenance="dialogueact">
      <nite:child href="Bmr014.F.words.xml#id(Bmr014.w.9,375)..id(Bmr014.w.9,376)"/>
   </segment>
   <segment nite:id="Bmr014.segment.890" starttime="2194.857" endtime="2201.393" participant="fe008" timing-provenance="segment">
      <nite:child href="Bmr014.F.words.xml#id(Bmr014.vocalsound.116)..id(Bmr014.w.9,481)"/>
   </segment>
   <segment nite:id="Bmr014.segment.892" starttime="2201.85" endtime="2211.99" participant="fe008" timing-provenance="dialogueact">
      <nite:child href="Bmr014.F.words.xml#id(Bmr014.w.9,484)..id(Bmr014.w.9,526)"/>
   </segment>
   <segment nite:id="Bmr014.segment.894" starttime="2212.496" endtime="2216.538" participant="fe008" timing-provenance="segment">
      <nite:child href="Bmr014.F.words.xml#id(Bmr014.w.9,529)..id(Bmr014.disfmarker.379)"/>
   </segment>
   <segment nite:id="Bmr014.segment.897" starttime="2219.22" endtime="2220.25" participant="fe008" timing-provenance="dialogueact">
      <nite:child href="Bmr014.F.words.xml#id(Bmr014.w.9,593)..id(Bmr014.w.9,599)"/>
   </segment>
   <segment nite:id="Bmr014.segment.898" starttime="2220.37" endtime="2222.94" participant="fe008" timing-provenance="dialogueact">
      <nite:child href="Bmr014.F.words.xml#id(Bmr014.w.9,600)..id(Bmr014.w.9,608)"/>
   </segment>
   <segment nite:id="Bmr014.segment.901" starttime="2224.498" endtime="2226.804" participant="fe008" timing-provenance="segment">
      <nite:child href="Bmr014.F.words.xml#id(Bmr014.w.9,611)..id(Bmr014.disfmarker.383)"/>
   </segment>
   <segment nite:id="Bmr014.segment.904" starttime="2227.83" endtime="2228.28" participant="fe008" timing-provenance="dialogueact">
      <nite:child href="Bmr014.F.words.xml#id(Bmr014.w.9,640)..id(Bmr014.w.9,645)"/>
   </segment>
   <segment nite:id="Bmr014.segment.907" starttime="2232.629" endtime="2233.6" participant="fe008" timing-provenance="segment">
      <nite:child href="Bmr014.F.words.xml#id(Bmr014.w.9,658)..id(Bmr014.disfmarker.384)"/>
   </segment>
   <segment nite:id="Bmr014.segment.909" starttime="2235.66" endtime="2236.48" participant="fe008" timing-provenance="dialogueact">
      <nite:child href="Bmr014.F.words.xml#id(Bmr014.w.9,690)..id(Bmr014.w.9,696)"/>
   </segment>
   <segment nite:id="Bmr014.segment.910" starttime="2241.48" endtime="2242.42" participant="fe008" timing-provenance="dialogueact">
      <nite:child href="Bmr014.F.words.xml#id(Bmr014.w.9,697)..id(Bmr014.w.9,703)"/>
   </segment>
   <segment nite:id="Bmr014.segment.914" starttime="2261.74" endtime="2261.91" participant="fe008" timing-provenance="dialogueact">
      <nite:child href="Bmr014.F.words.xml#id(Bmr014.w.9,799)..id(Bmr014.w.9,800)"/>
   </segment>
   <segment nite:id="Bmr014.segment.915" starttime="2262.02" endtime="2263.69" participant="fe008" timing-provenance="dialogueact">
      <nite:child href="Bmr014.F.words.xml#id(Bmr014.w.9,801)..id(Bmr014.w.9,809)"/>
   </segment>
   <segment nite:id="Bmr014.segment.920" starttime="2268.85" endtime="2270.2" participant="fe008" timing-provenance="dialogueact">
      <nite:child href="Bmr014.F.words.xml#id(Bmr014.w.9,834)..id(Bmr014.w.9,844)"/>
   </segment>
   <segment nite:id="Bmr014.segment.922" starttime="2270.2" endtime="2276.86" participant="fe008" timing-provenance="dialogueact">
      <nite:child href="Bmr014.F.words.xml#id(Bmr014.w.9,856)..id(Bmr014.w.9,893)"/>
   </segment>
   <segment nite:id="Bmr014.segment.925" starttime="2278.47" endtime="2279.57" participant="fe008" timing-provenance="dialogueact">
      <nite:child href="Bmr014.F.words.xml#id(Bmr014.w.9,910)..id(Bmr014.w.9,917)"/>
   </segment>
   <segment nite:id="Bmr014.segment.926" starttime="2280.04" endtime="2281.24" participant="fe008" timing-provenance="dialogueact">
      <nite:child href="Bmr014.F.words.xml#id(Bmr014.w.9,918)..id(Bmr014.w.9,925)"/>
   </segment>
   <segment nite:id="Bmr014.segment.927" starttime="2282.19" endtime="2285.007" participant="fe008" timing-provenance="segment">
      <nite:child href="Bmr014.F.words.xml#id(Bmr014.w.9,926)..id(Bmr014.disfmarker.397)"/>
   </segment>
   <segment nite:id="Bmr014.segment.929" starttime="2286.21" endtime="2287.7" participant="fe008" timing-provenance="dialogueact">
      <nite:child href="Bmr014.F.words.xml#id(Bmr014.w.9,954)..id(Bmr014.w.9,964)"/>
   </segment>
   <segment nite:id="Bmr014.segment.937" starttime="2315.38" endtime="2315.62" participant="fe008" timing-provenance="dialogueact">
      <nite:child href="Bmr014.F.words.xml#id(Bmr014.w.10,089)..id(Bmr014.w.10,090)"/>
   </segment>
   <segment nite:id="Bmr014.segment.940" starttime="2330.83" endtime="2332.42" participant="fe008" timing-provenance="dialogueact">
      <nite:child href="Bmr014.F.words.xml#id(Bmr014.w.10,126)..id(Bmr014.w.10,136)"/>
   </segment>
   <segment nite:id="Bmr014.segment.944" starttime="2340.58" endtime="2342.311" participant="fe008" timing-provenance="segment">
      <nite:child href="Bmr014.F.words.xml#id(Bmr014.vocalsound.126)"/>
   </segment>
   <segment nite:id="Bmr014.segment.949" starttime="2347.514" endtime="2351.47" participant="fe008" timing-provenance="segment">
      <nite:child href="Bmr014.F.words.xml#id(Bmr014.vocalsound.133)"/>
   </segment>
   <segment nite:id="Bmr014.segment.959" starttime="2362.156" endtime="2365.42" participant="fe008" timing-provenance="segment">
      <nite:child href="Bmr014.F.words.xml#id(Bmr014.vocalsound.138)"/>
   </segment>
   <segment nite:id="Bmr014.segment.965" starttime="2367.421" endtime="2368.542" participant="fe008" timing-provenance="segment">
      <nite:child href="Bmr014.F.words.xml#id(Bmr014.vocalsound.143)"/>
   </segment>
   <segment nite:id="Bmr014.segment.980" starttime="2401.09" endtime="2402.347" participant="fe008" timing-provenance="segment">
      <nite:child href="Bmr014.F.words.xml#id(Bmr014.vocalsound.147)..id(Bmr014.w.10,440)"/>
   </segment>
   <segment nite:id="Bmr014.segment.982" starttime="2402.27" endtime="2414.62" participant="fe008" timing-provenance="dialogueact">
      <nite:child href="Bmr014.F.words.xml#id(Bmr014.w.10,449)..id(Bmr014.w.10,503)"/>
   </segment>
   <segment nite:id="Bmr014.segment.988" starttime="2420.45" endtime="2420.67" participant="fe008" timing-provenance="dialogueact">
      <nite:child href="Bmr014.F.words.xml#id(Bmr014.w.10,548)..id(Bmr014.w.10,549)"/>
   </segment>
   <segment nite:id="Bmr014.segment.989" starttime="2423.1" endtime="2424.73" participant="fe008" timing-provenance="dialogueact">
      <nite:child href="Bmr014.F.words.xml#id(Bmr014.w.10,550)..id(Bmr014.w.10,555)"/>
   </segment>
   <segment nite:id="Bmr014.segment.995" starttime="2430.676" endtime="2433.639" participant="fe008" timing-provenance="segment">
      <nite:child href="Bmr014.F.words.xml#id(Bmr014.vocalsound.150)"/>
   </segment>
   <segment nite:id="Bmr014.segment.1,000" starttime="2455.25" endtime="2455.49" participant="fe008" timing-provenance="dialogueact">
      <nite:child href="Bmr014.F.words.xml#id(Bmr014.w.10,701)..id(Bmr014.w.10,702)"/>
   </segment>
   <segment nite:id="Bmr014.segment.1,006" starttime="2468.98" endtime="2471.475" participant="fe008" timing-provenance="segment">
      <nite:child href="Bmr014.F.words.xml#id(Bmr014.vocalsound.151)..id(Bmr014.comment.46)"/>
   </segment>
   <segment nite:id="Bmr014.segment.1,009" starttime="2474.1" endtime="2475.532" participant="fe008" timing-provenance="segment">
      <nite:child href="Bmr014.F.words.xml#id(Bmr014.vocalsound.152)..id(Bmr014.w.10,772)"/>
   </segment>
   <segment nite:id="Bmr014.segment.1,010" starttime="2475.62" endtime="2482.37" participant="fe008" timing-provenance="dialogueact">
      <nite:child href="Bmr014.F.words.xml#id(Bmr014.w.10,773)..id(Bmr014.w.10,801)"/>
   </segment>
   <segment nite:id="Bmr014.segment.1,011" starttime="2482.8" endtime="2489.96" participant="fe008" timing-provenance="dialogueact">
      <nite:child href="Bmr014.F.words.xml#id(Bmr014.w.10,802)..id(Bmr014.w.10,825)"/>
   </segment>
   <segment nite:id="Bmr014.segment.1,012" starttime="2490.523" endtime="2504.047" participant="fe008" timing-provenance="segment">
      <nite:child href="Bmr014.F.words.xml#id(Bmr014.w.10,826)..id(Bmr014.disfmarker.444)"/>
   </segment>
   <segment nite:id="Bmr014.segment.1,022" starttime="2513.798" endtime="2525.301" participant="fe008" timing-provenance="segment">
      <nite:child href="Bmr014.F.words.xml#id(Bmr014.vocalsound.153)..id(Bmr014.w.10,975)"/>
   </segment>
   <segment nite:id="Bmr014.segment.1,027" starttime="2526.003" endtime="2527.655" participant="fe008" timing-provenance="segment">
      <nite:child href="Bmr014.F.words.xml#id(Bmr014.w.10,991)..id(Bmr014.vocalsound.157)"/>
   </segment>
   <segment nite:id="Bmr014.segment.1,034" starttime="2527.7" endtime="2531.16" participant="fe008" timing-provenance="dialogueact">
      <nite:child href="Bmr014.F.words.xml#id(Bmr014.w.11,000)..id(Bmr014.w.11,013)"/>
   </segment>
   <segment nite:id="Bmr014.segment.1,037" starttime="2531.295" endtime="2532.561" participant="fe008" timing-provenance="segment">
      <nite:child href="Bmr014.F.words.xml#id(Bmr014.w.11,016)..id(Bmr014.comment.54)"/>
   </segment>
   <segment nite:id="Bmr014.segment.1,038" starttime="2532.561" endtime="2538.508" participant="fe008" timing-provenance="segment">
      <nite:child href="Bmr014.F.words.xml#id(Bmr014.w.11,033)..id(Bmr014.comment.55)"/>
   </segment>
   <segment nite:id="Bmr014.segment.1,044" starttime="2538.508" endtime="2540.119" participant="fe008" timing-provenance="segment">
      <nite:child href="Bmr014.F.words.xml#id(Bmr014.w.11,074)..id(Bmr014.comment.57)"/>
   </segment>
   <segment nite:id="Bmr014.segment.1,049" starttime="2542.964" endtime="2544.588" participant="fe008" timing-provenance="segment">
      <nite:child href="Bmr014.F.words.xml#id(Bmr014.vocalsound.171)"/>
   </segment>
   <segment nite:id="Bmr014.segment.1,051" starttime="2545.75" endtime="2545.98" participant="fe008" timing-provenance="dialogueact">
      <nite:child href="Bmr014.F.words.xml#id(Bmr014.w.11,114)..id(Bmr014.w.11,115)"/>
   </segment>
   <segment nite:id="Bmr014.segment.1,052" starttime="2546.11" endtime="2557.13" participant="fe008" timing-provenance="dialogueact">
      <nite:child href="Bmr014.F.words.xml#id(Bmr014.w.11,116)..id(Bmr014.w.11,158)"/>
   </segment>
   <segment nite:id="Bmr014.segment.1,057" starttime="2568.75" endtime="2569.03" participant="fe008" timing-provenance="dialogueact">
      <nite:child href="Bmr014.F.words.xml#id(Bmr014.w.11,203)..id(Bmr014.w.11,206)"/>
   </segment>
   <segment nite:id="Bmr014.segment.1,060" starttime="2576.175" endtime="2579.81" participant="fe008" timing-provenance="segment">
      <nite:child href="Bmr014.F.words.xml#id(Bmr014.vocalsound.174)"/>
   </segment>
   <segment nite:id="Bmr014.segment.1,063" starttime="2580.04" endtime="2581.61" participant="fe008" timing-provenance="dialogueact">
      <nite:child href="Bmr014.F.words.xml#id(Bmr014.w.11,228)..id(Bmr014.w.11,235)"/>
   </segment>
   <segment nite:id="Bmr014.segment.1,065" starttime="2581.781" endtime="2583.522" participant="fe008" timing-provenance="segment">
      <nite:child href="Bmr014.F.words.xml#id(Bmr014.vocalsound.179)"/>
   </segment>
   <segment nite:id="Bmr014.segment.1,066" starttime="2583.522" endtime="2590.644" participant="fe008" timing-provenance="segment">
      <nite:child href="Bmr014.F.words.xml#id(Bmr014.w.11,236)..id(Bmr014.vocalsound.180)"/>
   </segment>
   <segment nite:id="Bmr014.segment.1,079" starttime="2606.77" endtime="2606.98" participant="fe008" timing-provenance="dialogueact">
      <nite:child href="Bmr014.F.words.xml#id(Bmr014.w.11,355)..id(Bmr014.w.11,356)"/>
   </segment>
   <segment nite:id="Bmr014.segment.1,080" starttime="2608.06" endtime="2609.83" participant="fe008" timing-provenance="dialogueact">
      <nite:child href="Bmr014.F.words.xml#id(Bmr014.w.11,357)..id(Bmr014.w.11,366)"/>
   </segment>
   <segment nite:id="Bmr014.segment.1,084" starttime="2617.735" endtime="2618.427" participant="fe008" timing-provenance="segment">
      <nite:child href="Bmr014.F.words.xml#id(Bmr014.vocalsound.182)"/>
   </segment>
   <segment nite:id="Bmr014.segment.1,085" starttime="2618.427" endtime="2625.306" participant="fe008" timing-provenance="segment">
      <nite:child href="Bmr014.F.words.xml#id(Bmr014.w.11,402)..id(Bmr014.disfmarker.472)"/>
   </segment>
   <segment nite:id="Bmr014.segment.1,086" starttime="2625.88" endtime="2632.95" participant="fe008" timing-provenance="dialogueact">
      <nite:child href="Bmr014.F.words.xml#id(Bmr014.w.11,423)..id(Bmr014.w.11,444)"/>
   </segment>
   <segment nite:id="Bmr014.segment.1,087" starttime="2633.95" endtime="2637.16" participant="fe008" timing-provenance="dialogueact">
      <nite:child href="Bmr014.F.words.xml#id(Bmr014.w.11,445)..id(Bmr014.w.11,457)"/>
   </segment>
   <segment nite:id="Bmr014.segment.1,088" starttime="2637.25" endtime="2642.99" participant="fe008" timing-provenance="dialogueact">
      <nite:child href="Bmr014.F.words.xml#id(Bmr014.w.11,458)..id(Bmr014.w.11,481)"/>
   </segment>
   <segment nite:id="Bmr014.segment.1,090" starttime="2643.518" endtime="2646.746" participant="fe008" timing-provenance="segment">
      <nite:child href="Bmr014.F.words.xml#id(Bmr014.w.11,486)..id(Bmr014.disfmarker.476)"/>
   </segment>
   <segment nite:id="Bmr014.segment.1,094" starttime="2652.71" endtime="2653.63" participant="fe008" timing-provenance="dialogueact">
      <nite:child href="Bmr014.F.words.xml#id(Bmr014.w.11,525)..id(Bmr014.w.11,531)"/>
   </segment>
   <segment nite:id="Bmr014.segment.1,095" starttime="2653.62" endtime="2657.45" participant="fe008" timing-provenance="dialogueact">
      <nite:child href="Bmr014.F.words.xml#id(Bmr014.w.11,532)..id(Bmr014.w.11,554)"/>
   </segment>
   <segment nite:id="Bmr014.segment.1,100" starttime="2674.32" endtime="2677.25" participant="fe008" timing-provenance="dialogueact">
      <nite:child href="Bmr014.F.words.xml#id(Bmr014.w.11,614)..id(Bmr014.w.11,628)"/>
   </segment>
   <segment nite:id="Bmr014.segment.1,102" starttime="2677.224" endtime="2679.235" participant="fe008" timing-provenance="segment">
      <nite:child href="Bmr014.F.words.xml#id(Bmr014.w.11,631)..id(Bmr014.disfmarker.486)"/>
   </segment>
   <segment nite:id="Bmr014.segment.1,103" starttime="2679.45" endtime="2683.08" participant="fe008" timing-provenance="dialogueact">
      <nite:child href="Bmr014.F.words.xml#id(Bmr014.w.11,639)..id(Bmr014.w.11,657)"/>
   </segment>
   <segment nite:id="Bmr014.segment.1,104" starttime="2683.4" endtime="2684.89" participant="fe008" timing-provenance="dialogueact">
      <nite:child href="Bmr014.F.words.xml#id(Bmr014.w.11,658)..id(Bmr014.w.11,667)"/>
   </segment>
   <segment nite:id="Bmr014.segment.1,106" starttime="2684.997" endtime="2686.305" participant="fe008" timing-provenance="segment">
      <nite:child href="Bmr014.F.words.xml#id(Bmr014.w.11,693)..id(Bmr014.disfmarker.489)"/>
   </segment>
   <segment nite:id="Bmr014.segment.1,107" starttime="2685.37" endtime="2687.29" participant="fe008" timing-provenance="dialogueact">
      <nite:child href="Bmr014.F.words.xml#id(Bmr014.w.11,694)..id(Bmr014.w.11,699)"/>
   </segment>
   <segment nite:id="Bmr014.segment.1,108" starttime="2688.8" endtime="2689.98" participant="fe008" timing-provenance="dialogueact">
      <nite:child href="Bmr014.F.words.xml#id(Bmr014.w.11,700)..id(Bmr014.w.11,705)"/>
   </segment>
   <segment nite:id="Bmr014.segment.1,125" starttime="2721.399" endtime="2723.642" participant="fe008" timing-provenance="segment">
      <nite:child href="Bmr014.F.words.xml#id(Bmr014.vocalsound.191)"/>
   </segment>
   <segment nite:id="Bmr014.segment.1,134" starttime="2726.446" endtime="2729.662" participant="fe008" timing-provenance="segment">
      <nite:child href="Bmr014.F.words.xml#id(Bmr014.vocalsound.199)"/>
   </segment>
   <segment nite:id="Bmr014.segment.1,222" starttime="2870.973" endtime="2874.986" participant="fe008" digittask="true" timing-provenance="segment">
      <nite:child href="Bmr014.F.words.xml#id(Bmr014.w.12,188)..id(Bmr014.comment.134)"/>
   </segment>
   <segment nite:id="Bmr014.segment.1,224" starttime="2875.942" endtime="2877.466" participant="fe008" digittask="true" timing-provenance="segment">
      <nite:child href="Bmr014.F.words.xml#id(Bmr014.w.12,198)..id(Bmr014.comment.135)"/>
   </segment>
   <segment nite:id="Bmr014.segment.1,225" starttime="2877.637" endtime="2879.975" participant="fe008" digittask="true" timing-provenance="segment">
      <nite:child href="Bmr014.F.words.xml#id(Bmr014.w.12,201)..id(Bmr014.comment.136)"/>
   </segment>
   <segment nite:id="Bmr014.segment.1,226" starttime="2880.167" endtime="2882.306" participant="fe008" digittask="true" timing-provenance="segment">
      <nite:child href="Bmr014.F.words.xml#id(Bmr014.w.12,206)..id(Bmr014.comment.137)"/>
   </segment>
   <segment nite:id="Bmr014.segment.1,227" starttime="2882.353" endtime="2884.207" participant="fe008" digittask="true" timing-provenance="segment">
      <nite:child href="Bmr014.F.words.xml#id(Bmr014.w.12,211)..id(Bmr014.comment.138)"/>
   </segment>
   <segment nite:id="Bmr014.segment.1,229" starttime="2884.312" endtime="2886.469" participant="fe008" digittask="true" timing-provenance="segment">
      <nite:child href="Bmr014.F.words.xml#id(Bmr014.w.12,215)..id(Bmr014.comment.139)"/>
   </segment>
   <segment nite:id="Bmr014.segment.1,231" starttime="2886.557" endtime="2887.507" participant="fe008" digittask="true" timing-provenance="segment">
      <nite:child href="Bmr014.F.words.xml#id(Bmr014.w.12,220)..id(Bmr014.comment.140)"/>
   </segment>
   <segment nite:id="Bmr014.segment.1,232" starttime="2887.545" endtime="2888.173" participant="fe008" digittask="true" timing-provenance="segment">
      <nite:child href="Bmr014.F.words.xml#id(Bmr014.w.12,221)..id(Bmr014.comment.141)"/>
   </segment>
   <segment nite:id="Bmr014.segment.1,233" starttime="2888.382" endtime="2889.18" participant="fe008" digittask="true" timing-provenance="segment">
      <nite:child href="Bmr014.F.words.xml#id(Bmr014.w.12,222)..id(Bmr014.comment.142)"/>
   </segment>
   <segment nite:id="Bmr014.segment.1,234" starttime="2889.342" endtime="2891.291" participant="fe008" digittask="true" timing-provenance="segment">
      <nite:child href="Bmr014.F.words.xml#id(Bmr014.w.12,223)..id(Bmr014.comment.143)"/>
   </segment>
   <segment nite:id="Bmr014.segment.1,235" starttime="2891.395" endtime="2892.517" participant="fe008" digittask="true" timing-provenance="segment">
      <nite:child href="Bmr014.F.words.xml#id(Bmr014.w.12,228)..id(Bmr014.comment.144)"/>
   </segment>
   <segment nite:id="Bmr014.segment.1,236" starttime="2892.756" endtime="2895.409" participant="fe008" digittask="true" timing-provenance="segment">
      <nite:child href="Bmr014.F.words.xml#id(Bmr014.w.12,230)..id(Bmr014.comment.145)"/>
   </segment>
   <segment nite:id="Bmr014.segment.1,238" starttime="2895.409" endtime="2896.73" participant="fe008" digittask="true" timing-provenance="segment">
      <nite:child href="Bmr014.F.words.xml#id(Bmr014.w.12,237)..id(Bmr014.comment.146)"/>
   </segment>
   <segment nite:id="Bmr014.segment.1,239" starttime="2896.872" endtime="2898.564" participant="fe008" digittask="true" timing-provenance="segment">
      <nite:child href="Bmr014.F.words.xml#id(Bmr014.w.12,240)..id(Bmr014.comment.147)"/>
   </segment>
   <segment nite:id="Bmr014.segment.1,240" starttime="2898.564" endtime="2899.106" participant="fe008" digittask="true" timing-provenance="segment">
      <nite:child href="Bmr014.F.words.xml#id(Bmr014.w.12,242)..id(Bmr014.comment.149)"/>
   </segment>
   <segment nite:id="Bmr014.segment.1,241" starttime="2899.106" endtime="2900.414" participant="fe008" digittask="true" timing-provenance="segment">
      <nite:child href="Bmr014.F.words.xml#id(Bmr014.w.12,246)..id(Bmr014.comment.151)"/>
   </segment>
   <segment nite:id="Bmr014.segment.1,242" starttime="2900.414" endtime="2901.118" participant="fe008" digittask="true" timing-provenance="segment">
      <nite:child href="Bmr014.F.words.xml#id(Bmr014.w.12,248)..id(Bmr014.comment.152)"/>
   </segment>
   <segment nite:id="Bmr014.segment.1,243" starttime="2901.608" endtime="2903.186" participant="fe008" digittask="true" timing-provenance="segment">
      <nite:child href="Bmr014.F.words.xml#id(Bmr014.w.12,249)..id(Bmr014.comment.153)"/>
   </segment>
   <segment nite:id="Bmr014.segment.1,244" starttime="2903.568" endtime="2906.135" participant="fe008" digittask="true" timing-provenance="segment">
      <nite:child href="Bmr014.F.words.xml#id(Bmr014.w.12,253)..id(Bmr014.comment.154)"/>
   </segment>
   <segment nite:id="Bmr014.segment.1,245" starttime="2906.315" endtime="2908.34" participant="fe008" digittask="true" timing-provenance="segment">
      <nite:child href="Bmr014.F.words.xml#id(Bmr014.w.12,260)..id(Bmr014.comment.155)"/>
   </segment>
   <segment nite:id="Bmr014.segment.1,246" starttime="2908.616" endtime="2910.384" participant="fe008" digittask="true" timing-provenance="segment">
      <nite:child href="Bmr014.F.words.xml#id(Bmr014.w.12,265)..id(Bmr014.comment.156)"/>
   </segment>
   <segment nite:id="Bmr014.segment.1,247" starttime="2910.604" endtime="2913.532" participant="fe008" digittask="true" timing-provenance="segment">
      <nite:child href="Bmr014.F.words.xml#id(Bmr014.w.12,269)..id(Bmr014.comment.157)"/>
   </segment>
   <segment nite:id="Bmr014.segment.1,248" starttime="2913.618" endtime="2916.137" participant="fe008" digittask="true" timing-provenance="segment">
      <nite:child href="Bmr014.F.words.xml#id(Bmr014.w.12,276)..id(Bmr014.comment.158)"/>
   </segment>
   <segment nite:id="Bmr014.segment.1,300" starttime="3006.28" endtime="3007.07" participant="fe008" timing-provenance="dialogueact">
      <nite:child href="Bmr014.F.words.xml#id(Bmr014.w.12,476)..id(Bmr014.w.12,482)"/>
   </segment>
</nite:root>