<?xml version="1.0" encoding="ISO-8859-1" standalone="yes"?>
<nite:root nite:id="Bmr014.A.words" xmlns:nite="http://nite.sourceforge.net/">
   <w nite:id="Bmr014.w.92" starttime="36.1" endtime="36.38" t="PLET" c="W">MR</w>
   <w nite:id="Bmr014.w.93" starttime="36.38" endtime="36.7" c="W">eleven</w>
   <w nite:id="Bmr014.w.94" starttime="36.7" endtime="36.7" c=".">.</w>
   <w nite:id="Bmr014.w.318" starttime="92.318" endtime="92.888" c="W">Spikes</w>
   <w nite:id="Bmr014.w.319" starttime="92.888" endtime="92.888" c=".">?</w>
   <w nite:id="Bmr014.w.351" starttime="101.297" endtime="101.767" c="W">Touching</w>
   <w nite:id="Bmr014.w.352" starttime="101.767" endtime="101.767" c=".">.</w>
   <vocalsound nite:id="Bmr014.vocalsound.7" starttime="" endtime="" description="outbreath"/>
   <w nite:id="Bmr014.w.397" starttime="104.047" endtime="104.457" c="W">Yeah</w>
   <w nite:id="Bmr014.w.398" starttime="104.457" endtime="104.457" c=".">.</w>
   <vocalsound nite:id="Bmr014.vocalsound.11" starttime="" endtime="" description="laugh"/>
   <vocalsound nite:id="Bmr014.vocalsound.17" starttime="" endtime="" description="laugh"/>
   <w nite:id="Bmr014.w.909" starttime="245.591" endtime="245.861" c="W">Yeah</w>
   <w nite:id="Bmr014.w.910" starttime="245.861" endtime="245.861" c=".">.</w>
   <vocalsound nite:id="Bmr014.vocalsound.20" starttime="" endtime="" description="laugh"/>
   <vocalsound nite:id="Bmr014.vocalsound.23" starttime="" endtime="" description="laugh"/>
   <w nite:id="Bmr014.w.1,290" starttime="" endtime="" c="W">Uh</w>
   <w nite:id="Bmr014.w.1,291" starttime="" endtime="" c="SYM">-</w>
   <vocalsound nite:id="Bmr014.vocalsound.25" starttime="" endtime="" description="laugh"/>
   <vocalsound nite:id="Bmr014.vocalsound.32" starttime="" endtime="" description="laugh"/>
   <w nite:id="Bmr014.w.2,591" starttime="654.116" endtime="654.776" c="W">No</w>
   <w nite:id="Bmr014.w.2,592" starttime="654.776" endtime="654.776" c="CM">,</w>
   <w nite:id="Bmr014.w.2,593" starttime="654.776" endtime="655.366" c="W">no</w>
   <w nite:id="Bmr014.w.2,594" starttime="655.366" endtime="655.366" c=".">.</w>
   <w nite:id="Bmr014.w.2,652" starttime="663.722" endtime="663.912" c="W">He</w>
   <w nite:id="Bmr014.w.2,653" starttime="663.912" endtime="664.562" c="W">was</w>
   <w nite:id="Bmr014.w.2,654" starttime="664.562" endtime="664.972" c="W">in</w>
   <w nite:id="Bmr014.w.2,655" starttime="664.972" endtime="664.972" c=".">.</w>
   <w nite:id="Bmr014.w.2,656" starttime="664.972" endtime="665.192" c="W">Yeah</w>
   <w nite:id="Bmr014.w.2,657" starttime="665.192" endtime="665.192" c=".">.</w>
   <w nite:id="Bmr014.w.2,678" starttime="667.952" endtime="668.072" c="W">Yeah</w>
   <w nite:id="Bmr014.w.2,679" starttime="668.072" endtime="668.072" c="CM">,</w>
   <w nite:id="Bmr014.w.2,680" starttime="668.072" endtime="668.132" c="W">he</w>
   <w nite:id="Bmr014.w.2,681" starttime="668.132" endtime="668.362" c="W">was</w>
   <w nite:id="Bmr014.w.2,682" starttime="668.362" endtime="669.362" c="W">in</w>
   <pause nite:id="Bmr014.pause.18" starttime="669.362" endtime="669.442"/>
   <w nite:id="Bmr014.w.2,683" starttime="669.442" endtime="670.442" c="TRUNCW">s</w>
   <w nite:id="Bmr014.w.2,700" starttime="672.152" endtime="672.282" c="W">Yeah</w>
   <w nite:id="Bmr014.w.2,701" starttime="672.282" endtime="672.282" c=".">.</w>
   <vocalsound nite:id="Bmr014.vocalsound.37" starttime="" endtime="" description="inbreath"/>
   <w nite:id="Bmr014.w.2,723" starttime="680.2" endtime="680.26" c="W">I</w>
   <w nite:id="Bmr014.w.2,724" starttime="680.26" endtime="680.51" c="W">think</w>
   <w nite:id="Bmr014.w.2,725" starttime="680.51" endtime="680.6" c="W">he</w>
   <w nite:id="Bmr014.w.2,726" starttime="680.6" endtime="680.8" c="W">has</w>
   <w nite:id="Bmr014.w.2,727" starttime="681.1" endtime="681.3" c="W">a</w>
   <w nite:id="Bmr014.w.2,728" starttime="681.3" endtime="681.85" c="W">class</w>
   <w nite:id="Bmr014.w.2,729" starttime="681.85" endtime="681.85" c=".">.</w>
   <w nite:id="Bmr014.w.2,730" starttime="682.28" endtime="682.37" c="W">Yeah</w>
   <w nite:id="Bmr014.w.2,731" starttime="682.37" endtime="682.37" c=".">.</w>
   <w nite:id="Bmr014.w.2,765" starttime="686.151" endtime="686.321" c="W">Yeah</w>
   <w nite:id="Bmr014.w.2,766" starttime="686.321" endtime="686.321" c=".">.</w>
   <vocalsound nite:id="Bmr014.vocalsound.39" starttime="" endtime="" description="laugh"/>
   <w nite:id="Bmr014.w.2,974" starttime="733.066" endtime="734.446" c="W">Mmm</w>
   <w nite:id="Bmr014.w.2,975" starttime="734.446" endtime="734.446" c=".">.</w>
   <w nite:id="Bmr014.w.3,314" starttime="810.34" endtime="810.67" c="W">Yeah</w>
   <w nite:id="Bmr014.w.3,315" starttime="810.67" endtime="810.67" c=".">.</w>
   <w nite:id="Bmr014.w.3,481" starttime="835.726" endtime="836.366" c="W">Yeah</w>
   <w nite:id="Bmr014.w.3,482" starttime="836.366" endtime="836.366" c=".">.</w>
   <w nite:id="Bmr014.w.4,218" starttime="1002.49" endtime="1002.8" c="W">Yeah</w>
   <w nite:id="Bmr014.w.4,219" starttime="1002.8" endtime="1002.8" c=".">.</w>
   <w nite:id="Bmr014.w.4,288" starttime="1018.49" endtime="1018.53" c="W">I</w>
   <w nite:id="Bmr014.w.4,289" starttime="1018.53" endtime="1018.99" c="W">actually</w>
   <w nite:id="Bmr014.w.4,290" starttime="1018.99" endtime="1019.19" c="W">gave</w>
   <vocalsound nite:id="Bmr014.vocalsound.50" starttime="" endtime="" description="laugh"/>
   <vocalsound nite:id="Bmr014.vocalsound.51" starttime="" endtime="" description="laugh"/>
   <vocalsound nite:id="Bmr014.vocalsound.55" starttime="" endtime="" description="laugh"/>
   <vocalsound nite:id="Bmr014.vocalsound.58" starttime="" endtime="" description="laugh"/>
   <w nite:id="Bmr014.w.4,900" starttime="1141.19" endtime="1141.59" c="W">Yeah</w>
   <w nite:id="Bmr014.w.4,901" starttime="1141.59" endtime="1141.59" c=".">.</w>
   <w nite:id="Bmr014.w.5,023" starttime="1175.22" endtime="1175.29" c="W">The</w>
   <w nite:id="Bmr014.w.5,024" starttime="1175.29" endtime="1175.53" c="W">channel</w>
   <w nite:id="Bmr014.w.5,025" starttime="1175.53" endtime="1175.64" c="TRUNCW">u</w>
   <w nite:id="Bmr014.w.5,026" starttime="1175.64" endtime="1176.24" c="W">thing</w>
   <w nite:id="Bmr014.w.5,027" starttime="1176.24" endtime="1176.24" c=".">?</w>
   <w nite:id="Bmr014.w.5,030" starttime="1176.89" endtime="1177.01" c="W">Oh</w>
   <w nite:id="Bmr014.w.5,031" starttime="1177.01" endtime="1177.01" c="CM">,</w>
   <w nite:id="Bmr014.w.5,032" starttime="1177.02" endtime="" c="W">it</w>
   <w nite:id="Bmr014.w.5,033" starttime="" endtime="1177.35" c="APOSS">'s</w>
   <w nite:id="Bmr014.w.5,034" starttime="1177.35" endtime="1177.63" c="W">just</w>
   <w nite:id="Bmr014.w.5,035" starttime="1177.62" endtime="1178.36" c="W">uh</w>
   <w nite:id="Bmr014.w.5,036" starttime="1178.36" endtime="1178.36" c="CM">,</w>
   <w nite:id="Bmr014.w.5,037" starttime="1178.37" endtime="1178.52" c="W">I</w>
   <w nite:id="Bmr014.w.5,038" starttime="1178.52" endtime="1178.71" c="W">ran</w>
   <w nite:id="Bmr014.w.5,039" starttime="1178.7" endtime="1178.76" c="W">the</w>
   <w nite:id="Bmr014.w.5,040" starttime="1178.77" endtime="1179.34" c="W">recognizer</w>
   <disfmarker nite:id="Bmr014.disfmarker.200" starttime="" endtime=""/>
   <w nite:id="Bmr014.w.5,041" starttime="1179.34" endtime="1179.58" c="W">uh</w>
   <w nite:id="Bmr014.w.5,042" starttime="1179.58" endtime="1179.58" c="CM">,</w>
   <w nite:id="Bmr014.w.5,043" starttime="1179.58" endtime="1179.89" c="W">the</w>
   <pause nite:id="Bmr014.pause.30" starttime="1179.89" endtime=""/>
   <comment nite:id="Bmr014.comment.19" starttime="" endtime="" description="lexical correction"/>
   <w nite:id="Bmr014.w.5,044" starttime="1180.13" endtime="" c="W">speech</w>
   <w nite:id="Bmr014.w.5,045" starttime="" endtime="" c="HYPH">-</w>
   <w nite:id="Bmr014.w.5,046" starttime="" endtime="1180.53" c="W">nonspeech</w>
   <w nite:id="Bmr014.w.5,047" starttime="1180.54" endtime="1181.0" c="W">detector</w>
   <w nite:id="Bmr014.w.5,048" starttime="1181.0" endtime="1181.16" c="W">on</w>
   <w nite:id="Bmr014.w.5,049" starttime="1181.15" endtime="1181.45" c="W">different</w>
   <w nite:id="Bmr014.w.5,050" starttime="1181.45" endtime="1181.78" c="W">channels</w>
   <w nite:id="Bmr014.w.5,051" starttime="1181.79" endtime="1181.96" c="W">and</w>
   <w nite:id="Bmr014.w.5,052" starttime="1181.96" endtime="1181.96" c="CM">,</w>
   <w nite:id="Bmr014.w.5,053" starttime="1182.5" endtime="" c="W">it</w>
   <w nite:id="Bmr014.w.5,054" starttime="" endtime="1182.67" c="APOSS">'s</w>
   <w nite:id="Bmr014.w.5,055" starttime="1182.67" endtime="1182.94" c="W">just</w>
   <w nite:id="Bmr014.w.5,056" starttime="1182.94" endtime="1183.08" c="W">in</w>
   <w nite:id="Bmr014.w.5,057" starttime="1183.08" endtime="1183.33" c="W">uh</w>
   <disfmarker nite:id="Bmr014.disfmarker.201" starttime="" endtime=""/>
   <w nite:id="Bmr014.w.5,058" starttime="1183.33" endtime="1183.45" c="W">in</w>
   <w nite:id="Bmr014.w.5,059" starttime="1183.45" endtime="1183.6" c="W">this</w>
   <w nite:id="Bmr014.w.5,060" starttime="1183.6" endtime="1183.89" c="W">new</w>
   <w nite:id="Bmr014.w.5,061" starttime="1183.89" endtime="" c="W">multi</w>
   <w nite:id="Bmr014.w.5,062" starttime="" endtime="" c="HYPH">-</w>
   <w nite:id="Bmr014.w.5,063" starttime="" endtime="1184.63" c="W">channel</w>
   <w nite:id="Bmr014.w.5,064" starttime="1184.63" endtime="1184.88" c="W">format</w>
   <w nite:id="Bmr014.w.5,065" starttime="1184.88" endtime="1185.12" c="W">and</w>
   <w nite:id="Bmr014.w.5,066" starttime="1185.12" endtime="1185.65" c="W">output</w>
   <w nite:id="Bmr014.w.5,067" starttime="1185.65" endtime="1185.65" c="CM">,</w>
   <w nite:id="Bmr014.w.5,068" starttime="1185.65" endtime="1186.13" c="W">and</w>
   <w nite:id="Bmr014.w.5,074" starttime="1186.77" endtime="1186.89" c="W">I</w>
   <w nite:id="Bmr014.w.5,075" starttime="1186.89" endtime="1187.31" c="W">just</w>
   <w nite:id="Bmr014.w.5,076" starttime="1187.36" endtime="1187.63" c="W">gave</w>
   <w nite:id="Bmr014.w.5,077" starttime="1187.63" endtime="1188.19" c="W">one</w>
   <disfmarker nite:id="Bmr014.disfmarker.202" starttime="" endtime=""/>
   <w nite:id="Bmr014.w.5,078" starttime="1188.19" endtime="1188.37" c="W">one</w>
   <w nite:id="Bmr014.w.5,079" starttime="1188.37" endtime="1188.67" c="W">meeting</w>
   <w nite:id="Bmr014.w.5,080" starttime="1188.67" endtime="1189.23" c="W">to</w>
   <disfmarker nite:id="Bmr014.disfmarker.203" starttime="" endtime=""/>
   <w nite:id="Bmr014.w.5,081" starttime="1189.23" endtime="1189.37" c="W">to</w>
   <w nite:id="Bmr014.w.5,082" starttime="1189.37" endtime="1189.65" c="W">Liz</w>
   <w nite:id="Bmr014.w.5,083" starttime="1189.65" endtime="1189.97" c="W">who</w>
   <w nite:id="Bmr014.w.5,084" starttime="1189.97" endtime="1190.28" c="W">wanted</w>
   <w nite:id="Bmr014.w.5,085" starttime="1190.28" endtime="1190.57" c="W">to</w>
   <disfmarker nite:id="Bmr014.disfmarker.204" starttime="" endtime=""/>
   <w nite:id="Bmr014.w.5,086" starttime="1190.57" endtime="1191.01" c="W">to</w>
   <w nite:id="Bmr014.w.5,087" starttime="1191.01" endtime="1191.29" c="W">try</w>
   <w nite:id="Bmr014.w.5,088" starttime="1191.29" endtime="1191.49" c="W">it</w>
   <w nite:id="Bmr014.w.5,089" starttime="1191.49" endtime="1191.86" c="W">for</w>
   <disfmarker nite:id="Bmr014.disfmarker.205" starttime="" endtime=""/>
   <w nite:id="Bmr014.w.5,090" starttime="1191.86" endtime="1191.93" c="W">for</w>
   <w nite:id="Bmr014.w.5,091" starttime="1191.93" endtime="1192.01" c="W">the</w>
   <w nite:id="Bmr014.w.5,092" starttime="1192.01" endtime="1192.67" c="W">recognizer</w>
   <w nite:id="Bmr014.w.5,093" starttime="1193.19" endtime="1193.29" c="W">as</w>
   <w nite:id="Bmr014.w.5,094" starttime="1193.52" endtime="1193.95" c="W">uh</w>
   <w nite:id="Bmr014.w.5,095" starttime="1193.95" endtime="1193.95" c="CM">,</w>
   <w nite:id="Bmr014.w.5,096" starttime="1193.95" endtime="1194.48" c="W">apparently</w>
   <w nite:id="Bmr014.w.5,097" starttime="1194.48" endtime="1194.71" c="W">the</w>
   <w nite:id="Bmr014.w.5,098" starttime="1194.71" endtime="1195.23" c="W">recognizer</w>
   <w nite:id="Bmr014.w.5,099" starttime="1195.23" endtime="1195.36" c="W">had</w>
   <w nite:id="Bmr014.w.5,100" starttime="1195.36" endtime="1195.75" c="W">problems</w>
   <w nite:id="Bmr014.w.5,101" starttime="1195.75" endtime="1195.94" c="W">with</w>
   <w nite:id="Bmr014.w.5,102" starttime="1195.94" endtime="1196.23" c="W">those</w>
   <w nite:id="Bmr014.w.5,103" starttime="1196.23" endtime="1196.65" c="W">long</w>
   <w nite:id="Bmr014.w.5,104" starttime="1196.85" endtime="1197.28" c="W">chunks</w>
   <w nite:id="Bmr014.w.5,105" starttime="1197.28" endtime="1197.41" c="W">of</w>
   <w nite:id="Bmr014.w.5,106" starttime="1197.41" endtime="1198.09" c="W">speech</w>
   <w nite:id="Bmr014.w.5,107" starttime="1198.09" endtime="1198.09" c="CM">,</w>
   <w nite:id="Bmr014.w.5,108" starttime="1198.92" endtime="1199.33" c="W">which</w>
   <w nite:id="Bmr014.w.5,109" starttime="1199.33" endtime="1199.64" c="W">took</w>
   <w nite:id="Bmr014.w.5,110" starttime="1199.64" endtime="1199.8" c="W">too</w>
   <w nite:id="Bmr014.w.5,111" starttime="1199.8" endtime="1200.04" c="W">much</w>
   <w nite:id="Bmr014.w.5,112" starttime="1200.04" endtime="1200.49" c="W">memory</w>
   <w nite:id="Bmr014.w.5,113" starttime="1200.49" endtime="1200.6" c="W">or</w>
   <w nite:id="Bmr014.w.5,114" starttime="1200.6" endtime="1201.1" c="W">whatever</w>
   <w nite:id="Bmr014.w.5,115" starttime="1201.1" endtime="1201.1" c="CM">,</w>
   <w nite:id="Bmr014.w.5,120" starttime="1201.7" endtime="1202.03" c="W">and</w>
   <w nite:id="Bmr014.w.5,121" starttime="1202.03" endtime="1202.65" c="W">so</w>
   <pause nite:id="Bmr014.pause.31" starttime="1202.65" endtime="1203.19"/>
   <w nite:id="Bmr014.w.5,122" starttime="1203.19" endtime="1203.56" c="W">she</w>
   <disfmarker nite:id="Bmr014.disfmarker.206" starttime="" endtime=""/>
   <w nite:id="Bmr014.w.5,123" starttime="1203.56" endtime="1203.85" c="W">she</w>
   <w nite:id="Bmr014.w.5,124" starttime="1203.85" endtime="1204.13" c="W">will</w>
   <w nite:id="Bmr014.w.5,125" starttime="1204.13" endtime="1204.43" c="W">try</w>
   <w nite:id="Bmr014.w.5,126" starttime="1204.43" endtime="1204.64" c="W">that</w>
   <w nite:id="Bmr014.w.5,127" starttime="1204.64" endtime="1204.77" c="W">I</w>
   <w nite:id="Bmr014.w.5,128" starttime="1204.77" endtime="1205.1" c="W">think</w>
   <w nite:id="Bmr014.w.5,129" starttime="1205.1" endtime="1205.59" c="W">and</w>
   <disfmarker nite:id="Bmr014.disfmarker.207" starttime="" endtime=""/>
   <comment nite:id="Bmr014.comment.20" starttime="" endtime="" description="abandoned"/>
   <pause nite:id="Bmr014.pause.32" starttime="" endtime="1206.18"/>
   <w nite:id="Bmr014.w.5,130" starttime="1206.18" endtime="" c="W">I</w>
   <w nite:id="Bmr014.w.5,131" starttime="" endtime="1206.52" c="W">'m</w>
   <disfmarker nite:id="Bmr014.disfmarker.208" starttime="" endtime=""/>
   <w nite:id="Bmr014.w.5,132" starttime="1206.52" endtime="" c="W">I</w>
   <w nite:id="Bmr014.w.5,133" starttime="" endtime="1206.66" c="W">'m</w>
   <w nite:id="Bmr014.w.5,134" starttime="1206.66" endtime="1206.95" c="W">working</w>
   <w nite:id="Bmr014.w.5,135" starttime="1206.95" endtime="1207.07" c="W">on</w>
   <w nite:id="Bmr014.w.5,136" starttime="1207.07" endtime="1207.23" c="W">it</w>
   <w nite:id="Bmr014.w.5,137" starttime="1207.23" endtime="1207.23" c=".">.</w>
   <w nite:id="Bmr014.w.5,138" starttime="1207.43" endtime="1207.7" c="W">So</w>
   <w nite:id="Bmr014.w.5,139" starttime="1207.7" endtime="1207.7" c="CM">,</w>
   <w nite:id="Bmr014.w.5,140" starttime="1208.11" endtime="1208.2" c="W">I</w>
   <w nite:id="Bmr014.w.5,141" starttime="1208.2" endtime="1208.48" c="W">hope</w>
   <disfmarker nite:id="Bmr014.disfmarker.209" starttime="" endtime=""/>
   <w nite:id="Bmr014.w.5,157" starttime="1209.85" endtime="1210.15" c="W">No</w>
   <w nite:id="Bmr014.w.5,158" starttime="1210.15" endtime="1210.15" c=".">.</w>
   <w nite:id="Bmr014.w.5,159" starttime="1211.83" endtime="1212.19" c="W">Uh</w>
   <w nite:id="Bmr014.w.5,160" starttime="1212.19" endtime="1212.19" c="CM">,</w>
   <w nite:id="Bmr014.w.5,161" starttime="1213.05" endtime="1213.96" c="W">I</w>
   <pause nite:id="Bmr014.pause.33" starttime="1213.96" endtime="1213.96"/>
   <w nite:id="Bmr014.w.5,162" starttime="1213.96" endtime="1214.48" c="W">mmm</w>
   <w nite:id="Bmr014.w.5,163" starttime="1214.48" endtime="1214.48" c="CM">,</w>
   <w nite:id="Bmr014.w.5,164" starttime="1214.85" endtime="1215.11" c="W">use</w>
   <w nite:id="Bmr014.w.5,165" starttime="1215.11" endtime="1215.43" c="W">some</w>
   <disfmarker nite:id="Bmr014.disfmarker.210" starttime="" endtime=""/>
   <w nite:id="Bmr014.w.5,166" starttime="1215.43" endtime="1215.61" c="W">some</w>
   <w nite:id="Bmr014.w.5,167" starttime="1215.61" endtime="1216.01" c="W">different</w>
   <w nite:id="Bmr014.w.5,168" starttime="1216.01" endtime="1216.53" c="W">features</w>
   <w nite:id="Bmr014.w.5,169" starttime="1216.53" endtime="1216.72" c="W">but</w>
   <w nite:id="Bmr014.w.5,170" starttime="1216.72" endtime="1217.18" c="W">not</w>
   <disfmarker nite:id="Bmr014.disfmarker.211" starttime="" endtime=""/>
   <w nite:id="Bmr014.w.5,171" starttime="1217.5" endtime="1217.72" c="W">not</w>
   <disfmarker nite:id="Bmr014.disfmarker.212" starttime="" endtime=""/>
   <w nite:id="Bmr014.w.5,172" starttime="1218.02" endtime="1218.1" c="W">The</w>
   <w nite:id="Bmr014.w.5,173" starttime="1218.1" endtime="1218.46" c="W">basic</w>
   <w nite:id="Bmr014.w.5,174" starttime="1218.46" endtime="1218.62" c="W">thing</w>
   <w nite:id="Bmr014.w.5,175" starttime="1218.62" endtime="1218.71" c="W">is</w>
   <w nite:id="Bmr014.w.5,176" starttime="1218.78" endtime="1218.99" c="W">this</w>
   <w nite:id="Bmr014.w.5,177" starttime="1219.36" endtime="1219.73" t="PLET" c="W">HMM</w>
   <w nite:id="Bmr014.w.5,178" starttime="1219.73" endtime="1220.03" c="W">base</w>
   <w nite:id="Bmr014.w.5,179" starttime="1220.03" endtime="1220.03" c=".">.</w>
   <w nite:id="Bmr014.w.5,205" starttime="1224.77" endtime="1224.87" c="W">There</w>
   <w nite:id="Bmr014.w.5,206" starttime="1224.87" endtime="1225.01" c="W">is</w>
   <w nite:id="Bmr014.w.5,207" starttime="1225.01" endtime="1225.99" c="W">some</w>
   <w nite:id="Bmr014.w.5,208" starttime="1225.99" endtime="1225.99" c="CM">,</w>
   <w nite:id="Bmr014.w.5,209" starttime="1225.99" endtime="1226.57" c="W">uh</w>
   <w nite:id="Bmr014.w.5,210" starttime="1226.57" endtime="1226.81" c="W">as</w>
   <w nite:id="Bmr014.w.5,211" starttime="1226.81" endtime="1226.93" c="W">the</w>
   <w nite:id="Bmr014.w.5,212" starttime="1226.93" endtime="1227.26" c="W">energy</w>
   <w nite:id="Bmr014.w.5,213" starttime="1227.26" endtime="1227.38" c="W">is</w>
   <w nite:id="Bmr014.w.5,214" starttime="1227.38" endtime="1228.0" c="W">normalized</w>
   <w nite:id="Bmr014.w.5,215" starttime="1228.0" endtime="1228.38" c="W">across</w>
   <w nite:id="Bmr014.w.5,216" starttime="1229.03" endtime="1229.45" c="W">channels</w>
   <w nite:id="Bmr014.w.5,217" starttime="1229.66" endtime="1229.75" c="W">yeah</w>
   <w nite:id="Bmr014.w.5,218" starttime="1229.75" endtime="1229.75" c=".">.</w>
   <w nite:id="Bmr014.w.5,226" starttime="1230.26" endtime="1230.48" c="W">So</w>
   <w nite:id="Bmr014.w.5,227" starttime="1230.48" endtime="1230.48" c=".">.</w>
   <w nite:id="Bmr014.w.5,228" starttime="1231.41" endtime="1231.58" c="W">But</w>
   <w nite:id="Bmr014.w.5,229" starttime="1231.62" endtime="1232.22" c="W">basically</w>
   <w nite:id="Bmr014.w.5,230" starttime="1232.4" endtime="" c="W">that</w>
   <w nite:id="Bmr014.w.5,231" starttime="" endtime="1232.62" c="APOSS">'s</w>
   <w nite:id="Bmr014.w.5,232" starttime="1232.62" endtime="1232.78" c="W">one</w>
   <w nite:id="Bmr014.w.5,233" starttime="1232.78" endtime="1232.92" c="W">of</w>
   <w nite:id="Bmr014.w.5,234" starttime="1232.92" endtime="1233.16" c="W">the</w>
   <w nite:id="Bmr014.w.5,235" starttime="1233.32" endtime="1233.53" c="W">main</w>
   <w nite:id="Bmr014.w.5,236" starttime="1233.91" endtime="1234.32" c="W">changes</w>
   <w nite:id="Bmr014.w.5,237" starttime="1234.32" endtime="1234.32" c=".">.</w>
   <w nite:id="Bmr014.w.5,270" starttime="1242.34" endtime="1242.47" c="W">Oh</w>
   <w nite:id="Bmr014.w.5,271" starttime="1242.47" endtime="1242.56" c="W">I</w>
   <w nite:id="Bmr014.w.5,272" starttime="1242.56" endtime="1242.98" c="W">just</w>
   <w nite:id="Bmr014.w.5,273" starttime="1242.98" endtime="1243.38" c="W">uh</w>
   <disfmarker nite:id="Bmr014.disfmarker.214" starttime="" endtime=""/>
   <vocalsound nite:id="Bmr014.vocalsound.60" starttime="" endtime="" description="outbreath"/>
   <w nite:id="Bmr014.w.5,274" starttime="1244.67" endtime="1245.12" c="W">Mmm</w>
   <w nite:id="Bmr014.w.5,275" starttime="1245.12" endtime="1245.12" c="CM">,</w>
   <w nite:id="Bmr014.w.5,276" starttime="1245.85" endtime="1245.94" c="W">I</w>
   <w nite:id="Bmr014.w.5,277" starttime="1245.94" endtime="1246.19" c="W">just</w>
   <w nite:id="Bmr014.w.5,278" starttime="1246.19" endtime="1246.4" c="W">use</w>
   <w nite:id="Bmr014.w.5,279" starttime="1246.68" endtime="1247.2" c="W">um</w>
   <w nite:id="Bmr014.w.5,280" starttime="1247.48" endtime="1247.68" c="W">our</w>
   <w nite:id="Bmr014.w.5,281" starttime="1247.68" endtime="" c="W">loudness</w>
   <w nite:id="Bmr014.w.5,282" starttime="" endtime="" c="HYPH">-</w>
   <w nite:id="Bmr014.w.5,283" starttime="" endtime="1248.59" c="W">based</w>
   <w nite:id="Bmr014.w.5,284" starttime="1248.91" endtime="1249.2" c="W">things</w>
   <w nite:id="Bmr014.w.5,285" starttime="1249.28" endtime="1249.61" c="W">now</w>
   <w nite:id="Bmr014.w.5,286" starttime="1249.61" endtime="1249.72" c="W">as</w>
   <w nite:id="Bmr014.w.5,287" starttime="1249.95" endtime="1250.15" c="W">they</w>
   <disfmarker nite:id="Bmr014.disfmarker.215" starttime="" endtime=""/>
   <w nite:id="Bmr014.w.5,288" starttime="1250.15" endtime="1250.65" c="W">before</w>
   <w nite:id="Bmr014.w.5,289" starttime="1250.65" endtime="1251.01" c="W">there</w>
   <w nite:id="Bmr014.w.5,290" starttime="1251.01" endtime="1251.07" c="W">were</w>
   <disfmarker nite:id="Bmr014.disfmarker.216" starttime="" endtime=""/>
   <w nite:id="Bmr014.w.5,291" starttime="1251.2" endtime="1251.34" c="W">they</w>
   <w nite:id="Bmr014.w.5,292" starttime="1251.34" endtime="1251.7" c="W">were</w>
   <w nite:id="Bmr014.w.5,293" starttime="1251.7" endtime="1252.35" c="W">some</w>
   <w nite:id="Bmr014.w.5,294" starttime="1252.41" endtime="1252.61" c="W">in</w>
   <disfmarker nite:id="Bmr014.disfmarker.217" starttime="" endtime=""/>
   <w nite:id="Bmr014.w.5,295" starttime="1252.61" endtime="1252.72" c="W">in</w>
   <w nite:id="Bmr014.w.5,296" starttime="1252.72" endtime="1252.79" c="W">the</w>
   <w nite:id="Bmr014.w.5,297" starttime="1252.79" endtime="1252.94" c="W">log</w>
   <w nite:id="Bmr014.w.5,298" starttime="1252.99" endtime="1253.34" c="W">domain</w>
   <w nite:id="Bmr014.w.5,299" starttime="1253.34" endtime="1253.63" c="W">and</w>
   <w nite:id="Bmr014.w.5,300" starttime="1253.63" endtime="1253.9" c="W">I</w>
   <disfmarker nite:id="Bmr014.disfmarker.218" starttime="" endtime=""/>
   <w nite:id="Bmr014.w.5,301" starttime="1253.9" endtime="1254.03" c="W">I</w>
   <w nite:id="Bmr014.w.5,302" starttime="1254.1" endtime="1254.3" c="W">changed</w>
   <w nite:id="Bmr014.w.5,303" starttime="1254.3" endtime="1254.41" c="W">this</w>
   <w nite:id="Bmr014.w.5,304" starttime="1254.52" endtime="1254.59" c="W">to</w>
   <w nite:id="Bmr014.w.5,305" starttime="1254.59" endtime="1254.88" c="W">the</w>
   <disfmarker nite:id="Bmr014.disfmarker.219" starttime="" endtime=""/>
   <w nite:id="Bmr014.w.5,311" starttime="1255.65" endtime="1255.74" c="W">to</w>
   <w nite:id="Bmr014.w.5,312" starttime="1255.74" endtime="1255.92" c="W">the</w>
   <disfmarker nite:id="Bmr014.disfmarker.220" starttime="" endtime=""/>
   <w nite:id="Bmr014.w.5,313" starttime="1256.82" endtime="1256.93" c="W">Yeah</w>
   <w nite:id="Bmr014.w.5,314" starttime="1256.93" endtime="1256.93" c=".">.</w>
   <w nite:id="Bmr014.w.5,315" starttime="1257.3" endtime="1257.69" c="W">To</w>
   <disfmarker nite:id="Bmr014.disfmarker.221" starttime="" endtime=""/>
   <vocalsound nite:id="Bmr014.vocalsound.62" starttime="" endtime="" description="laugh"/>
   <w nite:id="Bmr014.w.5,316" starttime="1259.13" endtime="1259.46" c="W">No</w>
   <w nite:id="Bmr014.w.5,317" starttime="1259.46" endtime="1259.46" c="CM">,</w>
   <w nite:id="Bmr014.w.5,318" starttime="1259.46" endtime="1259.6" c="W">I</w>
   <w nite:id="Bmr014.w.5,319" starttime="1259.61" endtime="1259.87" c="W">changed</w>
   <w nite:id="Bmr014.w.5,320" starttime="1259.87" endtime="1260.02" c="W">this</w>
   <w nite:id="Bmr014.w.5,321" starttime="1260.02" endtime="1260.19" c="W">to</w>
   <w nite:id="Bmr014.w.5,322" starttime="1260.18" endtime="1260.32" c="W">the</w>
   <disfmarker nite:id="Bmr014.disfmarker.222" starttime="" endtime=""/>
   <w nite:id="Bmr014.w.5,323" starttime="1260.33" endtime="1260.54" c="W">to</w>
   <w nite:id="Bmr014.w.5,324" starttime="1260.54" endtime="1260.78" c="W">the</w>
   <disfmarker nite:id="Bmr014.disfmarker.223" starttime="" endtime=""/>
   <w nite:id="Bmr014.w.5,325" starttime="1260.78" endtime="1260.92" c="W">to</w>
   <w nite:id="Bmr014.w.5,326" starttime="1260.91" endtime="1261.03" c="W">the</w>
   <w nite:id="Bmr014.w.5,327" starttime="1261.04" endtime="1261.39" c="W">loudness</w>
   <w nite:id="Bmr014.w.5,328" starttime="1261.7" endtime="1262.18" c="W">thingy</w>
   <w nite:id="Bmr014.w.5,329" starttime="1262.18" endtime="1262.45" c="W">with</w>
   <w nite:id="Bmr014.w.5,330" starttime="1262.45" endtime="1262.78" c="W">the</w>
   <disfmarker nite:id="Bmr014.disfmarker.224" starttime="" endtime=""/>
   <w nite:id="Bmr014.w.5,331" starttime="1262.79" endtime="1263.09" c="W">with</w>
   <w nite:id="Bmr014.w.5,332" starttime="1263.09" endtime="1263.29" c="W">the</w>
   <w nite:id="Bmr014.w.5,333" starttime="1263.4" endtime="1263.57" c="W">how</w>
   <w nite:id="Bmr014.w.5,334" starttime="1263.58" endtime="1263.64" c="W">do</w>
   <w nite:id="Bmr014.w.5,335" starttime="1263.63" endtime="1263.69" c="W">you</w>
   <w nite:id="Bmr014.w.5,336" starttime="1263.69" endtime="1263.97" c="W">call</w>
   <w nite:id="Bmr014.w.5,337" starttime="1263.97" endtime="1264.11" c="W">it</w>
   <w nite:id="Bmr014.w.5,338" starttime="1264.11" endtime="1264.11" c=".">?</w>
   <w nite:id="Bmr014.w.5,339" starttime="1264.12" endtime="" c="W">I</w>
   <w nite:id="Bmr014.w.5,340" starttime="" endtime="1264.3" c="W">'m</w>
   <w nite:id="Bmr014.w.5,341" starttime="1264.3" endtime="1264.5" c="W">not</w>
   <w nite:id="Bmr014.w.5,342" starttime="1264.5" endtime="1264.74" c="W">sure</w>
   <w nite:id="Bmr014.w.5,343" starttime="1264.74" endtime="1264.74" c=".">.</w>
   <w nite:id="Bmr014.w.5,348" starttime="1265.38" endtime="1265.49" c="W">With</w>
   <w nite:id="Bmr014.w.5,349" starttime="1265.6" endtime="1266.03" c="W">the</w>
   <w nite:id="Bmr014.w.5,350" starttime="1266.03" endtime="1266.03" c="CM">,</w>
   <w nite:id="Bmr014.w.5,351" starttime="1266.53" endtime="1267.15" c="W">uh</w>
   <disfmarker nite:id="Bmr014.disfmarker.225" starttime="" endtime=""/>
   <w nite:id="Bmr014.w.5,357" starttime="1269.5" endtime="" c="W">I</w>
   <w nite:id="Bmr014.w.5,358" starttime="" endtime="1269.61" c="W">'m</w>
   <w nite:id="Bmr014.w.5,359" starttime="1269.61" endtime="1269.75" c="W">not</w>
   <w nite:id="Bmr014.w.5,360" starttime="1269.75" endtime="1269.92" c="W">sure</w>
   <w nite:id="Bmr014.w.5,361" starttime="1269.92" endtime="1270.15" c="W">about</w>
   <w nite:id="Bmr014.w.5,362" starttime="1270.15" endtime="1270.23" c="W">the</w>
   <w nite:id="Bmr014.w.5,363" starttime="1270.23" endtime="1270.53" c="W">term</w>
   <w nite:id="Bmr014.w.5,364" starttime="1270.53" endtime="1270.53" c=".">.</w>
   <comment nite:id="Bmr014.comment.21" starttime="" endtime="" description="while laughing"/>
   <w nite:id="Bmr014.w.5,369" starttime="1271.75" endtime="1271.94" c="W">Uh</w>
   <w nite:id="Bmr014.w.5,370" starttime="1271.94" endtime="1271.94" c="CM">,</w>
   <w nite:id="Bmr014.w.5,371" starttime="1272.46" endtime="" c="W">I</w>
   <w nite:id="Bmr014.w.5,372" starttime="" endtime="1272.56" c="W">'ll</w>
   <w nite:id="Bmr014.w.5,373" starttime="1272.56" endtime="1272.69" c="W">look</w>
   <w nite:id="Bmr014.w.5,374" starttime="1272.69" endtime="1272.75" c="W">it</w>
   <w nite:id="Bmr014.w.5,375" starttime="1272.75" endtime="1272.91" c="W">up</w>
   <w nite:id="Bmr014.w.5,376" starttime="1272.91" endtime="1272.91" c=".">.</w>
   <vocalsound nite:id="Bmr014.vocalsound.63" starttime="" endtime="" description="laugh"/>
   <w nite:id="Bmr014.w.5,377" starttime="1273.54" endtime="1273.66" c="W">And</w>
   <w nite:id="Bmr014.w.5,378" starttime="1273.66" endtime="1273.76" c="W">say</w>
   <w nite:id="Bmr014.w.5,379" starttime="1273.76" endtime="1273.9" c="W">it</w>
   <w nite:id="Bmr014.w.5,380" starttime="1273.9" endtime="1273.96" c="W">to</w>
   <w nite:id="Bmr014.w.5,381" starttime="1273.96" endtime="1274.09" c="W">you</w>
   <w nite:id="Bmr014.w.5,382" starttime="1274.09" endtime="1274.09" c=".">.</w>
   <comment nite:id="Bmr014.comment.22" starttime="" endtime="" description="while laughing"/>
   <w nite:id="Bmr014.w.5,387" starttime="1274.55" endtime="1274.76" c="W">Uh</w>
   <w nite:id="Bmr014.w.5,388" starttime="1274.76" endtime="1274.76" c="CM">,</w>
   <w nite:id="Bmr014.w.5,389" starttime="1275.36" endtime="1275.67" t="PLET" c="W">OK</w>
   <w nite:id="Bmr014.w.5,390" starttime="1275.67" endtime="1275.67" c="CM">,</w>
   <w nite:id="Bmr014.w.5,391" starttime="1275.67" endtime="1276.68" c="W">and</w>
   <disfmarker nite:id="Bmr014.disfmarker.226" starttime="" endtime=""/>
   <w nite:id="Bmr014.w.5,392" starttime="1277.22" endtime="1277.48" c="W">Yeah</w>
   <w nite:id="Bmr014.w.5,393" starttime="1277.48" endtime="1277.48" c=".">.</w>
   <w nite:id="Bmr014.w.5,394" starttime="1277.91" endtime="" c="W">That</w>
   <w nite:id="Bmr014.w.5,395" starttime="" endtime="1278.18" c="APOSS">'s</w>
   <disfmarker nite:id="Bmr014.disfmarker.227" starttime="" endtime=""/>
   <w nite:id="Bmr014.w.5,396" starttime="1278.18" endtime="" c="W">that</w>
   <w nite:id="Bmr014.w.5,397" starttime="" endtime="1278.33" c="APOSS">'s</w>
   <w nite:id="Bmr014.w.5,398" starttime="1278.33" endtime="1278.7" c="W">basically</w>
   <w nite:id="Bmr014.w.5,399" starttime="1278.7" endtime="1278.96" c="W">the</w>
   <disfmarker nite:id="Bmr014.disfmarker.228" starttime="" endtime=""/>
   <w nite:id="Bmr014.w.5,400" starttime="1278.96" endtime="1279.42" c="W">the</w>
   <disfmarker nite:id="Bmr014.disfmarker.229" starttime="" endtime=""/>
   <w nite:id="Bmr014.w.5,401" starttime="1279.42" endtime="1279.65" c="W">the</w>
   <w nite:id="Bmr014.w.5,402" starttime="1279.65" endtime="1279.91" c="W">thing</w>
   <w nite:id="Bmr014.w.5,403" starttime="1279.91" endtime="1279.91" c=".">.</w>
   <vocalsound nite:id="Bmr014.vocalsound.64" starttime="" endtime="" description="outbreath"/>
   <w nite:id="Bmr014.w.5,406" starttime="1282.26" endtime="1282.39" c="W">Yeah</w>
   <w nite:id="Bmr014.w.5,407" starttime="1282.39" endtime="1282.39" c="CM">,</w>
   <w nite:id="Bmr014.w.5,408" starttime="1282.39" endtime="1282.55" c="W">and</w>
   <w nite:id="Bmr014.w.5,409" starttime="1282.55" endtime="1282.76" c="W">I</w>
   <disfmarker nite:id="Bmr014.disfmarker.230" starttime="" endtime=""/>
   <w nite:id="Bmr014.w.5,410" starttime="1282.76" endtime="1282.89" c="W">and</w>
   <w nite:id="Bmr014.w.5,411" starttime="1282.94" endtime="1283.06" c="W">I</w>
   <w nite:id="Bmr014.w.5,412" starttime="1283.06" endtime="1283.3" c="W">tried</w>
   <w nite:id="Bmr014.w.5,413" starttime="1283.3" endtime="1283.41" c="TRUNCW">t</w>
   <w nite:id="Bmr014.w.5,414" starttime="1283.41" endtime="1283.55" c="W">to</w>
   <w nite:id="Bmr014.w.5,415" starttime="1283.55" endtime="1284.04" c="W">normalize</w>
   <w nite:id="Bmr014.w.5,416" starttime="1284.29" endtime="1284.79" c="W">uh</w>
   <disfmarker nite:id="Bmr014.disfmarker.231" starttime="" endtime=""/>
   <w nite:id="Bmr014.w.5,417" starttime="1286.04" endtime="1286.48" c="W">uh</w>
   <w nite:id="Bmr014.w.5,418" starttime="1286.48" endtime="1286.57" c="W">the</w>
   <w nite:id="Bmr014.w.5,419" starttime="1286.57" endtime="1286.95" c="W">features</w>
   <w nite:id="Bmr014.w.5,420" starttime="1286.95" endtime="1286.95" c="CM">,</w>
   <w nite:id="Bmr014.w.5,421" starttime="1287.35" endtime="" c="W">there</w>
   <w nite:id="Bmr014.w.5,422" starttime="" endtime="1287.54" c="APOSS">'s</w>
   <w nite:id="Bmr014.w.5,423" starttime="1287.54" endtime="1287.87" c="W">loudness</w>
   <w nite:id="Bmr014.w.5,424" starttime="1287.87" endtime="1288.0" c="W">and</w>
   <w nite:id="Bmr014.w.5,425" starttime="1288.0" endtime="1288.37" c="W">modified</w>
   <w nite:id="Bmr014.w.5,426" starttime="1288.37" endtime="1288.89" c="W">loudness</w>
   <w nite:id="Bmr014.w.5,427" starttime="1288.89" endtime="1288.89" c="CM">,</w>
   <w nite:id="Bmr014.w.5,428" starttime="1288.89" endtime="1289.46" c="W">um</w>
   <w nite:id="Bmr014.w.5,429" starttime="1289.46" endtime="1289.46" c="CM">,</w>
   <w nite:id="Bmr014.w.5,430" starttime="1289.46" endtime="1289.98" c="W">within</w>
   <w nite:id="Bmr014.w.5,431" starttime="1290.1" endtime="1290.34" c="W">one</w>
   <w nite:id="Bmr014.w.5,432" starttime="1290.34" endtime="1290.76" c="W">channel</w>
   <w nite:id="Bmr014.w.5,433" starttime="1290.76" endtime="1290.76" c="CM">,</w>
   <w nite:id="Bmr014.w.5,434" starttime="1291.8" endtime="1292.38" c="W">because</w>
   <w nite:id="Bmr014.w.5,435" starttime="1292.82" endtime="" c="W">they</w>
   <w nite:id="Bmr014.w.5,436" starttime="" endtime="1293.59" c="W">'re</w>
   <w nite:id="Bmr014.w.5,437" starttime="1293.59" endtime="1293.59" c="CM">,</w>
   <vocalsound nite:id="Bmr014.vocalsound.65" starttime="" endtime="" description="outbreath"/>
   <w nite:id="Bmr014.w.5,438" starttime="1294.19" endtime="1294.44" c="W">yeah</w>
   <w nite:id="Bmr014.w.5,439" starttime="1294.44" endtime="1294.72" c="W">to</w>
   <disfmarker nite:id="Bmr014.disfmarker.232" starttime="" endtime=""/>
   <w nite:id="Bmr014.w.5,440" starttime="1294.72" endtime="1295.04" c="W">to</w>
   <w nite:id="Bmr014.w.5,441" starttime="1295.04" endtime="1295.22" c="W">be</w>
   <w nite:id="Bmr014.w.5,442" starttime="1295.22" endtime="1295.49" c="W">able</w>
   <w nite:id="Bmr014.w.5,443" starttime="1295.49" endtime="1295.8" c="W">to</w>
   <w nite:id="Bmr014.w.5,444" starttime="1295.8" endtime="1296.25" c="W">distinguish</w>
   <w nite:id="Bmr014.w.5,445" starttime="1296.25" endtime="1296.82" c="W">between</w>
   <w nite:id="Bmr014.w.5,446" starttime="1296.82" endtime="1297.17" c="W">foreground</w>
   <w nite:id="Bmr014.w.5,447" starttime="1297.17" endtime="1297.26" c="W">and</w>
   <w nite:id="Bmr014.w.5,448" starttime="1297.26" endtime="1297.58" c="W">background</w>
   <w nite:id="Bmr014.w.5,449" starttime="1297.58" endtime="1298.03" c="W">speech</w>
   <w nite:id="Bmr014.w.5,450" starttime="1298.03" endtime="1298.03" c=".">.</w>
   <w nite:id="Bmr014.w.5,451" starttime="1298.75" endtime="1299.97" c="W">And</w>
   <w nite:id="Bmr014.w.5,452" starttime="1299.97" endtime="1300.08" c="W">it</w>
   <w nite:id="Bmr014.w.5,453" starttime="1300.08" endtime="1300.52" c="W">works</w>
   <w nite:id="Bmr014.w.5,454" starttime="1300.67" endtime="1300.89" c="W">quite</w>
   <w nite:id="Bmr014.w.5,455" starttime="1300.89" endtime="1301.08" c="W">well</w>
   <w nite:id="Bmr014.w.5,456" starttime="1301.08" endtime="1301.08" c=".">.</w>
   <w nite:id="Bmr014.w.5,457" starttime="1301.08" endtime="1301.97" c="W">But</w>
   <w nite:id="Bmr014.w.5,458" starttime="1301.97" endtime="1301.97" c="CM">,</w>
   <w nite:id="Bmr014.w.5,459" starttime="1301.97" endtime="1302.31" c="W">not</w>
   <w nite:id="Bmr014.w.5,460" starttime="1302.31" endtime="1302.65" c="W">always</w>
   <w nite:id="Bmr014.w.5,461" starttime="1302.65" endtime="1302.65" c=".">.</w>
   <vocalsound nite:id="Bmr014.vocalsound.66" starttime="" endtime="" description="laugh"/>
   <w nite:id="Bmr014.w.5,470" starttime="1304.55" endtime="1304.82" c="W">So</w>
   <w nite:id="Bmr014.w.5,471" starttime="1304.82" endtime="1304.82" c=".">.</w>
   <vocalsound nite:id="Bmr014.vocalsound.72" starttime="" endtime="" description="laugh"/>
   <w nite:id="Bmr014.w.6,445" starttime="1536.23" endtime="1536.38" c="W">Yeah</w>
   <w nite:id="Bmr014.w.6,446" starttime="1536.38" endtime="1536.38" c=".">.</w>
   <w nite:id="Bmr014.w.6,539" starttime="1555.8" endtime="1556.22" c="W">Yeah</w>
   <w nite:id="Bmr014.w.6,540" starttime="1556.22" endtime="1556.22" c=".">.</w>
   <vocalsound nite:id="Bmr014.vocalsound.73" starttime="" endtime="" description="mouth noise"/>
   <w nite:id="Bmr014.w.6,832" starttime="1622.69" endtime="1622.94" c="W">Yeah</w>
   <w nite:id="Bmr014.w.6,833" starttime="1622.94" endtime="1622.94" c=".">.</w>
   <vocalsound nite:id="Bmr014.vocalsound.76" starttime="" endtime="" description="laugh"/>
   <vocalsound nite:id="Bmr014.vocalsound.81" starttime="" endtime="" description="laugh"/>
   <vocalsound nite:id="Bmr014.vocalsound.87" starttime="" endtime="" description="laugh"/>
   <w nite:id="Bmr014.w.7,637" starttime="1800.54" endtime="1800.81" c="W">Yeah</w>
   <w nite:id="Bmr014.w.7,638" starttime="1800.81" endtime="1800.81" c=".">.</w>
   <w nite:id="Bmr014.w.7,673" starttime="1806.78" endtime="1807.08" c="W">Yeah</w>
   <w nite:id="Bmr014.w.7,674" starttime="1807.08" endtime="1807.08" c=".">.</w>
   <w nite:id="Bmr014.w.7,675" starttime="1809.07" endtime="1810.1" c="TRUNCW">I</w>
   <vocalsound nite:id="Bmr014.vocalsound.89" starttime="" endtime="" description="outbreath"/>
   <w nite:id="Bmr014.w.7,745" starttime="1820.74" endtime="1821.0" c="W">Yeah</w>
   <w nite:id="Bmr014.w.7,746" starttime="1821.0" endtime="1821.0" c=".">.</w>
   <w nite:id="Bmr014.w.7,749" starttime="1823.52" endtime="1823.63" c="W">But</w>
   <disfmarker nite:id="Bmr014.disfmarker.300" starttime="" endtime=""/>
   <w nite:id="Bmr014.w.7,762" starttime="1826.83" endtime="1827.05" c="W">Just</w>
   <w nite:id="Bmr014.w.7,763" starttime="1827.05" endtime="1827.22" c="W">put</w>
   <w nite:id="Bmr014.w.7,764" starttime="1827.22" endtime="1827.3" c="W">the</w>
   <w nite:id="Bmr014.w.7,765" starttime="1827.3" endtime="1827.65" c="W">button</w>
   <w nite:id="Bmr014.w.7,766" starttime="1827.65" endtime="1827.9" c="W">on</w>
   <disfmarker nite:id="Bmr014.disfmarker.301" starttime="" endtime=""/>
   <w nite:id="Bmr014.w.7,767" starttime="1827.9" endtime="1828.0" c="W">on</w>
   <w nite:id="Bmr014.w.7,768" starttime="1828.0" endtime="1828.08" c="W">the</w>
   <w nite:id="Bmr014.w.7,769" starttime="1828.08" endtime="1828.23" c="W">web</w>
   <w nite:id="Bmr014.w.7,770" starttime="1828.23" endtime="1828.49" c="W">page</w>
   <w nite:id="Bmr014.w.7,771" starttime="1828.49" endtime="1828.67" c="W">which</w>
   <w nite:id="Bmr014.w.7,772" starttime="1828.67" endtime="1828.94" c="W">say</w>
   <w nite:id="Bmr014.w.7,773" starttime="" endtime="" c="LQUOTE" qut="D">"</w>
   <w nite:id="Bmr014.w.7,774" starttime="1828.94" endtime="1829.21" c="W">please</w>
   <w nite:id="Bmr014.w.7,775" starttime="1829.21" endtime="1829.47" c="W">send</w>
   <w nite:id="Bmr014.w.7,776" starttime="1829.47" endtime="1829.67" c="W">me</w>
   <w nite:id="Bmr014.w.7,777" starttime="1829.67" endtime="1830.09" c="W">the</w>
   <disfmarker nite:id="Bmr014.disfmarker.302" starttime="" endtime=""/>
   <w nite:id="Bmr014.w.7,778" starttime="1830.09" endtime="1830.19" c="W">the</w>
   <w nite:id="Bmr014.w.7,779" starttime="1830.19" endtime="1830.76" c="W">scripts</w>
   <w nite:id="Bmr014.w.7,780" starttime="1830.76" endtime="1830.76" c="RQUOTE" qut="D">"</w>
   <w nite:id="Bmr014.w.7,781" starttime="1830.76" endtime="1830.76" c=".">.</w>
   <w nite:id="Bmr014.w.7,791" starttime="1832.35" endtime="1832.53" c="W">Yeah</w>
   <w nite:id="Bmr014.w.7,792" starttime="1832.53" endtime="1832.53" c=".">.</w>
   <vocalsound nite:id="Bmr014.vocalsound.94" starttime="" endtime="" description="laugh"/>
   <vocalsound nite:id="Bmr014.vocalsound.98" starttime="" endtime="" description="laugh"/>
   <w nite:id="Bmr014.w.8,304" starttime="1942.9" endtime="1943.27" c="W">Yeah</w>
   <w nite:id="Bmr014.w.8,305" starttime="1943.27" endtime="1943.27" c=".">.</w>
   <vocalsound nite:id="Bmr014.vocalsound.103" starttime="" endtime="" description="laugh"/>
   <vocalsound nite:id="Bmr014.vocalsound.107" starttime="" endtime="" description="laugh"/>
   <vocalsound nite:id="Bmr014.vocalsound.110" starttime="" endtime="" description="laugh"/>
   <vocalsound nite:id="Bmr014.vocalsound.112" starttime="" endtime="" description="laugh"/>
   <w nite:id="Bmr014.w.9,482" starttime="2196.67" endtime="2196.94" c="W">Yeah</w>
   <w nite:id="Bmr014.w.9,483" starttime="2196.94" endtime="2196.94" c=".">.</w>
   <vocalsound nite:id="Bmr014.vocalsound.118" starttime="" endtime="" description="laugh"/>
   <w nite:id="Bmr014.w.9,832" starttime="2267.83" endtime="2268.23" c="W">Yeah</w>
   <w nite:id="Bmr014.w.9,833" starttime="2268.23" endtime="2268.23" c=".">.</w>
   <vocalsound nite:id="Bmr014.vocalsound.124" starttime="" endtime="" description="laugh"/>
   <vocalsound nite:id="Bmr014.vocalsound.128" starttime="" endtime="" description="laugh"/>
   <vocalsound nite:id="Bmr014.vocalsound.134" starttime="" endtime="" description="laugh"/>
   <vocalsound nite:id="Bmr014.vocalsound.137" starttime="" endtime="" description="laugh"/>
   <vocalsound nite:id="Bmr014.vocalsound.141" starttime="" endtime="" description="laugh"/>
   <vocalsound nite:id="Bmr014.vocalsound.142" starttime="" endtime="" description="laugh"/>
   <vocalsound nite:id="Bmr014.vocalsound.149" starttime="" endtime="" description="laugh"/>
   <vocalsound nite:id="Bmr014.vocalsound.156" starttime="" endtime="" description="laugh"/>
   <w nite:id="Bmr014.w.10,989" starttime="2525.37" endtime="2525.78" c="W">Yeah</w>
   <w nite:id="Bmr014.w.10,990" starttime="2525.78" endtime="2525.78" c=".">.</w>
   <vocalsound nite:id="Bmr014.vocalsound.159" starttime="" endtime="" description="laugh"/>
   <w nite:id="Bmr014.w.10,995" starttime="2527.28" endtime="2527.53" c="W">Oh</w>
   <w nite:id="Bmr014.w.10,996" starttime="2527.53" endtime="2527.53" c="CM">,</w>
   <vocalsound nite:id="Bmr014.vocalsound.160" starttime="" endtime="" description="laugh"/>
   <w nite:id="Bmr014.w.11,061" starttime="2533.53" endtime="2534.27" c="W">Oh</w>
   <w nite:id="Bmr014.w.11,062" starttime="2534.27" endtime="2534.27" c="CM">,</w>
   <w nite:id="Bmr014.w.11,063" starttime="2534.27" endtime="2534.62" c="W">God</w>
   <w nite:id="Bmr014.w.11,064" starttime="2534.62" endtime="2534.62" c=".">.</w>
   <w nite:id="Bmr014.w.11,072" starttime="2537.37" endtime="2537.6" c="W">Yeah</w>
   <w nite:id="Bmr014.w.11,073" starttime="2537.6" endtime="2537.6" c=".">.</w>
   <vocalsound nite:id="Bmr014.vocalsound.167" starttime="" endtime="" description="laugh"/>
   <vocalsound nite:id="Bmr014.vocalsound.172" starttime="" endtime="" description="laugh"/>
   <vocalsound nite:id="Bmr014.vocalsound.173" starttime="" endtime="" description="laugh"/>
   <vocalsound nite:id="Bmr014.vocalsound.177" starttime="" endtime="" description="laugh"/>
   <vocalsound nite:id="Bmr014.vocalsound.178" starttime="" endtime="" description="laugh"/>
   <vocalsound nite:id="Bmr014.vocalsound.195" starttime="" endtime="" description="laugh"/>
   <vocalsound nite:id="Bmr014.vocalsound.201" starttime="" endtime="" description="laugh"/>
   <w nite:id="Bmr014.w.12,283" starttime="" endtime="" c="W">Transcript</w>
   <w nite:id="Bmr014.w.12,284" starttime="" endtime="" c="W">two</w>
   <w nite:id="Bmr014.w.12,285" starttime="" endtime="" c="W">four</w>
   <w nite:id="Bmr014.w.12,286" starttime="" endtime="" c="W">one</w>
   <w nite:id="Bmr014.w.12,287" starttime="" endtime="" c="W">one</w>
   <w nite:id="Bmr014.w.12,288" starttime="" endtime="" c="CM">,</w>
   <w nite:id="Bmr014.w.12,289" starttime="" endtime="" c="W">dash</w>
   <w nite:id="Bmr014.w.12,290" starttime="" endtime="" c="W">two</w>
   <w nite:id="Bmr014.w.12,291" starttime="" endtime="" c="W">four</w>
   <w nite:id="Bmr014.w.12,292" starttime="" endtime="" c="W">three</w>
   <w nite:id="Bmr014.w.12,293" starttime="" endtime="" c="W">zero</w>
   <w nite:id="Bmr014.w.12,294" starttime="" endtime="" c=".">.</w>
   <comment nite:id="Bmr014.comment.159" starttime="" endtime="" description="Digits"/>
   <w nite:id="Bmr014.w.12,295" starttime="" endtime="" c="W">five</w>
   <w nite:id="Bmr014.w.12,296" starttime="" endtime="" c="W">seven</w>
   <w nite:id="Bmr014.w.12,297" starttime="" endtime="" c="W">eight</w>
   <w nite:id="Bmr014.w.12,298" starttime="" endtime="" c="W">four</w>
   <w nite:id="Bmr014.w.12,299" starttime="" endtime="" c="W">four</w>
   <comment nite:id="Bmr014.comment.160" starttime="" endtime="" description="Digits"/>
   <w nite:id="Bmr014.w.12,300" starttime="" endtime="" c="W">six</w>
   <w nite:id="Bmr014.w.12,301" starttime="" endtime="" c="W">nine</w>
   <w nite:id="Bmr014.w.12,302" starttime="" endtime="" c="W">six</w>
   <w nite:id="Bmr014.w.12,303" starttime="" endtime="" c="W">two</w>
   <w nite:id="Bmr014.w.12,304" starttime="" endtime="" c="W">one</w>
   <comment nite:id="Bmr014.comment.161" starttime="" endtime="" description="Digits"/>
   <w nite:id="Bmr014.w.12,305" starttime="" endtime="" c="W">seven</w>
   <comment nite:id="Bmr014.comment.162" starttime="" endtime="" description="Digits"/>
   <w nite:id="Bmr014.w.12,306" starttime="" endtime="" c="W">eight</w>
   <comment nite:id="Bmr014.comment.163" starttime="" endtime="" description="Digits"/>
   <w nite:id="Bmr014.w.12,307" starttime="" endtime="" c="W">nine</w>
   <comment nite:id="Bmr014.comment.164" starttime="" endtime="" description="Digits"/>
   <w nite:id="Bmr014.w.12,308" starttime="" endtime="" c="W">zero</w>
   <w nite:id="Bmr014.w.12,309" starttime="" endtime="" c="W">one</w>
   <comment nite:id="Bmr014.comment.165" starttime="" endtime="" description="Digits"/>
   <w nite:id="Bmr014.w.12,310" starttime="" endtime="" c="W">one</w>
   <w nite:id="Bmr014.w.12,311" starttime="" endtime="" c="W">two</w>
   <w nite:id="Bmr014.w.12,312" starttime="" endtime="" c="W">eight</w>
   <w nite:id="Bmr014.w.12,313" starttime="" endtime="" c="W">six</w>
   <comment nite:id="Bmr014.comment.166" starttime="" endtime="" description="Digits"/>
   <w nite:id="Bmr014.w.12,314" starttime="" endtime="" c="W">two</w>
   <w nite:id="Bmr014.w.12,315" starttime="" endtime="" c="W">three</w>
   <w nite:id="Bmr014.w.12,316" starttime="" endtime="" c="W">five</w>
   <w nite:id="Bmr014.w.12,317" starttime="" endtime="" c="W">two</w>
   <w nite:id="Bmr014.w.12,318" starttime="" endtime="" c="LET">O</w>
   <w nite:id="Bmr014.w.12,319" starttime="" endtime="" c="W">two</w>
   <w nite:id="Bmr014.w.12,320" starttime="" endtime="" c="W">seven</w>
   <comment nite:id="Bmr014.comment.167" starttime="" endtime="" description="Digits"/>
   <w nite:id="Bmr014.w.12,321" starttime="" endtime="" c="W">three</w>
   <w nite:id="Bmr014.w.12,322" starttime="" endtime="" c="W">nine</w>
   <w nite:id="Bmr014.w.12,323" starttime="" endtime="" c="W">five</w>
   <w nite:id="Bmr014.w.12,324" starttime="" endtime="" c="W">one</w>
   <comment nite:id="Bmr014.comment.168" starttime="" endtime="" description="Digits"/>
   <w nite:id="Bmr014.w.12,325" starttime="" endtime="" c="W">four</w>
   <comment nite:id="Bmr014.comment.169" starttime="" endtime="" description="Digits"/>
   <w nite:id="Bmr014.w.12,326" starttime="" endtime="" c="W">five</w>
   <comment nite:id="Bmr014.comment.170" starttime="" endtime="" description="Digits"/>
   <w nite:id="Bmr014.w.12,327" starttime="" endtime="" c="W">six</w>
   <comment nite:id="Bmr014.comment.171" starttime="" endtime="" description="Digits"/>
   <w nite:id="Bmr014.w.12,328" starttime="" endtime="" c="W">eight</w>
   <w nite:id="Bmr014.w.12,329" starttime="" endtime="" c="W">one</w>
   <w nite:id="Bmr014.w.12,330" starttime="" endtime="" c="W">three</w>
   <comment nite:id="Bmr014.comment.172" starttime="" endtime="" description="Digits"/>
   <w nite:id="Bmr014.w.12,331" starttime="" endtime="" c="W">nine</w>
   <w nite:id="Bmr014.w.12,332" starttime="" endtime="" c="W">six</w>
   <w nite:id="Bmr014.w.12,333" starttime="" endtime="" c="W">two</w>
   <w nite:id="Bmr014.w.12,334" starttime="" endtime="" c="W">zero</w>
   <w nite:id="Bmr014.w.12,335" starttime="" endtime="" c="W">four</w>
   <comment nite:id="Bmr014.comment.173" starttime="" endtime="" description="Digits"/>
   <w nite:id="Bmr014.w.12,336" starttime="" endtime="" c="LET">O</w>
   <w nite:id="Bmr014.w.12,337" starttime="" endtime="" c="W">eight</w>
   <w nite:id="Bmr014.w.12,338" starttime="" endtime="" c="LET">O</w>
   <w nite:id="Bmr014.w.12,339" starttime="" endtime="" c="W">one</w>
   <w nite:id="Bmr014.w.12,340" starttime="" endtime="" c="W">four</w>
   <w nite:id="Bmr014.w.12,341" starttime="" endtime="" c="LET">O</w>
   <w nite:id="Bmr014.w.12,342" starttime="" endtime="" c="W">seven</w>
   <comment nite:id="Bmr014.comment.174" starttime="" endtime="" description="Digits"/>
   <w nite:id="Bmr014.w.12,343" starttime="" endtime="" c="W">zero</w>
   <w nite:id="Bmr014.w.12,344" starttime="" endtime="" c="W">six</w>
   <w nite:id="Bmr014.w.12,345" starttime="" endtime="" c="W">two</w>
   <w nite:id="Bmr014.w.12,346" starttime="" endtime="" c="W">six</w>
   <w nite:id="Bmr014.w.12,347" starttime="" endtime="" c="W">six</w>
   <w nite:id="Bmr014.w.12,348" starttime="" endtime="" c="W">eight</w>
   <w nite:id="Bmr014.w.12,349" starttime="" endtime="" c="W">seven</w>
   <comment nite:id="Bmr014.comment.175" starttime="" endtime="" description="Digits"/>
   <w nite:id="Bmr014.w.12,350" starttime="" endtime="" c="W">one</w>
   <comment nite:id="Bmr014.comment.176" starttime="" endtime="" description="Digits"/>
   <w nite:id="Bmr014.w.12,351" starttime="" endtime="" c="W">two</w>
   <comment nite:id="Bmr014.comment.177" starttime="" endtime="" description="Digits"/>
   <w nite:id="Bmr014.w.12,352" starttime="" endtime="" c="W">three</w>
   <comment nite:id="Bmr014.comment.178" starttime="" endtime="" description="Digits"/>
   <w nite:id="Bmr014.w.12,353" starttime="" endtime="" c="W">five</w>
   <w nite:id="Bmr014.w.12,354" starttime="" endtime="" c="W">two</w>
   <w nite:id="Bmr014.w.12,355" starttime="" endtime="" c="W">six</w>
   <w nite:id="Bmr014.w.12,356" starttime="" endtime="" c="W">three</w>
   <comment nite:id="Bmr014.comment.179" starttime="" endtime="" description="Digits"/>
   <vocalsound nite:id="Bmr014.vocalsound.207" starttime="" endtime="" description="laugh"/>
   <w nite:id="Bmr014.w.12,474" starttime="3006.85" endtime="3006.97" c="W">Burger</w>
   <w nite:id="Bmr014.w.12,475" starttime="3007.2" endtime="3007.29" c="W">King</w>
   <comment nite:id="Bmr014.comment.202" starttime="" endtime="" description="while laughing"/>
   <vocalsound nite:id="Bmr014.vocalsound.208" starttime="" endtime="" description="laugh"/>
</nite:root>