<?xml version="1.0" encoding="ISO-8859-1" standalone="yes"?>
<nite:root nite:id="Bmr014.B.words" xmlns:nite="http://nite.sourceforge.net/">
   <w nite:id="Bmr014.w.302" starttime="91.6" endtime="91.6" c="LQUOTE" qut="D">"</w>
   <w nite:id="Bmr014.w.303" starttime="91.6" endtime="91.99" c="W">Spikes</w>
   <w nite:id="Bmr014.w.304" starttime="91.99" endtime="91.99" c="RQUOTE" qut="D">"</w>
   <w nite:id="Bmr014.w.305" starttime="91.99" endtime="91.99" c="CM">,</w>
   <w nite:id="Bmr014.w.306" starttime="91.99" endtime="92.05" c="W">you</w>
   <w nite:id="Bmr014.w.307" starttime="92.05" endtime="92.28" c="W">mean</w>
   <w nite:id="Bmr014.w.308" starttime="92.28" endtime="92.58" c="W">like</w>
   <w nite:id="Bmr014.w.309" starttime="92.58" endtime="92.86" c="W">uh</w>
   <w nite:id="Bmr014.w.310" starttime="92.86" endtime="92.86" c="CM">,</w>
   <w nite:id="Bmr014.w.311" starttime="93.24" endtime="93.96" c="W">instantaneous</w>
   <w nite:id="Bmr014.w.312" starttime="93.96" endtime="94.23" c="W">click</w>
   <w nite:id="Bmr014.w.313" starttime="94.36" endtime="94.58" c="W">type</w>
   <w nite:id="Bmr014.w.314" starttime="94.58" endtime="95.04" c="W">spikes</w>
   <w nite:id="Bmr014.w.315" starttime="95.04" endtime="95.04" c="CM">,</w>
   <w nite:id="Bmr014.w.316" starttime="95.04" endtime="95.17" c="W">or</w>
   <disfmarker nite:id="Bmr014.disfmarker.9" starttime="" endtime=""/>
   <w nite:id="Bmr014.w.317" starttime="95.17" endtime="95.17" c=".">?</w>
   <comment nite:id="Bmr014.comment.3" starttime="" endtime="" description="leading question"/>
   <w nite:id="Bmr014.w.328" starttime="96.559" endtime="97.409" c="W">Huh</w>
   <w nite:id="Bmr014.w.329" starttime="97.409" endtime="97.409" c=".">.</w>
   <w nite:id="Bmr014.w.424" starttime="113.423" endtime="113.523" c="W">You</w>
   <w nite:id="Bmr014.w.425" starttime="113.523" endtime="113.663" c="W">could</w>
   <w nite:id="Bmr014.w.426" starttime="114.083" endtime="114.253" c="W">try</w>
   <w nite:id="Bmr014.w.427" starttime="114.253" endtime="114.343" c="W">an</w>
   <w nite:id="Bmr014.w.428" starttime="114.343" endtime="114.843" c="W">experiment</w>
   <w nite:id="Bmr014.w.429" starttime="114.843" endtime="114.933" c="W">and</w>
   <w nite:id="Bmr014.w.430" starttime="114.933" endtime="115.093" c="W">say</w>
   <w nite:id="Bmr014.w.431" starttime="" endtime="" c="LQUOTE" qut="D">"</w>
   <w nite:id="Bmr014.w.432" starttime="115.093" endtime="115.283" t="PLET" c="W">OK</w>
   <w nite:id="Bmr014.w.433" starttime="115.283" endtime="115.283" c="CM">,</w>
   <w nite:id="Bmr014.w.434" starttime="115.283" endtime="" c="W">I</w>
   <w nite:id="Bmr014.w.435" starttime="" endtime="115.393" c="W">'m</w>
   <w nite:id="Bmr014.w.436" starttime="115.393" endtime="115.633" c="W">about</w>
   <w nite:id="Bmr014.w.437" starttime="115.633" endtime="115.703" c="W">to</w>
   <w nite:id="Bmr014.w.438" starttime="115.703" endtime="116.023" c="W">test</w>
   <w nite:id="Bmr014.w.439" starttime="116.023" endtime="116.103" c="W">for</w>
   <w nite:id="Bmr014.w.440" starttime="116.103" endtime="116.683" c="W">spikes</w>
   <w nite:id="Bmr014.w.441" starttime="116.683" endtime="116.683" c="RQUOTE" qut="D">"</w>
   <w nite:id="Bmr014.w.442" starttime="116.683" endtime="116.683" c="CM">,</w>
   <w nite:id="Bmr014.w.443" starttime="116.683" endtime="116.793" c="W">and</w>
   <w nite:id="Bmr014.w.444" starttime="116.793" endtime="117.053" c="W">then</w>
   <w nite:id="Bmr014.w.445" starttime="117.053" endtime="117.323" c="W">wiggle</w>
   <w nite:id="Bmr014.w.446" starttime="117.323" endtime="117.393" c="W">the</w>
   <w nite:id="Bmr014.w.447" starttime="117.393" endtime="117.763" c="W">thing</w>
   <w nite:id="Bmr014.w.448" starttime="117.763" endtime="118.043" c="W">there</w>
   <w nite:id="Bmr014.w.449" starttime="118.043" endtime="118.043" c="CM">,</w>
   <w nite:id="Bmr014.w.450" starttime="118.103" endtime="118.223" c="W">and</w>
   <w nite:id="Bmr014.w.451" starttime="118.223" endtime="118.413" c="W">then</w>
   <w nite:id="Bmr014.w.456" starttime="119.261" endtime="119.451" c="W">go</w>
   <w nite:id="Bmr014.w.457" starttime="119.451" endtime="119.591" c="W">and</w>
   <w nite:id="Bmr014.w.458" starttime="119.591" endtime="119.861" c="W">when</w>
   <w nite:id="Bmr014.w.459" starttime="119.861" endtime="120.001" c="W">they</w>
   <w nite:id="Bmr014.w.460" starttime="120.001" endtime="120.171" c="W">go</w>
   <w nite:id="Bmr014.w.461" starttime="120.171" endtime="120.231" c="W">to</w>
   <w nite:id="Bmr014.w.462" starttime="120.231" endtime="120.691" c="W">transcribe</w>
   <w nite:id="Bmr014.w.463" starttime="120.691" endtime="120.821" c="W">it</w>
   <w nite:id="Bmr014.w.464" starttime="120.821" endtime="120.821" c="CM">,</w>
   <w nite:id="Bmr014.w.465" starttime="120.821" endtime="120.931" c="W">it</w>
   <w nite:id="Bmr014.w.466" starttime="120.931" endtime="121.141" c="W">could</w>
   <w nite:id="Bmr014.w.467" starttime="121.141" endtime="121.141" c="CM">,</w>
   <w nite:id="Bmr014.w.468" starttime="121.451" endtime="121.681" c="W">ask</w>
   <w nite:id="Bmr014.w.469" starttime="121.681" endtime="121.801" c="W">them</w>
   <w nite:id="Bmr014.w.470" starttime="121.801" endtime="121.861" c="W">to</w>
   <w nite:id="Bmr014.w.471" starttime="121.861" endtime="122.011" c="W">come</w>
   <w nite:id="Bmr014.w.472" starttime="122.011" endtime="122.101" c="W">and</w>
   <w nite:id="Bmr014.w.473" starttime="122.101" endtime="122.201" c="W">get</w>
   <w nite:id="Bmr014.w.474" starttime="122.201" endtime="122.361" c="W">you</w>
   <w nite:id="Bmr014.w.475" starttime="122.361" endtime="122.361" c=".">.</w>
   <vocalsound nite:id="Bmr014.vocalsound.8" starttime="" endtime="" description="laugh"/>
   <w nite:id="Bmr014.w.476" starttime="123.401" endtime="123.401" c="LQUOTE" qut="D">"</w>
   <w nite:id="Bmr014.w.477" starttime="123.401" endtime="123.601" c="W">Come</w>
   <w nite:id="Bmr014.w.478" starttime="123.601" endtime="123.711" c="W">get</w>
   <w nite:id="Bmr014.w.479" starttime="123.711" endtime="123.821" c="W">me</w>
   <w nite:id="Bmr014.w.480" starttime="123.821" endtime="123.921" c="W">when</w>
   <w nite:id="Bmr014.w.481" starttime="123.921" endtime="124.001" c="W">you</w>
   <w nite:id="Bmr014.w.482" starttime="124.001" endtime="124.441" c="W">transcribe</w>
   <w nite:id="Bmr014.w.483" starttime="124.441" endtime="124.611" c="W">this</w>
   <w nite:id="Bmr014.w.484" starttime="124.611" endtime="124.701" c="W">and</w>
   <w nite:id="Bmr014.w.485" starttime="124.701" endtime="124.801" c="W">see</w>
   <w nite:id="Bmr014.w.486" starttime="124.801" endtime="124.901" c="W">if</w>
   <w nite:id="Bmr014.w.487" starttime="124.901" endtime="" c="W">there</w>
   <w nite:id="Bmr014.w.488" starttime="" endtime="125.021" c="APOSS">'s</w>
   <w nite:id="Bmr014.w.489" starttime="125.021" endtime="125.201" c="W">spikes</w>
   <w nite:id="Bmr014.w.490" starttime="125.201" endtime="125.201" c=".">.</w>
   <w nite:id="Bmr014.w.491" starttime="" endtime="" c="RQUOTE" qut="D">"</w>
   <vocalsound nite:id="Bmr014.vocalsound.9" starttime="" endtime="" description="laugh"/>
   <w nite:id="Bmr014.w.498" starttime="126.94" endtime="127.0" c="W">No</w>
   <w nite:id="Bmr014.w.499" starttime="127.0" endtime="" c="W">I</w>
   <w nite:id="Bmr014.w.500" starttime="" endtime="127.07" c="W">'m</w>
   <w nite:id="Bmr014.w.501" starttime="127.07" endtime="127.31" c="W">just</w>
   <disfmarker nite:id="Bmr014.disfmarker.16" starttime="" endtime=""/>
   <w nite:id="Bmr014.w.502" starttime="" endtime="" c="SYM">@</w>
   <w nite:id="Bmr014.w.503" starttime="" endtime="" c="SYM">@</w>
   <vocalsound nite:id="Bmr014.vocalsound.10" starttime="" endtime="" description="breath"/>
   <w nite:id="Bmr014.w.938" starttime="255.07" endtime="" c="W">That</w>
   <w nite:id="Bmr014.w.939" starttime="" endtime="255.24" c="W">'ll</w>
   <w nite:id="Bmr014.w.940" starttime="255.24" endtime="255.39" c="W">be</w>
   <disfmarker nite:id="Bmr014.disfmarker.36" starttime="" endtime=""/>
   <w nite:id="Bmr014.w.941" starttime="255.39" endtime="255.57" c="W">I</w>
   <w nite:id="Bmr014.w.942" starttime="255.57" endtime="255.76" c="W">think</w>
   <w nite:id="Bmr014.w.943" starttime="255.76" endtime="" c="W">that</w>
   <w nite:id="Bmr014.w.944" starttime="" endtime="255.95" c="W">'ll</w>
   <w nite:id="Bmr014.w.945" starttime="255.95" endtime="256.37" c="W">help</w>
   <disfmarker nite:id="Bmr014.disfmarker.37" starttime="" endtime=""/>
   <vocalsound nite:id="Bmr014.vocalsound.19" starttime="" endtime="" description="breath"/>
   <w nite:id="Bmr014.w.961" starttime="257.344" endtime="" c="W">That</w>
   <w nite:id="Bmr014.w.962" starttime="" endtime="257.524" c="W">'ll</w>
   <w nite:id="Bmr014.w.963" starttime="257.524" endtime="257.744" c="W">help</w>
   <w nite:id="Bmr014.w.964" starttime="257.744" endtime="257.774" c="W">a</w>
   <w nite:id="Bmr014.w.965" starttime="257.774" endtime="258.094" c="W">lot</w>
   <w nite:id="Bmr014.w.966" starttime="258.094" endtime="258.094" c="CM">,</w>
   <w nite:id="Bmr014.w.967" starttime="258.164" endtime="258.614" c="W">actually</w>
   <w nite:id="Bmr014.w.968" starttime="258.614" endtime="258.614" c=".">.</w>
   <vocalsound nite:id="Bmr014.vocalsound.21" starttime="" endtime="" description="laugh"/>
   <w nite:id="Bmr014.w.1,033" starttime="277.415" endtime="277.885" c="W">Mmm</w>
   <w nite:id="Bmr014.w.1,034" starttime="277.885" endtime="277.885" c=".">.</w>
   <w nite:id="Bmr014.w.1,079" starttime="292.42" endtime="292.47" c="W">I</w>
   <w nite:id="Bmr014.w.1,080" starttime="292.47" endtime="292.79" c="W">would</w>
   <disfmarker nite:id="Bmr014.disfmarker.41" starttime="" endtime=""/>
   <w nite:id="Bmr014.w.1,081" starttime="292.79" endtime="292.89" c="W">I</w>
   <w nite:id="Bmr014.w.1,082" starttime="292.89" endtime="293.0" c="W">would</w>
   <w nite:id="Bmr014.w.1,083" starttime="293.0" endtime="293.27" c="W">also</w>
   <w nite:id="Bmr014.w.1,084" starttime="293.27" endtime="293.54" c="W">guess</w>
   <w nite:id="Bmr014.w.1,085" starttime="293.54" endtime="293.66" c="W">that</w>
   <w nite:id="Bmr014.w.1,086" starttime="293.66" endtime="293.88" c="W">as</w>
   <w nite:id="Bmr014.w.1,087" starttime="293.88" endtime="294.02" c="W">we</w>
   <w nite:id="Bmr014.w.1,088" starttime="294.02" endtime="294.25" c="W">get</w>
   <w nite:id="Bmr014.w.1,089" starttime="294.25" endtime="294.53" c="W">more</w>
   <w nite:id="Bmr014.w.1,090" starttime="294.53" endtime="294.81" c="W">into</w>
   <w nite:id="Bmr014.w.1,091" starttime="294.81" endtime="295.46" c="W">processing</w>
   <w nite:id="Bmr014.w.1,092" starttime="295.46" endtime="295.53" c="W">the</w>
   <w nite:id="Bmr014.w.1,093" starttime="295.53" endtime="295.81" c="W">data</w>
   <w nite:id="Bmr014.w.1,094" starttime="295.81" endtime="296.06" c="W">and</w>
   <w nite:id="Bmr014.w.1,095" starttime="296.06" endtime="296.3" c="W">things</w>
   <w nite:id="Bmr014.w.1,096" starttime="296.3" endtime="296.48" c="W">like</w>
   <w nite:id="Bmr014.w.1,097" starttime="296.48" endtime="296.72" c="W">that</w>
   <w nite:id="Bmr014.w.1,098" starttime="297.1" endtime="" c="W">there</w>
   <w nite:id="Bmr014.w.1,099" starttime="" endtime="297.27" c="W">'ll</w>
   <w nite:id="Bmr014.w.1,100" starttime="297.27" endtime="297.33" c="W">be</w>
   <w nite:id="Bmr014.w.1,101" starttime="297.33" endtime="297.53" c="W">more</w>
   <w nite:id="Bmr014.w.1,102" starttime="297.53" endtime="297.8" c="W">things</w>
   <w nite:id="Bmr014.w.1,103" starttime="297.8" endtime="297.89" c="W">of</w>
   <w nite:id="Bmr014.w.1,104" starttime="297.89" endtime="298.28" c="W">interest</w>
   <w nite:id="Bmr014.w.1,105" starttime="298.28" endtime="298.35" c="W">to</w>
   <w nite:id="Bmr014.w.1,106" starttime="298.35" endtime="298.45" c="W">him</w>
   <w nite:id="Bmr014.w.1,107" starttime="298.45" endtime="298.45" c=".">.</w>
   <w nite:id="Bmr014.w.1,565" starttime="415.49" endtime="415.54" c="W">I</w>
   <w nite:id="Bmr014.w.1,566" starttime="415.54" endtime="415.72" c="W">don't</w>
   <w nite:id="Bmr014.w.1,567" starttime="415.72" endtime="415.87" c="W">quite</w>
   <w nite:id="Bmr014.w.1,568" starttime="415.87" endtime="416.35" c="W">understand</w>
   <w nite:id="Bmr014.w.1,569" starttime="416.35" endtime="416.48" c="W">how</w>
   <w nite:id="Bmr014.w.1,570" starttime="416.48" endtime="416.66" c="W">that</w>
   <disfmarker nite:id="Bmr014.disfmarker.55" starttime="" endtime=""/>
   <w nite:id="Bmr014.w.1,571" starttime="416.9" endtime="417.09" c="W">how</w>
   <w nite:id="Bmr014.w.1,572" starttime="417.09" endtime="417.23" c="W">that</w>
   <w nite:id="Bmr014.w.1,573" starttime="417.23" endtime="417.84" c="W">works</w>
   <w nite:id="Bmr014.w.1,574" starttime="417.84" endtime="417.84" c="CM">,</w>
   <w nite:id="Bmr014.w.1,575" starttime="" endtime="" c=".">.</w>
   <w nite:id="Bmr014.w.1,576" starttime="417.84" endtime="418.14" c="W">If</w>
   <disfmarker nite:id="Bmr014.disfmarker.56" starttime="" endtime=""/>
   <w nite:id="Bmr014.w.1,577" starttime="419.21" endtime="419.27" c="W">So</w>
   <w nite:id="Bmr014.w.1,578" starttime="419.27" endtime="" c="W">we</w>
   <w nite:id="Bmr014.w.1,579" starttime="" endtime="419.41" c="W">'re</w>
   <w nite:id="Bmr014.w.1,580" starttime="419.41" endtime="419.63" c="W">not</w>
   <w nite:id="Bmr014.w.1,581" starttime="419.86" endtime="420.27" c="W">increasing</w>
   <w nite:id="Bmr014.w.1,582" starttime="420.27" endtime="420.34" c="W">the</w>
   <w nite:id="Bmr014.w.1,583" starttime="420.34" endtime="420.65" c="W">number</w>
   <w nite:id="Bmr014.w.1,584" starttime="420.65" endtime="420.75" c="W">of</w>
   <w nite:id="Bmr014.w.1,585" starttime="420.75" endtime="421.33" c="W">channels</w>
   <w nite:id="Bmr014.w.1,586" starttime="421.33" endtime="421.33" c=".">.</w>
   <w nite:id="Bmr014.w.1,603" starttime="421.33" endtime="421.92" t="PLET" c="W">OK</w>
   <w nite:id="Bmr014.w.1,604" starttime="421.92" endtime="421.92" c=".">.</w>
   <w nite:id="Bmr014.w.1,605" starttime="421.92" endtime="422.31" t="PLET" c="W">OK</w>
   <w nite:id="Bmr014.w.1,606" starttime="422.31" endtime="422.31" c=".">.</w>
   <w nite:id="Bmr014.w.1,607" starttime="422.31" endtime="422.5" c="W">I</w>
   <w nite:id="Bmr014.w.1,608" starttime="422.5" endtime="422.65" c="W">see</w>
   <w nite:id="Bmr014.w.1,609" starttime="422.65" endtime="422.65" c=".">.</w>
   <w nite:id="Bmr014.w.1,639" starttime="431.97" endtime="432.22" c="W">Three</w>
   <w nite:id="Bmr014.w.1,640" starttime="432.22" endtime="432.6" c="W">wireds</w>
   <w nite:id="Bmr014.w.1,641" starttime="432.6" endtime="432.91" c="W">work</w>
   <w nite:id="Bmr014.w.1,642" starttime="432.91" endtime="432.91" c="CM">,</w>
   <w nite:id="Bmr014.w.1,643" starttime="432.91" endtime="433.07" c="W">right</w>
   <w nite:id="Bmr014.w.1,644" starttime="433.07" endtime="433.07" c=".">?</w>
   <w nite:id="Bmr014.w.1,654" starttime="434.89" endtime="435.01" c="W">Yeah</w>
   <w nite:id="Bmr014.w.1,655" starttime="435.01" endtime="435.01" c=".">.</w>
   <w nite:id="Bmr014.w.1,656" starttime="435.19" endtime="435.61" c="W">Yeah</w>
   <w nite:id="Bmr014.w.1,657" starttime="435.61" endtime="435.61" c=".">.</w>
   <w nite:id="Bmr014.w.1,742" starttime="454.586" endtime="454.666" c="W">I</w>
   <w nite:id="Bmr014.w.1,743" starttime="454.666" endtime="454.886" c="W">checked</w>
   <w nite:id="Bmr014.w.1,744" starttime="454.886" endtime="454.996" c="W">them</w>
   <w nite:id="Bmr014.w.1,745" starttime="454.996" endtime="455.156" c="W">this</w>
   <w nite:id="Bmr014.w.1,746" starttime="455.156" endtime="455.396" c="W">morning</w>
   <w nite:id="Bmr014.w.1,747" starttime="455.396" endtime="455.396" c="CM">,</w>
   <w nite:id="Bmr014.w.1,748" starttime="455.396" endtime="455.456" c="W">they</w>
   <w nite:id="Bmr014.w.1,749" starttime="455.456" endtime="455.656" c="W">should</w>
   <w nite:id="Bmr014.w.1,750" starttime="455.656" endtime="455.736" c="W">be</w>
   <w nite:id="Bmr014.w.1,751" starttime="455.736" endtime="455.736" c=".">.</w>
   <vocalsound nite:id="Bmr014.vocalsound.27" starttime="" endtime="" description="inbreath"/>
   <w nite:id="Bmr014.w.1,858" starttime="484.448" endtime="484.878" t="PLET" c="W">SRI</w>
   <w nite:id="Bmr014.w.1,859" starttime="484.878" endtime="484.878" c="CM">,</w>
   <w nite:id="Bmr014.w.1,860" starttime="484.878" endtime="485.178" c="W">really</w>
   <w nite:id="Bmr014.w.1,861" starttime="485.178" endtime="485.178" c=".">?</w>
   <w nite:id="Bmr014.w.1,864" starttime="485.83" endtime="485.9" c="W">Oh</w>
   <w nite:id="Bmr014.w.1,865" starttime="485.9" endtime="485.9" c=".">.</w>
   <w nite:id="Bmr014.w.2,736" starttime="682.39" endtime="682.76" c="W">Yeah</w>
   <w nite:id="Bmr014.w.2,737" starttime="682.76" endtime="682.76" c=".">.</w>
   <w nite:id="Bmr014.w.2,738" starttime="682.76" endtime="682.9" c="W">He</w>
   <w nite:id="Bmr014.w.2,739" starttime="682.9" endtime="683.12" c="W">might</w>
   <w nite:id="Bmr014.w.2,740" starttime="683.12" endtime="683.37" c="W">have</w>
   <w nite:id="Bmr014.w.2,741" starttime="683.37" endtime="683.37" c=".">.</w>
   <w nite:id="Bmr014.w.2,761" starttime="685.7" endtime="685.92" c="W">Yeah</w>
   <w nite:id="Bmr014.w.2,762" starttime="685.92" endtime="685.92" c=".">.</w>
   <w nite:id="Bmr014.w.2,791" starttime="689.32" endtime="689.52" c="W">Yeah</w>
   <w nite:id="Bmr014.w.2,792" starttime="689.52" endtime="689.52" c=".">.</w>
   <w nite:id="Bmr014.w.3,228" starttime="792.18" endtime="792.24" c="W">You</w>
   <w nite:id="Bmr014.w.3,229" starttime="792.24" endtime="792.3" c="W">know</w>
   <w nite:id="Bmr014.w.3,230" starttime="792.3" endtime="792.3" c="CM">,</w>
   <w nite:id="Bmr014.w.3,231" starttime="792.3" endtime="792.63" c="W">Jane</w>
   <w nite:id="Bmr014.w.3,232" starttime="792.63" endtime="792.63" c=".">?</w>
   <w nite:id="Bmr014.w.3,237" starttime="792.88" endtime="793.14" c="W">Um</w>
   <w nite:id="Bmr014.w.3,238" starttime="793.14" endtime="793.14" c="CM">,</w>
   <w nite:id="Bmr014.w.3,239" starttime="793.14" endtime="793.31" c="W">one</w>
   <w nite:id="Bmr014.w.3,240" starttime="793.31" endtime="793.72" c="W">suggestion</w>
   <w nite:id="Bmr014.w.3,241" starttime="793.72" endtime="793.82" c="W">and</w>
   <w nite:id="Bmr014.w.3,242" starttime="793.82" endtime="793.89" c="W">you</w>
   <w nite:id="Bmr014.w.3,243" starttime="793.89" endtime="794.05" c="W">may</w>
   <w nite:id="Bmr014.w.3,244" starttime="794.05" endtime="794.27" c="W">already</w>
   <w nite:id="Bmr014.w.3,245" starttime="794.27" endtime="794.39" c="W">be</w>
   <w nite:id="Bmr014.w.3,246" starttime="794.39" endtime="794.63" c="W">doing</w>
   <w nite:id="Bmr014.w.3,247" starttime="794.63" endtime="794.85" c="W">this</w>
   <w nite:id="Bmr014.w.3,248" starttime="794.85" endtime="794.85" c="CM">,</w>
   <w nite:id="Bmr014.w.3,249" starttime="794.85" endtime="795.06" c="W">but</w>
   <w nite:id="Bmr014.w.3,250" starttime="795.38" endtime="" c="W">I</w>
   <w nite:id="Bmr014.w.3,251" starttime="" endtime="795.53" c="W">'ve</w>
   <w nite:id="Bmr014.w.3,252" starttime="795.53" endtime="795.85" c="W">noticed</w>
   <w nite:id="Bmr014.w.3,253" starttime="795.85" endtime="795.92" c="W">in</w>
   <w nite:id="Bmr014.w.3,254" starttime="795.92" endtime="795.99" c="W">the</w>
   <w nite:id="Bmr014.w.3,255" starttime="795.99" endtime="796.37" c="W">past</w>
   <w nite:id="Bmr014.w.3,256" starttime="796.37" endtime="796.5" c="W">that</w>
   <w nite:id="Bmr014.w.3,257" starttime="796.5" endtime="796.64" c="W">when</w>
   <w nite:id="Bmr014.w.3,258" starttime="796.64" endtime="" c="W">I</w>
   <w nite:id="Bmr014.w.3,259" starttime="" endtime="796.84" c="W">'ve</w>
   <w nite:id="Bmr014.w.3,260" starttime="796.84" endtime="797.2" c="W">gone</w>
   <w nite:id="Bmr014.w.3,261" starttime="797.844" endtime="798.244" c="W">through</w>
   <w nite:id="Bmr014.w.3,262" starttime="798.244" endtime="799.054" c="W">transcriptions</w>
   <w nite:id="Bmr014.w.3,263" starttime="799.054" endtime="799.294" c="W">and</w>
   <w nite:id="Bmr014.w.3,264" starttime="799.294" endtime="799.384" c="W">you</w>
   <w nite:id="Bmr014.w.3,265" starttime="799.384" endtime="799.484" c="W">know</w>
   <w nite:id="Bmr014.w.3,266" starttime="799.484" endtime="799.634" c="W">in</w>
   <disfmarker nite:id="Bmr014.disfmarker.120" starttime="" endtime=""/>
   <w nite:id="Bmr014.w.3,267" starttime="799.634" endtime="799.804" c="W">in</w>
   <w nite:id="Bmr014.w.3,268" starttime="799.804" endtime="800.054" c="W">order</w>
   <w nite:id="Bmr014.w.3,269" starttime="800.054" endtime="800.144" c="W">to</w>
   <w nite:id="Bmr014.w.3,270" starttime="800.144" endtime="800.494" c="W">build</w>
   <w nite:id="Bmr014.w.3,271" starttime="800.634" endtime="801.184" c="W">lexicons</w>
   <w nite:id="Bmr014.w.3,272" starttime="801.184" endtime="801.284" c="W">and</w>
   <w nite:id="Bmr014.w.3,273" starttime="801.284" endtime="801.584" c="W">things</w>
   <w nite:id="Bmr014.w.3,274" starttime="801.584" endtime="801.584" c="CM">,</w>
   <w nite:id="Bmr014.w.3,275" starttime="801.584" endtime="801.794" c="W">if</w>
   <w nite:id="Bmr014.w.3,276" starttime="801.794" endtime="802.054" c="W">you</w>
   <w nite:id="Bmr014.w.3,277" starttime="802.464" endtime="802.904" c="W">um</w>
   <w nite:id="Bmr014.w.3,278" starttime="802.904" endtime="802.904" c="CM">,</w>
   <w nite:id="Bmr014.w.3,279" starttime="802.974" endtime="803.194" c="W">just</w>
   <w nite:id="Bmr014.w.3,280" starttime="803.194" endtime="803.394" c="W">take</w>
   <w nite:id="Bmr014.w.3,281" starttime="803.394" endtime="803.514" c="W">all</w>
   <w nite:id="Bmr014.w.3,282" starttime="803.514" endtime="803.574" c="W">the</w>
   <w nite:id="Bmr014.w.3,283" starttime="803.574" endtime="804.264" c="W">transcriptions</w>
   <w nite:id="Bmr014.w.3,284" starttime="804.264" endtime="804.354" c="W">and</w>
   <w nite:id="Bmr014.w.3,285" starttime="804.354" endtime="804.624" c="W">separate</w>
   <w nite:id="Bmr014.w.3,286" starttime="804.624" endtime="804.724" c="W">them</w>
   <w nite:id="Bmr014.w.3,287" starttime="804.724" endtime="804.844" c="W">into</w>
   <w nite:id="Bmr014.w.3,288" starttime="804.844" endtime="805.124" c="W">words</w>
   <w nite:id="Bmr014.w.3,289" starttime="805.124" endtime="805.214" c="W">and</w>
   <w nite:id="Bmr014.w.3,290" starttime="805.214" endtime="805.424" c="W">then</w>
   <w nite:id="Bmr014.w.3,291" starttime="805.424" endtime="806.054" c="W">alphabetize</w>
   <w nite:id="Bmr014.w.3,292" starttime="806.054" endtime="806.144" c="W">them</w>
   <w nite:id="Bmr014.w.3,293" starttime="806.144" endtime="806.144" c="CM">,</w>
   <comment nite:id="Bmr014.comment.16" starttime="" endtime="" description="rising intonation"/>
   <w nite:id="Bmr014.w.3,294" starttime="806.607" endtime="806.637" c="W">a</w>
   <w nite:id="Bmr014.w.3,295" starttime="806.637" endtime="806.807" c="W">lot</w>
   <w nite:id="Bmr014.w.3,296" starttime="806.807" endtime="806.867" c="W">of</w>
   <w nite:id="Bmr014.w.3,297" starttime="806.867" endtime="807.137" c="W">times</w>
   <w nite:id="Bmr014.w.3,298" starttime="807.137" endtime="807.307" c="W">just</w>
   <w nite:id="Bmr014.w.3,299" starttime="807.307" endtime="807.697" c="W">scanning</w>
   <w nite:id="Bmr014.w.3,300" starttime="807.697" endtime="807.867" c="W">down</w>
   <w nite:id="Bmr014.w.3,301" starttime="807.867" endtime="807.997" c="W">that</w>
   <w nite:id="Bmr014.w.3,302" starttime="807.997" endtime="808.287" c="W">list</w>
   <w nite:id="Bmr014.w.3,303" starttime="808.287" endtime="" c="W">you</w>
   <w nite:id="Bmr014.w.3,304" starttime="" endtime="808.447" c="W">'ll</w>
   <w nite:id="Bmr014.w.3,305" starttime="808.447" endtime="808.827" c="W">find</w>
   <w nite:id="Bmr014.w.3,306" starttime="808.827" endtime="808.867" c="W">a</w>
   <w nite:id="Bmr014.w.3,307" starttime="808.867" endtime="809.127" c="W">lot</w>
   <w nite:id="Bmr014.w.3,308" starttime="809.127" endtime="809.397" c="W">of</w>
   <pause nite:id="Bmr014.pause.23" starttime="809.397" endtime="810.347"/>
   <w nite:id="Bmr014.w.3,309" starttime="810.347" endtime="811.237" c="W">inconsistencies</w>
   <w nite:id="Bmr014.w.3,310" starttime="811.237" endtime="811.397" c="W">and</w>
   <w nite:id="Bmr014.w.3,311" starttime="811.397" endtime="811.497" c="TRUNCW">mis</w>
   <w nite:id="Bmr014.w.3,359" starttime="817.928" endtime="" c="W">Mm</w>
   <w nite:id="Bmr014.w.3,360" starttime="" endtime="" c="HYPH">-</w>
   <w nite:id="Bmr014.w.3,361" starttime="" endtime="818.338" c="W">hmm</w>
   <w nite:id="Bmr014.w.3,362" starttime="818.338" endtime="818.338" c=".">.</w>
   <w nite:id="Bmr014.w.3,363" starttime="818.708" endtime="" c="W">Mm</w>
   <w nite:id="Bmr014.w.3,364" starttime="" endtime="" c="HYPH">-</w>
   <w nite:id="Bmr014.w.3,365" starttime="" endtime="819.088" c="W">hmm</w>
   <w nite:id="Bmr014.w.3,366" starttime="819.088" endtime="819.088" c=".">.</w>
   <w nite:id="Bmr014.w.3,389" starttime="821.701" endtime="821.781" c="W">Oh</w>
   <w nite:id="Bmr014.w.3,390" starttime="821.781" endtime="821.881" c="W">so</w>
   <w nite:id="Bmr014.w.3,391" starttime="821.881" endtime="821.961" c="W">you</w>
   <w nite:id="Bmr014.w.3,392" starttime="821.961" endtime="822.201" c="W">already</w>
   <w nite:id="Bmr014.w.3,393" starttime="822.201" endtime="822.331" c="W">have</w>
   <w nite:id="Bmr014.w.3,394" starttime="822.331" endtime="822.481" c="W">that</w>
   <w nite:id="Bmr014.w.3,395" starttime="822.481" endtime="822.481" c="CM">,</w>
   <w nite:id="Bmr014.w.3,396" starttime="822.481" endtime="822.761" t="PLET" c="W">OK</w>
   <w nite:id="Bmr014.w.3,397" starttime="822.761" endtime="822.761" c=".">.</w>
   <w nite:id="Bmr014.w.3,452" starttime="833.802" endtime="" c="W">Mm</w>
   <w nite:id="Bmr014.w.3,453" starttime="" endtime="" c="HYPH">-</w>
   <w nite:id="Bmr014.w.3,454" starttime="" endtime="834.012" c="W">hmm</w>
   <w nite:id="Bmr014.w.3,455" starttime="834.012" endtime="834.012" c=".">.</w>
   <w nite:id="Bmr014.w.3,456" starttime="834.452" endtime="834.622" c="W">Cuz</w>
   <w nite:id="Bmr014.w.3,457" starttime="834.772" endtime="834.802" c="W">a</w>
   <w nite:id="Bmr014.w.3,458" starttime="834.802" endtime="834.952" c="W">lot</w>
   <w nite:id="Bmr014.w.3,459" starttime="834.952" endtime="835.012" c="W">of</w>
   <w nite:id="Bmr014.w.3,460" starttime="835.012" endtime="835.162" c="W">times</w>
   <w nite:id="Bmr014.w.3,461" starttime="835.162" endtime="" c="W">they</w>
   <w nite:id="Bmr014.w.3,462" starttime="" endtime="835.352" c="W">'ll</w>
   <w nite:id="Bmr014.w.3,463" starttime="835.352" endtime="835.572" c="W">appear</w>
   <w nite:id="Bmr014.w.3,464" starttime="835.572" endtime="835.862" c="W">next</w>
   <w nite:id="Bmr014.w.3,465" starttime="835.862" endtime="835.952" c="W">to</w>
   <w nite:id="Bmr014.w.3,466" starttime="835.952" endtime="836.122" c="W">each</w>
   <w nite:id="Bmr014.w.3,467" starttime="836.122" endtime="836.412" c="W">other</w>
   <w nite:id="Bmr014.w.3,468" starttime="836.412" endtime="836.412" c="CM">,</w>
   <w nite:id="Bmr014.w.3,483" starttime="836.572" endtime="836.932" c="W">and</w>
   <w nite:id="Bmr014.w.3,484" starttime="836.932" endtime="837.162" c="W">uh</w>
   <w nite:id="Bmr014.w.3,485" starttime="837.162" endtime="837.162" c="CM">,</w>
   <w nite:id="Bmr014.w.3,486" starttime="837.922" endtime="838.012" c="TRUNCW">i</w>
   <w nite:id="Bmr014.w.3,487" starttime="838.012" endtime="838.452" c="W">in</w>
   <w nite:id="Bmr014.w.3,488" starttime="838.452" endtime="839.042" c="W">alphabetized</w>
   <w nite:id="Bmr014.w.3,489" starttime="839.042" endtime="839.242" c="W">lists</w>
   <w nite:id="Bmr014.w.3,490" starttime="839.242" endtime="839.242" c="CM">,</w>
   <w nite:id="Bmr014.w.3,491" starttime="839.242" endtime="" c="W">they</w>
   <w nite:id="Bmr014.w.3,492" starttime="" endtime="839.372" c="W">'ll</w>
   <w nite:id="Bmr014.w.3,493" starttime="839.372" endtime="839.542" c="W">appear</w>
   <w nite:id="Bmr014.w.3,494" starttime="839.542" endtime="839.772" c="W">next</w>
   <w nite:id="Bmr014.w.3,495" starttime="839.772" endtime="839.832" c="W">to</w>
   <w nite:id="Bmr014.w.3,496" starttime="839.832" endtime="839.972" c="W">each</w>
   <w nite:id="Bmr014.w.3,497" starttime="839.972" endtime="840.212" c="W">other</w>
   <w nite:id="Bmr014.w.3,503" starttime="840.212" endtime="840.352" c="W">and</w>
   <disfmarker nite:id="Bmr014.disfmarker.130" starttime="" endtime=""/>
   <w nite:id="Bmr014.w.3,504" starttime="840.472" endtime="840.752" c="W">and</w>
   <w nite:id="Bmr014.w.3,505" starttime="840.752" endtime="840.852" c="W">so</w>
   <w nite:id="Bmr014.w.3,506" starttime="840.852" endtime="840.912" c="W">it</w>
   <w nite:id="Bmr014.w.3,507" starttime="840.912" endtime="841.172" c="W">makes</w>
   <w nite:id="Bmr014.w.3,508" starttime="841.172" endtime="841.242" c="W">it</w>
   <w nite:id="Bmr014.w.3,509" starttime="841.242" endtime="841.452" c="W">easier</w>
   <w nite:id="Bmr014.w.3,510" starttime="841.452" endtime="841.452" c=".">.</w>
   <w nite:id="Bmr014.w.3,663" starttime="877.83" endtime="877.93" c="W">Oh</w>
   <w nite:id="Bmr014.w.3,664" starttime="877.93" endtime="" c="W">that</w>
   <w nite:id="Bmr014.w.3,665" starttime="" endtime="878.13" c="APOSS">'s</w>
   <w nite:id="Bmr014.w.3,666" starttime="878.13" endtime="878.69" c="W">great</w>
   <w nite:id="Bmr014.w.3,667" starttime="878.69" endtime="878.69" c=".">.</w>
   <w nite:id="Bmr014.w.3,737" starttime="889.937" endtime="" c="W">Mm</w>
   <w nite:id="Bmr014.w.3,738" starttime="" endtime="" c="HYPH">-</w>
   <w nite:id="Bmr014.w.3,739" starttime="" endtime="890.377" c="W">hmm</w>
   <w nite:id="Bmr014.w.3,740" starttime="890.377" endtime="890.377" c=".">.</w>
   <w nite:id="Bmr014.w.3,780" starttime="898.14" endtime="898.34" c="W">Yeah</w>
   <w nite:id="Bmr014.w.3,781" starttime="898.34" endtime="898.34" c=".">.</w>
   <w nite:id="Bmr014.w.3,789" starttime="900.27" endtime="900.56" c="W">Right</w>
   <w nite:id="Bmr014.w.3,790" starttime="900.56" endtime="900.56" c=".">.</w>
   <w nite:id="Bmr014.w.3,791" starttime="901.0" endtime="901.32" c="W">Right</w>
   <w nite:id="Bmr014.w.3,792" starttime="901.32" endtime="901.32" c=".">.</w>
   <w nite:id="Bmr014.w.3,894" starttime="914.465" endtime="" c="W">Mm</w>
   <w nite:id="Bmr014.w.3,895" starttime="" endtime="" c="HYPH">-</w>
   <w nite:id="Bmr014.w.3,896" starttime="" endtime="915.285" c="W">hmm</w>
   <w nite:id="Bmr014.w.3,897" starttime="915.285" endtime="915.285" c=".">.</w>
   <w nite:id="Bmr014.w.3,898" starttime="918.143" endtime="" c="W">Mm</w>
   <w nite:id="Bmr014.w.3,899" starttime="" endtime="" c="HYPH">-</w>
   <w nite:id="Bmr014.w.3,900" starttime="" endtime="918.803" c="W">hmm</w>
   <w nite:id="Bmr014.w.3,901" starttime="918.803" endtime="918.803" c=".">.</w>
   <w nite:id="Bmr014.w.3,962" starttime="927.87" endtime="928.33" c="W">Yeah</w>
   <w nite:id="Bmr014.w.3,963" starttime="928.33" endtime="928.33" c=".">.</w>
   <w nite:id="Bmr014.w.4,548" starttime="1064.04" endtime="1064.55" c="W">Hmm</w>
   <w nite:id="Bmr014.w.4,549" starttime="1064.55" endtime="1064.55" c=".">.</w>
   <w nite:id="Bmr014.w.4,552" starttime="1077.71" endtime="1078.25" c="W">When</w>
   <disfmarker nite:id="Bmr014.disfmarker.168" starttime="" endtime=""/>
   <w nite:id="Bmr014.w.4,553" starttime="1078.25" endtime="1078.44" c="W">for</w>
   <w nite:id="Bmr014.w.4,554" starttime="1078.44" endtime="1078.56" c="W">the</w>
   <w nite:id="Bmr014.w.4,555" starttime="1078.56" endtime="1079.02" c="W">person</w>
   <w nite:id="Bmr014.w.4,556" starttime="1079.02" endtime="1079.11" c="W">who</w>
   <w nite:id="Bmr014.w.4,557" starttime="1079.11" endtime="1079.43" c="W">missed</w>
   <w nite:id="Bmr014.w.4,558" starttime="" endtime="" c="LQUOTE" qut="D">"</w>
   <w nite:id="Bmr014.w.4,559" starttime="1079.43" endtime="" c="W">gobbledy</w>
   <w nite:id="Bmr014.w.4,560" starttime="" endtime="" c="HYPH">-</w>
   <w nite:id="Bmr014.w.4,561" starttime="" endtime="1079.92" c="W">gook</w>
   <w nite:id="Bmr014.w.4,562" starttime="1079.92" endtime="1079.92" c="RQUOTE" qut="D">"</w>
   <w nite:id="Bmr014.w.4,563" starttime="1079.92" endtime="1080.16" c="W">what</w>
   <w nite:id="Bmr014.w.4,564" starttime="1080.16" endtime="1080.31" c="W">did</w>
   <w nite:id="Bmr014.w.4,565" starttime="1080.31" endtime="1080.41" c="W">they</w>
   <w nite:id="Bmr014.w.4,566" starttime="1080.41" endtime="1080.76" c="W">put</w>
   <w nite:id="Bmr014.w.4,567" starttime="1080.76" endtime="1080.76" c=".">?</w>
   <w nite:id="Bmr014.w.4,601" starttime="1087.32" endtime="1088.02" c="W">Oh</w>
   <w nite:id="Bmr014.w.4,602" starttime="1088.02" endtime="1088.02" c=".">.</w>
   <w nite:id="Bmr014.w.4,613" starttime="1088.72" endtime="1088.84" c="W">Oh</w>
   <w nite:id="Bmr014.w.4,614" starttime="1088.84" endtime="1089.31" c="W">good</w>
   <w nite:id="Bmr014.w.4,615" starttime="1089.31" endtime="1089.31" c=".">.</w>
   <w nite:id="Bmr014.w.4,620" starttime="1093.03" endtime="1093.16" c="W">Sort</w>
   <w nite:id="Bmr014.w.4,621" starttime="1093.16" endtime="1093.22" c="W">of</w>
   <w nite:id="Bmr014.w.4,622" starttime="1093.22" endtime="1093.33" c="W">how</w>
   <w nite:id="Bmr014.w.4,623" starttime="1093.33" endtime="1093.41" c="W">it</w>
   <w nite:id="Bmr014.w.4,624" starttime="1093.41" endtime="1093.97" c="W">sounds</w>
   <w nite:id="Bmr014.w.4,625" starttime="1093.97" endtime="1093.97" c=".">.</w>
   <w nite:id="Bmr014.w.4,657" starttime="1094.41" endtime="1094.78" c="W">Yeah</w>
   <w nite:id="Bmr014.w.4,658" starttime="1094.78" endtime="1094.78" c=".">.</w>
   <w nite:id="Bmr014.w.4,669" starttime="1101.15" endtime="1101.48" c="W">Yeah</w>
   <w nite:id="Bmr014.w.4,670" starttime="1101.48" endtime="1101.48" c=".">.</w>
   <w nite:id="Bmr014.w.4,754" starttime="1112.83" endtime="1113.02" c="W">Hmm</w>
   <w nite:id="Bmr014.w.4,755" starttime="1113.02" endtime="1113.02" c=".">.</w>
   <w nite:id="Bmr014.w.4,964" starttime="1164.53" endtime="1164.59" c="W">Boy</w>
   <w nite:id="Bmr014.w.4,965" starttime="1164.59" endtime="1164.59" c="CM">,</w>
   <w nite:id="Bmr014.w.4,966" starttime="1164.59" endtime="" c="W">they</w>
   <w nite:id="Bmr014.w.4,967" starttime="" endtime="1164.73" c="W">'re</w>
   <w nite:id="Bmr014.w.4,968" starttime="1164.73" endtime="1165.02" c="W">moving</w>
   <w nite:id="Bmr014.w.4,969" starttime="1165.02" endtime="1165.17" c="W">right</w>
   <w nite:id="Bmr014.w.4,970" starttime="1165.17" endtime="1165.46" c="W">along</w>
   <w nite:id="Bmr014.w.4,971" starttime="1165.46" endtime="1165.46" c=".">.</w>
   <w nite:id="Bmr014.w.5,009" starttime="1169.91" endtime="" c="W">Mm</w>
   <w nite:id="Bmr014.w.5,010" starttime="" endtime="" c="HYPH">-</w>
   <w nite:id="Bmr014.w.5,011" starttime="" endtime="1170.32" c="W">hmm</w>
   <w nite:id="Bmr014.w.5,012" starttime="1170.32" endtime="1170.32" c=".">.</w>
   <vocalsound nite:id="Bmr014.vocalsound.74" starttime="" endtime="" description="yawn"/>
   <vocalsound nite:id="Bmr014.vocalsound.75" starttime="" endtime="" description="sniff"/>
   <w nite:id="Bmr014.w.6,885" starttime="1636.08" endtime="1636.41" c="W">Are</w>
   <disfmarker nite:id="Bmr014.disfmarker.274" starttime="" endtime=""/>
   <w nite:id="Bmr014.w.6,886" starttime="1636.85" endtime="1637.01" c="W">are</w>
   <w nite:id="Bmr014.w.6,887" starttime="1637.01" endtime="1637.62" c="W">people</w>
   <w nite:id="Bmr014.w.6,888" starttime="1637.7" endtime="1637.97" c="W">going</w>
   <w nite:id="Bmr014.w.6,889" starttime="1637.97" endtime="1638.07" c="W">to</w>
   <w nite:id="Bmr014.w.6,890" starttime="1638.07" endtime="1638.25" c="W">be</w>
   <w nite:id="Bmr014.w.6,891" starttime="1638.25" endtime="1638.73" c="W">allowed</w>
   <w nite:id="Bmr014.w.6,892" starttime="1638.73" endtime="1639.27" c="W">to</w>
   <w nite:id="Bmr014.w.6,893" starttime="1639.44" endtime="1639.73" c="W">bleep</w>
   <w nite:id="Bmr014.w.6,894" starttime="1639.73" endtime="1640.1" c="W">out</w>
   <w nite:id="Bmr014.w.6,895" starttime="1640.58" endtime="1641.05" c="W">sections</w>
   <w nite:id="Bmr014.w.6,896" starttime="1641.05" endtime="1641.14" c="W">of</w>
   <w nite:id="Bmr014.w.6,897" starttime="1641.14" endtime="1641.19" c="W">a</w>
   <w nite:id="Bmr014.w.6,898" starttime="1641.19" endtime="1641.53" c="W">meeting</w>
   <w nite:id="Bmr014.w.6,899" starttime="1641.53" endtime="1641.68" c="W">where</w>
   <w nite:id="Bmr014.w.6,900" starttime="1641.68" endtime="1641.88" c="W">they</w>
   <w nite:id="Bmr014.w.6,901" starttime="1641.88" endtime="1642.16" c="W">weren't</w>
   <w nite:id="Bmr014.w.6,902" starttime="1642.16" endtime="1642.66" c="W">speaking</w>
   <w nite:id="Bmr014.w.6,903" starttime="1642.66" endtime="1642.66" c=".">?</w>
   <w nite:id="Bmr014.w.6,934" starttime="1652.94" endtime="1653.09" c="W">So</w>
   <w nite:id="Bmr014.w.6,935" starttime="1653.09" endtime="1653.25" c="W">that</w>
   <w nite:id="Bmr014.w.6,936" starttime="1653.25" endtime="1653.56" c="W">means</w>
   <w nite:id="Bmr014.w.6,937" starttime="1653.56" endtime="1653.72" c="W">other</w>
   <w nite:id="Bmr014.w.6,938" starttime="1653.72" endtime="1654.01" c="W">people</w>
   <w nite:id="Bmr014.w.6,939" starttime="1654.01" endtime="1654.13" c="W">are</w>
   <w nite:id="Bmr014.w.6,940" starttime="1654.13" endtime="1654.5" c="W">editing</w>
   <w nite:id="Bmr014.w.6,941" starttime="1654.5" endtime="1654.61" c="W">what</w>
   <w nite:id="Bmr014.w.6,942" starttime="1654.61" endtime="1654.75" c="W">you</w>
   <w nite:id="Bmr014.w.6,943" starttime="1654.75" endtime="1655.09" c="W">say</w>
   <w nite:id="Bmr014.w.6,944" starttime="1655.09" endtime="1655.09" c=".">?</w>
   <w nite:id="Bmr014.w.6,953" starttime="1656.38" endtime="1656.42" c="W">I</w>
   <w nite:id="Bmr014.w.6,954" starttime="1656.42" endtime="1656.55" c="W">don't</w>
   <w nite:id="Bmr014.w.6,955" starttime="1656.55" endtime="1656.61" c="W">know</w>
   <w nite:id="Bmr014.w.6,956" starttime="1656.61" endtime="1656.68" c="W">if</w>
   <w nite:id="Bmr014.w.6,957" starttime="1656.68" endtime="1656.77" c="W">I</w>
   <w nite:id="Bmr014.w.6,958" starttime="1656.77" endtime="1657.01" c="W">like</w>
   <w nite:id="Bmr014.w.6,959" starttime="1657.01" endtime="1657.27" c="W">that</w>
   <w nite:id="Bmr014.w.6,960" starttime="1657.27" endtime="1657.27" c=".">.</w>
   <vocalsound nite:id="Bmr014.vocalsound.80" starttime="" endtime="" description="laugh"/>
   <w nite:id="Bmr014.w.7,462" starttime="1771.86" endtime="1771.99" c="W">So</w>
   <w nite:id="Bmr014.w.7,463" starttime="1771.99" endtime="1772.22" c="W">far</w>
   <w nite:id="Bmr014.w.7,464" starttime="1772.22" endtime="1772.22" c=".">.</w>
   <vocalsound nite:id="Bmr014.vocalsound.91" starttime="" endtime="" description="inbreath"/>
   <w nite:id="Bmr014.w.7,793" starttime="1833.61" endtime="1833.86" c="W">What</w>
   <w nite:id="Bmr014.w.7,794" starttime="1833.86" endtime="1834.19" c="W">um</w>
   <disfmarker nite:id="Bmr014.disfmarker.303" starttime="" endtime=""/>
   <w nite:id="Bmr014.w.7,795" starttime="1834.19" endtime="1834.36" c="W">When</w>
   <w nite:id="Bmr014.w.7,796" starttime="1834.36" endtime="1834.49" c="W">you</w>
   <w nite:id="Bmr014.w.7,797" starttime="1834.49" endtime="1834.83" c="W">display</w>
   <w nite:id="Bmr014.w.7,798" starttime="1834.83" endtime="1834.89" c="W">it</w>
   <w nite:id="Bmr014.w.7,799" starttime="1834.89" endtime="1835.0" c="W">on</w>
   <w nite:id="Bmr014.w.7,800" starttime="1835.0" endtime="1835.06" c="W">the</w>
   <w nite:id="Bmr014.w.7,801" starttime="1835.06" endtime="1835.26" c="W">web</w>
   <w nite:id="Bmr014.w.7,802" starttime="1835.26" endtime="1835.68" c="W">page</w>
   <w nite:id="Bmr014.w.7,803" starttime="1835.68" endtime="1835.68" c="CM">,</w>
   <w nite:id="Bmr014.w.7,804" starttime="1836.18" endtime="1836.65" c="W">what</w>
   <w nite:id="Bmr014.w.7,805" starttime="1836.65" endtime="1836.87" c="W">are</w>
   <disfmarker nite:id="Bmr014.disfmarker.304" starttime="" endtime=""/>
   <w nite:id="Bmr014.w.7,806" starttime="1836.87" endtime="1837.06" c="W">what</w>
   <w nite:id="Bmr014.w.7,807" starttime="1837.06" endtime="1837.14" c="W">are</w>
   <w nite:id="Bmr014.w.7,808" starttime="1837.14" endtime="1837.29" c="W">you</w>
   <w nite:id="Bmr014.w.7,809" starttime="1837.29" endtime="1837.63" c="W">showing</w>
   <w nite:id="Bmr014.w.7,810" starttime="1837.63" endtime="1837.82" c="W">them</w>
   <w nite:id="Bmr014.w.7,811" starttime="1837.82" endtime="1837.82" c=".">?</w>
   <w nite:id="Bmr014.w.7,812" starttime="1837.82" endtime="1838.7" c="W">Utterances</w>
   <w nite:id="Bmr014.w.7,813" starttime="1838.7" endtime="1838.7" c="CM">,</w>
   <w nite:id="Bmr014.w.7,814" starttime="1838.7" endtime="1838.89" c="W">or</w>
   <disfmarker nite:id="Bmr014.disfmarker.305" starttime="" endtime=""/>
   <w nite:id="Bmr014.w.7,815" starttime="1838.89" endtime="1838.89" c=".">?</w>
   <comment nite:id="Bmr014.comment.31" starttime="" endtime="" description="leading question"/>
   <w nite:id="Bmr014.w.7,820" starttime="1839.46" endtime="1839.6" c="W">And</w>
   <w nite:id="Bmr014.w.7,821" starttime="1839.6" endtime="1839.78" c="W">so</w>
   <w nite:id="Bmr014.w.7,822" starttime="1839.78" endtime="1839.98" c="W">can</w>
   <w nite:id="Bmr014.w.7,823" starttime="1839.98" endtime="1840.11" c="W">they</w>
   <w nite:id="Bmr014.w.7,824" starttime="1840.11" endtime="1840.44" c="W">bleep</w>
   <w nite:id="Bmr014.w.7,825" starttime="1840.44" endtime="1840.7" c="W">within</w>
   <w nite:id="Bmr014.w.7,826" starttime="1840.7" endtime="1840.83" c="W">an</w>
   <w nite:id="Bmr014.w.7,827" starttime="1840.83" endtime="1841.31" c="W">utterance</w>
   <w nite:id="Bmr014.w.7,828" starttime="1841.31" endtime="1841.31" c=".">?</w>
   <w nite:id="Bmr014.w.7,835" starttime="1842.33" endtime="1842.67" c="W">Whole</w>
   <w nite:id="Bmr014.w.7,836" starttime="1842.67" endtime="1843.21" c="W">utterances</w>
   <w nite:id="Bmr014.w.7,837" starttime="1843.21" endtime="1843.21" c=".">.</w>
   <w nite:id="Bmr014.w.7,961" starttime="1871.84" endtime="1872.11" c="W">Mmm</w>
   <w nite:id="Bmr014.w.7,962" starttime="1872.11" endtime="1872.11" c=".">.</w>
   <w nite:id="Bmr014.w.7,976" starttime="1875.21" endtime="1875.24" c="W">I</w>
   <w nite:id="Bmr014.w.7,977" starttime="1875.24" endtime="1875.36" c="W">know</w>
   <w nite:id="Bmr014.w.7,978" starttime="1875.36" endtime="1875.46" c="W">where</w>
   <w nite:id="Bmr014.w.7,979" starttime="1875.46" endtime="" c="W">you</w>
   <w nite:id="Bmr014.w.7,980" starttime="" endtime="1875.59" c="W">'re</w>
   <w nite:id="Bmr014.w.7,981" starttime="1875.59" endtime="1875.8" c="W">going</w>
   <w nite:id="Bmr014.w.7,982" starttime="1875.8" endtime="1875.8" c=".">.</w>
   <vocalsound nite:id="Bmr014.vocalsound.92" starttime="" endtime="" description="laugh"/>
   <w nite:id="Bmr014.w.8,201" starttime="1926.69" endtime="1926.8" c="W">I</w>
   <w nite:id="Bmr014.w.8,202" starttime="1926.8" endtime="1926.96" c="W">think</w>
   <w nite:id="Bmr014.w.8,203" starttime="1926.96" endtime="1927.06" c="W">what</w>
   <w nite:id="Bmr014.w.8,204" starttime="1927.06" endtime="" c="W">Morgan</w>
   <w nite:id="Bmr014.w.8,205" starttime="" endtime="1927.38" c="APOSS">'s</w>
   <w nite:id="Bmr014.w.8,206" starttime="1927.38" endtime="1927.62" c="W">saying</w>
   <w nite:id="Bmr014.w.8,207" starttime="1927.62" endtime="1927.78" c="W">is</w>
   <w nite:id="Bmr014.w.8,208" starttime="1927.78" endtime="1927.89" c="W">the</w>
   <w nite:id="Bmr014.w.8,209" starttime="1927.89" endtime="1928.28" c="W">easier</w>
   <w nite:id="Bmr014.w.8,210" starttime="1928.28" endtime="1928.35" c="W">it</w>
   <w nite:id="Bmr014.w.8,211" starttime="1928.35" endtime="1928.6" c="W">is</w>
   <w nite:id="Bmr014.w.8,212" starttime="1928.6" endtime="1928.6" c="CM">,</w>
   <w nite:id="Bmr014.w.8,213" starttime="1928.65" endtime="1928.73" c="W">the</w>
   <w nite:id="Bmr014.w.8,214" starttime="1928.73" endtime="1929.04" c="W">more</w>
   <w nite:id="Bmr014.w.8,215" starttime="1929.04" endtime="1929.16" c="W">is</w>
   <w nite:id="Bmr014.w.8,216" starttime="1929.16" endtime="1929.35" c="W">gonna</w>
   <w nite:id="Bmr014.w.8,217" starttime="1929.35" endtime="1929.42" c="W">be</w>
   <w nite:id="Bmr014.w.8,218" starttime="1929.42" endtime="1929.85" c="W">bleeped</w>
   <w nite:id="Bmr014.w.8,219" starttime="1929.85" endtime="1929.85" c=".">.</w>
   <vocalsound nite:id="Bmr014.vocalsound.101" starttime="" endtime="" description="laugh"/>
   <w nite:id="Bmr014.w.8,651" starttime="2019.86" endtime="2019.92" c="W">So</w>
   <w nite:id="Bmr014.w.8,652" starttime="2019.92" endtime="" c="W">you</w>
   <w nite:id="Bmr014.w.8,653" starttime="" endtime="2020.08" c="W">'re</w>
   <w nite:id="Bmr014.w.8,654" starttime="2020.08" endtime="2020.46" c="W">saying</w>
   <w nite:id="Bmr014.w.8,655" starttime="2020.46" endtime="2020.73" c="W">the</w>
   <disfmarker nite:id="Bmr014.disfmarker.347" starttime="" endtime=""/>
   <w nite:id="Bmr014.w.8,656" starttime="2020.73" endtime="2020.91" c="W">the</w>
   <w nite:id="Bmr014.w.8,657" starttime="2020.91" endtime="2021.29" c="W">sequence</w>
   <w nite:id="Bmr014.w.8,658" starttime="2021.29" endtime="2021.41" c="W">would</w>
   <w nite:id="Bmr014.w.8,659" starttime="2021.41" endtime="2021.54" c="W">be</w>
   <w nite:id="Bmr014.w.8,660" starttime="2021.54" endtime="2021.74" c="W">more</w>
   <w nite:id="Bmr014.w.8,661" starttime="2021.74" endtime="2022.06" c="W">like</w>
   <w nite:id="Bmr014.w.8,662" starttime="2022.69" endtime="2022.96" c="W">first</w>
   <w nite:id="Bmr014.w.8,663" starttime="2022.96" endtime="2023.25" c="W">Adam</w>
   <w nite:id="Bmr014.w.8,664" starttime="2023.25" endtime="2023.5" c="W">goes</w>
   <w nite:id="Bmr014.w.8,665" starttime="2023.5" endtime="2023.61" c="W">to</w>
   <w nite:id="Bmr014.w.8,666" starttime="2023.61" endtime="2023.68" c="W">the</w>
   <w nite:id="Bmr014.w.8,667" starttime="2023.68" endtime="2024.2" c="W">contact</w>
   <w nite:id="Bmr014.w.8,668" starttime="2024.2" endtime="2024.75" c="W">lists</w>
   <w nite:id="Bmr014.w.8,669" starttime="2024.75" endtime="2024.75" c="CM">,</w>
   <w nite:id="Bmr014.w.8,670" starttime="2024.75" endtime="2025.3" c="W">contacts</w>
   <w nite:id="Bmr014.w.8,671" starttime="2025.3" endtime="2025.65" c="W">them</w>
   <w nite:id="Bmr014.w.8,672" starttime="2025.78" endtime="2025.96" c="W">via</w>
   <w nite:id="Bmr014.w.8,673" starttime="2025.96" endtime="2026.27" c="W">whatever</w>
   <w nite:id="Bmr014.w.8,674" starttime="2026.27" endtime="2026.4" c="W">their</w>
   <w nite:id="Bmr014.w.8,675" starttime="2026.4" endtime="2026.78" c="W">preferred</w>
   <w nite:id="Bmr014.w.8,676" starttime="2026.78" endtime="2027.1" c="W">method</w>
   <w nite:id="Bmr014.w.8,677" starttime="2027.1" endtime="2027.4" c="W">is</w>
   <w nite:id="Bmr014.w.8,678" starttime="2027.4" endtime="2027.4" c="CM">,</w>
   <w nite:id="Bmr014.w.8,679" starttime="2027.8" endtime="2027.9" c="W">to</w>
   <w nite:id="Bmr014.w.8,680" starttime="2027.9" endtime="2028.22" c="W">see</w>
   <w nite:id="Bmr014.w.8,681" starttime="2028.22" endtime="2028.46" c="W">if</w>
   <w nite:id="Bmr014.w.8,682" starttime="2028.46" endtime="2028.62" c="W">they</w>
   <w nite:id="Bmr014.w.8,683" starttime="2028.62" endtime="2028.84" c="W">want</w>
   <w nite:id="Bmr014.w.8,684" starttime="2028.84" endtime="2028.91" c="W">to</w>
   <w nite:id="Bmr014.w.8,685" starttime="2028.91" endtime="2029.19" c="W">review</w>
   <w nite:id="Bmr014.w.8,686" starttime="2029.19" endtime="2029.27" c="W">the</w>
   <w nite:id="Bmr014.w.8,687" starttime="2029.27" endtime="2029.6" c="W">meeting</w>
   <w nite:id="Bmr014.w.8,688" starttime="2029.6" endtime="2029.6" c=".">.</w>
   <w nite:id="Bmr014.w.8,691" starttime="2030.55" endtime="2030.64" c="W">And</w>
   <w nite:id="Bmr014.w.8,692" starttime="2030.64" endtime="2030.81" c="W">then</w>
   <w nite:id="Bmr014.w.8,693" starttime="2030.81" endtime="2031.0" c="W">if</w>
   <w nite:id="Bmr014.w.8,694" starttime="2031.0" endtime="2031.21" c="W">they</w>
   <w nite:id="Bmr014.w.8,695" starttime="2031.21" endtime="2031.59" c="W">don't</w>
   <w nite:id="Bmr014.w.8,696" starttime="2031.59" endtime="2031.59" c="CM">,</w>
   <w nite:id="Bmr014.w.8,697" starttime="2032.07" endtime="" c="W">you</w>
   <w nite:id="Bmr014.w.8,698" starttime="" endtime="2032.17" c="W">'re</w>
   <w nite:id="Bmr014.w.8,699" starttime="2032.17" endtime="2032.55" c="W">done</w>
   <w nite:id="Bmr014.w.8,700" starttime="2032.55" endtime="2032.55" c=".">.</w>
   <w nite:id="Bmr014.w.8,701" starttime="2032.88" endtime="2033.02" c="W">If</w>
   <w nite:id="Bmr014.w.8,702" starttime="2033.02" endtime="2033.14" c="W">they</w>
   <w nite:id="Bmr014.w.8,703" starttime="2033.14" endtime="2033.49" c="W">do</w>
   <w nite:id="Bmr014.w.8,704" starttime="2033.49" endtime="2033.49" c="CM">,</w>
   <w nite:id="Bmr014.w.8,705" starttime="2033.49" endtime="2033.67" c="W">then</w>
   <w nite:id="Bmr014.w.8,706" starttime="2033.67" endtime="2033.77" c="W">he</w>
   <w nite:id="Bmr014.w.8,707" starttime="2033.77" endtime="2034.13" c="W">provides</w>
   <w nite:id="Bmr014.w.8,708" starttime="2034.13" endtime="2034.25" c="W">them</w>
   <w nite:id="Bmr014.w.8,709" starttime="2034.25" endtime="2034.6" c="W">access</w>
   <w nite:id="Bmr014.w.8,710" starttime="2034.6" endtime="2034.7" c="W">to</w>
   <w nite:id="Bmr014.w.8,711" starttime="2034.7" endtime="2034.88" c="W">the</w>
   <disfmarker nite:id="Bmr014.disfmarker.348" starttime="" endtime=""/>
   <w nite:id="Bmr014.w.8,712" starttime="2035.22" endtime="2035.28" c="W">the</w>
   <w nite:id="Bmr014.w.8,713" starttime="2035.28" endtime="2035.44" c="W">web</w>
   <w nite:id="Bmr014.w.8,714" starttime="2035.44" endtime="2035.66" c="W">site</w>
   <w nite:id="Bmr014.w.8,715" starttime="2035.66" endtime="2035.66" c=".">.</w>
   <w nite:id="Bmr014.w.8,739" starttime="2036.93" endtime="2037.24" c="W">Or</w>
   <disfmarker nite:id="Bmr014.disfmarker.349" starttime="" endtime=""/>
   <w nite:id="Bmr014.w.8,740" starttime="2037.48" endtime="2037.56" c="W">a</w>
   <w nite:id="Bmr014.w.8,741" starttime="2037.56" endtime="" c="W">printed</w>
   <w nite:id="Bmr014.w.8,742" starttime="" endtime="" c="HYPH">-</w>
   <w nite:id="Bmr014.w.8,743" starttime="" endtime="2038.06" c="W">out</w>
   <w nite:id="Bmr014.w.8,744" starttime="2038.06" endtime="2038.3" c="W">form</w>
   <w nite:id="Bmr014.w.8,745" starttime="2038.3" endtime="2038.3" c=".">.</w>
   <w nite:id="Bmr014.w.8,789" starttime="2045.98" endtime="2046.27" c="W">Only</w>
   <w nite:id="Bmr014.w.8,790" starttime="2046.27" endtime="2046.39" c="W">if</w>
   <w nite:id="Bmr014.w.8,791" starttime="2046.39" endtime="2046.48" c="W">they</w>
   <w nite:id="Bmr014.w.8,792" starttime="2046.48" endtime="2046.72" c="W">want</w>
   <w nite:id="Bmr014.w.8,793" starttime="2046.72" endtime="2046.84" c="W">it</w>
   <w nite:id="Bmr014.w.8,794" starttime="2046.84" endtime="2046.84" c=".">.</w>
   <w nite:id="Bmr014.w.9,894" starttime="2276.4" endtime="2276.43" c="W">I</w>
   <w nite:id="Bmr014.w.9,895" starttime="2276.43" endtime="2276.55" c="W">think</w>
   <w nite:id="Bmr014.w.9,896" starttime="2276.55" endtime="2276.67" c="W">it</w>
   <w nite:id="Bmr014.w.9,897" starttime="2277.27" endtime="2277.54" c="W">probably</w>
   <w nite:id="Bmr014.w.9,898" starttime="2277.54" endtime="2277.78" c="W">leaves</w>
   <w nite:id="Bmr014.w.9,899" starttime="2277.78" endtime="2277.85" c="W">it</w>
   <w nite:id="Bmr014.w.9,900" starttime="2277.85" endtime="2278.1" c="W">open</w>
   <w nite:id="Bmr014.w.9,901" starttime="2278.1" endtime="2278.25" c="W">how</w>
   <w nite:id="Bmr014.w.9,902" starttime="2278.25" endtime="2278.34" c="W">we</w>
   <w nite:id="Bmr014.w.9,903" starttime="2278.34" endtime="2278.49" c="W">get</w>
   <w nite:id="Bmr014.w.9,904" starttime="2278.49" endtime="2278.59" c="W">it</w>
   <w nite:id="Bmr014.w.9,905" starttime="2278.59" endtime="2278.74" c="W">to</w>
   <w nite:id="Bmr014.w.9,906" starttime="2278.74" endtime="2278.99" c="W">them</w>
   <w nite:id="Bmr014.w.9,907" starttime="2278.99" endtime="2278.99" c=".">.</w>
   <vocalsound nite:id="Bmr014.vocalsound.139" starttime="" endtime="" description="laugh"/>
   <vocalsound nite:id="Bmr014.vocalsound.161" starttime="" endtime="" description="laugh"/>
   <vocalsound nite:id="Bmr014.vocalsound.168" starttime="" endtime="" description="laugh"/>
   <w nite:id="Bmr014.w.11,247" starttime="2584.01" endtime="2584.67" c="W">Sarcasm</w>
   <w nite:id="Bmr014.w.11,248" starttime="2584.67" endtime="2584.67" c="CM">,</w>
   <w nite:id="Bmr014.w.11,249" starttime="2584.67" endtime="2584.79" c="W">how</w>
   <w nite:id="Bmr014.w.11,250" starttime="2584.79" endtime="2584.85" c="W">do</w>
   <w nite:id="Bmr014.w.11,251" starttime="2584.85" endtime="2585.02" c="W">you</w>
   <disfmarker nite:id="Bmr014.disfmarker.463" starttime="" endtime=""/>
   <w nite:id="Bmr014.w.11,252" starttime="2585.49" endtime="2585.59" c="W">how</w>
   <w nite:id="Bmr014.w.11,253" starttime="2585.59" endtime="2585.65" c="W">do</w>
   <w nite:id="Bmr014.w.11,254" starttime="2585.65" endtime="2585.73" c="W">you</w>
   <w nite:id="Bmr014.w.11,255" starttime="2585.73" endtime="2586.1" c="W">indicate</w>
   <w nite:id="Bmr014.w.11,256" starttime="2586.1" endtime="2586.66" c="W">sarcasm</w>
   <w nite:id="Bmr014.w.11,257" starttime="2586.66" endtime="2586.66" c=".">?</w>
   <vocalsound nite:id="Bmr014.vocalsound.181" starttime="" endtime="" description="laugh"/>
   <w nite:id="Bmr014.w.11,367" starttime="2609.76" endtime="2609.93" c="W">Any</w>
   <w nite:id="Bmr014.w.11,368" starttime="2609.93" endtime="" c="W">sub</w>
   <w nite:id="Bmr014.w.11,369" starttime="" endtime="" c="HYPH">-</w>
   <w nite:id="Bmr014.w.11,370" starttime="" endtime="2610.38" c="W">word</w>
   <w nite:id="Bmr014.w.11,371" starttime="2610.38" endtime="2610.67" c="W">level</w>
   <w nite:id="Bmr014.w.11,372" starttime="2610.81" endtime="2611.11" c="W">thing</w>
   <w nite:id="Bmr014.w.11,373" starttime="2611.11" endtime="2611.11" c=".">.</w>
   <w nite:id="Bmr014.w.11,374" starttime="" endtime="" c="SYM">@</w>
   <w nite:id="Bmr014.w.11,375" starttime="" endtime="" c="SYM">@</w>
   <vocalsound nite:id="Bmr014.vocalsound.185" starttime="" endtime="" description="laugh"/>
   <w nite:id="Bmr014.w.11,825" starttime="2722.02" endtime="2722.18" c="W">No</w>
   <w nite:id="Bmr014.w.11,826" starttime="2722.18" endtime="2722.18" c=".">.</w>
   <vocalsound nite:id="Bmr014.vocalsound.194" starttime="" endtime="" description="laugh"/>
   <vocalsound nite:id="Bmr014.vocalsound.198" starttime="" endtime="" description="laugh"/>
   <w nite:id="Bmr014.w.11,884" starttime="2735.56" endtime="2735.69" c="W">There</w>
   <w nite:id="Bmr014.w.11,885" starttime="2735.69" endtime="2735.77" c="W">were</w>
   <w nite:id="Bmr014.w.11,886" starttime="2735.77" endtime="2735.96" c="W">quite</w>
   <w nite:id="Bmr014.w.11,887" starttime="2735.96" endtime="2736.0" c="W">a</w>
   <w nite:id="Bmr014.w.11,888" starttime="2736.0" endtime="2736.35" c="W">few</w>
   <w nite:id="Bmr014.w.11,889" starttime="2736.35" endtime="2736.35" c=".">.</w>
   <w nite:id="Bmr014.w.11,915" starttime="2736.6" endtime="2737.49" c="W">Uh</w>
   <w nite:id="Bmr014.w.11,916" starttime="2737.49" endtime="2737.49" c=".">.</w>
   <w nite:id="Bmr014.w.11,953" starttime="2743.26" endtime="2743.62" c="W">Mmm</w>
   <w nite:id="Bmr014.w.11,954" starttime="2743.62" endtime="2743.62" c=".">.</w>
   <w nite:id="Bmr014.w.11,955" starttime="2745.61" endtime="2745.73" c="W">Oh</w>
   <w nite:id="Bmr014.w.11,956" starttime="2745.73" endtime="2745.95" c="W">good</w>
   <w nite:id="Bmr014.w.11,957" starttime="2745.95" endtime="2745.95" c=".">.</w>
   <w nite:id="Bmr014.w.12,048" starttime="" endtime="" c="W">Transcript</w>
   <w nite:id="Bmr014.w.12,049" starttime="" endtime="" c="W">three</w>
   <w nite:id="Bmr014.w.12,050" starttime="" endtime="" c="W">five</w>
   <w nite:id="Bmr014.w.12,051" starttime="" endtime="" c="W">three</w>
   <w nite:id="Bmr014.w.12,052" starttime="" endtime="" c="W">one</w>
   <w nite:id="Bmr014.w.12,053" starttime="" endtime="" c="W">dash</w>
   <w nite:id="Bmr014.w.12,054" starttime="" endtime="" c="W">three</w>
   <w nite:id="Bmr014.w.12,055" starttime="" endtime="" c="W">five</w>
   <w nite:id="Bmr014.w.12,056" starttime="" endtime="" c="W">five</w>
   <w nite:id="Bmr014.w.12,057" starttime="" endtime="" c="W">zero</w>
   <w nite:id="Bmr014.w.12,058" starttime="" endtime="" c=".">.</w>
   <comment nite:id="Bmr014.comment.91" starttime="" endtime="" description="Digits"/>
   <w nite:id="Bmr014.w.12,059" starttime="" endtime="" c="W">nine</w>
   <w nite:id="Bmr014.w.12,060" starttime="" endtime="" c="W">zero</w>
   <comment nite:id="Bmr014.comment.92" starttime="" endtime="" description="Digits"/>
   <w nite:id="Bmr014.w.12,061" starttime="" endtime="" c="W">zero</w>
   <w nite:id="Bmr014.w.12,062" starttime="" endtime="" c="W">one</w>
   <w nite:id="Bmr014.w.12,063" starttime="" endtime="" c="W">one</w>
   <w nite:id="Bmr014.w.12,064" starttime="" endtime="" c="W">nine</w>
   <comment nite:id="Bmr014.comment.93" starttime="" endtime="" description="Digits"/>
   <w nite:id="Bmr014.w.12,065" starttime="" endtime="" c="W">one</w>
   <w nite:id="Bmr014.w.12,066" starttime="" endtime="" c="W">four</w>
   <w nite:id="Bmr014.w.12,067" starttime="" endtime="" c="W">seven</w>
   <w nite:id="Bmr014.w.12,068" starttime="" endtime="" c="LET">O</w>
   <w nite:id="Bmr014.w.12,069" starttime="" endtime="" c="LET">O</w>
   <comment nite:id="Bmr014.comment.94" starttime="" endtime="" description="Digits"/>
   <w nite:id="Bmr014.w.12,070" starttime="" endtime="" c="W">two</w>
   <w nite:id="Bmr014.w.12,071" starttime="" endtime="" c="W">two</w>
   <w nite:id="Bmr014.w.12,072" starttime="" endtime="" c="W">six</w>
   <comment nite:id="Bmr014.comment.95" starttime="" endtime="" description="Digits"/>
   <w nite:id="Bmr014.w.12,073" starttime="" endtime="" c="W">three</w>
   <comment nite:id="Bmr014.comment.96" starttime="" endtime="" description="Digits"/>
   <w nite:id="Bmr014.w.12,074" starttime="" endtime="" c="W">four</w>
   <w nite:id="Bmr014.w.12,075" starttime="" endtime="" c="W">five</w>
   <w nite:id="Bmr014.w.12,076" starttime="" endtime="" c="W">one</w>
   <w nite:id="Bmr014.w.12,077" starttime="" endtime="" c="W">eight</w>
   <w nite:id="Bmr014.w.12,078" starttime="" endtime="" c="W">three</w>
   <w nite:id="Bmr014.w.12,079" starttime="" endtime="" c="W">nine</w>
   <w nite:id="Bmr014.w.12,080" starttime="" endtime="" c="W">five</w>
   <comment nite:id="Bmr014.comment.97" starttime="" endtime="" description="Digits"/>
   <w nite:id="Bmr014.w.12,081" starttime="" endtime="" c="W">five</w>
   <comment nite:id="Bmr014.comment.98" starttime="" endtime="" description="Digits"/>
   <w nite:id="Bmr014.w.12,082" starttime="" endtime="" c="W">six</w>
   <comment nite:id="Bmr014.comment.99" starttime="" endtime="" description="Digits"/>
   <w nite:id="Bmr014.w.12,083" starttime="" endtime="" c="W">seven</w>
   <comment nite:id="Bmr014.comment.100" starttime="" endtime="" description="Digits"/>
   <w nite:id="Bmr014.w.12,084" starttime="" endtime="" c="W">nine</w>
   <w nite:id="Bmr014.w.12,085" starttime="" endtime="" c="W">two</w>
   <w nite:id="Bmr014.w.12,086" starttime="" endtime="" c="W">five</w>
   <w nite:id="Bmr014.w.12,087" starttime="" endtime="" c="W">three</w>
   <comment nite:id="Bmr014.comment.101" starttime="" endtime="" description="Digits"/>
   <w nite:id="Bmr014.w.12,088" starttime="" endtime="" c="LET">O</w>
   <w nite:id="Bmr014.w.12,089" starttime="" endtime="" c="W">five</w>
   <w nite:id="Bmr014.w.12,090" starttime="" endtime="" c="W">five</w>
   <w nite:id="Bmr014.w.12,091" starttime="" endtime="" c="W">six</w>
   <w nite:id="Bmr014.w.12,092" starttime="" endtime="" c="W">four</w>
   <comment nite:id="Bmr014.comment.102" starttime="" endtime="" description="Digits"/>
   <w nite:id="Bmr014.w.12,093" starttime="" endtime="" c="W">zero</w>
   <w nite:id="Bmr014.w.12,094" starttime="" endtime="" c="W">five</w>
   <w nite:id="Bmr014.w.12,095" starttime="" endtime="" c="W">four</w>
   <w nite:id="Bmr014.w.12,096" starttime="" endtime="" c="W">nine</w>
   <w nite:id="Bmr014.w.12,097" starttime="" endtime="" c="W">zero</w>
   <comment nite:id="Bmr014.comment.103" starttime="" endtime="" description="Digits"/>
   <w nite:id="Bmr014.w.12,098" starttime="" endtime="" c="W">one</w>
   <w nite:id="Bmr014.w.12,099" starttime="" endtime="" c="W">four</w>
   <comment nite:id="Bmr014.comment.104" starttime="" endtime="" description="Digits"/>
   <w nite:id="Bmr014.w.12,100" starttime="" endtime="" c="W">two</w>
   <comment nite:id="Bmr014.comment.105" starttime="" endtime="" description="Digits"/>
   <w nite:id="Bmr014.w.12,101" starttime="" endtime="" c="W">three</w>
   <comment nite:id="Bmr014.comment.106" starttime="" endtime="" description="Digits"/>
   <w nite:id="Bmr014.w.12,102" starttime="" endtime="" c="W">four</w>
   <comment nite:id="Bmr014.comment.107" starttime="" endtime="" description="Digits"/>
   <w nite:id="Bmr014.w.12,103" starttime="" endtime="" c="W">six</w>
   <w nite:id="Bmr014.w.12,104" starttime="" endtime="" c="W">two</w>
   <w nite:id="Bmr014.w.12,105" starttime="" endtime="" c="W">eight</w>
   <comment nite:id="Bmr014.comment.108" starttime="" endtime="" description="Digits"/>
   <w nite:id="Bmr014.w.12,106" starttime="" endtime="" c="W">seven</w>
   <w nite:id="Bmr014.w.12,107" starttime="" endtime="" c="W">two</w>
   <w nite:id="Bmr014.w.12,108" starttime="" endtime="" c="W">five</w>
   <w nite:id="Bmr014.w.12,109" starttime="" endtime="" c="W">six</w>
   <comment nite:id="Bmr014.comment.109" starttime="" endtime="" description="Digits"/>
   <w nite:id="Bmr014.w.12,110" starttime="" endtime="" c="W">eight</w>
   <w nite:id="Bmr014.w.12,111" starttime="" endtime="" c="W">seven</w>
   <w nite:id="Bmr014.w.12,112" starttime="" endtime="" c="W">zero</w>
   <comment nite:id="Bmr014.comment.110" starttime="" endtime="" description="Digits"/>
   <w nite:id="Bmr014.w.12,113" starttime="" endtime="" c="W">nine</w>
   <w nite:id="Bmr014.w.12,114" starttime="" endtime="" c="W">eight</w>
   <w nite:id="Bmr014.w.12,115" starttime="" endtime="" c="W">seven</w>
   <w nite:id="Bmr014.w.12,116" starttime="" endtime="" c="W">three</w>
   <w nite:id="Bmr014.w.12,117" starttime="" endtime="" c="W">four</w>
   <w nite:id="Bmr014.w.12,118" starttime="" endtime="" c="W">five</w>
   <w nite:id="Bmr014.w.12,119" starttime="" endtime="" c="W">zero</w>
   <comment nite:id="Bmr014.comment.111" starttime="" endtime="" description="Digits"/>
   <w nite:id="Bmr014.w.12,438" starttime="3001.13" endtime="3001.19" c="W">You</w>
   <w nite:id="Bmr014.w.12,439" starttime="3001.51" endtime="3001.59" c="W">know</w>
   <w nite:id="Bmr014.w.12,440" starttime="3001.59" endtime="3001.79" c="W">having</w>
   <w nite:id="Bmr014.w.12,441" starttime="3001.79" endtime="3001.95" c="W">this</w>
   <w nite:id="Bmr014.w.12,442" starttime="3001.95" endtime="3002.32" c="W">headset</w>
   <w nite:id="Bmr014.w.12,443" starttime="3002.85" endtime="3003.17" c="W">reminds</w>
   <w nite:id="Bmr014.w.12,444" starttime="3003.17" endtime="3003.3" c="W">me</w>
   <w nite:id="Bmr014.w.12,445" starttime="3003.3" endtime="3003.42" c="W">of</w>
   <w nite:id="Bmr014.w.12,446" starttime="3003.87" endtime="3004.0" c="W">like</w>
   <w nite:id="Bmr014.w.12,447" starttime="3004.0" endtime="3004.28" c="W">working</w>
   <w nite:id="Bmr014.w.12,448" starttime="3004.28" endtime="3004.34" c="W">at</w>
   <w nite:id="Bmr014.w.12,449" starttime="3004.34" endtime="3004.69" c="W">Burger</w>
   <w nite:id="Bmr014.w.12,450" starttime="3004.69" endtime="3004.93" c="W">King</w>
   <w nite:id="Bmr014.w.12,451" starttime="3004.93" endtime="3005.01" c="W">or</w>
   <w nite:id="Bmr014.w.12,452" starttime="3005.01" endtime="3005.37" c="W">something</w>
   <w nite:id="Bmr014.w.12,453" starttime="3005.37" endtime="3005.37" c=".">.</w>
   <vocalsound nite:id="Bmr014.vocalsound.203" starttime="" endtime="" description="laugh"/>
   <w nite:id="Bmr014.w.12,454" starttime="3007.45" endtime="3007.63" c="W">No</w>
   <w nite:id="Bmr014.w.12,455" starttime="3007.63" endtime="3007.73" c="W">I</w>
   <w nite:id="Bmr014.w.12,456" starttime="3007.73" endtime="3007.94" c="W">never</w>
   <w nite:id="Bmr014.w.12,457" starttime="3007.94" endtime="3008.2" c="W">did</w>
   <w nite:id="Bmr014.w.12,458" starttime="3008.2" endtime="3008.2" c=".">.</w>
   <vocalsound nite:id="Bmr014.vocalsound.211" starttime="" endtime="" description="laugh"/>
   <w nite:id="Bmr014.w.12,485" starttime="3011.73" endtime="3011.84" c="W">But</w>
   <w nite:id="Bmr014.w.12,486" starttime="3011.84" endtime="3011.91" c="W">I</w>
   <w nite:id="Bmr014.w.12,487" starttime="3011.91" endtime="3012.03" c="W">feel</w>
   <w nite:id="Bmr014.w.12,488" starttime="3012.03" endtime="3012.21" c="W">like</w>
   <w nite:id="Bmr014.w.12,489" starttime="3012.21" endtime="3012.27" c="W">I</w>
   <w nite:id="Bmr014.w.12,490" starttime="3012.27" endtime="3012.55" c="W">could</w>
   <w nite:id="Bmr014.w.12,491" starttime="3012.55" endtime="3012.79" c="W">now</w>
   <w nite:id="Bmr014.w.12,492" starttime="3012.79" endtime="3012.79" c=".">.</w>
</nite:root>