<?xml version="1.0" encoding="ISO-8859-1" standalone="yes"?>
<nite:root nite:id="Bdb001.A.segs" xmlns:nite="http://nite.sourceforge.net/">
   <segment nite:id="Bdb001.segment.11" starttime="9.798" endtime="11.268" participant="mn017" timing-provenance="segment">
      <nite:child href="Bdb001.A.words.xml#id(Bdb001.vocalsound.3)"/>
   </segment>
   <segment nite:id="Bdb001.segment.40" starttime="45.165" endtime="47.382" participant="mn017" timing-provenance="segment">
      <nite:child href="Bdb001.A.words.xml#id(Bdb001.nonvocalsound.10)"/>
   </segment>
   <segment nite:id="Bdb001.segment.45" starttime="55.324" endtime="57.835" participant="mn017" timing-provenance="segment">
      <nite:child href="Bdb001.A.words.xml#id(Bdb001.vocalsound.11)"/>
   </segment>
   <segment nite:id="Bdb001.segment.57" starttime="75.328" endtime="75.664" participant="mn017" timing-provenance="segment">
      <nite:child href="Bdb001.A.words.xml#id(Bdb001.nonvocalsound.16)"/>
   </segment>
   <segment nite:id="Bdb001.segment.58" starttime="76.61" endtime="77.29" participant="mn017" timing-provenance="segment">
      <nite:child href="Bdb001.A.words.xml#id(Bdb001.nonvocalsound.17)"/>
   </segment>
   <segment nite:id="Bdb001.segment.60" starttime="82.401" endtime="83.35" participant="mn017" timing-provenance="segment">
      <nite:child href="Bdb001.A.words.xml#id(Bdb001.nonvocalsound.18)"/>
   </segment>
   <segment nite:id="Bdb001.segment.65" starttime="96.57" endtime="97.924" participant="mn017" timing-provenance="segment">
      <nite:child href="Bdb001.A.words.xml#id(Bdb001.vocalsound.17)"/>
   </segment>
   <segment nite:id="Bdb001.segment.95" starttime="163.804" endtime="166.45" participant="mn017" timing-provenance="segment">
      <nite:child href="Bdb001.A.words.xml#id(Bdb001.vocalsound.24)..id(Bdb001.w.702)"/>
   </segment>
   <segment nite:id="Bdb001.segment.105" starttime="188.065" endtime="189.367" participant="mn017" timing-provenance="segment">
      <nite:child href="Bdb001.A.words.xml#id(Bdb001.vocalsound.25)"/>
   </segment>
   <segment nite:id="Bdb001.segment.115" starttime="225.315" endtime="225.605" participant="mn017" timing-provenance="dialogueact">
      <nite:child href="Bdb001.A.words.xml#id(Bdb001.w.902)..id(Bdb001.w.903)"/>
   </segment>
   <segment nite:id="Bdb001.segment.117" starttime="227.948" endtime="230.553" participant="mn017" timing-provenance="segment">
      <nite:child href="Bdb001.A.words.xml#id(Bdb001.vocalsound.28)..id(Bdb001.w.922)"/>
   </segment>
   <segment nite:id="Bdb001.segment.120" starttime="232.164" endtime="232.484" participant="mn017" timing-provenance="dialogueact">
      <nite:child href="Bdb001.A.words.xml#id(Bdb001.w.929)..id(Bdb001.w.930)"/>
   </segment>
   <segment nite:id="Bdb001.segment.152" starttime="292.738" endtime="293.648" participant="mn017" timing-provenance="segment">
      <nite:child href="Bdb001.A.words.xml#id(Bdb001.vocalsound.37)"/>
   </segment>
   <segment nite:id="Bdb001.segment.162" starttime="305.329" endtime="305.999" participant="mn017" timing-provenance="dialogueact">
      <nite:child href="Bdb001.A.words.xml#id(Bdb001.w.1,171)..id(Bdb001.w.1,173)"/>
   </segment>
   <segment nite:id="Bdb001.segment.165" starttime="324.905" endtime="325.276" participant="mn017" timing-provenance="segment">
      <nite:child href="Bdb001.A.words.xml#id(Bdb001.vocalsound.40)"/>
   </segment>
   <segment nite:id="Bdb001.segment.169" starttime="334.041" endtime="335.243" participant="mn017" timing-provenance="segment">
      <nite:child href="Bdb001.A.words.xml#id(Bdb001.vocalsound.41)..id(Bdb001.disfmarker.49)"/>
   </segment>
   <segment nite:id="Bdb001.segment.170" starttime="336.996" endtime="342.309" participant="mn017" timing-provenance="segment">
      <nite:child href="Bdb001.A.words.xml#id(Bdb001.w.1,255)..id(Bdb001.vocalsound.42)"/>
   </segment>
   <segment nite:id="Bdb001.segment.172" starttime="342.469" endtime="348.199" participant="mn017" timing-provenance="dialogueact">
      <nite:child href="Bdb001.A.words.xml#id(Bdb001.w.1,278)..id(Bdb001.w.1,297)"/>
   </segment>
   <segment nite:id="Bdb001.segment.177" starttime="355.68" endtime="362.22" participant="mn017" timing-provenance="segment">
      <nite:child href="Bdb001.A.words.xml#id(Bdb001.vocalsound.43)..id(Bdb001.disfmarker.56)"/>
   </segment>
   <segment nite:id="Bdb001.segment.186" starttime="375.429" endtime="376.427" participant="mn017" timing-provenance="segment">
      <nite:child href="Bdb001.A.words.xml#id(Bdb001.w.1,476)..id(Bdb001.w.1,477)"/>
   </segment>
   <segment nite:id="Bdb001.segment.187" starttime="378.191" endtime="384.146" participant="mn017" timing-provenance="segment">
      <nite:child href="Bdb001.A.words.xml#id(Bdb001.w.1,478)..id(Bdb001.disfmarker.65)"/>
   </segment>
   <segment nite:id="Bdb001.segment.190" starttime="384.146" endtime="384.918" participant="mn017" timing-provenance="segment">
      <nite:child href="Bdb001.A.words.xml#id(Bdb001.vocalsound.45)"/>
   </segment>
   <segment nite:id="Bdb001.segment.191" starttime="384.998" endtime="388.598" participant="mn017" timing-provenance="dialogueact">
      <nite:child href="Bdb001.A.words.xml#id(Bdb001.w.1,520)..id(Bdb001.w.1,537)"/>
   </segment>
   <segment nite:id="Bdb001.segment.193" starttime="394.744" endtime="401.084" participant="mn017" timing-provenance="dialogueact">
      <nite:child href="Bdb001.A.words.xml#id(Bdb001.w.1,567)..id(Bdb001.w.1,591)"/>
   </segment>
   <segment nite:id="Bdb001.segment.196" starttime="407.438" endtime="408.535" participant="mn017" timing-provenance="segment">
      <nite:child href="Bdb001.A.words.xml#id(Bdb001.vocalsound.46)..id(Bdb001.disfmarker.70)"/>
   </segment>
   <segment nite:id="Bdb001.segment.202" starttime="419.334" endtime="419.714" participant="mn017" timing-provenance="dialogueact">
      <nite:child href="Bdb001.A.words.xml#id(Bdb001.w.1,691)..id(Bdb001.w.1,694)"/>
   </segment>
   <segment nite:id="Bdb001.segment.222" starttime="465.501" endtime="466.606" participant="mn017" timing-provenance="segment">
      <nite:child href="Bdb001.A.words.xml#id(Bdb001.vocalsound.54)"/>
   </segment>
   <segment nite:id="Bdb001.segment.227" starttime="478.498" endtime="484.531" participant="mn017" timing-provenance="segment">
      <nite:child href="Bdb001.A.words.xml#id(Bdb001.vocalsound.56)..id(Bdb001.vocalsound.57)"/>
   </segment>
   <segment nite:id="Bdb001.segment.228" starttime="484.571" endtime="489.271" participant="mn017" timing-provenance="dialogueact">
      <nite:child href="Bdb001.A.words.xml#id(Bdb001.w.2,012)..id(Bdb001.w.2,033)"/>
   </segment>
   <segment nite:id="Bdb001.segment.235" starttime="499.887" endtime="506.988" participant="mn017" timing-provenance="segment">
      <nite:child href="Bdb001.A.words.xml#id(Bdb001.vocalsound.60)..id(Bdb001.disfmarker.98)"/>
   </segment>
   <segment nite:id="Bdb001.segment.238" starttime="508.45" endtime="510.5" participant="mn017" timing-provenance="dialogueact">
      <nite:child href="Bdb001.A.words.xml#id(Bdb001.w.2,148)..id(Bdb001.w.2,158)"/>
   </segment>
   <segment nite:id="Bdb001.segment.241" starttime="512.983" endtime="517.078" participant="mn017" timing-provenance="segment">
      <nite:child href="Bdb001.A.words.xml#id(Bdb001.w.2,173)..id(Bdb001.vocalsound.63)"/>
   </segment>
   <segment nite:id="Bdb001.segment.243" starttime="517.54" endtime="519.869" participant="mn017" timing-provenance="segment">
      <nite:child href="Bdb001.A.words.xml#id(Bdb001.w.2,185)..id(Bdb001.disfmarker.102)"/>
   </segment>
   <segment nite:id="Bdb001.segment.246" starttime="519.43" endtime="525.96" participant="mn017" timing-provenance="dialogueact">
      <nite:child href="Bdb001.A.words.xml#id(Bdb001.w.2,197)..id(Bdb001.w.2,223)"/>
   </segment>
   <segment nite:id="Bdb001.segment.249" starttime="526.133" endtime="526.81" participant="mn017" timing-provenance="segment">
      <nite:child href="Bdb001.A.words.xml#id(Bdb001.vocalsound.67)"/>
   </segment>
   <segment nite:id="Bdb001.segment.250" starttime="526.81" endtime="530.612" participant="mn017" timing-provenance="segment">
      <nite:child href="Bdb001.A.words.xml#id(Bdb001.w.2,224)..id(Bdb001.disfmarker.106)"/>
   </segment>
   <segment nite:id="Bdb001.segment.253" starttime="532.743" endtime="533.653" participant="mn017" timing-provenance="dialogueact">
      <nite:child href="Bdb001.A.words.xml#id(Bdb001.w.2,261)..id(Bdb001.w.2,264)"/>
   </segment>
   <segment nite:id="Bdb001.segment.261" starttime="548.482" endtime="552.382" participant="mn017" timing-provenance="dialogueact">
      <nite:child href="Bdb001.A.words.xml#id(Bdb001.w.2,359)..id(Bdb001.w.2,382)"/>
   </segment>
   <segment nite:id="Bdb001.segment.267" starttime="565.631" endtime="566.746" participant="mn017" timing-provenance="segment">
      <nite:child href="Bdb001.A.words.xml#id(Bdb001.nonvocalsound.39)"/>
   </segment>
   <segment nite:id="Bdb001.segment.268" starttime="567.458" endtime="569.787" participant="mn017" timing-provenance="segment">
      <nite:child href="Bdb001.A.words.xml#id(Bdb001.nonvocalsound.40)"/>
   </segment>
   <segment nite:id="Bdb001.segment.273" starttime="574.468" endtime="575.573" participant="mn017" timing-provenance="segment">
      <nite:child href="Bdb001.A.words.xml#id(Bdb001.nonvocalsound.41)"/>
   </segment>
   <segment nite:id="Bdb001.segment.274" starttime="576.006" endtime="577.486" participant="mn017" timing-provenance="segment">
      <nite:child href="Bdb001.A.words.xml#id(Bdb001.nonvocalsound.42)"/>
   </segment>
   <segment nite:id="Bdb001.segment.280" starttime="599.781" endtime="599.981" participant="mn017" timing-provenance="dialogueact">
      <nite:child href="Bdb001.A.words.xml#id(Bdb001.w.2,576)..id(Bdb001.w.2,577)"/>
   </segment>
   <segment nite:id="Bdb001.segment.289" starttime="621.618" endtime="622.448" participant="mn017" timing-provenance="segment">
      <nite:child href="Bdb001.A.words.xml#id(Bdb001.vocalsound.75)"/>
   </segment>
   <segment nite:id="Bdb001.segment.295" starttime="640.1" endtime="641.155" participant="mn017" timing-provenance="segment">
      <nite:child href="Bdb001.A.words.xml#id(Bdb001.w.2,780)..id(Bdb001.disfmarker.129)"/>
   </segment>
   <segment nite:id="Bdb001.segment.296" starttime="641.669" endtime="646.753" participant="mn017" timing-provenance="segment">
      <nite:child href="Bdb001.A.words.xml#id(Bdb001.w.2,785)..id(Bdb001.vocalsound.77)"/>
   </segment>
   <segment nite:id="Bdb001.segment.298" starttime="647.287" endtime="649.326" participant="mn017" timing-provenance="segment">
      <nite:child href="Bdb001.A.words.xml#id(Bdb001.w.2,800)..id(Bdb001.disfmarker.132)"/>
   </segment>
   <segment nite:id="Bdb001.segment.299" starttime="650.551" endtime="654.381" participant="mn017" timing-provenance="dialogueact">
      <nite:child href="Bdb001.A.words.xml#id(Bdb001.w.2,803)..id(Bdb001.w.2,820)"/>
   </segment>
   <segment nite:id="Bdb001.segment.302" starttime="655.842" endtime="657.451" participant="mn017" timing-provenance="segment">
      <nite:child href="Bdb001.A.words.xml#id(Bdb001.w.2,847)..id(Bdb001.disfmarker.134)"/>
   </segment>
   <segment nite:id="Bdb001.segment.303" starttime="657.922" endtime="664.242" participant="mn017" timing-provenance="dialogueact">
      <nite:child href="Bdb001.A.words.xml#id(Bdb001.w.2,853)..id(Bdb001.w.2,879)"/>
   </segment>
   <segment nite:id="Bdb001.segment.307" starttime="665.164" endtime="665.514" participant="mn017" timing-provenance="dialogueact">
      <nite:child href="Bdb001.A.words.xml#id(Bdb001.w.2,899)..id(Bdb001.w.2,900)"/>
   </segment>
   <segment nite:id="Bdb001.segment.311" starttime="672.675" endtime="672.975" participant="mn017" timing-provenance="dialogueact">
      <nite:child href="Bdb001.A.words.xml#id(Bdb001.w.2,934)..id(Bdb001.w.2,935)"/>
   </segment>
   <segment nite:id="Bdb001.segment.332" starttime="718.684" endtime="721.989" participant="mn017" timing-provenance="segment">
      <nite:child href="Bdb001.A.words.xml#id(Bdb001.vocalsound.83)"/>
   </segment>
   <segment nite:id="Bdb001.segment.334" starttime="724.65" endtime="725.283" participant="mn017" timing-provenance="segment">
      <nite:child href="Bdb001.A.words.xml#id(Bdb001.nonvocalsound.45)"/>
   </segment>
   <segment nite:id="Bdb001.segment.335" starttime="726.19" endtime="728.635" participant="mn017" timing-provenance="segment">
      <nite:child href="Bdb001.A.words.xml#id(Bdb001.vocalsound.84)..id(Bdb001.nonvocalsound.46)"/>
   </segment>
   <segment nite:id="Bdb001.segment.336" starttime="729.424" endtime="730.285" participant="mn017" timing-provenance="segment">
      <nite:child href="Bdb001.A.words.xml#id(Bdb001.vocalsound.85)"/>
   </segment>
   <segment nite:id="Bdb001.segment.339" starttime="738.018" endtime="739.084" participant="mn017" timing-provenance="segment">
      <nite:child href="Bdb001.A.words.xml#id(Bdb001.vocalsound.86)"/>
   </segment>
   <segment nite:id="Bdb001.segment.346" starttime="758.064" endtime="759.315" participant="mn017" timing-provenance="segment">
      <nite:child href="Bdb001.A.words.xml#id(Bdb001.nonvocalsound.47)..id(Bdb001.vocalsound.88)"/>
   </segment>
   <segment nite:id="Bdb001.segment.353" starttime="779.568" endtime="780.725" participant="mn017" timing-provenance="segment">
      <nite:child href="Bdb001.A.words.xml#id(Bdb001.vocalsound.90)"/>
   </segment>
   <segment nite:id="Bdb001.segment.355" starttime="781.979" endtime="782.299" participant="mn017" timing-provenance="dialogueact">
      <nite:child href="Bdb001.A.words.xml#id(Bdb001.w.3,375)..id(Bdb001.w.3,376)"/>
   </segment>
   <segment nite:id="Bdb001.segment.392" starttime="861.452" endtime="862.482" participant="mn017" timing-provenance="dialogueact">
      <nite:child href="Bdb001.A.words.xml#id(Bdb001.w.3,754)..id(Bdb001.w.3,759)"/>
   </segment>
   <segment nite:id="Bdb001.segment.394" starttime="864.761" endtime="870.866" participant="mn017" timing-provenance="segment">
      <nite:child href="Bdb001.A.words.xml#id(Bdb001.vocalsound.101)"/>
   </segment>
   <segment nite:id="Bdb001.segment.396" starttime="871.657" endtime="876.138" participant="mn017" timing-provenance="segment">
      <nite:child href="Bdb001.A.words.xml#id(Bdb001.w.3,805)..id(Bdb001.vocalsound.102)"/>
   </segment>
   <segment nite:id="Bdb001.segment.400" starttime="877.966" endtime="878.574" participant="mn017" timing-provenance="segment">
      <nite:child href="Bdb001.A.words.xml#id(Bdb001.nonvocalsound.50)"/>
   </segment>
   <segment nite:id="Bdb001.segment.412" starttime="910.531" endtime="910.701" participant="mn017" timing-provenance="dialogueact">
      <nite:child href="Bdb001.A.words.xml#id(Bdb001.w.3,936)..id(Bdb001.w.3,937)"/>
   </segment>
   <segment nite:id="Bdb001.segment.426" starttime="930.614" endtime="931.571" participant="mn017" timing-provenance="segment">
      <nite:child href="Bdb001.A.words.xml#id(Bdb001.w.4,071)..id(Bdb001.disfmarker.183)"/>
   </segment>
   <segment nite:id="Bdb001.segment.427" starttime="933.977" endtime="937.757" participant="mn017" timing-provenance="dialogueact">
      <nite:child href="Bdb001.A.words.xml#id(Bdb001.w.4,075)..id(Bdb001.w.4,090)"/>
   </segment>
   <segment nite:id="Bdb001.segment.446" starttime="976.205" endtime="977.997" participant="mn017" timing-provenance="segment">
      <nite:child href="Bdb001.A.words.xml#id(Bdb001.w.4,260)..id(Bdb001.w.4,268)"/>
   </segment>
   <segment nite:id="Bdb001.segment.453" starttime="982.773" endtime="983.663" participant="mn017" timing-provenance="dialogueact">
      <nite:child href="Bdb001.A.words.xml#id(Bdb001.w.4,326)..id(Bdb001.w.4,329)"/>
   </segment>
   <segment nite:id="Bdb001.segment.454" starttime="984.69" endtime="985.239" participant="mn017" timing-provenance="segment">
      <nite:child href="Bdb001.A.words.xml#id(Bdb001.w.4,330)..id(Bdb001.comment.32)"/>
   </segment>
   <segment nite:id="Bdb001.segment.457" starttime="990.113" endtime="998.793" participant="mn017" timing-provenance="dialogueact">
      <nite:child href="Bdb001.A.words.xml#id(Bdb001.w.4,347)..id(Bdb001.w.4,373)"/>
   </segment>
   <segment nite:id="Bdb001.segment.460" starttime="998.857" endtime="999.229" participant="mn017" timing-provenance="segment">
      <nite:child href="Bdb001.A.words.xml#id(Bdb001.vocalsound.116)"/>
   </segment>
   <segment nite:id="Bdb001.segment.461" starttime="999.229" endtime="1003.664" participant="mn017" timing-provenance="segment">
      <nite:child href="Bdb001.A.words.xml#id(Bdb001.w.4,383)..id(Bdb001.disfmarker.199)"/>
   </segment>
   <segment nite:id="Bdb001.segment.484" starttime="1043.065" endtime="1048.81" participant="mn017" timing-provenance="segment">
      <nite:child href="Bdb001.A.words.xml#id(Bdb001.vocalsound.123)"/>
   </segment>
   <segment nite:id="Bdb001.segment.496" starttime="1068.61" endtime="1069.263" participant="mn017" timing-provenance="segment">
      <nite:child href="Bdb001.A.words.xml#id(Bdb001.vocalsound.126)"/>
   </segment>
   <segment nite:id="Bdb001.segment.508" starttime="1098.79" endtime="1101.55" participant="mn017" timing-provenance="dialogueact">
      <nite:child href="Bdb001.A.words.xml#id(Bdb001.w.4,786)..id(Bdb001.w.4,800)"/>
   </segment>
   <segment nite:id="Bdb001.segment.510" starttime="1102.178" endtime="1103.015" participant="mn017" timing-provenance="segment">
      <nite:child href="Bdb001.A.words.xml#id(Bdb001.w.4,836)..id(Bdb001.disfmarker.230)"/>
   </segment>
   <segment nite:id="Bdb001.segment.511" starttime="1104.612" endtime="1105.695" participant="mn017" timing-provenance="segment">
      <nite:child href="Bdb001.A.words.xml#id(Bdb001.vocalsound.128)"/>
   </segment>
   <segment nite:id="Bdb001.segment.515" starttime="1112.086" endtime="1115.268" participant="mn017" timing-provenance="segment">
      <nite:child href="Bdb001.A.words.xml#id(Bdb001.vocalsound.130)..id(Bdb001.disfmarker.234)"/>
   </segment>
   <segment nite:id="Bdb001.segment.517" starttime="1115.603" endtime="1123.283" participant="mn017" timing-provenance="segment">
      <nite:child href="Bdb001.A.words.xml#id(Bdb001.w.4,865)..id(Bdb001.vocalsound.132)"/>
   </segment>
   <segment nite:id="Bdb001.segment.519" starttime="1123.42" endtime="1125.45" participant="mn017" timing-provenance="dialogueact">
      <nite:child href="Bdb001.A.words.xml#id(Bdb001.w.4,887)..id(Bdb001.w.4,896)"/>
   </segment>
   <segment nite:id="Bdb001.segment.522" starttime="1129.72" endtime="1130.17" participant="mn017" timing-provenance="dialogueact">
      <nite:child href="Bdb001.A.words.xml#id(Bdb001.w.4,941)..id(Bdb001.w.4,944)"/>
   </segment>
   <segment nite:id="Bdb001.segment.523" starttime="1136.26" endtime="1136.69" participant="mn017" timing-provenance="dialogueact">
      <nite:child href="Bdb001.A.words.xml#id(Bdb001.w.4,945)..id(Bdb001.w.4,946)"/>
   </segment>
   <segment nite:id="Bdb001.segment.530" starttime="1151.075" endtime="1156.491" participant="mn017" timing-provenance="segment">
      <nite:child href="Bdb001.A.words.xml#id(Bdb001.vocalsound.136)..id(Bdb001.vocalsound.137)"/>
   </segment>
   <segment nite:id="Bdb001.segment.533" starttime="1161.01" endtime="1161.48" participant="mn017" timing-provenance="dialogueact">
      <nite:child href="Bdb001.A.words.xml#id(Bdb001.w.5,038)..id(Bdb001.w.5,041)"/>
   </segment>
   <segment nite:id="Bdb001.segment.535" starttime="1173.25" endtime="1174.116" participant="mn017" timing-provenance="segment">
      <nite:child href="Bdb001.A.words.xml#id(Bdb001.vocalsound.138)..id(Bdb001.w.5,059)"/>
   </segment>
   <segment nite:id="Bdb001.segment.539" starttime="1176.133" endtime="1178.59" participant="mn017" timing-provenance="segment">
      <nite:child href="Bdb001.A.words.xml#id(Bdb001.w.5,092)..id(Bdb001.disfmarker.245)"/>
   </segment>
   <segment nite:id="Bdb001.segment.541" starttime="1180.154" endtime="1184.294" participant="mn017" timing-provenance="segment">
      <nite:child href="Bdb001.A.words.xml#id(Bdb001.w.5,115)..id(Bdb001.vocalsound.140)"/>
   </segment>
   <segment nite:id="Bdb001.segment.545" starttime="1184.44" endtime="1190.47" participant="mn017" timing-provenance="dialogueact">
      <nite:child href="Bdb001.A.words.xml#id(Bdb001.w.5,131)..id(Bdb001.w.5,147)"/>
   </segment>
   <segment nite:id="Bdb001.segment.546" starttime="1190.47" endtime="1195.86" participant="mn017" timing-provenance="dialogueact">
      <nite:child href="Bdb001.A.words.xml#id(Bdb001.w.5,148)..id(Bdb001.w.5,163)"/>
   </segment>
   <segment nite:id="Bdb001.segment.549" starttime="1200.33" endtime="1200.74" participant="mn017" timing-provenance="dialogueact">
      <nite:child href="Bdb001.A.words.xml#id(Bdb001.w.5,187)..id(Bdb001.w.5,190)"/>
   </segment>
   <segment nite:id="Bdb001.segment.563" starttime="1243.587" endtime="1243.924" participant="mn017" timing-provenance="segment">
      <nite:child href="Bdb001.A.words.xml#id(Bdb001.nonvocalsound.59)"/>
   </segment>
   <segment nite:id="Bdb001.segment.565" starttime="1248.675" endtime="1249.704" participant="mn017" timing-provenance="segment">
      <nite:child href="Bdb001.A.words.xml#id(Bdb001.vocalsound.147)"/>
   </segment>
   <segment nite:id="Bdb001.segment.575" starttime="1269.104" endtime="1270.473" participant="mn017" timing-provenance="segment">
      <nite:child href="Bdb001.A.words.xml#id(Bdb001.vocalsound.150)..id(Bdb001.comment.41)"/>
   </segment>
   <segment nite:id="Bdb001.segment.577" starttime="1273.058" endtime="1273.925" participant="mn017" timing-provenance="segment">
      <nite:child href="Bdb001.A.words.xml#id(Bdb001.w.5,486)..id(Bdb001.disfmarker.260)"/>
   </segment>
   <segment nite:id="Bdb001.segment.592" starttime="1310.382" endtime="1312.627" participant="mn017" timing-provenance="segment">
      <nite:child href="Bdb001.A.words.xml#id(Bdb001.vocalsound.154)..id(Bdb001.disfmarker.268)"/>
   </segment>
   <segment nite:id="Bdb001.segment.595" starttime="1315.172" endtime="1316.094" participant="mn017" timing-provenance="segment">
      <nite:child href="Bdb001.A.words.xml#id(Bdb001.w.5,642)..id(Bdb001.comment.42)"/>
   </segment>
   <segment nite:id="Bdb001.segment.603" starttime="1320.722" endtime="1321.64" participant="mn017" timing-provenance="segment">
      <nite:child href="Bdb001.A.words.xml#id(Bdb001.w.5,680)..id(Bdb001.disfmarker.274)"/>
   </segment>
   <segment nite:id="Bdb001.segment.607" starttime="1323.14" endtime="1325.87" participant="mn017" timing-provenance="dialogueact">
      <nite:child href="Bdb001.A.words.xml#id(Bdb001.w.5,695)..id(Bdb001.w.5,705)"/>
   </segment>
   <segment nite:id="Bdb001.segment.609" starttime="1326.77" endtime="1329.28" participant="mn017" timing-provenance="dialogueact">
      <nite:child href="Bdb001.A.words.xml#id(Bdb001.w.5,708)..id(Bdb001.w.5,719)"/>
   </segment>
   <segment nite:id="Bdb001.segment.611" starttime="1330.31" endtime="1330.66" participant="mn017" timing-provenance="dialogueact">
      <nite:child href="Bdb001.A.words.xml#id(Bdb001.w.5,731)..id(Bdb001.w.5,732)"/>
   </segment>
   <segment nite:id="Bdb001.segment.612" starttime="1331.47" endtime="1331.9" participant="mn017" timing-provenance="dialogueact">
      <nite:child href="Bdb001.A.words.xml#id(Bdb001.w.5,733)"/>
   </segment>
   <segment nite:id="Bdb001.segment.613" starttime="1332.388" endtime="1335.58" participant="mn017" timing-provenance="segment">
      <nite:child href="Bdb001.A.words.xml#id(Bdb001.w.5,734)..id(Bdb001.disfmarker.277)"/>
   </segment>
   <segment nite:id="Bdb001.segment.617" starttime="1336.392" endtime="1337.15" participant="mn017" timing-provenance="segment">
      <nite:child href="Bdb001.A.words.xml#id(Bdb001.w.5,773)..id(Bdb001.disfmarker.281)"/>
   </segment>
   <segment nite:id="Bdb001.segment.618" starttime="1337.82" endtime="1340.1" participant="mn017" timing-provenance="dialogueact">
      <nite:child href="Bdb001.A.words.xml#id(Bdb001.w.5,774)..id(Bdb001.w.5,780)"/>
   </segment>
   <segment nite:id="Bdb001.segment.620" starttime="1341.12" endtime="1349.22" participant="mn017" timing-provenance="dialogueact">
      <nite:child href="Bdb001.A.words.xml#id(Bdb001.w.5,797)..id(Bdb001.w.5,824)"/>
   </segment>
   <segment nite:id="Bdb001.segment.622" starttime="1350.99" endtime="1351.46" participant="mn017" timing-provenance="dialogueact">
      <nite:child href="Bdb001.A.words.xml#id(Bdb001.w.5,825)..id(Bdb001.w.5,826)"/>
   </segment>
   <segment nite:id="Bdb001.segment.623" starttime="1352.52" endtime="1359.28" participant="mn017" timing-provenance="dialogueact">
      <nite:child href="Bdb001.A.words.xml#id(Bdb001.w.5,827)..id(Bdb001.w.5,850)"/>
   </segment>
   <segment nite:id="Bdb001.segment.624" starttime="1360.15" endtime="1364.89" participant="mn017" timing-provenance="dialogueact">
      <nite:child href="Bdb001.A.words.xml#id(Bdb001.w.5,851)..id(Bdb001.w.5,869)"/>
   </segment>
   <segment nite:id="Bdb001.segment.626" starttime="1366.51" endtime="1369.87" participant="mn017" timing-provenance="dialogueact">
      <nite:child href="Bdb001.A.words.xml#id(Bdb001.w.5,872)..id(Bdb001.w.5,889)"/>
   </segment>
   <segment nite:id="Bdb001.segment.628" starttime="1370.62" endtime="1370.82" participant="mn017" timing-provenance="dialogueact">
      <nite:child href="Bdb001.A.words.xml#id(Bdb001.w.5,918)..id(Bdb001.w.5,919)"/>
   </segment>
   <segment nite:id="Bdb001.segment.629" starttime="1371.36" endtime="1371.59" participant="mn017" timing-provenance="dialogueact">
      <nite:child href="Bdb001.A.words.xml#id(Bdb001.w.5,920)..id(Bdb001.w.5,921)"/>
   </segment>
   <segment nite:id="Bdb001.segment.630" starttime="1373.32" endtime="1379.71" participant="mn017" timing-provenance="dialogueact">
      <nite:child href="Bdb001.A.words.xml#id(Bdb001.w.5,922)..id(Bdb001.w.5,945)"/>
   </segment>
   <segment nite:id="Bdb001.segment.633" starttime="1381.07" endtime="1384.4" participant="mn017" timing-provenance="dialogueact">
      <nite:child href="Bdb001.A.words.xml#id(Bdb001.w.5,950)..id(Bdb001.w.5,968)"/>
   </segment>
   <segment nite:id="Bdb001.segment.636" starttime="1386.42" endtime="1392.81" participant="mn017" timing-provenance="dialogueact">
      <nite:child href="Bdb001.A.words.xml#id(Bdb001.w.5,992)..id(Bdb001.w.6,013)"/>
   </segment>
   <segment nite:id="Bdb001.segment.638" starttime="1394.959" endtime="1396.282" participant="mn017" timing-provenance="segment">
      <nite:child href="Bdb001.A.words.xml#id(Bdb001.w.6,042)..id(Bdb001.w.6,045)"/>
   </segment>
   <segment nite:id="Bdb001.segment.642" starttime="1401.88" endtime="1402.27" participant="mn017" timing-provenance="dialogueact">
      <nite:child href="Bdb001.A.words.xml#id(Bdb001.w.6,093)..id(Bdb001.w.6,094)"/>
   </segment>
   <segment nite:id="Bdb001.segment.645" starttime="1409.179" endtime="1410.382" participant="mn017" timing-provenance="segment">
      <nite:child href="Bdb001.A.words.xml#id(Bdb001.vocalsound.165)..id(Bdb001.vocalsound.166)"/>
   </segment>
   <segment nite:id="Bdb001.segment.648" starttime="1411.137" endtime="1411.928" participant="mn017" timing-provenance="segment">
      <nite:child href="Bdb001.A.words.xml#id(Bdb001.w.6,154)..id(Bdb001.vocalsound.168)"/>
   </segment>
   <segment nite:id="Bdb001.segment.650" starttime="1411.928" endtime="1418.497" participant="mn017" timing-provenance="segment">
      <nite:child href="Bdb001.A.words.xml#id(Bdb001.w.6,160)..id(Bdb001.disfmarker.291)"/>
   </segment>
   <segment nite:id="Bdb001.segment.653" starttime="1419.6" endtime="1423.88" participant="mn017" timing-provenance="dialogueact">
      <nite:child href="Bdb001.A.words.xml#id(Bdb001.w.6,185)..id(Bdb001.w.6,195)"/>
   </segment>
   <segment nite:id="Bdb001.segment.654" starttime="1424.508" endtime="1427.15" participant="mn017" timing-provenance="segment">
      <nite:child href="Bdb001.A.words.xml#id(Bdb001.w.6,196)..id(Bdb001.disfmarker.292)"/>
   </segment>
   <segment nite:id="Bdb001.segment.657" starttime="1439.21" endtime="1442.88" participant="mn017" timing-provenance="dialogueact">
      <nite:child href="Bdb001.A.words.xml#id(Bdb001.w.6,245)..id(Bdb001.w.6,269)"/>
   </segment>
   <segment nite:id="Bdb001.segment.661" starttime="1444.03" endtime="1445.57" participant="mn017" timing-provenance="dialogueact">
      <nite:child href="Bdb001.A.words.xml#id(Bdb001.w.6,293)..id(Bdb001.w.6,299)"/>
   </segment>
   <segment nite:id="Bdb001.segment.663" starttime="1446.067" endtime="1446.269" participant="mn017" timing-provenance="segment">
      <nite:child href="Bdb001.A.words.xml#id(Bdb001.w.6,300)..id(Bdb001.disfmarker.297)"/>
   </segment>
   <segment nite:id="Bdb001.segment.664" starttime="1446.77" endtime="1450.82" participant="mn017" timing-provenance="dialogueact">
      <nite:child href="Bdb001.A.words.xml#id(Bdb001.w.6,301)..id(Bdb001.w.6,318)"/>
   </segment>
   <segment nite:id="Bdb001.segment.666" starttime="1450.877" endtime="1456.275" participant="mn017" timing-provenance="segment">
      <nite:child href="Bdb001.A.words.xml#id(Bdb001.w.6,320)..id(Bdb001.disfmarker.302)"/>
   </segment>
   <segment nite:id="Bdb001.segment.675" starttime="1489.68" endtime="1489.95" participant="mn017" timing-provenance="dialogueact">
      <nite:child href="Bdb001.A.words.xml#id(Bdb001.w.6,480)..id(Bdb001.w.6,481)"/>
   </segment>
   <segment nite:id="Bdb001.segment.685" starttime="1518.99" endtime="1519.487" participant="mn017" timing-provenance="segment">
      <nite:child href="Bdb001.A.words.xml#id(Bdb001.vocalsound.177)"/>
   </segment>
   <segment nite:id="Bdb001.segment.688" starttime="1523.86" endtime="1527.377" participant="mn017" timing-provenance="segment">
      <nite:child href="Bdb001.A.words.xml#id(Bdb001.vocalsound.178)..id(Bdb001.disfmarker.311)"/>
   </segment>
   <segment nite:id="Bdb001.segment.690" starttime="1527.832" endtime="1529.505" participant="mn017" timing-provenance="segment">
      <nite:child href="Bdb001.A.words.xml#id(Bdb001.w.6,645)..id(Bdb001.comment.52)"/>
   </segment>
   <segment nite:id="Bdb001.segment.692" starttime="1539.572" endtime="1542.166" participant="mn017" timing-provenance="segment">
      <nite:child href="Bdb001.A.words.xml#id(Bdb001.vocalsound.180)..id(Bdb001.disfmarker.314)"/>
   </segment>
   <segment nite:id="Bdb001.segment.694" starttime="1542.93" endtime="1548.27" participant="mn017" timing-provenance="dialogueact">
      <nite:child href="Bdb001.A.words.xml#id(Bdb001.w.6,694)..id(Bdb001.w.6,717)"/>
   </segment>
   <segment nite:id="Bdb001.segment.697" starttime="1549.8" endtime="1550.31" participant="mn017" timing-provenance="dialogueact">
      <nite:child href="Bdb001.A.words.xml#id(Bdb001.w.6,766)..id(Bdb001.w.6,767)"/>
   </segment>
   <segment nite:id="Bdb001.segment.698" starttime="1552.48" endtime="1552.73" participant="mn017" timing-provenance="dialogueact">
      <nite:child href="Bdb001.A.words.xml#id(Bdb001.w.6,768)..id(Bdb001.w.6,769)"/>
   </segment>
   <segment nite:id="Bdb001.segment.699" starttime="1553.414" endtime="1553.849" participant="mn017" timing-provenance="segment">
      <nite:child href="Bdb001.A.words.xml#id(Bdb001.w.6,770)..id(Bdb001.w.6,771)"/>
   </segment>
   <segment nite:id="Bdb001.segment.701" starttime="1554.182" endtime="1558.041" participant="mn017" timing-provenance="segment">
      <nite:child href="Bdb001.A.words.xml#id(Bdb001.w.6,773)..id(Bdb001.disfmarker.319)"/>
   </segment>
   <segment nite:id="Bdb001.segment.702" starttime="1558.09" endtime="1562.32" participant="mn017" timing-provenance="dialogueact">
      <nite:child href="Bdb001.A.words.xml#id(Bdb001.w.6,784)..id(Bdb001.w.6,802)"/>
   </segment>
   <segment nite:id="Bdb001.segment.706" starttime="1563.24" endtime="1565.44" participant="mn017" timing-provenance="dialogueact">
      <nite:child href="Bdb001.A.words.xml#id(Bdb001.w.6,814)..id(Bdb001.w.6,822)"/>
   </segment>
   <segment nite:id="Bdb001.segment.710" starttime="1573.889" endtime="1574.661" participant="mn017" timing-provenance="segment">
      <nite:child href="Bdb001.A.words.xml#id(Bdb001.w.6,860)..id(Bdb001.disfmarker.323)"/>
   </segment>
   <segment nite:id="Bdb001.segment.714" starttime="1578.551" endtime="1579.75" participant="mn017" timing-provenance="segment">
      <nite:child href="Bdb001.A.words.xml#id(Bdb001.w.6,891)..id(Bdb001.comment.53)"/>
   </segment>
   <segment nite:id="Bdb001.segment.716" starttime="1586.989" endtime="1587.917" participant="mn017" timing-provenance="segment">
      <nite:child href="Bdb001.A.words.xml#id(Bdb001.nonvocalsound.63)"/>
   </segment>
   <segment nite:id="Bdb001.segment.725" starttime="1602.4" endtime="1602.86" participant="mn017" timing-provenance="dialogueact">
      <nite:child href="Bdb001.A.words.xml#id(Bdb001.w.6,991)..id(Bdb001.w.6,992)"/>
   </segment>
   <segment nite:id="Bdb001.segment.728" starttime="1606.64" endtime="1607.528" participant="mn017" timing-provenance="segment">
      <nite:child href="Bdb001.A.words.xml#id(Bdb001.nonvocalsound.65)"/>
   </segment>
   <segment nite:id="Bdb001.segment.730" starttime="1608.227" endtime="1608.55" participant="mn017" timing-provenance="segment">
      <nite:child href="Bdb001.A.words.xml#id(Bdb001.nonvocalsound.66)"/>
   </segment>
   <segment nite:id="Bdb001.segment.738" starttime="1627.127" endtime="1627.811" participant="mn017" timing-provenance="segment">
      <nite:child href="Bdb001.A.words.xml#id(Bdb001.nonvocalsound.68)"/>
   </segment>
   <segment nite:id="Bdb001.segment.750" starttime="1668.579" endtime="1670.35" participant="mn017" timing-provenance="segment">
      <nite:child href="Bdb001.A.words.xml#id(Bdb001.w.7,217)..id(Bdb001.vocalsound.190)"/>
   </segment>
   <segment nite:id="Bdb001.segment.767" starttime="1719.33" endtime="1719.69" participant="mn017" timing-provenance="dialogueact">
      <nite:child href="Bdb001.A.words.xml#id(Bdb001.w.7,427)..id(Bdb001.w.7,428)"/>
   </segment>
   <segment nite:id="Bdb001.segment.772" starttime="1729.425" endtime="1732.901" participant="mn017" timing-provenance="segment">
      <nite:child href="Bdb001.A.words.xml#id(Bdb001.w.7,459)..id(Bdb001.vocalsound.193)"/>
   </segment>
   <segment nite:id="Bdb001.segment.773" starttime="1732.96" endtime="1740.8" participant="mn017" timing-provenance="dialogueact">
      <nite:child href="Bdb001.A.words.xml#id(Bdb001.w.7,469)..id(Bdb001.w.7,493)"/>
   </segment>
   <segment nite:id="Bdb001.segment.774" starttime="1741.77" endtime="1742.05" participant="mn017" timing-provenance="dialogueact">
      <nite:child href="Bdb001.A.words.xml#id(Bdb001.w.7,494)"/>
   </segment>
   <segment nite:id="Bdb001.segment.775" starttime="1742.05" endtime="1744.32" participant="mn017" timing-provenance="dialogueact">
      <nite:child href="Bdb001.A.words.xml#id(Bdb001.w.7,495)..id(Bdb001.w.7,502)"/>
   </segment>
   <segment nite:id="Bdb001.segment.776" starttime="1745.46" endtime="1750.66" participant="mn017" timing-provenance="dialogueact">
      <nite:child href="Bdb001.A.words.xml#id(Bdb001.w.7,503)..id(Bdb001.w.7,515)"/>
   </segment>
   <segment nite:id="Bdb001.segment.777" starttime="1751.508" endtime="1752.758" participant="mn017" timing-provenance="segment">
      <nite:child href="Bdb001.A.words.xml#id(Bdb001.w.7,516)..id(Bdb001.disfmarker.356)"/>
   </segment>
   <segment nite:id="Bdb001.segment.779" starttime="1754.831" endtime="1758.374" participant="mn017" timing-provenance="segment">
      <nite:child href="Bdb001.A.words.xml#id(Bdb001.w.7,550)..id(Bdb001.vocalsound.195)"/>
   </segment>
   <segment nite:id="Bdb001.segment.780" starttime="1758.77" endtime="1765.0" participant="mn017" timing-provenance="dialogueact">
      <nite:child href="Bdb001.A.words.xml#id(Bdb001.w.7,566)..id(Bdb001.w.7,587)"/>
   </segment>
   <segment nite:id="Bdb001.segment.781" starttime="1766.57" endtime="1766.94" participant="mn017" timing-provenance="dialogueact">
      <nite:child href="Bdb001.A.words.xml#id(Bdb001.w.7,588)..id(Bdb001.w.7,589)"/>
   </segment>
   <segment nite:id="Bdb001.segment.783" starttime="1767.355" endtime="1769.154" participant="mn017" timing-provenance="segment">
      <nite:child href="Bdb001.A.words.xml#id(Bdb001.w.7,594)..id(Bdb001.disfmarker.361)"/>
   </segment>
   <segment nite:id="Bdb001.segment.785" starttime="1770.045" endtime="1770.994" participant="mn017" timing-provenance="segment">
      <nite:child href="Bdb001.A.words.xml#id(Bdb001.w.7,614)..id(Bdb001.vocalsound.196)"/>
   </segment>
   <segment nite:id="Bdb001.segment.787" starttime="1772.4" endtime="1773.56" participant="mn017" timing-provenance="dialogueact">
      <nite:child href="Bdb001.A.words.xml#id(Bdb001.w.7,618)..id(Bdb001.w.7,627)"/>
   </segment>
   <segment nite:id="Bdb001.segment.789" starttime="1774.31" endtime="1774.72" participant="mn017" timing-provenance="dialogueact">
      <nite:child href="Bdb001.A.words.xml#id(Bdb001.w.7,676)..id(Bdb001.w.7,678)"/>
   </segment>
   <segment nite:id="Bdb001.segment.808" starttime="1850.587" endtime="1851.239" participant="mn017" timing-provenance="segment">
      <nite:child href="Bdb001.A.words.xml#id(Bdb001.vocalsound.202)"/>
   </segment>
   <segment nite:id="Bdb001.segment.810" starttime="1853.867" endtime="1855.272" participant="mn017" timing-provenance="segment">
      <nite:child href="Bdb001.A.words.xml#id(Bdb001.vocalsound.203)"/>
   </segment>
   <segment nite:id="Bdb001.segment.831" starttime="1922.848" endtime="1925.359" participant="mn017" timing-provenance="segment">
      <nite:child href="Bdb001.A.words.xml#id(Bdb001.nonvocalsound.70)"/>
   </segment>
   <segment nite:id="Bdb001.segment.835" starttime="1930.309" endtime="1930.9" participant="mn017" timing-provenance="segment">
      <nite:child href="Bdb001.A.words.xml#id(Bdb001.nonvocalsound.71)"/>
   </segment>
   <segment nite:id="Bdb001.segment.838" starttime="1936.504" endtime="1937.222" participant="mn017" timing-provenance="segment">
      <nite:child href="Bdb001.A.words.xml#id(Bdb001.w.8,290)..id(Bdb001.disfmarker.381)"/>
   </segment>
   <segment nite:id="Bdb001.segment.840" starttime="1939.269" endtime="1939.774" participant="mn017" timing-provenance="segment">
      <nite:child href="Bdb001.A.words.xml#id(Bdb001.w.8,297)..id(Bdb001.disfmarker.383)"/>
   </segment>
   <segment nite:id="Bdb001.segment.842" starttime="1941.364" endtime="1942.577" participant="mn017" timing-provenance="segment">
      <nite:child href="Bdb001.A.words.xml#id(Bdb001.w.8,317)..id(Bdb001.vocalsound.209)"/>
   </segment>
   <segment nite:id="Bdb001.segment.844" starttime="1944.604" endtime="1945.417" participant="mn017" timing-provenance="segment">
      <nite:child href="Bdb001.A.words.xml#id(Bdb001.nonvocalsound.72)"/>
   </segment>
   <segment nite:id="Bdb001.segment.845" starttime="1945.417" endtime="1950.436" participant="mn017" timing-provenance="segment">
      <nite:child href="Bdb001.A.words.xml#id(Bdb001.vocalsound.210)..id(Bdb001.w.8,339)"/>
   </segment>
   <segment nite:id="Bdb001.segment.847" starttime="1951.21" endtime="1953.25" participant="mn017" timing-provenance="dialogueact">
      <nite:child href="Bdb001.A.words.xml#id(Bdb001.w.8,342)..id(Bdb001.w.8,354)"/>
   </segment>
   <segment nite:id="Bdb001.segment.848" starttime="1954.2" endtime="1954.77" participant="mn017" timing-provenance="dialogueact">
      <nite:child href="Bdb001.A.words.xml#id(Bdb001.w.8,355)..id(Bdb001.w.8,356)"/>
   </segment>
   <segment nite:id="Bdb001.segment.849" starttime="1955.821" endtime="1959.114" participant="mn017" timing-provenance="segment">
      <nite:child href="Bdb001.A.words.xml#id(Bdb001.w.8,357)..id(Bdb001.comment.60)"/>
   </segment>
   <segment nite:id="Bdb001.segment.854" starttime="1960.63" endtime="1962.47" participant="mn017" timing-provenance="dialogueact">
      <nite:child href="Bdb001.A.words.xml#id(Bdb001.w.8,378)..id(Bdb001.w.8,388)"/>
   </segment>
   <segment nite:id="Bdb001.segment.861" starttime="1971.73" endtime="1972.01" participant="mn017" timing-provenance="dialogueact">
      <nite:child href="Bdb001.A.words.xml#id(Bdb001.w.8,420)..id(Bdb001.w.8,421)"/>
   </segment>
   <segment nite:id="Bdb001.segment.875" starttime="1995.85" endtime="1998.001" participant="mn017" timing-provenance="segment">
      <nite:child href="Bdb001.A.words.xml#id(Bdb001.vocalsound.221)"/>
   </segment>
   <segment nite:id="Bdb001.segment.879" starttime="2002.056" endtime="2002.999" participant="mn017" timing-provenance="segment">
      <nite:child href="Bdb001.A.words.xml#id(Bdb001.vocalsound.223)"/>
   </segment>
   <segment nite:id="Bdb001.segment.885" starttime="2016.31" endtime="2018.11" participant="mn017" timing-provenance="dialogueact">
      <nite:child href="Bdb001.A.words.xml#id(Bdb001.w.8,622)..id(Bdb001.w.8,631)"/>
   </segment>
   <segment nite:id="Bdb001.segment.887" starttime="2019.7" endtime="2020.1" participant="mn017" timing-provenance="dialogueact">
      <nite:child href="Bdb001.A.words.xml#id(Bdb001.w.8,645)..id(Bdb001.w.8,646)"/>
   </segment>
   <segment nite:id="Bdb001.segment.888" starttime="2021.663" endtime="2024.568" participant="mn017" timing-provenance="segment">
      <nite:child href="Bdb001.A.words.xml#id(Bdb001.vocalsound.226)..id(Bdb001.w.8,658)"/>
   </segment>
   <segment nite:id="Bdb001.segment.891" starttime="2024.568" endtime="2024.908" participant="mn017" timing-provenance="segment">
      <nite:child href="Bdb001.A.words.xml#id(Bdb001.vocalsound.228)"/>
   </segment>
   <segment nite:id="Bdb001.segment.892" starttime="2024.97" endtime="2028.44" participant="mn017" timing-provenance="dialogueact">
      <nite:child href="Bdb001.A.words.xml#id(Bdb001.w.8,669)..id(Bdb001.w.8,675)"/>
   </segment>
   <segment nite:id="Bdb001.segment.894" starttime="2029.1" endtime="2029.752" participant="mn017" timing-provenance="segment">
      <nite:child href="Bdb001.A.words.xml#id(Bdb001.w.8,700)..id(Bdb001.disfmarker.402)"/>
   </segment>
   <segment nite:id="Bdb001.segment.896" starttime="2036.451" endtime="2040.994" participant="mn017" timing-provenance="segment">
      <nite:child href="Bdb001.A.words.xml#id(Bdb001.vocalsound.230)..id(Bdb001.w.8,727)"/>
   </segment>
   <segment nite:id="Bdb001.segment.898" starttime="2041.65" endtime="2047.1" participant="mn017" timing-provenance="dialogueact">
      <nite:child href="Bdb001.A.words.xml#id(Bdb001.w.8,728)..id(Bdb001.w.8,744)"/>
   </segment>
   <segment nite:id="Bdb001.segment.900" starttime="2047.85" endtime="2049.85" participant="mn017" timing-provenance="dialogueact">
      <nite:child href="Bdb001.A.words.xml#id(Bdb001.w.8,747)..id(Bdb001.w.8,753)"/>
   </segment>
   <segment nite:id="Bdb001.segment.902" starttime="2050.15" endtime="2050.605" participant="mn017" timing-provenance="segment">
      <nite:child href="Bdb001.A.words.xml#id(Bdb001.w.8,764)..id(Bdb001.comment.65)"/>
   </segment>
   <segment nite:id="Bdb001.segment.904" starttime="2059.68" endtime="2060.04" participant="mn017" timing-provenance="dialogueact">
      <nite:child href="Bdb001.A.words.xml#id(Bdb001.w.8,809)..id(Bdb001.w.8,810)"/>
   </segment>
   <segment nite:id="Bdb001.segment.912" starttime="2074.17" endtime="2075.67" participant="mn017" timing-provenance="dialogueact">
      <nite:child href="Bdb001.A.words.xml#id(Bdb001.w.8,906)..id(Bdb001.w.8,913)"/>
   </segment>
   <segment nite:id="Bdb001.segment.917" starttime="2079.596" endtime="2080.426" participant="mn017" timing-provenance="segment">
      <nite:child href="Bdb001.A.words.xml#id(Bdb001.vocalsound.236)"/>
   </segment>
   <segment nite:id="Bdb001.segment.920" starttime="2088.293" endtime="2090.904" participant="mn017" timing-provenance="segment">
      <nite:child href="Bdb001.A.words.xml#id(Bdb001.w.8,965)..id(Bdb001.vocalsound.237)"/>
   </segment>
   <segment nite:id="Bdb001.segment.922" starttime="2090.95" endtime="2094.67" participant="mn017" timing-provenance="dialogueact">
      <nite:child href="Bdb001.A.words.xml#id(Bdb001.w.8,981)..id(Bdb001.w.8,994)"/>
   </segment>
   <segment nite:id="Bdb001.segment.925" starttime="2095.41" endtime="2095.81" participant="mn017" timing-provenance="dialogueact">
      <nite:child href="Bdb001.A.words.xml#id(Bdb001.w.9,008)..id(Bdb001.w.9,009)"/>
   </segment>
   <segment nite:id="Bdb001.segment.927" starttime="2096.472" endtime="2100.774" participant="mn017" timing-provenance="segment">
      <nite:child href="Bdb001.A.words.xml#id(Bdb001.w.9,010)..id(Bdb001.vocalsound.241)"/>
   </segment>
   <segment nite:id="Bdb001.segment.935" starttime="2103.66" endtime="2104.05" participant="mn017" timing-provenance="dialogueact">
      <nite:child href="Bdb001.A.words.xml#id(Bdb001.w.9,052)..id(Bdb001.w.9,053)"/>
   </segment>
   <segment nite:id="Bdb001.segment.938" starttime="2109.57" endtime="2109.87" participant="mn017" timing-provenance="dialogueact">
      <nite:child href="Bdb001.A.words.xml#id(Bdb001.w.9,082)..id(Bdb001.w.9,083)"/>
   </segment>
   <segment nite:id="Bdb001.segment.939" starttime="2111.253" endtime="2111.645" participant="mn017" timing-provenance="segment">
      <nite:child href="Bdb001.A.words.xml#id(Bdb001.nonvocalsound.77)"/>
   </segment>
   <segment nite:id="Bdb001.segment.941" starttime="2112.208" endtime="2112.736" participant="mn017" timing-provenance="segment">
      <nite:child href="Bdb001.A.words.xml#id(Bdb001.w.9,107)..id(Bdb001.w.9,108)"/>
   </segment>
   <segment nite:id="Bdb001.segment.948" starttime="2121.664" endtime="2122.288" participant="mn017" timing-provenance="segment">
      <nite:child href="Bdb001.A.words.xml#id(Bdb001.vocalsound.245)..id(Bdb001.vocalsound.246)"/>
   </segment>
   <segment nite:id="Bdb001.segment.957" starttime="2136.259" endtime="2136.832" participant="mn017" timing-provenance="segment">
      <nite:child href="Bdb001.A.words.xml#id(Bdb001.nonvocalsound.79)"/>
   </segment>
   <segment nite:id="Bdb001.segment.964" starttime="2150.566" endtime="2151.99" participant="mn017" timing-provenance="segment">
      <nite:child href="Bdb001.A.words.xml#id(Bdb001.w.9,244)..id(Bdb001.disfmarker.423)"/>
   </segment>
   <segment nite:id="Bdb001.segment.968" starttime="2160.619" endtime="2161.887" participant="mn017" timing-provenance="segment">
      <nite:child href="Bdb001.A.words.xml#id(Bdb001.vocalsound.252)..id(Bdb001.comment.67)"/>
   </segment>
   <segment nite:id="Bdb001.segment.1,023" starttime="2312.73" endtime="2314.706" participant="mn017" timing-provenance="segment">
      <nite:child href="Bdb001.A.words.xml#id(Bdb001.vocalsound.265)"/>
   </segment>
   <segment nite:id="Bdb001.segment.1,025" starttime="2316.9" endtime="2317.3" participant="mn017" timing-provenance="dialogueact">
      <nite:child href="Bdb001.A.words.xml#id(Bdb001.w.9,996)..id(Bdb001.w.9,999)"/>
   </segment>
   <segment nite:id="Bdb001.segment.1,029" starttime="2324.244" endtime="2324.968" participant="mn017" timing-provenance="segment">
      <nite:child href="Bdb001.A.words.xml#id(Bdb001.vocalsound.266)"/>
   </segment>
   <segment nite:id="Bdb001.segment.1,030" starttime="2325.72" endtime="2326.14" participant="mn017" timing-provenance="dialogueact">
      <nite:child href="Bdb001.A.words.xml#id(Bdb001.w.10,021)..id(Bdb001.w.10,022)"/>
   </segment>
   <segment nite:id="Bdb001.segment.1,031" starttime="2328.32" endtime="2329.54" participant="mn017" timing-provenance="dialogueact">
      <nite:child href="Bdb001.A.words.xml#id(Bdb001.w.10,023)..id(Bdb001.w.10,028)"/>
   </segment>
   <segment nite:id="Bdb001.segment.1,032" starttime="2329.71" endtime="2331.925" participant="mn017" timing-provenance="segment">
      <nite:child href="Bdb001.A.words.xml#id(Bdb001.w.10,029)..id(Bdb001.disfmarker.457)"/>
   </segment>
   <segment nite:id="Bdb001.segment.1,033" starttime="2331.92" endtime="2338.5" participant="mn017" timing-provenance="dialogueact">
      <nite:child href="Bdb001.A.words.xml#id(Bdb001.w.10,038)..id(Bdb001.w.10,063)"/>
   </segment>
   <segment nite:id="Bdb001.segment.1,035" starttime="2339.8" endtime="2349.22" participant="mn017" timing-provenance="dialogueact">
      <nite:child href="Bdb001.A.words.xml#id(Bdb001.w.10,064)..id(Bdb001.w.10,084)"/>
   </segment>
   <segment nite:id="Bdb001.segment.1,037" starttime="2350.245" endtime="2357.139" participant="mn017" timing-provenance="segment">
      <nite:child href="Bdb001.A.words.xml#id(Bdb001.w.10,087)..id(Bdb001.vocalsound.267)"/>
   </segment>
   <segment nite:id="Bdb001.segment.1,039" starttime="2357.21" endtime="2361.56" participant="mn017" timing-provenance="dialogueact">
      <nite:child href="Bdb001.A.words.xml#id(Bdb001.w.10,112)..id(Bdb001.w.10,128)"/>
   </segment>
   <segment nite:id="Bdb001.segment.1,040" starttime="2363.53" endtime="2367.53" participant="mn017" timing-provenance="dialogueact">
      <nite:child href="Bdb001.A.words.xml#id(Bdb001.w.10,129)..id(Bdb001.w.10,138)"/>
   </segment>
   <segment nite:id="Bdb001.segment.1,041" starttime="2368.984" endtime="2374.879" participant="mn017" timing-provenance="segment">
      <nite:child href="Bdb001.A.words.xml#id(Bdb001.w.10,139)..id(Bdb001.vocalsound.268)"/>
   </segment>
   <segment nite:id="Bdb001.segment.1,042" starttime="2374.92" endtime="2376.87" participant="mn017" timing-provenance="dialogueact">
      <nite:child href="Bdb001.A.words.xml#id(Bdb001.w.10,163)..id(Bdb001.w.10,167)"/>
   </segment>
   <segment nite:id="Bdb001.segment.1,043" starttime="2377.32" endtime="2383.42" participant="mn017" timing-provenance="dialogueact">
      <nite:child href="Bdb001.A.words.xml#id(Bdb001.w.10,168)..id(Bdb001.w.10,187)"/>
   </segment>
   <segment nite:id="Bdb001.segment.1,045" starttime="2383.84" endtime="2385.2" participant="mn017" timing-provenance="dialogueact">
      <nite:child href="Bdb001.A.words.xml#id(Bdb001.w.10,190)..id(Bdb001.w.10,192)"/>
   </segment>
   <segment nite:id="Bdb001.segment.1,047" starttime="2385.397" endtime="2386.189" participant="mn017" timing-provenance="segment">
      <nite:child href="Bdb001.A.words.xml#id(Bdb001.vocalsound.269)"/>
   </segment>
   <segment nite:id="Bdb001.segment.1,048" starttime="2386.35" endtime="2392.64" participant="mn017" timing-provenance="dialogueact">
      <nite:child href="Bdb001.A.words.xml#id(Bdb001.w.10,197)..id(Bdb001.w.10,230)"/>
   </segment>
   <segment nite:id="Bdb001.segment.1,050" starttime="2392.74" endtime="2396.03" participant="mn017" timing-provenance="dialogueact">
      <nite:child href="Bdb001.A.words.xml#id(Bdb001.w.10,234)..id(Bdb001.w.10,251)"/>
   </segment>
   <segment nite:id="Bdb001.segment.1,052" starttime="2396.375" endtime="2397.087" participant="mn017" timing-provenance="segment">
      <nite:child href="Bdb001.A.words.xml#id(Bdb001.vocalsound.270)"/>
   </segment>
   <segment nite:id="Bdb001.segment.1,053" starttime="2397.087" endtime="2404.15" participant="mn017" timing-provenance="segment">
      <nite:child href="Bdb001.A.words.xml#id(Bdb001.w.10,256)..id(Bdb001.disfmarker.462)"/>
   </segment>
   <segment nite:id="Bdb001.segment.1,057" starttime="2404.15" endtime="2405.495" participant="mn017" timing-provenance="segment">
      <nite:child href="Bdb001.A.words.xml#id(Bdb001.vocalsound.274)..id(Bdb001.vocalsound.275)"/>
   </segment>
   <segment nite:id="Bdb001.segment.1,059" starttime="2405.8" endtime="2408.59" participant="mn017" timing-provenance="segment">
      <nite:child href="Bdb001.A.words.xml#id(Bdb001.w.10,282)..id(Bdb001.disfmarker.465)"/>
   </segment>
   <segment nite:id="Bdb001.segment.1,066" starttime="2409.82" endtime="2410.16" participant="mn017" timing-provenance="dialogueact">
      <nite:child href="Bdb001.A.words.xml#id(Bdb001.w.10,301)..id(Bdb001.w.10,302)"/>
   </segment>
   <segment nite:id="Bdb001.segment.1,067" starttime="2410.97" endtime="2416.13" participant="mn017" timing-provenance="dialogueact">
      <nite:child href="Bdb001.A.words.xml#id(Bdb001.w.10,303)..id(Bdb001.w.10,319)"/>
   </segment>
   <segment nite:id="Bdb001.segment.1,069" starttime="2417.05" endtime="2422.37" participant="mn017" timing-provenance="dialogueact">
      <nite:child href="Bdb001.A.words.xml#id(Bdb001.w.10,320)..id(Bdb001.w.10,334)"/>
   </segment>
   <segment nite:id="Bdb001.segment.1,071" starttime="2423.27" endtime="2428.09" participant="mn017" timing-provenance="dialogueact">
      <nite:child href="Bdb001.A.words.xml#id(Bdb001.w.10,335)..id(Bdb001.w.10,351)"/>
   </segment>
   <segment nite:id="Bdb001.segment.1,072" starttime="2428.96" endtime="2430.04" participant="mn017" timing-provenance="dialogueact">
      <nite:child href="Bdb001.A.words.xml#id(Bdb001.w.10,352)..id(Bdb001.w.10,355)"/>
   </segment>
   <segment nite:id="Bdb001.segment.1,073" starttime="2430.813" endtime="2431.682" participant="mn017" timing-provenance="segment">
      <nite:child href="Bdb001.A.words.xml#id(Bdb001.vocalsound.282)..id(Bdb001.w.10,357)"/>
   </segment>
   <segment nite:id="Bdb001.segment.1,074" starttime="2432.15" endtime="2438.39" participant="mn017" timing-provenance="dialogueact">
      <nite:child href="Bdb001.A.words.xml#id(Bdb001.w.10,358)..id(Bdb001.w.10,382)"/>
   </segment>
   <segment nite:id="Bdb001.segment.1,075" starttime="2438.544" endtime="2439.016" participant="mn017" timing-provenance="segment">
      <nite:child href="Bdb001.A.words.xml#id(Bdb001.vocalsound.283)"/>
   </segment>
   <segment nite:id="Bdb001.segment.1,076" starttime="2439.016" endtime="2440.366" participant="mn017" timing-provenance="segment">
      <nite:child href="Bdb001.A.words.xml#id(Bdb001.w.10,383)..id(Bdb001.disfmarker.467)"/>
   </segment>
   <segment nite:id="Bdb001.segment.1,077" starttime="2440.4" endtime="2445.09" participant="mn017" timing-provenance="dialogueact">
      <nite:child href="Bdb001.A.words.xml#id(Bdb001.w.10,384)..id(Bdb001.w.10,405)"/>
   </segment>
   <segment nite:id="Bdb001.segment.1,079" starttime="2445.864" endtime="2451.028" participant="mn017" timing-provenance="segment">
      <nite:child href="Bdb001.A.words.xml#id(Bdb001.w.10,416)..id(Bdb001.vocalsound.284)"/>
   </segment>
   <segment nite:id="Bdb001.segment.1,081" starttime="2451.07" endtime="2454.94" participant="mn017" timing-provenance="dialogueact">
      <nite:child href="Bdb001.A.words.xml#id(Bdb001.w.10,434)..id(Bdb001.w.10,445)"/>
   </segment>
   <segment nite:id="Bdb001.segment.1,082" starttime="2455.63" endtime="2462.86" participant="mn017" timing-provenance="dialogueact">
      <nite:child href="Bdb001.A.words.xml#id(Bdb001.w.10,446)..id(Bdb001.w.10,468)"/>
   </segment>
   <segment nite:id="Bdb001.segment.1,083" starttime="2463.6" endtime="2468.46" participant="mn017" timing-provenance="dialogueact">
      <nite:child href="Bdb001.A.words.xml#id(Bdb001.w.10,469)..id(Bdb001.w.10,486)"/>
   </segment>
   <segment nite:id="Bdb001.segment.1,084" starttime="2468.511" endtime="2468.855" participant="mn017" timing-provenance="segment">
      <nite:child href="Bdb001.A.words.xml#id(Bdb001.vocalsound.286)"/>
   </segment>
   <segment nite:id="Bdb001.segment.1,085" starttime="2468.94" endtime="2470.23" participant="mn017" timing-provenance="dialogueact">
      <nite:child href="Bdb001.A.words.xml#id(Bdb001.w.10,487)..id(Bdb001.w.10,491)"/>
   </segment>
   <segment nite:id="Bdb001.segment.1,086" starttime="2471.35" endtime="2477.43" participant="mn017" timing-provenance="dialogueact">
      <nite:child href="Bdb001.A.words.xml#id(Bdb001.w.10,492)..id(Bdb001.w.10,516)"/>
   </segment>
   <segment nite:id="Bdb001.segment.1,087" starttime="2477.474" endtime="2477.989" participant="mn017" timing-provenance="segment">
      <nite:child href="Bdb001.A.words.xml#id(Bdb001.vocalsound.287)"/>
   </segment>
   <segment nite:id="Bdb001.segment.1,088" starttime="2478.03" endtime="2483.27" participant="mn017" timing-provenance="dialogueact">
      <nite:child href="Bdb001.A.words.xml#id(Bdb001.w.10,517)..id(Bdb001.w.10,532)"/>
   </segment>
   <segment nite:id="Bdb001.segment.1,090" starttime="2486.09" endtime="2486.5" participant="mn017" timing-provenance="dialogueact">
      <nite:child href="Bdb001.A.words.xml#id(Bdb001.w.10,561)..id(Bdb001.w.10,562)"/>
   </segment>
   <segment nite:id="Bdb001.segment.1,092" starttime="2487.353" endtime="2491.331" participant="mn017" timing-provenance="segment">
      <nite:child href="Bdb001.A.words.xml#id(Bdb001.vocalsound.289)..id(Bdb001.disfmarker.471)"/>
   </segment>
   <segment nite:id="Bdb001.segment.1,094" starttime="2491.95" endtime="2496.92" participant="mn017" timing-provenance="dialogueact">
      <nite:child href="Bdb001.A.words.xml#id(Bdb001.w.10,581)..id(Bdb001.w.10,595)"/>
   </segment>
   <segment nite:id="Bdb001.segment.1,098" starttime="2497.39" endtime="2501.269" participant="mn017" timing-provenance="segment">
      <nite:child href="Bdb001.A.words.xml#id(Bdb001.w.10,598)..id(Bdb001.disfmarker.472)"/>
   </segment>
   <segment nite:id="Bdb001.segment.1,099" starttime="2501.37" endtime="2505.5" participant="mn017" timing-provenance="dialogueact">
      <nite:child href="Bdb001.A.words.xml#id(Bdb001.w.10,607)..id(Bdb001.w.10,629)"/>
   </segment>
   <segment nite:id="Bdb001.segment.1,102" starttime="2506.02" endtime="2506.18" participant="mn017" timing-provenance="dialogueact">
      <nite:child href="Bdb001.A.words.xml#id(Bdb001.w.10,640)..id(Bdb001.w.10,641)"/>
   </segment>
   <segment nite:id="Bdb001.segment.1,103" starttime="2506.267" endtime="2506.683" participant="mn017" timing-provenance="segment">
      <nite:child href="Bdb001.A.words.xml#id(Bdb001.vocalsound.292)"/>
   </segment>
   <segment nite:id="Bdb001.segment.1,104" starttime="2506.683" endtime="2512.341" participant="mn017" timing-provenance="segment">
      <nite:child href="Bdb001.A.words.xml#id(Bdb001.w.10,642)..id(Bdb001.disfmarker.473)"/>
   </segment>
   <segment nite:id="Bdb001.segment.1,106" starttime="2512.341" endtime="2514.701" participant="mn017" timing-provenance="segment">
      <nite:child href="Bdb001.A.words.xml#id(Bdb001.w.10,661)..id(Bdb001.comment.81)"/>
   </segment>
   <segment nite:id="Bdb001.segment.1,109" starttime="2514.701" endtime="2515.332" participant="mn017" timing-provenance="segment">
      <nite:child href="Bdb001.A.words.xml#id(Bdb001.vocalsound.293)"/>
   </segment>
   <segment nite:id="Bdb001.segment.1,110" starttime="2515.51" endtime="2516.36" participant="mn017" timing-provenance="dialogueact">
      <nite:child href="Bdb001.A.words.xml#id(Bdb001.w.10,674)..id(Bdb001.w.10,677)"/>
   </segment>
   <segment nite:id="Bdb001.segment.1,111" starttime="2516.84" endtime="2523.63" participant="mn017" timing-provenance="segment">
      <nite:child href="Bdb001.A.words.xml#id(Bdb001.w.10,678)..id(Bdb001.vocalsound.294)"/>
   </segment>
   <segment nite:id="Bdb001.segment.1,113" starttime="2523.63" endtime="2524.358" participant="mn017" timing-provenance="segment">
      <nite:child href="Bdb001.A.words.xml#id(Bdb001.w.10,700)..id(Bdb001.disfmarker.475)"/>
   </segment>
   <segment nite:id="Bdb001.segment.1,116" starttime="2528.654" endtime="2534.957" participant="mn017" timing-provenance="segment">
      <nite:child href="Bdb001.A.words.xml#id(Bdb001.w.10,723)..id(Bdb001.disfmarker.479)"/>
   </segment>
   <segment nite:id="Bdb001.segment.1,119" starttime="2535.69" endtime="2536.26" participant="mn017" timing-provenance="dialogueact">
      <nite:child href="Bdb001.A.words.xml#id(Bdb001.w.10,764)..id(Bdb001.w.10,766)"/>
   </segment>
   <segment nite:id="Bdb001.segment.1,121" starttime="2538.84" endtime="2539.06" participant="mn017" timing-provenance="dialogueact">
      <nite:child href="Bdb001.A.words.xml#id(Bdb001.w.10,767)..id(Bdb001.w.10,768)"/>
   </segment>
   <segment nite:id="Bdb001.segment.1,124" starttime="2544.942" endtime="2545.739" participant="mn017" timing-provenance="segment">
      <nite:child href="Bdb001.A.words.xml#id(Bdb001.w.10,805)..id(Bdb001.disfmarker.480)"/>
   </segment>
   <segment nite:id="Bdb001.segment.1,125" starttime="2546.677" endtime="2548.11" participant="mn017" timing-provenance="segment">
      <nite:child href="Bdb001.A.words.xml#id(Bdb001.w.10,806)..id(Bdb001.vocalsound.296)"/>
   </segment>
   <segment nite:id="Bdb001.segment.1,137" starttime="2566.74" endtime="2567.05" participant="mn017" timing-provenance="dialogueact">
      <nite:child href="Bdb001.A.words.xml#id(Bdb001.w.10,907)..id(Bdb001.w.10,908)"/>
   </segment>
   <segment nite:id="Bdb001.segment.1,138" starttime="2567.775" endtime="2572.939" participant="mn017" timing-provenance="segment">
      <nite:child href="Bdb001.A.words.xml#id(Bdb001.w.10,909)..id(Bdb001.disfmarker.487)"/>
   </segment>
   <segment nite:id="Bdb001.segment.1,139" starttime="2573.72" endtime="2575.259" participant="mn017" timing-provenance="segment">
      <nite:child href="Bdb001.A.words.xml#id(Bdb001.w.10,927)..id(Bdb001.comment.83)"/>
   </segment>
   <segment nite:id="Bdb001.segment.1,140" starttime="2575.3" endtime="2582.68" participant="mn017" timing-provenance="dialogueact">
      <nite:child href="Bdb001.A.words.xml#id(Bdb001.w.10,933)..id(Bdb001.w.10,961)"/>
   </segment>
   <segment nite:id="Bdb001.segment.1,142" starttime="2582.817" endtime="2584.669" participant="mn017" timing-provenance="segment">
      <nite:child href="Bdb001.A.words.xml#id(Bdb001.vocalsound.299)..id(Bdb001.w.10,983)"/>
   </segment>
   <segment nite:id="Bdb001.segment.1,144" starttime="2585.03" endtime="2587.502" participant="mn017" timing-provenance="segment">
      <nite:child href="Bdb001.A.words.xml#id(Bdb001.w.10,984)..id(Bdb001.vocalsound.301)"/>
   </segment>
   <segment nite:id="Bdb001.segment.1,146" starttime="2587.56" endtime="2592.7" participant="mn017" timing-provenance="dialogueact">
      <nite:child href="Bdb001.A.words.xml#id(Bdb001.w.11,001)..id(Bdb001.w.11,028)"/>
   </segment>
   <segment nite:id="Bdb001.segment.1,148" starttime="2593.15" endtime="2595.653" participant="mn017" timing-provenance="segment">
      <nite:child href="Bdb001.A.words.xml#id(Bdb001.w.11,031)..id(Bdb001.disfmarker.491)"/>
   </segment>
   <segment nite:id="Bdb001.segment.1,149" starttime="2595.71" endtime="2602.26" participant="mn017" timing-provenance="dialogueact">
      <nite:child href="Bdb001.A.words.xml#id(Bdb001.w.11,038)..id(Bdb001.w.11,062)"/>
   </segment>
   <segment nite:id="Bdb001.segment.1,152" starttime="2602.932" endtime="2604.287" participant="mn017" timing-provenance="segment">
      <nite:child href="Bdb001.A.words.xml#id(Bdb001.w.11,065)..id(Bdb001.disfmarker.496)"/>
   </segment>
   <segment nite:id="Bdb001.segment.1,154" starttime="2607.642" endtime="2608.838" participant="mn017" timing-provenance="segment">
      <nite:child href="Bdb001.A.words.xml#id(Bdb001.vocalsound.306)"/>
   </segment>
   <segment nite:id="Bdb001.segment.1,158" starttime="2623.596" endtime="2624.985" participant="mn017" timing-provenance="segment">
      <nite:child href="Bdb001.A.words.xml#id(Bdb001.vocalsound.307)"/>
   </segment>
   <segment nite:id="Bdb001.segment.1,165" starttime="2645.192" endtime="2650.574" participant="mn017" timing-provenance="segment">
      <nite:child href="Bdb001.A.words.xml#id(Bdb001.vocalsound.310)..id(Bdb001.w.11,266)"/>
   </segment>
   <segment nite:id="Bdb001.segment.1,168" starttime="2651.31" endtime="2656.96" participant="mn017" timing-provenance="dialogueact">
      <nite:child href="Bdb001.A.words.xml#id(Bdb001.w.11,269)..id(Bdb001.w.11,289)"/>
   </segment>
   <segment nite:id="Bdb001.segment.1,169" starttime="2657.68" endtime="2659.0" participant="mn017" timing-provenance="dialogueact">
      <nite:child href="Bdb001.A.words.xml#id(Bdb001.w.11,290)..id(Bdb001.w.11,292)"/>
   </segment>
   <segment nite:id="Bdb001.segment.1,170" starttime="2661.12" endtime="2668.2" participant="mn017" timing-provenance="dialogueact">
      <nite:child href="Bdb001.A.words.xml#id(Bdb001.w.11,293)..id(Bdb001.w.11,310)"/>
   </segment>
   <segment nite:id="Bdb001.segment.1,171" starttime="2668.42" endtime="2672.5" participant="mn017" timing-provenance="dialogueact">
      <nite:child href="Bdb001.A.words.xml#id(Bdb001.w.11,311)..id(Bdb001.w.11,327)"/>
   </segment>
   <segment nite:id="Bdb001.segment.1,175" starttime="2673.04" endtime="2673.76" participant="mn017" timing-provenance="dialogueact">
      <nite:child href="Bdb001.A.words.xml#id(Bdb001.w.11,343)..id(Bdb001.w.11,344)"/>
   </segment>
   <segment nite:id="Bdb001.segment.1,177" starttime="2675.96" endtime="2676.23" participant="mn017" timing-provenance="dialogueact">
      <nite:child href="Bdb001.A.words.xml#id(Bdb001.w.11,371)..id(Bdb001.w.11,372)"/>
   </segment>
   <segment nite:id="Bdb001.segment.1,179" starttime="2677.44" endtime="2677.69" participant="mn017" timing-provenance="dialogueact">
      <nite:child href="Bdb001.A.words.xml#id(Bdb001.w.11,375)..id(Bdb001.w.11,376)"/>
   </segment>
   <segment nite:id="Bdb001.segment.1,181" starttime="2680.423" endtime="2681.284" participant="mn017" timing-provenance="segment">
      <nite:child href="Bdb001.A.words.xml#id(Bdb001.vocalsound.313)"/>
   </segment>
   <segment nite:id="Bdb001.segment.1,188" starttime="2692.06" endtime="2694.55" participant="mn017" timing-provenance="dialogueact">
      <nite:child href="Bdb001.A.words.xml#id(Bdb001.w.11,453)..id(Bdb001.w.11,456)"/>
   </segment>
   <segment nite:id="Bdb001.segment.1,191" starttime="2695.41" endtime="2696.09" participant="mn017" timing-provenance="dialogueact">
      <nite:child href="Bdb001.A.words.xml#id(Bdb001.w.11,467)..id(Bdb001.w.11,468)"/>
   </segment>
   <segment nite:id="Bdb001.segment.1,194" starttime="2696.129" endtime="2697.791" participant="mn017" timing-provenance="segment">
      <nite:child href="Bdb001.A.words.xml#id(Bdb001.vocalsound.317)"/>
   </segment>
   <segment nite:id="Bdb001.segment.1,196" starttime="2697.791" endtime="2698.468" participant="mn017" timing-provenance="segment">
      <nite:child href="Bdb001.A.words.xml#id(Bdb001.w.11,481)..id(Bdb001.disfmarker.525)"/>
   </segment>
   <segment nite:id="Bdb001.segment.1,198" starttime="2704.64" endtime="2705.09" participant="mn017" timing-provenance="dialogueact">
      <nite:child href="Bdb001.A.words.xml#id(Bdb001.w.11,511)..id(Bdb001.w.11,514)"/>
   </segment>
   <segment nite:id="Bdb001.segment.1,199" starttime="2706.21" endtime="2706.48" participant="mn017" timing-provenance="dialogueact">
      <nite:child href="Bdb001.A.words.xml#id(Bdb001.w.11,515)..id(Bdb001.w.11,516)"/>
   </segment>
   <segment nite:id="Bdb001.segment.1,203" starttime="2708.66" endtime="2709.04" participant="mn017" timing-provenance="dialogueact">
      <nite:child href="Bdb001.A.words.xml#id(Bdb001.w.11,543)..id(Bdb001.w.11,544)"/>
   </segment>
   <segment nite:id="Bdb001.segment.1,204" starttime="2710.99" endtime="2711.51" participant="mn017" timing-provenance="dialogueact">
      <nite:child href="Bdb001.A.words.xml#id(Bdb001.w.11,545)..id(Bdb001.w.11,547)"/>
   </segment>
   <segment nite:id="Bdb001.segment.1,206" starttime="2711.571" endtime="2713.25" participant="mn017" timing-provenance="segment">
      <nite:child href="Bdb001.A.words.xml#id(Bdb001.vocalsound.319)"/>
   </segment>
   <segment nite:id="Bdb001.segment.1,215" starttime="2731.84" endtime="2732.7" participant="mn017" timing-provenance="dialogueact">
      <nite:child href="Bdb001.A.words.xml#id(Bdb001.w.11,667)..id(Bdb001.w.11,672)"/>
   </segment>
   <segment nite:id="Bdb001.segment.1,217" starttime="2733.082" endtime="2736.92" participant="mn017" timing-provenance="segment">
      <nite:child href="Bdb001.A.words.xml#id(Bdb001.nonvocalsound.88)..id(Bdb001.vocalsound.323)"/>
   </segment>
   <segment nite:id="Bdb001.segment.1,232" starttime="2759.442" endtime="2760.838" participant="mn017" timing-provenance="segment">
      <nite:child href="Bdb001.A.words.xml#id(Bdb001.vocalsound.328)"/>
   </segment>
   <segment nite:id="Bdb001.segment.1,236" starttime="2765.37" endtime="2765.851" participant="mn017" timing-provenance="segment">
      <nite:child href="Bdb001.A.words.xml#id(Bdb001.w.11,851)..id(Bdb001.comment.92)"/>
   </segment>
   <segment nite:id="Bdb001.segment.1,242" starttime="2777.637" endtime="2778.942" participant="mn017" timing-provenance="segment">
      <nite:child href="Bdb001.A.words.xml#id(Bdb001.vocalsound.332)"/>
   </segment>
   <segment nite:id="Bdb001.segment.1,248" starttime="2787.404" endtime="2789.344" participant="mn017" timing-provenance="segment">
      <nite:child href="Bdb001.A.words.xml#id(Bdb001.vocalsound.334)"/>
   </segment>
   <segment nite:id="Bdb001.segment.1,250" starttime="2789.41" endtime="2795.16" participant="mn017" timing-provenance="dialogueact">
      <nite:child href="Bdb001.A.words.xml#id(Bdb001.w.11,983)..id(Bdb001.w.12,001)"/>
   </segment>
   <segment nite:id="Bdb001.segment.1,255" starttime="2795.437" endtime="2796.465" participant="mn017" timing-provenance="segment">
      <nite:child href="Bdb001.A.words.xml#id(Bdb001.vocalsound.336)"/>
   </segment>
   <segment nite:id="Bdb001.segment.1,257" starttime="2796.465" endtime="2797.412" participant="mn017" timing-provenance="segment">
      <nite:child href="Bdb001.A.words.xml#id(Bdb001.vocalsound.338)"/>
   </segment>
   <segment nite:id="Bdb001.segment.1,353" starttime="2955.836" endtime="2959.798" participant="mn017" digittask="true" timing-provenance="segment">
      <nite:child href="Bdb001.A.words.xml#id(Bdb001.vocalsound.342)..id(Bdb001.comment.183)"/>
   </segment>
   <segment nite:id="Bdb001.segment.1,354" starttime="2960.326" endtime="2962.682" participant="mn017" digittask="true" timing-provenance="segment">
      <nite:child href="Bdb001.A.words.xml#id(Bdb001.w.12,413)..id(Bdb001.comment.184)"/>
   </segment>
   <segment nite:id="Bdb001.segment.1,355" starttime="2963.18" endtime="2964.295" participant="mn017" digittask="true" timing-provenance="segment">
      <nite:child href="Bdb001.A.words.xml#id(Bdb001.w.12,420)..id(Bdb001.comment.185)"/>
   </segment>
   <segment nite:id="Bdb001.segment.1,356" starttime="2964.574" endtime="2965.071" participant="mn017" digittask="true" timing-provenance="segment">
      <nite:child href="Bdb001.A.words.xml#id(Bdb001.w.12,423)..id(Bdb001.comment.186)"/>
   </segment>
   <segment nite:id="Bdb001.segment.1,357" starttime="2965.399" endtime="2966.006" participant="mn017" digittask="true" timing-provenance="segment">
      <nite:child href="Bdb001.A.words.xml#id(Bdb001.w.12,424)..id(Bdb001.comment.187)"/>
   </segment>
   <segment nite:id="Bdb001.segment.1,358" starttime="2966.006" endtime="2966.752" participant="mn017" digittask="true" timing-provenance="segment">
      <nite:child href="Bdb001.A.words.xml#id(Bdb001.w.12,425)..id(Bdb001.comment.188)"/>
   </segment>
   <segment nite:id="Bdb001.segment.1,359" starttime="2966.752" endtime="2968.347" participant="mn017" digittask="true" timing-provenance="segment">
      <nite:child href="Bdb001.A.words.xml#id(Bdb001.w.12,426)..id(Bdb001.comment.189)"/>
   </segment>
   <segment nite:id="Bdb001.segment.1,360" starttime="2968.347" endtime="2969.983" participant="mn017" digittask="true" timing-provenance="segment">
      <nite:child href="Bdb001.A.words.xml#id(Bdb001.w.12,429)..id(Bdb001.comment.190)"/>
   </segment>
   <segment nite:id="Bdb001.segment.1,361" starttime="2969.983" endtime="2970.892" participant="mn017" digittask="true" timing-provenance="segment">
      <nite:child href="Bdb001.A.words.xml#id(Bdb001.w.12,434)..id(Bdb001.comment.191)"/>
   </segment>
   <segment nite:id="Bdb001.segment.1,362" starttime="2970.892" endtime="2972.399" participant="mn017" digittask="true" timing-provenance="segment">
      <nite:child href="Bdb001.A.words.xml#id(Bdb001.w.12,436)..id(Bdb001.comment.192)"/>
   </segment>
   <segment nite:id="Bdb001.segment.1,363" starttime="2972.399" endtime="2973.04" participant="mn017" digittask="true" timing-provenance="segment">
      <nite:child href="Bdb001.A.words.xml#id(Bdb001.w.12,440)..id(Bdb001.comment.193)"/>
   </segment>
   <segment nite:id="Bdb001.segment.1,364" starttime="2973.04" endtime="2973.661" participant="mn017" digittask="true" timing-provenance="segment">
      <nite:child href="Bdb001.A.words.xml#id(Bdb001.w.12,441)..id(Bdb001.comment.194)"/>
   </segment>
   <segment nite:id="Bdb001.segment.1,365" starttime="2973.661" endtime="2974.183" participant="mn017" digittask="true" timing-provenance="segment">
      <nite:child href="Bdb001.A.words.xml#id(Bdb001.w.12,442)..id(Bdb001.comment.195)"/>
   </segment>
   <segment nite:id="Bdb001.segment.1,366" starttime="2974.183" endtime="2975.028" participant="mn017" digittask="true" timing-provenance="segment">
      <nite:child href="Bdb001.A.words.xml#id(Bdb001.w.12,443)..id(Bdb001.comment.196)"/>
   </segment>
   <segment nite:id="Bdb001.segment.1,367" starttime="2975.028" endtime="2975.973" participant="mn017" digittask="true" timing-provenance="segment">
      <nite:child href="Bdb001.A.words.xml#id(Bdb001.w.12,444)..id(Bdb001.comment.197)"/>
   </segment>
   <segment nite:id="Bdb001.segment.1,368" starttime="2975.973" endtime="2977.289" participant="mn017" digittask="true" timing-provenance="segment">
      <nite:child href="Bdb001.A.words.xml#id(Bdb001.w.12,446)..id(Bdb001.comment.198)"/>
   </segment>
   <segment nite:id="Bdb001.segment.1,369" starttime="2977.289" endtime="2979.706" participant="mn017" digittask="true" timing-provenance="segment">
      <nite:child href="Bdb001.A.words.xml#id(Bdb001.w.12,449)..id(Bdb001.comment.199)"/>
   </segment>
   <segment nite:id="Bdb001.segment.1,370" starttime="2979.706" endtime="2981.081" participant="mn017" digittask="true" timing-provenance="segment">
      <nite:child href="Bdb001.A.words.xml#id(Bdb001.w.12,456)..id(Bdb001.comment.200)"/>
   </segment>
   <segment nite:id="Bdb001.segment.1,371" starttime="2981.377" endtime="2982.587" participant="mn017" digittask="true" timing-provenance="segment">
      <nite:child href="Bdb001.A.words.xml#id(Bdb001.w.12,461)..id(Bdb001.comment.201)"/>
   </segment>
   <segment nite:id="Bdb001.segment.1,372" starttime="2982.587" endtime="2983.209" participant="mn017" digittask="true" timing-provenance="segment">
      <nite:child href="Bdb001.A.words.xml#id(Bdb001.w.12,465)..id(Bdb001.comment.202)"/>
   </segment>
   <segment nite:id="Bdb001.segment.1,373" starttime="2983.209" endtime="2984.21" participant="mn017" digittask="true" timing-provenance="segment">
      <nite:child href="Bdb001.A.words.xml#id(Bdb001.w.12,466)..id(Bdb001.comment.203)"/>
   </segment>
   <segment nite:id="Bdb001.segment.1,395" starttime="3015.158" endtime="3015.447" participant="mn017" timing-provenance="segment">
      <nite:child href="Bdb001.A.words.xml#id(Bdb001.comment.224)"/>
   </segment>
</nite:root>