<?xml version="1.0" encoding="ISO-8859-1" standalone="yes"?>
<nite:root nite:id="Bdb001.B.segs" xmlns:nite="http://nite.sourceforge.net/">
   <segment nite:id="Bdb001.segment.27" starttime="27.563" endtime="28.333" participant="me001" timing-provenance="segment">
      <nite:child href="Bdb001.B.words.xml#id(Bdb001.nonvocalsound.8)"/>
   </segment>
   <segment nite:id="Bdb001.segment.28" starttime="28.333" endtime="30.496" participant="me001" timing-provenance="segment">
      <nite:child href="Bdb001.B.words.xml#id(Bdb001.w.148)..id(Bdb001.vocalsound.5)"/>
   </segment>
   <segment nite:id="Bdb001.segment.31" starttime="32.513" endtime="33.379" participant="me001" timing-provenance="segment">
      <nite:child href="Bdb001.B.words.xml#id(Bdb001.vocalsound.6)"/>
   </segment>
   <segment nite:id="Bdb001.segment.35" starttime="35.41" endtime="36.1" participant="me001" timing-provenance="segment">
      <nite:child href="Bdb001.B.words.xml#id(Bdb001.vocalsound.7)"/>
   </segment>
   <segment nite:id="Bdb001.segment.52" starttime="65.547" endtime="67.292" participant="me001" timing-provenance="segment">
      <nite:child href="Bdb001.B.words.xml#id(Bdb001.nonvocalsound.13)"/>
   </segment>
   <segment nite:id="Bdb001.segment.63" starttime="94.102" endtime="100.374" participant="me001" timing-provenance="segment">
      <nite:child href="Bdb001.B.words.xml#id(Bdb001.nonvocalsound.19)"/>
   </segment>
   <segment nite:id="Bdb001.segment.140" starttime="276.188" endtime="276.834" participant="me001" timing-provenance="segment">
      <nite:child href="Bdb001.B.words.xml#id(Bdb001.vocalsound.32)"/>
   </segment>
   <segment nite:id="Bdb001.segment.149" starttime="285.919" endtime="287.768" participant="me001" timing-provenance="segment">
      <nite:child href="Bdb001.B.words.xml#id(Bdb001.vocalsound.36)"/>
   </segment>
   <segment nite:id="Bdb001.segment.178" starttime="356.053" endtime="356.586" participant="me001" timing-provenance="segment">
      <nite:child href="Bdb001.B.words.xml#id(Bdb001.nonvocalsound.37)"/>
   </segment>
   <segment nite:id="Bdb001.segment.237" starttime="505.523" endtime="506.335" participant="me001" timing-provenance="segment">
      <nite:child href="Bdb001.B.words.xml#id(Bdb001.vocalsound.62)"/>
   </segment>
   <segment nite:id="Bdb001.segment.242" starttime="514.263" endtime="516.018" participant="me001" timing-provenance="segment">
      <nite:child href="Bdb001.B.words.xml#id(Bdb001.vocalsound.64)"/>
   </segment>
   <segment nite:id="Bdb001.segment.247" starttime="521.396" endtime="522.26" participant="me001" timing-provenance="segment">
      <nite:child href="Bdb001.B.words.xml#id(Bdb001.nonvocalsound.38)"/>
   </segment>
   <segment nite:id="Bdb001.segment.308" starttime="665.632" endtime="677.223" participant="me001" timing-provenance="segment">
      <nite:child href="Bdb001.B.words.xml#id(Bdb001.nonvocalsound.43)"/>
   </segment>
   <segment nite:id="Bdb001.segment.317" starttime="679.655" endtime="680.416" participant="me001" timing-provenance="segment">
      <nite:child href="Bdb001.B.words.xml#id(Bdb001.nonvocalsound.44)"/>
   </segment>
   <segment nite:id="Bdb001.segment.360" starttime="791.507" endtime="791.863" participant="me001" timing-provenance="segment">
      <nite:child href="Bdb001.B.words.xml#id(Bdb001.nonvocalsound.48)"/>
   </segment>
   <segment nite:id="Bdb001.segment.373" starttime="823.732" endtime="824.168" participant="me001" timing-provenance="segment">
      <nite:child href="Bdb001.B.words.xml#id(Bdb001.nonvocalsound.49)"/>
   </segment>
   <segment nite:id="Bdb001.segment.398" starttime="875.239" endtime="876.105" participant="me001" timing-provenance="segment">
      <nite:child href="Bdb001.B.words.xml#id(Bdb001.vocalsound.104)"/>
   </segment>
   <segment nite:id="Bdb001.segment.413" starttime="910.557" endtime="910.893" participant="me001" timing-provenance="segment">
      <nite:child href="Bdb001.B.words.xml#id(Bdb001.nonvocalsound.53)"/>
   </segment>
   <segment nite:id="Bdb001.segment.416" starttime="913.9" endtime="920.032" participant="me001" timing-provenance="segment">
      <nite:child href="Bdb001.B.words.xml#id(Bdb001.nonvocalsound.54)"/>
   </segment>
   <segment nite:id="Bdb001.segment.441" starttime="966.862" endtime="967.447" participant="me001" timing-provenance="segment">
      <nite:child href="Bdb001.B.words.xml#id(Bdb001.nonvocalsound.55)"/>
   </segment>
   <segment nite:id="Bdb001.segment.448" starttime="979.356" endtime="980.144" participant="me001" timing-provenance="segment">
      <nite:child href="Bdb001.B.words.xml#id(Bdb001.vocalsound.112)"/>
   </segment>
   <segment nite:id="Bdb001.segment.450" starttime="980.515" endtime="982.116" participant="me001" timing-provenance="segment">
      <nite:child href="Bdb001.B.words.xml#id(Bdb001.vocalsound.114)"/>
   </segment>
   <segment nite:id="Bdb001.segment.490" starttime="1054.162" endtime="1056.535" participant="me001" timing-provenance="segment">
      <nite:child href="Bdb001.B.words.xml#id(Bdb001.nonvocalsound.56)"/>
   </segment>
   <segment nite:id="Bdb001.segment.494" starttime="1063.616" endtime="1064.408" participant="me001" timing-provenance="segment">
      <nite:child href="Bdb001.B.words.xml#id(Bdb001.nonvocalsound.57)"/>
   </segment>
   <segment nite:id="Bdb001.segment.495" starttime="1064.764" endtime="1065.997" participant="me001" timing-provenance="segment">
      <nite:child href="Bdb001.B.words.xml#id(Bdb001.vocalsound.125)"/>
   </segment>
   <segment nite:id="Bdb001.segment.544" starttime="1183.95" endtime="1184.92" participant="me001" timing-provenance="segment">
      <nite:child href="Bdb001.B.words.xml#id(Bdb001.vocalsound.142)"/>
   </segment>
   <segment nite:id="Bdb001.segment.597" starttime="1316.286" endtime="1317.907" participant="me001" timing-provenance="segment">
      <nite:child href="Bdb001.B.words.xml#id(Bdb001.vocalsound.155)"/>
   </segment>
   <segment nite:id="Bdb001.segment.621" starttime="1344.675" endtime="1349.814" participant="me001" timing-provenance="segment">
      <nite:child href="Bdb001.B.words.xml#id(Bdb001.vocalsound.159)"/>
   </segment>
   <segment nite:id="Bdb001.segment.679" starttime="1499.927" endtime="1500.876" participant="me001" timing-provenance="segment">
      <nite:child href="Bdb001.B.words.xml#id(Bdb001.vocalsound.176)"/>
   </segment>
   <segment nite:id="Bdb001.segment.731" starttime="1610.035" endtime="1611.093" participant="me001" timing-provenance="segment">
      <nite:child href="Bdb001.B.words.xml#id(Bdb001.vocalsound.185)"/>
   </segment>
   <segment nite:id="Bdb001.segment.737" starttime="1625.389" endtime="1627.468" participant="me001" timing-provenance="segment">
      <nite:child href="Bdb001.B.words.xml#id(Bdb001.vocalsound.187)"/>
   </segment>
   <segment nite:id="Bdb001.segment.757" starttime="1691.586" endtime="1694.51" participant="me001" timing-provenance="segment">
      <nite:child href="Bdb001.B.words.xml#id(Bdb001.nonvocalsound.69)"/>
   </segment>
   <segment nite:id="Bdb001.segment.851" starttime="1958.21" endtime="1958.54" participant="me001" timing-provenance="dialogueact">
      <nite:child href="Bdb001.B.words.xml#id(Bdb001.w.8,372)..id(Bdb001.w.8,373)"/>
   </segment>
   <segment nite:id="Bdb001.segment.853" starttime="1959.595" endtime="1960.51" participant="me001" timing-provenance="segment">
      <nite:child href="Bdb001.B.words.xml#id(Bdb001.vocalsound.212)"/>
   </segment>
   <segment nite:id="Bdb001.segment.867" starttime="1987.6" endtime="1987.88" participant="me001" timing-provenance="dialogueact">
      <nite:child href="Bdb001.B.words.xml#id(Bdb001.w.8,477)..id(Bdb001.w.8,478)"/>
   </segment>
   <segment nite:id="Bdb001.segment.870" starttime="1991.365" endtime="1994.646" participant="me001" timing-provenance="segment">
      <nite:child href="Bdb001.B.words.xml#id(Bdb001.vocalsound.217)..id(Bdb001.w.8,499)"/>
   </segment>
   <segment nite:id="Bdb001.segment.880" starttime="2008.082" endtime="2011.466" participant="me001" timing-provenance="segment">
      <nite:child href="Bdb001.B.words.xml#id(Bdb001.vocalsound.224)"/>
   </segment>
   <segment nite:id="Bdb001.segment.909" starttime="2067.05" endtime="2067.47" participant="me001" timing-provenance="dialogueact">
      <nite:child href="Bdb001.B.words.xml#id(Bdb001.w.8,877)..id(Bdb001.w.8,878)"/>
   </segment>
   <segment nite:id="Bdb001.segment.910" starttime="2068.867" endtime="2073.517" participant="me001" timing-provenance="segment">
      <nite:child href="Bdb001.B.words.xml#id(Bdb001.vocalsound.232)..id(Bdb001.w.8,905)"/>
   </segment>
   <segment nite:id="Bdb001.segment.913" starttime="2074.69" endtime="2076.03" participant="me001" timing-provenance="dialogueact">
      <nite:child href="Bdb001.B.words.xml#id(Bdb001.w.8,914)..id(Bdb001.w.8,916)"/>
   </segment>
   <segment nite:id="Bdb001.segment.916" starttime="2078.26" endtime="2078.54" participant="me001" timing-provenance="dialogueact">
      <nite:child href="Bdb001.B.words.xml#id(Bdb001.w.8,922)..id(Bdb001.w.8,926)"/>
   </segment>
   <segment nite:id="Bdb001.segment.926" starttime="2096.167" endtime="2097.591" participant="me001" timing-provenance="segment">
      <nite:child href="Bdb001.B.words.xml#id(Bdb001.vocalsound.240)"/>
   </segment>
   <segment nite:id="Bdb001.segment.931" starttime="2099.21" endtime="2100.2" participant="me001" timing-provenance="segment">
      <nite:child href="Bdb001.B.words.xml#id(Bdb001.vocalsound.242)"/>
   </segment>
   <segment nite:id="Bdb001.segment.942" starttime="2115.685" endtime="2116.357" participant="me001" timing-provenance="segment">
      <nite:child href="Bdb001.B.words.xml#id(Bdb001.nonvocalsound.78)"/>
   </segment>
   <segment nite:id="Bdb001.segment.951" starttime="2124.022" endtime="2124.951" participant="me001" timing-provenance="segment">
      <nite:child href="Bdb001.B.words.xml#id(Bdb001.vocalsound.248)"/>
   </segment>
   <segment nite:id="Bdb001.segment.985" starttime="2198.84" endtime="2200.44" participant="me001" timing-provenance="dialogueact">
      <nite:child href="Bdb001.B.words.xml#id(Bdb001.w.9,467)..id(Bdb001.w.9,473)"/>
   </segment>
   <segment nite:id="Bdb001.segment.1,055" starttime="2401.665" endtime="2403.513" participant="me001" timing-provenance="segment">
      <nite:child href="Bdb001.B.words.xml#id(Bdb001.vocalsound.272)"/>
   </segment>
   <segment nite:id="Bdb001.segment.1,058" starttime="2404.274" endtime="2405.126" participant="me001" timing-provenance="segment">
      <nite:child href="Bdb001.B.words.xml#id(Bdb001.vocalsound.276)"/>
   </segment>
   <segment nite:id="Bdb001.segment.1,060" starttime="2405.937" endtime="2406.827" participant="me001" timing-provenance="segment">
      <nite:child href="Bdb001.B.words.xml#id(Bdb001.vocalsound.277)"/>
   </segment>
   <segment nite:id="Bdb001.segment.1,065" starttime="2409.598" endtime="2411.3" participant="me001" timing-provenance="segment">
      <nite:child href="Bdb001.B.words.xml#id(Bdb001.vocalsound.280)"/>
   </segment>
   <segment nite:id="Bdb001.segment.1,096" starttime="2493.462" endtime="2494.234" participant="me001" timing-provenance="segment">
      <nite:child href="Bdb001.B.words.xml#id(Bdb001.vocalsound.291)"/>
   </segment>
   <segment nite:id="Bdb001.segment.1,162" starttime="2635.1" endtime="2638.561" participant="me001" timing-provenance="segment">
      <nite:child href="Bdb001.B.words.xml#id(Bdb001.vocalsound.309)"/>
   </segment>
   <segment nite:id="Bdb001.segment.1,189" starttime="2692.052" endtime="2693.36" participant="me001" timing-provenance="segment">
      <nite:child href="Bdb001.B.words.xml#id(Bdb001.vocalsound.316)"/>
   </segment>
   <segment nite:id="Bdb001.segment.1,195" starttime="2696.449" endtime="2697.853" participant="me001" timing-provenance="segment">
      <nite:child href="Bdb001.B.words.xml#id(Bdb001.vocalsound.318)"/>
   </segment>
   <segment nite:id="Bdb001.segment.1,235" starttime="2761.441" endtime="2762.509" participant="me001" timing-provenance="segment">
      <nite:child href="Bdb001.B.words.xml#id(Bdb001.nonvocalsound.89)"/>
   </segment>
   <segment nite:id="Bdb001.segment.1,256" starttime="2796.001" endtime="2796.911" participant="me001" timing-provenance="segment">
      <nite:child href="Bdb001.B.words.xml#id(Bdb001.vocalsound.337)"/>
   </segment>
   <segment nite:id="Bdb001.segment.1,265" starttime="2806.744" endtime="2808.524" participant="me001" timing-provenance="segment">
      <nite:child href="Bdb001.B.words.xml#id(Bdb001.vocalsound.339)"/>
   </segment>
   <segment nite:id="Bdb001.segment.1,303" starttime="2868.731" endtime="2869.76" participant="me001" timing-provenance="segment">
      <nite:child href="Bdb001.B.words.xml#id(Bdb001.nonvocalsound.95)"/>
   </segment>
   <segment nite:id="Bdb001.segment.1,374" starttime="2984.49" endtime="2988.071" participant="me001" digittask="true" timing-provenance="segment">
      <nite:child href="Bdb001.B.words.xml#id(Bdb001.w.12,469)..id(Bdb001.comment.204)"/>
   </segment>
   <segment nite:id="Bdb001.segment.1,375" starttime="2988.78" endtime="2990.181" participant="me001" digittask="true" timing-provenance="segment">
      <nite:child href="Bdb001.B.words.xml#id(Bdb001.w.12,480)..id(Bdb001.comment.205)"/>
   </segment>
   <segment nite:id="Bdb001.segment.1,376" starttime="2990.181" endtime="2991.075" participant="me001" digittask="true" timing-provenance="segment">
      <nite:child href="Bdb001.B.words.xml#id(Bdb001.w.12,483)..id(Bdb001.comment.206)"/>
   </segment>
   <segment nite:id="Bdb001.segment.1,377" starttime="2991.075" endtime="2992.348" participant="me001" digittask="true" timing-provenance="segment">
      <nite:child href="Bdb001.B.words.xml#id(Bdb001.w.12,485)..id(Bdb001.comment.207)"/>
   </segment>
   <segment nite:id="Bdb001.segment.1,378" starttime="2992.348" endtime="2992.984" participant="me001" digittask="true" timing-provenance="segment">
      <nite:child href="Bdb001.B.words.xml#id(Bdb001.w.12,488)..id(Bdb001.comment.208)"/>
   </segment>
   <segment nite:id="Bdb001.segment.1,379" starttime="2993.28" endtime="2994.818" participant="me001" digittask="true" timing-provenance="segment">
      <nite:child href="Bdb001.B.words.xml#id(Bdb001.w.12,489)..id(Bdb001.comment.209)"/>
   </segment>
   <segment nite:id="Bdb001.segment.1,380" starttime="2995.291" endtime="2996.937" participant="me001" digittask="true" timing-provenance="segment">
      <nite:child href="Bdb001.B.words.xml#id(Bdb001.w.12,493)..id(Bdb001.comment.210)"/>
   </segment>
   <segment nite:id="Bdb001.segment.1,381" starttime="2996.937" endtime="2998.047" participant="me001" digittask="true" timing-provenance="segment">
      <nite:child href="Bdb001.B.words.xml#id(Bdb001.w.12,497)..id(Bdb001.comment.211)"/>
   </segment>
   <segment nite:id="Bdb001.segment.1,382" starttime="2998.047" endtime="2999.175" participant="me001" digittask="true" timing-provenance="segment">
      <nite:child href="Bdb001.B.words.xml#id(Bdb001.w.12,499)..id(Bdb001.comment.212)"/>
   </segment>
   <segment nite:id="Bdb001.segment.1,383" starttime="2999.175" endtime="2999.938" participant="me001" digittask="true" timing-provenance="segment">
      <nite:child href="Bdb001.B.words.xml#id(Bdb001.w.12,501)..id(Bdb001.comment.213)"/>
   </segment>
   <segment nite:id="Bdb001.segment.1,384" starttime="2999.938" endtime="3000.777" participant="me001" digittask="true" timing-provenance="segment">
      <nite:child href="Bdb001.B.words.xml#id(Bdb001.w.12,502)..id(Bdb001.comment.214)"/>
   </segment>
   <segment nite:id="Bdb001.segment.1,385" starttime="3000.777" endtime="3001.885" participant="me001" digittask="true" timing-provenance="segment">
      <nite:child href="Bdb001.B.words.xml#id(Bdb001.w.12,503)..id(Bdb001.comment.215)"/>
   </segment>
   <segment nite:id="Bdb001.segment.1,387" starttime="3002.511" endtime="3004.387" participant="me001" digittask="true" timing-provenance="segment">
      <nite:child href="Bdb001.B.words.xml#id(Bdb001.w.12,505)..id(Bdb001.comment.216)"/>
   </segment>
   <segment nite:id="Bdb001.segment.1,388" starttime="3004.387" endtime="3006.057" participant="me001" digittask="true" timing-provenance="segment">
      <nite:child href="Bdb001.B.words.xml#id(Bdb001.w.12,510)..id(Bdb001.comment.217)"/>
   </segment>
   <segment nite:id="Bdb001.segment.1,389" starttime="3006.057" endtime="3006.881" participant="me001" digittask="true" timing-provenance="segment">
      <nite:child href="Bdb001.B.words.xml#id(Bdb001.w.12,514)..id(Bdb001.comment.218)"/>
   </segment>
   <segment nite:id="Bdb001.segment.1,390" starttime="3007.306" endtime="3009.574" participant="me001" digittask="true" timing-provenance="segment">
      <nite:child href="Bdb001.B.words.xml#id(Bdb001.w.12,515)..id(Bdb001.comment.219)"/>
   </segment>
   <segment nite:id="Bdb001.segment.1,391" starttime="3010.241" endtime="3012.264" participant="me001" digittask="true" timing-provenance="segment">
      <nite:child href="Bdb001.B.words.xml#id(Bdb001.w.12,522)..id(Bdb001.comment.220)"/>
   </segment>
   <segment nite:id="Bdb001.segment.1,392" starttime="3012.264" endtime="3013.077" participant="me001" digittask="true" timing-provenance="segment">
      <nite:child href="Bdb001.B.words.xml#id(Bdb001.w.12,529)..id(Bdb001.comment.221)"/>
   </segment>
   <segment nite:id="Bdb001.segment.1,393" starttime="3013.077" endtime="3014.669" participant="me001" digittask="true" timing-provenance="segment">
      <nite:child href="Bdb001.B.words.xml#id(Bdb001.w.12,530)..id(Bdb001.comment.222)"/>
   </segment>
   <segment nite:id="Bdb001.segment.1,394" starttime="3014.981" endtime="3016.774" participant="me001" digittask="true" timing-provenance="segment">
      <nite:child href="Bdb001.B.words.xml#id(Bdb001.w.12,534)..id(Bdb001.comment.223)"/>
   </segment>
   <segment nite:id="Bdb001.segment.1,396" starttime="3016.774" endtime="3018.76" participant="me001" digittask="true" timing-provenance="segment">
      <nite:child href="Bdb001.B.words.xml#id(Bdb001.w.12,539)..id(Bdb001.comment.225)"/>
   </segment>
   <segment nite:id="Bdb001.segment.1,397" starttime="3020.243" endtime="3021.371" participant="me001" timing-provenance="segment">
      <nite:child href="Bdb001.B.words.xml#id(Bdb001.nonvocalsound.97)..id(Bdb001.comment.226)"/>
   </segment>
</nite:root>