<?xml version="1.0" encoding="ISO-8859-1" standalone="yes"?>
<nite:root nite:id="Bdb001.B.words" xmlns:nite="http://nite.sourceforge.net/">
   <nonvocalsound nite:id="Bdb001.nonvocalsound.8" starttime="" endtime="" description="mike noise"/>
   <w nite:id="Bdb001.w.148" starttime="28.413" endtime="29.013" c="W">Channel</w>
   <w nite:id="Bdb001.w.149" starttime="29.013" endtime="29.393" c="W">two</w>
   <w nite:id="Bdb001.w.150" starttime="29.393" endtime="29.393" c=".">.</w>
   <vocalsound nite:id="Bdb001.vocalsound.5" starttime="" endtime="" description="breath"/>
   <vocalsound nite:id="Bdb001.vocalsound.6" starttime="" endtime="" description="clears throat"/>
   <vocalsound nite:id="Bdb001.vocalsound.7" starttime="" endtime="" description="breath"/>
   <nonvocalsound nite:id="Bdb001.nonvocalsound.13" starttime="" endtime="" description="mike noise"/>
   <nonvocalsound nite:id="Bdb001.nonvocalsound.19" starttime="" endtime="" description="pages shuffling"/>
   <vocalsound nite:id="Bdb001.vocalsound.32" starttime="" endtime="" description="laugh"/>
   <vocalsound nite:id="Bdb001.vocalsound.36" starttime="" endtime="" description="breath"/>
   <nonvocalsound nite:id="Bdb001.nonvocalsound.37" starttime="" endtime="" description="mike noise"/>
   <vocalsound nite:id="Bdb001.vocalsound.62" starttime="" endtime="" description="breath-laugh"/>
   <vocalsound nite:id="Bdb001.vocalsound.64" starttime="" endtime="" description="breath"/>
   <nonvocalsound nite:id="Bdb001.nonvocalsound.38" starttime="" endtime="" description="mike noise"/>
   <nonvocalsound nite:id="Bdb001.nonvocalsound.43" starttime="" endtime="" description="mike noise"/>
   <nonvocalsound nite:id="Bdb001.nonvocalsound.44" starttime="" endtime="" description="mike noise"/>
   <nonvocalsound nite:id="Bdb001.nonvocalsound.48" starttime="" endtime="" description="mike noise"/>
   <nonvocalsound nite:id="Bdb001.nonvocalsound.49" starttime="" endtime="" description="mike noise"/>
   <vocalsound nite:id="Bdb001.vocalsound.104" starttime="" endtime="" description="breath"/>
   <nonvocalsound nite:id="Bdb001.nonvocalsound.53" starttime="" endtime="" description="mike noise"/>
   <nonvocalsound nite:id="Bdb001.nonvocalsound.54" starttime="" endtime="" description="mike noise"/>
   <nonvocalsound nite:id="Bdb001.nonvocalsound.55" starttime="" endtime="" description="mike noise"/>
   <vocalsound nite:id="Bdb001.vocalsound.112" starttime="" endtime="" description="breath"/>
   <vocalsound nite:id="Bdb001.vocalsound.114" starttime="" endtime="" description="clears throat"/>
   <nonvocalsound nite:id="Bdb001.nonvocalsound.56" starttime="" endtime="" description="mike noise"/>
   <nonvocalsound nite:id="Bdb001.nonvocalsound.57" starttime="" endtime="" description="mike noise"/>
   <vocalsound nite:id="Bdb001.vocalsound.125" starttime="" endtime="" description="breath"/>
   <vocalsound nite:id="Bdb001.vocalsound.142" starttime="" endtime="" description="breath"/>
   <vocalsound nite:id="Bdb001.vocalsound.155" starttime="" endtime="" description="breath"/>
   <vocalsound nite:id="Bdb001.vocalsound.159" starttime="" endtime="" description="breath"/>
   <vocalsound nite:id="Bdb001.vocalsound.176" starttime="" endtime="" description="breath"/>
   <vocalsound nite:id="Bdb001.vocalsound.185" starttime="" endtime="" description="breath"/>
   <vocalsound nite:id="Bdb001.vocalsound.187" starttime="" endtime="" description="breath"/>
   <nonvocalsound nite:id="Bdb001.nonvocalsound.69" starttime="" endtime="" description="mike noise"/>
   <w nite:id="Bdb001.w.8,372" starttime="1958.21" endtime="1958.54" c="W">Yeah</w>
   <w nite:id="Bdb001.w.8,373" starttime="1958.54" endtime="1958.54" c=".">.</w>
   <vocalsound nite:id="Bdb001.vocalsound.212" starttime="" endtime="" description="clears throat"/>
   <w nite:id="Bdb001.w.8,477" starttime="1987.6" endtime="1987.88" c="W">Yeah</w>
   <w nite:id="Bdb001.w.8,478" starttime="1987.88" endtime="1987.88" c=".">.</w>
   <vocalsound nite:id="Bdb001.vocalsound.217" starttime="" endtime="" description="clears throat"/>
   <vocalsound nite:id="Bdb001.vocalsound.218" starttime="" endtime="" description="breath"/>
   <w nite:id="Bdb001.w.8,498" starttime="1993.86" endtime="1994.0" c="W">Hmm</w>
   <w nite:id="Bdb001.w.8,499" starttime="1994.0" endtime="1994.0" c=".">.</w>
   <vocalsound nite:id="Bdb001.vocalsound.224" starttime="" endtime="" description="breath"/>
   <w nite:id="Bdb001.w.8,877" starttime="2067.05" endtime="2067.47" c="W">True</w>
   <w nite:id="Bdb001.w.8,878" starttime="2067.47" endtime="2067.47" c=".">.</w>
   <vocalsound nite:id="Bdb001.vocalsound.232" starttime="" endtime="" description="inbreath"/>
   <w nite:id="Bdb001.w.8,879" starttime="2069.19" endtime="" c="W">I</w>
   <w nite:id="Bdb001.w.8,880" starttime="" endtime="2069.39" c="W">'ve</w>
   <w nite:id="Bdb001.w.8,881" starttime="2069.47" endtime="2069.71" c="W">used</w>
   <w nite:id="Bdb001.w.8,882" starttime="2069.71" endtime="2069.78" c="W">the</w>
   <w nite:id="Bdb001.w.8,883" starttime="2069.78" endtime="" c="LET">P</w>
   <w nite:id="Bdb001.w.8,884" starttime="" endtime="" c="HYPH">-</w>
   <w nite:id="Bdb001.w.8,885" starttime="" endtime="2070.31" c="W">file</w>
   <w nite:id="Bdb001.w.8,886" starttime="2070.31" endtime="2070.31" c="CM">,</w>
   <w nite:id="Bdb001.w.8,887" starttime="2070.31" endtime="2070.42" c="W">I</w>
   <w nite:id="Bdb001.w.8,888" starttime="2070.42" endtime="2070.87" c="W">think</w>
   <w nite:id="Bdb001.w.8,889" starttime="2070.87" endtime="2070.87" c=".">.</w>
   <w nite:id="Bdb001.w.8,890" starttime="2070.87" endtime="" c="W">I</w>
   <w nite:id="Bdb001.w.8,891" starttime="" endtime="2071.05" c="W">'ve</w>
   <w nite:id="Bdb001.w.8,892" starttime="2071.05" endtime="2071.26" c="W">looked</w>
   <w nite:id="Bdb001.w.8,893" starttime="2071.26" endtime="2071.38" c="W">at</w>
   <w nite:id="Bdb001.w.8,894" starttime="2071.38" endtime="2071.47" c="W">it</w>
   <w nite:id="Bdb001.w.8,895" starttime="2071.47" endtime="2071.54" c="W">at</w>
   <w nite:id="Bdb001.w.8,896" starttime="2071.54" endtime="2071.93" c="W">least</w>
   <w nite:id="Bdb001.w.8,897" starttime="2071.93" endtime="2071.93" c="CM">,</w>
   <w nite:id="Bdb001.w.8,898" starttime="2071.93" endtime="2072.37" c="W">briefly</w>
   <w nite:id="Bdb001.w.8,899" starttime="2072.37" endtime="2072.37" c="CM">,</w>
   <w nite:id="Bdb001.w.8,900" starttime="2072.37" endtime="2072.44" c="W">I</w>
   <w nite:id="Bdb001.w.8,901" starttime="2072.44" endtime="2072.62" c="W">think</w>
   <w nite:id="Bdb001.w.8,902" starttime="2072.62" endtime="2072.71" c="W">when</w>
   <w nite:id="Bdb001.w.8,903" starttime="2072.71" endtime="2072.8" c="W">we</w>
   <w nite:id="Bdb001.w.8,904" starttime="2072.8" endtime="2072.94" c="W">were</w>
   <w nite:id="Bdb001.w.8,905" starttime="2072.94" endtime="2073.36" c="W">doing</w>
   <w nite:id="Bdb001.w.8,914" starttime="2074.69" endtime="2074.85" c="TRUNCW">s</w>
   <w nite:id="Bdb001.w.8,915" starttime="2074.85" endtime="2076.03" c="W">something</w>
   <w nite:id="Bdb001.w.8,916" starttime="2076.03" endtime="2076.03" c=".">.</w>
   <w nite:id="Bdb001.w.8,922" starttime="2078.26" endtime="2078.39" c="W">Oh</w>
   <w nite:id="Bdb001.w.8,923" starttime="2078.39" endtime="2078.39" c="CM">,</w>
   <w nite:id="Bdb001.w.8,924" starttime="2078.39" endtime="2078.45" c="W">in</w>
   <w nite:id="Bdb001.w.8,925" starttime="2078.45" endtime="2078.54" c="W">there</w>
   <w nite:id="Bdb001.w.8,926" starttime="2078.54" endtime="2078.54" c=".">.</w>
   <vocalsound nite:id="Bdb001.vocalsound.240" starttime="" endtime="" description="laugh"/>
   <vocalsound nite:id="Bdb001.vocalsound.242" starttime="" endtime="" description="laugh"/>
   <nonvocalsound nite:id="Bdb001.nonvocalsound.78" starttime="" endtime="" description="mike noise"/>
   <vocalsound nite:id="Bdb001.vocalsound.248" starttime="" endtime="" description="laugh"/>
   <w nite:id="Bdb001.w.9,467" starttime="2198.84" endtime="2199.11" c="W">Where</w>
   <w nite:id="Bdb001.w.9,468" starttime="2199.11" endtime="2199.14" c="W">are</w>
   <w nite:id="Bdb001.w.9,469" starttime="2199.14" endtime="2199.31" c="W">those</w>
   <w nite:id="Bdb001.w.9,470" starttime="2199.31" endtime="2199.77" c="W">annotations</w>
   <w nite:id="Bdb001.w.9,471" starttime="2199.77" endtime="2200.03" c="W">coming</w>
   <w nite:id="Bdb001.w.9,472" starttime="2200.03" endtime="2200.44" c="W">from</w>
   <w nite:id="Bdb001.w.9,473" starttime="2200.44" endtime="2200.44" c=".">?</w>
   <vocalsound nite:id="Bdb001.vocalsound.272" starttime="" endtime="" description="breath"/>
   <vocalsound nite:id="Bdb001.vocalsound.276" starttime="" endtime="" description="breath"/>
   <vocalsound nite:id="Bdb001.vocalsound.277" starttime="" endtime="" description="breath"/>
   <vocalsound nite:id="Bdb001.vocalsound.280" starttime="" endtime="" description="laugh"/>
   <vocalsound nite:id="Bdb001.vocalsound.291" starttime="" endtime="" description="breath-laugh"/>
   <vocalsound nite:id="Bdb001.vocalsound.309" starttime="" endtime="" description="breath"/>
   <vocalsound nite:id="Bdb001.vocalsound.316" starttime="" endtime="" description="laugh"/>
   <vocalsound nite:id="Bdb001.vocalsound.318" starttime="" endtime="" description="breath-laugh"/>
   <nonvocalsound nite:id="Bdb001.nonvocalsound.89" starttime="" endtime="" description="mike noise"/>
   <vocalsound nite:id="Bdb001.vocalsound.337" starttime="" endtime="" description="breath"/>
   <vocalsound nite:id="Bdb001.vocalsound.339" starttime="" endtime="" description="breath"/>
   <nonvocalsound nite:id="Bdb001.nonvocalsound.95" starttime="" endtime="" description="mike noise"/>
   <w nite:id="Bdb001.w.12,469" starttime="" endtime="" c="W">Transcript</w>
   <w nite:id="Bdb001.w.12,470" starttime="" endtime="" c="W">two</w>
   <w nite:id="Bdb001.w.12,471" starttime="" endtime="" c="W">nine</w>
   <w nite:id="Bdb001.w.12,472" starttime="" endtime="" c="W">seven</w>
   <w nite:id="Bdb001.w.12,473" starttime="" endtime="" c="W">one</w>
   <w nite:id="Bdb001.w.12,474" starttime="" endtime="" c="W">dash</w>
   <w nite:id="Bdb001.w.12,475" starttime="" endtime="" c="W">two</w>
   <w nite:id="Bdb001.w.12,476" starttime="" endtime="" c="W">nine</w>
   <w nite:id="Bdb001.w.12,477" starttime="" endtime="" c="W">nine</w>
   <w nite:id="Bdb001.w.12,478" starttime="" endtime="" c="W">zero</w>
   <w nite:id="Bdb001.w.12,479" starttime="" endtime="" c=".">.</w>
   <comment nite:id="Bdb001.comment.204" starttime="" endtime="" description="Digits"/>
   <w nite:id="Bdb001.w.12,480" starttime="" endtime="" c="W">seven</w>
   <w nite:id="Bdb001.w.12,481" starttime="" endtime="" c="W">seven</w>
   <w nite:id="Bdb001.w.12,482" starttime="" endtime="" c="W">nine</w>
   <comment nite:id="Bdb001.comment.205" starttime="" endtime="" description="Digits"/>
   <w nite:id="Bdb001.w.12,483" starttime="" endtime="" c="W">eight</w>
   <w nite:id="Bdb001.w.12,484" starttime="" endtime="" c="W">nine</w>
   <comment nite:id="Bdb001.comment.206" starttime="" endtime="" description="Digits"/>
   <w nite:id="Bdb001.w.12,485" starttime="" endtime="" c="W">nine</w>
   <w nite:id="Bdb001.w.12,486" starttime="" endtime="" c="LET">O</w>
   <w nite:id="Bdb001.w.12,487" starttime="" endtime="" c="W">two</w>
   <comment nite:id="Bdb001.comment.207" starttime="" endtime="" description="Digits"/>
   <w nite:id="Bdb001.w.12,488" starttime="" endtime="" c="LET">O</w>
   <comment nite:id="Bdb001.comment.208" starttime="" endtime="" description="Digits"/>
   <w nite:id="Bdb001.w.12,489" starttime="" endtime="" c="W">one</w>
   <w nite:id="Bdb001.w.12,490" starttime="" endtime="" c="W">one</w>
   <w nite:id="Bdb001.w.12,491" starttime="" endtime="" c="W">zero</w>
   <w nite:id="Bdb001.w.12,492" starttime="" endtime="" c="W">one</w>
   <comment nite:id="Bdb001.comment.209" starttime="" endtime="" description="Digits"/>
   <w nite:id="Bdb001.w.12,493" starttime="" endtime="" c="W">two</w>
   <w nite:id="Bdb001.w.12,494" starttime="" endtime="" c="W">four</w>
   <w nite:id="Bdb001.w.12,495" starttime="" endtime="" c="W">five</w>
   <w nite:id="Bdb001.w.12,496" starttime="" endtime="" c="W">two</w>
   <comment nite:id="Bdb001.comment.210" starttime="" endtime="" description="Digits"/>
   <w nite:id="Bdb001.w.12,497" starttime="" endtime="" c="W">three</w>
   <w nite:id="Bdb001.w.12,498" starttime="" endtime="" c="W">seven</w>
   <comment nite:id="Bdb001.comment.211" starttime="" endtime="" description="Digits"/>
   <w nite:id="Bdb001.w.12,499" starttime="" endtime="" c="W">four</w>
   <w nite:id="Bdb001.w.12,500" starttime="" endtime="" c="W">four</w>
   <comment nite:id="Bdb001.comment.212" starttime="" endtime="" description="Digits"/>
   <w nite:id="Bdb001.w.12,501" starttime="" endtime="" c="W">five</w>
   <comment nite:id="Bdb001.comment.213" starttime="" endtime="" description="Digits"/>
   <w nite:id="Bdb001.w.12,502" starttime="" endtime="" c="W">six</w>
   <comment nite:id="Bdb001.comment.214" starttime="" endtime="" description="Digits"/>
   <w nite:id="Bdb001.w.12,503" starttime="" endtime="" c="W">seven</w>
   <w nite:id="Bdb001.w.12,504" starttime="" endtime="" c="LET">O</w>
   <comment nite:id="Bdb001.comment.215" starttime="" endtime="" description="Digits"/>
   <w nite:id="Bdb001.w.12,505" starttime="" endtime="" c="W">nine</w>
   <w nite:id="Bdb001.w.12,506" starttime="" endtime="" c="W">one</w>
   <w nite:id="Bdb001.w.12,507" starttime="" endtime="" c="W">four</w>
   <w nite:id="Bdb001.w.12,508" starttime="" endtime="" c="W">six</w>
   <w nite:id="Bdb001.w.12,509" starttime="" endtime="" c="W">zero</w>
   <comment nite:id="Bdb001.comment.216" starttime="" endtime="" description="Digits"/>
   <w nite:id="Bdb001.w.12,510" starttime="" endtime="" c="LET">O</w>
   <w nite:id="Bdb001.w.12,511" starttime="" endtime="" c="W">three</w>
   <w nite:id="Bdb001.w.12,512" starttime="" endtime="" c="W">nine</w>
   <w nite:id="Bdb001.w.12,513" starttime="" endtime="" c="W">four</w>
   <comment nite:id="Bdb001.comment.217" starttime="" endtime="" description="Digits"/>
   <w nite:id="Bdb001.w.12,514" starttime="" endtime="" c="W">zero</w>
   <comment nite:id="Bdb001.comment.218" starttime="" endtime="" description="Digits"/>
   <w nite:id="Bdb001.w.12,515" starttime="" endtime="" c="W">one</w>
   <w nite:id="Bdb001.w.12,516" starttime="" endtime="" c="W">eight</w>
   <w nite:id="Bdb001.w.12,517" starttime="" endtime="" c="W">one</w>
   <w nite:id="Bdb001.w.12,518" starttime="" endtime="" c="W">nine</w>
   <w nite:id="Bdb001.w.12,519" starttime="" endtime="" c="W">nine</w>
   <w nite:id="Bdb001.w.12,520" starttime="" endtime="" c="W">five</w>
   <w nite:id="Bdb001.w.12,521" starttime="" endtime="" c="W">eight</w>
   <comment nite:id="Bdb001.comment.219" starttime="" endtime="" description="Digits"/>
   <w nite:id="Bdb001.w.12,522" starttime="" endtime="" c="W">two</w>
   <w nite:id="Bdb001.w.12,523" starttime="" endtime="" c="W">eight</w>
   <w nite:id="Bdb001.w.12,524" starttime="" endtime="" c="W">three</w>
   <w nite:id="Bdb001.w.12,525" starttime="" endtime="" c="W">seven</w>
   <w nite:id="Bdb001.w.12,526" starttime="" endtime="" c="W">five</w>
   <w nite:id="Bdb001.w.12,527" starttime="" endtime="" c="W">nine</w>
   <w nite:id="Bdb001.w.12,528" starttime="" endtime="" c="LET">O</w>
   <comment nite:id="Bdb001.comment.220" starttime="" endtime="" description="Digits"/>
   <w nite:id="Bdb001.w.12,529" starttime="" endtime="" c="W">three</w>
   <comment nite:id="Bdb001.comment.221" starttime="" endtime="" description="Digits"/>
   <w nite:id="Bdb001.w.12,530" starttime="" endtime="" c="W">four</w>
   <w nite:id="Bdb001.w.12,531" starttime="" endtime="" c="LET">O</w>
   <w nite:id="Bdb001.w.12,532" starttime="" endtime="" c="W">seven</w>
   <w nite:id="Bdb001.w.12,533" starttime="" endtime="" c="W">three</w>
   <comment nite:id="Bdb001.comment.222" starttime="" endtime="" description="Digits"/>
   <w nite:id="Bdb001.w.12,534" starttime="" endtime="" c="W">six</w>
   <w nite:id="Bdb001.w.12,535" starttime="" endtime="" c="W">two</w>
   <w nite:id="Bdb001.w.12,536" starttime="" endtime="" c="W">six</w>
   <w nite:id="Bdb001.w.12,537" starttime="" endtime="" c="W">two</w>
   <w nite:id="Bdb001.w.12,538" starttime="" endtime="" c="W">six</w>
   <comment nite:id="Bdb001.comment.223" starttime="" endtime="" description="Digits"/>
   <w nite:id="Bdb001.w.12,539" starttime="" endtime="" c="W">seven</w>
   <w nite:id="Bdb001.w.12,540" starttime="" endtime="" c="W">three</w>
   <w nite:id="Bdb001.w.12,541" starttime="" endtime="" c="CM">,</w>
   <w nite:id="Bdb001.w.12,542" starttime="" endtime="" c="W">zero</w>
   <w nite:id="Bdb001.w.12,543" starttime="" endtime="" c="W">one</w>
   <w nite:id="Bdb001.w.12,544" starttime="" endtime="" c=".">.</w>
   <comment nite:id="Bdb001.comment.225" starttime="" endtime="" description="Digits"/>
   <nonvocalsound nite:id="Bdb001.nonvocalsound.97" starttime="" endtime="" description="mike noise"/>
   <comment nite:id="Bdb001.comment.226" starttime="" endtime="" description="removing mike"/>
</nite:root>