<?xml version="1.0" encoding="ISO-8859-1" standalone="yes"?>
<nite:root nite:id="Bed004.G.words" xmlns:nite="http://nite.sourceforge.net/">
   <w nite:id="Bed004.w.1,360" starttime="" endtime="" c="W">Culture</w>
   <w nite:id="Bed004.w.1,361" starttime="" endtime="" c="W">on</w>
   <w nite:id="Bed004.w.1,362" starttime="" endtime="" c="W">every</w>
   <w nite:id="Bed004.w.1,363" starttime="" endtime="" c="W">corner</w>
   <w nite:id="Bed004.w.1,364" starttime="" endtime="" c="CM">,</w>
   <w nite:id="Bed004.w.1,365" starttime="" endtime="" c="W">and</w>
   <w nite:id="Bed004.w.1,366" starttime="" endtime="" c="W">more</w>
   <w nite:id="Bed004.w.1,367" starttime="" endtime="" c="W">than</w>
   <w nite:id="Bed004.w.1,368" starttime="" endtime="" c="W">ten</w>
   <w nite:id="Bed004.w.1,369" starttime="" endtime="" c="W">museums</w>
   <w nite:id="Bed004.w.1,370" starttime="" endtime="" c="SYM">@</w>
   <w nite:id="Bed004.w.1,371" starttime="" endtime="" c="SYM">@</w>
   <w nite:id="Bed004.w.1,372" starttime="" endtime="" c="W">five</w>
   <w nite:id="Bed004.w.1,373" starttime="" endtime="" c="W">playhouses</w>
   <w nite:id="Bed004.w.1,374" starttime="" endtime="" c="CM">,</w>
   <w nite:id="Bed004.w.1,375" starttime="" endtime="" c="W">city</w>
   <w nite:id="Bed004.w.1,376" starttime="" endtime="" c="W">theater</w>
   <w nite:id="Bed004.w.1,377" starttime="" endtime="" c="W">Zwinger</w>
   <w nite:id="Bed004.w.1,378" starttime="" endtime="" c="W">three</w>
   <w nite:id="Bed004.w.1,379" starttime="" endtime="" c=".">.</w>
   <w nite:id="Bed004.w.1,380" starttime="" endtime="" c="W">Visit</w>
   <w nite:id="Bed004.w.1,381" starttime="" endtime="" c="W">our</w>
   <w nite:id="Bed004.w.1,382" starttime="" endtime="" c="W">parts</w>
   <w nite:id="Bed004.w.1,383" starttime="" endtime="" c="W">of</w>
   <w nite:id="Bed004.w.1,384" starttime="" endtime="" c="W">the</w>
   <w nite:id="Bed004.w.1,385" starttime="" endtime="" c="TRUNCW">civi</w>
   <w nite:id="Bed004.w.1,444" starttime="" endtime="" c="W">Hi</w>
   <w nite:id="Bed004.w.1,445" starttime="" endtime="" c=".">.</w>
   <w nite:id="Bed004.w.1,446" starttime="" endtime="" c="W">I</w>
   <w nite:id="Bed004.w.1,447" starttime="" endtime="" c="W">want</w>
   <w nite:id="Bed004.w.1,448" starttime="" endtime="" c="W">to</w>
   <w nite:id="Bed004.w.1,449" starttime="" endtime="" c="W">um</w>
   <w nite:id="Bed004.w.1,616" starttime="" endtime="" c="W">I</w>
   <w nite:id="Bed004.w.1,617" starttime="" endtime="" c="W">'m</w>
   <w nite:id="Bed004.w.1,618" starttime="" endtime="" c="W">deciding</w>
   <w nite:id="Bed004.w.1,619" starttime="" endtime="" c="W">on</w>
   <w nite:id="Bed004.w.1,620" starttime="" endtime="" c="W">going</w>
   <w nite:id="Bed004.w.1,621" starttime="" endtime="" c="W">to</w>
   <w nite:id="Bed004.w.1,622" starttime="" endtime="" c="W">the</w>
   <w nite:id="Bed004.w.1,623" starttime="" endtime="" c="W">concert</w>
   <w nite:id="Bed004.w.1,624" starttime="" endtime="" c="W">of</w>
   <w nite:id="Bed004.w.1,625" starttime="" endtime="" c="W">the</w>
   <w nite:id="Bed004.w.1,626" starttime="" endtime="" c="W">Hindelberg</w>
   <disfmarker nite:id="Bed004.disfmarker.41" starttime="" endtime=""/>
   <w nite:id="Bed004.w.1,627" starttime="" endtime="" c="W">for</w>
   <w nite:id="Bed004.w.1,628" starttime="" endtime="" c="W">the</w>
   <w nite:id="Bed004.w.1,629" starttime="" endtime="" c="W">Hindelberg</w>
   <w nite:id="Bed004.w.1,630" starttime="" endtime="" c="W">Symphony</w>
   <w nite:id="Bed004.w.1,631" starttime="" endtime="" c="W">Orchestra</w>
   <w nite:id="Bed004.w.1,632" starttime="" endtime="" c=".">.</w>
   <w nite:id="Bed004.w.1,633" starttime="" endtime="" c="W">I</w>
   <w nite:id="Bed004.w.1,634" starttime="" endtime="" c="W">want</w>
   <w nite:id="Bed004.w.1,635" starttime="" endtime="" c="W">to</w>
   <w nite:id="Bed004.w.1,636" starttime="" endtime="" c="W">buy</w>
   <w nite:id="Bed004.w.1,637" starttime="" endtime="" c="W">something</w>
   <w nite:id="Bed004.w.1,638" starttime="" endtime="" c="W">elegant</w>
   <w nite:id="Bed004.w.1,639" starttime="" endtime="" c="W">in</w>
   <w nite:id="Bed004.w.1,640" starttime="" endtime="" c="W">one</w>
   <w nite:id="Bed004.w.1,641" starttime="" endtime="" c="W">of</w>
   <w nite:id="Bed004.w.1,642" starttime="" endtime="" c="W">the</w>
   <w nite:id="Bed004.w.1,643" starttime="" endtime="" c="W">designer</w>
   <w nite:id="Bed004.w.1,644" starttime="" endtime="" c="W">boutiques</w>
   <w nite:id="Bed004.w.1,645" starttime="" endtime="" c="W">which</w>
   <w nite:id="Bed004.w.1,646" starttime="" endtime="" c="W">is</w>
   <w nite:id="Bed004.w.1,647" starttime="" endtime="" c="W">located</w>
   <w nite:id="Bed004.w.1,648" starttime="" endtime="" c="W">on</w>
   <w nite:id="Bed004.w.1,649" starttime="" endtime="" c="W">Friedrich</w>
   <w nite:id="Bed004.w.1,650" starttime="" endtime="" c="W">Ebert</w>
   <w nite:id="Bed004.w.1,651" starttime="" endtime="" c="W">um</w>
   <w nite:id="Bed004.w.1,652" starttime="" endtime="" c="W">Anlage</w>
   <w nite:id="Bed004.w.1,653" starttime="" endtime="" c=".">?</w>
   <pause nite:id="Bed004.pause.3" starttime="" endtime=""/>
   <w nite:id="Bed004.w.1,654" starttime="" endtime="" c="W">Do</w>
   <w nite:id="Bed004.w.1,655" starttime="" endtime="" c="W">you</w>
   <w nite:id="Bed004.w.1,656" starttime="" endtime="" c="W">understand</w>
   <w nite:id="Bed004.w.1,657" starttime="" endtime="" c="W">that</w>
   <w nite:id="Bed004.w.1,658" starttime="" endtime="" c=".">?</w>
   <w nite:id="Bed004.w.1,691" starttime="" endtime="" t="PLET" c="W">OK</w>
   <w nite:id="Bed004.w.1,692" starttime="" endtime="" c=".">.</w>
   <w nite:id="Bed004.w.1,693" starttime="" endtime="" c="W">And</w>
   <disfmarker nite:id="Bed004.disfmarker.42" starttime="" endtime=""/>
   <w nite:id="Bed004.w.1,710" starttime="" endtime="" c="W">I</w>
   <w nite:id="Bed004.w.1,711" starttime="" endtime="" c="W">want</w>
   <w nite:id="Bed004.w.1,712" starttime="" endtime="" c="SYM">@</w>
   <w nite:id="Bed004.w.1,713" starttime="" endtime="" c="SYM">@</w>
   <w nite:id="Bed004.w.1,714" starttime="" endtime="" c="W">what</w>
   <w nite:id="Bed004.w.1,715" starttime="" endtime="" c="W">a</w>
   <w nite:id="Bed004.w.1,716" starttime="" endtime="" c="W">um</w>
   <w nite:id="Bed004.w.1,717" starttime="" endtime="" c="W">sunken</w>
   <w nite:id="Bed004.w.1,718" starttime="" endtime="" c="W">castle</w>
   <w nite:id="Bed004.w.1,719" starttime="" endtime="" c="W">is</w>
   <w nite:id="Bed004.w.1,720" starttime="" endtime="" c=".">.</w>
   <w nite:id="Bed004.w.1,757" starttime="" endtime="" t="PLET" c="W">OK</w>
   <w nite:id="Bed004.w.1,758" starttime="" endtime="" c=".">.</w>
   <w nite:id="Bed004.w.1,759" starttime="" endtime="" c="W">Oh</w>
   <w nite:id="Bed004.w.1,760" starttime="" endtime="" c="CM">,</w>
   <w nite:id="Bed004.w.1,761" starttime="" endtime="" c="W">and</w>
   <w nite:id="Bed004.w.1,762" starttime="" endtime="" c="W">I</w>
   <w nite:id="Bed004.w.1,763" starttime="" endtime="" c="W">also</w>
   <w nite:id="Bed004.w.1,764" starttime="" endtime="" c="W">remember</w>
   <w nite:id="Bed004.w.1,765" starttime="" endtime="" c="W">that</w>
   <w nite:id="Bed004.w.1,766" starttime="" endtime="" c="W">someone</w>
   <w nite:id="Bed004.w.1,767" starttime="" endtime="" c="W">told</w>
   <w nite:id="Bed004.w.1,768" starttime="" endtime="" c="W">me</w>
   <w nite:id="Bed004.w.1,769" starttime="" endtime="" c="W">about</w>
   <w nite:id="Bed004.w.1,770" starttime="" endtime="" c="W">the</w>
   <w nite:id="Bed004.w.1,771" starttime="" endtime="" c="W">historic</w>
   <w nite:id="Bed004.w.1,772" starttime="" endtime="" c="W">graffiti</w>
   <w nite:id="Bed004.w.1,773" starttime="" endtime="" c="W">in</w>
   <w nite:id="Bed004.w.1,774" starttime="" endtime="" c="W">the</w>
   <w nite:id="Bed004.w.1,775" starttime="" endtime="" c="W">old</w>
   <w nite:id="Bed004.w.1,776" starttime="" endtime="" c="W">student</w>
   <w nite:id="Bed004.w.1,777" starttime="" endtime="" c="W">prison</w>
   <w nite:id="Bed004.w.1,778" starttime="" endtime="" c=".">.</w>
   <comment nite:id="Bed004.comment.81" starttime="" endtime="" description="rising"/>
   <w nite:id="Bed004.w.1,779" starttime="" endtime="" c="W">And</w>
   <w nite:id="Bed004.w.1,780" starttime="" endtime="" c="W">I</w>
   <w nite:id="Bed004.w.1,781" starttime="" endtime="" c="W">wanted</w>
   <w nite:id="Bed004.w.1,782" starttime="" endtime="" c="W">to</w>
   <w nite:id="Bed004.w.1,783" starttime="" endtime="" c="W">know</w>
   <w nite:id="Bed004.w.1,784" starttime="" endtime="" c="W">how</w>
   <w nite:id="Bed004.w.1,785" starttime="" endtime="" c="W">to</w>
   <w nite:id="Bed004.w.1,786" starttime="" endtime="" c="W">get</w>
   <w nite:id="Bed004.w.1,787" starttime="" endtime="" c="W">there</w>
   <w nite:id="Bed004.w.1,788" starttime="" endtime="" c=".">.</w>
   <comment nite:id="Bed004.comment.82" starttime="" endtime="" description="rising"/>
   <w nite:id="Bed004.w.1,811" starttime="" endtime="" t="PLET" c="W">OK</w>
   <w nite:id="Bed004.w.1,812" starttime="" endtime="" c=".">.</w>
   <w nite:id="Bed004.w.1,824" starttime="" endtime="" c="W">Yes</w>
   <w nite:id="Bed004.w.1,825" starttime="" endtime="" c=".">.</w>
   <w nite:id="Bed004.w.1,851" starttime="" endtime="" c="W">Are</w>
   <w nite:id="Bed004.w.1,852" starttime="" endtime="" c="W">you</w>
   <w nite:id="Bed004.w.1,853" starttime="" endtime="" c="W">a</w>
   <w nite:id="Bed004.w.1,854" starttime="" endtime="" c="W">live</w>
   <w nite:id="Bed004.w.1,855" starttime="" endtime="" c="W">person</w>
   <w nite:id="Bed004.w.1,856" starttime="" endtime="" c=".">?</w>
   <w nite:id="Bed004.w.1,857" starttime="" endtime="" c="W">or</w>
   <w nite:id="Bed004.w.1,858" starttime="" endtime="" c="W">is</w>
   <w nite:id="Bed004.w.1,859" starttime="" endtime="" c="W">this</w>
   <w nite:id="Bed004.w.1,860" starttime="" endtime="" c="W">a</w>
   <w nite:id="Bed004.w.1,861" starttime="" endtime="" c="W">recording</w>
   <w nite:id="Bed004.w.1,862" starttime="" endtime="" c=".">?</w>
   <w nite:id="Bed004.w.1,871" starttime="" endtime="" t="PLET" c="W">OK</w>
   <w nite:id="Bed004.w.1,872" starttime="" endtime="" c=".">.</w>
   <w nite:id="Bed004.w.1,873" starttime="" endtime="" c="W">Um</w>
   <w nite:id="Bed004.w.1,874" starttime="" endtime="" c="CM">,</w>
   <w nite:id="Bed004.w.1,875" starttime="" endtime="" c="W">thing</w>
   <w nite:id="Bed004.w.1,876" starttime="" endtime="" c="W">I</w>
   <w nite:id="Bed004.w.1,877" starttime="" endtime="" c="W">was</w>
   <w nite:id="Bed004.w.1,878" starttime="" endtime="" c="W">gonna</w>
   <w nite:id="Bed004.w.1,879" starttime="" endtime="" c="W">ask</w>
   <w nite:id="Bed004.w.1,880" starttime="" endtime="" c="W">you</w>
   <w nite:id="Bed004.w.1,881" starttime="" endtime="" c="CM">,</w>
   <w nite:id="Bed004.w.1,882" starttime="" endtime="" c="W">um</w>
   <w nite:id="Bed004.w.1,883" starttime="" endtime="" c="CM">,</w>
   <w nite:id="Bed004.w.1,884" starttime="" endtime="" t="PLET" c="W">OK</w>
   <w nite:id="Bed004.w.1,885" starttime="" endtime="" c="CM">,</w>
   <w nite:id="Bed004.w.1,886" starttime="" endtime="" c="SYM">@</w>
   <w nite:id="Bed004.w.1,887" starttime="" endtime="" c="SYM">@</w>
   <w nite:id="Bed004.w.1,899" starttime="" endtime="" c="TRUNCW">W</w>
   <w nite:id="Bed004.w.1,900" starttime="" endtime="" c="W">where</w>
   <w nite:id="Bed004.w.1,901" starttime="" endtime="" c="W">am</w>
   <w nite:id="Bed004.w.1,902" starttime="" endtime="" c="W">I</w>
   <w nite:id="Bed004.w.1,903" starttime="" endtime="" c=".">?</w>
   <w nite:id="Bed004.w.1,904" starttime="" endtime="" c="W">Um</w>
   <w nite:id="Bed004.w.1,905" starttime="" endtime="" c="CM">,</w>
   <w nite:id="Bed004.w.1,906" starttime="" endtime="" c="W">I</w>
   <w nite:id="Bed004.w.1,907" starttime="" endtime="" c="W">don't</w>
   <w nite:id="Bed004.w.1,908" starttime="" endtime="" c="W">know</w>
   <w nite:id="Bed004.w.1,909" starttime="" endtime="" c=".">.</w>
   <w nite:id="Bed004.w.1,916" starttime="" endtime="" c="W">I</w>
   <w nite:id="Bed004.w.1,917" starttime="" endtime="" c="W">see</w>
   <w nite:id="Bed004.w.1,918" starttime="" endtime="" c="W">a</w>
   <w nite:id="Bed004.w.1,919" starttime="" endtime="" c="W">building</w>
   <w nite:id="Bed004.w.1,920" starttime="" endtime="" c="W">that</w>
   <w nite:id="Bed004.w.1,921" starttime="" endtime="" c="APOSS">'s</w>
   <w nite:id="Bed004.w.1,922" starttime="" endtime="" c="W">um</w>
   <w nite:id="Bed004.w.1,923" starttime="" endtime="" c="W">under</w>
   <w nite:id="Bed004.w.1,924" starttime="" endtime="" c="W">construction</w>
   <w nite:id="Bed004.w.1,925" starttime="" endtime="" c=".">.</w>
   <w nite:id="Bed004.w.1,942" starttime="" endtime="" t="PLET" c="W">OK</w>
   <w nite:id="Bed004.w.1,943" starttime="" endtime="" c=".">.</w>
   <w nite:id="Bed004.w.1,944" starttime="" endtime="" c="W">So</w>
   <w nite:id="Bed004.w.1,945" starttime="" endtime="" c="CM">,</w>
   <w nite:id="Bed004.w.1,946" starttime="" endtime="" c="W">that</w>
   <w nite:id="Bed004.w.1,947" starttime="" endtime="" c="APOSS">'s</w>
   <w nite:id="Bed004.w.1,948" starttime="" endtime="" c="W">where</w>
   <w nite:id="Bed004.w.1,949" starttime="" endtime="" c="W">I</w>
   <w nite:id="Bed004.w.1,950" starttime="" endtime="" c="W">am</w>
   <w nite:id="Bed004.w.1,951" starttime="" endtime="" c=".">.</w>
   <w nite:id="Bed004.w.1,965" starttime="" endtime="" c="W">Um</w>
   <w nite:id="Bed004.w.1,966" starttime="" endtime="" c=".">.</w>
   <w nite:id="Bed004.w.1,967" starttime="" endtime="" c="W">Can</w>
   <w nite:id="Bed004.w.1,968" starttime="" endtime="" c="W">you</w>
   <w nite:id="Bed004.w.1,969" starttime="" endtime="" c="W">give</w>
   <w nite:id="Bed004.w.1,970" starttime="" endtime="" c="W">me</w>
   <w nite:id="Bed004.w.1,971" starttime="" endtime="" c="W">a</w>
   <w nite:id="Bed004.w.1,972" starttime="" endtime="" c="W">description</w>
   <w nite:id="Bed004.w.1,973" starttime="" endtime="" c="W">of</w>
   <w nite:id="Bed004.w.1,974" starttime="" endtime="" c="W">the</w>
   <w nite:id="Bed004.w.1,975" starttime="" endtime="" c="W">Powder</w>
   <w nite:id="Bed004.w.1,976" starttime="" endtime="" c="HYPH">-</w>
   <w nite:id="Bed004.w.1,977" starttime="" endtime="" c="W">Tower</w>
   <w nite:id="Bed004.w.1,978" starttime="" endtime="" c="CM">,</w>
   <w nite:id="Bed004.w.1,979" starttime="" endtime="" c="W">at</w>
   <w nite:id="Bed004.w.1,980" starttime="" endtime="" c="W">the</w>
   <w nite:id="Bed004.w.1,981" starttime="" endtime="" c="W">Hindelberg</w>
   <w nite:id="Bed004.w.1,982" starttime="" endtime="" c="W">castle</w>
   <w nite:id="Bed004.w.1,983" starttime="" endtime="" c=".">?</w>
   <w nite:id="Bed004.w.2,008" starttime="" endtime="" c="W">Uh</w>
   <w nite:id="Bed004.w.2,009" starttime="" endtime="" c="HYPH">-</w>
   <w nite:id="Bed004.w.2,010" starttime="" endtime="" c="W">huh</w>
   <w nite:id="Bed004.w.2,011" starttime="" endtime="" c=".">.</w>
   <w nite:id="Bed004.w.2,058" starttime="" endtime="" t="PLET" c="W">OK</w>
   <w nite:id="Bed004.w.2,059" starttime="" endtime="" c=".">.</w>
   <w nite:id="Bed004.w.2,060" starttime="" endtime="" c="W">And</w>
   <disfmarker nite:id="Bed004.disfmarker.47" starttime="" endtime=""/>
   <w nite:id="Bed004.w.2,061" starttime="" endtime="" c="W">How</w>
   <w nite:id="Bed004.w.2,062" starttime="" endtime="" c="W">much</w>
   <w nite:id="Bed004.w.2,063" starttime="" endtime="" c="W">is</w>
   <w nite:id="Bed004.w.2,064" starttime="" endtime="" c="W">it</w>
   <w nite:id="Bed004.w.2,065" starttime="" endtime="" c="W">for</w>
   <w nite:id="Bed004.w.2,066" starttime="" endtime="" c="W">the</w>
   <w nite:id="Bed004.w.2,067" starttime="" endtime="" c="W">train</w>
   <w nite:id="Bed004.w.2,068" starttime="" endtime="" c="W">and</w>
   <w nite:id="Bed004.w.2,069" starttime="" endtime="" c="W">the</w>
   <w nite:id="Bed004.w.2,070" starttime="" endtime="" c="W">bus</w>
   <w nite:id="Bed004.w.2,071" starttime="" endtime="" c=".">?</w>
   <w nite:id="Bed004.w.2,094" starttime="" endtime="" t="PLET" c="W">OK</w>
   <w nite:id="Bed004.w.2,095" starttime="" endtime="" c=".">.</w>
   <w nite:id="Bed004.w.2,096" starttime="" endtime="" t="PLET" c="W">OK</w>
   <w nite:id="Bed004.w.2,097" starttime="" endtime="" c="CM">,</w>
   <w nite:id="Bed004.w.2,098" starttime="" endtime="" c="W">that</w>
   <w nite:id="Bed004.w.2,099" starttime="" endtime="" c="APOSS">'s</w>
   <w nite:id="Bed004.w.2,100" starttime="" endtime="" c="W">it</w>
   <w nite:id="Bed004.w.2,101" starttime="" endtime="" c=".">.</w>
   <w nite:id="Bed004.w.2,110" starttime="" endtime="" c="W">Mm</w>
   <w nite:id="Bed004.w.2,111" starttime="" endtime="" c="HYPH">-</w>
   <w nite:id="Bed004.w.2,112" starttime="" endtime="" c="W">hmm</w>
   <w nite:id="Bed004.w.2,113" starttime="" endtime="" c="CM">,</w>
   <w nite:id="Bed004.w.2,114" starttime="" endtime="" c="W">thanks</w>
   <w nite:id="Bed004.w.2,115" starttime="" endtime="" c="W">for</w>
   <w nite:id="Bed004.w.2,116" starttime="" endtime="" c="W">your</w>
   <w nite:id="Bed004.w.2,117" starttime="" endtime="" c="W">help</w>
   <w nite:id="Bed004.w.2,118" starttime="" endtime="" c=".">.</w>
   <w nite:id="Bed004.w.2,125" starttime="" endtime="" c="W">Bye</w>
   <w nite:id="Bed004.w.2,126" starttime="" endtime="" c=".">.</w>
   <pause nite:id="Bed004.pause.5" starttime="" endtime=""/>
   <vocalsound nite:id="Bed004.vocalsound.46" starttime="" endtime="" description="laugh"/>
   <w nite:id="Bed004.w.2,127" starttime="" endtime="" c="W">I</w>
   <w nite:id="Bed004.w.2,128" starttime="" endtime="" c="W">thought</w>
   <w nite:id="Bed004.w.2,129" starttime="" endtime="" c="W">it</w>
   <w nite:id="Bed004.w.2,130" starttime="" endtime="" c="W">was</w>
   <w nite:id="Bed004.w.2,131" starttime="" endtime="" c="W">a</w>
   <w nite:id="Bed004.w.2,132" starttime="" endtime="" c="W">recording</w>
   <w nite:id="Bed004.w.2,133" starttime="" endtime="" c=".">.</w>
   <w nite:id="Bed004.w.2,134" starttime="" endtime="" c="SYM">@</w>
   <w nite:id="Bed004.w.2,135" starttime="" endtime="" c="SYM">@</w>
   <w nite:id="Bed004.w.2,136" starttime="" endtime="" c="W">At</w>
   <w nite:id="Bed004.w.2,137" starttime="" endtime="" c="W">first</w>
   <w nite:id="Bed004.w.2,138" starttime="" endtime="" c="W">I</w>
   <w nite:id="Bed004.w.2,139" starttime="" endtime="" c="W">thought</w>
   <w nite:id="Bed004.w.2,140" starttime="" endtime="" c="W">it</w>
   <w nite:id="Bed004.w.2,141" starttime="" endtime="" c="W">was</w>
   <w nite:id="Bed004.w.2,142" starttime="" endtime="" c="W">like</w>
   <w nite:id="Bed004.w.2,143" starttime="" endtime="" c="W">a</w>
   <w nite:id="Bed004.w.2,144" starttime="" endtime="" c="W">recording</w>
   <w nite:id="Bed004.w.2,145" starttime="" endtime="" c="W">that</w>
   <w nite:id="Bed004.w.2,146" starttime="" endtime="" c="W">could</w>
   <w nite:id="Bed004.w.2,147" starttime="" endtime="" c="W">pick</w>
   <w nite:id="Bed004.w.2,148" starttime="" endtime="" c="W">up</w>
   <w nite:id="Bed004.w.2,149" starttime="" endtime="" c="W">what</w>
   <w nite:id="Bed004.w.2,150" starttime="" endtime="" c="W">you</w>
   <w nite:id="Bed004.w.2,151" starttime="" endtime="" c="W">'re</w>
   <w nite:id="Bed004.w.2,152" starttime="" endtime="" c="W">saying</w>
   <w nite:id="Bed004.w.2,153" starttime="" endtime="" c="W">and</w>
   <w nite:id="Bed004.w.2,154" starttime="" endtime="" c="W">give</w>
   <w nite:id="Bed004.w.2,155" starttime="" endtime="" c="W">you</w>
   <w nite:id="Bed004.w.2,156" starttime="" endtime="" c="W">directions</w>
   <w nite:id="Bed004.w.2,157" starttime="" endtime="" c=".">.</w>
   <comment nite:id="Bed004.comment.83" starttime="" endtime="" description="rising"/>
   <w nite:id="Bed004.w.2,160" starttime="" endtime="" c="W">But</w>
   <w nite:id="Bed004.w.2,161" starttime="" endtime="" c="W">it</w>
   <w nite:id="Bed004.w.2,162" starttime="" endtime="" c="W">was</w>
   <w nite:id="Bed004.w.2,163" starttime="" endtime="" c="W">a</w>
   <w nite:id="Bed004.w.2,164" starttime="" endtime="" c="W">real</w>
   <w nite:id="Bed004.w.2,165" starttime="" endtime="" c="W">person</w>
   <w nite:id="Bed004.w.2,166" starttime="" endtime="" c=".">.</w>
   <w nite:id="Bed004.w.2,167" starttime="" endtime="" c="W">Did</w>
   <w nite:id="Bed004.w.2,168" starttime="" endtime="" c="W">I</w>
   <w nite:id="Bed004.w.2,169" starttime="" endtime="" c="W">call</w>
   <w nite:id="Bed004.w.2,170" starttime="" endtime="" c="W">Europe</w>
   <w nite:id="Bed004.w.2,171" starttime="" endtime="" c=".">?</w>
   <w nite:id="Bed004.w.2,185" starttime="" endtime="" c="SYM">@</w>
   <w nite:id="Bed004.w.2,186" starttime="" endtime="" c="SYM">@</w>
   <w nite:id="Bed004.w.2,187" starttime="" endtime="" c="SYM">@</w>
   <w nite:id="Bed004.w.2,188" starttime="" endtime="" c="SYM">@</w>
</nite:root>