<?xml version="1.0" encoding="ISO-8859-1" standalone="yes"?>
<nite:root nite:id="Bed004.F.words" xmlns:nite="http://nite.sourceforge.net/">
   <w nite:id="Bed004.w.1,419" starttime="" endtime="" c="W">Thank</w>
   <w nite:id="Bed004.w.1,420" starttime="" endtime="" c="W">you</w>
   <w nite:id="Bed004.w.1,421" starttime="" endtime="" c="W">for</w>
   <w nite:id="Bed004.w.1,422" starttime="" endtime="" c="W">calling</w>
   <w nite:id="Bed004.w.1,423" starttime="" endtime="" c="W">Heidelberg</w>
   <w nite:id="Bed004.w.1,424" starttime="" endtime="" c="W">Tourist</w>
   <w nite:id="Bed004.w.1,425" starttime="" endtime="" c="W">Information</w>
   <w nite:id="Bed004.w.1,426" starttime="" endtime="" c=".">.</w>
   <w nite:id="Bed004.w.1,427" starttime="" endtime="" c="W">How</w>
   <w nite:id="Bed004.w.1,428" starttime="" endtime="" c="W">may</w>
   <w nite:id="Bed004.w.1,429" starttime="" endtime="" c="W">I</w>
   <w nite:id="Bed004.w.1,430" starttime="" endtime="" c="W">help</w>
   <w nite:id="Bed004.w.1,431" starttime="" endtime="" c="W">you</w>
   <w nite:id="Bed004.w.1,432" starttime="" endtime="" c=".">?</w>
   <w nite:id="Bed004.w.1,659" starttime="" endtime="" c="W">In</w>
   <w nite:id="Bed004.w.1,660" starttime="" endtime="" c="W">order</w>
   <w nite:id="Bed004.w.1,661" starttime="" endtime="" c="W">to</w>
   <w nite:id="Bed004.w.1,662" starttime="" endtime="" c="W">get</w>
   <w nite:id="Bed004.w.1,663" starttime="" endtime="" c="W">to</w>
   <w nite:id="Bed004.w.1,664" starttime="" endtime="" c="W">the</w>
   <w nite:id="Bed004.w.1,665" starttime="" endtime="" c="W">Friedrich</w>
   <w nite:id="Bed004.w.1,666" starttime="" endtime="" c="W">Ebert</w>
   <w nite:id="Bed004.w.1,667" starttime="" endtime="" c="W">Anlage</w>
   <w nite:id="Bed004.w.1,668" starttime="" endtime="" c="CM">,</w>
   <w nite:id="Bed004.w.1,669" starttime="" endtime="" c="W">turn</w>
   <w nite:id="Bed004.w.1,670" starttime="" endtime="" c="W">around</w>
   <w nite:id="Bed004.w.1,671" starttime="" endtime="" c="W">and</w>
   <w nite:id="Bed004.w.1,672" starttime="" endtime="" c="W">go</w>
   <w nite:id="Bed004.w.1,673" starttime="" endtime="" c="W">towards</w>
   <w nite:id="Bed004.w.1,674" starttime="" endtime="" c="W">the</w>
   <w nite:id="Bed004.w.1,675" starttime="" endtime="" c="W">church</w>
   <w nite:id="Bed004.w.1,676" starttime="" endtime="" c=".">.</w>
   <w nite:id="Bed004.w.1,677" starttime="" endtime="" c="W">Next</w>
   <w nite:id="Bed004.w.1,678" starttime="" endtime="" c="W">you</w>
   <w nite:id="Bed004.w.1,679" starttime="" endtime="" c="W">have</w>
   <w nite:id="Bed004.w.1,680" starttime="" endtime="" c="W">to</w>
   <w nite:id="Bed004.w.1,681" starttime="" endtime="" c="TRUNCW">t</w>
   <w nite:id="Bed004.w.1,682" starttime="" endtime="" c="W">at</w>
   <w nite:id="Bed004.w.1,683" starttime="" endtime="" c="W">the</w>
   <w nite:id="Bed004.w.1,684" starttime="" endtime="" c="W">church</w>
   <w nite:id="Bed004.w.1,685" starttime="" endtime="" c="W">into</w>
   <w nite:id="Bed004.w.1,686" starttime="" endtime="" c="W">the</w>
   <w nite:id="Bed004.w.1,687" starttime="" endtime="" c="W">Friedrich</w>
   <w nite:id="Bed004.w.1,688" starttime="" endtime="" c="W">Ebert</w>
   <w nite:id="Bed004.w.1,689" starttime="" endtime="" c="W">Anlage</w>
   <w nite:id="Bed004.w.1,690" starttime="" endtime="" c=".">.</w>
   <w nite:id="Bed004.w.1,731" starttime="" endtime="" c="W">A</w>
   <w nite:id="Bed004.w.1,732" starttime="" endtime="" c="W">sunken</w>
   <w nite:id="Bed004.w.1,733" starttime="" endtime="" c="W">castle</w>
   <w nite:id="Bed004.w.1,734" starttime="" endtime="" c="W">differs</w>
   <w nite:id="Bed004.w.1,735" starttime="" endtime="" c="W">from</w>
   <w nite:id="Bed004.w.1,736" starttime="" endtime="" c="W">the</w>
   <w nite:id="Bed004.w.1,737" starttime="" endtime="" c="W">regular</w>
   <w nite:id="Bed004.w.1,738" starttime="" endtime="" c="W">sort</w>
   <w nite:id="Bed004.w.1,739" starttime="" endtime="" c="W">of</w>
   <w nite:id="Bed004.w.1,740" starttime="" endtime="" c="W">castle</w>
   <w nite:id="Bed004.w.1,741" starttime="" endtime="" c="W">in</w>
   <w nite:id="Bed004.w.1,742" starttime="" endtime="" c="W">that</w>
   <w nite:id="Bed004.w.1,743" starttime="" endtime="" c="W">it</w>
   <w nite:id="Bed004.w.1,744" starttime="" endtime="" c="W">is</w>
   <w nite:id="Bed004.w.1,745" starttime="" endtime="" c="W">built</w>
   <w nite:id="Bed004.w.1,746" starttime="" endtime="" c="W">in</w>
   <w nite:id="Bed004.w.1,747" starttime="" endtime="" c="W">a</w>
   <w nite:id="Bed004.w.1,748" starttime="" endtime="" c="W">flat</w>
   <w nite:id="Bed004.w.1,749" starttime="" endtime="" c="W">region</w>
   <w nite:id="Bed004.w.1,750" starttime="" endtime="" c="CM">,</w>
   <w nite:id="Bed004.w.1,751" starttime="" endtime="" c="W">rather</w>
   <w nite:id="Bed004.w.1,752" starttime="" endtime="" c="W">than</w>
   <w nite:id="Bed004.w.1,753" starttime="" endtime="" c="W">on</w>
   <w nite:id="Bed004.w.1,754" starttime="" endtime="" c="W">a</w>
   <w nite:id="Bed004.w.1,755" starttime="" endtime="" c="W">mountain</w>
   <w nite:id="Bed004.w.1,756" starttime="" endtime="" c=".">.</w>
   <w nite:id="Bed004.w.1,789" starttime="" endtime="" c="W">In</w>
   <w nite:id="Bed004.w.1,790" starttime="" endtime="" c="W">order</w>
   <w nite:id="Bed004.w.1,791" starttime="" endtime="" c="W">to</w>
   <w nite:id="Bed004.w.1,792" starttime="" endtime="" c="W">get</w>
   <w nite:id="Bed004.w.1,793" starttime="" endtime="" c="W">to</w>
   <w nite:id="Bed004.w.1,794" starttime="" endtime="" c="W">the</w>
   <w nite:id="Bed004.w.1,795" starttime="" endtime="" c="W">student</w>
   <w nite:id="Bed004.w.1,796" starttime="" endtime="" c="W">prison</w>
   <w nite:id="Bed004.w.1,797" starttime="" endtime="" c="CM">,</w>
   <w nite:id="Bed004.w.1,798" starttime="" endtime="" c="W">from</w>
   <w nite:id="Bed004.w.1,799" starttime="" endtime="" c="W">the</w>
   <w nite:id="Bed004.w.1,800" starttime="" endtime="" c="W">university</w>
   <w nite:id="Bed004.w.1,801" starttime="" endtime="" c="W">square</w>
   <w nite:id="Bed004.w.1,802" starttime="" endtime="" c="CM">,</w>
   <w nite:id="Bed004.w.1,803" starttime="" endtime="" c="W">turn</w>
   <w nite:id="Bed004.w.1,804" starttime="" endtime="" c="W">right</w>
   <w nite:id="Bed004.w.1,805" starttime="" endtime="" c="CM">,</w>
   <pause nite:id="Bed004.pause.4" starttime="" endtime=""/>
   <w nite:id="Bed004.w.1,806" starttime="" endtime="" c="W">and</w>
   <w nite:id="Bed004.w.1,807" starttime="" endtime="" c="W">walk</w>
   <w nite:id="Bed004.w.1,808" starttime="" endtime="" c="W">one</w>
   <w nite:id="Bed004.w.1,809" starttime="" endtime="" c="W">block</w>
   <w nite:id="Bed004.w.1,810" starttime="" endtime="" c=".">.</w>
   <w nite:id="Bed004.w.1,822" starttime="" endtime="" c="W">Hello</w>
   <w nite:id="Bed004.w.1,823" starttime="" endtime="" c=".">?</w>
   <w nite:id="Bed004.w.1,826" starttime="" endtime="" c="W">Uh</w>
   <w nite:id="Bed004.w.1,827" starttime="" endtime="" c="CM">,</w>
   <w nite:id="Bed004.w.1,828" starttime="" endtime="" c="W">I</w>
   <w nite:id="Bed004.w.1,829" starttime="" endtime="" c="W">'m</w>
   <w nite:id="Bed004.w.1,830" starttime="" endtime="" c="W">sorry</w>
   <w nite:id="Bed004.w.1,831" starttime="" endtime="" c="CM">,</w>
   <w nite:id="Bed004.w.1,832" starttime="" endtime="" c="W">something</w>
   <w nite:id="Bed004.w.1,833" starttime="" endtime="" c="W">uh</w>
   <w nite:id="Bed004.w.1,834" starttime="" endtime="" c="W">seems</w>
   <w nite:id="Bed004.w.1,835" starttime="" endtime="" c="W">to</w>
   <w nite:id="Bed004.w.1,836" starttime="" endtime="" c="W">have</w>
   <w nite:id="Bed004.w.1,837" starttime="" endtime="" c="W">happened</w>
   <w nite:id="Bed004.w.1,838" starttime="" endtime="" c="W">to</w>
   <w nite:id="Bed004.w.1,839" starttime="" endtime="" c="W">the</w>
   <w nite:id="Bed004.w.1,840" starttime="" endtime="" c="W">system</w>
   <w nite:id="Bed004.w.1,841" starttime="" endtime="" c=".">.</w>
   <w nite:id="Bed004.w.1,842" starttime="" endtime="" c="W">Um</w>
   <w nite:id="Bed004.w.1,843" starttime="" endtime="" c="CM">,</w>
   <disfmarker nite:id="Bed004.disfmarker.44" starttime="" endtime=""/>
   <w nite:id="Bed004.w.1,844" starttime="" endtime="" c="W">see</w>
   <w nite:id="Bed004.w.1,845" starttime="" endtime="" c="W">if</w>
   <w nite:id="Bed004.w.1,846" starttime="" endtime="" c="W">I</w>
   <w nite:id="Bed004.w.1,847" starttime="" endtime="" c="W">can</w>
   <w nite:id="Bed004.w.1,848" starttime="" endtime="" c="W">help</w>
   <w nite:id="Bed004.w.1,849" starttime="" endtime="" c="W">you</w>
   <w nite:id="Bed004.w.1,850" starttime="" endtime="" c=".">.</w>
   <w nite:id="Bed004.w.1,863" starttime="" endtime="" c="W">Th</w>
   <w nite:id="Bed004.w.1,864" starttime="" endtime="" c="SYM">-</w>
   <w nite:id="Bed004.w.1,865" starttime="" endtime="" c="W">I</w>
   <w nite:id="Bed004.w.1,866" starttime="" endtime="" c="W">'m</w>
   <w nite:id="Bed004.w.1,867" starttime="" endtime="" c="W">a</w>
   <w nite:id="Bed004.w.1,868" starttime="" endtime="" c="W">live</w>
   <w nite:id="Bed004.w.1,869" starttime="" endtime="" c="W">person</w>
   <w nite:id="Bed004.w.1,870" starttime="" endtime="" c=".">.</w>
   <w nite:id="Bed004.w.1,888" starttime="" endtime="" c="W">I</w>
   <w nite:id="Bed004.w.1,889" starttime="" endtime="" c="W">need</w>
   <w nite:id="Bed004.w.1,890" starttime="" endtime="" c="W">to</w>
   <w nite:id="Bed004.w.1,891" starttime="" endtime="" c="W">know</w>
   <w nite:id="Bed004.w.1,892" starttime="" endtime="" c="W">where</w>
   <w nite:id="Bed004.w.1,893" starttime="" endtime="" c="W">you</w>
   <w nite:id="Bed004.w.1,894" starttime="" endtime="" c="W">are</w>
   <w nite:id="Bed004.w.1,895" starttime="" endtime="" c="CM">,</w>
   <w nite:id="Bed004.w.1,896" starttime="" endtime="" c="W">first</w>
   <w nite:id="Bed004.w.1,897" starttime="" endtime="" c="W">of</w>
   <w nite:id="Bed004.w.1,898" starttime="" endtime="" c="TRUNCW">all</w>
   <w nite:id="Bed004.w.1,910" starttime="" endtime="" c="W">See</w>
   <disfmarker nite:id="Bed004.disfmarker.45" starttime="" endtime=""/>
   <w nite:id="Bed004.w.1,911" starttime="" endtime="" c="TRUNCW">c</w>
   <w nite:id="Bed004.w.1,912" starttime="" endtime="" c="W">figure</w>
   <w nite:id="Bed004.w.1,913" starttime="" endtime="" c="W">it</w>
   <w nite:id="Bed004.w.1,914" starttime="" endtime="" c="W">out</w>
   <w nite:id="Bed004.w.1,915" starttime="" endtime="" c=".">?</w>
   <w nite:id="Bed004.w.1,926" starttime="" endtime="" t="PLET" c="W">OK</w>
   <w nite:id="Bed004.w.1,927" starttime="" endtime="" c="CM">,</w>
   <w nite:id="Bed004.w.1,928" starttime="" endtime="" c="W">uh</w>
   <w nite:id="Bed004.w.1,929" starttime="" endtime="" c="HYPH">-</w>
   <w nite:id="Bed004.w.1,930" starttime="" endtime="" c="W">huh</w>
   <w nite:id="Bed004.w.1,931" starttime="" endtime="" c=".">.</w>
   <w nite:id="Bed004.w.1,932" starttime="" endtime="" c="W">That</w>
   <w nite:id="Bed004.w.1,933" starttime="" endtime="" c="APOSS">'s</w>
   <w nite:id="Bed004.w.1,934" starttime="" endtime="" c="TRUNCW">p</w>
   <w nite:id="Bed004.w.1,935" starttime="" endtime="" c="W">that</w>
   <w nite:id="Bed004.w.1,936" starttime="" endtime="" c="APOSS">'s</w>
   <w nite:id="Bed004.w.1,937" starttime="" endtime="" c="W">probably</w>
   <w nite:id="Bed004.w.1,938" starttime="" endtime="" c="W">the</w>
   <w nite:id="Bed004.w.1,939" starttime="" endtime="" c="W">university</w>
   <w nite:id="Bed004.w.1,940" starttime="" endtime="" c="W">square</w>
   <w nite:id="Bed004.w.1,941" starttime="" endtime="" c=".">.</w>
   <w nite:id="Bed004.w.1,952" starttime="" endtime="" t="PLET" c="W">OK</w>
   <w nite:id="Bed004.w.1,953" starttime="" endtime="" c=".">.</w>
   <w nite:id="Bed004.w.1,954" starttime="" endtime="" c="W">So</w>
   <w nite:id="Bed004.w.1,955" starttime="" endtime="" c="CM">,</w>
   <w nite:id="Bed004.w.1,956" starttime="" endtime="" c="W">uh</w>
   <w nite:id="Bed004.w.1,957" starttime="" endtime="" c="CM">,</w>
   <w nite:id="Bed004.w.1,958" starttime="" endtime="" c="W">what</w>
   <w nite:id="Bed004.w.1,959" starttime="" endtime="" c="W">do</w>
   <w nite:id="Bed004.w.1,960" starttime="" endtime="" c="W">you</w>
   <w nite:id="Bed004.w.1,961" starttime="" endtime="" c="W">need</w>
   <w nite:id="Bed004.w.1,962" starttime="" endtime="" c="W">to</w>
   <w nite:id="Bed004.w.1,963" starttime="" endtime="" c="W">do</w>
   <w nite:id="Bed004.w.1,964" starttime="" endtime="" c=".">?</w>
   <w nite:id="Bed004.w.1,984" starttime="" endtime="" c="W">Yeah</w>
   <w nite:id="Bed004.w.1,985" starttime="" endtime="" c="CM">,</w>
   <w nite:id="Bed004.w.1,986" starttime="" endtime="" c="W">in</w>
   <w nite:id="Bed004.w.1,987" starttime="" endtime="" c="W">order</w>
   <w nite:id="Bed004.w.1,988" starttime="" endtime="" c="W">to</w>
   <w nite:id="Bed004.w.1,989" starttime="" endtime="" c="W">get</w>
   <w nite:id="Bed004.w.1,990" starttime="" endtime="" c="W">there</w>
   <w nite:id="Bed004.w.1,991" starttime="" endtime="" c="W">you</w>
   <w nite:id="Bed004.w.1,992" starttime="" endtime="" c="W">have</w>
   <w nite:id="Bed004.w.1,993" starttime="" endtime="" c="W">to</w>
   <w nite:id="Bed004.w.1,994" starttime="" endtime="" c="W">take</w>
   <w nite:id="Bed004.w.1,995" starttime="" endtime="" c="W">a</w>
   <w nite:id="Bed004.w.1,996" starttime="" endtime="" c="W">bus</w>
   <w nite:id="Bed004.w.1,997" starttime="" endtime="" c="CM">,</w>
   <w nite:id="Bed004.w.1,998" starttime="" endtime="" c="W">you</w>
   <w nite:id="Bed004.w.1,999" starttime="" endtime="" c="W">'ve</w>
   <w nite:id="Bed004.w.2,000" starttime="" endtime="" c="W">got</w>
   <w nite:id="Bed004.w.2,001" starttime="" endtime="" c="W">to</w>
   <w nite:id="Bed004.w.2,002" starttime="" endtime="" c="W">take</w>
   <w nite:id="Bed004.w.2,003" starttime="" endtime="" c="W">the</w>
   <w nite:id="Bed004.w.2,004" starttime="" endtime="" c="W">number</w>
   <w nite:id="Bed004.w.2,005" starttime="" endtime="" c="W">forty</w>
   <w nite:id="Bed004.w.2,006" starttime="" endtime="" c="HYPH">-</w>
   <w nite:id="Bed004.w.2,007" starttime="" endtime="" c="W">two</w>
   <w nite:id="Bed004.w.2,012" starttime="" endtime="" c="W">To</w>
   <w nite:id="Bed004.w.2,013" starttime="" endtime="" c="W">the</w>
   <w nite:id="Bed004.w.2,014" starttime="" endtime="" c="W">town</w>
   <w nite:id="Bed004.w.2,015" starttime="" endtime="" c="W">hall</w>
   <w nite:id="Bed004.w.2,016" starttime="" endtime="" c="W">station</w>
   <w nite:id="Bed004.w.2,017" starttime="" endtime="" c=".">.</w>
   <w nite:id="Bed004.w.2,018" starttime="" endtime="" c="W">And</w>
   <w nite:id="Bed004.w.2,019" starttime="" endtime="" c="W">then</w>
   <w nite:id="Bed004.w.2,020" starttime="" endtime="" c="W">you</w>
   <w nite:id="Bed004.w.2,021" starttime="" endtime="" c="W">have</w>
   <w nite:id="Bed004.w.2,022" starttime="" endtime="" c="W">to</w>
   <w nite:id="Bed004.w.2,023" starttime="" endtime="" c="W">transfer</w>
   <w nite:id="Bed004.w.2,024" starttime="" endtime="" c="W">to</w>
   <w nite:id="Bed004.w.2,025" starttime="" endtime="" c="W">the</w>
   <w nite:id="Bed004.w.2,026" starttime="" endtime="" c="W">funicular</w>
   <w nite:id="Bed004.w.2,027" starttime="" endtime="" c="W">train</w>
   <w nite:id="Bed004.w.2,028" starttime="" endtime="" c=".">.</w>
   <w nite:id="Bed004.w.2,029" starttime="" endtime="" c="W">And</w>
   <w nite:id="Bed004.w.2,030" starttime="" endtime="" c="W">take</w>
   <w nite:id="Bed004.w.2,031" starttime="" endtime="" c="W">the</w>
   <w nite:id="Bed004.w.2,032" starttime="" endtime="" c="W">castle</w>
   <w nite:id="Bed004.w.2,033" starttime="" endtime="" c="W">exit</w>
   <w nite:id="Bed004.w.2,034" starttime="" endtime="" c="W">and</w>
   <w nite:id="Bed004.w.2,035" starttime="" endtime="" c="W">turn</w>
   <w nite:id="Bed004.w.2,036" starttime="" endtime="" c="W">right</w>
   <w nite:id="Bed004.w.2,037" starttime="" endtime="" c=".">.</w>
   <w nite:id="Bed004.w.2,038" starttime="" endtime="" c="W">And</w>
   <w nite:id="Bed004.w.2,039" starttime="" endtime="" c="W">after</w>
   <w nite:id="Bed004.w.2,040" starttime="" endtime="" c="W">about</w>
   <w nite:id="Bed004.w.2,041" starttime="" endtime="" c="W">half</w>
   <w nite:id="Bed004.w.2,042" starttime="" endtime="" c="W">a</w>
   <w nite:id="Bed004.w.2,043" starttime="" endtime="" c="W">mile</w>
   <w nite:id="Bed004.w.2,044" starttime="" endtime="" c="W">you</w>
   <w nite:id="Bed004.w.2,045" starttime="" endtime="" c="W">'ll</w>
   <w nite:id="Bed004.w.2,046" starttime="" endtime="" c="W">see</w>
   <w nite:id="Bed004.w.2,047" starttime="" endtime="" c="W">the</w>
   <disfmarker nite:id="Bed004.disfmarker.46" starttime="" endtime=""/>
   <w nite:id="Bed004.w.2,048" starttime="" endtime="" c="W">the</w>
   <w nite:id="Bed004.w.2,049" starttime="" endtime="" c="W">Powder</w>
   <w nite:id="Bed004.w.2,050" starttime="" endtime="" c="HYPH">-</w>
   <w nite:id="Bed004.w.2,051" starttime="" endtime="" c="W">Tower</w>
   <w nite:id="Bed004.w.2,052" starttime="" endtime="" c="W">on</w>
   <w nite:id="Bed004.w.2,053" starttime="" endtime="" c="W">your</w>
   <w nite:id="Bed004.w.2,054" starttime="" endtime="" c="W">right</w>
   <w nite:id="Bed004.w.2,055" starttime="" endtime="" c="W">hand</w>
   <w nite:id="Bed004.w.2,056" starttime="" endtime="" c="W">side</w>
   <w nite:id="Bed004.w.2,057" starttime="" endtime="" c=".">.</w>
   <w nite:id="Bed004.w.2,072" starttime="" endtime="" c="W">Um</w>
   <w nite:id="Bed004.w.2,073" starttime="" endtime="" c="CM">,</w>
   <w nite:id="Bed004.w.2,074" starttime="" endtime="" c="W">you</w>
   <w nite:id="Bed004.w.2,075" starttime="" endtime="" c="W">can</w>
   <w nite:id="Bed004.w.2,076" starttime="" endtime="" c="W">get</w>
   <w nite:id="Bed004.w.2,077" starttime="" endtime="" c="W">a</w>
   <disfmarker nite:id="Bed004.disfmarker.48" starttime="" endtime=""/>
   <w nite:id="Bed004.w.2,078" starttime="" endtime="" c="W">a</w>
   <w nite:id="Bed004.w.2,079" starttime="" endtime="" c="W">transfer</w>
   <w nite:id="Bed004.w.2,080" starttime="" endtime="" c="W">on</w>
   <w nite:id="Bed004.w.2,081" starttime="" endtime="" c="W">the</w>
   <disfmarker nite:id="Bed004.disfmarker.49" starttime="" endtime=""/>
   <w nite:id="Bed004.w.2,082" starttime="" endtime="" c="W">on</w>
   <w nite:id="Bed004.w.2,083" starttime="" endtime="" c="W">the</w>
   <w nite:id="Bed004.w.2,084" starttime="" endtime="" c="W">bus</w>
   <w nite:id="Bed004.w.2,085" starttime="" endtime="" c="W">for</w>
   <w nite:id="Bed004.w.2,086" starttime="" endtime="" c="W">the</w>
   <w nite:id="Bed004.w.2,087" starttime="" endtime="" c="W">train</w>
   <w nite:id="Bed004.w.2,088" starttime="" endtime="" c="W">for</w>
   <w nite:id="Bed004.w.2,089" starttime="" endtime="" c="W">about</w>
   <w nite:id="Bed004.w.2,090" starttime="" endtime="" c="W">uh</w>
   <w nite:id="Bed004.w.2,091" starttime="" endtime="" c="W">four</w>
   <w nite:id="Bed004.w.2,092" starttime="" endtime="" c="W">marks</w>
   <w nite:id="Bed004.w.2,093" starttime="" endtime="" c=".">.</w>
   <w nite:id="Bed004.w.2,102" starttime="" endtime="" c="W">That</w>
   <w nite:id="Bed004.w.2,103" starttime="" endtime="" c="APOSS">'s</w>
   <w nite:id="Bed004.w.2,104" starttime="" endtime="" c="W">all</w>
   <w nite:id="Bed004.w.2,105" starttime="" endtime="" c="W">you</w>
   <w nite:id="Bed004.w.2,106" starttime="" endtime="" c="W">need</w>
   <w nite:id="Bed004.w.2,107" starttime="" endtime="" c="W">to</w>
   <w nite:id="Bed004.w.2,108" starttime="" endtime="" c="W">do</w>
   <w nite:id="Bed004.w.2,109" starttime="" endtime="" c=".">?</w>
   <w nite:id="Bed004.w.2,119" starttime="" endtime="" c="W">Sure</w>
   <w nite:id="Bed004.w.2,120" starttime="" endtime="" c="CM">,</w>
   <w nite:id="Bed004.w.2,121" starttime="" endtime="" c="W">bye</w>
   <w nite:id="Bed004.w.2,122" starttime="" endtime="" c="HYPH">-</w>
   <w nite:id="Bed004.w.2,123" starttime="" endtime="" c="W">bye</w>
   <w nite:id="Bed004.w.2,124" starttime="" endtime="" c=".">.</w>
</nite:root>