<?xml version="1.0" encoding="ISO-8859-1" standalone="yes"?>
<nite:root nite:id="Bed004.C.segs" xmlns:nite="http://nite.sourceforge.net/">
   <segment nite:id="Bed004.segment.1" starttime="2.95" endtime="6.88" participant="me012" timing-provenance="segment">
      <nite:child href="Bed004.C.words.xml#id(Bed004.nonvocalsound.1)"/>
   </segment>
   <segment nite:id="Bed004.segment.10" starttime="25.45" endtime="27.5" participant="me012" timing-provenance="segment">
      <nite:child href="Bed004.C.words.xml#id(Bed004.nonvocalsound.2)"/>
   </segment>
   <segment nite:id="Bed004.segment.14" starttime="32.69" endtime="33.61" participant="me012" timing-provenance="segment">
      <nite:child href="Bed004.C.words.xml#id(Bed004.nonvocalsound.3)"/>
   </segment>
   <segment nite:id="Bed004.segment.16" starttime="38.3" endtime="39.7" participant="me012" timing-provenance="segment">
      <nite:child href="Bed004.C.words.xml#id(Bed004.nonvocalsound.4)"/>
   </segment>
   <segment nite:id="Bed004.segment.25" starttime="53.93" endtime="54.61" participant="me012" timing-provenance="segment">
      <nite:child href="Bed004.C.words.xml#id(Bed004.nonvocalsound.5)"/>
   </segment>
   <segment nite:id="Bed004.segment.59" starttime="123.65" endtime="127.7" participant="me012" timing-provenance="segment">
      <nite:child href="Bed004.C.words.xml#id(Bed004.nonvocalsound.7)"/>
   </segment>
   <segment nite:id="Bed004.segment.60" starttime="131.53" endtime="134.663" participant="me012" digittask="true" timing-provenance="segment">
      <nite:child href="Bed004.C.words.xml#id(Bed004.w.202)..id(Bed004.comment.45)"/>
   </segment>
   <segment nite:id="Bed004.segment.61" starttime="135.356" endtime="135.969" participant="me012" digittask="true" timing-provenance="segment">
      <nite:child href="Bed004.C.words.xml#id(Bed004.w.214)..id(Bed004.comment.46)"/>
   </segment>
   <segment nite:id="Bed004.segment.62" starttime="135.969" endtime="137.383" participant="me012" digittask="true" timing-provenance="segment">
      <nite:child href="Bed004.C.words.xml#id(Bed004.w.215)..id(Bed004.comment.47)"/>
   </segment>
   <segment nite:id="Bed004.segment.63" starttime="137.584" endtime="138.612" participant="me012" digittask="true" timing-provenance="segment">
      <nite:child href="Bed004.C.words.xml#id(Bed004.w.220)..id(Bed004.comment.48)"/>
   </segment>
   <segment nite:id="Bed004.segment.64" starttime="138.717" endtime="139.515" participant="me012" digittask="true" timing-provenance="segment">
      <nite:child href="Bed004.C.words.xml#id(Bed004.w.223)..id(Bed004.comment.49)"/>
   </segment>
   <segment nite:id="Bed004.segment.65" starttime="139.921" endtime="141.501" participant="me012" digittask="true" timing-provenance="segment">
      <nite:child href="Bed004.C.words.xml#id(Bed004.w.225)..id(Bed004.comment.50)"/>
   </segment>
   <segment nite:id="Bed004.segment.66" starttime="141.745" endtime="142.319" participant="me012" digittask="true" timing-provenance="segment">
      <nite:child href="Bed004.C.words.xml#id(Bed004.w.230)..id(Bed004.comment.51)"/>
   </segment>
   <segment nite:id="Bed004.segment.67" starttime="142.485" endtime="142.994" participant="me012" digittask="true" timing-provenance="segment">
      <nite:child href="Bed004.C.words.xml#id(Bed004.w.231)..id(Bed004.comment.52)"/>
   </segment>
   <segment nite:id="Bed004.segment.68" starttime="143.158" endtime="143.692" participant="me012" digittask="true" timing-provenance="segment">
      <nite:child href="Bed004.C.words.xml#id(Bed004.w.232)..id(Bed004.comment.53)"/>
   </segment>
   <segment nite:id="Bed004.segment.69" starttime="143.925" endtime="144.697" participant="me012" digittask="true" timing-provenance="segment">
      <nite:child href="Bed004.C.words.xml#id(Bed004.w.233)..id(Bed004.comment.54)"/>
   </segment>
   <segment nite:id="Bed004.segment.70" starttime="145.12" endtime="146.796" participant="me012" digittask="true" timing-provenance="segment">
      <nite:child href="Bed004.C.words.xml#id(Bed004.w.235)..id(Bed004.comment.55)"/>
   </segment>
   <segment nite:id="Bed004.segment.71" starttime="147.11" endtime="149.142" participant="me012" digittask="true" timing-provenance="segment">
      <nite:child href="Bed004.C.words.xml#id(Bed004.w.240)..id(Bed004.comment.56)"/>
   </segment>
   <segment nite:id="Bed004.segment.72" starttime="149.473" endtime="151.197" participant="me012" digittask="true" timing-provenance="segment">
      <nite:child href="Bed004.C.words.xml#id(Bed004.w.247)..id(Bed004.comment.57)"/>
   </segment>
   <segment nite:id="Bed004.segment.73" starttime="151.452" endtime="152.779" participant="me012" digittask="true" timing-provenance="segment">
      <nite:child href="Bed004.C.words.xml#id(Bed004.w.252)..id(Bed004.comment.58)"/>
   </segment>
   <segment nite:id="Bed004.segment.74" starttime="152.779" endtime="153.381" participant="me012" digittask="true" timing-provenance="segment">
      <nite:child href="Bed004.C.words.xml#id(Bed004.w.256)..id(Bed004.comment.59)"/>
   </segment>
   <segment nite:id="Bed004.segment.75" starttime="153.381" endtime="153.79" participant="me012" digittask="true" timing-provenance="segment">
      <nite:child href="Bed004.C.words.xml#id(Bed004.w.257)..id(Bed004.comment.60)"/>
   </segment>
   <segment nite:id="Bed004.segment.76" starttime="154.297" endtime="155.361" participant="me012" digittask="true" timing-provenance="segment">
      <nite:child href="Bed004.C.words.xml#id(Bed004.w.258)..id(Bed004.comment.61)"/>
   </segment>
   <segment nite:id="Bed004.segment.77" starttime="155.544" endtime="156.977" participant="me012" digittask="true" timing-provenance="segment">
      <nite:child href="Bed004.C.words.xml#id(Bed004.w.261)..id(Bed004.comment.62)"/>
   </segment>
   <segment nite:id="Bed004.segment.78" starttime="157.337" endtime="158.973" participant="me012" digittask="true" timing-provenance="segment">
      <nite:child href="Bed004.C.words.xml#id(Bed004.w.265)..id(Bed004.comment.63)"/>
   </segment>
   <segment nite:id="Bed004.segment.79" starttime="158.973" endtime="159.752" participant="me012" digittask="true" timing-provenance="segment">
      <nite:child href="Bed004.C.words.xml#id(Bed004.w.270)..id(Bed004.comment.64)"/>
   </segment>
   <segment nite:id="Bed004.segment.80" starttime="160.006" endtime="162.323" participant="me012" digittask="true" timing-provenance="segment">
      <nite:child href="Bed004.C.words.xml#id(Bed004.w.272)..id(Bed004.comment.65)"/>
   </segment>
   <segment nite:id="Bed004.segment.84" starttime="183.32" endtime="184.41" participant="me012" timing-provenance="segment">
      <nite:child href="Bed004.C.words.xml#id(Bed004.nonvocalsound.8)"/>
   </segment>
   <segment nite:id="Bed004.segment.86" starttime="186.82" endtime="188.26" participant="me012" timing-provenance="segment">
      <nite:child href="Bed004.C.words.xml#id(Bed004.nonvocalsound.9)"/>
   </segment>
   <segment nite:id="Bed004.segment.88" starttime="191.53" endtime="193.99" participant="me012" timing-provenance="segment">
      <nite:child href="Bed004.C.words.xml#id(Bed004.nonvocalsound.10)"/>
   </segment>
   <segment nite:id="Bed004.segment.90" starttime="196.53" endtime="197.12" participant="me012" timing-provenance="segment">
      <nite:child href="Bed004.C.words.xml#id(Bed004.nonvocalsound.11)"/>
   </segment>
   <segment nite:id="Bed004.segment.94" starttime="206.437" endtime="206.617" participant="me012" timing-provenance="dialogueact">
      <nite:child href="Bed004.C.words.xml#id(Bed004.w.478)..id(Bed004.w.479)"/>
   </segment>
   <segment nite:id="Bed004.segment.98" starttime="216.51" endtime="217.8" participant="me012" timing-provenance="segment">
      <nite:child href="Bed004.C.words.xml#id(Bed004.vocalsound.8)"/>
   </segment>
   <segment nite:id="Bed004.segment.101" starttime="219.56" endtime="221.448" participant="me012" timing-provenance="segment">
      <nite:child href="Bed004.C.words.xml#id(Bed004.vocalsound.10)"/>
   </segment>
   <segment nite:id="Bed004.segment.105" starttime="229.33" endtime="230.0" participant="me012" timing-provenance="dialogueact">
      <nite:child href="Bed004.C.words.xml#id(Bed004.w.533)..id(Bed004.w.535)"/>
   </segment>
   <segment nite:id="Bed004.segment.106" starttime="232.25" endtime="233.06" participant="me012" timing-provenance="segment">
      <nite:child href="Bed004.C.words.xml#id(Bed004.nonvocalsound.13)"/>
   </segment>
   <segment nite:id="Bed004.segment.109" starttime="236.22" endtime="237.26" participant="me012" timing-provenance="dialogueact">
      <nite:child href="Bed004.C.words.xml#id(Bed004.w.548)..id(Bed004.w.552)"/>
   </segment>
   <segment nite:id="Bed004.segment.112" starttime="240.37" endtime="240.61" participant="me012" timing-provenance="dialogueact">
      <nite:child href="Bed004.C.words.xml#id(Bed004.w.572)..id(Bed004.w.574)"/>
   </segment>
   <segment nite:id="Bed004.segment.128" starttime="286.344" endtime="288.45" participant="me012" timing-provenance="segment">
      <nite:child href="Bed004.C.words.xml#id(Bed004.vocalsound.15)"/>
   </segment>
   <segment nite:id="Bed004.segment.139" starttime="321.34" endtime="329.49" participant="me012" timing-provenance="segment">
      <nite:child href="Bed004.C.words.xml#id(Bed004.nonvocalsound.14)"/>
   </segment>
   <segment nite:id="Bed004.segment.155" starttime="371.37" endtime="372.18" participant="me012" timing-provenance="segment">
      <nite:child href="Bed004.C.words.xml#id(Bed004.vocalsound.23)"/>
   </segment>
   <segment nite:id="Bed004.segment.163" starttime="385.28" endtime="386.47" participant="me012" timing-provenance="dialogueact">
      <nite:child href="Bed004.C.words.xml#id(Bed004.w.981)..id(Bed004.w.989)"/>
   </segment>
   <segment nite:id="Bed004.segment.167" starttime="388.81" endtime="389.13" participant="me012" timing-provenance="dialogueact">
      <nite:child href="Bed004.C.words.xml#id(Bed004.w.1,022)..id(Bed004.w.1,023)"/>
   </segment>
   <segment nite:id="Bed004.segment.178" starttime="423.96" endtime="425.05" participant="me012" timing-provenance="segment">
      <nite:child href="Bed004.C.words.xml#id(Bed004.vocalsound.25)"/>
   </segment>
   <segment nite:id="Bed004.segment.191" starttime="441.09" endtime="441.2" participant="me012" timing-provenance="segment">
      <nite:child href="Bed004.C.words.xml#id(Bed004.w.1,117)..id(Bed004.disfmarker.22)"/>
   </segment>
   <segment nite:id="Bed004.segment.214" starttime="523.3" endtime="524.48" participant="me012" timing-provenance="dialogueact">
      <nite:child href="Bed004.C.words.xml#id(Bed004.w.1,266)..id(Bed004.w.1,275)"/>
   </segment>
   <segment nite:id="Bed004.segment.232" starttime="594.817" endtime="596.827" participant="me012" timing-provenance="dialogueact">
      <nite:child href="Bed004.C.words.xml#id(Bed004.w.1,433)..id(Bed004.w.1,443)"/>
   </segment>
   <segment nite:id="Bed004.segment.234" starttime="598.58" endtime="603.74" participant="me012" timing-provenance="dialogueact">
      <nite:child href="Bed004.C.words.xml#id(Bed004.w.1,450)..id(Bed004.w.1,473)"/>
   </segment>
   <segment nite:id="Bed004.segment.236" starttime="607.56" endtime="607.82" participant="me012" timing-provenance="dialogueact">
      <nite:child href="Bed004.C.words.xml#id(Bed004.w.1,486)..id(Bed004.w.1,487)"/>
   </segment>
   <segment nite:id="Bed004.segment.238" starttime="610.99" endtime="611.905" participant="me012" timing-provenance="segment">
      <nite:child href="Bed004.C.words.xml#id(Bed004.vocalsound.34)..id(Bed004.w.1,516)"/>
   </segment>
   <segment nite:id="Bed004.segment.239" starttime="612.483" endtime="618.963" participant="me012" timing-provenance="dialogueact">
      <nite:child href="Bed004.C.words.xml#id(Bed004.w.1,517)..id(Bed004.w.1,551)"/>
   </segment>
   <segment nite:id="Bed004.segment.244" starttime="624.626" endtime="624.946" participant="me012" timing-provenance="dialogueact">
      <nite:child href="Bed004.C.words.xml#id(Bed004.w.1,574)..id(Bed004.w.1,575)"/>
   </segment>
   <segment nite:id="Bed004.segment.260" starttime="698.165" endtime="700.59" participant="me012" timing-provenance="segment">
      <nite:child href="Bed004.C.words.xml#id(Bed004.vocalsound.37)"/>
   </segment>
   <segment nite:id="Bed004.segment.276" starttime="757.525" endtime="759.283" participant="me012" timing-provenance="segment">
      <nite:child href="Bed004.C.words.xml#id(Bed004.vocalsound.43)"/>
   </segment>
   <segment nite:id="Bed004.segment.282" starttime="776.9" endtime="777.938" participant="me012" timing-provenance="segment">
      <nite:child href="Bed004.C.words.xml#id(Bed004.vocalsound.44)"/>
   </segment>
   <segment nite:id="Bed004.segment.319" starttime="899.12" endtime="899.97" participant="me012" timing-provenance="segment">
      <nite:child href="Bed004.C.words.xml#id(Bed004.vocalsound.48)"/>
   </segment>
   <segment nite:id="Bed004.segment.325" starttime="922.143" endtime="922.533" participant="me012" timing-provenance="dialogueact">
      <nite:child href="Bed004.C.words.xml#id(Bed004.w.2,355)..id(Bed004.w.2,356)"/>
   </segment>
   <segment nite:id="Bed004.segment.326" starttime="923.278" endtime="924.068" participant="me012" timing-provenance="dialogueact">
      <nite:child href="Bed004.C.words.xml#id(Bed004.w.2,357)..id(Bed004.w.2,362)"/>
   </segment>
   <segment nite:id="Bed004.segment.339" starttime="981.12" endtime="982.62" participant="me012" timing-provenance="dialogueact">
      <nite:child href="Bed004.C.words.xml#id(Bed004.w.2,580)..id(Bed004.w.2,588)"/>
   </segment>
   <segment nite:id="Bed004.segment.350" starttime="1018.11" endtime="1020.31" participant="me012" timing-provenance="segment">
      <nite:child href="Bed004.C.words.xml#id(Bed004.w.2,715)..id(Bed004.disfmarker.64)"/>
   </segment>
   <segment nite:id="Bed004.segment.352" starttime="1022.04" endtime="1024.1" participant="me012" timing-provenance="dialogueact">
      <nite:child href="Bed004.C.words.xml#id(Bed004.w.2,725)..id(Bed004.w.2,736)"/>
   </segment>
   <segment nite:id="Bed004.segment.356" starttime="1025.131" endtime="1027.25" participant="me012" timing-provenance="segment">
      <nite:child href="Bed004.C.words.xml#id(Bed004.w.2,749)..id(Bed004.disfmarker.66)"/>
   </segment>
   <segment nite:id="Bed004.segment.362" starttime="1029.62" endtime="1030.35" participant="me012" timing-provenance="segment">
      <nite:child href="Bed004.C.words.xml#id(Bed004.vocalsound.52)"/>
   </segment>
   <segment nite:id="Bed004.segment.366" starttime="1043.11" endtime="1043.54" participant="me012" timing-provenance="dialogueact">
      <nite:child href="Bed004.C.words.xml#id(Bed004.w.2,814)..id(Bed004.w.2,815)"/>
   </segment>
   <segment nite:id="Bed004.segment.400" starttime="1173.28" endtime="1173.94" participant="me012" timing-provenance="segment">
      <nite:child href="Bed004.C.words.xml#id(Bed004.nonvocalsound.28)"/>
   </segment>
   <segment nite:id="Bed004.segment.414" starttime="1229.26" endtime="1230.37" participant="me012" timing-provenance="segment">
      <nite:child href="Bed004.C.words.xml#id(Bed004.nonvocalsound.29)"/>
   </segment>
   <segment nite:id="Bed004.segment.423" starttime="1246.0" endtime="1428.52" participant="me012" timing-provenance="segment">
      <nite:child href="Bed004.C.words.xml#id(Bed004.comment.90)"/>
   </segment>
   <segment nite:id="Bed004.segment.478" starttime="1428.52" endtime="1429.399" participant="me012" timing-provenance="segment">
      <nite:child href="Bed004.C.words.xml#id(Bed004.nonvocalsound.30)"/>
   </segment>
   <segment nite:id="Bed004.segment.513" starttime="1528.64" endtime="1530.21" participant="me012" timing-provenance="segment">
      <nite:child href="Bed004.C.words.xml#id(Bed004.nonvocalsound.31)"/>
   </segment>
   <segment nite:id="Bed004.segment.543" starttime="1612.0" endtime="1613.99" participant="me012" timing-provenance="segment">
      <nite:child href="Bed004.C.words.xml#id(Bed004.nonvocalsound.32)"/>
   </segment>
   <segment nite:id="Bed004.segment.549" starttime="1621.55" endtime="1625.74" participant="me012" timing-provenance="segment">
      <nite:child href="Bed004.C.words.xml#id(Bed004.nonvocalsound.33)"/>
   </segment>
   <segment nite:id="Bed004.segment.640" starttime="1868.57" endtime="1870.93" participant="me012" timing-provenance="segment">
      <nite:child href="Bed004.C.words.xml#id(Bed004.nonvocalsound.36)"/>
   </segment>
   <segment nite:id="Bed004.segment.667" starttime="1943.3" endtime="1944.518" participant="me012" timing-provenance="segment">
      <nite:child href="Bed004.C.words.xml#id(Bed004.nonvocalsound.37)"/>
   </segment>
   <segment nite:id="Bed004.segment.893" starttime="2584.79" endtime="2585.96" participant="me012" timing-provenance="segment">
      <nite:child href="Bed004.C.words.xml#id(Bed004.nonvocalsound.39)"/>
   </segment>
   <segment nite:id="Bed004.segment.899" starttime="2630.69" endtime="2631.02" participant="me012" timing-provenance="dialogueact">
      <nite:child href="Bed004.C.words.xml#id(Bed004.w.8,139)..id(Bed004.w.8,140)"/>
   </segment>
   <segment nite:id="Bed004.segment.971" starttime="2878.33" endtime="2879.64" participant="me012" timing-provenance="segment">
      <nite:child href="Bed004.C.words.xml#id(Bed004.nonvocalsound.40)"/>
   </segment>
   <segment nite:id="Bed004.segment.976" starttime="2889.31" endtime="2889.67" participant="me012" timing-provenance="dialogueact">
      <nite:child href="Bed004.C.words.xml#id(Bed004.w.8,983)..id(Bed004.w.8,984)"/>
   </segment>
   <segment nite:id="Bed004.segment.990" starttime="2920.62" endtime="2920.93" participant="me012" timing-provenance="dialogueact">
      <nite:child href="Bed004.C.words.xml#id(Bed004.w.9,114)..id(Bed004.w.9,117)"/>
   </segment>
   <segment nite:id="Bed004.segment.1,079" starttime="3186.3" endtime="3187.03" participant="me012" timing-provenance="segment">
      <nite:child href="Bed004.C.words.xml#id(Bed004.vocalsound.77)"/>
   </segment>
   <segment nite:id="Bed004.segment.1,106" starttime="3277.3" endtime="3278.19" participant="me012" timing-provenance="dialogueact">
      <nite:child href="Bed004.C.words.xml#id(Bed004.w.10,298)..id(Bed004.w.10,301)"/>
   </segment>
   <segment nite:id="Bed004.segment.1,113" starttime="3298.62" endtime="3299.07" participant="me012" timing-provenance="dialogueact">
      <nite:child href="Bed004.C.words.xml#id(Bed004.w.10,384)..id(Bed004.w.10,385)"/>
   </segment>
   <segment nite:id="Bed004.segment.1,115" starttime="3304.57" endtime="3304.75" participant="me012" timing-provenance="dialogueact">
      <nite:child href="Bed004.C.words.xml#id(Bed004.w.10,413)..id(Bed004.w.10,414)"/>
   </segment>
   <segment nite:id="Bed004.segment.1,120" starttime="3312.03" endtime="3312.22" participant="me012" timing-provenance="dialogueact">
      <nite:child href="Bed004.C.words.xml#id(Bed004.w.10,449)..id(Bed004.w.10,450)"/>
   </segment>
</nite:root>