<?xml version="1.0" encoding="ISO-8859-1" standalone="yes"?>
<nite:root nite:id="Bed004.E.segs" xmlns:nite="http://nite.sourceforge.net/">
   <segment nite:id="Bed004.segment.3" starttime="8.12" endtime="9.514" participant="fe016" closemic="false">
      <nite:child href="Bed004.E.words.xml#id(Bed004.vocalsound.1)"/>
   </segment>
   <segment nite:id="Bed004.segment.4" starttime="9.514" endtime="15.766" participant="fe016" closemic="false">
      <nite:child href="Bed004.E.words.xml#id(Bed004.w.14)..id(Bed004.comment.1)"/>
   </segment>
   <segment nite:id="Bed004.segment.81" starttime="163.147" endtime="175.035" participant="fe016" closemic="false">
      <nite:child href="Bed004.E.words.xml#id(Bed004.w.279)..id(Bed004.w.334)"/>
   </segment>
   <segment nite:id="Bed004.segment.82" starttime="175.035" endtime="183.287" participant="fe016" closemic="false">
      <nite:child href="Bed004.E.words.xml#id(Bed004.w.335)..id(Bed004.w.373)"/>
   </segment>
   <segment nite:id="Bed004.segment.83" starttime="183.287" endtime="186.354" participant="fe016" closemic="false">
      <nite:child href="Bed004.E.words.xml#id(Bed004.w.374)..id(Bed004.w.390)"/>
   </segment>
   <segment nite:id="Bed004.segment.85" starttime="186.354" endtime="188.065" participant="fe016" closemic="false">
      <nite:child href="Bed004.E.words.xml#id(Bed004.w.391)..id(Bed004.w.401)"/>
   </segment>
   <segment nite:id="Bed004.segment.87" starttime="188.065" endtime="193.18" participant="fe016" closemic="false">
      <nite:child href="Bed004.E.words.xml#id(Bed004.w.402)..id(Bed004.w.421)"/>
   </segment>
   <segment nite:id="Bed004.segment.89" starttime="193.18" endtime="198.626" participant="fe016" closemic="false">
      <nite:child href="Bed004.E.words.xml#id(Bed004.w.422)..id(Bed004.w.444)"/>
   </segment>
   <segment nite:id="Bed004.segment.91" starttime="198.626" endtime="202.575" participant="fe016" closemic="false">
      <nite:child href="Bed004.E.words.xml#id(Bed004.w.445)..id(Bed004.vocalsound.5)"/>
   </segment>
   <segment nite:id="Bed004.segment.92" starttime="202.575" endtime="204.384" participant="fe016" closemic="false">
      <nite:child href="Bed004.E.words.xml#id(Bed004.w.463)..id(Bed004.w.468)"/>
   </segment>
   <segment nite:id="Bed004.segment.93" starttime="204.384" endtime="206.491" participant="fe016" closemic="false">
      <nite:child href="Bed004.E.words.xml#id(Bed004.w.469)..id(Bed004.w.477)"/>
   </segment>
</nite:root>