<?xml version="1.0" encoding="ISO-8859-1" standalone="yes"?>
<nite:root nite:id="Bed004.D.segs" xmlns:nite="http://nite.sourceforge.net/">
   <segment nite:id="Bed004.segment.5" starttime="9.715" endtime="10.035" participant="mn015" timing-provenance="dialogueact">
      <nite:child href="Bed004.D.words.xml#id(Bed004.w.39)..id(Bed004.w.40)"/>
   </segment>
   <segment nite:id="Bed004.segment.8" starttime="16.0" endtime="21.72" participant="mn015" digittask="true" timing-provenance="segment">
      <nite:child href="Bed004.D.words.xml#id(Bed004.w.41)..id(Bed004.comment.3)"/>
   </segment>
   <segment nite:id="Bed004.segment.9" starttime="23.041" endtime="27.804" participant="mn015" digittask="true" timing-provenance="segment">
      <nite:child href="Bed004.D.words.xml#id(Bed004.w.52)..id(Bed004.comment.4)"/>
   </segment>
   <segment nite:id="Bed004.segment.11" starttime="28.605" endtime="29.429" participant="mn015" digittask="true" timing-provenance="segment">
      <nite:child href="Bed004.D.words.xml#id(Bed004.w.59)..id(Bed004.comment.5)"/>
   </segment>
   <segment nite:id="Bed004.segment.12" starttime="30.126" endtime="30.979" participant="mn015" digittask="true" timing-provenance="segment">
      <nite:child href="Bed004.D.words.xml#id(Bed004.w.60)..id(Bed004.comment.6)"/>
   </segment>
   <segment nite:id="Bed004.segment.13" starttime="31.901" endtime="32.661" participant="mn015" digittask="true" timing-provenance="segment">
      <nite:child href="Bed004.D.words.xml#id(Bed004.w.61)..id(Bed004.comment.7)"/>
   </segment>
   <segment nite:id="Bed004.segment.15" starttime="33.441" endtime="37.756" participant="mn015" digittask="true" timing-provenance="segment">
      <nite:child href="Bed004.D.words.xml#id(Bed004.w.62)..id(Bed004.comment.8)"/>
   </segment>
   <segment nite:id="Bed004.segment.17" starttime="39.518" endtime="41.34" participant="mn015" digittask="true" timing-provenance="segment">
      <nite:child href="Bed004.D.words.xml#id(Bed004.w.68)..id(Bed004.comment.9)"/>
   </segment>
   <segment nite:id="Bed004.segment.18" starttime="41.967" endtime="42.966" participant="mn015" digittask="true" timing-provenance="segment">
      <nite:child href="Bed004.D.words.xml#id(Bed004.w.71)..id(Bed004.comment.10)"/>
   </segment>
   <segment nite:id="Bed004.segment.20" starttime="43.616" endtime="44.803" participant="mn015" digittask="true" timing-provenance="segment">
      <nite:child href="Bed004.D.words.xml#id(Bed004.w.72)..id(Bed004.comment.11)"/>
   </segment>
   <segment nite:id="Bed004.segment.21" starttime="45.836" endtime="46.901" participant="mn015" digittask="true" timing-provenance="segment">
      <nite:child href="Bed004.D.words.xml#id(Bed004.w.75)..id(Bed004.comment.12)"/>
   </segment>
   <segment nite:id="Bed004.segment.22" starttime="47.558" endtime="48.165" participant="mn015" digittask="true" timing-provenance="segment">
      <nite:child href="Bed004.D.words.xml#id(Bed004.w.76)..id(Bed004.comment.13)"/>
   </segment>
   <segment nite:id="Bed004.segment.23" starttime="49.02" endtime="50.712" participant="mn015" digittask="true" timing-provenance="segment">
      <nite:child href="Bed004.D.words.xml#id(Bed004.w.77)..id(Bed004.comment.14)"/>
   </segment>
   <segment nite:id="Bed004.segment.24" starttime="51.349" endtime="53.07" participant="mn015" digittask="true" timing-provenance="segment">
      <nite:child href="Bed004.D.words.xml#id(Bed004.w.80)..id(Bed004.comment.15)"/>
   </segment>
   <segment nite:id="Bed004.segment.26" starttime="54.363" endtime="57.471" participant="mn015" digittask="true" timing-provenance="segment">
      <nite:child href="Bed004.D.words.xml#id(Bed004.w.84)..id(Bed004.comment.16)"/>
   </segment>
   <segment nite:id="Bed004.segment.27" starttime="58.994" endtime="60.362" participant="mn015" digittask="true" timing-provenance="segment">
      <nite:child href="Bed004.D.words.xml#id(Bed004.w.91)..id(Bed004.comment.17)"/>
   </segment>
   <segment nite:id="Bed004.segment.28" starttime="60.752" endtime="61.855" participant="mn015" digittask="true" timing-provenance="segment">
      <nite:child href="Bed004.D.words.xml#id(Bed004.w.94)..id(Bed004.comment.18)"/>
   </segment>
   <segment nite:id="Bed004.segment.29" starttime="62.586" endtime="64.117" participant="mn015" digittask="true" timing-provenance="segment">
      <nite:child href="Bed004.D.words.xml#id(Bed004.w.95)..id(Bed004.comment.19)"/>
   </segment>
   <segment nite:id="Bed004.segment.30" starttime="64.231" endtime="65.106" participant="mn015" digittask="true" timing-provenance="segment">
      <nite:child href="Bed004.D.words.xml#id(Bed004.w.98)..id(Bed004.comment.20)"/>
   </segment>
   <segment nite:id="Bed004.segment.31" starttime="65.458" endtime="66.418" participant="mn015" digittask="true" timing-provenance="segment">
      <nite:child href="Bed004.D.words.xml#id(Bed004.w.99)..id(Bed004.comment.21)"/>
   </segment>
   <segment nite:id="Bed004.segment.32" starttime="67.273" endtime="68.206" participant="mn015" digittask="true" timing-provenance="segment">
      <nite:child href="Bed004.D.words.xml#id(Bed004.w.102)..id(Bed004.comment.22)"/>
   </segment>
   <segment nite:id="Bed004.segment.33" starttime="69.222" endtime="71.014" participant="mn015" digittask="true" timing-provenance="segment">
      <nite:child href="Bed004.D.words.xml#id(Bed004.w.104)..id(Bed004.comment.23)"/>
   </segment>
   <segment nite:id="Bed004.segment.38" starttime="85.18" endtime="86.64" participant="mn015" timing-provenance="segment">
      <nite:child href="Bed004.D.words.xml#id(Bed004.nonvocalsound.6)"/>
   </segment>
   <segment nite:id="Bed004.segment.97" starttime="215.34" endtime="216.606" participant="mn015" timing-provenance="segment">
      <nite:child href="Bed004.D.words.xml#id(Bed004.vocalsound.7)"/>
   </segment>
   <segment nite:id="Bed004.segment.99" starttime="216.606" endtime="219.91" participant="mn015" timing-provenance="segment">
      <nite:child href="Bed004.D.words.xml#id(Bed004.w.494)..id(Bed004.disfmarker.6)"/>
   </segment>
   <segment nite:id="Bed004.segment.102" starttime="221.943" endtime="223.203" participant="mn015" timing-provenance="segment">
      <nite:child href="Bed004.D.words.xml#id(Bed004.vocalsound.11)"/>
   </segment>
   <segment nite:id="Bed004.segment.108" starttime="235.449" endtime="236.116" participant="mn015" timing-provenance="segment">
      <nite:child href="Bed004.D.words.xml#id(Bed004.vocalsound.12)"/>
   </segment>
   <segment nite:id="Bed004.segment.110" starttime="236.366" endtime="236.916" participant="mn015" timing-provenance="dialogueact">
      <nite:child href="Bed004.D.words.xml#id(Bed004.w.553)..id(Bed004.w.556)"/>
   </segment>
   <segment nite:id="Bed004.segment.116" starttime="247.339" endtime="247.789" participant="mn015" timing-provenance="dialogueact">
      <nite:child href="Bed004.D.words.xml#id(Bed004.w.598)..id(Bed004.w.599)"/>
   </segment>
   <segment nite:id="Bed004.segment.117" starttime="248.754" endtime="250.604" participant="mn015" timing-provenance="dialogueact">
      <nite:child href="Bed004.D.words.xml#id(Bed004.w.600)..id(Bed004.w.613)"/>
   </segment>
   <segment nite:id="Bed004.segment.119" starttime="251.992" endtime="252.712" participant="mn015" timing-provenance="dialogueact">
      <nite:child href="Bed004.D.words.xml#id(Bed004.w.620)..id(Bed004.w.623)"/>
   </segment>
   <segment nite:id="Bed004.segment.130" starttime="293.307" endtime="296.177" participant="mn015" timing-provenance="dialogueact">
      <nite:child href="Bed004.D.words.xml#id(Bed004.w.713)..id(Bed004.w.719)"/>
   </segment>
   <segment nite:id="Bed004.segment.131" starttime="298.85" endtime="302.14" participant="mn015" timing-provenance="segment">
      <nite:child href="Bed004.D.words.xml#id(Bed004.w.720)..id(Bed004.comment.72)"/>
   </segment>
   <segment nite:id="Bed004.segment.135" starttime="308.213" endtime="311.109" participant="mn015" timing-provenance="segment">
      <nite:child href="Bed004.D.words.xml#id(Bed004.w.744)..id(Bed004.disfmarker.14)"/>
   </segment>
   <segment nite:id="Bed004.segment.136" starttime="311.233" endtime="318.013" participant="mn015" timing-provenance="dialogueact">
      <nite:child href="Bed004.D.words.xml#id(Bed004.w.752)..id(Bed004.w.776)"/>
   </segment>
   <segment nite:id="Bed004.segment.138" starttime="318.5" endtime="326.88" participant="mn015" timing-provenance="segment">
      <nite:child href="Bed004.D.words.xml#id(Bed004.w.779)..id(Bed004.vocalsound.19)"/>
   </segment>
   <segment nite:id="Bed004.segment.141" starttime="327.29" endtime="327.83" participant="mn015" timing-provenance="dialogueact">
      <nite:child href="Bed004.D.words.xml#id(Bed004.w.803)..id(Bed004.w.806)"/>
   </segment>
   <segment nite:id="Bed004.segment.143" starttime="330.461" endtime="330.971" participant="mn015" timing-provenance="dialogueact">
      <nite:child href="Bed004.D.words.xml#id(Bed004.w.809)..id(Bed004.w.812)"/>
   </segment>
   <segment nite:id="Bed004.segment.144" starttime="332.597" endtime="334.07" participant="mn015" timing-provenance="segment">
      <nite:child href="Bed004.D.words.xml#id(Bed004.vocalsound.21)"/>
   </segment>
   <segment nite:id="Bed004.segment.148" starttime="346.059" endtime="346.459" participant="mn015" timing-provenance="dialogueact">
      <nite:child href="Bed004.D.words.xml#id(Bed004.w.848)..id(Bed004.w.851)"/>
   </segment>
   <segment nite:id="Bed004.segment.149" starttime="348.49" endtime="357.76" participant="mn015" timing-provenance="dialogueact">
      <nite:child href="Bed004.D.words.xml#id(Bed004.w.852)..id(Bed004.w.891)"/>
   </segment>
   <segment nite:id="Bed004.segment.150" starttime="358.44" endtime="365.58" participant="mn015" timing-provenance="dialogueact">
      <nite:child href="Bed004.D.words.xml#id(Bed004.w.892)..id(Bed004.w.913)"/>
   </segment>
   <segment nite:id="Bed004.segment.151" starttime="366.09" endtime="367.83" participant="mn015" timing-provenance="dialogueact">
      <nite:child href="Bed004.D.words.xml#id(Bed004.w.914)..id(Bed004.w.922)"/>
   </segment>
   <segment nite:id="Bed004.segment.152" starttime="368.797" endtime="370.287" participant="mn015" timing-provenance="dialogueact">
      <nite:child href="Bed004.D.words.xml#id(Bed004.w.923)..id(Bed004.w.929)"/>
   </segment>
   <segment nite:id="Bed004.segment.153" starttime="370.777" endtime="371.457" participant="mn015" timing-provenance="dialogueact">
      <nite:child href="Bed004.D.words.xml#id(Bed004.w.930)..id(Bed004.w.932)"/>
   </segment>
   <segment nite:id="Bed004.segment.159" starttime="378.99" endtime="380.75" participant="mn015" timing-provenance="dialogueact">
      <nite:child href="Bed004.D.words.xml#id(Bed004.w.955)..id(Bed004.w.964)"/>
   </segment>
   <segment nite:id="Bed004.segment.160" starttime="381.17" endtime="382.04" participant="mn015" timing-provenance="dialogueact">
      <nite:child href="Bed004.D.words.xml#id(Bed004.w.965)..id(Bed004.w.969)"/>
   </segment>
   <segment nite:id="Bed004.segment.162" starttime="382.59" endtime="382.93" participant="mn015" timing-provenance="dialogueact">
      <nite:child href="Bed004.D.words.xml#id(Bed004.w.978)..id(Bed004.w.980)"/>
   </segment>
   <segment nite:id="Bed004.segment.164" starttime="387.522" endtime="388.502" participant="mn015" timing-provenance="dialogueact">
      <nite:child href="Bed004.D.words.xml#id(Bed004.w.990)..id(Bed004.w.997)"/>
   </segment>
   <segment nite:id="Bed004.segment.182" starttime="431.05" endtime="432.82" participant="mn015" timing-provenance="dialogueact">
      <nite:child href="Bed004.D.words.xml#id(Bed004.w.1,091)..id(Bed004.w.1,098)"/>
   </segment>
   <segment nite:id="Bed004.segment.185" starttime="434.55" endtime="435.32" participant="mn015" timing-provenance="dialogueact">
      <nite:child href="Bed004.D.words.xml#id(Bed004.w.1,101)..id(Bed004.w.1,105)"/>
   </segment>
   <segment nite:id="Bed004.segment.189" starttime="439.755" endtime="440.195" participant="mn015" timing-provenance="dialogueact">
      <nite:child href="Bed004.D.words.xml#id(Bed004.w.1,110)..id(Bed004.w.1,111)"/>
   </segment>
   <segment nite:id="Bed004.segment.190" starttime="441.189" endtime="441.959" participant="mn015" timing-provenance="dialogueact">
      <nite:child href="Bed004.D.words.xml#id(Bed004.w.1,112)..id(Bed004.w.1,116)"/>
   </segment>
   <segment nite:id="Bed004.segment.192" starttime="443.23" endtime="445.552" participant="mn015" timing-provenance="segment">
      <nite:child href="Bed004.D.words.xml#id(Bed004.w.1,118)..id(Bed004.disfmarker.23)"/>
   </segment>
   <segment nite:id="Bed004.segment.193" starttime="445.55" endtime="447.15" participant="mn015" timing-provenance="dialogueact">
      <nite:child href="Bed004.D.words.xml#id(Bed004.w.1,120)..id(Bed004.w.1,128)"/>
   </segment>
   <segment nite:id="Bed004.segment.194" starttime="451.44" endtime="451.91" participant="mn015" timing-provenance="dialogueact">
      <nite:child href="Bed004.D.words.xml#id(Bed004.w.1,129)..id(Bed004.w.1,130)"/>
   </segment>
   <segment nite:id="Bed004.segment.195" starttime="454.48" endtime="457.34" participant="mn015" timing-provenance="dialogueact">
      <nite:child href="Bed004.D.words.xml#id(Bed004.w.1,131)..id(Bed004.w.1,142)"/>
   </segment>
   <segment nite:id="Bed004.segment.198" starttime="472.328" endtime="472.578" participant="mn015" timing-provenance="dialogueact">
      <nite:child href="Bed004.D.words.xml#id(Bed004.w.1,143)..id(Bed004.w.1,144)"/>
   </segment>
   <segment nite:id="Bed004.segment.199" starttime="474.557" endtime="479.057" participant="mn015" timing-provenance="dialogueact">
      <nite:child href="Bed004.D.words.xml#id(Bed004.w.1,145)..id(Bed004.w.1,155)"/>
   </segment>
   <segment nite:id="Bed004.segment.200" starttime="481.12" endtime="483.508" participant="mn015" timing-provenance="segment">
      <nite:child href="Bed004.D.words.xml#id(Bed004.w.1,156)..id(Bed004.vocalsound.31)"/>
   </segment>
   <segment nite:id="Bed004.segment.201" starttime="484.518" endtime="487.017" participant="mn015" timing-provenance="segment">
      <nite:child href="Bed004.D.words.xml#id(Bed004.w.1,158)..id(Bed004.vocalsound.32)"/>
   </segment>
   <segment nite:id="Bed004.segment.202" starttime="487.057" endtime="488.297" participant="mn015" timing-provenance="dialogueact">
      <nite:child href="Bed004.D.words.xml#id(Bed004.w.1,165)..id(Bed004.w.1,169)"/>
   </segment>
   <segment nite:id="Bed004.segment.203" starttime="488.347" endtime="489.597" participant="mn015" timing-provenance="dialogueact">
      <nite:child href="Bed004.D.words.xml#id(Bed004.w.1,170)..id(Bed004.w.1,173)"/>
   </segment>
   <segment nite:id="Bed004.segment.204" starttime="491.205" endtime="495.065" participant="mn015" timing-provenance="dialogueact">
      <nite:child href="Bed004.D.words.xml#id(Bed004.w.1,174)..id(Bed004.w.1,189)"/>
   </segment>
   <segment nite:id="Bed004.segment.205" starttime="495.545" endtime="499.945" participant="mn015" timing-provenance="dialogueact">
      <nite:child href="Bed004.D.words.xml#id(Bed004.w.1,190)..id(Bed004.w.1,204)"/>
   </segment>
   <segment nite:id="Bed004.segment.207" starttime="500.816" endtime="501.336" participant="mn015" timing-provenance="dialogueact">
      <nite:child href="Bed004.D.words.xml#id(Bed004.w.1,205)"/>
   </segment>
   <segment nite:id="Bed004.segment.209" starttime="501.82" endtime="504.67" participant="mn015" timing-provenance="dialogueact">
      <nite:child href="Bed004.D.words.xml#id(Bed004.w.1,210)..id(Bed004.w.1,224)"/>
   </segment>
   <segment nite:id="Bed004.segment.210" starttime="506.164" endtime="514.814" participant="mn015" timing-provenance="dialogueact">
      <nite:child href="Bed004.D.words.xml#id(Bed004.w.1,225)..id(Bed004.w.1,253)"/>
   </segment>
   <segment nite:id="Bed004.segment.211" starttime="515.002" endtime="516.44" participant="mn015" timing-provenance="segment">
      <nite:child href="Bed004.D.words.xml#id(Bed004.pause.1)..id(Bed004.comment.77)"/>
   </segment>
   <segment nite:id="Bed004.segment.212" starttime="518.42" endtime="520.21" participant="mn015" timing-provenance="dialogueact">
      <nite:child href="Bed004.D.words.xml#id(Bed004.w.1,256)..id(Bed004.w.1,263)"/>
   </segment>
   <segment nite:id="Bed004.segment.213" starttime="521.537" endtime="522.77" participant="mn015" timing-provenance="segment">
      <nite:child href="Bed004.D.words.xml#id(Bed004.w.1,264)..id(Bed004.disfmarker.25)"/>
   </segment>
   <segment nite:id="Bed004.segment.215" starttime="524.56" endtime="526.09" participant="mn015" timing-provenance="dialogueact">
      <nite:child href="Bed004.D.words.xml#id(Bed004.w.1,276)..id(Bed004.w.1,279)"/>
   </segment>
   <segment nite:id="Bed004.segment.216" starttime="528.446" endtime="535.68" participant="mn015" timing-provenance="segment">
      <nite:child href="Bed004.D.words.xml#id(Bed004.w.1,280)..id(Bed004.comment.78)"/>
   </segment>
   <segment nite:id="Bed004.segment.217" starttime="537.327" endtime="538.947" participant="mn015" timing-provenance="dialogueact">
      <nite:child href="Bed004.D.words.xml#id(Bed004.w.1,298)..id(Bed004.w.1,299)"/>
   </segment>
   <segment nite:id="Bed004.segment.218" starttime="540.883" endtime="544.503" participant="mn015" timing-provenance="dialogueact">
      <nite:child href="Bed004.D.words.xml#id(Bed004.w.1,300)..id(Bed004.w.1,313)"/>
   </segment>
   <segment nite:id="Bed004.segment.219" starttime="545.737" endtime="554.243" participant="mn015" timing-provenance="segment">
      <nite:child href="Bed004.D.words.xml#id(Bed004.w.1,314)..id(Bed004.vocalsound.33)"/>
   </segment>
   <segment nite:id="Bed004.segment.220" starttime="554.283" endtime="554.803" participant="mn015" timing-provenance="dialogueact">
      <nite:child href="Bed004.D.words.xml#id(Bed004.w.1,344)..id(Bed004.w.1,345)"/>
   </segment>
   <segment nite:id="Bed004.segment.221" starttime="556.528" endtime="561.288" participant="mn015" timing-provenance="dialogueact">
      <nite:child href="Bed004.D.words.xml#id(Bed004.w.1,346)..id(Bed004.w.1,353)"/>
   </segment>
   <segment nite:id="Bed004.segment.222" starttime="563.21" endtime="564.83" participant="mn015" timing-provenance="dialogueact">
      <nite:child href="Bed004.D.words.xml#id(Bed004.w.1,354)..id(Bed004.w.1,355)"/>
   </segment>
   <segment nite:id="Bed004.segment.223" starttime="566.93" endtime="569.43" participant="mn015" timing-provenance="segment">
      <nite:child href="Bed004.D.words.xml#id(Bed004.w.1,356)..id(Bed004.disfmarker.29)"/>
   </segment>
   <segment nite:id="Bed004.segment.226" starttime="574.317" endtime="576.127" participant="mn015" timing-provenance="dialogueact">
      <nite:child href="Bed004.D.words.xml#id(Bed004.w.1,386)..id(Bed004.w.1,393)"/>
   </segment>
   <segment nite:id="Bed004.segment.227" starttime="576.34" endtime="576.61" participant="mn015" timing-provenance="dialogueact">
      <nite:child href="Bed004.D.words.xml#id(Bed004.w.1,394)..id(Bed004.w.1,395)"/>
   </segment>
   <segment nite:id="Bed004.segment.228" starttime="582.925" endtime="583.835" participant="mn015" timing-provenance="dialogueact">
      <nite:child href="Bed004.D.words.xml#id(Bed004.w.1,396)..id(Bed004.w.1,398)"/>
   </segment>
   <segment nite:id="Bed004.segment.229" starttime="584.509" endtime="590.85" participant="mn015" timing-provenance="segment">
      <nite:child href="Bed004.D.words.xml#id(Bed004.w.1,399)..id(Bed004.disfmarker.31)"/>
   </segment>
   <segment nite:id="Bed004.segment.235" starttime="604.4" endtime="607.38" participant="mn015" timing-provenance="dialogueact">
      <nite:child href="Bed004.D.words.xml#id(Bed004.w.1,474)..id(Bed004.w.1,485)"/>
   </segment>
   <segment nite:id="Bed004.segment.237" starttime="607.86" endtime="613.39" participant="mn015" timing-provenance="segment">
      <nite:child href="Bed004.D.words.xml#id(Bed004.w.1,488)..id(Bed004.disfmarker.35)"/>
   </segment>
   <segment nite:id="Bed004.segment.240" starttime="619.213" endtime="619.663" participant="mn015" timing-provenance="dialogueact">
      <nite:child href="Bed004.D.words.xml#id(Bed004.w.1,552)..id(Bed004.w.1,555)"/>
   </segment>
   <segment nite:id="Bed004.segment.241" starttime="619.723" endtime="620.373" participant="mn015" timing-provenance="dialogueact">
      <nite:child href="Bed004.D.words.xml#id(Bed004.w.1,556)..id(Bed004.w.1,559)"/>
   </segment>
   <segment nite:id="Bed004.segment.242" starttime="621.333" endtime="622.813" participant="mn015" timing-provenance="dialogueact">
      <nite:child href="Bed004.D.words.xml#id(Bed004.w.1,560)..id(Bed004.w.1,566)"/>
   </segment>
   <segment nite:id="Bed004.segment.243" starttime="623.223" endtime="624.313" participant="mn015" timing-provenance="dialogueact">
      <nite:child href="Bed004.D.words.xml#id(Bed004.w.1,567)..id(Bed004.w.1,573)"/>
   </segment>
   <segment nite:id="Bed004.segment.245" starttime="624.313" endtime="625.963" participant="mn015" timing-provenance="dialogueact">
      <nite:child href="Bed004.D.words.xml#id(Bed004.w.1,576)..id(Bed004.w.1,583)"/>
   </segment>
   <segment nite:id="Bed004.segment.246" starttime="626.137" endtime="631.183" participant="mn015" timing-provenance="segment">
      <nite:child href="Bed004.D.words.xml#id(Bed004.vocalsound.35)..id(Bed004.comment.80)"/>
   </segment>
   <segment nite:id="Bed004.segment.247" starttime="631.253" endtime="637.463" participant="mn015" timing-provenance="dialogueact">
      <nite:child href="Bed004.D.words.xml#id(Bed004.w.1,594)..id(Bed004.w.1,608)"/>
   </segment>
   <segment nite:id="Bed004.segment.248" starttime="637.933" endtime="639.013" participant="mn015" timing-provenance="dialogueact">
      <nite:child href="Bed004.D.words.xml#id(Bed004.w.1,609)..id(Bed004.w.1,615)"/>
   </segment>
   <segment nite:id="Bed004.segment.257" starttime="685.443" endtime="688.578" participant="mn015" timing-provenance="segment">
      <nite:child href="Bed004.D.words.xml#id(Bed004.w.1,721)..id(Bed004.disfmarker.43)"/>
   </segment>
   <segment nite:id="Bed004.segment.269" starttime="743.25" endtime="744.369" participant="mn015" timing-provenance="segment">
      <nite:child href="Bed004.D.words.xml#id(Bed004.vocalsound.40)"/>
   </segment>
   <segment nite:id="Bed004.segment.270" starttime="744.369" endtime="746.645" participant="mn015" timing-provenance="segment">
      <nite:child href="Bed004.D.words.xml#id(Bed004.w.1,813)..id(Bed004.vocalsound.41)"/>
   </segment>
   <segment nite:id="Bed004.segment.304" starttime="864.938" endtime="865.698" participant="mn015" closemic="false" timing-provenance="segment">
      <nite:child href="Bed004.D.words.xml#id(Bed004.w.2,158)..id(Bed004.w.2,159)"/>
   </segment>
   <segment nite:id="Bed004.segment.308" starttime="872.147" endtime="875.737" participant="mn015" timing-provenance="dialogueact">
      <nite:child href="Bed004.D.words.xml#id(Bed004.w.2,172)..id(Bed004.w.2,184)"/>
   </segment>
   <segment nite:id="Bed004.segment.311" starttime="877.86" endtime="879.39" participant="mn015" timing-provenance="segment">
      <nite:child href="Bed004.D.words.xml#id(Bed004.w.2,189)..id(Bed004.comment.85)"/>
   </segment>
   <segment nite:id="Bed004.segment.312" starttime="879.579" endtime="882.393" participant="mn015" timing-provenance="segment">
      <nite:child href="Bed004.D.words.xml#id(Bed004.nonvocalsound.25)"/>
   </segment>
   <segment nite:id="Bed004.segment.313" starttime="879.6" endtime="885.427" participant="mn015" closemic="false" timing-provenance="segment">
      <nite:child href="Bed004.D.words.xml#id(Bed004.w.2,195)..id(Bed004.w.2,220)"/>
   </segment>
   <segment nite:id="Bed004.segment.314" starttime="882.393" endtime="893.652" participant="mn015" timing-provenance="segment">
      <nite:child href="Bed004.D.words.xml#id(Bed004.nonvocalsound.26)..id(Bed004.comment.86)"/>
   </segment>
   <segment nite:id="Bed004.segment.315" starttime="885.427" endtime="891.658" participant="mn015" closemic="false" timing-provenance="segment">
      <nite:child href="Bed004.D.words.xml#id(Bed004.w.2,221)..id(Bed004.w.2,250)"/>
   </segment>
   <segment nite:id="Bed004.segment.317" starttime="893.652" endtime="896.92" participant="mn015" timing-provenance="segment">
      <nite:child href="Bed004.D.words.xml#id(Bed004.nonvocalsound.27)"/>
   </segment>
   <segment nite:id="Bed004.segment.318" starttime="896.96" endtime="898.95" participant="mn015" timing-provenance="dialogueact">
      <nite:child href="Bed004.D.words.xml#id(Bed004.w.2,262)..id(Bed004.w.2,267)"/>
   </segment>
   <segment nite:id="Bed004.segment.321" starttime="899.98" endtime="903.55" participant="mn015" timing-provenance="dialogueact">
      <nite:child href="Bed004.D.words.xml#id(Bed004.w.2,268)..id(Bed004.w.2,285)"/>
   </segment>
   <segment nite:id="Bed004.segment.322" starttime="904.09" endtime="906.83" participant="mn015" timing-provenance="dialogueact">
      <nite:child href="Bed004.D.words.xml#id(Bed004.w.2,286)..id(Bed004.w.2,302)"/>
   </segment>
   <segment nite:id="Bed004.segment.323" starttime="907.5" endtime="908.16" participant="mn015" timing-provenance="dialogueact">
      <nite:child href="Bed004.D.words.xml#id(Bed004.w.2,303)..id(Bed004.w.2,304)"/>
   </segment>
   <segment nite:id="Bed004.segment.324" starttime="909.246" endtime="925.316" participant="mn015" timing-provenance="dialogueact">
      <nite:child href="Bed004.D.words.xml#id(Bed004.w.2,305)..id(Bed004.w.2,354)"/>
   </segment>
   <segment nite:id="Bed004.segment.328" starttime="928.772" endtime="931.51" participant="mn015" timing-provenance="segment">
      <nite:child href="Bed004.D.words.xml#id(Bed004.w.2,383)..id(Bed004.disfmarker.57)"/>
   </segment>
   <segment nite:id="Bed004.segment.331" starttime="931.653" endtime="943.023" participant="mn015" timing-provenance="dialogueact">
      <nite:child href="Bed004.D.words.xml#id(Bed004.w.2,398)..id(Bed004.w.2,444)"/>
   </segment>
   <segment nite:id="Bed004.segment.334" starttime="944.24" endtime="963.66" participant="mn015" timing-provenance="dialogueact">
      <nite:child href="Bed004.D.words.xml#id(Bed004.w.2,451)..id(Bed004.w.2,510)"/>
   </segment>
   <segment nite:id="Bed004.segment.336" starttime="964.36" endtime="970.0" participant="mn015" timing-provenance="dialogueact">
      <nite:child href="Bed004.D.words.xml#id(Bed004.w.2,515)..id(Bed004.w.2,538)"/>
   </segment>
   <segment nite:id="Bed004.segment.337" starttime="970.45" endtime="977.5" participant="mn015" timing-provenance="dialogueact">
      <nite:child href="Bed004.D.words.xml#id(Bed004.w.2,539)..id(Bed004.w.2,568)"/>
   </segment>
   <segment nite:id="Bed004.segment.338" starttime="978.04" endtime="980.83" participant="mn015" timing-provenance="dialogueact">
      <nite:child href="Bed004.D.words.xml#id(Bed004.w.2,569)..id(Bed004.w.2,579)"/>
   </segment>
   <segment nite:id="Bed004.segment.340" starttime="981.28" endtime="984.32" participant="mn015" timing-provenance="dialogueact">
      <nite:child href="Bed004.D.words.xml#id(Bed004.w.2,589)..id(Bed004.w.2,597)"/>
   </segment>
   <segment nite:id="Bed004.segment.341" starttime="986.06" endtime="995.86" participant="mn015" timing-provenance="dialogueact">
      <nite:child href="Bed004.D.words.xml#id(Bed004.w.2,598)..id(Bed004.w.2,632)"/>
   </segment>
   <segment nite:id="Bed004.segment.343" starttime="996.42" endtime="1003.24" participant="mn015" timing-provenance="dialogueact">
      <nite:child href="Bed004.D.words.xml#id(Bed004.w.2,635)..id(Bed004.w.2,667)"/>
   </segment>
   <segment nite:id="Bed004.segment.345" starttime="1003.78" endtime="1011.04" participant="mn015" timing-provenance="dialogueact">
      <nite:child href="Bed004.D.words.xml#id(Bed004.w.2,672)..id(Bed004.w.2,692)"/>
   </segment>
   <segment nite:id="Bed004.segment.349" starttime="1017.785" endtime="1018.836" participant="mn015" timing-provenance="segment">
      <nite:child href="Bed004.D.words.xml#id(Bed004.w.2,713)..id(Bed004.disfmarker.63)"/>
   </segment>
   <segment nite:id="Bed004.segment.355" starttime="1023.696" endtime="1026.235" participant="mn015" timing-provenance="segment">
      <nite:child href="Bed004.D.words.xml#id(Bed004.w.2,739)..id(Bed004.disfmarker.65)"/>
   </segment>
   <segment nite:id="Bed004.segment.360" starttime="1028.52" endtime="1028.85" participant="mn015" timing-provenance="dialogueact">
      <nite:child href="Bed004.D.words.xml#id(Bed004.w.2,771)..id(Bed004.w.2,772)"/>
   </segment>
   <segment nite:id="Bed004.segment.363" starttime="1030.276" endtime="1031.69" participant="mn015" timing-provenance="segment">
      <nite:child href="Bed004.D.words.xml#id(Bed004.w.2,775)..id(Bed004.disfmarker.67)"/>
   </segment>
   <segment nite:id="Bed004.segment.364" starttime="1032.71" endtime="1036.81" participant="mn015" timing-provenance="segment">
      <nite:child href="Bed004.D.words.xml#id(Bed004.w.2,777)..id(Bed004.disfmarker.69)"/>
   </segment>
   <segment nite:id="Bed004.segment.365" starttime="1036.81" endtime="1043.12" participant="mn015" timing-provenance="segment">
      <nite:child href="Bed004.D.words.xml#id(Bed004.w.2,793)..id(Bed004.disfmarker.72)"/>
   </segment>
   <segment nite:id="Bed004.segment.367" starttime="1043.595" endtime="1046.22" participant="mn015" timing-provenance="segment">
      <nite:child href="Bed004.D.words.xml#id(Bed004.w.2,816)..id(Bed004.disfmarker.73)"/>
   </segment>
   <segment nite:id="Bed004.segment.368" starttime="1047.25" endtime="1048.38" participant="mn015" timing-provenance="dialogueact">
      <nite:child href="Bed004.D.words.xml#id(Bed004.w.2,820)..id(Bed004.w.2,824)"/>
   </segment>
   <segment nite:id="Bed004.segment.369" starttime="1050.37" endtime="1050.87" participant="mn015" timing-provenance="dialogueact">
      <nite:child href="Bed004.D.words.xml#id(Bed004.w.2,825)..id(Bed004.w.2,826)"/>
   </segment>
   <segment nite:id="Bed004.segment.373" starttime="1076.59" endtime="1079.26" participant="mn015" timing-provenance="dialogueact">
      <nite:child href="Bed004.D.words.xml#id(Bed004.w.2,898)..id(Bed004.w.2,909)"/>
   </segment>
   <segment nite:id="Bed004.segment.376" starttime="1080.6" endtime="1080.9" participant="mn015" timing-provenance="dialogueact">
      <nite:child href="Bed004.D.words.xml#id(Bed004.w.2,925)"/>
   </segment>
   <segment nite:id="Bed004.segment.380" starttime="1092.79" endtime="1095.13" participant="mn015" timing-provenance="segment">
      <nite:child href="Bed004.D.words.xml#id(Bed004.w.2,949)..id(Bed004.comment.89)"/>
   </segment>
   <segment nite:id="Bed004.segment.383" starttime="1099.56" endtime="1100.18" participant="mn015" timing-provenance="dialogueact">
      <nite:child href="Bed004.D.words.xml#id(Bed004.w.2,988)..id(Bed004.w.2,989)"/>
   </segment>
   <segment nite:id="Bed004.segment.385" starttime="1104.847" endtime="1105.267" participant="mn015" timing-provenance="segment">
      <nite:child href="Bed004.D.words.xml#id(Bed004.vocalsound.56)"/>
   </segment>
   <segment nite:id="Bed004.segment.387" starttime="1116.31" endtime="1116.52" participant="mn015" timing-provenance="dialogueact">
      <nite:child href="Bed004.D.words.xml#id(Bed004.w.3,021)..id(Bed004.w.3,022)"/>
   </segment>
   <segment nite:id="Bed004.segment.389" starttime="1118.24" endtime="1129.62" participant="mn015" timing-provenance="dialogueact">
      <nite:child href="Bed004.D.words.xml#id(Bed004.w.3,034)..id(Bed004.w.3,077)"/>
   </segment>
   <segment nite:id="Bed004.segment.392" starttime="1130.45" endtime="1136.53" participant="mn015" timing-provenance="dialogueact">
      <nite:child href="Bed004.D.words.xml#id(Bed004.w.3,082)..id(Bed004.w.3,103)"/>
   </segment>
   <segment nite:id="Bed004.segment.393" starttime="1137.09" endtime="1145.91" participant="mn015" timing-provenance="dialogueact">
      <nite:child href="Bed004.D.words.xml#id(Bed004.w.3,104)..id(Bed004.w.3,130)"/>
   </segment>
   <segment nite:id="Bed004.segment.396" starttime="1161.01" endtime="1161.27" participant="mn015" timing-provenance="dialogueact">
      <nite:child href="Bed004.D.words.xml#id(Bed004.w.3,180)..id(Bed004.w.3,181)"/>
   </segment>
   <segment nite:id="Bed004.segment.399" starttime="1171.32" endtime="1171.79" participant="mn015" timing-provenance="dialogueact">
      <nite:child href="Bed004.D.words.xml#id(Bed004.w.3,223)..id(Bed004.w.3,224)"/>
   </segment>
   <segment nite:id="Bed004.segment.402" starttime="1182.93" endtime="1186.96" participant="mn015" timing-provenance="dialogueact">
      <nite:child href="Bed004.D.words.xml#id(Bed004.w.3,254)..id(Bed004.w.3,264)"/>
   </segment>
   <segment nite:id="Bed004.segment.404" starttime="1187.33" endtime="1197.82" participant="mn015" timing-provenance="dialogueact">
      <nite:child href="Bed004.D.words.xml#id(Bed004.w.3,267)..id(Bed004.w.3,299)"/>
   </segment>
   <segment nite:id="Bed004.segment.405" starttime="1198.43" endtime="1204.32" participant="mn015" timing-provenance="dialogueact">
      <nite:child href="Bed004.D.words.xml#id(Bed004.w.3,300)..id(Bed004.w.3,325)"/>
   </segment>
   <segment nite:id="Bed004.segment.407" starttime="1205.11" endtime="1205.95" participant="mn015" timing-provenance="segment">
      <nite:child href="Bed004.D.words.xml#id(Bed004.w.3,346)..id(Bed004.disfmarker.87)"/>
   </segment>
   <segment nite:id="Bed004.segment.408" starttime="1208.12" endtime="1208.34" participant="mn015" timing-provenance="dialogueact">
      <nite:child href="Bed004.D.words.xml#id(Bed004.w.3,349)..id(Bed004.w.3,350)"/>
   </segment>
   <segment nite:id="Bed004.segment.410" starttime="1209.18" endtime="1211.73" participant="mn015" timing-provenance="dialogueact">
      <nite:child href="Bed004.D.words.xml#id(Bed004.w.3,352)..id(Bed004.w.3,365)"/>
   </segment>
   <segment nite:id="Bed004.segment.411" starttime="1213.57" endtime="1214.91" participant="mn015" timing-provenance="dialogueact">
      <nite:child href="Bed004.D.words.xml#id(Bed004.w.3,366)..id(Bed004.w.3,372)"/>
   </segment>
   <segment nite:id="Bed004.segment.413" starttime="1218.96" endtime="1220.04" participant="mn015" timing-provenance="dialogueact">
      <nite:child href="Bed004.D.words.xml#id(Bed004.w.3,412)..id(Bed004.w.3,417)"/>
   </segment>
   <segment nite:id="Bed004.segment.417" starttime="1234.77" endtime="1235.39" participant="mn015" timing-provenance="dialogueact">
      <nite:child href="Bed004.D.words.xml#id(Bed004.w.3,442)..id(Bed004.w.3,443)"/>
   </segment>
   <segment nite:id="Bed004.segment.418" starttime="1237.48" endtime="1237.58" participant="mn015" timing-provenance="dialogueact">
      <nite:child href="Bed004.D.words.xml#id(Bed004.w.3,444)..id(Bed004.w.3,445)"/>
   </segment>
   <segment nite:id="Bed004.segment.421" starttime="1243.59" endtime="1244.58" participant="mn015" timing-provenance="dialogueact">
      <nite:child href="Bed004.D.words.xml#id(Bed004.w.3,455)..id(Bed004.w.3,456)"/>
   </segment>
   <segment nite:id="Bed004.segment.432" starttime="1277.62" endtime="1277.79" participant="mn015" timing-provenance="dialogueact">
      <nite:child href="Bed004.D.words.xml#id(Bed004.w.3,554)..id(Bed004.w.3,555)"/>
   </segment>
   <segment nite:id="Bed004.segment.436" starttime="1288.59" endtime="1288.82" participant="mn015" timing-provenance="dialogueact">
      <nite:child href="Bed004.D.words.xml#id(Bed004.w.3,603)..id(Bed004.w.3,604)"/>
   </segment>
   <segment nite:id="Bed004.segment.445" starttime="1320.67" endtime="1320.77" participant="mn015" timing-provenance="dialogueact">
      <nite:child href="Bed004.D.words.xml#id(Bed004.w.3,715)..id(Bed004.w.3,716)"/>
   </segment>
   <segment nite:id="Bed004.segment.453" starttime="1345.03" endtime="1345.38" participant="mn015" timing-provenance="dialogueact">
      <nite:child href="Bed004.D.words.xml#id(Bed004.w.3,794)..id(Bed004.w.3,797)"/>
   </segment>
   <segment nite:id="Bed004.segment.454" starttime="1347.07" endtime="1348.96" participant="mn015" timing-provenance="dialogueact">
      <nite:child href="Bed004.D.words.xml#id(Bed004.w.3,798)..id(Bed004.w.3,802)"/>
   </segment>
   <segment nite:id="Bed004.segment.455" starttime="1350.29" endtime="1352.73" participant="mn015" timing-provenance="dialogueact">
      <nite:child href="Bed004.D.words.xml#id(Bed004.w.3,803)..id(Bed004.w.3,807)"/>
   </segment>
   <segment nite:id="Bed004.segment.456" starttime="1354.331" endtime="1355.882" participant="mn015" timing-provenance="segment">
      <nite:child href="Bed004.D.words.xml#id(Bed004.w.3,808)..id(Bed004.disfmarker.102)"/>
   </segment>
   <segment nite:id="Bed004.segment.457" starttime="1356.0" endtime="1359.5" participant="mn015" timing-provenance="dialogueact">
      <nite:child href="Bed004.D.words.xml#id(Bed004.w.3,810)..id(Bed004.w.3,818)"/>
   </segment>
   <segment nite:id="Bed004.segment.459" starttime="1360.22" endtime="1369.86" participant="mn015" timing-provenance="dialogueact">
      <nite:child href="Bed004.D.words.xml#id(Bed004.w.3,821)..id(Bed004.w.3,849)"/>
   </segment>
   <segment nite:id="Bed004.segment.475" starttime="1424.87" endtime="1425.01" participant="mn015" timing-provenance="dialogueact">
      <nite:child href="Bed004.D.words.xml#id(Bed004.w.4,062)..id(Bed004.w.4,063)"/>
   </segment>
   <segment nite:id="Bed004.segment.493" starttime="1469.32" endtime="1469.88" participant="mn015" timing-provenance="dialogueact">
      <nite:child href="Bed004.D.words.xml#id(Bed004.w.4,258)..id(Bed004.w.4,261)"/>
   </segment>
   <segment nite:id="Bed004.segment.524" starttime="1567.71" endtime="1568.33" participant="mn015" timing-provenance="dialogueact">
      <nite:child href="Bed004.D.words.xml#id(Bed004.w.4,629)..id(Bed004.w.4,634)"/>
   </segment>
   <segment nite:id="Bed004.segment.526" starttime="1572.22" endtime="1572.72" participant="mn015" timing-provenance="dialogueact">
      <nite:child href="Bed004.D.words.xml#id(Bed004.w.4,654)..id(Bed004.w.4,657)"/>
   </segment>
   <segment nite:id="Bed004.segment.578" starttime="1707.477" endtime="1709.955" participant="mn015" timing-provenance="segment">
      <nite:child href="Bed004.D.words.xml#id(Bed004.nonvocalsound.34)"/>
   </segment>
   <segment nite:id="Bed004.segment.588" starttime="1729.296" endtime="1730.826" participant="mn015" timing-provenance="segment">
      <nite:child href="Bed004.D.words.xml#id(Bed004.nonvocalsound.35)"/>
   </segment>
   <segment nite:id="Bed004.segment.644" starttime="1881.18" endtime="1882.48" participant="mn015" timing-provenance="dialogueact">
      <nite:child href="Bed004.D.words.xml#id(Bed004.w.5,645)..id(Bed004.w.5,655)"/>
   </segment>
   <segment nite:id="Bed004.segment.645" starttime="1884.0" endtime="1885.82" participant="mn015" timing-provenance="dialogueact">
      <nite:child href="Bed004.D.words.xml#id(Bed004.w.5,656)..id(Bed004.w.5,666)"/>
   </segment>
   <segment nite:id="Bed004.segment.646" starttime="1886.763" endtime="1889.794" participant="mn015" timing-provenance="segment">
      <nite:child href="Bed004.D.words.xml#id(Bed004.vocalsound.62)..id(Bed004.w.5,679)"/>
   </segment>
   <segment nite:id="Bed004.segment.647" starttime="1889.8" endtime="1894.44" participant="mn015" timing-provenance="dialogueact">
      <nite:child href="Bed004.D.words.xml#id(Bed004.w.5,680)..id(Bed004.w.5,700)"/>
   </segment>
   <segment nite:id="Bed004.segment.648" starttime="1894.71" endtime="1897.62" participant="mn015" timing-provenance="dialogueact">
      <nite:child href="Bed004.D.words.xml#id(Bed004.w.5,701)..id(Bed004.w.5,712)"/>
   </segment>
   <segment nite:id="Bed004.segment.651" starttime="1899.92" endtime="1900.35" participant="mn015" timing-provenance="dialogueact">
      <nite:child href="Bed004.D.words.xml#id(Bed004.w.5,737)..id(Bed004.w.5,738)"/>
   </segment>
   <segment nite:id="Bed004.segment.652" starttime="1902.56" endtime="1904.302" participant="mn015" timing-provenance="segment">
      <nite:child href="Bed004.D.words.xml#id(Bed004.w.5,739)..id(Bed004.disfmarker.181)"/>
   </segment>
   <segment nite:id="Bed004.segment.653" starttime="1904.21" endtime="1906.29" participant="mn015" timing-provenance="dialogueact">
      <nite:child href="Bed004.D.words.xml#id(Bed004.w.5,742)..id(Bed004.w.5,752)"/>
   </segment>
   <segment nite:id="Bed004.segment.654" starttime="1906.95" endtime="1911.36" participant="mn015" timing-provenance="dialogueact">
      <nite:child href="Bed004.D.words.xml#id(Bed004.w.5,753)..id(Bed004.w.5,766)"/>
   </segment>
   <segment nite:id="Bed004.segment.655" starttime="1912.14" endtime="1916.39" participant="mn015" timing-provenance="dialogueact">
      <nite:child href="Bed004.D.words.xml#id(Bed004.w.5,767)..id(Bed004.w.5,776)"/>
   </segment>
   <segment nite:id="Bed004.segment.661" starttime="1930.84" endtime="1932.639" participant="mn015" timing-provenance="segment">
      <nite:child href="Bed004.D.words.xml#id(Bed004.vocalsound.63)..id(Bed004.w.5,815)"/>
   </segment>
   <segment nite:id="Bed004.segment.662" starttime="1932.75" endtime="1935.73" participant="mn015" timing-provenance="dialogueact">
      <nite:child href="Bed004.D.words.xml#id(Bed004.w.5,816)..id(Bed004.w.5,821)"/>
   </segment>
   <segment nite:id="Bed004.segment.664" starttime="1936.839" endtime="1940.658" participant="mn015" timing-provenance="segment">
      <nite:child href="Bed004.D.words.xml#id(Bed004.w.5,822)..id(Bed004.disfmarker.186)"/>
   </segment>
   <segment nite:id="Bed004.segment.665" starttime="1940.84" endtime="1942.36" participant="mn015" timing-provenance="dialogueact">
      <nite:child href="Bed004.D.words.xml#id(Bed004.w.5,831)..id(Bed004.w.5,835)"/>
   </segment>
   <segment nite:id="Bed004.segment.666" starttime="1942.89" endtime="1946.19" participant="mn015" timing-provenance="dialogueact">
      <nite:child href="Bed004.D.words.xml#id(Bed004.w.5,836)..id(Bed004.w.5,842)"/>
   </segment>
   <segment nite:id="Bed004.segment.668" starttime="1947.24" endtime="1951.51" participant="mn015" timing-provenance="dialogueact">
      <nite:child href="Bed004.D.words.xml#id(Bed004.w.5,843)..id(Bed004.w.5,857)"/>
   </segment>
   <segment nite:id="Bed004.segment.669" starttime="1952.57" endtime="1955.93" participant="mn015" timing-provenance="dialogueact">
      <nite:child href="Bed004.D.words.xml#id(Bed004.w.5,858)..id(Bed004.w.5,873)"/>
   </segment>
   <segment nite:id="Bed004.segment.670" starttime="1956.57" endtime="1958.27" participant="mn015" timing-provenance="dialogueact">
      <nite:child href="Bed004.D.words.xml#id(Bed004.w.5,874)..id(Bed004.w.5,882)"/>
   </segment>
   <segment nite:id="Bed004.segment.671" starttime="1958.64" endtime="1964.33" participant="mn015" timing-provenance="dialogueact">
      <nite:child href="Bed004.D.words.xml#id(Bed004.w.5,883)..id(Bed004.w.5,896)"/>
   </segment>
   <segment nite:id="Bed004.segment.672" starttime="1965.17" endtime="1966.86" participant="mn015" timing-provenance="dialogueact">
      <nite:child href="Bed004.D.words.xml#id(Bed004.w.5,897)..id(Bed004.w.5,903)"/>
   </segment>
   <segment nite:id="Bed004.segment.673" starttime="1968.387" endtime="1970.61" participant="mn015" timing-provenance="segment">
      <nite:child href="Bed004.D.words.xml#id(Bed004.w.5,904)..id(Bed004.disfmarker.188)"/>
   </segment>
   <segment nite:id="Bed004.segment.674" starttime="1971.99" endtime="1972.52" participant="mn015" timing-provenance="dialogueact">
      <nite:child href="Bed004.D.words.xml#id(Bed004.w.5,909)..id(Bed004.w.5,911)"/>
   </segment>
   <segment nite:id="Bed004.segment.675" starttime="1973.097" endtime="1974.35" participant="mn015" timing-provenance="segment">
      <nite:child href="Bed004.D.words.xml#id(Bed004.w.5,912)..id(Bed004.comment.99)"/>
   </segment>
   <segment nite:id="Bed004.segment.676" starttime="1974.39" endtime="1977.24" participant="mn015" timing-provenance="dialogueact">
      <nite:child href="Bed004.D.words.xml#id(Bed004.w.5,916)..id(Bed004.w.5,926)"/>
   </segment>
   <segment nite:id="Bed004.segment.677" starttime="1979.23" endtime="1981.31" participant="mn015" timing-provenance="dialogueact">
      <nite:child href="Bed004.D.words.xml#id(Bed004.w.5,927)..id(Bed004.w.5,936)"/>
   </segment>
   <segment nite:id="Bed004.segment.678" starttime="1983.08" endtime="1990.18" participant="mn015" timing-provenance="dialogueact">
      <nite:child href="Bed004.D.words.xml#id(Bed004.w.5,937)..id(Bed004.w.5,965)"/>
   </segment>
   <segment nite:id="Bed004.segment.680" starttime="1990.62" endtime="1994.19" participant="mn015" timing-provenance="dialogueact">
      <nite:child href="Bed004.D.words.xml#id(Bed004.w.5,970)..id(Bed004.w.5,979)"/>
   </segment>
   <segment nite:id="Bed004.segment.681" starttime="1995.327" endtime="1996.566" participant="mn015" timing-provenance="segment">
      <nite:child href="Bed004.D.words.xml#id(Bed004.w.5,980)..id(Bed004.disfmarker.192)"/>
   </segment>
   <segment nite:id="Bed004.segment.682" starttime="1996.69" endtime="1999.08" participant="mn015" timing-provenance="dialogueact">
      <nite:child href="Bed004.D.words.xml#id(Bed004.w.5,981)..id(Bed004.w.5,993)"/>
   </segment>
   <segment nite:id="Bed004.segment.683" starttime="1999.81" endtime="2005.41" participant="mn015" timing-provenance="dialogueact">
      <nite:child href="Bed004.D.words.xml#id(Bed004.w.5,994)..id(Bed004.w.6,010)"/>
   </segment>
   <segment nite:id="Bed004.segment.686" starttime="2005.8" endtime="2009.55" participant="mn015" timing-provenance="dialogueact">
      <nite:child href="Bed004.D.words.xml#id(Bed004.w.6,017)..id(Bed004.w.6,026)"/>
   </segment>
   <segment nite:id="Bed004.segment.687" starttime="2010.54" endtime="2012.54" participant="mn015" timing-provenance="dialogueact">
      <nite:child href="Bed004.D.words.xml#id(Bed004.w.6,027)..id(Bed004.w.6,034)"/>
   </segment>
   <segment nite:id="Bed004.segment.688" starttime="2013.56" endtime="2015.14" participant="mn015" timing-provenance="dialogueact">
      <nite:child href="Bed004.D.words.xml#id(Bed004.w.6,035)..id(Bed004.w.6,039)"/>
   </segment>
   <segment nite:id="Bed004.segment.689" starttime="2016.93" endtime="2018.64" participant="mn015" timing-provenance="dialogueact">
      <nite:child href="Bed004.D.words.xml#id(Bed004.w.6,040)..id(Bed004.w.6,044)"/>
   </segment>
   <segment nite:id="Bed004.segment.690" starttime="2019.47" endtime="2023.62" participant="mn015" timing-provenance="dialogueact">
      <nite:child href="Bed004.D.words.xml#id(Bed004.w.6,045)..id(Bed004.w.6,062)"/>
   </segment>
   <segment nite:id="Bed004.segment.691" starttime="2024.033" endtime="2026.311" participant="mn015" timing-provenance="segment">
      <nite:child href="Bed004.D.words.xml#id(Bed004.w.6,063)..id(Bed004.disfmarker.193)"/>
   </segment>
   <segment nite:id="Bed004.segment.692" starttime="2026.4" endtime="2026.9" participant="mn015" timing-provenance="dialogueact">
      <nite:child href="Bed004.D.words.xml#id(Bed004.w.6,071)..id(Bed004.w.6,072)"/>
   </segment>
   <segment nite:id="Bed004.segment.693" starttime="2027.48" endtime="2028.55" participant="mn015" timing-provenance="dialogueact">
      <nite:child href="Bed004.D.words.xml#id(Bed004.w.6,073)..id(Bed004.w.6,077)"/>
   </segment>
   <segment nite:id="Bed004.segment.694" starttime="2028.94" endtime="2031.33" participant="mn015" timing-provenance="dialogueact">
      <nite:child href="Bed004.D.words.xml#id(Bed004.w.6,078)..id(Bed004.w.6,088)"/>
   </segment>
   <segment nite:id="Bed004.segment.695" starttime="2031.76" endtime="2034.34" participant="mn015" timing-provenance="dialogueact">
      <nite:child href="Bed004.D.words.xml#id(Bed004.w.6,089)..id(Bed004.w.6,100)"/>
   </segment>
   <segment nite:id="Bed004.segment.696" starttime="2035.07" endtime="2037.59" participant="mn015" timing-provenance="dialogueact">
      <nite:child href="Bed004.D.words.xml#id(Bed004.w.6,101)..id(Bed004.w.6,110)"/>
   </segment>
   <segment nite:id="Bed004.segment.697" starttime="2038.21" endtime="2041.82" participant="mn015" timing-provenance="dialogueact">
      <nite:child href="Bed004.D.words.xml#id(Bed004.w.6,111)..id(Bed004.w.6,120)"/>
   </segment>
   <segment nite:id="Bed004.segment.698" starttime="2042.383" endtime="2043.104" participant="mn015" timing-provenance="segment">
      <nite:child href="Bed004.D.words.xml#id(Bed004.vocalsound.66)"/>
   </segment>
   <segment nite:id="Bed004.segment.699" starttime="2043.14" endtime="2043.89" participant="mn015" timing-provenance="dialogueact">
      <nite:child href="Bed004.D.words.xml#id(Bed004.w.6,121)..id(Bed004.w.6,122)"/>
   </segment>
   <segment nite:id="Bed004.segment.700" starttime="2045.07" endtime="2046.82" participant="mn015" timing-provenance="dialogueact">
      <nite:child href="Bed004.D.words.xml#id(Bed004.w.6,123)..id(Bed004.w.6,131)"/>
   </segment>
   <segment nite:id="Bed004.segment.701" starttime="2047.28" endtime="2052.96" participant="mn015" timing-provenance="dialogueact">
      <nite:child href="Bed004.D.words.xml#id(Bed004.w.6,132)..id(Bed004.w.6,149)"/>
   </segment>
   <segment nite:id="Bed004.segment.702" starttime="2053.236" endtime="2059.43" participant="mn015" timing-provenance="segment">
      <nite:child href="Bed004.D.words.xml#id(Bed004.w.6,150)..id(Bed004.w.6,177)"/>
   </segment>
   <segment nite:id="Bed004.segment.704" starttime="2059.53" endtime="2059.65" participant="mn015" timing-provenance="dialogueact">
      <nite:child href="Bed004.D.words.xml#id(Bed004.w.6,188)..id(Bed004.w.6,189)"/>
   </segment>
   <segment nite:id="Bed004.segment.716" starttime="2088.6" endtime="2089.37" participant="mn015" timing-provenance="segment">
      <nite:child href="Bed004.D.words.xml#id(Bed004.nonvocalsound.38)"/>
   </segment>
   <segment nite:id="Bed004.segment.718" starttime="2093.39" endtime="2093.68" participant="mn015" timing-provenance="dialogueact">
      <nite:child href="Bed004.D.words.xml#id(Bed004.w.6,305)..id(Bed004.w.6,306)"/>
   </segment>
   <segment nite:id="Bed004.segment.721" starttime="2098.61" endtime="2102.6" participant="mn015" timing-provenance="dialogueact">
      <nite:child href="Bed004.D.words.xml#id(Bed004.w.6,330)..id(Bed004.w.6,346)"/>
   </segment>
   <segment nite:id="Bed004.segment.729" starttime="2114.43" endtime="2114.61" participant="mn015" timing-provenance="dialogueact">
      <nite:child href="Bed004.D.words.xml#id(Bed004.w.6,379)..id(Bed004.w.6,380)"/>
   </segment>
   <segment nite:id="Bed004.segment.730" starttime="2114.77" endtime="2117.11" participant="mn015" timing-provenance="dialogueact">
      <nite:child href="Bed004.D.words.xml#id(Bed004.w.6,381)..id(Bed004.w.6,392)"/>
   </segment>
   <segment nite:id="Bed004.segment.732" starttime="2117.81" endtime="2118.11" participant="mn015" timing-provenance="dialogueact">
      <nite:child href="Bed004.D.words.xml#id(Bed004.w.6,395)"/>
   </segment>
   <segment nite:id="Bed004.segment.746" starttime="2154.53" endtime="2154.93" participant="mn015" timing-provenance="dialogueact">
      <nite:child href="Bed004.D.words.xml#id(Bed004.w.6,522)..id(Bed004.w.6,523)"/>
   </segment>
   <segment nite:id="Bed004.segment.748" starttime="2161.58" endtime="2161.71" participant="mn015" timing-provenance="dialogueact">
      <nite:child href="Bed004.D.words.xml#id(Bed004.w.6,549)..id(Bed004.w.6,550)"/>
   </segment>
   <segment nite:id="Bed004.segment.755" starttime="2183.7" endtime="2183.88" participant="mn015" timing-provenance="dialogueact">
      <nite:child href="Bed004.D.words.xml#id(Bed004.w.6,613)..id(Bed004.w.6,614)"/>
   </segment>
   <segment nite:id="Bed004.segment.756" starttime="2184.48" endtime="2194.37" participant="mn015" timing-provenance="dialogueact">
      <nite:child href="Bed004.D.words.xml#id(Bed004.w.6,615)..id(Bed004.w.6,638)"/>
   </segment>
   <segment nite:id="Bed004.segment.757" starttime="2196.41" endtime="2197.42" participant="mn015" timing-provenance="dialogueact">
      <nite:child href="Bed004.D.words.xml#id(Bed004.w.6,639)..id(Bed004.w.6,641)"/>
   </segment>
   <segment nite:id="Bed004.segment.758" starttime="2198.13" endtime="2200.05" participant="mn015" timing-provenance="dialogueact">
      <nite:child href="Bed004.D.words.xml#id(Bed004.w.6,642)..id(Bed004.w.6,646)"/>
   </segment>
   <segment nite:id="Bed004.segment.759" starttime="2200.708" endtime="2208.665" participant="mn015" timing-provenance="segment">
      <nite:child href="Bed004.D.words.xml#id(Bed004.w.6,647)..id(Bed004.disfmarker.216)"/>
   </segment>
   <segment nite:id="Bed004.segment.761" starttime="2208.95" endtime="2217.0" participant="mn015" timing-provenance="dialogueact">
      <nite:child href="Bed004.D.words.xml#id(Bed004.w.6,671)..id(Bed004.w.6,701)"/>
   </segment>
   <segment nite:id="Bed004.segment.764" starttime="2217.74" endtime="2222.92" participant="mn015" timing-provenance="dialogueact">
      <nite:child href="Bed004.D.words.xml#id(Bed004.w.6,706)..id(Bed004.w.6,716)"/>
   </segment>
   <segment nite:id="Bed004.segment.765" starttime="2223.8" endtime="2228.0" participant="mn015" timing-provenance="dialogueact">
      <nite:child href="Bed004.D.words.xml#id(Bed004.w.6,717)..id(Bed004.w.6,730)"/>
   </segment>
   <segment nite:id="Bed004.segment.766" starttime="2228.57" endtime="2233.69" participant="mn015" timing-provenance="dialogueact">
      <nite:child href="Bed004.D.words.xml#id(Bed004.w.6,731)..id(Bed004.w.6,748)"/>
   </segment>
   <segment nite:id="Bed004.segment.767" starttime="2234.42" endtime="2236.58" participant="mn015" timing-provenance="dialogueact">
      <nite:child href="Bed004.D.words.xml#id(Bed004.w.6,749)..id(Bed004.w.6,758)"/>
   </segment>
   <segment nite:id="Bed004.segment.768" starttime="2238.11" endtime="2248.96" participant="mn015" timing-provenance="dialogueact">
      <nite:child href="Bed004.D.words.xml#id(Bed004.w.6,759)..id(Bed004.w.6,788)"/>
   </segment>
   <segment nite:id="Bed004.segment.769" starttime="2249.48" endtime="2255.39" participant="mn015" timing-provenance="dialogueact">
      <nite:child href="Bed004.D.words.xml#id(Bed004.w.6,789)..id(Bed004.w.6,801)"/>
   </segment>
   <segment nite:id="Bed004.segment.770" starttime="2256.44" endtime="2257.73" participant="mn015" timing-provenance="dialogueact">
      <nite:child href="Bed004.D.words.xml#id(Bed004.w.6,802)..id(Bed004.w.6,804)"/>
   </segment>
   <segment nite:id="Bed004.segment.772" starttime="2258.7" endtime="2258.85" participant="mn015" timing-provenance="dialogueact">
      <nite:child href="Bed004.D.words.xml#id(Bed004.w.6,820)"/>
   </segment>
   <segment nite:id="Bed004.segment.773" starttime="2259.16" endtime="2263.51" participant="mn015" timing-provenance="dialogueact">
      <nite:child href="Bed004.D.words.xml#id(Bed004.w.6,821)..id(Bed004.w.6,827)"/>
   </segment>
   <segment nite:id="Bed004.segment.775" starttime="2263.71" endtime="2266.23" participant="mn015" timing-provenance="dialogueact">
      <nite:child href="Bed004.D.words.xml#id(Bed004.w.6,839)..id(Bed004.w.6,843)"/>
   </segment>
   <segment nite:id="Bed004.segment.779" starttime="2268.741" endtime="2269.965" participant="mn015" timing-provenance="segment">
      <nite:child href="Bed004.D.words.xml#id(Bed004.w.6,869)..id(Bed004.vocalsound.68)"/>
   </segment>
   <segment nite:id="Bed004.segment.803" starttime="2324.042" endtime="2326.6" participant="mn015" timing-provenance="segment">
      <nite:child href="Bed004.D.words.xml#id(Bed004.w.7,041)..id(Bed004.comment.104)"/>
   </segment>
   <segment nite:id="Bed004.segment.871" starttime="2492.13" endtime="2493.62" participant="mn015" timing-provenance="segment">
      <nite:child href="Bed004.D.words.xml#id(Bed004.w.7,703)..id(Bed004.comment.106)"/>
   </segment>
   <segment nite:id="Bed004.segment.878" starttime="2516.99" endtime="2524.33" participant="mn015" timing-provenance="segment">
      <nite:child href="Bed004.D.words.xml#id(Bed004.w.7,783)..id(Bed004.disfmarker.282)"/>
   </segment>
   <segment nite:id="Bed004.segment.879" starttime="2523.62" endtime="2531.63" participant="mn015" timing-provenance="dialogueact">
      <nite:child href="Bed004.D.words.xml#id(Bed004.w.7,806)..id(Bed004.w.7,816)"/>
   </segment>
   <segment nite:id="Bed004.segment.880" starttime="2532.89" endtime="2546.88" participant="mn015" timing-provenance="dialogueact">
      <nite:child href="Bed004.D.words.xml#id(Bed004.w.7,817)..id(Bed004.w.7,851)"/>
   </segment>
   <segment nite:id="Bed004.segment.881" starttime="2547.48" endtime="2552.58" participant="mn015" timing-provenance="dialogueact">
      <nite:child href="Bed004.D.words.xml#id(Bed004.w.7,852)..id(Bed004.w.7,872)"/>
   </segment>
   <segment nite:id="Bed004.segment.882" starttime="2553.069" endtime="2555.681" participant="mn015" timing-provenance="segment">
      <nite:child href="Bed004.D.words.xml#id(Bed004.w.7,873)..id(Bed004.disfmarker.284)"/>
   </segment>
   <segment nite:id="Bed004.segment.883" starttime="2555.76" endtime="2559.5" participant="mn015" timing-provenance="dialogueact">
      <nite:child href="Bed004.D.words.xml#id(Bed004.w.7,877)..id(Bed004.w.7,894)"/>
   </segment>
   <segment nite:id="Bed004.segment.884" starttime="2559.76" endtime="2562.67" participant="mn015" timing-provenance="dialogueact">
      <nite:child href="Bed004.D.words.xml#id(Bed004.w.7,895)..id(Bed004.w.7,907)"/>
   </segment>
   <segment nite:id="Bed004.segment.885" starttime="2563.22" endtime="2566.73" participant="mn015" timing-provenance="dialogueact">
      <nite:child href="Bed004.D.words.xml#id(Bed004.w.7,908)..id(Bed004.w.7,921)"/>
   </segment>
   <segment nite:id="Bed004.segment.886" starttime="2567.7" endtime="2568.33" participant="mn015" timing-provenance="dialogueact">
      <nite:child href="Bed004.D.words.xml#id(Bed004.w.7,922)..id(Bed004.w.7,924)"/>
   </segment>
   <segment nite:id="Bed004.segment.887" starttime="2569.436" endtime="2570.29" participant="mn015" timing-provenance="segment">
      <nite:child href="Bed004.D.words.xml#id(Bed004.w.7,925)..id(Bed004.disfmarker.287)"/>
   </segment>
   <segment nite:id="Bed004.segment.888" starttime="2573.46" endtime="2573.68" participant="mn015" timing-provenance="dialogueact">
      <nite:child href="Bed004.D.words.xml#id(Bed004.w.7,927)..id(Bed004.w.7,928)"/>
   </segment>
   <segment nite:id="Bed004.segment.889" starttime="2573.92" endtime="2577.18" participant="mn015" timing-provenance="dialogueact">
      <nite:child href="Bed004.D.words.xml#id(Bed004.w.7,929)..id(Bed004.w.7,935)"/>
   </segment>
   <segment nite:id="Bed004.segment.890" starttime="2578.93" endtime="2579.38" participant="mn015" timing-provenance="dialogueact">
      <nite:child href="Bed004.D.words.xml#id(Bed004.w.7,936)..id(Bed004.w.7,938)"/>
   </segment>
   <segment nite:id="Bed004.segment.891" starttime="2579.97" endtime="2583.74" participant="mn015" timing-provenance="dialogueact">
      <nite:child href="Bed004.D.words.xml#id(Bed004.w.7,939)..id(Bed004.w.7,949)"/>
   </segment>
   <segment nite:id="Bed004.segment.892" starttime="2584.0" endtime="2588.81" participant="mn015" timing-provenance="dialogueact">
      <nite:child href="Bed004.D.words.xml#id(Bed004.w.7,950)..id(Bed004.w.7,971)"/>
   </segment>
   <segment nite:id="Bed004.segment.894" starttime="2589.21" endtime="2594.64" participant="mn015" timing-provenance="dialogueact">
      <nite:child href="Bed004.D.words.xml#id(Bed004.w.7,972)..id(Bed004.w.7,999)"/>
   </segment>
   <segment nite:id="Bed004.segment.895" starttime="2595.25" endtime="2604.74" participant="mn015" timing-provenance="dialogueact">
      <nite:child href="Bed004.D.words.xml#id(Bed004.w.8,000)..id(Bed004.w.8,026)"/>
   </segment>
   <segment nite:id="Bed004.segment.896" starttime="2605.24" endtime="2616.83" participant="mn015" timing-provenance="dialogueact">
      <nite:child href="Bed004.D.words.xml#id(Bed004.w.8,027)..id(Bed004.w.8,072)"/>
   </segment>
   <segment nite:id="Bed004.segment.897" starttime="2617.046" endtime="2632.7" participant="mn015" timing-provenance="segment">
      <nite:child href="Bed004.D.words.xml#id(Bed004.w.8,073)..id(Bed004.w.8,134)"/>
   </segment>
   <segment nite:id="Bed004.segment.900" starttime="2632.73" endtime="2647.18" participant="mn015" timing-provenance="segment">
      <nite:child href="Bed004.D.words.xml#id(Bed004.w.8,141)..id(Bed004.disfmarker.295)"/>
   </segment>
   <segment nite:id="Bed004.segment.903" starttime="2656.38" endtime="2656.53" participant="mn015" timing-provenance="dialogueact">
      <nite:child href="Bed004.D.words.xml#id(Bed004.w.8,224)..id(Bed004.w.8,225)"/>
   </segment>
   <segment nite:id="Bed004.segment.925" starttime="2740.48" endtime="2741.15" participant="mn015" timing-provenance="dialogueact">
      <nite:child href="Bed004.D.words.xml#id(Bed004.w.8,518)..id(Bed004.w.8,521)"/>
   </segment>
   <segment nite:id="Bed004.segment.926" starttime="2747.24" endtime="2747.75" participant="mn015" timing-provenance="dialogueact">
      <nite:child href="Bed004.D.words.xml#id(Bed004.w.8,522)..id(Bed004.w.8,525)"/>
   </segment>
   <segment nite:id="Bed004.segment.927" starttime="2750.521" endtime="2751.601" participant="mn015" timing-provenance="segment">
      <nite:child href="Bed004.D.words.xml#id(Bed004.vocalsound.71)..id(Bed004.vocalsound.72)"/>
   </segment>
   <segment nite:id="Bed004.segment.928" starttime="2753.11" endtime="2756.48" participant="mn015" timing-provenance="dialogueact">
      <nite:child href="Bed004.D.words.xml#id(Bed004.w.8,526)..id(Bed004.w.8,539)"/>
   </segment>
   <segment nite:id="Bed004.segment.929" starttime="2757.02" endtime="2757.66" participant="mn015" timing-provenance="dialogueact">
      <nite:child href="Bed004.D.words.xml#id(Bed004.w.8,540)..id(Bed004.w.8,542)"/>
   </segment>
   <segment nite:id="Bed004.segment.930" starttime="2758.177" endtime="2760.343" participant="mn015" timing-provenance="segment">
      <nite:child href="Bed004.D.words.xml#id(Bed004.w.8,543)..id(Bed004.comment.107)"/>
   </segment>
   <segment nite:id="Bed004.segment.931" starttime="2760.343" endtime="2761.449" participant="mn015" timing-provenance="segment">
      <nite:child href="Bed004.D.words.xml#id(Bed004.w.8,553)..id(Bed004.disfmarker.309)"/>
   </segment>
   <segment nite:id="Bed004.segment.932" starttime="2761.449" endtime="2763.689" participant="mn015" timing-provenance="segment">
      <nite:child href="Bed004.D.words.xml#id(Bed004.w.8,554)..id(Bed004.disfmarker.310)"/>
   </segment>
   <segment nite:id="Bed004.segment.933" starttime="2763.78" endtime="2764.01" participant="mn015" timing-provenance="dialogueact">
      <nite:child href="Bed004.D.words.xml#id(Bed004.w.8,558)..id(Bed004.w.8,559)"/>
   </segment>
   <segment nite:id="Bed004.segment.934" starttime="2764.29" endtime="2771.09" participant="mn015" timing-provenance="dialogueact">
      <nite:child href="Bed004.D.words.xml#id(Bed004.w.8,560)..id(Bed004.w.8,583)"/>
   </segment>
   <segment nite:id="Bed004.segment.936" starttime="2771.94" endtime="2783.55" participant="mn015" timing-provenance="dialogueact">
      <nite:child href="Bed004.D.words.xml#id(Bed004.w.8,586)..id(Bed004.w.8,631)"/>
   </segment>
   <segment nite:id="Bed004.segment.937" starttime="2784.67" endtime="2786.07" participant="mn015" timing-provenance="dialogueact">
      <nite:child href="Bed004.D.words.xml#id(Bed004.w.8,632)..id(Bed004.w.8,637)"/>
   </segment>
   <segment nite:id="Bed004.segment.938" starttime="2787.2" endtime="2788.72" participant="mn015" timing-provenance="dialogueact">
      <nite:child href="Bed004.D.words.xml#id(Bed004.w.8,638)..id(Bed004.w.8,644)"/>
   </segment>
   <segment nite:id="Bed004.segment.939" starttime="2789.25" endtime="2793.78" participant="mn015" timing-provenance="dialogueact">
      <nite:child href="Bed004.D.words.xml#id(Bed004.w.8,645)..id(Bed004.w.8,661)"/>
   </segment>
   <segment nite:id="Bed004.segment.940" starttime="2794.49" endtime="2794.99" participant="mn015" timing-provenance="dialogueact">
      <nite:child href="Bed004.D.words.xml#id(Bed004.w.8,662)..id(Bed004.w.8,663)"/>
   </segment>
   <segment nite:id="Bed004.segment.942" starttime="2797.27" endtime="2799.05" participant="mn015" timing-provenance="dialogueact">
      <nite:child href="Bed004.D.words.xml#id(Bed004.w.8,670)..id(Bed004.w.8,677)"/>
   </segment>
   <segment nite:id="Bed004.segment.959" starttime="2855.29" endtime="2858.34" participant="mn015" timing-provenance="dialogueact">
      <nite:child href="Bed004.D.words.xml#id(Bed004.w.8,859)..id(Bed004.w.8,867)"/>
   </segment>
   <segment nite:id="Bed004.segment.969" starttime="2875.65" endtime="2875.81" participant="mn015" timing-provenance="dialogueact">
      <nite:child href="Bed004.D.words.xml#id(Bed004.w.8,935)..id(Bed004.w.8,936)"/>
   </segment>
   <segment nite:id="Bed004.segment.970" starttime="2878.08" endtime="2882.42" participant="mn015" timing-provenance="segment">
      <nite:child href="Bed004.D.words.xml#id(Bed004.w.8,937)..id(Bed004.w.8,951)"/>
   </segment>
   <segment nite:id="Bed004.segment.972" starttime="2883.41" endtime="2883.93" participant="mn015" timing-provenance="dialogueact">
      <nite:child href="Bed004.D.words.xml#id(Bed004.w.8,952)..id(Bed004.w.8,953)"/>
   </segment>
   <segment nite:id="Bed004.segment.973" starttime="2884.2" endtime="2884.29" participant="mn015" timing-provenance="dialogueact">
      <nite:child href="Bed004.D.words.xml#id(Bed004.w.8,954)"/>
   </segment>
   <segment nite:id="Bed004.segment.974" starttime="2885.25" endtime="2886.91" participant="mn015" timing-provenance="dialogueact">
      <nite:child href="Bed004.D.words.xml#id(Bed004.w.8,955)..id(Bed004.w.8,969)"/>
   </segment>
   <segment nite:id="Bed004.segment.975" starttime="2887.41" endtime="2889.63" participant="mn015" timing-provenance="dialogueact">
      <nite:child href="Bed004.D.words.xml#id(Bed004.w.8,970)..id(Bed004.w.8,982)"/>
   </segment>
   <segment nite:id="Bed004.segment.978" starttime="2890.09" endtime="2893.058" participant="mn015" timing-provenance="segment">
      <nite:child href="Bed004.D.words.xml#id(Bed004.w.8,989)..id(Bed004.disfmarker.328)"/>
   </segment>
   <segment nite:id="Bed004.segment.979" starttime="2893.22" endtime="2898.7" participant="mn015" timing-provenance="dialogueact">
      <nite:child href="Bed004.D.words.xml#id(Bed004.w.8,995)..id(Bed004.w.9,018)"/>
   </segment>
   <segment nite:id="Bed004.segment.986" starttime="2906.14" endtime="2912.75" participant="mn015" timing-provenance="dialogueact">
      <nite:child href="Bed004.D.words.xml#id(Bed004.w.9,050)..id(Bed004.w.9,072)"/>
   </segment>
   <segment nite:id="Bed004.segment.988" starttime="2913.36" endtime="2914.19" participant="mn015" timing-provenance="dialogueact">
      <nite:child href="Bed004.D.words.xml#id(Bed004.w.9,108)..id(Bed004.w.9,109)"/>
   </segment>
   <segment nite:id="Bed004.segment.989" starttime="2919.91" endtime="2920.47" participant="mn015" timing-provenance="dialogueact">
      <nite:child href="Bed004.D.words.xml#id(Bed004.w.9,110)..id(Bed004.w.9,113)"/>
   </segment>
   <segment nite:id="Bed004.segment.994" starttime="2929.8" endtime="2930.27" participant="mn015" timing-provenance="dialogueact">
      <nite:child href="Bed004.D.words.xml#id(Bed004.w.9,148)..id(Bed004.w.9,151)"/>
   </segment>
   <segment nite:id="Bed004.segment.1,008" starttime="2967.11" endtime="2968.31" participant="mn015" timing-provenance="segment">
      <nite:child href="Bed004.D.words.xml#id(Bed004.w.9,307)..id(Bed004.comment.111)"/>
   </segment>
   <segment nite:id="Bed004.segment.1,052" starttime="3102.98" endtime="3103.67" participant="mn015" timing-provenance="dialogueact">
      <nite:child href="Bed004.D.words.xml#id(Bed004.w.9,764)..id(Bed004.w.9,767)"/>
   </segment>
   <segment nite:id="Bed004.segment.1,054" starttime="3108.78" endtime="3109.38" participant="mn015" timing-provenance="dialogueact">
      <nite:child href="Bed004.D.words.xml#id(Bed004.w.9,782)..id(Bed004.w.9,785)"/>
   </segment>
   <segment nite:id="Bed004.segment.1,055" starttime="3110.41" endtime="3115.17" participant="mn015" timing-provenance="dialogueact">
      <nite:child href="Bed004.D.words.xml#id(Bed004.w.9,786)..id(Bed004.w.9,802)"/>
   </segment>
   <segment nite:id="Bed004.segment.1,056" starttime="3115.616" endtime="3118.745" participant="mn015" timing-provenance="segment">
      <nite:child href="Bed004.D.words.xml#id(Bed004.w.9,803)..id(Bed004.disfmarker.358)"/>
   </segment>
   <segment nite:id="Bed004.segment.1,057" starttime="3118.84" endtime="3120.2" participant="mn015" timing-provenance="dialogueact">
      <nite:child href="Bed004.D.words.xml#id(Bed004.w.9,812)..id(Bed004.w.9,817)"/>
   </segment>
   <segment nite:id="Bed004.segment.1,058" starttime="3121.32" endtime="3122.01" participant="mn015" timing-provenance="dialogueact">
      <nite:child href="Bed004.D.words.xml#id(Bed004.w.9,818)..id(Bed004.w.9,820)"/>
   </segment>
   <segment nite:id="Bed004.segment.1,060" starttime="3123.53" endtime="3129.4" participant="mn015" timing-provenance="dialogueact">
      <nite:child href="Bed004.D.words.xml#id(Bed004.w.9,828)..id(Bed004.w.9,851)"/>
   </segment>
   <segment nite:id="Bed004.segment.1,062" starttime="3130.38" endtime="3132.816" participant="mn015" timing-provenance="segment">
      <nite:child href="Bed004.D.words.xml#id(Bed004.w.9,854)..id(Bed004.disfmarker.363)"/>
   </segment>
   <segment nite:id="Bed004.segment.1,063" starttime="3132.25" endtime="3135.07" participant="mn015" timing-provenance="dialogueact">
      <nite:child href="Bed004.D.words.xml#id(Bed004.w.9,862)..id(Bed004.w.9,870)"/>
   </segment>
   <segment nite:id="Bed004.segment.1,065" starttime="3136.1" endtime="3136.84" participant="mn015" timing-provenance="dialogueact">
      <nite:child href="Bed004.D.words.xml#id(Bed004.w.9,873)..id(Bed004.w.9,876)"/>
   </segment>
   <segment nite:id="Bed004.segment.1,066" starttime="3137.203" endtime="3142.25" participant="mn015" timing-provenance="segment">
      <nite:child href="Bed004.D.words.xml#id(Bed004.vocalsound.74)..id(Bed004.w.9,892)"/>
   </segment>
   <segment nite:id="Bed004.segment.1,067" starttime="3142.38" endtime="3142.53" participant="mn015" timing-provenance="dialogueact">
      <nite:child href="Bed004.D.words.xml#id(Bed004.w.9,893)..id(Bed004.w.9,894)"/>
   </segment>
   <segment nite:id="Bed004.segment.1,068" starttime="3143.38" endtime="3143.74" participant="mn015" timing-provenance="segment">
      <nite:child href="Bed004.D.words.xml#id(Bed004.vocalsound.75)..id(Bed004.vocalsound.76)"/>
   </segment>
   <segment nite:id="Bed004.segment.1,069" starttime="3143.78" endtime="3157.91" participant="mn015" timing-provenance="dialogueact">
      <nite:child href="Bed004.D.words.xml#id(Bed004.w.9,895)..id(Bed004.w.9,952)"/>
   </segment>
   <segment nite:id="Bed004.segment.1,070" starttime="3158.36" endtime="3160.41" participant="mn015" timing-provenance="dialogueact">
      <nite:child href="Bed004.D.words.xml#id(Bed004.w.9,953)..id(Bed004.w.9,960)"/>
   </segment>
   <segment nite:id="Bed004.segment.1,071" starttime="3161.28" endtime="3165.91" participant="mn015" timing-provenance="dialogueact">
      <nite:child href="Bed004.D.words.xml#id(Bed004.w.9,961)..id(Bed004.w.9,973)"/>
   </segment>
   <segment nite:id="Bed004.segment.1,072" starttime="3166.9" endtime="3167.72" participant="mn015" timing-provenance="dialogueact">
      <nite:child href="Bed004.D.words.xml#id(Bed004.w.9,974)..id(Bed004.w.9,978)"/>
   </segment>
   <segment nite:id="Bed004.segment.1,073" starttime="3168.765" endtime="3172.326" participant="mn015" timing-provenance="segment">
      <nite:child href="Bed004.D.words.xml#id(Bed004.w.9,979)..id(Bed004.w.9,990)"/>
   </segment>
   <segment nite:id="Bed004.segment.1,074" starttime="3172.41" endtime="3173.02" participant="mn015" timing-provenance="dialogueact">
      <nite:child href="Bed004.D.words.xml#id(Bed004.w.9,991)..id(Bed004.w.9,992)"/>
   </segment>
   <segment nite:id="Bed004.segment.1,075" starttime="3174.89" endtime="3175.9" participant="mn015" timing-provenance="dialogueact">
      <nite:child href="Bed004.D.words.xml#id(Bed004.w.9,993)..id(Bed004.w.9,998)"/>
   </segment>
   <segment nite:id="Bed004.segment.1,076" starttime="3182.6" endtime="3182.82" participant="mn015" timing-provenance="dialogueact">
      <nite:child href="Bed004.D.words.xml#id(Bed004.w.9,999)..id(Bed004.w.10,000)"/>
   </segment>
   <segment nite:id="Bed004.segment.1,080" starttime="3191.9" endtime="3202.11" participant="mn015" timing-provenance="segment">
      <nite:child href="Bed004.D.words.xml#id(Bed004.w.10,045)..id(Bed004.disfmarker.373)"/>
   </segment>
   <segment nite:id="Bed004.segment.1,086" starttime="3208.22" endtime="3208.41" participant="mn015" timing-provenance="dialogueact">
      <nite:child href="Bed004.D.words.xml#id(Bed004.w.10,124)..id(Bed004.w.10,125)"/>
   </segment>
   <segment nite:id="Bed004.segment.1,088" starttime="3212.78" endtime="3213.9" participant="mn015" timing-provenance="dialogueact">
      <nite:child href="Bed004.D.words.xml#id(Bed004.w.10,132)..id(Bed004.w.10,134)"/>
   </segment>
   <segment nite:id="Bed004.segment.1,089" starttime="3228.185" endtime="3229.712" participant="mn015" timing-provenance="segment">
      <nite:child href="Bed004.D.words.xml#id(Bed004.w.10,135)..id(Bed004.disfmarker.375)"/>
   </segment>
   <segment nite:id="Bed004.segment.1,091" starttime="3233.9" endtime="3240.26" participant="mn015" timing-provenance="dialogueact">
      <nite:child href="Bed004.D.words.xml#id(Bed004.w.10,148)..id(Bed004.w.10,171)"/>
   </segment>
   <segment nite:id="Bed004.segment.1,093" starttime="3241.04" endtime="3242.38" participant="mn015" timing-provenance="dialogueact">
      <nite:child href="Bed004.D.words.xml#id(Bed004.w.10,174)..id(Bed004.w.10,175)"/>
   </segment>
   <segment nite:id="Bed004.segment.1,094" starttime="3243.64" endtime="3245.969" participant="mn015" timing-provenance="segment">
      <nite:child href="Bed004.D.words.xml#id(Bed004.w.10,176)..id(Bed004.disfmarker.378)"/>
   </segment>
   <segment nite:id="Bed004.segment.1,095" starttime="3245.969" endtime="3249.937" participant="mn015" timing-provenance="segment">
      <nite:child href="Bed004.D.words.xml#id(Bed004.vocalsound.78)..id(Bed004.disfmarker.380)"/>
   </segment>
   <segment nite:id="Bed004.segment.1,098" starttime="3254.46" endtime="3254.64" participant="mn015" timing-provenance="dialogueact">
      <nite:child href="Bed004.D.words.xml#id(Bed004.w.10,215)..id(Bed004.w.10,216)"/>
   </segment>
   <segment nite:id="Bed004.segment.1,100" starttime="3255.98" endtime="3263.7" participant="mn015" timing-provenance="dialogueact">
      <nite:child href="Bed004.D.words.xml#id(Bed004.w.10,219)..id(Bed004.w.10,251)"/>
   </segment>
   <segment nite:id="Bed004.segment.1,101" starttime="3264.64" endtime="3265.88" participant="mn015" timing-provenance="dialogueact">
      <nite:child href="Bed004.D.words.xml#id(Bed004.w.10,252)..id(Bed004.w.10,259)"/>
   </segment>
   <segment nite:id="Bed004.segment.1,102" starttime="3266.2" endtime="3268.03" participant="mn015" timing-provenance="dialogueact">
      <nite:child href="Bed004.D.words.xml#id(Bed004.w.10,260)..id(Bed004.w.10,266)"/>
   </segment>
   <segment nite:id="Bed004.segment.1,103" starttime="3268.71" endtime="3274.11" participant="mn015" timing-provenance="dialogueact">
      <nite:child href="Bed004.D.words.xml#id(Bed004.w.10,267)..id(Bed004.w.10,288)"/>
   </segment>
   <segment nite:id="Bed004.segment.1,104" starttime="3274.205" endtime="3275.226" participant="mn015" timing-provenance="segment">
      <nite:child href="Bed004.D.words.xml#id(Bed004.w.10,289)..id(Bed004.comment.112)"/>
   </segment>
   <segment nite:id="Bed004.segment.1,105" starttime="3275.226" endtime="3278.245" participant="mn015" timing-provenance="segment">
      <nite:child href="Bed004.D.words.xml#id(Bed004.w.10,291)..id(Bed004.disfmarker.388)"/>
   </segment>
   <segment nite:id="Bed004.segment.1,107" starttime="3278.72" endtime="3282.46" participant="mn015" timing-provenance="dialogueact">
      <nite:child href="Bed004.D.words.xml#id(Bed004.w.10,302)..id(Bed004.w.10,321)"/>
   </segment>
   <segment nite:id="Bed004.segment.1,108" starttime="3283.35" endtime="3286.73" participant="mn015" timing-provenance="dialogueact">
      <nite:child href="Bed004.D.words.xml#id(Bed004.w.10,322)..id(Bed004.w.10,342)"/>
   </segment>
   <segment nite:id="Bed004.segment.1,109" starttime="3286.808" endtime="3287.487" participant="mn015" timing-provenance="segment">
      <nite:child href="Bed004.D.words.xml#id(Bed004.w.10,343)..id(Bed004.comment.113)"/>
   </segment>
   <segment nite:id="Bed004.segment.1,110" starttime="3287.53" endtime="3289.02" participant="mn015" timing-provenance="dialogueact">
      <nite:child href="Bed004.D.words.xml#id(Bed004.w.10,345)..id(Bed004.w.10,352)"/>
   </segment>
   <segment nite:id="Bed004.segment.1,111" starttime="3289.67" endtime="3289.85" participant="mn015" timing-provenance="dialogueact">
      <nite:child href="Bed004.D.words.xml#id(Bed004.w.10,353)..id(Bed004.w.10,355)"/>
   </segment>
   <segment nite:id="Bed004.segment.1,112" starttime="3289.85" endtime="3296.07" participant="mn015" timing-provenance="dialogueact">
      <nite:child href="Bed004.D.words.xml#id(Bed004.w.10,356)..id(Bed004.w.10,383)"/>
   </segment>
   <segment nite:id="Bed004.segment.1,114" starttime="3298.9" endtime="3304.36" participant="mn015" timing-provenance="dialogueact">
      <nite:child href="Bed004.D.words.xml#id(Bed004.w.10,386)..id(Bed004.w.10,412)"/>
   </segment>
   <segment nite:id="Bed004.segment.1,116" starttime="3304.87" endtime="3308.16" participant="mn015" timing-provenance="dialogueact">
      <nite:child href="Bed004.D.words.xml#id(Bed004.w.10,415)..id(Bed004.w.10,429)"/>
   </segment>
   <segment nite:id="Bed004.segment.1,117" starttime="3308.585" endtime="3308.886" participant="mn015" timing-provenance="segment">
      <nite:child href="Bed004.D.words.xml#id(Bed004.nonvocalsound.41)"/>
   </segment>
   <segment nite:id="Bed004.segment.1,118" starttime="3308.95" endtime="3309.15" participant="mn015" timing-provenance="dialogueact">
      <nite:child href="Bed004.D.words.xml#id(Bed004.w.10,430)..id(Bed004.w.10,431)"/>
   </segment>
   <segment nite:id="Bed004.segment.1,119" starttime="3309.779" endtime="3313.996" participant="mn015" timing-provenance="segment">
      <nite:child href="Bed004.D.words.xml#id(Bed004.w.10,432)..id(Bed004.comment.115)"/>
   </segment>
</nite:root>