<?xml version="1.0" encoding="ISO-8859-1" standalone="yes"?>
<nite:root nite:id="Bed011.G.words" xmlns:nite="http://nite.sourceforge.net/">
   <vocalsound nite:id="Bed011.vocalsound.14" starttime="" endtime="" description="clear throat"/>
   <vocalsound nite:id="Bed011.vocalsound.15" starttime="" endtime="" description="clear throat"/>
   <vocalsound nite:id="Bed011.vocalsound.16" starttime="" endtime="" description="clear throat"/>
   <vocalsound nite:id="Bed011.vocalsound.17" starttime="" endtime="" description="clear throat"/>
   <vocalsound nite:id="Bed011.vocalsound.19" starttime="" endtime="" description="clear throat"/>
   <vocalsound nite:id="Bed011.vocalsound.20" starttime="" endtime="" description="sniff"/>
   <vocalsound nite:id="Bed011.vocalsound.21" starttime="" endtime="" description="sniff"/>
   <vocalsound nite:id="Bed011.vocalsound.22" starttime="" endtime="" description="clear throat"/>
   <vocalsound nite:id="Bed011.vocalsound.23" starttime="" endtime="" description="clear throat"/>
   <nonvocalsound nite:id="Bed011.nonvocalsound.3" starttime="" endtime="" description="mike noise"/>
   <pause nite:id="Bed011.pause.5" starttime="" endtime=""/>
   <comment nite:id="Bed011.comment.19" starttime="" endtime="" description="[fe004]'s mike malfunctions at 7 min., 26 sec., and her later utterances are audible only on channelE"/>
   <w nite:id="Bed011.w.6,697" starttime="" endtime="" c="W">Is</w>
   <w nite:id="Bed011.w.6,698" starttime="" endtime="" c="W">this</w>
   <w nite:id="Bed011.w.6,699" starttime="" endtime="" c="W">the</w>
   <w nite:id="Bed011.w.6,700" starttime="" endtime="" c="W">theater</w>
   <w nite:id="Bed011.w.6,701" starttime="" endtime="" c="W">thing</w>
   <w nite:id="Bed011.w.6,702" starttime="" endtime="" c=".">?</w>
   <w nite:id="Bed011.w.6,703" starttime="" endtime="" c="W">Like</w>
   <w nite:id="Bed011.w.6,704" starttime="" endtime="" c="W">entertainment</w>
   <w nite:id="Bed011.w.6,705" starttime="" endtime="" c="W">or</w>
   <w nite:id="Bed011.w.6,706" starttime="" endtime="" c="W">something</w>
   <w nite:id="Bed011.w.6,707" starttime="" endtime="" c="W">like</w>
   <w nite:id="Bed011.w.6,708" starttime="" endtime="" c="W">that</w>
   <w nite:id="Bed011.w.6,709" starttime="" endtime="" c=".">?</w>
   <w nite:id="Bed011.w.7,257" starttime="" endtime="" c="W">The</w>
   <w nite:id="Bed011.w.7,258" starttime="" endtime="" c="W">public</w>
   <w nite:id="Bed011.w.7,259" starttime="" endtime="" c="W">transport</w>
   <w nite:id="Bed011.w.7,260" starttime="" endtime="" c="W">in</w>
   <w nite:id="Bed011.w.7,261" starttime="" endtime="" c="W">general</w>
   <w nite:id="Bed011.w.7,262" starttime="" endtime="" c="W">is</w>
   <pause nite:id="Bed011.pause.8" starttime="" endtime=""/>
   <w nite:id="Bed011.w.7,263" starttime="" endtime="" c="LQUOTE" qut="D">"</w>
   <w nite:id="Bed011.w.7,264" starttime="" endtime="" c="W">be</w>
   <w nite:id="Bed011.w.7,265" starttime="" endtime="" c="W">driven</w>
   <w nite:id="Bed011.w.7,266" starttime="" endtime="" c="RQUOTE" qut="D">"</w>
   <w nite:id="Bed011.w.7,267" starttime="" endtime="" c=".">?</w>
   <w nite:id="Bed011.w.7,289" starttime="" endtime="" c="W">Yeah</w>
   <w nite:id="Bed011.w.7,290" starttime="" endtime="" c=".">.</w>
   <w nite:id="Bed011.w.7,307" starttime="" endtime="" t="PLET" c="W">OK</w>
   <w nite:id="Bed011.w.7,308" starttime="" endtime="" c=".">.</w>
   <w nite:id="Bed011.w.7,648" starttime="" endtime="" c="W">They</w>
   <w nite:id="Bed011.w.7,649" starttime="" endtime="" c="W">can</w>
   <w nite:id="Bed011.w.7,650" starttime="" endtime="" c="W">specify</w>
   <w nite:id="Bed011.w.7,651" starttime="" endtime="" c="LQUOTE" qut="D">"</w>
   <w nite:id="Bed011.w.7,652" starttime="" endtime="" c="W">long</w>
   <w nite:id="Bed011.w.7,653" starttime="" endtime="" c="RQUOTE" qut="D">"</w>
   <w nite:id="Bed011.w.7,654" starttime="" endtime="" c=".">.</w>
   <w nite:id="Bed011.w.8,120" starttime="" endtime="" c="W">Some</w>
   <w nite:id="Bed011.w.8,121" starttime="" endtime="" c="SYM">@</w>
   <w nite:id="Bed011.w.8,122" starttime="" endtime="" c="SYM">@</w>
   <w nite:id="Bed011.w.8,123" starttime="" endtime="" c=".">.</w>
   <w nite:id="Bed011.w.8,248" starttime="" endtime="" c="W">Restaurant</w>
   <w nite:id="Bed011.w.8,249" starttime="" endtime="" c=".">.</w>
</nite:root>