<?xml version="1.0" encoding="ISO-8859-1" standalone="yes"?>
<nite:root nite:id="Bed011.E.words" xmlns:nite="http://nite.sourceforge.net/">
   <w nite:id="Bed011.w.13" starttime="" endtime="" c="W">seven</w>
   <w nite:id="Bed011.w.14" starttime="" endtime="" c="W">nine</w>
   <w nite:id="Bed011.w.15" starttime="" endtime="" c="W">seven</w>
   <w nite:id="Bed011.w.16" starttime="" endtime="" c="W">seven</w>
   <w nite:id="Bed011.w.17" starttime="" endtime="" c="CM">,</w>
   <w nite:id="Bed011.w.18" starttime="" endtime="" c="W">five</w>
   <w nite:id="Bed011.w.19" starttime="" endtime="" c="CM">,</w>
   <w nite:id="Bed011.w.20" starttime="" endtime="" c="W">eight</w>
   <w nite:id="Bed011.w.21" starttime="" endtime="" c="W">one</w>
   <w nite:id="Bed011.w.22" starttime="" endtime="" c="W">five</w>
   <comment nite:id="Bed011.comment.1" starttime="" endtime="" description="Digits"/>
   <w nite:id="Bed011.w.23" starttime="" endtime="" c="W">three</w>
   <w nite:id="Bed011.w.24" starttime="" endtime="" c="W">two</w>
   <w nite:id="Bed011.w.25" starttime="" endtime="" c="W">five</w>
   <w nite:id="Bed011.w.26" starttime="" endtime="" c="CM">,</w>
   <w nite:id="Bed011.w.27" starttime="" endtime="" c="W">four</w>
   <w nite:id="Bed011.w.28" starttime="" endtime="" c="W">one</w>
   <w nite:id="Bed011.w.29" starttime="" endtime="" c="CM">,</w>
   <w nite:id="Bed011.w.30" starttime="" endtime="" c="W">six</w>
   <w nite:id="Bed011.w.31" starttime="" endtime="" c="W">zero</w>
   <w nite:id="Bed011.w.32" starttime="" endtime="" c="W">zero</w>
   <w nite:id="Bed011.w.33" starttime="" endtime="" c="W">three</w>
   <comment nite:id="Bed011.comment.2" starttime="" endtime="" description="Digits"/>
   <w nite:id="Bed011.w.34" starttime="" endtime="" c="W">nine</w>
   <w nite:id="Bed011.w.35" starttime="" endtime="" c="W">six</w>
   <w nite:id="Bed011.w.36" starttime="" endtime="" c="W">seven</w>
   <w nite:id="Bed011.w.37" starttime="" endtime="" c="W">eight</w>
   <w nite:id="Bed011.w.38" starttime="" endtime="" c="CM">,</w>
   <w nite:id="Bed011.w.39" starttime="" endtime="" c="W">five</w>
   <w nite:id="Bed011.w.40" starttime="" endtime="" c="W">nine</w>
   <w nite:id="Bed011.w.41" starttime="" endtime="" c="W">nine</w>
   <w nite:id="Bed011.w.42" starttime="" endtime="" c="W">five</w>
   <w nite:id="Bed011.w.43" starttime="" endtime="" c="CM">,</w>
   <w nite:id="Bed011.w.44" starttime="" endtime="" c="W">four</w>
   <w nite:id="Bed011.w.45" starttime="" endtime="" c="W">eight</w>
   <w nite:id="Bed011.w.46" starttime="" endtime="" c="W">six</w>
   <w nite:id="Bed011.w.47" starttime="" endtime="" c="W">nine</w>
   <comment nite:id="Bed011.comment.3" starttime="" endtime="" description="Digits"/>
   <w nite:id="Bed011.w.48" starttime="" endtime="" c="W">two</w>
   <w nite:id="Bed011.w.49" starttime="" endtime="" c="W">eight</w>
   <w nite:id="Bed011.w.50" starttime="" endtime="" c="CM">,</w>
   <w nite:id="Bed011.w.51" starttime="" endtime="" c="W">three</w>
   <w nite:id="Bed011.w.52" starttime="" endtime="" c="W">nine</w>
   <w nite:id="Bed011.w.53" starttime="" endtime="" c="CM">,</w>
   <w nite:id="Bed011.w.54" starttime="" endtime="" c="W">six</w>
   <w nite:id="Bed011.w.55" starttime="" endtime="" c="W">two</w>
   <w nite:id="Bed011.w.56" starttime="" endtime="" c="CM">,</w>
   <w nite:id="Bed011.w.57" starttime="" endtime="" c="W">nine</w>
   <w nite:id="Bed011.w.58" starttime="" endtime="" c="W">one</w>
   <w nite:id="Bed011.w.59" starttime="" endtime="" c="CM">,</w>
   <w nite:id="Bed011.w.60" starttime="" endtime="" c="W">two</w>
   <w nite:id="Bed011.w.61" starttime="" endtime="" c="W">three</w>
   <comment nite:id="Bed011.comment.4" starttime="" endtime="" description="Digits"/>
   <w nite:id="Bed011.w.62" starttime="" endtime="" c="W">six</w>
   <w nite:id="Bed011.w.63" starttime="" endtime="" c="W">four</w>
   <w nite:id="Bed011.w.64" starttime="" endtime="" c="W">seven</w>
   <w nite:id="Bed011.w.65" starttime="" endtime="" c="CM">,</w>
   <w nite:id="Bed011.w.66" starttime="" endtime="" c="W">eight</w>
   <w nite:id="Bed011.w.67" starttime="" endtime="" c="W">three</w>
   <w nite:id="Bed011.w.68" starttime="" endtime="" c="W">two</w>
   <w nite:id="Bed011.w.69" starttime="" endtime="" c="CM">,</w>
   <w nite:id="Bed011.w.70" starttime="" endtime="" c="W">seven</w>
   <w nite:id="Bed011.w.71" starttime="" endtime="" c="W">three</w>
   <w nite:id="Bed011.w.72" starttime="" endtime="" c="W">three</w>
   <w nite:id="Bed011.w.73" starttime="" endtime="" c="W">one</w>
   <comment nite:id="Bed011.comment.5" starttime="" endtime="" description="Digits"/>
   <w nite:id="Bed011.w.74" starttime="" endtime="" c="W">seven</w>
   <w nite:id="Bed011.w.75" starttime="" endtime="" c="CM">,</w>
   <w nite:id="Bed011.w.76" starttime="" endtime="" c="W">nine</w>
   <w nite:id="Bed011.w.77" starttime="" endtime="" c="W">three</w>
   <w nite:id="Bed011.w.78" starttime="" endtime="" c="W">nine</w>
   <w nite:id="Bed011.w.79" starttime="" endtime="" c="CM">,</w>
   <w nite:id="Bed011.w.80" starttime="" endtime="" c="W">five</w>
   <w nite:id="Bed011.w.81" starttime="" endtime="" c="W">seven</w>
   <w nite:id="Bed011.w.82" starttime="" endtime="" c="CM">,</w>
   <w nite:id="Bed011.w.83" starttime="" endtime="" c="W">six</w>
   <w nite:id="Bed011.w.84" starttime="" endtime="" c="W">two</w>
   <w nite:id="Bed011.w.85" starttime="" endtime="" c="W">one</w>
   <w nite:id="Bed011.w.86" starttime="" endtime="" c="CM">,</w>
   <w nite:id="Bed011.w.87" starttime="" endtime="" c="W">two</w>
   <comment nite:id="Bed011.comment.6" starttime="" endtime="" description="Digits"/>
   <w nite:id="Bed011.w.88" starttime="" endtime="" c="W">one</w>
   <w nite:id="Bed011.w.89" starttime="" endtime="" c="W">six</w>
   <w nite:id="Bed011.w.90" starttime="" endtime="" c="W">four</w>
   <w nite:id="Bed011.w.91" starttime="" endtime="" c="CM">,</w>
   <w nite:id="Bed011.w.92" starttime="" endtime="" c="W">seven</w>
   <w nite:id="Bed011.w.93" starttime="" endtime="" c="W">zero</w>
   <w nite:id="Bed011.w.94" starttime="" endtime="" c="CM">,</w>
   <w nite:id="Bed011.w.95" starttime="" endtime="" c="W">nine</w>
   <w nite:id="Bed011.w.96" starttime="" endtime="" c="W">three</w>
   <w nite:id="Bed011.w.97" starttime="" endtime="" c="W">four</w>
   <w nite:id="Bed011.w.98" starttime="" endtime="" c="W">three</w>
   <w nite:id="Bed011.w.99" starttime="" endtime="" c=".">.</w>
   <comment nite:id="Bed011.comment.7" starttime="" endtime="" description="Digits"/>
   <w nite:id="Bed011.w.100" starttime="" endtime="" c="W">six</w>
   <w nite:id="Bed011.w.101" starttime="" endtime="" c="W">one</w>
   <w nite:id="Bed011.w.102" starttime="" endtime="" c="CM">,</w>
   <w nite:id="Bed011.w.103" starttime="" endtime="" c="W">four</w>
   <w nite:id="Bed011.w.104" starttime="" endtime="" c="W">nine</w>
   <w nite:id="Bed011.w.105" starttime="" endtime="" c="CM">,</w>
   <w nite:id="Bed011.w.106" starttime="" endtime="" c="W">zero</w>
   <w nite:id="Bed011.w.107" starttime="" endtime="" c="W">one</w>
   <w nite:id="Bed011.w.108" starttime="" endtime="" c="CM">,</w>
   <w nite:id="Bed011.w.109" starttime="" endtime="" c="W">six</w>
   <w nite:id="Bed011.w.110" starttime="" endtime="" c="W">zero</w>
   <w nite:id="Bed011.w.111" starttime="" endtime="" c="CM">,</w>
   <w nite:id="Bed011.w.112" starttime="" endtime="" c="W">six</w>
   <w nite:id="Bed011.w.113" starttime="" endtime="" c="W">four</w>
   <w nite:id="Bed011.w.114" starttime="" endtime="" c=".">.</w>
   <comment nite:id="Bed011.comment.8" starttime="" endtime="" description="Digits"/>
   <vocalsound nite:id="Bed011.vocalsound.7" starttime="" endtime="" description="laugh"/>
   <w nite:id="Bed011.w.350" starttime="122.2" endtime="122.39" c="W">Wants</w>
   <w nite:id="Bed011.w.351" starttime="122.39" endtime="122.49" c="W">to</w>
   <w nite:id="Bed011.w.352" starttime="122.49" endtime="123.19" c="W">conserve</w>
   <w nite:id="Bed011.w.353" starttime="123.19" endtime="123.19" c=".">.</w>
   <vocalsound nite:id="Bed011.vocalsound.11" starttime="" endtime="" description="laugh"/>
   <vocalsound nite:id="Bed011.vocalsound.12" starttime="" endtime="" description="laugh"/>
   <vocalsound nite:id="Bed011.vocalsound.18" starttime="" endtime="" description="laugh"/>
   <w nite:id="Bed011.w.1,189" starttime="437.91" endtime="438.46" c="TRUNCW">m</w>
   <vocalsound nite:id="Bed011.vocalsound.24" starttime="" endtime="" description="laugh"/>
   <vocalsound nite:id="Bed011.vocalsound.25" starttime="" endtime="" description="laugh"/>
   <vocalsound nite:id="Bed011.vocalsound.26" starttime="" endtime="" description="laugh"/>
   <vocalsound nite:id="Bed011.vocalsound.27" starttime="" endtime="" description="laugh"/>
   <vocalsound nite:id="Bed011.vocalsound.29" starttime="" endtime="" description="laugh"/>
   <vocalsound nite:id="Bed011.vocalsound.32" starttime="" endtime="" description="laugh"/>
   <w nite:id="Bed011.w.1,466" starttime="523.24" endtime="523.43" c="W">Yes</w>
   <w nite:id="Bed011.w.1,467" starttime="523.43" endtime="523.43" c=".">.</w>
   <w nite:id="Bed011.w.1,468" starttime="523.86" endtime="" c="W">I</w>
   <w nite:id="Bed011.w.1,469" starttime="" endtime="524.2" c="W">'ve</w>
   <disfmarker nite:id="Bed011.disfmarker.44" starttime="" endtime=""/>
   <w nite:id="Bed011.w.1,470" starttime="524.32" endtime="524.42" c="W">I</w>
   <w nite:id="Bed011.w.1,471" starttime="524.42" endtime="524.82" c="W">understand</w>
   <w nite:id="Bed011.w.1,472" starttime="524.82" endtime="525.3" c="W">everything</w>
   <w nite:id="Bed011.w.1,473" starttime="525.3" endtime="525.3" c=".">.</w>
   <w nite:id="Bed011.w.1,474" starttime="525.56" endtime="525.76" c="W">Yes</w>
   <w nite:id="Bed011.w.1,475" starttime="525.76" endtime="525.85" c="W">I</w>
   <w nite:id="Bed011.w.1,476" starttime="525.85" endtime="526.17" c="W">do</w>
   <w nite:id="Bed011.w.1,477" starttime="526.17" endtime="526.17" c=".">.</w>
   <vocalsound nite:id="Bed011.vocalsound.37" starttime="" endtime="" description="laugh"/>
   <vocalsound nite:id="Bed011.vocalsound.39" starttime="" endtime="" description="laugh"/>
   <vocalsound nite:id="Bed011.vocalsound.40" starttime="" endtime="" description="laugh"/>
   <w nite:id="Bed011.w.1,671" starttime="578.924" endtime="579.084" c="W">Yeah</w>
   <w nite:id="Bed011.w.1,672" starttime="579.084" endtime="579.084" c=".">.</w>
   <w nite:id="Bed011.w.1,673" starttime="579.914" endtime="580.014" c="W">And</w>
   <w nite:id="Bed011.w.1,674" starttime="580.014" endtime="580.244" c="W">more</w>
   <w nite:id="Bed011.w.1,675" starttime="580.244" endtime="580.334" c="W">and</w>
   <w nite:id="Bed011.w.1,676" starttime="580.334" endtime="580.674" c="W">more</w>
   <w nite:id="Bed011.w.1,677" starttime="580.804" endtime="581.054" c="W">every</w>
   <w nite:id="Bed011.w.1,678" starttime="581.054" endtime="581.284" c="W">day</w>
   <w nite:id="Bed011.w.1,679" starttime="581.284" endtime="581.284" c=".">.</w>
   <w nite:id="Bed011.w.1,704" starttime="589.605" endtime="590.255" c="W">Tomorrow</w>
   <w nite:id="Bed011.w.1,705" starttime="590.255" endtime="590.255" c="CM">,</w>
   <w nite:id="Bed011.w.1,706" starttime="590.255" endtime="590.595" c="W">well</w>
   <w nite:id="Bed011.w.1,707" starttime="590.595" endtime="590.685" c="W">we</w>
   <w nite:id="Bed011.w.1,708" starttime="590.685" endtime="590.885" c="W">don't</w>
   <w nite:id="Bed011.w.1,709" starttime="590.885" endtime="590.995" c="W">know</w>
   <w nite:id="Bed011.w.1,710" starttime="590.995" endtime="591.145" c="W">for</w>
   <w nite:id="Bed011.w.1,711" starttime="591.145" endtime="591.505" c="W">sure</w>
   <w nite:id="Bed011.w.1,712" starttime="591.505" endtime="591.505" c=".">.</w>
   <w nite:id="Bed011.w.1,713" starttime="591.765" endtime="592.055" c="W">Because</w>
   <w nite:id="Bed011.w.1,714" starttime="592.055" endtime="592.125" c="W">we</w>
   <w nite:id="Bed011.w.1,715" starttime="592.125" endtime="592.255" c="W">don't</w>
   <w nite:id="Bed011.w.1,716" starttime="592.255" endtime="592.345" c="W">know</w>
   <w nite:id="Bed011.w.1,717" starttime="592.345" endtime="592.515" c="W">whether</w>
   <w nite:id="Bed011.w.1,718" starttime="592.515" endtime="592.705" c="W">that</w>
   <w nite:id="Bed011.w.1,719" starttime="592.705" endtime="593.005" c="W">person</w>
   <w nite:id="Bed011.w.1,720" starttime="593.005" endtime="593.075" c="W">is</w>
   <w nite:id="Bed011.w.1,721" starttime="593.075" endtime="593.285" c="W">coming</w>
   <w nite:id="Bed011.w.1,722" starttime="593.285" endtime="593.315" c="W">or</w>
   <w nite:id="Bed011.w.1,723" starttime="593.315" endtime="593.535" c="W">not</w>
   <w nite:id="Bed011.w.1,724" starttime="593.535" endtime="593.535" c="CM">,</w>
   <w nite:id="Bed011.w.1,725" starttime="593.535" endtime="593.695" c="W">but</w>
   <disfmarker nite:id="Bed011.disfmarker.51" starttime="" endtime=""/>
   <vocalsound nite:id="Bed011.vocalsound.43" starttime="" endtime="" description="laugh"/>
   <vocalsound nite:id="Bed011.vocalsound.46" starttime="" endtime="" description="laugh"/>
   <w nite:id="Bed011.w.2,668" starttime="908.884" endtime="" c="W">They</w>
   <w nite:id="Bed011.w.2,669" starttime="" endtime="909.044" c="W">'re</w>
   <w nite:id="Bed011.w.2,670" starttime="909.044" endtime="909.574" c="W">redundant</w>
   <w nite:id="Bed011.w.2,671" starttime="909.574" endtime="909.574" c=".">.</w>
   <vocalsound nite:id="Bed011.vocalsound.47" starttime="" endtime="" description="laugh"/>
   <vocalsound nite:id="Bed011.vocalsound.52" starttime="" endtime="" description="laugh"/>
   <vocalsound nite:id="Bed011.vocalsound.53" starttime="" endtime="" description="laugh"/>
   <vocalsound nite:id="Bed011.vocalsound.55" starttime="" endtime="" description="laugh"/>
   <w nite:id="Bed011.w.4,067" starttime="1300.69" endtime="1301.01" c="W">Although</w>
   <disfmarker nite:id="Bed011.disfmarker.174" starttime="" endtime=""/>
   <vocalsound nite:id="Bed011.vocalsound.56" starttime="" endtime="" description="laugh"/>
   <w nite:id="Bed011.w.4,549" starttime="1415.92" endtime="1416.55" c="W">Um</w>
   <disfmarker nite:id="Bed011.disfmarker.204" starttime="" endtime=""/>
   <w nite:id="Bed011.w.4,550" starttime="1416.61" endtime="1416.73" c="W">I</w>
   <w nite:id="Bed011.w.4,551" starttime="1416.73" endtime="1417.05" c="W">can</w>
   <disfmarker nite:id="Bed011.disfmarker.205" starttime="" endtime=""/>
   <w nite:id="Bed011.w.4,552" starttime="1417.12" endtime="1417.5" c="W">Yeah</w>
   <w nite:id="Bed011.w.4,553" starttime="1417.5" endtime="1417.5" c="CM">,</w>
   <w nite:id="Bed011.w.4,554" starttime="1417.5" endtime="1417.57" c="W">I</w>
   <w nite:id="Bed011.w.4,555" starttime="1417.57" endtime="1417.89" c="W">mean</w>
   <w nite:id="Bed011.w.4,556" starttime="1417.89" endtime="1417.92" c="W">I</w>
   <w nite:id="Bed011.w.4,557" starttime="1417.92" endtime="1418.19" c="TRUNCW">s</w>
   <w nite:id="Bed011.w.4,558" starttime="1418.19" endtime="1418.27" c="W">I</w>
   <w nite:id="Bed011.w.4,559" starttime="1418.27" endtime="1418.41" c="W">think</w>
   <w nite:id="Bed011.w.4,560" starttime="1418.41" endtime="1418.56" c="W">can</w>
   <w nite:id="Bed011.w.4,561" starttime="1418.56" endtime="1418.81" c="W">probably</w>
   <w nite:id="Bed011.w.4,562" starttime="1418.81" endtime="1419.18" c="W">schedule</w>
   <w nite:id="Bed011.w.4,563" starttime="1419.18" endtime="1419.36" c="W">ten</w>
   <w nite:id="Bed011.w.4,564" starttime="1419.36" endtime="1419.75" c="W">people</w>
   <w nite:id="Bed011.w.4,565" starttime="1419.75" endtime="1419.75" c="CM">,</w>
   <w nite:id="Bed011.w.4,566" starttime="1422.09" endtime="1422.67" c="W">uh</w>
   <w nite:id="Bed011.w.4,567" starttime="1422.67" endtime="1422.67" c="CM">,</w>
   <w nite:id="Bed011.w.4,568" starttime="1423.24" endtime="1423.69" c="W">whenever</w>
   <w nite:id="Bed011.w.4,569" starttime="1423.69" endtime="1423.69" c=".">.</w>
   <w nite:id="Bed011.w.4,604" starttime="1428.99" endtime="1429.08" c="W">How</w>
   <w nite:id="Bed011.w.4,605" starttime="1429.08" endtime="1429.29" c="W">long</w>
   <w nite:id="Bed011.w.4,606" starttime="1429.29" endtime="1429.44" c="W">will</w>
   <w nite:id="Bed011.w.4,607" starttime="1429.44" endtime="1429.5" c="W">it</w>
   <w nite:id="Bed011.w.4,608" starttime="1429.5" endtime="1429.76" c="W">be</w>
   <w nite:id="Bed011.w.4,609" starttime="1429.76" endtime="1429.76" c=".">?</w>
   <w nite:id="Bed011.w.4,610" starttime="1429.8" endtime="1430.2" c="W">Um</w>
   <disfmarker nite:id="Bed011.disfmarker.209" starttime="" endtime=""/>
   <w nite:id="Bed011.w.4,611" starttime="1430.2" endtime="1430.36" c="W">I</w>
   <disfmarker nite:id="Bed011.disfmarker.210" starttime="" endtime=""/>
   <w nite:id="Bed011.w.4,612" starttime="1430.36" endtime="1430.55" c="W">I</w>
   <w nite:id="Bed011.w.4,613" starttime="1430.55" endtime="1430.67" c="W">would</w>
   <w nite:id="Bed011.w.4,614" starttime="1430.67" endtime="1431.05" c="W">say</w>
   <w nite:id="Bed011.w.4,615" starttime="1431.27" endtime="1431.52" c="W">maybe</w>
   <w nite:id="Bed011.w.4,616" starttime="1431.52" endtime="1431.68" c="W">two</w>
   <w nite:id="Bed011.w.4,617" starttime="1431.68" endtime="1432.01" c="W">weeks</w>
   <w nite:id="Bed011.w.4,618" starttime="1432.01" endtime="1432.01" c=".">.</w>
   <vocalsound nite:id="Bed011.vocalsound.57" starttime="" endtime="" description="laugh"/>
   <vocalsound nite:id="Bed011.vocalsound.59" starttime="" endtime="" description="laugh"/>
   <vocalsound nite:id="Bed011.vocalsound.61" starttime="" endtime="" description="laugh"/>
   <w nite:id="Bed011.w.4,820" starttime="1485.77" endtime="1485.88" c="W">Take</w>
   <disfmarker nite:id="Bed011.disfmarker.218" starttime="" endtime=""/>
   <w nite:id="Bed011.w.4,821" starttime="1486.25" endtime="1486.45" c="W">care</w>
   <w nite:id="Bed011.w.4,822" starttime="1486.45" endtime="1486.51" c="W">of</w>
   <w nite:id="Bed011.w.4,823" starttime="1486.57" endtime="1486.66" c="W">him</w>
   <w nite:id="Bed011.w.4,824" starttime="1486.66" endtime="1486.66" c=".">.</w>
   <w nite:id="Bed011.w.4,940" starttime="1521.05" endtime="1521.36" c="W">Well</w>
   <w nite:id="Bed011.w.4,941" starttime="1521.36" endtime="1521.36" c="CM">,</w>
   <w nite:id="Bed011.w.4,942" starttime="1521.81" endtime="1521.97" c="W">I</w>
   <w nite:id="Bed011.w.4,943" starttime="1521.97" endtime="1522.34" c="W">guess</w>
   <w nite:id="Bed011.w.4,944" starttime="1522.34" endtime="1522.34" c=".">.</w>
   <w nite:id="Bed011.w.4,945" starttime="1522.34" endtime="" c="W">I</w>
   <w nite:id="Bed011.w.4,946" starttime="" endtime="1522.43" c="W">'m</w>
   <w nite:id="Bed011.w.4,947" starttime="1522.43" endtime="1522.59" c="W">not</w>
   <w nite:id="Bed011.w.4,948" starttime="1522.59" endtime="1522.75" c="W">sure</w>
   <w nite:id="Bed011.w.4,949" starttime="1522.75" endtime="1522.91" c="W">how</w>
   <w nite:id="Bed011.w.4,950" starttime="1522.91" endtime="1523.11" c="W">long</w>
   <w nite:id="Bed011.w.4,951" starttime="1523.11" endtime="" c="W">it</w>
   <w nite:id="Bed011.w.4,952" starttime="" endtime="1523.25" c="APOSS">'s</w>
   <w nite:id="Bed011.w.4,953" starttime="1523.25" endtime="1523.64" c="W">actually</w>
   <w nite:id="Bed011.w.4,954" starttime="1523.64" endtime="1523.87" c="W">going</w>
   <w nite:id="Bed011.w.4,955" starttime="1523.87" endtime="1523.95" c="W">to</w>
   <w nite:id="Bed011.w.4,956" starttime="1523.95" endtime="1524.34" c="W">take</w>
   <w nite:id="Bed011.w.4,957" starttime="1524.34" endtime="1524.34" c=".">.</w>
   <vocalsound nite:id="Bed011.vocalsound.62" starttime="" endtime="" description="laugh"/>
   <w nite:id="Bed011.w.5,036" starttime="1541.65" endtime="1541.84" c="W">It</w>
   <w nite:id="Bed011.w.5,037" starttime="1541.84" endtime="1542.08" c="W">feels</w>
   <w nite:id="Bed011.w.5,038" starttime="1542.08" endtime="1542.24" c="W">like</w>
   <w nite:id="Bed011.w.5,039" starttime="1542.24" endtime="1542.27" c="W">a</w>
   <w nite:id="Bed011.w.5,040" starttime="1542.27" endtime="1542.53" c="W">long</w>
   <w nite:id="Bed011.w.5,041" starttime="1542.53" endtime="1542.78" c="W">time</w>
   <w nite:id="Bed011.w.5,042" starttime="1542.78" endtime="1542.98" c="W">but</w>
   <w nite:id="Bed011.w.5,043" starttime="1542.98" endtime="1542.98" c=".">.</w>
   <vocalsound nite:id="Bed011.vocalsound.63" starttime="" endtime="" description="laugh"/>
   <w nite:id="Bed011.w.5,239" starttime="1600.46" endtime="1600.55" c="W">But</w>
   <w nite:id="Bed011.w.5,240" starttime="1600.55" endtime="1600.63" c="W">were</w>
   <w nite:id="Bed011.w.5,241" starttime="1600.63" endtime="1600.81" c="W">you</w>
   <w nite:id="Bed011.w.5,242" starttime="1600.81" endtime="1601.22" c="W">saying</w>
   <w nite:id="Bed011.w.5,243" starttime="1601.22" endtime="1601.51" c="W">that</w>
   <disfmarker nite:id="Bed011.disfmarker.247" starttime="" endtime=""/>
   <w nite:id="Bed011.w.5,256" starttime="1603.98" endtime="1604.11" c="W">Yeah</w>
   <w nite:id="Bed011.w.5,257" starttime="1604.11" endtime="1604.11" c=".">.</w>
   <vocalsound nite:id="Bed011.vocalsound.67" starttime="" endtime="" description="laugh"/>
   <w nite:id="Bed011.w.5,269" starttime="1610.16" endtime="1610.35" c="W">That</w>
   <w nite:id="Bed011.w.5,270" starttime="1610.35" endtime="1610.45" c="TRUNCW">w</w>
   <w nite:id="Bed011.w.5,271" starttime="1611.26" endtime="1611.5" c="W">maybe</w>
   <w nite:id="Bed011.w.5,272" starttime="1611.5" endtime="1611.66" c="W">one</w>
   <w nite:id="Bed011.w.5,273" starttime="1611.66" endtime="1611.8" c="W">thing</w>
   <w nite:id="Bed011.w.5,274" starttime="1611.8" endtime="1611.86" c="W">we</w>
   <w nite:id="Bed011.w.5,275" starttime="1611.86" endtime="1612.0" c="W">should</w>
   <w nite:id="Bed011.w.5,276" starttime="1612.0" endtime="1612.17" c="W">do</w>
   <w nite:id="Bed011.w.5,277" starttime="1612.17" endtime="1612.31" c="W">is</w>
   <w nite:id="Bed011.w.5,278" starttime="1612.31" endtime="1612.45" c="W">go</w>
   <w nite:id="Bed011.w.5,279" starttime="1612.45" endtime="1612.57" c="W">through</w>
   <w nite:id="Bed011.w.5,280" starttime="1612.57" endtime="1612.76" c="W">this</w>
   <w nite:id="Bed011.w.5,281" starttime="1612.76" endtime="1612.98" c="W">list</w>
   <w nite:id="Bed011.w.5,282" starttime="1612.98" endtime="1613.12" c="W">and</w>
   <w nite:id="Bed011.w.5,283" starttime="1613.12" endtime="1613.26" c="W">sort</w>
   <w nite:id="Bed011.w.5,284" starttime="1613.26" endtime="1613.34" c="W">of</w>
   <w nite:id="Bed011.w.5,285" starttime="1613.34" endtime="1613.66" c="W">select</w>
   <w nite:id="Bed011.w.5,286" starttime="1613.66" endtime="1613.95" c="W">things</w>
   <w nite:id="Bed011.w.5,287" starttime="1613.95" endtime="1614.06" c="W">that</w>
   <w nite:id="Bed011.w.5,288" starttime="1614.06" endtime="1614.16" c="W">are</w>
   <w nite:id="Bed011.w.5,289" starttime="1614.16" endtime="1614.83" c="W">categories</w>
   <w nite:id="Bed011.w.5,290" starttime="1614.83" endtime="1614.95" c="W">and</w>
   <w nite:id="Bed011.w.5,291" starttime="1614.95" endtime="1615.06" c="W">then</w>
   <w nite:id="Bed011.w.5,292" starttime="1615.06" endtime="1615.18" c="TRUNCW">o</w>
   <w nite:id="Bed011.w.5,293" starttime="1615.24" endtime="1615.52" c="W">offer</w>
   <w nite:id="Bed011.w.5,294" starttime="1615.52" endtime="1615.71" c="W">only</w>
   <w nite:id="Bed011.w.5,295" starttime="1615.71" endtime="1616.0" c="W">one</w>
   <w nite:id="Bed011.w.5,296" starttime="1616.0" endtime="1616.23" c="W">member</w>
   <w nite:id="Bed011.w.5,297" starttime="1616.23" endtime="1616.32" c="W">of</w>
   <w nite:id="Bed011.w.5,298" starttime="1616.32" endtime="1616.45" c="W">that</w>
   <w nite:id="Bed011.w.5,299" starttime="1616.45" endtime="1616.9" c="W">category</w>
   <w nite:id="Bed011.w.5,300" starttime="1616.9" endtime="1616.9" c=".">?</w>
   <w nite:id="Bed011.w.5,314" starttime="1618.57" endtime="1618.82" t="PLET" c="W">OK</w>
   <w nite:id="Bed011.w.5,315" starttime="1618.82" endtime="1618.82" c=".">.</w>
   <w nite:id="Bed011.w.5,324" starttime="1620.83" endtime="1620.92" c="W">And</w>
   <w nite:id="Bed011.w.5,325" starttime="1620.92" endtime="1621.08" c="W">then</w>
   <w nite:id="Bed011.w.5,326" starttime="1621.08" endtime="1621.08" c="CM">,</w>
   <w nite:id="Bed011.w.5,327" starttime="1621.08" endtime="1621.16" c="W">I</w>
   <w nite:id="Bed011.w.5,328" starttime="1621.16" endtime="1621.32" c="W">mean</w>
   <w nite:id="Bed011.w.5,329" starttime="1621.32" endtime="1621.32" c="CM">,</w>
   <w nite:id="Bed011.w.5,330" starttime="1621.32" endtime="1621.4" c="W">they</w>
   <w nite:id="Bed011.w.5,331" starttime="1621.4" endtime="1621.55" c="W">could</w>
   <w nite:id="Bed011.w.5,332" starttime="1621.55" endtime="1621.68" c="W">be</w>
   <w nite:id="Bed011.w.5,333" starttime="1621.68" endtime="1622.1" c="W">alternate</w>
   <w nite:id="Bed011.w.5,334" starttime="1622.33" endtime="1622.79" c="W">versions</w>
   <w nite:id="Bed011.w.5,335" starttime="1622.79" endtime="1622.92" c="W">of</w>
   <w nite:id="Bed011.w.5,336" starttime="1622.92" endtime="1623.03" c="W">the</w>
   <w nite:id="Bed011.w.5,337" starttime="1623.03" endtime="1623.38" c="W">same</w>
   <disfmarker nite:id="Bed011.disfmarker.249" starttime="" endtime=""/>
   <w nite:id="Bed011.w.5,347" starttime="1624.4" endtime="1624.48" c="W">If</w>
   <w nite:id="Bed011.w.5,348" starttime="1624.48" endtime="1624.56" c="W">you</w>
   <w nite:id="Bed011.w.5,349" starttime="1624.56" endtime="1624.77" c="W">wanted</w>
   <w nite:id="Bed011.w.5,350" starttime="1624.77" endtime="1624.97" c="W">data</w>
   <w nite:id="Bed011.w.5,351" starttime="1624.97" endtime="1625.08" c="W">on</w>
   <w nite:id="Bed011.w.5,352" starttime="1625.08" endtime="1625.43" c="W">different</w>
   <w nite:id="Bed011.w.5,360" starttime="1626.75" endtime="1627.36" c="W">constructions</w>
   <w nite:id="Bed011.w.5,361" starttime="1627.36" endtime="1627.36" c=".">.</w>
   <w nite:id="Bed011.w.5,363" starttime="1633.25" endtime="1633.4" c="W">Like</w>
   <w nite:id="Bed011.w.5,364" starttime="1633.4" endtime="1633.55" c="W">one</w>
   <w nite:id="Bed011.w.5,365" starttime="1633.55" endtime="1633.84" c="W">person</w>
   <w nite:id="Bed011.w.5,366" starttime="1633.84" endtime="1634.03" c="W">gets</w>
   <w nite:id="Bed011.w.5,367" starttime="1634.03" endtime="1634.11" c="W">the</w>
   <w nite:id="Bed011.w.5,368" starttime="1634.11" endtime="1634.38" c="W">version</w>
   <w nite:id="Bed011.w.5,369" starttime="1634.38" endtime="1634.51" c="W">with</w>
   <w nite:id="Bed011.w.5,370" starttime="1634.51" endtime="1634.61" c="W">the</w>
   <w nite:id="Bed011.w.5,371" starttime="1634.61" endtime="1634.94" c="W">zoo</w>
   <w nite:id="Bed011.w.5,372" starttime="1634.94" endtime="1635.08" c="W">as</w>
   <w nite:id="Bed011.w.5,373" starttime="1635.08" endtime="1635.11" c="W">a</w>
   <w nite:id="Bed011.w.5,374" starttime="1635.11" endtime="1635.45" c="W">choice</w>
   <w nite:id="Bed011.w.5,375" starttime="1635.45" endtime="1635.45" c="CM">,</w>
   <w nite:id="Bed011.w.5,376" starttime="1635.52" endtime="1635.65" c="W">and</w>
   <w nite:id="Bed011.w.5,377" starttime="1635.65" endtime="1635.74" c="W">the</w>
   <w nite:id="Bed011.w.5,378" starttime="1635.74" endtime="1635.89" c="W">other</w>
   <w nite:id="Bed011.w.5,379" starttime="1635.89" endtime="1636.24" c="W">person</w>
   <w nite:id="Bed011.w.5,380" starttime="1636.24" endtime="1636.44" c="W">gets</w>
   <w nite:id="Bed011.w.5,381" starttime="1636.52" endtime="1636.72" c="W">the</w>
   <disfmarker nite:id="Bed011.disfmarker.253" starttime="" endtime=""/>
   <w nite:id="Bed011.w.5,444" starttime="1645.9" endtime="1645.99" c="W">Well</w>
   <w nite:id="Bed011.w.5,445" starttime="1645.99" endtime="1646.07" c="W">no</w>
   <w nite:id="Bed011.w.5,446" starttime="1646.07" endtime="1646.07" c="CM">,</w>
   <w nite:id="Bed011.w.5,447" starttime="1646.07" endtime="1646.18" c="W">they</w>
   <w nite:id="Bed011.w.5,448" starttime="1646.18" endtime="1646.3" c="W">could</w>
   <w nite:id="Bed011.w.5,449" starttime="1646.3" endtime="1646.5" c="W">still</w>
   <w nite:id="Bed011.w.5,450" starttime="1646.5" endtime="1646.95" c="W">choose</w>
   <w nite:id="Bed011.w.5,451" starttime="1646.95" endtime="1646.95" c=".">.</w>
   <w nite:id="Bed011.w.5,452" starttime="1646.95" endtime="1647.06" c="W">They</w>
   <w nite:id="Bed011.w.5,453" starttime="1647.06" endtime="1647.2" c="W">just</w>
   <w nite:id="Bed011.w.5,454" starttime="1647.2" endtime="1647.39" c="W">wouldn't</w>
   <w nite:id="Bed011.w.5,455" starttime="1647.39" endtime="1647.46" c="W">be</w>
   <w nite:id="Bed011.w.5,456" starttime="1647.46" endtime="1647.59" c="W">able</w>
   <w nite:id="Bed011.w.5,457" starttime="1647.59" endtime="1647.67" c="W">to</w>
   <w nite:id="Bed011.w.5,458" starttime="1647.67" endtime="1647.98" c="W">choose</w>
   <w nite:id="Bed011.w.5,459" starttime="1647.98" endtime="1648.3" c="W">both</w>
   <w nite:id="Bed011.w.5,460" starttime="1648.3" endtime="1648.67" c="W">zoo</w>
   <w nite:id="Bed011.w.5,461" starttime="1648.67" endtime="1649.11" c="W">and</w>
   <w nite:id="Bed011.w.5,462" starttime="1649.41" endtime="1649.7" c="W">say</w>
   <w nite:id="Bed011.w.5,463" starttime="1649.7" endtime="1649.7" c="CM">,</w>
   <w nite:id="Bed011.w.5,464" starttime="1649.7" endtime="1650.05" c="W">touring</w>
   <w nite:id="Bed011.w.5,465" starttime="1650.05" endtime="1650.11" c="W">the</w>
   <w nite:id="Bed011.w.5,466" starttime="1650.11" endtime="1650.55" c="W">castle</w>
   <w nite:id="Bed011.w.5,467" starttime="1650.55" endtime="1650.55" c=".">.</w>
   <w nite:id="Bed011.w.5,520" starttime="1658.36" endtime="1658.68" c="W">Yeah</w>
   <w nite:id="Bed011.w.5,521" starttime="1658.68" endtime="1658.68" c=".">.</w>
   <vocalsound nite:id="Bed011.vocalsound.69" starttime="" endtime="" description="laugh"/>
   <w nite:id="Bed011.w.5,532" starttime="1663.01" endtime="1663.07" c="W">He</w>
   <w nite:id="Bed011.w.5,533" starttime="1663.07" endtime="1663.2" c="W">was</w>
   <w nite:id="Bed011.w.5,534" starttime="1663.33" endtime="1663.63" c="W">vicious</w>
   <w nite:id="Bed011.w.5,535" starttime="1663.63" endtime="1663.63" c=".">.</w>
   <vocalsound nite:id="Bed011.vocalsound.70" starttime="" endtime="" description="laugh"/>
   <w nite:id="Bed011.w.5,557" starttime="1671.9" endtime="1671.93" c="W">I</w>
   <w nite:id="Bed011.w.5,558" starttime="1671.93" endtime="1672.09" c="W">mean</w>
   <w nite:id="Bed011.w.5,559" starttime="1672.09" endtime="1672.29" c="W">there</w>
   <disfmarker nite:id="Bed011.disfmarker.261" starttime="" endtime=""/>
   <w nite:id="Bed011.w.5,560" starttime="1672.36" endtime="1672.49" c="W">they</w>
   <w nite:id="Bed011.w.5,561" starttime="1672.49" endtime="1672.78" c="W">are</w>
   <w nite:id="Bed011.w.5,562" starttime="1673.12" endtime="1673.66" c="W">significantly</w>
   <w nite:id="Bed011.w.5,563" starttime="1673.66" endtime="1673.98" c="W">different</w>
   <w nite:id="Bed011.w.5,564" starttime="1673.98" endtime="1673.98" c="CM">,</w>
   <w nite:id="Bed011.w.5,565" starttime="1673.98" endtime="1674.22" c="W">but</w>
   <w nite:id="Bed011.w.5,566" starttime="1674.22" endtime="1674.22" c=".">.</w>
   <w nite:id="Bed011.w.5,608" starttime="1680.18" endtime="1680.49" c="W">Yeah</w>
   <w nite:id="Bed011.w.5,609" starttime="1680.49" endtime="1680.49" c="CM">,</w>
   <w nite:id="Bed011.w.5,610" starttime="1680.49" endtime="1680.61" c="W">I</w>
   <w nite:id="Bed011.w.5,611" starttime="1680.61" endtime="1680.78" c="W">guess</w>
   <w nite:id="Bed011.w.5,612" starttime="1680.84" endtime="1681.03" c="W">so</w>
   <w nite:id="Bed011.w.5,613" starttime="1681.03" endtime="1681.03" c=".">.</w>
   <vocalsound nite:id="Bed011.vocalsound.71" starttime="" endtime="" description="laugh"/>
   <w nite:id="Bed011.w.6,019" starttime="1817.3" endtime="1817.42" c="W">That</w>
   <w nite:id="Bed011.w.6,020" starttime="1817.42" endtime="1817.63" c="W">means</w>
   <w nite:id="Bed011.w.6,021" starttime="1817.63" endtime="1817.77" c="W">that</w>
   <w nite:id="Bed011.w.6,022" starttime="1817.96" endtime="1818.12" c="W">one</w>
   <w nite:id="Bed011.w.6,023" starttime="1818.12" endtime="1818.33" c="W">hundred</w>
   <w nite:id="Bed011.w.6,024" starttime="1818.33" endtime="1818.57" c="W">people</w>
   <w nite:id="Bed011.w.6,025" starttime="1818.57" endtime="1818.73" c="W">have</w>
   <w nite:id="Bed011.w.6,026" starttime="1818.73" endtime="1818.82" c="W">to</w>
   <w nite:id="Bed011.w.6,027" starttime="1818.82" endtime="1818.93" c="W">be</w>
   <w nite:id="Bed011.w.6,028" starttime="1818.93" endtime="1819.45" c="W">interested</w>
   <w nite:id="Bed011.w.6,029" starttime="1819.45" endtime="1819.45" c=".">.</w>
   <w nite:id="Bed011.w.6,033" starttime="1822.41" endtime="1822.58" c="W">Yeah</w>
   <w nite:id="Bed011.w.6,034" starttime="1822.58" endtime="1822.58" c=".">.</w>
   <w nite:id="Bed011.w.6,054" starttime="1827.42" endtime="1827.77" c="W">Yeah</w>
   <w nite:id="Bed011.w.6,055" starttime="1827.77" endtime="1827.77" c=".">.</w>
   <w nite:id="Bed011.w.6,056" starttime="1828.37" endtime="1828.58" c="W">Yeah</w>
   <w nite:id="Bed011.w.6,057" starttime="1828.58" endtime="1828.58" c=".">.</w>
   <vocalsound nite:id="Bed011.vocalsound.74" starttime="" endtime="" description="laugh"/>
   <vocalsound nite:id="Bed011.vocalsound.75" starttime="" endtime="" description="laugh"/>
   <vocalsound nite:id="Bed011.vocalsound.77" starttime="" endtime="" description="laugh"/>
   <vocalsound nite:id="Bed011.vocalsound.81" starttime="" endtime="" description="laugh"/>
   <w nite:id="Bed011.w.6,544" starttime="1947.07" endtime="1947.4" c="W">Right</w>
   <w nite:id="Bed011.w.6,545" starttime="1947.4" endtime="1947.4" c=".">.</w>
   <vocalsound nite:id="Bed011.vocalsound.83" starttime="" endtime="" description="laugh"/>
   <w nite:id="Bed011.w.6,546" starttime="1948.42" endtime="" c="W">That</w>
   <w nite:id="Bed011.w.6,547" starttime="" endtime="1948.63" c="APOSS">'s</w>
   <w nite:id="Bed011.w.6,548" starttime="1948.63" endtime="1948.88" c="W">enough</w>
   <w nite:id="Bed011.w.6,549" starttime="1948.88" endtime="1948.88" c=".">.</w>
   <vocalsound nite:id="Bed011.vocalsound.90" starttime="" endtime="" description="laugh"/>
   <w nite:id="Bed011.w.6,646" starttime="1977.56" endtime="1977.68" c="W">Never</w>
   <w nite:id="Bed011.w.6,647" starttime="1977.68" endtime="1977.68" c=".">.</w>
   <vocalsound nite:id="Bed011.vocalsound.96" starttime="" endtime="" description="laugh"/>
   <vocalsound nite:id="Bed011.vocalsound.97" starttime="" endtime="" description="laugh"/>
   <w nite:id="Bed011.w.7,513" starttime="2196.78" endtime="2197.29" c="W">Mmm</w>
   <w nite:id="Bed011.w.7,514" starttime="2197.29" endtime="2197.45" c="TRUNCW">g</w>
   <w nite:id="Bed011.w.7,515" starttime="2197.65" endtime="" c="W">that</w>
   <w nite:id="Bed011.w.7,516" starttime="" endtime="2197.77" c="APOSS">'s</w>
   <w nite:id="Bed011.w.7,517" starttime="2197.77" endtime="2198.03" c="W">good</w>
   <w nite:id="Bed011.w.7,518" starttime="2198.03" endtime="2198.03" c=".">.</w>
   <vocalsound nite:id="Bed011.vocalsound.110" starttime="" endtime="" description="laugh"/>
   <vocalsound nite:id="Bed011.vocalsound.111" starttime="" endtime="" description="laugh"/>
   <w nite:id="Bed011.w.8,222" starttime="2378.57" endtime="2378.86" c="W">Mmm</w>
   <w nite:id="Bed011.w.8,223" starttime="2378.86" endtime="2378.86" c=".">.</w>
   <vocalsound nite:id="Bed011.vocalsound.114" starttime="" endtime="" description="laugh"/>
   <w nite:id="Bed011.w.8,331" starttime="2405.87" endtime="2406.07" c="W">Right</w>
   <w nite:id="Bed011.w.8,332" starttime="2406.07" endtime="2406.07" c=".">.</w>
   <vocalsound nite:id="Bed011.vocalsound.118" starttime="" endtime="" description="laugh"/>
   <vocalsound nite:id="Bed011.vocalsound.124" starttime="" endtime="" description="laugh"/>
   <vocalsound nite:id="Bed011.vocalsound.126" starttime="" endtime="" description="laugh"/>
   <vocalsound nite:id="Bed011.vocalsound.127" starttime="" endtime="" description="laugh"/>
   <w nite:id="Bed011.w.8,820" starttime="2516.08" endtime="2516.45" c="W">Right</w>
   <w nite:id="Bed011.w.8,821" starttime="2516.45" endtime="2516.45" c=".">.</w>
   <vocalsound nite:id="Bed011.vocalsound.129" starttime="" endtime="" description="laugh"/>
   <vocalsound nite:id="Bed011.vocalsound.130" starttime="" endtime="" description="laugh"/>
   <w nite:id="Bed011.w.9,133" starttime="2626.69" endtime="2626.9" c="W">Still</w>
   <w nite:id="Bed011.w.9,134" starttime="2626.9" endtime="2627.27" c="W">wrong</w>
   <w nite:id="Bed011.w.9,135" starttime="2627.27" endtime="2627.27" c=".">.</w>
   <vocalsound nite:id="Bed011.vocalsound.131" starttime="" endtime="" description="laugh"/>
   <vocalsound nite:id="Bed011.vocalsound.139" starttime="" endtime="" description="laugh"/>
   <vocalsound nite:id="Bed011.vocalsound.146" starttime="" endtime="" description="laugh"/>
   <vocalsound nite:id="Bed011.vocalsound.149" starttime="" endtime="" description="laugh"/>
   <vocalsound nite:id="Bed011.vocalsound.152" starttime="" endtime="" description="laugh"/>
   <vocalsound nite:id="Bed011.vocalsound.153" starttime="" endtime="" description="laugh"/>
   <vocalsound nite:id="Bed011.vocalsound.163" starttime="" endtime="" description="laugh"/>
   <w nite:id="Bed011.w.11,377" starttime="3226.29" endtime="3226.43" c="W">Then</w>
   <w nite:id="Bed011.w.11,378" starttime="3226.43" endtime="3226.49" c="W">you</w>
   <w nite:id="Bed011.w.11,379" starttime="3226.65" endtime="3226.78" c="W">can</w>
   <w nite:id="Bed011.w.11,380" starttime="3227.21" endtime="3227.89" c="W">go</w>
   <w nite:id="Bed011.w.11,381" starttime="3227.89" endtime="3227.89" c=".">.</w>
</nite:root>