<?xml version="1.0" encoding="ISO-8859-1" standalone="yes"?>
<nite:root nite:id="ES2003c.D.words" xmlns:nite="http://nite.sourceforge.net/">
   <vocalsound nite:id="ES2003c.D.words0" starttime="79.2" endtime="79.2" type="other"/>
   <w nite:id="ES2003c.D.words1" starttime="79.67" endtime="80.06">Uh</w>
   <w nite:id="ES2003c.D.words2" starttime="80.06" endtime="80.24">uh</w>
   <w nite:id="ES2003c.D.words3" starttime="80.24" endtime="81.28">okay</w>
   <w nite:id="ES2003c.D.words4" starttime="81.28" endtime="81.28" punc="true">.</w>
   <w nite:id="ES2003c.D.words5" starttime="81.28" endtime="81.4">I&#39;ll</w>
   <w nite:id="ES2003c.D.words6" starttime="81.4" endtime="82.84" mispronounced="true">just</w>
   <disfmarker nite:id="ES2003c.D.words7" starttime="82.84" endtime="82.995"/>
   <vocalsound nite:id="ES2003c.D.words8" starttime="107.968" endtime="107.968" type="other"/>
   <w nite:id="ES2003c.D.words9" starttime="108.19" endtime="108.3">Uh</w>
   <w nite:id="ES2003c.D.words10" starttime="108.3" endtime="108.39">I</w>
   <w nite:id="ES2003c.D.words11" starttime="108.39" endtime="108.92">have</w>
   <w nite:id="ES2003c.D.words12" starttime="108.92" endtime="109.16">a</w>
   <w nite:id="ES2003c.D.words13" starttime="109.16" endtime="109.93">presentation</w>
   <gap nite:id="ES2003c.D.words14" starttime="109.93" endtime="109.93"/>
   <w nite:id="ES2003c.D.words15" starttime="109.93" endtime="110.16">I</w>
   <w nite:id="ES2003c.D.words16" starttime="110.16" endtime="110.38">just</w>
   <w nite:id="ES2003c.D.words17" starttime="110.38" endtime="110.66">saved</w>
   <w nite:id="ES2003c.D.words18" starttime="110.66" endtime="110.73">it</w>
   <w nite:id="ES2003c.D.words19" starttime="110.73" endtime="110.88">in</w>
   <w nite:id="ES2003c.D.words20" starttime="110.88" endtime="110.97">the</w>
   <w nite:id="ES2003c.D.words21" starttime="110.97" endtime="111.96">uh</w>
   <w nite:id="ES2003c.D.words22" starttime="111.96" endtime="112.62">the</w>
   <w nite:id="ES2003c.D.words23" starttime="112.62" endtime="113.27">folder</w>
   <w nite:id="ES2003c.D.words24" starttime="113.27" endtime="113.27" punc="true">.</w>
   <w nite:id="ES2003c.D.words25" starttime="120.33" endtime="121.38">Uh</w>
   <w nite:id="ES2003c.D.words26" starttime="121.38" endtime="121.38" punc="true">.</w>
   <w nite:id="ES2003c.D.words27" starttime="125.66" endtime="125.91">It&#39;s</w>
   <w nite:id="ES2003c.D.words28" starttime="125.91" endtime="126.45">uh</w>
   <disfmarker nite:id="ES2003c.D.words29" starttime="126.45" endtime="126.589"/>
   <w nite:id="ES2003c.D.words30" starttime="127.54" endtime="128.03">Components</w>
   <w nite:id="ES2003c.D.words31" starttime="128.03" endtime="128.33">design</w>
   <w nite:id="ES2003c.D.words32" starttime="128.33" endtime="128.33" punc="true">.</w>
   <gap nite:id="ES2003c.D.words33" starttime="130.48" endtime="132.0"/>
   <w nite:id="ES2003c.D.words34" starttime="132.0" endtime="132.0" punc="true">.</w>
   <w nite:id="ES2003c.D.words35" starttime="140.89" endtime="142.14">Alright</w>
   <w nite:id="ES2003c.D.words36" starttime="142.14" endtime="142.14" punc="true">.</w>
   <vocalsound nite:id="ES2003c.D.words37" starttime="142.14" endtime="142.14" type="cough"/>
   <w nite:id="ES2003c.D.words38" starttime="142.14" endtime="142.63">So</w>
   <disfmarker nite:id="ES2003c.D.words39" starttime="142.63" endtime="142.71"/>
   <vocalsound nite:id="ES2003c.D.words40" starttime="143.302" endtime="143.302" type="other"/>
   <w nite:id="ES2003c.D.words41" starttime="144.22" endtime="144.79">Uh</w>
   <w nite:id="ES2003c.D.words42" starttime="144.79" endtime="144.79" punc="true">.</w>
   <w nite:id="ES2003c.D.words43" starttime="146.31" endtime="146.42">The</w>
   <w nite:id="ES2003c.D.words44" starttime="146.42" endtime="147.43">case</w>
   <w nite:id="ES2003c.D.words45" starttime="147.43" endtime="147.5">uh</w>
   <w nite:id="ES2003c.D.words46" starttime="147.5" endtime="148.1" trunc="true">le</w>
   <w nite:id="ES2003c.D.words47" starttime="148.1" endtime="148.36">that&#39;s</w>
   <w nite:id="ES2003c.D.words48" starttime="148.36" endtime="148.5">what</w>
   <w nite:id="ES2003c.D.words49" starttime="148.5" endtime="148.53">I</w>
   <w nite:id="ES2003c.D.words50" starttime="148.53" endtime="148.75">wrote</w>
   <w nite:id="ES2003c.D.words51" starttime="148.75" endtime="149.03">first</w>
   <w nite:id="ES2003c.D.words52" starttime="149.03" endtime="149.13">of</w>
   <w nite:id="ES2003c.D.words53" starttime="149.13" endtime="149.35">all</w>
   <w nite:id="ES2003c.D.words54" starttime="149.35" endtime="149.35" punc="true">,</w>
   <w nite:id="ES2003c.D.words55" starttime="149.35" endtime="149.6">could</w>
   <w nite:id="ES2003c.D.words56" starttime="149.6" endtime="149.72">be</w>
   <w nite:id="ES2003c.D.words57" starttime="149.72" endtime="150.54">plastic</w>
   <w nite:id="ES2003c.D.words58" starttime="150.54" endtime="150.73">our</w>
   <w nite:id="ES2003c.D.words59" starttime="150.73" endtime="151.66">plastic</w>
   <w nite:id="ES2003c.D.words60" starttime="151.66" endtime="151.66" punc="true">.</w>
   <w nite:id="ES2003c.D.words61" starttime="151.66" endtime="151.96">Uh</w>
   <w nite:id="ES2003c.D.words62" starttime="151.96" endtime="152.2">but</w>
   <w nite:id="ES2003c.D.words63" starttime="152.2" endtime="152.51">later</w>
   <w nite:id="ES2003c.D.words64" starttime="152.51" endtime="153.54">on</w>
   <gap nite:id="ES2003c.D.words65" starttime="153.54" endtime="153.54"/>
   <w nite:id="ES2003c.D.words66" starttime="153.54" endtime="153.66">we</w>
   <w nite:id="ES2003c.D.words67" starttime="153.66" endtime="153.94">found</w>
   <w nite:id="ES2003c.D.words68" starttime="153.94" endtime="154.12">out</w>
   <w nite:id="ES2003c.D.words69" starttime="154.12" endtime="154.39">that</w>
   <w nite:id="ES2003c.D.words70" starttime="154.39" endtime="155.08">um</w>
   <w nite:id="ES2003c.D.words71" starttime="155.08" endtime="155.16">it</w>
   <w nite:id="ES2003c.D.words72" starttime="155.16" endtime="155.25">can</w>
   <w nite:id="ES2003c.D.words73" starttime="155.25" endtime="155.34">be</w>
   <w nite:id="ES2003c.D.words74" starttime="155.34" endtime="155.71">rubber</w>
   <w nite:id="ES2003c.D.words75" starttime="155.71" endtime="155.83">as</w>
   <w nite:id="ES2003c.D.words76" starttime="155.83" endtime="156.34">well</w>
   <w nite:id="ES2003c.D.words77" starttime="156.34" endtime="156.34" punc="true">,</w>
   <w nite:id="ES2003c.D.words78" starttime="156.34" endtime="156.91">or</w>
   <w nite:id="ES2003c.D.words79" starttime="156.91" endtime="157.53">titanium</w>
   <w nite:id="ES2003c.D.words80" starttime="157.53" endtime="157.82">or</w>
   <w nite:id="ES2003c.D.words81" starttime="157.82" endtime="158.12">even</w>
   <w nite:id="ES2003c.D.words82" starttime="158.12" endtime="159.26">wood</w>
   <w nite:id="ES2003c.D.words83" starttime="159.26" endtime="159.26" punc="true">.</w>
   <w nite:id="ES2003c.D.words84" starttime="159.26" endtime="159.69">So</w>
   <w nite:id="ES2003c.D.words85" starttime="159.69" endtime="160.32">uh</w>
   <w nite:id="ES2003c.D.words86" starttime="160.32" endtime="160.6" mispronounced="true">we</w>
   <w nite:id="ES2003c.D.words87" starttime="160.6" endtime="161.04">decide</w>
   <w nite:id="ES2003c.D.words88" starttime="161.04" endtime="161.13">what</w>
   <w nite:id="ES2003c.D.words89" starttime="161.13" endtime="161.25">it&#39;s</w>
   <w nite:id="ES2003c.D.words90" starttime="161.25" endtime="161.49">gonna</w>
   <w nite:id="ES2003c.D.words91" starttime="161.49" endtime="161.78">be</w>
   <w nite:id="ES2003c.D.words92" starttime="161.78" endtime="161.78" punc="true">.</w>
   <w nite:id="ES2003c.D.words93" starttime="161.78" endtime="162.1">Probably</w>
   <w nite:id="ES2003c.D.words94" starttime="162.1" endtime="163.17">plastic</w>
   <w nite:id="ES2003c.D.words95" starttime="163.17" endtime="163.17" punc="true">.</w>
   <w nite:id="ES2003c.D.words96" starttime="163.17" endtime="163.63">Uh</w>
   <w nite:id="ES2003c.D.words97" starttime="165.16" endtime="165.26">we</w>
   <w nite:id="ES2003c.D.words98" starttime="165.26" endtime="165.63">need</w>
   <w nite:id="ES2003c.D.words99" starttime="165.63" endtime="166.01">the</w>
   <w nite:id="ES2003c.D.words100" starttime="166.01" endtime="166.48">infra-red</w>
   <w nite:id="ES2003c.D.words101" starttime="166.48" endtime="167.63">transmitter</w>
   <w nite:id="ES2003c.D.words102" starttime="167.63" endtime="167.63" punc="true">.</w>
   <w nite:id="ES2003c.D.words103" starttime="167.63" endtime="167.8">Get</w>
   <w nite:id="ES2003c.D.words104" starttime="167.8" endtime="167.94">that</w>
   <w nite:id="ES2003c.D.words105" starttime="167.94" endtime="168.13">off</w>
   <w nite:id="ES2003c.D.words106" starttime="168.13" endtime="168.23">the</w>
   <w nite:id="ES2003c.D.words107" starttime="168.23" endtime="168.75">shelf</w>
   <w nite:id="ES2003c.D.words108" starttime="168.75" endtime="168.75" punc="true">.</w>
   <w nite:id="ES2003c.D.words109" starttime="168.75" endtime="169.06">Uh</w>
   <w nite:id="ES2003c.D.words110" starttime="169.06" endtime="170.25">joystick</w>
   <w nite:id="ES2003c.D.words111" starttime="170.25" endtime="170.42">we&#39;ll</w>
   <w nite:id="ES2003c.D.words112" starttime="170.42" endtime="170.98">probably</w>
   <w nite:id="ES2003c.D.words113" starttime="170.98" endtime="171.1">if</w>
   <w nite:id="ES2003c.D.words114" starttime="171.1" endtime="171.19">we&#39;re</w>
   <w nite:id="ES2003c.D.words115" starttime="171.19" endtime="171.58">gonna</w>
   <w nite:id="ES2003c.D.words116" starttime="171.58" endtime="171.9">use</w>
   <w nite:id="ES2003c.D.words117" starttime="171.9" endtime="172.77">it</w>
   <w nite:id="ES2003c.D.words118" starttime="172.77" endtime="172.77" punc="true">,</w>
   <w nite:id="ES2003c.D.words119" starttime="172.77" endtime="173.38">um</w>
   <w nite:id="ES2003c.D.words120" starttime="173.38" endtime="173.61">could</w>
   <w nite:id="ES2003c.D.words121" starttime="173.61" endtime="173.97">be</w>
   <w nite:id="ES2003c.D.words122" starttime="175.14" endtime="175.69">plastic</w>
   <w nite:id="ES2003c.D.words123" starttime="175.69" endtime="176.11" trunc="true">w</w>
   <w nite:id="ES2003c.D.words124" starttime="176.11" endtime="176.3">or</w>
   <w nite:id="ES2003c.D.words125" starttime="176.3" endtime="176.64">rubber</w>
   <w nite:id="ES2003c.D.words126" starttime="176.64" endtime="176.87">even</w>
   <w nite:id="ES2003c.D.words127" starttime="176.87" endtime="176.98">as</w>
   <w nite:id="ES2003c.D.words128" starttime="176.98" endtime="177.79">well</w>
   <w nite:id="ES2003c.D.words129" starttime="177.79" endtime="177.79" punc="true">.</w>
   <w nite:id="ES2003c.D.words130" starttime="177.79" endtime="178.42">Um</w>
   <vocalsound nite:id="ES2003c.D.words131" starttime="179.248" endtime="179.248" type="other"/>
   <w nite:id="ES2003c.D.words132" starttime="179.49" endtime="179.57">if</w>
   <w nite:id="ES2003c.D.words133" starttime="179.57" endtime="179.66">you</w>
   <w nite:id="ES2003c.D.words134" starttime="179.66" endtime="179.9">go</w>
   <w nite:id="ES2003c.D.words135" starttime="179.9" endtime="180.08">on</w>
   <w nite:id="ES2003c.D.words136" starttime="180.08" endtime="180.19">to</w>
   <w nite:id="ES2003c.D.words137" starttime="180.19" endtime="180.25">the</w>
   <w nite:id="ES2003c.D.words138" starttime="180.25" endtime="180.59">next</w>
   <w nite:id="ES2003c.D.words139" starttime="180.59" endtime="181.28">slide</w>
   <w nite:id="ES2003c.D.words140" starttime="181.28" endtime="181.28" punc="true">.</w>
   <w nite:id="ES2003c.D.words141" starttime="181.28" endtime="181.97">Uh</w>
   <disfmarker nite:id="ES2003c.D.words142" starttime="181.97" endtime="182.067"/>
   <vocalsound nite:id="ES2003c.D.words143" starttime="182.896" endtime="182.896" type="other"/>
   <w nite:id="ES2003c.D.words144" starttime="183.63" endtime="183.76">If</w>
   <w nite:id="ES2003c.D.words145" starttime="183.76" endtime="183.84">you</w>
   <w nite:id="ES2003c.D.words146" starttime="183.84" endtime="183.94">go</w>
   <w nite:id="ES2003c.D.words147" starttime="183.94" endtime="184.06">on</w>
   <w nite:id="ES2003c.D.words148" starttime="184.06" endtime="184.36">to</w>
   <w nite:id="ES2003c.D.words149" starttime="184.36" endtime="184.63" trunc="true">f</w>
   <w nite:id="ES2003c.D.words150" starttime="184.63" endtime="185.82">uh</w>
   <w nite:id="ES2003c.D.words151" starttime="185.82" endtime="186.5">findings</w>
   <w nite:id="ES2003c.D.words152" starttime="186.5" endtime="186.5" punc="true">,</w>
   <w nite:id="ES2003c.D.words153" starttime="186.5" endtime="186.74">it&#39;s</w>
   <w nite:id="ES2003c.D.words154" starttime="186.74" endtime="186.92">like</w>
   <w nite:id="ES2003c.D.words155" starttime="186.92" endtime="187.1">two</w>
   <w nite:id="ES2003c.D.words156" starttime="187.1" endtime="187.16">or</w>
   <w nite:id="ES2003c.D.words157" starttime="187.16" endtime="187.37">three</w>
   <w nite:id="ES2003c.D.words158" starttime="187.37" endtime="187.77">slides</w>
   <w nite:id="ES2003c.D.words159" starttime="187.77" endtime="187.98">down</w>
   <w nite:id="ES2003c.D.words160" starttime="187.98" endtime="187.98" punc="true">.</w>
   <w nite:id="ES2003c.D.words161" starttime="189.16" endtime="189.43">Right</w>
   <w nite:id="ES2003c.D.words162" starttime="189.43" endtime="189.43" punc="true">.</w>
   <w nite:id="ES2003c.D.words163" starttime="189.43" endtime="190.8">So</w>
   <w nite:id="ES2003c.D.words164" starttime="190.8" endtime="190.8" punc="true">,</w>
   <w nite:id="ES2003c.D.words165" starttime="190.8" endtime="191.0">this</w>
   <w nite:id="ES2003c.D.words166" starttime="191.0" endtime="191.19">is</w>
   <w nite:id="ES2003c.D.words167" starttime="191.19" endtime="191.49">what</w>
   <w nite:id="ES2003c.D.words168" starttime="191.49" endtime="191.52">I</w>
   <w nite:id="ES2003c.D.words169" starttime="191.52" endtime="191.87">found</w>
   <w nite:id="ES2003c.D.words170" starttime="191.87" endtime="191.97">we</w>
   <w nite:id="ES2003c.D.words171" starttime="191.97" endtime="192.11">can</w>
   <w nite:id="ES2003c.D.words172" starttime="192.11" endtime="193.18">use</w>
   <w nite:id="ES2003c.D.words173" starttime="193.18" endtime="193.18" punc="true">.</w>
   <w nite:id="ES2003c.D.words174" starttime="193.18" endtime="193.59">Uh</w>
   <w nite:id="ES2003c.D.words175" starttime="194.82" endtime="195.0">three</w>
   <w nite:id="ES2003c.D.words176" starttime="195.0" endtime="195.22">different</w>
   <w nite:id="ES2003c.D.words177" starttime="195.22" endtime="195.45">types</w>
   <w nite:id="ES2003c.D.words178" starttime="195.45" endtime="195.54">of</w>
   <w nite:id="ES2003c.D.words179" starttime="195.54" endtime="197.08">batteries</w>
   <w nite:id="ES2003c.D.words180" starttime="197.08" endtime="197.08" punc="true">.</w>
   <w nite:id="ES2003c.D.words181" starttime="197.08" endtime="197.53">Um</w>
   <w nite:id="ES2003c.D.words182" starttime="199.52" endtime="199.77">can</w>
   <w nite:id="ES2003c.D.words183" starttime="199.77" endtime="200.14">either</w>
   <w nite:id="ES2003c.D.words184" starttime="200.14" endtime="201.49">use</w>
   <w nite:id="ES2003c.D.words185" starttime="201.49" endtime="201.72">a</w>
   <w nite:id="ES2003c.D.words186" starttime="201.72" endtime="202.08">hand</w>
   <w nite:id="ES2003c.D.words187" starttime="202.08" endtime="203.25">dynamo</w>
   <w nite:id="ES2003c.D.words188" starttime="203.25" endtime="203.25" punc="true">,</w>
   <w nite:id="ES2003c.D.words189" starttime="203.25" endtime="203.72">or</w>
   <w nite:id="ES2003c.D.words190" starttime="203.72" endtime="204.12">the</w>
   <w nite:id="ES2003c.D.words191" starttime="204.12" endtime="204.54">kinetic</w>
   <w nite:id="ES2003c.D.words192" starttime="204.54" endtime="204.87">type</w>
   <w nite:id="ES2003c.D.words193" starttime="204.87" endtime="206.04">ones</w>
   <w nite:id="ES2003c.D.words194" starttime="206.04" endtime="206.04" punc="true">,</w>
   <w nite:id="ES2003c.D.words195" starttime="206.04" endtime="206.2">you</w>
   <w nite:id="ES2003c.D.words196" starttime="206.2" endtime="206.4">know</w>
   <w nite:id="ES2003c.D.words197" starttime="206.4" endtime="206.59">that</w>
   <w nite:id="ES2003c.D.words198" starttime="206.59" endtime="206.7">they</w>
   <w nite:id="ES2003c.D.words199" starttime="206.7" endtime="206.91">use</w>
   <w nite:id="ES2003c.D.words200" starttime="206.91" endtime="207.14">in</w>
   <w nite:id="ES2003c.D.words201" starttime="207.14" endtime="208.31">watches</w>
   <w nite:id="ES2003c.D.words202" starttime="208.31" endtime="208.31" punc="true">,</w>
   <w nite:id="ES2003c.D.words203" starttime="208.31" endtime="208.58">or</w>
   <w nite:id="ES2003c.D.words204" starttime="208.58" endtime="209.07">else</w>
   <w nite:id="ES2003c.D.words205" starttime="209.07" endtime="210.12">uh</w>
   <w nite:id="ES2003c.D.words206" starttime="210.12" endtime="210.18">a</w>
   <w nite:id="ES2003c.D.words207" starttime="210.18" endtime="210.48">solar</w>
   <w nite:id="ES2003c.D.words208" starttime="210.48" endtime="210.82">powered</w>
   <w nite:id="ES2003c.D.words209" starttime="210.82" endtime="211.01">one</w>
   <w nite:id="ES2003c.D.words210" starttime="211.01" endtime="211.01" punc="true">.</w>
   <w nite:id="ES2003c.D.words211" starttime="212.16" endtime="213.13">Um</w>
   <w nite:id="ES2003c.D.words212" starttime="213.13" endtime="213.13" punc="true">.</w>
   <vocalsound nite:id="ES2003c.D.words213" starttime="218.121" endtime="218.121" type="other"/>
   <w nite:id="ES2003c.D.words214" starttime="218.4" endtime="218.83">Yeah</w>
   <w nite:id="ES2003c.D.words215" starttime="218.83" endtime="218.83" punc="true">.</w>
   <w nite:id="ES2003c.D.words216" starttime="232.85" endtime="233.52">Uh</w>
   <w nite:id="ES2003c.D.words217" starttime="233.52" endtime="233.52" punc="true">.</w>
   <w nite:id="ES2003c.D.words218" starttime="236.02" endtime="236.73">Yeah</w>
   <w nite:id="ES2003c.D.words219" starttime="236.73" endtime="236.73" punc="true">,</w>
   <w nite:id="ES2003c.D.words220" starttime="236.73" endtime="236.83">I</w>
   <w nite:id="ES2003c.D.words221" starttime="236.83" endtime="237.11">don&#39;t</w>
   <w nite:id="ES2003c.D.words222" starttime="237.11" endtime="237.31">think</w>
   <w nite:id="ES2003c.D.words223" starttime="237.31" endtime="237.48">it</w>
   <w nite:id="ES2003c.D.words224" starttime="237.48" endtime="238.74">would</w>
   <w nite:id="ES2003c.D.words225" starttime="238.74" endtime="238.74" punc="true">.</w>
   <w nite:id="ES2003c.D.words226" starttime="238.74" endtime="239.23">Um</w>
   <w nite:id="ES2003c.D.words227" starttime="239.23" endtime="239.23" punc="true">.</w>
   <w nite:id="ES2003c.D.words228" starttime="241.56" endtime="242.05">And</w>
   <w nite:id="ES2003c.D.words229" starttime="242.05" endtime="242.45">solar</w>
   <w nite:id="ES2003c.D.words230" starttime="242.45" endtime="242.91">cells</w>
   <w nite:id="ES2003c.D.words231" starttime="242.91" endtime="242.91" punc="true">,</w>
   <w nite:id="ES2003c.D.words232" starttime="242.91" endtime="242.97">I</w>
   <w nite:id="ES2003c.D.words233" starttime="242.97" endtime="243.26">dunno</w>
   <w nite:id="ES2003c.D.words234" starttime="243.26" endtime="243.55">about</w>
   <w nite:id="ES2003c.D.words235" starttime="243.55" endtime="243.9">that</w>
   <w nite:id="ES2003c.D.words236" starttime="243.9" endtime="243.9" punc="true">.</w>
   <w nite:id="ES2003c.D.words237" starttime="245.79" endtime="246.21">Uh</w>
   <w nite:id="ES2003c.D.words238" starttime="246.21" endtime="246.21" punc="true">.</w>
   <w nite:id="ES2003c.D.words239" starttime="247.99" endtime="248.07">We</w>
   <w nite:id="ES2003c.D.words240" starttime="248.07" endtime="248.19">should</w>
   <w nite:id="ES2003c.D.words241" starttime="248.19" endtime="248.46">probably</w>
   <w nite:id="ES2003c.D.words242" starttime="248.46" endtime="248.66">just</w>
   <w nite:id="ES2003c.D.words243" starttime="248.66" endtime="249.45">use</w>
   <w nite:id="ES2003c.D.words244" starttime="249.45" endtime="250.17">conventional</w>
   <w nite:id="ES2003c.D.words245" starttime="250.17" endtime="251.15">batteries</w>
   <w nite:id="ES2003c.D.words246" starttime="251.15" endtime="251.15" punc="true">.</w>
   <w nite:id="ES2003c.D.words247" starttime="252.1" endtime="252.73">Um</w>
   <w nite:id="ES2003c.D.words248" starttime="252.73" endtime="252.73" punc="true">,</w>
   <w nite:id="ES2003c.D.words249" starttime="253.84" endtime="254.14">just</w>
   <w nite:id="ES2003c.D.words250" starttime="254.14" endtime="254.26">like</w>
   <w nite:id="ES2003c.D.words251" starttime="254.26" endtime="254.37">in</w>
   <w nite:id="ES2003c.D.words252" starttime="254.37" endtime="254.66">usual</w>
   <w nite:id="ES2003c.D.words253" starttime="254.66" endtime="254.9">remote</w>
   <w nite:id="ES2003c.D.words254" starttime="254.9" endtime="255.36">controls</w>
   <w nite:id="ES2003c.D.words255" starttime="255.36" endtime="255.36" punc="true">.</w>
   <w nite:id="ES2003c.D.words256" starttime="256.45" endtime="256.88">Um</w>
   <w nite:id="ES2003c.D.words257" starttime="256.88" endtime="256.88" punc="true">.</w>
   <w nite:id="ES2003c.D.words258" starttime="259.56" endtime="259.79">Yeah</w>
   <w nite:id="ES2003c.D.words259" starttime="259.79" endtime="259.79" punc="true">.</w>
   <w nite:id="ES2003c.D.words260" starttime="261.2" endtime="261.7">Um</w>
   <w nite:id="ES2003c.D.words261" starttime="261.7" endtime="261.7" punc="true">.</w>
   <vocalsound nite:id="ES2003c.D.words262" starttime="262.337" endtime="262.337" type="other"/>
   <w nite:id="ES2003c.D.words263" starttime="263.27" endtime="263.47">And</w>
   <w nite:id="ES2003c.D.words264" starttime="263.47" endtime="263.65">these</w>
   <w nite:id="ES2003c.D.words265" starttime="263.65" endtime="263.71">are</w>
   <w nite:id="ES2003c.D.words266" starttime="263.71" endtime="263.94">three</w>
   <w nite:id="ES2003c.D.words267" starttime="263.94" endtime="264.24">different</w>
   <w nite:id="ES2003c.D.words268" starttime="264.24" endtime="264.52">types</w>
   <w nite:id="ES2003c.D.words269" starttime="264.52" endtime="265.09">of</w>
   <disfmarker nite:id="ES2003c.D.words270" starttime="265.09" endtime="265.09"/>
   <w nite:id="ES2003c.D.words271" starttime="265.09" endtime="265.22">or</w>
   <w nite:id="ES2003c.D.words272" starttime="265.22" endtime="265.4">two</w>
   <w nite:id="ES2003c.D.words273" starttime="265.4" endtime="265.64">different</w>
   <w nite:id="ES2003c.D.words274" starttime="265.64" endtime="266.13">types</w>
   <disfmarker nite:id="ES2003c.D.words275" starttime="266.13" endtime="266.13"/>
   <w nite:id="ES2003c.D.words276" starttime="266.13" endtime="266.31">three</w>
   <w nite:id="ES2003c.D.words277" starttime="266.31" endtime="266.54">different</w>
   <w nite:id="ES2003c.D.words278" starttime="266.54" endtime="266.79">types</w>
   <w nite:id="ES2003c.D.words279" starttime="266.79" endtime="266.85">of</w>
   <w nite:id="ES2003c.D.words280" starttime="266.85" endtime="267.67">shapes</w>
   <w nite:id="ES2003c.D.words281" starttime="267.67" endtime="267.75">you</w>
   <w nite:id="ES2003c.D.words282" starttime="267.75" endtime="267.88">can</w>
   <w nite:id="ES2003c.D.words283" starttime="267.88" endtime="268.25">have</w>
   <w nite:id="ES2003c.D.words284" starttime="268.25" endtime="268.25" punc="true">.</w>
   <w nite:id="ES2003c.D.words285" starttime="268.25" endtime="268.46">Uh</w>
   <w nite:id="ES2003c.D.words286" starttime="268.46" endtime="268.65">one</w>
   <w nite:id="ES2003c.D.words287" starttime="268.65" endtime="268.76">is</w>
   <w nite:id="ES2003c.D.words288" starttime="268.76" endtime="268.8">a</w>
   <w nite:id="ES2003c.D.words289" starttime="268.8" endtime="269.12">flat</w>
   <w nite:id="ES2003c.D.words290" starttime="269.12" endtime="269.87">one</w>
   <w nite:id="ES2003c.D.words291" starttime="269.87" endtime="269.87" punc="true">,</w>
   <w nite:id="ES2003c.D.words292" starttime="269.87" endtime="270.11">and</w>
   <w nite:id="ES2003c.D.words293" starttime="270.11" endtime="270.36">then</w>
   <w nite:id="ES2003c.D.words294" starttime="270.36" endtime="270.66">more</w>
   <w nite:id="ES2003c.D.words295" starttime="270.66" endtime="271.01">original</w>
   <w nite:id="ES2003c.D.words296" starttime="271.01" endtime="271.25">ones</w>
   <w nite:id="ES2003c.D.words297" starttime="271.25" endtime="271.95">are</w>
   <w nite:id="ES2003c.D.words298" starttime="271.95" endtime="272.3">single</w>
   <w nite:id="ES2003c.D.words299" starttime="272.3" endtime="272.69">curved</w>
   <w nite:id="ES2003c.D.words300" starttime="272.69" endtime="272.87">one</w>
   <w nite:id="ES2003c.D.words301" starttime="272.87" endtime="273.06">or</w>
   <w nite:id="ES2003c.D.words302" starttime="273.06" endtime="273.27">one</w>
   <w nite:id="ES2003c.D.words303" starttime="273.27" endtime="273.38">with</w>
   <w nite:id="ES2003c.D.words304" starttime="273.38" endtime="273.45">a</w>
   <w nite:id="ES2003c.D.words305" starttime="273.45" endtime="273.73">double</w>
   <w nite:id="ES2003c.D.words306" starttime="273.73" endtime="275.1">curved</w>
   <w nite:id="ES2003c.D.words307" starttime="275.1" endtime="275.1" punc="true">.</w>
   <w nite:id="ES2003c.D.words308" starttime="275.1" endtime="276.06">Um</w>
   <vocalsound nite:id="ES2003c.D.words309" starttime="276.06" endtime="276.06" type="other"/>
   <w nite:id="ES2003c.D.words310" starttime="276.06" endtime="276.25">the</w>
   <w nite:id="ES2003c.D.words311" starttime="276.25" endtime="276.74" mispronounced="true">materials</w>
   <w nite:id="ES2003c.D.words312" starttime="276.74" endtime="276.85">are</w>
   <w nite:id="ES2003c.D.words313" starttime="276.85" endtime="277.04" trunc="true">tha</w>
   <w nite:id="ES2003c.D.words314" starttime="277.04" endtime="277.3">there</w>
   <w nite:id="ES2003c.D.words315" starttime="277.3" endtime="277.4">as</w>
   <w nite:id="ES2003c.D.words316" starttime="277.4" endtime="277.48">you</w>
   <w nite:id="ES2003c.D.words317" starttime="277.48" endtime="277.59">can</w>
   <w nite:id="ES2003c.D.words318" starttime="277.59" endtime="278.38">see</w>
   <w nite:id="ES2003c.D.words319" starttime="278.38" endtime="278.38" punc="true">,</w>
   <w nite:id="ES2003c.D.words320" starttime="278.38" endtime="278.62">but</w>
   <w nite:id="ES2003c.D.words321" starttime="278.62" endtime="279.58">uh</w>
   <w nite:id="ES2003c.D.words322" starttime="279.58" endtime="279.7">you</w>
   <w nite:id="ES2003c.D.words323" starttime="279.7" endtime="280.0">can&#39;t</w>
   <w nite:id="ES2003c.D.words324" starttime="280.0" endtime="280.11">have</w>
   <w nite:id="ES2003c.D.words325" starttime="280.11" endtime="280.15">a</w>
   <w nite:id="ES2003c.D.words326" starttime="280.15" endtime="280.66">titanium</w>
   <w nite:id="ES2003c.D.words327" starttime="280.66" endtime="280.78">one</w>
   <w nite:id="ES2003c.D.words328" starttime="280.78" endtime="280.91">for</w>
   <w nite:id="ES2003c.D.words329" starttime="280.91" endtime="280.95">a</w>
   <w nite:id="ES2003c.D.words330" starttime="280.95" endtime="281.18">double</w>
   <w nite:id="ES2003c.D.words331" starttime="281.18" endtime="282.36">curved</w>
   <w nite:id="ES2003c.D.words332" starttime="282.36" endtime="282.36" punc="true">,</w>
   <w nite:id="ES2003c.D.words333" starttime="282.36" endtime="282.64">uh</w>
   <w nite:id="ES2003c.D.words334" starttime="282.64" endtime="282.82">which</w>
   <w nite:id="ES2003c.D.words335" starttime="282.82" endtime="282.92">would</w>
   <w nite:id="ES2003c.D.words336" starttime="282.92" endtime="283.34">be</w>
   <disfmarker nite:id="ES2003c.D.words337" starttime="283.34" endtime="283.839"/>
   <w nite:id="ES2003c.D.words338" starttime="285.52" endtime="286.54">Yeah</w>
   <w nite:id="ES2003c.D.words339" starttime="286.54" endtime="286.54" punc="true">,</w>
   <w nite:id="ES2003c.D.words340" starttime="286.54" endtime="286.77">and</w>
   <w nite:id="ES2003c.D.words341" starttime="286.77" endtime="287.36">light</w>
   <w nite:id="ES2003c.D.words342" starttime="287.36" endtime="287.36" punc="true">.</w>
   <w nite:id="ES2003c.D.words343" starttime="288.37" endtime="288.66">Uh</w>
   <w nite:id="ES2003c.D.words344" starttime="288.66" endtime="288.66" punc="true">,</w>
   <w nite:id="ES2003c.D.words345" starttime="288.66" endtime="288.85" trunc="true">i</w>
   <w nite:id="ES2003c.D.words346" starttime="288.85" endtime="289.07">think</w>
   <w nite:id="ES2003c.D.words347" starttime="289.07" endtime="289.26">so</w>
   <w nite:id="ES2003c.D.words348" starttime="289.26" endtime="289.36">as</w>
   <w nite:id="ES2003c.D.words349" starttime="289.36" endtime="289.63">well</w>
   <w nite:id="ES2003c.D.words350" starttime="289.63" endtime="289.63" punc="true">,</w>
   <w nite:id="ES2003c.D.words351" starttime="289.63" endtime="290.83">yeah</w>
   <w nite:id="ES2003c.D.words352" starttime="290.83" endtime="290.83" punc="true">.</w>
   <w nite:id="ES2003c.D.words353" starttime="290.83" endtime="290.96">They</w>
   <w nite:id="ES2003c.D.words354" starttime="290.96" endtime="291.27">make</w>
   <w nite:id="ES2003c.D.words355" starttime="291.27" endtime="291.64">mountain</w>
   <w nite:id="ES2003c.D.words356" starttime="291.64" endtime="291.93">bikes</w>
   <w nite:id="ES2003c.D.words357" starttime="291.93" endtime="291.99">out</w>
   <w nite:id="ES2003c.D.words358" starttime="291.99" endtime="292.06">of</w>
   <w nite:id="ES2003c.D.words359" starttime="292.06" endtime="292.22">that</w>
   <w nite:id="ES2003c.D.words360" starttime="292.22" endtime="292.22" punc="true">,</w>
   <w nite:id="ES2003c.D.words361" starttime="292.22" endtime="292.44">don&#39;t</w>
   <w nite:id="ES2003c.D.words362" starttime="292.44" endtime="293.1">they</w>
   <w nite:id="ES2003c.D.words363" starttime="293.1" endtime="293.1" punc="true">.</w>
   <w nite:id="ES2003c.D.words364" starttime="293.1" endtime="293.22">So</w>
   <w nite:id="ES2003c.D.words365" starttime="293.22" endtime="293.34">it&#39;s</w>
   <w nite:id="ES2003c.D.words366" starttime="293.34" endtime="293.53">really</w>
   <w nite:id="ES2003c.D.words367" starttime="293.53" endtime="293.78">light</w>
   <w nite:id="ES2003c.D.words368" starttime="293.78" endtime="293.9">as</w>
   <w nite:id="ES2003c.D.words369" starttime="293.9" endtime="294.4">well</w>
   <w nite:id="ES2003c.D.words370" starttime="294.4" endtime="294.4" punc="true">.</w>
   <w nite:id="ES2003c.D.words371" starttime="302.3" endtime="302.94">Um</w>
   <w nite:id="ES2003c.D.words372" starttime="302.94" endtime="302.94" punc="true">.</w>
   <vocalsound nite:id="ES2003c.D.words373" starttime="303.588" endtime="303.588" type="other"/>
   <w nite:id="ES2003c.D.words374" starttime="304.36" endtime="304.68" trunc="true">T</w>
   <w nite:id="ES2003c.D.words375" starttime="304.68" endtime="305.61">yeah</w>
   <w nite:id="ES2003c.D.words376" starttime="305.61" endtime="305.61" punc="true">.</w>
   <w nite:id="ES2003c.D.words377" starttime="310.46" endtime="311.02">Uh</w>
   <w nite:id="ES2003c.D.words378" starttime="311.02" endtime="311.02" punc="true">.</w>
   <w nite:id="ES2003c.D.words379" starttime="313.76" endtime="314.18">Well</w>
   <w nite:id="ES2003c.D.words380" starttime="315.54" endtime="315.73">for</w>
   <w nite:id="ES2003c.D.words381" starttime="315.73" endtime="315.79">a</w>
   <w nite:id="ES2003c.D.words382" starttime="315.79" endtime="316.48">curved</w>
   <w nite:id="ES2003c.D.words383" starttime="316.48" endtime="316.48" punc="true">,</w>
   <w nite:id="ES2003c.D.words384" starttime="316.48" endtime="316.8">well</w>
   <w nite:id="ES2003c.D.words385" starttime="316.8" endtime="316.83">I</w>
   <w nite:id="ES2003c.D.words386" starttime="316.83" endtime="316.95">was</w>
   <w nite:id="ES2003c.D.words387" starttime="316.95" endtime="318.31">thinking</w>
   <w nite:id="ES2003c.D.words388" starttime="318.31" endtime="318.45">to</w>
   <disfmarker nite:id="ES2003c.D.words389" starttime="318.45" endtime="318.45"/>
   <w nite:id="ES2003c.D.words390" starttime="318.45" endtime="318.79" trunc="true">f</w>
   <w nite:id="ES2003c.D.words391" starttime="318.79" endtime="319.79">for</w>
   <w nite:id="ES2003c.D.words392" starttime="319.79" endtime="320.05">to</w>
   <w nite:id="ES2003c.D.words393" starttime="320.05" endtime="320.34">sit</w>
   <w nite:id="ES2003c.D.words394" starttime="320.34" endtime="320.46">in</w>
   <w nite:id="ES2003c.D.words395" starttime="320.46" endtime="320.7">your</w>
   <disfmarker nite:id="ES2003c.D.words396" starttime="320.7" endtime="320.7"/>
   <w nite:id="ES2003c.D.words397" starttime="320.7" endtime="320.81">the</w>
   <w nite:id="ES2003c.D.words398" starttime="320.81" endtime="321.01">palm</w>
   <w nite:id="ES2003c.D.words399" starttime="321.01" endtime="321.07">of</w>
   <w nite:id="ES2003c.D.words400" starttime="321.07" endtime="321.2">your</w>
   <w nite:id="ES2003c.D.words401" starttime="321.2" endtime="322.25">hand</w>
   <w nite:id="ES2003c.D.words402" starttime="322.25" endtime="322.25" punc="true">.</w>
   <w nite:id="ES2003c.D.words403" starttime="322.25" endtime="322.63">Uh</w>
   <w nite:id="ES2003c.D.words404" starttime="322.63" endtime="323.1">maybe</w>
   <w nite:id="ES2003c.D.words405" starttime="323.1" endtime="323.39">like</w>
   <w nite:id="ES2003c.D.words406" starttime="323.39" endtime="324.54">this</w>
   <w nite:id="ES2003c.D.words407" starttime="324.54" endtime="324.54" punc="true">,</w>
   <w nite:id="ES2003c.D.words408" starttime="324.54" endtime="324.81">with</w>
   <w nite:id="ES2003c.D.words409" starttime="324.81" endtime="325.08">the</w>
   <w nite:id="ES2003c.D.words410" starttime="325.08" endtime="325.44">uh</w>
   <w nite:id="ES2003c.D.words411" starttime="325.44" endtime="325.67">joy</w>
   <w nite:id="ES2003c.D.words412" starttime="325.67" endtime="326.06">pad</w>
   <w nite:id="ES2003c.D.words413" starttime="326.06" endtime="326.75">here</w>
   <w nite:id="ES2003c.D.words414" starttime="326.75" endtime="326.75" punc="true">.</w>
   <w nite:id="ES2003c.D.words415" starttime="326.75" endtime="327.2">Joystick</w>
   <w nite:id="ES2003c.D.words416" starttime="327.2" endtime="328.18">here</w>
   <w nite:id="ES2003c.D.words417" starttime="328.18" endtime="328.18" punc="true">.</w>
   <w nite:id="ES2003c.D.words418" starttime="328.18" endtime="328.35">And</w>
   <w nite:id="ES2003c.D.words419" starttime="328.35" endtime="328.89">maybe</w>
   <w nite:id="ES2003c.D.words420" starttime="330.63" endtime="331.21">um</w>
   <w nite:id="ES2003c.D.words421" starttime="333.28" endtime="333.36">an</w>
   <w nite:id="ES2003c.D.words422" starttime="333.36" endtime="333.69">okay</w>
   <w nite:id="ES2003c.D.words423" starttime="333.69" endtime="334.01">button</w>
   <w nite:id="ES2003c.D.words424" starttime="334.01" endtime="334.32">around</w>
   <w nite:id="ES2003c.D.words425" starttime="334.32" endtime="334.57">here</w>
   <w nite:id="ES2003c.D.words426" starttime="334.57" endtime="334.57" punc="true">,</w>
   <w nite:id="ES2003c.D.words427" starttime="334.57" endtime="334.77">so</w>
   <w nite:id="ES2003c.D.words428" starttime="334.77" endtime="334.9">that</w>
   <w nite:id="ES2003c.D.words429" starttime="334.9" endtime="334.99">the</w>
   <w nite:id="ES2003c.D.words430" starttime="334.99" endtime="335.31">thumb</w>
   <w nite:id="ES2003c.D.words431" starttime="335.31" endtime="336.26">can</w>
   <w nite:id="ES2003c.D.words432" starttime="336.26" endtime="336.4">uh</w>
   <w nite:id="ES2003c.D.words433" starttime="336.4" endtime="336.67">use</w>
   <w nite:id="ES2003c.D.words434" starttime="336.67" endtime="336.73">it</w>
   <w nite:id="ES2003c.D.words435" starttime="336.73" endtime="336.95">quite</w>
   <w nite:id="ES2003c.D.words436" starttime="336.95" endtime="337.88">easily</w>
   <w nite:id="ES2003c.D.words437" starttime="337.88" endtime="337.88" punc="true">.</w>
   <w nite:id="ES2003c.D.words438" starttime="337.88" endtime="338.89">Um</w>
   <w nite:id="ES2003c.D.words439" starttime="338.89" endtime="338.96">I</w>
   <w nite:id="ES2003c.D.words440" starttime="338.96" endtime="339.18">don&#39;t</w>
   <w nite:id="ES2003c.D.words441" starttime="339.18" endtime="340.02">exactly</w>
   <vocalsound nite:id="ES2003c.D.words442" starttime="340.02" endtime="340.02" type="other"/>
   <disfmarker nite:id="ES2003c.D.words443" starttime="340.02" endtime="340.256"/>
   <w nite:id="ES2003c.D.words444" starttime="341.28" endtime="341.53">Double</w>
   <w nite:id="ES2003c.D.words445" starttime="341.53" endtime="343.14">curved</w>
   <w nite:id="ES2003c.D.words446" starttime="343.14" endtime="343.14" punc="true">.</w>
   <w nite:id="ES2003c.D.words447" starttime="343.14" endtime="343.22">It</w>
   <w nite:id="ES2003c.D.words448" starttime="343.22" endtime="343.51">probably</w>
   <w nite:id="ES2003c.D.words449" starttime="343.51" endtime="343.78">means</w>
   <disfmarker nite:id="ES2003c.D.words450" starttime="343.78" endtime="343.78"/>
   <w nite:id="ES2003c.D.words451" starttime="343.78" endtime="343.98">this</w>
   <w nite:id="ES2003c.D.words452" starttime="343.98" endtime="344.07">is</w>
   <w nite:id="ES2003c.D.words453" starttime="344.07" endtime="344.37">probably</w>
   <w nite:id="ES2003c.D.words454" starttime="344.37" endtime="344.65">double</w>
   <w nite:id="ES2003c.D.words455" starttime="344.65" endtime="345.9">curved</w>
   <w nite:id="ES2003c.D.words456" starttime="345.9" endtime="345.9" punc="true">.</w>
   <w nite:id="ES2003c.D.words457" starttime="345.9" endtime="346.18">Uh</w>
   <w nite:id="ES2003c.D.words458" starttime="346.18" endtime="346.5">whereas</w>
   <w nite:id="ES2003c.D.words459" starttime="346.5" endtime="346.57">a</w>
   <w nite:id="ES2003c.D.words460" starttime="346.57" endtime="346.9">single</w>
   <w nite:id="ES2003c.D.words461" starttime="346.9" endtime="347.33">curved</w>
   <w nite:id="ES2003c.D.words462" starttime="347.33" endtime="347.49">would</w>
   <w nite:id="ES2003c.D.words463" starttime="347.49" endtime="347.82">be</w>
   <w nite:id="ES2003c.D.words464" starttime="351.11" endtime="351.28">like</w>
   <w nite:id="ES2003c.D.words465" starttime="351.28" endtime="351.63">that</w>
   <w nite:id="ES2003c.D.words466" starttime="351.63" endtime="351.63" punc="true">.</w>
   <w nite:id="ES2003c.D.words467" starttime="352.58" endtime="352.63">I</w>
   <w nite:id="ES2003c.D.words468" starttime="352.63" endtime="353.04">guess</w>
   <w nite:id="ES2003c.D.words469" starttime="353.04" endtime="353.04" punc="true">.</w>
   <w nite:id="ES2003c.D.words470" starttime="354.61" endtime="354.87">Or</w>
   <w nite:id="ES2003c.D.words471" starttime="354.87" endtime="355.12">not</w>
   <w nite:id="ES2003c.D.words472" starttime="355.12" endtime="355.49">necessarily</w>
   <w nite:id="ES2003c.D.words473" starttime="355.49" endtime="355.49" punc="true">.</w>
   <w nite:id="ES2003c.D.words474" starttime="360.87" endtime="361.05">Yeah</w>
   <w nite:id="ES2003c.D.words475" starttime="361.05" endtime="361.2">like</w>
   <w nite:id="ES2003c.D.words476" starttime="361.2" endtime="361.87">that</w>
   <w nite:id="ES2003c.D.words477" starttime="361.87" endtime="361.87" punc="true">.</w>
   <w nite:id="ES2003c.D.words478" starttime="361.87" endtime="362.11">Whereas</w>
   <w nite:id="ES2003c.D.words479" starttime="362.11" endtime="362.24">this</w>
   <w nite:id="ES2003c.D.words480" starttime="362.24" endtime="362.38">is</w>
   <w nite:id="ES2003c.D.words481" starttime="362.38" endtime="362.57">two</w>
   <w nite:id="ES2003c.D.words482" starttime="362.57" endtime="363.6">curves</w>
   <w nite:id="ES2003c.D.words483" starttime="363.6" endtime="363.6" punc="true">.</w>
   <w nite:id="ES2003c.D.words484" starttime="363.6" endtime="364.11">Um</w>
   <vocalsound nite:id="ES2003c.D.words485" starttime="365.612" endtime="365.612" type="other"/>
   <w nite:id="ES2003c.D.words486" starttime="365.63" endtime="365.83">so</w>
   <w nite:id="ES2003c.D.words487" starttime="365.83" endtime="365.87">I</w>
   <w nite:id="ES2003c.D.words488" starttime="365.87" endtime="366.14">guess</w>
   <w nite:id="ES2003c.D.words489" starttime="366.14" endtime="366.38">that&#39;s</w>
   <w nite:id="ES2003c.D.words490" starttime="366.38" endtime="366.51">what</w>
   <w nite:id="ES2003c.D.words491" starttime="366.51" endtime="366.61">they</w>
   <w nite:id="ES2003c.D.words492" starttime="366.61" endtime="367.67">mean</w>
   <w nite:id="ES2003c.D.words493" starttime="367.67" endtime="368.03">by</w>
   <w nite:id="ES2003c.D.words494" starttime="368.03" endtime="368.58">uh</w>
   <w nite:id="ES2003c.D.words495" starttime="368.58" endtime="368.81">double</w>
   <w nite:id="ES2003c.D.words496" starttime="368.81" endtime="370.24">curve</w>
   <w nite:id="ES2003c.D.words497" starttime="370.24" endtime="370.24" punc="true">.</w>
   <w nite:id="ES2003c.D.words498" starttime="370.24" endtime="371.03">Um</w>
   <w nite:id="ES2003c.D.words499" starttime="371.03" endtime="371.22">which</w>
   <w nite:id="ES2003c.D.words500" starttime="371.22" endtime="371.55">obviously</w>
   <disfmarker nite:id="ES2003c.D.words501" starttime="371.55" endtime="371.55"/>
   <w nite:id="ES2003c.D.words502" starttime="371.55" endtime="371.65">it</w>
   <w nite:id="ES2003c.D.words503" starttime="371.65" endtime="371.86">looks</w>
   <w nite:id="ES2003c.D.words504" starttime="371.86" endtime="372.12">better</w>
   <w nite:id="ES2003c.D.words505" starttime="372.12" endtime="372.26">than</w>
   <w nite:id="ES2003c.D.words506" starttime="372.26" endtime="372.35">the</w>
   <w nite:id="ES2003c.D.words507" starttime="372.35" endtime="372.62">single</w>
   <w nite:id="ES2003c.D.words508" starttime="372.62" endtime="373.0">curve</w>
   <w nite:id="ES2003c.D.words509" starttime="373.0" endtime="373.0" punc="true">,</w>
   <w nite:id="ES2003c.D.words510" starttime="373.0" endtime="374.11">but</w>
   <w nite:id="ES2003c.D.words511" starttime="374.11" endtime="374.43">uh</w>
   <w nite:id="ES2003c.D.words512" starttime="374.43" endtime="374.62">you</w>
   <w nite:id="ES2003c.D.words513" starttime="374.62" endtime="374.93">can&#39;t</w>
   <w nite:id="ES2003c.D.words514" starttime="374.93" endtime="375.11">have</w>
   <w nite:id="ES2003c.D.words515" starttime="375.11" endtime="375.22">it</w>
   <w nite:id="ES2003c.D.words516" starttime="375.22" endtime="375.39">in</w>
   <w nite:id="ES2003c.D.words517" starttime="375.39" endtime="376.13">titanium</w>
   <w nite:id="ES2003c.D.words518" starttime="376.13" endtime="376.13" punc="true">,</w>
   <w nite:id="ES2003c.D.words519" starttime="376.13" endtime="376.34">which</w>
   <w nite:id="ES2003c.D.words520" starttime="376.34" endtime="376.55">is</w>
   <w nite:id="ES2003c.D.words521" starttime="378.06" endtime="378.53">uh</w>
   <w nite:id="ES2003c.D.words522" starttime="379.96" endtime="380.01">a</w>
   <w nite:id="ES2003c.D.words523" starttime="380.01" endtime="380.29">nice</w>
   <w nite:id="ES2003c.D.words524" starttime="380.29" endtime="380.8">material</w>
   <w nite:id="ES2003c.D.words525" starttime="380.8" endtime="380.8" punc="true">.</w>
   <vocalsound nite:id="ES2003c.D.words526" starttime="382.786" endtime="382.786" type="other"/>
   <w nite:id="ES2003c.D.words527" starttime="383.19" endtime="383.68">Uh</w>
   <w nite:id="ES2003c.D.words528" starttime="384.82" endtime="385.03">and</w>
   <w nite:id="ES2003c.D.words529" starttime="385.03" endtime="385.17">for</w>
   <w nite:id="ES2003c.D.words530" starttime="385.17" endtime="385.28">the</w>
   <w nite:id="ES2003c.D.words531" starttime="385.28" endtime="386.59">buttons</w>
   <w nite:id="ES2003c.D.words532" starttime="386.59" endtime="386.59" punc="true">,</w>
   <w nite:id="ES2003c.D.words533" starttime="386.59" endtime="388.21">um</w>
   <w nite:id="ES2003c.D.words534" starttime="388.21" endtime="388.34">it</w>
   <w nite:id="ES2003c.D.words535" starttime="388.34" endtime="388.45">can</w>
   <w nite:id="ES2003c.D.words536" starttime="388.45" endtime="388.63">have</w>
   <w nite:id="ES2003c.D.words537" starttime="388.63" endtime="388.71">the</w>
   <w nite:id="ES2003c.D.words538" starttime="388.71" endtime="389.11">scroll</w>
   <w nite:id="ES2003c.D.words539" starttime="389.11" endtime="389.32">wheel</w>
   <w nite:id="ES2003c.D.words540" starttime="389.32" endtime="389.5">which</w>
   <w nite:id="ES2003c.D.words541" starttime="389.5" endtime="389.62">they</w>
   <w nite:id="ES2003c.D.words542" starttime="389.62" endtime="389.83">use</w>
   <w nite:id="ES2003c.D.words543" starttime="389.83" endtime="390.61">in</w>
   <w nite:id="ES2003c.D.words544" starttime="390.61" endtime="391.45">mouses</w>
   <w nite:id="ES2003c.D.words545" starttime="391.45" endtime="391.62">for</w>
   <w nite:id="ES2003c.D.words546" starttime="391.62" endtime="391.77" trunc="true">com</w>
   <w nite:id="ES2003c.D.words547" starttime="391.77" endtime="392.79">P_C_s</w>
   <w nite:id="ES2003c.D.words548" starttime="392.79" endtime="392.79" punc="true">.</w>
   <w nite:id="ES2003c.D.words549" starttime="392.79" endtime="393.79">Uh</w>
   <w nite:id="ES2003c.D.words550" starttime="393.79" endtime="394.0">but</w>
   <w nite:id="ES2003c.D.words551" starttime="396.24" endtime="397.44">um</w>
   <w nite:id="ES2003c.D.words552" starttime="397.44" endtime="397.64">it</w>
   <w nite:id="ES2003c.D.words553" starttime="397.64" endtime="398.24">requires</w>
   <w nite:id="ES2003c.D.words554" starttime="398.24" endtime="398.73">a</w>
   <w nite:id="ES2003c.D.words555" starttime="399.84" endtime="400.03">more</w>
   <w nite:id="ES2003c.D.words556" starttime="400.03" endtime="400.51">expensive</w>
   <w nite:id="ES2003c.D.words557" starttime="400.51" endtime="400.95">chip</w>
   <w nite:id="ES2003c.D.words558" starttime="400.95" endtime="401.13">to</w>
   <w nite:id="ES2003c.D.words559" starttime="401.13" endtime="401.68">use</w>
   <w nite:id="ES2003c.D.words560" starttime="401.68" endtime="401.68" punc="true">,</w>
   <w nite:id="ES2003c.D.words561" starttime="401.68" endtime="401.97">and</w>
   <w nite:id="ES2003c.D.words562" starttime="401.97" endtime="402.1">if</w>
   <w nite:id="ES2003c.D.words563" starttime="402.1" endtime="402.16">you</w>
   <w nite:id="ES2003c.D.words564" starttime="402.16" endtime="402.3">wanna</w>
   <w nite:id="ES2003c.D.words565" starttime="402.3" endtime="402.46">use</w>
   <w nite:id="ES2003c.D.words566" starttime="402.46" endtime="402.91">L_C_D_</w>
   <w nite:id="ES2003c.D.words567" starttime="402.91" endtime="403.09">it&#39;s</w>
   <w nite:id="ES2003c.D.words568" starttime="403.09" endtime="403.23">even</w>
   <w nite:id="ES2003c.D.words569" starttime="403.23" endtime="403.41">more</w>
   <w nite:id="ES2003c.D.words570" starttime="403.41" endtime="404.53">expensive</w>
   <w nite:id="ES2003c.D.words571" starttime="404.53" endtime="404.53" punc="true">.</w>
   <w nite:id="ES2003c.D.words572" starttime="404.53" endtime="405.39">So</w>
   <w nite:id="ES2003c.D.words573" starttime="405.39" endtime="405.47">you</w>
   <w nite:id="ES2003c.D.words574" starttime="405.47" endtime="405.56">have</w>
   <w nite:id="ES2003c.D.words575" starttime="405.56" endtime="405.63">to</w>
   <w nite:id="ES2003c.D.words576" starttime="405.63" endtime="406.17">decide</w>
   <w nite:id="ES2003c.D.words577" starttime="406.17" endtime="406.17" punc="true">,</w>
   <w nite:id="ES2003c.D.words578" starttime="406.17" endtime="406.45">there&#39;s</w>
   <w nite:id="ES2003c.D.words579" starttime="406.45" endtime="406.97">trade-offs</w>
   <w nite:id="ES2003c.D.words580" starttime="406.97" endtime="407.81">there</w>
   <w nite:id="ES2003c.D.words581" starttime="407.81" endtime="407.81" punc="true">.</w>
   <w nite:id="ES2003c.D.words582" starttime="407.81" endtime="408.29">Um</w>
   <vocalsound nite:id="ES2003c.D.words583" starttime="408.981" endtime="408.981" type="other"/>
   <w nite:id="ES2003c.D.words584" starttime="409.65" endtime="409.78">if</w>
   <w nite:id="ES2003c.D.words585" starttime="409.78" endtime="409.85">you</w>
   <w nite:id="ES2003c.D.words586" starttime="409.85" endtime="410.0">want</w>
   <w nite:id="ES2003c.D.words587" starttime="410.0" endtime="410.07">the</w>
   <w nite:id="ES2003c.D.words588" starttime="410.07" endtime="410.39">buttons</w>
   <w nite:id="ES2003c.D.words589" starttime="410.39" endtime="410.48">to</w>
   <w nite:id="ES2003c.D.words590" starttime="410.48" endtime="410.85">be</w>
   <disfmarker nite:id="ES2003c.D.words591" starttime="410.85" endtime="410.85"/>
   <w nite:id="ES2003c.D.words592" starttime="410.85" endtime="411.0">oh</w>
   <w nite:id="ES2003c.D.words593" starttime="411.0" endtime="411.1">yeah</w>
   <w nite:id="ES2003c.D.words594" starttime="411.1" endtime="411.1" punc="true">,</w>
   <w nite:id="ES2003c.D.words595" starttime="411.1" endtime="411.2">if</w>
   <w nite:id="ES2003c.D.words596" starttime="411.2" endtime="411.33">you</w>
   <w nite:id="ES2003c.D.words597" starttime="411.33" endtime="411.47">have</w>
   <w nite:id="ES2003c.D.words598" starttime="411.47" endtime="411.51">a</w>
   <w nite:id="ES2003c.D.words599" starttime="411.51" endtime="411.76">double</w>
   <w nite:id="ES2003c.D.words600" starttime="411.76" endtime="412.81">curve</w>
   <w nite:id="ES2003c.D.words601" starttime="412.81" endtime="413.15">uh</w>
   <w nite:id="ES2003c.D.words602" starttime="413.15" endtime="413.58">control</w>
   <w nite:id="ES2003c.D.words603" starttime="413.58" endtime="413.69">and</w>
   <w nite:id="ES2003c.D.words604" starttime="413.69" endtime="413.83">it&#39;s</w>
   <w nite:id="ES2003c.D.words605" starttime="413.83" endtime="414.93">rubber</w>
   <w nite:id="ES2003c.D.words606" starttime="414.93" endtime="414.93" punc="true">,</w>
   <w nite:id="ES2003c.D.words607" starttime="414.93" endtime="415.94">then</w>
   <w nite:id="ES2003c.D.words608" starttime="415.94" endtime="416.01">you</w>
   <w nite:id="ES2003c.D.words609" starttime="416.01" endtime="416.13">have</w>
   <w nite:id="ES2003c.D.words610" starttime="416.13" endtime="416.33">these</w>
   <w nite:id="ES2003c.D.words611" starttime="416.33" endtime="416.55">rubber</w>
   <w nite:id="ES2003c.D.words612" starttime="416.55" endtime="416.87">buttons</w>
   <w nite:id="ES2003c.D.words613" starttime="416.87" endtime="416.98">as</w>
   <w nite:id="ES2003c.D.words614" starttime="416.98" endtime="417.88">well</w>
   <w nite:id="ES2003c.D.words615" starttime="417.88" endtime="417.88" punc="true">.</w>
   <w nite:id="ES2003c.D.words616" starttime="417.88" endtime="420.31">But</w>
   <vocalsound nite:id="ES2003c.D.words617" starttime="420.31" endtime="420.31" type="other"/>
   <w nite:id="ES2003c.D.words618" starttime="420.31" endtime="420.47">you&#39;re</w>
   <w nite:id="ES2003c.D.words619" starttime="420.47" endtime="420.69">gonna</w>
   <w nite:id="ES2003c.D.words620" starttime="420.69" endtime="420.79" trunc="true">ha</w>
   <w nite:id="ES2003c.D.words621" starttime="420.79" endtime="420.89">I</w>
   <w nite:id="ES2003c.D.words622" starttime="420.89" endtime="421.15">reckon</w>
   <w nite:id="ES2003c.D.words623" starttime="421.15" endtime="421.27">you&#39;re</w>
   <w nite:id="ES2003c.D.words624" starttime="421.27" endtime="421.44">gonna</w>
   <w nite:id="ES2003c.D.words625" starttime="421.44" endtime="421.59">have</w>
   <w nite:id="ES2003c.D.words626" starttime="421.59" endtime="421.69">to</w>
   <w nite:id="ES2003c.D.words627" starttime="421.69" endtime="422.02">have</w>
   <w nite:id="ES2003c.D.words628" starttime="422.02" endtime="423.08">uh</w>
   <w nite:id="ES2003c.D.words629" starttime="423.08" endtime="423.38" trunc="true">key</w>
   <w nite:id="ES2003c.D.words630" starttime="423.38" endtime="423.44">a</w>
   <w nite:id="ES2003c.D.words631" starttime="423.44" endtime="423.73">number</w>
   <w nite:id="ES2003c.D.words632" starttime="423.73" endtime="424.22">keypad</w>
   <w nite:id="ES2003c.D.words633" starttime="424.22" endtime="424.77">anyway</w>
   <w nite:id="ES2003c.D.words634" starttime="424.77" endtime="425.09">for</w>
   <w nite:id="ES2003c.D.words635" starttime="425.09" endtime="425.16">the</w>
   <w nite:id="ES2003c.D.words636" starttime="425.16" endtime="425.34">amount</w>
   <w nite:id="ES2003c.D.words637" starttime="425.34" endtime="425.42">of</w>
   <w nite:id="ES2003c.D.words638" starttime="425.42" endtime="425.78">channels</w>
   <w nite:id="ES2003c.D.words639" starttime="425.78" endtime="425.98">these</w>
   <w nite:id="ES2003c.D.words640" starttime="425.98" endtime="426.92">days</w>
   <w nite:id="ES2003c.D.words641" starttime="426.92" endtime="426.92" punc="true">.</w>
   <w nite:id="ES2003c.D.words642" starttime="426.92" endtime="427.1">You</w>
   <w nite:id="ES2003c.D.words643" starttime="427.1" endtime="427.39">wouldn&#39;t</w>
   <w nite:id="ES2003c.D.words644" starttime="427.39" endtime="427.56">want</w>
   <w nite:id="ES2003c.D.words645" starttime="427.56" endtime="427.8">to</w>
   <w nite:id="ES2003c.D.words646" starttime="427.8" endtime="428.03">just</w>
   <w nite:id="ES2003c.D.words647" starttime="428.03" endtime="428.15">have</w>
   <w nite:id="ES2003c.D.words648" starttime="428.15" endtime="428.25">to</w>
   <w nite:id="ES2003c.D.words649" starttime="428.25" endtime="428.59">scroll</w>
   <w nite:id="ES2003c.D.words650" starttime="428.59" endtime="428.82">through</w>
   <w nite:id="ES2003c.D.words651" starttime="428.82" endtime="428.97">all</w>
   <w nite:id="ES2003c.D.words652" starttime="428.97" endtime="429.05">the</w>
   <w nite:id="ES2003c.D.words653" starttime="429.05" endtime="429.31">channels</w>
   <w nite:id="ES2003c.D.words654" starttime="429.31" endtime="429.42">to</w>
   <w nite:id="ES2003c.D.words655" starttime="429.42" endtime="429.55">get</w>
   <w nite:id="ES2003c.D.words656" starttime="429.55" endtime="429.61">to</w>
   <w nite:id="ES2003c.D.words657" starttime="429.61" endtime="429.69">the</w>
   <w nite:id="ES2003c.D.words658" starttime="429.69" endtime="429.78">one</w>
   <w nite:id="ES2003c.D.words659" starttime="429.78" endtime="429.86">you</w>
   <w nite:id="ES2003c.D.words660" starttime="429.86" endtime="430.04">want</w>
   <w nite:id="ES2003c.D.words661" starttime="430.04" endtime="430.04" punc="true">.</w>
   <w nite:id="ES2003c.D.words662" starttime="430.04" endtime="430.12">You</w>
   <w nite:id="ES2003c.D.words663" starttime="430.12" endtime="430.29">wanna</w>
   <w nite:id="ES2003c.D.words664" starttime="430.29" endtime="430.52">enter</w>
   <w nite:id="ES2003c.D.words665" starttime="430.52" endtime="430.72">just</w>
   <w nite:id="ES2003c.D.words666" starttime="430.72" endtime="430.8">the</w>
   <w nite:id="ES2003c.D.words667" starttime="430.8" endtime="431.1">number</w>
   <w nite:id="ES2003c.D.words668" starttime="431.1" endtime="431.3">of</w>
   <w nite:id="ES2003c.D.words669" starttime="431.3" endtime="431.83">it</w>
   <w nite:id="ES2003c.D.words670" starttime="431.83" endtime="431.83" punc="true">,</w>
   <w nite:id="ES2003c.D.words671" starttime="431.83" endtime="431.95">if</w>
   <w nite:id="ES2003c.D.words672" starttime="431.95" endtime="432.06">you</w>
   <w nite:id="ES2003c.D.words673" starttime="432.06" endtime="432.39">know</w>
   <w nite:id="ES2003c.D.words674" starttime="432.39" endtime="432.49">it</w>
   <w nite:id="ES2003c.D.words675" starttime="432.49" endtime="432.49" punc="true">.</w>
   <w nite:id="ES2003c.D.words676" starttime="432.49" endtime="432.86">So</w>
   <w nite:id="ES2003c.D.words677" starttime="434.06" endtime="435.48">um</w>
   <w nite:id="ES2003c.D.words678" starttime="435.48" endtime="435.54">I</w>
   <w nite:id="ES2003c.D.words679" starttime="435.54" endtime="435.73">reckon</w>
   <w nite:id="ES2003c.D.words680" starttime="435.73" endtime="435.82">we&#39;re</w>
   <w nite:id="ES2003c.D.words681" starttime="435.82" endtime="435.97">gonna</w>
   <w nite:id="ES2003c.D.words682" starttime="435.97" endtime="436.11">have</w>
   <w nite:id="ES2003c.D.words683" starttime="436.11" endtime="436.22">to</w>
   <w nite:id="ES2003c.D.words684" starttime="436.22" endtime="436.83">have</w>
   <w nite:id="ES2003c.D.words685" starttime="436.83" endtime="437.1">a</w>
   <w nite:id="ES2003c.D.words686" starttime="437.1" endtime="437.38">number</w>
   <w nite:id="ES2003c.D.words687" starttime="437.38" endtime="437.86">keypad</w>
   <w nite:id="ES2003c.D.words688" starttime="437.86" endtime="438.16">anyway</w>
   <w nite:id="ES2003c.D.words689" starttime="438.16" endtime="438.16" punc="true">.</w>
   <w nite:id="ES2003c.D.words690" starttime="439.84" endtime="439.9">Do</w>
   <w nite:id="ES2003c.D.words691" starttime="439.9" endtime="439.96">you</w>
   <w nite:id="ES2003c.D.words692" starttime="439.96" endtime="440.48">think</w>
   <w nite:id="ES2003c.D.words693" starttime="440.48" endtime="440.48" punc="true">?</w>
   <w nite:id="ES2003c.D.words694" starttime="452.61" endtime="452.98">Yeah</w>
   <w nite:id="ES2003c.D.words695" starttime="452.98" endtime="452.98" punc="true">.</w>
   <w nite:id="ES2003c.D.words696" starttime="455.03" endtime="455.63">So</w>
   <w nite:id="ES2003c.D.words697" starttime="455.63" endtime="455.63" punc="true">,</w>
   <w nite:id="ES2003c.D.words698" starttime="457.53" endtime="457.99">depends</w>
   <w nite:id="ES2003c.D.words699" starttime="457.99" endtime="458.27">where</w>
   <w nite:id="ES2003c.D.words700" starttime="460.66" endtime="461.0">gonna</w>
   <w nite:id="ES2003c.D.words701" starttime="461.0" endtime="461.29">spend</w>
   <w nite:id="ES2003c.D.words702" starttime="461.29" endtime="461.36">the</w>
   <w nite:id="ES2003c.D.words703" starttime="461.36" endtime="461.63">money</w>
   <w nite:id="ES2003c.D.words704" starttime="463.22" endtime="463.28">if</w>
   <w nite:id="ES2003c.D.words705" starttime="463.28" endtime="463.34">you</w>
   <w nite:id="ES2003c.D.words706" starttime="463.34" endtime="463.55">want</w>
   <w nite:id="ES2003c.D.words707" starttime="463.55" endtime="463.77">the</w>
   <w nite:id="ES2003c.D.words708" starttime="463.77" endtime="464.05" trunc="true">f</w>
   <w nite:id="ES2003c.D.words709" starttime="464.05" endtime="464.45">fancy</w>
   <w nite:id="ES2003c.D.words710" starttime="464.45" endtime="465.23">L_C_D_</w>
   <w nite:id="ES2003c.D.words711" starttime="465.23" endtime="465.66">display</w>
   <w nite:id="ES2003c.D.words712" starttime="465.66" endtime="465.66" punc="true">.</w>
   <w nite:id="ES2003c.D.words713" starttime="483.01" endtime="483.46">Yep</w>
   <w nite:id="ES2003c.D.words714" starttime="483.46" endtime="483.46" punc="true">.</w>
   <w nite:id="ES2003c.D.words715" starttime="504.57" endtime="505.01">Yeah</w>
   <w nite:id="ES2003c.D.words716" starttime="505.01" endtime="505.21" trunc="true">i</w>
   <w nite:id="ES2003c.D.words717" starttime="509.21" endtime="509.75">Um</w>
   <disfmarker nite:id="ES2003c.D.words718" starttime="509.75" endtime="509.792"/>
   <vocalsound nite:id="ES2003c.D.words719" starttime="512.16" endtime="512.848" type="other"/>
   <w nite:id="ES2003c.D.words720" starttime="532.47" endtime="533.05">Uh</w>
   <w nite:id="ES2003c.D.words721" starttime="533.05" endtime="533.18">the</w>
   <w nite:id="ES2003c.D.words722" starttime="533.18" endtime="533.59" mispronounced="true">previous</w>
   <w nite:id="ES2003c.D.words723" starttime="533.59" endtime="534.15">slides</w>
   <w nite:id="ES2003c.D.words724" starttime="534.15" endtime="534.74">just</w>
   <w nite:id="ES2003c.D.words725" starttime="534.74" endtime="535.56">explain</w>
   <w nite:id="ES2003c.D.words726" starttime="535.56" endtime="536.03">what&#39;s</w>
   <w nite:id="ES2003c.D.words727" starttime="536.03" endtime="536.46">in</w>
   <w nite:id="ES2003c.D.words728" starttime="536.46" endtime="536.56">the</w>
   <w nite:id="ES2003c.D.words729" starttime="536.56" endtime="537.0">internal</w>
   <w nite:id="ES2003c.D.words730" starttime="537.0" endtime="537.47">components</w>
   <w nite:id="ES2003c.D.words731" starttime="537.47" endtime="537.62">of</w>
   <w nite:id="ES2003c.D.words732" starttime="537.62" endtime="537.85">the</w>
   <w nite:id="ES2003c.D.words733" starttime="537.85" endtime="538.96">uh</w>
   <w nite:id="ES2003c.D.words734" starttime="538.96" endtime="539.2">remote</w>
   <w nite:id="ES2003c.D.words735" starttime="539.2" endtime="539.64">control</w>
   <w nite:id="ES2003c.D.words736" starttime="539.64" endtime="539.64" punc="true">.</w>
   <w nite:id="ES2003c.D.words737" starttime="539.64" endtime="539.75">If</w>
   <w nite:id="ES2003c.D.words738" starttime="539.75" endtime="539.82">you</w>
   <w nite:id="ES2003c.D.words739" starttime="539.82" endtime="539.94">go</w>
   <w nite:id="ES2003c.D.words740" starttime="539.94" endtime="540.01">to</w>
   <w nite:id="ES2003c.D.words741" starttime="540.01" endtime="540.07">the</w>
   <w nite:id="ES2003c.D.words742" starttime="540.07" endtime="540.2">one</w>
   <w nite:id="ES2003c.D.words743" starttime="540.2" endtime="540.52">before</w>
   <w nite:id="ES2003c.D.words744" starttime="540.52" endtime="541.24">that</w>
   <w nite:id="ES2003c.D.words745" starttime="541.24" endtime="541.99">uh</w>
   <w nite:id="ES2003c.D.words746" starttime="541.99" endtime="542.26">so</w>
   <w nite:id="ES2003c.D.words747" starttime="542.26" endtime="542.33">it</w>
   <w nite:id="ES2003c.D.words748" starttime="542.33" endtime="542.49">just</w>
   <w nite:id="ES2003c.D.words749" starttime="542.49" endtime="542.71">says</w>
   <w nite:id="ES2003c.D.words750" starttime="542.71" endtime="542.82">what</w>
   <w nite:id="ES2003c.D.words751" starttime="542.82" endtime="542.9">it</w>
   <w nite:id="ES2003c.D.words752" starttime="542.9" endtime="543.79">does</w>
   <w nite:id="ES2003c.D.words753" starttime="543.79" endtime="543.79" punc="true">,</w>
   <w nite:id="ES2003c.D.words754" starttime="543.79" endtime="544.18">translate</w>
   <w nite:id="ES2003c.D.words755" starttime="544.18" endtime="544.27">the</w>
   <w nite:id="ES2003c.D.words756" starttime="544.27" endtime="544.46">key</w>
   <w nite:id="ES2003c.D.words757" starttime="544.46" endtime="544.73">press</w>
   <w nite:id="ES2003c.D.words758" starttime="544.73" endtime="544.95">into</w>
   <w nite:id="ES2003c.D.words759" starttime="544.95" endtime="545.02">an</w>
   <w nite:id="ES2003c.D.words760" starttime="545.02" endtime="545.43">infra-red</w>
   <w nite:id="ES2003c.D.words761" starttime="545.43" endtime="545.94">signal</w>
   <w nite:id="ES2003c.D.words762" starttime="545.94" endtime="546.5">and</w>
   <w nite:id="ES2003c.D.words763" starttime="546.5" endtime="546.71">this</w>
   <w nite:id="ES2003c.D.words764" starttime="546.71" endtime="546.86">is</w>
   <w nite:id="ES2003c.D.words765" starttime="546.86" endtime="547.25">received</w>
   <w nite:id="ES2003c.D.words766" starttime="547.25" endtime="547.32">by</w>
   <w nite:id="ES2003c.D.words767" starttime="547.32" endtime="547.46">the</w>
   <w nite:id="ES2003c.D.words768" starttime="547.46" endtime="548.6">T_V_</w>
   <w nite:id="ES2003c.D.words769" starttime="548.6" endtime="548.6" punc="true">.</w>
   <w nite:id="ES2003c.D.words770" starttime="548.6" endtime="549.56">Uh</w>
   <w nite:id="ES2003c.D.words771" starttime="549.56" endtime="549.72">the</w>
   <w nite:id="ES2003c.D.words772" starttime="549.72" endtime="550.14">chip</w>
   <w nite:id="ES2003c.D.words773" starttime="550.14" endtime="550.42">just</w>
   <w nite:id="ES2003c.D.words774" starttime="550.42" endtime="550.59">needs</w>
   <w nite:id="ES2003c.D.words775" starttime="550.59" endtime="550.91">to</w>
   <w nite:id="ES2003c.D.words776" starttime="550.91" endtime="551.25">detect</w>
   <w nite:id="ES2003c.D.words777" starttime="551.25" endtime="551.35">the</w>
   <w nite:id="ES2003c.D.words778" starttime="551.35" endtime="551.88">signal</w>
   <w nite:id="ES2003c.D.words779" starttime="551.88" endtime="552.06">or</w>
   <w nite:id="ES2003c.D.words780" starttime="552.06" endtime="552.4">detect</w>
   <w nite:id="ES2003c.D.words781" starttime="552.4" endtime="552.47">the</w>
   <w nite:id="ES2003c.D.words782" starttime="552.47" endtime="552.62">key</w>
   <w nite:id="ES2003c.D.words783" starttime="552.62" endtime="553.56">press</w>
   <w nite:id="ES2003c.D.words784" starttime="553.56" endtime="553.93">and</w>
   <w nite:id="ES2003c.D.words785" starttime="553.93" endtime="554.14">then</w>
   <w nite:id="ES2003c.D.words786" starttime="554.14" endtime="554.59">uh</w>
   <w nite:id="ES2003c.D.words787" starttime="554.59" endtime="554.75">it&#39;ll</w>
   <w nite:id="ES2003c.D.words788" starttime="554.75" endtime="554.98">send</w>
   <w nite:id="ES2003c.D.words789" starttime="554.98" endtime="555.06">it</w>
   <w nite:id="ES2003c.D.words790" starttime="555.06" endtime="555.15">to</w>
   <w nite:id="ES2003c.D.words791" starttime="555.15" endtime="555.23">the</w>
   <w nite:id="ES2003c.D.words792" starttime="555.23" endtime="555.6" trunc="true">tr</w>
   <w nite:id="ES2003c.D.words793" starttime="555.6" endtime="555.73">the</w>
   <w nite:id="ES2003c.D.words794" starttime="555.73" endtime="556.33">amplifier</w>
   <w nite:id="ES2003c.D.words795" starttime="556.33" endtime="556.33" punc="true">.</w>
   <w nite:id="ES2003c.D.words796" starttime="558.87" endtime="559.29">And</w>
   <w nite:id="ES2003c.D.words797" starttime="559.29" endtime="559.52">uh</w>
   <w nite:id="ES2003c.D.words798" starttime="559.52" endtime="559.74">then</w>
   <w nite:id="ES2003c.D.words799" starttime="559.74" endtime="559.82">the</w>
   <w nite:id="ES2003c.D.words800" starttime="559.82" endtime="560.09">next</w>
   <w nite:id="ES2003c.D.words801" starttime="560.09" endtime="560.58">slide</w>
   <w nite:id="ES2003c.D.words802" starttime="560.58" endtime="560.83">just</w>
   <w nite:id="ES2003c.D.words803" starttime="560.83" endtime="561.21">shows</w>
   <w nite:id="ES2003c.D.words804" starttime="561.21" endtime="561.53">how</w>
   <w nite:id="ES2003c.D.words805" starttime="561.53" endtime="561.76">the</w>
   <w nite:id="ES2003c.D.words806" starttime="561.76" endtime="562.66">uh</w>
   <w nite:id="ES2003c.D.words807" starttime="562.66" endtime="562.98">copper</w>
   <w nite:id="ES2003c.D.words808" starttime="562.98" endtime="563.51">wires</w>
   <w nite:id="ES2003c.D.words809" starttime="564.85" endtime="565.62">uh</w>
   <w nite:id="ES2003c.D.words810" starttime="565.62" endtime="566.01">interact</w>
   <w nite:id="ES2003c.D.words811" starttime="566.01" endtime="566.1">with</w>
   <w nite:id="ES2003c.D.words812" starttime="566.1" endtime="566.17">the</w>
   <w nite:id="ES2003c.D.words813" starttime="566.17" endtime="567.46">buttons</w>
   <w nite:id="ES2003c.D.words814" starttime="567.46" endtime="567.46" punc="true">,</w>
   <w nite:id="ES2003c.D.words815" starttime="567.46" endtime="567.59">the</w>
   <w nite:id="ES2003c.D.words816" starttime="567.59" endtime="567.91">rubber</w>
   <w nite:id="ES2003c.D.words817" starttime="567.91" endtime="568.51">buttons</w>
   <w nite:id="ES2003c.D.words818" starttime="568.51" endtime="568.51" punc="true">,</w>
   <w nite:id="ES2003c.D.words819" starttime="568.51" endtime="568.73">uh</w>
   <w nite:id="ES2003c.D.words820" starttime="570.48" endtime="570.8">to</w>
   <w nite:id="ES2003c.D.words821" starttime="570.8" endtime="572.17">uh</w>
   <w nite:id="ES2003c.D.words822" starttime="572.17" endtime="572.34">get</w>
   <w nite:id="ES2003c.D.words823" starttime="572.34" endtime="572.54">sent</w>
   <w nite:id="ES2003c.D.words824" starttime="572.54" endtime="572.65">to</w>
   <w nite:id="ES2003c.D.words825" starttime="572.65" endtime="572.71">the</w>
   <w nite:id="ES2003c.D.words826" starttime="572.71" endtime="572.98">chip</w>
   <w nite:id="ES2003c.D.words827" starttime="572.98" endtime="572.98" punc="true">.</w>
   <w nite:id="ES2003c.D.words828" starttime="575.5" endtime="575.8">So</w>
   <w nite:id="ES2003c.D.words829" starttime="575.8" endtime="576.06">that&#39;s</w>
   <w nite:id="ES2003c.D.words830" starttime="576.06" endtime="576.45">just</w>
   <w nite:id="ES2003c.D.words831" starttime="576.45" endtime="576.66">how</w>
   <w nite:id="ES2003c.D.words832" starttime="576.66" endtime="576.96">the</w>
   <w nite:id="ES2003c.D.words833" starttime="576.96" endtime="577.33">control</w>
   <w nite:id="ES2003c.D.words834" starttime="577.33" endtime="577.62">works</w>
   <w nite:id="ES2003c.D.words835" starttime="577.62" endtime="578.16">inside</w>
   <w nite:id="ES2003c.D.words836" starttime="578.16" endtime="578.16" punc="true">.</w>
   <w nite:id="ES2003c.D.words837" starttime="580.49" endtime="580.93">Um</w>
   <w nite:id="ES2003c.D.words838" starttime="580.93" endtime="581.09">we</w>
   <w nite:id="ES2003c.D.words839" starttime="581.09" endtime="581.18">have</w>
   <w nite:id="ES2003c.D.words840" starttime="581.18" endtime="581.26">to</w>
   <w nite:id="ES2003c.D.words841" starttime="581.26" endtime="581.66">decide</w>
   <w nite:id="ES2003c.D.words842" starttime="581.66" endtime="581.79">on</w>
   <w nite:id="ES2003c.D.words843" starttime="581.79" endtime="581.97">what</w>
   <w nite:id="ES2003c.D.words844" starttime="583.16" endtime="583.47">buttons</w>
   <w nite:id="ES2003c.D.words845" starttime="583.47" endtime="583.56">we&#39;re</w>
   <w nite:id="ES2003c.D.words846" starttime="583.56" endtime="583.73">gonna</w>
   <w nite:id="ES2003c.D.words847" starttime="583.73" endtime="584.23">use</w>
   <w nite:id="ES2003c.D.words848" starttime="584.23" endtime="584.23" punc="true">.</w>
   <gap nite:id="ES2003c.D.words849" starttime="586.011" endtime="587.024"/>
   <w nite:id="ES2003c.D.words850" starttime="587.024" endtime="587.024" punc="true">.</w>
   <w nite:id="ES2003c.D.words851" starttime="605.32" endtime="605.88">Um</w>
   <disfmarker nite:id="ES2003c.D.words852" starttime="605.88" endtime="605.92"/>
   <w nite:id="ES2003c.D.words853" starttime="607.54" endtime="607.63">I</w>
   <w nite:id="ES2003c.D.words854" starttime="607.63" endtime="607.94">think</w>
   <w nite:id="ES2003c.D.words855" starttime="607.94" endtime="608.05">we</w>
   <w nite:id="ES2003c.D.words856" starttime="608.05" endtime="608.16">can</w>
   <w nite:id="ES2003c.D.words857" starttime="608.16" endtime="608.36">do</w>
   <w nite:id="ES2003c.D.words858" starttime="608.36" endtime="608.44">it</w>
   <w nite:id="ES2003c.D.words859" starttime="608.44" endtime="609.51">if</w>
   <vocalsound nite:id="ES2003c.D.words860" starttime="609.51" endtime="609.51" type="other"/>
   <w nite:id="ES2003c.D.words861" starttime="609.51" endtime="609.79">uh</w>
   <w nite:id="ES2003c.D.words862" starttime="609.79" endtime="610.14">we</w>
   <w nite:id="ES2003c.D.words863" starttime="610.14" endtime="611.36">use</w>
   <w nite:id="ES2003c.D.words864" starttime="611.36" endtime="611.83">conventional</w>
   <w nite:id="ES2003c.D.words865" starttime="611.83" endtime="612.26">batteries</w>
   <w nite:id="ES2003c.D.words866" starttime="612.26" endtime="612.49">and</w>
   <w nite:id="ES2003c.D.words867" starttime="612.49" endtime="612.73">not</w>
   <w nite:id="ES2003c.D.words868" starttime="612.73" endtime="613.14">have</w>
   <w nite:id="ES2003c.D.words869" starttime="613.14" endtime="613.49">solar</w>
   <w nite:id="ES2003c.D.words870" starttime="613.49" endtime="613.83">cells</w>
   <w nite:id="ES2003c.D.words871" starttime="613.83" endtime="613.9">or</w>
   <w nite:id="ES2003c.D.words872" starttime="613.9" endtime="614.97">kinetic</w>
   <w nite:id="ES2003c.D.words873" starttime="614.97" endtime="614.97" punc="true">.</w>
   <w nite:id="ES2003c.D.words874" starttime="614.97" endtime="616.5">Um</w>
   <w nite:id="ES2003c.D.words875" starttime="616.5" endtime="616.78">and</w>
   <w nite:id="ES2003c.D.words876" starttime="616.78" endtime="617.34">then</w>
   <w nite:id="ES2003c.D.words877" starttime="618.66" endtime="618.94">maybe</w>
   <w nite:id="ES2003c.D.words878" starttime="618.94" endtime="619.82">use</w>
   <w nite:id="ES2003c.D.words879" starttime="619.82" endtime="620.25">single</w>
   <w nite:id="ES2003c.D.words880" starttime="620.25" endtime="621.44">curved</w>
   <w nite:id="ES2003c.D.words881" starttime="621.44" endtime="622.39">uh</w>
   <w nite:id="ES2003c.D.words882" starttime="622.39" endtime="622.88">case</w>
   <w nite:id="ES2003c.D.words883" starttime="622.88" endtime="622.88" punc="true">.</w>
   <w nite:id="ES2003c.D.words884" starttime="623.94" endtime="624.72">Because</w>
   <w nite:id="ES2003c.D.words885" starttime="624.72" endtime="624.88">we</w>
   <w nite:id="ES2003c.D.words886" starttime="624.88" endtime="625.04">might</w>
   <w nite:id="ES2003c.D.words887" starttime="625.04" endtime="625.16">need</w>
   <w nite:id="ES2003c.D.words888" starttime="625.16" endtime="625.25">it</w>
   <w nite:id="ES2003c.D.words889" starttime="625.25" endtime="625.35">to</w>
   <w nite:id="ES2003c.D.words890" starttime="625.35" endtime="625.43">be</w>
   <w nite:id="ES2003c.D.words891" starttime="625.43" endtime="625.76">curved</w>
   <w nite:id="ES2003c.D.words892" starttime="625.76" endtime="625.97">for</w>
   <w nite:id="ES2003c.D.words893" starttime="625.97" endtime="626.2">the</w>
   <w nite:id="ES2003c.D.words894" starttime="626.2" endtime="626.44">uh</w>
   <w nite:id="ES2003c.D.words895" starttime="627.49" endtime="627.86">thumb</w>
   <w nite:id="ES2003c.D.words896" starttime="627.86" endtime="628.21">to</w>
   <w nite:id="ES2003c.D.words897" starttime="628.21" endtime="628.43">use</w>
   <w nite:id="ES2003c.D.words898" starttime="628.43" endtime="628.52">the</w>
   <w nite:id="ES2003c.D.words899" starttime="628.52" endtime="629.21" trunc="true">joyst</w>
   <w nite:id="ES2003c.D.words900" starttime="629.21" endtime="629.6">joystick</w>
   <w nite:id="ES2003c.D.words901" starttime="629.6" endtime="630.74">easily</w>
   <w nite:id="ES2003c.D.words902" starttime="630.74" endtime="630.74" punc="true">.</w>
   <w nite:id="ES2003c.D.words903" starttime="630.74" endtime="631.17">Um</w>
   <w nite:id="ES2003c.D.words904" starttime="633.33" endtime="633.61">and</w>
   <w nite:id="ES2003c.D.words905" starttime="633.61" endtime="634.04">then</w>
   <w nite:id="ES2003c.D.words906" starttime="634.04" endtime="634.18">you&#39;ll</w>
   <w nite:id="ES2003c.D.words907" starttime="634.18" endtime="634.33">need</w>
   <w nite:id="ES2003c.D.words908" starttime="634.33" endtime="634.41">the</w>
   <w nite:id="ES2003c.D.words909" starttime="634.41" endtime="634.79">advanced</w>
   <w nite:id="ES2003c.D.words910" starttime="634.79" endtime="635.0">chip</w>
   <w nite:id="ES2003c.D.words911" starttime="635.0" endtime="635.3">obviously</w>
   <w nite:id="ES2003c.D.words912" starttime="635.3" endtime="635.4">for</w>
   <w nite:id="ES2003c.D.words913" starttime="635.4" endtime="635.5">the</w>
   <w nite:id="ES2003c.D.words914" starttime="635.5" endtime="635.92">L_C_D_</w>
   <w nite:id="ES2003c.D.words915" starttime="635.92" endtime="635.92" punc="true">.</w>
   <w nite:id="ES2003c.D.words916" starttime="680.53" endtime="680.72">Yep</w>
   <w nite:id="ES2003c.D.words917" starttime="680.72" endtime="680.82">I&#39;m</w>
   <w nite:id="ES2003c.D.words918" starttime="680.82" endtime="681.67" mispronounced="true">finished</w>
   <w nite:id="ES2003c.D.words919" starttime="681.67" endtime="681.67" punc="true">.</w>
   <w nite:id="ES2003c.D.words920" starttime="784.06" endtime="784.32">Ah</w>
   <w nite:id="ES2003c.D.words921" starttime="784.32" endtime="784.32" punc="true">,</w>
   <w nite:id="ES2003c.D.words922" starttime="784.32" endtime="785.34" mispronounced="true">okay</w>
   <w nite:id="ES2003c.D.words923" starttime="785.34" endtime="785.34" punc="true">.</w>
   <vocalsound nite:id="ES2003c.D.words924" starttime="1217.056" endtime="1217.056" type="other"/>
   <w nite:id="ES2003c.D.words925" starttime="1217.13" endtime="1217.33">Oh</w>
   <w nite:id="ES2003c.D.words926" starttime="1217.33" endtime="1217.43">yeah</w>
   <w nite:id="ES2003c.D.words927" starttime="1217.43" endtime="1217.43" punc="true">,</w>
   <w nite:id="ES2003c.D.words928" starttime="1217.43" endtime="1217.47">I</w>
   <w nite:id="ES2003c.D.words929" starttime="1217.47" endtime="1217.72">forgot</w>
   <w nite:id="ES2003c.D.words930" starttime="1217.72" endtime="1217.81">to</w>
   <w nite:id="ES2003c.D.words931" starttime="1217.81" endtime="1218.13">mention</w>
   <w nite:id="ES2003c.D.words932" starttime="1218.13" endtime="1218.52">that</w>
   <w nite:id="ES2003c.D.words933" starttime="1218.52" endtime="1218.52" punc="true">.</w>
   <w nite:id="ES2003c.D.words934" starttime="1218.52" endtime="1218.74">The</w>
   <w nite:id="ES2003c.D.words935" starttime="1218.74" endtime="1219.62">uh</w>
   <w nite:id="ES2003c.D.words936" starttime="1219.62" endtime="1219.98">rubber</w>
   <w nite:id="ES2003c.D.words937" starttime="1219.98" endtime="1220.53">material</w>
   <w nite:id="ES2003c.D.words938" starttime="1220.53" endtime="1220.75">is</w>
   <w nite:id="ES2003c.D.words939" starttime="1220.75" endtime="1220.81">the</w>
   <w nite:id="ES2003c.D.words940" starttime="1220.81" endtime="1221.09">type</w>
   <w nite:id="ES2003c.D.words941" starttime="1221.09" endtime="1221.76">of</w>
   <w nite:id="ES2003c.D.words942" starttime="1221.76" endtime="1222.16">stress</w>
   <w nite:id="ES2003c.D.words943" starttime="1222.16" endtime="1222.4">ball</w>
   <w nite:id="ES2003c.D.words944" starttime="1222.4" endtime="1223.43">material</w>
   <w nite:id="ES2003c.D.words945" starttime="1223.43" endtime="1223.43" punc="true">,</w>
   <w nite:id="ES2003c.D.words946" starttime="1223.43" endtime="1223.63">not</w>
   <w nite:id="ES2003c.D.words947" starttime="1223.63" endtime="1224.06">just</w>
   <w nite:id="ES2003c.D.words948" starttime="1224.06" endtime="1224.44">normal</w>
   <w nite:id="ES2003c.D.words949" starttime="1224.44" endtime="1225.59">rubber</w>
   <w nite:id="ES2003c.D.words950" starttime="1225.59" endtime="1225.59" punc="true">.</w>
   <vocalsound nite:id="ES2003c.D.words951" starttime="1225.59" endtime="1225.59" type="other"/>
   <w nite:id="ES2003c.D.words952" starttime="1225.59" endtime="1225.86">Forgot</w>
   <w nite:id="ES2003c.D.words953" starttime="1225.86" endtime="1225.96">to</w>
   <w nite:id="ES2003c.D.words954" starttime="1225.96" endtime="1226.17">say</w>
   <w nite:id="ES2003c.D.words955" starttime="1226.17" endtime="1226.27">that</w>
   <w nite:id="ES2003c.D.words956" starttime="1226.27" endtime="1226.27" punc="true">.</w>
   <vocalsound nite:id="ES2003c.D.words957" starttime="1423.744" endtime="1423.744" type="other"/>
   <w nite:id="ES2003c.D.words958" starttime="1424.1" endtime="1424.3">Yeah</w>
   <w nite:id="ES2003c.D.words959" starttime="1424.3" endtime="1424.3" punc="true">.</w>
   <vocalsound nite:id="ES2003c.D.words960" starttime="1427.376" endtime="1428.064" type="cough"/>
   <w nite:id="ES2003c.D.words961" starttime="1531.41" endtime="1531.52">If</w>
   <w nite:id="ES2003c.D.words962" starttime="1531.52" endtime="1531.62">you&#39;re</w>
   <w nite:id="ES2003c.D.words963" starttime="1531.62" endtime="1531.78">going</w>
   <w nite:id="ES2003c.D.words964" starttime="1531.78" endtime="1531.87">with</w>
   <w nite:id="ES2003c.D.words965" starttime="1531.87" endtime="1531.99">the</w>
   <w nite:id="ES2003c.D.words966" starttime="1531.99" endtime="1532.18">fruit</w>
   <w nite:id="ES2003c.D.words967" starttime="1532.18" endtime="1532.34">and</w>
   <w nite:id="ES2003c.D.words968" starttime="1532.34" endtime="1532.65">veg</w>
   <w nite:id="ES2003c.D.words969" starttime="1532.65" endtime="1533.5">thing</w>
   <w nite:id="ES2003c.D.words970" starttime="1533.5" endtime="1533.5" punc="true">,</w>
   <vocalsound nite:id="ES2003c.D.words971" starttime="1533.5" endtime="1533.5" type="other"/>
   <w nite:id="ES2003c.D.words972" starttime="1533.5" endtime="1533.74">looks</w>
   <w nite:id="ES2003c.D.words973" starttime="1533.74" endtime="1533.84">like</w>
   <w nite:id="ES2003c.D.words974" starttime="1533.84" endtime="1533.93">a</w>
   <w nite:id="ES2003c.D.words975" starttime="1533.93" endtime="1534.5">banana</w>
   <w nite:id="ES2003c.D.words976" starttime="1534.5" endtime="1534.5" punc="true">.</w>
   <w nite:id="ES2003c.D.words977" starttime="1535.45" endtime="1535.61" trunc="true">F</w>
   <w nite:id="ES2003c.D.words978" starttime="1535.61" endtime="1535.88">if</w>
   <w nite:id="ES2003c.D.words979" starttime="1535.88" endtime="1536.05">you</w>
   <w nite:id="ES2003c.D.words980" starttime="1536.05" endtime="1536.33">wanna</w>
   <w nite:id="ES2003c.D.words981" starttime="1536.33" endtime="1536.84">design</w>
   <w nite:id="ES2003c.D.words982" starttime="1536.84" endtime="1536.92">it</w>
   <w nite:id="ES2003c.D.words983" starttime="1536.92" endtime="1537.13">that</w>
   <w nite:id="ES2003c.D.words984" starttime="1537.13" endtime="1537.62">way</w>
   <w nite:id="ES2003c.D.words985" starttime="1537.62" endtime="1537.62" punc="true">.</w>
   <vocalsound nite:id="ES2003c.D.words986" starttime="1537.62" endtime="1538.542" type="laugh"/>
   <vocalsound nite:id="ES2003c.D.words987" starttime="1571.98" endtime="1576.394" type="laugh"/>
   <w nite:id="ES2003c.D.words988" starttime="1583.85" endtime="1584.74">Yeah</w>
   <w nite:id="ES2003c.D.words989" starttime="1584.74" endtime="1584.74" punc="true">.</w>
   <w nite:id="ES2003c.D.words990" starttime="1587.05" endtime="1587.42" mispronounced="true">Okay</w>
   <w nite:id="ES2003c.D.words991" starttime="1587.42" endtime="1587.42" punc="true">.</w>
   <w nite:id="ES2003c.D.words992" starttime="1595.79" endtime="1596.02" mispronounced="true">Yeah</w>
   <w nite:id="ES2003c.D.words993" starttime="1596.02" endtime="1596.02" punc="true">.</w>
   <vocalsound nite:id="ES2003c.D.words994" starttime="1604.59" endtime="1606.298" type="laugh"/>
   <vocalsound nite:id="ES2003c.D.words995" starttime="1613.354" endtime="1613.354" type="laugh"/>
   <gap nite:id="ES2003c.D.words996" starttime="1613.354" endtime="1613.354"/>
   <w nite:id="ES2003c.D.words997" starttime="1614.83" endtime="1616.28">monkey</w>
   <vocalsound nite:id="ES2003c.D.words998" starttime="1616.28" endtime="1616.28" type="other"/>
   <w nite:id="ES2003c.D.words999" starttime="1616.28" endtime="1616.28" punc="true">.</w>
   <w nite:id="ES2003c.D.words1000" starttime="2039.17" endtime="2039.26">The</w>
   <w nite:id="ES2003c.D.words1001" starttime="2039.26" endtime="2039.72">U_S_B_</w>
   <w nite:id="ES2003c.D.words1002" starttime="2039.72" endtime="2039.97">for</w>
   <w nite:id="ES2003c.D.words1003" starttime="2039.97" endtime="2040.25">which</w>
   <w nite:id="ES2003c.D.words1004" starttime="2040.25" endtime="2040.25" punc="true">?</w>
   <w nite:id="ES2003c.D.words1005" starttime="2047.62" endtime="2048.0">Oh</w>
   <w nite:id="ES2003c.D.words1006" starttime="2048.0" endtime="2048.22">right</w>
   <w nite:id="ES2003c.D.words1007" starttime="2048.22" endtime="2048.22" punc="true">,</w>
   <w nite:id="ES2003c.D.words1008" starttime="2048.22" endtime="2048.64">okay</w>
   <w nite:id="ES2003c.D.words1009" starttime="2048.64" endtime="2048.64" punc="true">.</w>
   <w nite:id="ES2003c.D.words1010" starttime="2057.5" endtime="2057.63">But</w>
   <w nite:id="ES2003c.D.words1011" starttime="2057.63" endtime="2057.82">didn&#39;t</w>
   <w nite:id="ES2003c.D.words1012" starttime="2057.82" endtime="2057.92">they</w>
   <w nite:id="ES2003c.D.words1013" starttime="2057.92" endtime="2058.13">just</w>
   <w nite:id="ES2003c.D.words1014" starttime="2058.13" endtime="2058.42">say</w>
   <w nite:id="ES2003c.D.words1015" starttime="2058.42" endtime="2058.51">it&#39;s</w>
   <w nite:id="ES2003c.D.words1016" starttime="2058.51" endtime="2058.72">just</w>
   <w nite:id="ES2003c.D.words1017" starttime="2058.72" endtime="2058.86">for</w>
   <w nite:id="ES2003c.D.words1018" starttime="2058.86" endtime="2059.38">T_V_</w>
   <w nite:id="ES2003c.D.words1019" starttime="2059.38" endtime="2059.38" punc="true">,</w>
   <w nite:id="ES2003c.D.words1020" starttime="2059.38" endtime="2060.39">or</w>
   <w nite:id="ES2003c.D.words1021" starttime="2060.39" endtime="2060.43">are</w>
   <w nite:id="ES2003c.D.words1022" starttime="2060.43" endtime="2060.55">we</w>
   <w nite:id="ES2003c.D.words1023" starttime="2060.55" endtime="2060.8">gonna</w>
   <disfmarker nite:id="ES2003c.D.words1024" starttime="2060.8" endtime="2060.832"/>
   <w nite:id="ES2003c.D.words1025" starttime="2065.65" endtime="2066.12" mispronounced="true">Okay</w>
   <w nite:id="ES2003c.D.words1026" starttime="2066.12" endtime="2066.12" punc="true">,</w>
   <w nite:id="ES2003c.D.words1027" starttime="2066.12" endtime="2066.49">yeah</w>
   <w nite:id="ES2003c.D.words1028" starttime="2066.49" endtime="2066.49" punc="true">.</w>
   <gap nite:id="ES2003c.D.words1029" starttime="2175.76" endtime="2175.76"/>
   <w nite:id="ES2003c.D.words1030" starttime="2176.44" endtime="2176.59">they&#39;re</w>
   <w nite:id="ES2003c.D.words1031" starttime="2176.59" endtime="2176.82">going</w>
   <w nite:id="ES2003c.D.words1032" starttime="2176.82" endtime="2176.96">with</w>
   <w nite:id="ES2003c.D.words1033" starttime="2176.96" endtime="2177.25">the</w>
   <w nite:id="ES2003c.D.words1034" starttime="2177.25" endtime="2177.84">fashion</w>
   <w nite:id="ES2003c.D.words1035" starttime="2177.84" endtime="2178.59">thing</w>
   <w nite:id="ES2003c.D.words1036" starttime="2178.59" endtime="2178.59" punc="true">,</w>
   <w nite:id="ES2003c.D.words1037" starttime="2178.59" endtime="2179.74">like</w>
   <w nite:id="ES2003c.D.words1038" starttime="2179.74" endtime="2180.06">the</w>
   <w nite:id="ES2003c.D.words1039" starttime="2180.06" endtime="2180.71">design</w>
   <w nite:id="ES2003c.D.words1040" starttime="2180.71" endtime="2180.71" punc="true">,</w>
   <w nite:id="ES2003c.D.words1041" starttime="2180.71" endtime="2181.64">spongy</w>
   <w nite:id="ES2003c.D.words1042" starttime="2181.64" endtime="2182.24">rubber</w>
   <w nite:id="ES2003c.D.words1043" starttime="2182.24" endtime="2182.24" punc="true">.</w>
   <w nite:id="ES2003c.D.words1044" starttime="2182.24" endtime="2184.01">Yeah</w>
   <w nite:id="ES2003c.D.words1045" starttime="2184.01" endtime="2184.01" punc="true">.</w>
   <vocalsound nite:id="ES2003c.D.words1046" starttime="2184.01" endtime="2182.24" type="cough"/>
</nite:root>