<?xml version="1.0" encoding="ISO-8859-1" standalone="yes"?>
<nite:root nite:id="ES2010a.B.words" xmlns:nite="http://nite.sourceforge.net/">
   <w nite:id="ES2010a.B.words0" starttime="35.42" endtime="36.11">Yep</w>
   <w nite:id="ES2010a.B.words1" starttime="36.11" endtime="36.11" punc="true">.</w>
   <gap nite:id="ES2010a.B.words2" starttime="46.08" endtime="46.56"/>
   <w nite:id="ES2010a.B.words3" starttime="134.9" endtime="135.01">I</w>
   <w nite:id="ES2010a.B.words4" starttime="135.01" endtime="135.19">think</w>
   <w nite:id="ES2010a.B.words5" starttime="135.19" endtime="135.3">we</w>
   <w nite:id="ES2010a.B.words6" starttime="135.3" endtime="135.48">should</w>
   <w nite:id="ES2010a.B.words7" starttime="135.48" endtime="135.99">forgo</w>
   <w nite:id="ES2010a.B.words8" starttime="135.99" endtime="136.26">the</w>
   <w nite:id="ES2010a.B.words9" starttime="136.26" endtime="136.73">whiteboard</w>
   <w nite:id="ES2010a.B.words10" starttime="136.73" endtime="137.03">since</w>
   <w nite:id="ES2010a.B.words11" starttime="137.03" endtime="137.12">we</w>
   <w nite:id="ES2010a.B.words12" starttime="137.12" endtime="137.41">can&#39;t</w>
   <w nite:id="ES2010a.B.words13" starttime="137.41" endtime="137.69">actually</w>
   <w nite:id="ES2010a.B.words14" starttime="137.69" endtime="137.87">see</w>
   <w nite:id="ES2010a.B.words15" starttime="137.87" endtime="138.02">what</w>
   <w nite:id="ES2010a.B.words16" starttime="138.02" endtime="138.11">we&#39;re</w>
   <w nite:id="ES2010a.B.words17" starttime="138.11" endtime="138.44">writing</w>
   <w nite:id="ES2010a.B.words18" starttime="138.44" endtime="138.44" punc="true">.</w>
   <w nite:id="ES2010a.B.words19" starttime="150.57" endtime="151.06">Artistic</w>
   <w nite:id="ES2010a.B.words20" starttime="151.06" endtime="151.52">skills</w>
   <w nite:id="ES2010a.B.words21" starttime="151.52" endtime="151.52" punc="true">,</w>
   <w nite:id="ES2010a.B.words22" starttime="151.52" endtime="151.96">nil</w>
   <w nite:id="ES2010a.B.words23" starttime="151.96" endtime="151.96" punc="true">.</w>
   <vocalsound nite:id="ES2010a.B.words24" starttime="180.176" endtime="181.296" type="laugh"/>
   <vocalsound nite:id="ES2010a.B.words25" starttime="186.18" endtime="186.18" type="other"/>
   <w nite:id="ES2010a.B.words26" starttime="187.24" endtime="187.4">I</w>
   <w nite:id="ES2010a.B.words27" starttime="187.4" endtime="187.62">draw</w>
   <w nite:id="ES2010a.B.words28" starttime="187.62" endtime="187.85">like</w>
   <w nite:id="ES2010a.B.words29" starttime="187.85" endtime="187.98">I&#39;m</w>
   <w nite:id="ES2010a.B.words30" starttime="187.98" endtime="188.08">in</w>
   <w nite:id="ES2010a.B.words31" starttime="188.08" endtime="188.3">grade</w>
   <w nite:id="ES2010a.B.words32" starttime="188.3" endtime="189.62">five</w>
   <w nite:id="ES2010a.B.words33" starttime="189.62" endtime="189.62" punc="true">.</w>
   <w nite:id="ES2010a.B.words34" starttime="276.76" endtime="276.91">I&#39;ll</w>
   <w nite:id="ES2010a.B.words35" starttime="276.91" endtime="278.15">go</w>
   <w nite:id="ES2010a.B.words36" starttime="278.15" endtime="278.15" punc="true">.</w>
   <w nite:id="ES2010a.B.words37" starttime="278.15" endtime="278.24">I</w>
   <w nite:id="ES2010a.B.words38" starttime="278.24" endtime="278.43">drew</w>
   <w nite:id="ES2010a.B.words39" starttime="278.43" endtime="278.49">a</w>
   <w nite:id="ES2010a.B.words40" starttime="278.49" endtime="279.7">kitty</w>
   <w nite:id="ES2010a.B.words41" starttime="279.7" endtime="279.7" punc="true">.</w>
   <w nite:id="ES2010a.B.words42" starttime="279.7" endtime="279.9">It&#39;s</w>
   <w nite:id="ES2010a.B.words43" starttime="279.9" endtime="280.14">pretty</w>
   <w nite:id="ES2010a.B.words44" starttime="280.14" endtime="280.32">much</w>
   <w nite:id="ES2010a.B.words45" starttime="280.32" endtime="280.76">impossible</w>
   <w nite:id="ES2010a.B.words46" starttime="280.76" endtime="280.85">to</w>
   <w nite:id="ES2010a.B.words47" starttime="280.85" endtime="281.07">tell</w>
   <w nite:id="ES2010a.B.words48" starttime="281.07" endtime="281.29">that&#39;s</w>
   <w nite:id="ES2010a.B.words49" starttime="281.29" endtime="281.35">a</w>
   <w nite:id="ES2010a.B.words50" starttime="281.35" endtime="282.05">cat</w>
   <w nite:id="ES2010a.B.words51" starttime="282.05" endtime="282.05" punc="true">,</w>
   <w nite:id="ES2010a.B.words52" starttime="282.05" endtime="282.67">but</w>
   <w nite:id="ES2010a.B.words53" starttime="282.67" endtime="282.82">I</w>
   <w nite:id="ES2010a.B.words54" starttime="282.82" endtime="283.16">love</w>
   <w nite:id="ES2010a.B.words55" starttime="283.16" endtime="283.73">cats</w>
   <w nite:id="ES2010a.B.words56" starttime="283.73" endtime="283.73" punc="true">.</w>
   <w nite:id="ES2010a.B.words57" starttime="285.36" endtime="285.51">I</w>
   <w nite:id="ES2010a.B.words58" starttime="285.51" endtime="285.76">love</w>
   <w nite:id="ES2010a.B.words59" starttime="285.76" endtime="286.04">cats</w>
   <w nite:id="ES2010a.B.words60" starttime="286.04" endtime="286.35">because</w>
   <w nite:id="ES2010a.B.words61" starttime="286.35" endtime="286.49">they&#39;re</w>
   <w nite:id="ES2010a.B.words62" starttime="286.49" endtime="288.11">independent</w>
   <w nite:id="ES2010a.B.words63" starttime="288.11" endtime="288.11" punc="true">,</w>
   <w nite:id="ES2010a.B.words64" starttime="288.11" endtime="288.97">uh</w>
   <w nite:id="ES2010a.B.words65" starttime="288.97" endtime="289.07">they</w>
   <w nite:id="ES2010a.B.words66" starttime="289.07" endtime="289.31">pretty</w>
   <w nite:id="ES2010a.B.words67" starttime="289.31" endtime="289.65">much</w>
   <w nite:id="ES2010a.B.words68" starttime="289.65" endtime="289.79">know</w>
   <w nite:id="ES2010a.B.words69" starttime="289.79" endtime="289.91">what</w>
   <w nite:id="ES2010a.B.words70" starttime="289.91" endtime="290.0">they</w>
   <w nite:id="ES2010a.B.words71" starttime="290.0" endtime="290.24">want</w>
   <w nite:id="ES2010a.B.words72" starttime="290.24" endtime="290.24" punc="true">,</w>
   <w nite:id="ES2010a.B.words73" starttime="290.24" endtime="290.39">they</w>
   <w nite:id="ES2010a.B.words74" starttime="290.39" endtime="290.56">get</w>
   <w nite:id="ES2010a.B.words75" starttime="290.56" endtime="291.26">it</w>
   <w nite:id="ES2010a.B.words76" starttime="291.26" endtime="291.26" punc="true">,</w>
   <w nite:id="ES2010a.B.words77" starttime="291.26" endtime="291.37">they</w>
   <w nite:id="ES2010a.B.words78" starttime="291.37" endtime="291.59">move</w>
   <w nite:id="ES2010a.B.words79" starttime="291.59" endtime="291.79">on</w>
   <w nite:id="ES2010a.B.words80" starttime="291.79" endtime="291.79" punc="true">.</w>
   <vocalsound nite:id="ES2010a.B.words81" starttime="291.79" endtime="292.256" type="laugh"/>
   <w nite:id="ES2010a.B.words82" starttime="297.78" endtime="297.89">I&#39;m</w>
   <w nite:id="ES2010a.B.words83" starttime="297.89" endtime="298.24">allergic</w>
   <w nite:id="ES2010a.B.words84" starttime="298.24" endtime="298.36">to</w>
   <w nite:id="ES2010a.B.words85" starttime="298.36" endtime="298.64">cats</w>
   <w nite:id="ES2010a.B.words86" starttime="298.64" endtime="298.64" punc="true">,</w>
   <w nite:id="ES2010a.B.words87" starttime="298.64" endtime="300.08">too</w>
   <w nite:id="ES2010a.B.words88" starttime="300.08" endtime="300.08" punc="true">.</w>
   <vocalsound nite:id="ES2010a.B.words89" starttime="300.08" endtime="300.176" type="laugh"/>
   <w nite:id="ES2010a.B.words90" starttime="308.4" endtime="308.49">I</w>
   <w nite:id="ES2010a.B.words91" starttime="308.49" endtime="308.69">still</w>
   <w nite:id="ES2010a.B.words92" starttime="308.69" endtime="308.93">can&#39;t</w>
   <w nite:id="ES2010a.B.words93" starttime="308.93" endtime="309.22">sleep</w>
   <w nite:id="ES2010a.B.words94" starttime="309.22" endtime="309.36">with</w>
   <w nite:id="ES2010a.B.words95" starttime="309.36" endtime="309.49">them</w>
   <w nite:id="ES2010a.B.words96" starttime="309.49" endtime="309.59">in</w>
   <w nite:id="ES2010a.B.words97" starttime="309.59" endtime="309.68">my</w>
   <w nite:id="ES2010a.B.words98" starttime="309.68" endtime="310.04">room</w>
   <w nite:id="ES2010a.B.words99" starttime="310.04" endtime="310.04" punc="true">.</w>
   <w nite:id="ES2010a.B.words100" starttime="318.99" endtime="319.98">Yay</w>
   <w nite:id="ES2010a.B.words101" starttime="319.98" endtime="319.98" punc="true">.</w>
   <vocalsound nite:id="ES2010a.B.words102" starttime="325.801" endtime="325.801" type="laugh"/>
   <w nite:id="ES2010a.B.words103" starttime="326.38" endtime="326.96">Are</w>
   <w nite:id="ES2010a.B.words104" starttime="326.96" endtime="327.13">you</w>
   <w nite:id="ES2010a.B.words105" starttime="327.13" endtime="327.33">trying</w>
   <w nite:id="ES2010a.B.words106" starttime="327.33" endtime="327.41">to</w>
   <w nite:id="ES2010a.B.words107" starttime="327.41" endtime="327.81">suggest</w>
   <w nite:id="ES2010a.B.words108" starttime="327.81" endtime="328.19">something</w>
   <w nite:id="ES2010a.B.words109" starttime="328.19" endtime="328.19" punc="true">?</w>
   <w nite:id="ES2010a.B.words110" starttime="431.02" endtime="431.18">Well</w>
   <w nite:id="ES2010a.B.words111" starttime="431.18" endtime="431.18" punc="true">,</w>
   <w nite:id="ES2010a.B.words112" starttime="431.18" endtime="431.31">we</w>
   <w nite:id="ES2010a.B.words113" starttime="431.31" endtime="431.54">wanna</w>
   <w nite:id="ES2010a.B.words114" starttime="431.54" endtime="431.72">make</w>
   <w nite:id="ES2010a.B.words115" starttime="431.72" endtime="431.77">a</w>
   <w nite:id="ES2010a.B.words116" starttime="431.77" endtime="432.65">multifunctional</w>
   <w nite:id="ES2010a.B.words117" starttime="432.65" endtime="433.01">remote</w>
   <w nite:id="ES2010a.B.words118" starttime="433.01" endtime="433.01" punc="true">,</w>
   <w nite:id="ES2010a.B.words119" starttime="433.01" endtime="433.87">right</w>
   <w nite:id="ES2010a.B.words120" starttime="433.87" endtime="433.87" punc="true">?</w>
   <w nite:id="ES2010a.B.words121" starttime="433.87" endtime="434.06">One</w>
   <w nite:id="ES2010a.B.words122" starttime="434.06" endtime="434.39">remote</w>
   <w nite:id="ES2010a.B.words123" starttime="434.39" endtime="434.55">for</w>
   <w nite:id="ES2010a.B.words124" starttime="434.55" endtime="435.36">everything</w>
   <w nite:id="ES2010a.B.words125" starttime="435.36" endtime="435.36" punc="true">.</w>
   <w nite:id="ES2010a.B.words126" starttime="438.49" endtime="439.47">Um</w>
   <w nite:id="ES2010a.B.words127" starttime="439.47" endtime="439.47" punc="true">.</w>
   <w nite:id="ES2010a.B.words128" starttime="447.12" endtime="447.19">I</w>
   <w nite:id="ES2010a.B.words129" starttime="447.19" endtime="447.39">think</w>
   <w nite:id="ES2010a.B.words130" starttime="447.39" endtime="447.51">they&#39;ll</w>
   <w nite:id="ES2010a.B.words131" starttime="447.51" endtime="447.62">be</w>
   <w nite:id="ES2010a.B.words132" starttime="447.62" endtime="448.21">phasing</w>
   <w nite:id="ES2010a.B.words133" starttime="448.21" endtime="448.84">V_H_S_</w>
   <w nite:id="ES2010a.B.words134" starttime="448.84" endtime="448.99">out</w>
   <w nite:id="ES2010a.B.words135" starttime="448.99" endtime="449.58">shortly</w>
   <w nite:id="ES2010a.B.words136" starttime="449.58" endtime="449.58" punc="true">.</w>
   <w nite:id="ES2010a.B.words137" starttime="452.21" endtime="452.52">Okay</w>
   <w nite:id="ES2010a.B.words138" starttime="452.52" endtime="452.52" punc="true">.</w>
   <w nite:id="ES2010a.B.words139" starttime="470.11" endtime="470.35">So</w>
   <w nite:id="ES2010a.B.words140" starttime="470.35" endtime="470.46">we&#39;ll</w>
   <w nite:id="ES2010a.B.words141" starttime="470.46" endtime="470.61">have</w>
   <w nite:id="ES2010a.B.words142" starttime="470.61" endtime="470.75">to</w>
   <w nite:id="ES2010a.B.words143" starttime="470.75" endtime="471.03">figure</w>
   <w nite:id="ES2010a.B.words144" starttime="471.03" endtime="471.11">it</w>
   <w nite:id="ES2010a.B.words145" starttime="471.11" endtime="471.23">how</w>
   <w nite:id="ES2010a.B.words146" starttime="471.23" endtime="471.34">to</w>
   <w nite:id="ES2010a.B.words147" starttime="471.34" endtime="471.71">cover</w>
   <w nite:id="ES2010a.B.words148" starttime="471.71" endtime="471.87">all</w>
   <w nite:id="ES2010a.B.words149" starttime="471.87" endtime="471.99">the</w>
   <w nite:id="ES2010a.B.words150" starttime="471.99" endtime="473.48">different</w>
   <w nite:id="ES2010a.B.words151" starttime="473.48" endtime="474.12">variances</w>
   <w nite:id="ES2010a.B.words152" starttime="474.12" endtime="474.53">in</w>
   <w nite:id="ES2010a.B.words153" starttime="474.53" endtime="475.17">signals</w>
   <w nite:id="ES2010a.B.words154" starttime="475.17" endtime="475.17" punc="true">.</w>
   <w nite:id="ES2010a.B.words155" starttime="510.44" endtime="510.53">What</w>
   <w nite:id="ES2010a.B.words156" starttime="510.53" endtime="510.73">about</w>
   <w nite:id="ES2010a.B.words157" starttime="510.73" endtime="511.06">something</w>
   <w nite:id="ES2010a.B.words158" starttime="511.06" endtime="511.21">with</w>
   <w nite:id="ES2010a.B.words159" starttime="511.21" endtime="511.32">the</w>
   <w nite:id="ES2010a.B.words160" starttime="511.32" endtime="512.0">curvature</w>
   <w nite:id="ES2010a.B.words161" starttime="512.0" endtime="512.35">like</w>
   <w nite:id="ES2010a.B.words162" starttime="512.35" endtime="512.5">that</w>
   <w nite:id="ES2010a.B.words163" starttime="512.5" endtime="512.93">matches</w>
   <w nite:id="ES2010a.B.words164" starttime="512.93" endtime="513.03">the</w>
   <w nite:id="ES2010a.B.words165" starttime="513.03" endtime="513.53">curvature</w>
   <w nite:id="ES2010a.B.words166" starttime="513.53" endtime="513.62">of</w>
   <w nite:id="ES2010a.B.words167" starttime="513.62" endtime="513.68">a</w>
   <w nite:id="ES2010a.B.words168" starttime="513.68" endtime="514.2">hand</w>
   <w nite:id="ES2010a.B.words169" starttime="514.2" endtime="514.2" punc="true">?</w>
   <w nite:id="ES2010a.B.words170" starttime="529.06" endtime="529.19">What</w>
   <w nite:id="ES2010a.B.words171" starttime="529.19" endtime="529.48">kinda</w>
   <w nite:id="ES2010a.B.words172" starttime="529.48" endtime="529.83">battery</w>
   <w nite:id="ES2010a.B.words173" starttime="529.83" endtime="530.07">would</w>
   <w nite:id="ES2010a.B.words174" starttime="530.07" endtime="530.16">we</w>
   <w nite:id="ES2010a.B.words175" starttime="530.16" endtime="530.33">want</w>
   <w nite:id="ES2010a.B.words176" starttime="530.33" endtime="530.39">to</w>
   <w nite:id="ES2010a.B.words177" starttime="530.39" endtime="531.21">use</w>
   <w nite:id="ES2010a.B.words178" starttime="531.21" endtime="531.21" punc="true">?</w>
   <w nite:id="ES2010a.B.words179" starttime="531.21" endtime="531.56">Because</w>
   <w nite:id="ES2010a.B.words180" starttime="531.56" endtime="532.05">battery</w>
   <w nite:id="ES2010a.B.words181" starttime="532.05" endtime="532.62">changing</w>
   <w nite:id="ES2010a.B.words182" starttime="532.62" endtime="532.9">is</w>
   <w nite:id="ES2010a.B.words183" starttime="532.9" endtime="534.25">usually</w>
   <disfmarker nite:id="ES2010a.B.words184" starttime="534.25" endtime="534.25"/>
   <w nite:id="ES2010a.B.words185" starttime="534.25" endtime="534.59">Okay</w>
   <w nite:id="ES2010a.B.words186" starttime="534.59" endtime="534.59" punc="true">.</w>
   <w nite:id="ES2010a.B.words187" starttime="551.86" endtime="552.09">Yeah</w>
   <w nite:id="ES2010a.B.words188" starttime="552.09" endtime="552.09" punc="true">.</w>
   <w nite:id="ES2010a.B.words189" starttime="558.93" endtime="559.29">Can</w>
   <w nite:id="ES2010a.B.words190" starttime="559.29" endtime="559.37">you</w>
   <gap nite:id="ES2010a.B.words191" starttime="559.37" endtime="559.37"/>
   <w nite:id="ES2010a.B.words192" starttime="559.37" endtime="559.59">with</w>
   <w nite:id="ES2010a.B.words193" starttime="559.59" endtime="559.69">a</w>
   <w nite:id="ES2010a.B.words194" starttime="559.69" endtime="560.1">small</w>
   <w nite:id="ES2010a.B.words195" starttime="560.1" endtime="560.49">lithium</w>
   <w nite:id="ES2010a.B.words196" starttime="560.49" endtime="560.91">battery</w>
   <w nite:id="ES2010a.B.words197" starttime="560.91" endtime="560.91" punc="true">?</w>
</nite:root>