<?xml version="1.0" encoding="ISO-8859-1" standalone="yes"?>
<nite:root nite:id="ES2010a.D.words" xmlns:nite="http://nite.sourceforge.net/">
   <w nite:id="ES2010a.D.words0" starttime="31.73" endtime="31.95">Yep</w>
   <w nite:id="ES2010a.D.words1" starttime="31.95" endtime="31.95" punc="true">.</w>
   <w nite:id="ES2010a.D.words2" starttime="137.09" endtime="137.2">We</w>
   <w nite:id="ES2010a.D.words3" starttime="137.2" endtime="137.37">could</w>
   <disfmarker nite:id="ES2010a.D.words4" starttime="137.37" endtime="137.408"/>
   <w nite:id="ES2010a.D.words5" starttime="138.42" endtime="138.92">Yeah</w>
   <w nite:id="ES2010a.D.words6" starttime="138.92" endtime="138.92" punc="true">,</w>
   <w nite:id="ES2010a.D.words7" starttime="138.92" endtime="139.05">we</w>
   <w nite:id="ES2010a.D.words8" starttime="139.05" endtime="139.24">could</w>
   <w nite:id="ES2010a.D.words9" starttime="139.24" endtime="139.4">on</w>
   <w nite:id="ES2010a.D.words10" starttime="139.4" endtime="139.68">here</w>
   <w nite:id="ES2010a.D.words11" starttime="139.68" endtime="139.68" punc="true">.</w>
   <vocalsound nite:id="ES2010a.D.words12" starttime="164.185" endtime="164.185" type="other"/>
   <w nite:id="ES2010a.D.words13" starttime="165.45" endtime="165.68">Oh</w>
   <w nite:id="ES2010a.D.words14" starttime="165.68" endtime="165.68" punc="true">,</w>
   <w nite:id="ES2010a.D.words15" starttime="165.68" endtime="167.57">thanks</w>
   <w nite:id="ES2010a.D.words16" starttime="167.57" endtime="167.57" punc="true">.</w>
   <vocalsound nite:id="ES2010a.D.words17" starttime="167.57" endtime="167.616" type="laugh"/>
   <vocalsound nite:id="ES2010a.D.words18" starttime="183.36" endtime="184.832" type="laugh"/>
   <vocalsound nite:id="ES2010a.D.words19" starttime="241.532" endtime="242.64" type="laugh"/>
   <w nite:id="ES2010a.D.words20" starttime="249.41" endtime="249.58">I&#39;ll</w>
   <w nite:id="ES2010a.D.words21" starttime="249.58" endtime="250.62">go</w>
   <w nite:id="ES2010a.D.words22" starttime="250.62" endtime="250.62" punc="true">.</w>
   <vocalsound nite:id="ES2010a.D.words23" starttime="250.62" endtime="250.62" type="other"/>
   <w nite:id="ES2010a.D.words24" starttime="250.62" endtime="251.3">Um</w>
   <w nite:id="ES2010a.D.words25" starttime="251.3" endtime="251.46">this</w>
   <w nite:id="ES2010a.D.words26" starttime="251.46" endtime="251.6">is</w>
   <w nite:id="ES2010a.D.words27" starttime="251.6" endtime="251.71">my</w>
   <w nite:id="ES2010a.D.words28" starttime="251.71" endtime="252.88">picture</w>
   <w nite:id="ES2010a.D.words29" starttime="252.88" endtime="252.88" punc="true">.</w>
   <w nite:id="ES2010a.D.words30" starttime="252.88" endtime="252.95">I</w>
   <w nite:id="ES2010a.D.words31" starttime="252.95" endtime="253.1">drew</w>
   <w nite:id="ES2010a.D.words32" starttime="253.1" endtime="254.21">fish</w>
   <disfmarker nite:id="ES2010a.D.words33" starttime="254.21" endtime="254.21"/>
   <vocalsound nite:id="ES2010a.D.words34" starttime="254.21" endtime="254.21" type="other"/>
   <w nite:id="ES2010a.D.words35" starttime="254.21" endtime="254.35">I</w>
   <w nite:id="ES2010a.D.words36" starttime="254.35" endtime="254.53">like</w>
   <w nite:id="ES2010a.D.words37" starttime="254.53" endtime="254.85">fish</w>
   <w nite:id="ES2010a.D.words38" starttime="254.85" endtime="254.85" punc="true">,</w>
   <w nite:id="ES2010a.D.words39" starttime="254.85" endtime="255.3">because</w>
   <w nite:id="ES2010a.D.words40" starttime="255.3" endtime="256.77">uh</w>
   <w nite:id="ES2010a.D.words41" starttime="256.77" endtime="256.77" punc="true">,</w>
   <w nite:id="ES2010a.D.words42" starttime="256.77" endtime="256.88">you</w>
   <w nite:id="ES2010a.D.words43" starttime="256.88" endtime="257.19">know</w>
   <w nite:id="ES2010a.D.words44" starttime="257.19" endtime="257.19" punc="true">,</w>
   <w nite:id="ES2010a.D.words45" starttime="257.19" endtime="257.41">their</w>
   <w nite:id="ES2010a.D.words46" starttime="257.41" endtime="257.57">whole</w>
   <w nite:id="ES2010a.D.words47" starttime="257.57" endtime="258.5">water-vascular</w>
   <w nite:id="ES2010a.D.words48" starttime="258.5" endtime="258.97">system</w>
   <w nite:id="ES2010a.D.words49" starttime="258.97" endtime="259.31">thing</w>
   <w nite:id="ES2010a.D.words50" starttime="259.31" endtime="259.31" punc="true">.</w>
   <w nite:id="ES2010a.D.words51" starttime="259.31" endtime="259.45">It&#39;s</w>
   <w nite:id="ES2010a.D.words52" starttime="259.45" endtime="259.63">pretty</w>
   <w nite:id="ES2010a.D.words53" starttime="259.63" endtime="260.21">cool</w>
   <w nite:id="ES2010a.D.words54" starttime="260.21" endtime="260.21" punc="true">,</w>
   <w nite:id="ES2010a.D.words55" starttime="260.21" endtime="260.61">and</w>
   <w nite:id="ES2010a.D.words56" starttime="260.61" endtime="261.78">um</w>
   <w nite:id="ES2010a.D.words57" starttime="261.78" endtime="261.9">they&#39;ve</w>
   <w nite:id="ES2010a.D.words58" starttime="261.9" endtime="262.08">got</w>
   <w nite:id="ES2010a.D.words59" starttime="262.08" endtime="262.13">a</w>
   <w nite:id="ES2010a.D.words60" starttime="262.13" endtime="262.36">pretty</w>
   <w nite:id="ES2010a.D.words61" starttime="262.36" endtime="262.53">good</w>
   <w nite:id="ES2010a.D.words62" starttime="262.53" endtime="263.24">habitat</w>
   <w nite:id="ES2010a.D.words63" starttime="263.24" endtime="263.33">and</w>
   <w nite:id="ES2010a.D.words64" starttime="263.33" endtime="263.39">they</w>
   <w nite:id="ES2010a.D.words65" starttime="263.39" endtime="263.43">are</w>
   <w nite:id="ES2010a.D.words66" starttime="263.43" endtime="264.12">pretty</w>
   <w nite:id="ES2010a.D.words67" starttime="264.12" endtime="264.86">sometimes</w>
   <w nite:id="ES2010a.D.words68" starttime="264.86" endtime="264.86" punc="true">,</w>
   <w nite:id="ES2010a.D.words69" starttime="264.86" endtime="265.25">sometimes</w>
   <w nite:id="ES2010a.D.words70" starttime="265.25" endtime="265.73">vicious</w>
   <w nite:id="ES2010a.D.words71" starttime="265.73" endtime="265.85">but</w>
   <w nite:id="ES2010a.D.words72" starttime="265.85" endtime="266.07">that&#39;s</w>
   <w nite:id="ES2010a.D.words73" starttime="266.07" endtime="266.73">okay</w>
   <w nite:id="ES2010a.D.words74" starttime="266.73" endtime="266.73" punc="true">.</w>
   <w nite:id="ES2010a.D.words75" starttime="266.73" endtime="266.91">Yeah</w>
   <w nite:id="ES2010a.D.words76" starttime="266.91" endtime="266.91" punc="true">.</w>
   <w nite:id="ES2010a.D.words77" starttime="268.39" endtime="268.73">Yeah</w>
   <w nite:id="ES2010a.D.words78" starttime="268.73" endtime="268.73" punc="true">,</w>
   <w nite:id="ES2010a.D.words79" starttime="268.73" endtime="268.96">they</w>
   <w nite:id="ES2010a.D.words80" starttime="268.96" endtime="269.11">they&#39;re</w>
   <w nite:id="ES2010a.D.words81" starttime="269.11" endtime="270.04">easy</w>
   <w nite:id="ES2010a.D.words82" starttime="270.04" endtime="270.04" punc="true">,</w>
   <w nite:id="ES2010a.D.words83" starttime="270.04" endtime="270.21">you</w>
   <w nite:id="ES2010a.D.words84" starttime="270.21" endtime="270.39">know</w>
   <w nite:id="ES2010a.D.words85" starttime="270.39" endtime="270.39" punc="true">.</w>
   <w nite:id="ES2010a.D.words86" starttime="272.02" endtime="272.23">Yeah</w>
   <w nite:id="ES2010a.D.words87" starttime="272.23" endtime="272.23" punc="true">.</w>
   <w nite:id="ES2010a.D.words88" starttime="282.07" endtime="282.34">No</w>
   <w nite:id="ES2010a.D.words89" starttime="282.34" endtime="282.69">I</w>
   <w nite:id="ES2010a.D.words90" starttime="282.69" endtime="282.78">I</w>
   <w nite:id="ES2010a.D.words91" starttime="282.78" endtime="282.97">see</w>
   <w nite:id="ES2010a.D.words92" starttime="282.97" endtime="283.76">it</w>
   <w nite:id="ES2010a.D.words93" starttime="283.76" endtime="283.76" punc="true">.</w>
   <w nite:id="ES2010a.D.words94" starttime="283.76" endtime="283.97">Yeah</w>
   <w nite:id="ES2010a.D.words95" starttime="283.97" endtime="283.97" punc="true">,</w>
   <w nite:id="ES2010a.D.words96" starttime="283.97" endtime="284.04">it</w>
   <w nite:id="ES2010a.D.words97" starttime="284.04" endtime="284.2">does</w>
   <w nite:id="ES2010a.D.words98" starttime="284.2" endtime="284.29">look</w>
   <w nite:id="ES2010a.D.words99" starttime="284.29" endtime="284.48">like</w>
   <w nite:id="ES2010a.D.words100" starttime="284.48" endtime="284.51">a</w>
   <w nite:id="ES2010a.D.words101" starttime="284.51" endtime="284.8">cat</w>
   <w nite:id="ES2010a.D.words102" starttime="284.8" endtime="284.8" punc="true">.</w>
   <w nite:id="ES2010a.D.words103" starttime="296.34" endtime="296.46">I&#39;m</w>
   <w nite:id="ES2010a.D.words104" starttime="296.46" endtime="296.87">allergic</w>
   <w nite:id="ES2010a.D.words105" starttime="296.87" endtime="296.95">to</w>
   <w nite:id="ES2010a.D.words106" starttime="296.95" endtime="299.1">cats</w>
   <w nite:id="ES2010a.D.words107" starttime="299.1" endtime="299.1" punc="true">.</w>
   <vocalsound nite:id="ES2010a.D.words108" starttime="299.1" endtime="299.1" type="laugh"/>
   <w nite:id="ES2010a.D.words109" starttime="299.1" endtime="299.35">Oh</w>
   <w nite:id="ES2010a.D.words110" starttime="299.35" endtime="299.35" punc="true">,</w>
   <w nite:id="ES2010a.D.words111" starttime="299.35" endtime="299.85">okay</w>
   <w nite:id="ES2010a.D.words112" starttime="299.85" endtime="299.85" punc="true">.</w>
   <vocalsound nite:id="ES2010a.D.words113" starttime="299.85" endtime="300.016" type="laugh"/>
   <w nite:id="ES2010a.D.words114" starttime="306.05" endtime="306.5">Yeah</w>
   <w nite:id="ES2010a.D.words115" starttime="306.5" endtime="306.5" punc="true">,</w>
   <w nite:id="ES2010a.D.words116" starttime="306.5" endtime="306.7">yeah</w>
   <w nite:id="ES2010a.D.words117" starttime="306.7" endtime="306.7" punc="true">,</w>
   <w nite:id="ES2010a.D.words118" starttime="306.7" endtime="306.81">if</w>
   <w nite:id="ES2010a.D.words119" starttime="306.81" endtime="307.12">you&#39;re</w>
   <w nite:id="ES2010a.D.words120" starttime="307.12" endtime="307.28">around</w>
   <w nite:id="ES2010a.D.words121" starttime="307.28" endtime="307.37">them</w>
   <w nite:id="ES2010a.D.words122" starttime="307.37" endtime="307.48">for</w>
   <w nite:id="ES2010a.D.words123" starttime="307.48" endtime="307.52">a</w>
   <w nite:id="ES2010a.D.words124" starttime="307.52" endtime="307.72">long</w>
   <w nite:id="ES2010a.D.words125" starttime="307.72" endtime="307.94">period</w>
   <w nite:id="ES2010a.D.words126" starttime="307.94" endtime="308.0">of</w>
   <w nite:id="ES2010a.D.words127" starttime="308.0" endtime="308.3">time</w>
   <disfmarker nite:id="ES2010a.D.words128" starttime="308.3" endtime="308.4"/>
   <w nite:id="ES2010a.D.words129" starttime="310.45" endtime="310.57">Oh</w>
   <w nite:id="ES2010a.D.words130" starttime="310.57" endtime="310.57" punc="true">,</w>
   <w nite:id="ES2010a.D.words131" starttime="310.57" endtime="310.98">yeah</w>
   <w nite:id="ES2010a.D.words132" starttime="310.98" endtime="310.98" punc="true">,</w>
   <w nite:id="ES2010a.D.words133" starttime="310.98" endtime="311.15">this</w>
   <w nite:id="ES2010a.D.words134" starttime="311.15" endtime="311.51">summer</w>
   <w nite:id="ES2010a.D.words135" starttime="311.51" endtime="311.98">I</w>
   <w nite:id="ES2010a.D.words136" starttime="311.98" endtime="311.98" punc="true">,</w>
   <w nite:id="ES2010a.D.words137" starttime="311.98" endtime="312.4">oh</w>
   <w nite:id="ES2010a.D.words138" starttime="312.4" endtime="312.6">I</w>
   <w nite:id="ES2010a.D.words139" starttime="312.6" endtime="312.83">had</w>
   <w nite:id="ES2010a.D.words140" starttime="312.83" endtime="313.04">to</w>
   <w nite:id="ES2010a.D.words141" starttime="313.04" endtime="313.22">live</w>
   <w nite:id="ES2010a.D.words142" starttime="313.22" endtime="313.34">with</w>
   <w nite:id="ES2010a.D.words143" starttime="313.34" endtime="313.72">cats</w>
   <w nite:id="ES2010a.D.words144" starttime="313.72" endtime="313.72" punc="true">.</w>
   <w nite:id="ES2010a.D.words145" starttime="313.72" endtime="313.78">It</w>
   <w nite:id="ES2010a.D.words146" starttime="313.78" endtime="313.9">was</w>
   <w nite:id="ES2010a.D.words147" starttime="313.9" endtime="315.35">crazy</w>
   <w nite:id="ES2010a.D.words148" starttime="315.35" endtime="315.35" punc="true">.</w>
   <w nite:id="ES2010a.D.words149" starttime="315.35" endtime="315.47">Yeah</w>
   <w nite:id="ES2010a.D.words150" starttime="315.47" endtime="315.47" punc="true">.</w>
   <w nite:id="ES2010a.D.words151" starttime="318.79" endtime="320.66">Cool</w>
   <w nite:id="ES2010a.D.words152" starttime="320.66" endtime="320.66" punc="true">.</w>
   <vocalsound nite:id="ES2010a.D.words153" starttime="320.66" endtime="320.848" type="laugh"/>
   <vocalsound nite:id="ES2010a.D.words154" starttime="325.2" endtime="326.816" type="laugh"/>
   <w nite:id="ES2010a.D.words155" starttime="334.44" endtime="334.54">Oh</w>
   <w nite:id="ES2010a.D.words156" starttime="334.54" endtime="334.54" punc="true">,</w>
   <w nite:id="ES2010a.D.words157" starttime="334.54" endtime="335.14">okay</w>
   <w nite:id="ES2010a.D.words158" starttime="335.14" endtime="335.14" punc="true">.</w>
   <w nite:id="ES2010a.D.words159" starttime="351.72" endtime="351.95">No</w>
   <w nite:id="ES2010a.D.words160" starttime="351.95" endtime="351.95" punc="true">,</w>
   <w nite:id="ES2010a.D.words161" starttime="351.95" endtime="352.26">that&#39;s</w>
   <w nite:id="ES2010a.D.words162" starttime="352.26" endtime="352.71">good</w>
   <w nite:id="ES2010a.D.words163" starttime="352.71" endtime="352.71" punc="true">.</w>
   <w nite:id="ES2010a.D.words164" starttime="369.49" endtime="369.59">You</w>
   <w nite:id="ES2010a.D.words165" starttime="369.59" endtime="369.71">don&#39;t</w>
   <w nite:id="ES2010a.D.words166" starttime="369.71" endtime="369.92">really</w>
   <w nite:id="ES2010a.D.words167" starttime="369.92" endtime="370.16">have</w>
   <w nite:id="ES2010a.D.words168" starttime="370.16" endtime="370.47">to</w>
   <w nite:id="ES2010a.D.words169" starttime="370.47" endtime="370.47" punc="true">,</w>
   <w nite:id="ES2010a.D.words170" starttime="370.47" endtime="370.53">I</w>
   <w nite:id="ES2010a.D.words171" starttime="370.53" endtime="371.03">mean</w>
   <w nite:id="ES2010a.D.words172" starttime="371.03" endtime="371.03" punc="true">,</w>
   <w nite:id="ES2010a.D.words173" starttime="371.03" endtime="371.1">if</w>
   <w nite:id="ES2010a.D.words174" starttime="371.1" endtime="371.21">you</w>
   <w nite:id="ES2010a.D.words175" starttime="371.21" endtime="371.46">like</w>
   <w nite:id="ES2010a.D.words176" starttime="371.46" endtime="371.71">&#39;em</w>
   <disfmarker nite:id="ES2010a.D.words177" starttime="371.71" endtime="371.744"/>
   <w nite:id="ES2010a.D.words178" starttime="436.08" endtime="436.25">Right</w>
   <w nite:id="ES2010a.D.words179" starttime="436.25" endtime="436.25" punc="true">.</w>
   <w nite:id="ES2010a.D.words180" starttime="448.29" endtime="448.49">Yeah</w>
   <w nite:id="ES2010a.D.words181" starttime="448.49" endtime="448.49" punc="true">,</w>
   <w nite:id="ES2010a.D.words182" starttime="448.49" endtime="449.0">TiVo</w>
   <w nite:id="ES2010a.D.words183" starttime="449.0" endtime="449.0" punc="true">.</w>
   <w nite:id="ES2010a.D.words184" starttime="455.01" endtime="455.12">It</w>
   <w nite:id="ES2010a.D.words185" starttime="455.12" endtime="455.31">needs</w>
   <w nite:id="ES2010a.D.words186" starttime="455.31" endtime="455.37">to</w>
   <w nite:id="ES2010a.D.words187" starttime="455.37" endtime="455.46">be</w>
   <w nite:id="ES2010a.D.words188" starttime="455.46" endtime="456.02">compatible</w>
   <w nite:id="ES2010a.D.words189" starttime="456.02" endtime="456.22">&#39;cause</w>
   <w nite:id="ES2010a.D.words190" starttime="456.22" endtime="456.65">universal</w>
   <w nite:id="ES2010a.D.words191" starttime="456.65" endtime="456.89">remote</w>
   <w nite:id="ES2010a.D.words192" starttime="456.89" endtime="457.31">controls</w>
   <w nite:id="ES2010a.D.words193" starttime="457.31" endtime="457.4">are</w>
   <w nite:id="ES2010a.D.words194" starttime="457.4" endtime="457.69">never</w>
   <w nite:id="ES2010a.D.words195" starttime="457.69" endtime="458.36">universal</w>
   <w nite:id="ES2010a.D.words196" starttime="458.36" endtime="458.36" punc="true">.</w>
   <w nite:id="ES2010a.D.words197" starttime="475.51" endtime="475.65">And</w>
   <w nite:id="ES2010a.D.words198" starttime="475.65" endtime="475.74">what</w>
   <w nite:id="ES2010a.D.words199" starttime="475.74" endtime="475.86">we</w>
   <w nite:id="ES2010a.D.words200" starttime="475.86" endtime="476.08">need</w>
   <w nite:id="ES2010a.D.words201" starttime="476.08" endtime="476.21">an</w>
   <w nite:id="ES2010a.D.words202" starttime="476.21" endtime="476.86">insanely</w>
   <w nite:id="ES2010a.D.words203" starttime="476.86" endtime="477.06">good</w>
   <w nite:id="ES2010a.D.words204" starttime="477.06" endtime="477.53">instruction</w>
   <w nite:id="ES2010a.D.words205" starttime="477.53" endtime="478.01">booklet</w>
   <w nite:id="ES2010a.D.words206" starttime="478.01" endtime="478.01" punc="true">,</w>
   <w nite:id="ES2010a.D.words207" starttime="478.01" endtime="478.3">because</w>
   <w nite:id="ES2010a.D.words208" starttime="478.3" endtime="478.4">you</w>
   <w nite:id="ES2010a.D.words209" starttime="478.4" endtime="478.62">always</w>
   <w nite:id="ES2010a.D.words210" starttime="478.62" endtime="478.77">have</w>
   <w nite:id="ES2010a.D.words211" starttime="478.77" endtime="478.86">to</w>
   <w nite:id="ES2010a.D.words212" starttime="478.86" endtime="479.49">reconfigure</w>
   <w nite:id="ES2010a.D.words213" starttime="479.49" endtime="479.71">all</w>
   <w nite:id="ES2010a.D.words214" starttime="479.71" endtime="480.38">your</w>
   <w nite:id="ES2010a.D.words215" starttime="480.38" endtime="481.18">contraptions</w>
   <w nite:id="ES2010a.D.words216" starttime="481.18" endtime="481.3">to</w>
   <w nite:id="ES2010a.D.words217" starttime="481.3" endtime="481.39">go</w>
   <w nite:id="ES2010a.D.words218" starttime="481.39" endtime="481.51">with</w>
   <w nite:id="ES2010a.D.words219" starttime="481.51" endtime="481.59">the</w>
   <w nite:id="ES2010a.D.words220" starttime="481.59" endtime="481.83">remote</w>
   <w nite:id="ES2010a.D.words221" starttime="481.83" endtime="482.32">anyways</w>
   <w nite:id="ES2010a.D.words222" starttime="482.32" endtime="482.32" punc="true">.</w>
   <w nite:id="ES2010a.D.words223" starttime="500.13" endtime="500.19">They</w>
   <w nite:id="ES2010a.D.words224" starttime="500.19" endtime="500.35">want</w>
   <w nite:id="ES2010a.D.words225" starttime="500.35" endtime="500.47">like</w>
   <w nite:id="ES2010a.D.words226" starttime="500.47" endtime="500.54">the</w>
   <w nite:id="ES2010a.D.words227" starttime="500.54" endtime="501.1">flashy</w>
   <w nite:id="ES2010a.D.words228" starttime="501.1" endtime="501.59">lights</w>
   <w nite:id="ES2010a.D.words229" starttime="501.59" endtime="501.59" punc="true">.</w>
   <w nite:id="ES2010a.D.words230" starttime="501.59" endtime="501.65">Oh</w>
   <w nite:id="ES2010a.D.words231" starttime="501.65" endtime="501.95">like</w>
   <w nite:id="ES2010a.D.words232" starttime="501.95" endtime="502.09">this</w>
   <w nite:id="ES2010a.D.words233" starttime="502.09" endtime="502.25">came</w>
   <w nite:id="ES2010a.D.words234" starttime="502.25" endtime="502.41">from</w>
   <w nite:id="ES2010a.D.words235" starttime="502.41" endtime="502.64">Las</w>
   <w nite:id="ES2010a.D.words236" starttime="502.64" endtime="503.69">Vegas</w>
   <w nite:id="ES2010a.D.words237" starttime="503.69" endtime="503.69" punc="true">.</w>
   <w nite:id="ES2010a.D.words238" starttime="508.25" endtime="508.37">Mm</w>
   <w nite:id="ES2010a.D.words239" starttime="508.37" endtime="508.7">yeah</w>
   <w nite:id="ES2010a.D.words240" starttime="508.7" endtime="508.7" punc="true">.</w>
   <w nite:id="ES2010a.D.words241" starttime="533.4" endtime="533.71">Double</w>
   <w nite:id="ES2010a.D.words242" starttime="533.71" endtime="534.03">A_</w>
   <w nite:id="ES2010a.D.words243" starttime="534.03" endtime="534.03" punc="true">.</w>
   <w nite:id="ES2010a.D.words244" starttime="537.37" endtime="537.56">Yeah</w>
   <w nite:id="ES2010a.D.words245" starttime="537.56" endtime="537.74">some</w>
   <w nite:id="ES2010a.D.words246" starttime="537.74" endtime="537.87">use</w>
   <w nite:id="ES2010a.D.words247" starttime="537.87" endtime="538.19">triple</w>
   <w nite:id="ES2010a.D.words248" starttime="538.19" endtime="538.58">A_s</w>
   <w nite:id="ES2010a.D.words249" starttime="538.58" endtime="538.58" punc="true">.</w>
   <w nite:id="ES2010a.D.words250" starttime="538.58" endtime="539.02">So</w>
   <w nite:id="ES2010a.D.words251" starttime="539.02" endtime="539.43">double</w>
   <w nite:id="ES2010a.D.words252" starttime="539.43" endtime="539.49">or</w>
   <w nite:id="ES2010a.D.words253" starttime="539.49" endtime="540.01">triple</w>
   <w nite:id="ES2010a.D.words254" starttime="540.01" endtime="540.01" punc="true">?</w>
   <w nite:id="ES2010a.D.words255" starttime="555.25" endtime="555.41">Yeah</w>
   <w nite:id="ES2010a.D.words256" starttime="555.41" endtime="555.41" punc="true">,</w>
   <w nite:id="ES2010a.D.words257" starttime="555.41" endtime="555.51">if</w>
   <w nite:id="ES2010a.D.words258" starttime="555.51" endtime="555.62">we</w>
   <w nite:id="ES2010a.D.words259" starttime="555.62" endtime="555.77">want</w>
   <w nite:id="ES2010a.D.words260" starttime="555.77" endtime="555.85">it</w>
   <w nite:id="ES2010a.D.words261" starttime="555.85" endtime="555.96">to</w>
   <w nite:id="ES2010a.D.words262" starttime="555.96" endtime="556.1">be</w>
   <w nite:id="ES2010a.D.words263" starttime="556.1" endtime="556.28">more</w>
   <w nite:id="ES2010a.D.words264" starttime="556.28" endtime="556.7">thin</w>
   <w nite:id="ES2010a.D.words265" starttime="556.7" endtime="556.7" punc="true">,</w>
   <w nite:id="ES2010a.D.words266" starttime="556.7" endtime="556.84">then</w>
   <w nite:id="ES2010a.D.words267" starttime="556.84" endtime="556.99">we&#39;d</w>
   <w nite:id="ES2010a.D.words268" starttime="556.99" endtime="557.24">probably</w>
   <w nite:id="ES2010a.D.words269" starttime="557.24" endtime="557.38">wanna</w>
   <w nite:id="ES2010a.D.words270" starttime="557.38" endtime="557.49">go</w>
   <w nite:id="ES2010a.D.words271" starttime="557.49" endtime="557.63">with</w>
   <w nite:id="ES2010a.D.words272" starttime="557.63" endtime="557.67">a</w>
   <w nite:id="ES2010a.D.words273" starttime="557.67" endtime="558.05">triple</w>
   <w nite:id="ES2010a.D.words274" starttime="558.05" endtime="558.21">A_</w>
   <w nite:id="ES2010a.D.words275" starttime="558.21" endtime="558.21" punc="true">.</w>
   <vocalsound nite:id="ES2010a.D.words276" starttime="594.704" endtime="595.856" type="laugh"/>
   <w nite:id="ES2010a.D.words277" starttime="626.79" endtime="627.18">Right</w>
   <w nite:id="ES2010a.D.words278" starttime="627.18" endtime="627.18" punc="true">.</w>
</nite:root>