<?xml version="1.0" encoding="ISO-8859-1" standalone="yes"?>
<nite:root nite:id="Bed009.E.words" xmlns:nite="http://nite.sourceforge.net/">
   <vocalsound nite:id="Bed009.vocalsound.1" starttime="" endtime="" description="laugh"/>
   <w nite:id="Bed009.w.7" starttime="5.856" endtime="6.296" c="W">Two</w>
   <w nite:id="Bed009.w.8" starttime="6.296" endtime="6.296" c="CM">,</w>
   <w nite:id="Bed009.w.9" starttime="6.566" endtime="6.766" c="W">two</w>
   <w nite:id="Bed009.w.10" starttime="6.766" endtime="6.766" c=".">.</w>
   <comment nite:id="Bed009.comment.1" starttime="" endtime="" description="radio announcer voice"/>
   <w nite:id="Bed009.w.13" starttime="7.996" endtime="8.236" c="W">Two</w>
   <w nite:id="Bed009.w.14" starttime="8.236" endtime="8.236" c=".">.</w>
   <w nite:id="Bed009.w.15" starttime="9.306" endtime="9.636" c="W">Oh</w>
   <w nite:id="Bed009.w.16" starttime="9.636" endtime="9.636" c=".">.</w>
   <comment nite:id="Bed009.comment.2" starttime="" endtime="" description="radio announcer voice"/>
   <w nite:id="Bed009.w.888" starttime="344.34" endtime="344.64" c="W">Sure</w>
   <w nite:id="Bed009.w.889" starttime="344.64" endtime="344.64" c=".">.</w>
   <vocalsound nite:id="Bed009.vocalsound.9" starttime="" endtime="" description="laugh"/>
   <w nite:id="Bed009.w.898" starttime="350.436" endtime="350.886" t="PLET" c="W">OK</w>
   <w nite:id="Bed009.w.899" starttime="350.886" endtime="350.886" c=".">.</w>
   <w nite:id="Bed009.w.909" starttime="352.21" endtime="352.5" c="W">Yeah</w>
   <w nite:id="Bed009.w.910" starttime="352.5" endtime="352.5" c=".">.</w>
   <w nite:id="Bed009.w.1,371" starttime="516.29" endtime="517.51" c="W">um</w>
   <w nite:id="Bed009.w.1,372" starttime="518.55" endtime="518.81" c="W">Thursday</w>
   <w nite:id="Bed009.w.1,373" starttime="518.81" endtime="519.13" c="W">afternoon</w>
   <w nite:id="Bed009.w.1,374" starttime="519.13" endtime="519.35" c="W">doesn't</w>
   <w nite:id="Bed009.w.1,375" starttime="519.35" endtime="519.5" c="W">work</w>
   <w nite:id="Bed009.w.1,376" starttime="519.5" endtime="519.62" c="W">for</w>
   <w nite:id="Bed009.w.1,377" starttime="519.62" endtime="519.86" c="W">me</w>
   <w nite:id="Bed009.w.1,378" starttime="519.86" endtime="519.86" c="CM">,</w>
   <w nite:id="Bed009.w.1,379" starttime="519.98" endtime="520.25" c="W">but</w>
   <disfmarker nite:id="Bed009.disfmarker.22" starttime="" endtime=""/>
   <w nite:id="Bed009.w.1,387" starttime="525.71" endtime="526.17" c="W">Uh</w>
   <w nite:id="Bed009.w.1,388" starttime="529.317" endtime="529.807" c="W">Thursday</w>
   <w nite:id="Bed009.w.1,389" starttime="529.807" endtime="530.207" c="W">morning</w>
   <w nite:id="Bed009.w.1,390" starttime="530.207" endtime="530.447" c="W">should</w>
   <w nite:id="Bed009.w.1,391" starttime="530.447" endtime="530.587" c="W">be</w>
   <w nite:id="Bed009.w.1,392" starttime="530.587" endtime="531.177" c="W">fine</w>
   <w nite:id="Bed009.w.1,393" starttime="531.177" endtime="531.177" c=".">.</w>
   <vocalsound nite:id="Bed009.vocalsound.23" starttime="" endtime="" description="laugh"/>
   <vocalsound nite:id="Bed009.vocalsound.24" starttime="" endtime="" description="laugh"/>
   <w nite:id="Bed009.w.1,404" starttime="540.68" endtime="540.72" c="W">I</w>
   <w nite:id="Bed009.w.1,405" starttime="540.72" endtime="540.81" c="W">was</w>
   <w nite:id="Bed009.w.1,406" starttime="540.81" endtime="540.93" c="W">just</w>
   <w nite:id="Bed009.w.1,407" starttime="540.93" endtime="541.13" c="W">thinking</w>
   <w nite:id="Bed009.w.1,408" starttime="541.13" endtime="541.2" c="W">I</w>
   <w nite:id="Bed009.w.1,409" starttime="541.2" endtime="541.31" c="TRUNCW">w</w>
   <w nite:id="Bed009.w.1,410" starttime="541.31" endtime="541.48" c="W">I</w>
   <w nite:id="Bed009.w.1,411" starttime="541.48" endtime="541.86" c="W">will</w>
   <pause nite:id="Bed009.pause.7" starttime="541.86" endtime="542.05"/>
   <w nite:id="Bed009.w.1,412" starttime="542.05" endtime="542.19" c="W">have</w>
   <pause nite:id="Bed009.pause.8" starttime="542.19" endtime="542.77"/>
   <w nite:id="Bed009.w.1,413" starttime="542.77" endtime="543.17" c="W">leavened</w>
   <w nite:id="Bed009.w.1,414" starttime="543.28" endtime="543.49" c="W">by</w>
   <w nite:id="Bed009.w.1,417" starttime="544.15" endtime="544.68" c="W">eleven</w>
   <w nite:id="Bed009.w.1,418" starttime="544.68" endtime="544.68" c=".">.</w>
   <vocalsound nite:id="Bed009.vocalsound.25" starttime="" endtime="" description="laugh"/>
   <w nite:id="Bed009.w.2,509" starttime="892.625" endtime="893.875" c="W">What</w>
   <w nite:id="Bed009.w.2,510" starttime="893.875" endtime="893.965" c="W">was</w>
   <w nite:id="Bed009.w.2,511" starttime="893.965" endtime="894.025" c="W">he</w>
   <w nite:id="Bed009.w.2,512" starttime="894.025" endtime="894.145" c="W">saying</w>
   <w nite:id="Bed009.w.2,513" starttime="894.145" endtime="894.145" c=".">?</w>
   <comment nite:id="Bed009.comment.44" starttime="" endtime="" description="whispered"/>
</nite:root>