<?xml version="1.0" encoding="ISO-8859-1" standalone="yes"?>
<nite:root nite:id="Bed009.C.words" xmlns:nite="http://nite.sourceforge.net/">
   <w nite:id="Bed009.w.1" starttime="1.99" endtime="2.17" c="W">Hmm</w>
   <w nite:id="Bed009.w.2" starttime="2.17" endtime="2.17" c=".">.</w>
   <w nite:id="Bed009.w.3" starttime="2.97" endtime="3.39" c="W">Testing</w>
   <w nite:id="Bed009.w.4" starttime="3.39" endtime="3.84" c="W">channel</w>
   <w nite:id="Bed009.w.5" starttime="3.84" endtime="4.41" c="W">two</w>
   <w nite:id="Bed009.w.6" starttime="4.41" endtime="4.41" c=".">.</w>
   <w nite:id="Bed009.w.11" starttime="6.74" endtime="6.94" c="W">Two</w>
   <w nite:id="Bed009.w.12" starttime="6.94" endtime="6.94" c=".">.</w>
   <vocalsound nite:id="Bed009.vocalsound.2" starttime="" endtime="" description="clears throat"/>
   <vocalsound nite:id="Bed009.vocalsound.3" starttime="" endtime="" description="whistles"/>
   <comment nite:id="Bed009.comment.3" starttime="" endtime="" description="testing mike"/>
   <vocalsound nite:id="Bed009.vocalsound.4" starttime="" endtime="" description="whistles"/>
   <comment nite:id="Bed009.comment.4" starttime="" endtime="" description="testing mike"/>
</nite:root>