<?xml version="1.0" encoding="ISO-8859-1" standalone="yes"?>
<nite:root nite:id="Bed009.A.segs" xmlns:nite="http://nite.sourceforge.net/">
   <segment nite:id="Bed009.segment.23" starttime="48.372" endtime="48.692" participant="mn048" timing-provenance="dialogueact">
      <nite:child href="Bed009.A.words.xml#id(Bed009.w.78)..id(Bed009.w.79)"/>
   </segment>
   <segment nite:id="Bed009.segment.26" starttime="51.03" endtime="51.48" participant="mn048" timing-provenance="segment">
      <nite:child href="Bed009.A.words.xml#id(Bed009.vocalsound.5)"/>
   </segment>
   <segment nite:id="Bed009.segment.32" starttime="60.333" endtime="60.563" participant="mn048" timing-provenance="dialogueact">
      <nite:child href="Bed009.A.words.xml#id(Bed009.w.122)..id(Bed009.w.125)"/>
   </segment>
   <segment nite:id="Bed009.segment.55" starttime="171.93" endtime="174.241" participant="mn048" digittask="true" timing-provenance="segment">
      <nite:child href="Bed009.A.words.xml#id(Bed009.w.371)..id(Bed009.comment.24)"/>
   </segment>
   <segment nite:id="Bed009.segment.56" starttime="174.862" endtime="178.533" participant="mn048" digittask="true" timing-provenance="segment">
      <nite:child href="Bed009.A.words.xml#id(Bed009.w.382)..id(Bed009.comment.25)"/>
   </segment>
   <segment nite:id="Bed009.segment.57" starttime="179.048" endtime="183.573" participant="mn048" digittask="true" timing-provenance="segment">
      <nite:child href="Bed009.A.words.xml#id(Bed009.w.395)..id(Bed009.comment.26)"/>
   </segment>
   <segment nite:id="Bed009.segment.58" starttime="184.2" endtime="188.479" participant="mn048" digittask="true" timing-provenance="segment">
      <nite:child href="Bed009.A.words.xml#id(Bed009.w.411)..id(Bed009.comment.27)"/>
   </segment>
   <segment nite:id="Bed009.segment.59" starttime="189.202" endtime="192.78" participant="mn048" digittask="true" timing-provenance="segment">
      <nite:child href="Bed009.A.words.xml#id(Bed009.w.424)..id(Bed009.comment.28)"/>
   </segment>
   <segment nite:id="Bed009.segment.60" starttime="193.318" endtime="198.49" participant="mn048" digittask="true" timing-provenance="segment">
      <nite:child href="Bed009.A.words.xml#id(Bed009.w.436)..id(Bed009.comment.29)"/>
   </segment>
   <segment nite:id="Bed009.segment.61" starttime="199.053" endtime="203.24" participant="mn048" digittask="true" timing-provenance="segment">
      <nite:child href="Bed009.A.words.xml#id(Bed009.w.451)..id(Bed009.comment.30)"/>
   </segment>
   <segment nite:id="Bed009.segment.62" starttime="203.837" endtime="207.77" participant="mn048" digittask="true" timing-provenance="segment">
      <nite:child href="Bed009.A.words.xml#id(Bed009.w.466)..id(Bed009.comment.31)"/>
   </segment>
   <segment nite:id="Bed009.segment.63" starttime="207.77" endtime="212.75" participant="mn048" digittask="true" timing-provenance="segment">
      <nite:child href="Bed009.A.words.xml#id(Bed009.w.479)..id(Bed009.comment.32)"/>
   </segment>
   <segment nite:id="Bed009.segment.65" starttime="216.392" endtime="217.585" participant="mn048" timing-provenance="segment">
      <nite:child href="Bed009.A.words.xml#id(Bed009.w.503)..id(Bed009.vocalsound.8)"/>
   </segment>
   <segment nite:id="Bed009.segment.67" starttime="218.46" endtime="219.08" participant="mn048" timing-provenance="dialogueact">
      <nite:child href="Bed009.A.words.xml#id(Bed009.w.519)..id(Bed009.w.524)"/>
   </segment>
   <segment nite:id="Bed009.segment.70" starttime="219.6" endtime="220.59" participant="mn048" timing-provenance="segment">
      <nite:child href="Bed009.A.words.xml#id(Bed009.w.529)..id(Bed009.comment.34)"/>
   </segment>
   <segment nite:id="Bed009.segment.73" starttime="227.218" endtime="227.678" participant="mn048" timing-provenance="dialogueact">
      <nite:child href="Bed009.A.words.xml#id(Bed009.w.561)..id(Bed009.w.562)"/>
   </segment>
   <segment nite:id="Bed009.segment.75" starttime="233.037" endtime="233.367" participant="mn048" timing-provenance="dialogueact">
      <nite:child href="Bed009.A.words.xml#id(Bed009.w.583)..id(Bed009.w.584)"/>
   </segment>
   <segment nite:id="Bed009.segment.94" starttime="277.798" endtime="278.218" participant="mn048" timing-provenance="dialogueact">
      <nite:child href="Bed009.A.words.xml#id(Bed009.w.695)"/>
   </segment>
   <segment nite:id="Bed009.segment.99" starttime="289.258" endtime="289.708" participant="mn048" timing-provenance="dialogueact">
      <nite:child href="Bed009.A.words.xml#id(Bed009.w.723)..id(Bed009.w.726)"/>
   </segment>
   <segment nite:id="Bed009.segment.115" starttime="323.423" endtime="323.783" participant="mn048" timing-provenance="dialogueact">
      <nite:child href="Bed009.A.words.xml#id(Bed009.w.830)..id(Bed009.w.833)"/>
   </segment>
   <segment nite:id="Bed009.segment.126" starttime="349.65" endtime="350.61" participant="mn048" timing-provenance="segment">
      <nite:child href="Bed009.A.words.xml#id(Bed009.vocalsound.10)"/>
   </segment>
   <segment nite:id="Bed009.segment.154" starttime="407.674" endtime="409.495" participant="mn048" timing-provenance="segment">
      <nite:child href="Bed009.A.words.xml#id(Bed009.vocalsound.11)"/>
   </segment>
   <segment nite:id="Bed009.segment.161" starttime="422.252" endtime="423.092" participant="mn048" timing-provenance="dialogueact">
      <nite:child href="Bed009.A.words.xml#id(Bed009.w.1,098)..id(Bed009.w.1,103)"/>
   </segment>
   <segment nite:id="Bed009.segment.164" starttime="424.735" endtime="426.18" participant="mn048" timing-provenance="segment">
      <nite:child href="Bed009.A.words.xml#id(Bed009.vocalsound.15)"/>
   </segment>
   <segment nite:id="Bed009.segment.170" starttime="443.51" endtime="443.79" participant="mn048" timing-provenance="dialogueact">
      <nite:child href="Bed009.A.words.xml#id(Bed009.w.1,168)..id(Bed009.w.1,169)"/>
   </segment>
   <segment nite:id="Bed009.segment.175" starttime="453.45" endtime="453.76" participant="mn048" timing-provenance="dialogueact">
      <nite:child href="Bed009.A.words.xml#id(Bed009.w.1,210)..id(Bed009.w.1,211)"/>
   </segment>
   <segment nite:id="Bed009.segment.177" starttime="455.728" endtime="455.918" participant="mn048" timing-provenance="dialogueact">
      <nite:child href="Bed009.A.words.xml#id(Bed009.w.1,214)..id(Bed009.w.1,215)"/>
   </segment>
   <segment nite:id="Bed009.segment.180" starttime="459.67" endtime="461.849" participant="mn048" timing-provenance="segment">
      <nite:child href="Bed009.A.words.xml#id(Bed009.w.1,230)..id(Bed009.comment.36)"/>
   </segment>
   <segment nite:id="Bed009.segment.183" starttime="461.889" endtime="463.279" participant="mn048" timing-provenance="dialogueact">
      <nite:child href="Bed009.A.words.xml#id(Bed009.w.1,244)..id(Bed009.w.1,250)"/>
   </segment>
   <segment nite:id="Bed009.segment.186" starttime="472.83" endtime="472.99" participant="mn048" timing-provenance="dialogueact">
      <nite:child href="Bed009.A.words.xml#id(Bed009.w.1,280)..id(Bed009.w.1,283)"/>
   </segment>
   <segment nite:id="Bed009.segment.189" starttime="476.51" endtime="476.88" participant="mn048" timing-provenance="dialogueact">
      <nite:child href="Bed009.A.words.xml#id(Bed009.w.1,291)..id(Bed009.w.1,294)"/>
   </segment>
   <segment nite:id="Bed009.segment.200" starttime="514.299" endtime="514.619" participant="mn048" timing-provenance="dialogueact">
      <nite:child href="Bed009.A.words.xml#id(Bed009.w.1,362)..id(Bed009.w.1,365)"/>
   </segment>
   <segment nite:id="Bed009.segment.205" starttime="523.865" endtime="525.0" participant="mn048" timing-provenance="segment">
      <nite:child href="Bed009.A.words.xml#id(Bed009.vocalsound.20)"/>
   </segment>
   <segment nite:id="Bed009.segment.211" starttime="535.778" endtime="536.118" participant="mn048" timing-provenance="dialogueact">
      <nite:child href="Bed009.A.words.xml#id(Bed009.w.1,396)..id(Bed009.w.1,397)"/>
   </segment>
   <segment nite:id="Bed009.segment.221" starttime="547.281" endtime="547.841" participant="mn048" timing-provenance="dialogueact">
      <nite:child href="Bed009.A.words.xml#id(Bed009.w.1,434)..id(Bed009.w.1,437)"/>
   </segment>
   <segment nite:id="Bed009.segment.223" starttime="548.386" endtime="549.251" participant="mn048" timing-provenance="segment">
      <nite:child href="Bed009.A.words.xml#id(Bed009.w.1,438)..id(Bed009.comment.39)"/>
   </segment>
   <segment nite:id="Bed009.segment.225" starttime="558.3" endtime="558.84" participant="mn048" timing-provenance="dialogueact">
      <nite:child href="Bed009.A.words.xml#id(Bed009.w.1,440)..id(Bed009.w.1,443)"/>
   </segment>
   <segment nite:id="Bed009.segment.227" starttime="560.45" endtime="561.02" participant="mn048" timing-provenance="dialogueact">
      <nite:child href="Bed009.A.words.xml#id(Bed009.w.1,446)..id(Bed009.w.1,449)"/>
   </segment>
   <segment nite:id="Bed009.segment.229" starttime="561.499" endtime="562.005" participant="mn048" timing-provenance="segment">
      <nite:child href="Bed009.A.words.xml#id(Bed009.w.1,452)..id(Bed009.comment.40)"/>
   </segment>
   <segment nite:id="Bed009.segment.245" starttime="612.19" endtime="615.148" participant="mn048" timing-provenance="segment">
      <nite:child href="Bed009.A.words.xml#id(Bed009.w.1,551)..id(Bed009.vocalsound.28)"/>
   </segment>
   <segment nite:id="Bed009.segment.250" starttime="616.49" endtime="617.06" participant="mn048" timing-provenance="dialogueact">
      <nite:child href="Bed009.A.words.xml#id(Bed009.w.1,578)..id(Bed009.w.1,581)"/>
   </segment>
   <segment nite:id="Bed009.segment.252" starttime="624.77" endtime="625.01" participant="mn048" timing-provenance="dialogueact">
      <nite:child href="Bed009.A.words.xml#id(Bed009.w.1,594)..id(Bed009.w.1,597)"/>
   </segment>
   <segment nite:id="Bed009.segment.255" starttime="631.263" endtime="631.383" participant="mn048" timing-provenance="dialogueact">
      <nite:child href="Bed009.A.words.xml#id(Bed009.w.1,613)..id(Bed009.w.1,614)"/>
   </segment>
   <segment nite:id="Bed009.segment.258" starttime="637.048" endtime="637.218" participant="mn048" timing-provenance="dialogueact">
      <nite:child href="Bed009.A.words.xml#id(Bed009.w.1,634)..id(Bed009.w.1,637)"/>
   </segment>
   <segment nite:id="Bed009.segment.263" starttime="652.869" endtime="653.069" participant="mn048" timing-provenance="dialogueact">
      <nite:child href="Bed009.A.words.xml#id(Bed009.w.1,696)..id(Bed009.w.1,697)"/>
   </segment>
   <segment nite:id="Bed009.segment.271" starttime="672.386" endtime="672.636" participant="mn048" timing-provenance="dialogueact">
      <nite:child href="Bed009.A.words.xml#id(Bed009.w.1,749)..id(Bed009.w.1,750)"/>
   </segment>
   <segment nite:id="Bed009.segment.273" starttime="673.84" endtime="674.54" participant="mn048" timing-provenance="dialogueact">
      <nite:child href="Bed009.A.words.xml#id(Bed009.w.1,764)..id(Bed009.w.1,769)"/>
   </segment>
   <segment nite:id="Bed009.segment.293" starttime="733.85" endtime="735.456" participant="mn048" timing-provenance="segment">
      <nite:child href="Bed009.A.words.xml#id(Bed009.vocalsound.30)"/>
   </segment>
   <segment nite:id="Bed009.segment.295" starttime="737.211" endtime="737.765" participant="mn048" timing-provenance="segment">
      <nite:child href="Bed009.A.words.xml#id(Bed009.w.1,980)..id(Bed009.comment.42)"/>
   </segment>
   <segment nite:id="Bed009.segment.300" starttime="750.31" endtime="751.61" participant="mn048" timing-provenance="dialogueact">
      <nite:child href="Bed009.A.words.xml#id(Bed009.w.2,037)..id(Bed009.w.2,042)"/>
   </segment>
   <segment nite:id="Bed009.segment.341" starttime="881.883" endtime="882.103" participant="mn048" timing-provenance="dialogueact">
      <nite:child href="Bed009.A.words.xml#id(Bed009.w.2,460)..id(Bed009.w.2,463)"/>
   </segment>
   <segment nite:id="Bed009.segment.352" starttime="904.976" endtime="905.166" participant="mn048" timing-provenance="dialogueact">
      <nite:child href="Bed009.A.words.xml#id(Bed009.w.2,544)..id(Bed009.w.2,547)"/>
   </segment>
   <segment nite:id="Bed009.segment.361" starttime="925.97" endtime="927.307" participant="mn048" timing-provenance="segment">
      <nite:child href="Bed009.A.words.xml#id(Bed009.vocalsound.32)..id(Bed009.w.2,640)"/>
   </segment>
   <segment nite:id="Bed009.segment.363" starttime="930.76" endtime="935.72" participant="mn048" timing-provenance="dialogueact">
      <nite:child href="Bed009.A.words.xml#id(Bed009.w.2,644)..id(Bed009.w.2,664)"/>
   </segment>
   <segment nite:id="Bed009.segment.364" starttime="936.08" endtime="936.52" participant="mn048" timing-provenance="dialogueact">
      <nite:child href="Bed009.A.words.xml#id(Bed009.w.2,665)..id(Bed009.w.2,666)"/>
   </segment>
   <segment nite:id="Bed009.segment.366" starttime="937.59" endtime="938.68" participant="mn048" timing-provenance="dialogueact">
      <nite:child href="Bed009.A.words.xml#id(Bed009.w.2,693)..id(Bed009.w.2,696)"/>
   </segment>
   <segment nite:id="Bed009.segment.368" starttime="943.091" endtime="943.711" participant="mn048" timing-provenance="dialogueact">
      <nite:child href="Bed009.A.words.xml#id(Bed009.w.2,699)..id(Bed009.w.2,702)"/>
   </segment>
   <segment nite:id="Bed009.segment.369" starttime="944.168" endtime="944.948" participant="mn048" timing-provenance="dialogueact">
      <nite:child href="Bed009.A.words.xml#id(Bed009.w.2,703)..id(Bed009.w.2,706)"/>
   </segment>
   <segment nite:id="Bed009.segment.370" starttime="946.004" endtime="946.264" participant="mn048" timing-provenance="dialogueact">
      <nite:child href="Bed009.A.words.xml#id(Bed009.w.2,707)..id(Bed009.w.2,708)"/>
   </segment>
   <segment nite:id="Bed009.segment.376" starttime="955.58" endtime="956.36" participant="mn048" timing-provenance="dialogueact">
      <nite:child href="Bed009.A.words.xml#id(Bed009.w.2,740)..id(Bed009.w.2,746)"/>
   </segment>
   <segment nite:id="Bed009.segment.378" starttime="956.44" endtime="956.6" participant="mn048" timing-provenance="dialogueact">
      <nite:child href="Bed009.A.words.xml#id(Bed009.w.2,749)"/>
   </segment>
   <segment nite:id="Bed009.segment.380" starttime="957.585" endtime="958.005" participant="mn048" timing-provenance="dialogueact">
      <nite:child href="Bed009.A.words.xml#id(Bed009.w.2,761)..id(Bed009.w.2,764)"/>
   </segment>
   <segment nite:id="Bed009.segment.383" starttime="960.86" endtime="963.16" participant="mn048" timing-provenance="dialogueact">
      <nite:child href="Bed009.A.words.xml#id(Bed009.w.2,769)..id(Bed009.w.2,779)"/>
   </segment>
   <segment nite:id="Bed009.segment.384" starttime="963.58" endtime="965.07" participant="mn048" timing-provenance="dialogueact">
      <nite:child href="Bed009.A.words.xml#id(Bed009.w.2,780)..id(Bed009.w.2,784)"/>
   </segment>
   <segment nite:id="Bed009.segment.385" starttime="965.957" endtime="968.787" participant="mn048" timing-provenance="dialogueact">
      <nite:child href="Bed009.A.words.xml#id(Bed009.w.2,785)..id(Bed009.w.2,792)"/>
   </segment>
   <segment nite:id="Bed009.segment.386" starttime="969.226" endtime="970.396" participant="mn048" timing-provenance="dialogueact">
      <nite:child href="Bed009.A.words.xml#id(Bed009.w.2,793)..id(Bed009.w.2,798)"/>
   </segment>
   <segment nite:id="Bed009.segment.387" starttime="970.556" endtime="972.746" participant="mn048" timing-provenance="dialogueact">
      <nite:child href="Bed009.A.words.xml#id(Bed009.w.2,799)..id(Bed009.w.2,804)"/>
   </segment>
   <segment nite:id="Bed009.segment.388" starttime="973.087" endtime="975.247" participant="mn048" timing-provenance="dialogueact">
      <nite:child href="Bed009.A.words.xml#id(Bed009.w.2,805)..id(Bed009.w.2,813)"/>
   </segment>
   <segment nite:id="Bed009.segment.389" starttime="975.507" endtime="977.867" participant="mn048" timing-provenance="dialogueact">
      <nite:child href="Bed009.A.words.xml#id(Bed009.w.2,814)..id(Bed009.w.2,819)"/>
   </segment>
   <segment nite:id="Bed009.segment.391" starttime="978.167" endtime="980.007" participant="mn048" timing-provenance="dialogueact">
      <nite:child href="Bed009.A.words.xml#id(Bed009.w.2,822)..id(Bed009.w.2,829)"/>
   </segment>
   <segment nite:id="Bed009.segment.393" starttime="980.89" endtime="982.64" participant="mn048" timing-provenance="dialogueact">
      <nite:child href="Bed009.A.words.xml#id(Bed009.w.2,832)..id(Bed009.w.2,839)"/>
   </segment>
   <segment nite:id="Bed009.segment.394" starttime="982.84" endtime="984.1" participant="mn048" timing-provenance="dialogueact">
      <nite:child href="Bed009.A.words.xml#id(Bed009.w.2,840)..id(Bed009.w.2,846)"/>
   </segment>
   <segment nite:id="Bed009.segment.395" starttime="985.2" endtime="987.86" participant="mn048" timing-provenance="dialogueact">
      <nite:child href="Bed009.A.words.xml#id(Bed009.w.2,847)..id(Bed009.w.2,859)"/>
   </segment>
   <segment nite:id="Bed009.segment.404" starttime="1014.25" endtime="1014.78" participant="mn048" timing-provenance="dialogueact">
      <nite:child href="Bed009.A.words.xml#id(Bed009.w.2,900)..id(Bed009.w.2,904)"/>
   </segment>
   <segment nite:id="Bed009.segment.406" starttime="1014.78" endtime="1017.91" participant="mn048" timing-provenance="dialogueact">
      <nite:child href="Bed009.A.words.xml#id(Bed009.w.2,907)..id(Bed009.w.2,923)"/>
   </segment>
   <segment nite:id="Bed009.segment.407" starttime="1018.31" endtime="1018.51" participant="mn048" timing-provenance="dialogueact">
      <nite:child href="Bed009.A.words.xml#id(Bed009.w.2,924)"/>
   </segment>
   <segment nite:id="Bed009.segment.409" starttime="1018.87" endtime="1019.73" participant="mn048" timing-provenance="dialogueact">
      <nite:child href="Bed009.A.words.xml#id(Bed009.w.2,927)..id(Bed009.w.2,929)"/>
   </segment>
   <segment nite:id="Bed009.segment.410" starttime="1020.0" endtime="1021.29" participant="mn048" timing-provenance="dialogueact">
      <nite:child href="Bed009.A.words.xml#id(Bed009.w.2,930)..id(Bed009.w.2,936)"/>
   </segment>
   <segment nite:id="Bed009.segment.412" starttime="1021.53" endtime="1023.23" participant="mn048" timing-provenance="dialogueact">
      <nite:child href="Bed009.A.words.xml#id(Bed009.w.2,939)..id(Bed009.pause.13)"/>
   </segment>
   <segment nite:id="Bed009.segment.413" starttime="1023.23" endtime="1025.88" participant="mn048" timing-provenance="dialogueact">
      <nite:child href="Bed009.A.words.xml#id(Bed009.w.2,946)..id(Bed009.w.2,957)"/>
   </segment>
   <segment nite:id="Bed009.segment.414" starttime="1026.25" endtime="1029.39" participant="mn048" timing-provenance="dialogueact">
      <nite:child href="Bed009.A.words.xml#id(Bed009.w.2,958)..id(Bed009.w.2,967)"/>
   </segment>
   <segment nite:id="Bed009.segment.417" starttime="1030.26" endtime="1031.96" participant="mn048" timing-provenance="dialogueact">
      <nite:child href="Bed009.A.words.xml#id(Bed009.w.2,970)..id(Bed009.w.2,977)"/>
   </segment>
   <segment nite:id="Bed009.segment.421" starttime="1034.3" endtime="1034.44" participant="mn048" timing-provenance="dialogueact">
      <nite:child href="Bed009.A.words.xml#id(Bed009.w.3,003)..id(Bed009.w.3,004)"/>
   </segment>
   <segment nite:id="Bed009.segment.429" starttime="1065.25" endtime="1065.65" participant="mn048" timing-provenance="dialogueact">
      <nite:child href="Bed009.A.words.xml#id(Bed009.w.3,104)..id(Bed009.w.3,107)"/>
   </segment>
   <segment nite:id="Bed009.segment.436" starttime="1078.96" endtime="1079.36" participant="mn048" timing-provenance="dialogueact">
      <nite:child href="Bed009.A.words.xml#id(Bed009.w.3,165)..id(Bed009.w.3,168)"/>
   </segment>
   <segment nite:id="Bed009.segment.439" starttime="1092.16" endtime="1092.48" participant="mn048" timing-provenance="dialogueact">
      <nite:child href="Bed009.A.words.xml#id(Bed009.w.3,182)..id(Bed009.w.3,185)"/>
   </segment>
   <segment nite:id="Bed009.segment.447" starttime="1114.75" endtime="1115.15" participant="mn048" timing-provenance="dialogueact">
      <nite:child href="Bed009.A.words.xml#id(Bed009.w.3,237)..id(Bed009.w.3,240)"/>
   </segment>
   <segment nite:id="Bed009.segment.453" starttime="1133.52" endtime="1133.77" participant="mn048" timing-provenance="dialogueact">
      <nite:child href="Bed009.A.words.xml#id(Bed009.w.3,314)..id(Bed009.w.3,317)"/>
   </segment>
   <segment nite:id="Bed009.segment.459" starttime="1148.81" endtime="1149.18" participant="mn048" timing-provenance="dialogueact">
      <nite:child href="Bed009.A.words.xml#id(Bed009.w.3,368)..id(Bed009.w.3,369)"/>
   </segment>
   <segment nite:id="Bed009.segment.462" starttime="1157.33" endtime="1157.47" participant="mn048" timing-provenance="dialogueact">
      <nite:child href="Bed009.A.words.xml#id(Bed009.w.3,387)..id(Bed009.w.3,388)"/>
   </segment>
   <segment nite:id="Bed009.segment.467" starttime="1160.852" endtime="1161.225" participant="mn048" timing-provenance="segment">
      <nite:child href="Bed009.A.words.xml#id(Bed009.vocalsound.36)"/>
   </segment>
   <segment nite:id="Bed009.segment.469" starttime="1161.97" endtime="1162.17" participant="mn048" timing-provenance="dialogueact">
      <nite:child href="Bed009.A.words.xml#id(Bed009.w.3,413)..id(Bed009.w.3,414)"/>
   </segment>
   <segment nite:id="Bed009.segment.472" starttime="1167.35" endtime="1167.44" participant="mn048" timing-provenance="dialogueact">
      <nite:child href="Bed009.A.words.xml#id(Bed009.w.3,440)..id(Bed009.w.3,441)"/>
   </segment>
   <segment nite:id="Bed009.segment.475" starttime="1175.7" endtime="1175.88" participant="mn048" timing-provenance="dialogueact">
      <nite:child href="Bed009.A.words.xml#id(Bed009.w.3,461)..id(Bed009.w.3,464)"/>
   </segment>
   <segment nite:id="Bed009.segment.480" starttime="1183.9" endtime="1184.1" participant="mn048" timing-provenance="dialogueact">
      <nite:child href="Bed009.A.words.xml#id(Bed009.w.3,489)..id(Bed009.w.3,492)"/>
   </segment>
   <segment nite:id="Bed009.segment.483" starttime="1188.04" endtime="1188.19" participant="mn048" timing-provenance="dialogueact">
      <nite:child href="Bed009.A.words.xml#id(Bed009.w.3,505)..id(Bed009.w.3,506)"/>
   </segment>
   <segment nite:id="Bed009.segment.484" starttime="1190.04" endtime="1190.517" participant="mn048" timing-provenance="segment">
      <nite:child href="Bed009.A.words.xml#id(Bed009.w.3,507)..id(Bed009.disfmarker.75)"/>
   </segment>
   <segment nite:id="Bed009.segment.485" starttime="1191.42" endtime="1193.56" participant="mn048" timing-provenance="dialogueact">
      <nite:child href="Bed009.A.words.xml#id(Bed009.w.3,508)..id(Bed009.w.3,514)"/>
   </segment>
   <segment nite:id="Bed009.segment.486" starttime="1193.84" endtime="1196.29" participant="mn048" timing-provenance="dialogueact">
      <nite:child href="Bed009.A.words.xml#id(Bed009.w.3,515)..id(Bed009.w.3,523)"/>
   </segment>
   <segment nite:id="Bed009.segment.487" starttime="1196.6" endtime="1198.8" participant="mn048" timing-provenance="dialogueact">
      <nite:child href="Bed009.A.words.xml#id(Bed009.w.3,524)..id(Bed009.w.3,531)"/>
   </segment>
   <segment nite:id="Bed009.segment.488" starttime="1199.47" endtime="1201.33" participant="mn048" timing-provenance="dialogueact">
      <nite:child href="Bed009.A.words.xml#id(Bed009.w.3,532)..id(Bed009.w.3,536)"/>
   </segment>
   <segment nite:id="Bed009.segment.489" starttime="1201.86" endtime="1204.29" participant="mn048" timing-provenance="dialogueact">
      <nite:child href="Bed009.A.words.xml#id(Bed009.w.3,537)..id(Bed009.w.3,546)"/>
   </segment>
   <segment nite:id="Bed009.segment.490" starttime="1204.54" endtime="1210.53" participant="mn048" timing-provenance="dialogueact">
      <nite:child href="Bed009.A.words.xml#id(Bed009.w.3,547)..id(Bed009.w.3,552)"/>
   </segment>
   <segment nite:id="Bed009.segment.491" starttime="1206.164" endtime="1208.154" participant="mn048" timing-provenance="segment">
      <nite:child href="Bed009.A.words.xml#id(Bed009.w.3,553)..id(Bed009.w.3,556)"/>
   </segment>
   <segment nite:id="Bed009.segment.492" starttime="1208.154" endtime="1210.182" participant="mn048" timing-provenance="segment">
      <nite:child href="Bed009.A.words.xml#id(Bed009.w.3,557)..id(Bed009.w.3,560)"/>
   </segment>
   <segment nite:id="Bed009.segment.493" starttime="1210.182" endtime="1212.407" participant="mn048" timing-provenance="segment">
      <nite:child href="Bed009.A.words.xml#id(Bed009.w.3,561)..id(Bed009.w.3,566)"/>
   </segment>
   <segment nite:id="Bed009.segment.494" starttime="1212.407" endtime="1212.672" participant="mn048" timing-provenance="segment">
      <nite:child href="Bed009.A.words.xml#id(Bed009.w.3,567)..id(Bed009.disfmarker.77)"/>
   </segment>
   <segment nite:id="Bed009.segment.495" starttime="1213.18" endtime="1215.39" participant="mn048" timing-provenance="dialogueact">
      <nite:child href="Bed009.A.words.xml#id(Bed009.w.3,568)..id(Bed009.w.3,572)"/>
   </segment>
   <segment nite:id="Bed009.segment.496" starttime="1215.67" endtime="1217.56" participant="mn048" timing-provenance="dialogueact">
      <nite:child href="Bed009.A.words.xml#id(Bed009.w.3,573)..id(Bed009.w.3,579)"/>
   </segment>
   <segment nite:id="Bed009.segment.497" starttime="1217.75" endtime="1219.39" participant="mn048" timing-provenance="dialogueact">
      <nite:child href="Bed009.A.words.xml#id(Bed009.w.3,580)..id(Bed009.w.3,584)"/>
   </segment>
   <segment nite:id="Bed009.segment.500" starttime="1223.81" endtime="1226.53" participant="mn048" timing-provenance="dialogueact">
      <nite:child href="Bed009.A.words.xml#id(Bed009.w.3,602)..id(Bed009.w.3,609)"/>
   </segment>
   <segment nite:id="Bed009.segment.501" starttime="1226.53" endtime="1228.9" participant="mn048" timing-provenance="dialogueact">
      <nite:child href="Bed009.A.words.xml#id(Bed009.w.3,610)..id(Bed009.w.3,616)"/>
   </segment>
   <segment nite:id="Bed009.segment.502" starttime="1229.4" endtime="1230.0" participant="mn048" timing-provenance="dialogueact">
      <nite:child href="Bed009.A.words.xml#id(Bed009.w.3,617)"/>
   </segment>
   <segment nite:id="Bed009.segment.503" starttime="1230.52" endtime="1231.99" participant="mn048" timing-provenance="dialogueact">
      <nite:child href="Bed009.A.words.xml#id(Bed009.w.3,618)..id(Bed009.w.3,624)"/>
   </segment>
   <segment nite:id="Bed009.segment.507" starttime="1234.38" endtime="1234.62" participant="mn048" timing-provenance="dialogueact">
      <nite:child href="Bed009.A.words.xml#id(Bed009.w.3,642)..id(Bed009.w.3,643)"/>
   </segment>
   <segment nite:id="Bed009.segment.510" starttime="1236.27" endtime="1236.56" participant="mn048" timing-provenance="dialogueact">
      <nite:child href="Bed009.A.words.xml#id(Bed009.w.3,648)..id(Bed009.w.3,649)"/>
   </segment>
   <segment nite:id="Bed009.segment.521" starttime="1258.93" endtime="1259.25" participant="mn048" timing-provenance="dialogueact">
      <nite:child href="Bed009.A.words.xml#id(Bed009.w.3,710)..id(Bed009.w.3,713)"/>
   </segment>
   <segment nite:id="Bed009.segment.529" starttime="1276.54" endtime="1276.84" participant="mn048" timing-provenance="dialogueact">
      <nite:child href="Bed009.A.words.xml#id(Bed009.w.3,784)..id(Bed009.w.3,785)"/>
   </segment>
   <segment nite:id="Bed009.segment.534" starttime="1284.52" endtime="1284.78" participant="mn048" timing-provenance="dialogueact">
      <nite:child href="Bed009.A.words.xml#id(Bed009.w.3,823)..id(Bed009.w.3,824)"/>
   </segment>
   <segment nite:id="Bed009.segment.543" starttime="1301.12" endtime="1304.18" participant="mn048" timing-provenance="dialogueact">
      <nite:child href="Bed009.A.words.xml#id(Bed009.w.3,876)..id(Bed009.w.3,885)"/>
   </segment>
   <segment nite:id="Bed009.segment.544" starttime="1304.49" endtime="1306.29" participant="mn048" timing-provenance="dialogueact">
      <nite:child href="Bed009.A.words.xml#id(Bed009.w.3,886)..id(Bed009.w.3,891)"/>
   </segment>
   <segment nite:id="Bed009.segment.545" starttime="1306.29" endtime="1307.68" participant="mn048" timing-provenance="dialogueact">
      <nite:child href="Bed009.A.words.xml#id(Bed009.w.3,892)..id(Bed009.w.3,896)"/>
   </segment>
   <segment nite:id="Bed009.segment.546" starttime="1308.56" endtime="1310.42" participant="mn048" timing-provenance="dialogueact">
      <nite:child href="Bed009.A.words.xml#id(Bed009.w.3,897)..id(Bed009.w.3,904)"/>
   </segment>
   <segment nite:id="Bed009.segment.547" starttime="1310.42" endtime="1312.96" participant="mn048" timing-provenance="dialogueact">
      <nite:child href="Bed009.A.words.xml#id(Bed009.w.3,905)..id(Bed009.w.3,911)"/>
   </segment>
   <segment nite:id="Bed009.segment.548" starttime="1313.57" endtime="1315.1" participant="mn048" timing-provenance="dialogueact">
      <nite:child href="Bed009.A.words.xml#id(Bed009.w.3,912)..id(Bed009.w.3,919)"/>
   </segment>
   <segment nite:id="Bed009.segment.549" starttime="1315.28" endtime="1317.07" participant="mn048" timing-provenance="dialogueact">
      <nite:child href="Bed009.A.words.xml#id(Bed009.w.3,920)..id(Bed009.w.3,928)"/>
   </segment>
   <segment nite:id="Bed009.segment.550" starttime="1317.07" endtime="1318.09" participant="mn048" timing-provenance="dialogueact">
      <nite:child href="Bed009.A.words.xml#id(Bed009.w.3,929)..id(Bed009.w.3,931)"/>
   </segment>
   <segment nite:id="Bed009.segment.551" starttime="1318.57" endtime="1320.09" participant="mn048" timing-provenance="dialogueact">
      <nite:child href="Bed009.A.words.xml#id(Bed009.w.3,932)..id(Bed009.w.3,936)"/>
   </segment>
   <segment nite:id="Bed009.segment.552" starttime="1320.47" endtime="1323.17" participant="mn048" timing-provenance="dialogueact">
      <nite:child href="Bed009.A.words.xml#id(Bed009.w.3,937)..id(Bed009.w.3,948)"/>
   </segment>
   <segment nite:id="Bed009.segment.553" starttime="1323.48" endtime="1326.2" participant="mn048" timing-provenance="dialogueact">
      <nite:child href="Bed009.A.words.xml#id(Bed009.w.3,949)..id(Bed009.w.3,958)"/>
   </segment>
   <segment nite:id="Bed009.segment.557" starttime="1328.27" endtime="1328.75" participant="mn048" timing-provenance="dialogueact">
      <nite:child href="Bed009.A.words.xml#id(Bed009.w.3,983)..id(Bed009.w.3,986)"/>
   </segment>
   <segment nite:id="Bed009.segment.559" starttime="1330.9" endtime="1333.13" participant="mn048" timing-provenance="dialogueact">
      <nite:child href="Bed009.A.words.xml#id(Bed009.w.3,989)..id(Bed009.w.4,002)"/>
   </segment>
   <segment nite:id="Bed009.segment.566" starttime="1350.75" endtime="1351.02" participant="mn048" timing-provenance="dialogueact">
      <nite:child href="Bed009.A.words.xml#id(Bed009.w.4,066)..id(Bed009.w.4,069)"/>
   </segment>
   <segment nite:id="Bed009.segment.571" starttime="1365.37" endtime="1365.64" participant="mn048" timing-provenance="dialogueact">
      <nite:child href="Bed009.A.words.xml#id(Bed009.w.4,106)..id(Bed009.w.4,109)"/>
   </segment>
   <segment nite:id="Bed009.segment.574" starttime="1368.77" endtime="1369.49" participant="mn048" timing-provenance="dialogueact">
      <nite:child href="Bed009.A.words.xml#id(Bed009.w.4,127)..id(Bed009.w.4,130)"/>
   </segment>
   <segment nite:id="Bed009.segment.576" starttime="1373.53" endtime="1373.7" participant="mn048" timing-provenance="dialogueact">
      <nite:child href="Bed009.A.words.xml#id(Bed009.w.4,147)..id(Bed009.w.4,150)"/>
   </segment>
   <segment nite:id="Bed009.segment.580" starttime="1387.61" endtime="1387.77" participant="mn048" timing-provenance="dialogueact">
      <nite:child href="Bed009.A.words.xml#id(Bed009.w.4,202)..id(Bed009.w.4,203)"/>
   </segment>
   <segment nite:id="Bed009.segment.586" starttime="1401.86" endtime="1401.95" participant="mn048" timing-provenance="dialogueact">
      <nite:child href="Bed009.A.words.xml#id(Bed009.w.4,241)..id(Bed009.w.4,242)"/>
   </segment>
   <segment nite:id="Bed009.segment.591" starttime="1412.53" endtime="1413.57" participant="mn048" timing-provenance="dialogueact">
      <nite:child href="Bed009.A.words.xml#id(Bed009.w.4,263)..id(Bed009.w.4,268)"/>
   </segment>
   <segment nite:id="Bed009.segment.592" starttime="1413.68" endtime="1416.53" participant="mn048" timing-provenance="dialogueact">
      <nite:child href="Bed009.A.words.xml#id(Bed009.w.4,269)..id(Bed009.w.4,276)"/>
   </segment>
   <segment nite:id="Bed009.segment.593" starttime="1416.53" endtime="1420.85" participant="mn048" timing-provenance="dialogueact">
      <nite:child href="Bed009.A.words.xml#id(Bed009.w.4,277)..id(Bed009.w.4,289)"/>
   </segment>
   <segment nite:id="Bed009.segment.594" starttime="1421.01" endtime="1423.61" participant="mn048" timing-provenance="dialogueact">
      <nite:child href="Bed009.A.words.xml#id(Bed009.w.4,290)..id(Bed009.w.4,303)"/>
   </segment>
   <segment nite:id="Bed009.segment.596" starttime="1424.09" endtime="1424.47" participant="mn048" timing-provenance="dialogueact">
      <nite:child href="Bed009.A.words.xml#id(Bed009.w.4,305)"/>
   </segment>
   <segment nite:id="Bed009.segment.597" starttime="1425.05" endtime="1428.09" participant="mn048" timing-provenance="dialogueact">
      <nite:child href="Bed009.A.words.xml#id(Bed009.w.4,306)..id(Bed009.w.4,317)"/>
   </segment>
   <segment nite:id="Bed009.segment.600" starttime="1428.34" endtime="1431.2" participant="mn048" timing-provenance="dialogueact">
      <nite:child href="Bed009.A.words.xml#id(Bed009.w.4,322)..id(Bed009.w.4,333)"/>
   </segment>
   <segment nite:id="Bed009.segment.601" starttime="1431.45" endtime="1433.52" participant="mn048" timing-provenance="dialogueact">
      <nite:child href="Bed009.A.words.xml#id(Bed009.w.4,334)..id(Bed009.w.4,342)"/>
   </segment>
   <segment nite:id="Bed009.segment.603" starttime="1433.52" endtime="1434.64" participant="mn048" timing-provenance="dialogueact">
      <nite:child href="Bed009.A.words.xml#id(Bed009.w.4,345)..id(Bed009.w.4,349)"/>
   </segment>
   <segment nite:id="Bed009.segment.604" starttime="1434.82" endtime="1436.9" participant="mn048" timing-provenance="dialogueact">
      <nite:child href="Bed009.A.words.xml#id(Bed009.w.4,350)..id(Bed009.w.4,359)"/>
   </segment>
   <segment nite:id="Bed009.segment.605" starttime="1437.18" endtime="1438.33" participant="mn048" timing-provenance="dialogueact">
      <nite:child href="Bed009.A.words.xml#id(Bed009.w.4,360)..id(Bed009.w.4,365)"/>
   </segment>
   <segment nite:id="Bed009.segment.608" starttime="1438.7" endtime="1441.38" participant="mn048" timing-provenance="dialogueact">
      <nite:child href="Bed009.A.words.xml#id(Bed009.w.4,368)..id(Bed009.w.4,375)"/>
   </segment>
   <segment nite:id="Bed009.segment.610" starttime="1441.73" endtime="1445.0" participant="mn048" timing-provenance="dialogueact">
      <nite:child href="Bed009.A.words.xml#id(Bed009.w.4,378)..id(Bed009.w.4,390)"/>
   </segment>
   <segment nite:id="Bed009.segment.612" starttime="1445.38" endtime="1447.54" participant="mn048" timing-provenance="dialogueact">
      <nite:child href="Bed009.A.words.xml#id(Bed009.w.4,391)..id(Bed009.w.4,396)"/>
   </segment>
   <segment nite:id="Bed009.segment.614" starttime="1449.58" endtime="1451.49" participant="mn048" timing-provenance="dialogueact">
      <nite:child href="Bed009.A.words.xml#id(Bed009.w.4,421)..id(Bed009.w.4,428)"/>
   </segment>
   <segment nite:id="Bed009.segment.616" starttime="1457.43" endtime="1457.57" participant="mn048" timing-provenance="dialogueact">
      <nite:child href="Bed009.A.words.xml#id(Bed009.w.4,431)..id(Bed009.w.4,434)"/>
   </segment>
   <segment nite:id="Bed009.segment.618" starttime="1458.97" endtime="1460.47" participant="mn048" timing-provenance="dialogueact">
      <nite:child href="Bed009.A.words.xml#id(Bed009.w.4,436)..id(Bed009.w.4,440)"/>
   </segment>
   <segment nite:id="Bed009.segment.620" starttime="1460.66" endtime="1473.61" participant="mn048" timing-provenance="dialogueact">
      <nite:child href="Bed009.A.words.xml#id(Bed009.w.4,442)..id(Bed009.pause.19)"/>
   </segment>
   <segment nite:id="Bed009.segment.624" starttime="1473.61" endtime="1473.81" participant="mn048" timing-provenance="dialogueact">
      <nite:child href="Bed009.A.words.xml#id(Bed009.w.4,494)..id(Bed009.w.4,497)"/>
   </segment>
   <segment nite:id="Bed009.segment.625" starttime="1476.7" endtime="1477.03" participant="mn048" timing-provenance="dialogueact">
      <nite:child href="Bed009.A.words.xml#id(Bed009.w.4,498)..id(Bed009.w.4,499)"/>
   </segment>
   <segment nite:id="Bed009.segment.628" starttime="1477.86" endtime="1477.98" participant="mn048" timing-provenance="dialogueact">
      <nite:child href="Bed009.A.words.xml#id(Bed009.w.4,507)..id(Bed009.w.4,508)"/>
   </segment>
   <segment nite:id="Bed009.segment.654" starttime="1554.59" endtime="1554.94" participant="mn048" timing-provenance="dialogueact">
      <nite:child href="Bed009.A.words.xml#id(Bed009.w.4,720)..id(Bed009.w.4,723)"/>
   </segment>
   <segment nite:id="Bed009.segment.664" starttime="1577.44" endtime="1577.71" participant="mn048" timing-provenance="dialogueact">
      <nite:child href="Bed009.A.words.xml#id(Bed009.w.4,814)..id(Bed009.w.4,815)"/>
   </segment>
   <segment nite:id="Bed009.segment.665" starttime="1579.93" endtime="1580.73" participant="mn048" timing-provenance="segment">
      <nite:child href="Bed009.A.words.xml#id(Bed009.vocalsound.43)"/>
   </segment>
   <segment nite:id="Bed009.segment.673" starttime="1602.51" endtime="1602.88" participant="mn048" timing-provenance="dialogueact">
      <nite:child href="Bed009.A.words.xml#id(Bed009.w.4,866)..id(Bed009.w.4,867)"/>
   </segment>
   <segment nite:id="Bed009.segment.686" starttime="1634.22" endtime="1634.42" participant="mn048" timing-provenance="dialogueact">
      <nite:child href="Bed009.A.words.xml#id(Bed009.w.4,975)"/>
   </segment>
   <segment nite:id="Bed009.segment.690" starttime="1637.37" endtime="1641.12" participant="mn048" timing-provenance="dialogueact">
      <nite:child href="Bed009.A.words.xml#id(Bed009.w.4,982)..id(Bed009.w.4,996)"/>
   </segment>
   <segment nite:id="Bed009.segment.691" starttime="1641.64" endtime="1643.22" participant="mn048" timing-provenance="dialogueact">
      <nite:child href="Bed009.A.words.xml#id(Bed009.w.4,997)..id(Bed009.w.5,003)"/>
   </segment>
   <segment nite:id="Bed009.segment.692" starttime="1643.28" endtime="1646.86" participant="mn048" timing-provenance="dialogueact">
      <nite:child href="Bed009.A.words.xml#id(Bed009.w.5,004)..id(Bed009.w.5,018)"/>
   </segment>
   <segment nite:id="Bed009.segment.693" starttime="1647.31" endtime="1648.51" participant="mn048" timing-provenance="dialogueact">
      <nite:child href="Bed009.A.words.xml#id(Bed009.w.5,019)..id(Bed009.w.5,022)"/>
   </segment>
   <segment nite:id="Bed009.segment.694" starttime="1648.78" endtime="1650.54" participant="mn048" timing-provenance="dialogueact">
      <nite:child href="Bed009.A.words.xml#id(Bed009.w.5,023)..id(Bed009.w.5,028)"/>
   </segment>
   <segment nite:id="Bed009.segment.695" starttime="1650.63" endtime="1654.94" participant="mn048" timing-provenance="dialogueact">
      <nite:child href="Bed009.A.words.xml#id(Bed009.w.5,029)..id(Bed009.w.5,043)"/>
   </segment>
   <segment nite:id="Bed009.segment.697" starttime="1655.04" endtime="1658.69" participant="mn048" timing-provenance="dialogueact">
      <nite:child href="Bed009.A.words.xml#id(Bed009.w.5,046)..id(Bed009.w.5,057)"/>
   </segment>
   <segment nite:id="Bed009.segment.702" starttime="1660.1" endtime="1661.16" participant="mn048" timing-provenance="dialogueact">
      <nite:child href="Bed009.A.words.xml#id(Bed009.w.5,082)..id(Bed009.w.5,086)"/>
   </segment>
   <segment nite:id="Bed009.segment.706" starttime="1665.27" endtime="1666.88" participant="mn048" timing-provenance="dialogueact">
      <nite:child href="Bed009.A.words.xml#id(Bed009.w.5,103)..id(Bed009.w.5,111)"/>
   </segment>
   <segment nite:id="Bed009.segment.713" starttime="1677.08" endtime="1679.5" participant="mn048" timing-provenance="dialogueact">
      <nite:child href="Bed009.A.words.xml#id(Bed009.w.5,144)..id(Bed009.w.5,152)"/>
   </segment>
   <segment nite:id="Bed009.segment.715" starttime="1679.741" endtime="1682.2" participant="mn048" timing-provenance="segment">
      <nite:child href="Bed009.A.words.xml#id(Bed009.w.5,155)..id(Bed009.vocalsound.46)"/>
   </segment>
   <segment nite:id="Bed009.segment.722" starttime="1692.79" endtime="1693.02" participant="mn048" timing-provenance="dialogueact">
      <nite:child href="Bed009.A.words.xml#id(Bed009.w.5,207)"/>
   </segment>
   <segment nite:id="Bed009.segment.725" starttime="1701.58" endtime="1701.73" participant="mn048" timing-provenance="dialogueact">
      <nite:child href="Bed009.A.words.xml#id(Bed009.w.5,235)..id(Bed009.w.5,236)"/>
   </segment>
   <segment nite:id="Bed009.segment.727" starttime="1704.71" endtime="1707.21" participant="mn048" timing-provenance="dialogueact">
      <nite:child href="Bed009.A.words.xml#id(Bed009.w.5,239)..id(Bed009.w.5,250)"/>
   </segment>
   <segment nite:id="Bed009.segment.728" starttime="1707.48" endtime="1709.15" participant="mn048" timing-provenance="dialogueact">
      <nite:child href="Bed009.A.words.xml#id(Bed009.w.5,251)..id(Bed009.w.5,257)"/>
   </segment>
   <segment nite:id="Bed009.segment.729" starttime="1709.59" endtime="1710.32" participant="mn048" timing-provenance="dialogueact">
      <nite:child href="Bed009.A.words.xml#id(Bed009.w.5,258)"/>
   </segment>
   <segment nite:id="Bed009.segment.730" starttime="1710.88" endtime="1713.51" participant="mn048" timing-provenance="dialogueact">
      <nite:child href="Bed009.A.words.xml#id(Bed009.w.5,259)..id(Bed009.w.5,268)"/>
   </segment>
   <segment nite:id="Bed009.segment.732" starttime="1714.53" endtime="1716.41" participant="mn048" timing-provenance="dialogueact">
      <nite:child href="Bed009.A.words.xml#id(Bed009.w.5,271)..id(Bed009.w.5,275)"/>
   </segment>
   <segment nite:id="Bed009.segment.733" starttime="1716.7" endtime="1721.88" participant="mn048" timing-provenance="dialogueact">
      <nite:child href="Bed009.A.words.xml#id(Bed009.w.5,276)..id(Bed009.w.5,286)"/>
   </segment>
   <segment nite:id="Bed009.segment.734" starttime="1722.25" endtime="1725.77" participant="mn048" timing-provenance="dialogueact">
      <nite:child href="Bed009.A.words.xml#id(Bed009.w.5,287)..id(Bed009.w.5,299)"/>
   </segment>
   <segment nite:id="Bed009.segment.737" starttime="1725.825" endtime="1726.81" participant="mn048" timing-provenance="segment">
      <nite:child href="Bed009.A.words.xml#id(Bed009.w.5,305)..id(Bed009.disfmarker.146)"/>
   </segment>
   <segment nite:id="Bed009.segment.740" starttime="1733.83" endtime="1734.42" participant="mn048" timing-provenance="dialogueact">
      <nite:child href="Bed009.A.words.xml#id(Bed009.w.5,332)..id(Bed009.w.5,336)"/>
   </segment>
   <segment nite:id="Bed009.segment.744" starttime="1745.52" endtime="1747.41" participant="mn048" timing-provenance="dialogueact">
      <nite:child href="Bed009.A.words.xml#id(Bed009.w.5,367)..id(Bed009.w.5,375)"/>
   </segment>
   <segment nite:id="Bed009.segment.746" starttime="1747.41" endtime="1749.59" participant="mn048" timing-provenance="dialogueact">
      <nite:child href="Bed009.A.words.xml#id(Bed009.w.5,378)..id(Bed009.w.5,388)"/>
   </segment>
   <segment nite:id="Bed009.segment.755" starttime="1764.42" endtime="1767.77" participant="mn048" timing-provenance="dialogueact">
      <nite:child href="Bed009.A.words.xml#id(Bed009.w.5,446)..id(Bed009.w.5,457)"/>
   </segment>
   <segment nite:id="Bed009.segment.757" starttime="1768.82" endtime="1770.6" participant="mn048" timing-provenance="dialogueact">
      <nite:child href="Bed009.A.words.xml#id(Bed009.w.5,458)..id(Bed009.w.5,467)"/>
   </segment>
   <segment nite:id="Bed009.segment.759" starttime="1770.81" endtime="1772.23" participant="mn048" timing-provenance="dialogueact">
      <nite:child href="Bed009.A.words.xml#id(Bed009.w.5,470)..id(Bed009.w.5,477)"/>
   </segment>
   <segment nite:id="Bed009.segment.760" starttime="1772.68" endtime="1774.26" participant="mn048" timing-provenance="dialogueact">
      <nite:child href="Bed009.A.words.xml#id(Bed009.w.5,478)..id(Bed009.w.5,481)"/>
   </segment>
   <segment nite:id="Bed009.segment.761" starttime="1774.62" endtime="1780.0" participant="mn048" timing-provenance="dialogueact">
      <nite:child href="Bed009.A.words.xml#id(Bed009.w.5,482)..id(Bed009.w.5,502)"/>
   </segment>
   <segment nite:id="Bed009.segment.762" starttime="1780.0" endtime="1781.25" participant="mn048" timing-provenance="dialogueact">
      <nite:child href="Bed009.A.words.xml#id(Bed009.w.5,503)..id(Bed009.w.5,507)"/>
   </segment>
   <segment nite:id="Bed009.segment.763" starttime="1781.569" endtime="1784.763" participant="mn048" timing-provenance="segment">
      <nite:child href="Bed009.A.words.xml#id(Bed009.w.5,508)..id(Bed009.w.5,526)"/>
   </segment>
   <segment nite:id="Bed009.segment.764" starttime="1784.79" endtime="1786.06" participant="mn048" timing-provenance="dialogueact">
      <nite:child href="Bed009.A.words.xml#id(Bed009.w.5,527)..id(Bed009.w.5,531)"/>
   </segment>
   <segment nite:id="Bed009.segment.788" starttime="1847.64" endtime="1847.84" participant="mn048" timing-provenance="dialogueact">
      <nite:child href="Bed009.A.words.xml#id(Bed009.w.5,752)"/>
   </segment>
   <segment nite:id="Bed009.segment.793" starttime="1863.6" endtime="1864.41" participant="mn048" timing-provenance="dialogueact">
      <nite:child href="Bed009.A.words.xml#id(Bed009.w.5,785)..id(Bed009.w.5,788)"/>
   </segment>
   <segment nite:id="Bed009.segment.796" starttime="1869.11" endtime="1869.63" participant="mn048" timing-provenance="dialogueact">
      <nite:child href="Bed009.A.words.xml#id(Bed009.w.5,798)..id(Bed009.w.5,802)"/>
   </segment>
   <segment nite:id="Bed009.segment.797" starttime="1870.51" endtime="1872.4" participant="mn048" timing-provenance="dialogueact">
      <nite:child href="Bed009.A.words.xml#id(Bed009.w.5,803)..id(Bed009.w.5,809)"/>
   </segment>
   <segment nite:id="Bed009.segment.799" starttime="1872.68" endtime="1873.53" participant="mn048" timing-provenance="dialogueact">
      <nite:child href="Bed009.A.words.xml#id(Bed009.w.5,812)..id(Bed009.w.5,815)"/>
   </segment>
   <segment nite:id="Bed009.segment.800" starttime="1875.75" endtime="1876.24" participant="mn048" timing-provenance="dialogueact">
      <nite:child href="Bed009.A.words.xml#id(Bed009.w.5,816)..id(Bed009.w.5,818)"/>
   </segment>
   <segment nite:id="Bed009.segment.801" starttime="1876.33" endtime="1879.36" participant="mn048" timing-provenance="dialogueact">
      <nite:child href="Bed009.A.words.xml#id(Bed009.w.5,819)..id(Bed009.w.5,829)"/>
   </segment>
   <segment nite:id="Bed009.segment.802" starttime="1879.73" endtime="1880.44" participant="mn048" timing-provenance="dialogueact">
      <nite:child href="Bed009.A.words.xml#id(Bed009.w.5,830)..id(Bed009.w.5,832)"/>
   </segment>
   <segment nite:id="Bed009.segment.804" starttime="1885.43" endtime="1886.07" participant="mn048" timing-provenance="dialogueact">
      <nite:child href="Bed009.A.words.xml#id(Bed009.w.5,843)..id(Bed009.w.5,847)"/>
   </segment>
   <segment nite:id="Bed009.segment.805" starttime="1886.21" endtime="1887.55" participant="mn048" timing-provenance="dialogueact">
      <nite:child href="Bed009.A.words.xml#id(Bed009.w.5,848)..id(Bed009.w.5,852)"/>
   </segment>
   <segment nite:id="Bed009.segment.807" starttime="1888.58" endtime="1889.2" participant="mn048" timing-provenance="dialogueact">
      <nite:child href="Bed009.A.words.xml#id(Bed009.w.5,855)..id(Bed009.w.5,857)"/>
   </segment>
   <segment nite:id="Bed009.segment.808" starttime="1890.24" endtime="1891.15" participant="mn048" timing-provenance="dialogueact">
      <nite:child href="Bed009.A.words.xml#id(Bed009.w.5,858)..id(Bed009.w.5,863)"/>
   </segment>
   <segment nite:id="Bed009.segment.810" starttime="1892.21" endtime="1892.7" participant="mn048" timing-provenance="dialogueact">
      <nite:child href="Bed009.A.words.xml#id(Bed009.w.5,885)"/>
   </segment>
   <segment nite:id="Bed009.segment.812" starttime="1895.23" endtime="1897.04" participant="mn048" timing-provenance="dialogueact">
      <nite:child href="Bed009.A.words.xml#id(Bed009.w.5,886)..id(Bed009.w.5,896)"/>
   </segment>
   <segment nite:id="Bed009.segment.817" starttime="1904.7" endtime="1904.88" participant="mn048" timing-provenance="dialogueact">
      <nite:child href="Bed009.A.words.xml#id(Bed009.w.5,921)..id(Bed009.w.5,922)"/>
   </segment>
   <segment nite:id="Bed009.segment.819" starttime="1917.27" endtime="1917.6" participant="mn048" timing-provenance="dialogueact">
      <nite:child href="Bed009.A.words.xml#id(Bed009.w.5,965)..id(Bed009.w.5,968)"/>
   </segment>
   <segment nite:id="Bed009.segment.846" starttime="1983.43" endtime="1983.8" participant="mn048" timing-provenance="dialogueact">
      <nite:child href="Bed009.A.words.xml#id(Bed009.w.6,193)..id(Bed009.w.6,196)"/>
   </segment>
   <segment nite:id="Bed009.segment.857" starttime="2006.78" endtime="2007.92" participant="mn048" timing-provenance="dialogueact">
      <nite:child href="Bed009.A.words.xml#id(Bed009.w.6,262)..id(Bed009.pause.20)"/>
   </segment>
   <segment nite:id="Bed009.segment.858" starttime="2007.92" endtime="2009.99" participant="mn048" timing-provenance="dialogueact">
      <nite:child href="Bed009.A.words.xml#id(Bed009.w.6,263)..id(Bed009.w.6,268)"/>
   </segment>
   <segment nite:id="Bed009.segment.859" starttime="2010.05" endtime="2013.87" participant="mn048" timing-provenance="dialogueact">
      <nite:child href="Bed009.A.words.xml#id(Bed009.w.6,269)..id(Bed009.w.6,283)"/>
   </segment>
   <segment nite:id="Bed009.segment.861" starttime="2014.39" endtime="2014.98" participant="mn048" timing-provenance="dialogueact">
      <nite:child href="Bed009.A.words.xml#id(Bed009.w.6,312)..id(Bed009.w.6,313)"/>
   </segment>
   <segment nite:id="Bed009.segment.864" starttime="2025.56" endtime="2026.02" participant="mn048" timing-provenance="dialogueact">
      <nite:child href="Bed009.A.words.xml#id(Bed009.w.6,332)..id(Bed009.w.6,335)"/>
   </segment>
   <segment nite:id="Bed009.segment.868" starttime="2034.5" endtime="2034.89" participant="mn048" timing-provenance="dialogueact">
      <nite:child href="Bed009.A.words.xml#id(Bed009.w.6,368)"/>
   </segment>
   <segment nite:id="Bed009.segment.871" starttime="2035.96" endtime="2038.07" participant="mn048" timing-provenance="dialogueact">
      <nite:child href="Bed009.A.words.xml#id(Bed009.w.6,375)..id(Bed009.w.6,387)"/>
   </segment>
   <segment nite:id="Bed009.segment.873" starttime="2038.11" endtime="2039.3" participant="mn048" timing-provenance="dialogueact">
      <nite:child href="Bed009.A.words.xml#id(Bed009.w.6,393)..id(Bed009.w.6,399)"/>
   </segment>
   <segment nite:id="Bed009.segment.875" starttime="2045.65" endtime="2047.6" participant="mn048" timing-provenance="dialogueact">
      <nite:child href="Bed009.A.words.xml#id(Bed009.w.6,402)..id(Bed009.w.6,410)"/>
   </segment>
   <segment nite:id="Bed009.segment.876" starttime="2047.86" endtime="2048.78" participant="mn048" timing-provenance="dialogueact">
      <nite:child href="Bed009.A.words.xml#id(Bed009.w.6,411)..id(Bed009.w.6,415)"/>
   </segment>
   <segment nite:id="Bed009.segment.877" starttime="2048.78" endtime="2051.63" participant="mn048" timing-provenance="dialogueact">
      <nite:child href="Bed009.A.words.xml#id(Bed009.w.6,416)..id(Bed009.w.6,425)"/>
   </segment>
   <segment nite:id="Bed009.segment.878" starttime="2051.97" endtime="2054.76" participant="mn048" timing-provenance="dialogueact">
      <nite:child href="Bed009.A.words.xml#id(Bed009.w.6,426)..id(Bed009.w.6,431)"/>
   </segment>
   <segment nite:id="Bed009.segment.879" starttime="2055.14" endtime="2058.64" participant="mn048" timing-provenance="dialogueact">
      <nite:child href="Bed009.A.words.xml#id(Bed009.w.6,432)..id(Bed009.w.6,444)"/>
   </segment>
   <segment nite:id="Bed009.segment.880" starttime="2060.61" endtime="2061.71" participant="mn048" timing-provenance="dialogueact">
      <nite:child href="Bed009.A.words.xml#id(Bed009.w.6,445)..id(Bed009.w.6,449)"/>
   </segment>
   <segment nite:id="Bed009.segment.881" starttime="2061.88" endtime="2063.83" participant="mn048" timing-provenance="dialogueact">
      <nite:child href="Bed009.A.words.xml#id(Bed009.w.6,450)..id(Bed009.w.6,456)"/>
   </segment>
   <segment nite:id="Bed009.segment.882" starttime="2065.03" endtime="2065.8" participant="mn048" timing-provenance="dialogueact">
      <nite:child href="Bed009.A.words.xml#id(Bed009.w.6,457)..id(Bed009.w.6,458)"/>
   </segment>
   <segment nite:id="Bed009.segment.883" starttime="2065.88" endtime="2067.89" participant="mn048" timing-provenance="dialogueact">
      <nite:child href="Bed009.A.words.xml#id(Bed009.w.6,459)..id(Bed009.w.6,466)"/>
   </segment>
   <segment nite:id="Bed009.segment.884" starttime="2068.04" endtime="2072.72" participant="mn048" timing-provenance="dialogueact">
      <nite:child href="Bed009.A.words.xml#id(Bed009.w.6,467)..id(Bed009.w.6,480)"/>
   </segment>
   <segment nite:id="Bed009.segment.887" starttime="2073.39" endtime="2075.27" participant="mn048" timing-provenance="dialogueact">
      <nite:child href="Bed009.A.words.xml#id(Bed009.w.6,487)..id(Bed009.w.6,493)"/>
   </segment>
   <segment nite:id="Bed009.segment.889" starttime="2079.59" endtime="2081.53" participant="mn048" timing-provenance="dialogueact">
      <nite:child href="Bed009.A.words.xml#id(Bed009.w.6,496)..id(Bed009.w.6,504)"/>
   </segment>
   <segment nite:id="Bed009.segment.894" starttime="2095.284" endtime="2096.057" participant="mn048" timing-provenance="segment">
      <nite:child href="Bed009.A.words.xml#id(Bed009.vocalsound.55)"/>
   </segment>
   <segment nite:id="Bed009.segment.895" starttime="2097.25" endtime="2097.42" participant="mn048" timing-provenance="dialogueact">
      <nite:child href="Bed009.A.words.xml#id(Bed009.w.6,561)..id(Bed009.w.6,562)"/>
   </segment>
   <segment nite:id="Bed009.segment.902" starttime="2114.64" endtime="2115.17" participant="mn048" timing-provenance="dialogueact">
      <nite:child href="Bed009.A.words.xml#id(Bed009.w.6,620)..id(Bed009.w.6,621)"/>
   </segment>
   <segment nite:id="Bed009.segment.907" starttime="2125.62" endtime="2125.8" participant="mn048" timing-provenance="dialogueact">
      <nite:child href="Bed009.A.words.xml#id(Bed009.w.6,667)..id(Bed009.w.6,668)"/>
   </segment>
   <segment nite:id="Bed009.segment.913" starttime="2138.28" endtime="2138.47" participant="mn048" timing-provenance="dialogueact">
      <nite:child href="Bed009.A.words.xml#id(Bed009.w.6,701)..id(Bed009.w.6,702)"/>
   </segment>
   <segment nite:id="Bed009.segment.1,003" starttime="2341.34" endtime="2345.012" participant="mn048" timing-provenance="segment">
      <nite:child href="Bed009.A.words.xml#id(Bed009.w.7,264)..id(Bed009.disfmarker.230)"/>
   </segment>
   <segment nite:id="Bed009.segment.1,005" starttime="2345.37" endtime="2346.66" participant="mn048" timing-provenance="dialogueact">
      <nite:child href="Bed009.A.words.xml#id(Bed009.w.7,279)..id(Bed009.w.7,281)"/>
   </segment>
   <segment nite:id="Bed009.segment.1,006" starttime="2347.78" endtime="2350.47" participant="mn048" timing-provenance="dialogueact">
      <nite:child href="Bed009.A.words.xml#id(Bed009.w.7,282)..id(Bed009.w.7,292)"/>
   </segment>
   <segment nite:id="Bed009.segment.1,009" starttime="2352.23" endtime="2353.41" participant="mn048" timing-provenance="dialogueact">
      <nite:child href="Bed009.A.words.xml#id(Bed009.w.7,305)..id(Bed009.w.7,306)"/>
   </segment>
   <segment nite:id="Bed009.segment.1,014" starttime="2362.03" endtime="2362.32" participant="mn048" timing-provenance="dialogueact">
      <nite:child href="Bed009.A.words.xml#id(Bed009.w.7,357)..id(Bed009.w.7,358)"/>
   </segment>
   <segment nite:id="Bed009.segment.1,016" starttime="2363.05" endtime="2363.32" participant="mn048" timing-provenance="dialogueact">
      <nite:child href="Bed009.A.words.xml#id(Bed009.w.7,366)"/>
   </segment>
   <segment nite:id="Bed009.segment.1,017" starttime="2365.9" endtime="2366.49" participant="mn048" timing-provenance="dialogueact">
      <nite:child href="Bed009.A.words.xml#id(Bed009.w.7,367)..id(Bed009.w.7,369)"/>
   </segment>
   <segment nite:id="Bed009.segment.1,018" starttime="2366.49" endtime="2367.75" participant="mn048" timing-provenance="dialogueact">
      <nite:child href="Bed009.A.words.xml#id(Bed009.w.7,370)..id(Bed009.w.7,373)"/>
   </segment>
   <segment nite:id="Bed009.segment.1,019" starttime="2367.75" endtime="2368.69" participant="mn048" timing-provenance="dialogueact">
      <nite:child href="Bed009.A.words.xml#id(Bed009.w.7,374)..id(Bed009.w.7,376)"/>
   </segment>
   <segment nite:id="Bed009.segment.1,020" starttime="2369.25" endtime="2370.1" participant="mn048" timing-provenance="dialogueact">
      <nite:child href="Bed009.A.words.xml#id(Bed009.w.7,377)..id(Bed009.w.7,379)"/>
   </segment>
   <segment nite:id="Bed009.segment.1,021" starttime="2370.64" endtime="2371.04" participant="mn048" timing-provenance="dialogueact">
      <nite:child href="Bed009.A.words.xml#id(Bed009.w.7,380)"/>
   </segment>
   <segment nite:id="Bed009.segment.1,022" starttime="2371.78" endtime="2373.32" participant="mn048" timing-provenance="dialogueact">
      <nite:child href="Bed009.A.words.xml#id(Bed009.w.7,381)..id(Bed009.w.7,387)"/>
   </segment>
   <segment nite:id="Bed009.segment.1,023" starttime="2373.32" endtime="2375.3" participant="mn048" timing-provenance="dialogueact">
      <nite:child href="Bed009.A.words.xml#id(Bed009.w.7,388)..id(Bed009.w.7,396)"/>
   </segment>
   <segment nite:id="Bed009.segment.1,027" starttime="2375.71" endtime="2378.67" participant="mn048" timing-provenance="dialogueact">
      <nite:child href="Bed009.A.words.xml#id(Bed009.w.7,405)..id(Bed009.w.7,418)"/>
   </segment>
   <segment nite:id="Bed009.segment.1,028" starttime="2378.85" endtime="2380.29" participant="mn048" timing-provenance="dialogueact">
      <nite:child href="Bed009.A.words.xml#id(Bed009.w.7,419)..id(Bed009.w.7,423)"/>
   </segment>
   <segment nite:id="Bed009.segment.1,029" starttime="2380.92" endtime="2382.21" participant="mn048" timing-provenance="dialogueact">
      <nite:child href="Bed009.A.words.xml#id(Bed009.w.7,424)..id(Bed009.w.7,430)"/>
   </segment>
   <segment nite:id="Bed009.segment.1,030" starttime="2382.21" endtime="2384.1" participant="mn048" timing-provenance="dialogueact">
      <nite:child href="Bed009.A.words.xml#id(Bed009.w.7,431)..id(Bed009.w.7,437)"/>
   </segment>
   <segment nite:id="Bed009.segment.1,031" starttime="2384.1" endtime="2386.12" participant="mn048" timing-provenance="dialogueact">
      <nite:child href="Bed009.A.words.xml#id(Bed009.w.7,438)..id(Bed009.w.7,450)"/>
   </segment>
   <segment nite:id="Bed009.segment.1,033" starttime="2386.32" endtime="2386.68" participant="mn048" timing-provenance="dialogueact">
      <nite:child href="Bed009.A.words.xml#id(Bed009.w.7,451)..id(Bed009.w.7,452)"/>
   </segment>
   <segment nite:id="Bed009.segment.1,037" starttime="2391.65" endtime="2392.59" participant="mn048" timing-provenance="dialogueact">
      <nite:child href="Bed009.A.words.xml#id(Bed009.w.7,479)..id(Bed009.w.7,485)"/>
   </segment>
   <segment nite:id="Bed009.segment.1,047" starttime="2414.19" endtime="2414.55" participant="mn048" timing-provenance="dialogueact">
      <nite:child href="Bed009.A.words.xml#id(Bed009.w.7,535)..id(Bed009.w.7,538)"/>
   </segment>
   <segment nite:id="Bed009.segment.1,147" starttime="2608.042" endtime="2610.343" participant="mn048" timing-provenance="segment">
      <nite:child href="Bed009.A.words.xml#id(Bed009.w.8,141)..id(Bed009.disfmarker.284)"/>
   </segment>
   <segment nite:id="Bed009.segment.1,150" starttime="2610.41" endtime="2612.05" participant="mn048" timing-provenance="dialogueact">
      <nite:child href="Bed009.A.words.xml#id(Bed009.w.8,160)..id(Bed009.w.8,167)"/>
   </segment>
   <segment nite:id="Bed009.segment.1,151" starttime="2613.13" endtime="2614.77" participant="mn048" timing-provenance="dialogueact">
      <nite:child href="Bed009.A.words.xml#id(Bed009.w.8,168)..id(Bed009.w.8,174)"/>
   </segment>
   <segment nite:id="Bed009.segment.1,153" starttime="2614.83" endtime="2615.72" participant="mn048" timing-provenance="dialogueact">
      <nite:child href="Bed009.A.words.xml#id(Bed009.w.8,177)..id(Bed009.w.8,179)"/>
   </segment>
   <segment nite:id="Bed009.segment.1,155" starttime="2616.07" endtime="2617.6" participant="mn048" timing-provenance="dialogueact">
      <nite:child href="Bed009.A.words.xml#id(Bed009.w.8,182)..id(Bed009.w.8,189)"/>
   </segment>
   <segment nite:id="Bed009.segment.1,156" starttime="2617.6" endtime="2618.4" participant="mn048" timing-provenance="dialogueact">
      <nite:child href="Bed009.A.words.xml#id(Bed009.w.8,190)..id(Bed009.w.8,191)"/>
   </segment>
   <segment nite:id="Bed009.segment.1,157" starttime="2619.03" endtime="2619.897" participant="mn048" timing-provenance="segment">
      <nite:child href="Bed009.A.words.xml#id(Bed009.w.8,192)..id(Bed009.disfmarker.286)"/>
   </segment>
   <segment nite:id="Bed009.segment.1,158" starttime="2619.96" endtime="2622.17" participant="mn048" timing-provenance="dialogueact">
      <nite:child href="Bed009.A.words.xml#id(Bed009.w.8,194)..id(Bed009.w.8,200)"/>
   </segment>
   <segment nite:id="Bed009.segment.1,160" starttime="2622.17" endtime="2624.89" participant="mn048" timing-provenance="dialogueact">
      <nite:child href="Bed009.A.words.xml#id(Bed009.w.8,203)..id(Bed009.w.8,216)"/>
   </segment>
   <segment nite:id="Bed009.segment.1,165" starttime="2627.9" endtime="2628.03" participant="mn048" timing-provenance="dialogueact">
      <nite:child href="Bed009.A.words.xml#id(Bed009.w.8,227)..id(Bed009.w.8,228)"/>
   </segment>
   <segment nite:id="Bed009.segment.1,182" starttime="2655.53" endtime="2655.96" participant="mn048" timing-provenance="dialogueact">
      <nite:child href="Bed009.A.words.xml#id(Bed009.w.8,358)..id(Bed009.w.8,361)"/>
   </segment>
   <segment nite:id="Bed009.segment.1,228" starttime="2766.024" endtime="2767.508" participant="mn048" timing-provenance="segment">
      <nite:child href="Bed009.A.words.xml#id(Bed009.w.8,605)..id(Bed009.disfmarker.303)"/>
   </segment>
   <segment nite:id="Bed009.segment.1,230" starttime="2768.6" endtime="2770.0" participant="mn048" timing-provenance="dialogueact">
      <nite:child href="Bed009.A.words.xml#id(Bed009.w.8,619)..id(Bed009.w.8,625)"/>
   </segment>
   <segment nite:id="Bed009.segment.1,231" starttime="2770.05" endtime="2770.65" participant="mn048" timing-provenance="dialogueact">
      <nite:child href="Bed009.A.words.xml#id(Bed009.w.8,626)..id(Bed009.w.8,628)"/>
   </segment>
   <segment nite:id="Bed009.segment.1,233" starttime="2771.099" endtime="2771.296" participant="mn048" timing-provenance="segment">
      <nite:child href="Bed009.A.words.xml#id(Bed009.w.8,638)..id(Bed009.w.8,639)"/>
   </segment>
   <segment nite:id="Bed009.segment.1,234" starttime="2771.84" endtime="2773.5" participant="mn048" timing-provenance="dialogueact">
      <nite:child href="Bed009.A.words.xml#id(Bed009.w.8,640)..id(Bed009.w.8,653)"/>
   </segment>
   <segment nite:id="Bed009.segment.1,241" starttime="2783.85" endtime="2784.19" participant="mn048" timing-provenance="dialogueact">
      <nite:child href="Bed009.A.words.xml#id(Bed009.w.8,684)..id(Bed009.w.8,687)"/>
   </segment>
   <segment nite:id="Bed009.segment.1,262" starttime="2832.71" endtime="2832.95" participant="mn048" timing-provenance="dialogueact">
      <nite:child href="Bed009.A.words.xml#id(Bed009.w.8,813)..id(Bed009.w.8,816)"/>
   </segment>
   <segment nite:id="Bed009.segment.1,288" starttime="2914.72" endtime="2915.02" participant="mn048" timing-provenance="dialogueact">
      <nite:child href="Bed009.A.words.xml#id(Bed009.w.9,072)..id(Bed009.w.9,075)"/>
   </segment>
   <segment nite:id="Bed009.segment.1,309" starttime="2975.8" endtime="2976.23" participant="mn048" timing-provenance="dialogueact">
      <nite:child href="Bed009.A.words.xml#id(Bed009.w.9,232)..id(Bed009.w.9,235)"/>
   </segment>
   <segment nite:id="Bed009.segment.1,313" starttime="2983.84" endtime="2984.11" participant="mn048" timing-provenance="dialogueact">
      <nite:child href="Bed009.A.words.xml#id(Bed009.w.9,257)..id(Bed009.w.9,260)"/>
   </segment>
   <segment nite:id="Bed009.segment.1,318" starttime="2992.79" endtime="2993.1" participant="mn048" timing-provenance="dialogueact">
      <nite:child href="Bed009.A.words.xml#id(Bed009.w.9,321)..id(Bed009.w.9,324)"/>
   </segment>
   <segment nite:id="Bed009.segment.1,325" starttime="3028.72" endtime="3029.06" participant="mn048" timing-provenance="dialogueact">
      <nite:child href="Bed009.A.words.xml#id(Bed009.w.9,427)..id(Bed009.w.9,430)"/>
   </segment>
   <segment nite:id="Bed009.segment.1,326" starttime="3035.91" endtime="3036.18" participant="mn048" timing-provenance="dialogueact">
      <nite:child href="Bed009.A.words.xml#id(Bed009.w.9,431)..id(Bed009.w.9,434)"/>
   </segment>
   <segment nite:id="Bed009.segment.1,337" starttime="3072.29" endtime="3072.84" participant="mn048" timing-provenance="dialogueact">
      <nite:child href="Bed009.A.words.xml#id(Bed009.w.9,514)..id(Bed009.w.9,517)"/>
   </segment>
   <segment nite:id="Bed009.segment.1,340" starttime="3085.11" endtime="3085.38" participant="mn048" timing-provenance="dialogueact">
      <nite:child href="Bed009.A.words.xml#id(Bed009.w.9,543)..id(Bed009.w.9,546)"/>
   </segment>
   <segment nite:id="Bed009.segment.1,342" starttime="3086.07" endtime="3086.66" participant="mn048" timing-provenance="dialogueact">
      <nite:child href="Bed009.A.words.xml#id(Bed009.w.9,555)..id(Bed009.w.9,558)"/>
   </segment>
   <segment nite:id="Bed009.segment.1,343" starttime="3092.21" endtime="3093.34" participant="mn048" timing-provenance="dialogueact">
      <nite:child href="Bed009.A.words.xml#id(Bed009.w.9,559)..id(Bed009.w.9,563)"/>
   </segment>
   <segment nite:id="Bed009.segment.1,344" starttime="3093.53" endtime="3094.81" participant="mn048" timing-provenance="dialogueact">
      <nite:child href="Bed009.A.words.xml#id(Bed009.w.9,564)..id(Bed009.w.9,567)"/>
   </segment>
   <segment nite:id="Bed009.segment.1,345" starttime="3095.86" endtime="3097.2" participant="mn048" timing-provenance="dialogueact">
      <nite:child href="Bed009.A.words.xml#id(Bed009.w.9,568)..id(Bed009.w.9,572)"/>
   </segment>
   <segment nite:id="Bed009.segment.1,346" starttime="3097.49" endtime="3099.75" participant="mn048" timing-provenance="dialogueact">
      <nite:child href="Bed009.A.words.xml#id(Bed009.w.9,573)..id(Bed009.w.9,580)"/>
   </segment>
   <segment nite:id="Bed009.segment.1,347" starttime="3099.75" endtime="3102.63" participant="mn048" timing-provenance="dialogueact">
      <nite:child href="Bed009.A.words.xml#id(Bed009.w.9,581)..id(Bed009.w.9,591)"/>
   </segment>
   <segment nite:id="Bed009.segment.1,348" starttime="3103.1" endtime="3105.36" participant="mn048" timing-provenance="dialogueact">
      <nite:child href="Bed009.A.words.xml#id(Bed009.w.9,592)..id(Bed009.w.9,594)"/>
   </segment>
   <segment nite:id="Bed009.segment.1,349" starttime="3105.62" endtime="3109.47" participant="mn048" timing-provenance="dialogueact">
      <nite:child href="Bed009.A.words.xml#id(Bed009.w.9,595)..id(Bed009.w.9,610)"/>
   </segment>
   <segment nite:id="Bed009.segment.1,350" starttime="3110.17" endtime="3111.26" participant="mn048" timing-provenance="dialogueact">
      <nite:child href="Bed009.A.words.xml#id(Bed009.w.9,611)..id(Bed009.w.9,614)"/>
   </segment>
   <segment nite:id="Bed009.segment.1,351" starttime="3111.337" endtime="3112.883" participant="mn048" timing-provenance="segment">
      <nite:child href="Bed009.A.words.xml#id(Bed009.w.9,615)..id(Bed009.disfmarker.319)"/>
   </segment>
   <segment nite:id="Bed009.segment.1,353" starttime="3114.201" endtime="3115.217" participant="mn048" timing-provenance="segment">
      <nite:child href="Bed009.A.words.xml#id(Bed009.w.9,641)..id(Bed009.disfmarker.322)"/>
   </segment>
   <segment nite:id="Bed009.segment.1,355" starttime="3119.33" endtime="3119.57" participant="mn048" timing-provenance="dialogueact">
      <nite:child href="Bed009.A.words.xml#id(Bed009.w.9,656)..id(Bed009.w.9,659)"/>
   </segment>
   <segment nite:id="Bed009.segment.1,357" starttime="3130.15" endtime="3130.49" participant="mn048" timing-provenance="dialogueact">
      <nite:child href="Bed009.A.words.xml#id(Bed009.w.9,708)..id(Bed009.w.9,711)"/>
   </segment>
   <segment nite:id="Bed009.segment.1,358" starttime="3132.88" endtime="3133.38" participant="mn048" timing-provenance="dialogueact">
      <nite:child href="Bed009.A.words.xml#id(Bed009.w.9,712)..id(Bed009.w.9,715)"/>
   </segment>
   <segment nite:id="Bed009.segment.1,360" starttime="3133.62" endtime="3133.82" participant="mn048" timing-provenance="dialogueact">
      <nite:child href="Bed009.A.words.xml#id(Bed009.w.9,745)"/>
   </segment>
   <segment nite:id="Bed009.segment.1,361" starttime="3136.12" endtime="3136.37" participant="mn048" timing-provenance="dialogueact">
      <nite:child href="Bed009.A.words.xml#id(Bed009.w.9,746)..id(Bed009.w.9,749)"/>
   </segment>
   <segment nite:id="Bed009.segment.1,362" starttime="3136.92" endtime="3137.68" participant="mn048" timing-provenance="dialogueact">
      <nite:child href="Bed009.A.words.xml#id(Bed009.w.9,750)..id(Bed009.w.9,753)"/>
   </segment>
   <segment nite:id="Bed009.segment.1,363" starttime="3139.03" endtime="3139.28" participant="mn048" timing-provenance="dialogueact">
      <nite:child href="Bed009.A.words.xml#id(Bed009.w.9,754)..id(Bed009.w.9,757)"/>
   </segment>
   <segment nite:id="Bed009.segment.1,367" starttime="3148.16" endtime="3148.41" participant="mn048" timing-provenance="dialogueact">
      <nite:child href="Bed009.A.words.xml#id(Bed009.w.9,782)..id(Bed009.w.9,785)"/>
   </segment>
   <segment nite:id="Bed009.segment.1,370" starttime="3150.73" endtime="3150.84" participant="mn048" timing-provenance="dialogueact">
      <nite:child href="Bed009.A.words.xml#id(Bed009.w.9,815)"/>
   </segment>
   <segment nite:id="Bed009.segment.1,371" starttime="3155.436" endtime="3157.725" participant="mn048" timing-provenance="segment">
      <nite:child href="Bed009.A.words.xml#id(Bed009.w.9,816)..id(Bed009.comment.63)"/>
   </segment>
   <segment nite:id="Bed009.segment.1,373" starttime="3163.68" endtime="3163.98" participant="mn048" timing-provenance="dialogueact">
      <nite:child href="Bed009.A.words.xml#id(Bed009.w.9,853)..id(Bed009.w.9,856)"/>
   </segment>
   <segment nite:id="Bed009.segment.1,375" starttime="3172.46" endtime="3172.62" participant="mn048" timing-provenance="dialogueact">
      <nite:child href="Bed009.A.words.xml#id(Bed009.w.9,893)..id(Bed009.w.9,894)"/>
   </segment>
   <segment nite:id="Bed009.segment.1,378" starttime="3179.94" endtime="3181.66" participant="mn048" timing-provenance="dialogueact">
      <nite:child href="Bed009.A.words.xml#id(Bed009.w.9,908)..id(Bed009.w.9,920)"/>
   </segment>
   <segment nite:id="Bed009.segment.1,390" starttime="3201.59" endtime="3201.8" participant="mn048" timing-provenance="dialogueact">
      <nite:child href="Bed009.A.words.xml#id(Bed009.w.9,967)..id(Bed009.w.9,968)"/>
   </segment>
</nite:root>