<?xml version="1.0" encoding="ISO-8859-1" standalone="yes"?>
<nite:root nite:id="ES2013a.D.words" xmlns:nite="http://nite.sourceforge.net/">
   <w nite:id="ES2013a.D.words0" starttime="22.78" endtime="22.85">Is</w>
   <w nite:id="ES2013a.D.words1" starttime="22.85" endtime="23.05">this</w>
   <w nite:id="ES2013a.D.words2" starttime="23.05" endtime="23.58">okay</w>
   <w nite:id="ES2013a.D.words3" starttime="23.58" endtime="23.58" punc="true">?</w>
   <w nite:id="ES2013a.D.words4" starttime="232.66" endtime="232.81">I</w>
   <w nite:id="ES2013a.D.words5" starttime="232.81" endtime="233.15">know</w>
   <w nite:id="ES2013a.D.words6" starttime="233.15" endtime="233.15" punc="true">.</w>
   <w nite:id="ES2013a.D.words7" starttime="353.16" endtime="353.64">Thanks</w>
   <w nite:id="ES2013a.D.words8" starttime="353.64" endtime="353.64" punc="true">.</w>
   <w nite:id="ES2013a.D.words9" starttime="387.48" endtime="388.71">Mm</w>
   <vocalsound nite:id="ES2013a.D.words10" starttime="388.71" endtime="388.71" type="other"/>
   <w nite:id="ES2013a.D.words11" starttime="388.71" endtime="388.87">this</w>
   <w nite:id="ES2013a.D.words12" starttime="388.87" endtime="388.97">is</w>
   <w nite:id="ES2013a.D.words13" starttime="388.97" endtime="389.18">very</w>
   <w nite:id="ES2013a.D.words14" starttime="389.18" endtime="390.09">representational</w>
   <w nite:id="ES2013a.D.words15" starttime="390.09" endtime="391.52">fish</w>
   <w nite:id="ES2013a.D.words16" starttime="391.52" endtime="391.52" punc="true">.</w>
   <vocalsound nite:id="ES2013a.D.words17" starttime="391.52" endtime="391.52" type="other"/>
   <w nite:id="ES2013a.D.words18" starttime="391.52" endtime="392.73">Um</w>
   <w nite:id="ES2013a.D.words19" starttime="392.73" endtime="392.84">I</w>
   <w nite:id="ES2013a.D.words20" starttime="392.84" endtime="393.04">like</w>
   <w nite:id="ES2013a.D.words21" starttime="393.04" endtime="393.25">them</w>
   <w nite:id="ES2013a.D.words22" starttime="393.25" endtime="393.69">because</w>
   <w nite:id="ES2013a.D.words23" starttime="393.69" endtime="394.34">they&#39;re</w>
   <w nite:id="ES2013a.D.words24" starttime="394.34" endtime="396.23">sleek</w>
   <w nite:id="ES2013a.D.words25" starttime="396.23" endtime="396.94">and</w>
   <w nite:id="ES2013a.D.words26" starttime="396.94" endtime="397.03">they</w>
   <w nite:id="ES2013a.D.words27" starttime="397.03" endtime="397.16">have</w>
   <w nite:id="ES2013a.D.words28" starttime="397.16" endtime="397.21">a</w>
   <w nite:id="ES2013a.D.words29" starttime="397.21" endtime="397.37">lot</w>
   <w nite:id="ES2013a.D.words30" starttime="397.37" endtime="397.43">of</w>
   <w nite:id="ES2013a.D.words31" starttime="397.43" endtime="397.86">freedom</w>
   <w nite:id="ES2013a.D.words32" starttime="397.86" endtime="397.97">but</w>
   <w nite:id="ES2013a.D.words33" starttime="397.97" endtime="398.08">they</w>
   <w nite:id="ES2013a.D.words34" starttime="398.08" endtime="398.28">also</w>
   <w nite:id="ES2013a.D.words35" starttime="398.28" endtime="399.04">do</w>
   <w nite:id="ES2013a.D.words36" starttime="399.04" endtime="399.24" trunc="true">n</w>
   <w nite:id="ES2013a.D.words37" starttime="399.24" endtime="399.91">uh</w>
   <w nite:id="ES2013a.D.words38" starttime="399.91" endtime="400.22">swim</w>
   <w nite:id="ES2013a.D.words39" starttime="400.22" endtime="400.31">in</w>
   <w nite:id="ES2013a.D.words40" starttime="400.31" endtime="401.56">groups</w>
   <w nite:id="ES2013a.D.words41" starttime="401.56" endtime="401.56" punc="true">,</w>
   <w nite:id="ES2013a.D.words42" starttime="401.56" endtime="401.91">so</w>
   <w nite:id="ES2013a.D.words43" starttime="401.91" endtime="401.91" punc="true">.</w>
   <w nite:id="ES2013a.D.words44" starttime="403.17" endtime="403.29">Do</w>
   <w nite:id="ES2013a.D.words45" starttime="403.29" endtime="403.43">you</w>
   <w nite:id="ES2013a.D.words46" starttime="403.43" endtime="403.61">have</w>
   <w nite:id="ES2013a.D.words47" starttime="403.61" endtime="403.82">a</w>
   <w nite:id="ES2013a.D.words48" starttime="403.82" endtime="404.26">favourite</w>
   <w nite:id="ES2013a.D.words49" starttime="404.26" endtime="404.57">one</w>
   <w nite:id="ES2013a.D.words50" starttime="404.57" endtime="404.57" punc="true">?</w>
   <vocalsound nite:id="ES2013a.D.words51" starttime="426.0" endtime="426.653" type="laugh"/>
   <vocalsound nite:id="ES2013a.D.words52" starttime="430.166" endtime="430.786" type="laugh"/>
   <vocalsound nite:id="ES2013a.D.words53" starttime="518.782" endtime="518.782" type="other"/>
   <w nite:id="ES2013a.D.words54" starttime="519.31" endtime="520.09">Uh</w>
   <w nite:id="ES2013a.D.words55" starttime="520.09" endtime="521.11">yeah</w>
   <w nite:id="ES2013a.D.words56" starttime="521.11" endtime="521.11" punc="true">.</w>
   <vocalsound nite:id="ES2013a.D.words57" starttime="521.11" endtime="521.11" type="other"/>
   <w nite:id="ES2013a.D.words58" starttime="521.11" endtime="521.22">I</w>
   <w nite:id="ES2013a.D.words59" starttime="521.22" endtime="521.39">was</w>
   <w nite:id="ES2013a.D.words60" starttime="521.39" endtime="521.61">just</w>
   <w nite:id="ES2013a.D.words61" starttime="521.61" endtime="521.9">wondering</w>
   <w nite:id="ES2013a.D.words62" starttime="521.9" endtime="522.03">if</w>
   <w nite:id="ES2013a.D.words63" starttime="522.03" endtime="522.39">that&#39;s</w>
   <w nite:id="ES2013a.D.words64" starttime="522.39" endtime="522.69">the</w>
   <w nite:id="ES2013a.D.words65" starttime="522.69" endtime="523.03">um</w>
   <disfmarker nite:id="ES2013a.D.words66" starttime="523.03" endtime="523.071"/>
   <w nite:id="ES2013a.D.words67" starttime="524.16" endtime="524.29">If</w>
   <w nite:id="ES2013a.D.words68" starttime="524.29" endtime="524.67">fifty</w>
   <w nite:id="ES2013a.D.words69" starttime="524.67" endtime="526.02">percent</w>
   <w nite:id="ES2013a.D.words70" starttime="526.02" endtime="526.39">is</w>
   <w nite:id="ES2013a.D.words71" starttime="526.39" endtime="526.99">normal</w>
   <disfmarker nite:id="ES2013a.D.words72" starttime="526.99" endtime="527.024"/>
   <w nite:id="ES2013a.D.words73" starttime="528.37" endtime="528.4" trunc="true">B</w>
   <w nite:id="ES2013a.D.words74" starttime="528.4" endtime="528.91">yeah</w>
   <w nite:id="ES2013a.D.words75" starttime="528.91" endtime="528.91" punc="true">.</w>
   <w nite:id="ES2013a.D.words76" starttime="528.91" endtime="529.11">Um</w>
   <w nite:id="ES2013a.D.words77" starttime="529.11" endtime="529.22">I</w>
   <w nite:id="ES2013a.D.words78" starttime="529.22" endtime="529.35">would</w>
   <w nite:id="ES2013a.D.words79" starttime="529.35" endtime="529.51">think</w>
   <w nite:id="ES2013a.D.words80" starttime="529.51" endtime="529.63">would</w>
   <w nite:id="ES2013a.D.words81" starttime="529.63" endtime="529.73">be</w>
   <w nite:id="ES2013a.D.words82" starttime="529.73" endtime="529.86">more</w>
   <w nite:id="ES2013a.D.words83" starttime="529.86" endtime="530.03">like</w>
   <w nite:id="ES2013a.D.words84" starttime="530.03" endtime="530.43">sixty</w>
   <w nite:id="ES2013a.D.words85" starttime="530.43" endtime="530.95">percent</w>
   <w nite:id="ES2013a.D.words86" starttime="530.95" endtime="530.95" punc="true">.</w>
   <w nite:id="ES2013a.D.words87" starttime="531.82" endtime="532.14">But</w>
   <w nite:id="ES2013a.D.words88" starttime="532.14" endtime="533.21">um</w>
   <w nite:id="ES2013a.D.words89" starttime="533.21" endtime="533.32">let</w>
   <w nite:id="ES2013a.D.words90" starttime="533.32" endtime="533.87">me</w>
   <disfmarker nite:id="ES2013a.D.words91" starttime="533.87" endtime="533.87"/>
   <w nite:id="ES2013a.D.words92" starttime="533.87" endtime="533.95">I</w>
   <w nite:id="ES2013a.D.words93" starttime="533.95" endtime="534.2">have</w>
   <w nite:id="ES2013a.D.words94" starttime="534.2" endtime="534.35">two</w>
   <w nite:id="ES2013a.D.words95" starttime="534.35" endtime="534.78">thoughts</w>
   <w nite:id="ES2013a.D.words96" starttime="534.78" endtime="534.78" punc="true">.</w>
   <w nite:id="ES2013a.D.words97" starttime="534.78" endtime="534.87">One</w>
   <w nite:id="ES2013a.D.words98" starttime="534.87" endtime="535.12">hundred</w>
   <w nite:id="ES2013a.D.words99" starttime="535.12" endtime="535.12" punc="true">,</w>
   <w nite:id="ES2013a.D.words100" starttime="535.12" endtime="535.4">fifty</w>
   <w nite:id="ES2013a.D.words101" starttime="535.4" endtime="536.62">percent</w>
   <w nite:id="ES2013a.D.words102" starttime="536.62" endtime="536.62" punc="true">.</w>
   <w nite:id="ES2013a.D.words103" starttime="538.24" endtime="538.65">And</w>
   <w nite:id="ES2013a.D.words104" starttime="538.65" endtime="538.86">and</w>
   <w nite:id="ES2013a.D.words105" starttime="538.86" endtime="538.97">your</w>
   <w nite:id="ES2013a.D.words106" starttime="538.97" endtime="539.36">question</w>
   <w nite:id="ES2013a.D.words107" starttime="539.36" endtime="539.63">is</w>
   <w nite:id="ES2013a.D.words108" starttime="539.63" endtime="539.81">how</w>
   <w nite:id="ES2013a.D.words109" starttime="539.81" endtime="540.04">many</w>
   <w nite:id="ES2013a.D.words110" starttime="540.04" endtime="540.11">do</w>
   <w nite:id="ES2013a.D.words111" starttime="540.11" endtime="540.21">we</w>
   <w nite:id="ES2013a.D.words112" starttime="540.21" endtime="540.35">have</w>
   <w nite:id="ES2013a.D.words113" starttime="540.35" endtime="540.45">to</w>
   <w nite:id="ES2013a.D.words114" starttime="540.45" endtime="540.73">sell</w>
   <w nite:id="ES2013a.D.words115" starttime="540.73" endtime="540.73" punc="true">?</w>
   <w nite:id="ES2013a.D.words116" starttime="551.08" endtime="551.25">At</w>
   <w nite:id="ES2013a.D.words117" starttime="551.25" endtime="551.7">twenty</w>
   <w nite:id="ES2013a.D.words118" starttime="551.7" endtime="551.92">five</w>
   <w nite:id="ES2013a.D.words119" starttime="551.92" endtime="551.92" punc="true">.</w>
   <w nite:id="ES2013a.D.words120" starttime="554.67" endtime="555.07">Mm-hmm</w>
   <w nite:id="ES2013a.D.words121" starttime="555.07" endtime="555.07" punc="true">.</w>
   <w nite:id="ES2013a.D.words122" starttime="556.78" endtime="557.08">Yeah</w>
   <w nite:id="ES2013a.D.words123" starttime="557.08" endtime="557.08" punc="true">,</w>
   <w nite:id="ES2013a.D.words124" starttime="557.08" endtime="557.92">that&#39;s</w>
   <w nite:id="ES2013a.D.words125" starttime="557.92" endtime="558.48">um</w>
   <disfmarker nite:id="ES2013a.D.words126" starttime="558.48" endtime="558.512"/>
   <w nite:id="ES2013a.D.words127" starttime="561.88" endtime="562.05">So</w>
   <w nite:id="ES2013a.D.words128" starttime="562.05" endtime="562.2">that&#39;s</w>
   <w nite:id="ES2013a.D.words129" starttime="562.2" endtime="562.52">four</w>
   <w nite:id="ES2013a.D.words130" starttime="562.52" endtime="562.9">million</w>
   <w nite:id="ES2013a.D.words131" starttime="562.9" endtime="563.04">of</w>
   <w nite:id="ES2013a.D.words132" starttime="563.04" endtime="563.28">them</w>
   <w nite:id="ES2013a.D.words133" starttime="563.28" endtime="563.28" punc="true">?</w>
   <w nite:id="ES2013a.D.words134" starttime="567.76" endtime="568.01">Yeah</w>
   <w nite:id="ES2013a.D.words135" starttime="568.01" endtime="568.01" punc="true">.</w>
   <w nite:id="ES2013a.D.words136" starttime="572.48" endtime="572.58">And</w>
   <w nite:id="ES2013a.D.words137" starttime="572.58" endtime="572.74">if</w>
   <w nite:id="ES2013a.D.words138" starttime="572.74" endtime="572.87">we</w>
   <w nite:id="ES2013a.D.words139" starttime="572.87" endtime="573.19">make</w>
   <disfmarker nite:id="ES2013a.D.words140" starttime="573.19" endtime="573.394"/>
   <w nite:id="ES2013a.D.words141" starttime="578.69" endtime="579.07">Mm-hmm</w>
   <w nite:id="ES2013a.D.words142" starttime="579.07" endtime="579.07" punc="true">.</w>
   <w nite:id="ES2013a.D.words143" starttime="584.12" endtime="584.29">Yeah</w>
   <w nite:id="ES2013a.D.words144" starttime="584.29" endtime="584.29" punc="true">.</w>
   <w nite:id="ES2013a.D.words145" starttime="586.79" endtime="587.04">Four</w>
   <w nite:id="ES2013a.D.words146" starttime="587.04" endtime="587.43">million</w>
   <w nite:id="ES2013a.D.words147" starttime="587.43" endtime="587.43" punc="true">.</w>
   <w nite:id="ES2013a.D.words148" starttime="592.1" endtime="592.24">Hmm</w>
   <w nite:id="ES2013a.D.words149" starttime="592.24" endtime="592.24" punc="true">.</w>
   <w nite:id="ES2013a.D.words150" starttime="610.73" endtime="611.09">Yeah</w>
   <w nite:id="ES2013a.D.words151" starttime="611.09" endtime="611.09" punc="true">.</w>
   <w nite:id="ES2013a.D.words152" starttime="639.93" endtime="640.35">Mm-hmm</w>
   <w nite:id="ES2013a.D.words153" starttime="640.35" endtime="640.35" punc="true">.</w>
   <w nite:id="ES2013a.D.words154" starttime="642.64" endtime="642.72" trunc="true">Y</w>
   <w nite:id="ES2013a.D.words155" starttime="642.72" endtime="643.05">yeah</w>
   <w nite:id="ES2013a.D.words156" starttime="643.05" endtime="643.05" punc="true">.</w>
   <vocalsound nite:id="ES2013a.D.words157" starttime="649.424" endtime="649.696" type="other"/>
   <w nite:id="ES2013a.D.words158" starttime="663.13" endtime="663.29">We</w>
   <w nite:id="ES2013a.D.words159" starttime="663.29" endtime="663.45">could</w>
   <w nite:id="ES2013a.D.words160" starttime="663.45" endtime="663.69">make</w>
   <w nite:id="ES2013a.D.words161" starttime="663.69" endtime="663.84">a</w>
   <w nite:id="ES2013a.D.words162" starttime="663.84" endtime="664.11">Hello</w>
   <w nite:id="ES2013a.D.words163" starttime="664.11" endtime="664.56">Kitty</w>
   <w nite:id="ES2013a.D.words164" starttime="665.56" endtime="665.99">themed</w>
   <w nite:id="ES2013a.D.words165" starttime="665.99" endtime="666.35">remote</w>
   <w nite:id="ES2013a.D.words166" starttime="666.35" endtime="666.35" punc="true">.</w>
   <w nite:id="ES2013a.D.words167" starttime="670.68" endtime="671.69">Yeah</w>
   <w nite:id="ES2013a.D.words168" starttime="671.69" endtime="671.69" punc="true">.</w>
   <w nite:id="ES2013a.D.words169" starttime="671.69" endtime="671.81">We</w>
   <w nite:id="ES2013a.D.words170" starttime="671.81" endtime="671.96">could</w>
   <w nite:id="ES2013a.D.words171" starttime="671.96" endtime="672.4">totally</w>
   <w nite:id="ES2013a.D.words172" starttime="672.4" endtime="672.65">go</w>
   <w nite:id="ES2013a.D.words173" starttime="672.65" endtime="672.86">for</w>
   <w nite:id="ES2013a.D.words174" starttime="672.86" endtime="674.07">the</w>
   <w nite:id="ES2013a.D.words175" starttime="674.07" endtime="674.98" mispronounced="true">Japan-a-mation</w>
   <w nite:id="ES2013a.D.words176" starttime="674.98" endtime="674.98" punc="true">.</w>
   <w nite:id="ES2013a.D.words177" starttime="674.98" endtime="675.33">Well</w>
   <w nite:id="ES2013a.D.words178" starttime="675.33" endtime="675.38">I</w>
   <w nite:id="ES2013a.D.words179" starttime="675.38" endtime="675.56">mean</w>
   <w nite:id="ES2013a.D.words180" starttime="675.56" endtime="675.78">there&#39;s</w>
   <w nite:id="ES2013a.D.words181" starttime="675.78" endtime="676.06">also</w>
   <w nite:id="ES2013a.D.words182" starttime="676.06" endtime="676.16">the</w>
   <w nite:id="ES2013a.D.words183" starttime="676.16" endtime="676.71">cachet</w>
   <w nite:id="ES2013a.D.words184" starttime="676.71" endtime="677.08">that</w>
   <w nite:id="ES2013a.D.words185" starttime="677.08" endtime="678.34">um</w>
   <w nite:id="ES2013a.D.words186" starttime="678.34" endtime="678.64">uh</w>
   <w nite:id="ES2013a.D.words187" starttime="678.64" endtime="679.01">the</w>
   <w nite:id="ES2013a.D.words188" starttime="679.01" endtime="679.5">Japanese</w>
   <w nite:id="ES2013a.D.words189" starttime="679.5" endtime="679.72">make</w>
   <w nite:id="ES2013a.D.words190" starttime="679.72" endtime="680.36">great</w>
   <vocalsound nite:id="ES2013a.D.words191" starttime="680.36" endtime="680.36" type="other"/>
   <w nite:id="ES2013a.D.words192" starttime="680.36" endtime="682.05">products</w>
   <w nite:id="ES2013a.D.words193" starttime="682.05" endtime="682.05" punc="true">.</w>
   <w nite:id="ES2013a.D.words194" starttime="682.05" endtime="683.33">Electrical</w>
   <disfmarker nite:id="ES2013a.D.words195" starttime="683.33" endtime="683.33"/>
   <w nite:id="ES2013a.D.words196" starttime="683.33" endtime="683.56">their</w>
   <w nite:id="ES2013a.D.words197" starttime="683.56" endtime="684.26">industrial</w>
   <w nite:id="ES2013a.D.words198" starttime="684.26" endtime="684.65">design</w>
   <w nite:id="ES2013a.D.words199" starttime="684.65" endtime="684.8">is</w>
   <w nite:id="ES2013a.D.words200" starttime="684.8" endtime="684.98">very</w>
   <w nite:id="ES2013a.D.words201" starttime="684.98" endtime="685.24">good</w>
   <w nite:id="ES2013a.D.words202" starttime="685.24" endtime="685.24" punc="true">.</w>
   <w nite:id="ES2013a.D.words203" starttime="700.31" endtime="700.61">Yeah</w>
   <w nite:id="ES2013a.D.words204" starttime="700.61" endtime="700.61" punc="true">.</w>
   <w nite:id="ES2013a.D.words205" starttime="706.45" endtime="707.61">Well</w>
   <w nite:id="ES2013a.D.words206" starttime="707.61" endtime="707.61" punc="true">,</w>
   <w nite:id="ES2013a.D.words207" starttime="707.61" endtime="707.81">that&#39;s</w>
   <w nite:id="ES2013a.D.words208" starttime="707.81" endtime="707.89">a</w>
   <w nite:id="ES2013a.D.words209" starttime="707.89" endtime="708.09">really</w>
   <w nite:id="ES2013a.D.words210" starttime="708.09" endtime="708.25">good</w>
   <w nite:id="ES2013a.D.words211" starttime="708.25" endtime="708.57">point</w>
   <w nite:id="ES2013a.D.words212" starttime="708.57" endtime="708.57" punc="true">,</w>
   <w nite:id="ES2013a.D.words213" starttime="708.57" endtime="708.83">because</w>
   <w nite:id="ES2013a.D.words214" starttime="708.83" endtime="708.88">I</w>
   <w nite:id="ES2013a.D.words215" starttime="708.88" endtime="709.2">think</w>
   <w nite:id="ES2013a.D.words216" starttime="709.2" endtime="709.41">one</w>
   <w nite:id="ES2013a.D.words217" starttime="709.41" endtime="709.53">of</w>
   <w nite:id="ES2013a.D.words218" starttime="709.53" endtime="709.7">the</w>
   <w nite:id="ES2013a.D.words219" starttime="709.7" endtime="710.09">things</w>
   <w nite:id="ES2013a.D.words220" starttime="710.09" endtime="710.91">that</w>
   <disfmarker nite:id="ES2013a.D.words221" starttime="710.91" endtime="710.91"/>
   <w nite:id="ES2013a.D.words222" starttime="710.91" endtime="711.32">being</w>
   <w nite:id="ES2013a.D.words223" starttime="711.32" endtime="711.84">somewhat</w>
   <w nite:id="ES2013a.D.words224" starttime="711.84" endtime="712.28">computer</w>
   <w nite:id="ES2013a.D.words225" starttime="712.28" endtime="713.19">literate</w>
   <w nite:id="ES2013a.D.words226" starttime="713.19" endtime="713.19" punc="true">,</w>
   <w nite:id="ES2013a.D.words227" starttime="713.19" endtime="713.3">we</w>
   <w nite:id="ES2013a.D.words228" starttime="713.3" endtime="713.61">tend</w>
   <w nite:id="ES2013a.D.words229" starttime="713.61" endtime="714.76">to</w>
   <w nite:id="ES2013a.D.words230" starttime="714.76" endtime="715.04">um</w>
   <w nite:id="ES2013a.D.words231" starttime="715.04" endtime="715.16">go</w>
   <w nite:id="ES2013a.D.words232" starttime="715.16" endtime="715.26">to</w>
   <w nite:id="ES2013a.D.words233" starttime="715.26" endtime="715.78">menus</w>
   <w nite:id="ES2013a.D.words234" starttime="715.78" endtime="715.91">and</w>
   <w nite:id="ES2013a.D.words235" starttime="715.91" endtime="716.06">then</w>
   <w nite:id="ES2013a.D.words236" starttime="716.06" endtime="716.35">make</w>
   <w nite:id="ES2013a.D.words237" starttime="716.35" endtime="717.06">choices</w>
   <w nite:id="ES2013a.D.words238" starttime="717.06" endtime="717.06" punc="true">,</w>
   <w nite:id="ES2013a.D.words239" starttime="717.06" endtime="717.12">you</w>
   <w nite:id="ES2013a.D.words240" starttime="717.12" endtime="717.33">know</w>
   <w nite:id="ES2013a.D.words241" starttime="717.33" endtime="717.33" punc="true">,</w>
   <w nite:id="ES2013a.D.words242" starttime="717.33" endtime="717.5">so</w>
   <w nite:id="ES2013a.D.words243" starttime="717.5" endtime="717.68">if</w>
   <w nite:id="ES2013a.D.words244" starttime="717.68" endtime="717.85">it&#39;s</w>
   <w nite:id="ES2013a.D.words245" starttime="717.85" endtime="717.99">like</w>
   <w nite:id="ES2013a.D.words246" starttime="717.99" endtime="718.28">an</w>
   <w nite:id="ES2013a.D.words247" starttime="718.28" endtime="718.61">uh</w>
   <w nite:id="ES2013a.D.words248" starttime="718.61" endtime="718.98">volume</w>
   <w nite:id="ES2013a.D.words249" starttime="718.98" endtime="719.95">button</w>
   <w nite:id="ES2013a.D.words250" starttime="719.95" endtime="719.95" punc="true">,</w>
   <w nite:id="ES2013a.D.words251" starttime="719.95" endtime="720.11">you</w>
   <w nite:id="ES2013a.D.words252" starttime="720.11" endtime="720.19">know</w>
   <w nite:id="ES2013a.D.words253" starttime="720.19" endtime="720.19" punc="true">,</w>
   <w nite:id="ES2013a.D.words254" starttime="720.19" endtime="720.31">you</w>
   <w nite:id="ES2013a.D.words255" starttime="720.31" endtime="720.44">can</w>
   <w nite:id="ES2013a.D.words256" starttime="720.44" endtime="720.6">go</w>
   <w nite:id="ES2013a.D.words257" starttime="720.6" endtime="720.7">in</w>
   <w nite:id="ES2013a.D.words258" starttime="720.7" endtime="720.79">and</w>
   <w nite:id="ES2013a.D.words259" starttime="720.79" endtime="720.93">say</w>
   <w nite:id="ES2013a.D.words260" starttime="720.93" endtime="721.28">mute</w>
   <w nite:id="ES2013a.D.words261" starttime="721.28" endtime="721.8">or</w>
   <w nite:id="ES2013a.D.words262" starttime="721.8" endtime="722.07">or</w>
   <w nite:id="ES2013a.D.words263" starttime="722.07" endtime="722.4">volume</w>
   <w nite:id="ES2013a.D.words264" starttime="722.4" endtime="722.4" punc="true">.</w>
   <w nite:id="ES2013a.D.words265" starttime="722.4" endtime="722.49">We</w>
   <w nite:id="ES2013a.D.words266" starttime="722.49" endtime="722.66">don&#39;t</w>
   <w nite:id="ES2013a.D.words267" starttime="722.66" endtime="722.93">need</w>
   <w nite:id="ES2013a.D.words268" starttime="722.93" endtime="723.05">to</w>
   <w nite:id="ES2013a.D.words269" starttime="723.05" endtime="723.94">have</w>
   <w nite:id="ES2013a.D.words270" starttime="723.94" endtime="724.18">like</w>
   <w nite:id="ES2013a.D.words271" starttime="724.18" endtime="724.33">the</w>
   <w nite:id="ES2013a.D.words272" starttime="724.33" endtime="724.46" trunc="true">l</w>
   <w nite:id="ES2013a.D.words273" starttime="724.46" endtime="724.63">the</w>
   <w nite:id="ES2013a.D.words274" starttime="724.63" endtime="725.66">numbers</w>
   <w nite:id="ES2013a.D.words275" starttime="725.66" endtime="725.81">if</w>
   <w nite:id="ES2013a.D.words276" starttime="725.81" endtime="725.89">we</w>
   <w nite:id="ES2013a.D.words277" starttime="725.89" endtime="726.14">also</w>
   <w nite:id="ES2013a.D.words278" starttime="726.14" endtime="726.52">have</w>
   <w nite:id="ES2013a.D.words279" starttime="726.52" endtime="727.29">uh</w>
   <w nite:id="ES2013a.D.words280" starttime="727.29" endtime="727.37">uh</w>
   <w nite:id="ES2013a.D.words281" starttime="727.37" endtime="727.77">channel</w>
   <w nite:id="ES2013a.D.words282" starttime="727.77" endtime="727.89">up</w>
   <w nite:id="ES2013a.D.words283" starttime="727.89" endtime="728.21">channel</w>
   <w nite:id="ES2013a.D.words284" starttime="728.21" endtime="728.52">down</w>
   <w nite:id="ES2013a.D.words285" starttime="728.52" endtime="728.52" punc="true">.</w>
   <w nite:id="ES2013a.D.words286" starttime="731.14" endtime="731.86">Mm</w>
   <w nite:id="ES2013a.D.words287" starttime="731.86" endtime="731.86" punc="true">.</w>
   <w nite:id="ES2013a.D.words288" starttime="731.86" endtime="731.94">We</w>
   <w nite:id="ES2013a.D.words289" starttime="731.94" endtime="732.09">can</w>
   <w nite:id="ES2013a.D.words290" starttime="732.09" endtime="732.25">make</w>
   <w nite:id="ES2013a.D.words291" starttime="732.25" endtime="732.38">it</w>
   <w nite:id="ES2013a.D.words292" starttime="732.38" endtime="732.84">smart</w>
   <w nite:id="ES2013a.D.words293" starttime="732.84" endtime="733.05">like</w>
   <w nite:id="ES2013a.D.words294" starttime="733.05" endtime="733.16">an</w>
   <w nite:id="ES2013a.D.words295" starttime="733.16" endtime="734.14">iPod</w>
   <w nite:id="ES2013a.D.words296" starttime="734.14" endtime="734.14" punc="true">,</w>
   <w nite:id="ES2013a.D.words297" starttime="734.14" endtime="734.33">you</w>
   <w nite:id="ES2013a.D.words298" starttime="734.33" endtime="734.44">know</w>
   <w nite:id="ES2013a.D.words299" starttime="734.44" endtime="734.44" punc="true">,</w>
   <w nite:id="ES2013a.D.words300" starttime="734.44" endtime="734.63">make</w>
   <w nite:id="ES2013a.D.words301" starttime="734.63" endtime="734.95">everything</w>
   <w nite:id="ES2013a.D.words302" starttime="734.95" endtime="735.72">menus</w>
   <w nite:id="ES2013a.D.words303" starttime="735.72" endtime="735.72" punc="true">.</w>
   <w nite:id="ES2013a.D.words304" starttime="819.14" endtime="819.41">Okay</w>
   <w nite:id="ES2013a.D.words305" starttime="819.41" endtime="819.41" punc="true">.</w>
</nite:root>