<?xml version="1.0" encoding="ISO-8859-1" standalone="yes"?>
<nite:root nite:id="ES2013a.C.words" xmlns:nite="http://nite.sourceforge.net/">
   <vocalsound nite:id="ES2013a.C.words0" starttime="217.836" endtime="218.904" type="laugh"/>
   <vocalsound nite:id="ES2013a.C.words1" starttime="230.192" endtime="230.192" type="laugh"/>
   <w nite:id="ES2013a.C.words2" starttime="231.22" endtime="231.32">Are</w>
   <w nite:id="ES2013a.C.words3" starttime="231.32" endtime="231.41">we</w>
   <w nite:id="ES2013a.C.words4" starttime="231.41" endtime="231.63">all</w>
   <w nite:id="ES2013a.C.words5" starttime="231.63" endtime="231.84">gonna</w>
   <w nite:id="ES2013a.C.words6" starttime="231.84" endtime="232.05">draw</w>
   <w nite:id="ES2013a.C.words7" starttime="232.05" endtime="232.14">a</w>
   <w nite:id="ES2013a.C.words8" starttime="232.14" endtime="232.44">cat</w>
   <w nite:id="ES2013a.C.words9" starttime="232.44" endtime="232.44" punc="true">?</w>
   <vocalsound nite:id="ES2013a.C.words10" starttime="242.454" endtime="243.44" type="laugh"/>
   <w nite:id="ES2013a.C.words11" starttime="300.84" endtime="301.05">That&#39;s</w>
   <w nite:id="ES2013a.C.words12" starttime="301.05" endtime="301.24">not</w>
   <w nite:id="ES2013a.C.words13" starttime="301.24" endtime="301.29">a</w>
   <w nite:id="ES2013a.C.words14" starttime="301.29" endtime="301.7" mispronounced="true">mouse-y</w>
   <w nite:id="ES2013a.C.words15" starttime="301.7" endtime="301.7" punc="true">,</w>
   <w nite:id="ES2013a.C.words16" starttime="301.7" endtime="302.0">no</w>
   <w nite:id="ES2013a.C.words17" starttime="302.0" endtime="302.0" punc="true">.</w>
   <w nite:id="ES2013a.C.words18" starttime="315.59" endtime="315.71">It&#39;s</w>
   <w nite:id="ES2013a.C.words19" starttime="315.71" endtime="315.79">a</w>
   <w nite:id="ES2013a.C.words20" starttime="315.79" endtime="316.45">ratty</w>
   <w nite:id="ES2013a.C.words21" starttime="316.45" endtime="316.45" punc="true">.</w>
   <w nite:id="ES2013a.C.words22" starttime="318.4" endtime="318.46">A</w>
   <w nite:id="ES2013a.C.words23" starttime="318.46" endtime="319.23">ratty</w>
   <w nite:id="ES2013a.C.words24" starttime="319.23" endtime="319.23" punc="true">.</w>
   <vocalsound nite:id="ES2013a.C.words25" starttime="322.303" endtime="322.303" type="laugh"/>
   <w nite:id="ES2013a.C.words26" starttime="322.57" endtime="322.81">It&#39;s</w>
   <w nite:id="ES2013a.C.words27" starttime="322.81" endtime="323.55">clothes</w>
   <w nite:id="ES2013a.C.words28" starttime="323.55" endtime="323.55" punc="true">.</w>
   <w nite:id="ES2013a.C.words29" starttime="323.55" endtime="323.69">That&#39;s</w>
   <w nite:id="ES2013a.C.words30" starttime="323.69" endtime="323.82">it&#39;s</w>
   <w nite:id="ES2013a.C.words31" starttime="323.82" endtime="324.77">clothes</w>
   <w nite:id="ES2013a.C.words32" starttime="324.77" endtime="324.77" punc="true">.</w>
   <vocalsound nite:id="ES2013a.C.words33" starttime="324.77" endtime="325.07" type="laugh"/>
   <w nite:id="ES2013a.C.words34" starttime="326.21" endtime="326.3">It&#39;s</w>
   <w nite:id="ES2013a.C.words35" starttime="326.3" endtime="326.41">a</w>
   <w nite:id="ES2013a.C.words36" starttime="326.41" endtime="326.71">ratty</w>
   <w nite:id="ES2013a.C.words37" starttime="326.71" endtime="326.85">with</w>
   <w nite:id="ES2013a.C.words38" starttime="326.85" endtime="326.99">a</w>
   <w nite:id="ES2013a.C.words39" starttime="326.99" endtime="327.19">with</w>
   <w nite:id="ES2013a.C.words40" starttime="327.19" endtime="327.34">a</w>
   <w nite:id="ES2013a.C.words41" starttime="327.34" endtime="327.48">with</w>
   <w nite:id="ES2013a.C.words42" starttime="327.48" endtime="327.52">a</w>
   <w nite:id="ES2013a.C.words43" starttime="327.52" endtime="327.74">very</w>
   <w nite:id="ES2013a.C.words44" starttime="327.74" endtime="327.91">long</w>
   <w nite:id="ES2013a.C.words45" starttime="327.91" endtime="328.2">tail</w>
   <w nite:id="ES2013a.C.words46" starttime="328.2" endtime="328.2" punc="true">.</w>
   <w nite:id="ES2013a.C.words47" starttime="331.6" endtime="331.69">I</w>
   <w nite:id="ES2013a.C.words48" starttime="331.69" endtime="331.9">love</w>
   <w nite:id="ES2013a.C.words49" starttime="331.9" endtime="332.69">whiskers</w>
   <w nite:id="ES2013a.C.words50" starttime="332.69" endtime="332.69" punc="true">.</w>
   <w nite:id="ES2013a.C.words51" starttime="334.18" endtime="334.92">Uh</w>
   <w nite:id="ES2013a.C.words52" starttime="334.92" endtime="335.14">they&#39;re</w>
   <w nite:id="ES2013a.C.words53" starttime="335.14" endtime="335.8">intelligent</w>
   <w nite:id="ES2013a.C.words54" starttime="335.8" endtime="336.11">and</w>
   <w nite:id="ES2013a.C.words55" starttime="336.11" endtime="336.31">they&#39;re</w>
   <w nite:id="ES2013a.C.words56" starttime="336.31" endtime="337.6">cheeky</w>
   <vocalsound nite:id="ES2013a.C.words57" starttime="337.6" endtime="337.6" type="other"/>
   <w nite:id="ES2013a.C.words58" starttime="337.6" endtime="338.57">and</w>
   <w nite:id="ES2013a.C.words59" starttime="340.16" endtime="340.37">uh</w>
   <w nite:id="ES2013a.C.words60" starttime="340.37" endtime="340.93">fantastic</w>
   <w nite:id="ES2013a.C.words61" starttime="340.93" endtime="341.85">pets</w>
   <w nite:id="ES2013a.C.words62" starttime="341.85" endtime="341.96">and</w>
   <w nite:id="ES2013a.C.words63" starttime="341.96" endtime="342.14">very</w>
   <w nite:id="ES2013a.C.words64" starttime="342.14" endtime="344.07">friendly</w>
   <w nite:id="ES2013a.C.words65" starttime="344.07" endtime="344.07" punc="true">.</w>
   <w nite:id="ES2013a.C.words66" starttime="344.07" endtime="344.39">And</w>
   <w nite:id="ES2013a.C.words67" starttime="344.39" endtime="344.46">they</w>
   <w nite:id="ES2013a.C.words68" starttime="344.46" endtime="344.65">sit</w>
   <w nite:id="ES2013a.C.words69" starttime="344.65" endtime="344.77">on</w>
   <w nite:id="ES2013a.C.words70" starttime="344.77" endtime="344.87">your</w>
   <w nite:id="ES2013a.C.words71" starttime="344.87" endtime="345.38">shoulder</w>
   <w nite:id="ES2013a.C.words72" starttime="345.38" endtime="345.81">and</w>
   <w nite:id="ES2013a.C.words73" starttime="345.81" endtime="346.05">whisper</w>
   <w nite:id="ES2013a.C.words74" starttime="346.05" endtime="346.14">the</w>
   <w nite:id="ES2013a.C.words75" starttime="346.14" endtime="346.46">answers</w>
   <w nite:id="ES2013a.C.words76" starttime="346.46" endtime="346.56">to</w>
   <w nite:id="ES2013a.C.words77" starttime="346.56" endtime="346.65">your</w>
   <w nite:id="ES2013a.C.words78" starttime="346.65" endtime="347.14">homework</w>
   <w nite:id="ES2013a.C.words79" starttime="347.14" endtime="347.28">in</w>
   <w nite:id="ES2013a.C.words80" starttime="347.28" endtime="347.44">your</w>
   <w nite:id="ES2013a.C.words81" starttime="347.44" endtime="347.84">ear</w>
   <w nite:id="ES2013a.C.words82" starttime="347.84" endtime="347.98">when</w>
   <w nite:id="ES2013a.C.words83" starttime="347.98" endtime="348.09">you&#39;re</w>
   <w nite:id="ES2013a.C.words84" starttime="348.09" endtime="348.32">doing</w>
   <w nite:id="ES2013a.C.words85" starttime="348.32" endtime="348.42">your</w>
   <w nite:id="ES2013a.C.words86" starttime="348.42" endtime="349.04">homework</w>
   <w nite:id="ES2013a.C.words87" starttime="349.04" endtime="349.04" punc="true">.</w>
   <w nite:id="ES2013a.C.words88" starttime="381.89" endtime="381.98">A</w>
   <w nite:id="ES2013a.C.words89" starttime="381.98" endtime="382.51">shark</w>
   <w nite:id="ES2013a.C.words90" starttime="382.51" endtime="382.51" punc="true">?</w>
   <w nite:id="ES2013a.C.words91" starttime="631.14" endtime="631.29">It</w>
   <w nite:id="ES2013a.C.words92" starttime="631.29" endtime="631.64">is</w>
   <w nite:id="ES2013a.C.words93" starttime="631.64" endtime="631.95">true</w>
   <w nite:id="ES2013a.C.words94" starttime="631.95" endtime="632.13">that</w>
   <w nite:id="ES2013a.C.words95" starttime="632.13" endtime="632.31">you</w>
   <w nite:id="ES2013a.C.words96" starttime="632.31" endtime="632.7">always</w>
   <w nite:id="ES2013a.C.words97" starttime="632.7" endtime="633.38">sit</w>
   <w nite:id="ES2013a.C.words98" starttime="633.38" endtime="633.69">around</w>
   <disfmarker nite:id="ES2013a.C.words99" starttime="633.69" endtime="633.69"/>
   <w nite:id="ES2013a.C.words100" starttime="633.69" endtime="633.81">you</w>
   <w nite:id="ES2013a.C.words101" starttime="633.81" endtime="633.92">know</w>
   <w nite:id="ES2013a.C.words102" starttime="633.92" endtime="633.92" punc="true">,</w>
   <w nite:id="ES2013a.C.words103" starttime="633.92" endtime="634.04">you&#39;re</w>
   <w nite:id="ES2013a.C.words104" starttime="634.04" endtime="634.3">sitting</w>
   <w nite:id="ES2013a.C.words105" starttime="634.3" endtime="634.42">on</w>
   <w nite:id="ES2013a.C.words106" starttime="634.42" endtime="634.53">your</w>
   <w nite:id="ES2013a.C.words107" starttime="634.53" endtime="635.24">sofa</w>
   <w nite:id="ES2013a.C.words108" starttime="635.24" endtime="635.42">and</w>
   <w nite:id="ES2013a.C.words109" starttime="635.42" endtime="635.51">you</w>
   <w nite:id="ES2013a.C.words110" starttime="635.51" endtime="635.72">wanna</w>
   <w nite:id="ES2013a.C.words111" starttime="635.72" endtime="636.01">change</w>
   <w nite:id="ES2013a.C.words112" starttime="636.01" endtime="636.45">something</w>
   <w nite:id="ES2013a.C.words113" starttime="636.45" endtime="636.45" punc="true">,</w>
   <w nite:id="ES2013a.C.words114" starttime="636.45" endtime="636.68">there&#39;s</w>
   <w nite:id="ES2013a.C.words115" starttime="636.68" endtime="637.04">five</w>
   <w nite:id="ES2013a.C.words116" starttime="637.04" endtime="637.33">different</w>
   <w nite:id="ES2013a.C.words117" starttime="637.33" endtime="637.77">remotes</w>
   <w nite:id="ES2013a.C.words118" starttime="637.77" endtime="637.77" punc="true">,</w>
   <w nite:id="ES2013a.C.words119" starttime="637.77" endtime="637.88">and</w>
   <w nite:id="ES2013a.C.words120" starttime="637.88" endtime="638.08">one</w>
   <w nite:id="ES2013a.C.words121" starttime="638.08" endtime="638.22">for</w>
   <w nite:id="ES2013a.C.words122" starttime="638.22" endtime="638.34">the</w>
   <w nite:id="ES2013a.C.words123" starttime="638.34" endtime="638.76">D_V_D_</w>
   <w nite:id="ES2013a.C.words124" starttime="638.76" endtime="638.87">and</w>
   <w nite:id="ES2013a.C.words125" starttime="638.87" endtime="639.0">one</w>
   <w nite:id="ES2013a.C.words126" starttime="639.0" endtime="639.08">for</w>
   <w nite:id="ES2013a.C.words127" starttime="639.08" endtime="639.17">the</w>
   <w nite:id="ES2013a.C.words128" starttime="639.17" endtime="639.64">video</w>
   <w nite:id="ES2013a.C.words129" starttime="639.64" endtime="639.77">and</w>
   <w nite:id="ES2013a.C.words130" starttime="639.77" endtime="640.02">one</w>
   <w nite:id="ES2013a.C.words131" starttime="640.02" endtime="640.55">for</w>
   <w nite:id="ES2013a.C.words132" starttime="640.55" endtime="641.15">cable</w>
   <w nite:id="ES2013a.C.words133" starttime="641.15" endtime="641.45">and</w>
   <w nite:id="ES2013a.C.words134" starttime="641.45" endtime="641.64">one</w>
   <w nite:id="ES2013a.C.words135" starttime="641.64" endtime="643.07">for</w>
   <w nite:id="ES2013a.C.words136" starttime="643.07" endtime="643.37">whatever</w>
   <w nite:id="ES2013a.C.words137" starttime="643.37" endtime="643.63">else</w>
   <w nite:id="ES2013a.C.words138" starttime="643.63" endtime="643.63" punc="true">.</w>
   <w nite:id="ES2013a.C.words139" starttime="643.63" endtime="643.76">But</w>
   <w nite:id="ES2013a.C.words140" starttime="643.76" endtime="643.79">I</w>
   <w nite:id="ES2013a.C.words141" starttime="643.79" endtime="644.15">presume</w>
   <w nite:id="ES2013a.C.words142" starttime="644.15" endtime="644.36">this</w>
   <w nite:id="ES2013a.C.words143" starttime="644.36" endtime="644.57">is</w>
   <w nite:id="ES2013a.C.words144" starttime="644.57" endtime="644.87" trunc="true">t</w>
   <w nite:id="ES2013a.C.words145" starttime="644.87" endtime="645.04">I</w>
   <w nite:id="ES2013a.C.words146" starttime="645.04" endtime="645.32">presume</w>
   <w nite:id="ES2013a.C.words147" starttime="645.32" endtime="645.52">this</w>
   <w nite:id="ES2013a.C.words148" starttime="645.52" endtime="646.08">is</w>
   <w nite:id="ES2013a.C.words149" starttime="646.08" endtime="646.43">just</w>
   <w nite:id="ES2013a.C.words150" starttime="646.43" endtime="646.57">for</w>
   <w nite:id="ES2013a.C.words151" starttime="646.57" endtime="647.32">television</w>
   <w nite:id="ES2013a.C.words152" starttime="647.32" endtime="647.32" punc="true">.</w>
   <w nite:id="ES2013a.C.words153" starttime="668.63" endtime="668.79">I</w>
   <w nite:id="ES2013a.C.words154" starttime="668.79" endtime="668.91">think</w>
   <w nite:id="ES2013a.C.words155" starttime="668.91" endtime="669.06">one</w>
   <w nite:id="ES2013a.C.words156" starttime="669.06" endtime="669.17">in</w>
   <w nite:id="ES2013a.C.words157" starttime="669.17" endtime="669.39" trunc="true">b</w>
   <w nite:id="ES2013a.C.words158" starttime="669.39" endtime="669.67">bright</w>
   <w nite:id="ES2013a.C.words159" starttime="669.67" endtime="670.15">colours</w>
   <w nite:id="ES2013a.C.words160" starttime="670.15" endtime="670.35">would</w>
   <w nite:id="ES2013a.C.words161" starttime="670.35" endtime="670.48">be</w>
   <w nite:id="ES2013a.C.words162" starttime="670.48" endtime="671.28">good</w>
   <w nite:id="ES2013a.C.words163" starttime="671.28" endtime="671.28" punc="true">.</w>
   <vocalsound nite:id="ES2013a.C.words164" starttime="671.28" endtime="671.584" type="other"/>
   <w nite:id="ES2013a.C.words165" starttime="685.64" endtime="685.73">I</w>
   <w nite:id="ES2013a.C.words166" starttime="685.73" endtime="686.29">think</w>
   <w nite:id="ES2013a.C.words167" starttime="686.29" endtime="686.63">one</w>
   <w nite:id="ES2013a.C.words168" starttime="686.63" endtime="686.8">that</w>
   <w nite:id="ES2013a.C.words169" starttime="686.8" endtime="687.23">doesn&#39;t</w>
   <w nite:id="ES2013a.C.words170" starttime="687.23" endtime="687.35">have</w>
   <w nite:id="ES2013a.C.words171" starttime="687.35" endtime="687.65">lots</w>
   <w nite:id="ES2013a.C.words172" starttime="687.65" endtime="687.87">of</w>
   <w nite:id="ES2013a.C.words173" starttime="687.87" endtime="689.32">superfluous</w>
   <w nite:id="ES2013a.C.words174" starttime="689.32" endtime="690.12">functions</w>
   <w nite:id="ES2013a.C.words175" starttime="690.12" endtime="690.12" punc="true">.</w>
   <w nite:id="ES2013a.C.words176" starttime="690.12" endtime="690.34">Like</w>
   <w nite:id="ES2013a.C.words177" starttime="690.34" endtime="690.51">I&#39;ve</w>
   <w nite:id="ES2013a.C.words178" starttime="690.51" endtime="690.68">got</w>
   <w nite:id="ES2013a.C.words179" starttime="690.68" endtime="690.88">one</w>
   <w nite:id="ES2013a.C.words180" starttime="690.88" endtime="690.99">at</w>
   <w nite:id="ES2013a.C.words181" starttime="690.99" endtime="691.82">home</w>
   <w nite:id="ES2013a.C.words182" starttime="691.82" endtime="692.04">that</w>
   <w nite:id="ES2013a.C.words183" starttime="692.04" endtime="692.61">has</w>
   <w nite:id="ES2013a.C.words184" starttime="694.41" endtime="694.59">well</w>
   <w nite:id="ES2013a.C.words185" starttime="694.59" endtime="694.59" punc="true">,</w>
   <w nite:id="ES2013a.C.words186" starttime="694.59" endtime="694.88">apart</w>
   <w nite:id="ES2013a.C.words187" starttime="694.88" endtime="695.02">from</w>
   <w nite:id="ES2013a.C.words188" starttime="695.02" endtime="695.16">the</w>
   <w nite:id="ES2013a.C.words189" starttime="695.16" endtime="695.71">obvious</w>
   <w nite:id="ES2013a.C.words190" starttime="695.71" endtime="695.71" punc="true">,</w>
   <w nite:id="ES2013a.C.words191" starttime="695.71" endtime="696.29">channels</w>
   <w nite:id="ES2013a.C.words192" starttime="696.29" endtime="696.29" punc="true">,</w>
   <w nite:id="ES2013a.C.words193" starttime="696.29" endtime="696.69">channel</w>
   <w nite:id="ES2013a.C.words194" starttime="696.69" endtime="696.81">up</w>
   <w nite:id="ES2013a.C.words195" starttime="696.81" endtime="696.81" punc="true">,</w>
   <w nite:id="ES2013a.C.words196" starttime="696.81" endtime="697.16">channel</w>
   <w nite:id="ES2013a.C.words197" starttime="697.16" endtime="697.41">down</w>
   <w nite:id="ES2013a.C.words198" starttime="697.41" endtime="697.41" punc="true">,</w>
   <w nite:id="ES2013a.C.words199" starttime="697.41" endtime="698.09">volume</w>
   <w nite:id="ES2013a.C.words200" starttime="698.09" endtime="698.09" punc="true">,</w>
   <w nite:id="ES2013a.C.words201" starttime="701.01" endtime="701.13">you</w>
   <w nite:id="ES2013a.C.words202" starttime="701.13" endtime="701.46">know</w>
   <w nite:id="ES2013a.C.words203" starttime="701.46" endtime="701.46" punc="true">,</w>
   <w nite:id="ES2013a.C.words204" starttime="701.46" endtime="702.28">subtitles</w>
   <w nite:id="ES2013a.C.words205" starttime="702.28" endtime="702.28" punc="true">,</w>
   <w nite:id="ES2013a.C.words206" starttime="702.28" endtime="703.47">mute</w>
   <w nite:id="ES2013a.C.words207" starttime="703.47" endtime="703.47" punc="true">,</w>
   <w nite:id="ES2013a.C.words208" starttime="703.47" endtime="703.69">there&#39;s</w>
   <w nite:id="ES2013a.C.words209" starttime="703.69" endtime="703.84">a</w>
   <w nite:id="ES2013a.C.words210" starttime="703.84" endtime="704.08">lotta</w>
   <w nite:id="ES2013a.C.words211" starttime="704.08" endtime="704.45">buttons</w>
   <w nite:id="ES2013a.C.words212" starttime="704.45" endtime="704.55">that</w>
   <w nite:id="ES2013a.C.words213" starttime="704.55" endtime="704.7">I&#39;ve</w>
   <w nite:id="ES2013a.C.words214" starttime="704.7" endtime="704.85">got</w>
   <w nite:id="ES2013a.C.words215" starttime="704.85" endtime="705.06">no</w>
   <w nite:id="ES2013a.C.words216" starttime="705.06" endtime="705.34">idea</w>
   <w nite:id="ES2013a.C.words217" starttime="705.34" endtime="705.51">what</w>
   <w nite:id="ES2013a.C.words218" starttime="705.51" endtime="705.61">they</w>
   <w nite:id="ES2013a.C.words219" starttime="705.61" endtime="706.41">do</w>
   <w nite:id="ES2013a.C.words220" starttime="706.41" endtime="706.41" punc="true">,</w>
   <w nite:id="ES2013a.C.words221" starttime="706.41" endtime="707.12">like</w>
   <vocalsound nite:id="ES2013a.C.words222" starttime="707.12" endtime="707.12" type="laugh"/>
   <w nite:id="ES2013a.C.words223" starttime="707.12" endtime="707.12" punc="true">.</w>
   <w nite:id="ES2013a.C.words224" starttime="727.16" endtime="727.58">Mm</w>
   <w nite:id="ES2013a.C.words225" starttime="727.58" endtime="727.58" punc="true">.</w>
   <w nite:id="ES2013a.C.words226" starttime="743.47" endtime="743.74">Ooh</w>
   <w nite:id="ES2013a.C.words227" starttime="743.74" endtime="743.74" punc="true">,</w>
   <w nite:id="ES2013a.C.words228" starttime="743.74" endtime="744.2">closing</w>
   <w nite:id="ES2013a.C.words229" starttime="744.2" endtime="744.29">the</w>
   <w nite:id="ES2013a.C.words230" starttime="744.29" endtime="744.65">meeting</w>
   <w nite:id="ES2013a.C.words231" starttime="744.65" endtime="744.65" punc="true">.</w>
   <w nite:id="ES2013a.C.words232" starttime="747.19" endtime="747.51">That</w>
   <w nite:id="ES2013a.C.words233" starttime="747.51" endtime="747.67">was</w>
   <w nite:id="ES2013a.C.words234" starttime="747.67" endtime="747.99">quick</w>
   <w nite:id="ES2013a.C.words235" starttime="747.99" endtime="747.99" punc="true">.</w>
   <w nite:id="ES2013a.C.words236" starttime="803.93" endtime="804.14">Mm-hmm</w>
   <w nite:id="ES2013a.C.words237" starttime="804.14" endtime="804.14" punc="true">.</w>
</nite:root>