<?xml version="1.0" encoding="ISO-8859-1" standalone="yes"?>
<nite:root nite:id="ES2013a.B.words" xmlns:nite="http://nite.sourceforge.net/">
   <w nite:id="ES2013a.B.words0" starttime="188.01" endtime="188.04">Uh</w>
   <w nite:id="ES2013a.B.words1" starttime="188.04" endtime="188.25">yeah</w>
   <w nite:id="ES2013a.B.words2" starttime="188.25" endtime="188.25" punc="true">,</w>
   <w nite:id="ES2013a.B.words3" starttime="188.25" endtime="188.44">if</w>
   <w nite:id="ES2013a.B.words4" starttime="188.44" endtime="188.53">I</w>
   <w nite:id="ES2013a.B.words5" starttime="188.53" endtime="189.52">can</w>
   <w nite:id="ES2013a.B.words6" starttime="189.52" endtime="189.67">pick</w>
   <w nite:id="ES2013a.B.words7" starttime="189.67" endtime="189.78">up</w>
   <w nite:id="ES2013a.B.words8" starttime="189.78" endtime="189.93">with</w>
   <w nite:id="ES2013a.B.words9" starttime="189.93" endtime="190.08">all</w>
   <w nite:id="ES2013a.B.words10" starttime="190.08" endtime="190.28">these</w>
   <w nite:id="ES2013a.B.words11" starttime="190.28" endtime="190.47">bits</w>
   <w nite:id="ES2013a.B.words12" starttime="190.47" endtime="190.59">and</w>
   <w nite:id="ES2013a.B.words13" starttime="190.59" endtime="190.98">pieces</w>
   <w nite:id="ES2013a.B.words14" starttime="190.98" endtime="190.98" punc="true">,</w>
   <w nite:id="ES2013a.B.words15" starttime="190.98" endtime="191.15">hang</w>
   <w nite:id="ES2013a.B.words16" starttime="191.15" endtime="191.37">on</w>
   <w nite:id="ES2013a.B.words17" starttime="191.37" endtime="191.37" punc="true">.</w>
   <w nite:id="ES2013a.B.words18" starttime="208.55" endtime="209.17">Uh</w>
   <w nite:id="ES2013a.B.words19" starttime="209.17" endtime="209.43">right</w>
   <w nite:id="ES2013a.B.words20" starttime="209.43" endtime="209.43" punc="true">,</w>
   <w nite:id="ES2013a.B.words21" starttime="209.43" endtime="209.58">so</w>
   <w nite:id="ES2013a.B.words22" starttime="209.58" endtime="209.67">you</w>
   <w nite:id="ES2013a.B.words23" starttime="209.67" endtime="209.79">want</w>
   <w nite:id="ES2013a.B.words24" starttime="209.79" endtime="209.96">an</w>
   <w nite:id="ES2013a.B.words25" starttime="209.96" endtime="210.45">animal</w>
   <w nite:id="ES2013a.B.words26" starttime="210.45" endtime="210.67">and</w>
   <w nite:id="ES2013a.B.words27" starttime="210.67" endtime="211.78">the</w>
   <w nite:id="ES2013a.B.words28" starttime="211.78" endtime="212.56">characteristics</w>
   <w nite:id="ES2013a.B.words29" starttime="212.56" endtime="212.69">of</w>
   <w nite:id="ES2013a.B.words30" starttime="212.69" endtime="212.9">that</w>
   <w nite:id="ES2013a.B.words31" starttime="212.9" endtime="215.79">animal</w>
   <w nite:id="ES2013a.B.words32" starttime="215.79" endtime="215.79" punc="true">.</w>
   <vocalsound nite:id="ES2013a.B.words33" starttime="215.79" endtime="215.79" type="laugh"/>
   <w nite:id="ES2013a.B.words34" starttime="215.79" endtime="215.86">Do</w>
   <w nite:id="ES2013a.B.words35" starttime="215.86" endtime="215.97">you</w>
   <w nite:id="ES2013a.B.words36" starttime="215.97" endtime="216.1">have</w>
   <w nite:id="ES2013a.B.words37" starttime="216.1" endtime="216.17">to</w>
   <w nite:id="ES2013a.B.words38" starttime="216.17" endtime="216.25">be</w>
   <w nite:id="ES2013a.B.words39" starttime="216.25" endtime="216.36">able</w>
   <w nite:id="ES2013a.B.words40" starttime="216.36" endtime="216.45">to</w>
   <w nite:id="ES2013a.B.words41" starttime="216.45" endtime="216.93">recognise</w>
   <w nite:id="ES2013a.B.words42" starttime="216.93" endtime="217.06">what</w>
   <w nite:id="ES2013a.B.words43" starttime="217.06" endtime="217.32">animal</w>
   <w nite:id="ES2013a.B.words44" starttime="217.32" endtime="217.42">it</w>
   <w nite:id="ES2013a.B.words45" starttime="217.42" endtime="222.3">is</w>
   <w nite:id="ES2013a.B.words46" starttime="222.3" endtime="222.3" punc="true">?</w>
   <vocalsound nite:id="ES2013a.B.words47" starttime="222.3" endtime="222.3" type="laugh"/>
   <w nite:id="ES2013a.B.words48" starttime="222.3" endtime="223.12">Um</w>
   <disfmarker nite:id="ES2013a.B.words49" starttime="223.12" endtime="223.328"/>
   <vocalsound nite:id="ES2013a.B.words50" starttime="232.384" endtime="232.384" type="laugh"/>
   <w nite:id="ES2013a.B.words51" starttime="233.77" endtime="233.96">Only</w>
   <w nite:id="ES2013a.B.words52" starttime="233.96" endtime="234.4">animal</w>
   <w nite:id="ES2013a.B.words53" starttime="234.4" endtime="234.44">I</w>
   <w nite:id="ES2013a.B.words54" starttime="234.44" endtime="234.58">could</w>
   <w nite:id="ES2013a.B.words55" starttime="234.58" endtime="234.81" trunc="true">thin</w>
   <w nite:id="ES2013a.B.words56" starttime="234.81" endtime="234.9">I</w>
   <w nite:id="ES2013a.B.words57" starttime="234.9" endtime="235.07">could</w>
   <w nite:id="ES2013a.B.words58" starttime="235.07" endtime="236.87">draw</w>
   <vocalsound nite:id="ES2013a.B.words59" starttime="236.87" endtime="236.87" type="laugh"/>
   <w nite:id="ES2013a.B.words60" starttime="236.87" endtime="236.87" punc="true">.</w>
   <w nite:id="ES2013a.B.words61" starttime="242.26" endtime="242.42">Its</w>
   <w nite:id="ES2013a.B.words62" starttime="242.42" endtime="242.46">a</w>
   <w nite:id="ES2013a.B.words63" starttime="242.46" endtime="242.63">sort</w>
   <w nite:id="ES2013a.B.words64" starttime="242.63" endtime="242.78">of</w>
   <w nite:id="ES2013a.B.words65" starttime="242.78" endtime="243.01">bunny</w>
   <w nite:id="ES2013a.B.words66" starttime="243.01" endtime="243.29">rabbit</w>
   <w nite:id="ES2013a.B.words67" starttime="243.29" endtime="245.44">cat</w>
   <w nite:id="ES2013a.B.words68" starttime="245.44" endtime="245.44" punc="true">.</w>
   <vocalsound nite:id="ES2013a.B.words69" starttime="245.44" endtime="245.44" type="laugh"/>
   <w nite:id="ES2013a.B.words70" starttime="245.44" endtime="245.53">You</w>
   <w nite:id="ES2013a.B.words71" starttime="245.53" endtime="245.65">can</w>
   <w nite:id="ES2013a.B.words72" starttime="245.65" endtime="245.83">tell</w>
   <w nite:id="ES2013a.B.words73" starttime="245.83" endtime="245.96">it&#39;s</w>
   <w nite:id="ES2013a.B.words74" starttime="245.96" endtime="246.12">not</w>
   <w nite:id="ES2013a.B.words75" starttime="246.12" endtime="246.15">a</w>
   <w nite:id="ES2013a.B.words76" starttime="246.15" endtime="246.38">bunny</w>
   <w nite:id="ES2013a.B.words77" starttime="246.38" endtime="246.68">rabbit</w>
   <w nite:id="ES2013a.B.words78" starttime="246.68" endtime="246.79">by</w>
   <w nite:id="ES2013a.B.words79" starttime="246.79" endtime="247.01">the</w>
   <w nite:id="ES2013a.B.words80" starttime="247.01" endtime="248.16">ears</w>
   <w nite:id="ES2013a.B.words81" starttime="248.16" endtime="248.16" punc="true">.</w>
   <w nite:id="ES2013a.B.words82" starttime="248.16" endtime="249.59">Um</w>
   <w nite:id="ES2013a.B.words83" starttime="249.59" endtime="249.65">I</w>
   <w nite:id="ES2013a.B.words84" starttime="249.65" endtime="249.9">suppose</w>
   <w nite:id="ES2013a.B.words85" starttime="249.9" endtime="249.97">it</w>
   <w nite:id="ES2013a.B.words86" starttime="249.97" endtime="250.06">should</w>
   <w nite:id="ES2013a.B.words87" starttime="250.06" endtime="250.17">have</w>
   <w nite:id="ES2013a.B.words88" starttime="250.17" endtime="250.23">a</w>
   <w nite:id="ES2013a.B.words89" starttime="250.23" endtime="250.54">mouth</w>
   <w nite:id="ES2013a.B.words90" starttime="250.54" endtime="250.66">as</w>
   <w nite:id="ES2013a.B.words91" starttime="250.66" endtime="251.35">well</w>
   <w nite:id="ES2013a.B.words92" starttime="251.35" endtime="251.35" punc="true">,</w>
   <w nite:id="ES2013a.B.words93" starttime="251.35" endtime="251.52">sort</w>
   <w nite:id="ES2013a.B.words94" starttime="251.52" endtime="251.72">of</w>
   <disfmarker nite:id="ES2013a.B.words95" starttime="251.72" endtime="251.802"/>
   <w nite:id="ES2013a.B.words96" starttime="253.07" endtime="254.1">Right</w>
   <w nite:id="ES2013a.B.words97" starttime="254.1" endtime="254.1" punc="true">,</w>
   <w nite:id="ES2013a.B.words98" starttime="254.1" endtime="254.71">yeah</w>
   <w nite:id="ES2013a.B.words99" starttime="254.71" endtime="254.71" punc="true">.</w>
   <w nite:id="ES2013a.B.words100" starttime="255.75" endtime="256.1">Um</w>
   <w nite:id="ES2013a.B.words101" starttime="256.1" endtime="256.18">the</w>
   <w nite:id="ES2013a.B.words102" starttime="256.18" endtime="256.64">favourite</w>
   <w nite:id="ES2013a.B.words103" starttime="256.64" endtime="257.36">characteristics</w>
   <w nite:id="ES2013a.B.words104" starttime="257.36" endtime="257.47">of</w>
   <w nite:id="ES2013a.B.words105" starttime="257.47" endtime="257.68">the</w>
   <w nite:id="ES2013a.B.words106" starttime="257.68" endtime="258.31">cat</w>
   <w nite:id="ES2013a.B.words107" starttime="258.31" endtime="259.05">um</w>
   <disfmarker nite:id="ES2013a.B.words108" starttime="259.05" endtime="259.05"/>
   <w nite:id="ES2013a.B.words109" starttime="259.05" endtime="259.16">the</w>
   <w nite:id="ES2013a.B.words110" starttime="259.16" endtime="259.62">whiskers</w>
   <w nite:id="ES2013a.B.words111" starttime="259.62" endtime="259.76">I</w>
   <w nite:id="ES2013a.B.words112" starttime="259.76" endtime="261.0">think</w>
   <w nite:id="ES2013a.B.words113" starttime="261.0" endtime="261.0" punc="true">,</w>
   <w nite:id="ES2013a.B.words114" starttime="261.0" endtime="261.23">um</w>
   <w nite:id="ES2013a.B.words115" starttime="261.23" endtime="261.53">because</w>
   <w nite:id="ES2013a.B.words116" starttime="261.53" endtime="261.71">they&#39;re</w>
   <w nite:id="ES2013a.B.words117" starttime="261.71" endtime="261.83">the</w>
   <w nite:id="ES2013a.B.words118" starttime="261.83" endtime="262.26">easiest</w>
   <w nite:id="ES2013a.B.words119" starttime="262.26" endtime="262.34">to</w>
   <w nite:id="ES2013a.B.words120" starttime="262.34" endtime="264.09">draw</w>
   <w nite:id="ES2013a.B.words121" starttime="264.09" endtime="264.09" punc="true">.</w>
   <w nite:id="ES2013a.B.words122" starttime="264.09" endtime="264.18">In</w>
   <w nite:id="ES2013a.B.words123" starttime="264.18" endtime="264.5">fact</w>
   <w nite:id="ES2013a.B.words124" starttime="264.5" endtime="264.5" punc="true">,</w>
   <w nite:id="ES2013a.B.words125" starttime="264.5" endtime="264.64">I&#39;ll</w>
   <w nite:id="ES2013a.B.words126" starttime="264.64" endtime="264.79">give</w>
   <w nite:id="ES2013a.B.words127" starttime="264.79" endtime="264.87">it</w>
   <w nite:id="ES2013a.B.words128" starttime="264.87" endtime="265.03">some</w>
   <w nite:id="ES2013a.B.words129" starttime="265.03" endtime="265.62">more</w>
   <disfmarker nite:id="ES2013a.B.words130" starttime="265.62" endtime="265.712"/>
   <vocalsound nite:id="ES2013a.B.words131" starttime="268.368" endtime="268.368" type="other"/>
   <w nite:id="ES2013a.B.words132" starttime="268.49" endtime="268.62">Oh</w>
   <w nite:id="ES2013a.B.words133" starttime="268.62" endtime="268.62" punc="true">,</w>
   <w nite:id="ES2013a.B.words134" starttime="268.62" endtime="268.78">and</w>
   <w nite:id="ES2013a.B.words135" starttime="268.78" endtime="268.85">the</w>
   <w nite:id="ES2013a.B.words136" starttime="268.85" endtime="269.32">tail</w>
   <vocalsound nite:id="ES2013a.B.words137" starttime="287.632" endtime="287.632" type="laugh"/>
   <w nite:id="ES2013a.B.words138" starttime="287.65" endtime="289.61">Yes</w>
   <w nite:id="ES2013a.B.words139" starttime="289.61" endtime="289.61" punc="true">.</w>
   <w nite:id="ES2013a.B.words140" starttime="289.61" endtime="290.33">Um</w>
   <w nite:id="ES2013a.B.words141" starttime="290.33" endtime="290.56">sure</w>
   <w nite:id="ES2013a.B.words142" starttime="290.56" endtime="290.66">it&#39;s</w>
   <w nite:id="ES2013a.B.words143" starttime="290.66" endtime="290.81">not</w>
   <w nite:id="ES2013a.B.words144" starttime="290.81" endtime="290.89">to</w>
   <w nite:id="ES2013a.B.words145" starttime="290.89" endtime="291.14">test</w>
   <w nite:id="ES2013a.B.words146" starttime="291.14" endtime="291.25">our</w>
   <w nite:id="ES2013a.B.words147" starttime="291.25" endtime="292.13">artistic</w>
   <disfmarker nite:id="ES2013a.B.words148" starttime="292.13" endtime="292.48"/>
   <w nite:id="ES2013a.B.words149" starttime="299.25" endtime="299.39">It&#39;s</w>
   <w nite:id="ES2013a.B.words150" starttime="299.39" endtime="299.46">a</w>
   <w nite:id="ES2013a.B.words151" starttime="299.46" endtime="300.19">mouse</w>
   <w nite:id="ES2013a.B.words152" starttime="300.19" endtime="300.19" punc="true">.</w>
   <w nite:id="ES2013a.B.words153" starttime="302.16" endtime="302.25">No</w>
   <w nite:id="ES2013a.B.words154" starttime="302.25" endtime="302.41">it&#39;s</w>
   <w nite:id="ES2013a.B.words155" starttime="302.41" endtime="302.57">not</w>
   <w nite:id="ES2013a.B.words156" starttime="302.57" endtime="302.62">a</w>
   <w nite:id="ES2013a.B.words157" starttime="302.62" endtime="303.29">mouse</w>
   <w nite:id="ES2013a.B.words158" starttime="303.29" endtime="303.29" punc="true">.</w>
   <w nite:id="ES2013a.B.words159" starttime="306.73" endtime="307.29">It&#39;s</w>
   <w nite:id="ES2013a.B.words160" starttime="307.29" endtime="307.39">a</w>
   <w nite:id="ES2013a.B.words161" starttime="307.39" endtime="308.2">wombat</w>
   <w nite:id="ES2013a.B.words162" starttime="308.2" endtime="308.2" punc="true">.</w>
   <w nite:id="ES2013a.B.words163" starttime="317.84" endtime="317.93">A</w>
   <w nite:id="ES2013a.B.words164" starttime="317.93" endtime="318.16">what</w>
   <w nite:id="ES2013a.B.words165" starttime="318.16" endtime="318.16" punc="true">?</w>
   <w nite:id="ES2013a.B.words166" starttime="320.63" endtime="320.74">A</w>
   <w nite:id="ES2013a.B.words167" starttime="320.74" endtime="321.04">webbed</w>
   <w nite:id="ES2013a.B.words168" starttime="321.04" endtime="321.92">foot</w>
   <w nite:id="ES2013a.B.words169" starttime="321.92" endtime="321.92" punc="true">.</w>
   <w nite:id="ES2013a.B.words170" starttime="321.92" endtime="322.28">Webbed</w>
   <w nite:id="ES2013a.B.words171" starttime="322.28" endtime="323.69" trunc="true">f</w>
   <vocalsound nite:id="ES2013a.B.words172" starttime="323.69" endtime="323.69" type="laugh"/>
   <w nite:id="ES2013a.B.words173" starttime="323.69" endtime="324.96">Oh</w>
   <w nite:id="ES2013a.B.words174" starttime="324.96" endtime="328.42">right</w>
   <vocalsound nite:id="ES2013a.B.words175" starttime="328.42" endtime="328.42" type="laugh"/>
   <w nite:id="ES2013a.B.words176" starttime="328.42" endtime="328.42" punc="true">.</w>
   <vocalsound nite:id="ES2013a.B.words177" starttime="343.824" endtime="346.96" type="laugh"/>
   <vocalsound nite:id="ES2013a.B.words178" starttime="347.788" endtime="349.968" type="laugh"/>
   <vocalsound nite:id="ES2013a.B.words179" starttime="381.839" endtime="381.839" type="other"/>
   <w nite:id="ES2013a.B.words180" starttime="382.23" endtime="382.49">Gosh</w>
   <w nite:id="ES2013a.B.words181" starttime="382.49" endtime="382.49" punc="true">,</w>
   <w nite:id="ES2013a.B.words182" starttime="382.49" endtime="382.65">why</w>
   <w nite:id="ES2013a.B.words183" starttime="382.65" endtime="382.83">didn&#39;t</w>
   <w nite:id="ES2013a.B.words184" starttime="382.83" endtime="382.9">I</w>
   <w nite:id="ES2013a.B.words185" starttime="382.9" endtime="383.07">think</w>
   <w nite:id="ES2013a.B.words186" starttime="383.07" endtime="383.2">of</w>
   <w nite:id="ES2013a.B.words187" starttime="383.2" endtime="383.45">fish</w>
   <w nite:id="ES2013a.B.words188" starttime="383.45" endtime="383.45" punc="true">?</w>
   <w nite:id="ES2013a.B.words189" starttime="383.45" endtime="383.65">That&#39;s</w>
   <w nite:id="ES2013a.B.words190" starttime="383.65" endtime="383.89">even</w>
   <w nite:id="ES2013a.B.words191" starttime="383.89" endtime="384.2">easier</w>
   <w nite:id="ES2013a.B.words192" starttime="384.2" endtime="384.3">to</w>
   <w nite:id="ES2013a.B.words193" starttime="384.3" endtime="384.55">draw</w>
   <w nite:id="ES2013a.B.words194" starttime="384.55" endtime="384.68">than</w>
   <w nite:id="ES2013a.B.words195" starttime="384.68" endtime="387.23">cat</w>
   <w nite:id="ES2013a.B.words196" starttime="387.23" endtime="387.23" punc="true">.</w>
   <vocalsound nite:id="ES2013a.B.words197" starttime="387.23" endtime="387.6" type="laugh"/>
   <vocalsound nite:id="ES2013a.B.words198" starttime="390.275" endtime="391.495" type="laugh"/>
   <vocalsound nite:id="ES2013a.B.words199" starttime="402.863" endtime="404.706" type="laugh"/>
   <vocalsound nite:id="ES2013a.B.words200" starttime="426.08" endtime="432.512" type="laugh"/>
   <w nite:id="ES2013a.B.words201" starttime="610.71" endtime="610.88">That</w>
   <w nite:id="ES2013a.B.words202" starttime="610.88" endtime="611.07">that</w>
   <w nite:id="ES2013a.B.words203" starttime="611.07" endtime="611.4">that&#39;s</w>
   <w nite:id="ES2013a.B.words204" starttime="611.4" endtime="611.62">the</w>
   <w nite:id="ES2013a.B.words205" starttime="611.62" endtime="611.88">sorta</w>
   <w nite:id="ES2013a.B.words206" starttime="611.88" endtime="612.19">product</w>
   <w nite:id="ES2013a.B.words207" starttime="612.19" endtime="612.29">we&#39;re</w>
   <w nite:id="ES2013a.B.words208" starttime="612.29" endtime="612.63">talking</w>
   <w nite:id="ES2013a.B.words209" starttime="612.63" endtime="612.9">about</w>
   <w nite:id="ES2013a.B.words210" starttime="612.9" endtime="612.9" punc="true">,</w>
   <w nite:id="ES2013a.B.words211" starttime="612.9" endtime="613.06">one</w>
   <w nite:id="ES2013a.B.words212" starttime="613.06" endtime="613.16">that</w>
   <w nite:id="ES2013a.B.words213" starttime="613.16" endtime="613.34">will</w>
   <w nite:id="ES2013a.B.words214" starttime="613.34" endtime="613.58">work</w>
   <w nite:id="ES2013a.B.words215" starttime="613.58" endtime="613.77">for</w>
   <w nite:id="ES2013a.B.words216" starttime="613.77" endtime="613.91">a</w>
   <disfmarker nite:id="ES2013a.B.words217" starttime="613.91" endtime="613.91"/>
   <w nite:id="ES2013a.B.words218" starttime="613.91" endtime="613.98">in</w>
   <w nite:id="ES2013a.B.words219" starttime="613.98" endtime="614.06">a</w>
   <w nite:id="ES2013a.B.words220" starttime="614.06" endtime="614.32">home</w>
   <w nite:id="ES2013a.B.words221" starttime="614.32" endtime="614.98">environment</w>
   <w nite:id="ES2013a.B.words222" starttime="614.98" endtime="614.98" punc="true">,</w>
   <w nite:id="ES2013a.B.words223" starttime="614.98" endtime="615.33">for</w>
   <w nite:id="ES2013a.B.words224" starttime="615.33" endtime="616.12">a</w>
   <w nite:id="ES2013a.B.words225" starttime="616.12" endtime="616.66">T_V_s</w>
   <w nite:id="ES2013a.B.words226" starttime="616.66" endtime="617.34">and</w>
   <disfmarker nite:id="ES2013a.B.words227" starttime="617.34" endtime="617.456"/>
   <vocalsound nite:id="ES2013a.B.words228" starttime="638.32" endtime="639.058" type="cough"/>
   <vocalsound nite:id="ES2013a.B.words229" starttime="665.488" endtime="670.04" type="laugh"/>
   <vocalsound nite:id="ES2013a.B.words230" starttime="671.328" endtime="671.328" type="laugh"/>
   <w nite:id="ES2013a.B.words231" starttime="671.79" endtime="671.88">I</w>
   <w nite:id="ES2013a.B.words232" starttime="671.88" endtime="672.06">think</w>
   <w nite:id="ES2013a.B.words233" starttime="672.06" endtime="672.21">one</w>
   <w nite:id="ES2013a.B.words234" starttime="672.21" endtime="672.38">that</w>
   <w nite:id="ES2013a.B.words235" starttime="672.38" endtime="672.82">works</w>
   <w nite:id="ES2013a.B.words236" starttime="672.82" endtime="672.98">would</w>
   <w nite:id="ES2013a.B.words237" starttime="672.98" endtime="673.07">be</w>
   <w nite:id="ES2013a.B.words238" starttime="673.07" endtime="676.09">good</w>
   <w nite:id="ES2013a.B.words239" starttime="676.09" endtime="676.09" punc="true">.</w>
   <vocalsound nite:id="ES2013a.B.words240" starttime="676.09" endtime="676.32" type="laugh"/>
   <w nite:id="ES2013a.B.words241" starttime="756.77" endtime="757.04">Mm</w>
   <w nite:id="ES2013a.B.words242" starttime="757.04" endtime="757.04" punc="true">.</w>
   <w nite:id="ES2013a.B.words243" starttime="758.95" endtime="759.29">Mm-hmm</w>
   <w nite:id="ES2013a.B.words244" starttime="759.29" endtime="759.29" punc="true">.</w>
   <w nite:id="ES2013a.B.words245" starttime="804.27" endtime="804.93">Mm-hmm</w>
   <w nite:id="ES2013a.B.words246" starttime="804.93" endtime="804.93" punc="true">.</w>
   <w nite:id="ES2013a.B.words247" starttime="819.77" endtime="819.92">&#39;Kay</w>
   <w nite:id="ES2013a.B.words248" starttime="819.92" endtime="819.92" punc="true">.</w>
</nite:root>