<?xml version="1.0" encoding="ISO-8859-1" standalone="yes"?>
<nite:root nite:id="ES2013a.A.words" xmlns:nite="http://nite.sourceforge.net/">
   <w nite:id="ES2013a.A.words0" starttime="27.56" endtime="27.75">Uh</w>
   <w nite:id="ES2013a.A.words1" starttime="27.75" endtime="30.28">yeah</w>
   <w nite:id="ES2013a.A.words2" starttime="30.28" endtime="30.28" punc="true">.</w>
   <w nite:id="ES2013a.A.words3" starttime="30.28" endtime="30.69">Fine</w>
   <w nite:id="ES2013a.A.words4" starttime="30.69" endtime="31.93">now</w>
   <w nite:id="ES2013a.A.words5" starttime="31.93" endtime="31.93" punc="true">.</w>
   <w nite:id="ES2013a.A.words6" starttime="47.43" endtime="47.62">Oh</w>
   <w nite:id="ES2013a.A.words7" starttime="47.62" endtime="47.62" punc="true">,</w>
   <w nite:id="ES2013a.A.words8" starttime="47.62" endtime="48.29">it&#39;s</w>
   <w nite:id="ES2013a.A.words9" starttime="48.29" endtime="48.69">not</w>
   <w nite:id="ES2013a.A.words10" starttime="48.69" endtime="49.16">liking</w>
   <w nite:id="ES2013a.A.words11" starttime="49.16" endtime="49.47">us</w>
   <w nite:id="ES2013a.A.words12" starttime="49.47" endtime="49.47" punc="true">,</w>
   <w nite:id="ES2013a.A.words13" starttime="49.47" endtime="49.65">it</w>
   <w nite:id="ES2013a.A.words14" starttime="49.65" endtime="49.95">went</w>
   <w nite:id="ES2013a.A.words15" starttime="49.95" endtime="50.73">that-a-way</w>
   <w nite:id="ES2013a.A.words16" starttime="50.73" endtime="50.73" punc="true">.</w>
   <w nite:id="ES2013a.A.words17" starttime="54.1" endtime="54.87">Computer</w>
   <w nite:id="ES2013a.A.words18" starttime="54.87" endtime="56.32">adjusting</w>
   <w nite:id="ES2013a.A.words19" starttime="56.32" endtime="56.32" punc="true">.</w>
   <w nite:id="ES2013a.A.words20" starttime="56.32" endtime="56.64">Oh</w>
   <w nite:id="ES2013a.A.words21" starttime="56.64" endtime="56.64" punc="true">.</w>
   <w nite:id="ES2013a.A.words22" starttime="61.99" endtime="62.13">Uh</w>
   <w nite:id="ES2013a.A.words23" starttime="62.13" endtime="62.13" punc="true">.</w>
   <w nite:id="ES2013a.A.words24" starttime="79.35" endtime="80.98">Okay</w>
   <w nite:id="ES2013a.A.words25" starttime="80.98" endtime="80.98" punc="true">.</w>
   <vocalsound nite:id="ES2013a.A.words26" starttime="80.98" endtime="80.98" type="other"/>
   <w nite:id="ES2013a.A.words27" starttime="80.98" endtime="81.61">So</w>
   <w nite:id="ES2013a.A.words28" starttime="81.61" endtime="81.61" punc="true">.</w>
   <w nite:id="ES2013a.A.words29" starttime="88.5" endtime="89.04">Right</w>
   <w nite:id="ES2013a.A.words30" starttime="89.04" endtime="89.04" punc="true">.</w>
   <w nite:id="ES2013a.A.words31" starttime="99.0" endtime="99.14">You</w>
   <w nite:id="ES2013a.A.words32" starttime="99.14" endtime="99.38">ready</w>
   <w nite:id="ES2013a.A.words33" starttime="99.38" endtime="99.62">back</w>
   <w nite:id="ES2013a.A.words34" starttime="99.62" endtime="99.93">there</w>
   <w nite:id="ES2013a.A.words35" starttime="99.93" endtime="99.93" punc="true">?</w>
   <vocalsound nite:id="ES2013a.A.words36" starttime="101.072" endtime="102.33" type="laugh"/>
   <w nite:id="ES2013a.A.words37" starttime="104.45" endtime="105.02">Uh</w>
   <w nite:id="ES2013a.A.words38" starttime="105.02" endtime="105.56">okay</w>
   <w nite:id="ES2013a.A.words39" starttime="105.56" endtime="105.56" punc="true">.</w>
   <w nite:id="ES2013a.A.words40" starttime="107.09" endtime="107.47">Welcome</w>
   <w nite:id="ES2013a.A.words41" starttime="107.47" endtime="108.64">everyone</w>
   <w nite:id="ES2013a.A.words42" starttime="108.64" endtime="108.64" punc="true">.</w>
   <w nite:id="ES2013a.A.words43" starttime="108.64" endtime="109.05">Um</w>
   <w nite:id="ES2013a.A.words44" starttime="109.05" endtime="109.26">this</w>
   <w nite:id="ES2013a.A.words45" starttime="109.26" endtime="109.45">is</w>
   <w nite:id="ES2013a.A.words46" starttime="109.45" endtime="109.54">the</w>
   <w nite:id="ES2013a.A.words47" starttime="109.54" endtime="110.01">kick-off</w>
   <w nite:id="ES2013a.A.words48" starttime="110.01" endtime="110.43">meeting</w>
   <w nite:id="ES2013a.A.words49" starttime="110.43" endtime="110.61">for</w>
   <w nite:id="ES2013a.A.words50" starttime="110.61" endtime="110.72">the</w>
   <w nite:id="ES2013a.A.words51" starttime="110.72" endtime="111.88">day</w>
   <w nite:id="ES2013a.A.words52" starttime="111.88" endtime="111.88" punc="true">.</w>
   <w nite:id="ES2013a.A.words53" starttime="111.88" endtime="112.56">Um</w>
   <w nite:id="ES2013a.A.words54" starttime="112.56" endtime="112.86">we&#39;re</w>
   <w nite:id="ES2013a.A.words55" starttime="112.86" endtime="112.99">the</w>
   <w nite:id="ES2013a.A.words56" starttime="112.99" endtime="113.26">new</w>
   <w nite:id="ES2013a.A.words57" starttime="113.26" endtime="114.51">group</w>
   <w nite:id="ES2013a.A.words58" starttime="114.51" endtime="115.12">uh</w>
   <w nite:id="ES2013a.A.words59" starttime="115.12" endtime="115.4">to</w>
   <w nite:id="ES2013a.A.words60" starttime="115.4" endtime="115.79">create</w>
   <w nite:id="ES2013a.A.words61" starttime="115.79" endtime="115.82">a</w>
   <w nite:id="ES2013a.A.words62" starttime="115.82" endtime="116.18">new</w>
   <w nite:id="ES2013a.A.words63" starttime="116.18" endtime="116.55">remote</w>
   <w nite:id="ES2013a.A.words64" starttime="116.55" endtime="117.88">control</w>
   <w nite:id="ES2013a.A.words65" starttime="117.88" endtime="118.51">for</w>
   <w nite:id="ES2013a.A.words66" starttime="118.51" endtime="118.75">Real</w>
   <w nite:id="ES2013a.A.words67" starttime="118.75" endtime="119.38">Reaction</w>
   <w nite:id="ES2013a.A.words68" starttime="119.38" endtime="119.38" punc="true">.</w>
   <w nite:id="ES2013a.A.words69" starttime="120.98" endtime="121.21">As</w>
   <w nite:id="ES2013a.A.words70" starttime="121.21" endtime="121.35">you</w>
   <w nite:id="ES2013a.A.words71" starttime="121.35" endtime="121.55">can</w>
   <w nite:id="ES2013a.A.words72" starttime="121.55" endtime="121.85">see</w>
   <w nite:id="ES2013a.A.words73" starttime="121.85" endtime="122.05">our</w>
   <w nite:id="ES2013a.A.words74" starttime="122.05" endtime="122.65">agenda</w>
   <w nite:id="ES2013a.A.words75" starttime="122.65" endtime="123.01">is</w>
   <w nite:id="ES2013a.A.words76" starttime="123.01" endtime="123.46">to</w>
   <w nite:id="ES2013a.A.words77" starttime="123.46" endtime="123.76">open</w>
   <w nite:id="ES2013a.A.words78" starttime="123.76" endtime="124.42">up</w>
   <w nite:id="ES2013a.A.words79" starttime="124.42" endtime="124.54">the</w>
   <w nite:id="ES2013a.A.words80" starttime="124.54" endtime="125.39">meeting</w>
   <w nite:id="ES2013a.A.words81" starttime="125.39" endtime="125.39" punc="true">,</w>
   <w nite:id="ES2013a.A.words82" starttime="125.39" endtime="125.7">um</w>
   <w nite:id="ES2013a.A.words83" starttime="125.7" endtime="126.05">become</w>
   <w nite:id="ES2013a.A.words84" starttime="126.05" endtime="126.48">acquainted</w>
   <w nite:id="ES2013a.A.words85" starttime="126.48" endtime="126.63">with</w>
   <w nite:id="ES2013a.A.words86" starttime="126.63" endtime="126.87">each</w>
   <w nite:id="ES2013a.A.words87" starttime="126.87" endtime="127.87">other</w>
   <w nite:id="ES2013a.A.words88" starttime="127.87" endtime="127.87" punc="true">,</w>
   <w nite:id="ES2013a.A.words89" starttime="127.87" endtime="128.93">um</w>
   <w nite:id="ES2013a.A.words90" starttime="128.93" endtime="129.07">have</w>
   <w nite:id="ES2013a.A.words91" starttime="129.07" endtime="129.11">a</w>
   <w nite:id="ES2013a.A.words92" starttime="129.11" endtime="129.32">little</w>
   <w nite:id="ES2013a.A.words93" starttime="129.32" endtime="129.69">training</w>
   <w nite:id="ES2013a.A.words94" starttime="129.69" endtime="129.84">on</w>
   <w nite:id="ES2013a.A.words95" starttime="129.84" endtime="131.6">tools</w>
   <w nite:id="ES2013a.A.words96" starttime="131.6" endtime="131.6" punc="true">,</w>
   <w nite:id="ES2013a.A.words97" starttime="131.6" endtime="132.05">uh</w>
   <w nite:id="ES2013a.A.words98" starttime="132.05" endtime="132.34">create</w>
   <w nite:id="ES2013a.A.words99" starttime="132.34" endtime="132.4">a</w>
   <w nite:id="ES2013a.A.words100" starttime="132.4" endtime="133.26">plan</w>
   <w nite:id="ES2013a.A.words101" starttime="133.26" endtime="133.26" punc="true">,</w>
   <w nite:id="ES2013a.A.words102" starttime="133.26" endtime="133.73">discuss</w>
   <w nite:id="ES2013a.A.words103" starttime="133.73" endtime="134.22">things</w>
   <w nite:id="ES2013a.A.words104" starttime="134.22" endtime="134.82">and</w>
   <w nite:id="ES2013a.A.words105" starttime="134.82" endtime="134.92">and</w>
   <w nite:id="ES2013a.A.words106" starttime="134.92" endtime="135.01">we</w>
   <w nite:id="ES2013a.A.words107" starttime="135.01" endtime="135.19">only</w>
   <w nite:id="ES2013a.A.words108" starttime="135.19" endtime="135.39">have</w>
   <w nite:id="ES2013a.A.words109" starttime="135.39" endtime="135.71">twenty</w>
   <w nite:id="ES2013a.A.words110" starttime="135.71" endtime="135.96" trunc="true">minut</w>
   <w nite:id="ES2013a.A.words111" starttime="135.96" endtime="136.19">twenty</w>
   <w nite:id="ES2013a.A.words112" starttime="136.19" endtime="136.43">five</w>
   <w nite:id="ES2013a.A.words113" starttime="136.43" endtime="136.73">minutes</w>
   <w nite:id="ES2013a.A.words114" starttime="136.73" endtime="137.08">total</w>
   <w nite:id="ES2013a.A.words115" starttime="137.08" endtime="137.08" punc="true">.</w>
   <w nite:id="ES2013a.A.words116" starttime="139.05" endtime="140.01">Okay</w>
   <w nite:id="ES2013a.A.words117" starttime="140.01" endtime="140.01" punc="true">.</w>
   <w nite:id="ES2013a.A.words118" starttime="140.01" endtime="140.68">The</w>
   <w nite:id="ES2013a.A.words119" starttime="140.68" endtime="141.08">new</w>
   <w nite:id="ES2013a.A.words120" starttime="141.08" endtime="141.43">remote</w>
   <w nite:id="ES2013a.A.words121" starttime="141.43" endtime="142.24">control</w>
   <w nite:id="ES2013a.A.words122" starttime="142.24" endtime="142.47">is</w>
   <w nite:id="ES2013a.A.words123" starttime="142.47" endtime="142.62">to</w>
   <w nite:id="ES2013a.A.words124" starttime="142.62" endtime="142.79">be</w>
   <w nite:id="ES2013a.A.words125" starttime="142.79" endtime="143.4">original</w>
   <w nite:id="ES2013a.A.words126" starttime="143.4" endtime="143.4" punc="true">,</w>
   <w nite:id="ES2013a.A.words127" starttime="143.4" endtime="144.06">trendy</w>
   <w nite:id="ES2013a.A.words128" starttime="144.06" endtime="144.27">and</w>
   <w nite:id="ES2013a.A.words129" starttime="144.27" endtime="145.93">user-friendly</w>
   <w nite:id="ES2013a.A.words130" starttime="145.93" endtime="145.93" punc="true">.</w>
   <w nite:id="ES2013a.A.words131" starttime="145.93" endtime="146.27">That</w>
   <w nite:id="ES2013a.A.words132" starttime="146.27" endtime="146.27" punc="true">,</w>
   <w nite:id="ES2013a.A.words133" starttime="146.27" endtime="146.75">Steph</w>
   <w nite:id="ES2013a.A.words134" starttime="146.75" endtime="146.75" punc="true">,</w>
   <w nite:id="ES2013a.A.words135" starttime="146.75" endtime="146.87">is</w>
   <w nite:id="ES2013a.A.words136" starttime="146.87" endtime="147.07">your</w>
   <w nite:id="ES2013a.A.words137" starttime="147.07" endtime="147.41">part</w>
   <w nite:id="ES2013a.A.words138" starttime="147.41" endtime="147.41" punc="true">,</w>
   <w nite:id="ES2013a.A.words139" starttime="147.41" endtime="147.59">is</w>
   <w nite:id="ES2013a.A.words140" starttime="147.59" endtime="147.66">the</w>
   <w nite:id="ES2013a.A.words141" starttime="147.66" endtime="149.37">user-friendliness</w>
   <w nite:id="ES2013a.A.words142" starttime="149.37" endtime="149.37" punc="true">.</w>
   <w nite:id="ES2013a.A.words143" starttime="149.37" endtime="149.67">The</w>
   <w nite:id="ES2013a.A.words144" starttime="149.67" endtime="151.1">originality</w>
   <w nite:id="ES2013a.A.words145" starttime="151.1" endtime="151.51">um</w>
   <w nite:id="ES2013a.A.words146" starttime="151.51" endtime="151.62">is</w>
   <w nite:id="ES2013a.A.words147" starttime="151.62" endtime="151.81">gonna</w>
   <w nite:id="ES2013a.A.words148" starttime="151.81" endtime="152.11">take</w>
   <w nite:id="ES2013a.A.words149" starttime="152.11" endtime="152.4">all</w>
   <w nite:id="ES2013a.A.words150" starttime="152.4" endtime="152.49">of</w>
   <w nite:id="ES2013a.A.words151" starttime="152.49" endtime="153.36">us</w>
   <w nite:id="ES2013a.A.words152" starttime="153.36" endtime="153.36" punc="true">.</w>
   <w nite:id="ES2013a.A.words153" starttime="153.36" endtime="154.27">Um</w>
   <w nite:id="ES2013a.A.words154" starttime="154.27" endtime="154.34">the</w>
   <w nite:id="ES2013a.A.words155" starttime="154.34" endtime="155.27">trendiness</w>
   <w nite:id="ES2013a.A.words156" starttime="155.27" endtime="155.37">we&#39;ll</w>
   <w nite:id="ES2013a.A.words157" starttime="155.37" endtime="155.8">probably</w>
   <w nite:id="ES2013a.A.words158" starttime="155.8" endtime="155.9">go</w>
   <w nite:id="ES2013a.A.words159" starttime="155.9" endtime="156.07">look</w>
   <w nite:id="ES2013a.A.words160" starttime="156.07" endtime="156.33">at</w>
   <disfmarker nite:id="ES2013a.A.words161" starttime="156.33" endtime="156.33"/>
   <w nite:id="ES2013a.A.words162" starttime="156.33" endtime="156.5">for</w>
   <w nite:id="ES2013a.A.words163" starttime="156.5" endtime="156.64">some</w>
   <w nite:id="ES2013a.A.words164" starttime="156.64" endtime="157.15">marketing</w>
   <w nite:id="ES2013a.A.words165" starttime="157.15" endtime="157.62">research</w>
   <w nite:id="ES2013a.A.words166" starttime="157.62" endtime="158.37">information</w>
   <w nite:id="ES2013a.A.words167" starttime="158.37" endtime="158.66">from</w>
   <w nite:id="ES2013a.A.words168" starttime="158.66" endtime="159.44">you</w>
   <w nite:id="ES2013a.A.words169" starttime="159.44" endtime="159.44" punc="true">,</w>
   <w nite:id="ES2013a.A.words170" starttime="159.44" endtime="160.53">Sarah</w>
   <w nite:id="ES2013a.A.words171" starttime="160.53" endtime="160.53" punc="true">.</w>
   <w nite:id="ES2013a.A.words172" starttime="160.53" endtime="162.1">Um</w>
   <w nite:id="ES2013a.A.words173" starttime="162.1" endtime="162.42">and</w>
   <w nite:id="ES2013a.A.words174" starttime="162.42" endtime="162.58">we&#39;ll</w>
   <w nite:id="ES2013a.A.words175" starttime="162.58" endtime="162.74">get</w>
   <w nite:id="ES2013a.A.words176" starttime="162.74" endtime="163.0">on</w>
   <w nite:id="ES2013a.A.words177" starttime="163.0" endtime="163.12">with</w>
   <w nite:id="ES2013a.A.words178" starttime="163.12" endtime="163.65">it</w>
   <w nite:id="ES2013a.A.words179" starttime="163.65" endtime="163.65" punc="true">.</w>
   <w nite:id="ES2013a.A.words180" starttime="163.65" endtime="164.33">Okay</w>
   <w nite:id="ES2013a.A.words181" starttime="164.33" endtime="164.33" punc="true">,</w>
   <w nite:id="ES2013a.A.words182" starttime="164.33" endtime="164.59">so</w>
   <w nite:id="ES2013a.A.words183" starttime="164.59" endtime="164.79">we&#39;ll</w>
   <w nite:id="ES2013a.A.words184" starttime="164.79" endtime="164.98">have</w>
   <w nite:id="ES2013a.A.words185" starttime="164.98" endtime="165.03">a</w>
   <w nite:id="ES2013a.A.words186" starttime="165.03" endtime="165.61">functional</w>
   <w nite:id="ES2013a.A.words187" starttime="165.61" endtime="166.98">design</w>
   <w nite:id="ES2013a.A.words188" starttime="166.98" endtime="167.65">individual</w>
   <w nite:id="ES2013a.A.words189" starttime="167.65" endtime="168.99">work</w>
   <w nite:id="ES2013a.A.words190" starttime="168.99" endtime="170.24">um</w>
   <w nite:id="ES2013a.A.words191" starttime="170.24" endtime="170.46">with</w>
   <w nite:id="ES2013a.A.words192" starttime="170.46" endtime="171.37">meeting</w>
   <w nite:id="ES2013a.A.words193" starttime="171.37" endtime="171.54">and</w>
   <w nite:id="ES2013a.A.words194" starttime="171.54" endtime="171.69">then</w>
   <w nite:id="ES2013a.A.words195" starttime="171.69" endtime="172.34">conceptual</w>
   <w nite:id="ES2013a.A.words196" starttime="172.34" endtime="172.98">design</w>
   <w nite:id="ES2013a.A.words197" starttime="172.98" endtime="173.46" trunc="true">t</w>
   <w nite:id="ES2013a.A.words198" starttime="173.46" endtime="173.62">and</w>
   <w nite:id="ES2013a.A.words199" starttime="173.62" endtime="173.85">then</w>
   <w nite:id="ES2013a.A.words200" starttime="173.85" endtime="174.35">detailed</w>
   <w nite:id="ES2013a.A.words201" starttime="174.35" endtime="174.89">design</w>
   <w nite:id="ES2013a.A.words202" starttime="174.89" endtime="174.89" punc="true">.</w>
   <w nite:id="ES2013a.A.words203" starttime="176.55" endtime="178.92">Okay</w>
   <w nite:id="ES2013a.A.words204" starttime="178.92" endtime="178.92" punc="true">?</w>
   <w nite:id="ES2013a.A.words205" starttime="178.92" endtime="180.79">Right</w>
   <w nite:id="ES2013a.A.words206" starttime="180.79" endtime="180.79" punc="true">.</w>
   <w nite:id="ES2013a.A.words207" starttime="180.79" endtime="181.18">Everybody&#39;s</w>
   <w nite:id="ES2013a.A.words208" starttime="181.18" endtime="181.46">supposed</w>
   <w nite:id="ES2013a.A.words209" starttime="181.46" endtime="181.54">to</w>
   <w nite:id="ES2013a.A.words210" starttime="181.54" endtime="181.85">try</w>
   <w nite:id="ES2013a.A.words211" starttime="181.85" endtime="182.17">out</w>
   <w nite:id="ES2013a.A.words212" starttime="182.17" endtime="182.59">the</w>
   <w nite:id="ES2013a.A.words213" starttime="182.59" endtime="183.96">whiteboard</w>
   <w nite:id="ES2013a.A.words214" starttime="183.96" endtime="183.96" punc="true">.</w>
   <w nite:id="ES2013a.A.words215" starttime="183.96" endtime="184.27">Kate</w>
   <w nite:id="ES2013a.A.words216" starttime="184.27" endtime="184.27" punc="true">,</w>
   <w nite:id="ES2013a.A.words217" starttime="184.27" endtime="184.36">why</w>
   <w nite:id="ES2013a.A.words218" starttime="184.36" endtime="184.54">don&#39;t</w>
   <w nite:id="ES2013a.A.words219" starttime="184.54" endtime="184.7">you</w>
   <w nite:id="ES2013a.A.words220" starttime="184.7" endtime="184.98">try</w>
   <w nite:id="ES2013a.A.words221" starttime="184.98" endtime="185.12">it</w>
   <w nite:id="ES2013a.A.words222" starttime="185.12" endtime="186.4">first</w>
   <w nite:id="ES2013a.A.words223" starttime="186.4" endtime="186.4" punc="true">,</w>
   <w nite:id="ES2013a.A.words224" starttime="186.4" endtime="186.64">if</w>
   <w nite:id="ES2013a.A.words225" starttime="186.64" endtime="186.78">you</w>
   <w nite:id="ES2013a.A.words226" starttime="186.78" endtime="188.0">can</w>
   <w nite:id="ES2013a.A.words227" starttime="188.0" endtime="188.36">either</w>
   <w nite:id="ES2013a.A.words228" starttime="188.36" endtime="188.62">bring</w>
   <w nite:id="ES2013a.A.words229" starttime="188.62" endtime="189.05">your</w>
   <w nite:id="ES2013a.A.words230" starttime="189.05" endtime="189.49">things</w>
   <w nite:id="ES2013a.A.words231" starttime="189.49" endtime="189.79">with</w>
   <w nite:id="ES2013a.A.words232" starttime="189.79" endtime="189.88">you</w>
   <w nite:id="ES2013a.A.words233" starttime="189.88" endtime="189.88" punc="true">,</w>
   <w nite:id="ES2013a.A.words234" starttime="189.88" endtime="190.04">I</w>
   <w nite:id="ES2013a.A.words235" starttime="190.04" endtime="190.73">guess</w>
   <disfmarker nite:id="ES2013a.A.words236" starttime="190.73" endtime="190.792"/>
   <w nite:id="ES2013a.A.words237" starttime="191.76" endtime="191.93">And</w>
   <w nite:id="ES2013a.A.words238" starttime="191.93" endtime="192.09">while</w>
   <w nite:id="ES2013a.A.words239" starttime="192.09" endtime="192.28">you&#39;re</w>
   <w nite:id="ES2013a.A.words240" starttime="192.28" endtime="192.64">doing</w>
   <w nite:id="ES2013a.A.words241" starttime="192.64" endtime="192.85">that</w>
   <w nite:id="ES2013a.A.words242" starttime="192.85" endtime="193.03">we&#39;ll</w>
   <w nite:id="ES2013a.A.words243" starttime="193.03" endtime="193.29">try</w>
   <w nite:id="ES2013a.A.words244" starttime="193.29" endtime="193.42">and</w>
   <w nite:id="ES2013a.A.words245" starttime="193.42" endtime="193.61">figure</w>
   <w nite:id="ES2013a.A.words246" starttime="193.61" endtime="193.74">out</w>
   <w nite:id="ES2013a.A.words247" starttime="193.74" endtime="193.89">how</w>
   <w nite:id="ES2013a.A.words248" starttime="193.89" endtime="193.98">to</w>
   <w nite:id="ES2013a.A.words249" starttime="193.98" endtime="194.19">hook</w>
   <w nite:id="ES2013a.A.words250" starttime="194.19" endtime="194.43">these</w>
   <w nite:id="ES2013a.A.words251" starttime="194.43" endtime="194.67">things</w>
   <w nite:id="ES2013a.A.words252" starttime="194.67" endtime="194.89">on</w>
   <w nite:id="ES2013a.A.words253" starttime="194.89" endtime="195.0">as</w>
   <w nite:id="ES2013a.A.words254" starttime="195.0" endtime="197.38">well</w>
   <w nite:id="ES2013a.A.words255" starttime="197.38" endtime="197.38" punc="true">,</w>
   <w nite:id="ES2013a.A.words256" starttime="197.38" endtime="197.5">&#39;cause</w>
   <w nite:id="ES2013a.A.words257" starttime="197.5" endtime="197.6">we&#39;re</w>
   <w nite:id="ES2013a.A.words258" starttime="197.6" endtime="197.75">all</w>
   <w nite:id="ES2013a.A.words259" starttime="197.75" endtime="197.9">gonna</w>
   <w nite:id="ES2013a.A.words260" starttime="197.9" endtime="198.26">have</w>
   <w nite:id="ES2013a.A.words261" starttime="198.26" endtime="198.34">to</w>
   <w nite:id="ES2013a.A.words262" starttime="198.34" endtime="198.45">be</w>
   <w nite:id="ES2013a.A.words263" starttime="198.45" endtime="198.58">able</w>
   <w nite:id="ES2013a.A.words264" starttime="198.58" endtime="198.76">to</w>
   <w nite:id="ES2013a.A.words265" starttime="198.76" endtime="199.02">walk</w>
   <w nite:id="ES2013a.A.words266" starttime="199.02" endtime="199.59">around</w>
   <w nite:id="ES2013a.A.words267" starttime="199.59" endtime="199.59" punc="true">.</w>
   <vocalsound nite:id="ES2013a.A.words268" starttime="214.429" endtime="215.548" type="laugh"/>
   <w nite:id="ES2013a.A.words269" starttime="217.81" endtime="218.22">Uh</w>
   <w nite:id="ES2013a.A.words270" starttime="218.22" endtime="218.36">I</w>
   <w nite:id="ES2013a.A.words271" starttime="218.36" endtime="218.45">do</w>
   <w nite:id="ES2013a.A.words272" starttime="218.45" endtime="218.83">not</w>
   <w nite:id="ES2013a.A.words273" starttime="218.83" endtime="219.08">think</w>
   <w nite:id="ES2013a.A.words274" starttime="219.08" endtime="219.39">so</w>
   <w nite:id="ES2013a.A.words275" starttime="219.39" endtime="219.39" punc="true">,</w>
   <w nite:id="ES2013a.A.words276" starttime="219.39" endtime="219.49">I</w>
   <w nite:id="ES2013a.A.words277" starttime="219.49" endtime="219.72">think</w>
   <w nite:id="ES2013a.A.words278" starttime="219.72" endtime="219.87">it&#39;s</w>
   <w nite:id="ES2013a.A.words279" starttime="219.87" endtime="220.1">just</w>
   <w nite:id="ES2013a.A.words280" starttime="220.1" endtime="220.22">to</w>
   <w nite:id="ES2013a.A.words281" starttime="220.22" endtime="220.58">try</w>
   <w nite:id="ES2013a.A.words282" starttime="220.58" endtime="220.82">out</w>
   <w nite:id="ES2013a.A.words283" starttime="220.82" endtime="220.96">the</w>
   <w nite:id="ES2013a.A.words284" starttime="220.96" endtime="221.76">whiteboard</w>
   <w nite:id="ES2013a.A.words285" starttime="221.76" endtime="221.76" punc="true">.</w>
   <vocalsound nite:id="ES2013a.A.words286" starttime="230.672" endtime="232.005" type="laugh"/>
   <vocalsound nite:id="ES2013a.A.words287" starttime="232.768" endtime="232.768" type="laugh"/>
   <w nite:id="ES2013a.A.words288" starttime="237.27" endtime="238.2">Ah</w>
   <vocalsound nite:id="ES2013a.A.words289" starttime="238.2" endtime="238.2" type="other"/>
   <w nite:id="ES2013a.A.words290" starttime="238.2" endtime="238.2" punc="true">.</w>
   <vocalsound nite:id="ES2013a.A.words291" starttime="243.916" endtime="245.344" type="laugh"/>
   <w nite:id="ES2013a.A.words292" starttime="247.91" endtime="248.12">Uh-huh</w>
   <w nite:id="ES2013a.A.words293" starttime="248.12" endtime="248.12" punc="true">.</w>
   <w nite:id="ES2013a.A.words294" starttime="252.04" endtime="252.41">Okay</w>
   <w nite:id="ES2013a.A.words295" starttime="252.41" endtime="252.41" punc="true">.</w>
   <w nite:id="ES2013a.A.words296" starttime="254.6" endtime="255.47">Great</w>
   <w nite:id="ES2013a.A.words297" starttime="255.47" endtime="255.47" punc="true">.</w>
   <w nite:id="ES2013a.A.words298" starttime="255.47" endtime="255.62">And</w>
   <w nite:id="ES2013a.A.words299" starttime="255.62" endtime="255.69">the</w>
   <w nite:id="ES2013a.A.words300" starttime="255.69" endtime="257.13">characteristics</w>
   <w nite:id="ES2013a.A.words301" starttime="257.13" endtime="257.13" punc="true">?</w>
   <w nite:id="ES2013a.A.words302" starttime="263.62" endtime="263.93">Uh-huh</w>
   <w nite:id="ES2013a.A.words303" starttime="263.93" endtime="263.93" punc="true">.</w>
   <w nite:id="ES2013a.A.words304" starttime="268.53" endtime="268.94">Okay</w>
   <w nite:id="ES2013a.A.words305" starttime="268.94" endtime="268.94" punc="true">.</w>
   <w nite:id="ES2013a.A.words306" starttime="272.72" endtime="274.54">Fantastic</w>
   <w nite:id="ES2013a.A.words307" starttime="274.54" endtime="274.54" punc="true">.</w>
   <w nite:id="ES2013a.A.words308" starttime="274.54" endtime="274.82">Since</w>
   <w nite:id="ES2013a.A.words309" starttime="274.82" endtime="275.11">you&#39;re</w>
   <w nite:id="ES2013a.A.words310" starttime="275.11" endtime="275.53">handy</w>
   <w nite:id="ES2013a.A.words311" starttime="275.53" endtime="275.66">as</w>
   <w nite:id="ES2013a.A.words312" starttime="275.66" endtime="276.27">well</w>
   <w nite:id="ES2013a.A.words313" starttime="276.27" endtime="276.27" punc="true">,</w>
   <w nite:id="ES2013a.A.words314" starttime="276.27" endtime="276.4">why</w>
   <w nite:id="ES2013a.A.words315" starttime="276.4" endtime="276.59">don&#39;t</w>
   <w nite:id="ES2013a.A.words316" starttime="276.59" endtime="276.73">you</w>
   <w nite:id="ES2013a.A.words317" starttime="276.73" endtime="276.86">do</w>
   <w nite:id="ES2013a.A.words318" starttime="276.86" endtime="277.32">yours</w>
   <w nite:id="ES2013a.A.words319" starttime="277.32" endtime="277.75">next</w>
   <w nite:id="ES2013a.A.words320" starttime="277.75" endtime="277.75" punc="true">,</w>
   <w nite:id="ES2013a.A.words321" starttime="277.75" endtime="278.14">Steph</w>
   <w nite:id="ES2013a.A.words322" starttime="278.14" endtime="278.14" punc="true">.</w>
   <w nite:id="ES2013a.A.words323" starttime="285.46" endtime="285.52">I</w>
   <w nite:id="ES2013a.A.words324" starttime="285.52" endtime="285.72">think</w>
   <w nite:id="ES2013a.A.words325" starttime="285.72" endtime="285.84">it&#39;s</w>
   <w nite:id="ES2013a.A.words326" starttime="285.84" endtime="285.96">to</w>
   <w nite:id="ES2013a.A.words327" starttime="285.96" endtime="286.11">get</w>
   <w nite:id="ES2013a.A.words328" starttime="286.11" endtime="286.22">us</w>
   <w nite:id="ES2013a.A.words329" starttime="286.22" endtime="286.54">used</w>
   <w nite:id="ES2013a.A.words330" starttime="286.54" endtime="286.64">to</w>
   <w nite:id="ES2013a.A.words331" starttime="286.64" endtime="287.14">using</w>
   <w nite:id="ES2013a.A.words332" starttime="287.14" endtime="287.22">the</w>
   <w nite:id="ES2013a.A.words333" starttime="287.22" endtime="287.66">pen</w>
   <w nite:id="ES2013a.A.words334" starttime="287.66" endtime="287.66" punc="true">.</w>
   <w nite:id="ES2013a.A.words335" starttime="292.81" endtime="293.05">Uh</w>
   <w nite:id="ES2013a.A.words336" starttime="293.05" endtime="294.93">no</w>
   <w nite:id="ES2013a.A.words337" starttime="294.93" endtime="294.93" punc="true">.</w>
   <vocalsound nite:id="ES2013a.A.words338" starttime="294.93" endtime="295.125" type="laugh"/>
   <w nite:id="ES2013a.A.words339" starttime="299.74" endtime="299.84">A</w>
   <w nite:id="ES2013a.A.words340" starttime="299.84" endtime="300.37" mispronounced="true">mouse-y</w>
   <w nite:id="ES2013a.A.words341" starttime="300.37" endtime="300.37" punc="true">?</w>
   <w nite:id="ES2013a.A.words342" starttime="307.46" endtime="307.66">Oh</w>
   <w nite:id="ES2013a.A.words343" starttime="307.66" endtime="307.66" punc="true">.</w>
   <w nite:id="ES2013a.A.words344" starttime="317.16" endtime="318.46">Argh</w>
   <w nite:id="ES2013a.A.words345" starttime="318.46" endtime="318.46" punc="true">.</w>
   <w nite:id="ES2013a.A.words346" starttime="318.46" endtime="318.7">Rat</w>
   <w nite:id="ES2013a.A.words347" starttime="318.7" endtime="318.7" punc="true">.</w>
   <w nite:id="ES2013a.A.words348" starttime="320.23" endtime="320.4">Not</w>
   <w nite:id="ES2013a.A.words349" starttime="320.4" endtime="320.45">a</w>
   <w nite:id="ES2013a.A.words350" starttime="320.45" endtime="320.73">mouse</w>
   <w nite:id="ES2013a.A.words351" starttime="320.73" endtime="320.73" punc="true">,</w>
   <w nite:id="ES2013a.A.words352" starttime="320.73" endtime="320.81">a</w>
   <w nite:id="ES2013a.A.words353" starttime="320.81" endtime="321.36">rat</w>
   <w nite:id="ES2013a.A.words354" starttime="321.36" endtime="321.36" punc="true">.</w>
   <vocalsound nite:id="ES2013a.A.words355" starttime="323.408" endtime="325.696" type="laugh"/>
   <w nite:id="ES2013a.A.words356" starttime="330.7" endtime="331.3">And</w>
   <w nite:id="ES2013a.A.words357" starttime="331.3" endtime="331.72">your</w>
   <w nite:id="ES2013a.A.words358" starttime="331.72" endtime="332.16">favourite</w>
   <w nite:id="ES2013a.A.words359" starttime="332.16" endtime="333.07">characteristics</w>
   <w nite:id="ES2013a.A.words360" starttime="333.07" endtime="333.17">of</w>
   <w nite:id="ES2013a.A.words361" starttime="333.17" endtime="333.37">that</w>
   <w nite:id="ES2013a.A.words362" starttime="333.37" endtime="333.77">animal</w>
   <w nite:id="ES2013a.A.words363" starttime="333.77" endtime="333.77" punc="true">.</w>
   <w nite:id="ES2013a.A.words364" starttime="341.97" endtime="342.92">Oh</w>
   <w nite:id="ES2013a.A.words365" starttime="342.92" endtime="342.92" punc="true">.</w>
   <w nite:id="ES2013a.A.words366" starttime="342.92" endtime="344.1">Okay</w>
   <w nite:id="ES2013a.A.words367" starttime="344.1" endtime="344.1" punc="true">.</w>
   <w nite:id="ES2013a.A.words368" starttime="344.1" endtime="344.43">Kate</w>
   <w nite:id="ES2013a.A.words369" starttime="344.43" endtime="344.43" punc="true">?</w>
   <vocalsound nite:id="ES2013a.A.words370" starttime="349.104" endtime="350.4" type="laugh"/>
   <w nite:id="ES2013a.A.words371" starttime="379.44" endtime="379.64">Oh</w>
   <w nite:id="ES2013a.A.words372" starttime="379.64" endtime="379.64" punc="true">,</w>
   <w nite:id="ES2013a.A.words373" starttime="379.64" endtime="379.69">a</w>
   <w nite:id="ES2013a.A.words374" starttime="379.69" endtime="380.41">fish</w>
   <w nite:id="ES2013a.A.words375" starttime="380.41" endtime="380.41" punc="true">.</w>
   <w nite:id="ES2013a.A.words376" starttime="390.34" endtime="390.4">Oh</w>
   <w nite:id="ES2013a.A.words377" starttime="390.4" endtime="390.4" punc="true">,</w>
   <w nite:id="ES2013a.A.words378" starttime="390.4" endtime="391.2">okay</w>
   <w nite:id="ES2013a.A.words379" starttime="391.2" endtime="391.2" punc="true">.</w>
   <w nite:id="ES2013a.A.words380" starttime="391.2" endtime="391.83">Fine</w>
   <w nite:id="ES2013a.A.words381" starttime="391.83" endtime="391.83" punc="true">.</w>
   <w nite:id="ES2013a.A.words382" starttime="392.85" endtime="393.18">Favourite</w>
   <w nite:id="ES2013a.A.words383" starttime="393.18" endtime="394.2">characteristics</w>
   <w nite:id="ES2013a.A.words384" starttime="394.2" endtime="394.2" punc="true">?</w>
   <w nite:id="ES2013a.A.words385" starttime="401.76" endtime="401.91">&#39;Kay</w>
   <w nite:id="ES2013a.A.words386" starttime="401.91" endtime="401.91" punc="true">.</w>
   <w nite:id="ES2013a.A.words387" starttime="403.09" endtime="403.28">So</w>
   <w nite:id="ES2013a.A.words388" starttime="403.28" endtime="403.43">they</w>
   <w nite:id="ES2013a.A.words389" starttime="403.43" endtime="404.04">have</w>
   <w nite:id="ES2013a.A.words390" starttime="404.04" endtime="404.32">team</w>
   <w nite:id="ES2013a.A.words391" starttime="404.32" endtime="407.14">elements</w>
   <w nite:id="ES2013a.A.words392" starttime="407.14" endtime="407.14" punc="true">.</w>
   <vocalsound nite:id="ES2013a.A.words393" starttime="407.14" endtime="407.529" type="other"/>
   <w nite:id="ES2013a.A.words394" starttime="411.27" endtime="411.43">I&#39;m</w>
   <w nite:id="ES2013a.A.words395" starttime="411.43" endtime="411.83">afraid</w>
   <w nite:id="ES2013a.A.words396" starttime="411.83" endtime="412.06">I&#39;m</w>
   <w nite:id="ES2013a.A.words397" starttime="412.06" endtime="412.29">with</w>
   <w nite:id="ES2013a.A.words398" starttime="412.29" endtime="412.94">Steph</w>
   <w nite:id="ES2013a.A.words399" starttime="412.94" endtime="412.94" punc="true">.</w>
   <w nite:id="ES2013a.A.words400" starttime="414.72" endtime="414.89">And</w>
   <w nite:id="ES2013a.A.words401" starttime="414.89" endtime="414.99">I</w>
   <w nite:id="ES2013a.A.words402" starttime="414.99" endtime="415.19">think</w>
   <w nite:id="ES2013a.A.words403" starttime="415.19" endtime="415.31">your</w>
   <w nite:id="ES2013a.A.words404" starttime="415.31" endtime="415.63">pen&#39;s</w>
   <w nite:id="ES2013a.A.words405" starttime="415.63" endtime="415.93">running</w>
   <w nite:id="ES2013a.A.words406" starttime="415.93" endtime="416.14">out</w>
   <w nite:id="ES2013a.A.words407" starttime="416.14" endtime="416.97">of</w>
   <w nite:id="ES2013a.A.words408" starttime="416.97" endtime="417.6">whatever</w>
   <w nite:id="ES2013a.A.words409" starttime="417.6" endtime="417.6" punc="true">.</w>
   <w nite:id="ES2013a.A.words410" starttime="419.5" endtime="419.64">But</w>
   <w nite:id="ES2013a.A.words411" starttime="419.64" endtime="419.75">I&#39;m</w>
   <w nite:id="ES2013a.A.words412" starttime="419.75" endtime="421.35">afraid</w>
   <w nite:id="ES2013a.A.words413" starttime="421.35" endtime="421.5">I</w>
   <w nite:id="ES2013a.A.words414" starttime="421.5" endtime="421.81">take</w>
   <w nite:id="ES2013a.A.words415" starttime="421.81" endtime="422.23">the</w>
   <w nite:id="ES2013a.A.words416" starttime="422.23" endtime="422.79">coward&#39;s</w>
   <w nite:id="ES2013a.A.words417" starttime="422.79" endtime="423.05">way</w>
   <w nite:id="ES2013a.A.words418" starttime="423.05" endtime="424.33">out</w>
   <w nite:id="ES2013a.A.words419" starttime="424.33" endtime="424.33" punc="true">,</w>
   <w nite:id="ES2013a.A.words420" starttime="424.33" endtime="424.46">and</w>
   <w nite:id="ES2013a.A.words421" starttime="424.46" endtime="424.53">the</w>
   <w nite:id="ES2013a.A.words422" starttime="424.53" endtime="424.9">cat&#39;s</w>
   <w nite:id="ES2013a.A.words423" starttime="424.9" endtime="425.21">looking</w>
   <w nite:id="ES2013a.A.words424" starttime="425.21" endtime="425.32">the</w>
   <w nite:id="ES2013a.A.words425" starttime="425.32" endtime="425.51">other</w>
   <w nite:id="ES2013a.A.words426" starttime="425.51" endtime="429.04">way</w>
   <w nite:id="ES2013a.A.words427" starttime="429.04" endtime="429.04" punc="true">.</w>
   <vocalsound nite:id="ES2013a.A.words428" starttime="429.04" endtime="429.04" type="laugh"/>
   <w nite:id="ES2013a.A.words429" starttime="429.04" endtime="429.31">He&#39;s</w>
   <w nite:id="ES2013a.A.words430" starttime="429.31" endtime="429.99">hiding</w>
   <w nite:id="ES2013a.A.words431" starttime="429.99" endtime="429.99" punc="true">.</w>
   <w nite:id="ES2013a.A.words432" starttime="431.28" endtime="432.42">Um</w>
   <w nite:id="ES2013a.A.words433" starttime="432.42" endtime="432.8">cats</w>
   <w nite:id="ES2013a.A.words434" starttime="432.8" endtime="433.01">are</w>
   <w nite:id="ES2013a.A.words435" starttime="433.01" endtime="433.69">sometimes</w>
   <w nite:id="ES2013a.A.words436" starttime="433.69" endtime="434.17">very</w>
   <w nite:id="ES2013a.A.words437" starttime="434.17" endtime="435.23">independent</w>
   <w nite:id="ES2013a.A.words438" starttime="435.23" endtime="435.23" punc="true">.</w>
   <w nite:id="ES2013a.A.words439" starttime="435.23" endtime="435.45">My</w>
   <w nite:id="ES2013a.A.words440" starttime="435.45" endtime="435.95">parents</w>
   <w nite:id="ES2013a.A.words441" starttime="435.95" endtime="436.23">had</w>
   <w nite:id="ES2013a.A.words442" starttime="436.23" endtime="437.58">cats</w>
   <w nite:id="ES2013a.A.words443" starttime="437.58" endtime="437.58" punc="true">.</w>
   <w nite:id="ES2013a.A.words444" starttime="437.58" endtime="438.25">Uh</w>
   <w nite:id="ES2013a.A.words445" starttime="438.25" endtime="438.82">and</w>
   <w nite:id="ES2013a.A.words446" starttime="438.82" endtime="438.94">they</w>
   <w nite:id="ES2013a.A.words447" starttime="438.94" endtime="440.69">can</w>
   <w nite:id="ES2013a.A.words448" starttime="440.69" endtime="441.57">mm</w>
   <w nite:id="ES2013a.A.words449" starttime="441.57" endtime="442.17">decide</w>
   <w nite:id="ES2013a.A.words450" starttime="442.17" endtime="442.43">for</w>
   <w nite:id="ES2013a.A.words451" starttime="442.43" endtime="443.43">themselves</w>
   <w nite:id="ES2013a.A.words452" starttime="443.43" endtime="443.65">what</w>
   <w nite:id="ES2013a.A.words453" starttime="443.65" endtime="443.93">is</w>
   <w nite:id="ES2013a.A.words454" starttime="443.93" endtime="444.46">best</w>
   <w nite:id="ES2013a.A.words455" starttime="444.46" endtime="444.46" punc="true">.</w>
   <w nite:id="ES2013a.A.words456" starttime="451.09" endtime="451.84">Okay</w>
   <w nite:id="ES2013a.A.words457" starttime="451.84" endtime="451.84" punc="true">.</w>
   <w nite:id="ES2013a.A.words458" starttime="454.08" endtime="455.07">Now</w>
   <w nite:id="ES2013a.A.words459" starttime="455.07" endtime="457.15">um</w>
   <vocalsound nite:id="ES2013a.A.words460" starttime="457.15" endtime="457.15" type="other"/>
   <w nite:id="ES2013a.A.words461" starttime="457.15" endtime="457.3">we</w>
   <w nite:id="ES2013a.A.words462" starttime="457.3" endtime="457.49">have</w>
   <w nite:id="ES2013a.A.words463" starttime="457.49" endtime="457.59">to</w>
   <w nite:id="ES2013a.A.words464" starttime="457.59" endtime="457.75">get</w>
   <w nite:id="ES2013a.A.words465" starttime="457.75" endtime="458.02">down</w>
   <w nite:id="ES2013a.A.words466" starttime="458.02" endtime="458.5">to</w>
   <w nite:id="ES2013a.A.words467" starttime="458.5" endtime="458.64">the</w>
   <w nite:id="ES2013a.A.words468" starttime="458.64" endtime="459.3">nitty-gritty</w>
   <w nite:id="ES2013a.A.words469" starttime="459.3" endtime="460.22">of</w>
   <w nite:id="ES2013a.A.words470" starttime="460.22" endtime="460.38">how</w>
   <w nite:id="ES2013a.A.words471" starttime="460.38" endtime="460.47">to</w>
   <w nite:id="ES2013a.A.words472" starttime="460.47" endtime="460.77">make</w>
   <w nite:id="ES2013a.A.words473" starttime="460.77" endtime="461.4">this</w>
   <w nite:id="ES2013a.A.words474" starttime="461.4" endtime="462.05">and</w>
   <w nite:id="ES2013a.A.words475" starttime="462.05" endtime="462.93">this</w>
   <w nite:id="ES2013a.A.words476" starttime="462.93" endtime="463.36">remote</w>
   <w nite:id="ES2013a.A.words477" starttime="463.36" endtime="464.1">control</w>
   <w nite:id="ES2013a.A.words478" starttime="464.1" endtime="464.45">has</w>
   <w nite:id="ES2013a.A.words479" starttime="464.45" endtime="465.09">to</w>
   <w nite:id="ES2013a.A.words480" starttime="465.09" endtime="465.33">be</w>
   <w nite:id="ES2013a.A.words481" starttime="465.33" endtime="466.51">sold</w>
   <disfmarker nite:id="ES2013a.A.words482" starttime="466.51" endtime="466.51"/>
   <w nite:id="ES2013a.A.words483" starttime="466.51" endtime="466.92">um</w>
   <w nite:id="ES2013a.A.words484" starttime="466.92" endtime="467.08">we&#39;re</w>
   <w nite:id="ES2013a.A.words485" starttime="467.08" endtime="467.15">to</w>
   <w nite:id="ES2013a.A.words486" starttime="467.15" endtime="467.53">sell</w>
   <w nite:id="ES2013a.A.words487" starttime="467.53" endtime="467.61">it</w>
   <w nite:id="ES2013a.A.words488" starttime="467.61" endtime="467.81">for</w>
   <w nite:id="ES2013a.A.words489" starttime="467.81" endtime="468.19">twenty</w>
   <w nite:id="ES2013a.A.words490" starttime="468.19" endtime="468.7">five</w>
   <w nite:id="ES2013a.A.words491" starttime="468.7" endtime="469.88">Euros</w>
   <w nite:id="ES2013a.A.words492" starttime="469.88" endtime="469.88" punc="true">,</w>
   <w nite:id="ES2013a.A.words493" starttime="469.88" endtime="470.4">with</w>
   <w nite:id="ES2013a.A.words494" starttime="470.4" endtime="471.14">a</w>
   <w nite:id="ES2013a.A.words495" starttime="471.14" endtime="471.76">profit</w>
   <w nite:id="ES2013a.A.words496" starttime="471.76" endtime="472.33">aim</w>
   <w nite:id="ES2013a.A.words497" starttime="472.33" endtime="473.03">ultimately</w>
   <w nite:id="ES2013a.A.words498" starttime="473.03" endtime="473.14">of</w>
   <w nite:id="ES2013a.A.words499" starttime="473.14" endtime="473.6">fifty</w>
   <w nite:id="ES2013a.A.words500" starttime="473.6" endtime="474.39">million</w>
   <w nite:id="ES2013a.A.words501" starttime="474.39" endtime="475.53">Euros</w>
   <w nite:id="ES2013a.A.words502" starttime="475.53" endtime="475.53" punc="true">.</w>
   <w nite:id="ES2013a.A.words503" starttime="475.53" endtime="475.76">That</w>
   <w nite:id="ES2013a.A.words504" starttime="475.76" endtime="476.05">tells</w>
   <w nite:id="ES2013a.A.words505" starttime="476.05" endtime="476.16">you</w>
   <w nite:id="ES2013a.A.words506" starttime="476.16" endtime="476.58">something</w>
   <w nite:id="ES2013a.A.words507" starttime="476.58" endtime="477.03">about</w>
   <w nite:id="ES2013a.A.words508" starttime="477.03" endtime="477.39">how</w>
   <w nite:id="ES2013a.A.words509" starttime="477.39" endtime="478.8">many</w>
   <w nite:id="ES2013a.A.words510" starttime="478.8" endtime="479.67">um</w>
   <w nite:id="ES2013a.A.words511" starttime="479.67" endtime="479.84">we</w>
   <w nite:id="ES2013a.A.words512" starttime="479.84" endtime="480.12">have</w>
   <w nite:id="ES2013a.A.words513" starttime="480.12" endtime="480.39">to</w>
   <w nite:id="ES2013a.A.words514" starttime="480.39" endtime="481.54">sell</w>
   <w nite:id="ES2013a.A.words515" starttime="481.54" endtime="481.74">on</w>
   <w nite:id="ES2013a.A.words516" starttime="481.74" endtime="481.81">an</w>
   <w nite:id="ES2013a.A.words517" starttime="481.81" endtime="482.49">international</w>
   <w nite:id="ES2013a.A.words518" starttime="482.49" endtime="483.71">scale</w>
   <w nite:id="ES2013a.A.words519" starttime="483.71" endtime="483.71" punc="true">.</w>
   <w nite:id="ES2013a.A.words520" starttime="483.71" endtime="484.2">Um</w>
   <w nite:id="ES2013a.A.words521" starttime="484.2" endtime="484.38">would</w>
   <w nite:id="ES2013a.A.words522" starttime="484.38" endtime="484.49">be</w>
   <w nite:id="ES2013a.A.words523" starttime="484.49" endtime="484.73">an</w>
   <w nite:id="ES2013a.A.words524" starttime="484.73" endtime="485.06">awful</w>
   <w nite:id="ES2013a.A.words525" starttime="485.06" endtime="485.27">lot</w>
   <w nite:id="ES2013a.A.words526" starttime="485.27" endtime="485.43">of</w>
   <w nite:id="ES2013a.A.words527" starttime="485.43" endtime="485.79">these</w>
   <w nite:id="ES2013a.A.words528" starttime="485.79" endtime="485.79" punc="true">,</w>
   <w nite:id="ES2013a.A.words529" starttime="485.79" endtime="485.94">would</w>
   <w nite:id="ES2013a.A.words530" starttime="485.94" endtime="486.09">be</w>
   <w nite:id="ES2013a.A.words531" starttime="486.09" endtime="486.37">like</w>
   <w nite:id="ES2013a.A.words532" starttime="486.37" endtime="486.49">what</w>
   <w nite:id="ES2013a.A.words533" starttime="486.49" endtime="486.49" punc="true">,</w>
   <w nite:id="ES2013a.A.words534" starttime="486.49" endtime="486.58">a</w>
   <w nite:id="ES2013a.A.words535" starttime="486.58" endtime="486.91">hundred</w>
   <w nite:id="ES2013a.A.words536" starttime="486.91" endtime="487.25">million</w>
   <w nite:id="ES2013a.A.words537" starttime="487.25" endtime="487.52">of</w>
   <w nite:id="ES2013a.A.words538" starttime="487.52" endtime="488.81">them</w>
   <w nite:id="ES2013a.A.words539" starttime="488.81" endtime="489.77">um</w>
   <w nite:id="ES2013a.A.words540" starttime="489.77" endtime="489.89">to</w>
   <w nite:id="ES2013a.A.words541" starttime="489.89" endtime="490.13">make</w>
   <w nite:id="ES2013a.A.words542" starttime="490.13" endtime="490.44">twenty</w>
   <w nite:id="ES2013a.A.words543" starttime="490.44" endtime="490.95">five</w>
   <w nite:id="ES2013a.A.words544" starttime="490.95" endtime="491.41">Euros</w>
   <w nite:id="ES2013a.A.words545" starttime="491.41" endtime="491.59">on</w>
   <w nite:id="ES2013a.A.words546" starttime="491.59" endtime="491.75">each</w>
   <w nite:id="ES2013a.A.words547" starttime="491.75" endtime="492.21">one</w>
   <w nite:id="ES2013a.A.words548" starttime="492.21" endtime="492.37">and</w>
   <w nite:id="ES2013a.A.words549" starttime="492.37" endtime="492.51">to</w>
   <w nite:id="ES2013a.A.words550" starttime="492.51" endtime="492.72">make</w>
   <w nite:id="ES2013a.A.words551" starttime="492.72" endtime="492.78">a</w>
   <w nite:id="ES2013a.A.words552" starttime="492.78" endtime="493.1">total</w>
   <w nite:id="ES2013a.A.words553" starttime="493.1" endtime="493.61">profit</w>
   <w nite:id="ES2013a.A.words554" starttime="493.61" endtime="493.68">of</w>
   <w nite:id="ES2013a.A.words555" starttime="493.68" endtime="494.02">fifty</w>
   <w nite:id="ES2013a.A.words556" starttime="494.02" endtime="495.48">million</w>
   <w nite:id="ES2013a.A.words557" starttime="495.48" endtime="495.48" punc="true">.</w>
   <w nite:id="ES2013a.A.words558" starttime="495.48" endtime="496.11">Um</w>
   <w nite:id="ES2013a.A.words559" starttime="496.11" endtime="496.54">the</w>
   <w nite:id="ES2013a.A.words560" starttime="496.54" endtime="497.53">production</w>
   <w nite:id="ES2013a.A.words561" starttime="497.53" endtime="497.74">is</w>
   <w nite:id="ES2013a.A.words562" starttime="497.74" endtime="497.86">to</w>
   <w nite:id="ES2013a.A.words563" starttime="497.86" endtime="498.12">only</w>
   <w nite:id="ES2013a.A.words564" starttime="498.12" endtime="498.54">cost</w>
   <w nite:id="ES2013a.A.words565" starttime="498.54" endtime="498.92">twelve</w>
   <w nite:id="ES2013a.A.words566" starttime="498.92" endtime="499.01">and</w>
   <w nite:id="ES2013a.A.words567" starttime="499.01" endtime="499.06">a</w>
   <w nite:id="ES2013a.A.words568" starttime="499.06" endtime="499.4">half</w>
   <w nite:id="ES2013a.A.words569" starttime="499.4" endtime="500.3">Euros</w>
   <w nite:id="ES2013a.A.words570" starttime="500.3" endtime="500.61">per</w>
   <w nite:id="ES2013a.A.words571" starttime="500.61" endtime="501.13">item</w>
   <w nite:id="ES2013a.A.words572" starttime="501.13" endtime="501.13" punc="true">.</w>
   <w nite:id="ES2013a.A.words573" starttime="503.48" endtime="504.24">Now</w>
   <w nite:id="ES2013a.A.words574" starttime="504.24" endtime="504.43">if</w>
   <w nite:id="ES2013a.A.words575" starttime="504.43" endtime="504.6">they</w>
   <w nite:id="ES2013a.A.words576" starttime="504.6" endtime="505.22">cost</w>
   <w nite:id="ES2013a.A.words577" starttime="505.22" endtime="505.59">twelve</w>
   <w nite:id="ES2013a.A.words578" starttime="505.59" endtime="505.75">and</w>
   <w nite:id="ES2013a.A.words579" starttime="505.75" endtime="506.03">a</w>
   <w nite:id="ES2013a.A.words580" starttime="506.03" endtime="506.7">half</w>
   <w nite:id="ES2013a.A.words581" starttime="506.7" endtime="506.7" punc="true">,</w>
   <w nite:id="ES2013a.A.words582" starttime="506.7" endtime="506.89">you&#39;re</w>
   <w nite:id="ES2013a.A.words583" starttime="506.89" endtime="507.28">selling</w>
   <w nite:id="ES2013a.A.words584" starttime="507.28" endtime="507.38">it</w>
   <w nite:id="ES2013a.A.words585" starttime="507.38" endtime="507.57">for</w>
   <w nite:id="ES2013a.A.words586" starttime="507.57" endtime="507.95">twenty</w>
   <w nite:id="ES2013a.A.words587" starttime="507.95" endtime="508.39">five</w>
   <w nite:id="ES2013a.A.words588" starttime="508.39" endtime="508.39" punc="true">,</w>
   <w nite:id="ES2013a.A.words589" starttime="508.39" endtime="508.53">you&#39;re</w>
   <w nite:id="ES2013a.A.words590" starttime="508.53" endtime="508.95">making</w>
   <w nite:id="ES2013a.A.words591" starttime="508.95" endtime="509.32">twelve</w>
   <w nite:id="ES2013a.A.words592" starttime="509.32" endtime="509.42">and</w>
   <w nite:id="ES2013a.A.words593" starttime="509.42" endtime="509.46">a</w>
   <w nite:id="ES2013a.A.words594" starttime="509.46" endtime="509.74">half</w>
   <w nite:id="ES2013a.A.words595" starttime="509.74" endtime="510.3">Euros</w>
   <w nite:id="ES2013a.A.words596" starttime="510.3" endtime="511.62">each</w>
   <w nite:id="ES2013a.A.words597" starttime="511.62" endtime="511.62" punc="true">.</w>
   <w nite:id="ES2013a.A.words598" starttime="511.62" endtime="512.45">Um</w>
   <w nite:id="ES2013a.A.words599" starttime="512.45" endtime="512.62">and</w>
   <w nite:id="ES2013a.A.words600" starttime="512.62" endtime="512.72">we&#39;re</w>
   <w nite:id="ES2013a.A.words601" starttime="512.72" endtime="512.8">to</w>
   <w nite:id="ES2013a.A.words602" starttime="512.8" endtime="513.01">make</w>
   <w nite:id="ES2013a.A.words603" starttime="513.01" endtime="513.07">a</w>
   <w nite:id="ES2013a.A.words604" starttime="513.07" endtime="513.55">profit</w>
   <w nite:id="ES2013a.A.words605" starttime="513.55" endtime="513.63">of</w>
   <w nite:id="ES2013a.A.words606" starttime="513.63" endtime="514.06">fifty</w>
   <w nite:id="ES2013a.A.words607" starttime="514.06" endtime="514.53">million</w>
   <w nite:id="ES2013a.A.words608" starttime="514.53" endtime="514.53" punc="true">,</w>
   <w nite:id="ES2013a.A.words609" starttime="514.53" endtime="515.16">that&#39;s</w>
   <w nite:id="ES2013a.A.words610" starttime="515.16" endtime="515.22" trunc="true">t</w>
   <w nite:id="ES2013a.A.words611" starttime="515.22" endtime="516.12">uh</w>
   <disfmarker nite:id="ES2013a.A.words612" starttime="516.12" endtime="516.12"/>
   <w nite:id="ES2013a.A.words613" starttime="516.12" endtime="516.27">can</w>
   <w nite:id="ES2013a.A.words614" starttime="516.27" endtime="516.39">you</w>
   <w nite:id="ES2013a.A.words615" starttime="516.39" endtime="516.55">do</w>
   <w nite:id="ES2013a.A.words616" starttime="516.55" endtime="516.64">the</w>
   <w nite:id="ES2013a.A.words617" starttime="516.64" endtime="517.15">maths</w>
   <w nite:id="ES2013a.A.words618" starttime="517.15" endtime="517.54">and</w>
   <w nite:id="ES2013a.A.words619" starttime="517.54" endtime="517.71">how</w>
   <w nite:id="ES2013a.A.words620" starttime="517.71" endtime="517.88">many</w>
   <w nite:id="ES2013a.A.words621" starttime="517.88" endtime="517.97">are</w>
   <w nite:id="ES2013a.A.words622" starttime="517.97" endtime="518.07">we</w>
   <w nite:id="ES2013a.A.words623" starttime="518.07" endtime="518.48">selling</w>
   <w nite:id="ES2013a.A.words624" starttime="518.48" endtime="518.48" punc="true">?</w>
   <w nite:id="ES2013a.A.words625" starttime="527.76" endtime="528.67">Mark-up</w>
   <w nite:id="ES2013a.A.words626" starttime="528.67" endtime="528.67" punc="true">?</w>
   <w nite:id="ES2013a.A.words627" starttime="532.95" endtime="533.46">Okay</w>
   <w nite:id="ES2013a.A.words628" starttime="533.46" endtime="533.46" punc="true">.</w>
   <gap nite:id="ES2013a.A.words629" starttime="538.509" endtime="539.308"/>
   <w nite:id="ES2013a.A.words630" starttime="541.06" endtime="541.73">Yes</w>
   <w nite:id="ES2013a.A.words631" starttime="541.73" endtime="541.73" punc="true">,</w>
   <w nite:id="ES2013a.A.words632" starttime="541.73" endtime="542.03">&#39;cause</w>
   <w nite:id="ES2013a.A.words633" starttime="542.03" endtime="542.22">our</w>
   <w nite:id="ES2013a.A.words634" starttime="542.22" endtime="543.21">market</w>
   <w nite:id="ES2013a.A.words635" starttime="543.21" endtime="543.74">um</w>
   <w nite:id="ES2013a.A.words636" starttime="543.74" endtime="543.93">is</w>
   <w nite:id="ES2013a.A.words637" starttime="543.93" endtime="545.01">international</w>
   <w nite:id="ES2013a.A.words638" starttime="545.01" endtime="545.54">and</w>
   <w nite:id="ES2013a.A.words639" starttime="545.54" endtime="545.87">your</w>
   <w nite:id="ES2013a.A.words640" starttime="545.87" endtime="546.37">problem</w>
   <w nite:id="ES2013a.A.words641" starttime="546.37" endtime="546.54">is</w>
   <disfmarker nite:id="ES2013a.A.words642" starttime="546.54" endtime="546.54"/>
   <w nite:id="ES2013a.A.words643" starttime="546.54" endtime="546.8">has</w>
   <w nite:id="ES2013a.A.words644" starttime="546.8" endtime="546.87">to</w>
   <w nite:id="ES2013a.A.words645" starttime="546.87" endtime="547.01">do</w>
   <w nite:id="ES2013a.A.words646" starttime="547.01" endtime="547.22">with</w>
   <w nite:id="ES2013a.A.words647" starttime="547.22" endtime="548.33">marketing</w>
   <w nite:id="ES2013a.A.words648" starttime="548.33" endtime="548.68">of</w>
   <disfmarker nite:id="ES2013a.A.words649" starttime="548.68" endtime="548.68"/>
   <w nite:id="ES2013a.A.words650" starttime="548.68" endtime="548.79">you</w>
   <w nite:id="ES2013a.A.words651" starttime="548.79" endtime="548.99">know</w>
   <w nite:id="ES2013a.A.words652" starttime="548.99" endtime="548.99" punc="true">,</w>
   <w nite:id="ES2013a.A.words653" starttime="548.99" endtime="549.17">you</w>
   <w nite:id="ES2013a.A.words654" starttime="549.17" endtime="549.38">gotta</w>
   <w nite:id="ES2013a.A.words655" starttime="549.38" endtime="549.53">know</w>
   <w nite:id="ES2013a.A.words656" starttime="549.53" endtime="549.69">how</w>
   <w nite:id="ES2013a.A.words657" starttime="549.69" endtime="550.96">many</w>
   <w nite:id="ES2013a.A.words658" starttime="550.96" endtime="551.07">we&#39;re</w>
   <w nite:id="ES2013a.A.words659" starttime="551.07" endtime="551.26">going</w>
   <w nite:id="ES2013a.A.words660" starttime="551.26" endtime="551.34">to</w>
   <w nite:id="ES2013a.A.words661" starttime="551.34" endtime="551.45">be</w>
   <w nite:id="ES2013a.A.words662" starttime="551.45" endtime="551.97">selling</w>
   <w nite:id="ES2013a.A.words663" starttime="551.97" endtime="552.1">to</w>
   <w nite:id="ES2013a.A.words664" starttime="552.1" endtime="552.31">know</w>
   <w nite:id="ES2013a.A.words665" starttime="552.31" endtime="552.47">how</w>
   <w nite:id="ES2013a.A.words666" starttime="552.47" endtime="552.69">big</w>
   <w nite:id="ES2013a.A.words667" starttime="552.69" endtime="552.74">a</w>
   <w nite:id="ES2013a.A.words668" starttime="552.74" endtime="553.33">market</w>
   <w nite:id="ES2013a.A.words669" starttime="553.33" endtime="553.52">you</w>
   <w nite:id="ES2013a.A.words670" starttime="553.52" endtime="553.84">have</w>
   <w nite:id="ES2013a.A.words671" starttime="553.84" endtime="553.92">to</w>
   <w nite:id="ES2013a.A.words672" starttime="553.92" endtime="555.03">target</w>
   <w nite:id="ES2013a.A.words673" starttime="555.03" endtime="555.2">and</w>
   <w nite:id="ES2013a.A.words674" starttime="555.2" endtime="555.43">who</w>
   <w nite:id="ES2013a.A.words675" starttime="555.43" endtime="555.62">is</w>
   <w nite:id="ES2013a.A.words676" starttime="555.62" endtime="556.15">that</w>
   <w nite:id="ES2013a.A.words677" starttime="556.15" endtime="556.15" punc="true">.</w>
   <w nite:id="ES2013a.A.words678" starttime="560.0" endtime="560.12">To</w>
   <w nite:id="ES2013a.A.words679" starttime="560.12" endtime="560.26">give</w>
   <w nite:id="ES2013a.A.words680" starttime="560.26" endtime="560.33">you</w>
   <w nite:id="ES2013a.A.words681" starttime="560.33" endtime="560.38">a</w>
   <w nite:id="ES2013a.A.words682" starttime="560.38" endtime="560.59">pretty</w>
   <w nite:id="ES2013a.A.words683" starttime="560.59" endtime="560.79">good</w>
   <w nite:id="ES2013a.A.words684" starttime="560.79" endtime="561.14">idea</w>
   <w nite:id="ES2013a.A.words685" starttime="561.14" endtime="561.25">of</w>
   <w nite:id="ES2013a.A.words686" starttime="561.25" endtime="561.37">where</w>
   <w nite:id="ES2013a.A.words687" starttime="561.37" endtime="561.52">you&#39;re</w>
   <w nite:id="ES2013a.A.words688" starttime="561.52" endtime="561.92">looking</w>
   <w nite:id="ES2013a.A.words689" starttime="561.92" endtime="561.92" punc="true">.</w>
   <w nite:id="ES2013a.A.words690" starttime="563.77" endtime="564.23">Something</w>
   <w nite:id="ES2013a.A.words691" starttime="564.23" endtime="564.45">like</w>
   <w nite:id="ES2013a.A.words692" starttime="564.45" endtime="564.94">that</w>
   <w nite:id="ES2013a.A.words693" starttime="564.94" endtime="564.94" punc="true">?</w>
   <w nite:id="ES2013a.A.words694" starttime="566.89" endtime="567.32">Okay</w>
   <w nite:id="ES2013a.A.words695" starttime="567.32" endtime="567.32" punc="true">.</w>
   <w nite:id="ES2013a.A.words696" starttime="569.8" endtime="570.03">That&#39;s</w>
   <w nite:id="ES2013a.A.words697" starttime="570.03" endtime="570.46">fifty</w>
   <w nite:id="ES2013a.A.words698" starttime="570.46" endtime="570.87">million</w>
   <w nite:id="ES2013a.A.words699" starttime="570.87" endtime="572.42">Euros</w>
   <w nite:id="ES2013a.A.words700" starttime="572.42" endtime="572.42" punc="true">.</w>
   <w nite:id="ES2013a.A.words701" starttime="572.42" endtime="572.48">In</w>
   <w nite:id="ES2013a.A.words702" starttime="572.48" endtime="572.66">order</w>
   <w nite:id="ES2013a.A.words703" starttime="572.66" endtime="572.72">to</w>
   <w nite:id="ES2013a.A.words704" starttime="572.72" endtime="572.96">make</w>
   <w nite:id="ES2013a.A.words705" starttime="572.96" endtime="573.35">fifty</w>
   <w nite:id="ES2013a.A.words706" starttime="573.35" endtime="573.8">million</w>
   <w nite:id="ES2013a.A.words707" starttime="573.8" endtime="574.78">Euros</w>
   <w nite:id="ES2013a.A.words708" starttime="574.78" endtime="574.78" punc="true">,</w>
   <w nite:id="ES2013a.A.words709" starttime="574.78" endtime="575.11">and</w>
   <w nite:id="ES2013a.A.words710" starttime="575.11" endtime="575.4">you&#39;re</w>
   <w nite:id="ES2013a.A.words711" starttime="575.4" endtime="576.22">only</w>
   <w nite:id="ES2013a.A.words712" starttime="576.22" endtime="576.52">getting</w>
   <w nite:id="ES2013a.A.words713" starttime="576.52" endtime="576.86">twelve</w>
   <w nite:id="ES2013a.A.words714" starttime="576.86" endtime="576.95">and</w>
   <w nite:id="ES2013a.A.words715" starttime="576.95" endtime="577.02">a</w>
   <w nite:id="ES2013a.A.words716" starttime="577.02" endtime="577.69">half</w>
   <w nite:id="ES2013a.A.words717" starttime="577.69" endtime="578.16">each</w>
   <disfmarker nite:id="ES2013a.A.words718" starttime="578.16" endtime="578.248"/>
   <w nite:id="ES2013a.A.words719" starttime="580.77" endtime="580.94">That&#39;s</w>
   <w nite:id="ES2013a.A.words720" starttime="580.94" endtime="581.03">a</w>
   <w nite:id="ES2013a.A.words721" starttime="581.03" endtime="581.29">lot</w>
   <w nite:id="ES2013a.A.words722" starttime="581.29" endtime="582.35">of</w>
   <w nite:id="ES2013a.A.words723" starttime="582.35" endtime="582.8">selling</w>
   <w nite:id="ES2013a.A.words724" starttime="582.8" endtime="582.8" punc="true">.</w>
   <w nite:id="ES2013a.A.words725" starttime="584.4" endtime="584.67">Two</w>
   <w nite:id="ES2013a.A.words726" starttime="584.67" endtime="585.57">four</w>
   <disfmarker nite:id="ES2013a.A.words727" starttime="585.57" endtime="585.74"/>
   <w nite:id="ES2013a.A.words728" starttime="587.38" endtime="587.49">To</w>
   <w nite:id="ES2013a.A.words729" starttime="587.49" endtime="587.69">be</w>
   <w nite:id="ES2013a.A.words730" starttime="587.69" endtime="588.92">fifty</w>
   <w nite:id="ES2013a.A.words731" starttime="588.92" endtime="588.92" punc="true">,</w>
   <w nite:id="ES2013a.A.words732" starttime="588.92" endtime="589.11">be</w>
   <w nite:id="ES2013a.A.words733" starttime="589.11" endtime="589.52">four</w>
   <w nite:id="ES2013a.A.words734" starttime="589.52" endtime="590.44">million</w>
   <w nite:id="ES2013a.A.words735" starttime="590.44" endtime="590.44" punc="true">.</w>
   <w nite:id="ES2013a.A.words736" starttime="590.44" endtime="590.58">You&#39;d</w>
   <w nite:id="ES2013a.A.words737" starttime="590.58" endtime="590.73">have</w>
   <w nite:id="ES2013a.A.words738" starttime="590.73" endtime="590.81">to</w>
   <w nite:id="ES2013a.A.words739" starttime="590.81" endtime="591.08">sell</w>
   <w nite:id="ES2013a.A.words740" starttime="591.08" endtime="591.35">four</w>
   <w nite:id="ES2013a.A.words741" starttime="591.35" endtime="591.71">million</w>
   <w nite:id="ES2013a.A.words742" starttime="591.71" endtime="591.71" punc="true">.</w>
   <w nite:id="ES2013a.A.words743" starttime="593.71" endtime="594.21">Okay</w>
   <w nite:id="ES2013a.A.words744" starttime="594.21" endtime="594.21" punc="true">?</w>
   <w nite:id="ES2013a.A.words745" starttime="596.41" endtime="597.49">Right</w>
   <w nite:id="ES2013a.A.words746" starttime="597.49" endtime="597.49" punc="true">.</w>
   <w nite:id="ES2013a.A.words747" starttime="603.0" endtime="603.83">Experience</w>
   <w nite:id="ES2013a.A.words748" starttime="603.83" endtime="604.1">with</w>
   <w nite:id="ES2013a.A.words749" starttime="604.1" endtime="604.17">a</w>
   <w nite:id="ES2013a.A.words750" starttime="604.17" endtime="604.51">remote</w>
   <w nite:id="ES2013a.A.words751" starttime="604.51" endtime="605.07">control</w>
   <w nite:id="ES2013a.A.words752" starttime="605.07" endtime="605.07" punc="true">.</w>
   <w nite:id="ES2013a.A.words753" starttime="605.07" endtime="605.18">Any</w>
   <w nite:id="ES2013a.A.words754" starttime="605.18" endtime="605.26">of</w>
   <w nite:id="ES2013a.A.words755" starttime="605.26" endtime="605.32">you</w>
   <w nite:id="ES2013a.A.words756" starttime="605.32" endtime="605.65">use</w>
   <w nite:id="ES2013a.A.words757" starttime="605.65" endtime="605.78">of</w>
   <w nite:id="ES2013a.A.words758" starttime="605.78" endtime="606.08">remote</w>
   <w nite:id="ES2013a.A.words759" starttime="606.08" endtime="606.74">control</w>
   <w nite:id="ES2013a.A.words760" starttime="606.74" endtime="607.09">for</w>
   <w nite:id="ES2013a.A.words761" starttime="607.09" endtime="607.49">a</w>
   <w nite:id="ES2013a.A.words762" starttime="607.49" endtime="608.2">television</w>
   <w nite:id="ES2013a.A.words763" starttime="608.2" endtime="608.73">or</w>
   <w nite:id="ES2013a.A.words764" starttime="608.73" endtime="609.36">D_V_D_</w>
   <w nite:id="ES2013a.A.words765" starttime="609.36" endtime="609.77">or</w>
   <w nite:id="ES2013a.A.words766" starttime="609.77" endtime="610.73">something</w>
   <w nite:id="ES2013a.A.words767" starttime="610.73" endtime="610.73" punc="true">?</w>
   <w nite:id="ES2013a.A.words768" starttime="610.73" endtime="610.85">You&#39;re</w>
   <w nite:id="ES2013a.A.words769" starttime="610.85" endtime="611.12">both</w>
   <w nite:id="ES2013a.A.words770" starttime="611.12" endtime="611.68">nodding</w>
   <w nite:id="ES2013a.A.words771" starttime="611.68" endtime="611.68" punc="true">,</w>
   <w nite:id="ES2013a.A.words772" starttime="611.68" endtime="611.91">all</w>
   <w nite:id="ES2013a.A.words773" starttime="611.91" endtime="612.32">three</w>
   <w nite:id="ES2013a.A.words774" starttime="612.32" endtime="612.32" punc="true">.</w>
   <w nite:id="ES2013a.A.words775" starttime="616.04" endtime="616.59">Well</w>
   <w nite:id="ES2013a.A.words776" starttime="618.34" endtime="618.53">I&#39;ve</w>
   <w nite:id="ES2013a.A.words777" starttime="618.53" endtime="618.77">seen</w>
   <w nite:id="ES2013a.A.words778" starttime="618.77" endtime="619.11">some</w>
   <w nite:id="ES2013a.A.words779" starttime="619.11" endtime="619.46">remote</w>
   <w nite:id="ES2013a.A.words780" starttime="619.46" endtime="620.07">controls</w>
   <w nite:id="ES2013a.A.words781" starttime="620.07" endtime="620.21">that</w>
   <w nite:id="ES2013a.A.words782" starttime="620.21" endtime="620.29">are</w>
   <w nite:id="ES2013a.A.words783" starttime="620.29" endtime="620.79">for</w>
   <w nite:id="ES2013a.A.words784" starttime="620.79" endtime="621.09">more</w>
   <w nite:id="ES2013a.A.words785" starttime="621.09" endtime="621.28">than</w>
   <w nite:id="ES2013a.A.words786" starttime="621.28" endtime="621.49">one</w>
   <w nite:id="ES2013a.A.words787" starttime="621.49" endtime="622.06">device</w>
   <w nite:id="ES2013a.A.words788" starttime="622.06" endtime="622.15">at</w>
   <w nite:id="ES2013a.A.words789" starttime="622.15" endtime="622.24">a</w>
   <w nite:id="ES2013a.A.words790" starttime="622.24" endtime="623.68">time</w>
   <w nite:id="ES2013a.A.words791" starttime="623.68" endtime="623.68" punc="true">,</w>
   <w nite:id="ES2013a.A.words792" starttime="623.68" endtime="623.83">but</w>
   <w nite:id="ES2013a.A.words793" starttime="623.83" endtime="623.87">I</w>
   <w nite:id="ES2013a.A.words794" starttime="623.87" endtime="624.22">also</w>
   <w nite:id="ES2013a.A.words795" starttime="624.22" endtime="624.36">have</w>
   <w nite:id="ES2013a.A.words796" starttime="624.36" endtime="624.6">heard</w>
   <w nite:id="ES2013a.A.words797" starttime="624.6" endtime="625.01">about</w>
   <w nite:id="ES2013a.A.words798" starttime="625.01" endtime="625.29">them</w>
   <w nite:id="ES2013a.A.words799" starttime="625.29" endtime="625.54">not</w>
   <w nite:id="ES2013a.A.words800" starttime="625.54" endtime="626.12">working</w>
   <w nite:id="ES2013a.A.words801" starttime="626.12" endtime="626.59">well</w>
   <w nite:id="ES2013a.A.words802" starttime="626.59" endtime="626.85">or</w>
   <w nite:id="ES2013a.A.words803" starttime="626.85" endtime="627.1">not</w>
   <w nite:id="ES2013a.A.words804" starttime="627.1" endtime="627.33">well</w>
   <w nite:id="ES2013a.A.words805" starttime="627.33" endtime="628.1">co-ordinated</w>
   <w nite:id="ES2013a.A.words806" starttime="628.1" endtime="628.21">and</w>
   <w nite:id="ES2013a.A.words807" starttime="628.21" endtime="628.29">you</w>
   <w nite:id="ES2013a.A.words808" starttime="628.29" endtime="628.53">wind</w>
   <w nite:id="ES2013a.A.words809" starttime="628.53" endtime="628.66">up</w>
   <w nite:id="ES2013a.A.words810" starttime="628.66" endtime="628.98">working</w>
   <w nite:id="ES2013a.A.words811" starttime="628.98" endtime="629.12">with</w>
   <w nite:id="ES2013a.A.words812" starttime="629.12" endtime="629.34">this</w>
   <w nite:id="ES2013a.A.words813" starttime="629.34" endtime="629.54">one</w>
   <w nite:id="ES2013a.A.words814" starttime="629.54" endtime="629.69">for</w>
   <w nite:id="ES2013a.A.words815" starttime="629.69" endtime="629.97" trunc="true">thi</w>
   <w nite:id="ES2013a.A.words816" starttime="629.97" endtime="630.2">this</w>
   <w nite:id="ES2013a.A.words817" starttime="630.2" endtime="630.63">three</w>
   <w nite:id="ES2013a.A.words818" starttime="630.63" endtime="630.76">and</w>
   <w nite:id="ES2013a.A.words819" starttime="630.76" endtime="630.94">then</w>
   <w nite:id="ES2013a.A.words820" starttime="630.94" endtime="631.16">this</w>
   <w nite:id="ES2013a.A.words821" starttime="631.16" endtime="631.32">one</w>
   <w nite:id="ES2013a.A.words822" starttime="631.32" endtime="631.53">over</w>
   <w nite:id="ES2013a.A.words823" starttime="631.53" endtime="631.84">here</w>
   <w nite:id="ES2013a.A.words824" starttime="631.84" endtime="632.06">for</w>
   <w nite:id="ES2013a.A.words825" starttime="632.06" endtime="632.56">another</w>
   <w nite:id="ES2013a.A.words826" starttime="632.56" endtime="632.56" punc="true">.</w>
   <w nite:id="ES2013a.A.words827" starttime="643.16" endtime="643.25">And</w>
   <w nite:id="ES2013a.A.words828" starttime="643.25" endtime="643.31">they</w>
   <w nite:id="ES2013a.A.words829" starttime="643.31" endtime="643.51">don&#39;t</w>
   <w nite:id="ES2013a.A.words830" starttime="643.51" endtime="643.85">always</w>
   <w nite:id="ES2013a.A.words831" starttime="643.85" endtime="644.12">talk</w>
   <w nite:id="ES2013a.A.words832" starttime="644.12" endtime="644.23">to</w>
   <w nite:id="ES2013a.A.words833" starttime="644.23" endtime="644.43">each</w>
   <w nite:id="ES2013a.A.words834" starttime="644.43" endtime="644.81">other</w>
   <w nite:id="ES2013a.A.words835" starttime="644.81" endtime="644.81" punc="true">.</w>
   <w nite:id="ES2013a.A.words836" starttime="647.76" endtime="648.03">Don&#39;t</w>
   <w nite:id="ES2013a.A.words837" starttime="648.03" endtime="648.3">know</w>
   <w nite:id="ES2013a.A.words838" starttime="648.3" endtime="648.3" punc="true">.</w>
   <w nite:id="ES2013a.A.words839" starttime="649.92" endtime="650.51">Okay</w>
   <w nite:id="ES2013a.A.words840" starttime="650.51" endtime="650.51" punc="true">.</w>
   <w nite:id="ES2013a.A.words841" starttime="650.51" endtime="650.66">Are</w>
   <w nite:id="ES2013a.A.words842" starttime="650.66" endtime="650.83">there</w>
   <w nite:id="ES2013a.A.words843" starttime="650.83" endtime="651.68">any</w>
   <w nite:id="ES2013a.A.words844" starttime="651.68" endtime="652.99">um</w>
   <w nite:id="ES2013a.A.words845" starttime="652.99" endtime="653.66">ideas</w>
   <w nite:id="ES2013a.A.words846" starttime="653.66" endtime="653.99">for</w>
   <w nite:id="ES2013a.A.words847" starttime="653.99" endtime="654.1">the</w>
   <w nite:id="ES2013a.A.words848" starttime="654.1" endtime="654.52">remote</w>
   <w nite:id="ES2013a.A.words849" starttime="654.52" endtime="654.52" punc="true">?</w>
   <w nite:id="ES2013a.A.words850" starttime="654.52" endtime="654.72">What</w>
   <w nite:id="ES2013a.A.words851" starttime="654.72" endtime="654.84">would</w>
   <w nite:id="ES2013a.A.words852" starttime="654.84" endtime="654.95">it</w>
   <w nite:id="ES2013a.A.words853" starttime="654.95" endtime="655.06">be</w>
   <w nite:id="ES2013a.A.words854" starttime="655.06" endtime="656.03">for</w>
   <w nite:id="ES2013a.A.words855" starttime="656.03" endtime="656.24">and</w>
   <w nite:id="ES2013a.A.words856" starttime="656.24" endtime="656.72">what</w>
   <w nite:id="ES2013a.A.words857" starttime="656.72" endtime="657.21">group</w>
   <w nite:id="ES2013a.A.words858" starttime="657.21" endtime="657.34">would</w>
   <w nite:id="ES2013a.A.words859" starttime="657.34" endtime="657.45">be</w>
   <w nite:id="ES2013a.A.words860" starttime="657.45" endtime="657.57">be</w>
   <w nite:id="ES2013a.A.words861" starttime="657.57" endtime="658.05">for</w>
   <w nite:id="ES2013a.A.words862" starttime="658.05" endtime="658.05" punc="true">?</w>
   <w nite:id="ES2013a.A.words863" starttime="660.61" endtime="660.72">We</w>
   <w nite:id="ES2013a.A.words864" starttime="660.72" endtime="660.89">have</w>
   <w nite:id="ES2013a.A.words865" starttime="660.89" endtime="660.97">to</w>
   <w nite:id="ES2013a.A.words866" starttime="660.97" endtime="661.26">think</w>
   <w nite:id="ES2013a.A.words867" starttime="661.26" endtime="661.68">about</w>
   <w nite:id="ES2013a.A.words868" starttime="661.68" endtime="661.95">that</w>
   <w nite:id="ES2013a.A.words869" starttime="661.95" endtime="662.18">one</w>
   <w nite:id="ES2013a.A.words870" starttime="662.18" endtime="662.18" punc="true">.</w>
   <vocalsound nite:id="ES2013a.A.words871" starttime="666.896" endtime="668.704" type="laugh"/>
   <vocalsound nite:id="ES2013a.A.words872" starttime="705.968" endtime="707.632" type="laugh"/>
   <w nite:id="ES2013a.A.words873" starttime="708.92" endtime="709.27">Okay</w>
   <w nite:id="ES2013a.A.words874" starttime="709.27" endtime="709.27" punc="true">.</w>
   <w nite:id="ES2013a.A.words875" starttime="729.36" endtime="729.69">Mm</w>
   <w nite:id="ES2013a.A.words876" starttime="729.69" endtime="729.69" punc="true">.</w>
   <vocalsound nite:id="ES2013a.A.words877" starttime="731.025" endtime="731.025" type="other"/>
   <w nite:id="ES2013a.A.words878" starttime="731.49" endtime="731.89">Okay</w>
   <w nite:id="ES2013a.A.words879" starttime="731.89" endtime="731.89" punc="true">.</w>
   <w nite:id="ES2013a.A.words880" starttime="745.77" endtime="746.76">Yeah</w>
   <w nite:id="ES2013a.A.words881" starttime="746.76" endtime="746.76" punc="true">.</w>
   <w nite:id="ES2013a.A.words882" starttime="746.76" endtime="749.01">Um</w>
   <w nite:id="ES2013a.A.words883" starttime="749.01" endtime="749.15">I</w>
   <w nite:id="ES2013a.A.words884" starttime="749.15" endtime="749.33">know</w>
   <w nite:id="ES2013a.A.words885" starttime="749.33" endtime="749.5">this</w>
   <w nite:id="ES2013a.A.words886" starttime="749.5" endtime="749.8">sounds</w>
   <w nite:id="ES2013a.A.words887" starttime="749.8" endtime="749.94">like</w>
   <w nite:id="ES2013a.A.words888" starttime="749.94" endtime="750.05">it</w>
   <w nite:id="ES2013a.A.words889" starttime="750.05" endtime="750.19">was</w>
   <w nite:id="ES2013a.A.words890" starttime="750.19" endtime="750.46">very</w>
   <w nite:id="ES2013a.A.words891" starttime="750.46" endtime="751.02">quick</w>
   <w nite:id="ES2013a.A.words892" starttime="751.02" endtime="751.02" punc="true">,</w>
   <w nite:id="ES2013a.A.words893" starttime="751.02" endtime="752.08">but</w>
   <w nite:id="ES2013a.A.words894" starttime="752.08" endtime="752.86">the</w>
   <w nite:id="ES2013a.A.words895" starttime="754.98" endtime="755.14">I</w>
   <w nite:id="ES2013a.A.words896" starttime="755.14" endtime="755.41">think</w>
   <w nite:id="ES2013a.A.words897" starttime="755.41" endtime="755.75">that&#39;s</w>
   <w nite:id="ES2013a.A.words898" starttime="755.75" endtime="755.91">the</w>
   <w nite:id="ES2013a.A.words899" starttime="755.91" endtime="756.55">industrial</w>
   <w nite:id="ES2013a.A.words900" starttime="756.55" endtime="757.02">design</w>
   <w nite:id="ES2013a.A.words901" starttime="757.02" endtime="757.21">is</w>
   <w nite:id="ES2013a.A.words902" starttime="757.21" endtime="757.3">the</w>
   <w nite:id="ES2013a.A.words903" starttime="757.3" endtime="757.75">first</w>
   <w nite:id="ES2013a.A.words904" starttime="757.75" endtime="757.89">one</w>
   <w nite:id="ES2013a.A.words905" starttime="757.89" endtime="757.89" punc="true">,</w>
   <w nite:id="ES2013a.A.words906" starttime="757.89" endtime="758.13">that&#39;s</w>
   <w nite:id="ES2013a.A.words907" starttime="758.13" endtime="759.17">Kate</w>
   <w nite:id="ES2013a.A.words908" starttime="759.17" endtime="759.17" punc="true">,</w>
   <w nite:id="ES2013a.A.words909" starttime="759.17" endtime="759.61">for</w>
   <w nite:id="ES2013a.A.words910" starttime="759.61" endtime="759.71">the</w>
   <w nite:id="ES2013a.A.words911" starttime="759.71" endtime="760.12">working</w>
   <w nite:id="ES2013a.A.words912" starttime="760.12" endtime="761.48">design</w>
   <w nite:id="ES2013a.A.words913" starttime="761.48" endtime="761.48" punc="true">.</w>
   <w nite:id="ES2013a.A.words914" starttime="761.48" endtime="762.23">And</w>
   <w nite:id="ES2013a.A.words915" starttime="762.23" endtime="763.14">user</w>
   <w nite:id="ES2013a.A.words916" starttime="763.14" endtime="763.14" punc="true">,</w>
   <w nite:id="ES2013a.A.words917" starttime="763.14" endtime="763.44">that&#39;s</w>
   <w nite:id="ES2013a.A.words918" starttime="763.44" endtime="763.79">you</w>
   <w nite:id="ES2013a.A.words919" starttime="763.79" endtime="764.19" trunc="true">S</w>
   <w nite:id="ES2013a.A.words920" starttime="764.19" endtime="765.18">Steph</w>
   <w nite:id="ES2013a.A.words921" starttime="765.18" endtime="765.18" punc="true">,</w>
   <w nite:id="ES2013a.A.words922" starttime="765.18" endtime="765.42">for</w>
   <w nite:id="ES2013a.A.words923" starttime="765.42" endtime="765.6">the</w>
   <w nite:id="ES2013a.A.words924" starttime="765.6" endtime="766.14">technical</w>
   <w nite:id="ES2013a.A.words925" starttime="766.14" endtime="766.76">functions</w>
   <w nite:id="ES2013a.A.words926" starttime="766.76" endtime="768.08">design</w>
   <w nite:id="ES2013a.A.words927" starttime="768.08" endtime="768.08" punc="true">,</w>
   <w nite:id="ES2013a.A.words928" starttime="768.08" endtime="768.44">and</w>
   <w nite:id="ES2013a.A.words929" starttime="768.44" endtime="768.6">for</w>
   <w nite:id="ES2013a.A.words930" starttime="768.6" endtime="769.19">marketing</w>
   <w nite:id="ES2013a.A.words931" starttime="769.19" endtime="769.31">the</w>
   <w nite:id="ES2013a.A.words932" starttime="769.31" endtime="769.64">user</w>
   <w nite:id="ES2013a.A.words933" starttime="769.64" endtime="770.39">requirements</w>
   <w nite:id="ES2013a.A.words934" starttime="770.39" endtime="772.14">specification</w>
   <w nite:id="ES2013a.A.words935" starttime="772.14" endtime="772.14" punc="true">.</w>
   <w nite:id="ES2013a.A.words936" starttime="772.14" endtime="772.33">I</w>
   <w nite:id="ES2013a.A.words937" starttime="772.33" endtime="772.67">think</w>
   <w nite:id="ES2013a.A.words938" starttime="772.67" endtime="772.88">there&#39;s</w>
   <w nite:id="ES2013a.A.words939" starttime="772.88" endtime="773.09">going</w>
   <w nite:id="ES2013a.A.words940" starttime="773.09" endtime="773.17">to</w>
   <w nite:id="ES2013a.A.words941" starttime="773.17" endtime="773.31">be</w>
   <w nite:id="ES2013a.A.words942" starttime="773.31" endtime="773.38">a</w>
   <w nite:id="ES2013a.A.words943" starttime="773.38" endtime="773.78">lot</w>
   <w nite:id="ES2013a.A.words944" starttime="773.78" endtime="774.45">of</w>
   <disfmarker nite:id="ES2013a.A.words945" starttime="774.45" endtime="774.45"/>
   <w nite:id="ES2013a.A.words946" starttime="774.45" endtime="774.62">we</w>
   <w nite:id="ES2013a.A.words947" starttime="774.62" endtime="774.87">have</w>
   <w nite:id="ES2013a.A.words948" starttime="774.87" endtime="774.97">to</w>
   <w nite:id="ES2013a.A.words949" starttime="774.97" endtime="775.2">help</w>
   <w nite:id="ES2013a.A.words950" starttime="775.2" endtime="775.4">each</w>
   <w nite:id="ES2013a.A.words951" starttime="775.4" endtime="775.59">other</w>
   <w nite:id="ES2013a.A.words952" starttime="775.59" endtime="775.7">and</w>
   <w nite:id="ES2013a.A.words953" starttime="775.7" endtime="776.02">work</w>
   <w nite:id="ES2013a.A.words954" starttime="776.02" endtime="776.41">through</w>
   <w nite:id="ES2013a.A.words955" starttime="776.41" endtime="776.67">this</w>
   <w nite:id="ES2013a.A.words956" starttime="776.67" endtime="776.8">as</w>
   <w nite:id="ES2013a.A.words957" starttime="776.8" endtime="776.9">a</w>
   <w nite:id="ES2013a.A.words958" starttime="776.9" endtime="778.26">group</w>
   <w nite:id="ES2013a.A.words959" starttime="778.26" endtime="778.26" punc="true">,</w>
   <w nite:id="ES2013a.A.words960" starttime="778.26" endtime="778.66">and</w>
   <w nite:id="ES2013a.A.words961" starttime="778.66" endtime="778.73">I</w>
   <w nite:id="ES2013a.A.words962" starttime="778.73" endtime="779.05">think</w>
   <w nite:id="ES2013a.A.words963" starttime="779.05" endtime="779.14">we</w>
   <w nite:id="ES2013a.A.words964" starttime="779.14" endtime="779.84">all</w>
   <w nite:id="ES2013a.A.words965" starttime="779.84" endtime="779.84" punc="true">,</w>
   <w nite:id="ES2013a.A.words966" starttime="779.84" endtime="779.96">you</w>
   <w nite:id="ES2013a.A.words967" starttime="779.96" endtime="780.93">know</w>
   <w nite:id="ES2013a.A.words968" starttime="780.93" endtime="780.93" punc="true">,</w>
   <vocalsound nite:id="ES2013a.A.words969" starttime="780.93" endtime="780.93" type="other"/>
   <w nite:id="ES2013a.A.words970" starttime="780.93" endtime="781.14">we</w>
   <w nite:id="ES2013a.A.words971" starttime="781.14" endtime="781.38">like</w>
   <w nite:id="ES2013a.A.words972" starttime="781.38" endtime="781.48">our</w>
   <w nite:id="ES2013a.A.words973" starttime="781.48" endtime="782.04">kitty-cat</w>
   <w nite:id="ES2013a.A.words974" starttime="782.04" endtime="782.18">and</w>
   <w nite:id="ES2013a.A.words975" starttime="782.18" endtime="782.3">our</w>
   <w nite:id="ES2013a.A.words976" starttime="782.3" endtime="782.63">rat</w>
   <w nite:id="ES2013a.A.words977" starttime="782.63" endtime="782.75">and</w>
   <w nite:id="ES2013a.A.words978" starttime="782.75" endtime="783.15">our</w>
   <w nite:id="ES2013a.A.words979" starttime="783.15" endtime="783.73">fish</w>
   <w nite:id="ES2013a.A.words980" starttime="783.73" endtime="783.73" punc="true">,</w>
   <w nite:id="ES2013a.A.words981" starttime="783.73" endtime="784.32">but</w>
   <w nite:id="ES2013a.A.words982" starttime="784.32" endtime="784.42">I</w>
   <w nite:id="ES2013a.A.words983" starttime="784.42" endtime="784.64">think</w>
   <w nite:id="ES2013a.A.words984" starttime="784.64" endtime="784.74">we</w>
   <w nite:id="ES2013a.A.words985" starttime="784.74" endtime="784.94">all</w>
   <w nite:id="ES2013a.A.words986" starttime="784.94" endtime="785.07">have</w>
   <w nite:id="ES2013a.A.words987" starttime="785.07" endtime="785.17">to</w>
   <w nite:id="ES2013a.A.words988" starttime="785.17" endtime="785.42">like</w>
   <w nite:id="ES2013a.A.words989" starttime="785.42" endtime="785.64">each</w>
   <w nite:id="ES2013a.A.words990" starttime="785.64" endtime="786.65">other</w>
   <w nite:id="ES2013a.A.words991" starttime="786.65" endtime="786.98">um</w>
   <w nite:id="ES2013a.A.words992" starttime="786.98" endtime="787.06">to</w>
   <w nite:id="ES2013a.A.words993" starttime="787.06" endtime="787.25">get</w>
   <w nite:id="ES2013a.A.words994" starttime="787.25" endtime="787.41">this</w>
   <w nite:id="ES2013a.A.words995" starttime="787.41" endtime="788.88">done</w>
   <w nite:id="ES2013a.A.words996" starttime="788.88" endtime="788.88" punc="true">.</w>
   <w nite:id="ES2013a.A.words997" starttime="788.88" endtime="789.14">Uh</w>
   <w nite:id="ES2013a.A.words998" starttime="789.14" endtime="789.26">as</w>
   <w nite:id="ES2013a.A.words999" starttime="789.26" endtime="789.39">it</w>
   <w nite:id="ES2013a.A.words1000" starttime="789.39" endtime="789.7">says</w>
   <w nite:id="ES2013a.A.words1001" starttime="789.7" endtime="789.7" punc="true">,</w>
   <w nite:id="ES2013a.A.words1002" starttime="789.7" endtime="789.83">we&#39;re</w>
   <w nite:id="ES2013a.A.words1003" starttime="789.83" endtime="790.03">gonna</w>
   <w nite:id="ES2013a.A.words1004" starttime="790.03" endtime="790.29">get</w>
   <w nite:id="ES2013a.A.words1005" starttime="790.29" endtime="790.9">individual</w>
   <w nite:id="ES2013a.A.words1006" starttime="790.9" endtime="792.63">instructions</w>
   <w nite:id="ES2013a.A.words1007" starttime="792.63" endtime="792.63" punc="true">,</w>
   <w nite:id="ES2013a.A.words1008" starttime="792.63" endtime="792.92">but</w>
   <w nite:id="ES2013a.A.words1009" starttime="792.92" endtime="793.25">uh</w>
   <w nite:id="ES2013a.A.words1010" starttime="793.25" endtime="793.36">I</w>
   <w nite:id="ES2013a.A.words1011" starttime="793.36" endtime="793.57">don&#39;t</w>
   <w nite:id="ES2013a.A.words1012" starttime="793.57" endtime="793.75">think</w>
   <w nite:id="ES2013a.A.words1013" starttime="793.75" endtime="793.83">they</w>
   <w nite:id="ES2013a.A.words1014" starttime="793.83" endtime="794.18">allowed</w>
   <w nite:id="ES2013a.A.words1015" starttime="794.18" endtime="794.22">a</w>
   <w nite:id="ES2013a.A.words1016" starttime="794.22" endtime="794.51">lot</w>
   <w nite:id="ES2013a.A.words1017" starttime="794.51" endtime="794.6">of</w>
   <w nite:id="ES2013a.A.words1018" starttime="794.6" endtime="795.0">extra</w>
   <w nite:id="ES2013a.A.words1019" starttime="795.0" endtime="795.5">time</w>
   <w nite:id="ES2013a.A.words1020" starttime="795.5" endtime="795.5" punc="true">,</w>
   <w nite:id="ES2013a.A.words1021" starttime="795.5" endtime="795.68">so</w>
   <w nite:id="ES2013a.A.words1022" starttime="795.68" endtime="795.76">I</w>
   <w nite:id="ES2013a.A.words1023" starttime="795.76" endtime="796.35">think</w>
   <w nite:id="ES2013a.A.words1024" starttime="796.35" endtime="796.53">a</w>
   <w nite:id="ES2013a.A.words1025" starttime="796.53" endtime="796.89">little</w>
   <w nite:id="ES2013a.A.words1026" starttime="796.89" endtime="797.07">bit</w>
   <w nite:id="ES2013a.A.words1027" starttime="797.07" endtime="797.44">of</w>
   <w nite:id="ES2013a.A.words1028" starttime="797.44" endtime="797.73">less</w>
   <w nite:id="ES2013a.A.words1029" starttime="797.73" endtime="797.88">of</w>
   <w nite:id="ES2013a.A.words1030" starttime="797.88" endtime="798.15">this</w>
   <w nite:id="ES2013a.A.words1031" starttime="798.15" endtime="798.34">and</w>
   <w nite:id="ES2013a.A.words1032" starttime="798.34" endtime="798.67">more</w>
   <w nite:id="ES2013a.A.words1033" starttime="798.67" endtime="799.09">at</w>
   <w nite:id="ES2013a.A.words1034" starttime="799.09" endtime="800.15">do</w>
   <w nite:id="ES2013a.A.words1035" starttime="800.15" endtime="800.72">will</w>
   <w nite:id="ES2013a.A.words1036" starttime="800.72" endtime="800.98">set</w>
   <w nite:id="ES2013a.A.words1037" starttime="800.98" endtime="801.16">us</w>
   <w nite:id="ES2013a.A.words1038" starttime="801.16" endtime="801.28">in</w>
   <w nite:id="ES2013a.A.words1039" starttime="801.28" endtime="801.48">good</w>
   <w nite:id="ES2013a.A.words1040" starttime="801.48" endtime="802.71">stead</w>
   <w nite:id="ES2013a.A.words1041" starttime="802.71" endtime="802.71" punc="true">.</w>
   <w nite:id="ES2013a.A.words1042" starttime="802.71" endtime="802.79">Do</w>
   <w nite:id="ES2013a.A.words1043" starttime="802.79" endtime="802.88">you</w>
   <w nite:id="ES2013a.A.words1044" starttime="802.88" endtime="803.1">all</w>
   <w nite:id="ES2013a.A.words1045" starttime="803.1" endtime="803.58">agree</w>
   <w nite:id="ES2013a.A.words1046" starttime="803.58" endtime="803.58" punc="true">?</w>
   <w nite:id="ES2013a.A.words1047" starttime="805.44" endtime="806.88">Alright</w>
   <w nite:id="ES2013a.A.words1048" starttime="806.88" endtime="806.88" punc="true">.</w>
   <w nite:id="ES2013a.A.words1049" starttime="806.88" endtime="807.8">Um</w>
   <w nite:id="ES2013a.A.words1050" starttime="807.8" endtime="808.15">then</w>
   <w nite:id="ES2013a.A.words1051" starttime="808.15" endtime="808.27">I</w>
   <w nite:id="ES2013a.A.words1052" starttime="808.27" endtime="808.5">don&#39;t</w>
   <w nite:id="ES2013a.A.words1053" starttime="808.5" endtime="808.7">see</w>
   <w nite:id="ES2013a.A.words1054" starttime="808.7" endtime="808.86">any</w>
   <w nite:id="ES2013a.A.words1055" starttime="808.86" endtime="809.2">reason</w>
   <w nite:id="ES2013a.A.words1056" starttime="809.2" endtime="809.45">to</w>
   <w nite:id="ES2013a.A.words1057" starttime="809.45" endtime="809.94">prolong</w>
   <w nite:id="ES2013a.A.words1058" starttime="809.94" endtime="810.72">it</w>
   <w nite:id="ES2013a.A.words1059" starttime="810.72" endtime="811.15">and</w>
   <w nite:id="ES2013a.A.words1060" starttime="811.15" endtime="811.38" trunc="true">f</w>
   <w nite:id="ES2013a.A.words1061" starttime="811.38" endtime="811.51">we</w>
   <w nite:id="ES2013a.A.words1062" starttime="811.51" endtime="811.77">should</w>
   <w nite:id="ES2013a.A.words1063" starttime="811.77" endtime="812.29">finish</w>
   <w nite:id="ES2013a.A.words1064" starttime="812.29" endtime="812.65">this</w>
   <w nite:id="ES2013a.A.words1065" starttime="812.65" endtime="813.02">meeting</w>
   <w nite:id="ES2013a.A.words1066" starttime="813.02" endtime="813.13">at</w>
   <w nite:id="ES2013a.A.words1067" starttime="813.13" endtime="813.45" trunc="true">ni</w>
   <w nite:id="ES2013a.A.words1068" starttime="813.45" endtime="813.64">right</w>
   <w nite:id="ES2013a.A.words1069" starttime="813.64" endtime="813.96">now</w>
   <w nite:id="ES2013a.A.words1070" starttime="813.96" endtime="814.34">and</w>
   <w nite:id="ES2013a.A.words1071" starttime="814.34" endtime="814.52">go</w>
   <w nite:id="ES2013a.A.words1072" starttime="814.52" endtime="814.7">into</w>
   <w nite:id="ES2013a.A.words1073" starttime="814.7" endtime="814.89">other</w>
   <w nite:id="ES2013a.A.words1074" starttime="814.89" endtime="816.35">things</w>
   <w nite:id="ES2013a.A.words1075" starttime="816.35" endtime="816.35" punc="true">.</w>
   <w nite:id="ES2013a.A.words1076" starttime="816.35" endtime="816.98">Alright</w>
   <w nite:id="ES2013a.A.words1077" starttime="816.98" endtime="816.98" punc="true">,</w>
   <w nite:id="ES2013a.A.words1078" starttime="816.98" endtime="817.53">so</w>
   <w nite:id="ES2013a.A.words1079" starttime="817.53" endtime="817.7">this</w>
   <w nite:id="ES2013a.A.words1080" starttime="817.7" endtime="817.83">is</w>
   <w nite:id="ES2013a.A.words1081" starttime="817.83" endtime="817.93">the</w>
   <w nite:id="ES2013a.A.words1082" starttime="817.93" endtime="818.11">end</w>
   <w nite:id="ES2013a.A.words1083" starttime="818.11" endtime="818.19">of</w>
   <w nite:id="ES2013a.A.words1084" starttime="818.19" endtime="818.27">the</w>
   <w nite:id="ES2013a.A.words1085" starttime="818.27" endtime="818.57">first</w>
   <w nite:id="ES2013a.A.words1086" starttime="818.57" endtime="821.15">meeting</w>
   <w nite:id="ES2013a.A.words1087" starttime="821.15" endtime="821.15" punc="true">.</w>
   <w nite:id="ES2013a.A.words1088" starttime="821.15" endtime="821.38">Thank</w>
   <w nite:id="ES2013a.A.words1089" starttime="821.38" endtime="821.48">you</w>
   <w nite:id="ES2013a.A.words1090" starttime="821.48" endtime="822.32">all</w>
   <w nite:id="ES2013a.A.words1091" starttime="822.32" endtime="822.32" punc="true">.</w>
</nite:root>