<?xml version="1.0" encoding="ISO-8859-1" standalone="yes"?>
<nite:root nite:id="Bmr001.B.segs" xmlns:nite="http://nite.sourceforge.net/">
   <segment nite:id="Bmr001.segment.1" starttime="2.287" endtime="3.217" participant="me011" timing-provenance="dialogueact">
      <nite:child href="Bmr001.B.words.xml#id(Bmr001.w.1)..id(Bmr001.w.7)"/>
   </segment>
   <segment nite:id="Bmr001.segment.3" starttime="4.047" endtime="5.517" participant="me011" timing-provenance="dialogueact">
      <nite:child href="Bmr001.B.words.xml#id(Bmr001.w.10)..id(Bmr001.w.17)"/>
   </segment>
   <segment nite:id="Bmr001.segment.6" starttime="6.234" endtime="7.076" participant="me011" timing-provenance="segment">
      <nite:child href="Bmr001.B.words.xml#id(Bmr001.vocalsound.1)"/>
   </segment>
   <segment nite:id="Bmr001.segment.9" starttime="10.358" endtime="10.908" participant="me011" timing-provenance="dialogueact">
      <nite:child href="Bmr001.B.words.xml#id(Bmr001.w.41)..id(Bmr001.w.44)"/>
   </segment>
   <segment nite:id="Bmr001.segment.12" starttime="13.613" endtime="13.973" participant="me011" timing-provenance="dialogueact">
      <nite:child href="Bmr001.B.words.xml#id(Bmr001.w.55)..id(Bmr001.w.58)"/>
   </segment>
   <segment nite:id="Bmr001.segment.14" starttime="15.777" endtime="17.194" participant="me011" timing-provenance="segment">
      <nite:child href="Bmr001.B.words.xml#id(Bmr001.w.72)..id(Bmr001.comment.1)"/>
   </segment>
   <segment nite:id="Bmr001.segment.23" starttime="37.335" endtime="37.425" participant="me011" timing-provenance="dialogueact">
      <nite:child href="Bmr001.B.words.xml#id(Bmr001.w.152)..id(Bmr001.w.153)"/>
   </segment>
   <segment nite:id="Bmr001.segment.27" starttime="39.281" endtime="40.151" participant="me011" timing-provenance="dialogueact">
      <nite:child href="Bmr001.B.words.xml#id(Bmr001.w.171)..id(Bmr001.w.175)"/>
   </segment>
   <segment nite:id="Bmr001.segment.35" starttime="46.825" endtime="48.435" participant="me011" timing-provenance="dialogueact">
      <nite:child href="Bmr001.B.words.xml#id(Bmr001.w.199)..id(Bmr001.w.205)"/>
   </segment>
   <segment nite:id="Bmr001.segment.36" starttime="48.924" endtime="51.524" participant="me011" timing-provenance="dialogueact">
      <nite:child href="Bmr001.B.words.xml#id(Bmr001.w.206)..id(Bmr001.w.213)"/>
   </segment>
   <segment nite:id="Bmr001.segment.39" starttime="51.859" endtime="52.789" participant="me011" timing-provenance="segment">
      <nite:child href="Bmr001.B.words.xml#id(Bmr001.w.225)..id(Bmr001.disfmarker.12)"/>
   </segment>
   <segment nite:id="Bmr001.segment.41" starttime="55.147" endtime="55.387" participant="me011" timing-provenance="dialogueact">
      <nite:child href="Bmr001.B.words.xml#id(Bmr001.w.240)..id(Bmr001.w.241)"/>
   </segment>
   <segment nite:id="Bmr001.segment.44" starttime="63.146" endtime="65.746" participant="me011" timing-provenance="dialogueact">
      <nite:child href="Bmr001.B.words.xml#id(Bmr001.w.257)..id(Bmr001.w.267)"/>
   </segment>
   <segment nite:id="Bmr001.segment.45" starttime="66.467" endtime="68.077" participant="me011" timing-provenance="dialogueact">
      <nite:child href="Bmr001.B.words.xml#id(Bmr001.w.268)..id(Bmr001.w.275)"/>
   </segment>
   <segment nite:id="Bmr001.segment.48" starttime="70.852" endtime="71.193" participant="me011" timing-provenance="segment">
      <nite:child href="Bmr001.B.words.xml#id(Bmr001.w.302)..id(Bmr001.disfmarker.15)"/>
   </segment>
   <segment nite:id="Bmr001.segment.55" starttime="85.115" endtime="85.435" participant="me011" timing-provenance="dialogueact">
      <nite:child href="Bmr001.B.words.xml#id(Bmr001.w.352)..id(Bmr001.w.354)"/>
   </segment>
   <segment nite:id="Bmr001.segment.64" starttime="109.509" endtime="110.709" participant="me011" timing-provenance="dialogueact">
      <nite:child href="Bmr001.B.words.xml#id(Bmr001.w.452)..id(Bmr001.w.459)"/>
   </segment>
   <segment nite:id="Bmr001.segment.67" starttime="111.7" endtime="119.071" participant="me011" timing-provenance="segment">
      <nite:child href="Bmr001.B.words.xml#id(Bmr001.w.467)..id(Bmr001.disfmarker.22)"/>
   </segment>
   <segment nite:id="Bmr001.segment.68" starttime="119.598" endtime="123.888" participant="me011" timing-provenance="dialogueact">
      <nite:child href="Bmr001.B.words.xml#id(Bmr001.w.493)..id(Bmr001.w.516)"/>
   </segment>
   <segment nite:id="Bmr001.segment.70" starttime="127.01" endtime="127.46" participant="me011" timing-provenance="dialogueact">
      <nite:child href="Bmr001.B.words.xml#id(Bmr001.w.529)..id(Bmr001.w.532)"/>
   </segment>
   <segment nite:id="Bmr001.segment.74" starttime="131.26" endtime="132.01" participant="me011" timing-provenance="dialogueact">
      <nite:child href="Bmr001.B.words.xml#id(Bmr001.w.548)..id(Bmr001.w.554)"/>
   </segment>
   <segment nite:id="Bmr001.segment.75" starttime="132.122" endtime="132.623" participant="me011" timing-provenance="segment">
      <nite:child href="Bmr001.B.words.xml#id(Bmr001.vocalsound.4)"/>
   </segment>
   <segment nite:id="Bmr001.segment.78" starttime="134.782" endtime="142.962" participant="me011" timing-provenance="dialogueact">
      <nite:child href="Bmr001.B.words.xml#id(Bmr001.w.565)..id(Bmr001.w.600)"/>
   </segment>
   <segment nite:id="Bmr001.segment.82" starttime="148.275" endtime="148.535" participant="me011" timing-provenance="dialogueact">
      <nite:child href="Bmr001.B.words.xml#id(Bmr001.w.627)"/>
   </segment>
   <segment nite:id="Bmr001.segment.84" starttime="148.887" endtime="150.94" participant="me011" timing-provenance="segment">
      <nite:child href="Bmr001.B.words.xml#id(Bmr001.w.630)..id(Bmr001.disfmarker.27)"/>
   </segment>
   <segment nite:id="Bmr001.segment.88" starttime="160.571" endtime="160.851" participant="me011" timing-provenance="dialogueact">
      <nite:child href="Bmr001.B.words.xml#id(Bmr001.w.716)..id(Bmr001.w.717)"/>
   </segment>
   <segment nite:id="Bmr001.segment.92" starttime="164.182" endtime="169.932" participant="me011" timing-provenance="dialogueact">
      <nite:child href="Bmr001.B.words.xml#id(Bmr001.w.726)..id(Bmr001.w.753)"/>
   </segment>
   <segment nite:id="Bmr001.segment.109" starttime="203.216" endtime="208.706" participant="me011" digittask="true" timing-provenance="segment">
      <nite:child href="Bmr001.B.words.xml#id(Bmr001.w.832)..id(Bmr001.comment.17)"/>
   </segment>
   <segment nite:id="Bmr001.segment.110" starttime="209.321" endtime="210.523" participant="me011" digittask="true" timing-provenance="segment">
      <nite:child href="Bmr001.B.words.xml#id(Bmr001.w.851)..id(Bmr001.comment.18)"/>
   </segment>
   <segment nite:id="Bmr001.segment.111" starttime="210.721" endtime="211.986" participant="me011" digittask="true" timing-provenance="segment">
      <nite:child href="Bmr001.B.words.xml#id(Bmr001.w.854)..id(Bmr001.comment.19)"/>
   </segment>
   <segment nite:id="Bmr001.segment.112" starttime="212.119" endtime="212.591" participant="me011" digittask="true" timing-provenance="segment">
      <nite:child href="Bmr001.B.words.xml#id(Bmr001.w.857)..id(Bmr001.comment.20)"/>
   </segment>
   <segment nite:id="Bmr001.segment.113" starttime="212.591" endtime="213.304" participant="me011" digittask="true" timing-provenance="segment">
      <nite:child href="Bmr001.B.words.xml#id(Bmr001.w.858)..id(Bmr001.comment.21)"/>
   </segment>
   <segment nite:id="Bmr001.segment.114" starttime="213.662" endtime="215.957" participant="me011" digittask="true" timing-provenance="segment">
      <nite:child href="Bmr001.B.words.xml#id(Bmr001.w.859)..id(Bmr001.comment.22)"/>
   </segment>
   <segment nite:id="Bmr001.segment.115" starttime="216.203" endtime="217.402" participant="me011" digittask="true" timing-provenance="segment">
      <nite:child href="Bmr001.B.words.xml#id(Bmr001.w.863)..id(Bmr001.comment.23)"/>
   </segment>
   <segment nite:id="Bmr001.segment.116" starttime="217.534" endtime="220.801" participant="me011" digittask="true" timing-provenance="segment">
      <nite:child href="Bmr001.B.words.xml#id(Bmr001.w.865)..id(Bmr001.comment.24)"/>
   </segment>
   <segment nite:id="Bmr001.segment.117" starttime="220.981" endtime="221.557" participant="me011" digittask="true" timing-provenance="segment">
      <nite:child href="Bmr001.B.words.xml#id(Bmr001.w.872)..id(Bmr001.comment.25)"/>
   </segment>
   <segment nite:id="Bmr001.segment.118" starttime="222.463" endtime="224.446" participant="me011" digittask="true" timing-provenance="segment">
      <nite:child href="Bmr001.B.words.xml#id(Bmr001.w.873)..id(Bmr001.comment.26)"/>
   </segment>
   <segment nite:id="Bmr001.segment.119" starttime="224.607" endtime="225.617" participant="me011" digittask="true" timing-provenance="segment">
      <nite:child href="Bmr001.B.words.xml#id(Bmr001.w.877)..id(Bmr001.comment.27)"/>
   </segment>
   <segment nite:id="Bmr001.segment.131" starttime="247.932" endtime="251.474" participant="me011" timing-provenance="segment">
      <nite:child href="Bmr001.B.words.xml#id(Bmr001.w.923)..id(Bmr001.vocalsound.7)"/>
   </segment>
   <segment nite:id="Bmr001.segment.133" starttime="251.554" endtime="252.324" participant="me011" timing-provenance="dialogueact">
      <nite:child href="Bmr001.B.words.xml#id(Bmr001.w.942)..id(Bmr001.w.947)"/>
   </segment>
   <segment nite:id="Bmr001.segment.134" starttime="252.674" endtime="252.984" participant="me011" timing-provenance="dialogueact">
      <nite:child href="Bmr001.B.words.xml#id(Bmr001.w.948)..id(Bmr001.w.949)"/>
   </segment>
   <segment nite:id="Bmr001.segment.136" starttime="255.936" endtime="256.236" participant="me011" timing-provenance="dialogueact">
      <nite:child href="Bmr001.B.words.xml#id(Bmr001.w.967)..id(Bmr001.w.970)"/>
   </segment>
   <segment nite:id="Bmr001.segment.149" starttime="281.881" endtime="284.361" participant="me011" timing-provenance="dialogueact">
      <nite:child href="Bmr001.B.words.xml#id(Bmr001.w.1,089)..id(Bmr001.w.1,100)"/>
   </segment>
   <segment nite:id="Bmr001.segment.152" starttime="285.336" endtime="287.426" participant="me011" timing-provenance="dialogueact">
      <nite:child href="Bmr001.B.words.xml#id(Bmr001.w.1,111)..id(Bmr001.w.1,128)"/>
   </segment>
   <segment nite:id="Bmr001.segment.156" starttime="296.492" endtime="297.852" participant="me011" timing-provenance="dialogueact">
      <nite:child href="Bmr001.B.words.xml#id(Bmr001.w.1,172)..id(Bmr001.w.1,181)"/>
   </segment>
   <segment nite:id="Bmr001.segment.158" starttime="299.028" endtime="305.068" participant="me011" timing-provenance="dialogueact">
      <nite:child href="Bmr001.B.words.xml#id(Bmr001.w.1,186)..id(Bmr001.w.1,210)"/>
   </segment>
   <segment nite:id="Bmr001.segment.166" starttime="336.903" endtime="337.183" participant="me011" timing-provenance="dialogueact">
      <nite:child href="Bmr001.B.words.xml#id(Bmr001.w.1,342)..id(Bmr001.w.1,343)"/>
   </segment>
   <segment nite:id="Bmr001.segment.168" starttime="339.052" endtime="342.622" participant="me011" timing-provenance="dialogueact">
      <nite:child href="Bmr001.B.words.xml#id(Bmr001.w.1,346)..id(Bmr001.w.1,362)"/>
   </segment>
   <segment nite:id="Bmr001.segment.171" starttime="349.898" endtime="359.598" participant="me011" timing-provenance="dialogueact">
      <nite:child href="Bmr001.B.words.xml#id(Bmr001.w.1,393)..id(Bmr001.w.1,434)"/>
   </segment>
   <segment nite:id="Bmr001.segment.185" starttime="390.98" endtime="399.05" participant="me011" timing-provenance="dialogueact">
      <nite:child href="Bmr001.B.words.xml#id(Bmr001.w.1,558)..id(Bmr001.w.1,600)"/>
   </segment>
   <segment nite:id="Bmr001.segment.187" starttime="400.223" endtime="400.493" participant="me011" timing-provenance="dialogueact">
      <nite:child href="Bmr001.B.words.xml#id(Bmr001.w.1,603)..id(Bmr001.w.1,604)"/>
   </segment>
   <segment nite:id="Bmr001.segment.190" starttime="413.238" endtime="414.138" participant="me011" timing-provenance="segment">
      <nite:child href="Bmr001.B.words.xml#id(Bmr001.w.1,667)..id(Bmr001.disfmarker.59)"/>
   </segment>
   <segment nite:id="Bmr001.segment.221" starttime="488.916" endtime="490.806" participant="me011" timing-provenance="dialogueact">
      <nite:child href="Bmr001.B.words.xml#id(Bmr001.w.1,984)..id(Bmr001.w.1,995)"/>
   </segment>
   <segment nite:id="Bmr001.segment.223" starttime="491.988" endtime="493.938" participant="me011" timing-provenance="dialogueact">
      <nite:child href="Bmr001.B.words.xml#id(Bmr001.w.1,999)..id(Bmr001.w.2,013)"/>
   </segment>
   <segment nite:id="Bmr001.segment.226" starttime="497.553" endtime="499.973" participant="me011" timing-provenance="dialogueact">
      <nite:child href="Bmr001.B.words.xml#id(Bmr001.w.2,021)..id(Bmr001.w.2,033)"/>
   </segment>
   <segment nite:id="Bmr001.segment.227" starttime="500.945" endtime="502.185" participant="me011" timing-provenance="dialogueact">
      <nite:child href="Bmr001.B.words.xml#id(Bmr001.w.2,034)..id(Bmr001.w.2,040)"/>
   </segment>
   <segment nite:id="Bmr001.segment.229" starttime="505.48" endtime="505.82" participant="me011" timing-provenance="dialogueact">
      <nite:child href="Bmr001.B.words.xml#id(Bmr001.w.2,060)..id(Bmr001.w.2,063)"/>
   </segment>
   <segment nite:id="Bmr001.segment.233" starttime="509.494" endtime="511.741" participant="me011" timing-provenance="segment">
      <nite:child href="Bmr001.B.words.xml#id(Bmr001.vocalsound.12)"/>
   </segment>
   <segment nite:id="Bmr001.segment.246" starttime="542.8" endtime="543.18" participant="me011" timing-provenance="dialogueact">
      <nite:child href="Bmr001.B.words.xml#id(Bmr001.w.2,222)..id(Bmr001.w.2,225)"/>
   </segment>
   <segment nite:id="Bmr001.segment.247" starttime="545.919" endtime="546.139" participant="me011" timing-provenance="dialogueact">
      <nite:child href="Bmr001.B.words.xml#id(Bmr001.w.2,226)..id(Bmr001.w.2,227)"/>
   </segment>
   <segment nite:id="Bmr001.segment.258" starttime="573.368" endtime="575.41" participant="me011" timing-provenance="segment">
      <nite:child href="Bmr001.B.words.xml#id(Bmr001.w.2,292)..id(Bmr001.comment.39)"/>
   </segment>
   <segment nite:id="Bmr001.segment.269" starttime="591.829" endtime="600.269" participant="me011" timing-provenance="dialogueact">
      <nite:child href="Bmr001.B.words.xml#id(Bmr001.w.2,351)..id(Bmr001.w.2,388)"/>
   </segment>
   <segment nite:id="Bmr001.segment.271" starttime="601.08" endtime="601.22" participant="me011" timing-provenance="dialogueact">
      <nite:child href="Bmr001.B.words.xml#id(Bmr001.w.2,424)..id(Bmr001.w.2,425)"/>
   </segment>
   <segment nite:id="Bmr001.segment.272" starttime="607.676" endtime="608.096" participant="me011" timing-provenance="dialogueact">
      <nite:child href="Bmr001.B.words.xml#id(Bmr001.w.2,426)..id(Bmr001.w.2,430)"/>
   </segment>
   <segment nite:id="Bmr001.segment.274" starttime="611.759" endtime="612.457" participant="me011" timing-provenance="segment">
      <nite:child href="Bmr001.B.words.xml#id(Bmr001.vocalsound.16)"/>
   </segment>
   <segment nite:id="Bmr001.segment.275" starttime="613.386" endtime="617.906" participant="me011" timing-provenance="dialogueact">
      <nite:child href="Bmr001.B.words.xml#id(Bmr001.w.2,455)..id(Bmr001.w.2,485)"/>
   </segment>
   <segment nite:id="Bmr001.segment.292" starttime="656.802" endtime="657.602" participant="me011" timing-provenance="segment">
      <nite:child href="Bmr001.B.words.xml#id(Bmr001.vocalsound.18)"/>
   </segment>
   <segment nite:id="Bmr001.segment.301" starttime="680.989" endtime="681.739" participant="me011" timing-provenance="dialogueact">
      <nite:child href="Bmr001.B.words.xml#id(Bmr001.w.2,781)..id(Bmr001.w.2,782)"/>
   </segment>
   <segment nite:id="Bmr001.segment.304" starttime="693.619" endtime="698.329" participant="me011" timing-provenance="dialogueact">
      <nite:child href="Bmr001.B.words.xml#id(Bmr001.w.2,818)..id(Bmr001.w.2,842)"/>
   </segment>
   <segment nite:id="Bmr001.segment.312" starttime="710.317" endtime="710.587" participant="me011" timing-provenance="dialogueact">
      <nite:child href="Bmr001.B.words.xml#id(Bmr001.w.2,888)..id(Bmr001.w.2,889)"/>
   </segment>
   <segment nite:id="Bmr001.segment.314" starttime="711.315" endtime="713.125" participant="me011" timing-provenance="dialogueact">
      <nite:child href="Bmr001.B.words.xml#id(Bmr001.w.2,892)..id(Bmr001.w.2,898)"/>
   </segment>
   <segment nite:id="Bmr001.segment.316" starttime="713.774" endtime="715.52" participant="me011" timing-provenance="segment">
      <nite:child href="Bmr001.B.words.xml#id(Bmr001.w.2,901)..id(Bmr001.comment.42)"/>
   </segment>
   <segment nite:id="Bmr001.segment.319" starttime="716.662" endtime="717.062" participant="me011" timing-provenance="dialogueact">
      <nite:child href="Bmr001.B.words.xml#id(Bmr001.w.2,925)..id(Bmr001.w.2,928)"/>
   </segment>
   <segment nite:id="Bmr001.segment.321" starttime="717.352" endtime="721.731" participant="me011" timing-provenance="segment">
      <nite:child href="Bmr001.B.words.xml#id(Bmr001.vocalsound.21)..id(Bmr001.w.2,944)"/>
   </segment>
   <segment nite:id="Bmr001.segment.326" starttime="723.875" endtime="729.335" participant="me011" timing-provenance="dialogueact">
      <nite:child href="Bmr001.B.words.xml#id(Bmr001.w.2,963)..id(Bmr001.pause.79)"/>
   </segment>
   <segment nite:id="Bmr001.segment.327" starttime="729.335" endtime="731.265" participant="me011" timing-provenance="dialogueact">
      <nite:child href="Bmr001.B.words.xml#id(Bmr001.w.2,987)..id(Bmr001.w.3,000)"/>
   </segment>
   <segment nite:id="Bmr001.segment.328" starttime="731.952" endtime="740.272" participant="me011" timing-provenance="dialogueact">
      <nite:child href="Bmr001.B.words.xml#id(Bmr001.w.3,001)..id(Bmr001.w.3,038)"/>
   </segment>
   <segment nite:id="Bmr001.segment.334" starttime="749.129" endtime="751.67" participant="me011" timing-provenance="segment">
      <nite:child href="Bmr001.B.words.xml#id(Bmr001.w.3,078)..id(Bmr001.vocalsound.24)"/>
   </segment>
   <segment nite:id="Bmr001.segment.338" starttime="755.918" endtime="756.268" participant="me011" timing-provenance="dialogueact">
      <nite:child href="Bmr001.B.words.xml#id(Bmr001.w.3,126)..id(Bmr001.w.3,129)"/>
   </segment>
   <segment nite:id="Bmr001.segment.346" starttime="772.902" endtime="773.132" participant="me011" timing-provenance="dialogueact">
      <nite:child href="Bmr001.B.words.xml#id(Bmr001.w.3,187)..id(Bmr001.w.3,188)"/>
   </segment>
   <segment nite:id="Bmr001.segment.356" starttime="793.44" endtime="793.82" participant="me011" timing-provenance="dialogueact">
      <nite:child href="Bmr001.B.words.xml#id(Bmr001.w.3,284)..id(Bmr001.w.3,285)"/>
   </segment>
   <segment nite:id="Bmr001.segment.359" starttime="805.858" endtime="806.308" participant="me011" timing-provenance="dialogueact">
      <nite:child href="Bmr001.B.words.xml#id(Bmr001.w.3,323)..id(Bmr001.w.3,326)"/>
   </segment>
   <segment nite:id="Bmr001.segment.360" starttime="806.628" endtime="811.588" participant="me011" timing-provenance="dialogueact">
      <nite:child href="Bmr001.B.words.xml#id(Bmr001.w.3,327)..id(Bmr001.w.3,347)"/>
   </segment>
   <segment nite:id="Bmr001.segment.367" starttime="821.403" endtime="822.463" participant="me011" timing-provenance="dialogueact">
      <nite:child href="Bmr001.B.words.xml#id(Bmr001.w.3,400)..id(Bmr001.w.3,409)"/>
   </segment>
   <segment nite:id="Bmr001.segment.369" starttime="823.688" endtime="830.708" participant="me011" timing-provenance="dialogueact">
      <nite:child href="Bmr001.B.words.xml#id(Bmr001.w.3,424)..id(Bmr001.w.3,454)"/>
   </segment>
   <segment nite:id="Bmr001.segment.375" starttime="847.204" endtime="847.464" participant="me011" timing-provenance="dialogueact">
      <nite:child href="Bmr001.B.words.xml#id(Bmr001.w.3,527)..id(Bmr001.w.3,530)"/>
   </segment>
   <segment nite:id="Bmr001.segment.380" starttime="874.219" endtime="874.429" participant="me011" timing-provenance="dialogueact">
      <nite:child href="Bmr001.B.words.xml#id(Bmr001.w.3,641)..id(Bmr001.w.3,642)"/>
   </segment>
   <segment nite:id="Bmr001.segment.381" starttime="875.441" endtime="877.551" participant="me011" timing-provenance="dialogueact">
      <nite:child href="Bmr001.B.words.xml#id(Bmr001.w.3,643)..id(Bmr001.w.3,652)"/>
   </segment>
   <segment nite:id="Bmr001.segment.384" starttime="878.362" endtime="880.912" participant="me011" timing-provenance="dialogueact">
      <nite:child href="Bmr001.B.words.xml#id(Bmr001.w.3,657)..id(Bmr001.w.3,670)"/>
   </segment>
   <segment nite:id="Bmr001.segment.387" starttime="882.29" endtime="883.17" participant="me011" timing-provenance="dialogueact">
      <nite:child href="Bmr001.B.words.xml#id(Bmr001.w.3,675)..id(Bmr001.w.3,679)"/>
   </segment>
   <segment nite:id="Bmr001.segment.388" starttime="883.53" endtime="885.42" participant="me011" timing-provenance="dialogueact">
      <nite:child href="Bmr001.B.words.xml#id(Bmr001.w.3,680)..id(Bmr001.w.3,687)"/>
   </segment>
   <segment nite:id="Bmr001.segment.390" starttime="889.662" endtime="892.202" participant="me011" timing-provenance="dialogueact">
      <nite:child href="Bmr001.B.words.xml#id(Bmr001.w.3,709)..id(Bmr001.w.3,724)"/>
   </segment>
   <segment nite:id="Bmr001.segment.392" starttime="893.712" endtime="894.002" participant="me011" timing-provenance="dialogueact">
      <nite:child href="Bmr001.B.words.xml#id(Bmr001.w.3,737)..id(Bmr001.w.3,740)"/>
   </segment>
   <segment nite:id="Bmr001.segment.394" starttime="894.702" endtime="896.272" participant="me011" timing-provenance="dialogueact">
      <nite:child href="Bmr001.B.words.xml#id(Bmr001.w.3,746)..id(Bmr001.w.3,756)"/>
   </segment>
   <segment nite:id="Bmr001.segment.397" starttime="902.911" endtime="904.361" participant="me011" timing-provenance="dialogueact">
      <nite:child href="Bmr001.B.words.xml#id(Bmr001.w.3,781)..id(Bmr001.w.3,792)"/>
   </segment>
   <segment nite:id="Bmr001.segment.402" starttime="915.736" endtime="920.486" participant="me011" timing-provenance="dialogueact">
      <nite:child href="Bmr001.B.words.xml#id(Bmr001.w.3,852)..id(Bmr001.w.3,872)"/>
   </segment>
   <segment nite:id="Bmr001.segment.403" starttime="920.982" endtime="925.432" participant="me011" timing-provenance="dialogueact">
      <nite:child href="Bmr001.B.words.xml#id(Bmr001.w.3,873)..id(Bmr001.w.3,892)"/>
   </segment>
   <segment nite:id="Bmr001.segment.407" starttime="926.19" endtime="930.19" participant="me011" timing-provenance="dialogueact">
      <nite:child href="Bmr001.B.words.xml#id(Bmr001.w.3,899)..id(Bmr001.w.3,911)"/>
   </segment>
   <segment nite:id="Bmr001.segment.414" starttime="949.066" endtime="949.816" participant="me011" timing-provenance="dialogueact">
      <nite:child href="Bmr001.B.words.xml#id(Bmr001.w.4,005)..id(Bmr001.w.4,010)"/>
   </segment>
   <segment nite:id="Bmr001.segment.419" starttime="961.577" endtime="967.147" participant="me011" timing-provenance="dialogueact">
      <nite:child href="Bmr001.B.words.xml#id(Bmr001.w.4,058)..id(Bmr001.w.4,073)"/>
   </segment>
   <segment nite:id="Bmr001.segment.422" starttime="968.048" endtime="970.624" participant="me011" timing-provenance="segment">
      <nite:child href="Bmr001.B.words.xml#id(Bmr001.w.4,088)..id(Bmr001.disfmarker.162)"/>
   </segment>
   <segment nite:id="Bmr001.segment.429" starttime="981.426" endtime="983.144" participant="me011" timing-provenance="segment">
      <nite:child href="Bmr001.B.words.xml#id(Bmr001.w.4,137)..id(Bmr001.vocalsound.30)"/>
   </segment>
   <segment nite:id="Bmr001.segment.432" starttime="984.683" endtime="985.723" participant="me011" timing-provenance="dialogueact">
      <nite:child href="Bmr001.B.words.xml#id(Bmr001.w.4,161)..id(Bmr001.w.4,165)"/>
   </segment>
   <segment nite:id="Bmr001.segment.436" starttime="992.074" endtime="992.264" participant="me011" timing-provenance="dialogueact">
      <nite:child href="Bmr001.B.words.xml#id(Bmr001.w.4,188)..id(Bmr001.w.4,189)"/>
   </segment>
   <segment nite:id="Bmr001.segment.438" starttime="994.4" endtime="1001.29" participant="me011" timing-provenance="dialogueact">
      <nite:child href="Bmr001.B.words.xml#id(Bmr001.w.4,198)..id(Bmr001.w.4,224)"/>
   </segment>
   <segment nite:id="Bmr001.segment.441" starttime="1003.37" endtime="1007.83" participant="me011" timing-provenance="dialogueact">
      <nite:child href="Bmr001.B.words.xml#id(Bmr001.w.4,239)..id(Bmr001.w.4,265)"/>
   </segment>
   <segment nite:id="Bmr001.segment.447" starttime="1024.64" endtime="1027.58" participant="me011" timing-provenance="dialogueact">
      <nite:child href="Bmr001.B.words.xml#id(Bmr001.w.4,347)..id(Bmr001.w.4,358)"/>
   </segment>
   <segment nite:id="Bmr001.segment.448" starttime="1028.72" endtime="1031.98" participant="me011" timing-provenance="dialogueact">
      <nite:child href="Bmr001.B.words.xml#id(Bmr001.w.4,359)..id(Bmr001.w.4,376)"/>
   </segment>
   <segment nite:id="Bmr001.segment.450" starttime="1032.97" endtime="1038.99" participant="me011" timing-provenance="dialogueact">
      <nite:child href="Bmr001.B.words.xml#id(Bmr001.w.4,379)..id(Bmr001.w.4,403)"/>
   </segment>
   <segment nite:id="Bmr001.segment.452" starttime="1040.45" endtime="1043.09" participant="me011" timing-provenance="dialogueact">
      <nite:child href="Bmr001.B.words.xml#id(Bmr001.w.4,410)..id(Bmr001.w.4,424)"/>
   </segment>
   <segment nite:id="Bmr001.segment.454" starttime="1044.51" endtime="1044.82" participant="me011" timing-provenance="dialogueact">
      <nite:child href="Bmr001.B.words.xml#id(Bmr001.w.4,430)..id(Bmr001.w.4,434)"/>
   </segment>
   <segment nite:id="Bmr001.segment.456" starttime="1046.71" endtime="1047.06" participant="me011" timing-provenance="dialogueact">
      <nite:child href="Bmr001.B.words.xml#id(Bmr001.w.4,460)..id(Bmr001.w.4,463)"/>
   </segment>
   <segment nite:id="Bmr001.segment.464" starttime="1068.24" endtime="1074.13" participant="me011" timing-provenance="dialogueact">
      <nite:child href="Bmr001.B.words.xml#id(Bmr001.w.4,531)..id(Bmr001.w.4,553)"/>
   </segment>
   <segment nite:id="Bmr001.segment.465" starttime="1074.13" endtime="1076.5" participant="me011" timing-provenance="dialogueact">
      <nite:child href="Bmr001.B.words.xml#id(Bmr001.pause.132)..id(Bmr001.w.4,560)"/>
   </segment>
   <segment nite:id="Bmr001.segment.466" starttime="1076.713" endtime="1077.86" participant="me011" timing-provenance="segment">
      <nite:child href="Bmr001.B.words.xml#id(Bmr001.pause.133)..id(Bmr001.disfmarker.189)"/>
   </segment>
   <segment nite:id="Bmr001.segment.467" starttime="1077.98" endtime="1080.18" participant="me011" timing-provenance="dialogueact">
      <nite:child href="Bmr001.B.words.xml#id(Bmr001.w.4,562)..id(Bmr001.w.4,572)"/>
   </segment>
   <segment nite:id="Bmr001.segment.468" starttime="1080.18" endtime="1083.67" participant="me011" timing-provenance="dialogueact">
      <nite:child href="Bmr001.B.words.xml#id(Bmr001.pause.134)..id(Bmr001.w.4,581)"/>
   </segment>
   <segment nite:id="Bmr001.segment.471" starttime="1084.78" endtime="1087.39" participant="me011" timing-provenance="dialogueact">
      <nite:child href="Bmr001.B.words.xml#id(Bmr001.w.4,588)..id(Bmr001.w.4,602)"/>
   </segment>
   <segment nite:id="Bmr001.segment.473" starttime="1087.76" endtime="1095.17" participant="me011" timing-provenance="dialogueact">
      <nite:child href="Bmr001.B.words.xml#id(Bmr001.w.4,607)..id(Bmr001.w.4,628)"/>
   </segment>
   <segment nite:id="Bmr001.segment.476" starttime="1103.94" endtime="1105.68" participant="me011" timing-provenance="dialogueact">
      <nite:child href="Bmr001.B.words.xml#id(Bmr001.w.4,669)..id(Bmr001.w.4,679)"/>
   </segment>
   <segment nite:id="Bmr001.segment.477" starttime="1107.66" endtime="1108.89" participant="me011" timing-provenance="dialogueact">
      <nite:child href="Bmr001.B.words.xml#id(Bmr001.w.4,680)..id(Bmr001.w.4,687)"/>
   </segment>
   <segment nite:id="Bmr001.segment.485" starttime="1135.14" endtime="1136.15" participant="me011" timing-provenance="dialogueact">
      <nite:child href="Bmr001.B.words.xml#id(Bmr001.w.4,796)..id(Bmr001.w.4,802)"/>
   </segment>
   <segment nite:id="Bmr001.segment.489" starttime="1145.58" endtime="1146.64" participant="me011" timing-provenance="dialogueact">
      <nite:child href="Bmr001.B.words.xml#id(Bmr001.w.4,856)..id(Bmr001.w.4,862)"/>
   </segment>
   <segment nite:id="Bmr001.segment.490" starttime="1148.0" endtime="1149.17" participant="me011" timing-provenance="dialogueact">
      <nite:child href="Bmr001.B.words.xml#id(Bmr001.w.4,863)..id(Bmr001.w.4,870)"/>
   </segment>
   <segment nite:id="Bmr001.segment.492" starttime="1154.24" endtime="1155.29" participant="me011" timing-provenance="dialogueact">
      <nite:child href="Bmr001.B.words.xml#id(Bmr001.w.4,885)..id(Bmr001.w.4,891)"/>
   </segment>
   <segment nite:id="Bmr001.segment.494" starttime="1159.66" endtime="1167.3" participant="me011" timing-provenance="dialogueact">
      <nite:child href="Bmr001.B.words.xml#id(Bmr001.w.4,913)..id(Bmr001.w.4,944)"/>
   </segment>
   <segment nite:id="Bmr001.segment.499" starttime="1173.88" endtime="1174.45" participant="me011" timing-provenance="dialogueact">
      <nite:child href="Bmr001.B.words.xml#id(Bmr001.w.4,985)..id(Bmr001.w.4,988)"/>
   </segment>
   <segment nite:id="Bmr001.segment.504" starttime="1179.55" endtime="1180.96" participant="me011" timing-provenance="dialogueact">
      <nite:child href="Bmr001.B.words.xml#id(Bmr001.w.5,021)..id(Bmr001.w.5,031)"/>
   </segment>
   <segment nite:id="Bmr001.segment.508" starttime="1185.82" endtime="1189.08" participant="me011" timing-provenance="dialogueact">
      <nite:child href="Bmr001.B.words.xml#id(Bmr001.w.5,061)..id(Bmr001.w.5,079)"/>
   </segment>
   <segment nite:id="Bmr001.segment.515" starttime="1198.71" endtime="1199.85" participant="me011" timing-provenance="dialogueact">
      <nite:child href="Bmr001.B.words.xml#id(Bmr001.w.5,132)..id(Bmr001.w.5,139)"/>
   </segment>
   <segment nite:id="Bmr001.segment.516" starttime="1199.85" endtime="1203.13" participant="me011" timing-provenance="dialogueact">
      <nite:child href="Bmr001.B.words.xml#id(Bmr001.pause.151)..id(Bmr001.w.5,155)"/>
   </segment>
   <segment nite:id="Bmr001.segment.520" starttime="1208.92" endtime="1210.09" participant="me011" timing-provenance="dialogueact">
      <nite:child href="Bmr001.B.words.xml#id(Bmr001.w.5,185)..id(Bmr001.w.5,193)"/>
   </segment>
   <segment nite:id="Bmr001.segment.526" starttime="1218.5" endtime="1223.71" participant="me011" timing-provenance="dialogueact">
      <nite:child href="Bmr001.B.words.xml#id(Bmr001.w.5,227)..id(Bmr001.w.5,254)"/>
   </segment>
   <segment nite:id="Bmr001.segment.527" starttime="1224.33" endtime="1225.67" participant="me011" timing-provenance="dialogueact">
      <nite:child href="Bmr001.B.words.xml#id(Bmr001.w.5,255)..id(Bmr001.w.5,263)"/>
   </segment>
   <segment nite:id="Bmr001.segment.529" starttime="1225.713" endtime="1226.232" participant="me011" timing-provenance="segment">
      <nite:child href="Bmr001.B.words.xml#id(Bmr001.vocalsound.34)"/>
   </segment>
   <segment nite:id="Bmr001.segment.533" starttime="1230.8" endtime="1231.11" participant="me011" timing-provenance="dialogueact">
      <nite:child href="Bmr001.B.words.xml#id(Bmr001.w.5,278)..id(Bmr001.w.5,279)"/>
   </segment>
   <segment nite:id="Bmr001.segment.534" starttime="1232.01" endtime="1235.6" participant="me011" timing-provenance="dialogueact">
      <nite:child href="Bmr001.B.words.xml#id(Bmr001.w.5,280)..id(Bmr001.w.5,300)"/>
   </segment>
   <segment nite:id="Bmr001.segment.536" starttime="1237.4" endtime="1240.54" participant="me011" timing-provenance="dialogueact">
      <nite:child href="Bmr001.B.words.xml#id(Bmr001.w.5,303)..id(Bmr001.w.5,320)"/>
   </segment>
   <segment nite:id="Bmr001.segment.537" starttime="1241.159" endtime="1244.022" participant="me011" timing-provenance="segment">
      <nite:child href="Bmr001.B.words.xml#id(Bmr001.w.5,321)..id(Bmr001.disfmarker.219)"/>
   </segment>
   <segment nite:id="Bmr001.segment.541" starttime="1251.75" endtime="1252.69" participant="me011" timing-provenance="dialogueact">
      <nite:child href="Bmr001.B.words.xml#id(Bmr001.w.5,360)..id(Bmr001.w.5,364)"/>
   </segment>
   <segment nite:id="Bmr001.segment.544" starttime="1256.6" endtime="1256.83" participant="me011" timing-provenance="dialogueact">
      <nite:child href="Bmr001.B.words.xml#id(Bmr001.w.5,375)..id(Bmr001.w.5,376)"/>
   </segment>
   <segment nite:id="Bmr001.segment.554" starttime="1285.4" endtime="1286.63" participant="me011" timing-provenance="dialogueact">
      <nite:child href="Bmr001.B.words.xml#id(Bmr001.w.5,471)..id(Bmr001.w.5,478)"/>
   </segment>
   <segment nite:id="Bmr001.segment.557" starttime="1288.18" endtime="1288.51" participant="me011" timing-provenance="dialogueact">
      <nite:child href="Bmr001.B.words.xml#id(Bmr001.w.5,485)..id(Bmr001.w.5,486)"/>
   </segment>
   <segment nite:id="Bmr001.segment.558" starttime="1289.74" endtime="1292.35" participant="me011" timing-provenance="dialogueact">
      <nite:child href="Bmr001.B.words.xml#id(Bmr001.w.5,487)..id(Bmr001.w.5,502)"/>
   </segment>
   <segment nite:id="Bmr001.segment.559" starttime="1292.98" endtime="1296.75" participant="me011" timing-provenance="dialogueact">
      <nite:child href="Bmr001.B.words.xml#id(Bmr001.w.5,503)..id(Bmr001.w.5,517)"/>
   </segment>
   <segment nite:id="Bmr001.segment.561" starttime="1307.43" endtime="1307.73" participant="me011" timing-provenance="dialogueact">
      <nite:child href="Bmr001.B.words.xml#id(Bmr001.w.5,572)..id(Bmr001.w.5,573)"/>
   </segment>
   <segment nite:id="Bmr001.segment.562" starttime="1308.85" endtime="1315.25" participant="me011" timing-provenance="dialogueact">
      <nite:child href="Bmr001.B.words.xml#id(Bmr001.w.5,574)..id(Bmr001.w.5,599)"/>
   </segment>
   <segment nite:id="Bmr001.segment.566" starttime="1318.2" endtime="1318.98" participant="me011" timing-provenance="dialogueact">
      <nite:child href="Bmr001.B.words.xml#id(Bmr001.w.5,614)..id(Bmr001.w.5,617)"/>
   </segment>
   <segment nite:id="Bmr001.segment.569" starttime="1323.45" endtime="1329.91" participant="me011" timing-provenance="dialogueact">
      <nite:child href="Bmr001.B.words.xml#id(Bmr001.w.5,631)..id(Bmr001.w.5,658)"/>
   </segment>
   <segment nite:id="Bmr001.segment.573" starttime="1337.33" endtime="1337.54" participant="me011" timing-provenance="dialogueact">
      <nite:child href="Bmr001.B.words.xml#id(Bmr001.w.5,717)..id(Bmr001.w.5,718)"/>
   </segment>
   <segment nite:id="Bmr001.segment.574" starttime="1342.11" endtime="1342.42" participant="me011" timing-provenance="dialogueact">
      <nite:child href="Bmr001.B.words.xml#id(Bmr001.w.5,719)..id(Bmr001.w.5,720)"/>
   </segment>
   <segment nite:id="Bmr001.segment.581" starttime="1353.57" endtime="1356.51" participant="me011" timing-provenance="dialogueact">
      <nite:child href="Bmr001.B.words.xml#id(Bmr001.w.5,769)..id(Bmr001.w.5,783)"/>
   </segment>
   <segment nite:id="Bmr001.segment.593" starttime="1378.03" endtime="1382.19" participant="me011" timing-provenance="dialogueact">
      <nite:child href="Bmr001.B.words.xml#id(Bmr001.w.5,861)..id(Bmr001.w.5,876)"/>
   </segment>
   <segment nite:id="Bmr001.segment.594" starttime="1383.09" endtime="1386.03" participant="me011" timing-provenance="dialogueact">
      <nite:child href="Bmr001.B.words.xml#id(Bmr001.w.5,877)..id(Bmr001.w.5,896)"/>
   </segment>
   <segment nite:id="Bmr001.segment.596" starttime="1389.47" endtime="1390.53" participant="me011" timing-provenance="dialogueact">
      <nite:child href="Bmr001.B.words.xml#id(Bmr001.w.5,915)..id(Bmr001.w.5,922)"/>
   </segment>
   <segment nite:id="Bmr001.segment.599" starttime="1396.82" endtime="1397.06" participant="me011" timing-provenance="dialogueact">
      <nite:child href="Bmr001.B.words.xml#id(Bmr001.w.5,946)..id(Bmr001.w.5,947)"/>
   </segment>
   <segment nite:id="Bmr001.segment.602" starttime="1400.34" endtime="1403.29" participant="me011" timing-provenance="dialogueact">
      <nite:child href="Bmr001.B.words.xml#id(Bmr001.w.5,963)..id(Bmr001.w.5,977)"/>
   </segment>
   <segment nite:id="Bmr001.segment.613" starttime="1425.04" endtime="1425.32" participant="me011" timing-provenance="dialogueact">
      <nite:child href="Bmr001.B.words.xml#id(Bmr001.w.6,088)..id(Bmr001.w.6,089)"/>
   </segment>
   <segment nite:id="Bmr001.segment.615" starttime="1426.33" endtime="1433.48" participant="me011" timing-provenance="dialogueact">
      <nite:child href="Bmr001.B.words.xml#id(Bmr001.w.6,092)..id(Bmr001.w.6,125)"/>
   </segment>
   <segment nite:id="Bmr001.segment.623" starttime="1446.97" endtime="1447.2" participant="me011" timing-provenance="dialogueact">
      <nite:child href="Bmr001.B.words.xml#id(Bmr001.w.6,168)..id(Bmr001.w.6,169)"/>
   </segment>
   <segment nite:id="Bmr001.segment.624" starttime="1448.956" endtime="1449.993" participant="me011" timing-provenance="segment">
      <nite:child href="Bmr001.B.words.xml#id(Bmr001.w.6,170)..id(Bmr001.vocalsound.40)"/>
   </segment>
   <segment nite:id="Bmr001.segment.627" starttime="1458.15" endtime="1458.39" participant="me011" timing-provenance="dialogueact">
      <nite:child href="Bmr001.B.words.xml#id(Bmr001.w.6,200)..id(Bmr001.w.6,203)"/>
   </segment>
   <segment nite:id="Bmr001.segment.629" starttime="1460.75" endtime="1461.03" participant="me011" timing-provenance="dialogueact">
      <nite:child href="Bmr001.B.words.xml#id(Bmr001.w.6,214)..id(Bmr001.w.6,217)"/>
   </segment>
   <segment nite:id="Bmr001.segment.631" starttime="1463.65" endtime="1467.64" participant="me011" timing-provenance="dialogueact">
      <nite:child href="Bmr001.B.words.xml#id(Bmr001.w.6,227)..id(Bmr001.w.6,243)"/>
   </segment>
   <segment nite:id="Bmr001.segment.632" starttime="1467.64" endtime="1474.47" participant="me011" timing-provenance="dialogueact">
      <nite:child href="Bmr001.B.words.xml#id(Bmr001.pause.193)..id(Bmr001.w.6,266)"/>
   </segment>
   <segment nite:id="Bmr001.segment.635" starttime="1476.05" endtime="1476.4" participant="me011" timing-provenance="dialogueact">
      <nite:child href="Bmr001.B.words.xml#id(Bmr001.w.6,287)..id(Bmr001.w.6,290)"/>
   </segment>
   <segment nite:id="Bmr001.segment.638" starttime="1481.5" endtime="1481.7" participant="me011" timing-provenance="dialogueact">
      <nite:child href="Bmr001.B.words.xml#id(Bmr001.w.6,311)..id(Bmr001.w.6,312)"/>
   </segment>
   <segment nite:id="Bmr001.segment.648" starttime="1507.63" endtime="1508.98" participant="me011" timing-provenance="dialogueact">
      <nite:child href="Bmr001.B.words.xml#id(Bmr001.w.6,423)..id(Bmr001.w.6,428)"/>
   </segment>
   <segment nite:id="Bmr001.segment.650" starttime="1511.17" endtime="1512.12" participant="me011" timing-provenance="dialogueact">
      <nite:child href="Bmr001.B.words.xml#id(Bmr001.w.6,439)..id(Bmr001.w.6,445)"/>
   </segment>
   <segment nite:id="Bmr001.segment.652" starttime="1514.85" endtime="1516.38" participant="me011" timing-provenance="dialogueact">
      <nite:child href="Bmr001.B.words.xml#id(Bmr001.w.6,468)..id(Bmr001.pause.198)"/>
   </segment>
   <segment nite:id="Bmr001.segment.653" starttime="1516.268" endtime="1518.947" participant="me011" timing-provenance="segment">
      <nite:child href="Bmr001.B.words.xml#id(Bmr001.w.6,472)..id(Bmr001.comment.47)"/>
   </segment>
   <segment nite:id="Bmr001.segment.655" starttime="1519.6" endtime="1523.52" participant="me011" timing-provenance="dialogueact">
      <nite:child href="Bmr001.B.words.xml#id(Bmr001.w.6,485)..id(Bmr001.w.6,505)"/>
   </segment>
   <segment nite:id="Bmr001.segment.656" starttime="1523.72" endtime="1528.35" participant="me011" timing-provenance="dialogueact">
      <nite:child href="Bmr001.B.words.xml#id(Bmr001.w.6,506)..id(Bmr001.w.6,530)"/>
   </segment>
   <segment nite:id="Bmr001.segment.658" starttime="1529.34" endtime="1529.99" participant="me011" timing-provenance="dialogueact">
      <nite:child href="Bmr001.B.words.xml#id(Bmr001.w.6,544)..id(Bmr001.w.6,545)"/>
   </segment>
   <segment nite:id="Bmr001.segment.659" starttime="1531.62" endtime="1538.37" participant="me011" timing-provenance="dialogueact">
      <nite:child href="Bmr001.B.words.xml#id(Bmr001.w.6,546)..id(Bmr001.w.6,576)"/>
   </segment>
   <segment nite:id="Bmr001.segment.660" starttime="1539.14" endtime="1542.2" participant="me011" timing-provenance="dialogueact">
      <nite:child href="Bmr001.B.words.xml#id(Bmr001.w.6,577)..id(Bmr001.w.6,588)"/>
   </segment>
   <segment nite:id="Bmr001.segment.663" starttime="1542.95" endtime="1548.77" participant="me011" timing-provenance="dialogueact">
      <nite:child href="Bmr001.B.words.xml#id(Bmr001.w.6,605)..id(Bmr001.w.6,633)"/>
   </segment>
   <segment nite:id="Bmr001.segment.666" starttime="1549.34" endtime="1550.69" participant="me011" timing-provenance="dialogueact">
      <nite:child href="Bmr001.B.words.xml#id(Bmr001.w.6,638)..id(Bmr001.w.6,642)"/>
   </segment>
   <segment nite:id="Bmr001.segment.668" starttime="1552.08" endtime="1552.49" participant="me011" timing-provenance="dialogueact">
      <nite:child href="Bmr001.B.words.xml#id(Bmr001.w.6,671)..id(Bmr001.w.6,672)"/>
   </segment>
   <segment nite:id="Bmr001.segment.669" starttime="1553.43" endtime="1553.83" participant="me011" timing-provenance="dialogueact">
      <nite:child href="Bmr001.B.words.xml#id(Bmr001.w.6,673)..id(Bmr001.w.6,676)"/>
   </segment>
   <segment nite:id="Bmr001.segment.670" starttime="1554.87" endtime="1557.86" participant="me011" timing-provenance="dialogueact">
      <nite:child href="Bmr001.B.words.xml#id(Bmr001.w.6,677)..id(Bmr001.w.6,692)"/>
   </segment>
   <segment nite:id="Bmr001.segment.672" starttime="1562.08" endtime="1566.1" participant="me011" timing-provenance="dialogueact">
      <nite:child href="Bmr001.B.words.xml#id(Bmr001.w.6,726)..id(Bmr001.w.6,749)"/>
   </segment>
   <segment nite:id="Bmr001.segment.679" starttime="1572.375" endtime="1574.399" participant="me011" timing-provenance="segment">
      <nite:child href="Bmr001.B.words.xml#id(Bmr001.w.6,780)..id(Bmr001.vocalsound.43)"/>
   </segment>
   <segment nite:id="Bmr001.segment.681" starttime="1574.9" endtime="1577.91" participant="me011" timing-provenance="dialogueact">
      <nite:child href="Bmr001.B.words.xml#id(Bmr001.w.6,800)..id(Bmr001.w.6,814)"/>
   </segment>
   <segment nite:id="Bmr001.segment.684" starttime="1578.49" endtime="1579.2" participant="me011" timing-provenance="dialogueact">
      <nite:child href="Bmr001.B.words.xml#id(Bmr001.w.6,843)..id(Bmr001.w.6,846)"/>
   </segment>
   <segment nite:id="Bmr001.segment.689" starttime="1587.94" endtime="1590.16" participant="me011" timing-provenance="dialogueact">
      <nite:child href="Bmr001.B.words.xml#id(Bmr001.w.6,877)..id(Bmr001.w.6,890)"/>
   </segment>
   <segment nite:id="Bmr001.segment.690" starttime="1590.419" endtime="1592.521" participant="me011" timing-provenance="segment">
      <nite:child href="Bmr001.B.words.xml#id(Bmr001.vocalsound.45)"/>
   </segment>
   <segment nite:id="Bmr001.segment.693" starttime="1595.48" endtime="1595.83" participant="me011" timing-provenance="dialogueact">
      <nite:child href="Bmr001.B.words.xml#id(Bmr001.w.6,939)..id(Bmr001.w.6,942)"/>
   </segment>
   <segment nite:id="Bmr001.segment.696" starttime="1603.27" endtime="1606.16" participant="me011" timing-provenance="dialogueact">
      <nite:child href="Bmr001.B.words.xml#id(Bmr001.w.6,958)..id(Bmr001.w.6,974)"/>
   </segment>
   <segment nite:id="Bmr001.segment.701" starttime="1607.378" endtime="1612.929" participant="me011" timing-provenance="segment">
      <nite:child href="Bmr001.B.words.xml#id(Bmr001.w.6,988)..id(Bmr001.vocalsound.47)"/>
   </segment>
   <segment nite:id="Bmr001.segment.704" starttime="1614.32" endtime="1624.09" participant="me011" timing-provenance="dialogueact">
      <nite:child href="Bmr001.B.words.xml#id(Bmr001.w.7,003)..id(Bmr001.w.7,036)"/>
   </segment>
   <segment nite:id="Bmr001.segment.709" starttime="1631.34" endtime="1631.7" participant="me011" timing-provenance="dialogueact">
      <nite:child href="Bmr001.B.words.xml#id(Bmr001.w.7,066)..id(Bmr001.w.7,069)"/>
   </segment>
   <segment nite:id="Bmr001.segment.712" starttime="1641.33" endtime="1641.69" participant="me011" timing-provenance="dialogueact">
      <nite:child href="Bmr001.B.words.xml#id(Bmr001.w.7,105)..id(Bmr001.w.7,108)"/>
   </segment>
   <segment nite:id="Bmr001.segment.718" starttime="1657.53" endtime="1657.8" participant="me011" timing-provenance="dialogueact">
      <nite:child href="Bmr001.B.words.xml#id(Bmr001.w.7,169)..id(Bmr001.w.7,170)"/>
   </segment>
   <segment nite:id="Bmr001.segment.720" starttime="1660.58" endtime="1669.03" participant="me011" timing-provenance="dialogueact">
      <nite:child href="Bmr001.B.words.xml#id(Bmr001.w.7,175)..id(Bmr001.w.7,208)"/>
   </segment>
   <segment nite:id="Bmr001.segment.722" starttime="1669.928" endtime="1670.64" participant="me011" timing-provenance="segment">
      <nite:child href="Bmr001.B.words.xml#id(Bmr001.vocalsound.50)"/>
   </segment>
   <segment nite:id="Bmr001.segment.732" starttime="1690.2" endtime="1691.4" participant="me011" timing-provenance="dialogueact">
      <nite:child href="Bmr001.B.words.xml#id(Bmr001.w.7,311)..id(Bmr001.w.7,322)"/>
   </segment>
   <segment nite:id="Bmr001.segment.734" starttime="1694.72" endtime="1695.2" participant="me011" timing-provenance="dialogueact">
      <nite:child href="Bmr001.B.words.xml#id(Bmr001.w.7,325)..id(Bmr001.w.7,326)"/>
   </segment>
   <segment nite:id="Bmr001.segment.735" starttime="1695.67" endtime="1701.53" participant="me011" timing-provenance="dialogueact">
      <nite:child href="Bmr001.B.words.xml#id(Bmr001.w.7,327)..id(Bmr001.w.7,349)"/>
   </segment>
   <segment nite:id="Bmr001.segment.737" starttime="1704.04" endtime="1707.73" participant="me011" timing-provenance="dialogueact">
      <nite:child href="Bmr001.B.words.xml#id(Bmr001.w.7,369)..id(Bmr001.w.7,389)"/>
   </segment>
   <segment nite:id="Bmr001.segment.742" starttime="1714.66" endtime="1715.81" participant="me011" timing-provenance="dialogueact">
      <nite:child href="Bmr001.B.words.xml#id(Bmr001.w.7,424)..id(Bmr001.w.7,430)"/>
   </segment>
   <segment nite:id="Bmr001.segment.746" starttime="1724.78" endtime="1725.13" participant="me011" timing-provenance="dialogueact">
      <nite:child href="Bmr001.B.words.xml#id(Bmr001.w.7,475)..id(Bmr001.w.7,478)"/>
   </segment>
   <segment nite:id="Bmr001.segment.748" starttime="1727.88" endtime="1728.08" participant="me011" timing-provenance="dialogueact">
      <nite:child href="Bmr001.B.words.xml#id(Bmr001.w.7,495)..id(Bmr001.w.7,496)"/>
   </segment>
   <segment nite:id="Bmr001.segment.751" starttime="1728.57" endtime="1728.97" participant="me011" timing-provenance="dialogueact">
      <nite:child href="Bmr001.B.words.xml#id(Bmr001.w.7,505)..id(Bmr001.w.7,506)"/>
   </segment>
   <segment nite:id="Bmr001.segment.755" starttime="1739.93" endtime="1740.25" participant="me011" timing-provenance="dialogueact">
      <nite:child href="Bmr001.B.words.xml#id(Bmr001.w.7,552)..id(Bmr001.w.7,555)"/>
   </segment>
   <segment nite:id="Bmr001.segment.757" starttime="1741.963" endtime="1742.531" participant="me011" timing-provenance="segment">
      <nite:child href="Bmr001.B.words.xml#id(Bmr001.vocalsound.51)"/>
   </segment>
   <segment nite:id="Bmr001.segment.758" starttime="1743.52" endtime="1743.72" participant="me011" timing-provenance="dialogueact">
      <nite:child href="Bmr001.B.words.xml#id(Bmr001.w.7,558)..id(Bmr001.w.7,559)"/>
   </segment>
   <segment nite:id="Bmr001.segment.759" starttime="1745.032" endtime="1749.477" participant="me011" timing-provenance="segment">
      <nite:child href="Bmr001.B.words.xml#id(Bmr001.w.7,560)..id(Bmr001.comment.49)"/>
   </segment>
   <segment nite:id="Bmr001.segment.760" starttime="1749.64" endtime="1749.98" participant="me011" timing-provenance="dialogueact">
      <nite:child href="Bmr001.B.words.xml#id(Bmr001.w.7,584)..id(Bmr001.w.7,585)"/>
   </segment>
   <segment nite:id="Bmr001.segment.772" starttime="1780.76" endtime="1781.01" participant="me011" timing-provenance="dialogueact">
      <nite:child href="Bmr001.B.words.xml#id(Bmr001.w.7,692)..id(Bmr001.w.7,695)"/>
   </segment>
   <segment nite:id="Bmr001.segment.777" starttime="1795.29" endtime="1795.57" participant="me011" timing-provenance="dialogueact">
      <nite:child href="Bmr001.B.words.xml#id(Bmr001.w.7,758)..id(Bmr001.w.7,759)"/>
   </segment>
   <segment nite:id="Bmr001.segment.778" starttime="1798.75" endtime="1799.08" participant="me011" timing-provenance="dialogueact">
      <nite:child href="Bmr001.B.words.xml#id(Bmr001.w.7,760)..id(Bmr001.w.7,763)"/>
   </segment>
   <segment nite:id="Bmr001.segment.779" starttime="1800.39" endtime="1803.67" participant="me011" timing-provenance="dialogueact">
      <nite:child href="Bmr001.B.words.xml#id(Bmr001.w.7,764)..id(Bmr001.w.7,782)"/>
   </segment>
   <segment nite:id="Bmr001.segment.780" starttime="1804.28" endtime="1810.46" participant="me011" timing-provenance="dialogueact">
      <nite:child href="Bmr001.B.words.xml#id(Bmr001.w.7,783)..id(Bmr001.w.7,801)"/>
   </segment>
   <segment nite:id="Bmr001.segment.781" starttime="1811.23" endtime="1814.14" participant="me011" timing-provenance="dialogueact">
      <nite:child href="Bmr001.B.words.xml#id(Bmr001.w.7,802)..id(Bmr001.w.7,812)"/>
   </segment>
   <segment nite:id="Bmr001.segment.783" starttime="1815.47" endtime="1816.22" participant="me011" timing-provenance="dialogueact">
      <nite:child href="Bmr001.B.words.xml#id(Bmr001.w.7,815)..id(Bmr001.w.7,819)"/>
   </segment>
   <segment nite:id="Bmr001.segment.785" starttime="1816.83" endtime="1818.54" participant="me011" timing-provenance="dialogueact">
      <nite:child href="Bmr001.B.words.xml#id(Bmr001.w.7,822)..id(Bmr001.w.7,829)"/>
   </segment>
   <segment nite:id="Bmr001.segment.789" starttime="1823.05" endtime="1823.4" participant="me011" timing-provenance="dialogueact">
      <nite:child href="Bmr001.B.words.xml#id(Bmr001.w.7,850)..id(Bmr001.w.7,851)"/>
   </segment>
   <segment nite:id="Bmr001.segment.792" starttime="1829.53" endtime="1830.37" participant="me011" timing-provenance="dialogueact">
      <nite:child href="Bmr001.B.words.xml#id(Bmr001.w.7,872)..id(Bmr001.w.7,876)"/>
   </segment>
   <segment nite:id="Bmr001.segment.810" starttime="1859.108" endtime="1860.41" participant="me011" timing-provenance="segment">
      <nite:child href="Bmr001.B.words.xml#id(Bmr001.vocalsound.57)"/>
   </segment>
   <segment nite:id="Bmr001.segment.812" starttime="1861.132" endtime="1864.026" participant="me011" timing-provenance="segment">
      <nite:child href="Bmr001.B.words.xml#id(Bmr001.vocalsound.59)"/>
   </segment>
   <segment nite:id="Bmr001.segment.818" starttime="1872.29" endtime="1872.97" participant="me011" timing-provenance="dialogueact">
      <nite:child href="Bmr001.B.words.xml#id(Bmr001.w.8,072)..id(Bmr001.w.8,075)"/>
   </segment>
   <segment nite:id="Bmr001.segment.821" starttime="1874.43" endtime="1875.479" participant="me011" timing-provenance="segment">
      <nite:child href="Bmr001.B.words.xml#id(Bmr001.w.8,082)..id(Bmr001.comment.52)"/>
   </segment>
   <segment nite:id="Bmr001.segment.824" starttime="1876.677" endtime="1877.23" participant="me011" timing-provenance="segment">
      <nite:child href="Bmr001.B.words.xml#id(Bmr001.vocalsound.63)"/>
   </segment>
   <segment nite:id="Bmr001.segment.825" starttime="1877.38" endtime="1880.17" participant="me011" timing-provenance="dialogueact">
      <nite:child href="Bmr001.B.words.xml#id(Bmr001.w.8,093)..id(Bmr001.w.8,105)"/>
   </segment>
   <segment nite:id="Bmr001.segment.829" starttime="1885.49" endtime="1885.75" participant="me011" timing-provenance="dialogueact">
      <nite:child href="Bmr001.B.words.xml#id(Bmr001.w.8,128)..id(Bmr001.w.8,129)"/>
   </segment>
   <segment nite:id="Bmr001.segment.833" starttime="1909.9" endtime="1910.21" participant="me011" timing-provenance="dialogueact">
      <nite:child href="Bmr001.B.words.xml#id(Bmr001.w.8,214)..id(Bmr001.w.8,217)"/>
   </segment>
   <segment nite:id="Bmr001.segment.836" starttime="1916.49" endtime="1916.71" participant="me011" timing-provenance="dialogueact">
      <nite:child href="Bmr001.B.words.xml#id(Bmr001.w.8,244)..id(Bmr001.w.8,245)"/>
   </segment>
   <segment nite:id="Bmr001.segment.837" starttime="1917.63" endtime="1921.26" participant="me011" timing-provenance="dialogueact">
      <nite:child href="Bmr001.B.words.xml#id(Bmr001.w.8,246)..id(Bmr001.w.8,254)"/>
   </segment>
   <segment nite:id="Bmr001.segment.838" starttime="1921.86" endtime="1922.86" participant="me011" timing-provenance="dialogueact">
      <nite:child href="Bmr001.B.words.xml#id(Bmr001.w.8,255)..id(Bmr001.w.8,260)"/>
   </segment>
   <segment nite:id="Bmr001.segment.840" starttime="1927.05" endtime="1927.58" participant="me011" timing-provenance="dialogueact">
      <nite:child href="Bmr001.B.words.xml#id(Bmr001.w.8,280)..id(Bmr001.w.8,285)"/>
   </segment>
   <segment nite:id="Bmr001.segment.842" starttime="1930.14" endtime="1932.59" participant="me011" timing-provenance="dialogueact">
      <nite:child href="Bmr001.B.words.xml#id(Bmr001.w.8,288)..id(Bmr001.w.8,299)"/>
   </segment>
   <segment nite:id="Bmr001.segment.846" starttime="1938.68" endtime="1939.05" participant="me011" timing-provenance="dialogueact">
      <nite:child href="Bmr001.B.words.xml#id(Bmr001.w.8,310)..id(Bmr001.w.8,313)"/>
   </segment>
   <segment nite:id="Bmr001.segment.859" starttime="1963.865" endtime="1968.556" participant="me011" digittask="true" timing-provenance="segment">
      <nite:child href="Bmr001.B.words.xml#id(Bmr001.w.8,358)..id(Bmr001.comment.66)"/>
   </segment>
   <segment nite:id="Bmr001.segment.860" starttime="1969.033" endtime="1969.741" participant="me011" digittask="true" timing-provenance="segment">
      <nite:child href="Bmr001.B.words.xml#id(Bmr001.w.8,372)..id(Bmr001.comment.67)"/>
   </segment>
   <segment nite:id="Bmr001.segment.861" starttime="1970.195" endtime="1971.262" participant="me011" digittask="true" timing-provenance="segment">
      <nite:child href="Bmr001.B.words.xml#id(Bmr001.w.8,373)..id(Bmr001.comment.68)"/>
   </segment>
   <segment nite:id="Bmr001.segment.862" starttime="1971.715" endtime="1973.424" participant="me011" digittask="true" timing-provenance="segment">
      <nite:child href="Bmr001.B.words.xml#id(Bmr001.w.8,375)..id(Bmr001.comment.69)"/>
   </segment>
   <segment nite:id="Bmr001.segment.863" starttime="1973.802" endtime="1975.001" participant="me011" digittask="true" timing-provenance="segment">
      <nite:child href="Bmr001.B.words.xml#id(Bmr001.w.8,379)..id(Bmr001.comment.70)"/>
   </segment>
   <segment nite:id="Bmr001.segment.864" starttime="1975.426" endtime="1976.71" participant="me011" digittask="true" timing-provenance="segment">
      <nite:child href="Bmr001.B.words.xml#id(Bmr001.w.8,381)..id(Bmr001.comment.71)"/>
   </segment>
   <segment nite:id="Bmr001.segment.865" starttime="1977.107" endtime="1978.042" participant="me011" digittask="true" timing-provenance="segment">
      <nite:child href="Bmr001.B.words.xml#id(Bmr001.w.8,384)..id(Bmr001.comment.72)"/>
   </segment>
   <segment nite:id="Bmr001.segment.866" starttime="1978.486" endtime="1979.137" participant="me011" digittask="true" timing-provenance="segment">
      <nite:child href="Bmr001.B.words.xml#id(Bmr001.w.8,385)..id(Bmr001.comment.73)"/>
   </segment>
   <segment nite:id="Bmr001.segment.867" starttime="1979.638" endtime="1980.469" participant="me011" digittask="true" timing-provenance="segment">
      <nite:child href="Bmr001.B.words.xml#id(Bmr001.w.8,386)..id(Bmr001.comment.74)"/>
   </segment>
   <segment nite:id="Bmr001.segment.868" starttime="1980.941" endtime="1982.791" participant="me011" digittask="true" timing-provenance="segment">
      <nite:child href="Bmr001.B.words.xml#id(Bmr001.w.8,387)..id(Bmr001.comment.75)"/>
   </segment>
   <segment nite:id="Bmr001.segment.869" starttime="1983.056" endtime="1984.321" participant="me011" digittask="true" timing-provenance="segment">
      <nite:child href="Bmr001.B.words.xml#id(Bmr001.w.8,392)..id(Bmr001.comment.76)"/>
   </segment>
   <segment nite:id="Bmr001.segment.882" starttime="2011.855" endtime="2016.702" participant="me011" timing-provenance="segment">
      <nite:child href="Bmr001.B.words.xml#id(Bmr001.w.8,444)..id(Bmr001.vocalsound.65)"/>
   </segment>
   <segment nite:id="Bmr001.segment.885" starttime="2017.389" endtime="2018.18" participant="me011" timing-provenance="segment">
      <nite:child href="Bmr001.B.words.xml#id(Bmr001.w.8,477)..id(Bmr001.comment.88)"/>
   </segment>
   <segment nite:id="Bmr001.segment.886" starttime="2018.18" endtime="2021.275" participant="me011" timing-provenance="segment">
      <nite:child href="Bmr001.B.words.xml#id(Bmr001.vocalsound.66)"/>
   </segment>
   <segment nite:id="Bmr001.segment.891" starttime="2029.88" endtime="2030.77" participant="me011" timing-provenance="dialogueact">
      <nite:child href="Bmr001.B.words.xml#id(Bmr001.w.8,540)..id(Bmr001.w.8,545)"/>
   </segment>
   <segment nite:id="Bmr001.segment.904" starttime="2062.97" endtime="2066.318" participant="me011" digittask="true" timing-provenance="segment">
      <nite:child href="Bmr001.B.words.xml#id(Bmr001.w.8,609)..id(Bmr001.comment.100)"/>
   </segment>
   <segment nite:id="Bmr001.segment.905" starttime="2066.728" endtime="2068.503" participant="me011" digittask="true" timing-provenance="segment">
      <nite:child href="Bmr001.B.words.xml#id(Bmr001.w.8,620)..id(Bmr001.comment.101)"/>
   </segment>
   <segment nite:id="Bmr001.segment.906" starttime="2068.767" endtime="2070.401" participant="me011" digittask="true" timing-provenance="segment">
      <nite:child href="Bmr001.B.words.xml#id(Bmr001.w.8,624)..id(Bmr001.comment.102)"/>
   </segment>
   <segment nite:id="Bmr001.segment.907" starttime="2070.675" endtime="2071.723" participant="me011" digittask="true" timing-provenance="segment">
      <nite:child href="Bmr001.B.words.xml#id(Bmr001.w.8,628)..id(Bmr001.comment.103)"/>
   </segment>
   <segment nite:id="Bmr001.segment.908" starttime="2072.129" endtime="2073.054" participant="me011" digittask="true" timing-provenance="segment">
      <nite:child href="Bmr001.B.words.xml#id(Bmr001.w.8,630)..id(Bmr001.comment.104)"/>
   </segment>
   <segment nite:id="Bmr001.segment.909" starttime="2073.564" endtime="2074.414" participant="me011" digittask="true" timing-provenance="segment">
      <nite:child href="Bmr001.B.words.xml#id(Bmr001.w.8,633)..id(Bmr001.comment.105)"/>
   </segment>
   <segment nite:id="Bmr001.segment.910" starttime="2074.631" endtime="2075.321" participant="me011" digittask="true" timing-provenance="segment">
      <nite:child href="Bmr001.B.words.xml#id(Bmr001.w.8,634)..id(Bmr001.comment.106)"/>
   </segment>
   <segment nite:id="Bmr001.segment.911" starttime="2075.727" endtime="2076.454" participant="me011" digittask="true" timing-provenance="segment">
      <nite:child href="Bmr001.B.words.xml#id(Bmr001.w.8,635)..id(Bmr001.comment.107)"/>
   </segment>
   <segment nite:id="Bmr001.segment.912" starttime="2076.869" endtime="2078.635" participant="me011" digittask="true" timing-provenance="segment">
      <nite:child href="Bmr001.B.words.xml#id(Bmr001.w.8,636)..id(Bmr001.comment.108)"/>
   </segment>
   <segment nite:id="Bmr001.segment.913" starttime="2079.003" endtime="2080.231" participant="me011" digittask="true" timing-provenance="segment">
      <nite:child href="Bmr001.B.words.xml#id(Bmr001.w.8,641)..id(Bmr001.comment.109)"/>
   </segment>
   <segment nite:id="Bmr001.segment.914" starttime="2080.458" endtime="2081.978" participant="me011" digittask="true" timing-provenance="segment">
      <nite:child href="Bmr001.B.words.xml#id(Bmr001.w.8,644)..id(Bmr001.comment.110)"/>
   </segment>
   <segment nite:id="Bmr001.segment.928" starttime="2110.63" endtime="2110.88" participant="me011" timing-provenance="dialogueact">
      <nite:child href="Bmr001.B.words.xml#id(Bmr001.w.8,698)..id(Bmr001.w.8,700)"/>
   </segment>
   <segment nite:id="Bmr001.segment.932" starttime="2117.31" endtime="2119.39" participant="me011" timing-provenance="dialogueact">
      <nite:child href="Bmr001.B.words.xml#id(Bmr001.w.8,707)..id(Bmr001.w.8,719)"/>
   </segment>
   <segment nite:id="Bmr001.segment.959" starttime="2172.25" endtime="2172.46" participant="me011" timing-provenance="dialogueact">
      <nite:child href="Bmr001.B.words.xml#id(Bmr001.w.8,823)..id(Bmr001.w.8,824)"/>
   </segment>
   <segment nite:id="Bmr001.segment.961" starttime="2175.77" endtime="2177.378" participant="me011" timing-provenance="segment">
      <nite:child href="Bmr001.B.words.xml#id(Bmr001.vocalsound.67)"/>
   </segment>
</nite:root>