<?xml version="1.0" encoding="ISO-8859-1" standalone="yes"?>
<nite:root nite:id="Bmr007.E.segs" xmlns:nite="http://nite.sourceforge.net/">
   <segment nite:id="Bmr007.segment.2" starttime="0.0" endtime="0.353" participant="mn005" timing-provenance="segment">
      <nite:child href="Bmr007.E.words.xml#id(Bmr007.w.4)..id(Bmr007.w.5)"/>
   </segment>
   <segment nite:id="Bmr007.segment.8" starttime="1.232" endtime="1.782" participant="mn005" timing-provenance="segment">
      <nite:child href="Bmr007.E.words.xml#id(Bmr007.w.13)..id(Bmr007.w.14)"/>
   </segment>
   <segment nite:id="Bmr007.segment.53" starttime="41.121" endtime="41.899" participant="mn005" timing-provenance="segment">
      <nite:child href="Bmr007.E.words.xml#id(Bmr007.vocalsound.15)"/>
   </segment>
   <segment nite:id="Bmr007.segment.77" starttime="84.906" endtime="85.481" participant="mn005" timing-provenance="segment">
      <nite:child href="Bmr007.E.words.xml#id(Bmr007.w.392)..id(Bmr007.w.393)"/>
   </segment>
   <segment nite:id="Bmr007.segment.104" starttime="135.419" endtime="136.77" participant="mn005" timing-provenance="segment">
      <nite:child href="Bmr007.E.words.xml#id(Bmr007.vocalsound.22)"/>
   </segment>
   <segment nite:id="Bmr007.segment.115" starttime="153.202" endtime="153.77" participant="mn005" timing-provenance="segment">
      <nite:child href="Bmr007.E.words.xml#id(Bmr007.vocalsound.26)"/>
   </segment>
   <segment nite:id="Bmr007.segment.187" starttime="273.698" endtime="274.108" participant="mn005" timing-provenance="dialogueact">
      <nite:child href="Bmr007.E.words.xml#id(Bmr007.w.1,127)..id(Bmr007.w.1,130)"/>
   </segment>
   <segment nite:id="Bmr007.segment.199" starttime="290.977" endtime="291.437" participant="mn005" timing-provenance="dialogueact">
      <nite:child href="Bmr007.E.words.xml#id(Bmr007.w.1,210)..id(Bmr007.w.1,213)"/>
   </segment>
   <segment nite:id="Bmr007.segment.201" starttime="292.992" endtime="293.272" participant="mn005" timing-provenance="dialogueact">
      <nite:child href="Bmr007.E.words.xml#id(Bmr007.w.1,225)..id(Bmr007.w.1,228)"/>
   </segment>
   <segment nite:id="Bmr007.segment.234" starttime="359.808" endtime="360.138" participant="mn005" timing-provenance="dialogueact">
      <nite:child href="Bmr007.E.words.xml#id(Bmr007.w.1,479)..id(Bmr007.w.1,482)"/>
   </segment>
   <segment nite:id="Bmr007.segment.248" starttime="376.089" endtime="376.299" participant="mn005" timing-provenance="dialogueact">
      <nite:child href="Bmr007.E.words.xml#id(Bmr007.w.1,547)"/>
   </segment>
   <segment nite:id="Bmr007.segment.252" starttime="376.937" endtime="379.128" participant="mn005" timing-provenance="segment">
      <nite:child href="Bmr007.E.words.xml#id(Bmr007.vocalsound.48)..id(Bmr007.comment.9)"/>
   </segment>
   <segment nite:id="Bmr007.segment.272" starttime="419.895" endtime="422.061" participant="mn005" timing-provenance="segment">
      <nite:child href="Bmr007.E.words.xml#id(Bmr007.vocalsound.55)"/>
   </segment>
   <segment nite:id="Bmr007.segment.279" starttime="422.061" endtime="423.014" participant="mn005" timing-provenance="segment">
      <nite:child href="Bmr007.E.words.xml#id(Bmr007.w.1,765)..id(Bmr007.comment.10)"/>
   </segment>
   <segment nite:id="Bmr007.segment.280" starttime="423.174" endtime="424.004" participant="mn005" timing-provenance="dialogueact">
      <nite:child href="Bmr007.E.words.xml#id(Bmr007.w.1,769)..id(Bmr007.w.1,772)"/>
   </segment>
   <segment nite:id="Bmr007.segment.286" starttime="424.655" endtime="425.292" participant="mn005" timing-provenance="segment">
      <nite:child href="Bmr007.E.words.xml#id(Bmr007.vocalsound.63)"/>
   </segment>
   <segment nite:id="Bmr007.segment.292" starttime="428.115" endtime="428.683" participant="mn005" timing-provenance="segment">
      <nite:child href="Bmr007.E.words.xml#id(Bmr007.vocalsound.66)"/>
   </segment>
   <segment nite:id="Bmr007.segment.294" starttime="429.331" endtime="430.041" participant="mn005" timing-provenance="dialogueact">
      <nite:child href="Bmr007.E.words.xml#id(Bmr007.w.1,832)..id(Bmr007.w.1,839)"/>
   </segment>
   <segment nite:id="Bmr007.segment.299" starttime="430.738" endtime="432.288" participant="mn005" timing-provenance="segment">
      <nite:child href="Bmr007.E.words.xml#id(Bmr007.vocalsound.70)"/>
   </segment>
   <segment nite:id="Bmr007.segment.309" starttime="447.06" endtime="448.02" participant="mn005" timing-provenance="segment">
      <nite:child href="Bmr007.E.words.xml#id(Bmr007.vocalsound.72)"/>
   </segment>
   <segment nite:id="Bmr007.segment.335" starttime="495.329" endtime="496.03" participant="mn005" timing-provenance="segment">
      <nite:child href="Bmr007.E.words.xml#id(Bmr007.w.2,190)..id(Bmr007.comment.14)"/>
   </segment>
   <segment nite:id="Bmr007.segment.336" starttime="496.206" endtime="496.72" participant="mn005" timing-provenance="segment">
      <nite:child href="Bmr007.E.words.xml#id(Bmr007.vocalsound.82)"/>
   </segment>
   <segment nite:id="Bmr007.segment.391" starttime="604.631" endtime="605.386" participant="mn005" timing-provenance="segment">
      <nite:child href="Bmr007.E.words.xml#id(Bmr007.w.2,640)..id(Bmr007.vocalsound.99)"/>
   </segment>
   <segment nite:id="Bmr007.segment.394" starttime="605.516" endtime="605.996" participant="mn005" timing-provenance="dialogueact">
      <nite:child href="Bmr007.E.words.xml#id(Bmr007.w.2,651)..id(Bmr007.w.2,652)"/>
   </segment>
   <segment nite:id="Bmr007.segment.411" starttime="625.824" endtime="626.164" participant="mn005" timing-provenance="dialogueact">
      <nite:child href="Bmr007.E.words.xml#id(Bmr007.w.2,741)..id(Bmr007.w.2,742)"/>
   </segment>
   <segment nite:id="Bmr007.segment.424" starttime="637.32" endtime="638.07" participant="mn005" timing-provenance="dialogueact">
      <nite:child href="Bmr007.E.words.xml#id(Bmr007.w.2,835)..id(Bmr007.w.2,838)"/>
   </segment>
   <segment nite:id="Bmr007.segment.427" starttime="638.28" endtime="641.2" participant="mn005" timing-provenance="dialogueact">
      <nite:child href="Bmr007.E.words.xml#id(Bmr007.w.2,843)..id(Bmr007.w.2,854)"/>
   </segment>
   <segment nite:id="Bmr007.segment.429" starttime="641.875" endtime="642.105" participant="mn005" timing-provenance="dialogueact">
      <nite:child href="Bmr007.E.words.xml#id(Bmr007.w.2,857)..id(Bmr007.w.2,858)"/>
   </segment>
   <segment nite:id="Bmr007.segment.431" starttime="642.973" endtime="645.133" participant="mn005" timing-provenance="dialogueact">
      <nite:child href="Bmr007.E.words.xml#id(Bmr007.w.2,867)..id(Bmr007.w.2,877)"/>
   </segment>
   <segment nite:id="Bmr007.segment.434" starttime="648.37" endtime="651.95" participant="mn005" timing-provenance="dialogueact">
      <nite:child href="Bmr007.E.words.xml#id(Bmr007.w.2,892)..id(Bmr007.w.2,906)"/>
   </segment>
   <segment nite:id="Bmr007.segment.436" starttime="651.95" endtime="661.14" participant="mn005" timing-provenance="dialogueact">
      <nite:child href="Bmr007.E.words.xml#id(Bmr007.w.2,911)..id(Bmr007.w.2,943)"/>
   </segment>
   <segment nite:id="Bmr007.segment.437" starttime="661.208" endtime="661.75" participant="mn005" timing-provenance="segment">
      <nite:child href="Bmr007.E.words.xml#id(Bmr007.vocalsound.104)"/>
   </segment>
   <segment nite:id="Bmr007.segment.439" starttime="664.648" endtime="666.458" participant="mn005" timing-provenance="dialogueact">
      <nite:child href="Bmr007.E.words.xml#id(Bmr007.w.2,963)..id(Bmr007.w.2,975)"/>
   </segment>
   <segment nite:id="Bmr007.segment.440" starttime="668.74" endtime="673.31" participant="mn005" timing-provenance="dialogueact">
      <nite:child href="Bmr007.E.words.xml#id(Bmr007.w.2,976)..id(Bmr007.w.2,992)"/>
   </segment>
   <segment nite:id="Bmr007.segment.443" starttime="674.01" endtime="674.48" participant="mn005" timing-provenance="dialogueact">
      <nite:child href="Bmr007.E.words.xml#id(Bmr007.w.2,999)..id(Bmr007.w.3,001)"/>
   </segment>
   <segment nite:id="Bmr007.segment.445" starttime="674.53" endtime="674.972" participant="mn005" timing-provenance="segment">
      <nite:child href="Bmr007.E.words.xml#id(Bmr007.vocalsound.105)"/>
   </segment>
   <segment nite:id="Bmr007.segment.446" starttime="674.972" endtime="675.571" participant="mn005" timing-provenance="segment">
      <nite:child href="Bmr007.E.words.xml#id(Bmr007.w.3,010)..id(Bmr007.disfmarker.126)"/>
   </segment>
   <segment nite:id="Bmr007.segment.448" starttime="676.989" endtime="677.289" participant="mn005" timing-provenance="dialogueact">
      <nite:child href="Bmr007.E.words.xml#id(Bmr007.w.3,027)..id(Bmr007.w.3,028)"/>
   </segment>
   <segment nite:id="Bmr007.segment.450" starttime="677.852" endtime="683.532" participant="mn005" timing-provenance="dialogueact">
      <nite:child href="Bmr007.E.words.xml#id(Bmr007.w.3,035)..id(Bmr007.w.3,049)"/>
   </segment>
   <segment nite:id="Bmr007.segment.451" starttime="684.34" endtime="687.51" participant="mn005" timing-provenance="dialogueact">
      <nite:child href="Bmr007.E.words.xml#id(Bmr007.w.3,050)..id(Bmr007.w.3,058)"/>
   </segment>
   <segment nite:id="Bmr007.segment.454" starttime="688.1" endtime="695.51" participant="mn005" timing-provenance="dialogueact">
      <nite:child href="Bmr007.E.words.xml#id(Bmr007.w.3,063)..id(Bmr007.w.3,089)"/>
   </segment>
   <segment nite:id="Bmr007.segment.455" starttime="695.84" endtime="702.27" participant="mn005" timing-provenance="segment">
      <nite:child href="Bmr007.E.words.xml#id(Bmr007.w.3,090)..id(Bmr007.vocalsound.106)"/>
   </segment>
   <segment nite:id="Bmr007.segment.457" starttime="702.92" endtime="706.285" participant="mn005" timing-provenance="segment">
      <nite:child href="Bmr007.E.words.xml#id(Bmr007.w.3,112)..id(Bmr007.vocalsound.107)"/>
   </segment>
   <segment nite:id="Bmr007.segment.458" starttime="706.285" endtime="711.34" participant="mn005" timing-provenance="segment">
      <nite:child href="Bmr007.E.words.xml#id(Bmr007.w.3,123)..id(Bmr007.disfmarker.138)"/>
   </segment>
   <segment nite:id="Bmr007.segment.459" starttime="711.85" endtime="719.56" participant="mn005" timing-provenance="segment">
      <nite:child href="Bmr007.E.words.xml#id(Bmr007.w.3,145)..id(Bmr007.pause.244)"/>
   </segment>
   <segment nite:id="Bmr007.segment.460" starttime="719.56" endtime="726.182" participant="mn005" timing-provenance="segment">
      <nite:child href="Bmr007.E.words.xml#id(Bmr007.pause.245)..id(Bmr007.w.3,178)"/>
   </segment>
   <segment nite:id="Bmr007.segment.462" starttime="726.29" endtime="732.91" participant="mn005" timing-provenance="dialogueact">
      <nite:child href="Bmr007.E.words.xml#id(Bmr007.w.3,183)..id(Bmr007.w.3,201)"/>
   </segment>
   <segment nite:id="Bmr007.segment.522" starttime="832.228" endtime="832.888" participant="mn005" timing-provenance="segment">
      <nite:child href="Bmr007.E.words.xml#id(Bmr007.vocalsound.126)"/>
   </segment>
   <segment nite:id="Bmr007.segment.544" starttime="857.888" endtime="858.408" participant="mn005" timing-provenance="dialogueact">
      <nite:child href="Bmr007.E.words.xml#id(Bmr007.w.3,727)..id(Bmr007.w.3,728)"/>
   </segment>
   <segment nite:id="Bmr007.segment.549" starttime="860.072" endtime="860.492" participant="mn005" timing-provenance="dialogueact">
      <nite:child href="Bmr007.E.words.xml#id(Bmr007.w.3,742)..id(Bmr007.w.3,743)"/>
   </segment>
   <segment nite:id="Bmr007.segment.575" starttime="903.572" endtime="903.842" participant="mn005" timing-provenance="dialogueact">
      <nite:child href="Bmr007.E.words.xml#id(Bmr007.w.3,952)..id(Bmr007.w.3,953)"/>
   </segment>
   <segment nite:id="Bmr007.segment.576" starttime="904.082" endtime="904.352" participant="mn005" timing-provenance="dialogueact">
      <nite:child href="Bmr007.E.words.xml#id(Bmr007.w.3,954)..id(Bmr007.w.3,955)"/>
   </segment>
   <segment nite:id="Bmr007.segment.580" starttime="906.073" endtime="906.383" participant="mn005" timing-provenance="dialogueact">
      <nite:child href="Bmr007.E.words.xml#id(Bmr007.w.3,966)..id(Bmr007.w.3,967)"/>
   </segment>
   <segment nite:id="Bmr007.segment.684" starttime="1070.764" endtime="1071.483" participant="mn005" timing-provenance="segment">
      <nite:child href="Bmr007.E.words.xml#id(Bmr007.vocalsound.158)"/>
   </segment>
   <segment nite:id="Bmr007.segment.687" starttime="1075.135" endtime="1075.893" participant="mn005" timing-provenance="segment">
      <nite:child href="Bmr007.E.words.xml#id(Bmr007.vocalsound.161)"/>
   </segment>
   <segment nite:id="Bmr007.segment.697" starttime="1079.386" endtime="1080.344" participant="mn005" timing-provenance="segment">
      <nite:child href="Bmr007.E.words.xml#id(Bmr007.vocalsound.163)"/>
   </segment>
   <segment nite:id="Bmr007.segment.775" starttime="1190.93" endtime="1191.744" participant="mn005" timing-provenance="segment">
      <nite:child href="Bmr007.E.words.xml#id(Bmr007.vocalsound.174)"/>
   </segment>
   <segment nite:id="Bmr007.segment.782" starttime="1197.606" endtime="1198.611" participant="mn005" timing-provenance="segment">
      <nite:child href="Bmr007.E.words.xml#id(Bmr007.vocalsound.178)"/>
   </segment>
   <segment nite:id="Bmr007.segment.783" starttime="1198.67" endtime="1198.98" participant="mn005" timing-provenance="dialogueact">
      <nite:child href="Bmr007.E.words.xml#id(Bmr007.w.5,320)..id(Bmr007.w.5,321)"/>
   </segment>
   <segment nite:id="Bmr007.segment.812" starttime="1223.448" endtime="1224.162" participant="mn005" timing-provenance="segment">
      <nite:child href="Bmr007.E.words.xml#id(Bmr007.vocalsound.186)"/>
   </segment>
   <segment nite:id="Bmr007.segment.862" starttime="1285.87" endtime="1286.35" participant="mn005" timing-provenance="dialogueact">
      <nite:child href="Bmr007.E.words.xml#id(Bmr007.w.5,821)..id(Bmr007.w.5,822)"/>
   </segment>
   <segment nite:id="Bmr007.segment.925" starttime="1367.83" endtime="1368.23" participant="mn005" timing-provenance="dialogueact">
      <nite:child href="Bmr007.E.words.xml#id(Bmr007.w.6,199)..id(Bmr007.w.6,200)"/>
   </segment>
   <segment nite:id="Bmr007.segment.936" starttime="1380.538" endtime="1381.326" participant="mn005" timing-provenance="segment">
      <nite:child href="Bmr007.E.words.xml#id(Bmr007.vocalsound.217)"/>
   </segment>
   <segment nite:id="Bmr007.segment.945" starttime="1385.425" endtime="1390.366" participant="mn005" timing-provenance="segment">
      <nite:child href="Bmr007.E.words.xml#id(Bmr007.w.6,303)..id(Bmr007.vocalsound.219)"/>
   </segment>
   <segment nite:id="Bmr007.segment.959" starttime="1402.995" endtime="1404.151" participant="mn005" timing-provenance="segment">
      <nite:child href="Bmr007.E.words.xml#id(Bmr007.vocalsound.224)"/>
   </segment>
   <segment nite:id="Bmr007.segment.974" starttime="1414.936" endtime="1416.126" participant="mn005" timing-provenance="segment">
      <nite:child href="Bmr007.E.words.xml#id(Bmr007.vocalsound.226)"/>
   </segment>
   <segment nite:id="Bmr007.segment.993" starttime="1422.31" endtime="1423.691" participant="mn005" timing-provenance="segment">
      <nite:child href="Bmr007.E.words.xml#id(Bmr007.vocalsound.239)"/>
   </segment>
   <segment nite:id="Bmr007.segment.1,024" starttime="1469.78" endtime="1470.49" participant="mn005" timing-provenance="dialogueact">
      <nite:child href="Bmr007.E.words.xml#id(Bmr007.w.6,701)..id(Bmr007.w.6,704)"/>
   </segment>
   <segment nite:id="Bmr007.segment.1,048" starttime="1502.165" endtime="1504.272" participant="mn005" timing-provenance="segment">
      <nite:child href="Bmr007.E.words.xml#id(Bmr007.vocalsound.248)"/>
   </segment>
   <segment nite:id="Bmr007.segment.1,054" starttime="1505.39" endtime="1505.6" participant="mn005" timing-provenance="dialogueact">
      <nite:child href="Bmr007.E.words.xml#id(Bmr007.w.6,854)..id(Bmr007.w.6,855)"/>
   </segment>
   <segment nite:id="Bmr007.segment.1,059" starttime="1509.02" endtime="1509.31" participant="mn005" timing-provenance="dialogueact">
      <nite:child href="Bmr007.E.words.xml#id(Bmr007.w.6,874)..id(Bmr007.w.6,875)"/>
   </segment>
   <segment nite:id="Bmr007.segment.1,061" starttime="1509.9" endtime="1510.16" participant="mn005" timing-provenance="dialogueact">
      <nite:child href="Bmr007.E.words.xml#id(Bmr007.w.6,876)..id(Bmr007.w.6,877)"/>
   </segment>
   <segment nite:id="Bmr007.segment.1,065" starttime="1510.57" endtime="1510.79" participant="mn005" timing-provenance="dialogueact">
      <nite:child href="Bmr007.E.words.xml#id(Bmr007.w.6,895)..id(Bmr007.w.6,896)"/>
   </segment>
   <segment nite:id="Bmr007.segment.1,092" starttime="1543.774" endtime="1544.417" participant="mn005" timing-provenance="segment">
      <nite:child href="Bmr007.E.words.xml#id(Bmr007.vocalsound.263)"/>
   </segment>
   <segment nite:id="Bmr007.segment.1,094" starttime="1544.805" endtime="1545.401" participant="mn005" timing-provenance="segment">
      <nite:child href="Bmr007.E.words.xml#id(Bmr007.vocalsound.265)"/>
   </segment>
   <segment nite:id="Bmr007.segment.1,100" starttime="1550.182" endtime="1550.799" participant="mn005" timing-provenance="segment">
      <nite:child href="Bmr007.E.words.xml#id(Bmr007.vocalsound.267)"/>
   </segment>
   <segment nite:id="Bmr007.segment.1,113" starttime="1560.551" endtime="1561.835" participant="mn005" timing-provenance="segment">
      <nite:child href="Bmr007.E.words.xml#id(Bmr007.w.7,123)..id(Bmr007.comment.25)"/>
   </segment>
   <segment nite:id="Bmr007.segment.1,116" starttime="1562.16" endtime="1563.308" participant="mn005" timing-provenance="segment">
      <nite:child href="Bmr007.E.words.xml#id(Bmr007.vocalsound.273)"/>
   </segment>
   <segment nite:id="Bmr007.segment.1,119" starttime="1564.383" endtime="1565.305" participant="mn005" timing-provenance="segment">
      <nite:child href="Bmr007.E.words.xml#id(Bmr007.vocalsound.274)"/>
   </segment>
   <segment nite:id="Bmr007.segment.1,121" starttime="1566.505" endtime="1568.605" participant="mn005" timing-provenance="segment">
      <nite:child href="Bmr007.E.words.xml#id(Bmr007.vocalsound.276)"/>
   </segment>
   <segment nite:id="Bmr007.segment.1,182" starttime="1652.44" endtime="1652.91" participant="mn005" timing-provenance="dialogueact">
      <nite:child href="Bmr007.E.words.xml#id(Bmr007.w.7,513)..id(Bmr007.w.7,514)"/>
   </segment>
   <segment nite:id="Bmr007.segment.1,184" starttime="1654.95" endtime="1655.63" participant="mn005" timing-provenance="dialogueact">
      <nite:child href="Bmr007.E.words.xml#id(Bmr007.w.7,520)..id(Bmr007.w.7,523)"/>
   </segment>
   <segment nite:id="Bmr007.segment.1,197" starttime="1673.14" endtime="1673.63" participant="mn005" timing-provenance="dialogueact">
      <nite:child href="Bmr007.E.words.xml#id(Bmr007.w.7,618)..id(Bmr007.w.7,619)"/>
   </segment>
   <segment nite:id="Bmr007.segment.1,236" starttime="1740.54" endtime="1740.89" participant="mn005" timing-provenance="dialogueact">
      <nite:child href="Bmr007.E.words.xml#id(Bmr007.w.7,898)..id(Bmr007.w.7,899)"/>
   </segment>
   <segment nite:id="Bmr007.segment.1,254" starttime="1759.934" endtime="1760.159" participant="mn005" timing-provenance="segment">
      <nite:child href="Bmr007.E.words.xml#id(Bmr007.vocalsound.310)"/>
   </segment>
   <segment nite:id="Bmr007.segment.1,294" starttime="1805.672" endtime="1806.766" participant="mn005" timing-provenance="segment">
      <nite:child href="Bmr007.E.words.xml#id(Bmr007.vocalsound.316)"/>
   </segment>
   <segment nite:id="Bmr007.segment.1,323" starttime="1825.565" endtime="1827.038" participant="mn005" timing-provenance="segment">
      <nite:child href="Bmr007.E.words.xml#id(Bmr007.vocalsound.330)"/>
   </segment>
   <segment nite:id="Bmr007.segment.1,327" starttime="1827.346" endtime="1828.16" participant="mn005" timing-provenance="segment">
      <nite:child href="Bmr007.E.words.xml#id(Bmr007.vocalsound.331)"/>
   </segment>
   <segment nite:id="Bmr007.segment.1,333" starttime="1833.205" endtime="1833.892" participant="mn005" timing-provenance="segment">
      <nite:child href="Bmr007.E.words.xml#id(Bmr007.w.8,332)..id(Bmr007.comment.32)"/>
   </segment>
   <segment nite:id="Bmr007.segment.1,338" starttime="1836.31" endtime="1836.52" participant="mn005" timing-provenance="dialogueact">
      <nite:child href="Bmr007.E.words.xml#id(Bmr007.w.8,362)"/>
   </segment>
   <segment nite:id="Bmr007.segment.1,340" starttime="1836.8" endtime="1837.13" participant="mn005" timing-provenance="dialogueact">
      <nite:child href="Bmr007.E.words.xml#id(Bmr007.w.8,365)..id(Bmr007.w.8,366)"/>
   </segment>
   <segment nite:id="Bmr007.segment.1,341" starttime="1837.95" endtime="1838.19" participant="mn005" timing-provenance="dialogueact">
      <nite:child href="Bmr007.E.words.xml#id(Bmr007.w.8,367)..id(Bmr007.w.8,368)"/>
   </segment>
   <segment nite:id="Bmr007.segment.1,344" starttime="1839.347" endtime="1840.288" participant="mn005" timing-provenance="segment">
      <nite:child href="Bmr007.E.words.xml#id(Bmr007.vocalsound.332)"/>
   </segment>
   <segment nite:id="Bmr007.segment.1,346" starttime="1840.33" endtime="1840.46" participant="mn005" timing-provenance="dialogueact">
      <nite:child href="Bmr007.E.words.xml#id(Bmr007.w.8,398)..id(Bmr007.w.8,399)"/>
   </segment>
   <segment nite:id="Bmr007.segment.1,347" starttime="1840.499" endtime="1841.101" participant="mn005" timing-provenance="segment">
      <nite:child href="Bmr007.E.words.xml#id(Bmr007.vocalsound.333)"/>
   </segment>
   <segment nite:id="Bmr007.segment.1,348" starttime="1841.94" endtime="1847.19" participant="mn005" timing-provenance="dialogueact">
      <nite:child href="Bmr007.E.words.xml#id(Bmr007.w.8,400)..id(Bmr007.w.8,419)"/>
   </segment>
   <segment nite:id="Bmr007.segment.1,369" starttime="1866.28" endtime="1866.46" participant="mn005" timing-provenance="dialogueact">
      <nite:child href="Bmr007.E.words.xml#id(Bmr007.w.8,546)..id(Bmr007.w.8,547)"/>
   </segment>
   <segment nite:id="Bmr007.segment.1,373" starttime="1869.391" endtime="1870.009" participant="mn005" timing-provenance="segment">
      <nite:child href="Bmr007.E.words.xml#id(Bmr007.vocalsound.339)"/>
   </segment>
   <segment nite:id="Bmr007.segment.1,383" starttime="1875.846" endtime="1876.674" participant="mn005" timing-provenance="segment">
      <nite:child href="Bmr007.E.words.xml#id(Bmr007.w.8,613)..id(Bmr007.comment.34)"/>
   </segment>
   <segment nite:id="Bmr007.segment.1,389" starttime="1878.25" endtime="1878.47" participant="mn005" timing-provenance="dialogueact">
      <nite:child href="Bmr007.E.words.xml#id(Bmr007.w.8,630)..id(Bmr007.w.8,631)"/>
   </segment>
   <segment nite:id="Bmr007.segment.1,418" starttime="1896.122" endtime="1897.427" participant="mn005" timing-provenance="segment">
      <nite:child href="Bmr007.E.words.xml#id(Bmr007.vocalsound.352)"/>
   </segment>
   <segment nite:id="Bmr007.segment.1,424" starttime="1898.31" endtime="1898.95" participant="mn005" timing-provenance="dialogueact">
      <nite:child href="Bmr007.E.words.xml#id(Bmr007.w.8,781)..id(Bmr007.w.8,785)"/>
   </segment>
   <segment nite:id="Bmr007.segment.1,439" starttime="1913.313" endtime="1917.615" participant="mn005" timing-provenance="segment">
      <nite:child href="Bmr007.E.words.xml#id(Bmr007.vocalsound.357)"/>
   </segment>
   <segment nite:id="Bmr007.segment.1,452" starttime="1918.85" endtime="1920.365" participant="mn005" timing-provenance="segment">
      <nite:child href="Bmr007.E.words.xml#id(Bmr007.vocalsound.365)"/>
   </segment>
   <segment nite:id="Bmr007.segment.1,465" starttime="1935.734" endtime="1936.407" participant="mn005" timing-provenance="segment">
      <nite:child href="Bmr007.E.words.xml#id(Bmr007.vocalsound.371)"/>
   </segment>
   <segment nite:id="Bmr007.segment.1,468" starttime="1936.407" endtime="1938.384" participant="mn005" timing-provenance="segment">
      <nite:child href="Bmr007.E.words.xml#id(Bmr007.vocalsound.373)"/>
   </segment>
   <segment nite:id="Bmr007.segment.1,598" starttime="2158.46" endtime="2160.595" participant="mn005" timing-provenance="segment">
      <nite:child href="Bmr007.E.words.xml#id(Bmr007.vocalsound.417)..id(Bmr007.w.9,866)"/>
   </segment>
   <segment nite:id="Bmr007.segment.1,600" starttime="2161.96" endtime="2162.53" participant="mn005" timing-provenance="dialogueact">
      <nite:child href="Bmr007.E.words.xml#id(Bmr007.w.9,867)..id(Bmr007.w.9,870)"/>
   </segment>
   <segment nite:id="Bmr007.segment.1,601" starttime="2163.37" endtime="2164.79" participant="mn005" timing-provenance="dialogueact">
      <nite:child href="Bmr007.E.words.xml#id(Bmr007.w.9,871)..id(Bmr007.w.9,876)"/>
   </segment>
   <segment nite:id="Bmr007.segment.1,602" starttime="2165.16" endtime="2172.96" participant="mn005" timing-provenance="dialogueact">
      <nite:child href="Bmr007.E.words.xml#id(Bmr007.w.9,877)..id(Bmr007.w.9,900)"/>
   </segment>
   <segment nite:id="Bmr007.segment.1,603" starttime="2173.65" endtime="2176.98" participant="mn005" timing-provenance="dialogueact">
      <nite:child href="Bmr007.E.words.xml#id(Bmr007.w.9,901)..id(Bmr007.w.9,912)"/>
   </segment>
   <segment nite:id="Bmr007.segment.1,605" starttime="2176.98" endtime="2178.37" participant="mn005" timing-provenance="dialogueact">
      <nite:child href="Bmr007.E.words.xml#id(Bmr007.pause.500)..id(Bmr007.w.9,932)"/>
   </segment>
   <segment nite:id="Bmr007.segment.1,606" starttime="2178.937" endtime="2180.355" participant="mn005" timing-provenance="segment">
      <nite:child href="Bmr007.E.words.xml#id(Bmr007.w.9,933)..id(Bmr007.disfmarker.390)"/>
   </segment>
   <segment nite:id="Bmr007.segment.1,608" starttime="2181.55" endtime="2182.03" participant="mn005" timing-provenance="dialogueact">
      <nite:child href="Bmr007.E.words.xml#id(Bmr007.w.9,937)..id(Bmr007.w.9,938)"/>
   </segment>
   <segment nite:id="Bmr007.segment.1,609" starttime="2182.25" endtime="2186.42" participant="mn005" timing-provenance="dialogueact">
      <nite:child href="Bmr007.E.words.xml#id(Bmr007.w.9,939)..id(Bmr007.w.9,951)"/>
   </segment>
   <segment nite:id="Bmr007.segment.1,610" starttime="2186.627" endtime="2187.208" participant="mn005" timing-provenance="segment">
      <nite:child href="Bmr007.E.words.xml#id(Bmr007.vocalsound.421)"/>
   </segment>
   <segment nite:id="Bmr007.segment.1,611" starttime="2187.29" endtime="2189.56" participant="mn005" timing-provenance="dialogueact">
      <nite:child href="Bmr007.E.words.xml#id(Bmr007.w.9,952)..id(Bmr007.pause.503)"/>
   </segment>
   <segment nite:id="Bmr007.segment.1,612" starttime="2189.56" endtime="2192.67" participant="mn005" timing-provenance="dialogueact">
      <nite:child href="Bmr007.E.words.xml#id(Bmr007.w.9,961)..id(Bmr007.w.9,968)"/>
   </segment>
   <segment nite:id="Bmr007.segment.1,613" starttime="2193.348" endtime="2193.61" participant="mn005" timing-provenance="segment">
      <nite:child href="Bmr007.E.words.xml#id(Bmr007.vocalsound.422)"/>
   </segment>
   <segment nite:id="Bmr007.segment.1,614" starttime="2193.61" endtime="2194.91" participant="mn005" timing-provenance="segment">
      <nite:child href="Bmr007.E.words.xml#id(Bmr007.w.9,969)..id(Bmr007.vocalsound.423)"/>
   </segment>
   <segment nite:id="Bmr007.segment.1,615" starttime="2194.95" endtime="2198.82" participant="mn005" timing-provenance="dialogueact">
      <nite:child href="Bmr007.E.words.xml#id(Bmr007.w.9,970)..id(Bmr007.w.9,980)"/>
   </segment>
   <segment nite:id="Bmr007.segment.1,616" starttime="2198.82" endtime="2200.11" participant="mn005" timing-provenance="dialogueact">
      <nite:child href="Bmr007.E.words.xml#id(Bmr007.pause.506)..id(Bmr007.w.9,984)"/>
   </segment>
   <segment nite:id="Bmr007.segment.1,617" starttime="2200.7" endtime="2203.44" participant="mn005" timing-provenance="dialogueact">
      <nite:child href="Bmr007.E.words.xml#id(Bmr007.w.9,985)..id(Bmr007.pause.507)"/>
   </segment>
   <segment nite:id="Bmr007.segment.1,618" starttime="2203.44" endtime="2206.63" participant="mn005" timing-provenance="dialogueact">
      <nite:child href="Bmr007.E.words.xml#id(Bmr007.w.9,996)..id(Bmr007.w.10,004)"/>
   </segment>
   <segment nite:id="Bmr007.segment.1,620" starttime="2207.83" endtime="2208.34" participant="mn005" timing-provenance="dialogueact">
      <nite:child href="Bmr007.E.words.xml#id(Bmr007.w.10,009)..id(Bmr007.w.10,011)"/>
   </segment>
   <segment nite:id="Bmr007.segment.1,621" starttime="2208.65" endtime="2213.12" participant="mn005" timing-provenance="dialogueact">
      <nite:child href="Bmr007.E.words.xml#id(Bmr007.w.10,012)..id(Bmr007.w.10,027)"/>
   </segment>
   <segment nite:id="Bmr007.segment.1,622" starttime="2213.26" endtime="2213.82" participant="mn005" timing-provenance="segment">
      <nite:child href="Bmr007.E.words.xml#id(Bmr007.vocalsound.424)"/>
   </segment>
   <segment nite:id="Bmr007.segment.1,623" starttime="2213.86" endtime="2218.69" participant="mn005" timing-provenance="dialogueact">
      <nite:child href="Bmr007.E.words.xml#id(Bmr007.w.10,028)..id(Bmr007.w.10,047)"/>
   </segment>
   <segment nite:id="Bmr007.segment.1,624" starttime="2219.638" endtime="2220.411" participant="mn005" timing-provenance="segment">
      <nite:child href="Bmr007.E.words.xml#id(Bmr007.pause.508)..id(Bmr007.vocalsound.425)"/>
   </segment>
   <segment nite:id="Bmr007.segment.1,625" starttime="2220.411" endtime="2224.384" participant="mn005" timing-provenance="segment">
      <nite:child href="Bmr007.E.words.xml#id(Bmr007.w.10,048)..id(Bmr007.disfmarker.404)"/>
   </segment>
   <segment nite:id="Bmr007.segment.1,626" starttime="2224.6" endtime="2225.62" participant="mn005" timing-provenance="dialogueact">
      <nite:child href="Bmr007.E.words.xml#id(Bmr007.w.10,063)..id(Bmr007.w.10,065)"/>
   </segment>
   <segment nite:id="Bmr007.segment.1,627" starttime="2225.92" endtime="2226.92" participant="mn005" timing-provenance="dialogueact">
      <nite:child href="Bmr007.E.words.xml#id(Bmr007.w.10,066)..id(Bmr007.w.10,069)"/>
   </segment>
   <segment nite:id="Bmr007.segment.1,630" starttime="2227.78" endtime="2228.23" participant="mn005" timing-provenance="dialogueact">
      <nite:child href="Bmr007.E.words.xml#id(Bmr007.w.10,084)..id(Bmr007.w.10,086)"/>
   </segment>
   <segment nite:id="Bmr007.segment.1,631" starttime="2228.6" endtime="2232.09" participant="mn005" timing-provenance="dialogueact">
      <nite:child href="Bmr007.E.words.xml#id(Bmr007.w.10,087)..id(Bmr007.w.10,097)"/>
   </segment>
   <segment nite:id="Bmr007.segment.1,633" starttime="2232.91" endtime="2233.15" participant="mn005" timing-provenance="dialogueact">
      <nite:child href="Bmr007.E.words.xml#id(Bmr007.w.10,107)..id(Bmr007.w.10,108)"/>
   </segment>
   <segment nite:id="Bmr007.segment.1,635" starttime="2235.41" endtime="2242.2" participant="mn005" timing-provenance="dialogueact">
      <nite:child href="Bmr007.E.words.xml#id(Bmr007.w.10,114)..id(Bmr007.w.10,141)"/>
   </segment>
   <segment nite:id="Bmr007.segment.1,636" starttime="2242.54" endtime="2245.963" participant="mn005" timing-provenance="segment">
      <nite:child href="Bmr007.E.words.xml#id(Bmr007.w.10,142)..id(Bmr007.vocalsound.427)"/>
   </segment>
   <segment nite:id="Bmr007.segment.1,637" starttime="2246.06" endtime="2248.16" participant="mn005" timing-provenance="dialogueact">
      <nite:child href="Bmr007.E.words.xml#id(Bmr007.w.10,151)..id(Bmr007.w.10,156)"/>
   </segment>
   <segment nite:id="Bmr007.segment.1,638" starttime="2248.34" endtime="2251.2" participant="mn005" timing-provenance="segment">
      <nite:child href="Bmr007.E.words.xml#id(Bmr007.w.10,157)..id(Bmr007.disfmarker.411)"/>
   </segment>
   <segment nite:id="Bmr007.segment.1,640" starttime="2251.2" endtime="2255.283" participant="mn005" timing-provenance="segment">
      <nite:child href="Bmr007.E.words.xml#id(Bmr007.w.10,168)..id(Bmr007.vocalsound.428)"/>
   </segment>
   <segment nite:id="Bmr007.segment.1,641" starttime="2255.42" endtime="2259.53" participant="mn005" timing-provenance="dialogueact">
      <nite:child href="Bmr007.E.words.xml#id(Bmr007.w.10,181)..id(Bmr007.w.10,194)"/>
   </segment>
   <segment nite:id="Bmr007.segment.1,643" starttime="2260.21" endtime="2262.8" participant="mn005" timing-provenance="dialogueact">
      <nite:child href="Bmr007.E.words.xml#id(Bmr007.w.10,197)..id(Bmr007.pause.517)"/>
   </segment>
   <segment nite:id="Bmr007.segment.1,645" starttime="2262.8" endtime="2269.05" participant="mn005" timing-provenance="dialogueact">
      <nite:child href="Bmr007.E.words.xml#id(Bmr007.w.10,209)..id(Bmr007.w.10,231)"/>
   </segment>
   <segment nite:id="Bmr007.segment.1,646" starttime="2269.63" endtime="2270.52" participant="mn005" timing-provenance="dialogueact">
      <nite:child href="Bmr007.E.words.xml#id(Bmr007.w.10,232)..id(Bmr007.w.10,236)"/>
   </segment>
   <segment nite:id="Bmr007.segment.1,647" starttime="2270.59" endtime="2270.97" participant="mn005" timing-provenance="segment">
      <nite:child href="Bmr007.E.words.xml#id(Bmr007.vocalsound.432)"/>
   </segment>
   <segment nite:id="Bmr007.segment.1,648" starttime="2270.97" endtime="2272.54" participant="mn005" timing-provenance="segment">
      <nite:child href="Bmr007.E.words.xml#id(Bmr007.w.10,237)..id(Bmr007.vocalsound.433)"/>
   </segment>
   <segment nite:id="Bmr007.segment.1,649" starttime="2272.58" endtime="2280.16" participant="mn005" timing-provenance="dialogueact">
      <nite:child href="Bmr007.E.words.xml#id(Bmr007.w.10,241)..id(Bmr007.w.10,261)"/>
   </segment>
   <segment nite:id="Bmr007.segment.1,653" starttime="2280.43" endtime="2288.27" participant="mn005" timing-provenance="dialogueact">
      <nite:child href="Bmr007.E.words.xml#id(Bmr007.w.10,294)..id(Bmr007.w.10,320)"/>
   </segment>
   <segment nite:id="Bmr007.segment.1,654" starttime="2288.52" endtime="2289.06" participant="mn005" timing-provenance="segment">
      <nite:child href="Bmr007.E.words.xml#id(Bmr007.vocalsound.435)"/>
   </segment>
   <segment nite:id="Bmr007.segment.1,655" starttime="2289.1" endtime="2293.92" participant="mn005" timing-provenance="dialogueact">
      <nite:child href="Bmr007.E.words.xml#id(Bmr007.w.10,321)..id(Bmr007.w.10,334)"/>
   </segment>
   <segment nite:id="Bmr007.segment.1,656" starttime="2294.88" endtime="2297.13" participant="mn005" timing-provenance="dialogueact">
      <nite:child href="Bmr007.E.words.xml#id(Bmr007.w.10,335)..id(Bmr007.w.10,343)"/>
   </segment>
   <segment nite:id="Bmr007.segment.1,657" starttime="2297.706" endtime="2300.83" participant="mn005" timing-provenance="segment">
      <nite:child href="Bmr007.E.words.xml#id(Bmr007.w.10,344)..id(Bmr007.vocalsound.436)"/>
   </segment>
   <segment nite:id="Bmr007.segment.1,658" starttime="2300.87" endtime="2313.47" participant="mn005" timing-provenance="dialogueact">
      <nite:child href="Bmr007.E.words.xml#id(Bmr007.w.10,349)..id(Bmr007.w.10,393)"/>
   </segment>
   <segment nite:id="Bmr007.segment.1,660" starttime="2313.58" endtime="2314.28" participant="mn005" timing-provenance="dialogueact">
      <nite:child href="Bmr007.E.words.xml#id(Bmr007.w.10,396)..id(Bmr007.w.10,397)"/>
   </segment>
   <segment nite:id="Bmr007.segment.1,661" starttime="2314.61" endtime="2326.95" participant="mn005" timing-provenance="dialogueact">
      <nite:child href="Bmr007.E.words.xml#id(Bmr007.w.10,398)..id(Bmr007.pause.534)"/>
   </segment>
   <segment nite:id="Bmr007.segment.1,662" starttime="2326.95" endtime="2330.02" participant="mn005" timing-provenance="dialogueact">
      <nite:child href="Bmr007.E.words.xml#id(Bmr007.w.10,431)..id(Bmr007.w.10,433)"/>
   </segment>
   <segment nite:id="Bmr007.segment.1,663" starttime="2331.02" endtime="2333.02" participant="mn005" timing-provenance="dialogueact">
      <nite:child href="Bmr007.E.words.xml#id(Bmr007.w.10,434)..id(Bmr007.w.10,438)"/>
   </segment>
   <segment nite:id="Bmr007.segment.1,666" starttime="2335.62" endtime="2345.05" participant="mn005" timing-provenance="dialogueact">
      <nite:child href="Bmr007.E.words.xml#id(Bmr007.w.10,450)..id(Bmr007.w.10,477)"/>
   </segment>
   <segment nite:id="Bmr007.segment.1,669" starttime="2345.84" endtime="2349.02" participant="mn005" timing-provenance="segment">
      <nite:child href="Bmr007.E.words.xml#id(Bmr007.w.10,478)..id(Bmr007.vocalsound.446)"/>
   </segment>
   <segment nite:id="Bmr007.segment.1,670" starttime="2349.14" endtime="2352.15" participant="mn005" timing-provenance="dialogueact">
      <nite:child href="Bmr007.E.words.xml#id(Bmr007.w.10,487)..id(Bmr007.pause.543)"/>
   </segment>
   <segment nite:id="Bmr007.segment.1,671" starttime="2352.15" endtime="2354.53" participant="mn005" timing-provenance="dialogueact">
      <nite:child href="Bmr007.E.words.xml#id(Bmr007.w.10,495)..id(Bmr007.w.10,501)"/>
   </segment>
   <segment nite:id="Bmr007.segment.1,674" starttime="2354.96" endtime="2364.83" participant="mn005" timing-provenance="dialogueact">
      <nite:child href="Bmr007.E.words.xml#id(Bmr007.w.10,510)..id(Bmr007.w.10,541)"/>
   </segment>
   <segment nite:id="Bmr007.segment.1,675" starttime="2365.35" endtime="2369.7" participant="mn005" timing-provenance="segment">
      <nite:child href="Bmr007.E.words.xml#id(Bmr007.w.10,542)..id(Bmr007.vocalsound.448)"/>
   </segment>
   <segment nite:id="Bmr007.segment.1,676" starttime="2369.74" endtime="2370.16" participant="mn005" timing-provenance="dialogueact">
      <nite:child href="Bmr007.E.words.xml#id(Bmr007.w.10,550)..id(Bmr007.w.10,551)"/>
   </segment>
   <segment nite:id="Bmr007.segment.1,677" starttime="2370.51" endtime="2376.32" participant="mn005" timing-provenance="dialogueact">
      <nite:child href="Bmr007.E.words.xml#id(Bmr007.w.10,552)..id(Bmr007.w.10,565)"/>
   </segment>
   <segment nite:id="Bmr007.segment.1,678" starttime="2376.57" endtime="2382.37" participant="mn005" timing-provenance="dialogueact">
      <nite:child href="Bmr007.E.words.xml#id(Bmr007.w.10,566)..id(Bmr007.w.10,577)"/>
   </segment>
   <segment nite:id="Bmr007.segment.1,680" starttime="2382.97" endtime="2383.62" participant="mn005" timing-provenance="dialogueact">
      <nite:child href="Bmr007.E.words.xml#id(Bmr007.w.10,582)..id(Bmr007.w.10,585)"/>
   </segment>
   <segment nite:id="Bmr007.segment.1,684" starttime="2390.22" endtime="2390.48" participant="mn005" timing-provenance="dialogueact">
      <nite:child href="Bmr007.E.words.xml#id(Bmr007.w.10,610)..id(Bmr007.w.10,611)"/>
   </segment>
   <segment nite:id="Bmr007.segment.1,688" starttime="2393.01" endtime="2393.2" participant="mn005" timing-provenance="dialogueact">
      <nite:child href="Bmr007.E.words.xml#id(Bmr007.w.10,646)..id(Bmr007.w.10,647)"/>
   </segment>
   <segment nite:id="Bmr007.segment.1,689" starttime="2394.2" endtime="2394.89" participant="mn005" timing-provenance="dialogueact">
      <nite:child href="Bmr007.E.words.xml#id(Bmr007.w.10,648)..id(Bmr007.w.10,655)"/>
   </segment>
   <segment nite:id="Bmr007.segment.1,691" starttime="2399.27" endtime="2399.62" participant="mn005" timing-provenance="dialogueact">
      <nite:child href="Bmr007.E.words.xml#id(Bmr007.w.10,676)..id(Bmr007.w.10,677)"/>
   </segment>
   <segment nite:id="Bmr007.segment.1,694" starttime="2400.89" endtime="2401.22" participant="mn005" timing-provenance="dialogueact">
      <nite:child href="Bmr007.E.words.xml#id(Bmr007.w.10,686)..id(Bmr007.w.10,687)"/>
   </segment>
   <segment nite:id="Bmr007.segment.1,696" starttime="2401.84" endtime="2402.46" participant="mn005" timing-provenance="dialogueact">
      <nite:child href="Bmr007.E.words.xml#id(Bmr007.w.10,706)..id(Bmr007.w.10,711)"/>
   </segment>
   <segment nite:id="Bmr007.segment.1,697" starttime="2407.01" endtime="2407.24" participant="mn005" timing-provenance="dialogueact">
      <nite:child href="Bmr007.E.words.xml#id(Bmr007.w.10,712)..id(Bmr007.w.10,715)"/>
   </segment>
   <segment nite:id="Bmr007.segment.1,698" starttime="2407.28" endtime="2407.81" participant="mn005" timing-provenance="segment">
      <nite:child href="Bmr007.E.words.xml#id(Bmr007.vocalsound.453)"/>
   </segment>
   <segment nite:id="Bmr007.segment.1,699" starttime="2407.85" endtime="2411.71" participant="mn005" timing-provenance="dialogueact">
      <nite:child href="Bmr007.E.words.xml#id(Bmr007.w.10,716)..id(Bmr007.w.10,729)"/>
   </segment>
   <segment nite:id="Bmr007.segment.1,700" starttime="2412.75" endtime="2413.3" participant="mn005" timing-provenance="dialogueact">
      <nite:child href="Bmr007.E.words.xml#id(Bmr007.w.10,730)..id(Bmr007.w.10,731)"/>
   </segment>
   <segment nite:id="Bmr007.segment.1,701" starttime="2413.35" endtime="2413.78" participant="mn005" timing-provenance="segment">
      <nite:child href="Bmr007.E.words.xml#id(Bmr007.vocalsound.454)"/>
   </segment>
   <segment nite:id="Bmr007.segment.1,702" starttime="2413.85" endtime="2414.47" participant="mn005" timing-provenance="dialogueact">
      <nite:child href="Bmr007.E.words.xml#id(Bmr007.w.10,732)..id(Bmr007.pause.551)"/>
   </segment>
   <segment nite:id="Bmr007.segment.1,703" starttime="2414.47" endtime="2414.83" participant="mn005" timing-provenance="dialogueact">
      <nite:child href="Bmr007.E.words.xml#id(Bmr007.w.10,736)"/>
   </segment>
   <segment nite:id="Bmr007.segment.1,704" starttime="2415.07" endtime="2416.15" participant="mn005" timing-provenance="dialogueact">
      <nite:child href="Bmr007.E.words.xml#id(Bmr007.w.10,737)..id(Bmr007.w.10,738)"/>
   </segment>
   <segment nite:id="Bmr007.segment.1,705" starttime="2416.49" endtime="2426.09" participant="mn005" timing-provenance="dialogueact">
      <nite:child href="Bmr007.E.words.xml#id(Bmr007.w.10,739)..id(Bmr007.w.10,771)"/>
   </segment>
   <segment nite:id="Bmr007.segment.1,706" starttime="2426.74" endtime="2428.8" participant="mn005" timing-provenance="dialogueact">
      <nite:child href="Bmr007.E.words.xml#id(Bmr007.w.10,772)..id(Bmr007.pause.556)"/>
   </segment>
   <segment nite:id="Bmr007.segment.1,707" starttime="2428.66" endtime="2431.5" participant="mn005" timing-provenance="segment">
      <nite:child href="Bmr007.E.words.xml#id(Bmr007.w.10,776)..id(Bmr007.vocalsound.457)"/>
   </segment>
   <segment nite:id="Bmr007.segment.1,708" starttime="2431.76" endtime="2433.03" participant="mn005" timing-provenance="dialogueact">
      <nite:child href="Bmr007.E.words.xml#id(Bmr007.w.10,785)..id(Bmr007.w.10,792)"/>
   </segment>
   <segment nite:id="Bmr007.segment.1,711" starttime="2434.12" endtime="2435.64" participant="mn005" timing-provenance="segment">
      <nite:child href="Bmr007.E.words.xml#id(Bmr007.w.10,801)..id(Bmr007.pause.558)"/>
   </segment>
   <segment nite:id="Bmr007.segment.1,712" starttime="2435.64" endtime="2436.26" participant="mn005" timing-provenance="segment">
      <nite:child href="Bmr007.E.words.xml#id(Bmr007.vocalsound.458)"/>
   </segment>
   <segment nite:id="Bmr007.segment.1,713" starttime="2436.31" endtime="2440.48" participant="mn005" timing-provenance="dialogueact">
      <nite:child href="Bmr007.E.words.xml#id(Bmr007.w.10,807)..id(Bmr007.w.10,820)"/>
   </segment>
   <segment nite:id="Bmr007.segment.1,714" starttime="2440.52" endtime="2440.92" participant="mn005" timing-provenance="segment">
      <nite:child href="Bmr007.E.words.xml#id(Bmr007.vocalsound.459)"/>
   </segment>
   <segment nite:id="Bmr007.segment.1,715" starttime="2440.97" endtime="2444.08" participant="mn005" timing-provenance="dialogueact">
      <nite:child href="Bmr007.E.words.xml#id(Bmr007.w.10,821)..id(Bmr007.w.10,833)"/>
   </segment>
   <segment nite:id="Bmr007.segment.1,718" starttime="2444.94" endtime="2458.05" participant="mn005" timing-provenance="dialogueact">
      <nite:child href="Bmr007.E.words.xml#id(Bmr007.w.10,842)..id(Bmr007.w.10,892)"/>
   </segment>
   <segment nite:id="Bmr007.segment.1,719" starttime="2458.56" endtime="2461.097" participant="mn005" timing-provenance="segment">
      <nite:child href="Bmr007.E.words.xml#id(Bmr007.w.10,893)..id(Bmr007.pause.565)"/>
   </segment>
   <segment nite:id="Bmr007.segment.1,720" starttime="2461.097" endtime="2462.53" participant="mn005" timing-provenance="segment">
      <nite:child href="Bmr007.E.words.xml#id(Bmr007.vocalsound.462)..id(Bmr007.w.10,902)"/>
   </segment>
   <segment nite:id="Bmr007.segment.1,722" starttime="2463.44" endtime="2467.59" participant="mn005" timing-provenance="dialogueact">
      <nite:child href="Bmr007.E.words.xml#id(Bmr007.w.10,905)..id(Bmr007.w.10,916)"/>
   </segment>
   <segment nite:id="Bmr007.segment.1,723" starttime="2467.76" endtime="2468.15" participant="mn005" timing-provenance="segment">
      <nite:child href="Bmr007.E.words.xml#id(Bmr007.vocalsound.463)"/>
   </segment>
   <segment nite:id="Bmr007.segment.1,724" starttime="2468.15" endtime="2473.298" participant="mn005" timing-provenance="segment">
      <nite:child href="Bmr007.E.words.xml#id(Bmr007.w.10,917)..id(Bmr007.pause.570)"/>
   </segment>
   <segment nite:id="Bmr007.segment.1,725" starttime="2473.298" endtime="2473.52" participant="mn005" timing-provenance="segment">
      <nite:child href="Bmr007.E.words.xml#id(Bmr007.vocalsound.465)"/>
   </segment>
   <segment nite:id="Bmr007.segment.1,726" starttime="2473.56" endtime="2474.58" participant="mn005" timing-provenance="dialogueact">
      <nite:child href="Bmr007.E.words.xml#id(Bmr007.w.10,932)..id(Bmr007.w.10,933)"/>
   </segment>
   <segment nite:id="Bmr007.segment.1,728" starttime="2475.64" endtime="2489.26" participant="mn005" timing-provenance="dialogueact">
      <nite:child href="Bmr007.E.words.xml#id(Bmr007.w.10,938)..id(Bmr007.w.10,975)"/>
   </segment>
   <segment nite:id="Bmr007.segment.1,729" starttime="2489.3" endtime="2489.64" participant="mn005" timing-provenance="segment">
      <nite:child href="Bmr007.E.words.xml#id(Bmr007.vocalsound.468)"/>
   </segment>
   <segment nite:id="Bmr007.segment.1,730" starttime="2489.68" endtime="2490.63" participant="mn005" timing-provenance="dialogueact">
      <nite:child href="Bmr007.E.words.xml#id(Bmr007.w.10,976)..id(Bmr007.w.10,980)"/>
   </segment>
   <segment nite:id="Bmr007.segment.1,731" starttime="2490.94" endtime="2494.25" participant="mn005" timing-provenance="dialogueact">
      <nite:child href="Bmr007.E.words.xml#id(Bmr007.w.10,981)..id(Bmr007.w.10,989)"/>
   </segment>
   <segment nite:id="Bmr007.segment.1,732" starttime="2494.449" endtime="2495.02" participant="mn005" timing-provenance="segment">
      <nite:child href="Bmr007.E.words.xml#id(Bmr007.vocalsound.470)"/>
   </segment>
   <segment nite:id="Bmr007.segment.1,733" starttime="2495.06" endtime="2499.35" participant="mn005" timing-provenance="dialogueact">
      <nite:child href="Bmr007.E.words.xml#id(Bmr007.w.10,990)..id(Bmr007.w.11,001)"/>
   </segment>
   <segment nite:id="Bmr007.segment.1,735" starttime="2500.09" endtime="2502.3" participant="mn005" timing-provenance="dialogueact">
      <nite:child href="Bmr007.E.words.xml#id(Bmr007.w.11,006)..id(Bmr007.w.11,010)"/>
   </segment>
   <segment nite:id="Bmr007.segment.1,736" starttime="2502.34" endtime="2502.613" participant="mn005" timing-provenance="segment">
      <nite:child href="Bmr007.E.words.xml#id(Bmr007.vocalsound.472)"/>
   </segment>
   <segment nite:id="Bmr007.segment.1,737" starttime="2502.77" endtime="2507.75" participant="mn005" timing-provenance="dialogueact">
      <nite:child href="Bmr007.E.words.xml#id(Bmr007.w.11,011)..id(Bmr007.pause.577)"/>
   </segment>
   <segment nite:id="Bmr007.segment.1,739" starttime="2507.75" endtime="2507.95" participant="mn005" timing-provenance="dialogueact">
      <nite:child href="Bmr007.E.words.xml#id(Bmr007.w.11,030)..id(Bmr007.w.11,031)"/>
   </segment>
   <segment nite:id="Bmr007.segment.1,740" starttime="2507.95" endtime="2510.63" participant="mn005" timing-provenance="dialogueact">
      <nite:child href="Bmr007.E.words.xml#id(Bmr007.w.11,032)..id(Bmr007.w.11,041)"/>
   </segment>
   <segment nite:id="Bmr007.segment.1,741" starttime="2510.68" endtime="2511.393" participant="mn005" timing-provenance="segment">
      <nite:child href="Bmr007.E.words.xml#id(Bmr007.vocalsound.473)"/>
   </segment>
   <segment nite:id="Bmr007.segment.1,742" starttime="2511.55" endtime="2522.61" participant="mn005" timing-provenance="dialogueact">
      <nite:child href="Bmr007.E.words.xml#id(Bmr007.w.11,042)..id(Bmr007.w.11,072)"/>
   </segment>
   <segment nite:id="Bmr007.segment.1,743" starttime="2523.0" endtime="2524.56" participant="mn005" timing-provenance="dialogueact">
      <nite:child href="Bmr007.E.words.xml#id(Bmr007.w.11,073)..id(Bmr007.w.11,080)"/>
   </segment>
   <segment nite:id="Bmr007.segment.1,745" starttime="2525.14" endtime="2526.63" participant="mn005" timing-provenance="dialogueact">
      <nite:child href="Bmr007.E.words.xml#id(Bmr007.w.11,085)..id(Bmr007.w.11,089)"/>
   </segment>
   <segment nite:id="Bmr007.segment.1,746" starttime="2526.86" endtime="2536.63" participant="mn005" timing-provenance="dialogueact">
      <nite:child href="Bmr007.E.words.xml#id(Bmr007.w.11,090)..id(Bmr007.w.11,113)"/>
   </segment>
   <segment nite:id="Bmr007.segment.1,748" starttime="2536.97" endtime="2539.55" participant="mn005" timing-provenance="segment">
      <nite:child href="Bmr007.E.words.xml#id(Bmr007.vocalsound.475)..id(Bmr007.w.11,121)"/>
   </segment>
   <segment nite:id="Bmr007.segment.1,749" starttime="2540.15" endtime="2543.98" participant="mn005" timing-provenance="dialogueact">
      <nite:child href="Bmr007.E.words.xml#id(Bmr007.w.11,122)..id(Bmr007.w.11,134)"/>
   </segment>
   <segment nite:id="Bmr007.segment.1,751" starttime="2544.46" endtime="2544.81" participant="mn005" timing-provenance="dialogueact">
      <nite:child href="Bmr007.E.words.xml#id(Bmr007.w.11,140)"/>
   </segment>
   <segment nite:id="Bmr007.segment.1,752" starttime="2545.33" endtime="2546.34" participant="mn005" timing-provenance="dialogueact">
      <nite:child href="Bmr007.E.words.xml#id(Bmr007.w.11,141)..id(Bmr007.w.11,146)"/>
   </segment>
   <segment nite:id="Bmr007.segment.1,754" starttime="2546.34" endtime="2547.49" participant="mn005" timing-provenance="dialogueact">
      <nite:child href="Bmr007.E.words.xml#id(Bmr007.w.11,151)..id(Bmr007.w.11,155)"/>
   </segment>
   <segment nite:id="Bmr007.segment.1,757" starttime="2547.65" endtime="2549.51" participant="mn005" timing-provenance="dialogueact">
      <nite:child href="Bmr007.E.words.xml#id(Bmr007.w.11,164)..id(Bmr007.w.11,167)"/>
   </segment>
   <segment nite:id="Bmr007.segment.1,758" starttime="2549.51" endtime="2549.8" participant="mn005" timing-provenance="dialogueact">
      <nite:child href="Bmr007.E.words.xml#id(Bmr007.w.11,168)"/>
   </segment>
   <segment nite:id="Bmr007.segment.1,760" starttime="2549.8" endtime="2551.88" participant="mn005" timing-provenance="dialogueact">
      <nite:child href="Bmr007.E.words.xml#id(Bmr007.pause.585)..id(Bmr007.w.11,178)"/>
   </segment>
   <segment nite:id="Bmr007.segment.1,761" starttime="2552.9" endtime="2559.81" participant="mn005" timing-provenance="segment">
      <nite:child href="Bmr007.E.words.xml#id(Bmr007.w.11,179)..id(Bmr007.disfmarker.477)"/>
   </segment>
   <segment nite:id="Bmr007.segment.1,762" starttime="2560.12" endtime="2560.49" participant="mn005" timing-provenance="dialogueact">
      <nite:child href="Bmr007.E.words.xml#id(Bmr007.w.11,207)..id(Bmr007.w.11,208)"/>
   </segment>
   <segment nite:id="Bmr007.segment.1,763" starttime="2561.02" endtime="2566.52" participant="mn005" timing-provenance="segment">
      <nite:child href="Bmr007.E.words.xml#id(Bmr007.w.11,209)..id(Bmr007.disfmarker.483)"/>
   </segment>
   <segment nite:id="Bmr007.segment.1,767" starttime="2566.52" endtime="2567.2" participant="mn005" timing-provenance="segment">
      <nite:child href="Bmr007.E.words.xml#id(Bmr007.w.11,255)..id(Bmr007.disfmarker.487)"/>
   </segment>
   <segment nite:id="Bmr007.segment.1,768" starttime="2567.2" endtime="2568.01" participant="mn005" timing-provenance="dialogueact">
      <nite:child href="Bmr007.E.words.xml#id(Bmr007.w.11,256)..id(Bmr007.w.11,259)"/>
   </segment>
   <segment nite:id="Bmr007.segment.1,770" starttime="2569.68" endtime="2569.94" participant="mn005" timing-provenance="dialogueact">
      <nite:child href="Bmr007.E.words.xml#id(Bmr007.w.11,268)..id(Bmr007.w.11,269)"/>
   </segment>
   <segment nite:id="Bmr007.segment.1,773" starttime="2574.99" endtime="2575.23" participant="mn005" timing-provenance="dialogueact">
      <nite:child href="Bmr007.E.words.xml#id(Bmr007.w.11,300)..id(Bmr007.w.11,301)"/>
   </segment>
   <segment nite:id="Bmr007.segment.1,781" starttime="2591.036" endtime="2591.577" participant="mn005" timing-provenance="segment">
      <nite:child href="Bmr007.E.words.xml#id(Bmr007.vocalsound.485)"/>
   </segment>
   <segment nite:id="Bmr007.segment.1,787" starttime="2597.46" endtime="2597.73" participant="mn005" timing-provenance="dialogueact">
      <nite:child href="Bmr007.E.words.xml#id(Bmr007.w.11,423)..id(Bmr007.w.11,424)"/>
   </segment>
   <segment nite:id="Bmr007.segment.1,792" starttime="2608.2" endtime="2608.58" participant="mn005" timing-provenance="dialogueact">
      <nite:child href="Bmr007.E.words.xml#id(Bmr007.w.11,451)..id(Bmr007.w.11,452)"/>
   </segment>
   <segment nite:id="Bmr007.segment.1,795" starttime="2611.14" endtime="2611.38" participant="mn005" timing-provenance="dialogueact">
      <nite:child href="Bmr007.E.words.xml#id(Bmr007.w.11,466)..id(Bmr007.w.11,467)"/>
   </segment>
   <segment nite:id="Bmr007.segment.1,810" starttime="2636.699" endtime="2637.265" participant="mn005" timing-provenance="segment">
      <nite:child href="Bmr007.E.words.xml#id(Bmr007.w.11,580)..id(Bmr007.comment.39)"/>
   </segment>
   <segment nite:id="Bmr007.segment.1,816" starttime="2640.09" endtime="2640.92" participant="mn005" timing-provenance="dialogueact">
      <nite:child href="Bmr007.E.words.xml#id(Bmr007.w.11,613)..id(Bmr007.w.11,615)"/>
   </segment>
   <segment nite:id="Bmr007.segment.1,851" starttime="2685.11" endtime="2685.44" participant="mn005" timing-provenance="dialogueact">
      <nite:child href="Bmr007.E.words.xml#id(Bmr007.w.11,781)..id(Bmr007.w.11,782)"/>
   </segment>
   <segment nite:id="Bmr007.segment.1,861" starttime="2692.126" endtime="2692.79" participant="mn005" timing-provenance="segment">
      <nite:child href="Bmr007.E.words.xml#id(Bmr007.vocalsound.507)"/>
   </segment>
   <segment nite:id="Bmr007.segment.1,866" starttime="2697.18" endtime="2697.46" participant="mn005" timing-provenance="dialogueact">
      <nite:child href="Bmr007.E.words.xml#id(Bmr007.w.11,832)..id(Bmr007.w.11,833)"/>
   </segment>
   <segment nite:id="Bmr007.segment.1,871" starttime="2704.049" endtime="2704.621" participant="mn005" timing-provenance="segment">
      <nite:child href="Bmr007.E.words.xml#id(Bmr007.w.11,885)..id(Bmr007.comment.41)"/>
   </segment>
   <segment nite:id="Bmr007.segment.1,873" starttime="2704.94" endtime="2705.12" participant="mn005" timing-provenance="dialogueact">
      <nite:child href="Bmr007.E.words.xml#id(Bmr007.w.11,888)..id(Bmr007.w.11,889)"/>
   </segment>
   <segment nite:id="Bmr007.segment.1,891" starttime="2736.66" endtime="2736.95" participant="mn005" timing-provenance="dialogueact">
      <nite:child href="Bmr007.E.words.xml#id(Bmr007.w.12,030)..id(Bmr007.w.12,032)"/>
   </segment>
   <segment nite:id="Bmr007.segment.1,892" starttime="2736.95" endtime="2737.85" participant="mn005" timing-provenance="dialogueact">
      <nite:child href="Bmr007.E.words.xml#id(Bmr007.pause.619)..id(Bmr007.w.12,034)"/>
   </segment>
   <segment nite:id="Bmr007.segment.1,893" starttime="2738.39" endtime="2741.13" participant="mn005" timing-provenance="dialogueact">
      <nite:child href="Bmr007.E.words.xml#id(Bmr007.w.12,035)..id(Bmr007.w.12,044)"/>
   </segment>
   <segment nite:id="Bmr007.segment.1,897" starttime="2741.6" endtime="2751.07" participant="mn005" timing-provenance="dialogueact">
      <nite:child href="Bmr007.E.words.xml#id(Bmr007.w.12,054)..id(Bmr007.w.12,077)"/>
   </segment>
   <segment nite:id="Bmr007.segment.1,905" starttime="2751.45" endtime="2753.28" participant="mn005" timing-provenance="dialogueact">
      <nite:child href="Bmr007.E.words.xml#id(Bmr007.w.12,120)..id(Bmr007.w.12,127)"/>
   </segment>
   <segment nite:id="Bmr007.segment.1,906" starttime="2754.44" endtime="2756.36" participant="mn005" timing-provenance="dialogueact">
      <nite:child href="Bmr007.E.words.xml#id(Bmr007.w.12,128)..id(Bmr007.w.12,131)"/>
   </segment>
   <segment nite:id="Bmr007.segment.1,907" starttime="2756.59" endtime="2757.06" participant="mn005" timing-provenance="dialogueact">
      <nite:child href="Bmr007.E.words.xml#id(Bmr007.w.12,132)..id(Bmr007.w.12,133)"/>
   </segment>
   <segment nite:id="Bmr007.segment.1,908" starttime="2757.1" endtime="2757.727" participant="mn005" timing-provenance="segment">
      <nite:child href="Bmr007.E.words.xml#id(Bmr007.vocalsound.516)"/>
   </segment>
   <segment nite:id="Bmr007.segment.1,909" starttime="2757.78" endtime="2765.89" participant="mn005" timing-provenance="dialogueact">
      <nite:child href="Bmr007.E.words.xml#id(Bmr007.w.12,134)..id(Bmr007.w.12,156)"/>
   </segment>
   <segment nite:id="Bmr007.segment.1,910" starttime="2766.31" endtime="2767.92" participant="mn005" timing-provenance="dialogueact">
      <nite:child href="Bmr007.E.words.xml#id(Bmr007.w.12,157)..id(Bmr007.w.12,161)"/>
   </segment>
   <segment nite:id="Bmr007.segment.1,911" starttime="2767.965" endtime="2768.277" participant="mn005" timing-provenance="segment">
      <nite:child href="Bmr007.E.words.xml#id(Bmr007.vocalsound.518)"/>
   </segment>
   <segment nite:id="Bmr007.segment.1,912" starttime="2768.38" endtime="2770.52" participant="mn005" timing-provenance="dialogueact">
      <nite:child href="Bmr007.E.words.xml#id(Bmr007.w.12,162)..id(Bmr007.w.12,170)"/>
   </segment>
   <segment nite:id="Bmr007.segment.1,913" starttime="2771.09" endtime="2775.11" participant="mn005" timing-provenance="dialogueact">
      <nite:child href="Bmr007.E.words.xml#id(Bmr007.w.12,171)..id(Bmr007.w.12,181)"/>
   </segment>
   <segment nite:id="Bmr007.segment.1,914" starttime="2775.51" endtime="2784.84" participant="mn005" timing-provenance="dialogueact">
      <nite:child href="Bmr007.E.words.xml#id(Bmr007.w.12,182)..id(Bmr007.w.12,210)"/>
   </segment>
   <segment nite:id="Bmr007.segment.1,916" starttime="2785.02" endtime="2785.65" participant="mn005" timing-provenance="segment">
      <nite:child href="Bmr007.E.words.xml#id(Bmr007.vocalsound.521)"/>
   </segment>
   <segment nite:id="Bmr007.segment.1,917" starttime="2785.69" endtime="2792.48" participant="mn005" timing-provenance="dialogueact">
      <nite:child href="Bmr007.E.words.xml#id(Bmr007.w.12,211)..id(Bmr007.w.12,232)"/>
   </segment>
   <segment nite:id="Bmr007.segment.1,918" starttime="2792.94" endtime="2794.99" participant="mn005" timing-provenance="dialogueact">
      <nite:child href="Bmr007.E.words.xml#id(Bmr007.w.12,233)..id(Bmr007.w.12,240)"/>
   </segment>
   <segment nite:id="Bmr007.segment.1,919" starttime="2795.4" endtime="2799.3" participant="mn005" timing-provenance="dialogueact">
      <nite:child href="Bmr007.E.words.xml#id(Bmr007.w.12,241)..id(Bmr007.w.12,256)"/>
   </segment>
   <segment nite:id="Bmr007.segment.1,926" starttime="2810.92" endtime="2811.23" participant="mn005" timing-provenance="dialogueact">
      <nite:child href="Bmr007.E.words.xml#id(Bmr007.w.12,310)..id(Bmr007.w.12,311)"/>
   </segment>
   <segment nite:id="Bmr007.segment.1,927" starttime="2812.26" endtime="2812.64" participant="mn005" timing-provenance="dialogueact">
      <nite:child href="Bmr007.E.words.xml#id(Bmr007.w.12,312)..id(Bmr007.w.12,313)"/>
   </segment>
   <segment nite:id="Bmr007.segment.1,931" starttime="2816.34" endtime="2816.59" participant="mn005" timing-provenance="dialogueact">
      <nite:child href="Bmr007.E.words.xml#id(Bmr007.w.12,346)..id(Bmr007.w.12,347)"/>
   </segment>
   <segment nite:id="Bmr007.segment.1,933" starttime="2821.22" endtime="2821.53" participant="mn005" timing-provenance="dialogueact">
      <nite:child href="Bmr007.E.words.xml#id(Bmr007.w.12,389)..id(Bmr007.w.12,390)"/>
   </segment>
   <segment nite:id="Bmr007.segment.1,935" starttime="2821.69" endtime="2821.95" participant="mn005" timing-provenance="dialogueact">
      <nite:child href="Bmr007.E.words.xml#id(Bmr007.w.12,399)..id(Bmr007.w.12,400)"/>
   </segment>
   <segment nite:id="Bmr007.segment.1,936" starttime="2822.55" endtime="2822.8" participant="mn005" timing-provenance="dialogueact">
      <nite:child href="Bmr007.E.words.xml#id(Bmr007.w.12,401)..id(Bmr007.w.12,402)"/>
   </segment>
   <segment nite:id="Bmr007.segment.1,937" starttime="2824.93" endtime="2825.19" participant="mn005" timing-provenance="dialogueact">
      <nite:child href="Bmr007.E.words.xml#id(Bmr007.w.12,403)..id(Bmr007.w.12,404)"/>
   </segment>
   <segment nite:id="Bmr007.segment.1,938" starttime="2826.37" endtime="2826.57" participant="mn005" timing-provenance="dialogueact">
      <nite:child href="Bmr007.E.words.xml#id(Bmr007.w.12,405)..id(Bmr007.w.12,406)"/>
   </segment>
   <segment nite:id="Bmr007.segment.1,943" starttime="2832.508" endtime="2833.466" participant="mn005" timing-provenance="segment">
      <nite:child href="Bmr007.E.words.xml#id(Bmr007.w.12,445)..id(Bmr007.comment.43)"/>
   </segment>
   <segment nite:id="Bmr007.segment.1,949" starttime="2834.32" endtime="2834.59" participant="mn005" timing-provenance="dialogueact">
      <nite:child href="Bmr007.E.words.xml#id(Bmr007.w.12,468)..id(Bmr007.w.12,469)"/>
   </segment>
   <segment nite:id="Bmr007.segment.1,952" starttime="2838.293" endtime="2839.985" participant="mn005" timing-provenance="segment">
      <nite:child href="Bmr007.E.words.xml#id(Bmr007.vocalsound.534)"/>
   </segment>
   <segment nite:id="Bmr007.segment.1,958" starttime="2841.269" endtime="2842.161" participant="mn005" timing-provenance="segment">
      <nite:child href="Bmr007.E.words.xml#id(Bmr007.vocalsound.537)"/>
   </segment>
   <segment nite:id="Bmr007.segment.1,967" starttime="2846.935" endtime="2848.315" participant="mn005" timing-provenance="segment">
      <nite:child href="Bmr007.E.words.xml#id(Bmr007.vocalsound.543)"/>
   </segment>
   <segment nite:id="Bmr007.segment.1,972" starttime="2855.054" endtime="2855.908" participant="mn005" timing-provenance="segment">
      <nite:child href="Bmr007.E.words.xml#id(Bmr007.w.12,573)..id(Bmr007.comment.45)"/>
   </segment>
   <segment nite:id="Bmr007.segment.1,976" starttime="2855.95" endtime="2856.15" participant="mn005" timing-provenance="dialogueact">
      <nite:child href="Bmr007.E.words.xml#id(Bmr007.w.12,590)..id(Bmr007.w.12,591)"/>
   </segment>
   <segment nite:id="Bmr007.segment.1,979" starttime="2856.94" endtime="2857.23" participant="mn005" timing-provenance="dialogueact">
      <nite:child href="Bmr007.E.words.xml#id(Bmr007.w.12,597)..id(Bmr007.w.12,598)"/>
   </segment>
   <segment nite:id="Bmr007.segment.2,031" starttime="2910.988" endtime="2911.485" participant="mn005" timing-provenance="segment">
      <nite:child href="Bmr007.E.words.xml#id(Bmr007.vocalsound.558)"/>
   </segment>
   <segment nite:id="Bmr007.segment.2,036" starttime="2915.391" endtime="2917.641" participant="mn005" timing-provenance="segment">
      <nite:child href="Bmr007.E.words.xml#id(Bmr007.vocalsound.561)"/>
   </segment>
   <segment nite:id="Bmr007.segment.2,051" starttime="2925.998" endtime="2927.819" participant="mn005" timing-provenance="segment">
      <nite:child href="Bmr007.E.words.xml#id(Bmr007.vocalsound.570)"/>
   </segment>
   <segment nite:id="Bmr007.segment.2,060" starttime="2939.355" endtime="2940.071" participant="mn005" timing-provenance="segment">
      <nite:child href="Bmr007.E.words.xml#id(Bmr007.vocalsound.574)"/>
   </segment>
   <segment nite:id="Bmr007.segment.2,097" starttime="2991.293" endtime="2991.974" participant="mn005" timing-provenance="segment">
      <nite:child href="Bmr007.E.words.xml#id(Bmr007.vocalsound.587)"/>
   </segment>
   <segment nite:id="Bmr007.segment.2,131" starttime="3044.746" endtime="3045.302" participant="mn005" timing-provenance="segment">
      <nite:child href="Bmr007.E.words.xml#id(Bmr007.vocalsound.598)"/>
   </segment>
   <segment nite:id="Bmr007.segment.2,136" starttime="3048.3" endtime="3048.781" participant="mn005" timing-provenance="segment">
      <nite:child href="Bmr007.E.words.xml#id(Bmr007.vocalsound.600)"/>
   </segment>
   <segment nite:id="Bmr007.segment.2,149" starttime="3055.52" endtime="3056.003" participant="mn005" timing-provenance="segment">
      <nite:child href="Bmr007.E.words.xml#id(Bmr007.vocalsound.604)"/>
   </segment>
   <segment nite:id="Bmr007.segment.2,161" starttime="3066.68" endtime="3066.86" participant="mn005" timing-provenance="dialogueact">
      <nite:child href="Bmr007.E.words.xml#id(Bmr007.w.13,558)..id(Bmr007.w.13,559)"/>
   </segment>
   <segment nite:id="Bmr007.segment.2,168" starttime="3071.82" endtime="3074.242" participant="mn005" timing-provenance="segment">
      <nite:child href="Bmr007.E.words.xml#id(Bmr007.vocalsound.612)"/>
   </segment>
   <segment nite:id="Bmr007.segment.2,175" starttime="3074.993" endtime="3076.582" participant="mn005" timing-provenance="segment">
      <nite:child href="Bmr007.E.words.xml#id(Bmr007.vocalsound.618)"/>
   </segment>
   <segment nite:id="Bmr007.segment.2,182" starttime="3090.037" endtime="3092.266" participant="mn005" timing-provenance="segment">
      <nite:child href="Bmr007.E.words.xml#id(Bmr007.vocalsound.620)"/>
   </segment>
   <segment nite:id="Bmr007.segment.2,189" starttime="3095.89" endtime="3097.282" participant="mn005" timing-provenance="segment">
      <nite:child href="Bmr007.E.words.xml#id(Bmr007.vocalsound.623)"/>
   </segment>
   <segment nite:id="Bmr007.segment.2,205" starttime="3128.99" endtime="3129.51" participant="mn005" timing-provenance="dialogueact">
      <nite:child href="Bmr007.E.words.xml#id(Bmr007.w.13,863)..id(Bmr007.w.13,866)"/>
   </segment>
   <segment nite:id="Bmr007.segment.2,224" starttime="3151.601" endtime="3152.235" participant="mn005" timing-provenance="segment">
      <nite:child href="Bmr007.E.words.xml#id(Bmr007.vocalsound.629)"/>
   </segment>
   <segment nite:id="Bmr007.segment.2,228" starttime="3154.23" endtime="3154.45" participant="mn005" timing-provenance="dialogueact">
      <nite:child href="Bmr007.E.words.xml#id(Bmr007.w.14,045)"/>
   </segment>
   <segment nite:id="Bmr007.segment.2,237" starttime="3159.47" endtime="3159.74" participant="mn005" timing-provenance="dialogueact">
      <nite:child href="Bmr007.E.words.xml#id(Bmr007.w.14,082)..id(Bmr007.w.14,083)"/>
   </segment>
   <segment nite:id="Bmr007.segment.2,241" starttime="3160.12" endtime="3160.35" participant="mn005" timing-provenance="dialogueact">
      <nite:child href="Bmr007.E.words.xml#id(Bmr007.w.14,093)..id(Bmr007.w.14,094)"/>
   </segment>
   <segment nite:id="Bmr007.segment.2,255" starttime="3172.971" endtime="3173.51" participant="mn005" timing-provenance="segment">
      <nite:child href="Bmr007.E.words.xml#id(Bmr007.vocalsound.633)"/>
   </segment>
   <segment nite:id="Bmr007.segment.2,262" starttime="3179.386" endtime="3182.694" participant="mn005" timing-provenance="segment">
      <nite:child href="Bmr007.E.words.xml#id(Bmr007.vocalsound.638)"/>
   </segment>
   <segment nite:id="Bmr007.segment.2,274" starttime="3188.454" endtime="3190.906" participant="mn005" timing-provenance="segment">
      <nite:child href="Bmr007.E.words.xml#id(Bmr007.vocalsound.647)"/>
   </segment>
   <segment nite:id="Bmr007.segment.2,310" starttime="3231.933" endtime="3232.578" participant="mn005" timing-provenance="segment">
      <nite:child href="Bmr007.E.words.xml#id(Bmr007.vocalsound.656)"/>
   </segment>
   <segment nite:id="Bmr007.segment.2,325" starttime="3246.383" endtime="3249.596" participant="mn005" timing-provenance="segment">
      <nite:child href="Bmr007.E.words.xml#id(Bmr007.vocalsound.659)"/>
   </segment>
   <segment nite:id="Bmr007.segment.2,333" starttime="3250.638" endtime="3252.342" participant="mn005" timing-provenance="segment">
      <nite:child href="Bmr007.E.words.xml#id(Bmr007.vocalsound.665)"/>
   </segment>
   <segment nite:id="Bmr007.segment.2,383" starttime="3297.23" endtime="3298.667" participant="mn005" timing-provenance="segment">
      <nite:child href="Bmr007.E.words.xml#id(Bmr007.vocalsound.674)"/>
   </segment>
   <segment nite:id="Bmr007.segment.2,509" starttime="3502.727" endtime="3508.639" participant="mn005" digittask="true" timing-provenance="segment">
      <nite:child href="Bmr007.E.words.xml#id(Bmr007.vocalsound.686)..id(Bmr007.comment.166)"/>
   </segment>
   <segment nite:id="Bmr007.segment.2,510" starttime="3509.227" endtime="3511.888" participant="mn005" digittask="true" timing-provenance="segment">
      <nite:child href="Bmr007.E.words.xml#id(Bmr007.w.15,445)..id(Bmr007.comment.167)"/>
   </segment>
   <segment nite:id="Bmr007.segment.2,511" starttime="3512.668" endtime="3513.336" participant="mn005" digittask="true" timing-provenance="segment">
      <nite:child href="Bmr007.E.words.xml#id(Bmr007.w.15,452)..id(Bmr007.comment.168)"/>
   </segment>
   <segment nite:id="Bmr007.segment.2,512" starttime="3513.419" endtime="3516.275" participant="mn005" digittask="true" timing-provenance="segment">
      <nite:child href="Bmr007.E.words.xml#id(Bmr007.w.15,454)..id(Bmr007.comment.169)"/>
   </segment>
   <segment nite:id="Bmr007.segment.2,513" starttime="3516.917" endtime="3518.34" participant="mn005" digittask="true" timing-provenance="segment">
      <nite:child href="Bmr007.E.words.xml#id(Bmr007.w.15,461)..id(Bmr007.comment.170)"/>
   </segment>
   <segment nite:id="Bmr007.segment.2,514" starttime="3518.675" endtime="3520.065" participant="mn005" digittask="true" timing-provenance="segment">
      <nite:child href="Bmr007.E.words.xml#id(Bmr007.w.15,465)..id(Bmr007.comment.171)"/>
   </segment>
   <segment nite:id="Bmr007.segment.2,515" starttime="3520.268" endtime="3520.842" participant="mn005" digittask="true" timing-provenance="segment">
      <nite:child href="Bmr007.E.words.xml#id(Bmr007.w.15,468)..id(Bmr007.comment.172)"/>
   </segment>
   <segment nite:id="Bmr007.segment.2,516" starttime="3520.95" endtime="3521.681" participant="mn005" digittask="true" timing-provenance="segment">
      <nite:child href="Bmr007.E.words.xml#id(Bmr007.w.15,469)..id(Bmr007.comment.173)"/>
   </segment>
   <segment nite:id="Bmr007.segment.2,517" starttime="3521.831" endtime="3523.067" participant="mn005" digittask="true" timing-provenance="segment">
      <nite:child href="Bmr007.E.words.xml#id(Bmr007.w.15,470)..id(Bmr007.comment.174)"/>
   </segment>
   <segment nite:id="Bmr007.segment.2,518" starttime="3523.618" endtime="3526.175" participant="mn005" digittask="true" timing-provenance="segment">
      <nite:child href="Bmr007.E.words.xml#id(Bmr007.w.15,473)..id(Bmr007.comment.175)"/>
   </segment>
   <segment nite:id="Bmr007.segment.2,519" starttime="3526.6" endtime="3528.521" participant="mn005" digittask="true" timing-provenance="segment">
      <nite:child href="Bmr007.E.words.xml#id(Bmr007.w.15,480)..id(Bmr007.comment.176)"/>
   </segment>
   <segment nite:id="Bmr007.segment.2,520" starttime="3528.875" endtime="3530.333" participant="mn005" digittask="true" timing-provenance="segment">
      <nite:child href="Bmr007.E.words.xml#id(Bmr007.w.15,485)..id(Bmr007.comment.177)"/>
   </segment>
   <segment nite:id="Bmr007.segment.2,521" starttime="3530.76" endtime="3532.164" participant="mn005" digittask="true" timing-provenance="segment">
      <nite:child href="Bmr007.E.words.xml#id(Bmr007.w.15,489)..id(Bmr007.comment.178)"/>
   </segment>
   <segment nite:id="Bmr007.segment.2,522" starttime="3532.46" endtime="3532.943" participant="mn005" digittask="true" timing-provenance="segment">
      <nite:child href="Bmr007.E.words.xml#id(Bmr007.w.15,492)..id(Bmr007.comment.179)"/>
   </segment>
   <segment nite:id="Bmr007.segment.2,523" starttime="3533.253" endtime="3534.694" participant="mn005" digittask="true" timing-provenance="segment">
      <nite:child href="Bmr007.E.words.xml#id(Bmr007.w.15,493)..id(Bmr007.comment.180)"/>
   </segment>
   <segment nite:id="Bmr007.segment.2,524" starttime="3534.94" endtime="3537.791" participant="mn005" digittask="true" timing-provenance="segment">
      <nite:child href="Bmr007.E.words.xml#id(Bmr007.w.15,496)..id(Bmr007.comment.181)"/>
   </segment>
   <segment nite:id="Bmr007.segment.2,525" starttime="3538.228" endtime="3540.848" participant="mn005" digittask="true" timing-provenance="segment">
      <nite:child href="Bmr007.E.words.xml#id(Bmr007.w.15,503)..id(Bmr007.comment.182)"/>
   </segment>
   <segment nite:id="Bmr007.segment.2,526" starttime="3541.34" endtime="3543.832" participant="mn005" digittask="true" timing-provenance="segment">
      <nite:child href="Bmr007.E.words.xml#id(Bmr007.w.15,510)..id(Bmr007.comment.183)"/>
   </segment>
   <segment nite:id="Bmr007.segment.2,527" starttime="3544.003" endtime="3546.307" participant="mn005" digittask="true" timing-provenance="segment">
      <nite:child href="Bmr007.E.words.xml#id(Bmr007.w.15,517)..id(Bmr007.comment.184)"/>
   </segment>
   <segment nite:id="Bmr007.segment.2,528" starttime="3546.645" endtime="3548.137" participant="mn005" digittask="true" timing-provenance="segment">
      <nite:child href="Bmr007.E.words.xml#id(Bmr007.w.15,521)..id(Bmr007.comment.185)"/>
   </segment>
   <segment nite:id="Bmr007.segment.2,529" starttime="3548.321" endtime="3549.571" participant="mn005" digittask="true" timing-provenance="segment">
      <nite:child href="Bmr007.E.words.xml#id(Bmr007.w.15,524)..id(Bmr007.comment.186)"/>
   </segment>
</nite:root>