<?xml version="1.0" encoding="ISO-8859-1" standalone="yes"?>
<nite:root nite:id="Bmr007.B.segs" xmlns:nite="http://nite.sourceforge.net/">
   <segment nite:id="Bmr007.segment.1" starttime="0.04" endtime="0.14" participant="fe016" timing-provenance="dialogueact">
      <nite:child href="Bmr007.B.words.xml#id(Bmr007.w.1)..id(Bmr007.w.3)"/>
   </segment>
   <segment nite:id="Bmr007.segment.4" starttime="0.44" endtime="0.7" participant="fe016" timing-provenance="dialogueact">
      <nite:child href="Bmr007.B.words.xml#id(Bmr007.w.8)..id(Bmr007.w.9)"/>
   </segment>
   <segment nite:id="Bmr007.segment.6" starttime="0.749" endtime="1.671" participant="fe016" timing-provenance="segment">
      <nite:child href="Bmr007.B.words.xml#id(Bmr007.pause.1)..id(Bmr007.disfmarker.1)"/>
   </segment>
   <segment nite:id="Bmr007.segment.10" starttime="3.102" endtime="4.142" participant="fe016" timing-provenance="dialogueact">
      <nite:child href="Bmr007.B.words.xml#id(Bmr007.w.15)..id(Bmr007.w.21)"/>
   </segment>
   <segment nite:id="Bmr007.segment.18" starttime="6.138" endtime="6.708" participant="fe016" timing-provenance="dialogueact">
      <nite:child href="Bmr007.B.words.xml#id(Bmr007.w.45)..id(Bmr007.w.48)"/>
   </segment>
   <segment nite:id="Bmr007.segment.29" starttime="14.001" endtime="14.181" participant="fe016" timing-provenance="dialogueact">
      <nite:child href="Bmr007.B.words.xml#id(Bmr007.w.98)..id(Bmr007.w.99)"/>
   </segment>
   <segment nite:id="Bmr007.segment.37" starttime="22.108" endtime="23.521" participant="fe016" timing-provenance="segment">
      <nite:child href="Bmr007.B.words.xml#id(Bmr007.w.147)..id(Bmr007.comment.2)"/>
   </segment>
   <segment nite:id="Bmr007.segment.246" starttime="375.726" endtime="375.996" participant="fe016" timing-provenance="dialogueact">
      <nite:child href="Bmr007.B.words.xml#id(Bmr007.w.1,541)..id(Bmr007.w.1,544)"/>
   </segment>
   <segment nite:id="Bmr007.segment.334" starttime="494.723" endtime="496.313" participant="fe016" timing-provenance="segment">
      <nite:child href="Bmr007.B.words.xml#id(Bmr007.w.2,188)..id(Bmr007.comment.13)"/>
   </segment>
   <segment nite:id="Bmr007.segment.366" starttime="547.745" endtime="548.095" participant="fe016" timing-provenance="dialogueact">
      <nite:child href="Bmr007.B.words.xml#id(Bmr007.w.2,401)..id(Bmr007.w.2,404)"/>
   </segment>
   <segment nite:id="Bmr007.segment.428" starttime="639.939" endtime="640.349" participant="fe016" timing-provenance="dialogueact">
      <nite:child href="Bmr007.B.words.xml#id(Bmr007.w.2,855)..id(Bmr007.w.2,856)"/>
   </segment>
   <segment nite:id="Bmr007.segment.536" starttime="853.58" endtime="856.388" participant="fe016" timing-provenance="segment">
      <nite:child href="Bmr007.B.words.xml#id(Bmr007.w.3,679)..id(Bmr007.disfmarker.156)"/>
   </segment>
   <segment nite:id="Bmr007.segment.540" starttime="856.691" endtime="857.091" participant="fe016" timing-provenance="dialogueact">
      <nite:child href="Bmr007.B.words.xml#id(Bmr007.w.3,698)..id(Bmr007.w.3,699)"/>
   </segment>
   <segment nite:id="Bmr007.segment.545" starttime="858.34" endtime="858.83" participant="fe016" timing-provenance="dialogueact">
      <nite:child href="Bmr007.B.words.xml#id(Bmr007.w.3,729)..id(Bmr007.w.3,731)"/>
   </segment>
   <segment nite:id="Bmr007.segment.546" starttime="859.03" endtime="859.33" participant="fe016" timing-provenance="dialogueact">
      <nite:child href="Bmr007.B.words.xml#id(Bmr007.w.3,732)..id(Bmr007.w.3,733)"/>
   </segment>
   <segment nite:id="Bmr007.segment.547" starttime="859.674" endtime="860.039" participant="fe016" timing-provenance="segment">
      <nite:child href="Bmr007.B.words.xml#id(Bmr007.w.3,734)..id(Bmr007.w.3,735)"/>
   </segment>
   <segment nite:id="Bmr007.segment.562" starttime="884.346" endtime="884.676" participant="fe016" timing-provenance="dialogueact">
      <nite:child href="Bmr007.B.words.xml#id(Bmr007.w.3,869)..id(Bmr007.w.3,870)"/>
   </segment>
   <segment nite:id="Bmr007.segment.585" starttime="910.834" endtime="912.754" participant="fe016" timing-provenance="dialogueact">
      <nite:child href="Bmr007.B.words.xml#id(Bmr007.w.4,003)..id(Bmr007.w.4,012)"/>
   </segment>
   <segment nite:id="Bmr007.segment.586" starttime="912.754" endtime="913.584" participant="fe016" timing-provenance="dialogueact">
      <nite:child href="Bmr007.B.words.xml#id(Bmr007.pause.296)..id(Bmr007.w.4,014)"/>
   </segment>
   <segment nite:id="Bmr007.segment.587" starttime="913.584" endtime="917.094" participant="fe016" timing-provenance="dialogueact">
      <nite:child href="Bmr007.B.words.xml#id(Bmr007.pause.297)..id(Bmr007.w.4,028)"/>
   </segment>
   <segment nite:id="Bmr007.segment.588" starttime="917.871" endtime="919.081" participant="fe016" timing-provenance="dialogueact">
      <nite:child href="Bmr007.B.words.xml#id(Bmr007.w.4,029)..id(Bmr007.w.4,033)"/>
   </segment>
   <segment nite:id="Bmr007.segment.589" starttime="919.081" endtime="920.541" participant="fe016" timing-provenance="dialogueact">
      <nite:child href="Bmr007.B.words.xml#id(Bmr007.pause.298)..id(Bmr007.w.4,040)"/>
   </segment>
   <segment nite:id="Bmr007.segment.590" starttime="920.541" endtime="924.331" participant="fe016" timing-provenance="dialogueact">
      <nite:child href="Bmr007.B.words.xml#id(Bmr007.w.4,041)..id(Bmr007.w.4,061)"/>
   </segment>
   <segment nite:id="Bmr007.segment.591" starttime="924.691" endtime="926.441" participant="fe016" timing-provenance="dialogueact">
      <nite:child href="Bmr007.B.words.xml#id(Bmr007.w.4,062)..id(Bmr007.w.4,069)"/>
   </segment>
   <segment nite:id="Bmr007.segment.592" starttime="926.441" endtime="928.371" participant="fe016" timing-provenance="dialogueact">
      <nite:child href="Bmr007.B.words.xml#id(Bmr007.pause.299)..id(Bmr007.w.4,077)"/>
   </segment>
   <segment nite:id="Bmr007.segment.593" starttime="928.411" endtime="929.921" participant="fe016" timing-provenance="dialogueact">
      <nite:child href="Bmr007.B.words.xml#id(Bmr007.w.4,078)..id(Bmr007.w.4,084)"/>
   </segment>
   <segment nite:id="Bmr007.segment.594" starttime="929.921" endtime="933.341" participant="fe016" timing-provenance="dialogueact">
      <nite:child href="Bmr007.B.words.xml#id(Bmr007.pause.300)..id(Bmr007.w.4,097)"/>
   </segment>
   <segment nite:id="Bmr007.segment.597" starttime="933.341" endtime="934.501" participant="fe016" timing-provenance="dialogueact">
      <nite:child href="Bmr007.B.words.xml#id(Bmr007.pause.301)..id(Bmr007.w.4,108)"/>
   </segment>
   <segment nite:id="Bmr007.segment.598" starttime="934.557" endtime="935.001" participant="fe016" timing-provenance="segment">
      <nite:child href="Bmr007.B.words.xml#id(Bmr007.vocalsound.137)"/>
   </segment>
   <segment nite:id="Bmr007.segment.599" starttime="935.041" endtime="937.381" participant="fe016" timing-provenance="dialogueact">
      <nite:child href="Bmr007.B.words.xml#id(Bmr007.w.4,109)..id(Bmr007.w.4,121)"/>
   </segment>
   <segment nite:id="Bmr007.segment.600" starttime="937.381" endtime="938.761" participant="fe016" timing-provenance="dialogueact">
      <nite:child href="Bmr007.B.words.xml#id(Bmr007.pause.302)..id(Bmr007.w.4,124)"/>
   </segment>
   <segment nite:id="Bmr007.segment.602" starttime="938.761" endtime="942.361" participant="fe016" timing-provenance="dialogueact">
      <nite:child href="Bmr007.B.words.xml#id(Bmr007.pause.303)..id(Bmr007.w.4,138)"/>
   </segment>
   <segment nite:id="Bmr007.segment.603" starttime="943.2" endtime="943.78" participant="fe016" timing-provenance="dialogueact">
      <nite:child href="Bmr007.B.words.xml#id(Bmr007.w.4,139)..id(Bmr007.w.4,142)"/>
   </segment>
   <segment nite:id="Bmr007.segment.604" starttime="943.893" endtime="946.026" participant="fe016" timing-provenance="segment">
      <nite:child href="Bmr007.B.words.xml#id(Bmr007.pause.304)..id(Bmr007.disfmarker.162)"/>
   </segment>
   <segment nite:id="Bmr007.segment.605" starttime="946.026" endtime="947.026" participant="fe016" timing-provenance="segment">
      <nite:child href="Bmr007.B.words.xml#id(Bmr007.pause.305)..id(Bmr007.w.4,158)"/>
   </segment>
   <segment nite:id="Bmr007.segment.608" starttime="948.142" endtime="948.502" participant="fe016" timing-provenance="dialogueact">
      <nite:child href="Bmr007.B.words.xml#id(Bmr007.w.4,175)..id(Bmr007.w.4,176)"/>
   </segment>
   <segment nite:id="Bmr007.segment.612" starttime="954.973" endtime="955.263" participant="fe016" timing-provenance="dialogueact">
      <nite:child href="Bmr007.B.words.xml#id(Bmr007.w.4,215)..id(Bmr007.w.4,218)"/>
   </segment>
   <segment nite:id="Bmr007.segment.613" starttime="955.263" endtime="960.729" participant="fe016" timing-provenance="dialogueact">
      <nite:child href="Bmr007.B.words.xml#id(Bmr007.pause.307)..id(Bmr007.w.4,228)"/>
   </segment>
   <segment nite:id="Bmr007.segment.615" starttime="960.729" endtime="961.699" participant="fe016" timing-provenance="dialogueact">
      <nite:child href="Bmr007.B.words.xml#id(Bmr007.w.4,233)..id(Bmr007.w.4,239)"/>
   </segment>
   <segment nite:id="Bmr007.segment.616" starttime="961.699" endtime="962.739" participant="fe016" timing-provenance="dialogueact">
      <nite:child href="Bmr007.B.words.xml#id(Bmr007.w.4,240)..id(Bmr007.w.4,244)"/>
   </segment>
   <segment nite:id="Bmr007.segment.617" starttime="962.705" endtime="965.081" participant="fe016" timing-provenance="segment">
      <nite:child href="Bmr007.B.words.xml#id(Bmr007.pause.310)..id(Bmr007.disfmarker.167)"/>
   </segment>
   <segment nite:id="Bmr007.segment.618" starttime="965.081" endtime="966.318" participant="fe016" timing-provenance="segment">
      <nite:child href="Bmr007.B.words.xml#id(Bmr007.pause.311)..id(Bmr007.w.4,253)"/>
   </segment>
   <segment nite:id="Bmr007.segment.619" starttime="966.318" endtime="966.564" participant="fe016" timing-provenance="segment">
      <nite:child href="Bmr007.B.words.xml#id(Bmr007.w.4,254)..id(Bmr007.disfmarker.168)"/>
   </segment>
   <segment nite:id="Bmr007.segment.620" starttime="967.674" endtime="970.474" participant="fe016" timing-provenance="dialogueact">
      <nite:child href="Bmr007.B.words.xml#id(Bmr007.w.4,255)..id(Bmr007.w.4,270)"/>
   </segment>
   <segment nite:id="Bmr007.segment.622" starttime="970.747" endtime="971.923" participant="fe016" timing-provenance="segment">
      <nite:child href="Bmr007.B.words.xml#id(Bmr007.w.4,275)..id(Bmr007.disfmarker.169)"/>
   </segment>
   <segment nite:id="Bmr007.segment.623" starttime="971.923" endtime="973.854" participant="fe016" timing-provenance="segment">
      <nite:child href="Bmr007.B.words.xml#id(Bmr007.w.4,282)..id(Bmr007.w.4,288)"/>
   </segment>
   <segment nite:id="Bmr007.segment.624" starttime="975.185" endtime="977.255" participant="fe016" timing-provenance="dialogueact">
      <nite:child href="Bmr007.B.words.xml#id(Bmr007.w.4,289)..id(Bmr007.w.4,300)"/>
   </segment>
   <segment nite:id="Bmr007.segment.628" starttime="977.287" endtime="978.908" participant="fe016" timing-provenance="segment">
      <nite:child href="Bmr007.B.words.xml#id(Bmr007.w.4,304)..id(Bmr007.disfmarker.172)"/>
   </segment>
   <segment nite:id="Bmr007.segment.656" starttime="1023.12" endtime="1025.02" participant="fe016" timing-provenance="dialogueact">
      <nite:child href="Bmr007.B.words.xml#id(Bmr007.w.4,500)..id(Bmr007.w.4,508)"/>
   </segment>
   <segment nite:id="Bmr007.segment.657" starttime="1025.02" endtime="1027.01" participant="fe016" timing-provenance="dialogueact">
      <nite:child href="Bmr007.B.words.xml#id(Bmr007.pause.321)..id(Bmr007.w.4,519)"/>
   </segment>
   <segment nite:id="Bmr007.segment.658" starttime="1027.01" endtime="1028.14" participant="fe016" timing-provenance="dialogueact">
      <nite:child href="Bmr007.B.words.xml#id(Bmr007.pause.322)..id(Bmr007.w.4,522)"/>
   </segment>
   <segment nite:id="Bmr007.segment.659" starttime="1028.14" endtime="1030.21" participant="fe016" timing-provenance="dialogueact">
      <nite:child href="Bmr007.B.words.xml#id(Bmr007.pause.323)..id(Bmr007.w.4,532)"/>
   </segment>
   <segment nite:id="Bmr007.segment.661" starttime="1030.75" endtime="1034.79" participant="fe016" timing-provenance="dialogueact">
      <nite:child href="Bmr007.B.words.xml#id(Bmr007.w.4,537)..id(Bmr007.w.4,557)"/>
   </segment>
   <segment nite:id="Bmr007.segment.662" starttime="1034.79" endtime="1036.49" participant="fe016" timing-provenance="dialogueact">
      <nite:child href="Bmr007.B.words.xml#id(Bmr007.pause.324)..id(Bmr007.w.4,563)"/>
   </segment>
   <segment nite:id="Bmr007.segment.663" starttime="1036.97" endtime="1040.54" participant="fe016" timing-provenance="dialogueact">
      <nite:child href="Bmr007.B.words.xml#id(Bmr007.w.4,564)..id(Bmr007.w.4,581)"/>
   </segment>
   <segment nite:id="Bmr007.segment.665" starttime="1040.86" endtime="1042.44" participant="fe016" timing-provenance="dialogueact">
      <nite:child href="Bmr007.B.words.xml#id(Bmr007.w.4,586)..id(Bmr007.w.4,594)"/>
   </segment>
   <segment nite:id="Bmr007.segment.666" starttime="1042.44" endtime="1044.03" participant="fe016" timing-provenance="dialogueact">
      <nite:child href="Bmr007.B.words.xml#id(Bmr007.pause.325)..id(Bmr007.w.4,598)"/>
   </segment>
   <segment nite:id="Bmr007.segment.667" starttime="1044.03" endtime="1046.17" participant="fe016" timing-provenance="dialogueact">
      <nite:child href="Bmr007.B.words.xml#id(Bmr007.pause.326)..id(Bmr007.w.4,607)"/>
   </segment>
   <segment nite:id="Bmr007.segment.668" starttime="1046.264" endtime="1046.973" participant="fe016" timing-provenance="segment">
      <nite:child href="Bmr007.B.words.xml#id(Bmr007.pause.327)..id(Bmr007.vocalsound.153)"/>
   </segment>
   <segment nite:id="Bmr007.segment.669" starttime="1047.01" endtime="1048.52" participant="fe016" timing-provenance="dialogueact">
      <nite:child href="Bmr007.B.words.xml#id(Bmr007.w.4,608)..id(Bmr007.w.4,614)"/>
   </segment>
   <segment nite:id="Bmr007.segment.670" starttime="1048.52" endtime="1049.84" participant="fe016" timing-provenance="dialogueact">
      <nite:child href="Bmr007.B.words.xml#id(Bmr007.pause.328)..id(Bmr007.w.4,620)"/>
   </segment>
   <segment nite:id="Bmr007.segment.671" starttime="1049.84" endtime="1053.04" participant="fe016" timing-provenance="dialogueact">
      <nite:child href="Bmr007.B.words.xml#id(Bmr007.pause.329)..id(Bmr007.w.4,631)"/>
   </segment>
   <segment nite:id="Bmr007.segment.673" starttime="1054.12" endtime="1055.2" participant="fe016" timing-provenance="dialogueact">
      <nite:child href="Bmr007.B.words.xml#id(Bmr007.w.4,636)..id(Bmr007.w.4,642)"/>
   </segment>
   <segment nite:id="Bmr007.segment.674" starttime="1055.2" endtime="1059.11" participant="fe016" timing-provenance="dialogueact">
      <nite:child href="Bmr007.B.words.xml#id(Bmr007.pause.330)..id(Bmr007.w.4,649)"/>
   </segment>
   <segment nite:id="Bmr007.segment.675" starttime="1059.11" endtime="1059.5" participant="fe016" timing-provenance="dialogueact">
      <nite:child href="Bmr007.B.words.xml#id(Bmr007.pause.332)..id(Bmr007.w.4,650)"/>
   </segment>
   <segment nite:id="Bmr007.segment.676" starttime="1059.5" endtime="1063.68" participant="fe016" timing-provenance="dialogueact">
      <nite:child href="Bmr007.B.words.xml#id(Bmr007.pause.333)..id(Bmr007.w.4,662)"/>
   </segment>
   <segment nite:id="Bmr007.segment.678" starttime="1063.68" endtime="1065.56" participant="fe016" timing-provenance="dialogueact">
      <nite:child href="Bmr007.B.words.xml#id(Bmr007.w.4,663)..id(Bmr007.w.4,670)"/>
   </segment>
   <segment nite:id="Bmr007.segment.679" starttime="1065.56" endtime="1068.85" participant="fe016" timing-provenance="dialogueact">
      <nite:child href="Bmr007.B.words.xml#id(Bmr007.pause.334)..id(Bmr007.w.4,683)"/>
   </segment>
   <segment nite:id="Bmr007.segment.682" starttime="1070.58" endtime="1071.19" participant="fe016" timing-provenance="dialogueact">
      <nite:child href="Bmr007.B.words.xml#id(Bmr007.w.4,697)..id(Bmr007.w.4,698)"/>
   </segment>
   <segment nite:id="Bmr007.segment.685" starttime="1073.722" endtime="1074.341" participant="fe016" timing-provenance="segment">
      <nite:child href="Bmr007.B.words.xml#id(Bmr007.vocalsound.159)"/>
   </segment>
   <segment nite:id="Bmr007.segment.686" starttime="1074.341" endtime="1075.554" participant="fe016" timing-provenance="segment">
      <nite:child href="Bmr007.B.words.xml#id(Bmr007.w.4,717)..id(Bmr007.vocalsound.160)"/>
   </segment>
   <segment nite:id="Bmr007.segment.688" starttime="1075.554" endtime="1075.942" participant="fe016" timing-provenance="segment">
      <nite:child href="Bmr007.B.words.xml#id(Bmr007.w.4,722)..id(Bmr007.disfmarker.181)"/>
   </segment>
   <segment nite:id="Bmr007.segment.691" starttime="1075.942" endtime="1076.436" participant="fe016" timing-provenance="segment">
      <nite:child href="Bmr007.B.words.xml#id(Bmr007.w.4,734)..id(Bmr007.disfmarker.182)"/>
   </segment>
   <segment nite:id="Bmr007.segment.692" starttime="1076.48" endtime="1076.64" participant="fe016" timing-provenance="dialogueact">
      <nite:child href="Bmr007.B.words.xml#id(Bmr007.w.4,735)"/>
   </segment>
   <segment nite:id="Bmr007.segment.695" starttime="1078.976" endtime="1079.359" participant="fe016" timing-provenance="segment">
      <nite:child href="Bmr007.B.words.xml#id(Bmr007.vocalsound.162)"/>
   </segment>
   <segment nite:id="Bmr007.segment.696" starttime="1079.47" endtime="1080.24" participant="fe016" timing-provenance="dialogueact">
      <nite:child href="Bmr007.B.words.xml#id(Bmr007.w.4,753)..id(Bmr007.w.4,755)"/>
   </segment>
   <segment nite:id="Bmr007.segment.698" starttime="1081.35" endtime="1081.95" participant="fe016" timing-provenance="dialogueact">
      <nite:child href="Bmr007.B.words.xml#id(Bmr007.w.4,756)"/>
   </segment>
   <segment nite:id="Bmr007.segment.699" starttime="1082.31" endtime="1085.16" participant="fe016" timing-provenance="dialogueact">
      <nite:child href="Bmr007.B.words.xml#id(Bmr007.w.4,757)..id(Bmr007.w.4,772)"/>
   </segment>
   <segment nite:id="Bmr007.segment.700" starttime="1085.63" endtime="1085.94" participant="fe016" timing-provenance="dialogueact">
      <nite:child href="Bmr007.B.words.xml#id(Bmr007.w.4,773)"/>
   </segment>
   <segment nite:id="Bmr007.segment.701" starttime="1086.95" endtime="1091.84" participant="fe016" timing-provenance="dialogueact">
      <nite:child href="Bmr007.B.words.xml#id(Bmr007.w.4,774)..id(Bmr007.w.4,799)"/>
   </segment>
   <segment nite:id="Bmr007.segment.703" starttime="1092.57" endtime="1094.91" participant="fe016" timing-provenance="dialogueact">
      <nite:child href="Bmr007.B.words.xml#id(Bmr007.w.4,802)..id(Bmr007.w.4,810)"/>
   </segment>
   <segment nite:id="Bmr007.segment.704" starttime="1095.54" endtime="1099.34" participant="fe016" timing-provenance="dialogueact">
      <nite:child href="Bmr007.B.words.xml#id(Bmr007.w.4,811)..id(Bmr007.w.4,830)"/>
   </segment>
   <segment nite:id="Bmr007.segment.706" starttime="1099.77" endtime="1100.82" participant="fe016" timing-provenance="dialogueact">
      <nite:child href="Bmr007.B.words.xml#id(Bmr007.w.4,833)..id(Bmr007.w.4,837)"/>
   </segment>
   <segment nite:id="Bmr007.segment.707" starttime="1101.85" endtime="1105.19" participant="fe016" timing-provenance="dialogueact">
      <nite:child href="Bmr007.B.words.xml#id(Bmr007.w.4,838)..id(Bmr007.w.4,853)"/>
   </segment>
   <segment nite:id="Bmr007.segment.708" starttime="1105.19" endtime="1107.79" participant="fe016" timing-provenance="dialogueact">
      <nite:child href="Bmr007.B.words.xml#id(Bmr007.w.4,854)..id(Bmr007.w.4,863)"/>
   </segment>
   <segment nite:id="Bmr007.segment.709" starttime="1107.849" endtime="1108.799" participant="fe016" timing-provenance="segment">
      <nite:child href="Bmr007.B.words.xml#id(Bmr007.pause.339)..id(Bmr007.vocalsound.164)"/>
   </segment>
   <segment nite:id="Bmr007.segment.711" starttime="1108.87" endtime="1111.26" participant="fe016" timing-provenance="dialogueact">
      <nite:child href="Bmr007.B.words.xml#id(Bmr007.w.4,866)..id(Bmr007.w.4,875)"/>
   </segment>
   <segment nite:id="Bmr007.segment.712" starttime="1111.3" endtime="1111.732" participant="fe016" timing-provenance="segment">
      <nite:child href="Bmr007.B.words.xml#id(Bmr007.pause.340)..id(Bmr007.vocalsound.165)"/>
   </segment>
   <segment nite:id="Bmr007.segment.713" starttime="1111.732" endtime="1112.24" participant="fe016" timing-provenance="segment">
      <nite:child href="Bmr007.B.words.xml#id(Bmr007.w.4,876)..id(Bmr007.disfmarker.188)"/>
   </segment>
   <segment nite:id="Bmr007.segment.714" starttime="1112.77" endtime="1113.82" participant="fe016" timing-provenance="dialogueact">
      <nite:child href="Bmr007.B.words.xml#id(Bmr007.w.4,878)..id(Bmr007.w.4,883)"/>
   </segment>
   <segment nite:id="Bmr007.segment.716" starttime="1114.46" endtime="1115.07" participant="fe016" timing-provenance="dialogueact">
      <nite:child href="Bmr007.B.words.xml#id(Bmr007.w.4,886)..id(Bmr007.w.4,889)"/>
   </segment>
   <segment nite:id="Bmr007.segment.717" starttime="1115.53" endtime="1116.56" participant="fe016" timing-provenance="dialogueact">
      <nite:child href="Bmr007.B.words.xml#id(Bmr007.w.4,890)..id(Bmr007.w.4,892)"/>
   </segment>
   <segment nite:id="Bmr007.segment.718" starttime="1117.61" endtime="1117.92" participant="fe016" timing-provenance="dialogueact">
      <nite:child href="Bmr007.B.words.xml#id(Bmr007.w.4,893)"/>
   </segment>
   <segment nite:id="Bmr007.segment.719" starttime="1118.86" endtime="1123.42" participant="fe016" timing-provenance="dialogueact">
      <nite:child href="Bmr007.B.words.xml#id(Bmr007.w.4,894)..id(Bmr007.w.4,913)"/>
   </segment>
   <segment nite:id="Bmr007.segment.720" starttime="1123.93" endtime="1124.84" participant="fe016" timing-provenance="dialogueact">
      <nite:child href="Bmr007.B.words.xml#id(Bmr007.w.4,914)..id(Bmr007.w.4,918)"/>
   </segment>
   <segment nite:id="Bmr007.segment.721" starttime="1124.84" endtime="1127.48" participant="fe016" timing-provenance="dialogueact">
      <nite:child href="Bmr007.B.words.xml#id(Bmr007.pause.341)..id(Bmr007.w.4,933)"/>
   </segment>
   <segment nite:id="Bmr007.segment.723" starttime="1127.83" endtime="1127.99" participant="fe016" timing-provenance="dialogueact">
      <nite:child href="Bmr007.B.words.xml#id(Bmr007.w.4,941)..id(Bmr007.w.4,942)"/>
   </segment>
   <segment nite:id="Bmr007.segment.725" starttime="1128.503" endtime="1128.944" participant="fe016" timing-provenance="segment">
      <nite:child href="Bmr007.B.words.xml#id(Bmr007.w.4,958)..id(Bmr007.disfmarker.189)"/>
   </segment>
   <segment nite:id="Bmr007.segment.726" starttime="1129.33" endtime="1129.57" participant="fe016" timing-provenance="dialogueact">
      <nite:child href="Bmr007.B.words.xml#id(Bmr007.w.4,960)"/>
   </segment>
   <segment nite:id="Bmr007.segment.728" starttime="1131.91" endtime="1132.59" participant="fe016" timing-provenance="dialogueact">
      <nite:child href="Bmr007.B.words.xml#id(Bmr007.w.4,991)..id(Bmr007.w.4,995)"/>
   </segment>
   <segment nite:id="Bmr007.segment.729" starttime="1132.68" endtime="1134.04" participant="fe016" timing-provenance="dialogueact">
      <nite:child href="Bmr007.B.words.xml#id(Bmr007.w.4,996)..id(Bmr007.w.5,004)"/>
   </segment>
   <segment nite:id="Bmr007.segment.734" starttime="1145.35" endtime="1145.67" participant="fe016" timing-provenance="dialogueact">
      <nite:child href="Bmr007.B.words.xml#id(Bmr007.w.5,035)..id(Bmr007.w.5,036)"/>
   </segment>
   <segment nite:id="Bmr007.segment.742" starttime="1154.568" endtime="1155.133" participant="fe016" timing-provenance="segment">
      <nite:child href="Bmr007.B.words.xml#id(Bmr007.vocalsound.170)..id(Bmr007.vocalsound.171)"/>
   </segment>
   <segment nite:id="Bmr007.segment.743" starttime="1155.19" endtime="1156.36" participant="fe016" timing-provenance="dialogueact">
      <nite:child href="Bmr007.B.words.xml#id(Bmr007.w.5,095)..id(Bmr007.w.5,100)"/>
   </segment>
   <segment nite:id="Bmr007.segment.744" starttime="1156.69" endtime="1156.85" participant="fe016" timing-provenance="dialogueact">
      <nite:child href="Bmr007.B.words.xml#id(Bmr007.w.5,101)"/>
   </segment>
   <segment nite:id="Bmr007.segment.745" starttime="1157.16" endtime="1159.18" participant="fe016" timing-provenance="dialogueact">
      <nite:child href="Bmr007.B.words.xml#id(Bmr007.w.5,102)..id(Bmr007.w.5,113)"/>
   </segment>
   <segment nite:id="Bmr007.segment.746" starttime="1159.18" endtime="1160.68" participant="fe016" timing-provenance="dialogueact">
      <nite:child href="Bmr007.B.words.xml#id(Bmr007.pause.343)..id(Bmr007.w.5,120)"/>
   </segment>
   <segment nite:id="Bmr007.segment.748" starttime="1161.66" endtime="1164.77" participant="fe016" timing-provenance="dialogueact">
      <nite:child href="Bmr007.B.words.xml#id(Bmr007.w.5,125)..id(Bmr007.w.5,135)"/>
   </segment>
   <segment nite:id="Bmr007.segment.749" starttime="1164.77" endtime="1165.41" participant="fe016" timing-provenance="dialogueact">
      <nite:child href="Bmr007.B.words.xml#id(Bmr007.pause.344)..id(Bmr007.w.5,136)"/>
   </segment>
   <segment nite:id="Bmr007.segment.750" starttime="1166.53" endtime="1168.96" participant="fe016" timing-provenance="dialogueact">
      <nite:child href="Bmr007.B.words.xml#id(Bmr007.w.5,137)..id(Bmr007.w.5,149)"/>
   </segment>
   <segment nite:id="Bmr007.segment.751" starttime="1169.7" endtime="1171.21" participant="fe016" timing-provenance="dialogueact">
      <nite:child href="Bmr007.B.words.xml#id(Bmr007.w.5,150)..id(Bmr007.w.5,154)"/>
   </segment>
   <segment nite:id="Bmr007.segment.752" starttime="1171.21" endtime="1172.92" participant="fe016" timing-provenance="dialogueact">
      <nite:child href="Bmr007.B.words.xml#id(Bmr007.pause.346)..id(Bmr007.w.5,161)"/>
   </segment>
   <segment nite:id="Bmr007.segment.754" starttime="1172.92" endtime="1175.17" participant="fe016" timing-provenance="dialogueact">
      <nite:child href="Bmr007.B.words.xml#id(Bmr007.pause.347)..id(Bmr007.w.5,167)"/>
   </segment>
   <segment nite:id="Bmr007.segment.755" starttime="1175.17" endtime="1176.45" participant="fe016" timing-provenance="dialogueact">
      <nite:child href="Bmr007.B.words.xml#id(Bmr007.pause.348)..id(Bmr007.w.5,173)"/>
   </segment>
   <segment nite:id="Bmr007.segment.756" starttime="1176.45" endtime="1177.7" participant="fe016" timing-provenance="dialogueact">
      <nite:child href="Bmr007.B.words.xml#id(Bmr007.w.5,174)..id(Bmr007.w.5,180)"/>
   </segment>
   <segment nite:id="Bmr007.segment.758" starttime="1177.87" endtime="1178.54" participant="fe016" timing-provenance="dialogueact">
      <nite:child href="Bmr007.B.words.xml#id(Bmr007.w.5,185)..id(Bmr007.w.5,188)"/>
   </segment>
   <segment nite:id="Bmr007.segment.761" starttime="1179.7" endtime="1180.04" participant="fe016" timing-provenance="dialogueact">
      <nite:child href="Bmr007.B.words.xml#id(Bmr007.w.5,204)..id(Bmr007.w.5,205)"/>
   </segment>
   <segment nite:id="Bmr007.segment.762" starttime="1180.04" endtime="1181.17" participant="fe016" timing-provenance="dialogueact">
      <nite:child href="Bmr007.B.words.xml#id(Bmr007.w.5,206)..id(Bmr007.w.5,211)"/>
   </segment>
   <segment nite:id="Bmr007.segment.763" starttime="1181.27" endtime="1181.73" participant="fe016" timing-provenance="dialogueact">
      <nite:child href="Bmr007.B.words.xml#id(Bmr007.w.5,212)..id(Bmr007.pause.350)"/>
   </segment>
   <segment nite:id="Bmr007.segment.764" starttime="1181.73" endtime="1183.0" participant="fe016" timing-provenance="dialogueact">
      <nite:child href="Bmr007.B.words.xml#id(Bmr007.w.5,214)..id(Bmr007.w.5,222)"/>
   </segment>
   <segment nite:id="Bmr007.segment.765" starttime="1183.36" endtime="1183.79" participant="fe016" timing-provenance="dialogueact">
      <nite:child href="Bmr007.B.words.xml#id(Bmr007.w.5,223)..id(Bmr007.w.5,224)"/>
   </segment>
   <segment nite:id="Bmr007.segment.768" starttime="1184.41" endtime="1184.91" participant="fe016" timing-provenance="dialogueact">
      <nite:child href="Bmr007.B.words.xml#id(Bmr007.w.5,233)..id(Bmr007.w.5,235)"/>
   </segment>
   <segment nite:id="Bmr007.segment.771" starttime="1185.25" endtime="1186.12" participant="fe016" timing-provenance="dialogueact">
      <nite:child href="Bmr007.B.words.xml#id(Bmr007.w.5,247)..id(Bmr007.w.5,250)"/>
   </segment>
   <segment nite:id="Bmr007.segment.776" starttime="1192.54" endtime="1192.86" participant="fe016" timing-provenance="dialogueact">
      <nite:child href="Bmr007.B.words.xml#id(Bmr007.w.5,284)..id(Bmr007.w.5,287)"/>
   </segment>
   <segment nite:id="Bmr007.segment.787" starttime="1200.66" endtime="1201.0" participant="fe016" timing-provenance="dialogueact">
      <nite:child href="Bmr007.B.words.xml#id(Bmr007.w.5,333)..id(Bmr007.w.5,334)"/>
   </segment>
   <segment nite:id="Bmr007.segment.789" starttime="1201.0" endtime="1202.52" participant="fe016" timing-provenance="dialogueact">
      <nite:child href="Bmr007.B.words.xml#id(Bmr007.w.5,339)..id(Bmr007.w.5,342)"/>
   </segment>
   <segment nite:id="Bmr007.segment.791" starttime="1202.52" endtime="1202.55" participant="fe016" timing-provenance="dialogueact">
      <nite:child href="Bmr007.B.words.xml#id(Bmr007.w.5,357)"/>
   </segment>
   <segment nite:id="Bmr007.segment.792" starttime="1202.55" endtime="1203.05" participant="fe016" timing-provenance="dialogueact">
      <nite:child href="Bmr007.B.words.xml#id(Bmr007.w.5,358)..id(Bmr007.w.5,359)"/>
   </segment>
   <segment nite:id="Bmr007.segment.793" starttime="1203.44" endtime="1203.78" participant="fe016" timing-provenance="dialogueact">
      <nite:child href="Bmr007.B.words.xml#id(Bmr007.w.5,360)..id(Bmr007.w.5,361)"/>
   </segment>
   <segment nite:id="Bmr007.segment.801" starttime="1217.42" endtime="1217.65" participant="fe016" timing-provenance="dialogueact">
      <nite:child href="Bmr007.B.words.xml#id(Bmr007.w.5,443)..id(Bmr007.w.5,444)"/>
   </segment>
   <segment nite:id="Bmr007.segment.802" starttime="1218.09" endtime="1219.26" participant="fe016" timing-provenance="dialogueact">
      <nite:child href="Bmr007.B.words.xml#id(Bmr007.w.5,445)..id(Bmr007.w.5,451)"/>
   </segment>
   <segment nite:id="Bmr007.segment.804" starttime="1219.689" endtime="1220.831" participant="fe016" timing-provenance="segment">
      <nite:child href="Bmr007.B.words.xml#id(Bmr007.w.5,452)..id(Bmr007.disfmarker.206)"/>
   </segment>
   <segment nite:id="Bmr007.segment.807" starttime="1220.89" endtime="1221.77" participant="fe016" timing-provenance="dialogueact">
      <nite:child href="Bmr007.B.words.xml#id(Bmr007.w.5,462)..id(Bmr007.w.5,468)"/>
   </segment>
   <segment nite:id="Bmr007.segment.809" starttime="1222.3" endtime="1222.83" participant="fe016" timing-provenance="dialogueact">
      <nite:child href="Bmr007.B.words.xml#id(Bmr007.w.5,471)"/>
   </segment>
   <segment nite:id="Bmr007.segment.813" starttime="1223.85" endtime="1224.12" participant="fe016" timing-provenance="dialogueact">
      <nite:child href="Bmr007.B.words.xml#id(Bmr007.w.5,478)..id(Bmr007.w.5,479)"/>
   </segment>
   <segment nite:id="Bmr007.segment.815" starttime="1224.78" endtime="1226.13" participant="fe016" timing-provenance="dialogueact">
      <nite:child href="Bmr007.B.words.xml#id(Bmr007.w.5,485)..id(Bmr007.w.5,492)"/>
   </segment>
   <segment nite:id="Bmr007.segment.833" starttime="1249.82" endtime="1250.18" participant="fe016" timing-provenance="dialogueact">
      <nite:child href="Bmr007.B.words.xml#id(Bmr007.w.5,633)..id(Bmr007.w.5,634)"/>
   </segment>
   <segment nite:id="Bmr007.segment.834" starttime="1250.18" endtime="1251.2" participant="fe016" timing-provenance="dialogueact">
      <nite:child href="Bmr007.B.words.xml#id(Bmr007.w.5,635)..id(Bmr007.w.5,642)"/>
   </segment>
   <segment nite:id="Bmr007.segment.835" starttime="1251.46" endtime="1251.85" participant="fe016" timing-provenance="dialogueact">
      <nite:child href="Bmr007.B.words.xml#id(Bmr007.w.5,643)..id(Bmr007.w.5,645)"/>
   </segment>
   <segment nite:id="Bmr007.segment.836" starttime="1251.922" endtime="1252.483" participant="fe016" timing-provenance="segment">
      <nite:child href="Bmr007.B.words.xml#id(Bmr007.pause.357)..id(Bmr007.vocalsound.193)"/>
   </segment>
   <segment nite:id="Bmr007.segment.837" starttime="1252.483" endtime="1253.76" participant="fe016" timing-provenance="segment">
      <nite:child href="Bmr007.B.words.xml#id(Bmr007.w.5,646)..id(Bmr007.disfmarker.214)"/>
   </segment>
   <segment nite:id="Bmr007.segment.838" starttime="1253.76" endtime="1258.45" participant="fe016" timing-provenance="segment">
      <nite:child href="Bmr007.B.words.xml#id(Bmr007.pause.358)..id(Bmr007.w.5,671)"/>
   </segment>
   <segment nite:id="Bmr007.segment.841" starttime="1259.24" endtime="1259.51" participant="fe016" timing-provenance="dialogueact">
      <nite:child href="Bmr007.B.words.xml#id(Bmr007.w.5,677)"/>
   </segment>
   <segment nite:id="Bmr007.segment.844" starttime="1260.1" endtime="1260.55" participant="fe016" timing-provenance="dialogueact">
      <nite:child href="Bmr007.B.words.xml#id(Bmr007.w.5,688)..id(Bmr007.w.5,691)"/>
   </segment>
   <segment nite:id="Bmr007.segment.845" starttime="1260.55" endtime="1262.82" participant="fe016" timing-provenance="dialogueact">
      <nite:child href="Bmr007.B.words.xml#id(Bmr007.w.5,692)..id(Bmr007.w.5,702)"/>
   </segment>
   <segment nite:id="Bmr007.segment.847" starttime="1264.07" endtime="1264.7" participant="fe016" timing-provenance="dialogueact">
      <nite:child href="Bmr007.B.words.xml#id(Bmr007.w.5,705)..id(Bmr007.w.5,707)"/>
   </segment>
   <segment nite:id="Bmr007.segment.848" starttime="1265.66" endtime="1270.76" participant="fe016" timing-provenance="dialogueact">
      <nite:child href="Bmr007.B.words.xml#id(Bmr007.w.5,708)..id(Bmr007.w.5,735)"/>
   </segment>
   <segment nite:id="Bmr007.segment.849" starttime="1270.796" endtime="1271.591" participant="fe016" timing-provenance="segment">
      <nite:child href="Bmr007.B.words.xml#id(Bmr007.vocalsound.195)"/>
   </segment>
   <segment nite:id="Bmr007.segment.850" starttime="1271.64" endtime="1273.22" participant="fe016" timing-provenance="dialogueact">
      <nite:child href="Bmr007.B.words.xml#id(Bmr007.w.5,736)..id(Bmr007.w.5,742)"/>
   </segment>
   <segment nite:id="Bmr007.segment.851" starttime="1273.79" endtime="1274.33" participant="fe016" timing-provenance="dialogueact">
      <nite:child href="Bmr007.B.words.xml#id(Bmr007.w.5,743)"/>
   </segment>
   <segment nite:id="Bmr007.segment.852" starttime="1275.55" endtime="1279.2" participant="fe016" timing-provenance="dialogueact">
      <nite:child href="Bmr007.B.words.xml#id(Bmr007.w.5,744)..id(Bmr007.w.5,755)"/>
   </segment>
   <segment nite:id="Bmr007.segment.853" starttime="1279.84" endtime="1280.28" participant="fe016" timing-provenance="dialogueact">
      <nite:child href="Bmr007.B.words.xml#id(Bmr007.w.5,756)"/>
   </segment>
   <segment nite:id="Bmr007.segment.854" starttime="1281.22" endtime="1283.84" participant="fe016" timing-provenance="dialogueact">
      <nite:child href="Bmr007.B.words.xml#id(Bmr007.w.5,757)..id(Bmr007.w.5,766)"/>
   </segment>
   <segment nite:id="Bmr007.segment.861" starttime="1285.07" endtime="1285.76" participant="fe016" timing-provenance="dialogueact">
      <nite:child href="Bmr007.B.words.xml#id(Bmr007.w.5,818)..id(Bmr007.w.5,820)"/>
   </segment>
   <segment nite:id="Bmr007.segment.867" starttime="1292.94" endtime="1293.31" participant="fe016" timing-provenance="dialogueact">
      <nite:child href="Bmr007.B.words.xml#id(Bmr007.w.5,856)..id(Bmr007.w.5,857)"/>
   </segment>
   <segment nite:id="Bmr007.segment.881" starttime="1308.48" endtime="1308.74" participant="fe016" timing-provenance="dialogueact">
      <nite:child href="Bmr007.B.words.xml#id(Bmr007.w.5,947)..id(Bmr007.w.5,948)"/>
   </segment>
   <segment nite:id="Bmr007.segment.891" starttime="1323.21" endtime="1323.49" participant="fe016" timing-provenance="dialogueact">
      <nite:child href="Bmr007.B.words.xml#id(Bmr007.w.5,999)..id(Bmr007.w.6,000)"/>
   </segment>
   <segment nite:id="Bmr007.segment.920" starttime="1363.64" endtime="1365.05" participant="fe016" timing-provenance="dialogueact">
      <nite:child href="Bmr007.B.words.xml#id(Bmr007.w.6,167)..id(Bmr007.w.6,174)"/>
   </segment>
   <segment nite:id="Bmr007.segment.922" starttime="1365.262" endtime="1367.392" participant="fe016" timing-provenance="segment">
      <nite:child href="Bmr007.B.words.xml#id(Bmr007.pause.381)..id(Bmr007.comment.20)"/>
   </segment>
   <segment nite:id="Bmr007.segment.924" starttime="1367.84" endtime="1369.54" participant="fe016" timing-provenance="dialogueact">
      <nite:child href="Bmr007.B.words.xml#id(Bmr007.w.6,191)..id(Bmr007.w.6,198)"/>
   </segment>
   <segment nite:id="Bmr007.segment.927" starttime="1370.23" endtime="1372.34" participant="fe016" timing-provenance="dialogueact">
      <nite:child href="Bmr007.B.words.xml#id(Bmr007.w.6,202)..id(Bmr007.w.6,213)"/>
   </segment>
   <segment nite:id="Bmr007.segment.935" starttime="1380.43" endtime="1380.83" participant="fe016" timing-provenance="dialogueact">
      <nite:child href="Bmr007.B.words.xml#id(Bmr007.w.6,268)..id(Bmr007.w.6,269)"/>
   </segment>
   <segment nite:id="Bmr007.segment.937" starttime="1381.19" endtime="1382.4" participant="fe016" timing-provenance="dialogueact">
      <nite:child href="Bmr007.B.words.xml#id(Bmr007.w.6,270)..id(Bmr007.w.6,278)"/>
   </segment>
   <segment nite:id="Bmr007.segment.939" starttime="1382.66" endtime="1382.91" participant="fe016" timing-provenance="dialogueact">
      <nite:child href="Bmr007.B.words.xml#id(Bmr007.w.6,281)..id(Bmr007.w.6,282)"/>
   </segment>
   <segment nite:id="Bmr007.segment.942" starttime="1383.199" endtime="1384.089" participant="fe016" timing-provenance="segment">
      <nite:child href="Bmr007.B.words.xml#id(Bmr007.w.6,295)..id(Bmr007.w.6,296)"/>
   </segment>
   <segment nite:id="Bmr007.segment.947" starttime="1386.89" endtime="1390.904" participant="fe016" timing-provenance="segment">
      <nite:child href="Bmr007.B.words.xml#id(Bmr007.vocalsound.221)"/>
   </segment>
   <segment nite:id="Bmr007.segment.968" starttime="1411.18" endtime="1411.58" participant="fe016" timing-provenance="dialogueact">
      <nite:child href="Bmr007.B.words.xml#id(Bmr007.w.6,432)..id(Bmr007.w.6,433)"/>
   </segment>
   <segment nite:id="Bmr007.segment.969" starttime="1412.17" endtime="1412.39" participant="fe016" timing-provenance="dialogueact">
      <nite:child href="Bmr007.B.words.xml#id(Bmr007.w.6,434)..id(Bmr007.w.6,435)"/>
   </segment>
   <segment nite:id="Bmr007.segment.976" starttime="1415.87" endtime="1416.12" participant="fe016" timing-provenance="dialogueact">
      <nite:child href="Bmr007.B.words.xml#id(Bmr007.w.6,457)..id(Bmr007.w.6,458)"/>
   </segment>
   <segment nite:id="Bmr007.segment.978" starttime="1417.01" endtime="1417.37" participant="fe016" timing-provenance="dialogueact">
      <nite:child href="Bmr007.B.words.xml#id(Bmr007.w.6,469)..id(Bmr007.w.6,470)"/>
   </segment>
   <segment nite:id="Bmr007.segment.985" starttime="1420.443" endtime="1421.604" participant="fe016" timing-provenance="segment">
      <nite:child href="Bmr007.B.words.xml#id(Bmr007.w.6,476)..id(Bmr007.comment.23)"/>
   </segment>
   <segment nite:id="Bmr007.segment.991" starttime="1421.604" endtime="1424.972" participant="fe016" timing-provenance="segment">
      <nite:child href="Bmr007.B.words.xml#id(Bmr007.vocalsound.237)"/>
   </segment>
   <segment nite:id="Bmr007.segment.998" starttime="1425.15" endtime="1425.42" participant="fe016" timing-provenance="dialogueact">
      <nite:child href="Bmr007.B.words.xml#id(Bmr007.w.6,506)..id(Bmr007.w.6,507)"/>
   </segment>
   <segment nite:id="Bmr007.segment.1,007" starttime="1445.59" endtime="1448.43" participant="fe016" timing-provenance="dialogueact">
      <nite:child href="Bmr007.B.words.xml#id(Bmr007.w.6,591)..id(Bmr007.pause.394)"/>
   </segment>
   <segment nite:id="Bmr007.segment.1,009" starttime="1448.43" endtime="1451.74" participant="fe016" timing-provenance="dialogueact">
      <nite:child href="Bmr007.B.words.xml#id(Bmr007.w.6,607)..id(Bmr007.w.6,620)"/>
   </segment>
   <segment nite:id="Bmr007.segment.1,010" starttime="1451.74" endtime="1452.03" participant="fe016" timing-provenance="dialogueact">
      <nite:child href="Bmr007.B.words.xml#id(Bmr007.w.6,621)"/>
   </segment>
   <segment nite:id="Bmr007.segment.1,011" starttime="1452.03" endtime="1453.3" participant="fe016" timing-provenance="dialogueact">
      <nite:child href="Bmr007.B.words.xml#id(Bmr007.pause.396)..id(Bmr007.w.6,624)"/>
   </segment>
   <segment nite:id="Bmr007.segment.1,012" starttime="1453.62" endtime="1454.43" participant="fe016" timing-provenance="dialogueact">
      <nite:child href="Bmr007.B.words.xml#id(Bmr007.w.6,625)..id(Bmr007.w.6,626)"/>
   </segment>
   <segment nite:id="Bmr007.segment.1,013" starttime="1454.43" endtime="1455.53" participant="fe016" timing-provenance="dialogueact">
      <nite:child href="Bmr007.B.words.xml#id(Bmr007.pause.397)..id(Bmr007.w.6,631)"/>
   </segment>
   <segment nite:id="Bmr007.segment.1,014" starttime="1455.75" endtime="1457.15" participant="fe016" timing-provenance="dialogueact">
      <nite:child href="Bmr007.B.words.xml#id(Bmr007.w.6,632)..id(Bmr007.pause.398)"/>
   </segment>
   <segment nite:id="Bmr007.segment.1,015" starttime="1457.15" endtime="1458.44" participant="fe016" timing-provenance="dialogueact">
      <nite:child href="Bmr007.B.words.xml#id(Bmr007.w.6,633)..id(Bmr007.w.6,635)"/>
   </segment>
   <segment nite:id="Bmr007.segment.1,016" starttime="1458.44" endtime="1459.13" participant="fe016" timing-provenance="dialogueact">
      <nite:child href="Bmr007.B.words.xml#id(Bmr007.pause.399)..id(Bmr007.w.6,637)"/>
   </segment>
   <segment nite:id="Bmr007.segment.1,017" starttime="1459.7" endtime="1465.29" participant="fe016" timing-provenance="dialogueact">
      <nite:child href="Bmr007.B.words.xml#id(Bmr007.w.6,638)..id(Bmr007.w.6,658)"/>
   </segment>
   <segment nite:id="Bmr007.segment.1,020" starttime="1465.29" endtime="1467.08" participant="fe016" timing-provenance="dialogueact">
      <nite:child href="Bmr007.B.words.xml#id(Bmr007.pause.400)..id(Bmr007.w.6,672)"/>
   </segment>
   <segment nite:id="Bmr007.segment.1,021" starttime="1468.09" endtime="1468.39" participant="fe016" timing-provenance="dialogueact">
      <nite:child href="Bmr007.B.words.xml#id(Bmr007.w.6,673)"/>
   </segment>
   <segment nite:id="Bmr007.segment.1,023" starttime="1468.39" endtime="1473.79" participant="fe016" timing-provenance="dialogueact">
      <nite:child href="Bmr007.B.words.xml#id(Bmr007.pause.401)..id(Bmr007.w.6,700)"/>
   </segment>
   <segment nite:id="Bmr007.segment.1,028" starttime="1476.55" endtime="1476.88" participant="fe016" timing-provenance="dialogueact">
      <nite:child href="Bmr007.B.words.xml#id(Bmr007.w.6,728)..id(Bmr007.w.6,729)"/>
   </segment>
   <segment nite:id="Bmr007.segment.1,032" starttime="1480.11" endtime="1486.1" participant="fe016" timing-provenance="dialogueact">
      <nite:child href="Bmr007.B.words.xml#id(Bmr007.w.6,746)..id(Bmr007.w.6,764)"/>
   </segment>
   <segment nite:id="Bmr007.segment.1,035" starttime="1486.54" endtime="1488.53" participant="fe016" timing-provenance="dialogueact">
      <nite:child href="Bmr007.B.words.xml#id(Bmr007.w.6,769)..id(Bmr007.w.6,781)"/>
   </segment>
   <segment nite:id="Bmr007.segment.1,071" starttime="1517.03" endtime="1517.97" participant="fe016" timing-provenance="dialogueact">
      <nite:child href="Bmr007.B.words.xml#id(Bmr007.w.6,926)..id(Bmr007.w.6,929)"/>
   </segment>
   <segment nite:id="Bmr007.segment.1,190" starttime="1666.1" endtime="1667.93" participant="fe016" timing-provenance="dialogueact">
      <nite:child href="Bmr007.B.words.xml#id(Bmr007.w.7,563)..id(Bmr007.w.7,574)"/>
   </segment>
   <segment nite:id="Bmr007.segment.1,191" starttime="1668.43" endtime="1672.27" participant="fe016" timing-provenance="dialogueact">
      <nite:child href="Bmr007.B.words.xml#id(Bmr007.w.7,575)..id(Bmr007.w.7,587)"/>
   </segment>
   <segment nite:id="Bmr007.segment.1,194" starttime="1671.702" endtime="1673.731" participant="fe016" timing-provenance="segment">
      <nite:child href="Bmr007.B.words.xml#id(Bmr007.pause.443)..id(Bmr007.disfmarker.308)"/>
   </segment>
   <segment nite:id="Bmr007.segment.1,198" starttime="1673.731" endtime="1678.62" participant="fe016" timing-provenance="segment">
      <nite:child href="Bmr007.B.words.xml#id(Bmr007.pause.445)..id(Bmr007.w.7,646)"/>
   </segment>
   <segment nite:id="Bmr007.segment.1,202" starttime="1679.49" endtime="1681.2" participant="fe016" timing-provenance="dialogueact">
      <nite:child href="Bmr007.B.words.xml#id(Bmr007.w.7,662)..id(Bmr007.w.7,668)"/>
   </segment>
   <segment nite:id="Bmr007.segment.1,204" starttime="1681.6" endtime="1681.76" participant="fe016" timing-provenance="dialogueact">
      <nite:child href="Bmr007.B.words.xml#id(Bmr007.w.7,669)..id(Bmr007.w.7,670)"/>
   </segment>
   <segment nite:id="Bmr007.segment.1,208" starttime="1686.78" endtime="1689.82" participant="fe016" timing-provenance="dialogueact">
      <nite:child href="Bmr007.B.words.xml#id(Bmr007.w.7,712)..id(Bmr007.w.7,722)"/>
   </segment>
   <segment nite:id="Bmr007.segment.1,209" starttime="1689.99" endtime="1690.55" participant="fe016" timing-provenance="segment">
      <nite:child href="Bmr007.B.words.xml#id(Bmr007.vocalsound.298)"/>
   </segment>
   <segment nite:id="Bmr007.segment.1,210" starttime="1690.75" endtime="1691.14" participant="fe016" timing-provenance="dialogueact">
      <nite:child href="Bmr007.B.words.xml#id(Bmr007.w.7,723)"/>
   </segment>
   <segment nite:id="Bmr007.segment.1,211" starttime="1693.14" endtime="1698.43" participant="fe016" timing-provenance="dialogueact">
      <nite:child href="Bmr007.B.words.xml#id(Bmr007.w.7,724)..id(Bmr007.w.7,740)"/>
   </segment>
   <segment nite:id="Bmr007.segment.1,213" starttime="1698.88" endtime="1700.06" participant="fe016" timing-provenance="dialogueact">
      <nite:child href="Bmr007.B.words.xml#id(Bmr007.w.7,743)..id(Bmr007.w.7,748)"/>
   </segment>
   <segment nite:id="Bmr007.segment.1,214" starttime="1700.38" endtime="1700.9" participant="fe016" timing-provenance="segment">
      <nite:child href="Bmr007.B.words.xml#id(Bmr007.vocalsound.299)"/>
   </segment>
   <segment nite:id="Bmr007.segment.1,215" starttime="1700.94" endtime="1701.73" participant="fe016" timing-provenance="dialogueact">
      <nite:child href="Bmr007.B.words.xml#id(Bmr007.w.7,749)..id(Bmr007.w.7,750)"/>
   </segment>
   <segment nite:id="Bmr007.segment.1,216" starttime="1702.4" endtime="1707.48" participant="fe016" timing-provenance="dialogueact">
      <nite:child href="Bmr007.B.words.xml#id(Bmr007.w.7,751)..id(Bmr007.w.7,772)"/>
   </segment>
   <segment nite:id="Bmr007.segment.1,218" starttime="1709.01" endtime="1709.42" participant="fe016" timing-provenance="dialogueact">
      <nite:child href="Bmr007.B.words.xml#id(Bmr007.w.7,777)"/>
   </segment>
   <segment nite:id="Bmr007.segment.1,219" starttime="1710.14" endtime="1714.57" participant="fe016" timing-provenance="dialogueact">
      <nite:child href="Bmr007.B.words.xml#id(Bmr007.w.7,778)..id(Bmr007.w.7,791)"/>
   </segment>
   <segment nite:id="Bmr007.segment.1,220" starttime="1714.61" endtime="1715.9" participant="fe016" timing-provenance="segment">
      <nite:child href="Bmr007.B.words.xml#id(Bmr007.vocalsound.300)"/>
   </segment>
   <segment nite:id="Bmr007.segment.1,221" starttime="1715.94" endtime="1720.04" participant="fe016" timing-provenance="dialogueact">
      <nite:child href="Bmr007.B.words.xml#id(Bmr007.w.7,792)..id(Bmr007.w.7,807)"/>
   </segment>
   <segment nite:id="Bmr007.segment.1,222" starttime="1720.18" endtime="1723.58" participant="fe016" timing-provenance="dialogueact">
      <nite:child href="Bmr007.B.words.xml#id(Bmr007.w.7,808)..id(Bmr007.w.7,826)"/>
   </segment>
   <segment nite:id="Bmr007.segment.1,223" starttime="1724.1" endtime="1726.1" participant="fe016" timing-provenance="dialogueact">
      <nite:child href="Bmr007.B.words.xml#id(Bmr007.w.7,827)..id(Bmr007.w.7,839)"/>
   </segment>
   <segment nite:id="Bmr007.segment.1,224" starttime="1726.71" endtime="1728.46" participant="fe016" timing-provenance="dialogueact">
      <nite:child href="Bmr007.B.words.xml#id(Bmr007.w.7,840)..id(Bmr007.w.7,848)"/>
   </segment>
   <segment nite:id="Bmr007.segment.1,226" starttime="1728.96" endtime="1729.74" participant="fe016" timing-provenance="dialogueact">
      <nite:child href="Bmr007.B.words.xml#id(Bmr007.w.7,853)..id(Bmr007.w.7,857)"/>
   </segment>
   <segment nite:id="Bmr007.segment.1,227" starttime="1730.8" endtime="1733.77" participant="fe016" timing-provenance="dialogueact">
      <nite:child href="Bmr007.B.words.xml#id(Bmr007.w.7,858)..id(Bmr007.w.7,874)"/>
   </segment>
   <segment nite:id="Bmr007.segment.1,228" starttime="1734.95" endtime="1735.63" participant="fe016" timing-provenance="dialogueact">
      <nite:child href="Bmr007.B.words.xml#id(Bmr007.w.7,875)..id(Bmr007.w.7,877)"/>
   </segment>
   <segment nite:id="Bmr007.segment.1,229" starttime="1735.89" endtime="1739.39" participant="fe016" timing-provenance="dialogueact">
      <nite:child href="Bmr007.B.words.xml#id(Bmr007.w.7,878)..id(Bmr007.pause.451)"/>
   </segment>
   <segment nite:id="Bmr007.segment.1,231" starttime="1739.39" endtime="1739.79" participant="fe016" timing-provenance="dialogueact">
      <nite:child href="Bmr007.B.words.xml#id(Bmr007.w.7,892)..id(Bmr007.w.7,893)"/>
   </segment>
   <segment nite:id="Bmr007.segment.1,234" starttime="1739.827" endtime="1740.571" participant="fe016" timing-provenance="segment">
      <nite:child href="Bmr007.B.words.xml#id(Bmr007.vocalsound.303)"/>
   </segment>
   <segment nite:id="Bmr007.segment.1,238" starttime="1740.65" endtime="1742.15" participant="fe016" timing-provenance="dialogueact">
      <nite:child href="Bmr007.B.words.xml#id(Bmr007.w.7,900)..id(Bmr007.pause.452)"/>
   </segment>
   <segment nite:id="Bmr007.segment.1,241" starttime="1742.15" endtime="1742.5" participant="fe016" timing-provenance="dialogueact">
      <nite:child href="Bmr007.B.words.xml#id(Bmr007.w.7,909)..id(Bmr007.w.7,911)"/>
   </segment>
   <segment nite:id="Bmr007.segment.1,242" starttime="1743.52" endtime="1746.96" participant="fe016" timing-provenance="dialogueact">
      <nite:child href="Bmr007.B.words.xml#id(Bmr007.w.7,912)..id(Bmr007.w.7,929)"/>
   </segment>
   <segment nite:id="Bmr007.segment.1,263" starttime="1773.74" endtime="1774.97" participant="fe016" timing-provenance="dialogueact">
      <nite:child href="Bmr007.B.words.xml#id(Bmr007.w.8,013)..id(Bmr007.w.8,017)"/>
   </segment>
   <segment nite:id="Bmr007.segment.1,266" starttime="1776.727" endtime="1779.772" participant="fe016" timing-provenance="segment">
      <nite:child href="Bmr007.B.words.xml#id(Bmr007.w.8,035)..id(Bmr007.disfmarker.323)"/>
   </segment>
   <segment nite:id="Bmr007.segment.1,271" starttime="1779.772" endtime="1780.096" participant="fe016" timing-provenance="segment">
      <nite:child href="Bmr007.B.words.xml#id(Bmr007.nonvocalsound.5)"/>
   </segment>
   <segment nite:id="Bmr007.segment.1,286" starttime="1789.75" endtime="1791.26" participant="fe016" timing-provenance="dialogueact">
      <nite:child href="Bmr007.B.words.xml#id(Bmr007.w.8,104)..id(Bmr007.w.8,112)"/>
   </segment>
   <segment nite:id="Bmr007.segment.1,288" starttime="1791.26" endtime="1792.63" participant="fe016" timing-provenance="dialogueact">
      <nite:child href="Bmr007.B.words.xml#id(Bmr007.w.8,116)..id(Bmr007.w.8,123)"/>
   </segment>
   <segment nite:id="Bmr007.segment.1,289" starttime="1792.63" endtime="1795.27" participant="fe016" timing-provenance="dialogueact">
      <nite:child href="Bmr007.B.words.xml#id(Bmr007.w.8,124)..id(Bmr007.w.8,134)"/>
   </segment>
   <segment nite:id="Bmr007.segment.1,290" starttime="1795.87" endtime="1797.68" participant="fe016" timing-provenance="dialogueact">
      <nite:child href="Bmr007.B.words.xml#id(Bmr007.w.8,135)..id(Bmr007.w.8,142)"/>
   </segment>
   <segment nite:id="Bmr007.segment.1,295" starttime="1805.76" endtime="1807.41" participant="fe016" timing-provenance="dialogueact">
      <nite:child href="Bmr007.B.words.xml#id(Bmr007.w.8,177)..id(Bmr007.w.8,186)"/>
   </segment>
   <segment nite:id="Bmr007.segment.1,301" starttime="1807.949" endtime="1809.086" participant="fe016" timing-provenance="segment">
      <nite:child href="Bmr007.B.words.xml#id(Bmr007.vocalsound.317)"/>
   </segment>
   <segment nite:id="Bmr007.segment.1,305" starttime="1809.13" endtime="1811.7" participant="fe016" timing-provenance="dialogueact">
      <nite:child href="Bmr007.B.words.xml#id(Bmr007.w.8,209)..id(Bmr007.w.8,221)"/>
   </segment>
   <segment nite:id="Bmr007.segment.1,309" starttime="1811.697" endtime="1811.992" participant="fe016" timing-provenance="segment">
      <nite:child href="Bmr007.B.words.xml#id(Bmr007.w.8,222)..id(Bmr007.disfmarker.328)"/>
   </segment>
   <segment nite:id="Bmr007.segment.1,310" starttime="1811.992" endtime="1813.227" participant="fe016" timing-provenance="segment">
      <nite:child href="Bmr007.B.words.xml#id(Bmr007.vocalsound.324)"/>
   </segment>
   <segment nite:id="Bmr007.segment.1,319" starttime="1824.742" endtime="1827.39" participant="fe016" timing-provenance="segment">
      <nite:child href="Bmr007.B.words.xml#id(Bmr007.vocalsound.328)"/>
   </segment>
   <segment nite:id="Bmr007.segment.1,332" starttime="1832.24" endtime="1834.32" participant="fe016" timing-provenance="dialogueact">
      <nite:child href="Bmr007.B.words.xml#id(Bmr007.w.8,326)..id(Bmr007.pause.468)"/>
   </segment>
   <segment nite:id="Bmr007.segment.1,335" starttime="1834.222" endtime="1834.545" participant="fe016" timing-provenance="segment">
      <nite:child href="Bmr007.B.words.xml#id(Bmr007.w.8,345)..id(Bmr007.disfmarker.335)"/>
   </segment>
   <segment nite:id="Bmr007.segment.1,358" starttime="1859.17" endtime="1861.04" participant="fe016" timing-provenance="dialogueact">
      <nite:child href="Bmr007.B.words.xml#id(Bmr007.w.8,486)..id(Bmr007.w.8,495)"/>
   </segment>
   <segment nite:id="Bmr007.segment.1,362" starttime="1862.412" endtime="1862.917" participant="fe016" timing-provenance="segment">
      <nite:child href="Bmr007.B.words.xml#id(Bmr007.vocalsound.335)"/>
   </segment>
   <segment nite:id="Bmr007.segment.1,364" starttime="1862.97" endtime="1864.1" participant="fe016" timing-provenance="dialogueact">
      <nite:child href="Bmr007.B.words.xml#id(Bmr007.w.8,511)..id(Bmr007.w.8,517)"/>
   </segment>
   <segment nite:id="Bmr007.segment.1,367" starttime="1865.49" endtime="1866.06" participant="fe016" timing-provenance="dialogueact">
      <nite:child href="Bmr007.B.words.xml#id(Bmr007.w.8,534)..id(Bmr007.w.8,537)"/>
   </segment>
   <segment nite:id="Bmr007.segment.1,375" starttime="1869.448" endtime="1870.009" participant="fe016" timing-provenance="segment">
      <nite:child href="Bmr007.B.words.xml#id(Bmr007.vocalsound.340)"/>
   </segment>
   <segment nite:id="Bmr007.segment.1,379" starttime="1873.49" endtime="1876.19" participant="fe016" timing-provenance="dialogueact">
      <nite:child href="Bmr007.B.words.xml#id(Bmr007.w.8,590)..id(Bmr007.w.8,603)"/>
   </segment>
   <segment nite:id="Bmr007.segment.1,402" starttime="1887.038" endtime="1887.978" participant="fe016" timing-provenance="segment">
      <nite:child href="Bmr007.B.words.xml#id(Bmr007.vocalsound.346)"/>
   </segment>
   <segment nite:id="Bmr007.segment.1,404" starttime="1888.02" endtime="1888.94" participant="fe016" timing-provenance="dialogueact">
      <nite:child href="Bmr007.B.words.xml#id(Bmr007.w.8,695)..id(Bmr007.w.8,698)"/>
   </segment>
   <segment nite:id="Bmr007.segment.1,410" starttime="1892.272" endtime="1892.707" participant="fe016" timing-provenance="segment">
      <nite:child href="Bmr007.B.words.xml#id(Bmr007.vocalsound.349)"/>
   </segment>
   <segment nite:id="Bmr007.segment.1,417" starttime="1895.934" endtime="1897.365" participant="fe016" timing-provenance="segment">
      <nite:child href="Bmr007.B.words.xml#id(Bmr007.vocalsound.351)"/>
   </segment>
   <segment nite:id="Bmr007.segment.1,494" starttime="1975.98" endtime="1978.5" participant="fe016" timing-provenance="dialogueact">
      <nite:child href="Bmr007.B.words.xml#id(Bmr007.w.9,160)..id(Bmr007.w.9,172)"/>
   </segment>
   <segment nite:id="Bmr007.segment.1,951" starttime="2835.53" endtime="2838.21" participant="fe016" timing-provenance="dialogueact">
      <nite:child href="Bmr007.B.words.xml#id(Bmr007.w.12,470)..id(Bmr007.w.12,481)"/>
   </segment>
   <segment nite:id="Bmr007.segment.1,954" starttime="2839.439" endtime="2839.987" participant="fe016" timing-provenance="segment">
      <nite:child href="Bmr007.B.words.xml#id(Bmr007.w.12,494)..id(Bmr007.disfmarker.544)"/>
   </segment>
   <segment nite:id="Bmr007.segment.1,955" starttime="2839.987" endtime="2842.962" participant="fe016" timing-provenance="segment">
      <nite:child href="Bmr007.B.words.xml#id(Bmr007.pause.633)..id(Bmr007.disfmarker.545)"/>
   </segment>
   <segment nite:id="Bmr007.segment.1,959" starttime="2842.962" endtime="2844.309" participant="fe016" timing-provenance="segment">
      <nite:child href="Bmr007.B.words.xml#id(Bmr007.w.12,503)..id(Bmr007.disfmarker.546)"/>
   </segment>
   <segment nite:id="Bmr007.segment.1,963" starttime="2844.95" endtime="2846.273" participant="fe016" timing-provenance="segment">
      <nite:child href="Bmr007.B.words.xml#id(Bmr007.pause.636)..id(Bmr007.vocalsound.540)"/>
   </segment>
   <segment nite:id="Bmr007.segment.1,966" starttime="2846.273" endtime="2848.13" participant="fe016" timing-provenance="segment">
      <nite:child href="Bmr007.B.words.xml#id(Bmr007.pause.637)..id(Bmr007.w.12,538)"/>
   </segment>
   <segment nite:id="Bmr007.segment.1,973" starttime="2855.49" endtime="2857.5" participant="fe016" timing-provenance="dialogueact">
      <nite:child href="Bmr007.B.words.xml#id(Bmr007.w.12,574)..id(Bmr007.w.12,582)"/>
   </segment>
   <segment nite:id="Bmr007.segment.1,981" starttime="2858.65" endtime="2864.07" participant="fe016" timing-provenance="dialogueact">
      <nite:child href="Bmr007.B.words.xml#id(Bmr007.w.12,601)..id(Bmr007.w.12,629)"/>
   </segment>
   <segment nite:id="Bmr007.segment.1,983" starttime="2864.85" endtime="2865.145" participant="fe016" timing-provenance="segment">
      <nite:child href="Bmr007.B.words.xml#id(Bmr007.w.12,630)..id(Bmr007.disfmarker.551)"/>
   </segment>
   <segment nite:id="Bmr007.segment.1,985" starttime="2865.25" endtime="2867.59" participant="fe016" timing-provenance="dialogueact">
      <nite:child href="Bmr007.B.words.xml#id(Bmr007.w.12,635)..id(Bmr007.w.12,650)"/>
   </segment>
   <segment nite:id="Bmr007.segment.1,986" starttime="2867.642" endtime="2868.68" participant="fe016" timing-provenance="segment">
      <nite:child href="Bmr007.B.words.xml#id(Bmr007.pause.639)..id(Bmr007.vocalsound.546)"/>
   </segment>
   <segment nite:id="Bmr007.segment.1,988" starttime="2868.72" endtime="2873.68" participant="fe016" timing-provenance="dialogueact">
      <nite:child href="Bmr007.B.words.xml#id(Bmr007.w.12,651)..id(Bmr007.w.12,677)"/>
   </segment>
   <segment nite:id="Bmr007.segment.1,990" starttime="2874.52" endtime="2877.36" participant="fe016" timing-provenance="dialogueact">
      <nite:child href="Bmr007.B.words.xml#id(Bmr007.w.12,682)..id(Bmr007.w.12,700)"/>
   </segment>
   <segment nite:id="Bmr007.segment.1,994" starttime="2878.05" endtime="2878.66" participant="fe016" timing-provenance="dialogueact">
      <nite:child href="Bmr007.B.words.xml#id(Bmr007.w.12,714)..id(Bmr007.w.12,718)"/>
   </segment>
   <segment nite:id="Bmr007.segment.1,995" starttime="2879.0" endtime="2882.61" participant="fe016" timing-provenance="dialogueact">
      <nite:child href="Bmr007.B.words.xml#id(Bmr007.w.12,719)..id(Bmr007.w.12,738)"/>
   </segment>
   <segment nite:id="Bmr007.segment.1,998" starttime="2883.19" endtime="2885.59" participant="fe016" timing-provenance="dialogueact">
      <nite:child href="Bmr007.B.words.xml#id(Bmr007.w.12,742)..id(Bmr007.w.12,756)"/>
   </segment>
   <segment nite:id="Bmr007.segment.2,003" starttime="2886.646" endtime="2887.626" participant="fe016" timing-provenance="segment">
      <nite:child href="Bmr007.B.words.xml#id(Bmr007.vocalsound.551)"/>
   </segment>
   <segment nite:id="Bmr007.segment.2,007" starttime="2889.94" endtime="2890.62" participant="fe016" timing-provenance="dialogueact">
      <nite:child href="Bmr007.B.words.xml#id(Bmr007.w.12,789)..id(Bmr007.w.12,791)"/>
   </segment>
   <segment nite:id="Bmr007.segment.2,013" starttime="2898.53" endtime="2903.27" participant="fe016" timing-provenance="dialogueact">
      <nite:child href="Bmr007.B.words.xml#id(Bmr007.w.12,828)..id(Bmr007.w.12,851)"/>
   </segment>
   <segment nite:id="Bmr007.segment.2,014" starttime="2903.27" endtime="2905.04" participant="fe016" timing-provenance="dialogueact">
      <nite:child href="Bmr007.B.words.xml#id(Bmr007.pause.647)..id(Bmr007.w.12,854)"/>
   </segment>
   <segment nite:id="Bmr007.segment.2,018" starttime="2905.04" endtime="2905.89" participant="fe016" timing-provenance="dialogueact">
      <nite:child href="Bmr007.B.words.xml#id(Bmr007.pause.649)..id(Bmr007.w.12,869)"/>
   </segment>
   <segment nite:id="Bmr007.segment.2,023" starttime="2907.44" endtime="2909.565" participant="fe016" timing-provenance="segment">
      <nite:child href="Bmr007.B.words.xml#id(Bmr007.w.12,899)..id(Bmr007.disfmarker.562)"/>
   </segment>
   <segment nite:id="Bmr007.segment.2,024" starttime="2909.565" endtime="2910.485" participant="fe016" timing-provenance="segment">
      <nite:child href="Bmr007.B.words.xml#id(Bmr007.pause.650)..id(Bmr007.disfmarker.563)"/>
   </segment>
   <segment nite:id="Bmr007.segment.2,030" starttime="2910.485" endtime="2910.858" participant="fe016" timing-provenance="segment">
      <nite:child href="Bmr007.B.words.xml#id(Bmr007.vocalsound.557)"/>
   </segment>
   <segment nite:id="Bmr007.segment.2,033" starttime="2911.31" endtime="2912.46" participant="fe016" timing-provenance="dialogueact">
      <nite:child href="Bmr007.B.words.xml#id(Bmr007.w.12,913)..id(Bmr007.w.12,918)"/>
   </segment>
   <segment nite:id="Bmr007.segment.2,035" starttime="2913.83" endtime="2916.249" participant="fe016" timing-provenance="segment">
      <nite:child href="Bmr007.B.words.xml#id(Bmr007.w.12,921)..id(Bmr007.vocalsound.560)"/>
   </segment>
   <segment nite:id="Bmr007.segment.2,043" starttime="2919.399" endtime="2920.184" participant="fe016" timing-provenance="segment">
      <nite:child href="Bmr007.B.words.xml#id(Bmr007.vocalsound.565)"/>
   </segment>
   <segment nite:id="Bmr007.segment.2,218" starttime="3145.06" endtime="3146.79" participant="fe016" timing-provenance="dialogueact">
      <nite:child href="Bmr007.B.words.xml#id(Bmr007.w.13,968)..id(Bmr007.w.13,977)"/>
   </segment>
   <segment nite:id="Bmr007.segment.2,222" starttime="3147.361" endtime="3147.882" participant="fe016" timing-provenance="segment">
      <nite:child href="Bmr007.B.words.xml#id(Bmr007.w.14,005)..id(Bmr007.disfmarker.611)"/>
   </segment>
   <segment nite:id="Bmr007.segment.2,263" starttime="3179.716" endtime="3181.483" participant="fe016" timing-provenance="segment">
      <nite:child href="Bmr007.B.words.xml#id(Bmr007.pause.694)..id(Bmr007.w.14,228)"/>
   </segment>
   <segment nite:id="Bmr007.segment.2,267" starttime="3181.483" endtime="3182.942" participant="fe016" timing-provenance="segment">
      <nite:child href="Bmr007.B.words.xml#id(Bmr007.pause.695)..id(Bmr007.vocalsound.642)"/>
   </segment>
   <segment nite:id="Bmr007.segment.2,270" starttime="3184.836" endtime="3186.098" participant="fe016" timing-provenance="segment">
      <nite:child href="Bmr007.B.words.xml#id(Bmr007.vocalsound.645)"/>
   </segment>
   <segment nite:id="Bmr007.segment.2,272" starttime="3186.098" endtime="3191.993" participant="fe016" timing-provenance="segment">
      <nite:child href="Bmr007.B.words.xml#id(Bmr007.w.14,251)..id(Bmr007.vocalsound.646)"/>
   </segment>
   <segment nite:id="Bmr007.segment.2,282" starttime="3191.993" endtime="3192.435" participant="fe016" timing-provenance="segment">
      <nite:child href="Bmr007.B.words.xml#id(Bmr007.vocalsound.652)"/>
   </segment>
   <segment nite:id="Bmr007.segment.2,290" starttime="3207.23" endtime="3208.0" participant="fe016" timing-provenance="dialogueact">
      <nite:child href="Bmr007.B.words.xml#id(Bmr007.w.14,368)..id(Bmr007.w.14,371)"/>
   </segment>
   <segment nite:id="Bmr007.segment.2,298" starttime="3215.04" endtime="3216.4" participant="fe016" timing-provenance="dialogueact">
      <nite:child href="Bmr007.B.words.xml#id(Bmr007.w.14,413)..id(Bmr007.w.14,421)"/>
   </segment>
   <segment nite:id="Bmr007.segment.2,299" starttime="3216.4" endtime="3221.69" participant="fe016" timing-provenance="dialogueact">
      <nite:child href="Bmr007.B.words.xml#id(Bmr007.pause.700)..id(Bmr007.w.14,444)"/>
   </segment>
   <segment nite:id="Bmr007.segment.2,319" starttime="3239.46" endtime="3241.4" participant="fe016" timing-provenance="dialogueact">
      <nite:child href="Bmr007.B.words.xml#id(Bmr007.w.14,542)..id(Bmr007.w.14,554)"/>
   </segment>
   <segment nite:id="Bmr007.segment.2,322" starttime="3241.4" endtime="3245.78" participant="fe016" timing-provenance="dialogueact">
      <nite:child href="Bmr007.B.words.xml#id(Bmr007.pause.705)..id(Bmr007.w.14,587)"/>
   </segment>
   <segment nite:id="Bmr007.segment.2,326" starttime="3246.691" endtime="3247.88" participant="fe016" timing-provenance="segment">
      <nite:child href="Bmr007.B.words.xml#id(Bmr007.w.14,618)..id(Bmr007.disfmarker.632)"/>
   </segment>
   <segment nite:id="Bmr007.segment.2,335" starttime="3251.75" endtime="3253.72" participant="fe016" timing-provenance="dialogueact">
      <nite:child href="Bmr007.B.words.xml#id(Bmr007.w.14,664)..id(Bmr007.w.14,673)"/>
   </segment>
   <segment nite:id="Bmr007.segment.2,338" starttime="3253.684" endtime="3255.01" participant="fe016" timing-provenance="segment">
      <nite:child href="Bmr007.B.words.xml#id(Bmr007.pause.709)..id(Bmr007.disfmarker.635)"/>
   </segment>
   <segment nite:id="Bmr007.segment.2,339" starttime="3255.01" endtime="3255.634" participant="fe016" timing-provenance="segment">
      <nite:child href="Bmr007.B.words.xml#id(Bmr007.pause.710)..id(Bmr007.w.14,697)"/>
   </segment>
   <segment nite:id="Bmr007.segment.2,341" starttime="3255.39" endtime="3256.7" participant="fe016" timing-provenance="dialogueact">
      <nite:child href="Bmr007.B.words.xml#id(Bmr007.pause.711)..id(Bmr007.w.14,705)"/>
   </segment>
   <segment nite:id="Bmr007.segment.2,352" starttime="3265.54" endtime="3265.79" participant="fe016" timing-provenance="dialogueact">
      <nite:child href="Bmr007.B.words.xml#id(Bmr007.w.14,778)..id(Bmr007.w.14,779)"/>
   </segment>
   <segment nite:id="Bmr007.segment.2,354" starttime="3266.29" endtime="3266.83" participant="fe016" timing-provenance="dialogueact">
      <nite:child href="Bmr007.B.words.xml#id(Bmr007.w.14,784)..id(Bmr007.w.14,788)"/>
   </segment>
   <segment nite:id="Bmr007.segment.2,367" starttime="3288.87" endtime="3289.62" participant="fe016" timing-provenance="dialogueact">
      <nite:child href="Bmr007.B.words.xml#id(Bmr007.w.14,903)..id(Bmr007.w.14,909)"/>
   </segment>
   <segment nite:id="Bmr007.segment.2,369" starttime="3289.63" endtime="3290.192" participant="fe016" timing-provenance="segment">
      <nite:child href="Bmr007.B.words.xml#id(Bmr007.w.14,912)..id(Bmr007.comment.53)"/>
   </segment>
   <segment nite:id="Bmr007.segment.2,371" starttime="3291.31" endtime="3291.44" participant="fe016" timing-provenance="dialogueact">
      <nite:child href="Bmr007.B.words.xml#id(Bmr007.w.14,920)..id(Bmr007.w.14,921)"/>
   </segment>
   <segment nite:id="Bmr007.segment.2,377" starttime="3294.084" endtime="3296.299" participant="fe016" timing-provenance="segment">
      <nite:child href="Bmr007.B.words.xml#id(Bmr007.w.14,952)..id(Bmr007.comment.55)"/>
   </segment>
   <segment nite:id="Bmr007.segment.2,386" starttime="3301.12" endtime="3301.43" participant="fe016" timing-provenance="dialogueact">
      <nite:child href="Bmr007.B.words.xml#id(Bmr007.w.14,983)..id(Bmr007.w.14,984)"/>
   </segment>
   <segment nite:id="Bmr007.segment.2,398" starttime="3309.711" endtime="3313.351" participant="fe016" timing-provenance="segment">
      <nite:child href="Bmr007.B.words.xml#id(Bmr007.vocalsound.682)"/>
   </segment>
   <segment nite:id="Bmr007.segment.2,443" starttime="3392.89" endtime="3397.44" participant="fe016" digittask="true" timing-provenance="segment">
      <nite:child href="Bmr007.B.words.xml#id(Bmr007.vocalsound.684)..id(Bmr007.comment.101)"/>
   </segment>
   <segment nite:id="Bmr007.segment.2,444" starttime="3397.919" endtime="3398.888" participant="fe016" digittask="true" timing-provenance="segment">
      <nite:child href="Bmr007.B.words.xml#id(Bmr007.w.15,203)..id(Bmr007.comment.102)"/>
   </segment>
   <segment nite:id="Bmr007.segment.2,445" starttime="3399.057" endtime="3399.641" participant="fe016" digittask="true" timing-provenance="segment">
      <nite:child href="Bmr007.B.words.xml#id(Bmr007.w.15,207)..id(Bmr007.comment.103)"/>
   </segment>
   <segment nite:id="Bmr007.segment.2,446" starttime="3399.69" endtime="3400.213" participant="fe016" digittask="true" timing-provenance="segment">
      <nite:child href="Bmr007.B.words.xml#id(Bmr007.w.15,208)..id(Bmr007.comment.104)"/>
   </segment>
   <segment nite:id="Bmr007.segment.2,447" starttime="3400.257" endtime="3400.818" participant="fe016" digittask="true" timing-provenance="segment">
      <nite:child href="Bmr007.B.words.xml#id(Bmr007.w.15,209)..id(Bmr007.comment.105)"/>
   </segment>
   <segment nite:id="Bmr007.segment.2,448" starttime="3400.885" endtime="3402.224" participant="fe016" digittask="true" timing-provenance="segment">
      <nite:child href="Bmr007.B.words.xml#id(Bmr007.w.15,210)..id(Bmr007.comment.106)"/>
   </segment>
   <segment nite:id="Bmr007.segment.2,449" starttime="3402.434" endtime="3403.941" participant="fe016" digittask="true" timing-provenance="segment">
      <nite:child href="Bmr007.B.words.xml#id(Bmr007.w.15,215)..id(Bmr007.comment.107)"/>
   </segment>
   <segment nite:id="Bmr007.segment.2,450" starttime="3404.449" endtime="3405.799" participant="fe016" digittask="true" timing-provenance="segment">
      <nite:child href="Bmr007.B.words.xml#id(Bmr007.w.15,220)..id(Bmr007.comment.108)"/>
   </segment>
   <segment nite:id="Bmr007.segment.2,451" starttime="3405.918" endtime="3406.529" participant="fe016" digittask="true" timing-provenance="segment">
      <nite:child href="Bmr007.B.words.xml#id(Bmr007.w.15,225)..id(Bmr007.comment.109)"/>
   </segment>
   <segment nite:id="Bmr007.segment.2,452" starttime="3406.845" endtime="3408.094" participant="fe016" digittask="true" timing-provenance="segment">
      <nite:child href="Bmr007.B.words.xml#id(Bmr007.w.15,226)..id(Bmr007.comment.110)"/>
   </segment>
   <segment nite:id="Bmr007.segment.2,453" starttime="3408.137" endtime="3408.637" participant="fe016" digittask="true" timing-provenance="segment">
      <nite:child href="Bmr007.B.words.xml#id(Bmr007.w.15,231)..id(Bmr007.comment.111)"/>
   </segment>
   <segment nite:id="Bmr007.segment.2,454" starttime="3408.717" endtime="3409.844" participant="fe016" digittask="true" timing-provenance="segment">
      <nite:child href="Bmr007.B.words.xml#id(Bmr007.w.15,232)..id(Bmr007.comment.112)"/>
   </segment>
   <segment nite:id="Bmr007.segment.2,455" starttime="3410.143" endtime="3412.187" participant="fe016" digittask="true" timing-provenance="segment">
      <nite:child href="Bmr007.B.words.xml#id(Bmr007.w.15,236)..id(Bmr007.comment.113)"/>
   </segment>
   <segment nite:id="Bmr007.segment.2,456" starttime="3412.434" endtime="3413.834" participant="fe016" digittask="true" timing-provenance="segment">
      <nite:child href="Bmr007.B.words.xml#id(Bmr007.w.15,243)..id(Bmr007.comment.114)"/>
   </segment>
   <segment nite:id="Bmr007.segment.2,457" starttime="3414.012" endtime="3416.082" participant="fe016" digittask="true" timing-provenance="segment">
      <nite:child href="Bmr007.B.words.xml#id(Bmr007.w.15,247)..id(Bmr007.comment.115)"/>
   </segment>
   <segment nite:id="Bmr007.segment.2,458" starttime="3416.521" endtime="3418.451" participant="fe016" digittask="true" timing-provenance="segment">
      <nite:child href="Bmr007.B.words.xml#id(Bmr007.w.15,254)..id(Bmr007.comment.116)"/>
   </segment>
   <segment nite:id="Bmr007.segment.2,459" starttime="3418.451" endtime="3418.959" participant="fe016" digittask="true" timing-provenance="segment">
      <nite:child href="Bmr007.B.words.xml#id(Bmr007.w.15,261)..id(Bmr007.comment.117)"/>
   </segment>
   <segment nite:id="Bmr007.segment.2,460" starttime="3418.993" endtime="3420.828" participant="fe016" digittask="true" timing-provenance="segment">
      <nite:child href="Bmr007.B.words.xml#id(Bmr007.w.15,262)..id(Bmr007.comment.118)"/>
   </segment>
   <segment nite:id="Bmr007.segment.2,461" starttime="3421.189" endtime="3421.692" participant="fe016" digittask="true" timing-provenance="segment">
      <nite:child href="Bmr007.B.words.xml#id(Bmr007.w.15,269)..id(Bmr007.comment.119)"/>
   </segment>
   <segment nite:id="Bmr007.segment.2,462" starttime="3421.798" endtime="3422.89" participant="fe016" digittask="true" timing-provenance="segment">
      <nite:child href="Bmr007.B.words.xml#id(Bmr007.w.15,270)..id(Bmr007.comment.121)"/>
   </segment>
   <segment nite:id="Bmr007.segment.2,463" starttime="3422.93" endtime="3423.32" participant="fe016" timing-provenance="dialogueact">
      <nite:child href="Bmr007.B.words.xml#id(Bmr007.w.15,272)..id(Bmr007.w.15,275)"/>
   </segment>
   <segment nite:id="Bmr007.segment.2,464" starttime="3423.413" endtime="3424.516" participant="fe016" digittask="true" timing-provenance="segment">
      <nite:child href="Bmr007.B.words.xml#id(Bmr007.w.15,276)..id(Bmr007.comment.122)"/>
   </segment>
   <segment nite:id="Bmr007.segment.2,465" starttime="3425.086" endtime="3425.942" participant="fe016" digittask="true" timing-provenance="segment">
      <nite:child href="Bmr007.B.words.xml#id(Bmr007.w.15,280)..id(Bmr007.comment.123)"/>
   </segment>
</nite:root>