<?xml version="1.0" encoding="ISO-8859-1" standalone="yes"?>
<nite:root nite:id="Bmr007.G.segs" xmlns:nite="http://nite.sourceforge.net/">
   <segment nite:id="Bmr007.segment.423" starttime="637.034" endtime="638.289" participant="mn017" timing-provenance="segment">
      <nite:child href="Bmr007.G.words.xml#id(Bmr007.w.2,830)..id(Bmr007.disfmarker.112)"/>
   </segment>
   <segment nite:id="Bmr007.segment.466" starttime="730.905" endtime="731.517" participant="mn017" timing-provenance="segment">
      <nite:child href="Bmr007.G.words.xml#id(Bmr007.w.3,210)..id(Bmr007.disfmarker.144)"/>
   </segment>
   <segment nite:id="Bmr007.segment.469" starttime="734.339" endtime="737.509" participant="mn017" timing-provenance="dialogueact">
      <nite:child href="Bmr007.G.words.xml#id(Bmr007.w.3,218)..id(Bmr007.w.3,228)"/>
   </segment>
   <segment nite:id="Bmr007.segment.471" starttime="738.478" endtime="743.518" participant="mn017" timing-provenance="dialogueact">
      <nite:child href="Bmr007.G.words.xml#id(Bmr007.w.3,231)..id(Bmr007.w.3,245)"/>
   </segment>
   <segment nite:id="Bmr007.segment.493" starttime="777.749" endtime="778.849" participant="mn017" timing-provenance="dialogueact">
      <nite:child href="Bmr007.G.words.xml#id(Bmr007.w.3,352)..id(Bmr007.w.3,357)"/>
   </segment>
   <segment nite:id="Bmr007.segment.494" starttime="779.414" endtime="780.694" participant="mn017" timing-provenance="dialogueact">
      <nite:child href="Bmr007.G.words.xml#id(Bmr007.w.3,358)..id(Bmr007.w.3,359)"/>
   </segment>
   <segment nite:id="Bmr007.segment.495" starttime="780.735" endtime="782.008" participant="mn017" timing-provenance="segment">
      <nite:child href="Bmr007.G.words.xml#id(Bmr007.vocalsound.118)..id(Bmr007.pause.264)"/>
   </segment>
   <segment nite:id="Bmr007.segment.496" starttime="782.048" endtime="786.538" participant="mn017" timing-provenance="dialogueact">
      <nite:child href="Bmr007.G.words.xml#id(Bmr007.w.3,360)..id(Bmr007.w.3,376)"/>
   </segment>
   <segment nite:id="Bmr007.segment.537" starttime="854.944" endtime="855.224" participant="mn017" timing-provenance="dialogueact">
      <nite:child href="Bmr007.G.words.xml#id(Bmr007.w.3,692)..id(Bmr007.w.3,693)"/>
   </segment>
   <segment nite:id="Bmr007.segment.543" starttime="857.038" endtime="859.488" participant="mn017" timing-provenance="dialogueact">
      <nite:child href="Bmr007.G.words.xml#id(Bmr007.w.3,714)..id(Bmr007.w.3,726)"/>
   </segment>
   <segment nite:id="Bmr007.segment.548" starttime="859.693" endtime="860.96" participant="mn017" timing-provenance="segment">
      <nite:child href="Bmr007.G.words.xml#id(Bmr007.pause.284)..id(Bmr007.vocalsound.128)"/>
   </segment>
   <segment nite:id="Bmr007.segment.913" starttime="1348.26" endtime="1349.068" participant="mn017" timing-provenance="segment">
      <nite:child href="Bmr007.G.words.xml#id(Bmr007.vocalsound.213)"/>
   </segment>
   <segment nite:id="Bmr007.segment.914" starttime="1349.11" endtime="1351.46" participant="mn017" timing-provenance="dialogueact">
      <nite:child href="Bmr007.G.words.xml#id(Bmr007.w.6,115)..id(Bmr007.w.6,124)"/>
   </segment>
   <segment nite:id="Bmr007.segment.915" starttime="1352.47" endtime="1354.51" participant="mn017" timing-provenance="dialogueact">
      <nite:child href="Bmr007.G.words.xml#id(Bmr007.w.6,125)..id(Bmr007.w.6,132)"/>
   </segment>
   <segment nite:id="Bmr007.segment.916" starttime="1354.51" endtime="1358.37" participant="mn017" timing-provenance="dialogueact">
      <nite:child href="Bmr007.G.words.xml#id(Bmr007.pause.379)..id(Bmr007.w.6,147)"/>
   </segment>
   <segment nite:id="Bmr007.segment.917" starttime="1359.18" endtime="1362.082" participant="mn017" timing-provenance="segment">
      <nite:child href="Bmr007.G.words.xml#id(Bmr007.w.6,148)..id(Bmr007.disfmarker.240)"/>
   </segment>
   <segment nite:id="Bmr007.segment.918" starttime="1362.2" endtime="1363.28" participant="mn017" timing-provenance="dialogueact">
      <nite:child href="Bmr007.G.words.xml#id(Bmr007.w.6,159)..id(Bmr007.w.6,166)"/>
   </segment>
   <segment nite:id="Bmr007.segment.919" starttime="1363.472" endtime="1363.941" participant="mn017" timing-provenance="segment">
      <nite:child href="Bmr007.G.words.xml#id(Bmr007.vocalsound.214)..id(Bmr007.pause.380)"/>
   </segment>
   <segment nite:id="Bmr007.segment.921" starttime="1363.98" endtime="1364.48" participant="mn017" timing-provenance="dialogueact">
      <nite:child href="Bmr007.G.words.xml#id(Bmr007.w.6,175)..id(Bmr007.w.6,176)"/>
   </segment>
   <segment nite:id="Bmr007.segment.923" starttime="1366.07" endtime="1366.39" participant="mn017" timing-provenance="dialogueact">
      <nite:child href="Bmr007.G.words.xml#id(Bmr007.w.6,189)..id(Bmr007.w.6,190)"/>
   </segment>
   <segment nite:id="Bmr007.segment.928" starttime="1370.314" endtime="1370.651" participant="mn017" timing-provenance="segment">
      <nite:child href="Bmr007.G.words.xml#id(Bmr007.w.6,214)..id(Bmr007.disfmarker.243)"/>
   </segment>
   <segment nite:id="Bmr007.segment.929" starttime="1370.651" endtime="1374.23" participant="mn017" timing-provenance="segment">
      <nite:child href="Bmr007.G.words.xml#id(Bmr007.pause.382)..id(Bmr007.w.6,232)"/>
   </segment>
   <segment nite:id="Bmr007.segment.930" starttime="1374.83" endtime="1377.42" participant="mn017" timing-provenance="dialogueact">
      <nite:child href="Bmr007.G.words.xml#id(Bmr007.w.6,233)..id(Bmr007.w.6,248)"/>
   </segment>
   <segment nite:id="Bmr007.segment.940" starttime="1382.93" endtime="1383.35" participant="mn017" timing-provenance="dialogueact">
      <nite:child href="Bmr007.G.words.xml#id(Bmr007.w.6,283)..id(Bmr007.w.6,284)"/>
   </segment>
   <segment nite:id="Bmr007.segment.948" starttime="1386.955" endtime="1388.682" participant="mn017" timing-provenance="segment">
      <nite:child href="Bmr007.G.words.xml#id(Bmr007.w.6,309)..id(Bmr007.disfmarker.248)"/>
   </segment>
   <segment nite:id="Bmr007.segment.950" starttime="1388.682" endtime="1390.819" participant="mn017" timing-provenance="segment">
      <nite:child href="Bmr007.G.words.xml#id(Bmr007.pause.384)..id(Bmr007.w.6,325)"/>
   </segment>
   <segment nite:id="Bmr007.segment.951" starttime="1391.31" endtime="1394.76" participant="mn017" timing-provenance="dialogueact">
      <nite:child href="Bmr007.G.words.xml#id(Bmr007.w.6,326)..id(Bmr007.w.6,339)"/>
   </segment>
   <segment nite:id="Bmr007.segment.952" starttime="1394.76" endtime="1397.72" participant="mn017" timing-provenance="dialogueact">
      <nite:child href="Bmr007.G.words.xml#id(Bmr007.pause.385)..id(Bmr007.w.6,353)"/>
   </segment>
   <segment nite:id="Bmr007.segment.953" starttime="1397.76" endtime="1399.458" participant="mn017" timing-provenance="segment">
      <nite:child href="Bmr007.G.words.xml#id(Bmr007.vocalsound.222)..id(Bmr007.w.6,360)"/>
   </segment>
   <segment nite:id="Bmr007.segment.955" starttime="1399.458" endtime="1399.911" participant="mn017" timing-provenance="segment">
      <nite:child href="Bmr007.G.words.xml#id(Bmr007.vocalsound.223)"/>
   </segment>
   <segment nite:id="Bmr007.segment.956" starttime="1400.01" endtime="1401.27" participant="mn017" timing-provenance="dialogueact">
      <nite:child href="Bmr007.G.words.xml#id(Bmr007.w.6,368)..id(Bmr007.w.6,375)"/>
   </segment>
   <segment nite:id="Bmr007.segment.958" starttime="1402.464" endtime="1412.051" participant="mn017" timing-provenance="segment">
      <nite:child href="Bmr007.G.words.xml#id(Bmr007.nonvocalsound.3)"/>
   </segment>
   <segment nite:id="Bmr007.segment.989" starttime="1421.525" endtime="1422.974" participant="mn017" timing-provenance="segment">
      <nite:child href="Bmr007.G.words.xml#id(Bmr007.vocalsound.235)"/>
   </segment>
   <segment nite:id="Bmr007.segment.1,030" starttime="1479.442" endtime="1480.606" participant="mn017" timing-provenance="segment">
      <nite:child href="Bmr007.G.words.xml#id(Bmr007.w.6,742)..id(Bmr007.disfmarker.264)"/>
   </segment>
   <segment nite:id="Bmr007.segment.1,033" starttime="1483.89" endtime="1484.14" participant="mn017" timing-provenance="dialogueact">
      <nite:child href="Bmr007.G.words.xml#id(Bmr007.w.6,765)..id(Bmr007.w.6,766)"/>
   </segment>
   <segment nite:id="Bmr007.segment.1,036" starttime="1487.357" endtime="1491.172" participant="mn017" timing-provenance="segment">
      <nite:child href="Bmr007.G.words.xml#id(Bmr007.w.6,782)..id(Bmr007.vocalsound.243)"/>
   </segment>
   <segment nite:id="Bmr007.segment.1,038" starttime="1491.22" endtime="1493.68" participant="mn017" timing-provenance="dialogueact">
      <nite:child href="Bmr007.G.words.xml#id(Bmr007.w.6,799)..id(Bmr007.w.6,807)"/>
   </segment>
   <segment nite:id="Bmr007.segment.1,039" starttime="1493.727" endtime="1494.15" participant="mn017" timing-provenance="segment">
      <nite:child href="Bmr007.G.words.xml#id(Bmr007.vocalsound.244)..id(Bmr007.pause.405)"/>
   </segment>
   <segment nite:id="Bmr007.segment.1,040" starttime="1494.19" endtime="1495.41" participant="mn017" timing-provenance="dialogueact">
      <nite:child href="Bmr007.G.words.xml#id(Bmr007.w.6,808)..id(Bmr007.w.6,811)"/>
   </segment>
   <segment nite:id="Bmr007.segment.1,041" starttime="1495.504" endtime="1496.388" participant="mn017" timing-provenance="segment">
      <nite:child href="Bmr007.G.words.xml#id(Bmr007.vocalsound.245)"/>
   </segment>
   <segment nite:id="Bmr007.segment.1,042" starttime="1496.5" endtime="1497.86" participant="mn017" timing-provenance="dialogueact">
      <nite:child href="Bmr007.G.words.xml#id(Bmr007.w.6,812)..id(Bmr007.w.6,817)"/>
   </segment>
   <segment nite:id="Bmr007.segment.1,044" starttime="1498.229" endtime="1498.887" participant="mn017" timing-provenance="segment">
      <nite:child href="Bmr007.G.words.xml#id(Bmr007.w.6,818)..id(Bmr007.disfmarker.269)"/>
   </segment>
   <segment nite:id="Bmr007.segment.1,045" starttime="1498.887" endtime="1500.077" participant="mn017" timing-provenance="segment">
      <nite:child href="Bmr007.G.words.xml#id(Bmr007.vocalsound.247)..id(Bmr007.disfmarker.270)"/>
   </segment>
   <segment nite:id="Bmr007.segment.1,047" starttime="1500.3" endtime="1503.09" participant="mn017" timing-provenance="dialogueact">
      <nite:child href="Bmr007.G.words.xml#id(Bmr007.w.6,830)..id(Bmr007.w.6,842)"/>
   </segment>
   <segment nite:id="Bmr007.segment.1,052" starttime="1503.123" endtime="1503.417" participant="mn017" timing-provenance="segment">
      <nite:child href="Bmr007.G.words.xml#id(Bmr007.vocalsound.252)"/>
   </segment>
   <segment nite:id="Bmr007.segment.1,053" starttime="1503.48" endtime="1505.77" participant="mn017" timing-provenance="dialogueact">
      <nite:child href="Bmr007.G.words.xml#id(Bmr007.w.6,843)..id(Bmr007.w.6,853)"/>
   </segment>
   <segment nite:id="Bmr007.segment.1,055" starttime="1505.81" endtime="1506.494" participant="mn017" timing-provenance="segment">
      <nite:child href="Bmr007.G.words.xml#id(Bmr007.vocalsound.253)"/>
   </segment>
   <segment nite:id="Bmr007.segment.1,056" starttime="1506.55" endtime="1509.51" participant="mn017" timing-provenance="dialogueact">
      <nite:child href="Bmr007.G.words.xml#id(Bmr007.w.6,856)..id(Bmr007.w.6,870)"/>
   </segment>
   <segment nite:id="Bmr007.segment.1,069" starttime="1516.31" endtime="1516.79" participant="mn017" timing-provenance="dialogueact">
      <nite:child href="Bmr007.G.words.xml#id(Bmr007.w.6,919)..id(Bmr007.w.6,920)"/>
   </segment>
   <segment nite:id="Bmr007.segment.1,073" starttime="1520.01" endtime="1522.76" participant="mn017" timing-provenance="dialogueact">
      <nite:child href="Bmr007.G.words.xml#id(Bmr007.w.6,937)..id(Bmr007.w.6,949)"/>
   </segment>
   <segment nite:id="Bmr007.segment.1,075" starttime="1522.839" endtime="1523.373" participant="mn017" timing-provenance="segment">
      <nite:child href="Bmr007.G.words.xml#id(Bmr007.vocalsound.257)"/>
   </segment>
   <segment nite:id="Bmr007.segment.1,076" starttime="1523.41" endtime="1524.03" participant="mn017" timing-provenance="dialogueact">
      <nite:child href="Bmr007.G.words.xml#id(Bmr007.w.6,952)"/>
   </segment>
   <segment nite:id="Bmr007.segment.1,077" starttime="1524.38" endtime="1525.26" participant="mn017" timing-provenance="dialogueact">
      <nite:child href="Bmr007.G.words.xml#id(Bmr007.w.6,953)..id(Bmr007.w.6,955)"/>
   </segment>
   <segment nite:id="Bmr007.segment.1,078" starttime="1525.239" endtime="1528.62" participant="mn017" timing-provenance="segment">
      <nite:child href="Bmr007.G.words.xml#id(Bmr007.w.6,956)..id(Bmr007.vocalsound.258)"/>
   </segment>
   <segment nite:id="Bmr007.segment.1,079" starttime="1529.33" endtime="1531.34" participant="mn017" timing-provenance="dialogueact">
      <nite:child href="Bmr007.G.words.xml#id(Bmr007.w.6,972)..id(Bmr007.w.6,977)"/>
   </segment>
   <segment nite:id="Bmr007.segment.1,080" starttime="1531.38" endtime="1531.828" participant="mn017" timing-provenance="segment">
      <nite:child href="Bmr007.G.words.xml#id(Bmr007.vocalsound.259)"/>
   </segment>
   <segment nite:id="Bmr007.segment.1,081" starttime="1531.828" endtime="1534.411" participant="mn017" timing-provenance="segment">
      <nite:child href="Bmr007.G.words.xml#id(Bmr007.w.6,978)..id(Bmr007.disfmarker.277)"/>
   </segment>
   <segment nite:id="Bmr007.segment.1,083" starttime="1534.411" endtime="1534.943" participant="mn017" timing-provenance="segment">
      <nite:child href="Bmr007.G.words.xml#id(Bmr007.pause.416)..id(Bmr007.disfmarker.278)"/>
   </segment>
   <segment nite:id="Bmr007.segment.1,084" starttime="1534.943" endtime="1536.961" participant="mn017" timing-provenance="segment">
      <nite:child href="Bmr007.G.words.xml#id(Bmr007.pause.417)..id(Bmr007.w.7,006)"/>
   </segment>
   <segment nite:id="Bmr007.segment.1,085" starttime="1536.961" endtime="1538.029" participant="mn017" timing-provenance="segment">
      <nite:child href="Bmr007.G.words.xml#id(Bmr007.vocalsound.260)"/>
   </segment>
   <segment nite:id="Bmr007.segment.1,087" starttime="1538.07" endtime="1540.29" participant="mn017" timing-provenance="dialogueact">
      <nite:child href="Bmr007.G.words.xml#id(Bmr007.w.7,009)..id(Bmr007.w.7,019)"/>
   </segment>
   <segment nite:id="Bmr007.segment.1,088" starttime="1540.29" endtime="1542.66" participant="mn017" timing-provenance="dialogueact">
      <nite:child href="Bmr007.G.words.xml#id(Bmr007.pause.418)..id(Bmr007.w.7,031)"/>
   </segment>
   <segment nite:id="Bmr007.segment.1,090" starttime="1542.66" endtime="1544.5" participant="mn017" timing-provenance="dialogueact">
      <nite:child href="Bmr007.G.words.xml#id(Bmr007.pause.419)..id(Bmr007.w.7,039)"/>
   </segment>
   <segment nite:id="Bmr007.segment.1,104" starttime="1554.09" endtime="1554.46" participant="mn017" timing-provenance="dialogueact">
      <nite:child href="Bmr007.G.words.xml#id(Bmr007.w.7,075)..id(Bmr007.w.7,076)"/>
   </segment>
   <segment nite:id="Bmr007.segment.1,114" starttime="1561.191" endtime="1561.826" participant="mn017" timing-provenance="segment">
      <nite:child href="Bmr007.G.words.xml#id(Bmr007.vocalsound.271)"/>
   </segment>
   <segment nite:id="Bmr007.segment.1,120" starttime="1565.951" endtime="1567.608" participant="mn017" timing-provenance="segment">
      <nite:child href="Bmr007.G.words.xml#id(Bmr007.w.7,160)..id(Bmr007.vocalsound.275)"/>
   </segment>
   <segment nite:id="Bmr007.segment.1,123" starttime="1567.608" endtime="1568.14" participant="mn017" timing-provenance="segment">
      <nite:child href="Bmr007.G.words.xml#id(Bmr007.vocalsound.278)"/>
   </segment>
   <segment nite:id="Bmr007.segment.1,186" starttime="1655.731" endtime="1656.609" participant="mn017" timing-provenance="segment">
      <nite:child href="Bmr007.G.words.xml#id(Bmr007.vocalsound.294)"/>
   </segment>
   <segment nite:id="Bmr007.segment.1,187" starttime="1656.609" endtime="1659.48" participant="mn017" timing-provenance="segment">
      <nite:child href="Bmr007.G.words.xml#id(Bmr007.w.7,531)..id(Bmr007.disfmarker.303)"/>
   </segment>
   <segment nite:id="Bmr007.segment.1,188" starttime="1659.79" endtime="1664.23" participant="mn017" timing-provenance="dialogueact">
      <nite:child href="Bmr007.G.words.xml#id(Bmr007.w.7,543)..id(Bmr007.w.7,560)"/>
   </segment>
   <segment nite:id="Bmr007.segment.1,237" starttime="1740.453" endtime="1741.301" participant="mn017" timing-provenance="segment">
      <nite:child href="Bmr007.G.words.xml#id(Bmr007.vocalsound.305)"/>
   </segment>
   <segment nite:id="Bmr007.segment.1,240" starttime="1741.34" endtime="1742.27" participant="mn017" timing-provenance="dialogueact">
      <nite:child href="Bmr007.G.words.xml#id(Bmr007.w.7,903)..id(Bmr007.w.7,908)"/>
   </segment>
   <segment nite:id="Bmr007.segment.1,244" starttime="1746.248" endtime="1746.71" participant="mn017" timing-provenance="segment">
      <nite:child href="Bmr007.G.words.xml#id(Bmr007.w.7,932)..id(Bmr007.disfmarker.316)"/>
   </segment>
   <segment nite:id="Bmr007.segment.1,245" starttime="1747.228" endtime="1748.291" participant="mn017" timing-provenance="segment">
      <nite:child href="Bmr007.G.words.xml#id(Bmr007.w.7,934)..id(Bmr007.disfmarker.317)"/>
   </segment>
   <segment nite:id="Bmr007.segment.1,246" starttime="1749.97" endtime="1755.18" participant="mn017" timing-provenance="dialogueact">
      <nite:child href="Bmr007.G.words.xml#id(Bmr007.w.7,938)..id(Bmr007.w.7,960)"/>
   </segment>
   <segment nite:id="Bmr007.segment.1,247" starttime="1755.27" endtime="1755.76" participant="mn017" timing-provenance="segment">
      <nite:child href="Bmr007.G.words.xml#id(Bmr007.vocalsound.307)"/>
   </segment>
   <segment nite:id="Bmr007.segment.1,250" starttime="1756.331" endtime="1757.339" participant="mn017" timing-provenance="segment">
      <nite:child href="Bmr007.G.words.xml#id(Bmr007.w.7,973)..id(Bmr007.vocalsound.308)"/>
   </segment>
   <segment nite:id="Bmr007.segment.1,252" starttime="1758.21" endtime="1758.71" participant="mn017" timing-provenance="dialogueact">
      <nite:child href="Bmr007.G.words.xml#id(Bmr007.w.7,975)..id(Bmr007.w.7,976)"/>
   </segment>
   <segment nite:id="Bmr007.segment.1,253" starttime="1758.719" endtime="1759.65" participant="mn017" timing-provenance="segment">
      <nite:child href="Bmr007.G.words.xml#id(Bmr007.pause.454)..id(Bmr007.disfmarker.320)"/>
   </segment>
   <segment nite:id="Bmr007.segment.1,255" starttime="1760.58" endtime="1761.45" participant="mn017" timing-provenance="dialogueact">
      <nite:child href="Bmr007.G.words.xml#id(Bmr007.w.7,980)..id(Bmr007.w.7,982)"/>
   </segment>
   <segment nite:id="Bmr007.segment.1,256" starttime="1761.49" endtime="1762.66" participant="mn017" timing-provenance="segment">
      <nite:child href="Bmr007.G.words.xml#id(Bmr007.vocalsound.311)"/>
   </segment>
   <segment nite:id="Bmr007.segment.1,257" starttime="1762.7" endtime="1766.18" participant="mn017" timing-provenance="dialogueact">
      <nite:child href="Bmr007.G.words.xml#id(Bmr007.w.7,983)..id(Bmr007.w.7,991)"/>
   </segment>
   <segment nite:id="Bmr007.segment.1,258" starttime="1766.28" endtime="1766.87" participant="mn017" timing-provenance="dialogueact">
      <nite:child href="Bmr007.G.words.xml#id(Bmr007.w.7,992)"/>
   </segment>
   <segment nite:id="Bmr007.segment.1,259" starttime="1767.0" endtime="1768.21" participant="mn017" timing-provenance="dialogueact">
      <nite:child href="Bmr007.G.words.xml#id(Bmr007.w.7,993)..id(Bmr007.w.7,995)"/>
   </segment>
   <segment nite:id="Bmr007.segment.1,260" starttime="1769.21" endtime="1771.84" participant="mn017" timing-provenance="dialogueact">
      <nite:child href="Bmr007.G.words.xml#id(Bmr007.w.7,996)..id(Bmr007.w.8,009)"/>
   </segment>
   <segment nite:id="Bmr007.segment.1,261" starttime="1771.88" endtime="1772.992" participant="mn017" timing-provenance="segment">
      <nite:child href="Bmr007.G.words.xml#id(Bmr007.vocalsound.312)"/>
   </segment>
   <segment nite:id="Bmr007.segment.1,262" starttime="1772.992" endtime="1774.031" participant="mn017" timing-provenance="segment">
      <nite:child href="Bmr007.G.words.xml#id(Bmr007.w.8,010)..id(Bmr007.disfmarker.322)"/>
   </segment>
   <segment nite:id="Bmr007.segment.1,273" starttime="1781.789" endtime="1782.156" participant="mn017" timing-provenance="segment">
      <nite:child href="Bmr007.G.words.xml#id(Bmr007.vocalsound.313)"/>
   </segment>
   <segment nite:id="Bmr007.segment.1,275" starttime="1782.2" endtime="1782.62" participant="mn017" timing-provenance="dialogueact">
      <nite:child href="Bmr007.G.words.xml#id(Bmr007.w.8,074)..id(Bmr007.w.8,075)"/>
   </segment>
   <segment nite:id="Bmr007.segment.1,277" starttime="1783.91" endtime="1785.45" participant="mn017" timing-provenance="dialogueact">
      <nite:child href="Bmr007.G.words.xml#id(Bmr007.w.8,078)..id(Bmr007.w.8,084)"/>
   </segment>
   <segment nite:id="Bmr007.segment.1,279" starttime="1785.45" endtime="1786.02" participant="mn017" timing-provenance="dialogueact">
      <nite:child href="Bmr007.G.words.xml#id(Bmr007.w.8,085)..id(Bmr007.w.8,088)"/>
   </segment>
   <segment nite:id="Bmr007.segment.1,281" starttime="1786.33" endtime="1786.83" participant="mn017" timing-provenance="dialogueact">
      <nite:child href="Bmr007.G.words.xml#id(Bmr007.w.8,089)..id(Bmr007.w.8,091)"/>
   </segment>
   <segment nite:id="Bmr007.segment.1,282" starttime="1787.182" endtime="1788.386" participant="mn017" timing-provenance="segment">
      <nite:child href="Bmr007.G.words.xml#id(Bmr007.w.8,092)..id(Bmr007.disfmarker.324)"/>
   </segment>
   <segment nite:id="Bmr007.segment.1,285" starttime="1788.386" endtime="1789.898" participant="mn017" timing-provenance="segment">
      <nite:child href="Bmr007.G.words.xml#id(Bmr007.pause.462)..id(Bmr007.w.8,103)"/>
   </segment>
   <segment nite:id="Bmr007.segment.1,287" starttime="1789.78" endtime="1790.77" participant="mn017" timing-provenance="dialogueact">
      <nite:child href="Bmr007.G.words.xml#id(Bmr007.pause.463)..id(Bmr007.w.8,115)"/>
   </segment>
   <segment nite:id="Bmr007.segment.1,297" starttime="1806.32" endtime="1808.18" participant="mn017" timing-provenance="dialogueact">
      <nite:child href="Bmr007.G.words.xml#id(Bmr007.w.8,189)..id(Bmr007.w.8,197)"/>
   </segment>
   <segment nite:id="Bmr007.segment.1,302" starttime="1808.219" endtime="1808.598" participant="mn017" timing-provenance="segment">
      <nite:child href="Bmr007.G.words.xml#id(Bmr007.vocalsound.318)"/>
   </segment>
   <segment nite:id="Bmr007.segment.1,307" starttime="1810.519" endtime="1811.712" participant="mn017" timing-provenance="segment">
      <nite:child href="Bmr007.G.words.xml#id(Bmr007.vocalsound.322)"/>
   </segment>
   <segment nite:id="Bmr007.segment.1,336" starttime="1835.667" endtime="1838.77" participant="mn017" timing-provenance="segment">
      <nite:child href="Bmr007.G.words.xml#id(Bmr007.w.8,346)..id(Bmr007.disfmarker.336)"/>
   </segment>
   <segment nite:id="Bmr007.segment.1,343" starttime="1838.77" endtime="1839.581" participant="mn017" timing-provenance="segment">
      <nite:child href="Bmr007.G.words.xml#id(Bmr007.pause.471)..id(Bmr007.w.8,381)"/>
   </segment>
   <segment nite:id="Bmr007.segment.1,349" starttime="1841.78" endtime="1843.04" participant="mn017" timing-provenance="dialogueact">
      <nite:child href="Bmr007.G.words.xml#id(Bmr007.w.8,420)..id(Bmr007.w.8,426)"/>
   </segment>
   <segment nite:id="Bmr007.segment.1,359" starttime="1861.66" endtime="1861.98" participant="mn017" timing-provenance="dialogueact">
      <nite:child href="Bmr007.G.words.xml#id(Bmr007.w.8,496)..id(Bmr007.w.8,498)"/>
   </segment>
   <segment nite:id="Bmr007.segment.1,363" starttime="1862.582" endtime="1863.793" participant="mn017" timing-provenance="segment">
      <nite:child href="Bmr007.G.words.xml#id(Bmr007.w.8,505)..id(Bmr007.disfmarker.340)"/>
   </segment>
   <segment nite:id="Bmr007.segment.1,372" starttime="1868.544" endtime="1869.303" participant="mn017" timing-provenance="segment">
      <nite:child href="Bmr007.G.words.xml#id(Bmr007.vocalsound.338)"/>
   </segment>
   <segment nite:id="Bmr007.segment.1,378" starttime="1873.259" endtime="1874.67" participant="mn017" timing-provenance="segment">
      <nite:child href="Bmr007.G.words.xml#id(Bmr007.w.8,583)..id(Bmr007.disfmarker.342)"/>
   </segment>
   <segment nite:id="Bmr007.segment.1,381" starttime="1874.6" endtime="1875.57" participant="mn017" timing-provenance="dialogueact">
      <nite:child href="Bmr007.G.words.xml#id(Bmr007.w.8,607)..id(Bmr007.w.8,610)"/>
   </segment>
   <segment nite:id="Bmr007.segment.1,382" starttime="1875.57" endtime="1876.13" participant="mn017" timing-provenance="dialogueact">
      <nite:child href="Bmr007.G.words.xml#id(Bmr007.w.8,611)..id(Bmr007.pause.477)"/>
   </segment>
   <segment nite:id="Bmr007.segment.1,384" starttime="1876.049" endtime="1877.841" participant="mn017" timing-provenance="segment">
      <nite:child href="Bmr007.G.words.xml#id(Bmr007.w.8,615)..id(Bmr007.disfmarker.345)"/>
   </segment>
   <segment nite:id="Bmr007.segment.1,398" starttime="1885.61" endtime="1886.57" participant="mn017" timing-provenance="dialogueact">
      <nite:child href="Bmr007.G.words.xml#id(Bmr007.w.8,676)..id(Bmr007.w.8,680)"/>
   </segment>
   <segment nite:id="Bmr007.segment.1,401" starttime="1887.002" endtime="1888.332" participant="mn017" timing-provenance="segment">
      <nite:child href="Bmr007.G.words.xml#id(Bmr007.vocalsound.345)"/>
   </segment>
   <segment nite:id="Bmr007.segment.1,406" starttime="1889.81" endtime="1890.875" participant="mn017" timing-provenance="segment">
      <nite:child href="Bmr007.G.words.xml#id(Bmr007.w.8,712)..id(Bmr007.disfmarker.350)"/>
   </segment>
   <segment nite:id="Bmr007.segment.1,412" starttime="1892.78" endtime="1893.18" participant="mn017" timing-provenance="dialogueact">
      <nite:child href="Bmr007.G.words.xml#id(Bmr007.w.8,729)..id(Bmr007.w.8,730)"/>
   </segment>
   <segment nite:id="Bmr007.segment.1,414" starttime="1893.76" endtime="1895.63" participant="mn017" timing-provenance="dialogueact">
      <nite:child href="Bmr007.G.words.xml#id(Bmr007.w.8,736)..id(Bmr007.w.8,744)"/>
   </segment>
   <segment nite:id="Bmr007.segment.1,416" starttime="1895.689" endtime="1899.999" participant="mn017" timing-provenance="segment">
      <nite:child href="Bmr007.G.words.xml#id(Bmr007.vocalsound.350)"/>
   </segment>
   <segment nite:id="Bmr007.segment.1,429" starttime="1902.213" endtime="1902.55" participant="mn017" timing-provenance="segment">
      <nite:child href="Bmr007.G.words.xml#id(Bmr007.w.8,829)..id(Bmr007.disfmarker.356)"/>
   </segment>
   <segment nite:id="Bmr007.segment.1,430" starttime="1903.232" endtime="1903.507" participant="mn017" timing-provenance="segment">
      <nite:child href="Bmr007.G.words.xml#id(Bmr007.w.8,830)..id(Bmr007.disfmarker.357)"/>
   </segment>
   <segment nite:id="Bmr007.segment.1,436" starttime="1911.0" endtime="1911.29" participant="mn017" timing-provenance="dialogueact">
      <nite:child href="Bmr007.G.words.xml#id(Bmr007.w.8,852)..id(Bmr007.w.8,853)"/>
   </segment>
   <segment nite:id="Bmr007.segment.1,437" starttime="1911.72" endtime="1912.13" participant="mn017" timing-provenance="dialogueact">
      <nite:child href="Bmr007.G.words.xml#id(Bmr007.w.8,854)..id(Bmr007.w.8,855)"/>
   </segment>
   <segment nite:id="Bmr007.segment.1,438" starttime="1912.13" endtime="1913.34" participant="mn017" timing-provenance="dialogueact">
      <nite:child href="Bmr007.G.words.xml#id(Bmr007.w.8,856)..id(Bmr007.w.8,862)"/>
   </segment>
   <segment nite:id="Bmr007.segment.1,440" starttime="1913.404" endtime="1913.789" participant="mn017" timing-provenance="segment">
      <nite:child href="Bmr007.G.words.xml#id(Bmr007.vocalsound.358)"/>
   </segment>
   <segment nite:id="Bmr007.segment.1,443" starttime="1913.789" endtime="1920.341" participant="mn017" timing-provenance="segment">
      <nite:child href="Bmr007.G.words.xml#id(Bmr007.vocalsound.361)"/>
   </segment>
   <segment nite:id="Bmr007.segment.1,462" starttime="1932.99" endtime="1935.8" participant="mn017" timing-provenance="segment">
      <nite:child href="Bmr007.G.words.xml#id(Bmr007.w.8,960)..id(Bmr007.disfmarker.366)"/>
   </segment>
   <segment nite:id="Bmr007.segment.1,466" starttime="1935.8" endtime="1936.271" participant="mn017" timing-provenance="segment">
      <nite:child href="Bmr007.G.words.xml#id(Bmr007.vocalsound.372)"/>
   </segment>
   <segment nite:id="Bmr007.segment.1,467" starttime="1936.35" endtime="1936.68" participant="mn017" timing-provenance="dialogueact">
      <nite:child href="Bmr007.G.words.xml#id(Bmr007.w.8,991)..id(Bmr007.w.8,992)"/>
   </segment>
   <segment nite:id="Bmr007.segment.1,812" starttime="2638.379" endtime="2638.988" participant="mn017" timing-provenance="segment">
      <nite:child href="Bmr007.G.words.xml#id(Bmr007.w.11,585)..id(Bmr007.disfmarker.498)"/>
   </segment>
   <segment nite:id="Bmr007.segment.1,815" starttime="2639.49" endtime="2642.22" participant="mn017" timing-provenance="dialogueact">
      <nite:child href="Bmr007.G.words.xml#id(Bmr007.w.11,611)..id(Bmr007.pause.595)"/>
   </segment>
   <segment nite:id="Bmr007.segment.1,817" starttime="2642.194" endtime="2642.516" participant="mn017" timing-provenance="segment">
      <nite:child href="Bmr007.G.words.xml#id(Bmr007.w.11,616)..id(Bmr007.disfmarker.501)"/>
   </segment>
   <segment nite:id="Bmr007.segment.1,819" starttime="2644.469" endtime="2645.085" participant="mn017" timing-provenance="segment">
      <nite:child href="Bmr007.G.words.xml#id(Bmr007.w.11,622)..id(Bmr007.disfmarker.502)"/>
   </segment>
   <segment nite:id="Bmr007.segment.1,822" starttime="2646.37" endtime="2646.68" participant="mn017" timing-provenance="dialogueact">
      <nite:child href="Bmr007.G.words.xml#id(Bmr007.w.11,649)..id(Bmr007.w.11,650)"/>
   </segment>
   <segment nite:id="Bmr007.segment.1,823" starttime="2647.45" endtime="2647.856" participant="mn017" timing-provenance="segment">
      <nite:child href="Bmr007.G.words.xml#id(Bmr007.w.11,651)..id(Bmr007.disfmarker.503)"/>
   </segment>
   <segment nite:id="Bmr007.segment.1,825" starttime="2649.04" endtime="2651.97" participant="mn017" timing-provenance="dialogueact">
      <nite:child href="Bmr007.G.words.xml#id(Bmr007.w.11,654)..id(Bmr007.pause.597)"/>
   </segment>
   <segment nite:id="Bmr007.segment.1,826" starttime="2651.97" endtime="2655.12" participant="mn017" timing-provenance="dialogueact">
      <nite:child href="Bmr007.G.words.xml#id(Bmr007.w.11,667)..id(Bmr007.w.11,673)"/>
   </segment>
   <segment nite:id="Bmr007.segment.1,827" starttime="2655.12" endtime="2658.32" participant="mn017" timing-provenance="dialogueact">
      <nite:child href="Bmr007.G.words.xml#id(Bmr007.pause.601)..id(Bmr007.w.11,679)"/>
   </segment>
   <segment nite:id="Bmr007.segment.1,828" starttime="2658.429" endtime="2658.92" participant="mn017" timing-provenance="segment">
      <nite:child href="Bmr007.G.words.xml#id(Bmr007.vocalsound.497)"/>
   </segment>
   <segment nite:id="Bmr007.segment.1,829" starttime="2658.96" endtime="2662.01" participant="mn017" timing-provenance="dialogueact">
      <nite:child href="Bmr007.G.words.xml#id(Bmr007.w.11,680)..id(Bmr007.w.11,689)"/>
   </segment>
   <segment nite:id="Bmr007.segment.1,831" starttime="2662.048" endtime="2662.51" participant="mn017" timing-provenance="segment">
      <nite:child href="Bmr007.G.words.xml#id(Bmr007.vocalsound.498)"/>
   </segment>
   <segment nite:id="Bmr007.segment.1,832" starttime="2662.55" endtime="2666.51" participant="mn017" timing-provenance="dialogueact">
      <nite:child href="Bmr007.G.words.xml#id(Bmr007.w.11,692)..id(Bmr007.w.11,711)"/>
   </segment>
   <segment nite:id="Bmr007.segment.1,834" starttime="2666.51" endtime="2667.44" participant="mn017" timing-provenance="dialogueact">
      <nite:child href="Bmr007.G.words.xml#id(Bmr007.pause.606)..id(Bmr007.w.11,720)"/>
   </segment>
   <segment nite:id="Bmr007.segment.1,836" starttime="2667.489" endtime="2667.983" participant="mn017" timing-provenance="segment">
      <nite:child href="Bmr007.G.words.xml#id(Bmr007.vocalsound.499)"/>
   </segment>
   <segment nite:id="Bmr007.segment.1,837" starttime="2668.02" endtime="2668.49" participant="mn017" timing-provenance="dialogueact">
      <nite:child href="Bmr007.G.words.xml#id(Bmr007.w.11,723)..id(Bmr007.pause.607)"/>
   </segment>
   <segment nite:id="Bmr007.segment.1,838" starttime="2668.466" endtime="2669.665" participant="mn017" timing-provenance="segment">
      <nite:child href="Bmr007.G.words.xml#id(Bmr007.w.11,724)..id(Bmr007.disfmarker.504)"/>
   </segment>
   <segment nite:id="Bmr007.segment.1,839" starttime="2669.665" endtime="2670.993" participant="mn017" timing-provenance="segment">
      <nite:child href="Bmr007.G.words.xml#id(Bmr007.pause.608)..id(Bmr007.w.11,730)"/>
   </segment>
   <segment nite:id="Bmr007.segment.1,840" starttime="2671.1" endtime="2672.24" participant="mn017" timing-provenance="dialogueact">
      <nite:child href="Bmr007.G.words.xml#id(Bmr007.pause.610)..id(Bmr007.w.11,734)"/>
   </segment>
   <segment nite:id="Bmr007.segment.1,841" starttime="2672.24" endtime="2675.2" participant="mn017" timing-provenance="dialogueact">
      <nite:child href="Bmr007.G.words.xml#id(Bmr007.pause.611)..id(Bmr007.w.11,748)"/>
   </segment>
   <segment nite:id="Bmr007.segment.1,842" starttime="2675.244" endtime="2675.94" participant="mn017" timing-provenance="segment">
      <nite:child href="Bmr007.G.words.xml#id(Bmr007.vocalsound.500)"/>
   </segment>
   <segment nite:id="Bmr007.segment.1,843" starttime="2675.94" endtime="2677.153" participant="mn017" timing-provenance="segment">
      <nite:child href="Bmr007.G.words.xml#id(Bmr007.w.11,749)..id(Bmr007.disfmarker.505)"/>
   </segment>
   <segment nite:id="Bmr007.segment.1,844" starttime="2677.153" endtime="2678.27" participant="mn017" timing-provenance="segment">
      <nite:child href="Bmr007.G.words.xml#id(Bmr007.pause.613)..id(Bmr007.vocalsound.501)"/>
   </segment>
   <segment nite:id="Bmr007.segment.1,845" starttime="2678.31" endtime="2679.57" participant="mn017" timing-provenance="dialogueact">
      <nite:child href="Bmr007.G.words.xml#id(Bmr007.w.11,754)..id(Bmr007.w.11,760)"/>
   </segment>
   <segment nite:id="Bmr007.segment.1,846" starttime="2679.484" endtime="2680.621" participant="mn017" timing-provenance="segment">
      <nite:child href="Bmr007.G.words.xml#id(Bmr007.pause.614)..id(Bmr007.disfmarker.507)"/>
   </segment>
   <segment nite:id="Bmr007.segment.1,847" starttime="2680.621" endtime="2681.09" participant="mn017" timing-provenance="segment">
      <nite:child href="Bmr007.G.words.xml#id(Bmr007.vocalsound.502)"/>
   </segment>
   <segment nite:id="Bmr007.segment.1,848" starttime="2681.13" endtime="2682.06" participant="mn017" timing-provenance="dialogueact">
      <nite:child href="Bmr007.G.words.xml#id(Bmr007.w.11,763)..id(Bmr007.w.11,766)"/>
   </segment>
   <segment nite:id="Bmr007.segment.1,849" starttime="2682.6" endtime="2685.64" participant="mn017" timing-provenance="dialogueact">
      <nite:child href="Bmr007.G.words.xml#id(Bmr007.w.11,767)..id(Bmr007.w.11,776)"/>
   </segment>
   <segment nite:id="Bmr007.segment.1,852" starttime="2685.723" endtime="2686.257" participant="mn017" timing-provenance="segment">
      <nite:child href="Bmr007.G.words.xml#id(Bmr007.vocalsound.503)..id(Bmr007.pause.615)"/>
   </segment>
   <segment nite:id="Bmr007.segment.1,853" starttime="2686.3" endtime="2687.13" participant="mn017" timing-provenance="dialogueact">
      <nite:child href="Bmr007.G.words.xml#id(Bmr007.w.11,783)..id(Bmr007.w.11,785)"/>
   </segment>
   <segment nite:id="Bmr007.segment.1,854" starttime="2687.169" endtime="2687.654" participant="mn017" timing-provenance="segment">
      <nite:child href="Bmr007.G.words.xml#id(Bmr007.vocalsound.504)"/>
   </segment>
   <segment nite:id="Bmr007.segment.1,855" starttime="2687.654" endtime="2688.56" participant="mn017" timing-provenance="segment">
      <nite:child href="Bmr007.G.words.xml#id(Bmr007.w.11,786)..id(Bmr007.disfmarker.509)"/>
   </segment>
   <segment nite:id="Bmr007.segment.1,857" starttime="2689.847" endtime="2690.124" participant="mn017" timing-provenance="segment">
      <nite:child href="Bmr007.G.words.xml#id(Bmr007.vocalsound.505)"/>
   </segment>
   <segment nite:id="Bmr007.segment.1,858" starttime="2690.19" endtime="2691.7" participant="mn017" timing-provenance="dialogueact">
      <nite:child href="Bmr007.G.words.xml#id(Bmr007.w.11,795)..id(Bmr007.w.11,802)"/>
   </segment>
   <segment nite:id="Bmr007.segment.1,868" starttime="2700.69" endtime="2701.52" participant="mn017" timing-provenance="dialogueact">
      <nite:child href="Bmr007.G.words.xml#id(Bmr007.w.11,860)..id(Bmr007.w.11,861)"/>
   </segment>
   <segment nite:id="Bmr007.segment.1,872" starttime="2704.79" endtime="2705.42" participant="mn017" timing-provenance="dialogueact">
      <nite:child href="Bmr007.G.words.xml#id(Bmr007.w.11,886)..id(Bmr007.w.11,887)"/>
   </segment>
   <segment nite:id="Bmr007.segment.1,875" starttime="2707.59" endtime="2708.18" participant="mn017" timing-provenance="dialogueact">
      <nite:child href="Bmr007.G.words.xml#id(Bmr007.w.11,894)..id(Bmr007.w.11,897)"/>
   </segment>
   <segment nite:id="Bmr007.segment.1,878" starttime="2712.49" endtime="2713.0" participant="mn017" timing-provenance="dialogueact">
      <nite:child href="Bmr007.G.words.xml#id(Bmr007.w.11,922)..id(Bmr007.w.11,925)"/>
   </segment>
   <segment nite:id="Bmr007.segment.1,894" starttime="2739.66" endtime="2740.35" participant="mn017" timing-provenance="dialogueact">
      <nite:child href="Bmr007.G.words.xml#id(Bmr007.w.12,045)..id(Bmr007.w.12,051)"/>
   </segment>
   <segment nite:id="Bmr007.segment.1,896" starttime="2741.272" endtime="2743.033" participant="mn017" timing-provenance="segment">
      <nite:child href="Bmr007.G.words.xml#id(Bmr007.comment.42)"/>
   </segment>
</nite:root>