<?xml version="1.0" encoding="ISO-8859-1" standalone="yes"?>
<nite:root nite:id="Bmr007.A.segs" xmlns:nite="http://nite.sourceforge.net/">
   <segment nite:id="Bmr007.segment.12" starttime="4.728" endtime="5.178" participant="me018" timing-provenance="dialogueact">
      <nite:child href="Bmr007.A.words.xml#id(Bmr007.w.29)..id(Bmr007.w.32)"/>
   </segment>
   <segment nite:id="Bmr007.segment.14" starttime="5.258" endtime="6.178" participant="me018" timing-provenance="dialogueact">
      <nite:child href="Bmr007.A.words.xml#id(Bmr007.w.33)..id(Bmr007.w.37)"/>
   </segment>
   <segment nite:id="Bmr007.segment.20" starttime="6.178" endtime="7.848" participant="me018" timing-provenance="dialogueact">
      <nite:child href="Bmr007.A.words.xml#id(Bmr007.w.58)..id(Bmr007.w.61)"/>
   </segment>
   <segment nite:id="Bmr007.segment.25" starttime="12.332" endtime="13.962" participant="me018" timing-provenance="dialogueact">
      <nite:child href="Bmr007.A.words.xml#id(Bmr007.w.80)..id(Bmr007.w.93)"/>
   </segment>
   <segment nite:id="Bmr007.segment.74" starttime="80.44" endtime="81.58" participant="me018" timing-provenance="dialogueact">
      <nite:child href="Bmr007.A.words.xml#id(Bmr007.w.371)..id(Bmr007.w.381)"/>
   </segment>
   <segment nite:id="Bmr007.segment.76" starttime="84.715" endtime="84.925" participant="me018" timing-provenance="dialogueact">
      <nite:child href="Bmr007.A.words.xml#id(Bmr007.w.390)..id(Bmr007.w.391)"/>
   </segment>
   <segment nite:id="Bmr007.segment.87" starttime="100.59" endtime="102.35" participant="me018" timing-provenance="dialogueact">
      <nite:child href="Bmr007.A.words.xml#id(Bmr007.w.433)..id(Bmr007.w.442)"/>
   </segment>
   <segment nite:id="Bmr007.segment.90" starttime="106.269" endtime="106.679" participant="me018" timing-provenance="dialogueact">
      <nite:child href="Bmr007.A.words.xml#id(Bmr007.w.465)..id(Bmr007.w.468)"/>
   </segment>
   <segment nite:id="Bmr007.segment.126" starttime="171.154" endtime="171.704" participant="me018" timing-provenance="dialogueact">
      <nite:child href="Bmr007.A.words.xml#id(Bmr007.w.734)..id(Bmr007.w.736)"/>
   </segment>
   <segment nite:id="Bmr007.segment.159" starttime="232.233" endtime="232.871" participant="me018" timing-provenance="segment">
      <nite:child href="Bmr007.A.words.xml#id(Bmr007.vocalsound.33)"/>
   </segment>
   <segment nite:id="Bmr007.segment.195" starttime="282.53" endtime="283.191" participant="me018" timing-provenance="segment">
      <nite:child href="Bmr007.A.words.xml#id(Bmr007.vocalsound.41)"/>
   </segment>
   <segment nite:id="Bmr007.segment.232" starttime="358.4" endtime="359.11" participant="me018" timing-provenance="dialogueact">
      <nite:child href="Bmr007.A.words.xml#id(Bmr007.w.1,472)..id(Bmr007.w.1,473)"/>
   </segment>
   <segment nite:id="Bmr007.segment.271" starttime="419.104" endtime="419.883" participant="me018" timing-provenance="segment">
      <nite:child href="Bmr007.A.words.xml#id(Bmr007.vocalsound.54)"/>
   </segment>
   <segment nite:id="Bmr007.segment.274" starttime="420.164" endtime="424.186" participant="me018" timing-provenance="segment">
      <nite:child href="Bmr007.A.words.xml#id(Bmr007.vocalsound.57)"/>
   </segment>
   <segment nite:id="Bmr007.segment.290" starttime="427.532" endtime="428.712" participant="me018" timing-provenance="segment">
      <nite:child href="Bmr007.A.words.xml#id(Bmr007.vocalsound.64)"/>
   </segment>
   <segment nite:id="Bmr007.segment.293" starttime="428.952" endtime="430.092" participant="me018" timing-provenance="dialogueact">
      <nite:child href="Bmr007.A.words.xml#id(Bmr007.w.1,825)..id(Bmr007.w.1,831)"/>
   </segment>
   <segment nite:id="Bmr007.segment.298" starttime="430.226" endtime="431.467" participant="me018" timing-provenance="segment">
      <nite:child href="Bmr007.A.words.xml#id(Bmr007.vocalsound.69)"/>
   </segment>
   <segment nite:id="Bmr007.segment.310" starttime="447.979" endtime="449.547" participant="me018" timing-provenance="segment">
      <nite:child href="Bmr007.A.words.xml#id(Bmr007.vocalsound.73)"/>
   </segment>
   <segment nite:id="Bmr007.segment.333" starttime="494.558" endtime="496.728" participant="me018" timing-provenance="segment">
      <nite:child href="Bmr007.A.words.xml#id(Bmr007.vocalsound.81)"/>
   </segment>
   <segment nite:id="Bmr007.segment.362" starttime="538.901" endtime="540.147" participant="me018" timing-provenance="segment">
      <nite:child href="Bmr007.A.words.xml#id(Bmr007.vocalsound.90)"/>
   </segment>
   <segment nite:id="Bmr007.segment.390" starttime="604.568" endtime="605.794" participant="me018" timing-provenance="segment">
      <nite:child href="Bmr007.A.words.xml#id(Bmr007.vocalsound.98)"/>
   </segment>
   <segment nite:id="Bmr007.segment.410" starttime="625.327" endtime="626.489" participant="me018" timing-provenance="segment">
      <nite:child href="Bmr007.A.words.xml#id(Bmr007.w.2,737)..id(Bmr007.disfmarker.103)"/>
   </segment>
   <segment nite:id="Bmr007.segment.416" starttime="628.818" endtime="629.438" participant="me018" timing-provenance="dialogueact">
      <nite:child href="Bmr007.A.words.xml#id(Bmr007.w.2,770)..id(Bmr007.w.2,772)"/>
   </segment>
   <segment nite:id="Bmr007.segment.420" starttime="633.494" endtime="636.234" participant="me018" timing-provenance="dialogueact">
      <nite:child href="Bmr007.A.words.xml#id(Bmr007.w.2,796)..id(Bmr007.w.2,812)"/>
   </segment>
   <segment nite:id="Bmr007.segment.421" starttime="636.648" endtime="637.498" participant="me018" timing-provenance="segment">
      <nite:child href="Bmr007.A.words.xml#id(Bmr007.w.2,813)..id(Bmr007.disfmarker.110)"/>
   </segment>
   <segment nite:id="Bmr007.segment.426" starttime="638.137" endtime="638.527" participant="me018" timing-provenance="dialogueact">
      <nite:child href="Bmr007.A.words.xml#id(Bmr007.w.2,841)..id(Bmr007.w.2,842)"/>
   </segment>
   <segment nite:id="Bmr007.segment.442" starttime="673.854" endtime="674.154" participant="me018" timing-provenance="dialogueact">
      <nite:child href="Bmr007.A.words.xml#id(Bmr007.w.2,995)..id(Bmr007.w.2,998)"/>
   </segment>
   <segment nite:id="Bmr007.segment.456" starttime="696.943" endtime="697.283" participant="me018" timing-provenance="dialogueact">
      <nite:child href="Bmr007.A.words.xml#id(Bmr007.w.3,108)..id(Bmr007.w.3,111)"/>
   </segment>
   <segment nite:id="Bmr007.segment.461" starttime="725.542" endtime="725.872" participant="me018" timing-provenance="dialogueact">
      <nite:child href="Bmr007.A.words.xml#id(Bmr007.w.3,179)..id(Bmr007.w.3,182)"/>
   </segment>
   <segment nite:id="Bmr007.segment.503" starttime="798.871" endtime="799.312" participant="me018" timing-provenance="segment">
      <nite:child href="Bmr007.A.words.xml#id(Bmr007.vocalsound.122)"/>
   </segment>
   <segment nite:id="Bmr007.segment.563" starttime="884.555" endtime="887.689" participant="me018" timing-provenance="segment">
      <nite:child href="Bmr007.A.words.xml#id(Bmr007.vocalsound.132)"/>
   </segment>
   <segment nite:id="Bmr007.segment.766" starttime="1183.46" endtime="1183.7" participant="me018" timing-provenance="dialogueact">
      <nite:child href="Bmr007.A.words.xml#id(Bmr007.w.5,225)..id(Bmr007.w.5,227)"/>
   </segment>
   <segment nite:id="Bmr007.segment.767" starttime="1183.91" endtime="1184.78" participant="me018" timing-provenance="dialogueact">
      <nite:child href="Bmr007.A.words.xml#id(Bmr007.w.5,228)..id(Bmr007.w.5,232)"/>
   </segment>
   <segment nite:id="Bmr007.segment.858" starttime="1282.903" endtime="1283.385" participant="me018" timing-provenance="segment">
      <nite:child href="Bmr007.A.words.xml#id(Bmr007.vocalsound.197)"/>
   </segment>
   <segment nite:id="Bmr007.segment.859" starttime="1283.385" endtime="1283.861" participant="me018" timing-provenance="segment">
      <nite:child href="Bmr007.A.words.xml#id(Bmr007.w.5,794)..id(Bmr007.disfmarker.218)"/>
   </segment>
   <segment nite:id="Bmr007.segment.885" starttime="1315.912" endtime="1316.618" participant="me018" timing-provenance="segment">
      <nite:child href="Bmr007.A.words.xml#id(Bmr007.vocalsound.203)..id(Bmr007.vocalsound.204)"/>
   </segment>
   <segment nite:id="Bmr007.segment.888" starttime="1316.618" endtime="1316.952" participant="me018" timing-provenance="segment">
      <nite:child href="Bmr007.A.words.xml#id(Bmr007.w.5,982)..id(Bmr007.disfmarker.233)"/>
   </segment>
   <segment nite:id="Bmr007.segment.943" starttime="1383.615" endtime="1383.959" participant="me018" timing-provenance="segment">
      <nite:child href="Bmr007.A.words.xml#id(Bmr007.vocalsound.218)"/>
   </segment>
   <segment nite:id="Bmr007.segment.944" starttime="1385.032" endtime="1386.25" participant="me018" timing-provenance="segment">
      <nite:child href="Bmr007.A.words.xml#id(Bmr007.w.6,297)..id(Bmr007.disfmarker.245)"/>
   </segment>
   <segment nite:id="Bmr007.segment.960" starttime="1403.05" endtime="1404.8" participant="me018" timing-provenance="dialogueact">
      <nite:child href="Bmr007.A.words.xml#id(Bmr007.w.6,379)..id(Bmr007.w.6,387)"/>
   </segment>
   <segment nite:id="Bmr007.segment.961" starttime="1404.8" endtime="1406.02" participant="me018" timing-provenance="dialogueact">
      <nite:child href="Bmr007.A.words.xml#id(Bmr007.pause.386)..id(Bmr007.w.6,392)"/>
   </segment>
   <segment nite:id="Bmr007.segment.962" starttime="1406.67" endtime="1408.37" participant="me018" timing-provenance="dialogueact">
      <nite:child href="Bmr007.A.words.xml#id(Bmr007.w.6,393)..id(Bmr007.w.6,398)"/>
   </segment>
   <segment nite:id="Bmr007.segment.964" starttime="1408.37" endtime="1409.53" participant="me018" timing-provenance="dialogueact">
      <nite:child href="Bmr007.A.words.xml#id(Bmr007.pause.388)..id(Bmr007.w.6,417)"/>
   </segment>
   <segment nite:id="Bmr007.segment.965" starttime="1409.64" endtime="1410.838" participant="me018" timing-provenance="segment">
      <nite:child href="Bmr007.A.words.xml#id(Bmr007.pause.389)..id(Bmr007.disfmarker.253)"/>
   </segment>
   <segment nite:id="Bmr007.segment.966" starttime="1410.838" endtime="1412.413" participant="me018" timing-provenance="segment">
      <nite:child href="Bmr007.A.words.xml#id(Bmr007.pause.390)..id(Bmr007.w.6,427)"/>
   </segment>
   <segment nite:id="Bmr007.segment.972" starttime="1413.24" endtime="1414.76" participant="me018" timing-provenance="dialogueact">
      <nite:child href="Bmr007.A.words.xml#id(Bmr007.w.6,443)..id(Bmr007.w.6,450)"/>
   </segment>
   <segment nite:id="Bmr007.segment.975" starttime="1415.37" endtime="1416.19" participant="me018" timing-provenance="dialogueact">
      <nite:child href="Bmr007.A.words.xml#id(Bmr007.w.6,451)..id(Bmr007.w.6,456)"/>
   </segment>
   <segment nite:id="Bmr007.segment.977" starttime="1416.19" endtime="1418.04" participant="me018" timing-provenance="dialogueact">
      <nite:child href="Bmr007.A.words.xml#id(Bmr007.w.6,459)..id(Bmr007.w.6,468)"/>
   </segment>
   <segment nite:id="Bmr007.segment.981" starttime="1418.271" endtime="1420.323" participant="me018" timing-provenance="segment">
      <nite:child href="Bmr007.A.words.xml#id(Bmr007.vocalsound.229)"/>
   </segment>
   <segment nite:id="Bmr007.segment.988" starttime="1421.339" endtime="1422.957" participant="me018" timing-provenance="segment">
      <nite:child href="Bmr007.A.words.xml#id(Bmr007.vocalsound.234)"/>
   </segment>
   <segment nite:id="Bmr007.segment.994" starttime="1422.97" endtime="1423.76" participant="me018" timing-provenance="dialogueact">
      <nite:child href="Bmr007.A.words.xml#id(Bmr007.w.6,483)..id(Bmr007.w.6,491)"/>
   </segment>
   <segment nite:id="Bmr007.segment.995" starttime="1423.798" endtime="1424.275" participant="me018" timing-provenance="segment">
      <nite:child href="Bmr007.A.words.xml#id(Bmr007.vocalsound.240)"/>
   </segment>
   <segment nite:id="Bmr007.segment.996" starttime="1424.32" endtime="1425.12" participant="me018" timing-provenance="dialogueact">
      <nite:child href="Bmr007.A.words.xml#id(Bmr007.w.6,492)..id(Bmr007.pause.391)"/>
   </segment>
   <segment nite:id="Bmr007.segment.997" starttime="1424.972" endtime="1427.97" participant="me018" timing-provenance="segment">
      <nite:child href="Bmr007.A.words.xml#id(Bmr007.w.6,493)..id(Bmr007.disfmarker.257)"/>
   </segment>
   <segment nite:id="Bmr007.segment.999" starttime="1427.97" endtime="1429.176" participant="me018" timing-provenance="segment">
      <nite:child href="Bmr007.A.words.xml#id(Bmr007.w.6,508)..id(Bmr007.disfmarker.258)"/>
   </segment>
   <segment nite:id="Bmr007.segment.1,000" starttime="1429.19" endtime="1431.91" participant="me018" timing-provenance="dialogueact">
      <nite:child href="Bmr007.A.words.xml#id(Bmr007.w.6,514)..id(Bmr007.w.6,528)"/>
   </segment>
   <segment nite:id="Bmr007.segment.1,001" starttime="1431.865" endtime="1435.873" participant="me018" timing-provenance="segment">
      <nite:child href="Bmr007.A.words.xml#id(Bmr007.pause.392)..id(Bmr007.disfmarker.259)"/>
   </segment>
   <segment nite:id="Bmr007.segment.1,002" starttime="1436.43" endtime="1440.05" participant="me018" timing-provenance="dialogueact">
      <nite:child href="Bmr007.A.words.xml#id(Bmr007.w.6,545)..id(Bmr007.pause.393)"/>
   </segment>
   <segment nite:id="Bmr007.segment.1,003" starttime="1439.987" endtime="1441.74" participant="me018" timing-provenance="segment">
      <nite:child href="Bmr007.A.words.xml#id(Bmr007.w.6,563)..id(Bmr007.disfmarker.260)"/>
   </segment>
   <segment nite:id="Bmr007.segment.1,004" starttime="1442.05" endtime="1442.11" participant="me018" timing-provenance="dialogueact">
      <nite:child href="Bmr007.A.words.xml#id(Bmr007.w.6,576)"/>
   </segment>
   <segment nite:id="Bmr007.segment.1,005" starttime="1442.48" endtime="1444.14" participant="me018" timing-provenance="dialogueact">
      <nite:child href="Bmr007.A.words.xml#id(Bmr007.w.6,577)..id(Bmr007.w.6,585)"/>
   </segment>
   <segment nite:id="Bmr007.segment.1,006" starttime="1444.39" endtime="1445.05" participant="me018" timing-provenance="dialogueact">
      <nite:child href="Bmr007.A.words.xml#id(Bmr007.w.6,586)..id(Bmr007.w.6,590)"/>
   </segment>
   <segment nite:id="Bmr007.segment.1,018" starttime="1462.88" endtime="1463.65" participant="me018" timing-provenance="dialogueact">
      <nite:child href="Bmr007.A.words.xml#id(Bmr007.w.6,659)..id(Bmr007.w.6,660)"/>
   </segment>
   <segment nite:id="Bmr007.segment.1,019" starttime="1465.38" endtime="1465.77" participant="me018" timing-provenance="dialogueact">
      <nite:child href="Bmr007.A.words.xml#id(Bmr007.w.6,661)..id(Bmr007.w.6,664)"/>
   </segment>
   <segment nite:id="Bmr007.segment.1,022" starttime="1468.12" endtime="1469.71" participant="me018" timing-provenance="dialogueact">
      <nite:child href="Bmr007.A.words.xml#id(Bmr007.w.6,674)..id(Bmr007.w.6,681)"/>
   </segment>
   <segment nite:id="Bmr007.segment.1,026" starttime="1473.75" endtime="1475.22" participant="me018" timing-provenance="dialogueact">
      <nite:child href="Bmr007.A.words.xml#id(Bmr007.w.6,715)..id(Bmr007.w.6,724)"/>
   </segment>
   <segment nite:id="Bmr007.segment.1,027" starttime="1475.74" endtime="1476.46" participant="me018" timing-provenance="dialogueact">
      <nite:child href="Bmr007.A.words.xml#id(Bmr007.w.6,725)..id(Bmr007.w.6,727)"/>
   </segment>
   <segment nite:id="Bmr007.segment.1,051" starttime="1502.694" endtime="1505.343" participant="me018" timing-provenance="segment">
      <nite:child href="Bmr007.A.words.xml#id(Bmr007.vocalsound.251)"/>
   </segment>
   <segment nite:id="Bmr007.segment.1,058" starttime="1509.04" endtime="1510.0" participant="me018" timing-provenance="dialogueact">
      <nite:child href="Bmr007.A.words.xml#id(Bmr007.w.6,871)..id(Bmr007.w.6,873)"/>
   </segment>
   <segment nite:id="Bmr007.segment.1,106" starttime="1555.26" endtime="1556.94" participant="me018" timing-provenance="dialogueact">
      <nite:child href="Bmr007.A.words.xml#id(Bmr007.w.7,085)..id(Bmr007.w.7,093)"/>
   </segment>
   <segment nite:id="Bmr007.segment.1,108" starttime="1557.67" endtime="1558.216" participant="me018" timing-provenance="segment">
      <nite:child href="Bmr007.A.words.xml#id(Bmr007.w.7,105)..id(Bmr007.disfmarker.286)"/>
   </segment>
   <segment nite:id="Bmr007.segment.1,111" starttime="1560.104" endtime="1564.237" participant="me018" timing-provenance="segment">
      <nite:child href="Bmr007.A.words.xml#id(Bmr007.vocalsound.269)"/>
   </segment>
   <segment nite:id="Bmr007.segment.1,122" starttime="1567.291" endtime="1568.321" participant="me018" timing-provenance="segment">
      <nite:child href="Bmr007.A.words.xml#id(Bmr007.vocalsound.277)"/>
   </segment>
   <segment nite:id="Bmr007.segment.1,306" starttime="1810.186" endtime="1813.635" participant="me018" timing-provenance="segment">
      <nite:child href="Bmr007.A.words.xml#id(Bmr007.vocalsound.321)"/>
   </segment>
   <segment nite:id="Bmr007.segment.1,331" starttime="1831.75" endtime="1833.18" participant="me018" timing-provenance="dialogueact">
      <nite:child href="Bmr007.A.words.xml#id(Bmr007.w.8,313)..id(Bmr007.w.8,325)"/>
   </segment>
   <segment nite:id="Bmr007.segment.1,351" starttime="1847.55" endtime="1849.61" participant="me018" timing-provenance="dialogueact">
      <nite:child href="Bmr007.A.words.xml#id(Bmr007.w.8,434)..id(Bmr007.w.8,445)"/>
   </segment>
   <segment nite:id="Bmr007.segment.1,354" starttime="1851.87" endtime="1852.09" participant="me018" timing-provenance="dialogueact">
      <nite:child href="Bmr007.A.words.xml#id(Bmr007.w.8,456)..id(Bmr007.w.8,457)"/>
   </segment>
   <segment nite:id="Bmr007.segment.1,357" starttime="1858.2" endtime="1858.83" participant="me018" timing-provenance="dialogueact">
      <nite:child href="Bmr007.A.words.xml#id(Bmr007.w.8,484)..id(Bmr007.w.8,485)"/>
   </segment>
   <segment nite:id="Bmr007.segment.1,368" starttime="1865.46" endtime="1866.36" participant="me018" timing-provenance="dialogueact">
      <nite:child href="Bmr007.A.words.xml#id(Bmr007.w.8,538)..id(Bmr007.w.8,545)"/>
   </segment>
   <segment nite:id="Bmr007.segment.1,370" starttime="1866.71" endtime="1869.1" participant="me018" timing-provenance="dialogueact">
      <nite:child href="Bmr007.A.words.xml#id(Bmr007.w.8,548)..id(Bmr007.w.8,556)"/>
   </segment>
   <segment nite:id="Bmr007.segment.1,392" starttime="1880.022" endtime="1881.919" participant="me018" timing-provenance="segment">
      <nite:child href="Bmr007.A.words.xml#id(Bmr007.vocalsound.343)"/>
   </segment>
   <segment nite:id="Bmr007.segment.1,394" starttime="1881.96" endtime="1882.81" participant="me018" timing-provenance="dialogueact">
      <nite:child href="Bmr007.A.words.xml#id(Bmr007.w.8,658)..id(Bmr007.w.8,662)"/>
   </segment>
   <segment nite:id="Bmr007.segment.1,395" starttime="1882.847" endtime="1884.162" participant="me018" timing-provenance="segment">
      <nite:child href="Bmr007.A.words.xml#id(Bmr007.vocalsound.344)"/>
   </segment>
   <segment nite:id="Bmr007.segment.1,407" starttime="1891.098" endtime="1892.247" participant="me018" timing-provenance="segment">
      <nite:child href="Bmr007.A.words.xml#id(Bmr007.w.8,716)..id(Bmr007.comment.36)"/>
   </segment>
   <segment nite:id="Bmr007.segment.1,419" starttime="1896.124" endtime="1896.806" participant="me018" timing-provenance="segment">
      <nite:child href="Bmr007.A.words.xml#id(Bmr007.vocalsound.353)"/>
   </segment>
   <segment nite:id="Bmr007.segment.1,422" starttime="1897.353" endtime="1899.654" participant="me018" timing-provenance="segment">
      <nite:child href="Bmr007.A.words.xml#id(Bmr007.vocalsound.355)"/>
   </segment>
   <segment nite:id="Bmr007.segment.1,426" starttime="1899.654" endtime="1900.831" participant="me018" timing-provenance="segment">
      <nite:child href="Bmr007.A.words.xml#id(Bmr007.vocalsound.356)"/>
   </segment>
   <segment nite:id="Bmr007.segment.1,442" starttime="1913.721" endtime="1915.673" participant="me018" timing-provenance="segment">
      <nite:child href="Bmr007.A.words.xml#id(Bmr007.vocalsound.360)"/>
   </segment>
   <segment nite:id="Bmr007.segment.1,448" starttime="1916.891" endtime="1918.096" participant="me018" timing-provenance="segment">
      <nite:child href="Bmr007.A.words.xml#id(Bmr007.vocalsound.363)"/>
   </segment>
   <segment nite:id="Bmr007.segment.1,449" starttime="1918.096" endtime="1918.609" participant="me018" timing-provenance="segment">
      <nite:child href="Bmr007.A.words.xml#id(Bmr007.w.8,889)..id(Bmr007.comment.38)"/>
   </segment>
   <segment nite:id="Bmr007.segment.1,451" starttime="1918.609" endtime="1920.213" participant="me018" timing-provenance="segment">
      <nite:child href="Bmr007.A.words.xml#id(Bmr007.vocalsound.364)"/>
   </segment>
   <segment nite:id="Bmr007.segment.1,498" starttime="1982.78" endtime="1983.6" participant="me018" timing-provenance="dialogueact">
      <nite:child href="Bmr007.A.words.xml#id(Bmr007.w.9,192)..id(Bmr007.w.9,198)"/>
   </segment>
   <segment nite:id="Bmr007.segment.1,500" starttime="1984.75" endtime="1984.95" participant="me018" timing-provenance="dialogueact">
      <nite:child href="Bmr007.A.words.xml#id(Bmr007.w.9,210)..id(Bmr007.w.9,211)"/>
   </segment>
   <segment nite:id="Bmr007.segment.1,501" starttime="1985.296" endtime="1986.39" participant="me018" timing-provenance="segment">
      <nite:child href="Bmr007.A.words.xml#id(Bmr007.w.9,212)..id(Bmr007.disfmarker.369)"/>
   </segment>
   <segment nite:id="Bmr007.segment.1,503" starttime="1987.72" endtime="1988.01" participant="me018" timing-provenance="dialogueact">
      <nite:child href="Bmr007.A.words.xml#id(Bmr007.w.9,224)..id(Bmr007.w.9,225)"/>
   </segment>
   <segment nite:id="Bmr007.segment.1,508" starttime="1993.41" endtime="1993.76" participant="me018" timing-provenance="dialogueact">
      <nite:child href="Bmr007.A.words.xml#id(Bmr007.w.9,243)..id(Bmr007.w.9,246)"/>
   </segment>
   <segment nite:id="Bmr007.segment.1,511" starttime="1998.15" endtime="1999.66" participant="me018" timing-provenance="dialogueact">
      <nite:child href="Bmr007.A.words.xml#id(Bmr007.w.9,263)..id(Bmr007.w.9,270)"/>
   </segment>
   <segment nite:id="Bmr007.segment.1,514" starttime="2001.54" endtime="2002.32" participant="me018" timing-provenance="dialogueact">
      <nite:child href="Bmr007.A.words.xml#id(Bmr007.w.9,277)..id(Bmr007.w.9,281)"/>
   </segment>
   <segment nite:id="Bmr007.segment.1,516" starttime="2002.71" endtime="2002.9" participant="me018" timing-provenance="dialogueact">
      <nite:child href="Bmr007.A.words.xml#id(Bmr007.w.9,284)..id(Bmr007.w.9,285)"/>
   </segment>
   <segment nite:id="Bmr007.segment.1,517" starttime="2003.07" endtime="2003.23" participant="me018" timing-provenance="dialogueact">
      <nite:child href="Bmr007.A.words.xml#id(Bmr007.w.9,286)..id(Bmr007.w.9,287)"/>
   </segment>
   <segment nite:id="Bmr007.segment.1,543" starttime="2047.82" endtime="2051.2" participant="me018" timing-provenance="dialogueact">
      <nite:child href="Bmr007.A.words.xml#id(Bmr007.w.9,461)..id(Bmr007.w.9,473)"/>
   </segment>
   <segment nite:id="Bmr007.segment.1,574" starttime="2112.74" endtime="2113.49" participant="me018" timing-provenance="dialogueact">
      <nite:child href="Bmr007.A.words.xml#id(Bmr007.w.9,674)..id(Bmr007.w.9,679)"/>
   </segment>
   <segment nite:id="Bmr007.segment.1,576" starttime="2114.82" endtime="2115.23" participant="me018" timing-provenance="dialogueact">
      <nite:child href="Bmr007.A.words.xml#id(Bmr007.w.9,691)..id(Bmr007.w.9,692)"/>
   </segment>
   <segment nite:id="Bmr007.segment.1,632" starttime="2231.26" endtime="2232.77" participant="me018" timing-provenance="dialogueact">
      <nite:child href="Bmr007.A.words.xml#id(Bmr007.w.10,098)..id(Bmr007.w.10,106)"/>
   </segment>
   <segment nite:id="Bmr007.segment.1,753" starttime="2546.5" endtime="2546.89" participant="me018" timing-provenance="dialogueact">
      <nite:child href="Bmr007.A.words.xml#id(Bmr007.w.11,147)..id(Bmr007.w.11,150)"/>
   </segment>
   <segment nite:id="Bmr007.segment.1,813" starttime="2638.5" endtime="2639.24" participant="me018" timing-provenance="dialogueact">
      <nite:child href="Bmr007.A.words.xml#id(Bmr007.w.11,586)..id(Bmr007.w.11,589)"/>
   </segment>
   <segment nite:id="Bmr007.segment.1,818" starttime="2643.52" endtime="2644.79" participant="me018" timing-provenance="dialogueact">
      <nite:child href="Bmr007.A.words.xml#id(Bmr007.w.11,617)..id(Bmr007.w.11,621)"/>
   </segment>
   <segment nite:id="Bmr007.segment.1,820" starttime="2644.95" endtime="2645.08" participant="me018" timing-provenance="dialogueact">
      <nite:child href="Bmr007.A.words.xml#id(Bmr007.w.11,623)..id(Bmr007.w.11,624)"/>
   </segment>
   <segment nite:id="Bmr007.segment.1,902" starttime="2749.53" endtime="2750.54" participant="me018" timing-provenance="dialogueact">
      <nite:child href="Bmr007.A.words.xml#id(Bmr007.w.12,106)..id(Bmr007.w.12,114)"/>
   </segment>
   <segment nite:id="Bmr007.segment.1,904" starttime="2750.62" endtime="2750.82" participant="me018" timing-provenance="dialogueact">
      <nite:child href="Bmr007.A.words.xml#id(Bmr007.w.12,118)..id(Bmr007.w.12,119)"/>
   </segment>
   <segment nite:id="Bmr007.segment.1,941" starttime="2832.258" endtime="2836.849" participant="me018" timing-provenance="segment">
      <nite:child href="Bmr007.A.words.xml#id(Bmr007.vocalsound.528)"/>
   </segment>
   <segment nite:id="Bmr007.segment.1,969" starttime="2848.67" endtime="2852.7" participant="me018" timing-provenance="dialogueact">
      <nite:child href="Bmr007.A.words.xml#id(Bmr007.w.12,541)..id(Bmr007.w.12,565)"/>
   </segment>
   <segment nite:id="Bmr007.segment.1,970" starttime="2852.74" endtime="2853.21" participant="me018" timing-provenance="segment">
      <nite:child href="Bmr007.A.words.xml#id(Bmr007.vocalsound.544)"/>
   </segment>
   <segment nite:id="Bmr007.segment.1,971" starttime="2853.25" endtime="2854.95" participant="me018" timing-provenance="dialogueact">
      <nite:child href="Bmr007.A.words.xml#id(Bmr007.w.12,566)..id(Bmr007.w.12,572)"/>
   </segment>
   <segment nite:id="Bmr007.segment.1,974" starttime="2855.34" endtime="2856.58" participant="me018" timing-provenance="dialogueact">
      <nite:child href="Bmr007.A.words.xml#id(Bmr007.w.12,583)..id(Bmr007.pause.638)"/>
   </segment>
   <segment nite:id="Bmr007.segment.1,978" starttime="2856.503" endtime="2857.513" participant="me018" timing-provenance="segment">
      <nite:child href="Bmr007.A.words.xml#id(Bmr007.w.12,594)..id(Bmr007.disfmarker.549)"/>
   </segment>
   <segment nite:id="Bmr007.segment.1,982" starttime="2864.5" endtime="2867.58" participant="me018" timing-provenance="segment">
      <nite:child href="Bmr007.A.words.xml#id(Bmr007.vocalsound.545)"/>
   </segment>
   <segment nite:id="Bmr007.segment.2,027" starttime="2909.993" endtime="2911.61" participant="me018" timing-provenance="segment">
      <nite:child href="Bmr007.A.words.xml#id(Bmr007.vocalsound.554)"/>
   </segment>
   <segment nite:id="Bmr007.segment.2,040" starttime="2917.5" endtime="2918.13" participant="me018" timing-provenance="dialogueact">
      <nite:child href="Bmr007.A.words.xml#id(Bmr007.w.12,942)..id(Bmr007.w.12,946)"/>
   </segment>
   <segment nite:id="Bmr007.segment.2,050" starttime="2925.665" endtime="2927.125" participant="me018" timing-provenance="segment">
      <nite:child href="Bmr007.A.words.xml#id(Bmr007.vocalsound.569)"/>
   </segment>
   <segment nite:id="Bmr007.segment.2,096" starttime="2991.062" endtime="2992.028" participant="me018" timing-provenance="segment">
      <nite:child href="Bmr007.A.words.xml#id(Bmr007.vocalsound.586)"/>
   </segment>
   <segment nite:id="Bmr007.segment.2,145" starttime="3053.55" endtime="3054.27" participant="me018" timing-provenance="dialogueact">
      <nite:child href="Bmr007.A.words.xml#id(Bmr007.w.13,516)..id(Bmr007.w.13,518)"/>
   </segment>
   <segment nite:id="Bmr007.segment.2,152" starttime="3056.237" endtime="3057.28" participant="me018" timing-provenance="segment">
      <nite:child href="Bmr007.A.words.xml#id(Bmr007.vocalsound.607)"/>
   </segment>
   <segment nite:id="Bmr007.segment.2,169" starttime="3071.898" endtime="3074.432" participant="me018" timing-provenance="segment">
      <nite:child href="Bmr007.A.words.xml#id(Bmr007.vocalsound.613)"/>
   </segment>
   <segment nite:id="Bmr007.segment.2,173" starttime="3074.713" endtime="3075.921" participant="me018" timing-provenance="segment">
      <nite:child href="Bmr007.A.words.xml#id(Bmr007.vocalsound.616)"/>
   </segment>
   <segment nite:id="Bmr007.segment.2,177" starttime="3075.96" endtime="3076.72" participant="me018" timing-provenance="dialogueact">
      <nite:child href="Bmr007.A.words.xml#id(Bmr007.w.13,613)..id(Bmr007.w.13,617)"/>
   </segment>
   <segment nite:id="Bmr007.segment.2,211" starttime="3139.0" endtime="3140.73" participant="me018" timing-provenance="dialogueact">
      <nite:child href="Bmr007.A.words.xml#id(Bmr007.w.13,916)..id(Bmr007.w.13,929)"/>
   </segment>
   <segment nite:id="Bmr007.segment.2,213" starttime="3140.73" endtime="3142.35" participant="me018" timing-provenance="dialogueact">
      <nite:child href="Bmr007.A.words.xml#id(Bmr007.w.13,932)..id(Bmr007.w.13,941)"/>
   </segment>
   <segment nite:id="Bmr007.segment.2,214" starttime="3142.397" endtime="3144.184" participant="me018" timing-provenance="segment">
      <nite:child href="Bmr007.A.words.xml#id(Bmr007.w.13,942)..id(Bmr007.disfmarker.608)"/>
   </segment>
   <segment nite:id="Bmr007.segment.2,221" starttime="3146.46" endtime="3146.75" participant="me018" timing-provenance="dialogueact">
      <nite:child href="Bmr007.A.words.xml#id(Bmr007.w.14,003)..id(Bmr007.w.14,004)"/>
   </segment>
   <segment nite:id="Bmr007.segment.2,223" starttime="3148.82" endtime="3152.83" participant="me018" timing-provenance="dialogueact">
      <nite:child href="Bmr007.A.words.xml#id(Bmr007.w.14,006)..id(Bmr007.w.14,023)"/>
   </segment>
   <segment nite:id="Bmr007.segment.2,230" starttime="3155.29" endtime="3155.64" participant="me018" timing-provenance="dialogueact">
      <nite:child href="Bmr007.A.words.xml#id(Bmr007.w.14,048)..id(Bmr007.w.14,051)"/>
   </segment>
   <segment nite:id="Bmr007.segment.2,232" starttime="3155.87" endtime="3156.05" participant="me018" timing-provenance="dialogueact">
      <nite:child href="Bmr007.A.words.xml#id(Bmr007.w.14,052)..id(Bmr007.w.14,053)"/>
   </segment>
   <segment nite:id="Bmr007.segment.2,234" starttime="3156.34" endtime="3158.22" participant="me018" timing-provenance="dialogueact">
      <nite:child href="Bmr007.A.words.xml#id(Bmr007.w.14,059)..id(Bmr007.pause.690)"/>
   </segment>
   <segment nite:id="Bmr007.segment.2,236" starttime="3158.156" endtime="3160.352" participant="me018" timing-provenance="segment">
      <nite:child href="Bmr007.A.words.xml#id(Bmr007.w.14,072)..id(Bmr007.disfmarker.618)"/>
   </segment>
   <segment nite:id="Bmr007.segment.2,257" starttime="3173.603" endtime="3175.574" participant="me018" timing-provenance="segment">
      <nite:child href="Bmr007.A.words.xml#id(Bmr007.vocalsound.635)"/>
   </segment>
   <segment nite:id="Bmr007.segment.2,264" starttime="3180.748" endtime="3184.244" participant="me018" timing-provenance="segment">
      <nite:child href="Bmr007.A.words.xml#id(Bmr007.vocalsound.639)"/>
   </segment>
   <segment nite:id="Bmr007.segment.2,275" starttime="3188.542" endtime="3191.261" participant="me018" timing-provenance="segment">
      <nite:child href="Bmr007.A.words.xml#id(Bmr007.vocalsound.648)"/>
   </segment>
   <segment nite:id="Bmr007.segment.2,281" starttime="3191.3" endtime="3192.12" participant="me018" timing-provenance="dialogueact">
      <nite:child href="Bmr007.A.words.xml#id(Bmr007.w.14,274)..id(Bmr007.w.14,281)"/>
   </segment>
   <segment nite:id="Bmr007.segment.2,311" starttime="3232.138" endtime="3232.525" participant="me018" timing-provenance="segment">
      <nite:child href="Bmr007.A.words.xml#id(Bmr007.w.14,499)..id(Bmr007.w.14,502)"/>
   </segment>
   <segment nite:id="Bmr007.segment.2,328" starttime="3247.288" endtime="3250.601" participant="me018" timing-provenance="segment">
      <nite:child href="Bmr007.A.words.xml#id(Bmr007.w.14,626)..id(Bmr007.w.14,651)"/>
   </segment>
   <segment nite:id="Bmr007.segment.2,332" starttime="3250.601" endtime="3251.772" participant="me018" timing-provenance="segment">
      <nite:child href="Bmr007.A.words.xml#id(Bmr007.vocalsound.664)"/>
   </segment>
   <segment nite:id="Bmr007.segment.2,344" starttime="3256.85" endtime="3258.25" participant="me018" timing-provenance="dialogueact">
      <nite:child href="Bmr007.A.words.xml#id(Bmr007.w.14,718)..id(Bmr007.w.14,727)"/>
   </segment>
   <segment nite:id="Bmr007.segment.2,362" starttime="3278.22" endtime="3278.97" participant="me018" timing-provenance="dialogueact">
      <nite:child href="Bmr007.A.words.xml#id(Bmr007.w.14,863)..id(Bmr007.w.14,867)"/>
   </segment>
   <segment nite:id="Bmr007.segment.2,366" starttime="3284.45" endtime="3284.91" participant="me018" timing-provenance="dialogueact">
      <nite:child href="Bmr007.A.words.xml#id(Bmr007.w.14,899)..id(Bmr007.w.14,902)"/>
   </segment>
   <segment nite:id="Bmr007.segment.2,368" starttime="3289.28" endtime="3289.32" participant="me018" timing-provenance="dialogueact">
      <nite:child href="Bmr007.A.words.xml#id(Bmr007.w.14,910)..id(Bmr007.w.14,911)"/>
   </segment>
   <segment nite:id="Bmr007.segment.2,374" starttime="3292.729" endtime="3293.691" participant="me018" timing-provenance="segment">
      <nite:child href="Bmr007.A.words.xml#id(Bmr007.w.14,946)..id(Bmr007.comment.54)"/>
   </segment>
   <segment nite:id="Bmr007.segment.2,378" starttime="3294.469" endtime="3295.6" participant="me018" timing-provenance="segment">
      <nite:child href="Bmr007.A.words.xml#id(Bmr007.vocalsound.671)"/>
   </segment>
   <segment nite:id="Bmr007.segment.2,380" starttime="3295.948" endtime="3297.106" participant="me018" timing-provenance="segment">
      <nite:child href="Bmr007.A.words.xml#id(Bmr007.vocalsound.672)"/>
   </segment>
   <segment nite:id="Bmr007.segment.2,387" starttime="3302.829" endtime="3303.819" participant="me018" timing-provenance="segment">
      <nite:child href="Bmr007.A.words.xml#id(Bmr007.vocalsound.676)"/>
   </segment>
   <segment nite:id="Bmr007.segment.2,422" starttime="3347.82" endtime="3350.829" participant="me018" digittask="true" timing-provenance="segment">
      <nite:child href="Bmr007.A.words.xml#id(Bmr007.w.15,112)..id(Bmr007.comment.80)"/>
   </segment>
   <segment nite:id="Bmr007.segment.2,423" starttime="3351.696" endtime="3353.715" participant="me018" digittask="true" timing-provenance="segment">
      <nite:child href="Bmr007.A.words.xml#id(Bmr007.w.15,122)..id(Bmr007.comment.81)"/>
   </segment>
   <segment nite:id="Bmr007.segment.2,424" starttime="3354.344" endtime="3355.927" participant="me018" digittask="true" timing-provenance="segment">
      <nite:child href="Bmr007.A.words.xml#id(Bmr007.w.15,127)..id(Bmr007.comment.82)"/>
   </segment>
   <segment nite:id="Bmr007.segment.2,425" starttime="3356.663" endtime="3358.084" participant="me018" digittask="true" timing-provenance="segment">
      <nite:child href="Bmr007.A.words.xml#id(Bmr007.w.15,131)..id(Bmr007.comment.83)"/>
   </segment>
   <segment nite:id="Bmr007.segment.2,426" starttime="3358.6" endtime="3359.13" participant="me018" digittask="true" timing-provenance="segment">
      <nite:child href="Bmr007.A.words.xml#id(Bmr007.w.15,135)..id(Bmr007.comment.84)"/>
   </segment>
   <segment nite:id="Bmr007.segment.2,427" starttime="3359.45" endtime="3362.31" participant="me018" digittask="true" timing-provenance="segment">
      <nite:child href="Bmr007.A.words.xml#id(Bmr007.w.15,136)..id(Bmr007.comment.85)"/>
   </segment>
   <segment nite:id="Bmr007.segment.2,428" starttime="3363.374" endtime="3364.778" participant="me018" digittask="true" timing-provenance="segment">
      <nite:child href="Bmr007.A.words.xml#id(Bmr007.w.15,143)..id(Bmr007.comment.86)"/>
   </segment>
   <segment nite:id="Bmr007.segment.2,429" starttime="3365.817" endtime="3368.231" participant="me018" digittask="true" timing-provenance="segment">
      <nite:child href="Bmr007.A.words.xml#id(Bmr007.w.15,148)..id(Bmr007.comment.87)"/>
   </segment>
   <segment nite:id="Bmr007.segment.2,430" starttime="3369.097" endtime="3370.047" participant="me018" digittask="true" timing-provenance="segment">
      <nite:child href="Bmr007.A.words.xml#id(Bmr007.w.15,155)..id(Bmr007.comment.88)"/>
   </segment>
   <segment nite:id="Bmr007.segment.2,431" starttime="3370.846" endtime="3372.582" participant="me018" digittask="true" timing-provenance="segment">
      <nite:child href="Bmr007.A.words.xml#id(Bmr007.w.15,158)..id(Bmr007.comment.89)"/>
   </segment>
   <segment nite:id="Bmr007.segment.2,432" starttime="3373.146" endtime="3373.664" participant="me018" digittask="true" timing-provenance="segment">
      <nite:child href="Bmr007.A.words.xml#id(Bmr007.w.15,163)..id(Bmr007.comment.90)"/>
   </segment>
   <segment nite:id="Bmr007.segment.2,433" starttime="3374.39" endtime="3374.888" participant="me018" digittask="true" timing-provenance="segment">
      <nite:child href="Bmr007.A.words.xml#id(Bmr007.w.15,164)..id(Bmr007.comment.91)"/>
   </segment>
   <segment nite:id="Bmr007.segment.2,434" starttime="3375.922" endtime="3377.274" participant="me018" digittask="true" timing-provenance="segment">
      <nite:child href="Bmr007.A.words.xml#id(Bmr007.w.15,165)..id(Bmr007.comment.92)"/>
   </segment>
   <segment nite:id="Bmr007.segment.2,435" starttime="3378.19" endtime="3379.86" participant="me018" digittask="true" timing-provenance="segment">
      <nite:child href="Bmr007.A.words.xml#id(Bmr007.w.15,169)..id(Bmr007.comment.93)"/>
   </segment>
   <segment nite:id="Bmr007.segment.2,436" starttime="3381.15" endtime="3382.393" participant="me018" digittask="true" timing-provenance="segment">
      <nite:child href="Bmr007.A.words.xml#id(Bmr007.w.15,174)..id(Bmr007.comment.94)"/>
   </segment>
   <segment nite:id="Bmr007.segment.2,437" starttime="3383.204" endtime="3384.613" participant="me018" digittask="true" timing-provenance="segment">
      <nite:child href="Bmr007.A.words.xml#id(Bmr007.w.15,178)..id(Bmr007.comment.95)"/>
   </segment>
   <segment nite:id="Bmr007.segment.2,438" starttime="3385.419" endtime="3385.882" participant="me018" digittask="true" timing-provenance="segment">
      <nite:child href="Bmr007.A.words.xml#id(Bmr007.w.15,183)..id(Bmr007.comment.96)"/>
   </segment>
   <segment nite:id="Bmr007.segment.2,439" starttime="3386.617" endtime="3387.726" participant="me018" digittask="true" timing-provenance="segment">
      <nite:child href="Bmr007.A.words.xml#id(Bmr007.w.15,184)..id(Bmr007.comment.97)"/>
   </segment>
   <segment nite:id="Bmr007.segment.2,440" starttime="3388.242" endtime="3388.763" participant="me018" digittask="true" timing-provenance="segment">
      <nite:child href="Bmr007.A.words.xml#id(Bmr007.w.15,187)..id(Bmr007.comment.98)"/>
   </segment>
   <segment nite:id="Bmr007.segment.2,441" starttime="3389.42" endtime="3389.822" participant="me018" digittask="true" timing-provenance="segment">
      <nite:child href="Bmr007.A.words.xml#id(Bmr007.w.15,188)..id(Bmr007.comment.99)"/>
   </segment>
   <segment nite:id="Bmr007.segment.2,442" starttime="3390.295" endtime="3391.142" participant="me018" digittask="true" timing-provenance="segment">
      <nite:child href="Bmr007.A.words.xml#id(Bmr007.w.15,189)..id(Bmr007.comment.100)"/>
   </segment>
</nite:root>