<?xml version="1.0" encoding="ISO-8859-1" standalone="yes"?>
<nite:root nite:id="Bmr007.H.segs" xmlns:nite="http://nite.sourceforge.net/">
   <segment nite:id="Bmr007.segment.15" starttime="5.367" endtime="6.722" participant="me011" timing-provenance="segment">
      <nite:child href="Bmr007.H.words.xml#id(Bmr007.w.38)..id(Bmr007.disfmarker.2)"/>
   </segment>
   <segment nite:id="Bmr007.segment.19" starttime="6.722" endtime="9.124" participant="me011" timing-provenance="segment">
      <nite:child href="Bmr007.H.words.xml#id(Bmr007.pause.3)..id(Bmr007.w.57)"/>
   </segment>
   <segment nite:id="Bmr007.segment.21" starttime="9.157" endtime="9.897" participant="me011" timing-provenance="dialogueact">
      <nite:child href="Bmr007.H.words.xml#id(Bmr007.w.62)..id(Bmr007.w.65)"/>
   </segment>
   <segment nite:id="Bmr007.segment.22" starttime="9.977" endtime="10.897" participant="me011" timing-provenance="dialogueact">
      <nite:child href="Bmr007.H.words.xml#id(Bmr007.w.66)..id(Bmr007.w.70)"/>
   </segment>
   <segment nite:id="Bmr007.segment.23" starttime="10.897" endtime="12.277" participant="me011" timing-provenance="dialogueact">
      <nite:child href="Bmr007.H.words.xml#id(Bmr007.w.71)..id(Bmr007.w.77)"/>
   </segment>
   <segment nite:id="Bmr007.segment.26" starttime="12.357" endtime="14.323" participant="me011" timing-provenance="segment">
      <nite:child href="Bmr007.H.words.xml#id(Bmr007.vocalsound.7)..id(Bmr007.pause.4)"/>
   </segment>
   <segment nite:id="Bmr007.segment.30" starttime="14.323" endtime="17.124" participant="me011" timing-provenance="segment">
      <nite:child href="Bmr007.H.words.xml#id(Bmr007.w.100)..id(Bmr007.vocalsound.8)"/>
   </segment>
   <segment nite:id="Bmr007.segment.33" starttime="18.71" endtime="19.14" participant="me011" timing-provenance="dialogueact">
      <nite:child href="Bmr007.H.words.xml#id(Bmr007.w.125)..id(Bmr007.w.126)"/>
   </segment>
   <segment nite:id="Bmr007.segment.34" starttime="19.175" endtime="19.936" participant="me011" timing-provenance="segment">
      <nite:child href="Bmr007.H.words.xml#id(Bmr007.w.127)..id(Bmr007.comment.1)"/>
   </segment>
   <segment nite:id="Bmr007.segment.39" starttime="23.561" endtime="24.251" participant="me011" timing-provenance="dialogueact">
      <nite:child href="Bmr007.H.words.xml#id(Bmr007.w.161)..id(Bmr007.pause.7)"/>
   </segment>
   <segment nite:id="Bmr007.segment.40" starttime="24.251" endtime="24.911" participant="me011" timing-provenance="dialogueact">
      <nite:child href="Bmr007.H.words.xml#id(Bmr007.w.164)..id(Bmr007.w.169)"/>
   </segment>
   <segment nite:id="Bmr007.segment.41" starttime="25.131" endtime="25.351" participant="me011" timing-provenance="dialogueact">
      <nite:child href="Bmr007.H.words.xml#id(Bmr007.w.170)..id(Bmr007.w.171)"/>
   </segment>
   <segment nite:id="Bmr007.segment.51" starttime="40.663" endtime="41.206" participant="me011" timing-provenance="segment">
      <nite:child href="Bmr007.H.words.xml#id(Bmr007.vocalsound.13)"/>
   </segment>
   <segment nite:id="Bmr007.segment.54" starttime="41.256" endtime="42.046" participant="me011" timing-provenance="dialogueact">
      <nite:child href="Bmr007.H.words.xml#id(Bmr007.w.237)..id(Bmr007.w.241)"/>
   </segment>
   <segment nite:id="Bmr007.segment.66" starttime="56.101" endtime="58.071" participant="me011" timing-provenance="dialogueact">
      <nite:child href="Bmr007.H.words.xml#id(Bmr007.w.290)..id(Bmr007.w.297)"/>
   </segment>
   <segment nite:id="Bmr007.segment.100" starttime="130.247" endtime="130.699" participant="me011" timing-provenance="segment">
      <nite:child href="Bmr007.H.words.xml#id(Bmr007.vocalsound.21)"/>
   </segment>
   <segment nite:id="Bmr007.segment.102" starttime="132.712" endtime="133.802" participant="me011" timing-provenance="dialogueact">
      <nite:child href="Bmr007.H.words.xml#id(Bmr007.w.550)..id(Bmr007.w.559)"/>
   </segment>
   <segment nite:id="Bmr007.segment.103" starttime="133.712" endtime="137.02" participant="me011" timing-provenance="segment">
      <nite:child href="Bmr007.H.words.xml#id(Bmr007.w.560)..id(Bmr007.comment.4)"/>
   </segment>
   <segment nite:id="Bmr007.segment.106" starttime="137.2" endtime="138.63" participant="me011" timing-provenance="dialogueact">
      <nite:child href="Bmr007.H.words.xml#id(Bmr007.w.576)..id(Bmr007.w.585)"/>
   </segment>
   <segment nite:id="Bmr007.segment.109" starttime="138.676" endtime="139.445" participant="me011" timing-provenance="segment">
      <nite:child href="Bmr007.H.words.xml#id(Bmr007.vocalsound.25)"/>
   </segment>
   <segment nite:id="Bmr007.segment.110" starttime="141.077" endtime="141.347" participant="me011" timing-provenance="dialogueact">
      <nite:child href="Bmr007.H.words.xml#id(Bmr007.w.599)..id(Bmr007.w.600)"/>
   </segment>
   <segment nite:id="Bmr007.segment.121" starttime="165.997" endtime="167.457" participant="me011" timing-provenance="dialogueact">
      <nite:child href="Bmr007.H.words.xml#id(Bmr007.w.710)..id(Bmr007.w.719)"/>
   </segment>
   <segment nite:id="Bmr007.segment.124" starttime="168.931" endtime="169.121" participant="me011" timing-provenance="dialogueact">
      <nite:child href="Bmr007.H.words.xml#id(Bmr007.w.728)..id(Bmr007.w.729)"/>
   </segment>
   <segment nite:id="Bmr007.segment.241" starttime="369.54" endtime="371.765" participant="me011" timing-provenance="segment">
      <nite:child href="Bmr007.H.words.xml#id(Bmr007.w.1,514)..id(Bmr007.disfmarker.53)"/>
   </segment>
   <segment nite:id="Bmr007.segment.244" starttime="372.398" endtime="373.568" participant="me011" timing-provenance="dialogueact">
      <nite:child href="Bmr007.H.words.xml#id(Bmr007.w.1,528)..id(Bmr007.w.1,534)"/>
   </segment>
   <segment nite:id="Bmr007.segment.245" starttime="374.26" endtime="375.47" participant="me011" timing-provenance="dialogueact">
      <nite:child href="Bmr007.H.words.xml#id(Bmr007.w.1,535)..id(Bmr007.w.1,540)"/>
   </segment>
   <segment nite:id="Bmr007.segment.251" starttime="376.79" endtime="378.011" participant="me011" timing-provenance="segment">
      <nite:child href="Bmr007.H.words.xml#id(Bmr007.w.1,571)..id(Bmr007.disfmarker.55)"/>
   </segment>
   <segment nite:id="Bmr007.segment.273" starttime="420.117" endtime="424.105" participant="me011" timing-provenance="segment">
      <nite:child href="Bmr007.H.words.xml#id(Bmr007.w.1,743)..id(Bmr007.vocalsound.56)"/>
   </segment>
   <segment nite:id="Bmr007.segment.296" starttime="429.923" endtime="431.243" participant="me011" timing-provenance="dialogueact">
      <nite:child href="Bmr007.H.words.xml#id(Bmr007.w.1,854)..id(Bmr007.w.1,865)"/>
   </segment>
   <segment nite:id="Bmr007.segment.304" starttime="439.866" endtime="441.546" participant="me011" timing-provenance="segment">
      <nite:child href="Bmr007.H.words.xml#id(Bmr007.w.1,923)..id(Bmr007.disfmarker.71)"/>
   </segment>
   <segment nite:id="Bmr007.segment.306" starttime="441.726" endtime="445.366" participant="me011" timing-provenance="dialogueact">
      <nite:child href="Bmr007.H.words.xml#id(Bmr007.w.1,931)..id(Bmr007.w.1,948)"/>
   </segment>
   <segment nite:id="Bmr007.segment.307" starttime="445.68" endtime="450.547" participant="me011" timing-provenance="segment">
      <nite:child href="Bmr007.H.words.xml#id(Bmr007.w.1,949)..id(Bmr007.vocalsound.71)"/>
   </segment>
   <segment nite:id="Bmr007.segment.329" starttime="493.438" endtime="493.978" participant="me011" timing-provenance="segment">
      <nite:child href="Bmr007.H.words.xml#id(Bmr007.w.2,163)..id(Bmr007.comment.12)"/>
   </segment>
   <segment nite:id="Bmr007.segment.332" starttime="494.531" endtime="500.775" participant="me011" timing-provenance="segment">
      <nite:child href="Bmr007.H.words.xml#id(Bmr007.vocalsound.80)"/>
   </segment>
   <segment nite:id="Bmr007.segment.340" starttime="501.226" endtime="501.821" participant="me011" timing-provenance="segment">
      <nite:child href="Bmr007.H.words.xml#id(Bmr007.vocalsound.84)"/>
   </segment>
   <segment nite:id="Bmr007.segment.387" starttime="604.27" endtime="604.58" participant="me011" timing-provenance="dialogueact">
      <nite:child href="Bmr007.H.words.xml#id(Bmr007.w.2,603)..id(Bmr007.w.2,604)"/>
   </segment>
   <segment nite:id="Bmr007.segment.399" starttime="612.4" endtime="613.46" participant="me011" timing-provenance="dialogueact">
      <nite:child href="Bmr007.H.words.xml#id(Bmr007.w.2,673)..id(Bmr007.w.2,677)"/>
   </segment>
   <segment nite:id="Bmr007.segment.406" starttime="622.53" endtime="626.938" participant="me011" timing-provenance="segment">
      <nite:child href="Bmr007.H.words.xml#id(Bmr007.w.2,715)..id(Bmr007.disfmarker.101)"/>
   </segment>
   <segment nite:id="Bmr007.segment.539" starttime="855.545" endtime="856.225" participant="me011" timing-provenance="dialogueact">
      <nite:child href="Bmr007.H.words.xml#id(Bmr007.w.3,696)..id(Bmr007.w.3,697)"/>
   </segment>
   <segment nite:id="Bmr007.segment.542" starttime="856.802" endtime="857.132" participant="me011" timing-provenance="dialogueact">
      <nite:child href="Bmr007.H.words.xml#id(Bmr007.w.3,712)..id(Bmr007.w.3,713)"/>
   </segment>
   <segment nite:id="Bmr007.segment.555" starttime="872.228" endtime="872.558" participant="me011" timing-provenance="dialogueact">
      <nite:child href="Bmr007.H.words.xml#id(Bmr007.w.3,801)..id(Bmr007.w.3,804)"/>
   </segment>
   <segment nite:id="Bmr007.segment.564" starttime="889.052" endtime="890.822" participant="me011" timing-provenance="dialogueact">
      <nite:child href="Bmr007.H.words.xml#id(Bmr007.w.3,871)..id(Bmr007.w.3,883)"/>
   </segment>
   <segment nite:id="Bmr007.segment.566" starttime="892.042" endtime="896.522" participant="me011" timing-provenance="dialogueact">
      <nite:child href="Bmr007.H.words.xml#id(Bmr007.w.3,888)..id(Bmr007.w.3,910)"/>
   </segment>
   <segment nite:id="Bmr007.segment.569" starttime="896.654" endtime="897.465" participant="me011" timing-provenance="segment">
      <nite:child href="Bmr007.H.words.xml#id(Bmr007.vocalsound.134)"/>
   </segment>
   <segment nite:id="Bmr007.segment.570" starttime="897.515" endtime="898.455" participant="me011" timing-provenance="dialogueact">
      <nite:child href="Bmr007.H.words.xml#id(Bmr007.w.3,913)..id(Bmr007.w.3,919)"/>
   </segment>
   <segment nite:id="Bmr007.segment.571" starttime="899.06" endtime="900.17" participant="me011" timing-provenance="dialogueact">
      <nite:child href="Bmr007.H.words.xml#id(Bmr007.w.3,920)..id(Bmr007.w.3,923)"/>
   </segment>
   <segment nite:id="Bmr007.segment.573" starttime="900.17" endtime="904.02" participant="me011" timing-provenance="dialogueact">
      <nite:child href="Bmr007.H.words.xml#id(Bmr007.pause.293)..id(Bmr007.w.3,947)"/>
   </segment>
   <segment nite:id="Bmr007.segment.577" starttime="904.061" endtime="904.439" participant="me011" timing-provenance="segment">
      <nite:child href="Bmr007.H.words.xml#id(Bmr007.vocalsound.135)"/>
   </segment>
   <segment nite:id="Bmr007.segment.578" starttime="904.589" endtime="905.099" participant="me011" timing-provenance="dialogueact">
      <nite:child href="Bmr007.H.words.xml#id(Bmr007.w.3,956)..id(Bmr007.w.3,957)"/>
   </segment>
   <segment nite:id="Bmr007.segment.579" starttime="905.519" endtime="906.989" participant="me011" timing-provenance="dialogueact">
      <nite:child href="Bmr007.H.words.xml#id(Bmr007.w.3,958)..id(Bmr007.w.3,965)"/>
   </segment>
   <segment nite:id="Bmr007.segment.583" starttime="907.57" endtime="911.102" participant="me011" timing-provenance="segment">
      <nite:child href="Bmr007.H.words.xml#id(Bmr007.w.3,985)..id(Bmr007.vocalsound.136)"/>
   </segment>
   <segment nite:id="Bmr007.segment.595" starttime="932.536" endtime="932.936" participant="me011" timing-provenance="dialogueact">
      <nite:child href="Bmr007.H.words.xml#id(Bmr007.w.4,098)..id(Bmr007.w.4,101)"/>
   </segment>
   <segment nite:id="Bmr007.segment.690" starttime="1075.72" endtime="1077.01" participant="me011" timing-provenance="dialogueact">
      <nite:child href="Bmr007.H.words.xml#id(Bmr007.w.4,727)..id(Bmr007.w.4,733)"/>
   </segment>
   <segment nite:id="Bmr007.segment.781" starttime="1197.197" endtime="1198.915" participant="me011" timing-provenance="segment">
      <nite:child href="Bmr007.H.words.xml#id(Bmr007.vocalsound.177)"/>
   </segment>
   <segment nite:id="Bmr007.segment.828" starttime="1247.09" endtime="1247.39" participant="me011" timing-provenance="dialogueact">
      <nite:child href="Bmr007.H.words.xml#id(Bmr007.w.5,611)..id(Bmr007.w.5,612)"/>
   </segment>
   <segment nite:id="Bmr007.segment.843" starttime="1259.871" endtime="1260.543" participant="me011" timing-provenance="segment">
      <nite:child href="Bmr007.H.words.xml#id(Bmr007.vocalsound.194)"/>
   </segment>
   <segment nite:id="Bmr007.segment.855" starttime="1282.26" endtime="1284.66" participant="me011" timing-provenance="dialogueact">
      <nite:child href="Bmr007.H.words.xml#id(Bmr007.w.5,767)..id(Bmr007.w.5,777)"/>
   </segment>
   <segment nite:id="Bmr007.segment.870" starttime="1296.661" endtime="1297.404" participant="me011" timing-provenance="segment">
      <nite:child href="Bmr007.H.words.xml#id(Bmr007.vocalsound.198)"/>
   </segment>
   <segment nite:id="Bmr007.segment.933" starttime="1380.0" endtime="1381.213" participant="me011" timing-provenance="segment">
      <nite:child href="Bmr007.H.words.xml#id(Bmr007.vocalsound.215)"/>
   </segment>
   <segment nite:id="Bmr007.segment.938" starttime="1381.28" endtime="1381.74" participant="me011" timing-provenance="dialogueact">
      <nite:child href="Bmr007.H.words.xml#id(Bmr007.w.6,279)..id(Bmr007.w.6,280)"/>
   </segment>
   <segment nite:id="Bmr007.segment.941" starttime="1383.29" endtime="1385.09" participant="me011" timing-provenance="dialogueact">
      <nite:child href="Bmr007.H.words.xml#id(Bmr007.w.6,285)..id(Bmr007.w.6,294)"/>
   </segment>
   <segment nite:id="Bmr007.segment.954" starttime="1398.91" endtime="1399.69" participant="me011" timing-provenance="dialogueact">
      <nite:child href="Bmr007.H.words.xml#id(Bmr007.w.6,361)..id(Bmr007.w.6,367)"/>
   </segment>
   <segment nite:id="Bmr007.segment.957" starttime="1400.06" endtime="1402.782" participant="me011" timing-provenance="segment">
      <nite:child href="Bmr007.H.words.xml#id(Bmr007.w.6,376)..id(Bmr007.comment.22)"/>
   </segment>
   <segment nite:id="Bmr007.segment.963" starttime="1407.76" endtime="1410.64" participant="me011" timing-provenance="dialogueact">
      <nite:child href="Bmr007.H.words.xml#id(Bmr007.w.6,399)..id(Bmr007.w.6,416)"/>
   </segment>
   <segment nite:id="Bmr007.segment.967" starttime="1411.26" endtime="1411.67" participant="me011" timing-provenance="dialogueact">
      <nite:child href="Bmr007.H.words.xml#id(Bmr007.w.6,428)..id(Bmr007.w.6,431)"/>
   </segment>
   <segment nite:id="Bmr007.segment.970" starttime="1412.64" endtime="1412.95" participant="me011" timing-provenance="dialogueact">
      <nite:child href="Bmr007.H.words.xml#id(Bmr007.w.6,436)..id(Bmr007.w.6,438)"/>
   </segment>
   <segment nite:id="Bmr007.segment.979" starttime="1417.904" endtime="1420.194" participant="me011" timing-provenance="segment">
      <nite:child href="Bmr007.H.words.xml#id(Bmr007.vocalsound.227)"/>
   </segment>
   <segment nite:id="Bmr007.segment.984" starttime="1420.194" endtime="1421.323" participant="me011" timing-provenance="segment">
      <nite:child href="Bmr007.H.words.xml#id(Bmr007.vocalsound.231)"/>
   </segment>
   <segment nite:id="Bmr007.segment.987" starttime="1421.323" endtime="1425.84" participant="me011" timing-provenance="segment">
      <nite:child href="Bmr007.H.words.xml#id(Bmr007.vocalsound.233)"/>
   </segment>
   <segment nite:id="Bmr007.segment.1,008" starttime="1445.569" endtime="1446.157" participant="me011" timing-provenance="segment">
      <nite:child href="Bmr007.H.words.xml#id(Bmr007.vocalsound.241)"/>
   </segment>
   <segment nite:id="Bmr007.segment.1,025" starttime="1473.25" endtime="1475.34" participant="me011" timing-provenance="dialogueact">
      <nite:child href="Bmr007.H.words.xml#id(Bmr007.w.6,705)..id(Bmr007.w.6,714)"/>
   </segment>
   <segment nite:id="Bmr007.segment.1,029" starttime="1476.93" endtime="1479.72" participant="me011" timing-provenance="dialogueact">
      <nite:child href="Bmr007.H.words.xml#id(Bmr007.w.6,730)..id(Bmr007.w.6,741)"/>
   </segment>
   <segment nite:id="Bmr007.segment.1,034" starttime="1484.46" endtime="1484.74" participant="me011" timing-provenance="dialogueact">
      <nite:child href="Bmr007.H.words.xml#id(Bmr007.w.6,767)..id(Bmr007.w.6,768)"/>
   </segment>
   <segment nite:id="Bmr007.segment.1,037" starttime="1491.24" endtime="1491.6" participant="me011" timing-provenance="dialogueact">
      <nite:child href="Bmr007.H.words.xml#id(Bmr007.w.6,795)..id(Bmr007.w.6,798)"/>
   </segment>
   <segment nite:id="Bmr007.segment.1,043" starttime="1497.721" endtime="1498.657" participant="me011" timing-provenance="segment">
      <nite:child href="Bmr007.H.words.xml#id(Bmr007.vocalsound.246)"/>
   </segment>
   <segment nite:id="Bmr007.segment.1,046" starttime="1499.25" endtime="1500.17" participant="me011" timing-provenance="dialogueact">
      <nite:child href="Bmr007.H.words.xml#id(Bmr007.w.6,823)..id(Bmr007.w.6,829)"/>
   </segment>
   <segment nite:id="Bmr007.segment.1,049" starttime="1502.279" endtime="1505.531" participant="me011" timing-provenance="segment">
      <nite:child href="Bmr007.H.words.xml#id(Bmr007.vocalsound.249)"/>
   </segment>
   <segment nite:id="Bmr007.segment.1,082" starttime="1533.814" endtime="1535.149" participant="me011" timing-provenance="segment">
      <nite:child href="Bmr007.H.words.xml#id(Bmr007.w.6,990)..id(Bmr007.comment.24)"/>
   </segment>
   <segment nite:id="Bmr007.segment.1,091" starttime="1542.654" endtime="1545.785" participant="me011" timing-provenance="segment">
      <nite:child href="Bmr007.H.words.xml#id(Bmr007.vocalsound.262)"/>
   </segment>
   <segment nite:id="Bmr007.segment.1,110" starttime="1558.98" endtime="1559.85" participant="me011" timing-provenance="dialogueact">
      <nite:child href="Bmr007.H.words.xml#id(Bmr007.w.7,116)..id(Bmr007.w.7,122)"/>
   </segment>
   <segment nite:id="Bmr007.segment.1,132" starttime="1579.618" endtime="1580.317" participant="me011" timing-provenance="segment">
      <nite:child href="Bmr007.H.words.xml#id(Bmr007.w.7,206)..id(Bmr007.comment.26)"/>
   </segment>
   <segment nite:id="Bmr007.segment.1,165" starttime="1628.56" endtime="1629.09" participant="me011" timing-provenance="dialogueact">
      <nite:child href="Bmr007.H.words.xml#id(Bmr007.w.7,387)..id(Bmr007.w.7,390)"/>
   </segment>
   <segment nite:id="Bmr007.segment.1,181" starttime="1652.36" endtime="1654.11" participant="me011" timing-provenance="dialogueact">
      <nite:child href="Bmr007.H.words.xml#id(Bmr007.w.7,503)..id(Bmr007.w.7,512)"/>
   </segment>
   <segment nite:id="Bmr007.segment.1,183" starttime="1654.3" endtime="1654.97" participant="me011" timing-provenance="dialogueact">
      <nite:child href="Bmr007.H.words.xml#id(Bmr007.w.7,515)..id(Bmr007.w.7,519)"/>
   </segment>
   <segment nite:id="Bmr007.segment.1,189" starttime="1666.0" endtime="1666.25" participant="me011" timing-provenance="dialogueact">
      <nite:child href="Bmr007.H.words.xml#id(Bmr007.w.7,561)..id(Bmr007.w.7,562)"/>
   </segment>
   <segment nite:id="Bmr007.segment.1,192" starttime="1671.03" endtime="1673.816" participant="me011" timing-provenance="segment">
      <nite:child href="Bmr007.H.words.xml#id(Bmr007.w.7,588)..id(Bmr007.vocalsound.295)"/>
   </segment>
   <segment nite:id="Bmr007.segment.1,199" starttime="1673.816" endtime="1676.593" participant="me011" timing-provenance="segment">
      <nite:child href="Bmr007.H.words.xml#id(Bmr007.pause.446)..id(Bmr007.w.7,655)"/>
   </segment>
   <segment nite:id="Bmr007.segment.1,201" starttime="1678.04" endtime="1678.47" participant="me011" timing-provenance="dialogueact">
      <nite:child href="Bmr007.H.words.xml#id(Bmr007.w.7,658)..id(Bmr007.w.7,661)"/>
   </segment>
   <segment nite:id="Bmr007.segment.1,230" starttime="1739.14" endtime="1739.648" participant="me011" timing-provenance="segment">
      <nite:child href="Bmr007.H.words.xml#id(Bmr007.w.7,890)..id(Bmr007.comment.27)"/>
   </segment>
   <segment nite:id="Bmr007.segment.1,233" starttime="1739.648" endtime="1740.7" participant="me011" timing-provenance="segment">
      <nite:child href="Bmr007.H.words.xml#id(Bmr007.vocalsound.302)"/>
   </segment>
   <segment nite:id="Bmr007.segment.1,243" starttime="1745.46" endtime="1745.76" participant="me011" timing-provenance="dialogueact">
      <nite:child href="Bmr007.H.words.xml#id(Bmr007.w.7,930)..id(Bmr007.w.7,931)"/>
   </segment>
   <segment nite:id="Bmr007.segment.1,249" starttime="1755.76" endtime="1757.898" participant="me011" timing-provenance="segment">
      <nite:child href="Bmr007.H.words.xml#id(Bmr007.w.7,965)..id(Bmr007.comment.28)"/>
   </segment>
   <segment nite:id="Bmr007.segment.1,251" starttime="1757.898" endtime="1758.655" participant="me011" timing-provenance="segment">
      <nite:child href="Bmr007.H.words.xml#id(Bmr007.vocalsound.309)"/>
   </segment>
   <segment nite:id="Bmr007.segment.1,264" starttime="1774.15" endtime="1777.2" participant="me011" timing-provenance="dialogueact">
      <nite:child href="Bmr007.H.words.xml#id(Bmr007.w.8,018)..id(Bmr007.w.8,033)"/>
   </segment>
   <segment nite:id="Bmr007.segment.1,283" starttime="1787.529" endtime="1788.273" participant="me011" timing-provenance="segment">
      <nite:child href="Bmr007.H.words.xml#id(Bmr007.w.8,096)..id(Bmr007.comment.29)"/>
   </segment>
   <segment nite:id="Bmr007.segment.1,293" starttime="1803.53" endtime="1805.57" participant="me011" timing-provenance="dialogueact">
      <nite:child href="Bmr007.H.words.xml#id(Bmr007.w.8,162)..id(Bmr007.w.8,176)"/>
   </segment>
   <segment nite:id="Bmr007.segment.1,298" starttime="1806.28" endtime="1806.84" participant="me011" timing-provenance="dialogueact">
      <nite:child href="Bmr007.H.words.xml#id(Bmr007.w.8,198)..id(Bmr007.w.8,201)"/>
   </segment>
   <segment nite:id="Bmr007.segment.1,300" starttime="1807.67" endtime="1808.5" participant="me011" timing-provenance="dialogueact">
      <nite:child href="Bmr007.H.words.xml#id(Bmr007.w.8,204)..id(Bmr007.w.8,208)"/>
   </segment>
   <segment nite:id="Bmr007.segment.1,303" starttime="1808.567" endtime="1809.777" participant="me011" timing-provenance="segment">
      <nite:child href="Bmr007.H.words.xml#id(Bmr007.vocalsound.319)"/>
   </segment>
   <segment nite:id="Bmr007.segment.1,308" starttime="1811.426" endtime="1812.86" participant="me011" timing-provenance="segment">
      <nite:child href="Bmr007.H.words.xml#id(Bmr007.vocalsound.323)"/>
   </segment>
   <segment nite:id="Bmr007.segment.1,315" starttime="1817.73" endtime="1819.01" participant="me011" timing-provenance="dialogueact">
      <nite:child href="Bmr007.H.words.xml#id(Bmr007.w.8,248)..id(Bmr007.w.8,252)"/>
   </segment>
   <segment nite:id="Bmr007.segment.1,316" starttime="1819.42" endtime="1822.3" participant="me011" timing-provenance="dialogueact">
      <nite:child href="Bmr007.H.words.xml#id(Bmr007.w.8,253)..id(Bmr007.w.8,265)"/>
   </segment>
   <segment nite:id="Bmr007.segment.1,317" starttime="1822.84" endtime="1824.28" participant="me011" timing-provenance="dialogueact">
      <nite:child href="Bmr007.H.words.xml#id(Bmr007.w.8,266)..id(Bmr007.w.8,273)"/>
   </segment>
   <segment nite:id="Bmr007.segment.1,318" starttime="1824.373" endtime="1824.85" participant="me011" timing-provenance="segment">
      <nite:child href="Bmr007.H.words.xml#id(Bmr007.vocalsound.327)"/>
   </segment>
   <segment nite:id="Bmr007.segment.1,322" starttime="1824.85" endtime="1825.782" participant="me011" timing-provenance="segment">
      <nite:child href="Bmr007.H.words.xml#id(Bmr007.w.8,277)..id(Bmr007.disfmarker.331)"/>
   </segment>
   <segment nite:id="Bmr007.segment.1,342" starttime="1838.28" endtime="1839.46" participant="me011" timing-provenance="dialogueact">
      <nite:child href="Bmr007.H.words.xml#id(Bmr007.w.8,369)..id(Bmr007.w.8,377)"/>
   </segment>
   <segment nite:id="Bmr007.segment.1,345" starttime="1839.64" endtime="1841.67" participant="me011" timing-provenance="dialogueact">
      <nite:child href="Bmr007.H.words.xml#id(Bmr007.w.8,382)..id(Bmr007.w.8,397)"/>
   </segment>
   <segment nite:id="Bmr007.segment.1,350" starttime="1844.22" endtime="1845.64" participant="me011" timing-provenance="dialogueact">
      <nite:child href="Bmr007.H.words.xml#id(Bmr007.w.8,427)..id(Bmr007.w.8,433)"/>
   </segment>
   <segment nite:id="Bmr007.segment.1,352" starttime="1847.63" endtime="1849.89" participant="me011" timing-provenance="dialogueact">
      <nite:child href="Bmr007.H.words.xml#id(Bmr007.w.8,446)..id(Bmr007.w.8,453)"/>
   </segment>
   <segment nite:id="Bmr007.segment.1,353" starttime="1851.32" endtime="1851.53" participant="me011" timing-provenance="dialogueact">
      <nite:child href="Bmr007.H.words.xml#id(Bmr007.w.8,454)..id(Bmr007.w.8,455)"/>
   </segment>
   <segment nite:id="Bmr007.segment.1,355" starttime="1852.24" endtime="1852.94" participant="me011" timing-provenance="dialogueact">
      <nite:child href="Bmr007.H.words.xml#id(Bmr007.w.8,458)..id(Bmr007.w.8,461)"/>
   </segment>
   <segment nite:id="Bmr007.segment.1,356" starttime="1855.18" endtime="1858.46" participant="me011" timing-provenance="dialogueact">
      <nite:child href="Bmr007.H.words.xml#id(Bmr007.w.8,462)..id(Bmr007.w.8,483)"/>
   </segment>
   <segment nite:id="Bmr007.segment.1,360" starttime="1861.62" endtime="1862.023" participant="me011" timing-provenance="segment">
      <nite:child href="Bmr007.H.words.xml#id(Bmr007.vocalsound.334)"/>
   </segment>
   <segment nite:id="Bmr007.segment.1,361" starttime="1862.16" endtime="1863.4" participant="me011" timing-provenance="dialogueact">
      <nite:child href="Bmr007.H.words.xml#id(Bmr007.w.8,499)..id(Bmr007.w.8,504)"/>
   </segment>
   <segment nite:id="Bmr007.segment.1,365" starttime="1863.4" endtime="1866.84" participant="me011" timing-provenance="dialogueact">
      <nite:child href="Bmr007.H.words.xml#id(Bmr007.w.8,518)..id(Bmr007.w.8,533)"/>
   </segment>
   <segment nite:id="Bmr007.segment.1,374" starttime="1869.59" endtime="1872.82" participant="me011" timing-provenance="dialogueact">
      <nite:child href="Bmr007.H.words.xml#id(Bmr007.w.8,557)..id(Bmr007.w.8,578)"/>
   </segment>
   <segment nite:id="Bmr007.segment.1,377" starttime="1872.989" endtime="1873.558" participant="me011" timing-provenance="segment">
      <nite:child href="Bmr007.H.words.xml#id(Bmr007.vocalsound.341)"/>
   </segment>
   <segment nite:id="Bmr007.segment.1,380" starttime="1873.558" endtime="1874.077" participant="me011" timing-provenance="segment">
      <nite:child href="Bmr007.H.words.xml#id(Bmr007.w.8,604)..id(Bmr007.disfmarker.343)"/>
   </segment>
   <segment nite:id="Bmr007.segment.1,385" starttime="1876.28" endtime="1876.51" participant="me011" timing-provenance="dialogueact">
      <nite:child href="Bmr007.H.words.xml#id(Bmr007.w.8,624)..id(Bmr007.w.8,625)"/>
   </segment>
   <segment nite:id="Bmr007.segment.1,387" starttime="1877.4" endtime="1877.69" participant="me011" timing-provenance="dialogueact">
      <nite:child href="Bmr007.H.words.xml#id(Bmr007.w.8,628)..id(Bmr007.w.8,629)"/>
   </segment>
   <segment nite:id="Bmr007.segment.1,399" starttime="1885.72" endtime="1885.93" participant="me011" timing-provenance="dialogueact">
      <nite:child href="Bmr007.H.words.xml#id(Bmr007.w.8,681)..id(Bmr007.w.8,682)"/>
   </segment>
   <segment nite:id="Bmr007.segment.1,446" starttime="1914.99" endtime="1915.42" participant="me011" timing-provenance="dialogueact">
      <nite:child href="Bmr007.H.words.xml#id(Bmr007.w.8,887)..id(Bmr007.w.8,888)"/>
   </segment>
   <segment nite:id="Bmr007.segment.1,455" starttime="1920.2" endtime="1924.48" participant="me011" timing-provenance="dialogueact">
      <nite:child href="Bmr007.H.words.xml#id(Bmr007.w.8,895)..id(Bmr007.w.8,918)"/>
   </segment>
   <segment nite:id="Bmr007.segment.1,456" starttime="1924.89" endtime="1926.69" participant="me011" timing-provenance="dialogueact">
      <nite:child href="Bmr007.H.words.xml#id(Bmr007.w.8,919)..id(Bmr007.w.8,926)"/>
   </segment>
   <segment nite:id="Bmr007.segment.1,458" starttime="1926.732" endtime="1927.065" participant="me011" timing-provenance="segment">
      <nite:child href="Bmr007.H.words.xml#id(Bmr007.vocalsound.368)"/>
   </segment>
   <segment nite:id="Bmr007.segment.1,459" starttime="1927.11" endtime="1930.1" participant="me011" timing-provenance="dialogueact">
      <nite:child href="Bmr007.H.words.xml#id(Bmr007.w.8,929)..id(Bmr007.w.8,942)"/>
   </segment>
   <segment nite:id="Bmr007.segment.1,460" starttime="1930.49" endtime="1934.17" participant="me011" timing-provenance="dialogueact">
      <nite:child href="Bmr007.H.words.xml#id(Bmr007.w.8,943)..id(Bmr007.w.8,959)"/>
   </segment>
   <segment nite:id="Bmr007.segment.1,463" starttime="1934.207" endtime="1935.091" participant="me011" timing-provenance="segment">
      <nite:child href="Bmr007.H.words.xml#id(Bmr007.vocalsound.370)"/>
   </segment>
   <segment nite:id="Bmr007.segment.1,464" starttime="1935.15" endtime="1936.62" participant="me011" timing-provenance="dialogueact">
      <nite:child href="Bmr007.H.words.xml#id(Bmr007.w.8,979)..id(Bmr007.w.8,990)"/>
   </segment>
   <segment nite:id="Bmr007.segment.1,470" starttime="1937.36" endtime="1938.09" participant="me011" timing-provenance="dialogueact">
      <nite:child href="Bmr007.H.words.xml#id(Bmr007.w.8,993)..id(Bmr007.w.8,995)"/>
   </segment>
   <segment nite:id="Bmr007.segment.1,474" starttime="1940.96" endtime="1942.62" participant="me011" timing-provenance="dialogueact">
      <nite:child href="Bmr007.H.words.xml#id(Bmr007.w.9,013)..id(Bmr007.w.9,021)"/>
   </segment>
   <segment nite:id="Bmr007.segment.1,476" starttime="1943.05" endtime="1946.08" participant="me011" timing-provenance="dialogueact">
      <nite:child href="Bmr007.H.words.xml#id(Bmr007.w.9,024)..id(Bmr007.w.9,042)"/>
   </segment>
   <segment nite:id="Bmr007.segment.1,477" starttime="1946.125" endtime="1946.595" participant="me011" timing-provenance="segment">
      <nite:child href="Bmr007.H.words.xml#id(Bmr007.vocalsound.377)"/>
   </segment>
   <segment nite:id="Bmr007.segment.1,478" starttime="1946.69" endtime="1951.35" participant="me011" timing-provenance="dialogueact">
      <nite:child href="Bmr007.H.words.xml#id(Bmr007.w.9,043)..id(Bmr007.w.9,062)"/>
   </segment>
   <segment nite:id="Bmr007.segment.1,479" starttime="1951.421" endtime="1951.87" participant="me011" timing-provenance="segment">
      <nite:child href="Bmr007.H.words.xml#id(Bmr007.vocalsound.378)"/>
   </segment>
   <segment nite:id="Bmr007.segment.1,480" starttime="1951.91" endtime="1953.64" participant="me011" timing-provenance="dialogueact">
      <nite:child href="Bmr007.H.words.xml#id(Bmr007.w.9,063)..id(Bmr007.w.9,073)"/>
   </segment>
   <segment nite:id="Bmr007.segment.1,481" starttime="1953.68" endtime="1954.1" participant="me011" timing-provenance="segment">
      <nite:child href="Bmr007.H.words.xml#id(Bmr007.vocalsound.379)"/>
   </segment>
   <segment nite:id="Bmr007.segment.1,482" starttime="1954.11" endtime="1955.71" participant="me011" timing-provenance="dialogueact">
      <nite:child href="Bmr007.H.words.xml#id(Bmr007.w.9,074)..id(Bmr007.w.9,080)"/>
   </segment>
   <segment nite:id="Bmr007.segment.1,483" starttime="1955.71" endtime="1958.27" participant="me011" timing-provenance="dialogueact">
      <nite:child href="Bmr007.H.words.xml#id(Bmr007.pause.486)..id(Bmr007.w.9,088)"/>
   </segment>
   <segment nite:id="Bmr007.segment.1,484" starttime="1958.438" endtime="1958.583" participant="me011" timing-provenance="segment">
      <nite:child href="Bmr007.H.words.xml#id(Bmr007.vocalsound.380)"/>
   </segment>
   <segment nite:id="Bmr007.segment.1,485" starttime="1958.62" endtime="1960.27" participant="me011" timing-provenance="dialogueact">
      <nite:child href="Bmr007.H.words.xml#id(Bmr007.w.9,089)..id(Bmr007.w.9,093)"/>
   </segment>
   <segment nite:id="Bmr007.segment.1,486" starttime="1960.401" endtime="1961.23" participant="me011" timing-provenance="segment">
      <nite:child href="Bmr007.H.words.xml#id(Bmr007.vocalsound.381)"/>
   </segment>
   <segment nite:id="Bmr007.segment.1,487" starttime="1961.28" endtime="1961.78" participant="me011" timing-provenance="dialogueact">
      <nite:child href="Bmr007.H.words.xml#id(Bmr007.w.9,094)..id(Bmr007.w.9,095)"/>
   </segment>
   <segment nite:id="Bmr007.segment.1,488" starttime="1961.82" endtime="1962.29" participant="me011" timing-provenance="segment">
      <nite:child href="Bmr007.H.words.xml#id(Bmr007.vocalsound.382)"/>
   </segment>
   <segment nite:id="Bmr007.segment.1,489" starttime="1962.33" endtime="1968.3" participant="me011" timing-provenance="dialogueact">
      <nite:child href="Bmr007.H.words.xml#id(Bmr007.w.9,096)..id(Bmr007.w.9,130)"/>
   </segment>
   <segment nite:id="Bmr007.segment.1,490" starttime="1968.343" endtime="1968.68" participant="me011" timing-provenance="segment">
      <nite:child href="Bmr007.H.words.xml#id(Bmr007.vocalsound.383)"/>
   </segment>
   <segment nite:id="Bmr007.segment.1,491" starttime="1968.78" endtime="1974.04" participant="me011" timing-provenance="dialogueact">
      <nite:child href="Bmr007.H.words.xml#id(Bmr007.w.9,131)..id(Bmr007.w.9,155)"/>
   </segment>
   <segment nite:id="Bmr007.segment.1,492" starttime="1974.43" endtime="1975.5" participant="me011" timing-provenance="dialogueact">
      <nite:child href="Bmr007.H.words.xml#id(Bmr007.w.9,156)..id(Bmr007.w.9,159)"/>
   </segment>
   <segment nite:id="Bmr007.segment.1,493" starttime="1975.54" endtime="1975.94" participant="me011" timing-provenance="segment">
      <nite:child href="Bmr007.H.words.xml#id(Bmr007.vocalsound.384)"/>
   </segment>
   <segment nite:id="Bmr007.segment.1,495" starttime="1978.63" endtime="1980.64" participant="me011" timing-provenance="dialogueact">
      <nite:child href="Bmr007.H.words.xml#id(Bmr007.w.9,173)..id(Bmr007.w.9,184)"/>
   </segment>
   <segment nite:id="Bmr007.segment.1,496" starttime="1981.03" endtime="1981.33" participant="me011" timing-provenance="dialogueact">
      <nite:child href="Bmr007.H.words.xml#id(Bmr007.w.9,185)"/>
   </segment>
   <segment nite:id="Bmr007.segment.1,497" starttime="1982.06" endtime="1983.09" participant="me011" timing-provenance="dialogueact">
      <nite:child href="Bmr007.H.words.xml#id(Bmr007.w.9,186)..id(Bmr007.w.9,191)"/>
   </segment>
   <segment nite:id="Bmr007.segment.1,499" starttime="1984.0" endtime="1985.15" participant="me011" timing-provenance="dialogueact">
      <nite:child href="Bmr007.H.words.xml#id(Bmr007.w.9,199)..id(Bmr007.w.9,209)"/>
   </segment>
   <segment nite:id="Bmr007.segment.1,502" starttime="1986.91" endtime="1988.56" participant="me011" timing-provenance="dialogueact">
      <nite:child href="Bmr007.H.words.xml#id(Bmr007.w.9,219)..id(Bmr007.w.9,223)"/>
   </segment>
   <segment nite:id="Bmr007.segment.1,504" starttime="1989.22" endtime="1989.39" participant="me011" timing-provenance="dialogueact">
      <nite:child href="Bmr007.H.words.xml#id(Bmr007.w.9,226)"/>
   </segment>
   <segment nite:id="Bmr007.segment.1,505" starttime="1989.91" endtime="1991.57" participant="me011" timing-provenance="dialogueact">
      <nite:child href="Bmr007.H.words.xml#id(Bmr007.w.9,227)..id(Bmr007.w.9,235)"/>
   </segment>
   <segment nite:id="Bmr007.segment.1,506" starttime="1991.9" endtime="1992.96" participant="me011" timing-provenance="dialogueact">
      <nite:child href="Bmr007.H.words.xml#id(Bmr007.w.9,236)..id(Bmr007.w.9,242)"/>
   </segment>
   <segment nite:id="Bmr007.segment.1,507" starttime="1993.0" endtime="1993.58" participant="me011" timing-provenance="segment">
      <nite:child href="Bmr007.H.words.xml#id(Bmr007.vocalsound.385)"/>
   </segment>
   <segment nite:id="Bmr007.segment.1,509" starttime="1993.67" endtime="1994.87" participant="me011" timing-provenance="dialogueact">
      <nite:child href="Bmr007.H.words.xml#id(Bmr007.w.9,247)..id(Bmr007.w.9,252)"/>
   </segment>
   <segment nite:id="Bmr007.segment.1,510" starttime="1996.759" endtime="1998.48" participant="me011" timing-provenance="segment">
      <nite:child href="Bmr007.H.words.xml#id(Bmr007.w.9,253)..id(Bmr007.disfmarker.370)"/>
   </segment>
   <segment nite:id="Bmr007.segment.1,512" starttime="2000.01" endtime="2001.07" participant="me011" timing-provenance="dialogueact">
      <nite:child href="Bmr007.H.words.xml#id(Bmr007.w.9,271)..id(Bmr007.w.9,276)"/>
   </segment>
   <segment nite:id="Bmr007.segment.1,515" starttime="2002.37" endtime="2002.53" participant="me011" timing-provenance="dialogueact">
      <nite:child href="Bmr007.H.words.xml#id(Bmr007.w.9,282)..id(Bmr007.w.9,283)"/>
   </segment>
   <segment nite:id="Bmr007.segment.1,521" starttime="2005.82" endtime="2011.99" participant="me011" timing-provenance="dialogueact">
      <nite:child href="Bmr007.H.words.xml#id(Bmr007.w.9,297)..id(Bmr007.w.9,334)"/>
   </segment>
   <segment nite:id="Bmr007.segment.1,522" starttime="2012.029" endtime="2012.352" participant="me011" timing-provenance="segment">
      <nite:child href="Bmr007.H.words.xml#id(Bmr007.vocalsound.389)"/>
   </segment>
   <segment nite:id="Bmr007.segment.1,524" starttime="2012.39" endtime="2014.52" participant="me011" timing-provenance="dialogueact">
      <nite:child href="Bmr007.H.words.xml#id(Bmr007.w.9,337)..id(Bmr007.w.9,348)"/>
   </segment>
   <segment nite:id="Bmr007.segment.1,526" starttime="2014.561" endtime="2014.898" participant="me011" timing-provenance="segment">
      <nite:child href="Bmr007.H.words.xml#id(Bmr007.vocalsound.390)"/>
   </segment>
   <segment nite:id="Bmr007.segment.1,527" starttime="2014.94" endtime="2016.32" participant="me011" timing-provenance="dialogueact">
      <nite:child href="Bmr007.H.words.xml#id(Bmr007.w.9,351)..id(Bmr007.w.9,357)"/>
   </segment>
   <segment nite:id="Bmr007.segment.1,528" starttime="2016.36" endtime="2017.02" participant="me011" timing-provenance="segment">
      <nite:child href="Bmr007.H.words.xml#id(Bmr007.vocalsound.391)"/>
   </segment>
   <segment nite:id="Bmr007.segment.1,529" starttime="2017.06" endtime="2019.65" participant="me011" timing-provenance="dialogueact">
      <nite:child href="Bmr007.H.words.xml#id(Bmr007.w.9,358)..id(Bmr007.w.9,366)"/>
   </segment>
   <segment nite:id="Bmr007.segment.1,530" starttime="2020.87" endtime="2025.14" participant="me011" timing-provenance="dialogueact">
      <nite:child href="Bmr007.H.words.xml#id(Bmr007.w.9,367)..id(Bmr007.w.9,391)"/>
   </segment>
   <segment nite:id="Bmr007.segment.1,531" starttime="2025.18" endtime="2025.699" participant="me011" timing-provenance="segment">
      <nite:child href="Bmr007.H.words.xml#id(Bmr007.vocalsound.392)"/>
   </segment>
   <segment nite:id="Bmr007.segment.1,532" starttime="2025.74" endtime="2026.27" participant="me011" timing-provenance="dialogueact">
      <nite:child href="Bmr007.H.words.xml#id(Bmr007.w.9,392)"/>
   </segment>
   <segment nite:id="Bmr007.segment.1,533" starttime="2026.91" endtime="2027.89" participant="me011" timing-provenance="dialogueact">
      <nite:child href="Bmr007.H.words.xml#id(Bmr007.w.9,393)..id(Bmr007.w.9,398)"/>
   </segment>
   <segment nite:id="Bmr007.segment.1,534" starttime="2028.55" endtime="2029.12" participant="me011" timing-provenance="dialogueact">
      <nite:child href="Bmr007.H.words.xml#id(Bmr007.w.9,399)..id(Bmr007.w.9,403)"/>
   </segment>
   <segment nite:id="Bmr007.segment.1,535" starttime="2029.55" endtime="2030.69" participant="me011" timing-provenance="dialogueact">
      <nite:child href="Bmr007.H.words.xml#id(Bmr007.w.9,404)..id(Bmr007.w.9,410)"/>
   </segment>
   <segment nite:id="Bmr007.segment.1,536" starttime="2031.07" endtime="2031.74" participant="me011" timing-provenance="dialogueact">
      <nite:child href="Bmr007.H.words.xml#id(Bmr007.w.9,411)..id(Bmr007.w.9,415)"/>
   </segment>
   <segment nite:id="Bmr007.segment.1,537" starttime="2031.777" endtime="2032.31" participant="me011" timing-provenance="segment">
      <nite:child href="Bmr007.H.words.xml#id(Bmr007.vocalsound.393)"/>
   </segment>
   <segment nite:id="Bmr007.segment.1,538" starttime="2032.39" endtime="2033.2" participant="me011" timing-provenance="dialogueact">
      <nite:child href="Bmr007.H.words.xml#id(Bmr007.w.9,416)..id(Bmr007.w.9,419)"/>
   </segment>
   <segment nite:id="Bmr007.segment.1,539" starttime="2033.97" endtime="2034.92" participant="me011" timing-provenance="dialogueact">
      <nite:child href="Bmr007.H.words.xml#id(Bmr007.w.9,420)..id(Bmr007.w.9,424)"/>
   </segment>
   <segment nite:id="Bmr007.segment.1,541" starttime="2038.63" endtime="2046.72" participant="me011" timing-provenance="dialogueact">
      <nite:child href="Bmr007.H.words.xml#id(Bmr007.w.9,426)..id(Bmr007.w.9,460)"/>
   </segment>
   <segment nite:id="Bmr007.segment.1,542" starttime="2046.76" endtime="2047.78" participant="me011" timing-provenance="segment">
      <nite:child href="Bmr007.H.words.xml#id(Bmr007.vocalsound.395)"/>
   </segment>
   <segment nite:id="Bmr007.segment.1,544" starttime="2051.36" endtime="2051.57" participant="me011" timing-provenance="dialogueact">
      <nite:child href="Bmr007.H.words.xml#id(Bmr007.w.9,474)..id(Bmr007.w.9,475)"/>
   </segment>
   <segment nite:id="Bmr007.segment.1,545" starttime="2052.03" endtime="2052.68" participant="me011" timing-provenance="dialogueact">
      <nite:child href="Bmr007.H.words.xml#id(Bmr007.w.9,476)..id(Bmr007.w.9,480)"/>
   </segment>
   <segment nite:id="Bmr007.segment.1,546" starttime="2054.65" endtime="2055.24" participant="me011" timing-provenance="dialogueact">
      <nite:child href="Bmr007.H.words.xml#id(Bmr007.w.9,481)..id(Bmr007.w.9,484)"/>
   </segment>
   <segment nite:id="Bmr007.segment.1,547" starttime="2055.67" endtime="2058.999" participant="me011" timing-provenance="segment">
      <nite:child href="Bmr007.H.words.xml#id(Bmr007.w.9,485)..id(Bmr007.vocalsound.396)"/>
   </segment>
   <segment nite:id="Bmr007.segment.1,548" starttime="2059.06" endtime="2061.12" participant="me011" timing-provenance="dialogueact">
      <nite:child href="Bmr007.H.words.xml#id(Bmr007.w.9,499)..id(Bmr007.w.9,510)"/>
   </segment>
   <segment nite:id="Bmr007.segment.1,549" starttime="2061.26" endtime="2061.8" participant="me011" timing-provenance="segment">
      <nite:child href="Bmr007.H.words.xml#id(Bmr007.vocalsound.397)"/>
   </segment>
   <segment nite:id="Bmr007.segment.1,550" starttime="2061.85" endtime="2068.13" participant="me011" timing-provenance="dialogueact">
      <nite:child href="Bmr007.H.words.xml#id(Bmr007.w.9,511)..id(Bmr007.w.9,532)"/>
   </segment>
   <segment nite:id="Bmr007.segment.1,551" starttime="2068.26" endtime="2073.39" participant="me011" timing-provenance="segment">
      <nite:child href="Bmr007.H.words.xml#id(Bmr007.vocalsound.398)..id(Bmr007.disfmarker.373)"/>
   </segment>
   <segment nite:id="Bmr007.segment.1,552" starttime="2073.39" endtime="2073.663" participant="me011" timing-provenance="segment">
      <nite:child href="Bmr007.H.words.xml#id(Bmr007.vocalsound.399)"/>
   </segment>
   <segment nite:id="Bmr007.segment.1,553" starttime="2073.74" endtime="2076.29" participant="me011" timing-provenance="dialogueact">
      <nite:child href="Bmr007.H.words.xml#id(Bmr007.w.9,548)..id(Bmr007.w.9,560)"/>
   </segment>
   <segment nite:id="Bmr007.segment.1,554" starttime="2076.337" endtime="2078.73" participant="me011" timing-provenance="segment">
      <nite:child href="Bmr007.H.words.xml#id(Bmr007.vocalsound.400)..id(Bmr007.w.9,570)"/>
   </segment>
   <segment nite:id="Bmr007.segment.1,555" starttime="2078.73" endtime="2079.54" participant="me011" timing-provenance="segment">
      <nite:child href="Bmr007.H.words.xml#id(Bmr007.vocalsound.401)"/>
   </segment>
   <segment nite:id="Bmr007.segment.1,556" starttime="2079.58" endtime="2083.45" participant="me011" timing-provenance="dialogueact">
      <nite:child href="Bmr007.H.words.xml#id(Bmr007.w.9,571)..id(Bmr007.w.9,584)"/>
   </segment>
   <segment nite:id="Bmr007.segment.1,557" starttime="2083.86" endtime="2084.45" participant="me011" timing-provenance="dialogueact">
      <nite:child href="Bmr007.H.words.xml#id(Bmr007.w.9,585)..id(Bmr007.w.9,586)"/>
   </segment>
   <segment nite:id="Bmr007.segment.1,558" starttime="2084.49" endtime="2085.41" participant="me011" timing-provenance="segment">
      <nite:child href="Bmr007.H.words.xml#id(Bmr007.vocalsound.402)"/>
   </segment>
   <segment nite:id="Bmr007.segment.1,559" starttime="2085.45" endtime="2087.61" participant="me011" timing-provenance="dialogueact">
      <nite:child href="Bmr007.H.words.xml#id(Bmr007.w.9,587)..id(Bmr007.w.9,597)"/>
   </segment>
   <segment nite:id="Bmr007.segment.1,560" starttime="2087.66" endtime="2088.14" participant="me011" timing-provenance="segment">
      <nite:child href="Bmr007.H.words.xml#id(Bmr007.vocalsound.403)"/>
   </segment>
   <segment nite:id="Bmr007.segment.1,561" starttime="2088.15" endtime="2090.81" participant="me011" timing-provenance="dialogueact">
      <nite:child href="Bmr007.H.words.xml#id(Bmr007.w.9,598)..id(Bmr007.w.9,609)"/>
   </segment>
   <segment nite:id="Bmr007.segment.1,562" starttime="2091.14" endtime="2094.91" participant="me011" timing-provenance="segment">
      <nite:child href="Bmr007.H.words.xml#id(Bmr007.vocalsound.404)..id(Bmr007.w.9,625)"/>
   </segment>
   <segment nite:id="Bmr007.segment.1,563" starttime="2094.91" endtime="2095.36" participant="me011" timing-provenance="segment">
      <nite:child href="Bmr007.H.words.xml#id(Bmr007.vocalsound.405)"/>
   </segment>
   <segment nite:id="Bmr007.segment.1,564" starttime="2095.4" endtime="2095.68" participant="me011" timing-provenance="dialogueact">
      <nite:child href="Bmr007.H.words.xml#id(Bmr007.w.9,626)"/>
   </segment>
   <segment nite:id="Bmr007.segment.1,565" starttime="2096.28" endtime="2097.05" participant="me011" timing-provenance="dialogueact">
      <nite:child href="Bmr007.H.words.xml#id(Bmr007.w.9,627)..id(Bmr007.w.9,628)"/>
   </segment>
   <segment nite:id="Bmr007.segment.1,566" starttime="2097.09" endtime="2097.4" participant="me011" timing-provenance="segment">
      <nite:child href="Bmr007.H.words.xml#id(Bmr007.vocalsound.406)"/>
   </segment>
   <segment nite:id="Bmr007.segment.1,567" starttime="2097.44" endtime="2097.75" participant="me011" timing-provenance="dialogueact">
      <nite:child href="Bmr007.H.words.xml#id(Bmr007.w.9,629)"/>
   </segment>
   <segment nite:id="Bmr007.segment.1,568" starttime="2097.79" endtime="2098.47" participant="me011" timing-provenance="segment">
      <nite:child href="Bmr007.H.words.xml#id(Bmr007.vocalsound.407)"/>
   </segment>
   <segment nite:id="Bmr007.segment.1,569" starttime="2098.61" endtime="2102.84" participant="me011" timing-provenance="dialogueact">
      <nite:child href="Bmr007.H.words.xml#id(Bmr007.w.9,630)..id(Bmr007.w.9,644)"/>
   </segment>
   <segment nite:id="Bmr007.segment.1,570" starttime="2102.88" endtime="2103.69" participant="me011" timing-provenance="segment">
      <nite:child href="Bmr007.H.words.xml#id(Bmr007.vocalsound.408)"/>
   </segment>
   <segment nite:id="Bmr007.segment.1,571" starttime="2103.69" endtime="2106.17" participant="me011" timing-provenance="segment">
      <nite:child href="Bmr007.H.words.xml#id(Bmr007.w.9,645)..id(Bmr007.disfmarker.377)"/>
   </segment>
   <segment nite:id="Bmr007.segment.1,572" starttime="2106.92" endtime="2108.66" participant="me011" timing-provenance="dialogueact">
      <nite:child href="Bmr007.H.words.xml#id(Bmr007.w.9,655)..id(Bmr007.w.9,661)"/>
   </segment>
   <segment nite:id="Bmr007.segment.1,573" starttime="2109.07" endtime="2111.59" participant="me011" timing-provenance="dialogueact">
      <nite:child href="Bmr007.H.words.xml#id(Bmr007.w.9,662)..id(Bmr007.w.9,673)"/>
   </segment>
   <segment nite:id="Bmr007.segment.1,575" starttime="2113.78" endtime="2115.34" participant="me011" timing-provenance="dialogueact">
      <nite:child href="Bmr007.H.words.xml#id(Bmr007.w.9,680)..id(Bmr007.w.9,690)"/>
   </segment>
   <segment nite:id="Bmr007.segment.1,577" starttime="2116.01" endtime="2118.22" participant="me011" timing-provenance="dialogueact">
      <nite:child href="Bmr007.H.words.xml#id(Bmr007.w.9,693)..id(Bmr007.w.9,705)"/>
   </segment>
   <segment nite:id="Bmr007.segment.1,579" starttime="2119.83" endtime="2120.78" participant="me011" timing-provenance="dialogueact">
      <nite:child href="Bmr007.H.words.xml#id(Bmr007.w.9,712)..id(Bmr007.pause.494)"/>
   </segment>
   <segment nite:id="Bmr007.segment.1,580" starttime="2120.78" endtime="2126.25" participant="me011" timing-provenance="dialogueact">
      <nite:child href="Bmr007.H.words.xml#id(Bmr007.w.9,713)..id(Bmr007.w.9,738)"/>
   </segment>
   <segment nite:id="Bmr007.segment.1,581" starttime="2126.307" endtime="2126.99" participant="me011" timing-provenance="segment">
      <nite:child href="Bmr007.H.words.xml#id(Bmr007.vocalsound.409)"/>
   </segment>
   <segment nite:id="Bmr007.segment.1,582" starttime="2127.03" endtime="2128.02" participant="me011" timing-provenance="dialogueact">
      <nite:child href="Bmr007.H.words.xml#id(Bmr007.w.9,739)..id(Bmr007.w.9,741)"/>
   </segment>
   <segment nite:id="Bmr007.segment.1,583" starttime="2128.45" endtime="2130.3" participant="me011" timing-provenance="dialogueact">
      <nite:child href="Bmr007.H.words.xml#id(Bmr007.w.9,742)..id(Bmr007.w.9,749)"/>
   </segment>
   <segment nite:id="Bmr007.segment.1,584" starttime="2130.52" endtime="2131.03" participant="me011" timing-provenance="segment">
      <nite:child href="Bmr007.H.words.xml#id(Bmr007.vocalsound.410)"/>
   </segment>
   <segment nite:id="Bmr007.segment.1,585" starttime="2131.04" endtime="2135.51" participant="me011" timing-provenance="dialogueact">
      <nite:child href="Bmr007.H.words.xml#id(Bmr007.w.9,750)..id(Bmr007.w.9,770)"/>
   </segment>
   <segment nite:id="Bmr007.segment.1,586" starttime="2135.55" endtime="2135.84" participant="me011" timing-provenance="segment">
      <nite:child href="Bmr007.H.words.xml#id(Bmr007.vocalsound.412)"/>
   </segment>
   <segment nite:id="Bmr007.segment.1,587" starttime="2135.88" endtime="2138.11" participant="me011" timing-provenance="dialogueact">
      <nite:child href="Bmr007.H.words.xml#id(Bmr007.w.9,771)..id(Bmr007.w.9,778)"/>
   </segment>
   <segment nite:id="Bmr007.segment.1,588" starttime="2138.66" endtime="2139.38" participant="me011" timing-provenance="dialogueact">
      <nite:child href="Bmr007.H.words.xml#id(Bmr007.w.9,779)..id(Bmr007.w.9,781)"/>
   </segment>
   <segment nite:id="Bmr007.segment.1,589" starttime="2139.43" endtime="2140.12" participant="me011" timing-provenance="segment">
      <nite:child href="Bmr007.H.words.xml#id(Bmr007.vocalsound.413)"/>
   </segment>
   <segment nite:id="Bmr007.segment.1,590" starttime="2140.16" endtime="2140.91" participant="me011" timing-provenance="dialogueact">
      <nite:child href="Bmr007.H.words.xml#id(Bmr007.w.9,782)..id(Bmr007.w.9,784)"/>
   </segment>
   <segment nite:id="Bmr007.segment.1,591" starttime="2141.33" endtime="2146.12" participant="me011" timing-provenance="dialogueact">
      <nite:child href="Bmr007.H.words.xml#id(Bmr007.w.9,785)..id(Bmr007.w.9,811)"/>
   </segment>
   <segment nite:id="Bmr007.segment.1,592" starttime="2146.16" endtime="2146.71" participant="me011" timing-provenance="segment">
      <nite:child href="Bmr007.H.words.xml#id(Bmr007.vocalsound.414)"/>
   </segment>
   <segment nite:id="Bmr007.segment.1,593" starttime="2146.71" endtime="2149.06" participant="me011" timing-provenance="segment">
      <nite:child href="Bmr007.H.words.xml#id(Bmr007.vocalsound.415)..id(Bmr007.w.9,821)"/>
   </segment>
   <segment nite:id="Bmr007.segment.1,594" starttime="2150.89" endtime="2151.96" participant="me011" timing-provenance="dialogueact">
      <nite:child href="Bmr007.H.words.xml#id(Bmr007.w.9,822)..id(Bmr007.w.9,829)"/>
   </segment>
   <segment nite:id="Bmr007.segment.1,595" starttime="2152.79" endtime="2154.18" participant="me011" timing-provenance="dialogueact">
      <nite:child href="Bmr007.H.words.xml#id(Bmr007.w.9,830)..id(Bmr007.w.9,839)"/>
   </segment>
   <segment nite:id="Bmr007.segment.1,596" starttime="2155.71" endtime="2158.11" participant="me011" timing-provenance="dialogueact">
      <nite:child href="Bmr007.H.words.xml#id(Bmr007.w.9,840)..id(Bmr007.w.9,850)"/>
   </segment>
   <segment nite:id="Bmr007.segment.1,597" starttime="2158.46" endtime="2162.57" participant="me011" timing-provenance="segment">
      <nite:child href="Bmr007.H.words.xml#id(Bmr007.vocalsound.416)..id(Bmr007.w.9,863)"/>
   </segment>
   <segment nite:id="Bmr007.segment.1,604" starttime="2176.76" endtime="2181.02" participant="me011" timing-provenance="dialogueact">
      <nite:child href="Bmr007.H.words.xml#id(Bmr007.w.9,913)..id(Bmr007.w.9,931)"/>
   </segment>
   <segment nite:id="Bmr007.segment.1,607" starttime="2181.1" endtime="2182.076" participant="me011" timing-provenance="segment">
      <nite:child href="Bmr007.H.words.xml#id(Bmr007.w.9,936)..id(Bmr007.disfmarker.391)"/>
   </segment>
   <segment nite:id="Bmr007.segment.1,619" starttime="2207.11" endtime="2207.6" participant="me011" timing-provenance="dialogueact">
      <nite:child href="Bmr007.H.words.xml#id(Bmr007.w.10,005)..id(Bmr007.w.10,008)"/>
   </segment>
   <segment nite:id="Bmr007.segment.1,628" starttime="2226.217" endtime="2228.195" participant="me011" timing-provenance="segment">
      <nite:child href="Bmr007.H.words.xml#id(Bmr007.w.10,070)..id(Bmr007.disfmarker.407)"/>
   </segment>
   <segment nite:id="Bmr007.segment.1,634" starttime="2234.03" endtime="2235.07" participant="me011" timing-provenance="dialogueact">
      <nite:child href="Bmr007.H.words.xml#id(Bmr007.w.10,109)..id(Bmr007.w.10,113)"/>
   </segment>
   <segment nite:id="Bmr007.segment.1,639" starttime="2250.07" endtime="2250.37" participant="me011" timing-provenance="dialogueact">
      <nite:child href="Bmr007.H.words.xml#id(Bmr007.w.10,166)..id(Bmr007.w.10,167)"/>
   </segment>
   <segment nite:id="Bmr007.segment.1,642" starttime="2259.85" endtime="2260.02" participant="me011" timing-provenance="dialogueact">
      <nite:child href="Bmr007.H.words.xml#id(Bmr007.w.10,195)..id(Bmr007.w.10,196)"/>
   </segment>
   <segment nite:id="Bmr007.segment.1,644" starttime="2260.89" endtime="2261.85" participant="me011" timing-provenance="dialogueact">
      <nite:child href="Bmr007.H.words.xml#id(Bmr007.w.10,205)..id(Bmr007.w.10,208)"/>
   </segment>
   <segment nite:id="Bmr007.segment.1,650" starttime="2273.15" endtime="2278.17" participant="me011" timing-provenance="dialogueact">
      <nite:child href="Bmr007.H.words.xml#id(Bmr007.w.10,262)..id(Bmr007.w.10,291)"/>
   </segment>
   <segment nite:id="Bmr007.segment.1,652" starttime="2278.206" endtime="2279.218" participant="me011" timing-provenance="segment">
      <nite:child href="Bmr007.H.words.xml#id(Bmr007.vocalsound.434)"/>
   </segment>
   <segment nite:id="Bmr007.segment.1,659" starttime="2309.1" endtime="2309.33" participant="me011" timing-provenance="dialogueact">
      <nite:child href="Bmr007.H.words.xml#id(Bmr007.w.10,394)..id(Bmr007.w.10,395)"/>
   </segment>
   <segment nite:id="Bmr007.segment.1,664" starttime="2333.48" endtime="2333.79" participant="me011" timing-provenance="dialogueact">
      <nite:child href="Bmr007.H.words.xml#id(Bmr007.w.10,439)..id(Bmr007.w.10,442)"/>
   </segment>
   <segment nite:id="Bmr007.segment.1,665" starttime="2334.08" endtime="2335.24" participant="me011" timing-provenance="dialogueact">
      <nite:child href="Bmr007.H.words.xml#id(Bmr007.w.10,443)..id(Bmr007.w.10,449)"/>
   </segment>
   <segment nite:id="Bmr007.segment.1,686" starttime="2392.45" endtime="2392.66" participant="me011" timing-provenance="dialogueact">
      <nite:child href="Bmr007.H.words.xml#id(Bmr007.w.10,624)..id(Bmr007.w.10,625)"/>
   </segment>
   <segment nite:id="Bmr007.segment.1,692" starttime="2400.86" endtime="2401.41" participant="me011" timing-provenance="dialogueact">
      <nite:child href="Bmr007.H.words.xml#id(Bmr007.w.10,678)..id(Bmr007.w.10,680)"/>
   </segment>
   <segment nite:id="Bmr007.segment.1,716" starttime="2443.71" endtime="2444.46" participant="me011" timing-provenance="dialogueact">
      <nite:child href="Bmr007.H.words.xml#id(Bmr007.w.10,834)..id(Bmr007.w.10,837)"/>
   </segment>
   <segment nite:id="Bmr007.segment.1,721" starttime="2462.69" endtime="2463.0" participant="me011" timing-provenance="dialogueact">
      <nite:child href="Bmr007.H.words.xml#id(Bmr007.w.10,903)..id(Bmr007.w.10,904)"/>
   </segment>
   <segment nite:id="Bmr007.segment.1,750" starttime="2544.34" endtime="2545.14" participant="me011" timing-provenance="dialogueact">
      <nite:child href="Bmr007.H.words.xml#id(Bmr007.w.11,135)..id(Bmr007.w.11,139)"/>
   </segment>
   <segment nite:id="Bmr007.segment.1,756" starttime="2547.175" endtime="2547.966" participant="me011" timing-provenance="segment">
      <nite:child href="Bmr007.H.words.xml#id(Bmr007.w.11,160)..id(Bmr007.w.11,163)"/>
   </segment>
   <segment nite:id="Bmr007.segment.1,765" starttime="2562.0" endtime="2564.4" participant="me011" timing-provenance="dialogueact">
      <nite:child href="Bmr007.H.words.xml#id(Bmr007.w.11,237)..id(Bmr007.w.11,252)"/>
   </segment>
   <segment nite:id="Bmr007.segment.1,805" starttime="2628.1" endtime="2634.35" participant="me011" timing-provenance="dialogueact">
      <nite:child href="Bmr007.H.words.xml#id(Bmr007.w.11,540)..id(Bmr007.w.11,567)"/>
   </segment>
   <segment nite:id="Bmr007.segment.1,807" starttime="2634.395" endtime="2634.684" participant="me011" timing-provenance="segment">
      <nite:child href="Bmr007.H.words.xml#id(Bmr007.vocalsound.494)"/>
   </segment>
   <segment nite:id="Bmr007.segment.1,808" starttime="2634.72" endtime="2636.56" participant="me011" timing-provenance="dialogueact">
      <nite:child href="Bmr007.H.words.xml#id(Bmr007.w.11,571)..id(Bmr007.w.11,579)"/>
   </segment>
   <segment nite:id="Bmr007.segment.1,809" starttime="2636.6" endtime="2636.86" participant="me011" timing-provenance="segment">
      <nite:child href="Bmr007.H.words.xml#id(Bmr007.vocalsound.495)"/>
   </segment>
   <segment nite:id="Bmr007.segment.1,811" starttime="2636.86" endtime="2638.452" participant="me011" timing-provenance="segment">
      <nite:child href="Bmr007.H.words.xml#id(Bmr007.w.11,582)..id(Bmr007.disfmarker.497)"/>
   </segment>
   <segment nite:id="Bmr007.segment.1,814" starttime="2638.452" endtime="2645.03" participant="me011" timing-provenance="segment">
      <nite:child href="Bmr007.H.words.xml#id(Bmr007.pause.593)..id(Bmr007.w.11,610)"/>
   </segment>
   <segment nite:id="Bmr007.segment.1,821" starttime="2644.96" endtime="2648.5" participant="me011" timing-provenance="dialogueact">
      <nite:child href="Bmr007.H.words.xml#id(Bmr007.pause.596)..id(Bmr007.w.11,648)"/>
   </segment>
   <segment nite:id="Bmr007.segment.1,824" starttime="2648.608" endtime="2649.49" participant="me011" timing-provenance="segment">
      <nite:child href="Bmr007.H.words.xml#id(Bmr007.w.11,652)..id(Bmr007.vocalsound.496)"/>
   </segment>
   <segment nite:id="Bmr007.segment.1,830" starttime="2662.06" endtime="2662.28" participant="me011" timing-provenance="dialogueact">
      <nite:child href="Bmr007.H.words.xml#id(Bmr007.w.11,690)..id(Bmr007.w.11,691)"/>
   </segment>
   <segment nite:id="Bmr007.segment.1,833" starttime="2665.89" endtime="2666.59" participant="me011" timing-provenance="dialogueact">
      <nite:child href="Bmr007.H.words.xml#id(Bmr007.w.11,712)..id(Bmr007.w.11,714)"/>
   </segment>
   <segment nite:id="Bmr007.segment.1,850" starttime="2684.1" endtime="2684.55" participant="me011" timing-provenance="dialogueact">
      <nite:child href="Bmr007.H.words.xml#id(Bmr007.w.11,777)..id(Bmr007.w.11,780)"/>
   </segment>
   <segment nite:id="Bmr007.segment.1,856" starttime="2688.0" endtime="2688.7" participant="me011" timing-provenance="dialogueact">
      <nite:child href="Bmr007.H.words.xml#id(Bmr007.w.11,789)..id(Bmr007.w.11,794)"/>
   </segment>
   <segment nite:id="Bmr007.segment.1,859" starttime="2691.93" endtime="2692.64" participant="me011" timing-provenance="dialogueact">
      <nite:child href="Bmr007.H.words.xml#id(Bmr007.w.11,803)..id(Bmr007.w.11,807)"/>
   </segment>
   <segment nite:id="Bmr007.segment.1,862" starttime="2693.65" endtime="2695.327" participant="me011" timing-provenance="segment">
      <nite:child href="Bmr007.H.words.xml#id(Bmr007.w.11,808)..id(Bmr007.comment.40)"/>
   </segment>
   <segment nite:id="Bmr007.segment.1,864" starttime="2696.2" endtime="2696.62" participant="me011" timing-provenance="dialogueact">
      <nite:child href="Bmr007.H.words.xml#id(Bmr007.w.11,819)..id(Bmr007.w.11,820)"/>
   </segment>
   <segment nite:id="Bmr007.segment.1,882" starttime="2725.19" endtime="2727.2" participant="me011" timing-provenance="dialogueact">
      <nite:child href="Bmr007.H.words.xml#id(Bmr007.w.11,977)..id(Bmr007.w.11,986)"/>
   </segment>
   <segment nite:id="Bmr007.segment.1,883" starttime="2727.2" endtime="2728.33" participant="me011" timing-provenance="dialogueact">
      <nite:child href="Bmr007.H.words.xml#id(Bmr007.pause.617)..id(Bmr007.w.11,991)"/>
   </segment>
   <segment nite:id="Bmr007.segment.1,884" starttime="2728.33" endtime="2729.9" participant="me011" timing-provenance="dialogueact">
      <nite:child href="Bmr007.H.words.xml#id(Bmr007.pause.618)..id(Bmr007.w.11,998)"/>
   </segment>
   <segment nite:id="Bmr007.segment.1,885" starttime="2729.94" endtime="2730.46" participant="me011" timing-provenance="segment">
      <nite:child href="Bmr007.H.words.xml#id(Bmr007.vocalsound.514)"/>
   </segment>
   <segment nite:id="Bmr007.segment.1,887" starttime="2730.64" endtime="2733.86" participant="me011" timing-provenance="dialogueact">
      <nite:child href="Bmr007.H.words.xml#id(Bmr007.w.12,001)..id(Bmr007.w.12,015)"/>
   </segment>
   <segment nite:id="Bmr007.segment.1,889" starttime="2735.43" endtime="2737.57" participant="me011" timing-provenance="dialogueact">
      <nite:child href="Bmr007.H.words.xml#id(Bmr007.w.12,018)..id(Bmr007.w.12,025)"/>
   </segment>
   <segment nite:id="Bmr007.segment.1,895" starttime="2740.56" endtime="2740.83" participant="me011" timing-provenance="dialogueact">
      <nite:child href="Bmr007.H.words.xml#id(Bmr007.w.12,052)..id(Bmr007.w.12,053)"/>
   </segment>
   <segment nite:id="Bmr007.segment.1,898" starttime="2743.83" endtime="2744.87" participant="me011" timing-provenance="dialogueact">
      <nite:child href="Bmr007.H.words.xml#id(Bmr007.w.12,078)..id(Bmr007.w.12,084)"/>
   </segment>
   <segment nite:id="Bmr007.segment.1,899" starttime="2744.87" endtime="2746.78" participant="me011" timing-provenance="dialogueact">
      <nite:child href="Bmr007.H.words.xml#id(Bmr007.pause.625)..id(Bmr007.w.12,091)"/>
   </segment>
   <segment nite:id="Bmr007.segment.1,900" starttime="2746.885" endtime="2747.682" participant="me011" timing-provenance="segment">
      <nite:child href="Bmr007.H.words.xml#id(Bmr007.vocalsound.515)"/>
   </segment>
   <segment nite:id="Bmr007.segment.1,901" starttime="2747.86" endtime="2749.1" participant="me011" timing-provenance="dialogueact">
      <nite:child href="Bmr007.H.words.xml#id(Bmr007.w.12,092)..id(Bmr007.w.12,105)"/>
   </segment>
   <segment nite:id="Bmr007.segment.1,903" starttime="2750.6" endtime="2750.9" participant="me011" timing-provenance="dialogueact">
      <nite:child href="Bmr007.H.words.xml#id(Bmr007.w.12,115)..id(Bmr007.w.12,117)"/>
   </segment>
   <segment nite:id="Bmr007.segment.1,934" starttime="2821.36" endtime="2822.77" participant="me011" timing-provenance="dialogueact">
      <nite:child href="Bmr007.H.words.xml#id(Bmr007.w.12,391)..id(Bmr007.w.12,398)"/>
   </segment>
   <segment nite:id="Bmr007.segment.1,940" starttime="2831.916" endtime="2832.657" participant="me011" timing-provenance="segment">
      <nite:child href="Bmr007.H.words.xml#id(Bmr007.vocalsound.527)"/>
   </segment>
   <segment nite:id="Bmr007.segment.1,945" starttime="2833.19" endtime="2835.55" participant="me011" timing-provenance="dialogueact">
      <nite:child href="Bmr007.H.words.xml#id(Bmr007.w.12,447)..id(Bmr007.w.12,454)"/>
   </segment>
   <segment nite:id="Bmr007.segment.1,953" starttime="2839.171" endtime="2841.918" participant="me011" timing-provenance="segment">
      <nite:child href="Bmr007.H.words.xml#id(Bmr007.w.12,482)..id(Bmr007.w.12,493)"/>
   </segment>
   <segment nite:id="Bmr007.segment.1,960" starttime="2842.982" endtime="2844.609" participant="me011" timing-provenance="segment">
      <nite:child href="Bmr007.H.words.xml#id(Bmr007.w.12,508)..id(Bmr007.w.12,521)"/>
   </segment>
   <segment nite:id="Bmr007.segment.1,961" starttime="2844.609" endtime="2846.669" participant="me011" timing-provenance="segment">
      <nite:child href="Bmr007.H.words.xml#id(Bmr007.vocalsound.538)"/>
   </segment>
   <segment nite:id="Bmr007.segment.1,989" starttime="2873.12" endtime="2873.55" participant="me011" timing-provenance="dialogueact">
      <nite:child href="Bmr007.H.words.xml#id(Bmr007.w.12,678)..id(Bmr007.w.12,681)"/>
   </segment>
   <segment nite:id="Bmr007.segment.1,999" starttime="2884.37" endtime="2886.24" participant="me011" timing-provenance="dialogueact">
      <nite:child href="Bmr007.H.words.xml#id(Bmr007.w.12,757)..id(Bmr007.w.12,766)"/>
   </segment>
   <segment nite:id="Bmr007.segment.2,002" starttime="2886.342" endtime="2887.245" participant="me011" timing-provenance="segment">
      <nite:child href="Bmr007.H.words.xml#id(Bmr007.vocalsound.550)"/>
   </segment>
   <segment nite:id="Bmr007.segment.2,015" starttime="2903.63" endtime="2904.45" participant="me011" timing-provenance="dialogueact">
      <nite:child href="Bmr007.H.words.xml#id(Bmr007.w.12,855)..id(Bmr007.w.12,857)"/>
   </segment>
   <segment nite:id="Bmr007.segment.2,021" starttime="2906.07" endtime="2907.2" participant="me011" timing-provenance="dialogueact">
      <nite:child href="Bmr007.H.words.xml#id(Bmr007.w.12,881)..id(Bmr007.w.12,885)"/>
   </segment>
   <segment nite:id="Bmr007.segment.2,028" starttime="2910.021" endtime="2910.715" participant="me011" timing-provenance="segment">
      <nite:child href="Bmr007.H.words.xml#id(Bmr007.vocalsound.555)"/>
   </segment>
   <segment nite:id="Bmr007.segment.2,042" starttime="2919.38" endtime="2921.56" participant="me011" timing-provenance="dialogueact">
      <nite:child href="Bmr007.H.words.xml#id(Bmr007.w.12,953)..id(Bmr007.w.12,967)"/>
   </segment>
   <segment nite:id="Bmr007.segment.2,059" starttime="2938.965" endtime="2939.641" participant="me011" timing-provenance="segment">
      <nite:child href="Bmr007.H.words.xml#id(Bmr007.vocalsound.573)"/>
   </segment>
   <segment nite:id="Bmr007.segment.2,082" starttime="2973.13" endtime="2974.35" participant="me011" timing-provenance="segment">
      <nite:child href="Bmr007.H.words.xml#id(Bmr007.w.13,170)..id(Bmr007.disfmarker.575)"/>
   </segment>
   <segment nite:id="Bmr007.segment.2,085" starttime="2974.73" endtime="2975.67" participant="me011" timing-provenance="dialogueact">
      <nite:child href="Bmr007.H.words.xml#id(Bmr007.w.13,188)..id(Bmr007.w.13,192)"/>
   </segment>
   <segment nite:id="Bmr007.segment.2,091" starttime="2987.014" endtime="2987.506" participant="me011" timing-provenance="segment">
      <nite:child href="Bmr007.H.words.xml#id(Bmr007.vocalsound.583)"/>
   </segment>
   <segment nite:id="Bmr007.segment.2,120" starttime="3032.15" endtime="3032.49" participant="me011" timing-provenance="dialogueact">
      <nite:child href="Bmr007.H.words.xml#id(Bmr007.w.13,396)..id(Bmr007.w.13,399)"/>
   </segment>
   <segment nite:id="Bmr007.segment.2,127" starttime="3038.78" endtime="3041.66" participant="me011" timing-provenance="dialogueact">
      <nite:child href="Bmr007.H.words.xml#id(Bmr007.w.13,414)..id(Bmr007.w.13,425)"/>
   </segment>
   <segment nite:id="Bmr007.segment.2,130" starttime="3044.32" endtime="3047.21" participant="me011" timing-provenance="dialogueact">
      <nite:child href="Bmr007.H.words.xml#id(Bmr007.w.13,450)..id(Bmr007.w.13,469)"/>
   </segment>
   <segment nite:id="Bmr007.segment.2,134" starttime="3048.13" endtime="3048.4" participant="me011" timing-provenance="dialogueact">
      <nite:child href="Bmr007.H.words.xml#id(Bmr007.w.13,478)..id(Bmr007.w.13,479)"/>
   </segment>
   <segment nite:id="Bmr007.segment.2,137" starttime="3049.05" endtime="3050.73" participant="me011" timing-provenance="dialogueact">
      <nite:child href="Bmr007.H.words.xml#id(Bmr007.w.13,488)..id(Bmr007.w.13,495)"/>
   </segment>
   <segment nite:id="Bmr007.segment.2,140" starttime="3050.73" endtime="3051.55" participant="me011" timing-provenance="dialogueact">
      <nite:child href="Bmr007.H.words.xml#id(Bmr007.pause.678)..id(Bmr007.w.13,503)"/>
   </segment>
   <segment nite:id="Bmr007.segment.2,142" starttime="3051.55" endtime="3053.28" participant="me011" timing-provenance="dialogueact">
      <nite:child href="Bmr007.H.words.xml#id(Bmr007.pause.679)..id(Bmr007.w.13,509)"/>
   </segment>
   <segment nite:id="Bmr007.segment.2,167" starttime="3071.62" endtime="3073.557" participant="me011" timing-provenance="segment">
      <nite:child href="Bmr007.H.words.xml#id(Bmr007.vocalsound.611)"/>
   </segment>
   <segment nite:id="Bmr007.segment.2,178" starttime="3079.036" endtime="3079.573" participant="me011" timing-provenance="segment">
      <nite:child href="Bmr007.H.words.xml#id(Bmr007.vocalsound.619)"/>
   </segment>
   <segment nite:id="Bmr007.segment.2,180" starttime="3081.94" endtime="3086.17" participant="me011" timing-provenance="dialogueact">
      <nite:child href="Bmr007.H.words.xml#id(Bmr007.w.13,635)..id(Bmr007.w.13,654)"/>
   </segment>
   <segment nite:id="Bmr007.segment.2,181" starttime="3086.83" endtime="3091.43" participant="me011" timing-provenance="dialogueact">
      <nite:child href="Bmr007.H.words.xml#id(Bmr007.w.13,655)..id(Bmr007.w.13,675)"/>
   </segment>
   <segment nite:id="Bmr007.segment.2,185" starttime="3091.53" endtime="3095.168" participant="me011" timing-provenance="segment">
      <nite:child href="Bmr007.H.words.xml#id(Bmr007.vocalsound.622)"/>
   </segment>
   <segment nite:id="Bmr007.segment.2,203" starttime="3126.07" endtime="3129.29" participant="me011" timing-provenance="dialogueact">
      <nite:child href="Bmr007.H.words.xml#id(Bmr007.w.13,844)..id(Bmr007.w.13,860)"/>
   </segment>
   <segment nite:id="Bmr007.segment.2,206" starttime="3129.87" endtime="3132.47" participant="me011" timing-provenance="dialogueact">
      <nite:child href="Bmr007.H.words.xml#id(Bmr007.w.13,867)..id(Bmr007.w.13,880)"/>
   </segment>
   <segment nite:id="Bmr007.segment.2,207" starttime="3132.562" endtime="3135.929" participant="me011" timing-provenance="segment">
      <nite:child href="Bmr007.H.words.xml#id(Bmr007.vocalsound.626)..id(Bmr007.w.13,898)"/>
   </segment>
   <segment nite:id="Bmr007.segment.2,210" starttime="3135.929" endtime="3139.044" participant="me011" timing-provenance="segment">
      <nite:child href="Bmr007.H.words.xml#id(Bmr007.vocalsound.627)..id(Bmr007.w.13,915)"/>
   </segment>
   <segment nite:id="Bmr007.segment.2,215" starttime="3143.76" endtime="3144.02" participant="me011" timing-provenance="dialogueact">
      <nite:child href="Bmr007.H.words.xml#id(Bmr007.w.13,952)..id(Bmr007.w.13,953)"/>
   </segment>
   <segment nite:id="Bmr007.segment.2,217" starttime="3144.02" endtime="3145.67" participant="me011" timing-provenance="dialogueact">
      <nite:child href="Bmr007.H.words.xml#id(Bmr007.pause.687)..id(Bmr007.w.13,967)"/>
   </segment>
   <segment nite:id="Bmr007.segment.2,219" starttime="3145.821" endtime="3149.164" participant="me011" timing-provenance="segment">
      <nite:child href="Bmr007.H.words.xml#id(Bmr007.pause.688)..id(Bmr007.vocalsound.628)"/>
   </segment>
   <segment nite:id="Bmr007.segment.2,229" starttime="3154.57" endtime="3154.81" participant="me011" timing-provenance="dialogueact">
      <nite:child href="Bmr007.H.words.xml#id(Bmr007.w.14,046)..id(Bmr007.w.14,047)"/>
   </segment>
   <segment nite:id="Bmr007.segment.2,233" starttime="3155.85" endtime="3156.729" participant="me011" timing-provenance="segment">
      <nite:child href="Bmr007.H.words.xml#id(Bmr007.w.14,054)..id(Bmr007.disfmarker.617)"/>
   </segment>
   <segment nite:id="Bmr007.segment.2,239" starttime="3159.85" endtime="3160.14" participant="me011" timing-provenance="dialogueact">
      <nite:child href="Bmr007.H.words.xml#id(Bmr007.w.14,089)..id(Bmr007.w.14,090)"/>
   </segment>
   <segment nite:id="Bmr007.segment.2,244" starttime="3162.72" endtime="3163.19" participant="me011" timing-provenance="dialogueact">
      <nite:child href="Bmr007.H.words.xml#id(Bmr007.w.14,109)..id(Bmr007.w.14,111)"/>
   </segment>
   <segment nite:id="Bmr007.segment.2,248" starttime="3164.68" endtime="3167.68" participant="me011" timing-provenance="dialogueact">
      <nite:child href="Bmr007.H.words.xml#id(Bmr007.w.14,129)..id(Bmr007.w.14,144)"/>
   </segment>
   <segment nite:id="Bmr007.segment.2,250" starttime="3167.68" endtime="3171.32" participant="me011" timing-provenance="dialogueact">
      <nite:child href="Bmr007.H.words.xml#id(Bmr007.pause.692)..id(Bmr007.w.14,159)"/>
   </segment>
   <segment nite:id="Bmr007.segment.2,254" starttime="3172.8" endtime="3173.13" participant="me011" timing-provenance="dialogueact">
      <nite:child href="Bmr007.H.words.xml#id(Bmr007.w.14,188)..id(Bmr007.w.14,189)"/>
   </segment>
   <segment nite:id="Bmr007.segment.2,259" starttime="3174.51" endtime="3179.2" participant="me011" timing-provenance="dialogueact">
      <nite:child href="Bmr007.H.words.xml#id(Bmr007.w.14,190)..id(Bmr007.w.14,217)"/>
   </segment>
   <segment nite:id="Bmr007.segment.2,261" starttime="3179.2" endtime="3180.83" participant="me011" timing-provenance="dialogueact">
      <nite:child href="Bmr007.H.words.xml#id(Bmr007.pause.693)..id(Bmr007.w.14,222)"/>
   </segment>
   <segment nite:id="Bmr007.segment.2,266" starttime="3181.399" endtime="3187.04" participant="me011" timing-provenance="segment">
      <nite:child href="Bmr007.H.words.xml#id(Bmr007.vocalsound.641)..id(Bmr007.w.14,248)"/>
   </segment>
   <segment nite:id="Bmr007.segment.2,276" starttime="3188.681" endtime="3189.657" participant="me011" timing-provenance="segment">
      <nite:child href="Bmr007.H.words.xml#id(Bmr007.vocalsound.649)"/>
   </segment>
   <segment nite:id="Bmr007.segment.2,284" starttime="3196.74" endtime="3196.94" participant="me011" timing-provenance="dialogueact">
      <nite:child href="Bmr007.H.words.xml#id(Bmr007.w.14,301)..id(Bmr007.w.14,302)"/>
   </segment>
   <segment nite:id="Bmr007.segment.2,288" starttime="3204.14" endtime="3204.42" participant="me011" timing-provenance="dialogueact">
      <nite:child href="Bmr007.H.words.xml#id(Bmr007.w.14,355)..id(Bmr007.w.14,356)"/>
   </segment>
   <segment nite:id="Bmr007.segment.2,293" starttime="3209.02" endtime="3212.28" participant="me011" timing-provenance="dialogueact">
      <nite:child href="Bmr007.H.words.xml#id(Bmr007.w.14,380)..id(Bmr007.w.14,391)"/>
   </segment>
   <segment nite:id="Bmr007.segment.2,294" starttime="3212.76" endtime="3214.84" participant="me011" timing-provenance="dialogueact">
      <nite:child href="Bmr007.H.words.xml#id(Bmr007.w.14,392)..id(Bmr007.w.14,404)"/>
   </segment>
   <segment nite:id="Bmr007.segment.2,300" starttime="3220.64" endtime="3222.33" participant="me011" timing-provenance="dialogueact">
      <nite:child href="Bmr007.H.words.xml#id(Bmr007.w.14,445)..id(Bmr007.w.14,456)"/>
   </segment>
   <segment nite:id="Bmr007.segment.2,309" starttime="3230.82" endtime="3231.1" participant="me011" timing-provenance="dialogueact">
      <nite:child href="Bmr007.H.words.xml#id(Bmr007.w.14,497)..id(Bmr007.w.14,498)"/>
   </segment>
   <segment nite:id="Bmr007.segment.2,316" starttime="3234.85" endtime="3236.51" participant="me011" timing-provenance="dialogueact">
      <nite:child href="Bmr007.H.words.xml#id(Bmr007.w.14,524)..id(Bmr007.w.14,531)"/>
   </segment>
   <segment nite:id="Bmr007.segment.2,320" starttime="3241.41" endtime="3242.77" participant="me011" timing-provenance="dialogueact">
      <nite:child href="Bmr007.H.words.xml#id(Bmr007.w.14,555)..id(Bmr007.w.14,561)"/>
   </segment>
   <segment nite:id="Bmr007.segment.2,323" starttime="3244.27" endtime="3248.18" participant="me011" timing-provenance="dialogueact">
      <nite:child href="Bmr007.H.words.xml#id(Bmr007.w.14,588)..id(Bmr007.w.14,617)"/>
   </segment>
   <segment nite:id="Bmr007.segment.2,329" starttime="3248.354" endtime="3249.053" participant="me011" timing-provenance="segment">
      <nite:child href="Bmr007.H.words.xml#id(Bmr007.vocalsound.662)"/>
   </segment>
   <segment nite:id="Bmr007.segment.2,330" starttime="3249.937" endtime="3251.148" participant="me011" timing-provenance="segment">
      <nite:child href="Bmr007.H.words.xml#id(Bmr007.w.14,652)..id(Bmr007.w.14,657)"/>
   </segment>
   <segment nite:id="Bmr007.segment.2,334" starttime="3251.672" endtime="3252.576" participant="me011" timing-provenance="segment">
      <nite:child href="Bmr007.H.words.xml#id(Bmr007.vocalsound.666)"/>
   </segment>
   <segment nite:id="Bmr007.segment.2,340" starttime="3255.141" endtime="3255.722" participant="me011" timing-provenance="segment">
      <nite:child href="Bmr007.H.words.xml#id(Bmr007.w.14,698)..id(Bmr007.disfmarker.636)"/>
   </segment>
   <segment nite:id="Bmr007.segment.2,343" starttime="3256.75" endtime="3258.05" participant="me011" timing-provenance="dialogueact">
      <nite:child href="Bmr007.H.words.xml#id(Bmr007.w.14,709)..id(Bmr007.w.14,717)"/>
   </segment>
   <segment nite:id="Bmr007.segment.2,348" starttime="3262.81" endtime="3263.78" participant="me011" timing-provenance="dialogueact">
      <nite:child href="Bmr007.H.words.xml#id(Bmr007.w.14,750)..id(Bmr007.w.14,755)"/>
   </segment>
   <segment nite:id="Bmr007.segment.2,350" starttime="3264.33" endtime="3265.16" participant="me011" timing-provenance="dialogueact">
      <nite:child href="Bmr007.H.words.xml#id(Bmr007.w.14,764)..id(Bmr007.w.14,769)"/>
   </segment>
   <segment nite:id="Bmr007.segment.2,357" starttime="3268.41" endtime="3269.88" participant="me011" timing-provenance="dialogueact">
      <nite:child href="Bmr007.H.words.xml#id(Bmr007.w.14,794)..id(Bmr007.w.14,802)"/>
   </segment>
   <segment nite:id="Bmr007.segment.2,361" starttime="3278.14" endtime="3280.55" participant="me011" timing-provenance="dialogueact">
      <nite:child href="Bmr007.H.words.xml#id(Bmr007.w.14,852)..id(Bmr007.w.14,862)"/>
   </segment>
   <segment nite:id="Bmr007.segment.2,363" starttime="3280.55" endtime="3282.65" participant="me011" timing-provenance="dialogueact">
      <nite:child href="Bmr007.H.words.xml#id(Bmr007.pause.720)..id(Bmr007.w.14,877)"/>
   </segment>
   <segment nite:id="Bmr007.segment.2,364" starttime="3283.62" endtime="3284.24" participant="me011" timing-provenance="dialogueact">
      <nite:child href="Bmr007.H.words.xml#id(Bmr007.w.14,878)..id(Bmr007.w.14,880)"/>
   </segment>
   <segment nite:id="Bmr007.segment.2,365" starttime="3284.24" endtime="3288.33" participant="me011" timing-provenance="dialogueact">
      <nite:child href="Bmr007.H.words.xml#id(Bmr007.pause.721)..id(Bmr007.w.14,898)"/>
   </segment>
   <segment nite:id="Bmr007.segment.2,370" starttime="3289.88" endtime="3290.46" participant="me011" timing-provenance="dialogueact">
      <nite:child href="Bmr007.H.words.xml#id(Bmr007.w.14,916)..id(Bmr007.w.14,919)"/>
   </segment>
   <segment nite:id="Bmr007.segment.2,372" starttime="3291.52" endtime="3292.63" participant="me011" timing-provenance="dialogueact">
      <nite:child href="Bmr007.H.words.xml#id(Bmr007.w.14,922)..id(Bmr007.w.14,932)"/>
   </segment>
   <segment nite:id="Bmr007.segment.2,373" starttime="3292.63" endtime="3295.41" participant="me011" timing-provenance="dialogueact">
      <nite:child href="Bmr007.H.words.xml#id(Bmr007.pause.723)..id(Bmr007.w.14,945)"/>
   </segment>
   <segment nite:id="Bmr007.segment.2,379" starttime="3295.458" endtime="3296.958" participant="me011" timing-provenance="segment">
      <nite:child href="Bmr007.H.words.xml#id(Bmr007.pause.725)..id(Bmr007.disfmarker.646)"/>
   </segment>
   <segment nite:id="Bmr007.segment.2,382" starttime="3296.958" endtime="3299.705" participant="me011" timing-provenance="segment">
      <nite:child href="Bmr007.H.words.xml#id(Bmr007.pause.726)..id(Bmr007.w.14,975)"/>
   </segment>
   <segment nite:id="Bmr007.segment.2,384" starttime="3299.705" endtime="3300.97" participant="me011" timing-provenance="segment">
      <nite:child href="Bmr007.H.words.xml#id(Bmr007.vocalsound.675)"/>
   </segment>
   <segment nite:id="Bmr007.segment.2,385" starttime="3301.01" endtime="3302.73" participant="me011" timing-provenance="dialogueact">
      <nite:child href="Bmr007.H.words.xml#id(Bmr007.w.14,976)..id(Bmr007.w.14,982)"/>
   </segment>
   <segment nite:id="Bmr007.segment.2,388" starttime="3302.957" endtime="3305.642" participant="me011" timing-provenance="segment">
      <nite:child href="Bmr007.H.words.xml#id(Bmr007.pause.727)..id(Bmr007.comment.56)"/>
   </segment>
   <segment nite:id="Bmr007.segment.2,393" starttime="3305.642" endtime="3306.545" participant="me011" timing-provenance="segment">
      <nite:child href="Bmr007.H.words.xml#id(Bmr007.vocalsound.680)"/>
   </segment>
   <segment nite:id="Bmr007.segment.2,396" starttime="3306.63" endtime="3306.87" participant="me011" timing-provenance="dialogueact">
      <nite:child href="Bmr007.H.words.xml#id(Bmr007.w.15,013)..id(Bmr007.w.15,014)"/>
   </segment>
   <segment nite:id="Bmr007.segment.2,397" starttime="3307.78" endtime="3310.46" participant="me011" digittask="true" timing-provenance="segment">
      <nite:child href="Bmr007.H.words.xml#id(Bmr007.w.15,015)..id(Bmr007.comment.57)"/>
   </segment>
   <segment nite:id="Bmr007.segment.2,399" starttime="3310.46" endtime="3310.765" participant="me011" timing-provenance="segment">
      <nite:child href="Bmr007.H.words.xml#id(Bmr007.vocalsound.683)"/>
   </segment>
   <segment nite:id="Bmr007.segment.2,400" starttime="3310.765" endtime="3311.626" participant="me011" digittask="true" timing-provenance="segment">
      <nite:child href="Bmr007.H.words.xml#id(Bmr007.w.15,026)..id(Bmr007.comment.58)"/>
   </segment>
   <segment nite:id="Bmr007.segment.2,401" starttime="3311.713" endtime="3313.339" participant="me011" digittask="true" timing-provenance="segment">
      <nite:child href="Bmr007.H.words.xml#id(Bmr007.w.15,029)..id(Bmr007.comment.59)"/>
   </segment>
   <segment nite:id="Bmr007.segment.2,402" starttime="3313.339" endtime="3315.24" participant="me011" digittask="true" timing-provenance="segment">
      <nite:child href="Bmr007.H.words.xml#id(Bmr007.w.15,033)..id(Bmr007.comment.60)"/>
   </segment>
   <segment nite:id="Bmr007.segment.2,403" starttime="3315.24" endtime="3315.75" participant="me011" digittask="true" timing-provenance="segment">
      <nite:child href="Bmr007.H.words.xml#id(Bmr007.w.15,037)..id(Bmr007.comment.61)"/>
   </segment>
   <segment nite:id="Bmr007.segment.2,404" starttime="3315.75" endtime="3317.239" participant="me011" digittask="true" timing-provenance="segment">
      <nite:child href="Bmr007.H.words.xml#id(Bmr007.w.15,040)..id(Bmr007.comment.62)"/>
   </segment>
   <segment nite:id="Bmr007.segment.2,405" starttime="3318.538" endtime="3319.908" participant="me011" digittask="true" timing-provenance="segment">
      <nite:child href="Bmr007.H.words.xml#id(Bmr007.w.15,045)..id(Bmr007.comment.63)"/>
   </segment>
   <segment nite:id="Bmr007.segment.2,406" starttime="3320.221" endtime="3321.0" participant="me011" digittask="true" timing-provenance="segment">
      <nite:child href="Bmr007.H.words.xml#id(Bmr007.w.15,049)..id(Bmr007.comment.64)"/>
   </segment>
   <segment nite:id="Bmr007.segment.2,407" starttime="3321.114" endtime="3321.666" participant="me011" digittask="true" timing-provenance="segment">
      <nite:child href="Bmr007.H.words.xml#id(Bmr007.w.15,051)..id(Bmr007.comment.65)"/>
   </segment>
   <segment nite:id="Bmr007.segment.2,408" starttime="3321.77" endtime="3323.93" participant="me011" digittask="true" timing-provenance="segment">
      <nite:child href="Bmr007.H.words.xml#id(Bmr007.w.15,053)..id(Bmr007.comment.66)"/>
   </segment>
   <segment nite:id="Bmr007.segment.2,409" starttime="3324.261" endtime="3325.05" participant="me011" digittask="true" timing-provenance="segment">
      <nite:child href="Bmr007.H.words.xml#id(Bmr007.w.15,060)..id(Bmr007.comment.67)"/>
   </segment>
   <segment nite:id="Bmr007.segment.2,410" starttime="3325.411" endtime="3326.019" participant="me011" digittask="true" timing-provenance="segment">
      <nite:child href="Bmr007.H.words.xml#id(Bmr007.w.15,063)..id(Bmr007.comment.68)"/>
   </segment>
   <segment nite:id="Bmr007.segment.2,411" starttime="3326.4" endtime="3327.654" participant="me011" digittask="true" timing-provenance="segment">
      <nite:child href="Bmr007.H.words.xml#id(Bmr007.w.15,065)..id(Bmr007.comment.69)"/>
   </segment>
   <segment nite:id="Bmr007.segment.2,412" starttime="3328.168" endtime="3330.861" participant="me011" digittask="true" timing-provenance="segment">
      <nite:child href="Bmr007.H.words.xml#id(Bmr007.w.15,070)..id(Bmr007.comment.70)"/>
   </segment>
   <segment nite:id="Bmr007.segment.2,413" starttime="3331.171" endtime="3333.595" participant="me011" digittask="true" timing-provenance="segment">
      <nite:child href="Bmr007.H.words.xml#id(Bmr007.w.15,077)..id(Bmr007.comment.71)"/>
   </segment>
   <segment nite:id="Bmr007.segment.2,414" starttime="3333.643" endtime="3334.161" participant="me011" digittask="true" timing-provenance="segment">
      <nite:child href="Bmr007.H.words.xml#id(Bmr007.w.15,084)..id(Bmr007.comment.72)"/>
   </segment>
   <segment nite:id="Bmr007.segment.2,415" starttime="3334.403" endtime="3334.775" participant="me011" digittask="true" timing-provenance="segment">
      <nite:child href="Bmr007.H.words.xml#id(Bmr007.w.15,085)..id(Bmr007.comment.73)"/>
   </segment>
   <segment nite:id="Bmr007.segment.2,416" starttime="3335.133" endtime="3337.053" participant="me011" digittask="true" timing-provenance="segment">
      <nite:child href="Bmr007.H.words.xml#id(Bmr007.w.15,086)..id(Bmr007.comment.74)"/>
   </segment>
   <segment nite:id="Bmr007.segment.2,417" starttime="3337.63" endtime="3339.306" participant="me011" digittask="true" timing-provenance="segment">
      <nite:child href="Bmr007.H.words.xml#id(Bmr007.w.15,093)..id(Bmr007.comment.75)"/>
   </segment>
   <segment nite:id="Bmr007.segment.2,418" starttime="3339.715" endtime="3341.418" participant="me011" digittask="true" timing-provenance="segment">
      <nite:child href="Bmr007.H.words.xml#id(Bmr007.w.15,098)..id(Bmr007.comment.76)"/>
   </segment>
   <segment nite:id="Bmr007.segment.2,419" starttime="3341.663" endtime="3344.534" participant="me011" digittask="true" timing-provenance="segment">
      <nite:child href="Bmr007.H.words.xml#id(Bmr007.w.15,103)..id(Bmr007.comment.77)"/>
   </segment>
   <segment nite:id="Bmr007.segment.2,420" starttime="3344.743" endtime="3345.221" participant="me011" digittask="true" timing-provenance="segment">
      <nite:child href="Bmr007.H.words.xml#id(Bmr007.w.15,110)..id(Bmr007.comment.78)"/>
   </segment>
   <segment nite:id="Bmr007.segment.2,421" starttime="3345.523" endtime="3345.921" participant="me011" digittask="true" timing-provenance="segment">
      <nite:child href="Bmr007.H.words.xml#id(Bmr007.w.15,111)..id(Bmr007.comment.79)"/>
   </segment>
   <segment nite:id="Bmr007.segment.2,551" starttime="3591.415" endtime="3596.91" participant="me011" timing-provenance="segment">
      <nite:child href="Bmr007.H.words.xml#id(Bmr007.vocalsound.687)..id(Bmr007.w.15,609)"/>
   </segment>
</nite:root>