<?xml version="1.0" encoding="ISO-8859-1" standalone="yes"?>
<nite:root nite:id="Bed005.A.segs" xmlns:nite="http://nite.sourceforge.net/">
   <segment nite:id="Bed005.segment.1" starttime="10.777" endtime="12.227" participant="me003" timing-provenance="dialogueact">
      <nite:child href="Bed005.A.words.xml#id(Bed005.w.1)..id(Bed005.w.10)"/>
   </segment>
   <segment nite:id="Bed005.segment.5" starttime="14.148" endtime="14.858" participant="me003" timing-provenance="dialogueact">
      <nite:child href="Bed005.A.words.xml#id(Bed005.w.11)..id(Bed005.w.12)"/>
   </segment>
   <segment nite:id="Bed005.segment.7" starttime="17.56" endtime="18.25" participant="me003" timing-provenance="dialogueact">
      <nite:child href="Bed005.A.words.xml#id(Bed005.w.13)..id(Bed005.w.16)"/>
   </segment>
   <segment nite:id="Bed005.segment.10" starttime="18.727" endtime="24.014" participant="me003" digittask="true" timing-provenance="segment">
      <nite:child href="Bed005.A.words.xml#id(Bed005.w.17)..id(Bed005.comment.2)"/>
   </segment>
   <segment nite:id="Bed005.segment.13" starttime="24.304" endtime="29.91" participant="me003" digittask="true" timing-provenance="segment">
      <nite:child href="Bed005.A.words.xml#id(Bed005.w.28)..id(Bed005.comment.3)"/>
   </segment>
   <segment nite:id="Bed005.segment.15" starttime="30.16" endtime="37.94" participant="me003" digittask="true" timing-provenance="segment">
      <nite:child href="Bed005.A.words.xml#id(Bed005.w.39)..id(Bed005.comment.4)"/>
   </segment>
   <segment nite:id="Bed005.segment.16" starttime="38.37" endtime="43.188" participant="me003" digittask="true" timing-provenance="segment">
      <nite:child href="Bed005.A.words.xml#id(Bed005.w.53)..id(Bed005.comment.5)"/>
   </segment>
   <segment nite:id="Bed005.segment.19" starttime="43.479" endtime="48.527" participant="me003" digittask="true" timing-provenance="segment">
      <nite:child href="Bed005.A.words.xml#id(Bed005.w.64)..id(Bed005.comment.6)"/>
   </segment>
   <segment nite:id="Bed005.segment.21" starttime="49.1" endtime="56.605" participant="me003" digittask="true" timing-provenance="segment">
      <nite:child href="Bed005.A.words.xml#id(Bed005.w.75)..id(Bed005.comment.7)"/>
   </segment>
   <segment nite:id="Bed005.segment.24" starttime="56.882" endtime="64.001" participant="me003" digittask="true" timing-provenance="segment">
      <nite:child href="Bed005.A.words.xml#id(Bed005.w.89)..id(Bed005.comment.8)"/>
   </segment>
   <segment nite:id="Bed005.segment.25" starttime="64.426" endtime="69.28" participant="me003" digittask="true" timing-provenance="segment">
      <nite:child href="Bed005.A.words.xml#id(Bed005.w.103)..id(Bed005.comment.9)"/>
   </segment>
   <segment nite:id="Bed005.segment.27" starttime="80.968" endtime="83.748" participant="me003" timing-provenance="dialogueact">
      <nite:child href="Bed005.A.words.xml#id(Bed005.w.134)..id(Bed005.w.151)"/>
   </segment>
   <segment nite:id="Bed005.segment.46" starttime="142.23" endtime="146.46" participant="me003" timing-provenance="segment">
      <nite:child href="Bed005.A.words.xml#id(Bed005.vocalsound.20)..id(Bed005.vocalsound.21)"/>
   </segment>
   <segment nite:id="Bed005.segment.171" starttime="462.04" endtime="462.74" participant="me003" timing-provenance="segment">
      <nite:child href="Bed005.A.words.xml#id(Bed005.vocalsound.85)"/>
   </segment>
   <segment nite:id="Bed005.segment.197" starttime="495.98" endtime="496.713" participant="me003" timing-provenance="segment">
      <nite:child href="Bed005.A.words.xml#id(Bed005.vocalsound.100)"/>
   </segment>
   <segment nite:id="Bed005.segment.272" starttime="614.161" endtime="615.305" participant="me003" timing-provenance="segment">
      <nite:child href="Bed005.A.words.xml#id(Bed005.vocalsound.131)"/>
   </segment>
   <segment nite:id="Bed005.segment.317" starttime="697.849" endtime="698.519" participant="me003" timing-provenance="dialogueact">
      <nite:child href="Bed005.A.words.xml#id(Bed005.w.2,336)..id(Bed005.w.2,337)"/>
   </segment>
   <segment nite:id="Bed005.segment.444" starttime="935.19" endtime="936.62" participant="me003" timing-provenance="dialogueact">
      <nite:child href="Bed005.A.words.xml#id(Bed005.w.3,151)..id(Bed005.w.3,158)"/>
   </segment>
   <segment nite:id="Bed005.segment.459" starttime="977.5" endtime="978.0" participant="me003" timing-provenance="dialogueact">
      <nite:child href="Bed005.A.words.xml#id(Bed005.w.3,247)..id(Bed005.w.3,250)"/>
   </segment>
   <segment nite:id="Bed005.segment.464" starttime="1003.977" endtime="1005.295" participant="me003" timing-provenance="segment">
      <nite:child href="Bed005.A.words.xml#id(Bed005.vocalsound.214)"/>
   </segment>
   <segment nite:id="Bed005.segment.479" starttime="1077.45" endtime="1079.55" participant="me003" timing-provenance="dialogueact">
      <nite:child href="Bed005.A.words.xml#id(Bed005.w.3,345)..id(Bed005.w.3,350)"/>
   </segment>
   <segment nite:id="Bed005.segment.480" starttime="1080.52" endtime="1081.3" participant="me003" timing-provenance="dialogueact">
      <nite:child href="Bed005.A.words.xml#id(Bed005.w.3,351)..id(Bed005.w.3,353)"/>
   </segment>
   <segment nite:id="Bed005.segment.544" starttime="1184.37" endtime="1185.74" participant="me003" timing-provenance="dialogueact">
      <nite:child href="Bed005.A.words.xml#id(Bed005.w.3,827)..id(Bed005.w.3,831)"/>
   </segment>
   <segment nite:id="Bed005.segment.549" starttime="1188.63" endtime="1191.398" participant="me003" timing-provenance="segment">
      <nite:child href="Bed005.A.words.xml#id(Bed005.vocalsound.234)"/>
   </segment>
   <segment nite:id="Bed005.segment.557" starttime="1196.23" endtime="1199.38" participant="me003" timing-provenance="dialogueact">
      <nite:child href="Bed005.A.words.xml#id(Bed005.w.3,876)..id(Bed005.w.3,895)"/>
   </segment>
   <segment nite:id="Bed005.segment.564" starttime="1215.97" endtime="1218.97" participant="me003" timing-provenance="segment">
      <nite:child href="Bed005.A.words.xml#id(Bed005.w.3,926)..id(Bed005.vocalsound.240)"/>
   </segment>
   <segment nite:id="Bed005.segment.581" starttime="1256.661" endtime="1257.116" participant="me003" timing-provenance="segment">
      <nite:child href="Bed005.A.words.xml#id(Bed005.vocalsound.250)..id(Bed005.comment.62)"/>
   </segment>
   <segment nite:id="Bed005.segment.592" starttime="1271.51" endtime="1275.51" participant="me003" timing-provenance="segment">
      <nite:child href="Bed005.A.words.xml#id(Bed005.w.4,089)..id(Bed005.disfmarker.143)"/>
   </segment>
   <segment nite:id="Bed005.segment.595" starttime="1276.23" endtime="1276.75" participant="me003" timing-provenance="dialogueact">
      <nite:child href="Bed005.A.words.xml#id(Bed005.w.4,109)..id(Bed005.w.4,112)"/>
   </segment>
   <segment nite:id="Bed005.segment.598" starttime="1278.03" endtime="1278.38" participant="me003" timing-provenance="dialogueact">
      <nite:child href="Bed005.A.words.xml#id(Bed005.w.4,123)..id(Bed005.w.4,124)"/>
   </segment>
   <segment nite:id="Bed005.segment.657" starttime="1422.941" endtime="1423.84" participant="me003" timing-provenance="segment">
      <nite:child href="Bed005.A.words.xml#id(Bed005.vocalsound.295)"/>
   </segment>
   <segment nite:id="Bed005.segment.760" starttime="1684.76" endtime="1685.43" participant="me003" timing-provenance="segment">
      <nite:child href="Bed005.A.words.xml#id(Bed005.vocalsound.338)"/>
   </segment>
   <segment nite:id="Bed005.segment.762" starttime="1687.54" endtime="1690.22" participant="me003" timing-provenance="segment">
      <nite:child href="Bed005.A.words.xml#id(Bed005.w.5,463)..id(Bed005.comment.70)"/>
   </segment>
   <segment nite:id="Bed005.segment.766" starttime="1696.23" endtime="1696.9" participant="me003" timing-provenance="dialogueact">
      <nite:child href="Bed005.A.words.xml#id(Bed005.w.5,491)..id(Bed005.w.5,492)"/>
   </segment>
   <segment nite:id="Bed005.segment.768" starttime="1700.86" endtime="1701.586" participant="me003" timing-provenance="segment">
      <nite:child href="Bed005.A.words.xml#id(Bed005.vocalsound.340)"/>
   </segment>
   <segment nite:id="Bed005.segment.770" starttime="1701.63" endtime="1701.9" participant="me003" timing-provenance="dialogueact">
      <nite:child href="Bed005.A.words.xml#id(Bed005.w.5,505)..id(Bed005.w.5,506)"/>
   </segment>
   <segment nite:id="Bed005.segment.774" starttime="1706.77" endtime="1708.19" participant="me003" timing-provenance="segment">
      <nite:child href="Bed005.A.words.xml#id(Bed005.vocalsound.341)"/>
   </segment>
   <segment nite:id="Bed005.segment.776" starttime="1711.6" endtime="1711.75" participant="me003" timing-provenance="dialogueact">
      <nite:child href="Bed005.A.words.xml#id(Bed005.w.5,544)..id(Bed005.w.5,545)"/>
   </segment>
   <segment nite:id="Bed005.segment.781" starttime="1727.22" endtime="1729.38" participant="me003" timing-provenance="dialogueact">
      <nite:child href="Bed005.A.words.xml#id(Bed005.w.5,590)..id(Bed005.pause.36)"/>
   </segment>
   <segment nite:id="Bed005.segment.782" starttime="1729.38" endtime="1731.74" participant="me003" timing-provenance="dialogueact">
      <nite:child href="Bed005.A.words.xml#id(Bed005.w.5,597)..id(Bed005.w.5,607)"/>
   </segment>
   <segment nite:id="Bed005.segment.786" starttime="1735.85" endtime="1736.27" participant="me003" timing-provenance="dialogueact">
      <nite:child href="Bed005.A.words.xml#id(Bed005.w.5,630)..id(Bed005.w.5,633)"/>
   </segment>
   <segment nite:id="Bed005.segment.789" starttime="1740.81" endtime="1741.97" participant="me003" timing-provenance="dialogueact">
      <nite:child href="Bed005.A.words.xml#id(Bed005.w.5,647)..id(Bed005.w.5,651)"/>
   </segment>
   <segment nite:id="Bed005.segment.794" starttime="1746.662" endtime="1748.51" participant="me003" timing-provenance="segment">
      <nite:child href="Bed005.A.words.xml#id(Bed005.w.5,669)..id(Bed005.disfmarker.218)"/>
   </segment>
   <segment nite:id="Bed005.segment.795" starttime="1751.27" endtime="1752.959" participant="me003" timing-provenance="segment">
      <nite:child href="Bed005.A.words.xml#id(Bed005.w.5,677)..id(Bed005.disfmarker.220)"/>
   </segment>
   <segment nite:id="Bed005.segment.796" starttime="1752.95" endtime="1753.59" participant="me003" timing-provenance="dialogueact">
      <nite:child href="Bed005.A.words.xml#id(Bed005.w.5,686)"/>
   </segment>
   <segment nite:id="Bed005.segment.797" starttime="1754.13" endtime="1756.96" participant="me003" timing-provenance="dialogueact">
      <nite:child href="Bed005.A.words.xml#id(Bed005.w.5,687)..id(Bed005.w.5,702)"/>
   </segment>
   <segment nite:id="Bed005.segment.798" starttime="1757.48" endtime="1758.26" participant="me003" timing-provenance="dialogueact">
      <nite:child href="Bed005.A.words.xml#id(Bed005.w.5,703)..id(Bed005.w.5,705)"/>
   </segment>
   <segment nite:id="Bed005.segment.799" starttime="1758.85" endtime="1760.49" participant="me003" timing-provenance="dialogueact">
      <nite:child href="Bed005.A.words.xml#id(Bed005.w.5,706)..id(Bed005.w.5,709)"/>
   </segment>
   <segment nite:id="Bed005.segment.802" starttime="1760.79" endtime="1762.82" participant="me003" timing-provenance="dialogueact">
      <nite:child href="Bed005.A.words.xml#id(Bed005.w.5,714)..id(Bed005.w.5,718)"/>
   </segment>
   <segment nite:id="Bed005.segment.803" starttime="1763.57" endtime="1765.64" participant="me003" timing-provenance="dialogueact">
      <nite:child href="Bed005.A.words.xml#id(Bed005.w.5,719)..id(Bed005.w.5,730)"/>
   </segment>
   <segment nite:id="Bed005.segment.806" starttime="1766.81" endtime="1767.42" participant="me003" timing-provenance="dialogueact">
      <nite:child href="Bed005.A.words.xml#id(Bed005.w.5,742)..id(Bed005.w.5,743)"/>
   </segment>
   <segment nite:id="Bed005.segment.811" starttime="1777.08" endtime="1778.01" participant="me003" timing-provenance="segment">
      <nite:child href="Bed005.A.words.xml#id(Bed005.w.5,779)..id(Bed005.vocalsound.353)"/>
   </segment>
   <segment nite:id="Bed005.segment.822" starttime="1807.87" endtime="1808.37" participant="me003" timing-provenance="dialogueact">
      <nite:child href="Bed005.A.words.xml#id(Bed005.w.5,868)..id(Bed005.w.5,869)"/>
   </segment>
   <segment nite:id="Bed005.segment.882" starttime="1946.38" endtime="1950.06" participant="me003" timing-provenance="dialogueact">
      <nite:child href="Bed005.A.words.xml#id(Bed005.w.6,345)..id(Bed005.w.6,365)"/>
   </segment>
   <segment nite:id="Bed005.segment.890" starttime="1973.58" endtime="1974.3" participant="me003" timing-provenance="segment">
      <nite:child href="Bed005.A.words.xml#id(Bed005.w.6,454)..id(Bed005.vocalsound.383)"/>
   </segment>
   <segment nite:id="Bed005.segment.893" starttime="1978.58" endtime="1981.62" participant="me003" timing-provenance="segment">
      <nite:child href="Bed005.A.words.xml#id(Bed005.w.6,471)..id(Bed005.disfmarker.255)"/>
   </segment>
   <segment nite:id="Bed005.segment.899" starttime="1981.77" endtime="1983.649" participant="me003" timing-provenance="segment">
      <nite:child href="Bed005.A.words.xml#id(Bed005.w.6,499)..id(Bed005.vocalsound.386)"/>
   </segment>
   <segment nite:id="Bed005.segment.905" starttime="1987.99" endtime="1988.23" participant="me003" timing-provenance="dialogueact">
      <nite:child href="Bed005.A.words.xml#id(Bed005.w.6,521)..id(Bed005.w.6,522)"/>
   </segment>
   <segment nite:id="Bed005.segment.907" starttime="1990.18" endtime="1991.13" participant="me003" timing-provenance="segment">
      <nite:child href="Bed005.A.words.xml#id(Bed005.w.6,541)..id(Bed005.disfmarker.259)"/>
   </segment>
   <segment nite:id="Bed005.segment.908" starttime="1992.53" endtime="1992.98" participant="me003" timing-provenance="dialogueact">
      <nite:child href="Bed005.A.words.xml#id(Bed005.w.6,543)..id(Bed005.w.6,546)"/>
   </segment>
   <segment nite:id="Bed005.segment.1,165" starttime="2481.66" endtime="2482.63" participant="me003" timing-provenance="segment">
      <nite:child href="Bed005.A.words.xml#id(Bed005.vocalsound.486)"/>
   </segment>
   <segment nite:id="Bed005.segment.1,182" starttime="2505.55" endtime="2506.82" participant="me003" timing-provenance="dialogueact">
      <nite:child href="Bed005.A.words.xml#id(Bed005.w.8,551)..id(Bed005.w.8,559)"/>
   </segment>
   <segment nite:id="Bed005.segment.1,184" starttime="2507.97" endtime="2508.79" participant="me003" timing-provenance="segment">
      <nite:child href="Bed005.A.words.xml#id(Bed005.vocalsound.490)"/>
   </segment>
   <segment nite:id="Bed005.segment.1,186" starttime="2511.92" endtime="2514.56" participant="me003" timing-provenance="segment">
      <nite:child href="Bed005.A.words.xml#id(Bed005.w.8,562)..id(Bed005.vocalsound.492)"/>
   </segment>
   <segment nite:id="Bed005.segment.1,193" starttime="2517.65" endtime="2518.84" participant="me003" timing-provenance="segment">
      <nite:child href="Bed005.A.words.xml#id(Bed005.w.8,600)..id(Bed005.vocalsound.496)"/>
   </segment>
   <segment nite:id="Bed005.segment.1,196" starttime="2523.13" endtime="2525.528" participant="me003" timing-provenance="segment">
      <nite:child href="Bed005.A.words.xml#id(Bed005.vocalsound.500)"/>
   </segment>
   <segment nite:id="Bed005.segment.1,199" starttime="2526.306" endtime="2527.486" participant="me003" timing-provenance="segment">
      <nite:child href="Bed005.A.words.xml#id(Bed005.vocalsound.502)"/>
   </segment>
   <segment nite:id="Bed005.segment.1,328" starttime="2832.32" endtime="2833.22" participant="me003" timing-provenance="segment">
      <nite:child href="Bed005.A.words.xml#id(Bed005.w.9,874)..id(Bed005.vocalsound.571)"/>
   </segment>
   <segment nite:id="Bed005.segment.1,417" starttime="3041.94" endtime="3043.85" participant="me003" timing-provenance="segment">
      <nite:child href="Bed005.A.words.xml#id(Bed005.w.10,730)..id(Bed005.vocalsound.597)"/>
   </segment>
   <segment nite:id="Bed005.segment.1,420" starttime="3043.85" endtime="3045.53" participant="me003" timing-provenance="segment">
      <nite:child href="Bed005.A.words.xml#id(Bed005.vocalsound.598)"/>
   </segment>
   <segment nite:id="Bed005.segment.1,422" starttime="3045.53" endtime="3047.36" participant="me003" timing-provenance="segment">
      <nite:child href="Bed005.A.words.xml#id(Bed005.w.10,745)..id(Bed005.vocalsound.599)"/>
   </segment>
   <segment nite:id="Bed005.segment.1,427" starttime="3048.37" endtime="3051.576" participant="me003" timing-provenance="segment">
      <nite:child href="Bed005.A.words.xml#id(Bed005.w.10,773)..id(Bed005.pause.55)"/>
   </segment>
   <segment nite:id="Bed005.segment.1,429" starttime="3051.576" endtime="3054.32" participant="me003" timing-provenance="segment">
      <nite:child href="Bed005.A.words.xml#id(Bed005.w.10,788)..id(Bed005.w.10,799)"/>
   </segment>
   <segment nite:id="Bed005.segment.1,438" starttime="3065.16" endtime="3065.5" participant="me003" timing-provenance="dialogueact">
      <nite:child href="Bed005.A.words.xml#id(Bed005.w.10,860)..id(Bed005.w.10,861)"/>
   </segment>
   <segment nite:id="Bed005.segment.1,445" starttime="3072.68" endtime="3079.09" participant="me003" timing-provenance="segment">
      <nite:child href="Bed005.A.words.xml#id(Bed005.w.10,890)..id(Bed005.comment.110)"/>
   </segment>
   <segment nite:id="Bed005.segment.1,449" starttime="3088.77" endtime="3090.05" participant="me003" timing-provenance="segment">
      <nite:child href="Bed005.A.words.xml#id(Bed005.w.10,964)..id(Bed005.vocalsound.610)"/>
   </segment>
   <segment nite:id="Bed005.segment.1,533" starttime="3311.4" endtime="3315.39" participant="me003" timing-provenance="dialogueact">
      <nite:child href="Bed005.A.words.xml#id(Bed005.w.11,872)..id(Bed005.w.11,889)"/>
   </segment>
   <segment nite:id="Bed005.segment.1,554" starttime="3362.45" endtime="3364.43" participant="me003" timing-provenance="segment">
      <nite:child href="Bed005.A.words.xml#id(Bed005.vocalsound.644)..id(Bed005.vocalsound.645)"/>
   </segment>
   <segment nite:id="Bed005.segment.1,557" starttime="3365.56" endtime="3366.23" participant="me003" timing-provenance="segment">
      <nite:child href="Bed005.A.words.xml#id(Bed005.vocalsound.648)"/>
   </segment>
   <segment nite:id="Bed005.segment.1,641" starttime="3562.39" endtime="3565.0" participant="me003" timing-provenance="dialogueact">
      <nite:child href="Bed005.A.words.xml#id(Bed005.w.12,875)..id(Bed005.w.12,884)"/>
   </segment>
   <segment nite:id="Bed005.segment.1,642" starttime="3565.43" endtime="3566.97" participant="me003" timing-provenance="dialogueact">
      <nite:child href="Bed005.A.words.xml#id(Bed005.w.12,885)..id(Bed005.w.12,892)"/>
   </segment>
   <segment nite:id="Bed005.segment.1,650" starttime="3576.53" endtime="3578.37" participant="me003" timing-provenance="segment">
      <nite:child href="Bed005.A.words.xml#id(Bed005.w.12,944)..id(Bed005.disfmarker.541)"/>
   </segment>
   <segment nite:id="Bed005.segment.1,654" starttime="3584.31" endtime="3585.91" participant="me003" timing-provenance="segment">
      <nite:child href="Bed005.A.words.xml#id(Bed005.w.12,979)..id(Bed005.vocalsound.687)"/>
   </segment>
   <segment nite:id="Bed005.segment.1,661" starttime="3600.36" endtime="3601.97" participant="me003" timing-provenance="dialogueact">
      <nite:child href="Bed005.A.words.xml#id(Bed005.w.13,053)..id(Bed005.w.13,065)"/>
   </segment>
   <segment nite:id="Bed005.segment.1,662" starttime="3602.193" endtime="3603.82" participant="me003" timing-provenance="segment">
      <nite:child href="Bed005.A.words.xml#id(Bed005.w.13,066)..id(Bed005.disfmarker.548)"/>
   </segment>
   <segment nite:id="Bed005.segment.1,666" starttime="3612.158" endtime="3614.287" participant="me003" timing-provenance="segment">
      <nite:child href="Bed005.A.words.xml#id(Bed005.w.13,107)..id(Bed005.disfmarker.551)"/>
   </segment>
   <segment nite:id="Bed005.segment.1,667" starttime="3613.82" endtime="3620.34" participant="me003" timing-provenance="dialogueact">
      <nite:child href="Bed005.A.words.xml#id(Bed005.w.13,118)..id(Bed005.w.13,149)"/>
   </segment>
   <segment nite:id="Bed005.segment.1,668" starttime="3620.69" endtime="3622.45" participant="me003" timing-provenance="dialogueact">
      <nite:child href="Bed005.A.words.xml#id(Bed005.w.13,150)..id(Bed005.w.13,164)"/>
   </segment>
   <segment nite:id="Bed005.segment.1,670" starttime="3626.002" endtime="3629.8" participant="me003" timing-provenance="segment">
      <nite:child href="Bed005.A.words.xml#id(Bed005.w.13,188)..id(Bed005.disfmarker.554)"/>
   </segment>
   <segment nite:id="Bed005.segment.1,672" starttime="3632.664" endtime="3634.27" participant="me003" timing-provenance="segment">
      <nite:child href="Bed005.A.words.xml#id(Bed005.w.13,230)..id(Bed005.disfmarker.557)"/>
   </segment>
   <segment nite:id="Bed005.segment.1,688" starttime="3662.54" endtime="3663.34" participant="me003" timing-provenance="segment">
      <nite:child href="Bed005.A.words.xml#id(Bed005.vocalsound.694)"/>
   </segment>
   <segment nite:id="Bed005.segment.1,742" starttime="3777.76" endtime="3782.11" participant="me003" timing-provenance="segment">
      <nite:child href="Bed005.A.words.xml#id(Bed005.w.13,819)..id(Bed005.comment.132)"/>
   </segment>
   <segment nite:id="Bed005.segment.1,745" starttime="3783.96" endtime="3785.27" participant="me003" timing-provenance="segment">
      <nite:child href="Bed005.A.words.xml#id(Bed005.vocalsound.713)"/>
   </segment>
</nite:root>