<?xml version="1.0" encoding="ISO-8859-1" standalone="yes"?>
<nite:root nite:id="Bed005.F.words" xmlns:nite="http://nite.sourceforge.net/">
   <w nite:id="Bed005.w.152" starttime="83.685" endtime="84.005" c="W">Right</w>
   <w nite:id="Bed005.w.153" starttime="84.005" endtime="84.005" c=".">.</w>
   <w nite:id="Bed005.w.154" starttime="84.235" endtime="84.695" t="PLET" c="W">OK</w>
   <w nite:id="Bed005.w.155" starttime="84.695" endtime="84.695" c=".">.</w>
   <w nite:id="Bed005.w.156" starttime="" endtime="" c="W">One</w>
   <w nite:id="Bed005.w.157" starttime="" endtime="" c="W">five</w>
   <w nite:id="Bed005.w.158" starttime="" endtime="" c="W">six</w>
   <w nite:id="Bed005.w.159" starttime="" endtime="" c="CM">,</w>
   <w nite:id="Bed005.w.160" starttime="" endtime="" c="W">seven</w>
   <w nite:id="Bed005.w.161" starttime="" endtime="" c="W">four</w>
   <w nite:id="Bed005.w.162" starttime="" endtime="" c="W">one</w>
   <w nite:id="Bed005.w.163" starttime="" endtime="" c="CM">,</w>
   <w nite:id="Bed005.w.164" starttime="" endtime="" c="W">five</w>
   <w nite:id="Bed005.w.165" starttime="" endtime="" c="W">six</w>
   <w nite:id="Bed005.w.166" starttime="" endtime="" c="W">four</w>
   <comment nite:id="Bed005.comment.10" starttime="" endtime="" description="Digits"/>
   <w nite:id="Bed005.w.167" starttime="" endtime="" c="W">zero</w>
   <w nite:id="Bed005.w.168" starttime="" endtime="" c="W">five</w>
   <w nite:id="Bed005.w.169" starttime="" endtime="" c="W">one</w>
   <w nite:id="Bed005.w.170" starttime="" endtime="" c="CM">,</w>
   <w nite:id="Bed005.w.171" starttime="" endtime="" c="W">four</w>
   <w nite:id="Bed005.w.172" starttime="" endtime="" c="W">five</w>
   <w nite:id="Bed005.w.173" starttime="" endtime="" c="W">three</w>
   <w nite:id="Bed005.w.174" starttime="" endtime="" c="CM">,</w>
   <w nite:id="Bed005.w.175" starttime="" endtime="" c="W">nine</w>
   <w nite:id="Bed005.w.176" starttime="" endtime="" c="W">two</w>
   <w nite:id="Bed005.w.177" starttime="" endtime="" c="W">zero</w>
   <w nite:id="Bed005.w.178" starttime="" endtime="" c="W">five</w>
   <comment nite:id="Bed005.comment.11" starttime="" endtime="" description="Digits"/>
   <w nite:id="Bed005.w.179" starttime="" endtime="" c="W">one</w>
   <w nite:id="Bed005.w.180" starttime="" endtime="" c="W">three</w>
   <w nite:id="Bed005.w.181" starttime="" endtime="" c="W">three</w>
   <w nite:id="Bed005.w.182" starttime="" endtime="" c="W">eight</w>
   <w nite:id="Bed005.w.183" starttime="" endtime="" c="CM">,</w>
   <w nite:id="Bed005.w.184" starttime="" endtime="" c="W">zero</w>
   <w nite:id="Bed005.w.185" starttime="" endtime="" c="CM">,</w>
   <w nite:id="Bed005.w.186" starttime="" endtime="" c="W">two</w>
   <w nite:id="Bed005.w.187" starttime="" endtime="" c="W">five</w>
   <w nite:id="Bed005.w.188" starttime="" endtime="" c="W">zero</w>
   <comment nite:id="Bed005.comment.12" starttime="" endtime="" description="Digits"/>
   <w nite:id="Bed005.w.189" starttime="" endtime="" c="W">eight</w>
   <w nite:id="Bed005.w.190" starttime="" endtime="" c="W">zero</w>
   <w nite:id="Bed005.w.191" starttime="" endtime="" c="W">three</w>
   <w nite:id="Bed005.w.192" starttime="" endtime="" c="W">six</w>
   <w nite:id="Bed005.w.193" starttime="" endtime="" c="CM">,</w>
   <w nite:id="Bed005.w.194" starttime="" endtime="" c="W">nine</w>
   <w nite:id="Bed005.w.195" starttime="" endtime="" c="CM">,</w>
   <w nite:id="Bed005.w.196" starttime="" endtime="" c="W">two</w>
   <w nite:id="Bed005.w.197" starttime="" endtime="" c="W">eight</w>
   <w nite:id="Bed005.w.198" starttime="" endtime="" c="W">nine</w>
   <comment nite:id="Bed005.comment.13" starttime="" endtime="" description="Digits"/>
   <w nite:id="Bed005.w.199" starttime="" endtime="" c="W">six</w>
   <w nite:id="Bed005.w.200" starttime="" endtime="" c="W">seven</w>
   <w nite:id="Bed005.w.201" starttime="" endtime="" c="W">one</w>
   <w nite:id="Bed005.w.202" starttime="" endtime="" c="CM">,</w>
   <w nite:id="Bed005.w.203" starttime="" endtime="" c="W">one</w>
   <w nite:id="Bed005.w.204" starttime="" endtime="" c="W">nine</w>
   <w nite:id="Bed005.w.205" starttime="" endtime="" c="CM">,</w>
   <w nite:id="Bed005.w.206" starttime="" endtime="" c="W">eight</w>
   <w nite:id="Bed005.w.207" starttime="" endtime="" c="W">one</w>
   <w nite:id="Bed005.w.208" starttime="" endtime="" c="W">nine</w>
   <w nite:id="Bed005.w.209" starttime="" endtime="" c="W">nine</w>
   <comment nite:id="Bed005.comment.14" starttime="" endtime="" description="Digits"/>
   <w nite:id="Bed005.w.210" starttime="" endtime="" c="W">eight</w>
   <w nite:id="Bed005.w.211" starttime="" endtime="" c="CM">,</w>
   <w nite:id="Bed005.w.212" starttime="" endtime="" c="W">five</w>
   <w nite:id="Bed005.w.213" starttime="" endtime="" c="W">zero</w>
   <w nite:id="Bed005.w.214" starttime="" endtime="" c="W">eight</w>
   <w nite:id="Bed005.w.215" starttime="" endtime="" c="CM">,</w>
   <w nite:id="Bed005.w.216" starttime="" endtime="" c="W">nine</w>
   <w nite:id="Bed005.w.217" starttime="" endtime="" c="W">eight</w>
   <w nite:id="Bed005.w.218" starttime="" endtime="" c="CM">,</w>
   <w nite:id="Bed005.w.219" starttime="" endtime="" c="W">four</w>
   <w nite:id="Bed005.w.220" starttime="" endtime="" c="W">five</w>
   <w nite:id="Bed005.w.221" starttime="" endtime="" c="W">five</w>
   <w nite:id="Bed005.w.222" starttime="" endtime="" c="CM">,</w>
   <w nite:id="Bed005.w.223" starttime="" endtime="" c="W">eight</w>
   <comment nite:id="Bed005.comment.15" starttime="" endtime="" description="Digits"/>
   <w nite:id="Bed005.w.224" starttime="" endtime="" c="W">three</w>
   <w nite:id="Bed005.w.225" starttime="" endtime="" c="W">zero</w>
   <w nite:id="Bed005.w.226" starttime="" endtime="" c="W">seven</w>
   <w nite:id="Bed005.w.227" starttime="" endtime="" c="CM">,</w>
   <w nite:id="Bed005.w.228" starttime="" endtime="" c="W">seven</w>
   <w nite:id="Bed005.w.229" starttime="" endtime="" c="W">eight</w>
   <w nite:id="Bed005.w.230" starttime="" endtime="" c="W">four</w>
   <w nite:id="Bed005.w.231" starttime="" endtime="" c="CM">,</w>
   <w nite:id="Bed005.w.232" starttime="" endtime="" c="W">eight</w>
   <w nite:id="Bed005.w.233" starttime="" endtime="" c="W">one</w>
   <w nite:id="Bed005.w.234" starttime="" endtime="" c="W">seven</w>
   <comment nite:id="Bed005.comment.16" starttime="" endtime="" description="Digits"/>
   <w nite:id="Bed005.w.235" starttime="" endtime="" c="W">zero</w>
   <w nite:id="Bed005.w.236" starttime="" endtime="" c="W">eight</w>
   <w nite:id="Bed005.w.237" starttime="" endtime="" c="W">three</w>
   <w nite:id="Bed005.w.238" starttime="" endtime="" c="W">nine</w>
   <w nite:id="Bed005.w.239" starttime="" endtime="" c="CM">,</w>
   <w nite:id="Bed005.w.240" starttime="" endtime="" c="W">eight</w>
   <w nite:id="Bed005.w.241" starttime="" endtime="" c="CM">,</w>
   <w nite:id="Bed005.w.242" starttime="" endtime="" c="W">three</w>
   <w nite:id="Bed005.w.243" starttime="" endtime="" c="W">eight</w>
   <w nite:id="Bed005.w.244" starttime="" endtime="" c="W">three</w>
   <w nite:id="Bed005.w.245" starttime="" endtime="" c=".">.</w>
   <comment nite:id="Bed005.comment.17" starttime="" endtime="" description="Digits"/>
   <w nite:id="Bed005.w.295" starttime="145.11" endtime="145.31" c="W">We</w>
   <w nite:id="Bed005.w.296" starttime="145.31" endtime="145.34" c="W">are</w>
   <w nite:id="Bed005.w.297" starttime="145.34" endtime="145.49" c="W">all</w>
   <w nite:id="Bed005.w.298" starttime="145.49" endtime="145.82" c="W">switched</w>
   <w nite:id="Bed005.w.299" starttime="145.82" endtime="145.93" c="W">on</w>
   <w nite:id="Bed005.w.300" starttime="145.93" endtime="145.93" c=".">.</w>
   <vocalsound nite:id="Bed005.vocalsound.29" starttime="" endtime="" description="breath"/>
   <vocalsound nite:id="Bed005.vocalsound.31" starttime="" endtime="" description="breath"/>
   <vocalsound nite:id="Bed005.vocalsound.86" starttime="" endtime="" description="breath-laugh"/>
   <w nite:id="Bed005.w.1,949" starttime="582.415" endtime="582.615" c="TRUNCW">e</w>
   <w nite:id="Bed005.w.1,950" starttime="582.615" endtime="582.995" c="W">yeah</w>
   <w nite:id="Bed005.w.1,951" starttime="582.995" endtime="582.995" c=".">.</w>
   <w nite:id="Bed005.w.1,952" starttime="582.995" endtime="" c="W">Mm</w>
   <w nite:id="Bed005.w.1,953" starttime="" endtime="" c="HYPH">-</w>
   <w nite:id="Bed005.w.1,954" starttime="" endtime="583.755" c="W">hmm</w>
   <w nite:id="Bed005.w.1,955" starttime="583.755" endtime="583.755" c=".">.</w>
   <w nite:id="Bed005.w.2,034" starttime="605.83" endtime="606.06" c="W">Actually</w>
   <w nite:id="Bed005.w.2,035" starttime="606.06" endtime="606.06" c="CM">,</w>
   <w nite:id="Bed005.w.2,036" starttime="606.06" endtime="606.12" c="W">you</w>
   <w nite:id="Bed005.w.2,037" starttime="606.12" endtime="606.28" c="W">would</w>
   <w nite:id="Bed005.w.2,038" starttime="606.28" endtime="606.61" c="W">say</w>
   <w nite:id="Bed005.w.2,039" starttime="606.61" endtime="606.61" c="CM">,</w>
   <w nite:id="Bed005.w.2,040" starttime="" endtime="" c="LQUOTE" qut="D">"</w>
   <w nite:id="Bed005.w.2,041" starttime="607.02" endtime="607.2" c="W">which</w>
   <w nite:id="Bed005.w.2,042" starttime="607.2" endtime="607.51" c="W">films</w>
   <w nite:id="Bed005.w.2,043" starttime="607.51" endtime="607.6" c="W">are</w>
   <w nite:id="Bed005.w.2,044" starttime="607.6" endtime="607.93" c="W">on</w>
   <w nite:id="Bed005.w.2,045" starttime="607.93" endtime="608.35" c="W">tonight</w>
   <w nite:id="Bed005.w.2,046" starttime="608.35" endtime="608.35" c=".">?</w>
   <w nite:id="Bed005.w.2,047" starttime="" endtime="" c="RQUOTE" qut="D">"</w>
   <vocalsound nite:id="Bed005.vocalsound.152" starttime="" endtime="" description="breath"/>
   <vocalsound nite:id="Bed005.vocalsound.153" starttime="" endtime="" description="breath"/>
   <w nite:id="Bed005.w.2,683" starttime="781.06" endtime="781.44" c="W">Right</w>
   <w nite:id="Bed005.w.2,684" starttime="781.44" endtime="781.44" c=".">.</w>
   <vocalsound nite:id="Bed005.vocalsound.173" starttime="" endtime="" description="inbreath"/>
   <comment nite:id="Bed005.comment.45" starttime="" endtime="" description="as if to speak"/>
   <vocalsound nite:id="Bed005.vocalsound.174" starttime="" endtime="" description="outbreath"/>
   <w nite:id="Bed005.w.2,740" starttime="799.063" endtime="799.353" c="W">Right</w>
   <w nite:id="Bed005.w.2,741" starttime="799.353" endtime="799.353" c=".">.</w>
   <vocalsound nite:id="Bed005.vocalsound.177" starttime="" endtime="" description="inbreath"/>
   <comment nite:id="Bed005.comment.46" starttime="" endtime="" description="as if to speak"/>
   <vocalsound nite:id="Bed005.vocalsound.178" starttime="" endtime="" description="outbreath"/>
   <w nite:id="Bed005.w.2,764" starttime="800.937" endtime="801.187" c="W">But</w>
   <disfmarker nite:id="Bed005.disfmarker.86" starttime="" endtime=""/>
   <vocalsound nite:id="Bed005.vocalsound.183" starttime="" endtime="" description="inbreath"/>
   <w nite:id="Bed005.w.5,977" starttime="1847.59" endtime="1847.86" t="PLET" c="W">OK</w>
   <w nite:id="Bed005.w.5,978" starttime="1847.86" endtime="1847.86" c=".">.</w>
   <w nite:id="Bed005.w.6,097" starttime="1880.9" endtime="1881.21" c="W">Right</w>
   <w nite:id="Bed005.w.6,098" starttime="1881.21" endtime="1881.21" c=".">.</w>
   <w nite:id="Bed005.w.6,122" starttime="1885.85" endtime="1886.21" c="W">Right</w>
   <w nite:id="Bed005.w.6,123" starttime="1886.21" endtime="1886.21" c=".">.</w>
   <w nite:id="Bed005.w.6,124" starttime="1889.3" endtime="1889.51" c="W">Right</w>
   <w nite:id="Bed005.w.6,125" starttime="1889.51" endtime="1889.51" c=".">.</w>
   <vocalsound nite:id="Bed005.vocalsound.368" starttime="" endtime="" description="inbreath"/>
   <comment nite:id="Bed005.comment.74" starttime="" endtime="" description="as if to speak"/>
   <w nite:id="Bed005.w.6,143" starttime="1896.97" endtime="1897.16" c="W">Right</w>
   <w nite:id="Bed005.w.6,144" starttime="1897.16" endtime="1897.16" c=".">.</w>
   <w nite:id="Bed005.w.6,145" starttime="1897.16" endtime="1897.32" c="W">And</w>
   <w nite:id="Bed005.w.6,146" starttime="1897.32" endtime="1897.38" c="W">you</w>
   <w nite:id="Bed005.w.6,147" starttime="1897.38" endtime="1897.51" c="W">have</w>
   <w nite:id="Bed005.w.6,148" starttime="1897.51" endtime="1897.85" c="W">both</w>
   <w nite:id="Bed005.w.6,149" starttime="1897.85" endtime="1898.12" c="W">proper</w>
   <w nite:id="Bed005.w.6,150" starttime="1898.12" endtime="1898.46" c="W">names</w>
   <w nite:id="Bed005.w.6,151" starttime="1898.46" endtime="1898.57" c="W">and</w>
   <w nite:id="Bed005.w.6,152" starttime="1898.57" endtime="1899.27" c="W">descriptions</w>
   <w nite:id="Bed005.w.6,153" starttime="1899.27" endtime="1899.45" c="W">and</w>
   <w nite:id="Bed005.w.6,154" starttime="1899.45" endtime="1899.51" c="TRUNCW">y</w>
   <w nite:id="Bed005.w.6,155" starttime="1899.51" endtime="1899.64" c="W">and</w>
   <w nite:id="Bed005.w.6,156" starttime="1899.64" endtime="1899.7" c="W">you</w>
   <w nite:id="Bed005.w.6,157" starttime="1899.7" endtime="1899.85" c="W">can</w>
   <w nite:id="Bed005.w.6,158" starttime="1899.85" endtime="1900.18" c="W">ask</w>
   <w nite:id="Bed005.w.6,159" starttime="1900.18" endtime="1900.38" c="W">for</w>
   <w nite:id="Bed005.w.6,160" starttime="1900.62" endtime="1900.86" c="W">it</w>
   <w nite:id="Bed005.w.6,161" starttime="1900.86" endtime="1900.86" c=".">.</w>
   <w nite:id="Bed005.w.6,180" starttime="1902.13" endtime="1902.35" c="W">Right</w>
   <w nite:id="Bed005.w.6,181" starttime="1902.35" endtime="1902.35" c=".">.</w>
   <w nite:id="Bed005.w.6,182" starttime="1902.95" endtime="1903.21" t="PLET" c="W">OK</w>
   <w nite:id="Bed005.w.6,183" starttime="1903.21" endtime="1903.21" c=".">.</w>
   <w nite:id="Bed005.w.6,200" starttime="1905.35" endtime="1905.73" c="W">Right</w>
   <w nite:id="Bed005.w.6,201" starttime="1905.73" endtime="1905.73" c=".">.</w>
   <w nite:id="Bed005.w.6,202" starttime="1906.97" endtime="1907.21" c="W">Right</w>
   <w nite:id="Bed005.w.6,203" starttime="1907.21" endtime="1907.21" c=".">.</w>
   <w nite:id="Bed005.w.6,414" starttime="1965.4" endtime="1965.51" c="W">Or</w>
   <disfmarker nite:id="Bed005.disfmarker.253" starttime="" endtime=""/>
   <w nite:id="Bed005.w.6,415" starttime="1965.51" endtime="1965.7" c="W">or</w>
   <w nite:id="Bed005.w.6,416" starttime="1965.7" endtime="1965.76" c="W">if</w>
   <w nite:id="Bed005.w.6,417" starttime="1965.76" endtime="1965.83" c="W">you</w>
   <w nite:id="Bed005.w.6,418" starttime="1965.83" endtime="1965.96" c="W">take</w>
   <w nite:id="Bed005.w.6,419" starttime="1965.96" endtime="1966.46" c="W">something</w>
   <w nite:id="Bed005.w.6,420" starttime="1966.74" endtime="1966.97" c="W">even</w>
   <w nite:id="Bed005.w.6,421" starttime="1966.97" endtime="1967.41" c="W">more</w>
   <w nite:id="Bed005.w.6,422" starttime="1967.7" endtime="1968.22" c="W">scary</w>
   <w nite:id="Bed005.w.6,423" starttime="1968.22" endtime="1968.22" c="CM">,</w>
   <w nite:id="Bed005.w.6,424" starttime="1968.67" endtime="1968.96" c="W">um</w>
   <w nite:id="Bed005.w.6,425" starttime="1968.96" endtime="1968.96" c="CM">,</w>
   <w nite:id="Bed005.w.6,426" starttime="" endtime="" c="LQUOTE" qut="D">"</w>
   <w nite:id="Bed005.w.6,427" starttime="1969.23" endtime="1969.46" c="W">how</w>
   <w nite:id="Bed005.w.6,428" starttime="1969.46" endtime="1969.58" c="W">do</w>
   <w nite:id="Bed005.w.6,429" starttime="1969.58" endtime="1969.65" c="W">I</w>
   <w nite:id="Bed005.w.6,430" starttime="1969.65" endtime="1970.0" c="W">get</w>
   <w nite:id="Bed005.w.6,431" starttime="1970.0" endtime="1970.14" c="W">to</w>
   <w nite:id="Bed005.w.6,432" starttime="1970.14" endtime="1970.24" c="W">the</w>
   <w nite:id="Bed005.w.6,433" starttime="1970.24" endtime="1970.6" c="W">third</w>
   <w nite:id="Bed005.w.6,434" starttime="1970.6" endtime="1971.08" c="W">building</w>
   <w nite:id="Bed005.w.6,435" starttime="1971.34" endtime="1971.51" c="W">after</w>
   <w nite:id="Bed005.w.6,436" starttime="1971.51" endtime="1971.7" c="W">the</w>
   <w nite:id="Bed005.w.6,437" starttime="1972.25" endtime="1972.58" c="W">Tower</w>
   <w nite:id="Bed005.w.6,438" starttime="1972.58" endtime="1972.58" c=".">?</w>
   <w nite:id="Bed005.w.6,439" starttime="1972.58" endtime="1972.74" c="W">the</w>
   <w nite:id="Bed005.w.6,440" starttime="1972.74" endtime="1973.11" c="W">Ple</w>
   <w nite:id="Bed005.w.6,441" starttime="" endtime="" c="SYM">-</w>
   <w nite:id="Bed005.w.6,442" starttime="1973.17" endtime="" c="W">Powder</w>
   <w nite:id="Bed005.w.6,443" starttime="" endtime="" c="HYPH">-</w>
   <w nite:id="Bed005.w.6,444" starttime="" endtime="1974.0" c="W">Tower</w>
   <w nite:id="Bed005.w.6,445" starttime="1974.0" endtime="1974.0" c=".">?</w>
   <w nite:id="Bed005.w.6,446" starttime="" endtime="" c="RQUOTE" qut="D">"</w>
   <w nite:id="Bed005.w.6,447" starttime="1974.0" endtime="1974.31" c="W">Uh</w>
   <w nite:id="Bed005.w.6,448" starttime="1974.31" endtime="1974.31" c="CM">,</w>
   <w nite:id="Bed005.w.6,449" starttime="1974.31" endtime="1974.53" c="W">you</w>
   <w nite:id="Bed005.w.6,450" starttime="1974.53" endtime="1974.71" c="W">need</w>
   <w nite:id="Bed005.w.6,451" starttime="1974.71" endtime="1975.07" c="W">some</w>
   <w nite:id="Bed005.w.6,452" starttime="1975.07" endtime="1975.72" c="W">mechanism</w>
   <w nite:id="Bed005.w.6,453" starttime="1976.33" endtime="1976.44" c="W">for</w>
   <pause nite:id="Bed005.pause.43" starttime="1976.44" endtime="1978.77"/>
   <w nite:id="Bed005.w.6,486" starttime="1978.77" endtime="1979.08" c="W">Right</w>
   <w nite:id="Bed005.w.6,487" starttime="1979.08" endtime="1979.08" c=".">.</w>
   <w nite:id="Bed005.w.6,497" starttime="1981.33" endtime="1981.61" c="W">Right</w>
   <w nite:id="Bed005.w.6,498" starttime="1981.61" endtime="1981.61" c=".">.</w>
   <w nite:id="Bed005.w.6,517" starttime="1982.43" endtime="1982.69" c="W">Right</w>
   <w nite:id="Bed005.w.6,518" starttime="1982.69" endtime="1982.69" c=".">.</w>
   <w nite:id="Bed005.w.6,898" starttime="2102.48" endtime="2103.06" c="W">Muh</w>
   <w nite:id="Bed005.w.6,899" starttime="" endtime="" c="SYM">-</w>
   <w nite:id="Bed005.w.6,950" starttime="2104.32" endtime="2105.05" c="W">Right</w>
   <w nite:id="Bed005.w.6,951" starttime="2105.05" endtime="2105.05" c=".">.</w>
   <vocalsound nite:id="Bed005.vocalsound.435" starttime="" endtime="" description="inbreath"/>
   <comment nite:id="Bed005.comment.84" starttime="" endtime="" description="as if to speak"/>
   <vocalsound nite:id="Bed005.vocalsound.436" starttime="" endtime="" description="outbreath"/>
   <vocalsound nite:id="Bed005.vocalsound.440" starttime="" endtime="" description="inbreath"/>
   <comment nite:id="Bed005.comment.85" starttime="" endtime="" description="as if to speak"/>
   <vocalsound nite:id="Bed005.vocalsound.441" starttime="" endtime="" description="outbreath"/>
   <w nite:id="Bed005.w.7,749" starttime="2291.94" endtime="2292.89" c="W">Mwa</w>
   <w nite:id="Bed005.w.7,750" starttime="" endtime="" c="SYM">-</w>
   <w nite:id="Bed005.w.7,751" starttime="2292.89" endtime="" c="W">Mm</w>
   <w nite:id="Bed005.w.7,752" starttime="" endtime="" c="HYPH">-</w>
   <w nite:id="Bed005.w.7,753" starttime="" endtime="2293.33" c="W">hmm</w>
   <w nite:id="Bed005.w.7,754" starttime="2293.33" endtime="2293.33" c=".">.</w>
   <comment nite:id="Bed005.comment.88" starttime="" endtime="" description="whispered"/>
   <vocalsound nite:id="Bed005.vocalsound.454" starttime="" endtime="" description="inbreath"/>
   <w nite:id="Bed005.w.7,832" starttime="2311.22" endtime="2311.37" c="W">So</w>
   <w nite:id="Bed005.w.7,833" starttime="2311.37" endtime="2311.37" c="CM">,</w>
   <w nite:id="Bed005.w.7,834" starttime="2311.37" endtime="2311.56" c="W">uh</w>
   <disfmarker nite:id="Bed005.disfmarker.307" starttime="" endtime=""/>
   <w nite:id="Bed005.w.7,835" starttime="2311.56" endtime="2311.87" c="W">So</w>
   <w nite:id="Bed005.w.7,836" starttime="2311.87" endtime="2311.87" c="CM">,</w>
   <w nite:id="Bed005.w.7,837" starttime="2311.87" endtime="2312.09" c="W">uh</w>
   <w nite:id="Bed005.w.7,838" starttime="2312.09" endtime="2312.09" c="CM">,</w>
   <w nite:id="Bed005.w.7,839" starttime="2312.09" endtime="2312.14" c="W">I</w>
   <w nite:id="Bed005.w.7,840" starttime="2312.14" endtime="2312.27" c="W">was</w>
   <w nite:id="Bed005.w.7,841" starttime="2312.27" endtime="2312.48" c="W">just</w>
   <w nite:id="Bed005.w.7,842" starttime="2312.48" endtime="2312.66" c="W">going</w>
   <w nite:id="Bed005.w.7,843" starttime="2312.66" endtime="2312.77" c="W">to</w>
   <w nite:id="Bed005.w.7,844" starttime="2312.77" endtime="2312.99" c="W">ask</w>
   <w nite:id="Bed005.w.7,845" starttime="2312.99" endtime="2312.99" c="CM">,</w>
   <w nite:id="Bed005.w.7,846" starttime="2312.99" endtime="2313.14" c="W">um</w>
   <w nite:id="Bed005.w.7,847" starttime="2313.14" endtime="2313.14" c="CM">,</w>
   <vocalsound nite:id="Bed005.vocalsound.456" starttime="" endtime="" description="breath"/>
   <w nite:id="Bed005.w.7,848" starttime="2313.48" endtime="2313.86" c="W">so</w>
   <w nite:id="Bed005.w.7,849" starttime="2313.86" endtime="2313.86" c="CM">,</w>
   <w nite:id="Bed005.w.7,854" starttime="2314.78" endtime="2314.91" c="W">what</w>
   <w nite:id="Bed005.w.7,855" starttime="2314.91" endtime="2315.01" c="W">is</w>
   <w nite:id="Bed005.w.7,856" starttime="2315.01" endtime="2315.14" c="W">the</w>
   <disfmarker nite:id="Bed005.disfmarker.308" starttime="" endtime=""/>
   <w nite:id="Bed005.w.7,857" starttime="2315.18" endtime="2315.25" c="W">the</w>
   <w nite:id="Bed005.w.7,858" starttime="2315.25" endtime="2315.69" c="W">basic</w>
   <w nite:id="Bed005.w.7,859" starttime="2315.69" endtime="2315.87" c="W">thing</w>
   <w nite:id="Bed005.w.7,860" starttime="2315.87" endtime="2316.09" c="W">that</w>
   <disfmarker nite:id="Bed005.disfmarker.309" starttime="" endtime=""/>
   <w nite:id="Bed005.w.7,861" starttime="2316.18" endtime="2316.6" c="W">that</w>
   <w nite:id="Bed005.w.7,862" starttime="2316.6" endtime="2316.72" c="W">you</w>
   <w nite:id="Bed005.w.7,863" starttime="2316.72" endtime="2316.86" c="W">are</w>
   <w nite:id="Bed005.w.7,864" starttime="2316.86" endtime="2316.86" c="CM">,</w>
   <w nite:id="Bed005.w.7,865" starttime="2317.12" endtime="2317.52" c="W">um</w>
   <w nite:id="Bed005.w.7,866" starttime="2317.52" endtime="2317.52" c="CM">,</w>
   <w nite:id="Bed005.w.7,867" starttime="2317.64" endtime="2318.05" c="W">obligated</w>
   <w nite:id="Bed005.w.7,868" starttime="2318.05" endtime="2318.14" c="W">to</w>
   <w nite:id="Bed005.w.7,869" starttime="2318.14" endtime="2318.59" c="W">do</w>
   <w nite:id="Bed005.w.7,870" starttime="2318.59" endtime="2318.59" c="CM">,</w>
   <w nite:id="Bed005.w.7,871" starttime="2318.59" endtime="2318.8" c="W">um</w>
   <w nite:id="Bed005.w.7,872" starttime="2318.8" endtime="2318.8" c="CM">,</w>
   <w nite:id="Bed005.w.7,873" starttime="2318.92" endtime="2319.61" c="W">uh</w>
   <w nite:id="Bed005.w.7,874" starttime="2319.61" endtime="2319.61" c="CM">,</w>
   <w nite:id="Bed005.w.7,875" starttime="2319.61" endtime="2319.91" c="W">by</w>
   <w nite:id="Bed005.w.7,876" starttime="2319.91" endtime="2319.98" c="W">the</w>
   <w nite:id="Bed005.w.7,877" starttime="2319.98" endtime="2320.34" c="W">summer</w>
   <w nite:id="Bed005.w.7,878" starttime="2320.85" endtime="2321.24" c="W">before</w>
   <w nite:id="Bed005.w.7,879" starttime="2321.24" endtime="2321.37" c="TRUNCW">w</w>
   <w nite:id="Bed005.w.7,880" starttime="2321.37" endtime="2321.4" c="W">uh</w>
   <w nite:id="Bed005.w.7,881" starttime="2321.4" endtime="2321.7" c="TRUNCW">y</w>
   <w nite:id="Bed005.w.7,882" starttime="2321.7" endtime="2321.86" c="TRUNCW">c</w>
   <w nite:id="Bed005.w.7,883" starttime="2321.86" endtime="2321.92" c="W">we</w>
   <w nite:id="Bed005.w.7,884" starttime="2321.92" endtime="2322.04" c="W">can</w>
   <w nite:id="Bed005.w.7,885" starttime="2322.04" endtime="2322.36" c="W">move</w>
   <disfmarker nite:id="Bed005.disfmarker.310" starttime="" endtime=""/>
   <w nite:id="Bed005.w.7,951" starttime="2340.6" endtime="2340.89" c="W">Right</w>
   <w nite:id="Bed005.w.7,952" starttime="2340.89" endtime="2340.89" c=".">.</w>
   <vocalsound nite:id="Bed005.vocalsound.460" starttime="" endtime="" description="mouth"/>
   <w nite:id="Bed005.w.7,967" starttime="2345.84" endtime="2346.38" c="W">Right</w>
   <w nite:id="Bed005.w.7,968" starttime="2346.38" endtime="2346.38" c=".">.</w>
   <w nite:id="Bed005.w.7,980" starttime="2348.23" endtime="2348.51" c="W">Right</w>
   <w nite:id="Bed005.w.7,981" starttime="2348.51" endtime="2348.51" c=".">.</w>
   <w nite:id="Bed005.w.8,023" starttime="2361.25" endtime="2361.54" c="W">Right</w>
   <w nite:id="Bed005.w.8,024" starttime="2361.54" endtime="2361.54" c=".">.</w>
   <w nite:id="Bed005.w.8,063" starttime="2374.98" endtime="2375.56" c="W">Right</w>
   <w nite:id="Bed005.w.8,064" starttime="2375.56" endtime="2375.56" c=".">.</w>
   <w nite:id="Bed005.w.8,088" starttime="2382.23" endtime="2382.51" c="W">Right</w>
   <w nite:id="Bed005.w.8,089" starttime="2382.51" endtime="2382.51" c=".">.</w>
   <w nite:id="Bed005.w.8,090" starttime="2382.67" endtime="2382.82" c="W">Got</w>
   <w nite:id="Bed005.w.8,091" starttime="2382.82" endtime="2382.9" c="W">it</w>
   <w nite:id="Bed005.w.8,092" starttime="2382.9" endtime="2382.9" c=".">.</w>
   <vocalsound nite:id="Bed005.vocalsound.465" starttime="" endtime="" description="breath"/>
   <w nite:id="Bed005.w.8,125" starttime="2393.87" endtime="2394.1" c="W">Right</w>
   <w nite:id="Bed005.w.8,126" starttime="2394.1" endtime="2394.1" c=".">.</w>
   <w nite:id="Bed005.w.8,127" starttime="2394.44" endtime="2394.71" c="W">Right</w>
   <w nite:id="Bed005.w.8,128" starttime="2394.71" endtime="2394.71" c=".">.</w>
   <w nite:id="Bed005.w.8,129" starttime="2395.25" endtime="" c="W">That</w>
   <w nite:id="Bed005.w.8,130" starttime="" endtime="2395.44" c="APOSS">'s</w>
   <w nite:id="Bed005.w.8,131" starttime="2395.44" endtime="2395.73" c="W">great</w>
   <w nite:id="Bed005.w.8,132" starttime="2395.73" endtime="2395.73" c=".">!</w>
   <w nite:id="Bed005.w.8,167" starttime="2404.41" endtime="2404.74" c="W">Right</w>
   <w nite:id="Bed005.w.8,168" starttime="2404.74" endtime="2404.74" c=".">.</w>
   <vocalsound nite:id="Bed005.vocalsound.484" starttime="" endtime="" description="laugh"/>
   <w nite:id="Bed005.w.8,457" starttime="2482.65" endtime="2482.79" c="W">Ugh</w>
   <w nite:id="Bed005.w.8,458" starttime="2482.79" endtime="2482.79" c=".">.</w>
   <comment nite:id="Bed005.comment.91" starttime="" endtime="" description="interjection"/>
   <w nite:id="Bed005.w.8,547" starttime="2504.41" endtime="2504.65" c="W">Yeah</w>
   <w nite:id="Bed005.w.8,548" starttime="2504.65" endtime="2504.65" c=".">.</w>
   <vocalsound nite:id="Bed005.vocalsound.493" starttime="" endtime="" description="laugh"/>
   <w nite:id="Bed005.w.8,747" starttime="2558.46" endtime="2558.56" c="TRUNCW">W</w>
   <w nite:id="Bed005.w.8,748" starttime="2558.56" endtime="2558.68" c="W">what</w>
   <w nite:id="Bed005.w.8,749" starttime="2558.68" endtime="2558.81" c="W">was</w>
   <w nite:id="Bed005.w.8,750" starttime="2558.81" endtime="2559.03" c="W">this</w>
   <w nite:id="Bed005.w.8,751" starttime="2559.03" endtime="2559.03" c=".">?</w>
   <w nite:id="Bed005.w.8,752" starttime="2559.03" endtime="2559.09" c="W">It</w>
   <disfmarker nite:id="Bed005.disfmarker.348" starttime="" endtime=""/>
   <w nite:id="Bed005.w.8,753" starttime="2559.09" endtime="2559.43" c="TRUNCW">i</w>
   <w nite:id="Bed005.w.8,754" starttime="2559.63" endtime="2559.78" c="TRUNCW">i</w>
   <w nite:id="Bed005.w.8,755" starttime="2559.96" endtime="2560.14" c="TRUNCW">i</w>
   <w nite:id="Bed005.w.8,756" starttime="2560.14" endtime="2560.23" c="W">ehhh</w>
   <w nite:id="Bed005.w.8,757" starttime="2560.23" endtime="2560.23" c="CM">,</w>
   <comment nite:id="Bed005.comment.93" starttime="" endtime="" description="vocal gesture of hindrance"/>
   <w nite:id="Bed005.w.8,758" starttime="2560.51" endtime="2560.65" c="TRUNCW">i</w>
   <w nite:id="Bed005.w.8,759" starttime="2560.65" endtime="2560.68" c="W">ehhh</w>
   <w nite:id="Bed005.w.8,760" starttime="2560.68" endtime="2560.68" c=".">.</w>
   <comment nite:id="Bed005.comment.94" starttime="" endtime="" description="vocal gesture of hindrance"/>
   <vocalsound nite:id="Bed005.vocalsound.513" starttime="" endtime="" description="laugh"/>
   <w nite:id="Bed005.w.8,776" starttime="2561.6" endtime="2561.67" c="W">I</w>
   <w nite:id="Bed005.w.8,777" starttime="2561.67" endtime="2561.84" c="W">mean</w>
   <disfmarker nite:id="Bed005.disfmarker.351" starttime="" endtime=""/>
   <vocalsound nite:id="Bed005.vocalsound.514" starttime="" endtime="" description="breath-laugh"/>
   <w nite:id="Bed005.w.8,782" starttime="2564.63" endtime="2564.99" t="PLET" c="W">OK</w>
   <w nite:id="Bed005.w.8,783" starttime="2564.99" endtime="2564.99" c=".">.</w>
   <w nite:id="Bed005.w.8,784" starttime="2564.99" endtime="2565.24" c="W">Right</w>
   <w nite:id="Bed005.w.8,785" starttime="2565.24" endtime="2565.24" c=".">.</w>
   <w nite:id="Bed005.w.8,814" starttime="2568.64" endtime="2568.81" c="W">Like</w>
   <w nite:id="Bed005.w.8,815" starttime="2568.81" endtime="2568.9" c="W">the</w>
   <w nite:id="Bed005.w.8,816" starttime="2568.9" endtime="2569.21" c="W">army</w>
   <w nite:id="Bed005.w.8,817" starttime="2569.21" endtime="2569.21" c=".">.</w>
   <w nite:id="Bed005.w.8,818" starttime="2570.27" endtime="2570.49" c="W">Yeah</w>
   <w nite:id="Bed005.w.8,819" starttime="2570.49" endtime="2570.49" c=".">.</w>
   <vocalsound nite:id="Bed005.vocalsound.518" starttime="" endtime="" description="laugh"/>
   <w nite:id="Bed005.w.9,914" starttime="2839.44" endtime="2840.09" t="PLET" c="W">OK</w>
   <w nite:id="Bed005.w.9,915" starttime="2840.09" endtime="2840.09" c=".">.</w>
   <vocalsound nite:id="Bed005.vocalsound.600" starttime="" endtime="" description="breath-laugh"/>
   <vocalsound nite:id="Bed005.vocalsound.678" starttime="" endtime="" description="breath-laugh"/>
   <w nite:id="Bed005.w.13,697" starttime="3739.65" endtime="3739.9" c="W">Yeah</w>
   <w nite:id="Bed005.w.13,698" starttime="3739.9" endtime="3739.9" c="CM">,</w>
   <w nite:id="Bed005.w.13,699" starttime="3739.9" endtime="3740.09" c="W">I</w>
   <disfmarker nite:id="Bed005.disfmarker.571" starttime="" endtime=""/>
   <w nite:id="Bed005.w.13,700" starttime="3740.09" endtime="3740.19" c="W">I</w>
   <w nite:id="Bed005.w.13,701" starttime="3740.19" endtime="3740.28" c="W">would</w>
   <w nite:id="Bed005.w.13,702" starttime="3740.28" endtime="3740.39" c="W">like</w>
   <w nite:id="Bed005.w.13,703" starttime="3740.39" endtime="3740.42" c="W">a</w>
   <w nite:id="Bed005.w.13,704" starttime="3740.42" endtime="3740.7" c="W">copy</w>
   <w nite:id="Bed005.w.13,705" starttime="3740.7" endtime="3740.7" c="CM">,</w>
   <w nite:id="Bed005.w.13,706" starttime="3740.7" endtime="3740.97" c="TRUNCW">y</w>
   <w nite:id="Bed005.w.13,707" starttime="3740.97" endtime="3741.17" c="TRUNCW">y</w>
   <w nite:id="Bed005.w.13,708" starttime="3741.17" endtime="3741.24" c="W">yeah</w>
   <w nite:id="Bed005.w.13,709" starttime="3741.24" endtime="3741.24" c=".">.</w>
   <vocalsound nite:id="Bed005.vocalsound.702" starttime="" endtime="" description="mouth"/>
   <w nite:id="Bed005.w.13,717" starttime="3743.54" endtime="3743.63" t="PLET" c="W">OK</w>
   <w nite:id="Bed005.w.13,718" starttime="3743.63" endtime="3743.63" c=".">.</w>
</nite:root>