<?xml version="1.0" encoding="ISO-8859-1" standalone="yes"?>
<nite:root nite:id="ES2007d.B.words" xmlns:nite="http://nite.sourceforge.net/">
   <w nite:id="ES2007d.B.words0" starttime="8.85" endtime="8.99">I</w>
   <w nite:id="ES2007d.B.words1" starttime="8.99" endtime="9.24">used</w>
   <w nite:id="ES2007d.B.words2" starttime="9.24" endtime="9.35">to</w>
   <w nite:id="ES2007d.B.words3" starttime="9.35" endtime="9.61">eat</w>
   <w nite:id="ES2007d.B.words4" starttime="9.61" endtime="9.97">it</w>
   <w nite:id="ES2007d.B.words5" starttime="9.97" endtime="9.97" punc="true">.</w>
   <w nite:id="ES2007d.B.words6" starttime="48.3" endtime="48.49">Yep</w>
   <w nite:id="ES2007d.B.words7" starttime="48.49" endtime="48.49" punc="true">.</w>
   <vocalsound nite:id="ES2007d.B.words8" starttime="52.144" endtime="53.072" type="laugh"/>
   <w nite:id="ES2007d.B.words9" starttime="54.88" endtime="55.1">We&#39;ve</w>
   <w nite:id="ES2007d.B.words10" starttime="55.1" endtime="55.24">got</w>
   <w nite:id="ES2007d.B.words11" starttime="55.24" endtime="55.32">a</w>
   <w nite:id="ES2007d.B.words12" starttime="55.32" endtime="55.63">cool</w>
   <w nite:id="ES2007d.B.words13" starttime="55.63" endtime="56.39">prototype</w>
   <w nite:id="ES2007d.B.words14" starttime="56.39" endtime="56.39" punc="true">.</w>
   <w nite:id="ES2007d.B.words15" starttime="68.02" endtime="68.28">Double</w>
   <w nite:id="ES2007d.B.words16" starttime="68.28" endtime="68.85">curved</w>
   <w nite:id="ES2007d.B.words17" starttime="68.85" endtime="68.85" punc="true">.</w>
   <w nite:id="ES2007d.B.words18" starttime="146.34" endtime="146.55">Which</w>
   <w nite:id="ES2007d.B.words19" starttime="146.55" endtime="146.84">is</w>
   <w nite:id="ES2007d.B.words20" starttime="146.84" endtime="147.28" trunc="true">ant</w>
   <w nite:id="ES2007d.B.words21" starttime="147.28" endtime="148.96">anti-R_S_I_</w>
   <w nite:id="ES2007d.B.words22" starttime="148.96" endtime="148.96" punc="true">.</w>
   <vocalsound nite:id="ES2007d.B.words23" starttime="163.536" endtime="164.656" type="laugh"/>
   <w nite:id="ES2007d.B.words24" starttime="178.96" endtime="179.13">Oh</w>
   <w nite:id="ES2007d.B.words25" starttime="179.13" endtime="179.43">right</w>
   <w nite:id="ES2007d.B.words26" starttime="179.43" endtime="179.43" punc="true">,</w>
   <w nite:id="ES2007d.B.words27" starttime="179.43" endtime="179.61">yeah</w>
   <w nite:id="ES2007d.B.words28" starttime="179.61" endtime="179.61" punc="true">.</w>
   <w nite:id="ES2007d.B.words29" starttime="205.64" endtime="205.82">Yeah</w>
   <w nite:id="ES2007d.B.words30" starttime="205.82" endtime="205.82" punc="true">,</w>
   <w nite:id="ES2007d.B.words31" starttime="205.82" endtime="205.85">I</w>
   <w nite:id="ES2007d.B.words32" starttime="205.85" endtime="206.06">know</w>
   <w nite:id="ES2007d.B.words33" starttime="206.06" endtime="206.13">I</w>
   <w nite:id="ES2007d.B.words34" starttime="206.13" endtime="206.3">know</w>
   <w nite:id="ES2007d.B.words35" starttime="206.3" endtime="206.71">people</w>
   <w nite:id="ES2007d.B.words36" starttime="206.71" endtime="206.95">who</w>
   <w nite:id="ES2007d.B.words37" starttime="206.95" endtime="207.4">have</w>
   <w nite:id="ES2007d.B.words38" starttime="207.4" endtime="207.94">left-handed</w>
   <w nite:id="ES2007d.B.words39" starttime="207.94" endtime="208.1">and</w>
   <w nite:id="ES2007d.B.words40" starttime="208.1" endtime="208.63">right-handed</w>
   <w nite:id="ES2007d.B.words41" starttime="208.63" endtime="208.91">people</w>
   <w nite:id="ES2007d.B.words42" starttime="208.91" endtime="209.02">in</w>
   <w nite:id="ES2007d.B.words43" starttime="209.02" endtime="209.12">the</w>
   <w nite:id="ES2007d.B.words44" starttime="209.12" endtime="209.52">family</w>
   <w nite:id="ES2007d.B.words45" starttime="209.52" endtime="209.93">and</w>
   <w nite:id="ES2007d.B.words46" starttime="209.93" endtime="210.02">they</w>
   <w nite:id="ES2007d.B.words47" starttime="210.02" endtime="210.27">all</w>
   <w nite:id="ES2007d.B.words48" starttime="210.27" endtime="210.54">use</w>
   <w nite:id="ES2007d.B.words49" starttime="210.54" endtime="211.05">the</w>
   <w nite:id="ES2007d.B.words50" starttime="211.05" endtime="212.41">computer</w>
   <vocalsound nite:id="ES2007d.B.words51" starttime="212.41" endtime="212.41" type="other"/>
   <w nite:id="ES2007d.B.words52" starttime="212.41" endtime="212.6">for</w>
   <w nite:id="ES2007d.B.words53" starttime="212.6" endtime="212.68">the</w>
   <w nite:id="ES2007d.B.words54" starttime="212.68" endtime="212.97">whole</w>
   <disfmarker nite:id="ES2007d.B.words55" starttime="212.97" endtime="212.97"/>
   <w nite:id="ES2007d.B.words56" starttime="212.97" endtime="213.1">the</w>
   <w nite:id="ES2007d.B.words57" starttime="213.1" endtime="213.28">same</w>
   <w nite:id="ES2007d.B.words58" starttime="213.28" endtime="213.62">computer</w>
   <w nite:id="ES2007d.B.words59" starttime="213.62" endtime="213.81">the</w>
   <w nite:id="ES2007d.B.words60" starttime="213.81" endtime="214.22" trunc="true">fes</w>
   <w nite:id="ES2007d.B.words61" starttime="214.22" endtime="214.62">family</w>
   <w nite:id="ES2007d.B.words62" starttime="214.62" endtime="214.89">and</w>
   <w nite:id="ES2007d.B.words63" starttime="214.89" endtime="214.99">they</w>
   <w nite:id="ES2007d.B.words64" starttime="214.99" endtime="215.14">have</w>
   <w nite:id="ES2007d.B.words65" starttime="215.14" endtime="215.19">a</w>
   <w nite:id="ES2007d.B.words66" starttime="215.19" endtime="215.97">mouse</w>
   <w nite:id="ES2007d.B.words67" starttime="215.97" endtime="215.97" punc="true">,</w>
   <w nite:id="ES2007d.B.words68" starttime="215.97" endtime="216.17">and</w>
   <w nite:id="ES2007d.B.words69" starttime="216.17" endtime="216.56">everybody</w>
   <w nite:id="ES2007d.B.words70" starttime="216.56" endtime="216.62">is</w>
   <w nite:id="ES2007d.B.words71" starttime="216.62" endtime="216.93">using</w>
   <w nite:id="ES2007d.B.words72" starttime="216.93" endtime="217.83">right-handed</w>
   <w nite:id="ES2007d.B.words73" starttime="217.83" endtime="218.27">mouse</w>
   <w nite:id="ES2007d.B.words74" starttime="218.27" endtime="218.27" punc="true">.</w>
   <w nite:id="ES2007d.B.words75" starttime="228.29" endtime="228.71">Imagine</w>
   <w nite:id="ES2007d.B.words76" starttime="228.71" endtime="229.06" trunc="true">d</w>
   <w nite:id="ES2007d.B.words77" starttime="229.06" endtime="229.21">are</w>
   <w nite:id="ES2007d.B.words78" starttime="229.21" endtime="229.36">you</w>
   <w nite:id="ES2007d.B.words79" starttime="229.36" endtime="229.6">right</w>
   <w nite:id="ES2007d.B.words80" starttime="229.6" endtime="229.95">handed</w>
   <w nite:id="ES2007d.B.words81" starttime="229.95" endtime="229.95" punc="true">?</w>
   <w nite:id="ES2007d.B.words82" starttime="231.44" endtime="231.83">Imagine</w>
   <w nite:id="ES2007d.B.words83" starttime="231.83" endtime="231.94">you&#39;re</w>
   <w nite:id="ES2007d.B.words84" starttime="231.94" endtime="232.15">doing</w>
   <w nite:id="ES2007d.B.words85" starttime="232.15" endtime="232.28">it</w>
   <w nite:id="ES2007d.B.words86" starttime="232.28" endtime="232.42">with</w>
   <w nite:id="ES2007d.B.words87" starttime="232.42" endtime="232.54">your</w>
   <w nite:id="ES2007d.B.words88" starttime="232.54" endtime="232.83">left</w>
   <w nite:id="ES2007d.B.words89" starttime="232.83" endtime="233.5">hand</w>
   <w nite:id="ES2007d.B.words90" starttime="233.5" endtime="233.5" punc="true">,</w>
   <w nite:id="ES2007d.B.words91" starttime="233.5" endtime="233.56">I</w>
   <w nite:id="ES2007d.B.words92" starttime="233.56" endtime="233.76">don&#39;t</w>
   <w nite:id="ES2007d.B.words93" starttime="233.76" endtime="234.0">think</w>
   <w nite:id="ES2007d.B.words94" starttime="234.0" endtime="234.27">it&#39;s</w>
   <w nite:id="ES2007d.B.words95" starttime="234.27" endtime="234.64">too</w>
   <disfmarker nite:id="ES2007d.B.words96" starttime="234.64" endtime="234.672"/>
   <w nite:id="ES2007d.B.words97" starttime="238.16" endtime="238.41">But</w>
   <w nite:id="ES2007d.B.words98" starttime="238.41" endtime="238.54">we</w>
   <w nite:id="ES2007d.B.words99" starttime="238.54" endtime="238.88">can</w>
   <w nite:id="ES2007d.B.words100" starttime="238.88" endtime="239.59">have</w>
   <w nite:id="ES2007d.B.words101" starttime="239.59" endtime="240.0">both</w>
   <w nite:id="ES2007d.B.words102" starttime="240.0" endtime="240.39">uh</w>
   <disfmarker nite:id="ES2007d.B.words103" starttime="240.39" endtime="240.432"/>
   <w nite:id="ES2007d.B.words104" starttime="245.7" endtime="246.05">Yeah</w>
   <w nite:id="ES2007d.B.words105" starttime="246.05" endtime="246.05" punc="true">.</w>
   <gap nite:id="ES2007d.B.words106" starttime="257.051" endtime="257.051"/>
   <w nite:id="ES2007d.B.words107" starttime="257.92" endtime="258.03">I</w>
   <w nite:id="ES2007d.B.words108" starttime="258.03" endtime="258.26">think</w>
   <w nite:id="ES2007d.B.words109" starttime="258.26" endtime="258.41">it</w>
   <w nite:id="ES2007d.B.words110" starttime="258.41" endtime="259.9">does</w>
   <w nite:id="ES2007d.B.words111" starttime="259.9" endtime="259.9" punc="true">.</w>
   <vocalsound nite:id="ES2007d.B.words112" starttime="259.9" endtime="260.381" type="laugh"/>
   <w nite:id="ES2007d.B.words113" starttime="266.55" endtime="266.97">Yeah</w>
   <w nite:id="ES2007d.B.words114" starttime="266.97" endtime="266.97" punc="true">.</w>
   <vocalsound nite:id="ES2007d.B.words115" starttime="275.296" endtime="275.296" type="laugh"/>
   <w nite:id="ES2007d.B.words116" starttime="275.76" endtime="275.91">There</w>
   <w nite:id="ES2007d.B.words117" starttime="275.91" endtime="276.12">you</w>
   <w nite:id="ES2007d.B.words118" starttime="276.12" endtime="276.37">go</w>
   <w nite:id="ES2007d.B.words119" starttime="276.37" endtime="276.37" punc="true">.</w>
   <w nite:id="ES2007d.B.words120" starttime="315.59" endtime="315.9">Play-Doh</w>
   <w nite:id="ES2007d.B.words121" starttime="315.9" endtime="316.01">is</w>
   <w nite:id="ES2007d.B.words122" starttime="316.01" endtime="316.22">very</w>
   <w nite:id="ES2007d.B.words123" starttime="316.22" endtime="319.31">cheap</w>
   <w nite:id="ES2007d.B.words124" starttime="319.31" endtime="319.31" punc="true">.</w>
   <vocalsound nite:id="ES2007d.B.words125" starttime="319.31" endtime="319.488" type="laugh"/>
   <w nite:id="ES2007d.B.words126" starttime="330.39" endtime="330.59">Chew</w>
   <w nite:id="ES2007d.B.words127" starttime="330.59" endtime="330.99">proof</w>
   <w nite:id="ES2007d.B.words128" starttime="330.99" endtime="330.99" punc="true">.</w>
   <vocalsound nite:id="ES2007d.B.words129" starttime="335.255" endtime="335.808" type="laugh"/>
   <w nite:id="ES2007d.B.words130" starttime="347.22" endtime="347.43">Oh</w>
   <w nite:id="ES2007d.B.words131" starttime="347.43" endtime="348.09">ho-ho</w>
   <w nite:id="ES2007d.B.words132" starttime="348.09" endtime="348.09" punc="true">.</w>
   <w nite:id="ES2007d.B.words133" starttime="356.21" endtime="356.45">Yep</w>
   <w nite:id="ES2007d.B.words134" starttime="356.45" endtime="356.45" punc="true">.</w>
   <vocalsound nite:id="ES2007d.B.words135" starttime="367.973" endtime="368.504" type="other"/>
   <w nite:id="ES2007d.B.words136" starttime="410.4" endtime="411.15">Rubber</w>
   <w nite:id="ES2007d.B.words137" starttime="411.15" endtime="411.15" punc="true">.</w>
   <w nite:id="ES2007d.B.words138" starttime="419.97" endtime="420.22">Yeah</w>
   <w nite:id="ES2007d.B.words139" starttime="420.22" endtime="420.22" punc="true">.</w>
   <gap nite:id="ES2007d.B.words140" starttime="428.041" endtime="429.33"/>
   <w nite:id="ES2007d.B.words141" starttime="429.33" endtime="429.33" punc="true">.</w>
   <w nite:id="ES2007d.B.words142" starttime="584.16" endtime="584.37">Mm-hmm</w>
   <w nite:id="ES2007d.B.words143" starttime="584.37" endtime="584.37" punc="true">.</w>
   <w nite:id="ES2007d.B.words144" starttime="602.46" endtime="602.63">A</w>
   <w nite:id="ES2007d.B.words145" starttime="602.63" endtime="602.99">one</w>
   <w nite:id="ES2007d.B.words146" starttime="602.99" endtime="602.99" punc="true">.</w>
   <w nite:id="ES2007d.B.words147" starttime="618.88" endtime="619.07">Well</w>
   <w nite:id="ES2007d.B.words148" starttime="619.07" endtime="619.07" punc="true">,</w>
   <w nite:id="ES2007d.B.words149" starttime="619.07" endtime="619.19">the</w>
   <w nite:id="ES2007d.B.words150" starttime="619.19" endtime="619.68">kinetic</w>
   <w nite:id="ES2007d.B.words151" starttime="619.68" endtime="619.99">thing</w>
   <w nite:id="ES2007d.B.words152" starttime="619.99" endtime="619.99" punc="true">,</w>
   <w nite:id="ES2007d.B.words153" starttime="619.99" endtime="620.26">yeah</w>
   <w nite:id="ES2007d.B.words154" starttime="620.26" endtime="620.26" punc="true">.</w>
   <w nite:id="ES2007d.B.words155" starttime="628.81" endtime="629.14">Well</w>
   <w nite:id="ES2007d.B.words156" starttime="629.14" endtime="629.4">so</w>
   <w nite:id="ES2007d.B.words157" starttime="629.4" endtime="629.72">the</w>
   <w nite:id="ES2007d.B.words158" starttime="629.72" endtime="630.34">um</w>
   <disfmarker nite:id="ES2007d.B.words159" starttime="630.34" endtime="630.487"/>
   <w nite:id="ES2007d.B.words160" starttime="631.5" endtime="631.81">Yeah</w>
   <w nite:id="ES2007d.B.words161" starttime="631.81" endtime="631.81" punc="true">.</w>
   <w nite:id="ES2007d.B.words162" starttime="633.17" endtime="634.4">Yeah</w>
   <w nite:id="ES2007d.B.words163" starttime="634.4" endtime="634.4" punc="true">.</w>
   <w nite:id="ES2007d.B.words164" starttime="634.4" endtime="635.05">Yeah</w>
   <w nite:id="ES2007d.B.words165" starttime="635.05" endtime="635.05" punc="true">.</w>
   <w nite:id="ES2007d.B.words166" starttime="635.05" endtime="635.45">True</w>
   <w nite:id="ES2007d.B.words167" starttime="635.45" endtime="635.45" punc="true">.</w>
   <w nite:id="ES2007d.B.words168" starttime="639.18" endtime="639.88">Two</w>
   <w nite:id="ES2007d.B.words169" starttime="639.88" endtime="639.88" punc="true">.</w>
   <w nite:id="ES2007d.B.words170" starttime="642.09" endtime="642.46">Yeah</w>
   <w nite:id="ES2007d.B.words171" starttime="642.46" endtime="642.46" punc="true">.</w>
   <w nite:id="ES2007d.B.words172" starttime="665.45" endtime="665.91">Mm</w>
   <w nite:id="ES2007d.B.words173" starttime="665.91" endtime="665.91" punc="true">.</w>
   <w nite:id="ES2007d.B.words174" starttime="674.52" endtime="674.89">Yeah</w>
   <w nite:id="ES2007d.B.words175" starttime="674.89" endtime="674.89" punc="true">.</w>
   <w nite:id="ES2007d.B.words176" starttime="697.45" endtime="697.93">Yeah</w>
   <w nite:id="ES2007d.B.words177" starttime="697.93" endtime="697.93" punc="true">.</w>
   <vocalsound nite:id="ES2007d.B.words178" starttime="702.735" endtime="702.735" type="other"/>
   <w nite:id="ES2007d.B.words179" starttime="703.82" endtime="705.08">Yes</w>
   <w nite:id="ES2007d.B.words180" starttime="705.08" endtime="706.23" trunc="true">s</w>
   <w nite:id="ES2007d.B.words181" starttime="706.23" endtime="706.65">yeah</w>
   <w nite:id="ES2007d.B.words182" starttime="706.65" endtime="706.65" punc="true">.</w>
   <w nite:id="ES2007d.B.words183" starttime="711.33" endtime="711.69">It&#39;s</w>
   <w nite:id="ES2007d.B.words184" starttime="711.69" endtime="712.02">yellow</w>
   <w nite:id="ES2007d.B.words185" starttime="712.02" endtime="712.02" punc="true">.</w>
   <vocalsound nite:id="ES2007d.B.words186" starttime="713.104" endtime="713.424" type="laugh"/>
   <w nite:id="ES2007d.B.words187" starttime="718.37" endtime="718.95">Two</w>
   <w nite:id="ES2007d.B.words188" starttime="718.95" endtime="718.95" punc="true">.</w>
   <w nite:id="ES2007d.B.words189" starttime="726.52" endtime="726.91" trunc="true">T</w>
   <w nite:id="ES2007d.B.words190" starttime="752.1" endtime="752.65">Mm</w>
   <w nite:id="ES2007d.B.words191" starttime="752.65" endtime="752.65" punc="true">.</w>
   <w nite:id="ES2007d.B.words192" starttime="752.65" endtime="752.95">Mm</w>
   <w nite:id="ES2007d.B.words193" starttime="752.95" endtime="752.95" punc="true">.</w>
   <vocalsound nite:id="ES2007d.B.words194" starttime="761.912" endtime="761.912" type="laugh"/>
   <w nite:id="ES2007d.B.words195" starttime="763.53" endtime="764.14">We&#39;ve</w>
   <w nite:id="ES2007d.B.words196" starttime="764.14" endtime="764.14" punc="true">,</w>
   <w nite:id="ES2007d.B.words197" starttime="764.14" endtime="764.39">we&#39;ve</w>
   <w nite:id="ES2007d.B.words198" starttime="764.39" endtime="764.63">done</w>
   <w nite:id="ES2007d.B.words199" starttime="764.63" endtime="764.94">well</w>
   <w nite:id="ES2007d.B.words200" starttime="764.94" endtime="764.94" punc="true">.</w>
   <vocalsound nite:id="ES2007d.B.words201" starttime="829.472" endtime="830.221" type="other"/>
   <w nite:id="ES2007d.B.words202" starttime="837.32" endtime="837.98">Well</w>
   <w nite:id="ES2007d.B.words203" starttime="837.98" endtime="837.98" punc="true">.</w>
   <w nite:id="ES2007d.B.words204" starttime="839.54" endtime="839.68">You</w>
   <w nite:id="ES2007d.B.words205" starttime="839.68" endtime="839.94">know</w>
   <disfmarker nite:id="ES2007d.B.words206" starttime="839.94" endtime="840.007"/>
   <vocalsound nite:id="ES2007d.B.words207" starttime="842.16" endtime="843.92" type="laugh"/>
   <w nite:id="ES2007d.B.words208" starttime="845.87" endtime="846.06">It</w>
   <w nite:id="ES2007d.B.words209" starttime="846.06" endtime="846.86">is</w>
   <gap nite:id="ES2007d.B.words210" starttime="846.86" endtime="846.86"/>
   <w nite:id="ES2007d.B.words211" starttime="846.86" endtime="846.86" punc="true">.</w>
   <w nite:id="ES2007d.B.words212" starttime="904.35" endtime="904.64" trunc="true">Y</w>
   <w nite:id="ES2007d.B.words213" starttime="906.93" endtime="907.04">Oh</w>
   <w nite:id="ES2007d.B.words214" starttime="907.04" endtime="907.45">really</w>
   <w nite:id="ES2007d.B.words215" starttime="907.45" endtime="907.45" punc="true">?</w>
   <vocalsound nite:id="ES2007d.B.words216" starttime="1035.776" endtime="1038.191" type="laugh"/>
   <w nite:id="ES2007d.B.words217" starttime="1082.18" endtime="1082.34">Mm</w>
   <w nite:id="ES2007d.B.words218" starttime="1082.34" endtime="1082.47">yep</w>
   <w nite:id="ES2007d.B.words219" starttime="1082.47" endtime="1082.47" punc="true">.</w>
   <w nite:id="ES2007d.B.words220" starttime="1088.91" endtime="1089.42">Cool</w>
   <w nite:id="ES2007d.B.words221" starttime="1089.42" endtime="1089.42" punc="true">.</w>
   <w nite:id="ES2007d.B.words222" starttime="1098.03" endtime="1098.33">Glad</w>
   <w nite:id="ES2007d.B.words223" starttime="1098.33" endtime="1098.49">to</w>
   <w nite:id="ES2007d.B.words224" starttime="1098.49" endtime="1098.75">hear</w>
   <w nite:id="ES2007d.B.words225" starttime="1098.75" endtime="1098.94">that</w>
   <w nite:id="ES2007d.B.words226" starttime="1098.94" endtime="1098.94" punc="true">.</w>
   <vocalsound nite:id="ES2007d.B.words227" starttime="1120.044" endtime="1121.472" type="laugh"/>
   <vocalsound nite:id="ES2007d.B.words228" starttime="1181.744" endtime="1182.749" type="laugh"/>
   <w nite:id="ES2007d.B.words229" starttime="1202.7" endtime="1202.98">Yeah</w>
   <w nite:id="ES2007d.B.words230" starttime="1202.98" endtime="1202.98" punc="true">.</w>
   <w nite:id="ES2007d.B.words231" starttime="1222.43" endtime="1222.96">Yeah</w>
   <w nite:id="ES2007d.B.words232" starttime="1222.96" endtime="1222.96" punc="true">.</w>
   <vocalsound nite:id="ES2007d.B.words233" starttime="1245.744" endtime="1247.248" type="laugh"/>
</nite:root>