<?xml version="1.0" encoding="ISO-8859-1" standalone="yes"?>
<nite:root nite:id="Bmr010.E.words" xmlns:nite="http://nite.sourceforge.net/">
   <nonvocalsound nite:id="Bmr010.nonvocalsound.4" starttime="" endtime="" description="mike turns on"/>
   <w nite:id="Bmr010.w.45" starttime="14.569" endtime="14.899" c="W">Hmm</w>
   <w nite:id="Bmr010.w.46" starttime="14.899" endtime="14.899" c=".">?</w>
   <vocalsound nite:id="Bmr010.vocalsound.6" starttime="" endtime="" description="laugh"/>
   <w nite:id="Bmr010.w.59" starttime="18.92" endtime="19.34" c="W">Yeah</w>
   <w nite:id="Bmr010.w.60" starttime="19.34" endtime="19.34" c=".">.</w>
   <vocalsound nite:id="Bmr010.vocalsound.14" starttime="" endtime="" description="laugh"/>
   <vocalsound nite:id="Bmr010.vocalsound.22" starttime="" endtime="" description="breath"/>
   <nonvocalsound nite:id="Bmr010.nonvocalsound.11" starttime="" endtime="" description="mike noise"/>
   <vocalsound nite:id="Bmr010.vocalsound.35" starttime="" endtime="" description="breath"/>
   <vocalsound nite:id="Bmr010.vocalsound.39" starttime="" endtime="" description="breath-laugh"/>
   <w nite:id="Bmr010.w.430" starttime="97.74" endtime="97.99" c="W">Please</w>
   <w nite:id="Bmr010.w.431" starttime="97.99" endtime="98.54" c="W">specify</w>
   <w nite:id="Bmr010.w.432" starttime="98.54" endtime="98.54" c=".">.</w>
   <vocalsound nite:id="Bmr010.vocalsound.51" starttime="" endtime="" description="laugh"/>
   <vocalsound nite:id="Bmr010.vocalsound.79" starttime="" endtime="" description="yawn"/>
   <vocalsound nite:id="Bmr010.vocalsound.150" starttime="" endtime="" description="sniff"/>
   <w nite:id="Bmr010.w.2,922" starttime="708.711" endtime="709.011" c="W">Meeting</w>
   <w nite:id="Bmr010.w.2,923" starttime="709.011" endtime="709.451" c="W">Recorder</w>
   <w nite:id="Bmr010.w.2,924" starttime="709.451" endtime="709.451" c=".">.</w>
   <vocalsound nite:id="Bmr010.vocalsound.181" starttime="" endtime="" description="sniff"/>
   <w nite:id="Bmr010.w.5,039" starttime="1163.82" endtime="1163.96" c="W">Did</w>
   <w nite:id="Bmr010.w.5,040" starttime="1163.96" endtime="1164.31" c="W">something</w>
   <w nite:id="Bmr010.w.5,041" starttime="1164.31" endtime="1164.61" c="W">happen</w>
   <w nite:id="Bmr010.w.5,042" starttime="1164.61" endtime="1164.61" c="CM">,</w>
   <w nite:id="Bmr010.w.5,043" starttime="1164.65" endtime="1164.95" c="W">Morgan</w>
   <w nite:id="Bmr010.w.5,044" starttime="1164.95" endtime="1164.95" c="CM">,</w>
   <w nite:id="Bmr010.w.5,045" starttime="1164.95" endtime="1165.13" c="W">that</w>
   <w nite:id="Bmr010.w.5,046" starttime="1165.13" endtime="1165.31" c="W">he</w>
   <w nite:id="Bmr010.w.5,047" starttime="1165.31" endtime="1165.54" c="W">got</w>
   <w nite:id="Bmr010.w.5,048" starttime="1165.54" endtime="1165.7" c="W">put</w>
   <w nite:id="Bmr010.w.5,049" starttime="1165.7" endtime="1165.83" c="W">on</w>
   <w nite:id="Bmr010.w.5,050" starttime="1165.83" endtime="1166.0" c="W">this</w>
   <w nite:id="Bmr010.w.5,051" starttime="1166.0" endtime="1166.0" c="CM">,</w>
   <w nite:id="Bmr010.w.5,052" starttime="1166.0" endtime="1166.1" c="W">or</w>
   <w nite:id="Bmr010.w.5,053" starttime="1166.1" endtime="1166.26" c="W">was</w>
   <w nite:id="Bmr010.w.5,054" starttime="1166.26" endtime="1166.33" c="W">he</w>
   <w nite:id="Bmr010.w.5,055" starttime="1166.33" endtime="1166.63" c="W">already</w>
   <w nite:id="Bmr010.w.5,056" starttime="1166.63" endtime="1166.79" c="W">on</w>
   <w nite:id="Bmr010.w.5,057" starttime="1166.79" endtime="1166.9" c="W">it</w>
   <w nite:id="Bmr010.w.5,058" starttime="1166.9" endtime="1166.9" c="CM">,</w>
   <w nite:id="Bmr010.w.5,059" starttime="1166.9" endtime="1167.07" c="W">or</w>
   <disfmarker nite:id="Bmr010.disfmarker.270" starttime="" endtime=""/>
   <w nite:id="Bmr010.w.5,060" starttime="1167.07" endtime="1167.07" c=".">?</w>
   <w nite:id="Bmr010.w.5,103" starttime="1171.98" endtime="1172.29" c="W">Huh</w>
   <w nite:id="Bmr010.w.5,104" starttime="1172.29" endtime="1172.29" c=".">.</w>
   <vocalsound nite:id="Bmr010.vocalsound.238" starttime="" endtime="" description="breath-laugh"/>
   <vocalsound nite:id="Bmr010.vocalsound.241" starttime="" endtime="" description="sniff"/>
   <w nite:id="Bmr010.w.5,300" starttime="1220.47" endtime="1220.56" c="W">You</w>
   <w nite:id="Bmr010.w.5,301" starttime="1220.56" endtime="1220.93" c="W">couldn't</w>
   <disfmarker nite:id="Bmr010.disfmarker.282" starttime="" endtime=""/>
   <w nite:id="Bmr010.w.5,302" starttime="1220.93" endtime="1221.02" c="W">you</w>
   <w nite:id="Bmr010.w.5,303" starttime="1221.02" endtime="1221.3" c="W">couldn't</w>
   <w nite:id="Bmr010.w.5,304" starttime="1221.3" endtime="1221.47" c="W">find</w>
   <w nite:id="Bmr010.w.5,305" starttime="1221.47" endtime="1221.54" c="W">the</w>
   <w nite:id="Bmr010.w.5,306" starttime="1221.54" endtime="1221.73" c="W">right</w>
   <w nite:id="Bmr010.w.5,307" starttime="1221.73" endtime="1222.08" c="W">connector</w>
   <w nite:id="Bmr010.w.5,308" starttime="1222.08" endtime="1222.15" c="W">to</w>
   <w nite:id="Bmr010.w.5,309" starttime="1222.15" endtime="1222.31" c="W">go</w>
   <w nite:id="Bmr010.w.5,310" starttime="1222.31" endtime="1222.46" c="W">into</w>
   <w nite:id="Bmr010.w.5,311" starttime="1222.46" endtime="1222.7" c="W">these</w>
   <w nite:id="Bmr010.w.5,312" starttime="1222.7" endtime="1222.97" c="W">things</w>
   <w nite:id="Bmr010.w.5,313" starttime="1222.97" endtime="1222.97" c=".">?</w>
   <w nite:id="Bmr010.w.5,316" starttime="1223.49" endtime="1223.61" c="W">Huh</w>
   <w nite:id="Bmr010.w.5,317" starttime="1223.61" endtime="1223.61" c=".">!</w>
   <vocalsound nite:id="Bmr010.vocalsound.308" starttime="" endtime="" description="breath"/>
   <vocalsound nite:id="Bmr010.vocalsound.334" starttime="" endtime="" description="laugh"/>
   <vocalsound nite:id="Bmr010.vocalsound.341" starttime="" endtime="" description="laugh"/>
   <vocalsound nite:id="Bmr010.vocalsound.424" starttime="" endtime="" description="laugh"/>
   <w nite:id="Bmr010.w.7,949" starttime="1803.43" endtime="1803.65" t="PLET" c="W">OK</w>
   <w nite:id="Bmr010.w.7,950" starttime="1803.65" endtime="1803.65" c=".">.</w>
   <w nite:id="Bmr010.w.7,951" starttime="1803.65" endtime="1803.82" c="W">Turn</w>
   <w nite:id="Bmr010.w.7,952" starttime="1803.82" endtime="1803.88" c="W">the</w>
   <w nite:id="Bmr010.w.7,953" starttime="1803.88" endtime="1804.13" c="W">mikes</w>
   <w nite:id="Bmr010.w.7,954" starttime="1804.13" endtime="1804.27" c="W">off</w>
   <w nite:id="Bmr010.w.7,955" starttime="1804.27" endtime="1804.36" c="W">and</w>
   <w nite:id="Bmr010.w.7,956" starttime="1804.36" endtime="" c="W">let</w>
   <w nite:id="Bmr010.w.7,957" starttime="" endtime="1804.55" c="APOSS">'s</w>
   <w nite:id="Bmr010.w.7,958" starttime="1804.55" endtime="1804.93" c="W">talk</w>
   <w nite:id="Bmr010.w.7,959" starttime="1804.93" endtime="1804.93" c=".">.</w>
   <vocalsound nite:id="Bmr010.vocalsound.428" starttime="" endtime="" description="breath-laugh"/>
   <w nite:id="Bmr010.w.9,231" starttime="2061.78" endtime="2061.86" c="W">Are</w>
   <w nite:id="Bmr010.w.9,232" starttime="2061.86" endtime="2061.95" c="W">they</w>
   <w nite:id="Bmr010.w.9,233" starttime="2061.95" endtime="2062.24" c="W">working</w>
   <w nite:id="Bmr010.w.9,234" starttime="2062.24" endtime="" c="W">full</w>
   <w nite:id="Bmr010.w.9,235" starttime="" endtime="" c="HYPH">-</w>
   <w nite:id="Bmr010.w.9,236" starttime="" endtime="2062.64" c="W">time</w>
   <w nite:id="Bmr010.w.9,237" starttime="2062.64" endtime="2062.86" c="W">now</w>
   <w nite:id="Bmr010.w.9,238" starttime="2062.86" endtime="2062.86" c="CM">,</w>
   <w nite:id="Bmr010.w.9,239" starttime="2062.86" endtime="2063.0" c="W">or</w>
   <disfmarker nite:id="Bmr010.disfmarker.502" starttime="" endtime=""/>
   <w nite:id="Bmr010.w.9,240" starttime="2063.0" endtime="2063.0" c=".">?</w>
   <w nite:id="Bmr010.w.9,328" starttime="2075.54" endtime="2075.82" c="W">Hmm</w>
   <w nite:id="Bmr010.w.9,329" starttime="2075.82" endtime="2075.82" c=".">.</w>
   <comment nite:id="Bmr010.comment.40" starttime="" endtime="" description="very quietly"/>
   <vocalsound nite:id="Bmr010.vocalsound.490" starttime="" endtime="" description="laugh"/>
   <vocalsound nite:id="Bmr010.vocalsound.517" starttime="" endtime="" description="breath"/>
   <nonvocalsound nite:id="Bmr010.nonvocalsound.160" starttime="" endtime="" description="mike noise"/>
   <vocalsound nite:id="Bmr010.vocalsound.555" starttime="" endtime="" description="breath"/>
   <nonvocalsound nite:id="Bmr010.nonvocalsound.162" starttime="" endtime="" description="mike noise"/>
   <vocalsound nite:id="Bmr010.vocalsound.613" starttime="" endtime="" description="breath"/>
   <vocalsound nite:id="Bmr010.vocalsound.658" starttime="" endtime="" description="breath"/>
   <w nite:id="Bmr010.w.13,536" starttime="" endtime="" c="W">Transcript</w>
   <w nite:id="Bmr010.w.13,537" starttime="" endtime="" c="W">two</w>
   <w nite:id="Bmr010.w.13,538" starttime="" endtime="" c="W">eight</w>
   <w nite:id="Bmr010.w.13,539" starttime="" endtime="" c="W">three</w>
   <w nite:id="Bmr010.w.13,540" starttime="" endtime="" c="W">one</w>
   <w nite:id="Bmr010.w.13,541" starttime="" endtime="" c="W">dash</w>
   <w nite:id="Bmr010.w.13,542" starttime="" endtime="" c="W">two</w>
   <w nite:id="Bmr010.w.13,543" starttime="" endtime="" c="W">eight</w>
   <w nite:id="Bmr010.w.13,544" starttime="" endtime="" c="W">five</w>
   <w nite:id="Bmr010.w.13,545" starttime="" endtime="" c="W">zero</w>
   <w nite:id="Bmr010.w.13,546" starttime="" endtime="" c=".">.</w>
   <comment nite:id="Bmr010.comment.117" starttime="" endtime="" description="Digits"/>
   <w nite:id="Bmr010.w.13,547" starttime="" endtime="" c="W">one</w>
   <w nite:id="Bmr010.w.13,548" starttime="" endtime="" c="W">eight</w>
   <w nite:id="Bmr010.w.13,549" starttime="" endtime="" c="W">six</w>
   <w nite:id="Bmr010.w.13,550" starttime="" endtime="" c="W">seven</w>
   <w nite:id="Bmr010.w.13,551" starttime="" endtime="" c="W">zero</w>
   <w nite:id="Bmr010.w.13,552" starttime="" endtime="" c="W">six</w>
   <w nite:id="Bmr010.w.13,553" starttime="" endtime="" c="W">five</w>
   <comment nite:id="Bmr010.comment.118" starttime="" endtime="" description="Digits"/>
   <w nite:id="Bmr010.w.13,554" starttime="" endtime="" c="W">two</w>
   <comment nite:id="Bmr010.comment.119" starttime="" endtime="" description="Digits"/>
   <w nite:id="Bmr010.w.13,555" starttime="" endtime="" c="W">three</w>
   <comment nite:id="Bmr010.comment.120" starttime="" endtime="" description="Digits"/>
   <w nite:id="Bmr010.w.13,556" starttime="" endtime="" c="W">four</w>
   <w nite:id="Bmr010.w.13,557" starttime="" endtime="" c="W">zero</w>
   <comment nite:id="Bmr010.comment.121" starttime="" endtime="" description="Digits"/>
   <w nite:id="Bmr010.w.13,558" starttime="" endtime="" c="W">six</w>
   <w nite:id="Bmr010.w.13,559" starttime="" endtime="" c="W">one</w>
   <w nite:id="Bmr010.w.13,560" starttime="" endtime="" c="W">seven</w>
   <comment nite:id="Bmr010.comment.122" starttime="" endtime="" description="Digits"/>
   <w nite:id="Bmr010.w.13,561" starttime="" endtime="" c="W">seven</w>
   <w nite:id="Bmr010.w.13,562" starttime="" endtime="" c="W">six</w>
   <w nite:id="Bmr010.w.13,563" starttime="" endtime="" c="W">three</w>
   <comment nite:id="Bmr010.comment.123" starttime="" endtime="" description="Digits"/>
   <w nite:id="Bmr010.w.13,564" starttime="" endtime="" c="W">eight</w>
   <w nite:id="Bmr010.w.13,565" starttime="" endtime="" c="W">five</w>
   <w nite:id="Bmr010.w.13,566" starttime="" endtime="" c="W">one</w>
   <comment nite:id="Bmr010.comment.124" starttime="" endtime="" description="Digits"/>
   <w nite:id="Bmr010.w.13,567" starttime="" endtime="" c="W">nine</w>
   <w nite:id="Bmr010.w.13,568" starttime="" endtime="" c="W">seven</w>
   <w nite:id="Bmr010.w.13,569" starttime="" endtime="" c="W">seven</w>
   <w nite:id="Bmr010.w.13,570" starttime="" endtime="" c="W">five</w>
   <w nite:id="Bmr010.w.13,571" starttime="" endtime="" c="W">six</w>
   <comment nite:id="Bmr010.comment.125" starttime="" endtime="" description="Digits"/>
   <w nite:id="Bmr010.w.13,572" starttime="" endtime="" c="LET">O</w>
   <comment nite:id="Bmr010.comment.126" starttime="" endtime="" description="Digits"/>
   <w nite:id="Bmr010.w.13,573" starttime="" endtime="" c="W">zero</w>
   <w nite:id="Bmr010.w.13,574" starttime="" endtime="" c="W">zero</w>
   <comment nite:id="Bmr010.comment.127" starttime="" endtime="" description="Digits"/>
   <w nite:id="Bmr010.w.13,575" starttime="" endtime="" c="W">one</w>
   <comment nite:id="Bmr010.comment.128" starttime="" endtime="" description="Digits"/>
   <w nite:id="Bmr010.w.13,576" starttime="" endtime="" c="W">three</w>
   <w nite:id="Bmr010.w.13,577" starttime="" endtime="" c="W">two</w>
   <w nite:id="Bmr010.w.13,578" starttime="" endtime="" c="LET">O</w>
   <w nite:id="Bmr010.w.13,579" starttime="" endtime="" c="W">eight</w>
   <comment nite:id="Bmr010.comment.129" starttime="" endtime="" description="Digits"/>
   <w nite:id="Bmr010.w.13,580" starttime="" endtime="" c="W">four</w>
   <w nite:id="Bmr010.w.13,581" starttime="" endtime="" c="W">four</w>
   <comment nite:id="Bmr010.comment.130" starttime="" endtime="" description="Digits"/>
   <w nite:id="Bmr010.w.13,582" starttime="" endtime="" c="W">five</w>
   <w nite:id="Bmr010.w.13,583" starttime="" endtime="" c="W">five</w>
   <w nite:id="Bmr010.w.13,584" starttime="" endtime="" c="LET">O</w>
   <comment nite:id="Bmr010.comment.131" starttime="" endtime="" description="Digits"/>
   <w nite:id="Bmr010.w.13,585" starttime="" endtime="" c="W">six</w>
   <w nite:id="Bmr010.w.13,586" starttime="" endtime="" c="W">seven</w>
   <w nite:id="Bmr010.w.13,587" starttime="" endtime="" c="W">eight</w>
   <w nite:id="Bmr010.w.13,588" starttime="" endtime="" c="LET">O</w>
   <comment nite:id="Bmr010.comment.132" starttime="" endtime="" description="Digits"/>
   <w nite:id="Bmr010.w.13,589" starttime="" endtime="" c="W">seven</w>
   <comment nite:id="Bmr010.comment.133" starttime="" endtime="" description="Digits"/>
   <w nite:id="Bmr010.w.13,590" starttime="" endtime="" c="W">eight</w>
   <comment nite:id="Bmr010.comment.134" starttime="" endtime="" description="Digits"/>
   <w nite:id="Bmr010.w.13,591" starttime="" endtime="" c="W">nine</w>
   <w nite:id="Bmr010.w.13,592" starttime="" endtime="" c="W">zero</w>
   <comment nite:id="Bmr010.comment.135" starttime="" endtime="" description="Digits"/>
   <w nite:id="Bmr010.w.13,593" starttime="" endtime="" c="W">zero</w>
   <w nite:id="Bmr010.w.13,594" starttime="" endtime="" c="W">five</w>
   <comment nite:id="Bmr010.comment.136" starttime="" endtime="" description="Digits"/>
   <w nite:id="Bmr010.w.13,595" starttime="" endtime="" c="W">one</w>
   <w nite:id="Bmr010.w.13,596" starttime="" endtime="" c="W">three</w>
   <w nite:id="Bmr010.w.13,597" starttime="" endtime="" c="W">three</w>
   <w nite:id="Bmr010.w.13,598" starttime="" endtime="" c="W">five</w>
   <w nite:id="Bmr010.w.13,599" starttime="" endtime="" c="LET">O</w>
   <w nite:id="Bmr010.w.13,600" starttime="" endtime="" c="LET">O</w>
   <w nite:id="Bmr010.w.13,601" starttime="" endtime="" c="W">five</w>
   <w nite:id="Bmr010.w.13,602" starttime="" endtime="" c=".">.</w>
   <comment nite:id="Bmr010.comment.137" starttime="" endtime="" description="Digits"/>
   <vocalsound nite:id="Bmr010.vocalsound.661" starttime="" endtime="" description="sniff"/>
   <nonvocalsound nite:id="Bmr010.nonvocalsound.177" starttime="" endtime="" description="mike turns off"/>
</nite:root>