<?xml version="1.0" encoding="ISO-8859-1" standalone="yes"?>
<nite:root nite:id="Bmr010.C.words" xmlns:nite="http://nite.sourceforge.net/">
   <nonvocalsound nite:id="Bmr010.nonvocalsound.1" starttime="" endtime="" description="mike noise"/>
   <vocalsound nite:id="Bmr010.vocalsound.13" starttime="" endtime="" description="laugh"/>
   <vocalsound nite:id="Bmr010.vocalsound.26" starttime="" endtime="" description="laugh"/>
   <w nite:id="Bmr010.w.269" starttime="67.251" endtime="67.441" c="W">Yeah</w>
   <w nite:id="Bmr010.w.270" starttime="67.441" endtime="67.441" c=".">.</w>
   <vocalsound nite:id="Bmr010.vocalsound.31" starttime="" endtime="" description="laugh"/>
   <w nite:id="Bmr010.w.273" starttime="68.281" endtime="68.331" c="W">I</w>
   <w nite:id="Bmr010.w.274" starttime="68.331" endtime="68.501" c="W">would</w>
   <w nite:id="Bmr010.w.275" starttime="68.501" endtime="68.801" c="W">prefer</w>
   <w nite:id="Bmr010.w.276" starttime="68.801" endtime="69.041" c="W">this</w>
   <w nite:id="Bmr010.w.277" starttime="69.041" endtime="69.041" c=".">.</w>
   <vocalsound nite:id="Bmr010.vocalsound.32" starttime="" endtime="" description="laugh"/>
   <vocalsound nite:id="Bmr010.vocalsound.47" starttime="" endtime="" description="laugh"/>
   <w nite:id="Bmr010.w.403" starttime="94.428" endtime="94.648" c="W">Which</w>
   <w nite:id="Bmr010.w.404" starttime="94.648" endtime="94.968" c="W">is</w>
   <disfmarker nite:id="Bmr010.disfmarker.19" starttime="" endtime=""/>
   <w nite:id="Bmr010.w.405" starttime="94.968" endtime="94.968" c=".">?</w>
   <vocalsound nite:id="Bmr010.vocalsound.48" starttime="" endtime="" description="laugh"/>
   <vocalsound nite:id="Bmr010.vocalsound.50" starttime="" endtime="" description="laugh"/>
   <w nite:id="Bmr010.w.433" starttime="98.767" endtime="99.027" c="W">Yeah</w>
   <w nite:id="Bmr010.w.434" starttime="99.027" endtime="99.027" c=".">.</w>
   <vocalsound nite:id="Bmr010.vocalsound.52" starttime="" endtime="" description="laugh"/>
   <w nite:id="Bmr010.w.621" starttime="161.28" endtime="161.47" c="W">Yeah</w>
   <w nite:id="Bmr010.w.622" starttime="161.47" endtime="161.47" c=".">.</w>
   <w nite:id="Bmr010.w.945" starttime="243.059" endtime="" c="W">Speech</w>
   <w nite:id="Bmr010.w.946" starttime="" endtime="" c="HYPH">-</w>
   <w nite:id="Bmr010.w.947" starttime="" endtime="243.979" c="W">nonspeech</w>
   <w nite:id="Bmr010.w.948" starttime="243.979" endtime="243.979" c=".">?</w>
   <w nite:id="Bmr010.w.949" starttime="244.129" endtime="244.369" t="PLET" c="W">OK</w>
   <w nite:id="Bmr010.w.950" starttime="244.369" endtime="244.369" c=".">.</w>
   <vocalsound nite:id="Bmr010.vocalsound.78" starttime="" endtime="" description="inbreath"/>
   <w nite:id="Bmr010.w.957" starttime="245.001" endtime="245.451" c="W">Um</w>
   <w nite:id="Bmr010.w.958" starttime="245.451" endtime="245.451" c="CM">,</w>
   <w nite:id="Bmr010.w.959" starttime="245.531" endtime="245.951" c="W">so</w>
   <w nite:id="Bmr010.w.960" starttime="245.951" endtime="245.951" c="CM">,</w>
   <w nite:id="Bmr010.w.961" starttime="246.171" endtime="246.731" c="W">uh</w>
   <w nite:id="Bmr010.w.962" starttime="246.731" endtime="246.731" c="CM">,</w>
   <w nite:id="Bmr010.w.963" starttime="246.731" endtime="246.851" c="W">what</w>
   <w nite:id="Bmr010.w.964" starttime="246.851" endtime="246.921" c="W">we</w>
   <w nite:id="Bmr010.w.965" starttime="246.921" endtime="247.551" c="W">basically</w>
   <w nite:id="Bmr010.w.966" starttime="247.721" endtime="248.031" c="W">did</w>
   <w nite:id="Bmr010.w.967" starttime="248.031" endtime="248.481" c="W">so</w>
   <w nite:id="Bmr010.w.968" starttime="248.481" endtime="249.051" c="W">far</w>
   <w nite:id="Bmr010.w.969" starttime="249.051" endtime="249.321" c="W">was</w>
   <w nite:id="Bmr010.w.970" starttime="249.561" endtime="249.941" c="W">using</w>
   <w nite:id="Bmr010.w.971" starttime="249.941" endtime="250.311" c="W">the</w>
   <w nite:id="Bmr010.w.972" starttime="250.311" endtime="250.831" c="W">mixed</w>
   <w nite:id="Bmr010.w.973" starttime="250.931" endtime="251.431" c="W">file</w>
   <w nite:id="Bmr010.w.974" starttime="251.531" endtime="251.931" c="W">to</w>
   <disfmarker nite:id="Bmr010.disfmarker.43" starttime="" endtime=""/>
   <w nite:id="Bmr010.w.975" starttime="251.931" endtime="252.351" c="W">to</w>
   <w nite:id="Bmr010.w.976" starttime="252.561" endtime="252.971" c="W">detect</w>
   <w nite:id="Bmr010.w.977" starttime="253.051" endtime="253.131" c="TRUNCW">s</w>
   <w nite:id="Bmr010.w.978" starttime="253.131" endtime="253.451" c="W">speech</w>
   <w nite:id="Bmr010.w.979" starttime="253.451" endtime="253.561" c="W">or</w>
   <w nite:id="Bmr010.w.980" starttime="253.561" endtime="254.201" c="W">nonspeech</w>
   <pause nite:id="Bmr010.pause.12" starttime="254.201" endtime="254.481"/>
   <w nite:id="Bmr010.w.981" starttime="254.481" endtime="254.911" c="W">portions</w>
   <w nite:id="Bmr010.w.982" starttime="254.911" endtime="255.091" c="W">in</w>
   <w nite:id="Bmr010.w.983" starttime="255.091" endtime="255.361" c="W">that</w>
   <w nite:id="Bmr010.w.984" starttime="255.361" endtime="255.361" c=".">.</w>
   <vocalsound nite:id="Bmr010.vocalsound.80" starttime="" endtime="" description="inbreath"/>
   <w nite:id="Bmr010.w.989" starttime="256.009" endtime="256.639" c="W">And</w>
   <w nite:id="Bmr010.w.990" starttime="257.444" endtime="257.694" c="W">what</w>
   <w nite:id="Bmr010.w.991" starttime="257.694" endtime="257.914" c="W">I</w>
   <w nite:id="Bmr010.w.992" starttime="257.914" endtime="258.164" c="W">did</w>
   <w nite:id="Bmr010.w.993" starttime="258.164" endtime="258.294" c="W">so</w>
   <w nite:id="Bmr010.w.994" starttime="258.294" endtime="258.574" c="W">far</w>
   <w nite:id="Bmr010.w.995" starttime="258.574" endtime="258.904" c="W">is</w>
   <w nite:id="Bmr010.w.996" starttime="258.904" endtime="259.234" c="W">I</w>
   <w nite:id="Bmr010.w.997" starttime="259.234" endtime="259.504" c="W">just</w>
   <w nite:id="Bmr010.w.998" starttime="259.504" endtime="259.894" c="W">used</w>
   <w nite:id="Bmr010.w.999" starttime="259.894" endtime="260.424" c="W">our</w>
   <w nite:id="Bmr010.w.1,000" starttime="260.424" endtime="260.744" c="W">old</w>
   <w nite:id="Bmr010.w.1,001" starttime="260.794" endtime="261.114" c="W">Munich</w>
   <w nite:id="Bmr010.w.1,002" starttime="261.114" endtime="261.484" c="W">system</w>
   <w nite:id="Bmr010.w.1,003" starttime="261.484" endtime="261.484" c="CM">,</w>
   <w nite:id="Bmr010.w.1,004" starttime="261.484" endtime="261.664" c="W">which</w>
   <w nite:id="Bmr010.w.1,005" starttime="261.664" endtime="261.774" c="W">is</w>
   <w nite:id="Bmr010.w.1,006" starttime="261.774" endtime="261.954" c="W">an</w>
   <w nite:id="Bmr010.w.1,007" starttime="261.954" endtime="" t="PLET" c="W">HMM</w>
   <w nite:id="Bmr010.w.1,008" starttime="" endtime="" c="HYPH">-</w>
   <w nite:id="Bmr010.w.1,009" starttime="" endtime="262.594" c="TRUNCW">ba</w>
   <w nite:id="Bmr010.w.1,010" starttime="262.734" endtime="263.224" c="W">based</w>
   <w nite:id="Bmr010.w.1,011" starttime="263.364" endtime="263.834" c="W">system</w>
   <w nite:id="Bmr010.w.1,012" starttime="263.834" endtime="264.054" c="W">with</w>
   <w nite:id="Bmr010.w.1,013" starttime="264.054" endtime="264.394" c="W">Gaussian</w>
   <w nite:id="Bmr010.w.1,014" starttime="264.394" endtime="264.834" c="W">mixtures</w>
   <w nite:id="Bmr010.w.1,015" starttime="264.834" endtime="265.114" c="W">for</w>
   <w nite:id="Bmr010.w.1,016" starttime="265.114" endtime="265.244" c="TRUNCW">s</w>
   <w nite:id="Bmr010.w.1,017" starttime="265.614" endtime="265.974" c="W">speech</w>
   <w nite:id="Bmr010.w.1,018" starttime="265.974" endtime="266.214" c="W">and</w>
   <w nite:id="Bmr010.w.1,019" starttime="266.214" endtime="266.794" c="W">nonspeech</w>
   <w nite:id="Bmr010.w.1,020" starttime="266.794" endtime="266.794" c=".">.</w>
   <vocalsound nite:id="Bmr010.vocalsound.81" starttime="" endtime="" description="inbreath"/>
   <w nite:id="Bmr010.w.1,021" starttime="267.526" endtime="267.986" c="W">And</w>
   <w nite:id="Bmr010.w.1,022" starttime="267.986" endtime="268.206" c="W">it</w>
   <w nite:id="Bmr010.w.1,023" starttime="268.206" endtime="268.546" c="W">was</w>
   <w nite:id="Bmr010.w.1,024" starttime="268.546" endtime="268.606" c="W">a</w>
   <w nite:id="Bmr010.w.1,025" starttime="268.606" endtime="269.016" c="W">system</w>
   <w nite:id="Bmr010.w.1,026" starttime="269.016" endtime="269.396" c="W">which</w>
   <w nite:id="Bmr010.w.1,027" starttime="269.396" endtime="269.646" c="W">used</w>
   <w nite:id="Bmr010.w.1,028" starttime="269.646" endtime="269.846" c="W">only</w>
   <w nite:id="Bmr010.w.1,029" starttime="269.846" endtime="270.066" c="W">one</w>
   <w nite:id="Bmr010.w.1,030" starttime="270.066" endtime="270.426" c="W">Gaussian</w>
   <w nite:id="Bmr010.w.1,031" starttime="270.426" endtime="270.866" c="W">for</w>
   <w nite:id="Bmr010.w.1,032" starttime="271.056" endtime="271.516" c="W">silence</w>
   <w nite:id="Bmr010.w.1,033" starttime="271.516" endtime="272.046" c="W">and</w>
   <w nite:id="Bmr010.w.1,034" starttime="272.046" endtime="272.266" c="W">one</w>
   <w nite:id="Bmr010.w.1,035" starttime="272.266" endtime="272.606" c="W">Gaussian</w>
   <w nite:id="Bmr010.w.1,036" starttime="272.606" endtime="272.766" c="W">for</w>
   <w nite:id="Bmr010.w.1,037" starttime="272.766" endtime="273.146" c="W">speech</w>
   <w nite:id="Bmr010.w.1,038" starttime="273.146" endtime="273.146" c=".">.</w>
   <w nite:id="Bmr010.w.1,039" starttime="273.146" endtime="273.406" c="W">And</w>
   <w nite:id="Bmr010.w.1,040" starttime="273.406" endtime="273.676" c="W">now</w>
   <w nite:id="Bmr010.w.1,041" starttime="273.676" endtime="273.806" c="W">I</w>
   <w nite:id="Bmr010.w.1,042" starttime="273.806" endtime="274.106" c="W">added</w>
   <w nite:id="Bmr010.w.1,043" starttime="274.106" endtime="274.106" c="CM">,</w>
   <w nite:id="Bmr010.w.1,044" starttime="274.366" endtime="274.666" c="W">uh</w>
   <w nite:id="Bmr010.w.1,045" starttime="274.666" endtime="274.666" c="CM">,</w>
   <w nite:id="Bmr010.w.1,046" starttime="274.666" endtime="" c="W">multi</w>
   <w nite:id="Bmr010.w.1,047" starttime="" endtime="" c="HYPH">-</w>
   <w nite:id="Bmr010.w.1,048" starttime="" endtime="276.496" c="W">mixture</w>
   <w nite:id="Bmr010.w.1,049" starttime="276.836" endtime="277.546" c="W">possibility</w>
   <w nite:id="Bmr010.w.1,050" starttime="277.546" endtime="278.006" c="W">for</w>
   <disfmarker nite:id="Bmr010.disfmarker.44" starttime="" endtime=""/>
   <vocalsound nite:id="Bmr010.vocalsound.82" starttime="" endtime="" description="inbreath"/>
   <w nite:id="Bmr010.w.1,059" starttime="278.697" endtime="278.767" c="W">for</w>
   <w nite:id="Bmr010.w.1,060" starttime="278.767" endtime="279.167" c="W">speech</w>
   <w nite:id="Bmr010.w.1,061" starttime="279.167" endtime="279.357" c="W">and</w>
   <w nite:id="Bmr010.w.1,062" starttime="279.357" endtime="279.977" c="W">nonspeech</w>
   <w nite:id="Bmr010.w.1,063" starttime="279.977" endtime="279.977" c=".">.</w>
   <w nite:id="Bmr010.w.1,064" starttime="279.977" endtime="280.367" c="W">And</w>
   <w nite:id="Bmr010.w.1,065" starttime="280.367" endtime="280.457" c="W">I</w>
   <w nite:id="Bmr010.w.1,066" starttime="280.457" endtime="280.677" c="W">did</w>
   <w nite:id="Bmr010.w.1,067" starttime="280.677" endtime="281.427" c="W">some</w>
   <w nite:id="Bmr010.w.1,068" starttime="282.38" endtime="282.72" c="W">training</w>
   <w nite:id="Bmr010.w.1,069" starttime="282.72" endtime="282.95" c="W">on</w>
   <disfmarker nite:id="Bmr010.disfmarker.45" starttime="" endtime=""/>
   <w nite:id="Bmr010.w.1,070" starttime="282.95" endtime="283.19" c="W">on</w>
   <w nite:id="Bmr010.w.1,071" starttime="283.19" endtime="283.62" c="W">one</w>
   <w nite:id="Bmr010.w.1,072" starttime="283.62" endtime="284.16" c="W">dialogue</w>
   <w nite:id="Bmr010.w.1,073" starttime="284.16" endtime="284.16" c="CM">,</w>
   <w nite:id="Bmr010.w.1,074" starttime="284.29" endtime="284.49" c="W">which</w>
   <w nite:id="Bmr010.w.1,075" starttime="284.49" endtime="284.89" c="W">was</w>
   <w nite:id="Bmr010.w.1,076" starttime="284.89" endtime="285.44" c="W">transcribed</w>
   <w nite:id="Bmr010.w.1,077" starttime="286.4" endtime="286.99" c="W">by</w>
   <disfmarker nite:id="Bmr010.disfmarker.46" starttime="" endtime=""/>
   <vocalsound nite:id="Bmr010.vocalsound.83" starttime="" endtime="" description="inbreath"/>
   <w nite:id="Bmr010.w.1,080" starttime="287.589" endtime="287.759" c="W">Yeah</w>
   <w nite:id="Bmr010.w.1,081" starttime="287.759" endtime="287.759" c=".">.</w>
   <w nite:id="Bmr010.w.1,082" starttime="287.759" endtime="287.979" c="W">We</w>
   <disfmarker nite:id="Bmr010.disfmarker.47" starttime="" endtime=""/>
   <w nite:id="Bmr010.w.1,083" starttime="287.979" endtime="288.099" c="W">we</w>
   <w nite:id="Bmr010.w.1,084" starttime="288.099" endtime="288.269" c="W">did</w>
   <w nite:id="Bmr010.w.1,085" starttime="288.269" endtime="288.349" c="W">a</w>
   <w nite:id="Bmr010.w.1,086" starttime="288.349" endtime="288.679" c="TRUNCW">nons</w>
   <w nite:id="Bmr010.w.1,087" starttime="288.999" endtime="289.439" c="TRUNCW">s</w>
   <w nite:id="Bmr010.w.1,088" starttime="289.439" endtime="" c="W">speech</w>
   <w nite:id="Bmr010.w.1,089" starttime="" endtime="" c="HYPH">-</w>
   <w nite:id="Bmr010.w.1,090" starttime="" endtime="289.799" c="W">nonspeech</w>
   <w nite:id="Bmr010.w.1,091" starttime="290.349" endtime="290.909" c="W">transcription</w>
   <w nite:id="Bmr010.w.1,092" starttime="290.909" endtime="290.909" c=".">.</w>
   <w nite:id="Bmr010.w.1,093" starttime="290.909" endtime="291.349" c="W">Adam</w>
   <w nite:id="Bmr010.w.1,094" starttime="291.349" endtime="291.349" c="CM">,</w>
   <w nite:id="Bmr010.w.1,095" starttime="291.349" endtime="291.579" c="W">Dave</w>
   <w nite:id="Bmr010.w.1,096" starttime="291.579" endtime="291.579" c="CM">,</w>
   <w nite:id="Bmr010.w.1,097" starttime="291.579" endtime="291.679" c="W">and</w>
   <w nite:id="Bmr010.w.1,098" starttime="291.679" endtime="291.939" c="W">I</w>
   <w nite:id="Bmr010.w.1,099" starttime="291.939" endtime="291.939" c="CM">,</w>
   <w nite:id="Bmr010.w.1,100" starttime="291.939" endtime="292.089" c="W">we</w>
   <w nite:id="Bmr010.w.1,101" starttime="292.089" endtime="292.319" c="W">did</w>
   <w nite:id="Bmr010.w.1,102" starttime="292.319" endtime="292.319" c="CM">,</w>
   <vocalsound nite:id="Bmr010.vocalsound.84" starttime="" endtime="" description="inbreath"/>
   <w nite:id="Bmr010.w.1,103" starttime="292.831" endtime="292.931" c="W">for</w>
   <w nite:id="Bmr010.w.1,104" starttime="292.931" endtime="293.211" c="W">that</w>
   <w nite:id="Bmr010.w.1,105" starttime="293.321" endtime="293.761" c="W">dialogue</w>
   <w nite:id="Bmr010.w.1,106" starttime="293.761" endtime="293.921" c="W">and</w>
   <w nite:id="Bmr010.w.1,107" starttime="293.921" endtime="294.021" c="W">I</w>
   <w nite:id="Bmr010.w.1,108" starttime="294.021" endtime="294.291" c="W">trained</w>
   <w nite:id="Bmr010.w.1,109" starttime="294.291" endtime="294.371" c="W">it</w>
   <w nite:id="Bmr010.w.1,110" starttime="294.371" endtime="294.521" c="W">on</w>
   <w nite:id="Bmr010.w.1,111" starttime="294.521" endtime="294.791" c="W">that</w>
   <w nite:id="Bmr010.w.1,112" starttime="294.791" endtime="294.791" c=".">.</w>
   <vocalsound nite:id="Bmr010.vocalsound.85" starttime="" endtime="" description="inbreath"/>
   <w nite:id="Bmr010.w.1,113" starttime="295.417" endtime="295.917" c="W">And</w>
   <w nite:id="Bmr010.w.1,114" starttime="295.917" endtime="296.067" c="W">I</w>
   <w nite:id="Bmr010.w.1,115" starttime="296.067" endtime="296.267" c="W">did</w>
   <w nite:id="Bmr010.w.1,116" starttime="296.267" endtime="296.977" c="W">some</w>
   <w nite:id="Bmr010.w.1,117" starttime="296.977" endtime="" c="W">pre</w>
   <w nite:id="Bmr010.w.1,118" starttime="" endtime="" c="HYPH">-</w>
   <w nite:id="Bmr010.w.1,119" starttime="" endtime="297.837" c="W">segmentations</w>
   <w nite:id="Bmr010.w.1,120" starttime="297.837" endtime="298.057" c="W">for</w>
   <disfmarker nite:id="Bmr010.disfmarker.48" starttime="" endtime=""/>
   <w nite:id="Bmr010.w.1,121" starttime="298.057" endtime="298.187" c="W">for</w>
   <w nite:id="Bmr010.w.1,122" starttime="298.187" endtime="298.457" c="W">Jane</w>
   <w nite:id="Bmr010.w.1,123" starttime="298.457" endtime="298.457" c=".">.</w>
   <w nite:id="Bmr010.w.1,124" starttime="298.457" endtime="298.747" c="W">And</w>
   <w nite:id="Bmr010.w.1,125" starttime="298.747" endtime="" c="W">I</w>
   <w nite:id="Bmr010.w.1,126" starttime="" endtime="298.897" c="W">'m</w>
   <w nite:id="Bmr010.w.1,127" starttime="298.897" endtime="299.057" c="W">not</w>
   <w nite:id="Bmr010.w.1,128" starttime="299.057" endtime="299.367" c="W">sure</w>
   <w nite:id="Bmr010.w.1,129" starttime="299.367" endtime="299.597" c="W">how</w>
   <w nite:id="Bmr010.w.1,130" starttime="299.597" endtime="299.777" c="W">good</w>
   <w nite:id="Bmr010.w.1,131" starttime="299.777" endtime="299.937" c="W">they</w>
   <w nite:id="Bmr010.w.1,132" starttime="299.937" endtime="300.237" c="W">are</w>
   <w nite:id="Bmr010.w.1,133" starttime="300.237" endtime="300.637" c="W">or</w>
   <w nite:id="Bmr010.w.1,134" starttime="300.637" endtime="300.967" c="W">what</w>
   <disfmarker nite:id="Bmr010.disfmarker.49" starttime="" endtime=""/>
   <w nite:id="Bmr010.w.1,135" starttime="301.067" endtime="301.187" c="W">what</w>
   <w nite:id="Bmr010.w.1,136" starttime="301.187" endtime="301.277" c="W">the</w>
   <w nite:id="Bmr010.w.1,137" starttime="301.277" endtime="301.827" c="W">transcribers</w>
   <w nite:id="Bmr010.w.1,138" starttime="301.827" endtime="302.187" c="W">say</w>
   <w nite:id="Bmr010.w.1,139" starttime="302.187" endtime="302.187" c=".">.</w>
   <w nite:id="Bmr010.w.1,140" starttime="302.277" endtime="302.687" c="W">They</w>
   <disfmarker nite:id="Bmr010.disfmarker.50" starttime="" endtime=""/>
   <w nite:id="Bmr010.w.1,141" starttime="303.137" endtime="303.247" c="W">they</w>
   <w nite:id="Bmr010.w.1,142" starttime="303.247" endtime="303.417" c="W">can</w>
   <w nite:id="Bmr010.w.1,143" starttime="303.417" endtime="303.637" c="W">use</w>
   <w nite:id="Bmr010.w.1,144" starttime="303.637" endtime="303.737" c="W">it</w>
   <w nite:id="Bmr010.w.1,145" starttime="303.737" endtime="304.087" c="W">or</w>
   <disfmarker nite:id="Bmr010.disfmarker.51" starttime="" endtime=""/>
   <w nite:id="Bmr010.w.1,146" starttime="304.087" endtime="304.087" c=".">?</w>
   <w nite:id="Bmr010.w.1,207" starttime="318.553" endtime="318.863" c="W">Yeah</w>
   <w nite:id="Bmr010.w.1,208" starttime="318.863" endtime="318.863" c=".">.</w>
   <w nite:id="Bmr010.w.1,209" starttime="318.963" endtime="319.243" c="W">Uh</w>
   <w nite:id="Bmr010.w.1,210" starttime="319.243" endtime="319.243" c="CM">,</w>
   <w nite:id="Bmr010.w.1,211" starttime="319.573" endtime="319.763" c="W">yeah</w>
   <w nite:id="Bmr010.w.1,212" starttime="319.763" endtime="319.763" c=".">.</w>
   <w nite:id="Bmr010.w.1,213" starttime="319.763" endtime="319.953" c="W">That</w>
   <disfmarker nite:id="Bmr010.disfmarker.54" starttime="" endtime=""/>
   <w nite:id="Bmr010.w.1,214" starttime="319.953" endtime="320.133" c="W">that</w>
   <w nite:id="Bmr010.w.1,215" starttime="320.133" endtime="320.303" c="W">was</w>
   <w nite:id="Bmr010.w.1,216" starttime="320.303" endtime="320.473" c="W">one</w>
   <disfmarker nite:id="Bmr010.disfmarker.55" starttime="" endtime=""/>
   <w nite:id="Bmr010.w.1,217" starttime="320.473" endtime="320.753" c="W">one</w>
   <disfmarker nite:id="Bmr010.disfmarker.56" starttime="" endtime=""/>
   <w nite:id="Bmr010.w.1,218" starttime="320.753" endtime="321.003" c="W">one</w>
   <w nite:id="Bmr010.w.1,219" starttime="321.003" endtime="321.203" c="W">thing</w>
   <w nite:id="Bmr010.w.1,220" starttime="321.203" endtime="321.203" c="CM">,</w>
   <vocalsound nite:id="Bmr010.vocalsound.87" starttime="" endtime="" description="inbreath"/>
   <w nite:id="Bmr010.w.1,221" starttime="321.848" endtime="322.278" c="W">uh</w>
   <w nite:id="Bmr010.w.1,222" starttime="322.278" endtime="322.278" c="CM">,</w>
   <w nite:id="Bmr010.w.1,223" starttime="323.039" endtime="323.199" c="W">why</w>
   <w nite:id="Bmr010.w.1,224" starttime="323.199" endtime="323.279" c="W">I</w>
   <w nite:id="Bmr010.w.1,225" starttime="323.279" endtime="323.689" c="W">added</w>
   <w nite:id="Bmr010.w.1,226" starttime="323.759" endtime="324.309" c="W">more</w>
   <w nite:id="Bmr010.w.1,227" starttime="324.309" endtime="324.829" c="W">mixtures</w>
   <w nite:id="Bmr010.w.1,228" starttime="324.829" endtime="325.039" c="W">for</w>
   <disfmarker nite:id="Bmr010.disfmarker.57" starttime="" endtime=""/>
   <w nite:id="Bmr010.w.1,229" starttime="325.039" endtime="325.159" c="W">for</w>
   <w nite:id="Bmr010.w.1,230" starttime="325.159" endtime="325.239" c="W">the</w>
   <w nite:id="Bmr010.w.1,231" starttime="325.239" endtime="325.739" c="W">speech</w>
   <w nite:id="Bmr010.w.1,232" starttime="325.739" endtime="325.739" c=".">.</w>
   <w nite:id="Bmr010.w.1,233" starttime="325.739" endtime="326.239" c="W">So</w>
   <w nite:id="Bmr010.w.1,234" starttime="326.239" endtime="326.349" c="W">I</w>
   <w nite:id="Bmr010.w.1,235" starttime="326.349" endtime="326.609" c="W">saw</w>
   <w nite:id="Bmr010.w.1,236" starttime="326.609" endtime="326.789" c="W">that</w>
   <w nite:id="Bmr010.w.1,237" starttime="326.789" endtime="326.989" c="W">there</w>
   <w nite:id="Bmr010.w.1,238" starttime="326.989" endtime="327.349" c="W">were</w>
   <w nite:id="Bmr010.w.1,243" starttime="328.097" endtime="328.387" c="W">loud</w>
   <disfmarker nite:id="Bmr010.disfmarker.58" starttime="" endtime=""/>
   <w nite:id="Bmr010.w.1,244" starttime="328.867" endtime="329.377" c="W">loudly</w>
   <w nite:id="Bmr010.w.1,245" starttime="329.467" endtime="329.897" c="W">speaking</w>
   <w nite:id="Bmr010.w.1,246" starttime="329.897" endtime="330.487" c="W">speakers</w>
   <w nite:id="Bmr010.w.1,247" starttime="330.487" endtime="330.767" c="W">and</w>
   <w nite:id="Bmr010.w.1,248" starttime="330.767" endtime="331.157" c="W">quietly</w>
   <w nite:id="Bmr010.w.1,249" starttime="331.157" endtime="331.567" c="W">speaking</w>
   <w nite:id="Bmr010.w.1,250" starttime="331.567" endtime="331.957" c="W">speakers</w>
   <w nite:id="Bmr010.w.1,251" starttime="331.957" endtime="331.957" c=".">.</w>
   <w nite:id="Bmr010.w.1,252" starttime="331.957" endtime="332.087" c="W">And</w>
   <w nite:id="Bmr010.w.1,253" starttime="332.087" endtime="332.277" c="W">so</w>
   <w nite:id="Bmr010.w.1,254" starttime="332.277" endtime="332.357" c="W">I</w>
   <w nite:id="Bmr010.w.1,255" starttime="332.357" endtime="332.557" c="W">did</w>
   <w nite:id="Bmr010.w.1,256" starttime="332.767" endtime="332.977" c="W">two</w>
   <w nite:id="Bmr010.w.1,257" starttime="332.977" endtime="333.447" c="W">mixtures</w>
   <w nite:id="Bmr010.w.1,258" starttime="333.447" endtime="333.447" c="CM">,</w>
   <w nite:id="Bmr010.w.1,259" starttime="333.447" endtime="333.627" c="W">one</w>
   <w nite:id="Bmr010.w.1,260" starttime="333.627" endtime="333.967" c="W">for</w>
   <w nite:id="Bmr010.w.1,261" starttime="334.057" endtime="334.187" c="W">the</w>
   <w nite:id="Bmr010.w.1,262" starttime="334.187" endtime="334.477" c="W">loud</w>
   <w nite:id="Bmr010.w.1,263" starttime="334.607" endtime="334.947" c="W">speakers</w>
   <w nite:id="Bmr010.w.1,264" starttime="335.007" endtime="335.127" c="W">and</w>
   <w nite:id="Bmr010.w.1,265" starttime="335.127" endtime="335.247" c="W">one</w>
   <w nite:id="Bmr010.w.1,266" starttime="335.247" endtime="335.407" c="W">for</w>
   <w nite:id="Bmr010.w.1,267" starttime="335.407" endtime="335.527" c="W">the</w>
   <w nite:id="Bmr010.w.1,268" starttime="335.617" endtime="336.047" c="W">quiet</w>
   <w nite:id="Bmr010.w.1,269" starttime="336.237" endtime="336.617" c="W">speakers</w>
   <w nite:id="Bmr010.w.1,270" starttime="336.617" endtime="336.617" c=".">.</w>
   <w nite:id="Bmr010.w.1,290" starttime="338.59" endtime="338.71" c="W">I</w>
   <w nite:id="Bmr010.w.1,291" starttime="338.71" endtime="338.86" c="W">did</w>
   <w nite:id="Bmr010.w.1,292" starttime="338.86" endtime="339.07" c="W">that</w>
   <w nite:id="Bmr010.w.1,293" starttime="339.07" endtime="339.54" c="W">for</w>
   <disfmarker nite:id="Bmr010.disfmarker.60" starttime="" endtime=""/>
   <w nite:id="Bmr010.w.1,294" starttime="339.54" endtime="339.86" c="W">for</w>
   <w nite:id="Bmr010.w.1,295" starttime="339.86" endtime="340.17" c="W">five</w>
   <w nite:id="Bmr010.w.1,296" starttime="340.17" endtime="340.48" c="W">minutes</w>
   <w nite:id="Bmr010.w.1,297" starttime="340.48" endtime="340.58" c="W">of</w>
   <w nite:id="Bmr010.w.1,298" starttime="340.58" endtime="340.79" c="W">one</w>
   <w nite:id="Bmr010.w.1,299" starttime="340.79" endtime="341.26" c="W">dialogue</w>
   <w nite:id="Bmr010.w.1,300" starttime="341.26" endtime="341.54" c="W">and</w>
   <w nite:id="Bmr010.w.1,301" starttime="341.7" endtime="341.88" c="W">that</w>
   <w nite:id="Bmr010.w.1,302" starttime="341.88" endtime="342.07" c="W">was</w>
   <w nite:id="Bmr010.w.1,303" starttime="342.07" endtime="342.38" c="W">enough</w>
   <w nite:id="Bmr010.w.1,304" starttime="342.38" endtime="342.6" c="W">to</w>
   <disfmarker nite:id="Bmr010.disfmarker.61" starttime="" endtime=""/>
   <w nite:id="Bmr010.w.1,305" starttime="342.6" endtime="342.73" c="W">to</w>
   <w nite:id="Bmr010.w.1,306" starttime="342.73" endtime="342.98" c="W">train</w>
   <w nite:id="Bmr010.w.1,307" starttime="342.98" endtime="343.05" c="W">the</w>
   <w nite:id="Bmr010.w.1,308" starttime="343.05" endtime="343.41" c="W">system</w>
   <w nite:id="Bmr010.w.1,309" starttime="343.41" endtime="343.41" c=".">.</w>
   <w nite:id="Bmr010.w.1,310" starttime="343.41" endtime="343.55" c="W">And</w>
   <w nite:id="Bmr010.w.1,311" starttime="343.55" endtime="343.73" c="W">so</w>
   <w nite:id="Bmr010.w.1,312" starttime="343.73" endtime="343.87" c="W">it</w>
   <disfmarker nite:id="Bmr010.disfmarker.62" starttime="" endtime=""/>
   <w nite:id="Bmr010.w.1,313" starttime="343.87" endtime="344.03" c="W">it</w>
   <w nite:id="Bmr010.w.1,314" starttime="344.03" endtime="344.71" c="W">adapts</w>
   <w nite:id="Bmr010.w.1,315" starttime="344.71" endtime="344.71" c="CM">,</w>
   <w nite:id="Bmr010.w.1,316" starttime="344.71" endtime="345.07" c="W">uh</w>
   <w nite:id="Bmr010.w.1,317" starttime="345.07" endtime="345.07" c="CM">,</w>
   <w nite:id="Bmr010.w.1,318" starttime="345.07" endtime="345.39" c="W">on</w>
   <disfmarker nite:id="Bmr010.disfmarker.63" starttime="" endtime=""/>
   <w nite:id="Bmr010.w.1,326" starttime="345.991" endtime="346.191" c="W">while</w>
   <w nite:id="Bmr010.w.1,327" starttime="346.191" endtime="346.581" c="W">running</w>
   <w nite:id="Bmr010.w.1,328" starttime="346.581" endtime="346.581" c=".">.</w>
   <w nite:id="Bmr010.w.1,329" starttime="346.581" endtime="346.851" c="W">So</w>
   <w nite:id="Bmr010.w.1,330" starttime="346.851" endtime="346.851" c=".">.</w>
   <w nite:id="Bmr010.w.1,331" starttime="347.467" endtime="347.867" c="W">Hopefully</w>
   <w nite:id="Bmr010.w.1,332" starttime="347.867" endtime="347.867" c=".">.</w>
   <w nite:id="Bmr010.w.1,349" starttime="350.905" endtime="" c="W">It</w>
   <w nite:id="Bmr010.w.1,350" starttime="" endtime="351.045" c="APOSS">'s</w>
   <w nite:id="Bmr010.w.1,351" starttime="351.045" endtime="351.285" c="W">just</w>
   <w nite:id="Bmr010.w.1,352" starttime="351.285" endtime="351.765" c="W">our</w>
   <disfmarker nite:id="Bmr010.disfmarker.65" starttime="" endtime=""/>
   <w nite:id="Bmr010.w.1,353" starttime="352.175" endtime="352.555" c="W">our</w>
   <w nite:id="Bmr010.w.1,354" starttime="352.555" endtime="352.755" c="W">old</w>
   <w nite:id="Bmr010.w.1,355" starttime="352.885" endtime="353.435" c="W">Munich</w>
   <w nite:id="Bmr010.w.1,356" starttime="353.435" endtime="353.435" c="CM">,</w>
   <w nite:id="Bmr010.w.1,357" starttime="353.615" endtime="354.175" c="W">uh</w>
   <w nite:id="Bmr010.w.1,358" starttime="354.175" endtime="354.175" c="CM">,</w>
   <w nite:id="Bmr010.w.1,359" starttime="354.435" endtime="" c="W">loudness</w>
   <w nite:id="Bmr010.w.1,360" starttime="" endtime="" c="HYPH">-</w>
   <w nite:id="Bmr010.w.1,361" starttime="" endtime="355.045" c="W">based</w>
   <w nite:id="Bmr010.w.1,362" starttime="355.615" endtime="356.055" c="W">spectrum</w>
   <w nite:id="Bmr010.w.1,363" starttime="356.578" endtime="357.048" c="W">on</w>
   <w nite:id="Bmr010.w.1,364" starttime="357.438" endtime="357.598" c="W">mel</w>
   <w nite:id="Bmr010.w.1,365" starttime="357.598" endtime="358.118" c="W">scale</w>
   <w nite:id="Bmr010.w.1,366" starttime="358.118" endtime="358.788" c="W">twenty</w>
   <disfmarker nite:id="Bmr010.disfmarker.66" starttime="" endtime=""/>
   <w nite:id="Bmr010.w.1,367" starttime="359.148" endtime="359.788" c="W">twenty</w>
   <w nite:id="Bmr010.w.1,368" starttime="359.788" endtime="360.088" c="W">critical</w>
   <w nite:id="Bmr010.w.1,369" starttime="360.088" endtime="360.558" c="W">bands</w>
   <w nite:id="Bmr010.w.1,370" starttime="360.558" endtime="360.718" c="W">and</w>
   <w nite:id="Bmr010.w.1,371" starttime="360.718" endtime="360.928" c="W">then</w>
   <w nite:id="Bmr010.w.1,372" starttime="361.038" endtime="361.628" c="W">loudness</w>
   <w nite:id="Bmr010.w.1,373" starttime="361.628" endtime="361.628" c=".">.</w>
   <vocalsound nite:id="Bmr010.vocalsound.92" starttime="" endtime="" description="inbreath"/>
   <w nite:id="Bmr010.w.1,378" starttime="362.268" endtime="362.678" c="W">And</w>
   <w nite:id="Bmr010.w.1,379" starttime="362.898" endtime="363.138" c="W">four</w>
   <w nite:id="Bmr010.w.1,380" starttime="363.138" endtime="363.788" c="W">additional</w>
   <w nite:id="Bmr010.w.1,381" starttime="363.788" endtime="364.168" c="W">features</w>
   <w nite:id="Bmr010.w.1,382" starttime="364.168" endtime="364.168" c="CM">,</w>
   <w nite:id="Bmr010.w.1,383" starttime="364.168" endtime="364.388" c="W">which</w>
   <w nite:id="Bmr010.w.1,384" starttime="364.388" endtime="364.668" c="W">is</w>
   <w nite:id="Bmr010.w.1,385" starttime="364.668" endtime="365.368" c="W">energy</w>
   <w nite:id="Bmr010.w.1,386" starttime="365.368" endtime="365.368" c="CM">,</w>
   <w nite:id="Bmr010.w.1,387" starttime="365.368" endtime="365.878" c="W">loudness</w>
   <w nite:id="Bmr010.w.1,388" starttime="365.878" endtime="365.878" c="CM">,</w>
   <w nite:id="Bmr010.w.1,389" starttime="365.878" endtime="366.268" c="W">modified</w>
   <w nite:id="Bmr010.w.1,390" starttime="366.268" endtime="366.638" c="W">loudness</w>
   <w nite:id="Bmr010.w.1,391" starttime="366.638" endtime="366.638" c="CM">,</w>
   <w nite:id="Bmr010.w.1,392" starttime="366.638" endtime="366.768" c="W">and</w>
   <w nite:id="Bmr010.w.1,393" starttime="366.768" endtime="366.938" c="W">zero</w>
   <w nite:id="Bmr010.w.1,394" starttime="366.938" endtime="367.258" c="W">crossing</w>
   <w nite:id="Bmr010.w.1,395" starttime="367.308" endtime="367.498" c="W">rate</w>
   <w nite:id="Bmr010.w.1,396" starttime="367.498" endtime="367.498" c=".">.</w>
   <vocalsound nite:id="Bmr010.vocalsound.93" starttime="" endtime="" description="inbreath"/>
   <w nite:id="Bmr010.w.1,397" starttime="368.256" endtime="368.416" c="W">So</w>
   <w nite:id="Bmr010.w.1,398" starttime="368.416" endtime="" c="W">it</w>
   <w nite:id="Bmr010.w.1,399" starttime="" endtime="368.606" c="APOSS">'s</w>
   <w nite:id="Bmr010.w.1,400" starttime="368.606" endtime="" c="W">twenty</w>
   <w nite:id="Bmr010.w.1,401" starttime="" endtime="" c="HYPH">-</w>
   <w nite:id="Bmr010.w.1,402" starttime="" endtime="369.246" c="W">four</w>
   <disfmarker nite:id="Bmr010.disfmarker.67" starttime="" endtime=""/>
   <w nite:id="Bmr010.w.1,403" starttime="369.596" endtime="" c="W">twenty</w>
   <w nite:id="Bmr010.w.1,404" starttime="" endtime="" c="HYPH">-</w>
   <w nite:id="Bmr010.w.1,405" starttime="" endtime="369.946" c="W">four</w>
   <w nite:id="Bmr010.w.1,406" starttime="369.946" endtime="370.496" c="W">features</w>
   <w nite:id="Bmr010.w.1,407" starttime="370.496" endtime="370.496" c=".">.</w>
   <w nite:id="Bmr010.w.1,428" starttime="374.801" endtime="374.961" c="W">Yeah</w>
   <w nite:id="Bmr010.w.1,429" starttime="374.961" endtime="374.961" c=".">.</w>
   <w nite:id="Bmr010.w.1,430" starttime="375.311" endtime="375.571" c="W">Yeah</w>
   <w nite:id="Bmr010.w.1,431" starttime="375.571" endtime="375.571" c=".">.</w>
   <w nite:id="Bmr010.w.1,451" starttime="378.006" endtime="378.416" c="W">Yeah</w>
   <w nite:id="Bmr010.w.1,452" starttime="378.416" endtime="378.416" c=".">.</w>
   <w nite:id="Bmr010.w.1,453" starttime="379.243" endtime="379.353" c="W">You</w>
   <w nite:id="Bmr010.w.1,454" starttime="379.353" endtime="379.743" c="W">can</w>
   <w nite:id="Bmr010.w.1,455" starttime="379.743" endtime="380.533" c="W">specify</w>
   <vocalsound nite:id="Bmr010.vocalsound.95" starttime="" endtime="" description="inbreath"/>
   <w nite:id="Bmr010.w.1,456" starttime="381.261" endtime="381.731" c="W">the</w>
   <w nite:id="Bmr010.w.1,457" starttime="381.731" endtime="382.121" c="W">minimum</w>
   <w nite:id="Bmr010.w.1,458" starttime="382.121" endtime="382.491" c="W">length</w>
   <w nite:id="Bmr010.w.1,459" starttime="382.491" endtime="382.631" c="W">of</w>
   <w nite:id="Bmr010.w.1,460" starttime="382.631" endtime="383.211" c="W">speech</w>
   <w nite:id="Bmr010.w.1,461" starttime="383.211" endtime="383.661" c="W">or</w>
   <disfmarker nite:id="Bmr010.disfmarker.69" starttime="" endtime=""/>
   <w nite:id="Bmr010.w.1,462" starttime="383.661" endtime="383.901" c="W">and</w>
   <w nite:id="Bmr010.w.1,463" starttime="383.901" endtime="384.251" c="W">silence</w>
   <w nite:id="Bmr010.w.1,464" starttime="384.251" endtime="384.711" c="W">portions</w>
   <w nite:id="Bmr010.w.1,465" starttime="384.711" endtime="384.871" c="W">which</w>
   <w nite:id="Bmr010.w.1,466" starttime="384.871" endtime="384.951" c="W">you</w>
   <w nite:id="Bmr010.w.1,467" starttime="384.951" endtime="385.361" c="W">want</w>
   <w nite:id="Bmr010.w.1,468" starttime="385.361" endtime="385.361" c=".">.</w>
   <w nite:id="Bmr010.w.1,469" starttime="385.511" endtime="385.641" c="W">And</w>
   <w nite:id="Bmr010.w.1,470" starttime="385.641" endtime="385.771" c="W">so</w>
   <w nite:id="Bmr010.w.1,471" starttime="385.771" endtime="385.841" c="W">I</w>
   <w nite:id="Bmr010.w.1,472" starttime="385.841" endtime="386.031" c="W">did</w>
   <w nite:id="Bmr010.w.1,473" starttime="386.031" endtime="386.671" c="W">some</w>
   <disfmarker nite:id="Bmr010.disfmarker.70" starttime="" endtime=""/>
   <w nite:id="Bmr010.w.1,474" starttime="386.671" endtime="386.891" c="W">some</w>
   <w nite:id="Bmr010.w.1,475" starttime="386.891" endtime="387.461" c="W">modifications</w>
   <w nite:id="Bmr010.w.1,476" starttime="387.461" endtime="387.541" c="W">in</w>
   <w nite:id="Bmr010.w.1,477" starttime="387.541" endtime="387.721" c="W">those</w>
   <w nite:id="Bmr010.w.1,478" starttime="387.721" endtime="388.741" c="W">parameters</w>
   <w nite:id="Bmr010.w.1,479" starttime="388.741" endtime="388.741" c="CM">,</w>
   <w nite:id="Bmr010.w.1,480" starttime="388.741" endtime="389.241" c="W">basically</w>
   <w nite:id="Bmr010.w.1,481" starttime="389.431" endtime="389.931" c="W">changing</w>
   <w nite:id="Bmr010.w.1,482" starttime="389.931" endtime="390.331" c="W">the</w>
   <w nite:id="Bmr010.w.1,483" starttime="390.531" endtime="391.291" c="W">minimum</w>
   <disfmarker nite:id="Bmr010.disfmarker.71" starttime="" endtime=""/>
   <w nite:id="Bmr010.w.1,484" starttime="392.43" endtime="392.79" c="W">minimum</w>
   <pause nite:id="Bmr010.pause.13" starttime="392.79" endtime="393.18"/>
   <w nite:id="Bmr010.w.1,485" starttime="393.18" endtime="393.43" c="W">length</w>
   <w nite:id="Bmr010.w.1,486" starttime="393.43" endtime="393.7" c="W">for</w>
   <w nite:id="Bmr010.w.1,487" starttime="393.7" endtime="393.76" c="TRUNCW">s</w>
   <w nite:id="Bmr010.w.1,488" starttime="393.82" endtime="393.98" c="W">for</w>
   <w nite:id="Bmr010.w.1,489" starttime="393.98" endtime="394.68" c="W">silence</w>
   <vocalsound nite:id="Bmr010.vocalsound.97" starttime="" endtime="" description="inbreath"/>
   <w nite:id="Bmr010.w.1,490" starttime="395.235" endtime="395.765" c="W">to</w>
   <w nite:id="Bmr010.w.1,491" starttime="395.765" endtime="396.035" c="W">have</w>
   <w nite:id="Bmr010.w.1,492" starttime="396.035" endtime="396.035" c="CM">,</w>
   <w nite:id="Bmr010.w.1,493" starttime="396.035" endtime="396.385" c="TRUNCW">er</w>
   <w nite:id="Bmr010.w.1,494" starttime="396.925" endtime="397.075" c="W">to</w>
   <w nite:id="Bmr010.w.1,495" starttime="397.075" endtime="397.265" c="W">have</w>
   <w nite:id="Bmr010.w.1,496" starttime="397.265" endtime="397.265" c="CM">,</w>
   <w nite:id="Bmr010.w.1,497" starttime="397.535" endtime="397.975" c="W">um</w>
   <disfmarker nite:id="Bmr010.disfmarker.72" starttime="" endtime=""/>
   <w nite:id="Bmr010.w.1,498" starttime="397.975" endtime="398.275" c="W">yeah</w>
   <disfmarker nite:id="Bmr010.disfmarker.73" starttime="" endtime=""/>
   <vocalsound nite:id="Bmr010.vocalsound.98" starttime="" endtime="" description="inbreath"/>
   <w nite:id="Bmr010.w.1,499" starttime="399.775" endtime="399.865" c="W">to</w>
   <w nite:id="Bmr010.w.1,500" starttime="399.865" endtime="400.025" c="W">have</w>
   <w nite:id="Bmr010.w.1,501" starttime="400.025" endtime="400.325" c="W">more</w>
   <w nite:id="Bmr010.w.1,502" starttime="400.325" endtime="400.515" c="W">or</w>
   <w nite:id="Bmr010.w.1,503" starttime="400.515" endtime="401.075" c="W">less</w>
   <w nite:id="Bmr010.w.1,504" starttime="401.075" endtime="401.075" c="CM">,</w>
   <w nite:id="Bmr010.w.1,505" starttime="401.075" endtime="401.545" c="W">uh</w>
   <w nite:id="Bmr010.w.1,506" starttime="401.545" endtime="401.545" c="CM">,</w>
   <w nite:id="Bmr010.w.1,507" starttime="401.615" endtime="402.065" c="W">silence</w>
   <w nite:id="Bmr010.w.1,508" starttime="402.285" endtime="402.735" c="W">portions</w>
   <w nite:id="Bmr010.w.1,509" starttime="402.735" endtime="402.925" c="TRUNCW">in</w>
   <w nite:id="Bmr010.w.1,510" starttime="403.015" endtime="403.455" c="W">inserted</w>
   <w nite:id="Bmr010.w.1,511" starttime="403.455" endtime="403.455" c=".">.</w>
   <w nite:id="Bmr010.w.1,512" starttime="403.455" endtime="404.095" c="W">So</w>
   <w nite:id="Bmr010.w.1,513" starttime="404.095" endtime="404.095" c=".">.</w>
   <w nite:id="Bmr010.w.1,557" starttime="408.067" endtime="408.197" c="W">Yeah</w>
   <w nite:id="Bmr010.w.1,558" starttime="408.197" endtime="408.197" c=".">.</w>
   <w nite:id="Bmr010.w.1,559" starttime="409.026" endtime="409.166" c="W">Yeah</w>
   <w nite:id="Bmr010.w.1,560" starttime="409.166" endtime="409.166" c=".">.</w>
   <w nite:id="Bmr010.w.1,561" starttime="410.5" endtime="410.65" c="W">Yeah</w>
   <w nite:id="Bmr010.w.1,562" starttime="410.65" endtime="410.65" c=".">.</w>
   <w nite:id="Bmr010.w.1,567" starttime="412.6" endtime="412.76" c="W">Yeah</w>
   <w nite:id="Bmr010.w.1,568" starttime="412.76" endtime="412.76" c=".">.</w>
   <w nite:id="Bmr010.w.1,569" starttime="413.375" endtime="" c="W">That</w>
   <w nite:id="Bmr010.w.1,570" starttime="" endtime="413.575" c="APOSS">'s</w>
   <w nite:id="Bmr010.w.1,571" starttime="413.575" endtime="413.705" c="W">it</w>
   <w nite:id="Bmr010.w.1,572" starttime="413.705" endtime="413.705" c=".">.</w>
   <w nite:id="Bmr010.w.1,573" starttime="413.995" endtime="414.135" c="W">Yeah</w>
   <w nite:id="Bmr010.w.1,574" starttime="414.135" endtime="414.135" c=".">.</w>
   <w nite:id="Bmr010.w.1,664" starttime="424.159" endtime="424.409" c="W">Yeah</w>
   <w nite:id="Bmr010.w.1,665" starttime="424.409" endtime="424.409" c=".">.</w>
   <w nite:id="Bmr010.w.1,666" starttime="429.003" endtime="429.153" c="W">No</w>
   <w nite:id="Bmr010.w.1,667" starttime="429.153" endtime="429.153" c=".">.</w>
   <w nite:id="Bmr010.w.1,668" starttime="429.824" endtime="430.094" c="W">No</w>
   <w nite:id="Bmr010.w.1,669" starttime="430.094" endtime="430.094" c=".">.</w>
   <w nite:id="Bmr010.w.1,670" starttime="430.094" endtime="430.524" c="TRUNCW">W</w>
   <w nite:id="Bmr010.w.1,671" starttime="430.634" endtime="430.914" c="TRUNCW">w</w>
   <w nite:id="Bmr010.w.1,672" starttime="431.144" endtime="431.274" c="W">we</w>
   <disfmarker nite:id="Bmr010.disfmarker.82" starttime="" endtime=""/>
   <w nite:id="Bmr010.w.1,673" starttime="431.274" endtime="431.934" c="W">originally</w>
   <w nite:id="Bmr010.w.1,674" starttime="431.934" endtime="432.074" c="W">we</w>
   <w nite:id="Bmr010.w.1,675" starttime="432.074" endtime="432.274" c="W">did</w>
   <w nite:id="Bmr010.w.1,676" starttime="432.274" endtime="432.524" c="W">that</w>
   <vocalsound nite:id="Bmr010.vocalsound.105" starttime="" endtime="" description="inbreath"/>
   <w nite:id="Bmr010.w.1,684" starttime="432.901" endtime="433.071" c="W">but</w>
   <w nite:id="Bmr010.w.1,685" starttime="433.071" endtime="433.191" c="W">we</w>
   <w nite:id="Bmr010.w.1,686" starttime="433.191" endtime="433.821" c="W">saw</w>
   <w nite:id="Bmr010.w.1,687" starttime="433.821" endtime="433.821" c="CM">,</w>
   <w nite:id="Bmr010.w.1,688" starttime="433.821" endtime="434.071" c="W">uh</w>
   <w nite:id="Bmr010.w.1,689" starttime="434.071" endtime="434.071" c="CM">,</w>
   <w nite:id="Bmr010.w.1,690" starttime="434.071" endtime="434.241" c="W">when</w>
   <w nite:id="Bmr010.w.1,691" starttime="434.241" endtime="434.311" c="W">we</w>
   <w nite:id="Bmr010.w.1,692" starttime="434.311" endtime="434.581" c="W">used</w>
   <w nite:id="Bmr010.w.1,693" starttime="434.581" endtime="434.641" c="W">it</w>
   <w nite:id="Bmr010.w.1,694" starttime="434.641" endtime="434.641" c="CM">,</w>
   <w nite:id="Bmr010.w.1,695" starttime="434.641" endtime="434.791" c="W">uh</w>
   <w nite:id="Bmr010.w.1,696" starttime="434.791" endtime="434.791" c="CM">,</w>
   <w nite:id="Bmr010.w.1,697" starttime="434.791" endtime="434.931" c="TRUNCW">f</w>
   <w nite:id="Bmr010.w.1,698" starttime="434.931" endtime="435.301" c="W">for</w>
   <w nite:id="Bmr010.w.1,699" starttime="435.301" endtime="435.431" c="W">our</w>
   <w nite:id="Bmr010.w.1,700" starttime="435.431" endtime="" c="W">close</w>
   <w nite:id="Bmr010.w.1,701" starttime="" endtime="" c="HYPH">-</w>
   <w nite:id="Bmr010.w.1,702" starttime="" endtime="435.971" c="W">talking</w>
   <w nite:id="Bmr010.w.1,703" starttime="435.971" endtime="436.491" c="W">microphone</w>
   <w nite:id="Bmr010.w.1,704" starttime="436.491" endtime="436.491" c="CM">,</w>
   <w nite:id="Bmr010.w.1,705" starttime="436.491" endtime="436.881" c="W">which</w>
   <disfmarker nite:id="Bmr010.disfmarker.83" starttime="" endtime=""/>
   <w nite:id="Bmr010.w.1,706" starttime="437.221" endtime="437.481" c="W">yeah</w>
   <w nite:id="Bmr010.w.1,707" starttime="437.481" endtime="437.481" c="CM">,</w>
   <w nite:id="Bmr010.w.1,708" starttime="437.481" endtime="437.611" c="W">for</w>
   <w nite:id="Bmr010.w.1,709" starttime="437.611" endtime="437.711" c="W">our</w>
   <disfmarker nite:id="Bmr010.disfmarker.84" starttime="" endtime=""/>
   <w nite:id="Bmr010.w.1,710" starttime="437.711" endtime="437.811" c="W">for</w>
   <w nite:id="Bmr010.w.1,711" starttime="437.811" endtime="437.871" c="W">our</w>
   <w nite:id="Bmr010.w.1,712" starttime="437.871" endtime="438.331" c="W">recognizer</w>
   <w nite:id="Bmr010.w.1,713" starttime="438.331" endtime="438.391" c="W">in</w>
   <w nite:id="Bmr010.w.1,714" starttime="438.391" endtime="438.651" c="W">Munich</w>
   <disfmarker nite:id="Bmr010.disfmarker.85" starttime="" endtime=""/>
   <vocalsound nite:id="Bmr010.vocalsound.106" starttime="" endtime="" description="inbreath"/>
   <w nite:id="Bmr010.w.1,715" starttime="438.895" endtime="438.965" c="W">we</w>
   <w nite:id="Bmr010.w.1,716" starttime="438.965" endtime="439.115" c="W">saw</w>
   <w nite:id="Bmr010.w.1,717" starttime="439.115" endtime="439.255" c="W">that</w>
   <w nite:id="Bmr010.w.1,718" starttime="439.255" endtime="439.615" c="TRUNCW">w</w>
   <w nite:id="Bmr010.w.1,719" starttime="439.615" endtime="" c="W">it</w>
   <w nite:id="Bmr010.w.1,720" starttime="" endtime="439.825" c="APOSS">'s</w>
   <disfmarker nite:id="Bmr010.disfmarker.86" starttime="" endtime=""/>
   <w nite:id="Bmr010.w.1,721" starttime="439.825" endtime="" c="W">it</w>
   <w nite:id="Bmr010.w.1,722" starttime="" endtime="440.045" c="APOSS">'s</w>
   <w nite:id="Bmr010.w.1,723" starttime="440.045" endtime="440.335" c="W">not</w>
   <disfmarker nite:id="Bmr010.disfmarker.87" starttime="" endtime=""/>
   <w nite:id="Bmr010.w.1,724" starttime="440.335" endtime="" c="W">it</w>
   <w nite:id="Bmr010.w.1,725" starttime="" endtime="440.465" c="APOSS">'s</w>
   <w nite:id="Bmr010.w.1,726" starttime="440.465" endtime="440.625" c="W">not</w>
   <w nite:id="Bmr010.w.1,727" starttime="440.625" endtime="440.715" c="W">so</w>
   <w nite:id="Bmr010.w.1,728" starttime="440.715" endtime="441.265" c="W">necessary</w>
   <w nite:id="Bmr010.w.1,729" starttime="441.265" endtime="441.265" c=".">.</w>
   <w nite:id="Bmr010.w.1,730" starttime="441.265" endtime="441.375" c="W">It</w>
   <disfmarker nite:id="Bmr010.disfmarker.88" starttime="" endtime=""/>
   <w nite:id="Bmr010.w.1,731" starttime="441.375" endtime="441.545" c="W">it</w>
   <w nite:id="Bmr010.w.1,732" starttime="441.545" endtime="441.925" c="W">works</w>
   <w nite:id="Bmr010.w.1,733" starttime="441.925" endtime="442.205" c="W">as</w>
   <w nite:id="Bmr010.w.1,734" starttime="442.205" endtime="442.605" c="W">well</w>
   <w nite:id="Bmr010.w.1,735" starttime="443.125" endtime="443.215" c="TRUNCW">f</w>
   <w nite:id="Bmr010.w.1,738" starttime="443.215" endtime="443.475" c="W">with</w>
   <disfmarker nite:id="Bmr010.disfmarker.89" starttime="" endtime=""/>
   <w nite:id="Bmr010.w.1,739" starttime="443.475" endtime="443.705" c="W">with</w>
   <disfmarker nite:id="Bmr010.disfmarker.90" starttime="" endtime=""/>
   <w nite:id="Bmr010.w.1,740" starttime="443.835" endtime="444.235" c="W">without</w>
   <w nite:id="Bmr010.w.1,741" starttime="444.235" endtime="444.235" c="CM">,</w>
   <w nite:id="Bmr010.w.1,742" starttime="444.235" endtime="444.545" c="W">uh</w>
   <w nite:id="Bmr010.w.1,743" starttime="444.545" endtime="444.545" c="CM">,</w>
   <w nite:id="Bmr010.w.1,744" starttime="444.655" endtime="444.875" c="W">a</w>
   <w nite:id="Bmr010.w.1,745" starttime="444.875" endtime="445.285" t="PLET" c="W">LDA</w>
   <w nite:id="Bmr010.w.1,746" starttime="445.285" endtime="445.395" c="W">or</w>
   <w nite:id="Bmr010.w.1,747" starttime="445.395" endtime="445.785" c="W">something</w>
   <w nite:id="Bmr010.w.1,748" starttime="445.785" endtime="445.785" c=".">.</w>
   <w nite:id="Bmr010.w.1,779" starttime="447.667" endtime="447.767" c="W">Yeah</w>
   <w nite:id="Bmr010.w.1,780" starttime="447.767" endtime="447.767" c=".">.</w>
   <w nite:id="Bmr010.w.1,785" starttime="449.733" endtime="449.883" c="W">Yeah</w>
   <w nite:id="Bmr010.w.1,786" starttime="449.883" endtime="449.883" c=".">.</w>
   <w nite:id="Bmr010.w.2,161" starttime="543.58" endtime="544.26" c="W">Yes</w>
   <w nite:id="Bmr010.w.2,162" starttime="544.26" endtime="544.26" c=".">.</w>
   <w nite:id="Bmr010.w.2,163" starttime="544.26" endtime="545.06" c="W">Um</w>
   <w nite:id="Bmr010.w.2,164" starttime="545.06" endtime="545.06" c="CM">,</w>
   <w nite:id="Bmr010.w.2,165" starttime="545.06" endtime="545.4" c="W">I</w>
   <vocalsound nite:id="Bmr010.vocalsound.122" starttime="" endtime="" description="mouth"/>
   <w nite:id="Bmr010.w.2,166" starttime="546.341" endtime="546.551" c="W">talked</w>
   <w nite:id="Bmr010.w.2,167" starttime="546.551" endtime="546.781" c="W">with</w>
   <w nite:id="Bmr010.w.2,168" starttime="546.781" endtime="546.781" c="CM">,</w>
   <w nite:id="Bmr010.w.2,169" starttime="546.781" endtime="547.401" c="W">uh</w>
   <w nite:id="Bmr010.w.2,170" starttime="547.401" endtime="547.401" c="CM">,</w>
   <w nite:id="Bmr010.w.2,171" starttime="548.037" endtime="548.297" c="W">Munich</w>
   <w nite:id="Bmr010.w.2,172" starttime="548.297" endtime="548.597" c="W">guys</w>
   <w nite:id="Bmr010.w.2,173" starttime="548.597" endtime="548.897" c="W">from</w>
   <disfmarker nite:id="Bmr010.disfmarker.115" starttime="" endtime=""/>
   <w nite:id="Bmr010.w.2,174" starttime="548.897" endtime="549.117" c="W">from</w>
   <w nite:id="Bmr010.w.2,175" starttime="549.117" endtime="549.447" c="W">Ludwi</w>
   <w nite:id="Bmr010.w.2,176" starttime="" endtime="" c="SYM">-</w>
   <w nite:id="Bmr010.w.2,177" starttime="549.717" endtime="549.957" c="W">Ludwig</w>
   <w nite:id="Bmr010.w.2,178" starttime="549.957" endtime="550.497" c="W">Maximilians</w>
   <w nite:id="Bmr010.w.2,179" starttime="550.497" endtime="551.207" c="W">University</w>
   <w nite:id="Bmr010.w.2,180" starttime="551.207" endtime="551.207" c="CM">,</w>
   <w nite:id="Bmr010.w.2,181" starttime="551.207" endtime="551.507" c="W">who</w>
   <w nite:id="Bmr010.w.2,182" starttime="551.507" endtime="551.737" c="W">do</w>
   <w nite:id="Bmr010.w.2,183" starttime="551.737" endtime="551.767" c="W">a</w>
   <w nite:id="Bmr010.w.2,184" starttime="551.767" endtime="552.037" c="W">lot</w>
   <w nite:id="Bmr010.w.2,185" starttime="552.037" endtime="552.157" c="W">of</w>
   <w nite:id="Bmr010.w.2,186" starttime="552.317" endtime="552.987" c="W">transcribing</w>
   <w nite:id="Bmr010.w.2,187" starttime="552.987" endtime="553.167" c="W">and</w>
   <w nite:id="Bmr010.w.2,188" starttime="553.167" endtime="554.057" c="W">transliterations</w>
   <w nite:id="Bmr010.w.2,189" starttime="554.057" endtime="554.057" c=".">.</w>
   <vocalsound nite:id="Bmr010.vocalsound.123" starttime="" endtime="" description="inbreath"/>
   <w nite:id="Bmr010.w.2,194" starttime="554.63" endtime="555.06" c="W">And</w>
   <w nite:id="Bmr010.w.2,195" starttime="555.06" endtime="555.33" c="W">they</w>
   <w nite:id="Bmr010.w.2,196" starttime="555.33" endtime="555.81" c="W">basically</w>
   <w nite:id="Bmr010.w.2,197" starttime="555.81" endtime="556.1" c="W">said</w>
   <w nite:id="Bmr010.w.2,198" starttime="556.42" endtime="556.64" c="W">they</w>
   <w nite:id="Bmr010.w.2,199" starttime="556.64" endtime="556.89" c="W">have</w>
   <disfmarker nite:id="Bmr010.disfmarker.116" starttime="" endtime=""/>
   <w nite:id="Bmr010.w.2,200" starttime="557.582" endtime="557.732" c="W">they</w>
   <w nite:id="Bmr010.w.2,201" starttime="557.732" endtime="557.922" c="W">have</w>
   <w nite:id="Bmr010.w.2,202" starttime="557.922" endtime="557.922" c="CM">,</w>
   <w nite:id="Bmr010.w.2,203" starttime="558.062" endtime="558.342" c="W">uh</w>
   <w nite:id="Bmr010.w.2,204" starttime="558.342" endtime="558.342" c="CM">,</w>
   <w nite:id="Bmr010.w.2,205" starttime="558.342" endtime="558.472" c="W">a</w>
   <w nite:id="Bmr010.w.2,206" starttime="558.472" endtime="558.692" c="W">tool</w>
   <w nite:id="Bmr010.w.2,207" starttime="558.692" endtime="558.872" c="W">they</w>
   <w nite:id="Bmr010.w.2,208" starttime="558.872" endtime="559.312" c="W">developed</w>
   <pause nite:id="Bmr010.pause.18" starttime="559.312" endtime="559.752"/>
   <w nite:id="Bmr010.w.2,209" starttime="559.752" endtime="560.282" c="W">themselves</w>
   <vocalsound nite:id="Bmr010.vocalsound.124" starttime="" endtime="" description="inbreath"/>
   <w nite:id="Bmr010.w.2,210" starttime="560.598" endtime="560.788" c="W">and</w>
   <w nite:id="Bmr010.w.2,211" starttime="560.788" endtime="560.878" c="W">they</w>
   <w nite:id="Bmr010.w.2,212" starttime="560.878" endtime="561.108" c="W">can't</w>
   <w nite:id="Bmr010.w.2,213" starttime="561.108" endtime="561.258" c="W">give</w>
   <w nite:id="Bmr010.w.2,214" starttime="561.258" endtime="561.658" c="W">away</w>
   <w nite:id="Bmr010.w.2,215" starttime="561.658" endtime="561.658" c="CM">,</w>
   <w nite:id="Bmr010.w.2,216" starttime="561.658" endtime="561.728" c="W">uh</w>
   <w nite:id="Bmr010.w.2,217" starttime="561.728" endtime="561.728" c="CM">,</w>
   <w nite:id="Bmr010.w.2,218" starttime="561.728" endtime="561.858" c="TRUNCW">f</w>
   <w nite:id="Bmr010.w.2,219" starttime="561.858" endtime="" c="W">it</w>
   <w nite:id="Bmr010.w.2,220" starttime="" endtime="562.328" c="APOSS">'s</w>
   <w nite:id="Bmr010.w.2,221" starttime="562.328" endtime="562.498" c="W">too</w>
   <w nite:id="Bmr010.w.2,222" starttime="562.498" endtime="" c="W">error</w>
   <w nite:id="Bmr010.w.2,223" starttime="" endtime="" c="HYPH">-</w>
   <w nite:id="Bmr010.w.2,224" starttime="" endtime="563.168" c="W">prone</w>
   <w nite:id="Bmr010.w.2,225" starttime="563.168" endtime="563.168" c="CM">,</w>
   <w nite:id="Bmr010.w.2,226" starttime="563.168" endtime="563.628" c="W">and</w>
   <w nite:id="Bmr010.w.2,227" starttime="563.808" endtime="564.018" c="W">had</w>
   <disfmarker nite:id="Bmr010.disfmarker.117" starttime="" endtime=""/>
   <w nite:id="Bmr010.w.2,228" starttime="564.458" endtime="" c="W">it</w>
   <w nite:id="Bmr010.w.2,229" starttime="" endtime="564.688" c="APOSS">'s</w>
   <w nite:id="Bmr010.w.2,230" starttime="564.688" endtime="564.928" c="W">not</w>
   <w nite:id="Bmr010.w.2,231" starttime="564.928" endtime="565.458" c="W">supported</w>
   <w nite:id="Bmr010.w.2,232" starttime="565.458" endtime="565.458" c="CM">,</w>
   <w nite:id="Bmr010.w.2,233" starttime="565.458" endtime="565.568" c="TRUNCW">a</w>
   <w nite:id="Bmr010.w.2,234" starttime="565.568" endtime="565.798" c="TRUNCW">a</w>
   <w nite:id="Bmr010.w.2,235" starttime="565.798" endtime="565.908" c="TRUNCW">a</w>
   <w nite:id="Bmr010.w.2,236" starttime="565.968" endtime="566.228" c="W">and</w>
   <disfmarker nite:id="Bmr010.disfmarker.118" starttime="" endtime=""/>
   <vocalsound nite:id="Bmr010.vocalsound.126" starttime="" endtime="" description="inbreath"/>
   <w nite:id="Bmr010.w.2,239" starttime="566.944" endtime="567.264" c="W">But</w>
   <w nite:id="Bmr010.w.2,240" starttime="567.264" endtime="567.264" c="CM">,</w>
   <w nite:id="Bmr010.w.2,241" starttime="567.354" endtime="568.074" c="W">um</w>
   <w nite:id="Bmr010.w.2,242" starttime="568.074" endtime="568.074" c="CM">,</w>
   <vocalsound nite:id="Bmr010.vocalsound.127" starttime="" endtime="" description="mouth"/>
   <w nite:id="Bmr010.w.2,243" starttime="568.967" endtime="569.877" c="W">Susanne</w>
   <w nite:id="Bmr010.w.2,244" starttime="569.877" endtime="570.267" c="W">Bur</w>
   <w nite:id="Bmr010.w.2,245" starttime="" endtime="" c="SYM">-</w>
   <w nite:id="Bmr010.w.2,246" starttime="570.447" endtime="570.707" c="W">Burger</w>
   <w nite:id="Bmr010.w.2,247" starttime="570.707" endtime="570.707" c="CM">,</w>
   <w nite:id="Bmr010.w.2,248" starttime="571.087" endtime="571.227" c="W">who</w>
   <w nite:id="Bmr010.w.2,249" starttime="571.227" endtime="571.387" c="W">is</w>
   <w nite:id="Bmr010.w.2,250" starttime="571.387" endtime="571.657" c="W">at</w>
   <w nite:id="Bmr010.w.2,251" starttime="571.757" endtime="571.917" c="TRUNCW">se</w>
   <w nite:id="Bmr010.w.2,252" starttime="571.917" endtime="572.367" t="PLET" c="W">CMU</w>
   <w nite:id="Bmr010.w.2,253" starttime="572.367" endtime="572.367" c="CM">,</w>
   <w nite:id="Bmr010.w.2,254" starttime="572.367" endtime="572.467" c="W">he</w>
   <w nite:id="Bmr010.w.2,255" starttime="572.467" endtime="572.757" c="TRUNCW">wa</w>
   <w nite:id="Bmr010.w.2,256" starttime="572.757" endtime="572.857" c="W">who</w>
   <w nite:id="Bmr010.w.2,257" starttime="572.857" endtime="573.167" c="W">was</w>
   <w nite:id="Bmr010.w.2,258" starttime="573.167" endtime="573.527" c="W">formally</w>
   <w nite:id="Bmr010.w.2,259" starttime="573.527" endtime="573.827" c="W">at</w>
   <disfmarker nite:id="Bmr010.disfmarker.119" starttime="" endtime=""/>
   <w nite:id="Bmr010.w.2,260" starttime="573.917" endtime="574.067" c="W">in</w>
   <w nite:id="Bmr010.w.2,261" starttime="574.067" endtime="574.437" c="W">Munich</w>
   <w nite:id="Bmr010.w.2,262" starttime="574.537" endtime="574.727" c="W">and</w>
   <w nite:id="Bmr010.w.2,263" starttime="574.727" endtime="574.877" c="TRUNCW">w</w>
   <w nite:id="Bmr010.w.2,264" starttime="574.877" endtime="575.137" c="W">and</w>
   <w nite:id="Bmr010.w.2,265" starttime="575.137" endtime="575.227" c="W">is</w>
   <w nite:id="Bmr010.w.2,266" starttime="575.227" endtime="575.457" c="W">now</w>
   <w nite:id="Bmr010.w.2,267" starttime="575.457" endtime="575.677" c="W">at</w>
   <disfmarker nite:id="Bmr010.disfmarker.120" starttime="" endtime=""/>
   <w nite:id="Bmr010.w.2,268" starttime="575.677" endtime="575.907" c="W">with</w>
   <w nite:id="Bmr010.w.2,269" starttime="575.907" endtime="576.507" t="PLET" c="W">CMU</w>
   <w nite:id="Bmr010.w.2,270" starttime="576.507" endtime="576.507" c="CM">,</w>
   <vocalsound nite:id="Bmr010.vocalsound.129" starttime="" endtime="" description="inbreath"/>
   <w nite:id="Bmr010.w.2,271" starttime="576.86" endtime="577.14" c="W">she</w>
   <w nite:id="Bmr010.w.2,272" starttime="577.14" endtime="577.64" c="W">said</w>
   <w nite:id="Bmr010.w.2,273" starttime="577.75" endtime="578.03" c="W">she</w>
   <w nite:id="Bmr010.w.2,274" starttime="578.03" endtime="578.25" c="W">has</w>
   <w nite:id="Bmr010.w.2,275" starttime="578.25" endtime="578.86" c="W">something</w>
   <vocalsound nite:id="Bmr010.vocalsound.130" starttime="" endtime="" description="inbreath"/>
   <w nite:id="Bmr010.w.2,276" starttime="579.285" endtime="579.515" c="W">which</w>
   <w nite:id="Bmr010.w.2,277" starttime="579.515" endtime="579.775" c="W">she</w>
   <w nite:id="Bmr010.w.2,278" starttime="579.775" endtime="580.215" c="W">uses</w>
   <w nite:id="Bmr010.w.2,279" starttime="580.215" endtime="580.725" c="W">to</w>
   <w nite:id="Bmr010.w.2,280" starttime="580.725" endtime="581.235" c="W">do</w>
   <w nite:id="Bmr010.w.2,281" starttime="581.235" endtime="581.545" c="W">eight</w>
   <w nite:id="Bmr010.w.2,282" starttime="581.545" endtime="582.005" c="W">channels</w>
   <w nite:id="Bmr010.w.2,283" starttime="582.005" endtime="582.005" c="CM">,</w>
   <w nite:id="Bmr010.w.2,284" starttime="582.445" endtime="582.485" c="W">uh</w>
   <w nite:id="Bmr010.w.2,285" starttime="582.485" endtime="582.485" c="CM">,</w>
   <w nite:id="Bmr010.w.2,286" starttime="582.485" endtime="582.605" c="TRUNCW">trans</w>
   <w nite:id="Bmr010.w.2,287" starttime="582.605" endtime="584.015" c="W">transliterations</w>
   <w nite:id="Bmr010.w.2,288" starttime="584.015" endtime="584.015" c="CM">,</w>
   <w nite:id="Bmr010.w.2,289" starttime="584.015" endtime="584.255" c="W">eight</w>
   <w nite:id="Bmr010.w.2,290" starttime="584.255" endtime="584.625" c="W">channels</w>
   <w nite:id="Bmr010.w.2,291" starttime="584.855" endtime="585.605" c="W">simultaneously</w>
   <w nite:id="Bmr010.w.2,292" starttime="585.605" endtime="585.605" c="CM">,</w>
   <vocalsound nite:id="Bmr010.vocalsound.131" starttime="" endtime="" description="inbreath"/>
   <w nite:id="Bmr010.w.2,296" starttime="586.027" endtime="586.247" c="W">but</w>
   <w nite:id="Bmr010.w.2,297" starttime="586.367" endtime="" c="W">it</w>
   <w nite:id="Bmr010.w.2,298" starttime="" endtime="586.607" c="APOSS">'s</w>
   <w nite:id="Bmr010.w.2,299" starttime="586.607" endtime="586.887" c="W">running</w>
   <w nite:id="Bmr010.w.2,300" starttime="586.887" endtime="587.167" c="W">under</w>
   <w nite:id="Bmr010.w.2,301" starttime="587.167" endtime="587.667" c="W">Windows</w>
   <w nite:id="Bmr010.w.2,302" starttime="587.667" endtime="587.667" c=".">.</w>
   <w nite:id="Bmr010.w.2,310" starttime="588.314" endtime="588.594" c="W">So</w>
   <w nite:id="Bmr010.w.2,311" starttime="588.594" endtime="" c="W">I</w>
   <w nite:id="Bmr010.w.2,312" starttime="" endtime="588.714" c="W">'m</w>
   <w nite:id="Bmr010.w.2,313" starttime="588.714" endtime="588.874" c="W">not</w>
   <w nite:id="Bmr010.w.2,314" starttime="588.874" endtime="589.094" c="W">sure</w>
   <w nite:id="Bmr010.w.2,315" starttime="589.094" endtime="589.194" c="W">if</w>
   <disfmarker nite:id="Bmr010.disfmarker.121" starttime="" endtime=""/>
   <w nite:id="Bmr010.w.2,316" starttime="589.374" endtime="589.584" c="W">if</w>
   <disfmarker nite:id="Bmr010.disfmarker.122" starttime="" endtime=""/>
   <w nite:id="Bmr010.w.2,317" starttime="589.844" endtime="590.004" c="W">if</w>
   <w nite:id="Bmr010.w.2,318" starttime="590.004" endtime="590.114" c="W">we</w>
   <w nite:id="Bmr010.w.2,319" starttime="590.114" endtime="590.314" c="W">can</w>
   <w nite:id="Bmr010.w.2,320" starttime="590.314" endtime="590.544" c="W">use</w>
   <w nite:id="Bmr010.w.2,321" starttime="590.544" endtime="590.674" c="W">it</w>
   <w nite:id="Bmr010.w.2,322" starttime="590.674" endtime="590.674" c=".">.</w>
   <w nite:id="Bmr010.w.2,323" starttime="590.884" endtime="591.094" c="W">She</w>
   <w nite:id="Bmr010.w.2,324" starttime="591.094" endtime="591.264" c="W">said</w>
   <w nite:id="Bmr010.w.2,325" starttime="591.264" endtime="591.374" c="W">she</w>
   <w nite:id="Bmr010.w.2,326" starttime="591.374" endtime="591.514" c="W">would</w>
   <w nite:id="Bmr010.w.2,327" starttime="591.514" endtime="591.704" c="W">give</w>
   <w nite:id="Bmr010.w.2,328" starttime="591.704" endtime="591.784" c="W">it</w>
   <w nite:id="Bmr010.w.2,329" starttime="591.784" endtime="591.904" c="W">to</w>
   <w nite:id="Bmr010.w.2,330" starttime="591.904" endtime="592.204" c="W">us</w>
   <w nite:id="Bmr010.w.2,331" starttime="592.204" endtime="592.204" c=".">.</w>
   <w nite:id="Bmr010.w.2,332" starttime="592.204" endtime="592.484" c="W">It</w>
   <w nite:id="Bmr010.w.2,333" starttime="592.484" endtime="592.754" c="W">wouldn't</w>
   <w nite:id="Bmr010.w.2,334" starttime="592.754" endtime="592.874" c="W">be</w>
   <w nite:id="Bmr010.w.2,335" starttime="592.874" endtime="592.904" c="W">a</w>
   <w nite:id="Bmr010.w.2,336" starttime="592.904" endtime="593.324" c="W">problem</w>
   <w nite:id="Bmr010.w.2,337" starttime="593.324" endtime="593.324" c=".">.</w>
   <vocalsound nite:id="Bmr010.vocalsound.132" starttime="" endtime="" description="inbreath"/>
   <w nite:id="Bmr010.w.2,342" starttime="593.982" endtime="594.142" c="W">And</w>
   <w nite:id="Bmr010.w.2,343" starttime="594.142" endtime="" c="W">I</w>
   <w nite:id="Bmr010.w.2,344" starttime="" endtime="594.352" c="W">'ve</w>
   <w nite:id="Bmr010.w.2,345" starttime="594.352" endtime="594.582" c="W">got</w>
   <w nite:id="Bmr010.w.2,346" starttime="594.582" endtime="594.912" c="W">some</w>
   <disfmarker nite:id="Bmr010.disfmarker.123" starttime="" endtime=""/>
   <w nite:id="Bmr010.w.2,347" starttime="594.912" endtime="595.112" c="W">some</w>
   <w nite:id="Bmr010.w.2,348" starttime="595.112" endtime="595.302" c="W">kind</w>
   <w nite:id="Bmr010.w.2,349" starttime="595.302" endtime="595.412" c="W">of</w>
   <w nite:id="Bmr010.w.2,350" starttime="595.412" endtime="595.892" c="W">manual</w>
   <pause nite:id="Bmr010.pause.19" starttime="595.892" endtime="596.152"/>
   <w nite:id="Bmr010.w.2,351" starttime="596.152" endtime="596.322" c="W">down</w>
   <w nite:id="Bmr010.w.2,352" starttime="596.322" endtime="596.382" c="W">in</w>
   <w nite:id="Bmr010.w.2,353" starttime="596.382" endtime="596.512" c="W">my</w>
   <w nite:id="Bmr010.w.2,354" starttime="596.512" endtime="597.122" c="W">office</w>
   <w nite:id="Bmr010.w.2,355" starttime="597.122" endtime="597.122" c=".">.</w>
   <w nite:id="Bmr010.w.2,369" starttime="598.794" endtime="598.944" c="W">Yeah</w>
   <w nite:id="Bmr010.w.2,370" starttime="598.944" endtime="598.944" c=".">.</w>
   <w nite:id="Bmr010.w.2,429" starttime="609.965" endtime="610.125" c="W">Yeah</w>
   <w nite:id="Bmr010.w.2,430" starttime="610.125" endtime="610.125" c="CM">,</w>
   <w nite:id="Bmr010.w.2,431" starttime="610.125" endtime="610.325" c="W">but</w>
   <w nite:id="Bmr010.w.2,432" starttime="610.465" endtime="610.605" c="W">then</w>
   <w nite:id="Bmr010.w.2,433" starttime="610.605" endtime="" c="W">I</w>
   <w nite:id="Bmr010.w.2,434" starttime="" endtime="610.695" c="W">'m</w>
   <w nite:id="Bmr010.w.2,435" starttime="610.695" endtime="610.835" c="W">not</w>
   <w nite:id="Bmr010.w.2,436" starttime="610.835" endtime="611.185" c="W">sure</w>
   <pause nite:id="Bmr010.pause.20" starttime="611.185" endtime="611.185"/>
   <w nite:id="Bmr010.w.2,437" starttime="611.185" endtime="" c="W">that</w>
   <w nite:id="Bmr010.w.2,438" starttime="" endtime="611.805" c="APOSS">'s</w>
   <w nite:id="Bmr010.w.2,439" starttime="611.805" endtime="611.885" c="W">the</w>
   <w nite:id="Bmr010.w.2,440" starttime="611.885" endtime="612.065" c="W">right</w>
   <w nite:id="Bmr010.w.2,441" starttime="612.065" endtime="612.305" c="W">thing</w>
   <w nite:id="Bmr010.w.2,442" starttime="612.305" endtime="612.565" c="W">for</w>
   <w nite:id="Bmr010.w.2,443" starttime="612.565" endtime="612.775" c="W">us</w>
   <w nite:id="Bmr010.w.2,444" starttime="612.775" endtime="612.775" c=".">.</w>
   <w nite:id="Bmr010.w.2,475" starttime="615.854" endtime="616.054" c="W">No</w>
   <w nite:id="Bmr010.w.2,476" starttime="616.054" endtime="616.054" c=".">.</w>
   <w nite:id="Bmr010.w.2,477" starttime="616.174" endtime="616.334" c="W">No</w>
   <w nite:id="Bmr010.w.2,478" starttime="616.334" endtime="616.334" c="CM">,</w>
   <w nite:id="Bmr010.w.2,479" starttime="616.334" endtime="616.744" c="W">Praat</w>
   <disfmarker nite:id="Bmr010.disfmarker.133" starttime="" endtime=""/>
   <w nite:id="Bmr010.w.2,480" starttime="617.337" endtime="617.517" c="W">Yeah</w>
   <w nite:id="Bmr010.w.2,481" starttime="617.517" endtime="617.517" c=".">.</w>
   <w nite:id="Bmr010.w.2,482" starttime="617.867" endtime="618.017" c="W">Yeah</w>
   <w nite:id="Bmr010.w.2,483" starttime="618.017" endtime="618.017" c=".">.</w>
   <w nite:id="Bmr010.w.2,499" starttime="618.869" endtime="618.989" c="W">Yeah</w>
   <w nite:id="Bmr010.w.2,500" starttime="618.989" endtime="618.989" c=".">.</w>
   <w nite:id="Bmr010.w.2,501" starttime="620.337" endtime="" c="W">That</w>
   <w nite:id="Bmr010.w.2,502" starttime="" endtime="620.517" c="APOSS">'s</w>
   <w nite:id="Bmr010.w.2,503" starttime="620.517" endtime="620.677" c="W">not</w>
   <w nite:id="Bmr010.w.2,504" starttime="620.677" endtime="620.967" c="W">Praat</w>
   <w nite:id="Bmr010.w.2,505" starttime="620.967" endtime="620.967" c=".">.</w>
   <w nite:id="Bmr010.w.2,506" starttime="620.967" endtime="" c="W">It</w>
   <w nite:id="Bmr010.w.2,507" starttime="" endtime="621.507" c="APOSS">'s</w>
   <w nite:id="Bmr010.w.2,508" starttime="621.507" endtime="621.767" c="W">called</w>
   <w nite:id="Bmr010.w.2,509" starttime="" endtime="" c="LQUOTE" qut="D">"</w>
   <w nite:id="Bmr010.w.2,510" starttime="621.767" endtime="622.017" c="TRUNCW">trans</w>
   <w nite:id="Bmr010.w.2,511" starttime="622.277" endtime="622.837" c="W">transedit</w>
   <w nite:id="Bmr010.w.2,512" starttime="622.837" endtime="622.837" c="RQUOTE" qut="D">"</w>
   <pause nite:id="Bmr010.pause.21" starttime="622.837" endtime="623.267"/>
   <w nite:id="Bmr010.w.2,513" starttime="623.267" endtime="623.407" c="W">I</w>
   <w nite:id="Bmr010.w.2,514" starttime="623.407" endtime="623.677" c="W">think</w>
   <w nite:id="Bmr010.w.2,515" starttime="623.677" endtime="623.677" c=".">.</w>
   <w nite:id="Bmr010.w.2,516" starttime="623.777" endtime="624.127" c="W">The</w>
   <disfmarker nite:id="Bmr010.disfmarker.135" starttime="" endtime=""/>
   <w nite:id="Bmr010.w.2,517" starttime="624.247" endtime="624.427" c="W">the</w>
   <w nite:id="Bmr010.w.2,518" starttime="624.427" endtime="624.427" c="CM">,</w>
   <w nite:id="Bmr010.w.2,519" starttime="624.427" endtime="624.497" c="W">uh</w>
   <disfmarker nite:id="Bmr010.disfmarker.136" starttime="" endtime=""/>
   <w nite:id="Bmr010.w.2,520" starttime="624.497" endtime="624.587" c="W">the</w>
   <w nite:id="Bmr010.w.2,521" starttime="624.587" endtime="624.757" c="W">tool</w>
   <w nite:id="Bmr010.w.2,522" starttime="624.757" endtime="625.107" c="W">from</w>
   <disfmarker nite:id="Bmr010.disfmarker.137" starttime="" endtime=""/>
   <w nite:id="Bmr010.w.2,523" starttime="625.107" endtime="625.267" c="W">from</w>
   <w nite:id="Bmr010.w.2,524" starttime="625.267" endtime="625.617" c="W">Susanne</w>
   <w nite:id="Bmr010.w.2,525" starttime="625.617" endtime="625.617" c=".">.</w>
   <w nite:id="Bmr010.w.2,716" starttime="663.337" endtime="663.497" c="W">Yeah</w>
   <w nite:id="Bmr010.w.2,717" starttime="663.497" endtime="663.497" c=".">.</w>
   <nonvocalsound nite:id="Bmr010.nonvocalsound.68" starttime="" endtime="" description="mike noise"/>
   <w nite:id="Bmr010.w.3,212" starttime="764.174" endtime="764.454" c="W">Mmm</w>
   <w nite:id="Bmr010.w.3,213" starttime="764.454" endtime="764.454" c=".">.</w>
   <nonvocalsound nite:id="Bmr010.nonvocalsound.69" starttime="" endtime="" description="mike noise"/>
   <w nite:id="Bmr010.w.3,434" starttime="813.638" endtime="813.848" c="W">Yeah</w>
   <w nite:id="Bmr010.w.3,435" starttime="813.848" endtime="813.848" c=".">.</w>
   <w nite:id="Bmr010.w.3,445" starttime="815.368" endtime="815.538" c="W">Yeah</w>
   <w nite:id="Bmr010.w.3,446" starttime="815.538" endtime="815.538" c=".">.</w>
   <w nite:id="Bmr010.w.3,893" starttime="919.816" endtime="919.976" c="W">Yeah</w>
   <w nite:id="Bmr010.w.3,894" starttime="919.976" endtime="919.976" c=".">.</w>
   <w nite:id="Bmr010.w.3,986" starttime="935.343" endtime="935.733" c="W">Cross</w>
   <w nite:id="Bmr010.w.3,987" starttime="" endtime="" c="SYM">-</w>
   <comment nite:id="Bmr010.comment.4" starttime="" endtime="" description="quietly"/>
   <w nite:id="Bmr010.w.4,036" starttime="950.314" endtime="950.484" c="W">Yeah</w>
   <w nite:id="Bmr010.w.4,037" starttime="950.484" endtime="950.484" c=".">.</w>
   <w nite:id="Bmr010.w.4,279" starttime="1005.71" endtime="1005.86" c="W">Yeah</w>
   <w nite:id="Bmr010.w.4,280" starttime="1005.86" endtime="1005.86" c=".">.</w>
   <vocalsound nite:id="Bmr010.vocalsound.215" starttime="" endtime="" description="breath-laugh"/>
   <vocalsound nite:id="Bmr010.vocalsound.233" starttime="" endtime="" description="breath-laugh"/>
   <vocalsound nite:id="Bmr010.vocalsound.237" starttime="" endtime="" description="laugh"/>
   <w nite:id="Bmr010.w.5,403" starttime="1241.3" endtime="1241.54" c="W">Yeah</w>
   <w nite:id="Bmr010.w.5,404" starttime="1241.54" endtime="1241.54" c=".">.</w>
   <w nite:id="Bmr010.w.5,698" starttime="1304.25" endtime="1304.49" c="W">Yeah</w>
   <w nite:id="Bmr010.w.5,699" starttime="1304.49" endtime="1304.49" c=".">.</w>
   <vocalsound nite:id="Bmr010.vocalsound.278" starttime="" endtime="" description="laugh"/>
   <vocalsound nite:id="Bmr010.vocalsound.291" starttime="" endtime="" description="laugh"/>
   <vocalsound nite:id="Bmr010.vocalsound.294" starttime="" endtime="" description="laugh"/>
   <vocalsound nite:id="Bmr010.vocalsound.296" starttime="" endtime="" description="laugh"/>
   <vocalsound nite:id="Bmr010.vocalsound.302" starttime="" endtime="" description="laugh"/>
   <vocalsound nite:id="Bmr010.vocalsound.312" starttime="" endtime="" description="laugh"/>
   <w nite:id="Bmr010.w.6,477" starttime="1481.09" endtime="1481.36" c="W">Yeah</w>
   <w nite:id="Bmr010.w.6,478" starttime="1481.36" endtime="1481.36" c=".">.</w>
   <vocalsound nite:id="Bmr010.vocalsound.326" starttime="" endtime="" description="laugh"/>
   <vocalsound nite:id="Bmr010.vocalsound.335" starttime="" endtime="" description="laugh"/>
   <w nite:id="Bmr010.w.6,683" starttime="1529.6" endtime="1529.78" c="W">Mmm</w>
   <w nite:id="Bmr010.w.6,684" starttime="1529.78" endtime="1529.78" c=".">.</w>
   <w nite:id="Bmr010.w.6,894" starttime="1573.15" endtime="1573.34" c="W">Yeah</w>
   <w nite:id="Bmr010.w.6,895" starttime="1573.34" endtime="1573.34" c=".">.</w>
   <w nite:id="Bmr010.w.6,925" starttime="1578.04" endtime="1578.24" c="W">Yeah</w>
   <w nite:id="Bmr010.w.6,926" starttime="1578.24" endtime="1578.24" c=".">.</w>
   <vocalsound nite:id="Bmr010.vocalsound.362" starttime="" endtime="" description="laugh"/>
   <w nite:id="Bmr010.w.7,406" starttime="1676.87" endtime="1677.05" c="W">Yeah</w>
   <w nite:id="Bmr010.w.7,407" starttime="1677.05" endtime="1677.05" c=".">.</w>
   <vocalsound nite:id="Bmr010.vocalsound.402" starttime="" endtime="" description="laugh"/>
   <vocalsound nite:id="Bmr010.vocalsound.409" starttime="" endtime="" description="laugh"/>
   <vocalsound nite:id="Bmr010.vocalsound.418" starttime="" endtime="" description="laugh"/>
   <nonvocalsound nite:id="Bmr010.nonvocalsound.139" starttime="" endtime="" description="mike noise"/>
   <vocalsound nite:id="Bmr010.vocalsound.438" starttime="" endtime="" description="laugh"/>
   <w nite:id="Bmr010.w.8,383" starttime="1891.52" endtime="1891.58" c="W">Yeah</w>
   <w nite:id="Bmr010.w.8,384" starttime="1891.58" endtime="1891.58" c=".">.</w>
   <comment nite:id="Bmr010.comment.37" starttime="" endtime="" description="very quietly"/>
   <vocalsound nite:id="Bmr010.vocalsound.492" starttime="" endtime="" description="laugh"/>
   <vocalsound nite:id="Bmr010.vocalsound.533" starttime="" endtime="" description="laugh"/>
   <vocalsound nite:id="Bmr010.vocalsound.538" starttime="" endtime="" description="laugh"/>
   <w nite:id="Bmr010.w.11,080" starttime="2493.36" endtime="2493.52" c="W">Yeah</w>
   <w nite:id="Bmr010.w.11,081" starttime="2493.52" endtime="2493.52" c=".">.</w>
   <vocalsound nite:id="Bmr010.vocalsound.576" starttime="" endtime="" description="inbreath"/>
   <w nite:id="Bmr010.w.11,493" starttime="2595.68" endtime="2595.86" c="W">No</w>
   <w nite:id="Bmr010.w.11,494" starttime="2595.86" endtime="2595.86" c=".">.</w>
   <w nite:id="Bmr010.w.11,511" starttime="2596.75" endtime="2596.96" c="W">No</w>
   <w nite:id="Bmr010.w.11,512" starttime="2596.96" endtime="2596.96" c=".">.</w>
   <w nite:id="Bmr010.w.11,517" starttime="2599.49" endtime="2599.67" c="W">Yeah</w>
   <w nite:id="Bmr010.w.11,518" starttime="2599.67" endtime="2599.67" c=".">.</w>
   <w nite:id="Bmr010.w.11,519" starttime="2599.95" endtime="2600.16" c="W">Sure</w>
   <w nite:id="Bmr010.w.11,520" starttime="2600.16" endtime="2600.16" c=".">.</w>
   <w nite:id="Bmr010.w.11,569" starttime="2611.7" endtime="2611.92" t="PLET" c="W">OK</w>
   <w nite:id="Bmr010.w.11,570" starttime="2611.92" endtime="2611.92" c=".">.</w>
   <w nite:id="Bmr010.w.11,590" starttime="2617.79" endtime="2617.87" c="W">Yeah</w>
   <w nite:id="Bmr010.w.11,591" starttime="2617.87" endtime="2617.87" c="CM">,</w>
   <w nite:id="Bmr010.w.11,592" starttime="2617.87" endtime="2617.98" c="W">but</w>
   <w nite:id="Bmr010.w.11,593" starttime="2617.98" endtime="" c="W">I</w>
   <w nite:id="Bmr010.w.11,594" starttime="" endtime="2618.12" c="W">'m</w>
   <w nite:id="Bmr010.w.11,595" starttime="2618.12" endtime="2618.5" c="W">not</w>
   <w nite:id="Bmr010.w.11,596" starttime="2618.5" endtime="2618.65" c="W">too</w>
   <w nite:id="Bmr010.w.11,597" starttime="2618.65" endtime="2618.97" c="W">sure</w>
   <w nite:id="Bmr010.w.11,598" starttime="2618.97" endtime="2619.22" c="W">if</w>
   <disfmarker nite:id="Bmr010.disfmarker.638" starttime="" endtime=""/>
   <w nite:id="Bmr010.w.11,599" starttime="2619.22" endtime="2619.38" c="W">if</w>
   <w nite:id="Bmr010.w.11,600" starttime="2619.38" endtime="2619.49" c="W">we</w>
   <w nite:id="Bmr010.w.11,601" starttime="2619.49" endtime="2620.38" c="W">can</w>
   <pause nite:id="Bmr010.pause.65" starttime="2620.38" endtime="2620.43"/>
   <w nite:id="Bmr010.w.11,602" starttime="2620.43" endtime="2620.72" c="W">really</w>
   <w nite:id="Bmr010.w.11,603" starttime="2620.72" endtime="2621.48" c="W">represent</w>
   <vocalsound nite:id="Bmr010.vocalsound.578" starttime="" endtime="" description="inbreath"/>
   <w nite:id="Bmr010.w.11,605" starttime="2621.93" endtime="2622.36" c="W">overlap</w>
   <w nite:id="Bmr010.w.11,606" starttime="2622.36" endtime="2622.54" c="W">with</w>
   <disfmarker nite:id="Bmr010.disfmarker.640" starttime="" endtime=""/>
   <w nite:id="Bmr010.w.11,607" starttime="2622.77" endtime="2622.96" c="W">with</w>
   <w nite:id="Bmr010.w.11,608" starttime="2622.96" endtime="2623.32" c="W">the</w>
   <w nite:id="Bmr010.w.11,609" starttime="2623.64" endtime="2623.74" c="TRUNCW">s</w>
   <pause nite:id="Bmr010.pause.66" starttime="2623.74" endtime="2623.74"/>
   <w nite:id="Bmr010.w.11,610" starttime="2623.74" endtime="2624.31" c="W">detector</w>
   <w nite:id="Bmr010.w.11,611" starttime="2624.31" endtime="2624.56" c="W">I</w>
   <disfmarker nite:id="Bmr010.disfmarker.641" starttime="" endtime=""/>
   <w nite:id="Bmr010.w.11,612" starttime="2624.56" endtime="2624.92" c="W">I</w>
   <disfmarker nite:id="Bmr010.disfmarker.642" starttime="" endtime=""/>
   <w nite:id="Bmr010.w.11,613" starttime="2625.05" endtime="2625.19" c="W">I</w>
   <w nite:id="Bmr010.w.11,614" starttime="2625.19" endtime="2625.61" c="W">used</w>
   <w nite:id="Bmr010.w.11,615" starttime="2625.61" endtime="2625.81" c="W">up</w>
   <w nite:id="Bmr010.w.11,616" starttime="2625.81" endtime="2625.93" c="W">to</w>
   <w nite:id="Bmr010.w.11,617" starttime="2625.93" endtime="2626.15" c="W">now</w>
   <w nite:id="Bmr010.w.11,618" starttime="2626.15" endtime="2626.15" c="CM">,</w>
   <w nite:id="Bmr010.w.11,619" starttime="2626.15" endtime="2626.41" c="W">the</w>
   <disfmarker nite:id="Bmr010.disfmarker.643" starttime="" endtime=""/>
   <w nite:id="Bmr010.w.11,620" starttime="2626.41" endtime="2626.52" c="W">to</w>
   <w nite:id="Bmr010.w.11,621" starttime="2626.52" endtime="" c="W">speech</w>
   <w nite:id="Bmr010.w.11,622" starttime="" endtime="" c="HYPH">-</w>
   <w nite:id="Bmr010.w.11,623" starttime="" endtime="2627.4" c="W">nonspeech</w>
   <w nite:id="Bmr010.w.11,624" starttime="2627.4" endtime="2627.6" c="W">as</w>
   <disfmarker nite:id="Bmr010.disfmarker.644" starttime="" endtime=""/>
   <w nite:id="Bmr010.w.11,634" starttime="2627.83" endtime="" c="W">it</w>
   <w nite:id="Bmr010.w.11,635" starttime="" endtime="2627.98" c="APOSS">'s</w>
   <w nite:id="Bmr010.w.11,636" starttime="2627.98" endtime="2628.4" c="W">only</w>
   <w nite:id="Bmr010.w.11,637" starttime="2628.4" endtime="2628.91" c="W">speech</w>
   <w nite:id="Bmr010.w.11,638" starttime="2628.91" endtime="2629.19" c="W">or</w>
   <w nite:id="Bmr010.w.11,639" starttime="2629.19" endtime="" c="W">it</w>
   <w nite:id="Bmr010.w.11,640" starttime="" endtime="2629.39" c="APOSS">'s</w>
   <disfmarker nite:id="Bmr010.disfmarker.646" starttime="" endtime=""/>
   <w nite:id="Bmr010.w.11,641" starttime="2629.57" endtime="" c="W">it</w>
   <w nite:id="Bmr010.w.11,642" starttime="" endtime="2630.0" c="APOSS">'s</w>
   <disfmarker nite:id="Bmr010.disfmarker.647" starttime="" endtime=""/>
   <w nite:id="Bmr010.w.11,643" starttime="2630.0" endtime="" c="W">it</w>
   <w nite:id="Bmr010.w.11,644" starttime="" endtime="2630.2" c="APOSS">'s</w>
   <w nite:id="Bmr010.w.11,645" starttime="2630.2" endtime="2630.77" c="W">nonspeech</w>
   <w nite:id="Bmr010.w.11,646" starttime="2630.77" endtime="2630.77" c=".">.</w>
   <w nite:id="Bmr010.w.11,647" starttime="2630.77" endtime="2631.0" c="W">So</w>
   <w nite:id="Bmr010.w.11,648" starttime="2631.0" endtime="2631.0" c=".">.</w>
   <w nite:id="Bmr010.w.11,696" starttime="2632.17" endtime="2632.36" c="W">Yeah</w>
   <w nite:id="Bmr010.w.11,697" starttime="2632.36" endtime="2632.36" c=".">.</w>
   <w nite:id="Bmr010.w.11,698" starttime="2635.83" endtime="2636.24" t="PLET" c="W">OK</w>
   <w nite:id="Bmr010.w.11,699" starttime="2636.24" endtime="2636.24" c=".">.</w>
   <vocalsound nite:id="Bmr010.vocalsound.588" starttime="" endtime="" description="laugh"/>
   <w nite:id="Bmr010.w.11,815" starttime="2665.31" endtime="2665.48" c="W">Yeah</w>
   <w nite:id="Bmr010.w.11,816" starttime="2665.48" endtime="2665.48" c=".">.</w>
   <w nite:id="Bmr010.w.11,817" starttime="2665.48" endtime="2665.65" c="W">Uh</w>
   <w nite:id="Bmr010.w.11,818" starttime="2665.65" endtime="2665.65" c="CM">,</w>
   <w nite:id="Bmr010.w.11,819" starttime="2665.74" endtime="2665.87" c="W">I</w>
   <w nite:id="Bmr010.w.11,820" starttime="2665.87" endtime="2666.03" c="W">could</w>
   <w nite:id="Bmr010.w.11,821" starttime="2666.03" endtime="2666.15" c="W">have</w>
   <w nite:id="Bmr010.w.11,822" starttime="2666.15" endtime="2666.18" c="W">a</w>
   <w nite:id="Bmr010.w.11,823" starttime="2666.18" endtime="2666.35" c="W">look</w>
   <w nite:id="Bmr010.w.11,824" starttime="2666.35" endtime="2666.42" c="W">at</w>
   <w nite:id="Bmr010.w.11,825" starttime="2666.42" endtime="2666.73" c="W">it</w>
   <w nite:id="Bmr010.w.11,826" starttime="2666.73" endtime="2666.73" c=".">.</w>
   <w nite:id="Bmr010.w.11,827" starttime="2666.73" endtime="2666.94" c="W">So</w>
   <w nite:id="Bmr010.w.11,828" starttime="2666.94" endtime="2666.94" c=".">.</w>
   <w nite:id="Bmr010.w.11,985" starttime="2696.18" endtime="2696.51" t="PLET" c="W">OK</w>
   <w nite:id="Bmr010.w.11,986" starttime="2696.51" endtime="2696.51" c=".">.</w>
   <w nite:id="Bmr010.w.12,000" starttime="2698.35" endtime="2698.49" c="W">Yeah</w>
   <w nite:id="Bmr010.w.12,001" starttime="2698.49" endtime="2698.49" c=".">.</w>
   <w nite:id="Bmr010.w.12,002" starttime="2698.77" endtime="2699.02" t="PLET" c="W">OK</w>
   <w nite:id="Bmr010.w.12,003" starttime="2699.02" endtime="2699.02" c=".">.</w>
   <w nite:id="Bmr010.w.12,022" starttime="2704.74" endtime="2704.88" c="W">Yeah</w>
   <w nite:id="Bmr010.w.12,023" starttime="2704.88" endtime="2704.88" c=".">.</w>
   <w nite:id="Bmr010.w.12,049" starttime="2705.36" endtime="2705.65" c="W">Yeah</w>
   <w nite:id="Bmr010.w.12,050" starttime="2705.65" endtime="2705.65" c=".">.</w>
   <w nite:id="Bmr010.w.12,051" starttime="2705.65" endtime="2705.9" c="W">Sure</w>
   <w nite:id="Bmr010.w.12,052" starttime="2705.9" endtime="2705.9" c=".">.</w>
   <w nite:id="Bmr010.w.12,053" starttime="2706.58" endtime="2706.74" c="W">Yeah</w>
   <w nite:id="Bmr010.w.12,054" starttime="2706.74" endtime="2706.74" c=".">.</w>
   <w nite:id="Bmr010.w.12,055" starttime="2706.85" endtime="2707.0" c="W">Yeah</w>
   <w nite:id="Bmr010.w.12,056" starttime="2707.0" endtime="2707.0" c="CM">,</w>
   <w nite:id="Bmr010.w.12,057" starttime="2707.0" endtime="2707.24" t="PLET" c="W">OK</w>
   <w nite:id="Bmr010.w.12,058" starttime="2707.24" endtime="2707.24" c=".">.</w>
   <w nite:id="Bmr010.w.12,099" starttime="2713.06" endtime="2713.42" c="W">So</w>
   <disfmarker nite:id="Bmr010.disfmarker.671" starttime="" endtime=""/>
   <w nite:id="Bmr010.w.12,100" starttime="2715.71" endtime="2716.01" c="W">Yeah</w>
   <w nite:id="Bmr010.w.12,101" starttime="2716.01" endtime="2716.01" c=".">.</w>
   <w nite:id="Bmr010.w.12,132" starttime="2722.51" endtime="2722.7" c="W">Yeah</w>
   <w nite:id="Bmr010.w.12,133" starttime="2722.7" endtime="2722.7" c=".">.</w>
   <comment nite:id="Bmr010.comment.58" starttime="" endtime="" description="whispered"/>
   <vocalsound nite:id="Bmr010.vocalsound.599" starttime="" endtime="" description="breath"/>
   <w nite:id="Bmr010.w.12,198" starttime="2739.7" endtime="2740.29" c="W">Um</w>
   <disfmarker nite:id="Bmr010.disfmarker.677" starttime="" endtime=""/>
   <w nite:id="Bmr010.w.12,199" starttime="2742.43" endtime="" c="W">I</w>
   <w nite:id="Bmr010.w.12,200" starttime="" endtime="2742.51" c="W">'m</w>
   <w nite:id="Bmr010.w.12,201" starttime="2742.51" endtime="2742.69" c="W">not</w>
   <w nite:id="Bmr010.w.12,202" starttime="2742.69" endtime="2742.94" c="W">sure</w>
   <w nite:id="Bmr010.w.12,203" starttime="2742.94" endtime="2742.94" c=".">.</w>
   <w nite:id="Bmr010.w.12,204" starttime="2743.16" endtime="2743.4" c="W">I</w>
   <disfmarker nite:id="Bmr010.disfmarker.678" starttime="" endtime=""/>
   <w nite:id="Bmr010.w.12,205" starttime="2743.4" endtime="2743.66" c="W">I</w>
   <w nite:id="Bmr010.w.12,206" starttime="2743.66" endtime="2743.84" c="W">thought</w>
   <w nite:id="Bmr010.w.12,207" starttime="2743.84" endtime="2744.18" c="W">about</w>
   <w nite:id="Bmr010.w.12,208" starttime="2744.18" endtime="2744.18" c="CM">,</w>
   <w nite:id="Bmr010.w.12,209" starttime="2744.36" endtime="2744.51" c="W">uh</w>
   <w nite:id="Bmr010.w.12,210" starttime="2744.51" endtime="2744.51" c="CM">,</w>
   <w nite:id="Bmr010.w.12,211" starttime="2744.51" endtime="2744.88" c="W">adding</w>
   <w nite:id="Bmr010.w.12,212" starttime="2744.88" endtime="2744.88" c="CM">,</w>
   <w nite:id="Bmr010.w.12,213" starttime="2744.88" endtime="2745.29" c="W">uh</w>
   <w nite:id="Bmr010.w.12,214" starttime="2745.29" endtime="2745.29" c="CM">,</w>
   <w nite:id="Bmr010.w.12,215" starttime="2745.29" endtime="2745.42" c="W">uh</w>
   <w nite:id="Bmr010.w.12,216" starttime="2745.42" endtime="2745.42" c="CM">,</w>
   <w nite:id="Bmr010.w.12,217" starttime="2745.42" endtime="2745.69" c="W">another</w>
   <w nite:id="Bmr010.w.12,218" starttime="2745.69" endtime="2745.96" c="W">class</w>
   <w nite:id="Bmr010.w.12,219" starttime="2745.96" endtime="2746.13" c="W">too</w>
   <w nite:id="Bmr010.w.12,220" starttime="2746.13" endtime="2746.13" c=".">.</w>
   <w nite:id="Bmr010.w.12,221" starttime="2746.13" endtime="2746.3" c="W">But</w>
   <w nite:id="Bmr010.w.12,222" starttime="2746.58" endtime="" c="W">it</w>
   <w nite:id="Bmr010.w.12,223" starttime="" endtime="2746.83" c="APOSS">'s</w>
   <w nite:id="Bmr010.w.12,224" starttime="2746.83" endtime="2747.19" c="W">not</w>
   <w nite:id="Bmr010.w.12,225" starttime="2747.29" endtime="2747.57" c="W">too</w>
   <w nite:id="Bmr010.w.12,226" starttime="2747.57" endtime="2748.3" c="W">easy</w>
   <w nite:id="Bmr010.w.12,227" starttime="2748.3" endtime="2748.3" c="CM">,</w>
   <w nite:id="Bmr010.w.12,228" starttime="2748.3" endtime="2748.46" c="W">I</w>
   <w nite:id="Bmr010.w.12,229" starttime="2748.46" endtime="2748.84" c="W">think</w>
   <w nite:id="Bmr010.w.12,230" starttime="2748.84" endtime="2748.84" c="CM">,</w>
   <w nite:id="Bmr010.w.12,231" starttime="2748.84" endtime="2749.35" c="W">the</w>
   <disfmarker nite:id="Bmr010.disfmarker.679" starttime="" endtime=""/>
   <w nite:id="Bmr010.w.12,232" starttime="2749.97" endtime="2750.07" c="W">the</w>
   <w nite:id="Bmr010.w.12,233" starttime="2750.07" endtime="2750.54" c="W">transition</w>
   <w nite:id="Bmr010.w.12,234" starttime="2750.54" endtime="2750.97" c="W">between</w>
   <w nite:id="Bmr010.w.12,235" starttime="2750.97" endtime="2751.14" c="W">the</w>
   <w nite:id="Bmr010.w.12,236" starttime="2751.14" endtime="2751.57" c="W">different</w>
   <w nite:id="Bmr010.w.12,237" starttime="2751.57" endtime="2751.89" c="W">class</w>
   <w nite:id="Bmr010.w.12,238" starttime="2751.89" endtime="2751.89" c="CM">,</w>
   <w nite:id="Bmr010.w.12,239" starttime="2751.98" endtime="2752.08" c="W">to</w>
   <w nite:id="Bmr010.w.12,240" starttime="2752.08" endtime="2752.32" c="W">model</w>
   <w nite:id="Bmr010.w.12,241" starttime="2752.32" endtime="2752.46" c="W">them</w>
   <w nite:id="Bmr010.w.12,242" starttime="2752.46" endtime="2752.63" c="W">in</w>
   <disfmarker nite:id="Bmr010.disfmarker.680" starttime="" endtime=""/>
   <w nite:id="Bmr010.w.12,243" starttime="2752.63" endtime="2752.78" c="W">in</w>
   <w nite:id="Bmr010.w.12,244" starttime="2752.78" endtime="2752.86" c="W">the</w>
   <w nite:id="Bmr010.w.12,245" starttime="2752.86" endtime="2753.19" c="W">system</w>
   <w nite:id="Bmr010.w.12,246" starttime="2753.19" endtime="2753.32" c="W">I</w>
   <w nite:id="Bmr010.w.12,247" starttime="2753.32" endtime="2753.46" c="W">have</w>
   <w nite:id="Bmr010.w.12,248" starttime="2753.46" endtime="2753.71" c="W">now</w>
   <w nite:id="Bmr010.w.12,249" starttime="2753.71" endtime="2753.71" c=".">.</w>
   <w nite:id="Bmr010.w.12,250" starttime="2753.71" endtime="2753.91" c="W">But</w>
   <w nite:id="Bmr010.w.12,251" starttime="2754.26" endtime="2754.52" c="W">it</w>
   <disfmarker nite:id="Bmr010.disfmarker.681" starttime="" endtime=""/>
   <w nite:id="Bmr010.w.12,252" starttime="2754.83" endtime="2755.02" c="W">it</w>
   <disfmarker nite:id="Bmr010.disfmarker.682" starttime="" endtime=""/>
   <w nite:id="Bmr010.w.12,253" starttime="2755.02" endtime="2755.23" c="W">it</w>
   <w nite:id="Bmr010.w.12,254" starttime="2755.23" endtime="2755.54" c="W">could</w>
   <w nite:id="Bmr010.w.12,255" starttime="2755.54" endtime="2755.7" c="W">be</w>
   <w nite:id="Bmr010.w.12,256" starttime="2755.7" endtime="2756.13" c="W">possible</w>
   <w nite:id="Bmr010.w.12,257" starttime="2756.13" endtime="2756.13" c="CM">,</w>
   <w nite:id="Bmr010.w.12,258" starttime="2756.13" endtime="2756.24" c="W">I</w>
   <w nite:id="Bmr010.w.12,259" starttime="2756.24" endtime="2756.69" c="W">think</w>
   <w nite:id="Bmr010.w.12,260" starttime="2756.69" endtime="2756.69" c="CM">,</w>
   <w nite:id="Bmr010.w.12,267" starttime="2757.45" endtime="2757.51" c="W">in</w>
   <w nite:id="Bmr010.w.12,268" starttime="2757.51" endtime="2757.98" c="W">principle</w>
   <w nite:id="Bmr010.w.12,269" starttime="2757.98" endtime="2757.98" c=".">.</w>
   <w nite:id="Bmr010.w.12,324" starttime="2767.13" endtime="2767.33" c="W">Yeah</w>
   <w nite:id="Bmr010.w.12,325" starttime="2767.33" endtime="2767.33" c=".">.</w>
   <w nite:id="Bmr010.w.12,338" starttime="2769.54" endtime="2769.73" c="W">Yeah</w>
   <w nite:id="Bmr010.w.12,339" starttime="2769.73" endtime="2769.73" c=".">.</w>
   <vocalsound nite:id="Bmr010.vocalsound.611" starttime="" endtime="" description="inbreath"/>
   <w nite:id="Bmr010.w.12,359" starttime="2774.92" endtime="2775.13" c="W">Yeah</w>
   <w nite:id="Bmr010.w.12,360" starttime="2775.13" endtime="2775.13" c=".">.</w>
   <w nite:id="Bmr010.w.12,378" starttime="2776.84" endtime="2776.88" c="W">I</w>
   <w nite:id="Bmr010.w.12,379" starttime="2776.88" endtime="2777.03" c="W">had</w>
   <w nite:id="Bmr010.w.12,380" starttime="2777.03" endtime="2777.11" c="W">the</w>
   <w nite:id="Bmr010.w.12,381" starttime="2777.11" endtime="2777.63" c="W">impression</w>
   <w nite:id="Bmr010.w.12,382" starttime="2777.63" endtime="2777.63" c=".">.</w>
   <w nite:id="Bmr010.w.12,415" starttime="2781.08" endtime="2781.24" c="W">Yeah</w>
   <w nite:id="Bmr010.w.12,416" starttime="2781.24" endtime="2781.24" c=".">.</w>
   <w nite:id="Bmr010.w.12,417" starttime="2790.66" endtime="2790.88" c="W">Yeah</w>
   <w nite:id="Bmr010.w.12,418" starttime="2790.88" endtime="2790.88" c=".">.</w>
   <w nite:id="Bmr010.w.12,438" starttime="2795.14" endtime="2795.36" c="W">Yeah</w>
   <w nite:id="Bmr010.w.12,439" starttime="2795.36" endtime="2795.36" c=".">.</w>
   <w nite:id="Bmr010.w.12,550" starttime="2817.08" endtime="2817.25" c="W">Yeah</w>
   <w nite:id="Bmr010.w.12,551" starttime="2817.25" endtime="2817.25" c=".">.</w>
   <w nite:id="Bmr010.w.12,624" starttime="2835.64" endtime="2835.84" c="W">Yeah</w>
   <w nite:id="Bmr010.w.12,625" starttime="2835.84" endtime="2835.84" c=".">.</w>
   <comment nite:id="Bmr010.comment.66" starttime="" endtime="" description="quietly"/>
   <w nite:id="Bmr010.w.12,756" starttime="2866.7" endtime="2866.9" c="W">Yeah</w>
   <w nite:id="Bmr010.w.12,757" starttime="2866.9" endtime="2866.9" c=".">.</w>
   <vocalsound nite:id="Bmr010.vocalsound.630" starttime="" endtime="" description="inbreath"/>
   <w nite:id="Bmr010.w.12,806" starttime="2879.95" endtime="2880.06" c="W">Yeah</w>
   <w nite:id="Bmr010.w.12,807" starttime="2880.06" endtime="2880.06" c=".">.</w>
   <comment nite:id="Bmr010.comment.68" starttime="" endtime="" description="quietly"/>
   <w nite:id="Bmr010.w.12,833" starttime="2885.15" endtime="2885.33" c="W">Yeah</w>
   <w nite:id="Bmr010.w.12,834" starttime="2885.33" endtime="2885.33" c=".">.</w>
   <nonvocalsound nite:id="Bmr010.nonvocalsound.165" starttime="" endtime="" description="noise"/>
   <w nite:id="Bmr010.w.13,603" starttime="" endtime="" t="PLET" c="W">OK</w>
   <w nite:id="Bmr010.w.13,604" starttime="" endtime="" c=".">.</w>
   <w nite:id="Bmr010.w.13,605" starttime="" endtime="" c="W">Transcript</w>
   <w nite:id="Bmr010.w.13,606" starttime="" endtime="" c="W">two</w>
   <w nite:id="Bmr010.w.13,607" starttime="" endtime="" c="W">seven</w>
   <w nite:id="Bmr010.w.13,608" starttime="" endtime="" c="W">nine</w>
   <w nite:id="Bmr010.w.13,609" starttime="" endtime="" c="W">one</w>
   <w nite:id="Bmr010.w.13,610" starttime="" endtime="" c="W">dash</w>
   <w nite:id="Bmr010.w.13,611" starttime="" endtime="" c="W">two</w>
   <w nite:id="Bmr010.w.13,612" starttime="" endtime="" c="W">eight</w>
   <w nite:id="Bmr010.w.13,613" starttime="" endtime="" c="W">one</w>
   <w nite:id="Bmr010.w.13,614" starttime="" endtime="" c="W">zero</w>
   <w nite:id="Bmr010.w.13,615" starttime="" endtime="" c=".">.</w>
   <comment nite:id="Bmr010.comment.138" starttime="" endtime="" description="Digits"/>
   <w nite:id="Bmr010.w.13,616" starttime="" endtime="" c="LET">O</w>
   <comment nite:id="Bmr010.comment.139" starttime="" endtime="" description="Digits"/>
   <w nite:id="Bmr010.w.13,617" starttime="" endtime="" c="W">zero</w>
   <comment nite:id="Bmr010.comment.140" starttime="" endtime="" description="Digits"/>
   <w nite:id="Bmr010.w.13,618" starttime="" endtime="" c="W">two</w>
   <w nite:id="Bmr010.w.13,619" starttime="" endtime="" c="W">three</w>
   <w nite:id="Bmr010.w.13,620" starttime="" endtime="" c="W">seven</w>
   <comment nite:id="Bmr010.comment.141" starttime="" endtime="" description="Digits"/>
   <w nite:id="Bmr010.w.13,621" starttime="" endtime="" c="W">three</w>
   <w nite:id="Bmr010.w.13,622" starttime="" endtime="" c="W">three</w>
   <w nite:id="Bmr010.w.13,623" starttime="" endtime="" c="W">two</w>
   <comment nite:id="Bmr010.comment.142" starttime="" endtime="" description="Digits"/>
   <w nite:id="Bmr010.w.13,624" starttime="" endtime="" c="W">four</w>
   <w nite:id="Bmr010.w.13,625" starttime="" endtime="" c="W">seven</w>
   <comment nite:id="Bmr010.comment.143" starttime="" endtime="" description="Digits"/>
   <w nite:id="Bmr010.w.13,626" starttime="" endtime="" c="W">five</w>
   <w nite:id="Bmr010.w.13,627" starttime="" endtime="" c="W">three</w>
   <w nite:id="Bmr010.w.13,628" starttime="" endtime="" c="LET">O</w>
   <w nite:id="Bmr010.w.13,629" starttime="" endtime="" c="W">two</w>
   <comment nite:id="Bmr010.comment.144" starttime="" endtime="" description="Digits"/>
   <w nite:id="Bmr010.w.13,630" starttime="" endtime="" c="W">six</w>
   <comment nite:id="Bmr010.comment.145" starttime="" endtime="" description="Digits"/>
   <w nite:id="Bmr010.w.13,631" starttime="" endtime="" c="W">seven</w>
   <comment nite:id="Bmr010.comment.146" starttime="" endtime="" description="Digits"/>
   <w nite:id="Bmr010.w.13,632" starttime="" endtime="" c="W">eight</w>
   <w nite:id="Bmr010.w.13,633" starttime="" endtime="" c="W">zero</w>
   <w nite:id="Bmr010.w.13,634" starttime="" endtime="" c="W">eight</w>
   <comment nite:id="Bmr010.comment.147" starttime="" endtime="" description="Digits"/>
   <w nite:id="Bmr010.w.13,635" starttime="" endtime="" c="LET">O</w>
   <w nite:id="Bmr010.w.13,636" starttime="" endtime="" c="W">one</w>
   <w nite:id="Bmr010.w.13,637" starttime="" endtime="" c="LET">O</w>
   <w nite:id="Bmr010.w.13,638" starttime="" endtime="" c="W">seven</w>
   <comment nite:id="Bmr010.comment.148" starttime="" endtime="" description="Digits"/>
   <w nite:id="Bmr010.w.13,639" starttime="" endtime="" c="W">zero</w>
   <w nite:id="Bmr010.w.13,640" starttime="" endtime="" c="W">three</w>
   <comment nite:id="Bmr010.comment.149" starttime="" endtime="" description="Digits"/>
   <w nite:id="Bmr010.w.13,641" starttime="" endtime="" c="W">one</w>
   <w nite:id="Bmr010.w.13,642" starttime="" endtime="" c="W">five</w>
   <w nite:id="Bmr010.w.13,643" starttime="" endtime="" c="LET">O</w>
   <w nite:id="Bmr010.w.13,644" starttime="" endtime="" c="W">three</w>
   <w nite:id="Bmr010.w.13,645" starttime="" endtime="" c="W">six</w>
   <comment nite:id="Bmr010.comment.150" starttime="" endtime="" description="Digits"/>
   <w nite:id="Bmr010.w.13,646" starttime="" endtime="" c="W">two</w>
   <w nite:id="Bmr010.w.13,647" starttime="" endtime="" c="W">eight</w>
   <w nite:id="Bmr010.w.13,648" starttime="" endtime="" c="LET">O</w>
   <w nite:id="Bmr010.w.13,649" starttime="" endtime="" c="LET">O</w>
   <comment nite:id="Bmr010.comment.151" starttime="" endtime="" description="Digits"/>
   <w nite:id="Bmr010.w.13,650" starttime="" endtime="" c="W">three</w>
   <comment nite:id="Bmr010.comment.152" starttime="" endtime="" description="Digits"/>
   <w nite:id="Bmr010.w.13,651" starttime="" endtime="" c="W">four</w>
   <comment nite:id="Bmr010.comment.153" starttime="" endtime="" description="Digits"/>
   <w nite:id="Bmr010.w.13,652" starttime="" endtime="" c="W">five</w>
   <w nite:id="Bmr010.w.13,653" starttime="" endtime="" c="W">zero</w>
   <w nite:id="Bmr010.w.13,654" starttime="" endtime="" c="W">two</w>
   <w nite:id="Bmr010.w.13,655" starttime="" endtime="" c="W">zero</w>
   <w nite:id="Bmr010.w.13,656" starttime="" endtime="" c="W">zero</w>
   <comment nite:id="Bmr010.comment.154" starttime="" endtime="" description="Digits"/>
   <w nite:id="Bmr010.w.13,657" starttime="" endtime="" c="W">seven</w>
   <w nite:id="Bmr010.w.13,658" starttime="" endtime="" c="W">two</w>
   <w nite:id="Bmr010.w.13,659" starttime="" endtime="" c="LET">O</w>
   <w nite:id="Bmr010.w.13,660" starttime="" endtime="" c="W">three</w>
   <w nite:id="Bmr010.w.13,661" starttime="" endtime="" c="W">three</w>
   <w nite:id="Bmr010.w.13,662" starttime="" endtime="" c="W">one</w>
   <w nite:id="Bmr010.w.13,663" starttime="" endtime="" c="W">seven</w>
   <comment nite:id="Bmr010.comment.155" starttime="" endtime="" description="Digits"/>
   <w nite:id="Bmr010.w.13,664" starttime="" endtime="" c="W">eight</w>
   <w nite:id="Bmr010.w.13,665" starttime="" endtime="" c="W">nine</w>
   <w nite:id="Bmr010.w.13,666" starttime="" endtime="" c="W">five</w>
   <w nite:id="Bmr010.w.13,667" starttime="" endtime="" c="W">one</w>
   <w nite:id="Bmr010.w.13,668" starttime="" endtime="" c="W">two</w>
   <w nite:id="Bmr010.w.13,669" starttime="" endtime="" c="W">two</w>
   <w nite:id="Bmr010.w.13,670" starttime="" endtime="" c="W">zero</w>
   <comment nite:id="Bmr010.comment.156" starttime="" endtime="" description="Digits"/>
   <w nite:id="Bmr010.w.13,671" starttime="" endtime="" c="W">nine</w>
   <w nite:id="Bmr010.w.13,672" starttime="" endtime="" c="W">eight</w>
   <w nite:id="Bmr010.w.13,673" starttime="" endtime="" c="W">five</w>
   <w nite:id="Bmr010.w.13,674" starttime="" endtime="" c="W">three</w>
   <comment nite:id="Bmr010.comment.157" starttime="" endtime="" description="Digits"/>
   <w nite:id="Bmr010.w.13,675" starttime="" endtime="" c="LET">O</w>
   <w nite:id="Bmr010.w.13,676" starttime="" endtime="" c="W">seven</w>
   <w nite:id="Bmr010.w.13,677" starttime="" endtime="" c="LET">O</w>
   <w nite:id="Bmr010.w.13,678" starttime="" endtime="" c="W">eight</w>
   <w nite:id="Bmr010.w.13,679" starttime="" endtime="" c=".">.</w>
   <comment nite:id="Bmr010.comment.158" starttime="" endtime="" description="Digits"/>
   <nonvocalsound nite:id="Bmr010.nonvocalsound.175" starttime="" endtime="" description="mike noise"/>
   <comment nite:id="Bmr010.comment.201" starttime="" endtime="" description="mike being removed"/>
</nite:root>