<?xml version="1.0" encoding="ISO-8859-1" standalone="yes"?>
<nite:root nite:id="Bmr010.F.segs" xmlns:nite="http://nite.sourceforge.net/">
   <segment nite:id="Bmr010.segment.8" starttime="5.493" endtime="14.9" participant="fe008" timing-provenance="segment">
      <nite:child href="Bmr010.F.words.xml#id(Bmr010.nonvocalsound.5)"/>
   </segment>
   <segment nite:id="Bmr010.segment.16" starttime="14.405" endtime="17.203" participant="fe008" closemic="false" timing-provenance="segment">
      <nite:child href="Bmr010.F.words.xml#id(Bmr010.vocalsound.4)"/>
   </segment>
   <segment nite:id="Bmr010.segment.23" starttime="17.348" endtime="25.48" participant="fe008" timing-provenance="segment">
      <nite:child href="Bmr010.F.words.xml#id(Bmr010.nonvocalsound.8)"/>
   </segment>
   <segment nite:id="Bmr010.segment.34" starttime="26.072" endtime="29.802" participant="fe008" timing-provenance="segment">
      <nite:child href="Bmr010.F.words.xml#id(Bmr010.w.76)..id(Bmr010.disfmarker.4)"/>
   </segment>
   <segment nite:id="Bmr010.segment.36" starttime="30.138" endtime="35.04" participant="fe008" timing-provenance="segment">
      <nite:child href="Bmr010.F.words.xml#id(Bmr010.w.112)..id(Bmr010.vocalsound.17)"/>
   </segment>
   <segment nite:id="Bmr010.segment.40" starttime="36.52" endtime="36.78" participant="fe008" timing-provenance="dialogueact">
      <nite:child href="Bmr010.F.words.xml#id(Bmr010.w.163)..id(Bmr010.w.164)"/>
   </segment>
   <segment nite:id="Bmr010.segment.43" starttime="37.968" endtime="41.128" participant="fe008" timing-provenance="dialogueact">
      <nite:child href="Bmr010.F.words.xml#id(Bmr010.w.165)..id(Bmr010.w.179)"/>
   </segment>
   <segment nite:id="Bmr010.segment.46" starttime="42.04" endtime="47.13" participant="fe008" timing-provenance="dialogueact">
      <nite:child href="Bmr010.F.words.xml#id(Bmr010.w.182)..id(Bmr010.w.194)"/>
   </segment>
   <segment nite:id="Bmr010.segment.49" starttime="48.046" endtime="51.016" participant="fe008" timing-provenance="dialogueact">
      <nite:child href="Bmr010.F.words.xml#id(Bmr010.w.196)..id(Bmr010.w.204)"/>
   </segment>
   <segment nite:id="Bmr010.segment.52" starttime="54.592" endtime="63.059" participant="fe008" timing-provenance="segment">
      <nite:child href="Bmr010.F.words.xml#id(Bmr010.vocalsound.25)..id(Bmr010.w.248)"/>
   </segment>
   <segment nite:id="Bmr010.segment.57" starttime="66.57" endtime="69.092" participant="fe008" timing-provenance="segment">
      <nite:child href="Bmr010.F.words.xml#id(Bmr010.vocalsound.28)..id(Bmr010.w.268)"/>
   </segment>
   <segment nite:id="Bmr010.segment.87" starttime="93.526" endtime="95.121" participant="fe008" timing-provenance="segment">
      <nite:child href="Bmr010.F.words.xml#id(Bmr010.w.389)..id(Bmr010.vocalsound.42)"/>
   </segment>
   <segment nite:id="Bmr010.segment.93" starttime="95.161" endtime="96.331" participant="fe008" timing-provenance="dialogueact">
      <nite:child href="Bmr010.F.words.xml#id(Bmr010.w.406)..id(Bmr010.w.410)"/>
   </segment>
   <segment nite:id="Bmr010.segment.94" starttime="96.368" endtime="100.5" participant="fe008" timing-provenance="segment">
      <nite:child href="Bmr010.F.words.xml#id(Bmr010.vocalsound.49)"/>
   </segment>
   <segment nite:id="Bmr010.segment.103" starttime="103.659" endtime="105.159" participant="fe008" timing-provenance="dialogueact">
      <nite:child href="Bmr010.F.words.xml#id(Bmr010.w.454)..id(Bmr010.w.465)"/>
   </segment>
   <segment nite:id="Bmr010.segment.167" starttime="241.58" endtime="241.78" participant="fe008" timing-provenance="dialogueact">
      <nite:child href="Bmr010.F.words.xml#id(Bmr010.w.936)..id(Bmr010.w.937)"/>
   </segment>
   <segment nite:id="Bmr010.segment.168" starttime="242.317" endtime="243.93" participant="fe008" timing-provenance="segment">
      <nite:child href="Bmr010.F.words.xml#id(Bmr010.w.938)..id(Bmr010.disfmarker.42)"/>
   </segment>
   <segment nite:id="Bmr010.segment.171" starttime="244.097" endtime="244.467" participant="fe008" timing-provenance="dialogueact">
      <nite:child href="Bmr010.F.words.xml#id(Bmr010.w.951)..id(Bmr010.w.956)"/>
   </segment>
   <segment nite:id="Bmr010.segment.196" starttime="305.335" endtime="310.905" participant="fe008" timing-provenance="dialogueact">
      <nite:child href="Bmr010.F.words.xml#id(Bmr010.w.1,147)..id(Bmr010.w.1,172)"/>
   </segment>
   <segment nite:id="Bmr010.segment.199" starttime="310.992" endtime="311.495" participant="fe008" timing-provenance="segment">
      <nite:child href="Bmr010.F.words.xml#id(Bmr010.vocalsound.86)"/>
   </segment>
   <segment nite:id="Bmr010.segment.200" starttime="311.665" endtime="318.655" participant="fe008" timing-provenance="dialogueact">
      <nite:child href="Bmr010.F.words.xml#id(Bmr010.w.1,175)..id(Bmr010.w.1,206)"/>
   </segment>
   <segment nite:id="Bmr010.segment.232" starttime="372.049" endtime="375.079" participant="fe008" timing-provenance="dialogueact">
      <nite:child href="Bmr010.F.words.xml#id(Bmr010.w.1,414)..id(Bmr010.w.1,427)"/>
   </segment>
   <segment nite:id="Bmr010.segment.234" starttime="375.169" endtime="375.408" participant="fe008" timing-provenance="segment">
      <nite:child href="Bmr010.F.words.xml#id(Bmr010.vocalsound.94)"/>
   </segment>
   <segment nite:id="Bmr010.segment.235" starttime="375.478" endtime="378.968" participant="fe008" timing-provenance="dialogueact">
      <nite:child href="Bmr010.F.words.xml#id(Bmr010.w.1,432)..id(Bmr010.w.1,450)"/>
   </segment>
   <segment nite:id="Bmr010.segment.256" starttime="413.552" endtime="419.512" participant="fe008" timing-provenance="dialogueact">
      <nite:child href="Bmr010.F.words.xml#id(Bmr010.w.1,575)..id(Bmr010.w.1,604)"/>
   </segment>
   <segment nite:id="Bmr010.segment.279" starttime="447.929" endtime="448.189" participant="fe008" timing-provenance="dialogueact">
      <nite:child href="Bmr010.F.words.xml#id(Bmr010.w.1,781)..id(Bmr010.w.1,784)"/>
   </segment>
   <segment nite:id="Bmr010.segment.282" starttime="450.959" endtime="451.229" participant="fe008" timing-provenance="dialogueact">
      <nite:child href="Bmr010.F.words.xml#id(Bmr010.w.1,789)..id(Bmr010.w.1,792)"/>
   </segment>
   <segment nite:id="Bmr010.segment.284" starttime="452.02" endtime="455.482" participant="fe008" timing-provenance="segment">
      <nite:child href="Bmr010.F.words.xml#id(Bmr010.vocalsound.108)..id(Bmr010.disfmarker.94)"/>
   </segment>
   <segment nite:id="Bmr010.segment.285" starttime="455.482" endtime="455.778" participant="fe008" timing-provenance="segment">
      <nite:child href="Bmr010.F.words.xml#id(Bmr010.vocalsound.109)"/>
   </segment>
   <segment nite:id="Bmr010.segment.286" starttime="455.818" endtime="459.028" participant="fe008" timing-provenance="dialogueact">
      <nite:child href="Bmr010.F.words.xml#id(Bmr010.w.1,812)..id(Bmr010.w.1,827)"/>
   </segment>
   <segment nite:id="Bmr010.segment.287" starttime="459.181" endtime="464.938" participant="fe008" timing-provenance="segment">
      <nite:child href="Bmr010.F.words.xml#id(Bmr010.w.1,828)..id(Bmr010.vocalsound.110)"/>
   </segment>
   <segment nite:id="Bmr010.segment.288" starttime="464.938" endtime="468.738" participant="fe008" timing-provenance="segment">
      <nite:child href="Bmr010.F.words.xml#id(Bmr010.w.1,852)..id(Bmr010.nonvocalsound.31)"/>
   </segment>
   <segment nite:id="Bmr010.segment.289" starttime="468.738" endtime="469.029" participant="fe008" timing-provenance="segment">
      <nite:child href="Bmr010.F.words.xml#id(Bmr010.vocalsound.111)"/>
   </segment>
   <segment nite:id="Bmr010.segment.290" starttime="469.029" endtime="471.04" participant="fe008" timing-provenance="segment">
      <nite:child href="Bmr010.F.words.xml#id(Bmr010.w.1,866)..id(Bmr010.vocalsound.112)"/>
   </segment>
   <segment nite:id="Bmr010.segment.291" starttime="471.18" endtime="480.05" participant="fe008" timing-provenance="dialogueact">
      <nite:child href="Bmr010.F.words.xml#id(Bmr010.w.1,873)..id(Bmr010.w.1,897)"/>
   </segment>
   <segment nite:id="Bmr010.segment.292" starttime="480.396" endtime="485.737" participant="fe008" timing-provenance="segment">
      <nite:child href="Bmr010.F.words.xml#id(Bmr010.w.1,898)..id(Bmr010.vocalsound.113)"/>
   </segment>
   <segment nite:id="Bmr010.segment.294" starttime="485.847" endtime="491.947" participant="fe008" timing-provenance="dialogueact">
      <nite:child href="Bmr010.F.words.xml#id(Bmr010.w.1,925)..id(Bmr010.w.1,953)"/>
   </segment>
   <segment nite:id="Bmr010.segment.295" starttime="491.987" endtime="492.421" participant="fe008" timing-provenance="segment">
      <nite:child href="Bmr010.F.words.xml#id(Bmr010.vocalsound.114)"/>
   </segment>
   <segment nite:id="Bmr010.segment.296" starttime="492.471" endtime="496.381" participant="fe008" timing-provenance="dialogueact">
      <nite:child href="Bmr010.F.words.xml#id(Bmr010.w.1,954)..id(Bmr010.w.1,970)"/>
   </segment>
   <segment nite:id="Bmr010.segment.298" starttime="496.457" endtime="496.774" participant="fe008" timing-provenance="segment">
      <nite:child href="Bmr010.F.words.xml#id(Bmr010.vocalsound.116)"/>
   </segment>
   <segment nite:id="Bmr010.segment.299" starttime="496.874" endtime="501.734" participant="fe008" timing-provenance="dialogueact">
      <nite:child href="Bmr010.F.words.xml#id(Bmr010.w.1,971)..id(Bmr010.w.1,987)"/>
   </segment>
   <segment nite:id="Bmr010.segment.300" starttime="501.77" endtime="502.047" participant="fe008" timing-provenance="segment">
      <nite:child href="Bmr010.F.words.xml#id(Bmr010.vocalsound.117)"/>
   </segment>
   <segment nite:id="Bmr010.segment.301" starttime="502.087" endtime="507.777" participant="fe008" timing-provenance="dialogueact">
      <nite:child href="Bmr010.F.words.xml#id(Bmr010.w.1,988)..id(Bmr010.w.2,006)"/>
   </segment>
   <segment nite:id="Bmr010.segment.302" starttime="508.261" endtime="512.921" participant="fe008" timing-provenance="dialogueact">
      <nite:child href="Bmr010.F.words.xml#id(Bmr010.w.2,007)..id(Bmr010.w.2,033)"/>
   </segment>
   <segment nite:id="Bmr010.segment.303" starttime="513.481" endtime="516.301" participant="fe008" timing-provenance="dialogueact">
      <nite:child href="Bmr010.F.words.xml#id(Bmr010.w.2,034)..id(Bmr010.w.2,048)"/>
   </segment>
   <segment nite:id="Bmr010.segment.304" starttime="516.448" endtime="516.748" participant="fe008" timing-provenance="segment">
      <nite:child href="Bmr010.F.words.xml#id(Bmr010.vocalsound.118)"/>
   </segment>
   <segment nite:id="Bmr010.segment.305" starttime="516.788" endtime="522.408" participant="fe008" timing-provenance="dialogueact">
      <nite:child href="Bmr010.F.words.xml#id(Bmr010.w.2,049)..id(Bmr010.w.2,076)"/>
   </segment>
   <segment nite:id="Bmr010.segment.307" starttime="522.445" endtime="522.88" participant="fe008" timing-provenance="segment">
      <nite:child href="Bmr010.F.words.xml#id(Bmr010.vocalsound.119)"/>
   </segment>
   <segment nite:id="Bmr010.segment.308" starttime="522.97" endtime="523.97" participant="fe008" timing-provenance="dialogueact">
      <nite:child href="Bmr010.F.words.xml#id(Bmr010.w.2,081)..id(Bmr010.w.2,086)"/>
   </segment>
   <segment nite:id="Bmr010.segment.309" starttime="524.088" endtime="524.372" participant="fe008" timing-provenance="segment">
      <nite:child href="Bmr010.F.words.xml#id(Bmr010.vocalsound.120)"/>
   </segment>
   <segment nite:id="Bmr010.segment.310" starttime="524.562" endtime="527.962" participant="fe008" timing-provenance="dialogueact">
      <nite:child href="Bmr010.F.words.xml#id(Bmr010.w.2,087)..id(Bmr010.w.2,103)"/>
   </segment>
   <segment nite:id="Bmr010.segment.311" starttime="528.39" endtime="533.989" participant="fe008" timing-provenance="segment">
      <nite:child href="Bmr010.F.words.xml#id(Bmr010.w.2,104)..id(Bmr010.vocalsound.121)"/>
   </segment>
   <segment nite:id="Bmr010.segment.312" starttime="534.029" endtime="538.109" participant="fe008" timing-provenance="dialogueact">
      <nite:child href="Bmr010.F.words.xml#id(Bmr010.w.2,123)..id(Bmr010.w.2,139)"/>
   </segment>
   <segment nite:id="Bmr010.segment.313" starttime="538.524" endtime="543.324" participant="fe008" timing-provenance="dialogueact">
      <nite:child href="Bmr010.F.words.xml#id(Bmr010.w.2,140)..id(Bmr010.w.2,160)"/>
   </segment>
   <segment nite:id="Bmr010.segment.332" starttime="587.521" endtime="588.611" participant="fe008" timing-provenance="dialogueact">
      <nite:child href="Bmr010.F.words.xml#id(Bmr010.w.2,303)..id(Bmr010.w.2,309)"/>
   </segment>
   <segment nite:id="Bmr010.segment.334" starttime="590.679" endtime="591.089" participant="fe008" timing-provenance="dialogueact">
      <nite:child href="Bmr010.F.words.xml#id(Bmr010.w.2,338)..id(Bmr010.w.2,341)"/>
   </segment>
   <segment nite:id="Bmr010.segment.336" starttime="593.87" endtime="594.483" participant="fe008" timing-provenance="segment">
      <nite:child href="Bmr010.F.words.xml#id(Bmr010.vocalsound.133)"/>
   </segment>
   <segment nite:id="Bmr010.segment.342" starttime="602.77" endtime="605.383" participant="fe008" timing-provenance="segment">
      <nite:child href="Bmr010.F.words.xml#id(Bmr010.w.2,380)..id(Bmr010.disfmarker.125)"/>
   </segment>
   <segment nite:id="Bmr010.segment.344" starttime="605.29" endtime="610.64" participant="fe008" timing-provenance="dialogueact">
      <nite:child href="Bmr010.F.words.xml#id(Bmr010.w.2,399)..id(Bmr010.w.2,426)"/>
   </segment>
   <segment nite:id="Bmr010.segment.347" starttime="610.698" endtime="611.742" participant="fe008" timing-provenance="segment">
      <nite:child href="Bmr010.F.words.xml#id(Bmr010.vocalsound.135)..id(Bmr010.disfmarker.129)"/>
   </segment>
   <segment nite:id="Bmr010.segment.348" starttime="613.15" endtime="615.98" participant="fe008" timing-provenance="segment">
      <nite:child href="Bmr010.F.words.xml#id(Bmr010.vocalsound.136)..id(Bmr010.w.2,460)"/>
   </segment>
   <segment nite:id="Bmr010.segment.353" starttime="617.79" endtime="620.728" participant="fe008" timing-provenance="segment">
      <nite:child href="Bmr010.F.words.xml#id(Bmr010.w.2,484)..id(Bmr010.disfmarker.134)"/>
   </segment>
   <segment nite:id="Bmr010.segment.356" starttime="621.514" endtime="622.274" participant="fe008" timing-provenance="dialogueact">
      <nite:child href="Bmr010.F.words.xml#id(Bmr010.w.2,526)..id(Bmr010.w.2,531)"/>
   </segment>
   <segment nite:id="Bmr010.segment.357" starttime="623.376" endtime="624.716" participant="fe008" timing-provenance="dialogueact">
      <nite:child href="Bmr010.F.words.xml#id(Bmr010.w.2,532)..id(Bmr010.w.2,539)"/>
   </segment>
   <segment nite:id="Bmr010.segment.358" starttime="625.911" endtime="627.341" participant="fe008" timing-provenance="dialogueact">
      <nite:child href="Bmr010.F.words.xml#id(Bmr010.w.2,540)..id(Bmr010.w.2,545)"/>
   </segment>
   <segment nite:id="Bmr010.segment.363" starttime="634.578" endtime="635.038" participant="fe008" timing-provenance="dialogueact">
      <nite:child href="Bmr010.F.words.xml#id(Bmr010.w.2,579)..id(Bmr010.w.2,582)"/>
   </segment>
   <segment nite:id="Bmr010.segment.366" starttime="639.246" endtime="639.486" participant="fe008" timing-provenance="dialogueact">
      <nite:child href="Bmr010.F.words.xml#id(Bmr010.w.2,610)..id(Bmr010.w.2,613)"/>
   </segment>
   <segment nite:id="Bmr010.segment.378" starttime="669.702" endtime="669.982" participant="fe008" timing-provenance="dialogueact">
      <nite:child href="Bmr010.F.words.xml#id(Bmr010.w.2,738)..id(Bmr010.w.2,741)"/>
   </segment>
   <segment nite:id="Bmr010.segment.381" starttime="671.79" endtime="673.829" participant="fe008" timing-provenance="segment">
      <nite:child href="Bmr010.F.words.xml#id(Bmr010.vocalsound.144)..id(Bmr010.w.2,753)"/>
   </segment>
   <segment nite:id="Bmr010.segment.382" starttime="673.829" endtime="674.181" participant="fe008" timing-provenance="segment">
      <nite:child href="Bmr010.F.words.xml#id(Bmr010.vocalsound.145)"/>
   </segment>
   <segment nite:id="Bmr010.segment.383" starttime="674.221" endtime="676.211" participant="fe008" timing-provenance="dialogueact">
      <nite:child href="Bmr010.F.words.xml#id(Bmr010.w.2,754)..id(Bmr010.w.2,764)"/>
   </segment>
   <segment nite:id="Bmr010.segment.384" starttime="676.391" endtime="676.857" participant="fe008" timing-provenance="segment">
      <nite:child href="Bmr010.F.words.xml#id(Bmr010.vocalsound.146)"/>
   </segment>
   <segment nite:id="Bmr010.segment.385" starttime="676.857" endtime="681.027" participant="fe008" timing-provenance="segment">
      <nite:child href="Bmr010.F.words.xml#id(Bmr010.w.2,765)..id(Bmr010.nonvocalsound.53)"/>
   </segment>
   <segment nite:id="Bmr010.segment.387" starttime="681.137" endtime="683.537" participant="fe008" timing-provenance="dialogueact">
      <nite:child href="Bmr010.F.words.xml#id(Bmr010.w.2,782)..id(Bmr010.w.2,792)"/>
   </segment>
   <segment nite:id="Bmr010.segment.388" starttime="684.129" endtime="686.989" participant="fe008" timing-provenance="dialogueact">
      <nite:child href="Bmr010.F.words.xml#id(Bmr010.w.2,793)..id(Bmr010.w.2,805)"/>
   </segment>
   <segment nite:id="Bmr010.segment.389" starttime="687.369" endtime="689.239" participant="fe008" timing-provenance="dialogueact">
      <nite:child href="Bmr010.F.words.xml#id(Bmr010.w.2,806)..id(Bmr010.w.2,815)"/>
   </segment>
   <segment nite:id="Bmr010.segment.392" starttime="690.57" endtime="697.97" participant="fe008" timing-provenance="dialogueact">
      <nite:child href="Bmr010.F.words.xml#id(Bmr010.w.2,822)..id(Bmr010.w.2,866)"/>
   </segment>
   <segment nite:id="Bmr010.segment.396" starttime="703.258" endtime="708.401" participant="fe008" timing-provenance="segment">
      <nite:child href="Bmr010.F.words.xml#id(Bmr010.vocalsound.149)..id(Bmr010.disfmarker.149)"/>
   </segment>
   <segment nite:id="Bmr010.segment.398" starttime="708.638" endtime="710.358" participant="fe008" timing-provenance="dialogueact">
      <nite:child href="Bmr010.F.words.xml#id(Bmr010.w.2,912)..id(Bmr010.w.2,921)"/>
   </segment>
   <segment nite:id="Bmr010.segment.401" starttime="710.422" endtime="710.576" participant="fe008" timing-provenance="segment">
      <nite:child href="Bmr010.F.words.xml#id(Bmr010.vocalsound.151)"/>
   </segment>
   <segment nite:id="Bmr010.segment.402" starttime="710.576" endtime="715.325" participant="fe008" timing-provenance="segment">
      <nite:child href="Bmr010.F.words.xml#id(Bmr010.w.2,939)..id(Bmr010.disfmarker.151)"/>
   </segment>
   <segment nite:id="Bmr010.segment.403" starttime="715.585" endtime="723.578" participant="fe008" timing-provenance="segment">
      <nite:child href="Bmr010.F.words.xml#id(Bmr010.w.2,956)..id(Bmr010.vocalsound.152)"/>
   </segment>
   <segment nite:id="Bmr010.segment.407" starttime="723.578" endtime="724.309" participant="fe008" timing-provenance="segment">
      <nite:child href="Bmr010.F.words.xml#id(Bmr010.w.3,010)..id(Bmr010.disfmarker.157)"/>
   </segment>
   <segment nite:id="Bmr010.segment.410" starttime="728.318" endtime="730.578" participant="fe008" timing-provenance="dialogueact">
      <nite:child href="Bmr010.F.words.xml#id(Bmr010.w.3,013)..id(Bmr010.w.3,024)"/>
   </segment>
   <segment nite:id="Bmr010.segment.413" starttime="731.237" endtime="733.987" participant="fe008" timing-provenance="dialogueact">
      <nite:child href="Bmr010.F.words.xml#id(Bmr010.w.3,036)..id(Bmr010.w.3,043)"/>
   </segment>
   <segment nite:id="Bmr010.segment.416" starttime="736.67" endtime="736.82" participant="fe008" timing-provenance="dialogueact">
      <nite:child href="Bmr010.F.words.xml#id(Bmr010.w.3,087)..id(Bmr010.w.3,088)"/>
   </segment>
   <segment nite:id="Bmr010.segment.418" starttime="739.576" endtime="740.957" participant="fe008" timing-provenance="segment">
      <nite:child href="Bmr010.F.words.xml#id(Bmr010.vocalsound.159)..id(Bmr010.w.3,092)"/>
   </segment>
   <segment nite:id="Bmr010.segment.425" starttime="748.876" endtime="749.666" participant="fe008" timing-provenance="dialogueact">
      <nite:child href="Bmr010.F.words.xml#id(Bmr010.w.3,125)..id(Bmr010.w.3,130)"/>
   </segment>
   <segment nite:id="Bmr010.segment.427" starttime="750.425" endtime="750.765" participant="fe008" timing-provenance="dialogueact">
      <nite:child href="Bmr010.F.words.xml#id(Bmr010.w.3,131)..id(Bmr010.w.3,134)"/>
   </segment>
   <segment nite:id="Bmr010.segment.431" starttime="756.608" endtime="756.798" participant="fe008" timing-provenance="dialogueact">
      <nite:child href="Bmr010.F.words.xml#id(Bmr010.w.3,182)..id(Bmr010.w.3,183)"/>
   </segment>
   <segment nite:id="Bmr010.segment.437" starttime="765.387" endtime="766.106" participant="fe008" timing-provenance="segment">
      <nite:child href="Bmr010.F.words.xml#id(Bmr010.w.3,214)..id(Bmr010.vocalsound.166)"/>
   </segment>
   <segment nite:id="Bmr010.segment.444" starttime="775.72" endtime="775.94" participant="fe008" timing-provenance="dialogueact">
      <nite:child href="Bmr010.F.words.xml#id(Bmr010.w.3,279)..id(Bmr010.w.3,282)"/>
   </segment>
   <segment nite:id="Bmr010.segment.449" starttime="784.36" endtime="790.73" participant="fe008" timing-provenance="dialogueact">
      <nite:child href="Bmr010.F.words.xml#id(Bmr010.w.3,310)..id(Bmr010.w.3,337)"/>
   </segment>
   <segment nite:id="Bmr010.segment.450" starttime="790.768" endtime="791.025" participant="fe008" timing-provenance="segment">
      <nite:child href="Bmr010.F.words.xml#id(Bmr010.vocalsound.170)"/>
   </segment>
   <segment nite:id="Bmr010.segment.451" starttime="791.025" endtime="794.073" participant="fe008" timing-provenance="segment">
      <nite:child href="Bmr010.F.words.xml#id(Bmr010.w.3,338)..id(Bmr010.disfmarker.169)"/>
   </segment>
   <segment nite:id="Bmr010.segment.453" starttime="794.7" endtime="796.127" participant="fe008" timing-provenance="segment">
      <nite:child href="Bmr010.F.words.xml#id(Bmr010.w.3,366)..id(Bmr010.disfmarker.170)"/>
   </segment>
   <segment nite:id="Bmr010.segment.454" starttime="796.316" endtime="801.666" participant="fe008" timing-provenance="dialogueact">
      <nite:child href="Bmr010.F.words.xml#id(Bmr010.w.3,371)..id(Bmr010.w.3,393)"/>
   </segment>
   <segment nite:id="Bmr010.segment.455" starttime="802.226" endtime="805.256" participant="fe008" timing-provenance="dialogueact">
      <nite:child href="Bmr010.F.words.xml#id(Bmr010.w.3,394)..id(Bmr010.w.3,407)"/>
   </segment>
   <segment nite:id="Bmr010.segment.456" starttime="805.321" endtime="805.57" participant="fe008" timing-provenance="segment">
      <nite:child href="Bmr010.F.words.xml#id(Bmr010.vocalsound.172)"/>
   </segment>
   <segment nite:id="Bmr010.segment.457" starttime="805.57" endtime="809.811" participant="fe008" timing-provenance="segment">
      <nite:child href="Bmr010.F.words.xml#id(Bmr010.w.3,408)..id(Bmr010.vocalsound.173)"/>
   </segment>
   <segment nite:id="Bmr010.segment.458" starttime="809.851" endtime="810.961" participant="fe008" timing-provenance="dialogueact">
      <nite:child href="Bmr010.F.words.xml#id(Bmr010.w.3,417)..id(Bmr010.w.3,421)"/>
   </segment>
   <segment nite:id="Bmr010.segment.461" starttime="813.408" endtime="814.542" participant="fe008" timing-provenance="segment">
      <nite:child href="Bmr010.F.words.xml#id(Bmr010.vocalsound.175)..id(Bmr010.disfmarker.172)"/>
   </segment>
   <segment nite:id="Bmr010.segment.465" starttime="815.94" endtime="818.23" participant="fe008" timing-provenance="segment">
      <nite:child href="Bmr010.F.words.xml#id(Bmr010.w.3,447)..id(Bmr010.nonvocalsound.78)"/>
   </segment>
   <segment nite:id="Bmr010.segment.467" starttime="818.567" endtime="821.477" participant="fe008" timing-provenance="dialogueact">
      <nite:child href="Bmr010.F.words.xml#id(Bmr010.w.3,468)..id(Bmr010.w.3,482)"/>
   </segment>
   <segment nite:id="Bmr010.segment.470" starttime="821.555" endtime="822.96" participant="fe008" timing-provenance="segment">
      <nite:child href="Bmr010.F.words.xml#id(Bmr010.vocalsound.176)..id(Bmr010.w.3,489)"/>
   </segment>
   <segment nite:id="Bmr010.segment.471" starttime="822.96" endtime="823.24" participant="fe008" timing-provenance="segment">
      <nite:child href="Bmr010.F.words.xml#id(Bmr010.vocalsound.177)"/>
   </segment>
   <segment nite:id="Bmr010.segment.472" starttime="823.29" endtime="827.61" participant="fe008" timing-provenance="dialogueact">
      <nite:child href="Bmr010.F.words.xml#id(Bmr010.w.3,490)..id(Bmr010.w.3,505)"/>
   </segment>
   <segment nite:id="Bmr010.segment.473" starttime="827.651" endtime="831.195" participant="fe008" timing-provenance="segment">
      <nite:child href="Bmr010.F.words.xml#id(Bmr010.vocalsound.178)..id(Bmr010.w.3,516)"/>
   </segment>
   <segment nite:id="Bmr010.segment.476" starttime="831.401" endtime="834.421" participant="fe008" timing-provenance="dialogueact">
      <nite:child href="Bmr010.F.words.xml#id(Bmr010.w.3,519)..id(Bmr010.w.3,531)"/>
   </segment>
   <segment nite:id="Bmr010.segment.478" starttime="834.75" endtime="838.94" participant="fe008" timing-provenance="dialogueact">
      <nite:child href="Bmr010.F.words.xml#id(Bmr010.w.3,536)..id(Bmr010.w.3,551)"/>
   </segment>
   <segment nite:id="Bmr010.segment.481" starttime="844.37" endtime="848.944" participant="fe008" timing-provenance="segment">
      <nite:child href="Bmr010.F.words.xml#id(Bmr010.vocalsound.180)..id(Bmr010.w.3,594)"/>
   </segment>
   <segment nite:id="Bmr010.segment.487" starttime="858.661" endtime="861.021" participant="fe008" timing-provenance="dialogueact">
      <nite:child href="Bmr010.F.words.xml#id(Bmr010.w.3,631)..id(Bmr010.w.3,640)"/>
   </segment>
   <segment nite:id="Bmr010.segment.489" starttime="865.211" endtime="866.441" participant="fe008" timing-provenance="dialogueact">
      <nite:child href="Bmr010.F.words.xml#id(Bmr010.w.3,656)..id(Bmr010.w.3,659)"/>
   </segment>
   <segment nite:id="Bmr010.segment.496" starttime="882.142" endtime="882.672" participant="fe008" timing-provenance="dialogueact">
      <nite:child href="Bmr010.F.words.xml#id(Bmr010.w.3,728)..id(Bmr010.w.3,731)"/>
   </segment>
   <segment nite:id="Bmr010.segment.503" starttime="893.62" endtime="893.95" participant="fe008" timing-provenance="dialogueact">
      <nite:child href="Bmr010.F.words.xml#id(Bmr010.w.3,777)..id(Bmr010.w.3,778)"/>
   </segment>
   <segment nite:id="Bmr010.segment.505" starttime="894.427" endtime="898.081" participant="fe008" timing-provenance="segment">
      <nite:child href="Bmr010.F.words.xml#id(Bmr010.w.3,779)..id(Bmr010.nonvocalsound.84)"/>
   </segment>
   <segment nite:id="Bmr010.segment.512" starttime="908.428" endtime="909.628" participant="fe008" timing-provenance="dialogueact">
      <nite:child href="Bmr010.F.words.xml#id(Bmr010.w.3,835)..id(Bmr010.w.3,838)"/>
   </segment>
   <segment nite:id="Bmr010.segment.518" starttime="914.268" endtime="914.863" participant="fe008" timing-provenance="segment">
      <nite:child href="Bmr010.F.words.xml#id(Bmr010.vocalsound.189)"/>
   </segment>
   <segment nite:id="Bmr010.segment.520" starttime="915.013" endtime="920.013" participant="fe008" timing-provenance="dialogueact">
      <nite:child href="Bmr010.F.words.xml#id(Bmr010.w.3,869)..id(Bmr010.w.3,888)"/>
   </segment>
   <segment nite:id="Bmr010.segment.524" starttime="920.263" endtime="920.993" participant="fe008" timing-provenance="dialogueact">
      <nite:child href="Bmr010.F.words.xml#id(Bmr010.w.3,895)..id(Bmr010.w.3,901)"/>
   </segment>
   <segment nite:id="Bmr010.segment.525" starttime="921.781" endtime="929.624" participant="fe008" timing-provenance="segment">
      <nite:child href="Bmr010.F.words.xml#id(Bmr010.w.3,902)..id(Bmr010.disfmarker.198)"/>
   </segment>
   <segment nite:id="Bmr010.segment.527" starttime="930.24" endtime="931.95" participant="fe008" timing-provenance="dialogueact">
      <nite:child href="Bmr010.F.words.xml#id(Bmr010.w.3,926)..id(Bmr010.w.3,934)"/>
   </segment>
   <segment nite:id="Bmr010.segment.530" starttime="933.768" endtime="934.66" participant="fe008" timing-provenance="segment">
      <nite:child href="Bmr010.F.words.xml#id(Bmr010.w.3,959)..id(Bmr010.w.3,960)"/>
   </segment>
   <segment nite:id="Bmr010.segment.533" starttime="936.712" endtime="937.052" participant="fe008" timing-provenance="dialogueact">
      <nite:child href="Bmr010.F.words.xml#id(Bmr010.w.3,988)..id(Bmr010.w.3,991)"/>
   </segment>
   <segment nite:id="Bmr010.segment.540" starttime="950.39" endtime="950.76" participant="fe008" timing-provenance="dialogueact">
      <nite:child href="Bmr010.F.words.xml#id(Bmr010.w.4,038)..id(Bmr010.w.4,039)"/>
   </segment>
   <segment nite:id="Bmr010.segment.546" starttime="958.894" endtime="959.164" participant="fe008" timing-provenance="dialogueact">
      <nite:child href="Bmr010.F.words.xml#id(Bmr010.w.4,076)..id(Bmr010.w.4,077)"/>
   </segment>
   <segment nite:id="Bmr010.segment.555" starttime="980.101" endtime="980.621" participant="fe008" timing-provenance="dialogueact">
      <nite:child href="Bmr010.F.words.xml#id(Bmr010.w.4,155)..id(Bmr010.w.4,156)"/>
   </segment>
   <segment nite:id="Bmr010.segment.557" starttime="980.676" endtime="980.852" participant="fe008" timing-provenance="segment">
      <nite:child href="Bmr010.F.words.xml#id(Bmr010.vocalsound.201)"/>
   </segment>
   <segment nite:id="Bmr010.segment.558" starttime="980.892" endtime="984.222" participant="fe008" timing-provenance="dialogueact">
      <nite:child href="Bmr010.F.words.xml#id(Bmr010.w.4,159)..id(Bmr010.w.4,177)"/>
   </segment>
   <segment nite:id="Bmr010.segment.560" starttime="984.694" endtime="985.704" participant="fe008" timing-provenance="dialogueact">
      <nite:child href="Bmr010.F.words.xml#id(Bmr010.w.4,178)..id(Bmr010.w.4,180)"/>
   </segment>
   <segment nite:id="Bmr010.segment.562" starttime="986.249" endtime="991.989" participant="fe008" timing-provenance="dialogueact">
      <nite:child href="Bmr010.F.words.xml#id(Bmr010.w.4,185)..id(Bmr010.w.4,208)"/>
   </segment>
   <segment nite:id="Bmr010.segment.564" starttime="992.642" endtime="995.122" participant="fe008" timing-provenance="dialogueact">
      <nite:child href="Bmr010.F.words.xml#id(Bmr010.w.4,209)..id(Bmr010.w.4,218)"/>
   </segment>
   <segment nite:id="Bmr010.segment.568" starttime="996.284" endtime="996.454" participant="fe008" timing-provenance="dialogueact">
      <nite:child href="Bmr010.F.words.xml#id(Bmr010.w.4,231)..id(Bmr010.w.4,232)"/>
   </segment>
   <segment nite:id="Bmr010.segment.571" starttime="1001.55" endtime="1001.86" participant="fe008" timing-provenance="dialogueact">
      <nite:child href="Bmr010.F.words.xml#id(Bmr010.w.4,272)..id(Bmr010.w.4,275)"/>
   </segment>
   <segment nite:id="Bmr010.segment.576" starttime="1006.03" endtime="1006.32" participant="fe008" timing-provenance="dialogueact">
      <nite:child href="Bmr010.F.words.xml#id(Bmr010.w.4,285)..id(Bmr010.w.4,286)"/>
   </segment>
   <segment nite:id="Bmr010.segment.582" starttime="1016.7" endtime="1016.81" participant="fe008" timing-provenance="dialogueact">
      <nite:child href="Bmr010.F.words.xml#id(Bmr010.w.4,332)..id(Bmr010.w.4,333)"/>
   </segment>
   <segment nite:id="Bmr010.segment.589" starttime="1034.64" endtime="1034.95" participant="fe008" timing-provenance="dialogueact">
      <nite:child href="Bmr010.F.words.xml#id(Bmr010.w.4,417)..id(Bmr010.w.4,420)"/>
   </segment>
   <segment nite:id="Bmr010.segment.592" starttime="1037.903" endtime="1038.401" participant="fe008" timing-provenance="segment">
      <nite:child href="Bmr010.F.words.xml#id(Bmr010.vocalsound.206)"/>
   </segment>
   <segment nite:id="Bmr010.segment.594" starttime="1043.382" endtime="1043.857" participant="fe008" timing-provenance="segment">
      <nite:child href="Bmr010.F.words.xml#id(Bmr010.vocalsound.207)"/>
   </segment>
   <segment nite:id="Bmr010.segment.596" starttime="1044.63" endtime="1047.864" participant="fe008" timing-provenance="segment">
      <nite:child href="Bmr010.F.words.xml#id(Bmr010.w.4,450)..id(Bmr010.nonvocalsound.93)"/>
   </segment>
   <segment nite:id="Bmr010.segment.598" starttime="1047.864" endtime="1048.252" participant="fe008" timing-provenance="segment">
      <nite:child href="Bmr010.F.words.xml#id(Bmr010.vocalsound.209)"/>
   </segment>
   <segment nite:id="Bmr010.segment.599" starttime="1048.37" endtime="1053.34" participant="fe008" timing-provenance="dialogueact">
      <nite:child href="Bmr010.F.words.xml#id(Bmr010.w.4,465)..id(Bmr010.w.4,481)"/>
   </segment>
   <segment nite:id="Bmr010.segment.600" starttime="1053.445" endtime="1053.718" participant="fe008" timing-provenance="segment">
      <nite:child href="Bmr010.F.words.xml#id(Bmr010.vocalsound.210)"/>
   </segment>
   <segment nite:id="Bmr010.segment.601" starttime="1053.718" endtime="1054.817" participant="fe008" timing-provenance="segment">
      <nite:child href="Bmr010.F.words.xml#id(Bmr010.w.4,482)..id(Bmr010.disfmarker.242)"/>
   </segment>
   <segment nite:id="Bmr010.segment.604" starttime="1058.6" endtime="1063.24" participant="fe008" timing-provenance="dialogueact">
      <nite:child href="Bmr010.F.words.xml#id(Bmr010.w.4,506)..id(Bmr010.w.4,525)"/>
   </segment>
   <segment nite:id="Bmr010.segment.605" starttime="1063.54" endtime="1068.04" participant="fe008" timing-provenance="dialogueact">
      <nite:child href="Bmr010.F.words.xml#id(Bmr010.w.4,526)..id(Bmr010.w.4,542)"/>
   </segment>
   <segment nite:id="Bmr010.segment.606" starttime="1068.34" endtime="1072.35" participant="fe008" timing-provenance="dialogueact">
      <nite:child href="Bmr010.F.words.xml#id(Bmr010.w.4,543)..id(Bmr010.w.4,563)"/>
   </segment>
   <segment nite:id="Bmr010.segment.608" starttime="1072.477" endtime="1072.843" participant="fe008" timing-provenance="segment">
      <nite:child href="Bmr010.F.words.xml#id(Bmr010.vocalsound.211)"/>
   </segment>
   <segment nite:id="Bmr010.segment.609" starttime="1072.88" endtime="1075.88" participant="fe008" timing-provenance="dialogueact">
      <nite:child href="Bmr010.F.words.xml#id(Bmr010.w.4,568)..id(Bmr010.w.4,578)"/>
   </segment>
   <segment nite:id="Bmr010.segment.610" starttime="1076.042" endtime="1079.32" participant="fe008" timing-provenance="segment">
      <nite:child href="Bmr010.F.words.xml#id(Bmr010.w.4,579)..id(Bmr010.nonvocalsound.102)"/>
   </segment>
   <segment nite:id="Bmr010.segment.618" starttime="1090.406" endtime="1092.408" participant="fe008" timing-provenance="segment">
      <nite:child href="Bmr010.F.words.xml#id(Bmr010.w.4,639)..id(Bmr010.disfmarker.245)"/>
   </segment>
   <segment nite:id="Bmr010.segment.623" starttime="1092.71" endtime="1094.32" participant="fe008" timing-provenance="dialogueact">
      <nite:child href="Bmr010.F.words.xml#id(Bmr010.w.4,657)..id(Bmr010.w.4,667)"/>
   </segment>
   <segment nite:id="Bmr010.segment.625" starttime="1094.488" endtime="1094.981" participant="fe008" timing-provenance="segment">
      <nite:child href="Bmr010.F.words.xml#id(Bmr010.vocalsound.216)"/>
   </segment>
   <segment nite:id="Bmr010.segment.626" starttime="1094.981" endtime="1096.466" participant="fe008" timing-provenance="segment">
      <nite:child href="Bmr010.F.words.xml#id(Bmr010.w.4,668)..id(Bmr010.disfmarker.250)"/>
   </segment>
   <segment nite:id="Bmr010.segment.637" starttime="1110.565" endtime="1113.196" participant="fe008" timing-provenance="segment">
      <nite:child href="Bmr010.F.words.xml#id(Bmr010.vocalsound.220)..id(Bmr010.w.4,763)"/>
   </segment>
   <segment nite:id="Bmr010.segment.641" starttime="1113.196" endtime="1115.866" participant="fe008" timing-provenance="segment">
      <nite:child href="Bmr010.F.words.xml#id(Bmr010.vocalsound.221)..id(Bmr010.vocalsound.222)"/>
   </segment>
   <segment nite:id="Bmr010.segment.643" starttime="1115.866" endtime="1119.891" participant="fe008" timing-provenance="segment">
      <nite:child href="Bmr010.F.words.xml#id(Bmr010.w.4,790)..id(Bmr010.vocalsound.223)"/>
   </segment>
   <segment nite:id="Bmr010.segment.645" starttime="1119.97" endtime="1125.49" participant="fe008" timing-provenance="dialogueact">
      <nite:child href="Bmr010.F.words.xml#id(Bmr010.w.4,811)..id(Bmr010.w.4,839)"/>
   </segment>
   <segment nite:id="Bmr010.segment.647" starttime="1125.96" endtime="1128.07" participant="fe008" timing-provenance="dialogueact">
      <nite:child href="Bmr010.F.words.xml#id(Bmr010.w.4,844)..id(Bmr010.w.4,856)"/>
   </segment>
   <segment nite:id="Bmr010.segment.648" starttime="1128.127" endtime="1128.292" participant="fe008" timing-provenance="segment">
      <nite:child href="Bmr010.F.words.xml#id(Bmr010.vocalsound.224)"/>
   </segment>
   <segment nite:id="Bmr010.segment.649" starttime="1128.292" endtime="1130.542" participant="fe008" timing-provenance="segment">
      <nite:child href="Bmr010.F.words.xml#id(Bmr010.w.4,857)..id(Bmr010.disfmarker.260)"/>
   </segment>
   <segment nite:id="Bmr010.segment.650" starttime="1131.24" endtime="1132.837" participant="fe008" timing-provenance="segment">
      <nite:child href="Bmr010.F.words.xml#id(Bmr010.w.4,864)..id(Bmr010.disfmarker.261)"/>
   </segment>
   <segment nite:id="Bmr010.segment.651" starttime="1133.016" endtime="1141.369" participant="fe008" timing-provenance="segment">
      <nite:child href="Bmr010.F.words.xml#id(Bmr010.w.4,871)..id(Bmr010.disfmarker.262)"/>
   </segment>
   <segment nite:id="Bmr010.segment.653" starttime="1141.369" endtime="1143.338" participant="fe008" timing-provenance="segment">
      <nite:child href="Bmr010.F.words.xml#id(Bmr010.w.4,905)..id(Bmr010.comment.7)"/>
   </segment>
   <segment nite:id="Bmr010.segment.656" starttime="1145.18" endtime="1145.45" participant="fe008" timing-provenance="dialogueact">
      <nite:child href="Bmr010.F.words.xml#id(Bmr010.w.4,925)..id(Bmr010.w.4,926)"/>
   </segment>
   <segment nite:id="Bmr010.segment.660" starttime="1150.11" endtime="1151.95" participant="fe008" timing-provenance="dialogueact">
      <nite:child href="Bmr010.F.words.xml#id(Bmr010.w.4,950)..id(Bmr010.w.4,955)"/>
   </segment>
   <segment nite:id="Bmr010.segment.663" starttime="1156.27" endtime="1156.98" participant="fe008" timing-provenance="dialogueact">
      <nite:child href="Bmr010.F.words.xml#id(Bmr010.w.4,998)..id(Bmr010.w.5,001)"/>
   </segment>
   <segment nite:id="Bmr010.segment.668" starttime="1160.519" endtime="1161.416" participant="fe008" timing-provenance="segment">
      <nite:child href="Bmr010.F.words.xml#id(Bmr010.vocalsound.229)..id(Bmr010.w.5,026)"/>
   </segment>
   <segment nite:id="Bmr010.segment.670" starttime="1162.4" endtime="1163.63" participant="fe008" timing-provenance="dialogueact">
      <nite:child href="Bmr010.F.words.xml#id(Bmr010.w.5,029)..id(Bmr010.w.5,038)"/>
   </segment>
   <segment nite:id="Bmr010.segment.686" starttime="1173.653" endtime="1176.412" participant="fe008" timing-provenance="segment">
      <nite:child href="Bmr010.F.words.xml#id(Bmr010.vocalsound.239)..id(Bmr010.w.5,118)"/>
   </segment>
   <segment nite:id="Bmr010.segment.693" starttime="1187.47" endtime="1188.47" participant="fe008" timing-provenance="dialogueact">
      <nite:child href="Bmr010.F.words.xml#id(Bmr010.w.5,153)..id(Bmr010.w.5,159)"/>
   </segment>
   <segment nite:id="Bmr010.segment.723" starttime="1239.34" endtime="1240.57" participant="fe008" timing-provenance="dialogueact">
      <nite:child href="Bmr010.F.words.xml#id(Bmr010.w.5,387)..id(Bmr010.w.5,394)"/>
   </segment>
   <segment nite:id="Bmr010.segment.724" starttime="1240.89" endtime="1242.39" participant="fe008" timing-provenance="dialogueact">
      <nite:child href="Bmr010.F.words.xml#id(Bmr010.w.5,395)..id(Bmr010.w.5,402)"/>
   </segment>
   <segment nite:id="Bmr010.segment.727" starttime="1244.6" endtime="1244.88" participant="fe008" timing-provenance="dialogueact">
      <nite:child href="Bmr010.F.words.xml#id(Bmr010.w.5,412)..id(Bmr010.w.5,415)"/>
   </segment>
   <segment nite:id="Bmr010.segment.741" starttime="1264.949" endtime="1265.857" participant="fe008" timing-provenance="segment">
      <nite:child href="Bmr010.F.words.xml#id(Bmr010.vocalsound.255)..id(Bmr010.w.5,513)"/>
   </segment>
   <segment nite:id="Bmr010.segment.745" starttime="1274.545" endtime="1275.475" participant="fe008" timing-provenance="segment">
      <nite:child href="Bmr010.F.words.xml#id(Bmr010.vocalsound.257)"/>
   </segment>
   <segment nite:id="Bmr010.segment.785" starttime="1351.86" endtime="1352.3" participant="fe008" timing-provenance="dialogueact">
      <nite:child href="Bmr010.F.words.xml#id(Bmr010.w.5,860)..id(Bmr010.w.5,861)"/>
   </segment>
   <segment nite:id="Bmr010.segment.799" starttime="1370.173" endtime="1372.425" participant="fe008" timing-provenance="segment">
      <nite:child href="Bmr010.F.words.xml#id(Bmr010.nonvocalsound.121)"/>
   </segment>
   <segment nite:id="Bmr010.segment.808" starttime="1378.94" endtime="1380.57" participant="fe008" timing-provenance="segment">
      <nite:child href="Bmr010.F.words.xml#id(Bmr010.vocalsound.280)..id(Bmr010.comment.9)"/>
   </segment>
   <segment nite:id="Bmr010.segment.835" starttime="1407.609" endtime="1408.745" participant="fe008" timing-provenance="segment">
      <nite:child href="Bmr010.F.words.xml#id(Bmr010.w.6,094)..id(Bmr010.comment.11)"/>
   </segment>
   <segment nite:id="Bmr010.segment.836" starttime="1408.745" endtime="1409.278" participant="fe008" timing-provenance="segment">
      <nite:child href="Bmr010.F.words.xml#id(Bmr010.vocalsound.303)"/>
   </segment>
   <segment nite:id="Bmr010.segment.838" starttime="1409.278" endtime="1411.891" participant="fe008" timing-provenance="segment">
      <nite:child href="Bmr010.F.words.xml#id(Bmr010.w.6,098)..id(Bmr010.vocalsound.304)"/>
   </segment>
   <segment nite:id="Bmr010.segment.839" starttime="1411.93" endtime="1418.35" participant="fe008" timing-provenance="dialogueact">
      <nite:child href="Bmr010.F.words.xml#id(Bmr010.w.6,110)..id(Bmr010.w.6,136)"/>
   </segment>
   <segment nite:id="Bmr010.segment.842" starttime="1418.28" endtime="1422.517" participant="fe008" timing-provenance="segment">
      <nite:child href="Bmr010.F.words.xml#id(Bmr010.w.6,139)..id(Bmr010.disfmarker.332)"/>
   </segment>
   <segment nite:id="Bmr010.segment.845" starttime="1423.165" endtime="1424.454" participant="fe008" timing-provenance="segment">
      <nite:child href="Bmr010.F.words.xml#id(Bmr010.w.6,185)..id(Bmr010.disfmarker.335)"/>
   </segment>
   <segment nite:id="Bmr010.segment.846" starttime="1424.85" endtime="1425.12" participant="fe008" timing-provenance="dialogueact">
      <nite:child href="Bmr010.F.words.xml#id(Bmr010.w.6,193)..id(Bmr010.w.6,194)"/>
   </segment>
   <segment nite:id="Bmr010.segment.853" starttime="1433.11" endtime="1435.09" participant="fe008" timing-provenance="segment">
      <nite:child href="Bmr010.F.words.xml#id(Bmr010.vocalsound.309)"/>
   </segment>
   <segment nite:id="Bmr010.segment.857" starttime="1438.41" endtime="1439.685" participant="fe008" timing-provenance="segment">
      <nite:child href="Bmr010.F.words.xml#id(Bmr010.vocalsound.311)"/>
   </segment>
   <segment nite:id="Bmr010.segment.861" starttime="1440.63" endtime="1441.57" participant="fe008" timing-provenance="dialogueact">
      <nite:child href="Bmr010.F.words.xml#id(Bmr010.w.6,269)..id(Bmr010.w.6,274)"/>
   </segment>
   <segment nite:id="Bmr010.segment.865" starttime="1449.24" endtime="1449.39" participant="fe008" timing-provenance="dialogueact">
      <nite:child href="Bmr010.F.words.xml#id(Bmr010.w.6,318)..id(Bmr010.w.6,319)"/>
   </segment>
   <segment nite:id="Bmr010.segment.868" starttime="1451.22" endtime="1452.1" participant="fe008" timing-provenance="segment">
      <nite:child href="Bmr010.F.words.xml#id(Bmr010.vocalsound.315)..id(Bmr010.w.6,328)"/>
   </segment>
   <segment nite:id="Bmr010.segment.874" starttime="1458.847" endtime="1463.515" participant="fe008" timing-provenance="segment">
      <nite:child href="Bmr010.F.words.xml#id(Bmr010.vocalsound.317)..id(Bmr010.vocalsound.318)"/>
   </segment>
   <segment nite:id="Bmr010.segment.875" starttime="1463.56" endtime="1465.89" participant="fe008" timing-provenance="dialogueact">
      <nite:child href="Bmr010.F.words.xml#id(Bmr010.w.6,388)..id(Bmr010.w.6,398)"/>
   </segment>
   <segment nite:id="Bmr010.segment.877" starttime="1466.33" endtime="1469.09" participant="fe008" timing-provenance="dialogueact">
      <nite:child href="Bmr010.F.words.xml#id(Bmr010.w.6,401)..id(Bmr010.w.6,409)"/>
   </segment>
   <segment nite:id="Bmr010.segment.881" starttime="1473.842" endtime="1476.494" participant="fe008" timing-provenance="segment">
      <nite:child href="Bmr010.F.words.xml#id(Bmr010.vocalsound.319)..id(Bmr010.vocalsound.320)"/>
   </segment>
   <segment nite:id="Bmr010.segment.884" starttime="1476.494" endtime="1482.865" participant="fe008" timing-provenance="segment">
      <nite:child href="Bmr010.F.words.xml#id(Bmr010.vocalsound.322)..id(Bmr010.disfmarker.346)"/>
   </segment>
   <segment nite:id="Bmr010.segment.892" starttime="1483.39" endtime="1485.647" participant="fe008" timing-provenance="segment">
      <nite:child href="Bmr010.F.words.xml#id(Bmr010.w.6,494)..id(Bmr010.disfmarker.349)"/>
   </segment>
   <segment nite:id="Bmr010.segment.895" starttime="1485.647" endtime="1485.91" participant="fe008" timing-provenance="segment">
      <nite:child href="Bmr010.F.words.xml#id(Bmr010.vocalsound.329)"/>
   </segment>
   <segment nite:id="Bmr010.segment.896" starttime="1485.91" endtime="1490.373" participant="fe008" timing-provenance="segment">
      <nite:child href="Bmr010.F.words.xml#id(Bmr010.w.6,510)..id(Bmr010.disfmarker.353)"/>
   </segment>
   <segment nite:id="Bmr010.segment.898" starttime="1490.984" endtime="1491.97" participant="fe008" timing-provenance="segment">
      <nite:child href="Bmr010.F.words.xml#id(Bmr010.vocalsound.330)"/>
   </segment>
   <segment nite:id="Bmr010.segment.904" starttime="1491.97" endtime="1492.536" participant="fe008" timing-provenance="segment">
      <nite:child href="Bmr010.F.words.xml#id(Bmr010.vocalsound.336)"/>
   </segment>
   <segment nite:id="Bmr010.segment.905" starttime="1492.63" endtime="1495.33" participant="fe008" timing-provenance="dialogueact">
      <nite:child href="Bmr010.F.words.xml#id(Bmr010.w.6,537)..id(Bmr010.w.6,547)"/>
   </segment>
   <segment nite:id="Bmr010.segment.911" starttime="1498.16" endtime="1499.0" participant="fe008" timing-provenance="dialogueact">
      <nite:child href="Bmr010.F.words.xml#id(Bmr010.w.6,556)..id(Bmr010.w.6,559)"/>
   </segment>
   <segment nite:id="Bmr010.segment.913" starttime="1500.389" endtime="1503.911" participant="fe008" timing-provenance="segment">
      <nite:child href="Bmr010.F.words.xml#id(Bmr010.vocalsound.342)..id(Bmr010.w.6,578)"/>
   </segment>
   <segment nite:id="Bmr010.segment.916" starttime="1503.911" endtime="1504.188" participant="fe008" timing-provenance="segment">
      <nite:child href="Bmr010.F.words.xml#id(Bmr010.vocalsound.343)"/>
   </segment>
   <segment nite:id="Bmr010.segment.917" starttime="1504.23" endtime="1506.86" participant="fe008" timing-provenance="dialogueact">
      <nite:child href="Bmr010.F.words.xml#id(Bmr010.w.6,582)..id(Bmr010.w.6,592)"/>
   </segment>
   <segment nite:id="Bmr010.segment.932" starttime="1531.366" endtime="1531.88" participant="fe008" timing-provenance="segment">
      <nite:child href="Bmr010.F.words.xml#id(Bmr010.vocalsound.350)"/>
   </segment>
   <segment nite:id="Bmr010.segment.933" starttime="1531.88" endtime="1536.942" participant="fe008" timing-provenance="segment">
      <nite:child href="Bmr010.F.words.xml#id(Bmr010.vocalsound.351)..id(Bmr010.w.6,706)"/>
   </segment>
   <segment nite:id="Bmr010.segment.937" starttime="1537.148" endtime="1540.563" participant="fe008" timing-provenance="segment">
      <nite:child href="Bmr010.F.words.xml#id(Bmr010.w.6,711)..id(Bmr010.vocalsound.352)"/>
   </segment>
   <segment nite:id="Bmr010.segment.939" starttime="1540.6" endtime="1545.99" participant="fe008" timing-provenance="dialogueact">
      <nite:child href="Bmr010.F.words.xml#id(Bmr010.w.6,731)..id(Bmr010.w.6,755)"/>
   </segment>
   <segment nite:id="Bmr010.segment.941" starttime="1546.084" endtime="1546.442" participant="fe008" timing-provenance="segment">
      <nite:child href="Bmr010.F.words.xml#id(Bmr010.vocalsound.353)"/>
   </segment>
   <segment nite:id="Bmr010.segment.942" starttime="1546.442" endtime="1550.083" participant="fe008" timing-provenance="segment">
      <nite:child href="Bmr010.F.words.xml#id(Bmr010.w.6,760)..id(Bmr010.comment.16)"/>
   </segment>
   <segment nite:id="Bmr010.segment.944" starttime="1550.083" endtime="1550.713" participant="fe008" timing-provenance="segment">
      <nite:child href="Bmr010.F.words.xml#id(Bmr010.vocalsound.354)"/>
   </segment>
   <segment nite:id="Bmr010.segment.945" starttime="1550.76" endtime="1554.53" participant="fe008" timing-provenance="dialogueact">
      <nite:child href="Bmr010.F.words.xml#id(Bmr010.w.6,781)..id(Bmr010.w.6,797)"/>
   </segment>
   <segment nite:id="Bmr010.segment.946" starttime="1555.02" endtime="1560.9" participant="fe008" timing-provenance="dialogueact">
      <nite:child href="Bmr010.F.words.xml#id(Bmr010.w.6,798)..id(Bmr010.w.6,822)"/>
   </segment>
   <segment nite:id="Bmr010.segment.947" starttime="1561.418" endtime="1561.89" participant="fe008" timing-provenance="segment">
      <nite:child href="Bmr010.F.words.xml#id(Bmr010.w.6,823)..id(Bmr010.comment.18)"/>
   </segment>
   <segment nite:id="Bmr010.segment.948" starttime="1562.229" endtime="1566.057" participant="fe008" timing-provenance="segment">
      <nite:child href="Bmr010.F.words.xml#id(Bmr010.w.6,824)..id(Bmr010.disfmarker.371)"/>
   </segment>
   <segment nite:id="Bmr010.segment.950" starttime="1566.057" endtime="1566.266" participant="fe008" timing-provenance="segment">
      <nite:child href="Bmr010.F.words.xml#id(Bmr010.vocalsound.357)"/>
   </segment>
   <segment nite:id="Bmr010.segment.951" starttime="1566.31" endtime="1571.96" participant="fe008" timing-provenance="dialogueact">
      <nite:child href="Bmr010.F.words.xml#id(Bmr010.w.6,837)..id(Bmr010.w.6,866)"/>
   </segment>
   <segment nite:id="Bmr010.segment.957" starttime="1574.24" endtime="1574.45" participant="fe008" timing-provenance="dialogueact">
      <nite:child href="Bmr010.F.words.xml#id(Bmr010.w.6,896)..id(Bmr010.w.6,897)"/>
   </segment>
   <segment nite:id="Bmr010.segment.958" starttime="1575.26" endtime="1575.48" participant="fe008" timing-provenance="dialogueact">
      <nite:child href="Bmr010.F.words.xml#id(Bmr010.w.6,898)..id(Bmr010.w.6,899)"/>
   </segment>
   <segment nite:id="Bmr010.segment.959" starttime="1576.18" endtime="1576.48" participant="fe008" timing-provenance="dialogueact">
      <nite:child href="Bmr010.F.words.xml#id(Bmr010.w.6,900)..id(Bmr010.w.6,901)"/>
   </segment>
   <segment nite:id="Bmr010.segment.969" starttime="1590.4" endtime="1590.76" participant="fe008" timing-provenance="dialogueact">
      <nite:child href="Bmr010.F.words.xml#id(Bmr010.w.6,966)..id(Bmr010.w.6,967)"/>
   </segment>
   <segment nite:id="Bmr010.segment.971" starttime="1591.361" endtime="1592.615" participant="fe008" timing-provenance="segment">
      <nite:child href="Bmr010.F.words.xml#id(Bmr010.vocalsound.364)..id(Bmr010.disfmarker.380)"/>
   </segment>
   <segment nite:id="Bmr010.segment.973" starttime="1593.88" endtime="1596.71" participant="fe008" timing-provenance="dialogueact">
      <nite:child href="Bmr010.F.words.xml#id(Bmr010.w.6,991)..id(Bmr010.w.7,009)"/>
   </segment>
   <segment nite:id="Bmr010.segment.976" starttime="1596.91" endtime="1599.86" participant="fe008" timing-provenance="dialogueact">
      <nite:child href="Bmr010.F.words.xml#id(Bmr010.w.7,014)..id(Bmr010.w.7,025)"/>
   </segment>
   <segment nite:id="Bmr010.segment.978" starttime="1600.22" endtime="1605.43" participant="fe008" timing-provenance="dialogueact">
      <nite:child href="Bmr010.F.words.xml#id(Bmr010.w.7,030)..id(Bmr010.w.7,057)"/>
   </segment>
   <segment nite:id="Bmr010.segment.984" starttime="1611.732" endtime="1613.191" participant="fe008" timing-provenance="segment">
      <nite:child href="Bmr010.F.words.xml#id(Bmr010.vocalsound.367)..id(Bmr010.comment.19)"/>
   </segment>
   <segment nite:id="Bmr010.segment.991" starttime="1612.45" endtime="1612.71" participant="fe008" timing-provenance="dialogueact">
      <nite:child href="Bmr010.F.words.xml#id(Bmr010.w.7,120)..id(Bmr010.w.7,121)"/>
   </segment>
   <segment nite:id="Bmr010.segment.996" starttime="1624.863" endtime="1627.847" participant="fe008" timing-provenance="segment">
      <nite:child href="Bmr010.F.words.xml#id(Bmr010.vocalsound.374)..id(Bmr010.w.7,145)"/>
   </segment>
   <segment nite:id="Bmr010.segment.1,028" starttime="1671.73" endtime="1673.07" participant="fe008" timing-provenance="dialogueact">
      <nite:child href="Bmr010.F.words.xml#id(Bmr010.w.7,358)..id(Bmr010.w.7,361)"/>
   </segment>
   <segment nite:id="Bmr010.segment.1,046" starttime="1694.607" endtime="1695.94" participant="fe008" timing-provenance="segment">
      <nite:child href="Bmr010.F.words.xml#id(Bmr010.vocalsound.389)"/>
   </segment>
   <segment nite:id="Bmr010.segment.1,071" starttime="1728.223" endtime="1729.203" participant="fe008" timing-provenance="segment">
      <nite:child href="Bmr010.F.words.xml#id(Bmr010.w.7,623)..id(Bmr010.comment.26)"/>
   </segment>
   <segment nite:id="Bmr010.segment.1,074" starttime="1729.737" endtime="1730.093" participant="fe008" timing-provenance="segment">
      <nite:child href="Bmr010.F.words.xml#id(Bmr010.vocalsound.396)"/>
   </segment>
   <segment nite:id="Bmr010.segment.1,085" starttime="1740.02" endtime="1740.17" participant="fe008" timing-provenance="dialogueact">
      <nite:child href="Bmr010.F.words.xml#id(Bmr010.w.7,655)..id(Bmr010.w.7,656)"/>
   </segment>
   <segment nite:id="Bmr010.segment.1,086" starttime="1742.1" endtime="1747.086" participant="fe008" timing-provenance="segment">
      <nite:child href="Bmr010.F.words.xml#id(Bmr010.vocalsound.401)..id(Bmr010.w.7,676)"/>
   </segment>
   <segment nite:id="Bmr010.segment.1,088" starttime="1747.18" endtime="1751.32" participant="fe008" timing-provenance="dialogueact">
      <nite:child href="Bmr010.F.words.xml#id(Bmr010.w.7,677)..id(Bmr010.w.7,700)"/>
   </segment>
   <segment nite:id="Bmr010.segment.1,092" starttime="1751.952" endtime="1753.139" participant="fe008" timing-provenance="segment">
      <nite:child href="Bmr010.F.words.xml#id(Bmr010.w.7,720)..id(Bmr010.disfmarker.425)"/>
   </segment>
   <segment nite:id="Bmr010.segment.1,098" starttime="1759.85" endtime="1760.63" participant="fe008" timing-provenance="dialogueact">
      <nite:child href="Bmr010.F.words.xml#id(Bmr010.w.7,753)..id(Bmr010.w.7,756)"/>
   </segment>
   <segment nite:id="Bmr010.segment.1,103" starttime="1768.833" endtime="1770.957" participant="fe008" timing-provenance="segment">
      <nite:child href="Bmr010.F.words.xml#id(Bmr010.vocalsound.408)..id(Bmr010.w.7,801)"/>
   </segment>
   <segment nite:id="Bmr010.segment.1,111" starttime="1774.48" endtime="1775.706" participant="fe008" timing-provenance="segment">
      <nite:child href="Bmr010.F.words.xml#id(Bmr010.vocalsound.417)"/>
   </segment>
   <segment nite:id="Bmr010.segment.1,115" starttime="1784.449" endtime="1785.513" participant="fe008" timing-provenance="segment">
      <nite:child href="Bmr010.F.words.xml#id(Bmr010.vocalsound.419)..id(Bmr010.w.7,865)"/>
   </segment>
   <segment nite:id="Bmr010.segment.1,116" starttime="1785.58" endtime="1792.91" participant="fe008" timing-provenance="dialogueact">
      <nite:child href="Bmr010.F.words.xml#id(Bmr010.w.7,866)..id(Bmr010.w.7,896)"/>
   </segment>
   <segment nite:id="Bmr010.segment.1,117" starttime="1792.976" endtime="1793.28" participant="fe008" timing-provenance="segment">
      <nite:child href="Bmr010.F.words.xml#id(Bmr010.vocalsound.420)"/>
   </segment>
   <segment nite:id="Bmr010.segment.1,118" starttime="1793.28" endtime="1802.091" participant="fe008" timing-provenance="segment">
      <nite:child href="Bmr010.F.words.xml#id(Bmr010.w.7,897)..id(Bmr010.vocalsound.421)"/>
   </segment>
   <segment nite:id="Bmr010.segment.1,124" starttime="1802.15" endtime="1804.64" participant="fe008" timing-provenance="dialogueact">
      <nite:child href="Bmr010.F.words.xml#id(Bmr010.w.7,936)..id(Bmr010.w.7,948)"/>
   </segment>
   <segment nite:id="Bmr010.segment.1,127" starttime="1805.19" endtime="1807.38" participant="fe008" timing-provenance="dialogueact">
      <nite:child href="Bmr010.F.words.xml#id(Bmr010.w.7,960)..id(Bmr010.w.7,975)"/>
   </segment>
   <segment nite:id="Bmr010.segment.1,130" starttime="1807.551" endtime="1807.85" participant="fe008" timing-provenance="segment">
      <nite:child href="Bmr010.F.words.xml#id(Bmr010.vocalsound.429)"/>
   </segment>
   <segment nite:id="Bmr010.segment.1,131" starttime="1807.89" endtime="1808.57" participant="fe008" timing-provenance="dialogueact">
      <nite:child href="Bmr010.F.words.xml#id(Bmr010.w.7,976)..id(Bmr010.w.7,980)"/>
   </segment>
   <segment nite:id="Bmr010.segment.1,132" starttime="1808.89" endtime="1813.68" participant="fe008" timing-provenance="dialogueact">
      <nite:child href="Bmr010.F.words.xml#id(Bmr010.w.7,981)..id(Bmr010.w.8,002)"/>
   </segment>
   <segment nite:id="Bmr010.segment.1,133" starttime="1813.94" endtime="1818.88" participant="fe008" timing-provenance="dialogueact">
      <nite:child href="Bmr010.F.words.xml#id(Bmr010.w.8,003)..id(Bmr010.w.8,023)"/>
   </segment>
   <segment nite:id="Bmr010.segment.1,135" starttime="1819.029" endtime="1819.291" participant="fe008" timing-provenance="segment">
      <nite:child href="Bmr010.F.words.xml#id(Bmr010.vocalsound.430)"/>
   </segment>
   <segment nite:id="Bmr010.segment.1,136" starttime="1819.4" endtime="1821.26" participant="fe008" timing-provenance="dialogueact">
      <nite:child href="Bmr010.F.words.xml#id(Bmr010.w.8,030)..id(Bmr010.w.8,036)"/>
   </segment>
   <segment nite:id="Bmr010.segment.1,137" starttime="1821.345" endtime="1826.362" participant="fe008" timing-provenance="segment">
      <nite:child href="Bmr010.F.words.xml#id(Bmr010.w.8,037)..id(Bmr010.disfmarker.445)"/>
   </segment>
   <segment nite:id="Bmr010.segment.1,138" starttime="1826.362" endtime="1826.591" participant="fe008" timing-provenance="segment">
      <nite:child href="Bmr010.F.words.xml#id(Bmr010.vocalsound.431)"/>
   </segment>
   <segment nite:id="Bmr010.segment.1,139" starttime="1826.69" endtime="1830.92" participant="fe008" timing-provenance="dialogueact">
      <nite:child href="Bmr010.F.words.xml#id(Bmr010.w.8,059)..id(Bmr010.w.8,080)"/>
   </segment>
   <segment nite:id="Bmr010.segment.1,140" starttime="1830.97" endtime="1831.275" participant="fe008" timing-provenance="segment">
      <nite:child href="Bmr010.F.words.xml#id(Bmr010.vocalsound.432)"/>
   </segment>
   <segment nite:id="Bmr010.segment.1,141" starttime="1831.32" endtime="1834.41" participant="fe008" timing-provenance="dialogueact">
      <nite:child href="Bmr010.F.words.xml#id(Bmr010.w.8,081)..id(Bmr010.w.8,094)"/>
   </segment>
   <segment nite:id="Bmr010.segment.1,142" starttime="1834.47" endtime="1834.739" participant="fe008" timing-provenance="segment">
      <nite:child href="Bmr010.F.words.xml#id(Bmr010.vocalsound.433)"/>
   </segment>
   <segment nite:id="Bmr010.segment.1,143" starttime="1834.82" endtime="1841.54" participant="fe008" timing-provenance="dialogueact">
      <nite:child href="Bmr010.F.words.xml#id(Bmr010.w.8,095)..id(Bmr010.w.8,125)"/>
   </segment>
   <segment nite:id="Bmr010.segment.1,144" starttime="1842.226" endtime="1845.669" participant="fe008" timing-provenance="segment">
      <nite:child href="Bmr010.F.words.xml#id(Bmr010.vocalsound.434)..id(Bmr010.disfmarker.449)"/>
   </segment>
   <segment nite:id="Bmr010.segment.1,145" starttime="1846.27" endtime="1853.141" participant="fe008" timing-provenance="segment">
      <nite:child href="Bmr010.F.words.xml#id(Bmr010.vocalsound.435)..id(Bmr010.disfmarker.451)"/>
   </segment>
   <segment nite:id="Bmr010.segment.1,149" starttime="1854.14" endtime="1859.12" participant="fe008" timing-provenance="dialogueact">
      <nite:child href="Bmr010.F.words.xml#id(Bmr010.w.8,178)..id(Bmr010.w.8,210)"/>
   </segment>
   <segment nite:id="Bmr010.segment.1,153" starttime="1859.22" endtime="1859.455" participant="fe008" timing-provenance="segment">
      <nite:child href="Bmr010.F.words.xml#id(Bmr010.vocalsound.439)"/>
   </segment>
   <segment nite:id="Bmr010.segment.1,154" starttime="1859.52" endtime="1862.97" participant="fe008" timing-provenance="dialogueact">
      <nite:child href="Bmr010.F.words.xml#id(Bmr010.w.8,215)..id(Bmr010.w.8,234)"/>
   </segment>
   <segment nite:id="Bmr010.segment.1,157" starttime="1863.009" endtime="1863.222" participant="fe008" timing-provenance="segment">
      <nite:child href="Bmr010.F.words.xml#id(Bmr010.vocalsound.441)"/>
   </segment>
   <segment nite:id="Bmr010.segment.1,158" starttime="1863.33" endtime="1870.96" participant="fe008" timing-provenance="dialogueact">
      <nite:child href="Bmr010.F.words.xml#id(Bmr010.w.8,239)..id(Bmr010.w.8,280)"/>
   </segment>
   <segment nite:id="Bmr010.segment.1,159" starttime="1871.018" endtime="1871.276" participant="fe008" timing-provenance="segment">
      <nite:child href="Bmr010.F.words.xml#id(Bmr010.vocalsound.442)"/>
   </segment>
   <segment nite:id="Bmr010.segment.1,161" starttime="1871.41" endtime="1873.87" participant="fe008" timing-provenance="dialogueact">
      <nite:child href="Bmr010.F.words.xml#id(Bmr010.w.8,283)..id(Bmr010.w.8,295)"/>
   </segment>
   <segment nite:id="Bmr010.segment.1,163" starttime="1874.35" endtime="1880.75" participant="fe008" timing-provenance="dialogueact">
      <nite:child href="Bmr010.F.words.xml#id(Bmr010.w.8,298)..id(Bmr010.w.8,327)"/>
   </segment>
   <segment nite:id="Bmr010.segment.1,164" starttime="1881.13" endtime="1884.28" participant="fe008" timing-provenance="dialogueact">
      <nite:child href="Bmr010.F.words.xml#id(Bmr010.w.8,328)..id(Bmr010.w.8,347)"/>
   </segment>
   <segment nite:id="Bmr010.segment.1,165" starttime="1884.84" endtime="1891.14" participant="fe008" timing-provenance="dialogueact">
      <nite:child href="Bmr010.F.words.xml#id(Bmr010.w.8,348)..id(Bmr010.w.8,374)"/>
   </segment>
   <segment nite:id="Bmr010.segment.1,167" starttime="1891.252" endtime="1891.507" participant="fe008" timing-provenance="segment">
      <nite:child href="Bmr010.F.words.xml#id(Bmr010.vocalsound.445)"/>
   </segment>
   <segment nite:id="Bmr010.segment.1,169" starttime="1891.55" endtime="1896.64" participant="fe008" timing-provenance="dialogueact">
      <nite:child href="Bmr010.F.words.xml#id(Bmr010.w.8,385)..id(Bmr010.w.8,405)"/>
   </segment>
   <segment nite:id="Bmr010.segment.1,170" starttime="1897.022" endtime="1900.039" participant="fe008" timing-provenance="segment">
      <nite:child href="Bmr010.F.words.xml#id(Bmr010.w.8,406)..id(Bmr010.disfmarker.464)"/>
   </segment>
   <segment nite:id="Bmr010.segment.1,171" starttime="1900.039" endtime="1903.621" participant="fe008" timing-provenance="segment">
      <nite:child href="Bmr010.F.words.xml#id(Bmr010.w.8,419)..id(Bmr010.w.8,434)"/>
   </segment>
   <segment nite:id="Bmr010.segment.1,173" starttime="1903.621" endtime="1903.997" participant="fe008" timing-provenance="segment">
      <nite:child href="Bmr010.F.words.xml#id(Bmr010.vocalsound.447)"/>
   </segment>
   <segment nite:id="Bmr010.segment.1,174" starttime="1904.04" endtime="1911.08" participant="fe008" timing-provenance="dialogueact">
      <nite:child href="Bmr010.F.words.xml#id(Bmr010.w.8,435)..id(Bmr010.w.8,471)"/>
   </segment>
   <segment nite:id="Bmr010.segment.1,176" starttime="1911.64" endtime="1916.64" participant="fe008" timing-provenance="dialogueact">
      <nite:child href="Bmr010.F.words.xml#id(Bmr010.w.8,474)..id(Bmr010.w.8,499)"/>
   </segment>
   <segment nite:id="Bmr010.segment.1,177" starttime="1916.682" endtime="1921.286" participant="fe008" timing-provenance="segment">
      <nite:child href="Bmr010.F.words.xml#id(Bmr010.w.8,500)..id(Bmr010.nonvocalsound.141)"/>
   </segment>
   <segment nite:id="Bmr010.segment.1,178" starttime="1921.45" endtime="1926.95" participant="fe008" timing-provenance="dialogueact">
      <nite:child href="Bmr010.F.words.xml#id(Bmr010.w.8,536)..id(Bmr010.w.8,560)"/>
   </segment>
   <segment nite:id="Bmr010.segment.1,181" starttime="1928.19" endtime="1931.38" participant="fe008" timing-provenance="segment">
      <nite:child href="Bmr010.F.words.xml#id(Bmr010.vocalsound.450)..id(Bmr010.vocalsound.451)"/>
   </segment>
   <segment nite:id="Bmr010.segment.1,185" starttime="1933.756" endtime="1934.919" participant="fe008" timing-provenance="segment">
      <nite:child href="Bmr010.F.words.xml#id(Bmr010.vocalsound.453)..id(Bmr010.disfmarker.469)"/>
   </segment>
   <segment nite:id="Bmr010.segment.1,187" starttime="1934.919" endtime="1935.971" participant="fe008" timing-provenance="segment">
      <nite:child href="Bmr010.F.words.xml#id(Bmr010.vocalsound.454)"/>
   </segment>
   <segment nite:id="Bmr010.segment.1,188" starttime="1935.971" endtime="1945.01" participant="fe008" timing-provenance="segment">
      <nite:child href="Bmr010.F.words.xml#id(Bmr010.w.8,616)..id(Bmr010.disfmarker.472)"/>
   </segment>
   <segment nite:id="Bmr010.segment.1,190" starttime="1945.01" endtime="1946.293" participant="fe008" timing-provenance="segment">
      <nite:child href="Bmr010.F.words.xml#id(Bmr010.vocalsound.455)..id(Bmr010.w.8,664)"/>
   </segment>
   <segment nite:id="Bmr010.segment.1,191" starttime="1946.77" endtime="1953.37" participant="fe008" timing-provenance="dialogueact">
      <nite:child href="Bmr010.F.words.xml#id(Bmr010.w.8,665)..id(Bmr010.w.8,697)"/>
   </segment>
   <segment nite:id="Bmr010.segment.1,193" starttime="1954.15" endtime="1954.792" participant="fe008" timing-provenance="segment">
      <nite:child href="Bmr010.F.words.xml#id(Bmr010.w.8,711)..id(Bmr010.disfmarker.473)"/>
   </segment>
   <segment nite:id="Bmr010.segment.1,194" starttime="1957.27" endtime="1959.03" participant="fe008" timing-provenance="segment">
      <nite:child href="Bmr010.F.words.xml#id(Bmr010.vocalsound.457)"/>
   </segment>
   <segment nite:id="Bmr010.segment.1,197" starttime="1962.013" endtime="1965.347" participant="fe008" timing-provenance="segment">
      <nite:child href="Bmr010.F.words.xml#id(Bmr010.vocalsound.458)..id(Bmr010.w.8,740)"/>
   </segment>
   <segment nite:id="Bmr010.segment.1,203" starttime="1974.17" endtime="1976.03" participant="fe008" timing-provenance="segment">
      <nite:child href="Bmr010.F.words.xml#id(Bmr010.vocalsound.460)"/>
   </segment>
   <segment nite:id="Bmr010.segment.1,207" starttime="1979.389" endtime="1982.437" participant="fe008" timing-provenance="segment">
      <nite:child href="Bmr010.F.words.xml#id(Bmr010.w.8,820)..id(Bmr010.vocalsound.462)"/>
   </segment>
   <segment nite:id="Bmr010.segment.1,219" starttime="2008.54" endtime="2008.81" participant="fe008" timing-provenance="dialogueact">
      <nite:child href="Bmr010.F.words.xml#id(Bmr010.w.8,954)..id(Bmr010.w.8,957)"/>
   </segment>
   <segment nite:id="Bmr010.segment.1,222" starttime="2009.926" endtime="2011.983" participant="fe008" timing-provenance="segment">
      <nite:child href="Bmr010.F.words.xml#id(Bmr010.vocalsound.469)..id(Bmr010.vocalsound.470)"/>
   </segment>
   <segment nite:id="Bmr010.segment.1,225" starttime="2013.39" endtime="2013.58" participant="fe008" timing-provenance="dialogueact">
      <nite:child href="Bmr010.F.words.xml#id(Bmr010.w.8,994)..id(Bmr010.w.8,995)"/>
   </segment>
   <segment nite:id="Bmr010.segment.1,228" starttime="2018.839" endtime="2019.682" participant="fe008" timing-provenance="segment">
      <nite:child href="Bmr010.F.words.xml#id(Bmr010.w.9,016)..id(Bmr010.comment.38)"/>
   </segment>
   <segment nite:id="Bmr010.segment.1,234" starttime="2026.94" endtime="2027.85" participant="fe008" timing-provenance="dialogueact">
      <nite:child href="Bmr010.F.words.xml#id(Bmr010.w.9,038)..id(Bmr010.w.9,041)"/>
   </segment>
   <segment nite:id="Bmr010.segment.1,247" starttime="2047.12" endtime="2047.75" participant="fe008" timing-provenance="dialogueact">
      <nite:child href="Bmr010.F.words.xml#id(Bmr010.w.9,147)..id(Bmr010.w.9,152)"/>
   </segment>
   <segment nite:id="Bmr010.segment.1,252" starttime="2056.52" endtime="2056.88" participant="fe008" timing-provenance="dialogueact">
      <nite:child href="Bmr010.F.words.xml#id(Bmr010.w.9,197)..id(Bmr010.w.9,198)"/>
   </segment>
   <segment nite:id="Bmr010.segment.1,253" starttime="2056.921" endtime="2057.317" participant="fe008" timing-provenance="segment">
      <nite:child href="Bmr010.F.words.xml#id(Bmr010.vocalsound.479)"/>
   </segment>
   <segment nite:id="Bmr010.segment.1,254" starttime="2057.317" endtime="2062.545" participant="fe008" timing-provenance="segment">
      <nite:child href="Bmr010.F.words.xml#id(Bmr010.w.9,199)..id(Bmr010.nonvocalsound.145)"/>
   </segment>
   <segment nite:id="Bmr010.segment.1,258" starttime="2062.545" endtime="2063.232" participant="fe008" timing-provenance="segment">
      <nite:child href="Bmr010.F.words.xml#id(Bmr010.vocalsound.480)"/>
   </segment>
   <segment nite:id="Bmr010.segment.1,259" starttime="2063.34" endtime="2064.47" participant="fe008" timing-provenance="dialogueact">
      <nite:child href="Bmr010.F.words.xml#id(Bmr010.w.9,241)..id(Bmr010.w.9,247)"/>
   </segment>
   <segment nite:id="Bmr010.segment.1,261" starttime="2065.03" endtime="2068.056" participant="fe008" timing-provenance="segment">
      <nite:child href="Bmr010.F.words.xml#id(Bmr010.w.9,250)..id(Bmr010.disfmarker.503)"/>
   </segment>
   <segment nite:id="Bmr010.segment.1,262" starttime="2068.14" endtime="2070.87" participant="fe008" timing-provenance="dialogueact">
      <nite:child href="Bmr010.F.words.xml#id(Bmr010.w.9,269)..id(Bmr010.w.9,288)"/>
   </segment>
   <segment nite:id="Bmr010.segment.1,263" starttime="2070.94" endtime="2076.14" participant="fe008" timing-provenance="dialogueact">
      <nite:child href="Bmr010.F.words.xml#id(Bmr010.w.9,289)..id(Bmr010.w.9,313)"/>
   </segment>
   <segment nite:id="Bmr010.segment.1,266" starttime="2076.227" endtime="2076.499" participant="fe008" timing-provenance="segment">
      <nite:child href="Bmr010.F.words.xml#id(Bmr010.vocalsound.482)"/>
   </segment>
   <segment nite:id="Bmr010.segment.1,267" starttime="2076.61" endtime="2077.74" participant="fe008" timing-provenance="dialogueact">
      <nite:child href="Bmr010.F.words.xml#id(Bmr010.w.9,330)..id(Bmr010.w.9,335)"/>
   </segment>
   <segment nite:id="Bmr010.segment.1,269" starttime="2078.58" endtime="2082.678" participant="fe008" timing-provenance="segment">
      <nite:child href="Bmr010.F.words.xml#id(Bmr010.w.9,340)..id(Bmr010.disfmarker.508)"/>
   </segment>
   <segment nite:id="Bmr010.segment.1,271" starttime="2083.31" endtime="2087.95" participant="fe008" timing-provenance="dialogueact">
      <nite:child href="Bmr010.F.words.xml#id(Bmr010.w.9,368)..id(Bmr010.w.9,392)"/>
   </segment>
   <segment nite:id="Bmr010.segment.1,286" starttime="2104.93" endtime="2105.66" participant="fe008" timing-provenance="dialogueact">
      <nite:child href="Bmr010.F.words.xml#id(Bmr010.w.9,458)..id(Bmr010.w.9,461)"/>
   </segment>
   <segment nite:id="Bmr010.segment.1,287" starttime="2105.854" endtime="2106.786" participant="fe008" timing-provenance="segment">
      <nite:child href="Bmr010.F.words.xml#id(Bmr010.vocalsound.493)"/>
   </segment>
   <segment nite:id="Bmr010.segment.1,288" starttime="2106.786" endtime="2114.144" participant="fe008" timing-provenance="segment">
      <nite:child href="Bmr010.F.words.xml#id(Bmr010.vocalsound.494)..id(Bmr010.nonvocalsound.150)"/>
   </segment>
   <segment nite:id="Bmr010.segment.1,289" starttime="2114.46" endtime="2117.31" participant="fe008" timing-provenance="dialogueact">
      <nite:child href="Bmr010.F.words.xml#id(Bmr010.w.9,503)..id(Bmr010.w.9,515)"/>
   </segment>
   <segment nite:id="Bmr010.segment.1,293" starttime="2117.811" endtime="2119.805" participant="fe008" timing-provenance="segment">
      <nite:child href="Bmr010.F.words.xml#id(Bmr010.w.9,527)..id(Bmr010.comment.42)"/>
   </segment>
   <segment nite:id="Bmr010.segment.1,298" starttime="2125.87" endtime="2126.27" participant="fe008" timing-provenance="dialogueact">
      <nite:child href="Bmr010.F.words.xml#id(Bmr010.w.9,563)..id(Bmr010.w.9,566)"/>
   </segment>
   <segment nite:id="Bmr010.segment.1,302" starttime="2128.93" endtime="2129.19" participant="fe008" timing-provenance="dialogueact">
      <nite:child href="Bmr010.F.words.xml#id(Bmr010.w.9,579)..id(Bmr010.w.9,580)"/>
   </segment>
   <segment nite:id="Bmr010.segment.1,303" starttime="2131.24" endtime="2133.209" participant="fe008" timing-provenance="segment">
      <nite:child href="Bmr010.F.words.xml#id(Bmr010.w.9,581)..id(Bmr010.disfmarker.519)"/>
   </segment>
   <segment nite:id="Bmr010.segment.1,305" starttime="2133.39" endtime="2136.59" participant="fe008" timing-provenance="dialogueact">
      <nite:child href="Bmr010.F.words.xml#id(Bmr010.w.9,590)..id(Bmr010.w.9,611)"/>
   </segment>
   <segment nite:id="Bmr010.segment.1,306" starttime="2136.647" endtime="2136.955" participant="fe008" timing-provenance="segment">
      <nite:child href="Bmr010.F.words.xml#id(Bmr010.vocalsound.497)"/>
   </segment>
   <segment nite:id="Bmr010.segment.1,307" starttime="2137.0" endtime="2140.85" participant="fe008" timing-provenance="dialogueact">
      <nite:child href="Bmr010.F.words.xml#id(Bmr010.w.9,612)..id(Bmr010.w.9,629)"/>
   </segment>
   <segment nite:id="Bmr010.segment.1,308" starttime="2140.952" endtime="2141.234" participant="fe008" timing-provenance="segment">
      <nite:child href="Bmr010.F.words.xml#id(Bmr010.vocalsound.498)"/>
   </segment>
   <segment nite:id="Bmr010.segment.1,309" starttime="2141.33" endtime="2146.25" participant="fe008" timing-provenance="dialogueact">
      <nite:child href="Bmr010.F.words.xml#id(Bmr010.w.9,630)..id(Bmr010.w.9,650)"/>
   </segment>
   <segment nite:id="Bmr010.segment.1,310" starttime="2147.11" endtime="2152.7" participant="fe008" timing-provenance="dialogueact">
      <nite:child href="Bmr010.F.words.xml#id(Bmr010.w.9,651)..id(Bmr010.w.9,681)"/>
   </segment>
   <segment nite:id="Bmr010.segment.1,311" starttime="2153.204" endtime="2155.168" participant="fe008" timing-provenance="segment">
      <nite:child href="Bmr010.F.words.xml#id(Bmr010.w.9,682)..id(Bmr010.disfmarker.524)"/>
   </segment>
   <segment nite:id="Bmr010.segment.1,313" starttime="2160.27" endtime="2161.04" participant="fe008" timing-provenance="dialogueact">
      <nite:child href="Bmr010.F.words.xml#id(Bmr010.w.9,708)..id(Bmr010.w.9,711)"/>
   </segment>
   <segment nite:id="Bmr010.segment.1,316" starttime="2164.58" endtime="2171.134" participant="fe008" timing-provenance="segment">
      <nite:child href="Bmr010.F.words.xml#id(Bmr010.vocalsound.501)..id(Bmr010.disfmarker.527)"/>
   </segment>
   <segment nite:id="Bmr010.segment.1,318" starttime="2171.81" endtime="2173.42" participant="fe008" timing-provenance="dialogueact">
      <nite:child href="Bmr010.F.words.xml#id(Bmr010.w.9,759)..id(Bmr010.w.9,767)"/>
   </segment>
   <segment nite:id="Bmr010.segment.1,320" starttime="2175.04" endtime="2175.36" participant="fe008" timing-provenance="dialogueact">
      <nite:child href="Bmr010.F.words.xml#id(Bmr010.w.9,795)..id(Bmr010.w.9,796)"/>
   </segment>
   <segment nite:id="Bmr010.segment.1,323" starttime="2182.14" endtime="2182.46" participant="fe008" timing-provenance="dialogueact">
      <nite:child href="Bmr010.F.words.xml#id(Bmr010.w.9,820)..id(Bmr010.w.9,821)"/>
   </segment>
   <segment nite:id="Bmr010.segment.1,339" starttime="2216.07" endtime="2217.19" participant="fe008" timing-provenance="dialogueact">
      <nite:child href="Bmr010.F.words.xml#id(Bmr010.w.9,955)..id(Bmr010.w.9,958)"/>
   </segment>
   <segment nite:id="Bmr010.segment.1,340" starttime="2218.12" endtime="2218.39" participant="fe008" timing-provenance="dialogueact">
      <nite:child href="Bmr010.F.words.xml#id(Bmr010.w.9,959)..id(Bmr010.w.9,960)"/>
   </segment>
   <segment nite:id="Bmr010.segment.1,344" starttime="2220.313" endtime="2221.516" participant="fe008" timing-provenance="segment">
      <nite:child href="Bmr010.F.words.xml#id(Bmr010.vocalsound.513)"/>
   </segment>
   <segment nite:id="Bmr010.segment.1,346" starttime="2225.17" endtime="2225.93" participant="fe008" timing-provenance="dialogueact">
      <nite:child href="Bmr010.F.words.xml#id(Bmr010.w.9,992)..id(Bmr010.w.9,997)"/>
   </segment>
   <segment nite:id="Bmr010.segment.1,355" starttime="2244.21" endtime="2244.5" participant="fe008" timing-provenance="dialogueact">
      <nite:child href="Bmr010.F.words.xml#id(Bmr010.w.10,077)..id(Bmr010.w.10,078)"/>
   </segment>
   <segment nite:id="Bmr010.segment.1,356" starttime="2245.85" endtime="2246.13" participant="fe008" timing-provenance="dialogueact">
      <nite:child href="Bmr010.F.words.xml#id(Bmr010.w.10,079)..id(Bmr010.w.10,080)"/>
   </segment>
   <segment nite:id="Bmr010.segment.1,357" starttime="2246.523" endtime="2250.498" participant="fe008" timing-provenance="segment">
      <nite:child href="Bmr010.F.words.xml#id(Bmr010.vocalsound.519)..id(Bmr010.disfmarker.542)"/>
   </segment>
   <segment nite:id="Bmr010.segment.1,358" starttime="2250.9" endtime="2256.53" participant="fe008" timing-provenance="dialogueact">
      <nite:child href="Bmr010.F.words.xml#id(Bmr010.w.10,099)..id(Bmr010.w.10,124)"/>
   </segment>
   <segment nite:id="Bmr010.segment.1,359" starttime="2256.59" endtime="2256.907" participant="fe008" timing-provenance="segment">
      <nite:child href="Bmr010.F.words.xml#id(Bmr010.vocalsound.520)"/>
   </segment>
   <segment nite:id="Bmr010.segment.1,360" starttime="2256.907" endtime="2259.579" participant="fe008" timing-provenance="segment">
      <nite:child href="Bmr010.F.words.xml#id(Bmr010.w.10,125)..id(Bmr010.vocalsound.521)"/>
   </segment>
   <segment nite:id="Bmr010.segment.1,361" starttime="2259.62" endtime="2264.3" participant="fe008" timing-provenance="dialogueact">
      <nite:child href="Bmr010.F.words.xml#id(Bmr010.w.10,136)..id(Bmr010.w.10,154)"/>
   </segment>
   <segment nite:id="Bmr010.segment.1,363" starttime="2265.07" endtime="2270.15" participant="fe008" timing-provenance="dialogueact">
      <nite:child href="Bmr010.F.words.xml#id(Bmr010.w.10,159)..id(Bmr010.w.10,182)"/>
   </segment>
   <segment nite:id="Bmr010.segment.1,364" starttime="2270.341" endtime="2270.522" participant="fe008" timing-provenance="segment">
      <nite:child href="Bmr010.F.words.xml#id(Bmr010.vocalsound.522)"/>
   </segment>
   <segment nite:id="Bmr010.segment.1,365" starttime="2270.68" endtime="2271.53" participant="fe008" timing-provenance="dialogueact">
      <nite:child href="Bmr010.F.words.xml#id(Bmr010.w.10,183)..id(Bmr010.w.10,186)"/>
   </segment>
   <segment nite:id="Bmr010.segment.1,366" starttime="2272.696" endtime="2273.307" participant="fe008" timing-provenance="segment">
      <nite:child href="Bmr010.F.words.xml#id(Bmr010.w.10,187)..id(Bmr010.disfmarker.544)"/>
   </segment>
   <segment nite:id="Bmr010.segment.1,367" starttime="2273.624" endtime="2275.979" participant="fe008" timing-provenance="segment">
      <nite:child href="Bmr010.F.words.xml#id(Bmr010.w.10,188)..id(Bmr010.disfmarker.547)"/>
   </segment>
   <segment nite:id="Bmr010.segment.1,368" starttime="2275.979" endtime="2276.458" participant="fe008" timing-provenance="segment">
      <nite:child href="Bmr010.F.words.xml#id(Bmr010.vocalsound.523)"/>
   </segment>
   <segment nite:id="Bmr010.segment.1,369" starttime="2276.5" endtime="2280.78" participant="fe008" timing-provenance="dialogueact">
      <nite:child href="Bmr010.F.words.xml#id(Bmr010.w.10,199)..id(Bmr010.w.10,210)"/>
   </segment>
   <segment nite:id="Bmr010.segment.1,371" starttime="2281.45" endtime="2284.156" participant="fe008" timing-provenance="segment">
      <nite:child href="Bmr010.F.words.xml#id(Bmr010.w.10,215)..id(Bmr010.disfmarker.548)"/>
   </segment>
   <segment nite:id="Bmr010.segment.1,372" starttime="2284.38" endtime="2285.37" participant="fe008" timing-provenance="dialogueact">
      <nite:child href="Bmr010.F.words.xml#id(Bmr010.w.10,223)..id(Bmr010.w.10,226)"/>
   </segment>
   <segment nite:id="Bmr010.segment.1,373" starttime="2285.506" endtime="2285.975" participant="fe008" timing-provenance="segment">
      <nite:child href="Bmr010.F.words.xml#id(Bmr010.vocalsound.524)"/>
   </segment>
   <segment nite:id="Bmr010.segment.1,375" starttime="2285.975" endtime="2288.33" participant="fe008" timing-provenance="segment">
      <nite:child href="Bmr010.F.words.xml#id(Bmr010.w.10,231)..id(Bmr010.disfmarker.549)"/>
   </segment>
   <segment nite:id="Bmr010.segment.1,376" starttime="2288.644" endtime="2292.429" participant="fe008" timing-provenance="segment">
      <nite:child href="Bmr010.F.words.xml#id(Bmr010.w.10,238)..id(Bmr010.disfmarker.551)"/>
   </segment>
   <segment nite:id="Bmr010.segment.1,377" starttime="2292.652" endtime="2298.334" participant="fe008" timing-provenance="segment">
      <nite:child href="Bmr010.F.words.xml#id(Bmr010.vocalsound.525)..id(Bmr010.disfmarker.553)"/>
   </segment>
   <segment nite:id="Bmr010.segment.1,379" starttime="2298.86" endtime="2300.99" participant="fe008" timing-provenance="dialogueact">
      <nite:child href="Bmr010.F.words.xml#id(Bmr010.w.10,285)..id(Bmr010.w.10,293)"/>
   </segment>
   <segment nite:id="Bmr010.segment.1,380" starttime="2302.01" endtime="2302.34" participant="fe008" timing-provenance="dialogueact">
      <nite:child href="Bmr010.F.words.xml#id(Bmr010.w.10,294)..id(Bmr010.w.10,295)"/>
   </segment>
   <segment nite:id="Bmr010.segment.1,381" starttime="2302.86" endtime="2310.24" participant="fe008" timing-provenance="dialogueact">
      <nite:child href="Bmr010.F.words.xml#id(Bmr010.w.10,296)..id(Bmr010.w.10,333)"/>
   </segment>
   <segment nite:id="Bmr010.segment.1,383" starttime="2310.99" endtime="2312.87" participant="fe008" timing-provenance="dialogueact">
      <nite:child href="Bmr010.F.words.xml#id(Bmr010.w.10,338)..id(Bmr010.w.10,346)"/>
   </segment>
   <segment nite:id="Bmr010.segment.1,384" starttime="2313.49" endtime="2314.39" participant="fe008" timing-provenance="dialogueact">
      <nite:child href="Bmr010.F.words.xml#id(Bmr010.w.10,347)..id(Bmr010.w.10,351)"/>
   </segment>
   <segment nite:id="Bmr010.segment.1,385" starttime="2316.03" endtime="2316.25" participant="fe008" timing-provenance="dialogueact">
      <nite:child href="Bmr010.F.words.xml#id(Bmr010.w.10,352)..id(Bmr010.w.10,353)"/>
   </segment>
   <segment nite:id="Bmr010.segment.1,391" starttime="2320.17" endtime="2322.78" participant="fe008" timing-provenance="segment">
      <nite:child href="Bmr010.F.words.xml#id(Bmr010.vocalsound.530)"/>
   </segment>
   <segment nite:id="Bmr010.segment.1,400" starttime="2327.27" endtime="2327.53" participant="fe008" timing-provenance="dialogueact">
      <nite:child href="Bmr010.F.words.xml#id(Bmr010.w.10,385)..id(Bmr010.w.10,386)"/>
   </segment>
   <segment nite:id="Bmr010.segment.1,402" starttime="2330.22" endtime="2330.655" participant="fe008" timing-provenance="segment">
      <nite:child href="Bmr010.F.words.xml#id(Bmr010.vocalsound.536)"/>
   </segment>
   <segment nite:id="Bmr010.segment.1,404" starttime="2332.35" endtime="2332.77" participant="fe008" timing-provenance="dialogueact">
      <nite:child href="Bmr010.F.words.xml#id(Bmr010.w.10,404)..id(Bmr010.w.10,407)"/>
   </segment>
   <segment nite:id="Bmr010.segment.1,405" starttime="2333.56" endtime="2334.13" participant="fe008" timing-provenance="dialogueact">
      <nite:child href="Bmr010.F.words.xml#id(Bmr010.w.10,408)..id(Bmr010.w.10,411)"/>
   </segment>
   <segment nite:id="Bmr010.segment.1,407" starttime="2337.92" endtime="2338.29" participant="fe008" timing-provenance="dialogueact">
      <nite:child href="Bmr010.F.words.xml#id(Bmr010.w.10,447)..id(Bmr010.w.10,450)"/>
   </segment>
   <segment nite:id="Bmr010.segment.1,409" starttime="2339.46" endtime="2341.03" participant="fe008" timing-provenance="dialogueact">
      <nite:child href="Bmr010.F.words.xml#id(Bmr010.w.10,451)..id(Bmr010.w.10,458)"/>
   </segment>
   <segment nite:id="Bmr010.segment.1,423" starttime="2363.52" endtime="2364.58" participant="fe008" timing-provenance="dialogueact">
      <nite:child href="Bmr010.F.words.xml#id(Bmr010.w.10,562)..id(Bmr010.w.10,566)"/>
   </segment>
   <segment nite:id="Bmr010.segment.1,444" starttime="2410.09" endtime="2410.54" participant="fe008" timing-provenance="dialogueact">
      <nite:child href="Bmr010.F.words.xml#id(Bmr010.w.10,725)..id(Bmr010.w.10,726)"/>
   </segment>
   <segment nite:id="Bmr010.segment.1,456" starttime="2429.24" endtime="2429.56" participant="fe008" timing-provenance="dialogueact">
      <nite:child href="Bmr010.F.words.xml#id(Bmr010.w.10,832)..id(Bmr010.w.10,835)"/>
   </segment>
   <segment nite:id="Bmr010.segment.1,516" starttime="2538.08" endtime="2538.4" participant="fe008" timing-provenance="dialogueact">
      <nite:child href="Bmr010.F.words.xml#id(Bmr010.w.11,274)..id(Bmr010.w.11,277)"/>
   </segment>
   <segment nite:id="Bmr010.segment.1,559" starttime="2625.227" endtime="2626.018" participant="fe008" timing-provenance="segment">
      <nite:child href="Bmr010.F.words.xml#id(Bmr010.w.11,625)..id(Bmr010.comment.51)"/>
   </segment>
   <segment nite:id="Bmr010.segment.1,567" starttime="2628.488" endtime="2629.341" participant="fe008" timing-provenance="segment">
      <nite:child href="Bmr010.F.words.xml#id(Bmr010.vocalsound.581)..id(Bmr010.w.11,663)"/>
   </segment>
   <segment nite:id="Bmr010.segment.1,584" starttime="2648.95" endtime="2649.543" participant="fe008" timing-provenance="segment">
      <nite:child href="Bmr010.F.words.xml#id(Bmr010.w.11,746)..id(Bmr010.comment.56)"/>
   </segment>
   <segment nite:id="Bmr010.segment.1,594" starttime="2664.484" endtime="2665.099" participant="fe008" timing-provenance="segment">
      <nite:child href="Bmr010.F.words.xml#id(Bmr010.vocalsound.587)"/>
   </segment>
   <segment nite:id="Bmr010.segment.1,632" starttime="2712.918" endtime="2713.314" participant="fe008" timing-provenance="segment">
      <nite:child href="Bmr010.F.words.xml#id(Bmr010.vocalsound.594)"/>
   </segment>
   <segment nite:id="Bmr010.segment.1,645" starttime="2732.24" endtime="2733.828" participant="fe008" timing-provenance="segment">
      <nite:child href="Bmr010.F.words.xml#id(Bmr010.vocalsound.598)..id(Bmr010.w.12,171)"/>
   </segment>
   <segment nite:id="Bmr010.segment.1,648" starttime="2733.828" endtime="2737.355" participant="fe008" timing-provenance="segment">
      <nite:child href="Bmr010.F.words.xml#id(Bmr010.w.12,172)..id(Bmr010.comment.59)"/>
   </segment>
   <segment nite:id="Bmr010.segment.1,650" starttime="2737.849" endtime="2739.424" participant="fe008" timing-provenance="segment">
      <nite:child href="Bmr010.F.words.xml#id(Bmr010.vocalsound.602)"/>
   </segment>
   <segment nite:id="Bmr010.segment.1,652" starttime="2740.148" endtime="2741.376" participant="fe008" timing-provenance="segment">
      <nite:child href="Bmr010.F.words.xml#id(Bmr010.vocalsound.603)"/>
   </segment>
   <segment nite:id="Bmr010.segment.1,654" starttime="2743.155" endtime="2746.598" participant="fe008" timing-provenance="segment">
      <nite:child href="Bmr010.F.words.xml#id(Bmr010.vocalsound.604)"/>
   </segment>
   <segment nite:id="Bmr010.segment.1,656" starttime="2748.164" endtime="2748.738" participant="fe008" timing-provenance="segment">
      <nite:child href="Bmr010.F.words.xml#id(Bmr010.vocalsound.606)"/>
   </segment>
   <segment nite:id="Bmr010.segment.1,662" starttime="2757.935" endtime="2758.41" participant="fe008" timing-provenance="segment">
      <nite:child href="Bmr010.F.words.xml#id(Bmr010.vocalsound.609)"/>
   </segment>
   <segment nite:id="Bmr010.segment.1,665" starttime="2760.546" endtime="2761.229" participant="fe008" timing-provenance="segment">
      <nite:child href="Bmr010.F.words.xml#id(Bmr010.w.12,320)..id(Bmr010.w.12,321)"/>
   </segment>
   <segment nite:id="Bmr010.segment.1,694" starttime="2803.3" endtime="2804.472" participant="fe008" timing-provenance="segment">
      <nite:child href="Bmr010.F.words.xml#id(Bmr010.vocalsound.616)..id(Bmr010.comment.65)"/>
   </segment>
   <segment nite:id="Bmr010.segment.1,723" starttime="2857.175" endtime="2858.144" participant="fe008" timing-provenance="segment">
      <nite:child href="Bmr010.F.words.xml#id(Bmr010.vocalsound.627)"/>
   </segment>
   <segment nite:id="Bmr010.segment.1,805" starttime="2803.56" endtime="2804.27" participant="fe008" timing-provenance="dialogueact">
      <nite:child href="Bmr010.F.words.xml#id(Bmr010.w.13,363)..id(Bmr010.w.13,366)"/>
   </segment>
   <segment nite:id="Bmr010.segment.1,926" starttime="3216.545" endtime="3220.409" participant="fe008" digittask="true" timing-provenance="segment">
      <nite:child href="Bmr010.F.words.xml#id(Bmr010.vocalsound.663)..id(Bmr010.comment.180)"/>
   </segment>
   <segment nite:id="Bmr010.segment.1,927" starttime="3221.131" endtime="3222.85" participant="fe008" digittask="true" timing-provenance="segment">
      <nite:child href="Bmr010.F.words.xml#id(Bmr010.w.13,763)..id(Bmr010.comment.181)"/>
   </segment>
   <segment nite:id="Bmr010.segment.1,928" starttime="3223.26" endtime="3224.865" participant="fe008" digittask="true" timing-provenance="segment">
      <nite:child href="Bmr010.F.words.xml#id(Bmr010.w.13,768)..id(Bmr010.comment.182)"/>
   </segment>
   <segment nite:id="Bmr010.segment.1,929" starttime="3225.39" endtime="3228.233" participant="fe008" digittask="true" timing-provenance="segment">
      <nite:child href="Bmr010.F.words.xml#id(Bmr010.w.13,772)..id(Bmr010.comment.183)"/>
   </segment>
   <segment nite:id="Bmr010.segment.1,930" starttime="3228.67" endtime="3230.162" participant="fe008" digittask="true" timing-provenance="segment">
      <nite:child href="Bmr010.F.words.xml#id(Bmr010.w.13,779)..id(Bmr010.comment.184)"/>
   </segment>
   <segment nite:id="Bmr010.segment.1,931" starttime="3230.51" endtime="3231.996" participant="fe008" digittask="true" timing-provenance="segment">
      <nite:child href="Bmr010.F.words.xml#id(Bmr010.w.13,783)..id(Bmr010.comment.185)"/>
   </segment>
   <segment nite:id="Bmr010.segment.1,932" starttime="3232.295" endtime="3232.927" participant="fe008" digittask="true" timing-provenance="segment">
      <nite:child href="Bmr010.F.words.xml#id(Bmr010.w.13,786)..id(Bmr010.comment.186)"/>
   </segment>
   <segment nite:id="Bmr010.segment.1,933" starttime="3233.4" endtime="3234.236" participant="fe008" digittask="true" timing-provenance="segment">
      <nite:child href="Bmr010.F.words.xml#id(Bmr010.w.13,787)..id(Bmr010.comment.187)"/>
   </segment>
   <segment nite:id="Bmr010.segment.1,934" starttime="3234.688" endtime="3236.572" participant="fe008" digittask="true" timing-provenance="segment">
      <nite:child href="Bmr010.F.words.xml#id(Bmr010.w.13,788)..id(Bmr010.comment.188)"/>
   </segment>
   <segment nite:id="Bmr010.segment.1,935" starttime="3237.0" endtime="3237.74" participant="fe008" digittask="true" timing-provenance="segment">
      <nite:child href="Bmr010.F.words.xml#id(Bmr010.w.13,792)..id(Bmr010.comment.189)"/>
   </segment>
   <segment nite:id="Bmr010.segment.1,937" starttime="3238.12" endtime="3239.699" participant="fe008" digittask="true" timing-provenance="segment">
      <nite:child href="Bmr010.F.words.xml#id(Bmr010.w.13,794)..id(Bmr010.comment.190)"/>
   </segment>
   <segment nite:id="Bmr010.segment.1,939" starttime="3240.051" endtime="3242.393" participant="fe008" digittask="true" timing-provenance="segment">
      <nite:child href="Bmr010.F.words.xml#id(Bmr010.w.13,798)..id(Bmr010.comment.191)"/>
   </segment>
   <segment nite:id="Bmr010.segment.1,940" starttime="3243.086" endtime="3245.169" participant="fe008" digittask="true" timing-provenance="segment">
      <nite:child href="Bmr010.F.words.xml#id(Bmr010.w.13,805)..id(Bmr010.comment.192)"/>
   </segment>
   <segment nite:id="Bmr010.segment.1,941" starttime="3245.546" endtime="3246.286" participant="fe008" digittask="true" timing-provenance="segment">
      <nite:child href="Bmr010.F.words.xml#id(Bmr010.w.13,810)..id(Bmr010.comment.193)"/>
   </segment>
   <segment nite:id="Bmr010.segment.1,942" starttime="3246.7" endtime="3247.322" participant="fe008" digittask="true" timing-provenance="segment">
      <nite:child href="Bmr010.F.words.xml#id(Bmr010.w.13,811)..id(Bmr010.comment.194)"/>
   </segment>
   <segment nite:id="Bmr010.segment.1,943" starttime="3247.523" endtime="3248.832" participant="fe008" digittask="true" timing-provenance="segment">
      <nite:child href="Bmr010.F.words.xml#id(Bmr010.w.13,812)..id(Bmr010.comment.195)"/>
   </segment>
   <segment nite:id="Bmr010.segment.1,944" starttime="3249.132" endtime="3250.134" participant="fe008" digittask="true" timing-provenance="segment">
      <nite:child href="Bmr010.F.words.xml#id(Bmr010.w.13,815)..id(Bmr010.comment.196)"/>
   </segment>
   <segment nite:id="Bmr010.segment.1,945" starttime="3250.388" endtime="3252.628" participant="fe008" digittask="true" timing-provenance="segment">
      <nite:child href="Bmr010.F.words.xml#id(Bmr010.w.13,817)..id(Bmr010.comment.197)"/>
   </segment>
   <segment nite:id="Bmr010.segment.1,946" starttime="3253.02" endtime="3254.841" participant="fe008" digittask="true" timing-provenance="segment">
      <nite:child href="Bmr010.F.words.xml#id(Bmr010.w.13,822)..id(Bmr010.comment.198)"/>
   </segment>
   <segment nite:id="Bmr010.segment.1,947" starttime="3255.191" endtime="3257.027" participant="fe008" digittask="true" timing-provenance="segment">
      <nite:child href="Bmr010.F.words.xml#id(Bmr010.w.13,826)..id(Bmr010.comment.199)"/>
   </segment>
   <segment nite:id="Bmr010.segment.1,948" starttime="3257.264" endtime="3257.954" participant="fe008" digittask="true" timing-provenance="segment">
      <nite:child href="Bmr010.F.words.xml#id(Bmr010.w.13,831)..id(Bmr010.comment.200)"/>
   </segment>
   <segment nite:id="Bmr010.segment.1,952" starttime="3262.061" endtime="3264.677" participant="fe008" timing-provenance="segment">
      <nite:child href="Bmr010.F.words.xml#id(Bmr010.nonvocalsound.174)"/>
   </segment>
   <segment nite:id="Bmr010.segment.1,956" starttime="3263.865" endtime="3267.811" participant="fe008" closemic="false" timing-provenance="segment">
      <nite:child href="Bmr010.F.words.xml#id(Bmr010.w.13,836)..id(Bmr010.comment.202)"/>
   </segment>
</nite:root>