<?xml version="1.0" encoding="ISO-8859-1" standalone="yes"?>
<nite:root nite:id="Bmr010.H.words" xmlns:nite="http://nite.sourceforge.net/">
   <w nite:id="Bmr010.w.7,551" starttime="" endtime="" c="W">Sorry</w>
   <w nite:id="Bmr010.w.7,552" starttime="" endtime="" c="W">to</w>
   <w nite:id="Bmr010.w.7,553" starttime="" endtime="" c="W">interrupt</w>
   <w nite:id="Bmr010.w.7,554" starttime="" endtime="" c=".">.</w>
   <w nite:id="Bmr010.w.7,557" starttime="" endtime="" c="W">Is</w>
   <disfmarker nite:id="Bmr010.disfmarker.414" starttime="" endtime=""/>
   <w nite:id="Bmr010.w.7,566" starttime="" endtime="" c="W">Andreas</w>
   <w nite:id="Bmr010.w.7,567" starttime="" endtime="" c=".">.</w>
   <comment nite:id="Bmr010.comment.25" starttime="" endtime="" description="vocative, to initiate contact"/>
   <w nite:id="Bmr010.w.7,570" starttime="" endtime="" c="W">The</w>
   <w nite:id="Bmr010.w.7,571" starttime="" endtime="" c="W">copies</w>
   <w nite:id="Bmr010.w.7,572" starttime="" endtime="" c="W">are</w>
   <w nite:id="Bmr010.w.7,573" starttime="" endtime="" c="W">ready</w>
   <w nite:id="Bmr010.w.7,574" starttime="" endtime="" c=".">.</w>
</nite:root>