<?xml version="1.0" encoding="ISO-8859-1" standalone="yes"?>
<nite:root nite:id="Bmr008.C.segs" xmlns:nite="http://nite.sourceforge.net/">
   <segment nite:id="Bmr008.segment.16" starttime="11.549" endtime="11.799" participant="mn005" timing-provenance="dialogueact">
      <nite:child href="Bmr008.C.words.xml#id(Bmr008.w.85)..id(Bmr008.w.86)"/>
   </segment>
   <segment nite:id="Bmr008.segment.34" starttime="32.846" endtime="33.822" participant="mn005" timing-provenance="segment">
      <nite:child href="Bmr008.C.words.xml#id(Bmr008.vocalsound.4)"/>
   </segment>
   <segment nite:id="Bmr008.segment.41" starttime="43.313" endtime="45.129" participant="mn005" timing-provenance="segment">
      <nite:child href="Bmr008.C.words.xml#id(Bmr008.vocalsound.8)"/>
   </segment>
   <segment nite:id="Bmr008.segment.46" starttime="49.75" endtime="50.25" participant="mn005" timing-provenance="dialogueact">
      <nite:child href="Bmr008.C.words.xml#id(Bmr008.w.226)..id(Bmr008.w.229)"/>
   </segment>
   <segment nite:id="Bmr008.segment.73" starttime="111.69" endtime="112.715" participant="mn005" timing-provenance="segment">
      <nite:child href="Bmr008.C.words.xml#id(Bmr008.vocalsound.11)"/>
   </segment>
   <segment nite:id="Bmr008.segment.95" starttime="146.404" endtime="146.704" participant="mn005" timing-provenance="dialogueact">
      <nite:child href="Bmr008.C.words.xml#id(Bmr008.w.636)..id(Bmr008.w.639)"/>
   </segment>
   <segment nite:id="Bmr008.segment.115" starttime="178.812" endtime="180.073" participant="mn005" timing-provenance="segment">
      <nite:child href="Bmr008.C.words.xml#id(Bmr008.vocalsound.15)"/>
   </segment>
   <segment nite:id="Bmr008.segment.118" starttime="181.38" endtime="182.04" participant="mn005" timing-provenance="dialogueact">
      <nite:child href="Bmr008.C.words.xml#id(Bmr008.w.782)..id(Bmr008.w.785)"/>
   </segment>
   <segment nite:id="Bmr008.segment.121" starttime="182.552" endtime="182.859" participant="mn005" timing-provenance="segment">
      <nite:child href="Bmr008.C.words.xml#id(Bmr008.vocalsound.17)"/>
   </segment>
   <segment nite:id="Bmr008.segment.122" starttime="182.859" endtime="183.396" participant="mn005" timing-provenance="segment">
      <nite:child href="Bmr008.C.words.xml#id(Bmr008.vocalsound.18)"/>
   </segment>
   <segment nite:id="Bmr008.segment.126" starttime="186.123" endtime="188.276" participant="mn005" timing-provenance="segment">
      <nite:child href="Bmr008.C.words.xml#id(Bmr008.vocalsound.19)"/>
   </segment>
   <segment nite:id="Bmr008.segment.136" starttime="194.175" endtime="194.846" participant="mn005" timing-provenance="segment">
      <nite:child href="Bmr008.C.words.xml#id(Bmr008.vocalsound.24)"/>
   </segment>
   <segment nite:id="Bmr008.segment.138" starttime="196.046" endtime="197.668" participant="mn005" timing-provenance="segment">
      <nite:child href="Bmr008.C.words.xml#id(Bmr008.vocalsound.25)..id(Bmr008.w.848)"/>
   </segment>
   <segment nite:id="Bmr008.segment.197" starttime="297.389" endtime="299.045" participant="mn005" timing-provenance="segment">
      <nite:child href="Bmr008.C.words.xml#id(Bmr008.vocalsound.29)"/>
   </segment>
   <segment nite:id="Bmr008.segment.205" starttime="305.115" endtime="305.595" participant="mn005" timing-provenance="dialogueact">
      <nite:child href="Bmr008.C.words.xml#id(Bmr008.w.1,312)..id(Bmr008.w.1,313)"/>
   </segment>
   <segment nite:id="Bmr008.segment.218" starttime="326.987" endtime="328.844" participant="mn005" timing-provenance="segment">
      <nite:child href="Bmr008.C.words.xml#id(Bmr008.vocalsound.33)"/>
   </segment>
   <segment nite:id="Bmr008.segment.245" starttime="357.692" endtime="358.152" participant="mn005" timing-provenance="dialogueact">
      <nite:child href="Bmr008.C.words.xml#id(Bmr008.w.1,595)..id(Bmr008.w.1,596)"/>
   </segment>
   <segment nite:id="Bmr008.segment.264" starttime="379.537" endtime="379.967" participant="mn005" timing-provenance="dialogueact">
      <nite:child href="Bmr008.C.words.xml#id(Bmr008.w.1,705)..id(Bmr008.w.1,706)"/>
   </segment>
   <segment nite:id="Bmr008.segment.265" starttime="380.307" endtime="380.517" participant="mn005" timing-provenance="dialogueact">
      <nite:child href="Bmr008.C.words.xml#id(Bmr008.w.1,707)..id(Bmr008.w.1,708)"/>
   </segment>
   <segment nite:id="Bmr008.segment.266" starttime="381.327" endtime="381.557" participant="mn005" timing-provenance="dialogueact">
      <nite:child href="Bmr008.C.words.xml#id(Bmr008.w.1,709)..id(Bmr008.w.1,710)"/>
   </segment>
   <segment nite:id="Bmr008.segment.268" starttime="382.815" endtime="383.275" participant="mn005" timing-provenance="dialogueact">
      <nite:child href="Bmr008.C.words.xml#id(Bmr008.w.1,724)..id(Bmr008.w.1,725)"/>
   </segment>
   <segment nite:id="Bmr008.segment.282" starttime="406.906" endtime="407.842" participant="mn005" timing-provenance="segment">
      <nite:child href="Bmr008.C.words.xml#id(Bmr008.w.1,827)..id(Bmr008.w.1,828)"/>
   </segment>
   <segment nite:id="Bmr008.segment.285" starttime="408.556" endtime="409.905" participant="mn005" timing-provenance="segment">
      <nite:child href="Bmr008.C.words.xml#id(Bmr008.vocalsound.39)..id(Bmr008.w.1,839)"/>
   </segment>
   <segment nite:id="Bmr008.segment.290" starttime="416.151" endtime="416.827" participant="mn005" timing-provenance="segment">
      <nite:child href="Bmr008.C.words.xml#id(Bmr008.vocalsound.40)"/>
   </segment>
   <segment nite:id="Bmr008.segment.307" starttime="430.385" endtime="430.905" participant="mn005" timing-provenance="dialogueact">
      <nite:child href="Bmr008.C.words.xml#id(Bmr008.w.1,970)..id(Bmr008.w.1,971)"/>
   </segment>
   <segment nite:id="Bmr008.segment.308" starttime="430.946" endtime="431.171" participant="mn005" timing-provenance="segment">
      <nite:child href="Bmr008.C.words.xml#id(Bmr008.vocalsound.43)"/>
   </segment>
   <segment nite:id="Bmr008.segment.333" starttime="458.909" endtime="459.359" participant="mn005" timing-provenance="dialogueact">
      <nite:child href="Bmr008.C.words.xml#id(Bmr008.w.2,130)..id(Bmr008.w.2,131)"/>
   </segment>
   <segment nite:id="Bmr008.segment.344" starttime="469.945" endtime="470.285" participant="mn005" timing-provenance="dialogueact">
      <nite:child href="Bmr008.C.words.xml#id(Bmr008.w.2,188)..id(Bmr008.w.2,189)"/>
   </segment>
   <segment nite:id="Bmr008.segment.348" starttime="472.103" endtime="472.683" participant="mn005" timing-provenance="dialogueact">
      <nite:child href="Bmr008.C.words.xml#id(Bmr008.w.2,203)..id(Bmr008.w.2,206)"/>
   </segment>
   <segment nite:id="Bmr008.segment.358" starttime="483.364" endtime="484.247" participant="mn005" timing-provenance="segment">
      <nite:child href="Bmr008.C.words.xml#id(Bmr008.vocalsound.49)"/>
   </segment>
   <segment nite:id="Bmr008.segment.362" starttime="491.246" endtime="491.546" participant="mn005" timing-provenance="dialogueact">
      <nite:child href="Bmr008.C.words.xml#id(Bmr008.w.2,322)..id(Bmr008.w.2,323)"/>
   </segment>
   <segment nite:id="Bmr008.segment.367" starttime="499.133" endtime="499.393" participant="mn005" timing-provenance="dialogueact">
      <nite:child href="Bmr008.C.words.xml#id(Bmr008.w.2,358)..id(Bmr008.w.2,359)"/>
   </segment>
   <segment nite:id="Bmr008.segment.370" starttime="503.017" endtime="503.387" participant="mn005" timing-provenance="dialogueact">
      <nite:child href="Bmr008.C.words.xml#id(Bmr008.w.2,380)..id(Bmr008.w.2,381)"/>
   </segment>
   <segment nite:id="Bmr008.segment.374" starttime="504.995" endtime="505.435" participant="mn005" timing-provenance="dialogueact">
      <nite:child href="Bmr008.C.words.xml#id(Bmr008.w.2,393)..id(Bmr008.w.2,394)"/>
   </segment>
   <segment nite:id="Bmr008.segment.377" starttime="507.347" endtime="509.432" participant="mn005" timing-provenance="segment">
      <nite:child href="Bmr008.C.words.xml#id(Bmr008.vocalsound.51)..id(Bmr008.w.2,404)"/>
   </segment>
   <segment nite:id="Bmr008.segment.381" starttime="510.196" endtime="510.556" participant="mn005" timing-provenance="dialogueact">
      <nite:child href="Bmr008.C.words.xml#id(Bmr008.w.2,418)..id(Bmr008.w.2,419)"/>
   </segment>
   <segment nite:id="Bmr008.segment.384" starttime="512.437" endtime="512.707" participant="mn005" timing-provenance="dialogueact">
      <nite:child href="Bmr008.C.words.xml#id(Bmr008.w.2,436)..id(Bmr008.w.2,437)"/>
   </segment>
   <segment nite:id="Bmr008.segment.395" starttime="531.736" endtime="532.476" participant="mn005" timing-provenance="dialogueact">
      <nite:child href="Bmr008.C.words.xml#id(Bmr008.w.2,528)..id(Bmr008.w.2,529)"/>
   </segment>
   <segment nite:id="Bmr008.segment.398" starttime="536.876" endtime="539.248" participant="mn005" timing-provenance="segment">
      <nite:child href="Bmr008.C.words.xml#id(Bmr008.vocalsound.53)"/>
   </segment>
   <segment nite:id="Bmr008.segment.404" starttime="540.028" endtime="540.268" participant="mn005" timing-provenance="dialogueact">
      <nite:child href="Bmr008.C.words.xml#id(Bmr008.w.2,554)..id(Bmr008.w.2,555)"/>
   </segment>
   <segment nite:id="Bmr008.segment.415" starttime="554.982" endtime="556.57" participant="mn005" timing-provenance="segment">
      <nite:child href="Bmr008.C.words.xml#id(Bmr008.vocalsound.57)"/>
   </segment>
   <segment nite:id="Bmr008.segment.421" starttime="558.705" endtime="562.637" participant="mn005" timing-provenance="segment">
      <nite:child href="Bmr008.C.words.xml#id(Bmr008.vocalsound.60)"/>
   </segment>
   <segment nite:id="Bmr008.segment.443" starttime="600.343" endtime="600.837" participant="mn005" timing-provenance="segment">
      <nite:child href="Bmr008.C.words.xml#id(Bmr008.vocalsound.64)"/>
   </segment>
   <segment nite:id="Bmr008.segment.467" starttime="634.708" endtime="635.048" participant="mn005" timing-provenance="dialogueact">
      <nite:child href="Bmr008.C.words.xml#id(Bmr008.w.3,009)..id(Bmr008.w.3,010)"/>
   </segment>
   <segment nite:id="Bmr008.segment.480" starttime="655.223" endtime="656.223" participant="mn005" timing-provenance="dialogueact">
      <nite:child href="Bmr008.C.words.xml#id(Bmr008.w.3,121)..id(Bmr008.w.3,124)"/>
   </segment>
   <segment nite:id="Bmr008.segment.504" starttime="685.943" endtime="686.881" participant="mn005" timing-provenance="segment">
      <nite:child href="Bmr008.C.words.xml#id(Bmr008.vocalsound.69)"/>
   </segment>
   <segment nite:id="Bmr008.segment.507" starttime="691.52" endtime="691.82" participant="mn005" timing-provenance="dialogueact">
      <nite:child href="Bmr008.C.words.xml#id(Bmr008.w.3,321)..id(Bmr008.w.3,322)"/>
   </segment>
   <segment nite:id="Bmr008.segment.511" starttime="694.39" endtime="695.654" participant="mn005" timing-provenance="segment">
      <nite:child href="Bmr008.C.words.xml#id(Bmr008.vocalsound.71)"/>
   </segment>
   <segment nite:id="Bmr008.segment.515" starttime="702.271" endtime="702.951" participant="mn005" timing-provenance="dialogueact">
      <nite:child href="Bmr008.C.words.xml#id(Bmr008.w.3,368)..id(Bmr008.w.3,369)"/>
   </segment>
   <segment nite:id="Bmr008.segment.520" starttime="708.911" endtime="709.907" participant="mn005" timing-provenance="segment">
      <nite:child href="Bmr008.C.words.xml#id(Bmr008.vocalsound.73)"/>
   </segment>
   <segment nite:id="Bmr008.segment.521" starttime="711.751" endtime="712.271" participant="mn005" timing-provenance="dialogueact">
      <nite:child href="Bmr008.C.words.xml#id(Bmr008.w.3,404)..id(Bmr008.w.3,405)"/>
   </segment>
   <segment nite:id="Bmr008.segment.541" starttime="730.297" endtime="731.237" participant="mn005" timing-provenance="dialogueact">
      <nite:child href="Bmr008.C.words.xml#id(Bmr008.w.3,543)..id(Bmr008.w.3,544)"/>
   </segment>
   <segment nite:id="Bmr008.segment.545" starttime="738.972" endtime="739.382" participant="mn005" timing-provenance="dialogueact">
      <nite:child href="Bmr008.C.words.xml#id(Bmr008.w.3,576)..id(Bmr008.w.3,577)"/>
   </segment>
   <segment nite:id="Bmr008.segment.563" starttime="762.927" endtime="765.581" participant="mn005" timing-provenance="segment">
      <nite:child href="Bmr008.C.words.xml#id(Bmr008.vocalsound.80)..id(Bmr008.w.3,711)"/>
   </segment>
   <segment nite:id="Bmr008.segment.571" starttime="766.093" endtime="767.818" participant="mn005" timing-provenance="segment">
      <nite:child href="Bmr008.C.words.xml#id(Bmr008.vocalsound.87)"/>
   </segment>
   <segment nite:id="Bmr008.segment.576" starttime="771.054" endtime="773.859" participant="mn005" timing-provenance="segment">
      <nite:child href="Bmr008.C.words.xml#id(Bmr008.vocalsound.89)"/>
   </segment>
   <segment nite:id="Bmr008.segment.579" starttime="774.671" endtime="776.558" participant="mn005" timing-provenance="segment">
      <nite:child href="Bmr008.C.words.xml#id(Bmr008.vocalsound.91)"/>
   </segment>
   <segment nite:id="Bmr008.segment.587" starttime="778.429" endtime="780.858" participant="mn005" timing-provenance="segment">
      <nite:child href="Bmr008.C.words.xml#id(Bmr008.vocalsound.98)"/>
   </segment>
   <segment nite:id="Bmr008.segment.593" starttime="781.56" endtime="783.892" participant="mn005" timing-provenance="segment">
      <nite:child href="Bmr008.C.words.xml#id(Bmr008.w.3,801)..id(Bmr008.disfmarker.145)"/>
   </segment>
   <segment nite:id="Bmr008.segment.598" starttime="785.995" endtime="788.205" participant="mn005" timing-provenance="dialogueact">
      <nite:child href="Bmr008.C.words.xml#id(Bmr008.w.3,820)..id(Bmr008.w.3,832)"/>
   </segment>
   <segment nite:id="Bmr008.segment.599" starttime="789.7" endtime="790.81" participant="mn005" timing-provenance="dialogueact">
      <nite:child href="Bmr008.C.words.xml#id(Bmr008.w.3,833)..id(Bmr008.w.3,835)"/>
   </segment>
   <segment nite:id="Bmr008.segment.601" starttime="791.49" endtime="793.52" participant="mn005" timing-provenance="dialogueact">
      <nite:child href="Bmr008.C.words.xml#id(Bmr008.w.3,845)..id(Bmr008.w.3,851)"/>
   </segment>
   <segment nite:id="Bmr008.segment.603" starttime="794.417" endtime="796.431" participant="mn005" timing-provenance="segment">
      <nite:child href="Bmr008.C.words.xml#id(Bmr008.w.3,861)..id(Bmr008.w.3,868)"/>
   </segment>
   <segment nite:id="Bmr008.segment.606" starttime="796.836" endtime="799.16" participant="mn005" timing-provenance="segment">
      <nite:child href="Bmr008.C.words.xml#id(Bmr008.w.3,879)..id(Bmr008.disfmarker.150)"/>
   </segment>
   <segment nite:id="Bmr008.segment.621" starttime="810.316" endtime="812.041" participant="mn005" timing-provenance="segment">
      <nite:child href="Bmr008.C.words.xml#id(Bmr008.vocalsound.113)"/>
   </segment>
   <segment nite:id="Bmr008.segment.627" starttime="814.884" endtime="815.164" participant="mn005" timing-provenance="dialogueact">
      <nite:child href="Bmr008.C.words.xml#id(Bmr008.w.3,984)..id(Bmr008.w.3,985)"/>
   </segment>
   <segment nite:id="Bmr008.segment.632" starttime="817.664" endtime="818.513" participant="mn005" timing-provenance="segment">
      <nite:child href="Bmr008.C.words.xml#id(Bmr008.vocalsound.118)"/>
   </segment>
   <segment nite:id="Bmr008.segment.640" starttime="825.581" endtime="825.791" participant="mn005" timing-provenance="dialogueact">
      <nite:child href="Bmr008.C.words.xml#id(Bmr008.w.4,048)..id(Bmr008.w.4,049)"/>
   </segment>
   <segment nite:id="Bmr008.segment.654" starttime="837.29" endtime="838.799" participant="mn005" timing-provenance="segment">
      <nite:child href="Bmr008.C.words.xml#id(Bmr008.vocalsound.126)"/>
   </segment>
   <segment nite:id="Bmr008.segment.665" starttime="848.664" endtime="849.054" participant="mn005" timing-provenance="dialogueact">
      <nite:child href="Bmr008.C.words.xml#id(Bmr008.w.4,189)..id(Bmr008.w.4,190)"/>
   </segment>
   <segment nite:id="Bmr008.segment.677" starttime="867.677" endtime="868.638" participant="mn005" timing-provenance="segment">
      <nite:child href="Bmr008.C.words.xml#id(Bmr008.vocalsound.131)"/>
   </segment>
   <segment nite:id="Bmr008.segment.682" starttime="870.228" endtime="870.558" participant="mn005" timing-provenance="dialogueact">
      <nite:child href="Bmr008.C.words.xml#id(Bmr008.w.4,314)..id(Bmr008.w.4,315)"/>
   </segment>
   <segment nite:id="Bmr008.segment.684" starttime="870.988" endtime="871.338" participant="mn005" timing-provenance="dialogueact">
      <nite:child href="Bmr008.C.words.xml#id(Bmr008.w.4,323)..id(Bmr008.w.4,324)"/>
   </segment>
   <segment nite:id="Bmr008.segment.689" starttime="876.531" endtime="879.894" participant="mn005" timing-provenance="segment">
      <nite:child href="Bmr008.C.words.xml#id(Bmr008.vocalsound.133)"/>
   </segment>
   <segment nite:id="Bmr008.segment.696" starttime="881.479" endtime="882.559" participant="mn005" timing-provenance="dialogueact">
      <nite:child href="Bmr008.C.words.xml#id(Bmr008.w.4,389)..id(Bmr008.w.4,390)"/>
   </segment>
   <segment nite:id="Bmr008.segment.722" starttime="936.719" endtime="938.13" participant="mn005" timing-provenance="segment">
      <nite:child href="Bmr008.C.words.xml#id(Bmr008.vocalsound.139)"/>
   </segment>
   <segment nite:id="Bmr008.segment.779" starttime="1014.319" endtime="1018.144" participant="mn005" timing-provenance="segment">
      <nite:child href="Bmr008.C.words.xml#id(Bmr008.vocalsound.143)"/>
   </segment>
   <segment nite:id="Bmr008.segment.810" starttime="1059.26" endtime="1059.68" participant="mn005" timing-provenance="dialogueact">
      <nite:child href="Bmr008.C.words.xml#id(Bmr008.w.5,317)..id(Bmr008.w.5,318)"/>
   </segment>
   <segment nite:id="Bmr008.segment.832" starttime="1076.459" endtime="1079.459" participant="mn005" timing-provenance="segment">
      <nite:child href="Bmr008.C.words.xml#id(Bmr008.vocalsound.153)"/>
   </segment>
   <segment nite:id="Bmr008.segment.869" starttime="1128.67" endtime="1129.3" participant="mn005" timing-provenance="dialogueact">
      <nite:child href="Bmr008.C.words.xml#id(Bmr008.w.5,691)..id(Bmr008.w.5,694)"/>
   </segment>
   <segment nite:id="Bmr008.segment.874" starttime="1131.87" endtime="1132.52" participant="mn005" timing-provenance="dialogueact">
      <nite:child href="Bmr008.C.words.xml#id(Bmr008.w.5,731)..id(Bmr008.w.5,732)"/>
   </segment>
   <segment nite:id="Bmr008.segment.878" starttime="1135.82" endtime="1136.14" participant="mn005" timing-provenance="dialogueact">
      <nite:child href="Bmr008.C.words.xml#id(Bmr008.w.5,744)..id(Bmr008.w.5,745)"/>
   </segment>
   <segment nite:id="Bmr008.segment.904" starttime="1178.349" endtime="1179.237" participant="mn005" timing-provenance="segment">
      <nite:child href="Bmr008.C.words.xml#id(Bmr008.vocalsound.161)"/>
   </segment>
   <segment nite:id="Bmr008.segment.936" starttime="1244.615" endtime="1246.726" participant="mn005" timing-provenance="segment">
      <nite:child href="Bmr008.C.words.xml#id(Bmr008.vocalsound.164)"/>
   </segment>
   <segment nite:id="Bmr008.segment.949" starttime="1272.645" endtime="1274.077" participant="mn005" timing-provenance="segment">
      <nite:child href="Bmr008.C.words.xml#id(Bmr008.vocalsound.166)"/>
   </segment>
   <segment nite:id="Bmr008.segment.986" starttime="1370.143" endtime="1372.924" participant="mn005" timing-provenance="segment">
      <nite:child href="Bmr008.C.words.xml#id(Bmr008.vocalsound.169)"/>
   </segment>
   <segment nite:id="Bmr008.segment.1,015" starttime="1428.4" endtime="1428.64" participant="mn005" timing-provenance="dialogueact">
      <nite:child href="Bmr008.C.words.xml#id(Bmr008.w.7,078)..id(Bmr008.w.7,081)"/>
   </segment>
   <segment nite:id="Bmr008.segment.1,020" starttime="1436.28" endtime="1436.5" participant="mn005" timing-provenance="dialogueact">
      <nite:child href="Bmr008.C.words.xml#id(Bmr008.w.7,129)..id(Bmr008.w.7,130)"/>
   </segment>
   <segment nite:id="Bmr008.segment.1,052" starttime="1498.028" endtime="1499.244" participant="mn005" timing-provenance="segment">
      <nite:child href="Bmr008.C.words.xml#id(Bmr008.vocalsound.173)"/>
   </segment>
   <segment nite:id="Bmr008.segment.1,055" starttime="1501.46" endtime="1502.29" participant="mn005" timing-provenance="dialogueact">
      <nite:child href="Bmr008.C.words.xml#id(Bmr008.w.7,452)..id(Bmr008.w.7,455)"/>
   </segment>
   <segment nite:id="Bmr008.segment.1,067" starttime="1517.859" endtime="1518.623" participant="mn005" timing-provenance="segment">
      <nite:child href="Bmr008.C.words.xml#id(Bmr008.vocalsound.174)"/>
   </segment>
   <segment nite:id="Bmr008.segment.1,085" starttime="1549.609" endtime="1551.804" participant="mn005" timing-provenance="segment">
      <nite:child href="Bmr008.C.words.xml#id(Bmr008.vocalsound.175)"/>
   </segment>
   <segment nite:id="Bmr008.segment.1,113" starttime="1595.489" endtime="1595.991" participant="mn005" timing-provenance="segment">
      <nite:child href="Bmr008.C.words.xml#id(Bmr008.vocalsound.176)"/>
   </segment>
   <segment nite:id="Bmr008.segment.1,142" starttime="1647.333" endtime="1648.286" participant="mn005" timing-provenance="segment">
      <nite:child href="Bmr008.C.words.xml#id(Bmr008.vocalsound.179)"/>
   </segment>
   <segment nite:id="Bmr008.segment.1,144" starttime="1654.339" endtime="1654.934" participant="mn005" timing-provenance="segment">
      <nite:child href="Bmr008.C.words.xml#id(Bmr008.vocalsound.180)"/>
   </segment>
   <segment nite:id="Bmr008.segment.1,159" starttime="1676.49" endtime="1677.38" participant="mn005" timing-provenance="dialogueact">
      <nite:child href="Bmr008.C.words.xml#id(Bmr008.w.8,338)..id(Bmr008.w.8,339)"/>
   </segment>
   <segment nite:id="Bmr008.segment.1,164" starttime="1678.516" endtime="1680.779" participant="mn005" timing-provenance="segment">
      <nite:child href="Bmr008.C.words.xml#id(Bmr008.vocalsound.184)"/>
   </segment>
   <segment nite:id="Bmr008.segment.1,189" starttime="1714.62" endtime="1715.67" participant="mn005" timing-provenance="dialogueact">
      <nite:child href="Bmr008.C.words.xml#id(Bmr008.w.8,513)..id(Bmr008.w.8,516)"/>
   </segment>
   <segment nite:id="Bmr008.segment.1,221" starttime="1771.199" endtime="1772.008" participant="mn005" timing-provenance="segment">
      <nite:child href="Bmr008.C.words.xml#id(Bmr008.vocalsound.190)"/>
   </segment>
   <segment nite:id="Bmr008.segment.1,228" starttime="1789.342" endtime="1790.249" participant="mn005" timing-provenance="segment">
      <nite:child href="Bmr008.C.words.xml#id(Bmr008.vocalsound.191)"/>
   </segment>
   <segment nite:id="Bmr008.segment.1,266" starttime="1860.171" endtime="1861.433" participant="mn005" timing-provenance="segment">
      <nite:child href="Bmr008.C.words.xml#id(Bmr008.vocalsound.195)"/>
   </segment>
   <segment nite:id="Bmr008.segment.1,285" starttime="1882.558" endtime="1883.753" participant="mn005" timing-provenance="segment">
      <nite:child href="Bmr008.C.words.xml#id(Bmr008.vocalsound.196)"/>
   </segment>
   <segment nite:id="Bmr008.segment.1,309" starttime="1925.015" endtime="1925.754" participant="mn005" timing-provenance="segment">
      <nite:child href="Bmr008.C.words.xml#id(Bmr008.vocalsound.199)"/>
   </segment>
   <segment nite:id="Bmr008.segment.1,339" starttime="1961.32" endtime="1961.95" participant="mn005" timing-provenance="dialogueact">
      <nite:child href="Bmr008.C.words.xml#id(Bmr008.w.9,644)..id(Bmr008.w.9,645)"/>
   </segment>
   <segment nite:id="Bmr008.segment.1,370" starttime="1995.602" endtime="1999.155" participant="mn005" timing-provenance="segment">
      <nite:child href="Bmr008.C.words.xml#id(Bmr008.vocalsound.207)"/>
   </segment>
   <segment nite:id="Bmr008.segment.1,384" starttime="2023.84" endtime="2024.04" participant="mn005" timing-provenance="dialogueact">
      <nite:child href="Bmr008.C.words.xml#id(Bmr008.w.9,953)..id(Bmr008.w.9,954)"/>
   </segment>
   <segment nite:id="Bmr008.segment.1,387" starttime="2024.79" endtime="2024.97" participant="mn005" timing-provenance="dialogueact">
      <nite:child href="Bmr008.C.words.xml#id(Bmr008.w.9,968)..id(Bmr008.w.9,969)"/>
   </segment>
   <segment nite:id="Bmr008.segment.1,389" starttime="2027.09" endtime="2027.63" participant="mn005" timing-provenance="dialogueact">
      <nite:child href="Bmr008.C.words.xml#id(Bmr008.w.9,982)..id(Bmr008.w.9,984)"/>
   </segment>
   <segment nite:id="Bmr008.segment.1,391" starttime="2028.52" endtime="2029.28" participant="mn005" timing-provenance="dialogueact">
      <nite:child href="Bmr008.C.words.xml#id(Bmr008.w.10,001)..id(Bmr008.w.10,006)"/>
   </segment>
   <segment nite:id="Bmr008.segment.1,392" starttime="2029.837" endtime="2030.635" participant="mn005" timing-provenance="segment">
      <nite:child href="Bmr008.C.words.xml#id(Bmr008.w.10,007)..id(Bmr008.w.10,008)"/>
   </segment>
   <segment nite:id="Bmr008.segment.1,393" starttime="2031.22" endtime="2031.44" participant="mn005" timing-provenance="dialogueact">
      <nite:child href="Bmr008.C.words.xml#id(Bmr008.w.10,009)..id(Bmr008.w.10,010)"/>
   </segment>
   <segment nite:id="Bmr008.segment.1,401" starttime="2044.12" endtime="2044.66" participant="mn005" timing-provenance="dialogueact">
      <nite:child href="Bmr008.C.words.xml#id(Bmr008.w.10,062)..id(Bmr008.w.10,063)"/>
   </segment>
   <segment nite:id="Bmr008.segment.1,406" starttime="2049.058" endtime="2050.915" participant="mn005" timing-provenance="segment">
      <nite:child href="Bmr008.C.words.xml#id(Bmr008.vocalsound.211)"/>
   </segment>
   <segment nite:id="Bmr008.segment.1,409" starttime="2051.52" endtime="2051.69" participant="mn005" timing-provenance="dialogueact">
      <nite:child href="Bmr008.C.words.xml#id(Bmr008.w.10,110)..id(Bmr008.w.10,111)"/>
   </segment>
   <segment nite:id="Bmr008.segment.1,414" starttime="2053.34" endtime="2053.78" participant="mn005" timing-provenance="dialogueact">
      <nite:child href="Bmr008.C.words.xml#id(Bmr008.w.10,137)..id(Bmr008.w.10,138)"/>
   </segment>
   <segment nite:id="Bmr008.segment.1,436" starttime="2090.44" endtime="2096.425" participant="mn005" timing-provenance="segment">
      <nite:child href="Bmr008.C.words.xml#id(Bmr008.vocalsound.216)"/>
   </segment>
   <segment nite:id="Bmr008.segment.1,463" starttime="2132.1" endtime="2132.988" participant="mn005" timing-provenance="segment">
      <nite:child href="Bmr008.C.words.xml#id(Bmr008.vocalsound.222)"/>
   </segment>
   <segment nite:id="Bmr008.segment.1,477" starttime="2153.778" endtime="2154.438" participant="mn005" timing-provenance="segment">
      <nite:child href="Bmr008.C.words.xml#id(Bmr008.vocalsound.224)"/>
   </segment>
   <segment nite:id="Bmr008.segment.1,479" starttime="2154.791" endtime="2158.037" participant="mn005" timing-provenance="segment">
      <nite:child href="Bmr008.C.words.xml#id(Bmr008.vocalsound.225)"/>
   </segment>
   <segment nite:id="Bmr008.segment.1,489" starttime="2164.784" endtime="2168.905" participant="mn005" timing-provenance="segment">
      <nite:child href="Bmr008.C.words.xml#id(Bmr008.vocalsound.229)"/>
   </segment>
   <segment nite:id="Bmr008.segment.1,495" starttime="2168.905" endtime="2169.275" participant="mn005" timing-provenance="segment">
      <nite:child href="Bmr008.C.words.xml#id(Bmr008.vocalsound.233)"/>
   </segment>
   <segment nite:id="Bmr008.segment.1,496" starttime="2169.34" endtime="2169.96" participant="mn005" timing-provenance="dialogueact">
      <nite:child href="Bmr008.C.words.xml#id(Bmr008.w.10,715)..id(Bmr008.w.10,718)"/>
   </segment>
   <segment nite:id="Bmr008.segment.1,500" starttime="2171.999" endtime="2173.177" participant="mn005" timing-provenance="segment">
      <nite:child href="Bmr008.C.words.xml#id(Bmr008.vocalsound.235)"/>
   </segment>
   <segment nite:id="Bmr008.segment.1,506" starttime="2175.873" endtime="2180.08" participant="mn005" timing-provenance="segment">
      <nite:child href="Bmr008.C.words.xml#id(Bmr008.vocalsound.239)..id(Bmr008.vocalsound.240)"/>
   </segment>
   <segment nite:id="Bmr008.segment.1,531" starttime="2223.43" endtime="2223.88" participant="mn005" timing-provenance="dialogueact">
      <nite:child href="Bmr008.C.words.xml#id(Bmr008.w.10,999)..id(Bmr008.w.11,000)"/>
   </segment>
   <segment nite:id="Bmr008.segment.1,534" starttime="2225.686" endtime="2229.312" participant="mn005" timing-provenance="segment">
      <nite:child href="Bmr008.C.words.xml#id(Bmr008.vocalsound.248)..id(Bmr008.vocalsound.249)"/>
   </segment>
   <segment nite:id="Bmr008.segment.1,540" starttime="2236.808" endtime="2237.962" participant="mn005" timing-provenance="segment">
      <nite:child href="Bmr008.C.words.xml#id(Bmr008.vocalsound.252)"/>
   </segment>
   <segment nite:id="Bmr008.segment.1,661" starttime="2466.3" endtime="2475.51" participant="mn005" timing-provenance="segment">
      <nite:child href="Bmr008.C.words.xml#id(Bmr008.nonvocalsound.4)"/>
   </segment>
   <segment nite:id="Bmr008.segment.1,670" starttime="2482.232" endtime="2484.393" participant="mn005" timing-provenance="segment">
      <nite:child href="Bmr008.C.words.xml#id(Bmr008.vocalsound.270)"/>
   </segment>
   <segment nite:id="Bmr008.segment.1,703" starttime="2537.454" endtime="2539.254" participant="mn005" timing-provenance="segment">
      <nite:child href="Bmr008.C.words.xml#id(Bmr008.vocalsound.275)"/>
   </segment>
   <segment nite:id="Bmr008.segment.1,712" starttime="2547.73" endtime="2548.13" participant="mn005" timing-provenance="dialogueact">
      <nite:child href="Bmr008.C.words.xml#id(Bmr008.w.12,490)..id(Bmr008.w.12,491)"/>
   </segment>
   <segment nite:id="Bmr008.segment.1,713" starttime="2548.88" endtime="2549.28" participant="mn005" timing-provenance="dialogueact">
      <nite:child href="Bmr008.C.words.xml#id(Bmr008.w.12,492)..id(Bmr008.w.12,493)"/>
   </segment>
   <segment nite:id="Bmr008.segment.1,725" starttime="2567.679" endtime="2570.287" participant="mn005" timing-provenance="segment">
      <nite:child href="Bmr008.C.words.xml#id(Bmr008.vocalsound.280)"/>
   </segment>
   <segment nite:id="Bmr008.segment.1,733" starttime="2572.86" endtime="2573.34" participant="mn005" timing-provenance="dialogueact">
      <nite:child href="Bmr008.C.words.xml#id(Bmr008.w.12,590)..id(Bmr008.w.12,593)"/>
   </segment>
   <segment nite:id="Bmr008.segment.1,735" starttime="2575.54" endtime="2576.0" participant="mn005" timing-provenance="dialogueact">
      <nite:child href="Bmr008.C.words.xml#id(Bmr008.w.12,607)..id(Bmr008.w.12,608)"/>
   </segment>
   <segment nite:id="Bmr008.segment.1,743" starttime="2591.38" endtime="2591.84" participant="mn005" timing-provenance="dialogueact">
      <nite:child href="Bmr008.C.words.xml#id(Bmr008.w.12,689)..id(Bmr008.w.12,690)"/>
   </segment>
   <segment nite:id="Bmr008.segment.1,752" starttime="2610.89" endtime="2611.86" participant="mn005" timing-provenance="dialogueact">
      <nite:child href="Bmr008.C.words.xml#id(Bmr008.w.12,760)..id(Bmr008.w.12,763)"/>
   </segment>
   <segment nite:id="Bmr008.segment.1,762" starttime="2627.52" endtime="2628.06" participant="mn005" timing-provenance="dialogueact">
      <nite:child href="Bmr008.C.words.xml#id(Bmr008.w.12,863)..id(Bmr008.w.12,866)"/>
   </segment>
   <segment nite:id="Bmr008.segment.1,781" starttime="2659.587" endtime="2660.323" participant="mn005" timing-provenance="segment">
      <nite:child href="Bmr008.C.words.xml#id(Bmr008.vocalsound.286)"/>
   </segment>
   <segment nite:id="Bmr008.segment.1,807" starttime="2699.461" endtime="2701.547" participant="mn005" timing-provenance="segment">
      <nite:child href="Bmr008.C.words.xml#id(Bmr008.vocalsound.289)..id(Bmr008.w.13,186)"/>
   </segment>
   <segment nite:id="Bmr008.segment.1,815" starttime="2729.904" endtime="2730.892" participant="mn005" timing-provenance="segment">
      <nite:child href="Bmr008.C.words.xml#id(Bmr008.vocalsound.290)"/>
   </segment>
   <segment nite:id="Bmr008.segment.1,830" starttime="2751.8" endtime="2752.27" participant="mn005" timing-provenance="dialogueact">
      <nite:child href="Bmr008.C.words.xml#id(Bmr008.w.13,361)..id(Bmr008.w.13,364)"/>
   </segment>
   <segment nite:id="Bmr008.segment.1,837" starttime="2767.67" endtime="2767.91" participant="mn005" timing-provenance="dialogueact">
      <nite:child href="Bmr008.C.words.xml#id(Bmr008.w.13,455)..id(Bmr008.w.13,456)"/>
   </segment>
   <segment nite:id="Bmr008.segment.1,838" starttime="2768.608" endtime="2769.912" participant="mn005" timing-provenance="segment">
      <nite:child href="Bmr008.C.words.xml#id(Bmr008.vocalsound.292)"/>
   </segment>
   <segment nite:id="Bmr008.segment.1,840" starttime="2774.94" endtime="2775.24" participant="mn005" timing-provenance="dialogueact">
      <nite:child href="Bmr008.C.words.xml#id(Bmr008.w.13,469)..id(Bmr008.w.13,470)"/>
   </segment>
   <segment nite:id="Bmr008.segment.1,842" starttime="2776.917" endtime="2779.37" participant="mn005" timing-provenance="segment">
      <nite:child href="Bmr008.C.words.xml#id(Bmr008.vocalsound.294)..id(Bmr008.w.13,481)"/>
   </segment>
   <segment nite:id="Bmr008.segment.1,850" starttime="2791.64" endtime="2793.52" participant="mn005" timing-provenance="dialogueact">
      <nite:child href="Bmr008.C.words.xml#id(Bmr008.w.13,538)..id(Bmr008.w.13,548)"/>
   </segment>
   <segment nite:id="Bmr008.segment.1,851" starttime="2794.06" endtime="2799.78" participant="mn005" timing-provenance="dialogueact">
      <nite:child href="Bmr008.C.words.xml#id(Bmr008.w.13,549)..id(Bmr008.w.13,564)"/>
   </segment>
   <segment nite:id="Bmr008.segment.1,852" starttime="2800.06" endtime="2802.14" participant="mn005" timing-provenance="dialogueact">
      <nite:child href="Bmr008.C.words.xml#id(Bmr008.w.13,565)..id(Bmr008.pause.193)"/>
   </segment>
   <segment nite:id="Bmr008.segment.1,856" starttime="2802.14" endtime="2802.24" participant="mn005" timing-provenance="dialogueact">
      <nite:child href="Bmr008.C.words.xml#id(Bmr008.w.13,586)..id(Bmr008.w.13,587)"/>
   </segment>
   <segment nite:id="Bmr008.segment.1,862" starttime="2824.0" endtime="2824.41" participant="mn005" timing-provenance="dialogueact">
      <nite:child href="Bmr008.C.words.xml#id(Bmr008.w.13,654)..id(Bmr008.w.13,655)"/>
   </segment>
   <segment nite:id="Bmr008.segment.1,864" starttime="2825.44" endtime="2825.65" participant="mn005" timing-provenance="dialogueact">
      <nite:child href="Bmr008.C.words.xml#id(Bmr008.w.13,677)..id(Bmr008.w.13,678)"/>
   </segment>
   <segment nite:id="Bmr008.segment.1,866" starttime="2836.301" endtime="2837.119" participant="mn005" timing-provenance="segment">
      <nite:child href="Bmr008.C.words.xml#id(Bmr008.vocalsound.296)"/>
   </segment>
   <segment nite:id="Bmr008.segment.1,867" starttime="2837.95" endtime="2838.49" participant="mn005" timing-provenance="dialogueact">
      <nite:child href="Bmr008.C.words.xml#id(Bmr008.w.13,702)..id(Bmr008.w.13,703)"/>
   </segment>
   <segment nite:id="Bmr008.segment.1,873" starttime="2857.59" endtime="2857.97" participant="mn005" timing-provenance="dialogueact">
      <nite:child href="Bmr008.C.words.xml#id(Bmr008.w.13,747)..id(Bmr008.w.13,748)"/>
   </segment>
   <segment nite:id="Bmr008.segment.1,877" starttime="2871.21" endtime="2871.71" participant="mn005" timing-provenance="dialogueact">
      <nite:child href="Bmr008.C.words.xml#id(Bmr008.w.13,788)..id(Bmr008.w.13,790)"/>
   </segment>
   <segment nite:id="Bmr008.segment.1,879" starttime="2873.41" endtime="2875.58" participant="mn005" timing-provenance="dialogueact">
      <nite:child href="Bmr008.C.words.xml#id(Bmr008.w.13,799)..id(Bmr008.w.13,807)"/>
   </segment>
   <segment nite:id="Bmr008.segment.1,882" starttime="2877.21" endtime="2880.73" participant="mn005" timing-provenance="segment">
      <nite:child href="Bmr008.C.words.xml#id(Bmr008.w.13,815)..id(Bmr008.disfmarker.556)"/>
   </segment>
   <segment nite:id="Bmr008.segment.1,883" starttime="2880.76" endtime="2885.31" participant="mn005" timing-provenance="dialogueact">
      <nite:child href="Bmr008.C.words.xml#id(Bmr008.w.13,822)..id(Bmr008.w.13,834)"/>
   </segment>
   <segment nite:id="Bmr008.segment.1,884" starttime="2885.93" endtime="2892.51" participant="mn005" timing-provenance="dialogueact">
      <nite:child href="Bmr008.C.words.xml#id(Bmr008.w.13,835)..id(Bmr008.w.13,853)"/>
   </segment>
   <segment nite:id="Bmr008.segment.1,886" starttime="2893.53" endtime="2894.81" participant="mn005" timing-provenance="dialogueact">
      <nite:child href="Bmr008.C.words.xml#id(Bmr008.w.13,867)..id(Bmr008.w.13,873)"/>
   </segment>
   <segment nite:id="Bmr008.segment.1,889" starttime="2899.46" endtime="2899.69" participant="mn005" timing-provenance="dialogueact">
      <nite:child href="Bmr008.C.words.xml#id(Bmr008.w.13,877)..id(Bmr008.w.13,878)"/>
   </segment>
   <segment nite:id="Bmr008.segment.1,892" starttime="2907.63" endtime="2908.61" participant="mn005" timing-provenance="dialogueact">
      <nite:child href="Bmr008.C.words.xml#id(Bmr008.w.13,901)..id(Bmr008.w.13,904)"/>
   </segment>
   <segment nite:id="Bmr008.segment.1,897" starttime="2922.59" endtime="2923.09" participant="mn005" timing-provenance="dialogueact">
      <nite:child href="Bmr008.C.words.xml#id(Bmr008.w.13,963)..id(Bmr008.w.13,966)"/>
   </segment>
   <segment nite:id="Bmr008.segment.1,899" starttime="2928.34" endtime="2928.55" participant="mn005" timing-provenance="dialogueact">
      <nite:child href="Bmr008.C.words.xml#id(Bmr008.w.13,987)..id(Bmr008.w.13,988)"/>
   </segment>
   <segment nite:id="Bmr008.segment.1,901" starttime="2932.44" endtime="2932.66" participant="mn005" timing-provenance="dialogueact">
      <nite:child href="Bmr008.C.words.xml#id(Bmr008.w.13,998)..id(Bmr008.w.13,999)"/>
   </segment>
   <segment nite:id="Bmr008.segment.1,906" starttime="2947.63" endtime="2948.16" participant="mn005" timing-provenance="dialogueact">
      <nite:child href="Bmr008.C.words.xml#id(Bmr008.w.14,079)..id(Bmr008.w.14,082)"/>
   </segment>
   <segment nite:id="Bmr008.segment.1,907" starttime="2949.95" endtime="2950.7" participant="mn005" timing-provenance="dialogueact">
      <nite:child href="Bmr008.C.words.xml#id(Bmr008.w.14,083)..id(Bmr008.w.14,084)"/>
   </segment>
   <segment nite:id="Bmr008.segment.1,910" starttime="2954.48" endtime="2957.04" participant="mn005" timing-provenance="dialogueact">
      <nite:child href="Bmr008.C.words.xml#id(Bmr008.w.14,091)..id(Bmr008.w.14,099)"/>
   </segment>
   <segment nite:id="Bmr008.segment.1,911" starttime="2957.65" endtime="2959.23" participant="mn005" timing-provenance="dialogueact">
      <nite:child href="Bmr008.C.words.xml#id(Bmr008.w.14,100)..id(Bmr008.w.14,107)"/>
   </segment>
   <segment nite:id="Bmr008.segment.1,913" starttime="2960.46" endtime="2960.85" participant="mn005" timing-provenance="dialogueact">
      <nite:child href="Bmr008.C.words.xml#id(Bmr008.w.14,122)..id(Bmr008.w.14,123)"/>
   </segment>
   <segment nite:id="Bmr008.segment.1,915" starttime="2971.55" endtime="2971.89" participant="mn005" timing-provenance="dialogueact">
      <nite:child href="Bmr008.C.words.xml#id(Bmr008.w.14,142)..id(Bmr008.w.14,145)"/>
   </segment>
   <segment nite:id="Bmr008.segment.1,917" starttime="2971.942" endtime="2974.444" participant="mn005" timing-provenance="segment">
      <nite:child href="Bmr008.C.words.xml#id(Bmr008.nonvocalsound.6)"/>
   </segment>
   <segment nite:id="Bmr008.segment.1,918" starttime="2974.82" endtime="2975.81" participant="mn005" timing-provenance="dialogueact">
      <nite:child href="Bmr008.C.words.xml#id(Bmr008.w.14,173)..id(Bmr008.w.14,176)"/>
   </segment>
   <segment nite:id="Bmr008.segment.1,924" starttime="2986.85" endtime="2987.04" participant="mn005" timing-provenance="dialogueact">
      <nite:child href="Bmr008.C.words.xml#id(Bmr008.w.14,253)..id(Bmr008.w.14,254)"/>
   </segment>
   <segment nite:id="Bmr008.segment.1,926" starttime="2998.95" endtime="2999.24" participant="mn005" timing-provenance="dialogueact">
      <nite:child href="Bmr008.C.words.xml#id(Bmr008.w.14,255)..id(Bmr008.w.14,256)"/>
   </segment>
   <segment nite:id="Bmr008.segment.1,927" starttime="3000.13" endtime="3000.32" participant="mn005" timing-provenance="dialogueact">
      <nite:child href="Bmr008.C.words.xml#id(Bmr008.w.14,257)..id(Bmr008.w.14,258)"/>
   </segment>
   <segment nite:id="Bmr008.segment.1,931" starttime="3008.04" endtime="3008.2" participant="mn005" timing-provenance="dialogueact">
      <nite:child href="Bmr008.C.words.xml#id(Bmr008.w.14,319)..id(Bmr008.w.14,320)"/>
   </segment>
   <segment nite:id="Bmr008.segment.1,932" starttime="3010.45" endtime="3010.81" participant="mn005" timing-provenance="dialogueact">
      <nite:child href="Bmr008.C.words.xml#id(Bmr008.w.14,321)..id(Bmr008.w.14,322)"/>
   </segment>
   <segment nite:id="Bmr008.segment.1,933" starttime="3013.33" endtime="3013.47" participant="mn005" timing-provenance="dialogueact">
      <nite:child href="Bmr008.C.words.xml#id(Bmr008.w.14,323)..id(Bmr008.w.14,324)"/>
   </segment>
   <segment nite:id="Bmr008.segment.1,936" starttime="3014.34" endtime="3014.97" participant="mn005" timing-provenance="dialogueact">
      <nite:child href="Bmr008.C.words.xml#id(Bmr008.w.14,346)..id(Bmr008.w.14,347)"/>
   </segment>
   <segment nite:id="Bmr008.segment.1,937" starttime="3016.87" endtime="3017.33" participant="mn005" timing-provenance="dialogueact">
      <nite:child href="Bmr008.C.words.xml#id(Bmr008.w.14,348)..id(Bmr008.w.14,349)"/>
   </segment>
   <segment nite:id="Bmr008.segment.1,940" starttime="3017.61" endtime="3019.91" participant="mn005" timing-provenance="dialogueact">
      <nite:child href="Bmr008.C.words.xml#id(Bmr008.w.14,359)..id(Bmr008.w.14,370)"/>
   </segment>
   <segment nite:id="Bmr008.segment.1,952" starttime="3039.45" endtime="3039.83" participant="mn005" timing-provenance="dialogueact">
      <nite:child href="Bmr008.C.words.xml#id(Bmr008.w.14,439)..id(Bmr008.w.14,440)"/>
   </segment>
   <segment nite:id="Bmr008.segment.1,957" starttime="3043.48" endtime="3044.04" participant="mn005" timing-provenance="dialogueact">
      <nite:child href="Bmr008.C.words.xml#id(Bmr008.w.14,476)..id(Bmr008.w.14,477)"/>
   </segment>
   <segment nite:id="Bmr008.segment.1,958" starttime="3045.18" endtime="3045.46" participant="mn005" timing-provenance="dialogueact">
      <nite:child href="Bmr008.C.words.xml#id(Bmr008.w.14,478)..id(Bmr008.w.14,479)"/>
   </segment>
   <segment nite:id="Bmr008.segment.1,959" starttime="3046.962" endtime="3047.774" participant="mn005" timing-provenance="segment">
      <nite:child href="Bmr008.C.words.xml#id(Bmr008.w.14,480)..id(Bmr008.disfmarker.587)"/>
   </segment>
   <segment nite:id="Bmr008.segment.1,964" starttime="3054.14" endtime="3054.37" participant="mn005" timing-provenance="dialogueact">
      <nite:child href="Bmr008.C.words.xml#id(Bmr008.w.14,514)..id(Bmr008.w.14,515)"/>
   </segment>
   <segment nite:id="Bmr008.segment.1,970" starttime="3074.589" endtime="3075.711" participant="mn005" timing-provenance="segment">
      <nite:child href="Bmr008.C.words.xml#id(Bmr008.vocalsound.302)"/>
   </segment>
   <segment nite:id="Bmr008.segment.1,972" starttime="3076.38" endtime="3076.59" participant="mn005" timing-provenance="dialogueact">
      <nite:child href="Bmr008.C.words.xml#id(Bmr008.w.14,568)..id(Bmr008.w.14,569)"/>
   </segment>
   <segment nite:id="Bmr008.segment.1,974" starttime="3078.51" endtime="3078.84" participant="mn005" timing-provenance="dialogueact">
      <nite:child href="Bmr008.C.words.xml#id(Bmr008.w.14,581)..id(Bmr008.w.14,582)"/>
   </segment>
   <segment nite:id="Bmr008.segment.1,975" starttime="3079.19" endtime="3085.35" participant="mn005" timing-provenance="dialogueact">
      <nite:child href="Bmr008.C.words.xml#id(Bmr008.w.14,583)..id(Bmr008.w.14,605)"/>
   </segment>
   <segment nite:id="Bmr008.segment.1,982" starttime="3086.015" endtime="3086.64" participant="mn005" timing-provenance="segment">
      <nite:child href="Bmr008.C.words.xml#id(Bmr008.w.14,629)..id(Bmr008.w.14,630)"/>
   </segment>
   <segment nite:id="Bmr008.segment.1,983" starttime="3088.18" endtime="3088.38" participant="mn005" timing-provenance="dialogueact">
      <nite:child href="Bmr008.C.words.xml#id(Bmr008.w.14,631)..id(Bmr008.w.14,632)"/>
   </segment>
   <segment nite:id="Bmr008.segment.1,987" starttime="3093.57" endtime="3094.19" participant="mn005" timing-provenance="dialogueact">
      <nite:child href="Bmr008.C.words.xml#id(Bmr008.w.14,653)..id(Bmr008.w.14,654)"/>
   </segment>
   <segment nite:id="Bmr008.segment.1,991" starttime="3097.642" endtime="3099.089" participant="mn005" timing-provenance="segment">
      <nite:child href="Bmr008.C.words.xml#id(Bmr008.w.14,677)..id(Bmr008.disfmarker.599)"/>
   </segment>
   <segment nite:id="Bmr008.segment.1,992" starttime="3099.69" endtime="3100.48" participant="mn005" timing-provenance="dialogueact">
      <nite:child href="Bmr008.C.words.xml#id(Bmr008.w.14,681)..id(Bmr008.w.14,682)"/>
   </segment>
   <segment nite:id="Bmr008.segment.1,994" starttime="3103.32" endtime="3103.58" participant="mn005" timing-provenance="dialogueact">
      <nite:child href="Bmr008.C.words.xml#id(Bmr008.w.14,692)..id(Bmr008.w.14,693)"/>
   </segment>
   <segment nite:id="Bmr008.segment.2,001" starttime="3117.02" endtime="3117.28" participant="mn005" timing-provenance="dialogueact">
      <nite:child href="Bmr008.C.words.xml#id(Bmr008.w.14,726)..id(Bmr008.w.14,727)"/>
   </segment>
   <segment nite:id="Bmr008.segment.2,004" starttime="3119.21" endtime="3119.4" participant="mn005" timing-provenance="dialogueact">
      <nite:child href="Bmr008.C.words.xml#id(Bmr008.w.14,732)"/>
   </segment>
   <segment nite:id="Bmr008.segment.2,005" starttime="3119.83" endtime="3120.76" participant="mn005" timing-provenance="dialogueact">
      <nite:child href="Bmr008.C.words.xml#id(Bmr008.w.14,733)..id(Bmr008.w.14,735)"/>
   </segment>
   <segment nite:id="Bmr008.segment.2,010" starttime="3126.99" endtime="3128.37" participant="mn005" timing-provenance="dialogueact">
      <nite:child href="Bmr008.C.words.xml#id(Bmr008.w.14,759)..id(Bmr008.w.14,765)"/>
   </segment>
   <segment nite:id="Bmr008.segment.2,012" starttime="3128.513" endtime="3129.935" participant="mn005" timing-provenance="segment">
      <nite:child href="Bmr008.C.words.xml#id(Bmr008.w.14,771)..id(Bmr008.disfmarker.604)"/>
   </segment>
   <segment nite:id="Bmr008.segment.2,013" starttime="3130.38" endtime="3132.38" participant="mn005" timing-provenance="segment">
      <nite:child href="Bmr008.C.words.xml#id(Bmr008.w.14,773)..id(Bmr008.disfmarker.605)"/>
   </segment>
   <segment nite:id="Bmr008.segment.2,017" starttime="3134.44" endtime="3134.61" participant="mn005" timing-provenance="dialogueact">
      <nite:child href="Bmr008.C.words.xml#id(Bmr008.w.14,810)"/>
   </segment>
   <segment nite:id="Bmr008.segment.2,019" starttime="3138.45" endtime="3138.75" participant="mn005" timing-provenance="dialogueact">
      <nite:child href="Bmr008.C.words.xml#id(Bmr008.w.14,813)..id(Bmr008.w.14,814)"/>
   </segment>
   <segment nite:id="Bmr008.segment.2,021" starttime="3139.14" endtime="3140.97" participant="mn005" timing-provenance="dialogueact">
      <nite:child href="Bmr008.C.words.xml#id(Bmr008.w.14,817)..id(Bmr008.w.14,823)"/>
   </segment>
   <segment nite:id="Bmr008.segment.2,022" starttime="3141.4" endtime="3141.82" participant="mn005" timing-provenance="dialogueact">
      <nite:child href="Bmr008.C.words.xml#id(Bmr008.w.14,824)"/>
   </segment>
   <segment nite:id="Bmr008.segment.2,023" starttime="3142.35" endtime="3142.9" participant="mn005" timing-provenance="dialogueact">
      <nite:child href="Bmr008.C.words.xml#id(Bmr008.w.14,825)..id(Bmr008.w.14,826)"/>
   </segment>
   <segment nite:id="Bmr008.segment.2,024" starttime="3143.98" endtime="3145.37" participant="mn005" timing-provenance="dialogueact">
      <nite:child href="Bmr008.C.words.xml#id(Bmr008.w.14,827)..id(Bmr008.w.14,832)"/>
   </segment>
   <segment nite:id="Bmr008.segment.2,026" starttime="3145.89" endtime="3147.66" participant="mn005" timing-provenance="dialogueact">
      <nite:child href="Bmr008.C.words.xml#id(Bmr008.w.14,848)..id(Bmr008.w.14,854)"/>
   </segment>
   <segment nite:id="Bmr008.segment.2,027" starttime="3147.66" endtime="3151.06" participant="mn005" timing-provenance="dialogueact">
      <nite:child href="Bmr008.C.words.xml#id(Bmr008.pause.218)..id(Bmr008.w.14,863)"/>
   </segment>
   <segment nite:id="Bmr008.segment.2,037" starttime="3161.36" endtime="3161.58" participant="mn005" timing-provenance="dialogueact">
      <nite:child href="Bmr008.C.words.xml#id(Bmr008.w.14,898)..id(Bmr008.w.14,899)"/>
   </segment>
   <segment nite:id="Bmr008.segment.2,045" starttime="3174.42" endtime="3174.9" participant="mn005" timing-provenance="dialogueact">
      <nite:child href="Bmr008.C.words.xml#id(Bmr008.w.14,972)..id(Bmr008.w.14,973)"/>
   </segment>
   <segment nite:id="Bmr008.segment.2,047" starttime="3176.98" endtime="3177.24" participant="mn005" timing-provenance="dialogueact">
      <nite:child href="Bmr008.C.words.xml#id(Bmr008.w.14,981)..id(Bmr008.w.14,982)"/>
   </segment>
   <segment nite:id="Bmr008.segment.2,050" starttime="3177.28" endtime="3177.46" participant="mn005" timing-provenance="dialogueact">
      <nite:child href="Bmr008.C.words.xml#id(Bmr008.w.15,009)..id(Bmr008.w.15,010)"/>
   </segment>
   <segment nite:id="Bmr008.segment.2,053" starttime="3187.1" endtime="3187.54" participant="mn005" timing-provenance="dialogueact">
      <nite:child href="Bmr008.C.words.xml#id(Bmr008.w.15,033)..id(Bmr008.w.15,036)"/>
   </segment>
   <segment nite:id="Bmr008.segment.2,064" starttime="3210.35" endtime="3211.3" participant="mn005" timing-provenance="dialogueact">
      <nite:child href="Bmr008.C.words.xml#id(Bmr008.w.15,159)..id(Bmr008.w.15,160)"/>
   </segment>
   <segment nite:id="Bmr008.segment.2,072" starttime="3225.172" endtime="3226.762" participant="mn005" timing-provenance="segment">
      <nite:child href="Bmr008.C.words.xml#id(Bmr008.vocalsound.309)..id(Bmr008.w.15,199)"/>
   </segment>
   <segment nite:id="Bmr008.segment.2,076" starttime="3227.9" endtime="3228.16" participant="mn005" timing-provenance="dialogueact">
      <nite:child href="Bmr008.C.words.xml#id(Bmr008.w.15,233)..id(Bmr008.w.15,234)"/>
   </segment>
   <segment nite:id="Bmr008.segment.2,078" starttime="3228.54" endtime="3228.98" participant="mn005" timing-provenance="dialogueact">
      <nite:child href="Bmr008.C.words.xml#id(Bmr008.w.15,237)..id(Bmr008.w.15,238)"/>
   </segment>
   <segment nite:id="Bmr008.segment.2,079" starttime="3229.35" endtime="3229.54" participant="mn005" timing-provenance="dialogueact">
      <nite:child href="Bmr008.C.words.xml#id(Bmr008.w.15,239)..id(Bmr008.w.15,240)"/>
   </segment>
   <segment nite:id="Bmr008.segment.2,087" starttime="3239.129" endtime="3239.956" participant="mn005" timing-provenance="segment">
      <nite:child href="Bmr008.C.words.xml#id(Bmr008.vocalsound.312)"/>
   </segment>
   <segment nite:id="Bmr008.segment.2,098" starttime="3262.44" endtime="3262.59" participant="mn005" timing-provenance="dialogueact">
      <nite:child href="Bmr008.C.words.xml#id(Bmr008.w.15,382)..id(Bmr008.w.15,383)"/>
   </segment>
   <segment nite:id="Bmr008.segment.2,101" starttime="3263.438" endtime="3266.504" participant="mn005" timing-provenance="segment">
      <nite:child href="Bmr008.C.words.xml#id(Bmr008.w.15,395)..id(Bmr008.disfmarker.634)"/>
   </segment>
   <segment nite:id="Bmr008.segment.2,102" starttime="3267.97" endtime="3272.33" participant="mn005" timing-provenance="dialogueact">
      <nite:child href="Bmr008.C.words.xml#id(Bmr008.w.15,405)..id(Bmr008.w.15,416)"/>
   </segment>
   <segment nite:id="Bmr008.segment.2,104" starttime="3272.92" endtime="3273.83" participant="mn005" timing-provenance="dialogueact">
      <nite:child href="Bmr008.C.words.xml#id(Bmr008.w.15,424)..id(Bmr008.w.15,425)"/>
   </segment>
   <segment nite:id="Bmr008.segment.2,108" starttime="3275.54" endtime="3276.28" participant="mn005" timing-provenance="dialogueact">
      <nite:child href="Bmr008.C.words.xml#id(Bmr008.w.15,439)..id(Bmr008.w.15,441)"/>
   </segment>
   <segment nite:id="Bmr008.segment.2,111" starttime="3279.35" endtime="3279.65" participant="mn005" timing-provenance="dialogueact">
      <nite:child href="Bmr008.C.words.xml#id(Bmr008.w.15,454)"/>
   </segment>
   <segment nite:id="Bmr008.segment.2,115" starttime="3282.59" endtime="3283.44" participant="mn005" timing-provenance="dialogueact">
      <nite:child href="Bmr008.C.words.xml#id(Bmr008.w.15,468)..id(Bmr008.w.15,471)"/>
   </segment>
   <segment nite:id="Bmr008.segment.2,120" starttime="3286.99" endtime="3289.45" participant="mn005" timing-provenance="dialogueact">
      <nite:child href="Bmr008.C.words.xml#id(Bmr008.w.15,487)..id(Bmr008.w.15,497)"/>
   </segment>
   <segment nite:id="Bmr008.segment.2,123" starttime="3290.0" endtime="3301.7" participant="mn005" timing-provenance="dialogueact">
      <nite:child href="Bmr008.C.words.xml#id(Bmr008.w.15,513)..id(Bmr008.w.15,547)"/>
   </segment>
   <segment nite:id="Bmr008.segment.2,127" starttime="3302.02" endtime="3305.69" participant="mn005" timing-provenance="dialogueact">
      <nite:child href="Bmr008.C.words.xml#id(Bmr008.w.15,562)..id(Bmr008.w.15,570)"/>
   </segment>
   <segment nite:id="Bmr008.segment.2,131" starttime="3308.69" endtime="3308.9" participant="mn005" timing-provenance="dialogueact">
      <nite:child href="Bmr008.C.words.xml#id(Bmr008.w.15,586)..id(Bmr008.w.15,587)"/>
   </segment>
   <segment nite:id="Bmr008.segment.2,134" starttime="3314.85" endtime="3316.654" participant="mn005" timing-provenance="segment">
      <nite:child href="Bmr008.C.words.xml#id(Bmr008.w.15,607)..id(Bmr008.disfmarker.646)"/>
   </segment>
   <segment nite:id="Bmr008.segment.2,139" starttime="3317.83" endtime="3318.59" participant="mn005" timing-provenance="dialogueact">
      <nite:child href="Bmr008.C.words.xml#id(Bmr008.w.15,650)..id(Bmr008.w.15,651)"/>
   </segment>
   <segment nite:id="Bmr008.segment.2,141" starttime="3321.4" endtime="3323.62" participant="mn005" timing-provenance="dialogueact">
      <nite:child href="Bmr008.C.words.xml#id(Bmr008.w.15,654)..id(Bmr008.w.15,660)"/>
   </segment>
   <segment nite:id="Bmr008.segment.2,142" starttime="3325.07" endtime="3326.87" participant="mn005" timing-provenance="dialogueact">
      <nite:child href="Bmr008.C.words.xml#id(Bmr008.w.15,661)..id(Bmr008.w.15,664)"/>
   </segment>
   <segment nite:id="Bmr008.segment.2,144" starttime="3327.42" endtime="3330.559" participant="mn005" timing-provenance="segment">
      <nite:child href="Bmr008.C.words.xml#id(Bmr008.w.15,667)..id(Bmr008.disfmarker.650)"/>
   </segment>
   <segment nite:id="Bmr008.segment.2,146" starttime="3330.68" endtime="3332.49" participant="mn005" timing-provenance="dialogueact">
      <nite:child href="Bmr008.C.words.xml#id(Bmr008.w.15,678)..id(Bmr008.w.15,685)"/>
   </segment>
   <segment nite:id="Bmr008.segment.2,148" starttime="3332.932" endtime="3333.674" participant="mn005" timing-provenance="segment">
      <nite:child href="Bmr008.C.words.xml#id(Bmr008.w.15,701)..id(Bmr008.disfmarker.653)"/>
   </segment>
   <segment nite:id="Bmr008.segment.2,151" starttime="3339.12" endtime="3339.6" participant="mn005" timing-provenance="dialogueact">
      <nite:child href="Bmr008.C.words.xml#id(Bmr008.w.15,720)..id(Bmr008.w.15,723)"/>
   </segment>
   <segment nite:id="Bmr008.segment.2,154" starttime="3345.94" endtime="3346.4" participant="mn005" timing-provenance="dialogueact">
      <nite:child href="Bmr008.C.words.xml#id(Bmr008.w.15,775)..id(Bmr008.w.15,778)"/>
   </segment>
   <segment nite:id="Bmr008.segment.2,155" starttime="3351.24" endtime="3351.83" participant="mn005" timing-provenance="dialogueact">
      <nite:child href="Bmr008.C.words.xml#id(Bmr008.w.15,779)..id(Bmr008.w.15,782)"/>
   </segment>
   <segment nite:id="Bmr008.segment.2,157" starttime="3352.6" endtime="3353.27" participant="mn005" timing-provenance="dialogueact">
      <nite:child href="Bmr008.C.words.xml#id(Bmr008.w.15,790)..id(Bmr008.w.15,794)"/>
   </segment>
   <segment nite:id="Bmr008.segment.2,164" starttime="3375.9" endtime="3376.32" participant="mn005" timing-provenance="dialogueact">
      <nite:child href="Bmr008.C.words.xml#id(Bmr008.w.15,881)..id(Bmr008.w.15,884)"/>
   </segment>
   <segment nite:id="Bmr008.segment.2,165" starttime="3376.65" endtime="3382.43" participant="mn005" timing-provenance="dialogueact">
      <nite:child href="Bmr008.C.words.xml#id(Bmr008.w.15,885)..id(Bmr008.w.15,900)"/>
   </segment>
   <segment nite:id="Bmr008.segment.2,167" starttime="3383.02" endtime="3383.16" participant="mn005" timing-provenance="dialogueact">
      <nite:child href="Bmr008.C.words.xml#id(Bmr008.w.15,908)..id(Bmr008.w.15,909)"/>
   </segment>
   <segment nite:id="Bmr008.segment.2,168" starttime="3384.21" endtime="3384.59" participant="mn005" timing-provenance="dialogueact">
      <nite:child href="Bmr008.C.words.xml#id(Bmr008.w.15,910)..id(Bmr008.w.15,912)"/>
   </segment>
   <segment nite:id="Bmr008.segment.2,171" starttime="3386.52" endtime="3387.1" participant="mn005" timing-provenance="dialogueact">
      <nite:child href="Bmr008.C.words.xml#id(Bmr008.w.15,917)..id(Bmr008.w.15,918)"/>
   </segment>
   <segment nite:id="Bmr008.segment.2,172" starttime="3387.64" endtime="3390.09" participant="mn005" timing-provenance="segment">
      <nite:child href="Bmr008.C.words.xml#id(Bmr008.w.15,919)..id(Bmr008.comment.43)"/>
   </segment>
   <segment nite:id="Bmr008.segment.2,173" starttime="3390.94" endtime="3391.56" participant="mn005" timing-provenance="dialogueact">
      <nite:child href="Bmr008.C.words.xml#id(Bmr008.w.15,923)..id(Bmr008.w.15,924)"/>
   </segment>
   <segment nite:id="Bmr008.segment.2,174" starttime="3391.773" endtime="3394.28" participant="mn005" timing-provenance="segment">
      <nite:child href="Bmr008.C.words.xml#id(Bmr008.w.15,925)..id(Bmr008.disfmarker.663)"/>
   </segment>
   <segment nite:id="Bmr008.segment.2,177" starttime="3396.946" endtime="3398.709" participant="mn005" timing-provenance="segment">
      <nite:child href="Bmr008.C.words.xml#id(Bmr008.vocalsound.315)..id(Bmr008.disfmarker.666)"/>
   </segment>
   <segment nite:id="Bmr008.segment.2,178" starttime="3399.45" endtime="3399.76" participant="mn005" timing-provenance="dialogueact">
      <nite:child href="Bmr008.C.words.xml#id(Bmr008.w.15,957)..id(Bmr008.w.15,958)"/>
   </segment>
   <segment nite:id="Bmr008.segment.2,180" starttime="3400.59" endtime="3400.79" participant="mn005" timing-provenance="dialogueact">
      <nite:child href="Bmr008.C.words.xml#id(Bmr008.w.15,961)..id(Bmr008.w.15,962)"/>
   </segment>
   <segment nite:id="Bmr008.segment.2,185" starttime="3413.75" endtime="3414.09" participant="mn005" timing-provenance="dialogueact">
      <nite:child href="Bmr008.C.words.xml#id(Bmr008.w.15,999)..id(Bmr008.w.16,002)"/>
   </segment>
   <segment nite:id="Bmr008.segment.2,193" starttime="3433.52" endtime="3433.99" participant="mn005" timing-provenance="dialogueact">
      <nite:child href="Bmr008.C.words.xml#id(Bmr008.w.16,033)..id(Bmr008.w.16,036)"/>
   </segment>
   <segment nite:id="Bmr008.segment.2,202" starttime="3446.91" endtime="3447.31" participant="mn005" timing-provenance="dialogueact">
      <nite:child href="Bmr008.C.words.xml#id(Bmr008.w.16,100)..id(Bmr008.w.16,101)"/>
   </segment>
   <segment nite:id="Bmr008.segment.2,204" starttime="3455.54" endtime="3455.98" participant="mn005" timing-provenance="dialogueact">
      <nite:child href="Bmr008.C.words.xml#id(Bmr008.w.16,127)..id(Bmr008.w.16,128)"/>
   </segment>
   <segment nite:id="Bmr008.segment.2,205" starttime="3456.3" endtime="3456.5" participant="mn005" timing-provenance="dialogueact">
      <nite:child href="Bmr008.C.words.xml#id(Bmr008.w.16,129)..id(Bmr008.w.16,130)"/>
   </segment>
   <segment nite:id="Bmr008.segment.2,215" starttime="3486.29" endtime="3486.8" participant="mn005" timing-provenance="dialogueact">
      <nite:child href="Bmr008.C.words.xml#id(Bmr008.w.16,209)..id(Bmr008.w.16,210)"/>
   </segment>
   <segment nite:id="Bmr008.segment.2,226" starttime="3506.29" endtime="3506.74" participant="mn005" timing-provenance="dialogueact">
      <nite:child href="Bmr008.C.words.xml#id(Bmr008.w.16,308)..id(Bmr008.w.16,309)"/>
   </segment>
   <segment nite:id="Bmr008.segment.2,228" starttime="3513.31" endtime="3513.69" participant="mn005" timing-provenance="dialogueact">
      <nite:child href="Bmr008.C.words.xml#id(Bmr008.w.16,329)..id(Bmr008.w.16,332)"/>
   </segment>
   <segment nite:id="Bmr008.segment.2,231" starttime="3521.24" endtime="3521.87" participant="mn005" timing-provenance="dialogueact">
      <nite:child href="Bmr008.C.words.xml#id(Bmr008.w.16,349)..id(Bmr008.w.16,350)"/>
   </segment>
   <segment nite:id="Bmr008.segment.2,237" starttime="3530.77" endtime="3530.99" participant="mn005" timing-provenance="dialogueact">
      <nite:child href="Bmr008.C.words.xml#id(Bmr008.w.16,379)..id(Bmr008.w.16,380)"/>
   </segment>
   <segment nite:id="Bmr008.segment.2,257" starttime="3571.44" endtime="3571.66" participant="mn005" timing-provenance="dialogueact">
      <nite:child href="Bmr008.C.words.xml#id(Bmr008.w.16,549)..id(Bmr008.w.16,550)"/>
   </segment>
   <segment nite:id="Bmr008.segment.2,262" starttime="3578.801" endtime="3579.337" participant="mn005" timing-provenance="segment">
      <nite:child href="Bmr008.C.words.xml#id(Bmr008.vocalsound.317)"/>
   </segment>
   <segment nite:id="Bmr008.segment.2,266" starttime="3590.24" endtime="3590.44" participant="mn005" timing-provenance="dialogueact">
      <nite:child href="Bmr008.C.words.xml#id(Bmr008.w.16,626)..id(Bmr008.w.16,627)"/>
   </segment>
   <segment nite:id="Bmr008.segment.2,270" starttime="3592.98" endtime="3593.15" participant="mn005" timing-provenance="dialogueact">
      <nite:child href="Bmr008.C.words.xml#id(Bmr008.w.16,646)..id(Bmr008.w.16,647)"/>
   </segment>
   <segment nite:id="Bmr008.segment.2,281" starttime="3613.94" endtime="3614.43" participant="mn005" timing-provenance="dialogueact">
      <nite:child href="Bmr008.C.words.xml#id(Bmr008.w.16,773)..id(Bmr008.w.16,774)"/>
   </segment>
   <segment nite:id="Bmr008.segment.2,284" starttime="3623.47" endtime="3623.69" participant="mn005" timing-provenance="dialogueact">
      <nite:child href="Bmr008.C.words.xml#id(Bmr008.w.16,778)..id(Bmr008.w.16,779)"/>
   </segment>
   <segment nite:id="Bmr008.segment.2,286" starttime="3625.73" endtime="3626.18" participant="mn005" timing-provenance="dialogueact">
      <nite:child href="Bmr008.C.words.xml#id(Bmr008.w.16,784)..id(Bmr008.w.16,785)"/>
   </segment>
   <segment nite:id="Bmr008.segment.2,289" starttime="3629.32" endtime="3629.94" participant="mn005" timing-provenance="dialogueact">
      <nite:child href="Bmr008.C.words.xml#id(Bmr008.w.16,798)..id(Bmr008.w.16,799)"/>
   </segment>
   <segment nite:id="Bmr008.segment.2,293" starttime="3630.22" endtime="3630.47" participant="mn005" timing-provenance="dialogueact">
      <nite:child href="Bmr008.C.words.xml#id(Bmr008.w.16,826)..id(Bmr008.w.16,827)"/>
   </segment>
   <segment nite:id="Bmr008.segment.2,294" starttime="3631.26" endtime="3631.5" participant="mn005" timing-provenance="dialogueact">
      <nite:child href="Bmr008.C.words.xml#id(Bmr008.w.16,828)..id(Bmr008.w.16,829)"/>
   </segment>
   <segment nite:id="Bmr008.segment.2,296" starttime="3631.93" endtime="3632.16" participant="mn005" timing-provenance="dialogueact">
      <nite:child href="Bmr008.C.words.xml#id(Bmr008.w.16,839)..id(Bmr008.w.16,840)"/>
   </segment>
   <segment nite:id="Bmr008.segment.2,297" starttime="3633.16" endtime="3634.27" participant="mn005" timing-provenance="dialogueact">
      <nite:child href="Bmr008.C.words.xml#id(Bmr008.w.16,841)..id(Bmr008.w.16,846)"/>
   </segment>
   <segment nite:id="Bmr008.segment.2,300" starttime="3636.72" endtime="3637.27" participant="mn005" timing-provenance="dialogueact">
      <nite:child href="Bmr008.C.words.xml#id(Bmr008.w.16,855)..id(Bmr008.w.16,856)"/>
   </segment>
   <segment nite:id="Bmr008.segment.2,302" starttime="3638.66" endtime="3638.86" participant="mn005" timing-provenance="dialogueact">
      <nite:child href="Bmr008.C.words.xml#id(Bmr008.w.16,863)..id(Bmr008.w.16,864)"/>
   </segment>
   <segment nite:id="Bmr008.segment.2,304" starttime="3640.24" endtime="3641.5" participant="mn005" timing-provenance="dialogueact">
      <nite:child href="Bmr008.C.words.xml#id(Bmr008.w.16,867)..id(Bmr008.w.16,872)"/>
   </segment>
   <segment nite:id="Bmr008.segment.2,306" starttime="3642.66" endtime="3643.45" participant="mn005" timing-provenance="segment">
      <nite:child href="Bmr008.C.words.xml#id(Bmr008.w.16,905)..id(Bmr008.disfmarker.713)"/>
   </segment>
   <segment nite:id="Bmr008.segment.2,308" starttime="3646.202" endtime="3648.125" participant="mn005" timing-provenance="segment">
      <nite:child href="Bmr008.C.words.xml#id(Bmr008.w.16,914)..id(Bmr008.disfmarker.715)"/>
   </segment>
   <segment nite:id="Bmr008.segment.2,311" starttime="3648.69" endtime="3651.66" participant="mn005" timing-provenance="dialogueact">
      <nite:child href="Bmr008.C.words.xml#id(Bmr008.w.16,924)..id(Bmr008.w.16,935)"/>
   </segment>
   <segment nite:id="Bmr008.segment.2,312" starttime="3652.46" endtime="3655.35" participant="mn005" timing-provenance="dialogueact">
      <nite:child href="Bmr008.C.words.xml#id(Bmr008.w.16,936)..id(Bmr008.w.16,944)"/>
   </segment>
   <segment nite:id="Bmr008.segment.2,315" starttime="3656.674" endtime="3658.027" participant="mn005" timing-provenance="segment">
      <nite:child href="Bmr008.C.words.xml#id(Bmr008.vocalsound.325)..id(Bmr008.w.16,952)"/>
   </segment>
   <segment nite:id="Bmr008.segment.2,316" starttime="3659.04" endtime="3659.55" participant="mn005" timing-provenance="dialogueact">
      <nite:child href="Bmr008.C.words.xml#id(Bmr008.w.16,953)..id(Bmr008.w.16,957)"/>
   </segment>
   <segment nite:id="Bmr008.segment.2,319" starttime="3661.83" endtime="3662.64" participant="mn005" timing-provenance="dialogueact">
      <nite:child href="Bmr008.C.words.xml#id(Bmr008.w.16,964)..id(Bmr008.pause.238)"/>
   </segment>
   <segment nite:id="Bmr008.segment.2,320" starttime="3662.64" endtime="3663.52" participant="mn005" timing-provenance="dialogueact">
      <nite:child href="Bmr008.C.words.xml#id(Bmr008.w.16,965)..id(Bmr008.w.16,969)"/>
   </segment>
   <segment nite:id="Bmr008.segment.2,323" starttime="3664.27" endtime="3668.87" participant="mn005" timing-provenance="dialogueact">
      <nite:child href="Bmr008.C.words.xml#id(Bmr008.w.16,974)..id(Bmr008.w.16,988)"/>
   </segment>
   <segment nite:id="Bmr008.segment.2,324" starttime="3668.87" endtime="3674.7" participant="mn005" timing-provenance="dialogueact">
      <nite:child href="Bmr008.C.words.xml#id(Bmr008.w.16,989)..id(Bmr008.w.17,003)"/>
   </segment>
   <segment nite:id="Bmr008.segment.2,325" starttime="3675.57" endtime="3678.94" participant="mn005" timing-provenance="dialogueact">
      <nite:child href="Bmr008.C.words.xml#id(Bmr008.w.17,004)..id(Bmr008.w.17,012)"/>
   </segment>
   <segment nite:id="Bmr008.segment.2,326" starttime="3680.29" endtime="3682.17" participant="mn005" timing-provenance="dialogueact">
      <nite:child href="Bmr008.C.words.xml#id(Bmr008.w.17,013)..id(Bmr008.w.17,019)"/>
   </segment>
   <segment nite:id="Bmr008.segment.2,328" starttime="3684.28" endtime="3693.11" participant="mn005" timing-provenance="dialogueact">
      <nite:child href="Bmr008.C.words.xml#id(Bmr008.w.17,025)..id(Bmr008.w.17,052)"/>
   </segment>
   <segment nite:id="Bmr008.segment.2,329" starttime="3695.07" endtime="3700.75" participant="mn005" timing-provenance="dialogueact">
      <nite:child href="Bmr008.C.words.xml#id(Bmr008.w.17,053)..id(Bmr008.w.17,074)"/>
   </segment>
   <segment nite:id="Bmr008.segment.2,330" starttime="3702.03" endtime="3702.47" participant="mn005" timing-provenance="dialogueact">
      <nite:child href="Bmr008.C.words.xml#id(Bmr008.w.17,075)..id(Bmr008.w.17,077)"/>
   </segment>
   <segment nite:id="Bmr008.segment.2,333" starttime="3705.56" endtime="3705.85" participant="mn005" timing-provenance="dialogueact">
      <nite:child href="Bmr008.C.words.xml#id(Bmr008.w.17,117)..id(Bmr008.w.17,118)"/>
   </segment>
   <segment nite:id="Bmr008.segment.2,334" starttime="3708.09" endtime="3708.52" participant="mn005" timing-provenance="dialogueact">
      <nite:child href="Bmr008.C.words.xml#id(Bmr008.w.17,119)..id(Bmr008.w.17,120)"/>
   </segment>
   <segment nite:id="Bmr008.segment.2,336" starttime="3709.72" endtime="3713.28" participant="mn005" timing-provenance="dialogueact">
      <nite:child href="Bmr008.C.words.xml#id(Bmr008.w.17,128)..id(Bmr008.w.17,140)"/>
   </segment>
   <segment nite:id="Bmr008.segment.2,339" starttime="3714.633" endtime="3716.565" participant="mn005" timing-provenance="segment">
      <nite:child href="Bmr008.C.words.xml#id(Bmr008.w.17,144)..id(Bmr008.disfmarker.741)"/>
   </segment>
   <segment nite:id="Bmr008.segment.2,346" starttime="3719.41" endtime="3719.62" participant="mn005" timing-provenance="dialogueact">
      <nite:child href="Bmr008.C.words.xml#id(Bmr008.w.17,177)..id(Bmr008.w.17,178)"/>
   </segment>
   <segment nite:id="Bmr008.segment.2,348" starttime="3722.11" endtime="3723.53" participant="mn005" timing-provenance="dialogueact">
      <nite:child href="Bmr008.C.words.xml#id(Bmr008.w.17,187)..id(Bmr008.w.17,189)"/>
   </segment>
   <segment nite:id="Bmr008.segment.2,350" starttime="3724.66" endtime="3725.18" participant="mn005" timing-provenance="dialogueact">
      <nite:child href="Bmr008.C.words.xml#id(Bmr008.w.17,197)..id(Bmr008.w.17,201)"/>
   </segment>
   <segment nite:id="Bmr008.segment.2,351" starttime="3725.62" endtime="3729.04" participant="mn005" timing-provenance="dialogueact">
      <nite:child href="Bmr008.C.words.xml#id(Bmr008.w.17,202)..id(Bmr008.w.17,214)"/>
   </segment>
   <segment nite:id="Bmr008.segment.2,352" starttime="3729.435" endtime="3732.631" participant="mn005" timing-provenance="segment">
      <nite:child href="Bmr008.C.words.xml#id(Bmr008.w.17,215)..id(Bmr008.disfmarker.744)"/>
   </segment>
   <segment nite:id="Bmr008.segment.2,353" starttime="3731.96" endtime="3736.88" participant="mn005" timing-provenance="dialogueact">
      <nite:child href="Bmr008.C.words.xml#id(Bmr008.w.17,222)..id(Bmr008.w.17,235)"/>
   </segment>
   <segment nite:id="Bmr008.segment.2,354" starttime="3737.3" endtime="3746.47" participant="mn005" timing-provenance="dialogueact">
      <nite:child href="Bmr008.C.words.xml#id(Bmr008.w.17,236)..id(Bmr008.w.17,262)"/>
   </segment>
   <segment nite:id="Bmr008.segment.2,356" starttime="3747.2" endtime="3748.82" participant="mn005" timing-provenance="dialogueact">
      <nite:child href="Bmr008.C.words.xml#id(Bmr008.w.17,267)..id(Bmr008.w.17,271)"/>
   </segment>
   <segment nite:id="Bmr008.segment.2,358" starttime="3749.33" endtime="3749.96" participant="mn005" timing-provenance="dialogueact">
      <nite:child href="Bmr008.C.words.xml#id(Bmr008.w.17,276)..id(Bmr008.w.17,278)"/>
   </segment>
   <segment nite:id="Bmr008.segment.2,359" starttime="3750.4" endtime="3752.99" participant="mn005" timing-provenance="segment">
      <nite:child href="Bmr008.C.words.xml#id(Bmr008.vocalsound.327)..id(Bmr008.w.17,285)"/>
   </segment>
   <segment nite:id="Bmr008.segment.2,361" starttime="3753.37" endtime="3754.23" participant="mn005" timing-provenance="dialogueact">
      <nite:child href="Bmr008.C.words.xml#id(Bmr008.w.17,288)..id(Bmr008.w.17,293)"/>
   </segment>
   <segment nite:id="Bmr008.segment.2,363" starttime="3754.946" endtime="3756.31" participant="mn005" timing-provenance="segment">
      <nite:child href="Bmr008.C.words.xml#id(Bmr008.w.17,309)..id(Bmr008.disfmarker.752)"/>
   </segment>
   <segment nite:id="Bmr008.segment.2,364" starttime="3756.66" endtime="3757.27" participant="mn005" timing-provenance="dialogueact">
      <nite:child href="Bmr008.C.words.xml#id(Bmr008.w.17,315)..id(Bmr008.w.17,318)"/>
   </segment>
   <segment nite:id="Bmr008.segment.2,367" starttime="3758.56" endtime="3763.18" participant="mn005" timing-provenance="dialogueact">
      <nite:child href="Bmr008.C.words.xml#id(Bmr008.w.17,323)..id(Bmr008.w.17,339)"/>
   </segment>
   <segment nite:id="Bmr008.segment.2,376" starttime="3772.937" endtime="3773.653" participant="mn005" timing-provenance="segment">
      <nite:child href="Bmr008.C.words.xml#id(Bmr008.w.17,390)..id(Bmr008.disfmarker.757)"/>
   </segment>
   <segment nite:id="Bmr008.segment.2,377" starttime="3774.46" endtime="3777.92" participant="mn005" timing-provenance="dialogueact">
      <nite:child href="Bmr008.C.words.xml#id(Bmr008.w.17,391)..id(Bmr008.w.17,406)"/>
   </segment>
   <segment nite:id="Bmr008.segment.2,378" starttime="3778.53" endtime="3779.11" participant="mn005" timing-provenance="dialogueact">
      <nite:child href="Bmr008.C.words.xml#id(Bmr008.w.17,407)"/>
   </segment>
   <segment nite:id="Bmr008.segment.2,379" starttime="3779.73" endtime="3780.4" participant="mn005" timing-provenance="dialogueact">
      <nite:child href="Bmr008.C.words.xml#id(Bmr008.w.17,408)..id(Bmr008.w.17,409)"/>
   </segment>
   <segment nite:id="Bmr008.segment.2,380" starttime="3781.68" endtime="3783.44" participant="mn005" timing-provenance="dialogueact">
      <nite:child href="Bmr008.C.words.xml#id(Bmr008.w.17,410)..id(Bmr008.w.17,415)"/>
   </segment>
   <segment nite:id="Bmr008.segment.2,381" starttime="3784.35" endtime="3784.99" participant="mn005" timing-provenance="dialogueact">
      <nite:child href="Bmr008.C.words.xml#id(Bmr008.w.17,416)..id(Bmr008.w.17,420)"/>
   </segment>
   <segment nite:id="Bmr008.segment.2,385" starttime="3790.38" endtime="3791.14" participant="mn005" timing-provenance="dialogueact">
      <nite:child href="Bmr008.C.words.xml#id(Bmr008.w.17,455)..id(Bmr008.w.17,457)"/>
   </segment>
   <segment nite:id="Bmr008.segment.2,388" starttime="3795.07" endtime="3795.26" participant="mn005" timing-provenance="dialogueact">
      <nite:child href="Bmr008.C.words.xml#id(Bmr008.w.17,466)..id(Bmr008.w.17,467)"/>
   </segment>
   <segment nite:id="Bmr008.segment.2,391" starttime="3798.99" endtime="3801.09" participant="mn005" timing-provenance="dialogueact">
      <nite:child href="Bmr008.C.words.xml#id(Bmr008.w.17,474)..id(Bmr008.pause.245)"/>
   </segment>
   <segment nite:id="Bmr008.segment.2,393" starttime="3801.09" endtime="3802.27" participant="mn005" timing-provenance="dialogueact">
      <nite:child href="Bmr008.C.words.xml#id(Bmr008.w.17,482)..id(Bmr008.w.17,489)"/>
   </segment>
   <segment nite:id="Bmr008.segment.2,397" starttime="3806.06" endtime="3806.35" participant="mn005" timing-provenance="dialogueact">
      <nite:child href="Bmr008.C.words.xml#id(Bmr008.w.17,499)..id(Bmr008.w.17,500)"/>
   </segment>
   <segment nite:id="Bmr008.segment.2,399" starttime="3808.22" endtime="3809.14" participant="mn005" timing-provenance="dialogueact">
      <nite:child href="Bmr008.C.words.xml#id(Bmr008.w.17,520)..id(Bmr008.w.17,524)"/>
   </segment>
   <segment nite:id="Bmr008.segment.2,401" starttime="3810.96" endtime="3813.96" participant="mn005" timing-provenance="dialogueact">
      <nite:child href="Bmr008.C.words.xml#id(Bmr008.w.17,527)..id(Bmr008.w.17,538)"/>
   </segment>
   <segment nite:id="Bmr008.segment.2,404" starttime="3814.43" endtime="3817.15" participant="mn005" timing-provenance="dialogueact">
      <nite:child href="Bmr008.C.words.xml#id(Bmr008.w.17,543)..id(Bmr008.w.17,549)"/>
   </segment>
   <segment nite:id="Bmr008.segment.2,407" starttime="3817.49" endtime="3819.01" participant="mn005" timing-provenance="dialogueact">
      <nite:child href="Bmr008.C.words.xml#id(Bmr008.w.17,556)..id(Bmr008.w.17,564)"/>
   </segment>
   <segment nite:id="Bmr008.segment.2,409" starttime="3819.01" endtime="3823.17" participant="mn005" timing-provenance="dialogueact">
      <nite:child href="Bmr008.C.words.xml#id(Bmr008.w.17,567)..id(Bmr008.w.17,575)"/>
   </segment>
   <segment nite:id="Bmr008.segment.2,410" starttime="3824.0" endtime="3825.17" participant="mn005" timing-provenance="dialogueact">
      <nite:child href="Bmr008.C.words.xml#id(Bmr008.w.17,576)..id(Bmr008.pause.246)"/>
   </segment>
   <segment nite:id="Bmr008.segment.2,412" starttime="3825.17" endtime="3828.04" participant="mn005" timing-provenance="dialogueact">
      <nite:child href="Bmr008.C.words.xml#id(Bmr008.w.17,580)..id(Bmr008.w.17,590)"/>
   </segment>
   <segment nite:id="Bmr008.segment.2,413" starttime="3828.04" endtime="3834.98" participant="mn005" timing-provenance="dialogueact">
      <nite:child href="Bmr008.C.words.xml#id(Bmr008.w.17,591)..id(Bmr008.w.17,609)"/>
   </segment>
   <segment nite:id="Bmr008.segment.2,414" starttime="3835.15" endtime="3838.82" participant="mn005" timing-provenance="dialogueact">
      <nite:child href="Bmr008.C.words.xml#id(Bmr008.w.17,610)..id(Bmr008.w.17,618)"/>
   </segment>
   <segment nite:id="Bmr008.segment.2,416" starttime="3838.89" endtime="3839.44" participant="mn005" timing-provenance="dialogueact">
      <nite:child href="Bmr008.C.words.xml#id(Bmr008.w.17,621)..id(Bmr008.w.17,622)"/>
   </segment>
   <segment nite:id="Bmr008.segment.2,418" starttime="3841.472" endtime="3843.295" participant="mn005" timing-provenance="segment">
      <nite:child href="Bmr008.C.words.xml#id(Bmr008.vocalsound.332)..id(Bmr008.w.17,658)"/>
   </segment>
   <segment nite:id="Bmr008.segment.2,422" starttime="3843.295" endtime="3846.271" participant="mn005" timing-provenance="segment">
      <nite:child href="Bmr008.C.words.xml#id(Bmr008.vocalsound.335)"/>
   </segment>
   <segment nite:id="Bmr008.segment.2,513" starttime="4003.47" endtime="4009.312" participant="mn005" digittask="true" timing-provenance="segment">
      <nite:child href="Bmr008.C.words.xml#id(Bmr008.w.17,988)..id(Bmr008.comment.133)"/>
   </segment>
   <segment nite:id="Bmr008.segment.2,514" starttime="4009.5" endtime="4010.54" participant="mn005" digittask="true" timing-provenance="segment">
      <nite:child href="Bmr008.C.words.xml#id(Bmr008.w.17,999)..id(Bmr008.comment.134)"/>
   </segment>
   <segment nite:id="Bmr008.segment.2,515" starttime="4011.044" endtime="4012.404" participant="mn005" digittask="true" timing-provenance="segment">
      <nite:child href="Bmr008.C.words.xml#id(Bmr008.w.18,000)..id(Bmr008.comment.135)"/>
   </segment>
   <segment nite:id="Bmr008.segment.2,516" starttime="4012.565" endtime="4014.362" participant="mn005" digittask="true" timing-provenance="segment">
      <nite:child href="Bmr008.C.words.xml#id(Bmr008.w.18,004)..id(Bmr008.comment.136)"/>
   </segment>
   <segment nite:id="Bmr008.segment.2,517" starttime="4014.571" endtime="4015.892" participant="mn005" digittask="true" timing-provenance="segment">
      <nite:child href="Bmr008.C.words.xml#id(Bmr008.w.18,009)..id(Bmr008.comment.137)"/>
   </segment>
   <segment nite:id="Bmr008.segment.2,518" starttime="4015.892" endtime="4017.375" participant="mn005" digittask="true" timing-provenance="segment">
      <nite:child href="Bmr008.C.words.xml#id(Bmr008.w.18,012)..id(Bmr008.comment.138)"/>
   </segment>
   <segment nite:id="Bmr008.segment.2,519" starttime="4017.471" endtime="4019.314" participant="mn005" digittask="true" timing-provenance="segment">
      <nite:child href="Bmr008.C.words.xml#id(Bmr008.w.18,015)..id(Bmr008.comment.139)"/>
   </segment>
   <segment nite:id="Bmr008.segment.2,520" starttime="4019.713" endtime="4020.066" participant="mn005" digittask="true" timing-provenance="segment">
      <nite:child href="Bmr008.C.words.xml#id(Bmr008.w.18,020)..id(Bmr008.comment.140)"/>
   </segment>
   <segment nite:id="Bmr008.segment.2,521" starttime="4020.464" endtime="4021.548" participant="mn005" digittask="true" timing-provenance="segment">
      <nite:child href="Bmr008.C.words.xml#id(Bmr008.w.18,021)..id(Bmr008.comment.141)"/>
   </segment>
   <segment nite:id="Bmr008.segment.2,522" starttime="4021.89" endtime="4023.437" participant="mn005" digittask="true" timing-provenance="segment">
      <nite:child href="Bmr008.C.words.xml#id(Bmr008.w.18,024)..id(Bmr008.comment.142)"/>
   </segment>
   <segment nite:id="Bmr008.segment.2,523" starttime="4023.772" endtime="4025.854" participant="mn005" digittask="true" timing-provenance="segment">
      <nite:child href="Bmr008.C.words.xml#id(Bmr008.w.18,028)..id(Bmr008.comment.143)"/>
   </segment>
   <segment nite:id="Bmr008.segment.2,524" starttime="4026.263" endtime="4028.231" participant="mn005" digittask="true" timing-provenance="segment">
      <nite:child href="Bmr008.C.words.xml#id(Bmr008.w.18,033)..id(Bmr008.comment.144)"/>
   </segment>
   <segment nite:id="Bmr008.segment.2,525" starttime="4028.449" endtime="4032.582" participant="mn005" digittask="true" timing-provenance="segment">
      <nite:child href="Bmr008.C.words.xml#id(Bmr008.w.18,037)..id(Bmr008.comment.145)"/>
   </segment>
   <segment nite:id="Bmr008.segment.2,526" starttime="4033.05" endtime="4033.544" participant="mn005" digittask="true" timing-provenance="segment">
      <nite:child href="Bmr008.C.words.xml#id(Bmr008.w.18,046)..id(Bmr008.comment.146)"/>
   </segment>
   <segment nite:id="Bmr008.segment.2,527" starttime="4033.61" endtime="4033.953" participant="mn005" digittask="true" timing-provenance="segment">
      <nite:child href="Bmr008.C.words.xml#id(Bmr008.w.18,047)..id(Bmr008.comment.147)"/>
   </segment>
   <segment nite:id="Bmr008.segment.2,528" starttime="4034.38" endtime="4037.803" participant="mn005" digittask="true" timing-provenance="segment">
      <nite:child href="Bmr008.C.words.xml#id(Bmr008.w.18,048)..id(Bmr008.comment.148)"/>
   </segment>
   <segment nite:id="Bmr008.segment.2,529" starttime="4038.525" endtime="4040.717" participant="mn005" digittask="true" timing-provenance="segment">
      <nite:child href="Bmr008.C.words.xml#id(Bmr008.w.18,055)..id(Bmr008.comment.149)"/>
   </segment>
   <segment nite:id="Bmr008.segment.2,530" starttime="4041.034" endtime="4041.89" participant="mn005" digittask="true" timing-provenance="segment">
      <nite:child href="Bmr008.C.words.xml#id(Bmr008.w.18,060)..id(Bmr008.comment.150)"/>
   </segment>
   <segment nite:id="Bmr008.segment.2,531" starttime="4041.89" endtime="4043.021" participant="mn005" digittask="true" timing-provenance="segment">
      <nite:child href="Bmr008.C.words.xml#id(Bmr008.w.18,062)..id(Bmr008.comment.151)"/>
   </segment>
   <segment nite:id="Bmr008.segment.2,532" starttime="4043.439" endtime="4043.982" participant="mn005" digittask="true" timing-provenance="segment">
      <nite:child href="Bmr008.C.words.xml#id(Bmr008.w.18,065)..id(Bmr008.comment.152)"/>
   </segment>
   <segment nite:id="Bmr008.segment.2,533" starttime="4044.038" endtime="4045.34" participant="mn005" digittask="true" timing-provenance="segment">
      <nite:child href="Bmr008.C.words.xml#id(Bmr008.w.18,066)..id(Bmr008.comment.153)"/>
   </segment>
   <segment nite:id="Bmr008.segment.2,559" starttime="4089.61" endtime="4089.96" participant="mn005" timing-provenance="dialogueact">
      <nite:child href="Bmr008.C.words.xml#id(Bmr008.w.18,155)..id(Bmr008.w.18,156)"/>
   </segment>
   <segment nite:id="Bmr008.segment.2,560" starttime="4090.018" endtime="4091.066" participant="mn005" timing-provenance="segment">
      <nite:child href="Bmr008.C.words.xml#id(Bmr008.vocalsound.337)"/>
   </segment>
</nite:root>