<?xml version="1.0" encoding="ISO-8859-1" standalone="yes"?>
<nite:root nite:id="Bmr008.A.segs" xmlns:nite="http://nite.sourceforge.net/">
   <segment nite:id="Bmr008.segment.2" starttime="0.701" endtime="1.541" participant="fe016" timing-provenance="dialogueact">
      <nite:child href="Bmr008.A.words.xml#id(Bmr008.w.1)..id(Bmr008.w.5)"/>
   </segment>
   <segment nite:id="Bmr008.segment.11" starttime="6.427" endtime="8.377" participant="fe016" timing-provenance="dialogueact">
      <nite:child href="Bmr008.A.words.xml#id(Bmr008.w.41)..id(Bmr008.w.52)"/>
   </segment>
   <segment nite:id="Bmr008.segment.17" starttime="12.348" endtime="13.568" participant="fe016" timing-provenance="dialogueact">
      <nite:child href="Bmr008.A.words.xml#id(Bmr008.w.87)..id(Bmr008.w.92)"/>
   </segment>
   <segment nite:id="Bmr008.segment.21" starttime="14.962" endtime="16.332" participant="fe016" timing-provenance="dialogueact">
      <nite:child href="Bmr008.A.words.xml#id(Bmr008.w.101)..id(Bmr008.w.110)"/>
   </segment>
   <segment nite:id="Bmr008.segment.129" starttime="189.176" endtime="190.746" participant="fe016" timing-provenance="dialogueact">
      <nite:child href="Bmr008.A.words.xml#id(Bmr008.w.808)..id(Bmr008.w.817)"/>
   </segment>
   <segment nite:id="Bmr008.segment.130" starttime="191.865" endtime="193.585" participant="fe016" timing-provenance="dialogueact">
      <nite:child href="Bmr008.A.words.xml#id(Bmr008.w.818)..id(Bmr008.w.827)"/>
   </segment>
   <segment nite:id="Bmr008.segment.134" starttime="194.046" endtime="196.384" participant="fe016" timing-provenance="segment">
      <nite:child href="Bmr008.A.words.xml#id(Bmr008.w.833)..id(Bmr008.w.844)"/>
   </segment>
   <segment nite:id="Bmr008.segment.144" starttime="207.04" endtime="207.19" participant="fe016" timing-provenance="dialogueact">
      <nite:child href="Bmr008.A.words.xml#id(Bmr008.w.895)..id(Bmr008.w.896)"/>
   </segment>
   <segment nite:id="Bmr008.segment.219" starttime="328.241" endtime="329.064" participant="fe016" timing-provenance="segment">
      <nite:child href="Bmr008.A.words.xml#id(Bmr008.vocalsound.34)"/>
   </segment>
   <segment nite:id="Bmr008.segment.304" starttime="428.872" endtime="429.353" participant="fe016" timing-provenance="segment">
      <nite:child href="Bmr008.A.words.xml#id(Bmr008.w.1,955)..id(Bmr008.disfmarker.64)"/>
   </segment>
   <segment nite:id="Bmr008.segment.305" starttime="429.353" endtime="429.72" participant="fe016" timing-provenance="segment">
      <nite:child href="Bmr008.A.words.xml#id(Bmr008.vocalsound.42)"/>
   </segment>
   <segment nite:id="Bmr008.segment.306" starttime="429.77" endtime="431.87" participant="fe016" timing-provenance="dialogueact">
      <nite:child href="Bmr008.A.words.xml#id(Bmr008.w.1,957)..id(Bmr008.w.1,969)"/>
   </segment>
   <segment nite:id="Bmr008.segment.310" starttime="434.51" endtime="436.02" participant="fe016" timing-provenance="dialogueact">
      <nite:child href="Bmr008.A.words.xml#id(Bmr008.w.1,983)..id(Bmr008.w.1,992)"/>
   </segment>
   <segment nite:id="Bmr008.segment.311" starttime="436.17" endtime="437.39" participant="fe016" timing-provenance="dialogueact">
      <nite:child href="Bmr008.A.words.xml#id(Bmr008.w.1,993)..id(Bmr008.pause.48)"/>
   </segment>
   <segment nite:id="Bmr008.segment.312" starttime="437.39" endtime="440.13" participant="fe016" timing-provenance="dialogueact">
      <nite:child href="Bmr008.A.words.xml#id(Bmr008.w.1,996)..id(Bmr008.w.2,015)"/>
   </segment>
   <segment nite:id="Bmr008.segment.313" starttime="440.246" endtime="442.403" participant="fe016" timing-provenance="segment">
      <nite:child href="Bmr008.A.words.xml#id(Bmr008.w.2,016)..id(Bmr008.disfmarker.65)"/>
   </segment>
   <segment nite:id="Bmr008.segment.317" starttime="442.46" endtime="447.2" participant="fe016" timing-provenance="dialogueact">
      <nite:child href="Bmr008.A.words.xml#id(Bmr008.w.2,040)..id(Bmr008.w.2,057)"/>
   </segment>
   <segment nite:id="Bmr008.segment.321" starttime="447.587" endtime="448.337" participant="fe016" timing-provenance="dialogueact">
      <nite:child href="Bmr008.A.words.xml#id(Bmr008.w.2,062)..id(Bmr008.w.2,063)"/>
   </segment>
   <segment nite:id="Bmr008.segment.323" starttime="448.908" endtime="450.018" participant="fe016" timing-provenance="dialogueact">
      <nite:child href="Bmr008.A.words.xml#id(Bmr008.w.2,084)..id(Bmr008.w.2,087)"/>
   </segment>
   <segment nite:id="Bmr008.segment.326" starttime="454.582" endtime="455.482" participant="fe016" timing-provenance="segment">
      <nite:child href="Bmr008.A.words.xml#id(Bmr008.w.2,099)..id(Bmr008.disfmarker.68)"/>
   </segment>
   <segment nite:id="Bmr008.segment.330" starttime="455.482" endtime="456.86" participant="fe016" timing-provenance="segment">
      <nite:child href="Bmr008.A.words.xml#id(Bmr008.w.2,112)..id(Bmr008.disfmarker.70)"/>
   </segment>
   <segment nite:id="Bmr008.segment.331" starttime="456.86" endtime="458.04" participant="fe016" timing-provenance="segment">
      <nite:child href="Bmr008.A.words.xml#id(Bmr008.w.2,117)..id(Bmr008.disfmarker.72)"/>
   </segment>
   <segment nite:id="Bmr008.segment.332" starttime="458.022" endtime="459.192" participant="fe016" timing-provenance="dialogueact">
      <nite:child href="Bmr008.A.words.xml#id(Bmr008.w.2,121)..id(Bmr008.w.2,129)"/>
   </segment>
   <segment nite:id="Bmr008.segment.335" starttime="459.428" endtime="461.371" participant="fe016" timing-provenance="segment">
      <nite:child href="Bmr008.A.words.xml#id(Bmr008.w.2,134)..id(Bmr008.disfmarker.74)"/>
   </segment>
   <segment nite:id="Bmr008.segment.339" starttime="462.759" endtime="463.251" participant="fe016" timing-provenance="segment">
      <nite:child href="Bmr008.A.words.xml#id(Bmr008.w.2,158)..id(Bmr008.disfmarker.76)"/>
   </segment>
   <segment nite:id="Bmr008.segment.342" starttime="467.411" endtime="468.137" participant="fe016" timing-provenance="segment">
      <nite:child href="Bmr008.A.words.xml#id(Bmr008.w.2,176)..id(Bmr008.disfmarker.77)"/>
   </segment>
   <segment nite:id="Bmr008.segment.347" starttime="471.498" endtime="472.838" participant="fe016" timing-provenance="dialogueact">
      <nite:child href="Bmr008.A.words.xml#id(Bmr008.w.2,196)..id(Bmr008.w.2,202)"/>
   </segment>
   <segment nite:id="Bmr008.segment.349" starttime="472.948" endtime="474.318" participant="fe016" timing-provenance="dialogueact">
      <nite:child href="Bmr008.A.words.xml#id(Bmr008.w.2,207)..id(Bmr008.w.2,213)"/>
   </segment>
   <segment nite:id="Bmr008.segment.351" starttime="474.648" endtime="477.158" participant="fe016" timing-provenance="dialogueact">
      <nite:child href="Bmr008.A.words.xml#id(Bmr008.w.2,220)..id(Bmr008.w.2,232)"/>
   </segment>
   <segment nite:id="Bmr008.segment.352" starttime="477.322" endtime="480.164" participant="fe016" timing-provenance="segment">
      <nite:child href="Bmr008.A.words.xml#id(Bmr008.w.2,233)..id(Bmr008.vocalsound.48)"/>
   </segment>
   <segment nite:id="Bmr008.segment.353" starttime="480.204" endtime="480.444" participant="fe016" timing-provenance="dialogueact">
      <nite:child href="Bmr008.A.words.xml#id(Bmr008.w.2,249)"/>
   </segment>
   <segment nite:id="Bmr008.segment.355" starttime="481.705" endtime="482.845" participant="fe016" timing-provenance="dialogueact">
      <nite:child href="Bmr008.A.words.xml#id(Bmr008.w.2,260)..id(Bmr008.w.2,268)"/>
   </segment>
   <segment nite:id="Bmr008.segment.364" starttime="496.488" endtime="496.858" participant="fe016" timing-provenance="dialogueact">
      <nite:child href="Bmr008.A.words.xml#id(Bmr008.w.2,341)..id(Bmr008.w.2,342)"/>
   </segment>
   <segment nite:id="Bmr008.segment.373" starttime="504.664" endtime="505.034" participant="fe016" timing-provenance="dialogueact">
      <nite:child href="Bmr008.A.words.xml#id(Bmr008.w.2,391)..id(Bmr008.w.2,392)"/>
   </segment>
   <segment nite:id="Bmr008.segment.375" starttime="505.244" endtime="505.374" participant="fe016" timing-provenance="dialogueact">
      <nite:child href="Bmr008.A.words.xml#id(Bmr008.w.2,395)..id(Bmr008.w.2,396)"/>
   </segment>
   <segment nite:id="Bmr008.segment.378" starttime="508.6" endtime="508.89" participant="fe016" timing-provenance="dialogueact">
      <nite:child href="Bmr008.A.words.xml#id(Bmr008.w.2,405)..id(Bmr008.w.2,406)"/>
   </segment>
   <segment nite:id="Bmr008.segment.379" starttime="509.14" endtime="511.8" participant="fe016" timing-provenance="dialogueact">
      <nite:child href="Bmr008.A.words.xml#id(Bmr008.w.2,407)..id(Bmr008.w.2,416)"/>
   </segment>
   <segment nite:id="Bmr008.segment.383" starttime="512.04" endtime="514.29" participant="fe016" timing-provenance="dialogueact">
      <nite:child href="Bmr008.A.words.xml#id(Bmr008.w.2,425)..id(Bmr008.w.2,435)"/>
   </segment>
   <segment nite:id="Bmr008.segment.386" starttime="514.38" endtime="515.32" participant="fe016" timing-provenance="dialogueact">
      <nite:child href="Bmr008.A.words.xml#id(Bmr008.w.2,460)..id(Bmr008.w.2,463)"/>
   </segment>
   <segment nite:id="Bmr008.segment.406" starttime="539.979" endtime="544.769" participant="fe016" timing-provenance="dialogueact">
      <nite:child href="Bmr008.A.words.xml#id(Bmr008.w.2,558)..id(Bmr008.w.2,576)"/>
   </segment>
   <segment nite:id="Bmr008.segment.411" starttime="546.322" endtime="548.922" participant="fe016" timing-provenance="dialogueact">
      <nite:child href="Bmr008.A.words.xml#id(Bmr008.w.2,598)..id(Bmr008.w.2,610)"/>
   </segment>
   <segment nite:id="Bmr008.segment.412" starttime="549.012" endtime="552.192" participant="fe016" timing-provenance="dialogueact">
      <nite:child href="Bmr008.A.words.xml#id(Bmr008.w.2,611)..id(Bmr008.w.2,619)"/>
   </segment>
   <segment nite:id="Bmr008.segment.413" starttime="552.372" endtime="553.962" participant="fe016" timing-provenance="dialogueact">
      <nite:child href="Bmr008.A.words.xml#id(Bmr008.w.2,620)..id(Bmr008.w.2,625)"/>
   </segment>
   <segment nite:id="Bmr008.segment.418" starttime="557.327" endtime="559.487" participant="fe016" timing-provenance="dialogueact">
      <nite:child href="Bmr008.A.words.xml#id(Bmr008.w.2,644)..id(Bmr008.w.2,653)"/>
   </segment>
   <segment nite:id="Bmr008.segment.424" starttime="560.248" endtime="560.368" participant="fe016" timing-provenance="dialogueact">
      <nite:child href="Bmr008.A.words.xml#id(Bmr008.w.2,673)..id(Bmr008.w.2,674)"/>
   </segment>
   <segment nite:id="Bmr008.segment.425" starttime="563.381" endtime="566.461" participant="fe016" timing-provenance="dialogueact">
      <nite:child href="Bmr008.A.words.xml#id(Bmr008.w.2,675)..id(Bmr008.w.2,690)"/>
   </segment>
   <segment nite:id="Bmr008.segment.426" starttime="566.763" endtime="567.521" participant="fe016" timing-provenance="segment">
      <nite:child href="Bmr008.A.words.xml#id(Bmr008.w.2,691)..id(Bmr008.w.2,692)"/>
   </segment>
   <segment nite:id="Bmr008.segment.427" starttime="567.561" endtime="570.161" participant="fe016" timing-provenance="dialogueact">
      <nite:child href="Bmr008.A.words.xml#id(Bmr008.w.2,693)..id(Bmr008.w.2,701)"/>
   </segment>
   <segment nite:id="Bmr008.segment.429" starttime="570.674" endtime="571.374" participant="fe016" timing-provenance="dialogueact">
      <nite:child href="Bmr008.A.words.xml#id(Bmr008.w.2,706)..id(Bmr008.w.2,709)"/>
   </segment>
   <segment nite:id="Bmr008.segment.432" starttime="571.704" endtime="572.344" participant="fe016" timing-provenance="dialogueact">
      <nite:child href="Bmr008.A.words.xml#id(Bmr008.w.2,712)..id(Bmr008.w.2,717)"/>
   </segment>
   <segment nite:id="Bmr008.segment.434" starttime="572.444" endtime="572.994" participant="fe016" timing-provenance="dialogueact">
      <nite:child href="Bmr008.A.words.xml#id(Bmr008.w.2,738)..id(Bmr008.w.2,743)"/>
   </segment>
   <segment nite:id="Bmr008.segment.453" starttime="619.667" endtime="620.027" participant="fe016" timing-provenance="dialogueact">
      <nite:child href="Bmr008.A.words.xml#id(Bmr008.w.2,917)..id(Bmr008.w.2,918)"/>
   </segment>
   <segment nite:id="Bmr008.segment.513" starttime="697.969" endtime="698.979" participant="fe016" timing-provenance="dialogueact">
      <nite:child href="Bmr008.A.words.xml#id(Bmr008.w.3,342)..id(Bmr008.w.3,348)"/>
   </segment>
   <segment nite:id="Bmr008.segment.518" starttime="708.17" endtime="708.56" participant="fe016" timing-provenance="dialogueact">
      <nite:child href="Bmr008.A.words.xml#id(Bmr008.w.3,385)..id(Bmr008.w.3,388)"/>
   </segment>
   <segment nite:id="Bmr008.segment.519" starttime="708.73" endtime="711.64" participant="fe016" timing-provenance="dialogueact">
      <nite:child href="Bmr008.A.words.xml#id(Bmr008.w.3,389)..id(Bmr008.w.3,403)"/>
   </segment>
   <segment nite:id="Bmr008.segment.522" starttime="711.86" endtime="712.1" participant="fe016" timing-provenance="dialogueact">
      <nite:child href="Bmr008.A.words.xml#id(Bmr008.w.3,406)..id(Bmr008.w.3,407)"/>
   </segment>
   <segment nite:id="Bmr008.segment.524" starttime="712.968" endtime="714.107" participant="fe016" timing-provenance="segment">
      <nite:child href="Bmr008.A.words.xml#id(Bmr008.w.3,431)..id(Bmr008.disfmarker.123)"/>
   </segment>
   <segment nite:id="Bmr008.segment.526" starttime="714.231" endtime="718.205" participant="fe016" timing-provenance="segment">
      <nite:child href="Bmr008.A.words.xml#id(Bmr008.w.3,435)..id(Bmr008.vocalsound.75)"/>
   </segment>
   <segment nite:id="Bmr008.segment.532" starttime="718.205" endtime="718.98" participant="fe016" timing-provenance="segment">
      <nite:child href="Bmr008.A.words.xml#id(Bmr008.w.3,465)..id(Bmr008.disfmarker.128)"/>
   </segment>
   <segment nite:id="Bmr008.segment.534" starttime="722.081" endtime="725.751" participant="fe016" timing-provenance="dialogueact">
      <nite:child href="Bmr008.A.words.xml#id(Bmr008.w.3,497)..id(Bmr008.w.3,511)"/>
   </segment>
   <segment nite:id="Bmr008.segment.537" starttime="726.201" endtime="727.111" participant="fe016" timing-provenance="dialogueact">
      <nite:child href="Bmr008.A.words.xml#id(Bmr008.w.3,520)..id(Bmr008.w.3,521)"/>
   </segment>
   <segment nite:id="Bmr008.segment.551" starttime="751.156" endtime="752.136" participant="fe016" timing-provenance="dialogueact">
      <nite:child href="Bmr008.A.words.xml#id(Bmr008.w.3,621)..id(Bmr008.w.3,626)"/>
   </segment>
   <segment nite:id="Bmr008.segment.570" starttime="766.192" endtime="767.682" participant="fe016" timing-provenance="dialogueact">
      <nite:child href="Bmr008.A.words.xml#id(Bmr008.w.3,716)..id(Bmr008.w.3,720)"/>
   </segment>
   <segment nite:id="Bmr008.segment.572" starttime="768.538" endtime="770.558" participant="fe016" timing-provenance="dialogueact">
      <nite:child href="Bmr008.A.words.xml#id(Bmr008.w.3,721)..id(Bmr008.w.3,734)"/>
   </segment>
   <segment nite:id="Bmr008.segment.582" starttime="775.67" endtime="778.79" participant="fe016" timing-provenance="dialogueact">
      <nite:child href="Bmr008.A.words.xml#id(Bmr008.w.3,767)..id(Bmr008.w.3,781)"/>
   </segment>
   <segment nite:id="Bmr008.segment.589" starttime="778.951" endtime="780.858" participant="fe016" timing-provenance="segment">
      <nite:child href="Bmr008.A.words.xml#id(Bmr008.vocalsound.100)"/>
   </segment>
   <segment nite:id="Bmr008.segment.592" starttime="780.858" endtime="783.765" participant="fe016" timing-provenance="segment">
      <nite:child href="Bmr008.A.words.xml#id(Bmr008.vocalsound.103)..id(Bmr008.vocalsound.104)"/>
   </segment>
   <segment nite:id="Bmr008.segment.600" starttime="789.47" endtime="791.951" participant="fe016" timing-provenance="segment">
      <nite:child href="Bmr008.A.words.xml#id(Bmr008.w.3,836)..id(Bmr008.disfmarker.147)"/>
   </segment>
   <segment nite:id="Bmr008.segment.602" starttime="792.971" endtime="795.131" participant="fe016" timing-provenance="dialogueact">
      <nite:child href="Bmr008.A.words.xml#id(Bmr008.w.3,852)..id(Bmr008.w.3,860)"/>
   </segment>
   <segment nite:id="Bmr008.segment.608" starttime="797.961" endtime="798.694" participant="fe016" timing-provenance="segment">
      <nite:child href="Bmr008.A.words.xml#id(Bmr008.vocalsound.110)"/>
   </segment>
   <segment nite:id="Bmr008.segment.611" starttime="802.115" endtime="802.945" participant="fe016" timing-provenance="dialogueact">
      <nite:child href="Bmr008.A.words.xml#id(Bmr008.w.3,903)..id(Bmr008.w.3,907)"/>
   </segment>
   <segment nite:id="Bmr008.segment.613" starttime="806.508" endtime="808.308" participant="fe016" timing-provenance="dialogueact">
      <nite:child href="Bmr008.A.words.xml#id(Bmr008.w.3,921)..id(Bmr008.w.3,929)"/>
   </segment>
   <segment nite:id="Bmr008.segment.616" starttime="808.351" endtime="809.851" participant="fe016" timing-provenance="segment">
      <nite:child href="Bmr008.A.words.xml#id(Bmr008.w.3,952)..id(Bmr008.disfmarker.153)"/>
   </segment>
   <segment nite:id="Bmr008.segment.620" starttime="810.292" endtime="811.139" participant="fe016" timing-provenance="segment">
      <nite:child href="Bmr008.A.words.xml#id(Bmr008.w.3,959)..id(Bmr008.w.3,963)"/>
   </segment>
   <segment nite:id="Bmr008.segment.624" starttime="811.139" endtime="812.444" participant="fe016" timing-provenance="segment">
      <nite:child href="Bmr008.A.words.xml#id(Bmr008.vocalsound.115)"/>
   </segment>
   <segment nite:id="Bmr008.segment.642" starttime="825.32" endtime="825.71" participant="fe016" timing-provenance="dialogueact">
      <nite:child href="Bmr008.A.words.xml#id(Bmr008.w.4,050)..id(Bmr008.w.4,051)"/>
   </segment>
   <segment nite:id="Bmr008.segment.646" starttime="830.1" endtime="833.43" participant="fe016" timing-provenance="dialogueact">
      <nite:child href="Bmr008.A.words.xml#id(Bmr008.w.4,086)..id(Bmr008.w.4,100)"/>
   </segment>
   <segment nite:id="Bmr008.segment.647" starttime="833.64" endtime="834.85" participant="fe016" timing-provenance="dialogueact">
      <nite:child href="Bmr008.A.words.xml#id(Bmr008.w.4,101)..id(Bmr008.w.4,108)"/>
   </segment>
   <segment nite:id="Bmr008.segment.649" starttime="836.1" endtime="836.34" participant="fe016" timing-provenance="dialogueact">
      <nite:child href="Bmr008.A.words.xml#id(Bmr008.w.4,121)..id(Bmr008.w.4,122)"/>
   </segment>
   <segment nite:id="Bmr008.segment.653" starttime="837.327" endtime="838.677" participant="fe016" timing-provenance="dialogueact">
      <nite:child href="Bmr008.A.words.xml#id(Bmr008.w.4,123)..id(Bmr008.w.4,127)"/>
   </segment>
   <segment nite:id="Bmr008.segment.655" starttime="838.797" endtime="839.087" participant="fe016" timing-provenance="dialogueact">
      <nite:child href="Bmr008.A.words.xml#id(Bmr008.w.4,128)..id(Bmr008.w.4,131)"/>
   </segment>
   <segment nite:id="Bmr008.segment.679" starttime="868.959" endtime="869.309" participant="fe016" timing-provenance="dialogueact">
      <nite:child href="Bmr008.A.words.xml#id(Bmr008.w.4,309)..id(Bmr008.w.4,310)"/>
   </segment>
   <segment nite:id="Bmr008.segment.694" starttime="878.577" endtime="879.417" participant="fe016" timing-provenance="dialogueact">
      <nite:child href="Bmr008.A.words.xml#id(Bmr008.w.4,383)..id(Bmr008.w.4,388)"/>
   </segment>
   <segment nite:id="Bmr008.segment.698" starttime="882.58" endtime="888.33" participant="fe016" timing-provenance="dialogueact">
      <nite:child href="Bmr008.A.words.xml#id(Bmr008.w.4,393)..id(Bmr008.w.4,425)"/>
   </segment>
   <segment nite:id="Bmr008.segment.701" starttime="889.616" endtime="889.87" participant="fe016" timing-provenance="segment">
      <nite:child href="Bmr008.A.words.xml#id(Bmr008.w.4,440)..id(Bmr008.disfmarker.173)"/>
   </segment>
   <segment nite:id="Bmr008.segment.702" starttime="890.34" endtime="891.87" participant="fe016" timing-provenance="dialogueact">
      <nite:child href="Bmr008.A.words.xml#id(Bmr008.w.4,442)..id(Bmr008.w.4,450)"/>
   </segment>
   <segment nite:id="Bmr008.segment.756" starttime="990.158" endtime="991.848" participant="fe016" timing-provenance="dialogueact">
      <nite:child href="Bmr008.A.words.xml#id(Bmr008.w.4,910)..id(Bmr008.pause.79)"/>
   </segment>
   <segment nite:id="Bmr008.segment.758" starttime="991.848" endtime="992.208" participant="fe016" timing-provenance="dialogueact">
      <nite:child href="Bmr008.A.words.xml#id(Bmr008.w.4,926)..id(Bmr008.w.4,927)"/>
   </segment>
   <segment nite:id="Bmr008.segment.759" starttime="992.528" endtime="995.358" participant="fe016" timing-provenance="dialogueact">
      <nite:child href="Bmr008.A.words.xml#id(Bmr008.w.4,928)..id(Bmr008.pause.80)"/>
   </segment>
   <segment nite:id="Bmr008.segment.760" starttime="995.358" endtime="995.658" participant="fe016" timing-provenance="dialogueact">
      <nite:child href="Bmr008.A.words.xml#id(Bmr008.w.4,942)..id(Bmr008.w.4,943)"/>
   </segment>
   <segment nite:id="Bmr008.segment.763" starttime="996.9" endtime="999.84" participant="fe016" timing-provenance="dialogueact">
      <nite:child href="Bmr008.A.words.xml#id(Bmr008.w.4,951)..id(Bmr008.w.4,967)"/>
   </segment>
   <segment nite:id="Bmr008.segment.774" starttime="1009.04" endtime="1009.53" participant="fe016" timing-provenance="dialogueact">
      <nite:child href="Bmr008.A.words.xml#id(Bmr008.w.5,039)..id(Bmr008.w.5,042)"/>
   </segment>
   <segment nite:id="Bmr008.segment.782" starttime="1017.497" endtime="1018.41" participant="fe016" timing-provenance="segment">
      <nite:child href="Bmr008.A.words.xml#id(Bmr008.vocalsound.145)"/>
   </segment>
   <segment nite:id="Bmr008.segment.801" starttime="1047.238" endtime="1047.819" participant="fe016" timing-provenance="segment">
      <nite:child href="Bmr008.A.words.xml#id(Bmr008.vocalsound.147)"/>
   </segment>
   <segment nite:id="Bmr008.segment.802" starttime="1047.87" endtime="1050.83" participant="fe016" timing-provenance="dialogueact">
      <nite:child href="Bmr008.A.words.xml#id(Bmr008.w.5,242)..id(Bmr008.w.5,255)"/>
   </segment>
   <segment nite:id="Bmr008.segment.804" starttime="1050.87" endtime="1052.79" participant="fe016" timing-provenance="dialogueact">
      <nite:child href="Bmr008.A.words.xml#id(Bmr008.w.5,273)..id(Bmr008.w.5,277)"/>
   </segment>
   <segment nite:id="Bmr008.segment.808" starttime="1054.145" endtime="1058.027" participant="fe016" timing-provenance="segment">
      <nite:child href="Bmr008.A.words.xml#id(Bmr008.w.5,293)..id(Bmr008.disfmarker.212)"/>
   </segment>
   <segment nite:id="Bmr008.segment.809" starttime="1058.027" endtime="1061.05" participant="fe016" timing-provenance="segment">
      <nite:child href="Bmr008.A.words.xml#id(Bmr008.w.5,310)..id(Bmr008.disfmarker.213)"/>
   </segment>
   <segment nite:id="Bmr008.segment.811" starttime="1061.07" endtime="1061.33" participant="fe016" timing-provenance="dialogueact">
      <nite:child href="Bmr008.A.words.xml#id(Bmr008.w.5,319)..id(Bmr008.w.5,320)"/>
   </segment>
   <segment nite:id="Bmr008.segment.815" starttime="1063.533" endtime="1064.923" participant="fe016" timing-provenance="segment">
      <nite:child href="Bmr008.A.words.xml#id(Bmr008.w.5,333)..id(Bmr008.disfmarker.215)"/>
   </segment>
   <segment nite:id="Bmr008.segment.841" starttime="1089.97" endtime="1092.07" participant="fe016" timing-provenance="dialogueact">
      <nite:child href="Bmr008.A.words.xml#id(Bmr008.w.5,504)..id(Bmr008.w.5,509)"/>
   </segment>
   <segment nite:id="Bmr008.segment.843" starttime="1092.4" endtime="1092.78" participant="fe016" timing-provenance="dialogueact">
      <nite:child href="Bmr008.A.words.xml#id(Bmr008.w.5,511)..id(Bmr008.w.5,512)"/>
   </segment>
   <segment nite:id="Bmr008.segment.845" starttime="1093.76" endtime="1095.28" participant="fe016" timing-provenance="dialogueact">
      <nite:child href="Bmr008.A.words.xml#id(Bmr008.w.5,532)..id(Bmr008.w.5,538)"/>
   </segment>
   <segment nite:id="Bmr008.segment.847" starttime="1096.18" endtime="1097.45" participant="fe016" timing-provenance="dialogueact">
      <nite:child href="Bmr008.A.words.xml#id(Bmr008.w.5,539)..id(Bmr008.w.5,545)"/>
   </segment>
   <segment nite:id="Bmr008.segment.848" starttime="1098.25" endtime="1099.695" participant="fe016" timing-provenance="segment">
      <nite:child href="Bmr008.A.words.xml#id(Bmr008.w.5,546)..id(Bmr008.disfmarker.227)"/>
   </segment>
   <segment nite:id="Bmr008.segment.849" starttime="1100.12" endtime="1104.72" participant="fe016" timing-provenance="dialogueact">
      <nite:child href="Bmr008.A.words.xml#id(Bmr008.w.5,552)..id(Bmr008.w.5,563)"/>
   </segment>
   <segment nite:id="Bmr008.segment.854" starttime="1111.1" endtime="1111.59" participant="fe016" timing-provenance="dialogueact">
      <nite:child href="Bmr008.A.words.xml#id(Bmr008.w.5,605)..id(Bmr008.w.5,606)"/>
   </segment>
   <segment nite:id="Bmr008.segment.879" starttime="1137.28" endtime="1137.83" participant="fe016" timing-provenance="dialogueact">
      <nite:child href="Bmr008.A.words.xml#id(Bmr008.w.5,746)"/>
   </segment>
   <segment nite:id="Bmr008.segment.880" starttime="1138.58" endtime="1142.037" participant="fe016" timing-provenance="segment">
      <nite:child href="Bmr008.A.words.xml#id(Bmr008.w.5,747)..id(Bmr008.disfmarker.238)"/>
   </segment>
   <segment nite:id="Bmr008.segment.881" starttime="1142.12" endtime="1145.75" participant="fe016" timing-provenance="dialogueact">
      <nite:child href="Bmr008.A.words.xml#id(Bmr008.w.5,765)..id(Bmr008.w.5,783)"/>
   </segment>
   <segment nite:id="Bmr008.segment.885" starttime="1146.52" endtime="1147.8" participant="fe016" timing-provenance="dialogueact">
      <nite:child href="Bmr008.A.words.xml#id(Bmr008.w.5,801)..id(Bmr008.w.5,803)"/>
   </segment>
   <segment nite:id="Bmr008.segment.889" starttime="1153.61" endtime="1156.99" participant="fe016" timing-provenance="dialogueact">
      <nite:child href="Bmr008.A.words.xml#id(Bmr008.w.5,840)..id(Bmr008.w.5,854)"/>
   </segment>
   <segment nite:id="Bmr008.segment.891" starttime="1157.46" endtime="1159.29" participant="fe016" timing-provenance="dialogueact">
      <nite:child href="Bmr008.A.words.xml#id(Bmr008.w.5,857)..id(Bmr008.w.5,863)"/>
   </segment>
   <segment nite:id="Bmr008.segment.893" starttime="1159.29" endtime="1161.33" participant="fe016" timing-provenance="dialogueact">
      <nite:child href="Bmr008.A.words.xml#id(Bmr008.w.5,871)..id(Bmr008.w.5,880)"/>
   </segment>
   <segment nite:id="Bmr008.segment.894" starttime="1161.47" endtime="1164.37" participant="fe016" timing-provenance="dialogueact">
      <nite:child href="Bmr008.A.words.xml#id(Bmr008.w.5,881)..id(Bmr008.w.5,893)"/>
   </segment>
   <segment nite:id="Bmr008.segment.895" starttime="1165.1" endtime="1167.36" participant="fe016" timing-provenance="dialogueact">
      <nite:child href="Bmr008.A.words.xml#id(Bmr008.w.5,894)..id(Bmr008.w.5,900)"/>
   </segment>
   <segment nite:id="Bmr008.segment.898" starttime="1168.35" endtime="1168.78" participant="fe016" timing-provenance="dialogueact">
      <nite:child href="Bmr008.A.words.xml#id(Bmr008.w.5,924)..id(Bmr008.w.5,925)"/>
   </segment>
   <segment nite:id="Bmr008.segment.902" starttime="1175.03" endtime="1179.54" participant="fe016" timing-provenance="dialogueact">
      <nite:child href="Bmr008.A.words.xml#id(Bmr008.w.5,933)..id(Bmr008.w.5,952)"/>
   </segment>
   <segment nite:id="Bmr008.segment.905" starttime="1180.12" endtime="1181.0" participant="fe016" timing-provenance="dialogueact">
      <nite:child href="Bmr008.A.words.xml#id(Bmr008.w.5,955)..id(Bmr008.w.5,958)"/>
   </segment>
   <segment nite:id="Bmr008.segment.906" starttime="1181.39" endtime="1183.17" participant="fe016" timing-provenance="dialogueact">
      <nite:child href="Bmr008.A.words.xml#id(Bmr008.w.5,959)..id(Bmr008.w.5,966)"/>
   </segment>
   <segment nite:id="Bmr008.segment.907" starttime="1183.525" endtime="1184.2" participant="fe016" timing-provenance="segment">
      <nite:child href="Bmr008.A.words.xml#id(Bmr008.w.5,967)..id(Bmr008.disfmarker.248)"/>
   </segment>
   <segment nite:id="Bmr008.segment.909" starttime="1184.58" endtime="1186.41" participant="fe016" timing-provenance="segment">
      <nite:child href="Bmr008.A.words.xml#id(Bmr008.w.5,970)..id(Bmr008.disfmarker.249)"/>
   </segment>
   <segment nite:id="Bmr008.segment.912" starttime="1187.08" endtime="1189.52" participant="fe016" timing-provenance="dialogueact">
      <nite:child href="Bmr008.A.words.xml#id(Bmr008.w.5,986)..id(Bmr008.w.5,999)"/>
   </segment>
   <segment nite:id="Bmr008.segment.913" starttime="1190.04" endtime="1192.51" participant="fe016" timing-provenance="dialogueact">
      <nite:child href="Bmr008.A.words.xml#id(Bmr008.w.6,000)..id(Bmr008.w.6,008)"/>
   </segment>
   <segment nite:id="Bmr008.segment.914" starttime="1192.73" endtime="1194.61" participant="fe016" timing-provenance="dialogueact">
      <nite:child href="Bmr008.A.words.xml#id(Bmr008.w.6,009)..id(Bmr008.w.6,014)"/>
   </segment>
   <segment nite:id="Bmr008.segment.916" starttime="1196.117" endtime="1197.189" participant="fe016" timing-provenance="segment">
      <nite:child href="Bmr008.A.words.xml#id(Bmr008.w.6,028)..id(Bmr008.disfmarker.250)"/>
   </segment>
   <segment nite:id="Bmr008.segment.933" starttime="1235.95" endtime="1237.54" participant="fe016" timing-provenance="dialogueact">
      <nite:child href="Bmr008.A.words.xml#id(Bmr008.w.6,197)..id(Bmr008.w.6,202)"/>
   </segment>
   <segment nite:id="Bmr008.segment.935" starttime="1240.714" endtime="1242.183" participant="fe016" timing-provenance="segment">
      <nite:child href="Bmr008.A.words.xml#id(Bmr008.w.6,223)..id(Bmr008.disfmarker.262)"/>
   </segment>
   <segment nite:id="Bmr008.segment.952" starttime="1278.96" endtime="1281.43" participant="fe016" timing-provenance="dialogueact">
      <nite:child href="Bmr008.A.words.xml#id(Bmr008.w.6,395)..id(Bmr008.w.6,407)"/>
   </segment>
   <segment nite:id="Bmr008.segment.953" starttime="1282.4" endtime="1288.36" participant="fe016" timing-provenance="dialogueact">
      <nite:child href="Bmr008.A.words.xml#id(Bmr008.w.6,408)..id(Bmr008.w.6,426)"/>
   </segment>
   <segment nite:id="Bmr008.segment.954" starttime="1289.2" endtime="1294.54" participant="fe016" timing-provenance="dialogueact">
      <nite:child href="Bmr008.A.words.xml#id(Bmr008.w.6,427)..id(Bmr008.w.6,451)"/>
   </segment>
   <segment nite:id="Bmr008.segment.957" starttime="1294.815" endtime="1297.478" participant="fe016" timing-provenance="segment">
      <nite:child href="Bmr008.A.words.xml#id(Bmr008.w.6,460)..id(Bmr008.disfmarker.270)"/>
   </segment>
   <segment nite:id="Bmr008.segment.960" starttime="1300.24" endtime="1300.64" participant="fe016" timing-provenance="dialogueact">
      <nite:child href="Bmr008.A.words.xml#id(Bmr008.w.6,499)..id(Bmr008.w.6,502)"/>
   </segment>
   <segment nite:id="Bmr008.segment.964" starttime="1314.08" endtime="1314.59" participant="fe016" timing-provenance="dialogueact">
      <nite:child href="Bmr008.A.words.xml#id(Bmr008.w.6,554)..id(Bmr008.w.6,555)"/>
   </segment>
   <segment nite:id="Bmr008.segment.965" starttime="1315.39" endtime="1317.62" participant="fe016" timing-provenance="dialogueact">
      <nite:child href="Bmr008.A.words.xml#id(Bmr008.w.6,556)..id(Bmr008.w.6,567)"/>
   </segment>
   <segment nite:id="Bmr008.segment.968" starttime="1317.62" endtime="1321.85" participant="fe016" timing-provenance="dialogueact">
      <nite:child href="Bmr008.A.words.xml#id(Bmr008.w.6,579)..id(Bmr008.w.6,597)"/>
   </segment>
   <segment nite:id="Bmr008.segment.971" starttime="1322.91" endtime="1327.89" participant="fe016" timing-provenance="dialogueact">
      <nite:child href="Bmr008.A.words.xml#id(Bmr008.w.6,606)..id(Bmr008.w.6,624)"/>
   </segment>
   <segment nite:id="Bmr008.segment.972" starttime="1328.83" endtime="1329.18" participant="fe016" timing-provenance="dialogueact">
      <nite:child href="Bmr008.A.words.xml#id(Bmr008.w.6,625)..id(Bmr008.w.6,626)"/>
   </segment>
   <segment nite:id="Bmr008.segment.973" starttime="1330.03" endtime="1336.6" participant="fe016" timing-provenance="dialogueact">
      <nite:child href="Bmr008.A.words.xml#id(Bmr008.w.6,627)..id(Bmr008.w.6,652)"/>
   </segment>
   <segment nite:id="Bmr008.segment.974" starttime="1337.26" endtime="1338.51" participant="fe016" timing-provenance="dialogueact">
      <nite:child href="Bmr008.A.words.xml#id(Bmr008.w.6,653)..id(Bmr008.w.6,657)"/>
   </segment>
   <segment nite:id="Bmr008.segment.975" starttime="1339.27" endtime="1341.04" participant="fe016" timing-provenance="dialogueact">
      <nite:child href="Bmr008.A.words.xml#id(Bmr008.w.6,658)..id(Bmr008.w.6,666)"/>
   </segment>
   <segment nite:id="Bmr008.segment.976" starttime="1341.39" endtime="1341.51" participant="fe016" timing-provenance="dialogueact">
      <nite:child href="Bmr008.A.words.xml#id(Bmr008.w.6,667)"/>
   </segment>
   <segment nite:id="Bmr008.segment.977" starttime="1341.68" endtime="1344.33" participant="fe016" timing-provenance="dialogueact">
      <nite:child href="Bmr008.A.words.xml#id(Bmr008.w.6,668)..id(Bmr008.w.6,678)"/>
   </segment>
   <segment nite:id="Bmr008.segment.978" starttime="1345.43" endtime="1351.54" participant="fe016" timing-provenance="dialogueact">
      <nite:child href="Bmr008.A.words.xml#id(Bmr008.w.6,679)..id(Bmr008.w.6,709)"/>
   </segment>
   <segment nite:id="Bmr008.segment.979" starttime="1352.75" endtime="1360.81" participant="fe016" timing-provenance="dialogueact">
      <nite:child href="Bmr008.A.words.xml#id(Bmr008.w.6,710)..id(Bmr008.w.6,749)"/>
   </segment>
   <segment nite:id="Bmr008.segment.980" starttime="1361.7" endtime="1363.65" participant="fe016" timing-provenance="dialogueact">
      <nite:child href="Bmr008.A.words.xml#id(Bmr008.w.6,750)..id(Bmr008.w.6,759)"/>
   </segment>
   <segment nite:id="Bmr008.segment.981" starttime="1364.23" endtime="1368.63" participant="fe016" timing-provenance="dialogueact">
      <nite:child href="Bmr008.A.words.xml#id(Bmr008.w.6,760)..id(Bmr008.w.6,778)"/>
   </segment>
   <segment nite:id="Bmr008.segment.994" starttime="1385.607" endtime="1388.166" participant="fe016" timing-provenance="segment">
      <nite:child href="Bmr008.A.words.xml#id(Bmr008.w.6,863)..id(Bmr008.disfmarker.283)"/>
   </segment>
   <segment nite:id="Bmr008.segment.1,019" starttime="1433.5" endtime="1440.06" participant="fe016" timing-provenance="dialogueact">
      <nite:child href="Bmr008.A.words.xml#id(Bmr008.w.7,100)..id(Bmr008.w.7,128)"/>
   </segment>
   <segment nite:id="Bmr008.segment.1,021" starttime="1440.63" endtime="1441.37" participant="fe016" timing-provenance="segment">
      <nite:child href="Bmr008.A.words.xml#id(Bmr008.w.7,131)..id(Bmr008.disfmarker.295)"/>
   </segment>
   <segment nite:id="Bmr008.segment.1,022" starttime="1441.36" endtime="1443.62" participant="fe016" timing-provenance="dialogueact">
      <nite:child href="Bmr008.A.words.xml#id(Bmr008.w.7,135)..id(Bmr008.pause.109)"/>
   </segment>
   <segment nite:id="Bmr008.segment.1,024" starttime="1443.62" endtime="1448.43" participant="fe016" timing-provenance="dialogueact">
      <nite:child href="Bmr008.A.words.xml#id(Bmr008.w.7,145)..id(Bmr008.w.7,160)"/>
   </segment>
   <segment nite:id="Bmr008.segment.1,026" starttime="1448.505" endtime="1449.704" participant="fe016" timing-provenance="segment">
      <nite:child href="Bmr008.A.words.xml#id(Bmr008.w.7,167)..id(Bmr008.w.7,169)"/>
   </segment>
   <segment nite:id="Bmr008.segment.1,028" starttime="1450.02" endtime="1452.27" participant="fe016" timing-provenance="dialogueact">
      <nite:child href="Bmr008.A.words.xml#id(Bmr008.w.7,177)..id(Bmr008.w.7,189)"/>
   </segment>
   <segment nite:id="Bmr008.segment.1,038" starttime="1461.86" endtime="1462.16" participant="fe016" timing-provenance="dialogueact">
      <nite:child href="Bmr008.A.words.xml#id(Bmr008.w.7,265)..id(Bmr008.w.7,266)"/>
   </segment>
   <segment nite:id="Bmr008.segment.1,043" starttime="1470.96" endtime="1471.49" participant="fe016" timing-provenance="dialogueact">
      <nite:child href="Bmr008.A.words.xml#id(Bmr008.w.7,308)..id(Bmr008.w.7,309)"/>
   </segment>
   <segment nite:id="Bmr008.segment.1,056" starttime="1501.3" endtime="1501.89" participant="fe016" timing-provenance="dialogueact">
      <nite:child href="Bmr008.A.words.xml#id(Bmr008.w.7,456)..id(Bmr008.w.7,459)"/>
   </segment>
   <segment nite:id="Bmr008.segment.1,086" starttime="1549.681" endtime="1550.981" participant="fe016" timing-provenance="segment">
      <nite:child href="Bmr008.A.words.xml#id(Bmr008.w.7,713)..id(Bmr008.disfmarker.312)"/>
   </segment>
   <segment nite:id="Bmr008.segment.1,088" starttime="1550.94" endtime="1556.52" participant="fe016" timing-provenance="dialogueact">
      <nite:child href="Bmr008.A.words.xml#id(Bmr008.w.7,726)..id(Bmr008.w.7,749)"/>
   </segment>
   <segment nite:id="Bmr008.segment.1,099" starttime="1568.247" endtime="1569.865" participant="fe016" timing-provenance="segment">
      <nite:child href="Bmr008.A.words.xml#id(Bmr008.w.7,820)..id(Bmr008.disfmarker.317)"/>
   </segment>
   <segment nite:id="Bmr008.segment.1,100" starttime="1569.865" endtime="1571.786" participant="fe016" timing-provenance="segment">
      <nite:child href="Bmr008.A.words.xml#id(Bmr008.w.7,828)..id(Bmr008.disfmarker.318)"/>
   </segment>
   <segment nite:id="Bmr008.segment.1,101" starttime="1571.89" endtime="1575.42" participant="fe016" timing-provenance="dialogueact">
      <nite:child href="Bmr008.A.words.xml#id(Bmr008.w.7,834)..id(Bmr008.w.7,850)"/>
   </segment>
   <segment nite:id="Bmr008.segment.1,102" starttime="1575.481" endtime="1577.647" participant="fe016" timing-provenance="segment">
      <nite:child href="Bmr008.A.words.xml#id(Bmr008.w.7,851)..id(Bmr008.disfmarker.320)"/>
   </segment>
   <segment nite:id="Bmr008.segment.1,103" starttime="1577.647" endtime="1579.576" participant="fe016" timing-provenance="segment">
      <nite:child href="Bmr008.A.words.xml#id(Bmr008.w.7,862)..id(Bmr008.disfmarker.321)"/>
   </segment>
   <segment nite:id="Bmr008.segment.1,104" starttime="1580.22" endtime="1580.47" participant="fe016" timing-provenance="dialogueact">
      <nite:child href="Bmr008.A.words.xml#id(Bmr008.w.7,870)..id(Bmr008.w.7,871)"/>
   </segment>
   <segment nite:id="Bmr008.segment.1,105" starttime="1581.02" endtime="1584.25" participant="fe016" timing-provenance="dialogueact">
      <nite:child href="Bmr008.A.words.xml#id(Bmr008.w.7,872)..id(Bmr008.w.7,883)"/>
   </segment>
   <segment nite:id="Bmr008.segment.1,106" starttime="1584.32" endtime="1584.54" participant="fe016" timing-provenance="dialogueact">
      <nite:child href="Bmr008.A.words.xml#id(Bmr008.w.7,884)"/>
   </segment>
   <segment nite:id="Bmr008.segment.1,107" starttime="1585.0" endtime="1586.8" participant="fe016" timing-provenance="dialogueact">
      <nite:child href="Bmr008.A.words.xml#id(Bmr008.w.7,885)..id(Bmr008.w.7,889)"/>
   </segment>
   <segment nite:id="Bmr008.segment.1,108" starttime="1586.8" endtime="1587.89" participant="fe016" timing-provenance="dialogueact">
      <nite:child href="Bmr008.A.words.xml#id(Bmr008.pause.115)..id(Bmr008.w.7,892)"/>
   </segment>
   <segment nite:id="Bmr008.segment.1,109" starttime="1588.38" endtime="1590.07" participant="fe016" timing-provenance="segment">
      <nite:child href="Bmr008.A.words.xml#id(Bmr008.w.7,893)..id(Bmr008.disfmarker.322)"/>
   </segment>
   <segment nite:id="Bmr008.segment.1,110" starttime="1590.07" endtime="1594.576" participant="fe016" timing-provenance="segment">
      <nite:child href="Bmr008.A.words.xml#id(Bmr008.w.7,899)..id(Bmr008.disfmarker.323)"/>
   </segment>
   <segment nite:id="Bmr008.segment.1,115" starttime="1599.1" endtime="1599.61" participant="fe016" timing-provenance="dialogueact">
      <nite:child href="Bmr008.A.words.xml#id(Bmr008.w.7,949)"/>
   </segment>
   <segment nite:id="Bmr008.segment.1,117" starttime="1600.01" endtime="1601.79" participant="fe016" timing-provenance="dialogueact">
      <nite:child href="Bmr008.A.words.xml#id(Bmr008.w.7,957)..id(Bmr008.w.7,962)"/>
   </segment>
   <segment nite:id="Bmr008.segment.1,118" starttime="1602.53" endtime="1605.44" participant="fe016" timing-provenance="dialogueact">
      <nite:child href="Bmr008.A.words.xml#id(Bmr008.w.7,963)..id(Bmr008.w.7,974)"/>
   </segment>
   <segment nite:id="Bmr008.segment.1,120" starttime="1606.35" endtime="1606.9" participant="fe016" timing-provenance="dialogueact">
      <nite:child href="Bmr008.A.words.xml#id(Bmr008.w.7,979)"/>
   </segment>
   <segment nite:id="Bmr008.segment.1,122" starttime="1607.41" endtime="1607.85" participant="fe016" timing-provenance="dialogueact">
      <nite:child href="Bmr008.A.words.xml#id(Bmr008.w.7,982)..id(Bmr008.w.7,983)"/>
   </segment>
   <segment nite:id="Bmr008.segment.1,124" starttime="1609.44" endtime="1618.26" participant="fe016" timing-provenance="dialogueact">
      <nite:child href="Bmr008.A.words.xml#id(Bmr008.w.7,992)..id(Bmr008.w.8,023)"/>
   </segment>
   <segment nite:id="Bmr008.segment.1,129" starttime="1619.35" endtime="1621.06" participant="fe016" timing-provenance="dialogueact">
      <nite:child href="Bmr008.A.words.xml#id(Bmr008.w.8,033)..id(Bmr008.w.8,040)"/>
   </segment>
   <segment nite:id="Bmr008.segment.1,130" starttime="1621.62" endtime="1627.41" participant="fe016" timing-provenance="dialogueact">
      <nite:child href="Bmr008.A.words.xml#id(Bmr008.w.8,041)..id(Bmr008.w.8,066)"/>
   </segment>
   <segment nite:id="Bmr008.segment.1,134" starttime="1629.118" endtime="1635.44" participant="fe016" timing-provenance="segment">
      <nite:child href="Bmr008.A.words.xml#id(Bmr008.w.8,093)..id(Bmr008.disfmarker.329)"/>
   </segment>
   <segment nite:id="Bmr008.segment.1,136" starttime="1635.42" endtime="1640.76" participant="fe016" timing-provenance="dialogueact">
      <nite:child href="Bmr008.A.words.xml#id(Bmr008.w.8,119)..id(Bmr008.w.8,141)"/>
   </segment>
   <segment nite:id="Bmr008.segment.1,139" starttime="1643.752" endtime="1647.049" participant="fe016" timing-provenance="segment">
      <nite:child href="Bmr008.A.words.xml#id(Bmr008.w.8,166)..id(Bmr008.vocalsound.177)"/>
   </segment>
   <segment nite:id="Bmr008.segment.1,141" starttime="1647.17" endtime="1648.58" participant="fe016" timing-provenance="dialogueact">
      <nite:child href="Bmr008.A.words.xml#id(Bmr008.w.8,176)..id(Bmr008.w.8,183)"/>
   </segment>
   <segment nite:id="Bmr008.segment.1,143" starttime="1648.81" endtime="1654.12" participant="fe016" timing-provenance="dialogueact">
      <nite:child href="Bmr008.A.words.xml#id(Bmr008.w.8,184)..id(Bmr008.w.8,202)"/>
   </segment>
   <segment nite:id="Bmr008.segment.1,145" starttime="1655.05" endtime="1655.74" participant="fe016" timing-provenance="dialogueact">
      <nite:child href="Bmr008.A.words.xml#id(Bmr008.w.8,203)..id(Bmr008.w.8,206)"/>
   </segment>
   <segment nite:id="Bmr008.segment.1,147" starttime="1658.23" endtime="1658.58" participant="fe016" timing-provenance="dialogueact">
      <nite:child href="Bmr008.A.words.xml#id(Bmr008.w.8,214)..id(Bmr008.w.8,215)"/>
   </segment>
   <segment nite:id="Bmr008.segment.1,151" starttime="1668.18" endtime="1674.89" participant="fe016" timing-provenance="dialogueact">
      <nite:child href="Bmr008.A.words.xml#id(Bmr008.w.8,263)..id(Bmr008.w.8,303)"/>
   </segment>
   <segment nite:id="Bmr008.segment.1,156" starttime="1675.5" endtime="1676.34" participant="fe016" timing-provenance="dialogueact">
      <nite:child href="Bmr008.A.words.xml#id(Bmr008.w.8,324)..id(Bmr008.w.8,326)"/>
   </segment>
   <segment nite:id="Bmr008.segment.1,160" starttime="1677.945" endtime="1680.175" participant="fe016" timing-provenance="segment">
      <nite:child href="Bmr008.A.words.xml#id(Bmr008.vocalsound.181)"/>
   </segment>
   <segment nite:id="Bmr008.segment.1,166" starttime="1680.32" endtime="1680.44" participant="fe016" timing-provenance="dialogueact">
      <nite:child href="Bmr008.A.words.xml#id(Bmr008.w.8,357)..id(Bmr008.w.8,358)"/>
   </segment>
   <segment nite:id="Bmr008.segment.1,169" starttime="1687.3" endtime="1692.06" participant="fe016" timing-provenance="segment">
      <nite:child href="Bmr008.A.words.xml#id(Bmr008.w.8,369)..id(Bmr008.disfmarker.333)"/>
   </segment>
   <segment nite:id="Bmr008.segment.1,174" starttime="1693.66" endtime="1696.579" participant="fe016" timing-provenance="segment">
      <nite:child href="Bmr008.A.words.xml#id(Bmr008.w.8,395)..id(Bmr008.disfmarker.335)"/>
   </segment>
   <segment nite:id="Bmr008.segment.1,178" starttime="1696.579" endtime="1699.85" participant="fe016" timing-provenance="segment">
      <nite:child href="Bmr008.A.words.xml#id(Bmr008.pause.120)..id(Bmr008.w.8,432)"/>
   </segment>
   <segment nite:id="Bmr008.segment.1,182" starttime="1704.8" endtime="1705.27" participant="fe016" timing-provenance="dialogueact">
      <nite:child href="Bmr008.A.words.xml#id(Bmr008.w.8,486)..id(Bmr008.w.8,488)"/>
   </segment>
   <segment nite:id="Bmr008.segment.1,235" starttime="1799.43" endtime="1801.49" participant="fe016" timing-provenance="dialogueact">
      <nite:child href="Bmr008.A.words.xml#id(Bmr008.w.8,858)..id(Bmr008.w.8,868)"/>
   </segment>
   <segment nite:id="Bmr008.segment.1,236" starttime="1802.83" endtime="1803.69" participant="fe016" timing-provenance="dialogueact">
      <nite:child href="Bmr008.A.words.xml#id(Bmr008.w.8,869)..id(Bmr008.w.8,871)"/>
   </segment>
   <segment nite:id="Bmr008.segment.1,237" starttime="1804.02" endtime="1808.02" participant="fe016" timing-provenance="dialogueact">
      <nite:child href="Bmr008.A.words.xml#id(Bmr008.w.8,872)..id(Bmr008.w.8,887)"/>
   </segment>
   <segment nite:id="Bmr008.segment.1,238" starttime="1808.89" endtime="1810.47" participant="fe016" timing-provenance="dialogueact">
      <nite:child href="Bmr008.A.words.xml#id(Bmr008.w.8,888)..id(Bmr008.w.8,894)"/>
   </segment>
   <segment nite:id="Bmr008.segment.1,239" starttime="1811.14" endtime="1814.32" participant="fe016" timing-provenance="dialogueact">
      <nite:child href="Bmr008.A.words.xml#id(Bmr008.w.8,895)..id(Bmr008.w.8,909)"/>
   </segment>
   <segment nite:id="Bmr008.segment.1,240" starttime="1814.72" endtime="1815.67" participant="fe016" timing-provenance="dialogueact">
      <nite:child href="Bmr008.A.words.xml#id(Bmr008.w.8,910)..id(Bmr008.w.8,913)"/>
   </segment>
   <segment nite:id="Bmr008.segment.1,242" starttime="1816.28" endtime="1818.31" participant="fe016" timing-provenance="dialogueact">
      <nite:child href="Bmr008.A.words.xml#id(Bmr008.w.8,918)..id(Bmr008.w.8,924)"/>
   </segment>
   <segment nite:id="Bmr008.segment.1,243" starttime="1819.31" endtime="1825.58" participant="fe016" timing-provenance="dialogueact">
      <nite:child href="Bmr008.A.words.xml#id(Bmr008.w.8,925)..id(Bmr008.pause.136)"/>
   </segment>
   <segment nite:id="Bmr008.segment.1,245" starttime="1825.58" endtime="1825.86" participant="fe016" timing-provenance="dialogueact">
      <nite:child href="Bmr008.A.words.xml#id(Bmr008.w.8,958)..id(Bmr008.w.8,959)"/>
   </segment>
   <segment nite:id="Bmr008.segment.1,247" starttime="1825.86" endtime="1827.84" participant="fe016" timing-provenance="dialogueact">
      <nite:child href="Bmr008.A.words.xml#id(Bmr008.w.8,962)..id(Bmr008.w.8,969)"/>
   </segment>
   <segment nite:id="Bmr008.segment.1,248" starttime="1828.29" endtime="1830.16" participant="fe016" timing-provenance="dialogueact">
      <nite:child href="Bmr008.A.words.xml#id(Bmr008.w.8,970)..id(Bmr008.w.8,976)"/>
   </segment>
   <segment nite:id="Bmr008.segment.1,251" starttime="1833.34" endtime="1833.76" participant="fe016" timing-provenance="dialogueact">
      <nite:child href="Bmr008.A.words.xml#id(Bmr008.w.9,023)"/>
   </segment>
   <segment nite:id="Bmr008.segment.1,256" starttime="1844.03" endtime="1847.13" participant="fe016" timing-provenance="dialogueact">
      <nite:child href="Bmr008.A.words.xml#id(Bmr008.w.9,056)..id(Bmr008.w.9,070)"/>
   </segment>
   <segment nite:id="Bmr008.segment.1,257" starttime="1847.61" endtime="1848.19" participant="fe016" timing-provenance="dialogueact">
      <nite:child href="Bmr008.A.words.xml#id(Bmr008.w.9,071)..id(Bmr008.w.9,074)"/>
   </segment>
   <segment nite:id="Bmr008.segment.1,259" starttime="1848.9" endtime="1849.25" participant="fe016" timing-provenance="dialogueact">
      <nite:child href="Bmr008.A.words.xml#id(Bmr008.w.9,077)"/>
   </segment>
   <segment nite:id="Bmr008.segment.1,260" starttime="1849.71" endtime="1854.64" participant="fe016" timing-provenance="dialogueact">
      <nite:child href="Bmr008.A.words.xml#id(Bmr008.w.9,078)..id(Bmr008.w.9,105)"/>
   </segment>
   <segment nite:id="Bmr008.segment.1,261" starttime="1855.7" endtime="1858.43" participant="fe016" timing-provenance="dialogueact">
      <nite:child href="Bmr008.A.words.xml#id(Bmr008.w.9,106)..id(Bmr008.w.9,116)"/>
   </segment>
   <segment nite:id="Bmr008.segment.1,264" starttime="1858.8" endtime="1862.37" participant="fe016" timing-provenance="dialogueact">
      <nite:child href="Bmr008.A.words.xml#id(Bmr008.w.9,119)..id(Bmr008.w.9,128)"/>
   </segment>
   <segment nite:id="Bmr008.segment.1,271" starttime="1869.72" endtime="1871.53" participant="fe016" timing-provenance="dialogueact">
      <nite:child href="Bmr008.A.words.xml#id(Bmr008.w.9,168)..id(Bmr008.w.9,176)"/>
   </segment>
   <segment nite:id="Bmr008.segment.1,278" starttime="1875.2" endtime="1875.63" participant="fe016" timing-provenance="dialogueact">
      <nite:child href="Bmr008.A.words.xml#id(Bmr008.w.9,228)..id(Bmr008.w.9,229)"/>
   </segment>
   <segment nite:id="Bmr008.segment.1,279" starttime="1877.37" endtime="1877.79" participant="fe016" timing-provenance="dialogueact">
      <nite:child href="Bmr008.A.words.xml#id(Bmr008.w.9,230)..id(Bmr008.w.9,231)"/>
   </segment>
   <segment nite:id="Bmr008.segment.1,283" starttime="1881.43" endtime="1881.78" participant="fe016" timing-provenance="dialogueact">
      <nite:child href="Bmr008.A.words.xml#id(Bmr008.w.9,249)..id(Bmr008.w.9,250)"/>
   </segment>
   <segment nite:id="Bmr008.segment.1,288" starttime="1883.75" endtime="1884.12" participant="fe016" timing-provenance="dialogueact">
      <nite:child href="Bmr008.A.words.xml#id(Bmr008.w.9,274)..id(Bmr008.w.9,275)"/>
   </segment>
   <segment nite:id="Bmr008.segment.1,290" starttime="1891.49" endtime="1892.34" participant="fe016" timing-provenance="dialogueact">
      <nite:child href="Bmr008.A.words.xml#id(Bmr008.w.9,309)..id(Bmr008.w.9,314)"/>
   </segment>
   <segment nite:id="Bmr008.segment.1,292" starttime="1894.22" endtime="1894.73" participant="fe016" timing-provenance="dialogueact">
      <nite:child href="Bmr008.A.words.xml#id(Bmr008.w.9,321)..id(Bmr008.w.9,323)"/>
   </segment>
   <segment nite:id="Bmr008.segment.1,302" starttime="1911.8" endtime="1912.07" participant="fe016" timing-provenance="dialogueact">
      <nite:child href="Bmr008.A.words.xml#id(Bmr008.w.9,403)..id(Bmr008.w.9,406)"/>
   </segment>
   <segment nite:id="Bmr008.segment.1,304" starttime="1916.93" endtime="1917.49" participant="fe016" timing-provenance="dialogueact">
      <nite:child href="Bmr008.A.words.xml#id(Bmr008.w.9,417)..id(Bmr008.w.9,419)"/>
   </segment>
   <segment nite:id="Bmr008.segment.1,313" starttime="1928.92" endtime="1930.65" participant="fe016" timing-provenance="dialogueact">
      <nite:child href="Bmr008.A.words.xml#id(Bmr008.w.9,463)..id(Bmr008.w.9,471)"/>
   </segment>
   <segment nite:id="Bmr008.segment.1,316" starttime="1930.65" endtime="1932.52" participant="fe016" timing-provenance="dialogueact">
      <nite:child href="Bmr008.A.words.xml#id(Bmr008.w.9,478)..id(Bmr008.w.9,490)"/>
   </segment>
   <segment nite:id="Bmr008.segment.1,317" starttime="1932.503" endtime="1935.055" participant="fe016" timing-provenance="segment">
      <nite:child href="Bmr008.A.words.xml#id(Bmr008.w.9,491)..id(Bmr008.disfmarker.367)"/>
   </segment>
   <segment nite:id="Bmr008.segment.1,322" starttime="1936.62" endtime="1937.16" participant="fe016" timing-provenance="dialogueact">
      <nite:child href="Bmr008.A.words.xml#id(Bmr008.w.9,523)..id(Bmr008.w.9,524)"/>
   </segment>
   <segment nite:id="Bmr008.segment.1,329" starttime="1953.74" endtime="1956.31" participant="fe016" timing-provenance="dialogueact">
      <nite:child href="Bmr008.A.words.xml#id(Bmr008.w.9,589)..id(Bmr008.w.9,597)"/>
   </segment>
   <segment nite:id="Bmr008.segment.1,336" starttime="1959.23" endtime="1959.887" participant="fe016" timing-provenance="segment">
      <nite:child href="Bmr008.A.words.xml#id(Bmr008.w.9,627)..id(Bmr008.disfmarker.370)"/>
   </segment>
   <segment nite:id="Bmr008.segment.1,338" starttime="1961.22" endtime="1963.55" participant="fe016" timing-provenance="dialogueact">
      <nite:child href="Bmr008.A.words.xml#id(Bmr008.w.9,629)..id(Bmr008.w.9,643)"/>
   </segment>
   <segment nite:id="Bmr008.segment.1,340" starttime="1963.56" endtime="1965.56" participant="fe016" timing-provenance="dialogueact">
      <nite:child href="Bmr008.A.words.xml#id(Bmr008.w.9,646)..id(Bmr008.w.9,661)"/>
   </segment>
   <segment nite:id="Bmr008.segment.1,342" starttime="1965.57" endtime="1966.62" participant="fe016" timing-provenance="dialogueact">
      <nite:child href="Bmr008.A.words.xml#id(Bmr008.w.9,665)..id(Bmr008.w.9,669)"/>
   </segment>
   <segment nite:id="Bmr008.segment.1,345" starttime="1968.43" endtime="1969.05" participant="fe016" timing-provenance="dialogueact">
      <nite:child href="Bmr008.A.words.xml#id(Bmr008.w.9,689)..id(Bmr008.w.9,692)"/>
   </segment>
   <segment nite:id="Bmr008.segment.1,349" starttime="1978.1" endtime="1978.54" participant="fe016" timing-provenance="dialogueact">
      <nite:child href="Bmr008.A.words.xml#id(Bmr008.w.9,725)..id(Bmr008.w.9,726)"/>
   </segment>
   <segment nite:id="Bmr008.segment.1,360" starttime="1987.56" endtime="1988.995" participant="fe016" timing-provenance="segment">
      <nite:child href="Bmr008.A.words.xml#id(Bmr008.w.9,773)..id(Bmr008.disfmarker.378)"/>
   </segment>
   <segment nite:id="Bmr008.segment.1,362" starttime="1990.43" endtime="1992.73" participant="fe016" timing-provenance="dialogueact">
      <nite:child href="Bmr008.A.words.xml#id(Bmr008.w.9,800)..id(Bmr008.w.9,811)"/>
   </segment>
   <segment nite:id="Bmr008.segment.1,371" starttime="1995.797" endtime="1997.018" participant="fe016" timing-provenance="segment">
      <nite:child href="Bmr008.A.words.xml#id(Bmr008.vocalsound.208)"/>
   </segment>
   <segment nite:id="Bmr008.segment.1,373" starttime="1997.28" endtime="1998.493" participant="fe016" timing-provenance="segment">
      <nite:child href="Bmr008.A.words.xml#id(Bmr008.vocalsound.210)"/>
   </segment>
   <segment nite:id="Bmr008.segment.1,378" starttime="2008.8" endtime="2011.42" participant="fe016" timing-provenance="dialogueact">
      <nite:child href="Bmr008.A.words.xml#id(Bmr008.w.9,898)..id(Bmr008.w.9,906)"/>
   </segment>
   <segment nite:id="Bmr008.segment.1,379" starttime="2012.54" endtime="2016.9" participant="fe016" timing-provenance="segment">
      <nite:child href="Bmr008.A.words.xml#id(Bmr008.w.9,907)..id(Bmr008.disfmarker.389)"/>
   </segment>
   <segment nite:id="Bmr008.segment.1,385" starttime="2023.82" endtime="2024.82" participant="fe016" timing-provenance="dialogueact">
      <nite:child href="Bmr008.A.words.xml#id(Bmr008.w.9,955)..id(Bmr008.w.9,962)"/>
   </segment>
   <segment nite:id="Bmr008.segment.1,388" starttime="2025.53" endtime="2027.71" participant="fe016" timing-provenance="segment">
      <nite:child href="Bmr008.A.words.xml#id(Bmr008.w.9,970)..id(Bmr008.disfmarker.394)"/>
   </segment>
   <segment nite:id="Bmr008.segment.1,390" starttime="2028.62" endtime="2032.15" participant="fe016" timing-provenance="dialogueact">
      <nite:child href="Bmr008.A.words.xml#id(Bmr008.w.9,985)..id(Bmr008.w.10,000)"/>
   </segment>
   <segment nite:id="Bmr008.segment.1,435" starttime="2090.434" endtime="2092.133" participant="fe016" timing-provenance="segment">
      <nite:child href="Bmr008.A.words.xml#id(Bmr008.vocalsound.215)"/>
   </segment>
   <segment nite:id="Bmr008.segment.1,483" starttime="2162.43" endtime="2164.4" participant="fe016" timing-provenance="dialogueact">
      <nite:child href="Bmr008.A.words.xml#id(Bmr008.w.10,657)..id(Bmr008.w.10,665)"/>
   </segment>
   <segment nite:id="Bmr008.segment.1,485" starttime="2164.74" endtime="2169.69" participant="fe016" timing-provenance="dialogueact">
      <nite:child href="Bmr008.A.words.xml#id(Bmr008.w.10,669)..id(Bmr008.w.10,686)"/>
   </segment>
   <segment nite:id="Bmr008.segment.1,498" starttime="2170.75" endtime="2173.18" participant="fe016" timing-provenance="dialogueact">
      <nite:child href="Bmr008.A.words.xml#id(Bmr008.w.10,723)..id(Bmr008.w.10,737)"/>
   </segment>
   <segment nite:id="Bmr008.segment.1,504" starttime="2175.54" endtime="2176.477" participant="fe016" timing-provenance="segment">
      <nite:child href="Bmr008.A.words.xml#id(Bmr008.w.10,759)..id(Bmr008.disfmarker.422)"/>
   </segment>
   <segment nite:id="Bmr008.segment.1,538" starttime="2230.737" endtime="2231.863" participant="fe016" timing-provenance="segment">
      <nite:child href="Bmr008.A.words.xml#id(Bmr008.vocalsound.251)"/>
   </segment>
   <segment nite:id="Bmr008.segment.1,541" starttime="2236.912" endtime="2237.857" participant="fe016" timing-provenance="segment">
      <nite:child href="Bmr008.A.words.xml#id(Bmr008.vocalsound.253)"/>
   </segment>
   <segment nite:id="Bmr008.segment.1,589" starttime="2333.49" endtime="2334.13" participant="fe016" timing-provenance="dialogueact">
      <nite:child href="Bmr008.A.words.xml#id(Bmr008.w.11,478)..id(Bmr008.w.11,479)"/>
   </segment>
   <segment nite:id="Bmr008.segment.1,591" starttime="2334.13" endtime="2335.44" participant="fe016" timing-provenance="dialogueact">
      <nite:child href="Bmr008.A.words.xml#id(Bmr008.w.11,485)..id(Bmr008.w.11,491)"/>
   </segment>
   <segment nite:id="Bmr008.segment.1,592" starttime="2335.85" endtime="2336.0" participant="fe016" timing-provenance="dialogueact">
      <nite:child href="Bmr008.A.words.xml#id(Bmr008.w.11,492)"/>
   </segment>
   <segment nite:id="Bmr008.segment.1,593" starttime="2336.19" endtime="2339.31" participant="fe016" timing-provenance="dialogueact">
      <nite:child href="Bmr008.A.words.xml#id(Bmr008.w.11,493)..id(Bmr008.w.11,503)"/>
   </segment>
   <segment nite:id="Bmr008.segment.1,595" starttime="2340.38" endtime="2342.45" participant="fe016" timing-provenance="dialogueact">
      <nite:child href="Bmr008.A.words.xml#id(Bmr008.w.11,504)..id(Bmr008.w.11,511)"/>
   </segment>
   <segment nite:id="Bmr008.segment.1,597" starttime="2342.97" endtime="2346.64" participant="fe016" timing-provenance="dialogueact">
      <nite:child href="Bmr008.A.words.xml#id(Bmr008.w.11,517)..id(Bmr008.w.11,533)"/>
   </segment>
   <segment nite:id="Bmr008.segment.1,600" starttime="2347.52" endtime="2347.95" participant="fe016" timing-provenance="dialogueact">
      <nite:child href="Bmr008.A.words.xml#id(Bmr008.w.11,546)..id(Bmr008.w.11,547)"/>
   </segment>
   <segment nite:id="Bmr008.segment.1,618" starttime="2391.95" endtime="2393.73" participant="fe016" timing-provenance="segment">
      <nite:child href="Bmr008.A.words.xml#id(Bmr008.w.11,712)..id(Bmr008.disfmarker.463)"/>
   </segment>
   <segment nite:id="Bmr008.segment.1,620" starttime="2394.61" endtime="2396.22" participant="fe016" timing-provenance="dialogueact">
      <nite:child href="Bmr008.A.words.xml#id(Bmr008.w.11,720)..id(Bmr008.w.11,726)"/>
   </segment>
   <segment nite:id="Bmr008.segment.1,621" starttime="2397.03" endtime="2399.81" participant="fe016" timing-provenance="dialogueact">
      <nite:child href="Bmr008.A.words.xml#id(Bmr008.w.11,727)..id(Bmr008.pause.171)"/>
   </segment>
   <segment nite:id="Bmr008.segment.1,625" starttime="2399.81" endtime="2400.61" participant="fe016" timing-provenance="dialogueact">
      <nite:child href="Bmr008.A.words.xml#id(Bmr008.w.11,741)..id(Bmr008.w.11,742)"/>
   </segment>
   <segment nite:id="Bmr008.segment.1,626" starttime="2401.06" endtime="2401.63" participant="fe016" timing-provenance="dialogueact">
      <nite:child href="Bmr008.A.words.xml#id(Bmr008.w.11,743)"/>
   </segment>
   <segment nite:id="Bmr008.segment.1,627" starttime="2402.58" endtime="2406.39" participant="fe016" timing-provenance="dialogueact">
      <nite:child href="Bmr008.A.words.xml#id(Bmr008.w.11,744)..id(Bmr008.w.11,759)"/>
   </segment>
   <segment nite:id="Bmr008.segment.1,630" starttime="2407.22" endtime="2407.71" participant="fe016" timing-provenance="dialogueact">
      <nite:child href="Bmr008.A.words.xml#id(Bmr008.w.11,764)..id(Bmr008.w.11,765)"/>
   </segment>
   <segment nite:id="Bmr008.segment.1,631" starttime="2408.89" endtime="2411.51" participant="fe016" timing-provenance="dialogueact">
      <nite:child href="Bmr008.A.words.xml#id(Bmr008.w.11,766)..id(Bmr008.w.11,773)"/>
   </segment>
   <segment nite:id="Bmr008.segment.1,632" starttime="2411.96" endtime="2413.11" participant="fe016" timing-provenance="dialogueact">
      <nite:child href="Bmr008.A.words.xml#id(Bmr008.w.11,774)..id(Bmr008.w.11,776)"/>
   </segment>
   <segment nite:id="Bmr008.segment.1,637" starttime="2418.49" endtime="2420.2" participant="fe016" timing-provenance="dialogueact">
      <nite:child href="Bmr008.A.words.xml#id(Bmr008.w.11,805)..id(Bmr008.w.11,813)"/>
   </segment>
   <segment nite:id="Bmr008.segment.1,640" starttime="2420.2" endtime="2423.16" participant="fe016" timing-provenance="dialogueact">
      <nite:child href="Bmr008.A.words.xml#id(Bmr008.w.11,825)..id(Bmr008.w.11,838)"/>
   </segment>
   <segment nite:id="Bmr008.segment.1,646" starttime="2423.57" endtime="2425.77" participant="fe016" timing-provenance="dialogueact">
      <nite:child href="Bmr008.A.words.xml#id(Bmr008.w.11,858)..id(Bmr008.w.11,864)"/>
   </segment>
   <segment nite:id="Bmr008.segment.1,650" starttime="2426.518" endtime="2426.739" participant="fe016" timing-provenance="segment">
      <nite:child href="Bmr008.A.words.xml#id(Bmr008.w.11,876)..id(Bmr008.disfmarker.469)"/>
   </segment>
   <segment nite:id="Bmr008.segment.1,674" starttime="2487.29" endtime="2490.7" participant="fe016" timing-provenance="dialogueact">
      <nite:child href="Bmr008.A.words.xml#id(Bmr008.w.12,161)..id(Bmr008.w.12,177)"/>
   </segment>
   <segment nite:id="Bmr008.segment.1,675" starttime="2492.3" endtime="2496.95" participant="fe016" timing-provenance="dialogueact">
      <nite:child href="Bmr008.A.words.xml#id(Bmr008.w.12,178)..id(Bmr008.w.12,203)"/>
   </segment>
   <segment nite:id="Bmr008.segment.1,690" starttime="2516.538" endtime="2517.702" participant="fe016" timing-provenance="segment">
      <nite:child href="Bmr008.A.words.xml#id(Bmr008.w.12,301)..id(Bmr008.disfmarker.488)"/>
   </segment>
   <segment nite:id="Bmr008.segment.1,694" starttime="2520.73" endtime="2523.43" participant="fe016" timing-provenance="dialogueact">
      <nite:child href="Bmr008.A.words.xml#id(Bmr008.w.12,310)..id(Bmr008.w.12,320)"/>
   </segment>
   <segment nite:id="Bmr008.segment.1,695" starttime="2524.07" endtime="2526.26" participant="fe016" timing-provenance="dialogueact">
      <nite:child href="Bmr008.A.words.xml#id(Bmr008.w.12,321)..id(Bmr008.w.12,332)"/>
   </segment>
   <segment nite:id="Bmr008.segment.1,696" starttime="2526.92" endtime="2529.19" participant="fe016" timing-provenance="dialogueact">
      <nite:child href="Bmr008.A.words.xml#id(Bmr008.w.12,333)..id(Bmr008.w.12,342)"/>
   </segment>
   <segment nite:id="Bmr008.segment.1,698" starttime="2529.83" endtime="2530.07" participant="fe016" timing-provenance="dialogueact">
      <nite:child href="Bmr008.A.words.xml#id(Bmr008.w.12,347)"/>
   </segment>
   <segment nite:id="Bmr008.segment.1,699" starttime="2530.6" endtime="2532.01" participant="fe016" timing-provenance="dialogueact">
      <nite:child href="Bmr008.A.words.xml#id(Bmr008.w.12,348)..id(Bmr008.w.12,357)"/>
   </segment>
   <segment nite:id="Bmr008.segment.1,700" starttime="2533.17" endtime="2535.83" participant="fe016" timing-provenance="dialogueact">
      <nite:child href="Bmr008.A.words.xml#id(Bmr008.w.12,358)..id(Bmr008.w.12,373)"/>
   </segment>
   <segment nite:id="Bmr008.segment.1,702" starttime="2535.83" endtime="2540.73" participant="fe016" timing-provenance="dialogueact">
      <nite:child href="Bmr008.A.words.xml#id(Bmr008.pause.177)..id(Bmr008.w.12,410)"/>
   </segment>
   <segment nite:id="Bmr008.segment.1,705" starttime="2541.26" endtime="2542.31" participant="fe016" timing-provenance="dialogueact">
      <nite:child href="Bmr008.A.words.xml#id(Bmr008.w.12,413)..id(Bmr008.w.12,415)"/>
   </segment>
   <segment nite:id="Bmr008.segment.1,707" starttime="2543.04" endtime="2543.53" participant="fe016" timing-provenance="dialogueact">
      <nite:child href="Bmr008.A.words.xml#id(Bmr008.w.12,450)..id(Bmr008.w.12,451)"/>
   </segment>
   <segment nite:id="Bmr008.segment.1,708" starttime="2544.042" endtime="2545.525" participant="fe016" timing-provenance="segment">
      <nite:child href="Bmr008.A.words.xml#id(Bmr008.w.12,452)..id(Bmr008.disfmarker.493)"/>
   </segment>
   <segment nite:id="Bmr008.segment.1,709" starttime="2545.525" endtime="2547.004" participant="fe016" timing-provenance="segment">
      <nite:child href="Bmr008.A.words.xml#id(Bmr008.w.12,459)..id(Bmr008.disfmarker.494)"/>
   </segment>
   <segment nite:id="Bmr008.segment.1,710" starttime="2547.517" endtime="2553.899" participant="fe016" timing-provenance="segment">
      <nite:child href="Bmr008.A.words.xml#id(Bmr008.w.12,463)..id(Bmr008.disfmarker.495)"/>
   </segment>
   <segment nite:id="Bmr008.segment.1,726" starttime="2567.712" endtime="2569.678" participant="fe016" timing-provenance="segment">
      <nite:child href="Bmr008.A.words.xml#id(Bmr008.vocalsound.281)"/>
   </segment>
   <segment nite:id="Bmr008.segment.1,774" starttime="2643.369" endtime="2644.895" participant="fe016" timing-provenance="segment">
      <nite:child href="Bmr008.A.words.xml#id(Bmr008.vocalsound.285)"/>
   </segment>
   <segment nite:id="Bmr008.segment.1,925" starttime="2988.445" endtime="2996.474" participant="fe016" timing-provenance="segment">
      <nite:child href="Bmr008.A.words.xml#id(Bmr008.nonvocalsound.7)"/>
   </segment>
   <segment nite:id="Bmr008.segment.1,929" starttime="3001.714" endtime="3009.184" participant="fe016" timing-provenance="segment">
      <nite:child href="Bmr008.A.words.xml#id(Bmr008.nonvocalsound.8)"/>
   </segment>
   <segment nite:id="Bmr008.segment.1,942" starttime="3019.69" endtime="3020.74" participant="fe016" timing-provenance="dialogueact">
      <nite:child href="Bmr008.A.words.xml#id(Bmr008.w.14,377)..id(Bmr008.w.14,380)"/>
   </segment>
   <segment nite:id="Bmr008.segment.1,944" starttime="3021.69" endtime="3022.71" participant="fe016" timing-provenance="dialogueact">
      <nite:child href="Bmr008.A.words.xml#id(Bmr008.w.14,383)..id(Bmr008.w.14,385)"/>
   </segment>
   <segment nite:id="Bmr008.segment.1,945" starttime="3024.42" endtime="3028.01" participant="fe016" timing-provenance="dialogueact">
      <nite:child href="Bmr008.A.words.xml#id(Bmr008.w.14,386)..id(Bmr008.w.14,399)"/>
   </segment>
   <segment nite:id="Bmr008.segment.1,946" starttime="3028.92" endtime="3031.17" participant="fe016" timing-provenance="dialogueact">
      <nite:child href="Bmr008.A.words.xml#id(Bmr008.w.14,400)..id(Bmr008.w.14,412)"/>
   </segment>
   <segment nite:id="Bmr008.segment.1,948" starttime="3031.83" endtime="3034.94" participant="fe016" timing-provenance="dialogueact">
      <nite:child href="Bmr008.A.words.xml#id(Bmr008.w.14,414)..id(Bmr008.w.14,425)"/>
   </segment>
   <segment nite:id="Bmr008.segment.1,949" starttime="3035.55" endtime="3036.72" participant="fe016" timing-provenance="dialogueact">
      <nite:child href="Bmr008.A.words.xml#id(Bmr008.w.14,426)..id(Bmr008.w.14,430)"/>
   </segment>
   <segment nite:id="Bmr008.segment.1,950" starttime="3037.19" endtime="3038.45" participant="fe016" timing-provenance="dialogueact">
      <nite:child href="Bmr008.A.words.xml#id(Bmr008.w.14,431)..id(Bmr008.w.14,433)"/>
   </segment>
   <segment nite:id="Bmr008.segment.1,951" starttime="3039.05" endtime="3040.36" participant="fe016" timing-provenance="dialogueact">
      <nite:child href="Bmr008.A.words.xml#id(Bmr008.w.14,434)..id(Bmr008.w.14,438)"/>
   </segment>
   <segment nite:id="Bmr008.segment.1,953" starttime="3041.15" endtime="3041.48" participant="fe016" timing-provenance="dialogueact">
      <nite:child href="Bmr008.A.words.xml#id(Bmr008.w.14,441)..id(Bmr008.w.14,443)"/>
   </segment>
   <segment nite:id="Bmr008.segment.1,954" starttime="3041.85" endtime="3043.362" participant="fe016" timing-provenance="segment">
      <nite:child href="Bmr008.A.words.xml#id(Bmr008.w.14,444)..id(Bmr008.disfmarker.585)"/>
   </segment>
   <segment nite:id="Bmr008.segment.1,961" starttime="3052.07" endtime="3052.66" participant="fe016" timing-provenance="dialogueact">
      <nite:child href="Bmr008.A.words.xml#id(Bmr008.w.14,494)"/>
   </segment>
   <segment nite:id="Bmr008.segment.1,966" starttime="3064.91" endtime="3065.17" participant="fe016" timing-provenance="dialogueact">
      <nite:child href="Bmr008.A.words.xml#id(Bmr008.w.14,547)"/>
   </segment>
   <segment nite:id="Bmr008.segment.1,985" starttime="3091.53" endtime="3091.9" participant="fe016" timing-provenance="dialogueact">
      <nite:child href="Bmr008.A.words.xml#id(Bmr008.w.14,649)..id(Bmr008.w.14,650)"/>
   </segment>
   <segment nite:id="Bmr008.segment.1,986" starttime="3092.93" endtime="3093.42" participant="fe016" timing-provenance="dialogueact">
      <nite:child href="Bmr008.A.words.xml#id(Bmr008.w.14,651)..id(Bmr008.w.14,652)"/>
   </segment>
   <segment nite:id="Bmr008.segment.1,989" starttime="3093.91" endtime="3094.54" participant="fe016" timing-provenance="dialogueact">
      <nite:child href="Bmr008.A.words.xml#id(Bmr008.w.14,661)..id(Bmr008.w.14,662)"/>
   </segment>
   <segment nite:id="Bmr008.segment.1,990" starttime="3097.14" endtime="3100.94" participant="fe016" timing-provenance="dialogueact">
      <nite:child href="Bmr008.A.words.xml#id(Bmr008.w.14,663)..id(Bmr008.w.14,676)"/>
   </segment>
   <segment nite:id="Bmr008.segment.1,993" starttime="3101.77" endtime="3105.04" participant="fe016" timing-provenance="dialogueact">
      <nite:child href="Bmr008.A.words.xml#id(Bmr008.w.14,683)..id(Bmr008.w.14,691)"/>
   </segment>
   <segment nite:id="Bmr008.segment.1,995" starttime="3106.48" endtime="3111.22" participant="fe016" timing-provenance="dialogueact">
      <nite:child href="Bmr008.A.words.xml#id(Bmr008.w.14,694)..id(Bmr008.w.14,711)"/>
   </segment>
   <segment nite:id="Bmr008.segment.2,041" starttime="3171.2" endtime="3174.54" participant="fe016" timing-provenance="dialogueact">
      <nite:child href="Bmr008.A.words.xml#id(Bmr008.w.14,947)..id(Bmr008.w.14,961)"/>
   </segment>
   <segment nite:id="Bmr008.segment.2,054" starttime="3188.92" endtime="3190.34" participant="fe016" timing-provenance="dialogueact">
      <nite:child href="Bmr008.A.words.xml#id(Bmr008.w.15,037)..id(Bmr008.w.15,042)"/>
   </segment>
   <segment nite:id="Bmr008.segment.2,055" starttime="3191.0" endtime="3192.57" participant="fe016" timing-provenance="dialogueact">
      <nite:child href="Bmr008.A.words.xml#id(Bmr008.w.15,043)..id(Bmr008.w.15,049)"/>
   </segment>
   <segment nite:id="Bmr008.segment.2,058" starttime="3192.94" endtime="3197.08" participant="fe016" timing-provenance="dialogueact">
      <nite:child href="Bmr008.A.words.xml#id(Bmr008.w.15,056)..id(Bmr008.w.15,074)"/>
   </segment>
   <segment nite:id="Bmr008.segment.2,061" starttime="3200.95" endtime="3204.74" participant="fe016" timing-provenance="dialogueact">
      <nite:child href="Bmr008.A.words.xml#id(Bmr008.w.15,095)..id(Bmr008.w.15,112)"/>
   </segment>
   <segment nite:id="Bmr008.segment.2,062" starttime="3205.98" endtime="3208.69" participant="fe016" timing-provenance="dialogueact">
      <nite:child href="Bmr008.A.words.xml#id(Bmr008.w.15,113)..id(Bmr008.w.15,125)"/>
   </segment>
   <segment nite:id="Bmr008.segment.2,066" starttime="3217.91" endtime="3218.22" participant="fe016" timing-provenance="dialogueact">
      <nite:child href="Bmr008.A.words.xml#id(Bmr008.w.15,163)..id(Bmr008.w.15,166)"/>
   </segment>
   <segment nite:id="Bmr008.segment.2,067" starttime="3218.7" endtime="3221.97" participant="fe016" timing-provenance="dialogueact">
      <nite:child href="Bmr008.A.words.xml#id(Bmr008.w.15,167)..id(Bmr008.w.15,181)"/>
   </segment>
   <segment nite:id="Bmr008.segment.2,068" starttime="3222.94" endtime="3224.52" participant="fe016" timing-provenance="dialogueact">
      <nite:child href="Bmr008.A.words.xml#id(Bmr008.w.15,182)..id(Bmr008.w.15,188)"/>
   </segment>
   <segment nite:id="Bmr008.segment.2,071" starttime="3224.52" endtime="3224.82" participant="fe016" timing-provenance="dialogueact">
      <nite:child href="Bmr008.A.words.xml#id(Bmr008.pause.222)..id(Bmr008.w.15,197)"/>
   </segment>
   <segment nite:id="Bmr008.segment.2,074" starttime="3225.89" endtime="3228.11" participant="fe016" timing-provenance="dialogueact">
      <nite:child href="Bmr008.A.words.xml#id(Bmr008.w.15,202)..id(Bmr008.w.15,215)"/>
   </segment>
   <segment nite:id="Bmr008.segment.2,077" starttime="3228.58" endtime="3229.07" participant="fe016" timing-provenance="dialogueact">
      <nite:child href="Bmr008.A.words.xml#id(Bmr008.w.15,235)..id(Bmr008.w.15,236)"/>
   </segment>
   <segment nite:id="Bmr008.segment.2,080" starttime="3229.53" endtime="3233.28" participant="fe016" timing-provenance="dialogueact">
      <nite:child href="Bmr008.A.words.xml#id(Bmr008.w.15,241)..id(Bmr008.w.15,254)"/>
   </segment>
   <segment nite:id="Bmr008.segment.2,082" starttime="3233.789" endtime="3234.85" participant="fe016" timing-provenance="segment">
      <nite:child href="Bmr008.A.words.xml#id(Bmr008.w.15,257)..id(Bmr008.disfmarker.627)"/>
   </segment>
   <segment nite:id="Bmr008.segment.2,084" starttime="3237.71" endtime="3240.587" participant="fe016" timing-provenance="segment">
      <nite:child href="Bmr008.A.words.xml#id(Bmr008.w.15,270)..id(Bmr008.vocalsound.310)"/>
   </segment>
   <segment nite:id="Bmr008.segment.2,122" starttime="3287.34" endtime="3289.04" participant="fe016" timing-provenance="dialogueact">
      <nite:child href="Bmr008.A.words.xml#id(Bmr008.w.15,502)..id(Bmr008.w.15,512)"/>
   </segment>
   <segment nite:id="Bmr008.segment.2,136" starttime="3315.8" endtime="3316.91" participant="fe016" timing-provenance="dialogueact">
      <nite:child href="Bmr008.A.words.xml#id(Bmr008.w.15,618)..id(Bmr008.w.15,623)"/>
   </segment>
   <segment nite:id="Bmr008.segment.2,138" starttime="3316.989" endtime="3321.36" participant="fe016" timing-provenance="segment">
      <nite:child href="Bmr008.A.words.xml#id(Bmr008.w.15,633)..id(Bmr008.disfmarker.648)"/>
   </segment>
   <segment nite:id="Bmr008.segment.2,200" starttime="3443.98" endtime="3445.47" participant="fe016" timing-provenance="dialogueact">
      <nite:child href="Bmr008.A.words.xml#id(Bmr008.w.16,084)..id(Bmr008.w.16,091)"/>
   </segment>
   <segment nite:id="Bmr008.segment.2,210" starttime="3464.08" endtime="3466.36" participant="fe016" timing-provenance="dialogueact">
      <nite:child href="Bmr008.A.words.xml#id(Bmr008.w.16,146)..id(Bmr008.w.16,154)"/>
   </segment>
   <segment nite:id="Bmr008.segment.2,211" starttime="3466.93" endtime="3469.72" participant="fe016" timing-provenance="dialogueact">
      <nite:child href="Bmr008.A.words.xml#id(Bmr008.w.16,155)..id(Bmr008.w.16,167)"/>
   </segment>
   <segment nite:id="Bmr008.segment.2,212" starttime="3471.75" endtime="3472.01" participant="fe016" timing-provenance="dialogueact">
      <nite:child href="Bmr008.A.words.xml#id(Bmr008.w.16,168)"/>
   </segment>
   <segment nite:id="Bmr008.segment.2,213" starttime="3473.63" endtime="3482.51" participant="fe016" timing-provenance="dialogueact">
      <nite:child href="Bmr008.A.words.xml#id(Bmr008.w.16,169)..id(Bmr008.w.16,200)"/>
   </segment>
   <segment nite:id="Bmr008.segment.2,214" starttime="3483.32" endtime="3485.35" participant="fe016" timing-provenance="segment">
      <nite:child href="Bmr008.A.words.xml#id(Bmr008.w.16,201)..id(Bmr008.disfmarker.679)"/>
   </segment>
   <segment nite:id="Bmr008.segment.2,216" starttime="3486.152" endtime="3490.81" participant="fe016" timing-provenance="segment">
      <nite:child href="Bmr008.A.words.xml#id(Bmr008.w.16,211)..id(Bmr008.disfmarker.682)"/>
   </segment>
   <segment nite:id="Bmr008.segment.2,218" starttime="3491.58" endtime="3494.02" participant="fe016" timing-provenance="dialogueact">
      <nite:child href="Bmr008.A.words.xml#id(Bmr008.w.16,230)..id(Bmr008.w.16,239)"/>
   </segment>
   <segment nite:id="Bmr008.segment.2,219" starttime="3495.36" endtime="3495.62" participant="fe016" timing-provenance="dialogueact">
      <nite:child href="Bmr008.A.words.xml#id(Bmr008.w.16,240)"/>
   </segment>
   <segment nite:id="Bmr008.segment.2,220" starttime="3495.97" endtime="3498.9" participant="fe016" timing-provenance="dialogueact">
      <nite:child href="Bmr008.A.words.xml#id(Bmr008.w.16,241)..id(Bmr008.w.16,254)"/>
   </segment>
   <segment nite:id="Bmr008.segment.2,222" starttime="3499.61" endtime="3500.29" participant="fe016" timing-provenance="dialogueact">
      <nite:child href="Bmr008.A.words.xml#id(Bmr008.w.16,257)..id(Bmr008.w.16,258)"/>
   </segment>
   <segment nite:id="Bmr008.segment.2,223" starttime="3500.76" endtime="3510.32" participant="fe016" timing-provenance="segment">
      <nite:child href="Bmr008.A.words.xml#id(Bmr008.w.16,259)..id(Bmr008.disfmarker.683)"/>
   </segment>
   <segment nite:id="Bmr008.segment.2,227" starttime="3510.74" endtime="3515.45" participant="fe016" timing-provenance="dialogueact">
      <nite:child href="Bmr008.A.words.xml#id(Bmr008.w.16,310)..id(Bmr008.w.16,328)"/>
   </segment>
   <segment nite:id="Bmr008.segment.2,229" starttime="3516.61" endtime="3518.26" participant="fe016" timing-provenance="dialogueact">
      <nite:child href="Bmr008.A.words.xml#id(Bmr008.w.16,333)..id(Bmr008.w.16,342)"/>
   </segment>
   <segment nite:id="Bmr008.segment.2,230" starttime="3519.26" endtime="3520.37" participant="fe016" timing-provenance="dialogueact">
      <nite:child href="Bmr008.A.words.xml#id(Bmr008.w.16,343)..id(Bmr008.w.16,348)"/>
   </segment>
   <segment nite:id="Bmr008.segment.2,232" starttime="3522.28" endtime="3522.64" participant="fe016" timing-provenance="dialogueact">
      <nite:child href="Bmr008.A.words.xml#id(Bmr008.w.16,351)..id(Bmr008.w.16,352)"/>
   </segment>
   <segment nite:id="Bmr008.segment.2,271" starttime="3597.33" endtime="3597.58" participant="fe016" timing-provenance="dialogueact">
      <nite:child href="Bmr008.A.words.xml#id(Bmr008.w.16,648)..id(Bmr008.w.16,649)"/>
   </segment>
   <segment nite:id="Bmr008.segment.2,272" starttime="3598.01" endtime="3598.75" participant="fe016" timing-provenance="dialogueact">
      <nite:child href="Bmr008.A.words.xml#id(Bmr008.w.16,650)..id(Bmr008.w.16,651)"/>
   </segment>
   <segment nite:id="Bmr008.segment.2,273" starttime="3599.36" endtime="3601.12" participant="fe016" timing-provenance="dialogueact">
      <nite:child href="Bmr008.A.words.xml#id(Bmr008.w.16,652)..id(Bmr008.w.16,657)"/>
   </segment>
   <segment nite:id="Bmr008.segment.2,274" starttime="3601.5" endtime="3605.76" participant="fe016" timing-provenance="dialogueact">
      <nite:child href="Bmr008.A.words.xml#id(Bmr008.w.16,658)..id(Bmr008.w.16,678)"/>
   </segment>
   <segment nite:id="Bmr008.segment.2,276" starttime="3606.6" endtime="3612.29" participant="fe016" timing-provenance="dialogueact">
      <nite:child href="Bmr008.A.words.xml#id(Bmr008.w.16,681)..id(Bmr008.w.16,703)"/>
   </segment>
   <segment nite:id="Bmr008.segment.2,280" starttime="3612.9" endtime="3624.0" participant="fe016" timing-provenance="dialogueact">
      <nite:child href="Bmr008.A.words.xml#id(Bmr008.w.16,726)..id(Bmr008.w.16,772)"/>
   </segment>
   <segment nite:id="Bmr008.segment.2,290" starttime="3629.34" endtime="3629.76" participant="fe016" timing-provenance="dialogueact">
      <nite:child href="Bmr008.A.words.xml#id(Bmr008.w.16,800)..id(Bmr008.w.16,801)"/>
   </segment>
   <segment nite:id="Bmr008.segment.2,292" starttime="3630.26" endtime="3634.43" participant="fe016" timing-provenance="dialogueact">
      <nite:child href="Bmr008.A.words.xml#id(Bmr008.w.16,810)..id(Bmr008.w.16,825)"/>
   </segment>
   <segment nite:id="Bmr008.segment.2,298" starttime="3634.92" endtime="3635.3" participant="fe016" timing-provenance="dialogueact">
      <nite:child href="Bmr008.A.words.xml#id(Bmr008.w.16,847)..id(Bmr008.w.16,848)"/>
   </segment>
   <segment nite:id="Bmr008.segment.2,305" starttime="3642.2" endtime="3649.25" participant="fe016" timing-provenance="dialogueact">
      <nite:child href="Bmr008.A.words.xml#id(Bmr008.w.16,873)..id(Bmr008.w.16,904)"/>
   </segment>
   <segment nite:id="Bmr008.segment.2,338" starttime="3714.12" endtime="3715.048" participant="fe016" timing-provenance="segment">
      <nite:child href="Bmr008.A.words.xml#id(Bmr008.w.17,141)..id(Bmr008.disfmarker.740)"/>
   </segment>
   <segment nite:id="Bmr008.segment.2,340" starttime="3714.78" endtime="3716.44" participant="fe016" timing-provenance="dialogueact">
      <nite:child href="Bmr008.A.words.xml#id(Bmr008.w.17,148)..id(Bmr008.w.17,151)"/>
   </segment>
   <segment nite:id="Bmr008.segment.2,343" starttime="3717.3" endtime="3717.53" participant="fe016" timing-provenance="dialogueact">
      <nite:child href="Bmr008.A.words.xml#id(Bmr008.w.17,160)..id(Bmr008.w.17,161)"/>
   </segment>
   <segment nite:id="Bmr008.segment.2,419" starttime="3841.51" endtime="3845.492" participant="fe016" timing-provenance="segment">
      <nite:child href="Bmr008.A.words.xml#id(Bmr008.vocalsound.333)"/>
   </segment>
   <segment nite:id="Bmr008.segment.2,492" starttime="3975.72" endtime="3978.775" participant="fe016" digittask="true" timing-provenance="segment">
      <nite:child href="Bmr008.A.words.xml#id(Bmr008.w.17,916)..id(Bmr008.comment.112)"/>
   </segment>
   <segment nite:id="Bmr008.segment.2,493" starttime="3979.178" endtime="3979.674" participant="fe016" digittask="true" timing-provenance="segment">
      <nite:child href="Bmr008.A.words.xml#id(Bmr008.w.17,925)..id(Bmr008.comment.113)"/>
   </segment>
   <segment nite:id="Bmr008.segment.2,494" starttime="3979.71" endtime="3980.499" participant="fe016" digittask="true" timing-provenance="segment">
      <nite:child href="Bmr008.A.words.xml#id(Bmr008.w.17,926)..id(Bmr008.comment.114)"/>
   </segment>
   <segment nite:id="Bmr008.segment.2,495" starttime="3980.594" endtime="3981.246" participant="fe016" digittask="true" timing-provenance="segment">
      <nite:child href="Bmr008.A.words.xml#id(Bmr008.w.17,929)..id(Bmr008.comment.115)"/>
   </segment>
   <segment nite:id="Bmr008.segment.2,496" starttime="3981.602" endtime="3983.49" participant="fe016" digittask="true" timing-provenance="segment">
      <nite:child href="Bmr008.A.words.xml#id(Bmr008.w.17,931)..id(Bmr008.comment.116)"/>
   </segment>
   <segment nite:id="Bmr008.segment.2,497" starttime="3983.541" endtime="3985.505" participant="fe016" digittask="true" timing-provenance="segment">
      <nite:child href="Bmr008.A.words.xml#id(Bmr008.w.17,938)..id(Bmr008.comment.117)"/>
   </segment>
   <segment nite:id="Bmr008.segment.2,498" starttime="3985.727" endtime="3986.335" participant="fe016" digittask="true" timing-provenance="segment">
      <nite:child href="Bmr008.A.words.xml#id(Bmr008.w.17,945)..id(Bmr008.comment.118)"/>
   </segment>
   <segment nite:id="Bmr008.segment.2,499" starttime="3986.411" endtime="3988.265" participant="fe016" digittask="true" timing-provenance="segment">
      <nite:child href="Bmr008.A.words.xml#id(Bmr008.w.17,946)..id(Bmr008.comment.119)"/>
   </segment>
   <segment nite:id="Bmr008.segment.2,500" starttime="3988.74" endtime="3989.74" participant="fe016" digittask="true" timing-provenance="segment">
      <nite:child href="Bmr008.A.words.xml#id(Bmr008.w.17,953)..id(Bmr008.comment.120)"/>
   </segment>
   <segment nite:id="Bmr008.segment.2,501" starttime="3989.85" endtime="3990.416" participant="fe016" digittask="true" timing-provenance="segment">
      <nite:child href="Bmr008.A.words.xml#id(Bmr008.w.17,957)..id(Bmr008.comment.121)"/>
   </segment>
   <segment nite:id="Bmr008.segment.2,502" starttime="3990.508" endtime="3991.044" participant="fe016" digittask="true" timing-provenance="segment">
      <nite:child href="Bmr008.A.words.xml#id(Bmr008.w.17,958)..id(Bmr008.comment.122)"/>
   </segment>
   <segment nite:id="Bmr008.segment.2,503" starttime="3991.221" endtime="3992.191" participant="fe016" digittask="true" timing-provenance="segment">
      <nite:child href="Bmr008.A.words.xml#id(Bmr008.w.17,959)..id(Bmr008.comment.123)"/>
   </segment>
   <segment nite:id="Bmr008.segment.2,504" starttime="3992.3" endtime="3993.466" participant="fe016" digittask="true" timing-provenance="segment">
      <nite:child href="Bmr008.A.words.xml#id(Bmr008.w.17,962)..id(Bmr008.comment.124)"/>
   </segment>
   <segment nite:id="Bmr008.segment.2,505" starttime="3993.601" endtime="3994.533" participant="fe016" digittask="true" timing-provenance="segment">
      <nite:child href="Bmr008.A.words.xml#id(Bmr008.w.17,965)..id(Bmr008.comment.125)"/>
   </segment>
   <segment nite:id="Bmr008.segment.2,506" starttime="3994.533" endtime="3995.246" participant="fe016" digittask="true" timing-provenance="segment">
      <nite:child href="Bmr008.A.words.xml#id(Bmr008.w.17,967)..id(Bmr008.comment.126)"/>
   </segment>
   <segment nite:id="Bmr008.segment.2,507" starttime="3995.322" endtime="3995.96" participant="fe016" digittask="true" timing-provenance="segment">
      <nite:child href="Bmr008.A.words.xml#id(Bmr008.w.17,969)..id(Bmr008.comment.127)"/>
   </segment>
   <segment nite:id="Bmr008.segment.2,508" starttime="3996.139" endtime="3996.668" participant="fe016" digittask="true" timing-provenance="segment">
      <nite:child href="Bmr008.A.words.xml#id(Bmr008.w.17,971)..id(Bmr008.comment.128)"/>
   </segment>
   <segment nite:id="Bmr008.segment.2,509" starttime="3997.08" endtime="3998.376" participant="fe016" digittask="true" timing-provenance="segment">
      <nite:child href="Bmr008.A.words.xml#id(Bmr008.w.17,972)..id(Bmr008.comment.129)"/>
   </segment>
   <segment nite:id="Bmr008.segment.2,510" starttime="3998.71" endtime="4000.008" participant="fe016" digittask="true" timing-provenance="segment">
      <nite:child href="Bmr008.A.words.xml#id(Bmr008.w.17,976)..id(Bmr008.comment.130)"/>
   </segment>
   <segment nite:id="Bmr008.segment.2,511" starttime="4000.008" endtime="4001.345" participant="fe016" digittask="true" timing-provenance="segment">
      <nite:child href="Bmr008.A.words.xml#id(Bmr008.w.17,980)..id(Bmr008.comment.131)"/>
   </segment>
   <segment nite:id="Bmr008.segment.2,512" starttime="4001.558" endtime="4003.051" participant="fe016" digittask="true" timing-provenance="segment">
      <nite:child href="Bmr008.A.words.xml#id(Bmr008.w.17,983)..id(Bmr008.comment.132)"/>
   </segment>
</nite:root>