<?xml version="1.0" encoding="ISO-8859-1" standalone="yes"?>
<nite:root nite:id="EN2009b.C.segs" xmlns:nite="http://nite.sourceforge.net/">
   <segment nite:id="EN2009b.sync.632" channel="2" transcriber_start="0.0" transcriber_end="6.045">
      <nite:child href="EN2009b.C.words.xml#id(EN2009b.C.words0)..id(EN2009b.C.words23)"/>
   </segment>
   <segment nite:id="EN2009b.sync.634" channel="2" transcriber_start="12.857" transcriber_end="13.342">
      <nite:child href="EN2009b.C.words.xml#id(EN2009b.C.words24)"/>
   </segment>
   <segment nite:id="EN2009b.sync.636" channel="2" transcriber_start="14.201" transcriber_end="18.224">
      <nite:child href="EN2009b.C.words.xml#id(EN2009b.C.words25)..id(EN2009b.C.words35)"/>
   </segment>
   <segment nite:id="EN2009b.sync.638" channel="2" transcriber_start="24.992" transcriber_end="27.35">
      <nite:child href="EN2009b.C.words.xml#id(EN2009b.C.words36)"/>
   </segment>
   <segment nite:id="EN2009b.sync.640" channel="2" transcriber_start="29.687" transcriber_end="30.66">
      <nite:child href="EN2009b.C.words.xml#id(EN2009b.C.words37)..id(EN2009b.C.words40)"/>
   </segment>
   <segment nite:id="EN2009b.sync.642" channel="2" transcriber_start="32.034" transcriber_end="32.624">
      <nite:child href="EN2009b.C.words.xml#id(EN2009b.C.words41)..id(EN2009b.C.words42)"/>
   </segment>
   <segment nite:id="EN2009b.sync.644" channel="2" transcriber_start="34.487" transcriber_end="54.256">
      <nite:child href="EN2009b.C.words.xml#id(EN2009b.C.words43)..id(EN2009b.C.words104)"/>
   </segment>
   <segment nite:id="EN2009b.sync.646" channel="2" transcriber_start="57.394" transcriber_end="58.068">
      <nite:child href="EN2009b.C.words.xml#id(EN2009b.C.words105)..id(EN2009b.C.words106)"/>
   </segment>
   <segment nite:id="EN2009b.sync.648" channel="2" transcriber_start="62.208" transcriber_end="65.376">
      <nite:child href="EN2009b.C.words.xml#id(EN2009b.C.words107)..id(EN2009b.C.words112)"/>
   </segment>
   <segment nite:id="EN2009b.sync.650" channel="2" transcriber_start="81.616" transcriber_end="82.264">
      <nite:child href="EN2009b.C.words.xml#id(EN2009b.C.words113)..id(EN2009b.C.words114)"/>
   </segment>
   <segment nite:id="EN2009b.sync.652" channel="2" transcriber_start="92.245" transcriber_end="93.12">
      <nite:child href="EN2009b.C.words.xml#id(EN2009b.C.words115)..id(EN2009b.C.words116)"/>
   </segment>
   <segment nite:id="EN2009b.sync.654" channel="2" transcriber_start="94.816" transcriber_end="105.353">
      <nite:child href="EN2009b.C.words.xml#id(EN2009b.C.words117)..id(EN2009b.C.words152)"/>
   </segment>
   <segment nite:id="EN2009b.sync.656" channel="2" transcriber_start="110.864" transcriber_end="111.44">
      <nite:child href="EN2009b.C.words.xml#id(EN2009b.C.words153)..id(EN2009b.C.words154)"/>
   </segment>
   <segment nite:id="EN2009b.sync.658" channel="2" transcriber_start="114.339" transcriber_end="114.73">
      <nite:child href="EN2009b.C.words.xml#id(EN2009b.C.words155)..id(EN2009b.C.words156)"/>
   </segment>
   <segment nite:id="EN2009b.sync.660" channel="2" transcriber_start="118.135" transcriber_end="123.6">
      <nite:child href="EN2009b.C.words.xml#id(EN2009b.C.words157)..id(EN2009b.C.words172)"/>
   </segment>
   <segment nite:id="EN2009b.sync.662" channel="2" transcriber_start="129.312" transcriber_end="145.427">
      <nite:child href="EN2009b.C.words.xml#id(EN2009b.C.words173)..id(EN2009b.C.words219)"/>
   </segment>
   <segment nite:id="EN2009b.sync.664" channel="2" transcriber_start="147.61" transcriber_end="154.269">
      <nite:child href="EN2009b.C.words.xml#id(EN2009b.C.words220)..id(EN2009b.C.words247)"/>
   </segment>
   <segment nite:id="EN2009b.sync.666" channel="2" transcriber_start="160.244" transcriber_end="169.536">
      <nite:child href="EN2009b.C.words.xml#id(EN2009b.C.words248)..id(EN2009b.C.words269)"/>
   </segment>
   <segment nite:id="EN2009b.sync.668" channel="2" transcriber_start="174.992" transcriber_end="181.408">
      <nite:child href="EN2009b.C.words.xml#id(EN2009b.C.words270)..id(EN2009b.C.words278)"/>
   </segment>
   <segment nite:id="EN2009b.sync.670" channel="2" transcriber_start="202.593" transcriber_end="203.018">
      <nite:child href="EN2009b.C.words.xml#id(EN2009b.C.words279)..id(EN2009b.C.words280)"/>
   </segment>
   <segment nite:id="EN2009b.sync.672" channel="2" transcriber_start="219.987" transcriber_end="220.758">
      <nite:child href="EN2009b.C.words.xml#id(EN2009b.C.words281)"/>
   </segment>
   <segment nite:id="EN2009b.sync.674" channel="2" transcriber_start="230.727" transcriber_end="237.994">
      <nite:child href="EN2009b.C.words.xml#id(EN2009b.C.words282)..id(EN2009b.C.words301)"/>
   </segment>
   <segment nite:id="EN2009b.sync.676" channel="2" transcriber_start="242.822" transcriber_end="244.656">
      <nite:child href="EN2009b.C.words.xml#id(EN2009b.C.words302)"/>
   </segment>
   <segment nite:id="EN2009b.sync.678" channel="2" transcriber_start="251.536" transcriber_end="254.531">
      <nite:child href="EN2009b.C.words.xml#id(EN2009b.C.words303)..id(EN2009b.C.words306)"/>
   </segment>
   <segment nite:id="EN2009b.sync.680" channel="2" transcriber_start="256.016" transcriber_end="257.229">
      <nite:child href="EN2009b.C.words.xml#id(EN2009b.C.words307)..id(EN2009b.C.words308)"/>
   </segment>
   <segment nite:id="EN2009b.sync.682" channel="2" transcriber_start="261.513" transcriber_end="274.729">
      <nite:child href="EN2009b.C.words.xml#id(EN2009b.C.words309)..id(EN2009b.C.words345)"/>
   </segment>
   <segment nite:id="EN2009b.sync.684" channel="2" transcriber_start="278.878" transcriber_end="279.402">
      <nite:child href="EN2009b.C.words.xml#id(EN2009b.C.words346)..id(EN2009b.C.words348)"/>
   </segment>
   <segment nite:id="EN2009b.sync.686" channel="2" transcriber_start="282.72" transcriber_end="284.1">
      <nite:child href="EN2009b.C.words.xml#id(EN2009b.C.words349)..id(EN2009b.C.words353)"/>
   </segment>
   <segment nite:id="EN2009b.sync.688" channel="2" transcriber_start="290.496" transcriber_end="297.191">
      <nite:child href="EN2009b.C.words.xml#id(EN2009b.C.words354)..id(EN2009b.C.words363)"/>
   </segment>
   <segment nite:id="EN2009b.sync.690" channel="2" transcriber_start="313.981" transcriber_end="321.238">
      <nite:child href="EN2009b.C.words.xml#id(EN2009b.C.words364)..id(EN2009b.C.words386)"/>
   </segment>
   <segment nite:id="EN2009b.sync.692" channel="2" transcriber_start="324.832" transcriber_end="327.052">
      <nite:child href="EN2009b.C.words.xml#id(EN2009b.C.words387)..id(EN2009b.C.words392)"/>
   </segment>
   <segment nite:id="EN2009b.sync.694" channel="2" transcriber_start="333.716" transcriber_end="354.43">
      <nite:child href="EN2009b.C.words.xml#id(EN2009b.C.words393)..id(EN2009b.C.words433)"/>
   </segment>
   <segment nite:id="EN2009b.sync.696" channel="2" transcriber_start="368.676" transcriber_end="369.541">
      <nite:child href="EN2009b.C.words.xml#id(EN2009b.C.words434)..id(EN2009b.C.words437)"/>
   </segment>
   <segment nite:id="EN2009b.sync.698" channel="2" transcriber_start="399.688" transcriber_end="400.321">
      <nite:child href="EN2009b.C.words.xml#id(EN2009b.C.words438)"/>
   </segment>
   <segment nite:id="EN2009b.sync.699" channel="2" transcriber_start="400.321" transcriber_end="404.514">
      <nite:child href="EN2009b.C.words.xml#id(EN2009b.C.words439)..id(EN2009b.C.words444)"/>
   </segment>
   <segment nite:id="EN2009b.sync.701" channel="2" transcriber_start="406.535" transcriber_end="417.904">
      <nite:child href="EN2009b.C.words.xml#id(EN2009b.C.words445)..id(EN2009b.C.words474)"/>
   </segment>
   <segment nite:id="EN2009b.sync.703" channel="2" transcriber_start="426.115" transcriber_end="434.791">
      <nite:child href="EN2009b.C.words.xml#id(EN2009b.C.words475)..id(EN2009b.C.words506)"/>
   </segment>
   <segment nite:id="EN2009b.sync.705" channel="2" transcriber_start="446.138" transcriber_end="447.66">
      <nite:child href="EN2009b.C.words.xml#id(EN2009b.C.words507)"/>
   </segment>
   <segment nite:id="EN2009b.sync.707" channel="2" transcriber_start="466.528" transcriber_end="475.274">
      <nite:child href="EN2009b.C.words.xml#id(EN2009b.C.words508)..id(EN2009b.C.words547)"/>
   </segment>
   <segment nite:id="EN2009b.sync.709" channel="2" transcriber_start="475.674" transcriber_end="476.531">
      <nite:child href="EN2009b.C.words.xml#id(EN2009b.C.words548)"/>
   </segment>
   <segment nite:id="EN2009b.sync.711" channel="2" transcriber_start="487.2" transcriber_end="500.188">
      <nite:child href="EN2009b.C.words.xml#id(EN2009b.C.words549)..id(EN2009b.C.words587)"/>
   </segment>
   <segment nite:id="EN2009b.sync.713" channel="2" transcriber_start="511.072" transcriber_end="547.679">
      <nite:child href="EN2009b.C.words.xml#id(EN2009b.C.words588)..id(EN2009b.C.words690)"/>
   </segment>
   <segment nite:id="EN2009b.sync.714" channel="2" transcriber_start="547.679" transcriber_end="575.616">
      <nite:child href="EN2009b.C.words.xml#id(EN2009b.C.words691)..id(EN2009b.C.words781)"/>
   </segment>
   <segment nite:id="EN2009b.sync.716" channel="2" transcriber_start="583.857" transcriber_end="584.639">
      <nite:child href="EN2009b.C.words.xml#id(EN2009b.C.words782)..id(EN2009b.C.words785)"/>
   </segment>
   <segment nite:id="EN2009b.sync.718" channel="2" transcriber_start="593.008" transcriber_end="628.685">
      <nite:child href="EN2009b.C.words.xml#id(EN2009b.C.words786)..id(EN2009b.C.words884)"/>
   </segment>
   <segment nite:id="EN2009b.sync.720" channel="2" transcriber_start="630.83" transcriber_end="632.329">
      <nite:child href="EN2009b.C.words.xml#id(EN2009b.C.words885)..id(EN2009b.C.words890)"/>
   </segment>
   <segment nite:id="EN2009b.sync.722" channel="2" transcriber_start="647.171" transcriber_end="650.016">
      <nite:child href="EN2009b.C.words.xml#id(EN2009b.C.words891)..id(EN2009b.C.words898)"/>
   </segment>
   <segment nite:id="EN2009b.sync.724" channel="2" transcriber_start="659.74" transcriber_end="663.26">
      <nite:child href="EN2009b.C.words.xml#id(EN2009b.C.words899)..id(EN2009b.C.words914)"/>
   </segment>
   <segment nite:id="EN2009b.sync.726" channel="2" transcriber_start="701.632" transcriber_end="702.077">
      <nite:child href="EN2009b.C.words.xml#id(EN2009b.C.words915)..id(EN2009b.C.words916)"/>
   </segment>
   <segment nite:id="EN2009b.sync.728" channel="2" transcriber_start="702.338" transcriber_end="703.251">
      <nite:child href="EN2009b.C.words.xml#id(EN2009b.C.words917)"/>
   </segment>
   <segment nite:id="EN2009b.sync.730" channel="2" transcriber_start="704.369" transcriber_end="704.816">
      <nite:child href="EN2009b.C.words.xml#id(EN2009b.C.words918)..id(EN2009b.C.words919)"/>
   </segment>
   <segment nite:id="EN2009b.sync.732" channel="2" transcriber_start="705.71" transcriber_end="718.867">
      <nite:child href="EN2009b.C.words.xml#id(EN2009b.C.words920)..id(EN2009b.C.words972)"/>
   </segment>
   <segment nite:id="EN2009b.sync.734" channel="2" transcriber_start="728.182" transcriber_end="728.561">
      <nite:child href="EN2009b.C.words.xml#id(EN2009b.C.words973)"/>
   </segment>
   <segment nite:id="EN2009b.sync.736" channel="2" transcriber_start="732.257" transcriber_end="735.916">
      <nite:child href="EN2009b.C.words.xml#id(EN2009b.C.words974)..id(EN2009b.C.words988)"/>
   </segment>
   <segment nite:id="EN2009b.sync.738" channel="2" transcriber_start="740.82" transcriber_end="751.821">
      <nite:child href="EN2009b.C.words.xml#id(EN2009b.C.words989)..id(EN2009b.C.words1033)"/>
   </segment>
   <segment nite:id="EN2009b.sync.740" channel="2" transcriber_start="754.105" transcriber_end="756.018">
      <nite:child href="EN2009b.C.words.xml#id(EN2009b.C.words1034)..id(EN2009b.C.words1037)"/>
   </segment>
   <segment nite:id="EN2009b.sync.742" channel="2" transcriber_start="758.349" transcriber_end="760.103">
      <nite:child href="EN2009b.C.words.xml#id(EN2009b.C.words1038)..id(EN2009b.C.words1046)"/>
   </segment>
   <segment nite:id="EN2009b.sync.744" channel="2" transcriber_start="772.825" transcriber_end="785.325">
      <nite:child href="EN2009b.C.words.xml#id(EN2009b.C.words1047)..id(EN2009b.C.words1097)"/>
   </segment>
   <segment nite:id="EN2009b.sync.746" channel="2" transcriber_start="790.918" transcriber_end="791.776">
      <nite:child href="EN2009b.C.words.xml#id(EN2009b.C.words1098)..id(EN2009b.C.words1099)"/>
   </segment>
   <segment nite:id="EN2009b.sync.748" channel="2" transcriber_start="794.786" transcriber_end="798.018">
      <nite:child href="EN2009b.C.words.xml#id(EN2009b.C.words1100)..id(EN2009b.C.words1116)"/>
   </segment>
   <segment nite:id="EN2009b.sync.750" channel="2" transcriber_start="812.146" transcriber_end="813.318">
      <nite:child href="EN2009b.C.words.xml#id(EN2009b.C.words1117)..id(EN2009b.C.words1120)"/>
   </segment>
   <segment nite:id="EN2009b.sync.752" channel="2" transcriber_start="831.584" transcriber_end="832.962">
      <nite:child href="EN2009b.C.words.xml#id(EN2009b.C.words1121)..id(EN2009b.C.words1128)"/>
   </segment>
   <segment nite:id="EN2009b.sync.754" channel="2" transcriber_start="845.161" transcriber_end="845.594">
      <nite:child href="EN2009b.C.words.xml#id(EN2009b.C.words1129)..id(EN2009b.C.words1130)"/>
   </segment>
   <segment nite:id="EN2009b.sync.756" channel="2" transcriber_start="850.544" transcriber_end="851.665">
      <nite:child href="EN2009b.C.words.xml#id(EN2009b.C.words1131)..id(EN2009b.C.words1134)"/>
   </segment>
   <segment nite:id="EN2009b.sync.758" channel="2" transcriber_start="862.844" transcriber_end="864.56">
      <nite:child href="EN2009b.C.words.xml#id(EN2009b.C.words1135)..id(EN2009b.C.words1142)"/>
   </segment>
   <segment nite:id="EN2009b.sync.760" channel="2" transcriber_start="878.964" transcriber_end="879.635">
      <nite:child href="EN2009b.C.words.xml#id(EN2009b.C.words1143)"/>
   </segment>
   <segment nite:id="EN2009b.sync.762" channel="2" transcriber_start="881.116" transcriber_end="889.217">
      <nite:child href="EN2009b.C.words.xml#id(EN2009b.C.words1144)..id(EN2009b.C.words1158)"/>
   </segment>
   <segment nite:id="EN2009b.sync.764" channel="2" transcriber_start="892.96" transcriber_end="894.641">
      <nite:child href="EN2009b.C.words.xml#id(EN2009b.C.words1159)..id(EN2009b.C.words1166)"/>
   </segment>
   <segment nite:id="EN2009b.sync.766" channel="2" transcriber_start="926.428" transcriber_end="959.66">
      <nite:child href="EN2009b.C.words.xml#id(EN2009b.C.words1167)..id(EN2009b.C.words1257)"/>
   </segment>
   <segment nite:id="EN2009b.sync.768" channel="2" transcriber_start="962.592" transcriber_end="962.929">
      <nite:child href="EN2009b.C.words.xml#id(EN2009b.C.words1258)..id(EN2009b.C.words1259)"/>
   </segment>
   <segment nite:id="EN2009b.sync.770" channel="2" transcriber_start="974.903" transcriber_end="976.507">
      <nite:child href="EN2009b.C.words.xml#id(EN2009b.C.words1260)..id(EN2009b.C.words1263)"/>
   </segment>
   <segment nite:id="EN2009b.sync.772" channel="2" transcriber_start="979.184" transcriber_end="983.216">
      <nite:child href="EN2009b.C.words.xml#id(EN2009b.C.words1264)..id(EN2009b.C.words1271)"/>
   </segment>
   <segment nite:id="EN2009b.sync.774" channel="2" transcriber_start="984.64" transcriber_end="1022.972">
      <nite:child href="EN2009b.C.words.xml#id(EN2009b.C.words1272)..id(EN2009b.C.words1384)"/>
   </segment>
   <segment nite:id="EN2009b.sync.776" channel="2" transcriber_start="1025.774" transcriber_end="1034.643">
      <nite:child href="EN2009b.C.words.xml#id(EN2009b.C.words1385)..id(EN2009b.C.words1415)"/>
   </segment>
   <segment nite:id="EN2009b.sync.778" channel="2" transcriber_start="1059.685" transcriber_end="1060.208">
      <nite:child href="EN2009b.C.words.xml#id(EN2009b.C.words1416)"/>
   </segment>
   <segment nite:id="EN2009b.sync.780" channel="2" transcriber_start="1061.067" transcriber_end="1071.218">
      <nite:child href="EN2009b.C.words.xml#id(EN2009b.C.words1417)..id(EN2009b.C.words1433)"/>
   </segment>
   <segment nite:id="EN2009b.sync.782" channel="2" transcriber_start="1079.861" transcriber_end="1080.235">
      <nite:child href="EN2009b.C.words.xml#id(EN2009b.C.words1434)"/>
   </segment>
   <segment nite:id="EN2009b.sync.784" channel="2" transcriber_start="1081.934" transcriber_end="1101.43">
      <nite:child href="EN2009b.C.words.xml#id(EN2009b.C.words1435)..id(EN2009b.C.words1494)"/>
   </segment>
   <segment nite:id="EN2009b.sync.786" channel="2" transcriber_start="1105.779" transcriber_end="1130.88">
      <nite:child href="EN2009b.C.words.xml#id(EN2009b.C.words1495)..id(EN2009b.C.words1563)"/>
   </segment>
   <segment nite:id="EN2009b.sync.788" channel="2" transcriber_start="1140.027" transcriber_end="1148.585">
      <nite:child href="EN2009b.C.words.xml#id(EN2009b.C.words1564)..id(EN2009b.C.words1588)"/>
   </segment>
   <segment nite:id="EN2009b.sync.790" channel="2" transcriber_start="1184.551" transcriber_end="1185.133">
      <nite:child href="EN2009b.C.words.xml#id(EN2009b.C.words1589)..id(EN2009b.C.words1591)"/>
   </segment>
   <segment nite:id="EN2009b.sync.792" channel="2" transcriber_start="1240.592" transcriber_end="1243.129">
      <nite:child href="EN2009b.C.words.xml#id(EN2009b.C.words1592)"/>
   </segment>
   <segment nite:id="EN2009b.sync.794" channel="2" transcriber_start="1286.363" transcriber_end="1287.494">
      <nite:child href="EN2009b.C.words.xml#id(EN2009b.C.words1593)..id(EN2009b.C.words1596)"/>
   </segment>
   <segment nite:id="EN2009b.sync.796" channel="2" transcriber_start="1312.66" transcriber_end="1313.583">
      <nite:child href="EN2009b.C.words.xml#id(EN2009b.C.words1597)"/>
   </segment>
   <segment nite:id="EN2009b.sync.798" channel="2" transcriber_start="1316.336" transcriber_end="1317.058">
      <nite:child href="EN2009b.C.words.xml#id(EN2009b.C.words1598)..id(EN2009b.C.words1599)"/>
   </segment>
   <segment nite:id="EN2009b.sync.800" channel="2" transcriber_start="1326.125" transcriber_end="1330.4">
      <nite:child href="EN2009b.C.words.xml#id(EN2009b.C.words1600)..id(EN2009b.C.words1605)"/>
   </segment>
   <segment nite:id="EN2009b.sync.802" channel="2" transcriber_start="1332.176" transcriber_end="1353.687">
      <nite:child href="EN2009b.C.words.xml#id(EN2009b.C.words1606)..id(EN2009b.C.words1670)"/>
   </segment>
   <segment nite:id="EN2009b.sync.804" channel="2" transcriber_start="1366.768" transcriber_end="1370.991">
      <nite:child href="EN2009b.C.words.xml#id(EN2009b.C.words1671)..id(EN2009b.C.words1678)"/>
   </segment>
   <segment nite:id="EN2009b.sync.806" channel="2" transcriber_start="1381.92" transcriber_end="1388.786">
      <nite:child href="EN2009b.C.words.xml#id(EN2009b.C.words1679)..id(EN2009b.C.words1704)"/>
   </segment>
   <segment nite:id="EN2009b.sync.808" channel="2" transcriber_start="1388.984" transcriber_end="1389.246">
      <nite:child href="EN2009b.C.words.xml#id(EN2009b.C.words1705)"/>
   </segment>
   <segment nite:id="EN2009b.sync.810" channel="2" transcriber_start="1392.17" transcriber_end="1393.052">
      <nite:child href="EN2009b.C.words.xml#id(EN2009b.C.words1706)..id(EN2009b.C.words1707)"/>
   </segment>
   <segment nite:id="EN2009b.sync.812" channel="2" transcriber_start="1395.389" transcriber_end="1397.402">
      <nite:child href="EN2009b.C.words.xml#id(EN2009b.C.words1708)..id(EN2009b.C.words1713)"/>
   </segment>
   <segment nite:id="EN2009b.sync.814" channel="2" transcriber_start="1401.515" transcriber_end="1417.027">
      <nite:child href="EN2009b.C.words.xml#id(EN2009b.C.words1714)..id(EN2009b.C.words1770)"/>
   </segment>
   <segment nite:id="EN2009b.sync.816" channel="2" transcriber_start="1423.638" transcriber_end="1437.77">
      <nite:child href="EN2009b.C.words.xml#id(EN2009b.C.words1771)..id(EN2009b.C.words1822)"/>
   </segment>
   <segment nite:id="EN2009b.sync.818" channel="2" transcriber_start="1443.488" transcriber_end="1469.493">
      <nite:child href="EN2009b.C.words.xml#id(EN2009b.C.words1823)..id(EN2009b.C.words1914)"/>
   </segment>
   <segment nite:id="EN2009b.sync.820" channel="2" transcriber_start="1472.22" transcriber_end="1472.89">
      <nite:child href="EN2009b.C.words.xml#id(EN2009b.C.words1915)..id(EN2009b.C.words1916)"/>
   </segment>
   <segment nite:id="EN2009b.sync.822" channel="2" transcriber_start="1473.189" transcriber_end="1474.567">
      <nite:child href="EN2009b.C.words.xml#id(EN2009b.C.words1917)..id(EN2009b.C.words1921)"/>
   </segment>
   <segment nite:id="EN2009b.sync.824" channel="2" transcriber_start="1483.996" transcriber_end="1484.784">
      <nite:child href="EN2009b.C.words.xml#id(EN2009b.C.words1922)..id(EN2009b.C.words1923)"/>
   </segment>
   <segment nite:id="EN2009b.sync.826" channel="2" transcriber_start="1489.593" transcriber_end="1490.25">
      <nite:child href="EN2009b.C.words.xml#id(EN2009b.C.words1924)..id(EN2009b.C.words1925)"/>
   </segment>
   <segment nite:id="EN2009b.sync.828" channel="2" transcriber_start="1495.376" transcriber_end="1500.005">
      <nite:child href="EN2009b.C.words.xml#id(EN2009b.C.words1926)..id(EN2009b.C.words1936)"/>
   </segment>
   <segment nite:id="EN2009b.sync.830" channel="2" transcriber_start="1501.656" transcriber_end="1502.733">
      <nite:child href="EN2009b.C.words.xml#id(EN2009b.C.words1937)..id(EN2009b.C.words1938)"/>
   </segment>
   <segment nite:id="EN2009b.sync.832" channel="2" transcriber_start="1508.926" transcriber_end="1529.2">
      <nite:child href="EN2009b.C.words.xml#id(EN2009b.C.words1939)..id(EN2009b.C.words2012)"/>
   </segment>
   <segment nite:id="EN2009b.sync.834" channel="2" transcriber_start="1532.885" transcriber_end="1550.775">
      <nite:child href="EN2009b.C.words.xml#id(EN2009b.C.words2013)..id(EN2009b.C.words2070)"/>
   </segment>
   <segment nite:id="EN2009b.sync.836" channel="2" transcriber_start="1554.815" transcriber_end="1555.563">
      <nite:child href="EN2009b.C.words.xml#id(EN2009b.C.words2071)..id(EN2009b.C.words2072)"/>
   </segment>
   <segment nite:id="EN2009b.sync.838" channel="2" transcriber_start="1562.272" transcriber_end="1565.37">
      <nite:child href="EN2009b.C.words.xml#id(EN2009b.C.words2073)..id(EN2009b.C.words2088)"/>
   </segment>
   <segment nite:id="EN2009b.sync.840" channel="2" transcriber_start="1581.705" transcriber_end="1594.471">
      <nite:child href="EN2009b.C.words.xml#id(EN2009b.C.words2089)..id(EN2009b.C.words2133)"/>
   </segment>
   <segment nite:id="EN2009b.sync.842" channel="2" transcriber_start="1595.92" transcriber_end="1597.179">
      <nite:child href="EN2009b.C.words.xml#id(EN2009b.C.words2134)..id(EN2009b.C.words2136)"/>
   </segment>
   <segment nite:id="EN2009b.sync.844" channel="2" transcriber_start="1599.032" transcriber_end="1644.816">
      <nite:child href="EN2009b.C.words.xml#id(EN2009b.C.words2137)..id(EN2009b.C.words2273)"/>
   </segment>
   <segment nite:id="EN2009b.sync.846" channel="2" transcriber_start="1649.316" transcriber_end="1649.726">
      <nite:child href="EN2009b.C.words.xml#id(EN2009b.C.words2274)..id(EN2009b.C.words2275)"/>
   </segment>
   <segment nite:id="EN2009b.sync.848" channel="2" transcriber_start="1650.182" transcriber_end="1652.668">
      <nite:child href="EN2009b.C.words.xml#id(EN2009b.C.words2276)..id(EN2009b.C.words2279)"/>
   </segment>
   <segment nite:id="EN2009b.sync.850" channel="2" transcriber_start="1657.59" transcriber_end="1663.999">
      <nite:child href="EN2009b.C.words.xml#id(EN2009b.C.words2280)..id(EN2009b.C.words2295)"/>
   </segment>
   <segment nite:id="EN2009b.sync.852" channel="2" transcriber_start="1665.68" transcriber_end="1677.296">
      <nite:child href="EN2009b.C.words.xml#id(EN2009b.C.words2296)..id(EN2009b.C.words2327)"/>
   </segment>
   <segment nite:id="EN2009b.sync.854" channel="2" transcriber_start="1683.769" transcriber_end="1693.919">
      <nite:child href="EN2009b.C.words.xml#id(EN2009b.C.words2328)..id(EN2009b.C.words2358)"/>
   </segment>
   <segment nite:id="EN2009b.sync.856" channel="2" transcriber_start="1700.337" transcriber_end="1700.769">
      <nite:child href="EN2009b.C.words.xml#id(EN2009b.C.words2359)..id(EN2009b.C.words2360)"/>
   </segment>
   <segment nite:id="EN2009b.sync.858" channel="2" transcriber_start="1702.798" transcriber_end="1703.906">
      <nite:child href="EN2009b.C.words.xml#id(EN2009b.C.words2361)..id(EN2009b.C.words2364)"/>
   </segment>
   <segment nite:id="EN2009b.sync.860" channel="2" transcriber_start="1706.288" transcriber_end="1717.104">
      <nite:child href="EN2009b.C.words.xml#id(EN2009b.C.words2365)..id(EN2009b.C.words2376)"/>
   </segment>
   <segment nite:id="EN2009b.sync.862" channel="2" transcriber_start="1721.541" transcriber_end="1729.854">
      <nite:child href="EN2009b.C.words.xml#id(EN2009b.C.words2377)..id(EN2009b.C.words2406)"/>
   </segment>
   <segment nite:id="EN2009b.sync.864" channel="2" transcriber_start="1739.153" transcriber_end="1743.086">
      <nite:child href="EN2009b.C.words.xml#id(EN2009b.C.words2407)..id(EN2009b.C.words2420)"/>
   </segment>
   <segment nite:id="EN2009b.sync.866" channel="2" transcriber_start="1746.851" transcriber_end="1752.095">
      <nite:child href="EN2009b.C.words.xml#id(EN2009b.C.words2421)..id(EN2009b.C.words2435)"/>
   </segment>
   <segment nite:id="EN2009b.sync.868" channel="2" transcriber_start="1755.226" transcriber_end="1759.94">
      <nite:child href="EN2009b.C.words.xml#id(EN2009b.C.words2436)..id(EN2009b.C.words2451)"/>
   </segment>
   <segment nite:id="EN2009b.sync.870" channel="2" transcriber_start="1764.084" transcriber_end="1766.452">
      <nite:child href="EN2009b.C.words.xml#id(EN2009b.C.words2452)..id(EN2009b.C.words2461)"/>
   </segment>
   <segment nite:id="EN2009b.sync.872" channel="2" transcriber_start="1773.794" transcriber_end="1774.651">
      <nite:child href="EN2009b.C.words.xml#id(EN2009b.C.words2462)"/>
   </segment>
   <segment nite:id="EN2009b.sync.874" channel="2" transcriber_start="1834.291" transcriber_end="1835.072">
      <nite:child href="EN2009b.C.words.xml#id(EN2009b.C.words2463)..id(EN2009b.C.words2464)"/>
   </segment>
   <segment nite:id="EN2009b.sync.876" channel="2" transcriber_start="1846.704" transcriber_end="1851.153">
      <nite:child href="EN2009b.C.words.xml#id(EN2009b.C.words2465)..id(EN2009b.C.words2482)"/>
   </segment>
   <segment nite:id="EN2009b.sync.878" channel="2" transcriber_start="1854.866" transcriber_end="1860.874">
      <nite:child href="EN2009b.C.words.xml#id(EN2009b.C.words2483)..id(EN2009b.C.words2504)"/>
   </segment>
   <segment nite:id="EN2009b.sync.880" channel="2" transcriber_start="1874.834" transcriber_end="1877.861">
      <nite:child href="EN2009b.C.words.xml#id(EN2009b.C.words2505)..id(EN2009b.C.words2513)"/>
   </segment>
   <segment nite:id="EN2009b.sync.882" channel="2" transcriber_start="1883.488" transcriber_end="1884.161">
      <nite:child href="EN2009b.C.words.xml#id(EN2009b.C.words2514)..id(EN2009b.C.words2515)"/>
   </segment>
   <segment nite:id="EN2009b.sync.884" channel="2" transcriber_start="1892.011" transcriber_end="1927.697">
      <nite:child href="EN2009b.C.words.xml#id(EN2009b.C.words2516)..id(EN2009b.C.words2622)"/>
   </segment>
   <segment nite:id="EN2009b.sync.886" channel="2" transcriber_start="1929.98" transcriber_end="1936.675">
      <nite:child href="EN2009b.C.words.xml#id(EN2009b.C.words2623)..id(EN2009b.C.words2643)"/>
   </segment>
   <segment nite:id="EN2009b.sync.888" channel="2" transcriber_start="1941.97" transcriber_end="1942.414">
      <nite:child href="EN2009b.C.words.xml#id(EN2009b.C.words2644)..id(EN2009b.C.words2645)"/>
   </segment>
   <segment nite:id="EN2009b.sync.890" channel="2" transcriber_start="1945.723" transcriber_end="1964.289">
      <nite:child href="EN2009b.C.words.xml#id(EN2009b.C.words2646)..id(EN2009b.C.words2698)"/>
   </segment>
   <segment nite:id="EN2009b.sync.892" channel="2" transcriber_start="1976.328" transcriber_end="1983.837">
      <nite:child href="EN2009b.C.words.xml#id(EN2009b.C.words2699)..id(EN2009b.C.words2715)"/>
   </segment>
   <segment nite:id="EN2009b.sync.894" channel="2" transcriber_start="1991.305" transcriber_end="1996.552">
      <nite:child href="EN2009b.C.words.xml#id(EN2009b.C.words2716)..id(EN2009b.C.words2740)"/>
   </segment>
   <segment nite:id="EN2009b.sync.896" channel="2" transcriber_start="1999.68" transcriber_end="1999.984">
      <nite:child href="EN2009b.C.words.xml#id(EN2009b.C.words2741)..id(EN2009b.C.words2742)"/>
   </segment>
   <segment nite:id="EN2009b.sync.898" channel="2" transcriber_start="2004.064" transcriber_end="2010.626">
      <nite:child href="EN2009b.C.words.xml#id(EN2009b.C.words2743)..id(EN2009b.C.words2761)"/>
   </segment>
   <segment nite:id="EN2009b.sync.900" channel="2" transcriber_start="2012.574" transcriber_end="2013.612">
      <nite:child href="EN2009b.C.words.xml#id(EN2009b.C.words2762)"/>
   </segment>
   <segment nite:id="EN2009b.sync.902" channel="2" transcriber_start="2019.312" transcriber_end="2021.856">
      <nite:child href="EN2009b.C.words.xml#id(EN2009b.C.words2763)..id(EN2009b.C.words2767)"/>
   </segment>
   <segment nite:id="EN2009b.sync.904" channel="2" transcriber_start="2034.411" transcriber_end="2040.549">
      <nite:child href="EN2009b.C.words.xml#id(EN2009b.C.words2768)..id(EN2009b.C.words2793)"/>
   </segment>
   <segment nite:id="EN2009b.sync.906" channel="2" transcriber_start="2045.159" transcriber_end="2045.949">
      <nite:child href="EN2009b.C.words.xml#id(EN2009b.C.words2794)..id(EN2009b.C.words2795)"/>
   </segment>
   <segment nite:id="EN2009b.sync.908" channel="2" transcriber_start="2049.08" transcriber_end="2063.503">
      <nite:child href="EN2009b.C.words.xml#id(EN2009b.C.words2796)..id(EN2009b.C.words2844)"/>
   </segment>
   <segment nite:id="EN2009b.sync.910" channel="2" transcriber_start="2070.495" transcriber_end="2071.104">
      <nite:child href="EN2009b.C.words.xml#id(EN2009b.C.words2845)..id(EN2009b.C.words2846)"/>
   </segment>
   <segment nite:id="EN2009b.sync.912" channel="2" transcriber_start="2073.701" transcriber_end="2076.071">
      <nite:child href="EN2009b.C.words.xml#id(EN2009b.C.words2847)..id(EN2009b.C.words2854)"/>
   </segment>
   <segment nite:id="EN2009b.sync.914" channel="2" transcriber_start="2081.202" transcriber_end="2081.904">
      <nite:child href="EN2009b.C.words.xml#id(EN2009b.C.words2855)..id(EN2009b.C.words2856)"/>
   </segment>
   <segment nite:id="EN2009b.sync.916" channel="2" transcriber_start="2087.313" transcriber_end="2088.096">
      <nite:child href="EN2009b.C.words.xml#id(EN2009b.C.words2857)..id(EN2009b.C.words2858)"/>
   </segment>
   <segment nite:id="EN2009b.sync.918" channel="2" transcriber_start="2094.816" transcriber_end="2095.44">
      <nite:child href="EN2009b.C.words.xml#id(EN2009b.C.words2859)..id(EN2009b.C.words2860)"/>
   </segment>
   <segment nite:id="EN2009b.sync.920" channel="2" transcriber_start="2100.413" transcriber_end="2101.644">
      <nite:child href="EN2009b.C.words.xml#id(EN2009b.C.words2861)..id(EN2009b.C.words2865)"/>
   </segment>
   <segment nite:id="EN2009b.sync.922" channel="2" transcriber_start="2103.265" transcriber_end="2109.536">
      <nite:child href="EN2009b.C.words.xml#id(EN2009b.C.words2866)..id(EN2009b.C.words2885)"/>
   </segment>
   <segment nite:id="EN2009b.sync.924" channel="2" transcriber_start="2160.803" transcriber_end="2163.078">
      <nite:child href="EN2009b.C.words.xml#id(EN2009b.C.words2886)..id(EN2009b.C.words2894)"/>
   </segment>
   <segment nite:id="EN2009b.sync.926" channel="2" transcriber_start="2172.012" transcriber_end="2172.586">
      <nite:child href="EN2009b.C.words.xml#id(EN2009b.C.words2895)..id(EN2009b.C.words2896)"/>
   </segment>
   <segment nite:id="EN2009b.sync.928" channel="2" transcriber_start="2178.848" transcriber_end="2183.231">
      <nite:child href="EN2009b.C.words.xml#id(EN2009b.C.words2897)..id(EN2009b.C.words2903)"/>
   </segment>
   <segment nite:id="EN2009b.sync.930" channel="2" transcriber_start="2185.768" transcriber_end="2188.681">
      <nite:child href="EN2009b.C.words.xml#id(EN2009b.C.words2904)..id(EN2009b.C.words2907)"/>
   </segment>
   <segment nite:id="EN2009b.sync.932" channel="2" transcriber_start="2191.056" transcriber_end="2215.107">
      <nite:child href="EN2009b.C.words.xml#id(EN2009b.C.words2908)..id(EN2009b.C.words2951)"/>
   </segment>
   <segment nite:id="EN2009b.sync.934" channel="2" transcriber_start="2218.498" transcriber_end="2219.202">
      <nite:child href="EN2009b.C.words.xml#id(EN2009b.C.words2952)..id(EN2009b.C.words2954)"/>
   </segment>
   <segment nite:id="EN2009b.sync.936" channel="2" transcriber_start="2221.591" transcriber_end="2222.0">
      <nite:child href="EN2009b.C.words.xml#id(EN2009b.C.words2955)..id(EN2009b.C.words2956)"/>
   </segment>
   <segment nite:id="EN2009b.sync.938" channel="2" transcriber_start="2223.49" transcriber_end="2224.012">
      <nite:child href="EN2009b.C.words.xml#id(EN2009b.C.words2957)"/>
   </segment>
   <segment nite:id="EN2009b.sync.940" channel="2" transcriber_start="2224.215" transcriber_end="2230.672">
      <nite:child href="EN2009b.C.words.xml#id(EN2009b.C.words2958)..id(EN2009b.C.words2962)"/>
   </segment>
</nite:root>