<?xml version="1.0" encoding="ISO-8859-1" standalone="yes"?>
<nite:root nite:id="EN2009b.B.segs" xmlns:nite="http://nite.sourceforge.net/">
   <segment nite:id="EN2009b.sync.244" channel="1" transcriber_start="0.0" transcriber_end="1.854">
      <nite:child href="EN2009b.B.words.xml#id(EN2009b.B.words0)"/>
   </segment>
   <segment nite:id="EN2009b.sync.245" channel="1" transcriber_start="1.854" transcriber_end="37.277">
      <nite:child href="EN2009b.B.words.xml#id(EN2009b.B.words1)..id(EN2009b.B.words132)"/>
   </segment>
   <segment nite:id="EN2009b.sync.247" channel="1" transcriber_start="41.536" transcriber_end="45.19">
      <nite:child href="EN2009b.B.words.xml#id(EN2009b.B.words133)..id(EN2009b.B.words148)"/>
   </segment>
   <segment nite:id="EN2009b.sync.249" channel="1" transcriber_start="51.692" transcriber_end="52.583">
      <nite:child href="EN2009b.B.words.xml#id(EN2009b.B.words149)..id(EN2009b.B.words152)"/>
   </segment>
   <segment nite:id="EN2009b.sync.251" channel="1" transcriber_start="54.704" transcriber_end="55.163">
      <nite:child href="EN2009b.B.words.xml#id(EN2009b.B.words153)..id(EN2009b.B.words154)"/>
   </segment>
   <segment nite:id="EN2009b.sync.253" channel="1" transcriber_start="60.894" transcriber_end="70.766">
      <nite:child href="EN2009b.B.words.xml#id(EN2009b.B.words155)..id(EN2009b.B.words191)"/>
   </segment>
   <segment nite:id="EN2009b.sync.255" channel="1" transcriber_start="74.042" transcriber_end="74.408">
      <nite:child href="EN2009b.B.words.xml#id(EN2009b.B.words192)..id(EN2009b.B.words193)"/>
   </segment>
   <segment nite:id="EN2009b.sync.257" channel="1" transcriber_start="77.509" transcriber_end="80.285">
      <nite:child href="EN2009b.B.words.xml#id(EN2009b.B.words194)..id(EN2009b.B.words204)"/>
   </segment>
   <segment nite:id="EN2009b.sync.259" channel="1" transcriber_start="83.52" transcriber_end="83.921">
      <nite:child href="EN2009b.B.words.xml#id(EN2009b.B.words205)..id(EN2009b.B.words206)"/>
   </segment>
   <segment nite:id="EN2009b.sync.261" channel="1" transcriber_start="87.92" transcriber_end="99.305">
      <nite:child href="EN2009b.B.words.xml#id(EN2009b.B.words207)..id(EN2009b.B.words249)"/>
   </segment>
   <segment nite:id="EN2009b.sync.263" channel="1" transcriber_start="104.705" transcriber_end="106.326">
      <nite:child href="EN2009b.B.words.xml#id(EN2009b.B.words250)..id(EN2009b.B.words257)"/>
   </segment>
   <segment nite:id="EN2009b.sync.265" channel="1" transcriber_start="114.73" transcriber_end="128.864">
      <nite:child href="EN2009b.B.words.xml#id(EN2009b.B.words258)..id(EN2009b.B.words311)"/>
   </segment>
   <segment nite:id="EN2009b.sync.267" channel="1" transcriber_start="130.694" transcriber_end="132.39">
      <nite:child href="EN2009b.B.words.xml#id(EN2009b.B.words312)..id(EN2009b.B.words319)"/>
   </segment>
   <segment nite:id="EN2009b.sync.269" channel="1" transcriber_start="137.52" transcriber_end="138.958">
      <nite:child href="EN2009b.B.words.xml#id(EN2009b.B.words320)..id(EN2009b.B.words328)"/>
   </segment>
   <segment nite:id="EN2009b.sync.271" channel="1" transcriber_start="142.236" transcriber_end="147.724">
      <nite:child href="EN2009b.B.words.xml#id(EN2009b.B.words329)..id(EN2009b.B.words344)"/>
   </segment>
   <segment nite:id="EN2009b.sync.273" channel="1" transcriber_start="151.536" transcriber_end="151.877">
      <nite:child href="EN2009b.B.words.xml#id(EN2009b.B.words345)..id(EN2009b.B.words346)"/>
   </segment>
   <segment nite:id="EN2009b.sync.275" channel="1" transcriber_start="153.6" transcriber_end="160.171">
      <nite:child href="EN2009b.B.words.xml#id(EN2009b.B.words347)..id(EN2009b.B.words367)"/>
   </segment>
   <segment nite:id="EN2009b.sync.277" channel="1" transcriber_start="162.308" transcriber_end="163.323">
      <nite:child href="EN2009b.B.words.xml#id(EN2009b.B.words368)..id(EN2009b.B.words373)"/>
   </segment>
   <segment nite:id="EN2009b.sync.279" channel="1" transcriber_start="165.261" transcriber_end="178.186">
      <nite:child href="EN2009b.B.words.xml#id(EN2009b.B.words374)..id(EN2009b.B.words402)"/>
   </segment>
   <segment nite:id="EN2009b.sync.281" channel="1" transcriber_start="180.336" transcriber_end="181.096">
      <nite:child href="EN2009b.B.words.xml#id(EN2009b.B.words403)"/>
   </segment>
   <segment nite:id="EN2009b.sync.283" channel="1" transcriber_start="192.838" transcriber_end="193.545">
      <nite:child href="EN2009b.B.words.xml#id(EN2009b.B.words404)..id(EN2009b.B.words405)"/>
   </segment>
   <segment nite:id="EN2009b.sync.285" channel="1" transcriber_start="202.217" transcriber_end="207.181">
      <nite:child href="EN2009b.B.words.xml#id(EN2009b.B.words406)..id(EN2009b.B.words426)"/>
   </segment>
   <segment nite:id="EN2009b.sync.287" channel="1" transcriber_start="211.856" transcriber_end="212.391">
      <nite:child href="EN2009b.B.words.xml#id(EN2009b.B.words427)..id(EN2009b.B.words428)"/>
   </segment>
   <segment nite:id="EN2009b.sync.289" channel="1" transcriber_start="214.928" transcriber_end="234.871">
      <nite:child href="EN2009b.B.words.xml#id(EN2009b.B.words429)..id(EN2009b.B.words507)"/>
   </segment>
   <segment nite:id="EN2009b.sync.291" channel="1" transcriber_start="236.7" transcriber_end="248.832">
      <nite:child href="EN2009b.B.words.xml#id(EN2009b.B.words508)..id(EN2009b.B.words546)"/>
   </segment>
   <segment nite:id="EN2009b.sync.293" channel="1" transcriber_start="252.008" transcriber_end="252.253">
      <nite:child href="EN2009b.B.words.xml#id(EN2009b.B.words547)"/>
   </segment>
   <segment nite:id="EN2009b.sync.295" channel="1" transcriber_start="253.049" transcriber_end="262.027">
      <nite:child href="EN2009b.B.words.xml#id(EN2009b.B.words548)..id(EN2009b.B.words579)"/>
   </segment>
   <segment nite:id="EN2009b.sync.297" channel="1" transcriber_start="269.072" transcriber_end="279.147">
      <nite:child href="EN2009b.B.words.xml#id(EN2009b.B.words580)..id(EN2009b.B.words621)"/>
   </segment>
   <segment nite:id="EN2009b.sync.299" channel="1" transcriber_start="282.048" transcriber_end="283.185">
      <nite:child href="EN2009b.B.words.xml#id(EN2009b.B.words622)..id(EN2009b.B.words626)"/>
   </segment>
   <segment nite:id="EN2009b.sync.301" channel="1" transcriber_start="284.5" transcriber_end="285.565">
      <nite:child href="EN2009b.B.words.xml#id(EN2009b.B.words627)..id(EN2009b.B.words630)"/>
   </segment>
   <segment nite:id="EN2009b.sync.303" channel="1" transcriber_start="287.12" transcriber_end="305.68">
      <nite:child href="EN2009b.B.words.xml#id(EN2009b.B.words631)..id(EN2009b.B.words696)"/>
   </segment>
   <segment nite:id="EN2009b.sync.305" channel="1" transcriber_start="311.259" transcriber_end="311.634">
      <nite:child href="EN2009b.B.words.xml#id(EN2009b.B.words697)..id(EN2009b.B.words698)"/>
   </segment>
   <segment nite:id="EN2009b.sync.307" channel="1" transcriber_start="319.451" transcriber_end="319.905">
      <nite:child href="EN2009b.B.words.xml#id(EN2009b.B.words699)..id(EN2009b.B.words700)"/>
   </segment>
   <segment nite:id="EN2009b.sync.309" channel="1" transcriber_start="333.744" transcriber_end="334.169">
      <nite:child href="EN2009b.B.words.xml#id(EN2009b.B.words701)..id(EN2009b.B.words702)"/>
   </segment>
   <segment nite:id="EN2009b.sync.311" channel="1" transcriber_start="341.04" transcriber_end="349.531">
      <nite:child href="EN2009b.B.words.xml#id(EN2009b.B.words703)..id(EN2009b.B.words713)"/>
   </segment>
   <segment nite:id="EN2009b.sync.313" channel="1" transcriber_start="360.124" transcriber_end="360.623">
      <nite:child href="EN2009b.B.words.xml#id(EN2009b.B.words714)..id(EN2009b.B.words715)"/>
   </segment>
   <segment nite:id="EN2009b.sync.315" channel="1" transcriber_start="364.384" transcriber_end="369.256">
      <nite:child href="EN2009b.B.words.xml#id(EN2009b.B.words716)..id(EN2009b.B.words734)"/>
   </segment>
   <segment nite:id="EN2009b.sync.317" channel="1" transcriber_start="381.622" transcriber_end="383.618">
      <nite:child href="EN2009b.B.words.xml#id(EN2009b.B.words735)..id(EN2009b.B.words738)"/>
   </segment>
   <segment nite:id="EN2009b.sync.319" channel="1" transcriber_start="395.58" transcriber_end="407.232">
      <nite:child href="EN2009b.B.words.xml#id(EN2009b.B.words739)..id(EN2009b.B.words774)"/>
   </segment>
   <segment nite:id="EN2009b.sync.321" channel="1" transcriber_start="433.056" transcriber_end="434.746">
      <nite:child href="EN2009b.B.words.xml#id(EN2009b.B.words775)..id(EN2009b.B.words780)"/>
   </segment>
   <segment nite:id="EN2009b.sync.323" channel="1" transcriber_start="443.952" transcriber_end="449.616">
      <nite:child href="EN2009b.B.words.xml#id(EN2009b.B.words781)..id(EN2009b.B.words802)"/>
   </segment>
   <segment nite:id="EN2009b.sync.325" channel="1" transcriber_start="451.861" transcriber_end="452.895">
      <nite:child href="EN2009b.B.words.xml#id(EN2009b.B.words803)..id(EN2009b.B.words807)"/>
   </segment>
   <segment nite:id="EN2009b.sync.327" channel="1" transcriber_start="456.768" transcriber_end="461.958">
      <nite:child href="EN2009b.B.words.xml#id(EN2009b.B.words808)..id(EN2009b.B.words829)"/>
   </segment>
   <segment nite:id="EN2009b.sync.329" channel="1" transcriber_start="464.095" transcriber_end="465.845">
      <nite:child href="EN2009b.B.words.xml#id(EN2009b.B.words830)..id(EN2009b.B.words835)"/>
   </segment>
   <segment nite:id="EN2009b.sync.331" channel="1" transcriber_start="471.472" transcriber_end="472.282">
      <nite:child href="EN2009b.B.words.xml#id(EN2009b.B.words836)"/>
   </segment>
   <segment nite:id="EN2009b.sync.333" channel="1" transcriber_start="476.165" transcriber_end="487.979">
      <nite:child href="EN2009b.B.words.xml#id(EN2009b.B.words837)..id(EN2009b.B.words887)"/>
   </segment>
   <segment nite:id="EN2009b.sync.335" channel="1" transcriber_start="494.357" transcriber_end="503.712">
      <nite:child href="EN2009b.B.words.xml#id(EN2009b.B.words888)..id(EN2009b.B.words910)"/>
   </segment>
   <segment nite:id="EN2009b.sync.337" channel="1" transcriber_start="506.643" transcriber_end="507.36">
      <nite:child href="EN2009b.B.words.xml#id(EN2009b.B.words911)..id(EN2009b.B.words913)"/>
   </segment>
   <segment nite:id="EN2009b.sync.339" channel="1" transcriber_start="509.086" transcriber_end="510.85">
      <nite:child href="EN2009b.B.words.xml#id(EN2009b.B.words914)..id(EN2009b.B.words922)"/>
   </segment>
   <segment nite:id="EN2009b.sync.341" channel="1" transcriber_start="518.516" transcriber_end="521.418">
      <nite:child href="EN2009b.B.words.xml#id(EN2009b.B.words923)..id(EN2009b.B.words933)"/>
   </segment>
   <segment nite:id="EN2009b.sync.343" channel="1" transcriber_start="523.552" transcriber_end="524.203">
      <nite:child href="EN2009b.B.words.xml#id(EN2009b.B.words934)..id(EN2009b.B.words937)"/>
   </segment>
   <segment nite:id="EN2009b.sync.345" channel="1" transcriber_start="547.904" transcriber_end="548.529">
      <nite:child href="EN2009b.B.words.xml#id(EN2009b.B.words938)..id(EN2009b.B.words940)"/>
   </segment>
   <segment nite:id="EN2009b.sync.347" channel="1" transcriber_start="556.384" transcriber_end="556.968">
      <nite:child href="EN2009b.B.words.xml#id(EN2009b.B.words941)..id(EN2009b.B.words942)"/>
   </segment>
   <segment nite:id="EN2009b.sync.349" channel="1" transcriber_start="562.288" transcriber_end="563.536">
      <nite:child href="EN2009b.B.words.xml#id(EN2009b.B.words943)..id(EN2009b.B.words946)"/>
   </segment>
   <segment nite:id="EN2009b.sync.351" channel="1" transcriber_start="564.832" transcriber_end="565.488">
      <nite:child href="EN2009b.B.words.xml#id(EN2009b.B.words947)"/>
   </segment>
   <segment nite:id="EN2009b.sync.353" channel="1" transcriber_start="575.808" transcriber_end="599.253">
      <nite:child href="EN2009b.B.words.xml#id(EN2009b.B.words948)..id(EN2009b.B.words1039)"/>
   </segment>
   <segment nite:id="EN2009b.sync.355" channel="1" transcriber_start="617.583" transcriber_end="618.526">
      <nite:child href="EN2009b.B.words.xml#id(EN2009b.B.words1040)..id(EN2009b.B.words1045)"/>
   </segment>
   <segment nite:id="EN2009b.sync.357" channel="1" transcriber_start="625.593" transcriber_end="632.0">
      <nite:child href="EN2009b.B.words.xml#id(EN2009b.B.words1046)..id(EN2009b.B.words1080)"/>
   </segment>
   <segment nite:id="EN2009b.sync.359" channel="1" transcriber_start="635.975" transcriber_end="636.856">
      <nite:child href="EN2009b.B.words.xml#id(EN2009b.B.words1081)..id(EN2009b.B.words1084)"/>
   </segment>
   <segment nite:id="EN2009b.sync.361" channel="1" transcriber_start="641.76" transcriber_end="647.612">
      <nite:child href="EN2009b.B.words.xml#id(EN2009b.B.words1085)..id(EN2009b.B.words1111)"/>
   </segment>
   <segment nite:id="EN2009b.sync.363" channel="1" transcriber_start="649.989" transcriber_end="650.338">
      <nite:child href="EN2009b.B.words.xml#id(EN2009b.B.words1112)..id(EN2009b.B.words1113)"/>
   </segment>
   <segment nite:id="EN2009b.sync.365" channel="1" transcriber_start="651.183" transcriber_end="655.266">
      <nite:child href="EN2009b.B.words.xml#id(EN2009b.B.words1114)..id(EN2009b.B.words1133)"/>
   </segment>
   <segment nite:id="EN2009b.sync.367" channel="1" transcriber_start="662.845" transcriber_end="666.279">
      <nite:child href="EN2009b.B.words.xml#id(EN2009b.B.words1134)..id(EN2009b.B.words1145)"/>
   </segment>
   <segment nite:id="EN2009b.sync.369" channel="1" transcriber_start="669.067" transcriber_end="670.414">
      <nite:child href="EN2009b.B.words.xml#id(EN2009b.B.words1146)..id(EN2009b.B.words1153)"/>
   </segment>
   <segment nite:id="EN2009b.sync.371" channel="1" transcriber_start="675.12" transcriber_end="675.639">
      <nite:child href="EN2009b.B.words.xml#id(EN2009b.B.words1154)..id(EN2009b.B.words1155)"/>
   </segment>
   <segment nite:id="EN2009b.sync.373" channel="1" transcriber_start="680.224" transcriber_end="680.999">
      <nite:child href="EN2009b.B.words.xml#id(EN2009b.B.words1156)..id(EN2009b.B.words1159)"/>
   </segment>
   <segment nite:id="EN2009b.sync.375" channel="1" transcriber_start="683.643" transcriber_end="706.195">
      <nite:child href="EN2009b.B.words.xml#id(EN2009b.B.words1160)..id(EN2009b.B.words1249)"/>
   </segment>
   <segment nite:id="EN2009b.sync.377" channel="1" transcriber_start="714.589" transcriber_end="715.572">
      <nite:child href="EN2009b.B.words.xml#id(EN2009b.B.words1250)..id(EN2009b.B.words1255)"/>
   </segment>
   <segment nite:id="EN2009b.sync.379" channel="1" transcriber_start="718.058" transcriber_end="731.732">
      <nite:child href="EN2009b.B.words.xml#id(EN2009b.B.words1256)..id(EN2009b.B.words1307)"/>
   </segment>
   <segment nite:id="EN2009b.sync.381" channel="1" transcriber_start="736.519" transcriber_end="742.605">
      <nite:child href="EN2009b.B.words.xml#id(EN2009b.B.words1308)..id(EN2009b.B.words1323)"/>
   </segment>
   <segment nite:id="EN2009b.sync.383" channel="1" transcriber_start="748.176" transcriber_end="749.465">
      <nite:child href="EN2009b.B.words.xml#id(EN2009b.B.words1324)..id(EN2009b.B.words1326)"/>
   </segment>
   <segment nite:id="EN2009b.sync.385" channel="1" transcriber_start="754.737" transcriber_end="756.3">
      <nite:child href="EN2009b.B.words.xml#id(EN2009b.B.words1327)..id(EN2009b.B.words1337)"/>
   </segment>
   <segment nite:id="EN2009b.sync.387" channel="1" transcriber_start="765.576" transcriber_end="771.213">
      <nite:child href="EN2009b.B.words.xml#id(EN2009b.B.words1338)..id(EN2009b.B.words1351)"/>
   </segment>
   <segment nite:id="EN2009b.sync.389" channel="1" transcriber_start="772.816" transcriber_end="773.635">
      <nite:child href="EN2009b.B.words.xml#id(EN2009b.B.words1352)..id(EN2009b.B.words1355)"/>
   </segment>
   <segment nite:id="EN2009b.sync.391" channel="1" transcriber_start="779.295" transcriber_end="780.143">
      <nite:child href="EN2009b.B.words.xml#id(EN2009b.B.words1356)..id(EN2009b.B.words1361)"/>
   </segment>
   <segment nite:id="EN2009b.sync.393" channel="1" transcriber_start="783.918" transcriber_end="796.358">
      <nite:child href="EN2009b.B.words.xml#id(EN2009b.B.words1362)..id(EN2009b.B.words1411)"/>
   </segment>
   <segment nite:id="EN2009b.sync.395" channel="1" transcriber_start="797.846" transcriber_end="804.295">
      <nite:child href="EN2009b.B.words.xml#id(EN2009b.B.words1412)..id(EN2009b.B.words1429)"/>
   </segment>
   <segment nite:id="EN2009b.sync.397" channel="1" transcriber_start="806.432" transcriber_end="815.685">
      <nite:child href="EN2009b.B.words.xml#id(EN2009b.B.words1430)..id(EN2009b.B.words1471)"/>
   </segment>
   <segment nite:id="EN2009b.sync.399" channel="1" transcriber_start="833.264" transcriber_end="835.639">
      <nite:child href="EN2009b.B.words.xml#id(EN2009b.B.words1472)..id(EN2009b.B.words1477)"/>
   </segment>
   <segment nite:id="EN2009b.sync.401" channel="1" transcriber_start="842.128" transcriber_end="842.509">
      <nite:child href="EN2009b.B.words.xml#id(EN2009b.B.words1478)..id(EN2009b.B.words1479)"/>
   </segment>
   <segment nite:id="EN2009b.sync.403" channel="1" transcriber_start="850.318" transcriber_end="868.059">
      <nite:child href="EN2009b.B.words.xml#id(EN2009b.B.words1480)..id(EN2009b.B.words1545)"/>
   </segment>
   <segment nite:id="EN2009b.sync.405" channel="1" transcriber_start="872.624" transcriber_end="906.558">
      <nite:child href="EN2009b.B.words.xml#id(EN2009b.B.words1546)..id(EN2009b.B.words1652)"/>
   </segment>
   <segment nite:id="EN2009b.sync.407" channel="1" transcriber_start="914.848" transcriber_end="915.357">
      <nite:child href="EN2009b.B.words.xml#id(EN2009b.B.words1653)..id(EN2009b.B.words1654)"/>
   </segment>
   <segment nite:id="EN2009b.sync.409" channel="1" transcriber_start="917.293" transcriber_end="927.789">
      <nite:child href="EN2009b.B.words.xml#id(EN2009b.B.words1655)..id(EN2009b.B.words1694)"/>
   </segment>
   <segment nite:id="EN2009b.sync.411" channel="1" transcriber_start="942.327" transcriber_end="944.0">
      <nite:child href="EN2009b.B.words.xml#id(EN2009b.B.words1695)..id(EN2009b.B.words1704)"/>
   </segment>
   <segment nite:id="EN2009b.sync.413" channel="1" transcriber_start="944.56" transcriber_end="945.049">
      <nite:child href="EN2009b.B.words.xml#id(EN2009b.B.words1705)"/>
   </segment>
   <segment nite:id="EN2009b.sync.415" channel="1" transcriber_start="946.72" transcriber_end="949.033">
      <nite:child href="EN2009b.B.words.xml#id(EN2009b.B.words1706)..id(EN2009b.B.words1714)"/>
   </segment>
   <segment nite:id="EN2009b.sync.417" channel="1" transcriber_start="952.151" transcriber_end="953.623">
      <nite:child href="EN2009b.B.words.xml#id(EN2009b.B.words1715)..id(EN2009b.B.words1717)"/>
   </segment>
   <segment nite:id="EN2009b.sync.419" channel="1" transcriber_start="958.049" transcriber_end="984.384">
      <nite:child href="EN2009b.B.words.xml#id(EN2009b.B.words1718)..id(EN2009b.B.words1825)"/>
   </segment>
   <segment nite:id="EN2009b.sync.421" channel="1" transcriber_start="993.168" transcriber_end="994.009">
      <nite:child href="EN2009b.B.words.xml#id(EN2009b.B.words1826)..id(EN2009b.B.words1828)"/>
   </segment>
   <segment nite:id="EN2009b.sync.423" channel="1" transcriber_start="1001.328" transcriber_end="1006.49">
      <nite:child href="EN2009b.B.words.xml#id(EN2009b.B.words1829)..id(EN2009b.B.words1849)"/>
   </segment>
   <segment nite:id="EN2009b.sync.425" channel="1" transcriber_start="1008.62" transcriber_end="1009.26">
      <nite:child href="EN2009b.B.words.xml#id(EN2009b.B.words1850)..id(EN2009b.B.words1855)"/>
   </segment>
   <segment nite:id="EN2009b.sync.427" channel="1" transcriber_start="1010.704" transcriber_end="1012.088">
      <nite:child href="EN2009b.B.words.xml#id(EN2009b.B.words1856)..id(EN2009b.B.words1860)"/>
   </segment>
   <segment nite:id="EN2009b.sync.429" channel="1" transcriber_start="1013.55" transcriber_end="1017.5">
      <nite:child href="EN2009b.B.words.xml#id(EN2009b.B.words1861)..id(EN2009b.B.words1869)"/>
   </segment>
   <segment nite:id="EN2009b.sync.431" channel="1" transcriber_start="1035.104" transcriber_end="1035.532">
      <nite:child href="EN2009b.B.words.xml#id(EN2009b.B.words1870)..id(EN2009b.B.words1871)"/>
   </segment>
   <segment nite:id="EN2009b.sync.433" channel="1" transcriber_start="1038.352" transcriber_end="1044.739">
      <nite:child href="EN2009b.B.words.xml#id(EN2009b.B.words1872)..id(EN2009b.B.words1898)"/>
   </segment>
   <segment nite:id="EN2009b.sync.435" channel="1" transcriber_start="1056.512" transcriber_end="1056.889">
      <nite:child href="EN2009b.B.words.xml#id(EN2009b.B.words1899)..id(EN2009b.B.words1900)"/>
   </segment>
   <segment nite:id="EN2009b.sync.437" channel="1" transcriber_start="1060.672" transcriber_end="1072.288">
      <nite:child href="EN2009b.B.words.xml#id(EN2009b.B.words1901)..id(EN2009b.B.words1932)"/>
   </segment>
   <segment nite:id="EN2009b.sync.439" channel="1" transcriber_start="1073.936" transcriber_end="1083.681">
      <nite:child href="EN2009b.B.words.xml#id(EN2009b.B.words1933)..id(EN2009b.B.words1965)"/>
   </segment>
   <segment nite:id="EN2009b.sync.441" channel="1" transcriber_start="1093.76" transcriber_end="1096.976">
      <nite:child href="EN2009b.B.words.xml#id(EN2009b.B.words1966)..id(EN2009b.B.words1979)"/>
   </segment>
   <segment nite:id="EN2009b.sync.443" channel="1" transcriber_start="1101.888" transcriber_end="1108.16">
      <nite:child href="EN2009b.B.words.xml#id(EN2009b.B.words1980)..id(EN2009b.B.words2007)"/>
   </segment>
   <segment nite:id="EN2009b.sync.445" channel="1" transcriber_start="1109.634" transcriber_end="1110.665">
      <nite:child href="EN2009b.B.words.xml#id(EN2009b.B.words2008)..id(EN2009b.B.words2011)"/>
   </segment>
   <segment nite:id="EN2009b.sync.447" channel="1" transcriber_start="1112.511" transcriber_end="1112.968">
      <nite:child href="EN2009b.B.words.xml#id(EN2009b.B.words2012)..id(EN2009b.B.words2013)"/>
   </segment>
   <segment nite:id="EN2009b.sync.449" channel="1" transcriber_start="1120.236" transcriber_end="1121.008">
      <nite:child href="EN2009b.B.words.xml#id(EN2009b.B.words2014)..id(EN2009b.B.words2016)"/>
   </segment>
   <segment nite:id="EN2009b.sync.451" channel="1" transcriber_start="1128.416" transcriber_end="1131.616">
      <nite:child href="EN2009b.B.words.xml#id(EN2009b.B.words2017)..id(EN2009b.B.words2028)"/>
   </segment>
   <segment nite:id="EN2009b.sync.453" channel="1" transcriber_start="1133.28" transcriber_end="1135.363">
      <nite:child href="EN2009b.B.words.xml#id(EN2009b.B.words2029)..id(EN2009b.B.words2039)"/>
   </segment>
   <segment nite:id="EN2009b.sync.455" channel="1" transcriber_start="1136.672" transcriber_end="1143.444">
      <nite:child href="EN2009b.B.words.xml#id(EN2009b.B.words2040)..id(EN2009b.B.words2056)"/>
   </segment>
   <segment nite:id="EN2009b.sync.457" channel="1" transcriber_start="1146.496" transcriber_end="1151.024">
      <nite:child href="EN2009b.B.words.xml#id(EN2009b.B.words2057)..id(EN2009b.B.words2062)"/>
   </segment>
   <segment nite:id="EN2009b.sync.459" channel="1" transcriber_start="1154.016" transcriber_end="1160.645">
      <nite:child href="EN2009b.B.words.xml#id(EN2009b.B.words2063)..id(EN2009b.B.words2088)"/>
   </segment>
   <segment nite:id="EN2009b.sync.461" channel="1" transcriber_start="1169.916" transcriber_end="1170.656">
      <nite:child href="EN2009b.B.words.xml#id(EN2009b.B.words2089)..id(EN2009b.B.words2090)"/>
   </segment>
   <segment nite:id="EN2009b.sync.463" channel="1" transcriber_start="1178.187" transcriber_end="1187.818">
      <nite:child href="EN2009b.B.words.xml#id(EN2009b.B.words2091)..id(EN2009b.B.words2130)"/>
   </segment>
   <segment nite:id="EN2009b.sync.465" channel="1" transcriber_start="1197.76" transcriber_end="1200.809">
      <nite:child href="EN2009b.B.words.xml#id(EN2009b.B.words2131)..id(EN2009b.B.words2135)"/>
   </segment>
   <segment nite:id="EN2009b.sync.467" channel="1" transcriber_start="1205.631" transcriber_end="1206.138">
      <nite:child href="EN2009b.B.words.xml#id(EN2009b.B.words2136)..id(EN2009b.B.words2137)"/>
   </segment>
   <segment nite:id="EN2009b.sync.469" channel="1" transcriber_start="1213.754" transcriber_end="1214.245">
      <nite:child href="EN2009b.B.words.xml#id(EN2009b.B.words2138)..id(EN2009b.B.words2139)"/>
   </segment>
   <segment nite:id="EN2009b.sync.471" channel="1" transcriber_start="1216.758" transcriber_end="1221.442">
      <nite:child href="EN2009b.B.words.xml#id(EN2009b.B.words2140)..id(EN2009b.B.words2160)"/>
   </segment>
   <segment nite:id="EN2009b.sync.473" channel="1" transcriber_start="1226.741" transcriber_end="1227.747">
      <nite:child href="EN2009b.B.words.xml#id(EN2009b.B.words2161)..id(EN2009b.B.words2162)"/>
   </segment>
   <segment nite:id="EN2009b.sync.475" channel="1" transcriber_start="1238.317" transcriber_end="1300.892">
      <nite:child href="EN2009b.B.words.xml#id(EN2009b.B.words2163)..id(EN2009b.B.words2399)"/>
   </segment>
   <segment nite:id="EN2009b.sync.477" channel="1" transcriber_start="1309.2" transcriber_end="1322.544">
      <nite:child href="EN2009b.B.words.xml#id(EN2009b.B.words2400)..id(EN2009b.B.words2459)"/>
   </segment>
   <segment nite:id="EN2009b.sync.479" channel="1" transcriber_start="1324.3" transcriber_end="1331.564">
      <nite:child href="EN2009b.B.words.xml#id(EN2009b.B.words2460)..id(EN2009b.B.words2489)"/>
   </segment>
   <segment nite:id="EN2009b.sync.481" channel="1" transcriber_start="1349.536" transcriber_end="1350.644">
      <nite:child href="EN2009b.B.words.xml#id(EN2009b.B.words2490)..id(EN2009b.B.words2494)"/>
   </segment>
   <segment nite:id="EN2009b.sync.483" channel="1" transcriber_start="1353.896" transcriber_end="1387.353">
      <nite:child href="EN2009b.B.words.xml#id(EN2009b.B.words2495)..id(EN2009b.B.words2609)"/>
   </segment>
   <segment nite:id="EN2009b.sync.485" channel="1" transcriber_start="1393.936" transcriber_end="1396.956">
      <nite:child href="EN2009b.B.words.xml#id(EN2009b.B.words2610)..id(EN2009b.B.words2625)"/>
   </segment>
   <segment nite:id="EN2009b.sync.487" channel="1" transcriber_start="1403.892" transcriber_end="1404.606">
      <nite:child href="EN2009b.B.words.xml#id(EN2009b.B.words2626)..id(EN2009b.B.words2627)"/>
   </segment>
   <segment nite:id="EN2009b.sync.489" channel="1" transcriber_start="1413.792" transcriber_end="1414.213">
      <nite:child href="EN2009b.B.words.xml#id(EN2009b.B.words2628)..id(EN2009b.B.words2629)"/>
   </segment>
   <segment nite:id="EN2009b.sync.491" channel="1" transcriber_start="1415.652" transcriber_end="1427.938">
      <nite:child href="EN2009b.B.words.xml#id(EN2009b.B.words2630)..id(EN2009b.B.words2670)"/>
   </segment>
   <segment nite:id="EN2009b.sync.493" channel="1" transcriber_start="1430.698" transcriber_end="1432.397">
      <nite:child href="EN2009b.B.words.xml#id(EN2009b.B.words2671)..id(EN2009b.B.words2675)"/>
   </segment>
   <segment nite:id="EN2009b.sync.495" channel="1" transcriber_start="1436.848" transcriber_end="1441.495">
      <nite:child href="EN2009b.B.words.xml#id(EN2009b.B.words2676)..id(EN2009b.B.words2689)"/>
   </segment>
   <segment nite:id="EN2009b.sync.497" channel="1" transcriber_start="1443.116" transcriber_end="1452.271">
      <nite:child href="EN2009b.B.words.xml#id(EN2009b.B.words2690)..id(EN2009b.B.words2710)"/>
   </segment>
   <segment nite:id="EN2009b.sync.499" channel="1" transcriber_start="1458.336" transcriber_end="1461.087">
      <nite:child href="EN2009b.B.words.xml#id(EN2009b.B.words2711)..id(EN2009b.B.words2717)"/>
   </segment>
   <segment nite:id="EN2009b.sync.501" channel="1" transcriber_start="1464.272" transcriber_end="1474.086">
      <nite:child href="EN2009b.B.words.xml#id(EN2009b.B.words2718)..id(EN2009b.B.words2746)"/>
   </segment>
   <segment nite:id="EN2009b.sync.503" channel="1" transcriber_start="1485.056" transcriber_end="1493.379">
      <nite:child href="EN2009b.B.words.xml#id(EN2009b.B.words2747)..id(EN2009b.B.words2772)"/>
   </segment>
   <segment nite:id="EN2009b.sync.505" channel="1" transcriber_start="1494.081" transcriber_end="1494.416">
      <nite:child href="EN2009b.B.words.xml#id(EN2009b.B.words2773)"/>
   </segment>
   <segment nite:id="EN2009b.sync.507" channel="1" transcriber_start="1495.744" transcriber_end="1496.372">
      <nite:child href="EN2009b.B.words.xml#id(EN2009b.B.words2774)..id(EN2009b.B.words2777)"/>
   </segment>
   <segment nite:id="EN2009b.sync.509" channel="1" transcriber_start="1505.238" transcriber_end="1511.727">
      <nite:child href="EN2009b.B.words.xml#id(EN2009b.B.words2778)..id(EN2009b.B.words2807)"/>
   </segment>
   <segment nite:id="EN2009b.sync.511" channel="1" transcriber_start="1518.0" transcriber_end="1521.095">
      <nite:child href="EN2009b.B.words.xml#id(EN2009b.B.words2808)..id(EN2009b.B.words2824)"/>
   </segment>
   <segment nite:id="EN2009b.sync.513" channel="1" transcriber_start="1530.192" transcriber_end="1530.751">
      <nite:child href="EN2009b.B.words.xml#id(EN2009b.B.words2825)..id(EN2009b.B.words2826)"/>
   </segment>
   <segment nite:id="EN2009b.sync.515" channel="1" transcriber_start="1539.584" transcriber_end="1541.246">
      <nite:child href="EN2009b.B.words.xml#id(EN2009b.B.words2827)..id(EN2009b.B.words2834)"/>
   </segment>
   <segment nite:id="EN2009b.sync.517" channel="1" transcriber_start="1544.564" transcriber_end="1546.367">
      <nite:child href="EN2009b.B.words.xml#id(EN2009b.B.words2835)..id(EN2009b.B.words2844)"/>
   </segment>
   <segment nite:id="EN2009b.sync.519" channel="1" transcriber_start="1548.72" transcriber_end="1560.4">
      <nite:child href="EN2009b.B.words.xml#id(EN2009b.B.words2845)..id(EN2009b.B.words2884)"/>
   </segment>
   <segment nite:id="EN2009b.sync.521" channel="1" transcriber_start="1562.011" transcriber_end="1562.309">
      <nite:child href="EN2009b.B.words.xml#id(EN2009b.B.words2885)"/>
   </segment>
   <segment nite:id="EN2009b.sync.523" channel="1" transcriber_start="1565.632" transcriber_end="1566.083">
      <nite:child href="EN2009b.B.words.xml#id(EN2009b.B.words2886)..id(EN2009b.B.words2887)"/>
   </segment>
   <segment nite:id="EN2009b.sync.525" channel="1" transcriber_start="1571.379" transcriber_end="1588.842">
      <nite:child href="EN2009b.B.words.xml#id(EN2009b.B.words2888)..id(EN2009b.B.words2952)"/>
   </segment>
   <segment nite:id="EN2009b.sync.527" channel="1" transcriber_start="1593.551" transcriber_end="1601.696">
      <nite:child href="EN2009b.B.words.xml#id(EN2009b.B.words2953)..id(EN2009b.B.words2997)"/>
   </segment>
   <segment nite:id="EN2009b.sync.529" channel="1" transcriber_start="1609.408" transcriber_end="1615.164">
      <nite:child href="EN2009b.B.words.xml#id(EN2009b.B.words2998)..id(EN2009b.B.words3016)"/>
   </segment>
   <segment nite:id="EN2009b.sync.531" channel="1" transcriber_start="1629.968" transcriber_end="1631.574">
      <nite:child href="EN2009b.B.words.xml#id(EN2009b.B.words3017)..id(EN2009b.B.words3023)"/>
   </segment>
   <segment nite:id="EN2009b.sync.533" channel="1" transcriber_start="1639.52" transcriber_end="1640.136">
      <nite:child href="EN2009b.B.words.xml#id(EN2009b.B.words3024)..id(EN2009b.B.words3025)"/>
   </segment>
   <segment nite:id="EN2009b.sync.535" channel="1" transcriber_start="1645.024" transcriber_end="1649.775">
      <nite:child href="EN2009b.B.words.xml#id(EN2009b.B.words3026)..id(EN2009b.B.words3039)"/>
   </segment>
   <segment nite:id="EN2009b.sync.537" channel="1" transcriber_start="1651.424" transcriber_end="1658.768">
      <nite:child href="EN2009b.B.words.xml#id(EN2009b.B.words3040)..id(EN2009b.B.words3067)"/>
   </segment>
   <segment nite:id="EN2009b.sync.539" channel="1" transcriber_start="1662.053" transcriber_end="1665.511">
      <nite:child href="EN2009b.B.words.xml#id(EN2009b.B.words3068)..id(EN2009b.B.words3080)"/>
   </segment>
   <segment nite:id="EN2009b.sync.541" channel="1" transcriber_start="1676.37" transcriber_end="1684.737">
      <nite:child href="EN2009b.B.words.xml#id(EN2009b.B.words3081)..id(EN2009b.B.words3108)"/>
   </segment>
   <segment nite:id="EN2009b.sync.543" channel="1" transcriber_start="1691.216" transcriber_end="1705.056">
      <nite:child href="EN2009b.B.words.xml#id(EN2009b.B.words3109)..id(EN2009b.B.words3163)"/>
   </segment>
   <segment nite:id="EN2009b.sync.545" channel="1" transcriber_start="1706.993" transcriber_end="1721.802">
      <nite:child href="EN2009b.B.words.xml#id(EN2009b.B.words3164)..id(EN2009b.B.words3210)"/>
   </segment>
   <segment nite:id="EN2009b.sync.547" channel="1" transcriber_start="1723.707" transcriber_end="1726.276">
      <nite:child href="EN2009b.B.words.xml#id(EN2009b.B.words3211)"/>
   </segment>
   <segment nite:id="EN2009b.sync.549" channel="1" transcriber_start="1728.784" transcriber_end="1738.608">
      <nite:child href="EN2009b.B.words.xml#id(EN2009b.B.words3212)..id(EN2009b.B.words3244)"/>
   </segment>
   <segment nite:id="EN2009b.sync.551" channel="1" transcriber_start="1741.927" transcriber_end="1745.361">
      <nite:child href="EN2009b.B.words.xml#id(EN2009b.B.words3245)..id(EN2009b.B.words3257)"/>
   </segment>
   <segment nite:id="EN2009b.sync.553" channel="1" transcriber_start="1748.231" transcriber_end="1749.82">
      <nite:child href="EN2009b.B.words.xml#id(EN2009b.B.words3258)..id(EN2009b.B.words3263)"/>
   </segment>
   <segment nite:id="EN2009b.sync.555" channel="1" transcriber_start="1752.289" transcriber_end="1753.702">
      <nite:child href="EN2009b.B.words.xml#id(EN2009b.B.words3264)..id(EN2009b.B.words3270)"/>
   </segment>
   <segment nite:id="EN2009b.sync.557" channel="1" transcriber_start="1760.896" transcriber_end="1774.96">
      <nite:child href="EN2009b.B.words.xml#id(EN2009b.B.words3271)..id(EN2009b.B.words3312)"/>
   </segment>
   <segment nite:id="EN2009b.sync.559" channel="1" transcriber_start="1776.208" transcriber_end="1776.795">
      <nite:child href="EN2009b.B.words.xml#id(EN2009b.B.words3313)..id(EN2009b.B.words3314)"/>
   </segment>
   <segment nite:id="EN2009b.sync.561" channel="1" transcriber_start="1781.344" transcriber_end="1802.523">
      <nite:child href="EN2009b.B.words.xml#id(EN2009b.B.words3315)..id(EN2009b.B.words3402)"/>
   </segment>
   <segment nite:id="EN2009b.sync.563" channel="1" transcriber_start="1814.119" transcriber_end="1814.635">
      <nite:child href="EN2009b.B.words.xml#id(EN2009b.B.words3403)..id(EN2009b.B.words3404)"/>
   </segment>
   <segment nite:id="EN2009b.sync.565" channel="1" transcriber_start="1823.75" transcriber_end="1824.864">
      <nite:child href="EN2009b.B.words.xml#id(EN2009b.B.words3405)..id(EN2009b.B.words3410)"/>
   </segment>
   <segment nite:id="EN2009b.sync.567" channel="1" transcriber_start="1830.754" transcriber_end="1856.096">
      <nite:child href="EN2009b.B.words.xml#id(EN2009b.B.words3411)..id(EN2009b.B.words3510)"/>
   </segment>
   <segment nite:id="EN2009b.sync.569" channel="1" transcriber_start="1860.014" transcriber_end="1891.273">
      <nite:child href="EN2009b.B.words.xml#id(EN2009b.B.words3511)..id(EN2009b.B.words3648)"/>
   </segment>
   <segment nite:id="EN2009b.sync.571" channel="1" transcriber_start="1915.968" transcriber_end="1916.521">
      <nite:child href="EN2009b.B.words.xml#id(EN2009b.B.words3649)..id(EN2009b.B.words3651)"/>
   </segment>
   <segment nite:id="EN2009b.sync.573" channel="1" transcriber_start="1925.456" transcriber_end="1926.528">
      <nite:child href="EN2009b.B.words.xml#id(EN2009b.B.words3652)..id(EN2009b.B.words3659)"/>
   </segment>
   <segment nite:id="EN2009b.sync.575" channel="1" transcriber_start="1928.096" transcriber_end="1932.468">
      <nite:child href="EN2009b.B.words.xml#id(EN2009b.B.words3660)..id(EN2009b.B.words3669)"/>
   </segment>
   <segment nite:id="EN2009b.sync.577" channel="1" transcriber_start="1933.848" transcriber_end="1934.372">
      <nite:child href="EN2009b.B.words.xml#id(EN2009b.B.words3670)..id(EN2009b.B.words3673)"/>
   </segment>
   <segment nite:id="EN2009b.sync.579" channel="1" transcriber_start="1937.008" transcriber_end="1944.959">
      <nite:child href="EN2009b.B.words.xml#id(EN2009b.B.words3674)..id(EN2009b.B.words3698)"/>
   </segment>
   <segment nite:id="EN2009b.sync.581" channel="1" transcriber_start="1946.806" transcriber_end="1951.767">
      <nite:child href="EN2009b.B.words.xml#id(EN2009b.B.words3699)..id(EN2009b.B.words3706)"/>
   </segment>
   <segment nite:id="EN2009b.sync.583" channel="1" transcriber_start="1952.976" transcriber_end="1954.752">
      <nite:child href="EN2009b.B.words.xml#id(EN2009b.B.words3707)..id(EN2009b.B.words3715)"/>
   </segment>
   <segment nite:id="EN2009b.sync.585" channel="1" transcriber_start="1957.6" transcriber_end="1960.362">
      <nite:child href="EN2009b.B.words.xml#id(EN2009b.B.words3716)..id(EN2009b.B.words3729)"/>
   </segment>
   <segment nite:id="EN2009b.sync.587" channel="1" transcriber_start="1964.536" transcriber_end="1965.202">
      <nite:child href="EN2009b.B.words.xml#id(EN2009b.B.words3730)..id(EN2009b.B.words3733)"/>
   </segment>
   <segment nite:id="EN2009b.sync.589" channel="1" transcriber_start="1969.632" transcriber_end="1980.901">
      <nite:child href="EN2009b.B.words.xml#id(EN2009b.B.words3734)..id(EN2009b.B.words3776)"/>
   </segment>
   <segment nite:id="EN2009b.sync.591" channel="1" transcriber_start="1984.656" transcriber_end="1990.914">
      <nite:child href="EN2009b.B.words.xml#id(EN2009b.B.words3777)..id(EN2009b.B.words3805)"/>
   </segment>
   <segment nite:id="EN2009b.sync.593" channel="1" transcriber_start="1994.704" transcriber_end="2002.72">
      <nite:child href="EN2009b.B.words.xml#id(EN2009b.B.words3806)..id(EN2009b.B.words3829)"/>
   </segment>
   <segment nite:id="EN2009b.sync.595" channel="1" transcriber_start="2004.096" transcriber_end="2004.496">
      <nite:child href="EN2009b.B.words.xml#id(EN2009b.B.words3830)..id(EN2009b.B.words3831)"/>
   </segment>
   <segment nite:id="EN2009b.sync.597" channel="1" transcriber_start="2008.324" transcriber_end="2014.931">
      <nite:child href="EN2009b.B.words.xml#id(EN2009b.B.words3832)..id(EN2009b.B.words3848)"/>
   </segment>
   <segment nite:id="EN2009b.sync.599" channel="1" transcriber_start="2019.299" transcriber_end="2020.454">
      <nite:child href="EN2009b.B.words.xml#id(EN2009b.B.words3849)..id(EN2009b.B.words3853)"/>
   </segment>
   <segment nite:id="EN2009b.sync.601" channel="1" transcriber_start="2044.013" transcriber_end="2049.024">
      <nite:child href="EN2009b.B.words.xml#id(EN2009b.B.words3854)..id(EN2009b.B.words3869)"/>
   </segment>
   <segment nite:id="EN2009b.sync.603" channel="1" transcriber_start="2051.84" transcriber_end="2053.014">
      <nite:child href="EN2009b.B.words.xml#id(EN2009b.B.words3870)..id(EN2009b.B.words3877)"/>
   </segment>
   <segment nite:id="EN2009b.sync.605" channel="1" transcriber_start="2056.357" transcriber_end="2056.706">
      <nite:child href="EN2009b.B.words.xml#id(EN2009b.B.words3878)..id(EN2009b.B.words3879)"/>
   </segment>
   <segment nite:id="EN2009b.sync.607" channel="1" transcriber_start="2059.716" transcriber_end="2088.224">
      <nite:child href="EN2009b.B.words.xml#id(EN2009b.B.words3880)..id(EN2009b.B.words3992)"/>
   </segment>
   <segment nite:id="EN2009b.sync.609" channel="1" transcriber_start="2115.846" transcriber_end="2127.943">
      <nite:child href="EN2009b.B.words.xml#id(EN2009b.B.words3993)..id(EN2009b.B.words4037)"/>
   </segment>
   <segment nite:id="EN2009b.sync.611" channel="1" transcriber_start="2137.248" transcriber_end="2140.253">
      <nite:child href="EN2009b.B.words.xml#id(EN2009b.B.words4038)..id(EN2009b.B.words4051)"/>
   </segment>
   <segment nite:id="EN2009b.sync.613" channel="1" transcriber_start="2146.68" transcriber_end="2150.963">
      <nite:child href="EN2009b.B.words.xml#id(EN2009b.B.words4052)..id(EN2009b.B.words4068)"/>
   </segment>
   <segment nite:id="EN2009b.sync.615" channel="1" transcriber_start="2163.184" transcriber_end="2164.758">
      <nite:child href="EN2009b.B.words.xml#id(EN2009b.B.words4069)..id(EN2009b.B.words4072)"/>
   </segment>
   <segment nite:id="EN2009b.sync.617" channel="1" transcriber_start="2166.032" transcriber_end="2167.312">
      <nite:child href="EN2009b.B.words.xml#id(EN2009b.B.words4073)..id(EN2009b.B.words4080)"/>
   </segment>
   <segment nite:id="EN2009b.sync.619" channel="1" transcriber_start="2168.927" transcriber_end="2169.342">
      <nite:child href="EN2009b.B.words.xml#id(EN2009b.B.words4081)..id(EN2009b.B.words4082)"/>
   </segment>
   <segment nite:id="EN2009b.sync.621" channel="1" transcriber_start="2170.624" transcriber_end="2195.12">
      <nite:child href="EN2009b.B.words.xml#id(EN2009b.B.words4083)..id(EN2009b.B.words4186)"/>
   </segment>
   <segment nite:id="EN2009b.sync.623" channel="1" transcriber_start="2204.0" transcriber_end="2204.944">
      <nite:child href="EN2009b.B.words.xml#id(EN2009b.B.words4187)..id(EN2009b.B.words4189)"/>
   </segment>
   <segment nite:id="EN2009b.sync.625" channel="1" transcriber_start="2207.627" transcriber_end="2208.683">
      <nite:child href="EN2009b.B.words.xml#id(EN2009b.B.words4190)..id(EN2009b.B.words4193)"/>
   </segment>
   <segment nite:id="EN2009b.sync.627" channel="1" transcriber_start="2210.256" transcriber_end="2215.248">
      <nite:child href="EN2009b.B.words.xml#id(EN2009b.B.words4194)..id(EN2009b.B.words4213)"/>
   </segment>
   <segment nite:id="EN2009b.sync.629" channel="1" transcriber_start="2218.926" transcriber_end="2222.976">
      <nite:child href="EN2009b.B.words.xml#id(EN2009b.B.words4214)..id(EN2009b.B.words4235)"/>
   </segment>
</nite:root>