<?xml version="1.0" encoding="ISO-8859-1" standalone="yes"?>
<nite:root nite:id="ES2008a.C.words" xmlns:nite="http://nite.sourceforge.net/">
   <vocalsound nite:id="ES2008a.C.words0" starttime="216.458" endtime="218.132" type="laugh"/>
   <w nite:id="ES2008a.C.words1" starttime="220.07" endtime="220.46">Uh</w>
   <w nite:id="ES2008a.C.words2" starttime="220.46" endtime="220.85">Okay</w>
   <w nite:id="ES2008a.C.words3" starttime="220.85" endtime="220.85" punc="true">.</w>
   <w nite:id="ES2008a.C.words4" starttime="220.85" endtime="221.58">Well</w>
   <w nite:id="ES2008a.C.words5" starttime="221.58" endtime="221.58" punc="true">,</w>
   <w nite:id="ES2008a.C.words6" starttime="221.58" endtime="221.79">my</w>
   <w nite:id="ES2008a.C.words7" starttime="221.79" endtime="221.96">name</w>
   <w nite:id="ES2008a.C.words8" starttime="221.96" endtime="222.05">is</w>
   <w nite:id="ES2008a.C.words9" starttime="222.05" endtime="222.71">Iain</w>
   <w nite:id="ES2008a.C.words10" starttime="222.71" endtime="223.53">uh</w>
   <w nite:id="ES2008a.C.words11" starttime="224.69" endtime="225.04">and</w>
   <w nite:id="ES2008a.C.words12" starttime="225.04" endtime="225.29">I&#39;m</w>
   <w nite:id="ES2008a.C.words13" starttime="225.29" endtime="225.81">the</w>
   <w nite:id="ES2008a.C.words14" starttime="225.81" endtime="226.2">User</w>
   <w nite:id="ES2008a.C.words15" starttime="226.2" endtime="226.76">Interface</w>
   <w nite:id="ES2008a.C.words16" starttime="226.76" endtime="227.21">Designer</w>
   <w nite:id="ES2008a.C.words17" starttime="227.21" endtime="227.38">for</w>
   <w nite:id="ES2008a.C.words18" starttime="227.38" endtime="227.5">the</w>
   <w nite:id="ES2008a.C.words19" starttime="227.5" endtime="228.69">project</w>
   <w nite:id="ES2008a.C.words20" starttime="228.69" endtime="228.69" punc="true">.</w>
   <w nite:id="ES2008a.C.words21" starttime="228.69" endtime="229.15">Um</w>
   <w nite:id="ES2008a.C.words22" starttime="229.15" endtime="229.15" punc="true">.</w>
   <w nite:id="ES2008a.C.words23" starttime="230.56" endtime="231.09">And</w>
   <w nite:id="ES2008a.C.words24" starttime="231.61" endtime="232.05">I&#39;ll</w>
   <w nite:id="ES2008a.C.words25" starttime="232.05" endtime="232.2">try</w>
   <w nite:id="ES2008a.C.words26" starttime="232.2" endtime="232.3">and</w>
   <w nite:id="ES2008a.C.words27" starttime="232.3" endtime="232.46">draw</w>
   <w nite:id="ES2008a.C.words28" starttime="232.46" endtime="232.61">my</w>
   <w nite:id="ES2008a.C.words29" starttime="232.61" endtime="232.93">favourite</w>
   <w nite:id="ES2008a.C.words30" starttime="232.93" endtime="233.21">animal</w>
   <w nite:id="ES2008a.C.words31" starttime="233.21" endtime="233.21" punc="true">.</w>
   <w nite:id="ES2008a.C.words32" starttime="239.09" endtime="239.27">I&#39;ll</w>
   <disfmarker nite:id="ES2008a.C.words33" starttime="239.27" endtime="239.27"/>
   <w nite:id="ES2008a.C.words34" starttime="239.27" endtime="239.36">I</w>
   <w nite:id="ES2008a.C.words35" starttime="239.36" endtime="239.55">should</w>
   <w nite:id="ES2008a.C.words36" starttime="239.55" endtime="239.69">leave</w>
   <w nite:id="ES2008a.C.words37" starttime="239.69" endtime="239.82">that</w>
   <w nite:id="ES2008a.C.words38" starttime="239.82" endtime="239.96">one</w>
   <w nite:id="ES2008a.C.words39" starttime="239.96" endtime="240.13">on</w>
   <w nite:id="ES2008a.C.words40" starttime="240.13" endtime="240.29">there</w>
   <w nite:id="ES2008a.C.words41" starttime="240.29" endtime="240.65">shouldn&#39;t</w>
   <w nite:id="ES2008a.C.words42" starttime="240.65" endtime="241.09">I</w>
   <vocalsound nite:id="ES2008a.C.words43" starttime="241.09" endtime="241.09" type="laugh"/>
   <w nite:id="ES2008a.C.words44" starttime="241.09" endtime="241.32">before</w>
   <w nite:id="ES2008a.C.words45" starttime="241.32" endtime="241.91">I</w>
   <w nite:id="ES2008a.C.words46" starttime="241.91" endtime="242.39">callously</w>
   <w nite:id="ES2008a.C.words47" starttime="242.39" endtime="242.58">rub</w>
   <w nite:id="ES2008a.C.words48" starttime="242.58" endtime="242.68">it</w>
   <w nite:id="ES2008a.C.words49" starttime="242.68" endtime="242.8">off</w>
   <w nite:id="ES2008a.C.words50" starttime="242.8" endtime="242.8" punc="true">.</w>
   <vocalsound nite:id="ES2008a.C.words51" starttime="243.952" endtime="244.224" type="laugh"/>
   <w nite:id="ES2008a.C.words52" starttime="246.18" endtime="247.27">Um</w>
   <w nite:id="ES2008a.C.words53" starttime="247.27" endtime="247.44">I&#39;m</w>
   <w nite:id="ES2008a.C.words54" starttime="247.44" endtime="247.6">not</w>
   <w nite:id="ES2008a.C.words55" starttime="247.6" endtime="247.81">gonna</w>
   <w nite:id="ES2008a.C.words56" starttime="247.81" endtime="247.99">draw</w>
   <w nite:id="ES2008a.C.words57" starttime="247.99" endtime="248.28">it</w>
   <w nite:id="ES2008a.C.words58" starttime="248.28" endtime="248.53">quite</w>
   <w nite:id="ES2008a.C.words59" starttime="248.53" endtime="248.65">to</w>
   <w nite:id="ES2008a.C.words60" starttime="248.65" endtime="249.58">scale</w>
   <w nite:id="ES2008a.C.words61" starttime="249.58" endtime="250.15">um</w>
   <w nite:id="ES2008a.C.words62" starttime="250.15" endtime="250.15" punc="true">.</w>
   <vocalsound nite:id="ES2008a.C.words63" starttime="274.809" endtime="274.809" type="other"/>
   <w nite:id="ES2008a.C.words64" starttime="275.17" endtime="275.36">Is</w>
   <w nite:id="ES2008a.C.words65" starttime="275.36" endtime="275.57">that</w>
   <w nite:id="ES2008a.C.words66" starttime="275.57" endtime="275.66">at</w>
   <w nite:id="ES2008a.C.words67" starttime="275.66" endtime="275.98">least</w>
   <w nite:id="ES2008a.C.words68" starttime="275.98" endtime="276.79">identifiable</w>
   <w nite:id="ES2008a.C.words69" starttime="276.79" endtime="276.79" punc="true">?</w>
   <w nite:id="ES2008a.C.words70" starttime="279.06" endtime="279.19">It&#39;s</w>
   <w nite:id="ES2008a.C.words71" starttime="279.19" endtime="279.25">a</w>
   <w nite:id="ES2008a.C.words72" starttime="279.25" endtime="280.39">whale</w>
   <vocalsound nite:id="ES2008a.C.words73" starttime="280.39" endtime="280.39" type="laugh"/>
   <w nite:id="ES2008a.C.words74" starttime="280.39" endtime="280.39" punc="true">,</w>
   <w nite:id="ES2008a.C.words75" starttime="280.39" endtime="281.05">yes</w>
   <w nite:id="ES2008a.C.words76" starttime="281.05" endtime="281.05" punc="true">.</w>
   <vocalsound nite:id="ES2008a.C.words77" starttime="281.05" endtime="281.05" type="laugh"/>
   <w nite:id="ES2008a.C.words78" starttime="281.05" endtime="283.5">Thanks</w>
   <w nite:id="ES2008a.C.words79" starttime="283.5" endtime="283.5" punc="true">.</w>
   <vocalsound nite:id="ES2008a.C.words80" starttime="283.5" endtime="283.5" type="laugh"/>
   <w nite:id="ES2008a.C.words81" starttime="283.5" endtime="284.13">Um</w>
   <w nite:id="ES2008a.C.words82" starttime="284.13" endtime="284.54">and</w>
   <w nite:id="ES2008a.C.words83" starttime="284.54" endtime="284.54" punc="true">,</w>
   <w nite:id="ES2008a.C.words84" starttime="284.54" endtime="284.75">yeah</w>
   <w nite:id="ES2008a.C.words85" starttime="284.75" endtime="284.75" punc="true">,</w>
   <w nite:id="ES2008a.C.words86" starttime="284.75" endtime="284.83">the</w>
   <w nite:id="ES2008a.C.words87" starttime="284.83" endtime="285.13">reason</w>
   <w nite:id="ES2008a.C.words88" starttime="285.13" endtime="285.17">I</w>
   <w nite:id="ES2008a.C.words89" starttime="285.17" endtime="285.38">like</w>
   <w nite:id="ES2008a.C.words90" starttime="285.38" endtime="285.73">whales</w>
   <w nite:id="ES2008a.C.words91" starttime="285.73" endtime="285.9">is</w>
   <w nite:id="ES2008a.C.words92" starttime="285.9" endtime="286.47">&#39;cause</w>
   <w nite:id="ES2008a.C.words93" starttime="286.47" endtime="287.03">uh</w>
   <w nite:id="ES2008a.C.words94" starttime="287.03" endtime="287.86">they&#39;re</w>
   <disfmarker nite:id="ES2008a.C.words95" starttime="287.86" endtime="287.86"/>
   <w nite:id="ES2008a.C.words96" starttime="287.86" endtime="287.99">well</w>
   <w nite:id="ES2008a.C.words97" starttime="287.99" endtime="287.99" punc="true">,</w>
   <w nite:id="ES2008a.C.words98" starttime="287.99" endtime="288.24">first</w>
   <w nite:id="ES2008a.C.words99" starttime="288.24" endtime="288.3">of</w>
   <w nite:id="ES2008a.C.words100" starttime="288.3" endtime="288.4">all</w>
   <w nite:id="ES2008a.C.words101" starttime="288.4" endtime="288.53">they&#39;re</w>
   <w nite:id="ES2008a.C.words102" starttime="288.53" endtime="288.77">quite</w>
   <w nite:id="ES2008a.C.words103" starttime="288.77" endtime="289.6">intelligent</w>
   <w nite:id="ES2008a.C.words104" starttime="289.6" endtime="290.6">um</w>
   <w nite:id="ES2008a.C.words105" starttime="290.6" endtime="290.76">and</w>
   <w nite:id="ES2008a.C.words106" starttime="290.76" endtime="291.03">also</w>
   <w nite:id="ES2008a.C.words107" starttime="291.03" endtime="291.42">they&#39;re</w>
   <w nite:id="ES2008a.C.words108" starttime="291.42" endtime="291.55">they&#39;re</w>
   <w nite:id="ES2008a.C.words109" starttime="291.55" endtime="291.75">kind</w>
   <w nite:id="ES2008a.C.words110" starttime="291.75" endtime="291.82">of</w>
   <w nite:id="ES2008a.C.words111" starttime="291.82" endtime="292.75">mysterious</w>
   <w nite:id="ES2008a.C.words112" starttime="292.75" endtime="292.75" punc="true">,</w>
   <w nite:id="ES2008a.C.words113" starttime="292.75" endtime="293.89">like</w>
   <w nite:id="ES2008a.C.words114" starttime="293.89" endtime="294.01">we</w>
   <w nite:id="ES2008a.C.words115" starttime="294.01" endtime="294.25">don&#39;t</w>
   <w nite:id="ES2008a.C.words116" starttime="294.25" endtime="294.93">really</w>
   <w nite:id="ES2008a.C.words117" starttime="294.93" endtime="295.09">know</w>
   <w nite:id="ES2008a.C.words118" starttime="295.09" endtime="295.3">much</w>
   <w nite:id="ES2008a.C.words119" starttime="295.3" endtime="295.54">about</w>
   <w nite:id="ES2008a.C.words120" starttime="295.54" endtime="295.77">them</w>
   <w nite:id="ES2008a.C.words121" starttime="295.77" endtime="296.37">or</w>
   <w nite:id="ES2008a.C.words122" starttime="296.37" endtime="296.57">or</w>
   <w nite:id="ES2008a.C.words123" starttime="296.57" endtime="297.2">understand</w>
   <w nite:id="ES2008a.C.words124" starttime="297.2" endtime="297.34">how</w>
   <w nite:id="ES2008a.C.words125" starttime="297.34" endtime="297.43">they</w>
   <w nite:id="ES2008a.C.words126" starttime="297.43" endtime="297.8">work</w>
   <w nite:id="ES2008a.C.words127" starttime="297.8" endtime="297.8" punc="true">,</w>
   <w nite:id="ES2008a.C.words128" starttime="297.8" endtime="297.92">how</w>
   <w nite:id="ES2008a.C.words129" starttime="297.92" endtime="298.04">they</w>
   <w nite:id="ES2008a.C.words130" starttime="298.04" endtime="298.25">form</w>
   <w nite:id="ES2008a.C.words131" starttime="298.25" endtime="299.24">groups</w>
   <w nite:id="ES2008a.C.words132" starttime="299.24" endtime="299.24" punc="true">.</w>
   <w nite:id="ES2008a.C.words133" starttime="299.24" endtime="299.74">And</w>
   <w nite:id="ES2008a.C.words134" starttime="299.74" endtime="300.02">I</w>
   <w nite:id="ES2008a.C.words135" starttime="300.02" endtime="300.17">just</w>
   <w nite:id="ES2008a.C.words136" starttime="300.17" endtime="300.37">find</w>
   <w nite:id="ES2008a.C.words137" starttime="300.37" endtime="300.49">them</w>
   <w nite:id="ES2008a.C.words138" starttime="300.49" endtime="300.88">interesting</w>
   <w nite:id="ES2008a.C.words139" starttime="300.88" endtime="301.29">animals</w>
   <w nite:id="ES2008a.C.words140" starttime="301.29" endtime="301.29" punc="true">.</w>
   <w nite:id="ES2008a.C.words141" starttime="424.46" endtime="425.63">Cool</w>
   <w nite:id="ES2008a.C.words142" starttime="425.63" endtime="425.63" punc="true">.</w>
   <vocalsound nite:id="ES2008a.C.words143" starttime="425.63" endtime="425.84" type="laugh"/>
   <vocalsound nite:id="ES2008a.C.words144" starttime="535.495" endtime="536.264" type="other"/>
   <w nite:id="ES2008a.C.words145" starttime="551.1" endtime="551.34">I&#39;ve</w>
   <w nite:id="ES2008a.C.words146" starttime="551.34" endtime="552.26">used</w>
   <w nite:id="ES2008a.C.words147" starttime="552.26" endtime="552.26" punc="true">,</w>
   <w nite:id="ES2008a.C.words148" starttime="552.26" endtime="552.36">I&#39;ve</w>
   <w nite:id="ES2008a.C.words149" starttime="552.36" endtime="552.58">used</w>
   <w nite:id="ES2008a.C.words150" starttime="552.58" endtime="552.85">remote</w>
   <w nite:id="ES2008a.C.words151" starttime="552.85" endtime="553.37">controls</w>
   <w nite:id="ES2008a.C.words152" starttime="553.37" endtime="553.37" punc="true">,</w>
   <w nite:id="ES2008a.C.words153" starttime="553.37" endtime="553.46">for</w>
   <w nite:id="ES2008a.C.words154" starttime="553.46" endtime="553.73">things</w>
   <w nite:id="ES2008a.C.words155" starttime="553.73" endtime="554.4">like</w>
   <w nite:id="ES2008a.C.words156" starttime="554.4" endtime="554.96">T_V_</w>
   <w nite:id="ES2008a.C.words157" starttime="554.96" endtime="555.28">and</w>
   <w nite:id="ES2008a.C.words158" starttime="555.28" endtime="555.35">the</w>
   <w nite:id="ES2008a.C.words159" starttime="555.35" endtime="555.68">C_D_</w>
   <w nite:id="ES2008a.C.words160" starttime="555.68" endtime="556.38">player</w>
   <w nite:id="ES2008a.C.words161" starttime="556.38" endtime="557.27">and</w>
   <w nite:id="ES2008a.C.words162" starttime="557.27" endtime="557.59">video</w>
   <w nite:id="ES2008a.C.words163" starttime="557.59" endtime="558.76">recorder</w>
   <w nite:id="ES2008a.C.words164" starttime="558.76" endtime="559.18">and</w>
   <w nite:id="ES2008a.C.words165" starttime="560.34" endtime="560.53">I</w>
   <w nite:id="ES2008a.C.words166" starttime="560.53" endtime="560.66">I</w>
   <w nite:id="ES2008a.C.words167" starttime="560.66" endtime="560.91">guess</w>
   <w nite:id="ES2008a.C.words168" starttime="560.91" endtime="561.28">they&#39;re</w>
   <w nite:id="ES2008a.C.words169" starttime="561.28" endtime="561.41">they&#39;re</w>
   <w nite:id="ES2008a.C.words170" starttime="561.41" endtime="561.64">pretty</w>
   <w nite:id="ES2008a.C.words171" starttime="561.64" endtime="562.12">neat</w>
   <w nite:id="ES2008a.C.words172" starttime="562.12" endtime="562.37">neat</w>
   <w nite:id="ES2008a.C.words173" starttime="562.37" endtime="562.57">little</w>
   <w nite:id="ES2008a.C.words174" starttime="562.57" endtime="563.08">tools</w>
   <w nite:id="ES2008a.C.words175" starttime="563.08" endtime="563.39">uh</w>
   <w nite:id="ES2008a.C.words176" starttime="563.39" endtime="563.39" punc="true">.</w>
   <w nite:id="ES2008a.C.words177" starttime="563.39" endtime="563.49">You</w>
   <w nite:id="ES2008a.C.words178" starttime="563.49" endtime="563.66">don&#39;t</w>
   <w nite:id="ES2008a.C.words179" starttime="563.66" endtime="563.78">have</w>
   <w nite:id="ES2008a.C.words180" starttime="563.78" endtime="564.33">to</w>
   <w nite:id="ES2008a.C.words181" starttime="564.33" endtime="564.47">get</w>
   <w nite:id="ES2008a.C.words182" starttime="564.47" endtime="564.68">up</w>
   <w nite:id="ES2008a.C.words183" starttime="564.68" endtime="564.97">and</w>
   <w nite:id="ES2008a.C.words184" starttime="564.97" endtime="565.16">walk</w>
   <w nite:id="ES2008a.C.words185" starttime="565.16" endtime="565.45">across</w>
   <w nite:id="ES2008a.C.words186" starttime="565.45" endtime="565.55">the</w>
   <w nite:id="ES2008a.C.words187" starttime="565.55" endtime="565.74">room</w>
   <w nite:id="ES2008a.C.words188" starttime="565.74" endtime="565.84">to</w>
   <w nite:id="ES2008a.C.words189" starttime="565.84" endtime="566.11">change</w>
   <w nite:id="ES2008a.C.words190" starttime="566.11" endtime="566.16">a</w>
   <w nite:id="ES2008a.C.words191" starttime="566.16" endtime="567.06">channel</w>
   <w nite:id="ES2008a.C.words192" starttime="567.06" endtime="567.06" punc="true">.</w>
   <w nite:id="ES2008a.C.words193" starttime="567.06" endtime="567.22">So</w>
   <w nite:id="ES2008a.C.words194" starttime="567.22" endtime="567.63">especially</w>
   <w nite:id="ES2008a.C.words195" starttime="567.63" endtime="567.72">if</w>
   <w nite:id="ES2008a.C.words196" starttime="567.72" endtime="568.11">you&#39;re</w>
   <w nite:id="ES2008a.C.words197" starttime="568.11" endtime="568.48">someone</w>
   <w nite:id="ES2008a.C.words198" starttime="568.48" endtime="568.75">really</w>
   <w nite:id="ES2008a.C.words199" starttime="568.75" endtime="569.06">lazy</w>
   <w nite:id="ES2008a.C.words200" starttime="569.06" endtime="569.24">like</w>
   <w nite:id="ES2008a.C.words201" starttime="569.24" endtime="569.43">me</w>
   <w nite:id="ES2008a.C.words202" starttime="569.43" endtime="569.81">they</w>
   <w nite:id="ES2008a.C.words203" starttime="569.81" endtime="569.93">they&#39;re</w>
   <w nite:id="ES2008a.C.words204" starttime="569.93" endtime="570.19">pretty</w>
   <w nite:id="ES2008a.C.words205" starttime="570.19" endtime="571.05">nice</w>
   <w nite:id="ES2008a.C.words206" starttime="571.05" endtime="571.05" punc="true">.</w>
   <w nite:id="ES2008a.C.words207" starttime="571.05" endtime="571.53">Um</w>
   <w nite:id="ES2008a.C.words208" starttime="571.53" endtime="571.53" punc="true">.</w>
   <w nite:id="ES2008a.C.words209" starttime="573.0" endtime="573.07">I</w>
   <w nite:id="ES2008a.C.words210" starttime="573.07" endtime="573.4">find</w>
   <w nite:id="ES2008a.C.words211" starttime="573.4" endtime="573.88">them</w>
   <disfmarker nite:id="ES2008a.C.words212" starttime="573.88" endtime="573.88"/>
   <w nite:id="ES2008a.C.words213" starttime="573.88" endtime="573.98">they</w>
   <w nite:id="ES2008a.C.words214" starttime="573.98" endtime="574.2">can</w>
   <w nite:id="ES2008a.C.words215" starttime="574.2" endtime="574.29">be</w>
   <w nite:id="ES2008a.C.words216" starttime="574.29" endtime="574.36">a</w>
   <w nite:id="ES2008a.C.words217" starttime="574.36" endtime="574.55">bit</w>
   <w nite:id="ES2008a.C.words218" starttime="574.55" endtime="575.2">annoying</w>
   <w nite:id="ES2008a.C.words219" starttime="575.2" endtime="575.2" punc="true">,</w>
   <w nite:id="ES2008a.C.words220" starttime="575.2" endtime="576.15">especially</w>
   <w nite:id="ES2008a.C.words221" starttime="576.15" endtime="576.15" punc="true">,</w>
   <w nite:id="ES2008a.C.words222" starttime="576.15" endtime="576.55">like</w>
   <w nite:id="ES2008a.C.words223" starttime="576.55" endtime="576.69">you</w>
   <w nite:id="ES2008a.C.words224" starttime="576.69" endtime="576.84">know</w>
   <w nite:id="ES2008a.C.words225" starttime="576.84" endtime="576.99">if</w>
   <w nite:id="ES2008a.C.words226" starttime="576.99" endtime="577.08">I&#39;m</w>
   <w nite:id="ES2008a.C.words227" starttime="577.08" endtime="577.39">watching</w>
   <w nite:id="ES2008a.C.words228" starttime="577.39" endtime="577.76">T_V_</w>
   <w nite:id="ES2008a.C.words229" starttime="577.76" endtime="577.82">I</w>
   <w nite:id="ES2008a.C.words230" starttime="577.82" endtime="578.56">have</w>
   <w nite:id="ES2008a.C.words231" starttime="578.56" endtime="578.69">have</w>
   <w nite:id="ES2008a.C.words232" starttime="578.69" endtime="578.78">to</w>
   <w nite:id="ES2008a.C.words233" starttime="578.78" endtime="578.89">have</w>
   <w nite:id="ES2008a.C.words234" starttime="578.89" endtime="579.18">three</w>
   <w nite:id="ES2008a.C.words235" starttime="579.18" endtime="579.58">separate</w>
   <w nite:id="ES2008a.C.words236" starttime="579.58" endtime="579.91">remote</w>
   <w nite:id="ES2008a.C.words237" starttime="579.91" endtime="580.43">controls</w>
   <w nite:id="ES2008a.C.words238" starttime="580.43" endtime="580.75">of</w>
   <disfmarker nite:id="ES2008a.C.words239" starttime="580.75" endtime="580.75"/>
   <w nite:id="ES2008a.C.words240" starttime="580.75" endtime="580.9">in</w>
   <w nite:id="ES2008a.C.words241" starttime="580.9" endtime="581.1">front</w>
   <w nite:id="ES2008a.C.words242" starttime="581.1" endtime="581.24">of</w>
   <w nite:id="ES2008a.C.words243" starttime="581.24" endtime="581.36">me</w>
   <w nite:id="ES2008a.C.words244" starttime="581.36" endtime="581.36" punc="true">,</w>
   <w nite:id="ES2008a.C.words245" starttime="581.36" endtime="581.48">you</w>
   <w nite:id="ES2008a.C.words246" starttime="581.48" endtime="581.57">know</w>
   <w nite:id="ES2008a.C.words247" starttime="581.57" endtime="581.57" punc="true">,</w>
   <w nite:id="ES2008a.C.words248" starttime="581.57" endtime="581.77">one</w>
   <w nite:id="ES2008a.C.words249" starttime="581.77" endtime="581.9">for</w>
   <w nite:id="ES2008a.C.words250" starttime="581.9" endtime="582.0">the</w>
   <w nite:id="ES2008a.C.words251" starttime="582.0" endtime="582.4">T_V_</w>
   <w nite:id="ES2008a.C.words252" starttime="582.4" endtime="582.4" punc="true">,</w>
   <w nite:id="ES2008a.C.words253" starttime="582.4" endtime="582.58">one</w>
   <w nite:id="ES2008a.C.words254" starttime="582.58" endtime="582.72">for</w>
   <w nite:id="ES2008a.C.words255" starttime="582.72" endtime="582.82">the</w>
   <w nite:id="ES2008a.C.words256" starttime="582.82" endtime="583.24">digital</w>
   <w nite:id="ES2008a.C.words257" starttime="583.24" endtime="584.04">box</w>
   <w nite:id="ES2008a.C.words258" starttime="584.04" endtime="584.04" punc="true">,</w>
   <w nite:id="ES2008a.C.words259" starttime="584.04" endtime="584.22">one</w>
   <w nite:id="ES2008a.C.words260" starttime="584.22" endtime="584.35">for</w>
   <w nite:id="ES2008a.C.words261" starttime="584.35" endtime="584.4" trunc="true">m</w>
   <w nite:id="ES2008a.C.words262" starttime="584.4" endtime="584.49">the</w>
   <w nite:id="ES2008a.C.words263" starttime="584.49" endtime="584.82">video</w>
   <w nite:id="ES2008a.C.words264" starttime="584.82" endtime="585.24">recorder</w>
   <w nite:id="ES2008a.C.words265" starttime="585.24" endtime="585.39">as</w>
   <w nite:id="ES2008a.C.words266" starttime="585.39" endtime="586.15">well</w>
   <w nite:id="ES2008a.C.words267" starttime="586.15" endtime="586.15" punc="true">.</w>
   <w nite:id="ES2008a.C.words268" starttime="586.15" endtime="586.79">Um</w>
   <w nite:id="ES2008a.C.words269" starttime="586.79" endtime="586.79" punc="true">.</w>
   <w nite:id="ES2008a.C.words270" starttime="588.15" endtime="588.26">And</w>
   <w nite:id="ES2008a.C.words271" starttime="588.26" endtime="588.6">also</w>
   <w nite:id="ES2008a.C.words272" starttime="588.6" endtime="588.73">they</w>
   <w nite:id="ES2008a.C.words273" starttime="588.73" endtime="589.0">tend</w>
   <w nite:id="ES2008a.C.words274" starttime="589.0" endtime="589.67">to</w>
   <w nite:id="ES2008a.C.words275" starttime="589.67" endtime="589.78">they</w>
   <w nite:id="ES2008a.C.words276" starttime="589.78" endtime="589.97">tend</w>
   <w nite:id="ES2008a.C.words277" starttime="589.97" endtime="590.05">to</w>
   <w nite:id="ES2008a.C.words278" starttime="590.05" endtime="590.16">be</w>
   <w nite:id="ES2008a.C.words279" starttime="590.16" endtime="590.2">a</w>
   <w nite:id="ES2008a.C.words280" starttime="590.2" endtime="590.36">bit</w>
   <w nite:id="ES2008a.C.words281" starttime="590.36" endtime="590.89">confusing</w>
   <w nite:id="ES2008a.C.words282" starttime="590.89" endtime="590.89" punc="true">,</w>
   <w nite:id="ES2008a.C.words283" starttime="590.89" endtime="591.04">they&#39;ve</w>
   <w nite:id="ES2008a.C.words284" starttime="591.04" endtime="591.41">got</w>
   <w nite:id="ES2008a.C.words285" starttime="591.41" endtime="591.56">too</w>
   <w nite:id="ES2008a.C.words286" starttime="591.56" endtime="591.78">many</w>
   <w nite:id="ES2008a.C.words287" starttime="591.78" endtime="592.15">buttons</w>
   <w nite:id="ES2008a.C.words288" starttime="592.15" endtime="592.28">on</w>
   <w nite:id="ES2008a.C.words289" starttime="592.28" endtime="593.08">them</w>
   <w nite:id="ES2008a.C.words290" starttime="593.08" endtime="594.33">uh</w>
   <w nite:id="ES2008a.C.words291" starttime="594.33" endtime="594.8">too</w>
   <w nite:id="ES2008a.C.words292" starttime="594.8" endtime="594.96">too</w>
   <w nite:id="ES2008a.C.words293" starttime="594.96" endtime="595.13">sort</w>
   <w nite:id="ES2008a.C.words294" starttime="595.13" endtime="595.48">of</w>
   <w nite:id="ES2008a.C.words295" starttime="595.48" endtime="595.62">too</w>
   <w nite:id="ES2008a.C.words296" starttime="595.62" endtime="595.78">sort</w>
   <w nite:id="ES2008a.C.words297" starttime="595.78" endtime="595.87">of</w>
   <w nite:id="ES2008a.C.words298" starttime="595.87" endtime="596.72">complicated</w>
   <w nite:id="ES2008a.C.words299" starttime="596.72" endtime="597.57">when</w>
   <w nite:id="ES2008a.C.words300" starttime="597.57" endtime="597.74">all</w>
   <w nite:id="ES2008a.C.words301" starttime="597.74" endtime="597.78">I</w>
   <w nite:id="ES2008a.C.words302" starttime="597.78" endtime="598.01">really</w>
   <w nite:id="ES2008a.C.words303" starttime="598.01" endtime="598.22">wanna</w>
   <w nite:id="ES2008a.C.words304" starttime="598.22" endtime="598.36">do</w>
   <w nite:id="ES2008a.C.words305" starttime="598.36" endtime="598.69">is</w>
   <w nite:id="ES2008a.C.words306" starttime="598.69" endtime="599.02">switch</w>
   <w nite:id="ES2008a.C.words307" starttime="599.02" endtime="599.19">on</w>
   <w nite:id="ES2008a.C.words308" starttime="599.19" endtime="599.31">and</w>
   <w nite:id="ES2008a.C.words309" starttime="599.31" endtime="599.59">off</w>
   <w nite:id="ES2008a.C.words310" starttime="599.59" endtime="599.59" punc="true">,</w>
   <w nite:id="ES2008a.C.words311" starttime="599.59" endtime="599.8">change</w>
   <w nite:id="ES2008a.C.words312" starttime="599.8" endtime="599.88">the</w>
   <w nite:id="ES2008a.C.words313" starttime="599.88" endtime="600.17">channel</w>
   <w nite:id="ES2008a.C.words314" starttime="600.17" endtime="600.17" punc="true">,</w>
   <w nite:id="ES2008a.C.words315" starttime="600.17" endtime="600.42">change</w>
   <w nite:id="ES2008a.C.words316" starttime="600.42" endtime="600.49">the</w>
   <w nite:id="ES2008a.C.words317" starttime="600.49" endtime="600.83">volume</w>
   <w nite:id="ES2008a.C.words318" starttime="600.83" endtime="600.83" punc="true">.</w>
   <w nite:id="ES2008a.C.words319" starttime="638.12" endtime="638.29">Yeah</w>
   <w nite:id="ES2008a.C.words320" starttime="638.29" endtime="638.29" punc="true">.</w>
   <w nite:id="ES2008a.C.words321" starttime="705.9" endtime="706.12">Mm</w>
   <w nite:id="ES2008a.C.words322" starttime="706.12" endtime="706.12" punc="true">.</w>
   <w nite:id="ES2008a.C.words323" starttime="774.57" endtime="774.71">Yeah</w>
   <w nite:id="ES2008a.C.words324" starttime="774.71" endtime="774.71" punc="true">.</w>
   <w nite:id="ES2008a.C.words325" starttime="783.99" endtime="784.14">Can</w>
   <w nite:id="ES2008a.C.words326" starttime="784.14" endtime="784.26">I</w>
   <w nite:id="ES2008a.C.words327" starttime="784.26" endtime="784.52">ask</w>
   <w nite:id="ES2008a.C.words328" starttime="784.52" endtime="784.52" punc="true">,</w>
   <w nite:id="ES2008a.C.words329" starttime="784.52" endtime="784.58">are</w>
   <w nite:id="ES2008a.C.words330" starttime="784.58" endtime="785.56">we</w>
   <w nite:id="ES2008a.C.words331" starttime="785.56" endtime="786.14">designing</w>
   <w nite:id="ES2008a.C.words332" starttime="786.14" endtime="786.17">a</w>
   <w nite:id="ES2008a.C.words333" starttime="786.17" endtime="786.46">remote</w>
   <w nite:id="ES2008a.C.words334" starttime="786.46" endtime="786.96">control</w>
   <w nite:id="ES2008a.C.words335" starttime="786.96" endtime="787.15">for</w>
   <w nite:id="ES2008a.C.words336" starttime="787.15" endtime="787.21">a</w>
   <w nite:id="ES2008a.C.words337" starttime="787.21" endtime="787.75">television</w>
   <w nite:id="ES2008a.C.words338" starttime="787.75" endtime="789.09">only</w>
   <w nite:id="ES2008a.C.words339" starttime="789.09" endtime="790.34">um</w>
   <w nite:id="ES2008a.C.words340" starttime="790.34" endtime="790.34" punc="true">,</w>
   <w nite:id="ES2008a.C.words341" starttime="790.34" endtime="790.63">and</w>
   <w nite:id="ES2008a.C.words342" starttime="790.63" endtime="791.22">if</w>
   <w nite:id="ES2008a.C.words343" starttime="791.22" endtime="791.43">if</w>
   <w nite:id="ES2008a.C.words344" starttime="791.43" endtime="791.68">this</w>
   <w nite:id="ES2008a.C.words345" starttime="791.68" endtime="792.08">device</w>
   <w nite:id="ES2008a.C.words346" starttime="792.08" endtime="792.44">is</w>
   <w nite:id="ES2008a.C.words347" starttime="792.44" endtime="792.7">just</w>
   <w nite:id="ES2008a.C.words348" starttime="792.7" endtime="792.79">to</w>
   <w nite:id="ES2008a.C.words349" starttime="792.79" endtime="792.87">be</w>
   <w nite:id="ES2008a.C.words350" starttime="792.87" endtime="793.15">used</w>
   <w nite:id="ES2008a.C.words351" starttime="793.15" endtime="793.26">for</w>
   <w nite:id="ES2008a.C.words352" starttime="793.26" endtime="793.36">the</w>
   <w nite:id="ES2008a.C.words353" starttime="793.36" endtime="793.98">television</w>
   <w nite:id="ES2008a.C.words354" starttime="795.05" endtime="795.27">would</w>
   <w nite:id="ES2008a.C.words355" starttime="795.27" endtime="795.46">we</w>
   <w nite:id="ES2008a.C.words356" starttime="795.46" endtime="795.99">even</w>
   <w nite:id="ES2008a.C.words357" starttime="795.99" endtime="796.42">technically</w>
   <w nite:id="ES2008a.C.words358" starttime="796.42" endtime="796.53">be</w>
   <w nite:id="ES2008a.C.words359" starttime="796.53" endtime="797.01">possible</w>
   <w nite:id="ES2008a.C.words360" starttime="797.01" endtime="797.12">to</w>
   <w nite:id="ES2008a.C.words361" starttime="797.12" endtime="797.71">include</w>
   <w nite:id="ES2008a.C.words362" starttime="797.71" endtime="798.04">video</w>
   <w nite:id="ES2008a.C.words363" starttime="798.04" endtime="798.43">recorder</w>
   <w nite:id="ES2008a.C.words364" starttime="798.43" endtime="798.88">functions</w>
   <w nite:id="ES2008a.C.words365" starttime="798.88" endtime="799.03">on</w>
   <w nite:id="ES2008a.C.words366" starttime="799.03" endtime="799.09">it</w>
   <w nite:id="ES2008a.C.words367" starttime="799.09" endtime="799.09" punc="true">?</w>
   <w nite:id="ES2008a.C.words368" starttime="801.8" endtime="802.12">Um</w>
   <w nite:id="ES2008a.C.words369" starttime="802.12" endtime="802.23">or</w>
   <w nite:id="ES2008a.C.words370" starttime="802.23" endtime="802.45">should</w>
   <w nite:id="ES2008a.C.words371" starttime="802.45" endtime="802.53">we</w>
   <w nite:id="ES2008a.C.words372" starttime="802.53" endtime="802.77">just</w>
   <w nite:id="ES2008a.C.words373" starttime="802.77" endtime="803.09">stick</w>
   <w nite:id="ES2008a.C.words374" starttime="803.09" endtime="804.05">to</w>
   <w nite:id="ES2008a.C.words375" starttime="804.05" endtime="804.22">just</w>
   <w nite:id="ES2008a.C.words376" starttime="804.22" endtime="804.49">stick</w>
   <w nite:id="ES2008a.C.words377" starttime="804.49" endtime="804.64">to</w>
   <w nite:id="ES2008a.C.words378" starttime="804.64" endtime="805.3">having</w>
   <w nite:id="ES2008a.C.words379" starttime="805.3" endtime="806.78">television</w>
   <w nite:id="ES2008a.C.words380" starttime="806.78" endtime="807.29">television</w>
   <w nite:id="ES2008a.C.words381" starttime="807.29" endtime="807.68">related</w>
   <w nite:id="ES2008a.C.words382" starttime="807.68" endtime="808.07">buttons</w>
   <w nite:id="ES2008a.C.words383" starttime="808.07" endtime="808.21">on</w>
   <w nite:id="ES2008a.C.words384" starttime="808.21" endtime="808.29">it</w>
   <w nite:id="ES2008a.C.words385" starttime="808.29" endtime="808.29" punc="true">?</w>
   <vocalsound nite:id="ES2008a.C.words386" starttime="816.72" endtime="817.168" type="laugh"/>
   <vocalsound nite:id="ES2008a.C.words387" starttime="831.152" endtime="831.584" type="laugh"/>
   <w nite:id="ES2008a.C.words388" starttime="833.0" endtime="833.15">So</w>
   <w nite:id="ES2008a.C.words389" starttime="833.15" endtime="833.25">we</w>
   <w nite:id="ES2008a.C.words390" starttime="833.25" endtime="833.76">should</w>
   <disfmarker nite:id="ES2008a.C.words391" starttime="833.76" endtime="833.76"/>
   <w nite:id="ES2008a.C.words392" starttime="833.76" endtime="834.12">maybe</w>
   <w nite:id="ES2008a.C.words393" starttime="834.12" endtime="834.21">we</w>
   <w nite:id="ES2008a.C.words394" starttime="834.21" endtime="834.42">should</w>
   <w nite:id="ES2008a.C.words395" starttime="834.42" endtime="834.71">assume</w>
   <w nite:id="ES2008a.C.words396" starttime="834.71" endtime="834.86">that</w>
   <w nite:id="ES2008a.C.words397" starttime="834.86" endtime="834.94" trunc="true">i</w>
   <w nite:id="ES2008a.C.words398" starttime="834.94" endtime="835.58" trunc="true">t</w>
   <w nite:id="ES2008a.C.words399" starttime="835.58" endtime="835.8">it&#39;s</w>
   <w nite:id="ES2008a.C.words400" starttime="835.8" endtime="836.04">just</w>
   <w nite:id="ES2008a.C.words401" starttime="836.04" endtime="836.09">a</w>
   <w nite:id="ES2008a.C.words402" starttime="836.09" endtime="836.66">television</w>
   <w nite:id="ES2008a.C.words403" starttime="836.66" endtime="836.8">that</w>
   <w nite:id="ES2008a.C.words404" starttime="836.8" endtime="836.93">we&#39;re</w>
   <w nite:id="ES2008a.C.words405" starttime="836.93" endtime="837.23">wanting</w>
   <w nite:id="ES2008a.C.words406" starttime="837.23" endtime="837.36">to</w>
   <w nite:id="ES2008a.C.words407" starttime="837.36" endtime="837.74">control</w>
   <w nite:id="ES2008a.C.words408" starttime="837.74" endtime="837.74" punc="true">.</w>
   <w nite:id="ES2008a.C.words409" starttime="839.03" endtime="839.98">Well</w>
   <w nite:id="ES2008a.C.words410" starttime="839.98" endtime="839.98" punc="true">,</w>
   <w nite:id="ES2008a.C.words411" starttime="839.98" endtime="840.1">I</w>
   <w nite:id="ES2008a.C.words412" starttime="840.1" endtime="840.24">mean</w>
   <w nite:id="ES2008a.C.words413" starttime="840.24" endtime="840.29">I</w>
   <w nite:id="ES2008a.C.words414" starttime="840.29" endtime="840.56">suppose</w>
   <w nite:id="ES2008a.C.words415" starttime="840.56" endtime="840.62">it</w>
   <w nite:id="ES2008a.C.words416" starttime="840.62" endtime="840.77">would</w>
   <w nite:id="ES2008a.C.words417" starttime="840.77" endtime="840.86">be</w>
   <w nite:id="ES2008a.C.words418" starttime="840.86" endtime="841.14">nice</w>
   <w nite:id="ES2008a.C.words419" starttime="841.14" endtime="841.24">to</w>
   <w nite:id="ES2008a.C.words420" starttime="841.24" endtime="841.95">have</w>
   <vocalsound nite:id="ES2008a.C.words421" starttime="841.95" endtime="841.95" type="other"/>
   <w nite:id="ES2008a.C.words422" starttime="841.95" endtime="842.28">playing</w>
   <w nite:id="ES2008a.C.words423" starttime="842.28" endtime="842.49">and</w>
   <w nite:id="ES2008a.C.words424" starttime="842.49" endtime="842.89">record</w>
   <w nite:id="ES2008a.C.words425" starttime="842.89" endtime="843.01">and</w>
   <w nite:id="ES2008a.C.words426" starttime="843.01" endtime="843.27">stop</w>
   <w nite:id="ES2008a.C.words427" starttime="843.27" endtime="843.61">buttons</w>
   <w nite:id="ES2008a.C.words428" starttime="843.61" endtime="843.73">on</w>
   <w nite:id="ES2008a.C.words429" starttime="843.73" endtime="843.87">it</w>
   <w nite:id="ES2008a.C.words430" starttime="843.87" endtime="843.98">for</w>
   <w nite:id="ES2008a.C.words431" starttime="843.98" endtime="844.08">the</w>
   <w nite:id="ES2008a.C.words432" starttime="844.08" endtime="844.4">video</w>
   <w nite:id="ES2008a.C.words433" starttime="844.4" endtime="844.78">recorder</w>
   <w nite:id="ES2008a.C.words434" starttime="844.78" endtime="844.9">as</w>
   <w nite:id="ES2008a.C.words435" starttime="844.9" endtime="845.23">well</w>
   <w nite:id="ES2008a.C.words436" starttime="845.23" endtime="845.95">I</w>
   <w nite:id="ES2008a.C.words437" starttime="845.95" endtime="846.02">I</w>
   <w nite:id="ES2008a.C.words438" starttime="846.02" endtime="846.2">don&#39;t</w>
   <w nite:id="ES2008a.C.words439" starttime="846.2" endtime="846.27">know</w>
   <w nite:id="ES2008a.C.words440" starttime="846.27" endtime="846.4">if</w>
   <w nite:id="ES2008a.C.words441" starttime="846.4" endtime="846.52">that</w>
   <w nite:id="ES2008a.C.words442" starttime="846.52" endtime="847.1">works</w>
   <w nite:id="ES2008a.C.words443" starttime="847.1" endtime="847.79">technologically</w>
   <w nite:id="ES2008a.C.words444" starttime="847.79" endtime="847.9">or</w>
   <w nite:id="ES2008a.C.words445" starttime="847.9" endtime="848.03">not</w>
   <w nite:id="ES2008a.C.words446" starttime="848.03" endtime="848.03" punc="true">.</w>
   <w nite:id="ES2008a.C.words447" starttime="860.47" endtime="860.68">Yeah</w>
   <w nite:id="ES2008a.C.words448" starttime="860.68" endtime="860.68" punc="true">.</w>
   <w nite:id="ES2008a.C.words449" starttime="874.76" endtime="874.93">Yeah</w>
   <w nite:id="ES2008a.C.words450" starttime="874.93" endtime="874.93" punc="true">.</w>
   <w nite:id="ES2008a.C.words451" starttime="884.19" endtime="884.33">&#39;Kay</w>
   <w nite:id="ES2008a.C.words452" starttime="884.33" endtime="884.33" punc="true">.</w>
   <vocalsound nite:id="ES2008a.C.words453" starttime="953.74" endtime="954.169" type="laugh"/>
   <w nite:id="ES2008a.C.words454" starttime="972.63" endtime="972.75">What</w>
   <w nite:id="ES2008a.C.words455" starttime="972.75" endtime="972.87">we&#39;re</w>
   <w nite:id="ES2008a.C.words456" starttime="972.87" endtime="973.09">gonna</w>
   <w nite:id="ES2008a.C.words457" starttime="973.09" endtime="973.2">be</w>
   <w nite:id="ES2008a.C.words458" starttime="973.2" endtime="973.73">discussing</w>
   <w nite:id="ES2008a.C.words459" starttime="973.73" endtime="973.83">at</w>
   <w nite:id="ES2008a.C.words460" starttime="973.83" endtime="973.91">the</w>
   <w nite:id="ES2008a.C.words461" starttime="973.91" endtime="974.18">next</w>
   <w nite:id="ES2008a.C.words462" starttime="974.18" endtime="975.29">meeting</w>
   <w nite:id="ES2008a.C.words463" starttime="975.29" endtime="975.29" punc="true">?</w>
   <w nite:id="ES2008a.C.words464" starttime="975.29" endtime="975.36">Do</w>
   <w nite:id="ES2008a.C.words465" starttime="975.36" endtime="975.46">we</w>
   <w nite:id="ES2008a.C.words466" starttime="975.46" endtime="975.59">know</w>
   <w nite:id="ES2008a.C.words467" starttime="975.59" endtime="975.93">that</w>
   <w nite:id="ES2008a.C.words468" starttime="975.93" endtime="975.93" punc="true">?</w>
   <w nite:id="ES2008a.C.words469" starttime="979.38" endtime="979.58">Right</w>
   <w nite:id="ES2008a.C.words470" starttime="979.58" endtime="979.58" punc="true">.</w>
   <w nite:id="ES2008a.C.words471" starttime="986.13" endtime="986.3">Yep</w>
   <w nite:id="ES2008a.C.words472" starttime="986.3" endtime="986.3" punc="true">.</w>
   <w nite:id="ES2008a.C.words473" starttime="991.82" endtime="991.98">Yep</w>
   <w nite:id="ES2008a.C.words474" starttime="991.98" endtime="991.98" punc="true">.</w>
   <vocalsound nite:id="ES2008a.C.words475" starttime="993.658" endtime="994.28" type="laugh"/>
   <w nite:id="ES2008a.C.words476" starttime="1002.35" endtime="1002.73">Okay</w>
   <w nite:id="ES2008a.C.words477" starttime="1002.73" endtime="1002.73" punc="true">.</w>
   <w nite:id="ES2008a.C.words478" starttime="1005.96" endtime="1006.1">Can</w>
   <w nite:id="ES2008a.C.words479" starttime="1006.1" endtime="1006.24">you</w>
   <w nite:id="ES2008a.C.words480" starttime="1006.24" endtime="1006.58">e-mail</w>
   <w nite:id="ES2008a.C.words481" starttime="1006.58" endtime="1006.92">your</w>
   <w nite:id="ES2008a.C.words482" starttime="1006.92" endtime="1007.3">slides</w>
   <w nite:id="ES2008a.C.words483" starttime="1007.3" endtime="1007.41">as</w>
   <w nite:id="ES2008a.C.words484" starttime="1007.41" endtime="1008.21">well</w>
   <w nite:id="ES2008a.C.words485" starttime="1008.21" endtime="1008.21" punc="true">?</w>
   <w nite:id="ES2008a.C.words486" starttime="1008.21" endtime="1008.29">Is</w>
   <w nite:id="ES2008a.C.words487" starttime="1008.29" endtime="1008.45">that</w>
   <w nite:id="ES2008a.C.words488" starttime="1008.45" endtime="1008.8">possible</w>
   <w nite:id="ES2008a.C.words489" starttime="1008.8" endtime="1008.8" punc="true">?</w>
   <w nite:id="ES2008a.C.words490" starttime="1011.06" endtime="1011.23">Cool</w>
   <w nite:id="ES2008a.C.words491" starttime="1011.23" endtime="1011.23" punc="true">.</w>
   <w nite:id="ES2008a.C.words492" starttime="1022.39" endtime="1022.5" mispronounced="true">&#39;Kay</w>
</nite:root>