<?xml version="1.0" encoding="ISO-8859-1" standalone="yes"?>
<nite:root nite:id="Bmr015.C.segs" xmlns:nite="http://nite.sourceforge.net/">
   <segment nite:id="Bmr015.segment.3" starttime="11.701" endtime="12.121" participant="mn005" timing-provenance="dialogueact">
      <nite:child href="Bmr015.C.words.xml#id(Bmr015.w.14)..id(Bmr015.w.15)"/>
   </segment>
   <segment nite:id="Bmr015.segment.6" starttime="12.794" endtime="14.24" participant="mn005" timing-provenance="segment">
      <nite:child href="Bmr015.C.words.xml#id(Bmr015.w.32)..id(Bmr015.comment.1)"/>
   </segment>
   <segment nite:id="Bmr015.segment.10" starttime="15.652" endtime="16.855" participant="mn005" timing-provenance="segment">
      <nite:child href="Bmr015.C.words.xml#id(Bmr015.vocalsound.2)..id(Bmr015.w.48)"/>
   </segment>
   <segment nite:id="Bmr015.segment.15" starttime="18.114" endtime="18.314" participant="mn005" timing-provenance="dialogueact">
      <nite:child href="Bmr015.C.words.xml#id(Bmr015.w.70)..id(Bmr015.w.71)"/>
   </segment>
   <segment nite:id="Bmr015.segment.21" starttime="23.37" endtime="25.059" participant="mn005" timing-provenance="segment">
      <nite:child href="Bmr015.C.words.xml#id(Bmr015.vocalsound.7)"/>
   </segment>
   <segment nite:id="Bmr015.segment.31" starttime="30.822" endtime="30.982" participant="mn005" timing-provenance="dialogueact">
      <nite:child href="Bmr015.C.words.xml#id(Bmr015.w.139)..id(Bmr015.w.140)"/>
   </segment>
   <segment nite:id="Bmr015.segment.36" starttime="32.691" endtime="33.164" participant="mn005" timing-provenance="segment">
      <nite:child href="Bmr015.C.words.xml#id(Bmr015.vocalsound.13)"/>
   </segment>
   <segment nite:id="Bmr015.segment.44" starttime="35.626" endtime="35.816" participant="mn005" timing-provenance="dialogueact">
      <nite:child href="Bmr015.C.words.xml#id(Bmr015.w.168)..id(Bmr015.w.169)"/>
   </segment>
   <segment nite:id="Bmr015.segment.63" starttime="59.186" endtime="59.796" participant="mn005" timing-provenance="dialogueact">
      <nite:child href="Bmr015.C.words.xml#id(Bmr015.w.321)..id(Bmr015.w.326)"/>
   </segment>
   <segment nite:id="Bmr015.segment.71" starttime="77.842" endtime="78.445" participant="mn005" timing-provenance="segment">
      <nite:child href="Bmr015.C.words.xml#id(Bmr015.vocalsound.19)"/>
   </segment>
   <segment nite:id="Bmr015.segment.74" starttime="84.219" endtime="84.349" participant="mn005" timing-provenance="dialogueact">
      <nite:child href="Bmr015.C.words.xml#id(Bmr015.w.422)..id(Bmr015.w.423)"/>
   </segment>
   <segment nite:id="Bmr015.segment.77" starttime="87.323" endtime="87.681" participant="mn005" timing-provenance="segment">
      <nite:child href="Bmr015.C.words.xml#id(Bmr015.vocalsound.22)"/>
   </segment>
   <segment nite:id="Bmr015.segment.82" starttime="92.569" endtime="92.987" participant="mn005" timing-provenance="segment">
      <nite:child href="Bmr015.C.words.xml#id(Bmr015.vocalsound.24)"/>
   </segment>
   <segment nite:id="Bmr015.segment.83" starttime="93.388" endtime="93.622" participant="mn005" timing-provenance="segment">
      <nite:child href="Bmr015.C.words.xml#id(Bmr015.vocalsound.25)"/>
   </segment>
   <segment nite:id="Bmr015.segment.106" starttime="125.496" endtime="125.866" participant="mn005" timing-provenance="dialogueact">
      <nite:child href="Bmr015.C.words.xml#id(Bmr015.w.627)..id(Bmr015.w.630)"/>
   </segment>
   <segment nite:id="Bmr015.segment.117" starttime="141.618" endtime="141.808" participant="mn005" timing-provenance="dialogueact">
      <nite:child href="Bmr015.C.words.xml#id(Bmr015.w.688)..id(Bmr015.w.689)"/>
   </segment>
   <segment nite:id="Bmr015.segment.123" starttime="147.35" endtime="147.745" participant="mn005" timing-provenance="segment">
      <nite:child href="Bmr015.C.words.xml#id(Bmr015.vocalsound.28)"/>
   </segment>
   <segment nite:id="Bmr015.segment.135" starttime="156.988" endtime="157.198" participant="mn005" timing-provenance="dialogueact">
      <nite:child href="Bmr015.C.words.xml#id(Bmr015.w.778)..id(Bmr015.w.779)"/>
   </segment>
   <segment nite:id="Bmr015.segment.156" starttime="189.474" endtime="189.644" participant="mn005" timing-provenance="dialogueact">
      <nite:child href="Bmr015.C.words.xml#id(Bmr015.w.925)..id(Bmr015.w.926)"/>
   </segment>
   <segment nite:id="Bmr015.segment.158" starttime="192.18" endtime="193.37" participant="mn005" timing-provenance="dialogueact">
      <nite:child href="Bmr015.C.words.xml#id(Bmr015.w.930)..id(Bmr015.w.936)"/>
   </segment>
   <segment nite:id="Bmr015.segment.163" starttime="194.731" endtime="196.653" participant="mn005" timing-provenance="segment">
      <nite:child href="Bmr015.C.words.xml#id(Bmr015.vocalsound.32)"/>
   </segment>
   <segment nite:id="Bmr015.segment.169" starttime="196.97" endtime="197.2" participant="mn005" timing-provenance="dialogueact">
      <nite:child href="Bmr015.C.words.xml#id(Bmr015.w.963)..id(Bmr015.w.964)"/>
   </segment>
   <segment nite:id="Bmr015.segment.171" starttime="198.312" endtime="198.622" participant="mn005" timing-provenance="dialogueact">
      <nite:child href="Bmr015.C.words.xml#id(Bmr015.w.977)..id(Bmr015.w.978)"/>
   </segment>
   <segment nite:id="Bmr015.segment.176" starttime="204.394" endtime="204.634" participant="mn005" timing-provenance="dialogueact">
      <nite:child href="Bmr015.C.words.xml#id(Bmr015.w.995)..id(Bmr015.w.996)"/>
   </segment>
   <segment nite:id="Bmr015.segment.189" starttime="215.942" endtime="216.21" participant="mn005" timing-provenance="segment">
      <nite:child href="Bmr015.C.words.xml#id(Bmr015.w.1,044)..id(Bmr015.w.1,045)"/>
   </segment>
   <segment nite:id="Bmr015.segment.198" starttime="215.982" endtime="216.172" participant="mn005" timing-provenance="dialogueact">
      <nite:child href="Bmr015.C.words.xml#id(Bmr015.w.1,092)..id(Bmr015.w.1,095)"/>
   </segment>
   <segment nite:id="Bmr015.segment.214" starttime="249.008" endtime="249.342" participant="mn005" timing-provenance="segment">
      <nite:child href="Bmr015.C.words.xml#id(Bmr015.w.1,209)..id(Bmr015.w.1,212)"/>
   </segment>
   <segment nite:id="Bmr015.segment.230" starttime="283.531" endtime="283.781" participant="mn005" timing-provenance="dialogueact">
      <nite:child href="Bmr015.C.words.xml#id(Bmr015.w.1,327)..id(Bmr015.w.1,328)"/>
   </segment>
   <segment nite:id="Bmr015.segment.244" starttime="306.068" endtime="307.171" participant="mn005" timing-provenance="segment">
      <nite:child href="Bmr015.C.words.xml#id(Bmr015.vocalsound.39)"/>
   </segment>
   <segment nite:id="Bmr015.segment.252" starttime="315.736" endtime="316.036" participant="mn005" timing-provenance="dialogueact">
      <nite:child href="Bmr015.C.words.xml#id(Bmr015.w.1,480)..id(Bmr015.w.1,481)"/>
   </segment>
   <segment nite:id="Bmr015.segment.255" starttime="318.863" endtime="319.103" participant="mn005" timing-provenance="dialogueact">
      <nite:child href="Bmr015.C.words.xml#id(Bmr015.w.1,484)..id(Bmr015.w.1,485)"/>
   </segment>
   <segment nite:id="Bmr015.segment.281" starttime="345.819" endtime="345.969" participant="mn005" timing-provenance="dialogueact">
      <nite:child href="Bmr015.C.words.xml#id(Bmr015.w.1,637)..id(Bmr015.w.1,638)"/>
   </segment>
   <segment nite:id="Bmr015.segment.296" starttime="361.814" endtime="362.024" participant="mn005" timing-provenance="dialogueact">
      <nite:child href="Bmr015.C.words.xml#id(Bmr015.w.1,714)..id(Bmr015.w.1,715)"/>
   </segment>
   <segment nite:id="Bmr015.segment.299" starttime="370.076" endtime="370.962" participant="mn005" timing-provenance="segment">
      <nite:child href="Bmr015.C.words.xml#id(Bmr015.vocalsound.42)"/>
   </segment>
   <segment nite:id="Bmr015.segment.355" starttime="448.007" endtime="448.621" participant="mn005" timing-provenance="segment">
      <nite:child href="Bmr015.C.words.xml#id(Bmr015.vocalsound.46)"/>
   </segment>
   <segment nite:id="Bmr015.segment.400" starttime="517.998" endtime="518.383" participant="mn005" timing-provenance="segment">
      <nite:child href="Bmr015.C.words.xml#id(Bmr015.vocalsound.58)"/>
   </segment>
   <segment nite:id="Bmr015.segment.403" starttime="519.278" endtime="519.708" participant="mn005" timing-provenance="dialogueact">
      <nite:child href="Bmr015.C.words.xml#id(Bmr015.w.2,360)..id(Bmr015.w.2,361)"/>
   </segment>
   <segment nite:id="Bmr015.segment.407" starttime="521.508" endtime="523.697" participant="mn005" timing-provenance="segment">
      <nite:child href="Bmr015.C.words.xml#id(Bmr015.vocalsound.61)"/>
   </segment>
   <segment nite:id="Bmr015.segment.419" starttime="529.301" endtime="530.342" participant="mn005" timing-provenance="segment">
      <nite:child href="Bmr015.C.words.xml#id(Bmr015.vocalsound.68)"/>
   </segment>
   <segment nite:id="Bmr015.segment.428" starttime="542.243" endtime="542.544" participant="mn005" timing-provenance="segment">
      <nite:child href="Bmr015.C.words.xml#id(Bmr015.vocalsound.72)"/>
   </segment>
   <segment nite:id="Bmr015.segment.433" starttime="546.104" endtime="546.906" participant="mn005" timing-provenance="segment">
      <nite:child href="Bmr015.C.words.xml#id(Bmr015.vocalsound.73)..id(Bmr015.w.2,500)"/>
   </segment>
   <segment nite:id="Bmr015.segment.436" starttime="548.743" endtime="548.953" participant="mn005" timing-provenance="dialogueact">
      <nite:child href="Bmr015.C.words.xml#id(Bmr015.w.2,503)..id(Bmr015.w.2,504)"/>
   </segment>
   <segment nite:id="Bmr015.segment.476" starttime="582.243" endtime="582.563" participant="mn005" timing-provenance="dialogueact">
      <nite:child href="Bmr015.C.words.xml#id(Bmr015.w.2,688)..id(Bmr015.w.2,691)"/>
   </segment>
   <segment nite:id="Bmr015.segment.477" starttime="584.459" endtime="584.859" participant="mn005" timing-provenance="dialogueact">
      <nite:child href="Bmr015.C.words.xml#id(Bmr015.w.2,692)..id(Bmr015.w.2,693)"/>
   </segment>
   <segment nite:id="Bmr015.segment.482" starttime="590.849" endtime="591.049" participant="mn005" timing-provenance="dialogueact">
      <nite:child href="Bmr015.C.words.xml#id(Bmr015.w.2,713)..id(Bmr015.w.2,714)"/>
   </segment>
   <segment nite:id="Bmr015.segment.532" starttime="666.77" endtime="667.171" participant="mn005" timing-provenance="segment">
      <nite:child href="Bmr015.C.words.xml#id(Bmr015.vocalsound.80)"/>
   </segment>
   <segment nite:id="Bmr015.segment.548" starttime="688.036" endtime="689.157" participant="mn005" timing-provenance="segment">
      <nite:child href="Bmr015.C.words.xml#id(Bmr015.vocalsound.83)"/>
   </segment>
   <segment nite:id="Bmr015.segment.553" starttime="689.789" endtime="691.277" participant="mn005" timing-provenance="segment">
      <nite:child href="Bmr015.C.words.xml#id(Bmr015.vocalsound.87)"/>
   </segment>
   <segment nite:id="Bmr015.segment.556" starttime="692.077" endtime="692.378" participant="mn005" timing-provenance="segment">
      <nite:child href="Bmr015.C.words.xml#id(Bmr015.vocalsound.88)"/>
   </segment>
   <segment nite:id="Bmr015.segment.560" starttime="694.668" endtime="695.47" participant="mn005" timing-provenance="segment">
      <nite:child href="Bmr015.C.words.xml#id(Bmr015.vocalsound.91)"/>
   </segment>
   <segment nite:id="Bmr015.segment.602" starttime="747.025" endtime="748.079" participant="mn005" timing-provenance="segment">
      <nite:child href="Bmr015.C.words.xml#id(Bmr015.vocalsound.95)"/>
   </segment>
   <segment nite:id="Bmr015.segment.603" starttime="748.079" endtime="749.147" participant="mn005" timing-provenance="segment">
      <nite:child href="Bmr015.C.words.xml#id(Bmr015.vocalsound.96)"/>
   </segment>
   <segment nite:id="Bmr015.segment.609" starttime="752.273" endtime="752.959" participant="mn005" timing-provenance="segment">
      <nite:child href="Bmr015.C.words.xml#id(Bmr015.vocalsound.99)"/>
   </segment>
   <segment nite:id="Bmr015.segment.619" starttime="766.038" endtime="766.348" participant="mn005" timing-provenance="dialogueact">
      <nite:child href="Bmr015.C.words.xml#id(Bmr015.w.3,436)..id(Bmr015.w.3,439)"/>
   </segment>
   <segment nite:id="Bmr015.segment.623" starttime="767.881" endtime="768.282" participant="mn005" timing-provenance="segment">
      <nite:child href="Bmr015.C.words.xml#id(Bmr015.vocalsound.103)"/>
   </segment>
   <segment nite:id="Bmr015.segment.651" starttime="799.67" endtime="799.925" participant="mn005" timing-provenance="segment">
      <nite:child href="Bmr015.C.words.xml#id(Bmr015.w.3,604)..id(Bmr015.w.3,605)"/>
   </segment>
   <segment nite:id="Bmr015.segment.654" starttime="804.945" endtime="805.327" participant="mn005" timing-provenance="segment">
      <nite:child href="Bmr015.C.words.xml#id(Bmr015.w.3,615)..id(Bmr015.w.3,618)"/>
   </segment>
   <segment nite:id="Bmr015.segment.677" starttime="845.386" endtime="845.596" participant="mn005" timing-provenance="dialogueact">
      <nite:child href="Bmr015.C.words.xml#id(Bmr015.w.3,785)..id(Bmr015.w.3,786)"/>
   </segment>
   <segment nite:id="Bmr015.segment.705" starttime="886.772" endtime="887.162" participant="mn005" timing-provenance="dialogueact">
      <nite:child href="Bmr015.C.words.xml#id(Bmr015.w.3,999)..id(Bmr015.w.4,002)"/>
   </segment>
   <segment nite:id="Bmr015.segment.748" starttime="981.725" endtime="981.945" participant="mn005" timing-provenance="dialogueact">
      <nite:child href="Bmr015.C.words.xml#id(Bmr015.w.4,398)..id(Bmr015.w.4,399)"/>
   </segment>
   <segment nite:id="Bmr015.segment.752" starttime="987.444" endtime="987.604" participant="mn005" timing-provenance="dialogueact">
      <nite:child href="Bmr015.C.words.xml#id(Bmr015.w.4,426)..id(Bmr015.w.4,427)"/>
   </segment>
   <segment nite:id="Bmr015.segment.754" starttime="988.517" endtime="988.997" participant="mn005" timing-provenance="dialogueact">
      <nite:child href="Bmr015.C.words.xml#id(Bmr015.w.4,432)..id(Bmr015.w.4,435)"/>
   </segment>
   <segment nite:id="Bmr015.segment.765" starttime="1007.1" endtime="1007.3" participant="mn005" timing-provenance="dialogueact">
      <nite:child href="Bmr015.C.words.xml#id(Bmr015.w.4,502)..id(Bmr015.w.4,503)"/>
   </segment>
   <segment nite:id="Bmr015.segment.769" starttime="1010.4" endtime="1010.57" participant="mn005" timing-provenance="dialogueact">
      <nite:child href="Bmr015.C.words.xml#id(Bmr015.w.4,515)..id(Bmr015.w.4,516)"/>
   </segment>
   <segment nite:id="Bmr015.segment.774" starttime="1017.193" endtime="1017.685" participant="mn005" timing-provenance="segment">
      <nite:child href="Bmr015.C.words.xml#id(Bmr015.vocalsound.125)"/>
   </segment>
   <segment nite:id="Bmr015.segment.798" starttime="1081.03" endtime="1081.17" participant="mn005" timing-provenance="dialogueact">
      <nite:child href="Bmr015.C.words.xml#id(Bmr015.w.4,811)..id(Bmr015.w.4,812)"/>
   </segment>
   <segment nite:id="Bmr015.segment.867" starttime="1252.496" endtime="1253.842" participant="mn005" timing-provenance="segment">
      <nite:child href="Bmr015.C.words.xml#id(Bmr015.vocalsound.133)"/>
   </segment>
   <segment nite:id="Bmr015.segment.878" starttime="1262.497" endtime="1263.025" participant="mn005" timing-provenance="segment">
      <nite:child href="Bmr015.C.words.xml#id(Bmr015.w.5,572)..id(Bmr015.comment.38)"/>
   </segment>
   <segment nite:id="Bmr015.segment.882" starttime="1267.03" endtime="1269.75" participant="mn005" timing-provenance="dialogueact">
      <nite:child href="Bmr015.C.words.xml#id(Bmr015.w.5,605)..id(Bmr015.w.5,615)"/>
   </segment>
   <segment nite:id="Bmr015.segment.884" starttime="1269.843" endtime="1270.225" participant="mn005" timing-provenance="segment">
      <nite:child href="Bmr015.C.words.xml#id(Bmr015.vocalsound.141)"/>
   </segment>
   <segment nite:id="Bmr015.segment.885" starttime="1270.26" endtime="1272.45" participant="mn005" timing-provenance="dialogueact">
      <nite:child href="Bmr015.C.words.xml#id(Bmr015.w.5,618)..id(Bmr015.w.5,626)"/>
   </segment>
   <segment nite:id="Bmr015.segment.886" starttime="1272.566" endtime="1273.422" participant="mn005" timing-provenance="segment">
      <nite:child href="Bmr015.C.words.xml#id(Bmr015.w.5,627)..id(Bmr015.comment.39)"/>
   </segment>
   <segment nite:id="Bmr015.segment.887" starttime="1273.98" endtime="1275.59" participant="mn005" timing-provenance="dialogueact">
      <nite:child href="Bmr015.C.words.xml#id(Bmr015.w.5,629)..id(Bmr015.w.5,634)"/>
   </segment>
   <segment nite:id="Bmr015.segment.889" starttime="1275.913" endtime="1276.841" participant="mn005" timing-provenance="segment">
      <nite:child href="Bmr015.C.words.xml#id(Bmr015.w.5,639)..id(Bmr015.disfmarker.244)"/>
   </segment>
   <segment nite:id="Bmr015.segment.890" starttime="1276.95" endtime="1278.436" participant="mn005" timing-provenance="segment">
      <nite:child href="Bmr015.C.words.xml#id(Bmr015.w.5,640)..id(Bmr015.disfmarker.245)"/>
   </segment>
   <segment nite:id="Bmr015.segment.891" starttime="1279.255" endtime="1281.433" participant="mn005" timing-provenance="segment">
      <nite:child href="Bmr015.C.words.xml#id(Bmr015.w.5,645)..id(Bmr015.disfmarker.246)"/>
   </segment>
   <segment nite:id="Bmr015.segment.892" starttime="1281.633" endtime="1282.252" participant="mn005" timing-provenance="segment">
      <nite:child href="Bmr015.C.words.xml#id(Bmr015.w.5,651)..id(Bmr015.disfmarker.247)"/>
   </segment>
   <segment nite:id="Bmr015.segment.893" starttime="1282.95" endtime="1283.47" participant="mn005" timing-provenance="dialogueact">
      <nite:child href="Bmr015.C.words.xml#id(Bmr015.w.5,652)..id(Bmr015.w.5,654)"/>
   </segment>
   <segment nite:id="Bmr015.segment.894" starttime="1283.7" endtime="1285.15" participant="mn005" timing-provenance="dialogueact">
      <nite:child href="Bmr015.C.words.xml#id(Bmr015.w.5,655)..id(Bmr015.w.5,659)"/>
   </segment>
   <segment nite:id="Bmr015.segment.895" starttime="1285.63" endtime="1286.33" participant="mn005" timing-provenance="dialogueact">
      <nite:child href="Bmr015.C.words.xml#id(Bmr015.w.5,660)..id(Bmr015.w.5,662)"/>
   </segment>
   <segment nite:id="Bmr015.segment.896" starttime="1286.67" endtime="1287.34" participant="mn005" timing-provenance="dialogueact">
      <nite:child href="Bmr015.C.words.xml#id(Bmr015.w.5,663)..id(Bmr015.w.5,666)"/>
   </segment>
   <segment nite:id="Bmr015.segment.898" starttime="1287.64" endtime="1288.64" participant="mn005" timing-provenance="dialogueact">
      <nite:child href="Bmr015.C.words.xml#id(Bmr015.w.5,669)..id(Bmr015.w.5,672)"/>
   </segment>
   <segment nite:id="Bmr015.segment.899" starttime="1288.69" endtime="1289.054" participant="mn005" timing-provenance="segment">
      <nite:child href="Bmr015.C.words.xml#id(Bmr015.vocalsound.142)"/>
   </segment>
   <segment nite:id="Bmr015.segment.900" starttime="1289.09" endtime="1290.47" participant="mn005" timing-provenance="dialogueact">
      <nite:child href="Bmr015.C.words.xml#id(Bmr015.w.5,673)..id(Bmr015.w.5,680)"/>
   </segment>
   <segment nite:id="Bmr015.segment.901" starttime="1290.73" endtime="1291.61" participant="mn005" timing-provenance="dialogueact">
      <nite:child href="Bmr015.C.words.xml#id(Bmr015.w.5,681)..id(Bmr015.w.5,685)"/>
   </segment>
   <segment nite:id="Bmr015.segment.902" starttime="1292.12" endtime="1292.76" participant="mn005" timing-provenance="dialogueact">
      <nite:child href="Bmr015.C.words.xml#id(Bmr015.w.5,686)..id(Bmr015.w.5,687)"/>
   </segment>
   <segment nite:id="Bmr015.segment.903" starttime="1293.039" endtime="1295.303" participant="mn005" timing-provenance="segment">
      <nite:child href="Bmr015.C.words.xml#id(Bmr015.w.5,688)..id(Bmr015.comment.40)"/>
   </segment>
   <segment nite:id="Bmr015.segment.904" starttime="1295.303" endtime="1296.006" participant="mn005" timing-provenance="segment">
      <nite:child href="Bmr015.C.words.xml#id(Bmr015.vocalsound.143)"/>
   </segment>
   <segment nite:id="Bmr015.segment.906" starttime="1296.05" endtime="1296.68" participant="mn005" timing-provenance="dialogueact">
      <nite:child href="Bmr015.C.words.xml#id(Bmr015.w.5,695)..id(Bmr015.w.5,696)"/>
   </segment>
   <segment nite:id="Bmr015.segment.907" starttime="1296.8" endtime="1298.96" participant="mn005" timing-provenance="dialogueact">
      <nite:child href="Bmr015.C.words.xml#id(Bmr015.w.5,697)..id(Bmr015.w.5,703)"/>
   </segment>
   <segment nite:id="Bmr015.segment.908" starttime="1299.015" endtime="1299.288" participant="mn005" timing-provenance="segment">
      <nite:child href="Bmr015.C.words.xml#id(Bmr015.vocalsound.144)"/>
   </segment>
   <segment nite:id="Bmr015.segment.909" starttime="1299.288" endtime="1301.16" participant="mn005" timing-provenance="segment">
      <nite:child href="Bmr015.C.words.xml#id(Bmr015.w.5,704)..id(Bmr015.disfmarker.251)"/>
   </segment>
   <segment nite:id="Bmr015.segment.910" starttime="1301.708" endtime="1302.978" participant="mn005" timing-provenance="segment">
      <nite:child href="Bmr015.C.words.xml#id(Bmr015.w.5,712)..id(Bmr015.disfmarker.252)"/>
   </segment>
   <segment nite:id="Bmr015.segment.911" starttime="1303.35" endtime="1303.99" participant="mn005" timing-provenance="dialogueact">
      <nite:child href="Bmr015.C.words.xml#id(Bmr015.w.5,716)..id(Bmr015.w.5,718)"/>
   </segment>
   <segment nite:id="Bmr015.segment.912" starttime="1304.43" endtime="1304.82" participant="mn005" timing-provenance="dialogueact">
      <nite:child href="Bmr015.C.words.xml#id(Bmr015.w.5,719)..id(Bmr015.w.5,720)"/>
   </segment>
   <segment nite:id="Bmr015.segment.913" starttime="1304.914" endtime="1306.733" participant="mn005" timing-provenance="segment">
      <nite:child href="Bmr015.C.words.xml#id(Bmr015.w.5,721)..id(Bmr015.disfmarker.253)"/>
   </segment>
   <segment nite:id="Bmr015.segment.914" starttime="1306.733" endtime="1307.552" participant="mn005" timing-provenance="segment">
      <nite:child href="Bmr015.C.words.xml#id(Bmr015.vocalsound.145)"/>
   </segment>
   <segment nite:id="Bmr015.segment.915" starttime="1307.59" endtime="1308.81" participant="mn005" timing-provenance="dialogueact">
      <nite:child href="Bmr015.C.words.xml#id(Bmr015.w.5,727)..id(Bmr015.w.5,731)"/>
   </segment>
   <segment nite:id="Bmr015.segment.916" starttime="1309.23" endtime="1310.54" participant="mn005" timing-provenance="dialogueact">
      <nite:child href="Bmr015.C.words.xml#id(Bmr015.w.5,732)..id(Bmr015.w.5,736)"/>
   </segment>
   <segment nite:id="Bmr015.segment.917" starttime="1311.007" endtime="1311.624" participant="mn005" timing-provenance="segment">
      <nite:child href="Bmr015.C.words.xml#id(Bmr015.w.5,737)..id(Bmr015.disfmarker.254)"/>
   </segment>
   <segment nite:id="Bmr015.segment.918" starttime="1311.65" endtime="1313.09" participant="mn005" timing-provenance="dialogueact">
      <nite:child href="Bmr015.C.words.xml#id(Bmr015.w.5,738)..id(Bmr015.w.5,740)"/>
   </segment>
   <segment nite:id="Bmr015.segment.919" starttime="1313.262" endtime="1315.098" participant="mn005" timing-provenance="segment">
      <nite:child href="Bmr015.C.words.xml#id(Bmr015.w.5,741)..id(Bmr015.disfmarker.255)"/>
   </segment>
   <segment nite:id="Bmr015.segment.920" starttime="1315.44" endtime="1317.9" participant="mn005" timing-provenance="dialogueact">
      <nite:child href="Bmr015.C.words.xml#id(Bmr015.w.5,745)..id(Bmr015.w.5,754)"/>
   </segment>
   <segment nite:id="Bmr015.segment.921" starttime="1318.36" endtime="1319.4" participant="mn005" timing-provenance="dialogueact">
      <nite:child href="Bmr015.C.words.xml#id(Bmr015.w.5,755)..id(Bmr015.w.5,758)"/>
   </segment>
   <segment nite:id="Bmr015.segment.922" starttime="1319.77" endtime="1320.58" participant="mn005" timing-provenance="dialogueact">
      <nite:child href="Bmr015.C.words.xml#id(Bmr015.w.5,759)..id(Bmr015.w.5,760)"/>
   </segment>
   <segment nite:id="Bmr015.segment.923" starttime="1320.956" endtime="1322.139" participant="mn005" timing-provenance="segment">
      <nite:child href="Bmr015.C.words.xml#id(Bmr015.w.5,761)..id(Bmr015.disfmarker.256)"/>
   </segment>
   <segment nite:id="Bmr015.segment.924" starttime="1322.36" endtime="1324.26" participant="mn005" timing-provenance="dialogueact">
      <nite:child href="Bmr015.C.words.xml#id(Bmr015.w.5,766)..id(Bmr015.w.5,776)"/>
   </segment>
   <segment nite:id="Bmr015.segment.925" starttime="1324.74" endtime="1327.43" participant="mn005" timing-provenance="dialogueact">
      <nite:child href="Bmr015.C.words.xml#id(Bmr015.w.5,777)..id(Bmr015.w.5,783)"/>
   </segment>
   <segment nite:id="Bmr015.segment.926" starttime="1327.89" endtime="1328.92" participant="mn005" timing-provenance="dialogueact">
      <nite:child href="Bmr015.C.words.xml#id(Bmr015.w.5,784)..id(Bmr015.w.5,789)"/>
   </segment>
   <segment nite:id="Bmr015.segment.927" starttime="1329.31" endtime="1329.9" participant="mn005" timing-provenance="dialogueact">
      <nite:child href="Bmr015.C.words.xml#id(Bmr015.w.5,790)..id(Bmr015.w.5,792)"/>
   </segment>
   <segment nite:id="Bmr015.segment.928" starttime="1330.4" endtime="1330.92" participant="mn005" timing-provenance="dialogueact">
      <nite:child href="Bmr015.C.words.xml#id(Bmr015.w.5,793)..id(Bmr015.w.5,794)"/>
   </segment>
   <segment nite:id="Bmr015.segment.929" starttime="1331.04" endtime="1331.58" participant="mn005" timing-provenance="dialogueact">
      <nite:child href="Bmr015.C.words.xml#id(Bmr015.w.5,795)..id(Bmr015.w.5,797)"/>
   </segment>
   <segment nite:id="Bmr015.segment.930" starttime="1332.4" endtime="1332.86" participant="mn005" timing-provenance="dialogueact">
      <nite:child href="Bmr015.C.words.xml#id(Bmr015.w.5,798)..id(Bmr015.w.5,799)"/>
   </segment>
   <segment nite:id="Bmr015.segment.931" starttime="1333.56" endtime="1333.9" participant="mn005" timing-provenance="dialogueact">
      <nite:child href="Bmr015.C.words.xml#id(Bmr015.w.5,800)..id(Bmr015.w.5,801)"/>
   </segment>
   <segment nite:id="Bmr015.segment.932" starttime="1334.36" endtime="1336.27" participant="mn005" timing-provenance="dialogueact">
      <nite:child href="Bmr015.C.words.xml#id(Bmr015.w.5,802)..id(Bmr015.w.5,807)"/>
   </segment>
   <segment nite:id="Bmr015.segment.933" starttime="1336.51" endtime="1337.99" participant="mn005" timing-provenance="dialogueact">
      <nite:child href="Bmr015.C.words.xml#id(Bmr015.w.5,808)..id(Bmr015.w.5,816)"/>
   </segment>
   <segment nite:id="Bmr015.segment.934" starttime="1338.41" endtime="1339.64" participant="mn005" timing-provenance="dialogueact">
      <nite:child href="Bmr015.C.words.xml#id(Bmr015.w.5,817)..id(Bmr015.w.5,822)"/>
   </segment>
   <segment nite:id="Bmr015.segment.935" starttime="1340.28" endtime="1341.3" participant="mn005" timing-provenance="dialogueact">
      <nite:child href="Bmr015.C.words.xml#id(Bmr015.w.5,823)..id(Bmr015.w.5,826)"/>
   </segment>
   <segment nite:id="Bmr015.segment.936" starttime="1341.42" endtime="1342.8" participant="mn005" timing-provenance="dialogueact">
      <nite:child href="Bmr015.C.words.xml#id(Bmr015.w.5,827)..id(Bmr015.w.5,832)"/>
   </segment>
   <segment nite:id="Bmr015.segment.937" starttime="1343.15" endtime="1344.87" participant="mn005" timing-provenance="dialogueact">
      <nite:child href="Bmr015.C.words.xml#id(Bmr015.w.5,833)..id(Bmr015.w.5,841)"/>
   </segment>
   <segment nite:id="Bmr015.segment.938" starttime="1345.134" endtime="1345.462" participant="mn005" timing-provenance="segment">
      <nite:child href="Bmr015.C.words.xml#id(Bmr015.w.5,842)..id(Bmr015.disfmarker.260)"/>
   </segment>
   <segment nite:id="Bmr015.segment.939" starttime="1345.756" endtime="1348.309" participant="mn005" timing-provenance="segment">
      <nite:child href="Bmr015.C.words.xml#id(Bmr015.w.5,843)..id(Bmr015.disfmarker.261)"/>
   </segment>
   <segment nite:id="Bmr015.segment.940" starttime="1348.67" endtime="1349.49" participant="mn005" timing-provenance="dialogueact">
      <nite:child href="Bmr015.C.words.xml#id(Bmr015.w.5,849)..id(Bmr015.w.5,850)"/>
   </segment>
   <segment nite:id="Bmr015.segment.941" starttime="1349.91" endtime="1350.17" participant="mn005" timing-provenance="dialogueact">
      <nite:child href="Bmr015.C.words.xml#id(Bmr015.w.5,851)..id(Bmr015.w.5,852)"/>
   </segment>
   <segment nite:id="Bmr015.segment.943" starttime="1350.52" endtime="1352.26" participant="mn005" timing-provenance="dialogueact">
      <nite:child href="Bmr015.C.words.xml#id(Bmr015.w.5,857)..id(Bmr015.w.5,865)"/>
   </segment>
   <segment nite:id="Bmr015.segment.944" starttime="1352.308" endtime="1352.647" participant="mn005" timing-provenance="segment">
      <nite:child href="Bmr015.C.words.xml#id(Bmr015.vocalsound.146)"/>
   </segment>
   <segment nite:id="Bmr015.segment.945" starttime="1352.647" endtime="1353.414" participant="mn005" timing-provenance="segment">
      <nite:child href="Bmr015.C.words.xml#id(Bmr015.w.5,866)..id(Bmr015.disfmarker.265)"/>
   </segment>
   <segment nite:id="Bmr015.segment.946" starttime="1353.69" endtime="1355.83" participant="mn005" timing-provenance="dialogueact">
      <nite:child href="Bmr015.C.words.xml#id(Bmr015.w.5,869)..id(Bmr015.w.5,877)"/>
   </segment>
   <segment nite:id="Bmr015.segment.947" starttime="1356.22" endtime="1359.19" participant="mn005" timing-provenance="dialogueact">
      <nite:child href="Bmr015.C.words.xml#id(Bmr015.w.5,878)..id(Bmr015.w.5,884)"/>
   </segment>
   <segment nite:id="Bmr015.segment.948" starttime="1359.69" endtime="1361.67" participant="mn005" timing-provenance="dialogueact">
      <nite:child href="Bmr015.C.words.xml#id(Bmr015.w.5,885)..id(Bmr015.w.5,894)"/>
   </segment>
   <segment nite:id="Bmr015.segment.950" starttime="1362.712" endtime="1364.466" participant="mn005" timing-provenance="segment">
      <nite:child href="Bmr015.C.words.xml#id(Bmr015.w.5,897)..id(Bmr015.disfmarker.270)"/>
   </segment>
   <segment nite:id="Bmr015.segment.951" starttime="1365.409" endtime="1365.884" participant="mn005" timing-provenance="segment">
      <nite:child href="Bmr015.C.words.xml#id(Bmr015.w.5,903)..id(Bmr015.disfmarker.271)"/>
   </segment>
   <segment nite:id="Bmr015.segment.952" starttime="1366.179" endtime="1367.928" participant="mn005" timing-provenance="segment">
      <nite:child href="Bmr015.C.words.xml#id(Bmr015.w.5,904)..id(Bmr015.comment.41)"/>
   </segment>
   <segment nite:id="Bmr015.segment.953" starttime="1367.928" endtime="1368.894" participant="mn005" timing-provenance="segment">
      <nite:child href="Bmr015.C.words.xml#id(Bmr015.vocalsound.147)"/>
   </segment>
   <segment nite:id="Bmr015.segment.957" starttime="1379.54" endtime="1379.81" participant="mn005" timing-provenance="dialogueact">
      <nite:child href="Bmr015.C.words.xml#id(Bmr015.w.5,959)..id(Bmr015.w.5,960)"/>
   </segment>
   <segment nite:id="Bmr015.segment.958" starttime="1379.852" endtime="1380.011" participant="mn005" timing-provenance="segment">
      <nite:child href="Bmr015.C.words.xml#id(Bmr015.vocalsound.148)"/>
   </segment>
   <segment nite:id="Bmr015.segment.959" starttime="1380.05" endtime="1382.46" participant="mn005" timing-provenance="dialogueact">
      <nite:child href="Bmr015.C.words.xml#id(Bmr015.w.5,961)..id(Bmr015.w.5,969)"/>
   </segment>
   <segment nite:id="Bmr015.segment.962" starttime="1383.974" endtime="1384.293" participant="mn005" timing-provenance="segment">
      <nite:child href="Bmr015.C.words.xml#id(Bmr015.w.5,980)..id(Bmr015.disfmarker.279)"/>
   </segment>
   <segment nite:id="Bmr015.segment.963" starttime="1384.439" endtime="1385.05" participant="mn005" timing-provenance="segment">
      <nite:child href="Bmr015.C.words.xml#id(Bmr015.w.5,981)..id(Bmr015.disfmarker.280)"/>
   </segment>
   <segment nite:id="Bmr015.segment.964" starttime="1385.05" endtime="1385.608" participant="mn005" timing-provenance="segment">
      <nite:child href="Bmr015.C.words.xml#id(Bmr015.vocalsound.149)"/>
   </segment>
   <segment nite:id="Bmr015.segment.965" starttime="1385.608" endtime="1386.046" participant="mn005" timing-provenance="segment">
      <nite:child href="Bmr015.C.words.xml#id(Bmr015.w.5,983)..id(Bmr015.disfmarker.281)"/>
   </segment>
   <segment nite:id="Bmr015.segment.966" starttime="1386.046" endtime="1386.325" participant="mn005" timing-provenance="segment">
      <nite:child href="Bmr015.C.words.xml#id(Bmr015.vocalsound.150)"/>
   </segment>
   <segment nite:id="Bmr015.segment.968" starttime="1386.325" endtime="1387.062" participant="mn005" timing-provenance="segment">
      <nite:child href="Bmr015.C.words.xml#id(Bmr015.w.5,984)..id(Bmr015.disfmarker.282)"/>
   </segment>
   <segment nite:id="Bmr015.segment.971" starttime="1387.819" endtime="1391.182" participant="mn005" timing-provenance="segment">
      <nite:child href="Bmr015.C.words.xml#id(Bmr015.w.5,994)..id(Bmr015.disfmarker.284)"/>
   </segment>
   <segment nite:id="Bmr015.segment.975" starttime="1396.403" endtime="1397.48" participant="mn005" timing-provenance="segment">
      <nite:child href="Bmr015.C.words.xml#id(Bmr015.w.6,019)..id(Bmr015.disfmarker.287)"/>
   </segment>
   <segment nite:id="Bmr015.segment.977" starttime="1399.93" endtime="1400.27" participant="mn005" timing-provenance="dialogueact">
      <nite:child href="Bmr015.C.words.xml#id(Bmr015.w.6,036)..id(Bmr015.w.6,037)"/>
   </segment>
   <segment nite:id="Bmr015.segment.979" starttime="1400.51" endtime="1400.85" participant="mn005" timing-provenance="dialogueact">
      <nite:child href="Bmr015.C.words.xml#id(Bmr015.w.6,048)..id(Bmr015.w.6,049)"/>
   </segment>
   <segment nite:id="Bmr015.segment.981" starttime="1402.259" endtime="1405.805" participant="mn005" timing-provenance="segment">
      <nite:child href="Bmr015.C.words.xml#id(Bmr015.w.6,055)..id(Bmr015.disfmarker.293)"/>
   </segment>
   <segment nite:id="Bmr015.segment.983" starttime="1405.805" endtime="1406.104" participant="mn005" timing-provenance="segment">
      <nite:child href="Bmr015.C.words.xml#id(Bmr015.vocalsound.159)"/>
   </segment>
   <segment nite:id="Bmr015.segment.984" starttime="1406.104" endtime="1406.821" participant="mn005" timing-provenance="segment">
      <nite:child href="Bmr015.C.words.xml#id(Bmr015.w.6,069)..id(Bmr015.disfmarker.294)"/>
   </segment>
   <segment nite:id="Bmr015.segment.985" starttime="1407.51" endtime="1409.68" participant="mn005" timing-provenance="dialogueact">
      <nite:child href="Bmr015.C.words.xml#id(Bmr015.w.6,072)..id(Bmr015.w.6,077)"/>
   </segment>
   <segment nite:id="Bmr015.segment.988" starttime="1410.18" endtime="1411.4" participant="mn005" timing-provenance="dialogueact">
      <nite:child href="Bmr015.C.words.xml#id(Bmr015.w.6,080)..id(Bmr015.w.6,083)"/>
   </segment>
   <segment nite:id="Bmr015.segment.989" starttime="1411.902" endtime="1413.271" participant="mn005" timing-provenance="segment">
      <nite:child href="Bmr015.C.words.xml#id(Bmr015.w.6,084)..id(Bmr015.disfmarker.296)"/>
   </segment>
   <segment nite:id="Bmr015.segment.990" starttime="1413.32" endtime="1414.86" participant="mn005" timing-provenance="dialogueact">
      <nite:child href="Bmr015.C.words.xml#id(Bmr015.w.6,085)..id(Bmr015.w.6,091)"/>
   </segment>
   <segment nite:id="Bmr015.segment.991" starttime="1414.924" endtime="1415.183" participant="mn005" timing-provenance="segment">
      <nite:child href="Bmr015.C.words.xml#id(Bmr015.vocalsound.160)"/>
   </segment>
   <segment nite:id="Bmr015.segment.992" starttime="1415.183" endtime="1418.152" participant="mn005" timing-provenance="segment">
      <nite:child href="Bmr015.C.words.xml#id(Bmr015.w.6,092)..id(Bmr015.vocalsound.161)"/>
   </segment>
   <segment nite:id="Bmr015.segment.993" starttime="1418.152" endtime="1419.503" participant="mn005" timing-provenance="segment">
      <nite:child href="Bmr015.C.words.xml#id(Bmr015.w.6,099)..id(Bmr015.disfmarker.300)"/>
   </segment>
   <segment nite:id="Bmr015.segment.994" starttime="1419.53" endtime="1421.08" participant="mn005" timing-provenance="dialogueact">
      <nite:child href="Bmr015.C.words.xml#id(Bmr015.w.6,104)..id(Bmr015.w.6,112)"/>
   </segment>
   <segment nite:id="Bmr015.segment.995" starttime="1421.58" endtime="1423.94" participant="mn005" timing-provenance="dialogueact">
      <nite:child href="Bmr015.C.words.xml#id(Bmr015.w.6,113)..id(Bmr015.w.6,121)"/>
   </segment>
   <segment nite:id="Bmr015.segment.996" starttime="1424.44" endtime="1428.38" participant="mn005" timing-provenance="dialogueact">
      <nite:child href="Bmr015.C.words.xml#id(Bmr015.w.6,122)..id(Bmr015.w.6,134)"/>
   </segment>
   <segment nite:id="Bmr015.segment.997" starttime="1428.88" endtime="1431.28" participant="mn005" timing-provenance="dialogueact">
      <nite:child href="Bmr015.C.words.xml#id(Bmr015.w.6,135)..id(Bmr015.w.6,143)"/>
   </segment>
   <segment nite:id="Bmr015.segment.999" starttime="1431.71" endtime="1434.45" participant="mn005" timing-provenance="dialogueact">
      <nite:child href="Bmr015.C.words.xml#id(Bmr015.w.6,148)..id(Bmr015.w.6,157)"/>
   </segment>
   <segment nite:id="Bmr015.segment.1,000" starttime="1434.857" endtime="1437.885" participant="mn005" timing-provenance="segment">
      <nite:child href="Bmr015.C.words.xml#id(Bmr015.w.6,158)..id(Bmr015.disfmarker.303)"/>
   </segment>
   <segment nite:id="Bmr015.segment.1,001" starttime="1438.16" endtime="1441.17" participant="mn005" timing-provenance="dialogueact">
      <nite:child href="Bmr015.C.words.xml#id(Bmr015.w.6,165)..id(Bmr015.w.6,173)"/>
   </segment>
   <segment nite:id="Bmr015.segment.1,002" starttime="1441.23" endtime="1446.529" participant="mn005" timing-provenance="segment">
      <nite:child href="Bmr015.C.words.xml#id(Bmr015.vocalsound.162)..id(Bmr015.w.6,189)"/>
   </segment>
   <segment nite:id="Bmr015.segment.1,003" starttime="1446.529" endtime="1450.64" participant="mn005" timing-provenance="segment">
      <nite:child href="Bmr015.C.words.xml#id(Bmr015.vocalsound.165)..id(Bmr015.w.6,204)"/>
   </segment>
   <segment nite:id="Bmr015.segment.1,005" starttime="1451.165" endtime="1457.04" participant="mn005" timing-provenance="segment">
      <nite:child href="Bmr015.C.words.xml#id(Bmr015.w.6,209)..id(Bmr015.disfmarker.311)"/>
   </segment>
   <segment nite:id="Bmr015.segment.1,006" starttime="1457.37" endtime="1458.33" participant="mn005" timing-provenance="dialogueact">
      <nite:child href="Bmr015.C.words.xml#id(Bmr015.w.6,228)..id(Bmr015.w.6,231)"/>
   </segment>
   <segment nite:id="Bmr015.segment.1,007" starttime="1458.373" endtime="1460.259" participant="mn005" timing-provenance="segment">
      <nite:child href="Bmr015.C.words.xml#id(Bmr015.vocalsound.168)..id(Bmr015.w.6,239)"/>
   </segment>
   <segment nite:id="Bmr015.segment.1,008" starttime="1460.259" endtime="1460.491" participant="mn005" timing-provenance="segment">
      <nite:child href="Bmr015.C.words.xml#id(Bmr015.vocalsound.169)"/>
   </segment>
   <segment nite:id="Bmr015.segment.1,009" starttime="1460.72" endtime="1463.16" participant="mn005" timing-provenance="dialogueact">
      <nite:child href="Bmr015.C.words.xml#id(Bmr015.w.6,240)..id(Bmr015.w.6,245)"/>
   </segment>
   <segment nite:id="Bmr015.segment.1,010" starttime="1463.206" endtime="1463.453" participant="mn005" timing-provenance="segment">
      <nite:child href="Bmr015.C.words.xml#id(Bmr015.vocalsound.170)"/>
   </segment>
   <segment nite:id="Bmr015.segment.1,011" starttime="1463.5" endtime="1465.11" participant="mn005" timing-provenance="dialogueact">
      <nite:child href="Bmr015.C.words.xml#id(Bmr015.w.6,246)..id(Bmr015.w.6,251)"/>
   </segment>
   <segment nite:id="Bmr015.segment.1,012" starttime="1465.167" endtime="1465.385" participant="mn005" timing-provenance="segment">
      <nite:child href="Bmr015.C.words.xml#id(Bmr015.vocalsound.171)"/>
   </segment>
   <segment nite:id="Bmr015.segment.1,013" starttime="1465.45" endtime="1467.27" participant="mn005" timing-provenance="dialogueact">
      <nite:child href="Bmr015.C.words.xml#id(Bmr015.w.6,252)..id(Bmr015.w.6,258)"/>
   </segment>
   <segment nite:id="Bmr015.segment.1,014" starttime="1467.75" endtime="1468.59" participant="mn005" timing-provenance="dialogueact">
      <nite:child href="Bmr015.C.words.xml#id(Bmr015.w.6,259)..id(Bmr015.w.6,262)"/>
   </segment>
   <segment nite:id="Bmr015.segment.1,015" starttime="1469.61" endtime="1472.42" participant="mn005" timing-provenance="dialogueact">
      <nite:child href="Bmr015.C.words.xml#id(Bmr015.w.6,263)..id(Bmr015.w.6,273)"/>
   </segment>
   <segment nite:id="Bmr015.segment.1,016" starttime="1472.508" endtime="1472.842" participant="mn005" timing-provenance="segment">
      <nite:child href="Bmr015.C.words.xml#id(Bmr015.vocalsound.172)"/>
   </segment>
   <segment nite:id="Bmr015.segment.1,017" starttime="1472.842" endtime="1474.004" participant="mn005" timing-provenance="segment">
      <nite:child href="Bmr015.C.words.xml#id(Bmr015.w.6,274)..id(Bmr015.comment.44)"/>
   </segment>
   <segment nite:id="Bmr015.segment.1,018" starttime="1474.004" endtime="1474.599" participant="mn005" timing-provenance="segment">
      <nite:child href="Bmr015.C.words.xml#id(Bmr015.vocalsound.173)"/>
   </segment>
   <segment nite:id="Bmr015.segment.1,020" starttime="1474.599" endtime="1474.956" participant="mn005" timing-provenance="segment">
      <nite:child href="Bmr015.C.words.xml#id(Bmr015.w.6,295)..id(Bmr015.disfmarker.317)"/>
   </segment>
   <segment nite:id="Bmr015.segment.1,025" starttime="1486.1" endtime="1486.31" participant="mn005" timing-provenance="dialogueact">
      <nite:child href="Bmr015.C.words.xml#id(Bmr015.w.6,334)..id(Bmr015.w.6,335)"/>
   </segment>
   <segment nite:id="Bmr015.segment.1,030" starttime="1494.36" endtime="1494.61" participant="mn005" timing-provenance="dialogueact">
      <nite:child href="Bmr015.C.words.xml#id(Bmr015.w.6,373)..id(Bmr015.w.6,374)"/>
   </segment>
   <segment nite:id="Bmr015.segment.1,046" starttime="1525.754" endtime="1526.131" participant="mn005" timing-provenance="segment">
      <nite:child href="Bmr015.C.words.xml#id(Bmr015.w.6,463)..id(Bmr015.comment.46)"/>
   </segment>
   <segment nite:id="Bmr015.segment.1,048" starttime="1527.09" endtime="1529.31" participant="mn005" timing-provenance="dialogueact">
      <nite:child href="Bmr015.C.words.xml#id(Bmr015.w.6,465)..id(Bmr015.w.6,476)"/>
   </segment>
   <segment nite:id="Bmr015.segment.1,051" starttime="1530.31" endtime="1530.48" participant="mn005" timing-provenance="dialogueact">
      <nite:child href="Bmr015.C.words.xml#id(Bmr015.w.6,487)..id(Bmr015.w.6,488)"/>
   </segment>
   <segment nite:id="Bmr015.segment.1,053" starttime="1536.73" endtime="1537.41" participant="mn005" timing-provenance="dialogueact">
      <nite:child href="Bmr015.C.words.xml#id(Bmr015.w.6,508)..id(Bmr015.w.6,511)"/>
   </segment>
   <segment nite:id="Bmr015.segment.1,055" starttime="1538.72" endtime="1538.97" participant="mn005" timing-provenance="dialogueact">
      <nite:child href="Bmr015.C.words.xml#id(Bmr015.w.6,513)..id(Bmr015.w.6,514)"/>
   </segment>
   <segment nite:id="Bmr015.segment.1,057" starttime="1539.91" endtime="1542.66" participant="mn005" timing-provenance="dialogueact">
      <nite:child href="Bmr015.C.words.xml#id(Bmr015.w.6,517)..id(Bmr015.w.6,529)"/>
   </segment>
   <segment nite:id="Bmr015.segment.1,058" starttime="1543.42" endtime="1545.01" participant="mn005" timing-provenance="dialogueact">
      <nite:child href="Bmr015.C.words.xml#id(Bmr015.w.6,530)..id(Bmr015.w.6,539)"/>
   </segment>
   <segment nite:id="Bmr015.segment.1,060" starttime="1545.71" endtime="1546.24" participant="mn005" timing-provenance="dialogueact">
      <nite:child href="Bmr015.C.words.xml#id(Bmr015.w.6,547)..id(Bmr015.w.6,550)"/>
   </segment>
   <segment nite:id="Bmr015.segment.1,062" starttime="1546.5" endtime="1547.32" participant="mn005" timing-provenance="dialogueact">
      <nite:child href="Bmr015.C.words.xml#id(Bmr015.w.6,558)..id(Bmr015.w.6,564)"/>
   </segment>
   <segment nite:id="Bmr015.segment.1,063" starttime="1547.355" endtime="1547.631" participant="mn005" timing-provenance="segment">
      <nite:child href="Bmr015.C.words.xml#id(Bmr015.vocalsound.178)"/>
   </segment>
   <segment nite:id="Bmr015.segment.1,064" starttime="1547.67" endtime="1548.46" participant="mn005" timing-provenance="dialogueact">
      <nite:child href="Bmr015.C.words.xml#id(Bmr015.w.6,565)..id(Bmr015.w.6,570)"/>
   </segment>
   <segment nite:id="Bmr015.segment.1,075" starttime="1564.36" endtime="1564.53" participant="mn005" timing-provenance="dialogueact">
      <nite:child href="Bmr015.C.words.xml#id(Bmr015.w.6,618)..id(Bmr015.w.6,619)"/>
   </segment>
   <segment nite:id="Bmr015.segment.1,091" starttime="1589.41" endtime="1589.72" participant="mn005" timing-provenance="dialogueact">
      <nite:child href="Bmr015.C.words.xml#id(Bmr015.w.6,703)..id(Bmr015.w.6,704)"/>
   </segment>
   <segment nite:id="Bmr015.segment.1,095" starttime="1591.506" endtime="1594.821" participant="mn005" timing-provenance="segment">
      <nite:child href="Bmr015.C.words.xml#id(Bmr015.vocalsound.184)"/>
   </segment>
   <segment nite:id="Bmr015.segment.1,119" starttime="1628.35" endtime="1628.54" participant="mn005" timing-provenance="dialogueact">
      <nite:child href="Bmr015.C.words.xml#id(Bmr015.w.6,864)..id(Bmr015.w.6,865)"/>
   </segment>
   <segment nite:id="Bmr015.segment.1,145" starttime="1671.09" endtime="1672.75" participant="mn005" timing-provenance="dialogueact">
      <nite:child href="Bmr015.C.words.xml#id(Bmr015.w.7,012)..id(Bmr015.w.7,018)"/>
   </segment>
   <segment nite:id="Bmr015.segment.1,146" starttime="1673.24" endtime="1676.6" participant="mn005" timing-provenance="dialogueact">
      <nite:child href="Bmr015.C.words.xml#id(Bmr015.w.7,019)..id(Bmr015.pause.17)"/>
   </segment>
   <segment nite:id="Bmr015.segment.1,147" starttime="1676.6" endtime="1678.01" participant="mn005" timing-provenance="dialogueact">
      <nite:child href="Bmr015.C.words.xml#id(Bmr015.w.7,028)..id(Bmr015.w.7,033)"/>
   </segment>
   <segment nite:id="Bmr015.segment.1,148" starttime="1678.74" endtime="1679.61" participant="mn005" timing-provenance="dialogueact">
      <nite:child href="Bmr015.C.words.xml#id(Bmr015.w.7,034)..id(Bmr015.w.7,038)"/>
   </segment>
   <segment nite:id="Bmr015.segment.1,149" starttime="1680.0" endtime="1680.56" participant="mn005" timing-provenance="dialogueact">
      <nite:child href="Bmr015.C.words.xml#id(Bmr015.w.7,039)..id(Bmr015.w.7,042)"/>
   </segment>
   <segment nite:id="Bmr015.segment.1,150" starttime="1681.344" endtime="1683.539" participant="mn005" timing-provenance="segment">
      <nite:child href="Bmr015.C.words.xml#id(Bmr015.w.7,043)..id(Bmr015.vocalsound.194)"/>
   </segment>
   <segment nite:id="Bmr015.segment.1,151" starttime="1683.58" endtime="1683.88" participant="mn005" timing-provenance="dialogueact">
      <nite:child href="Bmr015.C.words.xml#id(Bmr015.w.7,048)..id(Bmr015.w.7,049)"/>
   </segment>
   <segment nite:id="Bmr015.segment.1,152" starttime="1683.918" endtime="1684.149" participant="mn005" timing-provenance="segment">
      <nite:child href="Bmr015.C.words.xml#id(Bmr015.vocalsound.195)"/>
   </segment>
   <segment nite:id="Bmr015.segment.1,153" starttime="1684.149" endtime="1685.02" participant="mn005" timing-provenance="segment">
      <nite:child href="Bmr015.C.words.xml#id(Bmr015.w.7,050)..id(Bmr015.disfmarker.376)"/>
   </segment>
   <segment nite:id="Bmr015.segment.1,154" starttime="1685.02" endtime="1685.558" participant="mn005" timing-provenance="segment">
      <nite:child href="Bmr015.C.words.xml#id(Bmr015.vocalsound.196)"/>
   </segment>
   <segment nite:id="Bmr015.segment.1,155" starttime="1685.6" endtime="1686.3" participant="mn005" timing-provenance="dialogueact">
      <nite:child href="Bmr015.C.words.xml#id(Bmr015.w.7,053)..id(Bmr015.w.7,054)"/>
   </segment>
   <segment nite:id="Bmr015.segment.1,156" starttime="1686.38" endtime="1687.98" participant="mn005" timing-provenance="dialogueact">
      <nite:child href="Bmr015.C.words.xml#id(Bmr015.w.7,055)..id(Bmr015.w.7,062)"/>
   </segment>
   <segment nite:id="Bmr015.segment.1,157" starttime="1688.42" endtime="1689.86" participant="mn005" timing-provenance="dialogueact">
      <nite:child href="Bmr015.C.words.xml#id(Bmr015.w.7,063)..id(Bmr015.w.7,068)"/>
   </segment>
   <segment nite:id="Bmr015.segment.1,158" starttime="1690.22" endtime="1690.35" participant="mn005" timing-provenance="dialogueact">
      <nite:child href="Bmr015.C.words.xml#id(Bmr015.w.7,069)..id(Bmr015.w.7,070)"/>
   </segment>
   <segment nite:id="Bmr015.segment.1,159" starttime="1690.87" endtime="1693.76" participant="mn005" timing-provenance="dialogueact">
      <nite:child href="Bmr015.C.words.xml#id(Bmr015.w.7,071)..id(Bmr015.w.7,083)"/>
   </segment>
   <segment nite:id="Bmr015.segment.1,160" starttime="1693.806" endtime="1694.053" participant="mn005" timing-provenance="segment">
      <nite:child href="Bmr015.C.words.xml#id(Bmr015.vocalsound.198)"/>
   </segment>
   <segment nite:id="Bmr015.segment.1,161" starttime="1694.09" endtime="1695.17" participant="mn005" timing-provenance="dialogueact">
      <nite:child href="Bmr015.C.words.xml#id(Bmr015.w.7,084)..id(Bmr015.w.7,090)"/>
   </segment>
   <segment nite:id="Bmr015.segment.1,162" starttime="1695.81" endtime="1697.98" participant="mn005" timing-provenance="dialogueact">
      <nite:child href="Bmr015.C.words.xml#id(Bmr015.w.7,091)..id(Bmr015.w.7,101)"/>
   </segment>
   <segment nite:id="Bmr015.segment.1,163" starttime="1698.48" endtime="1698.87" participant="mn005" timing-provenance="dialogueact">
      <nite:child href="Bmr015.C.words.xml#id(Bmr015.w.7,102)..id(Bmr015.w.7,103)"/>
   </segment>
   <segment nite:id="Bmr015.segment.1,165" starttime="1698.908" endtime="1699.207" participant="mn005" timing-provenance="segment">
      <nite:child href="Bmr015.C.words.xml#id(Bmr015.vocalsound.199)"/>
   </segment>
   <segment nite:id="Bmr015.segment.1,166" starttime="1699.25" endtime="1701.28" participant="mn005" timing-provenance="dialogueact">
      <nite:child href="Bmr015.C.words.xml#id(Bmr015.w.7,106)..id(Bmr015.w.7,115)"/>
   </segment>
   <segment nite:id="Bmr015.segment.1,167" starttime="1701.358" endtime="1702.454" participant="mn005" timing-provenance="segment">
      <nite:child href="Bmr015.C.words.xml#id(Bmr015.w.7,116)..id(Bmr015.disfmarker.381)"/>
   </segment>
   <segment nite:id="Bmr015.segment.1,168" starttime="1702.733" endtime="1703.072" participant="mn005" timing-provenance="segment">
      <nite:child href="Bmr015.C.words.xml#id(Bmr015.w.7,120)..id(Bmr015.disfmarker.382)"/>
   </segment>
   <segment nite:id="Bmr015.segment.1,169" starttime="1703.65" endtime="1704.45" participant="mn005" timing-provenance="dialogueact">
      <nite:child href="Bmr015.C.words.xml#id(Bmr015.w.7,121)..id(Bmr015.w.7,122)"/>
   </segment>
   <segment nite:id="Bmr015.segment.1,170" starttime="1704.566" endtime="1706.997" participant="mn005" timing-provenance="segment">
      <nite:child href="Bmr015.C.words.xml#id(Bmr015.w.7,123)..id(Bmr015.comment.50)"/>
   </segment>
   <segment nite:id="Bmr015.segment.1,173" starttime="1709.348" endtime="1710.783" participant="mn005" timing-provenance="segment">
      <nite:child href="Bmr015.C.words.xml#id(Bmr015.vocalsound.201)"/>
   </segment>
   <segment nite:id="Bmr015.segment.1,184" starttime="1723.15" endtime="1723.44" participant="mn005" timing-provenance="dialogueact">
      <nite:child href="Bmr015.C.words.xml#id(Bmr015.w.7,215)..id(Bmr015.w.7,216)"/>
   </segment>
   <segment nite:id="Bmr015.segment.1,186" starttime="1725.25" endtime="1725.51" participant="mn005" timing-provenance="dialogueact">
      <nite:child href="Bmr015.C.words.xml#id(Bmr015.w.7,217)..id(Bmr015.w.7,218)"/>
   </segment>
   <segment nite:id="Bmr015.segment.1,193" starttime="1740.44" endtime="1740.65" participant="mn005" timing-provenance="dialogueact">
      <nite:child href="Bmr015.C.words.xml#id(Bmr015.w.7,276)..id(Bmr015.w.7,277)"/>
   </segment>
   <segment nite:id="Bmr015.segment.1,199" starttime="1750.23" endtime="1750.75" participant="mn005" timing-provenance="dialogueact">
      <nite:child href="Bmr015.C.words.xml#id(Bmr015.w.7,305)..id(Bmr015.w.7,307)"/>
   </segment>
   <segment nite:id="Bmr015.segment.1,202" starttime="1754.82" endtime="1754.99" participant="mn005" timing-provenance="dialogueact">
      <nite:child href="Bmr015.C.words.xml#id(Bmr015.w.7,322)..id(Bmr015.w.7,323)"/>
   </segment>
   <segment nite:id="Bmr015.segment.1,204" starttime="1756.04" endtime="1758.74" participant="mn005" timing-provenance="dialogueact">
      <nite:child href="Bmr015.C.words.xml#id(Bmr015.w.7,324)..id(Bmr015.w.7,334)"/>
   </segment>
   <segment nite:id="Bmr015.segment.1,205" starttime="1759.232" endtime="1761.64" participant="mn005" timing-provenance="segment">
      <nite:child href="Bmr015.C.words.xml#id(Bmr015.w.7,335)..id(Bmr015.disfmarker.404)"/>
   </segment>
   <segment nite:id="Bmr015.segment.1,206" starttime="1761.64" endtime="1761.919" participant="mn005" timing-provenance="segment">
      <nite:child href="Bmr015.C.words.xml#id(Bmr015.vocalsound.203)"/>
   </segment>
   <segment nite:id="Bmr015.segment.1,207" starttime="1761.919" endtime="1763.792" participant="mn005" timing-provenance="segment">
      <nite:child href="Bmr015.C.words.xml#id(Bmr015.w.7,343)..id(Bmr015.disfmarker.405)"/>
   </segment>
   <segment nite:id="Bmr015.segment.1,208" starttime="1764.15" endtime="1766.0" participant="mn005" timing-provenance="dialogueact">
      <nite:child href="Bmr015.C.words.xml#id(Bmr015.w.7,350)..id(Bmr015.w.7,358)"/>
   </segment>
   <segment nite:id="Bmr015.segment.1,210" starttime="1766.48" endtime="1767.16" participant="mn005" timing-provenance="dialogueact">
      <nite:child href="Bmr015.C.words.xml#id(Bmr015.w.7,359)..id(Bmr015.w.7,361)"/>
   </segment>
   <segment nite:id="Bmr015.segment.1,211" starttime="1767.58" endtime="1767.83" participant="mn005" timing-provenance="dialogueact">
      <nite:child href="Bmr015.C.words.xml#id(Bmr015.w.7,362)"/>
   </segment>
   <segment nite:id="Bmr015.segment.1,212" starttime="1768.39" endtime="1771.87" participant="mn005" timing-provenance="dialogueact">
      <nite:child href="Bmr015.C.words.xml#id(Bmr015.w.7,363)..id(Bmr015.w.7,375)"/>
   </segment>
   <segment nite:id="Bmr015.segment.1,213" starttime="1772.51" endtime="1772.75" participant="mn005" timing-provenance="dialogueact">
      <nite:child href="Bmr015.C.words.xml#id(Bmr015.w.7,376)..id(Bmr015.w.7,377)"/>
   </segment>
   <segment nite:id="Bmr015.segment.1,224" starttime="1789.57" endtime="1790.1" participant="mn005" timing-provenance="dialogueact">
      <nite:child href="Bmr015.C.words.xml#id(Bmr015.w.7,434)..id(Bmr015.w.7,439)"/>
   </segment>
   <segment nite:id="Bmr015.segment.1,225" starttime="1790.51" endtime="1791.85" participant="mn005" timing-provenance="dialogueact">
      <nite:child href="Bmr015.C.words.xml#id(Bmr015.w.7,440)..id(Bmr015.w.7,446)"/>
   </segment>
   <segment nite:id="Bmr015.segment.1,228" starttime="1792.11" endtime="1796.22" participant="mn005" timing-provenance="dialogueact">
      <nite:child href="Bmr015.C.words.xml#id(Bmr015.w.7,450)..id(Bmr015.w.7,466)"/>
   </segment>
   <segment nite:id="Bmr015.segment.1,229" starttime="1796.91" endtime="1798.695" participant="mn005" timing-provenance="segment">
      <nite:child href="Bmr015.C.words.xml#id(Bmr015.w.7,467)..id(Bmr015.disfmarker.422)"/>
   </segment>
   <segment nite:id="Bmr015.segment.1,231" starttime="1801.62" endtime="1805.66" participant="mn005" timing-provenance="dialogueact">
      <nite:child href="Bmr015.C.words.xml#id(Bmr015.w.7,480)..id(Bmr015.w.7,495)"/>
   </segment>
   <segment nite:id="Bmr015.segment.1,233" starttime="1805.9" endtime="1808.32" participant="mn005" timing-provenance="dialogueact">
      <nite:child href="Bmr015.C.words.xml#id(Bmr015.w.7,496)..id(Bmr015.w.7,509)"/>
   </segment>
   <segment nite:id="Bmr015.segment.1,234" starttime="1808.45" endtime="1809.64" participant="mn005" timing-provenance="dialogueact">
      <nite:child href="Bmr015.C.words.xml#id(Bmr015.w.7,510)..id(Bmr015.w.7,511)"/>
   </segment>
   <segment nite:id="Bmr015.segment.1,235" starttime="1809.97" endtime="1812.82" participant="mn005" timing-provenance="dialogueact">
      <nite:child href="Bmr015.C.words.xml#id(Bmr015.w.7,512)..id(Bmr015.w.7,520)"/>
   </segment>
   <segment nite:id="Bmr015.segment.1,236" starttime="1813.19" endtime="1814.95" participant="mn005" timing-provenance="dialogueact">
      <nite:child href="Bmr015.C.words.xml#id(Bmr015.w.7,521)..id(Bmr015.w.7,526)"/>
   </segment>
   <segment nite:id="Bmr015.segment.1,237" starttime="1815.43" endtime="1817.61" participant="mn005" timing-provenance="dialogueact">
      <nite:child href="Bmr015.C.words.xml#id(Bmr015.w.7,527)..id(Bmr015.w.7,535)"/>
   </segment>
   <segment nite:id="Bmr015.segment.1,240" starttime="1817.662" endtime="1817.941" participant="mn005" timing-provenance="segment">
      <nite:child href="Bmr015.C.words.xml#id(Bmr015.vocalsound.204)"/>
   </segment>
   <segment nite:id="Bmr015.segment.1,242" starttime="1817.98" endtime="1818.48" participant="mn005" timing-provenance="dialogueact">
      <nite:child href="Bmr015.C.words.xml#id(Bmr015.w.7,540)..id(Bmr015.w.7,541)"/>
   </segment>
   <segment nite:id="Bmr015.segment.1,243" starttime="1818.519" endtime="1818.798" participant="mn005" timing-provenance="segment">
      <nite:child href="Bmr015.C.words.xml#id(Bmr015.vocalsound.205)"/>
   </segment>
   <segment nite:id="Bmr015.segment.1,244" starttime="1818.9" endtime="1820.8" participant="mn005" timing-provenance="dialogueact">
      <nite:child href="Bmr015.C.words.xml#id(Bmr015.w.7,542)..id(Bmr015.w.7,547)"/>
   </segment>
   <segment nite:id="Bmr015.segment.1,246" starttime="1820.92" endtime="1822.71" participant="mn005" timing-provenance="dialogueact">
      <nite:child href="Bmr015.C.words.xml#id(Bmr015.w.7,548)..id(Bmr015.w.7,554)"/>
   </segment>
   <segment nite:id="Bmr015.segment.1,247" starttime="1823.241" endtime="1824.516" participant="mn005" timing-provenance="segment">
      <nite:child href="Bmr015.C.words.xml#id(Bmr015.w.7,555)..id(Bmr015.disfmarker.432)"/>
   </segment>
   <segment nite:id="Bmr015.segment.1,248" starttime="1824.516" endtime="1824.735" participant="mn005" timing-provenance="segment">
      <nite:child href="Bmr015.C.words.xml#id(Bmr015.vocalsound.206)"/>
   </segment>
   <segment nite:id="Bmr015.segment.1,249" starttime="1824.735" endtime="1826.21" participant="mn005" timing-provenance="segment">
      <nite:child href="Bmr015.C.words.xml#id(Bmr015.w.7,558)..id(Bmr015.disfmarker.433)"/>
   </segment>
   <segment nite:id="Bmr015.segment.1,250" starttime="1826.65" endtime="1829.19" participant="mn005" timing-provenance="dialogueact">
      <nite:child href="Bmr015.C.words.xml#id(Bmr015.w.7,562)..id(Bmr015.w.7,568)"/>
   </segment>
   <segment nite:id="Bmr015.segment.1,251" starttime="1829.43" endtime="1829.89" participant="mn005" timing-provenance="dialogueact">
      <nite:child href="Bmr015.C.words.xml#id(Bmr015.w.7,569)..id(Bmr015.w.7,572)"/>
   </segment>
   <segment nite:id="Bmr015.segment.1,252" starttime="1829.99" endtime="1830.488" participant="mn005" timing-provenance="segment">
      <nite:child href="Bmr015.C.words.xml#id(Bmr015.vocalsound.207)"/>
   </segment>
   <segment nite:id="Bmr015.segment.1,253" starttime="1830.53" endtime="1831.14" participant="mn005" timing-provenance="dialogueact">
      <nite:child href="Bmr015.C.words.xml#id(Bmr015.w.7,573)..id(Bmr015.w.7,578)"/>
   </segment>
   <segment nite:id="Bmr015.segment.1,254" starttime="1831.63" endtime="1833.55" participant="mn005" timing-provenance="dialogueact">
      <nite:child href="Bmr015.C.words.xml#id(Bmr015.w.7,579)..id(Bmr015.w.7,587)"/>
   </segment>
   <segment nite:id="Bmr015.segment.1,256" starttime="1833.588" endtime="1833.929" participant="mn005" timing-provenance="segment">
      <nite:child href="Bmr015.C.words.xml#id(Bmr015.vocalsound.208)"/>
   </segment>
   <segment nite:id="Bmr015.segment.1,257" starttime="1833.98" endtime="1838.08" participant="mn005" timing-provenance="dialogueact">
      <nite:child href="Bmr015.C.words.xml#id(Bmr015.w.7,590)..id(Bmr015.w.7,605)"/>
   </segment>
   <segment nite:id="Bmr015.segment.1,258" starttime="1838.124" endtime="1838.502" participant="mn005" timing-provenance="segment">
      <nite:child href="Bmr015.C.words.xml#id(Bmr015.vocalsound.209)"/>
   </segment>
   <segment nite:id="Bmr015.segment.1,259" starttime="1838.65" endtime="1839.62" participant="mn005" timing-provenance="dialogueact">
      <nite:child href="Bmr015.C.words.xml#id(Bmr015.w.7,606)..id(Bmr015.w.7,610)"/>
   </segment>
   <segment nite:id="Bmr015.segment.1,260" starttime="1840.172" endtime="1840.869" participant="mn005" timing-provenance="segment">
      <nite:child href="Bmr015.C.words.xml#id(Bmr015.w.7,611)..id(Bmr015.disfmarker.442)"/>
   </segment>
   <segment nite:id="Bmr015.segment.1,262" starttime="1841.15" endtime="1842.71" participant="mn005" timing-provenance="dialogueact">
      <nite:child href="Bmr015.C.words.xml#id(Bmr015.w.7,614)..id(Bmr015.w.7,619)"/>
   </segment>
   <segment nite:id="Bmr015.segment.1,263" starttime="1842.87" endtime="1847.18" participant="mn005" timing-provenance="dialogueact">
      <nite:child href="Bmr015.C.words.xml#id(Bmr015.w.7,620)..id(Bmr015.w.7,632)"/>
   </segment>
   <segment nite:id="Bmr015.segment.1,265" starttime="1847.64" endtime="1849.18" participant="mn005" timing-provenance="dialogueact">
      <nite:child href="Bmr015.C.words.xml#id(Bmr015.w.7,635)..id(Bmr015.pause.21)"/>
   </segment>
   <segment nite:id="Bmr015.segment.1,267" starttime="1849.18" endtime="1849.52" participant="mn005" timing-provenance="dialogueact">
      <nite:child href="Bmr015.C.words.xml#id(Bmr015.w.7,640)..id(Bmr015.w.7,641)"/>
   </segment>
   <segment nite:id="Bmr015.segment.1,268" starttime="1849.607" endtime="1849.906" participant="mn005" timing-provenance="segment">
      <nite:child href="Bmr015.C.words.xml#id(Bmr015.vocalsound.211)"/>
   </segment>
   <segment nite:id="Bmr015.segment.1,269" starttime="1849.95" endtime="1852.63" participant="mn005" timing-provenance="dialogueact">
      <nite:child href="Bmr015.C.words.xml#id(Bmr015.w.7,642)..id(Bmr015.w.7,648)"/>
   </segment>
   <segment nite:id="Bmr015.segment.1,271" starttime="1852.63" endtime="1857.89" participant="mn005" timing-provenance="dialogueact">
      <nite:child href="Bmr015.C.words.xml#id(Bmr015.w.7,649)..id(Bmr015.w.7,670)"/>
   </segment>
   <segment nite:id="Bmr015.segment.1,272" starttime="1857.993" endtime="1858.416" participant="mn005" timing-provenance="segment">
      <nite:child href="Bmr015.C.words.xml#id(Bmr015.vocalsound.212)"/>
   </segment>
   <segment nite:id="Bmr015.segment.1,273" starttime="1858.47" endtime="1861.54" participant="mn005" timing-provenance="dialogueact">
      <nite:child href="Bmr015.C.words.xml#id(Bmr015.w.7,671)..id(Bmr015.w.7,682)"/>
   </segment>
   <segment nite:id="Bmr015.segment.1,274" starttime="1862.1" endtime="1862.7" participant="mn005" timing-provenance="dialogueact">
      <nite:child href="Bmr015.C.words.xml#id(Bmr015.w.7,683)..id(Bmr015.w.7,685)"/>
   </segment>
   <segment nite:id="Bmr015.segment.1,275" starttime="1862.99" endtime="1863.79" participant="mn005" timing-provenance="dialogueact">
      <nite:child href="Bmr015.C.words.xml#id(Bmr015.w.7,686)..id(Bmr015.w.7,689)"/>
   </segment>
   <segment nite:id="Bmr015.segment.1,276" starttime="1864.14" endtime="1864.48" participant="mn005" timing-provenance="dialogueact">
      <nite:child href="Bmr015.C.words.xml#id(Bmr015.w.7,690)..id(Bmr015.w.7,691)"/>
   </segment>
   <segment nite:id="Bmr015.segment.1,283" starttime="1879.58" endtime="1879.82" participant="mn005" timing-provenance="dialogueact">
      <nite:child href="Bmr015.C.words.xml#id(Bmr015.w.7,739)..id(Bmr015.w.7,740)"/>
   </segment>
   <segment nite:id="Bmr015.segment.1,284" starttime="1880.13" endtime="1881.3" participant="mn005" timing-provenance="dialogueact">
      <nite:child href="Bmr015.C.words.xml#id(Bmr015.w.7,741)..id(Bmr015.w.7,746)"/>
   </segment>
   <segment nite:id="Bmr015.segment.1,285" starttime="1881.365" endtime="1883.446" participant="mn005" timing-provenance="segment">
      <nite:child href="Bmr015.C.words.xml#id(Bmr015.w.7,747)..id(Bmr015.vocalsound.214)"/>
   </segment>
   <segment nite:id="Bmr015.segment.1,287" starttime="1883.49" endtime="1888.51" participant="mn005" timing-provenance="dialogueact">
      <nite:child href="Bmr015.C.words.xml#id(Bmr015.w.7,755)..id(Bmr015.w.7,766)"/>
   </segment>
   <segment nite:id="Bmr015.segment.1,289" starttime="1888.601" endtime="1891.41" participant="mn005" timing-provenance="segment">
      <nite:child href="Bmr015.C.words.xml#id(Bmr015.w.7,772)..id(Bmr015.vocalsound.219)"/>
   </segment>
   <segment nite:id="Bmr015.segment.1,291" starttime="1891.49" endtime="1896.0" participant="mn005" timing-provenance="dialogueact">
      <nite:child href="Bmr015.C.words.xml#id(Bmr015.w.7,777)..id(Bmr015.w.7,782)"/>
   </segment>
   <segment nite:id="Bmr015.segment.1,293" starttime="1897.86" endtime="1898.78" participant="mn005" timing-provenance="dialogueact">
      <nite:child href="Bmr015.C.words.xml#id(Bmr015.w.7,785)..id(Bmr015.w.7,787)"/>
   </segment>
   <segment nite:id="Bmr015.segment.1,294" starttime="1900.8" endtime="1901.63" participant="mn005" timing-provenance="dialogueact">
      <nite:child href="Bmr015.C.words.xml#id(Bmr015.w.7,788)..id(Bmr015.w.7,791)"/>
   </segment>
   <segment nite:id="Bmr015.segment.1,296" starttime="1902.2" endtime="1902.96" participant="mn005" timing-provenance="dialogueact">
      <nite:child href="Bmr015.C.words.xml#id(Bmr015.w.7,794)..id(Bmr015.w.7,796)"/>
   </segment>
   <segment nite:id="Bmr015.segment.1,297" starttime="1902.96" endtime="1904.88" participant="mn005" timing-provenance="dialogueact">
      <nite:child href="Bmr015.C.words.xml#id(Bmr015.w.7,797)..id(Bmr015.w.7,802)"/>
   </segment>
   <segment nite:id="Bmr015.segment.1,298" starttime="1904.97" endtime="1907.35" participant="mn005" timing-provenance="dialogueact">
      <nite:child href="Bmr015.C.words.xml#id(Bmr015.w.7,803)..id(Bmr015.w.7,811)"/>
   </segment>
   <segment nite:id="Bmr015.segment.1,299" starttime="1909.54" endtime="1910.25" participant="mn005" timing-provenance="dialogueact">
      <nite:child href="Bmr015.C.words.xml#id(Bmr015.w.7,812)..id(Bmr015.w.7,813)"/>
   </segment>
   <segment nite:id="Bmr015.segment.1,300" starttime="1911.74" endtime="1913.38" participant="mn005" timing-provenance="dialogueact">
      <nite:child href="Bmr015.C.words.xml#id(Bmr015.w.7,814)..id(Bmr015.w.7,818)"/>
   </segment>
   <segment nite:id="Bmr015.segment.1,302" starttime="1916.178" endtime="1916.791" participant="mn005" timing-provenance="segment">
      <nite:child href="Bmr015.C.words.xml#id(Bmr015.w.7,829)..id(Bmr015.disfmarker.469)"/>
   </segment>
   <segment nite:id="Bmr015.segment.1,304" starttime="1919.47" endtime="1919.76" participant="mn005" timing-provenance="dialogueact">
      <nite:child href="Bmr015.C.words.xml#id(Bmr015.w.7,845)..id(Bmr015.w.7,846)"/>
   </segment>
   <segment nite:id="Bmr015.segment.1,305" starttime="1920.6" endtime="1920.94" participant="mn005" timing-provenance="dialogueact">
      <nite:child href="Bmr015.C.words.xml#id(Bmr015.w.7,847)..id(Bmr015.w.7,848)"/>
   </segment>
   <segment nite:id="Bmr015.segment.1,306" starttime="1921.64" endtime="1921.94" participant="mn005" timing-provenance="dialogueact">
      <nite:child href="Bmr015.C.words.xml#id(Bmr015.w.7,849)..id(Bmr015.w.7,850)"/>
   </segment>
   <segment nite:id="Bmr015.segment.1,307" starttime="1922.023" endtime="1923.019" participant="mn005" timing-provenance="segment">
      <nite:child href="Bmr015.C.words.xml#id(Bmr015.w.7,851)..id(Bmr015.disfmarker.472)"/>
   </segment>
   <segment nite:id="Bmr015.segment.1,309" starttime="1923.55" endtime="1924.12" participant="mn005" timing-provenance="dialogueact">
      <nite:child href="Bmr015.C.words.xml#id(Bmr015.w.7,856)..id(Bmr015.w.7,859)"/>
   </segment>
   <segment nite:id="Bmr015.segment.1,310" starttime="1924.21" endtime="1925.84" participant="mn005" timing-provenance="dialogueact">
      <nite:child href="Bmr015.C.words.xml#id(Bmr015.w.7,860)..id(Bmr015.w.7,866)"/>
   </segment>
   <segment nite:id="Bmr015.segment.1,311" starttime="1925.874" endtime="1926.128" participant="mn005" timing-provenance="segment">
      <nite:child href="Bmr015.C.words.xml#id(Bmr015.vocalsound.221)"/>
   </segment>
   <segment nite:id="Bmr015.segment.1,312" starttime="1926.17" endtime="1929.83" participant="mn005" timing-provenance="dialogueact">
      <nite:child href="Bmr015.C.words.xml#id(Bmr015.w.7,867)..id(Bmr015.w.7,879)"/>
   </segment>
   <segment nite:id="Bmr015.segment.1,314" starttime="1930.68" endtime="1931.11" participant="mn005" timing-provenance="dialogueact">
      <nite:child href="Bmr015.C.words.xml#id(Bmr015.w.7,882)"/>
   </segment>
   <segment nite:id="Bmr015.segment.1,315" starttime="1931.38" endtime="1932.08" participant="mn005" timing-provenance="dialogueact">
      <nite:child href="Bmr015.C.words.xml#id(Bmr015.w.7,883)..id(Bmr015.w.7,884)"/>
   </segment>
   <segment nite:id="Bmr015.segment.1,316" starttime="1938.065" endtime="1938.451" participant="mn005" timing-provenance="segment">
      <nite:child href="Bmr015.C.words.xml#id(Bmr015.w.7,885)..id(Bmr015.disfmarker.475)"/>
   </segment>
   <segment nite:id="Bmr015.segment.1,317" starttime="1938.8" endtime="1939.29" participant="mn005" timing-provenance="dialogueact">
      <nite:child href="Bmr015.C.words.xml#id(Bmr015.w.7,886)..id(Bmr015.w.7,889)"/>
   </segment>
   <segment nite:id="Bmr015.segment.1,318" starttime="1939.91" endtime="1940.66" participant="mn005" timing-provenance="dialogueact">
      <nite:child href="Bmr015.C.words.xml#id(Bmr015.w.7,890)..id(Bmr015.w.7,893)"/>
   </segment>
   <segment nite:id="Bmr015.segment.1,319" starttime="1941.24" endtime="1941.45" participant="mn005" timing-provenance="dialogueact">
      <nite:child href="Bmr015.C.words.xml#id(Bmr015.w.7,894)"/>
   </segment>
   <segment nite:id="Bmr015.segment.1,320" starttime="1941.8" endtime="1943.34" participant="mn005" timing-provenance="dialogueact">
      <nite:child href="Bmr015.C.words.xml#id(Bmr015.w.7,895)..id(Bmr015.w.7,901)"/>
   </segment>
   <segment nite:id="Bmr015.segment.1,321" starttime="1943.386" endtime="1943.878" participant="mn005" timing-provenance="segment">
      <nite:child href="Bmr015.C.words.xml#id(Bmr015.vocalsound.222)"/>
   </segment>
   <segment nite:id="Bmr015.segment.1,322" starttime="1943.93" endtime="1944.94" participant="mn005" timing-provenance="dialogueact">
      <nite:child href="Bmr015.C.words.xml#id(Bmr015.w.7,902)..id(Bmr015.w.7,903)"/>
   </segment>
   <segment nite:id="Bmr015.segment.1,323" starttime="1946.0" endtime="1946.94" participant="mn005" timing-provenance="dialogueact">
      <nite:child href="Bmr015.C.words.xml#id(Bmr015.w.7,904)..id(Bmr015.w.7,906)"/>
   </segment>
   <segment nite:id="Bmr015.segment.1,324" starttime="1947.22" endtime="1948.25" participant="mn005" timing-provenance="dialogueact">
      <nite:child href="Bmr015.C.words.xml#id(Bmr015.w.7,907)..id(Bmr015.w.7,910)"/>
   </segment>
   <segment nite:id="Bmr015.segment.1,326" starttime="1950.92" endtime="1952.05" participant="mn005" timing-provenance="dialogueact">
      <nite:child href="Bmr015.C.words.xml#id(Bmr015.w.7,914)..id(Bmr015.w.7,920)"/>
   </segment>
   <segment nite:id="Bmr015.segment.1,328" starttime="1952.118" endtime="1952.399" participant="mn005" timing-provenance="segment">
      <nite:child href="Bmr015.C.words.xml#id(Bmr015.vocalsound.223)"/>
   </segment>
   <segment nite:id="Bmr015.segment.1,329" starttime="1952.49" endtime="1953.25" participant="mn005" timing-provenance="dialogueact">
      <nite:child href="Bmr015.C.words.xml#id(Bmr015.w.7,923)..id(Bmr015.w.7,927)"/>
   </segment>
   <segment nite:id="Bmr015.segment.1,330" starttime="1953.366" endtime="1953.647" participant="mn005" timing-provenance="segment">
      <nite:child href="Bmr015.C.words.xml#id(Bmr015.vocalsound.224)"/>
   </segment>
   <segment nite:id="Bmr015.segment.1,331" starttime="1953.75" endtime="1954.21" participant="mn005" timing-provenance="dialogueact">
      <nite:child href="Bmr015.C.words.xml#id(Bmr015.w.7,928)..id(Bmr015.w.7,929)"/>
   </segment>
   <segment nite:id="Bmr015.segment.1,332" starttime="1954.42" endtime="1955.967" participant="mn005" timing-provenance="segment">
      <nite:child href="Bmr015.C.words.xml#id(Bmr015.w.7,930)..id(Bmr015.disfmarker.477)"/>
   </segment>
   <segment nite:id="Bmr015.segment.1,333" starttime="1955.967" endtime="1956.652" participant="mn005" timing-provenance="segment">
      <nite:child href="Bmr015.C.words.xml#id(Bmr015.vocalsound.225)"/>
   </segment>
   <segment nite:id="Bmr015.segment.1,334" starttime="1956.77" endtime="1957.32" participant="mn005" timing-provenance="dialogueact">
      <nite:child href="Bmr015.C.words.xml#id(Bmr015.w.7,935)"/>
   </segment>
   <segment nite:id="Bmr015.segment.1,335" starttime="1957.549" endtime="1958.34" participant="mn005" timing-provenance="segment">
      <nite:child href="Bmr015.C.words.xml#id(Bmr015.vocalsound.226)"/>
   </segment>
   <segment nite:id="Bmr015.segment.1,337" starttime="1958.39" endtime="1959.85" participant="mn005" timing-provenance="dialogueact">
      <nite:child href="Bmr015.C.words.xml#id(Bmr015.w.7,936)..id(Bmr015.w.7,939)"/>
   </segment>
   <segment nite:id="Bmr015.segment.1,338" starttime="1959.903" endtime="1960.202" participant="mn005" timing-provenance="segment">
      <nite:child href="Bmr015.C.words.xml#id(Bmr015.vocalsound.227)"/>
   </segment>
   <segment nite:id="Bmr015.segment.1,339" starttime="1960.25" endtime="1961.35" participant="mn005" timing-provenance="dialogueact">
      <nite:child href="Bmr015.C.words.xml#id(Bmr015.w.7,940)..id(Bmr015.w.7,942)"/>
   </segment>
   <segment nite:id="Bmr015.segment.1,340" starttime="1961.397" endtime="1961.643" participant="mn005" timing-provenance="segment">
      <nite:child href="Bmr015.C.words.xml#id(Bmr015.vocalsound.228)"/>
   </segment>
   <segment nite:id="Bmr015.segment.1,341" starttime="1961.69" endtime="1963.41" participant="mn005" timing-provenance="dialogueact">
      <nite:child href="Bmr015.C.words.xml#id(Bmr015.w.7,943)..id(Bmr015.w.7,948)"/>
   </segment>
   <segment nite:id="Bmr015.segment.1,343" starttime="1968.2" endtime="1969.58" participant="mn005" timing-provenance="dialogueact">
      <nite:child href="Bmr015.C.words.xml#id(Bmr015.w.7,951)..id(Bmr015.w.7,958)"/>
   </segment>
   <segment nite:id="Bmr015.segment.1,344" starttime="1970.04" endtime="1973.07" participant="mn005" timing-provenance="dialogueact">
      <nite:child href="Bmr015.C.words.xml#id(Bmr015.w.7,959)..id(Bmr015.w.7,967)"/>
   </segment>
   <segment nite:id="Bmr015.segment.1,345" starttime="1973.161" endtime="1973.565" participant="mn005" timing-provenance="segment">
      <nite:child href="Bmr015.C.words.xml#id(Bmr015.vocalsound.229)"/>
   </segment>
   <segment nite:id="Bmr015.segment.1,346" starttime="1973.62" endtime="1973.93" participant="mn005" timing-provenance="dialogueact">
      <nite:child href="Bmr015.C.words.xml#id(Bmr015.w.7,968)"/>
   </segment>
   <segment nite:id="Bmr015.segment.1,347" starttime="1975.93" endtime="1976.1" participant="mn005" timing-provenance="dialogueact">
      <nite:child href="Bmr015.C.words.xml#id(Bmr015.w.7,969)"/>
   </segment>
   <segment nite:id="Bmr015.segment.1,348" starttime="1976.45" endtime="1977.61" participant="mn005" timing-provenance="dialogueact">
      <nite:child href="Bmr015.C.words.xml#id(Bmr015.w.7,970)..id(Bmr015.w.7,972)"/>
   </segment>
   <segment nite:id="Bmr015.segment.1,349" starttime="1977.77" endtime="1978.2" participant="mn005" timing-provenance="dialogueact">
      <nite:child href="Bmr015.C.words.xml#id(Bmr015.w.7,973)..id(Bmr015.w.7,974)"/>
   </segment>
   <segment nite:id="Bmr015.segment.1,350" starttime="1978.241" endtime="1978.487" participant="mn005" timing-provenance="segment">
      <nite:child href="Bmr015.C.words.xml#id(Bmr015.vocalsound.230)"/>
   </segment>
   <segment nite:id="Bmr015.segment.1,351" starttime="1978.53" endtime="1979.15" participant="mn005" timing-provenance="dialogueact">
      <nite:child href="Bmr015.C.words.xml#id(Bmr015.w.7,975)..id(Bmr015.w.7,976)"/>
   </segment>
   <segment nite:id="Bmr015.segment.1,352" starttime="1979.94" endtime="1980.49" participant="mn005" timing-provenance="dialogueact">
      <nite:child href="Bmr015.C.words.xml#id(Bmr015.w.7,977)..id(Bmr015.w.7,979)"/>
   </segment>
   <segment nite:id="Bmr015.segment.1,353" starttime="1980.78" endtime="1982.08" participant="mn005" timing-provenance="dialogueact">
      <nite:child href="Bmr015.C.words.xml#id(Bmr015.w.7,980)..id(Bmr015.w.7,982)"/>
   </segment>
   <segment nite:id="Bmr015.segment.1,354" starttime="1983.23" endtime="1984.21" participant="mn005" timing-provenance="dialogueact">
      <nite:child href="Bmr015.C.words.xml#id(Bmr015.w.7,983)..id(Bmr015.w.7,986)"/>
   </segment>
   <segment nite:id="Bmr015.segment.1,355" starttime="1985.621" endtime="1987.132" participant="mn005" timing-provenance="segment">
      <nite:child href="Bmr015.C.words.xml#id(Bmr015.w.7,987)..id(Bmr015.comment.58)"/>
   </segment>
   <segment nite:id="Bmr015.segment.1,356" starttime="1987.624" endtime="1989.153" participant="mn005" timing-provenance="segment">
      <nite:child href="Bmr015.C.words.xml#id(Bmr015.w.7,994)..id(Bmr015.comment.59)"/>
   </segment>
   <segment nite:id="Bmr015.segment.1,357" starttime="1989.575" endtime="1990.085" participant="mn005" timing-provenance="segment">
      <nite:child href="Bmr015.C.words.xml#id(Bmr015.w.8,000)..id(Bmr015.disfmarker.480)"/>
   </segment>
   <segment nite:id="Bmr015.segment.1,358" starttime="1990.085" endtime="1990.454" participant="mn005" timing-provenance="segment">
      <nite:child href="Bmr015.C.words.xml#id(Bmr015.vocalsound.231)"/>
   </segment>
   <segment nite:id="Bmr015.segment.1,359" starttime="1990.49" endtime="1991.7" participant="mn005" timing-provenance="dialogueact">
      <nite:child href="Bmr015.C.words.xml#id(Bmr015.w.8,002)..id(Bmr015.w.8,007)"/>
   </segment>
   <segment nite:id="Bmr015.segment.1,360" starttime="1991.508" endtime="1993.582" participant="mn005" timing-provenance="segment">
      <nite:child href="Bmr015.C.words.xml#id(Bmr015.w.8,008)..id(Bmr015.disfmarker.485)"/>
   </segment>
   <segment nite:id="Bmr015.segment.1,361" starttime="1994.162" endtime="1995.41" participant="mn005" timing-provenance="segment">
      <nite:child href="Bmr015.C.words.xml#id(Bmr015.vocalsound.232)..id(Bmr015.w.8,020)"/>
   </segment>
   <segment nite:id="Bmr015.segment.1,362" starttime="1995.93" endtime="1998.69" participant="mn005" timing-provenance="dialogueact">
      <nite:child href="Bmr015.C.words.xml#id(Bmr015.w.8,021)..id(Bmr015.w.8,029)"/>
   </segment>
   <segment nite:id="Bmr015.segment.1,363" starttime="1998.73" endtime="1998.976" participant="mn005" timing-provenance="segment">
      <nite:child href="Bmr015.C.words.xml#id(Bmr015.vocalsound.233)"/>
   </segment>
   <segment nite:id="Bmr015.segment.1,364" starttime="1999.27" endtime="1999.51" participant="mn005" timing-provenance="dialogueact">
      <nite:child href="Bmr015.C.words.xml#id(Bmr015.w.8,030)..id(Bmr015.w.8,031)"/>
   </segment>
   <segment nite:id="Bmr015.segment.1,365" starttime="1999.609" endtime="1999.784" participant="mn005" timing-provenance="segment">
      <nite:child href="Bmr015.C.words.xml#id(Bmr015.vocalsound.234)"/>
   </segment>
   <segment nite:id="Bmr015.segment.1,366" starttime="1999.784" endtime="2001.138" participant="mn005" timing-provenance="segment">
      <nite:child href="Bmr015.C.words.xml#id(Bmr015.w.8,032)..id(Bmr015.disfmarker.487)"/>
   </segment>
   <segment nite:id="Bmr015.segment.1,367" starttime="2001.138" endtime="2001.366" participant="mn005" timing-provenance="segment">
      <nite:child href="Bmr015.C.words.xml#id(Bmr015.vocalsound.235)"/>
   </segment>
   <segment nite:id="Bmr015.segment.1,368" starttime="2001.366" endtime="2003.552" participant="mn005" timing-provenance="segment">
      <nite:child href="Bmr015.C.words.xml#id(Bmr015.w.8,037)..id(Bmr015.vocalsound.236)"/>
   </segment>
   <segment nite:id="Bmr015.segment.1,369" starttime="2003.61" endtime="2005.09" participant="mn005" timing-provenance="dialogueact">
      <nite:child href="Bmr015.C.words.xml#id(Bmr015.w.8,044)..id(Bmr015.w.8,049)"/>
   </segment>
   <segment nite:id="Bmr015.segment.1,370" starttime="2005.468" endtime="2005.889" participant="mn005" timing-provenance="segment">
      <nite:child href="Bmr015.C.words.xml#id(Bmr015.vocalsound.237)"/>
   </segment>
   <segment nite:id="Bmr015.segment.1,371" starttime="2005.889" endtime="2006.77" participant="mn005" timing-provenance="segment">
      <nite:child href="Bmr015.C.words.xml#id(Bmr015.w.8,050)..id(Bmr015.comment.60)"/>
   </segment>
   <segment nite:id="Bmr015.segment.1,372" starttime="2007.58" endtime="2009.52" participant="mn005" timing-provenance="dialogueact">
      <nite:child href="Bmr015.C.words.xml#id(Bmr015.w.8,052)..id(Bmr015.w.8,059)"/>
   </segment>
   <segment nite:id="Bmr015.segment.1,376" starttime="2016.099" endtime="2016.573" participant="mn005" timing-provenance="segment">
      <nite:child href="Bmr015.C.words.xml#id(Bmr015.vocalsound.239)"/>
   </segment>
   <segment nite:id="Bmr015.segment.1,377" starttime="2016.94" endtime="2017.18" participant="mn005" timing-provenance="dialogueact">
      <nite:child href="Bmr015.C.words.xml#id(Bmr015.w.8,101)..id(Bmr015.w.8,102)"/>
   </segment>
   <segment nite:id="Bmr015.segment.1,382" starttime="2022.044" endtime="2023.169" participant="mn005" timing-provenance="segment">
      <nite:child href="Bmr015.C.words.xml#id(Bmr015.w.8,116)..id(Bmr015.w.8,117)"/>
   </segment>
   <segment nite:id="Bmr015.segment.1,411" starttime="2097.506" endtime="2097.963" participant="mn005" timing-provenance="segment">
      <nite:child href="Bmr015.C.words.xml#id(Bmr015.vocalsound.246)"/>
   </segment>
   <segment nite:id="Bmr015.segment.1,415" starttime="2099.1" endtime="2099.33" participant="mn005" timing-provenance="dialogueact">
      <nite:child href="Bmr015.C.words.xml#id(Bmr015.w.8,466)..id(Bmr015.w.8,467)"/>
   </segment>
   <segment nite:id="Bmr015.segment.1,426" starttime="2110.945" endtime="2111.845" participant="mn005" timing-provenance="segment">
      <nite:child href="Bmr015.C.words.xml#id(Bmr015.vocalsound.250)"/>
   </segment>
   <segment nite:id="Bmr015.segment.1,449" starttime="2152.101" endtime="2152.67" participant="mn005" timing-provenance="segment">
      <nite:child href="Bmr015.C.words.xml#id(Bmr015.vocalsound.253)"/>
   </segment>
   <segment nite:id="Bmr015.segment.1,469" starttime="2206.401" endtime="2206.969" participant="mn005" timing-provenance="segment">
      <nite:child href="Bmr015.C.words.xml#id(Bmr015.vocalsound.256)"/>
   </segment>
   <segment nite:id="Bmr015.segment.1,479" starttime="2234.61" endtime="2235.006" participant="mn005" timing-provenance="segment">
      <nite:child href="Bmr015.C.words.xml#id(Bmr015.vocalsound.258)"/>
   </segment>
   <segment nite:id="Bmr015.segment.1,484" starttime="2242.24" endtime="2242.49" participant="mn005" timing-provenance="dialogueact">
      <nite:child href="Bmr015.C.words.xml#id(Bmr015.w.9,144)..id(Bmr015.w.9,145)"/>
   </segment>
   <segment nite:id="Bmr015.segment.1,522" starttime="2320.878" endtime="2322.084" participant="mn005" timing-provenance="segment">
      <nite:child href="Bmr015.C.words.xml#id(Bmr015.vocalsound.267)"/>
   </segment>
   <segment nite:id="Bmr015.segment.1,593" starttime="2469.79" endtime="2470.2" participant="mn005" timing-provenance="dialogueact">
      <nite:child href="Bmr015.C.words.xml#id(Bmr015.w.10,082)..id(Bmr015.w.10,083)"/>
   </segment>
   <segment nite:id="Bmr015.segment.1,602" starttime="2503.381" endtime="2504.604" participant="mn005" timing-provenance="segment">
      <nite:child href="Bmr015.C.words.xml#id(Bmr015.vocalsound.282)"/>
   </segment>
   <segment nite:id="Bmr015.segment.1,624" starttime="2549.13" endtime="2549.29" participant="mn005" timing-provenance="dialogueact">
      <nite:child href="Bmr015.C.words.xml#id(Bmr015.w.10,498)..id(Bmr015.w.10,499)"/>
   </segment>
   <segment nite:id="Bmr015.segment.1,626" starttime="2553.294" endtime="2553.553" participant="mn005" timing-provenance="segment">
      <nite:child href="Bmr015.C.words.xml#id(Bmr015.w.10,509)..id(Bmr015.comment.71)"/>
   </segment>
   <segment nite:id="Bmr015.segment.1,632" starttime="2574.9" endtime="2575.1" participant="mn005" timing-provenance="dialogueact">
      <nite:child href="Bmr015.C.words.xml#id(Bmr015.w.10,611)..id(Bmr015.w.10,612)"/>
   </segment>
   <segment nite:id="Bmr015.segment.1,636" starttime="2582.025" endtime="2582.852" participant="mn005" timing-provenance="segment">
      <nite:child href="Bmr015.C.words.xml#id(Bmr015.vocalsound.286)..id(Bmr015.comment.72)"/>
   </segment>
   <segment nite:id="Bmr015.segment.1,639" starttime="2584.555" endtime="2588.471" participant="mn005" timing-provenance="segment">
      <nite:child href="Bmr015.C.words.xml#id(Bmr015.vocalsound.288)"/>
   </segment>
   <segment nite:id="Bmr015.segment.1,661" starttime="2654.859" endtime="2656.03" participant="mn005" timing-provenance="segment">
      <nite:child href="Bmr015.C.words.xml#id(Bmr015.vocalsound.293)"/>
   </segment>
   <segment nite:id="Bmr015.segment.1,672" starttime="2695.818" endtime="2699.223" participant="mn005" digittask="true" timing-provenance="segment">
      <nite:child href="Bmr015.C.words.xml#id(Bmr015.w.10,913)..id(Bmr015.comment.97)"/>
   </segment>
   <segment nite:id="Bmr015.segment.1,673" starttime="2699.757" endtime="2703.292" participant="mn005" digittask="true" timing-provenance="segment">
      <nite:child href="Bmr015.C.words.xml#id(Bmr015.w.10,921)..id(Bmr015.comment.98)"/>
   </segment>
   <segment nite:id="Bmr015.segment.1,674" starttime="2703.665" endtime="2707.592" participant="mn005" digittask="true" timing-provenance="segment">
      <nite:child href="Bmr015.C.words.xml#id(Bmr015.w.10,933)..id(Bmr015.comment.99)"/>
   </segment>
   <segment nite:id="Bmr015.segment.1,676" starttime="2708.075" endtime="2712.608" participant="mn005" digittask="true" timing-provenance="segment">
      <nite:child href="Bmr015.C.words.xml#id(Bmr015.w.10,945)..id(Bmr015.comment.100)"/>
   </segment>
   <segment nite:id="Bmr015.segment.1,677" starttime="2713.035" endtime="2717.683" participant="mn005" digittask="true" timing-provenance="segment">
      <nite:child href="Bmr015.C.words.xml#id(Bmr015.w.10,958)..id(Bmr015.comment.101)"/>
   </segment>
   <segment nite:id="Bmr015.segment.1,678" starttime="2718.32" endtime="2720.386" participant="mn005" digittask="true" timing-provenance="segment">
      <nite:child href="Bmr015.C.words.xml#id(Bmr015.w.10,971)..id(Bmr015.comment.102)"/>
   </segment>
   <segment nite:id="Bmr015.segment.1,679" starttime="2720.502" endtime="2721.312" participant="mn005" digittask="true" timing-provenance="segment">
      <nite:child href="Bmr015.C.words.xml#id(Bmr015.w.10,978)..id(Bmr015.comment.104)"/>
   </segment>
   <segment nite:id="Bmr015.segment.1,680" starttime="2722.051" endtime="2723.616" participant="mn005" digittask="true" timing-provenance="segment">
      <nite:child href="Bmr015.C.words.xml#id(Bmr015.w.10,980)..id(Bmr015.comment.105)"/>
   </segment>
   <segment nite:id="Bmr015.segment.1,681" starttime="2724.201" endtime="2729.678" participant="mn005" digittask="true" timing-provenance="segment">
      <nite:child href="Bmr015.C.words.xml#id(Bmr015.w.10,986)..id(Bmr015.comment.106)"/>
   </segment>
   <segment nite:id="Bmr015.segment.1,682" starttime="2730.205" endtime="2735.366" participant="mn005" digittask="true" timing-provenance="segment">
      <nite:child href="Bmr015.C.words.xml#id(Bmr015.w.11,001)..id(Bmr015.comment.107)"/>
   </segment>
   <segment nite:id="Bmr015.segment.1,684" starttime="2735.854" endtime="2740.236" participant="mn005" digittask="true" timing-provenance="segment">
      <nite:child href="Bmr015.C.words.xml#id(Bmr015.w.11,016)..id(Bmr015.comment.108)"/>
   </segment>
   <segment nite:id="Bmr015.segment.1,685" starttime="2740.873" endtime="2745.143" participant="mn005" digittask="true" timing-provenance="segment">
      <nite:child href="Bmr015.C.words.xml#id(Bmr015.w.11,028)..id(Bmr015.comment.109)"/>
   </segment>
   <segment nite:id="Bmr015.segment.1,686" starttime="2745.66" endtime="2751.177" participant="mn005" digittask="true" timing-provenance="segment">
      <nite:child href="Bmr015.C.words.xml#id(Bmr015.w.11,041)..id(Bmr015.comment.110)"/>
   </segment>
   <segment nite:id="Bmr015.segment.1,739" starttime="2582.56" endtime="2582.63" participant="mn005" timing-provenance="dialogueact">
      <nite:child href="Bmr015.C.words.xml#id(Bmr015.w.11,619)..id(Bmr015.w.11,620)"/>
   </segment>
   <segment nite:id="Bmr015.segment.1,741" starttime="2968.22" endtime="2968.96" participant="mn005" timing-provenance="segment">
      <nite:child href="Bmr015.C.words.xml#id(Bmr015.vocalsound.299)"/>
   </segment>
</nite:root>