<?xml version="1.0" encoding="ISO-8859-1" standalone="yes"?>
<nite:root nite:id="Bmr015.G.words" xmlns:nite="http://nite.sourceforge.net/">
   <w nite:id="Bmr015.w.41" starttime="15.703" endtime="15.893" c="W">I</w>
   <w nite:id="Bmr015.w.42" starttime="15.893" endtime="16.143" c="W">do</w>
   <w nite:id="Bmr015.w.43" starttime="16.143" endtime="16.143" c=".">.</w>
   <w nite:id="Bmr015.w.49" starttime="16.66" endtime="16.74" c="W">I</w>
   <w nite:id="Bmr015.w.50" starttime="16.74" endtime="17.1" c="W">crashed</w>
   <w nite:id="Bmr015.w.51" starttime="17.17" endtime="17.28" c="W">when</w>
   <w nite:id="Bmr015.w.52" starttime="17.28" endtime="17.38" c="W">I</w>
   <w nite:id="Bmr015.w.53" starttime="17.38" endtime="17.72" c="W">started</w>
   <w nite:id="Bmr015.w.54" starttime="17.72" endtime="17.83" c="W">this</w>
   <w nite:id="Bmr015.w.55" starttime="17.83" endtime="18.03" c="W">morning</w>
   <w nite:id="Bmr015.w.56" starttime="18.03" endtime="18.03" c=".">.</w>
   <w nite:id="Bmr015.w.90" starttime="19.729" endtime="20.069" c="W">Really</w>
   <w nite:id="Bmr015.w.91" starttime="20.069" endtime="20.069" c=".">?</w>
   <w nite:id="Bmr015.w.101" starttime="23.154" endtime="23.314" c="W">Yeah</w>
   <w nite:id="Bmr015.w.102" starttime="23.314" endtime="23.314" c=".">.</w>
   <comment nite:id="Bmr015.comment.2" starttime="" endtime="" description="whispered"/>
   <vocalsound nite:id="Bmr015.vocalsound.5" starttime="" endtime="" description="breath-laugh"/>
   <w nite:id="Bmr015.w.103" starttime="24.528" endtime="24.698" c="W">Maybe</w>
   <w nite:id="Bmr015.w.104" starttime="24.698" endtime="24.698" c="CM">,</w>
   <w nite:id="Bmr015.w.105" starttime="24.698" endtime="24.908" c="W">yeah</w>
   <w nite:id="Bmr015.w.106" starttime="24.908" endtime="24.908" c=".">.</w>
   <w nite:id="Bmr015.w.118" starttime="27.33" endtime="27.36" c="W">Or</w>
   <w nite:id="Bmr015.w.119" starttime="27.36" endtime="27.65" c="W">maybe</w>
   <w nite:id="Bmr015.w.120" starttime="27.65" endtime="" c="W">it</w>
   <w nite:id="Bmr015.w.121" starttime="" endtime="27.8" c="APOSS">'s</w>
   <w nite:id="Bmr015.w.122" starttime="27.8" endtime="28.04" c="W">once</w>
   <w nite:id="Bmr015.w.123" starttime="28.04" endtime="" c="W">you</w>
   <w nite:id="Bmr015.w.124" starttime="" endtime="28.16" c="W">'ve</w>
   <pause nite:id="Bmr015.pause.1" starttime="28.16" endtime="28.5"/>
   <w nite:id="Bmr015.w.125" starttime="28.5" endtime="28.73" c="W">done</w>
   <w nite:id="Bmr015.w.126" starttime="28.73" endtime="29.0" c="W">enough</w>
   <w nite:id="Bmr015.w.127" starttime="29.0" endtime="29.31" c="W">meetings</w>
   <comment nite:id="Bmr015.comment.3" starttime="" endtime="" description="rising"/>
   <w nite:id="Bmr015.w.128" starttime="29.37" endtime="29.43" c="W">it</w>
   <w nite:id="Bmr015.w.129" starttime="29.43" endtime="29.57" c="W">won't</w>
   <w nite:id="Bmr015.w.130" starttime="29.57" endtime="29.87" c="W">crash</w>
   <w nite:id="Bmr015.w.131" starttime="29.87" endtime="29.98" c="W">on</w>
   <w nite:id="Bmr015.w.132" starttime="29.98" endtime="30.06" c="W">you</w>
   <w nite:id="Bmr015.w.133" starttime="30.06" endtime="30.35" c="W">anymore</w>
   <w nite:id="Bmr015.w.134" starttime="30.35" endtime="30.35" c=".">.</w>
   <comment nite:id="Bmr015.comment.4" starttime="" endtime="" description="rising"/>
   <w nite:id="Bmr015.w.143" starttime="31.103" endtime="" c="W">It</w>
   <w nite:id="Bmr015.w.144" starttime="" endtime="31.243" c="APOSS">'s</w>
   <w nite:id="Bmr015.w.145" starttime="31.243" endtime="31.273" c="W">a</w>
   <w nite:id="Bmr015.w.146" starttime="31.273" endtime="31.513" c="W">matter</w>
   <w nite:id="Bmr015.w.147" starttime="31.513" endtime="31.573" c="W">of</w>
   <w nite:id="Bmr015.w.148" starttime="31.573" endtime="32.193" c="W">experience</w>
   <w nite:id="Bmr015.w.149" starttime="32.193" endtime="32.193" c=".">.</w>
   <comment nite:id="Bmr015.comment.6" starttime="" endtime="" description="rising"/>
   <vocalsound nite:id="Bmr015.vocalsound.15" starttime="" endtime="" description="laugh"/>
   <w nite:id="Bmr015.w.166" starttime="35.027" endtime="35.277" c="W">Yeah</w>
   <w nite:id="Bmr015.w.167" starttime="35.277" endtime="35.277" c=".">.</w>
   <vocalsound nite:id="Bmr015.vocalsound.18" starttime="" endtime="" description="inbreath"/>
   <w nite:id="Bmr015.w.219" starttime="40.991" endtime="41.161" c="W">Did</w>
   <disfmarker nite:id="Bmr015.disfmarker.7" starttime="" endtime=""/>
   <w nite:id="Bmr015.w.220" starttime="43.39" endtime="43.48" c="W">Did</w>
   <w nite:id="Bmr015.w.221" starttime="43.48" endtime="43.61" c="W">they</w>
   <w nite:id="Bmr015.w.222" starttime="43.61" endtime="44.02" c="W">send</w>
   <w nite:id="Bmr015.w.223" starttime="44.02" endtime="44.02" c="CM">,</w>
   <w nite:id="Bmr015.w.224" starttime="44.434" endtime="44.674" c="W">uh</w>
   <w nite:id="Bmr015.w.225" starttime="44.674" endtime="44.674" c="CM">,</w>
   <w nite:id="Bmr015.w.226" starttime="44.674" endtime="44.824" c="W">the</w>
   <w nite:id="Bmr015.w.227" starttime="44.824" endtime="45.284" c="W">messages</w>
   <w nite:id="Bmr015.w.228" starttime="45.284" endtime="45.384" c="W">to</w>
   <w nite:id="Bmr015.w.229" starttime="45.384" endtime="45.584" c="W">you</w>
   <w nite:id="Bmr015.w.230" starttime="45.584" endtime="45.804" c="W">about</w>
   <w nite:id="Bmr015.w.231" starttime="45.804" endtime="45.864" c="W">the</w>
   <w nite:id="Bmr015.w.232" starttime="45.864" endtime="46.054" c="W">meeting</w>
   <w nite:id="Bmr015.w.233" starttime="46.054" endtime="46.354" c="W">today</w>
   <w nite:id="Bmr015.w.234" starttime="46.354" endtime="46.354" c=".">?</w>
   <w nite:id="Bmr015.w.249" starttime="46.915" endtime="47.075" c="W">Oh</w>
   <w nite:id="Bmr015.w.250" starttime="47.075" endtime="47.075" c=".">.</w>
   <w nite:id="Bmr015.w.251" starttime="48.369" endtime="48.799" c="W">Oh</w>
   <w nite:id="Bmr015.w.252" starttime="48.799" endtime="48.799" c=".">.</w>
   <w nite:id="Bmr015.w.263" starttime="50.29" endtime="50.44" t="PLET" c="W">OK</w>
   <w nite:id="Bmr015.w.264" starttime="50.44" endtime="50.44" c="CM">,</w>
   <w nite:id="Bmr015.w.265" starttime="50.44" endtime="50.66" c="W">cuz</w>
   <w nite:id="Bmr015.w.266" starttime="50.66" endtime="50.71" c="W">I</w>
   <w nite:id="Bmr015.w.267" starttime="50.71" endtime="50.9" c="W">checked</w>
   <w nite:id="Bmr015.w.268" starttime="50.9" endtime="51.0" c="W">my</w>
   <w nite:id="Bmr015.w.269" starttime="51.0" endtime="51.11" c="W">mail</w>
   <w nite:id="Bmr015.w.270" starttime="51.11" endtime="51.11" c=".">.</w>
   <w nite:id="Bmr015.w.271" starttime="51.11" endtime="51.21" c="W">I</w>
   <w nite:id="Bmr015.w.272" starttime="51.21" endtime="51.42" c="W">didn't</w>
   <w nite:id="Bmr015.w.273" starttime="51.42" endtime="51.51" c="W">have</w>
   <w nite:id="Bmr015.w.274" starttime="51.51" endtime="51.7" c="W">anything</w>
   <w nite:id="Bmr015.w.275" starttime="51.7" endtime="51.7" c=".">.</w>
   <comment nite:id="Bmr015.comment.8" starttime="" endtime="" description="faster tempo, then trails off on &quot;anything&quot;"/>
   <w nite:id="Bmr015.w.741" starttime="152.995" endtime="153.055" c="W">Oh</w>
   <w nite:id="Bmr015.w.742" starttime="153.055" endtime="153.055" c="CM">,</w>
   <w nite:id="Bmr015.w.743" starttime="153.055" endtime="" c="W">you</w>
   <w nite:id="Bmr015.w.744" starttime="" endtime="153.175" c="W">'re</w>
   <w nite:id="Bmr015.w.745" starttime="153.175" endtime="153.325" c="W">talking</w>
   <w nite:id="Bmr015.w.746" starttime="153.325" endtime="153.445" c="W">about</w>
   <w nite:id="Bmr015.w.747" starttime="153.445" endtime="153.555" c="W">where</w>
   <w nite:id="Bmr015.w.748" starttime="153.555" endtime="153.675" c="W">they</w>
   <w nite:id="Bmr015.w.749" starttime="153.675" endtime="154.105" c="W">completely</w>
   <w nite:id="Bmr015.w.750" starttime="154.105" endtime="154.285" c="W">read</w>
   <w nite:id="Bmr015.w.751" starttime="154.285" endtime="154.355" c="W">the</w>
   <w nite:id="Bmr015.w.752" starttime="154.355" endtime="154.545" c="W">wrong</w>
   <w nite:id="Bmr015.w.753" starttime="154.545" endtime="154.755" c="W">string</w>
   <w nite:id="Bmr015.w.754" starttime="154.755" endtime="154.865" c="W">and</w>
   <w nite:id="Bmr015.w.755" starttime="154.865" endtime="155.045" c="W">didn't</w>
   <w nite:id="Bmr015.w.756" starttime="155.045" endtime="155.405" c="W">correct</w>
   <w nite:id="Bmr015.w.757" starttime="155.405" endtime="155.565" c="W">it</w>
   <w nite:id="Bmr015.w.758" starttime="155.565" endtime="155.565" c=".">?</w>
   <w nite:id="Bmr015.w.767" starttime="156.135" endtime="156.565" c="W">Ah</w>
   <w nite:id="Bmr015.w.768" starttime="156.565" endtime="156.565" c=".">.</w>
   <w nite:id="Bmr015.w.862" starttime="178.525" endtime="178.635" c="W">Well</w>
   <w nite:id="Bmr015.w.863" starttime="178.635" endtime="178.775" c="W">how</w>
   <w nite:id="Bmr015.w.864" starttime="178.775" endtime="179.025" c="W">many</w>
   <w nite:id="Bmr015.w.865" starttime="179.025" endtime="179.145" c="W">are</w>
   <disfmarker nite:id="Bmr015.disfmarker.31" starttime="" endtime=""/>
   <w nite:id="Bmr015.w.866" starttime="179.145" endtime="179.375" c="W">how</w>
   <disfmarker nite:id="Bmr015.disfmarker.32" starttime="" endtime=""/>
   <w nite:id="Bmr015.w.867" starttime="179.475" endtime="179.625" c="W">how</w>
   <w nite:id="Bmr015.w.868" starttime="179.625" endtime="179.855" c="W">often</w>
   <w nite:id="Bmr015.w.869" starttime="179.855" endtime="179.975" c="W">does</w>
   <w nite:id="Bmr015.w.870" starttime="179.975" endtime="180.125" c="W">that</w>
   <w nite:id="Bmr015.w.871" starttime="180.125" endtime="180.445" c="W">happen</w>
   <w nite:id="Bmr015.w.872" starttime="180.445" endtime="180.445" c=".">?</w>
   <w nite:id="Bmr015.w.880" starttime="182.252" endtime="182.532" c="W">Oh</w>
   <w nite:id="Bmr015.w.881" starttime="182.532" endtime="182.532" c="CM">,</w>
   <w nite:id="Bmr015.w.882" starttime="182.532" endtime="182.672" c="W">so</w>
   <w nite:id="Bmr015.w.883" starttime="182.672" endtime="" c="W">it</w>
   <w nite:id="Bmr015.w.884" starttime="" endtime="182.782" c="APOSS">'s</w>
   <w nite:id="Bmr015.w.885" starttime="182.812" endtime="182.962" c="W">not</w>
   <w nite:id="Bmr015.w.886" starttime="182.962" endtime="183.132" c="W">very</w>
   <w nite:id="Bmr015.w.887" starttime="183.132" endtime="183.632" c="W">much</w>
   <w nite:id="Bmr015.w.888" starttime="183.632" endtime="183.632" c=".">.</w>
   <w nite:id="Bmr015.w.898" starttime="184.809" endtime="184.999" c="W">Seems</w>
   <w nite:id="Bmr015.w.899" starttime="184.999" endtime="185.099" c="W">like</w>
   <w nite:id="Bmr015.w.900" starttime="185.099" endtime="185.169" c="W">we</w>
   <w nite:id="Bmr015.w.901" starttime="185.169" endtime="185.329" c="W">should</w>
   <w nite:id="Bmr015.w.902" starttime="185.329" endtime="185.469" c="W">just</w>
   <w nite:id="Bmr015.w.903" starttime="185.469" endtime="185.699" c="W">change</w>
   <w nite:id="Bmr015.w.904" starttime="185.699" endtime="185.759" c="W">the</w>
   <w nite:id="Bmr015.w.905" starttime="185.759" endtime="186.409" c="W">transcripts</w>
   <w nite:id="Bmr015.w.910" starttime="188.006" endtime="188.096" c="W">to</w>
   <w nite:id="Bmr015.w.911" starttime="188.096" endtime="188.606" c="W">match</w>
   <w nite:id="Bmr015.w.912" starttime="188.606" endtime="188.606" c=".">.</w>
   <w nite:id="Bmr015.w.940" starttime="192.349" endtime="192.799" c="W">Yeah</w>
   <w nite:id="Bmr015.w.941" starttime="192.799" endtime="192.799" c="CM">,</w>
   <w nite:id="Bmr015.w.942" starttime="192.799" endtime="" c="W">it</w>
   <w nite:id="Bmr015.w.943" starttime="" endtime="193.139" c="APOSS">'s</w>
   <disfmarker nite:id="Bmr015.disfmarker.33" starttime="" endtime=""/>
   <vocalsound nite:id="Bmr015.vocalsound.34" starttime="" endtime="" description="laugh"/>
   <w nite:id="Bmr015.w.959" starttime="196.284" endtime="196.644" c="W">Yeah</w>
   <w nite:id="Bmr015.w.960" starttime="196.644" endtime="196.644" c=".">.</w>
   <w nite:id="Bmr015.w.1,011" starttime="209.744" endtime="209.814" c="W">So</w>
   <w nite:id="Bmr015.w.1,012" starttime="209.814" endtime="210.104" c="W">you</w>
   <disfmarker nite:id="Bmr015.disfmarker.40" starttime="" endtime=""/>
   <w nite:id="Bmr015.w.1,013" starttime="210.104" endtime="210.604" c="W">um</w>
   <w nite:id="Bmr015.w.1,014" starttime="210.604" endtime="210.604" c="CM">,</w>
   <w nite:id="Bmr015.w.1,015" starttime="211.128" endtime="211.258" c="W">how</w>
   <w nite:id="Bmr015.w.1,016" starttime="211.258" endtime="211.508" c="W">many</w>
   <w nite:id="Bmr015.w.1,017" starttime="211.508" endtime="211.848" c="W">digits</w>
   <w nite:id="Bmr015.w.1,018" starttime="211.848" endtime="211.938" c="W">have</w>
   <w nite:id="Bmr015.w.1,019" starttime="211.938" endtime="212.238" c="W">been</w>
   <w nite:id="Bmr015.w.1,020" starttime="212.348" endtime="212.798" c="W">transcribed</w>
   <w nite:id="Bmr015.w.1,021" starttime="212.828" endtime="212.968" c="W">now</w>
   <w nite:id="Bmr015.w.1,022" starttime="212.968" endtime="212.968" c=".">?</w>
   <w nite:id="Bmr015.w.1,030" starttime="215.082" endtime="215.222" c="W">Four</w>
   <w nite:id="Bmr015.w.1,031" starttime="215.222" endtime="215.502" c="W">thousand</w>
   <w nite:id="Bmr015.w.1,032" starttime="215.502" endtime="215.952" c="W">lines</w>
   <w nite:id="Bmr015.w.1,033" starttime="215.952" endtime="215.952" c=".">?</w>
   <w nite:id="Bmr015.w.1,069" starttime="221.406" endtime="221.696" c="W">Wow</w>
   <w nite:id="Bmr015.w.1,070" starttime="221.696" endtime="221.696" c=".">.</w>
   <w nite:id="Bmr015.w.1,096" starttime="227.234" endtime="" c="W">Mm</w>
   <w nite:id="Bmr015.w.1,097" starttime="" endtime="" c="HYPH">-</w>
   <w nite:id="Bmr015.w.1,098" starttime="" endtime="227.644" c="W">hmm</w>
   <w nite:id="Bmr015.w.1,099" starttime="227.644" endtime="227.644" c=".">.</w>
   <w nite:id="Bmr015.w.1,467" starttime="315.22" endtime="315.76" c="W">Mmm</w>
   <w nite:id="Bmr015.w.1,468" starttime="315.76" endtime="315.76" c=".">.</w>
   <w nite:id="Bmr015.w.2,077" starttime="443.125" endtime="" c="W">Mm</w>
   <w nite:id="Bmr015.w.2,078" starttime="" endtime="" c="HYPH">-</w>
   <w nite:id="Bmr015.w.2,079" starttime="" endtime="443.425" c="W">hmm</w>
   <w nite:id="Bmr015.w.2,080" starttime="443.425" endtime="443.425" c=".">.</w>
   <w nite:id="Bmr015.w.2,081" starttime="444.167" endtime="444.317" c="W">Yeah</w>
   <w nite:id="Bmr015.w.2,082" starttime="444.317" endtime="444.317" c=".">.</w>
   <vocalsound nite:id="Bmr015.vocalsound.52" starttime="" endtime="" description="breath-laugh"/>
   <vocalsound nite:id="Bmr015.vocalsound.57" starttime="" endtime="" description="inbreath"/>
   <w nite:id="Bmr015.w.2,327" starttime="514.486" endtime="514.976" c="TRUNCW">u</w>
   <w nite:id="Bmr015.w.2,346" starttime="517.212" endtime="517.662" c="W">Tomorrow</w>
   <w nite:id="Bmr015.w.2,347" starttime="517.662" endtime="517.662" c=".">.</w>
   <vocalsound nite:id="Bmr015.vocalsound.59" starttime="" endtime="" description="laugh"/>
   <vocalsound nite:id="Bmr015.vocalsound.64" starttime="" endtime="" description="laugh"/>
   <w nite:id="Bmr015.w.2,388" starttime="525.446" endtime="525.506" c="W">It</w>
   <w nite:id="Bmr015.w.2,389" starttime="525.656" endtime="525.776" c="W">would</w>
   <w nite:id="Bmr015.w.2,390" starttime="525.776" endtime="525.886" c="W">be</w>
   <w nite:id="Bmr015.w.2,391" starttime="525.886" endtime="526.386" c="W">interesting</w>
   <disfmarker nite:id="Bmr015.disfmarker.101" starttime="" endtime=""/>
   <w nite:id="Bmr015.w.2,414" starttime="530.55" endtime="" c="W">It</w>
   <w nite:id="Bmr015.w.2,415" starttime="" endtime="530.64" c="W">'ll</w>
   <w nite:id="Bmr015.w.2,416" starttime="530.64" endtime="530.71" c="W">be</w>
   <w nite:id="Bmr015.w.2,417" starttime="530.71" endtime="531.0" c="W">interesting</w>
   <w nite:id="Bmr015.w.2,418" starttime="531.0" endtime="531.06" c="W">to</w>
   <w nite:id="Bmr015.w.2,419" starttime="531.06" endtime="531.24" c="W">see</w>
   <w nite:id="Bmr015.w.2,420" starttime="531.24" endtime="531.33" c="W">the</w>
   <w nite:id="Bmr015.w.2,421" starttime="531.33" endtime="" c="W">reviewer</w>
   <w nite:id="Bmr015.w.2,422" starttime="" endtime="531.77" c="APOSS">'s</w>
   <w nite:id="Bmr015.w.2,423" starttime="531.77" endtime="532.31" c="W">comments</w>
   <w nite:id="Bmr015.w.2,424" starttime="532.31" endtime="532.31" c=".">.</w>
   <vocalsound nite:id="Bmr015.vocalsound.70" starttime="" endtime="" description="laugh"/>
   <w nite:id="Bmr015.w.2,575" starttime="563.162" endtime="" c="W">It</w>
   <w nite:id="Bmr015.w.2,576" starttime="" endtime="563.292" c="APOSS">'s</w>
   <w nite:id="Bmr015.w.2,577" starttime="563.292" endtime="563.452" c="W">just</w>
   <w nite:id="Bmr015.w.2,578" starttime="563.452" endtime="563.622" c="W">from</w>
   <w nite:id="Bmr015.w.2,579" starttime="563.622" endtime="563.792" c="W">his</w>
   <w nite:id="Bmr015.w.2,580" starttime="563.792" endtime="564.212" c="W">message</w>
   <w nite:id="Bmr015.w.2,581" starttime="564.212" endtime="564.302" c="W">it</w>
   <w nite:id="Bmr015.w.2,582" starttime="564.302" endtime="564.612" c="W">sounded</w>
   <w nite:id="Bmr015.w.2,583" starttime="564.612" endtime="564.792" c="W">like</w>
   <w nite:id="Bmr015.w.2,584" starttime="564.792" endtime="565.032" c="W">that</w>
   <w nite:id="Bmr015.w.2,585" starttime="565.032" endtime="565.032" c=".">.</w>
   <w nite:id="Bmr015.w.2,599" starttime="566.683" endtime="566.893" c="W">Gary</w>
   <w nite:id="Bmr015.w.2,600" starttime="566.893" endtime="" c="W">Strong</w>
   <w nite:id="Bmr015.w.2,601" starttime="" endtime="567.413" c="APOSS">'s</w>
   <disfmarker nite:id="Bmr015.disfmarker.109" starttime="" endtime=""/>
   <w nite:id="Bmr015.w.2,602" starttime="567.791" endtime="567.901" c="W">there</w>
   <w nite:id="Bmr015.w.2,603" starttime="567.901" endtime="568.021" c="W">was</w>
   <w nite:id="Bmr015.w.2,604" starttime="568.021" endtime="568.061" c="W">a</w>
   <w nite:id="Bmr015.w.2,605" starttime="568.061" endtime="568.441" c="W">sentence</w>
   <w nite:id="Bmr015.w.2,606" starttime="568.441" endtime="568.501" c="W">at</w>
   <w nite:id="Bmr015.w.2,607" starttime="568.501" endtime="568.591" c="W">the</w>
   <w nite:id="Bmr015.w.2,608" starttime="568.591" endtime="568.681" c="W">end</w>
   <w nite:id="Bmr015.w.2,609" starttime="568.681" endtime="568.741" c="W">of</w>
   <w nite:id="Bmr015.w.2,610" starttime="568.741" endtime="568.841" c="W">one</w>
   <w nite:id="Bmr015.w.2,611" starttime="568.841" endtime="568.901" c="W">of</w>
   <w nite:id="Bmr015.w.2,612" starttime="568.901" endtime="569.031" c="W">his</w>
   <w nite:id="Bmr015.w.2,613" starttime="569.031" endtime="569.581" c="W">paragraphs</w>
   <w nite:id="Bmr015.w.2,614" starttime="569.751" endtime="569.781" c="W">I</w>
   <disfmarker nite:id="Bmr015.disfmarker.110" starttime="" endtime=""/>
   <w nite:id="Bmr015.w.2,638" starttime="573.449" endtime="573.749" c="W">Mmm</w>
   <w nite:id="Bmr015.w.2,639" starttime="573.749" endtime="573.749" c=".">.</w>
   <w nite:id="Bmr015.w.2,640" starttime="574.536" endtime="574.626" c="W">He</w>
   <w nite:id="Bmr015.w.2,641" starttime="574.626" endtime="574.786" c="W">said</w>
   <w nite:id="Bmr015.w.2,642" starttime="574.786" endtime="574.866" c="W">the</w>
   <w nite:id="Bmr015.w.2,643" starttime="574.866" endtime="575.096" c="W">next</w>
   <w nite:id="Bmr015.w.2,644" starttime="575.096" endtime="" c="W">phase</w>
   <w nite:id="Bmr015.w.2,645" starttime="" endtime="575.426" c="W">'ll</w>
   <w nite:id="Bmr015.w.2,646" starttime="575.426" endtime="575.566" c="W">be</w>
   <w nite:id="Bmr015.w.2,647" starttime="575.566" endtime="576.026" c="W">very</w>
   <w nite:id="Bmr015.w.2,648" starttime="576.026" endtime="576.026" c="CM">,</w>
   <w nite:id="Bmr015.w.2,650" starttime="576.667" endtime="577.267" c="W">competitive</w>
   <w nite:id="Bmr015.w.2,651" starttime="577.267" endtime="577.777" c="W">because</w>
   <w nite:id="Bmr015.w.2,652" starttime="577.777" endtime="577.917" c="W">we</w>
   <w nite:id="Bmr015.w.2,653" starttime="577.917" endtime="578.157" c="W">didn't</w>
   <w nite:id="Bmr015.w.2,654" starttime="578.157" endtime="578.377" c="W">want</w>
   <w nite:id="Bmr015.w.2,655" starttime="578.377" endtime="578.477" c="W">to</w>
   <w nite:id="Bmr015.w.2,656" starttime="578.477" endtime="578.707" c="W">weed</w>
   <w nite:id="Bmr015.w.2,657" starttime="578.707" endtime="579.047" c="W">out</w>
   <w nite:id="Bmr015.w.2,664" starttime="579.782" endtime="580.142" c="W">much</w>
   <w nite:id="Bmr015.w.2,665" starttime="580.142" endtime="580.312" c="W">in</w>
   <w nite:id="Bmr015.w.2,666" starttime="580.312" endtime="580.392" c="W">the</w>
   <w nite:id="Bmr015.w.2,667" starttime="580.392" endtime="580.662" c="W">first</w>
   <w nite:id="Bmr015.w.2,668" starttime="580.662" endtime="580.942" c="W">phase</w>
   <w nite:id="Bmr015.w.2,669" starttime="580.942" endtime="580.942" c=".">.</w>
   <vocalsound nite:id="Bmr015.vocalsound.79" starttime="" endtime="" description="mouth"/>
   <w nite:id="Bmr015.w.2,973" starttime="656.952" endtime="657.312" c="W">I</w>
   <w nite:id="Bmr015.w.2,974" starttime="657.312" endtime="657.562" c="W">don't</w>
   <disfmarker nite:id="Bmr015.disfmarker.131" starttime="" endtime=""/>
   <w nite:id="Bmr015.w.2,975" starttime="657.642" endtime="657.792" c="W">I</w>
   <w nite:id="Bmr015.w.2,976" starttime="657.792" endtime="657.992" c="W">don't</w>
   <w nite:id="Bmr015.w.2,977" starttime="657.992" endtime="658.162" c="W">know</w>
   <w nite:id="Bmr015.w.2,978" starttime="658.162" endtime="658.162" c=".">.</w>
   <w nite:id="Bmr015.w.3,001" starttime="661.473" endtime="661.693" c="W">I</w>
   <disfmarker nite:id="Bmr015.disfmarker.132" starttime="" endtime=""/>
   <w nite:id="Bmr015.w.3,002" starttime="661.693" endtime="" c="W">I</w>
   <w nite:id="Bmr015.w.3,003" starttime="" endtime="661.933" c="W">'m</w>
   <disfmarker nite:id="Bmr015.disfmarker.133" starttime="" endtime=""/>
   <w nite:id="Bmr015.w.3,007" starttime="662.487" endtime="662.517" c="W">I</w>
   <w nite:id="Bmr015.w.3,008" starttime="662.517" endtime="662.667" c="W">don't</w>
   <w nite:id="Bmr015.w.3,009" starttime="662.667" endtime="663.007" c="W">remember</w>
   <w nite:id="Bmr015.w.3,010" starttime="663.007" endtime="663.007" c=".">.</w>
   <w nite:id="Bmr015.w.3,080" starttime="676.608" endtime="676.848" c="W">If</w>
   <w nite:id="Bmr015.w.3,081" starttime="676.848" endtime="677.298" c="W">we</w>
   <w nite:id="Bmr015.w.3,082" starttime="677.298" endtime="677.488" c="W">end</w>
   <w nite:id="Bmr015.w.3,083" starttime="677.488" endtime="677.688" c="W">up</w>
   <w nite:id="Bmr015.w.3,084" starttime="677.688" endtime="678.148" c="W">getting</w>
   <w nite:id="Bmr015.w.3,085" starttime="679.06" endtime="679.64" c="W">this</w>
   <w nite:id="Bmr015.w.3,086" starttime="679.64" endtime="679.64" c="CM">,</w>
   <w nite:id="Bmr015.w.3,087" starttime="679.64" endtime="680.12" c="W">um</w>
   <w nite:id="Bmr015.w.3,088" starttime="680.12" endtime="680.12" c="CM">,</w>
   <w nite:id="Bmr015.w.3,089" starttime="680.722" endtime="680.872" c="W">what</w>
   <w nite:id="Bmr015.w.3,090" starttime="680.872" endtime="681.042" c="W">will</w>
   <w nite:id="Bmr015.w.3,091" starttime="681.042" endtime="681.102" c="W">it</w>
   <w nite:id="Bmr015.w.3,092" starttime="681.102" endtime="681.302" c="W">mean</w>
   <w nite:id="Bmr015.w.3,093" starttime="681.302" endtime="681.362" c="W">to</w>
   <w nite:id="Bmr015.w.3,094" starttime="681.362" endtime="681.792" c="W">ICSI</w>
   <w nite:id="Bmr015.w.3,095" starttime="681.792" endtime="681.882" c="W">in</w>
   <w nite:id="Bmr015.w.3,096" starttime="681.882" endtime="682.192" c="W">terms</w>
   <w nite:id="Bmr015.w.3,097" starttime="682.192" endtime="682.482" c="W">of</w>
   <w nite:id="Bmr015.w.3,098" starttime="682.482" endtime="682.482" c="CM">,</w>
   <w nite:id="Bmr015.w.3,099" starttime="682.872" endtime="682.982" c="TRUNCW">w</w>
   <w nite:id="Bmr015.w.3,100" starttime="682.982" endtime="683.052" c="TRUNCW">wh</w>
   <w nite:id="Bmr015.w.3,101" starttime="683.052" endtime="683.462" c="W">where</w>
   <w nite:id="Bmr015.w.3,102" starttime="683.462" endtime="683.562" c="W">will</w>
   <w nite:id="Bmr015.w.3,103" starttime="683.562" endtime="683.622" c="W">the</w>
   <w nite:id="Bmr015.w.3,104" starttime="683.622" endtime="683.852" c="W">money</w>
   <w nite:id="Bmr015.w.3,105" starttime="683.852" endtime="684.012" c="W">go</w>
   <w nite:id="Bmr015.w.3,106" starttime="684.012" endtime="684.162" c="W">to</w>
   <w nite:id="Bmr015.w.3,107" starttime="684.162" endtime="684.162" c="CM">,</w>
   <w nite:id="Bmr015.w.3,108" starttime="684.162" endtime="684.282" c="W">what</w>
   <w nite:id="Bmr015.w.3,109" starttime="684.282" endtime="684.402" c="W">would</w>
   <w nite:id="Bmr015.w.3,110" starttime="684.402" endtime="684.502" c="W">we</w>
   <w nite:id="Bmr015.w.3,111" starttime="684.502" endtime="684.662" c="W">be</w>
   <w nite:id="Bmr015.w.3,112" starttime="684.662" endtime="684.932" c="W">doing</w>
   <w nite:id="Bmr015.w.3,113" starttime="684.932" endtime="685.112" c="W">with</w>
   <w nite:id="Bmr015.w.3,114" starttime="685.112" endtime="685.232" c="W">it</w>
   <w nite:id="Bmr015.w.3,115" starttime="685.232" endtime="685.232" c=".">?</w>
   <w nite:id="Bmr015.w.3,126" starttime="689.601" endtime="689.771" c="W">I</w>
   <disfmarker nite:id="Bmr015.disfmarker.139" starttime="" endtime=""/>
   <w nite:id="Bmr015.w.3,127" starttime="689.771" endtime="689.881" c="W">I</w>
   <w nite:id="Bmr015.w.3,128" starttime="689.881" endtime="690.051" c="W">mean</w>
   <w nite:id="Bmr015.w.3,129" starttime="690.051" endtime="690.191" c="W">uh</w>
   <w nite:id="Bmr015.w.3,130" starttime="690.191" endtime="690.491" c="W">which</w>
   <w nite:id="Bmr015.w.3,131" starttime="690.491" endtime="690.671" c="W">part</w>
   <w nite:id="Bmr015.w.3,132" starttime="690.671" endtime="690.801" c="W">is</w>
   <w nite:id="Bmr015.w.3,133" starttime="690.801" endtime="691.071" c="W">ICSI</w>
   <w nite:id="Bmr015.w.3,134" starttime="691.071" endtime="691.251" c="W">though</w>
   <w nite:id="Bmr015.w.3,135" starttime="691.251" endtime="691.251" c=".">.</w>
   <w nite:id="Bmr015.w.3,136" starttime="691.251" endtime="691.311" c="W">I</w>
   <w nite:id="Bmr015.w.3,137" starttime="691.311" endtime="691.581" c="W">mean</w>
   <disfmarker nite:id="Bmr015.disfmarker.140" starttime="" endtime=""/>
   <w nite:id="Bmr015.w.3,157" starttime="694.452" endtime="694.722" c="W">Dang</w>
   <w nite:id="Bmr015.w.3,158" starttime="694.722" endtime="694.722" c=".">!</w>
   <comment nite:id="Bmr015.comment.30" starttime="" endtime="" description="interjection"/>
   <w nite:id="Bmr015.w.3,170" starttime="702.032" endtime="" c="W">It</w>
   <w nite:id="Bmr015.w.3,171" starttime="" endtime="702.302" c="APOSS">'s</w>
   <w nite:id="Bmr015.w.3,172" starttime="702.302" endtime="702.582" c="W">just</w>
   <w nite:id="Bmr015.w.3,173" starttime="702.582" endtime="702.662" c="W">for</w>
   <w nite:id="Bmr015.w.3,174" starttime="702.662" endtime="702.762" c="W">the</w>
   <w nite:id="Bmr015.w.3,175" starttime="702.762" endtime="703.182" c="W">research</w>
   <disfmarker nite:id="Bmr015.disfmarker.143" starttime="" endtime=""/>
   <w nite:id="Bmr015.w.3,176" starttime="703.182" endtime="703.242" c="W">to</w>
   <w nite:id="Bmr015.w.3,177" starttime="703.242" endtime="703.632" c="W">continue</w>
   <w nite:id="Bmr015.w.3,178" starttime="703.632" endtime="703.712" c="W">the</w>
   <w nite:id="Bmr015.w.3,179" starttime="703.712" endtime="704.132" c="W">research</w>
   <w nite:id="Bmr015.w.3,180" starttime="704.132" endtime="704.422" c="W">on</w>
   <w nite:id="Bmr015.w.3,181" starttime="704.492" endtime="704.552" c="W">the</w>
   <w nite:id="Bmr015.w.3,182" starttime="704.552" endtime="704.772" c="W">Meeting</w>
   <w nite:id="Bmr015.w.3,183" starttime="704.772" endtime="705.102" c="W">Recorder</w>
   <w nite:id="Bmr015.w.3,184" starttime="705.102" endtime="705.332" c="W">stuff</w>
   <w nite:id="Bmr015.w.3,185" starttime="705.332" endtime="705.332" c=".">?</w>
   <w nite:id="Bmr015.w.3,198" starttime="706.629" endtime="706.879" c="W">Yeah</w>
   <w nite:id="Bmr015.w.3,199" starttime="706.879" endtime="706.879" c=".">.</w>
   <w nite:id="Bmr015.w.3,281" starttime="729.688" endtime="" c="W">Mm</w>
   <w nite:id="Bmr015.w.3,282" starttime="" endtime="" c="HYPH">-</w>
   <w nite:id="Bmr015.w.3,283" starttime="" endtime="730.008" c="W">hmm</w>
   <w nite:id="Bmr015.w.3,284" starttime="730.008" endtime="730.008" c=".">.</w>
   <w nite:id="Bmr015.w.3,289" starttime="730.969" endtime="731.269" c="W">Right</w>
   <w nite:id="Bmr015.w.3,290" starttime="731.269" endtime="731.269" c="CM">,</w>
   <w nite:id="Bmr015.w.3,291" starttime="731.369" endtime="731.559" c="W">right</w>
   <w nite:id="Bmr015.w.3,292" starttime="731.559" endtime="731.559" c=".">.</w>
   <w nite:id="Bmr015.w.3,344" starttime="744.219" endtime="744.379" c="W">So</w>
   <w nite:id="Bmr015.w.3,345" starttime="744.379" endtime="744.799" c="W">assuming</w>
   <w nite:id="Bmr015.w.3,346" starttime="744.799" endtime="" c="W">everybody</w>
   <w nite:id="Bmr015.w.3,347" starttime="" endtime="745.359" c="APOSS">'s</w>
   <w nite:id="Bmr015.w.3,348" starttime="745.359" endtime="745.749" c="W">completely</w>
   <w nite:id="Bmr015.w.3,349" starttime="745.749" endtime="746.029" c="W">busy</w>
   <w nite:id="Bmr015.w.3,350" starttime="746.029" endtime="746.399" c="W">now</w>
   <w nite:id="Bmr015.w.3,351" starttime="746.399" endtime="746.399" c="CM">,</w>
   <w nite:id="Bmr015.w.3,352" starttime="746.853" endtime="746.973" c="W">it</w>
   <w nite:id="Bmr015.w.3,353" starttime="746.973" endtime="747.233" c="W">means</w>
   <w nite:id="Bmr015.w.3,354" starttime="747.233" endtime="" c="W">we</w>
   <w nite:id="Bmr015.w.3,355" starttime="" endtime="747.303" c="W">'re</w>
   <w nite:id="Bmr015.w.3,356" starttime="747.303" endtime="747.483" c="W">gonna</w>
   <w nite:id="Bmr015.w.3,357" starttime="747.483" endtime="747.773" c="W">hafta</w>
   <w nite:id="Bmr015.w.3,358" starttime="747.773" endtime="747.773" c="CM">,</w>
   <w nite:id="Bmr015.w.3,359" starttime="748.289" endtime="748.499" c="W">hire</w>
   <w nite:id="Bmr015.w.3,360" starttime="748.499" endtime="748.679" c="W">more</w>
   <w nite:id="Bmr015.w.3,361" starttime="748.679" endtime="749.249" c="W">students</w>
   <w nite:id="Bmr015.w.3,362" starttime="749.249" endtime="749.249" c="CM">,</w>
   <w nite:id="Bmr015.w.3,363" starttime="749.249" endtime="749.499" c="W">or</w>
   <w nite:id="Bmr015.w.3,364" starttime="749.499" endtime="749.499" c="CM">,</w>
   <w nite:id="Bmr015.w.3,365" starttime="750.2" endtime="750.55" c="W">something</w>
   <w nite:id="Bmr015.w.3,366" starttime="750.55" endtime="750.55" c=".">?</w>
   <vocalsound nite:id="Bmr015.vocalsound.98" starttime="" endtime="" description="laugh"/>
   <w nite:id="Bmr015.w.3,434" starttime="765.48" endtime="766.1" c="W">Right</w>
   <w nite:id="Bmr015.w.3,435" starttime="766.1" endtime="766.1" c=".">.</w>
   <w nite:id="Bmr015.w.3,448" starttime="768.472" endtime="768.952" c="W">Right</w>
   <w nite:id="Bmr015.w.3,449" starttime="768.952" endtime="768.952" c=".">.</w>
   <w nite:id="Bmr015.w.3,459" starttime="769.688" endtime="769.858" c="W">I</w>
   <w nite:id="Bmr015.w.3,460" starttime="769.858" endtime="770.118" c="W">see</w>
   <w nite:id="Bmr015.w.3,461" starttime="770.118" endtime="770.118" c=".">.</w>
   <vocalsound nite:id="Bmr015.vocalsound.106" starttime="" endtime="" description="laugh"/>
   <w nite:id="Bmr015.w.4,076" starttime="902.667" endtime="902.857" c="W">Cuz</w>
   <w nite:id="Bmr015.w.4,077" starttime="902.857" endtime="902.997" c="W">of</w>
   <w nite:id="Bmr015.w.4,078" starttime="902.997" endtime="903.527" c="W">digits</w>
   <w nite:id="Bmr015.w.4,079" starttime="903.527" endtime="903.527" c=".">.</w>
   <w nite:id="Bmr015.w.4,511" starttime="1008.77" endtime="1008.91" c="W">That</w>
   <w nite:id="Bmr015.w.4,512" starttime="1008.91" endtime="1009.25" c="W">sounds</w>
   <w nite:id="Bmr015.w.4,513" starttime="1009.25" endtime="1009.48" c="W">good</w>
   <w nite:id="Bmr015.w.4,514" starttime="1009.48" endtime="1009.48" c=".">.</w>
   <vocalsound nite:id="Bmr015.vocalsound.128" starttime="" endtime="" description="laugh"/>
   <vocalsound nite:id="Bmr015.vocalsound.134" starttime="" endtime="" description="laugh"/>
   <w nite:id="Bmr015.w.6,006" starttime="1390.64" endtime="1390.93" c="W">Is</w>
   <disfmarker nite:id="Bmr015.disfmarker.285" starttime="" endtime=""/>
   <w nite:id="Bmr015.w.6,007" starttime="1391.03" endtime="1391.38" c="W">is</w>
   <w nite:id="Bmr015.w.6,008" starttime="1391.38" endtime="1391.59" c="W">this</w>
   <w nite:id="Bmr015.w.6,009" starttime="1391.59" endtime="1391.74" c="W">the</w>
   <w nite:id="Bmr015.w.6,010" starttime="1391.74" endtime="1392.25" c="W">algorithm</w>
   <w nite:id="Bmr015.w.6,011" starttime="1392.25" endtime="1392.38" c="W">where</w>
   <w nite:id="Bmr015.w.6,012" starttime="1392.38" endtime="1392.9" c="W">you</w>
   <w nite:id="Bmr015.w.6,013" starttime="1393.11" endtime="1394.11" c="W">hypothesize</w>
   <w nite:id="Bmr015.w.6,014" starttime="1394.11" endtime="1394.31" c="W">a</w>
   <w nite:id="Bmr015.w.6,015" starttime="1394.31" endtime="1395.07" c="W">fundamental</w>
   <w nite:id="Bmr015.w.6,016" starttime="1395.07" endtime="1395.07" c="CM">,</w>
   <w nite:id="Bmr015.w.6,017" starttime="1395.34" endtime="1395.49" c="W">and</w>
   <w nite:id="Bmr015.w.6,018" starttime="1395.49" endtime="1395.85" c="W">then</w>
   <w nite:id="Bmr015.w.6,025" starttime="1396.85" endtime="1397.03" c="W">get</w>
   <w nite:id="Bmr015.w.6,026" starttime="1397.03" endtime="1397.18" c="W">the</w>
   <w nite:id="Bmr015.w.6,027" starttime="1397.18" endtime="1397.54" c="W">energy</w>
   <w nite:id="Bmr015.w.6,028" starttime="1397.54" endtime="1397.7" c="W">for</w>
   <w nite:id="Bmr015.w.6,029" starttime="1397.7" endtime="1397.86" c="W">all</w>
   <w nite:id="Bmr015.w.6,030" starttime="1397.86" endtime="1398.04" c="W">the</w>
   <w nite:id="Bmr015.w.6,031" starttime="1398.04" endtime="1398.65" c="W">harmonics</w>
   <w nite:id="Bmr015.w.6,032" starttime="1398.65" endtime="1398.74" c="W">of</w>
   <w nite:id="Bmr015.w.6,033" starttime="1398.74" endtime="1398.9" c="W">that</w>
   <w nite:id="Bmr015.w.6,034" starttime="1398.9" endtime="1399.42" c="W">fundamental</w>
   <w nite:id="Bmr015.w.6,035" starttime="1399.42" endtime="1399.42" c=".">?</w>
   <w nite:id="Bmr015.w.6,038" starttime="1400.08" endtime="1400.17" c="W">And</w>
   <w nite:id="Bmr015.w.6,039" starttime="1400.17" endtime="1400.27" c="W">then</w>
   <w nite:id="Bmr015.w.6,040" starttime="1400.27" endtime="1400.84" c="W">hypothesize</w>
   <w nite:id="Bmr015.w.6,041" starttime="1400.84" endtime="1400.88" c="W">a</w>
   <w nite:id="Bmr015.w.6,042" starttime="1400.88" endtime="1401.07" c="W">new</w>
   <w nite:id="Bmr015.w.6,043" starttime="1401.07" endtime="1401.59" c="W">fundamental</w>
   <w nite:id="Bmr015.w.6,044" starttime="1401.59" endtime="1401.68" c="W">and</w>
   <w nite:id="Bmr015.w.6,045" starttime="1401.68" endtime="1401.79" c="W">get</w>
   <w nite:id="Bmr015.w.6,046" starttime="1402.02" endtime="1402.1" c="W">the</w>
   <w nite:id="Bmr015.w.6,047" starttime="1402.1" endtime="1402.41" c="W">energy</w>
   <disfmarker nite:id="Bmr015.disfmarker.288" starttime="" endtime=""/>
   <vocalsound nite:id="Bmr015.vocalsound.158" starttime="" endtime="" description="mouth"/>
   <w nite:id="Bmr015.w.6,489" starttime="1530.67" endtime="1530.73" c="W">Do</w>
   <w nite:id="Bmr015.w.6,490" starttime="1530.73" endtime="1530.79" c="W">you</w>
   <w nite:id="Bmr015.w.6,491" starttime="1530.79" endtime="1531.19" c="W">hafta</w>
   <w nite:id="Bmr015.w.6,492" starttime="1531.19" endtime="1531.37" c="W">do</w>
   <w nite:id="Bmr015.w.6,493" starttime="1531.37" endtime="1531.59" c="W">some</w>
   <w nite:id="Bmr015.w.6,494" starttime="1531.59" endtime="1531.88" c="W">kind</w>
   <w nite:id="Bmr015.w.6,495" starttime="1531.88" endtime="1532.08" c="W">of</w>
   <w nite:id="Bmr015.w.6,496" starttime="1532.08" endtime="1532.08" c="CM">,</w>
   <w nite:id="Bmr015.w.6,497" starttime="1532.23" endtime="1532.7" c="W">uh</w>
   <w nite:id="Bmr015.w.6,498" starttime="1532.7" endtime="1532.7" c="CM">,</w>
   <w nite:id="Bmr015.w.6,499" starttime="1532.7" endtime="" c="W">low</w>
   <w nite:id="Bmr015.w.6,500" starttime="" endtime="" c="HYPH">-</w>
   <w nite:id="Bmr015.w.6,501" starttime="" endtime="1533.2" c="W">pass</w>
   <w nite:id="Bmr015.w.6,502" starttime="1533.2" endtime="1533.58" c="W">filter</w>
   <w nite:id="Bmr015.w.6,503" starttime="1533.58" endtime="1533.91" c="W">before</w>
   <w nite:id="Bmr015.w.6,504" starttime="1533.91" endtime="1534.03" c="W">you</w>
   <w nite:id="Bmr015.w.6,505" starttime="1534.03" endtime="1534.19" c="W">do</w>
   <w nite:id="Bmr015.w.6,506" starttime="1534.19" endtime="1534.42" c="W">that</w>
   <w nite:id="Bmr015.w.6,507" starttime="1534.42" endtime="1534.42" c=".">?</w>
   <w nite:id="Bmr015.w.6,512" starttime="1537.32" endtime="1537.55" c="W">Or</w>
   <disfmarker nite:id="Bmr015.disfmarker.339" starttime="" endtime=""/>
   <w nite:id="Bmr015.w.6,571" starttime="1547.71" endtime="1547.8" c="W">But</w>
   <w nite:id="Bmr015.w.6,572" starttime="1547.8" endtime="1547.88" c="TRUNCW">i</w>
   <w nite:id="Bmr015.w.6,573" starttime="1548.57" endtime="1548.66" c="W">But</w>
   <w nite:id="Bmr015.w.6,574" starttime="1548.66" endtime="1548.72" c="W">the</w>
   <w nite:id="Bmr015.w.6,575" starttime="1548.72" endtime="1549.22" c="W">harmonics</w>
   <w nite:id="Bmr015.w.6,576" starttime="1549.22" endtime="1549.28" c="W">are</w>
   <w nite:id="Bmr015.w.6,577" starttime="1549.28" endtime="1549.5" c="W">gonna</w>
   <w nite:id="Bmr015.w.6,578" starttime="1549.5" endtime="1550.03" c="W">be</w>
   <w nite:id="Bmr015.w.6,579" starttime="1550.03" endtime="1550.03" c="CM">,</w>
   <w nite:id="Bmr015.w.6,580" starttime="1551.1" endtime="1551.79" c="W">uh</w>
   <w nite:id="Bmr015.w.6,581" starttime="1551.79" endtime="1551.79" c="CM">,</w>
   <w nite:id="Bmr015.w.6,582" starttime="1552.82" endtime="1553.25" c="W">uh</w>
   <w nite:id="Bmr015.w.6,583" starttime="1553.25" endtime="1553.25" c="CM">,</w>
   <w nite:id="Bmr015.w.6,584" starttime="1554.73" endtime="1554.76" c="W">I</w>
   <w nite:id="Bmr015.w.6,585" starttime="1554.76" endtime="1554.88" c="W">don't</w>
   <w nite:id="Bmr015.w.6,586" starttime="1554.88" endtime="1554.94" c="W">know</w>
   <w nite:id="Bmr015.w.6,587" starttime="1554.94" endtime="1555.03" c="W">what</w>
   <w nite:id="Bmr015.w.6,588" starttime="1555.03" endtime="1555.09" c="W">the</w>
   <w nite:id="Bmr015.w.6,589" starttime="1555.09" endtime="1555.23" c="W">right</w>
   <w nite:id="Bmr015.w.6,590" starttime="1555.23" endtime="1555.49" c="W">word</w>
   <w nite:id="Bmr015.w.6,591" starttime="1555.49" endtime="1555.76" c="W">is</w>
   <w nite:id="Bmr015.w.6,592" starttime="1555.76" endtime="1555.76" c=".">.</w>
   <w nite:id="Bmr015.w.6,593" starttime="1555.9" endtime="1556.38" c="W">Um</w>
   <w nite:id="Bmr015.w.6,594" starttime="1556.38" endtime="1556.38" c="CM">,</w>
   <w nite:id="Bmr015.w.6,595" starttime="1557.28" endtime="" c="W">they</w>
   <w nite:id="Bmr015.w.6,596" starttime="" endtime="1557.37" c="W">'re</w>
   <w nite:id="Bmr015.w.6,597" starttime="1557.37" endtime="1557.55" c="W">gonna</w>
   <w nite:id="Bmr015.w.6,598" starttime="1557.55" endtime="1557.65" c="W">be</w>
   <w nite:id="Bmr015.w.6,599" starttime="1557.65" endtime="1558.25" c="W">dampened</w>
   <w nite:id="Bmr015.w.6,600" starttime="1558.3" endtime="1558.82" c="W">by</w>
   <w nite:id="Bmr015.w.6,601" starttime="1559.2" endtime="1559.74" c="W">the</w>
   <w nite:id="Bmr015.w.6,602" starttime="1560.34" endtime="1560.66" c="W">uh</w>
   <w nite:id="Bmr015.w.6,603" starttime="1560.66" endtime="1560.66" c="CM">,</w>
   <w nite:id="Bmr015.w.6,604" starttime="1561.16" endtime="1561.38" c="W">vocal</w>
   <w nite:id="Bmr015.w.6,605" starttime="1561.38" endtime="1561.72" c="W">tract</w>
   <w nite:id="Bmr015.w.6,606" starttime="1561.72" endtime="1561.72" c="CM">,</w>
   <w nite:id="Bmr015.w.6,607" starttime="1561.72" endtime="1562.03" c="W">right</w>
   <w nite:id="Bmr015.w.6,608" starttime="1562.03" endtime="1562.03" c=".">?</w>
   <w nite:id="Bmr015.w.6,609" starttime="1563.14" endtime="1563.2" c="W">The</w>
   <w nite:id="Bmr015.w.6,610" starttime="1563.2" endtime="1563.46" c="W">response</w>
   <w nite:id="Bmr015.w.6,611" starttime="1563.46" endtime="1563.52" c="W">of</w>
   <w nite:id="Bmr015.w.6,612" starttime="1563.52" endtime="1563.64" c="W">the</w>
   <w nite:id="Bmr015.w.6,613" starttime="1563.64" endtime="1563.94" c="W">vocal</w>
   <w nite:id="Bmr015.w.6,614" starttime="1563.94" endtime="1564.35" c="W">tract</w>
   <w nite:id="Bmr015.w.6,615" starttime="1564.35" endtime="1564.35" c=".">.</w>
   <w nite:id="Bmr015.w.6,620" starttime="1564.97" endtime="1565.16" c="W">And</w>
   <w nite:id="Bmr015.w.6,621" starttime="1565.16" endtime="1565.66" c="W">so</w>
   <disfmarker nite:id="Bmr015.disfmarker.343" starttime="" endtime=""/>
   <w nite:id="Bmr015.w.6,622" starttime="1566.33" endtime="1566.49" c="W">just</w>
   <w nite:id="Bmr015.w.6,623" starttime="1566.49" endtime="1566.9" c="W">looking</w>
   <w nite:id="Bmr015.w.6,624" starttime="1566.9" endtime="1567.0" c="W">at</w>
   <w nite:id="Bmr015.w.6,625" starttime="1567.0" endtime="1567.13" c="W">the</w>
   <w nite:id="Bmr015.w.6,626" starttime="1567.13" endtime="1567.43" c="W">energy</w>
   <w nite:id="Bmr015.w.6,627" starttime="1567.43" endtime="1567.52" c="W">on</w>
   <w nite:id="Bmr015.w.6,628" starttime="1567.52" endtime="1567.81" c="W">those</w>
   <disfmarker nite:id="Bmr015.disfmarker.344" starttime="" endtime=""/>
   <w nite:id="Bmr015.w.6,629" starttime="1568.47" endtime="1568.62" c="W">at</w>
   <w nite:id="Bmr015.w.6,630" starttime="1568.62" endtime="1568.74" c="W">the</w>
   <w nite:id="Bmr015.w.6,631" starttime="1568.74" endtime="1569.46" c="W">harmonics</w>
   <w nite:id="Bmr015.w.6,632" starttime="1569.46" endtime="1569.46" c="CM">,</w>
   <w nite:id="Bmr015.w.6,633" starttime="1570.12" endtime="1570.28" c="W">is</w>
   <w nite:id="Bmr015.w.6,634" starttime="1570.28" endtime="1570.44" c="W">that</w>
   <w nite:id="Bmr015.w.6,635" starttime="1570.44" endtime="1570.73" c="W">gonna</w>
   <disfmarker nite:id="Bmr015.disfmarker.345" starttime="" endtime=""/>
   <w nite:id="Bmr015.w.6,636" starttime="1570.73" endtime="1570.73" c=".">?</w>
   <nonvocalsound nite:id="Bmr015.nonvocalsound.95" starttime="" endtime="" description="mike noise"/>
   <w nite:id="Bmr015.w.6,653" starttime="1578.09" endtime="1578.12" c="W">I</w>
   <w nite:id="Bmr015.w.6,654" starttime="1578.12" endtime="1578.29" c="TRUNCW">m</w>
   <w nite:id="Bmr015.w.6,655" starttime="1578.29" endtime="1578.49" c="W">what</w>
   <w nite:id="Bmr015.w.6,656" starttime="1578.49" endtime="" c="W">you</w>
   <w nite:id="Bmr015.w.6,657" starttime="" endtime="1578.62" c="W">'d</w>
   <w nite:id="Bmr015.w.6,658" starttime="1578.62" endtime="1578.77" c="W">like</w>
   <w nite:id="Bmr015.w.6,659" starttime="1578.77" endtime="1578.85" c="W">to</w>
   <w nite:id="Bmr015.w.6,660" starttime="1578.85" endtime="1579.0" c="W">do</w>
   <w nite:id="Bmr015.w.6,661" starttime="1579.0" endtime="1579.11" c="W">is</w>
   <w nite:id="Bmr015.w.6,662" starttime="1579.11" endtime="1579.26" c="W">get</w>
   <w nite:id="Bmr015.w.6,663" starttime="1579.26" endtime="1579.55" c="W">rid</w>
   <w nite:id="Bmr015.w.6,664" starttime="1579.55" endtime="1579.77" c="W">of</w>
   <w nite:id="Bmr015.w.6,665" starttime="1579.77" endtime="1580.23" c="W">the</w>
   <w nite:id="Bmr015.w.6,666" starttime="1580.23" endtime="1580.69" c="W">effect</w>
   <w nite:id="Bmr015.w.6,667" starttime="1580.84" endtime="1580.97" c="W">of</w>
   <w nite:id="Bmr015.w.6,668" starttime="1580.97" endtime="1581.05" c="W">the</w>
   <w nite:id="Bmr015.w.6,669" starttime="1581.05" endtime="1581.35" c="W">vocal</w>
   <w nite:id="Bmr015.w.6,670" starttime="1581.35" endtime="1581.75" c="W">tract</w>
   <w nite:id="Bmr015.w.6,671" starttime="1581.75" endtime="1581.75" c=".">.</w>
   <w nite:id="Bmr015.w.6,672" starttime="1581.75" endtime="1581.99" c="W">Right</w>
   <w nite:id="Bmr015.w.6,673" starttime="1581.99" endtime="1581.99" c=".">?</w>
   <w nite:id="Bmr015.w.6,676" starttime="1582.61" endtime="1582.71" c="W">And</w>
   <w nite:id="Bmr015.w.6,677" starttime="1582.71" endtime="1583.03" c="W">just</w>
   <w nite:id="Bmr015.w.6,678" starttime="1583.03" endtime="1583.35" c="W">look</w>
   <w nite:id="Bmr015.w.6,679" starttime="1583.35" endtime="1583.49" c="W">at</w>
   <w nite:id="Bmr015.w.6,680" starttime="1583.49" endtime="1583.8" c="W">the</w>
   <disfmarker nite:id="Bmr015.disfmarker.348" starttime="" endtime=""/>
   <w nite:id="Bmr015.w.6,681" starttime="1585.89" endtime="1586.05" c="W">at</w>
   <disfmarker nite:id="Bmr015.disfmarker.349" starttime="" endtime=""/>
   <w nite:id="Bmr015.w.6,684" starttime="1586.93" endtime="1587.04" c="W">at</w>
   <w nite:id="Bmr015.w.6,685" starttime="1587.1" endtime="1587.2" c="W">the</w>
   <w nite:id="Bmr015.w.6,686" starttime="1587.2" endtime="1587.5" c="W">signal</w>
   <w nite:id="Bmr015.w.6,687" starttime="1587.5" endtime="1587.83" c="W">coming</w>
   <w nite:id="Bmr015.w.6,688" starttime="1587.83" endtime="1587.92" c="W">out</w>
   <w nite:id="Bmr015.w.6,689" starttime="1587.92" endtime="1588.0" c="W">of</w>
   <w nite:id="Bmr015.w.6,690" starttime="1588.0" endtime="1588.06" c="W">the</w>
   <w nite:id="Bmr015.w.6,691" starttime="1588.06" endtime="1588.66" c="W">glottis</w>
   <w nite:id="Bmr015.w.6,692" starttime="1588.66" endtime="1588.66" c=".">.</w>
   <vocalsound nite:id="Bmr015.vocalsound.179" starttime="" endtime="" description="laugh"/>
   <vocalsound nite:id="Bmr015.vocalsound.181" starttime="" endtime="" description="laugh"/>
   <w nite:id="Bmr015.w.6,758" starttime="1598.89" endtime="" c="W">Uh</w>
   <w nite:id="Bmr015.w.6,759" starttime="" endtime="" c="HYPH">-</w>
   <w nite:id="Bmr015.w.6,760" starttime="" endtime="1599.16" c="W">huh</w>
   <w nite:id="Bmr015.w.6,761" starttime="1599.16" endtime="1599.16" c=".">.</w>
   <nonvocalsound nite:id="Bmr015.nonvocalsound.97" starttime="" endtime="" description="mike noise"/>
   <w nite:id="Bmr015.w.6,931" starttime="1642.32" endtime="1642.62" c="W">Yeah</w>
   <w nite:id="Bmr015.w.6,932" starttime="1642.62" endtime="1642.62" c=".">.</w>
   <w nite:id="Bmr015.w.8,347" starttime="2076.09" endtime="" c="W">Uh</w>
   <w nite:id="Bmr015.w.8,348" starttime="" endtime="" c="HYPH">-</w>
   <w nite:id="Bmr015.w.8,349" starttime="" endtime="2076.15" c="W">uh</w>
   <w nite:id="Bmr015.w.8,350" starttime="2076.15" endtime="2076.15" c=".">.</w>
   <comment nite:id="Bmr015.comment.64" starttime="" endtime="" description="meaning &quot;no&quot;"/>
   <w nite:id="Bmr015.w.8,515" starttime="2110.55" endtime="2110.75" c="W">An</w>
   <w nite:id="Bmr015.w.8,516" starttime="" endtime="" c="SYM">-</w>
   <w nite:id="Bmr015.w.8,517" starttime="2110.91" endtime="2111.16" c="W">any</w>
   <w nite:id="Bmr015.w.8,518" starttime="2111.16" endtime="2111.79" c="W">application</w>
   <w nite:id="Bmr015.w.8,519" starttime="2111.79" endtime="2111.97" c="W">may</w>
   <w nite:id="Bmr015.w.8,520" starttime="2111.97" endtime="2112.14" c="W">have</w>
   <w nite:id="Bmr015.w.8,521" starttime="2112.18" endtime="2112.3" c="W">to</w>
   <w nite:id="Bmr015.w.8,522" starttime="2112.3" endtime="2112.3" c=".">.</w>
   <w nite:id="Bmr015.w.8,796" starttime="2170.37" endtime="" c="W">Mm</w>
   <w nite:id="Bmr015.w.8,797" starttime="" endtime="" c="HYPH">-</w>
   <w nite:id="Bmr015.w.8,798" starttime="" endtime="2170.92" c="W">hmm</w>
   <w nite:id="Bmr015.w.8,799" starttime="2170.92" endtime="2170.92" c=".">.</w>
   <w nite:id="Bmr015.w.9,363" starttime="2289.13" endtime="2289.22" c="W">Well</w>
   <w nite:id="Bmr015.w.9,364" starttime="2289.22" endtime="2289.22" c="CM">,</w>
   <w nite:id="Bmr015.w.9,365" starttime="2289.22" endtime="" c="W">there</w>
   <w nite:id="Bmr015.w.9,366" starttime="" endtime="2289.43" c="APOSS">'s</w>
   <w nite:id="Bmr015.w.9,367" starttime="2289.43" endtime="2289.64" c="TRUNCW">a</w>
   <w nite:id="Bmr015.w.9,368" starttime="2289.64" endtime="" c="W">there</w>
   <w nite:id="Bmr015.w.9,369" starttime="" endtime="2289.82" c="APOSS">'s</w>
   <disfmarker nite:id="Bmr015.disfmarker.562" starttime="" endtime=""/>
   <w nite:id="Bmr015.w.9,493" starttime="2318.22" endtime="2318.44" c="W">I</w>
   <disfmarker nite:id="Bmr015.disfmarker.573" starttime="" endtime=""/>
   <w nite:id="Bmr015.w.9,528" starttime="2326.24" endtime="2326.63" c="W">Yeah</w>
   <w nite:id="Bmr015.w.9,529" starttime="2326.63" endtime="2326.63" c="CM">,</w>
   <w nite:id="Bmr015.w.9,530" starttime="2326.63" endtime="2326.76" c="W">I</w>
   <disfmarker nite:id="Bmr015.disfmarker.579" starttime="" endtime=""/>
   <w nite:id="Bmr015.w.9,531" starttime="2326.76" endtime="2327.0" c="W">I</w>
   <w nite:id="Bmr015.w.9,532" starttime="2327.0" endtime="2327.43" c="W">think</w>
   <w nite:id="Bmr015.w.9,533" starttime="2327.43" endtime="2327.43" c="CM">,</w>
   <w nite:id="Bmr015.w.9,534" starttime="2327.5" endtime="2328.02" c="W">um</w>
   <w nite:id="Bmr015.w.9,535" starttime="2328.02" endtime="2328.02" c="CM">,</w>
   <w nite:id="Bmr015.w.9,536" starttime="2328.24" endtime="2328.57" c="W">one</w>
   <w nite:id="Bmr015.w.9,537" starttime="2328.69" endtime="2329.12" c="W">possible</w>
   <w nite:id="Bmr015.w.9,538" starttime="2329.12" endtime="2329.27" c="W">way</w>
   <w nite:id="Bmr015.w.9,539" starttime="2329.27" endtime="2329.39" c="W">that</w>
   <w nite:id="Bmr015.w.9,540" starttime="2329.39" endtime="2329.48" c="W">we</w>
   <w nite:id="Bmr015.w.9,541" starttime="2329.48" endtime="2329.62" c="W">could</w>
   <w nite:id="Bmr015.w.9,542" starttime="2329.62" endtime="2329.99" c="W">handle</w>
   <w nite:id="Bmr015.w.9,543" starttime="2329.99" endtime="2330.08" c="W">it</w>
   <w nite:id="Bmr015.w.9,544" starttime="2330.08" endtime="2330.28" c="W">is</w>
   <w nite:id="Bmr015.w.9,545" starttime="2330.35" endtime="2330.66" c="W">that</w>
   <w nite:id="Bmr015.w.9,546" starttime="2330.66" endtime="2330.66" c="CM">,</w>
   <w nite:id="Bmr015.w.9,547" starttime="2331.21" endtime="2331.67" c="W">um</w>
   <w nite:id="Bmr015.w.9,548" starttime="2331.67" endtime="2331.67" c="CM">,</w>
   <w nite:id="Bmr015.w.9,549" starttime="2332.25" endtime="2332.31" c="W">you</w>
   <w nite:id="Bmr015.w.9,550" starttime="2332.31" endtime="2332.39" c="W">know</w>
   <w nite:id="Bmr015.w.9,551" starttime="2332.39" endtime="2332.39" c="CM">,</w>
   <w nite:id="Bmr015.w.9,552" starttime="2332.39" endtime="2332.63" c="W">as</w>
   <w nite:id="Bmr015.w.9,553" starttime="2332.89" endtime="2333.01" c="W">the</w>
   <w nite:id="Bmr015.w.9,554" starttime="2333.01" endtime="2333.58" c="W">transcribers</w>
   <w nite:id="Bmr015.w.9,555" starttime="2333.58" endtime="2333.64" c="W">are</w>
   <w nite:id="Bmr015.w.9,556" starttime="2333.64" endtime="2333.87" c="W">going</w>
   <w nite:id="Bmr015.w.9,557" starttime="2333.87" endtime="2334.02" c="W">through</w>
   <w nite:id="Bmr015.w.9,558" starttime="2334.02" endtime="2334.02" c="CM">,</w>
   <w nite:id="Bmr015.w.9,559" starttime="2334.02" endtime="2334.11" c="W">and</w>
   <w nite:id="Bmr015.w.9,560" starttime="2334.11" endtime="2334.19" c="W">if</w>
   <w nite:id="Bmr015.w.9,561" starttime="2334.19" endtime="2334.3" c="W">they</w>
   <w nite:id="Bmr015.w.9,562" starttime="2334.3" endtime="2334.46" c="W">get</w>
   <w nite:id="Bmr015.w.9,563" starttime="2334.46" endtime="2334.52" c="W">a</w>
   <w nite:id="Bmr015.w.9,564" starttime="2334.52" endtime="2334.87" c="W">hunk</w>
   <w nite:id="Bmr015.w.9,565" starttime="2334.87" endtime="2335.15" c="W">of</w>
   <w nite:id="Bmr015.w.9,566" starttime="2335.71" endtime="2336.07" c="W">speech</w>
   <w nite:id="Bmr015.w.9,567" starttime="2336.07" endtime="2336.2" c="W">that</w>
   <w nite:id="Bmr015.w.9,568" starttime="2336.2" endtime="" c="W">they</w>
   <w nite:id="Bmr015.w.9,569" starttime="" endtime="2336.32" c="W">'re</w>
   <w nite:id="Bmr015.w.9,570" starttime="2336.32" endtime="2336.5" c="W">gonna</w>
   <w nite:id="Bmr015.w.9,571" starttime="2336.5" endtime="2337.12" c="W">transcribe</w>
   <w nite:id="Bmr015.w.9,572" starttime="2337.12" endtime="2337.12" c="CM">,</w>
   <w nite:id="Bmr015.w.9,573" starttime="2338.47" endtime="2338.66" c="TRUNCW">u</w>
   <w nite:id="Bmr015.w.9,574" starttime="2338.77" endtime="2338.83" c="TRUNCW">th</w>
   <w nite:id="Bmr015.w.9,575" starttime="2338.83" endtime="" c="W">they</w>
   <w nite:id="Bmr015.w.9,576" starttime="" endtime="2339.01" c="W">'re</w>
   <w nite:id="Bmr015.w.9,577" starttime="2339.01" endtime="2339.19" c="W">gonna</w>
   <w nite:id="Bmr015.w.9,578" starttime="2339.19" endtime="2339.55" c="W">transcribe</w>
   <w nite:id="Bmr015.w.9,579" starttime="2339.55" endtime="2339.66" c="W">it</w>
   <w nite:id="Bmr015.w.9,580" starttime="2339.66" endtime="2339.98" c="W">because</w>
   <w nite:id="Bmr015.w.9,581" starttime="2339.98" endtime="" c="W">there</w>
   <w nite:id="Bmr015.w.9,582" starttime="" endtime="2340.23" c="APOSS">'s</w>
   <w nite:id="Bmr015.w.9,583" starttime="2340.23" endtime="2340.51" c="W">words</w>
   <w nite:id="Bmr015.w.9,584" starttime="2340.51" endtime="2340.58" c="W">in</w>
   <w nite:id="Bmr015.w.9,585" starttime="2340.58" endtime="2340.72" c="W">there</w>
   <w nite:id="Bmr015.w.9,586" starttime="2340.72" endtime="2340.75" c="W">or</w>
   <w nite:id="Bmr015.w.9,587" starttime="2340.75" endtime="2341.1" c="W">whatnot</w>
   <w nite:id="Bmr015.w.9,588" starttime="2341.1" endtime="2341.1" c=".">.</w>
   <w nite:id="Bmr015.w.9,589" starttime="2341.5" endtime="2341.64" c="W">If</w>
   <w nite:id="Bmr015.w.9,590" starttime="2341.64" endtime="" c="W">there</w>
   <w nite:id="Bmr015.w.9,591" starttime="" endtime="2341.84" c="APOSS">'s</w>
   <w nite:id="Bmr015.w.9,592" starttime="2341.84" endtime="2341.88" c="W">a</w>
   <w nite:id="Bmr015.w.9,593" starttime="2341.88" endtime="2342.28" c="W">breath</w>
   <w nite:id="Bmr015.w.9,594" starttime="2342.28" endtime="2342.52" c="W">in</w>
   <w nite:id="Bmr015.w.9,595" starttime="2342.52" endtime="2342.89" c="W">there</w>
   <w nite:id="Bmr015.w.9,596" starttime="2342.89" endtime="2342.89" c="CM">,</w>
   <w nite:id="Bmr015.w.9,599" starttime="2343.95" endtime="2344.02" c="W">they</w>
   <w nite:id="Bmr015.w.9,600" starttime="2344.02" endtime="2344.18" c="W">could</w>
   <w nite:id="Bmr015.w.9,601" starttime="2344.18" endtime="2344.76" c="W">transcribe</w>
   <w nite:id="Bmr015.w.9,602" starttime="2344.76" endtime="2345.12" c="W">that</w>
   <w nite:id="Bmr015.w.9,603" starttime="2345.12" endtime="2345.12" c=".">.</w>
   <w nite:id="Bmr015.w.9,626" starttime="2346.31" endtime="2346.49" c="W">Right</w>
   <w nite:id="Bmr015.w.9,627" starttime="2346.49" endtime="2346.49" c=".">.</w>
   <w nite:id="Bmr015.w.9,628" starttime="2347.11" endtime="2347.3" c="W">But</w>
   <disfmarker nite:id="Bmr015.disfmarker.581" starttime="" endtime=""/>
   <w nite:id="Bmr015.w.9,629" starttime="2348.4" endtime="2348.6" c="W">Right</w>
   <w nite:id="Bmr015.w.9,630" starttime="2348.6" endtime="2348.6" c=".">.</w>
   <w nite:id="Bmr015.w.9,631" starttime="2348.89" endtime="2349.04" c="W">But</w>
   <w nite:id="Bmr015.w.9,632" starttime="2349.04" endtime="2349.46" c="W">if</w>
   <w nite:id="Bmr015.w.9,633" starttime="2349.54" endtime="" c="W">there</w>
   <w nite:id="Bmr015.w.9,634" starttime="" endtime="2349.85" c="APOSS">'s</w>
   <w nite:id="Bmr015.w.9,635" starttime="2349.85" endtime="2349.9" c="W">a</w>
   <w nite:id="Bmr015.w.9,636" starttime="2349.9" endtime="2350.13" c="W">big</w>
   <w nite:id="Bmr015.w.9,637" starttime="2350.13" endtime="2350.29" c="W">hunk</w>
   <w nite:id="Bmr015.w.9,638" starttime="2350.29" endtime="2350.35" c="W">of</w>
   <w nite:id="Bmr015.w.9,639" starttime="2350.35" endtime="2350.67" c="W">speech</w>
   <w nite:id="Bmr015.w.9,640" starttime="2350.67" endtime="2350.67" c="CM">,</w>
   <w nite:id="Bmr015.w.9,641" starttime="2350.67" endtime="" c="W">let</w>
   <w nite:id="Bmr015.w.9,642" starttime="" endtime="2350.89" c="APOSS">'s</w>
   <w nite:id="Bmr015.w.9,643" starttime="2350.89" endtime="2351.01" c="W">say</w>
   <w nite:id="Bmr015.w.9,644" starttime="2351.01" endtime="2351.13" c="W">on</w>
   <w nite:id="Bmr015.w.9,645" starttime="2351.13" endtime="" c="W">Morgan</w>
   <w nite:id="Bmr015.w.9,646" starttime="" endtime="2351.54" c="APOSS">'s</w>
   <w nite:id="Bmr015.w.9,647" starttime="2351.54" endtime="2351.85" c="W">mike</w>
   <w nite:id="Bmr015.w.9,648" starttime="2351.85" endtime="2352.09" c="W">where</w>
   <w nite:id="Bmr015.w.9,649" starttime="2352.21" endtime="" c="W">he</w>
   <w nite:id="Bmr015.w.9,650" starttime="" endtime="2352.39" c="APOSS">'s</w>
   <w nite:id="Bmr015.w.9,651" starttime="2352.39" endtime="2352.59" c="W">not</w>
   <w nite:id="Bmr015.w.9,652" starttime="2352.59" endtime="2353.0" c="W">talking</w>
   <w nite:id="Bmr015.w.9,653" starttime="2353.0" endtime="2353.06" c="W">at</w>
   <w nite:id="Bmr015.w.9,654" starttime="2353.06" endtime="2353.42" c="W">all</w>
   <w nite:id="Bmr015.w.9,655" starttime="2353.42" endtime="2353.42" c="CM">,</w>
   <w nite:id="Bmr015.w.9,658" starttime="2354.44" endtime="2354.81" c="W">um</w>
   <w nite:id="Bmr015.w.9,659" starttime="2354.81" endtime="2354.81" c="CM">,</w>
   <w nite:id="Bmr015.w.9,660" starttime="2355.1" endtime="2355.46" c="W">don't</w>
   <disfmarker nite:id="Bmr015.disfmarker.582" starttime="" endtime=""/>
   <w nite:id="Bmr015.w.9,661" starttime="2355.46" endtime="2355.63" c="W">don't</w>
   <w nite:id="Bmr015.w.9,662" starttime="2355.63" endtime="2355.78" c="W">worry</w>
   <w nite:id="Bmr015.w.9,663" starttime="2355.78" endtime="2356.02" c="W">about</w>
   <w nite:id="Bmr015.w.9,664" starttime="2356.02" endtime="2356.22" c="W">that</w>
   <w nite:id="Bmr015.w.9,665" starttime="2356.22" endtime="2356.22" c=".">.</w>
   <w nite:id="Bmr015.w.9,666" starttime="2356.22" endtime="2356.35" c="W">So</w>
   <w nite:id="Bmr015.w.9,667" starttime="2356.35" endtime="2356.49" c="W">what</w>
   <w nite:id="Bmr015.w.9,668" starttime="2356.49" endtime="" c="W">we</w>
   <w nite:id="Bmr015.w.9,669" starttime="" endtime="2356.63" c="W">'re</w>
   <w nite:id="Bmr015.w.9,670" starttime="2356.63" endtime="2357.02" c="W">saying</w>
   <w nite:id="Bmr015.w.9,671" starttime="2357.02" endtime="2357.19" c="W">is</w>
   <w nite:id="Bmr015.w.9,672" starttime="2357.19" endtime="2357.19" c="CM">,</w>
   <w nite:id="Bmr015.w.9,673" starttime="2357.55" endtime="" c="W">there</w>
   <w nite:id="Bmr015.w.9,674" starttime="" endtime="2357.75" c="APOSS">'s</w>
   <w nite:id="Bmr015.w.9,675" starttime="2357.75" endtime="2357.98" c="W">no</w>
   <w nite:id="Bmr015.w.9,676" starttime="2357.98" endtime="2358.83" c="W">guarantee</w>
   <w nite:id="Bmr015.w.9,677" starttime="2359.27" endtime="2359.76" c="W">that</w>
   <w nite:id="Bmr015.w.9,678" starttime="2359.76" endtime="2359.76" c="CM">,</w>
   <w nite:id="Bmr015.w.9,679" starttime="2359.86" endtime="2360.43" c="W">um</w>
   <disfmarker nite:id="Bmr015.disfmarker.583" starttime="" endtime=""/>
   <w nite:id="Bmr015.w.9,680" starttime="2361.05" endtime="2361.17" c="W">So</w>
   <w nite:id="Bmr015.w.9,681" starttime="2361.17" endtime="2361.32" c="W">for</w>
   <w nite:id="Bmr015.w.9,682" starttime="2361.32" endtime="2361.41" c="W">the</w>
   <w nite:id="Bmr015.w.9,683" starttime="2361.41" endtime="2361.73" c="W">chunks</w>
   <w nite:id="Bmr015.w.9,684" starttime="2361.73" endtime="2361.82" c="W">that</w>
   <w nite:id="Bmr015.w.9,685" starttime="2361.82" endtime="2361.89" c="W">are</w>
   <w nite:id="Bmr015.w.9,686" starttime="2361.89" endtime="2362.54" c="W">transcribed</w>
   <w nite:id="Bmr015.w.9,687" starttime="2362.54" endtime="2362.54" c="CM">,</w>
   <w nite:id="Bmr015.w.9,688" starttime="2362.65" endtime="" c="W">everything</w>
   <w nite:id="Bmr015.w.9,689" starttime="" endtime="2363.11" c="APOSS">'s</w>
   <w nite:id="Bmr015.w.9,690" starttime="2363.11" endtime="2363.83" c="W">transcribed</w>
   <w nite:id="Bmr015.w.9,691" starttime="2363.83" endtime="2363.83" c=".">.</w>
   <w nite:id="Bmr015.w.9,692" starttime="2364.25" endtime="2364.38" c="W">But</w>
   <w nite:id="Bmr015.w.9,693" starttime="2364.38" endtime="2364.9" c="W">outside</w>
   <w nite:id="Bmr015.w.9,694" starttime="2364.89" endtime="2364.96" c="W">of</w>
   <w nite:id="Bmr015.w.9,695" starttime="2364.97" endtime="2365.21" c="W">those</w>
   <w nite:id="Bmr015.w.9,696" starttime="2365.2" endtime="2365.73" c="W">boundaries</w>
   <w nite:id="Bmr015.w.9,697" starttime="2365.73" endtime="2365.73" c="CM">,</w>
   <w nite:id="Bmr015.w.9,698" starttime="2365.8" endtime="2365.96" c="W">there</w>
   <w nite:id="Bmr015.w.9,699" starttime="2365.95" endtime="2366.14" c="W">could</w>
   <w nite:id="Bmr015.w.9,700" starttime="2366.14" endtime="2366.23" c="W">have</w>
   <w nite:id="Bmr015.w.9,701" starttime="2366.24" endtime="2366.41" c="W">been</w>
   <w nite:id="Bmr015.w.9,702" starttime="2366.41" endtime="2366.64" c="W">stuff</w>
   <w nite:id="Bmr015.w.9,703" starttime="2366.64" endtime="2366.74" c="W">that</w>
   <w nite:id="Bmr015.w.9,704" starttime="2366.74" endtime="2367.05" c="W">wasn't</w>
   <w nite:id="Bmr015.w.9,705" starttime="2367.05" endtime="2367.55" c="W">transcribed</w>
   <w nite:id="Bmr015.w.9,706" starttime="2367.55" endtime="2367.55" c=".">.</w>
   <w nite:id="Bmr015.w.9,707" starttime="2367.99" endtime="2368.1" c="W">So</w>
   <w nite:id="Bmr015.w.9,708" starttime="2368.1" endtime="2368.29" c="W">you</w>
   <w nite:id="Bmr015.w.9,709" starttime="2368.29" endtime="2368.61" c="W">just</w>
   <disfmarker nite:id="Bmr015.disfmarker.584" starttime="" endtime=""/>
   <w nite:id="Bmr015.w.9,710" starttime="2368.68" endtime="2369.02" c="W">somebody</w>
   <w nite:id="Bmr015.w.9,711" starttime="2369.02" endtime="2369.33" c="W">can't</w>
   <w nite:id="Bmr015.w.9,712" starttime="2369.33" endtime="2369.72" c="W">rely</w>
   <w nite:id="Bmr015.w.9,713" starttime="2369.72" endtime="2369.89" c="W">on</w>
   <w nite:id="Bmr015.w.9,714" starttime="2369.89" endtime="2370.09" c="W">that</w>
   <w nite:id="Bmr015.w.9,715" starttime="2370.09" endtime="2370.43" c="W">data</w>
   <w nite:id="Bmr015.w.9,716" starttime="2370.43" endtime="2370.58" c="W">and</w>
   <w nite:id="Bmr015.w.9,717" starttime="2370.58" endtime="2370.77" c="W">say</w>
   <w nite:id="Bmr015.w.9,718" starttime="" endtime="" c="LQUOTE" qut="D">"</w>
   <w nite:id="Bmr015.w.9,719" starttime="2370.77" endtime="" c="W">that</w>
   <w nite:id="Bmr015.w.9,720" starttime="" endtime="2371.0" c="APOSS">'s</w>
   <w nite:id="Bmr015.w.9,721" starttime="2371.0" endtime="2371.43" c="W">perfectly</w>
   <w nite:id="Bmr015.w.9,722" starttime="2371.43" endtime="2371.72" c="W">clean</w>
   <w nite:id="Bmr015.w.9,723" starttime="2371.72" endtime="2372.07" c="W">data</w>
   <w nite:id="Bmr015.w.9,724" starttime="2372.07" endtime="2372.07" c="RQUOTE" qut="D">"</w>
   <w nite:id="Bmr015.w.9,725" starttime="2372.07" endtime="2372.07" c=".">.</w>
   <w nite:id="Bmr015.w.9,726" starttime="2373.04" endtime="2373.17" c="W">Uh</w>
   <disfmarker nite:id="Bmr015.disfmarker.585" starttime="" endtime=""/>
   <w nite:id="Bmr015.w.9,727" starttime="2373.37" endtime="2373.45" c="W">do</w>
   <w nite:id="Bmr015.w.9,728" starttime="2373.57" endtime="2373.66" c="W">you</w>
   <w nite:id="Bmr015.w.9,729" starttime="2373.66" endtime="2373.77" c="W">see</w>
   <w nite:id="Bmr015.w.9,730" starttime="2373.77" endtime="2373.86" c="W">what</w>
   <w nite:id="Bmr015.w.9,731" starttime="2373.86" endtime="" c="W">I</w>
   <w nite:id="Bmr015.w.9,732" starttime="" endtime="2373.99" c="W">'m</w>
   <w nite:id="Bmr015.w.9,733" starttime="2373.99" endtime="2374.31" c="W">saying</w>
   <w nite:id="Bmr015.w.9,734" starttime="2374.31" endtime="2374.31" c=".">?</w>
   <w nite:id="Bmr015.w.9,735" starttime="2374.42" endtime="2374.52" c="W">So</w>
   <w nite:id="Bmr015.w.9,736" starttime="2374.52" endtime="2374.6" c="W">I</w>
   <w nite:id="Bmr015.w.9,737" starttime="2374.6" endtime="2374.72" c="W">would</w>
   <w nite:id="Bmr015.w.9,738" starttime="2374.72" endtime="2374.89" c="W">say</w>
   <w nite:id="Bmr015.w.9,739" starttime="2374.89" endtime="2375.33" c="W">don't</w>
   <w nite:id="Bmr015.w.9,740" starttime="2375.33" endtime="2375.6" c="W">tell</w>
   <w nite:id="Bmr015.w.9,741" starttime="2375.6" endtime="2375.74" c="W">them</w>
   <w nite:id="Bmr015.w.9,742" starttime="2375.74" endtime="2375.81" c="W">to</w>
   <w nite:id="Bmr015.w.9,743" starttime="2375.81" endtime="2376.45" c="W">transcribe</w>
   <w nite:id="Bmr015.w.9,744" starttime="2376.45" endtime="2376.82" c="W">anything</w>
   <w nite:id="Bmr015.w.9,745" starttime="2376.82" endtime="" c="W">that</w>
   <w nite:id="Bmr015.w.9,746" starttime="" endtime="2377.01" c="APOSS">'s</w>
   <w nite:id="Bmr015.w.9,747" starttime="2377.01" endtime="2377.46" c="W">outside</w>
   <w nite:id="Bmr015.w.9,748" starttime="2377.46" endtime="2377.57" c="W">of</w>
   <w nite:id="Bmr015.w.9,764" starttime="2378.52" endtime="2378.56" c="W">a</w>
   <w nite:id="Bmr015.w.9,765" starttime="2378.56" endtime="2378.95" c="W">grouping</w>
   <w nite:id="Bmr015.w.9,766" starttime="2378.95" endtime="2379.08" c="W">of</w>
   <w nite:id="Bmr015.w.9,767" starttime="2379.08" endtime="2379.61" c="W">words</w>
   <w nite:id="Bmr015.w.9,768" starttime="2379.61" endtime="2379.61" c=".">.</w>
   <w nite:id="Bmr015.w.9,842" starttime="2405.08" endtime="2405.16" c="W">Yeah</w>
   <w nite:id="Bmr015.w.9,843" starttime="2405.16" endtime="2405.16" c="CM">,</w>
   <w nite:id="Bmr015.w.9,844" starttime="2405.16" endtime="2405.5" c="W">so</w>
   <disfmarker nite:id="Bmr015.disfmarker.596" starttime="" endtime=""/>
   <w nite:id="Bmr015.w.10,432" starttime="2540.94" endtime="2541.1" c="W">One</w>
   <w nite:id="Bmr015.w.10,433" starttime="2541.1" endtime="2541.17" c="W">of</w>
   <w nite:id="Bmr015.w.10,434" starttime="2541.17" endtime="2541.61" c="W">the</w>
   <disfmarker nite:id="Bmr015.disfmarker.629" starttime="" endtime=""/>
   <w nite:id="Bmr015.w.10,435" starttime="2541.71" endtime="2542.09" c="W">um</w>
   <w nite:id="Bmr015.w.10,436" starttime="2542.09" endtime="2542.09" c="CM">,</w>
   <w nite:id="Bmr015.w.10,437" starttime="2542.18" endtime="2542.36" c="W">just</w>
   <w nite:id="Bmr015.w.10,438" starttime="2542.36" endtime="2542.42" c="W">to</w>
   <w nite:id="Bmr015.w.10,439" starttime="2542.42" endtime="2542.63" c="W">add</w>
   <w nite:id="Bmr015.w.10,440" starttime="2542.63" endtime="2542.69" c="W">to</w>
   <w nite:id="Bmr015.w.10,441" starttime="2542.69" endtime="2542.93" c="W">this</w>
   <disfmarker nite:id="Bmr015.disfmarker.630" starttime="" endtime=""/>
   <w nite:id="Bmr015.w.10,442" starttime="2542.93" endtime="2543.1" c="W">one</w>
   <w nite:id="Bmr015.w.10,443" starttime="2543.1" endtime="2543.18" c="W">of</w>
   <w nite:id="Bmr015.w.10,444" starttime="2543.18" endtime="2543.25" c="W">the</w>
   <w nite:id="Bmr015.w.10,445" starttime="2543.25" endtime="2543.64" c="W">ways</w>
   <w nite:id="Bmr015.w.10,446" starttime="2543.64" endtime="2543.84" c="W">that</w>
   <w nite:id="Bmr015.w.10,447" starttime="2543.84" endtime="2543.98" c="W">we</w>
   <w nite:id="Bmr015.w.10,448" starttime="2543.98" endtime="2544.16" c="W">will</w>
   <w nite:id="Bmr015.w.10,449" starttime="2544.16" endtime="2544.26" c="W">be</w>
   <w nite:id="Bmr015.w.10,450" starttime="2544.26" endtime="2544.45" c="W">able</w>
   <w nite:id="Bmr015.w.10,451" starttime="2544.45" endtime="2544.52" c="W">to</w>
   <w nite:id="Bmr015.w.10,452" starttime="2544.52" endtime="2544.65" c="W">get</w>
   <w nite:id="Bmr015.w.10,453" starttime="2544.65" endtime="2544.81" c="W">rid</w>
   <w nite:id="Bmr015.w.10,454" starttime="2544.81" endtime="2544.88" c="W">of</w>
   <w nite:id="Bmr015.w.10,455" starttime="2544.88" endtime="2545.23" c="W">breath</w>
   <w nite:id="Bmr015.w.10,456" starttime="2545.23" endtime="2545.37" c="W">is</w>
   <w nite:id="Bmr015.w.10,457" starttime="2545.37" endtime="2545.52" c="W">by</w>
   <w nite:id="Bmr015.w.10,458" starttime="2545.52" endtime="2545.88" c="W">having</w>
   <w nite:id="Bmr015.w.10,459" starttime="2546.42" endtime="2546.83" c="W">models</w>
   <w nite:id="Bmr015.w.10,460" starttime="2546.83" endtime="2546.91" c="W">for</w>
   <w nite:id="Bmr015.w.10,461" starttime="2546.91" endtime="2547.09" c="W">them</w>
   <w nite:id="Bmr015.w.10,462" starttime="2547.09" endtime="2547.09" c=".">.</w>
   <w nite:id="Bmr015.w.10,463" starttime="2547.21" endtime="2547.27" c="W">I</w>
   <w nite:id="Bmr015.w.10,464" starttime="2547.27" endtime="2547.37" c="W">mean</w>
   <w nite:id="Bmr015.w.10,465" starttime="2547.37" endtime="2547.37" c="CM">,</w>
   <w nite:id="Bmr015.w.10,466" starttime="2547.37" endtime="" c="W">that</w>
   <w nite:id="Bmr015.w.10,467" starttime="" endtime="2547.53" c="APOSS">'s</w>
   <w nite:id="Bmr015.w.10,468" starttime="2547.53" endtime="2547.63" c="W">what</w>
   <w nite:id="Bmr015.w.10,469" starttime="2547.63" endtime="2547.66" c="W">a</w>
   <w nite:id="Bmr015.w.10,470" starttime="2547.66" endtime="2547.82" c="W">lot</w>
   <w nite:id="Bmr015.w.10,471" starttime="2547.82" endtime="2547.88" c="W">of</w>
   <w nite:id="Bmr015.w.10,472" starttime="2547.88" endtime="2548.12" c="W">people</w>
   <w nite:id="Bmr015.w.10,473" starttime="2548.12" endtime="2548.23" c="W">do</w>
   <w nite:id="Bmr015.w.10,474" starttime="2548.23" endtime="2548.64" c="W">nowadays</w>
   <w nite:id="Bmr015.w.10,475" starttime="2548.64" endtime="2548.64" c=".">.</w>
   <w nite:id="Bmr015.w.10,476" starttime="2548.95" endtime="2549.07" c="W">And</w>
   <w nite:id="Bmr015.w.10,477" starttime="2549.07" endtime="2549.2" c="W">so</w>
   <w nite:id="Bmr015.w.10,478" starttime="2549.2" endtime="2549.3" c="W">in</w>
   <w nite:id="Bmr015.w.10,479" starttime="2549.3" endtime="2549.47" c="W">order</w>
   <w nite:id="Bmr015.w.10,480" starttime="2549.47" endtime="2549.53" c="W">to</w>
   <w nite:id="Bmr015.w.10,481" starttime="2549.53" endtime="2549.7" c="W">build</w>
   <w nite:id="Bmr015.w.10,482" starttime="2549.7" endtime="2549.76" c="W">the</w>
   <w nite:id="Bmr015.w.10,483" starttime="2549.76" endtime="2550.02" c="W">model</w>
   <w nite:id="Bmr015.w.10,484" starttime="2550.02" endtime="2550.11" c="W">you</w>
   <w nite:id="Bmr015.w.10,485" starttime="2550.11" endtime="2550.28" c="W">need</w>
   <w nite:id="Bmr015.w.10,486" starttime="2550.28" endtime="2550.35" c="W">to</w>
   <w nite:id="Bmr015.w.10,487" starttime="2550.35" endtime="2550.48" c="W">have</w>
   <w nite:id="Bmr015.w.10,488" starttime="2550.48" endtime="2550.88" c="W">some</w>
   <w nite:id="Bmr015.w.10,489" starttime="2551.13" endtime="2551.39" c="W">amount</w>
   <w nite:id="Bmr015.w.10,490" starttime="2551.39" endtime="2551.49" c="W">of</w>
   <w nite:id="Bmr015.w.10,491" starttime="2551.49" endtime="2551.6" c="W">it</w>
   <w nite:id="Bmr015.w.10,492" starttime="2551.6" endtime="2551.87" c="W">marked</w>
   <w nite:id="Bmr015.w.10,493" starttime="2551.87" endtime="2551.87" c="CM">,</w>
   <w nite:id="Bmr015.w.10,500" starttime="2552.72" endtime="2552.78" c="W">so</w>
   <w nite:id="Bmr015.w.10,501" starttime="2552.78" endtime="2552.9" c="W">that</w>
   <w nite:id="Bmr015.w.10,502" starttime="2552.9" endtime="2553.01" c="W">you</w>
   <w nite:id="Bmr015.w.10,503" starttime="2553.01" endtime="2553.17" c="W">know</w>
   <w nite:id="Bmr015.w.10,504" starttime="2553.17" endtime="2553.28" c="W">where</w>
   <w nite:id="Bmr015.w.10,505" starttime="2553.28" endtime="2553.37" c="W">the</w>
   <w nite:id="Bmr015.w.10,506" starttime="2553.37" endtime="2553.82" c="W">boundaries</w>
   <w nite:id="Bmr015.w.10,507" starttime="2553.82" endtime="2554.02" c="W">are</w>
   <w nite:id="Bmr015.w.10,508" starttime="2554.02" endtime="2554.02" c=".">.</w>
   <w nite:id="Bmr015.w.10,513" starttime="2554.86" endtime="2555.03" c="W">So</w>
   <disfmarker nite:id="Bmr015.disfmarker.631" starttime="" endtime=""/>
   <w nite:id="Bmr015.w.10,514" starttime="2555.42" endtime="2555.45" c="W">I</w>
   <w nite:id="Bmr015.w.10,515" starttime="2555.45" endtime="2555.56" c="W">mean</w>
   <w nite:id="Bmr015.w.10,516" starttime="2555.56" endtime="2555.56" c="CM">,</w>
   <w nite:id="Bmr015.w.10,517" starttime="2555.56" endtime="2555.65" c="W">I</w>
   <w nite:id="Bmr015.w.10,518" starttime="2555.65" endtime="2555.82" c="W">don't</w>
   <w nite:id="Bmr015.w.10,519" starttime="2555.82" endtime="2556.0" c="W">think</w>
   <w nite:id="Bmr015.w.10,520" starttime="2556.0" endtime="2556.07" c="W">we</w>
   <w nite:id="Bmr015.w.10,521" starttime="2556.07" endtime="2556.27" c="W">need</w>
   <w nite:id="Bmr015.w.10,522" starttime="2556.27" endtime="2556.34" c="W">to</w>
   <w nite:id="Bmr015.w.10,523" starttime="2556.34" endtime="2556.84" c="W">worry</w>
   <w nite:id="Bmr015.w.10,524" starttime="2557.41" endtime="2557.51" c="W">a</w>
   <w nite:id="Bmr015.w.10,525" starttime="2557.51" endtime="2557.77" c="W">lot</w>
   <w nite:id="Bmr015.w.10,526" starttime="2557.77" endtime="2558.03" c="W">about</w>
   <w nite:id="Bmr015.w.10,527" starttime="2558.03" endtime="2558.54" c="W">breaths</w>
   <w nite:id="Bmr015.w.10,528" starttime="2558.58" endtime="2558.69" c="W">that</w>
   <w nite:id="Bmr015.w.10,529" starttime="2558.69" endtime="2558.79" c="W">are</w>
   <w nite:id="Bmr015.w.10,530" starttime="2558.79" endtime="2559.29" c="W">happening</w>
   <w nite:id="Bmr015.w.10,531" starttime="2559.29" endtime="2559.76" c="W">outside</w>
   <w nite:id="Bmr015.w.10,532" starttime="2559.76" endtime="2559.88" c="W">of</w>
   <w nite:id="Bmr015.w.10,533" starttime="2559.88" endtime="2560.05" c="W">a</w>
   <w nite:id="Bmr015.w.10,534" starttime="2560.05" endtime="2560.05" c="CM">,</w>
   <w nite:id="Bmr015.w.10,535" starttime="2560.78" endtime="2560.87" c="W">you</w>
   <w nite:id="Bmr015.w.10,536" starttime="2560.87" endtime="2561.01" c="W">know</w>
   <w nite:id="Bmr015.w.10,537" starttime="2561.01" endtime="2561.01" c="CM">,</w>
   <w nite:id="Bmr015.w.10,538" starttime="2561.01" endtime="2561.84" c="W">conversation</w>
   <w nite:id="Bmr015.w.10,539" starttime="2561.84" endtime="2561.84" c=".">.</w>
   <w nite:id="Bmr015.w.10,540" starttime="2561.9" endtime="2561.99" c="W">We</w>
   <w nite:id="Bmr015.w.10,541" starttime="2561.99" endtime="2562.11" c="W">don't</w>
   <w nite:id="Bmr015.w.10,542" starttime="2562.11" endtime="2562.2" c="W">have</w>
   <w nite:id="Bmr015.w.10,543" starttime="2562.2" endtime="2562.28" c="W">to</w>
   <w nite:id="Bmr015.w.10,544" starttime="2562.28" endtime="2562.45" c="W">go</w>
   <w nite:id="Bmr015.w.10,545" starttime="2562.45" endtime="2562.58" c="W">and</w>
   <w nite:id="Bmr015.w.10,546" starttime="2562.58" endtime="2562.87" c="W">search</w>
   <w nite:id="Bmr015.w.10,547" starttime="2562.87" endtime="2563.02" c="W">for</w>
   <w nite:id="Bmr015.w.10,548" starttime="2563.02" endtime="2563.33" c="W">them</w>
   <w nite:id="Bmr015.w.10,549" starttime="2563.41" endtime="2563.64" c="W">to</w>
   <disfmarker nite:id="Bmr015.disfmarker.632" starttime="" endtime=""/>
   <w nite:id="Bmr015.w.10,550" starttime="2563.77" endtime="2563.87" c="W">to</w>
   <w nite:id="Bmr015.w.10,551" starttime="2563.87" endtime="2564.16" c="W">mark</w>
   <w nite:id="Bmr015.w.10,552" starttime="2564.16" endtime="2564.31" c="W">them</w>
   <w nite:id="Bmr015.w.10,553" starttime="2564.31" endtime="2564.37" c="W">at</w>
   <w nite:id="Bmr015.w.10,554" starttime="2564.37" endtime="2564.68" c="W">all</w>
   <w nite:id="Bmr015.w.10,555" starttime="2564.68" endtime="2564.68" c="CM">,</w>
   <w nite:id="Bmr015.w.10,556" starttime="2564.68" endtime="2564.86" c="W">but</w>
   <w nite:id="Bmr015.w.10,557" starttime="2564.86" endtime="2564.86" c="CM">,</w>
   <w nite:id="Bmr015.w.10,558" starttime="2565.18" endtime="2565.21" c="W">I</w>
   <w nite:id="Bmr015.w.10,559" starttime="2565.21" endtime="2565.37" c="W">mean</w>
   <w nite:id="Bmr015.w.10,560" starttime="2565.37" endtime="2565.37" c="CM">,</w>
   <w nite:id="Bmr015.w.10,561" starttime="2565.37" endtime="2565.51" c="W">if</w>
   <w nite:id="Bmr015.w.10,562" starttime="2565.51" endtime="" c="W">they</w>
   <w nite:id="Bmr015.w.10,563" starttime="" endtime="2565.64" c="W">'re</w>
   <w nite:id="Bmr015.w.10,564" starttime="2565.64" endtime="2565.95" c="W">there</w>
   <w nite:id="Bmr015.w.10,565" starttime="2565.95" endtime="2566.36" c="W">while</w>
   <w nite:id="Bmr015.w.10,566" starttime="2566.48" endtime="" c="W">they</w>
   <w nite:id="Bmr015.w.10,567" starttime="" endtime="2566.61" c="W">'re</w>
   <w nite:id="Bmr015.w.10,568" starttime="2566.61" endtime="2567.21" c="W">transcribing</w>
   <w nite:id="Bmr015.w.10,569" starttime="2567.21" endtime="2567.48" c="W">some</w>
   <w nite:id="Bmr015.w.10,570" starttime="2567.73" endtime="2568.0" c="W">hunk</w>
   <w nite:id="Bmr015.w.10,571" starttime="2568.0" endtime="2568.06" c="W">of</w>
   <w nite:id="Bmr015.w.10,572" starttime="2568.06" endtime="2568.39" c="W">words</w>
   <w nite:id="Bmr015.w.10,573" starttime="2568.39" endtime="2568.39" c="CM">,</w>
   <w nite:id="Bmr015.w.10,574" starttime="2568.39" endtime="" c="W">I</w>
   <w nite:id="Bmr015.w.10,575" starttime="" endtime="2568.57" c="W">'d</w>
   <w nite:id="Bmr015.w.10,576" starttime="2568.57" endtime="2568.84" c="W">say</w>
   <w nite:id="Bmr015.w.10,577" starttime="2569.45" endtime="2569.59" c="W">put</w>
   <w nite:id="Bmr015.w.10,578" starttime="2569.59" endtime="2569.74" c="W">them</w>
   <w nite:id="Bmr015.w.10,579" starttime="2569.74" endtime="2569.92" c="W">in</w>
   <w nite:id="Bmr015.w.10,580" starttime="2569.92" endtime="2570.04" c="W">if</w>
   <w nite:id="Bmr015.w.10,581" starttime="2570.04" endtime="2570.57" c="W">possible</w>
   <w nite:id="Bmr015.w.10,582" starttime="2570.57" endtime="2570.57" c=".">.</w>
   <w nite:id="Bmr015.w.10,613" starttime="2575.98" endtime="" c="W">Mm</w>
   <w nite:id="Bmr015.w.10,614" starttime="" endtime="" c="HYPH">-</w>
   <w nite:id="Bmr015.w.10,615" starttime="" endtime="2576.44" c="W">hmm</w>
   <w nite:id="Bmr015.w.10,616" starttime="2576.44" endtime="2576.44" c=".">.</w>
   <w nite:id="Bmr015.w.10,772" starttime="" endtime="" c="W">Transcript</w>
   <w nite:id="Bmr015.w.10,773" starttime="" endtime="" c="LET">L</w>
   <w nite:id="Bmr015.w.10,774" starttime="" endtime="" c="W">dash</w>
   <w nite:id="Bmr015.w.10,775" starttime="" endtime="" c="W">two</w>
   <w nite:id="Bmr015.w.10,776" starttime="" endtime="" c="W">five</w>
   <w nite:id="Bmr015.w.10,777" starttime="" endtime="" c="W">seven</w>
   <w nite:id="Bmr015.w.10,778" starttime="" endtime="" c=".">.</w>
   <comment nite:id="Bmr015.comment.85" starttime="" endtime="" description="half way through digits, speaker separated phrases within the line with final rather than comma intonations"/>
   <comment nite:id="Bmr015.comment.86" starttime="" endtime="" description="Digits"/>
   <w nite:id="Bmr015.w.10,779" starttime="" endtime="" c="W">Six</w>
   <w nite:id="Bmr015.w.10,780" starttime="" endtime="" c="W">two</w>
   <w nite:id="Bmr015.w.10,781" starttime="" endtime="" c="LET">O</w>
   <w nite:id="Bmr015.w.10,782" starttime="" endtime="" c="LET">O</w>
   <w nite:id="Bmr015.w.10,783" starttime="" endtime="" c="CM">,</w>
   <w nite:id="Bmr015.w.10,784" starttime="" endtime="" c="W">zero</w>
   <w nite:id="Bmr015.w.10,785" starttime="" endtime="" c="W">one</w>
   <w nite:id="Bmr015.w.10,786" starttime="" endtime="" c="W">two</w>
   <w nite:id="Bmr015.w.10,787" starttime="" endtime="" c="W">nine</w>
   <w nite:id="Bmr015.w.10,788" starttime="" endtime="" c="CM">,</w>
   <w nite:id="Bmr015.w.10,789" starttime="" endtime="" c="W">zero</w>
   <w nite:id="Bmr015.w.10,790" starttime="" endtime="" c="W">two</w>
   <w nite:id="Bmr015.w.10,791" starttime="" endtime="" c="W">three</w>
   <w nite:id="Bmr015.w.10,792" starttime="" endtime="" c="W">six</w>
   <w nite:id="Bmr015.w.10,793" starttime="" endtime="" c=".">.</w>
   <comment nite:id="Bmr015.comment.87" starttime="" endtime="" description="Digits"/>
   <w nite:id="Bmr015.w.10,794" starttime="" endtime="" c="W">Seven</w>
   <w nite:id="Bmr015.w.10,795" starttime="" endtime="" c="W">zero</w>
   <w nite:id="Bmr015.w.10,796" starttime="" endtime="" c="W">three</w>
   <w nite:id="Bmr015.w.10,797" starttime="" endtime="" c="W">four</w>
   <w nite:id="Bmr015.w.10,798" starttime="" endtime="" c="CM">,</w>
   <w nite:id="Bmr015.w.10,799" starttime="" endtime="" c="W">six</w>
   <w nite:id="Bmr015.w.10,800" starttime="" endtime="" c="CM">,</w>
   <w nite:id="Bmr015.w.10,801" starttime="" endtime="" c="W">three</w>
   <w nite:id="Bmr015.w.10,802" starttime="" endtime="" c="W">six</w>
   <w nite:id="Bmr015.w.10,803" starttime="" endtime="" c="W">eight</w>
   <w nite:id="Bmr015.w.10,804" starttime="" endtime="" c=".">.</w>
   <comment nite:id="Bmr015.comment.88" starttime="" endtime="" description="Digits"/>
   <w nite:id="Bmr015.w.10,805" starttime="" endtime="" c="W">Four</w>
   <w nite:id="Bmr015.w.10,806" starttime="" endtime="" c="W">six</w>
   <w nite:id="Bmr015.w.10,807" starttime="" endtime="" c="W">three</w>
   <w nite:id="Bmr015.w.10,808" starttime="" endtime="" c="CM">,</w>
   <w nite:id="Bmr015.w.10,809" starttime="" endtime="" c="W">two</w>
   <w nite:id="Bmr015.w.10,810" starttime="" endtime="" c="W">three</w>
   <w nite:id="Bmr015.w.10,811" starttime="" endtime="" c="CM">,</w>
   <w nite:id="Bmr015.w.10,812" starttime="" endtime="" c="W">six</w>
   <w nite:id="Bmr015.w.10,813" starttime="" endtime="" c="W">eight</w>
   <w nite:id="Bmr015.w.10,814" starttime="" endtime="" c="W">four</w>
   <w nite:id="Bmr015.w.10,815" starttime="" endtime="" c="W">one</w>
   <w nite:id="Bmr015.w.10,816" starttime="" endtime="" c=".">.</w>
   <comment nite:id="Bmr015.comment.89" starttime="" endtime="" description="Digits"/>
   <w nite:id="Bmr015.w.10,817" starttime="" endtime="" c="LET">O</w>
   <w nite:id="Bmr015.w.10,818" starttime="" endtime="" c="W">six</w>
   <w nite:id="Bmr015.w.10,819" starttime="" endtime="" c="CM">,</w>
   <w nite:id="Bmr015.w.10,820" starttime="" endtime="" c="W">four</w>
   <w nite:id="Bmr015.w.10,821" starttime="" endtime="" c="W">nine</w>
   <w nite:id="Bmr015.w.10,822" starttime="" endtime="" c="CM">,</w>
   <w nite:id="Bmr015.w.10,823" starttime="" endtime="" c="W">five</w>
   <w nite:id="Bmr015.w.10,824" starttime="" endtime="" c="W">eight</w>
   <w nite:id="Bmr015.w.10,825" starttime="" endtime="" c="CM">,</w>
   <w nite:id="Bmr015.w.10,826" starttime="" endtime="" c="W">two</w>
   <w nite:id="Bmr015.w.10,827" starttime="" endtime="" c="W">three</w>
   <w nite:id="Bmr015.w.10,828" starttime="" endtime="" c="CM">,</w>
   <w nite:id="Bmr015.w.10,829" starttime="" endtime="" c="W">one</w>
   <w nite:id="Bmr015.w.10,830" starttime="" endtime="" c="W">six</w>
   <w nite:id="Bmr015.w.10,831" starttime="" endtime="" c=".">.</w>
   <comment nite:id="Bmr015.comment.90" starttime="" endtime="" description="Digits"/>
   <w nite:id="Bmr015.w.10,832" starttime="" endtime="" c="W">Seven</w>
   <w nite:id="Bmr015.w.10,833" starttime="" endtime="" c="CM">,</w>
   <w nite:id="Bmr015.w.10,834" starttime="" endtime="" c="W">seven</w>
   <w nite:id="Bmr015.w.10,835" starttime="" endtime="" c="W">eight</w>
   <w nite:id="Bmr015.w.10,836" starttime="" endtime="" c="W">five</w>
   <w nite:id="Bmr015.w.10,837" starttime="" endtime="" c="CM">,</w>
   <w nite:id="Bmr015.w.10,838" starttime="" endtime="" c="W">nine</w>
   <w nite:id="Bmr015.w.10,839" starttime="" endtime="" c="W">zero</w>
   <w nite:id="Bmr015.w.10,840" starttime="" endtime="" c="CM">,</w>
   <w nite:id="Bmr015.w.10,841" starttime="" endtime="" c="W">seven</w>
   <w nite:id="Bmr015.w.10,842" starttime="" endtime="" c="W">two</w>
   <w nite:id="Bmr015.w.10,843" starttime="" endtime="" c="W">four</w>
   <w nite:id="Bmr015.w.10,844" starttime="" endtime="" c="CM">,</w>
   <w nite:id="Bmr015.w.10,845" starttime="" endtime="" c="W">four</w>
   <w nite:id="Bmr015.w.10,846" starttime="" endtime="" c=".">.</w>
   <comment nite:id="Bmr015.comment.91" starttime="" endtime="" description="Digits"/>
   <w nite:id="Bmr015.w.10,847" starttime="" endtime="" c="LET">O</w>
   <w nite:id="Bmr015.w.10,848" starttime="" endtime="" c="W">one</w>
   <w nite:id="Bmr015.w.10,849" starttime="" endtime="" c="W">four</w>
   <w nite:id="Bmr015.w.10,850" starttime="" endtime="" c="CM">,</w>
   <w nite:id="Bmr015.w.10,851" starttime="" endtime="" c="W">two</w>
   <w nite:id="Bmr015.w.10,852" starttime="" endtime="" c="W">six</w>
   <w nite:id="Bmr015.w.10,853" starttime="" endtime="" c="W">four</w>
   <w nite:id="Bmr015.w.10,854" starttime="" endtime="" c="CM">,</w>
   <w nite:id="Bmr015.w.10,855" starttime="" endtime="" c="W">eight</w>
   <w nite:id="Bmr015.w.10,856" starttime="" endtime="" c="W">four</w>
   <w nite:id="Bmr015.w.10,857" starttime="" endtime="" c="W">three</w>
   <w nite:id="Bmr015.w.10,858" starttime="" endtime="" c="W">five</w>
   <w nite:id="Bmr015.w.10,859" starttime="" endtime="" c=".">.</w>
   <comment nite:id="Bmr015.comment.92" starttime="" endtime="" description="Digits"/>
   <w nite:id="Bmr015.w.10,860" starttime="" endtime="" c="W">One</w>
   <w nite:id="Bmr015.w.10,861" starttime="" endtime="" c="CM">,</w>
   <w nite:id="Bmr015.w.10,862" starttime="" endtime="" c="W">eight</w>
   <w nite:id="Bmr015.w.10,863" starttime="" endtime="" c="W">seven</w>
   <w nite:id="Bmr015.w.10,864" starttime="" endtime="" c="W">seven</w>
   <w nite:id="Bmr015.w.10,865" starttime="" endtime="" c="CM">,</w>
   <w nite:id="Bmr015.w.10,866" starttime="" endtime="" c="W">four</w>
   <w nite:id="Bmr015.w.10,867" starttime="" endtime="" c="W">five</w>
   <w nite:id="Bmr015.w.10,868" starttime="" endtime="" c="CM">,</w>
   <w nite:id="Bmr015.w.10,869" starttime="" endtime="" c="W">eight</w>
   <w nite:id="Bmr015.w.10,870" starttime="" endtime="" c="W">seven</w>
   <w nite:id="Bmr015.w.10,871" starttime="" endtime="" c="W">two</w>
   <w nite:id="Bmr015.w.10,872" starttime="" endtime="" c="CM">,</w>
   <w nite:id="Bmr015.w.10,873" starttime="" endtime="" c="W">two</w>
   <w nite:id="Bmr015.w.10,874" starttime="" endtime="" c=".">.</w>
   <comment nite:id="Bmr015.comment.93" starttime="" endtime="" description="Digits"/>
   <w nite:id="Bmr015.w.10,875" starttime="" endtime="" c="W">Four</w>
   <w nite:id="Bmr015.w.10,876" starttime="" endtime="" c="W">nine</w>
   <w nite:id="Bmr015.w.10,877" starttime="" endtime="" c="W">five</w>
   <w nite:id="Bmr015.w.10,878" starttime="" endtime="" c="W">four</w>
   <w nite:id="Bmr015.w.10,879" starttime="" endtime="" c="CM">,</w>
   <w nite:id="Bmr015.w.10,880" starttime="" endtime="" c="W">one</w>
   <w nite:id="Bmr015.w.10,881" starttime="" endtime="" c="LET">O</w>
   <w nite:id="Bmr015.w.10,882" starttime="" endtime="" c="W">one</w>
   <w nite:id="Bmr015.w.10,883" starttime="" endtime="" c="W">five</w>
   <w nite:id="Bmr015.w.10,884" starttime="" endtime="" c="CM">,</w>
   <w nite:id="Bmr015.w.10,885" starttime="" endtime="" c="W">five</w>
   <w nite:id="Bmr015.w.10,886" starttime="" endtime="" c="W">one</w>
   <w nite:id="Bmr015.w.10,887" starttime="" endtime="" c="LET">O</w>
   <w nite:id="Bmr015.w.10,888" starttime="" endtime="" c="W">five</w>
   <w nite:id="Bmr015.w.10,889" starttime="" endtime="" c=".">.</w>
   <comment nite:id="Bmr015.comment.94" starttime="" endtime="" description="Digits"/>
   <w nite:id="Bmr015.w.10,890" starttime="" endtime="" c="LET">O</w>
   <w nite:id="Bmr015.w.10,891" starttime="" endtime="" c="W">two</w>
   <w nite:id="Bmr015.w.10,892" starttime="" endtime="" c="W">two</w>
   <w nite:id="Bmr015.w.10,893" starttime="" endtime="" c="CM">,</w>
   <w nite:id="Bmr015.w.10,894" starttime="" endtime="" c="LET">O</w>
   <w nite:id="Bmr015.w.10,895" starttime="" endtime="" c="W">zero</w>
   <w nite:id="Bmr015.w.10,896" starttime="" endtime="" c="CM">,</w>
   <w nite:id="Bmr015.w.10,897" starttime="" endtime="" c="W">zero</w>
   <w nite:id="Bmr015.w.10,898" starttime="" endtime="" c="W">two</w>
   <w nite:id="Bmr015.w.10,899" starttime="" endtime="" c="W">zero</w>
   <w nite:id="Bmr015.w.10,900" starttime="" endtime="" c="W">six</w>
   <w nite:id="Bmr015.w.10,901" starttime="" endtime="" c=".">.</w>
   <comment nite:id="Bmr015.comment.95" starttime="" endtime="" description="Digits"/>
   <w nite:id="Bmr015.w.10,902" starttime="" endtime="" c="W">Six</w>
   <w nite:id="Bmr015.w.10,903" starttime="" endtime="" c="W">five</w>
   <w nite:id="Bmr015.w.10,904" starttime="" endtime="" c="W">five</w>
   <w nite:id="Bmr015.w.10,905" starttime="" endtime="" c="W">six</w>
   <w nite:id="Bmr015.w.10,906" starttime="" endtime="" c="CM">,</w>
   <w nite:id="Bmr015.w.10,907" starttime="" endtime="" c="W">one</w>
   <w nite:id="Bmr015.w.10,908" starttime="" endtime="" c="CM">,</w>
   <w nite:id="Bmr015.w.10,909" starttime="" endtime="" c="W">eight</w>
   <w nite:id="Bmr015.w.10,910" starttime="" endtime="" c="W">five</w>
   <w nite:id="Bmr015.w.10,911" starttime="" endtime="" c="W">eight</w>
   <w nite:id="Bmr015.w.10,912" starttime="" endtime="" c=".">.</w>
   <comment nite:id="Bmr015.comment.96" starttime="" endtime="" description="Digits"/>
</nite:root>