<?xml version="1.0" encoding="ISO-8859-1" standalone="yes"?>
<nite:root nite:id="Bmr015.F.segs" xmlns:nite="http://nite.sourceforge.net/">
   <segment nite:id="Bmr015.segment.32" starttime="30.777" endtime="31.448" participant="fe008" timing-provenance="segment">
      <nite:child href="Bmr015.F.words.xml#id(Bmr015.w.141)..id(Bmr015.comment.5)"/>
   </segment>
   <segment nite:id="Bmr015.segment.34" starttime="32.325" endtime="34.013" participant="fe008" timing-provenance="segment">
      <nite:child href="Bmr015.F.words.xml#id(Bmr015.vocalsound.12)"/>
   </segment>
   <segment nite:id="Bmr015.segment.40" starttime="34.073" endtime="35.093" participant="fe008" timing-provenance="dialogueact">
      <nite:child href="Bmr015.F.words.xml#id(Bmr015.w.154)..id(Bmr015.w.159)"/>
   </segment>
   <segment nite:id="Bmr015.segment.43" starttime="35.35" endtime="36.525" participant="fe008" timing-provenance="segment">
      <nite:child href="Bmr015.F.words.xml#id(Bmr015.vocalsound.16)"/>
   </segment>
   <segment nite:id="Bmr015.segment.67" starttime="66.128" endtime="66.358" participant="fe008" timing-provenance="dialogueact">
      <nite:child href="Bmr015.F.words.xml#id(Bmr015.w.338)..id(Bmr015.w.339)"/>
   </segment>
   <segment nite:id="Bmr015.segment.75" starttime="84.923" endtime="89.09" participant="fe008" timing-provenance="segment">
      <nite:child href="Bmr015.F.words.xml#id(Bmr015.w.424)..id(Bmr015.disfmarker.17)"/>
   </segment>
   <segment nite:id="Bmr015.segment.81" starttime="91.909" endtime="92.189" participant="fe008" timing-provenance="dialogueact">
      <nite:child href="Bmr015.F.words.xml#id(Bmr015.w.467)..id(Bmr015.w.468)"/>
   </segment>
   <segment nite:id="Bmr015.segment.84" starttime="93.453" endtime="94.131" participant="fe008" timing-provenance="segment">
      <nite:child href="Bmr015.F.words.xml#id(Bmr015.w.469)..id(Bmr015.comment.12)"/>
   </segment>
   <segment nite:id="Bmr015.segment.87" starttime="94.231" endtime="95.781" participant="fe008" timing-provenance="dialogueact">
      <nite:child href="Bmr015.F.words.xml#id(Bmr015.w.483)..id(Bmr015.w.493)"/>
   </segment>
   <segment nite:id="Bmr015.segment.88" starttime="96.541" endtime="97.224" participant="fe008" timing-provenance="segment">
      <nite:child href="Bmr015.F.words.xml#id(Bmr015.w.494)..id(Bmr015.comment.14)"/>
   </segment>
   <segment nite:id="Bmr015.segment.90" starttime="97.654" endtime="98.83" participant="fe008" timing-provenance="segment">
      <nite:child href="Bmr015.F.words.xml#id(Bmr015.nonvocalsound.1)"/>
   </segment>
   <segment nite:id="Bmr015.segment.93" starttime="104.725" endtime="107.514" participant="fe008" timing-provenance="segment">
      <nite:child href="Bmr015.F.words.xml#id(Bmr015.nonvocalsound.2)"/>
   </segment>
   <segment nite:id="Bmr015.segment.95" starttime="110.283" endtime="114.089" participant="fe008" timing-provenance="segment">
      <nite:child href="Bmr015.F.words.xml#id(Bmr015.nonvocalsound.3)"/>
   </segment>
   <segment nite:id="Bmr015.segment.98" starttime="116.161" endtime="116.659" participant="fe008" timing-provenance="segment">
      <nite:child href="Bmr015.F.words.xml#id(Bmr015.nonvocalsound.4)"/>
   </segment>
   <segment nite:id="Bmr015.segment.100" starttime="118.373" endtime="118.991" participant="fe008" timing-provenance="segment">
      <nite:child href="Bmr015.F.words.xml#id(Bmr015.nonvocalsound.5)"/>
   </segment>
   <segment nite:id="Bmr015.segment.101" starttime="119.908" endtime="120.665" participant="fe008" timing-provenance="segment">
      <nite:child href="Bmr015.F.words.xml#id(Bmr015.nonvocalsound.6)"/>
   </segment>
   <segment nite:id="Bmr015.segment.103" starttime="122.368" endtime="123.902" participant="fe008" timing-provenance="segment">
      <nite:child href="Bmr015.F.words.xml#id(Bmr015.nonvocalsound.7)"/>
   </segment>
   <segment nite:id="Bmr015.segment.107" starttime="127.468" endtime="128.444" participant="fe008" timing-provenance="segment">
      <nite:child href="Bmr015.F.words.xml#id(Bmr015.nonvocalsound.8)"/>
   </segment>
   <segment nite:id="Bmr015.segment.109" starttime="131.991" endtime="133.844" participant="fe008" timing-provenance="segment">
      <nite:child href="Bmr015.F.words.xml#id(Bmr015.nonvocalsound.9)"/>
   </segment>
   <segment nite:id="Bmr015.segment.111" starttime="134.442" endtime="136.252" participant="fe008" timing-provenance="dialogueact">
      <nite:child href="Bmr015.F.words.xml#id(Bmr015.w.648)..id(Bmr015.w.655)"/>
   </segment>
   <segment nite:id="Bmr015.segment.114" starttime="138.584" endtime="139.501" participant="fe008" timing-provenance="segment">
      <nite:child href="Bmr015.F.words.xml#id(Bmr015.nonvocalsound.10)"/>
   </segment>
   <segment nite:id="Bmr015.segment.115" starttime="141.274" endtime="141.732" participant="fe008" timing-provenance="segment">
      <nite:child href="Bmr015.F.words.xml#id(Bmr015.w.675)..id(Bmr015.comment.15)"/>
   </segment>
   <segment nite:id="Bmr015.segment.119" starttime="145.06" endtime="146.041" participant="fe008" timing-provenance="segment">
      <nite:child href="Bmr015.F.words.xml#id(Bmr015.nonvocalsound.11)"/>
   </segment>
   <segment nite:id="Bmr015.segment.122" starttime="146.619" endtime="147.017" participant="fe008" timing-provenance="segment">
      <nite:child href="Bmr015.F.words.xml#id(Bmr015.nonvocalsound.12)"/>
   </segment>
   <segment nite:id="Bmr015.segment.124" starttime="148.989" endtime="149.388" participant="fe008" timing-provenance="segment">
      <nite:child href="Bmr015.F.words.xml#id(Bmr015.nonvocalsound.13)"/>
   </segment>
   <segment nite:id="Bmr015.segment.126" starttime="150.245" endtime="150.583" participant="fe008" timing-provenance="segment">
      <nite:child href="Bmr015.F.words.xml#id(Bmr015.nonvocalsound.14)"/>
   </segment>
   <segment nite:id="Bmr015.segment.136" starttime="159.296" endtime="162.206" participant="fe008" timing-provenance="dialogueact">
      <nite:child href="Bmr015.F.words.xml#id(Bmr015.w.780)..id(Bmr015.w.800)"/>
   </segment>
   <segment nite:id="Bmr015.segment.140" starttime="162.733" endtime="163.115" participant="fe008" timing-provenance="segment">
      <nite:child href="Bmr015.F.words.xml#id(Bmr015.w.807)..id(Bmr015.comment.17)"/>
   </segment>
   <segment nite:id="Bmr015.segment.143" starttime="171.999" endtime="172.378" participant="fe008" timing-provenance="segment">
      <nite:child href="Bmr015.F.words.xml#id(Bmr015.nonvocalsound.15)"/>
   </segment>
   <segment nite:id="Bmr015.segment.145" starttime="174.052" endtime="174.311" participant="fe008" timing-provenance="segment">
      <nite:child href="Bmr015.F.words.xml#id(Bmr015.nonvocalsound.16)"/>
   </segment>
   <segment nite:id="Bmr015.segment.172" starttime="198.556" endtime="198.995" participant="fe008" timing-provenance="segment">
      <nite:child href="Bmr015.F.words.xml#id(Bmr015.nonvocalsound.17)"/>
   </segment>
   <segment nite:id="Bmr015.segment.174" starttime="202.143" endtime="202.92" participant="fe008" timing-provenance="segment">
      <nite:child href="Bmr015.F.words.xml#id(Bmr015.nonvocalsound.18)"/>
   </segment>
   <segment nite:id="Bmr015.segment.175" starttime="203.777" endtime="204.195" participant="fe008" timing-provenance="segment">
      <nite:child href="Bmr015.F.words.xml#id(Bmr015.nonvocalsound.19)"/>
   </segment>
   <segment nite:id="Bmr015.segment.178" starttime="204.773" endtime="205.132" participant="fe008" timing-provenance="segment">
      <nite:child href="Bmr015.F.words.xml#id(Bmr015.nonvocalsound.20)"/>
   </segment>
   <segment nite:id="Bmr015.segment.179" starttime="205.829" endtime="206.168" participant="fe008" timing-provenance="segment">
      <nite:child href="Bmr015.F.words.xml#id(Bmr015.nonvocalsound.21)"/>
   </segment>
   <segment nite:id="Bmr015.segment.195" starttime="223.796" endtime="224.234" participant="fe008" timing-provenance="segment">
      <nite:child href="Bmr015.F.words.xml#id(Bmr015.nonvocalsound.22)"/>
   </segment>
   <segment nite:id="Bmr015.segment.201" starttime="234.165" endtime="234.985" participant="fe008" timing-provenance="dialogueact">
      <nite:child href="Bmr015.F.words.xml#id(Bmr015.w.1,120)..id(Bmr015.w.1,127)"/>
   </segment>
   <segment nite:id="Bmr015.segment.203" starttime="235.348" endtime="235.788" participant="fe008" timing-provenance="dialogueact">
      <nite:child href="Bmr015.F.words.xml#id(Bmr015.w.1,132)..id(Bmr015.w.1,139)"/>
   </segment>
   <segment nite:id="Bmr015.segment.205" starttime="236.364" endtime="236.862" participant="fe008" timing-provenance="segment">
      <nite:child href="Bmr015.F.words.xml#id(Bmr015.nonvocalsound.23)"/>
   </segment>
   <segment nite:id="Bmr015.segment.207" starttime="237.201" endtime="237.878" participant="fe008" timing-provenance="segment">
      <nite:child href="Bmr015.F.words.xml#id(Bmr015.nonvocalsound.24)"/>
   </segment>
   <segment nite:id="Bmr015.segment.210" starttime="239.431" endtime="239.961" participant="fe008" timing-provenance="dialogueact">
      <nite:child href="Bmr015.F.words.xml#id(Bmr015.w.1,165)..id(Bmr015.w.1,169)"/>
   </segment>
   <segment nite:id="Bmr015.segment.220" starttime="266.283" endtime="267.12" participant="fe008" timing-provenance="segment">
      <nite:child href="Bmr015.F.words.xml#id(Bmr015.nonvocalsound.25)"/>
   </segment>
   <segment nite:id="Bmr015.segment.223" starttime="271.683" endtime="273.038" participant="fe008" timing-provenance="segment">
      <nite:child href="Bmr015.F.words.xml#id(Bmr015.nonvocalsound.26)"/>
   </segment>
   <segment nite:id="Bmr015.segment.226" starttime="279.095" endtime="279.454" participant="fe008" timing-provenance="segment">
      <nite:child href="Bmr015.F.words.xml#id(Bmr015.vocalsound.36)..id(Bmr015.disfmarker.46)"/>
   </segment>
   <segment nite:id="Bmr015.segment.228" starttime="283.082" endtime="283.641" participant="fe008" timing-provenance="segment">
      <nite:child href="Bmr015.F.words.xml#id(Bmr015.vocalsound.37)..id(Bmr015.comment.20)"/>
   </segment>
   <segment nite:id="Bmr015.segment.234" starttime="288.577" endtime="289.723" participant="fe008" timing-provenance="segment">
      <nite:child href="Bmr015.F.words.xml#id(Bmr015.w.1,348)..id(Bmr015.comment.21)"/>
   </segment>
   <segment nite:id="Bmr015.segment.249" starttime="315.093" endtime="315.472" participant="fe008" timing-provenance="segment">
      <nite:child href="Bmr015.F.words.xml#id(Bmr015.nonvocalsound.27)"/>
   </segment>
   <segment nite:id="Bmr015.segment.254" starttime="316.867" endtime="317.365" participant="fe008" timing-provenance="segment">
      <nite:child href="Bmr015.F.words.xml#id(Bmr015.nonvocalsound.28)"/>
   </segment>
   <segment nite:id="Bmr015.segment.256" starttime="319.776" endtime="322.146" participant="fe008" timing-provenance="segment">
      <nite:child href="Bmr015.F.words.xml#id(Bmr015.w.1,486)..id(Bmr015.disfmarker.52)"/>
   </segment>
   <segment nite:id="Bmr015.segment.257" starttime="322.176" endtime="323.866" participant="fe008" timing-provenance="dialogueact">
      <nite:child href="Bmr015.F.words.xml#id(Bmr015.w.1,503)..id(Bmr015.w.1,515)"/>
   </segment>
   <segment nite:id="Bmr015.segment.259" starttime="324.338" endtime="325.158" participant="fe008" timing-provenance="dialogueact">
      <nite:child href="Bmr015.F.words.xml#id(Bmr015.w.1,518)..id(Bmr015.w.1,522)"/>
   </segment>
   <segment nite:id="Bmr015.segment.261" starttime="325.572" endtime="325.99" participant="fe008" timing-provenance="segment">
      <nite:child href="Bmr015.F.words.xml#id(Bmr015.nonvocalsound.29)"/>
   </segment>
   <segment nite:id="Bmr015.segment.263" starttime="326.767" endtime="327.225" participant="fe008" timing-provenance="segment">
      <nite:child href="Bmr015.F.words.xml#id(Bmr015.nonvocalsound.30)"/>
   </segment>
   <segment nite:id="Bmr015.segment.265" starttime="327.564" endtime="328.002" participant="fe008" timing-provenance="segment">
      <nite:child href="Bmr015.F.words.xml#id(Bmr015.nonvocalsound.31)"/>
   </segment>
   <segment nite:id="Bmr015.segment.269" starttime="332.903" endtime="333.222" participant="fe008" timing-provenance="segment">
      <nite:child href="Bmr015.F.words.xml#id(Bmr015.nonvocalsound.32)"/>
   </segment>
   <segment nite:id="Bmr015.segment.270" starttime="333.601" endtime="334.478" participant="fe008" timing-provenance="segment">
      <nite:child href="Bmr015.F.words.xml#id(Bmr015.nonvocalsound.33)"/>
   </segment>
   <segment nite:id="Bmr015.segment.272" starttime="336.769" endtime="337.128" participant="fe008" timing-provenance="segment">
      <nite:child href="Bmr015.F.words.xml#id(Bmr015.nonvocalsound.34)"/>
   </segment>
   <segment nite:id="Bmr015.segment.274" starttime="337.467" endtime="337.766" participant="fe008" timing-provenance="segment">
      <nite:child href="Bmr015.F.words.xml#id(Bmr015.nonvocalsound.35)"/>
   </segment>
   <segment nite:id="Bmr015.segment.275" starttime="339.077" endtime="339.954" participant="fe008" timing-provenance="segment">
      <nite:child href="Bmr015.F.words.xml#id(Bmr015.nonvocalsound.36)"/>
   </segment>
   <segment nite:id="Bmr015.segment.276" starttime="341.03" endtime="341.269" participant="fe008" timing-provenance="segment">
      <nite:child href="Bmr015.F.words.xml#id(Bmr015.nonvocalsound.37)"/>
   </segment>
   <segment nite:id="Bmr015.segment.278" starttime="341.608" endtime="341.807" participant="fe008" timing-provenance="segment">
      <nite:child href="Bmr015.F.words.xml#id(Bmr015.nonvocalsound.38)"/>
   </segment>
   <segment nite:id="Bmr015.segment.279" starttime="342.206" endtime="342.525" participant="fe008" timing-provenance="segment">
      <nite:child href="Bmr015.F.words.xml#id(Bmr015.nonvocalsound.39)"/>
   </segment>
   <segment nite:id="Bmr015.segment.287" starttime="351.292" endtime="351.93" participant="fe008" timing-provenance="segment">
      <nite:child href="Bmr015.F.words.xml#id(Bmr015.nonvocalsound.40)"/>
   </segment>
   <segment nite:id="Bmr015.segment.288" starttime="352.229" endtime="352.946" participant="fe008" timing-provenance="segment">
      <nite:child href="Bmr015.F.words.xml#id(Bmr015.nonvocalsound.41)"/>
   </segment>
   <segment nite:id="Bmr015.segment.302" starttime="379.419" endtime="379.718" participant="fe008" timing-provenance="segment">
      <nite:child href="Bmr015.F.words.xml#id(Bmr015.nonvocalsound.42)"/>
   </segment>
   <segment nite:id="Bmr015.segment.305" starttime="383.444" endtime="383.763" participant="fe008" timing-provenance="segment">
      <nite:child href="Bmr015.F.words.xml#id(Bmr015.nonvocalsound.43)"/>
   </segment>
   <segment nite:id="Bmr015.segment.306" starttime="384.161" endtime="385.098" participant="fe008" timing-provenance="segment">
      <nite:child href="Bmr015.F.words.xml#id(Bmr015.nonvocalsound.44)"/>
   </segment>
   <segment nite:id="Bmr015.segment.309" starttime="385.975" endtime="386.573" participant="fe008" timing-provenance="segment">
      <nite:child href="Bmr015.F.words.xml#id(Bmr015.nonvocalsound.45)"/>
   </segment>
   <segment nite:id="Bmr015.segment.311" starttime="387.948" endtime="388.825" participant="fe008" timing-provenance="segment">
      <nite:child href="Bmr015.F.words.xml#id(Bmr015.nonvocalsound.46)"/>
   </segment>
   <segment nite:id="Bmr015.segment.313" starttime="389.263" endtime="389.602" participant="fe008" timing-provenance="segment">
      <nite:child href="Bmr015.F.words.xml#id(Bmr015.nonvocalsound.47)"/>
   </segment>
   <segment nite:id="Bmr015.segment.316" starttime="390.857" endtime="391.276" participant="fe008" timing-provenance="segment">
      <nite:child href="Bmr015.F.words.xml#id(Bmr015.nonvocalsound.48)"/>
   </segment>
   <segment nite:id="Bmr015.segment.317" starttime="391.615" endtime="391.954" participant="fe008" timing-provenance="segment">
      <nite:child href="Bmr015.F.words.xml#id(Bmr015.nonvocalsound.49)"/>
   </segment>
   <segment nite:id="Bmr015.segment.318" starttime="393.727" endtime="395.122" participant="fe008" timing-provenance="segment">
      <nite:child href="Bmr015.F.words.xml#id(Bmr015.nonvocalsound.50)"/>
   </segment>
   <segment nite:id="Bmr015.segment.326" starttime="404.347" endtime="404.666" participant="fe008" timing-provenance="segment">
      <nite:child href="Bmr015.F.words.xml#id(Bmr015.w.1,869)..id(Bmr015.w.1,870)"/>
   </segment>
   <segment nite:id="Bmr015.segment.330" starttime="410.344" endtime="410.454" participant="fe008" timing-provenance="dialogueact">
      <nite:child href="Bmr015.F.words.xml#id(Bmr015.w.1,912)..id(Bmr015.w.1,913)"/>
   </segment>
   <segment nite:id="Bmr015.segment.349" starttime="443.387" endtime="444.304" participant="fe008" timing-provenance="segment">
      <nite:child href="Bmr015.F.words.xml#id(Bmr015.nonvocalsound.51)"/>
   </segment>
   <segment nite:id="Bmr015.segment.351" starttime="444.563" endtime="444.961" participant="fe008" timing-provenance="segment">
      <nite:child href="Bmr015.F.words.xml#id(Bmr015.nonvocalsound.52)"/>
   </segment>
   <segment nite:id="Bmr015.segment.353" starttime="446.157" endtime="446.575" participant="fe008" timing-provenance="segment">
      <nite:child href="Bmr015.F.words.xml#id(Bmr015.nonvocalsound.53)"/>
   </segment>
   <segment nite:id="Bmr015.segment.357" starttime="449.365" endtime="449.644" participant="fe008" timing-provenance="segment">
      <nite:child href="Bmr015.F.words.xml#id(Bmr015.nonvocalsound.54)"/>
   </segment>
   <segment nite:id="Bmr015.segment.358" starttime="450.102" endtime="450.58" participant="fe008" timing-provenance="segment">
      <nite:child href="Bmr015.F.words.xml#id(Bmr015.nonvocalsound.55)"/>
   </segment>
   <segment nite:id="Bmr015.segment.367" starttime="466.26" endtime="467.057" participant="fe008" timing-provenance="segment">
      <nite:child href="Bmr015.F.words.xml#id(Bmr015.nonvocalsound.56)"/>
   </segment>
   <segment nite:id="Bmr015.segment.386" starttime="504.472" endtime="504.811" participant="fe008" timing-provenance="segment">
      <nite:child href="Bmr015.F.words.xml#id(Bmr015.nonvocalsound.57)"/>
   </segment>
   <segment nite:id="Bmr015.segment.429" starttime="542.685" endtime="543.382" participant="fe008" timing-provenance="segment">
      <nite:child href="Bmr015.F.words.xml#id(Bmr015.nonvocalsound.58)"/>
   </segment>
   <segment nite:id="Bmr015.segment.430" starttime="543.701" endtime="544.199" participant="fe008" timing-provenance="segment">
      <nite:child href="Bmr015.F.words.xml#id(Bmr015.nonvocalsound.59)"/>
   </segment>
   <segment nite:id="Bmr015.segment.435" starttime="548.602" endtime="549.021" participant="fe008" timing-provenance="segment">
      <nite:child href="Bmr015.F.words.xml#id(Bmr015.nonvocalsound.60)"/>
   </segment>
   <segment nite:id="Bmr015.segment.437" starttime="549.24" endtime="549.858" participant="fe008" timing-provenance="segment">
      <nite:child href="Bmr015.F.words.xml#id(Bmr015.nonvocalsound.61)"/>
   </segment>
   <segment nite:id="Bmr015.segment.441" starttime="551.113" endtime="551.492" participant="fe008" timing-provenance="segment">
      <nite:child href="Bmr015.F.words.xml#id(Bmr015.nonvocalsound.62)"/>
   </segment>
   <segment nite:id="Bmr015.segment.453" starttime="566.067" endtime="568.318" participant="fe008" timing-provenance="segment">
      <nite:child href="Bmr015.F.words.xml#id(Bmr015.nonvocalsound.63)"/>
   </segment>
   <segment nite:id="Bmr015.segment.458" starttime="568.458" endtime="569.472" participant="fe008" timing-provenance="segment">
      <nite:child href="Bmr015.F.words.xml#id(Bmr015.nonvocalsound.64)"/>
   </segment>
   <segment nite:id="Bmr015.segment.462" starttime="570.907" endtime="571.325" participant="fe008" timing-provenance="segment">
      <nite:child href="Bmr015.F.words.xml#id(Bmr015.nonvocalsound.65)"/>
   </segment>
   <segment nite:id="Bmr015.segment.463" starttime="572.66" endtime="573.119" participant="fe008" timing-provenance="segment">
      <nite:child href="Bmr015.F.words.xml#id(Bmr015.nonvocalsound.66)"/>
   </segment>
   <segment nite:id="Bmr015.segment.471" starttime="579.495" endtime="579.814" participant="fe008" timing-provenance="segment">
      <nite:child href="Bmr015.F.words.xml#id(Bmr015.nonvocalsound.67)"/>
   </segment>
   <segment nite:id="Bmr015.segment.473" starttime="580.372" endtime="581.508" participant="fe008" timing-provenance="segment">
      <nite:child href="Bmr015.F.words.xml#id(Bmr015.nonvocalsound.68)"/>
   </segment>
   <segment nite:id="Bmr015.segment.485" starttime="592.287" endtime="592.566" participant="fe008" timing-provenance="segment">
      <nite:child href="Bmr015.F.words.xml#id(Bmr015.nonvocalsound.69)"/>
   </segment>
   <segment nite:id="Bmr015.segment.486" starttime="593.759" endtime="595.294" participant="fe008" timing-provenance="segment">
      <nite:child href="Bmr015.F.words.xml#id(Bmr015.nonvocalsound.70)"/>
   </segment>
   <segment nite:id="Bmr015.segment.487" starttime="595.692" endtime="596.091" participant="fe008" timing-provenance="segment">
      <nite:child href="Bmr015.F.words.xml#id(Bmr015.nonvocalsound.71)"/>
   </segment>
   <segment nite:id="Bmr015.segment.502" starttime="622.817" endtime="623.355" participant="fe008" timing-provenance="segment">
      <nite:child href="Bmr015.F.words.xml#id(Bmr015.nonvocalsound.73)"/>
   </segment>
   <segment nite:id="Bmr015.segment.503" starttime="625.306" endtime="626.681" participant="fe008" timing-provenance="segment">
      <nite:child href="Bmr015.F.words.xml#id(Bmr015.nonvocalsound.74)"/>
   </segment>
   <segment nite:id="Bmr015.segment.518" starttime="653.437" endtime="654.254" participant="fe008" timing-provenance="segment">
      <nite:child href="Bmr015.F.words.xml#id(Bmr015.nonvocalsound.75)"/>
   </segment>
   <segment nite:id="Bmr015.segment.542" starttime="680.654" endtime="681.441" participant="fe008" timing-provenance="segment">
      <nite:child href="Bmr015.F.words.xml#id(Bmr015.nonvocalsound.76)"/>
   </segment>
   <segment nite:id="Bmr015.segment.545" starttime="686.84" endtime="687.956" participant="fe008" timing-provenance="segment">
      <nite:child href="Bmr015.F.words.xml#id(Bmr015.nonvocalsound.77)"/>
   </segment>
   <segment nite:id="Bmr015.segment.557" starttime="694.299" endtime="696.98" participant="fe008" timing-provenance="segment">
      <nite:child href="Bmr015.F.words.xml#id(Bmr015.vocalsound.89)"/>
   </segment>
   <segment nite:id="Bmr015.segment.568" starttime="704.747" endtime="705.265" participant="fe008" timing-provenance="segment">
      <nite:child href="Bmr015.F.words.xml#id(Bmr015.nonvocalsound.78)"/>
   </segment>
   <segment nite:id="Bmr015.segment.584" starttime="724.346" endtime="724.864" participant="fe008" timing-provenance="segment">
      <nite:child href="Bmr015.F.words.xml#id(Bmr015.nonvocalsound.79)"/>
   </segment>
   <segment nite:id="Bmr015.segment.599" starttime="745.435" endtime="745.843" participant="fe008" timing-provenance="segment">
      <nite:child href="Bmr015.F.words.xml#id(Bmr015.nonvocalsound.80)"/>
   </segment>
   <segment nite:id="Bmr015.segment.611" starttime="755.606" endtime="755.945" participant="fe008" timing-provenance="segment">
      <nite:child href="Bmr015.F.words.xml#id(Bmr015.nonvocalsound.81)"/>
   </segment>
   <segment nite:id="Bmr015.segment.613" starttime="756.323" endtime="758.054" participant="fe008" timing-provenance="segment">
      <nite:child href="Bmr015.F.words.xml#id(Bmr015.nonvocalsound.82)"/>
   </segment>
   <segment nite:id="Bmr015.segment.620" starttime="766.323" endtime="767.698" participant="fe008" timing-provenance="segment">
      <nite:child href="Bmr015.F.words.xml#id(Bmr015.nonvocalsound.83)"/>
   </segment>
   <segment nite:id="Bmr015.segment.627" starttime="769.609" endtime="770.983" participant="fe008" timing-provenance="segment">
      <nite:child href="Bmr015.F.words.xml#id(Bmr015.nonvocalsound.84)"/>
   </segment>
   <segment nite:id="Bmr015.segment.689" starttime="866.362" endtime="867.08" participant="fe008" timing-provenance="segment">
      <nite:child href="Bmr015.F.words.xml#id(Bmr015.vocalsound.115)"/>
   </segment>
   <segment nite:id="Bmr015.segment.690" starttime="868.092" endtime="868.612" participant="fe008" timing-provenance="dialogueact">
      <nite:child href="Bmr015.F.words.xml#id(Bmr015.w.3,895)..id(Bmr015.w.3,899)"/>
   </segment>
   <segment nite:id="Bmr015.segment.691" starttime="869.062" endtime="869.452" participant="fe008" timing-provenance="dialogueact">
      <nite:child href="Bmr015.F.words.xml#id(Bmr015.w.3,900)..id(Bmr015.w.3,902)"/>
   </segment>
   <segment nite:id="Bmr015.segment.692" starttime="869.69" endtime="871.536" participant="fe008" timing-provenance="segment">
      <nite:child href="Bmr015.F.words.xml#id(Bmr015.w.3,903)..id(Bmr015.disfmarker.188)"/>
   </segment>
   <segment nite:id="Bmr015.segment.693" starttime="871.815" endtime="872.532" participant="fe008" timing-provenance="segment">
      <nite:child href="Bmr015.F.words.xml#id(Bmr015.w.3,910)..id(Bmr015.disfmarker.189)"/>
   </segment>
   <segment nite:id="Bmr015.segment.694" starttime="872.931" endtime="877.174" participant="fe008" timing-provenance="segment">
      <nite:child href="Bmr015.F.words.xml#id(Bmr015.w.3,915)..id(Bmr015.disfmarker.190)"/>
   </segment>
   <segment nite:id="Bmr015.segment.696" starttime="878.454" endtime="878.674" participant="fe008" timing-provenance="dialogueact">
      <nite:child href="Bmr015.F.words.xml#id(Bmr015.w.3,951)..id(Bmr015.w.3,952)"/>
   </segment>
   <segment nite:id="Bmr015.segment.702" starttime="884.867" endtime="886.561" participant="fe008" timing-provenance="segment">
      <nite:child href="Bmr015.F.words.xml#id(Bmr015.w.3,974)..id(Bmr015.nonvocalsound.85)"/>
   </segment>
   <segment nite:id="Bmr015.segment.704" starttime="886.681" endtime="886.901" participant="fe008" timing-provenance="dialogueact">
      <nite:child href="Bmr015.F.words.xml#id(Bmr015.w.3,998)"/>
   </segment>
   <segment nite:id="Bmr015.segment.707" starttime="889.867" endtime="890.147" participant="fe008" timing-provenance="dialogueact">
      <nite:child href="Bmr015.F.words.xml#id(Bmr015.w.4,003)..id(Bmr015.w.4,004)"/>
   </segment>
   <segment nite:id="Bmr015.segment.713" starttime="900.683" endtime="901.52" participant="fe008" timing-provenance="segment">
      <nite:child href="Bmr015.F.words.xml#id(Bmr015.nonvocalsound.86)"/>
   </segment>
   <segment nite:id="Bmr015.segment.724" starttime="919.709" endtime="925.603" participant="fe008" timing-provenance="segment">
      <nite:child href="Bmr015.F.words.xml#id(Bmr015.vocalsound.118)..id(Bmr015.w.4,163)"/>
   </segment>
   <segment nite:id="Bmr015.segment.725" starttime="926.241" endtime="930.201" participant="fe008" timing-provenance="dialogueact">
      <nite:child href="Bmr015.F.words.xml#id(Bmr015.w.4,164)..id(Bmr015.w.4,188)"/>
   </segment>
   <segment nite:id="Bmr015.segment.727" starttime="930.596" endtime="931.906" participant="fe008" timing-provenance="dialogueact">
      <nite:child href="Bmr015.F.words.xml#id(Bmr015.w.4,191)..id(Bmr015.w.4,196)"/>
   </segment>
   <segment nite:id="Bmr015.segment.729" starttime="932.34" endtime="933.39" participant="fe008" timing-provenance="dialogueact">
      <nite:child href="Bmr015.F.words.xml#id(Bmr015.w.4,245)..id(Bmr015.w.4,250)"/>
   </segment>
   <segment nite:id="Bmr015.segment.730" starttime="936.902" endtime="937.181" participant="fe008" timing-provenance="segment">
      <nite:child href="Bmr015.F.words.xml#id(Bmr015.nonvocalsound.87)"/>
   </segment>
   <segment nite:id="Bmr015.segment.731" starttime="938.895" endtime="939.165" participant="fe008" timing-provenance="dialogueact">
      <nite:child href="Bmr015.F.words.xml#id(Bmr015.w.4,251)..id(Bmr015.w.4,252)"/>
   </segment>
   <segment nite:id="Bmr015.segment.732" starttime="939.598" endtime="939.778" participant="fe008" timing-provenance="dialogueact">
      <nite:child href="Bmr015.F.words.xml#id(Bmr015.w.4,253)..id(Bmr015.w.4,254)"/>
   </segment>
   <segment nite:id="Bmr015.segment.755" starttime="988.785" endtime="989.423" participant="fe008" timing-provenance="segment">
      <nite:child href="Bmr015.F.words.xml#id(Bmr015.nonvocalsound.88)"/>
   </segment>
   <segment nite:id="Bmr015.segment.757" starttime="997.032" endtime="997.53" participant="fe008" timing-provenance="segment">
      <nite:child href="Bmr015.F.words.xml#id(Bmr015.nonvocalsound.89)"/>
   </segment>
   <segment nite:id="Bmr015.segment.758" starttime="997.889" endtime="998.546" participant="fe008" timing-provenance="segment">
      <nite:child href="Bmr015.F.words.xml#id(Bmr015.nonvocalsound.90)"/>
   </segment>
   <segment nite:id="Bmr015.segment.761" starttime="998.945" endtime="999.423" participant="fe008" timing-provenance="segment">
      <nite:child href="Bmr015.F.words.xml#id(Bmr015.nonvocalsound.91)"/>
   </segment>
   <segment nite:id="Bmr015.segment.775" starttime="1017.73" endtime="1019.441" participant="fe008" timing-provenance="segment">
      <nite:child href="Bmr015.F.words.xml#id(Bmr015.w.4,543)..id(Bmr015.disfmarker.205)"/>
   </segment>
   <segment nite:id="Bmr015.segment.777" starttime="1019.441" endtime="1020.925" participant="fe008" timing-provenance="segment">
      <nite:child href="Bmr015.F.words.xml#id(Bmr015.w.4,552)..id(Bmr015.disfmarker.207)"/>
   </segment>
   <segment nite:id="Bmr015.segment.778" starttime="1020.925" endtime="1022.312" participant="fe008" timing-provenance="segment">
      <nite:child href="Bmr015.F.words.xml#id(Bmr015.w.4,557)..id(Bmr015.disfmarker.208)"/>
   </segment>
   <segment nite:id="Bmr015.segment.779" starttime="1022.756" endtime="1024.388" participant="fe008" timing-provenance="segment">
      <nite:child href="Bmr015.F.words.xml#id(Bmr015.w.4,562)..id(Bmr015.vocalsound.127)"/>
   </segment>
   <segment nite:id="Bmr015.segment.781" starttime="1024.48" endtime="1029.04" participant="fe008" timing-provenance="dialogueact">
      <nite:child href="Bmr015.F.words.xml#id(Bmr015.w.4,567)..id(Bmr015.w.4,583)"/>
   </segment>
   <segment nite:id="Bmr015.segment.782" starttime="1029.43" endtime="1035.41" participant="fe008" timing-provenance="dialogueact">
      <nite:child href="Bmr015.F.words.xml#id(Bmr015.w.4,584)..id(Bmr015.w.4,610)"/>
   </segment>
   <segment nite:id="Bmr015.segment.783" starttime="1036.1" endtime="1036.71" participant="fe008" timing-provenance="dialogueact">
      <nite:child href="Bmr015.F.words.xml#id(Bmr015.w.4,611)..id(Bmr015.w.4,614)"/>
   </segment>
   <segment nite:id="Bmr015.segment.784" starttime="1037.4" endtime="1038.74" participant="fe008" timing-provenance="dialogueact">
      <nite:child href="Bmr015.F.words.xml#id(Bmr015.w.4,615)..id(Bmr015.w.4,619)"/>
   </segment>
   <segment nite:id="Bmr015.segment.785" starttime="1039.56" endtime="1041.91" participant="fe008" timing-provenance="dialogueact">
      <nite:child href="Bmr015.F.words.xml#id(Bmr015.w.4,620)..id(Bmr015.w.4,630)"/>
   </segment>
   <segment nite:id="Bmr015.segment.786" starttime="1042.125" endtime="1044.621" participant="fe008" timing-provenance="segment">
      <nite:child href="Bmr015.F.words.xml#id(Bmr015.vocalsound.129)..id(Bmr015.w.4,638)"/>
   </segment>
   <segment nite:id="Bmr015.segment.787" starttime="1044.83" endtime="1048.94" participant="fe008" timing-provenance="dialogueact">
      <nite:child href="Bmr015.F.words.xml#id(Bmr015.w.4,639)..id(Bmr015.w.4,652)"/>
   </segment>
   <segment nite:id="Bmr015.segment.788" starttime="1050.06" endtime="1050.3" participant="fe008" timing-provenance="dialogueact">
      <nite:child href="Bmr015.F.words.xml#id(Bmr015.w.4,653)..id(Bmr015.w.4,654)"/>
   </segment>
   <segment nite:id="Bmr015.segment.789" starttime="1050.93" endtime="1053.89" participant="fe008" timing-provenance="dialogueact">
      <nite:child href="Bmr015.F.words.xml#id(Bmr015.w.4,655)..id(Bmr015.w.4,666)"/>
   </segment>
   <segment nite:id="Bmr015.segment.790" starttime="1054.35" endtime="1062.12" participant="fe008" timing-provenance="dialogueact">
      <nite:child href="Bmr015.F.words.xml#id(Bmr015.w.4,667)..id(Bmr015.w.4,709)"/>
   </segment>
   <segment nite:id="Bmr015.segment.791" starttime="1062.67" endtime="1063.39" participant="fe008" timing-provenance="dialogueact">
      <nite:child href="Bmr015.F.words.xml#id(Bmr015.w.4,710)..id(Bmr015.w.4,711)"/>
   </segment>
   <segment nite:id="Bmr015.segment.792" starttime="1063.81" endtime="1068.71" participant="fe008" timing-provenance="dialogueact">
      <nite:child href="Bmr015.F.words.xml#id(Bmr015.w.4,712)..id(Bmr015.w.4,744)"/>
   </segment>
   <segment nite:id="Bmr015.segment.793" starttime="1068.92" endtime="1073.39" participant="fe008" timing-provenance="dialogueact">
      <nite:child href="Bmr015.F.words.xml#id(Bmr015.w.4,745)..id(Bmr015.w.4,772)"/>
   </segment>
   <segment nite:id="Bmr015.segment.794" starttime="1073.71" endtime="1077.43" participant="fe008" timing-provenance="dialogueact">
      <nite:child href="Bmr015.F.words.xml#id(Bmr015.w.4,773)..id(Bmr015.w.4,791)"/>
   </segment>
   <segment nite:id="Bmr015.segment.796" starttime="1077.87" endtime="1079.21" participant="fe008" timing-provenance="dialogueact">
      <nite:child href="Bmr015.F.words.xml#id(Bmr015.w.4,796)..id(Bmr015.w.4,802)"/>
   </segment>
   <segment nite:id="Bmr015.segment.797" starttime="1079.68" endtime="1081.43" participant="fe008" timing-provenance="dialogueact">
      <nite:child href="Bmr015.F.words.xml#id(Bmr015.w.4,803)..id(Bmr015.w.4,810)"/>
   </segment>
   <segment nite:id="Bmr015.segment.799" starttime="1081.73" endtime="1083.23" participant="fe008" timing-provenance="dialogueact">
      <nite:child href="Bmr015.F.words.xml#id(Bmr015.w.4,813)..id(Bmr015.w.4,817)"/>
   </segment>
   <segment nite:id="Bmr015.segment.807" starttime="1096.64" endtime="1098.03" participant="fe008" timing-provenance="dialogueact">
      <nite:child href="Bmr015.F.words.xml#id(Bmr015.w.4,862)..id(Bmr015.w.4,869)"/>
   </segment>
   <segment nite:id="Bmr015.segment.808" starttime="1098.45" endtime="1099.58" participant="fe008" timing-provenance="dialogueact">
      <nite:child href="Bmr015.F.words.xml#id(Bmr015.w.4,870)..id(Bmr015.w.4,875)"/>
   </segment>
   <segment nite:id="Bmr015.segment.809" starttime="1099.87" endtime="1100.86" participant="fe008" timing-provenance="dialogueact">
      <nite:child href="Bmr015.F.words.xml#id(Bmr015.w.4,876)..id(Bmr015.w.4,881)"/>
   </segment>
   <segment nite:id="Bmr015.segment.810" starttime="1101.18" endtime="1103.35" participant="fe008" timing-provenance="dialogueact">
      <nite:child href="Bmr015.F.words.xml#id(Bmr015.w.4,882)..id(Bmr015.w.4,889)"/>
   </segment>
   <segment nite:id="Bmr015.segment.811" starttime="1103.76" endtime="1105.97" participant="fe008" timing-provenance="dialogueact">
      <nite:child href="Bmr015.F.words.xml#id(Bmr015.w.4,890)..id(Bmr015.w.4,898)"/>
   </segment>
   <segment nite:id="Bmr015.segment.812" starttime="1106.07" endtime="1107.57" participant="fe008" timing-provenance="dialogueact">
      <nite:child href="Bmr015.F.words.xml#id(Bmr015.w.4,899)..id(Bmr015.w.4,906)"/>
   </segment>
   <segment nite:id="Bmr015.segment.813" starttime="1107.94" endtime="1112.69" participant="fe008" timing-provenance="dialogueact">
      <nite:child href="Bmr015.F.words.xml#id(Bmr015.w.4,907)..id(Bmr015.w.4,925)"/>
   </segment>
   <segment nite:id="Bmr015.segment.816" starttime="1113.01" endtime="1115.31" participant="fe008" timing-provenance="dialogueact">
      <nite:child href="Bmr015.F.words.xml#id(Bmr015.w.4,932)..id(Bmr015.w.4,942)"/>
   </segment>
   <segment nite:id="Bmr015.segment.818" starttime="1115.732" endtime="1116.894" participant="fe008" timing-provenance="segment">
      <nite:child href="Bmr015.F.words.xml#id(Bmr015.w.4,945)..id(Bmr015.disfmarker.223)"/>
   </segment>
   <segment nite:id="Bmr015.segment.819" starttime="1117.187" endtime="1118.705" participant="fe008" timing-provenance="segment">
      <nite:child href="Bmr015.F.words.xml#id(Bmr015.w.4,949)..id(Bmr015.disfmarker.224)"/>
   </segment>
   <segment nite:id="Bmr015.segment.820" starttime="1119.58" endtime="1121.41" participant="fe008" timing-provenance="dialogueact">
      <nite:child href="Bmr015.F.words.xml#id(Bmr015.w.4,955)..id(Bmr015.w.4,961)"/>
   </segment>
   <segment nite:id="Bmr015.segment.822" starttime="1121.66" endtime="1126.12" participant="fe008" timing-provenance="dialogueact">
      <nite:child href="Bmr015.F.words.xml#id(Bmr015.w.4,964)..id(Bmr015.w.4,983)"/>
   </segment>
   <segment nite:id="Bmr015.segment.824" starttime="1126.53" endtime="1128.35" participant="fe008" timing-provenance="dialogueact">
      <nite:child href="Bmr015.F.words.xml#id(Bmr015.w.4,986)..id(Bmr015.w.4,996)"/>
   </segment>
   <segment nite:id="Bmr015.segment.825" starttime="1128.43" endtime="1129.77" participant="fe008" timing-provenance="dialogueact">
      <nite:child href="Bmr015.F.words.xml#id(Bmr015.w.4,997)..id(Bmr015.w.5,002)"/>
   </segment>
   <segment nite:id="Bmr015.segment.826" starttime="1130.24" endtime="1134.8" participant="fe008" timing-provenance="dialogueact">
      <nite:child href="Bmr015.F.words.xml#id(Bmr015.w.5,003)..id(Bmr015.w.5,022)"/>
   </segment>
   <segment nite:id="Bmr015.segment.827" starttime="1135.279" endtime="1136.995" participant="fe008" timing-provenance="segment">
      <nite:child href="Bmr015.F.words.xml#id(Bmr015.w.5,023)..id(Bmr015.disfmarker.225)"/>
   </segment>
   <segment nite:id="Bmr015.segment.828" starttime="1137.38" endtime="1138.15" participant="fe008" timing-provenance="dialogueact">
      <nite:child href="Bmr015.F.words.xml#id(Bmr015.w.5,032)..id(Bmr015.w.5,035)"/>
   </segment>
   <segment nite:id="Bmr015.segment.829" starttime="1138.15" endtime="1140.71" participant="fe008" timing-provenance="dialogueact">
      <nite:child href="Bmr015.F.words.xml#id(Bmr015.w.5,036)..id(Bmr015.w.5,048)"/>
   </segment>
   <segment nite:id="Bmr015.segment.830" starttime="1141.19" endtime="1144.55" participant="fe008" timing-provenance="dialogueact">
      <nite:child href="Bmr015.F.words.xml#id(Bmr015.w.5,049)..id(Bmr015.w.5,059)"/>
   </segment>
   <segment nite:id="Bmr015.segment.831" starttime="1145.1" endtime="1148.27" participant="fe008" timing-provenance="dialogueact">
      <nite:child href="Bmr015.F.words.xml#id(Bmr015.w.5,060)..id(Bmr015.w.5,079)"/>
   </segment>
   <segment nite:id="Bmr015.segment.832" starttime="1148.76" endtime="1151.46" participant="fe008" timing-provenance="dialogueact">
      <nite:child href="Bmr015.F.words.xml#id(Bmr015.w.5,080)..id(Bmr015.w.5,091)"/>
   </segment>
   <segment nite:id="Bmr015.segment.833" starttime="1151.88" endtime="1153.5" participant="fe008" timing-provenance="dialogueact">
      <nite:child href="Bmr015.F.words.xml#id(Bmr015.w.5,092)..id(Bmr015.w.5,095)"/>
   </segment>
   <segment nite:id="Bmr015.segment.834" starttime="1154.02" endtime="1155.6" participant="fe008" timing-provenance="dialogueact">
      <nite:child href="Bmr015.F.words.xml#id(Bmr015.w.5,096)..id(Bmr015.w.5,102)"/>
   </segment>
   <segment nite:id="Bmr015.segment.835" starttime="1155.99" endtime="1158.56" participant="fe008" timing-provenance="dialogueact">
      <nite:child href="Bmr015.F.words.xml#id(Bmr015.w.5,103)..id(Bmr015.w.5,116)"/>
   </segment>
   <segment nite:id="Bmr015.segment.837" starttime="1159.09" endtime="1160.43" participant="fe008" timing-provenance="dialogueact">
      <nite:child href="Bmr015.F.words.xml#id(Bmr015.w.5,121)..id(Bmr015.w.5,125)"/>
   </segment>
   <segment nite:id="Bmr015.segment.838" starttime="1161.17" endtime="1164.67" participant="fe008" timing-provenance="dialogueact">
      <nite:child href="Bmr015.F.words.xml#id(Bmr015.w.5,126)..id(Bmr015.w.5,148)"/>
   </segment>
   <segment nite:id="Bmr015.segment.839" starttime="1165.65" endtime="1171.35" participant="fe008" timing-provenance="dialogueact">
      <nite:child href="Bmr015.F.words.xml#id(Bmr015.w.5,149)..id(Bmr015.w.5,172)"/>
   </segment>
   <segment nite:id="Bmr015.segment.842" starttime="1171.71" endtime="1175.13" participant="fe008" timing-provenance="dialogueact">
      <nite:child href="Bmr015.F.words.xml#id(Bmr015.w.5,179)..id(Bmr015.w.5,191)"/>
   </segment>
   <segment nite:id="Bmr015.segment.843" starttime="1175.54" endtime="1179.14" participant="fe008" timing-provenance="dialogueact">
      <nite:child href="Bmr015.F.words.xml#id(Bmr015.w.5,192)..id(Bmr015.w.5,213)"/>
   </segment>
   <segment nite:id="Bmr015.segment.844" starttime="1179.357" endtime="1182.947" participant="fe008" timing-provenance="segment">
      <nite:child href="Bmr015.F.words.xml#id(Bmr015.w.5,214)..id(Bmr015.comment.37)"/>
   </segment>
   <segment nite:id="Bmr015.segment.845" starttime="1183.2" endtime="1189.52" participant="fe008" timing-provenance="dialogueact">
      <nite:child href="Bmr015.F.words.xml#id(Bmr015.w.5,230)..id(Bmr015.w.5,260)"/>
   </segment>
   <segment nite:id="Bmr015.segment.846" starttime="1190.01" endtime="1193.42" participant="fe008" timing-provenance="dialogueact">
      <nite:child href="Bmr015.F.words.xml#id(Bmr015.w.5,261)..id(Bmr015.w.5,284)"/>
   </segment>
   <segment nite:id="Bmr015.segment.847" starttime="1193.74" endtime="1197.97" participant="fe008" timing-provenance="dialogueact">
      <nite:child href="Bmr015.F.words.xml#id(Bmr015.w.5,285)..id(Bmr015.w.5,302)"/>
   </segment>
   <segment nite:id="Bmr015.segment.848" starttime="1198.26" endtime="1205.34" participant="fe008" timing-provenance="dialogueact">
      <nite:child href="Bmr015.F.words.xml#id(Bmr015.w.5,303)..id(Bmr015.w.5,338)"/>
   </segment>
   <segment nite:id="Bmr015.segment.852" starttime="1219.33" endtime="1219.59" participant="fe008" timing-provenance="dialogueact">
      <nite:child href="Bmr015.F.words.xml#id(Bmr015.w.5,390)..id(Bmr015.w.5,391)"/>
   </segment>
   <segment nite:id="Bmr015.segment.853" starttime="1220.21" endtime="1222.16" participant="fe008" timing-provenance="dialogueact">
      <nite:child href="Bmr015.F.words.xml#id(Bmr015.w.5,392)..id(Bmr015.w.5,402)"/>
   </segment>
   <segment nite:id="Bmr015.segment.854" starttime="1222.69" endtime="1227.87" participant="fe008" timing-provenance="dialogueact">
      <nite:child href="Bmr015.F.words.xml#id(Bmr015.w.5,403)..id(Bmr015.w.5,421)"/>
   </segment>
   <segment nite:id="Bmr015.segment.856" starttime="1228.33" endtime="1234.08" participant="fe008" timing-provenance="dialogueact">
      <nite:child href="Bmr015.F.words.xml#id(Bmr015.w.5,424)..id(Bmr015.w.5,451)"/>
   </segment>
   <segment nite:id="Bmr015.segment.858" starttime="1234.29" endtime="1237.59" participant="fe008" timing-provenance="dialogueact">
      <nite:child href="Bmr015.F.words.xml#id(Bmr015.w.5,454)..id(Bmr015.w.5,472)"/>
   </segment>
   <segment nite:id="Bmr015.segment.860" starttime="1238.02" endtime="1239.88" participant="fe008" timing-provenance="dialogueact">
      <nite:child href="Bmr015.F.words.xml#id(Bmr015.w.5,475)..id(Bmr015.w.5,488)"/>
   </segment>
   <segment nite:id="Bmr015.segment.861" starttime="1240.57" endtime="1242.72" participant="fe008" timing-provenance="dialogueact">
      <nite:child href="Bmr015.F.words.xml#id(Bmr015.w.5,489)..id(Bmr015.w.5,506)"/>
   </segment>
   <segment nite:id="Bmr015.segment.862" starttime="1243.42" endtime="1246.94" participant="fe008" timing-provenance="dialogueact">
      <nite:child href="Bmr015.F.words.xml#id(Bmr015.w.5,507)..id(Bmr015.w.5,528)"/>
   </segment>
   <segment nite:id="Bmr015.segment.863" starttime="1247.21" endtime="1250.34" participant="fe008" timing-provenance="dialogueact">
      <nite:child href="Bmr015.F.words.xml#id(Bmr015.w.5,529)..id(Bmr015.w.5,544)"/>
   </segment>
   <segment nite:id="Bmr015.segment.865" starttime="1251.12" endtime="1254.212" participant="fe008" timing-provenance="segment">
      <nite:child href="Bmr015.F.words.xml#id(Bmr015.w.5,545)..id(Bmr015.vocalsound.131)"/>
   </segment>
   <segment nite:id="Bmr015.segment.872" starttime="1254.584" endtime="1254.894" participant="fe008" timing-provenance="segment">
      <nite:child href="Bmr015.F.words.xml#id(Bmr015.nonvocalsound.93)..id(Bmr015.vocalsound.138)"/>
   </segment>
   <segment nite:id="Bmr015.segment.873" starttime="1255.17" endtime="1255.9" participant="fe008" timing-provenance="dialogueact">
      <nite:child href="Bmr015.F.words.xml#id(Bmr015.w.5,554)..id(Bmr015.w.5,560)"/>
   </segment>
   <segment nite:id="Bmr015.segment.881" starttime="1266.419" endtime="1266.901" participant="fe008" timing-provenance="segment">
      <nite:child href="Bmr015.F.words.xml#id(Bmr015.w.5,603)..id(Bmr015.w.5,604)"/>
   </segment>
   <segment nite:id="Bmr015.segment.986" starttime="1410.03" endtime="1417.303" participant="fe008" timing-provenance="segment">
      <nite:child href="Bmr015.F.words.xml#id(Bmr015.nonvocalsound.94)"/>
   </segment>
   <segment nite:id="Bmr015.segment.1,104" starttime="1599.18" endtime="1599.965" participant="fe008" timing-provenance="segment">
      <nite:child href="Bmr015.F.words.xml#id(Bmr015.nonvocalsound.96)"/>
   </segment>
   <segment nite:id="Bmr015.segment.1,127" starttime="1639.032" endtime="1641.668" participant="fe008" timing-provenance="segment">
      <nite:child href="Bmr015.F.words.xml#id(Bmr015.nonvocalsound.98)"/>
   </segment>
   <segment nite:id="Bmr015.segment.1,176" starttime="1711.781" endtime="1712.538" participant="fe008" timing-provenance="segment">
      <nite:child href="Bmr015.F.words.xml#id(Bmr015.nonvocalsound.100)"/>
   </segment>
   <segment nite:id="Bmr015.segment.1,177" starttime="1713.822" endtime="1714.299" participant="fe008" timing-provenance="segment">
      <nite:child href="Bmr015.F.words.xml#id(Bmr015.nonvocalsound.101)"/>
   </segment>
   <segment nite:id="Bmr015.segment.1,179" starttime="1715.818" endtime="1716.55" participant="fe008" timing-provenance="segment">
      <nite:child href="Bmr015.F.words.xml#id(Bmr015.nonvocalsound.102)"/>
   </segment>
   <segment nite:id="Bmr015.segment.1,181" starttime="1718.919" endtime="1719.706" participant="fe008" timing-provenance="segment">
      <nite:child href="Bmr015.F.words.xml#id(Bmr015.nonvocalsound.103)"/>
   </segment>
   <segment nite:id="Bmr015.segment.1,185" starttime="1723.704" endtime="1725.901" participant="fe008" timing-provenance="segment">
      <nite:child href="Bmr015.F.words.xml#id(Bmr015.nonvocalsound.104)"/>
   </segment>
   <segment nite:id="Bmr015.segment.1,195" starttime="1742.41" endtime="1743.569" participant="fe008" timing-provenance="segment">
      <nite:child href="Bmr015.F.words.xml#id(Bmr015.nonvocalsound.105)"/>
   </segment>
   <segment nite:id="Bmr015.segment.1,200" starttime="1750.921" endtime="1753.683" participant="fe008" timing-provenance="segment">
      <nite:child href="Bmr015.F.words.xml#id(Bmr015.nonvocalsound.106)"/>
   </segment>
   <segment nite:id="Bmr015.segment.1,203" starttime="1755.81" endtime="1762.836" participant="fe008" timing-provenance="segment">
      <nite:child href="Bmr015.F.words.xml#id(Bmr015.nonvocalsound.107)"/>
   </segment>
   <segment nite:id="Bmr015.segment.1,209" starttime="1764.515" endtime="1765.788" participant="fe008" timing-provenance="segment">
      <nite:child href="Bmr015.F.words.xml#id(Bmr015.nonvocalsound.108)"/>
   </segment>
   <segment nite:id="Bmr015.segment.1,216" starttime="1775.959" endtime="1777.663" participant="fe008" timing-provenance="segment">
      <nite:child href="Bmr015.F.words.xml#id(Bmr015.nonvocalsound.109)"/>
   </segment>
   <segment nite:id="Bmr015.segment.1,223" starttime="1786.082" endtime="1787.704" participant="fe008" timing-provenance="segment">
      <nite:child href="Bmr015.F.words.xml#id(Bmr015.nonvocalsound.110)"/>
   </segment>
   <segment nite:id="Bmr015.segment.1,232" starttime="1802.991" endtime="1804.965" participant="fe008" timing-provenance="segment">
      <nite:child href="Bmr015.F.words.xml#id(Bmr015.nonvocalsound.111)"/>
   </segment>
   <segment nite:id="Bmr015.segment.1,239" starttime="1816.236" endtime="1817.236" participant="fe008" timing-provenance="segment">
      <nite:child href="Bmr015.F.words.xml#id(Bmr015.nonvocalsound.112)"/>
   </segment>
   <segment nite:id="Bmr015.segment.1,245" starttime="1819.609" endtime="1820.611" participant="fe008" timing-provenance="segment">
      <nite:child href="Bmr015.F.words.xml#id(Bmr015.nonvocalsound.113)"/>
   </segment>
   <segment nite:id="Bmr015.segment.1,261" starttime="1840.289" endtime="1841.308" participant="fe008" timing-provenance="segment">
      <nite:child href="Bmr015.F.words.xml#id(Bmr015.nonvocalsound.114)"/>
   </segment>
   <segment nite:id="Bmr015.segment.1,266" starttime="1848.343" endtime="1850.383" participant="fe008" timing-provenance="segment">
      <nite:child href="Bmr015.F.words.xml#id(Bmr015.nonvocalsound.115)"/>
   </segment>
   <segment nite:id="Bmr015.segment.1,270" starttime="1851.486" endtime="1859.785" participant="fe008" timing-provenance="segment">
      <nite:child href="Bmr015.F.words.xml#id(Bmr015.nonvocalsound.116)"/>
   </segment>
   <segment nite:id="Bmr015.segment.1,278" starttime="1867.21" endtime="1870.226" participant="fe008" timing-provenance="segment">
      <nite:child href="Bmr015.F.words.xml#id(Bmr015.nonvocalsound.117)"/>
   </segment>
   <segment nite:id="Bmr015.segment.1,288" starttime="1886.348" endtime="1889.08" participant="fe008" timing-provenance="segment">
      <nite:child href="Bmr015.F.words.xml#id(Bmr015.vocalsound.217)..id(Bmr015.vocalsound.218)"/>
   </segment>
   <segment nite:id="Bmr015.segment.1,336" starttime="1958.185" endtime="1959.671" participant="fe008" timing-provenance="segment">
      <nite:child href="Bmr015.F.words.xml#id(Bmr015.nonvocalsound.118)"/>
   </segment>
   <segment nite:id="Bmr015.segment.1,384" starttime="2025.32" endtime="2032.15" participant="fe008" timing-provenance="dialogueact">
      <nite:child href="Bmr015.F.words.xml#id(Bmr015.w.8,120)..id(Bmr015.w.8,162)"/>
   </segment>
   <segment nite:id="Bmr015.segment.1,386" starttime="2032.74" endtime="2036.48" participant="fe008" timing-provenance="dialogueact">
      <nite:child href="Bmr015.F.words.xml#id(Bmr015.w.8,163)..id(Bmr015.w.8,176)"/>
   </segment>
   <segment nite:id="Bmr015.segment.1,387" starttime="2037.59" endtime="2040.28" participant="fe008" timing-provenance="dialogueact">
      <nite:child href="Bmr015.F.words.xml#id(Bmr015.w.8,177)..id(Bmr015.w.8,181)"/>
   </segment>
   <segment nite:id="Bmr015.segment.1,388" starttime="2040.61" endtime="2043.35" participant="fe008" timing-provenance="dialogueact">
      <nite:child href="Bmr015.F.words.xml#id(Bmr015.w.8,182)..id(Bmr015.w.8,198)"/>
   </segment>
   <segment nite:id="Bmr015.segment.1,389" starttime="2043.8" endtime="2047.13" participant="fe008" timing-provenance="dialogueact">
      <nite:child href="Bmr015.F.words.xml#id(Bmr015.w.8,199)..id(Bmr015.w.8,215)"/>
   </segment>
   <segment nite:id="Bmr015.segment.1,391" starttime="2047.63" endtime="2048.43" participant="fe008" timing-provenance="dialogueact">
      <nite:child href="Bmr015.F.words.xml#id(Bmr015.w.8,216)..id(Bmr015.w.8,220)"/>
   </segment>
   <segment nite:id="Bmr015.segment.1,392" starttime="2048.94" endtime="2053.97" participant="fe008" timing-provenance="dialogueact">
      <nite:child href="Bmr015.F.words.xml#id(Bmr015.w.8,221)..id(Bmr015.w.8,244)"/>
   </segment>
   <segment nite:id="Bmr015.segment.1,394" starttime="2054.46" endtime="2059.06" participant="fe008" timing-provenance="dialogueact">
      <nite:child href="Bmr015.F.words.xml#id(Bmr015.w.8,247)..id(Bmr015.w.8,259)"/>
   </segment>
   <segment nite:id="Bmr015.segment.1,395" starttime="2059.54" endtime="2065.328" participant="fe008" timing-provenance="segment">
      <nite:child href="Bmr015.F.words.xml#id(Bmr015.w.8,260)..id(Bmr015.comment.63)"/>
   </segment>
   <segment nite:id="Bmr015.segment.1,396" starttime="2065.65" endtime="2069.64" participant="fe008" timing-provenance="dialogueact">
      <nite:child href="Bmr015.F.words.xml#id(Bmr015.w.8,288)..id(Bmr015.w.8,315)"/>
   </segment>
   <segment nite:id="Bmr015.segment.1,398" starttime="2069.956" endtime="2074.395" participant="fe008" timing-provenance="segment">
      <nite:child href="Bmr015.F.words.xml#id(Bmr015.w.8,318)..id(Bmr015.disfmarker.501)"/>
   </segment>
   <segment nite:id="Bmr015.segment.1,403" starttime="2080.88" endtime="2082.85" participant="fe008" timing-provenance="dialogueact">
      <nite:child href="Bmr015.F.words.xml#id(Bmr015.w.8,385)..id(Bmr015.w.8,390)"/>
   </segment>
   <segment nite:id="Bmr015.segment.1,404" starttime="2083.141" endtime="2087.84" participant="fe008" timing-provenance="segment">
      <nite:child href="Bmr015.F.words.xml#id(Bmr015.w.8,391)..id(Bmr015.disfmarker.506)"/>
   </segment>
   <segment nite:id="Bmr015.segment.1,406" starttime="2087.84" endtime="2093.99" participant="fe008" timing-provenance="segment">
      <nite:child href="Bmr015.F.words.xml#id(Bmr015.w.8,417)..id(Bmr015.disfmarker.510)"/>
   </segment>
   <segment nite:id="Bmr015.segment.1,408" starttime="2094.25" endtime="2096.88" participant="fe008" timing-provenance="dialogueact">
      <nite:child href="Bmr015.F.words.xml#id(Bmr015.w.8,452)..id(Bmr015.w.8,463)"/>
   </segment>
   <segment nite:id="Bmr015.segment.1,410" starttime="2097.163" endtime="2100.191" participant="fe008" timing-provenance="segment">
      <nite:child href="Bmr015.F.words.xml#id(Bmr015.vocalsound.244)..id(Bmr015.vocalsound.245)"/>
   </segment>
   <segment nite:id="Bmr015.segment.1,417" starttime="2100.6" endtime="2102.868" participant="fe008" timing-provenance="segment">
      <nite:child href="Bmr015.F.words.xml#id(Bmr015.w.8,476)..id(Bmr015.disfmarker.513)"/>
   </segment>
   <segment nite:id="Bmr015.segment.1,418" starttime="2103.334" endtime="2107.08" participant="fe008" timing-provenance="segment">
      <nite:child href="Bmr015.F.words.xml#id(Bmr015.w.8,485)..id(Bmr015.disfmarker.514)"/>
   </segment>
   <segment nite:id="Bmr015.segment.1,419" starttime="2107.57" endtime="2108.83" participant="fe008" timing-provenance="dialogueact">
      <nite:child href="Bmr015.F.words.xml#id(Bmr015.w.8,503)..id(Bmr015.w.8,510)"/>
   </segment>
   <segment nite:id="Bmr015.segment.1,421" starttime="2109.805" endtime="2110.497" participant="fe008" timing-provenance="segment">
      <nite:child href="Bmr015.F.words.xml#id(Bmr015.vocalsound.249)..id(Bmr015.disfmarker.515)"/>
   </segment>
   <segment nite:id="Bmr015.segment.1,431" starttime="2117.67" endtime="2119.81" participant="fe008" timing-provenance="dialogueact">
      <nite:child href="Bmr015.F.words.xml#id(Bmr015.w.8,551)..id(Bmr015.w.8,560)"/>
   </segment>
   <segment nite:id="Bmr015.segment.1,433" starttime="2120.42" endtime="2120.6" participant="fe008" timing-provenance="dialogueact">
      <nite:child href="Bmr015.F.words.xml#id(Bmr015.w.8,572)..id(Bmr015.w.8,573)"/>
   </segment>
   <segment nite:id="Bmr015.segment.1,437" starttime="2128.74" endtime="2130.934" participant="fe008" timing-provenance="segment">
      <nite:child href="Bmr015.F.words.xml#id(Bmr015.w.8,602)..id(Bmr015.comment.66)"/>
   </segment>
   <segment nite:id="Bmr015.segment.1,443" starttime="2141.69" endtime="2142.667" participant="fe008" timing-provenance="segment">
      <nite:child href="Bmr015.F.words.xml#id(Bmr015.w.8,666)..id(Bmr015.disfmarker.528)"/>
   </segment>
   <segment nite:id="Bmr015.segment.1,453" starttime="2161.44" endtime="2164.69" participant="fe008" timing-provenance="dialogueact">
      <nite:child href="Bmr015.F.words.xml#id(Bmr015.w.8,749)..id(Bmr015.w.8,760)"/>
   </segment>
   <segment nite:id="Bmr015.segment.1,455" starttime="2165.22" endtime="2167.45" participant="fe008" timing-provenance="dialogueact">
      <nite:child href="Bmr015.F.words.xml#id(Bmr015.w.8,763)..id(Bmr015.w.8,771)"/>
   </segment>
   <segment nite:id="Bmr015.segment.1,456" starttime="2167.86" endtime="2174.55" participant="fe008" timing-provenance="dialogueact">
      <nite:child href="Bmr015.F.words.xml#id(Bmr015.w.8,772)..id(Bmr015.w.8,795)"/>
   </segment>
   <segment nite:id="Bmr015.segment.1,458" starttime="2175.06" endtime="2179.48" participant="fe008" timing-provenance="dialogueact">
      <nite:child href="Bmr015.F.words.xml#id(Bmr015.w.8,800)..id(Bmr015.w.8,824)"/>
   </segment>
   <segment nite:id="Bmr015.segment.1,459" starttime="2179.84" endtime="2184.78" participant="fe008" timing-provenance="dialogueact">
      <nite:child href="Bmr015.F.words.xml#id(Bmr015.w.8,825)..id(Bmr015.w.8,848)"/>
   </segment>
   <segment nite:id="Bmr015.segment.1,461" starttime="2185.08" endtime="2191.21" participant="fe008" timing-provenance="dialogueact">
      <nite:child href="Bmr015.F.words.xml#id(Bmr015.w.8,853)..id(Bmr015.w.8,881)"/>
   </segment>
   <segment nite:id="Bmr015.segment.1,463" starttime="2191.57" endtime="2197.71" participant="fe008" timing-provenance="dialogueact">
      <nite:child href="Bmr015.F.words.xml#id(Bmr015.w.8,886)..id(Bmr015.w.8,913)"/>
   </segment>
   <segment nite:id="Bmr015.segment.1,465" starttime="2198.02" endtime="2204.41" participant="fe008" timing-provenance="dialogueact">
      <nite:child href="Bmr015.F.words.xml#id(Bmr015.w.8,918)..id(Bmr015.w.8,945)"/>
   </segment>
   <segment nite:id="Bmr015.segment.1,467" starttime="2204.58" endtime="2205.93" participant="fe008" timing-provenance="dialogueact">
      <nite:child href="Bmr015.F.words.xml#id(Bmr015.w.8,946)..id(Bmr015.w.8,955)"/>
   </segment>
   <segment nite:id="Bmr015.segment.1,468" starttime="2206.32" endtime="2211.51" participant="fe008" timing-provenance="dialogueact">
      <nite:child href="Bmr015.F.words.xml#id(Bmr015.w.8,956)..id(Bmr015.w.8,978)"/>
   </segment>
   <segment nite:id="Bmr015.segment.1,470" starttime="2212.01" endtime="2218.97" participant="fe008" timing-provenance="dialogueact">
      <nite:child href="Bmr015.F.words.xml#id(Bmr015.w.8,979)..id(Bmr015.w.9,006)"/>
   </segment>
   <segment nite:id="Bmr015.segment.1,471" starttime="2219.365" endtime="2220.097" participant="fe008" timing-provenance="segment">
      <nite:child href="Bmr015.F.words.xml#id(Bmr015.w.9,007)..id(Bmr015.disfmarker.549)"/>
   </segment>
   <segment nite:id="Bmr015.segment.1,472" starttime="2220.26" endtime="2220.46" participant="fe008" timing-provenance="dialogueact">
      <nite:child href="Bmr015.F.words.xml#id(Bmr015.w.9,010)..id(Bmr015.w.9,011)"/>
   </segment>
   <segment nite:id="Bmr015.segment.1,473" starttime="2220.74" endtime="2226.47" participant="fe008" timing-provenance="dialogueact">
      <nite:child href="Bmr015.F.words.xml#id(Bmr015.w.9,012)..id(Bmr015.w.9,032)"/>
   </segment>
   <segment nite:id="Bmr015.segment.1,477" starttime="2230.72" endtime="2234.41" participant="fe008" timing-provenance="dialogueact">
      <nite:child href="Bmr015.F.words.xml#id(Bmr015.w.9,042)..id(Bmr015.w.9,066)"/>
   </segment>
   <segment nite:id="Bmr015.segment.1,480" starttime="2234.92" endtime="2239.9" participant="fe008" timing-provenance="dialogueact">
      <nite:child href="Bmr015.F.words.xml#id(Bmr015.w.9,071)..id(Bmr015.w.9,092)"/>
   </segment>
   <segment nite:id="Bmr015.segment.1,482" starttime="2240.36" endtime="2247.32" participant="fe008" timing-provenance="dialogueact">
      <nite:child href="Bmr015.F.words.xml#id(Bmr015.w.9,097)..id(Bmr015.w.9,141)"/>
   </segment>
   <segment nite:id="Bmr015.segment.1,488" starttime="2252.05" endtime="2252.96" participant="fe008" timing-provenance="segment">
      <nite:child href="Bmr015.F.words.xml#id(Bmr015.w.9,161)..id(Bmr015.disfmarker.552)"/>
   </segment>
   <segment nite:id="Bmr015.segment.1,490" starttime="2254.39" endtime="2260.795" participant="fe008" timing-provenance="segment">
      <nite:child href="Bmr015.F.words.xml#id(Bmr015.w.9,177)..id(Bmr015.comment.69)"/>
   </segment>
   <segment nite:id="Bmr015.segment.1,491" starttime="2261.19" endtime="2262.06" participant="fe008" timing-provenance="dialogueact">
      <nite:child href="Bmr015.F.words.xml#id(Bmr015.w.9,202)..id(Bmr015.w.9,204)"/>
   </segment>
   <segment nite:id="Bmr015.segment.1,492" starttime="2262.87" endtime="2265.43" participant="fe008" timing-provenance="dialogueact">
      <nite:child href="Bmr015.F.words.xml#id(Bmr015.w.9,205)..id(Bmr015.w.9,218)"/>
   </segment>
   <segment nite:id="Bmr015.segment.1,504" starttime="2288.37" endtime="2295.06" participant="fe008" timing-provenance="dialogueact">
      <nite:child href="Bmr015.F.words.xml#id(Bmr015.w.9,332)..id(Bmr015.w.9,361)"/>
   </segment>
   <segment nite:id="Bmr015.segment.1,510" starttime="2295.9" endtime="2296.39" participant="fe008" timing-provenance="dialogueact">
      <nite:child href="Bmr015.F.words.xml#id(Bmr015.w.9,394)..id(Bmr015.w.9,395)"/>
   </segment>
   <segment nite:id="Bmr015.segment.1,535" starttime="2345.44" endtime="2349.14" participant="fe008" timing-provenance="dialogueact">
      <nite:child href="Bmr015.F.words.xml#id(Bmr015.w.9,604)..id(Bmr015.w.9,623)"/>
   </segment>
   <segment nite:id="Bmr015.segment.1,546" starttime="2374.38" endtime="2376.33" participant="fe008" timing-provenance="dialogueact">
      <nite:child href="Bmr015.F.words.xml#id(Bmr015.w.9,749)..id(Bmr015.w.9,758)"/>
   </segment>
   <segment nite:id="Bmr015.segment.1,557" starttime="2407.87" endtime="2408.21" participant="fe008" timing-provenance="dialogueact">
      <nite:child href="Bmr015.F.words.xml#id(Bmr015.w.9,866)..id(Bmr015.w.9,869)"/>
   </segment>
   <segment nite:id="Bmr015.segment.1,577" starttime="2443.895" endtime="2445.509" participant="fe008" timing-provenance="segment">
      <nite:child href="Bmr015.F.words.xml#id(Bmr015.vocalsound.272)..id(Bmr015.w.9,988)"/>
   </segment>
   <segment nite:id="Bmr015.segment.1,597" starttime="2479.49" endtime="2483.3" participant="fe008" timing-provenance="dialogueact">
      <nite:child href="Bmr015.F.words.xml#id(Bmr015.w.10,119)..id(Bmr015.w.10,141)"/>
   </segment>
   <segment nite:id="Bmr015.segment.1,598" starttime="2483.72" endtime="2490.43" participant="fe008" timing-provenance="dialogueact">
      <nite:child href="Bmr015.F.words.xml#id(Bmr015.w.10,142)..id(Bmr015.w.10,166)"/>
   </segment>
   <segment nite:id="Bmr015.segment.1,599" starttime="2490.82" endtime="2498.45" participant="fe008" timing-provenance="dialogueact">
      <nite:child href="Bmr015.F.words.xml#id(Bmr015.w.10,167)..id(Bmr015.w.10,210)"/>
   </segment>
   <segment nite:id="Bmr015.segment.1,600" starttime="2498.788" endtime="2503.11" participant="fe008" timing-provenance="segment">
      <nite:child href="Bmr015.F.words.xml#id(Bmr015.w.10,211)..id(Bmr015.vocalsound.281)"/>
   </segment>
   <segment nite:id="Bmr015.segment.1,601" starttime="2503.38" endtime="2505.308" participant="fe008" timing-provenance="segment">
      <nite:child href="Bmr015.F.words.xml#id(Bmr015.w.10,223)..id(Bmr015.disfmarker.618)"/>
   </segment>
   <segment nite:id="Bmr015.segment.1,606" starttime="2506.31" endtime="2507.55" participant="fe008" timing-provenance="dialogueact">
      <nite:child href="Bmr015.F.words.xml#id(Bmr015.w.10,245)..id(Bmr015.w.10,257)"/>
   </segment>
   <segment nite:id="Bmr015.segment.1,614" starttime="2520.27" endtime="2520.42" participant="fe008" timing-provenance="dialogueact">
      <nite:child href="Bmr015.F.words.xml#id(Bmr015.w.10,320)..id(Bmr015.w.10,321)"/>
   </segment>
   <segment nite:id="Bmr015.segment.1,616" starttime="2528.96" endtime="2535.23" participant="fe008" timing-provenance="dialogueact">
      <nite:child href="Bmr015.F.words.xml#id(Bmr015.w.10,369)..id(Bmr015.w.10,400)"/>
   </segment>
   <segment nite:id="Bmr015.segment.1,617" starttime="2535.69" endtime="2539.82" participant="fe008" timing-provenance="dialogueact">
      <nite:child href="Bmr015.F.words.xml#id(Bmr015.w.10,401)..id(Bmr015.w.10,424)"/>
   </segment>
   <segment nite:id="Bmr015.segment.1,631" starttime="2571.24" endtime="2575.89" participant="fe008" timing-provenance="dialogueact">
      <nite:child href="Bmr015.F.words.xml#id(Bmr015.w.10,583)..id(Bmr015.w.10,610)"/>
   </segment>
   <segment nite:id="Bmr015.segment.1,634" starttime="2580.09" endtime="2580.39" participant="fe008" timing-provenance="dialogueact">
      <nite:child href="Bmr015.F.words.xml#id(Bmr015.w.10,617)..id(Bmr015.w.10,618)"/>
   </segment>
   <segment nite:id="Bmr015.segment.1,641" starttime="2587.525" endtime="2593.63" participant="fe008" timing-provenance="segment">
      <nite:child href="Bmr015.F.words.xml#id(Bmr015.nonvocalsound.121)"/>
   </segment>
   <segment nite:id="Bmr015.segment.1,669" starttime="2690.091" endtime="2691.257" participant="fe008" timing-provenance="segment">
      <nite:child href="Bmr015.F.words.xml#id(Bmr015.nonvocalsound.124)"/>
   </segment>
   <segment nite:id="Bmr015.segment.1,671" starttime="2694.037" endtime="2694.409" participant="fe008" timing-provenance="segment">
      <nite:child href="Bmr015.F.words.xml#id(Bmr015.nonvocalsound.125)"/>
   </segment>
   <segment nite:id="Bmr015.segment.1,694" starttime="2781.032" endtime="2781.456" participant="fe008" timing-provenance="segment">
      <nite:child href="Bmr015.F.words.xml#id(Bmr015.nonvocalsound.126)"/>
   </segment>
   <segment nite:id="Bmr015.segment.1,697" starttime="2788.293" endtime="2788.721" participant="fe008" timing-provenance="segment">
      <nite:child href="Bmr015.F.words.xml#id(Bmr015.nonvocalsound.127)"/>
   </segment>
   <segment nite:id="Bmr015.segment.1,703" starttime="2814.973" endtime="2815.708" participant="fe008" timing-provenance="segment">
      <nite:child href="Bmr015.F.words.xml#id(Bmr015.nonvocalsound.128)"/>
   </segment>
   <segment nite:id="Bmr015.segment.1,705" starttime="2817.849" endtime="2818.176" participant="fe008" timing-provenance="segment">
      <nite:child href="Bmr015.F.words.xml#id(Bmr015.nonvocalsound.129)"/>
   </segment>
   <segment nite:id="Bmr015.segment.1,707" starttime="2822.29" endtime="2822.889" participant="fe008" timing-provenance="segment">
      <nite:child href="Bmr015.F.words.xml#id(Bmr015.nonvocalsound.130)"/>
   </segment>
   <segment nite:id="Bmr015.segment.1,727" starttime="2914.775" endtime="2917.289" participant="fe008" digittask="true" timing-provenance="segment">
      <nite:child href="Bmr015.F.words.xml#id(Bmr015.w.11,477)..id(Bmr015.comment.144)"/>
   </segment>
   <segment nite:id="Bmr015.segment.1,728" starttime="2917.877" endtime="2921.681" participant="fe008" digittask="true" timing-provenance="segment">
      <nite:child href="Bmr015.F.words.xml#id(Bmr015.w.11,484)..id(Bmr015.comment.145)"/>
   </segment>
   <segment nite:id="Bmr015.segment.1,729" starttime="2922.546" endtime="2926.206" participant="fe008" digittask="true" timing-provenance="segment">
      <nite:child href="Bmr015.F.words.xml#id(Bmr015.w.11,496)..id(Bmr015.comment.146)"/>
   </segment>
   <segment nite:id="Bmr015.segment.1,730" starttime="2926.913" endtime="2931.19" participant="fe008" digittask="true" timing-provenance="segment">
      <nite:child href="Bmr015.F.words.xml#id(Bmr015.w.11,507)..id(Bmr015.comment.147)"/>
   </segment>
   <segment nite:id="Bmr015.segment.1,731" starttime="2931.976" endtime="2935.752" participant="fe008" digittask="true" timing-provenance="segment">
      <nite:child href="Bmr015.F.words.xml#id(Bmr015.w.11,522)..id(Bmr015.comment.148)"/>
   </segment>
   <segment nite:id="Bmr015.segment.1,732" starttime="2936.466" endtime="2941.115" participant="fe008" digittask="true" timing-provenance="segment">
      <nite:child href="Bmr015.F.words.xml#id(Bmr015.w.11,534)..id(Bmr015.comment.149)"/>
   </segment>
   <segment nite:id="Bmr015.segment.1,733" starttime="2941.959" endtime="2946.074" participant="fe008" digittask="true" timing-provenance="segment">
      <nite:child href="Bmr015.F.words.xml#id(Bmr015.w.11,549)..id(Bmr015.comment.150)"/>
   </segment>
   <segment nite:id="Bmr015.segment.1,734" starttime="2946.763" endtime="2950.436" participant="fe008" digittask="true" timing-provenance="segment">
      <nite:child href="Bmr015.F.words.xml#id(Bmr015.w.11,564)..id(Bmr015.comment.151)"/>
   </segment>
   <segment nite:id="Bmr015.segment.1,735" starttime="2951.183" endtime="2954.613" participant="fe008" digittask="true" timing-provenance="segment">
      <nite:child href="Bmr015.F.words.xml#id(Bmr015.w.11,579)..id(Bmr015.comment.152)"/>
   </segment>
   <segment nite:id="Bmr015.segment.1,736" starttime="2955.108" endtime="2959.449" participant="fe008" digittask="true" timing-provenance="segment">
      <nite:child href="Bmr015.F.words.xml#id(Bmr015.w.11,590)..id(Bmr015.comment.153)"/>
   </segment>
   <segment nite:id="Bmr015.segment.1,737" starttime="2960.188" endtime="2964.79" participant="fe008" digittask="true" timing-provenance="segment">
      <nite:child href="Bmr015.F.words.xml#id(Bmr015.w.11,605)..id(Bmr015.comment.154)"/>
   </segment>
</nite:root>